,WTON,WTOF,PHOT,HROR
2021-01-01 00:00:00+00:00,0.2625637563756375,0.0,0.0007901668129938,1.0
2021-01-01 00:15:00+00:00,0.26495462046204615,0.0,0.0008121158911325,1.0
2021-01-01 00:30:00+00:00,0.2673454845484548,0.0,0.0008340649692712,1.0
2021-01-01 00:45:00+00:00,0.26973634863486345,0.0,0.00085601404740995,1.0
2021-01-01 01:00:00+00:00,0.2721272127212721,0.0,0.0008779631255487,1.0
2021-01-01 01:15:00+00:00,0.27864348934893485,0.0,0.00085601404740995,1.0
2021-01-01 01:30:00+00:00,0.2851597659765976,0.0,0.0008340649692712,1.0
2021-01-01 01:45:00+00:00,0.2916760426042604,0.0,0.0008121158911325,1.0
2021-01-01 02:00:00+00:00,0.2981923192319232,0.0,0.0007901668129938,1.0
2021-01-01 02:15:00+00:00,0.3060681068106811,0.0,0.0007901668129938,1.0
2021-01-01 02:30:00+00:00,0.3139438943894389,0.0,0.0007901668129938,1.0
2021-01-01 02:45:00+00:00,0.3218196819681968,0.0,0.0007901668129938,1.0
2021-01-01 03:00:00+00:00,0.3296954695469547,0.0,0.0007901668129938,1.0
2021-01-01 03:15:00+00:00,0.3336146114611461,0.0,0.0007901668129938,1.0
2021-01-01 03:30:00+00:00,0.3375337533753375,0.0,0.0007901668129938,1.0
2021-01-01 03:45:00+00:00,0.34145289528952893,0.0,0.0007901668129938,1.0
2021-01-01 04:00:00+00:00,0.3453720372037204,0.0,0.0007901668129938,1.0
2021-01-01 04:15:00+00:00,0.3476691419141914,0.0,0.00100965759438095,1.0
2021-01-01 04:30:00+00:00,0.3499662466246624,0.0,0.0012291483757681,1.0
2021-01-01 04:45:00+00:00,0.3522633513351334,0.0,0.0014486391571553,1.0
2021-01-01 05:00:00+00:00,0.3545604560456045,0.0,0.0016681299385425,1.0
2021-01-01 05:15:00+00:00,0.35939843984398434,0.0,0.0017778753292361001,1.0
2021-01-01 05:30:00+00:00,0.3642364236423642,0.0,0.0018876207199297,1.0
2021-01-01 05:45:00+00:00,0.36907440744074405,0.0,0.0019973661106233,1.0
2021-01-01 06:00:00+00:00,0.3739123912391239,0.0,0.0021071115013169,1.0
2021-01-01 06:15:00+00:00,0.3785159765976597,0.0,0.0026997366110622497,1.0
2021-01-01 06:30:00+00:00,0.3831195619561955,0.0,0.0032923617208076,1.0
2021-01-01 06:45:00+00:00,0.3877231473147314,0.0,0.00388498683055305,1.0
2021-01-01 07:00:00+00:00,0.3923267326732673,0.0,0.0044776119402985,1.0
2021-01-01 07:15:00+00:00,0.3953926642664266,0.0,0.0255267778753292,1.0
2021-01-01 07:30:00+00:00,0.3984585958595859,0.0,0.0465759438103599,1.0
2021-01-01 07:45:00+00:00,0.4015245274527452,0.0,0.06762510974539065,1.0
2021-01-01 08:00:00+00:00,0.4045904590459045,0.0,0.0886742756804214,1.0
2021-01-01 08:15:00+00:00,0.4024996249624962,0.0,0.1384547848990342,1.0
2021-01-01 08:30:00+00:00,0.4004087908790879,0.0,0.188235294117647,1.0
2021-01-01 08:45:00+00:00,0.3983179567956795,0.0,0.23801580333625985,1.0
2021-01-01 09:00:00+00:00,0.3962271227122712,0.0,0.2877963125548727,1.0
2021-01-01 09:15:00+00:00,0.39648964896489647,0.0,0.31525460930640914,1.0
2021-01-01 09:30:00+00:00,0.3967521752175217,0.0,0.3427129060579456,1.0
2021-01-01 09:45:00+00:00,0.397014701470147,0.0,0.370171202809482,1.0
2021-01-01 10:00:00+00:00,0.3972772277227723,0.0,0.3976294995610184,1.0
2021-01-01 10:15:00+00:00,0.4035966096609661,0.0,0.4079675153643546,1.0
2021-01-01 10:30:00+00:00,0.4099159915991599,0.0,0.4183055311676908,1.0
2021-01-01 10:45:00+00:00,0.41623537353735374,0.0,0.42864354697102713,1.0
2021-01-01 11:00:00+00:00,0.4225547554755475,0.0,0.4389815627743634,1.0
2021-01-01 11:15:00+00:00,0.4276927692769277,0.0,0.44451273046532036,1.0
2021-01-01 11:30:00+00:00,0.4328307830783078,0.0,0.4500438981562774,1.0
2021-01-01 11:45:00+00:00,0.4379687968796879,0.0,0.4555750658472344,1.0
2021-01-01 12:00:00+00:00,0.4431068106810681,0.0,0.4611062335381914,1.0
2021-01-01 12:15:00+00:00,0.4435568556855685,0.0,0.44984635645302895,1.0
2021-01-01 12:30:00+00:00,0.444006900690069,0.0,0.4385864793678665,1.0
2021-01-01 12:45:00+00:00,0.44445694569456945,0.0,0.4273266022827041,1.0
2021-01-01 13:00:00+00:00,0.4449069906990699,0.0,0.4160667251975417,1.0
2021-01-01 13:15:00+00:00,0.44338808880888086,0.0,0.39749780509218613,1.0
2021-01-01 13:30:00+00:00,0.4418691869186918,0.0,0.3789288849868305,1.0
2021-01-01 13:45:00+00:00,0.4403502850285028,0.0,0.3603599648814749,1.0
2021-01-01 14:00:00+00:00,0.4388313831383138,0.0,0.3417910447761194,1.0
2021-01-01 14:15:00+00:00,0.43305580558055806,0.0,0.30779192273924494,1.0
2021-01-01 14:30:00+00:00,0.4272802280228023,0.0,0.2737928007023705,1.0
2021-01-01 14:45:00+00:00,0.4215046504650465,0.0,0.23979367866549606,1.0
2021-01-01 15:00:00+00:00,0.4157290729072907,0.0,0.2057945566286216,1.0
2021-01-01 15:15:00+00:00,0.4092221722172217,0.0,0.1697322212467076,1.0
2021-01-01 15:30:00+00:00,0.4027152715271527,0.0,0.1336698858647936,1.0
2021-01-01 15:45:00+00:00,0.3962083708370837,0.0,0.09760755048287964,1.0
2021-01-01 16:00:00+00:00,0.3897014701470147,0.0,0.0615452151009657,1.0
2021-01-01 16:15:00+00:00,0.3861761176117611,0.0,0.04787093942054425,1.0
2021-01-01 16:30:00+00:00,0.3826507650765076,0.0,0.0341966637401228,1.0
2021-01-01 16:45:00+00:00,0.3791254125412541,0.0,0.0205223880597014,1.0
2021-01-01 17:00:00+00:00,0.3756000600060006,0.0,0.00684811237928,1.0
2021-01-01 17:15:00+00:00,0.3764907740774077,0.0,0.0063871817383669,1.0
2021-01-01 17:30:00+00:00,0.3773814881488149,0.0,0.0059262510974538,1.0
2021-01-01 17:45:00+00:00,0.378272202220222,0.0,0.00546532045654075,1.0
2021-01-01 18:00:00+00:00,0.3791629162916292,0.0,0.0050043898156277,1.0
2021-01-01 18:15:00+00:00,0.378778502850285,0.0,0.0049824407374889496,1.0
2021-01-01 18:30:00+00:00,0.3783940894089409,0.0,0.0049604916593502,1.0
2021-01-01 18:45:00+00:00,0.37800967596759677,0.0,0.0049385425812115,1.0
2021-01-01 19:00:00+00:00,0.3776252625262526,0.0,0.0049165935030728,1.0
2021-01-01 19:15:00+00:00,0.3806818181818181,0.0,0.0049165935030728,1.0
2021-01-01 19:30:00+00:00,0.3837383738373837,0.0,0.0049165935030728,1.0
2021-01-01 19:45:00+00:00,0.38679492949294925,0.0,0.0049165935030728,1.0
2021-01-01 20:00:00+00:00,0.3898514851485148,0.0,0.0049165935030728,1.0
2021-01-01 20:15:00+00:00,0.3886044854485448,0.0,0.00496049165935025,1.0
2021-01-01 20:30:00+00:00,0.3873574857485748,0.0,0.0050043898156277,1.0
2021-01-01 20:45:00+00:00,0.3861104860486049,0.0,0.00504828797190515,1.0
2021-01-01 21:00:00+00:00,0.3848634863486349,0.0,0.0050921861281826,1.0
2021-01-01 21:15:00+00:00,0.38482598259825984,0.0,0.0050921861281826,1.0
2021-01-01 21:30:00+00:00,0.3847884788478848,0.0,0.0050921861281826,1.0
2021-01-01 21:45:00+00:00,0.3847509750975098,0.0,0.0050921861281826,1.0
2021-01-01 22:00:00+00:00,0.3847134713471347,0.0,0.0050921861281826,1.0
2021-01-01 22:15:00+00:00,0.3838883888388838,0.0,0.0050921861281826,1.0
2021-01-01 22:30:00+00:00,0.383063306330633,0.0,0.0050921861281826,1.0
2021-01-01 22:45:00+00:00,0.3822382238223822,0.0,0.0050921861281826,1.0
2021-01-01 23:00:00+00:00,0.3814131413141314,0.0,0.0050921861281826,1.0
2021-01-01 23:15:00+00:00,0.3813662616261626,0.0,0.0049824407374889496,1.0
2021-01-01 23:30:00+00:00,0.3813193819381938,0.0,0.0048726953467953,1.0
2021-01-01 23:45:00+00:00,0.381272502250225,0.0,0.00476294995610175,1.0
2021-01-02 00:00:00+00:00,0.3812256225622562,0.0,0.0046532045654082,1.0
2021-01-02 00:15:00+00:00,0.38334458445844577,0.0,0.00377524143985945,1.0
2021-01-02 00:30:00+00:00,0.3854635463546354,0.0,0.0028972783143107,1.0
2021-01-02 00:45:00+00:00,0.3875825082508251,0.0,0.002019315188762,1.0
2021-01-02 01:00:00+00:00,0.3897014701470147,0.0,0.0011413520632133,1.0
2021-01-02 01:15:00+00:00,0.39087346234623455,0.0,0.0010316066725197,1.0
2021-01-02 01:30:00+00:00,0.3920454545454545,0.0,0.0009218612818261,1.0
2021-01-02 01:45:00+00:00,0.3932174467446744,0.0,0.0008121158911324999,1.0
2021-01-02 02:00:00+00:00,0.3943894389438944,0.0,0.0007023705004389,1.0
2021-01-02 02:15:00+00:00,0.39370499549954996,0.0,0.0007023705004389,1.0
2021-01-02 02:30:00+00:00,0.3930205520552055,0.0,0.0007023705004389,1.0
2021-01-02 02:45:00+00:00,0.39233610861086105,0.0,0.0007023705004389,1.0
2021-01-02 03:00:00+00:00,0.3916516651665166,0.0,0.0007023705004389,1.0
2021-01-02 03:15:00+00:00,0.3939675217521752,0.0,0.0007023705004389,1.0
2021-01-02 03:30:00+00:00,0.3962833783378338,0.0,0.0007023705004389,1.0
2021-01-02 03:45:00+00:00,0.39859923492349236,0.0,0.0007023705004389,1.0
2021-01-02 04:00:00+00:00,0.4009150915091509,0.0,0.0007023705004389,1.0
2021-01-02 04:15:00+00:00,0.40395289528952893,0.0,0.0006804214223002,1.0
2021-01-02 04:30:00+00:00,0.4069906990699069,0.0,0.0006584723441615,1.0
2021-01-02 04:45:00+00:00,0.41002850285028497,0.0,0.0006365232660228,1.0
2021-01-02 05:00:00+00:00,0.413066306630663,0.0,0.0006145741878841,1.0
2021-01-02 05:15:00+00:00,0.4140507800780078,0.0,0.0006145741878841,1.0
2021-01-02 05:30:00+00:00,0.4150352535253525,0.0,0.0006145741878841,1.0
2021-01-02 05:45:00+00:00,0.41601972697269723,0.0,0.0006145741878841,1.0
2021-01-02 06:00:00+00:00,0.417004200420042,0.0,0.0006145741878841,1.0
2021-01-02 06:15:00+00:00,0.4184012151215122,0.0,0.00171202809481995,1.0
2021-01-02 06:30:00+00:00,0.4197982298229823,0.0,0.0028094820017558,1.0
2021-01-02 06:45:00+00:00,0.42119524452445245,0.0,0.00390693590869175,1.0
2021-01-02 07:00:00+00:00,0.4225922592259226,0.0,0.0050043898156277,1.0
2021-01-02 07:15:00+00:00,0.4259769726972697,0.0,0.0317164179104477,1.0
2021-01-02 07:30:00+00:00,0.4293616861686168,0.0,0.0584284460052677,1.0
2021-01-02 07:45:00+00:00,0.432746399639964,0.0,0.08514047410008775,1.0
2021-01-02 08:00:00+00:00,0.4361311131113111,0.0,0.1118525021949078,1.0
2021-01-02 08:15:00+00:00,0.43762188718871886,0.0,0.15978928884986826,1.0
2021-01-02 08:30:00+00:00,0.4391126612661266,0.0,0.2077260755048287,1.0
2021-01-02 08:45:00+00:00,0.4406034353435343,0.0,0.2556628621597892,1.0
2021-01-02 09:00:00+00:00,0.4420942094209421,0.0,0.3035996488147497,1.0
2021-01-02 09:15:00+00:00,0.4424317431743174,0.0,0.33498683055311673,1.0
2021-01-02 09:30:00+00:00,0.4427692769276927,0.0,0.3663740122914837,1.0
2021-01-02 09:45:00+00:00,0.44310681068106805,0.0,0.39776119402985066,1.0
2021-01-02 10:00:00+00:00,0.4434443444344434,0.0,0.4291483757682177,1.0
2021-01-02 10:15:00+00:00,0.4457414491449144,0.0,0.447036874451273,1.0
2021-01-02 10:30:00+00:00,0.4480385538553855,0.0,0.4649253731343283,1.0
2021-01-02 10:45:00+00:00,0.45033565856585656,0.0,0.48281387181738367,1.0
2021-01-02 11:00:00+00:00,0.4526327632763276,0.0,0.500702370500439,1.0
2021-01-02 11:15:00+00:00,0.45331720672067205,0.0,0.5035118525021949,1.0
2021-01-02 11:30:00+00:00,0.4540016501650165,0.0,0.5063213345039508,1.0
2021-01-02 11:45:00+00:00,0.45468609360936096,0.0,0.5091308165057067,1.0
2021-01-02 12:00:00+00:00,0.4553705370537054,0.0,0.5119402985074627,1.0
2021-01-02 12:15:00+00:00,0.45713321332133217,0.0,0.5091747146619843,1.0
2021-01-02 12:30:00+00:00,0.4588958895889589,0.0,0.5064091308165057,1.0
2021-01-02 12:45:00+00:00,0.4606585658565856,0.0,0.5036435469710272,1.0
2021-01-02 13:00:00+00:00,0.4624212421242124,0.0,0.5008779631255488,1.0
2021-01-02 13:15:00+00:00,0.46223372337233715,0.0,0.4919227392449518,1.0
2021-01-02 13:30:00+00:00,0.462046204620462,0.0,0.4829675153643547,1.0
2021-01-02 13:45:00+00:00,0.4618586858685868,0.0,0.4740122914837577,1.0
2021-01-02 14:00:00+00:00,0.4616711671167117,0.0,0.4650570676031607,1.0
2021-01-02 14:15:00+00:00,0.4598241074107411,0.0,0.43518437225636525,1.0
2021-01-02 14:30:00+00:00,0.4579770477047705,0.0,0.4053116769095698,1.0
2021-01-02 14:45:00+00:00,0.4561299879987999,0.0,0.37543898156277433,1.0
2021-01-02 15:00:00+00:00,0.4542829282928293,0.0,0.3455662862159789,1.0
2021-01-02 15:15:00+00:00,0.45124512451245125,0.0,0.29264705882352937,1.0
2021-01-02 15:30:00+00:00,0.4482073207320732,0.0,0.2397278314310798,1.0
2021-01-02 15:45:00+00:00,0.44516951695169515,0.0,0.1868086040386303,1.0
2021-01-02 16:00:00+00:00,0.4421317131713171,0.0,0.1338893766461808,1.0
2021-01-02 16:15:00+00:00,0.44048154815481544,0.0,0.10557506584723436,1.0
2021-01-02 16:30:00+00:00,0.4388313831383137,0.0,0.0772607550482879,1.0
2021-01-02 16:45:00+00:00,0.4371812181218121,0.0,0.04894644424934145,1.0
2021-01-02 17:00:00+00:00,0.4355310531053105,0.0,0.020632133450395,1.0
2021-01-02 17:15:00+00:00,0.4357935793579358,0.0,0.01637401229148365,1.0
2021-01-02 17:30:00+00:00,0.4360561056105611,0.0,0.0121158911325723,1.0
2021-01-02 17:45:00+00:00,0.4363186318631863,0.0,0.007857769973661,1.0
2021-01-02 18:00:00+00:00,0.4365811581158116,0.0,0.0035996488147497,1.0
2021-01-02 18:15:00+00:00,0.43455595559555954,0.0,0.0031167690956979003,1.0
2021-01-02 18:30:00+00:00,0.4325307530753075,0.0,0.0026338893766461,1.0
2021-01-02 18:45:00+00:00,0.43050555055505546,0.0,0.0021510096575943,1.0
2021-01-02 19:00:00+00:00,0.4284803480348035,0.0,0.0016681299385425,1.0
2021-01-02 19:15:00+00:00,0.4271395889588959,0.0,0.0016681299385425,1.0
2021-01-02 19:30:00+00:00,0.4257988298829883,0.0,0.0016681299385425,1.0
2021-01-02 19:45:00+00:00,0.4244580708070807,0.0,0.0016681299385425,1.0
2021-01-02 20:00:00+00:00,0.4231173117311731,0.0,0.0016681299385425,1.0
2021-01-02 20:15:00+00:00,0.422498499849985,0.0,0.0016681299385425,1.0
2021-01-02 20:30:00+00:00,0.4218796879687968,0.0,0.0016681299385425,1.0
2021-01-02 20:45:00+00:00,0.4212608760876087,0.0,0.0016681299385425,1.0
2021-01-02 21:00:00+00:00,0.4206420642064206,0.0,0.0016681299385425,1.0
2021-01-02 21:15:00+00:00,0.4193481848184818,0.0,0.0016900790166812,1.0
2021-01-02 21:30:00+00:00,0.418054305430543,0.0,0.0017120280948199,1.0
2021-01-02 21:45:00+00:00,0.4167604260426042,0.0,0.0017339771729586498,1.0
2021-01-02 22:00:00+00:00,0.4154665466546655,0.0,0.0017559262510974,1.0
2021-01-02 22:15:00+00:00,0.4136663666366637,0.0,0.0017559262510974,1.0
2021-01-02 22:30:00+00:00,0.4118661866186618,0.0,0.0017559262510974,1.0
2021-01-02 22:45:00+00:00,0.41006600660066,0.0,0.0017559262510974,1.0
2021-01-02 23:00:00+00:00,0.4082658265826582,0.0,0.0017559262510974,1.0
2021-01-02 23:15:00+00:00,0.4083314581458145,0.0,0.0017559262510974,1.0
2021-01-02 23:30:00+00:00,0.4083970897089708,0.0,0.0017559262510974,1.0
2021-01-02 23:45:00+00:00,0.4084627212721271,0.0,0.0017559262510974,1.0
2021-01-03 00:00:00+00:00,0.4085283528352835,0.0,0.0017559262510974,1.0
2021-01-03 00:15:00+00:00,0.4059030903090308,0.0,0.0017559262510974,1.0
2021-01-03 00:30:00+00:00,0.4032778277827782,0.0,0.0017559262510974,1.0
2021-01-03 00:45:00+00:00,0.4006525652565256,0.0,0.0017559262510974,1.0
2021-01-03 01:00:00+00:00,0.398027302730273,0.0,0.0017559262510974,1.0
2021-01-03 01:15:00+00:00,0.39589896489648957,0.0,0.0017339771729586498,1.0
2021-01-03 01:30:00+00:00,0.3937706270627062,0.0,0.0017120280948199,1.0
2021-01-03 01:45:00+00:00,0.39164228922892286,0.0,0.0016900790166812,1.0
2021-01-03 02:00:00+00:00,0.3895139513951395,0.0,0.0016681299385425,1.0
2021-01-03 02:15:00+00:00,0.38864198919891985,0.0,0.0016900790166812,1.0
2021-01-03 02:30:00+00:00,0.3877700270027002,0.0,0.0017120280948199,1.0
2021-01-03 02:45:00+00:00,0.3868980648064806,0.0,0.0017339771729586498,1.0
2021-01-03 03:00:00+00:00,0.386026102610261,0.0,0.0017559262510974,1.0
2021-01-03 03:15:00+00:00,0.38515414041404133,0.0,0.0017559262510974,1.0
2021-01-03 03:30:00+00:00,0.3842821782178217,0.0,0.0017559262510974,1.0
2021-01-03 03:45:00+00:00,0.3834102160216021,0.0,0.0017559262510974,1.0
2021-01-03 04:00:00+00:00,0.3825382538253825,0.0,0.0017559262510974,1.0
2021-01-03 04:15:00+00:00,0.3805974347434743,0.0,0.0017339771729586498,1.0
2021-01-03 04:30:00+00:00,0.3786566156615661,0.0,0.0017120280948199,1.0
2021-01-03 04:45:00+00:00,0.376715796579658,0.0,0.0016900790166812,1.0
2021-01-03 05:00:00+00:00,0.3747749774977498,0.0,0.0016681299385425,1.0
2021-01-03 05:15:00+00:00,0.37235598559855987,0.0,0.0016681299385425,1.0
2021-01-03 05:30:00+00:00,0.3699369936993699,0.0,0.0016681299385425,1.0
2021-01-03 05:45:00+00:00,0.36751800180018,0.0,0.0016681299385425,1.0
2021-01-03 06:00:00+00:00,0.3650990099009901,0.0,0.0016681299385425,1.0
2021-01-03 06:15:00+00:00,0.36252062706270627,0.0,0.0028972783143107004,1.0
2021-01-03 06:30:00+00:00,0.3599422442244224,0.0,0.0041264266900789,1.0
2021-01-03 06:45:00+00:00,0.3573638613861386,0.0,0.00535557506584715,1.0
2021-01-03 07:00:00+00:00,0.3547854785478548,0.0,0.0065847234416154,1.0
2021-01-03 07:15:00+00:00,0.34887863786378637,0.0,0.03792800702370495,1.0
2021-01-03 07:30:00+00:00,0.3429717971797179,0.0,0.0692712906057945,1.0
2021-01-03 07:45:00+00:00,0.3370649564956495,0.0,0.10061457418788405,1.0
2021-01-03 08:00:00+00:00,0.3311581158115811,0.0,0.1319578577699736,1.0
2021-01-03 08:15:00+00:00,0.3265732823282328,0.0,0.18610623353819136,1.0
2021-01-03 08:30:00+00:00,0.3219884488448844,0.0,0.2402546093064091,1.0
2021-01-03 08:45:00+00:00,0.3174036153615361,0.0,0.29440298507462687,1.0
2021-01-03 09:00:00+00:00,0.3128187818781878,0.0,0.3485513608428446,1.0
2021-01-03 09:15:00+00:00,0.3133719621962196,0.0,0.3776119402985075,1.0
2021-01-03 09:30:00+00:00,0.3139251425142514,0.0,0.4066725197541703,1.0
2021-01-03 09:45:00+00:00,0.31447832283228316,0.0,0.43573309920983316,1.0
2021-01-03 10:00:00+00:00,0.315031503150315,0.0,0.464793678665496,1.0
2021-01-03 10:15:00+00:00,0.32118211821182113,0.0,0.47952151009657584,1.0
2021-01-03 10:30:00+00:00,0.3273327332733273,0.0,0.4942493415276557,1.0
2021-01-03 10:45:00+00:00,0.33348334833483345,0.0,0.5089771729587357,1.0
2021-01-03 11:00:00+00:00,0.3396339633963396,0.0,0.5237050043898156,1.0
2021-01-03 11:15:00+00:00,0.3463752625262526,0.0,0.5293459174714661,1.0
2021-01-03 11:30:00+00:00,0.3531165616561656,0.0,0.5349868305531167,1.0
2021-01-03 11:45:00+00:00,0.3598578607860786,0.0,0.5406277436347673,1.0
2021-01-03 12:00:00+00:00,0.3665991599159916,0.0,0.5462686567164179,1.0
2021-01-03 12:15:00+00:00,0.370480798079808,0.0,0.5459613696224759,1.0
2021-01-03 12:30:00+00:00,0.3743624362436243,0.0,0.5456540825285339,1.0
2021-01-03 12:45:00+00:00,0.3782440744074407,0.0,0.5453467954345919,1.0
2021-01-03 13:00:00+00:00,0.3821257125712571,0.0,0.5450395083406497,1.0
2021-01-03 13:15:00+00:00,0.3822194719471947,0.0,0.5394644424934153,1.0
2021-01-03 13:30:00+00:00,0.3823132313231323,0.0,0.5338893766461809,1.0
2021-01-03 13:45:00+00:00,0.3824069906990699,0.0,0.5283143107989464,1.0
2021-01-03 14:00:00+00:00,0.3825007500750075,0.0,0.522739244951712,1.0
2021-01-03 14:15:00+00:00,0.3778502850285028,0.0,0.49209833187006136,1.0
2021-01-03 14:30:00+00:00,0.3731998199819982,0.0,0.4614574187884108,1.0
2021-01-03 14:45:00+00:00,0.36854935493549357,0.0,0.4308165057067603,1.0
2021-01-03 15:00:00+00:00,0.3638988898889889,0.0,0.4001755926251097,1.0
2021-01-03 15:15:00+00:00,0.3557793279327932,0.0,0.3390474100087796,1.0
2021-01-03 15:30:00+00:00,0.3476597659765976,0.0,0.2779192273924494,1.0
2021-01-03 15:45:00+00:00,0.33954020402040197,0.0,0.2167910447761193,1.0
2021-01-03 16:00:00+00:00,0.3314206420642064,0.0,0.1556628621597892,1.0
2021-01-03 16:15:00+00:00,0.32878600360036003,0.0,0.12166374012291475,1.0
2021-01-03 16:30:00+00:00,0.3261513651365136,0.0,0.0876646180860403,1.0
2021-01-03 16:45:00+00:00,0.3235167266726672,0.0,0.05366549604916585,1.0
2021-01-03 17:00:00+00:00,0.3208820882088208,0.0,0.0196663740122914,1.0
2021-01-03 17:15:00+00:00,0.31777865286528645,0.0,0.0153204565408252,1.0
2021-01-03 17:30:00+00:00,0.3146752175217521,0.0,0.010974539069359,1.0
2021-01-03 17:45:00+00:00,0.3115717821782178,0.0,0.0066286215978928,1.0
2021-01-03 18:00:00+00:00,0.3084683468346835,0.0,0.0022827041264266,1.0
2021-01-03 18:15:00+00:00,0.3069213171317132,0.0,0.00223880597014915,1.0
2021-01-03 18:30:00+00:00,0.3053742874287429,0.0,0.0021949078138717,1.0
2021-01-03 18:45:00+00:00,0.30382725772577257,0.0,0.0021510096575943,1.0
2021-01-03 19:00:00+00:00,0.3022802280228023,0.0,0.0021071115013169,1.0
2021-01-03 19:15:00+00:00,0.30487736273627364,0.0,0.0021071115013169,1.0
2021-01-03 19:30:00+00:00,0.307474497449745,0.0,0.0021071115013169,1.0
2021-01-03 19:45:00+00:00,0.3100716321632163,0.0,0.0021071115013169,1.0
2021-01-03 20:00:00+00:00,0.3126687668766876,0.0,0.0021071115013169,1.0
2021-01-03 20:15:00+00:00,0.3078026552655265,0.0,0.0021071115013169,1.0
2021-01-03 20:30:00+00:00,0.3029365436543654,0.0,0.0021071115013169,1.0
2021-01-03 20:45:00+00:00,0.29807043204320427,0.0,0.0021071115013169,1.0
2021-01-03 21:00:00+00:00,0.2932043204320432,0.0,0.0021071115013169,1.0
2021-01-03 21:15:00+00:00,0.2833220822082208,0.0,0.0020851624231781503,1.0
2021-01-03 21:30:00+00:00,0.2734398439843984,0.0,0.0020632133450394,1.0
2021-01-03 21:45:00+00:00,0.2635576057605761,0.0,0.0020412642669007004,1.0
2021-01-03 22:00:00+00:00,0.2536753675367537,0.0,0.002019315188762,1.0
2021-01-03 22:15:00+00:00,0.24878112811281122,0.0,0.0017339771729586503,1.0
2021-01-03 22:30:00+00:00,0.2438868886888688,0.0,0.0014486391571553,1.0
2021-01-03 22:45:00+00:00,0.23899264926492644,0.0,0.001163301141352,1.0
2021-01-03 23:00:00+00:00,0.2340984098409841,0.0,0.0008779631255487,1.0
2021-01-03 23:15:00+00:00,0.233282703270327,0.0,0.00083406496927125,1.0
2021-01-03 23:30:00+00:00,0.2324669966996699,0.0,0.0007901668129938,1.0
2021-01-03 23:45:00+00:00,0.23165129012901284,0.0,0.0007462686567163499,1.0
2021-01-04 00:00:00+00:00,0.2308355835583558,0.0,0.0007023705004389,1.0
2021-01-04 00:15:00+00:00,0.2316419141914191,0.0,0.0007023705004389,1.0
2021-01-04 00:30:00+00:00,0.2324482448244824,0.0,0.0007023705004389,1.0
2021-01-04 00:45:00+00:00,0.23325457545754572,0.0,0.0007023705004389,1.0
2021-01-04 01:00:00+00:00,0.234060906090609,0.0,0.0007023705004389,1.0
2021-01-04 01:15:00+00:00,0.2323263576357635,0.0,0.0007023705004389,1.0
2021-01-04 01:30:00+00:00,0.230591809180918,0.0,0.0007023705004389,1.0
2021-01-04 01:45:00+00:00,0.22885726072607254,0.0,0.0007023705004389,1.0
2021-01-04 02:00:00+00:00,0.2271227122712271,0.0,0.0007023705004389,1.0
2021-01-04 02:15:00+00:00,0.2261757425742574,0.0,0.0007023705004389,1.0
2021-01-04 02:30:00+00:00,0.2252287728772877,0.0,0.0007023705004389,1.0
2021-01-04 02:45:00+00:00,0.22428180318031798,0.0,0.0007023705004389,1.0
2021-01-04 03:00:00+00:00,0.2233348334833483,0.0,0.0007023705004389,1.0
2021-01-04 03:15:00+00:00,0.2224534953495349,0.0,0.0007023705004389,1.0
2021-01-04 03:30:00+00:00,0.2215721572157215,0.0,0.0007023705004389,1.0
2021-01-04 03:45:00+00:00,0.22069081908190816,0.0,0.0007023705004389,1.0
2021-01-04 04:00:00+00:00,0.2198094809480948,0.0,0.0007023705004389,1.0
2021-01-04 04:15:00+00:00,0.2192469246924692,0.0,0.0007682177348550499,1.0
2021-01-04 04:30:00+00:00,0.2186843684368436,0.0,0.0008340649692712,1.0
2021-01-04 04:45:00+00:00,0.21812181218121807,0.0,0.0008999122036873501,1.0
2021-01-04 05:00:00+00:00,0.2175592559255925,0.0,0.0009657594381035,1.0
2021-01-04 05:15:00+00:00,0.2168841884188418,0.0,0.00103160667251965,1.0
2021-01-04 05:30:00+00:00,0.2162091209120911,0.0,0.0010974539069358,1.0
2021-01-04 05:45:00+00:00,0.21553405340534043,0.0,0.001163301141352,1.0
2021-01-04 06:00:00+00:00,0.2148589858985898,0.0,0.0012291483757682,1.0
2021-01-04 06:15:00+00:00,0.2133775877587758,0.0,0.0023705004389815,1.0
2021-01-04 06:30:00+00:00,0.2118961896189618,0.0,0.0035118525021948,1.0
2021-01-04 06:45:00+00:00,0.21041479147914785,0.0,0.00465320456540815,1.0
2021-01-04 07:00:00+00:00,0.2089333933393339,0.0,0.0057945566286215,1.0
2021-01-04 07:15:00+00:00,0.20579245424542444,0.0,0.031145741878840998,1.0
2021-01-04 07:30:00+00:00,0.202651515151515,0.0,0.0564969271290605,1.0
2021-01-04 07:45:00+00:00,0.19951057605760564,0.0,0.08184811237928,1.0
2021-01-04 08:00:00+00:00,0.1963696369636963,0.0,0.1071992976294995,1.0
2021-01-04 08:15:00+00:00,0.1927223972397239,0.0,0.14765144863915705,1.0
2021-01-04 08:30:00+00:00,0.1890751575157515,0.0,0.1881035996488146,1.0
2021-01-04 08:45:00+00:00,0.18542791779177914,0.0,0.22855575065847222,1.0
2021-01-04 09:00:00+00:00,0.1817806780678068,0.0,0.2690079016681299,1.0
2021-01-04 09:15:00+00:00,0.1843590609060906,0.0,0.2897058823529411,1.0
2021-01-04 09:30:00+00:00,0.1869374437443744,0.0,0.3104038630377523,1.0
2021-01-04 09:45:00+00:00,0.18951582658265825,0.0,0.33110184372256357,1.0
2021-01-04 10:00:00+00:00,0.1920942094209421,0.0,0.3517998244073749,1.0
2021-01-04 10:15:00+00:00,0.19748537353735368,0.0,0.3591747146619842,1.0
2021-01-04 10:30:00+00:00,0.2028765376537653,0.0,0.3665496049165935,1.0
2021-01-04 10:45:00+00:00,0.20826770177017695,0.0,0.3739244951712028,1.0
2021-01-04 11:00:00+00:00,0.2136588658865886,0.0,0.3812993854258121,1.0
2021-01-04 11:15:00+00:00,0.21633100810081002,0.0,0.3820237050043898,1.0
2021-01-04 11:30:00+00:00,0.2190031503150314,0.0,0.3827480245829675,1.0
2021-01-04 11:45:00+00:00,0.22167529252925283,0.0,0.3834723441615452,1.0
2021-01-04 12:00:00+00:00,0.2243474347434743,0.0,0.3841966637401229,1.0
2021-01-04 12:15:00+00:00,0.2252662766276627,0.0,0.37829236172080766,1.0
2021-01-04 12:30:00+00:00,0.2261851185118511,0.0,0.3723880597014924,1.0
2021-01-04 12:45:00+00:00,0.22710396039603956,0.0,0.3664837576821772,1.0
2021-01-04 13:00:00+00:00,0.228022802280228,0.0,0.3605794556628621,1.0
2021-01-04 13:15:00+00:00,0.2280884338433843,0.0,0.3461150131694468,1.0
2021-01-04 13:30:00+00:00,0.2281540654065406,0.0,0.3316505706760315,1.0
2021-01-04 13:45:00+00:00,0.22821969696969696,0.0,0.3171861281826162,1.0
2021-01-04 14:00:00+00:00,0.2282853285328533,0.0,0.302721685689201,1.0
2021-01-04 14:15:00+00:00,0.2230160516051605,0.0,0.27611940298507454,1.0
2021-01-04 14:30:00+00:00,0.2177467746774677,0.0,0.2495171202809481,1.0
2021-01-04 14:45:00+00:00,0.21247749774977495,0.0,0.2229148375768217,1.0
2021-01-04 15:00:00+00:00,0.2072082208220822,0.0,0.1963125548726953,1.0
2021-01-04 15:15:00+00:00,0.1982448244824482,0.0,0.1642230026338893,1.0
2021-01-04 15:30:00+00:00,0.1892814281428142,0.0,0.1321334503950833,1.0
2021-01-04 15:45:00+00:00,0.18031803180318023,0.0,0.10004389815627736,1.0
2021-01-04 16:00:00+00:00,0.1713546354635463,0.0,0.0679543459174714,1.0
2021-01-04 16:15:00+00:00,0.16895439543954388,0.0,0.053775241439859456,1.0
2021-01-04 16:30:00+00:00,0.1665541554155415,0.0,0.0395961369622475,1.0
2021-01-04 16:45:00+00:00,0.16415391539153912,0.0,0.0254170324846356,1.0
2021-01-04 17:00:00+00:00,0.1617536753675367,0.0,0.0112379280070237,1.0
2021-01-04 17:15:00+00:00,0.1671260876087608,0.0,0.009657594381035951,1.0
2021-01-04 17:30:00+00:00,0.1724984998499849,0.0,0.0080772607550482,1.0
2021-01-04 17:45:00+00:00,0.17787091209120903,0.0,0.0064969271290605,1.0
2021-01-04 18:00:00+00:00,0.1832433243324332,0.0,0.0049165935030728,1.0
2021-01-04 18:15:00+00:00,0.1850903840384038,0.0,0.00487269534679535,1.0
2021-01-04 18:30:00+00:00,0.1869374437443744,0.0,0.0048287971905179,1.0
2021-01-04 18:45:00+00:00,0.188784503450345,0.0,0.0047848990342405,1.0
2021-01-04 19:00:00+00:00,0.1906315631563156,0.0,0.0047410008779631,1.0
2021-01-04 19:15:00+00:00,0.19167229222922286,0.0,0.0047410008779631,1.0
2021-01-04 19:30:00+00:00,0.1927130213021301,0.0,0.0047410008779631,1.0
2021-01-04 19:45:00+00:00,0.1937537503750374,0.0,0.0047410008779631,1.0
2021-01-04 20:00:00+00:00,0.1947944794479447,0.0,0.0047410008779631,1.0
2021-01-04 20:15:00+00:00,0.19376312631263115,0.0,0.00456540825285335,1.0
2021-01-04 20:30:00+00:00,0.1927317731773176,0.0,0.0043898156277436,1.0
2021-01-04 20:45:00+00:00,0.1917004200420041,0.0,0.00421422300263385,1.0
2021-01-04 21:00:00+00:00,0.1906690669066906,0.0,0.0040386303775241,1.0
2021-01-04 21:15:00+00:00,0.187809405940594,0.0,0.00386303775241435,1.0
2021-01-04 21:30:00+00:00,0.1849497449744974,0.0,0.0036874451273046,1.0
2021-01-04 21:45:00+00:00,0.1820900840084008,0.0,0.00351185250219485,1.0
2021-01-04 22:00:00+00:00,0.1792304230423042,0.0,0.0033362598770851,1.0
2021-01-04 22:15:00+00:00,0.17573319831983195,0.0,0.0033362598770851,1.0
2021-01-04 22:30:00+00:00,0.1722359735973597,0.0,0.0033362598770851,1.0
2021-01-04 22:45:00+00:00,0.16873874887488743,0.0,0.0033362598770851,1.0
2021-01-04 23:00:00+00:00,0.1652415241524152,0.0,0.0033362598770851,1.0
2021-01-04 23:15:00+00:00,0.16257875787578754,0.0,0.0033362598770851,1.0
2021-01-04 23:30:00+00:00,0.1599159915991599,0.0,0.0033362598770851,1.0
2021-01-04 23:45:00+00:00,0.15725322532253225,0.0,0.0033362598770851,1.0
2021-01-05 00:00:00+00:00,0.1545904590459046,0.0,0.0033362598770851,1.0
2021-01-05 00:15:00+00:00,0.15500300030003,0.0,0.0033362598770851,1.0
2021-01-05 00:30:00+00:00,0.1554155415541554,0.0,0.0033362598770851,1.0
2021-01-05 00:45:00+00:00,0.1558280828082808,0.0,0.0033362598770851,1.0
2021-01-05 01:00:00+00:00,0.1562406240624062,0.0,0.0033362598770851,1.0
2021-01-05 01:15:00+00:00,0.15713133813381336,0.0,0.0033362598770851,1.0
2021-01-05 01:30:00+00:00,0.1580220522052205,0.0,0.0033362598770851,1.0
2021-01-05 01:45:00+00:00,0.15891276627662765,0.0,0.0033362598770851,1.0
2021-01-05 02:00:00+00:00,0.1598034803480348,0.0,0.0033362598770851,1.0
2021-01-05 02:15:00+00:00,0.1576563906390639,0.0,0.0033362598770851,1.0
2021-01-05 02:30:00+00:00,0.155509300930093,0.0,0.0033362598770851,1.0
2021-01-05 02:45:00+00:00,0.1533622112211221,0.0,0.0033362598770851,1.0
2021-01-05 03:00:00+00:00,0.1512151215121512,0.0,0.0033362598770851,1.0
2021-01-05 03:15:00+00:00,0.14838358835883586,0.0,0.0033362598770851,1.0
2021-01-05 03:30:00+00:00,0.1455520552055205,0.0,0.0033362598770851,1.0
2021-01-05 03:45:00+00:00,0.1427205220522052,0.0,0.0033362598770851,1.0
2021-01-05 04:00:00+00:00,0.1398889888988899,0.0,0.0033362598770851,1.0
2021-01-05 04:15:00+00:00,0.13913891389138916,0.0,0.0033362598770851,1.0
2021-01-05 04:30:00+00:00,0.1383888388838884,0.0,0.0033362598770851,1.0
2021-01-05 04:45:00+00:00,0.13763876387638763,0.0,0.0033362598770851,1.0
2021-01-05 05:00:00+00:00,0.1368886888688869,0.0,0.0033362598770851,1.0
2021-01-05 05:15:00+00:00,0.13506975697569756,0.0,0.0033362598770851,1.0
2021-01-05 05:30:00+00:00,0.1332508250825082,0.0,0.0033362598770851,1.0
2021-01-05 05:45:00+00:00,0.13143189318931892,0.0,0.0033362598770851,1.0
2021-01-05 06:00:00+00:00,0.1296129612961296,0.0,0.0033362598770851,1.0
2021-01-05 06:15:00+00:00,0.12714708970897085,0.0,0.0039508340649692004,1.0
2021-01-05 06:30:00+00:00,0.1246812181218121,0.0,0.0045654082528533,1.0
2021-01-05 06:45:00+00:00,0.12221534653465341,0.0,0.005179982440737399,1.0
2021-01-05 07:00:00+00:00,0.1197494749474947,0.0,0.0057945566286215,1.0
2021-01-05 07:15:00+00:00,0.116814806480648,0.0,0.024451273046531947,1.0
2021-01-05 07:30:00+00:00,0.1138801380138013,0.0,0.0431079894644424,1.0
2021-01-05 07:45:00+00:00,0.11094546954695464,0.0,0.061764705882352854,1.0
2021-01-05 08:00:00+00:00,0.108010801080108,0.0,0.0804214223002633,1.0
2021-01-05 08:15:00+00:00,0.10273214821482145,0.0,0.1232660228270412,1.0
2021-01-05 08:30:00+00:00,0.0974534953495349,0.0,0.1661106233538191,1.0
2021-01-05 08:45:00+00:00,0.0921748424842484,0.0,0.208955223880597,1.0
2021-01-05 09:00:00+00:00,0.0868961896189619,0.0,0.2517998244073749,1.0
2021-01-05 09:15:00+00:00,0.08508663366336629,0.0,0.2776777875329236,1.0
2021-01-05 09:30:00+00:00,0.0832770777077707,0.0,0.3035557506584723,1.0
2021-01-05 09:45:00+00:00,0.08146752175217514,0.0,0.32943371378402103,1.0
2021-01-05 10:00:00+00:00,0.0796579657965796,0.0,0.3553116769095698,1.0
2021-01-05 10:15:00+00:00,0.07931105610561051,0.0,0.37061018437225635,1.0
2021-01-05 10:30:00+00:00,0.0789641464146414,0.0,0.3859086918349429,1.0
2021-01-05 10:45:00+00:00,0.0786172367236723,0.0,0.4012071992976295,1.0
2021-01-05 11:00:00+00:00,0.0782703270327032,0.0,0.416505706760316,1.0
2021-01-05 11:15:00+00:00,0.08086746174617455,0.0,0.4226514486391571,1.0
2021-01-05 11:30:00+00:00,0.0834645964596459,0.0,0.4287971905179982,1.0
2021-01-05 11:45:00+00:00,0.08606173117311725,0.0,0.4349429323968393,1.0
2021-01-05 12:00:00+00:00,0.0886588658865886,0.0,0.4410886742756804,1.0
2021-01-05 12:15:00+00:00,0.08950270027002695,0.0,0.4357769973661106,1.0
2021-01-05 12:30:00+00:00,0.0903465346534653,0.0,0.4304653204565408,1.0
2021-01-05 12:45:00+00:00,0.09119036903690365,0.0,0.425153643546971,1.0
2021-01-05 13:00:00+00:00,0.092034203420342,0.0,0.4198419666374012,1.0
2021-01-05 13:15:00+00:00,0.09150915091509146,0.0,0.40458735733099205,1.0
2021-01-05 13:30:00+00:00,0.0909840984098409,0.0,0.3893327480245829,1.0
2021-01-05 13:45:00+00:00,0.09045904590459039,0.0,0.3740781387181738,1.0
2021-01-05 14:00:00+00:00,0.0899339933993399,0.0,0.3588235294117647,1.0
2021-01-05 14:15:00+00:00,0.08977460246024595,0.0,0.332089552238806,1.0
2021-01-05 14:30:00+00:00,0.089615211521152,0.0,0.3053555750658472,1.0
2021-01-05 14:45:00+00:00,0.0894558205820581,0.0,0.27862159789288843,1.0
2021-01-05 15:00:00+00:00,0.0892964296429642,0.0,0.2518876207199297,1.0
2021-01-05 15:15:00+00:00,0.0880494299429942,0.0,0.21200614574187876,1.0
2021-01-05 15:30:00+00:00,0.0868024302430242,0.0,0.1721246707638278,1.0
2021-01-05 15:45:00+00:00,0.08555543054305426,0.0,0.1322431957857769,1.0
2021-01-05 16:00:00+00:00,0.0843084308430843,0.0,0.092361720807726,1.0
2021-01-05 16:15:00+00:00,0.0845615811581158,0.0,0.07723880597014915,1.0
2021-01-05 16:30:00+00:00,0.0848147314731473,0.0,0.0621158911325723,1.0
2021-01-05 16:45:00+00:00,0.08506788178817881,0.0,0.0469929762949955,1.0
2021-01-05 17:00:00+00:00,0.0853210321032103,0.0,0.0318700614574187,1.0
2021-01-05 17:15:00+00:00,0.08765564056405635,0.0,0.02625109745390685,1.0
2021-01-05 17:30:00+00:00,0.0899902490249024,0.0,0.020632133450395,1.0
2021-01-05 17:45:00+00:00,0.09232485748574851,0.0,0.01501316944688315,1.0
2021-01-05 18:00:00+00:00,0.0946594659465946,0.0,0.0093942054433713,1.0
2021-01-05 18:15:00+00:00,0.09680655565556551,0.0,0.00803336259877075,1.0
2021-01-05 18:30:00+00:00,0.0989536453645364,0.0,0.0066725197541702,1.0
2021-01-05 18:45:00+00:00,0.1011007350735073,0.0,0.0053116769095697,1.0
2021-01-05 19:00:00+00:00,0.1032478247824782,0.0,0.0039508340649692,1.0
2021-01-05 19:15:00+00:00,0.1057136963696369,0.0,0.0039508340649692,1.0
2021-01-05 19:30:00+00:00,0.1081795679567956,0.0,0.0039508340649692,1.0
2021-01-05 19:45:00+00:00,0.11064543954395435,0.0,0.0039508340649692,1.0
2021-01-05 20:00:00+00:00,0.1131113111311131,0.0,0.0039508340649692,1.0
2021-01-05 20:15:00+00:00,0.1138426342634263,0.0,0.0039508340649692,1.0
2021-01-05 20:30:00+00:00,0.1145739573957395,0.0,0.0039508340649692,1.0
2021-01-05 20:45:00+00:00,0.11530528052805275,0.0,0.0039508340649692,1.0
2021-01-05 21:00:00+00:00,0.116036603660366,0.0,0.0039508340649692,1.0
2021-01-05 21:15:00+00:00,0.11586783678367829,0.0,0.003972783143107899,1.0
2021-01-05 21:30:00+00:00,0.1156990699069906,0.0,0.0039947322212466,1.0
2021-01-05 21:45:00+00:00,0.11553030303030296,0.0,0.00401668129938535,1.0
2021-01-05 22:00:00+00:00,0.1153615361536153,0.0,0.0040386303775241,1.0
2021-01-05 22:15:00+00:00,0.1154927992799279,0.0,0.0040386303775241,1.0
2021-01-05 22:30:00+00:00,0.1156240624062405,0.0,0.0040386303775241,1.0
2021-01-05 22:45:00+00:00,0.11575532553255315,0.0,0.0040386303775241,1.0
2021-01-05 23:00:00+00:00,0.1158865886588658,0.0,0.0040386303775241,1.0
2021-01-05 23:15:00+00:00,0.11596159615961585,0.0,0.0040386303775241,1.0
2021-01-05 23:30:00+00:00,0.1160366036603659,0.0,0.0040386303775241,1.0
2021-01-05 23:45:00+00:00,0.116111611161116,0.0,0.0040386303775241,1.0
2021-01-06 00:00:00+00:00,0.1161866186618661,0.0,0.0040386303775241,1.0
2021-01-06 00:15:00+00:00,0.1162710021002099,0.0,0.0040386303775241,1.0
2021-01-06 00:30:00+00:00,0.1163553855385537,0.0,0.0040386303775241,1.0
2021-01-06 00:45:00+00:00,0.11643976897689759,0.0,0.0040386303775241,1.0
2021-01-06 01:00:00+00:00,0.1165241524152415,0.0,0.0040386303775241,1.0
2021-01-06 01:15:00+00:00,0.1146864686468646,0.0,0.0040386303775241,1.0
2021-01-06 01:30:00+00:00,0.1128487848784877,0.0,0.0040386303775241,1.0
2021-01-06 01:45:00+00:00,0.1110111011101109,0.0,0.0040386303775241,1.0
2021-01-06 02:00:00+00:00,0.1091734173417341,0.0,0.0040386303775241,1.0
2021-01-06 02:15:00+00:00,0.10758888388838875,0.0,0.0040386303775241,1.0
2021-01-06 02:30:00+00:00,0.1060043504350434,0.0,0.0040386303775241,1.0
2021-01-06 02:45:00+00:00,0.10441981698169811,0.0,0.0040386303775241,1.0
2021-01-06 03:00:00+00:00,0.1028352835283528,0.0,0.0040386303775241,1.0
2021-01-06 03:15:00+00:00,0.101775802580258,0.0,0.0040386303775241,1.0
2021-01-06 03:30:00+00:00,0.1007163216321632,0.0,0.0040386303775241,1.0
2021-01-06 03:45:00+00:00,0.0996568406840684,0.0,0.0040386303775241,1.0
2021-01-06 04:00:00+00:00,0.0985973597359736,0.0,0.0040386303775241,1.0
2021-01-06 04:15:00+00:00,0.09654402940294024,0.0,0.00401668129938535,1.0
2021-01-06 04:30:00+00:00,0.0944906990699069,0.0,0.0039947322212466,1.0
2021-01-06 04:45:00+00:00,0.0924373687368736,0.0,0.003972783143107899,1.0
2021-01-06 05:00:00+00:00,0.0903840384038403,0.0,0.0039508340649692,1.0
2021-01-06 05:15:00+00:00,0.08875262526252614,0.0,0.0039508340649692,1.0
2021-01-06 05:30:00+00:00,0.087121212121212,0.0,0.0039508340649692,1.0
2021-01-06 05:45:00+00:00,0.0854897989798979,0.0,0.0039508340649692,1.0
2021-01-06 06:00:00+00:00,0.0838583858385838,0.0,0.0039508340649692,1.0
2021-01-06 06:15:00+00:00,0.08386776177617755,0.0,0.0048068481123792,1.0
2021-01-06 06:30:00+00:00,0.0838771377137713,0.0,0.0056628621597892,1.0
2021-01-06 06:45:00+00:00,0.0838865136513651,0.0,0.006518876207199251,1.0
2021-01-06 07:00:00+00:00,0.0838958895889589,0.0,0.0073748902546093,1.0
2021-01-06 07:15:00+00:00,0.08318331833183315,0.0,0.02726075504828795,1.0
2021-01-06 07:30:00+00:00,0.0824707470747074,0.0,0.0471466198419666,1.0
2021-01-06 07:45:00+00:00,0.0817581758175817,0.0,0.06703248463564525,1.0
2021-01-06 08:00:00+00:00,0.081045604560456,0.0,0.0869183494293239,1.0
2021-01-06 08:15:00+00:00,0.07974234923492345,0.0,0.12168568920105349,1.0
2021-01-06 08:30:00+00:00,0.0784390939093909,0.0,0.1564530289727831,1.0
2021-01-06 08:45:00+00:00,0.07713583858385835,0.0,0.1912203687445127,1.0
2021-01-06 09:00:00+00:00,0.0758325832583258,0.0,0.2259877085162423,1.0
2021-01-06 09:15:00+00:00,0.07688268826882685,0.0,0.25107550482879715,1.0
2021-01-06 09:30:00+00:00,0.0779327932793279,0.0,0.276163301141352,1.0
2021-01-06 09:45:00+00:00,0.07898289828982895,0.0,0.3012510974539069,1.0
2021-01-06 10:00:00+00:00,0.08003300330033,0.0,0.3263388937664618,1.0
2021-01-06 10:15:00+00:00,0.08146752175217514,0.0,0.33593064091308167,1.0
2021-01-06 10:30:00+00:00,0.0829020402040203,0.0,0.3455223880597015,1.0
2021-01-06 10:45:00+00:00,0.0843365586558655,0.0,0.3551141352063213,1.0
2021-01-06 11:00:00+00:00,0.0857710771077107,0.0,0.3647058823529411,1.0
2021-01-06 11:15:00+00:00,0.0878525352535253,0.0,0.3663959613696224,1.0
2021-01-06 11:30:00+00:00,0.0899339933993399,0.0,0.3680860403863037,1.0
2021-01-06 11:45:00+00:00,0.0920154515451545,0.0,0.36977611940298505,1.0
2021-01-06 12:00:00+00:00,0.0940969096909691,0.0,0.3714661984196664,1.0
2021-01-06 12:15:00+00:00,0.09597209720972096,0.0,0.371027216856892,1.0
2021-01-06 12:30:00+00:00,0.0978472847284728,0.0,0.3705882352941176,1.0
2021-01-06 12:45:00+00:00,0.09972247224722469,0.0,0.3701492537313432,1.0
2021-01-06 13:00:00+00:00,0.1015976597659766,0.0,0.3697102721685689,1.0
2021-01-06 13:15:00+00:00,0.1020945844584458,0.0,0.34343722563652324,1.0
2021-01-06 13:30:00+00:00,0.102591509150915,0.0,0.3171641791044776,1.0
2021-01-06 13:45:00+00:00,0.10308843384338426,0.0,0.29089113257243193,1.0
2021-01-06 14:00:00+00:00,0.1035853585358535,0.0,0.2646180860403863,1.0
2021-01-06 14:15:00+00:00,0.1037916291629162,0.0,0.23206760316066724,1.0
2021-01-06 14:30:00+00:00,0.1039978997899789,0.0,0.1995171202809482,1.0
2021-01-06 14:45:00+00:00,0.10420417041704165,0.0,0.16696663740122913,1.0
2021-01-06 15:00:00+00:00,0.1044104410441044,0.0,0.1344161545215101,1.0
2021-01-06 15:15:00+00:00,0.1050573807380738,0.0,0.10748463564530289,1.0
2021-01-06 15:30:00+00:00,0.1057043204320432,0.0,0.0805531167690957,1.0
2021-01-06 15:45:00+00:00,0.10635126012601259,0.0,0.0536215978928885,1.0
2021-01-06 16:00:00+00:00,0.106998199819982,0.0,0.0266900790166813,1.0
2021-01-06 16:15:00+00:00,0.11078607860786074,0.0,0.02096136962247585,1.0
2021-01-06 16:30:00+00:00,0.1145739573957395,0.0,0.0152326602282704,1.0
2021-01-06 16:45:00+00:00,0.1183618361836183,0.0,0.00950395083406495,1.0
2021-01-06 17:00:00+00:00,0.1221497149714971,0.0,0.0037752414398595,1.0
2021-01-06 17:15:00+00:00,0.12278727872787275,0.0,0.0036654960491659,1.0
2021-01-06 17:30:00+00:00,0.1234248424842484,0.0,0.0035557506584723,1.0
2021-01-06 17:45:00+00:00,0.12406240624062405,0.0,0.0034460052677787,1.0
2021-01-06 18:00:00+00:00,0.1246999699969997,0.0,0.0033362598770851,1.0
2021-01-06 18:15:00+00:00,0.1295004500450045,0.0,0.0033582089552238,1.0
2021-01-06 18:30:00+00:00,0.1343009300930093,0.0,0.0033801580333625,1.0
2021-01-06 18:45:00+00:00,0.1391014101410141,0.0,0.0034021071115012498,1.0
2021-01-06 19:00:00+00:00,0.1439018901890189,0.0,0.00342405618964,1.0
2021-01-06 19:15:00+00:00,0.14672404740474043,0.0,0.00342405618964,1.0
2021-01-06 19:30:00+00:00,0.149546204620462,0.0,0.00342405618964,1.0
2021-01-06 19:45:00+00:00,0.1523683618361836,0.0,0.00342405618964,1.0
2021-01-06 20:00:00+00:00,0.1551905190519052,0.0,0.00342405618964,1.0
2021-01-06 20:15:00+00:00,0.15784390939093912,0.0,0.00342405618964,1.0
2021-01-06 20:30:00+00:00,0.160497299729973,0.0,0.00342405618964,1.0
2021-01-06 20:45:00+00:00,0.1631506900690069,0.0,0.00342405618964,1.0
2021-01-06 21:00:00+00:00,0.1658040804080408,0.0,0.00342405618964,1.0
2021-01-06 21:15:00+00:00,0.16555093009300925,0.0,0.00342405618964,1.0
2021-01-06 21:30:00+00:00,0.1652977797779777,0.0,0.00342405618964,1.0
2021-01-06 21:45:00+00:00,0.16504462946294618,0.0,0.00342405618964,1.0
2021-01-06 22:00:00+00:00,0.1647914791479147,0.0,0.00342405618964,1.0
2021-01-06 22:15:00+00:00,0.1645102010201019,0.0,0.00342405618964,1.0
2021-01-06 22:30:00+00:00,0.1642289228922891,0.0,0.00342405618964,1.0
2021-01-06 22:45:00+00:00,0.16394764476447635,0.0,0.00342405618964,1.0
2021-01-06 23:00:00+00:00,0.1636663666366636,0.0,0.00342405618964,1.0
2021-01-06 23:15:00+00:00,0.16430393039303925,0.0,0.00342405618964,1.0
2021-01-06 23:30:00+00:00,0.1649414941494149,0.0,0.00342405618964,1.0
2021-01-06 23:45:00+00:00,0.16557905790579053,0.0,0.00342405618964,1.0
2021-01-07 00:00:00+00:00,0.1662166216621662,0.0,0.00342405618964,1.0
2021-01-07 00:15:00+00:00,0.16568219321932184,0.0,0.0034021071115012498,1.0
2021-01-07 00:30:00+00:00,0.1651477647764775,0.0,0.0033801580333625,1.0
2021-01-07 00:45:00+00:00,0.16461333633363323,0.0,0.0033582089552238,1.0
2021-01-07 01:00:00+00:00,0.164078907890789,0.0,0.0033362598770851,1.0
2021-01-07 01:15:00+00:00,0.16240999099909986,0.0,0.0033582089552238,1.0
2021-01-07 01:30:00+00:00,0.1607410741074107,0.0,0.0033801580333625,1.0
2021-01-07 01:45:00+00:00,0.15907215721572154,0.0,0.0034021071115012498,1.0
2021-01-07 02:00:00+00:00,0.1574032403240324,0.0,0.00342405618964,1.0
2021-01-07 02:15:00+00:00,0.15609060906090605,0.0,0.0034021071115012498,1.0
2021-01-07 02:30:00+00:00,0.1547779777977797,0.0,0.0033801580333625,1.0
2021-01-07 02:45:00+00:00,0.15346534653465338,0.0,0.0033582089552238,1.0
2021-01-07 03:00:00+00:00,0.1521527152715271,0.0,0.0033362598770851,1.0
2021-01-07 03:15:00+00:00,0.15120574557455735,0.0,0.0033582089552238,1.0
2021-01-07 03:30:00+00:00,0.1502587758775876,0.0,0.0033801580333625,1.0
2021-01-07 03:45:00+00:00,0.14931180618061796,0.0,0.0034021071115012498,1.0
2021-01-07 04:00:00+00:00,0.1483648364836483,0.0,0.00342405618964,1.0
2021-01-07 04:15:00+00:00,0.1492930543054305,0.0,0.0034021071115012498,1.0
2021-01-07 04:30:00+00:00,0.1502212721272127,0.0,0.0033801580333625,1.0
2021-01-07 04:45:00+00:00,0.1511494899489949,0.0,0.0033582089552238,1.0
2021-01-07 05:00:00+00:00,0.1520777077707771,0.0,0.0033362598770851,1.0
2021-01-07 05:15:00+00:00,0.15354035403540356,0.0,0.0033362598770851,1.0
2021-01-07 05:30:00+00:00,0.15500300030003,0.0,0.0033362598770851,1.0
2021-01-07 05:45:00+00:00,0.15646564656465645,0.0,0.0033362598770851,1.0
2021-01-07 06:00:00+00:00,0.1579282928292829,0.0,0.0033362598770851,1.0
2021-01-07 06:15:00+00:00,0.1588658865886588,0.0,0.0034679543459174003,1.0
2021-01-07 06:30:00+00:00,0.1598034803480347,0.0,0.0035996488147497,1.0
2021-01-07 06:45:00+00:00,0.16074107410741065,0.0,0.0037313432835819997,1.0
2021-01-07 07:00:00+00:00,0.1616786678667866,0.0,0.0038630377524143,1.0
2021-01-07 07:15:00+00:00,0.162325607560756,0.0,0.0076821773485512505,1.0
2021-01-07 07:30:00+00:00,0.1629725472547254,0.0,0.0115013169446882,1.0
2021-01-07 07:45:00+00:00,0.1636194869486948,0.0,0.0153204565408252,1.0
2021-01-07 08:00:00+00:00,0.1642664266426642,0.0,0.0191395961369622,1.0
2021-01-07 08:15:00+00:00,0.1609848484848484,0.0,0.0283582089552238,1.0
2021-01-07 08:30:00+00:00,0.1577032703270326,0.0,0.0375768217734854,1.0
2021-01-07 08:45:00+00:00,0.15442169216921683,0.0,0.04679543459174705,1.0
2021-01-07 09:00:00+00:00,0.1511401140114011,0.0,0.0560140474100087,1.0
2021-01-07 09:15:00+00:00,0.146039603960396,0.0,0.0656716417910447,1.0
2021-01-07 09:30:00+00:00,0.1409390939093909,0.0,0.0753292361720807,1.0
2021-01-07 09:45:00+00:00,0.13583858385838582,0.0,0.0849868305531167,1.0
2021-01-07 10:00:00+00:00,0.1307380738073807,0.0,0.0946444249341527,1.0
2021-01-07 10:15:00+00:00,0.1275408790879087,0.0,0.10272168568920101,1.0
2021-01-07 10:30:00+00:00,0.1243436843684367,0.0,0.1107989464442493,1.0
2021-01-07 10:45:00+00:00,0.1211464896489648,0.0,0.11887620719929759,1.0
2021-01-07 11:00:00+00:00,0.1179492949294929,0.0,0.1269534679543459,1.0
2021-01-07 11:15:00+00:00,0.11505213021302124,0.0,0.12963125548726945,1.0
2021-01-07 11:30:00+00:00,0.1121549654965496,0.0,0.132309043020193,1.0
2021-01-07 11:45:00+00:00,0.10925780078007795,0.0,0.13498683055311667,1.0
2021-01-07 12:00:00+00:00,0.1063606360636063,0.0,0.1376646180860403,1.0
2021-01-07 12:15:00+00:00,0.10540429042904284,0.0,0.1358428446005267,1.0
2021-01-07 12:30:00+00:00,0.1044479447944794,0.0,0.1340210711150131,1.0
2021-01-07 12:45:00+00:00,0.10349159915991596,0.0,0.1321992976294995,1.0
2021-01-07 13:00:00+00:00,0.1025352535253525,0.0,0.1303775241439859,1.0
2021-01-07 13:15:00+00:00,0.1023664866486648,0.0,0.1253292361720807,1.0
2021-01-07 13:30:00+00:00,0.1021977197719771,0.0,0.1202809482001755,1.0
2021-01-07 13:45:00+00:00,0.10202895289528946,0.0,0.11523266022827035,1.0
2021-01-07 14:00:00+00:00,0.1018601860186018,0.0,0.1101843722563652,1.0
2021-01-07 14:15:00+00:00,0.1029384188418841,0.0,0.10212906057945559,1.0
2021-01-07 14:30:00+00:00,0.1040166516651664,0.0,0.094073748902546,1.0
2021-01-07 14:45:00+00:00,0.10509488448844875,0.0,0.08601843722563646,1.0
2021-01-07 15:00:00+00:00,0.1061731173117311,0.0,0.0779631255487269,1.0
2021-01-07 15:15:00+00:00,0.10925780078007795,0.0,0.06380597014925365,1.0
2021-01-07 15:30:00+00:00,0.1123424842484248,0.0,0.0496488147497804,1.0
2021-01-07 15:45:00+00:00,0.11542716771677165,0.0,0.035491659350307195,1.0
2021-01-07 16:00:00+00:00,0.1185118511851185,0.0,0.021334503950834,1.0
2021-01-07 16:15:00+00:00,0.12622824782478245,0.0,0.0172300263388937,1.0
2021-01-07 16:30:00+00:00,0.1339446444644464,0.0,0.0131255487269534,1.0
2021-01-07 16:45:00+00:00,0.14166104110411035,0.0,0.0090210711150131,1.0
2021-01-07 17:00:00+00:00,0.1493774377437743,0.0,0.0049165935030728,1.0
2021-01-07 17:15:00+00:00,0.15765639063906384,0.0,0.0048068481123792,1.0
2021-01-07 17:30:00+00:00,0.1659353435343534,0.0,0.0046971027216856,1.0
2021-01-07 17:45:00+00:00,0.17421429642964295,0.0,0.00458735733099205,1.0
2021-01-07 18:00:00+00:00,0.1824932493249325,0.0,0.0044776119402985,1.0
2021-01-07 18:15:00+00:00,0.18838133813381336,0.0,0.00449956101843715,1.0
2021-01-07 18:30:00+00:00,0.1942694269426942,0.0,0.0045215100965758,1.0
2021-01-07 18:45:00+00:00,0.2001575157515751,0.0,0.00454345917471455,1.0
2021-01-07 19:00:00+00:00,0.206045604560456,0.0,0.0045654082528533,1.0
2021-01-07 19:15:00+00:00,0.2110992349234923,0.0,0.0045654082528533,1.0
2021-01-07 19:30:00+00:00,0.2161528652865286,0.0,0.0045654082528533,1.0
2021-01-07 19:45:00+00:00,0.2212064956495649,0.0,0.0045654082528533,1.0
2021-01-07 20:00:00+00:00,0.2262601260126012,0.0,0.0045654082528533,1.0
2021-01-07 20:15:00+00:00,0.2305074257425742,0.0,0.0045654082528533,1.0
2021-01-07 20:30:00+00:00,0.2347547254725472,0.0,0.0045654082528533,1.0
2021-01-07 20:45:00+00:00,0.2390020252025202,0.0,0.0045654082528533,1.0
2021-01-07 21:00:00+00:00,0.2432493249324932,0.0,0.0045654082528533,1.0
2021-01-07 21:15:00+00:00,0.2425742574257425,0.0,0.004587357330992,1.0
2021-01-07 21:30:00+00:00,0.2418991899189918,0.0,0.0046093064091307,1.0
2021-01-07 21:45:00+00:00,0.24122412241224117,0.0,0.0046312554872694495,1.0
2021-01-07 22:00:00+00:00,0.2405490549054905,0.0,0.0046532045654082,1.0
2021-01-07 22:15:00+00:00,0.24207733273327325,0.0,0.0046312554872694495,1.0
2021-01-07 22:30:00+00:00,0.243605610561056,0.0,0.0046093064091307,1.0
2021-01-07 22:45:00+00:00,0.24513388838883882,0.0,0.004587357330992,1.0
2021-01-07 23:00:00+00:00,0.2466621662166216,0.0,0.0045654082528533,1.0
2021-01-07 23:15:00+00:00,0.25341284128412833,0.0,0.004587357330992,1.0
2021-01-07 23:30:00+00:00,0.2601635163516351,0.0,0.0046093064091307,1.0
2021-01-07 23:45:00+00:00,0.26691419141914186,0.0,0.0046312554872694495,1.0
2021-01-08 00:00:00+00:00,0.2736648664866487,0.0,0.0046532045654082,1.0
2021-01-08 00:15:00+00:00,0.2808468346834683,0.0,0.0046312554872694495,1.0
2021-01-08 00:30:00+00:00,0.288028802880288,0.0,0.0046093064091307,1.0
2021-01-08 00:45:00+00:00,0.2952107710771077,0.0,0.004587357330992,1.0
2021-01-08 01:00:00+00:00,0.3023927392739274,0.0,0.0045654082528533,1.0
2021-01-08 01:15:00+00:00,0.3071557155715572,0.0,0.004587357330992,1.0
2021-01-08 01:30:00+00:00,0.3119186918691869,0.0,0.0046093064091307,1.0
2021-01-08 01:45:00+00:00,0.31668166816681664,0.0,0.0046312554872694495,1.0
2021-01-08 02:00:00+00:00,0.3214446444644464,0.0,0.0046532045654082,1.0
2021-01-08 02:15:00+00:00,0.3229447944794479,0.0,0.0046532045654082,1.0
2021-01-08 02:30:00+00:00,0.3244449444944494,0.0,0.0046532045654082,1.0
2021-01-08 02:45:00+00:00,0.32594509450945086,0.0,0.0046532045654082,1.0
2021-01-08 03:00:00+00:00,0.3274452445244524,0.0,0.0046532045654082,1.0
2021-01-08 03:15:00+00:00,0.32894539453945393,0.0,0.0046532045654082,1.0
2021-01-08 03:30:00+00:00,0.3304455445544554,0.0,0.0046532045654082,1.0
2021-01-08 03:45:00+00:00,0.33194569456945694,0.0,0.0046532045654082,1.0
2021-01-08 04:00:00+00:00,0.3334458445844585,0.0,0.0046532045654082,1.0
2021-01-08 04:15:00+00:00,0.3369899489948995,0.0,0.0046312554872694495,1.0
2021-01-08 04:30:00+00:00,0.3405340534053405,0.0,0.0046093064091307,1.0
2021-01-08 04:45:00+00:00,0.34407815781578155,0.0,0.004587357330992,1.0
2021-01-08 05:00:00+00:00,0.3476222622262226,0.0,0.0045654082528533,1.0
2021-01-08 05:15:00+00:00,0.35320094509450944,0.0,0.00454345917471455,1.0
2021-01-08 05:30:00+00:00,0.3587796279627963,0.0,0.0045215100965758,1.0
2021-01-08 05:45:00+00:00,0.36435831083108305,0.0,0.00449956101843715,1.0
2021-01-08 06:00:00+00:00,0.3699369936993699,0.0,0.0044776119402985,1.0
2021-01-08 06:15:00+00:00,0.37141839183918385,0.0,0.0046532045654082005,1.0
2021-01-08 06:30:00+00:00,0.3728997899789978,0.0,0.0048287971905179,1.0
2021-01-08 06:45:00+00:00,0.3743811881188118,0.0,0.00500438981562765,1.0
2021-01-08 07:00:00+00:00,0.3758625862586258,0.0,0.0051799824407374,1.0
2021-01-08 07:15:00+00:00,0.3758813381338133,0.0,0.009460052677787451,1.0
2021-01-08 07:30:00+00:00,0.3759000900090008,0.0,0.0137401229148375,1.0
2021-01-08 07:45:00+00:00,0.37591884188418834,0.0,0.01802019315188755,1.0
2021-01-08 08:00:00+00:00,0.3759375937593759,0.0,0.0223002633889376,1.0
2021-01-08 08:15:00+00:00,0.3739967746774677,0.0,0.03189201053555745,1.0
2021-01-08 08:30:00+00:00,0.3720559555955595,0.0,0.0414837576821773,1.0
2021-01-08 08:45:00+00:00,0.3701151365136513,0.0,0.05107550482879715,1.0
2021-01-08 09:00:00+00:00,0.3681743174317431,0.0,0.060667251975417,1.0
2021-01-08 09:15:00+00:00,0.3654834233423342,0.0,0.067208077260755,1.0
2021-01-08 09:30:00+00:00,0.3627925292529252,0.0,0.073748902546093,1.0
2021-01-08 09:45:00+00:00,0.36010163516351634,0.0,0.08028972783143104,1.0
2021-01-08 10:00:00+00:00,0.3574107410741074,0.0,0.0868305531167691,1.0
2021-01-08 10:15:00+00:00,0.3543635613561356,0.0,0.09053994732221245,1.0
2021-01-08 10:30:00+00:00,0.3513163816381638,0.0,0.0942493415276558,1.0
2021-01-08 10:45:00+00:00,0.348269201920192,0.0,0.09795873573309916,1.0
2021-01-08 11:00:00+00:00,0.3452220222022202,0.0,0.1016681299385425,1.0
2021-01-08 11:15:00+00:00,0.3464690219021902,0.0,0.10217295873573301,1.0
2021-01-08 11:30:00+00:00,0.3477160216021602,0.0,0.1026777875329235,1.0
2021-01-08 11:45:00+00:00,0.3489630213021302,0.0,0.10318261633011405,1.0
2021-01-08 12:00:00+00:00,0.3502100210021002,0.0,0.1036874451273046,1.0
2021-01-08 12:15:00+00:00,0.35129762976297624,0.0,0.0983977172958735,1.0
2021-01-08 12:30:00+00:00,0.3523852385238523,0.0,0.0931079894644424,1.0
2021-01-08 12:45:00+00:00,0.3534728472847284,0.0,0.08781826163301135,1.0
2021-01-08 13:00:00+00:00,0.3545604560456045,0.0,0.0825285338015803,1.0
2021-01-08 13:15:00+00:00,0.3562106210621061,0.0,0.0754170324846356,1.0
2021-01-08 13:30:00+00:00,0.3578607860786078,0.0,0.0683055311676909,1.0
2021-01-08 13:45:00+00:00,0.35951095109510944,0.0,0.06119402985074621,1.0
2021-01-08 14:00:00+00:00,0.3611611161116111,0.0,0.0540825285338015,1.0
2021-01-08 14:15:00+00:00,0.36267064206420635,0.0,0.0479148375768217,1.0
2021-01-08 14:30:00+00:00,0.3641801680168016,0.0,0.0417471466198419,1.0
2021-01-08 14:45:00+00:00,0.3656896939693969,0.0,0.0355794556628621,1.0
2021-01-08 15:00:00+00:00,0.3671992199219922,0.0,0.0294117647058823,1.0
2021-01-08 15:15:00+00:00,0.36971197119711974,0.0,0.0243415276558384,1.0
2021-01-08 15:30:00+00:00,0.3722247224722472,0.0,0.0192712906057945,1.0
2021-01-08 15:45:00+00:00,0.37473747374737476,0.0,0.0142010535557506,1.0
2021-01-08 16:00:00+00:00,0.3772502250225023,0.0,0.0091308165057067,1.0
2021-01-08 16:15:00+00:00,0.3785159765976598,0.0,0.00796751536435465,1.0
2021-01-08 16:30:00+00:00,0.3797817281728173,0.0,0.0068042142230026,1.0
2021-01-08 16:45:00+00:00,0.3810474797479748,0.0,0.00564091308165055,1.0
2021-01-08 17:00:00+00:00,0.3823132313231323,0.0,0.0044776119402985,1.0
2021-01-08 17:15:00+00:00,0.3824257425742574,0.0,0.00445566286215975,1.0
2021-01-08 17:30:00+00:00,0.3825382538253825,0.0,0.004433713784021,1.0
2021-01-08 17:45:00+00:00,0.3826507650765076,0.0,0.0044117647058823,1.0
2021-01-08 18:00:00+00:00,0.3827632763276327,0.0,0.0043898156277436,1.0
2021-01-08 18:15:00+00:00,0.3813943894389439,0.0,0.0043898156277436,1.0
2021-01-08 18:30:00+00:00,0.380025502550255,0.0,0.0043898156277436,1.0
2021-01-08 18:45:00+00:00,0.37865661566156616,0.0,0.0043898156277436,1.0
2021-01-08 19:00:00+00:00,0.3772877287728773,0.0,0.0043898156277436,1.0
2021-01-08 19:15:00+00:00,0.37781278127812784,0.0,0.0043898156277436,1.0
2021-01-08 19:30:00+00:00,0.3783378337833784,0.0,0.0043898156277436,1.0
2021-01-08 19:45:00+00:00,0.37886288628862885,0.0,0.0043898156277436,1.0
2021-01-08 20:00:00+00:00,0.3793879387938794,0.0,0.0043898156277436,1.0
2021-01-08 20:15:00+00:00,0.37926605160516047,0.0,0.0043898156277436,1.0
2021-01-08 20:30:00+00:00,0.3791441644164416,0.0,0.0043898156277436,1.0
2021-01-08 20:45:00+00:00,0.37902227722772275,0.0,0.0043898156277436,1.0
2021-01-08 21:00:00+00:00,0.3789003900390039,0.0,0.0043898156277436,1.0
2021-01-08 21:15:00+00:00,0.3771845934593459,0.0,0.0043898156277436,1.0
2021-01-08 21:30:00+00:00,0.3754687968796879,0.0,0.0043898156277436,1.0
2021-01-08 21:45:00+00:00,0.37375300030003,0.0,0.0043898156277436,1.0
2021-01-08 22:00:00+00:00,0.372037203720372,0.0,0.0043898156277436,1.0
2021-01-08 22:15:00+00:00,0.37349984998499847,0.0,0.0043898156277436,1.0
2021-01-08 22:30:00+00:00,0.3749624962496249,0.0,0.0043898156277436,1.0
2021-01-08 22:45:00+00:00,0.3764251425142514,0.0,0.0043898156277436,1.0
2021-01-08 23:00:00+00:00,0.3778877887788779,0.0,0.0043898156277436,1.0
2021-01-08 23:15:00+00:00,0.3772783528352835,0.0,0.0043898156277436,1.0
2021-01-08 23:30:00+00:00,0.3766689168916891,0.0,0.0043898156277436,1.0
2021-01-08 23:45:00+00:00,0.3760594809480947,0.0,0.0043898156277436,1.0
2021-01-09 00:00:00+00:00,0.3754500450045004,0.0,0.0043898156277436,1.0
2021-01-09 00:15:00+00:00,0.37615324032403236,0.0,0.00436786654960485,1.0
2021-01-09 00:30:00+00:00,0.3768564356435643,0.0,0.0043459174714661,1.0
2021-01-09 00:45:00+00:00,0.37755963096309625,0.0,0.004323968393327399,1.0
2021-01-09 01:00:00+00:00,0.3782628262826282,0.0,0.0043020193151887,1.0
2021-01-09 01:15:00+00:00,0.37891914191419135,0.0,0.0042800702370499495,1.0
2021-01-09 01:30:00+00:00,0.3795754575457545,0.0,0.0042581211589112,1.0
2021-01-09 01:45:00+00:00,0.38023177317731766,0.0,0.0042361720807725,1.0
2021-01-09 02:00:00+00:00,0.3808880888088808,0.0,0.0042142230026338,1.0
2021-01-09 02:15:00+00:00,0.38127250225022496,0.0,0.0042142230026338,1.0
2021-01-09 02:30:00+00:00,0.3816569156915691,0.0,0.0042142230026338,1.0
2021-01-09 02:45:00+00:00,0.3820413291329132,0.0,0.0042142230026338,1.0
2021-01-09 03:00:00+00:00,0.3824257425742574,0.0,0.0042142230026338,1.0
2021-01-09 03:15:00+00:00,0.3849384938493849,0.0,0.0042361720807725,0.9995670995670995
2021-01-09 03:30:00+00:00,0.3874512451245124,0.0,0.0042581211589112,0.9991341991341992
2021-01-09 03:45:00+00:00,0.38996399639963997,0.0,0.0042800702370499495,0.9987012987012989
2021-01-09 04:00:00+00:00,0.3924767476747675,0.0,0.0043020193151887,0.9982683982683984
2021-01-09 04:15:00+00:00,0.39261738673867386,0.0,0.00425812115891125,0.9987012987012989
2021-01-09 04:30:00+00:00,0.3927580258025802,0.0,0.0042142230026338,0.9991341991341992
2021-01-09 04:45:00+00:00,0.3928986648664866,0.0,0.0041703248463563995,0.9995670995670995
2021-01-09 05:00:00+00:00,0.393039303930393,0.0,0.004126426690079,1.0
2021-01-09 05:15:00+00:00,0.3940706570657065,0.0,0.004126426690079,1.0
2021-01-09 05:30:00+00:00,0.39510201020102,0.0,0.004126426690079,1.0
2021-01-09 05:45:00+00:00,0.39613336333633353,0.0,0.004126426690079,1.0
2021-01-09 06:00:00+00:00,0.3971647164716471,0.0,0.004126426690079,1.0
2021-01-09 06:15:00+00:00,0.3980366786678667,0.0,0.00428007023705,1.0
2021-01-09 06:30:00+00:00,0.3989086408640863,0.0,0.004433713784021,1.0
2021-01-09 06:45:00+00:00,0.39978060306030594,0.0,0.00458735733099205,1.0
2021-01-09 07:00:00+00:00,0.4006525652565256,0.0,0.0047410008779631,1.0
2021-01-09 07:15:00+00:00,0.3996493399339933,0.0,0.0093283582089552,1.0
2021-01-09 07:30:00+00:00,0.3986461146114611,0.0,0.0139157155399473,1.0
2021-01-09 07:45:00+00:00,0.3976428892889289,0.0,0.0185030728709394,1.0
2021-01-09 08:00:00+00:00,0.3966396639663966,0.0,0.0230904302019315,1.0
2021-01-09 08:15:00+00:00,0.395842709270927,0.0,0.03830114135206315,1.0
2021-01-09 08:30:00+00:00,0.3950457545754575,0.0,0.0535118525021948,1.0
2021-01-09 08:45:00+00:00,0.39424879987998795,0.0,0.06872256365232654,1.0
2021-01-09 09:00:00+00:00,0.3934518451845185,0.0,0.0839332748024583,1.0
2021-01-09 09:15:00+00:00,0.3969584458445845,0.0,0.0999122036874451,1.0
2021-01-09 09:30:00+00:00,0.4004650465046505,0.0,0.1158911325724319,1.0
2021-01-09 09:45:00+00:00,0.4039716471647165,0.0,0.13187006145741875,1.0
2021-01-09 10:00:00+00:00,0.4074782478247825,0.0,0.1478489903424056,1.0
2021-01-09 10:15:00+00:00,0.4104597959795979,0.0,0.15697980684811236,1.0
2021-01-09 10:30:00+00:00,0.4134413441344134,0.0,0.1661106233538191,1.0
2021-01-09 10:45:00+00:00,0.4164228922892289,0.0,0.17524143985952584,1.0
2021-01-09 11:00:00+00:00,0.4194044404440444,0.0,0.1843722563652326,1.0
2021-01-09 11:15:00+00:00,0.4199201170117012,0.0,0.18966198419666364,1.0
2021-01-09 11:30:00+00:00,0.4204357935793579,0.0,0.1949517120280947,1.0
2021-01-09 11:45:00+00:00,0.4209514701470146,0.0,0.2002414398595258,1.0
2021-01-09 12:00:00+00:00,0.4214671467146714,0.0,0.2055311676909569,1.0
2021-01-09 12:15:00+00:00,0.4191700420042004,0.0,0.20730904302019304,1.0
2021-01-09 12:30:00+00:00,0.4168729372937293,0.0,0.2090869183494292,1.0
2021-01-09 12:45:00+00:00,0.4145758325832583,0.0,0.2108647936786654,1.0
2021-01-09 13:00:00+00:00,0.4122787278727873,0.0,0.2126426690079016,1.0
2021-01-09 13:15:00+00:00,0.41028165316531656,0.0,0.20790166812993843,1.0
2021-01-09 13:30:00+00:00,0.4082845784578458,0.0,0.2031606672519753,1.0
2021-01-09 13:45:00+00:00,0.40628750375037503,0.0,0.1984196663740122,1.0
2021-01-09 14:00:00+00:00,0.4042904290429043,0.0,0.1936786654960491,1.0
2021-01-09 14:15:00+00:00,0.40264026402640263,0.0,0.1802677787532923,1.0
2021-01-09 14:30:00+00:00,0.4009900990099009,0.0,0.1668568920105355,1.0
2021-01-09 14:45:00+00:00,0.3993399339933993,0.0,0.1534460052677787,1.0
2021-01-09 15:00:00+00:00,0.3976897689768977,0.0,0.1400351185250219,1.0
2021-01-09 15:15:00+00:00,0.3936956195619562,0.0,0.12054433713784016,1.0
2021-01-09 15:30:00+00:00,0.3897014701470147,0.0,0.1010535557506584,1.0
2021-01-09 15:45:00+00:00,0.3857073207320732,0.0,0.08156277436347664,1.0
2021-01-09 16:00:00+00:00,0.3817131713171317,0.0,0.0620719929762949,1.0
2021-01-09 16:15:00+00:00,0.37904102910291027,0.0,0.04982440737489015,1.0
2021-01-09 16:30:00+00:00,0.3763688868886888,0.0,0.0375768217734854,1.0
2021-01-09 16:45:00+00:00,0.3736967446744674,0.0,0.0253292361720807,1.0
2021-01-09 17:00:00+00:00,0.371024602460246,0.0,0.013081650570676,1.0
2021-01-09 17:15:00+00:00,0.3683524602460245,0.0,0.010820895522388,1.0
2021-01-09 17:30:00+00:00,0.3656803180318031,0.0,0.0085601404741,1.0
2021-01-09 17:45:00+00:00,0.3630081758175817,0.0,0.00629938542581205,1.0
2021-01-09 18:00:00+00:00,0.3603360336033603,0.0,0.0040386303775241,1.0
2021-01-09 18:15:00+00:00,0.35808580858085803,0.0,0.00401668129938535,1.0
2021-01-09 18:30:00+00:00,0.3558355835583558,0.0,0.0039947322212466,1.0
2021-01-09 18:45:00+00:00,0.3535853585358536,0.0,0.003972783143107899,1.0
2021-01-09 19:00:00+00:00,0.3513351335133513,0.0,0.0039508340649692,1.0
2021-01-09 19:15:00+00:00,0.3482598259825982,0.0,0.0039288849868304495,1.0
2021-01-09 19:30:00+00:00,0.3451845184518451,0.0,0.0039069359086917,1.0
2021-01-09 19:45:00+00:00,0.34210921092109203,0.0,0.003884986830553,1.0
2021-01-09 20:00:00+00:00,0.339033903390339,0.0,0.0038630377524143,1.0
2021-01-09 20:15:00+00:00,0.3380775577557755,0.0,0.0038630377524143,1.0
2021-01-09 20:30:00+00:00,0.3371212121212121,0.0,0.0038630377524143,1.0
2021-01-09 20:45:00+00:00,0.3361648664866487,0.0,0.0038630377524143,1.0
2021-01-09 21:00:00+00:00,0.3352085208520852,0.0,0.0038630377524143,1.0
2021-01-09 21:15:00+00:00,0.33618361836183613,0.0,0.0038630377524143,1.0
2021-01-09 21:30:00+00:00,0.3371587158715871,0.0,0.0038630377524143,1.0
2021-01-09 21:45:00+00:00,0.3381338133813381,0.0,0.0038630377524143,1.0
2021-01-09 22:00:00+00:00,0.3391089108910891,0.0,0.0038630377524143,1.0
2021-01-09 22:15:00+00:00,0.33886513651365135,0.0,0.0038630377524143,1.0
2021-01-09 22:30:00+00:00,0.3386213621362136,0.0,0.0038630377524143,1.0
2021-01-09 22:45:00+00:00,0.3383775877587758,0.0,0.0038630377524143,1.0
2021-01-09 23:00:00+00:00,0.3381338133813381,0.0,0.0038630377524143,1.0
2021-01-09 23:15:00+00:00,0.3397370987098709,0.0,0.0038410886742756,0.9939393939393939
2021-01-09 23:30:00+00:00,0.3413403840384038,0.0,0.0038191395961369,0.9878787878787878
2021-01-09 23:45:00+00:00,0.3429436693669366,0.0,0.0037971905179981997,0.9818181818181817
2021-01-10 00:00:00+00:00,0.3445469546954695,0.0,0.0037752414398595,0.9757575757575756
2021-01-10 00:15:00+00:00,0.3463846384638464,0.0,0.0037752414398595,0.9707792207792205
2021-01-10 00:30:00+00:00,0.3482223222322232,0.0,0.0037752414398595,0.9658008658008655
2021-01-10 00:45:00+00:00,0.35006000600060005,0.0,0.0037752414398595,0.9608225108225107
2021-01-10 01:00:00+00:00,0.3518976897689769,0.0,0.0037752414398595,0.9558441558441558
2021-01-10 01:15:00+00:00,0.35576995199519956,0.0,0.0037971905179981997,0.9508658008658009
2021-01-10 01:30:00+00:00,0.3596422142214222,0.0,0.0038191395961369,0.945887445887446
2021-01-10 01:45:00+00:00,0.3635144764476448,0.0,0.0038410886742756,0.9409090909090909
2021-01-10 02:00:00+00:00,0.3673867386738674,0.0,0.0038630377524143,0.935930735930736
2021-01-10 02:15:00+00:00,0.37125900090009,0.0,0.0038630377524143,0.9361471861471862
2021-01-10 02:30:00+00:00,0.3751312631263127,0.0,0.0038630377524143,0.9363636363636364
2021-01-10 02:45:00+00:00,0.3790035253525353,0.0,0.0038630377524143,0.9365800865800866
2021-01-10 03:00:00+00:00,0.3828757875787579,0.0,0.0038630377524143,0.9367965367965368
2021-01-10 03:15:00+00:00,0.38522914791479146,0.0,0.0038630377524143,0.937878787878788
2021-01-10 03:30:00+00:00,0.3875825082508251,0.0,0.0038630377524143,0.938961038961039
2021-01-10 03:45:00+00:00,0.3899358685868587,0.0,0.0038630377524143,0.9400432900432901
2021-01-10 04:00:00+00:00,0.3922892289228923,0.0,0.0038630377524143,0.9411255411255413
2021-01-10 04:15:00+00:00,0.3941269126912691,0.0,0.0038410886742756,0.941991341991342
2021-01-10 04:30:00+00:00,0.3959645964596459,0.0,0.0038191395961369,0.9428571428571428
2021-01-10 04:45:00+00:00,0.3978022802280228,0.0,0.0037971905179981997,0.9437229437229436
2021-01-10 05:00:00+00:00,0.3996399639963996,0.0,0.0037752414398595,0.9445887445887444
2021-01-10 05:15:00+00:00,0.401805805580558,0.0,0.00375329236172075,0.9419913419913419
2021-01-10 05:30:00+00:00,0.4039716471647164,0.0,0.003731343283582,0.9393939393939394
2021-01-10 05:45:00+00:00,0.40613748874887484,0.0,0.0037093942054433,0.936796536796537
2021-01-10 06:00:00+00:00,0.4083033303330333,0.0,0.0036874451273046,0.9341991341991344
2021-01-10 06:15:00+00:00,0.40745949594959496,0.0,0.0040605794556628,0.9400432900432902
2021-01-10 06:30:00+00:00,0.4066156615661566,0.0,0.004433713784021,0.945887445887446
2021-01-10 06:45:00+00:00,0.40577182718271826,0.0,0.0048068481123792,0.9517316017316018
2021-01-10 07:00:00+00:00,0.4049279927992799,0.0,0.0051799824407374,0.9575757575757576
2021-01-10 07:15:00+00:00,0.403052805280528,0.0,0.012598770851624148,0.9655844155844155
2021-01-10 07:30:00+00:00,0.4011776177617761,0.0,0.0200175592625109,0.9735930735930736
2021-01-10 07:45:00+00:00,0.39930243024302425,0.0,0.02743634767339765,0.9816017316017316
2021-01-10 08:00:00+00:00,0.3974272427242724,0.0,0.0348551360842844,0.9896103896103896
2021-01-10 08:15:00+00:00,0.3966677917791779,0.0,0.053731343283582006,0.9922077922077922
2021-01-10 08:30:00+00:00,0.3959083408340834,0.0,0.0726075504828796,0.9948051948051948
2021-01-10 08:45:00+00:00,0.3951488898889889,0.0,0.09148375768217726,0.9974025974025974
2021-01-10 09:00:00+00:00,0.3943894389438944,0.0,0.1103599648814749,1.0
2021-01-10 09:15:00+00:00,0.3941644164416442,0.0,0.13200175592625102,1.0
2021-01-10 09:30:00+00:00,0.393939393939394,0.0,0.1536435469710271,1.0
2021-01-10 09:45:00+00:00,0.3937143714371437,0.0,0.17528533801580326,1.0
2021-01-10 10:00:00+00:00,0.3934893489348935,0.0,0.1969271290605794,1.0
2021-01-10 10:15:00+00:00,0.39302992799279923,0.0,0.20667251975417025,1.0
2021-01-10 10:30:00+00:00,0.392570507050705,0.0,0.2164179104477611,1.0
2021-01-10 10:45:00+00:00,0.3921110861086108,0.0,0.226163301141352,1.0
2021-01-10 11:00:00+00:00,0.3916516651665166,0.0,0.2359086918349429,1.0
2021-01-10 11:15:00+00:00,0.39327370237023695,0.0,0.2459613696224758,1.0
2021-01-10 11:30:00+00:00,0.3948957395739573,0.0,0.2560140474100087,1.0
2021-01-10 11:45:00+00:00,0.3965177767776777,0.0,0.26606672519754165,1.0
2021-01-10 12:00:00+00:00,0.3981398139813981,0.0,0.2761194029850746,1.0
2021-01-10 12:15:00+00:00,0.39966809180918084,0.0,0.27379280070237044,1.0
2021-01-10 12:30:00+00:00,0.4011963696369636,0.0,0.2714661984196663,1.0
2021-01-10 12:45:00+00:00,0.4027246474647464,0.0,0.2691395961369622,1.0
2021-01-10 13:00:00+00:00,0.4042529252925292,0.0,0.2668129938542581,1.0
2021-01-10 13:15:00+00:00,0.4052842784278427,0.0,0.2640693590869183,1.0
2021-01-10 13:30:00+00:00,0.4063156315631562,0.0,0.2613257243195785,1.0
2021-01-10 13:45:00+00:00,0.40734698469846975,0.0,0.25858208955223877,1.0
2021-01-10 14:00:00+00:00,0.4083783378337833,0.0,0.255838454784899,1.0
2021-01-10 14:15:00+00:00,0.4089783978397839,0.0,0.23777436347673397,1.0
2021-01-10 14:30:00+00:00,0.4095784578457845,0.0,0.2197102721685689,1.0
2021-01-10 14:45:00+00:00,0.4101785178517851,0.0,0.20164618086040384,1.0
2021-01-10 15:00:00+00:00,0.4107785778577857,0.0,0.1835820895522388,1.0
2021-01-10 15:15:00+00:00,0.4116599159915991,0.0,0.15783582089552234,1.0
2021-01-10 15:30:00+00:00,0.4125412541254125,0.0,0.1320895522388059,1.0
2021-01-10 15:45:00+00:00,0.4134225922592259,0.0,0.1063432835820895,1.0
2021-01-10 16:00:00+00:00,0.4143039303930393,0.0,0.0805970149253731,1.0
2021-01-10 16:15:00+00:00,0.4143039303930393,0.0,0.0636962247585601,1.0
2021-01-10 16:30:00+00:00,0.4143039303930393,0.0,0.0467954345917471,1.0
2021-01-10 16:45:00+00:00,0.4143039303930393,0.0,0.0298946444249341,1.0
2021-01-10 17:00:00+00:00,0.4143039303930393,0.0,0.0129938542581211,1.0
2021-01-10 17:15:00+00:00,0.4157103210321032,0.0,0.01163301141352055,1.0
2021-01-10 17:30:00+00:00,0.4171167116711671,0.0,0.01027216856892,1.0
2021-01-10 17:45:00+00:00,0.418523102310231,0.0,0.0089113257243195,1.0
2021-01-10 18:00:00+00:00,0.4199294929492949,0.0,0.007550482879719,1.0
2021-01-10 18:15:00+00:00,0.421092109210921,0.0,0.00676031606672515,1.0
2021-01-10 18:30:00+00:00,0.4222547254725471,0.0,0.0059701492537313,1.0
2021-01-10 18:45:00+00:00,0.42341734173417334,0.0,0.00517998244073745,1.0
2021-01-10 19:00:00+00:00,0.4245799579957995,0.0,0.0043898156277436,1.0
2021-01-10 19:15:00+00:00,0.42577070207020695,0.0,0.004258121158911251,1.0
2021-01-10 19:30:00+00:00,0.4269614461446144,0.0,0.0041264266900789,1.0
2021-01-10 19:45:00+00:00,0.42815219021902184,0.0,0.0039947322212466,1.0
2021-01-10 20:00:00+00:00,0.4293429342934293,0.0,0.0038630377524143,1.0
2021-01-10 20:15:00+00:00,0.429783603360336,0.0,0.003884986830553,1.0
2021-01-10 20:30:00+00:00,0.4302242724272427,0.0,0.0039069359086917,1.0
2021-01-10 20:45:00+00:00,0.4306649414941494,0.0,0.0039288849868304495,1.0
2021-01-10 21:00:00+00:00,0.4311056105610561,0.0,0.0039508340649692,1.0
2021-01-10 21:15:00+00:00,0.4300273777377738,0.0,0.0039508340649692,1.0
2021-01-10 21:30:00+00:00,0.4289491449144914,0.0,0.0039508340649692,1.0
2021-01-10 21:45:00+00:00,0.4278709120912091,0.0,0.0039508340649692,1.0
2021-01-10 22:00:00+00:00,0.4267926792679268,0.0,0.0039508340649692,1.0
2021-01-10 22:15:00+00:00,0.4251518901890189,0.0,0.0039508340649692,1.0
2021-01-10 22:30:00+00:00,0.423511101110111,0.0,0.0039508340649692,1.0
2021-01-10 22:45:00+00:00,0.42187031203120307,0.0,0.0039508340649692,1.0
2021-01-10 23:00:00+00:00,0.4202295229522952,0.0,0.0039508340649692,1.0
2021-01-10 23:15:00+00:00,0.41639476447644763,0.0,0.0039508340649692,0.9991341991341991
2021-01-10 23:30:00+00:00,0.4125600060006,0.0,0.0039508340649692,0.9982683982683982
2021-01-10 23:45:00+00:00,0.4087252475247524,0.0,0.0039508340649692,0.9974025974025973
2021-01-11 00:00:00+00:00,0.4048904890489049,0.0,0.0039508340649692,0.9965367965367964
2021-01-11 00:15:00+00:00,0.40298717371737175,0.0,0.0037971905179981498,0.9883116883116883
2021-01-11 00:30:00+00:00,0.4010838583858386,0.0,0.0036435469710271,0.98008658008658
2021-01-11 00:45:00+00:00,0.39918054305430545,0.0,0.0034899034240561,0.9718614718614718
2021-01-11 01:00:00+00:00,0.3972772277227723,0.0,0.0033362598770851,0.9636363636363636
2021-01-11 01:15:00+00:00,0.396977197719772,0.0,0.00331431079894635,0.9567099567099567
2021-01-11 01:30:00+00:00,0.3966771677167717,0.0,0.0032923617208076,0.9497835497835498
2021-01-11 01:45:00+00:00,0.39637713771377137,0.0,0.0032704126426689,0.9428571428571428
2021-01-11 02:00:00+00:00,0.3960771077107711,0.0,0.0032484635645302,0.935930735930736
2021-01-11 02:15:00+00:00,0.394595709570957,0.0,0.0032484635645302,0.9313852813852814
2021-01-11 02:30:00+00:00,0.393114311431143,0.0,0.0032484635645302,0.9268398268398268
2021-01-11 02:45:00+00:00,0.39163291329132904,0.0,0.0032484635645302,0.9222943722943723
2021-01-11 03:00:00+00:00,0.3901515151515151,0.0,0.0032484635645302,0.9177489177489178
2021-01-11 03:15:00+00:00,0.38944831983198314,0.0,0.0032484635645302,0.9170995670995671
2021-01-11 03:30:00+00:00,0.3887451245124512,0.0,0.0032484635645302,0.9164502164502164
2021-01-11 03:45:00+00:00,0.38804192919291924,0.0,0.0032484635645302,0.9158008658008658
2021-01-11 04:00:00+00:00,0.3873387338733873,0.0,0.0032484635645302,0.9151515151515152
2021-01-11 04:15:00+00:00,0.3869824482448244,0.0,0.0033801580333624997,0.9214285714285714
2021-01-11 04:30:00+00:00,0.3866261626162616,0.0,0.0035118525021948,0.9277056277056276
2021-01-11 04:45:00+00:00,0.38626987698769877,0.0,0.00364354697102715,0.9339826839826839
2021-01-11 05:00:00+00:00,0.3859135913591359,0.0,0.0037752414398595,0.9402597402597402
2021-01-11 05:15:00+00:00,0.3837758775877588,0.0,0.00388498683055305,0.9551948051948052
2021-01-11 05:30:00+00:00,0.3816381638163816,0.0,0.0039947322212466,0.97012987012987
2021-01-11 05:45:00+00:00,0.3795004500450045,0.0,0.0041044776119402,0.985064935064935
2021-01-11 06:00:00+00:00,0.3773627362736274,0.0,0.0042142230026338,1.0
2021-01-11 06:15:00+00:00,0.374493699369937,0.0,0.0049385425812115,1.0
2021-01-11 06:30:00+00:00,0.3716246624662466,0.0,0.0056628621597892,1.0
2021-01-11 06:45:00+00:00,0.3687556255625562,0.0,0.0063871817383669,1.0
2021-01-11 07:00:00+00:00,0.3658865886588658,0.0,0.0071115013169446,1.0
2021-01-11 07:15:00+00:00,0.36396452145214514,0.0,0.03167251975417025,1.0
2021-01-11 07:30:00+00:00,0.3620424542454244,0.0,0.0562335381913959,1.0
2021-01-11 07:45:00+00:00,0.3601203870387038,0.0,0.08079455662862155,1.0
2021-01-11 08:00:00+00:00,0.3581983198319832,0.0,0.1053555750658472,1.0
2021-01-11 08:15:00+00:00,0.356023102310231,0.0,0.15131694468832305,1.0
2021-01-11 08:30:00+00:00,0.3538478847884788,0.0,0.1972783143107989,1.0
2021-01-11 08:45:00+00:00,0.35167266726672664,0.0,0.24323968393327475,1.0
2021-01-11 09:00:00+00:00,0.3494974497449745,0.0,0.2892010535557506,1.0
2021-01-11 09:15:00+00:00,0.3479879237923792,0.0,0.3178665496049165,1.0
2021-01-11 09:30:00+00:00,0.3464783978397839,0.0,0.3465320456540824,1.0
2021-01-11 09:45:00+00:00,0.3449688718871887,0.0,0.37519754170324837,1.0
2021-01-11 10:00:00+00:00,0.3434593459345935,0.0,0.4038630377524144,1.0
2021-01-11 10:15:00+00:00,0.3426811431143114,0.0,0.4189640035118525,1.0
2021-01-11 10:30:00+00:00,0.3419029402940294,0.0,0.4340649692712906,1.0
2021-01-11 10:45:00+00:00,0.3411247374737474,0.0,0.4491659350307287,1.0
2021-01-11 11:00:00+00:00,0.3403465346534653,0.0,0.4642669007901668,1.0
2021-01-11 11:15:00+00:00,0.33841509150915083,0.0,0.4751316944688323,1.0
2021-01-11 11:30:00+00:00,0.3364836483648364,0.0,0.4859964881474978,1.0
2021-01-11 11:45:00+00:00,0.334552205220522,0.0,0.4968612818261633,1.0
2021-01-11 12:00:00+00:00,0.3326207620762076,0.0,0.5077260755048288,1.0
2021-01-11 12:15:00+00:00,0.33374587458745875,0.0,0.5110842844600527,1.0
2021-01-11 12:30:00+00:00,0.3348709870987099,0.0,0.5144424934152766,1.0
2021-01-11 12:45:00+00:00,0.335996099609961,0.0,0.5178007023705005,1.0
2021-01-11 13:00:00+00:00,0.3371212121212121,0.0,0.5211589113257243,1.0
2021-01-11 13:15:00+00:00,0.33798379837983794,0.0,0.5116769095697982,1.0
2021-01-11 13:30:00+00:00,0.3388463846384638,0.0,0.5021949078138719,1.0
2021-01-11 13:45:00+00:00,0.3397089708970897,0.0,0.4927129060579456,1.0
2021-01-11 14:00:00+00:00,0.3405715571557156,0.0,0.4832309043020193,1.0
2021-01-11 14:15:00+00:00,0.3395495799579958,0.0,0.4595697980684811,1.0
2021-01-11 14:30:00+00:00,0.338527602760276,0.0,0.4359086918349429,1.0
2021-01-11 14:45:00+00:00,0.3375056255625562,0.0,0.41224758560140473,1.0
2021-01-11 15:00:00+00:00,0.3364836483648364,0.0,0.3885864793678665,1.0
2021-01-11 15:15:00+00:00,0.33647427242724265,0.0,0.33593064091308156,1.0
2021-01-11 15:30:00+00:00,0.3364648964896489,0.0,0.2832748024582966,1.0
2021-01-11 15:45:00+00:00,0.33645552055205513,0.0,0.23061896400351176,1.0
2021-01-11 16:00:00+00:00,0.3364461446144614,0.0,0.1779631255487269,1.0
2021-01-11 16:15:00+00:00,0.3413591359135913,0.0,0.14045215100965755,1.0
2021-01-11 16:30:00+00:00,0.3462721272127212,0.0,0.1029411764705882,1.0
2021-01-11 16:45:00+00:00,0.3511851185118512,0.0,0.06543020193151886,1.0
2021-01-11 17:00:00+00:00,0.3560981098109811,0.0,0.0279192273924495,1.0
2021-01-11 17:15:00+00:00,0.3593515601560156,0.0,0.0225197541703248,1.0
2021-01-11 17:30:00+00:00,0.3626050105010501,0.0,0.0171202809482001,1.0
2021-01-11 17:45:00+00:00,0.3658584608460846,0.0,0.01172080772607545,1.0
2021-01-11 18:00:00+00:00,0.3691119111911191,0.0,0.0063213345039508,1.0
2021-01-11 18:15:00+00:00,0.3691306630663066,0.0,0.00594820017559255,1.0
2021-01-11 18:30:00+00:00,0.3691494149414941,0.0,0.0055750658472343,1.0
2021-01-11 18:45:00+00:00,0.36916816681668163,0.0,0.0052019315188761,1.0
2021-01-11 19:00:00+00:00,0.3691869186918692,0.0,0.0048287971905179,1.0
2021-01-11 19:15:00+00:00,0.3651927692769277,0.0,0.0047629499561017506,1.0
2021-01-11 19:30:00+00:00,0.3611986198619862,0.0,0.0046971027216856,1.0
2021-01-11 19:45:00+00:00,0.35720447044704473,0.0,0.0046312554872694495,1.0
2021-01-11 20:00:00+00:00,0.3532103210321032,0.0,0.0045654082528533,1.0
2021-01-11 20:15:00+00:00,0.34993811881188114,0.0,0.0045654082528533,1.0
2021-01-11 20:30:00+00:00,0.3466659165916591,0.0,0.0045654082528533,1.0
2021-01-11 20:45:00+00:00,0.34339371437143706,0.0,0.0045654082528533,1.0
2021-01-11 21:00:00+00:00,0.3401215121512151,0.0,0.0045654082528533,1.0
2021-01-11 21:15:00+00:00,0.3356491899189919,0.0,0.00454345917471455,1.0
2021-01-11 21:30:00+00:00,0.3311768676867687,0.0,0.0045215100965758,1.0
2021-01-11 21:45:00+00:00,0.3267045454545454,0.0,0.00449956101843715,1.0
2021-01-11 22:00:00+00:00,0.3222322232223222,0.0,0.0044776119402985,1.0
2021-01-11 22:15:00+00:00,0.31656915691569154,0.0,0.0044776119402985,1.0
2021-01-11 22:30:00+00:00,0.3109060906090608,0.0,0.0044776119402985,1.0
2021-01-11 22:45:00+00:00,0.30524302430243017,0.0,0.0044776119402985,1.0
2021-01-11 23:00:00+00:00,0.2995799579957995,0.0,0.0044776119402985,1.0
2021-01-11 23:15:00+00:00,0.29367311731173107,0.0,0.0044776119402985,1.0
2021-01-11 23:30:00+00:00,0.2877662766276627,0.0,0.0044776119402985,1.0
2021-01-11 23:45:00+00:00,0.2818594359435943,0.0,0.0044776119402985,1.0
2021-01-12 00:00:00+00:00,0.275952595259526,0.0,0.0044776119402985,1.0
2021-01-12 00:15:00+00:00,0.27002700270027,0.0,0.0044776119402985,0.980952380952381
2021-01-12 00:30:00+00:00,0.2641014101410141,0.0,0.0044776119402985,0.961904761904762
2021-01-12 00:45:00+00:00,0.2581758175817582,0.0,0.0044776119402985,0.9428571428571431
2021-01-12 01:00:00+00:00,0.2522502250225023,0.0,0.0044776119402985,0.923809523809524
2021-01-12 01:15:00+00:00,0.24971872187218724,0.0,0.004214223002633849,0.9175324675324676
2021-01-12 01:30:00+00:00,0.2471872187218722,0.0,0.0039508340649692,0.9112554112554112
2021-01-12 01:45:00+00:00,0.24465571557155713,0.0,0.0036874451273045997,0.904978354978355
2021-01-12 02:00:00+00:00,0.2421242124212421,0.0,0.00342405618964,0.8987012987012987
2021-01-12 02:15:00+00:00,0.24355873087308727,0.0,0.0033582089552238,0.8993506493506493
2021-01-12 02:30:00+00:00,0.2449932493249324,0.0,0.0032923617208076,0.8999999999999999
2021-01-12 02:45:00+00:00,0.2464277677767776,0.0,0.0032265144863914998,0.9006493506493505
2021-01-12 03:00:00+00:00,0.2478622862286228,0.0,0.0031606672519754,0.9012987012987012
2021-01-12 03:15:00+00:00,0.24915616561656162,0.0,0.0031606672519754,0.8995670995670995
2021-01-12 03:30:00+00:00,0.2504500450045004,0.0,0.0031606672519754,0.8978354978354978
2021-01-12 03:45:00+00:00,0.2517439243924392,0.0,0.0031606672519754,0.8961038961038961
2021-01-12 04:00:00+00:00,0.253037803780378,0.0,0.0031606672519754,0.8943722943722944
2021-01-12 04:15:00+00:00,0.25395664566456644,0.0,0.00313871817383665,0.9090909090909092
2021-01-12 04:30:00+00:00,0.2548754875487549,0.0,0.0031167690956979,0.923809523809524
2021-01-12 04:45:00+00:00,0.25579432943294333,0.0,0.0030948200175591996,0.9385281385281385
2021-01-12 05:00:00+00:00,0.2567131713171317,0.0,0.0030728709394205,0.9532467532467532
2021-01-12 05:15:00+00:00,0.25808205820582064,0.0,0.0030728709394205,0.964935064935065
2021-01-12 05:30:00+00:00,0.2594509450945095,0.0,0.0030728709394205,0.9766233766233766
2021-01-12 05:45:00+00:00,0.26081983198319836,0.0,0.0030728709394205,0.9883116883116883
2021-01-12 06:00:00+00:00,0.2621887188718872,0.0,0.0030728709394205,1.0
2021-01-12 06:15:00+00:00,0.2613448844884489,0.0,0.00449956101843715,1.0
2021-01-12 06:30:00+00:00,0.2605010501050105,0.0,0.0059262510974538,1.0
2021-01-12 06:45:00+00:00,0.2596572157215722,0.0,0.0073529411764705,1.0
2021-01-12 07:00:00+00:00,0.2588133813381338,0.0,0.0087796312554872,1.0
2021-01-12 07:15:00+00:00,0.25836333633363334,0.0,0.042032484635645254,1.0
2021-01-12 07:30:00+00:00,0.2579132913291329,0.0,0.0752853380158033,1.0
2021-01-12 07:45:00+00:00,0.25746324632463247,0.0,0.10853819139596135,1.0
2021-01-12 08:00:00+00:00,0.257013201320132,0.0,0.1417910447761194,1.0
2021-01-12 08:15:00+00:00,0.2534597209720972,0.0,0.19670763827919224,1.0
2021-01-12 08:30:00+00:00,0.2499062406240624,0.0,0.2516242317822651,1.0
2021-01-12 08:45:00+00:00,0.2463527602760276,0.0,0.306540825285338,1.0
2021-01-12 09:00:00+00:00,0.2427992799279928,0.0,0.3614574187884108,1.0
2021-01-12 09:15:00+00:00,0.24059593459345935,0.0,0.39161545215100957,1.0
2021-01-12 09:30:00+00:00,0.2383925892589259,0.0,0.4217734855136084,1.0
2021-01-12 09:45:00+00:00,0.23618924392439244,0.0,0.45193151887620714,1.0
2021-01-12 10:00:00+00:00,0.233985898589859,0.0,0.4820895522388059,1.0
2021-01-12 10:15:00+00:00,0.23229822982298232,0.0,0.49989025460930636,1.0
2021-01-12 10:30:00+00:00,0.2306105610561056,0.0,0.5176909569798068,1.0
2021-01-12 10:45:00+00:00,0.2289228922892289,0.0,0.5354916593503073,1.0
2021-01-12 11:00:00+00:00,0.2272352235223522,0.0,0.5532923617208078,1.0
2021-01-12 11:15:00+00:00,0.2273477347734773,0.0,0.5581431079894645,1.0
2021-01-12 11:30:00+00:00,0.2274602460246024,0.0,0.5629938542581212,1.0
2021-01-12 11:45:00+00:00,0.22757275727572757,0.0,0.5678446005267779,1.0
2021-01-12 12:00:00+00:00,0.2276852685268527,0.0,0.5726953467954345,1.0
2021-01-12 12:15:00+00:00,0.23045117011701172,0.0,0.5750438981562774,1.0
2021-01-12 12:30:00+00:00,0.2332170717071707,0.0,0.5773924495171203,1.0
2021-01-12 12:45:00+00:00,0.2359829732973297,0.0,0.5797410008779631,1.0
2021-01-12 13:00:00+00:00,0.2387488748874887,0.0,0.582089552238806,1.0
2021-01-12 13:15:00+00:00,0.2408209570957095,0.0,0.5799604916593504,0.9939393939393939
2021-01-12 13:30:00+00:00,0.2428930393039303,0.0,0.5778314310798947,0.9878787878787878
2021-01-12 13:45:00+00:00,0.24496512151215116,0.0,0.5757023705004389,0.9818181818181817
2021-01-12 14:00:00+00:00,0.247037203720372,0.0,0.5735733099209833,0.9757575757575756
2021-01-12 14:15:00+00:00,0.24886551155115505,0.0,0.5464661984196664,0.9733766233766232
2021-01-12 14:30:00+00:00,0.2506938193819381,0.0,0.5193590869183494,0.9709956709956707
2021-01-12 14:45:00+00:00,0.2525221272127212,0.0,0.4922519754170325,0.9686147186147185
2021-01-12 15:00:00+00:00,0.2543504350435043,0.0,0.4651448639157155,0.9662337662337662
2021-01-12 15:15:00+00:00,0.2591040354035403,0.0,0.40096575943810353,0.9746753246753247
2021-01-12 15:30:00+00:00,0.2638576357635763,0.0,0.3367866549604916,0.9831168831168832
2021-01-12 15:45:00+00:00,0.26861123612361226,0.0,0.27260755048287966,0.9915584415584415
2021-01-12 16:00:00+00:00,0.2733648364836483,0.0,0.2084284460052677,1.0
2021-01-12 16:15:00+00:00,0.2805936843684368,0.0,0.1651887620719929,1.0
2021-01-12 16:30:00+00:00,0.2878225322532253,0.0,0.1219490781387181,1.0
2021-01-12 16:45:00+00:00,0.2950513801380138,0.0,0.07870939420544329,1.0
2021-01-12 17:00:00+00:00,0.3022802280228023,0.0,0.0354697102721685,1.0
2021-01-12 17:15:00+00:00,0.3046617161716172,0.0,0.028994732221246648,1.0
2021-01-12 17:30:00+00:00,0.3070432043204321,0.0,0.0225197541703248,1.0
2021-01-12 17:45:00+00:00,0.309424692469247,0.0,0.01604477611940295,1.0
2021-01-12 18:00:00+00:00,0.3118061806180618,0.0,0.0095697980684811,1.0
2021-01-12 18:15:00+00:00,0.3109998499849985,0.0,0.008538191395961351,1.0
2021-01-12 18:30:00+00:00,0.3101935193519352,0.0,0.0075065847234416,1.0
2021-01-12 18:45:00+00:00,0.3093871887188719,0.0,0.00647497805092185,1.0
2021-01-12 19:00:00+00:00,0.3085808580858086,0.0,0.0054433713784021,1.0
2021-01-12 19:15:00+00:00,0.30905903090309034,0.0,0.00513608428446,1.0
2021-01-12 19:30:00+00:00,0.3095372037203721,0.0,0.0048287971905179,1.0
2021-01-12 19:45:00+00:00,0.31001537653765376,0.0,0.00452151009657585,1.0
2021-01-12 20:00:00+00:00,0.3104935493549355,0.0,0.0042142230026338,1.0
2021-01-12 20:15:00+00:00,0.3095653315331533,0.0,0.0042142230026338,1.0
2021-01-12 20:30:00+00:00,0.3086371137113711,0.0,0.0042142230026338,1.0
2021-01-12 20:45:00+00:00,0.30770889588958894,0.0,0.0042142230026338,1.0
2021-01-12 21:00:00+00:00,0.3067806780678068,0.0,0.0042142230026338,1.0
2021-01-12 21:15:00+00:00,0.304980498049805,0.0,0.0042142230026338,1.0
2021-01-12 21:30:00+00:00,0.3031803180318031,0.0,0.0042142230026338,1.0
2021-01-12 21:45:00+00:00,0.3013801380138013,0.0,0.0042142230026338,1.0
2021-01-12 22:00:00+00:00,0.2995799579957995,0.0,0.0042142230026338,1.0
2021-01-12 22:15:00+00:00,0.30043316831683164,0.0,0.0042142230026338,1.0
2021-01-12 22:30:00+00:00,0.3012863786378638,0.0,0.0042142230026338,1.0
2021-01-12 22:45:00+00:00,0.3021395889588959,0.0,0.0042142230026338,1.0
2021-01-12 23:00:00+00:00,0.302992799279928,0.0,0.0042142230026338,1.0
2021-01-12 23:15:00+00:00,0.301980198019802,0.0,0.0042142230026338,0.9948051948051948
2021-01-12 23:30:00+00:00,0.300967596759676,0.0,0.0042142230026338,0.9896103896103896
2021-01-12 23:45:00+00:00,0.29995499549954996,0.0,0.0042142230026338,0.9844155844155844
2021-01-13 00:00:00+00:00,0.2989423942394239,0.0,0.0042142230026338,0.9792207792207792
2021-01-13 00:15:00+00:00,0.299486198619862,0.0,0.0042142230026338,0.9742424242424241
2021-01-13 00:30:00+00:00,0.3000300030003,0.0,0.0042142230026338,0.9692640692640692
2021-01-13 00:45:00+00:00,0.300573807380738,0.0,0.0042142230026338,0.9642857142857142
2021-01-13 01:00:00+00:00,0.3011176117611761,0.0,0.0042142230026338,0.9593073593073592
2021-01-13 01:15:00+00:00,0.3013238823882388,0.0,0.0042142230026338,0.9465367965367966
2021-01-13 01:30:00+00:00,0.3015301530153015,0.0,0.0042142230026338,0.9337662337662338
2021-01-13 01:45:00+00:00,0.3017364236423642,0.0,0.0042142230026338,0.920995670995671
2021-01-13 02:00:00+00:00,0.3019426942694269,0.0,0.0042142230026338,0.9082251082251084
2021-01-13 02:15:00+00:00,0.3005550555055505,0.0,0.0042142230026338,0.9082251082251084
2021-01-13 02:30:00+00:00,0.2991674167416741,0.0,0.0042142230026338,0.9082251082251084
2021-01-13 02:45:00+00:00,0.29777977797779775,0.0,0.0042142230026338,0.9082251082251084
2021-01-13 03:00:00+00:00,0.2963921392139214,0.0,0.0042142230026338,0.9082251082251084
2021-01-13 03:15:00+00:00,0.2964108910891089,0.0,0.0042142230026338,0.9008658008658009
2021-01-13 03:30:00+00:00,0.2964296429642964,0.0,0.0042142230026338,0.8935064935064936
2021-01-13 03:45:00+00:00,0.29644839483948393,0.0,0.0042142230026338,0.8861471861471861
2021-01-13 04:00:00+00:00,0.2964671467146714,0.0,0.0042142230026338,0.8787878787878788
2021-01-13 04:15:00+00:00,0.2977797779777977,0.0,0.00419227392449505,0.8961038961038962
2021-01-13 04:30:00+00:00,0.299092409240924,0.0,0.0041703248463563,0.9134199134199136
2021-01-13 04:45:00+00:00,0.30040504050405037,0.0,0.00414837576821765,0.9307359307359309
2021-01-13 05:00:00+00:00,0.3017176717671767,0.0,0.004126426690079,0.948051948051948
2021-01-13 05:15:00+00:00,0.30408040804080405,0.0,0.00414837576821765,0.961038961038961
2021-01-13 05:30:00+00:00,0.3064431443144314,0.0,0.0041703248463563,0.974025974025974
2021-01-13 05:45:00+00:00,0.3088058805880588,0.0,0.00419227392449505,0.987012987012987
2021-01-13 06:00:00+00:00,0.3111686168616862,0.0,0.0042142230026338,1.0
2021-01-13 06:15:00+00:00,0.3098466096609661,0.0,0.0056628621597892,1.0
2021-01-13 06:30:00+00:00,0.308524602460246,0.0,0.0071115013169446,1.0
2021-01-13 06:45:00+00:00,0.30720259525952587,0.0,0.0085601404741,1.0
2021-01-13 07:00:00+00:00,0.3058805880588058,0.0,0.0100087796312554,1.0
2021-01-13 07:15:00+00:00,0.3029552955295529,0.0,0.0439420544337137,1.0
2021-01-13 07:30:00+00:00,0.3000300030003,0.0,0.077875329236172,1.0
2021-01-13 07:45:00+00:00,0.29710471047104714,0.0,0.1118086040386303,1.0
2021-01-13 08:00:00+00:00,0.2941794179417942,0.0,0.1457418788410886,1.0
2021-01-13 08:15:00+00:00,0.29052280228022803,0.0,0.20245829675153637,1.0
2021-01-13 08:30:00+00:00,0.2868661866186618,0.0,0.2591747146619841,1.0
2021-01-13 08:45:00+00:00,0.28320957095709565,0.0,0.3158911325724319,1.0
2021-01-13 09:00:00+00:00,0.2795529552955295,0.0,0.3726075504828797,1.0
2021-01-13 09:15:00+00:00,0.27343984398439836,0.0,0.4052677787532923,1.0
2021-01-13 09:30:00+00:00,0.2673267326732673,0.0,0.4379280070237049,1.0
2021-01-13 09:45:00+00:00,0.2612136213621362,0.0,0.47058823529411753,1.0
2021-01-13 10:00:00+00:00,0.2551005100510051,0.0,0.5032484635645302,1.0
2021-01-13 10:15:00+00:00,0.25162203720372034,0.0,0.5195785776997366,1.0
2021-01-13 10:30:00+00:00,0.2481435643564356,0.0,0.5359086918349429,1.0
2021-01-13 10:45:00+00:00,0.2446650915091509,0.0,0.5522388059701493,1.0
2021-01-13 11:00:00+00:00,0.2411866186618662,0.0,0.5685689201053555,1.0
2021-01-13 11:15:00+00:00,0.2410928592859286,0.0,0.5729148375768218,1.0
2021-01-13 11:30:00+00:00,0.240999099909991,0.0,0.577260755048288,1.0
2021-01-13 11:45:00+00:00,0.24090534053405338,0.0,0.5816066725197542,1.0
2021-01-13 12:00:00+00:00,0.2408115811581158,0.0,0.5859525899912204,1.0
2021-01-13 12:15:00+00:00,0.24075532553255324,0.0,0.5866330114135206,1.0
2021-01-13 12:30:00+00:00,0.2406990699069907,0.0,0.5873134328358209,1.0
2021-01-13 12:45:00+00:00,0.24064281428142814,0.0,0.5879938542581211,1.0
2021-01-13 13:00:00+00:00,0.2405865586558656,0.0,0.5886742756804214,1.0
2021-01-13 13:15:00+00:00,0.239011401140114,0.0,0.5847014925373135,1.0
2021-01-13 13:30:00+00:00,0.2374362436243624,0.0,0.5807287093942055,1.0
2021-01-13 13:45:00+00:00,0.23586108610861084,0.0,0.5767559262510975,1.0
2021-01-13 14:00:00+00:00,0.2342859285928593,0.0,0.5727831431079895,1.0
2021-01-13 14:15:00+00:00,0.23447344734473446,0.0,0.5483538191395961,1.0
2021-01-13 14:30:00+00:00,0.2346609660966096,0.0,0.5239244951712028,1.0
2021-01-13 14:45:00+00:00,0.2348484848484848,0.0,0.4994951712028094,1.0
2021-01-13 15:00:00+00:00,0.23503600360036,0.0,0.4750658472344161,1.0
2021-01-13 15:15:00+00:00,0.23813943894389433,0.0,0.4104697102721685,1.0
2021-01-13 15:30:00+00:00,0.2412428742874287,0.0,0.3458735733099209,1.0
2021-01-13 15:45:00+00:00,0.24434630963096304,0.0,0.2812774363476733,1.0
2021-01-13 16:00:00+00:00,0.2474497449744974,0.0,0.2166812993854258,1.0
2021-01-13 16:15:00+00:00,0.25042191719171913,0.0,0.1721466198419666,1.0
2021-01-13 16:30:00+00:00,0.2533940894089408,0.0,0.1276119402985074,1.0
2021-01-13 16:45:00+00:00,0.25636626162616255,0.0,0.08307726075504825,1.0
2021-01-13 17:00:00+00:00,0.2593384338433843,0.0,0.0385425812115891,1.0
2021-01-13 17:15:00+00:00,0.26106360636063597,0.0,0.0320237050043898,1.0
2021-01-13 17:30:00+00:00,0.2627887788778877,0.0,0.0255048287971905,1.0
2021-01-13 17:45:00+00:00,0.26451395139513945,0.0,0.0189859525899912,1.0
2021-01-13 18:00:00+00:00,0.2662391239123912,0.0,0.0124670763827919,1.0
2021-01-13 18:15:00+00:00,0.2674204920492049,0.0,0.01112818261633005,1.0
2021-01-13 18:30:00+00:00,0.2686018601860186,0.0,0.0097892888498682,1.0
2021-01-13 18:45:00+00:00,0.2697832283228323,0.0,0.0084503950834064,1.0
2021-01-13 19:00:00+00:00,0.270964596459646,0.0,0.0071115013169446,1.0
2021-01-13 19:15:00+00:00,0.27148964896489647,0.0,0.0070237050043897,1.0
2021-01-13 19:30:00+00:00,0.272014701470147,0.0,0.0069359086918348,1.0
2021-01-13 19:45:00+00:00,0.27253975397539754,0.0,0.006848112379279949,1.0
2021-01-13 20:00:00+00:00,0.273064806480648,0.0,0.0067603160667251,1.0
2021-01-13 20:15:00+00:00,0.2736461146114611,0.0,0.0062554872695346,1.0
2021-01-13 20:30:00+00:00,0.2742274227422742,0.0,0.0057506584723441,1.0
2021-01-13 20:45:00+00:00,0.2748087308730873,0.0,0.0052458296751536,1.0
2021-01-13 21:00:00+00:00,0.2753900390039004,0.0,0.0047410008779631,1.0
2021-01-13 21:15:00+00:00,0.276533903390339,0.0,0.00469710272168565,1.0
2021-01-13 21:30:00+00:00,0.2776777677767776,0.0,0.0046532045654082,1.0
2021-01-13 21:45:00+00:00,0.27882163216321626,0.0,0.00460930640913075,1.0
2021-01-13 22:00:00+00:00,0.2799654965496549,0.0,0.0045654082528533,1.0
2021-01-13 22:15:00+00:00,0.2810999849984998,0.0,0.0045654082528533,1.0
2021-01-13 22:30:00+00:00,0.2822344734473447,0.0,0.0045654082528533,1.0
2021-01-13 22:45:00+00:00,0.2833689618961896,0.0,0.0045654082528533,1.0
2021-01-13 23:00:00+00:00,0.2845034503450345,0.0,0.0045654082528533,1.0
2021-01-13 23:15:00+00:00,0.2871474647464747,0.0,0.0045654082528533,1.0
2021-01-13 23:30:00+00:00,0.2897914791479148,0.0,0.0045654082528533,1.0
2021-01-13 23:45:00+00:00,0.29243549354935494,0.0,0.0045654082528533,1.0
2021-01-14 00:00:00+00:00,0.2950795079507951,0.0,0.0045654082528533,1.0
2021-01-14 00:15:00+00:00,0.294301305130513,0.0,0.004477611940298399,1.0
2021-01-14 00:30:00+00:00,0.293523102310231,0.0,0.0043898156277435,1.0
2021-01-14 00:45:00+00:00,0.292744899489949,0.0,0.00430201931518865,1.0
2021-01-14 01:00:00+00:00,0.2919666966696669,0.0,0.0042142230026338,1.0
2021-01-14 01:15:00+00:00,0.2959514701470146,0.0,0.0039727831431079,1.0
2021-01-14 01:30:00+00:00,0.2999362436243624,0.0,0.003731343283582,1.0
2021-01-14 01:45:00+00:00,0.30392101710171016,0.0,0.0034899034240561,1.0
2021-01-14 02:00:00+00:00,0.3079057905790579,0.0,0.0032484635645302,1.0
2021-01-14 02:15:00+00:00,0.3114311431143114,0.0,0.0032265144863914998,0.9984848484848485
2021-01-14 02:30:00+00:00,0.3149564956495649,0.0,0.0032045654082528,0.9969696969696972
2021-01-14 02:45:00+00:00,0.31848184818481845,0.0,0.0031826163301141,0.9954545454545456
2021-01-14 03:00:00+00:00,0.322007200720072,0.0,0.0031606672519754,0.993939393939394
2021-01-14 03:15:00+00:00,0.3238073807380738,0.0,0.0031606672519754,0.992857142857143
2021-01-14 03:30:00+00:00,0.3256075607560756,0.0,0.0031606672519754,0.991774891774892
2021-01-14 03:45:00+00:00,0.3274077407740774,0.0,0.0031606672519754,0.9906926406926408
2021-01-14 04:00:00+00:00,0.3292079207920792,0.0,0.0031606672519754,0.9896103896103896
2021-01-14 04:15:00+00:00,0.33094246924692466,0.0,0.0031606672519754,0.988961038961039
2021-01-14 04:30:00+00:00,0.3326770177017701,0.0,0.0031606672519754,0.9883116883116884
2021-01-14 04:45:00+00:00,0.3344115661566156,0.0,0.0031606672519754,0.9876623376623377
2021-01-14 05:00:00+00:00,0.3361461146114611,0.0,0.0031606672519754,0.987012987012987
2021-01-14 05:15:00+00:00,0.33852760276027594,0.0,0.0031606672519754,0.988961038961039
2021-01-14 05:30:00+00:00,0.3409090909090908,0.0,0.0031606672519754,0.990909090909091
2021-01-14 05:45:00+00:00,0.3432905790579057,0.0,0.0031606672519754,0.9928571428571429
2021-01-14 06:00:00+00:00,0.3456720672067206,0.0,0.0031606672519754,0.9948051948051948
2021-01-14 06:15:00+00:00,0.3464971497149714,0.0,0.00458735733099205,0.9961038961038962
2021-01-14 06:30:00+00:00,0.3473222322232222,0.0,0.0060140474100087,0.9974025974025974
2021-01-14 06:45:00+00:00,0.3481473147314731,0.0,0.0074407374890254,0.9987012987012986
2021-01-14 07:00:00+00:00,0.3489723972397239,0.0,0.0088674275680421,1.0
2021-01-14 07:15:00+00:00,0.3466096609660966,0.0,0.03994732221246705,1.0
2021-01-14 07:30:00+00:00,0.3442469246924692,0.0,0.071027216856892,1.0
2021-01-14 07:45:00+00:00,0.34188418841884183,0.0,0.10210711150131695,1.0
2021-01-14 08:00:00+00:00,0.3395214521452145,0.0,0.1331870061457419,1.0
2021-01-14 08:15:00+00:00,0.335996099609961,0.0,0.1843283582089552,1.0
2021-01-14 08:30:00+00:00,0.3324707470747075,0.0,0.2354697102721685,1.0
2021-01-14 08:45:00+00:00,0.32894539453945393,0.0,0.28661106233538186,1.0
2021-01-14 09:00:00+00:00,0.3254200420042004,0.0,0.3377524143985952,1.0
2021-01-14 09:15:00+00:00,0.3219321932193218,0.0,0.3679323968393327,1.0
2021-01-14 09:30:00+00:00,0.3184443444344433,0.0,0.3981123792800702,1.0
2021-01-14 09:45:00+00:00,0.31495649564956485,0.0,0.4282923617208077,1.0
2021-01-14 10:00:00+00:00,0.3114686468646864,0.0,0.4584723441615452,1.0
2021-01-14 10:15:00+00:00,0.3113561356135613,0.0,0.4748024582967515,1.0
2021-01-14 10:30:00+00:00,0.3112436243624362,0.0,0.4911325724319578,1.0
2021-01-14 10:45:00+00:00,0.3111311131113111,0.0,0.5074626865671642,1.0
2021-01-14 11:00:00+00:00,0.311018601860186,0.0,0.5237928007023706,1.0
2021-01-14 11:15:00+00:00,0.31217184218421834,0.0,0.5281606672519754,1.0
2021-01-14 11:30:00+00:00,0.3133250825082507,0.0,0.5325285338015804,1.0
2021-01-14 11:45:00+00:00,0.31447832283228316,0.0,0.5368964003511854,1.0
2021-01-14 12:00:00+00:00,0.3156315631563156,0.0,0.5412642669007902,1.0
2021-01-14 12:15:00+00:00,0.31548154815481544,0.0,0.5417032484635645,1.0
2021-01-14 12:30:00+00:00,0.3153315331533153,0.0,0.542142230026339,1.0
2021-01-14 12:45:00+00:00,0.31518151815181517,0.0,0.5425812115891133,1.0
2021-01-14 13:00:00+00:00,0.315031503150315,0.0,0.5430201931518877,1.0
2021-01-14 13:15:00+00:00,0.3202163966396639,0.0,0.5358647936786656,1.0
2021-01-14 13:30:00+00:00,0.3254012901290128,0.0,0.5287093942054434,1.0
2021-01-14 13:45:00+00:00,0.3305861836183618,0.0,0.5215539947322212,1.0
2021-01-14 14:00:00+00:00,0.3357710771077107,0.0,0.5143985952589991,1.0
2021-01-14 14:15:00+00:00,0.3389495199519952,0.0,0.48489903424056185,1.0
2021-01-14 14:30:00+00:00,0.3421279627962796,0.0,0.4553994732221246,1.0
2021-01-14 14:45:00+00:00,0.34530640564056403,0.0,0.4258999122036874,1.0
2021-01-14 15:00:00+00:00,0.3484848484848485,0.0,0.3964003511852502,1.0
2021-01-14 15:15:00+00:00,0.3519164416441644,0.0,0.3420763827919227,1.0
2021-01-14 15:30:00+00:00,0.3553480348034803,0.0,0.2877524143985952,1.0
2021-01-14 15:45:00+00:00,0.3587796279627963,0.0,0.23342844600526774,1.0
2021-01-14 16:00:00+00:00,0.3622112211221122,0.0,0.1791044776119403,1.0
2021-01-14 16:15:00+00:00,0.36358010801080104,0.0,0.14214223002633886,1.0
2021-01-14 16:30:00+00:00,0.3649489948994899,0.0,0.1051799824407374,1.0
2021-01-14 16:45:00+00:00,0.36631788178817876,0.0,0.06821773485513599,1.0
2021-01-14 17:00:00+00:00,0.3676867686768676,0.0,0.0312554872695346,1.0
2021-01-14 17:15:00+00:00,0.36628037803780367,0.0,0.0251097453906935,1.0
2021-01-14 17:30:00+00:00,0.3648739873987398,0.0,0.0189640035118524,1.0
2021-01-14 17:45:00+00:00,0.3634675967596759,0.0,0.01281826163301135,1.0
2021-01-14 18:00:00+00:00,0.362061206120612,0.0,0.0066725197541703,1.0
2021-01-14 18:15:00+00:00,0.3640676567656765,0.0,0.005838454784899,1.0
2021-01-14 18:30:00+00:00,0.366074107410741,0.0,0.0050043898156277,1.0
2021-01-14 18:45:00+00:00,0.36808055805580553,0.0,0.0041703248463564,1.0
2021-01-14 19:00:00+00:00,0.3700870087008701,0.0,0.0033362598770851,1.0
2021-01-14 19:15:00+00:00,0.3691306630663066,0.0,0.0033362598770851,1.0
2021-01-14 19:30:00+00:00,0.3681743174317431,0.0,0.0033362598770851,1.0
2021-01-14 19:45:00+00:00,0.36721797179717963,0.0,0.0033362598770851,1.0
2021-01-14 20:00:00+00:00,0.3662616261626162,0.0,0.0033362598770851,1.0
2021-01-14 20:15:00+00:00,0.3669554455445544,0.0,0.0033362598770851,1.0
2021-01-14 20:30:00+00:00,0.3676492649264926,0.0,0.0033362598770851,1.0
2021-01-14 20:45:00+00:00,0.36834308430843077,0.0,0.0033362598770851,1.0
2021-01-14 21:00:00+00:00,0.369036903690369,0.0,0.0033362598770851,1.0
2021-01-14 21:15:00+00:00,0.3669085658565856,0.0,0.0033362598770851,1.0
2021-01-14 21:30:00+00:00,0.3647802280228022,0.0,0.0033362598770851,1.0
2021-01-14 21:45:00+00:00,0.36265189018901883,0.0,0.0033362598770851,1.0
2021-01-14 22:00:00+00:00,0.3605235523552355,0.0,0.0033362598770851,1.0
2021-01-14 22:15:00+00:00,0.3577107710771077,0.0,0.0033362598770851,1.0
2021-01-14 22:30:00+00:00,0.3548979897989799,0.0,0.0033362598770851,1.0
2021-01-14 22:45:00+00:00,0.3520852085208521,0.0,0.0033362598770851,1.0
2021-01-14 23:00:00+00:00,0.3492724272427243,0.0,0.0033362598770851,1.0
2021-01-14 23:15:00+00:00,0.347762901290129,0.0,0.00338015803336255,1.0
2021-01-14 23:30:00+00:00,0.3462533753375337,0.0,0.00342405618964,1.0
2021-01-14 23:45:00+00:00,0.34474384938493846,0.0,0.0034679543459174497,1.0
2021-01-15 00:00:00+00:00,0.3432343234323432,0.0,0.0035118525021949,1.0
2021-01-15 00:15:00+00:00,0.3433655865586558,0.0,0.0037313432835820496,1.0
2021-01-15 00:30:00+00:00,0.3434968496849684,0.0,0.0039508340649692,1.0
2021-01-15 00:45:00+00:00,0.34362811281128103,0.0,0.0041703248463563995,1.0
2021-01-15 01:00:00+00:00,0.3437593759375937,0.0,0.0043898156277436,1.0
2021-01-15 01:15:00+00:00,0.34183730873087304,0.0,0.00449956101843715,0.9997835497835498
2021-01-15 01:30:00+00:00,0.3399152415241524,0.0,0.0046093064091307,0.9995670995670995
2021-01-15 01:45:00+00:00,0.33799317431743175,0.0,0.004719051799824301,0.9993506493506494
2021-01-15 02:00:00+00:00,0.3360711071107111,0.0,0.0048287971905179,0.9991341991341992
2021-01-15 02:15:00+00:00,0.3364086408640864,0.0,0.0049604916593502,0.9993506493506493
2021-01-15 02:30:00+00:00,0.3367461746174617,0.0,0.0050921861281825,0.9995670995670995
2021-01-15 02:45:00+00:00,0.337083708370837,0.0,0.005223880597014849,0.9997835497835498
2021-01-15 03:00:00+00:00,0.3374212421242124,0.0,0.0053555750658472,1.0
2021-01-15 03:15:00+00:00,0.33820882088208815,0.0,0.0053994732221246,1.0
2021-01-15 03:30:00+00:00,0.338996399639964,0.0,0.005443371378402,1.0
2021-01-15 03:45:00+00:00,0.3397839783978398,0.0,0.0054872695346794495,1.0
2021-01-15 04:00:00+00:00,0.3405715571557156,0.0,0.0055311676909569,1.0
2021-01-15 04:15:00+00:00,0.3387151215121512,0.0,0.0055092186128182005,1.0
2021-01-15 04:30:00+00:00,0.3368586858685868,0.0,0.0054872695346795,1.0
2021-01-15 04:45:00+00:00,0.33500225022502245,0.0,0.0054653204565408,1.0
2021-01-15 05:00:00+00:00,0.3331458145814581,0.0,0.0054433713784021,1.0
2021-01-15 05:15:00+00:00,0.3349272427242723,0.0,0.0054433713784021,1.0
2021-01-15 05:30:00+00:00,0.3367086708670866,0.0,0.0054433713784021,1.0
2021-01-15 05:45:00+00:00,0.3384900990099009,0.0,0.0054433713784021,1.0
2021-01-15 06:00:00+00:00,0.3402715271527152,0.0,0.0054433713784021,1.0
2021-01-15 06:15:00+00:00,0.34076845184518445,0.0,0.0069359086918349,1.0
2021-01-15 06:30:00+00:00,0.3412653765376537,0.0,0.0084284460052677,1.0
2021-01-15 06:45:00+00:00,0.34176230123012297,0.0,0.00992098331870055,1.0
2021-01-15 07:00:00+00:00,0.3422592259225923,0.0,0.0114135206321334,1.0
2021-01-15 07:15:00+00:00,0.34294366936693665,0.0,0.04108867427568036,1.0
2021-01-15 07:30:00+00:00,0.3436281128112811,0.0,0.0707638279192273,1.0
2021-01-15 07:45:00+00:00,0.3443125562556255,0.0,0.10043898156277431,1.0
2021-01-15 08:00:00+00:00,0.34499699969997,0.0,0.1301141352063213,1.0
2021-01-15 08:15:00+00:00,0.3426342634263426,0.0,0.18007023705004385,1.0
2021-01-15 08:30:00+00:00,0.3402715271527152,0.0,0.2300263388937664,1.0
2021-01-15 08:45:00+00:00,0.3379087908790879,0.0,0.279982440737489,1.0
2021-01-15 09:00:00+00:00,0.3355460546054605,0.0,0.3299385425812116,1.0
2021-01-15 09:15:00+00:00,0.3319925742574257,0.0,0.3601404741000878,1.0
2021-01-15 09:30:00+00:00,0.3284390939093909,0.0,0.390342405618964,1.0
2021-01-15 09:45:00+00:00,0.3248856135613561,0.0,0.42054433713784023,1.0
2021-01-15 10:00:00+00:00,0.3213321332133213,0.0,0.4507462686567164,1.0
2021-01-15 10:15:00+00:00,0.3197288478847885,0.0,0.46749341527655836,1.0
2021-01-15 10:30:00+00:00,0.3181255625562556,0.0,0.4842405618964003,1.0
2021-01-15 10:45:00+00:00,0.3165222772277228,0.0,0.5009877085162423,1.0
2021-01-15 11:00:00+00:00,0.3149189918991899,0.0,0.5177348551360843,1.0
2021-01-15 11:15:00+00:00,0.31720672067206723,0.0,0.5227831431079895,1.0
2021-01-15 11:30:00+00:00,0.3194944494449445,0.0,0.5278314310798946,1.0
2021-01-15 11:45:00+00:00,0.3217821782178218,0.0,0.5328797190517998,1.0
2021-01-15 12:00:00+00:00,0.3240699069906991,0.0,0.537928007023705,1.0
2021-01-15 12:15:00+00:00,0.32552317731773184,0.0,0.5385645302897278,1.0
2021-01-15 12:30:00+00:00,0.3269764476447645,0.0,0.5392010535557507,1.0
2021-01-15 12:45:00+00:00,0.3284297179717972,0.0,0.5398375768217735,1.0
2021-01-15 13:00:00+00:00,0.3298829882988299,0.0,0.5404741000877963,1.0
2021-01-15 13:15:00+00:00,0.33118624362436244,0.0,0.5320017559262511,1.0
2021-01-15 13:30:00+00:00,0.332489498949895,0.0,0.5235294117647058,1.0
2021-01-15 13:45:00+00:00,0.33379275427542754,0.0,0.5150570676031606,1.0
2021-01-15 14:00:00+00:00,0.3350960096009601,0.0,0.5065847234416154,1.0
2021-01-15 14:15:00+00:00,0.3367086708670867,0.0,0.48380158033362597,1.0
2021-01-15 14:30:00+00:00,0.3383213321332133,0.0,0.4610184372256365,1.0
2021-01-15 14:45:00+00:00,0.33993399339933994,0.0,0.43823529411764706,1.0
2021-01-15 15:00:00+00:00,0.3415466546654665,0.0,0.4154521510096576,1.0
2021-01-15 15:15:00+00:00,0.3419779477947794,0.0,0.36224758560140474,1.0
2021-01-15 15:30:00+00:00,0.3424092409240923,0.0,0.3090430201931519,1.0
2021-01-15 15:45:00+00:00,0.34284053405340525,0.0,0.25583845478489897,1.0
2021-01-15 16:00:00+00:00,0.3432718271827182,0.0,0.2026338893766461,1.0
2021-01-15 16:15:00+00:00,0.34755663066306625,0.0,0.16007462686567153,1.0
2021-01-15 16:30:00+00:00,0.3518414341434143,0.0,0.117515364354697,1.0
2021-01-15 16:45:00+00:00,0.35612623762376233,0.0,0.0749561018437225,1.0
2021-01-15 17:00:00+00:00,0.3604110411041104,0.0,0.032396839332748,1.0
2021-01-15 17:15:00+00:00,0.3628769126912691,0.0,0.0259218612818261,1.0
2021-01-15 17:30:00+00:00,0.3653427842784278,0.0,0.0194468832309042,1.0
2021-01-15 17:45:00+00:00,0.36780865586558653,0.0,0.01297190517998235,1.0
2021-01-15 18:00:00+00:00,0.3702745274527452,0.0,0.0064969271290605,1.0
2021-01-15 18:15:00+00:00,0.3686806180618061,0.0,0.00621158911325715,1.0
2021-01-15 18:30:00+00:00,0.367086708670867,0.0,0.0059262510974538,1.0
2021-01-15 18:45:00+00:00,0.36549279927992795,0.0,0.0056409130816505,1.0
2021-01-15 19:00:00+00:00,0.3638988898889889,0.0,0.0053555750658472,1.0
2021-01-15 19:15:00+00:00,0.3638238823882388,0.0,0.0053555750658472,1.0
2021-01-15 19:30:00+00:00,0.3637488748874887,0.0,0.0053555750658472,1.0
2021-01-15 19:45:00+00:00,0.3636738673867387,0.0,0.0053555750658472,1.0
2021-01-15 20:00:00+00:00,0.3635988598859886,0.0,0.0053555750658472,1.0
2021-01-15 20:15:00+00:00,0.3646677167716772,0.0,0.0053555750658472,1.0
2021-01-15 20:30:00+00:00,0.3657365736573658,0.0,0.0053555750658472,1.0
2021-01-15 20:45:00+00:00,0.36680543054305437,0.0,0.0053555750658472,1.0
2021-01-15 21:00:00+00:00,0.3678742874287429,0.0,0.0053555750658472,1.0
2021-01-15 21:15:00+00:00,0.36842746774677465,0.0,0.00533362598770845,1.0
2021-01-15 21:30:00+00:00,0.3689806480648064,0.0,0.0053116769095697,1.0
2021-01-15 21:45:00+00:00,0.3695338283828382,0.0,0.005289727831431,1.0
2021-01-15 22:00:00+00:00,0.3700870087008701,0.0,0.0052677787532923,1.0
2021-01-15 22:15:00+00:00,0.3706870687068707,0.0,0.0052677787532923,1.0
2021-01-15 22:30:00+00:00,0.3712871287128713,0.0,0.0052677787532923,1.0
2021-01-15 22:45:00+00:00,0.3718871887188719,0.0,0.0052677787532923,1.0
2021-01-15 23:00:00+00:00,0.3724872487248725,0.0,0.0052677787532923,1.0
2021-01-15 23:15:00+00:00,0.37278727872787276,0.0,0.0052677787532923,1.0
2021-01-15 23:30:00+00:00,0.3730873087308731,0.0,0.0052677787532923,1.0
2021-01-15 23:45:00+00:00,0.3733873387338734,0.0,0.0052677787532923,1.0
2021-01-16 00:00:00+00:00,0.3736873687368737,0.0,0.0052677787532923,1.0
2021-01-16 00:15:00+00:00,0.3741842934293429,0.0,0.0052677787532923,0.9952380952380953
2021-01-16 00:30:00+00:00,0.3746812181218121,0.0,0.0052677787532923,0.9904761904761904
2021-01-16 00:45:00+00:00,0.37517814281428136,0.0,0.0052677787532923,0.9857142857142855
2021-01-16 01:00:00+00:00,0.3756750675067506,0.0,0.0052677787532923,0.9809523809523808
2021-01-16 01:15:00+00:00,0.3756094359435943,0.0,0.00524582967515355,0.9649350649350648
2021-01-16 01:30:00+00:00,0.375543804380438,0.0,0.0052238805970148,0.9489177489177488
2021-01-16 01:45:00+00:00,0.3754781728172817,0.0,0.0052019315188761,0.9329004329004329
2021-01-16 02:00:00+00:00,0.3754125412541254,0.0,0.0051799824407374,0.9168831168831169
2021-01-16 02:15:00+00:00,0.3749062406240623,0.0,0.0052019315188761,0.9116883116883117
2021-01-16 02:30:00+00:00,0.3743999399939993,0.0,0.0052238805970148,0.9064935064935064
2021-01-16 02:45:00+00:00,0.37389363936393627,0.0,0.00524582967515355,0.9012987012987013
2021-01-16 03:00:00+00:00,0.3733873387338733,0.0,0.0052677787532923,0.8961038961038961
2021-01-16 03:15:00+00:00,0.3726091359135913,0.0,0.00524582967515355,0.8954545454545454
2021-01-16 03:30:00+00:00,0.3718309330933093,0.0,0.0052238805970148,0.8948051948051947
2021-01-16 03:45:00+00:00,0.3710527302730272,0.0,0.0052019315188761,0.8941558441558441
2021-01-16 04:00:00+00:00,0.3702745274527452,0.0,0.0051799824407374,0.8935064935064935
2021-01-16 04:15:00+00:00,0.36494899489948984,0.0,0.0051580333625987,0.9121212121212121
2021-01-16 04:30:00+00:00,0.3596234623462345,0.0,0.00513608428446,0.9307359307359307
2021-01-16 04:45:00+00:00,0.3542979297929792,0.0,0.0051141352063213,0.9493506493506494
2021-01-16 05:00:00+00:00,0.3489723972397239,0.0,0.0050921861281826,0.967965367965368
2021-01-16 05:15:00+00:00,0.34513763876387626,0.0,0.0051141352063213,0.9632034632034632
2021-01-16 05:30:00+00:00,0.3413028802880287,0.0,0.00513608428446,0.9584415584415584
2021-01-16 05:45:00+00:00,0.3374681218121811,0.0,0.0051580333625987,0.9536796536796537
2021-01-16 06:00:00+00:00,0.3336333633363336,0.0,0.0051799824407374,0.9489177489177488
2021-01-16 06:15:00+00:00,0.3269764476447644,0.0,0.0068261633011412505,0.9495670995670996
2021-01-16 06:30:00+00:00,0.3203195319531953,0.0,0.0084723441615451,0.9502164502164504
2021-01-16 06:45:00+00:00,0.31366261626162617,0.0,0.010118525021949,0.9508658008658011
2021-01-16 07:00:00+00:00,0.307005700570057,0.0,0.0117647058823529,0.9515151515151516
2021-01-16 07:15:00+00:00,0.3005831833183318,0.0,0.04640035118525015,0.9636363636363637
2021-01-16 07:30:00+00:00,0.2941606660666066,0.0,0.0810359964881474,0.9757575757575758
2021-01-16 07:45:00+00:00,0.28773814881488147,0.0,0.1156716417910447,0.9878787878787879
2021-01-16 08:00:00+00:00,0.2813156315631563,0.0,0.150307287093942,1.0
2021-01-16 08:15:00+00:00,0.2739555205520552,0.0,0.2075285338015803,1.0
2021-01-16 08:30:00+00:00,0.266595409540954,0.0,0.2647497805092186,1.0
2021-01-16 08:45:00+00:00,0.25923529852985294,0.0,0.3219710272168569,1.0
2021-01-16 09:00:00+00:00,0.2518751875187519,0.0,0.3791922739244951,1.0
2021-01-16 09:15:00+00:00,0.2442056705670567,0.0,0.4132791922739244,1.0
2021-01-16 09:30:00+00:00,0.2365361536153615,0.0,0.4473661106233537,1.0
2021-01-16 09:45:00+00:00,0.22886663666366636,0.0,0.4814530289727831,1.0
2021-01-16 10:00:00+00:00,0.2211971197119712,0.0,0.5155399473222124,1.0
2021-01-16 10:15:00+00:00,0.21677167716771675,0.0,0.5302458296751535,1.0
2021-01-16 10:30:00+00:00,0.2123462346234623,0.0,0.5449517120280948,1.0
2021-01-16 10:45:00+00:00,0.20792079207920788,0.0,0.559657594381036,1.0
2021-01-16 11:00:00+00:00,0.2034953495349535,0.0,0.5743634767339771,1.0
2021-01-16 11:15:00+00:00,0.20098259825982595,0.0,0.5781387181738367,1.0
2021-01-16 11:30:00+00:00,0.1984698469846984,0.0,0.5819139596136962,1.0
2021-01-16 11:45:00+00:00,0.1959570957095709,0.0,0.5856892010535557,1.0
2021-01-16 12:00:00+00:00,0.1934443444344434,0.0,0.5894644424934152,1.0
2021-01-16 12:15:00+00:00,0.1937631263126312,0.0,0.5902326602282704,1.0
2021-01-16 12:30:00+00:00,0.194081908190819,0.0,0.5910008779631255,1.0
2021-01-16 12:45:00+00:00,0.19440069006900684,0.0,0.5917690956979806,1.0
2021-01-16 13:00:00+00:00,0.1947194719471947,0.0,0.5925373134328358,1.0
2021-01-16 13:15:00+00:00,0.1956570657065706,0.0,0.5866549604916593,1.0
2021-01-16 13:30:00+00:00,0.1965946594659465,0.0,0.5807726075504829,1.0
2021-01-16 13:45:00+00:00,0.19753225322532245,0.0,0.5748902546093064,1.0
2021-01-16 14:00:00+00:00,0.1984698469846984,0.0,0.56900790166813,1.0
2021-01-16 14:15:00+00:00,0.19966059105910586,0.0,0.5453467954345917,0.9965367965367965
2021-01-16 14:30:00+00:00,0.2008513351335133,0.0,0.5216856892010535,0.993073593073593
2021-01-16 14:45:00+00:00,0.20204207920792075,0.0,0.4980245829675153,0.9896103896103895
2021-01-16 15:00:00+00:00,0.2032328232823282,0.0,0.4743634767339771,0.986147186147186
2021-01-16 15:15:00+00:00,0.20378600360035998,0.0,0.4133669885864793,0.9896103896103895
2021-01-16 15:30:00+00:00,0.2043391839183918,0.0,0.3523705004389815,0.993073593073593
2021-01-16 15:45:00+00:00,0.2048923642364236,0.0,0.2913740122914837,0.9965367965367965
2021-01-16 16:00:00+00:00,0.2054455445544554,0.0,0.2303775241439859,1.0
2021-01-16 16:15:00+00:00,0.21003037803780372,0.0,0.1843503072870939,1.0
2021-01-16 16:30:00+00:00,0.214615211521152,0.0,0.1383230904302019,1.0
2021-01-16 16:45:00+00:00,0.21920004500450035,0.0,0.0922958735733099,1.0
2021-01-16 17:00:00+00:00,0.2237848784878487,0.0,0.0462686567164179,1.0
2021-01-16 17:15:00+00:00,0.2263257575757575,0.0,0.038784021071115005,1.0
2021-01-16 17:30:00+00:00,0.2288666366636663,0.0,0.0312993854258121,1.0
2021-01-16 17:45:00+00:00,0.2314075157515751,0.0,0.023814749780509202,1.0
2021-01-16 18:00:00+00:00,0.2339483948394839,0.0,0.0163301141352063,1.0
2021-01-16 18:15:00+00:00,0.23477347734773468,0.0,0.01553994732221245,1.0
2021-01-16 18:30:00+00:00,0.2355985598559855,0.0,0.0147497805092186,1.0
2021-01-16 18:45:00+00:00,0.23642364236423635,0.0,0.01395961369622475,1.0
2021-01-16 19:00:00+00:00,0.2372487248724872,0.0,0.0131694468832309,1.0
2021-01-16 19:15:00+00:00,0.23868324332433238,0.0,0.012159789288849799,1.0
2021-01-16 19:30:00+00:00,0.2401177617761776,0.0,0.0111501316944687,1.0
2021-01-16 19:45:00+00:00,0.2415522802280228,0.0,0.0101404741000877,1.0
2021-01-16 20:00:00+00:00,0.242986798679868,0.0,0.0091308165057067,1.0
2021-01-16 20:15:00+00:00,0.24389626462646263,0.0,0.00906496927129055,1.0
2021-01-16 20:30:00+00:00,0.2448057305730573,0.0,0.0089991220368744,1.0
2021-01-16 20:45:00+00:00,0.24571519651965196,0.0,0.00893327480245825,1.0
2021-01-16 21:00:00+00:00,0.2466246624662466,0.0,0.0088674275680421,1.0
2021-01-16 21:15:00+00:00,0.2463715121512151,0.0,0.00869183494293235,1.0
2021-01-16 21:30:00+00:00,0.2461183618361836,0.0,0.0085162423178226,1.0
2021-01-16 21:45:00+00:00,0.2458652115211521,0.0,0.008340649692712851,1.0
2021-01-16 22:00:00+00:00,0.2456120612061206,0.0,0.0081650570676031,1.0
2021-01-16 22:15:00+00:00,0.24414941494149411,0.0,0.00750658472344155,1.0
2021-01-16 22:30:00+00:00,0.2426867686768676,0.0,0.00684811237928,1.0
2021-01-16 22:45:00+00:00,0.24122412241224114,0.0,0.0061896400351184495,1.0
2021-01-16 23:00:00+00:00,0.2397614761476147,0.0,0.0055311676909569,1.0
2021-01-16 23:15:00+00:00,0.2411397389738973,0.0,0.0055311676909569,1.0
2021-01-16 23:30:00+00:00,0.2425180018001799,0.0,0.0055311676909569,1.0
2021-01-16 23:45:00+00:00,0.24389626462646255,0.0,0.0055311676909569,1.0
2021-01-17 00:00:00+00:00,0.2452745274527452,0.0,0.0055311676909569,1.0
2021-01-17 00:15:00+00:00,0.2448619861986198,0.0,0.0054872695346794495,0.9969696969696971
2021-01-17 00:30:00+00:00,0.2444494449444944,0.0,0.005443371378402,0.993939393939394
2021-01-17 00:45:00+00:00,0.244036903690369,0.0,0.0053994732221246,0.990909090909091
2021-01-17 01:00:00+00:00,0.2436243624362436,0.0,0.0053555750658472,0.987878787878788
2021-01-17 01:15:00+00:00,0.2434087158715871,0.0,0.00509218612818255,0.9829004329004329
2021-01-17 01:30:00+00:00,0.2431930693069306,0.0,0.0048287971905179,0.977922077922078
2021-01-17 01:45:00+00:00,0.24297742274227416,0.0,0.0045654082528533,0.972943722943723
2021-01-17 02:00:00+00:00,0.2427617761776177,0.0,0.0043020193151887,0.967965367965368
2021-01-17 02:15:00+00:00,0.24477760276027594,0.0,0.0042800702370499495,0.9636363636363636
2021-01-17 02:30:00+00:00,0.2467934293429342,0.0,0.0042581211589112,0.9593073593073592
2021-01-17 02:45:00+00:00,0.2488092559255925,0.0,0.0042361720807725,0.9549783549783549
2021-01-17 03:00:00+00:00,0.2508250825082508,0.0,0.0042142230026338,0.9506493506493506
2021-01-17 03:15:00+00:00,0.25330033003300323,0.0,0.0042142230026338,0.9474025974025975
2021-01-17 03:30:00+00:00,0.2557755775577557,0.0,0.0042142230026338,0.9441558441558442
2021-01-17 03:45:00+00:00,0.2582508250825082,0.0,0.0042142230026338,0.9409090909090909
2021-01-17 04:00:00+00:00,0.2607260726072607,0.0,0.0042142230026338,0.9376623376623376
2021-01-17 04:15:00+00:00,0.26084795979597963,0.0,0.0042142230026338,0.9385281385281385
2021-01-17 04:30:00+00:00,0.2609698469846985,0.0,0.0042142230026338,0.9393939393939394
2021-01-17 04:45:00+00:00,0.26109173417341736,0.0,0.0042142230026338,0.9402597402597404
2021-01-17 05:00:00+00:00,0.2612136213621362,0.0,0.0042142230026338,0.9411255411255413
2021-01-17 05:15:00+00:00,0.2625731323132313,0.0,0.0042142230026338,0.9391774891774892
2021-01-17 05:30:00+00:00,0.2639326432643264,0.0,0.0042142230026338,0.9372294372294372
2021-01-17 05:45:00+00:00,0.2652921542154215,0.0,0.0042142230026338,0.9352813852813853
2021-01-17 06:00:00+00:00,0.2666516651665166,0.0,0.0042142230026338,0.9333333333333332
2021-01-17 06:15:00+00:00,0.268348709870987,0.0,0.006035996488147399,0.9393939393939393
2021-01-17 06:30:00+00:00,0.2700457545754575,0.0,0.007857769973661,0.9454545454545454
2021-01-17 06:45:00+00:00,0.27174279927992795,0.0,0.00967954345917465,0.9515151515151515
2021-01-17 07:00:00+00:00,0.2734398439843984,0.0,0.0115013169446883,0.9575757575757576
2021-01-17 07:15:00+00:00,0.26887376237623756,0.0,0.0475636523266022,0.9573593073593074
2021-01-17 07:30:00+00:00,0.2643076807680767,0.0,0.0836259877085161,0.9571428571428572
2021-01-17 07:45:00+00:00,0.2597415991599159,0.0,0.1196883230904301,0.9569264069264071
2021-01-17 08:00:00+00:00,0.2551755175517551,0.0,0.1557506584723441,0.9567099567099568
2021-01-17 08:15:00+00:00,0.24991561656165612,0.0,0.21273046532045645,0.9675324675324677
2021-01-17 08:30:00+00:00,0.2446557155715571,0.0,0.2697102721685688,0.9783549783549784
2021-01-17 08:45:00+00:00,0.2393958145814581,0.0,0.32669007901668123,0.9891774891774892
2021-01-17 09:00:00+00:00,0.2341359135913591,0.0,0.3836698858647936,1.0
2021-01-17 09:15:00+00:00,0.23086371137113704,0.0,0.4204345917471466,0.9963203463203463
2021-01-17 09:30:00+00:00,0.227591509150915,0.0,0.4571992976294995,0.9926406926406924
2021-01-17 09:45:00+00:00,0.22431930693069302,0.0,0.4939640035118525,0.9889610389610388
2021-01-17 10:00:00+00:00,0.221047104710471,0.0,0.5307287093942055,0.9852813852813852
2021-01-17 10:15:00+00:00,0.2211314881488148,0.0,0.5448200175592625,0.9809523809523809
2021-01-17 10:30:00+00:00,0.2212158715871586,0.0,0.5589113257243196,0.9766233766233766
2021-01-17 10:45:00+00:00,0.22130025502550243,0.0,0.5730026338893766,0.9722943722943723
2021-01-17 11:00:00+00:00,0.2213846384638463,0.0,0.5870939420544337,0.967965367965368
2021-01-17 11:15:00+00:00,0.2285103510351034,0.0,0.5889596136962247,0.9759740259740259
2021-01-17 11:30:00+00:00,0.2356360636063605,0.0,0.5908252853380158,0.983982683982684
2021-01-17 11:45:00+00:00,0.2427617761776177,0.0,0.5926909569798069,0.991991341991342
2021-01-17 12:00:00+00:00,0.2498874887488749,0.0,0.5945566286215979,1.0
2021-01-17 12:15:00+00:00,0.25210958595859584,0.0,0.5946444249341527,1.0
2021-01-17 12:30:00+00:00,0.2543316831683168,0.0,0.5947322212467077,1.0
2021-01-17 12:45:00+00:00,0.2565537803780378,0.0,0.5948200175592625,1.0
2021-01-17 13:00:00+00:00,0.2587758775877588,0.0,0.5949078138718173,1.0
2021-01-17 13:15:00+00:00,0.2606041854185418,0.0,0.5886523266022827,1.0
2021-01-17 13:30:00+00:00,0.2624324932493249,0.0,0.582396839332748,1.0
2021-01-17 13:45:00+00:00,0.264260801080108,0.0,0.5761413520632133,1.0
2021-01-17 14:00:00+00:00,0.2660891089108911,0.0,0.5698858647936786,1.0
2021-01-17 14:15:00+00:00,0.2655359285928593,0.0,0.5403204565408253,1.0
2021-01-17 14:30:00+00:00,0.2649827482748275,0.0,0.5107550482879719,1.0
2021-01-17 14:45:00+00:00,0.2644295679567956,0.0,0.4811896400351185,1.0
2021-01-17 15:00:00+00:00,0.2638763876387638,0.0,0.4516242317822651,1.0
2021-01-17 15:15:00+00:00,0.2662203720372036,0.0,0.388542581211589,1.0
2021-01-17 15:30:00+00:00,0.2685643564356434,0.0,0.325460930640913,1.0
2021-01-17 15:45:00+00:00,0.2709083408340833,0.0,0.26237928007023703,1.0
2021-01-17 16:00:00+00:00,0.2732523252325232,0.0,0.199297629499561,1.0
2021-01-17 16:15:00+00:00,0.27603697869786975,0.0,0.15713345039508336,1.0
2021-01-17 16:30:00+00:00,0.2788216321632163,0.0,0.1149692712906057,1.0
2021-01-17 16:45:00+00:00,0.2816062856285628,0.0,0.0728050921861281,1.0
2021-01-17 17:00:00+00:00,0.2843909390939094,0.0,0.0306409130816505,1.0
2021-01-17 17:15:00+00:00,0.2847284728472847,0.0,0.02563652326602275,1.0
2021-01-17 17:30:00+00:00,0.28506600660066,0.0,0.020632133450395,1.0
2021-01-17 17:45:00+00:00,0.28540354035403537,0.0,0.01562774363476725,1.0
2021-01-17 18:00:00+00:00,0.2857410741074107,0.0,0.0106233538191395,1.0
2021-01-17 18:15:00+00:00,0.2821313381338133,0.0,0.010096575943810249,1.0
2021-01-17 18:30:00+00:00,0.278521602160216,0.0,0.009569798068481,1.0
2021-01-17 18:45:00+00:00,0.27491186618661867,0.0,0.009043020193151799,1.0
2021-01-17 19:00:00+00:00,0.2713021302130213,0.0,0.0085162423178226,1.0
2021-01-17 19:15:00+00:00,0.26492649264926493,0.0,0.008406496927129,1.0
2021-01-17 19:30:00+00:00,0.2585508550855085,0.0,0.0082967515364354,1.0
2021-01-17 19:45:00+00:00,0.25217521752175215,0.0,0.008187006145741799,1.0
2021-01-17 20:00:00+00:00,0.2457995799579958,0.0,0.0080772607550482,1.0
2021-01-17 20:15:00+00:00,0.24266801680168015,0.0,0.0080772607550482,1.0
2021-01-17 20:30:00+00:00,0.2395364536453645,0.0,0.0080772607550482,1.0
2021-01-17 20:45:00+00:00,0.23640489048904884,0.0,0.0080772607550482,1.0
2021-01-17 21:00:00+00:00,0.2332733273327332,0.0,0.0080772607550482,1.0
2021-01-17 21:15:00+00:00,0.23037616261626154,0.0,0.0075065847234415,1.0
2021-01-17 21:30:00+00:00,0.2274789978997899,0.0,0.0069359086918348,1.0
2021-01-17 21:45:00+00:00,0.22458183318331826,0.0,0.00636523266022815,1.0
2021-01-17 22:00:00+00:00,0.2216846684668466,0.0,0.0057945566286215,1.0
2021-01-17 22:15:00+00:00,0.21695919591959184,0.0,0.00566286215978915,1.0
2021-01-17 22:30:00+00:00,0.2122337233723371,0.0,0.0055311676909568,1.0
2021-01-17 22:45:00+00:00,0.2075082508250824,0.0,0.00539947322212455,1.0
2021-01-17 23:00:00+00:00,0.2027827782778277,0.0,0.0052677787532923,1.0
2021-01-17 23:15:00+00:00,0.20069194419441935,0.0,0.005289727831431,0.9987012987012986
2021-01-17 23:30:00+00:00,0.198601110111011,0.0,0.0053116769095697,0.9974025974025974
2021-01-17 23:45:00+00:00,0.19651027602760268,0.0,0.00533362598770845,0.9961038961038962
2021-01-18 00:00:00+00:00,0.1944194419441944,0.0,0.0053555750658472,0.9948051948051948
2021-01-18 00:15:00+00:00,0.19106285628562852,0.0,0.00531167690956975,0.9961038961038962
2021-01-18 00:30:00+00:00,0.1877062706270627,0.0,0.0052677787532923,0.9974025974025974
2021-01-18 00:45:00+00:00,0.18434968496849682,0.0,0.00522388059701485,0.9987012987012986
2021-01-18 01:00:00+00:00,0.180993099309931,0.0,0.0051799824407374,1.0
2021-01-18 01:15:00+00:00,0.17804905490549056,0.0,0.0051580333625987,0.9954545454545455
2021-01-18 01:30:00+00:00,0.1751050105010501,0.0,0.00513608428446,0.990909090909091
2021-01-18 01:45:00+00:00,0.17216096609660964,0.0,0.0051141352063213,0.9863636363636363
2021-01-18 02:00:00+00:00,0.1692169216921692,0.0,0.0050921861281826,0.9818181818181818
2021-01-18 02:15:00+00:00,0.16767926792679266,0.0,0.0051141352063213,0.9844155844155844
2021-01-18 02:30:00+00:00,0.1661416141614161,0.0,0.00513608428446,0.987012987012987
2021-01-18 02:45:00+00:00,0.16460396039603953,0.0,0.0051580333625987,0.9896103896103896
2021-01-18 03:00:00+00:00,0.163066306630663,0.0,0.0051799824407374,0.9922077922077922
2021-01-18 03:15:00+00:00,0.1609473447344734,0.0,0.0051799824407374,0.990909090909091
2021-01-18 03:30:00+00:00,0.1588283828382838,0.0,0.0051799824407374,0.9896103896103896
2021-01-18 03:45:00+00:00,0.1567094209420942,0.0,0.0051799824407374,0.9883116883116883
2021-01-18 04:00:00+00:00,0.1545904590459046,0.0,0.0051799824407374,0.987012987012987
2021-01-18 04:15:00+00:00,0.151768301830183,0.0,0.0051799824407374,0.9902597402597402
2021-01-18 04:30:00+00:00,0.1489461446144614,0.0,0.0051799824407374,0.9935064935064934
2021-01-18 04:45:00+00:00,0.14612398739873983,0.0,0.0051799824407374,0.9967532467532467
2021-01-18 05:00:00+00:00,0.1433018301830183,0.0,0.0051799824407374,1.0
2021-01-18 05:15:00+00:00,0.14310493549354936,0.0,0.0051799824407374,1.0
2021-01-18 05:30:00+00:00,0.1429080408040804,0.0,0.0051799824407374,1.0
2021-01-18 05:45:00+00:00,0.14271114611461144,0.0,0.0051799824407374,1.0
2021-01-18 06:00:00+00:00,0.1425142514251425,0.0,0.0051799824407374,1.0
2021-01-18 06:15:00+00:00,0.14128600360036,0.0,0.006782265144863801,1.0
2021-01-18 06:30:00+00:00,0.1400577557755775,0.0,0.0083845478489902,1.0
2021-01-18 06:45:00+00:00,0.13882950795079504,0.0,0.00998683055311665,1.0
2021-01-18 07:00:00+00:00,0.1376012601260126,0.0,0.0115891132572431,1.0
2021-01-18 07:15:00+00:00,0.1321444644464446,0.0,0.04631255487269525,1.0
2021-01-18 07:30:00+00:00,0.1266876687668766,0.0,0.0810359964881474,1.0
2021-01-18 07:45:00+00:00,0.12123087308730865,0.0,0.1157594381035996,1.0
2021-01-18 08:00:00+00:00,0.1157740774077407,0.0,0.1504828797190518,1.0
2021-01-18 08:15:00+00:00,0.10900465046504645,0.0,0.20899912203687443,1.0
2021-01-18 08:30:00+00:00,0.1022352235223522,0.0,0.2675153643546971,1.0
2021-01-18 08:45:00+00:00,0.09546579657965795,0.0,0.32603160667251974,1.0
2021-01-18 09:00:00+00:00,0.0886963696369637,0.0,0.3845478489903424,1.0
2021-01-18 09:15:00+00:00,0.08457095709570955,0.0,0.41946883230904297,1.0
2021-01-18 09:30:00+00:00,0.0804455445544554,0.0,0.4543898156277436,1.0
2021-01-18 09:45:00+00:00,0.0763201320132013,0.0,0.48931079894644425,1.0
2021-01-18 10:00:00+00:00,0.0721947194719472,0.0,0.5242317822651449,1.0
2021-01-18 10:15:00+00:00,0.0697944794479448,0.0,0.5411106233538192,1.0
2021-01-18 10:30:00+00:00,0.0673942394239424,0.0,0.5579894644424934,1.0
2021-01-18 10:45:00+00:00,0.06499399939994,0.0,0.5748683055311676,1.0
2021-01-18 11:00:00+00:00,0.0625937593759376,0.0,0.591747146619842,1.0
2021-01-18 11:15:00+00:00,0.06146864686468645,0.0,0.5929982440737489,1.0
2021-01-18 11:30:00+00:00,0.0603435343534353,0.0,0.5942493415276558,1.0
2021-01-18 11:45:00+00:00,0.05921842184218415,0.0,0.5955004389815628,1.0
2021-01-18 12:00:00+00:00,0.058093309330933,0.0,0.5967515364354697,1.0
2021-01-18 12:15:00+00:00,0.0576526402640263,0.0,0.5965320456540826,1.0
2021-01-18 12:30:00+00:00,0.0572119711971196,0.0,0.5963125548726954,1.0
2021-01-18 12:45:00+00:00,0.05677130213021295,0.0,0.5960930640913082,1.0
2021-01-18 13:00:00+00:00,0.0563306330633063,0.0,0.595873573309921,1.0
2021-01-18 13:15:00+00:00,0.055111761176117546,0.0,0.5901668129938542,1.0
2021-01-18 13:30:00+00:00,0.0538928892889288,0.0,0.5844600526777874,1.0
2021-01-18 13:45:00+00:00,0.0526740174017401,0.0,0.5787532923617207,1.0
2021-01-18 14:00:00+00:00,0.0514551455145514,0.0,0.573046532045654,1.0
2021-01-18 14:15:00+00:00,0.049036153615361455,0.0,0.5479587357330992,1.0
2021-01-18 14:30:00+00:00,0.0466171617161715,0.0,0.5228709394205443,1.0
2021-01-18 14:45:00+00:00,0.0441981698169816,0.0,0.49778314310798943,1.0
2021-01-18 15:00:00+00:00,0.0417791779177917,0.0,0.4726953467954345,1.0
2021-01-18 15:15:00+00:00,0.0404665466546654,0.0,0.40996488147497795,1.0
2021-01-18 15:30:00+00:00,0.0391539153915391,0.0,0.3472344161545214,1.0
2021-01-18 15:45:00+00:00,0.0378412841284128,0.0,0.2845039508340649,1.0
2021-01-18 16:00:00+00:00,0.0365286528652865,0.0,0.2217734855136084,1.0
2021-01-18 16:15:00+00:00,0.0365755325532553,0.0,0.17528533801580332,1.0
2021-01-18 16:30:00+00:00,0.0366224122412241,0.0,0.1287971905179982,1.0
2021-01-18 16:45:00+00:00,0.0366692919291929,0.0,0.0823090430201931,1.0
2021-01-18 17:00:00+00:00,0.0367161716171617,0.0,0.035820895522388,1.0
2021-01-18 17:15:00+00:00,0.036341134113411305,0.0,0.0291922739244951,1.0
2021-01-18 17:30:00+00:00,0.0359660966096609,0.0,0.0225636523266022,1.0
2021-01-18 17:45:00+00:00,0.03559105910591055,0.0,0.01593503072870935,1.0
2021-01-18 18:00:00+00:00,0.0352160216021602,0.0,0.0093064091308165,1.0
2021-01-18 18:15:00+00:00,0.03677242724272425,0.0,0.00856014047410005,1.0
2021-01-18 18:30:00+00:00,0.0383288328832883,0.0,0.0078138718173836,1.0
2021-01-18 18:45:00+00:00,0.03988523852385235,0.0,0.0070676031606672005,1.0
2021-01-18 19:00:00+00:00,0.0414416441644164,0.0,0.0063213345039508,1.0
2021-01-18 19:15:00+00:00,0.0444888238823882,0.0,0.00590430201931515,1.0
2021-01-18 19:30:00+00:00,0.04753600360036,0.0,0.0054872695346795,1.0
2021-01-18 19:45:00+00:00,0.050583183318331795,0.0,0.005070237050043849,1.0
2021-01-18 20:00:00+00:00,0.0536303630363036,0.0,0.0046532045654082,1.0
2021-01-18 20:15:00+00:00,0.0566494149414941,0.0,0.0046532045654082,1.0
2021-01-18 20:30:00+00:00,0.0596684668466846,0.0,0.0046532045654082,1.0
2021-01-18 20:45:00+00:00,0.06268751875187514,0.0,0.0046532045654082,1.0
2021-01-18 21:00:00+00:00,0.0657065706570657,0.0,0.0046532045654082,1.0
2021-01-18 21:15:00+00:00,0.070525802580258,0.0,0.004719051799824349,1.0
2021-01-18 21:30:00+00:00,0.0753450345034503,0.0,0.0047848990342405,1.0
2021-01-18 21:45:00+00:00,0.0801642664266426,0.0,0.00485074626865665,1.0
2021-01-18 22:00:00+00:00,0.0849834983498349,0.0,0.0049165935030728,1.0
2021-01-18 22:15:00+00:00,0.09086221122112201,0.0,0.0047848990342405,1.0
2021-01-18 22:30:00+00:00,0.0967409240924091,0.0,0.0046532045654082,1.0
2021-01-18 22:45:00+00:00,0.10261963696369625,0.0,0.0045215100965758995,1.0
2021-01-18 23:00:00+00:00,0.1084983498349834,0.0,0.0043898156277436,1.0
2021-01-18 23:15:00+00:00,0.1156990699069906,0.0,0.0041703248463563995,1.0
2021-01-18 23:30:00+00:00,0.1228997899789978,0.0,0.0039508340649692,1.0
2021-01-18 23:45:00+00:00,0.13010051005100504,0.0,0.00373134328358205,1.0
2021-01-19 00:00:00+00:00,0.1373012301230123,0.0,0.0035118525021949,1.0
2021-01-19 00:15:00+00:00,0.1421673417341734,0.0,0.0034679543459174497,1.0
2021-01-19 00:30:00+00:00,0.1470334533453345,0.0,0.00342405618964,1.0
2021-01-19 00:45:00+00:00,0.1518995649564956,0.0,0.00338015803336255,1.0
2021-01-19 01:00:00+00:00,0.1567656765676567,0.0,0.0033362598770851,1.0
2021-01-19 01:15:00+00:00,0.1611442394239423,0.0,0.00338015803336255,1.0
2021-01-19 01:30:00+00:00,0.1655228022802279,0.0,0.00342405618964,1.0
2021-01-19 01:45:00+00:00,0.1699013651365136,0.0,0.0034679543459174497,1.0
2021-01-19 02:00:00+00:00,0.1742799279927993,0.0,0.0035118525021949,1.0
2021-01-19 02:15:00+00:00,0.17878037803780375,0.0,0.0035338015803336002,0.9982683982683983
2021-01-19 02:30:00+00:00,0.1832808280828082,0.0,0.0035557506584723,0.9965367965367966
2021-01-19 02:45:00+00:00,0.1877812781278127,0.0,0.003577699736611,0.9948051948051949
2021-01-19 03:00:00+00:00,0.1922817281728172,0.0,0.0035996488147497,0.9930735930735932
2021-01-19 03:15:00+00:00,0.19614461446144604,0.0,0.0035996488147497,0.9948051948051949
2021-01-19 03:30:00+00:00,0.2000075007500749,0.0,0.0035996488147497,0.9965367965367966
2021-01-19 03:45:00+00:00,0.2038703870387038,0.0,0.0035996488147497,0.9982683982683983
2021-01-19 04:00:00+00:00,0.2077332733273327,0.0,0.0035996488147497,1.0
2021-01-19 04:15:00+00:00,0.2101522652265226,0.0,0.00353380158033355,0.9984848484848485
2021-01-19 04:30:00+00:00,0.2125712571257125,0.0,0.0034679543459174,0.9969696969696972
2021-01-19 04:45:00+00:00,0.21499024902490244,0.0,0.0034021071115012498,0.9954545454545456
2021-01-19 05:00:00+00:00,0.2174092409240924,0.0,0.0033362598770851,0.993939393939394
2021-01-19 05:15:00+00:00,0.2185999849984998,0.0,0.0033362598770851,0.9954545454545456
2021-01-19 05:30:00+00:00,0.2197907290729072,0.0,0.0033362598770851,0.9969696969696972
2021-01-19 05:45:00+00:00,0.22098147314731464,0.0,0.0033362598770851,0.9984848484848485
2021-01-19 06:00:00+00:00,0.2221722172217221,0.0,0.0033362598770851,1.0
2021-01-19 06:15:00+00:00,0.2235598559855985,0.0,0.0049165935030728,1.0
2021-01-19 06:30:00+00:00,0.2249474947494749,0.0,0.0064969271290605,1.0
2021-01-19 06:45:00+00:00,0.2263351335133513,0.0,0.0080772607550482,1.0
2021-01-19 07:00:00+00:00,0.2277227722772277,0.0,0.0096575943810359,1.0
2021-01-19 07:15:00+00:00,0.2292885538553855,0.0,0.039508340649692594,1.0
2021-01-19 07:30:00+00:00,0.2308543354335433,0.0,0.0693590869183493,1.0
2021-01-19 07:45:00+00:00,0.23242011701170115,0.0,0.09920983318700605,1.0
2021-01-19 08:00:00+00:00,0.233985898589859,0.0,0.1290605794556628,1.0
2021-01-19 08:15:00+00:00,0.2318481848184818,0.0,0.17855575065847223,1.0
2021-01-19 08:30:00+00:00,0.2297104710471046,0.0,0.2280509218612817,1.0
2021-01-19 08:45:00+00:00,0.2275727572757275,0.0,0.2775460930640912,1.0
2021-01-19 09:00:00+00:00,0.2254350435043504,0.0,0.3270412642669008,1.0
2021-01-19 09:15:00+00:00,0.22270664566456638,0.0,0.35006584723441614,1.0
2021-01-19 09:30:00+00:00,0.2199782478247824,0.0,0.3730904302019315,1.0
2021-01-19 09:45:00+00:00,0.21724984998499847,0.0,0.39611501316944686,1.0
2021-01-19 10:00:00+00:00,0.2145214521452145,0.0,0.4191395961369622,1.0
2021-01-19 10:15:00+00:00,0.214305805580558,0.0,0.42499999999999993,1.0
2021-01-19 10:30:00+00:00,0.2140901590159015,0.0,0.4308604038630377,1.0
2021-01-19 10:45:00+00:00,0.21387451245124506,0.0,0.43672080772607547,1.0
2021-01-19 11:00:00+00:00,0.2136588658865886,0.0,0.4425812115891132,1.0
2021-01-19 11:15:00+00:00,0.21583408340834076,0.0,0.4422739244951711,1.0
2021-01-19 11:30:00+00:00,0.2180093009300929,0.0,0.4419666374012291,1.0
2021-01-19 11:45:00+00:00,0.2201845184518451,0.0,0.4416593503072871,1.0
2021-01-19 12:00:00+00:00,0.2223597359735973,0.0,0.441352063213345,1.0
2021-01-19 12:15:00+00:00,0.22333483348334826,0.0,0.4366988586479368,1.0
2021-01-19 12:30:00+00:00,0.2243099309930992,0.0,0.4320456540825285,1.0
2021-01-19 12:45:00+00:00,0.2252850285028502,0.0,0.42739244951712024,1.0
2021-01-19 13:00:00+00:00,0.2262601260126012,0.0,0.422739244951712,1.0
2021-01-19 13:15:00+00:00,0.22615699069906986,0.0,0.4100746268656716,1.0
2021-01-19 13:30:00+00:00,0.2260538553855385,0.0,0.3974100087796312,1.0
2021-01-19 13:45:00+00:00,0.22595072007200714,0.0,0.3847453906935908,1.0
2021-01-19 14:00:00+00:00,0.2258475847584758,0.0,0.3720807726075504,1.0
2021-01-19 14:15:00+00:00,0.22839783978397835,0.0,0.3501316944688322,1.0
2021-01-19 14:30:00+00:00,0.2309480948094809,0.0,0.328182616330114,1.0
2021-01-19 14:45:00+00:00,0.23349834983498347,0.0,0.30623353819139587,1.0
2021-01-19 15:00:00+00:00,0.236048604860486,0.0,0.2842844600526777,1.0
2021-01-19 15:15:00+00:00,0.23935831083108305,0.0,0.23880597014925364,1.0
2021-01-19 15:30:00+00:00,0.2426680168016801,0.0,0.1933274802458296,1.0
2021-01-19 15:45:00+00:00,0.2459777227722772,0.0,0.14784899034240556,1.0
2021-01-19 16:00:00+00:00,0.2492874287428743,0.0,0.1023705004389815,1.0
2021-01-19 16:15:00+00:00,0.25350660066006603,0.0,0.07917032484635639,1.0
2021-01-19 16:30:00+00:00,0.2577257725772577,0.0,0.0559701492537313,1.0
2021-01-19 16:45:00+00:00,0.2619449444944494,0.0,0.0327699736611062,1.0
2021-01-19 17:00:00+00:00,0.2661641164116411,0.0,0.0095697980684811,1.0
2021-01-19 17:15:00+00:00,0.27176155115511547,0.0,0.0083625987708516,1.0
2021-01-19 17:30:00+00:00,0.2773589858985898,0.0,0.0071553994732221,1.0
2021-01-19 17:45:00+00:00,0.28295642064206417,0.0,0.0059482001755926,1.0
2021-01-19 18:00:00+00:00,0.2885538553855385,0.0,0.0047410008779631,1.0
2021-01-19 18:15:00+00:00,0.2938606360636063,0.0,0.0046532045654082005,1.0
2021-01-19 18:30:00+00:00,0.2991674167416741,0.0,0.0045654082528533,1.0
2021-01-19 18:45:00+00:00,0.3044741974197419,0.0,0.00447761194029845,1.0
2021-01-19 19:00:00+00:00,0.3097809780978098,0.0,0.0043898156277436,1.0
2021-01-19 19:15:00+00:00,0.3133063306330633,0.0,0.00436786654960485,1.0
2021-01-19 19:30:00+00:00,0.3168316831683168,0.0,0.0043459174714661,1.0
2021-01-19 19:45:00+00:00,0.3203570357035703,0.0,0.004323968393327399,1.0
2021-01-19 20:00:00+00:00,0.3238823882388238,0.0,0.0043020193151887,1.0
2021-01-19 20:15:00+00:00,0.33097059705970594,0.0,0.0041922739244951,1.0
2021-01-19 20:30:00+00:00,0.338058805880588,0.0,0.0040825285338015,1.0
2021-01-19 20:45:00+00:00,0.34514701470147013,0.0,0.003972783143107899,1.0
2021-01-19 21:00:00+00:00,0.3522352235223522,0.0,0.0038630377524143,1.0
2021-01-19 21:15:00+00:00,0.35512301230123006,0.0,0.0037313432835819997,1.0
2021-01-19 21:30:00+00:00,0.3580108010801079,0.0,0.0035996488147497,1.0
2021-01-19 21:45:00+00:00,0.3608985898589858,0.0,0.0034679543459174003,1.0
2021-01-19 22:00:00+00:00,0.3637863786378638,0.0,0.0033362598770851,1.0
2021-01-19 22:15:00+00:00,0.3646302130213021,0.0,0.0033362598770851,1.0
2021-01-19 22:30:00+00:00,0.3654740474047404,0.0,0.0033362598770851,1.0
2021-01-19 22:45:00+00:00,0.3663178817881787,0.0,0.0033362598770851,1.0
2021-01-19 23:00:00+00:00,0.3671617161716171,0.0,0.0033362598770851,1.0
2021-01-19 23:15:00+00:00,0.36874624962496244,0.0,0.0033362598770851,1.0
2021-01-19 23:30:00+00:00,0.3703307830783078,0.0,0.0033362598770851,1.0
2021-01-19 23:45:00+00:00,0.37191531653165316,0.0,0.0033362598770851,1.0
2021-01-20 00:00:00+00:00,0.3734998499849985,0.0,0.0033362598770851,1.0
2021-01-20 00:15:00+00:00,0.37591884188418845,0.0,0.0033362598770851,1.0
2021-01-20 00:30:00+00:00,0.3783378337833783,0.0,0.0033362598770851,1.0
2021-01-20 00:45:00+00:00,0.3807568256825682,0.0,0.0033362598770851,1.0
2021-01-20 01:00:00+00:00,0.3831758175817581,0.0,0.0033362598770851,1.0
2021-01-20 01:15:00+00:00,0.3906953195319531,0.0,0.0033362598770851,0.9980519480519481
2021-01-20 01:30:00+00:00,0.3982148214821481,0.0,0.0033362598770851,0.9961038961038962
2021-01-20 01:45:00+00:00,0.4057343234323431,0.0,0.0033362598770851,0.9941558441558442
2021-01-20 02:00:00+00:00,0.4132538253825382,0.0,0.0033362598770851,0.9922077922077922
2021-01-20 02:15:00+00:00,0.4160947344734473,0.0,0.0033362598770851,0.9809523809523809
2021-01-20 02:30:00+00:00,0.4189356435643564,0.0,0.0033362598770851,0.9696969696969696
2021-01-20 02:45:00+00:00,0.4217765526552655,0.0,0.0033362598770851,0.9584415584415584
2021-01-20 03:00:00+00:00,0.4246174617461746,0.0,0.0033362598770851,0.9471861471861472
2021-01-20 03:15:00+00:00,0.43004612961296124,0.0,0.0033362598770851,0.9532467532467532
2021-01-20 03:30:00+00:00,0.4354747974797479,0.0,0.0033362598770851,0.9593073593073592
2021-01-20 03:45:00+00:00,0.4409034653465346,0.0,0.0033362598770851,0.9653679653679653
2021-01-20 04:00:00+00:00,0.4463321332133213,0.0,0.0033362598770851,0.9714285714285714
2021-01-20 04:15:00+00:00,0.45509863486348634,0.0,0.0033362598770851,0.9785714285714286
2021-01-20 04:30:00+00:00,0.4638651365136513,0.0,0.0033362598770851,0.9857142857142858
2021-01-20 04:45:00+00:00,0.47263163816381637,0.0,0.0033362598770851,0.9928571428571429
2021-01-20 05:00:00+00:00,0.4813981398139814,0.0,0.0033362598770851,1.0
2021-01-20 05:15:00+00:00,0.4882331983198319,0.0,0.0033362598770851,1.0
2021-01-20 05:30:00+00:00,0.4950682568256825,0.0,0.0033362598770851,1.0
2021-01-20 05:45:00+00:00,0.5019033153315331,0.0,0.0033362598770851,1.0
2021-01-20 06:00:00+00:00,0.5087383738373837,0.0,0.0033362598770851,1.0
2021-01-20 06:15:00+00:00,0.5132950795079507,0.0,0.0037093942054433,1.0
2021-01-20 06:30:00+00:00,0.5178517851785178,0.0,0.0040825285338015,1.0
2021-01-20 06:45:00+00:00,0.5224084908490849,0.0,0.0044556628621597,1.0
2021-01-20 07:00:00+00:00,0.526965196519652,0.0,0.0048287971905179,1.0
2021-01-20 07:15:00+00:00,0.5285684818481848,0.0,0.01027216856892,1.0
2021-01-20 07:30:00+00:00,0.5301717671767177,0.0,0.0157155399473221,1.0
2021-01-20 07:45:00+00:00,0.5317750525052506,0.0,0.02115891132572425,1.0
2021-01-20 08:00:00+00:00,0.5333783378337834,0.0,0.0266022827041264,1.0
2021-01-20 08:15:00+00:00,0.5362286228622863,0.0,0.0384328358208955,1.0
2021-01-20 08:30:00+00:00,0.5390789078907892,0.0,0.0502633889376646,1.0
2021-01-20 08:45:00+00:00,0.541929192919292,0.0,0.06209394205443369,1.0
2021-01-20 09:00:00+00:00,0.5447794779477948,0.0,0.0739244951712028,1.0
2021-01-20 09:15:00+00:00,0.5481266876687668,0.0,0.08248463564530284,1.0
2021-01-20 09:30:00+00:00,0.551473897389739,0.0,0.0910447761194029,1.0
2021-01-20 09:45:00+00:00,0.5548211071107111,0.0,0.099604916593503,1.0
2021-01-20 10:00:00+00:00,0.5581683168316832,0.0,0.1081650570676031,1.0
2021-01-20 10:15:00+00:00,0.5591715421542154,0.0,0.117208077260755,1.0
2021-01-20 10:30:00+00:00,0.5601747674767477,0.0,0.1262510974539069,1.0
2021-01-20 10:45:00+00:00,0.5611779927992799,0.0,0.1352941176470588,1.0
2021-01-20 11:00:00+00:00,0.5621812181218122,0.0,0.1443371378402107,1.0
2021-01-20 11:15:00+00:00,0.5623687368736874,0.0,0.14648814749780506,1.0
2021-01-20 11:30:00+00:00,0.5625562556255626,0.0,0.1486391571553994,1.0
2021-01-20 11:45:00+00:00,0.5627437743774377,0.0,0.1507901668129938,1.0
2021-01-20 12:00:00+00:00,0.5629312931293129,0.0,0.1529411764705882,1.0
2021-01-20 12:15:00+00:00,0.5694569456945695,0.0,0.15002194907813865,1.0
2021-01-20 12:30:00+00:00,0.575982598259826,0.0,0.1471027216856891,1.0
2021-01-20 12:45:00+00:00,0.5825082508250825,0.0,0.14418349429323962,1.0
2021-01-20 13:00:00+00:00,0.589033903390339,0.0,0.1412642669007901,1.0
2021-01-20 13:15:00+00:00,0.5892870537053705,0.0,0.1393327480245829,1.0
2021-01-20 13:30:00+00:00,0.5895402040204021,0.0,0.1374012291483757,1.0
2021-01-20 13:45:00+00:00,0.5897933543354336,0.0,0.13546971027216848,1.0
2021-01-20 14:00:00+00:00,0.590046504650465,0.0,0.1335381913959613,1.0
2021-01-20 14:15:00+00:00,0.588415091509151,0.0,0.12622914837576815,1.0
2021-01-20 14:30:00+00:00,0.5867836783678368,0.0,0.118920105355575,1.0
2021-01-20 14:45:00+00:00,0.5851522652265226,0.0,0.11161106233538184,1.0
2021-01-20 15:00:00+00:00,0.5835208520852085,0.0,0.1043020193151887,1.0
2021-01-20 15:15:00+00:00,0.5819738223822382,0.0,0.08724758560140465,1.0
2021-01-20 15:30:00+00:00,0.5804267926792679,0.0,0.0701931518876206,1.0
2021-01-20 15:45:00+00:00,0.5788797629762976,0.0,0.0531387181738366,1.0
2021-01-20 16:00:00+00:00,0.5773327332733273,0.0,0.0360842844600526,1.0
2021-01-20 16:15:00+00:00,0.5743605610561056,0.0,0.027655838454784802,1.0
2021-01-20 16:30:00+00:00,0.5713883888388839,0.0,0.019227392449517,1.0
2021-01-20 16:45:00+00:00,0.5684162166216622,0.0,0.010798946444249249,1.0
2021-01-20 17:00:00+00:00,0.5654440444044404,0.0,0.0023705004389815,1.0
2021-01-20 17:15:00+00:00,0.5667004200420042,0.0,0.0021510096575943,1.0
2021-01-20 17:30:00+00:00,0.5679567956795679,0.0,0.0019315188762071,1.0
2021-01-20 17:45:00+00:00,0.5692131713171317,0.0,0.00171202809481995,1.0
2021-01-20 18:00:00+00:00,0.5704695469546954,0.0,0.0014925373134328,1.0
2021-01-20 18:15:00+00:00,0.5691569156915691,0.0,0.00144863915715535,1.0
2021-01-20 18:30:00+00:00,0.5678442844284428,0.0,0.0014047410008779,1.0
2021-01-20 18:45:00+00:00,0.5665316531653165,0.0,0.00136084284460045,1.0
2021-01-20 19:00:00+00:00,0.5652190219021902,0.0,0.001316944688323,1.0
2021-01-20 19:15:00+00:00,0.5650690069006901,0.0,0.001316944688323,1.0
2021-01-20 19:30:00+00:00,0.5649189918991899,0.0,0.001316944688323,1.0
2021-01-20 19:45:00+00:00,0.5647689768976898,0.0,0.001316944688323,1.0
2021-01-20 20:00:00+00:00,0.5646189618961897,0.0,0.001316944688323,1.0
2021-01-20 20:15:00+00:00,0.5635032253225323,0.0,0.0012949956101843,1.0
2021-01-20 20:30:00+00:00,0.5623874887488749,0.0,0.0012730465320456,1.0
2021-01-20 20:45:00+00:00,0.5612717521752175,0.0,0.0012510974539069,1.0
2021-01-20 21:00:00+00:00,0.5601560156015601,0.0,0.0012291483757682,1.0
2021-01-20 21:15:00+00:00,0.5606998199819981,0.0,0.0012291483757682,1.0
2021-01-20 21:30:00+00:00,0.5612436243624362,0.0,0.0012291483757682,1.0
2021-01-20 21:45:00+00:00,0.5617874287428744,0.0,0.0012291483757682,1.0
2021-01-20 22:00:00+00:00,0.5623312331233123,0.0,0.0012291483757682,1.0
2021-01-20 22:15:00+00:00,0.5648533603360336,0.0,0.0012510974539069,1.0
2021-01-20 22:30:00+00:00,0.5673754875487549,0.0,0.0012730465320456,1.0
2021-01-20 22:45:00+00:00,0.5698976147614762,0.0,0.0012949956101843,1.0
2021-01-20 23:00:00+00:00,0.5724197419741974,0.0,0.001316944688323,1.0
2021-01-20 23:15:00+00:00,0.5728979147914791,0.0,0.0012949956101843,1.0
2021-01-20 23:30:00+00:00,0.5733760876087608,0.0,0.0012730465320456,1.0
2021-01-20 23:45:00+00:00,0.5738542604260425,0.0,0.0012510974539069,1.0
2021-01-21 00:00:00+00:00,0.5743324332433243,0.0,0.0012291483757682,1.0
2021-01-21 00:15:00+00:00,0.5755044254425442,0.0,0.0012291483757682,1.0
2021-01-21 00:30:00+00:00,0.5766764176417641,0.0,0.0012291483757682,1.0
2021-01-21 00:45:00+00:00,0.5778484098409841,0.0,0.0012291483757682,1.0
2021-01-21 01:00:00+00:00,0.579020402040204,0.0,0.0012291483757682,1.0
2021-01-21 01:15:00+00:00,0.5718853135313531,0.0,0.0012510974539069,1.0
2021-01-21 01:30:00+00:00,0.5647502250225022,0.0,0.0012730465320456,1.0
2021-01-21 01:45:00+00:00,0.5576151365136512,0.0,0.0012949956101843,1.0
2021-01-21 02:00:00+00:00,0.5504800480048004,0.0,0.001316944688323,1.0
2021-01-21 02:15:00+00:00,0.5553086558655865,0.0,0.001316944688323,1.0
2021-01-21 02:30:00+00:00,0.5601372637263726,0.0,0.001316944688323,1.0
2021-01-21 02:45:00+00:00,0.5649658715871587,0.0,0.001316944688323,1.0
2021-01-21 03:00:00+00:00,0.5697944794479448,0.0,0.001316944688323,1.0
2021-01-21 03:15:00+00:00,0.5743793129312932,0.0,0.001316944688323,1.0
2021-01-21 03:30:00+00:00,0.5789641464146416,0.0,0.001316944688323,1.0
2021-01-21 03:45:00+00:00,0.5835489798979898,0.0,0.001316944688323,1.0
2021-01-21 04:00:00+00:00,0.5881338133813382,0.0,0.001316944688323,1.0
2021-01-21 04:15:00+00:00,0.5926155115511551,0.0,0.001316944688323,1.0
2021-01-21 04:30:00+00:00,0.5970972097209721,0.0,0.001316944688323,1.0
2021-01-21 04:45:00+00:00,0.6015789078907892,0.0,0.001316944688323,1.0
2021-01-21 05:00:00+00:00,0.6060606060606061,0.0,0.001316944688323,1.0
2021-01-21 05:15:00+00:00,0.6037822532253225,0.0,0.0012949956101843,1.0
2021-01-21 05:30:00+00:00,0.6015039003900391,0.0,0.0012730465320456,1.0
2021-01-21 05:45:00+00:00,0.5992255475547555,0.0,0.0012510974539069,1.0
2021-01-21 06:00:00+00:00,0.596947194719472,0.0,0.0012291483757682,1.0
2021-01-21 06:15:00+00:00,0.591415391539154,0.0,0.0026777875329236003,1.0
2021-01-21 06:30:00+00:00,0.5858835883588359,0.0,0.004126426690079,1.0
2021-01-21 06:45:00+00:00,0.5803517851785178,0.0,0.0055750658472343995,1.0
2021-01-21 07:00:00+00:00,0.5748199819981998,0.0,0.0070237050043898,1.0
2021-01-21 07:15:00+00:00,0.5700007500750075,0.0,0.02568042142230025,1.0
2021-01-21 07:30:00+00:00,0.5651815181518152,0.0,0.0443371378402107,1.0
2021-01-21 07:45:00+00:00,0.5603622862286228,0.0,0.06299385425812115,1.0
2021-01-21 08:00:00+00:00,0.5555430543054305,0.0,0.0816505706760316,1.0
2021-01-21 08:15:00+00:00,0.5595184518451845,0.0,0.10913081650570675,1.0
2021-01-21 08:30:00+00:00,0.5634938493849384,0.0,0.1366110623353819,1.0
2021-01-21 08:45:00+00:00,0.5674692469246925,0.0,0.16409130816505704,1.0
2021-01-21 09:00:00+00:00,0.5714446444644464,0.0,0.1915715539947322,1.0
2021-01-21 09:15:00+00:00,0.5771077107710771,0.0,0.2065627743634767,1.0
2021-01-21 09:30:00+00:00,0.5827707770777077,0.0,0.2215539947322212,1.0
2021-01-21 09:45:00+00:00,0.5884338433843384,0.0,0.23654521510096574,1.0
2021-01-21 10:00:00+00:00,0.5940969096909691,0.0,0.2515364354697103,1.0
2021-01-21 10:15:00+00:00,0.6021508400840083,0.0,0.2624451273046532,1.0
2021-01-21 10:30:00+00:00,0.6102047704770477,0.0,0.2733538191395961,1.0
2021-01-21 10:45:00+00:00,0.618258700870087,0.0,0.28426251097453903,1.0
2021-01-21 11:00:00+00:00,0.6263126312631263,0.0,0.295171202809482,1.0
2021-01-21 11:15:00+00:00,0.6321444644464447,0.0,0.29212028094820014,1.0
2021-01-21 11:30:00+00:00,0.6379762976297629,0.0,0.2890693590869183,1.0
2021-01-21 11:45:00+00:00,0.6438081308130813,0.0,0.28601843722563647,1.0
2021-01-21 12:00:00+00:00,0.6496399639963997,0.0,0.2829675153643547,1.0
2021-01-21 12:15:00+00:00,0.6532965796579658,0.0,0.27407813871817377,1.0
2021-01-21 12:30:00+00:00,0.656953195319532,0.0,0.2651887620719929,1.0
2021-01-21 12:45:00+00:00,0.6606098109810981,0.0,0.25629938542581204,1.0
2021-01-21 13:00:00+00:00,0.6642664266426642,0.0,0.2474100087796312,1.0
2021-01-21 13:15:00+00:00,0.665916591659166,0.0,0.22971905179982435,1.0
2021-01-21 13:30:00+00:00,0.6675667566756676,0.0,0.2120280948200175,1.0
2021-01-21 13:45:00+00:00,0.6692169216921693,0.0,0.19433713784021064,1.0
2021-01-21 14:00:00+00:00,0.6708670867086709,0.0,0.1766461808604038,1.0
2021-01-21 14:15:00+00:00,0.6689356435643565,0.0,0.1622914837576821,1.0
2021-01-21 14:30:00+00:00,0.667004200420042,0.0,0.1479367866549604,1.0
2021-01-21 14:45:00+00:00,0.6650727572757277,0.0,0.13358208955223877,1.0
2021-01-21 15:00:00+00:00,0.6631413141314132,0.0,0.1192273924495171,1.0
2021-01-21 15:15:00+00:00,0.6582939543954396,0.0,0.1003950834064969,1.0
2021-01-21 15:30:00+00:00,0.653446594659466,0.0,0.0815627743634767,1.0
2021-01-21 15:45:00+00:00,0.6485992349234924,0.0,0.0627304653204565,1.0
2021-01-21 16:00:00+00:00,0.6437518751875188,0.0,0.0438981562774363,1.0
2021-01-21 16:15:00+00:00,0.6426455145514551,0.0,0.0341527655838454,1.0
2021-01-21 16:30:00+00:00,0.6415391539153915,0.0,0.0244073748902545,1.0
2021-01-21 16:45:00+00:00,0.6404327932793279,0.0,0.01466198419666365,1.0
2021-01-21 17:00:00+00:00,0.6393264326432643,0.0,0.0049165935030728,1.0
2021-01-21 17:15:00+00:00,0.6379200420042004,0.0,0.0041044776119402,1.0
2021-01-21 17:30:00+00:00,0.6365136513651365,0.0,0.0032923617208076,1.0
2021-01-21 17:45:00+00:00,0.6351072607260726,0.0,0.00248024582967505,1.0
2021-01-21 18:00:00+00:00,0.6337008700870087,0.0,0.0016681299385425,1.0
2021-01-21 18:15:00+00:00,0.6302130213021303,0.0,0.00162423178226505,1.0
2021-01-21 18:30:00+00:00,0.6267251725172518,0.0,0.0015803336259876,1.0
2021-01-21 18:45:00+00:00,0.6232373237323733,0.0,0.0015364354697102,1.0
2021-01-21 19:00:00+00:00,0.6197494749474948,0.0,0.0014925373134328,1.0
2021-01-21 19:15:00+00:00,0.6206683168316832,0.0,0.0014925373134328,1.0
2021-01-21 19:30:00+00:00,0.6215871587158717,0.0,0.0014925373134328,1.0
2021-01-21 19:45:00+00:00,0.62250600060006,0.0,0.0014925373134328,1.0
2021-01-21 20:00:00+00:00,0.6234248424842485,0.0,0.0014925373134328,1.0
2021-01-21 20:15:00+00:00,0.621690294029403,0.0,0.0014925373134328,1.0
2021-01-21 20:30:00+00:00,0.6199557455745575,0.0,0.0014925373134328,1.0
2021-01-21 20:45:00+00:00,0.618221197119712,0.0,0.0014925373134328,1.0
2021-01-21 21:00:00+00:00,0.6164866486648665,0.0,0.0014925373134328,1.0
2021-01-21 21:15:00+00:00,0.6078232823282328,0.0,0.0014925373134328,1.0
2021-01-21 21:30:00+00:00,0.5991599159915991,0.0,0.0014925373134328,1.0
2021-01-21 21:45:00+00:00,0.5904965496549655,0.0,0.0014925373134328,1.0
2021-01-21 22:00:00+00:00,0.5818331833183318,0.0,0.0014925373134328,1.0
2021-01-21 22:15:00+00:00,0.5793860636063606,0.0,0.0014925373134328,1.0
2021-01-21 22:30:00+00:00,0.5769389438943895,0.0,0.0014925373134328,1.0
2021-01-21 22:45:00+00:00,0.5744918241824183,0.0,0.0014925373134328,1.0
2021-01-21 23:00:00+00:00,0.5720447044704471,0.0,0.0014925373134328,1.0
2021-01-21 23:15:00+00:00,0.5737511251125114,0.0,0.0014925373134328,1.0
2021-01-21 23:30:00+00:00,0.5754575457545755,0.0,0.0014925373134328,1.0
2021-01-21 23:45:00+00:00,0.5771639663966397,0.0,0.0014925373134328,1.0
2021-01-22 00:00:00+00:00,0.5788703870387039,0.0,0.0014925373134328,1.0
2021-01-22 00:15:00+00:00,0.5796860936093609,0.0,0.0014925373134328,1.0
2021-01-22 00:30:00+00:00,0.580501800180018,0.0,0.0014925373134328,1.0
2021-01-22 00:45:00+00:00,0.5813175067506751,0.0,0.0014925373134328,1.0
2021-01-22 01:00:00+00:00,0.5821332133213322,0.0,0.0014925373134328,1.0
2021-01-22 01:15:00+00:00,0.5778015301530153,0.0,0.0014925373134328,1.0
2021-01-22 01:30:00+00:00,0.5734698469846985,0.0,0.0014925373134328,1.0
2021-01-22 01:45:00+00:00,0.5691381638163817,0.0,0.0014925373134328,1.0
2021-01-22 02:00:00+00:00,0.5648064806480648,0.0,0.0014925373134328,1.0
2021-01-22 02:15:00+00:00,0.5681255625562557,0.0,0.0014925373134328,1.0
2021-01-22 02:30:00+00:00,0.5714446444644464,0.0,0.0014925373134328,1.0
2021-01-22 02:45:00+00:00,0.5747637263726373,0.0,0.0014925373134328,1.0
2021-01-22 03:00:00+00:00,0.578082808280828,0.0,0.0014925373134328,1.0
2021-01-22 03:15:00+00:00,0.5776608910891089,0.0,0.0014925373134328,1.0
2021-01-22 03:30:00+00:00,0.5772389738973898,0.0,0.0014925373134328,1.0
2021-01-22 03:45:00+00:00,0.5768170567056705,0.0,0.0014925373134328,1.0
2021-01-22 04:00:00+00:00,0.5763951395139514,0.0,0.0014925373134328,1.0
2021-01-22 04:15:00+00:00,0.5722697269726973,0.0,0.00147058823529405,1.0
2021-01-22 04:30:00+00:00,0.5681443144314431,0.0,0.0014486391571553,1.0
2021-01-22 04:45:00+00:00,0.564018901890189,0.0,0.0014266900790166001,1.0
2021-01-22 05:00:00+00:00,0.5598934893489349,0.0,0.0014047410008779,1.0
2021-01-22 05:15:00+00:00,0.554511701170117,0.0,0.0014266900790166001,1.0
2021-01-22 05:30:00+00:00,0.5491299129912992,0.0,0.0014486391571553,1.0
2021-01-22 05:45:00+00:00,0.5437481248124814,0.0,0.00147058823529405,1.0
2021-01-22 06:00:00+00:00,0.5383663366336634,0.0,0.0014925373134328,1.0
2021-01-22 06:15:00+00:00,0.5377006450645065,0.0,0.0024582967515364,1.0
2021-01-22 06:30:00+00:00,0.5370349534953496,0.0,0.00342405618964,1.0
2021-01-22 06:45:00+00:00,0.5363692619261926,0.0,0.004389815627743599,1.0
2021-01-22 07:00:00+00:00,0.5357035703570358,0.0,0.0053555750658472,1.0
2021-01-22 07:15:00+00:00,0.5460171017101711,0.0,0.026053555750658403,1.0
2021-01-22 07:30:00+00:00,0.5563306330633064,0.0,0.0467515364354696,1.0
2021-01-22 07:45:00+00:00,0.5666441644164417,0.0,0.06744951712028086,1.0
2021-01-22 08:00:00+00:00,0.576957695769577,0.0,0.0881474978050921,1.0
2021-01-22 08:15:00+00:00,0.5804174167416742,0.0,0.123046532045654,1.0
2021-01-22 08:30:00+00:00,0.5838771377137715,0.0,0.1579455662862159,1.0
2021-01-22 08:45:00+00:00,0.5873368586858687,0.0,0.1928446005267778,1.0
2021-01-22 09:00:00+00:00,0.5907965796579658,0.0,0.2277436347673397,1.0
2021-01-22 09:15:00+00:00,0.5978941644164417,0.0,0.24374451273046527,1.0
2021-01-22 09:30:00+00:00,0.6049917491749175,0.0,0.2597453906935908,1.0
2021-01-22 09:45:00+00:00,0.6120893339333933,0.0,0.27574626865671636,1.0
2021-01-22 10:00:00+00:00,0.6191869186918691,0.0,0.2917471466198419,1.0
2021-01-22 10:15:00+00:00,0.6235186018601859,0.0,0.29297629499561006,1.0
2021-01-22 10:30:00+00:00,0.6278502850285028,0.0,0.2942054433713783,1.0
2021-01-22 10:45:00+00:00,0.6321819681968197,0.0,0.29543459174714654,1.0
2021-01-22 11:00:00+00:00,0.6365136513651365,0.0,0.2966637401229148,1.0
2021-01-22 11:15:00+00:00,0.6432643264326432,0.0,0.2935689201053555,1.0
2021-01-22 11:30:00+00:00,0.65001500150015,0.0,0.2904741000877963,1.0
2021-01-22 11:45:00+00:00,0.6567656765676568,0.0,0.287379280070237,1.0
2021-01-22 12:00:00+00:00,0.6635163516351635,0.0,0.2842844600526777,1.0
2021-01-22 12:15:00+00:00,0.6685606060606061,0.0,0.2837796312554872,1.0
2021-01-22 12:30:00+00:00,0.6736048604860486,0.0,0.2832748024582967,1.0
2021-01-22 12:45:00+00:00,0.6786491149114912,0.0,0.28276997366110623,1.0
2021-01-22 13:00:00+00:00,0.6836933693369337,0.0,0.2822651448639157,1.0
2021-01-22 13:15:00+00:00,0.6835808580858086,0.0,0.280684811237928,1.0
2021-01-22 13:30:00+00:00,0.6834683468346835,0.0,0.2791044776119403,1.0
2021-01-22 13:45:00+00:00,0.6833558355835584,0.0,0.2775241439859526,1.0
2021-01-22 14:00:00+00:00,0.6832433243324333,0.0,0.2759438103599649,1.0
2021-01-22 14:15:00+00:00,0.6842559255925593,0.0,0.26200614574187886,1.0
2021-01-22 14:30:00+00:00,0.6852685268526852,0.0,0.2480684811237928,1.0
2021-01-22 14:45:00+00:00,0.6862811281128113,0.0,0.23413081650570675,1.0
2021-01-22 15:00:00+00:00,0.6872937293729373,0.0,0.2201931518876207,1.0
2021-01-22 15:15:00+00:00,0.6834120912091209,0.0,0.1871158911325724,1.0
2021-01-22 15:30:00+00:00,0.6795304530453046,0.0,0.1540386303775241,1.0
2021-01-22 15:45:00+00:00,0.6756488148814881,0.0,0.1209613696224758,1.0
2021-01-22 16:00:00+00:00,0.6717671767176717,0.0,0.0878841088674275,1.0
2021-01-22 16:15:00+00:00,0.6644258175817581,0.0,0.06755926251097444,1.0
2021-01-22 16:30:00+00:00,0.6570844584458446,0.0,0.0472344161545214,1.0
2021-01-22 16:45:00+00:00,0.649743099309931,0.0,0.026909569798068397,1.0
2021-01-22 17:00:00+00:00,0.6424017401740174,0.0,0.0065847234416154,1.0
2021-01-22 17:15:00+00:00,0.6375168766876688,0.0,0.00544337137840205,1.0
2021-01-22 17:30:00+00:00,0.6326320132013201,0.0,0.0043020193151887,1.0
2021-01-22 17:45:00+00:00,0.6277471497149715,0.0,0.00316066725197535,1.0
2021-01-22 18:00:00+00:00,0.6228622862286228,0.0,0.002019315188762,1.0
2021-01-22 18:15:00+00:00,0.6195525802580257,0.0,0.002019315188762,1.0
2021-01-22 18:30:00+00:00,0.6162428742874287,0.0,0.002019315188762,1.0
2021-01-22 18:45:00+00:00,0.6129331683168318,0.0,0.002019315188762,1.0
2021-01-22 19:00:00+00:00,0.6096234623462347,0.0,0.002019315188762,1.0
2021-01-22 19:15:00+00:00,0.6103829132913292,0.0,0.002019315188762,1.0
2021-01-22 19:30:00+00:00,0.6111423642364237,0.0,0.002019315188762,1.0
2021-01-22 19:45:00+00:00,0.6119018151815181,0.0,0.002019315188762,1.0
2021-01-22 20:00:00+00:00,0.6126612661266126,0.0,0.002019315188762,1.0
2021-01-22 20:15:00+00:00,0.613158190819082,0.0,0.00199736611062325,1.0
2021-01-22 20:30:00+00:00,0.6136551155115512,0.0,0.0019754170324845,1.0
2021-01-22 20:45:00+00:00,0.6141520402040204,0.0,0.0019534679543458,1.0
2021-01-22 21:00:00+00:00,0.6146489648964897,0.0,0.0019315188762071,1.0
2021-01-22 21:15:00+00:00,0.6164866486648666,0.0,0.0019534679543458,1.0
2021-01-22 21:30:00+00:00,0.6183243324332434,0.0,0.0019754170324845,1.0
2021-01-22 21:45:00+00:00,0.6201620162016203,0.0,0.00199736611062325,1.0
2021-01-22 22:00:00+00:00,0.621999699969997,0.0,0.002019315188762,1.0
2021-01-22 22:15:00+00:00,0.6255344284428442,0.0,0.0020412642669007004,1.0
2021-01-22 22:30:00+00:00,0.6290691569156915,0.0,0.0020632133450394,1.0
2021-01-22 22:45:00+00:00,0.6326038853885388,0.0,0.0020851624231781503,1.0
2021-01-22 23:00:00+00:00,0.6361386138613861,0.0,0.0021071115013169,1.0
2021-01-22 23:15:00+00:00,0.6398421092109211,0.0,0.0021071115013169,1.0
2021-01-22 23:30:00+00:00,0.6435456045604561,0.0,0.0021071115013169,1.0
2021-01-22 23:45:00+00:00,0.647249099909991,0.0,0.0021071115013169,1.0
2021-01-23 00:00:00+00:00,0.650952595259526,0.0,0.0021071115013169,1.0
2021-01-23 00:15:00+00:00,0.6477085208520852,0.0,0.0021290605794556,1.0
2021-01-23 00:30:00+00:00,0.6444644464446445,0.0,0.0021510096575943,1.0
2021-01-23 00:45:00+00:00,0.6412203720372037,0.0,0.00217295873573305,1.0
2021-01-23 01:00:00+00:00,0.6379762976297629,0.0,0.0021949078138718,1.0
2021-01-23 01:15:00+00:00,0.6360917341734174,0.0,0.00217295873573305,1.0
2021-01-23 01:30:00+00:00,0.6342071707170717,0.0,0.0021510096575943,1.0
2021-01-23 01:45:00+00:00,0.6323226072607261,0.0,0.0021290605794556,1.0
2021-01-23 02:00:00+00:00,0.6304380438043804,0.0,0.0021071115013169,1.0
2021-01-23 02:15:00+00:00,0.6311881188118812,0.0,0.0021290605794556,1.0
2021-01-23 02:30:00+00:00,0.631938193819382,0.0,0.0021510096575943,1.0
2021-01-23 02:45:00+00:00,0.6326882688268827,0.0,0.00217295873573305,1.0
2021-01-23 03:00:00+00:00,0.6334383438343835,0.0,0.0021949078138718,1.0
2021-01-23 03:15:00+00:00,0.633025802580258,0.0,0.0021949078138718,1.0
2021-01-23 03:30:00+00:00,0.6326132613261326,0.0,0.0021949078138718,1.0
2021-01-23 03:45:00+00:00,0.6322007200720072,0.0,0.0021949078138718,1.0
2021-01-23 04:00:00+00:00,0.6317881788178817,0.0,0.0021949078138718,1.0
2021-01-23 04:15:00+00:00,0.6331101860186019,0.0,0.0021071115013169004,1.0
2021-01-23 04:30:00+00:00,0.634432193219322,0.0,0.002019315188762,1.0
2021-01-23 04:45:00+00:00,0.635754200420042,0.0,0.0019315188762071501,1.0
2021-01-23 05:00:00+00:00,0.6370762076207621,0.0,0.0018437225636523,1.0
2021-01-23 05:15:00+00:00,0.6395327032703271,0.0,0.0018437225636523,1.0
2021-01-23 05:30:00+00:00,0.641989198919892,0.0,0.0018437225636523,1.0
2021-01-23 05:45:00+00:00,0.644445694569457,0.0,0.0018437225636523,1.0
2021-01-23 06:00:00+00:00,0.646902190219022,0.0,0.0018437225636523,1.0
2021-01-23 06:15:00+00:00,0.6471178367836784,0.0,0.0030948200175592,1.0
2021-01-23 06:30:00+00:00,0.6473334833483348,0.0,0.0043459174714661,1.0
2021-01-23 06:45:00+00:00,0.6475491299129913,0.0,0.00559701492537305,1.0
2021-01-23 07:00:00+00:00,0.6477647764776477,0.0,0.00684811237928,1.0
2021-01-23 07:15:00+00:00,0.6475491299129913,0.0,0.0249561018437225,1.0
2021-01-23 07:30:00+00:00,0.6473334833483348,0.0,0.043064091308165,1.0
2021-01-23 07:45:00+00:00,0.6471178367836784,0.0,0.061172080772607496,1.0
2021-01-23 08:00:00+00:00,0.646902190219022,0.0,0.07928007023705,1.0
2021-01-23 08:15:00+00:00,0.6493493099309932,0.0,0.1060140474100087,1.0
2021-01-23 08:30:00+00:00,0.6517964296429644,0.0,0.1327480245829674,1.0
2021-01-23 08:45:00+00:00,0.6542435493549354,0.0,0.15948200175592614,1.0
2021-01-23 09:00:00+00:00,0.6566906690669067,0.0,0.1862159789288849,1.0
2021-01-23 09:15:00+00:00,0.6575532553255325,0.0,0.19953906935908683,1.0
2021-01-23 09:30:00+00:00,0.6584158415841583,0.0,0.2128621597892888,1.0
2021-01-23 09:45:00+00:00,0.6592784278427842,0.0,0.22618525021949076,1.0
2021-01-23 10:00:00+00:00,0.6601410141014101,0.0,0.2395083406496927,1.0
2021-01-23 10:15:00+00:00,0.6684293429342935,0.0,0.24271290605794557,1.0
2021-01-23 10:30:00+00:00,0.6767176717671768,0.0,0.2459174714661984,1.0
2021-01-23 10:45:00+00:00,0.68500600060006,0.0,0.24912203687445125,1.0
2021-01-23 11:00:00+00:00,0.6932943294329433,0.0,0.2523266022827041,1.0
2021-01-23 11:15:00+00:00,0.699266801680168,0.0,0.2519754170324846,1.0
2021-01-23 11:30:00+00:00,0.7052392739273927,0.0,0.2516242317822651,1.0
2021-01-23 11:45:00+00:00,0.7112117461746175,0.0,0.25127304653204563,1.0
2021-01-23 12:00:00+00:00,0.7171842184218422,0.0,0.2509218612818261,1.0
2021-01-23 12:15:00+00:00,0.713143189318932,0.0,0.25390693590869173,1.0
2021-01-23 12:30:00+00:00,0.7091021602160217,0.0,0.2568920105355574,1.0
2021-01-23 12:45:00+00:00,0.7050611311131114,0.0,0.2598770851624231,1.0
2021-01-23 13:00:00+00:00,0.701020102010201,0.0,0.2628621597892888,1.0
2021-01-23 13:15:00+00:00,0.6952914041404141,0.0,0.24868305531167684,1.0
2021-01-23 13:30:00+00:00,0.6895627062706271,0.0,0.2345039508340649,1.0
2021-01-23 13:45:00+00:00,0.6838340084008401,0.0,0.22032484635645294,1.0
2021-01-23 14:00:00+00:00,0.678105310531053,0.0,0.206145741878841,1.0
2021-01-23 14:15:00+00:00,0.6725735073507351,0.0,0.18597453906935896,1.0
2021-01-23 14:30:00+00:00,0.6670417041704171,0.0,0.1658033362598769,1.0
2021-01-23 14:45:00+00:00,0.6615099009900991,0.0,0.14563213345039494,1.0
2021-01-23 15:00:00+00:00,0.655978097809781,0.0,0.125460930640913,1.0
2021-01-23 15:15:00+00:00,0.6545154515451546,0.0,0.1046312554872694,1.0
2021-01-23 15:30:00+00:00,0.653052805280528,0.0,0.0838015803336258,1.0
2021-01-23 15:45:00+00:00,0.6515901590159016,0.0,0.0629719051799823,1.0
2021-01-23 16:00:00+00:00,0.6501275127512751,0.0,0.0421422300263388,1.0
2021-01-23 16:15:00+00:00,0.6463865136513651,0.0,0.03233099209833175,1.0
2021-01-23 16:30:00+00:00,0.6426455145514551,0.0,0.0225197541703247,1.0
2021-01-23 16:45:00+00:00,0.6389045154515451,0.0,0.0127085162423177,1.0
2021-01-23 17:00:00+00:00,0.6351635163516351,0.0,0.0028972783143107,1.0
2021-01-23 17:15:00+00:00,0.6297629762976298,0.0,0.0025460930640912,1.0
2021-01-23 17:30:00+00:00,0.6243624362436244,0.0,0.0021949078138717,1.0
2021-01-23 17:45:00+00:00,0.618961896189619,0.0,0.00184372256365225,1.0
2021-01-23 18:00:00+00:00,0.6135613561356136,0.0,0.0014925373134328,1.0
2021-01-23 18:15:00+00:00,0.6120893339333933,0.0,0.0014925373134328,1.0
2021-01-23 18:30:00+00:00,0.6106173117311731,0.0,0.0014925373134328,1.0
2021-01-23 18:45:00+00:00,0.6091452895289529,0.0,0.0014925373134328,1.0
2021-01-23 19:00:00+00:00,0.6076732673267327,0.0,0.0014925373134328,1.0
2021-01-23 19:15:00+00:00,0.606923192319232,0.0,0.0014925373134328,1.0
2021-01-23 19:30:00+00:00,0.6061731173117312,0.0,0.0014925373134328,1.0
2021-01-23 19:45:00+00:00,0.6054230423042304,0.0,0.0014925373134328,1.0
2021-01-23 20:00:00+00:00,0.6046729672967297,0.0,0.0014925373134328,1.0
2021-01-23 20:15:00+00:00,0.6055636813681369,0.0,0.0014925373134328,1.0
2021-01-23 20:30:00+00:00,0.6064543954395439,0.0,0.0014925373134328,1.0
2021-01-23 20:45:00+00:00,0.6073451095109511,0.0,0.0014925373134328,1.0
2021-01-23 21:00:00+00:00,0.6082358235823583,0.0,0.0014925373134328,1.0
2021-01-23 21:15:00+00:00,0.6031540654065406,0.0,0.00144863915715535,1.0
2021-01-23 21:30:00+00:00,0.598072307230723,0.0,0.0014047410008779,1.0
2021-01-23 21:45:00+00:00,0.5929905490549054,0.0,0.00136084284460045,1.0
2021-01-23 22:00:00+00:00,0.5879087908790879,0.0,0.001316944688323,1.0
2021-01-23 22:15:00+00:00,0.5871680918091808,0.0,0.001316944688323,1.0
2021-01-23 22:30:00+00:00,0.5864273927392739,0.0,0.001316944688323,1.0
2021-01-23 22:45:00+00:00,0.585686693669367,0.0,0.001316944688323,1.0
2021-01-23 23:00:00+00:00,0.58494599459946,0.0,0.001316944688323,1.0
2021-01-23 23:15:00+00:00,0.5858179567956796,0.0,0.00136084284460045,1.0
2021-01-23 23:30:00+00:00,0.5866899189918993,0.0,0.0014047410008779,1.0
2021-01-23 23:45:00+00:00,0.5875618811881189,0.0,0.00144863915715535,1.0
2021-01-24 00:00:00+00:00,0.5884338433843385,0.0,0.0014925373134328,1.0
2021-01-24 00:15:00+00:00,0.586427392739274,0.0,0.0014925373134328,1.0
2021-01-24 00:30:00+00:00,0.5844209420942095,0.0,0.0014925373134328,1.0
2021-01-24 00:45:00+00:00,0.5824144914491449,0.0,0.0014925373134328,1.0
2021-01-24 01:00:00+00:00,0.5804080408040804,0.0,0.0014925373134328,1.0
2021-01-24 01:15:00+00:00,0.5744449444944494,0.0,0.0014925373134328,1.0
2021-01-24 01:30:00+00:00,0.5684818481848184,0.0,0.0014925373134328,1.0
2021-01-24 01:45:00+00:00,0.5625187518751875,0.0,0.0014925373134328,1.0
2021-01-24 02:00:00+00:00,0.5565556555655565,0.0,0.0014925373134328,1.0
2021-01-24 02:15:00+00:00,0.5617405490549054,0.0,0.0015364354697102,1.0
2021-01-24 02:30:00+00:00,0.5669254425442545,0.0,0.0015803336259876,1.0
2021-01-24 02:45:00+00:00,0.5721103360336034,0.0,0.00162423178226505,1.0
2021-01-24 03:00:00+00:00,0.5772952295229523,0.0,0.0016681299385425,1.0
2021-01-24 03:15:00+00:00,0.5758794629462947,0.0,0.0016681299385425,1.0
2021-01-24 03:30:00+00:00,0.574463696369637,0.0,0.0016681299385425,1.0
2021-01-24 03:45:00+00:00,0.5730479297929794,0.0,0.0016681299385425,1.0
2021-01-24 04:00:00+00:00,0.5716321632163216,0.0,0.0016681299385425,1.0
2021-01-24 04:15:00+00:00,0.5718571857185719,0.0,0.0016022827041263501,1.0
2021-01-24 04:30:00+00:00,0.5720822082208221,0.0,0.0015364354697102,1.0
2021-01-24 04:45:00+00:00,0.5723072307230723,0.0,0.00147058823529405,1.0
2021-01-24 05:00:00+00:00,0.5725322532253225,0.0,0.0014047410008779,1.0
2021-01-24 05:15:00+00:00,0.5711727422742274,0.0,0.0014047410008779,1.0
2021-01-24 05:30:00+00:00,0.5698132313231323,0.0,0.0014047410008779,1.0
2021-01-24 05:45:00+00:00,0.5684537203720372,0.0,0.0014047410008779,1.0
2021-01-24 06:00:00+00:00,0.5670942094209421,0.0,0.0014047410008779,1.0
2021-01-24 06:15:00+00:00,0.5640845334533453,0.0,0.0025899912203686502,1.0
2021-01-24 06:30:00+00:00,0.5610748574857486,0.0,0.0037752414398594,1.0
2021-01-24 06:45:00+00:00,0.5580651815181519,0.0,0.0049604916593502,1.0
2021-01-24 07:00:00+00:00,0.555055505550555,0.0,0.006145741878841,1.0
2021-01-24 07:15:00+00:00,0.5460921092109211,0.0,0.031145741878841,1.0
2021-01-24 07:30:00+00:00,0.5371287128712872,0.0,0.056145741878841,1.0
2021-01-24 07:45:00+00:00,0.5281653165316531,0.0,0.081145741878841,1.0
2021-01-24 08:00:00+00:00,0.5192019201920192,0.0,0.106145741878841,1.0
2021-01-24 08:15:00+00:00,0.5210208520852084,0.0,0.148200175592625,1.0
2021-01-24 08:30:00+00:00,0.5228397839783978,0.0,0.190254609306409,1.0
2021-01-24 08:45:00+00:00,0.5246587158715872,0.0,0.23230904302019306,1.0
2021-01-24 09:00:00+00:00,0.5264776477647765,0.0,0.2743634767339771,1.0
2021-01-24 09:15:00+00:00,0.5251931443144314,0.0,0.2993634767339771,1.0
2021-01-24 09:30:00+00:00,0.5239086408640864,0.0,0.3243634767339771,1.0
2021-01-24 09:45:00+00:00,0.5226241374137414,0.0,0.34936347673397716,1.0
2021-01-24 10:00:00+00:00,0.5213396339633963,0.0,0.3743634767339772,1.0
2021-01-24 10:15:00+00:00,0.5277246474647466,0.0,0.38461369622475855,1.0
2021-01-24 10:30:00+00:00,0.5341096609660967,0.0,0.3948639157155399,1.0
2021-01-24 10:45:00+00:00,0.5404946744674468,0.0,0.40511413520632134,1.0
2021-01-24 11:00:00+00:00,0.5468796879687969,0.0,0.4153643546971027,1.0
2021-01-24 11:15:00+00:00,0.5518676867686769,0.0,0.41676909569798065,1.0
2021-01-24 11:30:00+00:00,0.5568556855685569,0.0,0.4181738366988586,1.0
2021-01-24 11:45:00+00:00,0.5618436843684369,0.0,0.41957857769973655,1.0
2021-01-24 12:00:00+00:00,0.5668316831683168,0.0,0.4209833187006145,1.0
2021-01-24 12:15:00+00:00,0.5700476297629762,0.0,0.41551799824407365,1.0
2021-01-24 12:30:00+00:00,0.5732635763576357,0.0,0.4100526777875328,1.0
2021-01-24 12:45:00+00:00,0.5764795229522952,0.0,0.404587357330992,1.0
2021-01-24 13:00:00+00:00,0.5796954695469547,0.0,0.3991220368744512,1.0
2021-01-24 13:15:00+00:00,0.571266501650165,0.0,0.3846136962247585,1.0
2021-01-24 13:30:00+00:00,0.5628375337533753,0.0,0.3701053555750658,1.0
2021-01-24 13:45:00+00:00,0.5544085658565856,0.0,0.3555970149253731,1.0
2021-01-24 14:00:00+00:00,0.545979597959796,0.0,0.3410886742756804,1.0
2021-01-24 14:15:00+00:00,0.5425573807380739,0.0,0.3121817383669886,1.0
2021-01-24 14:30:00+00:00,0.5391351635163517,0.0,0.2832748024582967,1.0
2021-01-24 14:45:00+00:00,0.5357129462946295,0.0,0.25436786654960486,1.0
2021-01-24 15:00:00+00:00,0.5322907290729073,0.0,0.225460930640913,1.0
2021-01-24 15:15:00+00:00,0.5226428892889289,0.0,0.1878841088674275,1.0
2021-01-24 15:30:00+00:00,0.5129950495049505,0.0,0.150307287093942,1.0
2021-01-24 15:45:00+00:00,0.5033472097209721,0.0,0.1127304653204565,1.0
2021-01-24 16:00:00+00:00,0.4936993699369937,0.0,0.075153643546971,1.0
2021-01-24 16:15:00+00:00,0.49420567056705667,0.0,0.05761633011413515,1.0
2021-01-24 16:30:00+00:00,0.4947119711971197,0.0,0.0400790166812993,1.0
2021-01-24 16:45:00+00:00,0.4952182718271827,0.0,0.0225417032484635,1.0
2021-01-24 17:00:00+00:00,0.4957245724572457,0.0,0.0050043898156277,1.0
2021-01-24 17:15:00+00:00,0.49956870687068705,0.0,0.004214223002633849,1.0
2021-01-24 17:30:00+00:00,0.5034128412841284,0.0,0.00342405618964,1.0
2021-01-24 17:45:00+00:00,0.5072569756975698,0.0,0.00263388937664615,1.0
2021-01-24 18:00:00+00:00,0.5111011101110111,0.0,0.0018437225636523,1.0
2021-01-24 18:15:00+00:00,0.5132388238823882,0.0,0.0018437225636523,1.0
2021-01-24 18:30:00+00:00,0.5153765376537653,0.0,0.0018437225636523,1.0
2021-01-24 18:45:00+00:00,0.5175142514251425,0.0,0.0018437225636523,1.0
2021-01-24 19:00:00+00:00,0.5196519651965197,0.0,0.0018437225636523,1.0
2021-01-24 19:15:00+00:00,0.5166422892289229,0.0,0.0018437225636523,1.0
2021-01-24 19:30:00+00:00,0.5136326132613261,0.0,0.0018437225636523,1.0
2021-01-24 19:45:00+00:00,0.5106229372937294,0.0,0.0018437225636523,1.0
2021-01-24 20:00:00+00:00,0.5076132613261326,0.0,0.0018437225636523,1.0
2021-01-24 20:15:00+00:00,0.5051380138013801,0.0,0.00182177348551355,1.0
2021-01-24 20:30:00+00:00,0.5026627662766276,0.0,0.0017998244073748,1.0
2021-01-24 20:45:00+00:00,0.5001875187518752,0.0,0.0017778753292361,1.0
2021-01-24 21:00:00+00:00,0.4977122712271227,0.0,0.0017559262510974,1.0
2021-01-24 21:15:00+00:00,0.4954620462046204,0.0,0.0017559262510974,1.0
2021-01-24 21:30:00+00:00,0.4932118211821182,0.0,0.0017559262510974,1.0
2021-01-24 21:45:00+00:00,0.490961596159616,0.0,0.0017559262510974,1.0
2021-01-24 22:00:00+00:00,0.4887113711371137,0.0,0.0017559262510974,1.0
2021-01-24 22:15:00+00:00,0.4837327482748275,0.0,0.0017559262510974,1.0
2021-01-24 22:30:00+00:00,0.4787541254125412,0.0,0.0017559262510974,1.0
2021-01-24 22:45:00+00:00,0.473775502550255,0.0,0.0017559262510974,1.0
2021-01-24 23:00:00+00:00,0.4687968796879688,0.0,0.0017559262510974,1.0
2021-01-24 23:15:00+00:00,0.4690031503150315,0.0,0.0017559262510974,1.0
2021-01-24 23:30:00+00:00,0.4692094209420941,0.0,0.0017559262510974,1.0
2021-01-24 23:45:00+00:00,0.46941569156915686,0.0,0.0017559262510974,1.0
2021-01-25 00:00:00+00:00,0.4696219621962196,0.0,0.0017559262510974,1.0
2021-01-25 00:15:00+00:00,0.4719003150315031,0.0,0.0017559262510974,1.0
2021-01-25 00:30:00+00:00,0.4741786678667866,0.0,0.0017559262510974,1.0
2021-01-25 00:45:00+00:00,0.47645702070207013,0.0,0.0017559262510974,1.0
2021-01-25 01:00:00+00:00,0.4787353735373537,0.0,0.0017559262510974,1.0
2021-01-25 01:15:00+00:00,0.4777133963396339,0.0,0.0017559262510974,1.0
2021-01-25 01:30:00+00:00,0.4766914191419141,0.0,0.0017559262510974,1.0
2021-01-25 01:45:00+00:00,0.47566944194419436,0.0,0.0017559262510974,1.0
2021-01-25 02:00:00+00:00,0.4746474647464746,0.0,0.0017559262510974,1.0
2021-01-25 02:15:00+00:00,0.47161903690369034,0.0,0.0017559262510974,1.0
2021-01-25 02:30:00+00:00,0.468590609060906,0.0,0.0017559262510974,1.0
2021-01-25 02:45:00+00:00,0.46556218121812176,0.0,0.0017559262510974,1.0
2021-01-25 03:00:00+00:00,0.4625337533753375,0.0,0.0017559262510974,1.0
2021-01-25 03:15:00+00:00,0.455811206120612,0.0,0.0017559262510974,1.0
2021-01-25 03:30:00+00:00,0.4490886588658865,0.0,0.0017559262510974,1.0
2021-01-25 03:45:00+00:00,0.4423661116111611,0.0,0.0017559262510974,1.0
2021-01-25 04:00:00+00:00,0.4356435643564356,0.0,0.0017559262510974,1.0
2021-01-25 04:15:00+00:00,0.43814693969396934,0.0,0.0017559262510974,1.0
2021-01-25 04:30:00+00:00,0.4406503150315031,0.0,0.0017559262510974,1.0
2021-01-25 04:45:00+00:00,0.44315369036903685,0.0,0.0017559262510974,1.0
2021-01-25 05:00:00+00:00,0.4456570657065706,0.0,0.0017559262510974,1.0
2021-01-25 05:15:00+00:00,0.4478885388538853,0.0,0.0017339771729586498,1.0
2021-01-25 05:30:00+00:00,0.4501200120012,0.0,0.0017120280948199,1.0
2021-01-25 05:45:00+00:00,0.45235148514851475,0.0,0.0016900790166812,1.0
2021-01-25 06:00:00+00:00,0.4545829582958295,0.0,0.0016681299385425,1.0
2021-01-25 06:15:00+00:00,0.45410478547854777,0.0,0.0027216856892009504,1.0
2021-01-25 06:30:00+00:00,0.453626612661266,0.0,0.0037752414398594,1.0
2021-01-25 06:45:00+00:00,0.45314843984398434,0.0,0.0048287971905179,1.0
2021-01-25 07:00:00+00:00,0.4526702670267026,0.0,0.0058823529411764,1.0
2021-01-25 07:15:00+00:00,0.44942619261926187,0.0,0.0169007901668129,1.0
2021-01-25 07:30:00+00:00,0.4461821182118212,0.0,0.0279192273924494,1.0
2021-01-25 07:45:00+00:00,0.44293804380438045,0.0,0.03893766461808595,1.0
2021-01-25 08:00:00+00:00,0.4396939693969397,0.0,0.0499561018437225,1.0
2021-01-25 08:15:00+00:00,0.43593421842184216,0.0,0.06450834064969266,1.0
2021-01-25 08:30:00+00:00,0.4321744674467446,0.0,0.0790605794556628,1.0
2021-01-25 08:45:00+00:00,0.4284147164716471,0.0,0.09361281826163295,1.0
2021-01-25 09:00:00+00:00,0.4246549654965496,0.0,0.1081650570676031,1.0
2021-01-25 09:15:00+00:00,0.4235579807980797,0.0,0.11635206321334496,1.0
2021-01-25 09:30:00+00:00,0.4224609960996098,0.0,0.1245390693590868,1.0
2021-01-25 09:45:00+00:00,0.42136401140114,0.0,0.1327260755048287,1.0
2021-01-25 10:00:00+00:00,0.4202670267026702,0.0,0.1409130816505706,1.0
2021-01-25 10:15:00+00:00,0.4214202670267026,0.0,0.145632133450395,1.0
2021-01-25 10:30:00+00:00,0.422573507350735,0.0,0.1503511852502194,1.0
2021-01-25 10:45:00+00:00,0.4237267476747675,0.0,0.15507023705004386,1.0
2021-01-25 11:00:00+00:00,0.4248799879987999,0.0,0.1597892888498683,1.0
2021-01-25 11:15:00+00:00,0.4248987398739874,0.0,0.15974539069359084,1.0
2021-01-25 11:30:00+00:00,0.4249174917491749,0.0,0.1597014925373134,1.0
2021-01-25 11:45:00+00:00,0.42493624362436244,0.0,0.15965759438103594,1.0
2021-01-25 12:00:00+00:00,0.4249549954995499,0.0,0.1596136962247585,1.0
2021-01-25 12:15:00+00:00,0.427486498649865,0.0,0.1630377524143985,1.0
2021-01-25 12:30:00+00:00,0.43001800180018,0.0,0.1664618086040385,1.0
2021-01-25 12:45:00+00:00,0.43254950495049505,0.0,0.16988586479367862,1.0
2021-01-25 13:00:00+00:00,0.4350810081008101,0.0,0.1733099209833187,1.0
2021-01-25 13:15:00+00:00,0.43303705370537054,0.0,0.17100526777875324,1.0
2021-01-25 13:30:00+00:00,0.430993099309931,0.0,0.1687006145741878,1.0
2021-01-25 13:45:00+00:00,0.42894914491449143,0.0,0.1663959613696224,1.0
2021-01-25 14:00:00+00:00,0.4269051905190519,0.0,0.164091308165057,1.0
2021-01-25 14:15:00+00:00,0.4264832733273327,0.0,0.1554214223002633,1.0
2021-01-25 14:30:00+00:00,0.4260613561356136,0.0,0.1467515364354696,1.0
2021-01-25 14:45:00+00:00,0.4256394389438944,0.0,0.13808165057067595,1.0
2021-01-25 15:00:00+00:00,0.4252175217521752,0.0,0.1294117647058823,1.0
2021-01-25 15:15:00+00:00,0.4261363636363636,0.0,0.11088674275680416,1.0
2021-01-25 15:30:00+00:00,0.427055205520552,0.0,0.092361720807726,1.0
2021-01-25 15:45:00+00:00,0.42797404740474043,0.0,0.07383669885864791,1.0
2021-01-25 16:00:00+00:00,0.4288928892889289,0.0,0.0553116769095698,1.0
2021-01-25 16:15:00+00:00,0.4313775127512751,0.0,0.042669007901668096,1.0
2021-01-25 16:30:00+00:00,0.4338621362136213,0.0,0.0300263388937664,1.0
2021-01-25 16:45:00+00:00,0.4363467596759676,0.0,0.01738366988586475,1.0
2021-01-25 17:00:00+00:00,0.4388313831383138,0.0,0.0047410008779631,1.0
2021-01-25 17:15:00+00:00,0.4345934593459346,0.0,0.0039069359086918,1.0
2021-01-25 17:30:00+00:00,0.4303555355535553,0.0,0.0030728709394205,1.0
2021-01-25 17:45:00+00:00,0.42611761176117613,0.0,0.0022388059701491997,1.0
2021-01-25 18:00:00+00:00,0.4218796879687969,0.0,0.0014047410008779,1.0
2021-01-25 18:15:00+00:00,0.41706045604560454,0.0,0.0014266900790166001,1.0
2021-01-25 18:30:00+00:00,0.4122412241224122,0.0,0.0014486391571553,1.0
2021-01-25 18:45:00+00:00,0.40742199219921993,0.0,0.00147058823529405,1.0
2021-01-25 19:00:00+00:00,0.4026027602760276,0.0,0.0014925373134328,1.0
2021-01-25 19:15:00+00:00,0.3963021302130213,0.0,0.0014925373134328,1.0
2021-01-25 19:30:00+00:00,0.390001500150015,0.0,0.0014925373134328,1.0
2021-01-25 19:45:00+00:00,0.3837008700870087,0.0,0.0014925373134328,1.0
2021-01-25 20:00:00+00:00,0.3774002400240024,0.0,0.0014925373134328,1.0
2021-01-25 20:15:00+00:00,0.37461558655865584,0.0,0.0014925373134328,1.0
2021-01-25 20:30:00+00:00,0.3718309330933093,0.0,0.0014925373134328,1.0
2021-01-25 20:45:00+00:00,0.36904627962796277,0.0,0.0014925373134328,1.0
2021-01-25 21:00:00+00:00,0.3662616261626162,0.0,0.0014925373134328,1.0
2021-01-25 21:15:00+00:00,0.3656803180318031,0.0,0.0015144863915715,1.0
2021-01-25 21:30:00+00:00,0.3650990099009901,0.0,0.0015364354697102,1.0
2021-01-25 21:45:00+00:00,0.364517701770177,0.0,0.0015583845478489501,1.0
2021-01-25 22:00:00+00:00,0.3639363936393639,0.0,0.0015803336259877,1.0
2021-01-25 22:15:00+00:00,0.35939843984398434,0.0,0.0016022827041264,1.0
2021-01-25 22:30:00+00:00,0.3548604860486048,0.0,0.0016242317822651,1.0
2021-01-25 22:45:00+00:00,0.3503225322532253,0.0,0.0016461808604038,1.0
2021-01-25 23:00:00+00:00,0.3457845784578457,0.0,0.0016681299385425,1.0
2021-01-25 23:15:00+00:00,0.34063718871887183,0.0,0.0016681299385425,1.0
2021-01-25 23:30:00+00:00,0.3354897989798979,0.0,0.0016681299385425,1.0
2021-01-25 23:45:00+00:00,0.33034240924092406,0.0,0.0016681299385425,1.0
2021-01-26 00:00:00+00:00,0.3251950195019502,0.0,0.0016681299385425,1.0
2021-01-26 00:15:00+00:00,0.321810306030603,0.0,0.0016900790166812,1.0
2021-01-26 00:30:00+00:00,0.3184255925592559,0.0,0.0017120280948199,1.0
2021-01-26 00:45:00+00:00,0.3150408790879088,0.0,0.0017339771729586498,1.0
2021-01-26 01:00:00+00:00,0.3116561656165617,0.0,0.0017559262510974,1.0
2021-01-26 01:15:00+00:00,0.30623687368736874,0.0,0.0017559262510974,1.0
2021-01-26 01:30:00+00:00,0.3008175817581758,0.0,0.0017559262510974,1.0
2021-01-26 01:45:00+00:00,0.29539828982898286,0.0,0.0017559262510974,1.0
2021-01-26 02:00:00+00:00,0.28997899789979,0.0,0.0017559262510974,1.0
2021-01-26 02:15:00+00:00,0.2898664866486649,0.0,0.0017339771729586498,1.0
2021-01-26 02:30:00+00:00,0.2897539753975398,0.0,0.0017120280948199,1.0
2021-01-26 02:45:00+00:00,0.2896414641464146,0.0,0.0016900790166812,1.0
2021-01-26 03:00:00+00:00,0.2895289528952895,0.0,0.0016681299385425,1.0
2021-01-26 03:15:00+00:00,0.28903202820282026,0.0,0.0016681299385425,1.0
2021-01-26 03:30:00+00:00,0.288535103510351,0.0,0.0016681299385425,1.0
2021-01-26 03:45:00+00:00,0.28803817881788174,0.0,0.0016681299385425,1.0
2021-01-26 04:00:00+00:00,0.2875412541254125,0.0,0.0016681299385425,1.0
2021-01-26 04:15:00+00:00,0.28652865286528645,0.0,0.0016022827041263501,1.0
2021-01-26 04:30:00+00:00,0.2855160516051604,0.0,0.0015364354697102,1.0
2021-01-26 04:45:00+00:00,0.28450345034503444,0.0,0.00147058823529405,1.0
2021-01-26 05:00:00+00:00,0.2834908490849085,0.0,0.0014047410008779,1.0
2021-01-26 05:15:00+00:00,0.27771527152715275,0.0,0.0014047410008779,1.0
2021-01-26 05:30:00+00:00,0.271939693969397,0.0,0.0014047410008779,1.0
2021-01-26 05:45:00+00:00,0.26616411641164117,0.0,0.0014047410008779,1.0
2021-01-26 06:00:00+00:00,0.2603885388538854,0.0,0.0014047410008779,1.0
2021-01-26 06:15:00+00:00,0.2563006300630063,0.0,0.0023705004389815002,1.0
2021-01-26 06:30:00+00:00,0.2522127212721272,0.0,0.0033362598770851,1.0
2021-01-26 06:45:00+00:00,0.2481248124812481,0.0,0.0043020193151887,1.0
2021-01-26 07:00:00+00:00,0.244036903690369,0.0,0.0052677787532923,1.0
2021-01-26 07:15:00+00:00,0.24002400240024002,0.0,0.021773485513608352,1.0
2021-01-26 07:30:00+00:00,0.236011101110111,0.0,0.0382791922739244,1.0
2021-01-26 07:45:00+00:00,0.231998199819982,0.0,0.0547848990342405,1.0
2021-01-26 08:00:00+00:00,0.227985298529853,0.0,0.0712906057945566,1.0
2021-01-26 08:15:00+00:00,0.22427242724272425,0.0,0.09187884108867425,1.0
2021-01-26 08:30:00+00:00,0.2205595559555955,0.0,0.1124670763827919,1.0
2021-01-26 08:45:00+00:00,0.21684668466846682,0.0,0.13305531167690954,1.0
2021-01-26 09:00:00+00:00,0.2131338133813381,0.0,0.1536435469710272,1.0
2021-01-26 09:15:00+00:00,0.20868024302430235,0.0,0.16736172080772604,1.0
2021-01-26 09:30:00+00:00,0.2042266726672666,0.0,0.1810798946444249,1.0
2021-01-26 09:45:00+00:00,0.19977310231023093,0.0,0.19479806848112374,1.0
2021-01-26 10:00:00+00:00,0.1953195319531953,0.0,0.2085162423178226,1.0
2021-01-26 10:15:00+00:00,0.19599459945994596,0.0,0.22078577699736604,1.0
2021-01-26 10:30:00+00:00,0.1966696669666966,0.0,0.2330553116769095,1.0
2021-01-26 10:45:00+00:00,0.1973447344734473,0.0,0.24532484635645296,1.0
2021-01-26 11:00:00+00:00,0.198019801980198,0.0,0.2575943810359964,1.0
2021-01-26 11:15:00+00:00,0.19954807980798075,0.0,0.25693590869183486,1.0
2021-01-26 11:30:00+00:00,0.2010763576357635,0.0,0.2562774363476733,1.0
2021-01-26 11:45:00+00:00,0.2026046354635463,0.0,0.2556189640035118,1.0
2021-01-26 12:00:00+00:00,0.2041329132913291,0.0,0.2549604916593503,1.0
2021-01-26 12:15:00+00:00,0.20378600360036,0.0,0.2489244951712028,1.0
2021-01-26 12:30:00+00:00,0.2034390939093909,0.0,0.2428884986830553,1.0
2021-01-26 12:45:00+00:00,0.2030921842184218,0.0,0.23685250219490778,1.0
2021-01-26 13:00:00+00:00,0.2027452745274527,0.0,0.2308165057067603,1.0
2021-01-26 13:15:00+00:00,0.20240774077407736,0.0,0.22311237928007022,1.0
2021-01-26 13:30:00+00:00,0.202070207020702,0.0,0.2154082528533801,1.0
2021-01-26 13:45:00+00:00,0.20173267326732663,0.0,0.20770412642669006,1.0
2021-01-26 14:00:00+00:00,0.2013951395139513,0.0,0.2,1.0
2021-01-26 14:15:00+00:00,0.19791666666666655,0.0,0.18439420544337137,1.0
2021-01-26 14:30:00+00:00,0.1944381938193818,0.0,0.1687884108867427,1.0
2021-01-26 14:45:00+00:00,0.1909597209720971,0.0,0.15318261633011412,1.0
2021-01-26 15:00:00+00:00,0.1874812481248124,0.0,0.1375768217734855,1.0
2021-01-26 15:15:00+00:00,0.18445282028202808,0.0,0.11742756804214222,1.0
2021-01-26 15:30:00+00:00,0.1814243924392438,0.0,0.0972783143107989,1.0
2021-01-26 15:45:00+00:00,0.17839596459645957,0.0,0.0771290605794556,1.0
2021-01-26 16:00:00+00:00,0.1753675367536753,0.0,0.0569798068481123,1.0
2021-01-26 16:15:00+00:00,0.17695207020702064,0.0,0.0463784021071114,1.0
2021-01-26 16:30:00+00:00,0.178536603660366,0.0,0.0357769973661105,1.0
2021-01-26 16:45:00+00:00,0.18012113711371136,0.0,0.02517559262510965,1.0
2021-01-26 17:00:00+00:00,0.1817056705670567,0.0,0.0145741878841088,1.0
2021-01-26 17:15:00+00:00,0.18560606060606058,0.0,0.011259877085162349,1.0
2021-01-26 17:30:00+00:00,0.1895064506450645,0.0,0.0079455662862159,1.0
2021-01-26 17:45:00+00:00,0.19340684068406838,0.0,0.0046312554872694495,1.0
2021-01-26 18:00:00+00:00,0.1973072307230723,0.0,0.001316944688323,1.0
2021-01-26 18:15:00+00:00,0.2018076807680768,0.0,0.001316944688323,1.0
2021-01-26 18:30:00+00:00,0.2063081308130813,0.0,0.001316944688323,1.0
2021-01-26 18:45:00+00:00,0.2108085808580858,0.0,0.001316944688323,1.0
2021-01-26 19:00:00+00:00,0.2153090309030903,0.0,0.001316944688323,1.0
2021-01-26 19:15:00+00:00,0.2199876237623762,0.0,0.001316944688323,1.0
2021-01-26 19:30:00+00:00,0.2246662166216621,0.0,0.001316944688323,1.0
2021-01-26 19:45:00+00:00,0.22934480948094804,0.0,0.001316944688323,1.0
2021-01-26 20:00:00+00:00,0.234023402340234,0.0,0.001316944688323,1.0
2021-01-26 20:15:00+00:00,0.23984585958595855,0.0,0.001316944688323,1.0
2021-01-26 20:30:00+00:00,0.2456683168316831,0.0,0.001316944688323,1.0
2021-01-26 20:45:00+00:00,0.2514907740774077,0.0,0.001316944688323,1.0
2021-01-26 21:00:00+00:00,0.2573132313231323,0.0,0.001316944688323,1.0
2021-01-26 21:15:00+00:00,0.26015414041404133,0.0,0.00136084284460045,1.0
2021-01-26 21:30:00+00:00,0.2629950495049504,0.0,0.0014047410008779,1.0
2021-01-26 21:45:00+00:00,0.2658359585958595,0.0,0.00144863915715535,1.0
2021-01-26 22:00:00+00:00,0.2686768676867687,0.0,0.0014925373134328,1.0
2021-01-26 22:15:00+00:00,0.27507125712571256,0.0,0.0015144863915715,1.0
2021-01-26 22:30:00+00:00,0.2814656465646564,0.0,0.0015364354697102,1.0
2021-01-26 22:45:00+00:00,0.28786003600360033,0.0,0.0015583845478489501,1.0
2021-01-26 23:00:00+00:00,0.2942544254425442,0.0,0.0015803336259877,1.0
2021-01-26 23:15:00+00:00,0.2975266276627662,0.0,0.0015803336259877,1.0
2021-01-26 23:30:00+00:00,0.3007988298829882,0.0,0.0015803336259877,1.0
2021-01-26 23:45:00+00:00,0.30407103210321024,0.0,0.0015803336259877,1.0
2021-01-27 00:00:00+00:00,0.3073432343234323,0.0,0.0015803336259877,1.0
2021-01-27 00:15:00+00:00,0.3049429942994299,0.0,0.0015803336259877,1.0
2021-01-27 00:30:00+00:00,0.3025427542754275,0.0,0.0015803336259877,1.0
2021-01-27 00:45:00+00:00,0.30014251425142513,0.0,0.0015803336259877,1.0
2021-01-27 01:00:00+00:00,0.2977422742274227,0.0,0.0015803336259877,1.0
2021-01-27 01:15:00+00:00,0.3012863786378638,0.0,0.0015803336259877,1.0
2021-01-27 01:30:00+00:00,0.3048304830483048,0.0,0.0015803336259877,1.0
2021-01-27 01:45:00+00:00,0.30837458745874585,0.0,0.0015803336259877,1.0
2021-01-27 02:00:00+00:00,0.3119186918691869,0.0,0.0015803336259877,1.0
2021-01-27 02:15:00+00:00,0.31338133813381336,0.0,0.0015803336259877,1.0
2021-01-27 02:30:00+00:00,0.3148439843984398,0.0,0.0015803336259877,1.0
2021-01-27 02:45:00+00:00,0.31630663066306625,0.0,0.0015803336259877,1.0
2021-01-27 03:00:00+00:00,0.3177692769276927,0.0,0.0015803336259877,1.0
2021-01-27 03:15:00+00:00,0.32034765976597657,0.0,0.0015803336259877,1.0
2021-01-27 03:30:00+00:00,0.3229260426042604,0.0,0.0015803336259877,1.0
2021-01-27 03:45:00+00:00,0.3255044254425442,0.0,0.0015803336259877,1.0
2021-01-27 04:00:00+00:00,0.3280828082808281,0.0,0.0015803336259877,1.0
2021-01-27 04:15:00+00:00,0.3297517251725173,0.0,0.0015144863915715,1.0
2021-01-27 04:30:00+00:00,0.3314206420642064,0.0,0.0014486391571553,1.0
2021-01-27 04:45:00+00:00,0.3330895589558956,0.0,0.00138279192273915,1.0
2021-01-27 05:00:00+00:00,0.3347584758475848,0.0,0.001316944688323,1.0
2021-01-27 05:15:00+00:00,0.3407965796579658,0.0,0.001316944688323,1.0
2021-01-27 05:30:00+00:00,0.3468346834683468,0.0,0.001316944688323,1.0
2021-01-27 05:45:00+00:00,0.35287278727872784,0.0,0.001316944688323,1.0
2021-01-27 06:00:00+00:00,0.3589108910891089,0.0,0.001316944688323,1.0
2021-01-27 06:15:00+00:00,0.3581139363936393,0.0,0.00283143107989455,1.0
2021-01-27 06:30:00+00:00,0.3573169816981698,0.0,0.0043459174714661,1.0
2021-01-27 06:45:00+00:00,0.35652002700270025,0.0,0.0058604038630377005,1.0
2021-01-27 07:00:00+00:00,0.3557230723072307,0.0,0.0073748902546093,1.0
2021-01-27 07:15:00+00:00,0.3518883138313831,0.0,0.0241878841088674,1.0
2021-01-27 07:30:00+00:00,0.3480535553555355,0.0,0.0410008779631255,1.0
2021-01-27 07:45:00+00:00,0.3442187968796879,0.0,0.0578138718173836,1.0
2021-01-27 08:00:00+00:00,0.3403840384038404,0.0,0.0746268656716417,1.0
2021-01-27 08:15:00+00:00,0.3384338433843384,0.0,0.10041703248463556,1.0
2021-01-27 08:30:00+00:00,0.3364836483648364,0.0,0.1262071992976294,1.0
2021-01-27 08:45:00+00:00,0.33453345334533446,0.0,0.1519973661106233,1.0
2021-01-27 09:00:00+00:00,0.3325832583258326,0.0,0.1777875329236172,1.0
2021-01-27 09:15:00+00:00,0.3296767176717672,0.0,0.20164618086040387,1.0
2021-01-27 09:30:00+00:00,0.3267701770177018,0.0,0.2255048287971905,1.0
2021-01-27 09:45:00+00:00,0.32386363636363635,0.0,0.24936347673397713,1.0
2021-01-27 10:00:00+00:00,0.320957095709571,0.0,0.2732221246707638,1.0
2021-01-27 10:15:00+00:00,0.3233760876087609,0.0,0.28608428446005263,1.0
2021-01-27 10:30:00+00:00,0.3257950795079508,0.0,0.2989464442493414,1.0
2021-01-27 10:45:00+00:00,0.32821407140714065,0.0,0.3118086040386303,1.0
2021-01-27 11:00:00+00:00,0.3306330633063306,0.0,0.3246707638279192,1.0
2021-01-27 11:15:00+00:00,0.3353866636663666,0.0,0.3304214223002634,1.0
2021-01-27 11:30:00+00:00,0.3401402640264026,0.0,0.3361720807726075,1.0
2021-01-27 11:45:00+00:00,0.3448938643864386,0.0,0.3419227392449517,1.0
2021-01-27 12:00:00+00:00,0.3496474647464746,0.0,0.3476733977172959,1.0
2021-01-27 12:15:00+00:00,0.3550386288628863,0.0,0.3504828797190518,1.0
2021-01-27 12:30:00+00:00,0.3604297929792979,0.0,0.3532923617208077,1.0
2021-01-27 12:45:00+00:00,0.36582095709570955,0.0,0.3561018437225636,1.0
2021-01-27 13:00:00+00:00,0.3712121212121212,0.0,0.3589113257243195,1.0
2021-01-27 13:15:00+00:00,0.37347172217221714,0.0,0.36150131694468823,1.0
2021-01-27 13:30:00+00:00,0.3757313231323131,0.0,0.3640913081650569,1.0
2021-01-27 13:45:00+00:00,0.37799092409240914,0.0,0.3666812993854257,1.0
2021-01-27 14:00:00+00:00,0.3802505250525052,0.0,0.3692712906057945,1.0
2021-01-27 14:15:00+00:00,0.3763782628262825,0.0,0.355289727831431,1.0
2021-01-27 14:30:00+00:00,0.3725060006000599,0.0,0.3413081650570675,1.0
2021-01-27 14:45:00+00:00,0.36863373837383734,0.0,0.32732660228270405,1.0
2021-01-27 15:00:00+00:00,0.3647614761476148,0.0,0.3133450395083406,1.0
2021-01-27 15:15:00+00:00,0.3618268076807681,0.0,0.2731343283582089,1.0
2021-01-27 15:30:00+00:00,0.3588921392139214,0.0,0.2329236172080772,1.0
2021-01-27 15:45:00+00:00,0.3559574707470747,0.0,0.1927129060579455,1.0
2021-01-27 16:00:00+00:00,0.353022802280228,0.0,0.1525021949078138,1.0
2021-01-27 16:15:00+00:00,0.3532196969696969,0.0,0.12295873573309915,1.0
2021-01-27 16:30:00+00:00,0.3534165916591659,0.0,0.0934152765583845,1.0
2021-01-27 16:45:00+00:00,0.3536134863486349,0.0,0.06387181738366984,1.0
2021-01-27 17:00:00+00:00,0.3538103810381038,0.0,0.0343283582089552,1.0
2021-01-27 17:15:00+00:00,0.35675442544254427,0.0,0.026273046532045596,1.0
2021-01-27 17:30:00+00:00,0.3596984698469847,0.0,0.018217734855136,1.0
2021-01-27 17:45:00+00:00,0.36264251425142513,0.0,0.01016242317822645,1.0
2021-01-27 18:00:00+00:00,0.3655865586558656,0.0,0.0021071115013169,1.0
2021-01-27 18:15:00+00:00,0.3631675667566756,0.0,0.0019754170324846002,1.0
2021-01-27 18:30:00+00:00,0.3607485748574857,0.0,0.0018437225636523,1.0
2021-01-27 18:45:00+00:00,0.35832958295829576,0.0,0.00171202809482,1.0
2021-01-27 19:00:00+00:00,0.3559105910591059,0.0,0.0015803336259877,1.0
2021-01-27 19:15:00+00:00,0.3528540354035403,0.0,0.00153643546971025,1.0
2021-01-27 19:30:00+00:00,0.3497974797479748,0.0,0.0014925373134328,1.0
2021-01-27 19:45:00+00:00,0.34674092409240925,0.0,0.00144863915715535,1.0
2021-01-27 20:00:00+00:00,0.3436843684368437,0.0,0.0014047410008779,1.0
2021-01-27 20:15:00+00:00,0.34235298529852987,0.0,0.0014047410008779,1.0
2021-01-27 20:30:00+00:00,0.341021602160216,0.0,0.0014047410008779,1.0
2021-01-27 20:45:00+00:00,0.3396902190219021,0.0,0.0014047410008779,1.0
2021-01-27 21:00:00+00:00,0.3383588358835883,0.0,0.0014047410008779,1.0
2021-01-27 21:15:00+00:00,0.33961521152115204,0.0,0.0014266900790166001,1.0
2021-01-27 21:30:00+00:00,0.3408715871587158,0.0,0.0014486391571553,1.0
2021-01-27 21:45:00+00:00,0.34212796279627955,0.0,0.00147058823529405,1.0
2021-01-27 22:00:00+00:00,0.3433843384338433,0.0,0.0014925373134328,1.0
2021-01-27 22:15:00+00:00,0.3447719771977197,0.0,0.0015364354697102,1.0
2021-01-27 22:30:00+00:00,0.3461596159615961,0.0,0.0015803336259876,1.0
2021-01-27 22:45:00+00:00,0.34754725472547254,0.0,0.00162423178226505,1.0
2021-01-27 23:00:00+00:00,0.3489348934893489,0.0,0.0016681299385425,1.0
2021-01-27 23:15:00+00:00,0.35074444944494443,0.0,0.0016681299385425,1.0
2021-01-27 23:30:00+00:00,0.35255400540054,0.0,0.0016681299385425,1.0
2021-01-27 23:45:00+00:00,0.35436356135613556,0.0,0.0016681299385425,1.0
2021-01-28 00:00:00+00:00,0.3561731173117312,0.0,0.0016681299385425,1.0
2021-01-28 00:15:00+00:00,0.3584233423342334,0.0,0.0016681299385425,1.0
2021-01-28 00:30:00+00:00,0.3606735673567356,0.0,0.0016681299385425,1.0
2021-01-28 00:45:00+00:00,0.3629237923792379,0.0,0.0016681299385425,1.0
2021-01-28 01:00:00+00:00,0.3651740174017401,0.0,0.0016681299385425,1.0
2021-01-28 01:15:00+00:00,0.3663741374137413,0.0,0.0016461808604038,1.0
2021-01-28 01:30:00+00:00,0.3675742574257425,0.0,0.0016242317822651,1.0
2021-01-28 01:45:00+00:00,0.36877437743774377,0.0,0.0016022827041264,1.0
2021-01-28 02:00:00+00:00,0.369974497449745,0.0,0.0015803336259877,1.0
2021-01-28 02:15:00+00:00,0.3701245124512451,0.0,0.0016022827041264,1.0
2021-01-28 02:30:00+00:00,0.3702745274527452,0.0,0.0016242317822651,1.0
2021-01-28 02:45:00+00:00,0.3704245424542454,0.0,0.0016461808604038,1.0
2021-01-28 03:00:00+00:00,0.3705745574557456,0.0,0.0016681299385425,1.0
2021-01-28 03:15:00+00:00,0.37205595559555954,0.0,0.0016681299385425,1.0
2021-01-28 03:30:00+00:00,0.3735373537353735,0.0,0.0016681299385425,1.0
2021-01-28 03:45:00+00:00,0.3750187518751875,0.0,0.0016681299385425,1.0
2021-01-28 04:00:00+00:00,0.3765001500150015,0.0,0.0016681299385425,1.0
2021-01-28 04:15:00+00:00,0.37626575157515746,0.0,0.0015803336259876,1.0
2021-01-28 04:30:00+00:00,0.3760313531353135,0.0,0.0014925373134327,1.0
2021-01-28 04:45:00+00:00,0.3757969546954695,0.0,0.00140474100087785,1.0
2021-01-28 05:00:00+00:00,0.3755625562556255,0.0,0.001316944688323,1.0
2021-01-28 05:15:00+00:00,0.37439993999399934,0.0,0.0012949956101843,1.0
2021-01-28 05:30:00+00:00,0.3732373237323731,0.0,0.0012730465320456,1.0
2021-01-28 05:45:00+00:00,0.372074707470747,0.0,0.0012510974539069,1.0
2021-01-28 06:00:00+00:00,0.3709120912091209,0.0,0.0012291483757682,1.0
2021-01-28 06:15:00+00:00,0.3695525802580258,0.0,0.0035338015803336002,1.0
2021-01-28 06:30:00+00:00,0.3681930693069307,0.0,0.005838454784899,1.0
2021-01-28 06:45:00+00:00,0.3668335583558356,0.0,0.0081431079894644,1.0
2021-01-28 07:00:00+00:00,0.3654740474047405,0.0,0.0104477611940298,1.0
2021-01-28 07:15:00+00:00,0.3632144464446445,0.0,0.038103599648814705,1.0
2021-01-28 07:30:00+00:00,0.3609548454845485,0.0,0.0657594381035996,1.0
2021-01-28 07:45:00+00:00,0.35869524452445245,0.0,0.0934152765583845,1.0
2021-01-28 08:00:00+00:00,0.3564356435643564,0.0,0.1210711150131694,1.0
2021-01-28 08:15:00+00:00,0.35156015601560153,0.0,0.15847234416154515,1.0
2021-01-28 08:30:00+00:00,0.3466846684668466,0.0,0.1958735733099209,1.0
2021-01-28 08:45:00+00:00,0.34180918091809176,0.0,0.23327480245829668,1.0
2021-01-28 09:00:00+00:00,0.3369336933693369,0.0,0.2706760316066725,1.0
2021-01-28 09:15:00+00:00,0.3343834383438343,0.0,0.29596136962247577,1.0
2021-01-28 09:30:00+00:00,0.3318331833183318,0.0,0.3212467076382791,1.0
2021-01-28 09:45:00+00:00,0.32928292829282924,0.0,0.34653204565408247,1.0
2021-01-28 10:00:00+00:00,0.3267326732673267,0.0,0.3718173836698858,1.0
2021-01-28 10:15:00+00:00,0.3293860636063606,0.0,0.38575504828797186,1.0
2021-01-28 10:30:00+00:00,0.3320394539453944,0.0,0.3996927129060579,1.0
2021-01-28 10:45:00+00:00,0.33469284428442836,0.0,0.41363037752414394,1.0
2021-01-28 11:00:00+00:00,0.3373462346234623,0.0,0.42756804214223,1.0
2021-01-28 11:15:00+00:00,0.34062781278127807,0.0,0.43527216856892004,1.0
2021-01-28 11:30:00+00:00,0.3439093909390939,0.0,0.4429762949956101,1.0
2021-01-28 11:45:00+00:00,0.34719096909690966,0.0,0.4506804214223002,1.0
2021-01-28 12:00:00+00:00,0.3504725472547255,0.0,0.4583845478489903,1.0
2021-01-28 12:15:00+00:00,0.35204770477047703,0.0,0.4629719051799823,1.0
2021-01-28 12:30:00+00:00,0.3536228622862286,0.0,0.4675592625109744,1.0
2021-01-28 12:45:00+00:00,0.3551980198019802,0.0,0.47214661984196654,1.0
2021-01-28 13:00:00+00:00,0.3567731773177318,0.0,0.4767339771729587,1.0
2021-01-28 13:15:00+00:00,0.3578045304530453,0.0,0.47655838454784893,1.0
2021-01-28 13:30:00+00:00,0.3588358835883588,0.0,0.4763827919227392,1.0
2021-01-28 13:45:00+00:00,0.3598672367236723,0.0,0.47620719929762945,1.0
2021-01-28 14:00:00+00:00,0.3608985898589859,0.0,0.4760316066725197,1.0
2021-01-28 14:15:00+00:00,0.3587702520252025,0.0,0.4576821773485513,1.0
2021-01-28 14:30:00+00:00,0.3566419141914191,0.0,0.4393327480245829,1.0
2021-01-28 14:45:00+00:00,0.35451357635763575,0.0,0.42098331870061456,1.0
2021-01-28 15:00:00+00:00,0.3523852385238524,0.0,0.4026338893766462,1.0
2021-01-28 15:15:00+00:00,0.3510726072607261,0.0,0.3482879719051799,1.0
2021-01-28 15:30:00+00:00,0.3497599759975998,0.0,0.2939420544337137,1.0
2021-01-28 15:45:00+00:00,0.3484473447344735,0.0,0.2395961369622475,1.0
2021-01-28 16:00:00+00:00,0.3471347134713471,0.0,0.1852502194907813,1.0
2021-01-28 16:15:00+00:00,0.3479222922292229,0.0,0.14655399473222114,1.0
2021-01-28 16:30:00+00:00,0.3487098709870986,0.0,0.107857769973661,1.0
2021-01-28 16:45:00+00:00,0.34949744974497443,0.0,0.0691615452151009,1.0
2021-01-28 17:00:00+00:00,0.3502850285028502,0.0,0.0304653204565408,1.0
2021-01-28 17:15:00+00:00,0.35183205820582053,0.0,0.02381474978050915,1.0
2021-01-28 17:30:00+00:00,0.3533790879087908,0.0,0.0171641791044775,1.0
2021-01-28 17:45:00+00:00,0.35492611761176107,0.0,0.010513608428445901,1.0
2021-01-28 18:00:00+00:00,0.3564731473147314,0.0,0.0038630377524143,1.0
2021-01-28 18:15:00+00:00,0.36054230423042294,0.0,0.00353380158033355,1.0
2021-01-28 18:30:00+00:00,0.3646114611461145,0.0,0.0032045654082528,1.0
2021-01-28 18:45:00+00:00,0.3686806180618061,0.0,0.00287532923617205,1.0
2021-01-28 19:00:00+00:00,0.3727497749774977,0.0,0.0025460930640913,1.0
2021-01-28 19:15:00+00:00,0.3748874887488749,0.0,0.00252414398595255,1.0
2021-01-28 19:30:00+00:00,0.377025202520252,0.0,0.0025021949078138,1.0
2021-01-28 19:45:00+00:00,0.3791629162916291,0.0,0.0024802458296751,1.0
2021-01-28 20:00:00+00:00,0.3813006300630063,0.0,0.0024582967515364,1.0
2021-01-28 20:15:00+00:00,0.38133813381338133,0.0,0.00228270412642665,1.0
2021-01-28 20:30:00+00:00,0.3813756375637563,0.0,0.0021071115013169,1.0
2021-01-28 20:45:00+00:00,0.38141314131413134,0.0,0.00193151887620715,1.0
2021-01-28 21:00:00+00:00,0.3814506450645064,0.0,0.0017559262510974,1.0
2021-01-28 21:15:00+00:00,0.384000900090009,0.0,0.0016461808604037501,1.0
2021-01-28 21:30:00+00:00,0.3865511551155115,0.0,0.0015364354697101,1.0
2021-01-28 21:45:00+00:00,0.38910141014101407,0.0,0.00142669007901655,1.0
2021-01-28 22:00:00+00:00,0.3916516651665166,0.0,0.001316944688323,1.0
2021-01-28 22:15:00+00:00,0.3936112361236123,0.0,0.001316944688323,1.0
2021-01-28 22:30:00+00:00,0.395570807080708,0.0,0.001316944688323,1.0
2021-01-28 22:45:00+00:00,0.3975303780378038,0.0,0.001316944688323,1.0
2021-01-28 23:00:00+00:00,0.3994899489948995,0.0,0.001316944688323,1.0
2021-01-28 23:15:00+00:00,0.4008400840084009,0.0,0.001316944688323,1.0
2021-01-28 23:30:00+00:00,0.4021902190219022,0.0,0.001316944688323,1.0
2021-01-28 23:45:00+00:00,0.40354035403540356,0.0,0.001316944688323,1.0
2021-01-29 00:00:00+00:00,0.4048904890489049,0.0,0.001316944688323,1.0
2021-01-29 00:15:00+00:00,0.40700007500750074,0.0,0.0013388937664617,1.0
2021-01-29 00:30:00+00:00,0.4091096609660966,0.0,0.0013608428446004,1.0
2021-01-29 00:45:00+00:00,0.41121924692469247,0.0,0.0013827919227391498,1.0
2021-01-29 01:00:00+00:00,0.4133288328832883,0.0,0.0014047410008779,1.0
2021-01-29 01:15:00+00:00,0.4121474647464747,0.0,0.0013827919227391498,1.0
2021-01-29 01:30:00+00:00,0.410966096609661,0.0,0.0013608428446004,1.0
2021-01-29 01:45:00+00:00,0.4097847284728473,0.0,0.0013388937664617,1.0
2021-01-29 02:00:00+00:00,0.4086033603360336,0.0,0.001316944688323,1.0
2021-01-29 02:15:00+00:00,0.40939093909390933,0.0,0.0012949956101843,1.0
2021-01-29 02:30:00+00:00,0.4101785178517851,0.0,0.0012730465320456,1.0
2021-01-29 02:45:00+00:00,0.4109660966096609,0.0,0.0012510974539069,1.0
2021-01-29 03:00:00+00:00,0.4117536753675367,0.0,0.0012291483757682,1.0
2021-01-29 03:15:00+00:00,0.4135819831983198,0.0,0.0012510974539069,1.0
2021-01-29 03:30:00+00:00,0.4154102910291029,0.0,0.0012730465320456,1.0
2021-01-29 03:45:00+00:00,0.417238598859886,0.0,0.0012949956101843,1.0
2021-01-29 04:00:00+00:00,0.4190669066906691,0.0,0.001316944688323,1.0
2021-01-29 04:15:00+00:00,0.42010763576357635,0.0,0.001316944688323,1.0
2021-01-29 04:30:00+00:00,0.4211483648364836,0.0,0.001316944688323,1.0
2021-01-29 04:45:00+00:00,0.4221890939093909,0.0,0.001316944688323,1.0
2021-01-29 05:00:00+00:00,0.4232298229822982,0.0,0.001316944688323,1.0
2021-01-29 05:15:00+00:00,0.42151402640264024,0.0,0.001316944688323,1.0
2021-01-29 05:30:00+00:00,0.4197982298229822,0.0,0.001316944688323,1.0
2021-01-29 05:45:00+00:00,0.4180824332433243,0.0,0.001316944688323,1.0
2021-01-29 06:00:00+00:00,0.4163666366636663,0.0,0.001316944688323,1.0
2021-01-29 06:15:00+00:00,0.41102235223522343,0.0,0.0032923617208076503,1.0
2021-01-29 06:30:00+00:00,0.4056780678067806,0.0,0.0052677787532923,1.0
2021-01-29 06:45:00+00:00,0.4003337833783378,0.0,0.00724319578577695,1.0
2021-01-29 07:00:00+00:00,0.394989498949895,0.0,0.0092186128182616,1.0
2021-01-29 07:15:00+00:00,0.3877325232523252,0.0,0.0361501316944688,1.0
2021-01-29 07:30:00+00:00,0.3804755475547555,0.0,0.063081650570676,1.0
2021-01-29 07:45:00+00:00,0.37321857185718577,0.0,0.0900131694468832,1.0
2021-01-29 08:00:00+00:00,0.365961596159616,0.0,0.1169446883230904,1.0
2021-01-29 08:15:00+00:00,0.3606735673567357,0.0,0.1519534679543459,1.0
2021-01-29 08:30:00+00:00,0.3553855385538554,0.0,0.1869622475856014,1.0
2021-01-29 08:45:00+00:00,0.3500975097509751,0.0,0.2219710272168569,1.0
2021-01-29 09:00:00+00:00,0.3448094809480948,0.0,0.2569798068481124,1.0
2021-01-29 09:15:00+00:00,0.34267176717671766,0.0,0.2769754170324846,1.0
2021-01-29 09:30:00+00:00,0.3405340534053405,0.0,0.2969710272168568,1.0
2021-01-29 09:45:00+00:00,0.3383963396339633,0.0,0.3169666374012291,1.0
2021-01-29 10:00:00+00:00,0.3362586258625862,0.0,0.3369622475856014,1.0
2021-01-29 10:15:00+00:00,0.34156540654065404,0.0,0.3480026338893766,1.0
2021-01-29 10:30:00+00:00,0.3468721872187218,0.0,0.3590430201931518,1.0
2021-01-29 10:45:00+00:00,0.35217896789678965,0.0,0.37008340649692706,1.0
2021-01-29 11:00:00+00:00,0.3574857485748575,0.0,0.3811237928007023,1.0
2021-01-29 11:15:00+00:00,0.3607579507950795,0.0,0.3853599648814749,1.0
2021-01-29 11:30:00+00:00,0.3640301530153015,0.0,0.3895961369622475,1.0
2021-01-29 11:45:00+00:00,0.36730235523552357,0.0,0.39383230904302013,1.0
2021-01-29 12:00:00+00:00,0.3705745574557456,0.0,0.3980684811237928,1.0
2021-01-29 12:15:00+00:00,0.3723841134113411,0.0,0.3990561896400351,1.0
2021-01-29 12:30:00+00:00,0.3741936693669366,0.0,0.4000438981562774,1.0
2021-01-29 12:45:00+00:00,0.37600322532253216,0.0,0.4010316066725197,1.0
2021-01-29 13:00:00+00:00,0.3778127812781278,0.0,0.402019315188762,1.0
2021-01-29 13:15:00+00:00,0.37512188718871886,0.0,0.39615891132572423,1.0
2021-01-29 13:30:00+00:00,0.3724309930993099,0.0,0.3902985074626864,1.0
2021-01-29 13:45:00+00:00,0.3697400990099009,0.0,0.3844381035996487,1.0
2021-01-29 14:00:00+00:00,0.367049204920492,0.0,0.378577699736611,1.0
2021-01-29 14:15:00+00:00,0.3649958745874587,0.0,0.35748463564530286,1.0
2021-01-29 14:30:00+00:00,0.3629425442544254,0.0,0.3363915715539947,1.0
2021-01-29 14:45:00+00:00,0.36088921392139206,0.0,0.3152985074626865,1.0
2021-01-29 15:00:00+00:00,0.3588358835883588,0.0,0.2942054433713784,1.0
2021-01-29 15:15:00+00:00,0.35767326732673266,0.0,0.2571553994732221,1.0
2021-01-29 15:30:00+00:00,0.3565106510651065,0.0,0.2201053555750658,1.0
2021-01-29 15:45:00+00:00,0.3553480348034803,0.0,0.18305531167690955,1.0
2021-01-29 16:00:00+00:00,0.3541854185418542,0.0,0.1460052677787533,1.0
2021-01-29 16:15:00+00:00,0.3586108610861086,0.0,0.11444249341527656,1.0
2021-01-29 16:30:00+00:00,0.363036303630363,0.0,0.0828797190517998,1.0
2021-01-29 16:45:00+00:00,0.36746174617461747,0.0,0.051316944688323055,1.0
2021-01-29 17:00:00+00:00,0.3718871887188719,0.0,0.0197541703248463,1.0
2021-01-29 17:15:00+00:00,0.3756844434443444,0.0,0.0160008779631255,1.0
2021-01-29 17:30:00+00:00,0.3794816981698169,0.0,0.0122475856014047,1.0
2021-01-29 17:45:00+00:00,0.38327895289528946,0.0,0.008494293239683901,1.0
2021-01-29 18:00:00+00:00,0.387076207620762,0.0,0.0047410008779631,1.0
2021-01-29 18:15:00+00:00,0.39468009300930085,0.0,0.00421422300263385,1.0
2021-01-29 18:30:00+00:00,0.4022839783978397,0.0,0.0036874451273046,1.0
2021-01-29 18:45:00+00:00,0.4098878637863786,0.0,0.00316066725197535,1.0
2021-01-29 19:00:00+00:00,0.4174917491749175,0.0,0.0026338893766461,1.0
2021-01-29 19:15:00+00:00,0.4249737473747375,0.0,0.00248024582967505,1.0
2021-01-29 19:30:00+00:00,0.4324557455745574,0.0,0.002326602282704,1.0
2021-01-29 19:45:00+00:00,0.43993774377437744,0.0,0.002172958735733,1.0
2021-01-29 20:00:00+00:00,0.4474197419741974,0.0,0.002019315188762,1.0
2021-01-29 20:15:00+00:00,0.4561018601860186,0.0,0.0018437225636522502,1.0
2021-01-29 20:30:00+00:00,0.4647839783978398,0.0,0.0016681299385425,1.0
2021-01-29 20:45:00+00:00,0.473466096609661,0.0,0.00149253731343275,1.0
2021-01-29 21:00:00+00:00,0.4821482148214821,0.0,0.001316944688323,1.0
2021-01-29 21:15:00+00:00,0.48906765676567654,0.0,0.0013388937664617,1.0
2021-01-29 21:30:00+00:00,0.4959870987098709,0.0,0.0013608428446004,1.0
2021-01-29 21:45:00+00:00,0.5029065406540654,0.0,0.0013827919227391498,1.0
2021-01-29 22:00:00+00:00,0.5098259825982598,0.0,0.0014047410008779,1.0
2021-01-29 22:15:00+00:00,0.5123949894989499,0.0,0.0012071992976293998,1.0
2021-01-29 22:30:00+00:00,0.51496399639964,0.0,0.0010096575943809,1.0
2021-01-29 22:45:00+00:00,0.51753300330033,0.0,0.0008121158911325,1.0
2021-01-29 23:00:00+00:00,0.5201020102010201,0.0,0.0006145741878841,1.0
2021-01-29 23:15:00+00:00,0.5195300780078007,0.0,0.00059262510974535,1.0
2021-01-29 23:30:00+00:00,0.5189581458145814,0.0,0.0005706760316066,1.0
2021-01-29 23:45:00+00:00,0.5183862136213622,0.0,0.0005487269534679,1.0
2021-01-30 00:00:00+00:00,0.5178142814281428,0.0,0.0005267778753292,1.0
2021-01-30 00:15:00+00:00,0.5112792529252925,0.0,0.0005267778753292,1.0
2021-01-30 00:30:00+00:00,0.5047442244224423,0.0,0.0005267778753292,1.0
2021-01-30 00:45:00+00:00,0.498209195919592,0.0,0.0005267778753292,1.0
2021-01-30 01:00:00+00:00,0.4916741674167417,0.0,0.0005267778753292,1.0
2021-01-30 01:15:00+00:00,0.4937181218121812,0.0,0.0005267778753292,1.0
2021-01-30 01:30:00+00:00,0.4957620762076207,0.0,0.0005267778753292,1.0
2021-01-30 01:45:00+00:00,0.4978060306030603,0.0,0.0005267778753292,1.0
2021-01-30 02:00:00+00:00,0.4998499849984998,0.0,0.0005267778753292,1.0
2021-01-30 02:15:00+00:00,0.5007125712571256,0.0,0.0005267778753292,1.0
2021-01-30 02:30:00+00:00,0.5015751575157515,0.0,0.0005267778753292,1.0
2021-01-30 02:45:00+00:00,0.5024377437743774,0.0,0.0005267778753292,1.0
2021-01-30 03:00:00+00:00,0.5033003300330033,0.0,0.0005267778753292,1.0
2021-01-30 03:15:00+00:00,0.5072757275727573,0.0,0.0005267778753292,1.0
2021-01-30 03:30:00+00:00,0.5112511251125113,0.0,0.0005267778753292,1.0
2021-01-30 03:45:00+00:00,0.5152265226522652,0.0,0.0005267778753292,1.0
2021-01-30 04:00:00+00:00,0.5192019201920192,0.0,0.0005267778753292,1.0
2021-01-30 04:15:00+00:00,0.5219303180318031,0.0,0.0005267778753292,1.0
2021-01-30 04:30:00+00:00,0.5246587158715872,0.0,0.0005267778753292,1.0
2021-01-30 04:45:00+00:00,0.5273871137113711,0.0,0.0005267778753292,1.0
2021-01-30 05:00:00+00:00,0.5301155115511551,0.0,0.0005267778753292,1.0
2021-01-30 05:15:00+00:00,0.5385726072607261,0.0,0.0005267778753292,1.0
2021-01-30 05:30:00+00:00,0.5470297029702971,0.0,0.0005267778753292,1.0
2021-01-30 05:45:00+00:00,0.5554867986798679,0.0,0.0005267778753292,1.0
2021-01-30 06:00:00+00:00,0.5639438943894389,0.0,0.0005267778753292,1.0
2021-01-30 06:15:00+00:00,0.5752137713771377,0.0,0.00147058823529405,1.0
2021-01-30 06:30:00+00:00,0.5864836483648365,0.0,0.0024143985952589,1.0
2021-01-30 06:45:00+00:00,0.5977535253525352,0.0,0.0033582089552237995,1.0
2021-01-30 07:00:00+00:00,0.609023402340234,0.0,0.0043020193151887,1.0
2021-01-30 07:15:00+00:00,0.6140207770777077,0.0,0.02080772607550475,1.0
2021-01-30 07:30:00+00:00,0.6190181518151815,0.0,0.0373134328358208,1.0
2021-01-30 07:45:00+00:00,0.6240155265526552,0.0,0.053819139596136906,1.0
2021-01-30 08:00:00+00:00,0.629012901290129,0.0,0.070324846356453,1.0
2021-01-30 08:15:00+00:00,0.6376856435643564,0.0,0.0989464442493415,1.0
2021-01-30 08:30:00+00:00,0.6463583858385838,0.0,0.12756804214223,1.0
2021-01-30 08:45:00+00:00,0.6550311281128113,0.0,0.15618964003511848,1.0
2021-01-30 09:00:00+00:00,0.6637038703870387,0.0,0.184811237928007,1.0
2021-01-30 09:15:00+00:00,0.6709889738973898,0.0,0.20763827919227384,1.0
2021-01-30 09:30:00+00:00,0.6782740774077407,0.0,0.2304653204565407,1.0
2021-01-30 09:45:00+00:00,0.6855591809180918,0.0,0.25329236172080766,1.0
2021-01-30 10:00:00+00:00,0.6928442844284428,0.0,0.2761194029850746,1.0
2021-01-30 10:15:00+00:00,0.6885126012601259,0.0,0.2947541703248463,1.0
2021-01-30 10:30:00+00:00,0.6841809180918091,0.0,0.313388937664618,1.0
2021-01-30 10:45:00+00:00,0.6798492349234924,0.0,0.3320237050043897,1.0
2021-01-30 11:00:00+00:00,0.6755175517551755,0.0,0.3506584723441615,1.0
2021-01-30 11:15:00+00:00,0.6766051605160516,0.0,0.3610623353819139,1.0
2021-01-30 11:30:00+00:00,0.6776927692769277,0.0,0.3714661984196663,1.0
2021-01-30 11:45:00+00:00,0.6787803780378038,0.0,0.38187006145741875,1.0
2021-01-30 12:00:00+00:00,0.6798679867986799,0.0,0.3922739244951712,1.0
2021-01-30 12:15:00+00:00,0.6719640714071408,0.0,0.3985074626865671,1.0
2021-01-30 12:30:00+00:00,0.6640601560156016,0.0,0.404741000877963,1.0
2021-01-30 12:45:00+00:00,0.6561562406240624,0.0,0.410974539069359,1.0
2021-01-30 13:00:00+00:00,0.6482523252325233,0.0,0.417208077260755,1.0
2021-01-30 13:15:00+00:00,0.6353979147914791,0.0,0.4119402985074626,1.0
2021-01-30 13:30:00+00:00,0.622543504350435,0.0,0.4066725197541703,1.0
2021-01-30 13:45:00+00:00,0.6096890939093909,0.0,0.401404741000878,1.0
2021-01-30 14:00:00+00:00,0.5968346834683468,0.0,0.3961369622475856,1.0
2021-01-30 14:15:00+00:00,0.5924373687368736,0.0,0.38059701492537307,1.0
2021-01-30 14:30:00+00:00,0.5880400540054005,0.0,0.3650570676031606,1.0
2021-01-30 14:45:00+00:00,0.5836427392739274,0.0,0.34951712028094817,1.0
2021-01-30 15:00:00+00:00,0.5792454245424542,0.0,0.3339771729587357,1.0
2021-01-30 15:15:00+00:00,0.5849084908490849,0.0,0.2872695346795434,1.0
2021-01-30 15:30:00+00:00,0.5905715571557155,0.0,0.2405618964003511,1.0
2021-01-30 15:45:00+00:00,0.5962346234623462,0.0,0.19385425812115886,1.0
2021-01-30 16:00:00+00:00,0.601897689768977,0.0,0.1471466198419666,1.0
2021-01-30 16:15:00+00:00,0.6052636513651366,0.0,0.11444249341527651,1.0
2021-01-30 16:30:00+00:00,0.6086296129612961,0.0,0.0817383669885864,1.0
2021-01-30 16:45:00+00:00,0.6119955745574558,0.0,0.04903424056189635,1.0
2021-01-30 17:00:00+00:00,0.6153615361536153,0.0,0.0163301141352063,1.0
2021-01-30 17:15:00+00:00,0.6151458895889589,0.0,0.01255487269534675,1.0
2021-01-30 17:30:00+00:00,0.6149302430243024,0.0,0.0087796312554872,1.0
2021-01-30 17:45:00+00:00,0.614714596459646,0.0,0.0050043898156277,1.0
2021-01-30 18:00:00+00:00,0.6144989498949895,0.0,0.0012291483757682,1.0
2021-01-30 18:15:00+00:00,0.6195525802580258,0.0,0.00118525021949075,1.0
2021-01-30 18:30:00+00:00,0.6246062106210621,0.0,0.0011413520632133,1.0
2021-01-30 18:45:00+00:00,0.6296598409840984,0.0,0.0010974539069358502,1.0
2021-01-30 19:00:00+00:00,0.6347134713471347,0.0,0.0010535557506584,1.0
2021-01-30 19:15:00+00:00,0.6309068406840684,0.0,0.00103160667251965,1.0
2021-01-30 19:30:00+00:00,0.6271002100210021,0.0,0.0010096575943809,1.0
2021-01-30 19:45:00+00:00,0.6232935793579358,0.0,0.0009877085162422,1.0
2021-01-30 20:00:00+00:00,0.6194869486948695,0.0,0.0009657594381035,1.0
2021-01-30 20:15:00+00:00,0.6174617461746175,0.0,0.0009877085162422,1.0
2021-01-30 20:30:00+00:00,0.6154365436543654,0.0,0.0010096575943809,1.0
2021-01-30 20:45:00+00:00,0.6134113411341133,0.0,0.00103160667251965,1.0
2021-01-30 21:00:00+00:00,0.6113861386138614,0.0,0.0010535557506584,1.0
2021-01-30 21:15:00+00:00,0.6106829432943295,0.0,0.0010535557506584,1.0
2021-01-30 21:30:00+00:00,0.6099797479747975,0.0,0.0010535557506584,1.0
2021-01-30 21:45:00+00:00,0.6092765526552655,0.0,0.0010535557506584,1.0
2021-01-30 22:00:00+00:00,0.6085733573357336,0.0,0.0010535557506584,1.0
2021-01-30 22:15:00+00:00,0.5870274527452746,0.0,0.00103160667251965,1.0
2021-01-30 22:30:00+00:00,0.5654815481548154,0.0,0.0010096575943809,1.0
2021-01-30 22:45:00+00:00,0.5439356435643564,0.0,0.0009877085162422,1.0
2021-01-30 23:00:00+00:00,0.5223897389738974,0.0,0.0009657594381035,1.0
2021-01-30 23:15:00+00:00,0.5067881788178819,0.0,0.0009438103599647999,1.0
2021-01-30 23:30:00+00:00,0.4911866186618662,0.0,0.0009218612818261,1.0
2021-01-30 23:45:00+00:00,0.4755850585058506,0.0,0.0008999122036874,1.0
2021-01-31 00:00:00+00:00,0.459983498349835,0.0,0.0008779631255487,1.0
2021-01-31 00:15:00+00:00,0.4629462946294629,0.0,0.0008779631255487,1.0
2021-01-31 00:30:00+00:00,0.4659090909090909,0.0,0.0008779631255487,1.0
2021-01-31 00:45:00+00:00,0.46887188718871886,0.0,0.0008779631255487,1.0
2021-01-31 01:00:00+00:00,0.4718346834683468,0.0,0.0008779631255487,1.0
2021-01-31 01:15:00+00:00,0.46415579057905787,0.0,0.00085601404740995,1.0
2021-01-31 01:30:00+00:00,0.4564768976897689,0.0,0.0008340649692712,1.0
2021-01-31 01:45:00+00:00,0.44879800480048,0.0,0.0008121158911325,1.0
2021-01-31 02:00:00+00:00,0.4411191119111911,0.0,0.0007901668129938,1.0
2021-01-31 02:15:00+00:00,0.43807193219321927,0.0,0.0007901668129938,1.0
2021-01-31 02:30:00+00:00,0.4350247524752475,0.0,0.0007901668129938,1.0
2021-01-31 02:45:00+00:00,0.4319775727572757,0.0,0.0007901668129938,1.0
2021-01-31 03:00:00+00:00,0.4289303930393039,0.0,0.0007901668129938,1.0
2021-01-31 03:15:00+00:00,0.4312181218121812,0.0,0.0007901668129938,1.0
2021-01-31 03:30:00+00:00,0.4335058505850585,0.0,0.0007901668129938,1.0
2021-01-31 03:45:00+00:00,0.43579357935793583,0.0,0.0007901668129938,1.0
2021-01-31 04:00:00+00:00,0.4380813081308131,0.0,0.0007901668129938,1.0
2021-01-31 04:15:00+00:00,0.4368624362436243,0.0,0.0007462686567163499,1.0
2021-01-31 04:30:00+00:00,0.4356435643564356,0.0,0.0007023705004389,1.0
2021-01-31 04:45:00+00:00,0.43442469246924686,0.0,0.0006584723441615,1.0
2021-01-31 05:00:00+00:00,0.4332058205820582,0.0,0.0006145741878841,1.0
2021-01-31 05:15:00+00:00,0.4291085358535853,0.0,0.0006145741878841,1.0
2021-01-31 05:30:00+00:00,0.4250112511251125,0.0,0.0006145741878841,1.0
2021-01-31 05:45:00+00:00,0.4209139663966397,0.0,0.0006145741878841,1.0
2021-01-31 06:00:00+00:00,0.4168166816681668,0.0,0.0006145741878841,1.0
2021-01-31 06:15:00+00:00,0.4069625712571257,0.0,0.0024582967515364,1.0
2021-01-31 06:30:00+00:00,0.3971084608460846,0.0,0.0043020193151887,1.0
2021-01-31 06:45:00+00:00,0.3872543504350435,0.0,0.00614574187884105,1.0
2021-01-31 07:00:00+00:00,0.3774002400240024,0.0,0.0079894644424934,1.0
2021-01-31 07:15:00+00:00,0.3814787728772877,0.0,0.0251975417032484,1.0
2021-01-31 07:30:00+00:00,0.385557305730573,0.0,0.0424056189640034,1.0
2021-01-31 07:45:00+00:00,0.38963583858385836,0.0,0.0596136962247585,1.0
2021-01-31 08:00:00+00:00,0.3937143714371437,0.0,0.0768217734855136,1.0
2021-01-31 08:15:00+00:00,0.4037747524752475,0.0,0.0919446883230904,1.0
2021-01-31 08:30:00+00:00,0.4138351335133513,0.0,0.1070676031606672,1.0
2021-01-31 08:45:00+00:00,0.42389551455145513,0.0,0.12219051799824406,1.0
2021-01-31 09:00:00+00:00,0.4339558955895589,0.0,0.1373134328358209,1.0
2021-01-31 09:15:00+00:00,0.4473822382238223,0.0,0.14754170324846355,1.0
2021-01-31 09:30:00+00:00,0.4608085808580857,0.0,0.1577699736611062,1.0
2021-01-31 09:45:00+00:00,0.47423492349234914,0.0,0.16799824407374886,1.0
2021-01-31 10:00:00+00:00,0.4876612661266126,0.0,0.1782265144863915,1.0
2021-01-31 10:15:00+00:00,0.4960152265226522,0.0,0.18784021071115006,1.0
2021-01-31 10:30:00+00:00,0.5043691869186918,0.0,0.1974539069359086,1.0
2021-01-31 10:45:00+00:00,0.5127231473147315,0.0,0.2070676031606672,1.0
2021-01-31 11:00:00+00:00,0.5210771077107711,0.0,0.2166812993854258,1.0
2021-01-31 11:15:00+00:00,0.5245837083708371,0.0,0.21951273046532038,1.0
2021-01-31 11:30:00+00:00,0.5280903090309031,0.0,0.222344161545215,1.0
2021-01-31 11:45:00+00:00,0.5315969096909692,0.0,0.2251755926251097,1.0
2021-01-31 12:00:00+00:00,0.5351035103510351,0.0,0.2280070237050044,1.0
2021-01-31 12:15:00+00:00,0.5388445094509451,0.0,0.22750219490781384,1.0
2021-01-31 12:30:00+00:00,0.5425855085508551,0.0,0.2269973661106233,1.0
2021-01-31 12:45:00+00:00,0.5463265076507651,0.0,0.2264925373134328,1.0
2021-01-31 13:00:00+00:00,0.5500675067506751,0.0,0.2259877085162423,1.0
2021-01-31 13:15:00+00:00,0.5417322982298229,0.0,0.217910447761194,1.0
2021-01-31 13:30:00+00:00,0.5333970897089708,0.0,0.2098331870061457,1.0
2021-01-31 13:45:00+00:00,0.5250618811881187,0.0,0.2017559262510974,1.0
2021-01-31 14:00:00+00:00,0.5167266726672667,0.0,0.1936786654960491,1.0
2021-01-31 14:15:00+00:00,0.5095728322832282,0.0,0.18140913081650564,1.0
2021-01-31 14:30:00+00:00,0.5024189918991899,0.0,0.1691395961369622,1.0
2021-01-31 14:45:00+00:00,0.4952651515151515,0.0,0.15687006145741875,1.0
2021-01-31 15:00:00+00:00,0.4881113111311131,0.0,0.1446005267778753,1.0
2021-01-31 15:15:00+00:00,0.4909897239723972,0.0,0.123748902546093,1.0
2021-01-31 15:30:00+00:00,0.4938681368136813,0.0,0.1028972783143107,1.0
2021-01-31 15:45:00+00:00,0.49674654965496545,0.0,0.08204565408252845,1.0
2021-01-31 16:00:00+00:00,0.4996249624962496,0.0,0.0611940298507462,1.0
2021-01-31 16:15:00+00:00,0.5105479297929792,0.0,0.046992976294995555,1.0
2021-01-31 16:30:00+00:00,0.521470897089709,0.0,0.0327919227392449,1.0
2021-01-31 16:45:00+00:00,0.5323938643864387,0.0,0.01859086918349425,1.0
2021-01-31 17:00:00+00:00,0.5433168316831684,0.0,0.0043898156277436,1.0
2021-01-31 17:15:00+00:00,0.5541741674167417,0.0,0.00342405618964,1.0
2021-01-31 17:30:00+00:00,0.565031503150315,0.0,0.0024582967515364,1.0
2021-01-31 17:45:00+00:00,0.5758888388838883,0.0,0.0014925373134328,1.0
2021-01-31 18:00:00+00:00,0.5867461746174617,0.0,0.0005267778753292,1.0
2021-01-31 18:15:00+00:00,0.5931405640564056,0.0,0.0005267778753292,1.0
2021-01-31 18:30:00+00:00,0.5995349534953496,0.0,0.0005267778753292,1.0
2021-01-31 18:45:00+00:00,0.6059293429342935,0.0,0.0005267778753292,1.0
2021-01-31 19:00:00+00:00,0.6123237323732373,0.0,0.0005267778753292,1.0
2021-01-31 19:15:00+00:00,0.6140864086408641,0.0,0.0005267778753292,1.0
2021-01-31 19:30:00+00:00,0.6158490849084908,0.0,0.0005267778753292,1.0
2021-01-31 19:45:00+00:00,0.6176117611761176,0.0,0.0005267778753292,1.0
2021-01-31 20:00:00+00:00,0.6193744374437443,0.0,0.0005267778753292,1.0
2021-01-31 20:15:00+00:00,0.6160459795979598,0.0,0.0005267778753292,1.0
2021-01-31 20:30:00+00:00,0.6127175217521752,0.0,0.0005267778753292,1.0
2021-01-31 20:45:00+00:00,0.6093890639063906,0.0,0.0005267778753292,1.0
2021-01-31 21:00:00+00:00,0.6060606060606061,0.0,0.0005267778753292,1.0
2021-01-31 21:15:00+00:00,0.5913403840384038,0.0,0.0005487269534679,1.0
2021-01-31 21:30:00+00:00,0.5766201620162016,0.0,0.0005706760316066,1.0
2021-01-31 21:45:00+00:00,0.5618999399939995,0.0,0.00059262510974535,1.0
2021-01-31 22:00:00+00:00,0.5471797179717972,0.0,0.0006145741878841,1.0
2021-01-31 22:15:00+00:00,0.5365567806780678,0.0,0.0006145741878841,1.0
2021-01-31 22:30:00+00:00,0.5259338433843385,0.0,0.0006145741878841,1.0
2021-01-31 22:45:00+00:00,0.5153109060906091,0.0,0.0006145741878841,1.0
2021-01-31 23:00:00+00:00,0.5046879687968797,0.0,0.0006145741878841,1.0
2021-01-31 23:15:00+00:00,0.4983404590459046,0.0,0.0006145741878841,1.0
2021-01-31 23:30:00+00:00,0.4919929492949295,0.0,0.0006145741878841,1.0
2021-01-31 23:45:00+00:00,0.4856454395439544,0.0,0.0006145741878841,1.0
2021-02-01 00:00:00+00:00,0.4792979297929793,0.0,0.0006145741878841,1.0
2021-02-01 00:15:00+00:00,0.47683205820582053,0.0,0.0006145741878841,1.0
2021-02-01 00:30:00+00:00,0.4743661866186618,0.0,0.0006145741878841,1.0
2021-02-01 00:45:00+00:00,0.4719003150315031,0.0,0.0006145741878841,1.0
2021-02-01 01:00:00+00:00,0.4694344434443444,0.0,0.0006145741878841,1.0
2021-02-01 01:15:00+00:00,0.4638651365136513,0.0,0.0006145741878841,1.0
2021-02-01 01:30:00+00:00,0.4582958295829582,0.0,0.0006145741878841,1.0
2021-02-01 01:45:00+00:00,0.45272652265226515,0.0,0.0006145741878841,1.0
2021-02-01 02:00:00+00:00,0.4471572157215721,0.0,0.0006145741878841,1.0
2021-02-01 02:15:00+00:00,0.4419160666066606,0.0,0.0006145741878841,1.0
2021-02-01 02:30:00+00:00,0.4366749174917491,0.0,0.0006145741878841,1.0
2021-02-01 02:45:00+00:00,0.43143376837683767,0.0,0.0006145741878841,1.0
2021-02-01 03:00:00+00:00,0.4261926192619262,0.0,0.0006145741878841,1.0
2021-02-01 03:15:00+00:00,0.4306836933693369,0.0,0.0006145741878841,1.0
2021-02-01 03:30:00+00:00,0.4351747674767476,0.0,0.0006145741878841,1.0
2021-02-01 03:45:00+00:00,0.4396658415841584,0.0,0.0006145741878841,1.0
2021-02-01 04:00:00+00:00,0.4441569156915692,0.0,0.0006145741878841,1.0
2021-02-01 04:15:00+00:00,0.4564487698769877,0.0,0.0005706760316065999,1.0
2021-02-01 04:30:00+00:00,0.4687406240624062,0.0,0.0005267778753291,1.0
2021-02-01 04:45:00+00:00,0.48103247824782475,0.0,0.0004828797190517,1.0
2021-02-01 05:00:00+00:00,0.4933243324332433,0.0,0.0004389815627743,1.0
2021-02-01 05:15:00+00:00,0.5150952595259526,0.0,0.0004389815627743,1.0
2021-02-01 05:30:00+00:00,0.5368661866186618,0.0,0.0004389815627743,1.0
2021-02-01 05:45:00+00:00,0.558637113711371,0.0,0.0004389815627743,1.0
2021-02-01 06:00:00+00:00,0.5804080408040804,0.0,0.0004389815627743,1.0
2021-02-01 06:15:00+00:00,0.5911153615361536,0.0,0.0026338893766461,1.0
2021-02-01 06:30:00+00:00,0.6018226822682269,0.0,0.0048287971905179,1.0
2021-02-01 06:45:00+00:00,0.6125300030003,0.0,0.007023705004389751,1.0
2021-02-01 07:00:00+00:00,0.6232373237323733,0.0,0.0092186128182616,1.0
2021-02-01 07:15:00+00:00,0.6248031053105312,0.0,0.04082528533801575,1.0
2021-02-01 07:30:00+00:00,0.626368886888689,0.0,0.0724319578577699,1.0
2021-02-01 07:45:00+00:00,0.6279346684668468,0.0,0.1040386303775241,1.0
2021-02-01 08:00:00+00:00,0.6295004500450045,0.0,0.1356453028972783,1.0
2021-02-01 08:15:00+00:00,0.6248406090609061,0.0,0.17897278314310794,1.0
2021-02-01 08:30:00+00:00,0.6201807680768077,0.0,0.2223002633889376,1.0
2021-02-01 08:45:00+00:00,0.6155209270927093,0.0,0.26562774363476727,1.0
2021-02-01 09:00:00+00:00,0.6108610861086109,0.0,0.308955223880597,1.0
2021-02-01 09:15:00+00:00,0.6081045604560456,0.0,0.32495610184372253,1.0
2021-02-01 09:30:00+00:00,0.6053480348034803,0.0,0.3409569798068481,1.0
2021-02-01 09:45:00+00:00,0.6025915091509151,0.0,0.35695785776997363,1.0
2021-02-01 10:00:00+00:00,0.5998349834983498,0.0,0.3729587357330992,1.0
2021-02-01 10:15:00+00:00,0.6003787878787878,0.0,0.3799385425812115,1.0
2021-02-01 10:30:00+00:00,0.600922592259226,0.0,0.3869183494293239,1.0
2021-02-01 10:45:00+00:00,0.6014663966396641,0.0,0.3938981562774363,1.0
2021-02-01 11:00:00+00:00,0.602010201020102,0.0,0.4008779631255487,1.0
2021-02-01 11:15:00+00:00,0.605441794179418,0.0,0.4053116769095697,1.0
2021-02-01 11:30:00+00:00,0.608873387338734,0.0,0.4097453906935908,1.0
2021-02-01 11:45:00+00:00,0.6123049804980498,0.0,0.41417910447761186,1.0
2021-02-01 12:00:00+00:00,0.6157365736573658,0.0,0.418612818261633,1.0
2021-02-01 12:15:00+00:00,0.6147989798979898,0.0,0.4203906935908691,1.0
2021-02-01 12:30:00+00:00,0.613861386138614,0.0,0.4221685689201053,1.0
2021-02-01 12:45:00+00:00,0.612923792379238,0.0,0.4239464442493415,1.0
2021-02-01 13:00:00+00:00,0.611986198619862,0.0,0.4257243195785777,1.0
2021-02-01 13:15:00+00:00,0.6124362436243624,0.0,0.4199517120280948,1.0
2021-02-01 13:30:00+00:00,0.6128862886288629,0.0,0.4141791044776119,1.0
2021-02-01 13:45:00+00:00,0.6133363336333633,0.0,0.40840649692712905,1.0
2021-02-01 14:00:00+00:00,0.6137863786378638,0.0,0.4026338893766462,1.0
2021-02-01 14:15:00+00:00,0.6131675667566756,0.0,0.38437225636523265,1.0
2021-02-01 14:30:00+00:00,0.6125487548754875,0.0,0.3661106233538191,1.0
2021-02-01 14:45:00+00:00,0.6119299429942995,0.0,0.3478489903424056,1.0
2021-02-01 15:00:00+00:00,0.6113111311131113,0.0,0.3295873573309921,1.0
2021-02-01 15:15:00+00:00,0.6118643114311431,0.0,0.2933933274802458,1.0
2021-02-01 15:30:00+00:00,0.6124174917491749,0.0,0.2571992976294995,1.0
2021-02-01 15:45:00+00:00,0.6129706720672068,0.0,0.22100526777875323,1.0
2021-02-01 16:00:00+00:00,0.6135238523852385,0.0,0.184811237928007,1.0
2021-02-01 16:15:00+00:00,0.6070075757575758,0.0,0.146883230904302,1.0
2021-02-01 16:30:00+00:00,0.600491299129913,0.0,0.108955223880597,1.0
2021-02-01 16:45:00+00:00,0.5939750225022502,0.0,0.071027216856892,1.0
2021-02-01 17:00:00+00:00,0.5874587458745875,0.0,0.033099209833187,1.0
2021-02-01 17:15:00+00:00,0.582761401140114,0.0,0.026207199297629453,1.0
2021-02-01 17:30:00+00:00,0.5780640564056405,0.0,0.0193151887620719,1.0
2021-02-01 17:45:00+00:00,0.5733667116711672,0.0,0.0124231782265144,1.0
2021-02-01 18:00:00+00:00,0.5686693669366937,0.0,0.0055311676909569,1.0
2021-02-01 18:15:00+00:00,0.5676192619261926,0.0,0.00485074626865665,1.0
2021-02-01 18:30:00+00:00,0.5665691569156917,0.0,0.0041703248463564,1.0
2021-02-01 18:45:00+00:00,0.5655190519051906,0.0,0.0034899034240561504,1.0
2021-02-01 19:00:00+00:00,0.5644689468946895,0.0,0.0028094820017559,1.0
2021-02-01 19:15:00+00:00,0.5631563156315632,0.0,0.00265583845478485,1.0
2021-02-01 19:30:00+00:00,0.5618436843684369,0.0,0.0025021949078138,1.0
2021-02-01 19:45:00+00:00,0.5605310531053105,0.0,0.0023485513608428,1.0
2021-02-01 20:00:00+00:00,0.5592184218421842,0.0,0.0021949078138718,1.0
2021-02-01 20:15:00+00:00,0.5579901740174017,0.0,0.0021949078138718,1.0
2021-02-01 20:30:00+00:00,0.5567619261926192,0.0,0.0021949078138718,1.0
2021-02-01 20:45:00+00:00,0.5555336783678367,0.0,0.0021949078138718,1.0
2021-02-01 21:00:00+00:00,0.5543054305430543,0.0,0.0021949078138718,1.0
2021-02-01 21:15:00+00:00,0.5505081758175817,0.0,0.00201931518876205,1.0
2021-02-01 21:30:00+00:00,0.5467109210921092,0.0,0.0018437225636523,1.0
2021-02-01 21:45:00+00:00,0.5429136663666366,0.0,0.00166812993854255,1.0
2021-02-01 22:00:00+00:00,0.5391164116411641,0.0,0.0014925373134328,1.0
2021-02-01 22:15:00+00:00,0.5429136663666366,0.0,0.00136084284460045,1.0
2021-02-01 22:30:00+00:00,0.5467109210921092,0.0,0.0012291483757681,1.0
2021-02-01 22:45:00+00:00,0.5505081758175817,0.0,0.0010974539069358,1.0
2021-02-01 23:00:00+00:00,0.5543054305430543,0.0,0.0009657594381035,1.0
2021-02-01 23:15:00+00:00,0.5521020852085208,0.0,0.0009438103599647999,1.0
2021-02-01 23:30:00+00:00,0.5498987398739874,0.0,0.0009218612818261,1.0
2021-02-01 23:45:00+00:00,0.5476953945394539,0.0,0.0008999122036874,1.0
2021-02-02 00:00:00+00:00,0.5454920492049204,0.0,0.0008779631255487,1.0
2021-02-02 00:15:00+00:00,0.5397914791479148,0.0,0.00085601404740995,1.0
2021-02-02 00:30:00+00:00,0.5340909090909091,0.0,0.0008340649692712,1.0
2021-02-02 00:45:00+00:00,0.5283903390339033,0.0,0.0008121158911325,1.0
2021-02-02 01:00:00+00:00,0.5226897689768977,0.0,0.0007901668129938,1.0
2021-02-02 01:15:00+00:00,0.5210583558355836,0.0,0.0007462686567163499,1.0
2021-02-02 01:30:00+00:00,0.5194269426942695,0.0,0.0007023705004389,1.0
2021-02-02 01:45:00+00:00,0.5177955295529553,0.0,0.0006584723441615,1.0
2021-02-02 02:00:00+00:00,0.5161641164116412,0.0,0.0006145741878841,1.0
2021-02-02 02:15:00+00:00,0.51745799579958,0.0,0.0006365232660228,1.0
2021-02-02 02:30:00+00:00,0.5187518751875188,0.0,0.0006584723441615,1.0
2021-02-02 02:45:00+00:00,0.5200457545754575,0.0,0.0006804214223002,1.0
2021-02-02 03:00:00+00:00,0.5213396339633963,0.0,0.0007023705004389,1.0
2021-02-02 03:15:00+00:00,0.5185174767476748,0.0,0.0007023705004389,1.0
2021-02-02 03:30:00+00:00,0.5156953195319531,0.0,0.0007023705004389,1.0
2021-02-02 03:45:00+00:00,0.5128731623162316,0.0,0.0007023705004389,1.0
2021-02-02 04:00:00+00:00,0.51005100510051,0.0,0.0007023705004389,1.0
2021-02-02 04:15:00+00:00,0.5064787728772877,0.0,0.00065847234416145,1.0
2021-02-02 04:30:00+00:00,0.5029065406540654,0.0,0.000614574187884,1.0
2021-02-02 04:45:00+00:00,0.49933430843084303,0.0,0.0005706760316066,1.0
2021-02-02 05:00:00+00:00,0.4957620762076207,0.0,0.0005267778753292,1.0
2021-02-02 05:15:00+00:00,0.49263988898889877,0.0,0.0005267778753292,1.0
2021-02-02 05:30:00+00:00,0.4895177017701769,0.0,0.0005267778753292,1.0
2021-02-02 05:45:00+00:00,0.486395514551455,0.0,0.0005267778753292,1.0
2021-02-02 06:00:00+00:00,0.4832733273327332,0.0,0.0005267778753292,1.0
2021-02-02 06:15:00+00:00,0.477750900090009,0.0,0.0031826163301141,1.0
2021-02-02 06:30:00+00:00,0.4722284728472847,0.0,0.005838454784899,1.0
2021-02-02 06:45:00+00:00,0.4667060456045604,0.0,0.008494293239683901,1.0
2021-02-02 07:00:00+00:00,0.4611836183618362,0.0,0.0111501316944688,1.0
2021-02-02 07:15:00+00:00,0.45809893489348935,0.0,0.03415276558384545,1.0
2021-02-02 07:30:00+00:00,0.4550142514251425,0.0,0.0571553994732221,1.0
2021-02-02 07:45:00+00:00,0.4519295679567956,0.0,0.08015803336259875,1.0
2021-02-02 08:00:00+00:00,0.4488448844884488,0.0,0.1031606672519754,1.0
2021-02-02 08:15:00+00:00,0.44709158415841577,0.0,0.13753292361720804,1.0
2021-02-02 08:30:00+00:00,0.4453382838283827,0.0,0.1719051799824407,1.0
2021-02-02 08:45:00+00:00,0.44358498349834974,0.0,0.20627743634767337,1.0
2021-02-02 09:00:00+00:00,0.4418316831683168,0.0,0.240649692712906,1.0
2021-02-02 09:15:00+00:00,0.4457508250825082,0.0,0.26211589113257233,1.0
2021-02-02 09:30:00+00:00,0.4496699669966996,0.0,0.2835820895522387,1.0
2021-02-02 09:45:00+00:00,0.45358910891089105,0.0,0.3050482879719051,1.0
2021-02-02 10:00:00+00:00,0.4575082508250825,0.0,0.3265144863915715,1.0
2021-02-02 10:15:00+00:00,0.46099609960996096,0.0,0.3335820895522388,1.0
2021-02-02 10:30:00+00:00,0.4644839483948394,0.0,0.340649692712906,1.0
2021-02-02 10:45:00+00:00,0.4679717971797179,0.0,0.34771729587357325,1.0
2021-02-02 11:00:00+00:00,0.4714596459645964,0.0,0.3547848990342405,1.0
2021-02-02 11:15:00+00:00,0.46980948094809477,0.0,0.3608647936786654,1.0
2021-02-02 11:30:00+00:00,0.4681593159315931,0.0,0.3669446883230903,1.0
2021-02-02 11:45:00+00:00,0.4665091509150915,0.0,0.3730245829675153,1.0
2021-02-02 12:00:00+00:00,0.4648589858985898,0.0,0.3791044776119402,1.0
2021-02-02 12:15:00+00:00,0.45885838583858385,0.0,0.37686567164179097,1.0
2021-02-02 12:30:00+00:00,0.4528577857785778,0.0,0.3746268656716417,1.0
2021-02-02 12:45:00+00:00,0.4468571857185718,0.0,0.37238805970149247,1.0
2021-02-02 13:00:00+00:00,0.4408565856585658,0.0,0.3701492537313433,1.0
2021-02-02 13:15:00+00:00,0.4358404590459045,0.0,0.3657155399473222,1.0
2021-02-02 13:30:00+00:00,0.4308243324332432,0.0,0.3612818261633012,1.0
2021-02-02 13:45:00+00:00,0.425808205820582,0.0,0.3568481123792801,1.0
2021-02-02 14:00:00+00:00,0.4207920792079208,0.0,0.352414398595259,1.0
2021-02-02 14:15:00+00:00,0.4154665466546654,0.0,0.33377963125548726,1.0
2021-02-02 14:30:00+00:00,0.4101410141014101,0.0,0.3151448639157155,1.0
2021-02-02 14:45:00+00:00,0.4048154815481548,0.0,0.2965100965759438,1.0
2021-02-02 15:00:00+00:00,0.3994899489948995,0.0,0.2778753292361721,1.0
2021-02-02 15:15:00+00:00,0.39456758175817586,0.0,0.24135206321334504,1.0
2021-02-02 15:30:00+00:00,0.3896452145214522,0.0,0.204828797190518,1.0
2021-02-02 15:45:00+00:00,0.3847228472847285,0.0,0.16830553116769095,1.0
2021-02-02 16:00:00+00:00,0.3798004800480048,0.0,0.1317822651448639,1.0
2021-02-02 16:15:00+00:00,0.37972547254725475,0.0,0.10338015803336256,1.0
2021-02-02 16:30:00+00:00,0.3796504650465047,0.0,0.0749780509218612,1.0
2021-02-02 16:45:00+00:00,0.3795754575457546,0.0,0.0465759438103599,1.0
2021-02-02 17:00:00+00:00,0.3795004500450045,0.0,0.0181738366988586,1.0
2021-02-02 17:15:00+00:00,0.387273102310231,0.0,0.014508340649692652,1.0
2021-02-02 17:30:00+00:00,0.3950457545754575,0.0,0.0108428446005267,1.0
2021-02-02 17:45:00+00:00,0.40281840684068404,0.0,0.0071773485513608,1.0
2021-02-02 18:00:00+00:00,0.4105910591059106,0.0,0.0035118525021949,1.0
2021-02-02 18:15:00+00:00,0.41860748574857487,0.0,0.00348990342405615,1.0
2021-02-02 18:30:00+00:00,0.4266239123912391,0.0,0.0034679543459174,1.0
2021-02-02 18:45:00+00:00,0.4346403390339033,0.0,0.0034460052677786996,1.0
2021-02-02 19:00:00+00:00,0.4426567656765676,0.0,0.00342405618964,1.0
2021-02-02 19:15:00+00:00,0.4497637263726372,0.0,0.00342405618964,1.0
2021-02-02 19:30:00+00:00,0.4568706870687068,0.0,0.00342405618964,1.0
2021-02-02 19:45:00+00:00,0.46397764776477646,0.0,0.00342405618964,1.0
2021-02-02 20:00:00+00:00,0.4710846084608461,0.0,0.00342405618964,1.0
2021-02-02 20:15:00+00:00,0.47384113411341133,0.0,0.00342405618964,1.0
2021-02-02 20:30:00+00:00,0.4765976597659765,0.0,0.00342405618964,1.0
2021-02-02 20:45:00+00:00,0.4793541854185418,0.0,0.00342405618964,1.0
2021-02-02 21:00:00+00:00,0.4821107110711071,0.0,0.00342405618964,1.0
2021-02-02 21:15:00+00:00,0.48510163516351634,0.0,0.00342405618964,1.0
2021-02-02 21:30:00+00:00,0.4880925592559256,0.0,0.00342405618964,1.0
2021-02-02 21:45:00+00:00,0.49108348334833485,0.0,0.00342405618964,1.0
2021-02-02 22:00:00+00:00,0.4940744074407441,0.0,0.00342405618964,1.0
2021-02-02 22:15:00+00:00,0.4971028352835284,0.0,0.0034021071115012498,1.0
2021-02-02 22:30:00+00:00,0.5001312631263126,0.0,0.0033801580333625,1.0
2021-02-02 22:45:00+00:00,0.503159690969097,0.0,0.0033582089552238,1.0
2021-02-02 23:00:00+00:00,0.5061881188118812,0.0,0.0033362598770851,1.0
2021-02-02 23:15:00+00:00,0.506197494749475,0.0,0.0033362598770851,1.0
2021-02-02 23:30:00+00:00,0.5062068706870687,0.0,0.0033362598770851,1.0
2021-02-02 23:45:00+00:00,0.5062162466246625,0.0,0.0033362598770851,1.0
2021-02-03 00:00:00+00:00,0.5062256225622562,0.0,0.0033362598770851,1.0
2021-02-03 00:15:00+00:00,0.504950495049505,0.0,0.0033362598770851,1.0
2021-02-03 00:30:00+00:00,0.5036753675367537,0.0,0.0033362598770851,1.0
2021-02-03 00:45:00+00:00,0.5024002400240024,0.0,0.0033362598770851,1.0
2021-02-03 01:00:00+00:00,0.5011251125112511,0.0,0.0033362598770851,1.0
2021-02-03 01:15:00+00:00,0.5028127812781278,0.0,0.00331431079894635,1.0
2021-02-03 01:30:00+00:00,0.5045004500450045,0.0,0.0032923617208076,1.0
2021-02-03 01:45:00+00:00,0.5061881188118812,0.0,0.0032704126426689,1.0
2021-02-03 02:00:00+00:00,0.5078757875787578,0.0,0.0032484635645302,1.0
2021-02-03 02:15:00+00:00,0.5022220972097209,0.0,0.0032484635645302,1.0
2021-02-03 02:30:00+00:00,0.496568406840684,0.0,0.0032484635645302,1.0
2021-02-03 02:45:00+00:00,0.4909147164716471,0.0,0.0032484635645302,1.0
2021-02-03 03:00:00+00:00,0.4852610261026102,0.0,0.0032484635645302,1.0
2021-02-03 03:15:00+00:00,0.4898177317731772,0.0,0.0032704126426689,1.0
2021-02-03 03:30:00+00:00,0.4943744374437443,0.0,0.0032923617208076,1.0
2021-02-03 03:45:00+00:00,0.4989311431143114,0.0,0.00331431079894635,1.0
2021-02-03 04:00:00+00:00,0.5034878487848785,0.0,0.0033362598770851,1.0
2021-02-03 04:15:00+00:00,0.5001687668766877,0.0,0.0032923617208076503,1.0
2021-02-03 04:30:00+00:00,0.4968496849684968,0.0,0.0032484635645302,1.0
2021-02-03 04:45:00+00:00,0.493530603060306,0.0,0.0032045654082528,1.0
2021-02-03 05:00:00+00:00,0.4902115211521152,0.0,0.0031606672519754,1.0
2021-02-03 05:15:00+00:00,0.49280865586558653,0.0,0.0031606672519754,1.0
2021-02-03 05:30:00+00:00,0.4954057905790578,0.0,0.0031606672519754,1.0
2021-02-03 05:45:00+00:00,0.4980029252925292,0.0,0.0031606672519754,1.0
2021-02-03 06:00:00+00:00,0.5006000600060005,0.0,0.0031606672519754,1.0
2021-02-03 06:15:00+00:00,0.49699969996999693,0.0,0.0054872695346795,1.0
2021-02-03 06:30:00+00:00,0.4933993399339934,0.0,0.0078138718173836,1.0
2021-02-03 06:45:00+00:00,0.48979897989798976,0.0,0.01014047410008775,1.0
2021-02-03 07:00:00+00:00,0.4861986198619862,0.0,0.0124670763827919,1.0
2021-02-03 07:15:00+00:00,0.4818388088808881,0.0,0.03478928884986825,1.0
2021-02-03 07:30:00+00:00,0.47747899789979,0.0,0.0571115013169446,1.0
2021-02-03 07:45:00+00:00,0.4731191869186918,0.0,0.079433713784021,1.0
2021-02-03 08:00:00+00:00,0.4687593759375937,0.0,0.1017559262510974,1.0
2021-02-03 08:15:00+00:00,0.46123049804980487,0.0,0.13228709394205435,1.0
2021-02-03 08:30:00+00:00,0.4537016201620161,0.0,0.1628182616330113,1.0
2021-02-03 08:45:00+00:00,0.4461727422742273,0.0,0.1933494293239683,1.0
2021-02-03 09:00:00+00:00,0.4386438643864386,0.0,0.2238805970149253,1.0
2021-02-03 09:15:00+00:00,0.43341209120912083,0.0,0.2469271290605794,1.0
2021-02-03 09:30:00+00:00,0.4281803180318031,0.0,0.2699736611062335,1.0
2021-02-03 09:45:00+00:00,0.4229485448544854,0.0,0.2930201931518876,1.0
2021-02-03 10:00:00+00:00,0.4177167716771677,0.0,0.3160667251975417,1.0
2021-02-03 10:15:00+00:00,0.41247562256225623,0.0,0.33068481123792803,1.0
2021-02-03 10:30:00+00:00,0.4072344734473447,0.0,0.3453028972783143,1.0
2021-02-03 10:45:00+00:00,0.4019933243324332,0.0,0.3599209833187006,1.0
2021-02-03 11:00:00+00:00,0.3967521752175217,0.0,0.3745390693590869,1.0
2021-02-03 11:15:00+00:00,0.3929455445544554,0.0,0.3709613696224758,1.0
2021-02-03 11:30:00+00:00,0.3891389138913891,0.0,0.3673836698858647,1.0
2021-02-03 11:45:00+00:00,0.3853322832283228,0.0,0.36380597014925364,1.0
2021-02-03 12:00:00+00:00,0.3815256525652565,0.0,0.3602282704126426,1.0
2021-02-03 12:15:00+00:00,0.375271902190219,0.0,0.34901229148375756,1.0
2021-02-03 12:30:00+00:00,0.3690181518151815,0.0,0.3377963125548726,1.0
2021-02-03 12:45:00+00:00,0.362764401440144,0.0,0.32658033362598765,1.0
2021-02-03 13:00:00+00:00,0.3565106510651065,0.0,0.3153643546971027,1.0
2021-02-03 13:15:00+00:00,0.3500693819381938,0.0,0.2998024582967515,1.0
2021-02-03 13:30:00+00:00,0.3436281128112811,0.0,0.2842405618964003,1.0
2021-02-03 13:45:00+00:00,0.3371868436843684,0.0,0.2686786654960491,1.0
2021-02-03 14:00:00+00:00,0.3307455745574557,0.0,0.2531167690956979,1.0
2021-02-03 14:15:00+00:00,0.3225791329132912,0.0,0.22741439859525892,1.0
2021-02-03 14:30:00+00:00,0.3144126912691268,0.0,0.2017120280948199,1.0
2021-02-03 14:45:00+00:00,0.30624624962496244,0.0,0.17600965759438095,1.0
2021-02-03 15:00:00+00:00,0.2980798079807981,0.0,0.150307287093942,1.0
2021-02-03 15:15:00+00:00,0.28919141914191415,0.0,0.12767778753292355,1.0
2021-02-03 15:30:00+00:00,0.2803030303030303,0.0,0.1050482879719051,1.0
2021-02-03 15:45:00+00:00,0.2714146414641464,0.0,0.0824187884108867,1.0
2021-02-03 16:00:00+00:00,0.2625262526252625,0.0,0.0597892888498683,1.0
2021-02-03 16:15:00+00:00,0.2559724722472247,0.0,0.04668568920105355,1.0
2021-02-03 16:30:00+00:00,0.2494186918691869,0.0,0.0335820895522388,1.0
2021-02-03 16:45:00+00:00,0.24286491149114908,0.0,0.02047848990342405,1.0
2021-02-03 17:00:00+00:00,0.2363111311131113,0.0,0.0073748902546093,1.0
2021-02-03 17:15:00+00:00,0.2365830333033303,0.0,0.0060798946444248995,1.0
2021-02-03 17:30:00+00:00,0.2368549354935493,0.0,0.0047848990342405,1.0
2021-02-03 17:45:00+00:00,0.23712683768376835,0.0,0.00348990342405615,1.0
2021-02-03 18:00:00+00:00,0.2373987398739874,0.0,0.0021949078138718,1.0
2021-02-03 18:15:00+00:00,0.23783940894089406,0.0,0.0021510096575943502,1.0
2021-02-03 18:30:00+00:00,0.2382800780078007,0.0,0.0021071115013169,1.0
2021-02-03 18:45:00+00:00,0.23872074707470742,0.0,0.00206321334503945,1.0
2021-02-03 19:00:00+00:00,0.2391614161416141,0.0,0.002019315188762,1.0
2021-02-03 19:15:00+00:00,0.24227422742274218,0.0,0.002019315188762,1.0
2021-02-03 19:30:00+00:00,0.2453870387038703,0.0,0.002019315188762,1.0
2021-02-03 19:45:00+00:00,0.24849984998499844,0.0,0.002019315188762,1.0
2021-02-03 20:00:00+00:00,0.2516126612661266,0.0,0.002019315188762,1.0
2021-02-03 20:15:00+00:00,0.2530190519051905,0.0,0.002019315188762,1.0
2021-02-03 20:30:00+00:00,0.2544254425442543,0.0,0.002019315188762,1.0
2021-02-03 20:45:00+00:00,0.25583183318331826,0.0,0.002019315188762,1.0
2021-02-03 21:00:00+00:00,0.2572382238223822,0.0,0.002019315188762,1.0
2021-02-03 21:15:00+00:00,0.2584008400840083,0.0,0.0020412642669007004,1.0
2021-02-03 21:30:00+00:00,0.2595634563456345,0.0,0.0020632133450394,1.0
2021-02-03 21:45:00+00:00,0.26072607260726066,0.0,0.0020851624231781503,1.0
2021-02-03 22:00:00+00:00,0.2618886888688869,0.0,0.0021071115013169,1.0
2021-02-03 22:15:00+00:00,0.2614292679267926,0.0,0.0021071115013169,1.0
2021-02-03 22:30:00+00:00,0.2609698469846984,0.0,0.0021071115013169,1.0
2021-02-03 22:45:00+00:00,0.2605104260426042,0.0,0.0021071115013169,1.0
2021-02-03 23:00:00+00:00,0.26005100510051,0.0,0.0021071115013169,1.0
2021-02-03 23:15:00+00:00,0.2560474797479747,0.0,0.0021071115013169,1.0
2021-02-03 23:30:00+00:00,0.2520439543954395,0.0,0.0021071115013169,1.0
2021-02-03 23:45:00+00:00,0.24804042904290424,0.0,0.0021071115013169,1.0
2021-02-04 00:00:00+00:00,0.244036903690369,0.0,0.0021071115013169,1.0
2021-02-04 00:15:00+00:00,0.24042716771677164,0.0,0.0021071115013169,1.0
2021-02-04 00:30:00+00:00,0.2368174317431743,0.0,0.0021071115013169,1.0
2021-02-04 00:45:00+00:00,0.23320769576957695,0.0,0.0021071115013169,1.0
2021-02-04 01:00:00+00:00,0.2295979597959796,0.0,0.0021071115013169,1.0
2021-02-04 01:15:00+00:00,0.22542566756675664,0.0,0.0020851624231781503,1.0
2021-02-04 01:30:00+00:00,0.2212533753375337,0.0,0.0020632133450394,1.0
2021-02-04 01:45:00+00:00,0.2170810831083108,0.0,0.0020412642669007004,1.0
2021-02-04 02:00:00+00:00,0.2129087908790879,0.0,0.002019315188762,1.0
2021-02-04 02:15:00+00:00,0.20945844584458445,0.0,0.002019315188762,1.0
2021-02-04 02:30:00+00:00,0.206008100810081,0.0,0.002019315188762,1.0
2021-02-04 02:45:00+00:00,0.20255775577557755,0.0,0.002019315188762,1.0
2021-02-04 03:00:00+00:00,0.1991074107410741,0.0,0.002019315188762,1.0
2021-02-04 03:15:00+00:00,0.1943725622562256,0.0,0.002019315188762,1.0
2021-02-04 03:30:00+00:00,0.1896377137713771,0.0,0.002019315188762,1.0
2021-02-04 03:45:00+00:00,0.1849028652865286,0.0,0.002019315188762,1.0
2021-02-04 04:00:00+00:00,0.1801680168016801,0.0,0.002019315188762,1.0
2021-02-04 04:15:00+00:00,0.17283603360336025,0.0,0.00199736611062325,1.0
2021-02-04 04:30:00+00:00,0.1655040504050404,0.0,0.0019754170324845,1.0
2021-02-04 04:45:00+00:00,0.15817206720672058,0.0,0.0019534679543458,1.0
2021-02-04 05:00:00+00:00,0.1508400840084008,0.0,0.0019315188762071,1.0
2021-02-04 05:15:00+00:00,0.14731473147314725,0.0,0.0019095697980684,1.0
2021-02-04 05:30:00+00:00,0.1437893789378937,0.0,0.0018876207199297,1.0
2021-02-04 05:45:00+00:00,0.1402640264026402,0.0,0.001865671641791,1.0
2021-02-04 06:00:00+00:00,0.1367386738673867,0.0,0.0018437225636523,1.0
2021-02-04 06:15:00+00:00,0.13624174917491738,0.0,0.00414837576821765,1.0
2021-02-04 06:30:00+00:00,0.1357448244824481,0.0,0.006453028972783,1.0
2021-02-04 06:45:00+00:00,0.1352478997899789,0.0,0.00875768217734845,1.0
2021-02-04 07:00:00+00:00,0.1347509750975097,0.0,0.0110623353819139,1.0
2021-02-04 07:15:00+00:00,0.13520102010201013,0.0,0.032638279192273856,1.0
2021-02-04 07:30:00+00:00,0.1356510651065106,0.0,0.0542142230026338,1.0
2021-02-04 07:45:00+00:00,0.13610111011101106,0.0,0.0757901668129938,1.0
2021-02-04 08:00:00+00:00,0.1365511551155115,0.0,0.0973661106233538,1.0
2021-02-04 08:15:00+00:00,0.1386326132613261,0.0,0.1252853380158033,1.0
2021-02-04 08:30:00+00:00,0.1407140714071407,0.0,0.1532045654082528,1.0
2021-02-04 08:45:00+00:00,0.1427955295529553,0.0,0.1811237928007023,1.0
2021-02-04 09:00:00+00:00,0.1448769876987699,0.0,0.2090430201931518,1.0
2021-02-04 09:15:00+00:00,0.14628337833783378,0.0,0.23274802458296745,1.0
2021-02-04 09:30:00+00:00,0.1476897689768977,0.0,0.2564530289727831,1.0
2021-02-04 09:45:00+00:00,0.14909615961596162,0.0,0.28015803336259876,1.0
2021-02-04 10:00:00+00:00,0.1505025502550255,0.0,0.3038630377524144,1.0
2021-02-04 10:15:00+00:00,0.15251837683768377,0.0,0.3148814749780509,1.0
2021-02-04 10:30:00+00:00,0.154534203420342,0.0,0.3258999122036874,1.0
2021-02-04 10:45:00+00:00,0.15655003000300025,0.0,0.33691834942932397,1.0
2021-02-04 11:00:00+00:00,0.1585658565856585,0.0,0.3479367866549605,1.0
2021-02-04 11:15:00+00:00,0.16069419441944188,0.0,0.34769534679543457,1.0
2021-02-04 11:30:00+00:00,0.1628225322532253,0.0,0.3474539069359086,1.0
2021-02-04 11:45:00+00:00,0.1649508700870087,0.0,0.34721246707638276,1.0
2021-02-04 12:00:00+00:00,0.1670792079207921,0.0,0.3469710272168569,1.0
2021-02-04 12:15:00+00:00,0.1689168916891689,0.0,0.3366549604916593,1.0
2021-02-04 12:30:00+00:00,0.1707545754575457,0.0,0.3263388937664618,1.0
2021-02-04 12:45:00+00:00,0.17259225922592256,0.0,0.3160228270412643,1.0
2021-02-04 13:00:00+00:00,0.1744299429942994,0.0,0.3057067603160667,1.0
2021-02-04 13:15:00+00:00,0.17757088208820876,0.0,0.2918349429323968,1.0
2021-02-04 13:30:00+00:00,0.1807118211821181,0.0,0.2779631255487269,1.0
2021-02-04 13:45:00+00:00,0.18385276027602748,0.0,0.264091308165057,1.0
2021-02-04 14:00:00+00:00,0.1869936993699369,0.0,0.2502194907813871,1.0
2021-02-04 14:15:00+00:00,0.18776252625262516,0.0,0.2252414398595258,1.0
2021-02-04 14:30:00+00:00,0.1885313531353134,0.0,0.2002633889376645,1.0
2021-02-04 14:45:00+00:00,0.1893001800180017,0.0,0.17528533801580326,1.0
2021-02-04 15:00:00+00:00,0.19006900690069,0.0,0.150307287093942,1.0
2021-02-04 15:15:00+00:00,0.18398402340234016,0.0,0.12653643546971022,1.0
2021-02-04 15:30:00+00:00,0.1778990399039903,0.0,0.1027655838454784,1.0
2021-02-04 15:45:00+00:00,0.17181405640564051,0.0,0.07899473222124664,1.0
2021-02-04 16:00:00+00:00,0.1657290729072907,0.0,0.0552238805970149,1.0
2021-02-04 16:15:00+00:00,0.16194119411941188,0.0,0.0431518876207199,1.0
2021-02-04 16:30:00+00:00,0.1581533153315331,0.0,0.0310798946444249,1.0
2021-02-04 16:45:00+00:00,0.1543654365436543,0.0,0.0190079016681299,1.0
2021-02-04 17:00:00+00:00,0.1505775577557755,0.0,0.0069359086918349,1.0
2021-02-04 17:15:00+00:00,0.14741786678667862,0.0,0.00555311676909565,1.0
2021-02-04 17:30:00+00:00,0.1442581758175817,0.0,0.0041703248463564,1.0
2021-02-04 17:45:00+00:00,0.1410984848484848,0.0,0.0027875329236171503,1.0
2021-02-04 18:00:00+00:00,0.1379387938793879,0.0,0.0014047410008779,1.0
2021-02-04 18:15:00+00:00,0.1406109360936093,0.0,0.0014047410008779,1.0
2021-02-04 18:30:00+00:00,0.1432830783078307,0.0,0.0014047410008779,1.0
2021-02-04 18:45:00+00:00,0.14595522052205218,0.0,0.0014047410008779,1.0
2021-02-04 19:00:00+00:00,0.1486273627362736,0.0,0.0014047410008779,1.0
2021-02-04 19:15:00+00:00,0.14873987398739869,0.0,0.0014047410008779,1.0
2021-02-04 19:30:00+00:00,0.1488523852385238,0.0,0.0014047410008779,1.0
2021-02-04 19:45:00+00:00,0.1489648964896489,0.0,0.0014047410008779,1.0
2021-02-04 20:00:00+00:00,0.149077407740774,0.0,0.0014047410008779,1.0
2021-02-04 20:15:00+00:00,0.14726785178517843,0.0,0.0014047410008779,1.0
2021-02-04 20:30:00+00:00,0.1454582958295829,0.0,0.0014047410008779,1.0
2021-02-04 20:45:00+00:00,0.14364873987398735,0.0,0.0014047410008779,1.0
2021-02-04 21:00:00+00:00,0.1418391839183918,0.0,0.0014047410008779,1.0
2021-02-04 21:15:00+00:00,0.1416047854785478,0.0,0.0014047410008779,1.0
2021-02-04 21:30:00+00:00,0.1413703870387038,0.0,0.0014047410008779,1.0
2021-02-04 21:45:00+00:00,0.14113598859885987,0.0,0.0014047410008779,1.0
2021-02-04 22:00:00+00:00,0.1409015901590159,0.0,0.0014047410008779,1.0
2021-02-04 22:15:00+00:00,0.14167041704170413,0.0,0.0014266900790166001,1.0
2021-02-04 22:30:00+00:00,0.1424392439243924,0.0,0.0014486391571553,1.0
2021-02-04 22:45:00+00:00,0.14320807080708065,0.0,0.00147058823529405,1.0
2021-02-04 23:00:00+00:00,0.1439768976897689,0.0,0.0014925373134328,1.0
2021-02-04 23:15:00+00:00,0.14682718271827175,0.0,0.0014925373134328,1.0
2021-02-04 23:30:00+00:00,0.1496774677467746,0.0,0.0014925373134328,1.0
2021-02-04 23:45:00+00:00,0.15252775277527744,0.0,0.0014925373134328,1.0
2021-02-05 00:00:00+00:00,0.1553780378037803,0.0,0.0014925373134328,1.0
2021-02-05 00:15:00+00:00,0.15774077407740766,0.0,0.00147058823529405,1.0
2021-02-05 00:30:00+00:00,0.160103510351035,0.0,0.0014486391571553,1.0
2021-02-05 00:45:00+00:00,0.1624662466246624,0.0,0.0014266900790166001,1.0
2021-02-05 01:00:00+00:00,0.1648289828982898,0.0,0.0014047410008779,1.0
2021-02-05 01:15:00+00:00,0.16594471947194714,0.0,0.0014047410008779,1.0
2021-02-05 01:30:00+00:00,0.1670604560456045,0.0,0.0014047410008779,1.0
2021-02-05 01:45:00+00:00,0.1681761926192619,0.0,0.0014047410008779,1.0
2021-02-05 02:00:00+00:00,0.1692919291929193,0.0,0.0014047410008779,1.0
2021-02-05 02:15:00+00:00,0.17394239423942395,0.0,0.0014047410008779,1.0
2021-02-05 02:30:00+00:00,0.1785928592859286,0.0,0.0014047410008779,1.0
2021-02-05 02:45:00+00:00,0.18324332433243323,0.0,0.0014047410008779,1.0
2021-02-05 03:00:00+00:00,0.1878937893789379,0.0,0.0014047410008779,1.0
2021-02-05 03:15:00+00:00,0.19022839783978396,0.0,0.0013827919227391498,1.0
2021-02-05 03:30:00+00:00,0.19256300630063,0.0,0.0013608428446004,1.0
2021-02-05 03:45:00+00:00,0.1948976147614761,0.0,0.0013388937664617,1.0
2021-02-05 04:00:00+00:00,0.1972322232223222,0.0,0.001316944688323,1.0
2021-02-05 04:15:00+00:00,0.19882613261326126,0.0,0.001316944688323,1.0
2021-02-05 04:30:00+00:00,0.2004200420042003,0.0,0.001316944688323,1.0
2021-02-05 04:45:00+00:00,0.20201395139513945,0.0,0.001316944688323,1.0
2021-02-05 05:00:00+00:00,0.2036078607860786,0.0,0.001316944688323,1.0
2021-02-05 05:15:00+00:00,0.20513613861386135,0.0,0.001316944688323,1.0
2021-02-05 05:30:00+00:00,0.2066644164416441,0.0,0.001316944688323,1.0
2021-02-05 05:45:00+00:00,0.20819269426942688,0.0,0.001316944688323,1.0
2021-02-05 06:00:00+00:00,0.2097209720972097,0.0,0.001316944688323,1.0
2021-02-05 06:15:00+00:00,0.21166179117911785,0.0,0.0039508340649692004,1.0
2021-02-05 06:30:00+00:00,0.213602610261026,0.0,0.0065847234416154,1.0
2021-02-05 06:45:00+00:00,0.2155434293429342,0.0,0.0092186128182616,1.0
2021-02-05 07:00:00+00:00,0.2174842484248424,0.0,0.0118525021949078,1.0
2021-02-05 07:15:00+00:00,0.21868436843684355,0.0,0.03147497805092185,1.0
2021-02-05 07:30:00+00:00,0.2198844884488447,0.0,0.0510974539069359,1.0
2021-02-05 07:45:00+00:00,0.22108460846084593,0.0,0.07071992976294995,1.0
2021-02-05 08:00:00+00:00,0.2222847284728472,0.0,0.090342405618964,1.0
2021-02-05 08:15:00+00:00,0.2204376687668766,0.0,0.11312554872695345,1.0
2021-02-05 08:30:00+00:00,0.218590609060906,0.0,0.1359086918349429,1.0
2021-02-05 08:45:00+00:00,0.21674354935493545,0.0,0.15869183494293235,1.0
2021-02-05 09:00:00+00:00,0.2148964896489649,0.0,0.1814749780509218,1.0
2021-02-05 09:15:00+00:00,0.2181874437443744,0.0,0.19811237928007014,1.0
2021-02-05 09:30:00+00:00,0.2214783978397839,0.0,0.2147497805092185,1.0
2021-02-05 09:45:00+00:00,0.22476935193519346,0.0,0.23138718173836692,1.0
2021-02-05 10:00:00+00:00,0.228060306030603,0.0,0.2480245829675153,1.0
2021-02-05 10:15:00+00:00,0.23166066606660662,0.0,0.2588893766461808,1.0
2021-02-05 10:30:00+00:00,0.2352610261026102,0.0,0.2697541703248463,1.0
2021-02-05 10:45:00+00:00,0.2388613861386138,0.0,0.28061896400351183,1.0
2021-02-05 11:00:00+00:00,0.2424617461746174,0.0,0.2914837576821773,1.0
2021-02-05 11:15:00+00:00,0.245555805580558,0.0,0.29240561896400347,1.0
2021-02-05 11:30:00+00:00,0.2486498649864986,0.0,0.2933274802458296,1.0
2021-02-05 11:45:00+00:00,0.2517439243924392,0.0,0.2942493415276558,1.0
2021-02-05 12:00:00+00:00,0.2548379837983798,0.0,0.295171202809482,1.0
2021-02-05 12:15:00+00:00,0.2597322232223222,0.0,0.28773046532045654,1.0
2021-02-05 12:30:00+00:00,0.2646264626462646,0.0,0.280289727831431,1.0
2021-02-05 12:45:00+00:00,0.269520702070207,0.0,0.27284899034240556,1.0
2021-02-05 13:00:00+00:00,0.2744149414941494,0.0,0.2654082528533801,1.0
2021-02-05 13:15:00+00:00,0.27941231623162316,0.0,0.25671641791044764,1.0
2021-02-05 13:30:00+00:00,0.2844096909690969,0.0,0.2480245829675152,1.0
2021-02-05 13:45:00+00:00,0.28940706570657065,0.0,0.23933274802458285,1.0
2021-02-05 14:00:00+00:00,0.2944044404440444,0.0,0.2306409130816505,1.0
2021-02-05 14:15:00+00:00,0.3023271077107711,0.0,0.2143546971027216,1.0
2021-02-05 14:30:00+00:00,0.3102497749774977,0.0,0.1980684811237927,1.0
2021-02-05 14:45:00+00:00,0.3181724422442244,0.0,0.18178226514486384,1.0
2021-02-05 15:00:00+00:00,0.3260951095109511,0.0,0.165496049165935,1.0
2021-02-05 15:15:00+00:00,0.3324144914491449,0.0,0.1396619841966637,1.0
2021-02-05 15:30:00+00:00,0.3387338733873387,0.0,0.1138279192273924,1.0
2021-02-05 15:45:00+00:00,0.3450532553255325,0.0,0.0879938542581211,1.0
2021-02-05 16:00:00+00:00,0.3513726372637263,0.0,0.0621597892888498,1.0
2021-02-05 16:15:00+00:00,0.35973597359735965,0.0,0.0481343283582089,1.0
2021-02-05 16:30:00+00:00,0.368099309930993,0.0,0.034108867427568,1.0
2021-02-05 16:45:00+00:00,0.3764626462646264,0.0,0.0200834064969271,1.0
2021-02-05 17:00:00+00:00,0.3848259825982598,0.0,0.0060579455662862,1.0
2021-02-05 17:15:00+00:00,0.38880138013801374,0.0,0.00487269534679535,1.0
2021-02-05 17:30:00+00:00,0.3927767776777677,0.0,0.0036874451273045,1.0
2021-02-05 17:45:00+00:00,0.3967521752175217,0.0,0.00250219490781375,1.0
2021-02-05 18:00:00+00:00,0.4007275727572757,0.0,0.001316944688323,1.0
2021-02-05 18:15:00+00:00,0.39810231023102305,0.0,0.001316944688323,1.0
2021-02-05 18:30:00+00:00,0.3954770477047704,0.0,0.001316944688323,1.0
2021-02-05 18:45:00+00:00,0.3928517851785178,0.0,0.001316944688323,1.0
2021-02-05 19:00:00+00:00,0.3902265226522652,0.0,0.001316944688323,1.0
2021-02-05 19:15:00+00:00,0.38554792979297925,0.0,0.001316944688323,1.0
2021-02-05 19:30:00+00:00,0.3808693369336933,0.0,0.001316944688323,1.0
2021-02-05 19:45:00+00:00,0.3761907440744074,0.0,0.001316944688323,1.0
2021-02-05 20:00:00+00:00,0.3715121512151215,0.0,0.001316944688323,1.0
2021-02-05 20:15:00+00:00,0.36773364836483646,0.0,0.001316944688323,1.0
2021-02-05 20:30:00+00:00,0.3639551455145514,0.0,0.001316944688323,1.0
2021-02-05 20:45:00+00:00,0.3601766426642664,0.0,0.001316944688323,1.0
2021-02-05 21:00:00+00:00,0.3563981398139814,0.0,0.001316944688323,1.0
2021-02-05 21:15:00+00:00,0.3583764626462646,0.0,0.0013388937664617,1.0
2021-02-05 21:30:00+00:00,0.3603547854785478,0.0,0.0013608428446004,1.0
2021-02-05 21:45:00+00:00,0.3623331083108311,0.0,0.0013827919227391498,1.0
2021-02-05 22:00:00+00:00,0.3643114311431143,0.0,0.0014047410008779,1.0
2021-02-05 22:15:00+00:00,0.3564356435643564,0.0,0.0014047410008779,1.0
2021-02-05 22:30:00+00:00,0.3485598559855986,0.0,0.0014047410008779,1.0
2021-02-05 22:45:00+00:00,0.3406840684068407,0.0,0.0014047410008779,1.0
2021-02-05 23:00:00+00:00,0.3328082808280828,0.0,0.0014047410008779,1.0
2021-02-05 23:15:00+00:00,0.32092896789678965,0.0,0.0014047410008779,1.0
2021-02-05 23:30:00+00:00,0.3090496549654965,0.0,0.0014047410008779,1.0
2021-02-05 23:45:00+00:00,0.29717034203420334,0.0,0.0014047410008779,1.0
2021-02-06 00:00:00+00:00,0.2852910291029102,0.0,0.0014047410008779,1.0
2021-02-06 00:15:00+00:00,0.27886851185118505,0.0,0.0014047410008779,1.0
2021-02-06 00:30:00+00:00,0.2724459945994599,0.0,0.0014047410008779,1.0
2021-02-06 00:45:00+00:00,0.26602347734773474,0.0,0.0014047410008779,1.0
2021-02-06 01:00:00+00:00,0.2596009600960096,0.0,0.0014047410008779,1.0
2021-02-06 01:15:00+00:00,0.2535534803480348,0.0,0.0013827919227391498,1.0
2021-02-06 01:30:00+00:00,0.24750600060006,0.0,0.0013608428446004,1.0
2021-02-06 01:45:00+00:00,0.2414585208520852,0.0,0.0013388937664617,1.0
2021-02-06 02:00:00+00:00,0.2354110411041104,0.0,0.001316944688323,1.0
2021-02-06 02:15:00+00:00,0.2371830933093309,0.0,0.001316944688323,1.0
2021-02-06 02:30:00+00:00,0.2389551455145514,0.0,0.001316944688323,1.0
2021-02-06 02:45:00+00:00,0.24072719771977197,0.0,0.001316944688323,1.0
2021-02-06 03:00:00+00:00,0.2424992499249925,0.0,0.001316944688323,1.0
2021-02-06 03:15:00+00:00,0.243530603060306,0.0,0.0013388937664617,1.0
2021-02-06 03:30:00+00:00,0.2445619561956195,0.0,0.0013608428446004,1.0
2021-02-06 03:45:00+00:00,0.24559330933093304,0.0,0.0013827919227391498,1.0
2021-02-06 04:00:00+00:00,0.2466246624662466,0.0,0.0014047410008779,1.0
2021-02-06 04:15:00+00:00,0.24785291029102904,0.0,0.0013827919227391498,1.0
2021-02-06 04:30:00+00:00,0.2490811581158115,0.0,0.0013608428446004,1.0
2021-02-06 04:45:00+00:00,0.25030940594059403,0.0,0.0013388937664617,1.0
2021-02-06 05:00:00+00:00,0.2515376537653765,0.0,0.001316944688323,1.0
2021-02-06 05:15:00+00:00,0.25491299129912987,0.0,0.001316944688323,1.0
2021-02-06 05:30:00+00:00,0.2582883288328832,0.0,0.001316944688323,1.0
2021-02-06 05:45:00+00:00,0.2616636663666366,0.0,0.001316944688323,1.0
2021-02-06 06:00:00+00:00,0.26503900390039,0.0,0.001316944688323,1.0
2021-02-06 06:15:00+00:00,0.26648289828982896,0.0,0.0039508340649692004,1.0
2021-02-06 06:30:00+00:00,0.2679267926792679,0.0,0.0065847234416154,1.0
2021-02-06 06:45:00+00:00,0.2693706870687068,0.0,0.0092186128182616,1.0
2021-02-06 07:00:00+00:00,0.2708145814581458,0.0,0.0118525021949078,1.0
2021-02-06 07:15:00+00:00,0.26874249924992494,0.0,0.03154082528533795,1.0
2021-02-06 07:30:00+00:00,0.2666704170417041,0.0,0.0512291483757681,1.0
2021-02-06 07:45:00+00:00,0.2645983348334833,0.0,0.07091747146619834,1.0
2021-02-06 08:00:00+00:00,0.2625262526252625,0.0,0.0906057945566286,1.0
2021-02-06 08:15:00+00:00,0.26259188418841883,0.0,0.1160008779631255,1.0
2021-02-06 08:30:00+00:00,0.2626575157515751,0.0,0.1413959613696224,1.0
2021-02-06 08:45:00+00:00,0.2627231473147314,0.0,0.16679104477611933,1.0
2021-02-06 09:00:00+00:00,0.2627887788778877,0.0,0.1921861281826163,1.0
2021-02-06 09:15:00+00:00,0.2674673717371736,0.0,0.2062335381913959,1.0
2021-02-06 09:30:00+00:00,0.2721459645964595,0.0,0.2202809482001755,1.0
2021-02-06 09:45:00+00:00,0.2768245574557455,0.0,0.23432835820895515,1.0
2021-02-06 10:00:00+00:00,0.2815031503150315,0.0,0.2483757682177348,1.0
2021-02-06 10:15:00+00:00,0.28601297629762973,0.0,0.260820895522388,1.0
2021-02-06 10:30:00+00:00,0.290522802280228,0.0,0.2732660228270412,1.0
2021-02-06 10:45:00+00:00,0.2950326282628263,0.0,0.2857111501316944,1.0
2021-02-06 11:00:00+00:00,0.2995424542454245,0.0,0.2981562774363476,1.0
2021-02-06 11:15:00+00:00,0.30347097209720963,0.0,0.29824407374890244,1.0
2021-02-06 11:30:00+00:00,0.3073994899489948,0.0,0.2983318700614573,1.0
2021-02-06 11:45:00+00:00,0.31132800780077996,0.0,0.2984196663740122,1.0
2021-02-06 12:00:00+00:00,0.3152565256525652,0.0,0.2985074626865671,1.0
2021-02-06 12:15:00+00:00,0.32132275727572746,0.0,0.2922519754170324,1.0
2021-02-06 12:30:00+00:00,0.3273889888988898,0.0,0.2859964881474977,1.0
2021-02-06 12:45:00+00:00,0.3334552205220521,0.0,0.27974100087796305,1.0
2021-02-06 13:00:00+00:00,0.3395214521452145,0.0,0.2734855136084284,1.0
2021-02-06 13:15:00+00:00,0.3439562706270627,0.0,0.2640474100087795,1.0
2021-02-06 13:30:00+00:00,0.3483910891089109,0.0,0.2546093064091307,1.0
2021-02-06 13:45:00+00:00,0.3528259075907591,0.0,0.2451712028094819,1.0
2021-02-06 14:00:00+00:00,0.3572607260726073,0.0,0.2357330992098331,1.0
2021-02-06 14:15:00+00:00,0.36143301830183017,0.0,0.22025899912203678,1.0
2021-02-06 14:30:00+00:00,0.365605310531053,0.0,0.2047848990342405,1.0
2021-02-06 14:45:00+00:00,0.36977760276027594,0.0,0.1893107989464442,1.0
2021-02-06 15:00:00+00:00,0.3739498949894989,0.0,0.1738366988586479,1.0
2021-02-06 15:15:00+00:00,0.3713340084008401,0.0,0.14881474978050915,1.0
2021-02-06 15:30:00+00:00,0.3687181218121812,0.0,0.1237928007023704,1.0
2021-02-06 15:45:00+00:00,0.36610223522352237,0.0,0.0987708516242317,1.0
2021-02-06 16:00:00+00:00,0.3634863486348635,0.0,0.073748902546093,1.0
2021-02-06 16:15:00+00:00,0.3621080858085809,0.0,0.05744073748902535,1.0
2021-02-06 16:30:00+00:00,0.3607298229822983,0.0,0.0411325724319577,1.0
2021-02-06 16:45:00+00:00,0.35935156015601566,0.0,0.02482440737489015,1.0
2021-02-06 17:00:00+00:00,0.357973297329733,0.0,0.0085162423178226,1.0
2021-02-06 17:15:00+00:00,0.35801080108010797,0.0,0.00680421422300255,1.0
2021-02-06 17:30:00+00:00,0.358048304830483,0.0,0.0050921861281825,1.0
2021-02-06 17:45:00+00:00,0.35808580858085803,0.0,0.0033801580333624997,1.0
2021-02-06 18:00:00+00:00,0.3581233123312331,0.0,0.0016681299385425,1.0
2021-02-06 18:15:00+00:00,0.3588171317131713,0.0,0.00162423178226505,1.0
2021-02-06 18:30:00+00:00,0.3595109510951095,0.0,0.0015803336259876,1.0
2021-02-06 18:45:00+00:00,0.3602047704770477,0.0,0.0015364354697102,1.0
2021-02-06 19:00:00+00:00,0.3608985898589859,0.0,0.0014925373134328,1.0
2021-02-06 19:15:00+00:00,0.3575701320132013,0.0,0.0014925373134328,1.0
2021-02-06 19:30:00+00:00,0.3542416741674167,0.0,0.0014925373134328,1.0
2021-02-06 19:45:00+00:00,0.35091321632163214,0.0,0.0014925373134328,1.0
2021-02-06 20:00:00+00:00,0.3475847584758476,0.0,0.0014925373134328,1.0
2021-02-06 20:15:00+00:00,0.34673154815481544,0.0,0.00147058823529405,1.0
2021-02-06 20:30:00+00:00,0.3458783378337833,0.0,0.0014486391571553,1.0
2021-02-06 20:45:00+00:00,0.3450251275127513,0.0,0.0014266900790166001,1.0
2021-02-06 21:00:00+00:00,0.3441719171917192,0.0,0.0014047410008779,1.0
2021-02-06 21:15:00+00:00,0.343243699369937,0.0,0.0014047410008779,1.0
2021-02-06 21:30:00+00:00,0.3423154815481548,0.0,0.0014047410008779,1.0
2021-02-06 21:45:00+00:00,0.3413872637263726,0.0,0.0014047410008779,1.0
2021-02-06 22:00:00+00:00,0.3404590459045905,0.0,0.0014047410008779,1.0
2021-02-06 22:15:00+00:00,0.3389682718271827,0.0,0.0012071992976293998,1.0
2021-02-06 22:30:00+00:00,0.337477497749775,0.0,0.0010096575943809,1.0
2021-02-06 22:45:00+00:00,0.33598672367236726,0.0,0.0008121158911325,1.0
2021-02-06 23:00:00+00:00,0.3344959495949595,0.0,0.0006145741878841,1.0
2021-02-06 23:15:00+00:00,0.3311674917491749,0.0,0.00059262510974535,1.0
2021-02-06 23:30:00+00:00,0.3278390339033903,0.0,0.0005706760316066,1.0
2021-02-06 23:45:00+00:00,0.32451057605760575,0.0,0.0005487269534679,1.0
2021-02-07 00:00:00+00:00,0.3211821182118212,0.0,0.0005267778753292,1.0
2021-02-07 00:15:00+00:00,0.31184368436843685,0.0,0.0005267778753292,1.0
2021-02-07 00:30:00+00:00,0.3025052505250525,0.0,0.0005267778753292,1.0
2021-02-07 00:45:00+00:00,0.29316681668166816,0.0,0.0005267778753292,1.0
2021-02-07 01:00:00+00:00,0.2838283828382838,0.0,0.0005267778753292,1.0
2021-02-07 01:15:00+00:00,0.27532440744074405,0.0,0.0005267778753292,1.0
2021-02-07 01:30:00+00:00,0.2668204320432043,0.0,0.0005267778753292,1.0
2021-02-07 01:45:00+00:00,0.25831645664566455,0.0,0.0005267778753292,1.0
2021-02-07 02:00:00+00:00,0.2498124812481248,0.0,0.0005267778753292,1.0
2021-02-07 02:15:00+00:00,0.2461652415241524,0.0,0.0005267778753292,1.0
2021-02-07 02:30:00+00:00,0.24251800180018,0.0,0.0005267778753292,1.0
2021-02-07 02:45:00+00:00,0.2388707620762076,0.0,0.0005267778753292,1.0
2021-02-07 03:00:00+00:00,0.2352235223522352,0.0,0.0005267778753292,1.0
2021-02-07 03:15:00+00:00,0.23645177017701766,0.0,0.0005267778753292,1.0
2021-02-07 03:30:00+00:00,0.2376800180018001,0.0,0.0005267778753292,1.0
2021-02-07 03:45:00+00:00,0.2389082658265826,0.0,0.0005267778753292,1.0
2021-02-07 04:00:00+00:00,0.2401365136513651,0.0,0.0005267778753292,1.0
2021-02-07 04:15:00+00:00,0.240567806780678,0.0,0.0005267778753292,1.0
2021-02-07 04:30:00+00:00,0.2409990999099909,0.0,0.0005267778753292,1.0
2021-02-07 04:45:00+00:00,0.24143039303930386,0.0,0.0005267778753292,1.0
2021-02-07 05:00:00+00:00,0.2418616861686168,0.0,0.0005267778753292,1.0
2021-02-07 05:15:00+00:00,0.2509469696969696,0.0,0.0005048287971904501,1.0
2021-02-07 05:30:00+00:00,0.2600322532253225,0.0,0.0004828797190517,1.0
2021-02-07 05:45:00+00:00,0.26911753675367533,0.0,0.000460930640913,1.0
2021-02-07 06:00:00+00:00,0.2782028202820282,0.0,0.0004389815627743,1.0
2021-02-07 06:15:00+00:00,0.2879350435043504,0.0,0.00344600526777865,1.0
2021-02-07 06:30:00+00:00,0.2976672667266726,0.0,0.006453028972783,1.0
2021-02-07 06:45:00+00:00,0.30739948994899485,0.0,0.00946005267778745,1.0
2021-02-07 07:00:00+00:00,0.3171317131713171,0.0,0.0124670763827919,1.0
2021-02-07 07:15:00+00:00,0.3249231173117312,0.0,0.04247146619841959,1.0
2021-02-07 07:30:00+00:00,0.3327145214521452,0.0,0.0724758560140473,1.0
2021-02-07 07:45:00+00:00,0.34050592559255927,0.0,0.10248024582967505,1.0
2021-02-07 08:00:00+00:00,0.3482973297329733,0.0,0.1324846356453028,1.0
2021-02-07 08:15:00+00:00,0.3569138163816381,0.0,0.17813871817383659,1.0
2021-02-07 08:30:00+00:00,0.365530303030303,0.0,0.2237928007023704,1.0
2021-02-07 08:45:00+00:00,0.37414678967896786,0.0,0.26944688323090427,1.0
2021-02-07 09:00:00+00:00,0.3827632763276327,0.0,0.3151009657594381,1.0
2021-02-07 09:15:00+00:00,0.3916516651665166,0.0,0.3393327480245829,1.0
2021-02-07 09:30:00+00:00,0.4005400540054005,0.0,0.3635645302897278,1.0
2021-02-07 09:45:00+00:00,0.40942844284428437,0.0,0.3877963125548727,1.0
2021-02-07 10:00:00+00:00,0.4183168316831683,0.0,0.4120280948200175,1.0
2021-02-07 10:15:00+00:00,0.428536603660366,0.0,0.41284021071115007,1.0
2021-02-07 10:30:00+00:00,0.4387563756375637,0.0,0.4136523266022827,1.0
2021-02-07 10:45:00+00:00,0.44897614761476146,0.0,0.41446444249341524,1.0
2021-02-07 11:00:00+00:00,0.4591959195919592,0.0,0.4152765583845478,1.0
2021-02-07 11:15:00+00:00,0.4669779477947795,0.0,0.4076602282704126,1.0
2021-02-07 11:30:00+00:00,0.4747599759975998,0.0,0.4000438981562774,1.0
2021-02-07 11:45:00+00:00,0.48254200420042004,0.0,0.3924275680421422,1.0
2021-02-07 12:00:00+00:00,0.4903240324032403,0.0,0.384811237928007,1.0
2021-02-07 12:15:00+00:00,0.49810606060606055,0.0,0.37350746268656715,1.0
2021-02-07 12:30:00+00:00,0.5058880888088808,0.0,0.3622036874451273,1.0
2021-02-07 12:45:00+00:00,0.5136701170117011,0.0,0.35089991220368744,1.0
2021-02-07 13:00:00+00:00,0.5214521452145214,0.0,0.3395961369622476,1.0
2021-02-07 13:15:00+00:00,0.5194738223822382,0.0,0.3253072870939421,1.0
2021-02-07 13:30:00+00:00,0.517495499549955,0.0,0.3110184372256365,1.0
2021-02-07 13:45:00+00:00,0.5155171767176718,0.0,0.296729587357331,1.0
2021-02-07 14:00:00+00:00,0.5135388538853886,0.0,0.2824407374890255,1.0
2021-02-07 14:15:00+00:00,0.5113542604260426,0.0,0.263081650570676,1.0
2021-02-07 14:30:00+00:00,0.5091696669666967,0.0,0.2437225636523265,1.0
2021-02-07 14:45:00+00:00,0.5069850735073508,0.0,0.2243634767339771,1.0
2021-02-07 15:00:00+00:00,0.5048004800480048,0.0,0.2050043898156277,1.0
2021-02-07 15:15:00+00:00,0.5043504350435044,0.0,0.17304653204565407,1.0
2021-02-07 15:30:00+00:00,0.5039003900390039,0.0,0.1410886742756804,1.0
2021-02-07 15:45:00+00:00,0.5034503450345034,0.0,0.10913081650570675,1.0
2021-02-07 16:00:00+00:00,0.503000300030003,0.0,0.0771729587357331,1.0
2021-02-07 16:15:00+00:00,0.5028127812781278,0.0,0.060974539069359054,1.0
2021-02-07 16:30:00+00:00,0.5026252625262526,0.0,0.044776119402985,1.0
2021-02-07 16:45:00+00:00,0.5024377437743774,0.0,0.028577699736611,1.0
2021-02-07 17:00:00+00:00,0.5022502250225023,0.0,0.012379280070237,1.0
2021-02-07 17:15:00+00:00,0.5038160066006601,0.0,0.00956979806848105,1.0
2021-02-07 17:30:00+00:00,0.5053817881788178,0.0,0.0067603160667251,1.0
2021-02-07 17:45:00+00:00,0.5069475697569756,0.0,0.0039508340649692004,1.0
2021-02-07 18:00:00+00:00,0.5085133513351335,0.0,0.0011413520632133,1.0
2021-02-07 18:15:00+00:00,0.5142701770177018,0.0,0.0010096575943809999,1.0
2021-02-07 18:30:00+00:00,0.52002700270027,0.0,0.0008779631255487,1.0
2021-02-07 18:45:00+00:00,0.5257838283828382,0.0,0.0007462686567164,1.0
2021-02-07 19:00:00+00:00,0.5315406540654065,0.0,0.0006145741878841,1.0
2021-02-07 19:15:00+00:00,0.5306968196819681,0.0,0.0006145741878841,1.0
2021-02-07 19:30:00+00:00,0.5298529852985299,0.0,0.0006145741878841,1.0
2021-02-07 19:45:00+00:00,0.5290091509150916,0.0,0.0006145741878841,1.0
2021-02-07 20:00:00+00:00,0.5281653165316532,0.0,0.0006145741878841,1.0
2021-02-07 20:15:00+00:00,0.5240680318031803,0.0,0.0006145741878841,1.0
2021-02-07 20:30:00+00:00,0.5199707470747075,0.0,0.0006145741878841,1.0
2021-02-07 20:45:00+00:00,0.5158734623462347,0.0,0.0006145741878841,1.0
2021-02-07 21:00:00+00:00,0.5117761776177617,0.0,0.0006145741878841,1.0
2021-02-07 21:15:00+00:00,0.5094415691569156,0.0,0.0006145741878841,1.0
2021-02-07 21:30:00+00:00,0.5071069606960696,0.0,0.0006145741878841,1.0
2021-02-07 21:45:00+00:00,0.5047723522352235,0.0,0.0006145741878841,1.0
2021-02-07 22:00:00+00:00,0.5024377437743774,0.0,0.0006145741878841,1.0
2021-02-07 22:15:00+00:00,0.49566831683168316,0.0,0.0006365232660228,1.0
2021-02-07 22:30:00+00:00,0.4888988898889889,0.0,0.0006584723441615,1.0
2021-02-07 22:45:00+00:00,0.48212946294629466,0.0,0.0006804214223002,1.0
2021-02-07 23:00:00+00:00,0.4753600360036004,0.0,0.0007023705004389,1.0
2021-02-07 23:15:00+00:00,0.46184930993099316,0.0,0.0007023705004389,1.0
2021-02-07 23:30:00+00:00,0.4483385838583859,0.0,0.0007023705004389,1.0
2021-02-07 23:45:00+00:00,0.4348278577857786,0.0,0.0007023705004389,1.0
2021-02-08 00:00:00+00:00,0.4213171317131713,0.0,0.0007023705004389,1.0
2021-02-08 00:15:00+00:00,0.41147239723972395,0.0,0.0006804214223002,1.0
2021-02-08 00:30:00+00:00,0.4016276627662766,0.0,0.0006584723441615,1.0
2021-02-08 00:45:00+00:00,0.39178292829282924,0.0,0.0006365232660228,1.0
2021-02-08 01:00:00+00:00,0.3819381938193819,0.0,0.0006145741878841,1.0
2021-02-08 01:15:00+00:00,0.38010051005100504,0.0,0.00059262510974535,1.0
2021-02-08 01:30:00+00:00,0.3782628262826282,0.0,0.0005706760316066,1.0
2021-02-08 01:45:00+00:00,0.37642514251425135,0.0,0.0005487269534679,1.0
2021-02-08 02:00:00+00:00,0.3745874587458745,0.0,0.0005267778753292,1.0
2021-02-08 02:15:00+00:00,0.369852610261026,0.0,0.0005267778753292,1.0
2021-02-08 02:30:00+00:00,0.3651177617761775,0.0,0.0005267778753292,1.0
2021-02-08 02:45:00+00:00,0.36038291329132904,0.0,0.0005267778753292,1.0
2021-02-08 03:00:00+00:00,0.3556480648064806,0.0,0.0005267778753292,1.0
2021-02-08 03:15:00+00:00,0.36247374737473737,0.0,0.0005267778753292,1.0
2021-02-08 03:30:00+00:00,0.3692994299429942,0.0,0.0005267778753292,1.0
2021-02-08 03:45:00+00:00,0.376125112511251,0.0,0.0005267778753292,1.0
2021-02-08 04:00:00+00:00,0.3829507950795079,0.0,0.0005267778753292,1.0
2021-02-08 04:15:00+00:00,0.3986461146114611,0.0,0.0005267778753292,1.0
2021-02-08 04:30:00+00:00,0.4143414341434143,0.0,0.0005267778753292,1.0
2021-02-08 04:45:00+00:00,0.43003675367536753,0.0,0.0005267778753292,1.0
2021-02-08 05:00:00+00:00,0.4457320732073207,0.0,0.0005267778753292,1.0
2021-02-08 05:15:00+00:00,0.45282965796579655,0.0,0.0005267778753292,1.0
2021-02-08 05:30:00+00:00,0.4599272427242724,0.0,0.0005267778753292,1.0
2021-02-08 05:45:00+00:00,0.4670248274827482,0.0,0.0005267778753292,1.0
2021-02-08 06:00:00+00:00,0.4741224122412241,0.0,0.0005267778753292,1.0
2021-02-08 06:15:00+00:00,0.47547254725472543,0.0,0.0014925373134327998,1.0
2021-02-08 06:30:00+00:00,0.4768226822682267,0.0,0.0024582967515364,1.0
2021-02-08 06:45:00+00:00,0.4781728172817281,0.0,0.0034240561896400003,1.0
2021-02-08 07:00:00+00:00,0.4795229522952295,0.0,0.0043898156277436,1.0
2021-02-08 07:15:00+00:00,0.48114498949894985,0.0,0.018107989464442448,1.0
2021-02-08 07:30:00+00:00,0.4827670267026702,0.0,0.0318261633011413,1.0
2021-02-08 07:45:00+00:00,0.4843890639063906,0.0,0.045544337137840146,1.0
2021-02-08 08:00:00+00:00,0.486011101110111,0.0,0.059262510974539,1.0
2021-02-08 08:15:00+00:00,0.4930149264926492,0.0,0.08621597892888491,1.0
2021-02-08 08:30:00+00:00,0.5000187518751875,0.0,0.1131694468832308,1.0
2021-02-08 08:45:00+00:00,0.5070225772577257,0.0,0.14012291483757675,1.0
2021-02-08 09:00:00+00:00,0.514026402640264,0.0,0.1670763827919227,1.0
2021-02-08 09:15:00+00:00,0.5260932343234324,0.0,0.18726953467954338,1.0
2021-02-08 09:30:00+00:00,0.5381600660066006,0.0,0.2074626865671641,1.0
2021-02-08 09:45:00+00:00,0.550226897689769,0.0,0.22765583845478485,1.0
2021-02-08 10:00:00+00:00,0.5622937293729373,0.0,0.2478489903424056,1.0
2021-02-08 10:15:00+00:00,0.5734792229222923,0.0,0.259108867427568,1.0
2021-02-08 10:30:00+00:00,0.5846647164716472,0.0,0.2703687445127304,1.0
2021-02-08 10:45:00+00:00,0.5958502100210021,0.0,0.2816286215978928,1.0
2021-02-08 11:00:00+00:00,0.6070357035703571,0.0,0.2928884986830553,1.0
2021-02-08 11:15:00+00:00,0.6132050705070508,0.0,0.3012730465320457,1.0
2021-02-08 11:30:00+00:00,0.6193744374437444,0.0,0.309657594381036,1.0
2021-02-08 11:45:00+00:00,0.625543804380438,0.0,0.31804214223002636,1.0
2021-02-08 12:00:00+00:00,0.6317131713171317,0.0,0.3264266900790167,1.0
2021-02-08 12:15:00+00:00,0.6289003900390038,0.0,0.3233977172958735,1.0
2021-02-08 12:30:00+00:00,0.626087608760876,0.0,0.3203687445127304,1.0
2021-02-08 12:45:00+00:00,0.6232748274827482,0.0,0.31733977172958727,1.0
2021-02-08 13:00:00+00:00,0.6204620462046204,0.0,0.3143107989464442,1.0
2021-02-08 13:15:00+00:00,0.6230029252925292,0.0,0.317361720807726,1.0
2021-02-08 13:30:00+00:00,0.625543804380438,0.0,0.3204126426690078,1.0
2021-02-08 13:45:00+00:00,0.6280846834683469,0.0,0.3234635645302897,1.0
2021-02-08 14:00:00+00:00,0.6306255625562557,0.0,0.3265144863915715,1.0
2021-02-08 14:15:00+00:00,0.6260876087608762,0.0,0.3162642669007901,1.0
2021-02-08 14:30:00+00:00,0.6215496549654966,0.0,0.3060140474100087,1.0
2021-02-08 14:45:00+00:00,0.617011701170117,0.0,0.29576382791922734,1.0
2021-02-08 15:00:00+00:00,0.6124737473747375,0.0,0.285513608428446,1.0
2021-02-08 15:15:00+00:00,0.6143395589558955,0.0,0.2452589991220368,1.0
2021-02-08 15:30:00+00:00,0.6162053705370537,0.0,0.2050043898156276,1.0
2021-02-08 15:45:00+00:00,0.6180711821182119,0.0,0.1647497805092185,1.0
2021-02-08 16:00:00+00:00,0.6199369936993699,0.0,0.1244951712028094,1.0
2021-02-08 16:15:00+00:00,0.6150615061506151,0.0,0.09741000877963116,1.0
2021-02-08 16:30:00+00:00,0.6101860186018602,0.0,0.0703248463564529,1.0
2021-02-08 16:45:00+00:00,0.6053105310531053,0.0,0.0432396839332747,1.0
2021-02-08 17:00:00+00:00,0.6004350435043504,0.0,0.0161545215100965,1.0
2021-02-08 17:15:00+00:00,0.6078514101410141,0.0,0.012686567164179001,1.0
2021-02-08 17:30:00+00:00,0.6152677767776777,0.0,0.0092186128182615,1.0
2021-02-08 17:45:00+00:00,0.6226841434143414,0.0,0.00575065847234405,1.0
2021-02-08 18:00:00+00:00,0.6301005100510051,0.0,0.0022827041264266,1.0
2021-02-08 18:15:00+00:00,0.6320882088208821,0.0,0.0019095697980684,1.0
2021-02-08 18:30:00+00:00,0.634075907590759,0.0,0.0015364354697102,1.0
2021-02-08 18:45:00+00:00,0.636063606360636,0.0,0.001163301141352,1.0
2021-02-08 19:00:00+00:00,0.638051305130513,0.0,0.0007901668129938,1.0
2021-02-08 19:15:00+00:00,0.6405359285928592,0.0,0.0007682177348550499,1.0
2021-02-08 19:30:00+00:00,0.6430205520552055,0.0,0.0007462686567163,1.0
2021-02-08 19:45:00+00:00,0.6455051755175517,0.0,0.0007243195785776,1.0
2021-02-08 20:00:00+00:00,0.647989798979898,0.0,0.0007023705004389,1.0
2021-02-08 20:15:00+00:00,0.6366261626162616,0.0,0.0007023705004389,1.0
2021-02-08 20:30:00+00:00,0.6252625262526252,0.0,0.0007023705004389,1.0
2021-02-08 20:45:00+00:00,0.6138988898889889,0.0,0.0007023705004389,1.0
2021-02-08 21:00:00+00:00,0.6025352535253525,0.0,0.0007023705004389,1.0
2021-02-08 21:15:00+00:00,0.597725397539754,0.0,0.0007023705004389,1.0
2021-02-08 21:30:00+00:00,0.5929155415541554,0.0,0.0007023705004389,1.0
2021-02-08 21:45:00+00:00,0.5881056855685569,0.0,0.0007023705004389,1.0
2021-02-08 22:00:00+00:00,0.5832958295829583,0.0,0.0007023705004389,1.0
2021-02-08 22:15:00+00:00,0.5728229072907292,0.0,0.0007023705004389,1.0
2021-02-08 22:30:00+00:00,0.5623499849984999,0.0,0.0007023705004389,1.0
2021-02-08 22:45:00+00:00,0.5518770627062706,0.0,0.0007023705004389,1.0
2021-02-08 23:00:00+00:00,0.5414041404140414,0.0,0.0007023705004389,1.0
2021-02-08 23:15:00+00:00,0.5234398439843984,0.0,0.0007023705004389,1.0
2021-02-08 23:30:00+00:00,0.5054755475547554,0.0,0.0007023705004389,1.0
2021-02-08 23:45:00+00:00,0.48751125112511245,0.0,0.0007023705004389,1.0
2021-02-09 00:00:00+00:00,0.4695469546954695,0.0,0.0007023705004389,1.0
2021-02-09 00:15:00+00:00,0.4577707770777077,0.0,0.0007023705004389,1.0
2021-02-09 00:30:00+00:00,0.4459945994599459,0.0,0.0007023705004389,1.0
2021-02-09 00:45:00+00:00,0.4342184218421842,0.0,0.0007023705004389,1.0
2021-02-09 01:00:00+00:00,0.4224422442244224,0.0,0.0007023705004389,1.0
2021-02-09 01:15:00+00:00,0.4209983498349834,0.0,0.0007023705004389,1.0
2021-02-09 01:30:00+00:00,0.4195544554455445,0.0,0.0007023705004389,1.0
2021-02-09 01:45:00+00:00,0.41811056105610556,0.0,0.0007023705004389,1.0
2021-02-09 02:00:00+00:00,0.4166666666666667,0.0,0.0007023705004389,1.0
2021-02-09 02:15:00+00:00,0.41443519351935193,0.0,0.0007023705004389,1.0
2021-02-09 02:30:00+00:00,0.4122037203720372,0.0,0.0007023705004389,1.0
2021-02-09 02:45:00+00:00,0.4099722472247225,0.0,0.0007023705004389,1.0
2021-02-09 03:00:00+00:00,0.4077407740774077,0.0,0.0007023705004389,1.0
2021-02-09 03:15:00+00:00,0.41176305130513047,0.0,0.0007023705004389,1.0
2021-02-09 03:30:00+00:00,0.4157853285328532,0.0,0.0007023705004389,1.0
2021-02-09 03:45:00+00:00,0.419807605760576,0.0,0.0007023705004389,1.0
2021-02-09 04:00:00+00:00,0.4238298829882988,0.0,0.0007023705004389,1.0
2021-02-09 04:15:00+00:00,0.4378562856285628,0.0,0.0006804214223002,1.0
2021-02-09 04:30:00+00:00,0.4518826882688269,0.0,0.0006584723441615,1.0
2021-02-09 04:45:00+00:00,0.4659090909090909,0.0,0.0006365232660228,1.0
2021-02-09 05:00:00+00:00,0.4799354935493549,0.0,0.0006145741878841,1.0
2021-02-09 05:15:00+00:00,0.4986404890489049,0.0,0.0006145741878841,1.0
2021-02-09 05:30:00+00:00,0.5173454845484549,0.0,0.0006145741878841,1.0
2021-02-09 05:45:00+00:00,0.5360504800480048,0.0,0.0006145741878841,1.0
2021-02-09 06:00:00+00:00,0.5547554755475548,0.0,0.0006145741878841,1.0
2021-02-09 06:15:00+00:00,0.5595747074707471,0.0,0.0021949078138718,1.0
2021-02-09 06:30:00+00:00,0.5643939393939394,0.0,0.0037752414398595,1.0
2021-02-09 06:45:00+00:00,0.5692131713171318,0.0,0.0053555750658472005,1.0
2021-02-09 07:00:00+00:00,0.574032403240324,0.0,0.0069359086918349,1.0
2021-02-09 07:15:00+00:00,0.5716884188418843,0.0,0.0154082528533801,1.0
2021-02-09 07:30:00+00:00,0.5693444344434444,0.0,0.0238805970149253,1.0
2021-02-09 07:45:00+00:00,0.5670004500450045,0.0,0.03235294117647055,1.0
2021-02-09 08:00:00+00:00,0.5646564656465647,0.0,0.0408252853380158,1.0
2021-02-09 08:15:00+00:00,0.5646564656465647,0.0,0.0563213345039508,1.0
2021-02-09 08:30:00+00:00,0.5646564656465647,0.0,0.0718173836698858,1.0
2021-02-09 08:45:00+00:00,0.5646564656465647,0.0,0.08731343283582085,1.0
2021-02-09 09:00:00+00:00,0.5646564656465647,0.0,0.1028094820017559,1.0
2021-02-09 09:15:00+00:00,0.564487698769877,0.0,0.10480684811237925,1.0
2021-02-09 09:30:00+00:00,0.5643189318931894,0.0,0.1068042142230026,1.0
2021-02-09 09:45:00+00:00,0.5641501650165017,0.0,0.10880158033362594,1.0
2021-02-09 10:00:00+00:00,0.563981398139814,0.0,0.1107989464442493,1.0
2021-02-09 10:15:00+00:00,0.5690912841284128,0.0,0.1135645302897278,1.0
2021-02-09 10:30:00+00:00,0.5742011701170118,0.0,0.1163301141352063,1.0
2021-02-09 10:45:00+00:00,0.5793110561056106,0.0,0.11909569798068481,1.0
2021-02-09 11:00:00+00:00,0.5844209420942095,0.0,0.1218612818261633,1.0
2021-02-09 11:15:00+00:00,0.5881619411941195,0.0,0.1201931518876207,1.0
2021-02-09 11:30:00+00:00,0.5919029402940295,0.0,0.1185250219490781,1.0
2021-02-09 11:45:00+00:00,0.5956439393939394,0.0,0.1168568920105355,1.0
2021-02-09 12:00:00+00:00,0.5993849384938494,0.0,0.1151887620719929,1.0
2021-02-09 12:15:00+00:00,0.5909090909090909,0.0,0.1155399473222124,1.0
2021-02-09 12:30:00+00:00,0.5824332433243324,0.0,0.1158911325724319,1.0
2021-02-09 12:45:00+00:00,0.5739573957395739,0.0,0.1162423178226514,1.0
2021-02-09 13:00:00+00:00,0.5654815481548154,0.0,0.1165935030728709,1.0
2021-02-09 13:15:00+00:00,0.5697475997599759,0.0,0.11499122036874446,1.0
2021-02-09 13:30:00+00:00,0.5740136513651365,0.0,0.113388937664618,1.0
2021-02-09 13:45:00+00:00,0.5782797029702971,0.0,0.1117866549604916,1.0
2021-02-09 14:00:00+00:00,0.5825457545754575,0.0,0.1101843722563652,1.0
2021-02-09 14:15:00+00:00,0.5811112361236124,0.0,0.10493854258121155,1.0
2021-02-09 14:30:00+00:00,0.5796767176717672,0.0,0.0996927129060579,1.0
2021-02-09 14:45:00+00:00,0.578242199219922,0.0,0.09444688323090425,1.0
2021-02-09 15:00:00+00:00,0.5768076807680768,0.0,0.0892010535557506,1.0
2021-02-09 15:15:00+00:00,0.569400690069007,0.0,0.07831431079894641,1.0
2021-02-09 15:30:00+00:00,0.561993699369937,0.0,0.0674275680421422,1.0
2021-02-09 15:45:00+00:00,0.5545867086708671,0.0,0.056540825285338,1.0
2021-02-09 16:00:00+00:00,0.5471797179717972,0.0,0.0456540825285338,1.0
2021-02-09 16:15:00+00:00,0.5459514701470147,0.0,0.03619402985074625,1.0
2021-02-09 16:30:00+00:00,0.5447232223222322,0.0,0.0267339771729587,1.0
2021-02-09 16:45:00+00:00,0.5434949744974498,0.0,0.01727392449517115,1.0
2021-02-09 17:00:00+00:00,0.5422667266726673,0.0,0.0078138718173836,1.0
2021-02-09 17:15:00+00:00,0.5414416441644164,0.0,0.00605794556628615,1.0
2021-02-09 17:30:00+00:00,0.5406165616561656,0.0,0.0043020193151887,1.0
2021-02-09 17:45:00+00:00,0.5397914791479148,0.0,0.00254609306409125,1.0
2021-02-09 18:00:00+00:00,0.538966396639664,0.0,0.0007901668129938,1.0
2021-02-09 18:15:00+00:00,0.5443763126312631,0.0,0.0007682177348550499,1.0
2021-02-09 18:30:00+00:00,0.5497862286228623,0.0,0.0007462686567163,1.0
2021-02-09 18:45:00+00:00,0.5551961446144614,0.0,0.0007243195785776,1.0
2021-02-09 19:00:00+00:00,0.5606060606060606,0.0,0.0007023705004389,1.0
2021-02-09 19:15:00+00:00,0.5594434443444344,0.0,0.0006804214223002,1.0
2021-02-09 19:30:00+00:00,0.5582808280828082,0.0,0.0006584723441615,1.0
2021-02-09 19:45:00+00:00,0.5571182118211822,0.0,0.0006365232660228,1.0
2021-02-09 20:00:00+00:00,0.555955595559556,0.0,0.0006145741878841,1.0
2021-02-09 20:15:00+00:00,0.5508738373837384,0.0,0.0006145741878841,1.0
2021-02-09 20:30:00+00:00,0.5457920792079208,0.0,0.0006145741878841,1.0
2021-02-09 20:45:00+00:00,0.5407103210321033,0.0,0.0006145741878841,1.0
2021-02-09 21:00:00+00:00,0.5356285628562857,0.0,0.0006145741878841,1.0
2021-02-09 21:15:00+00:00,0.5286153615361536,0.0,0.0006145741878841,1.0
2021-02-09 21:30:00+00:00,0.5216021602160217,0.0,0.0006145741878841,1.0
2021-02-09 21:45:00+00:00,0.5145889588958896,0.0,0.0006145741878841,1.0
2021-02-09 22:00:00+00:00,0.5075757575757576,0.0,0.0006145741878841,1.0
2021-02-09 22:15:00+00:00,0.5074257425742574,0.0,0.0006365232660228,1.0
2021-02-09 22:30:00+00:00,0.5072757275727573,0.0,0.0006584723441615,1.0
2021-02-09 22:45:00+00:00,0.5071257125712572,0.0,0.0006804214223002,1.0
2021-02-09 23:00:00+00:00,0.506975697569757,0.0,0.0007023705004389,1.0
2021-02-09 23:15:00+00:00,0.4925836333633363,0.0,0.0007023705004389,1.0
2021-02-09 23:30:00+00:00,0.4781915691569157,0.0,0.0007023705004389,1.0
2021-02-09 23:45:00+00:00,0.46379950495049505,0.0,0.0007023705004389,1.0
2021-02-10 00:00:00+00:00,0.4494074407440744,0.0,0.0007023705004389,1.0
2021-02-10 00:15:00+00:00,0.4396564656465647,0.0,0.0007023705004389,1.0
2021-02-10 00:30:00+00:00,0.4299054905490549,0.0,0.0007023705004389,1.0
2021-02-10 00:45:00+00:00,0.42015451545154514,0.0,0.0007023705004389,1.0
2021-02-10 01:00:00+00:00,0.4104035403540354,0.0,0.0007023705004389,1.0
2021-02-10 01:15:00+00:00,0.4072063456345635,0.0,0.0006804214223002,1.0
2021-02-10 01:30:00+00:00,0.4040091509150915,0.0,0.0006584723441615,1.0
2021-02-10 01:45:00+00:00,0.40081195619561955,0.0,0.0006365232660228,1.0
2021-02-10 02:00:00+00:00,0.3976147614761476,0.0,0.0006145741878841,1.0
2021-02-10 02:15:00+00:00,0.389804605460546,0.0,0.0006365232660228,1.0
2021-02-10 02:30:00+00:00,0.3819944494449444,0.0,0.0006584723441615,1.0
2021-02-10 02:45:00+00:00,0.37418429342934284,0.0,0.0006804214223002,1.0
2021-02-10 03:00:00+00:00,0.3663741374137413,0.0,0.0007023705004389,1.0
2021-02-10 03:15:00+00:00,0.37313418841884183,0.0,0.0006804214223002,1.0
2021-02-10 03:30:00+00:00,0.3798942394239423,0.0,0.0006584723441615,1.0
2021-02-10 03:45:00+00:00,0.38665429042904287,0.0,0.0006365232660228,1.0
2021-02-10 04:00:00+00:00,0.3934143414341434,0.0,0.0006145741878841,1.0
2021-02-10 04:15:00+00:00,0.4091940444044404,0.0,0.0006145741878841,1.0
2021-02-10 04:30:00+00:00,0.4249737473747375,0.0,0.0006145741878841,1.0
2021-02-10 04:45:00+00:00,0.4407534503450345,0.0,0.0006145741878841,1.0
2021-02-10 05:00:00+00:00,0.4565331533153315,0.0,0.0006145741878841,1.0
2021-02-10 05:15:00+00:00,0.47495687068706866,0.0,0.0006145741878841,1.0
2021-02-10 05:30:00+00:00,0.4933805880588058,0.0,0.0006145741878841,1.0
2021-02-10 05:45:00+00:00,0.511804305430543,0.0,0.0006145741878841,1.0
2021-02-10 06:00:00+00:00,0.5302280228022802,0.0,0.0006145741878841,1.0
2021-02-10 06:15:00+00:00,0.531831308130813,0.0,0.0035118525021948996,1.0
2021-02-10 06:30:00+00:00,0.5334345934593459,0.0,0.0064091308165057,1.0
2021-02-10 06:45:00+00:00,0.5350378787878788,0.0,0.0093064091308165,1.0
2021-02-10 07:00:00+00:00,0.5366411641164116,0.0,0.0122036874451273,1.0
2021-02-10 07:15:00+00:00,0.5353754125412541,0.0,0.034372256365232653,1.0
2021-02-10 07:30:00+00:00,0.5341096609660966,0.0,0.056540825285338,1.0
2021-02-10 07:45:00+00:00,0.5328439093909391,0.0,0.07870939420544334,1.0
2021-02-10 08:00:00+00:00,0.5315781578157815,0.0,0.1008779631255487,1.0
2021-02-10 08:15:00+00:00,0.5346253375337533,0.0,0.132550482879719,1.0
2021-02-10 08:30:00+00:00,0.5376725172517252,0.0,0.1642230026338893,1.0
2021-02-10 08:45:00+00:00,0.540719696969697,0.0,0.19589552238805966,1.0
2021-02-10 09:00:00+00:00,0.5437668766876688,0.0,0.22756804214223,1.0
2021-02-10 09:15:00+00:00,0.546251500150015,0.0,0.24936347673397713,1.0
2021-02-10 09:30:00+00:00,0.5487361236123612,0.0,0.2711589113257243,1.0
2021-02-10 09:45:00+00:00,0.5512207470747075,0.0,0.29295434591747144,1.0
2021-02-10 10:00:00+00:00,0.5537053705370537,0.0,0.3147497805092186,1.0
2021-02-10 10:15:00+00:00,0.5526646414641465,0.0,0.3276777875329236,1.0
2021-02-10 10:30:00+00:00,0.5516239123912392,0.0,0.3406057945566286,1.0
2021-02-10 10:45:00+00:00,0.5505831833183319,0.0,0.3535338015803336,1.0
2021-02-10 11:00:00+00:00,0.5495424542454246,0.0,0.3664618086040386,1.0
2021-02-10 11:15:00+00:00,0.5466640414041404,0.0,0.3761852502194908,1.0
2021-02-10 11:30:00+00:00,0.5437856285628563,0.0,0.3859086918349429,1.0
2021-02-10 11:45:00+00:00,0.5409072157215722,0.0,0.39563213345039505,1.0
2021-02-10 12:00:00+00:00,0.538028802880288,0.0,0.4053555750658472,1.0
2021-02-10 12:15:00+00:00,0.5334908490849084,0.0,0.41450834064969266,1.0
2021-02-10 12:30:00+00:00,0.5289528952895289,0.0,0.4236611062335381,1.0
2021-02-10 12:45:00+00:00,0.5244149414941495,0.0,0.4328138718173836,1.0
2021-02-10 13:00:00+00:00,0.5198769876987699,0.0,0.4419666374012291,1.0
2021-02-10 13:15:00+00:00,0.5193988148814882,0.0,0.43843283582089543,1.0
2021-02-10 13:30:00+00:00,0.5189206420642064,0.0,0.4348990342405618,1.0
2021-02-10 13:45:00+00:00,0.5184424692469247,0.0,0.4313652326602282,1.0
2021-02-10 14:00:00+00:00,0.5179642964296429,0.0,0.4278314310798946,1.0
2021-02-10 14:15:00+00:00,0.5112698769876988,0.0,0.4003292361720807,1.0
2021-02-10 14:30:00+00:00,0.5045754575457546,0.0,0.3728270412642668,1.0
2021-02-10 14:45:00+00:00,0.4978810381038104,0.0,0.34532484635645294,1.0
2021-02-10 15:00:00+00:00,0.4911866186618662,0.0,0.3178226514486391,1.0
2021-02-10 15:15:00+00:00,0.4787916291629163,0.0,0.27752414398595254,1.0
2021-02-10 15:30:00+00:00,0.4663966396639664,0.0,0.237225636523266,1.0
2021-02-10 15:45:00+00:00,0.4540016501650165,0.0,0.19692712906057946,1.0
2021-02-10 16:00:00+00:00,0.4416066606660666,0.0,0.1566286215978929,1.0
2021-02-10 16:15:00+00:00,0.4236986198619862,0.0,0.1247805092186128,1.0
2021-02-10 16:30:00+00:00,0.4057905790579058,0.0,0.0929323968393327,1.0
2021-02-10 16:45:00+00:00,0.38788253825382535,0.0,0.06108428446005265,1.0
2021-02-10 17:00:00+00:00,0.369974497449745,0.0,0.0292361720807726,1.0
2021-02-10 17:15:00+00:00,0.3653427842784278,0.0,0.02355136084284455,1.0
2021-02-10 17:30:00+00:00,0.3607110711071106,0.0,0.0178665496049165,1.0
2021-02-10 17:45:00+00:00,0.3560793579357935,0.0,0.0121817383669885,1.0
2021-02-10 18:00:00+00:00,0.3514476447644764,0.0,0.0064969271290605,1.0
2021-02-10 18:15:00+00:00,0.3481660666066606,0.0,0.006233538191395899,1.0
2021-02-10 18:30:00+00:00,0.3448844884488448,0.0,0.0059701492537313,1.0
2021-02-10 18:45:00+00:00,0.34160291029102907,0.0,0.0057067603160667005,1.0
2021-02-10 19:00:00+00:00,0.3383213321332133,0.0,0.0054433713784021,1.0
2021-02-10 19:15:00+00:00,0.33857448244824484,0.0,0.00507023705004385,1.0
2021-02-10 19:30:00+00:00,0.3388276327632763,0.0,0.0046971027216856,1.0
2021-02-10 19:45:00+00:00,0.3390807830783078,0.0,0.004323968393327399,1.0
2021-02-10 20:00:00+00:00,0.3393339333933393,0.0,0.0039508340649692,1.0
2021-02-10 20:15:00+00:00,0.33777752775277525,0.0,0.00366549604916585,1.0
2021-02-10 20:30:00+00:00,0.3362211221122112,0.0,0.0033801580333625,1.0
2021-02-10 20:45:00+00:00,0.3346647164716472,0.0,0.0030948200175592,1.0
2021-02-10 21:00:00+00:00,0.3331083108310831,0.0,0.0028094820017559,1.0
2021-02-10 21:15:00+00:00,0.33476785178517854,0.0,0.0026997366110622497,1.0
2021-02-10 21:30:00+00:00,0.3364273927392739,0.0,0.0025899912203686,1.0
2021-02-10 21:45:00+00:00,0.33808693369336934,0.0,0.00248024582967505,1.0
2021-02-10 22:00:00+00:00,0.3397464746474647,0.0,0.0023705004389815,1.0
2021-02-10 22:15:00+00:00,0.3445000750075007,0.0,0.00221685689201045,1.0
2021-02-10 22:30:00+00:00,0.3492536753675367,0.0,0.0020632133450394,1.0
2021-02-10 22:45:00+00:00,0.35400727572757273,0.0,0.0019095697980684,1.0
2021-02-10 23:00:00+00:00,0.3587608760876087,0.0,0.0017559262510974,1.0
2021-02-10 23:15:00+00:00,0.36205183018301823,0.0,0.0016681299385425,1.0
2021-02-10 23:30:00+00:00,0.3653427842784278,0.0,0.0015803336259876,1.0
2021-02-10 23:45:00+00:00,0.3686337383738374,0.0,0.00149253731343275,1.0
2021-02-11 00:00:00+00:00,0.3719246924692469,0.0,0.0014047410008779,1.0
2021-02-11 00:15:00+00:00,0.3726935193519352,0.0,0.0014047410008779,1.0
2021-02-11 00:30:00+00:00,0.3734623462346235,0.0,0.0014047410008779,1.0
2021-02-11 00:45:00+00:00,0.37423117311731174,0.0,0.0014047410008779,1.0
2021-02-11 01:00:00+00:00,0.375,0.0,0.0014047410008779,1.0
2021-02-11 01:15:00+00:00,0.3733498349834983,0.0,0.0014047410008779,1.0
2021-02-11 01:30:00+00:00,0.3716996699669966,0.0,0.0014047410008779,1.0
2021-02-11 01:45:00+00:00,0.370049504950495,0.0,0.0014047410008779,1.0
2021-02-11 02:00:00+00:00,0.3683993399339934,0.0,0.0014047410008779,1.0
2021-02-11 02:15:00+00:00,0.3661678667866787,0.0,0.0014047410008779,1.0
2021-02-11 02:30:00+00:00,0.3639363936393639,0.0,0.0014047410008779,1.0
2021-02-11 02:45:00+00:00,0.36170492049204916,0.0,0.0014047410008779,1.0
2021-02-11 03:00:00+00:00,0.3594734473447344,0.0,0.0014047410008779,1.0
2021-02-11 03:15:00+00:00,0.35999849984998494,0.0,0.0013827919227391498,1.0
2021-02-11 03:30:00+00:00,0.3605235523552355,0.0,0.0013608428446004,1.0
2021-02-11 03:45:00+00:00,0.36104860486048607,0.0,0.0013388937664617,1.0
2021-02-11 04:00:00+00:00,0.3615736573657366,0.0,0.001316944688323,1.0
2021-02-11 04:15:00+00:00,0.3579545454545454,0.0,0.001316944688323,1.0
2021-02-11 04:30:00+00:00,0.3543354335433543,0.0,0.001316944688323,1.0
2021-02-11 04:45:00+00:00,0.35071632163216315,0.0,0.001316944688323,1.0
2021-02-11 05:00:00+00:00,0.3470972097209721,0.0,0.001316944688323,1.0
2021-02-11 05:15:00+00:00,0.34810981098109806,0.0,0.001316944688323,1.0
2021-02-11 05:30:00+00:00,0.3491224122412241,0.0,0.001316944688323,1.0
2021-02-11 05:45:00+00:00,0.3501350135013501,0.0,0.001316944688323,1.0
2021-02-11 06:00:00+00:00,0.3511476147614761,0.0,0.001316944688323,1.0
2021-02-11 06:15:00+00:00,0.3464877737773777,0.0,0.0062554872695346,1.0
2021-02-11 06:30:00+00:00,0.3418279327932793,0.0,0.0111940298507462,1.0
2021-02-11 06:45:00+00:00,0.3371680918091809,0.0,0.0161325724319578,1.0
2021-02-11 07:00:00+00:00,0.3325082508250825,0.0,0.0210711150131694,1.0
2021-02-11 07:15:00+00:00,0.32711708670867085,0.0,0.0480245829675153,1.0
2021-02-11 07:30:00+00:00,0.3217259225922592,0.0,0.0749780509218612,1.0
2021-02-11 07:45:00+00:00,0.3163347584758476,0.0,0.10193151887620716,1.0
2021-02-11 08:00:00+00:00,0.3109435943594359,0.0,0.1288849868305531,1.0
2021-02-11 08:15:00+00:00,0.30737136213621363,0.0,0.1548726953467954,1.0
2021-02-11 08:30:00+00:00,0.3037991299129913,0.0,0.1808604038630377,1.0
2021-02-11 08:45:00+00:00,0.30022689768976896,0.0,0.20684811237928,1.0
2021-02-11 09:00:00+00:00,0.2966546654665467,0.0,0.2328358208955223,1.0
2021-02-11 09:15:00+00:00,0.29673904890489045,0.0,0.2494951712028094,1.0
2021-02-11 09:30:00+00:00,0.2968234323432343,0.0,0.2661545215100965,1.0
2021-02-11 09:45:00+00:00,0.2969078157815781,0.0,0.2828138718173836,1.0
2021-02-11 10:00:00+00:00,0.296992199219922,0.0,0.2994732221246707,1.0
2021-02-11 10:15:00+00:00,0.2977235223522352,0.0,0.30790166812993847,1.0
2021-02-11 10:30:00+00:00,0.2984548454845485,0.0,0.3163301141352063,1.0
2021-02-11 10:45:00+00:00,0.2991861686168617,0.0,0.32475856014047405,1.0
2021-02-11 11:00:00+00:00,0.2999174917491749,0.0,0.3331870061457418,1.0
2021-02-11 11:15:00+00:00,0.30233648364836485,0.0,0.3333845478489903,1.0
2021-02-11 11:30:00+00:00,0.3047554755475548,0.0,0.3335820895522388,1.0
2021-02-11 11:45:00+00:00,0.3071744674467447,0.0,0.33377963125548726,1.0
2021-02-11 12:00:00+00:00,0.3095934593459346,0.0,0.3339771729587357,1.0
2021-02-11 12:15:00+00:00,0.31114986498649866,0.0,0.3288630377524143,1.0
2021-02-11 12:30:00+00:00,0.3127062706270627,0.0,0.323748902546093,1.0
2021-02-11 12:45:00+00:00,0.3142626762676267,0.0,0.3186347673397717,1.0
2021-02-11 13:00:00+00:00,0.3158190819081908,0.0,0.3135206321334504,1.0
2021-02-11 13:15:00+00:00,0.3095934593459345,0.0,0.30539947322212463,1.0
2021-02-11 13:30:00+00:00,0.3033678367836783,0.0,0.2972783143107989,1.0
2021-02-11 13:45:00+00:00,0.29714221422142206,0.0,0.2891571553994732,1.0
2021-02-11 14:00:00+00:00,0.2909165916591659,0.0,0.2810359964881475,1.0
2021-02-11 14:15:00+00:00,0.28343459345934596,0.0,0.26547410008779626,1.0
2021-02-11 14:30:00+00:00,0.275952595259526,0.0,0.2499122036874451,1.0
2021-02-11 14:45:00+00:00,0.268470597059706,0.0,0.23435030728709388,1.0
2021-02-11 15:00:00+00:00,0.260988598859886,0.0,0.2187884108867427,1.0
2021-02-11 15:15:00+00:00,0.25498799879988,0.0,0.1888498683055311,1.0
2021-02-11 15:30:00+00:00,0.2489873987398739,0.0,0.1589113257243195,1.0
2021-02-11 15:45:00+00:00,0.2429867986798679,0.0,0.12897278314310795,1.0
2021-02-11 16:00:00+00:00,0.2369861986198619,0.0,0.0990342405618964,1.0
2021-02-11 16:15:00+00:00,0.23528915391539146,0.0,0.0797190517998244,1.0
2021-02-11 16:30:00+00:00,0.233592109210921,0.0,0.0604038630377524,1.0
2021-02-11 16:45:00+00:00,0.2318950645064506,0.0,0.0410886742756804,1.0
2021-02-11 17:00:00+00:00,0.2301980198019802,0.0,0.0217734855136084,1.0
2021-02-11 17:15:00+00:00,0.231529402940294,0.0,0.018766461808604,1.0
2021-02-11 17:30:00+00:00,0.2328607860786078,0.0,0.0157594381035996,1.0
2021-02-11 17:45:00+00:00,0.23419216921692165,0.0,0.012752414398595202,1.0
2021-02-11 18:00:00+00:00,0.2355235523552355,0.0,0.0097453906935908,1.0
2021-02-11 18:15:00+00:00,0.23689243924392434,0.0,0.00972344161545205,1.0
2021-02-11 18:30:00+00:00,0.2382613261326132,0.0,0.0097014925373133,1.0
2021-02-11 18:45:00+00:00,0.2396302130213021,0.0,0.0096795434591746,1.0
2021-02-11 19:00:00+00:00,0.240999099909991,0.0,0.0096575943810359,1.0
2021-02-11 19:15:00+00:00,0.24617461746174613,0.0,0.0096575943810359,1.0
2021-02-11 19:30:00+00:00,0.2513501350135013,0.0,0.0096575943810359,1.0
2021-02-11 19:45:00+00:00,0.2565256525652565,0.0,0.0096575943810359,1.0
2021-02-11 20:00:00+00:00,0.2617011701170117,0.0,0.0096575943810359,1.0
2021-02-11 20:15:00+00:00,0.26410141014101407,0.0,0.0096575943810359,1.0
2021-02-11 20:30:00+00:00,0.2665016501650165,0.0,0.0096575943810359,1.0
2021-02-11 20:45:00+00:00,0.2689018901890189,0.0,0.0096575943810359,1.0
2021-02-11 21:00:00+00:00,0.2713021302130213,0.0,0.0096575943810359,1.0
2021-02-11 21:15:00+00:00,0.275558805880588,0.0,0.0096575943810359,1.0
2021-02-11 21:30:00+00:00,0.2798154815481548,0.0,0.0096575943810359,1.0
2021-02-11 21:45:00+00:00,0.28407215721572154,0.0,0.0096575943810359,1.0
2021-02-11 22:00:00+00:00,0.2883288328832883,0.0,0.0096575943810359,1.0
2021-02-11 22:15:00+00:00,0.2926886438643864,0.0,0.0096575943810359,1.0
2021-02-11 22:30:00+00:00,0.2970484548454845,0.0,0.0096575943810359,1.0
2021-02-11 22:45:00+00:00,0.3014082658265826,0.0,0.0096575943810359,1.0
2021-02-11 23:00:00+00:00,0.3057680768076807,0.0,0.0096575943810359,1.0
2021-02-11 23:15:00+00:00,0.31132800780077996,0.0,0.0096795434591746,1.0
2021-02-11 23:30:00+00:00,0.3168879387938793,0.0,0.0097014925373133,1.0
2021-02-11 23:45:00+00:00,0.32244786978697865,0.0,0.00972344161545205,1.0
2021-02-12 00:00:00+00:00,0.328007800780078,0.0,0.0097453906935908,1.0
2021-02-12 00:15:00+00:00,0.33228322832283225,0.0,0.0097453906935908,1.0
2021-02-12 00:30:00+00:00,0.3365586558655865,0.0,0.0097453906935908,1.0
2021-02-12 00:45:00+00:00,0.34083408340834076,0.0,0.0097453906935908,1.0
2021-02-12 01:00:00+00:00,0.3451095109510951,0.0,0.0097453906935908,1.0
2021-02-12 01:15:00+00:00,0.34276552655265524,0.0,0.00972344161545205,1.0
2021-02-12 01:30:00+00:00,0.3404215421542154,0.0,0.0097014925373133,1.0
2021-02-12 01:45:00+00:00,0.3380775577557755,0.0,0.0096795434591746,1.0
2021-02-12 02:00:00+00:00,0.3357335733573357,0.0,0.0096575943810359,1.0
2021-02-12 02:15:00+00:00,0.3363617611761176,0.0,0.0096575943810359,1.0
2021-02-12 02:30:00+00:00,0.3369899489948994,0.0,0.0096575943810359,1.0
2021-02-12 02:45:00+00:00,0.3376181368136813,0.0,0.0096575943810359,1.0
2021-02-12 03:00:00+00:00,0.3382463246324632,0.0,0.0096575943810359,1.0
2021-02-12 03:15:00+00:00,0.3444344434443444,0.0,0.0096575943810359,1.0
2021-02-12 03:30:00+00:00,0.3506225622562255,0.0,0.0096575943810359,1.0
2021-02-12 03:45:00+00:00,0.35681068106810676,0.0,0.0096575943810359,1.0
2021-02-12 04:00:00+00:00,0.362998799879988,0.0,0.0096575943810359,1.0
2021-02-12 04:15:00+00:00,0.36905565556555653,0.0,0.0096575943810359,1.0
2021-02-12 04:30:00+00:00,0.3751125112511251,0.0,0.0096575943810359,1.0
2021-02-12 04:45:00+00:00,0.3811693669366937,0.0,0.0096575943810359,1.0
2021-02-12 05:00:00+00:00,0.3872262226222622,0.0,0.0096575943810359,1.0
2021-02-12 05:15:00+00:00,0.38879200420042004,0.0,0.009635645302897199,1.0
2021-02-12 05:30:00+00:00,0.3903577857785778,0.0,0.0096136962247585,1.0
2021-02-12 05:45:00+00:00,0.39192356735673567,0.0,0.0095917471466198,1.0
2021-02-12 06:00:00+00:00,0.3934893489348935,0.0,0.0095697980684811,1.0
2021-02-12 06:15:00+00:00,0.3905546804680468,0.0,0.012225636523266,1.0
2021-02-12 06:30:00+00:00,0.3876200120012001,0.0,0.0148814749780509,1.0
2021-02-12 06:45:00+00:00,0.3846853435343534,0.0,0.0175373134328358,1.0
2021-02-12 07:00:00+00:00,0.3817506750675067,0.0,0.0201931518876207,1.0
2021-02-12 07:15:00+00:00,0.38357898289828973,0.0,0.049846356453028894,1.0
2021-02-12 07:30:00+00:00,0.3854072907290728,0.0,0.0794995610184371,1.0
2021-02-12 07:45:00+00:00,0.38723559855985595,0.0,0.1091527655838454,1.0
2021-02-12 08:00:00+00:00,0.3890639063906391,0.0,0.1388059701492537,1.0
2021-02-12 08:15:00+00:00,0.39353622862286225,0.0,0.18031167690956973,1.0
2021-02-12 08:30:00+00:00,0.3980085508550854,0.0,0.2218173836698858,1.0
2021-02-12 08:45:00+00:00,0.4024808730873086,0.0,0.26332309043020186,1.0
2021-02-12 09:00:00+00:00,0.4069531953195319,0.0,0.304828797190518,1.0
2021-02-12 09:15:00+00:00,0.4124099909990998,0.0,0.3274363476733977,1.0
2021-02-12 09:30:00+00:00,0.4178667866786678,0.0,0.3500438981562774,1.0
2021-02-12 09:45:00+00:00,0.42332358235823575,0.0,0.3726514486391571,1.0
2021-02-12 10:00:00+00:00,0.4287803780378038,0.0,0.3952589991220369,1.0
2021-02-12 10:15:00+00:00,0.4411753675367536,0.0,0.4101624231782265,1.0
2021-02-12 10:30:00+00:00,0.4535703570357035,0.0,0.4250658472344161,1.0
2021-02-12 10:45:00+00:00,0.4659653465346534,0.0,0.43996927129060576,1.0
2021-02-12 11:00:00+00:00,0.4783603360336033,0.0,0.4548726953467954,1.0
2021-02-12 11:15:00+00:00,0.4874549954995499,0.0,0.46567164179104475,1.0
2021-02-12 11:30:00+00:00,0.4965496549654965,0.0,0.4764705882352941,1.0
2021-02-12 11:45:00+00:00,0.5056443144314431,0.0,0.4872695346795435,1.0
2021-02-12 12:00:00+00:00,0.5147389738973898,0.0,0.4980684811237928,1.0
2021-02-12 12:15:00+00:00,0.51254500450045,0.0,0.5025021949078139,1.0
2021-02-12 12:30:00+00:00,0.5103510351035103,0.0,0.5069359086918349,1.0
2021-02-12 12:45:00+00:00,0.5081570657065706,0.0,0.5113696224758559,1.0
2021-02-12 13:00:00+00:00,0.505963096309631,0.0,0.5158033362598771,1.0
2021-02-12 13:15:00+00:00,0.5021470897089709,0.0,0.5170105355575065,1.0
2021-02-12 13:30:00+00:00,0.4983310831083108,0.0,0.518217734855136,1.0
2021-02-12 13:45:00+00:00,0.49451507650765075,0.0,0.5194249341527655,1.0
2021-02-12 14:00:00+00:00,0.4906990699069907,0.0,0.520632133450395,1.0
2021-02-12 14:15:00+00:00,0.4869580708070807,0.0,0.516812993854258,1.0
2021-02-12 14:30:00+00:00,0.4832170717071707,0.0,0.5129938542581212,1.0
2021-02-12 14:45:00+00:00,0.4794760726072607,0.0,0.5091747146619843,1.0
2021-02-12 15:00:00+00:00,0.4757350735073507,0.0,0.5053555750658473,1.0
2021-02-12 15:15:00+00:00,0.46469021902190216,0.0,0.4686567164179104,1.0
2021-02-12 15:30:00+00:00,0.4536453645364536,0.0,0.4319578577699736,1.0
2021-02-12 15:45:00+00:00,0.44260051005100504,0.0,0.39525899912203677,1.0
2021-02-12 16:00:00+00:00,0.4315556555655565,0.0,0.3585601404741,1.0
2021-02-12 16:15:00+00:00,0.44246924692469236,0.0,0.29701492537313423,1.0
2021-02-12 16:30:00+00:00,0.4533828382838283,0.0,0.2354697102721685,1.0
2021-02-12 16:45:00+00:00,0.46429642964296425,0.0,0.17392449517120273,1.0
2021-02-12 17:00:00+00:00,0.4752100210021002,0.0,0.112379280070237,1.0
2021-02-12 17:15:00+00:00,0.4828607860786079,0.0,0.08953028972783135,1.0
2021-02-12 17:30:00+00:00,0.4905115511551155,0.0,0.0666812993854257,1.0
2021-02-12 17:45:00+00:00,0.4981623162316232,0.0,0.0438323090430201,1.0
2021-02-12 18:00:00+00:00,0.5058130813081309,0.0,0.0209833187006145,1.0
2021-02-12 18:15:00+00:00,0.5013501350135013,0.0,0.01909569798068475,1.0
2021-02-12 18:30:00+00:00,0.4968871887188719,0.0,0.017208077260755,1.0
2021-02-12 18:45:00+00:00,0.49242424242424243,0.0,0.015320456540825249,1.0
2021-02-12 19:00:00+00:00,0.487961296129613,0.0,0.0134328358208955,1.0
2021-02-12 19:15:00+00:00,0.48462346234623466,0.0,0.01303775241439855,1.0
2021-02-12 19:30:00+00:00,0.4812856285628563,0.0,0.0126426690079016,1.0
2021-02-12 19:45:00+00:00,0.4779477947794779,0.0,0.0122475856014047,1.0
2021-02-12 20:00:00+00:00,0.4746099609960996,0.0,0.0118525021949078,1.0
2021-02-12 20:15:00+00:00,0.4700813831383138,0.0,0.0118525021949078,1.0
2021-02-12 20:30:00+00:00,0.465552805280528,0.0,0.0118525021949078,1.0
2021-02-12 20:45:00+00:00,0.46102422742274224,0.0,0.0118525021949078,1.0
2021-02-12 21:00:00+00:00,0.4564956495649565,0.0,0.0118525021949078,1.0
2021-02-12 21:15:00+00:00,0.4522014701470146,0.0,0.0118525021949078,1.0
2021-02-12 21:30:00+00:00,0.4479072907290728,0.0,0.0118525021949078,1.0
2021-02-12 21:45:00+00:00,0.44361311131113107,0.0,0.0118525021949078,1.0
2021-02-12 22:00:00+00:00,0.4393189318931893,0.0,0.0118525021949078,1.0
2021-02-12 22:15:00+00:00,0.4370030753075307,0.0,0.0118525021949078,1.0
2021-02-12 22:30:00+00:00,0.4346872187218721,0.0,0.0118525021949078,1.0
2021-02-12 22:45:00+00:00,0.4323713621362135,0.0,0.0118525021949078,1.0
2021-02-12 23:00:00+00:00,0.430055505550555,0.0,0.0118525021949078,1.0
2021-02-12 23:15:00+00:00,0.4283865886588658,0.0,0.0118525021949078,1.0
2021-02-12 23:30:00+00:00,0.4267176717671767,0.0,0.0118525021949078,1.0
2021-02-12 23:45:00+00:00,0.4250487548754875,0.0,0.0118525021949078,1.0
2021-02-13 00:00:00+00:00,0.4233798379837983,0.0,0.0118525021949078,1.0
2021-02-13 00:15:00+00:00,0.4196575907590759,0.0,0.0118525021949078,1.0
2021-02-13 00:30:00+00:00,0.4159353435343534,0.0,0.0118525021949078,1.0
2021-02-13 00:45:00+00:00,0.412213096309631,0.0,0.0118525021949078,1.0
2021-02-13 01:00:00+00:00,0.4084908490849085,0.0,0.0118525021949078,1.0
2021-02-13 01:15:00+00:00,0.40205895589558954,0.0,0.01180860403863035,1.0
2021-02-13 01:30:00+00:00,0.3956270627062706,0.0,0.0117647058823529,1.0
2021-02-13 01:45:00+00:00,0.38919516951695166,0.0,0.01172080772607545,1.0
2021-02-13 02:00:00+00:00,0.3827632763276327,0.0,0.011676909569798,1.0
2021-02-13 02:15:00+00:00,0.3779346684668466,0.0,0.0114354697102721,1.0
2021-02-13 02:30:00+00:00,0.3731060606060605,0.0,0.0111940298507462,1.0
2021-02-13 02:45:00+00:00,0.36827745274527446,0.0,0.010952589991220299,1.0
2021-02-13 03:00:00+00:00,0.3634488448844885,0.0,0.0107111501316944,1.0
2021-02-13 03:15:00+00:00,0.3553292829282928,0.0,0.010689201053555648,1.0
2021-02-13 03:30:00+00:00,0.3472097209720972,0.0,0.0106672519754169,1.0
2021-02-13 03:45:00+00:00,0.33909015901590156,0.0,0.010645302897278199,1.0
2021-02-13 04:00:00+00:00,0.330970597059706,0.0,0.0106233538191395,1.0
2021-02-13 04:15:00+00:00,0.33909015901590156,0.0,0.0106233538191395,1.0
2021-02-13 04:30:00+00:00,0.3472097209720972,0.0,0.0106233538191395,1.0
2021-02-13 04:45:00+00:00,0.3553292829282928,0.0,0.0106233538191395,1.0
2021-02-13 05:00:00+00:00,0.3634488448844885,0.0,0.0106233538191395,1.0
2021-02-13 05:15:00+00:00,0.36288628862886285,0.0,0.0106014047410008,1.0
2021-02-13 05:30:00+00:00,0.3623237323732373,0.0,0.0105794556628621,1.0
2021-02-13 05:45:00+00:00,0.3617611761176117,0.0,0.0105575065847234,1.0
2021-02-13 06:00:00+00:00,0.3611986198619862,0.0,0.0105355575065847,1.0
2021-02-13 06:15:00+00:00,0.3565950345034503,0.0,0.01810798946444245,1.0
2021-02-13 06:30:00+00:00,0.3519914491449144,0.0,0.0256804214223002,1.0
2021-02-13 06:45:00+00:00,0.34738786378637854,0.0,0.033252853380158,1.0
2021-02-13 07:00:00+00:00,0.3427842784278427,0.0,0.0408252853380158,1.0
2021-02-13 07:15:00+00:00,0.3363336333633362,0.0,0.0860403863037752,1.0
2021-02-13 07:30:00+00:00,0.3298829882988298,0.0,0.1312554872695346,1.0
2021-02-13 07:45:00+00:00,0.32343234323432335,0.0,0.17647058823529405,1.0
2021-02-13 08:00:00+00:00,0.3169816981698169,0.0,0.2216856892010535,1.0
2021-02-13 08:15:00+00:00,0.3081214371437143,0.0,0.2627963125548726,1.0
2021-02-13 08:30:00+00:00,0.2992611761176117,0.0,0.3039069359086918,1.0
2021-02-13 08:45:00+00:00,0.2904009150915091,0.0,0.34501755926251093,1.0
2021-02-13 09:00:00+00:00,0.2815406540654065,0.0,0.3861281826163301,1.0
2021-02-13 09:15:00+00:00,0.2782028202820282,0.0,0.41136962247585596,1.0
2021-02-13 09:30:00+00:00,0.2748649864986499,0.0,0.4366110623353819,1.0
2021-02-13 09:45:00+00:00,0.2715271527152715,0.0,0.4618525021949078,1.0
2021-02-13 10:00:00+00:00,0.2681893189318932,0.0,0.4870939420544337,1.0
2021-02-13 10:15:00+00:00,0.2683768376837684,0.0,0.49850746268656715,1.0
2021-02-13 10:30:00+00:00,0.2685643564356436,0.0,0.5099209833187006,1.0
2021-02-13 10:45:00+00:00,0.26875187518751875,0.0,0.5213345039508341,1.0
2021-02-13 11:00:00+00:00,0.2689393939393939,0.0,0.5327480245829675,1.0
2021-02-13 11:15:00+00:00,0.2673361086108611,0.0,0.5369402985074627,1.0
2021-02-13 11:30:00+00:00,0.2657328232823282,0.0,0.5411325724319579,1.0
2021-02-13 11:45:00+00:00,0.2641295379537954,0.0,0.5453248463564531,1.0
2021-02-13 12:00:00+00:00,0.2625262526252625,0.0,0.5495171202809482,1.0
2021-02-13 12:15:00+00:00,0.26005100510051005,0.0,0.5561896400351185,1.0
2021-02-13 12:30:00+00:00,0.2575757575757575,0.0,0.5628621597892889,1.0
2021-02-13 12:45:00+00:00,0.2551005100510051,0.0,0.5695346795434593,1.0
2021-02-13 13:00:00+00:00,0.2526252625262526,0.0,0.5762071992976295,1.0
2021-02-13 13:15:00+00:00,0.24326807680768076,0.0,0.5792142230026339,1.0
2021-02-13 13:30:00+00:00,0.2339108910891089,0.0,0.5822212467076383,1.0
2021-02-13 13:45:00+00:00,0.22455370537053704,0.0,0.5852282704126427,1.0
2021-02-13 14:00:00+00:00,0.2151965196519652,0.0,0.5882352941176471,1.0
2021-02-13 14:15:00+00:00,0.20546429642964295,0.0,0.5798507462686567,1.0
2021-02-13 14:30:00+00:00,0.1957320732073207,0.0,0.5714661984196664,1.0
2021-02-13 14:45:00+00:00,0.18599984998499847,0.0,0.563081650570676,1.0
2021-02-13 15:00:00+00:00,0.1762676267626762,0.0,0.5546971027216857,1.0
2021-02-13 15:15:00+00:00,0.17484248424842475,0.0,0.5143546971027217,1.0
2021-02-13 15:30:00+00:00,0.1734173417341733,0.0,0.4740122914837577,1.0
2021-02-13 15:45:00+00:00,0.1719921992199219,0.0,0.4336698858647937,1.0
2021-02-13 16:00:00+00:00,0.1705670567056705,0.0,0.3933274802458297,1.0
2021-02-13 16:15:00+00:00,0.17962421242124205,0.0,0.3268437225636523,1.0
2021-02-13 16:30:00+00:00,0.1886813681368136,0.0,0.2603599648814749,1.0
2021-02-13 16:45:00+00:00,0.19773852385238522,0.0,0.19387620719929755,1.0
2021-02-13 17:00:00+00:00,0.2067956795679568,0.0,0.1273924495171202,1.0
2021-02-13 17:15:00+00:00,0.22305355535553556,0.0,0.1028533801580333,1.0
2021-02-13 17:30:00+00:00,0.2393114311431143,0.0,0.0783143107989464,1.0
2021-02-13 17:45:00+00:00,0.255569306930693,0.0,0.0537752414398595,1.0
2021-02-13 18:00:00+00:00,0.2718271827182718,0.0,0.0292361720807726,1.0
2021-02-13 18:15:00+00:00,0.27463996399639956,0.0,0.02583406496927125,1.0
2021-02-13 18:30:00+00:00,0.2774527452745274,0.0,0.0224319578577699,1.0
2021-02-13 18:45:00+00:00,0.28026552655265524,0.0,0.0190298507462686,1.0
2021-02-13 19:00:00+00:00,0.2830783078307831,0.0,0.0156277436347673,1.0
2021-02-13 19:15:00+00:00,0.2798436093609361,0.0,0.01488147497805085,1.0
2021-02-13 19:30:00+00:00,0.2766089108910891,0.0,0.0141352063213344,1.0
2021-02-13 19:45:00+00:00,0.2733742124212421,0.0,0.013388937664618,1.0
2021-02-13 20:00:00+00:00,0.2701395139513951,0.0,0.0126426690079016,1.0
2021-02-13 20:15:00+00:00,0.26612661266126614,0.0,0.0123134328358208,1.0
2021-02-13 20:30:00+00:00,0.2621137113711371,0.0,0.01198419666374,1.0
2021-02-13 20:45:00+00:00,0.2581008100810081,0.0,0.01165496049165925,1.0
2021-02-13 21:00:00+00:00,0.2540879087908791,0.0,0.0113257243195785,1.0
2021-02-13 21:15:00+00:00,0.25232523252325234,0.0,0.01125987708516235,1.0
2021-02-13 21:30:00+00:00,0.2505625562556255,0.0,0.0111940298507462,1.0
2021-02-13 21:45:00+00:00,0.24879987998799874,0.0,0.01112818261633005,1.0
2021-02-13 22:00:00+00:00,0.247037203720372,0.0,0.0110623353819139,1.0
2021-02-13 22:15:00+00:00,0.2402771527152715,0.0,0.0106892010535557,1.0
2021-02-13 22:30:00+00:00,0.233517101710171,0.0,0.0103160667251975,1.0
2021-02-13 22:45:00+00:00,0.22675705070507052,0.0,0.009942932396839299,1.0
2021-02-13 23:00:00+00:00,0.21999699969997,0.0,0.0095697980684811,1.0
2021-02-13 23:15:00+00:00,0.21308693369336928,0.0,0.00941615452151005,1.0
2021-02-13 23:30:00+00:00,0.2061768676867686,0.0,0.009262510974539,1.0
2021-02-13 23:45:00+00:00,0.19926680168016794,0.0,0.009108867427568,1.0
2021-02-14 00:00:00+00:00,0.1923567356735673,0.0,0.008955223880597,1.0
2021-02-14 00:15:00+00:00,0.18745312031203115,0.0,0.00891132572431955,1.0
2021-02-14 00:30:00+00:00,0.182549504950495,0.0,0.0088674275680421,1.0
2021-02-14 00:45:00+00:00,0.17764588958895883,0.0,0.00882352941176465,1.0
2021-02-14 01:00:00+00:00,0.1727422742274227,0.0,0.0087796312554872,1.0
2021-02-14 01:15:00+00:00,0.17063268826882683,0.0,0.0087796312554872,1.0
2021-02-14 01:30:00+00:00,0.168523102310231,0.0,0.0087796312554872,1.0
2021-02-14 01:45:00+00:00,0.16641351635163515,0.0,0.0087796312554872,1.0
2021-02-14 02:00:00+00:00,0.1643039303930393,0.0,0.0087796312554872,1.0
2021-02-14 02:15:00+00:00,0.16486648664866485,0.0,0.00882352941176465,1.0
2021-02-14 02:30:00+00:00,0.1654290429042904,0.0,0.0088674275680421,1.0
2021-02-14 02:45:00+00:00,0.16599159915991596,0.0,0.00891132572431955,1.0
2021-02-14 03:00:00+00:00,0.1665541554155415,0.0,0.008955223880597,1.0
2021-02-14 03:15:00+00:00,0.1664322682268226,0.0,0.0091966637401229,1.0
2021-02-14 03:30:00+00:00,0.1663103810381037,0.0,0.0094381035996488,1.0
2021-02-14 03:45:00+00:00,0.16618849384938483,0.0,0.0096795434591747,1.0
2021-02-14 04:00:00+00:00,0.166066606660666,0.0,0.0099209833187006,1.0
2021-02-14 04:15:00+00:00,0.16879500450044993,0.0,0.0099209833187006,1.0
2021-02-14 04:30:00+00:00,0.1715234023402339,0.0,0.0099209833187006,1.0
2021-02-14 04:45:00+00:00,0.1742518001800179,0.0,0.0099209833187006,1.0
2021-02-14 05:00:00+00:00,0.1769801980198019,0.0,0.0099209833187006,1.0
2021-02-14 05:15:00+00:00,0.1808149564956495,0.0,0.0099209833187006,1.0
2021-02-14 05:30:00+00:00,0.1846497149714971,0.0,0.0099209833187006,1.0
2021-02-14 05:45:00+00:00,0.1884844734473447,0.0,0.0099209833187006,1.0
2021-02-14 06:00:00+00:00,0.1923192319231923,0.0,0.0099209833187006,1.0
2021-02-14 06:15:00+00:00,0.19738223822382234,0.0,0.0202370500438981,1.0
2021-02-14 06:30:00+00:00,0.2024452445244524,0.0,0.0305531167690956,1.0
2021-02-14 06:45:00+00:00,0.20750825082508245,0.0,0.04086918349429315,1.0
2021-02-14 07:00:00+00:00,0.2125712571257125,0.0,0.0511852502194907,1.0
2021-02-14 07:15:00+00:00,0.21447457245724566,0.0,0.10950395083406489,1.0
2021-02-14 07:30:00+00:00,0.2163778877887788,0.0,0.1678226514486391,1.0
2021-02-14 07:45:00+00:00,0.21828120312031202,0.0,0.2261413520632133,1.0
2021-02-14 08:00:00+00:00,0.2201845184518452,0.0,0.2844600526777875,1.0
2021-02-14 08:15:00+00:00,0.22190031503150315,0.0,0.3407374890254609,1.0
2021-02-14 08:30:00+00:00,0.2236161116111611,0.0,0.3970149253731343,1.0
2021-02-14 08:45:00+00:00,0.22533190819081905,0.0,0.4532923617208077,1.0
2021-02-14 09:00:00+00:00,0.227047704770477,0.0,0.5095697980684811,1.0
2021-02-14 09:15:00+00:00,0.22939168916891683,0.0,0.5435689201053555,1.0
2021-02-14 09:30:00+00:00,0.2317356735673567,0.0,0.57756804214223,1.0
2021-02-14 09:45:00+00:00,0.23407965796579655,0.0,0.6115671641791045,1.0
2021-02-14 10:00:00+00:00,0.2364236423642364,0.0,0.6455662862159789,1.0
2021-02-14 10:15:00+00:00,0.2386176117611761,0.0,0.6521510096575943,1.0
2021-02-14 10:30:00+00:00,0.2408115811581158,0.0,0.6587357330992099,1.0
2021-02-14 10:45:00+00:00,0.24300555055505552,0.0,0.6653204565408253,1.0
2021-02-14 11:00:00+00:00,0.2451995199519952,0.0,0.6719051799824407,1.0
2021-02-14 11:15:00+00:00,0.24972809780978095,0.0,0.667669007901668,1.0
2021-02-14 11:30:00+00:00,0.2542566756675667,0.0,0.6634328358208955,1.0
2021-02-14 11:45:00+00:00,0.25878525352535253,0.0,0.659196663740123,1.0
2021-02-14 12:00:00+00:00,0.2633138313831383,0.0,0.6549604916593503,1.0
2021-02-14 12:15:00+00:00,0.26586408640864084,0.0,0.6481782265144864,1.0
2021-02-14 12:30:00+00:00,0.2684143414341434,0.0,0.6413959613696225,1.0
2021-02-14 12:45:00+00:00,0.27096459645964593,0.0,0.6346136962247586,1.0
2021-02-14 13:00:00+00:00,0.2735148514851485,0.0,0.6278314310798947,1.0
2021-02-14 13:15:00+00:00,0.2737773777377738,0.0,0.6189640035118525,1.0
2021-02-14 13:30:00+00:00,0.274039903990399,0.0,0.6100965759438104,1.0
2021-02-14 13:45:00+00:00,0.27430243024302425,0.0,0.6012291483757682,1.0
2021-02-14 14:00:00+00:00,0.2745649564956495,0.0,0.5923617208077261,1.0
2021-02-14 14:15:00+00:00,0.2747618511851184,0.0,0.5720149253731344,1.0
2021-02-14 14:30:00+00:00,0.2749587458745874,0.0,0.5516681299385426,1.0
2021-02-14 14:45:00+00:00,0.2751556405640564,0.0,0.5313213345039509,1.0
2021-02-14 15:00:00+00:00,0.2753525352535254,0.0,0.5109745390693591,1.0
2021-02-14 15:15:00+00:00,0.2854129162916292,0.0,0.46736172080772603,1.0
2021-02-14 15:30:00+00:00,0.295473297329733,0.0,0.423748902546093,1.0
2021-02-14 15:45:00+00:00,0.3055336783678368,0.0,0.38013608428446,1.0
2021-02-14 16:00:00+00:00,0.3155940594059406,0.0,0.336523266022827,1.0
2021-02-14 16:15:00+00:00,0.32738898889888984,0.0,0.2783801580333626,1.0
2021-02-14 16:30:00+00:00,0.3391839183918391,0.0,0.2202370500438981,1.0
2021-02-14 16:45:00+00:00,0.3509788478847884,0.0,0.16209394205443364,1.0
2021-02-14 17:00:00+00:00,0.3627737773777377,0.0,0.1039508340649692,1.0
2021-02-14 17:15:00+00:00,0.37731585658565847,0.0,0.08527216856892006,1.0
2021-02-14 17:30:00+00:00,0.3918579357935793,0.0,0.0665935030728709,1.0
2021-02-14 17:45:00+00:00,0.4064000150015001,0.0,0.04791483757682175,1.0
2021-02-14 18:00:00+00:00,0.4209420942094209,0.0,0.0292361720807726,1.0
2021-02-14 18:15:00+00:00,0.42097959795979595,0.0,0.027611940298507453,1.0
2021-02-14 18:30:00+00:00,0.421017101710171,0.0,0.0259877085162423,1.0
2021-02-14 18:45:00+00:00,0.42105460546054607,0.0,0.024363476733977152,1.0
2021-02-14 19:00:00+00:00,0.4210921092109211,0.0,0.022739244951712,1.0
2021-02-14 19:15:00+00:00,0.42320169516951694,0.0,0.0217734855136084,1.0
2021-02-14 19:30:00+00:00,0.4253112811281128,0.0,0.0208077260755048,1.0
2021-02-14 19:45:00+00:00,0.4274208670867087,0.0,0.019841966637401197,1.0
2021-02-14 20:00:00+00:00,0.4295304530453045,0.0,0.0188762071992976,1.0
2021-02-14 20:15:00+00:00,0.4290897839783978,0.0,0.01777875329236165,1.0
2021-02-14 20:30:00+00:00,0.4286491149114911,0.0,0.0166812993854257,1.0
2021-02-14 20:45:00+00:00,0.4282084458445844,0.0,0.015583845478489799,1.0
2021-02-14 21:00:00+00:00,0.4277677767776777,0.0,0.0144863915715539,1.0
2021-02-14 21:15:00+00:00,0.42125150015001495,0.0,0.01167690956979795,1.0
2021-02-14 21:30:00+00:00,0.4147352235223522,0.0,0.008867427568042,1.0
2021-02-14 21:45:00+00:00,0.40821894689468946,0.0,0.0060579455662861,1.0
2021-02-14 22:00:00+00:00,0.4017026702670267,0.0,0.0032484635645302,1.0
2021-02-14 22:15:00+00:00,0.3826788928892889,0.0,0.0027655838454784002,1.0
2021-02-14 22:30:00+00:00,0.3636551155115511,0.0,0.0022827041264266,1.0
2021-02-14 22:45:00+00:00,0.34463133813381336,0.0,0.0017998244073748,1.0
2021-02-14 23:00:00+00:00,0.3256075607560756,0.0,0.001316944688323,1.0
2021-02-14 23:15:00+00:00,0.3179567956795679,0.0,0.001316944688323,1.0
2021-02-14 23:30:00+00:00,0.3103060306030603,0.0,0.001316944688323,1.0
2021-02-14 23:45:00+00:00,0.30265526552655264,0.0,0.001316944688323,1.0
2021-02-15 00:00:00+00:00,0.295004500450045,0.0,0.001316944688323,1.0
2021-02-15 00:15:00+00:00,0.290954095409541,0.0,0.001316944688323,1.0
2021-02-15 00:30:00+00:00,0.2869036903690369,0.0,0.001316944688323,1.0
2021-02-15 00:45:00+00:00,0.2828532853285328,0.0,0.001316944688323,1.0
2021-02-15 01:00:00+00:00,0.2788028802880288,0.0,0.001316944688323,1.0
2021-02-15 01:15:00+00:00,0.2769839483948395,0.0,0.001316944688323,1.0
2021-02-15 01:30:00+00:00,0.2751650165016501,0.0,0.001316944688323,1.0
2021-02-15 01:45:00+00:00,0.27334608460846077,0.0,0.001316944688323,1.0
2021-02-15 02:00:00+00:00,0.2715271527152715,0.0,0.001316944688323,1.0
2021-02-15 02:15:00+00:00,0.26848934893489346,0.0,0.001316944688323,1.0
2021-02-15 02:30:00+00:00,0.2654515451545154,0.0,0.001316944688323,1.0
2021-02-15 02:45:00+00:00,0.2624137413741374,0.0,0.001316944688323,1.0
2021-02-15 03:00:00+00:00,0.2593759375937594,0.0,0.001316944688323,1.0
2021-02-15 03:15:00+00:00,0.2597603510351035,0.0,0.0013388937664617,1.0
2021-02-15 03:30:00+00:00,0.2601447644764476,0.0,0.0013608428446004,1.0
2021-02-15 03:45:00+00:00,0.26052917791779173,0.0,0.0013827919227391498,1.0
2021-02-15 04:00:00+00:00,0.2609135913591359,0.0,0.0014047410008779,1.0
2021-02-15 04:15:00+00:00,0.2699988748874887,0.0,0.0013827919227391498,1.0
2021-02-15 04:30:00+00:00,0.2790841584158415,0.0,0.0013608428446004,1.0
2021-02-15 04:45:00+00:00,0.28816944194419436,0.0,0.0013388937664617,1.0
2021-02-15 05:00:00+00:00,0.2972547254725473,0.0,0.001316944688323,1.0
2021-02-15 05:15:00+00:00,0.307783903390339,0.0,0.001316944688323,1.0
2021-02-15 05:30:00+00:00,0.3183130813081308,0.0,0.001316944688323,1.0
2021-02-15 05:45:00+00:00,0.3288422592259226,0.0,0.001316944688323,1.0
2021-02-15 06:00:00+00:00,0.3393714371437143,0.0,0.001316944688323,1.0
2021-02-15 06:15:00+00:00,0.34007463246324626,0.0,0.0073529411764705,1.0
2021-02-15 06:30:00+00:00,0.3407778277827782,0.0,0.013388937664618,1.0
2021-02-15 06:45:00+00:00,0.34148102310231015,0.0,0.0194249341527655,1.0
2021-02-15 07:00:00+00:00,0.3421842184218421,0.0,0.025460930640913,1.0
2021-02-15 07:15:00+00:00,0.34054342934293425,0.0,0.06371817383669875,1.0
2021-02-15 07:30:00+00:00,0.3389026402640264,0.0,0.1019754170324845,1.0
2021-02-15 07:45:00+00:00,0.33726185118511853,0.0,0.1402326602282703,1.0
2021-02-15 08:00:00+00:00,0.3356210621062106,0.0,0.1784899034240561,1.0
2021-02-15 08:15:00+00:00,0.33250825082508245,0.0,0.22214661984196654,1.0
2021-02-15 08:30:00+00:00,0.3293954395439543,0.0,0.265803336259877,1.0
2021-02-15 08:45:00+00:00,0.32628262826282617,0.0,0.30946005267778753,1.0
2021-02-15 09:00:00+00:00,0.3231698169816981,0.0,0.353116769095698,1.0
2021-02-15 09:15:00+00:00,0.3215102760276027,0.0,0.3874012291483757,1.0
2021-02-15 09:30:00+00:00,0.3198507350735073,0.0,0.4216856892010535,1.0
2021-02-15 09:45:00+00:00,0.3181911941194119,0.0,0.45597014925373125,1.0
2021-02-15 10:00:00+00:00,0.3165316531653165,0.0,0.4902546093064091,1.0
2021-02-15 10:15:00+00:00,0.3165316531653165,0.0,0.5012291483757682,1.0
2021-02-15 10:30:00+00:00,0.3165316531653165,0.0,0.5122036874451272,1.0
2021-02-15 10:45:00+00:00,0.3165316531653165,0.0,0.5231782265144864,1.0
2021-02-15 11:00:00+00:00,0.3165316531653165,0.0,0.5341527655838455,1.0
2021-02-15 11:15:00+00:00,0.31518151815181517,0.0,0.5456760316066724,1.0
2021-02-15 11:30:00+00:00,0.3138313831383138,0.0,0.5571992976294995,1.0
2021-02-15 11:45:00+00:00,0.3124812481248125,0.0,0.5687225636523265,1.0
2021-02-15 12:00:00+00:00,0.3111311131113111,0.0,0.5802458296751536,1.0
2021-02-15 12:15:00+00:00,0.3128562856285628,0.0,0.5836918349429323,1.0
2021-02-15 12:30:00+00:00,0.3145814581458145,0.0,0.5871378402107111,1.0
2021-02-15 12:45:00+00:00,0.31630663066306625,0.0,0.59058384547849,1.0
2021-02-15 13:00:00+00:00,0.318031803180318,0.0,0.5940298507462687,1.0
2021-02-15 13:15:00+00:00,0.3156878187818781,0.0,0.5938762071992977,1.0
2021-02-15 13:30:00+00:00,0.3133438343834382,0.0,0.5937225636523267,1.0
2021-02-15 13:45:00+00:00,0.3109998499849984,0.0,0.5935689201053556,1.0
2021-02-15 14:00:00+00:00,0.3086558655865586,0.0,0.5934152765583846,1.0
2021-02-15 14:15:00+00:00,0.31036228622862283,0.0,0.5814749780509219,1.0
2021-02-15 14:30:00+00:00,0.312068706870687,0.0,0.5695346795434592,1.0
2021-02-15 14:45:00+00:00,0.3137751275127513,0.0,0.5575943810359965,1.0
2021-02-15 15:00:00+00:00,0.3154815481548155,0.0,0.5456540825285338,1.0
2021-02-15 15:15:00+00:00,0.3174129912991299,0.0,0.5012949956101843,1.0
2021-02-15 15:30:00+00:00,0.3193444344434443,0.0,0.4569359086918349,1.0
2021-02-15 15:45:00+00:00,0.3212758775877588,0.0,0.41257682177348554,1.0
2021-02-15 16:00:00+00:00,0.3232073207320732,0.0,0.3682177348551361,1.0
2021-02-15 16:15:00+00:00,0.33493661866186614,0.0,0.3048507462686567,1.0
2021-02-15 16:30:00+00:00,0.3466659165916591,0.0,0.2414837576821773,1.0
2021-02-15 16:45:00+00:00,0.35839521452145207,0.0,0.17811676909569796,1.0
2021-02-15 17:00:00+00:00,0.3701245124512451,0.0,0.1147497805092186,1.0
2021-02-15 17:15:00+00:00,0.38085996099609953,0.0,0.0925812115891132,1.0
2021-02-15 17:30:00+00:00,0.391595409540954,0.0,0.0704126426690078,1.0
2021-02-15 17:45:00+00:00,0.4023308580858085,0.0,0.04824407374890245,1.0
2021-02-15 18:00:00+00:00,0.413066306630663,0.0,0.0260755048287971,1.0
2021-02-15 18:15:00+00:00,0.42022952295229515,0.0,0.0236830553116768,1.0
2021-02-15 18:30:00+00:00,0.4273927392739273,0.0,0.0212906057945565,1.0
2021-02-15 18:45:00+00:00,0.4345559555955595,0.0,0.01889815627743625,1.0
2021-02-15 19:00:00+00:00,0.4417191719171917,0.0,0.016505706760316,1.0
2021-02-15 19:15:00+00:00,0.44496324632463247,0.0,0.0155838454784898,1.0
2021-02-15 19:30:00+00:00,0.4482073207320732,0.0,0.0146619841966636,1.0
2021-02-15 19:45:00+00:00,0.45145139513951393,0.0,0.0137401229148375,1.0
2021-02-15 20:00:00+00:00,0.4546954695469547,0.0,0.0128182616330114,1.0
2021-02-15 20:15:00+00:00,0.4543485598559856,0.0,0.011194029850746249,1.0
2021-02-15 20:30:00+00:00,0.4540016501650165,0.0,0.0095697980684811,1.0
2021-02-15 20:45:00+00:00,0.4536547404740474,0.0,0.00794556628621595,1.0
2021-02-15 21:00:00+00:00,0.4533078307830783,0.0,0.0063213345039508,1.0
2021-02-15 21:15:00+00:00,0.445019501950195,0.0,0.0053555750658472005,1.0
2021-02-15 21:30:00+00:00,0.4367311731173117,0.0,0.0043898156277436,1.0
2021-02-15 21:45:00+00:00,0.42844284428442836,0.0,0.00342405618964,1.0
2021-02-15 22:00:00+00:00,0.4201545154515451,0.0,0.0024582967515364,1.0
2021-02-15 22:15:00+00:00,0.41451020102010194,0.0,0.00243634767339765,1.0
2021-02-15 22:30:00+00:00,0.4088658865886588,0.0,0.0024143985952589,1.0
2021-02-15 22:45:00+00:00,0.40322157215721566,0.0,0.0023924495171201996,1.0
2021-02-15 23:00:00+00:00,0.3975772577257725,0.0,0.0023705004389815,1.0
2021-02-15 23:15:00+00:00,0.3842446744674467,0.0,0.00210711150131685,1.0
2021-02-15 23:30:00+00:00,0.3709120912091209,0.0,0.0018437225636522,1.0
2021-02-15 23:45:00+00:00,0.3575795079507951,0.0,0.0015803336259876,1.0
2021-02-16 00:00:00+00:00,0.3442469246924692,0.0,0.001316944688323,1.0
2021-02-16 00:15:00+00:00,0.33784315931593156,0.0,0.0012730465320455499,1.0
2021-02-16 00:30:00+00:00,0.3314393939393939,0.0,0.0012291483757681,1.0
2021-02-16 00:45:00+00:00,0.3250356285628563,0.0,0.0011852502194907,1.0
2021-02-16 01:00:00+00:00,0.3186318631863186,0.0,0.0011413520632133,1.0
2021-02-16 01:15:00+00:00,0.314290804080408,0.0,0.0011413520632133,1.0
2021-02-16 01:30:00+00:00,0.3099497449744974,0.0,0.0011413520632133,1.0
2021-02-16 01:45:00+00:00,0.3056086858685868,0.0,0.0011413520632133,1.0
2021-02-16 02:00:00+00:00,0.3012676267626762,0.0,0.0011413520632133,1.0
2021-02-16 02:15:00+00:00,0.29830483048304823,0.0,0.0011413520632133,1.0
2021-02-16 02:30:00+00:00,0.2953420342034203,0.0,0.0011413520632133,1.0
2021-02-16 02:45:00+00:00,0.2923792379237924,0.0,0.0011413520632133,1.0
2021-02-16 03:00:00+00:00,0.2894164416441644,0.0,0.0011413520632133,1.0
2021-02-16 03:15:00+00:00,0.2941419141914191,0.0,0.0011413520632133,1.0
2021-02-16 03:30:00+00:00,0.2988673867386738,0.0,0.0011413520632133,1.0
2021-02-16 03:45:00+00:00,0.30359285928592855,0.0,0.0011413520632133,1.0
2021-02-16 04:00:00+00:00,0.3083183318331833,0.0,0.0011413520632133,1.0
2021-02-16 04:15:00+00:00,0.32386363636363635,0.0,0.0011413520632133,1.0
2021-02-16 04:30:00+00:00,0.3394089408940894,0.0,0.0011413520632133,1.0
2021-02-16 04:45:00+00:00,0.35495424542454246,0.0,0.0011413520632133,1.0
2021-02-16 05:00:00+00:00,0.3704995499549955,0.0,0.0011413520632133,1.0
2021-02-16 05:15:00+00:00,0.3756469396939694,0.0,0.0011413520632133,1.0
2021-02-16 05:30:00+00:00,0.3807943294329433,0.0,0.0011413520632133,1.0
2021-02-16 05:45:00+00:00,0.3859417191719172,0.0,0.0011413520632133,1.0
2021-02-16 06:00:00+00:00,0.3910891089108911,0.0,0.0011413520632133,1.0
2021-02-16 06:15:00+00:00,0.39130475547554755,0.0,0.008538191395961299,1.0
2021-02-16 06:30:00+00:00,0.391520402040204,0.0,0.0159350307287093,1.0
2021-02-16 06:45:00+00:00,0.39173604860486044,0.0,0.02333187006145735,1.0
2021-02-16 07:00:00+00:00,0.3919516951695169,0.0,0.0307287093942054,1.0
2021-02-16 07:15:00+00:00,0.38706683168316824,0.0,0.073595258999122,1.0
2021-02-16 07:30:00+00:00,0.3821819681968196,0.0,0.1164618086040386,1.0
2021-02-16 07:45:00+00:00,0.377297104710471,0.0,0.1593283582089552,1.0
2021-02-16 08:00:00+00:00,0.3724122412241224,0.0,0.2021949078138718,1.0
2021-02-16 08:15:00+00:00,0.3727122712271227,0.0,0.250702370500439,1.0
2021-02-16 08:30:00+00:00,0.373012301230123,0.0,0.2992098331870061,1.0
2021-02-16 08:45:00+00:00,0.37331233123312335,0.0,0.3477172958735733,1.0
2021-02-16 09:00:00+00:00,0.3736123612361236,0.0,0.3962247585601405,1.0
2021-02-16 09:15:00+00:00,0.3706120612061206,0.0,0.441900790166813,1.0
2021-02-16 09:30:00+00:00,0.3676117611761176,0.0,0.4875768217734855,1.0
2021-02-16 09:45:00+00:00,0.3646114611461146,0.0,0.533252853380158,1.0
2021-02-16 10:00:00+00:00,0.3616111611161116,0.0,0.5789288849868306,1.0
2021-02-16 10:15:00+00:00,0.3572982298229822,0.0,0.5971685689201054,1.0
2021-02-16 10:30:00+00:00,0.3529852985298529,0.0,0.6154082528533802,1.0
2021-02-16 10:45:00+00:00,0.34867236723672357,0.0,0.633647936786655,1.0
2021-02-16 11:00:00+00:00,0.3443594359435943,0.0,0.6518876207199298,1.0
2021-02-16 11:15:00+00:00,0.34657215721572154,0.0,0.6566505706760316,1.0
2021-02-16 11:30:00+00:00,0.3487848784878488,0.0,0.6614135206321334,1.0
2021-02-16 11:45:00+00:00,0.350997599759976,0.0,0.6661764705882353,1.0
2021-02-16 12:00:00+00:00,0.3532103210321032,0.0,0.6709394205443371,1.0
2021-02-16 12:15:00+00:00,0.34945994599459945,0.0,0.6700395083406496,1.0
2021-02-16 12:30:00+00:00,0.3457095709570957,0.0,0.6691395961369622,1.0
2021-02-16 12:45:00+00:00,0.34195919591959195,0.0,0.6682396839332748,1.0
2021-02-16 13:00:00+00:00,0.3382088208820882,0.0,0.6673397717295874,1.0
2021-02-16 13:15:00+00:00,0.33158940894089406,0.0,0.6629938542581211,1.0
2021-02-16 13:30:00+00:00,0.3249699969997,0.0,0.6586479367866549,1.0
2021-02-16 13:45:00+00:00,0.31835058505850583,0.0,0.6543020193151887,1.0
2021-02-16 14:00:00+00:00,0.3117311731173117,0.0,0.6499561018437225,1.0
2021-02-16 14:15:00+00:00,0.3052617761776177,0.0,0.6296312554872695,1.0
2021-02-16 14:30:00+00:00,0.2987923792379237,0.0,0.6093064091308165,1.0
2021-02-16 14:45:00+00:00,0.2923229822982297,0.0,0.5889815627743635,1.0
2021-02-16 15:00:00+00:00,0.2858535853585358,0.0,0.5686567164179105,1.0
2021-02-16 15:15:00+00:00,0.27615886588658856,0.0,0.5147058823529411,1.0
2021-02-16 15:30:00+00:00,0.2664641464146414,0.0,0.4607550482879718,1.0
2021-02-16 15:45:00+00:00,0.2567694269426942,0.0,0.40680421422300256,1.0
2021-02-16 16:00:00+00:00,0.247074707470747,0.0,0.3528533801580333,1.0
2021-02-16 16:15:00+00:00,0.23888951395139504,0.0,0.28803775241439855,1.0
2021-02-16 16:30:00+00:00,0.2307043204320431,0.0,0.2232221246707638,1.0
2021-02-16 16:45:00+00:00,0.2225191269126912,0.0,0.15840649692712905,1.0
2021-02-16 17:00:00+00:00,0.2143339333933393,0.0,0.0935908691834943,1.0
2021-02-16 17:15:00+00:00,0.21085546054605456,0.0,0.07640474100087795,1.0
2021-02-16 17:30:00+00:00,0.2073769876987698,0.0,0.0592186128182616,1.0
2021-02-16 17:45:00+00:00,0.2038985148514851,0.0,0.042032484635645254,1.0
2021-02-16 18:00:00+00:00,0.2004200420042004,0.0,0.0248463564530289,1.0
2021-02-16 18:15:00+00:00,0.19821669666966696,0.0,0.02370500438981555,1.0
2021-02-16 18:30:00+00:00,0.1960133513351335,0.0,0.0225636523266022,1.0
2021-02-16 18:45:00+00:00,0.19381000600060005,0.0,0.02142230026338885,1.0
2021-02-16 19:00:00+00:00,0.1916066606660666,0.0,0.0202809482001755,1.0
2021-02-16 19:15:00+00:00,0.1912597509750975,0.0,0.0197980684811237,1.0
2021-02-16 19:30:00+00:00,0.1909128412841284,0.0,0.0193151887620719,1.0
2021-02-16 19:45:00+00:00,0.1905659315931593,0.0,0.0188323090430201,1.0
2021-02-16 20:00:00+00:00,0.1902190219021902,0.0,0.0183494293239683,1.0
2021-02-16 20:15:00+00:00,0.19251612661266126,0.0,0.0164398595258998,1.0
2021-02-16 20:30:00+00:00,0.1948132313231323,0.0,0.0145302897278313,1.0
2021-02-16 20:45:00+00:00,0.19711033603360334,0.0,0.012620719929762849,1.0
2021-02-16 21:00:00+00:00,0.1994074407440744,0.0,0.0107111501316944,1.0
2021-02-16 21:15:00+00:00,0.19867611761176115,0.0,0.00906496927129055,1.0
2021-02-16 21:30:00+00:00,0.1979447944794479,0.0,0.0074187884108867,1.0
2021-02-16 21:45:00+00:00,0.19721347134713468,0.0,0.005772607550482849,1.0
2021-02-16 22:00:00+00:00,0.1964821482148215,0.0,0.004126426690079,1.0
2021-02-16 22:15:00+00:00,0.19518826882688264,0.0,0.00414837576821765,1.0
2021-02-16 22:30:00+00:00,0.1938943894389438,0.0,0.0041703248463563,1.0
2021-02-16 22:45:00+00:00,0.19260051005100504,0.0,0.00419227392449505,1.0
2021-02-16 23:00:00+00:00,0.1913066306630663,0.0,0.0042142230026338,1.0
2021-02-16 23:15:00+00:00,0.1880719321932193,0.0,0.00419227392449505,1.0
2021-02-16 23:30:00+00:00,0.1848372337233723,0.0,0.0041703248463563,1.0
2021-02-16 23:45:00+00:00,0.1816025352535253,0.0,0.00414837576821765,1.0
2021-02-17 00:00:00+00:00,0.1783678367836783,0.0,0.004126426690079,1.0
2021-02-17 00:15:00+00:00,0.1753862886288628,0.0,0.00395083406496925,1.0
2021-02-17 00:30:00+00:00,0.1724047404740473,0.0,0.0037752414398595,1.0
2021-02-17 00:45:00+00:00,0.16942319231923186,0.0,0.00359964881474975,1.0
2021-02-17 01:00:00+00:00,0.1664416441644164,0.0,0.00342405618964,1.0
2021-02-17 01:15:00+00:00,0.16551342634263422,0.0,0.0030509218612817498,1.0
2021-02-17 01:30:00+00:00,0.164585208520852,0.0,0.0026777875329235,1.0
2021-02-17 01:45:00+00:00,0.16365699069906986,0.0,0.0023046532045653,1.0
2021-02-17 02:00:00+00:00,0.1627287728772877,0.0,0.0019315188762071,1.0
2021-02-17 02:15:00+00:00,0.16253187818781875,0.0,0.0019315188762071,1.0
2021-02-17 02:30:00+00:00,0.1623349834983498,0.0,0.0019315188762071,1.0
2021-02-17 02:45:00+00:00,0.16213808880888086,0.0,0.0019315188762071,1.0
2021-02-17 03:00:00+00:00,0.1619411941194119,0.0,0.0019315188762071,1.0
2021-02-17 03:15:00+00:00,0.16169741974197416,0.0,0.0019534679543458,1.0
2021-02-17 03:30:00+00:00,0.1614536453645364,0.0,0.0019754170324845,1.0
2021-02-17 03:45:00+00:00,0.16120987098709866,0.0,0.00199736611062325,1.0
2021-02-17 04:00:00+00:00,0.1609660966096609,0.0,0.002019315188762,1.0
2021-02-17 04:15:00+00:00,0.16092859285928585,0.0,0.00199736611062325,1.0
2021-02-17 04:30:00+00:00,0.1608910891089108,0.0,0.0019754170324845,1.0
2021-02-17 04:45:00+00:00,0.1608535853585358,0.0,0.0019534679543458,1.0
2021-02-17 05:00:00+00:00,0.1608160816081608,0.0,0.0019315188762071,1.0
2021-02-17 05:15:00+00:00,0.1626162616261626,0.0,0.0019095697980684,1.0
2021-02-17 05:30:00+00:00,0.1644164416441644,0.0,0.0018876207199297,1.0
2021-02-17 05:45:00+00:00,0.16621662166216622,0.0,0.001865671641791,1.0
2021-02-17 06:00:00+00:00,0.168016801680168,0.0,0.0018437225636523,1.0
2021-02-17 06:15:00+00:00,0.16962008700870085,0.0,0.011435469710272098,1.0
2021-02-17 06:30:00+00:00,0.1712233723372337,0.0,0.0210272168568919,1.0
2021-02-17 06:45:00+00:00,0.17282665766576655,0.0,0.03061896400351175,1.0
2021-02-17 07:00:00+00:00,0.1744299429942994,0.0,0.0402107111501316,1.0
2021-02-17 07:15:00+00:00,0.17448619861986195,0.0,0.08770851624231774,1.0
2021-02-17 07:30:00+00:00,0.1745424542454245,0.0,0.1352063213345039,1.0
2021-02-17 07:45:00+00:00,0.17459870987098705,0.0,0.18270412642669004,1.0
2021-02-17 08:00:00+00:00,0.1746549654965496,0.0,0.2302019315188762,1.0
2021-02-17 08:15:00+00:00,0.1760144764476447,0.0,0.27888498683055307,1.0
2021-02-17 08:30:00+00:00,0.1773739873987398,0.0,0.32756804214223,1.0
2021-02-17 08:45:00+00:00,0.1787334983498349,0.0,0.3762510974539069,1.0
2021-02-17 09:00:00+00:00,0.18009300930093,0.0,0.4249341527655838,1.0
2021-02-17 09:15:00+00:00,0.18569044404440435,0.0,0.46097453906935904,1.0
2021-02-17 09:30:00+00:00,0.1912878787878787,0.0,0.4970149253731343,1.0
2021-02-17 09:45:00+00:00,0.19688531353135305,0.0,0.5330553116769096,1.0
2021-02-17 10:00:00+00:00,0.2024827482748274,0.0,0.5690956979806848,1.0
2021-02-17 10:15:00+00:00,0.21152115211521144,0.0,0.5848551360842844,1.0
2021-02-17 10:30:00+00:00,0.2205595559555955,0.0,0.6006145741878841,1.0
2021-02-17 10:45:00+00:00,0.22959795979597955,0.0,0.6163740122914838,1.0
2021-02-17 11:00:00+00:00,0.2386363636363636,0.0,0.6321334503950834,1.0
2021-02-17 11:15:00+00:00,0.2465027752775277,0.0,0.6340649692712905,1.0
2021-02-17 11:30:00+00:00,0.2543691869186918,0.0,0.6359964881474978,1.0
2021-02-17 11:45:00+00:00,0.26223559855985595,0.0,0.637928007023705,1.0
2021-02-17 12:00:00+00:00,0.2701020102010201,0.0,0.6398595258999122,1.0
2021-02-17 12:15:00+00:00,0.27503375337533753,0.0,0.6377304653204565,1.0
2021-02-17 12:30:00+00:00,0.2799654965496549,0.0,0.6356014047410009,1.0
2021-02-17 12:45:00+00:00,0.28489723972397235,0.0,0.6334723441615453,1.0
2021-02-17 13:00:00+00:00,0.2898289828982898,0.0,0.6313432835820896,1.0
2021-02-17 13:15:00+00:00,0.28857260726072603,0.0,0.6279192273924495,1.0
2021-02-17 13:30:00+00:00,0.2873162316231623,0.0,0.6244951712028095,1.0
2021-02-17 13:45:00+00:00,0.2860598559855986,0.0,0.6210711150131695,1.0
2021-02-17 14:00:00+00:00,0.2848034803480348,0.0,0.6176470588235294,1.0
2021-02-17 14:15:00+00:00,0.28077182718271826,0.0,0.599692712906058,1.0
2021-02-17 14:30:00+00:00,0.2767401740174017,0.0,0.5817383669885865,1.0
2021-02-17 14:45:00+00:00,0.2727085208520852,0.0,0.563784021071115,1.0
2021-02-17 15:00:00+00:00,0.2686768676867687,0.0,0.5458296751536436,1.0
2021-02-17 15:15:00+00:00,0.2648889888988899,0.0,0.4969710272168569,1.0
2021-02-17 15:30:00+00:00,0.2611011101110111,0.0,0.4481123792800702,1.0
2021-02-17 15:45:00+00:00,0.25731323132313233,0.0,0.39925373134328357,1.0
2021-02-17 16:00:00+00:00,0.2535253525352535,0.0,0.3503950834064969,1.0
2021-02-17 16:15:00+00:00,0.2558224572457245,0.0,0.28768656716417906,1.0
2021-02-17 16:30:00+00:00,0.2581195619561955,0.0,0.2249780509218612,1.0
2021-02-17 16:45:00+00:00,0.26041666666666663,0.0,0.16226953467954341,1.0
2021-02-17 17:00:00+00:00,0.2627137713771377,0.0,0.0995610184372256,1.0
2021-02-17 17:15:00+00:00,0.27223034803480345,0.0,0.0781826163301141,1.0
2021-02-17 17:30:00+00:00,0.2817469246924692,0.0,0.0568042142230026,1.0
2021-02-17 17:45:00+00:00,0.29126350135013496,0.0,0.0354258121158911,1.0
2021-02-17 18:00:00+00:00,0.3007800780078007,0.0,0.0140474100087796,1.0
2021-02-17 18:15:00+00:00,0.30793391839183915,0.0,0.011962247585601351,1.0
2021-02-17 18:30:00+00:00,0.3150877587758776,0.0,0.0098770851624231,1.0
2021-02-17 18:45:00+00:00,0.322241599159916,0.0,0.007791922739244899,1.0
2021-02-17 19:00:00+00:00,0.3293954395439544,0.0,0.0057067603160667,1.0
2021-02-17 19:15:00+00:00,0.3354804230423042,0.0,0.0056189640035118,1.0
2021-02-17 19:30:00+00:00,0.341565406540654,0.0,0.0055311676909569,1.0
2021-02-17 19:45:00+00:00,0.34765039003900383,0.0,0.00544337137840205,1.0
2021-02-17 20:00:00+00:00,0.3537353735373537,0.0,0.0053555750658472,1.0
2021-02-17 20:15:00+00:00,0.35687631263126307,0.0,0.00533362598770845,1.0
2021-02-17 20:30:00+00:00,0.3600172517251725,0.0,0.0053116769095697,1.0
2021-02-17 20:45:00+00:00,0.3631581908190819,0.0,0.005289727831431,1.0
2021-02-17 21:00:00+00:00,0.3662991299129913,0.0,0.0052677787532923,1.0
2021-02-17 21:15:00+00:00,0.368333708370837,0.0,0.0049165935030728,1.0
2021-02-17 21:30:00+00:00,0.3703682868286828,0.0,0.0045654082528533,1.0
2021-02-17 21:45:00+00:00,0.37240286528652855,0.0,0.0042142230026338,1.0
2021-02-17 22:00:00+00:00,0.3744374437443744,0.0,0.0038630377524143,1.0
2021-02-17 22:15:00+00:00,0.3759938493849384,0.0,0.00318261633011405,1.0
2021-02-17 22:30:00+00:00,0.3775502550255025,0.0,0.0025021949078138,1.0
2021-02-17 22:45:00+00:00,0.3791066606660666,0.0,0.00182177348551355,1.0
2021-02-17 23:00:00+00:00,0.3806630663066306,0.0,0.0011413520632133,1.0
2021-02-17 23:15:00+00:00,0.38000675067506745,0.0,0.0011413520632133,1.0
2021-02-17 23:30:00+00:00,0.3793504350435043,0.0,0.0011413520632133,1.0
2021-02-17 23:45:00+00:00,0.37869411941194114,0.0,0.0011413520632133,1.0
2021-02-18 00:00:00+00:00,0.378037803780378,0.0,0.0011413520632133,1.0
2021-02-18 00:15:00+00:00,0.3805786828682868,0.0,0.0011413520632133,1.0
2021-02-18 00:30:00+00:00,0.3831195619561955,0.0,0.0011413520632133,1.0
2021-02-18 00:45:00+00:00,0.38566044104410435,0.0,0.0011413520632133,1.0
2021-02-18 01:00:00+00:00,0.3882013201320132,0.0,0.0011413520632133,1.0
2021-02-18 01:15:00+00:00,0.38728247824782475,0.0,0.0010755048287971,1.0
2021-02-18 01:30:00+00:00,0.3863636363636363,0.0,0.0010096575943809,1.0
2021-02-18 01:45:00+00:00,0.3854447944794479,0.0,0.0009438103599647999,1.0
2021-02-18 02:00:00+00:00,0.3845259525952595,0.0,0.0008779631255487,1.0
2021-02-18 02:15:00+00:00,0.3814600210021002,0.0,0.0008779631255487,1.0
2021-02-18 02:30:00+00:00,0.3783940894089409,0.0,0.0008779631255487,1.0
2021-02-18 02:45:00+00:00,0.3753281578157816,0.0,0.0008779631255487,1.0
2021-02-18 03:00:00+00:00,0.3722622262226223,0.0,0.0008779631255487,1.0
2021-02-18 03:15:00+00:00,0.368727497749775,0.0,0.0008779631255487,1.0
2021-02-18 03:30:00+00:00,0.3651927692769277,0.0,0.0008779631255487,1.0
2021-02-18 03:45:00+00:00,0.3616580408040804,0.0,0.0008779631255487,1.0
2021-02-18 04:00:00+00:00,0.3581233123312331,0.0,0.0008779631255487,1.0
2021-02-18 04:15:00+00:00,0.3527696519651965,0.0,0.0009218612818261,1.0
2021-02-18 04:30:00+00:00,0.3474159915991599,0.0,0.0009657594381035,1.0
2021-02-18 04:45:00+00:00,0.34206233123312335,0.0,0.00100965759438095,1.0
2021-02-18 05:00:00+00:00,0.3367086708670867,0.0,0.0010535557506584,1.0
2021-02-18 05:15:00+00:00,0.3343928142814281,0.0,0.0010535557506584,1.0
2021-02-18 05:30:00+00:00,0.3320769576957695,0.0,0.0010535557506584,1.0
2021-02-18 05:45:00+00:00,0.3297611011101109,0.0,0.0010535557506584,1.0
2021-02-18 06:00:00+00:00,0.3274452445244524,0.0,0.0010535557506584,1.0
2021-02-18 06:15:00+00:00,0.32374174917491744,0.0,0.01161106233538185,1.0
2021-02-18 06:30:00+00:00,0.3200382538253825,0.0,0.0221685689201053,1.0
2021-02-18 06:45:00+00:00,0.3163347584758476,0.0,0.03272607550482875,1.0
2021-02-18 07:00:00+00:00,0.3126312631263126,0.0,0.0432835820895522,1.0
2021-02-18 07:15:00+00:00,0.3068838133813381,0.0,0.08114574187884105,1.0
2021-02-18 07:30:00+00:00,0.3011363636363636,0.0,0.1190079016681299,1.0
2021-02-18 07:45:00+00:00,0.2953889138913891,0.0,0.15687006145741875,1.0
2021-02-18 08:00:00+00:00,0.2896414641464146,0.0,0.1947322212467076,1.0
2021-02-18 08:15:00+00:00,0.28760688568856885,0.0,0.22989464442493412,1.0
2021-02-18 08:30:00+00:00,0.285572307230723,0.0,0.2650570676031606,1.0
2021-02-18 08:45:00+00:00,0.28353772877287725,0.0,0.30021949078138715,1.0
2021-02-18 09:00:00+00:00,0.2815031503150315,0.0,0.3353819139596137,1.0
2021-02-18 09:15:00+00:00,0.2828157815781578,0.0,0.36560579455662856,1.0
2021-02-18 09:30:00+00:00,0.2841284128412841,0.0,0.3958296751536435,1.0
2021-02-18 09:45:00+00:00,0.2854410441044104,0.0,0.4260535557506584,1.0
2021-02-18 10:00:00+00:00,0.2867536753675367,0.0,0.4562774363476733,1.0
2021-02-18 10:15:00+00:00,0.2900352535253525,0.0,0.47655838454784893,1.0
2021-02-18 10:30:00+00:00,0.2933168316831683,0.0,0.4968393327480245,1.0
2021-02-18 10:45:00+00:00,0.29659840984098407,0.0,0.5171202809482001,1.0
2021-02-18 11:00:00+00:00,0.2998799879987999,0.0,0.5374012291483757,1.0
2021-02-18 11:15:00+00:00,0.30566494149414936,0.0,0.5475197541703248,1.0
2021-02-18 11:30:00+00:00,0.3114498949894989,0.0,0.5576382791922739,1.0
2021-02-18 11:45:00+00:00,0.3172348484848484,0.0,0.567756804214223,1.0
2021-02-18 12:00:00+00:00,0.323019801980198,0.0,0.5778753292361721,1.0
2021-02-18 12:15:00+00:00,0.3289078907890789,0.0,0.5815847234416155,1.0
2021-02-18 12:30:00+00:00,0.3347959795979598,0.0,0.5852941176470589,1.0
2021-02-18 12:45:00+00:00,0.34068406840684073,0.0,0.5890035118525022,1.0
2021-02-18 13:00:00+00:00,0.3465721572157216,0.0,0.5927129060579456,1.0
2021-02-18 13:15:00+00:00,0.35075382538253824,0.0,0.5877743634767341,1.0
2021-02-18 13:30:00+00:00,0.3549354935493549,0.0,0.5828358208955224,1.0
2021-02-18 13:45:00+00:00,0.3591171617161716,0.0,0.5778972783143108,1.0
2021-02-18 14:00:00+00:00,0.3632988298829883,0.0,0.5729587357330992,1.0
2021-02-18 14:15:00+00:00,0.35879837983798374,0.0,0.5521290605794557,1.0
2021-02-18 14:30:00+00:00,0.3542979297929792,0.0,0.5312993854258121,1.0
2021-02-18 14:45:00+00:00,0.3497974797479747,0.0,0.5104697102721686,1.0
2021-02-18 15:00:00+00:00,0.3452970297029702,0.0,0.489640035118525,1.0
2021-02-18 15:15:00+00:00,0.33759938493849373,0.0,0.4423397717295874,1.0
2021-02-18 15:30:00+00:00,0.3299017401740173,0.0,0.3950395083406497,1.0
2021-02-18 15:45:00+00:00,0.32220409540954087,0.0,0.34773924495171205,1.0
2021-02-18 16:00:00+00:00,0.3145064506450645,0.0,0.3004389815627744,1.0
2021-02-18 16:15:00+00:00,0.303733498349835,0.0,0.2449736611062335,1.0
2021-02-18 16:30:00+00:00,0.2929605460546054,0.0,0.1895083406496926,1.0
2021-02-18 16:45:00+00:00,0.2821875937593759,0.0,0.13404302019315179,1.0
2021-02-18 17:00:00+00:00,0.2714146414641464,0.0,0.078577699736611,1.0
2021-02-18 17:15:00+00:00,0.2681799429942994,0.0,0.06115013169446874,1.0
2021-02-18 17:30:00+00:00,0.2649452445244524,0.0,0.0437225636523265,1.0
2021-02-18 17:45:00+00:00,0.2617105460546054,0.0,0.0262949956101843,1.0
2021-02-18 18:00:00+00:00,0.2584758475847585,0.0,0.0088674275680421,1.0
2021-02-18 18:15:00+00:00,0.2623481098109811,0.0,0.0076602282704126,1.0
2021-02-18 18:30:00+00:00,0.2662203720372037,0.0,0.0064530289727831,1.0
2021-02-18 18:45:00+00:00,0.27009263426342633,0.0,0.0052458296751536,1.0
2021-02-18 19:00:00+00:00,0.2739648964896489,0.0,0.0040386303775241,1.0
2021-02-18 19:15:00+00:00,0.2781934443444344,0.0,0.00388498683055305,1.0
2021-02-18 19:30:00+00:00,0.2824219921992198,0.0,0.003731343283582,1.0
2021-02-18 19:45:00+00:00,0.2866505400540053,0.0,0.003577699736611,1.0
2021-02-18 20:00:00+00:00,0.2908790879087908,0.0,0.00342405618964,1.0
2021-02-18 20:15:00+00:00,0.2941137863786378,0.0,0.0032704126426689496,1.0
2021-02-18 20:30:00+00:00,0.2973484848484848,0.0,0.0031167690956979,1.0
2021-02-18 20:45:00+00:00,0.3005831833183318,0.0,0.0029631255487269,1.0
2021-02-18 21:00:00+00:00,0.3038178817881788,0.0,0.0028094820017559,1.0
2021-02-18 21:15:00+00:00,0.3045304530453045,0.0,0.00241439859525895,1.0
2021-02-18 21:30:00+00:00,0.3052430243024302,0.0,0.002019315188762,1.0
2021-02-18 21:45:00+00:00,0.305955595559556,0.0,0.0016242317822651002,1.0
2021-02-18 22:00:00+00:00,0.3066681668166817,0.0,0.0012291483757682,1.0
2021-02-18 22:15:00+00:00,0.3061431143114311,0.0,0.00118525021949075,1.0
2021-02-18 22:30:00+00:00,0.3056180618061805,0.0,0.0011413520632133,1.0
2021-02-18 22:45:00+00:00,0.30509300930093,0.0,0.0010974539069358502,1.0
2021-02-18 23:00:00+00:00,0.3045679567956795,0.0,0.0010535557506584,1.0
2021-02-18 23:15:00+00:00,0.305524302430243,0.0,0.0010535557506584,1.0
2021-02-18 23:30:00+00:00,0.3064806480648064,0.0,0.0010535557506584,1.0
2021-02-18 23:45:00+00:00,0.30743699369936983,0.0,0.0010535557506584,1.0
2021-02-19 00:00:00+00:00,0.3083933393339333,0.0,0.0010535557506584,1.0
2021-02-19 00:15:00+00:00,0.3093215571557155,0.0,0.0010755048287971,1.0
2021-02-19 00:30:00+00:00,0.3102497749774977,0.0,0.0010974539069358,1.0
2021-02-19 00:45:00+00:00,0.31117799279927993,0.0,0.00111940298507455,1.0
2021-02-19 01:00:00+00:00,0.3121062106210621,0.0,0.0011413520632133,1.0
2021-02-19 01:15:00+00:00,0.31213433843384336,0.0,0.0011413520632133,1.0
2021-02-19 01:30:00+00:00,0.3121624662466246,0.0,0.0011413520632133,1.0
2021-02-19 01:45:00+00:00,0.3121905940594059,0.0,0.0011413520632133,1.0
2021-02-19 02:00:00+00:00,0.3122187218721872,0.0,0.0011413520632133,1.0
2021-02-19 02:15:00+00:00,0.3127062706270627,0.0,0.0011413520632133,1.0
2021-02-19 02:30:00+00:00,0.3131938193819382,0.0,0.0011413520632133,1.0
2021-02-19 02:45:00+00:00,0.3136813681368137,0.0,0.0011413520632133,1.0
2021-02-19 03:00:00+00:00,0.3141689168916892,0.0,0.0011413520632133,1.0
2021-02-19 03:15:00+00:00,0.31412203720372034,0.0,0.0011413520632133,1.0
2021-02-19 03:30:00+00:00,0.3140751575157515,0.0,0.0011413520632133,1.0
2021-02-19 03:45:00+00:00,0.3140282778277827,0.0,0.0011413520632133,1.0
2021-02-19 04:00:00+00:00,0.3139813981398139,0.0,0.0011413520632133,1.0
2021-02-19 04:15:00+00:00,0.3137938793879387,0.0,0.00111940298507455,1.0
2021-02-19 04:30:00+00:00,0.3136063606360635,0.0,0.0010974539069358,1.0
2021-02-19 04:45:00+00:00,0.31341884188418834,0.0,0.0010755048287971,1.0
2021-02-19 05:00:00+00:00,0.3132313231323132,0.0,0.0010535557506584,1.0
2021-02-19 05:15:00+00:00,0.3154909240924092,0.0,0.0010535557506584,1.0
2021-02-19 05:30:00+00:00,0.3177505250525052,0.0,0.0010535557506584,1.0
2021-02-19 05:45:00+00:00,0.32001012601260126,0.0,0.0010535557506584,1.0
2021-02-19 06:00:00+00:00,0.3222697269726973,0.0,0.0010535557506584,1.0
2021-02-19 06:15:00+00:00,0.32376987698769877,0.0,0.012050043898156199,1.0
2021-02-19 06:30:00+00:00,0.3252700270027002,0.0,0.023046532045654,1.0
2021-02-19 06:45:00+00:00,0.3267701770177017,0.0,0.0340430201931518,1.0
2021-02-19 07:00:00+00:00,0.3282703270327032,0.0,0.0450395083406496,1.0
2021-02-19 07:15:00+00:00,0.3259544704470446,0.0,0.0926470588235293,1.0
2021-02-19 07:30:00+00:00,0.3236386138613861,0.0,0.140254609306409,1.0
2021-02-19 07:45:00+00:00,0.32132275727572757,0.0,0.18786215978928877,1.0
2021-02-19 08:00:00+00:00,0.319006900690069,0.0,0.2354697102721685,1.0
2021-02-19 08:15:00+00:00,0.3189600210021002,0.0,0.28160667251975413,1.0
2021-02-19 08:30:00+00:00,0.3189131413141314,0.0,0.3277436347673397,1.0
2021-02-19 08:45:00+00:00,0.3188662616261626,0.0,0.3738805970149254,1.0
2021-02-19 09:00:00+00:00,0.3188193819381938,0.0,0.420017559262511,1.0
2021-02-19 09:15:00+00:00,0.32695769576957695,0.0,0.45164618086040387,1.0
2021-02-19 09:30:00+00:00,0.3350960096009601,0.0,0.4832748024582968,1.0
2021-02-19 09:45:00+00:00,0.34323432343234317,0.0,0.5149034240561896,1.0
2021-02-19 10:00:00+00:00,0.3513726372637263,0.0,0.5465320456540825,1.0
2021-02-19 10:15:00+00:00,0.36300817581758166,0.0,0.5619622475856014,1.0
2021-02-19 10:30:00+00:00,0.374643714371437,0.0,0.5773924495171203,1.0
2021-02-19 10:45:00+00:00,0.3862792529252924,0.0,0.5928226514486391,1.0
2021-02-19 11:00:00+00:00,0.3979147914791479,0.0,0.608252853380158,1.0
2021-02-19 11:15:00+00:00,0.402274602460246,0.0,0.6178007023705003,1.0
2021-02-19 11:30:00+00:00,0.4066344134413441,0.0,0.6273485513608428,1.0
2021-02-19 11:45:00+00:00,0.41099422442244227,0.0,0.6368964003511852,1.0
2021-02-19 12:00:00+00:00,0.4153540354035404,0.0,0.6464442493415277,1.0
2021-02-19 12:15:00+00:00,0.41586033603360334,0.0,0.651558384547849,1.0
2021-02-19 12:30:00+00:00,0.4163666366636663,0.0,0.6566725197541703,1.0
2021-02-19 12:45:00+00:00,0.4168729372937293,0.0,0.6617866549604916,1.0
2021-02-19 13:00:00+00:00,0.4173792379237924,0.0,0.666900790166813,1.0
2021-02-19 13:15:00+00:00,0.4182043204320432,0.0,0.6573968393327481,1.0
2021-02-19 13:30:00+00:00,0.419029402940294,0.0,0.6478928884986831,1.0
2021-02-19 13:45:00+00:00,0.41985448544854487,0.0,0.6383889376646181,1.0
2021-02-19 14:00:00+00:00,0.4206795679567957,0.0,0.6288849868305532,1.0
2021-02-19 14:15:00+00:00,0.4226203870387038,0.0,0.5991220368744513,1.0
2021-02-19 14:30:00+00:00,0.424561206120612,0.0,0.5693590869183495,1.0
2021-02-19 14:45:00+00:00,0.42650202520252023,0.0,0.5395961369622476,1.0
2021-02-19 15:00:00+00:00,0.4284428442844284,0.0,0.5098331870061458,1.0
2021-02-19 15:15:00+00:00,0.4287991299129913,0.0,0.45733099209833183,1.0
2021-02-19 15:30:00+00:00,0.4291554155415541,0.0,0.4048287971905179,1.0
2021-02-19 15:45:00+00:00,0.429511701170117,0.0,0.35232660228270407,1.0
2021-02-19 16:00:00+00:00,0.4298679867986799,0.0,0.2998244073748902,1.0
2021-02-19 16:15:00+00:00,0.4228641614161416,0.0,0.2438542581211588,1.0
2021-02-19 16:30:00+00:00,0.4158603360336033,0.0,0.1878841088674274,1.0
2021-02-19 16:45:00+00:00,0.40885651065106504,0.0,0.1319139596136961,1.0
2021-02-19 17:00:00+00:00,0.4018526852685268,0.0,0.0759438103599648,1.0
2021-02-19 17:15:00+00:00,0.40086821182118204,0.0,0.0619402985074626,1.0
2021-02-19 17:30:00+00:00,0.3998837383738373,0.0,0.0479367866549604,1.0
2021-02-19 17:45:00+00:00,0.3988992649264926,0.0,0.03393327480245825,1.0
2021-02-19 18:00:00+00:00,0.3979147914791479,0.0,0.0199297629499561,1.0
2021-02-19 18:15:00+00:00,0.399546204620462,0.0,0.017910447761194,1.0
2021-02-19 18:30:00+00:00,0.4011776177617761,0.0,0.0158911325724319,1.0
2021-02-19 18:45:00+00:00,0.4028090309030902,0.0,0.013871817383669851,1.0
2021-02-19 19:00:00+00:00,0.4044404440444044,0.0,0.0118525021949078,1.0
2021-02-19 19:15:00+00:00,0.4026590159015901,0.0,0.010952589991220351,1.0
2021-02-19 19:30:00+00:00,0.4008775877587758,0.0,0.0100526777875329,1.0
2021-02-19 19:45:00+00:00,0.39909615961596157,0.0,0.00915276558384545,1.0
2021-02-19 20:00:00+00:00,0.3973147314731473,0.0,0.008252853380158,1.0
2021-02-19 20:15:00+00:00,0.3961427392739274,0.0,0.007550482879719,1.0
2021-02-19 20:30:00+00:00,0.3949707470747075,0.0,0.00684811237928,1.0
2021-02-19 20:45:00+00:00,0.39379875487548754,0.0,0.00614574187884105,1.0
2021-02-19 21:00:00+00:00,0.3926267626762676,0.0,0.0054433713784021,1.0
2021-02-19 21:15:00+00:00,0.3970053255325532,0.0,0.0050921861281826,1.0
2021-02-19 21:30:00+00:00,0.4013838883888388,0.0,0.0047410008779631,1.0
2021-02-19 21:45:00+00:00,0.40576245124512444,0.0,0.0043898156277436,1.0
2021-02-19 22:00:00+00:00,0.4101410141014101,0.0,0.0040386303775241,1.0
2021-02-19 22:15:00+00:00,0.4089877737773777,0.0,0.00316066725197535,1.0
2021-02-19 22:30:00+00:00,0.4078345334533453,0.0,0.0022827041264266,1.0
2021-02-19 22:45:00+00:00,0.4066812931293129,0.0,0.0014047410008779003,1.0
2021-02-19 23:00:00+00:00,0.4055280528052805,0.0,0.0005267778753292,1.0
2021-02-19 23:15:00+00:00,0.3941456645664566,0.0,0.0005048287971904501,1.0
2021-02-19 23:30:00+00:00,0.3827632763276327,0.0,0.0004828797190517,1.0
2021-02-19 23:45:00+00:00,0.37138088808880887,0.0,0.000460930640913,1.0
2021-02-20 00:00:00+00:00,0.359998499849985,0.0,0.0004389815627743,1.0
2021-02-20 00:15:00+00:00,0.3575232523252325,0.0,0.0004389815627743,1.0
2021-02-20 00:30:00+00:00,0.35504800480048,0.0,0.0004389815627743,1.0
2021-02-20 00:45:00+00:00,0.35257275727572757,0.0,0.0004389815627743,1.0
2021-02-20 01:00:00+00:00,0.3500975097509751,0.0,0.0004389815627743,1.0
2021-02-20 01:15:00+00:00,0.3474628712871287,0.0,0.0004389815627743,1.0
2021-02-20 01:30:00+00:00,0.3448282328232823,0.0,0.0004389815627743,1.0
2021-02-20 01:45:00+00:00,0.34219359435943586,0.0,0.0004389815627743,1.0
2021-02-20 02:00:00+00:00,0.3395589558955895,0.0,0.0004389815627743,1.0
2021-02-20 02:15:00+00:00,0.3415185268526852,0.0,0.0004389815627743,1.0
2021-02-20 02:30:00+00:00,0.3434780978097809,0.0,0.0004389815627743,1.0
2021-02-20 02:45:00+00:00,0.34543766876687665,0.0,0.0004389815627743,1.0
2021-02-20 03:00:00+00:00,0.3473972397239724,0.0,0.0004389815627743,1.0
2021-02-20 03:15:00+00:00,0.349516201620162,0.0,0.0004389815627743,1.0
2021-02-20 03:30:00+00:00,0.3516351635163516,0.0,0.0004389815627743,1.0
2021-02-20 03:45:00+00:00,0.3537541254125412,0.0,0.0004389815627743,1.0
2021-02-20 04:00:00+00:00,0.3558730873087308,0.0,0.0004389815627743,1.0
2021-02-20 04:15:00+00:00,0.3604297929792979,0.0,0.00076821773485505,1.0
2021-02-20 04:30:00+00:00,0.364986498649865,0.0,0.0010974539069358,1.0
2021-02-20 04:45:00+00:00,0.3695432043204321,0.0,0.0014266900790166001,1.0
2021-02-20 05:00:00+00:00,0.3740999099909991,0.0,0.0017559262510974,1.0
2021-02-20 05:15:00+00:00,0.3836539903990399,0.0,0.0021949078138717502,1.0
2021-02-20 05:30:00+00:00,0.3932080708070807,0.0,0.0026338893766461,1.0
2021-02-20 05:45:00+00:00,0.4027621512151215,0.0,0.0030728709394205003,1.0
2021-02-20 06:00:00+00:00,0.4123162316231623,0.0,0.0035118525021949,1.0
2021-02-20 06:15:00+00:00,0.4185512301230123,0.0,0.0124012291483757,1.0
2021-02-20 06:30:00+00:00,0.4247862286228623,0.0,0.0212906057945565,1.0
2021-02-20 06:45:00+00:00,0.4310212271227123,0.0,0.0301799824407374,1.0
2021-02-20 07:00:00+00:00,0.4372562256225623,0.0,0.0390693590869183,1.0
2021-02-20 07:15:00+00:00,0.43930018001800175,0.0,0.07431957857769969,1.0
2021-02-20 07:30:00+00:00,0.4413441344134413,0.0,0.1095697980684811,1.0
2021-02-20 07:45:00+00:00,0.4433880888088808,0.0,0.1448200175592625,1.0
2021-02-20 08:00:00+00:00,0.4454320432043204,0.0,0.1800702370500439,1.0
2021-02-20 08:15:00+00:00,0.44711033603360334,0.0,0.2169227392449517,1.0
2021-02-20 08:30:00+00:00,0.4487886288628863,0.0,0.2537752414398595,1.0
2021-02-20 08:45:00+00:00,0.4504669216921692,0.0,0.2906277436347673,1.0
2021-02-20 09:00:00+00:00,0.4521452145214521,0.0,0.3274802458296751,1.0
2021-02-20 09:15:00+00:00,0.45600810081008103,0.0,0.35017559262510967,1.0
2021-02-20 09:30:00+00:00,0.4598709870987099,0.0,0.3728709394205443,1.0
2021-02-20 09:45:00+00:00,0.46373387338733874,0.0,0.3955662862159789,1.0
2021-02-20 10:00:00+00:00,0.4675967596759676,0.0,0.4182616330114135,1.0
2021-02-20 10:15:00+00:00,0.46531840684068404,0.0,0.42895083406496926,1.0
2021-02-20 10:30:00+00:00,0.4630400540054005,0.0,0.439640035118525,1.0
2021-02-20 10:45:00+00:00,0.460761701170117,0.0,0.45032923617208076,1.0
2021-02-20 11:00:00+00:00,0.4584833483348335,0.0,0.4610184372256365,1.0
2021-02-20 11:15:00+00:00,0.45754575457545754,0.0,0.4646619841966637,1.0
2021-02-20 11:30:00+00:00,0.4566081608160816,0.0,0.4683055311676909,1.0
2021-02-20 11:45:00+00:00,0.4556705670567056,0.0,0.4719490781387181,1.0
2021-02-20 12:00:00+00:00,0.4547329732973297,0.0,0.4755926251097453,1.0
2021-02-20 12:15:00+00:00,0.45190144014401434,0.0,0.47177348551360837,1.0
2021-02-20 12:30:00+00:00,0.449069906990699,0.0,0.4679543459174714,1.0
2021-02-20 12:45:00+00:00,0.4462383738373837,0.0,0.4641352063213345,1.0
2021-02-20 13:00:00+00:00,0.4434068406840684,0.0,0.4603160667251975,1.0
2021-02-20 13:15:00+00:00,0.43907515751575155,0.0,0.4482660228270412,1.0
2021-02-20 13:30:00+00:00,0.4347434743474347,0.0,0.436215978928885,1.0
2021-02-20 13:45:00+00:00,0.4304117911791179,0.0,0.4241659350307287,1.0
2021-02-20 14:00:00+00:00,0.4260801080108011,0.0,0.4121158911325724,1.0
2021-02-20 14:15:00+00:00,0.42636138613861385,0.0,0.3915276558384547,1.0
2021-02-20 14:30:00+00:00,0.4266426642664266,0.0,0.3709394205443371,1.0
2021-02-20 14:45:00+00:00,0.42692394239423936,0.0,0.35035118525021947,1.0
2021-02-20 15:00:00+00:00,0.4272052205220522,0.0,0.3297629499561018,1.0
2021-02-20 15:15:00+00:00,0.43866261626162617,0.0,0.2884108867427567,1.0
2021-02-20 15:30:00+00:00,0.4501200120012001,0.0,0.2470588235294117,1.0
2021-02-20 15:45:00+00:00,0.46157740774077405,0.0,0.2057067603160667,1.0
2021-02-20 16:00:00+00:00,0.473034803480348,0.0,0.1643546971027217,1.0
2021-02-20 16:15:00+00:00,0.47999174917491744,0.0,0.13112379280070235,1.0
2021-02-20 16:30:00+00:00,0.4869486948694869,0.0,0.097892888498683,1.0
2021-02-20 16:45:00+00:00,0.4939056405640564,0.0,0.06466198419666369,1.0
2021-02-20 17:00:00+00:00,0.5008625862586259,0.0,0.0314310798946444,1.0
2021-02-20 17:15:00+00:00,0.505653690369037,0.0,0.0249341527655838,1.0
2021-02-20 17:30:00+00:00,0.5104447944794479,0.0,0.0184372256365232,1.0
2021-02-20 17:45:00+00:00,0.515235898589859,0.0,0.01194029850746265,1.0
2021-02-20 18:00:00+00:00,0.52002700270027,0.0,0.0054433713784021,1.0
2021-02-20 18:15:00+00:00,0.5204489198919892,0.0,0.00533362598770845,1.0
2021-02-20 18:30:00+00:00,0.5208708370837083,0.0,0.0052238805970148,1.0
2021-02-20 18:45:00+00:00,0.5212927542754275,0.0,0.00511413520632125,1.0
2021-02-20 19:00:00+00:00,0.5217146714671467,0.0,0.0050043898156277,1.0
2021-02-20 19:15:00+00:00,0.5222022202220222,0.0,0.00496049165935025,1.0
2021-02-20 19:30:00+00:00,0.5226897689768977,0.0,0.0049165935030728,1.0
2021-02-20 19:45:00+00:00,0.5231773177317731,0.0,0.00487269534679535,1.0
2021-02-20 20:00:00+00:00,0.5236648664866487,0.0,0.0048287971905179,1.0
2021-02-20 20:15:00+00:00,0.5214896489648966,0.0,0.00392888498683045,1.0
2021-02-20 20:30:00+00:00,0.5193144314431444,0.0,0.003028972783143,1.0
2021-02-20 20:45:00+00:00,0.5171392139213922,0.0,0.0021290605794556,1.0
2021-02-20 21:00:00+00:00,0.51496399639964,0.0,0.0012291483757682,1.0
2021-02-20 21:15:00+00:00,0.5142795529552955,0.0,0.0009877085162423001,1.0
2021-02-20 21:30:00+00:00,0.5135951095109511,0.0,0.0007462686567164,1.0
2021-02-20 21:45:00+00:00,0.5129106660666067,0.0,0.0005048287971905,1.0
2021-02-20 22:00:00+00:00,0.5122262226222623,0.0,0.0002633889376646,1.0
2021-02-20 22:15:00+00:00,0.5067319231923193,0.0,0.0002633889376646,1.0
2021-02-20 22:30:00+00:00,0.5012376237623762,0.0,0.0002633889376646,1.0
2021-02-20 22:45:00+00:00,0.49574332433243323,0.0,0.0002633889376646,1.0
2021-02-20 23:00:00+00:00,0.4902490249024902,0.0,0.0002633889376646,1.0
2021-02-20 23:15:00+00:00,0.47747899789979,0.0,0.0002633889376646,1.0
2021-02-20 23:30:00+00:00,0.4647089708970897,0.0,0.0002633889376646,1.0
2021-02-20 23:45:00+00:00,0.45193894389438943,0.0,0.0002633889376646,1.0
2021-02-21 00:00:00+00:00,0.4391689168916892,0.0,0.0002633889376646,1.0
2021-02-21 00:15:00+00:00,0.4287241224122412,0.0,0.0002633889376646,1.0
2021-02-21 00:30:00+00:00,0.4182793279327933,0.0,0.0002633889376646,1.0
2021-02-21 00:45:00+00:00,0.40783453345334536,0.0,0.0002633889376646,1.0
2021-02-21 01:00:00+00:00,0.3973897389738974,0.0,0.0002633889376646,1.0
2021-02-21 01:15:00+00:00,0.3900483798379838,0.0,0.0002633889376646,1.0
2021-02-21 01:30:00+00:00,0.3827070207020702,0.0,0.0002633889376646,1.0
2021-02-21 01:45:00+00:00,0.3753656615661566,0.0,0.0002633889376646,1.0
2021-02-21 02:00:00+00:00,0.368024302430243,0.0,0.0002633889376646,1.0
2021-02-21 02:15:00+00:00,0.36388013801380126,0.0,0.0002633889376646,1.0
2021-02-21 02:30:00+00:00,0.3597359735973596,0.0,0.0002633889376646,1.0
2021-02-21 02:45:00+00:00,0.355591809180918,0.0,0.0002633889376646,1.0
2021-02-21 03:00:00+00:00,0.3514476447644764,0.0,0.0002633889376646,1.0
2021-02-21 03:15:00+00:00,0.35069756975697564,0.0,0.0002633889376646,1.0
2021-02-21 03:30:00+00:00,0.3499474947494749,0.0,0.0002633889376646,1.0
2021-02-21 03:45:00+00:00,0.34919741974197416,0.0,0.0002633889376646,1.0
2021-02-21 04:00:00+00:00,0.3484473447344735,0.0,0.0002633889376646,1.0
2021-02-21 04:15:00+00:00,0.34960058505850583,0.0,0.00024143985952585,1.0
2021-02-21 04:30:00+00:00,0.3507538253825382,0.0,0.0002194907813871,1.0
2021-02-21 04:45:00+00:00,0.3519070657065706,0.0,0.0001975417032484,1.0
2021-02-21 05:00:00+00:00,0.353060306030603,0.0,0.0001755926251097,1.0
2021-02-21 05:15:00+00:00,0.3539791479147914,0.0,0.0001755926251097,1.0
2021-02-21 05:30:00+00:00,0.3548979897989798,0.0,0.0001755926251097,1.0
2021-02-21 05:45:00+00:00,0.35581683168316824,0.0,0.0001755926251097,1.0
2021-02-21 06:00:00+00:00,0.3567356735673567,0.0,0.0001755926251097,1.0
2021-02-21 06:15:00+00:00,0.3604954245424542,0.0,0.0022388059701492,1.0
2021-02-21 06:30:00+00:00,0.3642551755175517,0.0,0.0043020193151887,1.0
2021-02-21 06:45:00+00:00,0.3680149264926492,0.0,0.0063652326602282,1.0
2021-02-21 07:00:00+00:00,0.3717746774677468,0.0,0.0084284460052677,1.0
2021-02-21 07:15:00+00:00,0.37427805280528054,0.0,0.015956979806848,1.0
2021-02-21 07:30:00+00:00,0.3767814281428143,0.0,0.0234855136084283,1.0
2021-02-21 07:45:00+00:00,0.37928480348034804,0.0,0.0310140474100087,1.0
2021-02-21 08:00:00+00:00,0.3817881788178818,0.0,0.0385425812115891,1.0
2021-02-21 08:15:00+00:00,0.3835977347734773,0.0,0.0474758560140474,1.0
2021-02-21 08:30:00+00:00,0.3854072907290728,0.0,0.0564091308165057,1.0
2021-02-21 08:45:00+00:00,0.3872168466846684,0.0,0.065342405618964,1.0
2021-02-21 09:00:00+00:00,0.389026402640264,0.0,0.0742756804214223,1.0
2021-02-21 09:15:00+00:00,0.3907890789078907,0.0,0.08593064091308164,1.0
2021-02-21 09:30:00+00:00,0.3925517551755175,0.0,0.097585601404741,1.0
2021-02-21 09:45:00+00:00,0.39431443144314426,0.0,0.10924056189640036,1.0
2021-02-21 10:00:00+00:00,0.3960771077107711,0.0,0.1208955223880597,1.0
2021-02-21 10:15:00+00:00,0.39485823582358237,0.0,0.1245610184372256,1.0
2021-02-21 10:30:00+00:00,0.3936393639363936,0.0,0.1282265144863915,1.0
2021-02-21 10:45:00+00:00,0.3924204920492049,0.0,0.13189201053555746,1.0
2021-02-21 11:00:00+00:00,0.3912016201620162,0.0,0.1355575065847234,1.0
2021-02-21 11:15:00+00:00,0.38664491449144917,0.0,0.13922300263388937,1.0
2021-02-21 11:30:00+00:00,0.3820882088208821,0.0,0.1428884986830553,1.0
2021-02-21 11:45:00+00:00,0.37753150315031503,0.0,0.14655399473222125,1.0
2021-02-21 12:00:00+00:00,0.372974797479748,0.0,0.1502194907813872,1.0
2021-02-21 12:15:00+00:00,0.3742030453045304,0.0,0.14877085162423176,1.0
2021-02-21 12:30:00+00:00,0.3754312931293129,0.0,0.1473222124670763,1.0
2021-02-21 12:45:00+00:00,0.3766595409540954,0.0,0.1458735733099209,1.0
2021-02-21 13:00:00+00:00,0.3778877887788779,0.0,0.1444249341527655,1.0
2021-02-21 13:15:00+00:00,0.3782440744074408,0.0,0.14229587357330986,1.0
2021-02-21 13:30:00+00:00,0.3786003600360036,0.0,0.1401668129938542,1.0
2021-02-21 13:45:00+00:00,0.37895664566456644,0.0,0.13803775241439853,1.0
2021-02-21 14:00:00+00:00,0.3793129312931293,0.0,0.1359086918349429,1.0
2021-02-21 14:15:00+00:00,0.3777471497149715,0.0,0.13081650570676023,1.0
2021-02-21 14:30:00+00:00,0.3761813681368137,0.0,0.1257243195785776,1.0
2021-02-21 14:45:00+00:00,0.37461558655865584,0.0,0.120632133450395,1.0
2021-02-21 15:00:00+00:00,0.373049804980498,0.0,0.1155399473222124,1.0
2021-02-21 15:15:00+00:00,0.37109960996099606,0.0,0.10581650570676025,1.0
2021-02-21 15:30:00+00:00,0.3691494149414941,0.0,0.0960930640913081,1.0
2021-02-21 15:45:00+00:00,0.36719921992199217,0.0,0.08636962247585594,1.0
2021-02-21 16:00:00+00:00,0.3652490249024902,0.0,0.0766461808604038,1.0
2021-02-21 16:15:00+00:00,0.3619205670567056,0.0,0.0632791922739244,1.0
2021-02-21 16:30:00+00:00,0.358592109210921,0.0,0.049912203687445,1.0
2021-02-21 16:45:00+00:00,0.35526365136513643,0.0,0.036545215100965645,1.0
2021-02-21 17:00:00+00:00,0.3519351935193519,0.0,0.0231782265144863,1.0
2021-02-21 17:15:00+00:00,0.35223522352235215,0.0,0.01769095697980675,1.0
2021-02-21 17:30:00+00:00,0.3525352535253525,0.0,0.0122036874451272,1.0
2021-02-21 17:45:00+00:00,0.3528352835283528,0.0,0.0067164179104477004,1.0
2021-02-21 18:00:00+00:00,0.3531353135313531,0.0,0.0012291483757682,1.0
2021-02-21 18:15:00+00:00,0.3583389588958895,0.0,0.0009877085162423001,1.0
2021-02-21 18:30:00+00:00,0.3635426042604259,0.0,0.0007462686567164,1.0
2021-02-21 18:45:00+00:00,0.3687462496249624,0.0,0.0005048287971905,1.0
2021-02-21 19:00:00+00:00,0.3739498949894989,0.0,0.0002633889376646,1.0
2021-02-21 19:15:00+00:00,0.376284503450345,0.0,0.0002633889376646,1.0
2021-02-21 19:30:00+00:00,0.3786191119111911,0.0,0.0002633889376646,1.0
2021-02-21 19:45:00+00:00,0.3809537203720372,0.0,0.0002633889376646,1.0
2021-02-21 20:00:00+00:00,0.3832883288328833,0.0,0.0002633889376646,1.0
2021-02-21 20:15:00+00:00,0.3828570357035703,0.0,0.0002633889376646,1.0
2021-02-21 20:30:00+00:00,0.3824257425742574,0.0,0.0002633889376646,1.0
2021-02-21 20:45:00+00:00,0.3819944494449445,0.0,0.0002633889376646,1.0
2021-02-21 21:00:00+00:00,0.3815631563156316,0.0,0.0002633889376646,1.0
2021-02-21 21:15:00+00:00,0.3809349684968497,0.0,0.0002853380158033,1.0
2021-02-21 21:30:00+00:00,0.3803067806780678,0.0,0.000307287093942,1.0
2021-02-21 21:45:00+00:00,0.3796785928592859,0.0,0.0003292361720807,1.0
2021-02-21 22:00:00+00:00,0.379050405040504,0.0,0.0003511852502194,1.0
2021-02-21 22:15:00+00:00,0.3824444944494449,0.0,0.0003511852502194,1.0
2021-02-21 22:30:00+00:00,0.3858385838583858,0.0,0.0003511852502194,1.0
2021-02-21 22:45:00+00:00,0.3892326732673267,0.0,0.0003511852502194,1.0
2021-02-21 23:00:00+00:00,0.3926267626762676,0.0,0.0003511852502194,1.0
2021-02-21 23:15:00+00:00,0.39395814581458144,0.0,0.0003511852502194,1.0
2021-02-21 23:30:00+00:00,0.3952895289528952,0.0,0.0003511852502194,1.0
2021-02-21 23:45:00+00:00,0.3966209120912091,0.0,0.0003511852502194,1.0
2021-02-22 00:00:00+00:00,0.3979522952295229,0.0,0.0003511852502194,1.0
2021-02-22 00:15:00+00:00,0.3864198919891989,0.0,0.0003511852502194,1.0
2021-02-22 00:30:00+00:00,0.3748874887488749,0.0,0.0003511852502194,1.0
2021-02-22 00:45:00+00:00,0.3633550855085509,0.0,0.0003511852502194,1.0
2021-02-22 01:00:00+00:00,0.3518226822682268,0.0,0.0003511852502194,1.0
2021-02-22 01:15:00+00:00,0.3457001950195019,0.0,0.0003511852502194,1.0
2021-02-22 01:30:00+00:00,0.339577707770777,0.0,0.0003511852502194,1.0
2021-02-22 01:45:00+00:00,0.3334552205220521,0.0,0.0003511852502194,1.0
2021-02-22 02:00:00+00:00,0.3273327332733273,0.0,0.0003511852502194,1.0
2021-02-22 02:15:00+00:00,0.324304305430543,0.0,0.0003511852502194,1.0
2021-02-22 02:30:00+00:00,0.3212758775877588,0.0,0.0003511852502194,1.0
2021-02-22 02:45:00+00:00,0.3182474497449745,0.0,0.0003511852502194,1.0
2021-02-22 03:00:00+00:00,0.3152190219021902,0.0,0.0003511852502194,1.0
2021-02-22 03:15:00+00:00,0.3234792229222922,0.0,0.0003511852502194,1.0
2021-02-22 03:30:00+00:00,0.3317394239423942,0.0,0.0003511852502194,1.0
2021-02-22 03:45:00+00:00,0.3399996249624962,0.0,0.0003511852502194,1.0
2021-02-22 04:00:00+00:00,0.3482598259825982,0.0,0.0003511852502194,1.0
2021-02-22 04:15:00+00:00,0.3553480348034803,0.0,0.00041703248463555,1.0
2021-02-22 04:30:00+00:00,0.3624362436243624,0.0,0.0004828797190517,1.0
2021-02-22 04:45:00+00:00,0.3695244524452445,0.0,0.0005487269534678999,1.0
2021-02-22 05:00:00+00:00,0.3766126612661266,0.0,0.0006145741878841,1.0
2021-02-22 05:15:00+00:00,0.37577820282028196,0.0,0.00070237050043895,1.0
2021-02-22 05:30:00+00:00,0.3749437443744374,0.0,0.0007901668129938,1.0
2021-02-22 05:45:00+00:00,0.3741092859285928,0.0,0.0008779631255486501,1.0
2021-02-22 06:00:00+00:00,0.3732748274827482,0.0,0.0009657594381035,1.0
2021-02-22 06:15:00+00:00,0.3666835433543354,0.0,0.010294117647058749,1.0
2021-02-22 06:30:00+00:00,0.3600922592259226,0.0,0.019622475856014,1.0
2021-02-22 06:45:00+00:00,0.3535009750975098,0.0,0.028950834064969247,1.0
2021-02-22 07:00:00+00:00,0.3469096909690969,0.0,0.0382791922739245,1.0
2021-02-22 07:15:00+00:00,0.3434874737473747,0.0,0.08075065847234414,1.0
2021-02-22 07:30:00+00:00,0.3400652565256525,0.0,0.1232221246707638,1.0
2021-02-22 07:45:00+00:00,0.33664303930393036,0.0,0.16569359086918345,1.0
2021-02-22 08:00:00+00:00,0.3332208220822082,0.0,0.2081650570676031,1.0
2021-02-22 08:15:00+00:00,0.33009863486348634,0.0,0.24607111501316942,1.0
2021-02-22 08:30:00+00:00,0.3269764476447644,0.0,0.2839771729587357,1.0
2021-02-22 08:45:00+00:00,0.3238542604260426,0.0,0.32188323090430204,1.0
2021-02-22 09:00:00+00:00,0.3207320732073207,0.0,0.3597892888498683,1.0
2021-02-22 09:15:00+00:00,0.3173754875487549,0.0,0.39139596136962246,1.0
2021-02-22 09:30:00+00:00,0.314018901890189,0.0,0.4230026338893766,1.0
2021-02-22 09:45:00+00:00,0.31066231623162316,0.0,0.4546093064091308,1.0
2021-02-22 10:00:00+00:00,0.3073057305730573,0.0,0.4862159789288849,1.0
2021-02-22 10:15:00+00:00,0.3049711221122112,0.0,0.508955223880597,1.0
2021-02-22 10:30:00+00:00,0.3026365136513651,0.0,0.531694468832309,1.0
2021-02-22 10:45:00+00:00,0.300301905190519,0.0,0.554433713784021,1.0
2021-02-22 11:00:00+00:00,0.297967296729673,0.0,0.577172958735733,1.0
2021-02-22 11:15:00+00:00,0.2956139363936393,0.0,0.5745390693590868,1.0
2021-02-22 11:30:00+00:00,0.2932605760576057,0.0,0.5719051799824407,1.0
2021-02-22 11:45:00+00:00,0.2909072157215721,0.0,0.5692712906057946,1.0
2021-02-22 12:00:00+00:00,0.2885538553855385,0.0,0.5666374012291484,1.0
2021-02-22 12:15:00+00:00,0.28284390939093906,0.0,0.561215978928885,1.0
2021-02-22 12:30:00+00:00,0.2771339633963396,0.0,0.5557945566286215,1.0
2021-02-22 12:45:00+00:00,0.27142401740174016,0.0,0.5503731343283582,1.0
2021-02-22 13:00:00+00:00,0.2657140714071407,0.0,0.5449517120280948,1.0
2021-02-22 13:15:00+00:00,0.2616636663666366,0.0,0.5353380158033363,1.0
2021-02-22 13:30:00+00:00,0.2576132613261326,0.0,0.5257243195785777,1.0
2021-02-22 13:45:00+00:00,0.2535628562856286,0.0,0.5161106233538191,1.0
2021-02-22 14:00:00+00:00,0.2495124512451245,0.0,0.5064969271290606,1.0
2021-02-22 14:15:00+00:00,0.24662466246624654,0.0,0.49506145741878843,1.0
2021-02-22 14:30:00+00:00,0.2437368736873686,0.0,0.4836259877085163,1.0
2021-02-22 14:45:00+00:00,0.24084908490849075,0.0,0.4721905179982441,1.0
2021-02-22 15:00:00+00:00,0.2379612961296129,0.0,0.4607550482879719,1.0
2021-02-22 15:15:00+00:00,0.23026365136513643,0.0,0.43323090430201927,1.0
2021-02-22 15:30:00+00:00,0.22256600660066,0.0,0.4057067603160667,1.0
2021-02-22 15:45:00+00:00,0.21486836183618355,0.0,0.3781826163301141,1.0
2021-02-22 16:00:00+00:00,0.2071707170717071,0.0,0.3506584723441615,1.0
2021-02-22 16:15:00+00:00,0.2002700270027002,0.0,0.2964223002633889,1.0
2021-02-22 16:30:00+00:00,0.1933693369336933,0.0,0.2421861281826163,1.0
2021-02-22 16:45:00+00:00,0.1864686468646864,0.0,0.1879499561018437,1.0
2021-02-22 17:00:00+00:00,0.1795679567956795,0.0,0.1337137840210711,1.0
2021-02-22 17:15:00+00:00,0.1783959645964596,0.0,0.10858208955223875,1.0
2021-02-22 17:30:00+00:00,0.1772239723972397,0.0,0.0834503950834064,1.0
2021-02-22 17:45:00+00:00,0.1760519801980198,0.0,0.0583187006145741,1.0
2021-02-22 18:00:00+00:00,0.1748799879987999,0.0,0.0331870061457418,1.0
2021-02-22 18:15:00+00:00,0.17186093609360936,0.0,0.0310359964881474,1.0
2021-02-22 18:30:00+00:00,0.1688418841884188,0.0,0.028884986830553,1.0
2021-02-22 18:45:00+00:00,0.1658228322832283,0.0,0.02673397717295865,1.0
2021-02-22 19:00:00+00:00,0.1628037803780378,0.0,0.0245829675153643,1.0
2021-02-22 19:15:00+00:00,0.16105985598559855,0.0,0.022805092186128098,1.0
2021-02-22 19:30:00+00:00,0.1593159315931593,0.0,0.0210272168568919,1.0
2021-02-22 19:45:00+00:00,0.15757200720072007,0.0,0.019249341527655752,1.0
2021-02-22 20:00:00+00:00,0.1558280828082808,0.0,0.0174714661984196,1.0
2021-02-22 20:15:00+00:00,0.1544123162316231,0.0,0.0160447761194029,1.0
2021-02-22 20:30:00+00:00,0.1529965496549654,0.0,0.0146180860403862,1.0
2021-02-22 20:45:00+00:00,0.15158078307830775,0.0,0.01319139596136955,1.0
2021-02-22 21:00:00+00:00,0.1501650165016501,0.0,0.0117647058823529,1.0
2021-02-22 21:15:00+00:00,0.14901177617761768,0.0,0.010820895522388,1.0
2021-02-22 21:30:00+00:00,0.1478585358535853,0.0,0.0098770851624231,1.0
2021-02-22 21:45:00+00:00,0.14670529552955291,0.0,0.008933274802458249,1.0
2021-02-22 22:00:00+00:00,0.1455520552055205,0.0,0.0079894644424934,1.0
2021-02-22 22:15:00+00:00,0.1468834383438343,0.0,0.007638279192273849,1.0
2021-02-22 22:30:00+00:00,0.1482148214821481,0.0,0.0072870939420543,1.0
2021-02-22 22:45:00+00:00,0.14954620462046195,0.0,0.00693590869183485,1.0
2021-02-22 23:00:00+00:00,0.1508775877587758,0.0,0.0065847234416154,1.0
2021-02-22 23:15:00+00:00,0.1508025802580257,0.0,0.00592625109745385,1.0
2021-02-22 23:30:00+00:00,0.1507275727572756,0.0,0.0052677787532923,1.0
2021-02-22 23:45:00+00:00,0.15065256525652554,0.0,0.00460930640913075,1.0
2021-02-23 00:00:00+00:00,0.1505775577557755,0.0,0.0039508340649692,1.0
2021-02-23 00:15:00+00:00,0.1519183168316831,0.0,0.0038630377524143,1.0
2021-02-23 00:30:00+00:00,0.1532590759075907,0.0,0.0037752414398594,1.0
2021-02-23 00:45:00+00:00,0.1545998349834983,0.0,0.00368744512730455,1.0
2021-02-23 01:00:00+00:00,0.1559405940594059,0.0,0.0035996488147497,1.0
2021-02-23 01:15:00+00:00,0.15757200720072,0.0,0.0035118525021948,1.0
2021-02-23 01:30:00+00:00,0.1592034203420341,0.0,0.0034240561896399,1.0
2021-02-23 01:45:00+00:00,0.16083483348334826,0.0,0.00333625987708505,1.0
2021-02-23 02:00:00+00:00,0.1624662466246624,0.0,0.0032484635645302,1.0
2021-02-23 02:15:00+00:00,0.1646133363336333,0.0,0.00296312554872685,1.0
2021-02-23 02:30:00+00:00,0.1667604260426042,0.0,0.0026777875329235,1.0
2021-02-23 02:45:00+00:00,0.1689075157515751,0.0,0.0023924495171202,1.0
2021-02-23 03:00:00+00:00,0.171054605460546,0.0,0.0021071115013169,1.0
2021-02-23 03:15:00+00:00,0.1739798979897989,0.0,0.0020851624231781503,1.0
2021-02-23 03:30:00+00:00,0.1769051905190518,0.0,0.0020632133450394,1.0
2021-02-23 03:45:00+00:00,0.17983048304830473,0.0,0.0020412642669007004,1.0
2021-02-23 04:00:00+00:00,0.1827557755775577,0.0,0.002019315188762,1.0
2021-02-23 04:15:00+00:00,0.18622487248724867,0.0,0.002019315188762,1.0
2021-02-23 04:30:00+00:00,0.1896939693969396,0.0,0.002019315188762,1.0
2021-02-23 04:45:00+00:00,0.1931630663066306,0.0,0.002019315188762,1.0
2021-02-23 05:00:00+00:00,0.1966321632163216,0.0,0.002019315188762,1.0
2021-02-23 05:15:00+00:00,0.197785403540354,0.0,0.002019315188762,1.0
2021-02-23 05:30:00+00:00,0.1989386438643864,0.0,0.002019315188762,1.0
2021-02-23 05:45:00+00:00,0.20009188418841878,0.0,0.002019315188762,1.0
2021-02-23 06:00:00+00:00,0.2012451245124512,0.0,0.002019315188762,1.0
2021-02-23 06:15:00+00:00,0.20147952295229513,0.0,0.0183494293239683,1.0
2021-02-23 06:30:00+00:00,0.2017139213921391,0.0,0.0346795434591746,1.0
2021-02-23 06:45:00+00:00,0.20194831983198308,0.0,0.05100965759438095,1.0
2021-02-23 07:00:00+00:00,0.2021827182718271,0.0,0.0673397717295873,1.0
2021-02-23 07:15:00+00:00,0.20173267326732663,0.0,0.1307726075504828,1.0
2021-02-23 07:30:00+00:00,0.2012826282628262,0.0,0.1942054433713783,1.0
2021-02-23 07:45:00+00:00,0.20083258325832576,0.0,0.25763827919227383,1.0
2021-02-23 08:00:00+00:00,0.2003825382538253,0.0,0.3210711150131694,1.0
2021-02-23 08:15:00+00:00,0.20265151515151503,0.0,0.3776119402985074,1.0
2021-02-23 08:30:00+00:00,0.2049204920492048,0.0,0.4341527655838454,1.0
2021-02-23 08:45:00+00:00,0.2071894689468946,0.0,0.49069359086918346,1.0
2021-02-23 09:00:00+00:00,0.2094584458445844,0.0,0.5472344161545215,1.0
2021-02-23 09:15:00+00:00,0.21747487248724864,0.0,0.5815847234416155,1.0
2021-02-23 09:30:00+00:00,0.2254912991299129,0.0,0.6159350307287095,1.0
2021-02-23 09:45:00+00:00,0.2335077257725772,0.0,0.6502853380158033,1.0
2021-02-23 10:00:00+00:00,0.2415241524152415,0.0,0.6846356453028973,1.0
2021-02-23 10:15:00+00:00,0.25150952595259524,0.0,0.6936567164179105,1.0
2021-02-23 10:30:00+00:00,0.261494899489949,0.0,0.7026777875329236,1.0
2021-02-23 10:45:00+00:00,0.2714802730273027,0.0,0.7116988586479368,1.0
2021-02-23 11:00:00+00:00,0.2814656465646564,0.0,0.72071992976295,1.0
2021-02-23 11:15:00+00:00,0.2872787278727872,0.0,0.7214661984196664,1.0
2021-02-23 11:30:00+00:00,0.293091809180918,0.0,0.7222124670763828,1.0
2021-02-23 11:45:00+00:00,0.29890489048904884,0.0,0.7229587357330992,1.0
2021-02-23 12:00:00+00:00,0.3047179717971797,0.0,0.7237050043898157,1.0
2021-02-23 12:15:00+00:00,0.30854335433543356,0.0,0.7209394205443371,1.0
2021-02-23 12:30:00+00:00,0.3123687368736874,0.0,0.7181738366988586,1.0
2021-02-23 12:45:00+00:00,0.3161941194119412,0.0,0.7154082528533801,1.0
2021-02-23 13:00:00+00:00,0.320019501950195,0.0,0.7126426690079016,1.0
2021-02-23 13:15:00+00:00,0.32314168916891683,0.0,0.7039947322212468,1.0
2021-02-23 13:30:00+00:00,0.3262638763876387,0.0,0.6953467954345918,1.0
2021-02-23 13:45:00+00:00,0.3293860636063606,0.0,0.6866988586479368,1.0
2021-02-23 14:00:00+00:00,0.3325082508250825,0.0,0.6780509218612818,1.0
2021-02-23 14:15:00+00:00,0.33379275427542754,0.0,0.6668568920105356,1.0
2021-02-23 14:30:00+00:00,0.3350772577257725,0.0,0.6556628621597893,1.0
2021-02-23 14:45:00+00:00,0.33636176117611755,0.0,0.6444688323090431,1.0
2021-02-23 15:00:00+00:00,0.3376462646264626,0.0,0.6332748024582967,1.0
2021-02-23 15:15:00+00:00,0.331786303630363,0.0,0.5964661984196664,1.0
2021-02-23 15:30:00+00:00,0.3259263426342634,0.0,0.559657594381036,1.0
2021-02-23 15:45:00+00:00,0.3200663816381638,0.0,0.5228489903424056,1.0
2021-02-23 16:00:00+00:00,0.3142064206420642,0.0,0.4860403863037752,1.0
2021-02-23 16:15:00+00:00,0.31006225622562256,0.0,0.41229148375768215,1.0
2021-02-23 16:30:00+00:00,0.3059180918091809,0.0,0.3385425812115891,1.0
2021-02-23 16:45:00+00:00,0.3017739273927392,0.0,0.264793678665496,1.0
2021-02-23 17:00:00+00:00,0.2976297629762976,0.0,0.191044776119403,1.0
2021-02-23 17:15:00+00:00,0.3026177617761776,0.0,0.15759438103599643,1.0
2021-02-23 17:30:00+00:00,0.3076057605760576,0.0,0.1241439859525899,1.0
2021-02-23 17:45:00+00:00,0.3125937593759376,0.0,0.0906935908691834,1.0
2021-02-23 18:00:00+00:00,0.3175817581758176,0.0,0.0572431957857769,1.0
2021-02-23 18:15:00+00:00,0.325513801380138,0.0,0.05478489903424045,1.0
2021-02-23 18:30:00+00:00,0.3334458445844585,0.0,0.052326602282704,1.0
2021-02-23 18:45:00+00:00,0.34137788778877887,0.0,0.0498683055311676,1.0
2021-02-23 19:00:00+00:00,0.3493099309930993,0.0,0.0474100087796312,1.0
2021-02-23 19:15:00+00:00,0.3544010651065106,0.0,0.0461150131694468,1.0
2021-02-23 19:30:00+00:00,0.3594921992199219,0.0,0.0448200175592624,1.0
2021-02-23 19:45:00+00:00,0.36458333333333326,0.0,0.04352502194907805,1.0
2021-02-23 20:00:00+00:00,0.3696744674467446,0.0,0.0422300263388937,1.0
2021-02-23 20:15:00+00:00,0.3710058505850584,0.0,0.0401668129938542,1.0
2021-02-23 20:30:00+00:00,0.3723372337233723,0.0,0.0381035996488147,1.0
2021-02-23 20:45:00+00:00,0.3736686168616862,0.0,0.0360403863037752,1.0
2021-02-23 21:00:00+00:00,0.375,0.0,0.0339771729587357,1.0
2021-02-23 21:15:00+00:00,0.3808974647464747,0.0,0.030443371378402053,1.0
2021-02-23 21:30:00+00:00,0.3867949294929493,0.0,0.0269095697980684,1.0
2021-02-23 21:45:00+00:00,0.3926923942394239,0.0,0.0233757682177348,1.0
2021-02-23 22:00:00+00:00,0.3985898589858986,0.0,0.0198419666374012,1.0
2021-02-23 22:15:00+00:00,0.4049186168616862,0.0,0.0176909569798068,1.0
2021-02-23 22:30:00+00:00,0.4112473747374737,0.0,0.0155399473222124,1.0
2021-02-23 22:45:00+00:00,0.4175761326132613,0.0,0.01338893766461805,1.0
2021-02-23 23:00:00+00:00,0.4239048904890489,0.0,0.0112379280070237,1.0
2021-02-23 23:15:00+00:00,0.4234454695469546,0.0,0.00939420544337135,1.0
2021-02-23 23:30:00+00:00,0.4229860486048604,0.0,0.007550482879719,1.0
2021-02-23 23:45:00+00:00,0.42252662766276616,0.0,0.00570676031606665,1.0
2021-02-24 00:00:00+00:00,0.422067206720672,0.0,0.0038630377524143,1.0
2021-02-24 00:15:00+00:00,0.42245162016201615,0.0,0.00366549604916585,1.0
2021-02-24 00:30:00+00:00,0.4228360336033603,0.0,0.0034679543459174,1.0
2021-02-24 00:45:00+00:00,0.42322044704470446,0.0,0.0032704126426689496,1.0
2021-02-24 01:00:00+00:00,0.4236048604860486,0.0,0.0030728709394205,1.0
2021-02-24 01:15:00+00:00,0.42237661266126614,0.0,0.0030728709394205,1.0
2021-02-24 01:30:00+00:00,0.4211483648364836,0.0,0.0030728709394205,1.0
2021-02-24 01:45:00+00:00,0.4199201170117012,0.0,0.0030728709394205,1.0
2021-02-24 02:00:00+00:00,0.4186918691869187,0.0,0.0030728709394205,1.0
2021-02-24 02:15:00+00:00,0.41690106510651065,0.0,0.0030728709394205,1.0
2021-02-24 02:30:00+00:00,0.4151102610261026,0.0,0.0030728709394205,1.0
2021-02-24 02:45:00+00:00,0.41331945694569455,0.0,0.0030728709394205,1.0
2021-02-24 03:00:00+00:00,0.4115286528652865,0.0,0.0030728709394205,1.0
2021-02-24 03:15:00+00:00,0.413300705070507,0.0,0.0030728709394205,1.0
2021-02-24 03:30:00+00:00,0.4150727572757275,0.0,0.0030728709394205,1.0
2021-02-24 03:45:00+00:00,0.41684480948094804,0.0,0.0030728709394205,1.0
2021-02-24 04:00:00+00:00,0.4186168616861686,0.0,0.0030728709394205,1.0
2021-02-24 04:15:00+00:00,0.416535403540354,0.0,0.0030509218612817498,1.0
2021-02-24 04:30:00+00:00,0.4144539453945394,0.0,0.003028972783143,1.0
2021-02-24 04:45:00+00:00,0.4123724872487248,0.0,0.0030070237050043,1.0
2021-02-24 05:00:00+00:00,0.4102910291029102,0.0,0.0029850746268656,1.0
2021-02-24 05:15:00+00:00,0.4095784578457845,0.0,0.0029850746268656,1.0
2021-02-24 05:30:00+00:00,0.4088658865886588,0.0,0.0029850746268656,1.0
2021-02-24 05:45:00+00:00,0.4081533153315331,0.0,0.0029850746268656,1.0
2021-02-24 06:00:00+00:00,0.4074407440744074,0.0,0.0029850746268656,1.0
2021-02-24 06:15:00+00:00,0.4073938643864386,0.0,0.012335381913959552,1.0
2021-02-24 06:30:00+00:00,0.4073469846984698,0.0,0.0216856892010535,1.0
2021-02-24 06:45:00+00:00,0.40730010501050107,0.0,0.03103599648814745,1.0
2021-02-24 07:00:00+00:00,0.4072532253225323,0.0,0.0403863037752414,1.0
2021-02-24 07:15:00+00:00,0.40342784278427846,0.0,0.0841308165057067,1.0
2021-02-24 07:30:00+00:00,0.3996024602460246,0.0,0.127875329236172,1.0
2021-02-24 07:45:00+00:00,0.3957770777077707,0.0,0.17161984196663735,1.0
2021-02-24 08:00:00+00:00,0.3919516951695169,0.0,0.2153643546971027,1.0
2021-02-24 08:15:00+00:00,0.3913047554755475,0.0,0.26316944688323085,1.0
2021-02-24 08:30:00+00:00,0.3906578157815781,0.0,0.310974539069359,1.0
2021-02-24 08:45:00+00:00,0.3900108760876087,0.0,0.3587796312554872,1.0
2021-02-24 09:00:00+00:00,0.3893639363936393,0.0,0.4065847234416154,1.0
2021-02-24 09:15:00+00:00,0.3942581758175817,0.0,0.4456540825285338,1.0
2021-02-24 09:30:00+00:00,0.3991524152415241,0.0,0.4847234416154521,1.0
2021-02-24 09:45:00+00:00,0.4040466546654665,0.0,0.5237928007023704,1.0
2021-02-24 10:00:00+00:00,0.4089408940894089,0.0,0.5628621597892889,1.0
2021-02-24 10:15:00+00:00,0.4140226522652265,0.0,0.581935908691835,1.0
2021-02-24 10:30:00+00:00,0.4191044104410441,0.0,0.6010096575943811,1.0
2021-02-24 10:45:00+00:00,0.42418616861686165,0.0,0.6200834064969272,1.0
2021-02-24 11:00:00+00:00,0.4292679267926793,0.0,0.6391571553994733,1.0
2021-02-24 11:15:00+00:00,0.4342840534053405,0.0,0.64486391571554,1.0
2021-02-24 11:30:00+00:00,0.4393001800180017,0.0,0.6505706760316067,1.0
2021-02-24 11:45:00+00:00,0.444316306630663,0.0,0.6562774363476733,1.0
2021-02-24 12:00:00+00:00,0.4493324332433243,0.0,0.6619841966637401,1.0
2021-02-24 12:15:00+00:00,0.454564206420642,0.0,0.6617866549604916,1.0
2021-02-24 12:30:00+00:00,0.4597959795979597,0.0,0.6615891132572431,1.0
2021-02-24 12:45:00+00:00,0.4650277527752774,0.0,0.6613915715539946,1.0
2021-02-24 13:00:00+00:00,0.4702595259525952,0.0,0.6611940298507463,1.0
2021-02-24 13:15:00+00:00,0.46634975997599754,0.0,0.6569139596136961,1.0
2021-02-24 13:30:00+00:00,0.4624399939993999,0.0,0.6526338893766461,1.0
2021-02-24 13:45:00+00:00,0.45853022802280224,0.0,0.6483538191395961,1.0
2021-02-24 14:00:00+00:00,0.4546204620462046,0.0,0.6440737489025461,1.0
2021-02-24 14:15:00+00:00,0.45199519951995193,0.0,0.6231782265144864,1.0
2021-02-24 14:30:00+00:00,0.4493699369936993,0.0,0.6022827041264267,1.0
2021-02-24 14:45:00+00:00,0.4467446744674467,0.0,0.581387181738367,1.0
2021-02-24 15:00:00+00:00,0.4441194119411941,0.0,0.5604916593503073,1.0
2021-02-24 15:15:00+00:00,0.4422442244224422,0.0,0.5112818261633012,1.0
2021-02-24 15:30:00+00:00,0.4403690369036903,0.0,0.462071992976295,1.0
2021-02-24 15:45:00+00:00,0.4384938493849384,0.0,0.41286215978928886,1.0
2021-02-24 16:00:00+00:00,0.4366186618661866,0.0,0.3636523266022827,1.0
2021-02-24 16:15:00+00:00,0.42844284428442836,0.0,0.2980026338893766,1.0
2021-02-24 16:30:00+00:00,0.4202670267026702,0.0,0.2323529411764705,1.0
2021-02-24 16:45:00+00:00,0.412091209120912,0.0,0.16670324846356446,1.0
2021-02-24 17:00:00+00:00,0.4039153915391539,0.0,0.1010535557506584,1.0
2021-02-24 17:15:00+00:00,0.39571144614461445,0.0,0.08140913081650565,1.0
2021-02-24 17:30:00+00:00,0.387507500750075,0.0,0.0617647058823529,1.0
2021-02-24 17:45:00+00:00,0.37930355535553556,0.0,0.04212028094820015,1.0
2021-02-24 18:00:00+00:00,0.3710996099609961,0.0,0.0224758560140474,1.0
2021-02-24 18:15:00+00:00,0.36718046804680465,0.0,0.019995610184372202,1.0
2021-02-24 18:30:00+00:00,0.3632613261326132,0.0,0.017515364354697,1.0
2021-02-24 18:45:00+00:00,0.3593421842184218,0.0,0.015035118525021849,1.0
2021-02-24 19:00:00+00:00,0.3554230423042304,0.0,0.0125548726953467,1.0
2021-02-24 19:15:00+00:00,0.3544198169816981,0.0,0.01125987708516235,1.0
2021-02-24 19:30:00+00:00,0.3534165916591659,0.0,0.009964881474978,1.0
2021-02-24 19:45:00+00:00,0.35241336633663367,0.0,0.00866988586479365,1.0
2021-02-24 20:00:00+00:00,0.3514101410141014,0.0,0.0073748902546093,1.0
2021-02-24 20:15:00+00:00,0.34830670567056704,0.0,0.00673836698858645,1.0
2021-02-24 20:30:00+00:00,0.3452032703270327,0.0,0.0061018437225636,1.0
2021-02-24 20:45:00+00:00,0.34209983498349833,0.0,0.005465320456540751,1.0
2021-02-24 21:00:00+00:00,0.338996399639964,0.0,0.0048287971905179,1.0
2021-02-24 21:15:00+00:00,0.33787128712871284,0.0,0.0043459174714661,1.0
2021-02-24 21:30:00+00:00,0.3367461746174617,0.0,0.0038630377524143,1.0
2021-02-24 21:45:00+00:00,0.33562106210621057,0.0,0.0033801580333625,1.0
2021-02-24 22:00:00+00:00,0.3344959495949595,0.0,0.0028972783143107,1.0
2021-02-24 22:15:00+00:00,0.3288328832883288,0.0,0.00256804214222995,1.0
2021-02-24 22:30:00+00:00,0.3231698169816981,0.0,0.0022388059701492,1.0
2021-02-24 22:45:00+00:00,0.31750675067506745,0.0,0.0019095697980684502,1.0
2021-02-24 23:00:00+00:00,0.3118436843684368,0.0,0.0015803336259877,1.0
2021-02-24 23:15:00+00:00,0.3079620462046204,0.0,0.0015803336259877,1.0
2021-02-24 23:30:00+00:00,0.304080408040804,0.0,0.0015803336259877,1.0
2021-02-24 23:45:00+00:00,0.3001987698769876,0.0,0.0015803336259877,1.0
2021-02-25 00:00:00+00:00,0.2963171317131713,0.0,0.0015803336259877,1.0
2021-02-25 00:15:00+00:00,0.2933168316831683,0.0,0.0015803336259877,1.0
2021-02-25 00:30:00+00:00,0.2903165316531653,0.0,0.0015803336259877,1.0
2021-02-25 00:45:00+00:00,0.28731623162316233,0.0,0.0015803336259877,1.0
2021-02-25 01:00:00+00:00,0.2843159315931593,0.0,0.0015803336259877,1.0
2021-02-25 01:15:00+00:00,0.2779121662166216,0.0,0.0015803336259877,1.0
2021-02-25 01:30:00+00:00,0.271508400840084,0.0,0.0015803336259877,1.0
2021-02-25 01:45:00+00:00,0.26510463546354635,0.0,0.0015803336259877,1.0
2021-02-25 02:00:00+00:00,0.2587008700870087,0.0,0.0015803336259877,1.0
2021-02-25 02:15:00+00:00,0.25517551755175516,0.0,0.0015803336259877,1.0
2021-02-25 02:30:00+00:00,0.2516501650165016,0.0,0.0015803336259877,1.0
2021-02-25 02:45:00+00:00,0.24812481248124812,0.0,0.0015803336259877,1.0
2021-02-25 03:00:00+00:00,0.2445994599459946,0.0,0.0015803336259877,1.0
2021-02-25 03:15:00+00:00,0.24375562556255626,0.0,0.0015803336259877,1.0
2021-02-25 03:30:00+00:00,0.2429117911791179,0.0,0.0015803336259877,1.0
2021-02-25 03:45:00+00:00,0.24206795679567955,0.0,0.0015803336259877,1.0
2021-02-25 04:00:00+00:00,0.2412241224122412,0.0,0.0015803336259877,1.0
2021-02-25 04:15:00+00:00,0.2408490849084908,0.0,0.0015583845478489501,1.0
2021-02-25 04:30:00+00:00,0.2404740474047404,0.0,0.0015364354697102,1.0
2021-02-25 04:45:00+00:00,0.24009900990099003,0.0,0.0015144863915715,1.0
2021-02-25 05:00:00+00:00,0.2397239723972397,0.0,0.0014925373134328,1.0
2021-02-25 05:15:00+00:00,0.2366486648664866,0.0,0.0015144863915715,1.0
2021-02-25 05:30:00+00:00,0.2335733573357335,0.0,0.0015364354697102,1.0
2021-02-25 05:45:00+00:00,0.23049804980498045,0.0,0.0015583845478489501,1.0
2021-02-25 06:00:00+00:00,0.2274227422742274,0.0,0.0015803336259877,1.0
2021-02-25 06:15:00+00:00,0.2230535553555355,0.0,0.0085162423178226,1.0
2021-02-25 06:30:00+00:00,0.2186843684368436,0.0,0.0154521510096575,1.0
2021-02-25 06:45:00+00:00,0.21431518151815176,0.0,0.02238805970149245,1.0
2021-02-25 07:00:00+00:00,0.2099459945994599,0.0,0.0293239683933274,1.0
2021-02-25 07:15:00+00:00,0.20674879987998795,0.0,0.054433713784020996,1.0
2021-02-25 07:30:00+00:00,0.203551605160516,0.0,0.0795434591747146,1.0
2021-02-25 07:45:00+00:00,0.20035441044104407,0.0,0.10465320456540819,1.0
2021-02-25 08:00:00+00:00,0.1971572157215721,0.0,0.1297629499561018,1.0
2021-02-25 08:15:00+00:00,0.19345372037203715,0.0,0.1510316066725197,1.0
2021-02-25 08:30:00+00:00,0.1897502250225022,0.0,0.1723002633889376,1.0
2021-02-25 08:45:00+00:00,0.18604672967296726,0.0,0.1935689201053555,1.0
2021-02-25 09:00:00+00:00,0.1823432343234323,0.0,0.2148375768217734,1.0
2021-02-25 09:15:00+00:00,0.18043991899189915,0.0,0.23270412642669,1.0
2021-02-25 09:30:00+00:00,0.178536603660366,0.0,0.2505706760316066,1.0
2021-02-25 09:45:00+00:00,0.17663328832883285,0.0,0.26843722563652317,1.0
2021-02-25 10:00:00+00:00,0.1747299729972997,0.0,0.2863037752414398,1.0
2021-02-25 10:15:00+00:00,0.17185156015601555,0.0,0.3009438103599648,1.0
2021-02-25 10:30:00+00:00,0.1689731473147314,0.0,0.3155838454784898,1.0
2021-02-25 10:45:00+00:00,0.1660947344734473,0.0,0.33022388059701485,1.0
2021-02-25 11:00:00+00:00,0.1632163216321632,0.0,0.3448639157155399,1.0
2021-02-25 11:15:00+00:00,0.1603754125412541,0.0,0.3546312554872695,1.0
2021-02-25 11:30:00+00:00,0.157534503450345,0.0,0.3643985952589991,1.0
2021-02-25 11:45:00+00:00,0.15469359435943592,0.0,0.3741659350307287,1.0
2021-02-25 12:00:00+00:00,0.1518526852685268,0.0,0.3839332748024583,1.0
2021-02-25 12:15:00+00:00,0.15206833183318325,0.0,0.3800043898156278,1.0
2021-02-25 12:30:00+00:00,0.1522839783978397,0.0,0.3760755048287972,1.0
2021-02-25 12:45:00+00:00,0.1524996249624962,0.0,0.3721466198419666,1.0
2021-02-25 13:00:00+00:00,0.1527152715271527,0.0,0.3682177348551361,1.0
2021-02-25 13:15:00+00:00,0.15489048904890484,0.0,0.3565188762071993,1.0
2021-02-25 13:30:00+00:00,0.157065706570657,0.0,0.3448200175592625,1.0
2021-02-25 13:45:00+00:00,0.1592409240924092,0.0,0.3331211589113257,1.0
2021-02-25 14:00:00+00:00,0.1614161416141614,0.0,0.3214223002633889,1.0
2021-02-25 14:15:00+00:00,0.16195057005700564,0.0,0.3012730465320457,1.0
2021-02-25 14:30:00+00:00,0.1624849984998499,0.0,0.2811237928007024,1.0
2021-02-25 14:45:00+00:00,0.1630194269426942,0.0,0.2609745390693591,1.0
2021-02-25 15:00:00+00:00,0.1635538553855385,0.0,0.2408252853380158,1.0
2021-02-25 15:15:00+00:00,0.16416329132913285,0.0,0.21279631255487264,1.0
2021-02-25 15:30:00+00:00,0.1647727272727272,0.0,0.1847673397717295,1.0
2021-02-25 15:45:00+00:00,0.1653821632163216,0.0,0.1567383669885864,1.0
2021-02-25 16:00:00+00:00,0.165991599159916,0.0,0.1287093942054433,1.0
2021-02-25 16:15:00+00:00,0.17045454545454544,0.0,0.10368744512730454,1.0
2021-02-25 16:30:00+00:00,0.1749174917491749,0.0,0.0786654960491658,1.0
2021-02-25 16:45:00+00:00,0.17938043804380435,0.0,0.0536435469710271,1.0
2021-02-25 17:00:00+00:00,0.1838433843384338,0.0,0.0286215978928884,1.0
2021-02-25 17:15:00+00:00,0.19204732973297325,0.0,0.02251975417032475,1.0
2021-02-25 17:30:00+00:00,0.2002512751275127,0.0,0.0164179104477611,1.0
2021-02-25 17:45:00+00:00,0.20845522052205215,0.0,0.01031606672519745,1.0
2021-02-25 18:00:00+00:00,0.2166591659165916,0.0,0.0042142230026338,1.0
2021-02-25 18:15:00+00:00,0.22268789378937887,0.0,0.0034899034240561,1.0
2021-02-25 18:30:00+00:00,0.2287166216621661,0.0,0.0027655838454784,1.0
2021-02-25 18:45:00+00:00,0.2347453495349534,0.0,0.0020412642669007,1.0
2021-02-25 19:00:00+00:00,0.2407740774077407,0.0,0.001316944688323,1.0
2021-02-25 19:15:00+00:00,0.24218984398439836,0.0,0.0012949956101843,1.0
2021-02-25 19:30:00+00:00,0.243605610561056,0.0,0.0012730465320456,1.0
2021-02-25 19:45:00+00:00,0.24502137713771371,0.0,0.0012510974539069,1.0
2021-02-25 20:00:00+00:00,0.2464371437143714,0.0,0.0012291483757682,1.0
2021-02-25 20:15:00+00:00,0.24898739873987397,0.0,0.0012291483757682,1.0
2021-02-25 20:30:00+00:00,0.2515376537653765,0.0,0.0012291483757682,1.0
2021-02-25 20:45:00+00:00,0.25408790879087906,0.0,0.0012291483757682,1.0
2021-02-25 21:00:00+00:00,0.2566381638163816,0.0,0.0012291483757682,1.0
2021-02-25 21:15:00+00:00,0.25753825382538253,0.0,0.0012291483757682,1.0
2021-02-25 21:30:00+00:00,0.2584383438343834,0.0,0.0012291483757682,1.0
2021-02-25 21:45:00+00:00,0.2593384338433843,0.0,0.0012291483757682,1.0
2021-02-25 22:00:00+00:00,0.2602385238523852,0.0,0.0012291483757682,1.0
2021-02-25 22:15:00+00:00,0.261494899489949,0.0,0.0012510974539069,1.0
2021-02-25 22:30:00+00:00,0.2627512751275127,0.0,0.0012730465320456,1.0
2021-02-25 22:45:00+00:00,0.26400765076507643,0.0,0.0012949956101843,1.0
2021-02-25 23:00:00+00:00,0.2652640264026402,0.0,0.001316944688323,1.0
2021-02-25 23:15:00+00:00,0.26968009300930085,0.0,0.001316944688323,1.0
2021-02-25 23:30:00+00:00,0.2740961596159615,0.0,0.001316944688323,1.0
2021-02-25 23:45:00+00:00,0.2785122262226222,0.0,0.001316944688323,1.0
2021-02-26 00:00:00+00:00,0.2829282928292829,0.0,0.001316944688323,1.0
2021-02-26 00:15:00+00:00,0.2849722472247225,0.0,0.0012949956101843,1.0
2021-02-26 00:30:00+00:00,0.287016201620162,0.0,0.0012730465320456,1.0
2021-02-26 00:45:00+00:00,0.28906015601560153,0.0,0.0012510974539069,1.0
2021-02-26 01:00:00+00:00,0.2911041104110411,0.0,0.0012291483757682,1.0
2021-02-26 01:15:00+00:00,0.28760688568856885,0.0,0.0012291483757682,1.0
2021-02-26 01:30:00+00:00,0.2841096609660966,0.0,0.0012291483757682,1.0
2021-02-26 01:45:00+00:00,0.2806124362436243,0.0,0.0012291483757682,1.0
2021-02-26 02:00:00+00:00,0.2771152115211521,0.0,0.0012291483757682,1.0
2021-02-26 02:15:00+00:00,0.27580258025802573,0.0,0.0012291483757682,1.0
2021-02-26 02:30:00+00:00,0.2744899489948994,0.0,0.0012291483757682,1.0
2021-02-26 02:45:00+00:00,0.2731773177317731,0.0,0.0012291483757682,1.0
2021-02-26 03:00:00+00:00,0.2718646864686468,0.0,0.0012291483757682,1.0
2021-02-26 03:15:00+00:00,0.27227722772277224,0.0,0.0012291483757682,1.0
2021-02-26 03:30:00+00:00,0.2726897689768977,0.0,0.0012291483757682,1.0
2021-02-26 03:45:00+00:00,0.27310231023102305,0.0,0.0012291483757682,1.0
2021-02-26 04:00:00+00:00,0.2735148514851485,0.0,0.0012291483757682,1.0
2021-02-26 04:15:00+00:00,0.27308355835583553,0.0,0.0012071992976294501,1.0
2021-02-26 04:30:00+00:00,0.2726522652265226,0.0,0.0011852502194907,1.0
2021-02-26 04:45:00+00:00,0.2722209720972097,0.0,0.001163301141352,1.0
2021-02-26 05:00:00+00:00,0.2717896789678968,0.0,0.0011413520632133,1.0
2021-02-26 05:15:00+00:00,0.27267101710171016,0.0,0.0011413520632133,1.0
2021-02-26 05:30:00+00:00,0.2735523552355235,0.0,0.0011413520632133,1.0
2021-02-26 05:45:00+00:00,0.2744336933693369,0.0,0.0011413520632133,1.0
2021-02-26 06:00:00+00:00,0.2753150315031503,0.0,0.0011413520632133,1.0
2021-02-26 06:15:00+00:00,0.2735617311731172,0.0,0.0066505706760315005,1.0
2021-02-26 06:30:00+00:00,0.2718084308430842,0.0,0.0121597892888497,1.0
2021-02-26 06:45:00+00:00,0.27005513051305124,0.0,0.017669007901668,1.0
2021-02-26 07:00:00+00:00,0.2683018301830183,0.0,0.0231782265144863,1.0
2021-02-26 07:15:00+00:00,0.262001200120012,0.0,0.04433713784021061,1.0
2021-02-26 07:30:00+00:00,0.2557005700570057,0.0,0.0654960491659349,1.0
2021-02-26 07:45:00+00:00,0.2493999399939994,0.0,0.08665496049165924,1.0
2021-02-26 08:00:00+00:00,0.2430993099309931,0.0,0.1078138718173836,1.0
2021-02-26 08:15:00+00:00,0.23796129612961295,0.0,0.13252853380158025,1.0
2021-02-26 08:30:00+00:00,0.2328232823282328,0.0,0.1572431957857769,1.0
2021-02-26 08:45:00+00:00,0.22768526852685264,0.0,0.18195785776997359,1.0
2021-02-26 09:00:00+00:00,0.2225472547254725,0.0,0.2066725197541703,1.0
2021-02-26 09:15:00+00:00,0.216799804980498,0.0,0.23046532045654078,1.0
2021-02-26 09:30:00+00:00,0.2110523552355235,0.0,0.2542581211589113,1.0
2021-02-26 09:45:00+00:00,0.205304905490549,0.0,0.2780509218612818,1.0
2021-02-26 10:00:00+00:00,0.1995574557455745,0.0,0.3018437225636523,1.0
2021-02-26 10:15:00+00:00,0.19541329132913288,0.0,0.32502194907813864,1.0
2021-02-26 10:30:00+00:00,0.1912691269126912,0.0,0.348200175592625,1.0
2021-02-26 10:45:00+00:00,0.1871249624962496,0.0,0.3713784021071115,1.0
2021-02-26 11:00:00+00:00,0.182980798079808,0.0,0.3945566286215979,1.0
2021-02-26 11:15:00+00:00,0.1802242724272427,0.0,0.4042361720807726,1.0
2021-02-26 11:30:00+00:00,0.1774677467746774,0.0,0.4139157155399473,1.0
2021-02-26 11:45:00+00:00,0.17471122112211213,0.0,0.423595258999122,1.0
2021-02-26 12:00:00+00:00,0.1719546954695469,0.0,0.4332748024582967,1.0
2021-02-26 12:15:00+00:00,0.16908565856585656,0.0,0.4336479367866549,1.0
2021-02-26 12:30:00+00:00,0.1662166216621662,0.0,0.4340210711150131,1.0
2021-02-26 12:45:00+00:00,0.16334758475847583,0.0,0.4343942054433714,1.0
2021-02-26 13:00:00+00:00,0.1604785478547855,0.0,0.4347673397717296,1.0
2021-02-26 13:15:00+00:00,0.16064731473147315,0.0,0.4245610184372256,1.0
2021-02-26 13:30:00+00:00,0.1608160816081608,0.0,0.4143546971027216,1.0
2021-02-26 13:45:00+00:00,0.16098484848484845,0.0,0.4041483757682177,1.0
2021-02-26 14:00:00+00:00,0.1611536153615361,0.0,0.3939420544337138,1.0
2021-02-26 14:15:00+00:00,0.1615005250525052,0.0,0.3729367866549605,1.0
2021-02-26 14:30:00+00:00,0.1618474347434743,0.0,0.3519315188762072,1.0
2021-02-26 14:45:00+00:00,0.16219434443444342,0.0,0.3309262510974539,1.0
2021-02-26 15:00:00+00:00,0.1625412541254125,0.0,0.3099209833187006,1.0
2021-02-26 15:15:00+00:00,0.16361948694869483,0.0,0.278270412642669,1.0
2021-02-26 15:30:00+00:00,0.1646977197719771,0.0,0.2466198419666374,1.0
2021-02-26 15:45:00+00:00,0.16577595259525946,0.0,0.21496927129060578,1.0
2021-02-26 16:00:00+00:00,0.1668541854185418,0.0,0.1833187006145742,1.0
2021-02-26 16:15:00+00:00,0.16836371137113704,0.0,0.15094381035996485,1.0
2021-02-26 16:30:00+00:00,0.1698732373237323,0.0,0.1185689201053555,1.0
2021-02-26 16:45:00+00:00,0.17138276327632757,0.0,0.0861940298507462,1.0
2021-02-26 17:00:00+00:00,0.1728922892289228,0.0,0.0538191395961369,1.0
2021-02-26 17:15:00+00:00,0.1776271377137713,0.0,0.041812993854258046,1.0
2021-02-26 17:30:00+00:00,0.1823619861986198,0.0,0.0298068481123792,1.0
2021-02-26 17:45:00+00:00,0.1870968346834683,0.0,0.01780070237050035,1.0
2021-02-26 18:00:00+00:00,0.1918316831683168,0.0,0.0057945566286215,1.0
2021-02-26 18:15:00+00:00,0.1945694569456945,0.0,0.004982440737488899,1.0
2021-02-26 18:30:00+00:00,0.1973072307230722,0.0,0.0041703248463563,1.0
2021-02-26 18:45:00+00:00,0.20004500450044996,0.0,0.0033582089552238,1.0
2021-02-26 19:00:00+00:00,0.2027827782778277,0.0,0.0025460930640913,1.0
2021-02-26 19:15:00+00:00,0.20452670267026696,0.0,0.0022607550482879497,1.0
2021-02-26 19:30:00+00:00,0.2062706270627062,0.0,0.0019754170324846,1.0
2021-02-26 19:45:00+00:00,0.20801455145514544,0.0,0.0016900790166812498,1.0
2021-02-26 20:00:00+00:00,0.2097584758475847,0.0,0.0014047410008779,1.0
2021-02-26 20:15:00+00:00,0.21314318931893184,0.0,0.0013388937664617498,1.0
2021-02-26 20:30:00+00:00,0.216527902790279,0.0,0.0012730465320456,1.0
2021-02-26 20:45:00+00:00,0.21991261626162614,0.0,0.0012071992976294501,1.0
2021-02-26 21:00:00+00:00,0.2232973297329733,0.0,0.0011413520632133,1.0
2021-02-26 21:15:00+00:00,0.22686956195619562,0.0,0.0011413520632133,1.0
2021-02-26 21:30:00+00:00,0.2304417941794179,0.0,0.0011413520632133,1.0
2021-02-26 21:45:00+00:00,0.23401402640264019,0.0,0.0011413520632133,1.0
2021-02-26 22:00:00+00:00,0.2375862586258625,0.0,0.0011413520632133,1.0
2021-02-26 22:15:00+00:00,0.2404177917791778,0.0,0.0011413520632133,1.0
2021-02-26 22:30:00+00:00,0.2432493249324931,0.0,0.0011413520632133,1.0
2021-02-26 22:45:00+00:00,0.24608085808580848,0.0,0.0011413520632133,1.0
2021-02-26 23:00:00+00:00,0.2489123912391239,0.0,0.0011413520632133,1.0
2021-02-26 23:15:00+00:00,0.2525877587758775,0.0,0.0011413520632133,1.0
2021-02-26 23:30:00+00:00,0.2562631263126312,0.0,0.0011413520632133,1.0
2021-02-26 23:45:00+00:00,0.25993849384938494,0.0,0.0011413520632133,1.0
2021-02-27 00:00:00+00:00,0.2636138613861386,0.0,0.0011413520632133,1.0
2021-02-27 00:15:00+00:00,0.26648289828982896,0.0,0.0011413520632133,1.0
2021-02-27 00:30:00+00:00,0.2693519351935193,0.0,0.0011413520632133,1.0
2021-02-27 00:45:00+00:00,0.2722209720972097,0.0,0.0011413520632133,1.0
2021-02-27 01:00:00+00:00,0.2750900090009001,0.0,0.0011413520632133,1.0
2021-02-27 01:15:00+00:00,0.27668391839183915,0.0,0.001163301141352,1.0
2021-02-27 01:30:00+00:00,0.2782778277827782,0.0,0.0011852502194907,1.0
2021-02-27 01:45:00+00:00,0.27987173717371727,0.0,0.0012071992976294501,1.0
2021-02-27 02:00:00+00:00,0.2814656465646564,0.0,0.0012291483757682,1.0
2021-02-27 02:15:00+00:00,0.288572607260726,0.0,0.0012291483757682,1.0
2021-02-27 02:30:00+00:00,0.2956795679567956,0.0,0.0012291483757682,1.0
2021-02-27 02:45:00+00:00,0.30278652865286526,0.0,0.0012291483757682,1.0
2021-02-27 03:00:00+00:00,0.3098934893489349,0.0,0.0012291483757682,1.0
2021-02-27 03:15:00+00:00,0.3141032853285328,0.0,0.0012071992976294501,1.0
2021-02-27 03:30:00+00:00,0.3183130813081308,0.0,0.0011852502194907,1.0
2021-02-27 03:45:00+00:00,0.32252287728772877,0.0,0.001163301141352,1.0
2021-02-27 04:00:00+00:00,0.3267326732673267,0.0,0.0011413520632133,1.0
2021-02-27 04:15:00+00:00,0.329873612361236,0.0,0.00111940298507455,1.0
2021-02-27 04:30:00+00:00,0.3330145514551454,0.0,0.0010974539069358,1.0
2021-02-27 04:45:00+00:00,0.33615549054905486,0.0,0.0010755048287971,1.0
2021-02-27 05:00:00+00:00,0.3392964296429643,0.0,0.0010535557506584,1.0
2021-02-27 05:15:00+00:00,0.3412372487248725,0.0,0.0010974539069358502,1.0
2021-02-27 05:30:00+00:00,0.3431780678067807,0.0,0.0011413520632133,1.0
2021-02-27 05:45:00+00:00,0.3451188868886888,0.0,0.00118525021949075,1.0
2021-02-27 06:00:00+00:00,0.347059705970597,0.0,0.0012291483757682,1.0
2021-02-27 06:15:00+00:00,0.3484379687968796,0.0,0.01288410886742755,1.0
2021-02-27 06:30:00+00:00,0.3498162316231622,0.0,0.0245390693590869,1.0
2021-02-27 06:45:00+00:00,0.35119449444944484,0.0,0.03619402985074625,1.0
2021-02-27 07:00:00+00:00,0.3525727572757275,0.0,0.0478489903424056,1.0
2021-02-27 07:15:00+00:00,0.3514851485148514,0.0,0.0854477611940298,1.0
2021-02-27 07:30:00+00:00,0.3503975397539753,0.0,0.123046532045654,1.0
2021-02-27 07:45:00+00:00,0.34930993099309926,0.0,0.16064530289727824,1.0
2021-02-27 08:00:00+00:00,0.3482223222322232,0.0,0.1982440737489025,1.0
2021-02-27 08:15:00+00:00,0.349047404740474,0.0,0.23874012291483748,1.0
2021-02-27 08:30:00+00:00,0.3498724872487248,0.0,0.2792361720807725,1.0
2021-02-27 08:45:00+00:00,0.35069756975697564,0.0,0.3197322212467075,1.0
2021-02-27 09:00:00+00:00,0.3515226522652265,0.0,0.3602282704126426,1.0
2021-02-27 09:15:00+00:00,0.34961933693369335,0.0,0.38404302019315184,1.0
2021-02-27 09:30:00+00:00,0.3477160216021602,0.0,0.4078577699736611,1.0
2021-02-27 09:45:00+00:00,0.34581270627062705,0.0,0.4316725197541703,1.0
2021-02-27 10:00:00+00:00,0.3439093909390939,0.0,0.4554872695346795,1.0
2021-02-27 10:15:00+00:00,0.3391464146414641,0.0,0.46907374890254605,1.0
2021-02-27 10:30:00+00:00,0.3343834383438343,0.0,0.4826602282704126,1.0
2021-02-27 10:45:00+00:00,0.32962046204620454,0.0,0.49624670763827916,1.0
2021-02-27 11:00:00+00:00,0.3248574857485748,0.0,0.5098331870061458,1.0
2021-02-27 11:15:00+00:00,0.31978510351035094,0.0,0.5182177348551361,1.0
2021-02-27 11:30:00+00:00,0.3147127212721271,0.0,0.5266022827041265,1.0
2021-02-27 11:45:00+00:00,0.3096403390339033,0.0,0.5349868305531168,1.0
2021-02-27 12:00:00+00:00,0.3045679567956795,0.0,0.5433713784021071,1.0
2021-02-27 12:15:00+00:00,0.3017457995799579,0.0,0.5415276558384549,1.0
2021-02-27 12:30:00+00:00,0.2989236423642363,0.0,0.5396839332748025,1.0
2021-02-27 12:45:00+00:00,0.29610148514851475,0.0,0.5378402107111502,1.0
2021-02-27 13:00:00+00:00,0.2932793279327932,0.0,0.5359964881474978,1.0
2021-02-27 13:15:00+00:00,0.29338246324632455,0.0,0.5273485513608429,1.0
2021-02-27 13:30:00+00:00,0.2934855985598559,0.0,0.5187006145741879,1.0
2021-02-27 13:45:00+00:00,0.2935887338733873,0.0,0.5100526777875329,1.0
2021-02-27 14:00:00+00:00,0.2936918691869187,0.0,0.501404741000878,1.0
2021-02-27 14:15:00+00:00,0.2956514401440144,0.0,0.47649253731343283,1.0
2021-02-27 14:30:00+00:00,0.2976110111011101,0.0,0.4515803336259877,1.0
2021-02-27 14:45:00+00:00,0.2995705820582058,0.0,0.42666812993854253,1.0
2021-02-27 15:00:00+00:00,0.3015301530153015,0.0,0.4017559262510974,1.0
2021-02-27 15:15:00+00:00,0.3030209270927092,0.0,0.362686567164179,1.0
2021-02-27 15:30:00+00:00,0.304511701170117,0.0,0.3236172080772607,1.0
2021-02-27 15:45:00+00:00,0.3060024752475248,0.0,0.28454784899034236,1.0
2021-02-27 16:00:00+00:00,0.3074932493249325,0.0,0.245478489903424,1.0
2021-02-27 16:15:00+00:00,0.309696594659466,0.0,0.19914398595258995,1.0
2021-02-27 16:30:00+00:00,0.3118999399939994,0.0,0.1528094820017559,1.0
2021-02-27 16:45:00+00:00,0.3141032853285328,0.0,0.10647497805092185,1.0
2021-02-27 17:00:00+00:00,0.3163066306630663,0.0,0.0601404741000878,1.0
2021-02-27 17:15:00+00:00,0.3236292379237924,0.0,0.04620280948200175,1.0
2021-02-27 17:30:00+00:00,0.3309518451845184,0.0,0.0322651448639157,1.0
2021-02-27 17:45:00+00:00,0.3382744524452445,0.0,0.01832748024582965,1.0
2021-02-27 18:00:00+00:00,0.3455970597059706,0.0,0.0043898156277436,1.0
2021-02-27 18:15:00+00:00,0.3514570207020702,0.0,0.0037093942054433,1.0
2021-02-27 18:30:00+00:00,0.3573169816981698,0.0,0.003028972783143,1.0
2021-02-27 18:45:00+00:00,0.36317694269426937,0.0,0.00234855136084275,1.0
2021-02-27 19:00:00+00:00,0.369036903690369,0.0,0.0016681299385425,1.0
2021-02-27 19:15:00+00:00,0.3753375337533753,0.0,0.0016681299385425,1.0
2021-02-27 19:30:00+00:00,0.3816381638163816,0.0,0.0016681299385425,1.0
2021-02-27 19:45:00+00:00,0.3879387938793879,0.0,0.0016681299385425,1.0
2021-02-27 20:00:00+00:00,0.3942394239423942,0.0,0.0016681299385425,1.0
2021-02-27 20:15:00+00:00,0.39705220522052204,0.0,0.0016681299385425,1.0
2021-02-27 20:30:00+00:00,0.3998649864986499,0.0,0.0016681299385425,1.0
2021-02-27 20:45:00+00:00,0.40267776777677766,0.0,0.0016681299385425,1.0
2021-02-27 21:00:00+00:00,0.4054905490549055,0.0,0.0016681299385425,1.0
2021-02-27 21:15:00+00:00,0.40539678967896786,0.0,0.0016900790166812,1.0
2021-02-27 21:30:00+00:00,0.4053030303030303,0.0,0.0017120280948199,1.0
2021-02-27 21:45:00+00:00,0.4052092709270927,0.0,0.0017339771729586498,1.0
2021-02-27 22:00:00+00:00,0.4051155115511551,0.0,0.0017559262510974,1.0
2021-02-27 22:15:00+00:00,0.3996587158715871,0.0,0.00147058823529405,1.0
2021-02-27 22:30:00+00:00,0.3942019201920191,0.0,0.0011852502194907,1.0
2021-02-27 22:45:00+00:00,0.3887451245124512,0.0,0.0008999122036874,1.0
2021-02-27 23:00:00+00:00,0.3832883288328833,0.0,0.0006145741878841,1.0
2021-02-27 23:15:00+00:00,0.37795342034203416,0.0,0.00059262510974535,1.0
2021-02-27 23:30:00+00:00,0.3726185118511851,0.0,0.0005706760316066,1.0
2021-02-27 23:45:00+00:00,0.367283603360336,0.0,0.0005487269534679,1.0
2021-02-28 00:00:00+00:00,0.3619486948694869,0.0,0.0005267778753292,1.0
2021-02-28 00:15:00+00:00,0.3554417941794179,0.0,0.0005267778753292,1.0
2021-02-28 00:30:00+00:00,0.3489348934893489,0.0,0.0005267778753292,1.0
2021-02-28 00:45:00+00:00,0.34242799279927993,0.0,0.0005267778753292,1.0
2021-02-28 01:00:00+00:00,0.3359210921092109,0.0,0.0005267778753292,1.0
2021-02-28 01:15:00+00:00,0.33368024302430244,0.0,0.0005267778753292,1.0
2021-02-28 01:30:00+00:00,0.3314393939393939,0.0,0.0005267778753292,1.0
2021-02-28 01:45:00+00:00,0.3291985448544854,0.0,0.0005267778753292,1.0
2021-02-28 02:00:00+00:00,0.3269576957695769,0.0,0.0005267778753292,1.0
2021-02-28 02:15:00+00:00,0.32328232823282327,0.0,0.0005267778753292,1.0
2021-02-28 02:30:00+00:00,0.3196069606960696,0.0,0.0005267778753292,1.0
2021-02-28 02:45:00+00:00,0.31593159315931596,0.0,0.0005267778753292,1.0
2021-02-28 03:00:00+00:00,0.3122562256225623,0.0,0.0005267778753292,1.0
2021-02-28 03:15:00+00:00,0.3056555655565556,0.0,0.0005267778753292,1.0
2021-02-28 03:30:00+00:00,0.299054905490549,0.0,0.0005267778753292,1.0
2021-02-28 03:45:00+00:00,0.29245424542454235,0.0,0.0005267778753292,1.0
2021-02-28 04:00:00+00:00,0.2858535853585358,0.0,0.0005267778753292,1.0
2021-02-28 04:15:00+00:00,0.2827782778277827,0.0,0.0005048287971904501,1.0
2021-02-28 04:30:00+00:00,0.2797029702970296,0.0,0.0004828797190517,1.0
2021-02-28 04:45:00+00:00,0.2766276627662766,0.0,0.000460930640913,1.0
2021-02-28 05:00:00+00:00,0.2735523552355235,0.0,0.0004389815627743,1.0
2021-02-28 05:15:00+00:00,0.2734773477347734,0.0,0.000460930640913,1.0
2021-02-28 05:30:00+00:00,0.2734023402340233,0.0,0.0004828797190517,1.0
2021-02-28 05:45:00+00:00,0.27332733273327325,0.0,0.0005048287971904501,1.0
2021-02-28 06:00:00+00:00,0.2732523252325232,0.0,0.0005267778753292,1.0
2021-02-28 06:15:00+00:00,0.27499624962496244,0.0,0.01222563652326595,1.0
2021-02-28 06:30:00+00:00,0.2767401740174017,0.0,0.0239244951712027,1.0
2021-02-28 06:45:00+00:00,0.27848409840984095,0.0,0.035623353819139496,1.0
2021-02-28 07:00:00+00:00,0.2802280228022802,0.0,0.0473222124670763,1.0
2021-02-28 07:15:00+00:00,0.2793279327932793,0.0,0.09089113257243185,1.0
2021-02-28 07:30:00+00:00,0.2784278427842784,0.0,0.1344600526777874,1.0
2021-02-28 07:45:00+00:00,0.2775277527752775,0.0,0.178028972783143,1.0
2021-02-28 08:00:00+00:00,0.2766276627662766,0.0,0.2215978928884986,1.0
2021-02-28 08:15:00+00:00,0.2779871737173717,0.0,0.26259877085162414,1.0
2021-02-28 08:30:00+00:00,0.2793466846684668,0.0,0.3035996488147497,1.0
2021-02-28 08:45:00+00:00,0.2807061956195619,0.0,0.3446005267778752,1.0
2021-02-28 09:00:00+00:00,0.282065706570657,0.0,0.3856014047410008,1.0
2021-02-28 09:15:00+00:00,0.2841846684668466,0.0,0.41393766461808595,1.0
2021-02-28 09:30:00+00:00,0.2863036303630362,0.0,0.4422739244951711,1.0
2021-02-28 09:45:00+00:00,0.28842259225922584,0.0,0.4706101843722563,1.0
2021-02-28 10:00:00+00:00,0.2905415541554155,0.0,0.4989464442493415,1.0
2021-02-28 10:15:00+00:00,0.2928480348034803,0.0,0.5123134328358209,1.0
2021-02-28 10:30:00+00:00,0.2951545154515451,0.0,0.5256804214223002,1.0
2021-02-28 10:45:00+00:00,0.29746099609960996,0.0,0.5390474100087796,1.0
2021-02-28 11:00:00+00:00,0.2997674767476748,0.0,0.552414398595259,1.0
2021-02-28 11:15:00+00:00,0.29951432643264325,0.0,0.5473661106233538,1.0
2021-02-28 11:30:00+00:00,0.2992611761176117,0.0,0.5423178226514487,1.0
2021-02-28 11:45:00+00:00,0.29900802580258024,0.0,0.5372695346795435,1.0
2021-02-28 12:00:00+00:00,0.2987548754875487,0.0,0.5322212467076383,1.0
2021-02-28 12:15:00+00:00,0.303302205220522,0.0,0.5238586479367866,1.0
2021-02-28 12:30:00+00:00,0.3078495349534953,0.0,0.515496049165935,1.0
2021-02-28 12:45:00+00:00,0.3123968646864686,0.0,0.5071334503950834,1.0
2021-02-28 13:00:00+00:00,0.3169441944194419,0.0,0.4987708516242318,1.0
2021-02-28 13:15:00+00:00,0.3228510351035103,0.0,0.4896839332748024,1.0
2021-02-28 13:30:00+00:00,0.3287578757875787,0.0,0.4805970149253731,1.0
2021-02-28 13:45:00+00:00,0.33466471647164714,0.0,0.4715100965759438,1.0
2021-02-28 14:00:00+00:00,0.3405715571557156,0.0,0.4624231782265144,1.0
2021-02-28 14:15:00+00:00,0.34922554755475543,0.0,0.45015364354697096,1.0
2021-02-28 14:30:00+00:00,0.3578795379537953,0.0,0.4378841088674275,1.0
2021-02-28 14:45:00+00:00,0.3665335283528352,0.0,0.42561457418788406,1.0
2021-02-28 15:00:00+00:00,0.3751875187518751,0.0,0.4133450395083407,1.0
2021-02-28 15:15:00+00:00,0.38371962196219617,0.0,0.37772168568920106,1.0
2021-02-28 15:30:00+00:00,0.3922517251725172,0.0,0.3420983318700614,1.0
2021-02-28 15:45:00+00:00,0.40078382838283827,0.0,0.30647497805092183,1.0
2021-02-28 16:00:00+00:00,0.4093159315931593,0.0,0.2708516242317823,1.0
2021-02-28 16:15:00+00:00,0.4106754425442545,0.0,0.22585601404741,1.0
2021-02-28 16:30:00+00:00,0.4120349534953496,0.0,0.1808604038630377,1.0
2021-02-28 16:45:00+00:00,0.4133944644464447,0.0,0.13586479367866544,1.0
2021-02-28 17:00:00+00:00,0.4147539753975398,0.0,0.0908691834942932,1.0
2021-02-28 17:15:00+00:00,0.41915129012901287,0.0,0.07199297629499554,1.0
2021-02-28 17:30:00+00:00,0.423548604860486,0.0,0.0531167690956979,1.0
2021-02-28 17:45:00+00:00,0.42794591959195916,0.0,0.034240561896400304,1.0
2021-02-28 18:00:00+00:00,0.4323432343234323,0.0,0.0153643546971027,1.0
2021-02-28 18:15:00+00:00,0.4324276177617761,0.0,0.0142010535557506,1.0
2021-02-28 18:30:00+00:00,0.4325120012001199,0.0,0.0130377524143985,1.0
2021-02-28 18:45:00+00:00,0.4325963846384637,0.0,0.01187445127304645,1.0
2021-02-28 19:00:00+00:00,0.4326807680768076,0.0,0.0107111501316944,1.0
2021-02-28 19:15:00+00:00,0.4321744674467446,0.0,0.00886742756804205,1.0
2021-02-28 19:30:00+00:00,0.4316681668166816,0.0,0.0070237050043897,1.0
2021-02-28 19:45:00+00:00,0.43116186618661856,0.0,0.0051799824407374,1.0
2021-02-28 20:00:00+00:00,0.4306555655565556,0.0,0.0033362598770851,1.0
2021-02-28 20:15:00+00:00,0.4293804380438043,0.0,0.00256804214222995,1.0
2021-02-28 20:30:00+00:00,0.428105310531053,0.0,0.0017998244073748,1.0
2021-02-28 20:45:00+00:00,0.4268301830183018,0.0,0.0010316066725197,1.0
2021-02-28 21:00:00+00:00,0.4255550555055505,0.0,0.0002633889376646,1.0
2021-02-28 21:15:00+00:00,0.4260707320732072,0.0,0.0002853380158033,1.0
2021-02-28 21:30:00+00:00,0.426586408640864,0.0,0.000307287093942,1.0
2021-02-28 21:45:00+00:00,0.4271020852085208,0.0,0.0003292361720807,1.0
2021-02-28 22:00:00+00:00,0.4276177617761776,0.0,0.0003511852502194,1.0
2021-02-28 22:15:00+00:00,0.4294273177317731,0.0,0.0003511852502194,1.0
2021-02-28 22:30:00+00:00,0.4312368736873687,0.0,0.0003511852502194,1.0
2021-02-28 22:45:00+00:00,0.43304642964296425,0.0,0.0003511852502194,1.0
2021-02-28 23:00:00+00:00,0.4348559855985598,0.0,0.0003511852502194,1.0
2021-02-28 23:15:00+00:00,0.4267551755175517,0.0,0.0003511852502194,1.0
2021-02-28 23:30:00+00:00,0.4186543654365436,0.0,0.0003511852502194,1.0
2021-02-28 23:45:00+00:00,0.4105535553555355,0.0,0.0003511852502194,1.0
2021-03-01 00:00:00+00:00,0.4024527452745274,0.0,0.0003511852502194,1.0
2021-03-01 00:15:00+00:00,0.394792604260426,0.0,0.0003511852502194,1.0
2021-03-01 00:30:00+00:00,0.3871324632463246,0.0,0.0003511852502194,1.0
2021-03-01 00:45:00+00:00,0.3794723222322232,0.0,0.0003511852502194,1.0
2021-03-01 01:00:00+00:00,0.3718121812181218,0.0,0.0003511852502194,1.0
2021-03-01 01:15:00+00:00,0.36687106210621057,0.0,0.0003292361720807,1.0
2021-03-01 01:30:00+00:00,0.3619299429942993,0.0,0.000307287093942,1.0
2021-03-01 01:45:00+00:00,0.3569888238823882,0.0,0.0002853380158033,1.0
2021-03-01 02:00:00+00:00,0.352047704770477,0.0,0.0002633889376646,1.0
2021-03-01 02:15:00+00:00,0.3467127962796279,0.0,0.0002633889376646,1.0
2021-03-01 02:30:00+00:00,0.3413778877887788,0.0,0.0002633889376646,1.0
2021-03-01 02:45:00+00:00,0.33604297929792976,0.0,0.0002633889376646,1.0
2021-03-01 03:00:00+00:00,0.3307080708070807,0.0,0.0002633889376646,1.0
2021-03-01 03:15:00+00:00,0.33056743174317427,0.0,0.0002853380158033,1.0
2021-03-01 03:30:00+00:00,0.3304267926792679,0.0,0.000307287093942,1.0
2021-03-01 03:45:00+00:00,0.3302861536153615,0.0,0.0003292361720807,1.0
2021-03-01 04:00:00+00:00,0.3301455145514551,0.0,0.0003511852502194,1.0
2021-03-01 04:15:00+00:00,0.33128937893789373,0.0,0.00041703248463555,1.0
2021-03-01 04:30:00+00:00,0.3324332433243324,0.0,0.0004828797190517,1.0
2021-03-01 04:45:00+00:00,0.33357710771077104,0.0,0.0005487269534678999,1.0
2021-03-01 05:00:00+00:00,0.3347209720972097,0.0,0.0006145741878841,1.0
2021-03-01 05:15:00+00:00,0.33414903990399036,0.0,0.0010974539069359,1.0
2021-03-01 05:30:00+00:00,0.333577107710771,0.0,0.0015803336259877,1.0
2021-03-01 05:45:00+00:00,0.3330051755175517,0.0,0.0020632133450395,1.0
2021-03-01 06:00:00+00:00,0.3324332433243324,0.0,0.0025460930640913,1.0
2021-03-01 06:15:00+00:00,0.33086746174617454,0.0,0.0074407374890254,1.0
2021-03-01 06:30:00+00:00,0.3293016801680167,0.0,0.0123353819139595,1.0
2021-03-01 06:45:00+00:00,0.32773589858985896,0.0,0.0172300263388937,1.0
2021-03-01 07:00:00+00:00,0.3261701170117012,0.0,0.0221246707638279,1.0
2021-03-01 07:15:00+00:00,0.32384488448844884,0.0,0.04543459174714659,1.0
2021-03-01 07:30:00+00:00,0.3215196519651965,0.0,0.0687445127304653,1.0
2021-03-01 07:45:00+00:00,0.31919441944194415,0.0,0.092054433713784,1.0
2021-03-01 08:00:00+00:00,0.3168691869186918,0.0,0.1153643546971027,1.0
2021-03-01 08:15:00+00:00,0.32137901290129006,0.0,0.1425592625109745,1.0
2021-03-01 08:30:00+00:00,0.3258888388838883,0.0,0.1697541703248463,1.0
2021-03-01 08:45:00+00:00,0.3303986648664866,0.0,0.19694907813871815,1.0
2021-03-01 09:00:00+00:00,0.3349084908490849,0.0,0.22414398595259,1.0
2021-03-01 09:15:00+00:00,0.3386119861986199,0.0,0.23900351185250215,1.0
2021-03-01 09:30:00+00:00,0.3423154815481548,0.0,0.2538630377524143,1.0
2021-03-01 09:45:00+00:00,0.34601897689768973,0.0,0.26872256365232655,1.0
2021-03-01 10:00:00+00:00,0.3497224722472247,0.0,0.2835820895522388,1.0
2021-03-01 10:15:00+00:00,0.35743886888688864,0.0,0.29315188762071986,1.0
2021-03-01 10:30:00+00:00,0.3651552655265526,0.0,0.302721685689201,1.0
2021-03-01 10:45:00+00:00,0.3728716621662166,0.0,0.3122914837576821,1.0
2021-03-01 11:00:00+00:00,0.3805880588058806,0.0,0.3218612818261633,1.0
2021-03-01 11:15:00+00:00,0.3833070807080708,0.0,0.3213125548726954,1.0
2021-03-01 11:30:00+00:00,0.386026102610261,0.0,0.3207638279192274,1.0
2021-03-01 11:45:00+00:00,0.3887451245124512,0.0,0.32021510096575945,1.0
2021-03-01 12:00:00+00:00,0.3914641464146414,0.0,0.3196663740122915,1.0
2021-03-01 12:15:00+00:00,0.39194231923192313,0.0,0.31723002633889374,1.0
2021-03-01 12:30:00+00:00,0.3924204920492048,0.0,0.314793678665496,1.0
2021-03-01 12:45:00+00:00,0.39289866486648656,0.0,0.3123573309920983,1.0
2021-03-01 13:00:00+00:00,0.3933768376837683,0.0,0.3099209833187006,1.0
2021-03-01 13:15:00+00:00,0.38688868886888683,0.0,0.3007462686567164,1.0
2021-03-01 13:30:00+00:00,0.3804005400540053,0.0,0.2915715539947322,1.0
2021-03-01 13:45:00+00:00,0.37391239123912384,0.0,0.282396839332748,1.0
2021-03-01 14:00:00+00:00,0.3674242424242424,0.0,0.2732221246707638,1.0
2021-03-01 14:15:00+00:00,0.36252062706270627,0.0,0.2510535557506584,1.0
2021-03-01 14:30:00+00:00,0.3576170117011701,0.0,0.228884986830553,1.0
2021-03-01 14:45:00+00:00,0.35271339633963394,0.0,0.2067164179104477,1.0
2021-03-01 15:00:00+00:00,0.3478097809780978,0.0,0.1845478489903424,1.0
2021-03-01 15:15:00+00:00,0.3444156915691569,0.0,0.16707638279192272,1.0
2021-03-01 15:30:00+00:00,0.341021602160216,0.0,0.149604916593503,1.0
2021-03-01 15:45:00+00:00,0.3376275127512751,0.0,0.13213345039508334,1.0
2021-03-01 16:00:00+00:00,0.3342334233423342,0.0,0.1146619841966637,1.0
2021-03-01 16:15:00+00:00,0.33115811581158106,0.0,0.0952370500438981,1.0
2021-03-01 16:30:00+00:00,0.328082808280828,0.0,0.0758121158911325,1.0
2021-03-01 16:45:00+00:00,0.32500750075007495,0.0,0.056387181738366945,1.0
2021-03-01 17:00:00+00:00,0.3219321932193219,0.0,0.0369622475856014,1.0
2021-03-01 17:15:00+00:00,0.3171504650465047,0.0,0.0287093942054433,1.0
2021-03-01 17:30:00+00:00,0.3123687368736874,0.0,0.0204565408252852,1.0
2021-03-01 17:45:00+00:00,0.3075870087008701,0.0,0.0122036874451272,1.0
2021-03-01 18:00:00+00:00,0.3028052805280528,0.0,0.0039508340649692,1.0
2021-03-01 18:15:00+00:00,0.29779852985298527,0.0,0.0032923617208076,1.0
2021-03-01 18:30:00+00:00,0.2927917791779177,0.0,0.002633889376646,1.0
2021-03-01 18:45:00+00:00,0.2877850285028502,0.0,0.0019754170324845,1.0
2021-03-01 19:00:00+00:00,0.2827782778277827,0.0,0.001316944688323,1.0
2021-03-01 19:15:00+00:00,0.2824219921992198,0.0,0.0012949956101843,1.0
2021-03-01 19:30:00+00:00,0.282065706570657,0.0,0.0012730465320456,1.0
2021-03-01 19:45:00+00:00,0.28170942094209417,0.0,0.0012510974539069,1.0
2021-03-01 20:00:00+00:00,0.2813531353135313,0.0,0.0012291483757682,1.0
2021-03-01 20:15:00+00:00,0.2834720972097209,0.0,0.0012291483757682,1.0
2021-03-01 20:30:00+00:00,0.2855910591059105,0.0,0.0012291483757682,1.0
2021-03-01 20:45:00+00:00,0.28771002100210014,0.0,0.0012291483757682,1.0
2021-03-01 21:00:00+00:00,0.2898289828982898,0.0,0.0012291483757682,1.0
2021-03-01 21:15:00+00:00,0.28856323132313233,0.0,0.0012291483757682,1.0
2021-03-01 21:30:00+00:00,0.2872974797479748,0.0,0.0012291483757682,1.0
2021-03-01 21:45:00+00:00,0.2860317281728173,0.0,0.0012291483757682,1.0
2021-03-01 22:00:00+00:00,0.2847659765976598,0.0,0.0012291483757682,1.0
2021-03-01 22:15:00+00:00,0.2864442694269427,0.0,0.0012949956101843498,1.0
2021-03-01 22:30:00+00:00,0.2881225622562255,0.0,0.0013608428446005,1.0
2021-03-01 22:45:00+00:00,0.28980085508550846,0.0,0.00142669007901665,1.0
2021-03-01 23:00:00+00:00,0.2914791479147914,0.0,0.0014925373134328,1.0
2021-03-01 23:15:00+00:00,0.2908603360336033,0.0,0.0016242317822651,1.0
2021-03-01 23:30:00+00:00,0.2902415241524152,0.0,0.0017559262510974,1.0
2021-03-01 23:45:00+00:00,0.2896227122712271,0.0,0.0018876207199297,1.0
2021-03-02 00:00:00+00:00,0.289003900390039,0.0,0.002019315188762,1.0
2021-03-02 00:15:00+00:00,0.2876631413141314,0.0,0.00210711150131685,1.0
2021-03-02 00:30:00+00:00,0.2863223822382238,0.0,0.0021949078138717,1.0
2021-03-02 00:45:00+00:00,0.28498162316231623,0.0,0.0022827041264266,1.0
2021-03-02 01:00:00+00:00,0.2836408640864086,0.0,0.0023705004389815,1.0
2021-03-02 01:15:00+00:00,0.28268451845184517,0.0,0.0023485513608427497,1.0
2021-03-02 01:30:00+00:00,0.2817281728172817,0.0,0.002326602282704,1.0
2021-03-02 01:45:00+00:00,0.2807718271827182,0.0,0.0023046532045653,1.0
2021-03-02 02:00:00+00:00,0.2798154815481548,0.0,0.0022827041264266,1.0
2021-03-02 02:15:00+00:00,0.27650577557755773,0.0,0.0023046532045653,1.0
2021-03-02 02:30:00+00:00,0.2731960696069607,0.0,0.002326602282704,1.0
2021-03-02 02:45:00+00:00,0.26988636363636365,0.0,0.0023485513608427497,1.0
2021-03-02 03:00:00+00:00,0.2665766576657666,0.0,0.0023705004389815,1.0
2021-03-02 03:15:00+00:00,0.26115736573657367,0.0,0.0023705004389815,1.0
2021-03-02 03:30:00+00:00,0.2557380738073808,0.0,0.0023705004389815,1.0
2021-03-02 03:45:00+00:00,0.25031878187818785,0.0,0.0023705004389815,1.0
2021-03-02 04:00:00+00:00,0.2448994899489949,0.0,0.0023705004389815,1.0
2021-03-02 04:15:00+00:00,0.24143039303930391,0.0,0.00232660228270405,1.0
2021-03-02 04:30:00+00:00,0.2379612961296129,0.0,0.0022827041264266,1.0
2021-03-02 04:45:00+00:00,0.23449219921992193,0.0,0.0022388059701492,1.0
2021-03-02 05:00:00+00:00,0.231023102310231,0.0,0.0021949078138718,1.0
2021-03-02 05:15:00+00:00,0.22886663666366636,0.0,0.0022388059701492,1.0
2021-03-02 05:30:00+00:00,0.2267101710171017,0.0,0.0022827041264266,1.0
2021-03-02 05:45:00+00:00,0.22455370537053704,0.0,0.00232660228270405,1.0
2021-03-02 06:00:00+00:00,0.2223972397239724,0.0,0.0023705004389815,1.0
2021-03-02 06:15:00+00:00,0.21845934593459346,0.0,0.008428446005267699,1.0
2021-03-02 06:30:00+00:00,0.2145214521452145,0.0,0.0144863915715539,1.0
2021-03-02 06:45:00+00:00,0.21058355835583556,0.0,0.020544337137840152,1.0
2021-03-02 07:00:00+00:00,0.2066456645664566,0.0,0.0266022827041264,1.0
2021-03-02 07:15:00+00:00,0.2013107560756075,0.0,0.05131694468832305,1.0
2021-03-02 07:30:00+00:00,0.1959758475847584,0.0,0.0760316066725197,1.0
2021-03-02 07:45:00+00:00,0.19064093909390933,0.0,0.10074626865671635,1.0
2021-03-02 08:00:00+00:00,0.1853060306030603,0.0,0.125460930640913,1.0
2021-03-02 08:15:00+00:00,0.18111498649864985,0.0,0.15331431079894636,1.0
2021-03-02 08:30:00+00:00,0.1769239423942394,0.0,0.1811676909569797,1.0
2021-03-02 08:45:00+00:00,0.17273289828982896,0.0,0.2090210711150131,1.0
2021-03-02 09:00:00+00:00,0.1685418541854185,0.0,0.2368744512730465,1.0
2021-03-02 09:15:00+00:00,0.16784803480348032,0.0,0.26123792800702367,1.0
2021-03-02 09:30:00+00:00,0.1671542154215421,0.0,0.2856014047410008,1.0
2021-03-02 09:45:00+00:00,0.1664603960396039,0.0,0.309964881474978,1.0
2021-03-02 10:00:00+00:00,0.1657665766576657,0.0,0.3343283582089552,1.0
2021-03-02 10:15:00+00:00,0.16656353135313523,0.0,0.3493195785776997,1.0
2021-03-02 10:30:00+00:00,0.1673604860486048,0.0,0.3643107989464442,1.0
2021-03-02 10:45:00+00:00,0.16815744074407435,0.0,0.3793020193151887,1.0
2021-03-02 11:00:00+00:00,0.1689543954395439,0.0,0.3942932396839332,1.0
2021-03-02 11:15:00+00:00,0.16836371137113704,0.0,0.3978489903424055,1.0
2021-03-02 11:30:00+00:00,0.1677730273027302,0.0,0.4014047410008778,1.0
2021-03-02 11:45:00+00:00,0.1671823432343234,0.0,0.4049604916593502,1.0
2021-03-02 12:00:00+00:00,0.1665916591659166,0.0,0.4085162423178226,1.0
2021-03-02 12:15:00+00:00,0.16628225322532247,0.0,0.39692712906057936,1.0
2021-03-02 12:30:00+00:00,0.1659728472847284,0.0,0.3853380158033361,1.0
2021-03-02 12:45:00+00:00,0.16566344134413435,0.0,0.37374890254609294,1.0
2021-03-02 13:00:00+00:00,0.1653540354035403,0.0,0.3621597892888498,1.0
2021-03-02 13:15:00+00:00,0.16337571257125705,0.0,0.3519095697980684,1.0
2021-03-02 13:30:00+00:00,0.1613973897389738,0.0,0.341659350307287,1.0
2021-03-02 13:45:00+00:00,0.1594190669066906,0.0,0.33140913081650564,1.0
2021-03-02 14:00:00+00:00,0.1574407440744074,0.0,0.3211589113257243,1.0
2021-03-02 14:15:00+00:00,0.1545248274827482,0.0,0.3079675153643546,1.0
2021-03-02 14:30:00+00:00,0.151608910891089,0.0,0.294776119402985,1.0
2021-03-02 14:45:00+00:00,0.14869299429942984,0.0,0.2815847234416154,1.0
2021-03-02 15:00:00+00:00,0.1457770777077707,0.0,0.2683933274802458,1.0
2021-03-02 15:15:00+00:00,0.14166104110411032,0.0,0.2449736611062335,1.0
2021-03-02 15:30:00+00:00,0.1375450045004499,0.0,0.2215539947322212,1.0
2021-03-02 15:45:00+00:00,0.1334289678967896,0.0,0.1981343283582089,1.0
2021-03-02 16:00:00+00:00,0.1293129312931293,0.0,0.1747146619841966,1.0
2021-03-02 16:15:00+00:00,0.12499062406240619,0.0,0.14302019315188755,1.0
2021-03-02 16:30:00+00:00,0.1206683168316831,0.0,0.1113257243195785,1.0
2021-03-02 16:45:00+00:00,0.11634600960096005,0.0,0.07963125548726946,1.0
2021-03-02 17:00:00+00:00,0.112023702370237,0.0,0.0479367866549604,1.0
2021-03-02 17:15:00+00:00,0.11206120612061199,0.0,0.0365671641791044,1.0
2021-03-02 17:30:00+00:00,0.112098709870987,0.0,0.0251975417032484,1.0
2021-03-02 17:45:00+00:00,0.11213621362136206,0.0,0.013827919227392401,1.0
2021-03-02 18:00:00+00:00,0.1121737173717371,0.0,0.0024582967515364,1.0
2021-03-02 18:15:00+00:00,0.1137207470747074,0.0,0.0021290605794556,1.0
2021-03-02 18:30:00+00:00,0.1152677767776777,0.0,0.0017998244073748,1.0
2021-03-02 18:45:00+00:00,0.116814806480648,0.0,0.00147058823529405,1.0
2021-03-02 19:00:00+00:00,0.1183618361836183,0.0,0.0011413520632133,1.0
2021-03-02 19:15:00+00:00,0.1179211671167116,0.0,0.00111940298507455,1.0
2021-03-02 19:30:00+00:00,0.1174804980498049,0.0,0.0010974539069358,1.0
2021-03-02 19:45:00+00:00,0.11703982898289825,0.0,0.0010755048287971,1.0
2021-03-02 20:00:00+00:00,0.1165991599159916,0.0,0.0010535557506584,1.0
2021-03-02 20:15:00+00:00,0.11643976897689765,0.0,0.0010535557506584,1.0
2021-03-02 20:30:00+00:00,0.1162803780378037,0.0,0.0010535557506584,1.0
2021-03-02 20:45:00+00:00,0.1161209870987098,0.0,0.0010535557506584,1.0
2021-03-02 21:00:00+00:00,0.1159615961596159,0.0,0.0010535557506584,1.0
2021-03-02 21:15:00+00:00,0.11398327332733266,0.0,0.0010974539069358502,1.0
2021-03-02 21:30:00+00:00,0.1120049504950494,0.0,0.0011413520632133,1.0
2021-03-02 21:45:00+00:00,0.11002662766276619,0.0,0.00118525021949075,1.0
2021-03-02 22:00:00+00:00,0.108048304830483,0.0,0.0012291483757682,1.0
2021-03-02 22:15:00+00:00,0.10760763576357629,0.0,0.0012291483757682,1.0
2021-03-02 22:30:00+00:00,0.1071669666966696,0.0,0.0012291483757682,1.0
2021-03-02 22:45:00+00:00,0.1067262976297629,0.0,0.0012291483757682,1.0
2021-03-02 23:00:00+00:00,0.1062856285628562,0.0,0.0012291483757682,1.0
2021-03-02 23:15:00+00:00,0.10486986198619855,0.0,0.0012291483757682,1.0
2021-03-02 23:30:00+00:00,0.1034540954095409,0.0,0.0012291483757682,1.0
2021-03-02 23:45:00+00:00,0.10203832883288325,0.0,0.0012291483757682,1.0
2021-03-03 00:00:00+00:00,0.1006225622562256,0.0,0.0012291483757682,1.0
2021-03-03 00:15:00+00:00,0.09989123912391235,0.0,0.0012291483757682,1.0
2021-03-03 00:30:00+00:00,0.0991599159915991,0.0,0.0012291483757682,1.0
2021-03-03 00:45:00+00:00,0.0984285928592859,0.0,0.0012291483757682,1.0
2021-03-03 01:00:00+00:00,0.0976972697269727,0.0,0.0012291483757682,1.0
2021-03-03 01:15:00+00:00,0.09737848784878485,0.0,0.0012291483757682,1.0
2021-03-03 01:30:00+00:00,0.097059705970597,0.0,0.0012291483757682,1.0
2021-03-03 01:45:00+00:00,0.0967409240924092,0.0,0.0012291483757682,1.0
2021-03-03 02:00:00+00:00,0.0964221422142214,0.0,0.0012291483757682,1.0
2021-03-03 02:15:00+00:00,0.0954939243924392,0.0,0.0012291483757682,1.0
2021-03-03 02:30:00+00:00,0.094565706570657,0.0,0.0012291483757682,1.0
2021-03-03 02:45:00+00:00,0.09363748874887486,0.0,0.0012291483757682,1.0
2021-03-03 03:00:00+00:00,0.0927092709270927,0.0,0.0012291483757682,1.0
2021-03-03 03:15:00+00:00,0.09241861686168615,0.0,0.0012291483757682,1.0
2021-03-03 03:30:00+00:00,0.0921279627962796,0.0,0.0012291483757682,1.0
2021-03-03 03:45:00+00:00,0.09183730873087306,0.0,0.0012291483757682,1.0
2021-03-03 04:00:00+00:00,0.0915466546654665,0.0,0.0012291483757682,1.0
2021-03-03 04:15:00+00:00,0.0916310381038103,0.0,0.0012071992976294501,1.0
2021-03-03 04:30:00+00:00,0.0917154215421541,0.0,0.0011852502194907,1.0
2021-03-03 04:45:00+00:00,0.09179980498049795,0.0,0.001163301141352,1.0
2021-03-03 05:00:00+00:00,0.0918841884188418,0.0,0.0011413520632133,1.0
2021-03-03 05:15:00+00:00,0.0924092409240923,0.0,0.0012510974539069,1.0
2021-03-03 05:30:00+00:00,0.0929342934293428,0.0,0.0013608428446005,1.0
2021-03-03 05:45:00+00:00,0.09345934593459335,0.0,0.0014705882352940998,1.0
2021-03-03 06:00:00+00:00,0.0939843984398439,0.0,0.0015803336259877,1.0
2021-03-03 06:15:00+00:00,0.09196857185718565,0.0,0.00796751536435465,1.0
2021-03-03 06:30:00+00:00,0.0899527452745274,0.0,0.0143546971027216,1.0
2021-03-03 06:45:00+00:00,0.08793691869186915,0.0,0.0207418788410886,1.0
2021-03-03 07:00:00+00:00,0.0859210921092109,0.0,0.0271290605794556,1.0
2021-03-03 07:15:00+00:00,0.08345522052205215,0.0,0.052875329236172,1.0
2021-03-03 07:30:00+00:00,0.0809893489348934,0.0,0.0786215978928884,1.0
2021-03-03 07:45:00+00:00,0.07852347734773471,0.0,0.10436786654960487,1.0
2021-03-03 08:00:00+00:00,0.076057605760576,0.0,0.1301141352063213,1.0
2021-03-03 08:15:00+00:00,0.07486686168616855,0.0,0.16064530289727824,1.0
2021-03-03 08:30:00+00:00,0.0736761176117611,0.0,0.1911764705882352,1.0
2021-03-03 08:45:00+00:00,0.07248537353735365,0.0,0.2217076382791922,1.0
2021-03-03 09:00:00+00:00,0.0712946294629462,0.0,0.2522388059701492,1.0
2021-03-03 09:15:00+00:00,0.0732073207320731,0.0,0.27374890254609296,1.0
2021-03-03 09:30:00+00:00,0.0751200120012,0.0,0.2952589991220368,1.0
2021-03-03 09:45:00+00:00,0.07703270327032695,0.0,0.3167690956979806,1.0
2021-03-03 10:00:00+00:00,0.0789453945394539,0.0,0.3382791922739245,1.0
2021-03-03 10:15:00+00:00,0.0829864236423642,0.0,0.35601404741000875,1.0
2021-03-03 10:30:00+00:00,0.0870274527452745,0.0,0.373748902546093,1.0
2021-03-03 10:45:00+00:00,0.0910684818481848,0.0,0.3914837576821773,1.0
2021-03-03 11:00:00+00:00,0.0951095109510951,0.0,0.4092186128182616,1.0
2021-03-03 11:15:00+00:00,0.09689093909390935,0.0,0.4185030728709394,1.0
2021-03-03 11:30:00+00:00,0.0986723672367236,0.0,0.4277875329236172,1.0
2021-03-03 11:45:00+00:00,0.1004537953795379,0.0,0.437071992976295,1.0
2021-03-03 12:00:00+00:00,0.1022352235223522,0.0,0.4463564530289728,1.0
2021-03-03 12:15:00+00:00,0.10197269726972691,0.0,0.44806848112379283,1.0
2021-03-03 12:30:00+00:00,0.1017101710171016,0.0,0.4497805092186128,1.0
2021-03-03 12:45:00+00:00,0.10144764476447635,0.0,0.45149253731343286,1.0
2021-03-03 13:00:00+00:00,0.1011851185118511,0.0,0.4532045654082529,1.0
2021-03-03 13:15:00+00:00,0.10050067506750665,0.0,0.4435689201053556,1.0
2021-03-03 13:30:00+00:00,0.0998162316231622,0.0,0.4339332748024583,1.0
2021-03-03 13:45:00+00:00,0.09913178817881779,0.0,0.424297629499561,1.0
2021-03-03 14:00:00+00:00,0.0984473447344734,0.0,0.4146619841966637,1.0
2021-03-03 14:15:00+00:00,0.09688156315631555,0.0,0.3957638279192274,1.0
2021-03-03 14:30:00+00:00,0.0953157815781577,0.0,0.3768656716417911,1.0
2021-03-03 14:45:00+00:00,0.0937499999999999,0.0,0.3579675153643547,1.0
2021-03-03 15:00:00+00:00,0.0921842184218421,0.0,0.3390693590869184,1.0
2021-03-03 15:15:00+00:00,0.0914903990399039,0.0,0.3061896400351185,1.0
2021-03-03 15:30:00+00:00,0.0907965796579657,0.0,0.2733099209833187,1.0
2021-03-03 15:45:00+00:00,0.09010276027602755,0.0,0.24043020193151884,1.0
2021-03-03 16:00:00+00:00,0.0894089408940894,0.0,0.207550482879719,1.0
2021-03-03 16:15:00+00:00,0.088255700570057,0.0,0.1701273046532045,1.0
2021-03-03 16:30:00+00:00,0.0871024602460246,0.0,0.13270412642669,1.0
2021-03-03 16:45:00+00:00,0.0859492199219922,0.0,0.09528094820017555,1.0
2021-03-03 17:00:00+00:00,0.0847959795979598,0.0,0.0578577699736611,1.0
2021-03-03 17:15:00+00:00,0.08425217521752175,0.0,0.04442493415276555,1.0
2021-03-03 17:30:00+00:00,0.0837083708370837,0.0,0.03099209833187,1.0
2021-03-03 17:45:00+00:00,0.08316456645664565,0.0,0.017559262510974498,1.0
2021-03-03 18:00:00+00:00,0.0826207620762076,0.0,0.004126426690079,1.0
2021-03-03 18:15:00+00:00,0.08632425742574255,0.0,0.00384108867427565,1.0
2021-03-03 18:30:00+00:00,0.0900277527752775,0.0,0.0035557506584723,1.0
2021-03-03 18:45:00+00:00,0.09373124812481246,0.0,0.00327041264266895,1.0
2021-03-03 19:00:00+00:00,0.0974347434743474,0.0,0.0029850746268656,1.0
2021-03-03 19:15:00+00:00,0.09908490849084906,0.0,0.00296312554872685,1.0
2021-03-03 19:30:00+00:00,0.1007350735073507,0.0,0.0029411764705881,1.0
2021-03-03 19:45:00+00:00,0.10238523852385234,0.0,0.0029192273924494,1.0
2021-03-03 20:00:00+00:00,0.104035403540354,0.0,0.0028972783143107,1.0
2021-03-03 20:15:00+00:00,0.10727010201020096,0.0,0.0029192273924494,1.0
2021-03-03 20:30:00+00:00,0.1105048004800479,0.0,0.0029411764705881,1.0
2021-03-03 20:45:00+00:00,0.11373949894989491,0.0,0.00296312554872685,1.0
2021-03-03 21:00:00+00:00,0.1169741974197419,0.0,0.0029850746268656,1.0
2021-03-03 21:15:00+00:00,0.1209870987098709,0.0,0.0029850746268656,1.0
2021-03-03 21:30:00+00:00,0.1249999999999999,0.0,0.0029850746268656,1.0
2021-03-03 21:45:00+00:00,0.12901290129012896,0.0,0.0029850746268656,1.0
2021-03-03 22:00:00+00:00,0.133025802580258,0.0,0.0029850746268656,1.0
2021-03-03 22:15:00+00:00,0.1366261626162616,0.0,0.0025241439859525,1.0
2021-03-03 22:30:00+00:00,0.1402265226522652,0.0,0.0020632133450394,1.0
2021-03-03 22:45:00+00:00,0.14382688268826882,0.0,0.0016022827041263501,1.0
2021-03-03 23:00:00+00:00,0.1474272427242724,0.0,0.0011413520632133,1.0
2021-03-03 23:15:00+00:00,0.14868361836183613,0.0,0.0011413520632133,1.0
2021-03-03 23:30:00+00:00,0.1499399939993999,0.0,0.0011413520632133,1.0
2021-03-03 23:45:00+00:00,0.15119636963696365,0.0,0.0011413520632133,1.0
2021-03-04 00:00:00+00:00,0.1524527452745274,0.0,0.0011413520632133,1.0
2021-03-04 00:15:00+00:00,0.15181518151815176,0.0,0.00111940298507455,1.0
2021-03-04 00:30:00+00:00,0.1511776177617761,0.0,0.0010974539069358,1.0
2021-03-04 00:45:00+00:00,0.1505400540054005,0.0,0.0010755048287971,1.0
2021-03-04 01:00:00+00:00,0.1499024902490249,0.0,0.0010535557506584,1.0
2021-03-04 01:15:00+00:00,0.14958370837083707,0.0,0.0010755048287971,1.0
2021-03-04 01:30:00+00:00,0.1492649264926492,0.0,0.0010974539069358,1.0
2021-03-04 01:45:00+00:00,0.1489461446144614,0.0,0.00111940298507455,1.0
2021-03-04 02:00:00+00:00,0.1486273627362736,0.0,0.0011413520632133,1.0
2021-03-04 02:15:00+00:00,0.148805505550555,0.0,0.0011413520632133,1.0
2021-03-04 02:30:00+00:00,0.1489836483648364,0.0,0.0011413520632133,1.0
2021-03-04 02:45:00+00:00,0.14916179117911785,0.0,0.0011413520632133,1.0
2021-03-04 03:00:00+00:00,0.1493399339933993,0.0,0.0011413520632133,1.0
2021-03-04 03:15:00+00:00,0.14901177617761768,0.0,0.0011413520632133,1.0
2021-03-04 03:30:00+00:00,0.1486836183618361,0.0,0.0011413520632133,1.0
2021-03-04 03:45:00+00:00,0.14835546054605456,0.0,0.0011413520632133,1.0
2021-03-04 04:00:00+00:00,0.148027302730273,0.0,0.0011413520632133,1.0
2021-03-04 04:15:00+00:00,0.14609585958595855,0.0,0.0011413520632133,1.0
2021-03-04 04:30:00+00:00,0.1441644164416441,0.0,0.0011413520632133,1.0
2021-03-04 04:45:00+00:00,0.1422329732973297,0.0,0.0011413520632133,1.0
2021-03-04 05:00:00+00:00,0.1403015301530153,0.0,0.0011413520632133,1.0
2021-03-04 05:15:00+00:00,0.1396077107710771,0.0,0.0012730465320456,1.0
2021-03-04 05:30:00+00:00,0.1389138913891389,0.0,0.0014047410008779,1.0
2021-03-04 05:45:00+00:00,0.1382200720072007,0.0,0.0015364354697102,1.0
2021-03-04 06:00:00+00:00,0.1375262526252625,0.0,0.0016681299385425,1.0
2021-03-04 06:15:00+00:00,0.1368511851185118,0.0,0.013015803336259799,1.0
2021-03-04 06:30:00+00:00,0.1361761176117611,0.0,0.0243634767339771,1.0
2021-03-04 06:45:00+00:00,0.13550105010501046,0.0,0.0357111501316944,1.0
2021-03-04 07:00:00+00:00,0.1348259825982598,0.0,0.0470588235294117,1.0
2021-03-04 07:15:00+00:00,0.13201320132013195,0.0,0.07638279192273914,1.0
2021-03-04 07:30:00+00:00,0.1292004200420041,0.0,0.1057067603160666,1.0
2021-03-04 07:45:00+00:00,0.1263876387638763,0.0,0.13503072870939414,1.0
2021-03-04 08:00:00+00:00,0.1235748574857485,0.0,0.1643546971027217,1.0
2021-03-04 08:15:00+00:00,0.1215121512151214,0.0,0.20068042142230025,1.0
2021-03-04 08:30:00+00:00,0.1194494449444943,0.0,0.2370061457418788,1.0
2021-03-04 08:45:00+00:00,0.1173867386738673,0.0,0.2733318700614574,1.0
2021-03-04 09:00:00+00:00,0.1153240324032403,0.0,0.309657594381036,1.0
2021-03-04 09:15:00+00:00,0.11499587458745869,0.0,0.33397717295873575,1.0
2021-03-04 09:30:00+00:00,0.1146677167716771,0.0,0.3582967515364355,1.0
2021-03-04 09:45:00+00:00,0.11433955895589555,0.0,0.3826163301141352,1.0
2021-03-04 10:00:00+00:00,0.114011401140114,0.0,0.4069359086918349,1.0
2021-03-04 10:15:00+00:00,0.1143020552055205,0.0,0.4206101843722563,1.0
2021-03-04 10:30:00+00:00,0.114592709270927,0.0,0.4342844600526777,1.0
2021-03-04 10:45:00+00:00,0.11488336333633356,0.0,0.44795873573309913,1.0
2021-03-04 11:00:00+00:00,0.1151740174017401,0.0,0.4616330114135206,1.0
2021-03-04 11:15:00+00:00,0.1159615961596159,0.0,0.46378402107111494,1.0
2021-03-04 11:30:00+00:00,0.1167491749174917,0.0,0.4659350307287093,1.0
2021-03-04 11:45:00+00:00,0.1175367536753675,0.0,0.4680860403863037,1.0
2021-03-04 12:00:00+00:00,0.1183243324332433,0.0,0.4702370500438981,1.0
2021-03-04 12:15:00+00:00,0.11789303930393036,0.0,0.4576163301141351,1.0
2021-03-04 12:30:00+00:00,0.1174617461746174,0.0,0.4449956101843721,1.0
2021-03-04 12:45:00+00:00,0.11703045304530449,0.0,0.4323748902546092,1.0
2021-03-04 13:00:00+00:00,0.1165991599159916,0.0,0.4197541703248463,1.0
2021-03-04 13:15:00+00:00,0.11645852085208519,0.0,0.41294995610184365,1.0
2021-03-04 13:30:00+00:00,0.1163178817881788,0.0,0.406145741878841,1.0
2021-03-04 13:45:00+00:00,0.1161772427242724,0.0,0.3993415276558384,1.0
2021-03-04 14:00:00+00:00,0.116036603660366,0.0,0.3925373134328358,1.0
2021-03-04 14:15:00+00:00,0.11475210021002094,0.0,0.3740561896400351,1.0
2021-03-04 14:30:00+00:00,0.1134675967596759,0.0,0.3555750658472344,1.0
2021-03-04 14:45:00+00:00,0.1121830933093309,0.0,0.3370939420544337,1.0
2021-03-04 15:00:00+00:00,0.1108985898589859,0.0,0.318612818261633,1.0
2021-03-04 15:15:00+00:00,0.1108235823582358,0.0,0.28522827041264265,1.0
2021-03-04 15:30:00+00:00,0.1107485748574857,0.0,0.2518437225636523,1.0
2021-03-04 15:45:00+00:00,0.11067356735673564,0.0,0.21845917471466195,1.0
2021-03-04 16:00:00+00:00,0.1105985598559856,0.0,0.1850746268656716,1.0
2021-03-04 16:15:00+00:00,0.11146114611461144,0.0,0.1505487269534679,1.0
2021-03-04 16:30:00+00:00,0.1123237323732373,0.0,0.1160228270412642,1.0
2021-03-04 16:45:00+00:00,0.11318631863186315,0.0,0.0814969271290605,1.0
2021-03-04 17:00:00+00:00,0.114048904890489,0.0,0.0469710272168568,1.0
2021-03-04 17:15:00+00:00,0.1164210171017101,0.0,0.0363476733977172,1.0
2021-03-04 17:30:00+00:00,0.1187931293129312,0.0,0.0257243195785776,1.0
2021-03-04 17:45:00+00:00,0.12116524152415235,0.0,0.015100965759438052,1.0
2021-03-04 18:00:00+00:00,0.1235373537353735,0.0,0.0044776119402985,1.0
2021-03-04 18:15:00+00:00,0.12812218721872182,0.0,0.004323968393327399,1.0
2021-03-04 18:30:00+00:00,0.1327070207020701,0.0,0.0041703248463563,1.0
2021-03-04 18:45:00+00:00,0.13729185418541845,0.0,0.0040166812993853,1.0
2021-03-04 19:00:00+00:00,0.1418766876687668,0.0,0.0038630377524143,1.0
2021-03-04 19:15:00+00:00,0.1462552505250524,0.0,0.0038630377524143,1.0
2021-03-04 19:30:00+00:00,0.150633813381338,0.0,0.0038630377524143,1.0
2021-03-04 19:45:00+00:00,0.1550123762376237,0.0,0.0038630377524143,1.0
2021-03-04 20:00:00+00:00,0.1593909390939094,0.0,0.0038630377524143,1.0
2021-03-04 20:15:00+00:00,0.16410703570357033,0.0,0.003884986830553,1.0
2021-03-04 20:30:00+00:00,0.1688231323132313,0.0,0.0039069359086917,1.0
2021-03-04 20:45:00+00:00,0.17353922892289225,0.0,0.0039288849868304495,1.0
2021-03-04 21:00:00+00:00,0.1782553255325532,0.0,0.0039508340649692,1.0
2021-03-04 21:15:00+00:00,0.17979297929792976,0.0,0.003577699736611,1.0
2021-03-04 21:30:00+00:00,0.1813306330633063,0.0,0.0032045654082528,1.0
2021-03-04 21:45:00+00:00,0.18286828682868284,0.0,0.0028314310798946,1.0
2021-03-04 22:00:00+00:00,0.1844059405940594,0.0,0.0024582967515364,1.0
2021-03-04 22:15:00+00:00,0.18424654965496545,0.0,0.00230465320456535,1.0
2021-03-04 22:30:00+00:00,0.1840871587158715,0.0,0.0021510096575943,1.0
2021-03-04 22:45:00+00:00,0.1839277677767776,0.0,0.0019973661106233,1.0
2021-03-04 23:00:00+00:00,0.1837683768376837,0.0,0.0018437225636523,1.0
2021-03-04 23:15:00+00:00,0.18123687368736865,0.0,0.0018437225636523,1.0
2021-03-04 23:30:00+00:00,0.1787053705370536,0.0,0.0018437225636523,1.0
2021-03-04 23:45:00+00:00,0.1761738673867386,0.0,0.0018437225636523,1.0
2021-03-05 00:00:00+00:00,0.1736423642364236,0.0,0.0018437225636523,1.0
2021-03-05 00:15:00+00:00,0.17109210921092105,0.0,0.00182177348551355,1.0
2021-03-05 00:30:00+00:00,0.1685418541854185,0.0,0.0017998244073748,1.0
2021-03-05 00:45:00+00:00,0.16599159915991596,0.0,0.0017778753292361,1.0
2021-03-05 01:00:00+00:00,0.1634413441344134,0.0,0.0017559262510974,1.0
2021-03-05 01:15:00+00:00,0.16141614161416135,0.0,0.0017778753292361,1.0
2021-03-05 01:30:00+00:00,0.1593909390939093,0.0,0.0017998244073748,1.0
2021-03-05 01:45:00+00:00,0.15736573657365732,0.0,0.00182177348551355,1.0
2021-03-05 02:00:00+00:00,0.1553405340534053,0.0,0.0018437225636523,1.0
2021-03-05 02:15:00+00:00,0.1548811131113111,0.0,0.0018437225636523,1.0
2021-03-05 02:30:00+00:00,0.1544216921692169,0.0,0.0018437225636523,1.0
2021-03-05 02:45:00+00:00,0.1539622712271227,0.0,0.0018437225636523,1.0
2021-03-05 03:00:00+00:00,0.1535028502850285,0.0,0.0018437225636523,1.0
2021-03-05 03:15:00+00:00,0.15405603060306028,0.0,0.0018437225636523,1.0
2021-03-05 03:30:00+00:00,0.1546092109210921,0.0,0.0018437225636523,1.0
2021-03-05 03:45:00+00:00,0.1551623912391239,0.0,0.0018437225636523,1.0
2021-03-05 04:00:00+00:00,0.1557155715571557,0.0,0.0018437225636523,1.0
2021-03-05 04:15:00+00:00,0.1581064356435643,0.0,0.00182177348551355,1.0
2021-03-05 04:30:00+00:00,0.1604972997299729,0.0,0.0017998244073748,1.0
2021-03-05 04:45:00+00:00,0.16288816381638155,0.0,0.0017778753292361,1.0
2021-03-05 05:00:00+00:00,0.1652790279027902,0.0,0.0017559262510974,1.0
2021-03-05 05:15:00+00:00,0.16725735073507345,0.0,0.0019095697980684,1.0
2021-03-05 05:30:00+00:00,0.1692356735673567,0.0,0.0020632133450394,1.0
2021-03-05 05:45:00+00:00,0.17121399639963994,0.0,0.00221685689201045,1.0
2021-03-05 06:00:00+00:00,0.1731923192319232,0.0,0.0023705004389815,1.0
2021-03-05 06:15:00+00:00,0.1740455295529553,0.0,0.010579455662862098,1.0
2021-03-05 06:30:00+00:00,0.1748987398739874,0.0,0.0187884108867427,1.0
2021-03-05 06:45:00+00:00,0.17575195019501952,0.0,0.0269973661106233,1.0
2021-03-05 07:00:00+00:00,0.1766051605160516,0.0,0.0352063213345039,1.0
2021-03-05 07:15:00+00:00,0.17523627362736272,0.0,0.05665057067603155,1.0
2021-03-05 07:30:00+00:00,0.1738673867386738,0.0,0.0780948200175592,1.0
2021-03-05 07:45:00+00:00,0.17249849984998494,0.0,0.09953906935908685,1.0
2021-03-05 08:00:00+00:00,0.1711296129612961,0.0,0.1209833187006145,1.0
2021-03-05 08:15:00+00:00,0.16954507950795075,0.0,0.1464442493415276,1.0
2021-03-05 08:30:00+00:00,0.1679605460546054,0.0,0.1719051799824407,1.0
2021-03-05 08:45:00+00:00,0.16637601260126006,0.0,0.1973661106233538,1.0
2021-03-05 09:00:00+00:00,0.1647914791479147,0.0,0.2228270412642669,1.0
2021-03-05 09:15:00+00:00,0.1646039603960395,0.0,0.2417910447761194,1.0
2021-03-05 09:30:00+00:00,0.1644164416441643,0.0,0.2607550482879719,1.0
2021-03-05 09:45:00+00:00,0.16422892289228913,0.0,0.27971905179982437,1.0
2021-03-05 10:00:00+00:00,0.164041404140414,0.0,0.2986830553116769,1.0
2021-03-05 10:15:00+00:00,0.17031390639063898,0.0,0.3071553994732221,1.0
2021-03-05 10:30:00+00:00,0.176586408640864,0.0,0.3156277436347673,1.0
2021-03-05 10:45:00+00:00,0.18285891089108905,0.0,0.32410008779631255,1.0
2021-03-05 11:00:00+00:00,0.1891314131413141,0.0,0.3325724319578578,1.0
2021-03-05 11:15:00+00:00,0.1930036753675367,0.0,0.33604038630377525,1.0
2021-03-05 11:30:00+00:00,0.1968759375937593,0.0,0.3395083406496927,1.0
2021-03-05 11:45:00+00:00,0.20074819981998193,0.0,0.3429762949956102,1.0
2021-03-05 12:00:00+00:00,0.2046204620462046,0.0,0.3464442493415277,1.0
2021-03-05 12:15:00+00:00,0.2065800330033003,0.0,0.34457857769973665,1.0
2021-03-05 12:30:00+00:00,0.208539603960396,0.0,0.3427129060579456,1.0
2021-03-05 12:45:00+00:00,0.2104991749174917,0.0,0.3408472344161545,1.0
2021-03-05 13:00:00+00:00,0.2124587458745874,0.0,0.3389815627743635,1.0
2021-03-05 13:15:00+00:00,0.21744674467446734,0.0,0.33081650570676036,1.0
2021-03-05 13:30:00+00:00,0.2224347434743473,0.0,0.3226514486391572,1.0
2021-03-05 13:45:00+00:00,0.22742274227422735,0.0,0.314486391571554,1.0
2021-03-05 14:00:00+00:00,0.2324107410741074,0.0,0.3063213345039508,1.0
2021-03-05 14:15:00+00:00,0.23819569456945688,0.0,0.29712467076382787,1.0
2021-03-05 14:30:00+00:00,0.2439806480648064,0.0,0.2879280070237049,1.0
2021-03-05 14:45:00+00:00,0.24976560156015595,0.0,0.278731343283582,1.0
2021-03-05 15:00:00+00:00,0.2555505550555055,0.0,0.2695346795434591,1.0
2021-03-05 15:15:00+00:00,0.26145739573957394,0.0,0.24626865671641784,1.0
2021-03-05 15:30:00+00:00,0.2673642364236424,0.0,0.2230026338893766,1.0
2021-03-05 15:45:00+00:00,0.2732710771077108,0.0,0.19973661106233537,1.0
2021-03-05 16:00:00+00:00,0.2791779177917792,0.0,0.1764705882352941,1.0
2021-03-05 16:15:00+00:00,0.28520664566456644,0.0,0.14512730465320456,1.0
2021-03-05 16:30:00+00:00,0.2912353735373537,0.0,0.113784021071115,1.0
2021-03-05 16:45:00+00:00,0.297264101410141,0.0,0.08244073748902545,1.0
2021-03-05 17:00:00+00:00,0.3032928292829283,0.0,0.0510974539069359,1.0
2021-03-05 17:15:00+00:00,0.31151552655265524,0.0,0.03922300263388935,1.0
2021-03-05 17:30:00+00:00,0.3197382238223822,0.0,0.0273485513608428,1.0
2021-03-05 17:45:00+00:00,0.32796092109210917,0.0,0.015474100087796249,1.0
2021-03-05 18:00:00+00:00,0.3361836183618362,0.0,0.0035996488147497,1.0
2021-03-05 18:15:00+00:00,0.34221234623462343,0.0,0.0030509218612817498,1.0
2021-03-05 18:30:00+00:00,0.3482410741074107,0.0,0.0025021949078138,1.0
2021-03-05 18:45:00+00:00,0.354269801980198,0.0,0.00195346795434585,1.0
2021-03-05 19:00:00+00:00,0.3602985298529852,0.0,0.0014047410008779,1.0
2021-03-05 19:15:00+00:00,0.36472397239723964,0.0,0.0013827919227391498,1.0
2021-03-05 19:30:00+00:00,0.3691494149414941,0.0,0.0013608428446004,1.0
2021-03-05 19:45:00+00:00,0.3735748574857486,0.0,0.0013388937664617,1.0
2021-03-05 20:00:00+00:00,0.378000300030003,0.0,0.001316944688323,1.0
2021-03-05 20:15:00+00:00,0.37931293129312926,0.0,0.0012949956101843,1.0
2021-03-05 20:30:00+00:00,0.3806255625562555,0.0,0.0012730465320456,1.0
2021-03-05 20:45:00+00:00,0.3819381938193819,0.0,0.0012510974539069,1.0
2021-03-05 21:00:00+00:00,0.3832508250825082,0.0,0.0012291483757682,1.0
2021-03-05 21:15:00+00:00,0.3815631563156315,0.0,0.0012291483757682,1.0
2021-03-05 21:30:00+00:00,0.3798754875487548,0.0,0.0012291483757682,1.0
2021-03-05 21:45:00+00:00,0.3781878187818781,0.0,0.0012291483757682,1.0
2021-03-05 22:00:00+00:00,0.3765001500150015,0.0,0.0012291483757682,1.0
2021-03-05 22:15:00+00:00,0.3735936093609361,0.0,0.0012510974539069,1.0
2021-03-05 22:30:00+00:00,0.3706870687068707,0.0,0.0012730465320456,1.0
2021-03-05 22:45:00+00:00,0.36778052805280526,0.0,0.0012949956101843,1.0
2021-03-05 23:00:00+00:00,0.3648739873987399,0.0,0.001316944688323,1.0
2021-03-05 23:15:00+00:00,0.3615549054905491,0.0,0.001316944688323,1.0
2021-03-05 23:30:00+00:00,0.3582358235823583,0.0,0.001316944688323,1.0
2021-03-05 23:45:00+00:00,0.3549167416741674,0.0,0.001316944688323,1.0
2021-03-06 00:00:00+00:00,0.3515976597659766,0.0,0.001316944688323,1.0
2021-03-06 00:15:00+00:00,0.3473128562856286,0.0,0.001316944688323,1.0
2021-03-06 00:30:00+00:00,0.3430280528052805,0.0,0.001316944688323,1.0
2021-03-06 00:45:00+00:00,0.33874324932493244,0.0,0.001316944688323,1.0
2021-03-06 01:00:00+00:00,0.3344584458445844,0.0,0.001316944688323,1.0
2021-03-06 01:15:00+00:00,0.32737023702370227,0.0,0.001316944688323,1.0
2021-03-06 01:30:00+00:00,0.3202820282028202,0.0,0.001316944688323,1.0
2021-03-06 01:45:00+00:00,0.31319381938193813,0.0,0.001316944688323,1.0
2021-03-06 02:00:00+00:00,0.3061056105610561,0.0,0.001316944688323,1.0
2021-03-06 02:15:00+00:00,0.3000862586258626,0.0,0.001316944688323,1.0
2021-03-06 02:30:00+00:00,0.294066906690669,0.0,0.001316944688323,1.0
2021-03-06 02:45:00+00:00,0.2880475547554755,0.0,0.001316944688323,1.0
2021-03-06 03:00:00+00:00,0.282028202820282,0.0,0.001316944688323,1.0
2021-03-06 03:15:00+00:00,0.27728397839783975,0.0,0.001316944688323,1.0
2021-03-06 03:30:00+00:00,0.2725397539753975,0.0,0.001316944688323,1.0
2021-03-06 03:45:00+00:00,0.26779552955295527,0.0,0.001316944688323,1.0
2021-03-06 04:00:00+00:00,0.263051305130513,0.0,0.001316944688323,1.0
2021-03-06 04:15:00+00:00,0.25999474947494744,0.0,0.0012949956101843,1.0
2021-03-06 04:30:00+00:00,0.2569381938193819,0.0,0.0012730465320456,1.0
2021-03-06 04:45:00+00:00,0.25388163816381637,0.0,0.0012510974539069,1.0
2021-03-06 05:00:00+00:00,0.2508250825082508,0.0,0.0012291483757682,1.0
2021-03-06 05:15:00+00:00,0.24779665466546652,0.0,0.00144863915715535,1.0
2021-03-06 05:30:00+00:00,0.2447682268226822,0.0,0.0016681299385425,1.0
2021-03-06 05:45:00+00:00,0.24173979897989795,0.0,0.0018876207199297,1.0
2021-03-06 06:00:00+00:00,0.2387113711371137,0.0,0.0021071115013169,1.0
2021-03-06 06:15:00+00:00,0.23327332733273326,0.0,0.016439859525899853,1.0
2021-03-06 06:30:00+00:00,0.2278352835283528,0.0,0.0307726075504828,1.0
2021-03-06 06:45:00+00:00,0.22239723972397235,0.0,0.0451053555750658,1.0
2021-03-06 07:00:00+00:00,0.2169591959195919,0.0,0.0594381035996488,1.0
2021-03-06 07:15:00+00:00,0.2098522352235223,0.0,0.1016242317822651,1.0
2021-03-06 07:30:00+00:00,0.2027452745274527,0.0,0.1438103599648814,1.0
2021-03-06 07:45:00+00:00,0.1956383138313831,0.0,0.18599648814749775,1.0
2021-03-06 08:00:00+00:00,0.1885313531353135,0.0,0.2281826163301141,1.0
2021-03-06 08:15:00+00:00,0.1852966546654665,0.0,0.2601843722563652,1.0
2021-03-06 08:30:00+00:00,0.1820619561956195,0.0,0.2921861281826163,1.0
2021-03-06 08:45:00+00:00,0.17882725772577254,0.0,0.3241878841088674,1.0
2021-03-06 09:00:00+00:00,0.1755925592559256,0.0,0.3561896400351185,1.0
2021-03-06 09:15:00+00:00,0.1723297329732973,0.0,0.3785557506584723,1.0
2021-03-06 09:30:00+00:00,0.169066906690669,0.0,0.4009218612818261,1.0
2021-03-06 09:45:00+00:00,0.16580408040804076,0.0,0.42328797190517997,1.0
2021-03-06 10:00:00+00:00,0.1625412541254125,0.0,0.4456540825285338,1.0
2021-03-06 10:15:00+00:00,0.15741261626162611,0.0,0.4563213345039508,1.0
2021-03-06 10:30:00+00:00,0.1522839783978397,0.0,0.4669885864793678,1.0
2021-03-06 10:45:00+00:00,0.14715534053405335,0.0,0.4776558384547849,1.0
2021-03-06 11:00:00+00:00,0.142026702670267,0.0,0.4883230904302019,1.0
2021-03-06 11:15:00+00:00,0.13963583858385836,0.0,0.48755487269534675,1.0
2021-03-06 11:30:00+00:00,0.1372449744974497,0.0,0.4867866549604916,1.0
2021-03-06 11:45:00+00:00,0.13485411041104106,0.0,0.48601843722563653,1.0
2021-03-06 12:00:00+00:00,0.1324632463246324,0.0,0.4852502194907814,1.0
2021-03-06 12:15:00+00:00,0.1311974947494749,0.0,0.4722563652326602,1.0
2021-03-06 12:30:00+00:00,0.1299317431743174,0.0,0.459262510974539,1.0
2021-03-06 12:45:00+00:00,0.12866599159915992,0.0,0.44626865671641786,1.0
2021-03-06 13:00:00+00:00,0.1274002400240024,0.0,0.4332748024582967,1.0
2021-03-06 13:15:00+00:00,0.12830970597059704,0.0,0.4168129938542581,1.0
2021-03-06 13:30:00+00:00,0.1292191719171917,0.0,0.4003511852502194,1.0
2021-03-06 13:45:00+00:00,0.13012863786378637,0.0,0.38388937664618084,1.0
2021-03-06 14:00:00+00:00,0.131038103810381,0.0,0.3674275680421422,1.0
2021-03-06 14:15:00+00:00,0.13341959195919584,0.0,0.35239244951712023,1.0
2021-03-06 14:30:00+00:00,0.1358010801080107,0.0,0.3373573309920983,1.0
2021-03-06 14:45:00+00:00,0.1381825682568256,0.0,0.3223222124670764,1.0
2021-03-06 15:00:00+00:00,0.1405640564056405,0.0,0.3072870939420544,1.0
2021-03-06 15:15:00+00:00,0.1435362286228622,0.0,0.28151887620719923,1.0
2021-03-06 15:30:00+00:00,0.1465084008400839,0.0,0.2557506584723441,1.0
2021-03-06 15:45:00+00:00,0.14948057305730567,0.0,0.22998244073748897,1.0
2021-03-06 16:00:00+00:00,0.1524527452745274,0.0,0.2042142230026339,1.0
2021-03-06 16:15:00+00:00,0.15631563156315625,0.0,0.17260755048287968,1.0
2021-03-06 16:30:00+00:00,0.1601785178517851,0.0,0.1410008779631255,1.0
2021-03-06 16:45:00+00:00,0.16404140414041402,0.0,0.10939420544337135,1.0
2021-03-06 17:00:00+00:00,0.1679042904290429,0.0,0.0777875329236172,1.0
2021-03-06 17:15:00+00:00,0.1741955445544554,0.0,0.06363037752414395,1.0
2021-03-06 17:30:00+00:00,0.1804867986798679,0.0,0.0494732221246707,1.0
2021-03-06 17:45:00+00:00,0.18677805280528043,0.0,0.0353160667251975,1.0
2021-03-06 18:00:00+00:00,0.193069306930693,0.0,0.0211589113257243,1.0
2021-03-06 18:15:00+00:00,0.1994824482448244,0.0,0.01881035996488145,1.0
2021-03-06 18:30:00+00:00,0.2058955895589558,0.0,0.0164618086040386,1.0
2021-03-06 18:45:00+00:00,0.21230873087308724,0.0,0.014113257243195749,1.0
2021-03-06 19:00:00+00:00,0.2187218721872187,0.0,0.0117647058823529,1.0
2021-03-06 19:15:00+00:00,0.21856248124812475,0.0,0.01064530289727825,1.0
2021-03-06 19:30:00+00:00,0.2184030903090308,0.0,0.0095258999122036,1.0
2021-03-06 19:45:00+00:00,0.21824369936993693,0.0,0.008406496927129,1.0
2021-03-06 20:00:00+00:00,0.2180843084308431,0.0,0.0072870939420544,1.0
2021-03-06 20:15:00+00:00,0.21367761776177613,0.0,0.00673836698858645,1.0
2021-03-06 20:30:00+00:00,0.2092709270927092,0.0,0.0061896400351185,1.0
2021-03-06 20:45:00+00:00,0.2048642364236423,0.0,0.00564091308165055,1.0
2021-03-06 21:00:00+00:00,0.2004575457545754,0.0,0.0050921861281826,1.0
2021-03-06 21:15:00+00:00,0.1960977347734773,0.0,0.0050043898156277005,1.0
2021-03-06 21:30:00+00:00,0.1917379237923792,0.0,0.0049165935030728,1.0
2021-03-06 21:45:00+00:00,0.18737811281128108,0.0,0.00482879719051795,1.0
2021-03-06 22:00:00+00:00,0.183018301830183,0.0,0.0047410008779631,1.0
2021-03-06 22:15:00+00:00,0.17871474647464747,0.0,0.0039288849868305,1.0
2021-03-06 22:30:00+00:00,0.1744111911191119,0.0,0.0031167690956979,1.0
2021-03-06 22:45:00+00:00,0.17010763576357635,0.0,0.0023046532045653497,1.0
2021-03-06 23:00:00+00:00,0.1658040804080408,0.0,0.0014925373134328,1.0
2021-03-06 23:15:00+00:00,0.16314131413141308,0.0,0.0014925373134328,1.0
2021-03-06 23:30:00+00:00,0.1604785478547854,0.0,0.0014925373134328,1.0
2021-03-06 23:45:00+00:00,0.15781578157815776,0.0,0.0014925373134328,1.0
2021-03-07 00:00:00+00:00,0.1551530153015301,0.0,0.0014925373134328,1.0
2021-03-07 00:15:00+00:00,0.1527715271527152,0.0,0.0014925373134328,1.0
2021-03-07 00:30:00+00:00,0.1503900390039003,0.0,0.0014925373134328,1.0
2021-03-07 00:45:00+00:00,0.14800855085508546,0.0,0.0014925373134328,1.0
2021-03-07 01:00:00+00:00,0.1456270627062706,0.0,0.0014925373134328,1.0
2021-03-07 01:15:00+00:00,0.14406128112811276,0.0,0.0014925373134328,1.0
2021-03-07 01:30:00+00:00,0.1424954995499549,0.0,0.0014925373134328,1.0
2021-03-07 01:45:00+00:00,0.1409297179717971,0.0,0.0014925373134328,1.0
2021-03-07 02:00:00+00:00,0.1393639363936393,0.0,0.0014925373134328,1.0
2021-03-07 02:15:00+00:00,0.1365417791779177,0.0,0.0014925373134328,1.0
2021-03-07 02:30:00+00:00,0.1337196219621961,0.0,0.0014925373134328,1.0
2021-03-07 02:45:00+00:00,0.13089746474647457,0.0,0.0014925373134328,1.0
2021-03-07 03:00:00+00:00,0.128075307530753,0.0,0.0014925373134328,1.0
2021-03-07 03:15:00+00:00,0.1241467896789678,0.0,0.00144863915715535,1.0
2021-03-07 03:30:00+00:00,0.1202182718271826,0.0,0.0014047410008779,1.0
2021-03-07 03:45:00+00:00,0.11628975397539745,0.0,0.00136084284460045,1.0
2021-03-07 04:00:00+00:00,0.1123612361236123,0.0,0.001316944688323,1.0
2021-03-07 04:15:00+00:00,0.1102328982898289,0.0,0.001316944688323,1.0
2021-03-07 04:30:00+00:00,0.1081045604560455,0.0,0.001316944688323,1.0
2021-03-07 04:45:00+00:00,0.10597622262226214,0.0,0.001316944688323,1.0
2021-03-07 05:00:00+00:00,0.1038478847884788,0.0,0.001316944688323,1.0
2021-03-07 05:15:00+00:00,0.1031071857185718,0.0,0.0014486391571552999,1.0
2021-03-07 05:30:00+00:00,0.1023664866486648,0.0,0.0015803336259876,1.0
2021-03-07 05:45:00+00:00,0.1016257875787578,0.0,0.00171202809481995,1.0
2021-03-07 06:00:00+00:00,0.1008850885088508,0.0,0.0018437225636523,1.0
2021-03-07 06:15:00+00:00,0.0991317881788178,0.0,0.0094820017559262,1.0
2021-03-07 06:30:00+00:00,0.0973784878487848,0.0,0.0171202809482001,1.0
2021-03-07 06:45:00+00:00,0.0956251875187518,0.0,0.024758560140474048,1.0
2021-03-07 07:00:00+00:00,0.0938718871887188,0.0,0.032396839332748,1.0
2021-03-07 07:15:00+00:00,0.0899902490249024,0.0,0.0576602282704126,1.0
2021-03-07 07:30:00+00:00,0.086108610861086,0.0,0.0829236172080772,1.0
2021-03-07 07:45:00+00:00,0.08222697269726965,0.0,0.10818700614574185,1.0
2021-03-07 08:00:00+00:00,0.0783453345334533,0.0,0.1334503950834065,1.0
2021-03-07 08:15:00+00:00,0.0762357485748574,0.0,0.1623353819139596,1.0
2021-03-07 08:30:00+00:00,0.0741261626162615,0.0,0.1912203687445127,1.0
2021-03-07 08:45:00+00:00,0.0720165766576657,0.0,0.2201053555750658,1.0
2021-03-07 09:00:00+00:00,0.0699069906990699,0.0,0.2489903424056189,1.0
2021-03-07 09:15:00+00:00,0.0687256225622562,0.0,0.2782045654082528,1.0
2021-03-07 09:30:00+00:00,0.0675442544254425,0.0,0.3074187884108867,1.0
2021-03-07 09:45:00+00:00,0.0663628862886288,0.0,0.33663301141352064,1.0
2021-03-07 10:00:00+00:00,0.0651815181518151,0.0,0.3658472344161545,1.0
2021-03-07 10:15:00+00:00,0.0641876687668766,0.0,0.3861720807726075,1.0
2021-03-07 10:30:00+00:00,0.0631938193819381,0.0,0.4064969271290605,1.0
2021-03-07 10:45:00+00:00,0.06219996999699966,0.0,0.42682177348551353,1.0
2021-03-07 11:00:00+00:00,0.0612061206120612,0.0,0.4471466198419666,1.0
2021-03-07 11:15:00+00:00,0.060549804980498,0.0,0.4457418788410886,1.0
2021-03-07 11:30:00+00:00,0.0598934893489348,0.0,0.4443371378402106,1.0
2021-03-07 11:45:00+00:00,0.05923717371737165,0.0,0.44293239683933266,1.0
2021-03-07 12:00:00+00:00,0.0585808580858085,0.0,0.4415276558384547,1.0
2021-03-07 12:15:00+00:00,0.05881525652565245,0.0,0.43766461808604035,1.0
2021-03-07 12:30:00+00:00,0.0590496549654964,0.0,0.433801580333626,1.0
2021-03-07 12:45:00+00:00,0.059284053405340445,0.0,0.42993854258121156,1.0
2021-03-07 13:00:00+00:00,0.0595184518451845,0.0,0.4260755048287972,1.0
2021-03-07 13:15:00+00:00,0.0621249624962496,0.0,0.41720807726075504,1.0
2021-03-07 13:30:00+00:00,0.0647314731473147,0.0,0.4083406496927129,1.0
2021-03-07 13:45:00+00:00,0.0673379837983798,0.0,0.39947322212467073,1.0
2021-03-07 14:00:00+00:00,0.0699444944494449,0.0,0.3906057945566286,1.0
2021-03-07 14:15:00+00:00,0.07173529852985289,0.0,0.37434152765583845,1.0
2021-03-07 14:30:00+00:00,0.0735261026102609,0.0,0.3580772607550483,1.0
2021-03-07 14:45:00+00:00,0.075316906690669,0.0,0.3418129938542581,1.0
2021-03-07 15:00:00+00:00,0.0771077107710771,0.0,0.325548726953468,1.0
2021-03-07 15:15:00+00:00,0.07991111611161114,0.0,0.3044995610184372,1.0
2021-03-07 15:30:00+00:00,0.0827145214521452,0.0,0.2834503950834064,1.0
2021-03-07 15:45:00+00:00,0.08551792679267925,0.0,0.2624012291483757,1.0
2021-03-07 16:00:00+00:00,0.0883213321332133,0.0,0.241352063213345,1.0
2021-03-07 16:15:00+00:00,0.09235298529852981,0.0,0.20465320456540814,1.0
2021-03-07 16:30:00+00:00,0.0963846384638463,0.0,0.1679543459174713,1.0
2021-03-07 16:45:00+00:00,0.10041629162916285,0.0,0.13125548726953457,1.0
2021-03-07 17:00:00+00:00,0.1044479447944794,0.0,0.0945566286215978,1.0
2021-03-07 17:15:00+00:00,0.11089858985898585,0.0,0.0760974539069358,1.0
2021-03-07 17:30:00+00:00,0.1173492349234923,0.0,0.0576382791922738,1.0
2021-03-07 17:45:00+00:00,0.12379987998799874,0.0,0.03917910447761185,1.0
2021-03-07 18:00:00+00:00,0.1302505250525052,0.0,0.0207199297629499,1.0
2021-03-07 18:15:00+00:00,0.13447907290729066,0.0,0.01839332748024575,1.0
2021-03-07 18:30:00+00:00,0.1387076207620761,0.0,0.0160667251975416,1.0
2021-03-07 18:45:00+00:00,0.1429361686168616,0.0,0.013740122914837501,1.0
2021-03-07 19:00:00+00:00,0.1471647164716471,0.0,0.0114135206321334,1.0
2021-03-07 19:15:00+00:00,0.1495649564956495,0.0,0.010184372256365148,1.0
2021-03-07 19:30:00+00:00,0.1519651965196519,0.0,0.0089552238805969,1.0
2021-03-07 19:45:00+00:00,0.1543654365436543,0.0,0.0077260755048286995,1.0
2021-03-07 20:00:00+00:00,0.1567656765676567,0.0,0.0064969271290605,1.0
2021-03-07 20:15:00+00:00,0.15741261626162611,0.0,0.0064969271290605,1.0
2021-03-07 20:30:00+00:00,0.1580595559555955,0.0,0.0064969271290605,1.0
2021-03-07 20:45:00+00:00,0.1587064956495649,0.0,0.0064969271290605,1.0
2021-03-07 21:00:00+00:00,0.1593534353435343,0.0,0.0064969271290605,1.0
2021-03-07 21:15:00+00:00,0.16013163816381631,0.0,0.0064749780509218,1.0
2021-03-07 21:30:00+00:00,0.1609098409840983,0.0,0.0064530289727831,1.0
2021-03-07 21:45:00+00:00,0.16168804380438034,0.0,0.0064310798946443995,1.0
2021-03-07 22:00:00+00:00,0.1624662466246624,0.0,0.0064091308165057,1.0
2021-03-07 22:15:00+00:00,0.16086296129612954,0.0,0.0059701492537313,1.0
2021-03-07 22:30:00+00:00,0.1592596759675967,0.0,0.0055311676909569,1.0
2021-03-07 22:45:00+00:00,0.15765639063906384,0.0,0.00509218612818255,1.0
2021-03-07 23:00:00+00:00,0.156053105310531,0.0,0.0046532045654082,1.0
2021-03-07 23:15:00+00:00,0.15772202220222015,0.0,0.0040605794556628,1.0
2021-03-07 23:30:00+00:00,0.1593909390939093,0.0,0.0034679543459174,1.0
2021-03-07 23:45:00+00:00,0.16105985598559852,0.0,0.0028753292361719997,1.0
2021-03-08 00:00:00+00:00,0.1627287728772877,0.0,0.0022827041264266,1.0
2021-03-08 00:15:00+00:00,0.1669948244824482,0.0,0.0022827041264266,1.0
2021-03-08 00:30:00+00:00,0.1712608760876087,0.0,0.0022827041264266,1.0
2021-03-08 00:45:00+00:00,0.1755269276927692,0.0,0.0022827041264266,1.0
2021-03-08 01:00:00+00:00,0.1797929792979297,0.0,0.0022827041264266,1.0
2021-03-08 01:15:00+00:00,0.18453720372037197,0.0,0.0022827041264266,1.0
2021-03-08 01:30:00+00:00,0.1892814281428142,0.0,0.0022827041264266,1.0
2021-03-08 01:45:00+00:00,0.19402565256525645,0.0,0.0022827041264266,1.0
2021-03-08 02:00:00+00:00,0.1987698769876987,0.0,0.0022827041264266,1.0
2021-03-08 02:15:00+00:00,0.20360786078607856,0.0,0.0022827041264266,1.0
2021-03-08 02:30:00+00:00,0.2084458445844584,0.0,0.0022827041264266,1.0
2021-03-08 02:45:00+00:00,0.21328382838283824,0.0,0.0022827041264266,1.0
2021-03-08 03:00:00+00:00,0.2181218121812181,0.0,0.0022827041264266,1.0
2021-03-08 03:15:00+00:00,0.22157215721572154,0.0,0.0022607550482879003,1.0
2021-03-08 03:30:00+00:00,0.225022502250225,0.0,0.0022388059701492,1.0
2021-03-08 03:45:00+00:00,0.22847284728472844,0.0,0.0022168568920105,1.0
2021-03-08 04:00:00+00:00,0.2319231923192319,0.0,0.0021949078138718,1.0
2021-03-08 04:15:00+00:00,0.2341077857785778,0.0,0.0021510096575943502,1.0
2021-03-08 04:30:00+00:00,0.2362923792379237,0.0,0.0021071115013169,1.0
2021-03-08 04:45:00+00:00,0.23847697269726964,0.0,0.00206321334503945,1.0
2021-03-08 05:00:00+00:00,0.2406615661566156,0.0,0.002019315188762,1.0
2021-03-08 05:15:00+00:00,0.23877700270026994,0.0,0.00223880597014915,1.0
2021-03-08 05:30:00+00:00,0.2368924392439243,0.0,0.0024582967515363,1.0
2021-03-08 05:45:00+00:00,0.2350078757875787,0.0,0.0026777875329235,1.0
2021-03-08 06:00:00+00:00,0.2331233123312331,0.0,0.0028972783143107,1.0
2021-03-08 06:15:00+00:00,0.2332545754575457,0.0,0.012840210711150052,1.0
2021-03-08 06:30:00+00:00,0.2333858385838583,0.0,0.0227831431079894,1.0
2021-03-08 06:45:00+00:00,0.23351710171017095,0.0,0.032726075504828755,1.0
2021-03-08 07:00:00+00:00,0.2336483648364836,0.0,0.0426690079016681,1.0
2021-03-08 07:15:00+00:00,0.23287016201620153,0.0,0.06727392449517115,1.0
2021-03-08 07:30:00+00:00,0.2320919591959195,0.0,0.0918788410886742,1.0
2021-03-08 07:45:00+00:00,0.2313137563756375,0.0,0.1164837576821773,1.0
2021-03-08 08:00:00+00:00,0.2305355535553555,0.0,0.1410886742756804,1.0
2021-03-08 08:15:00+00:00,0.23080745574557449,0.0,0.16172080772607544,1.0
2021-03-08 08:30:00+00:00,0.2310793579357935,0.0,0.1823529411764705,1.0
2021-03-08 08:45:00+00:00,0.23135126012601254,0.0,0.2029850746268656,1.0
2021-03-08 09:00:00+00:00,0.2316231623162316,0.0,0.2236172080772607,1.0
2021-03-08 09:15:00+00:00,0.23394839483948388,0.0,0.2372914837576821,1.0
2021-03-08 09:30:00+00:00,0.2362736273627362,0.0,0.2509657594381035,1.0
2021-03-08 09:45:00+00:00,0.23859885988598856,0.0,0.26464003511852496,1.0
2021-03-08 10:00:00+00:00,0.2409240924092409,0.0,0.2783143107989464,1.0
2021-03-08 10:15:00+00:00,0.24067094209420936,0.0,0.293612818261633,1.0
2021-03-08 10:30:00+00:00,0.2404177917791778,0.0,0.3089113257243195,1.0
2021-03-08 10:45:00+00:00,0.24016464146414634,0.0,0.32420983318700614,1.0
2021-03-08 11:00:00+00:00,0.2399114911491149,0.0,0.3395083406496927,1.0
2021-03-08 11:15:00+00:00,0.24241486648664864,0.0,0.35068042142230027,1.0
2021-03-08 11:30:00+00:00,0.2449182418241824,0.0,0.3618525021949078,1.0
2021-03-08 11:45:00+00:00,0.24742161716171615,0.0,0.37302458296751534,1.0
2021-03-08 12:00:00+00:00,0.2499249924992499,0.0,0.3841966637401229,1.0
2021-03-08 12:15:00+00:00,0.25436918691869187,0.0,0.38766461808604036,1.0
2021-03-08 12:30:00+00:00,0.2588133813381338,0.0,0.3911325724319578,1.0
2021-03-08 12:45:00+00:00,0.26325757575757575,0.0,0.39460052677787527,1.0
2021-03-08 13:00:00+00:00,0.2677017701770177,0.0,0.3980684811237928,1.0
2021-03-08 13:15:00+00:00,0.2722209720972097,0.0,0.396027216856892,1.0
2021-03-08 13:30:00+00:00,0.2767401740174017,0.0,0.3939859525899912,1.0
2021-03-08 13:45:00+00:00,0.2812593759375937,0.0,0.3919446883230904,1.0
2021-03-08 14:00:00+00:00,0.2857785778577857,0.0,0.3899034240561896,1.0
2021-03-08 14:15:00+00:00,0.2899321182118211,0.0,0.37620719929762947,1.0
2021-03-08 14:30:00+00:00,0.2940856585658565,0.0,0.3625109745390693,1.0
2021-03-08 14:45:00+00:00,0.2982391989198919,0.0,0.34881474978050914,1.0
2021-03-08 15:00:00+00:00,0.3023927392739274,0.0,0.335118525021949,1.0
2021-03-08 15:15:00+00:00,0.3050836333633363,0.0,0.30992098331870055,1.0
2021-03-08 15:30:00+00:00,0.3077745274527452,0.0,0.2847234416154521,1.0
2021-03-08 15:45:00+00:00,0.3104654215421542,0.0,0.25952589991220365,1.0
2021-03-08 16:00:00+00:00,0.3131563156315631,0.0,0.2343283582089552,1.0
2021-03-08 16:15:00+00:00,0.31237811281128103,0.0,0.19984635645302895,1.0
2021-03-08 16:30:00+00:00,0.311599909990999,0.0,0.1653643546971027,1.0
2021-03-08 16:45:00+00:00,0.310821707170717,0.0,0.13088235294117645,1.0
2021-03-08 17:00:00+00:00,0.310043504350435,0.0,0.0964003511852502,1.0
2021-03-08 17:15:00+00:00,0.30827145214521445,0.0,0.0754170324846356,1.0
2021-03-08 17:30:00+00:00,0.306499399939994,0.0,0.054433713784021,1.0
2021-03-08 17:45:00+00:00,0.30472734773477345,0.0,0.03345039508340645,1.0
2021-03-08 18:00:00+00:00,0.3029552955295529,0.0,0.0124670763827919,1.0
2021-03-08 18:15:00+00:00,0.30561806180618056,0.0,0.01016242317822645,1.0
2021-03-08 18:30:00+00:00,0.3082808280828082,0.0,0.007857769973661,1.0
2021-03-08 18:45:00+00:00,0.3109435943594359,0.0,0.0055531167690956,1.0
2021-03-08 19:00:00+00:00,0.3136063606360636,0.0,0.0032484635645302,1.0
2021-03-08 19:15:00+00:00,0.3130906840684068,0.0,0.0028753292361719997,1.0
2021-03-08 19:30:00+00:00,0.31257500750075,0.0,0.0025021949078138,1.0
2021-03-08 19:45:00+00:00,0.31205933093309324,0.0,0.0021290605794556,1.0
2021-03-08 20:00:00+00:00,0.3115436543654365,0.0,0.0017559262510974,1.0
2021-03-08 20:15:00+00:00,0.3121437143714371,0.0,0.00171202809481995,1.0
2021-03-08 20:30:00+00:00,0.3127437743774377,0.0,0.0016681299385425,1.0
2021-03-08 20:45:00+00:00,0.3133438343834383,0.0,0.0016242317822651,1.0
2021-03-08 21:00:00+00:00,0.3139438943894389,0.0,0.0015803336259877,1.0
2021-03-08 21:15:00+00:00,0.31311881188118806,0.0,0.0015803336259877,1.0
2021-03-08 21:30:00+00:00,0.3122937293729372,0.0,0.0015803336259877,1.0
2021-03-08 21:45:00+00:00,0.3114686468646864,0.0,0.0015803336259877,1.0
2021-03-08 22:00:00+00:00,0.3106435643564356,0.0,0.0015803336259877,1.0
2021-03-08 22:15:00+00:00,0.3089465196519652,0.0,0.0015803336259877,1.0
2021-03-08 22:30:00+00:00,0.3072494749474947,0.0,0.0015803336259877,1.0
2021-03-08 22:45:00+00:00,0.30555243024302425,0.0,0.0015803336259877,1.0
2021-03-08 23:00:00+00:00,0.3038553855385538,0.0,0.0015803336259877,1.0
2021-03-08 23:15:00+00:00,0.3017739273927392,0.0,0.0016022827041264,1.0
2021-03-08 23:30:00+00:00,0.2996924692469246,0.0,0.0016242317822651,1.0
2021-03-08 23:45:00+00:00,0.29761101110111005,0.0,0.0016461808604038,1.0
2021-03-09 00:00:00+00:00,0.2955295529552955,0.0,0.0016681299385425,1.0
2021-03-09 00:15:00+00:00,0.296523402340234,0.0,0.0016461808604038,1.0
2021-03-09 00:30:00+00:00,0.2975172517251725,0.0,0.0016242317822651,1.0
2021-03-09 00:45:00+00:00,0.29851110111011103,0.0,0.0016022827041264,1.0
2021-03-09 01:00:00+00:00,0.2995049504950495,0.0,0.0015803336259877,1.0
2021-03-09 01:15:00+00:00,0.29717971797179715,0.0,0.0015803336259877,1.0
2021-03-09 01:30:00+00:00,0.2948544854485448,0.0,0.0015803336259877,1.0
2021-03-09 01:45:00+00:00,0.2925292529252925,0.0,0.0015803336259877,1.0
2021-03-09 02:00:00+00:00,0.2902040204020402,0.0,0.0015803336259877,1.0
2021-03-09 02:15:00+00:00,0.2876350135013501,0.0,0.0015803336259877,1.0
2021-03-09 02:30:00+00:00,0.28506600660066,0.0,0.0015803336259877,1.0
2021-03-09 02:45:00+00:00,0.28249699969996994,0.0,0.0015803336259877,1.0
2021-03-09 03:00:00+00:00,0.2799279927992799,0.0,0.0015803336259877,1.0
2021-03-09 03:15:00+00:00,0.27379612961296124,0.0,0.0015803336259877,1.0
2021-03-09 03:30:00+00:00,0.2676642664266426,0.0,0.0015803336259877,1.0
2021-03-09 03:45:00+00:00,0.261532403240324,0.0,0.0015803336259877,1.0
2021-03-09 04:00:00+00:00,0.2554005400540054,0.0,0.0015803336259877,1.0
2021-03-09 04:15:00+00:00,0.25065631563156315,0.0,0.0015583845478489501,1.0
2021-03-09 04:30:00+00:00,0.2459120912091209,0.0,0.0015364354697102,1.0
2021-03-09 04:45:00+00:00,0.24116786678667865,0.0,0.0015144863915715,1.0
2021-03-09 05:00:00+00:00,0.2364236423642364,0.0,0.0014925373134328,1.0
2021-03-09 05:15:00+00:00,0.23495162016201615,0.0,0.0019754170324846,1.0
2021-03-09 05:30:00+00:00,0.2334795979597959,0.0,0.0024582967515364,1.0
2021-03-09 05:45:00+00:00,0.2320075757575757,0.0,0.0029411764705881997,1.0
2021-03-09 06:00:00+00:00,0.2305355535553555,0.0,0.00342405618964,1.0
2021-03-09 06:15:00+00:00,0.2260819831983198,0.0,0.0239903424056189,1.0
2021-03-09 06:30:00+00:00,0.2216284128412841,0.0,0.0445566286215978,1.0
2021-03-09 06:45:00+00:00,0.2171748424842484,0.0,0.06512291483757675,1.0
2021-03-09 07:00:00+00:00,0.2127212721272127,0.0,0.0856892010535557,1.0
2021-03-09 07:15:00+00:00,0.2104522952295229,0.0,0.1337796312554872,1.0
2021-03-09 07:30:00+00:00,0.2081833183318331,0.0,0.1818700614574187,1.0
2021-03-09 07:45:00+00:00,0.20591434143414333,0.0,0.22996049165935023,1.0
2021-03-09 08:00:00+00:00,0.2036453645364536,0.0,0.2780509218612818,1.0
2021-03-09 08:15:00+00:00,0.2020233273327332,0.0,0.31819578577699725,1.0
2021-03-09 08:30:00+00:00,0.2004012901290128,0.0,0.3583406496927128,1.0
2021-03-09 08:45:00+00:00,0.19877925292529247,0.0,0.3984855136084283,1.0
2021-03-09 09:00:00+00:00,0.1971572157215721,0.0,0.4386303775241439,1.0
2021-03-09 09:15:00+00:00,0.19560081008100805,0.0,0.4669666374012291,1.0
2021-03-09 09:30:00+00:00,0.194044404440444,0.0,0.4953028972783143,1.0
2021-03-09 09:45:00+00:00,0.19248799879987993,0.0,0.5236391571553994,1.0
2021-03-09 10:00:00+00:00,0.1909315931593159,0.0,0.5519754170324846,1.0
2021-03-09 10:15:00+00:00,0.19158790879087906,0.0,0.5568042142230026,1.0
2021-03-09 10:30:00+00:00,0.1922442244224422,0.0,0.5616330114135206,1.0
2021-03-09 10:45:00+00:00,0.19290054005400536,0.0,0.5664618086040386,1.0
2021-03-09 11:00:00+00:00,0.1935568556855685,0.0,0.5712906057945566,1.0
2021-03-09 11:15:00+00:00,0.19633213321332124,0.0,0.5708516242317823,1.0
2021-03-09 11:30:00+00:00,0.199107410741074,0.0,0.5704126426690078,1.0
2021-03-09 11:45:00+00:00,0.2018826882688268,0.0,0.5699736611062335,1.0
2021-03-09 12:00:00+00:00,0.2046579657965796,0.0,0.5695346795434592,1.0
2021-03-09 12:15:00+00:00,0.20412353735373528,0.0,0.564640035118525,1.0
2021-03-09 12:30:00+00:00,0.203589108910891,0.0,0.5597453906935909,1.0
2021-03-09 12:45:00+00:00,0.20305468046804676,0.0,0.5548507462686567,1.0
2021-03-09 13:00:00+00:00,0.2025202520252025,0.0,0.5499561018437226,1.0
2021-03-09 13:15:00+00:00,0.2012826282628262,0.0,0.5430860403863037,1.0
2021-03-09 13:30:00+00:00,0.2000450045004499,0.0,0.536215978928885,1.0
2021-03-09 13:45:00+00:00,0.1988073807380737,0.0,0.5293459174714662,1.0
2021-03-09 14:00:00+00:00,0.1975697569756975,0.0,0.5224758560140474,1.0
2021-03-09 14:15:00+00:00,0.19631338133813375,0.0,0.5163081650570676,1.0
2021-03-09 14:30:00+00:00,0.19505700570057,0.0,0.5101404741000878,1.0
2021-03-09 14:45:00+00:00,0.19380063006300624,0.0,0.503972783143108,1.0
2021-03-09 15:00:00+00:00,0.1925442544254425,0.0,0.4978050921861282,1.0
2021-03-09 15:15:00+00:00,0.1931911941194119,0.0,0.47232221246707634,1.0
2021-03-09 15:30:00+00:00,0.1938381338133813,0.0,0.4468393327480245,1.0
2021-03-09 15:45:00+00:00,0.1944850735073507,0.0,0.42135645302897273,1.0
2021-03-09 16:00:00+00:00,0.1951320132013201,0.0,0.3958735733099209,1.0
2021-03-09 16:15:00+00:00,0.19383813381338125,0.0,0.3427787532923616,1.0
2021-03-09 16:30:00+00:00,0.1925442544254424,0.0,0.2896839332748024,1.0
2021-03-09 16:45:00+00:00,0.19125037503750364,0.0,0.23658911325724313,1.0
2021-03-09 17:00:00+00:00,0.1899564956495649,0.0,0.1834942932396839,1.0
2021-03-09 17:15:00+00:00,0.19143789378937887,0.0,0.1467954345917471,1.0
2021-03-09 17:30:00+00:00,0.1929192919291928,0.0,0.1100965759438103,1.0
2021-03-09 17:45:00+00:00,0.19440069006900684,0.0,0.0733977172958735,1.0
2021-03-09 18:00:00+00:00,0.1958820882088209,0.0,0.0366988586479367,1.0
2021-03-09 18:15:00+00:00,0.19772914791479143,0.0,0.031387181738366896,1.0
2021-03-09 18:30:00+00:00,0.199576207620762,0.0,0.0260755048287971,1.0
2021-03-09 18:45:00+00:00,0.2014232673267326,0.0,0.0207638279192273,1.0
2021-03-09 19:00:00+00:00,0.2032703270327032,0.0,0.0154521510096575,1.0
2021-03-09 19:15:00+00:00,0.20035441044104405,0.0,0.0137401229148375,1.0
2021-03-09 19:30:00+00:00,0.1974384938493849,0.0,0.0120280948200175,1.0
2021-03-09 19:45:00+00:00,0.19452257725772576,0.0,0.0103160667251975,1.0
2021-03-09 20:00:00+00:00,0.1916066606660666,0.0,0.0086040386303775,1.0
2021-03-09 20:15:00+00:00,0.1895439543954395,0.0,0.0081431079894644,1.0
2021-03-09 20:30:00+00:00,0.1874812481248124,0.0,0.0076821773485513,1.0
2021-03-09 20:45:00+00:00,0.18541854185418535,0.0,0.0072212467076382,1.0
2021-03-09 21:00:00+00:00,0.1833558355835583,0.0,0.0067603160667251,1.0
2021-03-09 21:15:00+00:00,0.1817900540054005,0.0,0.0067603160667251,1.0
2021-03-09 21:30:00+00:00,0.1802242724272427,0.0,0.0067603160667251,1.0
2021-03-09 21:45:00+00:00,0.17865849084908492,0.0,0.0067603160667251,1.0
2021-03-09 22:00:00+00:00,0.1770927092709271,0.0,0.0067603160667251,1.0
2021-03-09 22:15:00+00:00,0.17508625862586255,0.0,0.0066725197541702,1.0
2021-03-09 22:30:00+00:00,0.173079807980798,0.0,0.0065847234416153,1.0
2021-03-09 22:45:00+00:00,0.1710733573357335,0.0,0.0064969271290605,1.0
2021-03-09 23:00:00+00:00,0.169066906690669,0.0,0.0064091308165057,1.0
2021-03-09 23:15:00+00:00,0.16856998199819975,0.0,0.0062993854258121,1.0
2021-03-09 23:30:00+00:00,0.1680730573057305,0.0,0.0061896400351185,1.0
2021-03-09 23:45:00+00:00,0.1675761326132613,0.0,0.0060798946444248995,1.0
2021-03-10 00:00:00+00:00,0.1670792079207921,0.0,0.0059701492537313,1.0
2021-03-10 00:15:00+00:00,0.1675292529252925,0.0,0.0059262510974538,1.0
2021-03-10 00:30:00+00:00,0.1679792979297929,0.0,0.0058823529411763,1.0
2021-03-10 00:45:00+00:00,0.16842934293429335,0.0,0.005838454784898899,1.0
2021-03-10 01:00:00+00:00,0.1688793879387938,0.0,0.0057945566286215,1.0
2021-03-10 01:15:00+00:00,0.17043579357935784,0.0,0.00559701492537305,1.0
2021-03-10 01:30:00+00:00,0.1719921992199219,0.0,0.0053994732221246,1.0
2021-03-10 01:45:00+00:00,0.173548604860486,0.0,0.00520193151887615,1.0
2021-03-10 02:00:00+00:00,0.1751050105010501,0.0,0.0050043898156277,1.0
2021-03-10 02:15:00+00:00,0.17649264926492644,0.0,0.0049824407374889496,1.0
2021-03-10 02:30:00+00:00,0.1778802880288028,0.0,0.0049604916593502,1.0
2021-03-10 02:45:00+00:00,0.1792679267926792,0.0,0.0049385425812115,1.0
2021-03-10 03:00:00+00:00,0.1806555655565556,0.0,0.0049165935030728,1.0
2021-03-10 03:15:00+00:00,0.18011176117611755,0.0,0.0049165935030728,1.0
2021-03-10 03:30:00+00:00,0.1795679567956795,0.0,0.0049165935030728,1.0
2021-03-10 03:45:00+00:00,0.17902415241524144,0.0,0.0049165935030728,1.0
2021-03-10 04:00:00+00:00,0.1784803480348034,0.0,0.0049165935030728,1.0
2021-03-10 04:15:00+00:00,0.18052430243024295,0.0,0.0049165935030728,1.0
2021-03-10 04:30:00+00:00,0.1825682568256825,0.0,0.0049165935030728,1.0
2021-03-10 04:45:00+00:00,0.18461221122112204,0.0,0.0049165935030728,1.0
2021-03-10 05:00:00+00:00,0.1866561656165616,0.0,0.0049165935030728,1.0
2021-03-10 05:15:00+00:00,0.18664678967896786,0.0,0.0063432835820894495,1.0
2021-03-10 05:30:00+00:00,0.1866374137413741,0.0,0.0077699736611061,1.0
2021-03-10 05:45:00+00:00,0.18662803780378034,0.0,0.0091966637401228,1.0
2021-03-10 06:00:00+00:00,0.1866186618661866,0.0,0.0106233538191395,1.0
2021-03-10 06:15:00+00:00,0.18359960996099606,0.0,0.049231782265144755,1.0
2021-03-10 06:30:00+00:00,0.1805805580558055,0.0,0.08784021071115,1.0
2021-03-10 06:45:00+00:00,0.177561506150615,0.0,0.12644863915715532,1.0
2021-03-10 07:00:00+00:00,0.1745424542454245,0.0,0.1650570676031606,1.0
2021-03-10 07:15:00+00:00,0.16627287728772872,0.0,0.23689640035118514,1.0
2021-03-10 07:30:00+00:00,0.1580033003300329,0.0,0.3087357330992097,1.0
2021-03-10 07:45:00+00:00,0.14973372337233715,0.0,0.38057506584723433,1.0
2021-03-10 08:00:00+00:00,0.1414641464146414,0.0,0.452414398595259,1.0
2021-03-10 08:15:00+00:00,0.1392420492049204,0.0,0.5076602282704126,1.0
2021-03-10 08:30:00+00:00,0.1370199519951994,0.0,0.5629060579455663,1.0
2021-03-10 08:45:00+00:00,0.13479785478547845,0.0,0.6181518876207199,1.0
2021-03-10 09:00:00+00:00,0.1325757575757575,0.0,0.6733977172958736,1.0
2021-03-10 09:15:00+00:00,0.13545417041704166,0.0,0.7008121158911326,1.0
2021-03-10 09:30:00+00:00,0.1383325832583258,0.0,0.7282265144863915,1.0
2021-03-10 09:45:00+00:00,0.14121099609960994,0.0,0.7556409130816506,1.0
2021-03-10 10:00:00+00:00,0.1440894089408941,0.0,0.7830553116769096,1.0
2021-03-10 10:15:00+00:00,0.14621774677467744,0.0,0.7899034240561896,1.0
2021-03-10 10:30:00+00:00,0.1483460846084608,0.0,0.7967515364354697,1.0
2021-03-10 10:45:00+00:00,0.15047442244224418,0.0,0.8035996488147498,1.0
2021-03-10 11:00:00+00:00,0.1526027602760276,0.0,0.8104477611940298,1.0
2021-03-10 11:15:00+00:00,0.15444044404440438,0.0,0.8111501316944688,1.0
2021-03-10 11:30:00+00:00,0.1562781278127812,0.0,0.8118525021949078,1.0
2021-03-10 11:45:00+00:00,0.15811581158115806,0.0,0.8125548726953468,1.0
2021-03-10 12:00:00+00:00,0.1599534953495349,0.0,0.8132572431957857,1.0
2021-03-10 12:15:00+00:00,0.1623724872487248,0.0,0.811676909569798,1.0
2021-03-10 12:30:00+00:00,0.1647914791479147,0.0,0.8100965759438103,1.0
2021-03-10 12:45:00+00:00,0.16721047104710465,0.0,0.8085162423178227,1.0
2021-03-10 13:00:00+00:00,0.1696294629462946,0.0,0.806935908691835,1.0
2021-03-10 13:15:00+00:00,0.1719078157815781,0.0,0.8012949956101845,1.0
2021-03-10 13:30:00+00:00,0.1741861686168616,0.0,0.7956540825285339,1.0
2021-03-10 13:45:00+00:00,0.17646452145214514,0.0,0.7900131694468833,1.0
2021-03-10 14:00:00+00:00,0.1787428742874287,0.0,0.7843722563652327,1.0
2021-03-10 14:15:00+00:00,0.1796429642964296,0.0,0.7690737489025461,1.0
2021-03-10 14:30:00+00:00,0.1805430543054305,0.0,0.7537752414398595,1.0
2021-03-10 14:45:00+00:00,0.1814431443144314,0.0,0.738476733977173,1.0
2021-03-10 15:00:00+00:00,0.1823432343234323,0.0,0.7231782265144864,1.0
2021-03-10 15:15:00+00:00,0.18205258025802573,0.0,0.6809482001755927,1.0
2021-03-10 15:30:00+00:00,0.1817619261926192,0.0,0.6387181738366989,1.0
2021-03-10 15:45:00+00:00,0.1814712721272127,0.0,0.5964881474978052,1.0
2021-03-10 16:00:00+00:00,0.1811806180618062,0.0,0.5542581211589114,1.0
2021-03-10 16:15:00+00:00,0.18194944494449444,0.0,0.4767559262510974,1.0
2021-03-10 16:30:00+00:00,0.1827182718271827,0.0,0.3992537313432835,1.0
2021-03-10 16:45:00+00:00,0.18348709870987095,0.0,0.32175153643546966,1.0
2021-03-10 17:00:00+00:00,0.1842559255925592,0.0,0.2442493415276558,1.0
2021-03-10 17:15:00+00:00,0.18901890189018894,0.0,0.20048287971905174,1.0
2021-03-10 17:30:00+00:00,0.1937818781878187,0.0,0.1567164179104477,1.0
2021-03-10 17:45:00+00:00,0.1985448544854485,0.0,0.11294995610184363,1.0
2021-03-10 18:00:00+00:00,0.2033078307830783,0.0,0.0691834942932396,1.0
2021-03-10 18:15:00+00:00,0.20820207020702064,0.0,0.06453028972783134,1.0
2021-03-10 18:30:00+00:00,0.213096309630963,0.0,0.0598770851624231,1.0
2021-03-10 18:45:00+00:00,0.2179905490549054,0.0,0.05522388059701485,1.0
2021-03-10 19:00:00+00:00,0.2228847884788478,0.0,0.0505706760316066,1.0
2021-03-10 19:15:00+00:00,0.2271508400840083,0.0,0.0499561018437225,1.0
2021-03-10 19:30:00+00:00,0.2314168916891688,0.0,0.0493415276558384,1.0
2021-03-10 19:45:00+00:00,0.23568294329432934,0.0,0.048726953467954304,1.0
2021-03-10 20:00:00+00:00,0.2399489948994899,0.0,0.0481123792800702,1.0
2021-03-10 20:15:00+00:00,0.24487136213621355,0.0,0.0470807726075504,1.0
2021-03-10 20:30:00+00:00,0.2497937293729372,0.0,0.0460491659350306,1.0
2021-03-10 20:45:00+00:00,0.2547160966096609,0.0,0.0450175592625109,1.0
2021-03-10 21:00:00+00:00,0.2596384638463846,0.0,0.0439859525899912,1.0
2021-03-10 21:15:00+00:00,0.26589221422142206,0.0,0.0409130816505706,1.0
2021-03-10 21:30:00+00:00,0.2721459645964595,0.0,0.03784021071115,1.0
2021-03-10 21:45:00+00:00,0.27839971497149707,0.0,0.0347673397717295,1.0
2021-03-10 22:00:00+00:00,0.2846534653465346,0.0,0.031694468832309,1.0
2021-03-10 22:15:00+00:00,0.28866636663666356,0.0,0.029697102721685652,1.0
2021-03-10 22:30:00+00:00,0.2926792679267926,0.0,0.0276997366110623,1.0
2021-03-10 22:45:00+00:00,0.29669216921692165,0.0,0.02570237050043895,1.0
2021-03-10 23:00:00+00:00,0.3007050705070507,0.0,0.0237050043898156,1.0
2021-03-10 23:15:00+00:00,0.30308655865586553,0.0,0.02164179104477605,1.0
2021-03-10 23:30:00+00:00,0.3054680468046804,0.0,0.0195785776997365,1.0
2021-03-10 23:45:00+00:00,0.3078495349534953,0.0,0.017515364354697,1.0
2021-03-11 00:00:00+00:00,0.3102310231023102,0.0,0.0154521510096575,1.0
2021-03-11 00:15:00+00:00,0.31336258625862584,0.0,0.0145961369622475,1.0
2021-03-11 00:30:00+00:00,0.3164941494149415,0.0,0.0137401229148375,1.0
2021-03-11 00:45:00+00:00,0.31962571257125705,0.0,0.0128841088674275,1.0
2021-03-11 01:00:00+00:00,0.3227572757275727,0.0,0.0120280948200175,1.0
2021-03-11 01:15:00+00:00,0.32773589858985885,0.0,0.01178665496049155,1.0
2021-03-11 01:30:00+00:00,0.3327145214521451,0.0,0.0115452151009656,1.0
2021-03-11 01:45:00+00:00,0.3376931443144313,0.0,0.011303775241439749,1.0
2021-03-11 02:00:00+00:00,0.3426717671767176,0.0,0.0110623353819139,1.0
2021-03-11 02:15:00+00:00,0.34060906090609055,0.0,0.010908691834942849,0.9993506493506493
2021-03-11 02:30:00+00:00,0.3385463546354635,0.0,0.0107550482879718,0.9987012987012986
2021-03-11 02:45:00+00:00,0.33648364836483646,0.0,0.0106014047410008,0.9980519480519481
2021-03-11 03:00:00+00:00,0.3344209420942094,0.0,0.0104477611940298,0.9974025974025974
2021-03-11 03:15:00+00:00,0.34059030903090304,0.0,0.0093503072870939,0.9980519480519481
2021-03-11 03:30:00+00:00,0.3467596759675967,0.0,0.008252853380158,0.9987012987012986
2021-03-11 03:45:00+00:00,0.3529290429042904,0.0,0.0071553994732221,0.9993506493506493
2021-03-11 04:00:00+00:00,0.3590984098409841,0.0,0.0060579455662862,1.0
2021-03-11 04:15:00+00:00,0.3627175217521752,0.0,0.00603599648814745,1.0
2021-03-11 04:30:00+00:00,0.3663366336633663,0.0,0.0060140474100087,1.0
2021-03-11 04:45:00+00:00,0.36995574557455746,0.0,0.00599209833187,1.0
2021-03-11 05:00:00+00:00,0.3735748574857486,0.0,0.0059701492537313,1.0
2021-03-11 05:15:00+00:00,0.37550630063006296,0.0,0.007726075504828751,1.0
2021-03-11 05:30:00+00:00,0.3774377437743774,0.0,0.0094820017559262,1.0
2021-03-11 05:45:00+00:00,0.37936918691869187,0.0,0.01123792800702365,1.0
2021-03-11 06:00:00+00:00,0.3813006300630063,0.0,0.0129938542581211,1.0
2021-03-11 06:15:00+00:00,0.3761532403240324,0.0,0.048814749780509155,1.0
2021-03-11 06:30:00+00:00,0.3710058505850585,0.0,0.0846356453028972,1.0
2021-03-11 06:45:00+00:00,0.36585846084608464,0.0,0.12045654082528531,1.0
2021-03-11 07:00:00+00:00,0.3607110711071107,0.0,0.1562774363476734,1.0
2021-03-11 07:15:00+00:00,0.3566887938793879,0.0,0.22159789288849868,1.0
2021-03-11 07:30:00+00:00,0.3526665166516651,0.0,0.2869183494293239,1.0
2021-03-11 07:45:00+00:00,0.34864423942394235,0.0,0.3522388059701492,1.0
2021-03-11 08:00:00+00:00,0.3446219621962196,0.0,0.4175592625109745,1.0
2021-03-11 08:15:00+00:00,0.3471909690969097,0.0,0.4646619841966637,1.0
2021-03-11 08:30:00+00:00,0.3497599759975998,0.0,0.5117647058823529,1.0
2021-03-11 08:45:00+00:00,0.35232898289828984,0.0,0.5588674275680421,1.0
2021-03-11 09:00:00+00:00,0.3548979897989799,0.0,0.6059701492537314,1.0
2021-03-11 09:15:00+00:00,0.3589296429642964,0.0,0.629675153643547,1.0
2021-03-11 09:30:00+00:00,0.3629612961296129,0.0,0.6533801580333627,1.0
2021-03-11 09:45:00+00:00,0.3669929492949294,0.0,0.6770851624231783,1.0
2021-03-11 10:00:00+00:00,0.371024602460246,0.0,0.7007901668129939,1.0
2021-03-11 10:15:00+00:00,0.3725341284128413,0.0,0.7106453028972783,1.0
2021-03-11 10:30:00+00:00,0.3740436543654365,0.0,0.7205004389815628,1.0
2021-03-11 10:45:00+00:00,0.37555318031803175,0.0,0.7303555750658473,1.0
2021-03-11 11:00:00+00:00,0.377062706270627,0.0,0.7402107111501317,1.0
2021-03-11 11:15:00+00:00,0.37561881188118806,0.0,0.7428665496049166,1.0
2021-03-11 11:30:00+00:00,0.3741749174917491,0.0,0.7455223880597015,1.0
2021-03-11 11:45:00+00:00,0.3727310231023102,0.0,0.7481782265144864,1.0
2021-03-11 12:00:00+00:00,0.3712871287128713,0.0,0.7508340649692713,1.0
2021-03-11 12:15:00+00:00,0.3702651515151515,0.0,0.7505267778753293,1.0
2021-03-11 12:30:00+00:00,0.3692431743174317,0.0,0.7502194907813872,1.0
2021-03-11 12:45:00+00:00,0.36822119711971196,0.0,0.749912203687445,1.0
2021-03-11 13:00:00+00:00,0.3671992199219922,0.0,0.749604916593503,1.0
2021-03-11 13:15:00+00:00,0.3620612061206121,0.0,0.7428884986830553,1.0
2021-03-11 13:30:00+00:00,0.3569231923192319,0.0,0.7361720807726075,1.0
2021-03-11 13:45:00+00:00,0.35178517851785174,0.0,0.7294556628621598,1.0
2021-03-11 14:00:00+00:00,0.3466471647164716,0.0,0.722739244951712,1.0
2021-03-11 14:15:00+00:00,0.3419498199819982,0.0,0.6977831431079895,1.0
2021-03-11 14:30:00+00:00,0.3372524752475248,0.0,0.672827041264267,1.0
2021-03-11 14:45:00+00:00,0.3325551305130513,0.0,0.6478709394205444,1.0
2021-03-11 15:00:00+00:00,0.3278577857785779,0.0,0.6229148375768218,1.0
2021-03-11 15:15:00+00:00,0.3262076207620762,0.0,0.5793898156277436,1.0
2021-03-11 15:30:00+00:00,0.3245574557455745,0.0,0.5358647936786655,1.0
2021-03-11 15:45:00+00:00,0.32290729072907287,0.0,0.4923397717295873,1.0
2021-03-11 16:00:00+00:00,0.3212571257125712,0.0,0.4488147497805092,1.0
2021-03-11 16:15:00+00:00,0.3173661116111611,0.0,0.3843064091308165,1.0
2021-03-11 16:30:00+00:00,0.3134750975097509,0.0,0.3197980684811237,1.0
2021-03-11 16:45:00+00:00,0.30958408340834076,0.0,0.255289727831431,1.0
2021-03-11 17:00:00+00:00,0.3056930693069307,0.0,0.1907813871817383,1.0
2021-03-11 17:15:00+00:00,0.30212083708370835,0.0,0.1561237928007023,1.0
2021-03-11 17:30:00+00:00,0.298548604860486,0.0,0.1214661984196663,1.0
2021-03-11 17:45:00+00:00,0.29497637263726373,0.0,0.0868086040386303,1.0
2021-03-11 18:00:00+00:00,0.2914041404140414,0.0,0.0521510096575943,1.0
2021-03-11 18:15:00+00:00,0.2905884338433843,0.0,0.04741000877963115,1.0
2021-03-11 18:30:00+00:00,0.2897727272727272,0.0,0.042669007901668,1.0
2021-03-11 18:45:00+00:00,0.28895702070207013,0.0,0.0379280070237049,1.0
2021-03-11 19:00:00+00:00,0.2881413141314131,0.0,0.0331870061457418,1.0
2021-03-11 19:15:00+00:00,0.2867349234923492,0.0,0.03241878841088665,1.0
2021-03-11 19:30:00+00:00,0.2853285328532853,0.0,0.0316505706760315,1.0
2021-03-11 19:45:00+00:00,0.2839221422142214,0.0,0.0308823529411764,1.0
2021-03-11 20:00:00+00:00,0.2825157515751575,0.0,0.0301141352063213,1.0
2021-03-11 20:15:00+00:00,0.28164378937893786,0.0,0.028007023705004352,1.0
2021-03-11 20:30:00+00:00,0.2807718271827182,0.0,0.0258999122036874,1.0
2021-03-11 20:45:00+00:00,0.2798998649864986,0.0,0.02379280070237045,1.0
2021-03-11 21:00:00+00:00,0.279027902790279,0.0,0.0216856892010535,1.0
2021-03-11 21:15:00+00:00,0.2826188868886888,0.0,0.02137840210711145,1.0
2021-03-11 21:30:00+00:00,0.2862098709870986,0.0,0.0210711150131694,1.0
2021-03-11 21:45:00+00:00,0.28980085508550846,0.0,0.020763827919227353,1.0
2021-03-11 22:00:00+00:00,0.2933918391839183,0.0,0.0204565408252853,1.0
2021-03-11 22:15:00+00:00,0.29379500450044993,0.0,0.0203467954345917,1.0
2021-03-11 22:30:00+00:00,0.2941981698169816,0.0,0.0202370500438981,1.0
2021-03-11 22:45:00+00:00,0.2946013351335133,0.0,0.0201273046532045,1.0
2021-03-11 23:00:00+00:00,0.295004500450045,0.0,0.0200175592625109,1.0
2021-03-11 23:15:00+00:00,0.2929417941794179,0.0,0.01911764705882345,1.0
2021-03-11 23:30:00+00:00,0.2908790879087908,0.0,0.018217734855136,1.0
2021-03-11 23:45:00+00:00,0.28881638163816375,0.0,0.01731782265144855,1.0
2021-03-12 00:00:00+00:00,0.2867536753675367,0.0,0.0164179104477611,1.0
2021-03-12 00:15:00+00:00,0.28331270627062705,0.0,0.0158472344161544,1.0
2021-03-12 00:30:00+00:00,0.2798717371737174,0.0,0.0152765583845477,1.0
2021-03-12 00:45:00+00:00,0.2764307680768077,0.0,0.0147058823529411,1.0
2021-03-12 01:00:00+00:00,0.272989798979898,0.0,0.0141352063213345,1.0
2021-03-12 01:15:00+00:00,0.2707770777077708,0.0,0.01327919227392445,1.0
2021-03-12 01:30:00+00:00,0.2685643564356436,0.0,0.0124231782265144,1.0
2021-03-12 01:45:00+00:00,0.26635163516351634,0.0,0.0115671641791044,1.0
2021-03-12 02:00:00+00:00,0.2641389138913891,0.0,0.0107111501316944,1.0
2021-03-12 02:15:00+00:00,0.2652452745274527,0.0,0.009833187006145648,0.9997835497835498
2021-03-12 02:30:00+00:00,0.2663516351635163,0.0,0.0089552238805969,0.9995670995670995
2021-03-12 02:45:00+00:00,0.26745799579957996,0.0,0.0080772607550482,0.9993506493506494
2021-03-12 03:00:00+00:00,0.2685643564356436,0.0,0.0071992976294995,0.9991341991341992
2021-03-12 03:15:00+00:00,0.2661172367236724,0.0,0.0071992976294995,0.9993506493506493
2021-03-12 03:30:00+00:00,0.2636701170117012,0.0,0.0071992976294995,0.9995670995670995
2021-03-12 03:45:00+00:00,0.26122299729973,0.0,0.0071992976294995,0.9997835497835498
2021-03-12 04:00:00+00:00,0.2587758775877588,0.0,0.0071992976294995,1.0
2021-03-12 04:15:00+00:00,0.25626312631263126,0.0,0.00691395961369615,1.0
2021-03-12 04:30:00+00:00,0.2537503750375037,0.0,0.0066286215978928,1.0
2021-03-12 04:45:00+00:00,0.2512376237623762,0.0,0.0063432835820895,1.0
2021-03-12 05:00:00+00:00,0.2487248724872487,0.0,0.0060579455662862,1.0
2021-03-12 05:15:00+00:00,0.2514626462646264,0.0,0.0069139596136962,1.0
2021-03-12 05:30:00+00:00,0.2542004200420041,0.0,0.0077699736611062,1.0
2021-03-12 05:45:00+00:00,0.2569381938193819,0.0,0.0086259877085162,1.0
2021-03-12 06:00:00+00:00,0.2596759675967596,0.0,0.0094820017559262,1.0
2021-03-12 06:15:00+00:00,0.2606229372937293,0.0,0.035206321334503854,1.0
2021-03-12 06:30:00+00:00,0.261569906990699,0.0,0.0609306409130815,1.0
2021-03-12 06:45:00+00:00,0.2625168766876687,0.0,0.08665496049165924,1.0
2021-03-12 07:00:00+00:00,0.2634638463846385,0.0,0.112379280070237,1.0
2021-03-12 07:15:00+00:00,0.2600791329132913,0.0,0.1648156277436347,1.0
2021-03-12 07:30:00+00:00,0.2566944194419442,0.0,0.2172519754170324,1.0
2021-03-12 07:45:00+00:00,0.25330970597059704,0.0,0.2696883230904301,1.0
2021-03-12 08:00:00+00:00,0.2499249924992499,0.0,0.3221246707638279,1.0
2021-03-12 08:15:00+00:00,0.2527190219021902,0.0,0.3712686567164179,1.0
2021-03-12 08:30:00+00:00,0.2555130513051305,0.0,0.4204126426690079,1.0
2021-03-12 08:45:00+00:00,0.25830708070807085,0.0,0.4695566286215979,1.0
2021-03-12 09:00:00+00:00,0.2611011101110111,0.0,0.5187006145741879,1.0
2021-03-12 09:15:00+00:00,0.26460771077107714,0.0,0.5450614574187884,1.0
2021-03-12 09:30:00+00:00,0.2681143114311431,0.0,0.5714223002633889,1.0
2021-03-12 09:45:00+00:00,0.27162091209120914,0.0,0.5977831431079894,1.0
2021-03-12 10:00:00+00:00,0.2751275127512751,0.0,0.62414398595259,1.0
2021-03-12 10:15:00+00:00,0.28081870687068705,0.0,0.6390474100087796,1.0
2021-03-12 10:30:00+00:00,0.286509900990099,0.0,0.6539508340649693,1.0
2021-03-12 10:45:00+00:00,0.292201095109511,0.0,0.668854258121159,1.0
2021-03-12 11:00:00+00:00,0.2978922892289229,0.0,0.6837576821773486,1.0
2021-03-12 11:15:00+00:00,0.3037991299129913,0.0,0.690649692712906,1.0
2021-03-12 11:30:00+00:00,0.3097059705970597,0.0,0.6975417032484635,1.0
2021-03-12 11:45:00+00:00,0.31561281128112806,0.0,0.7044337137840211,1.0
2021-03-12 12:00:00+00:00,0.3215196519651965,0.0,0.7113257243195785,1.0
2021-03-12 12:15:00+00:00,0.32935793579357936,0.0,0.7116988586479367,1.0
2021-03-12 12:30:00+00:00,0.3371962196219622,0.0,0.712071992976295,1.0
2021-03-12 12:45:00+00:00,0.34503450345034503,0.0,0.7124451273046533,1.0
2021-03-12 13:00:00+00:00,0.3528727872787279,0.0,0.7128182616330114,1.0
2021-03-12 13:15:00+00:00,0.3567169216921692,0.0,0.6971027216856892,1.0
2021-03-12 13:30:00+00:00,0.3605610561056105,0.0,0.681387181738367,1.0
2021-03-12 13:45:00+00:00,0.36440519051905185,0.0,0.6656716417910448,1.0
2021-03-12 14:00:00+00:00,0.3682493249324932,0.0,0.6499561018437225,1.0
2021-03-12 14:15:00+00:00,0.36874624962496244,0.0,0.6368744512730465,1.0
2021-03-12 14:30:00+00:00,0.3692431743174317,0.0,0.6237928007023705,1.0
2021-03-12 14:45:00+00:00,0.36974009900990096,0.0,0.6107111501316944,1.0
2021-03-12 15:00:00+00:00,0.3702370237023702,0.0,0.5976294995610184,1.0
2021-03-12 15:15:00+00:00,0.36081420642064205,0.0,0.5641791044776119,1.0
2021-03-12 15:30:00+00:00,0.3513913891389139,0.0,0.5307287093942055,1.0
2021-03-12 15:45:00+00:00,0.34196857185718565,0.0,0.49727831431079894,1.0
2021-03-12 16:00:00+00:00,0.3325457545754575,0.0,0.4638279192273924,1.0
2021-03-12 16:15:00+00:00,0.3189693969396939,0.0,0.39824407374890247,1.0
2021-03-12 16:30:00+00:00,0.3053930393039303,0.0,0.3326602282704126,1.0
2021-03-12 16:45:00+00:00,0.29181668166816677,0.0,0.2670763827919227,1.0
2021-03-12 17:00:00+00:00,0.2782403240324032,0.0,0.2014925373134328,1.0
2021-03-12 17:15:00+00:00,0.2683768376837683,0.0,0.16343283582089546,1.0
2021-03-12 17:30:00+00:00,0.2585133513351334,0.0,0.1253731343283581,1.0
2021-03-12 17:45:00+00:00,0.24864986498649855,0.0,0.0873134328358208,1.0
2021-03-12 18:00:00+00:00,0.2387863786378637,0.0,0.0492537313432835,1.0
2021-03-12 18:15:00+00:00,0.23858010801080098,0.0,0.0445566286215978,1.0
2021-03-12 18:30:00+00:00,0.2383738373837383,0.0,0.0398595258999121,1.0
2021-03-12 18:45:00+00:00,0.2381675667566756,0.0,0.03516242317822645,1.0
2021-03-12 19:00:00+00:00,0.2379612961296129,0.0,0.0304653204565408,1.0
2021-03-12 19:15:00+00:00,0.2341546654665466,0.0,0.029038630377524098,1.0
2021-03-12 19:30:00+00:00,0.2303480348034803,0.0,0.0276119402985074,1.0
2021-03-12 19:45:00+00:00,0.226541404140414,0.0,0.026185250219490752,1.0
2021-03-12 20:00:00+00:00,0.2227347734773477,0.0,0.0247585601404741,1.0
2021-03-12 20:15:00+00:00,0.2171185868586858,0.0,0.02414398595258995,1.0
2021-03-12 20:30:00+00:00,0.2115024002400239,0.0,0.0235294117647058,1.0
2021-03-12 20:45:00+00:00,0.20588621362136206,0.0,0.022914837576821702,1.0
2021-03-12 21:00:00+00:00,0.2002700270027002,0.0,0.0223002633889376,1.0
2021-03-12 21:15:00+00:00,0.19726035103510345,0.0,0.02115891132572425,1.0
2021-03-12 21:30:00+00:00,0.1942506750675067,0.0,0.0200175592625109,1.0
2021-03-12 21:45:00+00:00,0.19124099909990994,0.0,0.01887620719929755,1.0
2021-03-12 22:00:00+00:00,0.1882313231323132,0.0,0.0177348551360842,1.0
2021-03-12 22:15:00+00:00,0.18745312031203115,0.0,0.0163081650570675,1.0
2021-03-12 22:30:00+00:00,0.1866749174917491,0.0,0.0148814749780508,1.0
2021-03-12 22:45:00+00:00,0.18589671467146712,0.0,0.01345478489903415,1.0
2021-03-12 23:00:00+00:00,0.1851185118511851,0.0,0.0120280948200175,1.0
2021-03-12 23:15:00+00:00,0.18358085808580854,0.0,0.01101843722563645,1.0
2021-03-12 23:30:00+00:00,0.182043204320432,0.0,0.0100087796312554,1.0
2021-03-12 23:45:00+00:00,0.18050555055505546,0.0,0.0089991220368744,1.0
2021-03-13 00:00:00+00:00,0.1789678967896789,0.0,0.0079894644424934,1.0
2021-03-13 00:15:00+00:00,0.18080558055805576,0.0,0.007550482879719,1.0
2021-03-13 00:30:00+00:00,0.1826432643264326,0.0,0.0071115013169446,1.0
2021-03-13 00:45:00+00:00,0.18448094809480947,0.0,0.006672519754170251,1.0
2021-03-13 01:00:00+00:00,0.1863186318631863,0.0,0.0062335381913959,1.0
2021-03-13 01:15:00+00:00,0.189525202520252,0.0,0.0056189640035118,0.9948051948051948
2021-03-13 01:30:00+00:00,0.1927317731773177,0.0,0.0050043898156277,0.9896103896103896
2021-03-13 01:45:00+00:00,0.1959383438343834,0.0,0.0043898156277436,0.9844155844155844
2021-03-13 02:00:00+00:00,0.1991449144914491,0.0,0.0037752414398595,0.9792207792207792
2021-03-13 02:15:00+00:00,0.19973559855985595,0.0,0.00373134328358205,0.9768398268398268
2021-03-13 02:30:00+00:00,0.2003262826282628,0.0,0.0036874451273046,0.9744588744588744
2021-03-13 02:45:00+00:00,0.20091696669666964,0.0,0.0036435469710271503,0.972077922077922
2021-03-13 03:00:00+00:00,0.2015076507650765,0.0,0.0035996488147497,0.9696969696969696
2021-03-13 03:15:00+00:00,0.1993605610561056,0.0,0.0035996488147497,0.9742424242424241
2021-03-13 03:30:00+00:00,0.1972134713471347,0.0,0.0035996488147497,0.9787878787878788
2021-03-13 03:45:00+00:00,0.1950663816381638,0.0,0.0035996488147497,0.9833333333333334
2021-03-13 04:00:00+00:00,0.1929192919291929,0.0,0.0035996488147497,0.987878787878788
2021-03-13 04:15:00+00:00,0.19128787878787876,0.0,0.003577699736611,0.990909090909091
2021-03-13 04:30:00+00:00,0.1896564656465646,0.0,0.0035557506584723,0.993939393939394
2021-03-13 04:45:00+00:00,0.18802505250525045,0.0,0.0035338015803336002,0.9969696969696971
2021-03-13 05:00:00+00:00,0.1863936393639363,0.0,0.0035118525021949,1.0
2021-03-13 05:15:00+00:00,0.18557793279327925,0.0,0.0061896400351185,1.0
2021-03-13 05:30:00+00:00,0.1847622262226222,0.0,0.0088674275680421,1.0
2021-03-13 05:45:00+00:00,0.18394651965196515,0.0,0.0115452151009657,1.0
2021-03-13 06:00:00+00:00,0.1831308130813081,0.0,0.0142230026338893,1.0
2021-03-13 06:15:00+00:00,0.182549504950495,0.0,0.0544776119402984,1.0
2021-03-13 06:30:00+00:00,0.1819681968196819,0.0,0.0947322212467075,1.0
2021-03-13 06:45:00+00:00,0.18138688868886885,0.0,0.1349868305531167,1.0
2021-03-13 07:00:00+00:00,0.1808055805580558,0.0,0.1752414398595259,1.0
2021-03-13 07:15:00+00:00,0.17696144614461445,0.0,0.2474978050921861,1.0
2021-03-13 07:30:00+00:00,0.1731173117311731,0.0,0.3197541703248463,1.0
2021-03-13 07:45:00+00:00,0.16927317731773173,0.0,0.39201053555750653,1.0
2021-03-13 08:00:00+00:00,0.1654290429042904,0.0,0.4642669007901668,1.0
2021-03-13 08:15:00+00:00,0.1682793279327932,0.0,0.5253950834064969,0.9961038961038962
2021-03-13 08:30:00+00:00,0.171129612961296,0.0,0.586523266022827,0.9922077922077922
2021-03-13 08:45:00+00:00,0.1739798979897989,0.0,0.6476514486391571,0.9883116883116883
2021-03-13 09:00:00+00:00,0.1768301830183018,0.0,0.7087796312554873,0.9844155844155844
2021-03-13 09:15:00+00:00,0.1825682568256825,0.0,0.7357330992098332,0.9766233766233766
2021-03-13 09:30:00+00:00,0.1883063306330632,0.0,0.7626865671641792,0.9688311688311688
2021-03-13 09:45:00+00:00,0.19404440444044396,0.0,0.7896400351185251,0.961038961038961
2021-03-13 10:00:00+00:00,0.1997824782478247,0.0,0.8165935030728709,0.9532467532467532
2021-03-13 10:15:00+00:00,0.2018545604560455,0.0,0.8211150131694469,0.9497835497835498
2021-03-13 10:30:00+00:00,0.2039266426642663,0.0,0.8256365232660228,0.9463203463203465
2021-03-13 10:45:00+00:00,0.20599872487248716,0.0,0.8301580333625987,0.942857142857143
2021-03-13 11:00:00+00:00,0.208070807080708,0.0,0.8346795434591747,0.9393939393939394
2021-03-13 11:15:00+00:00,0.2095240774077407,0.0,0.8361720807726075,0.9374458874458875
2021-03-13 11:30:00+00:00,0.2109773477347734,0.0,0.8376646180860403,0.9354978354978356
2021-03-13 11:45:00+00:00,0.21243061806180608,0.0,0.8391571553994732,0.9335497835497837
2021-03-13 12:00:00+00:00,0.2138838883888388,0.0,0.840649692712906,0.9316017316017317
2021-03-13 12:15:00+00:00,0.21539341434143405,0.0,0.8419227392449518,0.930952380952381
2021-03-13 12:30:00+00:00,0.2169029402940293,0.0,0.8431957857769974,0.9303030303030304
2021-03-13 12:45:00+00:00,0.21841246624662458,0.0,0.844468832309043,0.9296536796536797
2021-03-13 13:00:00+00:00,0.2199219921992199,0.0,0.8457418788410886,0.929004329004329
2021-03-13 13:15:00+00:00,0.22449744974497443,0.0,0.8431738366988586,0.9274891774891776
2021-03-13 13:30:00+00:00,0.229072907290729,0.0,0.8406057945566285,0.925974025974026
2021-03-13 13:45:00+00:00,0.2336483648364836,0.0,0.8380377524143985,0.9244588744588744
2021-03-13 14:00:00+00:00,0.2382238223822382,0.0,0.8354697102721685,0.922943722943723
2021-03-13 14:15:00+00:00,0.2397239723972397,0.0,0.8222124670763828,0.922943722943723
2021-03-13 14:30:00+00:00,0.2412241224122412,0.0,0.808955223880597,0.922943722943723
2021-03-13 14:45:00+00:00,0.2427242724272427,0.0,0.7956979806848112,0.922943722943723
2021-03-13 15:00:00+00:00,0.2442244224422442,0.0,0.7824407374890254,0.922943722943723
2021-03-13 15:15:00+00:00,0.24954995499549948,0.0,0.7387401229148376,0.9277056277056277
2021-03-13 15:30:00+00:00,0.2548754875487548,0.0,0.6950395083406498,0.9324675324675324
2021-03-13 15:45:00+00:00,0.2602010201020101,0.0,0.6513388937664619,0.9372294372294372
2021-03-13 16:00:00+00:00,0.2655265526552655,0.0,0.607638279192274,0.941991341991342
2021-03-13 16:15:00+00:00,0.26954882988298823,0.0,0.529982440737489,0.9564935064935066
2021-03-13 16:30:00+00:00,0.273571107110711,0.0,0.4523266022827041,0.9709956709956712
2021-03-13 16:45:00+00:00,0.2775933843384338,0.0,0.3746707638279192,0.9854978354978357
2021-03-13 17:00:00+00:00,0.2816156615661566,0.0,0.2970149253731343,1.0
2021-03-13 17:15:00+00:00,0.27945919591959195,0.0,0.24787093942054428,1.0
2021-03-13 17:30:00+00:00,0.2773027302730273,0.0,0.1987269534679543,1.0
2021-03-13 17:45:00+00:00,0.27514626462646263,0.0,0.1495829675153643,1.0
2021-03-13 18:00:00+00:00,0.272989798979898,0.0,0.1004389815627743,1.0
2021-03-13 18:15:00+00:00,0.2779590459045904,0.0,0.09433713784021064,1.0
2021-03-13 18:30:00+00:00,0.2829282928292829,0.0,0.088235294117647,1.0
2021-03-13 18:45:00+00:00,0.28789753975397536,0.0,0.08213345039508335,1.0
2021-03-13 19:00:00+00:00,0.2928667866786679,0.0,0.0760316066725197,1.0
2021-03-13 19:15:00+00:00,0.29766726672667265,0.0,0.07552677787532915,1.0
2021-03-13 19:30:00+00:00,0.3024677467746774,0.0,0.0750219490781386,1.0
2021-03-13 19:45:00+00:00,0.3072682268226822,0.0,0.07451712028094809,1.0
2021-03-13 20:00:00+00:00,0.312068706870687,0.0,0.0740122914837576,1.0
2021-03-13 20:15:00+00:00,0.3113842634263425,0.0,0.07273924495171194,1.0
2021-03-13 20:30:00+00:00,0.3106998199819981,0.0,0.0714661984196663,1.0
2021-03-13 20:45:00+00:00,0.31001537653765365,0.0,0.07019315188762065,1.0
2021-03-13 21:00:00+00:00,0.3093309330933093,0.0,0.068920105355575,1.0
2021-03-13 21:15:00+00:00,0.3058524602460245,0.0,0.06345478489903415,1.0
2021-03-13 21:30:00+00:00,0.3023739873987398,0.0,0.0579894644424933,1.0
2021-03-13 21:45:00+00:00,0.2988955145514551,0.0,0.0525241439859525,1.0
2021-03-13 22:00:00+00:00,0.2954170417041704,0.0,0.0470588235294117,1.0
2021-03-13 22:15:00+00:00,0.2982673267326732,0.0,0.04159350307287085,0.9911255411255411
2021-03-13 22:30:00+00:00,0.3011176117611761,0.0,0.03612818261633,0.9822510822510822
2021-03-13 22:45:00+00:00,0.30396789678967895,0.0,0.030662862159789202,0.9733766233766232
2021-03-13 23:00:00+00:00,0.3068181818181818,0.0,0.0251975417032484,0.9645021645021644
2021-03-13 23:15:00+00:00,0.30204582958295834,0.0,0.022344161545215048,0.9575757575757575
2021-03-13 23:30:00+00:00,0.2972734773477348,0.0,0.0194907813871817,0.9506493506493506
2021-03-13 23:45:00+00:00,0.29250112511251125,0.0,0.01663740122914835,0.9437229437229437
2021-03-14 00:00:00+00:00,0.2877287728772877,0.0,0.013784021071115,0.9367965367965368
2021-03-14 00:15:00+00:00,0.2827501500150015,0.0,0.01123792800702365,0.935930735930736
2021-03-14 00:30:00+00:00,0.2777715271527152,0.0,0.0086918349429323,0.935064935064935
2021-03-14 00:45:00+00:00,0.272792904290429,0.0,0.0061457418788410005,0.9341991341991341
2021-03-14 01:00:00+00:00,0.2678142814281428,0.0,0.0035996488147497,0.9333333333333332
2021-03-14 01:15:00+00:00,0.26652977797779775,0.0,0.0032704126426689,0.9287878787878787
2021-03-14 01:30:00+00:00,0.2652452745274527,0.0,0.0029411764705881,0.9242424242424242
2021-03-14 01:45:00+00:00,0.2639607710771077,0.0,0.00261194029850735,0.9196969696969697
2021-03-14 02:00:00+00:00,0.2626762676267626,0.0,0.0022827041264266,0.9151515151515152
2021-03-14 02:15:00+00:00,0.26355760576057596,0.0,0.0022827041264266,0.9136363636363636
2021-03-14 02:30:00+00:00,0.2644389438943894,0.0,0.0022827041264266,0.912121212121212
2021-03-14 02:45:00+00:00,0.2653202820282028,0.0,0.0022827041264266,0.9106060606060606
2021-03-14 03:00:00+00:00,0.2662016201620162,0.0,0.0022827041264266,0.9090909090909092
2021-03-14 03:15:00+00:00,0.2685549804980498,0.0,0.0022827041264266,0.9095238095238096
2021-03-14 03:30:00+00:00,0.2709083408340834,0.0,0.0022827041264266,0.90995670995671
2021-03-14 03:45:00+00:00,0.273261701170117,0.0,0.0022827041264266,0.9103896103896103
2021-03-14 04:00:00+00:00,0.2756150615061506,0.0,0.0022827041264266,0.9108225108225108
2021-03-14 04:15:00+00:00,0.2801811431143114,0.0,0.0022607550482879003,0.9080086580086579
2021-03-14 04:30:00+00:00,0.2847472247224722,0.0,0.0022388059701492,0.9051948051948052
2021-03-14 04:45:00+00:00,0.289313306330633,0.0,0.0022168568920105,0.9023809523809524
2021-03-14 05:00:00+00:00,0.2938793879387938,0.0,0.0021949078138718,0.8995670995670996
2021-03-14 05:15:00+00:00,0.29499512451245113,0.0,0.0047629499561018,0.9002164502164502
2021-03-14 05:30:00+00:00,0.2961108610861085,0.0,0.0073309920983318,0.9008658008658008
2021-03-14 05:45:00+00:00,0.2972265976597659,0.0,0.00989903424056185,0.9015151515151515
2021-03-14 06:00:00+00:00,0.2983423342334233,0.0,0.0124670763827919,0.9021645021645022
2021-03-14 06:15:00+00:00,0.2970015751575157,0.0,0.05827480245829669,0.9099567099567099
2021-03-14 06:30:00+00:00,0.2956608160816081,0.0,0.1040825285338015,0.9177489177489176
2021-03-14 06:45:00+00:00,0.2943200570057005,0.0,0.14989025460930636,0.9255411255411254
2021-03-14 07:00:00+00:00,0.292979297929793,0.0,0.1956979806848112,0.9333333333333332
2021-03-14 07:15:00+00:00,0.2944513201320132,0.0,0.27177348551360836,0.9333333333333332
2021-03-14 07:30:00+00:00,0.2959233423342334,0.0,0.3478489903424056,0.9333333333333332
2021-03-14 07:45:00+00:00,0.2973953645364536,0.0,0.4239244951712028,0.9333333333333332
2021-03-14 08:00:00+00:00,0.2988673867386738,0.0,0.5,0.9333333333333332
2021-03-14 08:15:00+00:00,0.302364611461146,0.0,0.560513608428446,0.930952380952381
2021-03-14 08:30:00+00:00,0.3058618361836183,0.0,0.621027216856892,0.9285714285714286
2021-03-14 08:45:00+00:00,0.30935906090609055,0.0,0.681540825285338,0.9261904761904762
2021-03-14 09:00:00+00:00,0.3128562856285629,0.0,0.742054433713784,0.923809523809524
2021-03-14 09:15:00+00:00,0.31683168316831684,0.0,0.763081650570676,0.9274891774891776
2021-03-14 09:30:00+00:00,0.3208070807080708,0.0,0.784108867427568,0.9311688311688312
2021-03-14 09:45:00+00:00,0.32478247824782475,0.0,0.80513608428446,0.9348484848484848
2021-03-14 10:00:00+00:00,0.3287578757875787,0.0,0.8261633011413521,0.9385281385281384
2021-03-14 10:15:00+00:00,0.3294985748574857,0.0,0.831145741878841,0.9413419913419911
2021-03-14 10:30:00+00:00,0.3302392739273927,0.0,0.83612818261633,0.944155844155844
2021-03-14 10:45:00+00:00,0.3309799729972997,0.0,0.841110623353819,0.9469696969696968
2021-03-14 11:00:00+00:00,0.3317206720672067,0.0,0.8460930640913081,0.9497835497835496
2021-03-14 11:15:00+00:00,0.3275858835883587,0.0,0.8469710272168569,0.9458874458874458
2021-03-14 11:30:00+00:00,0.3234510951095108,0.0,0.8478489903424056,0.941991341991342
2021-03-14 11:45:00+00:00,0.31931630663066296,0.0,0.8487269534679543,0.9380952380952382
2021-03-14 12:00:00+00:00,0.3151815181518151,0.0,0.8496049165935031,0.9341991341991344
2021-03-14 12:15:00+00:00,0.31290316531653156,0.0,0.8518217734855136,0.9346320346320347
2021-03-14 12:30:00+00:00,0.310624812481248,0.0,0.8540386303775241,0.9350649350649352
2021-03-14 12:45:00+00:00,0.3083464596459645,0.0,0.8562554872695347,0.9354978354978356
2021-03-14 13:00:00+00:00,0.3060681068106811,0.0,0.8584723441615452,0.935930735930736
2021-03-14 13:15:00+00:00,0.3048211071107111,0.0,0.8536654960491659,0.9300865800865802
2021-03-14 13:30:00+00:00,0.3035741074107411,0.0,0.8488586479367866,0.9242424242424244
2021-03-14 13:45:00+00:00,0.3023271077107711,0.0,0.8440517998244073,0.9183982683982685
2021-03-14 14:00:00+00:00,0.3010801080108011,0.0,0.8392449517120281,0.9125541125541126
2021-03-14 14:15:00+00:00,0.29675780078007796,0.0,0.8243415276558385,0.9114718614718615
2021-03-14 14:30:00+00:00,0.2924354935493549,0.0,0.8094381035996487,0.9103896103896104
2021-03-14 14:45:00+00:00,0.2881131863186318,0.0,0.7945346795434591,0.9093073593073594
2021-03-14 15:00:00+00:00,0.2837908790879088,0.0,0.7796312554872695,0.9082251082251084
2021-03-14 15:15:00+00:00,0.29635463546354635,0.0,0.7378402107111501,0.9311688311688312
2021-03-14 15:30:00+00:00,0.3089183918391839,0.0,0.6960491659350307,0.954112554112554
2021-03-14 15:45:00+00:00,0.32148214821482146,0.0,0.6542581211589114,0.977056277056277
2021-03-14 16:00:00+00:00,0.334045904590459,0.0,0.612467076382792,1.0
2021-03-14 16:15:00+00:00,0.3382088208820882,0.0,0.5318700614574188,1.0
2021-03-14 16:30:00+00:00,0.3423717371737174,0.0,0.4512730465320457,1.0
2021-03-14 16:45:00+00:00,0.3465346534653465,0.0,0.3706760316066725,1.0
2021-03-14 17:00:00+00:00,0.3506975697569757,0.0,0.2900790166812994,1.0
2021-03-14 17:15:00+00:00,0.3523008550855085,0.0,0.23871817383669877,1.0
2021-03-14 17:30:00+00:00,0.3539041404140414,0.0,0.1873573309920982,1.0
2021-03-14 17:45:00+00:00,0.3555074257425742,0.0,0.1359964881474977,1.0
2021-03-14 18:00:00+00:00,0.3571107110711071,0.0,0.0846356453028972,1.0
2021-03-14 18:15:00+00:00,0.3589483948394839,0.0,0.0783801580333625,1.0
2021-03-14 18:30:00+00:00,0.3607860786078607,0.0,0.0721246707638278,1.0
2021-03-14 18:45:00+00:00,0.36262376237623756,0.0,0.06586918349429315,1.0
2021-03-14 19:00:00+00:00,0.3644614461446144,0.0,0.0596136962247585,1.0
2021-03-14 19:15:00+00:00,0.36075795079507944,0.0,0.059350307287093854,1.0
2021-03-14 19:30:00+00:00,0.3570544554455445,0.0,0.0590869183494292,1.0
2021-03-14 19:45:00+00:00,0.3533509600960095,0.0,0.0588235294117646,1.0
2021-03-14 20:00:00+00:00,0.3496474647464746,0.0,0.0585601404741,1.0
2021-03-14 20:15:00+00:00,0.3486067356735673,0.0,0.05851624231782255,1.0
2021-03-14 20:30:00+00:00,0.34756600660066,0.0,0.0584723441615451,1.0
2021-03-14 20:45:00+00:00,0.34652527752775275,0.0,0.0584284460052677,1.0
2021-03-14 21:00:00+00:00,0.3454845484548455,0.0,0.0583845478489903,1.0
2021-03-14 21:15:00+00:00,0.3446969696969697,0.0,0.057813871817383594,1.0
2021-03-14 21:30:00+00:00,0.3439093909390939,0.0,0.0572431957857769,1.0
2021-03-14 21:45:00+00:00,0.34312181218121807,0.0,0.056672519754170245,1.0
2021-03-14 22:00:00+00:00,0.3423342334233423,0.0,0.0561018437225636,1.0
2021-03-14 22:15:00+00:00,0.3408434593459345,0.0,0.052194907813871746,1.0
2021-03-14 22:30:00+00:00,0.3393526852685268,0.0,0.0482879719051799,1.0
2021-03-14 22:45:00+00:00,0.3378619111911191,0.0,0.0443810359964881,1.0
2021-03-14 23:00:00+00:00,0.3363711371137113,0.0,0.0404741000877963,1.0
2021-03-14 23:15:00+00:00,0.33249887488748864,0.0,0.036369622475856,0.9898268398268397
2021-03-14 23:30:00+00:00,0.328626612661266,0.0,0.0322651448639157,0.9796536796536796
2021-03-14 23:45:00+00:00,0.3247543504350434,0.0,0.0281606672519754,0.9694805194805194
2021-03-15 00:00:00+00:00,0.3208820882088208,0.0,0.0240561896400351,0.9593073593073592
2021-03-15 00:15:00+00:00,0.32071332133213315,0.0,0.0211589113257243,0.9556277056277055
2021-03-15 00:30:00+00:00,0.3205445544554455,0.0,0.0182616330114135,0.9519480519480518
2021-03-15 00:45:00+00:00,0.32037578757875784,0.0,0.0153643546971027,0.9482683982683981
2021-03-15 01:00:00+00:00,0.3202070207020702,0.0,0.0124670763827919,0.9445887445887444
2021-03-15 01:15:00+00:00,0.3207883288328832,0.0,0.012379280070237,0.943073593073593
2021-03-15 01:30:00+00:00,0.3213696369636963,0.0,0.0122914837576821,0.9415584415584416
2021-03-15 01:45:00+00:00,0.3219509450945094,0.0,0.012203687445127249,0.94004329004329
2021-03-15 02:00:00+00:00,0.3225322532253225,0.0,0.0121158911325724,0.9385281385281384
2021-03-15 02:15:00+00:00,0.3239573957395739,0.0,0.010974539069359,0.9396103896103896
2021-03-15 02:30:00+00:00,0.3253825382538253,0.0,0.0098331870061456,0.9406926406926406
2021-03-15 02:45:00+00:00,0.32680768076807676,0.0,0.0086918349429323,0.9417748917748917
2021-03-15 03:00:00+00:00,0.3282328232823282,0.0,0.007550482879719,0.9428571428571428
2021-03-15 03:15:00+00:00,0.3292735523552355,0.0,0.0070676031606672005,0.9521645021645021
2021-03-15 03:30:00+00:00,0.3303142814281428,0.0,0.0065847234416154,0.9614718614718614
2021-03-15 03:45:00+00:00,0.3313550105010501,0.0,0.0061018437225636,0.9707792207792207
2021-03-15 04:00:00+00:00,0.3323957395739574,0.0,0.0056189640035118,0.98008658008658
2021-03-15 04:15:00+00:00,0.33363336333633364,0.0,0.00559701492537305,0.982034632034632
2021-03-15 04:30:00+00:00,0.3348709870987099,0.0,0.0055750658472343,0.983982683982684
2021-03-15 04:45:00+00:00,0.3361086108610861,0.0,0.0055531167690956,0.985930735930736
2021-03-15 05:00:00+00:00,0.3373462346234623,0.0,0.0055311676909569,0.987878787878788
2021-03-15 05:15:00+00:00,0.33803067806780673,0.0,0.0086698858647936,0.990909090909091
2021-03-15 05:30:00+00:00,0.3387151215121512,0.0,0.0118086040386303,0.993939393939394
2021-03-15 05:45:00+00:00,0.33939956495649565,0.0,0.014947322212467,0.9969696969696971
2021-03-15 06:00:00+00:00,0.3400840084008401,0.0,0.0180860403863037,1.0
2021-03-15 06:15:00+00:00,0.33867761776177613,0.0,0.0662862159789288,1.0
2021-03-15 06:30:00+00:00,0.3372712271227122,0.0,0.1144863915715539,1.0
2021-03-15 06:45:00+00:00,0.3358648364836483,0.0,0.16268656716417904,1.0
2021-03-15 07:00:00+00:00,0.3344584458445844,0.0,0.2108867427568042,1.0
2021-03-15 07:15:00+00:00,0.3342240474047404,0.0,0.289244951712028,1.0
2021-03-15 07:30:00+00:00,0.3339896489648964,0.0,0.3676031606672519,1.0
2021-03-15 07:45:00+00:00,0.33375525052505245,0.0,0.4459613696224758,1.0
2021-03-15 08:00:00+00:00,0.3335208520852085,0.0,0.5243195785776997,1.0
2021-03-15 08:15:00+00:00,0.3307830783078307,0.0,0.5836918349429324,1.0
2021-03-15 08:30:00+00:00,0.328045304530453,0.0,0.6430640913081651,1.0
2021-03-15 08:45:00+00:00,0.3253075307530753,0.0,0.7024363476733977,1.0
2021-03-15 09:00:00+00:00,0.3225697569756975,0.0,0.7618086040386304,1.0
2021-03-15 09:15:00+00:00,0.3195413291329132,0.0,0.7787752414398594,1.0
2021-03-15 09:30:00+00:00,0.316512901290129,0.0,0.7957418788410886,1.0
2021-03-15 09:45:00+00:00,0.3134844734473447,0.0,0.8127085162423178,1.0
2021-03-15 10:00:00+00:00,0.3104560456045604,0.0,0.8296751536435469,1.0
2021-03-15 10:15:00+00:00,0.3087683768376837,0.0,0.8351624231782264,1.0
2021-03-15 10:30:00+00:00,0.307080708070807,0.0,0.840649692712906,1.0
2021-03-15 10:45:00+00:00,0.30539303930393036,0.0,0.8461369622475856,1.0
2021-03-15 11:00:00+00:00,0.3037053705370537,0.0,0.8516242317822651,1.0
2021-03-15 11:15:00+00:00,0.3061337383738374,0.0,0.8508340649692713,1.0
2021-03-15 11:30:00+00:00,0.3085621062106211,0.0,0.8500438981562775,1.0
2021-03-15 11:45:00+00:00,0.31099047404740476,0.0,0.8492537313432835,1.0
2021-03-15 12:00:00+00:00,0.3134188418841884,0.0,0.8484635645302897,1.0
2021-03-15 12:15:00+00:00,0.3138876387638764,0.0,0.8499122036874451,1.0
2021-03-15 12:30:00+00:00,0.3143564356435643,0.0,0.8513608428446005,1.0
2021-03-15 12:45:00+00:00,0.31482523252325223,0.0,0.8528094820017559,1.0
2021-03-15 13:00:00+00:00,0.3152940294029402,0.0,0.8542581211589113,1.0
2021-03-15 13:15:00+00:00,0.318341209120912,0.0,0.8486391571553995,1.0
2021-03-15 13:30:00+00:00,0.3213883888388839,0.0,0.8430201931518876,1.0
2021-03-15 13:45:00+00:00,0.3244355685568557,0.0,0.8374012291483757,1.0
2021-03-15 14:00:00+00:00,0.3274827482748275,0.0,0.8317822651448639,1.0
2021-03-15 14:15:00+00:00,0.3309143414341434,0.0,0.8123134328358208,0.9991341991341991
2021-03-15 14:30:00+00:00,0.3343459345934593,0.0,0.7928446005267779,0.9982683982683982
2021-03-15 14:45:00+00:00,0.33777752775277525,0.0,0.7733757682177349,0.9974025974025973
2021-03-15 15:00:00+00:00,0.3412091209120912,0.0,0.7539069359086918,0.9965367965367964
2021-03-15 15:15:00+00:00,0.3448844884488449,0.0,0.7103819139596137,0.9974025974025973
2021-03-15 15:30:00+00:00,0.3485598559855986,0.0,0.6668568920105356,0.9982683982683982
2021-03-15 15:45:00+00:00,0.3522352235223522,0.0,0.6233318700614574,0.9991341991341991
2021-03-15 16:00:00+00:00,0.3559105910591059,0.0,0.5798068481123793,1.0
2021-03-15 16:15:00+00:00,0.36113298829882984,0.0,0.5009877085162423,1.0
2021-03-15 16:30:00+00:00,0.3663553855385538,0.0,0.4221685689201053,1.0
2021-03-15 16:45:00+00:00,0.3715777827782778,0.0,0.34334942932396834,1.0
2021-03-15 17:00:00+00:00,0.3768001800180018,0.0,0.2645302897278314,1.0
2021-03-15 17:15:00+00:00,0.3890076507650765,0.0,0.21694468832309038,1.0
2021-03-15 17:30:00+00:00,0.4012151215121512,0.0,0.1693590869183494,1.0
2021-03-15 17:45:00+00:00,0.4134225922592259,0.0,0.12177348551360839,1.0
2021-03-15 18:00:00+00:00,0.4256300630063006,0.0,0.0741878841088674,1.0
2021-03-15 18:15:00+00:00,0.4341434143414341,0.0,0.06982001755926245,1.0
2021-03-15 18:30:00+00:00,0.4426567656765676,0.0,0.0654521510096575,1.0
2021-03-15 18:45:00+00:00,0.45117011701170107,0.0,0.061084284460052596,1.0
2021-03-15 19:00:00+00:00,0.4596834683468346,0.0,0.0567164179104477,1.0
2021-03-15 19:15:00+00:00,0.4648964896489648,0.0,0.056014047410008705,1.0
2021-03-15 19:30:00+00:00,0.470109510951095,0.0,0.0553116769095697,1.0
2021-03-15 19:45:00+00:00,0.47532253225322524,0.0,0.05460930640913075,1.0
2021-03-15 20:00:00+00:00,0.4805355535553555,0.0,0.0539069359086918,1.0
2021-03-15 20:15:00+00:00,0.4784822232223222,0.0,0.0528094820017559,1.0
2021-03-15 20:30:00+00:00,0.4764288928892889,0.0,0.05171202809482,1.0
2021-03-15 20:45:00+00:00,0.47437556255625557,0.0,0.0506145741878841,1.0
2021-03-15 21:00:00+00:00,0.4723222322232223,0.0,0.0495171202809482,1.0
2021-03-15 21:15:00+00:00,0.47326920192019195,0.0,0.04692712906057945,1.0
2021-03-15 21:30:00+00:00,0.4742161716171617,0.0,0.0443371378402107,1.0
2021-03-15 21:45:00+00:00,0.4751631413141314,0.0,0.04174714661984195,1.0
2021-03-15 22:00:00+00:00,0.4761101110111011,0.0,0.0391571553994732,1.0
2021-03-15 22:15:00+00:00,0.4785009750975097,0.0,0.03632572431957855,1.0
2021-03-15 22:30:00+00:00,0.4808918391839183,0.0,0.0334942932396839,1.0
2021-03-15 22:45:00+00:00,0.48328270327032696,0.0,0.03066286215978925,1.0
2021-03-15 23:00:00+00:00,0.4856735673567356,0.0,0.0278314310798946,1.0
2021-03-15 23:15:00+00:00,0.48653615361536146,0.0,0.024824407374890202,0.982034632034632
2021-03-15 23:30:00+00:00,0.4873987398739873,0.0,0.0218173836698858,0.964069264069264
2021-03-15 23:45:00+00:00,0.4882613261326132,0.0,0.0188103599648814,0.9461038961038961
2021-03-16 00:00:00+00:00,0.4891239123912391,0.0,0.015803336259877,0.9281385281385282
2021-03-16 00:15:00+00:00,0.4885519801980197,0.0,0.0138718173836698,0.9270562770562771
2021-03-16 00:30:00+00:00,0.4879800480048004,0.0,0.0119402985074626,0.925974025974026
2021-03-16 00:45:00+00:00,0.48740811581158106,0.0,0.010008779631255401,0.924891774891775
2021-03-16 01:00:00+00:00,0.4868361836183618,0.0,0.0080772607550482,0.923809523809524
2021-03-16 01:15:00+00:00,0.48891764176417635,0.0,0.00803336259877075,0.9283549783549785
2021-03-16 01:30:00+00:00,0.4909990999099909,0.0,0.0079894644424933,0.932900432900433
2021-03-16 01:45:00+00:00,0.49308055805580553,0.0,0.0079455662862159,0.9374458874458875
2021-03-16 02:00:00+00:00,0.4951620162016201,0.0,0.0079016681299385,0.941991341991342
2021-03-16 02:15:00+00:00,0.4947869786978697,0.0,0.0079016681299385,0.9432900432900433
2021-03-16 02:30:00+00:00,0.4944119411941193,0.0,0.0079016681299385,0.9445887445887446
2021-03-16 02:45:00+00:00,0.49403690369036896,0.0,0.0079016681299385,0.945887445887446
2021-03-16 03:00:00+00:00,0.4936618661866186,0.0,0.0079016681299385,0.9471861471861472
2021-03-16 03:15:00+00:00,0.49264926492649264,0.0,0.0075285338015803,0.9417748917748918
2021-03-16 03:30:00+00:00,0.4916366636663666,0.0,0.0071553994732221,0.9363636363636364
2021-03-16 03:45:00+00:00,0.49062406240624057,0.0,0.0067822651448638995,0.930952380952381
2021-03-16 04:00:00+00:00,0.4896114611461146,0.0,0.0064091308165057,0.9255411255411256
2021-03-16 04:15:00+00:00,0.48726747674767473,0.0,0.0060798946444248995,0.9225108225108225
2021-03-16 04:30:00+00:00,0.4849234923492349,0.0,0.0057506584723441,0.9194805194805196
2021-03-16 04:45:00+00:00,0.4825795079507951,0.0,0.00542142230026335,0.9164502164502166
2021-03-16 05:00:00+00:00,0.4802355235523552,0.0,0.0050921861281826,0.9134199134199136
2021-03-16 05:15:00+00:00,0.47977610261026093,0.0,0.008494293239683901,0.92987012987013
2021-03-16 05:30:00+00:00,0.4793166816681667,0.0,0.0118964003511852,0.9463203463203465
2021-03-16 05:45:00+00:00,0.47885726072607254,0.0,0.0152985074626865,0.9627705627705628
2021-03-16 06:00:00+00:00,0.4783978397839784,0.0,0.0187006145741878,0.9792207792207792
2021-03-16 06:15:00+00:00,0.4764288928892889,0.0,0.06674714661984185,0.9844155844155844
2021-03-16 06:30:00+00:00,0.4744599459945994,0.0,0.1147936786654959,0.9896103896103896
2021-03-16 06:45:00+00:00,0.47249099909990994,0.0,0.16284021071115004,0.9948051948051948
2021-03-16 07:00:00+00:00,0.4705220522052205,0.0,0.2108867427568042,1.0
2021-03-16 07:15:00+00:00,0.4673717371737173,0.0,0.2879719051799824,0.9937229437229436
2021-03-16 07:30:00+00:00,0.4642214221422142,0.0,0.3650570676031606,0.9874458874458872
2021-03-16 07:45:00+00:00,0.46107110711071103,0.0,0.44214223002633884,0.981168831168831
2021-03-16 08:00:00+00:00,0.4579207920792079,0.0,0.5192273924495171,0.9748917748917748
2021-03-16 08:15:00+00:00,0.45884900990099003,0.0,0.578665496049166,0.9679653679653679
2021-03-16 08:30:00+00:00,0.4597772277227722,0.0,0.6381035996488148,0.961038961038961
2021-03-16 08:45:00+00:00,0.4607054455445544,0.0,0.6975417032484637,0.9541125541125541
2021-03-16 09:00:00+00:00,0.4616336633663366,0.0,0.7569798068481124,0.9471861471861472
2021-03-16 09:15:00+00:00,0.46100547554755467,0.0,0.7761194029850746,0.9448051948051948
2021-03-16 09:30:00+00:00,0.4603772877287728,0.0,0.7952589991220369,0.9424242424242424
2021-03-16 09:45:00+00:00,0.4597490999099909,0.0,0.8143985952589992,0.94004329004329
2021-03-16 10:00:00+00:00,0.4591209120912091,0.0,0.8335381913959614,0.9376623376623376
2021-03-16 10:15:00+00:00,0.4610054755475548,0.0,0.8385645302897279,0.9344155844155845
2021-03-16 10:30:00+00:00,0.4628900390039004,0.0,0.8435908691834944,0.9311688311688312
2021-03-16 10:45:00+00:00,0.46477460246024604,0.0,0.8486172080772607,0.927922077922078
2021-03-16 11:00:00+00:00,0.4666591659165917,0.0,0.8536435469710272,0.9246753246753248
2021-03-16 11:15:00+00:00,0.46943444344434443,0.0,0.8553116769095698,0.9216450216450218
2021-03-16 11:30:00+00:00,0.4722097209720972,0.0,0.8569798068481124,0.9186147186147188
2021-03-16 11:45:00+00:00,0.47498499849984993,0.0,0.858647936786655,0.9155844155844157
2021-03-16 12:00:00+00:00,0.4777602760276027,0.0,0.8603160667251976,0.9125541125541126
2021-03-16 12:15:00+00:00,0.47917604260426033,0.0,0.8602063213345039,0.9119047619047619
2021-03-16 12:30:00+00:00,0.480591809180918,0.0,0.8600965759438104,0.9112554112554112
2021-03-16 12:45:00+00:00,0.4820075757575757,0.0,0.8599868305531169,0.9106060606060606
2021-03-16 13:00:00+00:00,0.4834233423342334,0.0,0.8598770851624232,0.90995670995671
2021-03-16 13:15:00+00:00,0.48652677767776775,0.0,0.8530509218612818,0.9067099567099568
2021-03-16 13:30:00+00:00,0.4896302130213021,0.0,0.8462247585601406,0.9034632034632036
2021-03-16 13:45:00+00:00,0.49273364836483646,0.0,0.8393985952589992,0.9002164502164502
2021-03-16 14:00:00+00:00,0.4958370837083708,0.0,0.8325724319578578,0.896969696969697
2021-03-16 14:15:00+00:00,0.49815294029402934,0.0,0.8139596136962248,0.9015151515151515
2021-03-16 14:30:00+00:00,0.5004687968796879,0.0,0.7953467954345917,0.906060606060606
2021-03-16 14:45:00+00:00,0.5027846534653465,0.0,0.7767339771729587,0.9106060606060606
2021-03-16 15:00:00+00:00,0.5051005100510051,0.0,0.7581211589113257,0.9151515151515152
2021-03-16 15:15:00+00:00,0.508766501650165,0.0,0.7159789288849868,0.9101731601731602
2021-03-16 15:30:00+00:00,0.5124324932493249,0.0,0.6738366988586479,0.9051948051948052
2021-03-16 15:45:00+00:00,0.5160984848484849,0.0,0.6316944688323091,0.9002164502164502
2021-03-16 16:00:00+00:00,0.5197644764476448,0.0,0.5895522388059702,0.8952380952380953
2021-03-16 16:15:00+00:00,0.5235148514851485,0.0,0.5094820017559263,0.903896103896104
2021-03-16 16:30:00+00:00,0.5272652265226523,0.0,0.4294117647058824,0.9125541125541126
2021-03-16 16:45:00+00:00,0.531015601560156,0.0,0.3493415276558385,0.9212121212121211
2021-03-16 17:00:00+00:00,0.5347659765976598,0.0,0.2692712906057946,0.9298701298701298
2021-03-16 17:15:00+00:00,0.5372974797479748,0.0,0.22309043020193153,0.9474025974025975
2021-03-16 17:30:00+00:00,0.5398289828982898,0.0,0.1769095697980685,0.964935064935065
2021-03-16 17:45:00+00:00,0.5423604860486049,0.0,0.13072870939420544,0.9824675324675325
2021-03-16 18:00:00+00:00,0.5448919891989199,0.0,0.0845478489903424,1.0
2021-03-16 18:15:00+00:00,0.5453326582658266,0.0,0.0797410008779631,1.0
2021-03-16 18:30:00+00:00,0.5457733273327333,0.0,0.0749341527655838,1.0
2021-03-16 18:45:00+00:00,0.54621399639964,0.0,0.07012730465320449,1.0
2021-03-16 19:00:00+00:00,0.5466546654665466,0.0,0.0653204565408252,1.0
2021-03-16 19:15:00+00:00,0.5461202370237024,0.0,0.06457418788410879,1.0
2021-03-16 19:30:00+00:00,0.545585808580858,0.0,0.0638279192273924,1.0
2021-03-16 19:45:00+00:00,0.5450513801380138,0.0,0.063081650570676,1.0
2021-03-16 20:00:00+00:00,0.5445169516951696,0.0,0.0623353819139596,1.0
2021-03-16 20:15:00+00:00,0.541694794479448,0.0,0.061259877085162395,1.0
2021-03-16 20:30:00+00:00,0.5388726372637265,0.0,0.0601843722563652,1.0
2021-03-16 20:45:00+00:00,0.5360504800480048,0.0,0.059108867427568004,1.0
2021-03-16 21:00:00+00:00,0.5332283228322833,0.0,0.0580333625987708,1.0
2021-03-16 21:15:00+00:00,0.5283153315331534,0.0,0.0559701492537313,0.980952380952381
2021-03-16 21:30:00+00:00,0.5234023402340234,0.0,0.0539069359086918,0.961904761904762
2021-03-16 21:45:00+00:00,0.5184893489348935,0.0,0.0518437225636523,0.9428571428571431
2021-03-16 22:00:00+00:00,0.5135763576357636,0.0,0.0497805092186128,0.923809523809524
2021-03-16 22:15:00+00:00,0.5121230873087308,0.0,0.0467954345917471,0.9153679653679655
2021-03-16 22:30:00+00:00,0.5106698169816981,0.0,0.0438103599648814,0.906926406926407
2021-03-16 22:45:00+00:00,0.5092165466546654,0.0,0.04082528533801575,0.8984848484848486
2021-03-16 23:00:00+00:00,0.5077632763276327,0.0,0.0378402107111501,0.8900432900432901
2021-03-16 23:15:00+00:00,0.5110448544854485,0.0,0.034240561896400304,0.879004329004329
2021-03-16 23:30:00+00:00,0.5143264326432643,0.0,0.0306409130816505,0.867965367965368
2021-03-16 23:45:00+00:00,0.5176080108010801,0.0,0.02704126426690075,0.856926406926407
2021-03-17 00:00:00+00:00,0.5208895889588959,0.0,0.023441615452151,0.8458874458874459
2021-03-17 00:15:00+00:00,0.5236836183618363,0.0,0.021400351185250202,0.8437229437229438
2021-03-17 00:30:00+00:00,0.5264776477647766,0.0,0.0193590869183494,0.8415584415584416
2021-03-17 00:45:00+00:00,0.5292716771677168,0.0,0.0173178226514486,0.8393939393939394
2021-03-17 01:00:00+00:00,0.5320657065706571,0.0,0.0152765583845478,0.8372294372294372
2021-03-17 01:15:00+00:00,0.5350378787878788,0.0,0.013893766461808552,0.8350649350649351
2021-03-17 01:30:00+00:00,0.5380100510051005,0.0,0.0125109745390693,0.8329004329004329
2021-03-17 01:45:00+00:00,0.5409822232223223,0.0,0.01112818261633005,0.8307359307359308
2021-03-17 02:00:00+00:00,0.5439543954395439,0.0,0.0097453906935908,0.8285714285714286
2021-03-17 02:15:00+00:00,0.5446763426342633,0.0,0.009547848990342351,0.8266233766233766
2021-03-17 02:30:00+00:00,0.5453982898289829,0.0,0.0093503072870939,0.8246753246753247
2021-03-17 02:45:00+00:00,0.5461202370237024,0.0,0.00915276558384545,0.8227272727272728
2021-03-17 03:00:00+00:00,0.5468421842184218,0.0,0.008955223880597,0.8207792207792208
2021-03-17 03:15:00+00:00,0.5471984698469847,0.0,0.008538191395961351,0.8170995670995671
2021-03-17 03:30:00+00:00,0.5475547554755475,0.0,0.0081211589113257,0.8134199134199134
2021-03-17 03:45:00+00:00,0.5479110411041104,0.0,0.00770412642669005,0.8097402597402598
2021-03-17 04:00:00+00:00,0.5482673267326733,0.0,0.0072870939420544,0.806060606060606
2021-03-17 04:15:00+00:00,0.5470109510951096,0.0,0.00726514486391565,0.8136363636363636
2021-03-17 04:30:00+00:00,0.5457545754575458,0.0,0.0072431957857769,0.8212121212121212
2021-03-17 04:45:00+00:00,0.544498199819982,0.0,0.0072212467076382,0.8287878787878787
2021-03-17 05:00:00+00:00,0.5432418241824183,0.0,0.0071992976294995,0.8363636363636363
2021-03-17 05:15:00+00:00,0.5436731173117313,0.0,0.011215978928884901,0.8452380952380951
2021-03-17 05:30:00+00:00,0.5441044104410442,0.0,0.0152326602282703,0.854112554112554
2021-03-17 05:45:00+00:00,0.5445357035703571,0.0,0.01924934152765575,0.862987012987013
2021-03-17 06:00:00+00:00,0.54496699669967,0.0,0.0232660228270412,0.8718614718614719
2021-03-17 06:15:00+00:00,0.542201095109511,0.0,0.07541703248463555,0.8811688311688313
2021-03-17 06:30:00+00:00,0.539435193519352,0.0,0.1275680421422299,0.8904761904761905
2021-03-17 06:45:00+00:00,0.5366692919291929,0.0,0.1797190517998243,0.8997835497835498
2021-03-17 07:00:00+00:00,0.5339033903390339,0.0,0.2318700614574187,0.9090909090909092
2021-03-17 07:15:00+00:00,0.5328064056405641,0.0,0.3104697102721685,0.9108225108225109
2021-03-17 07:30:00+00:00,0.5317094209420943,0.0,0.3890693590869183,0.9125541125541126
2021-03-17 07:45:00+00:00,0.5306124362436244,0.0,0.4676690079016681,0.9142857142857143
2021-03-17 08:00:00+00:00,0.5295154515451546,0.0,0.5462686567164179,0.916017316017316
2021-03-17 08:15:00+00:00,0.5333970897089709,0.0,0.6036874451273047,0.9088744588744588
2021-03-17 08:30:00+00:00,0.5372787278727873,0.0,0.6611062335381914,0.9017316017316016
2021-03-17 08:45:00+00:00,0.5411603660366037,0.0,0.7185250219490782,0.8945887445887446
2021-03-17 09:00:00+00:00,0.54504200420042,0.0,0.7759438103599648,0.8874458874458875
2021-03-17 09:15:00+00:00,0.5473297329732973,0.0,0.7908252853380158,0.8798701298701299
2021-03-17 09:30:00+00:00,0.5496174617461747,0.0,0.8057067603160667,0.8722943722943723
2021-03-17 09:45:00+00:00,0.551905190519052,0.0,0.8205882352941176,0.8647186147186148
2021-03-17 10:00:00+00:00,0.5541929192919292,0.0,0.8354697102721685,0.8571428571428571
2021-03-17 10:15:00+00:00,0.556143114311431,0.0,0.8412862159789289,0.8536796536796536
2021-03-17 10:30:00+00:00,0.558093309330933,0.0,0.8471027216856892,0.8502164502164502
2021-03-17 10:45:00+00:00,0.560043504350435,0.0,0.8529192273924495,0.8467532467532468
2021-03-17 11:00:00+00:00,0.561993699369937,0.0,0.8587357330992098,0.8432900432900433
2021-03-17 11:15:00+00:00,0.5597247224722472,0.0,0.8610623353819139,0.8411255411255412
2021-03-17 11:30:00+00:00,0.5574557455745575,0.0,0.863388937664618,0.8389610389610389
2021-03-17 11:45:00+00:00,0.5551867686768677,0.0,0.8657155399473222,0.8367965367965368
2021-03-17 12:00:00+00:00,0.5529177917791779,0.0,0.8680421422300263,0.8346320346320346
2021-03-17 12:15:00+00:00,0.5542022952295229,0.0,0.8674056189640035,0.8329004329004329
2021-03-17 12:30:00+00:00,0.5554867986798679,0.0,0.8667690956979807,0.8311688311688312
2021-03-17 12:45:00+00:00,0.556771302130213,0.0,0.8661325724319578,0.8294372294372294
2021-03-17 13:00:00+00:00,0.558055805580558,0.0,0.865496049165935,0.8277056277056277
2021-03-17 13:15:00+00:00,0.5609060906090608,0.0,0.8593942054433714,0.8266233766233766
2021-03-17 13:30:00+00:00,0.5637563756375638,0.0,0.8532923617208077,0.8255411255411256
2021-03-17 13:45:00+00:00,0.5666066606660667,0.0,0.8471905179982441,0.8244588744588746
2021-03-17 14:00:00+00:00,0.5694569456945695,0.0,0.8410886742756805,0.8233766233766234
2021-03-17 14:15:00+00:00,0.5717165466546655,0.0,0.822892888498683,0.8205627705627706
2021-03-17 14:30:00+00:00,0.5739761476147616,0.0,0.8046971027216857,0.8177489177489178
2021-03-17 14:45:00+00:00,0.5762357485748575,0.0,0.7865013169446884,0.814935064935065
2021-03-17 15:00:00+00:00,0.5784953495349535,0.0,0.768305531167691,0.8121212121212121
2021-03-17 15:15:00+00:00,0.5813362586258626,0.0,0.7289947322212467,0.8127705627705628
2021-03-17 15:30:00+00:00,0.5841771677167718,0.0,0.6896839332748025,0.8134199134199134
2021-03-17 15:45:00+00:00,0.5870180768076808,0.0,0.6503731343283583,0.814069264069264
2021-03-17 16:00:00+00:00,0.5898589858985899,0.0,0.611062335381914,0.8147186147186147
2021-03-17 16:15:00+00:00,0.5915935343534353,0.0,0.5324626865671642,0.8183982683982683
2021-03-17 16:30:00+00:00,0.5933280828082808,0.0,0.4538630377524144,0.8220779220779221
2021-03-17 16:45:00+00:00,0.5950626312631262,0.0,0.3752633889376646,0.8257575757575757
2021-03-17 17:00:00+00:00,0.5967971797179717,0.0,0.2966637401229148,0.8294372294372294
2021-03-17 17:15:00+00:00,0.5942469246924692,0.0,0.24214223002633883,0.8437229437229437
2021-03-17 17:30:00+00:00,0.5916966696669667,0.0,0.1876207199297629,0.858008658008658
2021-03-17 17:45:00+00:00,0.5891464146414641,0.0,0.13309920983318696,0.8722943722943723
2021-03-17 18:00:00+00:00,0.5865961596159616,0.0,0.078577699736611,0.8865800865800866
2021-03-17 18:15:00+00:00,0.5849366186618661,0.0,0.0714661984196663,0.8965367965367965
2021-03-17 18:30:00+00:00,0.5832770777077707,0.0,0.0643546971027216,0.9064935064935064
2021-03-17 18:45:00+00:00,0.5816175367536753,0.0,0.05724319578577695,0.9164502164502164
2021-03-17 19:00:00+00:00,0.57995799579958,0.0,0.0501316944688323,0.9264069264069263
2021-03-17 19:15:00+00:00,0.578514101410141,0.0,0.0498244073748902,0.9194805194805195
2021-03-17 19:30:00+00:00,0.5770702070207021,0.0,0.0495171202809481,0.9125541125541126
2021-03-17 19:45:00+00:00,0.5756263126312631,0.0,0.04920983318700605,0.9056277056277056
2021-03-17 20:00:00+00:00,0.5741824182418241,0.0,0.048902546093064,0.8987012987012987
2021-03-17 20:15:00+00:00,0.5658097059705971,0.0,0.04885864793678655,0.8885281385281385
2021-03-17 20:30:00+00:00,0.5574369936993699,0.0,0.0488147497805091,0.8783549783549783
2021-03-17 20:45:00+00:00,0.5490642814281428,0.0,0.0487708516242317,0.8681818181818182
2021-03-17 21:00:00+00:00,0.5406915691569157,0.0,0.0487269534679543,0.858008658008658
2021-03-17 21:15:00+00:00,0.5403071557155716,0.0,0.0483538191395961,0.8525974025974026
2021-03-17 21:30:00+00:00,0.5399227422742274,0.0,0.0479806848112379,0.8471861471861472
2021-03-17 21:45:00+00:00,0.5395383288328832,0.0,0.0476075504828797,0.8417748917748917
2021-03-17 22:00:00+00:00,0.5391539153915391,0.0,0.0472344161545215,0.8363636363636363
2021-03-17 22:15:00+00:00,0.5362942544254425,0.0,0.04541264266900785,0.8346320346320346
2021-03-17 22:30:00+00:00,0.5334345934593459,0.0,0.0435908691834942,0.8329004329004328
2021-03-17 22:45:00+00:00,0.5305749324932493,0.0,0.0417690956979806,0.8311688311688311
2021-03-17 23:00:00+00:00,0.5277152715271527,0.0,0.039947322212467,0.8294372294372294
2021-03-17 23:15:00+00:00,0.5211614911491149,0.0,0.035645302897278255,0.8244588744588744
2021-03-17 23:30:00+00:00,0.5146077107710771,0.0,0.0313432835820895,0.8194805194805195
2021-03-17 23:45:00+00:00,0.5080539303930393,0.0,0.02704126426690075,0.8145021645021645
2021-03-18 00:00:00+00:00,0.5015001500150015,0.0,0.022739244951712,0.8095238095238095
2021-03-18 00:15:00+00:00,0.49374624962496244,0.0,0.01924934152765575,0.80995670995671
2021-03-18 00:30:00+00:00,0.4859923492349234,0.0,0.0157594381035995,0.8103896103896104
2021-03-18 00:45:00+00:00,0.4782384488448845,0.0,0.01226953467954335,0.8108225108225109
2021-03-18 01:00:00+00:00,0.4704845484548455,0.0,0.0087796312554872,0.8112554112554112
2021-03-18 01:15:00+00:00,0.46141801680168015,0.0,0.0078358208955223,0.8095238095238095
2021-03-18 01:30:00+00:00,0.4523514851485148,0.0,0.0068920105355574,0.8077922077922077
2021-03-18 01:45:00+00:00,0.44328495349534947,0.0,0.00594820017559255,0.806060606060606
2021-03-18 02:00:00+00:00,0.4342184218421842,0.0,0.0050043898156277,0.8043290043290043
2021-03-18 02:15:00+00:00,0.4304680468046804,0.0,0.0049824407374889496,0.8006493506493507
2021-03-18 02:30:00+00:00,0.4267176717671767,0.0,0.0049604916593502,0.796969696969697
2021-03-18 02:45:00+00:00,0.4229672967296729,0.0,0.0049385425812115,0.7932900432900434
2021-03-18 03:00:00+00:00,0.4192169216921692,0.0,0.0049165935030728,0.7896103896103897
2021-03-18 03:15:00+00:00,0.41873874887488743,0.0,0.00454345917471455,0.7952380952380953
2021-03-18 03:30:00+00:00,0.4182605760576057,0.0,0.0041703248463563,0.800865800865801
2021-03-18 03:45:00+00:00,0.417782403240324,0.0,0.0037971905179981498,0.8064935064935066
2021-03-18 04:00:00+00:00,0.4173042304230423,0.0,0.00342405618964,0.8121212121212121
2021-03-18 04:15:00+00:00,0.414238298829883,0.0,0.00364354697102715,0.8203463203463204
2021-03-18 04:30:00+00:00,0.4111723672367237,0.0,0.0038630377524143,0.8285714285714285
2021-03-18 04:45:00+00:00,0.4081064356435643,0.0,0.0040825285338015,0.8367965367965368
2021-03-18 05:00:00+00:00,0.405040504050405,0.0,0.0043020193151887,0.845021645021645
2021-03-18 05:15:00+00:00,0.4070375787578757,0.0,0.00785776997366105,0.8521645021645021
2021-03-18 05:30:00+00:00,0.4090346534653465,0.0,0.0114135206321334,0.8593073593073592
2021-03-18 05:45:00+00:00,0.41103172817281725,0.0,0.01496927129060575,0.8664502164502164
2021-03-18 06:00:00+00:00,0.413028802880288,0.0,0.0185250219490781,0.8735930735930736
2021-03-18 06:15:00+00:00,0.41495087008700865,0.0,0.06119402985074621,0.8813852813852814
2021-03-18 06:30:00+00:00,0.4168729372937293,0.0,0.1038630377524143,0.8891774891774892
2021-03-18 06:45:00+00:00,0.41879500450045,0.0,0.14653204565408245,0.896969696969697
2021-03-18 07:00:00+00:00,0.4207170717071707,0.0,0.1892010535557506,0.9047619047619048
2021-03-18 07:15:00+00:00,0.4249174917491749,0.0,0.2591747146619841,0.9041125541125542
2021-03-18 07:30:00+00:00,0.4291179117911791,0.0,0.3291483757682176,0.9034632034632036
2021-03-18 07:45:00+00:00,0.4333183318331833,0.0,0.3991220368744512,0.902813852813853
2021-03-18 08:00:00+00:00,0.4375187518751875,0.0,0.4690956979806848,0.9021645021645022
2021-03-18 08:15:00+00:00,0.44174729972997295,0.0,0.5124451273046532,0.9038961038961039
2021-03-18 08:30:00+00:00,0.4459758475847584,0.0,0.5557945566286215,0.9056277056277056
2021-03-18 08:45:00+00:00,0.4502043954395439,0.0,0.59914398595259,0.9073593073593074
2021-03-18 09:00:00+00:00,0.4544329432943294,0.0,0.6424934152765583,0.9090909090909092
2021-03-18 09:15:00+00:00,0.4560737323732373,0.0,0.6456101843722564,0.904978354978355
2021-03-18 09:30:00+00:00,0.4577145214521452,0.0,0.6487269534679543,0.9008658008658008
2021-03-18 09:45:00+00:00,0.4593553105310531,0.0,0.6518437225636523,0.8967532467532467
2021-03-18 10:00:00+00:00,0.460996099609961,0.0,0.6549604916593503,0.8926406926406927
2021-03-18 10:15:00+00:00,0.46193369336933693,0.0,0.6552897278314311,0.8906926406926408
2021-03-18 10:30:00+00:00,0.4628712871287128,0.0,0.6556189640035119,0.8887445887445888
2021-03-18 10:45:00+00:00,0.46380888088808875,0.0,0.6559482001755927,0.8867965367965369
2021-03-18 11:00:00+00:00,0.4647464746474647,0.0,0.6562774363476734,0.8848484848484849
2021-03-18 11:15:00+00:00,0.4676436393639364,0.0,0.6604258121158912,0.8837662337662338
2021-03-18 11:30:00+00:00,0.470540804080408,0.0,0.6645741878841089,0.8826839826839827
2021-03-18 11:45:00+00:00,0.47343796879687966,0.0,0.6687225636523266,0.8816017316017316
2021-03-18 12:00:00+00:00,0.4763351335133513,0.0,0.6728709394205443,0.8805194805194805
2021-03-18 12:15:00+00:00,0.4809012151215121,0.0,0.6707857769973661,0.8772727272727273
2021-03-18 12:30:00+00:00,0.4854672967296729,0.0,0.6687006145741878,0.874025974025974
2021-03-18 12:45:00+00:00,0.4900333783378338,0.0,0.6666154521510097,0.8707792207792208
2021-03-18 13:00:00+00:00,0.4945994599459946,0.0,0.6645302897278315,0.8675324675324675
2021-03-18 13:15:00+00:00,0.4991092859285928,0.0,0.660118525021949,0.8677489177489177
2021-03-18 13:30:00+00:00,0.5036191119111911,0.0,0.6557067603160667,0.8679653679653679
2021-03-18 13:45:00+00:00,0.5081289378937894,0.0,0.6512949956101843,0.8681818181818182
2021-03-18 14:00:00+00:00,0.5126387638763876,0.0,0.646883230904302,0.8683982683982684
2021-03-18 14:15:00+00:00,0.515235898589859,0.0,0.6335381913959613,0.8668831168831168
2021-03-18 14:30:00+00:00,0.5178330333033303,0.0,0.6201931518876207,0.8653679653679653
2021-03-18 14:45:00+00:00,0.5204301680168016,0.0,0.60684811237928,0.8638528138528139
2021-03-18 15:00:00+00:00,0.523027302730273,0.0,0.5935030728709394,0.8623376623376623
2021-03-18 15:15:00+00:00,0.5271808430843083,0.0,0.5660228270412643,0.8647186147186148
2021-03-18 15:30:00+00:00,0.5313343834383438,0.0,0.5385425812115892,0.8670995670995671
2021-03-18 15:45:00+00:00,0.5354879237923793,0.0,0.5110623353819139,0.8694805194805195
2021-03-18 16:00:00+00:00,0.5396414641464147,0.0,0.4835820895522388,0.8718614718614719
2021-03-18 16:15:00+00:00,0.5390976597659767,0.0,0.42895083406496926,0.8798701298701299
2021-03-18 16:30:00+00:00,0.5385538553855386,0.0,0.3743195785776997,0.8878787878787879
2021-03-18 16:45:00+00:00,0.5380100510051005,0.0,0.31968832309043016,0.895887445887446
2021-03-18 17:00:00+00:00,0.5374662466246625,0.0,0.2650570676031606,0.903896103896104
2021-03-18 17:15:00+00:00,0.5386007350735074,0.0,0.2183274802458296,0.9173160173160173
2021-03-18 17:30:00+00:00,0.5397352235223523,0.0,0.1715978928884986,0.9307359307359307
2021-03-18 17:45:00+00:00,0.5408697119711972,0.0,0.12486830553116765,0.9441558441558442
2021-03-18 18:00:00+00:00,0.542004200420042,0.0,0.0781387181738367,0.9575757575757576
2021-03-18 18:15:00+00:00,0.5410478547854786,0.0,0.07085162423178226,0.9681818181818183
2021-03-18 18:30:00+00:00,0.5400915091509151,0.0,0.0635645302897278,0.9787878787878788
2021-03-18 18:45:00+00:00,0.5391351635163517,0.0,0.056277436347673356,0.9893939393939394
2021-03-18 19:00:00+00:00,0.5381788178817882,0.0,0.0489903424056189,1.0
2021-03-18 19:15:00+00:00,0.537644389438944,0.0,0.048683055311676854,0.9924242424242424
2021-03-18 19:30:00+00:00,0.5371099609960996,0.0,0.0483757682177348,0.9848484848484848
2021-03-18 19:45:00+00:00,0.5365755325532553,0.0,0.04806848112379275,0.9772727272727272
2021-03-18 20:00:00+00:00,0.5360411041104111,0.0,0.0477611940298507,0.9696969696969696
2021-03-18 20:15:00+00:00,0.5337252475247525,0.0,0.0472783143107989,0.9608225108225108
2021-03-18 20:30:00+00:00,0.5314093909390939,0.0,0.0467954345917471,0.951948051948052
2021-03-18 20:45:00+00:00,0.5290935343534353,0.0,0.0463125548726953,0.9430735930735932
2021-03-18 21:00:00+00:00,0.5267776777677767,0.0,0.0458296751536435,0.9341991341991344
2021-03-18 21:15:00+00:00,0.5242649264926492,0.0,0.044776119402984996,0.92987012987013
2021-03-18 21:30:00+00:00,0.5217521752175217,0.0,0.0437225636523265,0.9255411255411256
2021-03-18 21:45:00+00:00,0.5192394239423942,0.0,0.04266900790166805,0.9212121212121211
2021-03-18 22:00:00+00:00,0.5167266726672667,0.0,0.0416154521510096,0.9168831168831169
2021-03-18 22:15:00+00:00,0.5128262826282628,0.0,0.038235294117647,0.9006493506493506
2021-03-18 22:30:00+00:00,0.5089258925892589,0.0,0.0348551360842844,0.8844155844155843
2021-03-18 22:45:00+00:00,0.505025502550255,0.0,0.0314749780509218,0.8681818181818182
2021-03-18 23:00:00+00:00,0.5011251125112511,0.0,0.0280948200175592,0.8519480519480519
2021-03-18 23:15:00+00:00,0.49756225622562256,0.0,0.024143985952589903,0.8456709956709956
2021-03-18 23:30:00+00:00,0.493999399939994,0.0,0.0201931518876206,0.8393939393939394
2021-03-18 23:45:00+00:00,0.4904365436543654,0.0,0.01624231782265135,0.8331168831168831
2021-03-19 00:00:00+00:00,0.4868736873687369,0.0,0.0122914837576821,0.8268398268398268
2021-03-19 00:15:00+00:00,0.4825232523252325,0.0,0.0115671641791044,0.8231601731601732
2021-03-19 00:30:00+00:00,0.4781728172817281,0.0,0.0108428446005267,0.8194805194805195
2021-03-19 00:45:00+00:00,0.47382238223822376,0.0,0.010118525021949001,0.8158008658008659
2021-03-19 01:00:00+00:00,0.4694719471947194,0.0,0.0093942054433713,0.8121212121212121
2021-03-19 01:15:00+00:00,0.4644183168316831,0.0,0.0088893766461808,0.8101731601731601
2021-03-19 01:30:00+00:00,0.4593646864686468,0.0,0.0083845478489903,0.8082251082251082
2021-03-19 01:45:00+00:00,0.4543110561056105,0.0,0.0078797190517998,0.8062770562770563
2021-03-19 02:00:00+00:00,0.4492574257425742,0.0,0.0073748902546093,0.8043290043290043
2021-03-19 02:15:00+00:00,0.44666966696669663,0.0,0.0064310798946443995,0.804978354978355
2021-03-19 02:30:00+00:00,0.444081908190819,0.0,0.0054872695346795,0.8056277056277057
2021-03-19 02:45:00+00:00,0.4414941494149415,0.0,0.0045434591747146,0.8062770562770563
2021-03-19 03:00:00+00:00,0.4389063906390639,0.0,0.0035996488147497,0.8069264069264069
2021-03-19 03:15:00+00:00,0.4354185418541853,0.0,0.0035996488147497,0.8051948051948052
2021-03-19 03:30:00+00:00,0.4319306930693068,0.0,0.0035996488147497,0.8034632034632034
2021-03-19 03:45:00+00:00,0.42844284428442836,0.0,0.0035996488147497,0.8017316017316017
2021-03-19 04:00:00+00:00,0.4249549954995499,0.0,0.0035996488147497,0.8
2021-03-19 04:15:00+00:00,0.42180468046804676,0.0,0.003577699736611,0.7980519480519481
2021-03-19 04:30:00+00:00,0.4186543654365436,0.0,0.0035557506584723,0.7961038961038962
2021-03-19 04:45:00+00:00,0.41550405040504046,0.0,0.0035338015803336002,0.7941558441558443
2021-03-19 05:00:00+00:00,0.4123537353735373,0.0,0.0035118525021949,0.7922077922077922
2021-03-19 05:15:00+00:00,0.4138726372637263,0.0,0.0061018437225636,0.7982683982683982
2021-03-19 05:30:00+00:00,0.4153915391539153,0.0,0.0086918349429323,0.8043290043290043
2021-03-19 05:45:00+00:00,0.41691044104410435,0.0,0.011281826163301052,0.8103896103896104
2021-03-19 06:00:00+00:00,0.4184293429342934,0.0,0.0138718173836698,0.8164502164502164
2021-03-19 06:15:00+00:00,0.41310381038103805,0.0,0.04727831431079885,0.825974025974026
2021-03-19 06:30:00+00:00,0.4077782778277827,0.0,0.0806848112379279,0.8354978354978355
2021-03-19 06:45:00+00:00,0.4024527452745274,0.0,0.114091308165057,0.845021645021645
2021-03-19 07:00:00+00:00,0.3971272127212721,0.0,0.1474978050921861,0.8545454545454545
2021-03-19 07:15:00+00:00,0.39603022802280224,0.0,0.19655399473222118,0.8577922077922077
2021-03-19 07:30:00+00:00,0.3949332433243324,0.0,0.2456101843722563,0.8610389610389609
2021-03-19 07:45:00+00:00,0.3938362586258626,0.0,0.29466637401229145,0.8642857142857142
2021-03-19 08:00:00+00:00,0.3927392739273927,0.0,0.3437225636523266,0.8675324675324675
2021-03-19 08:15:00+00:00,0.39332995799579956,0.0,0.38259438103599647,0.8634199134199134
2021-03-19 08:30:00+00:00,0.3939206420642064,0.0,0.4214661984196663,0.8593073593073592
2021-03-19 08:45:00+00:00,0.39451132613261325,0.0,0.4603380158033362,0.8551948051948052
2021-03-19 09:00:00+00:00,0.3951020102010201,0.0,0.4992098331870061,0.8510822510822511
2021-03-19 09:15:00+00:00,0.3996868436843684,0.0,0.5135645302897278,0.8487012987012987
2021-03-19 09:30:00+00:00,0.4042716771677167,0.0,0.5279192273924495,0.8463203463203464
2021-03-19 09:45:00+00:00,0.4088565106510651,0.0,0.5422739244951711,0.843939393939394
2021-03-19 10:00:00+00:00,0.4134413441344134,0.0,0.5566286215978928,0.8415584415584415
2021-03-19 10:15:00+00:00,0.420820207020702,0.0,0.554982440737489,0.846103896103896
2021-03-19 10:30:00+00:00,0.4281990699069906,0.0,0.5533362598770851,0.8506493506493507
2021-03-19 10:45:00+00:00,0.4355779327932792,0.0,0.5516900790166813,0.8551948051948052
2021-03-19 11:00:00+00:00,0.4429567956795679,0.0,0.5500438981562774,0.8597402597402597
2021-03-19 11:15:00+00:00,0.44852610261026093,0.0,0.5445127304653204,0.8567099567099566
2021-03-19 11:30:00+00:00,0.454095409540954,0.0,0.5389815627743635,0.8536796536796536
2021-03-19 11:45:00+00:00,0.4596647164716471,0.0,0.5334503950834065,0.8506493506493507
2021-03-19 12:00:00+00:00,0.4652340234023402,0.0,0.5279192273924496,0.8476190476190476
2021-03-19 12:15:00+00:00,0.47844471947194717,0.0,0.5198858647936787,0.8454545454545455
2021-03-19 12:30:00+00:00,0.4916554155415541,0.0,0.5118525021949079,0.8432900432900432
2021-03-19 12:45:00+00:00,0.504866111611161,0.0,0.503819139596137,0.841125541125541
2021-03-19 13:00:00+00:00,0.518076807680768,0.0,0.4957857769973661,0.8389610389610389
2021-03-19 13:15:00+00:00,0.5245555805580557,0.0,0.4874890254609306,0.8417748917748917
2021-03-19 13:30:00+00:00,0.5310343534353436,0.0,0.4791922739244951,0.8445887445887446
2021-03-19 13:45:00+00:00,0.5375131263126313,0.0,0.47089552238805965,0.8474025974025974
2021-03-19 14:00:00+00:00,0.543991899189919,0.0,0.4625987708516242,0.8502164502164502
2021-03-19 14:15:00+00:00,0.5492049204920493,0.0,0.4475636523266022,0.8532467532467533
2021-03-19 14:30:00+00:00,0.5544179417941795,0.0,0.4325285338015803,0.8562770562770563
2021-03-19 14:45:00+00:00,0.5596309630963097,0.0,0.41749341527655837,0.8593073593073592
2021-03-19 15:00:00+00:00,0.5648439843984399,0.0,0.4024582967515364,0.8623376623376623
2021-03-19 15:15:00+00:00,0.5665879087908791,0.0,0.38404302019315184,0.8603896103896103
2021-03-19 15:30:00+00:00,0.5683318331833183,0.0,0.3656277436347673,0.8584415584415583
2021-03-19 15:45:00+00:00,0.5700757575757576,0.0,0.34721246707638276,0.8564935064935064
2021-03-19 16:00:00+00:00,0.5718196819681968,0.0,0.3287971905179982,0.8545454545454545
2021-03-19 16:15:00+00:00,0.5724291179117911,0.0,0.2903204565408253,0.8619047619047618
2021-03-19 16:30:00+00:00,0.5730385538553855,0.0,0.2518437225636523,0.8692640692640692
2021-03-19 16:45:00+00:00,0.5736479897989799,0.0,0.21336698858647934,0.8766233766233766
2021-03-19 17:00:00+00:00,0.5742574257425742,0.0,0.1748902546093064,0.883982683982684
2021-03-19 17:15:00+00:00,0.5718384338433844,0.0,0.14104477611940294,0.8967532467532469
2021-03-19 17:30:00+00:00,0.5694194419441945,0.0,0.1071992976294995,0.9095238095238096
2021-03-19 17:45:00+00:00,0.5670004500450045,0.0,0.0733538191395961,0.9222943722943724
2021-03-19 18:00:00+00:00,0.5645814581458146,0.0,0.0395083406496927,0.935064935064935
2021-03-19 18:15:00+00:00,0.5624156165616562,0.0,0.0332309043020193,0.9391774891774891
2021-03-19 18:30:00+00:00,0.5602497749774977,0.0,0.0269534679543459,0.9432900432900432
2021-03-19 18:45:00+00:00,0.5580839333933394,0.0,0.0206760316066725,0.9474025974025975
2021-03-19 19:00:00+00:00,0.555918091809181,0.0,0.0143985952589991,0.9515151515151516
2021-03-19 19:15:00+00:00,0.5516426642664267,0.0,0.012818261633011349,0.9506493506493507
2021-03-19 19:30:00+00:00,0.5473672367236724,0.0,0.0112379280070236,0.9497835497835498
2021-03-19 19:45:00+00:00,0.543091809180918,0.0,0.0096575943810359,0.9489177489177489
2021-03-19 20:00:00+00:00,0.5388163816381638,0.0,0.0080772607550482,0.948051948051948
2021-03-19 20:15:00+00:00,0.5364817731773177,0.0,0.0079675153643546,0.9419913419913419
2021-03-19 20:30:00+00:00,0.5341471647164717,0.0,0.007857769973661,0.935930735930736
2021-03-19 20:45:00+00:00,0.5318125562556256,0.0,0.0077480245829674495,0.92987012987013
2021-03-19 21:00:00+00:00,0.5294779477947795,0.0,0.0076382791922739,0.923809523809524
2021-03-19 21:15:00+00:00,0.5292435493549354,0.0,0.00711150131694465,0.9240259740259742
2021-03-19 21:30:00+00:00,0.5290091509150915,0.0,0.0065847234416154,0.9242424242424244
2021-03-19 21:45:00+00:00,0.5287747524752475,0.0,0.00605794556628615,0.9244588744588745
2021-03-19 22:00:00+00:00,0.5285403540354036,0.0,0.0055311676909569,0.9246753246753248
2021-03-19 22:15:00+00:00,0.5268995649564957,0.0,0.00452151009657585,0.9207792207792209
2021-03-19 22:30:00+00:00,0.5252587758775877,0.0,0.0035118525021948,0.916883116883117
2021-03-19 22:45:00+00:00,0.5236179867986799,0.0,0.0025021949078138,0.912987012987013
2021-03-19 23:00:00+00:00,0.521977197719772,0.0,0.0014925373134328,0.9090909090909092
2021-03-19 23:15:00+00:00,0.5186768676867687,0.0,0.00136084284460045,0.9043290043290044
2021-03-19 23:30:00+00:00,0.5153765376537653,0.0,0.0012291483757681,0.8995670995670997
2021-03-19 23:45:00+00:00,0.5120762076207621,0.0,0.0010974539069358,0.8948051948051949
2021-03-20 00:00:00+00:00,0.5087758775877588,0.0,0.0009657594381035,0.8900432900432901
2021-03-20 00:15:00+00:00,0.5100791329132913,0.0,0.0009438103599647999,0.8826839826839826
2021-03-20 00:30:00+00:00,0.5113823882388239,0.0,0.0009218612818261,0.8753246753246753
2021-03-20 00:45:00+00:00,0.5126856435643564,0.0,0.0008999122036874,0.8679653679653679
2021-03-20 01:00:00+00:00,0.513988898889889,0.0,0.0008779631255487,0.8606060606060606
2021-03-20 01:15:00+00:00,0.5157234473447344,0.0,0.00085601404740995,0.8636363636363636
2021-03-20 01:30:00+00:00,0.51745799579958,0.0,0.0008340649692712,0.8666666666666667
2021-03-20 01:45:00+00:00,0.5191925442544254,0.0,0.0008121158911325,0.8696969696969696
2021-03-20 02:00:00+00:00,0.520927092709271,0.0,0.0007901668129938,0.8727272727272727
2021-03-20 02:15:00+00:00,0.5240492799279928,0.0,0.00063652326602275,0.8714285714285714
2021-03-20 02:30:00+00:00,0.5271714671467147,0.0,0.0004828797190517,0.8701298701298701
2021-03-20 02:45:00+00:00,0.5302936543654366,0.0,0.0003292361720807,0.8688311688311687
2021-03-20 03:00:00+00:00,0.5334158415841584,0.0,0.0001755926251097,0.8675324675324675
2021-03-20 03:15:00+00:00,0.534484698469847,0.0,0.0001755926251097,0.8666666666666667
2021-03-20 03:30:00+00:00,0.5355535553555355,0.0,0.0001755926251097,0.8658008658008658
2021-03-20 03:45:00+00:00,0.5366224122412241,0.0,0.0001755926251097,0.8649350649350649
2021-03-20 04:00:00+00:00,0.5376912691269127,0.0,0.0001755926251097,0.8640692640692641
2021-03-20 04:15:00+00:00,0.5425761326132613,0.0,0.0001755926251097,0.8681818181818182
2021-03-20 04:30:00+00:00,0.54746099609961,0.0,0.0001755926251097,0.8722943722943723
2021-03-20 04:45:00+00:00,0.5523458595859586,0.0,0.0001755926251097,0.8764069264069264
2021-03-20 05:00:00+00:00,0.5572307230723073,0.0,0.0001755926251097,0.8805194805194805
2021-03-20 05:15:00+00:00,0.5604747974797479,0.0,0.004214223002633849,0.8816017316017316
2021-03-20 05:30:00+00:00,0.5637188718871887,0.0,0.008252853380158,0.8826839826839827
2021-03-20 05:45:00+00:00,0.5669629462946295,0.0,0.01229148375768215,0.8837662337662338
2021-03-20 06:00:00+00:00,0.5702070207020702,0.0,0.0163301141352063,0.8848484848484849
2021-03-20 06:15:00+00:00,0.5694944494449445,0.0,0.0664837576821773,0.8816017316017317
2021-03-20 06:30:00+00:00,0.5687818781878188,0.0,0.1166374012291483,0.8783549783549784
2021-03-20 06:45:00+00:00,0.568069306930693,0.0,0.16679104477611936,0.8751082251082252
2021-03-20 07:00:00+00:00,0.5673567356735674,0.0,0.2169446883230904,0.8718614718614719
2021-03-20 07:15:00+00:00,0.5709383438343834,0.0,0.28641352063213343,0.874025974025974
2021-03-20 07:30:00+00:00,0.5745199519951995,0.0,0.3558823529411764,0.8761904761904762
2021-03-20 07:45:00+00:00,0.5781015601560155,0.0,0.4253511852502195,0.8783549783549783
2021-03-20 08:00:00+00:00,0.5816831683168316,0.0,0.4948200175592625,0.8805194805194805
2021-03-20 08:15:00+00:00,0.5860898589858985,0.0,0.5464003511852502,0.8768398268398269
2021-03-20 08:30:00+00:00,0.5904965496549655,0.0,0.5979806848112379,0.8731601731601731
2021-03-20 08:45:00+00:00,0.5949032403240324,0.0,0.6495610184372256,0.8694805194805195
2021-03-20 09:00:00+00:00,0.5993099309930993,0.0,0.7011413520632134,0.8658008658008658
2021-03-20 09:15:00+00:00,0.6035853585358535,0.0,0.714793678665496,0.8668831168831168
2021-03-20 09:30:00+00:00,0.6078607860786078,0.0,0.7284460052677788,0.8679653679653679
2021-03-20 09:45:00+00:00,0.6121362136213622,0.0,0.7420983318700615,0.8690476190476191
2021-03-20 10:00:00+00:00,0.6164116411641164,0.0,0.7557506584723441,0.8701298701298701
2021-03-20 10:15:00+00:00,0.6175461296129613,0.0,0.7539288849868305,0.867099567099567
2021-03-20 10:30:00+00:00,0.6186806180618062,0.0,0.7521071115013169,0.864069264069264
2021-03-20 10:45:00+00:00,0.6198151065106511,0.0,0.7502853380158033,0.861038961038961
2021-03-20 11:00:00+00:00,0.620949594959496,0.0,0.7484635645302897,0.858008658008658
2021-03-20 11:15:00+00:00,0.619271302130213,0.0,0.7481343283582089,0.8562770562770563
2021-03-20 11:30:00+00:00,0.6175930093009301,0.0,0.7478050921861281,0.8545454545454545
2021-03-20 11:45:00+00:00,0.6159147164716472,0.0,0.7474758560140473,0.8528138528138528
2021-03-20 12:00:00+00:00,0.6142364236423642,0.0,0.7471466198419666,0.8510822510822511
2021-03-20 12:15:00+00:00,0.611554905490549,0.0,0.7399692712906059,0.8560606060606061
2021-03-20 12:30:00+00:00,0.6088733873387339,0.0,0.732791922739245,0.861038961038961
2021-03-20 12:45:00+00:00,0.6061918691869187,0.0,0.7256145741878841,0.866017316017316
2021-03-20 13:00:00+00:00,0.6035103510351035,0.0,0.7184372256365232,0.870995670995671
2021-03-20 13:15:00+00:00,0.6002100210021002,0.0,0.7130816505706761,0.8725108225108225
2021-03-20 13:30:00+00:00,0.5969096909690969,0.0,0.7077260755048288,0.874025974025974
2021-03-20 13:45:00+00:00,0.5936093609360936,0.0,0.7023705004389815,0.8755411255411256
2021-03-20 14:00:00+00:00,0.5903090309030903,0.0,0.6970149253731344,0.8770562770562771
2021-03-20 14:15:00+00:00,0.5918748124812481,0.0,0.681387181738367,0.8725108225108226
2021-03-20 14:30:00+00:00,0.5934405940594059,0.0,0.6657594381035996,0.867965367965368
2021-03-20 14:45:00+00:00,0.5950063756375636,0.0,0.6501316944688322,0.8634199134199134
2021-03-20 15:00:00+00:00,0.5965721572157215,0.0,0.634503950834065,0.8588744588744589
2021-03-20 15:15:00+00:00,0.5937312481248125,0.0,0.6032484635645303,0.8597402597402597
2021-03-20 15:30:00+00:00,0.5908903390339033,0.0,0.5719929762949956,0.8606060606060606
2021-03-20 15:45:00+00:00,0.5880494299429943,0.0,0.5407374890254609,0.8614718614718615
2021-03-20 16:00:00+00:00,0.5852085208520852,0.0,0.5094820017559263,0.8623376623376623
2021-03-20 16:15:00+00:00,0.5804642964296429,0.0,0.45002194907813875,0.8673160173160173
2021-03-20 16:30:00+00:00,0.5757200720072007,0.0,0.3905618964003512,0.8722943722943723
2021-03-20 16:45:00+00:00,0.5709758475847584,0.0,0.3311018437225637,0.8772727272727273
2021-03-20 17:00:00+00:00,0.5662316231623162,0.0,0.2716417910447761,0.8822510822510823
2021-03-20 17:15:00+00:00,0.5614967746774677,0.0,0.22223441615452144,0.8874458874458875
2021-03-20 17:30:00+00:00,0.5567619261926193,0.0,0.1728270412642668,0.8926406926406927
2021-03-20 17:45:00+00:00,0.5520270777077708,0.0,0.1234196663740122,0.8978354978354979
2021-03-20 18:00:00+00:00,0.5472922292229223,0.0,0.0740122914837576,0.9030303030303032
2021-03-20 18:15:00+00:00,0.545745199519952,0.0,0.0665496049165934,0.9151515151515154
2021-03-20 18:30:00+00:00,0.5441981698169818,0.0,0.0590869183494292,0.9272727272727276
2021-03-20 18:45:00+00:00,0.5426511401140115,0.0,0.05162423178226505,0.9393939393939397
2021-03-20 19:00:00+00:00,0.5411041104110411,0.0,0.0441615452151009,0.9515151515151516
2021-03-20 19:15:00+00:00,0.5383944644464447,0.0,0.04372256365232655,0.9558441558441559
2021-03-20 19:30:00+00:00,0.5356848184818481,0.0,0.0432835820895522,0.9601731601731602
2021-03-20 19:45:00+00:00,0.5329751725172517,0.0,0.042844600526777854,0.9645021645021645
2021-03-20 20:00:00+00:00,0.5302655265526552,0.0,0.0424056189640035,0.9688311688311688
2021-03-20 20:15:00+00:00,0.5264588958895889,0.0,0.04192273924495165,0.9666666666666666
2021-03-20 20:30:00+00:00,0.5226522652265226,0.0,0.0414398595258998,0.9645021645021644
2021-03-20 20:45:00+00:00,0.5188456345634563,0.0,0.040956979806848044,0.9623376623376623
2021-03-20 21:00:00+00:00,0.51503900390039,0.0,0.0404741000877963,0.96017316017316
2021-03-20 21:15:00+00:00,0.5127325232523252,0.0,0.03876207199297625,0.9519480519480519
2021-03-20 21:30:00+00:00,0.5104260426042604,0.0,0.0370500438981562,0.9437229437229436
2021-03-20 21:45:00+00:00,0.5081195619561956,0.0,0.0353380158033362,0.9354978354978354
2021-03-20 22:00:00+00:00,0.5058130813081309,0.0,0.0336259877085162,0.9272727272727272
2021-03-20 22:15:00+00:00,0.5073413591359137,0.0,0.033011413520632096,0.9155844155844156
2021-03-20 22:30:00+00:00,0.5088696369636965,0.0,0.032396839332748,0.903896103896104
2021-03-20 22:45:00+00:00,0.5103979147914792,0.0,0.0317822651448639,0.8922077922077922
2021-03-20 23:00:00+00:00,0.511926192619262,0.0,0.0311676909569798,0.8805194805194805
2021-03-20 23:15:00+00:00,0.5093853135313532,0.0,0.0294776119402985,0.8768398268398269
2021-03-20 23:30:00+00:00,0.5068444344434444,0.0,0.0277875329236172,0.8731601731601731
2021-03-20 23:45:00+00:00,0.5043035553555355,0.0,0.0260974539069359,0.8694805194805195
2021-03-21 00:00:00+00:00,0.5017626762676267,0.0,0.0244073748902546,0.8658008658008658
2021-03-21 00:15:00+00:00,0.4980029252925292,0.0,0.0227611940298507,0.866017316017316
2021-03-21 00:30:00+00:00,0.4942431743174317,0.0,0.0211150131694468,0.8662337662337662
2021-03-21 00:45:00+00:00,0.4904834233423342,0.0,0.01946883230904295,0.8664502164502165
2021-03-21 01:00:00+00:00,0.4867236723672367,0.0,0.0178226514486391,0.8666666666666667
2021-03-21 01:15:00+00:00,0.48430468046804676,0.0,0.0160447761194029,0.8655844155844156
2021-03-21 01:30:00+00:00,0.4818856885688568,0.0,0.0142669007901667,0.8645021645021644
2021-03-21 01:45:00+00:00,0.4794666966696669,0.0,0.01248902546093055,0.8634199134199134
2021-03-21 02:00:00+00:00,0.477047704770477,0.0,0.0107111501316944,0.8623376623376623
2021-03-21 02:15:00+00:00,0.47675705070507046,0.0,0.01066725197541695,0.8595238095238096
2021-03-21 02:30:00+00:00,0.4764663966396639,0.0,0.0106233538191395,0.8567099567099568
2021-03-21 02:45:00+00:00,0.4761757425742573,0.0,0.0105794556628621,0.8538961038961039
2021-03-21 03:00:00+00:00,0.4758850885088508,0.0,0.0105355575065847,0.8510822510822511
2021-03-21 03:15:00+00:00,0.474084908490849,0.0,0.0105355575065847,0.8508658008658009
2021-03-21 03:30:00+00:00,0.4722847284728472,0.0,0.0105355575065847,0.8506493506493507
2021-03-21 03:45:00+00:00,0.47048454845484544,0.0,0.0105355575065847,0.8504329004329004
2021-03-21 04:00:00+00:00,0.4686843684368437,0.0,0.0105355575065847,0.8502164502164502
2021-03-21 04:15:00+00:00,0.4665747824782478,0.0,0.0105355575065847,0.8495670995670995
2021-03-21 04:30:00+00:00,0.4644651965196519,0.0,0.0105355575065847,0.8489177489177488
2021-03-21 04:45:00+00:00,0.46235561056105606,0.0,0.0105355575065847,0.8482683982683983
2021-03-21 05:00:00+00:00,0.4602460246024602,0.0,0.0105355575065847,0.8476190476190476
2021-03-21 05:15:00+00:00,0.45845522052205223,0.0,0.016505706760316,0.8476190476190476
2021-03-21 05:30:00+00:00,0.4566644164416442,0.0,0.0224758560140473,0.8476190476190476
2021-03-21 05:45:00+00:00,0.45487361236123613,0.0,0.02844600526777865,0.8476190476190476
2021-03-21 06:00:00+00:00,0.4530828082808281,0.0,0.03441615452151,0.8476190476190476
2021-03-21 06:15:00+00:00,0.44784165916591656,0.0,0.09152765583845465,0.8476190476190476
2021-03-21 06:30:00+00:00,0.4426005100510051,0.0,0.1486391571553993,0.8476190476190476
2021-03-21 06:45:00+00:00,0.4373593609360936,0.0,0.20575065847234403,0.8476190476190476
2021-03-21 07:00:00+00:00,0.4321182118211821,0.0,0.2628621597892888,0.8476190476190476
2021-03-21 07:15:00+00:00,0.43248387338733874,0.0,0.34100087796312545,0.8445887445887446
2021-03-21 07:30:00+00:00,0.4328495349534953,0.0,0.4191395961369621,0.8415584415584416
2021-03-21 07:45:00+00:00,0.43321519651965196,0.0,0.49727831431079883,0.8385281385281386
2021-03-21 08:00:00+00:00,0.4335808580858086,0.0,0.5754170324846356,0.8354978354978355
2021-03-21 08:15:00+00:00,0.43889701470147013,0.0,0.629675153643547,0.8337662337662338
2021-03-21 08:30:00+00:00,0.4442131713171316,0.0,0.6839332748024582,0.8320346320346321
2021-03-21 08:45:00+00:00,0.4495293279327932,0.0,0.7381913959613696,0.8303030303030303
2021-03-21 09:00:00+00:00,0.4548454845484548,0.0,0.792449517120281,0.8285714285714286
2021-03-21 09:15:00+00:00,0.4565987848784878,0.0,0.8086918349429324,0.8307359307359308
2021-03-21 09:30:00+00:00,0.4583520852085208,0.0,0.8249341527655838,0.8329004329004329
2021-03-21 09:45:00+00:00,0.4601053855385538,0.0,0.8411764705882352,0.8350649350649351
2021-03-21 10:00:00+00:00,0.4618586858685868,0.0,0.8574187884108867,0.8372294372294372
2021-03-21 10:15:00+00:00,0.46085546054605453,0.0,0.8644205443371379,0.8354978354978355
2021-03-21 10:30:00+00:00,0.4598522352235223,0.0,0.871422300263389,0.8337662337662337
2021-03-21 10:45:00+00:00,0.4588490099009901,0.0,0.87842405618964,0.832034632034632
2021-03-21 11:00:00+00:00,0.4578457845784578,0.0,0.8854258121158911,0.8303030303030303
2021-03-21 11:15:00+00:00,0.4576770177017701,0.0,0.8871817383669885,0.829004329004329
2021-03-21 11:30:00+00:00,0.4575082508250824,0.0,0.888937664618086,0.8277056277056277
2021-03-21 11:45:00+00:00,0.45733948394839474,0.0,0.8906935908691835,0.8264069264069265
2021-03-21 12:00:00+00:00,0.4571707170717071,0.0,0.892449517120281,0.8251082251082251
2021-03-21 12:15:00+00:00,0.4562518751875187,0.0,0.8905618964003512,0.822943722943723
2021-03-21 12:30:00+00:00,0.4553330333033303,0.0,0.8886742756804215,0.8207792207792208
2021-03-21 12:45:00+00:00,0.4544141914191419,0.0,0.8867866549604917,0.8186147186147186
2021-03-21 13:00:00+00:00,0.4534953495349535,0.0,0.8848990342405619,0.8164502164502164
2021-03-21 13:15:00+00:00,0.455501800180018,0.0,0.8774143985952589,0.8125541125541125
2021-03-21 13:30:00+00:00,0.4575082508250825,0.0,0.869929762949956,0.8086580086580086
2021-03-21 13:45:00+00:00,0.459514701470147,0.0,0.8624451273046532,0.8047619047619048
2021-03-21 14:00:00+00:00,0.4615211521152115,0.0,0.8549604916593503,0.8008658008658008
2021-03-21 14:15:00+00:00,0.46209308430843077,0.0,0.8405399473222125,0.803030303030303
2021-03-21 14:30:00+00:00,0.4626650165016501,0.0,0.8261194029850747,0.8051948051948052
2021-03-21 14:45:00+00:00,0.4632369486948694,0.0,0.8116988586479368,0.8073593073593074
2021-03-21 15:00:00+00:00,0.4638088808880888,0.0,0.797278314310799,0.8095238095238095
2021-03-21 15:15:00+00:00,0.4661247374737474,0.0,0.754060579455663,0.8112554112554112
2021-03-21 15:30:00+00:00,0.4684405940594059,0.0,0.7108428446005268,0.8129870129870129
2021-03-21 15:45:00+00:00,0.4707564506450645,0.0,0.6676251097453907,0.8147186147186147
2021-03-21 16:00:00+00:00,0.4730723072307231,0.0,0.6244073748902547,0.8164502164502164
2021-03-21 16:15:00+00:00,0.4737567506750675,0.0,0.5476514486391572,0.8244588744588744
2021-03-21 16:30:00+00:00,0.4744411941194119,0.0,0.4708955223880597,0.8324675324675325
2021-03-21 16:45:00+00:00,0.47512563756375636,0.0,0.39413959613696226,0.8404761904761905
2021-03-21 17:00:00+00:00,0.4758100810081008,0.0,0.3173836698858648,0.8484848484848485
2021-03-21 17:15:00+00:00,0.47435681068106805,0.0,0.26049165935030727,0.8798701298701299
2021-03-21 17:30:00+00:00,0.4729035403540353,0.0,0.2035996488147497,0.9112554112554112
2021-03-21 17:45:00+00:00,0.4714502700270027,0.0,0.1467076382791922,0.9426406926406926
2021-03-21 18:00:00+00:00,0.46999699969997,0.0,0.0898156277436347,0.974025974025974
2021-03-21 18:15:00+00:00,0.47512563756375636,0.0,0.0811018437225636,0.9805194805194805
2021-03-21 18:30:00+00:00,0.4802542754275427,0.0,0.0723880597014925,0.987012987012987
2021-03-21 18:45:00+00:00,0.4853829132913291,0.0,0.06367427568042139,0.9935064935064934
2021-03-21 19:00:00+00:00,0.4905115511551155,0.0,0.0549604916593503,1.0
2021-03-21 19:15:00+00:00,0.49353997899789975,0.0,0.05480684811237925,1.0
2021-03-21 19:30:00+00:00,0.496568406840684,0.0,0.0546532045654082,1.0
2021-03-21 19:45:00+00:00,0.49959683468346827,0.0,0.0544995610184372,1.0
2021-03-21 20:00:00+00:00,0.5026252625262526,0.0,0.0543459174714662,1.0
2021-03-21 20:15:00+00:00,0.501012601260126,0.0,0.05469710272168565,0.9969696969696971
2021-03-21 20:30:00+00:00,0.4993999399939994,0.0,0.0550482879719051,0.993939393939394
2021-03-21 20:45:00+00:00,0.49778727872787276,0.0,0.0553994732221246,0.990909090909091
2021-03-21 21:00:00+00:00,0.4961746174617462,0.0,0.0557506584723441,0.987878787878788
2021-03-21 21:15:00+00:00,0.491739798979898,0.0,0.05570676031606665,0.9811688311688311
2021-03-21 21:30:00+00:00,0.4873049804980498,0.0,0.0556628621597892,0.9744588744588744
2021-03-21 21:45:00+00:00,0.4828701620162016,0.0,0.0556189640035118,0.9677489177489177
2021-03-21 22:00:00+00:00,0.4784353435343534,0.0,0.0555750658472344,0.961038961038961
2021-03-21 22:15:00+00:00,0.47453495349534947,0.0,0.055004389815627705,0.9541125541125541
2021-03-21 22:30:00+00:00,0.4706345634563456,0.0,0.054433713784021,0.9471861471861472
2021-03-21 22:45:00+00:00,0.4667341734173417,0.0,0.053863037752414356,0.9402597402597402
2021-03-21 23:00:00+00:00,0.4628337833783378,0.0,0.0532923617208077,0.9333333333333332
2021-03-21 23:15:00+00:00,0.46137113711371136,0.0,0.05118525021949075,0.9292207792207792
2021-03-21 23:30:00+00:00,0.4599084908490849,0.0,0.0490781387181738,0.925108225108225
2021-03-21 23:45:00+00:00,0.4584458445844585,0.0,0.04697102721685685,0.9209956709956709
2021-03-22 00:00:00+00:00,0.456983198319832,0.0,0.0448639157155399,0.9168831168831169
2021-03-22 00:15:00+00:00,0.4573957395739574,0.0,0.0423178226514486,0.9155844155844155
2021-03-22 00:30:00+00:00,0.4578082808280828,0.0,0.0397717295873573,0.914285714285714
2021-03-22 00:45:00+00:00,0.45822082208220816,0.0,0.037225636523266,0.9129870129870128
2021-03-22 01:00:00+00:00,0.4586333633363336,0.0,0.0346795434591747,0.9116883116883115
2021-03-22 01:15:00+00:00,0.4593646864686468,0.0,0.03138718173836695,0.9093073593073592
2021-03-22 01:30:00+00:00,0.46009600960096,0.0,0.0280948200175592,0.9069264069264068
2021-03-22 01:45:00+00:00,0.46082733273327325,0.0,0.024802458296751498,0.9045454545454545
2021-03-22 02:00:00+00:00,0.4615586558655865,0.0,0.0215100965759438,0.9021645021645022
2021-03-22 02:15:00+00:00,0.4604991749174917,0.0,0.0198200175592625,0.9043290043290042
2021-03-22 02:30:00+00:00,0.4594396939693969,0.0,0.0181299385425812,0.9064935064935064
2021-03-22 02:45:00+00:00,0.45838021302130205,0.0,0.0164398595258999,0.9086580086580085
2021-03-22 03:00:00+00:00,0.4573207320732073,0.0,0.0147497805092186,0.9108225108225108
2021-03-22 03:15:00+00:00,0.4551642664266426,0.0,0.01422300263388935,0.9127705627705628
2021-03-22 03:30:00+00:00,0.4530078007800779,0.0,0.0136962247585601,0.9147186147186148
2021-03-22 03:45:00+00:00,0.4508513351335133,0.0,0.013169446883230851,0.9166666666666667
2021-03-22 04:00:00+00:00,0.4486948694869487,0.0,0.0126426690079016,0.9186147186147188
2021-03-22 04:15:00+00:00,0.4486104860486049,0.0,0.0122695346795434,0.9151515151515153
2021-03-22 04:30:00+00:00,0.448526102610261,0.0,0.0118964003511852,0.9116883116883118
2021-03-22 04:45:00+00:00,0.4484417191719171,0.0,0.011523266022827001,0.9082251082251083
2021-03-22 05:00:00+00:00,0.4483573357335733,0.0,0.0111501316944688,0.9047619047619048
2021-03-22 05:15:00+00:00,0.44620087008700865,0.0,0.01716417910447755,0.924025974025974
2021-03-22 05:30:00+00:00,0.444044404440444,0.0,0.0231782265144863,0.9432900432900432
2021-03-22 05:45:00+00:00,0.44188793879387933,0.0,0.029192273924495103,0.9625541125541125
2021-03-22 06:00:00+00:00,0.4397314731473147,0.0,0.0352063213345039,0.9818181818181818
2021-03-22 06:15:00+00:00,0.4335152265226523,0.0,0.09190079016681293,0.9863636363636363
2021-03-22 06:30:00+00:00,0.4272989798979898,0.0,0.148595258999122,0.990909090909091
2021-03-22 06:45:00+00:00,0.42108273327332735,0.0,0.20528972783143107,0.9954545454545455
2021-03-22 07:00:00+00:00,0.4148664866486649,0.0,0.2619841966637401,1.0
2021-03-22 07:15:00+00:00,0.4138445094509451,0.0,0.33933274802458296,1.0
2021-03-22 07:30:00+00:00,0.4128225322532253,0.0,0.4166812993854258,1.0
2021-03-22 07:45:00+00:00,0.4118005550555055,0.0,0.4940298507462687,1.0
2021-03-22 08:00:00+00:00,0.4107785778577857,0.0,0.5713784021071115,1.0
2021-03-22 08:15:00+00:00,0.40881900690069,0.0,0.624692712906058,1.0
2021-03-22 08:30:00+00:00,0.4068594359435943,0.0,0.6780070237050044,1.0
2021-03-22 08:45:00+00:00,0.4048998649864986,0.0,0.7313213345039509,1.0
2021-03-22 09:00:00+00:00,0.4029402940294029,0.0,0.7846356453028973,1.0
2021-03-22 09:15:00+00:00,0.3999587458745874,0.0,0.8052019315188762,1.0
2021-03-22 09:30:00+00:00,0.3969771977197719,0.0,0.8257682177348551,1.0
2021-03-22 09:45:00+00:00,0.3939956495649565,0.0,0.8463345039508341,1.0
2021-03-22 10:00:00+00:00,0.391014101410141,0.0,0.866900790166813,1.0
2021-03-22 10:15:00+00:00,0.3877981548154815,0.0,0.8729587357330992,1.0
2021-03-22 10:30:00+00:00,0.384582208220822,0.0,0.8790166812993854,1.0
2021-03-22 10:45:00+00:00,0.38136626162616255,0.0,0.8850746268656716,1.0
2021-03-22 11:00:00+00:00,0.3781503150315031,0.0,0.8911325724319579,1.0
2021-03-22 11:15:00+00:00,0.37615324032403236,0.0,0.8925592625109746,1.0
2021-03-22 11:30:00+00:00,0.3741561656165616,0.0,0.8939859525899913,1.0
2021-03-22 11:45:00+00:00,0.37215909090909083,0.0,0.8954126426690079,1.0
2021-03-22 12:00:00+00:00,0.3701620162016201,0.0,0.8968393327480246,1.0
2021-03-22 12:15:00+00:00,0.36629912991299124,0.0,0.8953687445127305,0.9952380952380953
2021-03-22 12:30:00+00:00,0.3624362436243624,0.0,0.8938981562774364,0.9904761904761904
2021-03-22 12:45:00+00:00,0.35857335733573353,0.0,0.8924275680421423,0.9857142857142855
2021-03-22 13:00:00+00:00,0.3547104710471047,0.0,0.8909569798068481,0.9809523809523808
2021-03-22 13:15:00+00:00,0.35250712571257126,0.0,0.8795654082528533,0.9857142857142855
2021-03-22 13:30:00+00:00,0.3503037803780378,0.0,0.8681738366988586,0.9904761904761904
2021-03-22 13:45:00+00:00,0.3481004350435043,0.0,0.8567822651448639,0.9952380952380953
2021-03-22 14:00:00+00:00,0.3458970897089709,0.0,0.8453906935908692,1.0
2021-03-22 14:15:00+00:00,0.3439750225022502,0.0,0.8235513608428446,1.0
2021-03-22 14:30:00+00:00,0.3420529552955295,0.0,0.80171202809482,1.0
2021-03-22 14:45:00+00:00,0.34013088808880887,0.0,0.7798726953467954,1.0
2021-03-22 15:00:00+00:00,0.3382088208820882,0.0,0.7580333625987709,1.0
2021-03-22 15:15:00+00:00,0.33506788178817876,0.0,0.7139157155399474,1.0
2021-03-22 15:30:00+00:00,0.3319269426942693,0.0,0.6697980684811238,1.0
2021-03-22 15:45:00+00:00,0.3287860036003599,0.0,0.6256804214223002,1.0
2021-03-22 16:00:00+00:00,0.3256450645064506,0.0,0.5815627743634767,1.0
2021-03-22 16:15:00+00:00,0.3205914341434143,0.0,0.5094820017559262,1.0
2021-03-22 16:30:00+00:00,0.315537803780378,0.0,0.4374012291483757,1.0
2021-03-22 16:45:00+00:00,0.3104841734173417,0.0,0.36532045654082523,1.0
2021-03-22 17:00:00+00:00,0.3054305430543054,0.0,0.2932396839332748,1.0
2021-03-22 17:15:00+00:00,0.30288028802880285,0.0,0.24154960491659347,1.0
2021-03-22 17:30:00+00:00,0.3003300330033003,0.0,0.1898595258999121,1.0
2021-03-22 17:45:00+00:00,0.29777977797779775,0.0,0.13816944688323085,1.0
2021-03-22 18:00:00+00:00,0.2952295229522952,0.0,0.0864793678665496,1.0
2021-03-22 18:15:00+00:00,0.29497637263726373,0.0,0.07965320456540825,1.0
2021-03-22 18:30:00+00:00,0.2947232223222322,0.0,0.0728270412642669,1.0
2021-03-22 18:45:00+00:00,0.29447007200720066,0.0,0.06600087796312555,1.0
2021-03-22 19:00:00+00:00,0.2942169216921692,0.0,0.0591747146619842,1.0
2021-03-22 19:15:00+00:00,0.2941419141914191,0.0,0.05888937664618085,1.0
2021-03-22 19:30:00+00:00,0.294066906690669,0.0,0.0586040386303775,1.0
2021-03-22 19:45:00+00:00,0.29399189918991897,0.0,0.05831870061457415,1.0
2021-03-22 20:00:00+00:00,0.2939168916891689,0.0,0.0580333625987708,1.0
2021-03-22 20:15:00+00:00,0.28994149414941495,0.0,0.05785776997366105,1.0
2021-03-22 20:30:00+00:00,0.285966096609661,0.0,0.0576821773485513,1.0
2021-03-22 20:45:00+00:00,0.28199069906990704,0.0,0.05750658472344155,1.0
2021-03-22 21:00:00+00:00,0.278015301530153,0.0,0.0573309920983318,1.0
2021-03-22 21:15:00+00:00,0.27273664866486647,0.0,0.055575065847234345,1.0
2021-03-22 21:30:00+00:00,0.2674579957995799,0.0,0.0538191395961369,1.0
2021-03-22 21:45:00+00:00,0.2621793429342934,0.0,0.05206321334503945,1.0
2021-03-22 22:00:00+00:00,0.2569006900690069,0.0,0.050307287093942,1.0
2021-03-22 22:15:00+00:00,0.2531878187818781,0.0,0.04820017559262505,1.0
2021-03-22 22:30:00+00:00,0.2494749474947494,0.0,0.0460930640913081,1.0
2021-03-22 22:45:00+00:00,0.24576207620762072,0.0,0.04398595258999115,1.0
2021-03-22 23:00:00+00:00,0.242049204920492,0.0,0.0418788410886742,1.0
2021-03-22 23:15:00+00:00,0.23944269426942685,0.0,0.0392010535557506,0.9950216450216449
2021-03-22 23:30:00+00:00,0.2368361836183617,0.0,0.036523266022827,0.99004329004329
2021-03-22 23:45:00+00:00,0.23422967296729663,0.0,0.0338454784899034,0.985064935064935
2021-03-23 00:00:00+00:00,0.2316231623162316,0.0,0.0311676909569798,0.98008658008658
2021-03-23 00:15:00+00:00,0.2261944944494449,0.0,0.02982879719051795,0.9826839826839826
2021-03-23 00:30:00+00:00,0.2207658265826582,0.0,0.0284899034240561,0.9852813852813852
2021-03-23 00:45:00+00:00,0.21533715871587156,0.0,0.027151009657594302,0.9878787878787878
2021-03-23 01:00:00+00:00,0.2099084908490849,0.0,0.0258121158911325,0.9904761904761904
2021-03-23 01:15:00+00:00,0.20266089108910884,0.0,0.02381474978050915,0.9891774891774892
2021-03-23 01:30:00+00:00,0.1954132913291328,0.0,0.0218173836698858,0.9878787878787878
2021-03-23 01:45:00+00:00,0.18816569156915686,0.0,0.01982001755926245,0.9865800865800864
2021-03-23 02:00:00+00:00,0.1809180918091809,0.0,0.0178226514486391,0.9852813852813852
2021-03-23 02:15:00+00:00,0.174017401740174,0.0,0.0162423178226514,0.9841991341991342
2021-03-23 02:30:00+00:00,0.1671167116711671,0.0,0.0146619841966637,0.9831168831168832
2021-03-23 02:45:00+00:00,0.1602160216021602,0.0,0.013081650570676,0.982034632034632
2021-03-23 03:00:00+00:00,0.1533153315331533,0.0,0.0115013169446883,0.9809523809523808
2021-03-23 03:15:00+00:00,0.14904927992799274,0.0,0.010974539069359052,0.9662337662337661
2021-03-23 03:30:00+00:00,0.1447832283228322,0.0,0.0104477611940298,0.9515151515151514
2021-03-23 03:45:00+00:00,0.1405171767176717,0.0,0.00992098331870055,0.9367965367965367
2021-03-23 04:00:00+00:00,0.1362511251125112,0.0,0.0093942054433713,0.922077922077922
2021-03-23 04:15:00+00:00,0.13379462946294624,0.0,0.0091527655838454,0.9352813852813853
2021-03-23 04:30:00+00:00,0.1313381338133813,0.0,0.0089113257243195,0.9484848484848484
2021-03-23 04:45:00+00:00,0.12888163816381637,0.0,0.0086698858647936,0.9616883116883116
2021-03-23 05:00:00+00:00,0.1264251425142514,0.0,0.0084284460052677,0.9748917748917748
2021-03-23 05:15:00+00:00,0.12300292529252921,0.0,0.0160447761194029,0.981168831168831
2021-03-23 05:30:00+00:00,0.119580708070807,0.0,0.0236611062335381,0.9874458874458872
2021-03-23 05:45:00+00:00,0.11615849084908486,0.0,0.031277436347673354,0.9937229437229436
2021-03-23 06:00:00+00:00,0.1127362736273627,0.0,0.0388937664618086,1.0
2021-03-23 06:15:00+00:00,0.10574182418241815,0.0,0.09863915715539945,1.0
2021-03-23 06:30:00+00:00,0.0987473747374736,0.0,0.1583845478489903,1.0
2021-03-23 06:45:00+00:00,0.09175292529252914,0.0,0.2181299385425812,1.0
2021-03-23 07:00:00+00:00,0.0847584758475847,0.0,0.2778753292361721,1.0
2021-03-23 07:15:00+00:00,0.07692019201920185,0.0,0.35902107111501314,1.0
2021-03-23 07:30:00+00:00,0.069081908190819,0.0,0.4401668129938542,1.0
2021-03-23 07:45:00+00:00,0.0612436243624362,0.0,0.5213125548726953,1.0
2021-03-23 08:00:00+00:00,0.0534053405340534,0.0,0.6024582967515364,1.0
2021-03-23 08:15:00+00:00,0.04969246924692465,0.0,0.6555092186128182,1.0
2021-03-23 08:30:00+00:00,0.0459795979597959,0.0,0.7085601404741,1.0
2021-03-23 08:45:00+00:00,0.042266726672667204,0.0,0.7616110623353819,1.0
2021-03-23 09:00:00+00:00,0.0385538553855385,0.0,0.8146619841966637,1.0
2021-03-23 09:15:00+00:00,0.03879762976297625,0.0,0.8304872695346794,1.0
2021-03-23 09:30:00+00:00,0.039041404140414,0.0,0.8463125548726953,1.0
2021-03-23 09:45:00+00:00,0.03928517851785175,0.0,0.8621378402107112,1.0
2021-03-23 10:00:00+00:00,0.0395289528952895,0.0,0.8779631255487269,1.0
2021-03-23 10:15:00+00:00,0.04187293729372935,0.0,0.8834942932396839,1.0
2021-03-23 10:30:00+00:00,0.0442169216921692,0.0,0.8890254609306409,1.0
2021-03-23 10:45:00+00:00,0.04656090609060905,0.0,0.8945566286215979,1.0
2021-03-23 11:00:00+00:00,0.0489048904890489,0.0,0.9000877963125549,1.0
2021-03-23 11:15:00+00:00,0.05229897989798975,0.0,0.9001097453906935,1.0
2021-03-23 11:30:00+00:00,0.0556930693069306,0.0,0.9001316944688322,1.0
2021-03-23 11:45:00+00:00,0.059087158715871495,0.0,0.900153643546971,1.0
2021-03-23 12:00:00+00:00,0.0624812481248124,0.0,0.9001755926251097,1.0
2021-03-23 12:15:00+00:00,0.06752550255025494,0.0,0.9005267778753292,1.0
2021-03-23 12:30:00+00:00,0.0725697569756975,0.0,0.9008779631255486,1.0
2021-03-23 12:45:00+00:00,0.07761401140114005,0.0,0.9012291483757681,1.0
2021-03-23 13:00:00+00:00,0.0826582658265826,0.0,0.9015803336259876,1.0
2021-03-23 13:15:00+00:00,0.08646489648964885,0.0,0.8944907813871816,1.0
2021-03-23 13:30:00+00:00,0.0902715271527151,0.0,0.8874012291483757,1.0
2021-03-23 13:45:00+00:00,0.09407815781578144,0.0,0.8803116769095698,1.0
2021-03-23 14:00:00+00:00,0.0978847884788478,0.0,0.8732221246707639,1.0
2021-03-23 14:15:00+00:00,0.1007444494449444,0.0,0.8568042142230027,1.0
2021-03-23 14:30:00+00:00,0.103604110411041,0.0,0.8403863037752415,1.0
2021-03-23 14:45:00+00:00,0.10646377137713765,0.0,0.8239683933274803,1.0
2021-03-23 15:00:00+00:00,0.1093234323432343,0.0,0.8075504828797191,1.0
2021-03-23 15:15:00+00:00,0.11002662766276619,0.0,0.7692054433713784,1.0
2021-03-23 15:30:00+00:00,0.1107298229822981,0.0,0.7308604038630377,1.0
2021-03-23 15:45:00+00:00,0.1114330183018301,0.0,0.6925153643546971,1.0
2021-03-23 16:00:00+00:00,0.1121362136213621,0.0,0.6541703248463564,1.0
2021-03-23 16:15:00+00:00,0.10925780078007795,0.0,0.5752853380158033,1.0
2021-03-23 16:30:00+00:00,0.1063793879387938,0.0,0.4964003511852501,1.0
2021-03-23 16:45:00+00:00,0.10350097509750969,0.0,0.41751536435469705,1.0
2021-03-23 17:00:00+00:00,0.1006225622562256,0.0,0.338630377524144,1.0
2021-03-23 17:15:00+00:00,0.09889738973897386,0.0,0.2774363476733977,1.0
2021-03-23 17:30:00+00:00,0.0971722172217221,0.0,0.2162423178226514,1.0
2021-03-23 17:45:00+00:00,0.09544704470447041,0.0,0.15504828797190517,1.0
2021-03-23 18:00:00+00:00,0.0937218721872187,0.0,0.0938542581211589,1.0
2021-03-23 18:15:00+00:00,0.09357185718571855,0.0,0.08527216856892006,1.0
2021-03-23 18:30:00+00:00,0.0934218421842184,0.0,0.0766900790166812,1.0
2021-03-23 18:45:00+00:00,0.09327182718271824,0.0,0.06810798946444241,1.0
2021-03-23 19:00:00+00:00,0.0931218121812181,0.0,0.0595258999122036,1.0
2021-03-23 19:15:00+00:00,0.0894933243324332,0.0,0.0589332748024582,1.0
2021-03-23 19:30:00+00:00,0.0858648364836483,0.0,0.0583406496927128,1.0
2021-03-23 19:45:00+00:00,0.08223634863486345,0.0,0.05774802458296745,1.0
2021-03-23 20:00:00+00:00,0.0786078607860786,0.0,0.0571553994732221,1.0
2021-03-23 20:15:00+00:00,0.07511063606360635,0.0,0.05713345039508335,1.0
2021-03-23 20:30:00+00:00,0.0716134113411341,0.0,0.0571115013169446,1.0
2021-03-23 20:45:00+00:00,0.06811618661866184,0.0,0.0570895522388059,1.0
2021-03-23 21:00:00+00:00,0.0646189618961896,0.0,0.0570676031606672,1.0
2021-03-23 21:15:00+00:00,0.0612717521752175,0.0,0.0569798068481123,1.0
2021-03-23 21:30:00+00:00,0.0579245424542454,0.0,0.0568920105355574,1.0
2021-03-23 21:45:00+00:00,0.054577332733273295,0.0,0.05680421422300255,1.0
2021-03-23 22:00:00+00:00,0.0512301230123012,0.0,0.0567164179104477,1.0
2021-03-23 22:15:00+00:00,0.048548604860486,0.0,0.05449956101843715,1.0
2021-03-23 22:30:00+00:00,0.0458670867086708,0.0,0.0522827041264266,1.0
2021-03-23 22:45:00+00:00,0.04318556855685565,0.0,0.050065847234416094,1.0
2021-03-23 23:00:00+00:00,0.0405040504050405,0.0,0.0478489903424056,1.0
2021-03-23 23:15:00+00:00,0.03907890789078905,0.0,0.04521510096575935,1.0
2021-03-23 23:30:00+00:00,0.0376537653765376,0.0,0.0425812115891131,1.0
2021-03-23 23:45:00+00:00,0.0362286228622862,0.0,0.039947322212466954,1.0
2021-03-24 00:00:00+00:00,0.0348034803480348,0.0,0.0373134328358208,1.0
2021-03-24 00:15:00+00:00,0.0335283528352835,0.0,0.035074626865671546,1.0
2021-03-24 00:30:00+00:00,0.0322532253225322,0.0,0.0328358208955223,1.0
2021-03-24 00:45:00+00:00,0.03097809780978095,0.0,0.030597014925373048,1.0
2021-03-24 01:00:00+00:00,0.0297029702970297,0.0,0.0283582089552238,1.0
2021-03-24 01:15:00+00:00,0.0293560606060606,0.0,0.0259657594381035,1.0
2021-03-24 01:30:00+00:00,0.0290091509150915,0.0,0.0235733099209832,1.0
2021-03-24 01:45:00+00:00,0.0286622412241224,0.0,0.02118086040386295,1.0
2021-03-24 02:00:00+00:00,0.0283153315331533,0.0,0.0187884108867427,1.0
2021-03-24 02:15:00+00:00,0.0287278727872787,0.0,0.016066725197541598,0.9997835497835498
2021-03-24 02:30:00+00:00,0.0291404140414041,0.0,0.0133450395083405,0.9995670995670995
2021-03-24 02:45:00+00:00,0.0295529552955295,0.0,0.0106233538191395,0.9993506493506494
2021-03-24 03:00:00+00:00,0.0299654965496549,0.0,0.0079016681299385,0.9991341991341992
2021-03-24 03:15:00+00:00,0.029712346234623398,0.0,0.00737489025460925,0.9993506493506493
2021-03-24 03:30:00+00:00,0.0294591959195919,0.0,0.00684811237928,0.9995670995670995
2021-03-24 03:45:00+00:00,0.0292060456045604,0.0,0.00632133450395075,0.9997835497835498
2021-03-24 04:00:00+00:00,0.0289528952895289,0.0,0.0057945566286215,1.0
2021-03-24 04:15:00+00:00,0.0284934743474347,0.0,0.0055750658472343,1.0
2021-03-24 04:30:00+00:00,0.0280340534053405,0.0,0.0053555750658471,1.0
2021-03-24 04:45:00+00:00,0.0275746324632463,0.0,0.0051360842844599495,1.0
2021-03-24 05:00:00+00:00,0.0271152115211521,0.0,0.0049165935030728,1.0
2021-03-24 05:15:00+00:00,0.02606510651065105,0.0,0.0124012291483757,1.0
2021-03-24 05:30:00+00:00,0.02501500150015,0.0,0.0198858647936786,1.0
2021-03-24 05:45:00+00:00,0.02396489648964895,0.0,0.027370500438981503,1.0
2021-03-24 06:00:00+00:00,0.0229147914791479,0.0,0.0348551360842844,1.0
2021-03-24 06:15:00+00:00,0.0213771377137713,0.0,0.09062774363476726,1.0
2021-03-24 06:30:00+00:00,0.0198394839483947,0.0,0.1464003511852501,1.0
2021-03-24 06:45:00+00:00,0.018301830183018203,0.0,0.202172958735733,1.0
2021-03-24 07:00:00+00:00,0.0167641764176417,0.0,0.2579455662862159,1.0
2021-03-24 07:15:00+00:00,0.01486086108610855,0.0,0.32818261633011403,1.0
2021-03-24 07:30:00+00:00,0.0129575457545754,0.0,0.3984196663740122,1.0
2021-03-24 07:45:00+00:00,0.01105423042304225,0.0,0.4686567164179104,1.0
2021-03-24 08:00:00+00:00,0.0091509150915091,0.0,0.5388937664618086,1.0
2021-03-24 08:15:00+00:00,0.0088227572757275,0.0,0.5886303775241439,1.0
2021-03-24 08:30:00+00:00,0.0084945994599459,0.0,0.6383669885864793,1.0
2021-03-24 08:45:00+00:00,0.00816644164416435,0.0,0.6881035996488147,1.0
2021-03-24 09:00:00+00:00,0.0078382838283828,0.0,0.7378402107111501,1.0
2021-03-24 09:15:00+00:00,0.0080164266426642,0.0,0.7624890254609307,1.0
2021-03-24 09:30:00+00:00,0.0081945694569456,0.0,0.7871378402107112,1.0
2021-03-24 09:45:00+00:00,0.008372712271227049,0.0,0.8117866549604917,1.0
2021-03-24 10:00:00+00:00,0.0085508550855085,0.0,0.8364354697102722,1.0
2021-03-24 10:15:00+00:00,0.0088696369636963,0.0,0.8469929762949956,1.0
2021-03-24 10:30:00+00:00,0.0091884188418841,0.0,0.857550482879719,1.0
2021-03-24 10:45:00+00:00,0.00950720072007195,0.0,0.8681079894644425,1.0
2021-03-24 11:00:00+00:00,0.0098259825982598,0.0,0.8786654960491659,1.0
2021-03-24 11:15:00+00:00,0.011007350735073449,0.0,0.8811896400351185,1.0
2021-03-24 11:30:00+00:00,0.0121887188718871,0.0,0.8837137840210711,1.0
2021-03-24 11:45:00+00:00,0.0133700870087008,0.0,0.8862379280070237,1.0
2021-03-24 12:00:00+00:00,0.0145514551455145,0.0,0.8887620719929763,1.0
2021-03-24 12:15:00+00:00,0.01587346234623455,0.0,0.8892010535557506,1.0
2021-03-24 12:30:00+00:00,0.0171954695469546,0.0,0.8896400351185251,1.0
2021-03-24 12:45:00+00:00,0.0185174767476747,0.0,0.8900790166812994,1.0
2021-03-24 13:00:00+00:00,0.0198394839483948,0.0,0.8905179982440737,1.0
2021-03-24 13:15:00+00:00,0.02183655865586555,0.0,0.8845917471466198,1.0
2021-03-24 13:30:00+00:00,0.0238336333633363,0.0,0.878665496049166,1.0
2021-03-24 13:45:00+00:00,0.02583070807080705,0.0,0.8727392449517121,1.0
2021-03-24 14:00:00+00:00,0.0278277827782778,0.0,0.8668129938542581,1.0
2021-03-24 14:15:00+00:00,0.0300592559255925,0.0,0.8456760316066725,1.0
2021-03-24 14:30:00+00:00,0.0322907290729072,0.0,0.8245390693590869,1.0
2021-03-24 14:45:00+00:00,0.034522202220221954,0.0,0.8034021071115014,1.0
2021-03-24 15:00:00+00:00,0.0367536753675367,0.0,0.7822651448639157,1.0
2021-03-24 15:15:00+00:00,0.038272577257725704,0.0,0.7429104477611941,0.9995670995670995
2021-03-24 15:30:00+00:00,0.0397914791479147,0.0,0.7035557506584724,0.9991341991341992
2021-03-24 15:45:00+00:00,0.04131038103810375,0.0,0.6642010535557508,0.9987012987012989
2021-03-24 16:00:00+00:00,0.0428292829282928,0.0,0.624846356453029,0.9982683982683984
2021-03-24 16:15:00+00:00,0.044263801380137954,0.0,0.5466856892010535,0.9987012987012989
2021-03-24 16:30:00+00:00,0.0456983198319831,0.0,0.4685250219490781,0.9991341991341992
2021-03-24 16:45:00+00:00,0.047132838283828304,0.0,0.3903643546971027,0.9995670995670995
2021-03-24 17:00:00+00:00,0.0485673567356735,0.0,0.3122036874451273,1.0
2021-03-24 17:15:00+00:00,0.05034878487848775,0.0,0.2544776119402985,1.0
2021-03-24 17:30:00+00:00,0.052130213021302,0.0,0.1967515364354697,1.0
2021-03-24 17:45:00+00:00,0.0539116411641163,0.0,0.1390254609306409,1.0
2021-03-24 18:00:00+00:00,0.0556930693069306,0.0,0.0812993854258121,1.0
2021-03-24 18:15:00+00:00,0.05917154215421534,0.0,0.07330992098331865,1.0
2021-03-24 18:30:00+00:00,0.0626500150015001,0.0,0.0653204565408252,1.0
2021-03-24 18:45:00+00:00,0.06612848784878485,0.0,0.0573309920983318,1.0
2021-03-24 19:00:00+00:00,0.0696069606960696,0.0,0.0493415276558384,1.0
2021-03-24 19:15:00+00:00,0.0723259825982598,0.0,0.0498244073748902,1.0
2021-03-24 19:30:00+00:00,0.07504500450045,0.0,0.050307287093942,1.0
2021-03-24 19:45:00+00:00,0.0777640264026402,0.0,0.050790166812993795,1.0
2021-03-24 20:00:00+00:00,0.0804830483048304,0.0,0.0512730465320456,1.0
2021-03-24 20:15:00+00:00,0.08542416741674161,0.0,0.0512730465320456,1.0
2021-03-24 20:30:00+00:00,0.0903652865286528,0.0,0.0512730465320456,1.0
2021-03-24 20:45:00+00:00,0.095306405640564,0.0,0.0512730465320456,1.0
2021-03-24 21:00:00+00:00,0.1002475247524752,0.0,0.0512730465320456,1.0
2021-03-24 21:15:00+00:00,0.10576995199519945,0.0,0.05098770851624225,1.0
2021-03-24 21:30:00+00:00,0.1112923792379237,0.0,0.0507023705004389,1.0
2021-03-24 21:45:00+00:00,0.116814806480648,0.0,0.050417032484635596,1.0
2021-03-24 22:00:00+00:00,0.1223372337233723,0.0,0.0501316944688323,1.0
2021-03-24 22:15:00+00:00,0.12372487248724864,0.0,0.04852941176470585,1.0
2021-03-24 22:30:00+00:00,0.125112511251125,0.0,0.0469271290605794,1.0
2021-03-24 22:45:00+00:00,0.1265001500150014,0.0,0.045324846356453,1.0
2021-03-24 23:00:00+00:00,0.1278877887788778,0.0,0.0437225636523266,1.0
2021-03-24 23:15:00+00:00,0.128075307530753,0.0,0.040254609306409096,1.0
2021-03-24 23:30:00+00:00,0.1282628262826282,0.0,0.0367866549604916,1.0
2021-03-24 23:45:00+00:00,0.1284503450345034,0.0,0.03331870061457415,1.0
2021-03-25 00:00:00+00:00,0.1286378637863786,0.0,0.0298507462686567,1.0
2021-03-25 00:15:00+00:00,0.12955670567056699,0.0,0.02688762071992975,0.9967532467532468
2021-03-25 00:30:00+00:00,0.1304755475547554,0.0,0.0239244951712028,0.9935064935064936
2021-03-25 00:45:00+00:00,0.13139438943894385,0.0,0.02096136962247585,0.9902597402597403
2021-03-25 01:00:00+00:00,0.1323132313231323,0.0,0.0179982440737489,0.987012987012987
2021-03-25 01:15:00+00:00,0.1308130813081308,0.0,0.0172958735733099,0.9874458874458876
2021-03-25 01:30:00+00:00,0.1293129312931293,0.0,0.0165935030728709,0.987878787878788
2021-03-25 01:45:00+00:00,0.12781278127812779,0.0,0.0158911325724319,0.9883116883116885
2021-03-25 02:00:00+00:00,0.1263126312631263,0.0,0.0151887620719929,0.9887445887445888
2021-03-25 02:15:00+00:00,0.1249718721872187,0.0,0.01334503950834055,0.9896103896103896
2021-03-25 02:30:00+00:00,0.1236311131113111,0.0,0.0115013169446882,0.9904761904761904
2021-03-25 02:45:00+00:00,0.1222903540354035,0.0,0.0096575943810359,0.9913419913419913
2021-03-25 03:00:00+00:00,0.1209495949594959,0.0,0.0078138718173836,0.9922077922077922
2021-03-25 03:15:00+00:00,0.1189806480648064,0.0,0.00730904302019305,0.9917748917748916
2021-03-25 03:30:00+00:00,0.1170117011701169,0.0,0.0068042142230025,0.9913419913419912
2021-03-25 03:45:00+00:00,0.11504275427542746,0.0,0.006299385425812,0.9909090909090907
2021-03-25 04:00:00+00:00,0.113073807380738,0.0,0.0057945566286215,0.9904761904761904
2021-03-25 04:15:00+00:00,0.11108610861086099,0.0,0.00537752414398585,0.9928571428571429
2021-03-25 04:30:00+00:00,0.109098409840984,0.0,0.0049604916593502,0.9952380952380953
2021-03-25 04:45:00+00:00,0.10711071107110705,0.0,0.0045434591747146,0.9976190476190476
2021-03-25 05:00:00+00:00,0.1051230123012301,0.0,0.004126426690079,1.0
2021-03-25 05:15:00+00:00,0.10180393039303925,0.0,0.011698858647936752,1.0
2021-03-25 05:30:00+00:00,0.0984848484848484,0.0,0.0192712906057945,1.0
2021-03-25 05:45:00+00:00,0.0951657665766576,0.0,0.02684372256365225,1.0
2021-03-25 06:00:00+00:00,0.0918466846684668,0.0,0.03441615452151,1.0
2021-03-25 06:15:00+00:00,0.08657740774077399,0.0,0.0890254609306408,1.0
2021-03-25 06:30:00+00:00,0.0813081308130812,0.0,0.1436347673397716,1.0
2021-03-25 06:45:00+00:00,0.07603885388538845,0.0,0.1982440737489025,1.0
2021-03-25 07:00:00+00:00,0.0707695769576957,0.0,0.2528533801580334,1.0
2021-03-25 07:15:00+00:00,0.0646939693969396,0.0,0.3178884986830553,1.0
2021-03-25 07:30:00+00:00,0.0586183618361835,0.0,0.3829236172080772,1.0
2021-03-25 07:45:00+00:00,0.05254275427542745,0.0,0.4479587357330992,1.0
2021-03-25 08:00:00+00:00,0.0464671467146714,0.0,0.5129938542581212,1.0
2021-03-25 08:15:00+00:00,0.0421448394839483,0.0,0.5642669007901668,1.0
2021-03-25 08:30:00+00:00,0.0378225322532252,0.0,0.6155399473222125,1.0
2021-03-25 08:45:00+00:00,0.03350022502250215,0.0,0.6668129938542582,1.0
2021-03-25 09:00:00+00:00,0.0291779177917791,0.0,0.7180860403863037,1.0
2021-03-25 09:15:00+00:00,0.0264026402640263,0.0,0.7426251097453906,1.0
2021-03-25 09:30:00+00:00,0.0236273627362735,0.0,0.7671641791044777,1.0
2021-03-25 09:45:00+00:00,0.02085208520852075,0.0,0.7917032484635645,1.0
2021-03-25 10:00:00+00:00,0.018076807680768,0.0,0.8162423178226514,1.0
2021-03-25 10:15:00+00:00,0.017617386738673753,0.0,0.8236172080772607,1.0
2021-03-25 10:30:00+00:00,0.0171579657965795,0.0,0.83099209833187,1.0
2021-03-25 10:45:00+00:00,0.01669854485448535,0.0,0.8383669885864793,1.0
2021-03-25 11:00:00+00:00,0.0162391239123912,0.0,0.8457418788410886,1.0
2021-03-25 11:15:00+00:00,0.01716734173417335,0.0,0.8507243195785776,1.0
2021-03-25 11:30:00+00:00,0.0180955595559555,0.0,0.8557067603160666,1.0
2021-03-25 11:45:00+00:00,0.0190237773777377,0.0,0.8606892010535556,1.0
2021-03-25 12:00:00+00:00,0.0199519951995199,0.0,0.8656716417910447,1.0
2021-03-25 12:15:00+00:00,0.022436618661866102,0.0,0.8652546093064091,1.0
2021-03-25 12:30:00+00:00,0.0249212421242123,0.0,0.8648375768217735,1.0
2021-03-25 12:45:00+00:00,0.02740586558655855,0.0,0.8644205443371379,1.0
2021-03-25 13:00:00+00:00,0.0298904890489048,0.0,0.8640035118525022,1.0
2021-03-25 13:15:00+00:00,0.03241261626162605,0.0,0.8540825285338016,1.0
2021-03-25 13:30:00+00:00,0.0349347434743473,0.0,0.844161545215101,1.0
2021-03-25 13:45:00+00:00,0.0374568706870686,0.0,0.8342405618964004,1.0
2021-03-25 14:00:00+00:00,0.0399789978997899,0.0,0.8243195785776998,1.0
2021-03-25 14:15:00+00:00,0.04227610261026095,0.0,0.8100965759438103,1.0
2021-03-25 14:30:00+00:00,0.044573207320732,0.0,0.7958735733099209,1.0
2021-03-25 14:45:00+00:00,0.04687031203120305,0.0,0.7816505706760315,1.0
2021-03-25 15:00:00+00:00,0.0491674167416741,0.0,0.7674275680421422,1.0
2021-03-25 15:15:00+00:00,0.050939468946894606,0.0,0.722190517998244,1.0
2021-03-25 15:30:00+00:00,0.0527115211521151,0.0,0.6769534679543459,1.0
2021-03-25 15:45:00+00:00,0.054483573357335655,0.0,0.6317164179104477,1.0
2021-03-25 16:00:00+00:00,0.0562556255625562,0.0,0.5864793678665496,1.0
2021-03-25 16:15:00+00:00,0.057315106510651,0.0,0.5136742756804215,1.0
2021-03-25 16:30:00+00:00,0.0583745874587458,0.0,0.4408691834942932,1.0
2021-03-25 16:45:00+00:00,0.059434068406840596,0.0,0.368064091308165,1.0
2021-03-25 17:00:00+00:00,0.0604935493549354,0.0,0.2952589991220368,1.0
2021-03-25 17:15:00+00:00,0.06326882688268815,0.0,0.24133011413520625,1.0
2021-03-25 17:30:00+00:00,0.0660441044104409,0.0,0.1874012291483757,1.0
2021-03-25 17:45:00+00:00,0.0688193819381937,0.0,0.13347234416154513,1.0
2021-03-25 18:00:00+00:00,0.0715946594659465,0.0,0.0795434591747146,1.0
2021-03-25 18:15:00+00:00,0.07280415541554144,0.0,0.0709613696224758,1.0
2021-03-25 18:30:00+00:00,0.0740136513651364,0.0,0.062379280070237,1.0
2021-03-25 18:45:00+00:00,0.0752231473147314,0.0,0.053797190517998195,1.0
2021-03-25 19:00:00+00:00,0.0764326432643264,0.0,0.0452151009657594,1.0
2021-03-25 19:15:00+00:00,0.07653577857785776,0.0,0.04552238805970145,1.0
2021-03-25 19:30:00+00:00,0.0766389138913891,0.0,0.0458296751536435,1.0
2021-03-25 19:45:00+00:00,0.07674204920492045,0.0,0.04613696224758555,1.0
2021-03-25 20:00:00+00:00,0.0768451845184518,0.0,0.0464442493415276,1.0
2021-03-25 20:15:00+00:00,0.0766857935793579,0.0,0.045478489903424,1.0
2021-03-25 20:30:00+00:00,0.076526402640264,0.0,0.0445127304653204,1.0
2021-03-25 20:45:00+00:00,0.0763670117011701,0.0,0.0435469710272168,1.0
2021-03-25 21:00:00+00:00,0.0762076207620762,0.0,0.0425812115891132,1.0
2021-03-25 21:15:00+00:00,0.0764513951395139,0.0,0.04021071115013165,1.0
2021-03-25 21:30:00+00:00,0.0766951695169516,0.0,0.0378402107111501,1.0
2021-03-25 21:45:00+00:00,0.07693894389438935,0.0,0.03546971027216855,1.0
2021-03-25 22:00:00+00:00,0.0771827182718271,0.0,0.033099209833187,1.0
2021-03-25 22:15:00+00:00,0.0816362886288628,0.0,0.0309482001755926,1.0
2021-03-25 22:30:00+00:00,0.0860898589858985,0.0,0.0287971905179982,1.0
2021-03-25 22:45:00+00:00,0.09054342934293425,0.0,0.026646180860403802,1.0
2021-03-25 23:00:00+00:00,0.09499699969997,0.0,0.0244951712028094,1.0
2021-03-25 23:15:00+00:00,0.0993286828682868,0.0,0.02313432835820885,1.0
2021-03-25 23:30:00+00:00,0.1036603660366036,0.0,0.0217734855136083,1.0
2021-03-25 23:45:00+00:00,0.10799204920492045,0.0,0.020412642669007802,1.0
2021-03-26 00:00:00+00:00,0.1123237323732373,0.0,0.0190517998244073,1.0
2021-03-26 00:15:00+00:00,0.1129144164416441,0.0,0.01791044776119395,1.0
2021-03-26 00:30:00+00:00,0.1135051005100509,0.0,0.0167690956979806,1.0
2021-03-26 00:45:00+00:00,0.11409578457845776,0.0,0.015627743634767252,1.0
2021-03-26 01:00:00+00:00,0.1146864686468646,0.0,0.0144863915715539,1.0
2021-03-26 01:15:00+00:00,0.11489273927392729,0.0,0.01299385425812105,1.0
2021-03-26 01:30:00+00:00,0.11509900990099,0.0,0.0115013169446882,1.0
2021-03-26 01:45:00+00:00,0.11530528052805275,0.0,0.010008779631255401,1.0
2021-03-26 02:00:00+00:00,0.1155115511551155,0.0,0.0085162423178226,1.0
2021-03-26 02:15:00+00:00,0.1146677167716771,0.0,0.0073529411764705,1.0
2021-03-26 02:30:00+00:00,0.1138238823882387,0.0,0.0061896400351184,1.0
2021-03-26 02:45:00+00:00,0.11298004800480041,0.0,0.00502633889376635,1.0
2021-03-26 03:00:00+00:00,0.1121362136213621,0.0,0.0038630377524143,1.0
2021-03-26 03:15:00+00:00,0.1123143564356435,0.0,0.0034021071115012,1.0
2021-03-26 03:30:00+00:00,0.1124924992499249,0.0,0.0029411764705881,1.0
2021-03-26 03:45:00+00:00,0.11267064206420635,0.0,0.00248024582967505,1.0
2021-03-26 04:00:00+00:00,0.1128487848784878,0.0,0.002019315188762,1.0
2021-03-26 04:15:00+00:00,0.11317694269426935,0.0,0.00175592625109735,1.0
2021-03-26 04:30:00+00:00,0.1135051005100509,0.0,0.0014925373134327,1.0
2021-03-26 04:45:00+00:00,0.11383325832583249,0.0,0.0012291483757681,1.0
2021-03-26 05:00:00+00:00,0.1141614161416141,0.0,0.0009657594381035,1.0
2021-03-26 05:15:00+00:00,0.1141145364536453,0.0,0.00706760316066715,1.0
2021-03-26 05:30:00+00:00,0.1140676567656765,0.0,0.0131694468832308,1.0
2021-03-26 05:45:00+00:00,0.11402077707770769,0.0,0.0192712906057945,1.0
2021-03-26 06:00:00+00:00,0.1139738973897389,0.0,0.0253731343283582,1.0
2021-03-26 06:15:00+00:00,0.11122674767476734,0.0,0.06738366988586475,1.0
2021-03-26 06:30:00+00:00,0.1084795979597958,0.0,0.1093942054433713,1.0
2021-03-26 06:45:00+00:00,0.10573244824482435,0.0,0.15140474100087792,1.0
2021-03-26 07:00:00+00:00,0.1029852985298529,0.0,0.1934152765583845,1.0
2021-03-26 07:15:00+00:00,0.09914116411641155,0.0,0.25265583845478484,1.0
2021-03-26 07:30:00+00:00,0.0952970297029702,0.0,0.3118964003511852,1.0
2021-03-26 07:45:00+00:00,0.09145289528952891,0.0,0.3711369622475855,1.0
2021-03-26 08:00:00+00:00,0.0876087608760876,0.0,0.4303775241439859,1.0
2021-03-26 08:15:00+00:00,0.08981210621062105,0.0,0.4717076382791922,1.0
2021-03-26 08:30:00+00:00,0.0920154515451545,0.0,0.5130377524143985,1.0
2021-03-26 08:45:00+00:00,0.09421879687968795,0.0,0.5543678665496049,1.0
2021-03-26 09:00:00+00:00,0.0964221422142214,0.0,0.5956979806848113,1.0
2021-03-26 09:15:00+00:00,0.09998499849984994,0.0,0.6150131694468832,1.0
2021-03-26 09:30:00+00:00,0.1035478547854785,0.0,0.6343283582089552,1.0
2021-03-26 09:45:00+00:00,0.10711071107110705,0.0,0.6536435469710271,1.0
2021-03-26 10:00:00+00:00,0.1106735673567356,0.0,0.6729587357330992,1.0
2021-03-26 10:15:00+00:00,0.1124268676867686,0.0,0.6853160667251975,1.0
2021-03-26 10:30:00+00:00,0.1141801680168016,0.0,0.6976733977172959,1.0
2021-03-26 10:45:00+00:00,0.1159334683468346,0.0,0.7100307287093942,1.0
2021-03-26 11:00:00+00:00,0.1176867686768676,0.0,0.7223880597014926,1.0
2021-03-26 11:15:00+00:00,0.12122149714971489,0.0,0.7197322212467077,1.0
2021-03-26 11:30:00+00:00,0.1247562256225622,0.0,0.7170763827919228,1.0
2021-03-26 11:45:00+00:00,0.1282909540954095,0.0,0.7144205443371379,1.0
2021-03-26 12:00:00+00:00,0.1318256825682568,0.0,0.711764705882353,1.0
2021-03-26 12:15:00+00:00,0.13237886288628858,0.0,0.6922739244951712,1.0
2021-03-26 12:30:00+00:00,0.1329320432043204,0.0,0.6727831431079895,1.0
2021-03-26 12:45:00+00:00,0.1334852235223522,0.0,0.6532923617208077,1.0
2021-03-26 13:00:00+00:00,0.134038403840384,0.0,0.633801580333626,1.0
2021-03-26 13:15:00+00:00,0.1344978247824782,0.0,0.6106892010535558,1.0
2021-03-26 13:30:00+00:00,0.1349572457245724,0.0,0.5875768217734856,1.0
2021-03-26 13:45:00+00:00,0.1354166666666666,0.0,0.5644644424934153,1.0
2021-03-26 14:00:00+00:00,0.1358760876087608,0.0,0.5413520632133451,1.0
2021-03-26 14:15:00+00:00,0.13944831983198308,0.0,0.5190298507462687,1.0
2021-03-26 14:30:00+00:00,0.1430205520552054,0.0,0.4967076382791923,1.0
2021-03-26 14:45:00+00:00,0.14659278427842773,0.0,0.4743854258121159,1.0
2021-03-26 15:00:00+00:00,0.1501650165016501,0.0,0.4520632133450395,1.0
2021-03-26 15:15:00+00:00,0.1563906390639063,0.0,0.42023705004389816,1.0
2021-03-26 15:30:00+00:00,0.1626162616261625,0.0,0.3884108867427568,1.0
2021-03-26 15:45:00+00:00,0.16884188418841875,0.0,0.35658472344161546,1.0
2021-03-26 16:00:00+00:00,0.175067506750675,0.0,0.3247585601404741,1.0
2021-03-26 16:15:00+00:00,0.17939918991899184,0.0,0.2800702370500439,1.0
2021-03-26 16:30:00+00:00,0.1837308730873087,0.0,0.2353819139596137,1.0
2021-03-26 16:45:00+00:00,0.18806255625562557,0.0,0.1906935908691835,1.0
2021-03-26 17:00:00+00:00,0.1923942394239424,0.0,0.1460052677787533,1.0
2021-03-26 17:15:00+00:00,0.20331720672067205,0.0,0.1138059701492537,1.0
2021-03-26 17:30:00+00:00,0.2142401740174017,0.0,0.0816066725197541,1.0
2021-03-26 17:45:00+00:00,0.22516314131413134,0.0,0.049407374890254555,1.0
2021-03-26 18:00:00+00:00,0.236086108610861,0.0,0.017208077260755,1.0
2021-03-26 18:15:00+00:00,0.25167829282928283,0.0,0.01356453028972775,1.0
2021-03-26 18:30:00+00:00,0.2672704770477047,0.0,0.0099209833187005,1.0
2021-03-26 18:45:00+00:00,0.2828626612661266,0.0,0.006277436347673301,1.0
2021-03-26 19:00:00+00:00,0.2984548454845485,0.0,0.0026338893766461,1.0
2021-03-26 19:15:00+00:00,0.304511701170117,0.0,0.0026119402985074003,1.0
2021-03-26 19:30:00+00:00,0.3105685568556855,0.0,0.0025899912203687,1.0
2021-03-26 19:45:00+00:00,0.3166254125412541,0.0,0.00256804214223,1.0
2021-03-26 20:00:00+00:00,0.3226822682268226,0.0,0.0025460930640913,1.0
2021-03-26 20:15:00+00:00,0.3221009600960095,0.0,0.0025899912203687,1.0
2021-03-26 20:30:00+00:00,0.3215196519651965,0.0,0.0026338893766461,1.0
2021-03-26 20:45:00+00:00,0.32093834383438347,0.0,0.00267778753292355,1.0
2021-03-26 21:00:00+00:00,0.3203570357035704,0.0,0.002721685689201,1.0
2021-03-26 21:15:00+00:00,0.3217915541554156,0.0,0.0027436347673396996,1.0
2021-03-26 21:30:00+00:00,0.3232260726072608,0.0,0.0027655838454784,1.0
2021-03-26 21:45:00+00:00,0.32466059105910594,0.0,0.00278753292361715,1.0
2021-03-26 22:00:00+00:00,0.3260951095109511,0.0,0.0028094820017559,1.0
2021-03-26 22:15:00+00:00,0.32395739573957394,0.0,0.0026119402985074,1.0
2021-03-26 22:30:00+00:00,0.3218196819681967,0.0,0.0024143985952589,1.0
2021-03-26 22:45:00+00:00,0.3196819681968196,0.0,0.00221685689201045,1.0
2021-03-26 23:00:00+00:00,0.3175442544254425,0.0,0.002019315188762,1.0
2021-03-26 23:15:00+00:00,0.312537503750375,0.0,0.002019315188762,0.988961038961039
2021-03-26 23:30:00+00:00,0.3075307530753075,0.0,0.002019315188762,0.977922077922078
2021-03-26 23:45:00+00:00,0.30252400240024,0.0,0.002019315188762,0.9668831168831169
2021-03-27 00:00:00+00:00,0.2975172517251725,0.0,0.002019315188762,0.9558441558441558
2021-03-27 00:15:00+00:00,0.29152602760276025,0.0,0.0020412642669007004,0.9573593073593073
2021-03-27 00:30:00+00:00,0.285534803480348,0.0,0.0020632133450394,0.9588744588744588
2021-03-27 00:45:00+00:00,0.2795435793579357,0.0,0.0020851624231781503,0.9603896103896103
2021-03-27 01:00:00+00:00,0.2735523552355235,0.0,0.0021071115013169,0.961904761904762
2021-03-27 01:15:00+00:00,0.2709833483348334,0.0,0.0020851624231781503,0.9632034632034634
2021-03-27 01:30:00+00:00,0.2684143414341433,0.0,0.0020632133450394,0.9645021645021646
2021-03-27 01:45:00+00:00,0.26584533453345327,0.0,0.0020412642669007004,0.9658008658008659
2021-03-27 02:00:00+00:00,0.2632763276327632,0.0,0.002019315188762,0.9670995670995672
2021-03-27 02:15:00+00:00,0.26149489948994886,0.0,0.00199736611062325,0.9396103896103896
2021-03-27 02:30:00+00:00,0.2597134713471346,0.0,0.0019754170324845,0.912121212121212
2021-03-27 02:45:00+00:00,0.25793204320432034,0.0,0.0019534679543458,0.8846320346320345
2021-03-27 03:00:00+00:00,0.2561506150615061,0.0,0.0019315188762071,0.8571428571428571
2021-03-27 03:15:00+00:00,0.2563943894389439,0.0,0.0019315188762071,0.8753246753246753
2021-03-27 03:30:00+00:00,0.2566381638163816,0.0,0.0019315188762071,0.8935064935064935
2021-03-27 03:45:00+00:00,0.2568819381938193,0.0,0.0019315188762071,0.9116883116883117
2021-03-27 04:00:00+00:00,0.2571257125712571,0.0,0.0019315188762071,0.9298701298701298
2021-03-27 04:15:00+00:00,0.2608573357335733,0.0,0.0019095697980684,0.9084415584415584
2021-03-27 04:30:00+00:00,0.2645889588958895,0.0,0.0018876207199297,0.887012987012987
2021-03-27 04:45:00+00:00,0.26832058205820575,0.0,0.001865671641791,0.8655844155844156
2021-03-27 05:00:00+00:00,0.272052205220522,0.0,0.0018437225636523,0.8441558441558441
2021-03-27 05:15:00+00:00,0.27484623462346225,0.0,0.0076821773485513,0.8463203463203463
2021-03-27 05:30:00+00:00,0.2776402640264026,0.0,0.0135206321334503,0.8484848484848484
2021-03-27 05:45:00+00:00,0.2804342934293429,0.0,0.019359086918349352,0.8506493506493507
2021-03-27 06:00:00+00:00,0.2832283228322832,0.0,0.0251975417032484,0.8528138528138528
2021-03-27 06:15:00+00:00,0.2794404440444044,0.0,0.06400351185250214,0.8584415584415583
2021-03-27 06:30:00+00:00,0.2756525652565256,0.0,0.1028094820017559,0.864069264069264
2021-03-27 06:45:00+00:00,0.2718646864686468,0.0,0.14161545215100965,0.8696969696969696
2021-03-27 07:00:00+00:00,0.2680768076807681,0.0,0.1804214223002634,0.8753246753246753
2021-03-27 07:15:00+00:00,0.2629669216921692,0.0,0.22618525021949076,0.8976190476190475
2021-03-27 07:30:00+00:00,0.2578570357035703,0.0,0.2719490781387181,0.9199134199134198
2021-03-27 07:45:00+00:00,0.2527471497149715,0.0,0.3177129060579455,0.942207792207792
2021-03-27 08:00:00+00:00,0.2476372637263726,0.0,0.3634767339771729,0.9645021645021644
2021-03-27 08:15:00+00:00,0.23940519051905185,0.0,0.40076821773485505,0.9489177489177488
2021-03-27 08:30:00+00:00,0.2311731173117311,0.0,0.4380597014925372,0.9333333333333332
2021-03-27 08:45:00+00:00,0.2229410441044104,0.0,0.47535118525021947,0.9177489177489178
2021-03-27 09:00:00+00:00,0.2147089708970897,0.0,0.5126426690079017,0.9021645021645022
2021-03-27 09:15:00+00:00,0.20764888988898886,0.0,0.5339332748024583,0.8984848484848486
2021-03-27 09:30:00+00:00,0.200588808880888,0.0,0.5552238805970149,0.8948051948051948
2021-03-27 09:45:00+00:00,0.19352872787278722,0.0,0.5765144863915715,0.8911255411255412
2021-03-27 10:00:00+00:00,0.1864686468646864,0.0,0.5978050921861282,0.8874458874458875
2021-03-27 10:15:00+00:00,0.18178067806780668,0.0,0.6130597014925373,0.9004329004329006
2021-03-27 10:30:00+00:00,0.177092709270927,0.0,0.6283143107989464,0.9134199134199136
2021-03-27 10:45:00+00:00,0.17240474047404736,0.0,0.6435689201053556,0.9264069264069266
2021-03-27 11:00:00+00:00,0.1677167716771677,0.0,0.6588235294117647,0.9393939393939394
2021-03-27 11:15:00+00:00,0.16477272727272724,0.0,0.6666154521510097,0.9430735930735931
2021-03-27 11:30:00+00:00,0.1618286828682868,0.0,0.6744073748902546,0.9467532467532468
2021-03-27 11:45:00+00:00,0.15888463846384637,0.0,0.6821992976294996,0.9504329004329004
2021-03-27 12:00:00+00:00,0.1559405940594059,0.0,0.6899912203687445,0.954112554112554
2021-03-27 12:15:00+00:00,0.15699069906990695,0.0,0.6790605794556628,0.9532467532467532
2021-03-27 12:30:00+00:00,0.158040804080408,0.0,0.6681299385425812,0.9523809523809524
2021-03-27 12:45:00+00:00,0.15909090909090906,0.0,0.6571992976294996,0.9515151515151515
2021-03-27 13:00:00+00:00,0.1601410141014101,0.0,0.6462686567164179,0.9506493506493506
2021-03-27 13:15:00+00:00,0.1604129162916291,0.0,0.6345039508340649,0.9489177489177489
2021-03-27 13:30:00+00:00,0.1606848184818481,0.0,0.622739244951712,0.9471861471861472
2021-03-27 13:45:00+00:00,0.16095672067206715,0.0,0.6109745390693591,0.9454545454545454
2021-03-27 14:00:00+00:00,0.1612286228622862,0.0,0.5992098331870062,0.9437229437229436
2021-03-27 14:15:00+00:00,0.16339446444644462,0.0,0.5765803336259877,0.9409090909090908
2021-03-27 14:30:00+00:00,0.165560306030603,0.0,0.5539508340649693,0.938095238095238
2021-03-27 14:45:00+00:00,0.16772614761476146,0.0,0.5313213345039508,0.9352813852813853
2021-03-27 15:00:00+00:00,0.1698919891989199,0.0,0.5086918349429324,0.9324675324675324
2021-03-27 15:15:00+00:00,0.17183280828082803,0.0,0.4746707638279192,0.9493506493506494
2021-03-27 15:30:00+00:00,0.1737736273627362,0.0,0.440649692712906,0.9662337662337662
2021-03-27 15:45:00+00:00,0.1757144464446444,0.0,0.4066286215978928,0.9831168831168831
2021-03-27 16:00:00+00:00,0.1776552655265526,0.0,0.3726075504828797,1.0
2021-03-27 16:15:00+00:00,0.17753337833783372,0.0,0.32089552238805963,1.0
2021-03-27 16:30:00+00:00,0.1774114911491148,0.0,0.2691834942932396,1.0
2021-03-27 16:45:00+00:00,0.17728960396039595,0.0,0.21747146619841962,1.0
2021-03-27 17:00:00+00:00,0.1771677167716771,0.0,0.1657594381035996,1.0
2021-03-27 17:15:00+00:00,0.17812406240624054,0.0,0.1286874451273046,1.0
2021-03-27 17:30:00+00:00,0.179080408040804,0.0,0.0916154521510096,1.0
2021-03-27 17:45:00+00:00,0.1800367536753675,0.0,0.0545434591747146,1.0
2021-03-27 18:00:00+00:00,0.180993099309931,0.0,0.0174714661984196,1.0
2021-03-27 18:15:00+00:00,0.1829057905790579,0.0,0.01389376646180855,1.0
2021-03-27 18:30:00+00:00,0.1848184818481848,0.0,0.0103160667251975,1.0
2021-03-27 18:45:00+00:00,0.1867311731173117,0.0,0.00673836698858645,1.0
2021-03-27 19:00:00+00:00,0.1886438643864386,0.0,0.0031606672519754,1.0
2021-03-27 19:15:00+00:00,0.18715309030903085,0.0,0.0031826163301141,1.0
2021-03-27 19:30:00+00:00,0.1856623162316231,0.0,0.0032045654082528,1.0
2021-03-27 19:45:00+00:00,0.18417154215421538,0.0,0.0032265144863914998,1.0
2021-03-27 20:00:00+00:00,0.1826807680768077,0.0,0.0032484635645302,1.0
2021-03-27 20:15:00+00:00,0.18208070807080706,0.0,0.00318261633011405,1.0
2021-03-27 20:30:00+00:00,0.1814806480648064,0.0,0.0031167690956979,1.0
2021-03-27 20:45:00+00:00,0.1808805880588058,0.0,0.0030509218612817498,1.0
2021-03-27 21:00:00+00:00,0.1802805280528052,0.0,0.0029850746268656,1.0
2021-03-27 21:15:00+00:00,0.182352610261026,0.0,0.00283143107989455,1.0
2021-03-27 21:30:00+00:00,0.1844246924692468,0.0,0.0026777875329235,1.0
2021-03-27 21:45:00+00:00,0.18649677467746767,0.0,0.0025241439859524997,1.0
2021-03-27 22:00:00+00:00,0.1885688568856885,0.0,0.0023705004389815,1.0
2021-03-27 22:15:00+00:00,0.18754687968796868,0.0,0.0022827041264266,0.9831168831168831
2021-03-27 22:30:00+00:00,0.1865249024902489,0.0,0.0021949078138717,0.9662337662337662
2021-03-27 22:45:00+00:00,0.18550292529252915,0.0,0.00210711150131685,0.9493506493506494
2021-03-27 23:00:00+00:00,0.1844809480948094,0.0,0.002019315188762,0.9324675324675324
2021-03-27 23:15:00+00:00,0.1817619261926192,0.0,0.0020412642669007004,0.9285714285714286
2021-03-27 23:30:00+00:00,0.179042904290429,0.0,0.0020632133450394,0.9246753246753248
2021-03-27 23:45:00+00:00,0.1763238823882388,0.0,0.0020851624231781503,0.9207792207792208
2021-03-28 00:00:00+00:00,0.1736048604860486,0.0,0.0021071115013169,0.9168831168831169
2021-03-28 00:15:00+00:00,0.1713171317131713,0.0,0.0020632133450394,0.9043290043290043
2021-03-28 00:30:00+00:00,0.169029402940294,0.0,0.0020193151887619,0.8917748917748918
2021-03-28 00:45:00+00:00,0.1667416741674167,0.0,0.0019754170324845,0.8792207792207792
2021-03-28 01:00:00+00:00,0.1644539453945394,0.0,0.0019315188762071,0.8666666666666667
2021-03-28 01:15:00+00:00,0.1623724872487248,0.0,0.0019315188762071,0.856926406926407
2021-03-28 01:30:00+00:00,0.1602910291029102,0.0,0.0019315188762071,0.8471861471861473
2021-03-28 01:45:00+00:00,0.15820957095709565,0.0,0.0019315188762071,0.8374458874458874
2021-03-28 02:00:00+00:00,0.1561281128112811,0.0,0.0019315188762071,0.8277056277056277
2021-03-28 02:15:00+00:00,0.1549936243624362,0.0,0.0019534679543458,0.8214285714285714
2021-03-28 02:30:00+00:00,0.1538591359135913,0.0,0.0019754170324845,0.8151515151515152
2021-03-28 02:45:00+00:00,0.15272464746474645,0.0,0.00199736611062325,0.808874458874459
2021-03-28 03:00:00+00:00,0.1515901590159016,0.0,0.002019315188762,0.8025974025974026
2021-03-28 03:15:00+00:00,0.15100885088508847,0.0,0.00197541703248455,0.8043290043290043
2021-03-28 03:30:00+00:00,0.1504275427542754,0.0,0.0019315188762071,0.8060606060606061
2021-03-28 03:45:00+00:00,0.1498462346234623,0.0,0.0018876207199297,0.8077922077922078
2021-03-28 04:00:00+00:00,0.1492649264926492,0.0,0.0018437225636523,0.8095238095238095
2021-03-28 04:15:00+00:00,0.1504462946294629,0.0,0.001865671641791,0.8103896103896104
2021-03-28 04:30:00+00:00,0.1516276627662766,0.0,0.0018876207199297,0.8112554112554113
2021-03-28 04:45:00+00:00,0.15280903090309028,0.0,0.0019095697980684,0.8121212121212122
2021-03-28 05:00:00+00:00,0.153990399039904,0.0,0.0019315188762071,0.812987012987013
2021-03-28 05:15:00+00:00,0.1570750825082508,0.0,0.00983318700614565,0.8132034632034632
2021-03-28 05:30:00+00:00,0.1601597659765976,0.0,0.0177348551360842,0.8134199134199134
2021-03-28 05:45:00+00:00,0.16324444944494443,0.0,0.02563652326602275,0.8136363636363636
2021-03-28 06:00:00+00:00,0.1663291329132913,0.0,0.0335381913959613,0.8138528138528138
2021-03-28 06:15:00+00:00,0.16591659165916586,0.0,0.08103599648814744,0.814935064935065
2021-03-28 06:30:00+00:00,0.1655040504050404,0.0,0.1285338015803336,0.8160173160173161
2021-03-28 06:45:00+00:00,0.165091509150915,0.0,0.17603160667251974,0.8170995670995671
2021-03-28 07:00:00+00:00,0.1646789678967896,0.0,0.2235294117647059,0.8181818181818182
2021-03-28 07:15:00+00:00,0.1619974497449744,0.0,0.2829894644424934,0.816883116883117
2021-03-28 07:30:00+00:00,0.1593159315931592,0.0,0.3424495171202809,0.8155844155844156
2021-03-28 07:45:00+00:00,0.15663441344134404,0.0,0.40190956979806847,0.8142857142857143
2021-03-28 08:00:00+00:00,0.1539528952895289,0.0,0.461369622475856,0.812987012987013
2021-03-28 08:15:00+00:00,0.15232148214821475,0.0,0.507857769973661,0.8127705627705628
2021-03-28 08:30:00+00:00,0.1506900690069006,0.0,0.5543459174714662,0.8125541125541126
2021-03-28 08:45:00+00:00,0.1490586558655865,0.0,0.6008340649692713,0.8123376623376624
2021-03-28 09:00:00+00:00,0.1474272427242724,0.0,0.6473222124670763,0.8121212121212121
2021-03-28 09:15:00+00:00,0.15010876087608754,0.0,0.6774582967515363,0.8108225108225109
2021-03-28 09:30:00+00:00,0.1527902790279027,0.0,0.7075943810359965,0.8095238095238095
2021-03-28 09:45:00+00:00,0.1554717971797179,0.0,0.7377304653204565,0.8082251082251082
2021-03-28 10:00:00+00:00,0.1581533153315331,0.0,0.7678665496049166,0.8069264069264069
2021-03-28 10:15:00+00:00,0.16219434443444336,0.0,0.7820676031606673,0.8043290043290043
2021-03-28 10:30:00+00:00,0.1662353735373536,0.0,0.7962686567164179,0.8017316017316017
2021-03-28 10:45:00+00:00,0.17027640264026395,0.0,0.8104697102721685,0.7991341991341991
2021-03-28 11:00:00+00:00,0.1743174317431743,0.0,0.8246707638279193,0.7965367965367965
2021-03-28 11:15:00+00:00,0.1781709420942094,0.0,0.8317603160667253,0.7974025974025973
2021-03-28 11:30:00+00:00,0.1820244524452445,0.0,0.8388498683055312,0.7982683982683982
2021-03-28 11:45:00+00:00,0.1858779627962796,0.0,0.8459394205443371,0.7991341991341991
2021-03-28 12:00:00+00:00,0.1897314731473147,0.0,0.8530289727831432,0.8
2021-03-28 12:15:00+00:00,0.19269426942694265,0.0,0.8470368744512731,0.796969696969697
2021-03-28 12:30:00+00:00,0.1956570657065706,0.0,0.8410447761194031,0.793939393939394
2021-03-28 12:45:00+00:00,0.19861986198619855,0.0,0.835052677787533,0.7909090909090909
2021-03-28 13:00:00+00:00,0.2015826582658265,0.0,0.8290605794556629,0.7878787878787878
2021-03-28 13:15:00+00:00,0.20099197419741965,0.0,0.8190737489025461,0.7915584415584416
2021-03-28 13:30:00+00:00,0.2004012901290128,0.0,0.8090869183494294,0.7952380952380953
2021-03-28 13:45:00+00:00,0.19981060606060602,0.0,0.7991000877963126,0.7989177489177489
2021-03-28 14:00:00+00:00,0.1992199219921992,0.0,0.7891132572431958,0.8025974025974026
2021-03-28 14:15:00+00:00,0.2031859435943594,0.0,0.7606014047410009,0.7997835497835498
2021-03-28 14:30:00+00:00,0.2071519651965196,0.0,0.732089552238806,0.796969696969697
2021-03-28 14:45:00+00:00,0.2111179867986798,0.0,0.7035776997366111,0.7941558441558442
2021-03-28 15:00:00+00:00,0.21508400840084,0.0,0.6750658472344162,0.7913419913419913
2021-03-28 15:15:00+00:00,0.22453495349534947,0.0,0.6226514486391571,0.8
2021-03-28 15:30:00+00:00,0.2339858985898589,0.0,0.5702370500438981,0.8086580086580086
2021-03-28 15:45:00+00:00,0.2434368436843684,0.0,0.5178226514486391,0.8173160173160173
2021-03-28 16:00:00+00:00,0.2528877887788779,0.0,0.4654082528533801,0.825974025974026
2021-03-28 16:15:00+00:00,0.25623499849985,0.0,0.39543459174714657,0.8391774891774892
2021-03-28 16:30:00+00:00,0.2595822082208221,0.0,0.3254609306409131,0.8523809523809525
2021-03-28 16:45:00+00:00,0.2629294179417942,0.0,0.25548726953467954,0.8655844155844157
2021-03-28 17:00:00+00:00,0.2662766276627663,0.0,0.185513608428446,0.8787878787878788
2021-03-28 17:15:00+00:00,0.27359923492349236,0.0,0.14888059701492534,0.8900432900432901
2021-03-28 17:30:00+00:00,0.2809218421842184,0.0,0.1122475856014047,0.9012987012987014
2021-03-28 17:45:00+00:00,0.2882444494449445,0.0,0.07561457418788405,0.9125541125541127
2021-03-28 18:00:00+00:00,0.2955670567056705,0.0,0.0389815627743634,0.923809523809524
2021-03-28 18:15:00+00:00,0.30561806180618056,0.0,0.03173836698858635,0.9344155844155846
2021-03-28 18:30:00+00:00,0.3156690669066906,0.0,0.0244951712028093,0.9450216450216452
2021-03-28 18:45:00+00:00,0.32572007200720066,0.0,0.01725197541703235,0.9556277056277057
2021-03-28 19:00:00+00:00,0.3357710771077107,0.0,0.0100087796312554,0.9662337662337662
2021-03-28 19:15:00+00:00,0.3414435193519352,0.0,0.00816505706760305,0.9593073593073593
2021-03-28 19:30:00+00:00,0.3471159615961596,0.0,0.0063213345039507,0.9523809523809524
2021-03-28 19:45:00+00:00,0.352788403840384,0.0,0.0044776119402984,0.9454545454545454
2021-03-28 20:00:00+00:00,0.3584608460846085,0.0,0.0026338893766461,0.9385281385281384
2021-03-28 20:15:00+00:00,0.3564168916891689,0.0,0.0024363476733976503,0.9281385281385282
2021-03-28 20:30:00+00:00,0.3543729372937293,0.0,0.0022388059701492,0.9177489177489178
2021-03-28 20:45:00+00:00,0.35232898289828973,0.0,0.00204126426690075,0.9073593073593074
2021-03-28 21:00:00+00:00,0.3502850285028502,0.0,0.0018437225636523,0.896969696969697
2021-03-28 21:15:00+00:00,0.34615961596159606,0.0,0.001865671641791,0.8822510822510823
2021-03-28 21:30:00+00:00,0.3420342034203419,0.0,0.0018876207199297,0.8675324675324676
2021-03-28 21:45:00+00:00,0.3379087908790879,0.0,0.0019095697980684,0.8528138528138529
2021-03-28 22:00:00+00:00,0.3337833783378338,0.0,0.0019315188762071,0.8380952380952381
2021-03-28 22:15:00+00:00,0.33202070207020695,0.0,0.0019315188762071,0.8292207792207793
2021-03-28 22:30:00+00:00,0.3302580258025802,0.0,0.0019315188762071,0.8203463203463204
2021-03-28 22:45:00+00:00,0.3284953495349534,0.0,0.0019315188762071,0.8114718614718615
2021-03-28 23:00:00+00:00,0.3267326732673267,0.0,0.0019315188762071,0.8025974025974026
2021-03-28 23:15:00+00:00,0.32528877887788776,0.0,0.0019534679543458,0.7978354978354978
2021-03-28 23:30:00+00:00,0.3238448844884488,0.0,0.0019754170324845,0.793073593073593
2021-03-28 23:45:00+00:00,0.3224009900990099,0.0,0.00199736611062325,0.7883116883116883
2021-03-29 00:00:00+00:00,0.320957095709571,0.0,0.002019315188762,0.7835497835497836
2021-03-29 00:15:00+00:00,0.3170567056705671,0.0,0.00199736611062325,0.7813852813852814
2021-03-29 00:30:00+00:00,0.3131563156315632,0.0,0.0019754170324845,0.7792207792207793
2021-03-29 00:45:00+00:00,0.3092559255925593,0.0,0.0019534679543458,0.777056277056277
2021-03-29 01:00:00+00:00,0.3053555355535554,0.0,0.0019315188762071,0.7748917748917749
2021-03-29 01:15:00+00:00,0.30383663366336633,0.0,0.0019315188762071,0.7764069264069264
2021-03-29 01:30:00+00:00,0.3023177317731773,0.0,0.0019315188762071,0.7779220779220779
2021-03-29 01:45:00+00:00,0.3007988298829883,0.0,0.0019315188762071,0.7794372294372294
2021-03-29 02:00:00+00:00,0.2992799279927993,0.0,0.0019315188762071,0.780952380952381
2021-03-29 02:15:00+00:00,0.3003112811281128,0.0,0.0019534679543458,0.7794372294372294
2021-03-29 02:30:00+00:00,0.3013426342634263,0.0,0.0019754170324845,0.7779220779220779
2021-03-29 02:45:00+00:00,0.30237398739873983,0.0,0.00199736611062325,0.7764069264069264
2021-03-29 03:00:00+00:00,0.3034053405340534,0.0,0.002019315188762,0.7748917748917749
2021-03-29 03:15:00+00:00,0.30466171617161714,0.0,0.00199736611062325,0.7818181818181817
2021-03-29 03:30:00+00:00,0.3059180918091809,0.0,0.0019754170324845,0.7887445887445887
2021-03-29 03:45:00+00:00,0.30717446744674465,0.0,0.0019534679543458,0.7956709956709958
2021-03-29 04:00:00+00:00,0.3084308430843084,0.0,0.0019315188762071,0.8025974025974026
2021-03-29 04:15:00+00:00,0.3088246324632463,0.0,0.0019534679543458,0.8173160173160174
2021-03-29 04:30:00+00:00,0.3092184218421842,0.0,0.0019754170324845,0.8320346320346321
2021-03-29 04:45:00+00:00,0.3096122112211221,0.0,0.00199736611062325,0.8467532467532468
2021-03-29 05:00:00+00:00,0.31000600060006,0.0,0.002019315188762,0.8614718614718615
2021-03-29 05:15:00+00:00,0.3118061806180618,0.0,0.00862598770851615,0.8796536796536797
2021-03-29 05:30:00+00:00,0.3136063606360636,0.0,0.0152326602282703,0.8978354978354979
2021-03-29 05:45:00+00:00,0.3154065406540654,0.0,0.0218393327480245,0.9160173160173162
2021-03-29 06:00:00+00:00,0.3172067206720672,0.0,0.0284460052677787,0.9341991341991344
2021-03-29 06:15:00+00:00,0.3137751275127513,0.0,0.0606014047410008,0.9402597402597404
2021-03-29 06:30:00+00:00,0.3103435343534353,0.0,0.0927568042142229,0.9463203463203465
2021-03-29 06:45:00+00:00,0.3069119411941194,0.0,0.12491220368744504,0.9523809523809524
2021-03-29 07:00:00+00:00,0.3034803480348035,0.0,0.1570676031606672,0.9584415584415584
2021-03-29 07:15:00+00:00,0.30009563456345634,0.0,0.2025021949078138,0.9562770562770562
2021-03-29 07:30:00+00:00,0.2967109210921092,0.0,0.2479367866549604,0.954112554112554
2021-03-29 07:45:00+00:00,0.29332620762076206,0.0,0.29337137840210703,0.9519480519480519
2021-03-29 08:00:00+00:00,0.2899414941494149,0.0,0.3388059701492537,0.9497835497835496
2021-03-29 08:15:00+00:00,0.29331683168316824,0.0,0.3684811237928006,0.9378787878787878
2021-03-29 08:30:00+00:00,0.2966921692169216,0.0,0.3981562774363476,0.925974025974026
2021-03-29 08:45:00+00:00,0.300067506750675,0.0,0.4278314310798946,0.914069264069264
2021-03-29 09:00:00+00:00,0.3034428442844284,0.0,0.4575065847234416,0.9021645021645022
2021-03-29 09:15:00+00:00,0.30937781278127807,0.0,0.48165057067603156,0.8965367965367965
2021-03-29 09:30:00+00:00,0.3153127812781278,0.0,0.5057945566286216,0.8909090909090909
2021-03-29 09:45:00+00:00,0.32124774977497744,0.0,0.5299385425812115,0.8852813852813852
2021-03-29 10:00:00+00:00,0.3271827182718271,0.0,0.5540825285338016,0.8796536796536797
2021-03-29 10:15:00+00:00,0.33465534053405327,0.0,0.5625768217734854,0.872077922077922
2021-03-29 10:30:00+00:00,0.3421279627962795,0.0,0.5710711150131694,0.8645021645021644
2021-03-29 10:45:00+00:00,0.3496005850585057,0.0,0.5795654082528534,0.8569264069264069
2021-03-29 11:00:00+00:00,0.357073207320732,0.0,0.5880597014925373,0.8493506493506493
2021-03-29 11:15:00+00:00,0.36417079207920783,0.0,0.5935908691834942,0.8443722943722943
2021-03-29 11:30:00+00:00,0.3712683768376837,0.0,0.5991220368744512,0.8393939393939394
2021-03-29 11:45:00+00:00,0.3783659615961596,0.0,0.6046532045654083,0.8344155844155844
2021-03-29 12:00:00+00:00,0.3854635463546355,0.0,0.6101843722563652,0.8294372294372294
2021-03-29 12:15:00+00:00,0.38786378637863783,0.0,0.6016681299385426,0.832034632034632
2021-03-29 12:30:00+00:00,0.3902640264026402,0.0,0.5931518876207199,0.8346320346320346
2021-03-29 12:45:00+00:00,0.3926642664266426,0.0,0.5846356453028972,0.8372294372294372
2021-03-29 13:00:00+00:00,0.395064506450645,0.0,0.5761194029850746,0.8398268398268398
2021-03-29 13:15:00+00:00,0.4023683618361835,0.0,0.5627085162423178,0.8378787878787879
2021-03-29 13:30:00+00:00,0.4096722172217221,0.0,0.549297629499561,0.835930735930736
2021-03-29 13:45:00+00:00,0.41697607260726066,0.0,0.5358867427568041,0.833982683982684
2021-03-29 14:00:00+00:00,0.4242799279927993,0.0,0.5224758560140474,0.832034632034632
2021-03-29 14:15:00+00:00,0.4298679867986799,0.0,0.4947322212467076,0.8474025974025974
2021-03-29 14:30:00+00:00,0.4354560456045604,0.0,0.4669885864793678,0.8627705627705627
2021-03-29 14:45:00+00:00,0.441044104410441,0.0,0.43924495171202804,0.8781385281385281
2021-03-29 15:00:00+00:00,0.4466321632163216,0.0,0.4115013169446883,0.8935064935064935
2021-03-29 15:15:00+00:00,0.44880738073807375,0.0,0.37186128182616324,0.9138528138528137
2021-03-29 15:30:00+00:00,0.4509825982598259,0.0,0.3322212467076382,0.934199134199134
2021-03-29 15:45:00+00:00,0.4531578157815781,0.0,0.2925812115891132,0.9545454545454544
2021-03-29 16:00:00+00:00,0.4553330333033303,0.0,0.2529411764705882,0.9748917748917748
2021-03-29 16:15:00+00:00,0.44412878787878785,0.0,0.21169885864793675,0.981168831168831
2021-03-29 16:30:00+00:00,0.4329245424542454,0.0,0.1704565408252853,0.9874458874458872
2021-03-29 16:45:00+00:00,0.42172029702970293,0.0,0.12921422300263385,0.9937229437229436
2021-03-29 17:00:00+00:00,0.4105160516051605,0.0,0.0879719051799824,1.0
2021-03-29 17:15:00+00:00,0.40596872187218724,0.0,0.06784460052677779,1.0
2021-03-29 17:30:00+00:00,0.4014213921392139,0.0,0.0477172958735732,1.0
2021-03-29 17:45:00+00:00,0.39687406240624057,0.0,0.027589991220368648,1.0
2021-03-29 18:00:00+00:00,0.3923267326732673,0.0,0.0074626865671641,1.0
2021-03-29 18:15:00+00:00,0.3936487398739874,0.0,0.00629938542581205,1.0
2021-03-29 18:30:00+00:00,0.3949707470747075,0.0,0.00513608428446,1.0
2021-03-29 18:45:00+00:00,0.39629275427542754,0.0,0.00397278314310795,1.0
2021-03-29 19:00:00+00:00,0.3976147614761476,0.0,0.0028094820017559,1.0
2021-03-29 19:15:00+00:00,0.39810231023102305,0.0,0.0028094820017559,1.0
2021-03-29 19:30:00+00:00,0.3985898589858985,0.0,0.0028094820017559,1.0
2021-03-29 19:45:00+00:00,0.399077407740774,0.0,0.0028094820017559,1.0
2021-03-29 20:00:00+00:00,0.3995649564956495,0.0,0.0028094820017559,1.0
2021-03-29 20:15:00+00:00,0.4010838583858385,0.0,0.0028314310798946,0.9906926406926408
2021-03-29 20:30:00+00:00,0.4026027602760275,0.0,0.0028533801580333,0.9813852813852816
2021-03-29 20:45:00+00:00,0.40412166216621653,0.0,0.0028753292361719997,0.9720779220779222
2021-03-29 21:00:00+00:00,0.4056405640564056,0.0,0.0028972783143107,0.9627705627705628
2021-03-29 21:15:00+00:00,0.40140264026402633,0.0,0.0028972783143107,0.9303030303030304
2021-03-29 21:30:00+00:00,0.3971647164716471,0.0,0.0028972783143107,0.8978354978354979
2021-03-29 21:45:00+00:00,0.3929267926792679,0.0,0.0028972783143107,0.8653679653679653
2021-03-29 22:00:00+00:00,0.3886888688868887,0.0,0.0028972783143107,0.8329004329004329
2021-03-29 22:15:00+00:00,0.3825476297629763,0.0,0.0028972783143107,0.8283549783549784
2021-03-29 22:30:00+00:00,0.3764063906390639,0.0,0.0028972783143107,0.8238095238095238
2021-03-29 22:45:00+00:00,0.3702651515151515,0.0,0.0028972783143107,0.8192640692640693
2021-03-29 23:00:00+00:00,0.3641239123912391,0.0,0.0028972783143107,0.8147186147186147
2021-03-29 23:15:00+00:00,0.35819831983198314,0.0,0.0028972783143107,0.8145021645021645
2021-03-29 23:30:00+00:00,0.3522727272727272,0.0,0.0028972783143107,0.8142857142857143
2021-03-29 23:45:00+00:00,0.3463471347134713,0.0,0.0028972783143107,0.814069264069264
2021-03-30 00:00:00+00:00,0.3404215421542154,0.0,0.0028972783143107,0.8138528138528138
2021-03-30 00:15:00+00:00,0.33523664866486647,0.0,0.0028972783143107,0.8138528138528138
2021-03-30 00:30:00+00:00,0.3300517551755175,0.0,0.0028972783143107,0.8138528138528138
2021-03-30 00:45:00+00:00,0.3248668616861685,0.0,0.0028972783143107,0.8138528138528138
2021-03-30 01:00:00+00:00,0.3196819681968196,0.0,0.0028972783143107,0.8138528138528138
2021-03-30 01:15:00+00:00,0.31986948694869477,0.0,0.00274363476733965,0.8142857142857143
2021-03-30 01:30:00+00:00,0.32005700570057,0.0,0.0025899912203686,0.8147186147186147
2021-03-30 01:45:00+00:00,0.3202445244524452,0.0,0.0024363476733976,0.8151515151515152
2021-03-30 02:00:00+00:00,0.3204320432043204,0.0,0.0022827041264266,0.8155844155844156
2021-03-30 02:15:00+00:00,0.3182568256825682,0.0,0.00197541703248455,0.8173160173160173
2021-03-30 02:30:00+00:00,0.316081608160816,0.0,0.0016681299385425,0.819047619047619
2021-03-30 02:45:00+00:00,0.31390639063906384,0.0,0.00136084284460045,0.8207792207792208
2021-03-30 03:00:00+00:00,0.3117311731173117,0.0,0.0010535557506584,0.8225108225108225
2021-03-30 03:15:00+00:00,0.3108685868586858,0.0,0.0010535557506584,0.8285714285714285
2021-03-30 03:30:00+00:00,0.3100060006000599,0.0,0.0010535557506584,0.8346320346320346
2021-03-30 03:45:00+00:00,0.30914341434143405,0.0,0.0010535557506584,0.8406926406926407
2021-03-30 04:00:00+00:00,0.3082808280828082,0.0,0.0010535557506584,0.8467532467532467
2021-03-30 04:15:00+00:00,0.3087871287128712,0.0,0.0012071992976294,0.8580086580086579
2021-03-30 04:30:00+00:00,0.3092934293429342,0.0,0.0013608428446004,0.8692640692640692
2021-03-30 04:45:00+00:00,0.3097997299729972,0.0,0.00151448639157145,0.8805194805194805
2021-03-30 05:00:00+00:00,0.3103060306030603,0.0,0.0016681299385425,0.8917748917748918
2021-03-30 05:15:00+00:00,0.3101841434143414,0.0,0.0062774363476733,0.8963203463203463
2021-03-30 05:30:00+00:00,0.3100622562256225,0.0,0.0108867427568041,0.9008658008658008
2021-03-30 05:45:00+00:00,0.30994036903690364,0.0,0.01549604916593495,0.9054112554112554
2021-03-30 06:00:00+00:00,0.3098184818481848,0.0,0.0201053555750658,0.90995670995671
2021-03-30 06:15:00+00:00,0.30545867086708667,0.0,0.0431957857769973,0.9149350649350649
2021-03-30 06:30:00+00:00,0.3010988598859886,0.0,0.0662862159789288,0.91991341991342
2021-03-30 06:45:00+00:00,0.2967390489048905,0.0,0.08937664618086034,0.9248917748917749
2021-03-30 07:00:00+00:00,0.2923792379237924,0.0,0.1124670763827919,0.9298701298701298
2021-03-30 07:15:00+00:00,0.2848034803480348,0.0,0.1425812115891132,0.9242424242424243
2021-03-30 07:30:00+00:00,0.2772277227722772,0.0,0.1726953467954345,0.9186147186147188
2021-03-30 07:45:00+00:00,0.26965196519651957,0.0,0.20280948200175583,0.912987012987013
2021-03-30 08:00:00+00:00,0.262076207620762,0.0,0.2329236172080772,0.9073593073593074
2021-03-30 08:15:00+00:00,0.2620574557455745,0.0,0.2602502194907813,0.9019480519480519
2021-03-30 08:30:00+00:00,0.2620387038703869,0.0,0.2875768217734854,0.8965367965367965
2021-03-30 08:45:00+00:00,0.26201995199519945,0.0,0.31490342405618954,0.8911255411255411
2021-03-30 09:00:00+00:00,0.262001200120012,0.0,0.3422300263388937,0.8857142857142857
2021-03-30 09:15:00+00:00,0.26457958295829576,0.0,0.367208077260755,0.8818181818181818
2021-03-30 09:30:00+00:00,0.2671579657965796,0.0,0.3921861281826163,0.8779220779220779
2021-03-30 09:45:00+00:00,0.2697363486348634,0.0,0.41716417910447756,0.8740259740259739
2021-03-30 10:00:00+00:00,0.2723147314731473,0.0,0.4421422300263389,0.8701298701298701
2021-03-30 10:15:00+00:00,0.2757838283828382,0.0,0.4590869183494293,0.8645021645021644
2021-03-30 10:30:00+00:00,0.2792529252925292,0.0,0.4760316066725197,0.8588744588744588
2021-03-30 10:45:00+00:00,0.2827220222022202,0.0,0.49297629499561013,0.8532467532467531
2021-03-30 11:00:00+00:00,0.2861911191119112,0.0,0.5099209833187006,0.8476190476190476
2021-03-30 11:15:00+00:00,0.2902227722772277,0.0,0.5167032484635645,0.8506493506493507
2021-03-30 11:30:00+00:00,0.2942544254425442,0.0,0.5234855136084284,0.8536796536796536
2021-03-30 11:45:00+00:00,0.2982860786078607,0.0,0.5302677787532923,0.8567099567099566
2021-03-30 12:00:00+00:00,0.3023177317731773,0.0,0.5370500438981562,0.8597402597402597
2021-03-30 12:15:00+00:00,0.3025708820882088,0.0,0.5303555750658472,0.8569264069264069
2021-03-30 12:30:00+00:00,0.3028240324032403,0.0,0.5236611062335381,0.854112554112554
2021-03-30 12:45:00+00:00,0.3030771827182718,0.0,0.5169666374012292,0.8512987012987012
2021-03-30 13:00:00+00:00,0.3033303330333033,0.0,0.5102721685689201,0.8484848484848485
2021-03-30 13:15:00+00:00,0.3031896939693969,0.0,0.49795873573309923,0.8515151515151516
2021-03-30 13:30:00+00:00,0.3030490549054905,0.0,0.4856453028972783,0.8545454545454545
2021-03-30 13:45:00+00:00,0.3029084158415841,0.0,0.4733318700614574,0.8575757575757575
2021-03-30 14:00:00+00:00,0.3027677767776777,0.0,0.4610184372256365,0.8606060606060606
2021-03-30 14:15:00+00:00,0.303105310531053,0.0,0.4325285338015803,0.8621212121212121
2021-03-30 14:30:00+00:00,0.3034428442844283,0.0,0.4040386303775241,0.8636363636363636
2021-03-30 14:45:00+00:00,0.30378037803780367,0.0,0.37554872695346786,0.8651515151515152
2021-03-30 15:00:00+00:00,0.3041179117911791,0.0,0.3470588235294117,0.8666666666666667
2021-03-30 15:15:00+00:00,0.30590871587158713,0.0,0.3166154521510096,0.8800865800865801
2021-03-30 15:30:00+00:00,0.3076995199519952,0.0,0.2861720807726075,0.8935064935064936
2021-03-30 15:45:00+00:00,0.30949032403240323,0.0,0.2557287093942054,0.9069264069264069
2021-03-30 16:00:00+00:00,0.3112811281128113,0.0,0.2252853380158033,0.9203463203463204
2021-03-30 16:15:00+00:00,0.31151552655265524,0.0,0.19003511852502192,0.9303030303030302
2021-03-30 16:30:00+00:00,0.3117499249924992,0.0,0.1547848990342405,0.94025974025974
2021-03-30 16:45:00+00:00,0.3119843234323432,0.0,0.1195346795434591,0.9502164502164501
2021-03-30 17:00:00+00:00,0.3122187218721872,0.0,0.0842844600526777,0.96017316017316
2021-03-30 17:15:00+00:00,0.31656915691569154,0.0,0.0648156277436347,0.9699134199134198
2021-03-30 17:30:00+00:00,0.3209195919591959,0.0,0.0453467954345917,0.9796536796536796
2021-03-30 17:45:00+00:00,0.32527002700270025,0.0,0.0258779631255487,0.9893939393939394
2021-03-30 18:00:00+00:00,0.3296204620462046,0.0,0.0064091308165057,0.9991341991341992
2021-03-30 18:15:00+00:00,0.33138313831383137,0.0,0.00553116769095695,0.9980519480519482
2021-03-30 18:30:00+00:00,0.3331458145814581,0.0,0.0046532045654082,0.9969696969696972
2021-03-30 18:45:00+00:00,0.3349084908490849,0.0,0.00377524143985945,0.995887445887446
2021-03-30 19:00:00+00:00,0.3366711671167117,0.0,0.0028972783143107,0.9948051948051948
2021-03-30 19:15:00+00:00,0.33851822682268223,0.0,0.00280948200175585,0.9865800865800867
2021-03-30 19:30:00+00:00,0.3403652865286528,0.0,0.002721685689201,0.9783549783549784
2021-03-30 19:45:00+00:00,0.3422123462346234,0.0,0.00263388937664615,0.9701298701298702
2021-03-30 20:00:00+00:00,0.344059405940594,0.0,0.0025460930640913,0.961904761904762
2021-03-30 20:15:00+00:00,0.34240924092409236,0.0,0.0025899912203687,0.9461038961038962
2021-03-30 20:30:00+00:00,0.3407590759075907,0.0,0.0026338893766461,0.9303030303030304
2021-03-30 20:45:00+00:00,0.3391089108910891,0.0,0.00267778753292355,0.9145021645021645
2021-03-30 21:00:00+00:00,0.3374587458745874,0.0,0.002721685689201,0.8987012987012987
2021-03-30 21:15:00+00:00,0.33584608460846077,0.0,0.0026119402985074,0.888095238095238
2021-03-30 21:30:00+00:00,0.3342334233423342,0.0,0.0025021949078138,0.8774891774891775
2021-03-30 21:45:00+00:00,0.33262076207620755,0.0,0.0023924495171202,0.8668831168831169
2021-03-30 22:00:00+00:00,0.331008100810081,0.0,0.0022827041264266,0.8562770562770563
2021-03-30 22:15:00+00:00,0.3290860336033603,0.0,0.0020632133450394,0.8478354978354978
2021-03-30 22:30:00+00:00,0.3271639663966396,0.0,0.0018437225636522,0.8393939393939394
2021-03-30 22:45:00+00:00,0.32524189918991897,0.0,0.00162423178226505,0.8309523809523809
2021-03-30 23:00:00+00:00,0.3233198319831983,0.0,0.0014047410008779,0.8225108225108225
2021-03-30 23:15:00+00:00,0.3207226972697269,0.0,0.00136084284460045,0.8203463203463204
2021-03-30 23:30:00+00:00,0.3181255625562555,0.0,0.001316944688323,0.8181818181818181
2021-03-30 23:45:00+00:00,0.31552842784278423,0.0,0.0012730465320456,0.816017316017316
2021-03-31 00:00:00+00:00,0.3129312931293129,0.0,0.0012291483757682,0.8138528138528138
2021-03-31 00:15:00+00:00,0.30938718871887183,0.0,0.0012071992976294501,0.8121212121212121
2021-03-31 00:30:00+00:00,0.3058430843084307,0.0,0.0011852502194907,0.8103896103896104
2021-03-31 00:45:00+00:00,0.3022989798979897,0.0,0.001163301141352,0.8086580086580086
2021-03-31 01:00:00+00:00,0.2987548754875487,0.0,0.0011413520632133,0.8069264069264069
2021-03-31 01:15:00+00:00,0.2968234323432342,0.0,0.0011413520632133,0.8043290043290043
2021-03-31 01:30:00+00:00,0.2948919891989198,0.0,0.0011413520632133,0.8017316017316017
2021-03-31 01:45:00+00:00,0.2929605460546054,0.0,0.0011413520632133,0.7991341991341991
2021-03-31 02:00:00+00:00,0.291029102910291,0.0,0.0011413520632133,0.7965367965367965
2021-03-31 02:15:00+00:00,0.2888351335133513,0.0,0.0011413520632133,0.7969696969696969
2021-03-31 02:30:00+00:00,0.2866411641164116,0.0,0.0011413520632133,0.7974025974025973
2021-03-31 02:45:00+00:00,0.28444719471947194,0.0,0.0011413520632133,0.7978354978354978
2021-03-31 03:00:00+00:00,0.2822532253225323,0.0,0.0011413520632133,0.7982683982683982
2021-03-31 03:15:00+00:00,0.28153127812781276,0.0,0.0012071992976294501,0.8147186147186147
2021-03-31 03:30:00+00:00,0.2808093309330933,0.0,0.0012730465320456,0.8311688311688312
2021-03-31 03:45:00+00:00,0.28008738373837383,0.0,0.0013388937664617498,0.8476190476190477
2021-03-31 04:00:00+00:00,0.2793654365436543,0.0,0.0014047410008779,0.8640692640692641
2021-03-31 04:15:00+00:00,0.2804999249924992,0.0,0.0015144863915714998,0.8820346320346321
2021-03-31 04:30:00+00:00,0.2816344134413441,0.0,0.0016242317822651,0.9
2021-03-31 04:45:00+00:00,0.282768901890189,0.0,0.0017339771729587001,0.917965367965368
2021-03-31 05:00:00+00:00,0.2839033903390339,0.0,0.0018437225636523,0.935930735930736
2021-03-31 05:15:00+00:00,0.284287803780378,0.0,0.0119841966637401,0.9452380952380952
2021-03-31 05:30:00+00:00,0.2846722172217221,0.0,0.0221246707638279,0.9545454545454546
2021-03-31 05:45:00+00:00,0.28505663066306625,0.0,0.0322651448639157,0.963852813852814
2021-03-31 06:00:00+00:00,0.2854410441044104,0.0,0.0424056189640035,0.9731601731601732
2021-03-31 06:15:00+00:00,0.28189693969396934,0.0,0.08983757682177346,0.9761904761904763
2021-03-31 06:30:00+00:00,0.2783528352835283,0.0,0.1372695346795434,0.9792207792207792
2021-03-31 06:45:00+00:00,0.2748087308730872,0.0,0.18470149253731338,0.9822510822510822
2021-03-31 07:00:00+00:00,0.2712646264626462,0.0,0.2321334503950834,0.9852813852813852
2021-03-31 07:15:00+00:00,0.26393264326432636,0.0,0.28764266900790164,0.9735930735930736
2021-03-31 07:30:00+00:00,0.2566006600660065,0.0,0.3431518876207199,0.9619047619047618
2021-03-31 07:45:00+00:00,0.2492686768676867,0.0,0.3986611062335381,0.9502164502164501
2021-03-31 08:00:00+00:00,0.2419366936693669,0.0,0.4541703248463564,0.9385281385281384
2021-03-31 08:15:00+00:00,0.2399771227122712,0.0,0.4905399473222124,0.9205627705627706
2021-03-31 08:30:00+00:00,0.2380175517551755,0.0,0.5269095697980685,0.9025974025974026
2021-03-31 08:45:00+00:00,0.2360579807980798,0.0,0.5632791922739244,0.8846320346320347
2021-03-31 09:00:00+00:00,0.2340984098409841,0.0,0.5996488147497805,0.8666666666666667
2021-03-31 09:15:00+00:00,0.23682680768076805,0.0,0.6275241439859526,0.8606060606060606
2021-03-31 09:30:00+00:00,0.239555205520552,0.0,0.6553994732221247,0.8545454545454545
2021-03-31 09:45:00+00:00,0.242283603360336,0.0,0.6832748024582967,0.8484848484848484
2021-03-31 10:00:00+00:00,0.24501200120012,0.0,0.7111501316944688,0.8424242424242424
2021-03-31 10:15:00+00:00,0.24827482748274826,0.0,0.7285776997366111,0.8365800865800865
2021-03-31 10:30:00+00:00,0.2515376537653765,0.0,0.7460052677787533,0.8307359307359308
2021-03-31 10:45:00+00:00,0.25480048004800476,0.0,0.7634328358208955,0.8248917748917749
2021-03-31 11:00:00+00:00,0.258063306330633,0.0,0.7808604038630378,0.819047619047619
2021-03-31 11:15:00+00:00,0.266051605160516,0.0,0.7871378402107112,0.8173160173160173
2021-03-31 11:30:00+00:00,0.274039903990399,0.0,0.7934152765583846,0.8155844155844156
2021-03-31 11:45:00+00:00,0.282028202820282,0.0,0.799692712906058,0.8138528138528138
2021-03-31 12:00:00+00:00,0.290016501650165,0.0,0.8059701492537313,0.8121212121212121
2021-03-31 12:15:00+00:00,0.2948638613861386,0.0,0.8061457418788411,0.8132034632034633
2021-03-31 12:30:00+00:00,0.2997112211221122,0.0,0.8063213345039508,0.8142857142857143
2021-03-31 12:45:00+00:00,0.3045585808580858,0.0,0.8064969271290605,0.8153679653679653
2021-03-31 13:00:00+00:00,0.3094059405940594,0.0,0.8066725197541703,0.8164502164502164
2021-03-31 13:15:00+00:00,0.3134563456345635,0.0,0.7931079894644425,0.8175324675324676
2021-03-31 13:30:00+00:00,0.3175067506750675,0.0,0.7795434591747147,0.8186147186147186
2021-03-31 13:45:00+00:00,0.32155715571557153,0.0,0.7659789288849869,0.8196969696969697
2021-03-31 14:00:00+00:00,0.3256075607560756,0.0,0.752414398595259,0.8207792207792208
2021-03-31 14:15:00+00:00,0.3316737923792379,0.0,0.7168349429323968,0.8194805194805195
2021-03-31 14:30:00+00:00,0.3377400240024002,0.0,0.6812554872695347,0.8181818181818182
2021-03-31 14:45:00+00:00,0.34380625562556255,0.0,0.6456760316066725,0.816883116883117
2021-03-31 15:00:00+00:00,0.3498724872487249,0.0,0.6100965759438104,0.8155844155844156
2021-03-31 15:15:00+00:00,0.35731698169816983,0.0,0.5497805092186128,0.8268398268398269
2021-03-31 15:30:00+00:00,0.3647614761476148,0.0,0.4894644424934152,0.8380952380952381
2021-03-31 15:45:00+00:00,0.37220597059705973,0.0,0.4291483757682176,0.8493506493506493
2021-03-31 16:00:00+00:00,0.3796504650465046,0.0,0.3688323090430201,0.8606060606060606
2021-03-31 16:15:00+00:00,0.38404777977797777,0.0,0.3097892888498682,0.8742424242424243
2021-03-31 16:30:00+00:00,0.3884450945094509,0.0,0.2507462686567163,0.8878787878787879
2021-03-31 16:45:00+00:00,0.39284240924092406,0.0,0.19170324846356446,0.9015151515151515
2021-03-31 17:00:00+00:00,0.3972397239723972,0.0,0.1326602282704126,0.9151515151515152
2021-03-31 17:15:00+00:00,0.4072532253225323,0.0,0.1041922739244951,0.9274891774891775
2021-03-31 17:30:00+00:00,0.4172667266726673,0.0,0.0757243195785776,0.9398268398268398
2021-03-31 17:45:00+00:00,0.4272802280228023,0.0,0.04725636523266015,0.9521645021645021
2021-03-31 18:00:00+00:00,0.4372937293729373,0.0,0.0187884108867427,0.9645021645021644
2021-03-31 18:15:00+00:00,0.440772202220222,0.0,0.01635206321334495,0.966017316017316
2021-03-31 18:30:00+00:00,0.4442506750675067,0.0,0.0139157155399472,0.9675324675324676
2021-03-31 18:45:00+00:00,0.44772914791479146,0.0,0.0114793678665495,0.9690476190476189
2021-03-31 19:00:00+00:00,0.4512076207620762,0.0,0.0090430201931518,0.9705627705627704
2021-03-31 19:15:00+00:00,0.4517701770177017,0.0,0.0083187006145741,0.9556277056277055
2021-03-31 19:30:00+00:00,0.4523327332733273,0.0,0.0075943810359964,0.9406926406926406
2021-03-31 19:45:00+00:00,0.45289528952895286,0.0,0.0068700614574187,0.9257575757575757
2021-03-31 20:00:00+00:00,0.4534578457845785,0.0,0.006145741878841,0.9108225108225108
2021-03-31 20:15:00+00:00,0.4546298379837984,0.0,0.005882352941176399,0.9034632034632034
2021-03-31 20:30:00+00:00,0.4558018301830183,0.0,0.0056189640035118,0.8961038961038961
2021-03-31 20:45:00+00:00,0.45697382238223816,0.0,0.0053555750658472005,0.8887445887445887
2021-03-31 21:00:00+00:00,0.4581458145814581,0.0,0.0050921861281826,0.8813852813852814
2021-03-31 21:15:00+00:00,0.46047104710471043,0.0,0.0047410008779631,0.8681818181818182
2021-03-31 21:30:00+00:00,0.4627962796279627,0.0,0.0043898156277436,0.854978354978355
2021-03-31 21:45:00+00:00,0.46512151215121506,0.0,0.0040386303775241,0.8417748917748917
2021-03-31 22:00:00+00:00,0.4674467446744674,0.0,0.0036874451273046,0.8285714285714286
2021-03-31 22:15:00+00:00,0.4646902190219021,0.0,0.0034899034240561,0.8296536796536798
2021-03-31 22:30:00+00:00,0.4619336933693369,0.0,0.0032923617208076,0.8307359307359308
2021-03-31 22:45:00+00:00,0.45917716771677164,0.0,0.00309482001755915,0.8318181818181818
2021-03-31 23:00:00+00:00,0.4564206420642064,0.0,0.0028972783143107,0.8329004329004329
2021-03-31 23:15:00+00:00,0.4539735223522352,0.0,0.0028533801580332497,0.8296536796536798
2021-03-31 23:30:00+00:00,0.451526402640264,0.0,0.0028094820017558,0.8264069264069265
2021-03-31 23:45:00+00:00,0.4490792829282928,0.0,0.0027655838454784,0.8231601731601732
2021-04-01 00:00:00+00:00,0.4466321632163216,0.0,0.002721685689201,0.8199134199134199
2021-04-01 00:15:00+00:00,0.4456570657065706,0.0,0.002721685689201,0.8203463203463204
2021-04-01 00:30:00+00:00,0.4446819681968196,0.0,0.002721685689201,0.8207792207792208
2021-04-01 00:45:00+00:00,0.44370687068706866,0.0,0.002721685689201,0.8212121212121213
2021-04-01 01:00:00+00:00,0.4427317731773177,0.0,0.002721685689201,0.8216450216450216
2021-04-01 01:15:00+00:00,0.43885013501350134,0.0,0.0025680421422299496,0.8203463203463204
2021-04-01 01:30:00+00:00,0.4349684968496849,0.0,0.0024143985952589,0.819047619047619
2021-04-01 01:45:00+00:00,0.43108685868586855,0.0,0.0022607550482879,0.8177489177489177
2021-04-01 02:00:00+00:00,0.4272052205220522,0.0,0.0021071115013169,0.8164502164502164
2021-04-01 02:15:00+00:00,0.42214221422142206,0.0,0.0020851624231781503,0.8134199134199134
2021-04-01 02:30:00+00:00,0.417079207920792,0.0,0.0020632133450394,0.8103896103896104
2021-04-01 02:45:00+00:00,0.41201620162016195,0.0,0.0020412642669007004,0.8073593073593074
2021-04-01 03:00:00+00:00,0.4069531953195319,0.0,0.002019315188762,0.8043290043290043
2021-04-01 03:15:00+00:00,0.39914303930393036,0.0,0.00199736611062325,0.8028138528138529
2021-04-01 03:30:00+00:00,0.3913328832883288,0.0,0.0019754170324845,0.8012987012987013
2021-04-01 03:45:00+00:00,0.3835227272727273,0.0,0.0019534679543458,0.7997835497835497
2021-04-01 04:00:00+00:00,0.3757125712571257,0.0,0.0019315188762071,0.7982683982683982
2021-04-01 04:15:00+00:00,0.3696650915091509,0.0,0.0019754170324845,0.8054112554112554
2021-04-01 04:30:00+00:00,0.3636176117611761,0.0,0.0020193151887619,0.8125541125541125
2021-04-01 04:45:00+00:00,0.3575701320132013,0.0,0.0020632133450394,0.8196969696969696
2021-04-01 05:00:00+00:00,0.3515226522652265,0.0,0.0021071115013169,0.8268398268398268
2021-04-01 05:15:00+00:00,0.3472659765976597,0.0,0.008779631255487199,0.8430735930735931
2021-04-01 05:30:00+00:00,0.3430093009300929,0.0,0.0154521510096575,0.8593073593073592
2021-04-01 05:45:00+00:00,0.3387526252625262,0.0,0.02212467076382785,0.8755411255411255
2021-04-01 06:00:00+00:00,0.3344959495949595,0.0,0.0287971905179982,0.8917748917748918
2021-04-01 06:15:00+00:00,0.3307830783078307,0.0,0.0633669885864793,0.9012987012987013
2021-04-01 06:30:00+00:00,0.327070207020702,0.0,0.0979367866549604,0.9108225108225108
2021-04-01 06:45:00+00:00,0.3233573357335733,0.0,0.13250658472344154,0.9203463203463202
2021-04-01 07:00:00+00:00,0.3196444644464446,0.0,0.1670763827919227,0.9298701298701298
2021-04-01 07:15:00+00:00,0.307746399639964,0.0,0.20992098331870057,0.9311688311688311
2021-04-01 07:30:00+00:00,0.2958483348334833,0.0,0.2527655838454784,0.9324675324675324
2021-04-01 07:45:00+00:00,0.2839502700270026,0.0,0.2956101843722563,0.9337662337662338
2021-04-01 08:00:00+00:00,0.272052205220522,0.0,0.3384547848990342,0.935064935064935
2021-04-01 08:15:00+00:00,0.2655171767176717,0.0,0.369622475856014,0.9242424242424243
2021-04-01 08:30:00+00:00,0.2589821482148214,0.0,0.4007901668129938,0.9134199134199136
2021-04-01 08:45:00+00:00,0.25244711971197115,0.0,0.43195785776997364,0.9025974025974026
2021-04-01 09:00:00+00:00,0.2459120912091209,0.0,0.4631255487269535,0.8917748917748918
2021-04-01 09:15:00+00:00,0.2492311731173117,0.0,0.48812554872695346,0.8872294372294373
2021-04-01 09:30:00+00:00,0.2525502550255025,0.0,0.5131255487269535,0.8826839826839827
2021-04-01 09:45:00+00:00,0.25586933693369335,0.0,0.5381255487269534,0.8781385281385281
2021-04-01 10:00:00+00:00,0.2591884188418842,0.0,0.5631255487269534,0.8735930735930736
2021-04-01 10:15:00+00:00,0.25661003600360033,0.0,0.5891791044776119,0.8703463203463204
2021-04-01 10:30:00+00:00,0.2540316531653165,0.0,0.6152326602282704,0.8670995670995671
2021-04-01 10:45:00+00:00,0.2514532703270327,0.0,0.6412862159789289,0.8638528138528139
2021-04-01 11:00:00+00:00,0.2488748874887488,0.0,0.6673397717295874,0.8606060606060606
2021-04-01 11:15:00+00:00,0.24209608460846077,0.0,0.6617208077260754,0.8625541125541125
2021-04-01 11:30:00+00:00,0.2353172817281727,0.0,0.6561018437225636,0.8645021645021644
2021-04-01 11:45:00+00:00,0.2285384788478847,0.0,0.6504828797190518,0.8664502164502164
2021-04-01 12:00:00+00:00,0.2217596759675967,0.0,0.6448639157155399,0.8683982683982684
2021-04-01 12:15:00+00:00,0.21948132313231314,0.0,0.6401448639157155,0.8655844155844156
2021-04-01 12:30:00+00:00,0.2172029702970296,0.0,0.6354258121158911,0.8627705627705627
2021-04-01 12:45:00+00:00,0.2149246174617461,0.0,0.6307067603160668,0.8599567099567099
2021-04-01 13:00:00+00:00,0.2126462646264626,0.0,0.6259877085162423,0.8571428571428571
2021-04-01 13:15:00+00:00,0.21373387338733865,0.0,0.6199956101843722,0.856060606060606
2021-04-01 13:30:00+00:00,0.2148214821482147,0.0,0.6140035118525022,0.854978354978355
2021-04-01 13:45:00+00:00,0.2159090909090908,0.0,0.6080114135206321,0.8538961038961039
2021-04-01 14:00:00+00:00,0.2169966996699669,0.0,0.6020193151887621,0.8528138528138528
2021-04-01 14:15:00+00:00,0.21163366336633654,0.0,0.5845039508340649,0.8564935064935064
2021-04-01 14:30:00+00:00,0.2062706270627062,0.0,0.5669885864793678,0.8601731601731601
2021-04-01 14:45:00+00:00,0.20090759075907585,0.0,0.5494732221246708,0.8638528138528138
2021-04-01 15:00:00+00:00,0.1955445544554455,0.0,0.5319578577699736,0.8675324675324675
2021-04-01 15:15:00+00:00,0.19169104410441035,0.0,0.4898375768217734,0.8759740259740258
2021-04-01 15:30:00+00:00,0.1878375337533752,0.0,0.4477172958735732,0.8844155844155843
2021-04-01 15:45:00+00:00,0.18398402340234016,0.0,0.40559701492537303,0.8928571428571428
2021-04-01 16:00:00+00:00,0.1801305130513051,0.0,0.3634767339771729,0.9012987012987012
2021-04-01 16:15:00+00:00,0.1761457395739573,0.0,0.3114354697102721,0.9153679653679653
2021-04-01 16:30:00+00:00,0.1721609660966095,0.0,0.2593942054433713,0.9294372294372294
2021-04-01 16:45:00+00:00,0.1681761926192618,0.0,0.20735294117647052,0.9435064935064935
2021-04-01 17:00:00+00:00,0.1641914191419141,0.0,0.1553116769095698,0.9575757575757576
2021-04-01 17:15:00+00:00,0.16528840384038396,0.0,0.1232440737489025,0.9619047619047619
2021-04-01 17:30:00+00:00,0.1663853885388538,0.0,0.0911764705882352,0.9662337662337662
2021-04-01 17:45:00+00:00,0.16748237323732365,0.0,0.05910886742756795,0.9705627705627705
2021-04-01 18:00:00+00:00,0.1685793579357935,0.0,0.0270412642669007,0.9748917748917748
2021-04-01 18:15:00+00:00,0.16879500450044996,0.0,0.02269534679543445,0.9798701298701298
2021-04-01 18:30:00+00:00,0.1690106510651064,0.0,0.0183494293239682,0.9848484848484848
2021-04-01 18:45:00+00:00,0.1692262976297629,0.0,0.01400351185250205,0.9898268398268397
2021-04-01 19:00:00+00:00,0.1694419441944194,0.0,0.0096575943810359,0.9948051948051948
2021-04-01 19:15:00+00:00,0.16744486948694864,0.0,0.0082309043020192,0.9926406926406925
2021-04-01 19:30:00+00:00,0.1654477947794779,0.0,0.0068042142230025,0.9904761904761904
2021-04-01 19:45:00+00:00,0.16345072007200717,0.0,0.00537752414398585,0.9883116883116883
2021-04-01 20:00:00+00:00,0.1614536453645364,0.0,0.0039508340649692,0.986147186147186
2021-04-01 20:15:00+00:00,0.15828457845784571,0.0,0.0034240561896399496,0.9833333333333332
2021-04-01 20:30:00+00:00,0.155115511551155,0.0,0.0028972783143107,0.9805194805194803
2021-04-01 20:45:00+00:00,0.15194644464446433,0.0,0.0023705004389815,0.9777056277056275
2021-04-01 21:00:00+00:00,0.1487773777377737,0.0,0.0018437225636523,0.9748917748917748
2021-04-01 21:15:00+00:00,0.14349872487248716,0.0,0.0018437225636523,0.9694805194805194
2021-04-01 21:30:00+00:00,0.1382200720072006,0.0,0.0018437225636523,0.964069264069264
2021-04-01 21:45:00+00:00,0.1329414191419141,0.0,0.0018437225636523,0.9586580086580085
2021-04-01 22:00:00+00:00,0.1276627662766276,0.0,0.0018437225636523,0.9532467532467532
2021-04-01 22:15:00+00:00,0.12319044404440435,0.0,0.00166812993854255,0.9525974025974027
2021-04-01 22:30:00+00:00,0.1187181218121811,0.0,0.0014925373134328,0.951948051948052
2021-04-01 22:45:00+00:00,0.1142457995799579,0.0,0.00131694468832305,0.9512987012987013
2021-04-01 23:00:00+00:00,0.1097734773477347,0.0,0.0011413520632133,0.9506493506493506
2021-04-01 23:15:00+00:00,0.10611686168616855,0.0,0.0011413520632133,0.9413419913419914
2021-04-01 23:30:00+00:00,0.1024602460246024,0.0,0.0011413520632133,0.932034632034632
2021-04-01 23:45:00+00:00,0.09880363036303624,0.0,0.0011413520632133,0.9227272727272728
2021-04-02 00:00:00+00:00,0.0951470147014701,0.0,0.0011413520632133,0.9134199134199136
2021-04-02 00:15:00+00:00,0.09356248124812475,0.0,0.0011413520632133,0.9142857142857144
2021-04-02 00:30:00+00:00,0.0919779477947794,0.0,0.0011413520632133,0.9151515151515152
2021-04-02 00:45:00+00:00,0.09039341434143411,0.0,0.0011413520632133,0.916017316017316
2021-04-02 01:00:00+00:00,0.0888088808880888,0.0,0.0011413520632133,0.9168831168831169
2021-04-02 01:15:00+00:00,0.08980273027302725,0.0,0.0011413520632133,0.917099567099567
2021-04-02 01:30:00+00:00,0.0907965796579657,0.0,0.0011413520632133,0.9173160173160172
2021-04-02 01:45:00+00:00,0.0917904290429042,0.0,0.0011413520632133,0.9175324675324674
2021-04-02 02:00:00+00:00,0.0927842784278427,0.0,0.0011413520632133,0.9177489177489178
2021-04-02 02:15:00+00:00,0.0954095409540953,0.0,0.0011413520632133,0.9183982683982685
2021-04-02 02:30:00+00:00,0.0980348034803479,0.0,0.0011413520632133,0.9190476190476192
2021-04-02 02:45:00+00:00,0.10066006600660055,0.0,0.0011413520632133,0.9196969696969698
2021-04-02 03:00:00+00:00,0.1032853285328532,0.0,0.0011413520632133,0.9203463203463204
2021-04-02 03:15:00+00:00,0.1040447794779477,0.0,0.0011413520632133,0.924025974025974
2021-04-02 03:30:00+00:00,0.1048042304230422,0.0,0.0011413520632133,0.9277056277056276
2021-04-02 03:45:00+00:00,0.10556368136813675,0.0,0.0011413520632133,0.9313852813852813
2021-04-02 04:00:00+00:00,0.1063231323132313,0.0,0.0011413520632133,0.935064935064935
2021-04-02 04:15:00+00:00,0.10531053105310526,0.0,0.0012510974539069,0.9437229437229437
2021-04-02 04:30:00+00:00,0.1042979297929792,0.0,0.0013608428446005,0.9523809523809524
2021-04-02 04:45:00+00:00,0.10328532853285319,0.0,0.0014705882352940998,0.961038961038961
2021-04-02 05:00:00+00:00,0.1022727272727272,0.0,0.0015803336259877,0.9696969696969696
2021-04-02 05:15:00+00:00,0.0986629912991298,0.0,0.011676909569798001,0.972943722943723
2021-04-02 05:30:00+00:00,0.0950532553255324,0.0,0.0217734855136083,0.9761904761904764
2021-04-02 05:45:00+00:00,0.0914435193519351,0.0,0.0318700614574187,0.9794372294372296
2021-04-02 06:00:00+00:00,0.0878337833783378,0.0,0.0419666374012291,0.9826839826839828
2021-04-02 06:15:00+00:00,0.08434593459345929,0.0,0.08312115891132565,0.9772727272727274
2021-04-02 06:30:00+00:00,0.0808580858085808,0.0,0.1242756804214222,0.971861471861472
2021-04-02 06:45:00+00:00,0.0773702370237023,0.0,0.1654302019315188,0.9664502164502164
2021-04-02 07:00:00+00:00,0.0738823882388238,0.0,0.2065847234416154,0.961038961038961
2021-04-02 07:15:00+00:00,0.0739761476147614,0.0,0.24967076382791914,0.9497835497835497
2021-04-02 07:30:00+00:00,0.074069906990699,0.0,0.2927568042142229,0.9385281385281384
2021-04-02 07:45:00+00:00,0.0741636663666366,0.0,0.3358428446005267,0.9272727272727272
2021-04-02 08:00:00+00:00,0.0742574257425742,0.0,0.3789288849868305,0.916017316017316
2021-04-02 08:15:00+00:00,0.07497937293729365,0.0,0.407550482879719,0.9136363636363636
2021-04-02 08:30:00+00:00,0.0757013201320131,0.0,0.4361720807726075,0.9112554112554112
2021-04-02 08:45:00+00:00,0.0764232673267326,0.0,0.46479367866549604,0.9088744588744588
2021-04-02 09:00:00+00:00,0.0771452145214521,0.0,0.4934152765583846,0.9064935064935064
2021-04-02 09:15:00+00:00,0.07862661266126605,0.0,0.5122475856014048,0.9054112554112552
2021-04-02 09:30:00+00:00,0.08010801080108,0.0,0.531079894644425,0.9043290043290042
2021-04-02 09:45:00+00:00,0.081589408940894,0.0,0.5499122036874451,0.9032467532467532
2021-04-02 10:00:00+00:00,0.083070807080708,0.0,0.5687445127304653,0.9021645021645022
2021-04-02 10:15:00+00:00,0.0839521452145214,0.0,0.5763388937664619,0.9045454545454545
2021-04-02 10:30:00+00:00,0.0848334833483348,0.0,0.5839332748024584,0.9069264069264068
2021-04-02 10:45:00+00:00,0.0857148214821482,0.0,0.5915276558384548,0.9093073593073592
2021-04-02 11:00:00+00:00,0.0865961596159616,0.0,0.5991220368744513,0.9116883116883115
2021-04-02 11:15:00+00:00,0.08962458745874585,0.0,0.6016022827041265,0.9073593073593073
2021-04-02 11:30:00+00:00,0.0926530153015301,0.0,0.6040825285338016,0.903030303030303
2021-04-02 11:45:00+00:00,0.0956814431443144,0.0,0.6065627743634767,0.8987012987012987
2021-04-02 12:00:00+00:00,0.0987098709870987,0.0,0.6090430201931519,0.8943722943722944
2021-04-02 12:15:00+00:00,0.10336033603360334,0.0,0.6032265144863915,0.888095238095238
2021-04-02 12:30:00+00:00,0.108010801080108,0.0,0.5974100087796312,0.8818181818181818
2021-04-02 12:45:00+00:00,0.11266126612661265,0.0,0.591593503072871,0.8755411255411256
2021-04-02 13:00:00+00:00,0.1173117311731173,0.0,0.5857769973661107,0.8692640692640693
2021-04-02 13:15:00+00:00,0.12378112811281125,0.0,0.5746268656716418,0.8662337662337662
2021-04-02 13:30:00+00:00,0.1302505250525052,0.0,0.5634767339771729,0.8632034632034632
2021-04-02 13:45:00+00:00,0.13671992199219915,0.0,0.552326602282704,0.8601731601731601
2021-04-02 14:00:00+00:00,0.1431893189318931,0.0,0.5411764705882353,0.8571428571428571
2021-04-02 14:15:00+00:00,0.14856173117311722,0.0,0.5279192273924496,0.8545454545454545
2021-04-02 14:30:00+00:00,0.1539341434143413,0.0,0.5146619841966638,0.8519480519480519
2021-04-02 14:45:00+00:00,0.15930655565556545,0.0,0.501404741000878,0.8493506493506493
2021-04-02 15:00:00+00:00,0.1646789678967896,0.0,0.4881474978050922,0.8467532467532467
2021-04-02 15:15:00+00:00,0.16736048604860476,0.0,0.4651448639157155,0.8489177489177488
2021-04-02 15:30:00+00:00,0.1700420042004199,0.0,0.4421422300263389,0.8510822510822511
2021-04-02 15:45:00+00:00,0.17272352235223515,0.0,0.4191395961369623,0.8532467532467533
2021-04-02 16:00:00+00:00,0.1754050405040504,0.0,0.3961369622475856,0.8554112554112554
2021-04-02 16:15:00+00:00,0.1801680168016801,0.0,0.34692712906057943,0.8612554112554113
2021-04-02 16:30:00+00:00,0.1849309930993098,0.0,0.2977172958735733,0.8670995670995671
2021-04-02 16:45:00+00:00,0.1896939693969396,0.0,0.24850746268656715,0.8729437229437229
2021-04-02 17:00:00+00:00,0.1944569456945694,0.0,0.199297629499561,0.8787878787878788
2021-04-02 17:15:00+00:00,0.1913910141014101,0.0,0.1598551360842844,0.8911255411255412
2021-04-02 17:30:00+00:00,0.1883250825082508,0.0,0.1204126426690078,0.9034632034632036
2021-04-02 17:45:00+00:00,0.1852591509150915,0.0,0.08097014925373125,0.9158008658008658
2021-04-02 18:00:00+00:00,0.1821932193219322,0.0,0.0415276558384547,0.9281385281385282
2021-04-02 18:15:00+00:00,0.18185568556855686,0.0,0.0352502194907813,0.9339826839826841
2021-04-02 18:30:00+00:00,0.1815181518151815,0.0,0.0289727831431079,0.93982683982684
2021-04-02 18:45:00+00:00,0.18118061806180613,0.0,0.0226953467954345,0.9456709956709959
2021-04-02 19:00:00+00:00,0.1808430843084308,0.0,0.0164179104477611,0.9515151515151516
2021-04-02 19:15:00+00:00,0.17897727272727265,0.0,0.0147058823529411,0.954978354978355
2021-04-02 19:30:00+00:00,0.1771114611461145,0.0,0.0129938542581211,0.9584415584415584
2021-04-02 19:45:00+00:00,0.17524564956495642,0.0,0.0112818261633011,0.9619047619047618
2021-04-02 20:00:00+00:00,0.1733798379837983,0.0,0.0095697980684811,0.9653679653679652
2021-04-02 20:15:00+00:00,0.177092709270927,0.0,0.008735733099209799,0.9569264069264067
2021-04-02 20:30:00+00:00,0.1808055805580557,0.0,0.0079016681299385,0.9484848484848484
2021-04-02 20:45:00+00:00,0.18451845184518445,0.0,0.0070676031606672005,0.94004329004329
2021-04-02 21:00:00+00:00,0.1882313231323132,0.0,0.0062335381913959,0.9316017316017317
2021-04-02 21:15:00+00:00,0.19558205820582053,0.0,0.00557506584723435,0.9281385281385282
2021-04-02 21:30:00+00:00,0.2029327932793279,0.0,0.0049165935030728,0.9246753246753248
2021-04-02 21:45:00+00:00,0.21028352835283526,0.0,0.00425812115891125,0.9212121212121213
2021-04-02 22:00:00+00:00,0.2176342634263426,0.0,0.0035996488147497,0.9177489177489178
2021-04-02 22:15:00+00:00,0.2198657365736573,0.0,0.0036215978928884,0.9136363636363636
2021-04-02 22:30:00+00:00,0.222097209720972,0.0,0.0036435469710271,0.9095238095238094
2021-04-02 22:45:00+00:00,0.22432868286828675,0.0,0.00366549604916585,0.9054112554112552
2021-04-02 23:00:00+00:00,0.2265601560156015,0.0,0.0036874451273046,0.9012987012987012
2021-04-02 23:15:00+00:00,0.2291854185418541,0.0,0.0036435469710271503,0.8989177489177489
2021-04-02 23:30:00+00:00,0.2318106810681067,0.0,0.0035996488147497,0.8965367965367965
2021-04-02 23:45:00+00:00,0.23443594359435935,0.0,0.0035557506584723,0.8941558441558441
2021-04-03 00:00:00+00:00,0.237061206120612,0.0,0.0035118525021949,0.8917748917748918
2021-04-03 00:15:00+00:00,0.24155228022802275,0.0,0.0035338015803336002,0.8922077922077922
2021-04-03 00:30:00+00:00,0.2460433543354335,0.0,0.0035557506584723,0.8926406926406927
2021-04-03 00:45:00+00:00,0.25053442844284424,0.0,0.003577699736611,0.8930735930735931
2021-04-03 01:00:00+00:00,0.255025502550255,0.0,0.0035996488147497,0.8935064935064935
2021-04-03 01:15:00+00:00,0.260557305730573,0.0,0.0035557506584722497,0.8926406926406927
2021-04-03 01:30:00+00:00,0.266089108910891,0.0,0.0035118525021948,0.8917748917748918
2021-04-03 01:45:00+00:00,0.27162091209120903,0.0,0.0034679543459174,0.8909090909090909
2021-04-03 02:00:00+00:00,0.2771527152715271,0.0,0.00342405618964,0.8900432900432901
2021-04-03 02:15:00+00:00,0.27996549654965486,0.0,0.0034460052677786996,0.8917748917748918
2021-04-03 02:30:00+00:00,0.2827782778277827,0.0,0.0034679543459174,0.8935064935064936
2021-04-03 02:45:00+00:00,0.28559105910591054,0.0,0.00348990342405615,0.8952380952380953
2021-04-03 03:00:00+00:00,0.2884038403840384,0.0,0.0035118525021949,0.896969696969697
2021-04-03 03:15:00+00:00,0.2923511101110111,0.0,0.0031606672519754,0.8982683982683983
2021-04-03 03:30:00+00:00,0.2962983798379838,0.0,0.0028094820017559,0.8995670995670996
2021-04-03 03:45:00+00:00,0.3002456495649565,0.0,0.0024582967515364,0.9008658008658008
2021-04-03 04:00:00+00:00,0.3041929192919292,0.0,0.0021071115013169,0.9021645021645022
2021-04-03 04:15:00+00:00,0.3068369336933694,0.0,0.0022388059701491997,0.9054112554112553
2021-04-03 04:30:00+00:00,0.3094809480948095,0.0,0.0023705004389815,0.9086580086580086
2021-04-03 04:45:00+00:00,0.31212496249624966,0.0,0.0025021949078138,0.9119047619047619
2021-04-03 05:00:00+00:00,0.3147689768976898,0.0,0.0026338893766461,0.9151515151515152
2021-04-03 05:15:00+00:00,0.3175536303630363,0.0,0.01319139596136955,0.9147186147186148
2021-04-03 05:30:00+00:00,0.3203382838283828,0.0,0.023748902546093,0.9142857142857144
2021-04-03 05:45:00+00:00,0.3231229372937293,0.0,0.03430640913081645,0.9138528138528139
2021-04-03 06:00:00+00:00,0.3259075907590759,0.0,0.0448639157155399,0.9134199134199136
2021-04-03 06:15:00+00:00,0.3252325232523252,0.0,0.08441615452151,0.9201298701298702
2021-04-03 06:30:00+00:00,0.3245574557455745,0.0,0.1239683933274801,0.9268398268398268
2021-04-03 06:45:00+00:00,0.32388238823882387,0.0,0.1635206321334503,0.9335497835497835
2021-04-03 07:00:00+00:00,0.3232073207320732,0.0,0.2030728709394205,0.9402597402597402
2021-04-03 07:15:00+00:00,0.32602010201020104,0.0,0.25186567164179097,0.9393939393939393
2021-04-03 07:30:00+00:00,0.3288328832883288,0.0,0.3006584723441615,0.9385281385281384
2021-04-03 07:45:00+00:00,0.3316456645664566,0.0,0.349451273046532,0.9376623376623376
2021-04-03 08:00:00+00:00,0.3344584458445844,0.0,0.3982440737489025,0.9367965367965368
2021-04-03 08:15:00+00:00,0.3329864236423642,0.0,0.44484196663740116,0.9300865800865801
2021-04-03 08:30:00+00:00,0.331514401440144,0.0,0.4914398595258998,0.9233766233766234
2021-04-03 08:45:00+00:00,0.3300423792379238,0.0,0.5380377524143986,0.9166666666666667
2021-04-03 09:00:00+00:00,0.3285703570357036,0.0,0.5846356453028972,0.90995670995671
2021-04-03 09:15:00+00:00,0.3266107860786079,0.0,0.6129499561018437,0.9032467532467532
2021-04-03 09:30:00+00:00,0.3246512151215122,0.0,0.6412642669007902,0.8965367965367965
2021-04-03 09:45:00+00:00,0.3226916441644164,0.0,0.6695785776997366,0.8898268398268399
2021-04-03 10:00:00+00:00,0.3207320732073207,0.0,0.697892888498683,0.8831168831168831
2021-04-03 10:15:00+00:00,0.3232260726072607,0.0,0.702019315188762,0.8777056277056277
2021-04-03 10:30:00+00:00,0.3257200720072007,0.0,0.706145741878841,0.8722943722943723
2021-04-03 10:45:00+00:00,0.3282140714071407,0.0,0.7102721685689201,0.8668831168831169
2021-04-03 11:00:00+00:00,0.3307080708070807,0.0,0.7143985952589991,0.8614718614718615
2021-04-03 11:15:00+00:00,0.33368961896189614,0.0,0.7140254609306409,0.8515151515151516
2021-04-03 11:30:00+00:00,0.3366711671167116,0.0,0.7136523266022827,0.8415584415584416
2021-04-03 11:45:00+00:00,0.3396527152715271,0.0,0.7132791922739246,0.8316017316017317
2021-04-03 12:00:00+00:00,0.3426342634263426,0.0,0.7129060579455663,0.8216450216450216
2021-04-03 12:15:00+00:00,0.35017251725172516,0.0,0.700548726953468,0.8181818181818181
2021-04-03 12:30:00+00:00,0.3577107710771077,0.0,0.6881913959613697,0.8147186147186147
2021-04-03 12:45:00+00:00,0.3652490249024902,0.0,0.6758340649692713,0.8112554112554113
2021-04-03 13:00:00+00:00,0.3727872787278727,0.0,0.663476733977173,0.8077922077922078
2021-04-03 13:15:00+00:00,0.38045679567956786,0.0,0.651558384547849,0.8
2021-04-03 13:30:00+00:00,0.388126312631263,0.0,0.639640035118525,0.7922077922077922
2021-04-03 13:45:00+00:00,0.3957958295829582,0.0,0.627721685689201,0.7844155844155845
2021-04-03 14:00:00+00:00,0.4034653465346535,0.0,0.615803336259877,0.7766233766233767
2021-04-03 14:15:00+00:00,0.4058562106210621,0.0,0.5973441615452151,0.7803030303030303
2021-04-03 14:30:00+00:00,0.4082470747074707,0.0,0.5788849868305531,0.783982683982684
2021-04-03 14:45:00+00:00,0.41063793879387933,0.0,0.5604258121158912,0.7876623376623376
2021-04-03 15:00:00+00:00,0.413028802880288,0.0,0.5419666374012292,0.7913419913419913
2021-04-03 15:15:00+00:00,0.4213358835883587,0.0,0.5045434591747147,0.7963203463203463
2021-04-03 15:30:00+00:00,0.4296429642964295,0.0,0.4671202809482002,0.8012987012987013
2021-04-03 15:45:00+00:00,0.43795004500450035,0.0,0.4296971027216857,0.8062770562770563
2021-04-03 16:00:00+00:00,0.4462571257125712,0.0,0.3922739244951712,0.8112554112554112
2021-04-03 16:15:00+00:00,0.44895739573957394,0.0,0.34139596136962247,0.8188311688311688
2021-04-03 16:30:00+00:00,0.4516576657665766,0.0,0.2905179982440737,0.8264069264069264
2021-04-03 16:45:00+00:00,0.4543579357935793,0.0,0.239640035118525,0.8339826839826839
2021-04-03 17:00:00+00:00,0.457058205820582,0.0,0.1887620719929763,0.8415584415584415
2021-04-03 17:15:00+00:00,0.4567300480048004,0.0,0.15373134328358204,0.8491341991341992
2021-04-03 17:30:00+00:00,0.4564018901890188,0.0,0.1187006145741878,0.8567099567099568
2021-04-03 17:45:00+00:00,0.45607373237323723,0.0,0.0836698858647936,0.8642857142857143
2021-04-03 18:00:00+00:00,0.4557455745574557,0.0,0.0486391571553994,0.8718614718614719
2021-04-03 18:15:00+00:00,0.4575270027002699,0.0,0.0427568042142229,0.8725108225108226
2021-04-03 18:30:00+00:00,0.4593084308430842,0.0,0.0368744512730464,0.8731601731601732
2021-04-03 18:45:00+00:00,0.46108985898589855,0.0,0.03099209833186995,0.8738095238095238
2021-04-03 19:00:00+00:00,0.4628712871287129,0.0,0.0251097453906935,0.8744588744588745
2021-04-03 19:15:00+00:00,0.4613898889888989,0.0,0.023924495171202702,0.8759740259740261
2021-04-03 19:30:00+00:00,0.4599084908490849,0.0,0.0227392449517119,0.8774891774891775
2021-04-03 19:45:00+00:00,0.4584270927092709,0.0,0.02155399473222115,0.879004329004329
2021-04-03 20:00:00+00:00,0.4569456945694569,0.0,0.0203687445127304,0.8805194805194805
2021-04-03 20:15:00+00:00,0.4545454545454545,0.0,0.01837137840210705,0.8777056277056277
2021-04-03 20:30:00+00:00,0.452145214521452,0.0,0.0163740122914837,0.8748917748917748
2021-04-03 20:45:00+00:00,0.44974497449744966,0.0,0.01437664618086035,0.872077922077922
2021-04-03 21:00:00+00:00,0.4473447344734473,0.0,0.012379280070237,0.8692640692640693
2021-04-03 21:15:00+00:00,0.444785103510351,0.0,0.0115671641791044,0.8616883116883116
2021-04-03 21:30:00+00:00,0.4422254725472547,0.0,0.0107550482879718,0.854112554112554
2021-04-03 21:45:00+00:00,0.4396658415841584,0.0,0.00994293239683925,0.8465367965367965
2021-04-03 22:00:00+00:00,0.4371062106210621,0.0,0.0091308165057067,0.8389610389610389
2021-04-03 22:15:00+00:00,0.43386213621362135,0.0,0.00785776997366105,0.8352813852813853
2021-04-03 22:30:00+00:00,0.4306180618061806,0.0,0.0065847234416154,0.8316017316017316
2021-04-03 22:45:00+00:00,0.4273739873987399,0.0,0.005311676909569751,0.827922077922078
2021-04-03 23:00:00+00:00,0.4241299129912991,0.0,0.0040386303775241,0.8242424242424242
2021-04-03 23:15:00+00:00,0.4209889738973897,0.0,0.0037093942054433,0.8266233766233766
2021-04-03 23:30:00+00:00,0.4178480348034803,0.0,0.0033801580333625,0.829004329004329
2021-04-03 23:45:00+00:00,0.414707095709571,0.0,0.0030509218612817498,0.8313852813852813
2021-04-04 00:00:00+00:00,0.4115661566156616,0.0,0.002721685689201,0.8337662337662337
2021-04-04 00:15:00+00:00,0.4074313681368137,0.0,0.002721685689201,0.8372294372294372
2021-04-04 00:30:00+00:00,0.4032965796579658,0.0,0.002721685689201,0.8406926406926407
2021-04-04 00:45:00+00:00,0.3991617911791179,0.0,0.002721685689201,0.8441558441558441
2021-04-04 01:00:00+00:00,0.39502700270027,0.0,0.002721685689201,0.8476190476190476
2021-04-04 01:15:00+00:00,0.39253300330033003,0.0,0.002721685689201,0.8476190476190476
2021-04-04 01:30:00+00:00,0.39003900390039,0.0,0.002721685689201,0.8476190476190476
2021-04-04 01:45:00+00:00,0.38754500450045,0.0,0.002721685689201,0.8476190476190476
2021-04-04 02:00:00+00:00,0.38505100510051,0.0,0.002721685689201,0.8476190476190476
2021-04-04 02:15:00+00:00,0.38521977197719764,0.0,0.0027655838454784,0.8435064935064935
2021-04-04 02:30:00+00:00,0.3853885388538853,0.0,0.0028094820017558,0.8393939393939394
2021-04-04 02:45:00+00:00,0.385557305730573,0.0,0.0028533801580332497,0.8352813852813853
2021-04-04 03:00:00+00:00,0.3857260726072607,0.0,0.0028972783143107,0.8311688311688312
2021-04-04 03:15:00+00:00,0.382753900390039,0.0,0.0028533801580332497,0.8322510822510822
2021-04-04 03:30:00+00:00,0.3797817281728172,0.0,0.0028094820017558,0.8333333333333334
2021-04-04 03:45:00+00:00,0.3768095559555955,0.0,0.0027655838454784,0.8344155844155845
2021-04-04 04:00:00+00:00,0.3738373837383738,0.0,0.002721685689201,0.8354978354978355
2021-04-04 04:15:00+00:00,0.3715590309030902,0.0,0.00267778753292355,0.8409090909090909
2021-04-04 04:30:00+00:00,0.3692806780678067,0.0,0.0026338893766461,0.8463203463203464
2021-04-04 04:45:00+00:00,0.3670023252325232,0.0,0.0025899912203687,0.8517316017316017
2021-04-04 05:00:00+00:00,0.3647239723972397,0.0,0.0025460930640913,0.8571428571428571
2021-04-04 05:15:00+00:00,0.36357073207320734,0.0,0.01652765583845475,0.8601731601731601
2021-04-04 05:30:00+00:00,0.3624174917491749,0.0,0.0305092186128182,0.8632034632034632
2021-04-04 05:45:00+00:00,0.3612642514251425,0.0,0.044490781387181697,0.8662337662337662
2021-04-04 06:00:00+00:00,0.3601110111011101,0.0,0.0584723441615452,0.8692640692640693
2021-04-04 06:15:00+00:00,0.3558918391839183,0.0,0.109964881474978,0.86991341991342
2021-04-04 06:30:00+00:00,0.3516726672667266,0.0,0.1614574187884108,0.8705627705627705
2021-04-04 06:45:00+00:00,0.3474534953495349,0.0,0.21294995610184364,0.8712121212121212
2021-04-04 07:00:00+00:00,0.3432343234323432,0.0,0.2644424934152765,0.8718614718614719
2021-04-04 07:15:00+00:00,0.33881825682568256,0.0,0.316505706760316,0.8651515151515152
2021-04-04 07:30:00+00:00,0.3344021902190219,0.0,0.3685689201053554,0.8584415584415584
2021-04-04 07:45:00+00:00,0.32998612361236124,0.0,0.42063213345039496,0.8517316017316017
2021-04-04 08:00:00+00:00,0.3255700570057006,0.0,0.4726953467954345,0.845021645021645
2021-04-04 08:15:00+00:00,0.3173473597359736,0.0,0.5127743634767339,0.845021645021645
2021-04-04 08:30:00+00:00,0.3091246624662466,0.0,0.5528533801580333,0.845021645021645
2021-04-04 08:45:00+00:00,0.30090196519651957,0.0,0.5929323968393327,0.845021645021645
2021-04-04 09:00:00+00:00,0.2926792679267926,0.0,0.6330114135206322,0.845021645021645
2021-04-04 09:15:00+00:00,0.2828626612661266,0.0,0.6565408252853381,0.8443722943722943
2021-04-04 09:30:00+00:00,0.2730460546054605,0.0,0.680070237050044,0.8437229437229437
2021-04-04 09:45:00+00:00,0.2632294479447944,0.0,0.7035996488147498,0.8430735930735931
2021-04-04 10:00:00+00:00,0.2534128412841284,0.0,0.7271290605794557,0.8424242424242424
2021-04-04 10:15:00+00:00,0.2461558655865586,0.0,0.7448200175592625,0.8402597402597403
2021-04-04 10:30:00+00:00,0.2388988898889888,0.0,0.7625109745390694,0.838095238095238
2021-04-04 10:45:00+00:00,0.23164191419141905,0.0,0.7802019315188762,0.8359307359307359
2021-04-04 11:00:00+00:00,0.2243849384938493,0.0,0.797892888498683,0.8337662337662337
2021-04-04 11:15:00+00:00,0.21936881188118806,0.0,0.8057287093942054,0.8287878787878787
2021-04-04 11:30:00+00:00,0.2143526852685268,0.0,0.8135645302897279,0.8238095238095238
2021-04-04 11:45:00+00:00,0.20933655865586553,0.0,0.8214003511852502,0.8188311688311688
2021-04-04 12:00:00+00:00,0.2043204320432043,0.0,0.8292361720807726,0.8138528138528138
2021-04-04 12:15:00+00:00,0.19726972697269723,0.0,0.8254170324846357,0.8071428571428572
2021-04-04 12:30:00+00:00,0.1902190219021902,0.0,0.8215978928884987,0.8004329004329005
2021-04-04 12:45:00+00:00,0.18316831683168314,0.0,0.8177787532923617,0.7937229437229438
2021-04-04 13:00:00+00:00,0.1761176117611761,0.0,0.8139596136962247,0.787012987012987
2021-04-04 13:15:00+00:00,0.17161716171617158,0.0,0.8052677787532923,0.7820346320346321
2021-04-04 13:30:00+00:00,0.1671167116711671,0.0,0.7965759438103599,0.777056277056277
2021-04-04 13:45:00+00:00,0.1626162616261626,0.0,0.7878841088674275,0.772077922077922
2021-04-04 14:00:00+00:00,0.1581158115811581,0.0,0.7791922739244952,0.7670995670995671
2021-04-04 14:15:00+00:00,0.16601972697269723,0.0,0.7659130816505707,0.7727272727272727
2021-04-04 14:30:00+00:00,0.1739236423642364,0.0,0.7526338893766462,0.7783549783549784
2021-04-04 14:45:00+00:00,0.18182755775577555,0.0,0.7393546971027217,0.783982683982684
2021-04-04 15:00:00+00:00,0.1897314731473147,0.0,0.7260755048287972,0.7896103896103897
2021-04-04 15:15:00+00:00,0.19261926192619255,0.0,0.6935689201053556,0.7941558441558442
2021-04-04 15:30:00+00:00,0.1955070507050704,0.0,0.6610623353819141,0.7987012987012987
2021-04-04 15:45:00+00:00,0.19839483948394832,0.0,0.6285557506584725,0.8032467532467533
2021-04-04 16:00:00+00:00,0.2012826282628262,0.0,0.5960491659350308,0.8077922077922078
2021-04-04 16:15:00+00:00,0.20583933393339326,0.0,0.5245390693590869,0.8166666666666667
2021-04-04 16:30:00+00:00,0.2103960396039603,0.0,0.4530289727831431,0.8255411255411256
2021-04-04 16:45:00+00:00,0.2149527452745274,0.0,0.38151887620719926,0.8344155844155845
2021-04-04 17:00:00+00:00,0.2195094509450945,0.0,0.3100087796312555,0.8432900432900433
2021-04-04 17:15:00+00:00,0.2191250375037503,0.0,0.252414398595259,0.8590909090909091
2021-04-04 17:30:00+00:00,0.2187406240624061,0.0,0.1948200175592625,0.8748917748917748
2021-04-04 17:45:00+00:00,0.218356210621062,0.0,0.13722563652326603,0.8906926406926405
2021-04-04 18:00:00+00:00,0.2179717971797179,0.0,0.0796312554872695,0.9064935064935064
2021-04-04 18:15:00+00:00,0.22608198319831974,0.0,0.0710491659350307,0.9084415584415584
2021-04-04 18:30:00+00:00,0.2341921692169216,0.0,0.0624670763827919,0.9103896103896104
2021-04-04 18:45:00+00:00,0.2423023552355235,0.0,0.053884986830553094,0.9123376623376624
2021-04-04 19:00:00+00:00,0.2504125412541254,0.0,0.0453028972783143,0.9142857142857144
2021-04-04 19:15:00+00:00,0.25266276627662765,0.0,0.043064091308165,0.9170995670995672
2021-04-04 19:30:00+00:00,0.2549129912991299,0.0,0.0408252853380157,0.91991341991342
2021-04-04 19:45:00+00:00,0.2571632163216322,0.0,0.03858647936786645,0.9227272727272728
2021-04-04 20:00:00+00:00,0.2594134413441344,0.0,0.0363476733977172,0.9255411255411256
2021-04-04 20:15:00+00:00,0.26070732073207314,0.0,0.0311676909569797,0.9227272727272728
2021-04-04 20:30:00+00:00,0.2620012001200119,0.0,0.0259877085162422,0.91991341991342
2021-04-04 20:45:00+00:00,0.2632950795079507,0.0,0.02080772607550475,0.9170995670995672
2021-04-04 21:00:00+00:00,0.2645889588958895,0.0,0.0156277436347673,0.9142857142857144
2021-04-04 21:15:00+00:00,0.26401702670267024,0.0,0.0136084284460052,0.9010822510822512
2021-04-04 21:30:00+00:00,0.2634450945094509,0.0,0.0115891132572431,0.8878787878787879
2021-04-04 21:45:00+00:00,0.2628731623162316,0.0,0.00956979806848105,0.8746753246753247
2021-04-04 22:00:00+00:00,0.2623012301230123,0.0,0.007550482879719,0.8614718614718615
2021-04-04 22:15:00+00:00,0.2582320732073207,0.0,0.00640913081650565,0.8547619047619048
2021-04-04 22:30:00+00:00,0.2541629162916291,0.0,0.0052677787532923,0.8480519480519481
2021-04-04 22:45:00+00:00,0.2500937593759376,0.0,0.00412642669007895,0.8413419913419913
2021-04-04 23:00:00+00:00,0.246024602460246,0.0,0.0029850746268656,0.8346320346320346
2021-04-04 23:15:00+00:00,0.23722059705970594,0.0,0.0026997366110622497,0.8365800865800865
2021-04-04 23:30:00+00:00,0.2284165916591659,0.0,0.0024143985952589,0.8385281385281385
2021-04-04 23:45:00+00:00,0.21961258625862584,0.0,0.0021290605794556,0.8404761904761904
2021-04-05 00:00:00+00:00,0.2108085808580858,0.0,0.0018437225636523,0.8424242424242424
2021-04-05 00:15:00+00:00,0.2064206420642064,0.0,0.0018437225636523,0.8409090909090908
2021-04-05 00:30:00+00:00,0.202032703270327,0.0,0.0018437225636523,0.8393939393939394
2021-04-05 00:45:00+00:00,0.19764476447644758,0.0,0.0018437225636523,0.8378787878787879
2021-04-05 01:00:00+00:00,0.1932568256825682,0.0,0.0018437225636523,0.8363636363636363
2021-04-05 01:15:00+00:00,0.19280678067806772,0.0,0.0018437225636523,0.8337662337662337
2021-04-05 01:30:00+00:00,0.1923567356735673,0.0,0.0018437225636523,0.8311688311688312
2021-04-05 01:45:00+00:00,0.19190669066906685,0.0,0.0018437225636523,0.8285714285714286
2021-04-05 02:00:00+00:00,0.1914566456645664,0.0,0.0018437225636523,0.825974025974026
2021-04-05 02:15:00+00:00,0.18830633063306323,0.0,0.0018437225636523,0.8255411255411256
2021-04-05 02:30:00+00:00,0.1851560156015601,0.0,0.0018437225636523,0.8251082251082251
2021-04-05 02:45:00+00:00,0.18200570057005694,0.0,0.0018437225636523,0.8246753246753247
2021-04-05 03:00:00+00:00,0.1788553855385538,0.0,0.0018437225636523,0.8242424242424242
2021-04-05 03:15:00+00:00,0.17632388238823876,0.0,0.00182177348551355,0.8251082251082251
2021-04-05 03:30:00+00:00,0.1737923792379237,0.0,0.0017998244073748,0.825974025974026
2021-04-05 03:45:00+00:00,0.1712608760876087,0.0,0.0017778753292361,0.8268398268398269
2021-04-05 04:00:00+00:00,0.1687293729372937,0.0,0.0017559262510974,0.8277056277056277
2021-04-05 04:15:00+00:00,0.1690012751275127,0.0,0.0018656716417909999,0.8300865800865801
2021-04-05 04:30:00+00:00,0.1692731773177317,0.0,0.0019754170324846,0.8324675324675325
2021-04-05 04:45:00+00:00,0.16954507950795075,0.0,0.0020851624231781997,0.8348484848484848
2021-04-05 05:00:00+00:00,0.1698169816981698,0.0,0.0021949078138718,0.8372294372294372
2021-04-05 05:15:00+00:00,0.16809180918091804,0.0,0.01676909569798065,0.8469696969696969
2021-04-05 05:30:00+00:00,0.1663666366636663,0.0,0.0313432835820895,0.8567099567099568
2021-04-05 05:45:00+00:00,0.16464146414641462,0.0,0.04591747146619835,0.8664502164502165
2021-04-05 06:00:00+00:00,0.1629162916291629,0.0,0.0604916593503072,0.8761904761904762
2021-04-05 06:15:00+00:00,0.1512807530753075,0.0,0.1149692712906057,0.8835497835497835
2021-04-05 06:30:00+00:00,0.1396452145214521,0.0,0.1694468832309042,0.8909090909090909
2021-04-05 06:45:00+00:00,0.1280096759675967,0.0,0.22392449517120278,0.8982683982683982
2021-04-05 07:00:00+00:00,0.1163741374137413,0.0,0.2784021071115013,0.9056277056277056
2021-04-05 07:15:00+00:00,0.10532928292829274,0.0,0.335667251975417,0.9075757575757576
2021-04-05 07:30:00+00:00,0.0942844284428442,0.0,0.3929323968393328,0.9095238095238096
2021-04-05 07:45:00+00:00,0.0832395739573957,0.0,0.4501975417032485,0.9114718614718615
2021-04-05 08:00:00+00:00,0.0721947194719472,0.0,0.5074626865671642,0.9134199134199136
2021-04-05 08:15:00+00:00,0.0720915841584158,0.0,0.5554872695346795,0.9114718614718615
2021-04-05 08:30:00+00:00,0.0719884488448844,0.0,0.603511852502195,0.9095238095238096
2021-04-05 08:45:00+00:00,0.07188531353135305,0.0,0.6515364354697103,0.9075757575757576
2021-04-05 09:00:00+00:00,0.0717821782178217,0.0,0.6995610184372256,0.9056277056277056
2021-04-05 09:15:00+00:00,0.0739198919891988,0.0,0.7256145741878841,0.9062770562770561
2021-04-05 09:30:00+00:00,0.0760576057605759,0.0,0.7516681299385426,0.9069264069264068
2021-04-05 09:45:00+00:00,0.0781953195319531,0.0,0.7777216856892011,0.9075757575757576
2021-04-05 10:00:00+00:00,0.0803330333033303,0.0,0.8037752414398596,0.9082251082251084
2021-04-05 10:15:00+00:00,0.08193631863186315,0.0,0.8128621597892889,0.9045454545454545
2021-04-05 10:30:00+00:00,0.083539603960396,0.0,0.8219490781387182,0.9008658008658008
2021-04-05 10:45:00+00:00,0.08514288928892885,0.0,0.8310359964881475,0.8971861471861472
2021-04-05 11:00:00+00:00,0.0867461746174617,0.0,0.8401229148375768,0.8935064935064935
2021-04-05 11:15:00+00:00,0.08934330933093305,0.0,0.8493415276558385,0.8844155844155843
2021-04-05 11:30:00+00:00,0.0919404440444044,0.0,0.8585601404741001,0.8753246753246753
2021-04-05 11:45:00+00:00,0.09453757875787575,0.0,0.8677787532923618,0.8662337662337662
2021-04-05 12:00:00+00:00,0.0971347134713471,0.0,0.8769973661106234,0.8571428571428571
2021-04-05 12:15:00+00:00,0.10116636663666359,0.0,0.8731123792800703,0.8532467532467531
2021-04-05 12:30:00+00:00,0.1051980198019801,0.0,0.8692273924495172,0.8493506493506493
2021-04-05 12:45:00+00:00,0.10922967296729665,0.0,0.865342405618964,0.8454545454545455
2021-04-05 13:00:00+00:00,0.1132613261326132,0.0,0.8614574187884109,0.8415584415584415
2021-04-05 13:15:00+00:00,0.11885876087608754,0.0,0.8580772607550482,0.835930735930736
2021-04-05 13:30:00+00:00,0.1244561956195619,0.0,0.8546971027216856,0.8303030303030303
2021-04-05 13:45:00+00:00,0.13005363036303624,0.0,0.8513169446883231,0.8246753246753247
2021-04-05 14:00:00+00:00,0.1356510651065106,0.0,0.8479367866549605,0.819047619047619
2021-04-05 14:15:00+00:00,0.14194231923192313,0.0,0.8308165057067604,0.8207792207792208
2021-04-05 14:30:00+00:00,0.1482335733573357,0.0,0.8136962247585602,0.8225108225108225
2021-04-05 14:45:00+00:00,0.15452482748274826,0.0,0.79657594381036,0.8242424242424242
2021-04-05 15:00:00+00:00,0.1608160816081608,0.0,0.7794556628621598,0.825974025974026
2021-04-05 15:15:00+00:00,0.16864498949894985,0.0,0.7430860403863038,0.827056277056277
2021-04-05 15:30:00+00:00,0.1764738973897389,0.0,0.7067164179104477,0.8281385281385282
2021-04-05 15:45:00+00:00,0.184302805280528,0.0,0.6703467954345916,0.8292207792207793
2021-04-05 16:00:00+00:00,0.1921317131713171,0.0,0.6339771729587357,0.8303030303030303
2021-04-05 16:15:00+00:00,0.19814168916891683,0.0,0.5605136084284459,0.8415584415584416
2021-04-05 16:30:00+00:00,0.2041516651665166,0.0,0.4870500438981562,0.8528138528138528
2021-04-05 16:45:00+00:00,0.21016164116411634,0.0,0.4135864793678665,0.864069264069264
2021-04-05 17:00:00+00:00,0.2161716171617161,0.0,0.3401229148375768,0.8753246753246753
2021-04-05 17:15:00+00:00,0.2207658265826582,0.0,0.27739244951712017,0.8829004329004329
2021-04-05 17:30:00+00:00,0.2253600360036003,0.0,0.2146619841966636,0.8904761904761904
2021-04-05 17:45:00+00:00,0.2299542454245424,0.0,0.1519315188762071,0.898051948051948
2021-04-05 18:00:00+00:00,0.2345484548454845,0.0,0.0892010535557506,0.9056277056277056
2021-04-05 18:15:00+00:00,0.24127100210020996,0.0,0.07853380158033355,0.9129870129870129
2021-04-05 18:30:00+00:00,0.2479935493549354,0.0,0.0678665496049165,0.9203463203463202
2021-04-05 18:45:00+00:00,0.2547160966096609,0.0,0.057199297629499504,0.9277056277056277
2021-04-05 19:00:00+00:00,0.2614386438643864,0.0,0.0465320456540825,0.935064935064935
2021-04-05 19:15:00+00:00,0.26223559855985595,0.0,0.0455882352941176,0.9380952380952381
2021-04-05 19:30:00+00:00,0.2630325532553255,0.0,0.0446444249341527,0.9411255411255413
2021-04-05 19:45:00+00:00,0.2638295079507951,0.0,0.04370061457418785,0.9441558441558442
2021-04-05 20:00:00+00:00,0.2646264626462646,0.0,0.042756804214223,0.9471861471861472
2021-04-05 20:15:00+00:00,0.2725116261626162,0.0,0.04113257243195785,0.9374458874458875
2021-04-05 20:30:00+00:00,0.2803967896789678,0.0,0.0395083406496927,0.9277056277056278
2021-04-05 20:45:00+00:00,0.28828195319531946,0.0,0.037884108867427546,0.9179653679653681
2021-04-05 21:00:00+00:00,0.2961671167116712,0.0,0.0362598770851624,0.9082251082251084
2021-04-05 21:15:00+00:00,0.3005269276927693,0.0,0.033143107989464404,0.8950216450216452
2021-04-05 21:30:00+00:00,0.3048867386738674,0.0,0.0300263388937664,0.881818181818182
2021-04-05 21:45:00+00:00,0.3092465496549655,0.0,0.026909569798068453,0.8686147186147186
2021-04-05 22:00:00+00:00,0.3136063606360636,0.0,0.0237928007023705,0.8554112554112554
2021-04-05 22:15:00+00:00,0.3168598109810981,0.0,0.022717295873573302,0.8502164502164502
2021-04-05 22:30:00+00:00,0.3201132613261326,0.0,0.0216417910447761,0.845021645021645
2021-04-05 22:45:00+00:00,0.3233667116711671,0.0,0.020566286215978898,0.8398268398268398
2021-04-05 23:00:00+00:00,0.3266201620162016,0.0,0.0194907813871817,0.8346320346320346
2021-04-05 23:15:00+00:00,0.32925480048004796,0.0,0.0178007023705004,0.8341991341991342
2021-04-05 23:30:00+00:00,0.3318894389438943,0.0,0.0161106233538191,0.8337662337662337
2021-04-05 23:45:00+00:00,0.3345240774077407,0.0,0.0144205443371378,0.8333333333333333
2021-04-06 00:00:00+00:00,0.3371587158715871,0.0,0.0127304653204565,0.8329004329004329
2021-04-06 00:15:00+00:00,0.33872449744974487,0.0,0.012203687445127249,0.8300865800865801
2021-04-06 00:30:00+00:00,0.3402902790279027,0.0,0.011676909569798,0.8272727272727273
2021-04-06 00:45:00+00:00,0.34185606060606055,0.0,0.01115013169446875,0.8244588744588744
2021-04-06 01:00:00+00:00,0.3434218421842184,0.0,0.0106233538191395,0.8216450216450216
2021-04-06 01:15:00+00:00,0.34328120312031196,0.0,0.00996488147497795,0.8257575757575757
2021-04-06 01:30:00+00:00,0.3431405640564056,0.0,0.0093064091308164,0.8298701298701299
2021-04-06 01:45:00+00:00,0.3429999249924992,0.0,0.0086479367866549,0.833982683982684
2021-04-06 02:00:00+00:00,0.3428592859285929,0.0,0.0079894644424934,0.8380952380952381
2021-04-06 02:15:00+00:00,0.3406371887188719,0.0,0.008033362598770799,0.8432900432900433
2021-04-06 02:30:00+00:00,0.3384150915091509,0.0,0.0080772607550482,0.8484848484848485
2021-04-06 02:45:00+00:00,0.3361929942994299,0.0,0.00812115891132565,0.8536796536796537
2021-04-06 03:00:00+00:00,0.3339708970897089,0.0,0.0081650570676031,0.8588744588744589
2021-04-06 03:15:00+00:00,0.3400746324632462,0.0,0.00814310798946435,0.8573593073593073
2021-04-06 03:30:00+00:00,0.3461783678367836,0.0,0.0081211589113256,0.8558441558441559
2021-04-06 03:45:00+00:00,0.35228210321032094,0.0,0.008099209833186901,0.8543290043290044
2021-04-06 04:00:00+00:00,0.3583858385838583,0.0,0.0080772607550482,0.8528138528138528
2021-04-06 04:15:00+00:00,0.36472397239723964,0.0,0.0081870061457418,0.8606060606060606
2021-04-06 04:30:00+00:00,0.3710621062106209,0.0,0.0082967515364354,0.8683982683982684
2021-04-06 04:45:00+00:00,0.3774002400240023,0.0,0.008406496927129,0.8761904761904762
2021-04-06 05:00:00+00:00,0.3837383738373837,0.0,0.0085162423178226,0.883982683982684
2021-04-06 05:15:00+00:00,0.38581983198319825,0.0,0.0267559262510974,0.8930735930735931
2021-04-06 05:30:00+00:00,0.3879012901290128,0.0,0.0449956101843722,0.9021645021645022
2021-04-06 05:45:00+00:00,0.3899827482748274,0.0,0.063235294117647,0.9112554112554112
2021-04-06 06:00:00+00:00,0.392064206420642,0.0,0.0814749780509218,0.9203463203463204
2021-04-06 06:15:00+00:00,0.38813568856885683,0.0,0.14541264266900783,0.91991341991342
2021-04-06 06:30:00+00:00,0.3842071707170716,0.0,0.2093503072870939,0.9194805194805196
2021-04-06 06:45:00+00:00,0.38027865286528645,0.0,0.27328797190517995,0.9190476190476191
2021-04-06 07:00:00+00:00,0.3763501350135013,0.0,0.337225636523266,0.9186147186147188
2021-04-06 07:15:00+00:00,0.37366861686168606,0.0,0.4057067603160667,0.9101731601731603
2021-04-06 07:30:00+00:00,0.3709870987098709,0.0,0.4741878841088674,0.9017316017316018
2021-04-06 07:45:00+00:00,0.36830558055805573,0.0,0.5426690079016682,0.8932900432900434
2021-04-06 08:00:00+00:00,0.3656240624062406,0.0,0.6111501316944689,0.8848484848484849
2021-04-06 08:15:00+00:00,0.36878375337533753,0.0,0.6528533801580334,0.8768398268398269
2021-04-06 08:30:00+00:00,0.3719434443444344,0.0,0.6945566286215978,0.8688311688311688
2021-04-06 08:45:00+00:00,0.3751031353135313,0.0,0.7362598770851624,0.8608225108225108
2021-04-06 09:00:00+00:00,0.3782628262826282,0.0,0.7779631255487269,0.8528138528138528
2021-04-06 09:15:00+00:00,0.38018489348934886,0.0,0.7924056189640034,0.8465367965367965
2021-04-06 09:30:00+00:00,0.3821069606960696,0.0,0.80684811237928,0.8402597402597403
2021-04-06 09:45:00+00:00,0.38402902790279025,0.0,0.8212906057945566,0.833982683982684
2021-04-06 10:00:00+00:00,0.385951095109511,0.0,0.8357330992098332,0.8277056277056277
2021-04-06 10:15:00+00:00,0.38604485448544856,0.0,0.8421202809482002,0.8283549783549784
2021-04-06 10:30:00+00:00,0.3861386138613861,0.0,0.8485074626865672,0.829004329004329
2021-04-06 10:45:00+00:00,0.38623237323732373,0.0,0.8548946444249341,0.8296536796536796
2021-04-06 11:00:00+00:00,0.3863261326132613,0.0,0.8612818261633012,0.8303030303030303
2021-04-06 11:15:00+00:00,0.3898233573357336,0.0,0.865035118525022,0.829004329004329
2021-04-06 11:30:00+00:00,0.3933205820582058,0.0,0.8687884108867427,0.8277056277056277
2021-04-06 11:45:00+00:00,0.396817806780678,0.0,0.8725417032484636,0.8264069264069265
2021-04-06 12:00:00+00:00,0.4003150315031503,0.0,0.8762949956101844,0.8251082251082251
2021-04-06 12:15:00+00:00,0.40487173717371727,0.0,0.8726075504828797,0.8227272727272728
2021-04-06 12:30:00+00:00,0.4094284428442843,0.0,0.8689201053555751,0.8203463203463204
2021-04-06 12:45:00+00:00,0.4139851485148514,0.0,0.8652326602282704,0.817965367965368
2021-04-06 13:00:00+00:00,0.4185418541854185,0.0,0.8615452151009657,0.8155844155844156
2021-04-06 13:15:00+00:00,0.4223203570357035,0.0,0.8493195785776997,0.8175324675324676
2021-04-06 13:30:00+00:00,0.4260988598859885,0.0,0.8370939420544337,0.8194805194805195
2021-04-06 13:45:00+00:00,0.4298773627362735,0.0,0.8248683055311676,0.8214285714285714
2021-04-06 14:00:00+00:00,0.4336558655865586,0.0,0.8126426690079017,0.8233766233766234
2021-04-06 14:15:00+00:00,0.4393095559555955,0.0,0.7908252853380158,0.8238095238095238
2021-04-06 14:30:00+00:00,0.4449632463246324,0.0,0.7690079016681299,0.8242424242424242
2021-04-06 14:45:00+00:00,0.4506169366936693,0.0,0.7471905179982441,0.8246753246753247
2021-04-06 15:00:00+00:00,0.4562706270627062,0.0,0.7253731343283583,0.8251082251082251
2021-04-06 15:15:00+00:00,0.4589990249024902,0.0,0.6841308165057068,0.8257575757575758
2021-04-06 15:30:00+00:00,0.4617274227422742,0.0,0.6428884986830554,0.8264069264069265
2021-04-06 15:45:00+00:00,0.46445582058205814,0.0,0.6016461808604039,0.827056277056277
2021-04-06 16:00:00+00:00,0.4671842184218421,0.0,0.5604038630377525,0.8277056277056277
2021-04-06 16:15:00+00:00,0.4682061956195619,0.0,0.49027655838454787,0.8365800865800865
2021-04-06 16:30:00+00:00,0.4692281728172817,0.0,0.4201492537313432,0.8454545454545455
2021-04-06 16:45:00+00:00,0.4702501500150015,0.0,0.35002194907813866,0.8543290043290044
2021-04-06 17:00:00+00:00,0.4712721272127212,0.0,0.2798946444249341,0.8632034632034632
2021-04-06 17:15:00+00:00,0.47142214221422135,0.0,0.2300043898156277,0.8785714285714286
2021-04-06 17:30:00+00:00,0.4715721572157215,0.0,0.1801141352063213,0.893939393939394
2021-04-06 17:45:00+00:00,0.4717221722172217,0.0,0.1302238805970149,0.9093073593073594
2021-04-06 18:00:00+00:00,0.4718721872187219,0.0,0.0803336259877085,0.9246753246753248
2021-04-06 18:15:00+00:00,0.47312856285628563,0.0,0.07050043898156275,0.9311688311688312
2021-04-06 18:30:00+00:00,0.4743849384938494,0.0,0.060667251975417,0.9376623376623376
2021-04-06 18:45:00+00:00,0.47564131413141314,0.0,0.05083406496927125,0.9441558441558441
2021-04-06 19:00:00+00:00,0.4768976897689769,0.0,0.0410008779631255,0.9506493506493506
2021-04-06 19:15:00+00:00,0.4783697119711971,0.0,0.039091308165057,0.9417748917748917
2021-04-06 19:30:00+00:00,0.4798417341734173,0.0,0.0371817383669885,0.9329004329004328
2021-04-06 19:45:00+00:00,0.4813137563756375,0.0,0.03527216856892005,0.924025974025974
2021-04-06 20:00:00+00:00,0.4827857785778577,0.0,0.0333625987708516,0.9151515151515152
2021-04-06 20:15:00+00:00,0.4839483948394838,0.0,0.03136523266022825,0.9067099567099568
2021-04-06 20:30:00+00:00,0.48511101110111,0.0,0.0293678665496049,0.8982683982683983
2021-04-06 20:45:00+00:00,0.48627362736273616,0.0,0.02737050043898155,0.8898268398268399
2021-04-06 21:00:00+00:00,0.4874362436243624,0.0,0.0253731343283582,0.8813852813852814
2021-04-06 21:15:00+00:00,0.48802692769276923,0.0,0.02460491659350305,0.8766233766233766
2021-04-06 21:30:00+00:00,0.4886176117611761,0.0,0.0238366988586479,0.8718614718614719
2021-04-06 21:45:00+00:00,0.4892082958295829,0.0,0.02306848112379275,0.8670995670995671
2021-04-06 22:00:00+00:00,0.4897989798979898,0.0,0.0223002633889376,0.8623376623376623
2021-04-06 22:15:00+00:00,0.489283303330333,0.0,0.02129060579455655,0.8597402597402597
2021-04-06 22:30:00+00:00,0.4887676267626762,0.0,0.0202809482001755,0.8571428571428571
2021-04-06 22:45:00+00:00,0.48825195019501944,0.0,0.0192712906057945,0.8545454545454545
2021-04-06 23:00:00+00:00,0.4877362736273627,0.0,0.0182616330114135,0.8519480519480519
2021-04-06 23:15:00+00:00,0.48673304830483044,0.0,0.01760316066725195,0.8536796536796536
2021-04-06 23:30:00+00:00,0.4857298229822982,0.0,0.0169446883230904,0.8554112554112554
2021-04-06 23:45:00+00:00,0.484726597659766,0.0,0.01628621597892885,0.8571428571428572
2021-04-07 00:00:00+00:00,0.4837233723372337,0.0,0.0156277436347673,0.8588744588744589
2021-04-07 00:15:00+00:00,0.4818575607560756,0.0,0.014486391571553951,0.8547619047619048
2021-04-07 00:30:00+00:00,0.4799917491749175,0.0,0.0133450395083406,0.8506493506493507
2021-04-07 00:45:00+00:00,0.4781259375937593,0.0,0.012203687445127249,0.8465367965367965
2021-04-07 01:00:00+00:00,0.4762601260126012,0.0,0.0110623353819139,0.8424242424242424
2021-04-07 01:15:00+00:00,0.4744130663066306,0.0,0.0103599648814749,0.8432900432900432
2021-04-07 01:30:00+00:00,0.47256600660066,0.0,0.0096575943810359,0.8441558441558441
2021-04-07 01:45:00+00:00,0.4707189468946894,0.0,0.00895522388059695,0.845021645021645
2021-04-07 02:00:00+00:00,0.4688718871887188,0.0,0.008252853380158,0.8458874458874459
2021-04-07 02:15:00+00:00,0.4669779477947794,0.0,0.008252853380158,0.8424242424242424
2021-04-07 02:30:00+00:00,0.46508400840084,0.0,0.008252853380158,0.8389610389610389
2021-04-07 02:45:00+00:00,0.46319006900690063,0.0,0.008252853380158,0.8354978354978355
2021-04-07 03:00:00+00:00,0.4612961296129613,0.0,0.008252853380158,0.832034632034632
2021-04-07 03:15:00+00:00,0.460564806480648,0.0,0.00823090430201925,0.8346320346320346
2021-04-07 03:30:00+00:00,0.4598334833483348,0.0,0.0082089552238805,0.8372294372294372
2021-04-07 03:45:00+00:00,0.45910216021602157,0.0,0.0081870061457418,0.8398268398268398
2021-04-07 04:00:00+00:00,0.4583708370837083,0.0,0.0081650570676031,0.8424242424242424
2021-04-07 04:15:00+00:00,0.4573957395739573,0.0,0.0083187006145741,0.8467532467532468
2021-04-07 04:30:00+00:00,0.4564206420642063,0.0,0.0084723441615451,0.8510822510822511
2021-04-07 04:45:00+00:00,0.45544554455445535,0.0,0.00862598770851615,0.8554112554112554
2021-04-07 05:00:00+00:00,0.4544704470447044,0.0,0.0087796312554872,0.8597402597402597
2021-04-07 05:15:00+00:00,0.44927617761776173,0.0,0.024802458296751453,0.8755411255411255
2021-04-07 05:30:00+00:00,0.444081908190819,0.0,0.0408252853380157,0.8913419913419913
2021-04-07 05:45:00+00:00,0.4388876387638764,0.0,0.05684811237928,0.9071428571428571
2021-04-07 06:00:00+00:00,0.4336933693369337,0.0,0.0728709394205443,0.922943722943723
2021-04-07 06:15:00+00:00,0.42936168616861686,0.0,0.12778753292361716,0.9209956709956711
2021-04-07 06:30:00+00:00,0.4250300030003,0.0,0.18270412642669,0.9190476190476192
2021-04-07 06:45:00+00:00,0.42069831983198314,0.0,0.2376207199297629,0.9170995670995672
2021-04-07 07:00:00+00:00,0.4163666366636663,0.0,0.2925373134328358,0.9151515151515152
2021-04-07 07:15:00+00:00,0.4101128862886288,0.0,0.3459613696224758,0.9142857142857143
2021-04-07 07:30:00+00:00,0.4038591359135913,0.0,0.3993854258121159,0.9134199134199134
2021-04-07 07:45:00+00:00,0.3976053855385538,0.0,0.4528094820017559,0.9125541125541125
2021-04-07 08:00:00+00:00,0.3913516351635163,0.0,0.5062335381913959,0.9116883116883115
2021-04-07 08:15:00+00:00,0.3800442544254425,0.0,0.5365891132572431,0.9097402597402595
2021-04-07 08:30:00+00:00,0.3687368736873687,0.0,0.5669446883230904,0.9077922077922076
2021-04-07 08:45:00+00:00,0.3574294929492949,0.0,0.5973002633889377,0.9058441558441558
2021-04-07 09:00:00+00:00,0.3461221122112211,0.0,0.6276558384547849,0.903896103896104
2021-04-07 09:15:00+00:00,0.3338208820882088,0.0,0.6460930640913082,0.9010822510822512
2021-04-07 09:30:00+00:00,0.3215196519651965,0.0,0.6645302897278315,0.8982683982683983
2021-04-07 09:45:00+00:00,0.3092184218421842,0.0,0.6829675153643547,0.8954545454545455
2021-04-07 10:00:00+00:00,0.2969171917191719,0.0,0.701404741000878,0.8926406926406927
2021-04-07 10:15:00+00:00,0.2835658565856586,0.0,0.7093942054433715,0.8954545454545455
2021-04-07 10:30:00+00:00,0.2702145214521452,0.0,0.7173836698858649,0.8982683982683983
2021-04-07 10:45:00+00:00,0.25686318631863186,0.0,0.7253731343283583,0.9010822510822512
2021-04-07 11:00:00+00:00,0.2435118511851185,0.0,0.7333625987708516,0.903896103896104
2021-04-07 11:15:00+00:00,0.23458595859585957,0.0,0.7352282704126427,0.9032467532467533
2021-04-07 11:30:00+00:00,0.2256600660066006,0.0,0.7370939420544338,0.9025974025974026
2021-04-07 11:45:00+00:00,0.2167341734173417,0.0,0.7389596136962249,0.9019480519480518
2021-04-07 12:00:00+00:00,0.2078082808280828,0.0,0.7408252853380158,0.9012987012987012
2021-04-07 12:15:00+00:00,0.20336408640864084,0.0,0.7332309043020193,0.9015151515151514
2021-04-07 12:30:00+00:00,0.1989198919891989,0.0,0.7256365232660228,0.9017316017316016
2021-04-07 12:45:00+00:00,0.19447569756975697,0.0,0.7180421422300263,0.9019480519480518
2021-04-07 13:00:00+00:00,0.190031503150315,0.0,0.7104477611940299,0.9021645021645022
2021-04-07 13:15:00+00:00,0.19059405940594054,0.0,0.6981562774363477,0.9004329004329005
2021-04-07 13:30:00+00:00,0.1911566156615661,0.0,0.6858647936786655,0.8987012987012988
2021-04-07 13:45:00+00:00,0.19171917191719165,0.0,0.6735733099209833,0.896969696969697
2021-04-07 14:00:00+00:00,0.1922817281728172,0.0,0.6612818261633011,0.8952380952380953
2021-04-07 14:15:00+00:00,0.19828232823282316,0.0,0.6448419666374012,0.8993506493506493
2021-04-07 14:30:00+00:00,0.2042829282928291,0.0,0.6284021071115014,0.9034632034632034
2021-04-07 14:45:00+00:00,0.21028352835283515,0.0,0.6119622475856015,0.9075757575757575
2021-04-07 15:00:00+00:00,0.2162841284128412,0.0,0.5955223880597015,0.9116883116883115
2021-04-07 15:15:00+00:00,0.2186187368736873,0.0,0.564025460930641,0.9179653679653679
2021-04-07 15:30:00+00:00,0.2209533453345334,0.0,0.5325285338015804,0.9242424242424242
2021-04-07 15:45:00+00:00,0.2232879537953795,0.0,0.5010316066725198,0.9305194805194805
2021-04-07 16:00:00+00:00,0.2256225622562256,0.0,0.4695346795434592,0.9367965367965368
2021-04-07 16:15:00+00:00,0.22731023102310224,0.0,0.41209394205443367,0.9504329004329004
2021-04-07 16:30:00+00:00,0.2289978997899789,0.0,0.3546532045654082,0.964069264069264
2021-04-07 16:45:00+00:00,0.2306855685568556,0.0,0.29721246707638277,0.9777056277056275
2021-04-07 17:00:00+00:00,0.2323732373237323,0.0,0.2397717295873573,0.9913419913419912
2021-04-07 17:15:00+00:00,0.23454845484548445,0.0,0.1962028094820017,0.9935064935064934
2021-04-07 17:30:00+00:00,0.2367236723672366,0.0,0.1526338893766461,0.9956709956709956
2021-04-07 17:45:00+00:00,0.2388988898889888,0.0,0.10906496927129056,0.9978354978354977
2021-04-07 18:00:00+00:00,0.241074107410741,0.0,0.065496049165935,1.0
2021-04-07 18:15:00+00:00,0.24528390339033895,0.0,0.05665057067603155,1.0
2021-04-07 18:30:00+00:00,0.2494936993699369,0.0,0.0478050921861281,1.0
2021-04-07 18:45:00+00:00,0.2537034953495349,0.0,0.0389596136962247,1.0
2021-04-07 19:00:00+00:00,0.2579132913291329,0.0,0.0301141352063213,1.0
2021-04-07 19:15:00+00:00,0.26056668166816677,0.0,0.02535118525021945,1.0
2021-04-07 19:30:00+00:00,0.2632200720072006,0.0,0.0205882352941176,1.0
2021-04-07 19:45:00+00:00,0.26587346234623455,0.0,0.01582528533801575,1.0
2021-04-07 20:00:00+00:00,0.2685268526852685,0.0,0.0110623353819139,1.0
2021-04-07 20:15:00+00:00,0.2728866636663666,0.0,0.00921861281826155,0.9911255411255411
2021-04-07 20:30:00+00:00,0.2772464746474647,0.0,0.0073748902546092,0.9822510822510822
2021-04-07 20:45:00+00:00,0.2816062856285628,0.0,0.0055311676909569,0.9733766233766232
2021-04-07 21:00:00+00:00,0.285966096609661,0.0,0.0036874451273046,0.9645021645021644
2021-04-07 21:15:00+00:00,0.2879725472547255,0.0,0.0033143107989464004,0.9417748917748917
2021-04-07 21:30:00+00:00,0.28997899789979,0.0,0.0029411764705882,0.919047619047619
2021-04-07 21:45:00+00:00,0.2919854485448544,0.0,0.00256804214223,0.8963203463203463
2021-04-07 22:00:00+00:00,0.2939918991899189,0.0,0.0021949078138718,0.8735930735930736
2021-04-07 22:15:00+00:00,0.29326995199519945,0.0,0.0021949078138718,0.8645021645021644
2021-04-07 22:30:00+00:00,0.29254800480048,0.0,0.0021949078138718,0.8554112554112554
2021-04-07 22:45:00+00:00,0.2918260576057605,0.0,0.0021949078138718,0.8463203463203464
2021-04-07 23:00:00+00:00,0.2911041104110411,0.0,0.0021949078138718,0.8372294372294372
2021-04-07 23:15:00+00:00,0.2896508400840083,0.0,0.0020851624231781997,0.8326839826839827
2021-04-07 23:30:00+00:00,0.2881975697569756,0.0,0.0019754170324846,0.8281385281385281
2021-04-07 23:45:00+00:00,0.2867442994299429,0.0,0.0018656716417909999,0.8235930735930735
2021-04-08 00:00:00+00:00,0.2852910291029102,0.0,0.0017559262510974,0.819047619047619
2021-04-08 00:15:00+00:00,0.2822250975097509,0.0,0.0016242317822651,0.8188311688311688
2021-04-08 00:30:00+00:00,0.2791591659165916,0.0,0.0014925373134328,0.8186147186147186
2021-04-08 00:45:00+00:00,0.2760932343234323,0.0,0.0013608428446005,0.8183982683982685
2021-04-08 01:00:00+00:00,0.273027302730273,0.0,0.0012291483757682,0.8181818181818182
2021-04-08 01:15:00+00:00,0.2722209720972097,0.0,0.0012291483757682,0.8212121212121213
2021-04-08 01:30:00+00:00,0.2714146414641464,0.0,0.0012291483757682,0.8242424242424242
2021-04-08 01:45:00+00:00,0.2706083108310831,0.0,0.0012291483757682,0.8272727272727273
2021-04-08 02:00:00+00:00,0.2698019801980198,0.0,0.0012291483757682,0.8303030303030303
2021-04-08 02:15:00+00:00,0.26846122112211224,0.0,0.0012291483757682,0.832034632034632
2021-04-08 02:30:00+00:00,0.2671204620462046,0.0,0.0012291483757682,0.8337662337662337
2021-04-08 02:45:00+00:00,0.26577970297029696,0.0,0.0012291483757682,0.8354978354978355
2021-04-08 03:00:00+00:00,0.2644389438943894,0.0,0.0012291483757682,0.8372294372294372
2021-04-08 03:15:00+00:00,0.2616636663666366,0.0,0.00131694468832305,0.8443722943722944
2021-04-08 03:30:00+00:00,0.2588883888388839,0.0,0.0014047410008779,0.8515151515151516
2021-04-08 03:45:00+00:00,0.2561131113111311,0.0,0.0014925373134328,0.8586580086580087
2021-04-08 04:00:00+00:00,0.2533378337833783,0.0,0.0015803336259877,0.8658008658008658
2021-04-08 04:15:00+00:00,0.25037503750375034,0.0,0.00188762071992975,0.8796536796536796
2021-04-08 04:30:00+00:00,0.2474122412241224,0.0,0.0021949078138718,0.8935064935064935
2021-04-08 04:45:00+00:00,0.24444944494449444,0.0,0.0025021949078138503,0.9073593073593073
2021-04-08 05:00:00+00:00,0.2414866486648665,0.0,0.0028094820017559,0.9212121212121211
2021-04-08 05:15:00+00:00,0.2383925892589259,0.0,0.0103380158033362,0.9409090909090909
2021-04-08 05:30:00+00:00,0.2352985298529853,0.0,0.0178665496049165,0.9606060606060606
2021-04-08 05:45:00+00:00,0.2322044704470447,0.0,0.02539508340649685,0.9803030303030302
2021-04-08 06:00:00+00:00,0.2291104110411041,0.0,0.0329236172080772,1.0
2021-04-08 06:15:00+00:00,0.2240755325532553,0.0,0.0589113257243195,1.0
2021-04-08 06:30:00+00:00,0.2190406540654065,0.0,0.0848990342405618,1.0
2021-04-08 06:45:00+00:00,0.21400577557755768,0.0,0.11088674275680416,1.0
2021-04-08 07:00:00+00:00,0.2089708970897089,0.0,0.1368744512730465,1.0
2021-04-08 07:15:00+00:00,0.20626125112511245,0.0,0.165649692712906,0.9902597402597403
2021-04-08 07:30:00+00:00,0.203551605160516,0.0,0.1944249341527655,0.9805194805194806
2021-04-08 07:45:00+00:00,0.20084195919591957,0.0,0.22320017559262506,0.9707792207792207
2021-04-08 08:00:00+00:00,0.1981323132313231,0.0,0.2519754170324846,0.961038961038961
2021-04-08 08:15:00+00:00,0.1962852535253525,0.0,0.27868744512730464,0.9521645021645021
2021-04-08 08:30:00+00:00,0.1944381938193819,0.0,0.3053994732221247,0.9432900432900432
2021-04-08 08:45:00+00:00,0.1925911341134113,0.0,0.3321115013169447,0.9344155844155844
2021-04-08 09:00:00+00:00,0.1907440744074407,0.0,0.3588235294117647,0.9255411255411256
2021-04-08 09:15:00+00:00,0.1864498949894989,0.0,0.37901668129938537,0.9253246753246754
2021-04-08 09:30:00+00:00,0.1821557155715571,0.0,0.3992098331870061,0.9251082251082252
2021-04-08 09:45:00+00:00,0.1778615361536153,0.0,0.4194029850746268,0.924891774891775
2021-04-08 10:00:00+00:00,0.1735673567356735,0.0,0.4395961369622476,0.9246753246753248
2021-04-08 10:15:00+00:00,0.1710452295229522,0.0,0.4560140474100087,0.9244588744588746
2021-04-08 10:30:00+00:00,0.1685231023102309,0.0,0.4724319578577699,0.9242424242424244
2021-04-08 10:45:00+00:00,0.16600097509750966,0.0,0.4888498683055311,0.9240259740259742
2021-04-08 11:00:00+00:00,0.1634788478847884,0.0,0.5052677787532923,0.923809523809524
2021-04-08 11:15:00+00:00,0.1660384788478847,0.0,0.5177129060579455,0.9179653679653681
2021-04-08 11:30:00+00:00,0.168598109810981,0.0,0.5301580333625988,0.9121212121212122
2021-04-08 11:45:00+00:00,0.17115774077407736,0.0,0.542603160667252,0.9062770562770563
2021-04-08 12:00:00+00:00,0.1737173717371737,0.0,0.5550482879719052,0.9004329004329005
2021-04-08 12:15:00+00:00,0.17690519051905185,0.0,0.5560359964881475,0.8965367965367965
2021-04-08 12:30:00+00:00,0.18009300930093,0.0,0.5570237050043898,0.8926406926406927
2021-04-08 12:45:00+00:00,0.1832808280828082,0.0,0.5580114135206321,0.8887445887445888
2021-04-08 13:00:00+00:00,0.1864686468646864,0.0,0.5589991220368744,0.8848484848484849
2021-04-08 13:15:00+00:00,0.18775315031503145,0.0,0.5389815627743635,0.8865800865800866
2021-04-08 13:30:00+00:00,0.1890376537653765,0.0,0.5189640035118525,0.8883116883116884
2021-04-08 13:45:00+00:00,0.19032215721572154,0.0,0.4989464442493415,0.8900432900432901
2021-04-08 14:00:00+00:00,0.1916066606660666,0.0,0.4789288849868305,0.8917748917748918
2021-04-08 14:15:00+00:00,0.19364123912391235,0.0,0.4575285338015803,0.8935064935064935
2021-04-08 14:30:00+00:00,0.1956758175817581,0.0,0.4361281826163301,0.8952380952380952
2021-04-08 14:45:00+00:00,0.1977103960396039,0.0,0.4147278314310799,0.896969696969697
2021-04-08 15:00:00+00:00,0.1997449744974497,0.0,0.3933274802458297,0.8987012987012987
2021-04-08 15:15:00+00:00,0.2020983348334833,0.0,0.3661545215100966,0.9106060606060605
2021-04-08 15:30:00+00:00,0.2044516951695169,0.0,0.3389815627743634,0.9225108225108224
2021-04-08 15:45:00+00:00,0.2068050555055505,0.0,0.3118086040386303,0.9344155844155844
2021-04-08 16:00:00+00:00,0.2091584158415841,0.0,0.2846356453028972,0.9463203463203465
2021-04-08 16:15:00+00:00,0.21262751275127506,0.0,0.24677348551360834,0.9554112554112555
2021-04-08 16:30:00+00:00,0.216096609660966,0.0,0.2089113257243195,0.9645021645021646
2021-04-08 16:45:00+00:00,0.219565706570657,0.0,0.1710491659350307,0.9735930735930738
2021-04-08 17:00:00+00:00,0.223034803480348,0.0,0.1331870061457419,0.9826839826839828
2021-04-08 17:15:00+00:00,0.22519126912691265,0.0,0.1053555750658472,0.9870129870129871
2021-04-08 17:30:00+00:00,0.2273477347734773,0.0,0.0775241439859525,0.9913419913419914
2021-04-08 17:45:00+00:00,0.22950420042004194,0.0,0.0496927129060579,0.9956709956709957
2021-04-08 18:00:00+00:00,0.2316606660666066,0.0,0.0218612818261633,1.0
2021-04-08 18:15:00+00:00,0.2328795379537953,0.0,0.018327480245829652,1.0
2021-04-08 18:30:00+00:00,0.234098409840984,0.0,0.014793678665496,1.0
2021-04-08 18:45:00+00:00,0.23531728172817276,0.0,0.01125987708516235,1.0
2021-04-08 19:00:00+00:00,0.2365361536153615,0.0,0.0077260755048287,1.0
2021-04-08 19:15:00+00:00,0.237295604560456,0.0,0.007001755926251,0.9987012987012986
2021-04-08 19:30:00+00:00,0.2380550555055505,0.0,0.0062774363476733,0.9974025974025974
2021-04-08 19:45:00+00:00,0.238814506450645,0.0,0.0055531167690956,0.9961038961038962
2021-04-08 20:00:00+00:00,0.2395739573957395,0.0,0.0048287971905179,0.9948051948051948
2021-04-08 20:15:00+00:00,0.2389082658265826,0.0,0.00395083406496915,0.9822510822510822
2021-04-08 20:30:00+00:00,0.2382425742574257,0.0,0.0030728709394204,0.9696969696969696
2021-04-08 20:45:00+00:00,0.23757688268826882,0.0,0.0021949078138717,0.9571428571428571
2021-04-08 21:00:00+00:00,0.2369111911191119,0.0,0.001316944688323,0.9445887445887444
2021-04-08 21:15:00+00:00,0.2341827932793279,0.0,0.001316944688323,0.939177489177489
2021-04-08 21:30:00+00:00,0.2314543954395439,0.0,0.001316944688323,0.9337662337662336
2021-04-08 21:45:00+00:00,0.22872599759975995,0.0,0.001316944688323,0.9283549783549783
2021-04-08 22:00:00+00:00,0.225997599759976,0.0,0.001316944688323,0.922943722943723
2021-04-08 22:15:00+00:00,0.22645702070207013,0.0,0.001316944688323,0.9166666666666667
2021-04-08 22:30:00+00:00,0.2269164416441643,0.0,0.001316944688323,0.9103896103896104
2021-04-08 22:45:00+00:00,0.22737586258625855,0.0,0.001316944688323,0.9041125541125541
2021-04-08 23:00:00+00:00,0.2278352835283528,0.0,0.001316944688323,0.8978354978354979
2021-04-08 23:15:00+00:00,0.22861348634863482,0.0,0.001316944688323,0.8913419913419914
2021-04-08 23:30:00+00:00,0.2293916891689168,0.0,0.001316944688323,0.8848484848484849
2021-04-08 23:45:00+00:00,0.23016989198919885,0.0,0.001316944688323,0.8783549783549784
2021-04-09 00:00:00+00:00,0.2309480948094809,0.0,0.001316944688323,0.8718614718614719
2021-04-09 00:15:00+00:00,0.22838846384638462,0.0,0.001316944688323,0.86991341991342
2021-04-09 00:30:00+00:00,0.2258288328832883,0.0,0.001316944688323,0.867965367965368
2021-04-09 00:45:00+00:00,0.223269201920192,0.0,0.001316944688323,0.8660173160173161
2021-04-09 01:00:00+00:00,0.2207095709570957,0.0,0.001316944688323,0.8640692640692641
2021-04-09 01:15:00+00:00,0.21635913591359135,0.0,0.0012949956101843,0.8668831168831168
2021-04-09 01:30:00+00:00,0.212008700870087,0.0,0.0012730465320456,0.8696969696969696
2021-04-09 01:45:00+00:00,0.20765826582658264,0.0,0.0012510974539069,0.8725108225108225
2021-04-09 02:00:00+00:00,0.2033078307830783,0.0,0.0012291483757682,0.8753246753246753
2021-04-09 02:15:00+00:00,0.2020795829582958,0.0,0.0012291483757682,0.8738095238095238
2021-04-09 02:30:00+00:00,0.2008513351335133,0.0,0.0012291483757682,0.8722943722943723
2021-04-09 02:45:00+00:00,0.19962308730873085,0.0,0.0012291483757682,0.8707792207792209
2021-04-09 03:00:00+00:00,0.1983948394839484,0.0,0.0012291483757682,0.8692640692640693
2021-04-09 03:15:00+00:00,0.2018264326432643,0.0,0.0012291483757682,0.885930735930736
2021-04-09 03:30:00+00:00,0.2052580258025802,0.0,0.0012291483757682,0.9025974025974026
2021-04-09 03:45:00+00:00,0.20868961896189614,0.0,0.0012291483757682,0.9192640692640692
2021-04-09 04:00:00+00:00,0.2121212121212121,0.0,0.0012291483757682,0.935930735930736
2021-04-09 04:15:00+00:00,0.21533715871587153,0.0,0.0012510974539069,0.951948051948052
2021-04-09 04:30:00+00:00,0.218553105310531,0.0,0.0012730465320456,0.967965367965368
2021-04-09 04:45:00+00:00,0.2217690519051905,0.0,0.0012949956101843,0.983982683982684
2021-04-09 05:00:00+00:00,0.22498499849985,0.0,0.001316944688323,1.0
2021-04-09 05:15:00+00:00,0.22717896789678965,0.0,0.0061676909569796995,1.0
2021-04-09 05:30:00+00:00,0.2293729372937293,0.0,0.0110184372256364,1.0
2021-04-09 05:45:00+00:00,0.23156690669066898,0.0,0.01586918349429315,1.0
2021-04-09 06:00:00+00:00,0.2337608760876087,0.0,0.0207199297629499,1.0
2021-04-09 06:15:00+00:00,0.2334795979597959,0.0,0.040759438103599596,1.0
2021-04-09 06:30:00+00:00,0.2331983198319831,0.0,0.0607989464442493,1.0
2021-04-09 06:45:00+00:00,0.23291704170417035,0.0,0.080838454784899,1.0
2021-04-09 07:00:00+00:00,0.2326357635763576,0.0,0.1008779631255487,1.0
2021-04-09 07:15:00+00:00,0.23466096609660958,0.0,0.12223441615452145,1.0
2021-04-09 07:30:00+00:00,0.2366861686168616,0.0,0.1435908691834942,1.0
2021-04-09 07:45:00+00:00,0.23871137113711366,0.0,0.164947322212467,1.0
2021-04-09 08:00:00+00:00,0.2407365736573657,0.0,0.1863037752414398,1.0
2021-04-09 08:15:00+00:00,0.2406240624062406,0.0,0.20770412642669,0.9876623376623377
2021-04-09 08:30:00+00:00,0.2405115511551155,0.0,0.2291044776119402,0.9753246753246754
2021-04-09 08:45:00+00:00,0.2403990399039904,0.0,0.25050482879719044,0.9629870129870131
2021-04-09 09:00:00+00:00,0.2402865286528653,0.0,0.2719051799824407,0.9506493506493506
2021-04-09 09:15:00+00:00,0.23702370237023698,0.0,0.28884986830553105,0.9502164502164501
2021-04-09 09:30:00+00:00,0.2337608760876087,0.0,0.3057945566286215,0.9497835497835496
2021-04-09 09:45:00+00:00,0.23049804980498045,0.0,0.3227392449517119,0.9493506493506492
2021-04-09 10:00:00+00:00,0.2272352235223522,0.0,0.3396839332748024,0.9489177489177488
2021-04-09 10:15:00+00:00,0.22591321632163208,0.0,0.3520851624231781,0.9432900432900433
2021-04-09 10:30:00+00:00,0.224591209120912,0.0,0.3644863915715539,0.9376623376623376
2021-04-09 10:45:00+00:00,0.22326920192019195,0.0,0.37688762071992965,0.932034632034632
2021-04-09 11:00:00+00:00,0.2219471947194719,0.0,0.3892888498683055,0.9264069264069263
2021-04-09 11:15:00+00:00,0.21662166216621656,0.0,0.4026777875329236,0.9186147186147186
2021-04-09 11:30:00+00:00,0.2112961296129612,0.0,0.4160667251975417,0.9108225108225108
2021-04-09 11:45:00+00:00,0.20597059705970588,0.0,0.4294556628621598,0.9030303030303031
2021-04-09 12:00:00+00:00,0.2006450645064506,0.0,0.4428446005267779,0.8952380952380953
2021-04-09 12:15:00+00:00,0.1977103960396039,0.0,0.44982440737489027,0.8941558441558441
2021-04-09 12:30:00+00:00,0.1947757275727572,0.0,0.4568042142230026,0.8930735930735931
2021-04-09 12:45:00+00:00,0.19184105910591054,0.0,0.463784021071115,0.891991341991342
2021-04-09 13:00:00+00:00,0.1889063906390639,0.0,0.4707638279192274,0.8909090909090909
2021-04-09 13:15:00+00:00,0.18262451245124506,0.0,0.47034679543459174,0.8913419913419913
2021-04-09 13:30:00+00:00,0.1763426342634262,0.0,0.4699297629499561,0.8917748917748918
2021-04-09 13:45:00+00:00,0.17006075607560744,0.0,0.46951273046532044,0.8922077922077922
2021-04-09 14:00:00+00:00,0.1637788778877887,0.0,0.4690956979806848,0.8926406926406927
2021-04-09 14:15:00+00:00,0.15779702970297022,0.0,0.4613915715539947,0.895021645021645
2021-04-09 14:30:00+00:00,0.1518151815181517,0.0,0.4536874451273046,0.8974025974025974
2021-04-09 14:45:00+00:00,0.14583333333333326,0.0,0.44598331870061453,0.8997835497835498
2021-04-09 15:00:00+00:00,0.1398514851485148,0.0,0.4382791922739245,0.9021645021645022
2021-04-09 15:15:00+00:00,0.13785441044104407,0.0,0.4104477611940298,0.9082251082251083
2021-04-09 15:30:00+00:00,0.1358573357335733,0.0,0.3826163301141351,0.9142857142857144
2021-04-09 15:45:00+00:00,0.13386026102610254,0.0,0.3547848990342405,0.9203463203463204
2021-04-09 16:00:00+00:00,0.1318631863186318,0.0,0.3269534679543459,0.9264069264069263
2021-04-09 16:15:00+00:00,0.1322100960096009,0.0,0.28669885864793676,0.9448051948051948
2021-04-09 16:30:00+00:00,0.13255700570057,0.0,0.2464442493415276,0.9632034632034632
2021-04-09 16:45:00+00:00,0.13290391539153912,0.0,0.20618964003511844,0.9816017316017316
2021-04-09 17:00:00+00:00,0.1332508250825082,0.0,0.1659350307287093,1.0
2021-04-09 17:15:00+00:00,0.13583858385838582,0.0,0.13114574187884098,1.0
2021-04-09 17:30:00+00:00,0.1384263426342634,0.0,0.0963564530289727,1.0
2021-04-09 17:45:00+00:00,0.14101410141014098,0.0,0.0615671641791044,1.0
2021-04-09 18:00:00+00:00,0.1436018601860186,0.0,0.0267778753292361,1.0
2021-04-09 18:15:00+00:00,0.14666779177917788,0.0,0.02056628621597885,1.0
2021-04-09 18:30:00+00:00,0.1497337233723372,0.0,0.0143546971027216,1.0
2021-04-09 18:45:00+00:00,0.1527996549654965,0.0,0.00814310798946435,1.0
2021-04-09 19:00:00+00:00,0.1558655865586558,0.0,0.0019315188762071,1.0
2021-04-09 19:15:00+00:00,0.15936281128112806,0.0,0.00184372256365225,0.9906926406926408
2021-04-09 19:30:00+00:00,0.1628600360036003,0.0,0.0017559262510974,0.9813852813852816
2021-04-09 19:45:00+00:00,0.16635726072607257,0.0,0.00166812993854255,0.9720779220779222
2021-04-09 20:00:00+00:00,0.1698544854485448,0.0,0.0015803336259877,0.9627705627705628
2021-04-09 20:15:00+00:00,0.17176717671767172,0.0,0.0014705882352940998,0.9536796536796537
2021-04-09 20:30:00+00:00,0.1736798679867986,0.0,0.0013608428446005,0.9445887445887446
2021-04-09 20:45:00+00:00,0.17559255925592554,0.0,0.0012510974539069,0.9354978354978355
2021-04-09 21:00:00+00:00,0.1775052505250525,0.0,0.0011413520632133,0.9264069264069263
2021-04-09 21:15:00+00:00,0.1765957845784578,0.0,0.0011413520632133,0.9216450216450216
2021-04-09 21:30:00+00:00,0.1756863186318631,0.0,0.0011413520632133,0.9168831168831169
2021-04-09 21:45:00+00:00,0.17477685268526844,0.0,0.0011413520632133,0.9121212121212121
2021-04-09 22:00:00+00:00,0.1738673867386738,0.0,0.0011413520632133,0.9073593073593074
2021-04-09 22:15:00+00:00,0.1731735673567356,0.0,0.0011413520632133,0.8991341991341991
2021-04-09 22:30:00+00:00,0.1724797479747974,0.0,0.0011413520632133,0.8909090909090909
2021-04-09 22:45:00+00:00,0.17178592859285918,0.0,0.0011413520632133,0.8826839826839827
2021-04-09 23:00:00+00:00,0.171092109210921,0.0,0.0011413520632133,0.8744588744588745
2021-04-09 23:15:00+00:00,0.1713827632763275,0.0,0.0011413520632133,0.867965367965368
2021-04-09 23:30:00+00:00,0.171673417341734,0.0,0.0011413520632133,0.8614718614718615
2021-04-09 23:45:00+00:00,0.1719640714071406,0.0,0.0011413520632133,0.8549783549783551
2021-04-10 00:00:00+00:00,0.1722547254725472,0.0,0.0011413520632133,0.8484848484848485
2021-04-10 00:15:00+00:00,0.17144839483948385,0.0,0.0011413520632133,0.8443722943722944
2021-04-10 00:30:00+00:00,0.1706420642064205,0.0,0.0011413520632133,0.8402597402597403
2021-04-10 00:45:00+00:00,0.16983573357335724,0.0,0.0011413520632133,0.8361471861471861
2021-04-10 01:00:00+00:00,0.169029402940294,0.0,0.0011413520632133,0.832034632034632
2021-04-10 01:15:00+00:00,0.1643601860186018,0.0,0.00111940298507455,0.8309523809523809
2021-04-10 01:30:00+00:00,0.1596909690969096,0.0,0.0010974539069358,0.8298701298701299
2021-04-10 01:45:00+00:00,0.15502175217521746,0.0,0.0010755048287971,0.8287878787878789
2021-04-10 02:00:00+00:00,0.1503525352535253,0.0,0.0010535557506584,0.8277056277056277
2021-04-10 02:15:00+00:00,0.14678967896789674,0.0,0.0010755048287971,0.8264069264069265
2021-04-10 02:30:00+00:00,0.1432268226822682,0.0,0.0010974539069358,0.8251082251082251
2021-04-10 02:45:00+00:00,0.13966396639663964,0.0,0.00111940298507455,0.8238095238095238
2021-04-10 03:00:00+00:00,0.1361011101110111,0.0,0.0011413520632133,0.8225108225108225
2021-04-10 03:15:00+00:00,0.13345709570957093,0.0,0.00111940298507455,0.8222943722943723
2021-04-10 03:30:00+00:00,0.1308130813081308,0.0,0.0010974539069358,0.8220779220779221
2021-04-10 03:45:00+00:00,0.12816906690669067,0.0,0.0010755048287971,0.8218614718614718
2021-04-10 04:00:00+00:00,0.1255250525052505,0.0,0.0010535557506584,0.8216450216450216
2021-04-10 04:15:00+00:00,0.1234717221722172,0.0,0.00111940298507455,0.8277056277056276
2021-04-10 04:30:00+00:00,0.1214183918391839,0.0,0.0011852502194907,0.8337662337662337
2021-04-10 04:45:00+00:00,0.1193650615061506,0.0,0.00125109745390685,0.8398268398268398
2021-04-10 05:00:00+00:00,0.1173117311731173,0.0,0.001316944688323,0.8458874458874459
2021-04-10 05:15:00+00:00,0.116542904290429,0.0,0.0072431957857769,0.8502164502164502
2021-04-10 05:30:00+00:00,0.1157740774077407,0.0,0.0131694468832308,0.8545454545454545
2021-04-10 05:45:00+00:00,0.11500525052505245,0.0,0.01909569798068475,0.8588744588744588
2021-04-10 06:00:00+00:00,0.1142364236423642,0.0,0.0250219490781387,0.8632034632034632
2021-04-10 06:15:00+00:00,0.11129237923792375,0.0,0.045258999122036805,0.8751082251082252
2021-04-10 06:30:00+00:00,0.1083483348334833,0.0,0.0654960491659349,0.887012987012987
2021-04-10 06:45:00+00:00,0.10540429042904284,0.0,0.0857330992098331,0.8989177489177489
2021-04-10 07:00:00+00:00,0.1024602460246024,0.0,0.1059701492537313,0.9108225108225108
2021-04-10 07:15:00+00:00,0.10045379537953784,0.0,0.1330333625987708,0.9142857142857143
2021-04-10 07:30:00+00:00,0.0984473447344733,0.0,0.1600965759438103,0.9177489177489178
2021-04-10 07:45:00+00:00,0.09644089408940884,0.0,0.1871597892888498,0.9212121212121213
2021-04-10 08:00:00+00:00,0.0944344434443444,0.0,0.2142230026338893,0.9246753246753248
2021-04-10 08:15:00+00:00,0.09507200720072001,0.0,0.24071553994732214,0.917965367965368
2021-04-10 08:30:00+00:00,0.0957095709570956,0.0,0.267208077260755,0.9112554112554112
2021-04-10 08:45:00+00:00,0.09634713471347126,0.0,0.2937006145741879,0.9045454545454545
2021-04-10 09:00:00+00:00,0.0969846984698469,0.0,0.3201931518876207,0.8978354978354979
2021-04-10 09:15:00+00:00,0.0989723972397239,0.0,0.3445346795434592,0.8935064935064936
2021-04-10 09:30:00+00:00,0.1009600960096009,0.0,0.3688762071992976,0.8891774891774892
2021-04-10 09:45:00+00:00,0.10294779477947791,0.0,0.39321773485513606,0.8848484848484848
2021-04-10 10:00:00+00:00,0.1049354935493549,0.0,0.4175592625109745,0.8805194805194805
2021-04-10 10:15:00+00:00,0.1065481548154815,0.0,0.4325065847234416,0.8764069264069264
2021-04-10 10:30:00+00:00,0.1081608160816081,0.0,0.4474539069359087,0.8722943722943723
2021-04-10 10:45:00+00:00,0.10977347734773471,0.0,0.4624012291483757,0.8681818181818182
2021-04-10 11:00:00+00:00,0.1113861386138613,0.0,0.4773485513608428,0.8640692640692641
2021-04-10 11:15:00+00:00,0.1111798679867986,0.0,0.4823748902546092,0.8636363636363636
2021-04-10 11:30:00+00:00,0.1109735973597359,0.0,0.4874012291483757,0.8632034632034632
2021-04-10 11:45:00+00:00,0.1107673267326732,0.0,0.49242756804214216,0.8627705627705627
2021-04-10 12:00:00+00:00,0.1105610561056105,0.0,0.4974539069359087,0.8623376623376623
2021-04-10 12:15:00+00:00,0.1124081158115811,0.0,0.4969271290605794,0.8577922077922078
2021-04-10 12:30:00+00:00,0.1142551755175517,0.0,0.4964003511852501,0.8532467532467531
2021-04-10 12:45:00+00:00,0.1161022352235223,0.0,0.4958735733099209,0.8487012987012986
2021-04-10 13:00:00+00:00,0.1179492949294929,0.0,0.4953467954345917,0.8441558441558441
2021-04-10 13:15:00+00:00,0.12038703870387035,0.0,0.49172519754170313,0.8415584415584415
2021-04-10 13:30:00+00:00,0.1228247824782478,0.0,0.4881035996488146,0.8389610389610389
2021-04-10 13:45:00+00:00,0.12526252625262524,0.0,0.48448200175592615,0.8363636363636363
2021-04-10 14:00:00+00:00,0.1277002700270027,0.0,0.4808604038630377,0.8337662337662337
2021-04-10 14:15:00+00:00,0.12840346534653466,0.0,0.45845039508340646,0.8367965367965368
2021-04-10 14:30:00+00:00,0.1291066606660666,0.0,0.4360403863037752,0.8398268398268398
2021-04-10 14:45:00+00:00,0.12980985598559855,0.0,0.41363037752414394,0.8428571428571429
2021-04-10 15:00:00+00:00,0.1305130513051305,0.0,0.3912203687445127,0.8458874458874459
2021-04-10 15:15:00+00:00,0.13251950195019502,0.0,0.35851624231782264,0.848917748917749
2021-04-10 15:30:00+00:00,0.1345259525952595,0.0,0.3258121158911325,0.851948051948052
2021-04-10 15:45:00+00:00,0.136532403240324,0.0,0.2931079894644425,0.854978354978355
2021-04-10 16:00:00+00:00,0.1385388538853885,0.0,0.2604038630377524,0.858008658008658
2021-04-10 16:15:00+00:00,0.1383513351335133,0.0,0.22816066725197542,0.861038961038961
2021-04-10 16:30:00+00:00,0.1381638163816381,0.0,0.1959174714661984,0.864069264069264
2021-04-10 16:45:00+00:00,0.13797629762976293,0.0,0.1636742756804214,0.867099567099567
2021-04-10 17:00:00+00:00,0.1377887788778878,0.0,0.1314310798946444,0.8701298701298701
2021-04-10 17:15:00+00:00,0.13725435043504344,0.0,0.1081650570676031,0.8809523809523809
2021-04-10 17:30:00+00:00,0.1367199219921991,0.0,0.0848990342405618,0.8917748917748918
2021-04-10 17:45:00+00:00,0.13618549354935483,0.0,0.06163301141352055,0.9025974025974026
2021-04-10 18:00:00+00:00,0.1356510651065106,0.0,0.0383669885864793,0.9134199134199136
2021-04-10 18:15:00+00:00,0.13916704170417035,0.0,0.0324407374890254,0.9190476190476191
2021-04-10 18:30:00+00:00,0.1426830183018301,0.0,0.0265144863915715,0.9246753246753248
2021-04-10 18:45:00+00:00,0.1461989948994899,0.0,0.0205882352941176,0.9303030303030304
2021-04-10 19:00:00+00:00,0.1497149714971497,0.0,0.0146619841966637,0.935930735930736
2021-04-10 19:15:00+00:00,0.14901177617761774,0.0,0.013871817383669851,0.9324675324675324
2021-04-10 19:30:00+00:00,0.1483085808580858,0.0,0.013081650570676,0.929004329004329
2021-04-10 19:45:00+00:00,0.14760538553855385,0.0,0.01229148375768215,0.9255411255411256
2021-04-10 20:00:00+00:00,0.1469021902190219,0.0,0.0115013169446883,0.922077922077922
2021-04-10 20:15:00+00:00,0.14711783678367835,0.0,0.010359964881474951,0.9166666666666666
2021-04-10 20:30:00+00:00,0.1473334833483348,0.0,0.0092186128182616,0.9112554112554112
2021-04-10 20:45:00+00:00,0.14754912991299124,0.0,0.00807726075504825,0.9058441558441559
2021-04-10 21:00:00+00:00,0.1477647764776477,0.0,0.0069359086918349,0.9004329004329005
2021-04-10 21:15:00+00:00,0.1493305580558055,0.0,0.0069359086918349,0.8909090909090909
2021-04-10 21:30:00+00:00,0.1508963396339633,0.0,0.0069359086918349,0.8813852813852814
2021-04-10 21:45:00+00:00,0.15246212121212116,0.0,0.0069359086918349,0.8718614718614719
2021-04-10 22:00:00+00:00,0.154027902790279,0.0,0.0069359086918349,0.8623376623376623
2021-04-10 22:15:00+00:00,0.15211521152115207,0.0,0.0061896400351184495,0.854112554112554
2021-04-10 22:30:00+00:00,0.1502025202520251,0.0,0.005443371378402,0.8458874458874459
2021-04-10 22:45:00+00:00,0.14828982898289822,0.0,0.0046971027216856,0.8376623376623377
2021-04-10 23:00:00+00:00,0.1463771377137713,0.0,0.0039508340649692,0.8294372294372294
2021-04-10 23:15:00+00:00,0.14723034803480342,0.0,0.0032704126426688998,0.8296536796536796
2021-04-10 23:30:00+00:00,0.1480835583558355,0.0,0.0025899912203686,0.8298701298701299
2021-04-10 23:45:00+00:00,0.14893676867686761,0.0,0.0019095697980683998,0.8300865800865801
2021-04-11 00:00:00+00:00,0.1497899789978997,0.0,0.0012291483757682,0.8303030303030303
2021-04-11 00:15:00+00:00,0.1525183768376837,0.0,0.0012291483757682,0.827922077922078
2021-04-11 00:30:00+00:00,0.1552467746774677,0.0,0.0012291483757682,0.8255411255411256
2021-04-11 00:45:00+00:00,0.15797517251725168,0.0,0.0012291483757682,0.8231601731601732
2021-04-11 01:00:00+00:00,0.1607035703570357,0.0,0.0012291483757682,0.8207792207792208
2021-04-11 01:15:00+00:00,0.16354447944794476,0.0,0.0012291483757682,0.8205627705627706
2021-04-11 01:30:00+00:00,0.1663853885388538,0.0,0.0012291483757682,0.8203463203463204
2021-04-11 01:45:00+00:00,0.16922629762976288,0.0,0.0012291483757682,0.8201298701298702
2021-04-11 02:00:00+00:00,0.172067206720672,0.0,0.0012291483757682,0.8199134199134199
2021-04-11 02:15:00+00:00,0.17329545454545445,0.0,0.0012291483757682,0.8214285714285714
2021-04-11 02:30:00+00:00,0.1745237023702369,0.0,0.0012291483757682,0.822943722943723
2021-04-11 02:45:00+00:00,0.17575195019501938,0.0,0.0012291483757682,0.8244588744588746
2021-04-11 03:00:00+00:00,0.1769801980198019,0.0,0.0012291483757682,0.825974025974026
2021-04-11 03:15:00+00:00,0.17748649864986488,0.0,0.0012071992976294501,0.8335497835497836
2021-04-11 03:30:00+00:00,0.1779927992799279,0.0,0.0011852502194907,0.8411255411255412
2021-04-11 03:45:00+00:00,0.17849909990999097,0.0,0.001163301141352,0.8487012987012987
2021-04-11 04:00:00+00:00,0.179005400540054,0.0,0.0011413520632133,0.8562770562770563
2021-04-11 04:15:00+00:00,0.18469659465946592,0.0,0.0012949956101843,0.8543290043290044
2021-04-11 04:30:00+00:00,0.1903877887788778,0.0,0.0014486391571553,0.8523809523809525
2021-04-11 04:45:00+00:00,0.19607898289828973,0.0,0.0016022827041263501,0.8504329004329005
2021-04-11 05:00:00+00:00,0.2017701770177017,0.0,0.0017559262510974,0.8484848484848485
2021-04-11 05:15:00+00:00,0.2067206720672066,0.0,0.009679543459174648,0.8606060606060606
2021-04-11 05:30:00+00:00,0.2116711671167115,0.0,0.0176031606672519,0.8727272727272728
2021-04-11 05:45:00+00:00,0.21662166216621648,0.0,0.0255267778753292,0.8848484848484849
2021-04-11 06:00:00+00:00,0.2215721572157215,0.0,0.0334503950834065,0.896969696969697
2021-04-11 06:15:00+00:00,0.22612886288628853,0.0,0.059833187006145705,0.9032467532467533
2021-04-11 06:30:00+00:00,0.2306855685568556,0.0,0.0862159789288849,0.9095238095238096
2021-04-11 06:45:00+00:00,0.2352422742274227,0.0,0.11259877085162415,0.9158008658008658
2021-04-11 07:00:00+00:00,0.2397989798979898,0.0,0.1389815627743634,0.922077922077922
2021-04-11 07:15:00+00:00,0.24529327932793277,0.0,0.17392449517120276,0.9266233766233767
2021-04-11 07:30:00+00:00,0.2507875787578758,0.0,0.2088674275680421,0.9311688311688312
2021-04-11 07:45:00+00:00,0.2562818781878188,0.0,0.24381035996488146,0.9357142857142857
2021-04-11 08:00:00+00:00,0.2617761776177618,0.0,0.2787532923617208,0.9402597402597402
2021-04-11 08:15:00+00:00,0.27072082208220816,0.0,0.3109306409130816,0.9400432900432901
2021-04-11 08:30:00+00:00,0.2796654665466546,0.0,0.3431079894644424,0.93982683982684
2021-04-11 08:45:00+00:00,0.288610111011101,0.0,0.3752853380158032,0.9396103896103898
2021-04-11 09:00:00+00:00,0.2975547554755475,0.0,0.4074626865671641,0.9393939393939394
2021-04-11 09:15:00+00:00,0.3072119711971196,0.0,0.4264486391571553,0.9406926406926408
2021-04-11 09:30:00+00:00,0.3168691869186918,0.0,0.4454345917471465,0.941991341991342
2021-04-11 09:45:00+00:00,0.326526402640264,0.0,0.46442054433713775,0.9432900432900433
2021-04-11 10:00:00+00:00,0.3361836183618362,0.0,0.483406496927129,0.9445887445887444
2021-04-11 10:15:00+00:00,0.34764101410141013,0.0,0.4948639157155399,0.9437229437229436
2021-04-11 10:30:00+00:00,0.359098409840984,0.0,0.5063213345039508,0.9428571428571428
2021-04-11 10:45:00+00:00,0.370555805580558,0.0,0.5177787532923617,0.941991341991342
2021-04-11 11:00:00+00:00,0.382013201320132,0.0,0.5292361720807726,0.9411255411255413
2021-04-11 11:15:00+00:00,0.3895608310831083,0.0,0.5349209833187005,0.9322510822510823
2021-04-11 11:30:00+00:00,0.3971084608460846,0.0,0.5406057945566286,0.9233766233766234
2021-04-11 11:45:00+00:00,0.4046560906090609,0.0,0.5462906057945567,0.9145021645021645
2021-04-11 12:00:00+00:00,0.4122037203720372,0.0,0.5519754170324846,0.9056277056277056
2021-04-11 12:15:00+00:00,0.41425705070507046,0.0,0.556694468832309,0.9017316017316017
2021-04-11 12:30:00+00:00,0.4163103810381038,0.0,0.5614135206321335,0.8978354978354979
2021-04-11 12:45:00+00:00,0.4183637113711371,0.0,0.5661325724319579,0.893939393939394
2021-04-11 13:00:00+00:00,0.4204170417041704,0.0,0.5708516242317823,0.8900432900432901
2021-04-11 13:15:00+00:00,0.4232860786078607,0.0,0.5726953467954345,0.8861471861471861
2021-04-11 13:30:00+00:00,0.4261551155115511,0.0,0.5745390693590869,0.8822510822510823
2021-04-11 13:45:00+00:00,0.4290241524152415,0.0,0.5763827919227392,0.8783549783549784
2021-04-11 14:00:00+00:00,0.4318931893189319,0.0,0.5782265144863916,0.8744588744588745
2021-04-11 14:15:00+00:00,0.43941269126912685,0.0,0.567603160667252,0.8733766233766234
2021-04-11 14:30:00+00:00,0.4469321932193218,0.0,0.5569798068481124,0.8722943722943723
2021-04-11 14:45:00+00:00,0.45445169516951683,0.0,0.5463564530289728,0.8712121212121212
2021-04-11 15:00:00+00:00,0.4619711971197119,0.0,0.5357330992098331,0.8701298701298701
2021-04-11 15:15:00+00:00,0.4669779477947794,0.0,0.5192712906057946,0.8768398268398268
2021-04-11 15:30:00+00:00,0.4719846984698469,0.0,0.5028094820017559,0.8835497835497835
2021-04-11 15:45:00+00:00,0.4769914491449144,0.0,0.48634767339771723,0.8902597402597403
2021-04-11 16:00:00+00:00,0.481998199819982,0.0,0.4698858647936786,0.896969696969697
2021-04-11 16:15:00+00:00,0.48634863486348634,0.0,0.4226953467954345,0.9032467532467533
2021-04-11 16:30:00+00:00,0.4906990699069907,0.0,0.3755048287971905,0.9095238095238096
2021-04-11 16:45:00+00:00,0.49504950495049505,0.0,0.32831431079894646,0.9158008658008658
2021-04-11 17:00:00+00:00,0.4993999399939994,0.0,0.2811237928007024,0.922077922077922
2021-04-11 17:15:00+00:00,0.49536828682868284,0.0,0.23268217734855134,0.9290043290043289
2021-04-11 17:30:00+00:00,0.4913366336633663,0.0,0.1842405618964003,0.9359307359307358
2021-04-11 17:45:00+00:00,0.4873049804980497,0.0,0.1357989464442493,0.9428571428571427
2021-04-11 18:00:00+00:00,0.4832733273327332,0.0,0.0873573309920983,0.9497835497835496
2021-04-11 18:15:00+00:00,0.4857204470447044,0.0,0.07456101843722561,0.9499999999999997
2021-04-11 18:30:00+00:00,0.4881675667566756,0.0,0.0617647058823529,0.95021645021645
2021-04-11 18:45:00+00:00,0.4906146864686468,0.0,0.0489683933274802,0.9504329004329003
2021-04-11 19:00:00+00:00,0.493061806180618,0.0,0.0361720807726075,0.9506493506493506
2021-04-11 19:15:00+00:00,0.4959777227722772,0.0,0.034064969271290546,0.9493506493506494
2021-04-11 19:30:00+00:00,0.4988936393639364,0.0,0.0319578577699736,0.948051948051948
2021-04-11 19:45:00+00:00,0.5018095559555955,0.0,0.02985074626865665,0.9467532467532467
2021-04-11 20:00:00+00:00,0.5047254725472547,0.0,0.0277436347673397,0.9454545454545454
2021-04-11 20:15:00+00:00,0.5000187518751875,0.0,0.025614574187884,0.9437229437229437
2021-04-11 20:30:00+00:00,0.4953120312031203,0.0,0.0234855136084283,0.941991341991342
2021-04-11 20:45:00+00:00,0.49060531053105305,0.0,0.0213564530289727,0.9402597402597402
2021-04-11 21:00:00+00:00,0.4858985898589859,0.0,0.0192273924495171,0.9385281385281384
2021-04-11 21:15:00+00:00,0.48111686168616863,0.0,0.0185469710272168,0.9274891774891774
2021-04-11 21:30:00+00:00,0.4763351335133513,0.0,0.0178665496049165,0.9164502164502164
2021-04-11 21:45:00+00:00,0.471553405340534,0.0,0.01718612818261625,0.9054112554112554
2021-04-11 22:00:00+00:00,0.4667716771677168,0.0,0.016505706760316,0.8943722943722944
2021-04-11 22:15:00+00:00,0.464737098709871,0.0,0.015539947322212401,0.8909090909090909
2021-04-11 22:30:00+00:00,0.4627025202520252,0.0,0.0145741878841088,0.8874458874458875
2021-04-11 22:45:00+00:00,0.46066794179417936,0.0,0.0136084284460052,0.883982683982684
2021-04-11 23:00:00+00:00,0.4586333633363336,0.0,0.0126426690079016,0.8805194805194805
2021-04-11 23:15:00+00:00,0.4545173267326732,0.0,0.011962247585601351,0.879004329004329
2021-04-11 23:30:00+00:00,0.4504012901290128,0.0,0.0112818261633011,0.8774891774891775
2021-04-11 23:45:00+00:00,0.4462852535253524,0.0,0.01060140474100085,0.8759740259740261
2021-04-12 00:00:00+00:00,0.4421692169216921,0.0,0.0099209833187006,0.8744588744588745
2021-04-12 00:15:00+00:00,0.4381281878187818,0.0,0.00866988586479365,0.8759740259740261
2021-04-12 00:30:00+00:00,0.4340871587158715,0.0,0.0074187884108867,0.8774891774891775
2021-04-12 00:45:00+00:00,0.4300461296129613,0.0,0.00616769095697975,0.879004329004329
2021-04-12 01:00:00+00:00,0.426005100510051,0.0,0.0049165935030728,0.8805194805194805
2021-04-12 01:15:00+00:00,0.4216452895289529,0.0,0.00465320456540815,0.8841991341991342
2021-04-12 01:30:00+00:00,0.4172854785478548,0.0,0.0043898156277435,0.8878787878787879
2021-04-12 01:45:00+00:00,0.4129256675667567,0.0,0.004126426690078899,0.8915584415584416
2021-04-12 02:00:00+00:00,0.4085658565856586,0.0,0.0038630377524143,0.8952380952380953
2021-04-12 02:15:00+00:00,0.4039341434143414,0.0,0.0038630377524143,0.9132034632034632
2021-04-12 02:30:00+00:00,0.3993024302430242,0.0,0.0038630377524143,0.9311688311688312
2021-04-12 02:45:00+00:00,0.3946707170717071,0.0,0.0038630377524143,0.9491341991341993
2021-04-12 03:00:00+00:00,0.39003900390039,0.0,0.0038630377524143,0.9670995670995672
2021-04-12 03:15:00+00:00,0.3846478397839783,0.0,0.00344600526777865,0.9642857142857144
2021-04-12 03:30:00+00:00,0.3792566756675667,0.0,0.003028972783143,0.9614718614718616
2021-04-12 03:45:00+00:00,0.3738655115511551,0.0,0.0026119402985074003,0.9586580086580088
2021-04-12 04:00:00+00:00,0.3684743474347435,0.0,0.0021949078138718,0.9558441558441558
2021-04-12 04:15:00+00:00,0.3666554155415542,0.0,0.0024582967515364,0.9668831168831169
2021-04-12 04:30:00+00:00,0.3648364836483648,0.0,0.002721685689201,0.977922077922078
2021-04-12 04:45:00+00:00,0.36301755175517547,0.0,0.0029850746268656,0.988961038961039
2021-04-12 05:00:00+00:00,0.3611986198619862,0.0,0.0032484635645302,1.0
2021-04-12 05:15:00+00:00,0.35961408640864084,0.0,0.025460930640913,0.9995670995670995
2021-04-12 05:30:00+00:00,0.3580295529552955,0.0,0.0476733977172958,0.9991341991341992
2021-04-12 05:45:00+00:00,0.3564450195019502,0.0,0.0698858647936786,0.9987012987012989
2021-04-12 06:00:00+00:00,0.3548604860486049,0.0,0.0920983318700614,0.9982683982683984
2021-04-12 06:15:00+00:00,0.3533790879087909,0.0,0.15245829675153635,0.9922077922077923
2021-04-12 06:30:00+00:00,0.3518976897689769,0.0,0.2128182616330113,0.9861471861471862
2021-04-12 06:45:00+00:00,0.3504162916291629,0.0,0.2731782265144863,0.9800865800865801
2021-04-12 07:00:00+00:00,0.3489348934893489,0.0,0.3335381913959613,0.974025974025974
2021-04-12 07:15:00+00:00,0.34346872187218713,0.0,0.3856892010535557,0.9528138528138528
2021-04-12 07:30:00+00:00,0.3380025502550254,0.0,0.4378402107111501,0.9316017316017317
2021-04-12 07:45:00+00:00,0.33253637863786367,0.0,0.4899912203687445,0.9103896103896104
2021-04-12 08:00:00+00:00,0.327070207020702,0.0,0.5421422300263389,0.8891774891774892
2021-04-12 08:15:00+00:00,0.3140001500150014,0.0,0.575307287093942,0.8835497835497836
2021-04-12 08:30:00+00:00,0.3009300930093009,0.0,0.6084723441615452,0.877922077922078
2021-04-12 08:45:00+00:00,0.28786003600360033,0.0,0.6416374012291484,0.8722943722943723
2021-04-12 09:00:00+00:00,0.2747899789978998,0.0,0.6748024582967516,0.8666666666666667
2021-04-12 09:15:00+00:00,0.26465459045904594,0.0,0.6907594381035996,0.867965367965368
2021-04-12 09:30:00+00:00,0.254519201920192,0.0,0.7067164179104477,0.8692640692640693
2021-04-12 09:45:00+00:00,0.2443838133813381,0.0,0.7226733977172959,0.8705627705627705
2021-04-12 10:00:00+00:00,0.2342484248424842,0.0,0.738630377524144,0.8718614718614719
2021-04-12 10:15:00+00:00,0.22636326132613255,0.0,0.7445127304653205,0.8716450216450217
2021-04-12 10:30:00+00:00,0.2184780978097809,0.0,0.750395083406497,0.8714285714285714
2021-04-12 10:45:00+00:00,0.2105929342934293,0.0,0.7562774363476734,0.8712121212121212
2021-04-12 11:00:00+00:00,0.2027077707770777,0.0,0.7621597892888499,0.870995670995671
2021-04-12 11:15:00+00:00,0.1990511551155115,0.0,0.7600965759438103,0.8681818181818182
2021-04-12 11:30:00+00:00,0.1953945394539453,0.0,0.7580333625987709,0.8653679653679653
2021-04-12 11:45:00+00:00,0.19173792379237914,0.0,0.7559701492537314,0.8625541125541125
2021-04-12 12:00:00+00:00,0.188081308130813,0.0,0.7539069359086918,0.8597402597402597
2021-04-12 12:15:00+00:00,0.18632800780078,0.0,0.7528094820017559,0.8597402597402597
2021-04-12 12:30:00+00:00,0.184574707470747,0.0,0.75171202809482,0.8597402597402597
2021-04-12 12:45:00+00:00,0.182821407140714,0.0,0.750614574187884,0.8597402597402597
2021-04-12 13:00:00+00:00,0.181068106810681,0.0,0.7495171202809482,0.8597402597402597
2021-04-12 13:15:00+00:00,0.18399339933993392,0.0,0.7401448639157155,0.8584415584415583
2021-04-12 13:30:00+00:00,0.1869186918691868,0.0,0.7307726075504829,0.8571428571428571
2021-04-12 13:45:00+00:00,0.18984398439843975,0.0,0.7214003511852503,0.8558441558441559
2021-04-12 14:00:00+00:00,0.1927692769276927,0.0,0.7120280948200176,0.8545454545454545
2021-04-12 14:15:00+00:00,0.19315369036903685,0.0,0.6845478489903425,0.8577922077922077
2021-04-12 14:30:00+00:00,0.193538103810381,0.0,0.6570676031606673,0.8610389610389609
2021-04-12 14:45:00+00:00,0.19392251725172516,0.0,0.629587357330992,0.8642857142857142
2021-04-12 15:00:00+00:00,0.1943069306930693,0.0,0.6021071115013169,0.8675324675324675
2021-04-12 15:15:00+00:00,0.19477572757275727,0.0,0.5691615452151009,0.8753246753246753
2021-04-12 15:30:00+00:00,0.1952445244524452,0.0,0.536215978928885,0.8831168831168831
2021-04-12 15:45:00+00:00,0.1957133213321332,0.0,0.503270412642669,0.8909090909090909
2021-04-12 16:00:00+00:00,0.1961821182118212,0.0,0.470324846356453,0.8987012987012987
2021-04-12 16:15:00+00:00,0.1939787728772877,0.0,0.41692273924495166,0.924025974025974
2021-04-12 16:30:00+00:00,0.1917754275427542,0.0,0.3635206321334503,0.9493506493506494
2021-04-12 16:45:00+00:00,0.18957208220822075,0.0,0.31011852502194903,0.9746753246753247
2021-04-12 17:00:00+00:00,0.1873687368736873,0.0,0.2567164179104477,1.0
2021-04-12 17:15:00+00:00,0.18569981998199814,0.0,0.2115671641791044,1.0
2021-04-12 17:30:00+00:00,0.184030903090309,0.0,0.1664179104477611,1.0
2021-04-12 17:45:00+00:00,0.18236198619861985,0.0,0.12126865671641784,1.0
2021-04-12 18:00:00+00:00,0.1806930693069307,0.0,0.0761194029850746,1.0
2021-04-12 18:15:00+00:00,0.1836652415241524,0.0,0.068064091308165,1.0
2021-04-12 18:30:00+00:00,0.1866374137413741,0.0,0.0600087796312554,1.0
2021-04-12 18:45:00+00:00,0.18960958595859578,0.0,0.05195346795434585,1.0
2021-04-12 19:00:00+00:00,0.1925817581758175,0.0,0.0438981562774363,1.0
2021-04-12 19:15:00+00:00,0.19448507350735064,0.0,0.04093503072870935,0.9922077922077922
2021-04-12 19:30:00+00:00,0.1963883888388838,0.0,0.0379719051799824,0.9844155844155844
2021-04-12 19:45:00+00:00,0.198291704170417,0.0,0.03500877963125545,0.9766233766233766
2021-04-12 20:00:00+00:00,0.2001950195019502,0.0,0.0320456540825285,0.9688311688311688
2021-04-12 20:15:00+00:00,0.19999812481248125,0.0,0.031189640035118447,0.9681818181818183
2021-04-12 20:30:00+00:00,0.1998012301230123,0.0,0.0303336259877084,0.9675324675324676
2021-04-12 20:45:00+00:00,0.19960433543354333,0.0,0.0294776119402984,0.9668831168831169
2021-04-12 21:00:00+00:00,0.1994074407440744,0.0,0.0286215978928884,0.9662337662337662
2021-04-12 21:15:00+00:00,0.1976916441644164,0.0,0.0269315188762071,0.9406926406926407
2021-04-12 21:30:00+00:00,0.1959758475847584,0.0,0.0252414398595258,0.9151515151515152
2021-04-12 21:45:00+00:00,0.19426005100510044,0.0,0.023551360842844548,0.8896103896103896
2021-04-12 22:00:00+00:00,0.1925442544254425,0.0,0.0218612818261633,0.8640692640692641
2021-04-12 22:15:00+00:00,0.1903690369036903,0.0,0.0203467954345917,0.8556277056277057
2021-04-12 22:30:00+00:00,0.1881938193819381,0.0,0.0188323090430201,0.8471861471861473
2021-04-12 22:45:00+00:00,0.18601860186018596,0.0,0.01731782265144855,0.8387445887445888
2021-04-12 23:00:00+00:00,0.1838433843384338,0.0,0.015803336259877,0.8303030303030303
2021-04-12 23:15:00+00:00,0.18100247524752472,0.0,0.01525460930640905,0.827922077922078
2021-04-12 23:30:00+00:00,0.1781615661566156,0.0,0.0147058823529411,0.8255411255411256
2021-04-12 23:45:00+00:00,0.1753206570657065,0.0,0.01415715539947315,0.8231601731601732
2021-04-13 00:00:00+00:00,0.1724797479747974,0.0,0.0136084284460052,0.8207792207792208
2021-04-13 00:15:00+00:00,0.16895439543954385,0.0,0.013125548726953401,0.8196969696969697
2021-04-13 00:30:00+00:00,0.1654290429042903,0.0,0.0126426690079016,0.8186147186147186
2021-04-13 00:45:00+00:00,0.16190369036903682,0.0,0.012159789288849799,0.8175324675324676
2021-04-13 01:00:00+00:00,0.1583783378337833,0.0,0.011676909569798,0.8164502164502164
2021-04-13 01:15:00+00:00,0.15520927092709264,0.0,0.01117208077260745,0.8136363636363637
2021-04-13 01:30:00+00:00,0.152040204020402,0.0,0.0106672519754169,0.8108225108225109
2021-04-13 01:45:00+00:00,0.14887113711371136,0.0,0.0101624231782264,0.8080086580086581
2021-04-13 02:00:00+00:00,0.1457020702070207,0.0,0.0096575943810359,0.8051948051948052
2021-04-13 02:15:00+00:00,0.1433393339333933,0.0,0.0096575943810359,0.8047619047619048
2021-04-13 02:30:00+00:00,0.1409765976597659,0.0,0.0096575943810359,0.8043290043290043
2021-04-13 02:45:00+00:00,0.13861386138613854,0.0,0.0096575943810359,0.8038961038961039
2021-04-13 03:00:00+00:00,0.1362511251125112,0.0,0.0096575943810359,0.8034632034632034
2021-04-13 03:15:00+00:00,0.1360917341734173,0.0,0.0079894644424933,0.8138528138528138
2021-04-13 03:30:00+00:00,0.1359323432343234,0.0,0.0063213345039507,0.8242424242424242
2021-04-13 03:45:00+00:00,0.1357729522952295,0.0,0.00465320456540815,0.8346320346320346
2021-04-13 04:00:00+00:00,0.1356135613561356,0.0,0.0029850746268656,0.845021645021645
2021-04-13 04:15:00+00:00,0.13538853885388535,0.0,0.00318261633011405,0.8562770562770563
2021-04-13 04:30:00+00:00,0.1351635163516351,0.0,0.0033801580333625,0.8675324675324676
2021-04-13 04:45:00+00:00,0.1349384938493849,0.0,0.003577699736611,0.8787878787878789
2021-04-13 05:00:00+00:00,0.1347134713471347,0.0,0.0037752414398595,0.8900432900432901
2021-04-13 05:15:00+00:00,0.13334458445844583,0.0,0.022212467076382747,0.8930735930735931
2021-04-13 05:30:00+00:00,0.1319756975697569,0.0,0.040649692712906,0.8961038961038961
2021-04-13 05:45:00+00:00,0.13060681068106805,0.0,0.05908691834942925,0.8991341991341991
2021-04-13 06:00:00+00:00,0.1292379237923792,0.0,0.0775241439859525,0.9021645021645022
2021-04-13 06:15:00+00:00,0.12806593159315927,0.0,0.1194468832309042,0.9017316017316017
2021-04-13 06:30:00+00:00,0.1268939393939393,0.0,0.1613696224758559,0.9012987012987012
2021-04-13 06:45:00+00:00,0.1257219471947194,0.0,0.20329236172080767,0.9008658008658008
2021-04-13 07:00:00+00:00,0.1245499549954995,0.0,0.2452151009657594,0.9004329004329005
2021-04-13 07:15:00+00:00,0.12349047404740471,0.0,0.28680860403863034,0.9019480519480519
2021-04-13 07:30:00+00:00,0.1224309930993099,0.0,0.3284021071115013,0.9034632034632034
2021-04-13 07:45:00+00:00,0.1213715121512151,0.0,0.3699956101843722,0.9049783549783549
2021-04-13 08:00:00+00:00,0.1203120312031203,0.0,0.4115891132572432,0.9064935064935064
2021-04-13 08:15:00+00:00,0.11856810681068106,0.0,0.44541264266900793,0.9021645021645021
2021-04-13 08:30:00+00:00,0.1168241824182418,0.0,0.4792361720807726,0.8978354978354978
2021-04-13 08:45:00+00:00,0.11508025802580255,0.0,0.5130597014925373,0.8935064935064935
2021-04-13 09:00:00+00:00,0.1133363336333633,0.0,0.546883230904302,0.8891774891774892
2021-04-13 09:15:00+00:00,0.1125018751875187,0.0,0.5710711150131695,0.8857142857142857
2021-04-13 09:30:00+00:00,0.1116674167416741,0.0,0.595258999122037,0.8822510822510823
2021-04-13 09:45:00+00:00,0.11083295829582955,0.0,0.6194468832309044,0.8787878787878788
2021-04-13 10:00:00+00:00,0.109998499849985,0.0,0.6436347673397718,0.8753246753246753
2021-04-13 10:15:00+00:00,0.1104110411041104,0.0,0.6512730465320457,0.8755411255411255
2021-04-13 10:30:00+00:00,0.1108235823582358,0.0,0.6589113257243195,0.8757575757575757
2021-04-13 10:45:00+00:00,0.11123612361236121,0.0,0.6665496049165934,0.875974025974026
2021-04-13 11:00:00+00:00,0.1116486648664866,0.0,0.6741878841088674,0.8761904761904762
2021-04-13 11:15:00+00:00,0.11322382238223816,0.0,0.6723222124670765,0.8764069264069264
2021-04-13 11:30:00+00:00,0.1147989798979897,0.0,0.6704565408252854,0.8766233766233766
2021-04-13 11:45:00+00:00,0.11637413741374131,0.0,0.6685908691834943,0.8768398268398269
2021-04-13 12:00:00+00:00,0.1179492949294929,0.0,0.6667251975417032,0.8770562770562771
2021-04-13 12:15:00+00:00,0.11608348334833475,0.0,0.6581650570676032,0.8768398268398269
2021-04-13 12:30:00+00:00,0.1142176717671766,0.0,0.6496049165935031,0.8766233766233766
2021-04-13 12:45:00+00:00,0.1123518601860185,0.0,0.6410447761194029,0.8764069264069264
2021-04-13 13:00:00+00:00,0.1104860486048604,0.0,0.6324846356453029,0.8761904761904762
2021-04-13 13:15:00+00:00,0.10907028202820275,0.0,0.6137401229148376,0.8761904761904762
2021-04-13 13:30:00+00:00,0.1076545154515451,0.0,0.5949956101843723,0.8761904761904762
2021-04-13 13:45:00+00:00,0.10623874887488745,0.0,0.576251097453907,0.8761904761904762
2021-04-13 14:00:00+00:00,0.1048229822982298,0.0,0.5575065847234416,0.8761904761904762
2021-04-13 14:15:00+00:00,0.10357598259825976,0.0,0.5284679543459174,0.8761904761904762
2021-04-13 14:30:00+00:00,0.1023289828982897,0.0,0.4994293239683933,0.8761904761904762
2021-04-13 14:45:00+00:00,0.10108198319831975,0.0,0.47039069359086916,0.8761904761904762
2021-04-13 15:00:00+00:00,0.0998349834983498,0.0,0.441352063213345,0.8761904761904762
2021-04-13 15:15:00+00:00,0.09999437443744369,0.0,0.4152107111501317,0.8837662337662338
2021-04-13 15:30:00+00:00,0.1001537653765376,0.0,0.3890693590869183,0.8913419913419913
2021-04-13 15:45:00+00:00,0.10031315631563151,0.0,0.362928007023705,0.8989177489177489
2021-04-13 16:00:00+00:00,0.1004725472547254,0.0,0.3367866549604916,0.9064935064935064
2021-04-13 16:15:00+00:00,0.09893489348934885,0.0,0.29398595258999116,0.9177489177489178
2021-04-13 16:30:00+00:00,0.0973972397239723,0.0,0.2511852502194907,0.929004329004329
2021-04-13 16:45:00+00:00,0.0958595859585958,0.0,0.2083845478489903,0.9402597402597404
2021-04-13 17:00:00+00:00,0.0943219321932193,0.0,0.1655838454784899,0.9515151515151516
2021-04-13 17:15:00+00:00,0.09319681968196815,0.0,0.13571115013169444,0.9603896103896103
2021-04-13 17:30:00+00:00,0.092071707170717,0.0,0.105838454784899,0.9692640692640692
2021-04-13 17:45:00+00:00,0.09094659465946589,0.0,0.07596575943810356,0.9781385281385281
2021-04-13 18:00:00+00:00,0.0898214821482148,0.0,0.0460930640913081,0.987012987012987
2021-04-13 18:15:00+00:00,0.09019651965196515,0.0,0.04108867427568035,0.9857142857142858
2021-04-13 18:30:00+00:00,0.0905715571557155,0.0,0.0360842844600526,0.9844155844155844
2021-04-13 18:45:00+00:00,0.0909465946594659,0.0,0.03107989464442485,0.9831168831168831
2021-04-13 19:00:00+00:00,0.0913216321632163,0.0,0.0260755048287971,0.9818181818181818
2021-04-13 19:15:00+00:00,0.09199669966996696,0.0,0.02453906935908685,0.9781385281385282
2021-04-13 19:30:00+00:00,0.0926717671767176,0.0,0.0230026338893766,0.9744588744588746
2021-04-13 19:45:00+00:00,0.0933468346834683,0.0,0.02146619841966635,0.970779220779221
2021-04-13 20:00:00+00:00,0.094021902190219,0.0,0.0199297629499561,0.9670995670995672
2021-04-13 20:15:00+00:00,0.09391876687668765,0.0,0.01874451273046525,0.9621212121212122
2021-04-13 20:30:00+00:00,0.0938156315631563,0.0,0.0175592625109744,0.9571428571428572
2021-04-13 20:45:00+00:00,0.09371249624962494,0.0,0.01637401229148365,0.9521645021645022
2021-04-13 21:00:00+00:00,0.0936093609360936,0.0,0.0151887620719929,0.9471861471861472
2021-04-13 21:15:00+00:00,0.0927655265526552,0.0,0.01406935908691825,0.9590909090909092
2021-04-13 21:30:00+00:00,0.0919216921692168,0.0,0.0129499561018436,0.9709956709956712
2021-04-13 21:45:00+00:00,0.09107785778577851,0.0,0.011830553116769,0.9829004329004329
2021-04-13 22:00:00+00:00,0.0902340234023402,0.0,0.0107111501316944,0.9948051948051948
2021-04-13 22:15:00+00:00,0.09008400840084005,0.0,0.01022827041264255,0.9532467532467532
2021-04-13 22:30:00+00:00,0.0899339933993399,0.0,0.0097453906935907,0.9116883116883115
2021-04-13 22:45:00+00:00,0.08978397839783975,0.0,0.009262510974538951,0.8701298701298701
2021-04-13 23:00:00+00:00,0.0896339633963396,0.0,0.0087796312554872,0.8285714285714286
2021-04-13 23:15:00+00:00,0.09058093309330931,0.0,0.008296751536435401,0.8188311688311689
2021-04-13 23:30:00+00:00,0.091527902790279,0.0,0.0078138718173836,0.8090909090909091
2021-04-13 23:45:00+00:00,0.0924748724872487,0.0,0.0073309920983318,0.7993506493506494
2021-04-14 00:00:00+00:00,0.0934218421842184,0.0,0.00684811237928,0.7896103896103897
2021-04-14 00:15:00+00:00,0.092540504050405,0.0,0.00629938542581205,0.7861471861471861
2021-04-14 00:30:00+00:00,0.0916591659165916,0.0,0.0057506584723441,0.7826839826839826
2021-04-14 00:45:00+00:00,0.0907778277827782,0.0,0.00520193151887615,0.7792207792207793
2021-04-14 01:00:00+00:00,0.0898964896489648,0.0,0.0046532045654082,0.7757575757575758
2021-04-14 01:15:00+00:00,0.08899639963996385,0.0,0.0046532045654082,0.7742424242424242
2021-04-14 01:30:00+00:00,0.0880963096309629,0.0,0.0046532045654082,0.7727272727272727
2021-04-14 01:45:00+00:00,0.08719621962196206,0.0,0.0046532045654082,0.7712121212121212
2021-04-14 02:00:00+00:00,0.0862961296129612,0.0,0.0046532045654082,0.7696969696969697
2021-04-14 02:15:00+00:00,0.08653052805280514,0.0,0.0046532045654082,0.7787878787878788
2021-04-14 02:30:00+00:00,0.0867649264926491,0.0,0.0046532045654082,0.7878787878787878
2021-04-14 02:45:00+00:00,0.08699932493249316,0.0,0.0046532045654082,0.7969696969696969
2021-04-14 03:00:00+00:00,0.0872337233723372,0.0,0.0046532045654082,0.806060606060606
2021-04-14 03:15:00+00:00,0.08811506150615055,0.0,0.0046312554872694495,0.8374458874458874
2021-04-14 03:30:00+00:00,0.0889963996399639,0.0,0.0046093064091307,0.8688311688311688
2021-04-14 03:45:00+00:00,0.0898777377737773,0.0,0.004587357330992,0.9002164502164502
2021-04-14 04:00:00+00:00,0.0907590759075907,0.0,0.0045654082528533,0.9316017316017317
2021-04-14 04:15:00+00:00,0.09213733873387331,0.0,0.0047190517998243,0.9406926406926408
2021-04-14 04:30:00+00:00,0.0935156015601559,0.0,0.0048726953467953,0.9497835497835498
2021-04-14 04:45:00+00:00,0.09489386438643854,0.0,0.00502633889376635,0.9588744588744589
2021-04-14 05:00:00+00:00,0.0962721272127212,0.0,0.0051799824407374,0.967965367965368
2021-04-14 05:15:00+00:00,0.10012563756375631,0.0,0.012620719929762849,0.9759740259740259
2021-04-14 05:30:00+00:00,0.1039791479147914,0.0,0.0200614574187883,0.983982683982684
2021-04-14 05:45:00+00:00,0.10783265826582651,0.0,0.0275021949078138,0.991991341991342
2021-04-14 06:00:00+00:00,0.1116861686168616,0.0,0.0349429323968393,1.0
2021-04-14 06:15:00+00:00,0.11330820582058196,0.0,0.0577919227392449,1.0
2021-04-14 06:30:00+00:00,0.1149302430243023,0.0,0.0806409130816505,1.0
2021-04-14 06:45:00+00:00,0.1165522802280227,0.0,0.10348990342405615,1.0
2021-04-14 07:00:00+00:00,0.1181743174317431,0.0,0.1263388937664618,1.0
2021-04-14 07:15:00+00:00,0.12252475247524744,0.0,0.1560798946444249,0.9857142857142858
2021-04-14 07:30:00+00:00,0.1268751875187518,0.0,0.185820895522388,0.9714285714285714
2021-04-14 07:45:00+00:00,0.13122562256225614,0.0,0.21556189640035117,0.9571428571428571
2021-04-14 08:00:00+00:00,0.1355760576057605,0.0,0.2453028972783143,0.9428571428571428
2021-04-14 08:15:00+00:00,0.14297367236723665,0.0,0.27328797190518,0.9372294372294372
2021-04-14 08:30:00+00:00,0.1503712871287128,0.0,0.3012730465320457,0.9316017316017317
2021-04-14 08:45:00+00:00,0.15776890189018894,0.0,0.32925812115891134,0.925974025974026
2021-04-14 09:00:00+00:00,0.1651665166516651,0.0,0.357243195785777,0.9203463203463204
2021-04-14 09:15:00+00:00,0.17027640264026395,0.0,0.3836259877085162,0.8987012987012988
2021-04-14 09:30:00+00:00,0.1753862886288628,0.0,0.4100087796312554,0.8770562770562771
2021-04-14 09:45:00+00:00,0.1804961746174617,0.0,0.43639157155399466,0.8554112554112554
2021-04-14 10:00:00+00:00,0.1856060606060606,0.0,0.4627743634767339,0.8337662337662337
2021-04-14 10:15:00+00:00,0.18586858685868585,0.0,0.46898595258999115,0.8303030303030303
2021-04-14 10:30:00+00:00,0.1861311131113111,0.0,0.4751975417032484,0.8268398268398268
2021-04-14 10:45:00+00:00,0.18639363936393633,0.0,0.48140913081650566,0.8233766233766233
2021-04-14 11:00:00+00:00,0.1866561656165616,0.0,0.4876207199297629,0.8199134199134199
2021-04-14 11:15:00+00:00,0.188315706570657,0.0,0.4882572431957858,0.8164502164502164
2021-04-14 11:30:00+00:00,0.1899752475247524,0.0,0.4888937664618086,0.8129870129870129
2021-04-14 11:45:00+00:00,0.19163478847884785,0.0,0.4895302897278314,0.8095238095238095
2021-04-14 12:00:00+00:00,0.1932943294329433,0.0,0.4901668129938543,0.806060606060606
2021-04-14 12:15:00+00:00,0.19534765976597662,0.0,0.47734855136084287,0.8047619047619048
2021-04-14 12:30:00+00:00,0.1974009900990099,0.0,0.4645302897278314,0.8034632034632034
2021-04-14 12:45:00+00:00,0.1994543204320432,0.0,0.45171202809482003,0.8021645021645021
2021-04-14 13:00:00+00:00,0.2015076507650765,0.0,0.4388937664618086,0.8008658008658008
2021-04-14 13:15:00+00:00,0.2026796429642964,0.0,0.4191395961369623,0.7987012987012987
2021-04-14 13:30:00+00:00,0.2038516351635163,0.0,0.3993854258121159,0.7965367965367965
2021-04-14 13:45:00+00:00,0.20502362736273624,0.0,0.3796312554872695,0.7943722943722944
2021-04-14 14:00:00+00:00,0.2061956195619562,0.0,0.3598770851624231,0.7922077922077922
2021-04-14 14:15:00+00:00,0.21050855085508546,0.0,0.3438542581211589,0.793073593073593
2021-04-14 14:30:00+00:00,0.2148214821482147,0.0,0.3278314310798946,0.793939393939394
2021-04-14 14:45:00+00:00,0.21913441344134404,0.0,0.3118086040386303,0.7948051948051948
2021-04-14 15:00:00+00:00,0.2234473447344734,0.0,0.2957857769973661,0.7956709956709956
2021-04-14 15:15:00+00:00,0.23045117011701166,0.0,0.27063213345039505,0.8127705627705628
2021-04-14 15:30:00+00:00,0.2374549954995499,0.0,0.245478489903424,0.8298701298701299
2021-04-14 15:45:00+00:00,0.24445882088208815,0.0,0.220324846356453,0.8469696969696969
2021-04-14 16:00:00+00:00,0.2514626462646264,0.0,0.195171202809482,0.8640692640692641
2021-04-14 16:15:00+00:00,0.2573132313231322,0.0,0.16977611940298504,0.8729437229437229
2021-04-14 16:30:00+00:00,0.2631638163816381,0.0,0.1443810359964881,0.8818181818181818
2021-04-14 16:45:00+00:00,0.269014401440144,0.0,0.1189859525899912,0.8906926406926408
2021-04-14 17:00:00+00:00,0.2748649864986499,0.0,0.0935908691834943,0.8995670995670996
2021-04-14 17:15:00+00:00,0.2814281428142814,0.0,0.07341966637401225,0.9233766233766234
2021-04-14 17:30:00+00:00,0.2879912991299129,0.0,0.0532484635645302,0.9471861471861472
2021-04-14 17:45:00+00:00,0.2945544554455445,0.0,0.0330772607550482,0.9709956709956711
2021-04-14 18:00:00+00:00,0.3011176117611761,0.0,0.0129060579455662,0.9948051948051948
2021-04-14 18:15:00+00:00,0.31094359435943586,0.0,0.010118525021949,0.9794372294372294
2021-04-14 18:30:00+00:00,0.3207695769576957,0.0,0.0073309920983318,0.964069264069264
2021-04-14 18:45:00+00:00,0.33059555955595554,0.0,0.0045434591747146,0.9487012987012986
2021-04-14 19:00:00+00:00,0.3404215421542154,0.0,0.0017559262510974,0.9333333333333332
2021-04-14 19:15:00+00:00,0.34984435943594355,0.0,0.0017559262510974,0.915151515151515
2021-04-14 19:30:00+00:00,0.3592671767176717,0.0,0.0017559262510974,0.896969696969697
2021-04-14 19:45:00+00:00,0.36868999399939995,0.0,0.0017559262510974,0.8787878787878788
2021-04-14 20:00:00+00:00,0.3781128112811281,0.0,0.0017559262510974,0.8606060606060606
2021-04-14 20:15:00+00:00,0.38001612661266126,0.0,0.0017559262510974,0.8521645021645021
2021-04-14 20:30:00+00:00,0.3819194419441944,0.0,0.0017559262510974,0.8437229437229437
2021-04-14 20:45:00+00:00,0.38382275727572757,0.0,0.0017559262510974,0.8352813852813852
2021-04-14 21:00:00+00:00,0.3857260726072607,0.0,0.0017559262510974,0.8268398268398268
2021-04-14 21:15:00+00:00,0.3845259525952595,0.0,0.0017339771729586498,0.814069264069264
2021-04-14 21:30:00+00:00,0.3833258325832583,0.0,0.0017120280948199,0.8012987012987013
2021-04-14 21:45:00+00:00,0.3821257125712571,0.0,0.0016900790166812,0.7885281385281385
2021-04-14 22:00:00+00:00,0.3809255925592559,0.0,0.0016681299385425,0.7757575757575758
2021-04-14 22:15:00+00:00,0.3768845634563456,0.0,0.0016461808604038,0.7705627705627706
2021-04-14 22:30:00+00:00,0.3728435343534353,0.0,0.0016242317822651,0.7653679653679654
2021-04-14 22:45:00+00:00,0.36880250525052505,0.0,0.0016022827041264,0.7601731601731602
2021-04-14 23:00:00+00:00,0.3647614761476148,0.0,0.0015803336259877,0.754978354978355
2021-04-14 23:15:00+00:00,0.35650127512751273,0.0,0.0015803336259877,0.7502164502164501
2021-04-14 23:30:00+00:00,0.3482410741074107,0.0,0.0015803336259877,0.7454545454545454
2021-04-14 23:45:00+00:00,0.3399808730873087,0.0,0.0015803336259877,0.7406926406926406
2021-04-15 00:00:00+00:00,0.3317206720672067,0.0,0.0015803336259877,0.7359307359307359
2021-04-15 00:15:00+00:00,0.3265545304530453,0.0,0.0015803336259877,0.7337662337662337
2021-04-15 00:30:00+00:00,0.3213883888388839,0.0,0.0015803336259877,0.7316017316017316
2021-04-15 00:45:00+00:00,0.3162222472247225,0.0,0.0015803336259877,0.7294372294372294
2021-04-15 01:00:00+00:00,0.3110561056105611,0.0,0.0015803336259877,0.7272727272727273
2021-04-15 01:15:00+00:00,0.30884338433843384,0.0,0.0015803336259877,0.7298701298701299
2021-04-15 01:30:00+00:00,0.3066306630663066,0.0,0.0015803336259877,0.7324675324675325
2021-04-15 01:45:00+00:00,0.30441794179417936,0.0,0.0015803336259877,0.7350649350649351
2021-04-15 02:00:00+00:00,0.3022052205220522,0.0,0.0015803336259877,0.7376623376623377
2021-04-15 02:15:00+00:00,0.30130513051305124,0.0,0.0015803336259877,0.738961038961039
2021-04-15 02:30:00+00:00,0.3004050405040503,0.0,0.0015803336259877,0.7402597402597403
2021-04-15 02:45:00+00:00,0.29950495049504944,0.0,0.0015803336259877,0.7415584415584415
2021-04-15 03:00:00+00:00,0.2986048604860486,0.0,0.0015803336259877,0.7428571428571429
2021-04-15 03:15:00+00:00,0.29916741674167413,0.0,0.0015583845478489501,0.7445887445887446
2021-04-15 03:30:00+00:00,0.2997299729972997,0.0,0.0015364354697102,0.7463203463203463
2021-04-15 03:45:00+00:00,0.30029252925292527,0.0,0.0015144863915715,0.7480519480519481
2021-04-15 04:00:00+00:00,0.3008550855085508,0.0,0.0014925373134328,0.7497835497835498
2021-04-15 04:15:00+00:00,0.3020270777077707,0.0,0.0016461808604038,0.7729437229437229
2021-04-15 04:30:00+00:00,0.3031990699069906,0.0,0.0017998244073748,0.7961038961038961
2021-04-15 04:45:00+00:00,0.30437106210621057,0.0,0.00195346795434585,0.8192640692640693
2021-04-15 05:00:00+00:00,0.3055430543054305,0.0,0.0021071115013169,0.8424242424242424
2021-04-15 05:15:00+00:00,0.3047085958595859,0.0,0.00711150131694465,0.8545454545454545
2021-04-15 05:30:00+00:00,0.3038741374137413,0.0,0.0121158911325724,0.8666666666666667
2021-04-15 05:45:00+00:00,0.30303967896789674,0.0,0.01712028094820015,0.8787878787878788
2021-04-15 06:00:00+00:00,0.3022052205220522,0.0,0.0221246707638279,0.8909090909090909
2021-04-15 06:15:00+00:00,0.2998612361236124,0.0,0.0371378402107111,0.8852813852813852
2021-04-15 06:30:00+00:00,0.2975172517251725,0.0,0.0521510096575943,0.8796536796536796
2021-04-15 06:45:00+00:00,0.29517326732673266,0.0,0.06716417910447756,0.8740259740259739
2021-04-15 07:00:00+00:00,0.2928292829282928,0.0,0.0821773485513608,0.8683982683982684
2021-04-15 07:15:00+00:00,0.291263501350135,0.0,0.1036874451273046,0.8649350649350649
2021-04-15 07:30:00+00:00,0.2896977197719772,0.0,0.1251975417032484,0.8614718614718615
2021-04-15 07:45:00+00:00,0.28813193819381944,0.0,0.1467076382791922,0.858008658008658
2021-04-15 08:00:00+00:00,0.2865661566156616,0.0,0.168217734855136,0.8545454545454545
2021-04-15 08:15:00+00:00,0.2832283228322833,0.0,0.1879938542581211,0.845021645021645
2021-04-15 08:30:00+00:00,0.2798904890489049,0.0,0.2077699736611062,0.8354978354978355
2021-04-15 08:45:00+00:00,0.2765526552655265,0.0,0.2275460930640913,0.825974025974026
2021-04-15 09:00:00+00:00,0.2732148214821482,0.0,0.2473222124670764,0.8164502164502164
2021-04-15 09:15:00+00:00,0.2666516651665166,0.0,0.266198419666374,0.80995670995671
2021-04-15 09:30:00+00:00,0.260088508850885,0.0,0.2850746268656716,0.8034632034632034
2021-04-15 09:45:00+00:00,0.25352535253525343,0.0,0.30395083406496926,0.796969696969697
2021-04-15 10:00:00+00:00,0.2469621962196219,0.0,0.3228270412642669,0.7904761904761904
2021-04-15 10:15:00+00:00,0.23958333333333323,0.0,0.33564530289727834,0.7852813852813852
2021-04-15 10:30:00+00:00,0.2322044704470446,0.0,0.3484635645302897,0.78008658008658
2021-04-15 10:45:00+00:00,0.22482560756075598,0.0,0.36128182616330107,0.7748917748917749
2021-04-15 11:00:00+00:00,0.2174467446744674,0.0,0.3741000877963125,0.7696969696969697
2021-04-15 11:15:00+00:00,0.21198057305730567,0.0,0.3739903424056189,0.7675324675324675
2021-04-15 11:30:00+00:00,0.2065144014401439,0.0,0.3738805970149254,0.7653679653679654
2021-04-15 11:45:00+00:00,0.2010482298229822,0.0,0.3737708516242318,0.7632034632034632
2021-04-15 12:00:00+00:00,0.1955820582058205,0.0,0.3736611062335382,0.7610389610389611
2021-04-15 12:15:00+00:00,0.195600810081008,0.0,0.3816505706760316,0.7658008658008658
2021-04-15 12:30:00+00:00,0.1956195619561955,0.0,0.3896400351185249,0.7705627705627706
2021-04-15 12:45:00+00:00,0.19563831383138305,0.0,0.39762949956101834,0.7753246753246753
2021-04-15 13:00:00+00:00,0.1956570657065706,0.0,0.4056189640035118,0.78008658008658
2021-04-15 13:15:00+00:00,0.20048567356735664,0.0,0.40278753292361713,0.7772727272727273
2021-04-15 13:30:00+00:00,0.2053142814281427,0.0,0.3999561018437225,0.7744588744588745
2021-04-15 13:45:00+00:00,0.2101428892889288,0.0,0.39712467076382785,0.7716450216450217
2021-04-15 14:00:00+00:00,0.2149714971497149,0.0,0.3942932396839332,0.7688311688311689
2021-04-15 14:15:00+00:00,0.223344209420942,0.0,0.37381474978050916,0.7670995670995671
2021-04-15 14:30:00+00:00,0.2317169216921691,0.0,0.3533362598770851,0.7653679653679654
2021-04-15 14:45:00+00:00,0.24008963396339625,0.0,0.3328577699736611,0.7636363636363637
2021-04-15 15:00:00+00:00,0.2484623462346234,0.0,0.3123792800702371,0.7619047619047619
2021-04-15 15:15:00+00:00,0.2565537803780378,0.0,0.29067164179104477,0.7699134199134199
2021-04-15 15:30:00+00:00,0.2646452145214521,0.0,0.2689640035118524,0.7779220779220779
2021-04-15 15:45:00+00:00,0.27273664866486647,0.0,0.24725636523266015,0.7859307359307359
2021-04-15 16:00:00+00:00,0.2808280828082808,0.0,0.2255487269534679,0.793939393939394
2021-04-15 16:15:00+00:00,0.28688493849384933,0.0,0.2015144863915715,0.8088744588744589
2021-04-15 16:30:00+00:00,0.2929417941794179,0.0,0.1774802458296751,0.8238095238095238
2021-04-15 16:45:00+00:00,0.2989986498649865,0.0,0.15344600526777868,0.8387445887445888
2021-04-15 17:00:00+00:00,0.305055505550555,0.0,0.1294117647058823,0.8536796536796537
2021-04-15 17:15:00+00:00,0.31234998499849975,0.0,0.10342405618963996,0.8731601731601732
2021-04-15 17:30:00+00:00,0.3196444644464445,0.0,0.0774363476733976,0.8926406926406927
2021-04-15 17:45:00+00:00,0.3269389438943894,0.0,0.0514486391571553,0.9121212121212121
2021-04-15 18:00:00+00:00,0.3342334233423342,0.0,0.025460930640913,0.9316017316017317
2021-04-15 18:15:00+00:00,0.33887451245124506,0.0,0.01973222124670755,0.919047619047619
2021-04-15 18:30:00+00:00,0.3435156015601559,0.0,0.0140035118525021,0.9064935064935064
2021-04-15 18:45:00+00:00,0.34815669066906685,0.0,0.0082748024582967,0.8939393939393938
2021-04-15 19:00:00+00:00,0.3527977797779777,0.0,0.0025460930640913,0.8813852813852814
2021-04-15 19:15:00+00:00,0.3611798679867986,0.0,0.00252414398595255,0.8688311688311688
2021-04-15 19:30:00+00:00,0.3695619561956195,0.0,0.0025021949078138,0.8562770562770563
2021-04-15 19:45:00+00:00,0.3779440444044404,0.0,0.0024802458296751,0.8437229437229438
2021-04-15 20:00:00+00:00,0.3863261326132613,0.0,0.0024582967515364,0.8311688311688312
2021-04-15 20:15:00+00:00,0.38949519951995193,0.0,0.0023485513608428,0.8183982683982685
2021-04-15 20:30:00+00:00,0.3926642664266426,0.0,0.0022388059701492,0.8056277056277057
2021-04-15 20:45:00+00:00,0.39583333333333326,0.0,0.0021290605794556,0.7928571428571429
2021-04-15 21:00:00+00:00,0.399002400240024,0.0,0.002019315188762,0.78008658008658
2021-04-15 21:15:00+00:00,0.39789603960396036,0.0,0.00199736611062325,0.7891774891774892
2021-04-15 21:30:00+00:00,0.3967896789678967,0.0,0.0019754170324845,0.7982683982683982
2021-04-15 21:45:00+00:00,0.3956833183318331,0.0,0.0019534679543458,0.8073593073593073
2021-04-15 22:00:00+00:00,0.3945769576957695,0.0,0.0019315188762071,0.8164502164502164
2021-04-15 22:15:00+00:00,0.3892139213921392,0.0,0.0019754170324845,0.7889610389610389
2021-04-15 22:30:00+00:00,0.3838508850885088,0.0,0.0020193151887619,0.7614718614718614
2021-04-15 22:45:00+00:00,0.37848784878487846,0.0,0.0020632133450394,0.733982683982684
2021-04-15 23:00:00+00:00,0.3731248124812481,0.0,0.0021071115013169,0.7064935064935065
2021-04-15 23:15:00+00:00,0.36905565556555653,0.0,0.0021071115013169,0.706060606060606
2021-04-15 23:30:00+00:00,0.364986498649865,0.0,0.0021071115013169,0.7056277056277056
2021-04-15 23:45:00+00:00,0.3609173417341734,0.0,0.0021071115013169,0.7051948051948052
2021-04-16 00:00:00+00:00,0.3568481848184818,0.0,0.0021071115013169,0.7047619047619048
2021-04-16 00:15:00+00:00,0.35207583258325825,0.0,0.0021071115013169,0.703896103896104
2021-04-16 00:30:00+00:00,0.3473034803480347,0.0,0.0021071115013169,0.7030303030303031
2021-04-16 00:45:00+00:00,0.34253112811281117,0.0,0.0021071115013169,0.7021645021645022
2021-04-16 01:00:00+00:00,0.3377587758775877,0.0,0.0021071115013169,0.7012987012987013
2021-04-16 01:15:00+00:00,0.3354054155415541,0.0,0.0021071115013169,0.7002164502164503
2021-04-16 01:30:00+00:00,0.3330520552055205,0.0,0.0021071115013169,0.6991341991341992
2021-04-16 01:45:00+00:00,0.3306986948694869,0.0,0.0021071115013169,0.698051948051948
2021-04-16 02:00:00+00:00,0.3283453345334533,0.0,0.0021071115013169,0.696969696969697
2021-04-16 02:15:00+00:00,0.327501500150015,0.0,0.0020632133450394,0.6984848484848485
2021-04-16 02:30:00+00:00,0.3266576657665766,0.0,0.0020193151887619,0.7
2021-04-16 02:45:00+00:00,0.3258138313831383,0.0,0.0019754170324845,0.7015151515151514
2021-04-16 03:00:00+00:00,0.3249699969997,0.0,0.0019315188762071,0.703030303030303
2021-04-16 03:15:00+00:00,0.3249606210621062,0.0,0.00184372256365225,0.7067099567099567
2021-04-16 03:30:00+00:00,0.3249512451245124,0.0,0.0017559262510974,0.7103896103896105
2021-04-16 03:45:00+00:00,0.32494186918691864,0.0,0.00166812993854255,0.7140692640692641
2021-04-16 04:00:00+00:00,0.3249324932493249,0.0,0.0015803336259877,0.7177489177489178
2021-04-16 04:15:00+00:00,0.3243230573057305,0.0,0.0024363476733977,0.7493506493506494
2021-04-16 04:30:00+00:00,0.3237136213621362,0.0,0.0032923617208077,0.780952380952381
2021-04-16 04:45:00+00:00,0.32310418541854186,0.0,0.0041483757682177,0.8125541125541125
2021-04-16 05:00:00+00:00,0.3224947494749475,0.0,0.0050043898156277,0.8441558441558441
2021-04-16 05:15:00+00:00,0.3205539303930393,0.0,0.030443371378402046,0.8493506493506493
2021-04-16 05:30:00+00:00,0.3186131113111311,0.0,0.0558823529411764,0.8545454545454545
2021-04-16 05:45:00+00:00,0.3166722922292229,0.0,0.08132133450395079,0.8597402597402597
2021-04-16 06:00:00+00:00,0.3147314731473147,0.0,0.1067603160667252,0.8649350649350649
2021-04-16 06:15:00+00:00,0.31672854785478544,0.0,0.1576382791922739,0.8722943722943722
2021-04-16 06:30:00+00:00,0.3187256225622562,0.0,0.2085162423178226,0.8796536796536796
2021-04-16 06:45:00+00:00,0.3207226972697269,0.0,0.25939420544337133,0.887012987012987
2021-04-16 07:00:00+00:00,0.3227197719771977,0.0,0.3102721685689201,0.8943722943722944
2021-04-16 07:15:00+00:00,0.32769839483948393,0.0,0.35684811237928005,0.895887445887446
2021-04-16 07:30:00+00:00,0.3326770177017701,0.0,0.40342405618964,0.8974025974025974
2021-04-16 07:45:00+00:00,0.3376556405640564,0.0,0.44999999999999996,0.8989177489177489
2021-04-16 08:00:00+00:00,0.3426342634263426,0.0,0.4965759438103599,0.9004329004329005
2021-04-16 08:15:00+00:00,0.34131225622562256,0.0,0.5356233538191395,0.9015151515151516
2021-04-16 08:30:00+00:00,0.3399902490249025,0.0,0.5746707638279192,0.9025974025974026
2021-04-16 08:45:00+00:00,0.3386682418241824,0.0,0.6137181738366988,0.9036796536796536
2021-04-16 09:00:00+00:00,0.3373462346234623,0.0,0.6527655838454784,0.9047619047619048
2021-04-16 09:15:00+00:00,0.33696182118211815,0.0,0.6811457418788411,0.8835497835497836
2021-04-16 09:30:00+00:00,0.336577407740774,0.0,0.7095258999122037,0.8623376623376624
2021-04-16 09:45:00+00:00,0.3361929942994299,0.0,0.7379060579455663,0.8411255411255412
2021-04-16 10:00:00+00:00,0.3358085808580858,0.0,0.7662862159789289,0.8199134199134199
2021-04-16 10:15:00+00:00,0.3356116861686168,0.0,0.7699078138718174,0.8093073593073593
2021-04-16 10:30:00+00:00,0.3354147914791479,0.0,0.7735294117647058,0.7987012987012987
2021-04-16 10:45:00+00:00,0.33521789678967895,0.0,0.7771510096575943,0.7880952380952381
2021-04-16 11:00:00+00:00,0.33502100210021,0.0,0.7807726075504828,0.7774891774891775
2021-04-16 11:15:00+00:00,0.33677430243024303,0.0,0.775460930640913,0.7764069264069264
2021-04-16 11:30:00+00:00,0.338527602760276,0.0,0.7701492537313432,0.7753246753246753
2021-04-16 11:45:00+00:00,0.340280903090309,0.0,0.7648375768217734,0.7742424242424242
2021-04-16 12:00:00+00:00,0.342034203420342,0.0,0.7595258999122037,0.7731601731601732
2021-04-16 12:15:00+00:00,0.3442656765676567,0.0,0.75256804214223,0.7716450216450217
2021-04-16 12:30:00+00:00,0.3464971497149715,0.0,0.7456101843722563,0.7701298701298701
2021-04-16 12:45:00+00:00,0.34872862286228623,0.0,0.7386523266022826,0.7686147186147185
2021-04-16 13:00:00+00:00,0.350960096009601,0.0,0.731694468832309,0.7670995670995671
2021-04-16 13:15:00+00:00,0.35595747074707473,0.0,0.7202809482001756,0.7627705627705628
2021-04-16 13:30:00+00:00,0.3609548454845485,0.0,0.7088674275680422,0.7584415584415585
2021-04-16 13:45:00+00:00,0.36595222022202223,0.0,0.6974539069359087,0.7541125541125542
2021-04-16 14:00:00+00:00,0.370949594959496,0.0,0.6860403863037753,0.7497835497835498
2021-04-16 14:15:00+00:00,0.37804717971797175,0.0,0.6682396839332749,0.7474025974025974
2021-04-16 14:30:00+00:00,0.3851447644764476,0.0,0.6504389815627745,0.745021645021645
2021-04-16 14:45:00+00:00,0.3922423492349234,0.0,0.632638279192274,0.7426406926406927
2021-04-16 15:00:00+00:00,0.3993399339933993,0.0,0.6148375768217735,0.7402597402597403
2021-04-16 15:15:00+00:00,0.401027602760276,0.0,0.595017559262511,0.7385281385281386
2021-04-16 15:30:00+00:00,0.4027152715271527,0.0,0.5751975417032484,0.7367965367965368
2021-04-16 15:45:00+00:00,0.4044029402940294,0.0,0.555377524143986,0.735064935064935
2021-04-16 16:00:00+00:00,0.4060906090609061,0.0,0.5355575065847235,0.7333333333333333
2021-04-16 16:15:00+00:00,0.4037091209120912,0.0,0.48597453906935906,0.7480519480519481
2021-04-16 16:30:00+00:00,0.4013276327632763,0.0,0.4363915715539947,0.7627705627705628
2021-04-16 16:45:00+00:00,0.39894614461446143,0.0,0.3868086040386304,0.7774891774891775
2021-04-16 17:00:00+00:00,0.3965646564656466,0.0,0.337225636523266,0.7922077922077922
2021-04-16 17:15:00+00:00,0.39925555055505546,0.0,0.2774802458296751,0.8192640692640694
2021-04-16 17:30:00+00:00,0.4019464446444644,0.0,0.2177348551360842,0.8463203463203464
2021-04-16 17:45:00+00:00,0.4046373387338733,0.0,0.15798946444249334,0.8733766233766234
2021-04-16 18:00:00+00:00,0.4073282328232823,0.0,0.0982440737489025,0.9004329004329005
2021-04-16 18:15:00+00:00,0.41040354035403537,0.0,0.08235294117647055,0.908008658008658
2021-04-16 18:30:00+00:00,0.4134788478847884,0.0,0.0664618086040386,0.9155844155844156
2021-04-16 18:45:00+00:00,0.4165541554155415,0.0,0.05057067603160664,0.9231601731601732
2021-04-16 19:00:00+00:00,0.4196294629462946,0.0,0.0346795434591747,0.9307359307359307
2021-04-16 19:15:00+00:00,0.41900127512751273,0.0,0.03285776997366105,0.9205627705627706
2021-04-16 19:30:00+00:00,0.4183730873087308,0.0,0.0310359964881474,0.9103896103896104
2021-04-16 19:45:00+00:00,0.417744899489949,0.0,0.0292142230026338,0.9002164502164502
2021-04-16 20:00:00+00:00,0.4171167116711671,0.0,0.0273924495171202,0.8900432900432901
2021-04-16 20:15:00+00:00,0.41303817881788174,0.0,0.025812115891132498,0.8813852813852814
2021-04-16 20:30:00+00:00,0.4089596459645964,0.0,0.0242317822651448,0.8727272727272728
2021-04-16 20:45:00+00:00,0.4048811131113111,0.0,0.0226514486391571,0.8640692640692641
2021-04-16 21:00:00+00:00,0.4008025802580258,0.0,0.0210711150131694,0.8554112554112554
2021-04-16 21:15:00+00:00,0.39575832583258325,0.0,0.02080772607550475,0.8238095238095238
2021-04-16 21:30:00+00:00,0.3907140714071407,0.0,0.0205443371378401,0.7922077922077921
2021-04-16 21:45:00+00:00,0.38566981698169817,0.0,0.0202809482001755,0.7606060606060605
2021-04-16 22:00:00+00:00,0.3806255625562556,0.0,0.0200175592625109,0.729004329004329
2021-04-16 22:15:00+00:00,0.3776533903390339,0.0,0.018525021949078048,0.7192640692640693
2021-04-16 22:30:00+00:00,0.3746812181218121,0.0,0.0170324846356452,0.7095238095238094
2021-04-16 22:45:00+00:00,0.3717090459045904,0.0,0.015539947322212401,0.6997835497835497
2021-04-16 23:00:00+00:00,0.3687368736873687,0.0,0.0140474100087796,0.69004329004329
2021-04-16 23:15:00+00:00,0.36585846084608453,0.0,0.01349868305531165,0.6880952380952381
2021-04-16 23:30:00+00:00,0.3629800480048004,0.0,0.0129499561018437,0.6861471861471862
2021-04-16 23:45:00+00:00,0.3601016351635163,0.0,0.01240122914837575,0.6841991341991343
2021-04-17 00:00:00+00:00,0.3572232223222322,0.0,0.0118525021949078,0.6822510822510822
2021-04-17 00:15:00+00:00,0.3544948244824482,0.0,0.01099648814749775,0.6794372294372295
2021-04-17 00:30:00+00:00,0.3517664266426642,0.0,0.0101404741000877,0.6766233766233767
2021-04-17 00:45:00+00:00,0.34903802880288026,0.0,0.0092844600526777,0.6738095238095239
2021-04-17 01:00:00+00:00,0.3463096309630963,0.0,0.0084284460052677,0.670995670995671
2021-04-17 01:15:00+00:00,0.3406090609060906,0.0,0.00726514486391565,0.6703463203463204
2021-04-17 01:30:00+00:00,0.3349084908490849,0.0,0.0061018437225636,0.6696969696969697
2021-04-17 01:45:00+00:00,0.32920792079207917,0.0,0.00493854258121155,0.6690476190476191
2021-04-17 02:00:00+00:00,0.3235073507350735,0.0,0.0037752414398595,0.6683982683982684
2021-04-17 02:15:00+00:00,0.31971009600960093,0.0,0.0037752414398595,0.6688311688311688
2021-04-17 02:30:00+00:00,0.3159128412841284,0.0,0.0037752414398595,0.6692640692640692
2021-04-17 02:45:00+00:00,0.31211558655865584,0.0,0.0037752414398595,0.6696969696969697
2021-04-17 03:00:00+00:00,0.3083183318331833,0.0,0.0037752414398595,0.6701298701298701
2021-04-17 03:15:00+00:00,0.30779327932793277,0.0,0.00373134328358205,0.6701298701298701
2021-04-17 03:30:00+00:00,0.3072682268226823,0.0,0.0036874451273046,0.6701298701298701
2021-04-17 03:45:00+00:00,0.30674317431743175,0.0,0.0036435469710271503,0.6701298701298701
2021-04-17 04:00:00+00:00,0.3062181218121812,0.0,0.0035996488147497,0.6701298701298701
2021-04-17 04:15:00+00:00,0.30675255025502546,0.0,0.00388498683055305,0.677056277056277
2021-04-17 04:30:00+00:00,0.3072869786978697,0.0,0.0041703248463564,0.6839826839826839
2021-04-17 04:45:00+00:00,0.307821407140714,0.0,0.004455662862159751,0.6909090909090909
2021-04-17 05:00:00+00:00,0.3083558355835583,0.0,0.0047410008779631,0.6978354978354978
2021-04-17 05:15:00+00:00,0.3064618961896189,0.0,0.0336040386303775,0.7015151515151515
2021-04-17 05:30:00+00:00,0.3045679567956795,0.0,0.0624670763827919,0.7051948051948053
2021-04-17 05:45:00+00:00,0.3026740174017401,0.0,0.0913301141352063,0.7088744588744589
2021-04-17 06:00:00+00:00,0.3007800780078007,0.0,0.1201931518876207,0.7125541125541126
2021-04-17 06:15:00+00:00,0.30257088208820876,0.0,0.1865452151009657,0.7125541125541126
2021-04-17 06:30:00+00:00,0.3043616861686168,0.0,0.2528972783143107,0.7125541125541126
2021-04-17 06:45:00+00:00,0.30615249024902486,0.0,0.3192493415276557,0.7125541125541126
2021-04-17 07:00:00+00:00,0.3079432943294329,0.0,0.3856014047410008,0.7125541125541126
2021-04-17 07:15:00+00:00,0.3086371137113711,0.0,0.44400790166812987,0.7110389610389611
2021-04-17 07:30:00+00:00,0.3093309330933093,0.0,0.5024143985952589,0.7095238095238096
2021-04-17 07:45:00+00:00,0.3100247524752475,0.0,0.560820895522388,0.708008658008658
2021-04-17 08:00:00+00:00,0.3107185718571857,0.0,0.6192273924495171,0.7064935064935065
2021-04-17 08:15:00+00:00,0.3081589408940894,0.0,0.6527216856892011,0.7051948051948052
2021-04-17 08:30:00+00:00,0.3055993099309931,0.0,0.686215978928885,0.7038961038961039
2021-04-17 08:45:00+00:00,0.3030396789678968,0.0,0.7197102721685689,0.7025974025974027
2021-04-17 09:00:00+00:00,0.3004800480048005,0.0,0.7532045654082529,0.7012987012987013
2021-04-17 09:15:00+00:00,0.2991486648664866,0.0,0.7834723441615452,0.703030303030303
2021-04-17 09:30:00+00:00,0.2978172817281728,0.0,0.8137401229148375,0.7047619047619047
2021-04-17 09:45:00+00:00,0.29648589858985896,0.0,0.84400790166813,0.7064935064935065
2021-04-17 10:00:00+00:00,0.2951545154515451,0.0,0.8742756804214223,0.7082251082251082
2021-04-17 10:15:00+00:00,0.29525765076507643,0.0,0.884350307287094,0.7099567099567099
2021-04-17 10:30:00+00:00,0.2953607860786078,0.0,0.8944249341527656,0.7116883116883117
2021-04-17 10:45:00+00:00,0.2954639213921391,0.0,0.9044995610184372,0.7134199134199135
2021-04-17 11:00:00+00:00,0.2955670567056705,0.0,0.9145741878841088,0.7151515151515152
2021-04-17 11:15:00+00:00,0.29776102610261024,0.0,0.9165276558384547,0.7134199134199135
2021-04-17 11:30:00+00:00,0.2999549954995499,0.0,0.9184811237928006,0.7116883116883117
2021-04-17 11:45:00+00:00,0.30214896489648957,0.0,0.9204345917471465,0.7099567099567099
2021-04-17 12:00:00+00:00,0.3043429342934293,0.0,0.9223880597014924,0.7082251082251082
2021-04-17 12:15:00+00:00,0.3063493849384938,0.0,0.920017559262511,0.7071428571428571
2021-04-17 12:30:00+00:00,0.3083558355835583,0.0,0.9176470588235296,0.706060606060606
2021-04-17 12:45:00+00:00,0.31036228622862283,0.0,0.915276558384548,0.704978354978355
2021-04-17 13:00:00+00:00,0.3123687368736874,0.0,0.9129060579455665,0.7038961038961039
2021-04-17 13:15:00+00:00,0.31556593159315927,0.0,0.9072651448639159,0.7006493506493507
2021-04-17 13:30:00+00:00,0.3187631263126312,0.0,0.9016242317822653,0.6974025974025975
2021-04-17 13:45:00+00:00,0.32196032103210315,0.0,0.8959833187006147,0.6941558441558442
2021-04-17 14:00:00+00:00,0.3251575157515751,0.0,0.890342405618964,0.6909090909090909
2021-04-17 14:15:00+00:00,0.3306330633063306,0.0,0.8709174714661985,0.6906926406926407
2021-04-17 14:30:00+00:00,0.336108610861086,0.0,0.8514925373134329,0.6904761904761905
2021-04-17 14:45:00+00:00,0.3415841584158415,0.0,0.8320676031606673,0.6902597402597402
2021-04-17 15:00:00+00:00,0.347059705970597,0.0,0.8126426690079017,0.69004329004329
2021-04-17 15:15:00+00:00,0.3503131563156314,0.0,0.7818700614574188,0.6948051948051948
2021-04-17 15:30:00+00:00,0.3535666066606659,0.0,0.7510974539069359,0.6995670995670995
2021-04-17 15:45:00+00:00,0.35682005700570046,0.0,0.720324846356453,0.7043290043290042
2021-04-17 16:00:00+00:00,0.360073507350735,0.0,0.6895522388059702,0.7090909090909091
2021-04-17 16:15:00+00:00,0.360270402040204,0.0,0.6200834064969272,0.7147186147186146
2021-04-17 16:30:00+00:00,0.3604672967296729,0.0,0.5506145741878841,0.7203463203463203
2021-04-17 16:45:00+00:00,0.36066419141914186,0.0,0.48114574187884107,0.7259740259740259
2021-04-17 17:00:00+00:00,0.3608610861086108,0.0,0.4116769095697981,0.7316017316017316
2021-04-17 17:15:00+00:00,0.3580670567056705,0.0,0.3429982440737489,0.7461038961038962
2021-04-17 17:30:00+00:00,0.3552730273027302,0.0,0.2743195785776997,0.7606060606060606
2021-04-17 17:45:00+00:00,0.35247899789978987,0.0,0.20564091308165056,0.7751082251082251
2021-04-17 18:00:00+00:00,0.3496849684968496,0.0,0.1369622475856014,0.7896103896103897
2021-04-17 18:15:00+00:00,0.34907553255325524,0.0,0.11687884108867425,0.7943722943722944
2021-04-17 18:30:00+00:00,0.3484660966096609,0.0,0.0967954345917471,0.7991341991341991
2021-04-17 18:45:00+00:00,0.3478566606660666,0.0,0.07671202809481995,0.8038961038961039
2021-04-17 19:00:00+00:00,0.3472472247224722,0.0,0.0566286215978928,0.8086580086580086
2021-04-17 19:15:00+00:00,0.3456345634563456,0.0,0.05476294995610175,0.8084415584415584
2021-04-17 19:30:00+00:00,0.344021902190219,0.0,0.0528972783143107,0.8082251082251082
2021-04-17 19:45:00+00:00,0.34240924092409236,0.0,0.0510316066725197,0.8080086580086581
2021-04-17 20:00:00+00:00,0.3407965796579658,0.0,0.0491659350307287,0.8077922077922078
2021-04-17 20:15:00+00:00,0.33847134713471344,0.0,0.0482440737489025,0.8006493506493506
2021-04-17 20:30:00+00:00,0.3361461146114611,0.0,0.0473222124670763,0.7935064935064935
2021-04-17 20:45:00+00:00,0.3338208820882088,0.0,0.04640035118525015,0.7863636363636364
2021-04-17 21:00:00+00:00,0.3314956495649565,0.0,0.045478489903424,0.7792207792207793
2021-04-17 21:15:00+00:00,0.33217071707170714,0.0,0.04446883230904295,0.7673160173160174
2021-04-17 21:30:00+00:00,0.3328457845784578,0.0,0.0434591747146619,0.7554112554112554
2021-04-17 21:45:00+00:00,0.33352085208520854,0.0,0.0424495171202809,0.7435064935064934
2021-04-17 22:00:00+00:00,0.3341959195919592,0.0,0.0414398595258999,0.7316017316017316
2021-04-17 22:15:00+00:00,0.33429905490549056,0.0,0.04139596136962245,0.7220779220779221
2021-04-17 22:30:00+00:00,0.3344021902190219,0.0,0.041352063213345,0.7125541125541126
2021-04-17 22:45:00+00:00,0.33450532553255324,0.0,0.04130816505706755,0.7030303030303031
2021-04-17 23:00:00+00:00,0.3346084608460846,0.0,0.0412642669007901,0.6935064935064935
2021-04-17 23:15:00+00:00,0.33328645364536447,0.0,0.04124231782265135,0.6867965367965367
2021-04-17 23:30:00+00:00,0.3319644464446444,0.0,0.0412203687445126,0.6800865800865801
2021-04-17 23:45:00+00:00,0.33064243924392434,0.0,0.0411984196663739,0.6733766233766234
2021-04-18 00:00:00+00:00,0.3293204320432043,0.0,0.0411764705882352,0.6666666666666666
2021-04-18 00:15:00+00:00,0.3251200120012001,0.0,0.04064969271290595,0.6645021645021645
2021-04-18 00:30:00+00:00,0.3209195919591959,0.0,0.0401229148375767,0.6623376623376623
2021-04-18 00:45:00+00:00,0.3167191719171917,0.0,0.039596136962247494,0.6601731601731602
2021-04-18 01:00:00+00:00,0.3125187518751875,0.0,0.0390693590869183,0.658008658008658
2021-04-18 01:15:00+00:00,0.30666816681668163,0.0,0.03661106233538185,0.6554112554112554
2021-04-18 01:30:00+00:00,0.3008175817581758,0.0,0.0341527655838454,0.6528138528138528
2021-04-18 01:45:00+00:00,0.29496699669966997,0.0,0.031694468832309,0.6502164502164502
2021-04-18 02:00:00+00:00,0.2891164116411641,0.0,0.0292361720807726,0.6476190476190476
2021-04-18 02:15:00+00:00,0.28460658565856584,0.0,0.0260974539069359,0.6471861471861472
2021-04-18 02:30:00+00:00,0.2800967596759676,0.0,0.0229587357330992,0.6467532467532467
2021-04-18 02:45:00+00:00,0.27558693369336934,0.0,0.0198200175592625,0.6463203463203463
2021-04-18 03:00:00+00:00,0.2710771077107711,0.0,0.0166812993854258,0.6458874458874458
2021-04-18 03:15:00+00:00,0.263754500450045,0.0,0.013915715539947249,0.649134199134199
2021-04-18 03:30:00+00:00,0.2564318931893189,0.0,0.0111501316944687,0.6523809523809523
2021-04-18 03:45:00+00:00,0.24910928592859286,0.0,0.00838454784899025,0.6556277056277056
2021-04-18 04:00:00+00:00,0.2417866786678668,0.0,0.0056189640035118,0.6588744588744588
2021-04-18 04:15:00+00:00,0.23860823582358234,0.0,0.006233538191395899,0.662987012987013
2021-04-18 04:30:00+00:00,0.2354297929792979,0.0,0.00684811237928,0.6670995670995671
2021-04-18 04:45:00+00:00,0.23225135013501344,0.0,0.0074626865671641,0.6712121212121211
2021-04-18 05:00:00+00:00,0.229072907290729,0.0,0.0080772607550482,0.6753246753246753
2021-04-18 05:15:00+00:00,0.2229972997299729,0.0,0.03937664618086029,0.6774891774891775
2021-04-18 05:30:00+00:00,0.2169216921692168,0.0,0.0706760316066724,0.6796536796536796
2021-04-18 05:45:00+00:00,0.21084608460846077,0.0,0.10197541703248456,0.6818181818181819
2021-04-18 06:00:00+00:00,0.2047704770477047,0.0,0.1332748024582967,0.683982683982684
2021-04-18 06:15:00+00:00,0.1977947794779477,0.0,0.21101843722563646,0.6844155844155844
2021-04-18 06:30:00+00:00,0.1908190819081907,0.0,0.2887620719929762,0.6848484848484848
2021-04-18 06:45:00+00:00,0.18384338433843375,0.0,0.366505706760316,0.6852813852813853
2021-04-18 07:00:00+00:00,0.1768676867686768,0.0,0.4442493415276558,0.6857142857142857
2021-04-18 07:15:00+00:00,0.17247974797479743,0.0,0.5150790166812994,0.685064935064935
2021-04-18 07:30:00+00:00,0.168091809180918,0.0,0.585908691834943,0.6844155844155844
2021-04-18 07:45:00+00:00,0.16370387038703865,0.0,0.6567383669885865,0.6837662337662338
2021-04-18 08:00:00+00:00,0.1593159315931593,0.0,0.72756804214223,0.6831168831168831
2021-04-18 08:15:00+00:00,0.15289341434143408,0.0,0.7630597014925373,0.6852813852813853
2021-04-18 08:30:00+00:00,0.1464708970897089,0.0,0.7985513608428446,0.6874458874458875
2021-04-18 08:45:00+00:00,0.14004837983798377,0.0,0.8340430201931519,0.6896103896103897
2021-04-18 09:00:00+00:00,0.1336258625862586,0.0,0.8695346795434592,0.6917748917748918
2021-04-18 09:15:00+00:00,0.12899414941494144,0.0,0.8869622475856014,0.6909090909090909
2021-04-18 09:30:00+00:00,0.1243624362436243,0.0,0.9043898156277436,0.69004329004329
2021-04-18 09:45:00+00:00,0.1197307230723072,0.0,0.9218173836698857,0.6891774891774891
2021-04-18 10:00:00+00:00,0.1150990099009901,0.0,0.939244951712028,0.6883116883116883
2021-04-18 10:15:00+00:00,0.11283940894089406,0.0,0.9434152765583845,0.6861471861471862
2021-04-18 10:30:00+00:00,0.110579807980798,0.0,0.947585601404741,0.6839826839826839
2021-04-18 10:45:00+00:00,0.108320207020702,0.0,0.9517559262510975,0.6818181818181818
2021-04-18 11:00:00+00:00,0.106060606060606,0.0,0.955926251097454,0.6796536796536796
2021-04-18 11:15:00+00:00,0.1061731173117311,0.0,0.9545873573309922,0.6805194805194805
2021-04-18 11:30:00+00:00,0.1062856285628562,0.0,0.9532484635645304,0.6813852813852814
2021-04-18 11:45:00+00:00,0.10639813981398136,0.0,0.9519095697980686,0.6822510822510823
2021-04-18 12:00:00+00:00,0.1065106510651065,0.0,0.9505706760316068,0.6831168831168831
2021-04-18 12:15:00+00:00,0.10764513951395135,0.0,0.9440298507462688,0.6811688311688311
2021-04-18 12:30:00+00:00,0.1087796279627962,0.0,0.9374890254609308,0.6792207792207792
2021-04-18 12:45:00+00:00,0.10991411641164109,0.0,0.9309482001755927,0.6772727272727272
2021-04-18 13:00:00+00:00,0.111048604860486,0.0,0.9244073748902546,0.6753246753246753
2021-04-18 13:15:00+00:00,0.11089858985898585,0.0,0.9085601404741,0.6772727272727272
2021-04-18 13:30:00+00:00,0.1107485748574857,0.0,0.8927129060579455,0.6792207792207792
2021-04-18 13:45:00+00:00,0.11059855985598555,0.0,0.8768656716417911,0.6811688311688311
2021-04-18 14:00:00+00:00,0.1104485448544854,0.0,0.8610184372256365,0.6831168831168831
2021-04-18 14:15:00+00:00,0.11200495049504944,0.0,0.8341527655838454,0.6854978354978355
2021-04-18 14:30:00+00:00,0.1135613561356135,0.0,0.8072870939420544,0.6878787878787879
2021-04-18 14:45:00+00:00,0.11511776177617755,0.0,0.7804214223002635,0.6902597402597402
2021-04-18 15:00:00+00:00,0.1166741674167416,0.0,0.7535557506584724,0.6926406926406926
2021-04-18 15:15:00+00:00,0.12110898589858979,0.0,0.7119841966637401,0.7121212121212122
2021-04-18 15:30:00+00:00,0.125543804380438,0.0,0.6704126426690079,0.7316017316017316
2021-04-18 15:45:00+00:00,0.1299786228622862,0.0,0.6288410886742757,0.751082251082251
2021-04-18 16:00:00+00:00,0.1344134413441344,0.0,0.5872695346795435,0.7705627705627706
2021-04-18 16:15:00+00:00,0.135013501350135,0.0,0.5241220368744512,0.7692640692640693
2021-04-18 16:30:00+00:00,0.1356135613561356,0.0,0.4609745390693591,0.767965367965368
2021-04-18 16:45:00+00:00,0.1362136213621362,0.0,0.39782704126426693,0.7666666666666666
2021-04-18 17:00:00+00:00,0.1368136813681368,0.0,0.3346795434591747,0.7653679653679654
2021-04-18 17:15:00+00:00,0.13386026102610254,0.0,0.2788849868305531,0.7740259740259741
2021-04-18 17:30:00+00:00,0.1309068406840683,0.0,0.2230904302019315,0.7826839826839826
2021-04-18 17:45:00+00:00,0.12795342034203416,0.0,0.1672958735733099,0.7913419913419913
2021-04-18 18:00:00+00:00,0.125,0.0,0.1115013169446883,0.8
2021-04-18 18:15:00+00:00,0.1231529402940294,0.0,0.09697102721685685,0.8233766233766234
2021-04-18 18:30:00+00:00,0.1213058805880588,0.0,0.0824407374890254,0.8467532467532468
2021-04-18 18:45:00+00:00,0.1194588208820882,0.0,0.06791044776119401,0.8701298701298701
2021-04-18 19:00:00+00:00,0.1176117611761176,0.0,0.0533801580333626,0.8935064935064935
2021-04-18 19:15:00+00:00,0.11394576957695765,0.0,0.0528314310798946,0.8725108225108225
2021-04-18 19:30:00+00:00,0.1102797779777977,0.0,0.0522827041264266,0.8515151515151516
2021-04-18 19:45:00+00:00,0.10661378637863779,0.0,0.05173397717295865,0.8305194805194805
2021-04-18 20:00:00+00:00,0.1029477947794779,0.0,0.0511852502194907,0.8095238095238095
2021-04-18 20:15:00+00:00,0.10130700570057,0.0,0.051163301141351994,0.806060606060606
2021-04-18 20:30:00+00:00,0.0996662166216621,0.0,0.0511413520632133,0.8025974025974025
2021-04-18 20:45:00+00:00,0.0980254275427542,0.0,0.0511194029850746,0.7991341991341991
2021-04-18 21:00:00+00:00,0.0963846384638463,0.0,0.0510974539069359,0.7956709956709956
2021-04-18 21:15:00+00:00,0.0969659465946594,0.0,0.0502853380158033,0.8051948051948052
2021-04-18 21:30:00+00:00,0.0975472547254725,0.0,0.0494732221246707,0.8147186147186147
2021-04-18 21:45:00+00:00,0.0981285628562856,0.0,0.04866110623353815,0.8242424242424242
2021-04-18 22:00:00+00:00,0.0987098709870987,0.0,0.0478489903424056,0.8337662337662337
2021-04-18 22:15:00+00:00,0.1004350435043504,0.0,0.04730026338893765,0.8298701298701299
2021-04-18 22:30:00+00:00,0.1021602160216021,0.0,0.0467515364354697,0.825974025974026
2021-04-18 22:45:00+00:00,0.10388538853885385,0.0,0.04620280948200175,0.8220779220779222
2021-04-18 23:00:00+00:00,0.1056105610561056,0.0,0.0456540825285338,0.8181818181818182
2021-04-18 23:15:00+00:00,0.10677317731773175,0.0,0.043766461808603996,0.791991341991342
2021-04-18 23:30:00+00:00,0.1079357935793579,0.0,0.0418788410886742,0.7658008658008658
2021-04-18 23:45:00+00:00,0.10909840984098404,0.0,0.03999122036874445,0.7396103896103896
2021-04-19 00:00:00+00:00,0.1102610261026102,0.0,0.0381035996488147,0.7134199134199134
2021-04-19 00:15:00+00:00,0.11208933393339325,0.0,0.03538191395961365,0.7075757575757575
2021-04-19 00:30:00+00:00,0.1139176417641763,0.0,0.0326602282704126,0.7017316017316018
2021-04-19 00:45:00+00:00,0.1157459495949594,0.0,0.02993854258121155,0.6958874458874459
2021-04-19 01:00:00+00:00,0.1175742574257425,0.0,0.0272168568920105,0.69004329004329
2021-04-19 01:15:00+00:00,0.1190462796279627,0.0,0.0245610184372256,0.6867965367965368
2021-04-19 01:30:00+00:00,0.1205183018301829,0.0,0.0219051799824407,0.6835497835497836
2021-04-19 01:45:00+00:00,0.12199032403240315,0.0,0.019249341527655797,0.6803030303030303
2021-04-19 02:00:00+00:00,0.1234623462346234,0.0,0.0165935030728709,0.677056277056277
2021-04-19 02:15:00+00:00,0.1231623162316231,0.0,0.0145302897278314,0.6948051948051948
2021-04-19 02:30:00+00:00,0.1228622862286228,0.0,0.0124670763827919,0.7125541125541126
2021-04-19 02:45:00+00:00,0.1225622562256225,0.0,0.0104038630377524,0.7303030303030303
2021-04-19 03:00:00+00:00,0.1222622262226222,0.0,0.0083406496927129,0.7480519480519481
2021-04-19 03:15:00+00:00,0.12075270027002695,0.0,0.0073748902546093,0.7703463203463203
2021-04-19 03:30:00+00:00,0.1192431743174317,0.0,0.0064091308165057,0.7926406926406926
2021-04-19 03:45:00+00:00,0.11773364836483645,0.0,0.0054433713784021,0.8149350649350648
2021-04-19 04:00:00+00:00,0.1162241224122412,0.0,0.0044776119402985,0.8372294372294372
2021-04-19 04:15:00+00:00,0.1144895739573957,0.0,0.00513608428446,0.8417748917748917
2021-04-19 04:30:00+00:00,0.1127550255025502,0.0,0.0057945566286215,0.8463203463203464
2021-04-19 04:45:00+00:00,0.11102047704770471,0.0,0.00645302897278305,0.8508658008658009
2021-04-19 05:00:00+00:00,0.1092859285928592,0.0,0.0071115013169446,0.8554112554112554
2021-04-19 05:15:00+00:00,0.10477610261026095,0.0,0.03123353819139585,0.8584415584415584
2021-04-19 05:30:00+00:00,0.1002662766276627,0.0,0.0553555750658471,0.8614718614718615
2021-04-19 05:45:00+00:00,0.09575645064506445,0.0,0.0794776119402984,0.8645021645021644
2021-04-19 06:00:00+00:00,0.0912466246624662,0.0,0.1035996488147497,0.8675324675324675
2021-04-19 06:15:00+00:00,0.0846459645964596,0.0,0.1492756804214222,0.8738095238095238
2021-04-19 06:30:00+00:00,0.078045304530453,0.0,0.1949517120280947,0.88008658008658
2021-04-19 06:45:00+00:00,0.0714446444644464,0.0,0.24062774363476724,0.8863636363636364
2021-04-19 07:00:00+00:00,0.0648439843984398,0.0,0.2863037752414398,0.8926406926406927
2021-04-19 07:15:00+00:00,0.0609154665466546,0.0,0.3208077260755048,0.8974025974025974
2021-04-19 07:30:00+00:00,0.0569869486948694,0.0,0.3553116769095698,0.9021645021645022
2021-04-19 07:45:00+00:00,0.05305843084308425,0.0,0.38981562774363476,0.9069264069264069
2021-04-19 08:00:00+00:00,0.0491299129912991,0.0,0.4243195785776997,0.9116883116883115
2021-04-19 08:15:00+00:00,0.04950495049504945,0.0,0.45245829675153637,0.8969696969696969
2021-04-19 08:30:00+00:00,0.0498799879987998,0.0,0.4805970149253731,0.8822510822510822
2021-04-19 08:45:00+00:00,0.050255025502550205,0.0,0.5087357330992098,0.8675324675324675
2021-04-19 09:00:00+00:00,0.0506300630063006,0.0,0.5368744512730466,0.8528138528138528
2021-04-19 09:15:00+00:00,0.05228022802280225,0.0,0.5637620719929763,0.8476190476190476
2021-04-19 09:30:00+00:00,0.0539303930393039,0.0,0.5906496927129061,0.8424242424242424
2021-04-19 09:45:00+00:00,0.05558055805580555,0.0,0.6175373134328359,0.8372294372294372
2021-04-19 10:00:00+00:00,0.0572307230723072,0.0,0.6444249341527656,0.832034632034632
2021-04-19 10:15:00+00:00,0.05904027902790275,0.0,0.6629938542581211,0.84004329004329
2021-04-19 10:30:00+00:00,0.0608498349834983,0.0,0.6815627743634767,0.8480519480519481
2021-04-19 10:45:00+00:00,0.06265939093909385,0.0,0.7001316944688323,0.8560606060606061
2021-04-19 11:00:00+00:00,0.0644689468946894,0.0,0.7187006145741879,0.8640692640692641
2021-04-19 11:15:00+00:00,0.06780678067806775,0.0,0.7190956979806848,0.8465367965367965
2021-04-19 11:30:00+00:00,0.0711446144614461,0.0,0.7194907813871818,0.829004329004329
2021-04-19 11:45:00+00:00,0.07448244824482446,0.0,0.7198858647936788,0.8114718614718615
2021-04-19 12:00:00+00:00,0.0778202820282028,0.0,0.7202809482001756,0.793939393939394
2021-04-19 12:15:00+00:00,0.08343646864686466,0.0,0.7145083406496928,0.7945887445887446
2021-04-19 12:30:00+00:00,0.0890526552655265,0.0,0.7087357330992099,0.7952380952380953
2021-04-19 12:45:00+00:00,0.09466884188418835,0.0,0.702963125548727,0.7958874458874459
2021-04-19 13:00:00+00:00,0.1002850285028502,0.0,0.697190517998244,0.7965367965367965
2021-04-19 13:15:00+00:00,0.1054136663666366,0.0,0.681694468832309,0.7883116883116883
2021-04-19 13:30:00+00:00,0.110542304230423,0.0,0.666198419666374,0.7800865800865802
2021-04-19 13:45:00+00:00,0.11567094209420939,0.0,0.650702370500439,0.7718614718614719
2021-04-19 14:00:00+00:00,0.1207995799579958,0.0,0.6352063213345039,0.7636363636363637
2021-04-19 14:15:00+00:00,0.12382800780078004,0.0,0.6169446883230905,0.7666666666666667
2021-04-19 14:30:00+00:00,0.1268564356435643,0.0,0.5986830553116769,0.7696969696969698
2021-04-19 14:45:00+00:00,0.1298848634863486,0.0,0.5804214223002634,0.7727272727272727
2021-04-19 15:00:00+00:00,0.1329132913291329,0.0,0.5621597892888499,0.7757575757575758
2021-04-19 15:15:00+00:00,0.1335508550855085,0.0,0.5249561018437225,0.7976190476190477
2021-04-19 15:30:00+00:00,0.1341884188418841,0.0,0.4877524143985953,0.8194805194805195
2021-04-19 15:45:00+00:00,0.13482598259825973,0.0,0.450548726953468,0.8413419913419913
2021-04-19 16:00:00+00:00,0.1354635463546354,0.0,0.4133450395083407,0.8632034632034632
2021-04-19 16:15:00+00:00,0.13176005100510046,0.0,0.36115013169446886,0.883982683982684
2021-04-19 16:30:00+00:00,0.1280565556555655,0.0,0.308955223880597,0.9047619047619048
2021-04-19 16:45:00+00:00,0.12435306030603055,0.0,0.2567603160667251,0.9255411255411257
2021-04-19 17:00:00+00:00,0.1206495649564956,0.0,0.2045654082528533,0.9463203463203465
2021-04-19 17:15:00+00:00,0.11897127212721265,0.0,0.16841527655838445,0.9582251082251083
2021-04-19 17:30:00+00:00,0.1172929792979297,0.0,0.1322651448639156,0.9701298701298702
2021-04-19 17:45:00+00:00,0.11561468646864681,0.0,0.0961150131694468,0.982034632034632
2021-04-19 18:00:00+00:00,0.1139363936393639,0.0,0.059964881474978,0.993939393939394
2021-04-19 18:15:00+00:00,0.1155490549054905,0.0,0.0492317822651448,0.9954545454545456
2021-04-19 18:30:00+00:00,0.1171617161716171,0.0,0.0384986830553116,0.9969696969696972
2021-04-19 18:45:00+00:00,0.11877437743774369,0.0,0.02776558384547845,0.9984848484848485
2021-04-19 19:00:00+00:00,0.1203870387038703,0.0,0.0170324846356453,1.0
2021-04-19 19:15:00+00:00,0.11853060306030595,0.0,0.01580333625987705,0.9945887445887446
2021-04-19 19:30:00+00:00,0.1166741674167416,0.0,0.0145741878841088,0.9891774891774892
2021-04-19 19:45:00+00:00,0.11481773177317725,0.0,0.0133450395083406,0.9837662337662338
2021-04-19 20:00:00+00:00,0.1129612961296129,0.0,0.0121158911325724,0.9783549783549784
2021-04-19 20:15:00+00:00,0.10969846984698466,0.0,0.0114354697102721,0.9688311688311688
2021-04-19 20:30:00+00:00,0.1064356435643564,0.0,0.0107550482879718,0.9593073593073592
2021-04-19 20:45:00+00:00,0.10317281728172815,0.0,0.010074626865671552,0.9497835497835497
2021-04-19 21:00:00+00:00,0.0999099909990999,0.0,0.0093942054433713,0.9402597402597402
2021-04-19 21:15:00+00:00,0.09859735973597356,0.0,0.00897717295873565,0.9121212121212121
2021-04-19 21:30:00+00:00,0.0972847284728472,0.0,0.0085601404741,0.883982683982684
2021-04-19 21:45:00+00:00,0.09597209720972091,0.0,0.00814310798946435,0.8558441558441559
2021-04-19 22:00:00+00:00,0.0946594659465946,0.0,0.0077260755048287,0.8277056277056277
2021-04-19 22:15:00+00:00,0.0922123462346234,0.0,0.00770412642669,0.814935064935065
2021-04-19 22:30:00+00:00,0.0897652265226522,0.0,0.0076821773485513,0.8021645021645022
2021-04-19 22:45:00+00:00,0.087318106810681,0.0,0.0076602282704126,0.7893939393939394
2021-04-19 23:00:00+00:00,0.0848709870987098,0.0,0.0076382791922739,0.7766233766233767
2021-04-19 23:15:00+00:00,0.08298642364236415,0.0,0.0076382791922739,0.7683982683982684
2021-04-19 23:30:00+00:00,0.0811018601860185,0.0,0.0076382791922739,0.7601731601731602
2021-04-19 23:45:00+00:00,0.0792172967296729,0.0,0.0076382791922739,0.7519480519480519
2021-04-20 00:00:00+00:00,0.0773327332733273,0.0,0.0076382791922739,0.7437229437229437
2021-04-20 00:15:00+00:00,0.0752981548154815,0.0,0.00676031606672515,0.7396103896103896
2021-04-20 00:30:00+00:00,0.0732635763576357,0.0,0.0058823529411764,0.7354978354978354
2021-04-20 00:45:00+00:00,0.07122899789978995,0.0,0.0050043898156277,0.7313852813852814
2021-04-20 01:00:00+00:00,0.0691944194419442,0.0,0.004126426690079,0.7272727272727273
2021-04-20 01:15:00+00:00,0.06862248724872486,0.0,0.0034460052677786996,0.7266233766233766
2021-04-20 01:30:00+00:00,0.0680505550555055,0.0,0.0027655838454784,0.7259740259740259
2021-04-20 01:45:00+00:00,0.0674786228622862,0.0,0.00208516242317815,0.7253246753246754
2021-04-20 02:00:00+00:00,0.0669066906690669,0.0,0.0014047410008779,0.7246753246753247
2021-04-20 02:15:00+00:00,0.0651908940894089,0.0,0.0014047410008779,0.7333333333333334
2021-04-20 02:30:00+00:00,0.0634750975097509,0.0,0.0014047410008779,0.741991341991342
2021-04-20 02:45:00+00:00,0.06175930093009295,0.0,0.0014047410008779,0.7506493506493506
2021-04-20 03:00:00+00:00,0.060043504350435,0.0,0.0014047410008779,0.7593073593073593
2021-04-20 03:15:00+00:00,0.05979035403540345,0.0,0.0013827919227391498,0.7748917748917749
2021-04-20 03:30:00+00:00,0.0595372037203719,0.0,0.0013608428446004,0.7904761904761904
2021-04-20 03:45:00+00:00,0.059284053405340445,0.0,0.0013388937664617,0.806060606060606
2021-04-20 04:00:00+00:00,0.059030903090309,0.0,0.001316944688323,0.8216450216450216
2021-04-20 04:15:00+00:00,0.058955895589558896,0.0,0.0019534679543458,0.827922077922078
2021-04-20 04:30:00+00:00,0.0588808880888088,0.0,0.0025899912203686,0.8341991341991342
2021-04-20 04:45:00+00:00,0.058805880588058745,0.0,0.00322651448639145,0.8404761904761904
2021-04-20 05:00:00+00:00,0.0587308730873087,0.0,0.0038630377524143,0.8467532467532467
2021-04-20 05:15:00+00:00,0.05589933993399335,0.0,0.02798507462686555,0.8675324675324675
2021-04-20 05:30:00+00:00,0.053067806780678,0.0,0.0521071115013168,0.8883116883116883
2021-04-20 05:45:00+00:00,0.0502362736273627,0.0,0.07622914837576815,0.9090909090909091
2021-04-20 06:00:00+00:00,0.0474047404740474,0.0,0.1003511852502195,0.9298701298701298
2021-04-20 06:15:00+00:00,0.042660516051605146,0.0,0.15395083406496923,0.9270562770562771
2021-04-20 06:30:00+00:00,0.0379162916291629,0.0,0.207550482879719,0.9242424242424244
2021-04-20 06:45:00+00:00,0.033172067206720654,0.0,0.2611501316944688,0.9214285714285716
2021-04-20 07:00:00+00:00,0.0284278427842784,0.0,0.3147497805092186,0.9186147186147188
2021-04-20 07:15:00+00:00,0.027171467146714652,0.0,0.36878841088674275,0.9041125541125542
2021-04-20 07:30:00+00:00,0.0259150915091509,0.0,0.4228270412642669,0.8896103896103896
2021-04-20 07:45:00+00:00,0.024658715871587147,0.0,0.476865671641791,0.8751082251082252
2021-04-20 08:00:00+00:00,0.0234023402340234,0.0,0.5309043020193152,0.8606060606060606
2021-04-20 08:15:00+00:00,0.0233554605460546,0.0,0.568064091308165,0.8640692640692641
2021-04-20 08:30:00+00:00,0.0233085808580858,0.0,0.6052238805970149,0.8675324675324676
2021-04-20 08:45:00+00:00,0.023261701170117,0.0,0.6423836698858648,0.870995670995671
2021-04-20 09:00:00+00:00,0.0232148214821482,0.0,0.6795434591747147,0.8744588744588745
2021-04-20 09:15:00+00:00,0.02545567056705665,0.0,0.6998463564530291,0.8510822510822511
2021-04-20 09:30:00+00:00,0.0276965196519651,0.0,0.7201492537313433,0.8277056277056277
2021-04-20 09:45:00+00:00,0.029937368736873603,0.0,0.7404521510096576,0.8043290043290043
2021-04-20 10:00:00+00:00,0.0321782178217821,0.0,0.7607550482879719,0.780952380952381
2021-04-20 10:15:00+00:00,0.03692244224422435,0.0,0.7545434591747147,0.7751082251082251
2021-04-20 10:30:00+00:00,0.0416666666666666,0.0,0.7483318700614574,0.7692640692640693
2021-04-20 10:45:00+00:00,0.046410891089108855,0.0,0.7421202809482002,0.7634199134199134
2021-04-20 11:00:00+00:00,0.0511551155115511,0.0,0.7359086918349429,0.7575757575757576
2021-04-20 11:15:00+00:00,0.05686506150615055,0.0,0.7196444249341527,0.7595238095238095
2021-04-20 11:30:00+00:00,0.06257500750075,0.0,0.7033801580333625,0.7614718614718614
2021-04-20 11:45:00+00:00,0.06828495349534949,0.0,0.6871158911325723,0.7634199134199133
2021-04-20 12:00:00+00:00,0.073994899489949,0.0,0.6708516242317822,0.7653679653679654
2021-04-20 12:15:00+00:00,0.07617949294929491,0.0,0.6490122914837577,0.7642857142857142
2021-04-20 12:30:00+00:00,0.0783640864086408,0.0,0.6271729587357331,0.7632034632034632
2021-04-20 12:45:00+00:00,0.08054867986798675,0.0,0.6053336259877085,0.7621212121212122
2021-04-20 13:00:00+00:00,0.0827332733273327,0.0,0.5834942932396839,0.7610389610389611
2021-04-20 13:15:00+00:00,0.08710246024602455,0.0,0.5683933274802458,0.7636363636363637
2021-04-20 13:30:00+00:00,0.0914716471647164,0.0,0.5532923617208078,0.7662337662337663
2021-04-20 13:45:00+00:00,0.0958408340834083,0.0,0.5381913959613696,0.7688311688311689
2021-04-20 14:00:00+00:00,0.1002100210021002,0.0,0.5230904302019315,0.7714285714285715
2021-04-20 14:15:00+00:00,0.10407290729072904,0.0,0.5113476733977173,0.7716450216450216
2021-04-20 14:30:00+00:00,0.1079357935793579,0.0,0.499604916593503,0.7718614718614718
2021-04-20 14:45:00+00:00,0.11179867986798675,0.0,0.4878621597892888,0.772077922077922
2021-04-20 15:00:00+00:00,0.1156615661566156,0.0,0.4761194029850746,0.7722943722943723
2021-04-20 15:15:00+00:00,0.1183618361836183,0.0,0.45888937664618085,0.791991341991342
2021-04-20 15:30:00+00:00,0.121062106210621,0.0,0.4416593503072871,0.8116883116883117
2021-04-20 15:45:00+00:00,0.12376237623762369,0.0,0.42442932396839333,0.8313852813852813
2021-04-20 16:00:00+00:00,0.1264626462646264,0.0,0.4071992976294996,0.8510822510822511
2021-04-20 16:15:00+00:00,0.1262751275127512,0.0,0.3693371378402107,0.8774891774891775
2021-04-20 16:30:00+00:00,0.126087608760876,0.0,0.3314749780509218,0.903896103896104
2021-04-20 16:45:00+00:00,0.12590009000900085,0.0,0.293612818261633,0.9303030303030304
2021-04-20 17:00:00+00:00,0.1257125712571257,0.0,0.2557506584723442,0.9567099567099568
2021-04-20 17:15:00+00:00,0.12300292529252921,0.0,0.21685689201053554,0.9675324675324677
2021-04-20 17:30:00+00:00,0.1202932793279327,0.0,0.1779631255487269,0.9783549783549784
2021-04-20 17:45:00+00:00,0.11758363336333624,0.0,0.1390693590869183,0.9891774891774892
2021-04-20 18:00:00+00:00,0.1148739873987398,0.0,0.1001755926251097,1.0
2021-04-20 18:15:00+00:00,0.11241749174917484,0.0,0.08494293239683925,1.0
2021-04-20 18:30:00+00:00,0.1099609960996099,0.0,0.0697102721685688,1.0
2021-04-20 18:45:00+00:00,0.10750450045004495,0.0,0.0544776119402984,1.0
2021-04-20 19:00:00+00:00,0.10504800480048,0.0,0.039244951712028,1.0
2021-04-20 19:15:00+00:00,0.10272277227722765,0.0,0.03410886742756795,0.9961038961038962
2021-04-20 19:30:00+00:00,0.1003975397539753,0.0,0.0289727831431079,0.9922077922077922
2021-04-20 19:45:00+00:00,0.098072307230723,0.0,0.02383669885864785,0.9883116883116883
2021-04-20 20:00:00+00:00,0.0957470747074707,0.0,0.0187006145741878,0.9844155844155844
2021-04-20 20:15:00+00:00,0.0906184368436843,0.0,0.0168788410886742,0.9528138528138528
2021-04-20 20:30:00+00:00,0.0854897989798979,0.0,0.0150570676031606,0.9212121212121211
2021-04-20 20:45:00+00:00,0.08036116111611155,0.0,0.013235294117647,0.8896103896103895
2021-04-20 21:00:00+00:00,0.0752325232523252,0.0,0.0114135206321334,0.858008658008658
2021-04-20 21:15:00+00:00,0.07217596759675965,0.0,0.0105575065847234,0.8688311688311687
2021-04-20 21:30:00+00:00,0.0691194119411941,0.0,0.0097014925373134,0.8796536796536796
2021-04-20 21:45:00+00:00,0.06606285628562855,0.0,0.0088454784899034,0.8904761904761904
2021-04-20 22:00:00+00:00,0.063006300630063,0.0,0.0079894644424934,0.9012987012987012
2021-04-20 22:15:00+00:00,0.06229372937293726,0.0,0.007967515364354649,0.8915584415584414
2021-04-20 22:30:00+00:00,0.0615811581158115,0.0,0.0079455662862159,0.8818181818181817
2021-04-20 22:45:00+00:00,0.060868586858685805,0.0,0.007923617208077199,0.872077922077922
2021-04-20 23:00:00+00:00,0.0601560156015601,0.0,0.0079016681299385,0.8623376623376623
2021-04-20 23:15:00+00:00,0.058571482148214754,0.0,0.006628621597892849,0.854112554112554
2021-04-20 23:30:00+00:00,0.0569869486948694,0.0,0.0053555750658472,0.8458874458874459
2021-04-20 23:45:00+00:00,0.0554024152415241,0.0,0.00408252853380155,0.8376623376623377
2021-04-21 00:00:00+00:00,0.0538178817881788,0.0,0.0028094820017559,0.8294372294372294
2021-04-21 00:15:00+00:00,0.051211371137113645,0.0,0.0024582967515364,0.8298701298701299
2021-04-21 00:30:00+00:00,0.0486048604860485,0.0,0.0021071115013169,0.8303030303030303
2021-04-21 00:45:00+00:00,0.045998349834983396,0.0,0.0017559262510974,0.8307359307359308
2021-04-21 01:00:00+00:00,0.0433918391839183,0.0,0.0014047410008779,0.8311688311688312
2021-04-21 01:15:00+00:00,0.0416760426042603,0.0,0.0014047410008779,0.8277056277056277
2021-04-21 01:30:00+00:00,0.0399602460246023,0.0,0.0014047410008779,0.8242424242424242
2021-04-21 01:45:00+00:00,0.0382444494449444,0.0,0.0014047410008779,0.8207792207792208
2021-04-21 02:00:00+00:00,0.0365286528652865,0.0,0.0014047410008779,0.8173160173160173
2021-04-21 02:15:00+00:00,0.03535666066606655,0.0,0.0014047410008779,0.7965367965367965
2021-04-21 02:30:00+00:00,0.0341846684668466,0.0,0.0014047410008779,0.7757575757575758
2021-04-21 02:45:00+00:00,0.0330126762676267,0.0,0.0014047410008779,0.754978354978355
2021-04-21 03:00:00+00:00,0.0318406840684068,0.0,0.0014047410008779,0.7341991341991342
2021-04-21 03:15:00+00:00,0.0310812331233123,0.0,0.0014047410008779,0.751082251082251
2021-04-21 03:30:00+00:00,0.0303217821782178,0.0,0.0014047410008779,0.767965367965368
2021-04-21 03:45:00+00:00,0.029562331233123303,0.0,0.0014047410008779,0.7848484848484849
2021-04-21 04:00:00+00:00,0.0288028802880288,0.0,0.0014047410008779,0.8017316017316017
2021-04-21 04:15:00+00:00,0.0277340234023402,0.0,0.0019973661106232497,0.819047619047619
2021-04-21 04:30:00+00:00,0.0266651665166516,0.0,0.0025899912203686,0.8363636363636364
2021-04-21 04:45:00+00:00,0.02559630963096305,0.0,0.00318261633011405,0.8536796536796537
2021-04-21 05:00:00+00:00,0.0245274527452745,0.0,0.0037752414398595,0.870995670995671
2021-04-21 05:15:00+00:00,0.02332733273327325,0.0,0.018546971027216797,0.8995670995670996
2021-04-21 05:30:00+00:00,0.022127212721272,0.0,0.0333187006145741,0.9281385281385282
2021-04-21 05:45:00+00:00,0.02092709270927085,0.0,0.048090430201931454,0.9567099567099566
2021-04-21 06:00:00+00:00,0.0197269726972697,0.0,0.0628621597892888,0.9852813852813852
2021-04-21 06:15:00+00:00,0.01899564956495645,0.0,0.08979367866549601,0.9837662337662336
2021-04-21 06:30:00+00:00,0.0182643264326432,0.0,0.1167251975417032,0.9822510822510822
2021-04-21 06:45:00+00:00,0.017533003300330002,0.0,0.1436567164179104,0.9807359307359307
2021-04-21 07:00:00+00:00,0.0168016801680168,0.0,0.1705882352941176,0.9792207792207792
2021-04-21 07:15:00+00:00,0.0164078907890789,0.0,0.19383230904302015,0.9761904761904763
2021-04-21 07:30:00+00:00,0.016014101410141,0.0,0.2170763827919227,0.9731601731601732
2021-04-21 07:45:00+00:00,0.0156203120312031,0.0,0.24032045654082526,0.9701298701298702
2021-04-21 08:00:00+00:00,0.0152265226522652,0.0,0.2635645302897278,0.9670995670995672
2021-04-21 08:15:00+00:00,0.0164360186018601,0.0,0.29104477611940294,0.9556277056277057
2021-04-21 08:30:00+00:00,0.017645514551455,0.0,0.3185250219490781,0.9441558441558442
2021-04-21 08:45:00+00:00,0.01885501050105,0.0,0.3460052677787533,0.9326839826839827
2021-04-21 09:00:00+00:00,0.020064506450645,0.0,0.3734855136084284,0.9212121212121211
2021-04-21 09:15:00+00:00,0.0220240774077407,0.0,0.4080114135206321,0.9199134199134198
2021-04-21 09:30:00+00:00,0.0239836483648364,0.0,0.4425373134328358,0.9186147186147186
2021-04-21 09:45:00+00:00,0.02594321932193215,0.0,0.47706321334503954,0.9173160173160173
2021-04-21 10:00:00+00:00,0.0279027902790279,0.0,0.5115891132572432,0.916017316017316
2021-04-21 10:15:00+00:00,0.02899039903990395,0.0,0.5190517998244074,0.8883116883116883
2021-04-21 10:30:00+00:00,0.03007800780078,0.0,0.5265144863915716,0.8606060606060606
2021-04-21 10:45:00+00:00,0.0311656165616561,0.0,0.5339771729587357,0.8329004329004329
2021-04-21 11:00:00+00:00,0.0322532253225322,0.0,0.5414398595258999,0.8051948051948052
2021-04-21 11:15:00+00:00,0.0361536153615361,0.0,0.5364354697102722,0.7989177489177489
2021-04-21 11:30:00+00:00,0.04005400540054,0.0,0.5314310798946444,0.7926406926406926
2021-04-21 11:45:00+00:00,0.0439543954395439,0.0,0.5264266900790167,0.7863636363636364
2021-04-21 12:00:00+00:00,0.0478547854785478,0.0,0.521422300263389,0.78008658008658
2021-04-21 12:15:00+00:00,0.05135201020102005,0.0,0.5086040386303775,0.7735930735930736
2021-04-21 12:30:00+00:00,0.0548492349234923,0.0,0.4957857769973661,0.7670995670995671
2021-04-21 12:45:00+00:00,0.05834645964596455,0.0,0.48296751536435467,0.7606060606060606
2021-04-21 13:00:00+00:00,0.0618436843684368,0.0,0.4701492537313433,0.7541125541125541
2021-04-21 13:15:00+00:00,0.06543466846684665,0.0,0.4494073748902546,0.7577922077922078
2021-04-21 13:30:00+00:00,0.0690256525652565,0.0,0.4286654960491659,0.7614718614718615
2021-04-21 13:45:00+00:00,0.07261663666366634,0.0,0.40792361720807724,0.7651515151515151
2021-04-21 14:00:00+00:00,0.0762076207620762,0.0,0.3871817383669886,0.7688311688311689
2021-04-21 14:15:00+00:00,0.08132688268826879,0.0,0.35952589991220374,0.7651515151515151
2021-04-21 14:30:00+00:00,0.0864461446144614,0.0,0.3318700614574188,0.7614718614718614
2021-04-21 14:45:00+00:00,0.09156540654065401,0.0,0.3042142230026339,0.7577922077922078
2021-04-21 15:00:00+00:00,0.0966846684668466,0.0,0.276558384547849,0.7541125541125541
2021-04-21 15:15:00+00:00,0.1001725172517251,0.0,0.25237050043898157,0.7677489177489176
2021-04-21 15:30:00+00:00,0.1036603660366036,0.0,0.2281826163301141,0.7813852813852813
2021-04-21 15:45:00+00:00,0.1071482148214821,0.0,0.2039947322212467,0.795021645021645
2021-04-21 16:00:00+00:00,0.1106360636063606,0.0,0.1798068481123793,0.8086580086580086
2021-04-21 16:15:00+00:00,0.1144426942694269,0.0,0.1566505706760316,0.8196969696969697
2021-04-21 16:30:00+00:00,0.1182493249324932,0.0,0.1334942932396839,0.8307359307359308
2021-04-21 16:45:00+00:00,0.12205595559555951,0.0,0.1103380158033362,0.8417748917748917
2021-04-21 17:00:00+00:00,0.1258625862586258,0.0,0.0871817383669885,0.8528138528138528
2021-04-21 17:15:00+00:00,0.1254031653165316,0.0,0.06999561018437216,0.8690476190476191
2021-04-21 17:30:00+00:00,0.1249437443744374,0.0,0.0528094820017558,0.8852813852813852
2021-04-21 17:45:00+00:00,0.1244843234323432,0.0,0.0356233538191395,0.9015151515151515
2021-04-21 18:00:00+00:00,0.124024902490249,0.0,0.0184372256365232,0.9177489177489178
2021-04-21 18:15:00+00:00,0.12418429342934284,0.0,0.01560579455662855,0.9166666666666667
2021-04-21 18:30:00+00:00,0.1243436843684367,0.0,0.0127743634767339,0.9155844155844156
2021-04-21 18:45:00+00:00,0.12450307530753064,0.0,0.00994293239683925,0.9145021645021646
2021-04-21 19:00:00+00:00,0.1246624662466246,0.0,0.0071115013169446,0.9134199134199136
2021-04-21 19:15:00+00:00,0.1280565556555655,0.0,0.0070456540825284495,0.8995670995670997
2021-04-21 19:30:00+00:00,0.1314506450645064,0.0,0.0069798068481123,0.8857142857142858
2021-04-21 19:45:00+00:00,0.1348447344734473,0.0,0.00691395961369615,0.8718614718614719
2021-04-21 20:00:00+00:00,0.1382388238823882,0.0,0.00684811237928,0.858008658008658
2021-04-21 20:15:00+00:00,0.1400108760876087,0.0,0.00684811237928,0.8404761904761904
2021-04-21 20:30:00+00:00,0.1417829282928292,0.0,0.00684811237928,0.8229437229437229
2021-04-21 20:45:00+00:00,0.14355498049804977,0.0,0.00684811237928,0.8054112554112554
2021-04-21 21:00:00+00:00,0.1453270327032703,0.0,0.00684811237928,0.7878787878787878
2021-04-21 21:15:00+00:00,0.1438737623762376,0.0,0.0062774363476733,0.7805194805194805
2021-04-21 21:30:00+00:00,0.1424204920492049,0.0,0.0057067603160666,0.7731601731601732
2021-04-21 21:45:00+00:00,0.1409672217221722,0.0,0.0051360842844599495,0.7658008658008658
2021-04-21 22:00:00+00:00,0.1395139513951395,0.0,0.0045654082528533,0.7584415584415585
2021-04-21 22:15:00+00:00,0.13787316231623162,0.0,0.00412642669007895,0.7480519480519481
2021-04-21 22:30:00+00:00,0.1362323732373237,0.0,0.0036874451273046,0.7376623376623377
2021-04-21 22:45:00+00:00,0.13459158415841582,0.0,0.00324846356453025,0.7272727272727273
2021-04-21 23:00:00+00:00,0.1329507950795079,0.0,0.0028094820017559,0.7168831168831169
2021-04-21 23:15:00+00:00,0.13087871287128705,0.0,0.0024802458296751,0.7136363636363637
2021-04-21 23:30:00+00:00,0.1288066306630662,0.0,0.0021510096575943,0.7103896103896105
2021-04-21 23:45:00+00:00,0.12673454845484539,0.0,0.00182177348551355,0.7071428571428572
2021-04-22 00:00:00+00:00,0.1246624662466246,0.0,0.0014925373134328,0.7038961038961039
2021-04-22 00:15:00+00:00,0.1253750375037503,0.0,0.0014925373134328,0.7019480519480519
2021-04-22 00:30:00+00:00,0.126087608760876,0.0,0.0014925373134328,0.7
2021-04-22 00:45:00+00:00,0.12680018001800175,0.0,0.0014925373134328,0.698051948051948
2021-04-22 01:00:00+00:00,0.1275127512751275,0.0,0.0014925373134328,0.6961038961038961
2021-04-22 01:15:00+00:00,0.12855348034803477,0.0,0.00147058823529405,0.6984848484848485
2021-04-22 01:30:00+00:00,0.129594209420942,0.0,0.0014486391571553,0.7008658008658009
2021-04-22 01:45:00+00:00,0.1306349384938493,0.0,0.0014266900790166001,0.7032467532467532
2021-04-22 02:00:00+00:00,0.1316756675667566,0.0,0.0014047410008779,0.7056277056277056
2021-04-22 02:15:00+00:00,0.12859098409840974,0.0,0.0014266900790166001,0.7090909090909091
2021-04-22 02:30:00+00:00,0.1255063006300629,0.0,0.0014486391571553,0.7125541125541126
2021-04-22 02:45:00+00:00,0.1224216171617161,0.0,0.00147058823529405,0.716017316017316
2021-04-22 03:00:00+00:00,0.1193369336933693,0.0,0.0014925373134328,0.7194805194805195
2021-04-22 03:15:00+00:00,0.1163835133513351,0.0,0.00147058823529405,0.7290043290043291
2021-04-22 03:30:00+00:00,0.1134300930093009,0.0,0.0014486391571553,0.7385281385281386
2021-04-22 03:45:00+00:00,0.1104766726672667,0.0,0.0014266900790166001,0.7480519480519481
2021-04-22 04:00:00+00:00,0.1075232523252325,0.0,0.0014047410008779,0.7575757575757576
2021-04-22 04:15:00+00:00,0.10568556855685565,0.0,0.0016900790166812498,0.7670995670995671
2021-04-22 04:30:00+00:00,0.1038478847884788,0.0,0.0019754170324846,0.7766233766233765
2021-04-22 04:45:00+00:00,0.10201020102010194,0.0,0.0022607550482879497,0.786147186147186
2021-04-22 05:00:00+00:00,0.1001725172517251,0.0,0.0025460930640913,0.7956709956709956
2021-04-22 05:15:00+00:00,0.10041629162916285,0.0,0.01275241439859525,0.8067099567099567
2021-04-22 05:30:00+00:00,0.1006600660066006,0.0,0.0229587357330992,0.8177489177489177
2021-04-22 05:45:00+00:00,0.10090384038403835,0.0,0.03316505706760315,0.8287878787878787
2021-04-22 06:00:00+00:00,0.1011476147614761,0.0,0.0433713784021071,0.8398268398268398
2021-04-22 06:15:00+00:00,0.09946932193219316,0.0,0.07135645302897275,0.8441558441558441
2021-04-22 06:30:00+00:00,0.0977910291029102,0.0,0.0993415276558384,0.8484848484848484
2021-04-22 06:45:00+00:00,0.0961127362736273,0.0,0.1273266022827041,0.8528138528138527
2021-04-22 07:00:00+00:00,0.0944344434443444,0.0,0.1553116769095698,0.8571428571428571
2021-04-22 07:15:00+00:00,0.0929811731173117,0.0,0.19056189640035115,0.8521645021645021
2021-04-22 07:30:00+00:00,0.091527902790279,0.0,0.2258121158911325,0.8471861471861472
2021-04-22 07:45:00+00:00,0.0900746324632463,0.0,0.2610623353819139,0.8422077922077922
2021-04-22 08:00:00+00:00,0.0886213621362136,0.0,0.2963125548726953,0.8372294372294372
2021-04-22 08:15:00+00:00,0.089812106210621,0.0,0.3307287093942054,0.8374458874458874
2021-04-22 08:30:00+00:00,0.0910028502850284,0.0,0.3651448639157155,0.8376623376623377
2021-04-22 08:45:00+00:00,0.09219359435943586,0.0,0.3995610184372256,0.8378787878787879
2021-04-22 09:00:00+00:00,0.0933843384338433,0.0,0.4339771729587357,0.8380952380952381
2021-04-22 09:15:00+00:00,0.0929717971797179,0.0,0.45500438981562774,0.825974025974026
2021-04-22 09:30:00+00:00,0.0925592559255925,0.0,0.4760316066725197,0.8138528138528138
2021-04-22 09:45:00+00:00,0.0921467146714671,0.0,0.4970588235294118,0.8017316017316017
2021-04-22 10:00:00+00:00,0.0917341734173417,0.0,0.5180860403863038,0.7896103896103897
2021-04-22 10:15:00+00:00,0.0892401740174017,0.0,0.5286435469710272,0.7887445887445887
2021-04-22 10:30:00+00:00,0.0867461746174617,0.0,0.5392010535557507,0.7878787878787878
2021-04-22 10:45:00+00:00,0.08425217521752171,0.0,0.5497585601404741,0.7870129870129869
2021-04-22 11:00:00+00:00,0.0817581758175817,0.0,0.5603160667251975,0.7861471861471861
2021-04-22 11:15:00+00:00,0.08206758175817574,0.0,0.5681957857769973,0.7826839826839826
2021-04-22 11:30:00+00:00,0.0823769876987698,0.0,0.5760755048287971,0.7792207792207793
2021-04-22 11:45:00+00:00,0.08268639363936389,0.0,0.583955223880597,0.7757575757575758
2021-04-22 12:00:00+00:00,0.082995799579958,0.0,0.5918349429323968,0.7722943722943723
2021-04-22 12:15:00+00:00,0.08480535553555354,0.0,0.5949297629499561,0.7709956709956709
2021-04-22 12:30:00+00:00,0.0866149114911491,0.0,0.5980245829675154,0.7696969696969697
2021-04-22 12:45:00+00:00,0.08842446744674465,0.0,0.6011194029850746,0.7683982683982684
2021-04-22 13:00:00+00:00,0.0902340234023402,0.0,0.6042142230026339,0.7670995670995671
2021-04-22 13:15:00+00:00,0.0943594359435943,0.0,0.6094161545215101,0.766017316017316
2021-04-22 13:30:00+00:00,0.0984848484848484,0.0,0.6146180860403863,0.7649350649350649
2021-04-22 13:45:00+00:00,0.10261026102610254,0.0,0.6198200175592625,0.7638528138528138
2021-04-22 14:00:00+00:00,0.1067356735673567,0.0,0.6250219490781387,0.7627705627705628
2021-04-22 14:15:00+00:00,0.1062012451245124,0.0,0.6140035118525022,0.7655844155844156
2021-04-22 14:30:00+00:00,0.1056668166816681,0.0,0.6029850746268657,0.7683982683982684
2021-04-22 14:45:00+00:00,0.10513238823882379,0.0,0.5919666374012291,0.7712121212121212
2021-04-22 15:00:00+00:00,0.1045979597959795,0.0,0.5809482001755927,0.7740259740259741
2021-04-22 15:15:00+00:00,0.10075382538253815,0.0,0.5524363476733978,0.7800865800865802
2021-04-22 15:30:00+00:00,0.0969096909690968,0.0,0.5239244951712029,0.7861471861471861
2021-04-22 15:45:00+00:00,0.0930655565556555,0.0,0.495412642669008,0.7922077922077921
2021-04-22 16:00:00+00:00,0.0892214221422142,0.0,0.466900790166813,0.7982683982683982
2021-04-22 16:15:00+00:00,0.08548979897989795,0.0,0.42412203687445127,0.8036796536796537
2021-04-22 16:30:00+00:00,0.0817581758175817,0.0,0.3813432835820896,0.8090909090909091
2021-04-22 16:45:00+00:00,0.07802655265526545,0.0,0.3385645302897278,0.8145021645021645
2021-04-22 17:00:00+00:00,0.0742949294929492,0.0,0.2957857769973661,0.8199134199134199
2021-04-22 17:15:00+00:00,0.07204470447044695,0.0,0.24936347673397707,0.829004329004329
2021-04-22 17:30:00+00:00,0.0697944794479447,0.0,0.2029411764705881,0.8380952380952381
2021-04-22 17:45:00+00:00,0.0675442544254425,0.0,0.1565188762071992,0.8471861471861473
2021-04-22 18:00:00+00:00,0.0652940294029403,0.0,0.1100965759438103,0.8562770562770563
2021-04-22 18:15:00+00:00,0.0679661716171617,0.0,0.0957638279192273,0.8584415584415584
2021-04-22 18:30:00+00:00,0.0706383138313831,0.0,0.0814310798946443,0.8606060606060606
2021-04-22 18:45:00+00:00,0.07331045604560449,0.0,0.06709833187006135,0.8627705627705627
2021-04-22 19:00:00+00:00,0.0759825982598259,0.0,0.0527655838454784,0.8649350649350649
2021-04-22 19:15:00+00:00,0.07919854485448535,0.0,0.0501316944688322,0.8636363636363635
2021-04-22 19:30:00+00:00,0.0824144914491448,0.0,0.047497805092186,0.8623376623376623
2021-04-22 19:45:00+00:00,0.0856304380438043,0.0,0.044863915715539854,0.861038961038961
2021-04-22 20:00:00+00:00,0.0888463846384638,0.0,0.0422300263388937,0.8597402597402597
2021-04-22 20:15:00+00:00,0.0920435793579357,0.0,0.038652326602282655,0.8525974025974026
2021-04-22 20:30:00+00:00,0.0952407740774076,0.0,0.0350746268656716,0.8454545454545455
2021-04-22 20:45:00+00:00,0.0984379687968796,0.0,0.031496927129060555,0.8383116883116883
2021-04-22 21:00:00+00:00,0.1016351635163516,0.0,0.0279192273924495,0.8311688311688312
2021-04-22 21:15:00+00:00,0.10434480948094804,0.0,0.0260316066725197,0.8196969696969697
2021-04-22 21:30:00+00:00,0.1070544554455445,0.0,0.0241439859525899,0.8082251082251082
2021-04-22 21:45:00+00:00,0.10976410141014095,0.0,0.022256365232660152,0.7967532467532468
2021-04-22 22:00:00+00:00,0.1124737473747374,0.0,0.0203687445127304,0.7852813852813852
2021-04-22 22:15:00+00:00,0.11687106210621055,0.0,0.01949078138718165,0.7733766233766233
2021-04-22 22:30:00+00:00,0.1212683768376837,0.0,0.0186128182616329,0.7614718614718614
2021-04-22 22:45:00+00:00,0.12566569156915686,0.0,0.0177348551360842,0.7495670995670995
2021-04-22 23:00:00+00:00,0.13006300630063,0.0,0.0168568920105355,0.7376623376623377
2021-04-22 23:15:00+00:00,0.13629800480048,0.0,0.015188762071992901,0.7283549783549783
2021-04-22 23:30:00+00:00,0.14253300330033,0.0,0.0135206321334503,0.719047619047619
2021-04-22 23:45:00+00:00,0.14876800180018002,0.0,0.01185250219490775,0.7097402597402598
2021-04-23 00:00:00+00:00,0.15500300030003,0.0,0.0101843722563652,0.7004329004329004
2021-04-23 00:15:00+00:00,0.16137863786378637,0.0,0.009240561896400299,0.7021645021645022
2021-04-23 00:30:00+00:00,0.1677542754275427,0.0,0.0082967515364354,0.7038961038961039
2021-04-23 00:45:00+00:00,0.1741299129912991,0.0,0.00735294117647055,0.7056277056277056
2021-04-23 01:00:00+00:00,0.1805055505550555,0.0,0.0064091308165057,0.7073593073593074
2021-04-23 01:15:00+00:00,0.1861592409240924,0.0,0.00515803336259875,0.7064935064935065
2021-04-23 01:30:00+00:00,0.1918129312931293,0.0,0.0039069359086918,0.7056277056277056
2021-04-23 01:45:00+00:00,0.1974666216621662,0.0,0.00265583845478485,0.7047619047619047
2021-04-23 02:00:00+00:00,0.2031203120312031,0.0,0.0014047410008779,0.7038961038961039
2021-04-23 02:15:00+00:00,0.20861461146114604,0.0,0.0013827919227391498,0.7064935064935065
2021-04-23 02:30:00+00:00,0.214108910891089,0.0,0.0013608428446004,0.7090909090909091
2021-04-23 02:45:00+00:00,0.21960321032103203,0.0,0.0013388937664617,0.7116883116883117
2021-04-23 03:00:00+00:00,0.2250975097509751,0.0,0.001316944688323,0.7142857142857143
2021-04-23 03:15:00+00:00,0.22877287728772874,0.0,0.0012949956101843,0.7209956709956711
2021-04-23 03:30:00+00:00,0.2324482448244824,0.0,0.0012730465320456,0.7277056277056277
2021-04-23 03:45:00+00:00,0.23612361236123608,0.0,0.0012510974539069,0.7344155844155844
2021-04-23 04:00:00+00:00,0.2397989798979898,0.0,0.0012291483757682,0.7411255411255411
2021-04-23 04:15:00+00:00,0.24308055805580556,0.0,0.0031826163301141,0.7471861471861472
2021-04-23 04:30:00+00:00,0.2463621362136213,0.0,0.00513608428446,0.7532467532467533
2021-04-23 04:45:00+00:00,0.2496437143714371,0.0,0.0070895522388059,0.7593073593073594
2021-04-23 05:00:00+00:00,0.2529252925292529,0.0,0.0090430201931518,0.7653679653679654
2021-04-23 05:15:00+00:00,0.2526252625262526,0.0,0.03290166812993845,0.7790043290043289
2021-04-23 05:30:00+00:00,0.2523252325232523,0.0,0.0567603160667251,0.7926406926406926
2021-04-23 05:45:00+00:00,0.25202520252025196,0.0,0.0806189640035118,0.8062770562770563
2021-04-23 06:00:00+00:00,0.2517251725172517,0.0,0.1044776119402985,0.8199134199134199
2021-04-23 06:15:00+00:00,0.2523533603360335,0.0,0.13913520632133447,0.8264069264069264
2021-04-23 06:30:00+00:00,0.2529815481548154,0.0,0.1737928007023704,0.8329004329004329
2021-04-23 06:45:00+00:00,0.25360973597359726,0.0,0.2084503950834064,0.8393939393939394
2021-04-23 07:00:00+00:00,0.2542379237923792,0.0,0.2431079894644424,0.8458874458874459
2021-04-23 07:15:00+00:00,0.260247899789979,0.0,0.2756584723441615,0.8437229437229438
2021-04-23 07:30:00+00:00,0.2662578757875787,0.0,0.3082089552238806,0.8415584415584416
2021-04-23 07:45:00+00:00,0.2722678517851784,0.0,0.34075943810359965,0.8393939393939394
2021-04-23 08:00:00+00:00,0.2782778277827782,0.0,0.3733099209833187,0.8372294372294372
2021-04-23 08:15:00+00:00,0.2837908790879087,0.0,0.4043020193151888,0.8322510822510822
2021-04-23 08:30:00+00:00,0.2893039303930392,0.0,0.4352941176470588,0.8272727272727273
2021-04-23 08:45:00+00:00,0.2948169816981697,0.0,0.46628621597892883,0.8222943722943723
2021-04-23 09:00:00+00:00,0.3003300330033003,0.0,0.4972783143107989,0.8173160173160173
2021-04-23 09:15:00+00:00,0.3098653615361536,0.0,0.5238805970149253,0.8142857142857143
2021-04-23 09:30:00+00:00,0.3194006900690069,0.0,0.5504828797190517,0.8112554112554113
2021-04-23 09:45:00+00:00,0.32893601860186017,0.0,0.5770851624231782,0.8082251082251083
2021-04-23 10:00:00+00:00,0.3384713471347135,0.0,0.6036874451273047,0.8051948051948052
2021-04-23 10:15:00+00:00,0.34309368436843685,0.0,0.6254389815627743,0.8
2021-04-23 10:30:00+00:00,0.3477160216021602,0.0,0.647190517998244,0.7948051948051948
2021-04-23 10:45:00+00:00,0.35233835883588355,0.0,0.6689420544337137,0.7896103896103897
2021-04-23 11:00:00+00:00,0.3569606960696069,0.0,0.6906935908691835,0.7844155844155845
2021-04-23 11:15:00+00:00,0.35436356135613556,0.0,0.693766461808604,0.7811688311688313
2021-04-23 11:30:00+00:00,0.3517664266426642,0.0,0.6968393327480246,0.777922077922078
2021-04-23 11:45:00+00:00,0.3491692919291929,0.0,0.6999122036874451,0.7746753246753247
2021-04-23 12:00:00+00:00,0.3465721572157216,0.0,0.7029850746268657,0.7714285714285715
2021-04-23 12:15:00+00:00,0.3470690819081908,0.0,0.6952370500438981,0.769047619047619
2021-04-23 12:30:00+00:00,0.34756600660066,0.0,0.6874890254609306,0.7666666666666666
2021-04-23 12:45:00+00:00,0.34806293129312926,0.0,0.6797410008779632,0.7642857142857142
2021-04-23 13:00:00+00:00,0.3485598559855986,0.0,0.6719929762949957,0.7619047619047619
2021-04-23 13:15:00+00:00,0.35114761476147616,0.0,0.6564091308165058,0.756060606060606
2021-04-23 13:30:00+00:00,0.3537353735373537,0.0,0.6408252853380159,0.7502164502164501
2021-04-23 13:45:00+00:00,0.3563231323132313,0.0,0.6252414398595258,0.7443722943722944
2021-04-23 14:00:00+00:00,0.3589108910891089,0.0,0.609657594381036,0.7385281385281385
2021-04-23 14:15:00+00:00,0.3696838433843384,0.0,0.57585601404741,0.7398268398268397
2021-04-23 14:30:00+00:00,0.3804567956795679,0.0,0.542054433713784,0.7411255411255411
2021-04-23 14:45:00+00:00,0.3912297479747975,0.0,0.508252853380158,0.7424242424242424
2021-04-23 15:00:00+00:00,0.402002700270027,0.0,0.474451273046532,0.7437229437229437
2021-04-23 15:15:00+00:00,0.4026027602760276,0.0,0.43874012291483755,0.7480519480519481
2021-04-23 15:30:00+00:00,0.4032028202820282,0.0,0.4030289727831431,0.7523809523809524
2021-04-23 15:45:00+00:00,0.4038028802880288,0.0,0.36731782265144863,0.7567099567099567
2021-04-23 16:00:00+00:00,0.4044029402940294,0.0,0.3316066725197542,0.7610389610389611
2021-04-23 16:15:00+00:00,0.40371849684968497,0.0,0.296027216856892,0.7670995670995671
2021-04-23 16:30:00+00:00,0.4030340534053405,0.0,0.2604477611940298,0.7731601731601732
2021-04-23 16:45:00+00:00,0.4023496099609961,0.0,0.22486830553116766,0.7792207792207793
2021-04-23 17:00:00+00:00,0.4016651665166517,0.0,0.1892888498683055,0.7852813852813852
2021-04-23 17:15:00+00:00,0.39619899489948995,0.0,0.1568261633011413,0.7948051948051948
2021-04-23 17:30:00+00:00,0.3907328232823283,0.0,0.1243634767339771,0.8043290043290043
2021-04-23 17:45:00+00:00,0.38526665166516655,0.0,0.09190079016681295,0.8138528138528138
2021-04-23 18:00:00+00:00,0.3798004800480048,0.0,0.0594381035996488,0.8233766233766234
2021-04-23 18:15:00+00:00,0.38129125412541254,0.0,0.04635645302897275,0.8240259740259741
2021-04-23 18:30:00+00:00,0.3827820282028202,0.0,0.0332748024582967,0.8246753246753247
2021-04-23 18:45:00+00:00,0.384272802280228,0.0,0.02019315188762065,0.8253246753246753
2021-04-23 19:00:00+00:00,0.3857635763576357,0.0,0.0071115013169446,0.825974025974026
2021-04-23 19:15:00+00:00,0.3892795529552955,0.0,0.00570676031606665,0.8166666666666667
2021-04-23 19:30:00+00:00,0.3927955295529552,0.0,0.0043020193151887,0.8073593073593074
2021-04-23 19:45:00+00:00,0.396311506150615,0.0,0.00289727831431075,0.7980519480519481
2021-04-23 20:00:00+00:00,0.3998274827482748,0.0,0.0014925373134328,0.7887445887445887
2021-04-23 20:15:00+00:00,0.40002437743774377,0.0,0.00118525021949075,0.780952380952381
2021-04-23 20:30:00+00:00,0.4002212721272127,0.0,0.0008779631255487,0.7731601731601732
2021-04-23 20:45:00+00:00,0.40041816681668163,0.0,0.00057067603160665,0.7653679653679654
2021-04-23 21:00:00+00:00,0.4006150615061506,0.0,0.0002633889376646,0.7575757575757576
2021-04-23 21:15:00+00:00,0.4002025202520252,0.0,0.0002853380158033,0.7545454545454545
2021-04-23 21:30:00+00:00,0.3997899789978997,0.0,0.000307287093942,0.7515151515151515
2021-04-23 21:45:00+00:00,0.3993774377437743,0.0,0.0003292361720807,0.7484848484848485
2021-04-23 22:00:00+00:00,0.3989648964896489,0.0,0.0003511852502194,0.7454545454545455
2021-04-23 22:15:00+00:00,0.4013370087008701,0.0,0.0003511852502194,0.7437229437229438
2021-04-23 22:30:00+00:00,0.4037091209120912,0.0,0.0003511852502194,0.741991341991342
2021-04-23 22:45:00+00:00,0.40608123312331235,0.0,0.0003511852502194,0.7402597402597402
2021-04-23 23:00:00+00:00,0.4084533453345335,0.0,0.0003511852502194,0.7385281385281385
2021-04-23 23:15:00+00:00,0.40784390939093906,0.0,0.0003511852502194,0.7406926406926406
2021-04-23 23:30:00+00:00,0.4072344734473447,0.0,0.0003511852502194,0.7428571428571429
2021-04-23 23:45:00+00:00,0.40662503750375034,0.0,0.0003511852502194,0.745021645021645
2021-04-24 00:00:00+00:00,0.406015601560156,0.0,0.0003511852502194,0.7471861471861472
2021-04-24 00:15:00+00:00,0.4055936843684368,0.0,0.0003511852502194,0.7454545454545455
2021-04-24 00:30:00+00:00,0.4051717671767176,0.0,0.0003511852502194,0.7437229437229438
2021-04-24 00:45:00+00:00,0.4047498499849984,0.0,0.0003511852502194,0.741991341991342
2021-04-24 01:00:00+00:00,0.4043279327932793,0.0,0.0003511852502194,0.7402597402597403
2021-04-24 01:15:00+00:00,0.4010744824482448,0.0,0.0003511852502194,0.7350649350649351
2021-04-24 01:30:00+00:00,0.3978210321032103,0.0,0.0003511852502194,0.7298701298701299
2021-04-24 01:45:00+00:00,0.3945675817581758,0.0,0.0003511852502194,0.7246753246753247
2021-04-24 02:00:00+00:00,0.3913141314131413,0.0,0.0003511852502194,0.7194805194805195
2021-04-24 02:15:00+00:00,0.38775127512751273,0.0,0.0003511852502194,0.7168831168831169
2021-04-24 02:30:00+00:00,0.3841884188418841,0.0,0.0003511852502194,0.7142857142857143
2021-04-24 02:45:00+00:00,0.38062556255625557,0.0,0.0003511852502194,0.7116883116883117
2021-04-24 03:00:00+00:00,0.377062706270627,0.0,0.0003511852502194,0.7090909090909091
2021-04-24 03:15:00+00:00,0.375815706570657,0.0,0.0003292361720807,0.7071428571428571
2021-04-24 03:30:00+00:00,0.374568706870687,0.0,0.000307287093942,0.7051948051948052
2021-04-24 03:45:00+00:00,0.373321707170717,0.0,0.0002853380158033,0.7032467532467532
2021-04-24 04:00:00+00:00,0.372074707470747,0.0,0.0002633889376646,0.7012987012987013
2021-04-24 04:15:00+00:00,0.3668898139813981,0.0,0.0015144863915715,0.703030303030303
2021-04-24 04:30:00+00:00,0.3617049204920491,0.0,0.0027655838454784,0.7047619047619047
2021-04-24 04:45:00+00:00,0.35652002700270025,0.0,0.00401668129938535,0.7064935064935065
2021-04-24 05:00:00+00:00,0.3513351335133513,0.0,0.0052677787532923,0.7082251082251082
2021-04-24 05:15:00+00:00,0.34749099909991,0.0,0.026843722563652254,0.7214285714285714
2021-04-24 05:30:00+00:00,0.3436468646864686,0.0,0.0484196663740122,0.7346320346320346
2021-04-24 05:45:00+00:00,0.3398027302730273,0.0,0.0699956101843722,0.7478354978354979
2021-04-24 06:00:00+00:00,0.335958595859586,0.0,0.0915715539947322,0.7610389610389611
2021-04-24 06:15:00+00:00,0.33229260426042606,0.0,0.1326163301141352,0.7681818181818183
2021-04-24 06:30:00+00:00,0.3286266126612661,0.0,0.1736611062335382,0.7753246753246754
2021-04-24 06:45:00+00:00,0.3249606210621062,0.0,0.2147058823529412,0.7824675324675325
2021-04-24 07:00:00+00:00,0.3212946294629463,0.0,0.2557506584723442,0.7896103896103897
2021-04-24 07:15:00+00:00,0.3229072907290729,0.0,0.28880597014925374,0.7906926406926407
2021-04-24 07:30:00+00:00,0.3245199519951995,0.0,0.3218612818261633,0.7917748917748918
2021-04-24 07:45:00+00:00,0.32613261326132614,0.0,0.35491659350307286,0.7928571428571429
2021-04-24 08:00:00+00:00,0.3277452745274527,0.0,0.3879719051799824,0.793939393939394
2021-04-24 08:15:00+00:00,0.3294891989198919,0.0,0.4113037752414398,0.7937229437229437
2021-04-24 08:30:00+00:00,0.3312331233123312,0.0,0.4346356453028972,0.7935064935064935
2021-04-24 08:45:00+00:00,0.33297704770477043,0.0,0.45796751536435465,0.7932900432900433
2021-04-24 09:00:00+00:00,0.3347209720972097,0.0,0.4812993854258121,0.793073593073593
2021-04-24 09:15:00+00:00,0.34065594059405935,0.0,0.47730465320456533,0.788961038961039
2021-04-24 09:30:00+00:00,0.346590909090909,0.0,0.4733099209833186,0.7848484848484849
2021-04-24 09:45:00+00:00,0.3525258775877588,0.0,0.4693151887620719,0.7807359307359307
2021-04-24 10:00:00+00:00,0.3584608460846085,0.0,0.4653204565408252,0.7766233766233767
2021-04-24 10:15:00+00:00,0.36188306330633063,0.0,0.45840649692712904,0.7751082251082251
2021-04-24 10:30:00+00:00,0.3653052805280528,0.0,0.4514925373134328,0.7735930735930736
2021-04-24 10:45:00+00:00,0.368727497749775,0.0,0.44457857769973663,0.7720779220779221
2021-04-24 11:00:00+00:00,0.3721497149714971,0.0,0.4376646180860404,0.7705627705627706
2021-04-24 11:15:00+00:00,0.37107148214821484,0.0,0.4326163301141352,0.769047619047619
2021-04-24 11:30:00+00:00,0.3699932493249325,0.0,0.42756804214223,0.7675324675324675
2021-04-24 11:45:00+00:00,0.36891501650165015,0.0,0.42251975417032483,0.766017316017316
2021-04-24 12:00:00+00:00,0.3678367836783678,0.0,0.4174714661984197,0.7645021645021645
2021-04-24 12:15:00+00:00,0.3637019951995199,0.0,0.3956540825285338,0.7627705627705628
2021-04-24 12:30:00+00:00,0.359567206720672,0.0,0.3738366988586479,0.761038961038961
2021-04-24 12:45:00+00:00,0.35543241824182414,0.0,0.35201931518876206,0.7593073593073593
2021-04-24 13:00:00+00:00,0.3512976297629763,0.0,0.3302019315188762,0.7575757575757576
2021-04-24 13:15:00+00:00,0.3458033303330333,0.0,0.3169885864793679,0.7560606060606061
2021-04-24 13:30:00+00:00,0.3403090309030903,0.0,0.3037752414398595,0.7545454545454545
2021-04-24 13:45:00+00:00,0.33481473147314733,0.0,0.2905618964003512,0.7530303030303029
2021-04-24 14:00:00+00:00,0.3293204320432043,0.0,0.2773485513608428,0.7515151515151515
2021-04-24 14:15:00+00:00,0.3251200120012001,0.0,0.2670983318700614,0.7493506493506493
2021-04-24 14:30:00+00:00,0.3209195919591959,0.0,0.25684811237928,0.7471861471861472
2021-04-24 14:45:00+00:00,0.3167191719171917,0.0,0.2465978928884986,0.745021645021645
2021-04-24 15:00:00+00:00,0.3125187518751875,0.0,0.2363476733977172,0.7428571428571429
2021-04-24 15:15:00+00:00,0.31767551755175516,0.0,0.23132133450395076,0.7398268398268398
2021-04-24 15:30:00+00:00,0.3228322832283228,0.0,0.2262949956101843,0.7367965367965368
2021-04-24 15:45:00+00:00,0.32798904890489045,0.0,0.22126865671641785,0.7337662337662337
2021-04-24 16:00:00+00:00,0.3331458145814581,0.0,0.2162423178226514,0.7307359307359307
2021-04-24 16:15:00+00:00,0.3321613411341134,0.0,0.1941395961369622,0.7396103896103896
2021-04-24 16:30:00+00:00,0.3311768676867687,0.0,0.172036874451273,0.7484848484848485
2021-04-24 16:45:00+00:00,0.3301923942394239,0.0,0.1499341527655838,0.7573593073593075
2021-04-24 17:00:00+00:00,0.3292079207920792,0.0,0.1278314310798946,0.7662337662337663
2021-04-24 17:15:00+00:00,0.32411678667866783,0.0,0.10403863037752403,0.7720779220779221
2021-04-24 17:30:00+00:00,0.3190256525652565,0.0,0.0802458296751535,0.7779220779220779
2021-04-24 17:45:00+00:00,0.31393451845184517,0.0,0.05645302897278305,0.7837662337662338
2021-04-24 18:00:00+00:00,0.3088433843384338,0.0,0.0326602282704126,0.7896103896103897
2021-04-24 18:15:00+00:00,0.3057868286828682,0.0,0.024670763827919148,0.7887445887445887
2021-04-24 18:30:00+00:00,0.3027302730273027,0.0,0.0166812993854257,0.7878787878787878
2021-04-24 18:45:00+00:00,0.29967371737173715,0.0,0.008691834942932299,0.7870129870129869
2021-04-24 19:00:00+00:00,0.2966171617161716,0.0,0.0007023705004389,0.7861471861471861
2021-04-24 19:15:00+00:00,0.296523402340234,0.0,0.0005926251097452999,0.7878787878787878
2021-04-24 19:30:00+00:00,0.2964296429642964,0.0,0.0004828797190517,0.7896103896103897
2021-04-24 19:45:00+00:00,0.29633588358835883,0.0,0.00037313432835815,0.7913419913419913
2021-04-24 20:00:00+00:00,0.2962421242124212,0.0,0.0002633889376646,0.793073593073593
2021-04-24 20:15:00+00:00,0.29022277227722765,0.0,0.0002633889376646,0.7935064935064935
2021-04-24 20:30:00+00:00,0.2842034203420341,0.0,0.0002633889376646,0.793939393939394
2021-04-24 20:45:00+00:00,0.2781840684068406,0.0,0.0002633889376646,0.7943722943722944
2021-04-24 21:00:00+00:00,0.2721647164716471,0.0,0.0002633889376646,0.7948051948051948
2021-04-24 21:15:00+00:00,0.26620162016201615,0.0,0.0002853380158033,0.7913419913419913
2021-04-24 21:30:00+00:00,0.2602385238523852,0.0,0.000307287093942,0.7878787878787878
2021-04-24 21:45:00+00:00,0.25427542754275423,0.0,0.0003292361720807,0.7844155844155845
2021-04-24 22:00:00+00:00,0.2483123312331233,0.0,0.0003511852502194,0.780952380952381
2021-04-24 22:15:00+00:00,0.23588921392139212,0.0,0.0003511852502194,0.780952380952381
2021-04-24 22:30:00+00:00,0.2234660966096609,0.0,0.0003511852502194,0.780952380952381
2021-04-24 22:45:00+00:00,0.21104297929792976,0.0,0.0003511852502194,0.780952380952381
2021-04-24 23:00:00+00:00,0.1986198619861986,0.0,0.0003511852502194,0.780952380952381
2021-04-24 23:15:00+00:00,0.19461633663366334,0.0,0.0003511852502194,0.7753246753246754
2021-04-24 23:30:00+00:00,0.1906128112811281,0.0,0.0003511852502194,0.7696969696969698
2021-04-24 23:45:00+00:00,0.18660928592859283,0.0,0.0003511852502194,0.7640692640692641
2021-04-25 00:00:00+00:00,0.1826057605760576,0.0,0.0003511852502194,0.7584415584415585
2021-04-25 00:15:00+00:00,0.18364648964896485,0.0,0.0003511852502194,0.7543290043290043
2021-04-25 00:30:00+00:00,0.1846872187218721,0.0,0.0003511852502194,0.7502164502164502
2021-04-25 00:45:00+00:00,0.1857279477947794,0.0,0.0003511852502194,0.7461038961038962
2021-04-25 01:00:00+00:00,0.1867686768676867,0.0,0.0003511852502194,0.741991341991342
2021-04-25 01:15:00+00:00,0.19006900690069,0.0,0.0003292361720807,0.7383116883116884
2021-04-25 01:30:00+00:00,0.1933693369336933,0.0,0.000307287093942,0.7346320346320346
2021-04-25 01:45:00+00:00,0.19666966696669658,0.0,0.0002853380158033,0.730952380952381
2021-04-25 02:00:00+00:00,0.1999699969996999,0.0,0.0002633889376646,0.7272727272727273
2021-04-25 02:15:00+00:00,0.2064112661266126,0.0,0.0002853380158033,0.7253246753246754
2021-04-25 02:30:00+00:00,0.2128525352535253,0.0,0.000307287093942,0.7233766233766235
2021-04-25 02:45:00+00:00,0.219293804380438,0.0,0.0003292361720807,0.7214285714285715
2021-04-25 03:00:00+00:00,0.2257350735073507,0.0,0.0003511852502194,0.7194805194805195
2021-04-25 03:15:00+00:00,0.2270664566456645,0.0,0.0003292361720807,0.7188311688311688
2021-04-25 03:30:00+00:00,0.2283978397839783,0.0,0.000307287093942,0.7181818181818183
2021-04-25 03:45:00+00:00,0.22972922292229214,0.0,0.0002853380158033,0.7175324675324676
2021-04-25 04:00:00+00:00,0.231060606060606,0.0,0.0002633889376646,0.7168831168831169
2021-04-25 04:15:00+00:00,0.23414528952895286,0.0,0.0007901668129938,0.71991341991342
2021-04-25 04:30:00+00:00,0.2372299729972997,0.0,0.001316944688323,0.722943722943723
2021-04-25 04:45:00+00:00,0.24031465646564654,0.0,0.0018437225636522498,0.7259740259740259
2021-04-25 05:00:00+00:00,0.2433993399339934,0.0,0.0023705004389815,0.729004329004329
2021-04-25 05:15:00+00:00,0.2457058205820582,0.0,0.011545215100965648,0.7378787878787878
2021-04-25 05:30:00+00:00,0.248012301230123,0.0,0.0207199297629498,0.7467532467532467
2021-04-25 05:45:00+00:00,0.2503187818781878,0.0,0.029894644424934048,0.7556277056277056
2021-04-25 06:00:00+00:00,0.2526252625262526,0.0,0.0390693590869183,0.7645021645021645
2021-04-25 06:15:00+00:00,0.2559912241224122,0.0,0.059108867427568004,0.7712121212121212
2021-04-25 06:30:00+00:00,0.2593571857185718,0.0,0.0791483757682177,0.7779220779220779
2021-04-25 06:45:00+00:00,0.26272314731473145,0.0,0.0991878841088674,0.7846320346320346
2021-04-25 07:00:00+00:00,0.2660891089108911,0.0,0.1192273924495171,0.7913419913419913
2021-04-25 07:15:00+00:00,0.2640732823282328,0.0,0.1386742756804214,0.7965367965367965
2021-04-25 07:30:00+00:00,0.2620574557455745,0.0,0.1581211589113257,0.8017316017316017
2021-04-25 07:45:00+00:00,0.26004162916291623,0.0,0.17756804214223,0.8069264069264069
2021-04-25 08:00:00+00:00,0.258025802580258,0.0,0.1970149253731343,0.8121212121212121
2021-04-25 08:15:00+00:00,0.2598259825982598,0.0,0.2255048287971905,0.8108225108225109
2021-04-25 08:30:00+00:00,0.2616261626162616,0.0,0.2539947322212467,0.8095238095238095
2021-04-25 08:45:00+00:00,0.2634263426342634,0.0,0.28248463564530285,0.8082251082251082
2021-04-25 09:00:00+00:00,0.2652265226522652,0.0,0.310974539069359,0.8069264069264069
2021-04-25 09:15:00+00:00,0.26722359735973594,0.0,0.333252853380158,0.8080086580086581
2021-04-25 09:30:00+00:00,0.2692206720672067,0.0,0.3555311676909569,0.8090909090909091
2021-04-25 09:45:00+00:00,0.27121774677467747,0.0,0.37780948200175585,0.8101731601731601
2021-04-25 10:00:00+00:00,0.2732148214821482,0.0,0.4000877963125548,0.8112554112554112
2021-04-25 10:15:00+00:00,0.27219284428442847,0.0,0.4102282704126426,0.8106060606060606
2021-04-25 10:30:00+00:00,0.2711708670867087,0.0,0.4203687445127304,0.80995670995671
2021-04-25 10:45:00+00:00,0.2701488898889889,0.0,0.4305092186128182,0.8093073593073593
2021-04-25 11:00:00+00:00,0.2691269126912691,0.0,0.440649692712906,0.8086580086580086
2021-04-25 11:15:00+00:00,0.2683299579957995,0.0,0.44225197541703243,0.7982683982683982
2021-04-25 11:30:00+00:00,0.26753300330033,0.0,0.4438542581211588,0.7878787878787878
2021-04-25 11:45:00+00:00,0.26673604860486044,0.0,0.4454565408252853,0.7774891774891775
2021-04-25 12:00:00+00:00,0.2659390939093909,0.0,0.4470588235294118,0.7670995670995671
2021-04-25 12:15:00+00:00,0.26146677167716764,0.0,0.4458955223880597,0.7642857142857142
2021-04-25 12:30:00+00:00,0.2569944494449444,0.0,0.4447322212467076,0.7614718614718614
2021-04-25 12:45:00+00:00,0.25252212721272116,0.0,0.44356892010535554,0.7586580086580086
2021-04-25 13:00:00+00:00,0.248049804980498,0.0,0.4424056189640035,0.7558441558441559
2021-04-25 13:15:00+00:00,0.24496512151215116,0.0,0.43180421422300264,0.7538961038961038
2021-04-25 13:30:00+00:00,0.2418804380438043,0.0,0.4212028094820017,0.7519480519480519
2021-04-25 13:45:00+00:00,0.2387957545754575,0.0,0.4106014047410009,0.75
2021-04-25 14:00:00+00:00,0.2357110711071107,0.0,0.4,0.7480519480519481
2021-04-25 14:15:00+00:00,0.22902602760276025,0.0,0.380684811237928,0.7480519480519481
2021-04-25 14:30:00+00:00,0.2223409840984098,0.0,0.361369622475856,0.7480519480519481
2021-04-25 14:45:00+00:00,0.21565594059405935,0.0,0.342054433713784,0.7480519480519481
2021-04-25 15:00:00+00:00,0.2089708970897089,0.0,0.322739244951712,0.7480519480519481
2021-04-25 15:15:00+00:00,0.2084833483348334,0.0,0.29756365232660226,0.748917748917749
2021-04-25 15:30:00+00:00,0.2079957995799579,0.0,0.2723880597014925,0.7497835497835498
2021-04-25 15:45:00+00:00,0.20750825082508245,0.0,0.24721246707638272,0.7506493506493506
2021-04-25 16:00:00+00:00,0.207020702070207,0.0,0.222036874451273,0.7515151515151515
2021-04-25 16:15:00+00:00,0.2058580858085808,0.0,0.1974100087796312,0.7564935064935064
2021-04-25 16:30:00+00:00,0.2046954695469546,0.0,0.1727831431079894,0.7614718614718614
2021-04-25 16:45:00+00:00,0.20353285328532844,0.0,0.1481562774363476,0.7664502164502165
2021-04-25 17:00:00+00:00,0.2023702370237023,0.0,0.1235294117647058,0.7714285714285715
2021-04-25 17:15:00+00:00,0.19531953195319524,0.0,0.1016681299385425,0.7807359307359307
2021-04-25 17:30:00+00:00,0.1882688268826882,0.0,0.0798068481123792,0.7900432900432901
2021-04-25 17:45:00+00:00,0.18121812181218114,0.0,0.0579455662862159,0.7993506493506494
2021-04-25 18:00:00+00:00,0.1741674167416741,0.0,0.0360842844600526,0.8086580086580086
2021-04-25 18:15:00+00:00,0.16884188418841875,0.0,0.0295434591747146,0.8121212121212121
2021-04-25 18:30:00+00:00,0.1635163516351634,0.0,0.0230026338893766,0.8155844155844156
2021-04-25 18:45:00+00:00,0.1581908190819081,0.0,0.016461808604038602,0.819047619047619
2021-04-25 19:00:00+00:00,0.1528652865286528,0.0,0.0099209833187006,0.8225108225108225
2021-04-25 19:15:00+00:00,0.15555618061806176,0.0,0.00941615452151005,0.8296536796536798
2021-04-25 19:30:00+00:00,0.1582470747074707,0.0,0.0089113257243195,0.8367965367965369
2021-04-25 19:45:00+00:00,0.16093796879687966,0.0,0.008406496927129,0.843939393939394
2021-04-25 20:00:00+00:00,0.1636288628862886,0.0,0.0079016681299385,0.8510822510822511
2021-04-25 20:15:00+00:00,0.1652602760276027,0.0,0.0069578577699736,0.8415584415584416
2021-04-25 20:30:00+00:00,0.1668916891689168,0.0,0.0060140474100087,0.8320346320346321
2021-04-25 20:45:00+00:00,0.16852310231023096,0.0,0.00507023705004385,0.8225108225108226
2021-04-25 21:00:00+00:00,0.1701545154515451,0.0,0.004126426690079,0.812987012987013
2021-04-25 21:15:00+00:00,0.1678667866786678,0.0,0.0040166812993853995,0.8136363636363637
2021-04-25 21:30:00+00:00,0.1655790579057905,0.0,0.0039069359086918,0.8142857142857143
2021-04-25 21:45:00+00:00,0.16329132913291325,0.0,0.0037971905179982,0.814935064935065
2021-04-25 22:00:00+00:00,0.161003600360036,0.0,0.0036874451273046,0.8155844155844156
2021-04-25 22:15:00+00:00,0.1606285628562856,0.0,0.00316066725197535,0.8119047619047619
2021-04-25 22:30:00+00:00,0.1602535253525352,0.0,0.0026338893766461,0.8082251082251082
2021-04-25 22:45:00+00:00,0.15987848784878483,0.0,0.0021071115013169,0.8045454545454546
2021-04-25 23:00:00+00:00,0.1595034503450345,0.0,0.0015803336259877,0.8008658008658008
2021-04-25 23:15:00+00:00,0.15549054905490545,0.0,0.0015144863915715,0.801948051948052
2021-04-25 23:30:00+00:00,0.1514776477647764,0.0,0.0014486391571553,0.803030303030303
2021-04-25 23:45:00+00:00,0.1474647464746474,0.0,0.00138279192273915,0.8041125541125541
2021-04-26 00:00:00+00:00,0.1434518451845184,0.0,0.001316944688323,0.8051948051948052
2021-04-26 00:15:00+00:00,0.13792941794179409,0.0,0.001316944688323,0.8097402597402598
2021-04-26 00:30:00+00:00,0.1324069906990698,0.0,0.001316944688323,0.8142857142857143
2021-04-26 00:45:00+00:00,0.12688456345634555,0.0,0.001316944688323,0.8188311688311689
2021-04-26 01:00:00+00:00,0.1213621362136213,0.0,0.001316944688323,0.8233766233766234
2021-04-26 01:15:00+00:00,0.11804305430543044,0.0,0.001316944688323,0.829004329004329
2021-04-26 01:30:00+00:00,0.1147239723972396,0.0,0.001316944688323,0.8346320346320346
2021-04-26 01:45:00+00:00,0.11140489048904881,0.0,0.001316944688323,0.8402597402597403
2021-04-26 02:00:00+00:00,0.108085808580858,0.0,0.001316944688323,0.8458874458874459
2021-04-26 02:15:00+00:00,0.103097809780978,0.0,0.001316944688323,0.8469696969696969
2021-04-26 02:30:00+00:00,0.098109810981098,0.0,0.001316944688323,0.8480519480519481
2021-04-26 02:45:00+00:00,0.09312181218121805,0.0,0.001316944688323,0.8491341991341992
2021-04-26 03:00:00+00:00,0.0881338133813381,0.0,0.001316944688323,0.8502164502164502
2021-04-26 03:15:00+00:00,0.0867930543054305,0.0,0.001316944688323,0.8538961038961038
2021-04-26 03:30:00+00:00,0.0854522952295229,0.0,0.001316944688323,0.8575757575757575
2021-04-26 03:45:00+00:00,0.0841115361536153,0.0,0.001316944688323,0.8612554112554112
2021-04-26 04:00:00+00:00,0.0827707770777077,0.0,0.001316944688323,0.8649350649350649
2021-04-26 04:15:00+00:00,0.07878600360035995,0.0,0.0019095697980683998,0.867099567099567
2021-04-26 04:30:00+00:00,0.0748012301230122,0.0,0.0025021949078138,0.8692640692640692
2021-04-26 04:45:00+00:00,0.0708164566456645,0.0,0.0030948200175592,0.8714285714285714
2021-04-26 05:00:00+00:00,0.0668316831683168,0.0,0.0036874451273046,0.8735930735930736
2021-04-26 05:15:00+00:00,0.06545342034203415,0.0,0.018678665496049098,0.887012987012987
2021-04-26 05:30:00+00:00,0.0640751575157515,0.0,0.0336698858647936,0.9004329004329004
2021-04-26 05:45:00+00:00,0.0626968946894689,0.0,0.04866110623353816,0.9138528138528138
2021-04-26 06:00:00+00:00,0.0613186318631863,0.0,0.0636523266022827,0.9272727272727272
2021-04-26 06:15:00+00:00,0.0592371737173717,0.0,0.09113257243195785,0.9365800865800865
2021-04-26 06:30:00+00:00,0.0571557155715571,0.0,0.118612818261633,0.9458874458874458
2021-04-26 06:45:00+00:00,0.0550742574257425,0.0,0.14609306409130815,0.9551948051948052
2021-04-26 07:00:00+00:00,0.0529927992799279,0.0,0.1735733099209833,0.9645021645021644
2021-04-26 07:15:00+00:00,0.051445769576957595,0.0,0.1971685689201053,0.9614718614718614
2021-04-26 07:30:00+00:00,0.0498987398739873,0.0,0.2207638279192273,0.9584415584415584
2021-04-26 07:45:00+00:00,0.04835171017101705,0.0,0.24435908691834934,0.9554112554112555
2021-04-26 08:00:00+00:00,0.0468046804680468,0.0,0.2679543459174714,0.9523809523809524
2021-04-26 08:15:00+00:00,0.04738598859885985,0.0,0.2898156277436347,0.9484848484848485
2021-04-26 08:30:00+00:00,0.0479672967296729,0.0,0.311676909569798,0.9445887445887446
2021-04-26 08:45:00+00:00,0.048548604860486,0.0,0.3335381913959613,0.9406926406926408
2021-04-26 09:00:00+00:00,0.0491299129912991,0.0,0.3553994732221247,0.9367965367965368
2021-04-26 09:15:00+00:00,0.0529459195919591,0.0,0.3776119402985074,0.9365800865800866
2021-04-26 09:30:00+00:00,0.0567619261926191,0.0,0.3998244073748902,0.9363636363636364
2021-04-26 09:45:00+00:00,0.06057793279327919,0.0,0.422036874451273,0.9361471861471862
2021-04-26 10:00:00+00:00,0.0643939393939393,0.0,0.4442493415276558,0.935930735930736
2021-04-26 10:15:00+00:00,0.06642851785178511,0.0,0.4537752414398595,0.9335497835497836
2021-04-26 10:30:00+00:00,0.0684630963096309,0.0,0.4633011413520632,0.9311688311688312
2021-04-26 10:45:00+00:00,0.0704976747674767,0.0,0.4728270412642669,0.9287878787878787
2021-04-26 11:00:00+00:00,0.0725322532253225,0.0,0.4823529411764706,0.9264069264069263
2021-04-26 11:15:00+00:00,0.07629200420041996,0.0,0.4860403863037752,0.9168831168831169
2021-04-26 11:30:00+00:00,0.0800517551755174,0.0,0.4897278314310799,0.9073593073593074
2021-04-26 11:45:00+00:00,0.08381150615061495,0.0,0.4934152765583845,0.8978354978354979
2021-04-26 12:00:00+00:00,0.0875712571257125,0.0,0.4971027216856892,0.8883116883116883
2021-04-26 12:15:00+00:00,0.0883494599459945,0.0,0.5011413520632133,0.8748917748917748
2021-04-26 12:30:00+00:00,0.0891276627662765,0.0,0.5051799824407375,0.8614718614718615
2021-04-26 12:45:00+00:00,0.08990586558655855,0.0,0.5092186128182616,0.8480519480519481
2021-04-26 13:00:00+00:00,0.0906840684068406,0.0,0.5132572431957858,0.8346320346320346
2021-04-26 13:15:00+00:00,0.0918841884188418,0.0,0.49958296751536435,0.8292207792207792
2021-04-26 13:30:00+00:00,0.093084308430843,0.0,0.4859086918349429,0.8238095238095238
2021-04-26 13:45:00+00:00,0.09428442844284421,0.0,0.4722344161545215,0.8183982683982685
2021-04-26 14:00:00+00:00,0.0954845484548454,0.0,0.4585601404741001,0.812987012987013
2021-04-26 14:15:00+00:00,0.09524077407740765,0.0,0.42600965759438103,0.8162337662337662
2021-04-26 14:30:00+00:00,0.0949969996999699,0.0,0.3934591747146619,0.8194805194805195
2021-04-26 14:45:00+00:00,0.09475322532253219,0.0,0.3609086918349429,0.8227272727272728
2021-04-26 15:00:00+00:00,0.0945094509450945,0.0,0.3283582089552239,0.825974025974026
2021-04-26 15:15:00+00:00,0.0945000750075007,0.0,0.30744073748902545,0.8292207792207792
2021-04-26 15:30:00+00:00,0.0944906990699069,0.0,0.286523266022827,0.8324675324675325
2021-04-26 15:45:00+00:00,0.09448132313231314,0.0,0.2656057945566286,0.8357142857142856
2021-04-26 16:00:00+00:00,0.0944719471947194,0.0,0.2446883230904302,0.8389610389610389
2021-04-26 16:15:00+00:00,0.08949332433243315,0.0,0.22203687445127301,0.8448051948051948
2021-04-26 16:30:00+00:00,0.0845147014701469,0.0,0.1993854258121158,0.8506493506493507
2021-04-26 16:45:00+00:00,0.0795360786078607,0.0,0.17673397717295863,0.8564935064935064
2021-04-26 17:00:00+00:00,0.0745574557455745,0.0,0.1540825285338015,0.8623376623376623
2021-04-26 17:15:00+00:00,0.07286978697869781,0.0,0.12550482879719044,0.8692640692640692
2021-04-26 17:30:00+00:00,0.0711821182118211,0.0,0.0969271290605794,0.8761904761904762
2021-04-26 17:45:00+00:00,0.06949444944494444,0.0,0.06834942932396836,0.8831168831168832
2021-04-26 18:00:00+00:00,0.0678067806780678,0.0,0.0397717295873573,0.8900432900432901
2021-04-26 18:15:00+00:00,0.06592221722172215,0.0,0.03138718173836695,0.8924242424242425
2021-04-26 18:30:00+00:00,0.0640376537653765,0.0,0.0230026338893766,0.8948051948051948
2021-04-26 18:45:00+00:00,0.06215309030903085,0.0,0.01461808604038625,0.8971861471861472
2021-04-26 19:00:00+00:00,0.0602685268526852,0.0,0.0062335381913959,0.8995670995670996
2021-04-26 19:15:00+00:00,0.05903090309030895,0.0,0.0055311676909569,0.901948051948052
2021-04-26 19:30:00+00:00,0.0577932793279327,0.0,0.0048287971905179,0.9043290043290044
2021-04-26 19:45:00+00:00,0.0565556555655565,0.0,0.00412642669007895,0.9067099567099568
2021-04-26 20:00:00+00:00,0.0553180318031803,0.0,0.00342405618964,0.9090909090909092
2021-04-26 20:15:00+00:00,0.0557680768076807,0.0,0.00342405618964,0.904978354978355
2021-04-26 20:30:00+00:00,0.0562181218121811,0.0,0.00342405618964,0.9008658008658008
2021-04-26 20:45:00+00:00,0.0566681668166816,0.0,0.00342405618964,0.8967532467532467
2021-04-26 21:00:00+00:00,0.0571182118211821,0.0,0.00342405618964,0.8926406926406927
2021-04-26 21:15:00+00:00,0.0586089858985898,0.0,0.00342405618964,0.8967532467532467
2021-04-26 21:30:00+00:00,0.0600997599759975,0.0,0.00342405618964,0.9008658008658008
2021-04-26 21:45:00+00:00,0.061590534053405255,0.0,0.00342405618964,0.904978354978355
2021-04-26 22:00:00+00:00,0.063081308130813,0.0,0.00342405618964,0.9090909090909092
2021-04-26 22:15:00+00:00,0.0656878187818781,0.0,0.00342405618964,0.9084415584415585
2021-04-26 22:30:00+00:00,0.0682943294329432,0.0,0.00342405618964,0.9077922077922078
2021-04-26 22:45:00+00:00,0.07090084008400835,0.0,0.00342405618964,0.907142857142857
2021-04-26 23:00:00+00:00,0.0735073507350735,0.0,0.00342405618964,0.9064935064935064
2021-04-26 23:15:00+00:00,0.07488561356135609,0.0,0.00342405618964,0.9064935064935064
2021-04-26 23:30:00+00:00,0.0762638763876387,0.0,0.00342405618964,0.9064935064935064
2021-04-26 23:45:00+00:00,0.07764213921392135,0.0,0.00342405618964,0.9064935064935064
2021-04-27 00:00:00+00:00,0.079020402040204,0.0,0.00342405618964,0.9064935064935064
2021-04-27 00:15:00+00:00,0.07947982298229815,0.0,0.00342405618964,0.9077922077922076
2021-04-27 00:30:00+00:00,0.0799392439243923,0.0,0.00342405618964,0.909090909090909
2021-04-27 00:45:00+00:00,0.08039866486648654,0.0,0.00342405618964,0.9103896103896103
2021-04-27 01:00:00+00:00,0.0808580858085808,0.0,0.00342405618964,0.9116883116883115
2021-04-27 01:15:00+00:00,0.0805580558055805,0.0,0.00342405618964,0.9095238095238094
2021-04-27 01:30:00+00:00,0.0802580258025802,0.0,0.00342405618964,0.9073593073593074
2021-04-27 01:45:00+00:00,0.0799579957995799,0.0,0.00342405618964,0.9051948051948053
2021-04-27 02:00:00+00:00,0.0796579657965796,0.0,0.00342405618964,0.9030303030303032
2021-04-27 02:15:00+00:00,0.0788516351635163,0.0,0.00342405618964,0.9067099567099568
2021-04-27 02:30:00+00:00,0.078045304530453,0.0,0.00342405618964,0.9103896103896104
2021-04-27 02:45:00+00:00,0.07723897389738969,0.0,0.00342405618964,0.914069264069264
2021-04-27 03:00:00+00:00,0.0764326432643264,0.0,0.00342405618964,0.9177489177489178
2021-04-27 03:15:00+00:00,0.07632013201320126,0.0,0.0029192273924494496,0.9181818181818182
2021-04-27 03:30:00+00:00,0.0762076207620761,0.0,0.0024143985952589,0.9186147186147188
2021-04-27 03:45:00+00:00,0.076095109510951,0.0,0.0019095697980683998,0.9190476190476191
2021-04-27 04:00:00+00:00,0.0759825982598259,0.0,0.0014047410008779,0.9194805194805196
2021-04-27 04:15:00+00:00,0.0741261626162615,0.0,0.0025241439859524997,0.9294372294372295
2021-04-27 04:30:00+00:00,0.0722697269726971,0.0,0.0036435469710271,0.9393939393939394
2021-04-27 04:45:00+00:00,0.0704132913291328,0.0,0.0047629499561017506,0.9493506493506494
2021-04-27 05:00:00+00:00,0.0685568556855685,0.0,0.0058823529411764,0.9593073593073592
2021-04-27 05:15:00+00:00,0.06468459345934585,0.0,0.02851185250219485,0.9616883116883116
2021-04-27 05:30:00+00:00,0.0608123312331232,0.0,0.0511413520632133,0.964069264069264
2021-04-27 05:45:00+00:00,0.0569400690069006,0.0,0.07377085162423175,0.9664502164502164
2021-04-27 06:00:00+00:00,0.053067806780678,0.0,0.0964003511852502,0.9688311688311688
2021-04-27 06:15:00+00:00,0.051783303330332944,0.0,0.13114574187884104,0.9673160173160174
2021-04-27 06:30:00+00:00,0.0504987998799879,0.0,0.1658911325724319,0.965800865800866
2021-04-27 06:45:00+00:00,0.049214296429642895,0.0,0.2006365232660228,0.9642857142857144
2021-04-27 07:00:00+00:00,0.0479297929792979,0.0,0.2353819139596137,0.9627705627705628
2021-04-27 07:15:00+00:00,0.0476766426642664,0.0,0.2657813871817383,0.9601731601731602
2021-04-27 07:30:00+00:00,0.0474234923492349,0.0,0.296180860403863,0.9575757575757576
2021-04-27 07:45:00+00:00,0.0471703420342034,0.0,0.32658033362598765,0.954978354978355
2021-04-27 08:00:00+00:00,0.0469171917191719,0.0,0.3569798068481123,0.9523809523809524
2021-04-27 08:15:00+00:00,0.0460358535853585,0.0,0.38072870939420533,0.95
2021-04-27 08:30:00+00:00,0.0451545154515451,0.0,0.4044776119402984,0.9476190476190476
2021-04-27 08:45:00+00:00,0.0442731773177317,0.0,0.4282265144863915,0.9452380952380952
2021-04-27 09:00:00+00:00,0.0433918391839183,0.0,0.4519754170324846,0.9428571428571428
2021-04-27 09:15:00+00:00,0.04379500450044995,0.0,0.4648156277436347,0.9411255411255411
2021-04-27 09:30:00+00:00,0.0441981698169816,0.0,0.4776558384547849,0.9393939393939394
2021-04-27 09:45:00+00:00,0.044601335133513303,0.0,0.49049604916593503,0.9376623376623376
2021-04-27 10:00:00+00:00,0.045004500450045,0.0,0.5033362598770852,0.935930735930736
2021-04-27 10:15:00+00:00,0.045726447644764454,0.0,0.5103819139596137,0.935930735930736
2021-04-27 10:30:00+00:00,0.0464483948394839,0.0,0.5174275680421422,0.935930735930736
2021-04-27 10:45:00+00:00,0.04717034203420335,0.0,0.5244732221246707,0.935930735930736
2021-04-27 11:00:00+00:00,0.0478922892289228,0.0,0.5315188762071993,0.935930735930736
2021-04-27 11:15:00+00:00,0.051848934893489254,0.0,0.5278753292361721,0.9318181818181818
2021-04-27 11:30:00+00:00,0.0558055805580557,0.0,0.5242317822651449,0.9277056277056276
2021-04-27 11:45:00+00:00,0.0597622262226222,0.0,0.5205882352941177,0.9235930735930735
2021-04-27 12:00:00+00:00,0.0637188718871887,0.0,0.5169446883230905,0.9194805194805196
2021-04-27 12:15:00+00:00,0.0693913141314131,0.0,0.5142230026338894,0.9179653679653681
2021-04-27 12:30:00+00:00,0.0750637563756375,0.0,0.5115013169446884,0.9164502164502166
2021-04-27 12:45:00+00:00,0.08073619861986195,0.0,0.5087796312554873,0.9149350649350652
2021-04-27 13:00:00+00:00,0.0864086408640864,0.0,0.5060579455662862,0.9134199134199136
2021-04-27 13:15:00+00:00,0.09287803780378034,0.0,0.4901009657594381,0.9140692640692643
2021-04-27 13:30:00+00:00,0.0993474347434743,0.0,0.47414398595259,0.9147186147186148
2021-04-27 13:45:00+00:00,0.10581683168316824,0.0,0.4581870061457418,0.9153679653679654
2021-04-27 14:00:00+00:00,0.1122862286228622,0.0,0.4422300263388937,0.916017316017316
2021-04-27 14:15:00+00:00,0.116617911791179,0.0,0.41413520632133444,0.9166666666666665
2021-04-27 14:30:00+00:00,0.1209495949594958,0.0,0.3860403863037752,0.9173160173160172
2021-04-27 14:45:00+00:00,0.1252812781278127,0.0,0.35794556628621593,0.917965367965368
2021-04-27 15:00:00+00:00,0.1296129612961296,0.0,0.3298507462686567,0.9186147186147188
2021-04-27 15:15:00+00:00,0.13218196819681965,0.0,0.30662862159789284,0.9253246753246754
2021-04-27 15:30:00+00:00,0.1347509750975097,0.0,0.283406496927129,0.932034632034632
2021-04-27 15:45:00+00:00,0.13731998199819978,0.0,0.2601843722563652,0.9387445887445887
2021-04-27 16:00:00+00:00,0.1398889888988899,0.0,0.2369622475856014,0.9454545454545454
2021-04-27 16:15:00+00:00,0.1404515451545154,0.0,0.20891132572431956,0.9484848484848485
2021-04-27 16:30:00+00:00,0.1410141014101409,0.0,0.1808604038630377,0.9515151515151516
2021-04-27 16:45:00+00:00,0.1415766576657665,0.0,0.1528094820017559,0.9545454545454546
2021-04-27 17:00:00+00:00,0.1421392139213921,0.0,0.1247585601404741,0.9575757575757576
2021-04-27 17:15:00+00:00,0.1409578457845784,0.0,0.10362159789288844,0.9625541125541126
2021-04-27 17:30:00+00:00,0.1397764776477647,0.0,0.0824846356453028,0.9675324675324676
2021-04-27 17:45:00+00:00,0.13859510951095105,0.0,0.0613476733977172,0.9725108225108225
2021-04-27 18:00:00+00:00,0.1374137413741374,0.0,0.0402107111501316,0.9774891774891776
2021-04-27 18:15:00+00:00,0.13734810981098106,0.0,0.0330772607550482,0.9768398268398271
2021-04-27 18:30:00+00:00,0.1372824782478247,0.0,0.0259438103599648,0.9761904761904764
2021-04-27 18:45:00+00:00,0.13721684668466838,0.0,0.0188103599648814,0.9755411255411256
2021-04-27 19:00:00+00:00,0.1371512151215121,0.0,0.011676909569798,0.9748917748917748
2021-04-27 19:15:00+00:00,0.13626050105010495,0.0,0.0113037752414398,0.9694805194805194
2021-04-27 19:30:00+00:00,0.1353697869786978,0.0,0.0109306409130816,0.964069264069264
2021-04-27 19:45:00+00:00,0.13447907290729064,0.0,0.0105575065847234,0.9586580086580085
2021-04-27 20:00:00+00:00,0.1335883588358835,0.0,0.0101843722563652,0.9532467532467532
2021-04-27 20:15:00+00:00,0.1324163666366636,0.0,0.01003072870939415,0.9487012987012987
2021-04-27 20:30:00+00:00,0.1312443744374437,0.0,0.0098770851624231,0.9441558441558442
2021-04-27 20:45:00+00:00,0.1300723822382238,0.0,0.0097234416154521,0.9396103896103896
2021-04-27 21:00:00+00:00,0.1289003900390039,0.0,0.0095697980684811,0.935064935064935
2021-04-27 21:15:00+00:00,0.1279065406540654,0.0,0.0087576821773485,0.930952380952381
2021-04-27 21:30:00+00:00,0.1269126912691269,0.0,0.0079455662862159,0.9268398268398268
2021-04-27 21:45:00+00:00,0.1259188418841884,0.0,0.007133450395083349,0.9227272727272728
2021-04-27 22:00:00+00:00,0.1249249924992499,0.0,0.0063213345039508,0.9186147186147188
2021-04-27 22:15:00+00:00,0.1233779627962796,0.0,0.0056409130816505,0.9158008658008658
2021-04-27 22:30:00+00:00,0.1218309330933093,0.0,0.0049604916593502,0.912987012987013
2021-04-27 22:45:00+00:00,0.120283903390339,0.0,0.00428007023704995,0.9101731601731602
2021-04-27 23:00:00+00:00,0.1187368736873687,0.0,0.0035996488147497,0.9073593073593074
2021-04-27 23:15:00+00:00,0.11729297929792976,0.0,0.0035996488147497,0.904978354978355
2021-04-27 23:30:00+00:00,0.1158490849084908,0.0,0.0035996488147497,0.9025974025974026
2021-04-27 23:45:00+00:00,0.11440519051905185,0.0,0.0035996488147497,0.9002164502164502
2021-04-28 00:00:00+00:00,0.1129612961296129,0.0,0.0035996488147497,0.8978354978354979
2021-04-28 00:15:00+00:00,0.1119393189318931,0.0,0.0035996488147497,0.893939393939394
2021-04-28 00:30:00+00:00,0.1109173417341733,0.0,0.0035996488147497,0.8900432900432901
2021-04-28 00:45:00+00:00,0.10989536453645354,0.0,0.0035996488147497,0.8861471861471861
2021-04-28 01:00:00+00:00,0.1088733873387338,0.0,0.0035996488147497,0.8822510822510823
2021-04-28 01:15:00+00:00,0.1092671767176717,0.0,0.0034021071115012498,0.8798701298701299
2021-04-28 01:30:00+00:00,0.1096609660966096,0.0,0.0032045654082528,0.8774891774891775
2021-04-28 01:45:00+00:00,0.1100547554755475,0.0,0.00300702370500435,0.8751082251082252
2021-04-28 02:00:00+00:00,0.1104485448544854,0.0,0.0028094820017559,0.8727272727272727
2021-04-28 02:15:00+00:00,0.11015789078907884,0.0,0.00230465320456535,0.8722943722943723
2021-04-28 02:30:00+00:00,0.1098672367236723,0.0,0.0017998244073748,0.8718614718614719
2021-04-28 02:45:00+00:00,0.10957658265826575,0.0,0.0012949956101843,0.8714285714285714
2021-04-28 03:00:00+00:00,0.1092859285928592,0.0,0.0007901668129938,0.870995670995671
2021-04-28 03:15:00+00:00,0.1081045604560455,0.0,0.0007682177348550499,0.879004329004329
2021-04-28 03:30:00+00:00,0.1069231923192318,0.0,0.0007462686567163,0.887012987012987
2021-04-28 03:45:00+00:00,0.10574182418241815,0.0,0.0007243195785776,0.895021645021645
2021-04-28 04:00:00+00:00,0.1045604560456045,0.0,0.0007023705004389,0.9030303030303032
2021-04-28 04:15:00+00:00,0.1015320282028202,0.0,0.00208516242317815,0.9142857142857144
2021-04-28 04:30:00+00:00,0.0985036003600359,0.0,0.0034679543459174,0.9255411255411256
2021-04-28 04:45:00+00:00,0.09547517251725166,0.0,0.00485074626865665,0.9367965367965367
2021-04-28 05:00:00+00:00,0.0924467446744674,0.0,0.0062335381913959,0.948051948051948
2021-04-28 05:15:00+00:00,0.08882763276327625,0.0,0.02537313432835815,0.9545454545454545
2021-04-28 05:30:00+00:00,0.0852085208520851,0.0,0.0445127304653204,0.961038961038961
2021-04-28 05:45:00+00:00,0.081589408940894,0.0,0.06365232660228265,0.9675324675324675
2021-04-28 06:00:00+00:00,0.0779702970297029,0.0,0.0827919227392449,0.974025974025974
2021-04-28 06:15:00+00:00,0.0745574557455745,0.0,0.12451712028094815,0.9748917748917749
2021-04-28 06:30:00+00:00,0.0711446144614461,0.0,0.1662423178226514,0.9757575757575758
2021-04-28 06:45:00+00:00,0.0677317731773177,0.0,0.20796751536435465,0.9766233766233767
2021-04-28 07:00:00+00:00,0.0643189318931893,0.0,0.2496927129060579,0.9774891774891776
2021-04-28 07:15:00+00:00,0.0619374437443744,0.0,0.2846136962247585,0.9727272727272729
2021-04-28 07:30:00+00:00,0.0595559555955595,0.0,0.3195346795434591,0.967965367965368
2021-04-28 07:45:00+00:00,0.0571744674467446,0.0,0.35445566286215974,0.9632034632034632
2021-04-28 08:00:00+00:00,0.0547929792979297,0.0,0.3893766461808604,0.9584415584415584
2021-04-28 08:15:00+00:00,0.0536397389738973,0.0,0.4217954345917472,0.9614718614718614
2021-04-28 08:30:00+00:00,0.0524864986498649,0.0,0.4542142230026339,0.9645021645021644
2021-04-28 08:45:00+00:00,0.0513332583258325,0.0,0.48663301141352067,0.9675324675324675
2021-04-28 09:00:00+00:00,0.0501800180018001,0.0,0.5190517998244074,0.9705627705627704
2021-04-28 09:15:00+00:00,0.0496268376837683,0.0,0.533187006145742,0.9664502164502164
2021-04-28 09:30:00+00:00,0.0490736573657365,0.0,0.5473222124670765,0.9623376623376624
2021-04-28 09:45:00+00:00,0.0485204770477047,0.0,0.5614574187884109,0.9582251082251082
2021-04-28 10:00:00+00:00,0.0479672967296729,0.0,0.5755926251097454,0.954112554112554
2021-04-28 10:15:00+00:00,0.0501518901890188,0.0,0.5763608428446005,0.9456709956709957
2021-04-28 10:30:00+00:00,0.0523364836483647,0.0,0.5771290605794557,0.9372294372294372
2021-04-28 10:45:00+00:00,0.0545210771077107,0.0,0.5778972783143108,0.9287878787878787
2021-04-28 11:00:00+00:00,0.0567056705670567,0.0,0.578665496049166,0.9203463203463204
2021-04-28 11:15:00+00:00,0.0599778727872787,0.0,0.585118525021949,0.9177489177489178
2021-04-28 11:30:00+00:00,0.0632500750075007,0.0,0.5915715539947322,0.9151515151515152
2021-04-28 11:45:00+00:00,0.06652227722772275,0.0,0.5980245829675153,0.9125541125541126
2021-04-28 12:00:00+00:00,0.0697944794479448,0.0,0.6044776119402985,0.90995670995671
2021-04-28 12:15:00+00:00,0.0754387938793879,0.0,0.6027436347673398,0.9071428571428573
2021-04-28 12:30:00+00:00,0.081083108310831,0.0,0.6010096575943811,0.9043290043290044
2021-04-28 12:45:00+00:00,0.08672742274227416,0.0,0.5992756804214223,0.9015151515151516
2021-04-28 13:00:00+00:00,0.0923717371737173,0.0,0.5975417032484636,0.8987012987012987
2021-04-28 13:15:00+00:00,0.09798792379237915,0.0,0.5834503950834065,0.8961038961038961
2021-04-28 13:30:00+00:00,0.103604110411041,0.0,0.5693590869183494,0.8935064935064935
2021-04-28 13:45:00+00:00,0.1092202970297029,0.0,0.5552677787532924,0.8909090909090909
2021-04-28 14:00:00+00:00,0.1148364836483648,0.0,0.5411764705882353,0.8883116883116883
2021-04-28 14:15:00+00:00,0.11696482148214815,0.0,0.5074407374890254,0.8928571428571428
2021-04-28 14:30:00+00:00,0.1190931593159315,0.0,0.4737050043898155,0.8974025974025973
2021-04-28 14:45:00+00:00,0.12122149714971489,0.0,0.4399692712906057,0.9019480519480518
2021-04-28 15:00:00+00:00,0.1233498349834983,0.0,0.4062335381913959,0.9064935064935064
2021-04-28 15:15:00+00:00,0.1248218571857185,0.0,0.37838015803336256,0.9056277056277056
2021-04-28 15:30:00+00:00,0.1262938793879387,0.0,0.3505267778753292,0.9047619047619048
2021-04-28 15:45:00+00:00,0.12776590159015894,0.0,0.32267339771729586,0.903896103896104
2021-04-28 16:00:00+00:00,0.1292379237923792,0.0,0.2948200175592625,0.9030303030303032
2021-04-28 16:15:00+00:00,0.1321163366336633,0.0,0.26953467954345917,0.9077922077922078
2021-04-28 16:30:00+00:00,0.1349947494749474,0.0,0.2442493415276558,0.9125541125541126
2021-04-28 16:45:00+00:00,0.13787316231623156,0.0,0.21896400351185244,0.9173160173160173
2021-04-28 17:00:00+00:00,0.1407515751575157,0.0,0.1936786654960491,0.922077922077922
2021-04-28 17:15:00+00:00,0.13871699669966991,0.0,0.15972344161545204,0.9294372294372295
2021-04-28 17:30:00+00:00,0.1366824182418241,0.0,0.125768217734855,0.9367965367965368
2021-04-28 17:45:00+00:00,0.13464783978397835,0.0,0.09181299385425805,0.9441558441558443
2021-04-28 18:00:00+00:00,0.1326132613261326,0.0,0.0578577699736611,0.9515151515151516
2021-04-28 18:15:00+00:00,0.12868474347434739,0.0,0.044183494293239645,0.9551948051948052
2021-04-28 18:30:00+00:00,0.1247562256225622,0.0,0.0305092186128182,0.9588744588744588
2021-04-28 18:45:00+00:00,0.12082770777077705,0.0,0.0168349429323968,0.9625541125541125
2021-04-28 19:00:00+00:00,0.1168991899189919,0.0,0.0031606672519754,0.9662337662337662
2021-04-28 19:15:00+00:00,0.11778052805280524,0.0,0.00278753292361715,0.9636363636363636
2021-04-28 19:30:00+00:00,0.1186618661866186,0.0,0.0024143985952589,0.961038961038961
2021-04-28 19:45:00+00:00,0.119543204320432,0.0,0.0020412642669007,0.9584415584415584
2021-04-28 20:00:00+00:00,0.1204245424542454,0.0,0.0016681299385425,0.9558441558441558
2021-04-28 20:15:00+00:00,0.1237248724872487,0.0,0.0016681299385425,0.9551948051948052
2021-04-28 20:30:00+00:00,0.127025202520252,0.0,0.0016681299385425,0.9545454545454546
2021-04-28 20:45:00+00:00,0.1303255325532553,0.0,0.0016681299385425,0.9538961038961039
2021-04-28 21:00:00+00:00,0.1336258625862586,0.0,0.0016681299385425,0.9532467532467532
2021-04-28 21:15:00+00:00,0.13594171917191716,0.0,0.0016900790166812,0.9512987012987013
2021-04-28 21:30:00+00:00,0.1382575757575757,0.0,0.0017120280948199,0.9493506493506494
2021-04-28 21:45:00+00:00,0.14057343234323424,0.0,0.0017339771729586498,0.9474025974025975
2021-04-28 22:00:00+00:00,0.1428892889288928,0.0,0.0017559262510974,0.9454545454545454
2021-04-28 22:15:00+00:00,0.14571144614461434,0.0,0.0016242317822651,0.938961038961039
2021-04-28 22:30:00+00:00,0.1485336033603359,0.0,0.0014925373134328,0.9324675324675324
2021-04-28 22:45:00+00:00,0.15135576057605749,0.0,0.0013608428446005,0.925974025974026
2021-04-28 23:00:00+00:00,0.1541779177917791,0.0,0.0012291483757682,0.9194805194805196
2021-04-28 23:15:00+00:00,0.15329657965796573,0.0,0.001163301141352,0.9181818181818182
2021-04-28 23:30:00+00:00,0.1524152415241523,0.0,0.0010974539069358,0.916883116883117
2021-04-28 23:45:00+00:00,0.15153390339033895,0.0,0.00103160667251965,0.9155844155844157
2021-04-29 00:00:00+00:00,0.1506525652565256,0.0,0.0009657594381035,0.9142857142857144
2021-04-29 00:15:00+00:00,0.14948994899489945,0.0,0.0009877085162422,0.9127705627705629
2021-04-29 00:30:00+00:00,0.1483273327332733,0.0,0.0010096575943809,0.9112554112554114
2021-04-29 00:45:00+00:00,0.14716471647164714,0.0,0.00103160667251965,0.90974025974026
2021-04-29 01:00:00+00:00,0.146002100210021,0.0,0.0010535557506584,0.9082251082251084
2021-04-29 01:15:00+00:00,0.1448863636363636,0.0,0.0012291483757681499,0.9069264069264071
2021-04-29 01:30:00+00:00,0.1437706270627062,0.0,0.0014047410008779,0.9056277056277058
2021-04-29 01:45:00+00:00,0.14265489048904886,0.0,0.00158033362598765,0.9043290043290044
2021-04-29 02:00:00+00:00,0.1415391539153915,0.0,0.0017559262510974,0.9030303030303032
2021-04-29 02:15:00+00:00,0.1408640864086408,0.0,0.0017778753292361,0.9032467532467534
2021-04-29 02:30:00+00:00,0.1401890189018901,0.0,0.0017998244073748,0.9034632034632036
2021-04-29 02:45:00+00:00,0.13951395139513945,0.0,0.00182177348551355,0.9036796536796537
2021-04-29 03:00:00+00:00,0.1388388838883888,0.0,0.0018437225636523,0.903896103896104
2021-04-29 03:15:00+00:00,0.13744186918691864,0.0,0.00182177348551355,0.9114718614718615
2021-04-29 03:30:00+00:00,0.1360448544854485,0.0,0.0017998244073748,0.9190476190476192
2021-04-29 03:45:00+00:00,0.13464783978397837,0.0,0.0017778753292361,0.9266233766233768
2021-04-29 04:00:00+00:00,0.1332508250825082,0.0,0.0017559262510974,0.9341991341991344
2021-04-29 04:15:00+00:00,0.1308693369336933,0.0,0.0034460052677786996,0.9445887445887446
2021-04-29 04:30:00+00:00,0.1284878487848784,0.0,0.00513608428446,0.954978354978355
2021-04-29 04:45:00+00:00,0.12610636063606356,0.0,0.0068261633011413,0.9653679653679653
2021-04-29 05:00:00+00:00,0.1237248724872487,0.0,0.0085162423178226,0.9757575757575756
2021-04-29 05:15:00+00:00,0.11984323432343225,0.0,0.0324407374890254,0.9787878787878788
2021-04-29 05:30:00+00:00,0.1159615961596158,0.0,0.0563652326602282,0.9818181818181818
2021-04-29 05:45:00+00:00,0.11207995799579945,0.0,0.080289727831431,0.9848484848484849
2021-04-29 06:00:00+00:00,0.1081983198319831,0.0,0.1042142230026338,0.987878787878788
2021-04-29 06:15:00+00:00,0.1054699219921991,0.0,0.15129499561018425,0.9839826839826842
2021-04-29 06:30:00+00:00,0.1027415241524151,0.0,0.1983757682177347,0.9800865800865802
2021-04-29 06:45:00+00:00,0.10001312631263115,0.0,0.24545654082528523,0.9761904761904763
2021-04-29 07:00:00+00:00,0.0972847284728472,0.0,0.2925373134328358,0.9722943722943724
2021-04-29 07:15:00+00:00,0.10040691569156905,0.0,0.33129938542581205,0.9627705627705629
2021-04-29 07:30:00+00:00,0.1035291029102909,0.0,0.3700614574187884,0.9532467532467536
2021-04-29 07:45:00+00:00,0.1066512901290128,0.0,0.4088235294117647,0.943722943722944
2021-04-29 08:00:00+00:00,0.1097734773477347,0.0,0.447585601404741,0.9341991341991344
2021-04-29 08:15:00+00:00,0.10839521452145204,0.0,0.471027216856892,0.9285714285714286
2021-04-29 08:30:00+00:00,0.1070169516951694,0.0,0.494468832309043,0.922943722943723
2021-04-29 08:45:00+00:00,0.1056386888688868,0.0,0.517910447761194,0.9173160173160173
2021-04-29 09:00:00+00:00,0.1042604260426042,0.0,0.5413520632133451,0.9116883116883115
2021-04-29 09:15:00+00:00,0.1024133663366336,0.0,0.5510755048287972,0.9136363636363636
2021-04-29 09:30:00+00:00,0.100566306630663,0.0,0.5607989464442493,0.9155844155844156
2021-04-29 09:45:00+00:00,0.0987192469246924,0.0,0.5705223880597015,0.9175324675324676
2021-04-29 10:00:00+00:00,0.0968721872187218,0.0,0.5802458296751536,0.9194805194805196
2021-04-29 10:15:00+00:00,0.09750037503750365,0.0,0.5796093064091308,0.9233766233766234
2021-04-29 10:30:00+00:00,0.0981285628562855,0.0,0.578972783143108,0.9272727272727272
2021-04-29 10:45:00+00:00,0.0987567506750674,0.0,0.5783362598770851,0.9311688311688311
2021-04-29 11:00:00+00:00,0.0993849384938493,0.0,0.5776997366110623,0.935064935064935
2021-04-29 11:15:00+00:00,0.1037447494749474,0.0,0.5773485513608428,0.9322510822510823
2021-04-29 11:30:00+00:00,0.1081045604560455,0.0,0.5769973661106234,0.9294372294372296
2021-04-29 11:45:00+00:00,0.11246437143714365,0.0,0.5766461808604039,0.9266233766233768
2021-04-29 12:00:00+00:00,0.1168241824182418,0.0,0.5762949956101844,0.923809523809524
2021-04-29 12:15:00+00:00,0.11937443744374435,0.0,0.5686786654960492,0.9216450216450218
2021-04-29 12:30:00+00:00,0.1219246924692469,0.0,0.561062335381914,0.9194805194805196
2021-04-29 12:45:00+00:00,0.12447494749474947,0.0,0.5534460052677788,0.9173160173160173
2021-04-29 13:00:00+00:00,0.127025202520252,0.0,0.5458296751536436,0.9151515151515152
2021-04-29 13:15:00+00:00,0.12922854785478544,0.0,0.5370500438981562,0.9153679653679654
2021-04-29 13:30:00+00:00,0.1314318931893189,0.0,0.5282704126426689,0.9155844155844156
2021-04-29 13:45:00+00:00,0.13363523852385234,0.0,0.5194907813871816,0.9158008658008657
2021-04-29 14:00:00+00:00,0.1358385838583858,0.0,0.5107111501316944,0.916017316017316
2021-04-29 14:15:00+00:00,0.14008588358835874,0.0,0.4940298507462686,0.9188311688311688
2021-04-29 14:30:00+00:00,0.1443331833183317,0.0,0.4773485513608428,0.9216450216450216
2021-04-29 14:45:00+00:00,0.14858048304830473,0.0,0.460667251975417,0.9244588744588744
2021-04-29 15:00:00+00:00,0.1528277827782778,0.0,0.4439859525899912,0.9272727272727272
2021-04-29 15:15:00+00:00,0.15567806780678065,0.0,0.41145741878841086,0.9316017316017315
2021-04-29 15:30:00+00:00,0.1585283528352835,0.0,0.3789288849868305,0.9359307359307358
2021-04-29 15:45:00+00:00,0.16137863786378634,0.0,0.34640035118525014,0.9402597402597401
2021-04-29 16:00:00+00:00,0.1642289228922892,0.0,0.3138718173836698,0.9445887445887444
2021-04-29 16:15:00+00:00,0.1665541554155415,0.0,0.2885864793678665,0.9558441558441557
2021-04-29 16:30:00+00:00,0.1688793879387938,0.0,0.2633011413520632,0.967099567099567
2021-04-29 16:45:00+00:00,0.17120462046204615,0.0,0.23801580333625982,0.9783549783549783
2021-04-29 17:00:00+00:00,0.1735298529852985,0.0,0.2127304653204565,0.9896103896103896
2021-04-29 17:15:00+00:00,0.17191719171917186,0.0,0.17526338893766455,0.9922077922077922
2021-04-29 17:30:00+00:00,0.1703045304530452,0.0,0.1377963125548726,0.9948051948051948
2021-04-29 17:45:00+00:00,0.16869186918691864,0.0,0.1003292361720807,0.9974025974025974
2021-04-29 18:00:00+00:00,0.1670792079207921,0.0,0.0628621597892888,1.0
2021-04-29 18:15:00+00:00,0.16649789978997898,0.0,0.049824407374890196,1.0
2021-04-29 18:30:00+00:00,0.1659165916591659,0.0,0.0367866549604916,1.0
2021-04-29 18:45:00+00:00,0.1653352835283528,0.0,0.023748902546093,1.0
2021-04-29 19:00:00+00:00,0.1647539753975397,0.0,0.0107111501316944,1.0
2021-04-29 19:15:00+00:00,0.165832208220822,0.0,0.0083187006145741,1.0
2021-04-29 19:30:00+00:00,0.1669104410441043,0.0,0.0059262510974538,1.0
2021-04-29 19:45:00+00:00,0.16798867386738664,0.0,0.00353380158033355,1.0
2021-04-29 20:00:00+00:00,0.169066906690669,0.0,0.0011413520632133,1.0
2021-04-29 20:15:00+00:00,0.16702295229522945,0.0,0.0010316066725197,1.0
2021-04-29 20:30:00+00:00,0.1649789978997899,0.0,0.0009218612818261,1.0
2021-04-29 20:45:00+00:00,0.1629350435043504,0.0,0.0008121158911324999,1.0
2021-04-29 21:00:00+00:00,0.1608910891089109,0.0,0.0007023705004389,1.0
2021-04-29 21:15:00+00:00,0.1566812931293129,0.0,0.0007023705004389,1.0
2021-04-29 21:30:00+00:00,0.1524714971497149,0.0,0.0007023705004389,1.0
2021-04-29 21:45:00+00:00,0.14826170117011694,0.0,0.0007023705004389,1.0
2021-04-29 22:00:00+00:00,0.144051905190519,0.0,0.0007023705004389,1.0
2021-04-29 22:15:00+00:00,0.14063906390639058,0.0,0.0007023705004389,0.9991341991341991
2021-04-29 22:30:00+00:00,0.1372262226222622,0.0,0.0007023705004389,0.9982683982683982
2021-04-29 22:45:00+00:00,0.1338133813381338,0.0,0.0007023705004389,0.9974025974025973
2021-04-29 23:00:00+00:00,0.1304005400540054,0.0,0.0007023705004389,0.9965367965367964
2021-04-29 23:15:00+00:00,0.12588133813381336,0.0,0.0007023705004389,0.9889610389610388
2021-04-29 23:30:00+00:00,0.1213621362136213,0.0,0.0007023705004389,0.9813852813852812
2021-04-29 23:45:00+00:00,0.11684293429342929,0.0,0.0007023705004389,0.9738095238095237
2021-04-30 00:00:00+00:00,0.1123237323732373,0.0,0.0007023705004389,0.9662337662337662
2021-04-30 00:15:00+00:00,0.1073357335733573,0.0,0.0007023705004389,0.9666666666666668
2021-04-30 00:30:00+00:00,0.1023477347734773,0.0,0.0007023705004389,0.9670995670995672
2021-04-30 00:45:00+00:00,0.0973597359735973,0.0,0.0007023705004389,0.9675324675324677
2021-04-30 01:00:00+00:00,0.0923717371737173,0.0,0.0007023705004389,0.967965367965368
2021-04-30 01:15:00+00:00,0.08944644464446436,0.0,0.0007023705004389,0.9705627705627706
2021-04-30 01:30:00+00:00,0.0865211521152114,0.0,0.0007023705004389,0.9731601731601732
2021-04-30 01:45:00+00:00,0.0835958595859585,0.0,0.0007023705004389,0.9757575757575758
2021-04-30 02:00:00+00:00,0.0806705670567056,0.0,0.0007023705004389,0.9783549783549784
2021-04-30 02:15:00+00:00,0.08021114611461135,0.0,0.0007023705004389,0.9792207792207792
2021-04-30 02:30:00+00:00,0.0797517251725171,0.0,0.0007023705004389,0.98008658008658
2021-04-30 02:45:00+00:00,0.07929230423042294,0.0,0.0007023705004389,0.9809523809523809
2021-04-30 03:00:00+00:00,0.0788328832883288,0.0,0.0007023705004389,0.9818181818181818
2021-04-30 03:15:00+00:00,0.07734210921092105,0.0,0.0007023705004389,0.9863636363636363
2021-04-30 03:30:00+00:00,0.0758513351335133,0.0,0.0007023705004389,0.990909090909091
2021-04-30 03:45:00+00:00,0.07436056105610556,0.0,0.0007023705004389,0.9954545454545455
2021-04-30 04:00:00+00:00,0.0728697869786978,0.0,0.0007023705004389,1.0
2021-04-30 04:15:00+00:00,0.0716227872787278,0.0,0.0029850746268655997,1.0
2021-04-30 04:30:00+00:00,0.0703757875787578,0.0,0.0052677787532923,1.0
2021-04-30 04:45:00+00:00,0.0691287878787878,0.0,0.007550482879719,1.0
2021-04-30 05:00:00+00:00,0.0678817881788178,0.0,0.0098331870061457,1.0
2021-04-30 05:15:00+00:00,0.06514401440144005,0.0,0.0371158911325724,1.0
2021-04-30 05:30:00+00:00,0.0624062406240623,0.0,0.0643985952589991,1.0
2021-04-30 05:45:00+00:00,0.0596684668466846,0.0,0.09168129938542581,1.0
2021-04-30 06:00:00+00:00,0.0569306930693069,0.0,0.1189640035118525,1.0
2021-04-30 06:15:00+00:00,0.0545304530453045,0.0,0.1667910447761194,1.0
2021-04-30 06:30:00+00:00,0.0521302130213021,0.0,0.2146180860403863,1.0
2021-04-30 06:45:00+00:00,0.0497299729972997,0.0,0.2624451273046532,1.0
2021-04-30 07:00:00+00:00,0.0473297329732973,0.0,0.3102721685689201,1.0
2021-04-30 07:15:00+00:00,0.04687968796879685,0.0,0.3535996488147498,1.0
2021-04-30 07:30:00+00:00,0.0464296429642964,0.0,0.3969271290605795,1.0
2021-04-30 07:45:00+00:00,0.04597959795979595,0.0,0.44025460930640914,1.0
2021-04-30 08:00:00+00:00,0.0455295529552955,0.0,0.4835820895522388,1.0
2021-04-30 08:15:00+00:00,0.0449482448244824,0.0,0.5153643546971027,1.0
2021-04-30 08:30:00+00:00,0.0443669366936693,0.0,0.5471466198419666,1.0
2021-04-30 08:45:00+00:00,0.04378562856285625,0.0,0.5789288849868305,1.0
2021-04-30 09:00:00+00:00,0.0432043204320432,0.0,0.6107111501316944,1.0
2021-04-30 09:15:00+00:00,0.04385126012601255,0.0,0.6240342405618964,1.0
2021-04-30 09:30:00+00:00,0.0444981998199819,0.0,0.6373573309920983,1.0
2021-04-30 09:45:00+00:00,0.0451451395139513,0.0,0.6506804214223003,1.0
2021-04-30 10:00:00+00:00,0.0457920792079207,0.0,0.6640035118525022,1.0
2021-04-30 10:15:00+00:00,0.047339108910891,0.0,0.6646180860403863,0.9956709956709957
2021-04-30 10:30:00+00:00,0.0488861386138613,0.0,0.6652326602282703,0.9913419913419914
2021-04-30 10:45:00+00:00,0.0504331683168316,0.0,0.6658472344161545,0.9870129870129871
2021-04-30 11:00:00+00:00,0.0519801980198019,0.0,0.6664618086040386,0.9826839826839828
2021-04-30 11:15:00+00:00,0.05421167116711665,0.0,0.6639815627743635,0.9768398268398271
2021-04-30 11:30:00+00:00,0.0564431443144314,0.0,0.6615013169446883,0.9709956709956712
2021-04-30 11:45:00+00:00,0.058674617461746154,0.0,0.6590210711150131,0.9651515151515152
2021-04-30 12:00:00+00:00,0.0609060906090609,0.0,0.656540825285338,0.9593073593073592
2021-04-30 12:15:00+00:00,0.06594096909690965,0.0,0.6487050043898156,0.9603896103896103
2021-04-30 12:30:00+00:00,0.0709758475847584,0.0,0.6408691834942932,0.9614718614718614
2021-04-30 12:45:00+00:00,0.0760107260726072,0.0,0.6330333625987709,0.9625541125541125
2021-04-30 13:00:00+00:00,0.081045604560456,0.0,0.6251975417032485,0.9636363636363636
2021-04-30 13:15:00+00:00,0.08706495649564949,0.0,0.604126426690079,0.9642857142857143
2021-04-30 13:30:00+00:00,0.093084308430843,0.0,0.5830553116769096,0.964935064935065
2021-04-30 13:45:00+00:00,0.09910366036603654,0.0,0.5619841966637402,0.9655844155844155
2021-04-30 14:00:00+00:00,0.1051230123012301,0.0,0.5409130816505707,0.9662337662337662
2021-04-30 14:15:00+00:00,0.1121174617461746,0.0,0.5250219490781387,0.9681818181818183
2021-04-30 14:30:00+00:00,0.1191119111911191,0.0,0.5091308165057068,0.9701298701298702
2021-04-30 14:45:00+00:00,0.1261063606360636,0.0,0.4932396839332748,0.9720779220779221
2021-04-30 15:00:00+00:00,0.1331008100810081,0.0,0.4773485513608428,0.974025974025974
2021-04-30 15:15:00+00:00,0.14181105610561057,0.0,0.4644644424934152,0.9751082251082253
2021-04-30 15:30:00+00:00,0.150521302130213,0.0,0.4515803336259876,0.9761904761904764
2021-04-30 15:45:00+00:00,0.15923154815481544,0.0,0.43869622475856007,0.9772727272727274
2021-04-30 16:00:00+00:00,0.1679417941794179,0.0,0.4258121158911325,0.9783549783549784
2021-04-30 16:15:00+00:00,0.17766464146414634,0.0,0.39499561018437224,0.9837662337662338
2021-04-30 16:30:00+00:00,0.1873874887488748,0.0,0.3641791044776119,0.9891774891774892
2021-04-30 16:45:00+00:00,0.19711033603360328,0.0,0.3333625987708516,0.9945887445887446
2021-04-30 17:00:00+00:00,0.2068331833183318,0.0,0.3025460930640913,1.0
2021-04-30 17:15:00+00:00,0.20840834083408336,0.0,0.2567822651448639,1.0
2021-04-30 17:30:00+00:00,0.2099834983498349,0.0,0.2110184372256365,1.0
2021-04-30 17:45:00+00:00,0.2115586558655865,0.0,0.16525460930640912,1.0
2021-04-30 18:00:00+00:00,0.2131338133813381,0.0,0.1194907813871817,1.0
2021-04-30 18:15:00+00:00,0.2166591659165916,0.0,0.09877085162423169,1.0
2021-04-30 18:30:00+00:00,0.2201845184518451,0.0,0.0780509218612817,1.0
2021-04-30 18:45:00+00:00,0.22370987098709866,0.0,0.0573309920983318,1.0
2021-04-30 19:00:00+00:00,0.2272352235223522,0.0,0.0366110623353819,1.0
2021-04-30 19:15:00+00:00,0.230788703870387,0.0,0.03380158033362595,0.9978354978354977
2021-04-30 19:30:00+00:00,0.2343421842184218,0.0,0.03099209833187,0.9956709956709956
2021-04-30 19:45:00+00:00,0.2378956645664566,0.0,0.0281826163301141,0.9935064935064934
2021-04-30 20:00:00+00:00,0.2414491449144914,0.0,0.0253731343283582,0.9913419913419912
2021-04-30 20:15:00+00:00,0.24178667866786674,0.0,0.024297629499560998,0.9896103896103895
2021-04-30 20:30:00+00:00,0.2421242124212421,0.0,0.0232221246707638,0.9878787878787878
2021-04-30 20:45:00+00:00,0.24246174617461747,0.0,0.0221466198419666,0.9861471861471861
2021-04-30 21:00:00+00:00,0.2427992799279928,0.0,0.0210711150131694,0.9844155844155844
2021-04-30 21:15:00+00:00,0.24047404740474043,0.0,0.019995610184372202,0.9792207792207792
2021-04-30 21:30:00+00:00,0.2381488148814881,0.0,0.018920105355575,0.974025974025974
2021-04-30 21:45:00+00:00,0.2358235823582358,0.0,0.0178446005267778,0.9688311688311688
2021-04-30 22:00:00+00:00,0.2334983498349835,0.0,0.0167690956979806,0.9636363636363636
2021-04-30 22:15:00+00:00,0.2301230123012301,0.0,0.016352063213344953,0.956926406926407
2021-04-30 22:30:00+00:00,0.2267476747674767,0.0,0.0159350307287093,0.9502164502164504
2021-04-30 22:45:00+00:00,0.22337233723372335,0.0,0.0155179982440737,0.9435064935064936
2021-04-30 23:00:00+00:00,0.21999699969997,0.0,0.0151009657594381,0.9367965367965368
2021-04-30 23:15:00+00:00,0.2205220522052205,0.0,0.0129719051799824,0.9352813852813853
2021-04-30 23:30:00+00:00,0.221047104710471,0.0,0.0108428446005267,0.9337662337662338
2021-04-30 23:45:00+00:00,0.22157215721572154,0.0,0.00871378402107105,0.9322510822510823
2021-05-01 00:00:00+00:00,0.2220972097209721,0.0,0.0065847234416154,0.9307359307359307
2021-05-01 00:15:00+00:00,0.22224722472247227,0.0,0.0057287093942054,0.9339826839826839
2021-05-01 00:30:00+00:00,0.2223972397239724,0.0,0.0048726953467954,0.9372294372294372
2021-05-01 00:45:00+00:00,0.22254725472547254,0.0,0.0040166812993854,0.9404761904761904
2021-05-01 01:00:00+00:00,0.2226972697269727,0.0,0.0031606672519754,0.9437229437229436
2021-05-01 01:15:00+00:00,0.22263163816381637,0.0,0.0025021949078138503,0.9413419913419914
2021-05-01 01:30:00+00:00,0.22256600660066,0.0,0.0018437225636523,0.938961038961039
2021-05-01 01:45:00+00:00,0.2225003750375037,0.0,0.0011852502194907501,0.9365800865800866
2021-05-01 02:00:00+00:00,0.2224347434743474,0.0,0.0005267778753292,0.9341991341991344
2021-05-01 02:15:00+00:00,0.22620387038703865,0.0,0.00059262510974535,0.9333333333333335
2021-05-01 02:30:00+00:00,0.2299729972997299,0.0,0.0006584723441615,0.9324675324675326
2021-05-01 02:45:00+00:00,0.2337421242124212,0.0,0.0007243195785776499,0.9316017316017317
2021-05-01 03:00:00+00:00,0.2375112511251125,0.0,0.0007901668129938,0.9307359307359307
2021-05-01 03:15:00+00:00,0.2381019351935193,0.0,0.0010535557506583999,0.9257575757575758
2021-05-01 03:30:00+00:00,0.2386926192619261,0.0,0.001316944688323,0.9207792207792208
2021-05-01 03:45:00+00:00,0.23928330333033293,0.0,0.00158033362598765,0.9158008658008658
2021-05-01 04:00:00+00:00,0.2398739873987398,0.0,0.0018437225636523,0.9108225108225108
2021-05-01 04:15:00+00:00,0.24166479147914785,0.0,0.0050043898156277005,0.9123376623376622
2021-05-01 04:30:00+00:00,0.2434555955595559,0.0,0.0081650570676031,0.9138528138528138
2021-05-01 04:45:00+00:00,0.24524639963996395,0.0,0.0113257243195785,0.9153679653679654
2021-05-01 05:00:00+00:00,0.247037203720372,0.0,0.0144863915715539,0.9168831168831169
2021-05-01 05:15:00+00:00,0.24561206120612056,0.0,0.05263388937664609,0.9199134199134199
2021-05-01 05:30:00+00:00,0.2441869186918691,0.0,0.0907813871817383,0.922943722943723
2021-05-01 05:45:00+00:00,0.24276177617761768,0.0,0.1289288849868305,0.925974025974026
2021-05-01 06:00:00+00:00,0.2413366336633663,0.0,0.1670763827919227,0.929004329004329
2021-05-01 06:15:00+00:00,0.2418616861686168,0.0,0.23604038630377522,0.9292207792207793
2021-05-01 06:30:00+00:00,0.2423867386738673,0.0,0.3050043898156277,0.9294372294372296
2021-05-01 06:45:00+00:00,0.24291179117911788,0.0,0.3739683933274802,0.9296536796536797
2021-05-01 07:00:00+00:00,0.2434368436843684,0.0,0.4429323968393327,0.9298701298701298
2021-05-01 07:15:00+00:00,0.24995312031203115,0.0,0.5089991220368744,0.930952380952381
2021-05-01 07:30:00+00:00,0.2564693969396939,0.0,0.5750658472344161,0.932034632034632
2021-05-01 07:45:00+00:00,0.2629856735673567,0.0,0.6411325724319579,0.9331168831168832
2021-05-01 08:00:00+00:00,0.2695019501950195,0.0,0.7071992976294995,0.9341991341991344
2021-05-01 08:15:00+00:00,0.2740867836783678,0.0,0.731145741878841,0.9305194805194805
2021-05-01 08:30:00+00:00,0.2786716171617162,0.0,0.7550921861281825,0.9268398268398268
2021-05-01 08:45:00+00:00,0.2832564506450645,0.0,0.7790386303775241,0.9231601731601732
2021-05-01 09:00:00+00:00,0.2878412841284128,0.0,0.8029850746268656,0.9194805194805196
2021-05-01 09:15:00+00:00,0.28836633663366334,0.0,0.803116769095698,0.9190476190476191
2021-05-01 09:30:00+00:00,0.2888913891389139,0.0,0.8032484635645303,0.9186147186147188
2021-05-01 09:45:00+00:00,0.28941644164416436,0.0,0.8033801580333626,0.9181818181818182
2021-05-01 10:00:00+00:00,0.2899414941494149,0.0,0.8035118525021949,0.9177489177489178
2021-05-01 10:15:00+00:00,0.28898514851485146,0.0,0.8030509218612818,0.9162337662337662
2021-05-01 10:30:00+00:00,0.288028802880288,0.0,0.8025899912203687,0.9147186147186146
2021-05-01 10:45:00+00:00,0.2870724572457245,0.0,0.8021290605794555,0.9132034632034631
2021-05-01 11:00:00+00:00,0.2861161116111611,0.0,0.8016681299385425,0.9116883116883115
2021-05-01 11:15:00+00:00,0.28860073507350725,0.0,0.7981123792800702,0.9006493506493505
2021-05-01 11:30:00+00:00,0.2910853585358535,0.0,0.7945566286215979,0.8896103896103895
2021-05-01 11:45:00+00:00,0.2935699819981997,0.0,0.7910008779631256,0.8785714285714286
2021-05-01 12:00:00+00:00,0.296054605460546,0.0,0.7874451273046532,0.8675324675324675
2021-05-01 12:15:00+00:00,0.29642964296429636,0.0,0.7853819139596137,0.8632034632034631
2021-05-01 12:30:00+00:00,0.2968046804680467,0.0,0.7833187006145742,0.8588744588744588
2021-05-01 12:45:00+00:00,0.2971797179717971,0.0,0.7812554872695348,0.8545454545454545
2021-05-01 13:00:00+00:00,0.2975547554755475,0.0,0.7791922739244952,0.8502164502164502
2021-05-01 13:15:00+00:00,0.2934668466846684,0.0,0.7724978050921861,0.8474025974025974
2021-05-01 13:30:00+00:00,0.2893789378937893,0.0,0.7658033362598771,0.8445887445887446
2021-05-01 13:45:00+00:00,0.28529102910291027,0.0,0.7591088674275681,0.8417748917748917
2021-05-01 14:00:00+00:00,0.2812031203120312,0.0,0.752414398595259,0.8389610389610389
2021-05-01 14:15:00+00:00,0.2807436993699369,0.0,0.7326163301141353,0.84004329004329
2021-05-01 14:30:00+00:00,0.2802842784278427,0.0,0.7128182616330114,0.8411255411255412
2021-05-01 14:45:00+00:00,0.2798248574857485,0.0,0.6930201931518876,0.8422077922077922
2021-05-01 15:00:00+00:00,0.2793654365436543,0.0,0.6732221246707638,0.8432900432900433
2021-05-01 15:15:00+00:00,0.2834814731473147,0.0,0.6453687445127304,0.843939393939394
2021-05-01 15:30:00+00:00,0.2875975097509751,0.0,0.6175153643546971,0.8445887445887446
2021-05-01 15:45:00+00:00,0.2917135463546354,0.0,0.5896619841966637,0.8452380952380952
2021-05-01 16:00:00+00:00,0.2958295829582958,0.0,0.5618086040386304,0.8458874458874459
2021-05-01 16:15:00+00:00,0.29119786978697865,0.0,0.5114135206321335,0.8608225108225108
2021-05-01 16:30:00+00:00,0.2865661566156615,0.0,0.4610184372256365,0.8757575757575757
2021-05-01 16:45:00+00:00,0.2819344434443444,0.0,0.41062335381913956,0.8906926406926406
2021-05-01 17:00:00+00:00,0.2773027302730273,0.0,0.3602282704126426,0.9056277056277056
2021-05-01 17:15:00+00:00,0.27439618961896184,0.0,0.30533362598770847,0.9147186147186148
2021-05-01 17:30:00+00:00,0.2714896489648964,0.0,0.2504389815627743,0.923809523809524
2021-05-01 17:45:00+00:00,0.268583108310831,0.0,0.19554433713784014,0.932900432900433
2021-05-01 18:00:00+00:00,0.2656765676567656,0.0,0.140649692712906,0.941991341991342
2021-05-01 18:15:00+00:00,0.265076507650765,0.0,0.12008340649692706,0.9422077922077922
2021-05-01 18:30:00+00:00,0.2644764476447644,0.0,0.0995171202809481,0.9424242424242424
2021-05-01 18:45:00+00:00,0.2638763876387638,0.0,0.0789508340649692,0.9426406926406926
2021-05-01 19:00:00+00:00,0.2632763276327632,0.0,0.0583845478489903,0.9428571428571428
2021-05-01 19:15:00+00:00,0.2637169966996699,0.0,0.0569359086918349,0.9378787878787878
2021-05-01 19:30:00+00:00,0.2641576657665766,0.0,0.0554872695346795,0.9329004329004328
2021-05-01 19:45:00+00:00,0.26459833483348333,0.0,0.0540386303775241,0.9279220779220778
2021-05-01 20:00:00+00:00,0.26503900390039,0.0,0.0525899912203687,0.922943722943723
2021-05-01 20:15:00+00:00,0.2622824782478247,0.0,0.05230465320456535,0.9218614718614719
2021-05-01 20:30:00+00:00,0.2595259525952594,0.0,0.052019315188762,0.9207792207792208
2021-05-01 20:45:00+00:00,0.2567694269426942,0.0,0.0517339771729587,0.9196969696969698
2021-05-01 21:00:00+00:00,0.254012901290129,0.0,0.0514486391571554,0.9186147186147188
2021-05-01 21:15:00+00:00,0.24835921092109203,0.0,0.0501316944688323,0.9084415584415586
2021-05-01 21:30:00+00:00,0.2427055205520551,0.0,0.0488147497805092,0.8982683982683983
2021-05-01 21:45:00+00:00,0.2370518301830182,0.0,0.0474978050921861,0.888095238095238
2021-05-01 22:00:00+00:00,0.2313981398139813,0.0,0.046180860403863,0.8779220779220779
2021-05-01 22:15:00+00:00,0.22630700570056994,0.0,0.043810359964881404,0.8733766233766234
2021-05-01 22:30:00+00:00,0.2212158715871586,0.0,0.0414398595258998,0.8688311688311687
2021-05-01 22:45:00+00:00,0.2161247374737473,0.0,0.03906935908691825,0.8642857142857142
2021-05-01 23:00:00+00:00,0.211033603360336,0.0,0.0366988586479367,0.8597402597402597
2021-05-01 23:15:00+00:00,0.2044798229822982,0.0,0.0326163301141351,0.8616883116883116
2021-05-01 23:30:00+00:00,0.1979260426042604,0.0,0.0285338015803335,0.8636363636363635
2021-05-01 23:45:00+00:00,0.1913722622262226,0.0,0.02445127304653195,0.8655844155844155
2021-05-02 00:00:00+00:00,0.1848184818481848,0.0,0.0203687445127304,0.8675324675324675
2021-05-02 00:15:00+00:00,0.18023364836483646,0.0,0.018086040386303702,0.8658008658008658
2021-05-02 00:30:00+00:00,0.1756488148814881,0.0,0.015803336259877,0.864069264069264
2021-05-02 00:45:00+00:00,0.17106398139813977,0.0,0.01352063213345035,0.8623376623376623
2021-05-02 01:00:00+00:00,0.1664791479147915,0.0,0.0112379280070237,0.8606060606060606
2021-05-02 01:15:00+00:00,0.1631038103810381,0.0,0.00939420544337135,0.8575757575757575
2021-05-02 01:30:00+00:00,0.1597284728472847,0.0,0.007550482879719,0.8545454545454545
2021-05-02 01:45:00+00:00,0.15635313531353134,0.0,0.00570676031606665,0.8515151515151516
2021-05-02 02:00:00+00:00,0.152977797779778,0.0,0.0038630377524143,0.8484848484848485
2021-05-02 02:15:00+00:00,0.15174017401740175,0.0,0.00307287093942045,0.8491341991341992
2021-05-02 02:30:00+00:00,0.1505025502550255,0.0,0.0022827041264266,0.8497835497835498
2021-05-02 02:45:00+00:00,0.14926492649264927,0.0,0.00149253731343275,0.8504329004329004
2021-05-02 03:00:00+00:00,0.148027302730273,0.0,0.0007023705004389,0.8510822510822511
2021-05-02 03:15:00+00:00,0.1449988748874887,0.0,0.0007901668129937499,0.8497835497835498
2021-05-02 03:30:00+00:00,0.1419704470447044,0.0,0.0008779631255486,0.8484848484848485
2021-05-02 03:45:00+00:00,0.13894201920192015,0.0,0.0009657594381035,0.8471861471861473
2021-05-02 04:00:00+00:00,0.1359135913591359,0.0,0.0010535557506584,0.8458874458874459
2021-05-02 04:15:00+00:00,0.1335508550855085,0.0,0.0052677787532922505,0.8497835497835498
2021-05-02 04:30:00+00:00,0.1311881188118811,0.0,0.0094820017559261,0.8536796536796537
2021-05-02 04:45:00+00:00,0.12882538253825376,0.0,0.01369622475856005,0.8575757575757577
2021-05-02 05:00:00+00:00,0.1264626462646264,0.0,0.017910447761194,0.8614718614718615
2021-05-02 05:15:00+00:00,0.12133400840084,0.0,0.059130816505706695,0.8675324675324676
2021-05-02 05:30:00+00:00,0.1162053705370536,0.0,0.1003511852502194,0.8735930735930736
2021-05-02 05:45:00+00:00,0.11107673267326726,0.0,0.14157155399473215,0.8796536796536796
2021-05-02 06:00:00+00:00,0.1059480948094809,0.0,0.1827919227392449,0.8857142857142857
2021-05-02 06:15:00+00:00,0.1026008850885088,0.0,0.2612598770851624,0.8859307359307359
2021-05-02 06:30:00+00:00,0.0992536753675367,0.0,0.3397278314310799,0.8861471861471861
2021-05-02 06:45:00+00:00,0.0959064656465646,0.0,0.41819578577699734,0.8863636363636364
2021-05-02 07:00:00+00:00,0.0925592559255925,0.0,0.4966637401229148,0.8865800865800866
2021-05-02 07:15:00+00:00,0.09051530153015294,0.0,0.5729806848112379,0.8891774891774892
2021-05-02 07:30:00+00:00,0.0884713471347134,0.0,0.6492976294995609,0.8917748917748918
2021-05-02 07:45:00+00:00,0.08642739273927386,0.0,0.7256145741878841,0.8943722943722944
2021-05-02 08:00:00+00:00,0.0843834383438343,0.0,0.8019315188762072,0.896969696969697
2021-05-02 08:15:00+00:00,0.08007050705070495,0.0,0.8284240561896401,0.8930735930735931
2021-05-02 08:30:00+00:00,0.0757575757575756,0.0,0.8549165935030729,0.8891774891774892
2021-05-02 08:45:00+00:00,0.07144464446444634,0.0,0.8814091308165057,0.8852813852813852
2021-05-02 09:00:00+00:00,0.0671317131713171,0.0,0.9079016681299386,0.8813852813852814
2021-05-02 09:15:00+00:00,0.06505025502550249,0.0,0.9158472344161545,0.8807359307359307
2021-05-02 09:30:00+00:00,0.0629687968796879,0.0,0.9237928007023704,0.88008658008658
2021-05-02 09:45:00+00:00,0.06088733873387335,0.0,0.9317383669885864,0.8794372294372295
2021-05-02 10:00:00+00:00,0.0588058805880588,0.0,0.9396839332748024,0.8787878787878788
2021-05-02 10:15:00+00:00,0.05878712871287125,0.0,0.9359964881474978,0.8777056277056277
2021-05-02 10:30:00+00:00,0.0587683768376837,0.0,0.9323090430201932,0.8766233766233766
2021-05-02 10:45:00+00:00,0.058749624962496194,0.0,0.9286215978928887,0.8755411255411256
2021-05-02 11:00:00+00:00,0.0587308730873087,0.0,0.924934152765584,0.8744588744588745
2021-05-02 11:15:00+00:00,0.0599497449744974,0.0,0.92157594381036,0.8686147186147186
2021-05-02 11:30:00+00:00,0.0611686168616861,0.0,0.918217734855136,0.8627705627705629
2021-05-02 11:45:00+00:00,0.062387488748874856,0.0,0.9148595258999122,0.856926406926407
2021-05-02 12:00:00+00:00,0.0636063606360636,0.0,0.9115013169446884,0.8510822510822511
2021-05-02 12:15:00+00:00,0.06622224722472245,0.0,0.9045873573309922,0.8476190476190476
2021-05-02 12:30:00+00:00,0.0688381338133813,0.0,0.8976733977172959,0.8441558441558441
2021-05-02 12:45:00+00:00,0.07145402040204016,0.0,0.8907594381035997,0.8406926406926407
2021-05-02 13:00:00+00:00,0.074069906990699,0.0,0.8838454784899035,0.8372294372294372
2021-05-02 13:15:00+00:00,0.07133213321332124,0.0,0.8687445127304654,0.8378787878787879
2021-05-02 13:30:00+00:00,0.0685943594359435,0.0,0.8536435469710273,0.8385281385281385
2021-05-02 13:45:00+00:00,0.06585658565856581,0.0,0.8385425812115892,0.8391774891774891
2021-05-02 14:00:00+00:00,0.0631188118811881,0.0,0.823441615452151,0.8398268398268398
2021-05-02 14:15:00+00:00,0.06665354035403535,0.0,0.8016900790166812,0.8398268398268398
2021-05-02 14:30:00+00:00,0.0701882688268826,0.0,0.7799385425812115,0.8398268398268398
2021-05-02 14:45:00+00:00,0.07372299729972989,0.0,0.7581870061457419,0.8398268398268398
2021-05-02 15:00:00+00:00,0.0772577257725772,0.0,0.7364354697102722,0.8398268398268398
2021-05-02 15:15:00+00:00,0.09121849684968489,0.0,0.7071992976294995,0.8413419913419913
2021-05-02 15:30:00+00:00,0.1051792679267926,0.0,0.677963125548727,0.8428571428571429
2021-05-02 15:45:00+00:00,0.11914003900390034,0.0,0.6487269534679543,0.8443722943722944
2021-05-02 16:00:00+00:00,0.1331008100810081,0.0,0.6194907813871817,0.8458874458874459
2021-05-02 16:15:00+00:00,0.144755100510051,0.0,0.5659130816505706,0.854978354978355
2021-05-02 16:30:00+00:00,0.1564093909390939,0.0,0.5123353819139596,0.8640692640692641
2021-05-02 16:45:00+00:00,0.1680636813681368,0.0,0.4587576821773485,0.8731601731601732
2021-05-02 17:00:00+00:00,0.1797179717971797,0.0,0.4051799824407375,0.8822510822510823
2021-05-02 17:15:00+00:00,0.18933768376837679,0.0,0.3391352063213344,0.8872294372294373
2021-05-02 17:30:00+00:00,0.1989573957395739,0.0,0.2730904302019314,0.8922077922077922
2021-05-02 17:45:00+00:00,0.20857710771077104,0.0,0.20704565408252845,0.8971861471861472
2021-05-02 18:00:00+00:00,0.2181968196819682,0.0,0.1410008779631255,0.9021645021645022
2021-05-02 18:15:00+00:00,0.22504125412541248,0.0,0.12181738366988579,0.9103896103896105
2021-05-02 18:30:00+00:00,0.2318856885688568,0.0,0.1026338893766461,0.9186147186147188
2021-05-02 18:45:00+00:00,0.23873012301230115,0.0,0.08345039508340645,0.9268398268398269
2021-05-02 19:00:00+00:00,0.2455745574557455,0.0,0.0642669007901668,0.935064935064935
2021-05-02 19:15:00+00:00,0.2497280978097809,0.0,0.0628621597892888,0.9305194805194805
2021-05-02 19:30:00+00:00,0.2538816381638163,0.0,0.0614574187884108,0.925974025974026
2021-05-02 19:45:00+00:00,0.25803517851785174,0.0,0.06005267778753285,0.9214285714285715
2021-05-02 20:00:00+00:00,0.2621887188718872,0.0,0.0586479367866549,0.9168831168831169
2021-05-02 20:15:00+00:00,0.2652452745274527,0.0,0.0586698858647936,0.9106060606060606
2021-05-02 20:30:00+00:00,0.2683018301830183,0.0,0.0586918349429323,0.9043290043290044
2021-05-02 20:45:00+00:00,0.27135838583858385,0.0,0.05871378402107105,0.8980519480519481
2021-05-02 21:00:00+00:00,0.2744149414941494,0.0,0.0587357330992098,0.8917748917748918
2021-05-02 21:15:00+00:00,0.2731773177317731,0.0,0.05871378402107105,0.8865800865800866
2021-05-02 21:30:00+00:00,0.2719396939693969,0.0,0.0586918349429323,0.8813852813852814
2021-05-02 21:45:00+00:00,0.27070207020702064,0.0,0.0586698858647936,0.8761904761904762
2021-05-02 22:00:00+00:00,0.2694644464446444,0.0,0.0586479367866549,0.870995670995671
2021-05-02 22:15:00+00:00,0.2669329432943294,0.0,0.0585601404741,0.874025974025974
2021-05-02 22:30:00+00:00,0.2644014401440143,0.0,0.0584723441615451,0.8770562770562771
2021-05-02 22:45:00+00:00,0.2618699369936993,0.0,0.05838454784899025,0.88008658008658
2021-05-02 23:00:00+00:00,0.2593384338433843,0.0,0.0582967515364354,0.8831168831168831
2021-05-02 23:15:00+00:00,0.25434105910591054,0.0,0.05785776997366105,0.8722943722943723
2021-05-02 23:30:00+00:00,0.2493436843684368,0.0,0.0574187884108867,0.8614718614718615
2021-05-02 23:45:00+00:00,0.24434630963096304,0.0,0.05697980684811235,0.8506493506493507
2021-05-03 00:00:00+00:00,0.2393489348934893,0.0,0.056540825285338,0.8398268398268398
2021-05-03 00:15:00+00:00,0.23541104110411035,0.0,0.055838454784899,0.8383116883116883
2021-05-03 00:30:00+00:00,0.2314731473147314,0.0,0.05513608428446,0.8367965367965368
2021-05-03 00:45:00+00:00,0.2275352535253525,0.0,0.054433713784020996,0.8352813852813852
2021-05-03 01:00:00+00:00,0.2235973597359736,0.0,0.053731343283582,0.8337662337662337
2021-05-03 01:15:00+00:00,0.22037203720372034,0.0,0.0503950834064968,0.8326839826839827
2021-05-03 01:30:00+00:00,0.2171467146714671,0.0,0.0470588235294116,0.8316017316017316
2021-05-03 01:45:00+00:00,0.2139213921392139,0.0,0.0437225636523265,0.8305194805194804
2021-05-03 02:00:00+00:00,0.2106960696069607,0.0,0.0403863037752414,0.8294372294372294
2021-05-03 02:15:00+00:00,0.20862398739873983,0.0,0.0345039508340649,0.8324675324675325
2021-05-03 02:30:00+00:00,0.206551905190519,0.0,0.0286215978928884,0.8354978354978355
2021-05-03 02:45:00+00:00,0.2044798229822982,0.0,0.02273924495171195,0.8385281385281385
2021-05-03 03:00:00+00:00,0.2024077407740774,0.0,0.0168568920105355,0.8415584415584415
2021-05-03 03:15:00+00:00,0.20021377137713764,0.0,0.01391571553994725,0.8415584415584415
2021-05-03 03:30:00+00:00,0.1980198019801979,0.0,0.010974539069359,0.8415584415584415
2021-05-03 03:45:00+00:00,0.19582583258325825,0.0,0.008033362598770799,0.8415584415584415
2021-05-03 04:00:00+00:00,0.1936318631863186,0.0,0.0050921861281826,0.8415584415584415
2021-05-03 04:15:00+00:00,0.1937631263126312,0.0,0.008296751536435451,0.8545454545454545
2021-05-03 04:30:00+00:00,0.1938943894389438,0.0,0.0115013169446883,0.8675324675324675
2021-05-03 04:45:00+00:00,0.19402565256525645,0.0,0.01470588235294115,0.8805194805194805
2021-05-03 05:00:00+00:00,0.1941569156915691,0.0,0.017910447761194,0.8935064935064935
2021-05-03 05:15:00+00:00,0.18915954095409535,0.0,0.0472783143107989,0.904978354978355
2021-05-03 05:30:00+00:00,0.1841621662166216,0.0,0.0766461808604038,0.9164502164502164
2021-05-03 05:45:00+00:00,0.17916479147914785,0.0,0.10601404741000875,0.9279220779220779
2021-05-03 06:00:00+00:00,0.1741674167416741,0.0,0.1353819139596137,0.9393939393939394
2021-05-03 06:15:00+00:00,0.17046392139213914,0.0,0.18858647936786654,0.9402597402597404
2021-05-03 06:30:00+00:00,0.1667604260426042,0.0,0.2417910447761194,0.9411255411255413
2021-05-03 06:45:00+00:00,0.16305693069306926,0.0,0.29499561018437226,0.941991341991342
2021-05-03 07:00:00+00:00,0.1593534353435343,0.0,0.3482001755926251,0.9428571428571428
2021-05-03 07:15:00+00:00,0.1603941644164416,0.0,0.39223002633889376,0.9411255411255411
2021-05-03 07:30:00+00:00,0.1614348934893489,0.0,0.4362598770851624,0.9393939393939394
2021-05-03 07:45:00+00:00,0.1624756225622562,0.0,0.4802897278314311,0.9376623376623376
2021-05-03 08:00:00+00:00,0.1635163516351635,0.0,0.5243195785776997,0.935930735930736
2021-05-03 08:15:00+00:00,0.1629631713171317,0.0,0.5553555750658472,0.9283549783549784
2021-05-03 08:30:00+00:00,0.1624099909990999,0.0,0.5863915715539947,0.9207792207792208
2021-05-03 08:45:00+00:00,0.1618568106810681,0.0,0.6174275680421422,0.9132034632034631
2021-05-03 09:00:00+00:00,0.1613036303630363,0.0,0.6484635645302897,0.9056277056277056
2021-05-03 09:15:00+00:00,0.1592690519051905,0.0,0.6610184372256365,0.9006493506493506
2021-05-03 09:30:00+00:00,0.1572344734473447,0.0,0.6735733099209833,0.8956709956709956
2021-05-03 09:45:00+00:00,0.1551998949894989,0.0,0.6861281826163301,0.8906926406926406
2021-05-03 10:00:00+00:00,0.1531653165316531,0.0,0.698683055311677,0.8857142857142857
2021-05-03 10:15:00+00:00,0.153052805280528,0.0,0.688937664618086,0.8844155844155843
2021-05-03 10:30:00+00:00,0.1529402940294029,0.0,0.6791922739244952,0.8831168831168831
2021-05-03 10:45:00+00:00,0.1528277827782778,0.0,0.6694468832309044,0.8818181818181818
2021-05-03 11:00:00+00:00,0.1527152715271527,0.0,0.6597014925373135,0.8805194805194805
2021-05-03 11:15:00+00:00,0.15156203120312028,0.0,0.6517778753292363,0.8870129870129869
2021-05-03 11:30:00+00:00,0.1504087908790879,0.0,0.6438542581211589,0.8935064935064934
2021-05-03 11:45:00+00:00,0.14925555055505552,0.0,0.6359306409130816,0.8999999999999998
2021-05-03 12:00:00+00:00,0.1481023102310231,0.0,0.6280070237050044,0.9064935064935064
2021-05-03 12:15:00+00:00,0.1474928742874287,0.0,0.6158252853380158,0.9064935064935064
2021-05-03 12:30:00+00:00,0.1468834383438343,0.0,0.6036435469710273,0.9064935064935064
2021-05-03 12:45:00+00:00,0.14627400240023997,0.0,0.5914618086040386,0.9064935064935064
2021-05-03 13:00:00+00:00,0.1456645664566456,0.0,0.5792800702370501,0.9064935064935064
2021-05-03 13:15:00+00:00,0.1452051455145514,0.0,0.5611720807726075,0.9047619047619047
2021-05-03 13:30:00+00:00,0.1447457245724572,0.0,0.543064091308165,0.903030303030303
2021-05-03 13:45:00+00:00,0.144286303630363,0.0,0.5249561018437225,0.9012987012987013
2021-05-03 14:00:00+00:00,0.1438268826882688,0.0,0.5068481123792801,0.8995670995670996
2021-05-03 14:15:00+00:00,0.1440987848784878,0.0,0.48465759438103595,0.8982683982683983
2021-05-03 14:30:00+00:00,0.1443706870687068,0.0,0.4624670763827919,0.896969696969697
2021-05-03 14:45:00+00:00,0.14464258925892584,0.0,0.4402765583845478,0.8956709956709956
2021-05-03 15:00:00+00:00,0.1449144914491449,0.0,0.4180860403863037,0.8943722943722944
2021-05-03 15:15:00+00:00,0.14622712271227115,0.0,0.40234855136084274,0.8948051948051947
2021-05-03 15:30:00+00:00,0.1475397539753974,0.0,0.3866110623353818,0.8952380952380952
2021-05-03 15:45:00+00:00,0.14885238523852373,0.0,0.3708735733099209,0.8956709956709956
2021-05-03 16:00:00+00:00,0.1501650165016501,0.0,0.35513608428446,0.8961038961038961
2021-05-03 16:15:00+00:00,0.14869299429942984,0.0,0.3277875329236171,0.9062770562770562
2021-05-03 16:30:00+00:00,0.1472209720972096,0.0,0.3004389815627742,0.9164502164502164
2021-05-03 16:45:00+00:00,0.1457489498949894,0.0,0.2730904302019314,0.9266233766233767
2021-05-03 17:00:00+00:00,0.1442769276927692,0.0,0.2457418788410886,0.9367965367965368
2021-05-03 17:15:00+00:00,0.14301117611761172,0.0,0.20981123792800696,0.9411255411255411
2021-05-03 17:30:00+00:00,0.1417454245424542,0.0,0.1738805970149253,0.9454545454545454
2021-05-03 17:45:00+00:00,0.1404796729672967,0.0,0.13794995610184366,0.9497835497835497
2021-05-03 18:00:00+00:00,0.1392139213921392,0.0,0.102019315188762,0.954112554112554
2021-05-03 18:15:00+00:00,0.13471347134713468,0.0,0.0847453906935908,0.9616883116883116
2021-05-03 18:30:00+00:00,0.1302130213021302,0.0,0.0674714661984196,0.9692640692640692
2021-05-03 18:45:00+00:00,0.1257125712571257,0.0,0.050197541703248395,0.9768398268398268
2021-05-03 19:00:00+00:00,0.1212121212121212,0.0,0.0329236172080772,0.9844155844155844
2021-05-03 19:15:00+00:00,0.1181555655565556,0.0,0.031387181738366896,0.9803030303030305
2021-05-03 19:30:00+00:00,0.11509900990099,0.0,0.0298507462686566,0.9761904761904764
2021-05-03 19:45:00+00:00,0.11204245424542444,0.0,0.02831431079894635,0.9720779220779222
2021-05-03 20:00:00+00:00,0.1089858985898589,0.0,0.0267778753292361,0.967965367965368
2021-05-03 20:15:00+00:00,0.1086108610861085,0.0,0.02673397717295865,0.9606060606060606
2021-05-03 20:30:00+00:00,0.1082358235823581,0.0,0.0266900790166812,0.9532467532467532
2021-05-03 20:45:00+00:00,0.10786078607860775,0.0,0.026646180860403802,0.9458874458874458
2021-05-03 21:00:00+00:00,0.1074857485748574,0.0,0.0266022827041264,0.9385281385281384
2021-05-03 21:15:00+00:00,0.1038197569756975,0.0,0.02631694468832305,0.9309523809523809
2021-05-03 21:30:00+00:00,0.1001537653765376,0.0,0.0260316066725197,0.9233766233766234
2021-05-03 21:45:00+00:00,0.09648777377737769,0.0,0.02574626865671635,0.9158008658008658
2021-05-03 22:00:00+00:00,0.0928217821782178,0.0,0.025460930640913,0.9082251082251084
2021-05-03 22:15:00+00:00,0.09047779777977795,0.0,0.0241220368744512,0.8935064935064936
2021-05-03 22:30:00+00:00,0.0881338133813381,0.0,0.0227831431079894,0.8787878787878789
2021-05-03 22:45:00+00:00,0.08578982898289825,0.0,0.0214442493415276,0.8640692640692641
2021-05-03 23:00:00+00:00,0.0834458445844584,0.0,0.0201053555750658,0.8493506493506493
2021-05-03 23:15:00+00:00,0.0801173867386738,0.0,0.01909569798068475,0.8437229437229437
2021-05-03 23:30:00+00:00,0.0767889288928892,0.0,0.0180860403863037,0.838095238095238
2021-05-03 23:45:00+00:00,0.07346047104710465,0.0,0.0170763827919227,0.8324675324675324
2021-05-04 00:00:00+00:00,0.0701320132013201,0.0,0.0160667251975417,0.8268398268398268
2021-05-04 00:15:00+00:00,0.07090084008400835,0.0,0.014793678665496,0.8229437229437229
2021-05-04 00:30:00+00:00,0.0716696669666966,0.0,0.0135206321334503,0.819047619047619
2021-05-04 00:45:00+00:00,0.0724384938493849,0.0,0.01224758560140465,0.8151515151515152
2021-05-04 01:00:00+00:00,0.0732073207320732,0.0,0.010974539069359,0.8112554112554112
2021-05-04 01:15:00+00:00,0.07121024602460245,0.0,0.010974539069359,0.8119047619047619
2021-05-04 01:30:00+00:00,0.0692131713171317,0.0,0.010974539069359,0.8125541125541125
2021-05-04 01:45:00+00:00,0.06721609660966095,0.0,0.010974539069359,0.8132034632034632
2021-05-04 02:00:00+00:00,0.0652190219021902,0.0,0.010974539069359,0.8138528138528138
2021-05-04 02:15:00+00:00,0.0634657215721572,0.0,0.010974539069359,0.8145021645021645
2021-05-04 02:30:00+00:00,0.0617124212421242,0.0,0.010974539069359,0.8151515151515152
2021-05-04 02:45:00+00:00,0.0599591209120912,0.0,0.010974539069359,0.8158008658008657
2021-05-04 03:00:00+00:00,0.0582058205820582,0.0,0.010974539069359,0.8164502164502164
2021-05-04 03:15:00+00:00,0.0563962646264626,0.0,0.010096575943810249,0.8233766233766233
2021-05-04 03:30:00+00:00,0.054586708670867,0.0,0.0092186128182615,0.8303030303030302
2021-05-04 03:45:00+00:00,0.05277715271527145,0.0,0.008340649692712799,0.8372294372294371
2021-05-04 04:00:00+00:00,0.0509675967596759,0.0,0.0074626865671641,0.8441558441558441
2021-05-04 04:15:00+00:00,0.049373687368736804,0.0,0.011830553116769,0.8551948051948052
2021-05-04 04:30:00+00:00,0.0477797779777977,0.0,0.0161984196663739,0.8662337662337662
2021-05-04 04:45:00+00:00,0.0461858685868586,0.0,0.02056628621597885,0.8772727272727272
2021-05-04 05:00:00+00:00,0.0445919591959195,0.0,0.0249341527655838,0.8883116883116883
2021-05-04 05:15:00+00:00,0.04224797479747965,0.0,0.0718173836698858,0.8974025974025973
2021-05-04 05:30:00+00:00,0.0399039903990398,0.0,0.1187006145741878,0.9064935064935064
2021-05-04 05:45:00+00:00,0.0375600060006,0.0,0.16558384547848984,0.9155844155844155
2021-05-04 06:00:00+00:00,0.0352160216021602,0.0,0.2124670763827919,0.9246753246753248
2021-05-04 06:15:00+00:00,0.0327782778277827,0.0,0.2826382791922739,0.930952380952381
2021-05-04 06:30:00+00:00,0.0303405340534052,0.0,0.3528094820017559,0.9372294372294372
2021-05-04 06:45:00+00:00,0.027902790279027798,0.0,0.42298068481123785,0.9435064935064934
2021-05-04 07:00:00+00:00,0.0254650465046504,0.0,0.4931518876207199,0.9497835497835496
2021-05-04 07:15:00+00:00,0.02616824182418235,0.0,0.5586040386303774,0.9435064935064934
2021-05-04 07:30:00+00:00,0.0268714371437143,0.0,0.6240561896400351,0.9372294372294372
2021-05-04 07:45:00+00:00,0.02757463246324625,0.0,0.6895083406496927,0.930952380952381
2021-05-04 08:00:00+00:00,0.0282778277827782,0.0,0.7549604916593503,0.9246753246753248
2021-05-04 08:15:00+00:00,0.0304905490549054,0.0,0.7806409130816505,0.9151515151515152
2021-05-04 08:30:00+00:00,0.0327032703270326,0.0,0.8063213345039508,0.9056277056277056
2021-05-04 08:45:00+00:00,0.034915991599159854,0.0,0.832001755926251,0.8961038961038961
2021-05-04 09:00:00+00:00,0.0371287128712871,0.0,0.8576821773485513,0.8865800865800866
2021-05-04 09:15:00+00:00,0.0421823432343234,0.0,0.8677787532923618,0.8878787878787879
2021-05-04 09:30:00+00:00,0.0472359735973597,0.0,0.8778753292361721,0.8891774891774892
2021-05-04 09:45:00+00:00,0.052289603960396,0.0,0.8879719051799824,0.8904761904761904
2021-05-04 10:00:00+00:00,0.0573432343234323,0.0,0.8980684811237928,0.8917748917748918
2021-05-04 10:15:00+00:00,0.06430955595559551,0.0,0.9016022827041263,0.8902597402597403
2021-05-04 10:30:00+00:00,0.0712758775877587,0.0,0.90513608428446,0.8887445887445887
2021-05-04 10:45:00+00:00,0.07824219921992195,0.0,0.9086698858647937,0.8872294372294371
2021-05-04 11:00:00+00:00,0.0852085208520852,0.0,0.9122036874451273,0.8857142857142857
2021-05-04 11:15:00+00:00,0.0918935643564356,0.0,0.9194688323090429,0.8822510822510823
2021-05-04 11:30:00+00:00,0.098578607860786,0.0,0.9267339771729586,0.8787878787878788
2021-05-04 11:45:00+00:00,0.10526365136513645,0.0,0.9339991220368743,0.8753246753246753
2021-05-04 12:00:00+00:00,0.1119486948694869,0.0,0.94126426690079,0.8718614718614719
2021-05-04 12:15:00+00:00,0.11715234023402335,0.0,0.939244951712028,0.870995670995671
2021-05-04 12:30:00+00:00,0.1223559855985598,0.0,0.937225636523266,0.8701298701298701
2021-05-04 12:45:00+00:00,0.12755963096309625,0.0,0.935206321334504,0.8692640692640692
2021-05-04 13:00:00+00:00,0.1327632763276327,0.0,0.933187006145742,0.8683982683982684
2021-05-04 13:15:00+00:00,0.13665429042904287,0.0,0.9251975417032485,0.8662337662337662
2021-05-04 13:30:00+00:00,0.140545304530453,0.0,0.9172080772607552,0.864069264069264
2021-05-04 13:45:00+00:00,0.14443631863186315,0.0,0.9092186128182617,0.8619047619047618
2021-05-04 14:00:00+00:00,0.1483273327332733,0.0,0.9012291483757682,0.8597402597402597
2021-05-04 14:15:00+00:00,0.1504181668166816,0.0,0.8868525021949077,0.8593073593073592
2021-05-04 14:30:00+00:00,0.1525090009000899,0.0,0.8724758560140473,0.8588744588744588
2021-05-04 14:45:00+00:00,0.15459983498349825,0.0,0.858099209833187,0.8584415584415583
2021-05-04 15:00:00+00:00,0.1566906690669066,0.0,0.8437225636523266,0.858008658008658
2021-05-04 15:15:00+00:00,0.15739386438643854,0.0,0.8188323090430201,0.8668831168831168
2021-05-04 15:30:00+00:00,0.1580970597059705,0.0,0.7939420544337137,0.8757575757575757
2021-05-04 15:45:00+00:00,0.1588002550255025,0.0,0.7690517998244073,0.8846320346320347
2021-05-04 16:00:00+00:00,0.1595034503450345,0.0,0.7441615452151009,0.8935064935064935
2021-05-04 16:15:00+00:00,0.1591284128412841,0.0,0.6865671641791045,0.896969696969697
2021-05-04 16:30:00+00:00,0.1587533753375337,0.0,0.628972783143108,0.9004329004329004
2021-05-04 16:45:00+00:00,0.15837833783378336,0.0,0.5713784021071115,0.9038961038961039
2021-05-04 17:00:00+00:00,0.158003300330033,0.0,0.513784021071115,0.9073593073593074
2021-05-04 17:15:00+00:00,0.15678442844284424,0.0,0.434108867427568,0.9175324675324674
2021-05-04 17:30:00+00:00,0.1555655565556555,0.0,0.354433713784021,0.9277056277056276
2021-05-04 17:45:00+00:00,0.1543466846684668,0.0,0.27475856014047406,0.9378787878787878
2021-05-04 18:00:00+00:00,0.1531278127812781,0.0,0.1950834064969271,0.948051948051948
2021-05-04 18:15:00+00:00,0.15336221122112204,0.0,0.16472783143107983,0.951082251082251
2021-05-04 18:30:00+00:00,0.153596609660966,0.0,0.1343722563652326,0.954112554112554
2021-05-04 18:45:00+00:00,0.15383100810081,0.0,0.10401668129938535,0.9571428571428571
2021-05-04 19:00:00+00:00,0.154065406540654,0.0,0.0736611062335381,0.96017316017316
2021-05-04 19:15:00+00:00,0.1544591959195919,0.0,0.06975417032484624,0.9575757575757574
2021-05-04 19:30:00+00:00,0.1548529852985298,0.0,0.0658472344161544,0.9549783549783548
2021-05-04 19:45:00+00:00,0.15524677467746772,0.0,0.0619402985074626,0.9523809523809522
2021-05-04 20:00:00+00:00,0.1556405640564056,0.0,0.0580333625987708,0.9497835497835496
2021-05-04 20:15:00+00:00,0.15844396939693967,0.0,0.0574187884108867,0.9456709956709957
2021-05-04 20:30:00+00:00,0.1612473747374737,0.0,0.0568042142230026,0.9415584415584416
2021-05-04 20:45:00+00:00,0.16405078007800775,0.0,0.056189640035118504,0.9374458874458874
2021-05-04 21:00:00+00:00,0.1668541854185418,0.0,0.0555750658472344,0.9333333333333332
2021-05-04 21:15:00+00:00,0.16836371137113704,0.0,0.055377524143985904,0.9279220779220778
2021-05-04 21:30:00+00:00,0.1698732373237323,0.0,0.0551799824407374,0.9225108225108224
2021-05-04 21:45:00+00:00,0.17138276327632757,0.0,0.05498244073748895,0.917099567099567
2021-05-04 22:00:00+00:00,0.1728922892289228,0.0,0.0547848990342405,0.9116883116883115
2021-05-04 22:15:00+00:00,0.172882913291329,0.0,0.052611940298507395,0.90021645021645
2021-05-04 22:30:00+00:00,0.1728735373537352,0.0,0.0504389815627743,0.8887445887445886
2021-05-04 22:45:00+00:00,0.1728641614161415,0.0,0.048266022827041205,0.8772727272727272
2021-05-04 23:00:00+00:00,0.1728547854785478,0.0,0.0460930640913081,0.8658008658008658
2021-05-04 23:15:00+00:00,0.1750206270627062,0.0,0.04299824407374885,0.8597402597402597
2021-05-04 23:30:00+00:00,0.1771864686468646,0.0,0.0399034240561896,0.8536796536796536
2021-05-04 23:45:00+00:00,0.17935231023102305,0.0,0.03680860403863035,0.8476190476190475
2021-05-05 00:00:00+00:00,0.1815181518151815,0.0,0.0337137840210711,0.8415584415584415
2021-05-05 00:15:00+00:00,0.18000862586258626,0.0,0.0327699736611062,0.8413419913419914
2021-05-05 00:30:00+00:00,0.178499099909991,0.0,0.0318261633011413,0.8411255411255412
2021-05-05 00:45:00+00:00,0.17698957395739573,0.0,0.0308823529411764,0.8409090909090909
2021-05-05 01:00:00+00:00,0.1754800480048005,0.0,0.0299385425812115,0.8406926406926407
2021-05-05 01:15:00+00:00,0.17448619861986198,0.0,0.02864354697102715,0.8389610389610389
2021-05-05 01:30:00+00:00,0.1734923492349235,0.0,0.0273485513608428,0.8372294372294372
2021-05-05 01:45:00+00:00,0.172498499849985,0.0,0.02605355575065845,0.8354978354978355
2021-05-05 02:00:00+00:00,0.1715046504650465,0.0,0.0247585601404741,0.8337662337662337
2021-05-05 02:15:00+00:00,0.16972322232223222,0.0,0.0232440737489025,0.8413419913419913
2021-05-05 02:30:00+00:00,0.1679417941794179,0.0,0.0217295873573309,0.8489177489177488
2021-05-05 02:45:00+00:00,0.1661603660366036,0.0,0.020215100965759347,0.8564935064935064
2021-05-05 03:00:00+00:00,0.1643789378937893,0.0,0.0187006145741878,0.8640692640692641
2021-05-05 03:15:00+00:00,0.1599253675367536,0.0,0.0164179104477611,0.8735930735930737
2021-05-05 03:30:00+00:00,0.1554717971797179,0.0,0.0141352063213344,0.8831168831168832
2021-05-05 03:45:00+00:00,0.1510182268226822,0.0,0.01185250219490775,0.8926406926406927
2021-05-05 04:00:00+00:00,0.1465646564656465,0.0,0.0095697980684811,0.9021645021645022
2021-05-05 04:15:00+00:00,0.14202670267026696,0.0,0.0152765583845478,0.9136363636363637
2021-05-05 04:30:00+00:00,0.1374887488748874,0.0,0.0209833187006145,0.9251082251082252
2021-05-05 04:45:00+00:00,0.1329507950795079,0.0,0.026690079016681252,0.9365800865800866
2021-05-05 05:00:00+00:00,0.1284128412841284,0.0,0.032396839332748,0.948051948051948
2021-05-05 05:15:00+00:00,0.1222903540354035,0.0,0.083252853380158,0.9523809523809523
2021-05-05 05:30:00+00:00,0.1161678667866786,0.0,0.134108867427568,0.9567099567099566
2021-05-05 05:45:00+00:00,0.11004537953795375,0.0,0.184964881474978,0.9610389610389609
2021-05-05 06:00:00+00:00,0.1039228922892289,0.0,0.235820895522388,0.9653679653679652
2021-05-05 06:15:00+00:00,0.1017007950795079,0.0,0.3094820017559262,0.9603896103896101
2021-05-05 06:30:00+00:00,0.0994786978697869,0.0,0.3831431079894644,0.9554112554112552
2021-05-05 06:45:00+00:00,0.09725660066006594,0.0,0.4568042142230026,0.9504329004329003
2021-05-05 07:00:00+00:00,0.095034503450345,0.0,0.5304653204565408,0.9454545454545454
2021-05-05 07:15:00+00:00,0.09353435343534344,0.0,0.5915496049165936,0.9383116883116883
2021-05-05 07:30:00+00:00,0.0920342034203419,0.0,0.6526338893766462,0.9311688311688312
2021-05-05 07:45:00+00:00,0.09053405340534044,0.0,0.7137181738366989,0.924025974025974
2021-05-05 08:00:00+00:00,0.089033903390339,0.0,0.7748024582967515,0.9168831168831169
2021-05-05 08:15:00+00:00,0.0875993849384938,0.0,0.7973661106233538,0.919047619047619
2021-05-05 08:30:00+00:00,0.0861648664866486,0.0,0.8199297629499561,0.9212121212121211
2021-05-05 08:45:00+00:00,0.08473034803480345,0.0,0.8424934152765584,0.9233766233766234
2021-05-05 09:00:00+00:00,0.0832958295829583,0.0,0.8650570676031607,0.9255411255411256
2021-05-05 09:15:00+00:00,0.08175817581758174,0.0,0.8791483757682177,0.9149350649350649
2021-05-05 09:30:00+00:00,0.0802205220522052,0.0,0.8932396839332748,0.9043290043290044
2021-05-05 09:45:00+00:00,0.07868286828682865,0.0,0.9073309920983318,0.8937229437229437
2021-05-05 10:00:00+00:00,0.0771452145214521,0.0,0.9214223002633888,0.8831168831168831
2021-05-05 10:15:00+00:00,0.07820469546954684,0.0,0.927085162423178,0.8813852813852814
2021-05-05 10:30:00+00:00,0.0792641764176416,0.0,0.9327480245829672,0.8796536796536796
2021-05-05 10:45:00+00:00,0.08032365736573645,0.0,0.9384108867427566,0.8779220779220779
2021-05-05 11:00:00+00:00,0.0813831383138313,0.0,0.944073748902546,0.8761904761904762
2021-05-05 11:15:00+00:00,0.08363336333633356,0.0,0.9467076382791921,0.872077922077922
2021-05-05 11:30:00+00:00,0.0858835883588358,0.0,0.9493415276558383,0.8679653679653679
2021-05-05 11:45:00+00:00,0.08813381338133805,0.0,0.9519754170324846,0.8638528138528139
2021-05-05 12:00:00+00:00,0.0903840384038403,0.0,0.9546093064091308,0.8597402597402597
2021-05-05 12:15:00+00:00,0.09198732373237314,0.0,0.9518876207199298,0.8556277056277056
2021-05-05 12:30:00+00:00,0.093590609060906,0.0,0.9491659350307288,0.8515151515151516
2021-05-05 12:45:00+00:00,0.0951938943894389,0.0,0.9464442493415277,0.8474025974025974
2021-05-05 13:00:00+00:00,0.0967971797179718,0.0,0.9437225636523268,0.8432900432900433
2021-05-05 13:15:00+00:00,0.0991036603660366,0.0,0.9350307287093943,0.8469696969696969
2021-05-05 13:30:00+00:00,0.1014101410141014,0.0,0.9263388937664618,0.8506493506493507
2021-05-05 13:45:00+00:00,0.10371662166216619,0.0,0.9176470588235295,0.8543290043290043
2021-05-05 14:00:00+00:00,0.106023102310231,0.0,0.908955223880597,0.858008658008658
2021-05-05 14:15:00+00:00,0.10945469546954689,0.0,0.8904302019315189,0.8554112554112554
2021-05-05 14:30:00+00:00,0.1128862886288628,0.0,0.8719051799824407,0.8528138528138528
2021-05-05 14:45:00+00:00,0.11631788178817876,0.0,0.8533801580333625,0.8502164502164502
2021-05-05 15:00:00+00:00,0.1197494749474947,0.0,0.8348551360842844,0.8476190476190476
2021-05-05 15:15:00+00:00,0.12019951995199515,0.0,0.8104916593503073,0.8467532467532468
2021-05-05 15:30:00+00:00,0.1206495649564956,0.0,0.7861281826163301,0.8458874458874459
2021-05-05 15:45:00+00:00,0.12109960996099606,0.0,0.7617647058823529,0.845021645021645
2021-05-05 16:00:00+00:00,0.1215496549654965,0.0,0.7374012291483758,0.8441558441558441
2021-05-05 16:15:00+00:00,0.1214746474647464,0.0,0.6819798068481124,0.854978354978355
2021-05-05 16:30:00+00:00,0.1213996399639963,0.0,0.6265583845478491,0.8658008658008658
2021-05-05 16:45:00+00:00,0.12132463246324625,0.0,0.5711369622475857,0.8766233766233766
2021-05-05 17:00:00+00:00,0.1212496249624962,0.0,0.5157155399473222,0.8874458874458875
2021-05-05 17:15:00+00:00,0.11789303930393034,0.0,0.4382791922739244,0.903896103896104
2021-05-05 17:30:00+00:00,0.1145364536453645,0.0,0.3608428446005267,0.9203463203463204
2021-05-05 17:45:00+00:00,0.11117986798679864,0.0,0.283406496927129,0.9367965367965367
2021-05-05 18:00:00+00:00,0.1078232823282328,0.0,0.2059701492537313,0.9532467532467532
2021-05-05 18:15:00+00:00,0.1054136663666366,0.0,0.1730245829675153,0.9551948051948052
2021-05-05 18:30:00+00:00,0.1030040504050404,0.0,0.1400790166812993,0.9571428571428572
2021-05-05 18:45:00+00:00,0.10059443444344425,0.0,0.10713345039508335,0.9590909090909091
2021-05-05 19:00:00+00:00,0.0981848184818481,0.0,0.0741878841088674,0.961038961038961
2021-05-05 19:15:00+00:00,0.0988786378637863,0.0,0.0707199297629499,0.9597402597402598
2021-05-05 19:30:00+00:00,0.0995724572457245,0.0,0.0672519754170324,0.9584415584415584
2021-05-05 19:45:00+00:00,0.1002662766276627,0.0,0.06378402107111494,0.9571428571428571
2021-05-05 20:00:00+00:00,0.1009600960096009,0.0,0.0603160667251975,0.9558441558441558
2021-05-05 20:15:00+00:00,0.1029196669666966,0.0,0.06014047410008775,0.9510822510822512
2021-05-05 20:30:00+00:00,0.1048792379237923,0.0,0.059964881474978,0.9463203463203465
2021-05-05 20:45:00+00:00,0.10683880888088805,0.0,0.05978928884986825,0.9415584415584417
2021-05-05 21:00:00+00:00,0.1087983798379838,0.0,0.0596136962247585,0.9367965367965368
2021-05-05 21:15:00+00:00,0.10813268826882685,0.0,0.05888937664618075,0.9357142857142858
2021-05-05 21:30:00+00:00,0.1074669966996699,0.0,0.058165057067603,0.9346320346320348
2021-05-05 21:45:00+00:00,0.106801305130513,0.0,0.057440737489025354,0.9335497835497837
2021-05-05 22:00:00+00:00,0.1061356135613561,0.0,0.0567164179104477,0.9324675324675324
2021-05-05 22:15:00+00:00,0.10551680168016794,0.0,0.05522388059701485,0.919047619047619
2021-05-05 22:30:00+00:00,0.1048979897989798,0.0,0.053731343283582,0.9056277056277056
2021-05-05 22:45:00+00:00,0.1042791779177917,0.0,0.052238805970149196,0.8922077922077922
2021-05-05 23:00:00+00:00,0.1036603660366036,0.0,0.0507462686567164,0.8787878787878788
2021-05-05 23:15:00+00:00,0.1046260876087608,0.0,0.04984635645302895,0.8727272727272728
2021-05-05 23:30:00+00:00,0.105591809180918,0.0,0.0489464442493415,0.8666666666666667
2021-05-05 23:45:00+00:00,0.10655753075307525,0.0,0.048046532045654046,0.8606060606060606
2021-05-06 00:00:00+00:00,0.1075232523252325,0.0,0.0471466198419666,0.8545454545454545
2021-05-06 00:15:00+00:00,0.10969846984698464,0.0,0.0460491659350307,0.8625541125541125
2021-05-06 00:30:00+00:00,0.1118736873687368,0.0,0.0449517120280948,0.8705627705627705
2021-05-06 00:45:00+00:00,0.114048904890489,0.0,0.0438542581211589,0.8785714285714286
2021-05-06 01:00:00+00:00,0.1162241224122412,0.0,0.042756804214223,0.8865800865800866
2021-05-06 01:15:00+00:00,0.11877437743774374,0.0,0.041066725197541704,0.8926406926406927
2021-05-06 01:30:00+00:00,0.1213246324632463,0.0,0.0393766461808604,0.8987012987012987
2021-05-06 01:45:00+00:00,0.12387488748874886,0.0,0.0376865671641791,0.9047619047619047
2021-05-06 02:00:00+00:00,0.1264251425142514,0.0,0.0359964881474978,0.9108225108225108
2021-05-06 02:15:00+00:00,0.13169441944194415,0.0,0.0342186128182616,0.9162337662337662
2021-05-06 02:30:00+00:00,0.1369636963696369,0.0,0.0324407374890254,0.9216450216450216
2021-05-06 02:45:00+00:00,0.1422329732973297,0.0,0.03066286215978925,0.927056277056277
2021-05-06 03:00:00+00:00,0.1475022502250225,0.0,0.0288849868305531,0.9324675324675324
2021-05-06 03:15:00+00:00,0.15034315931593156,0.0,0.02583406496927125,0.9463203463203463
2021-05-06 03:30:00+00:00,0.1531840684068406,0.0,0.0227831431079894,0.9601731601731602
2021-05-06 03:45:00+00:00,0.15602497749774968,0.0,0.0197322212467076,0.9740259740259741
2021-05-06 04:00:00+00:00,0.1588658865886588,0.0,0.0166812993854258,0.987878787878788
2021-05-06 04:15:00+00:00,0.1583314581458145,0.0,0.02146619841966635,0.990909090909091
2021-05-06 04:30:00+00:00,0.1577970297029702,0.0,0.0262510974539069,0.993939393939394
2021-05-06 04:45:00+00:00,0.15726260126012595,0.0,0.03103599648814745,0.9969696969696971
2021-05-06 05:00:00+00:00,0.1567281728172817,0.0,0.035820895522388,1.0
2021-05-06 05:15:00+00:00,0.155274902490249,0.0,0.0868086040386303,1.0
2021-05-06 05:30:00+00:00,0.1538216321632163,0.0,0.1377963125548726,1.0
2021-05-06 05:45:00+00:00,0.15236836183618357,0.0,0.18878402107111494,1.0
2021-05-06 06:00:00+00:00,0.1509150915091509,0.0,0.2397717295873573,1.0
2021-05-06 06:15:00+00:00,0.14572082208220816,0.0,0.3216637401229148,1.0
2021-05-06 06:30:00+00:00,0.1405265526552654,0.0,0.4035557506584724,1.0
2021-05-06 06:45:00+00:00,0.13533228322832275,0.0,0.4854477611940299,1.0
2021-05-06 07:00:00+00:00,0.1301380138013801,0.0,0.5673397717295874,1.0
2021-05-06 07:15:00+00:00,0.1290785328532853,0.0,0.630377524143986,0.9922077922077922
2021-05-06 07:30:00+00:00,0.1280190519051905,0.0,0.6934152765583845,0.9844155844155844
2021-05-06 07:45:00+00:00,0.1269595709570957,0.0,0.7564530289727831,0.9766233766233766
2021-05-06 08:00:00+00:00,0.1259000900090009,0.0,0.8194907813871818,0.9688311688311688
2021-05-06 08:15:00+00:00,0.12833783378337832,0.0,0.845412642669008,0.9766233766233766
2021-05-06 08:30:00+00:00,0.1307755775577557,0.0,0.8713345039508341,0.9844155844155844
2021-05-06 08:45:00+00:00,0.13321332133213315,0.0,0.8972563652326603,0.9922077922077922
2021-05-06 09:00:00+00:00,0.1356510651065106,0.0,0.9231782265144864,1.0
2021-05-06 09:15:00+00:00,0.14336746174617454,0.0,0.9352502194907815,0.9954545454545455
2021-05-06 09:30:00+00:00,0.1510838583858385,0.0,0.9473222124670764,0.990909090909091
2021-05-06 09:45:00+00:00,0.1588002550255025,0.0,0.9593942054433714,0.9863636363636363
2021-05-06 10:00:00+00:00,0.1665166516651665,0.0,0.9714661984196664,0.9818181818181818
2021-05-06 10:15:00+00:00,0.17482373237323728,0.0,0.9751755926251098,0.9748917748917749
2021-05-06 10:30:00+00:00,0.1831308130813081,0.0,0.9788849868305532,0.967965367965368
2021-05-06 10:45:00+00:00,0.19143789378937892,0.0,0.9825943810359966,0.961038961038961
2021-05-06 11:00:00+00:00,0.1997449744974497,0.0,0.98630377524144,0.954112554112554
2021-05-06 11:15:00+00:00,0.2057643264326432,0.0,0.9855355575065847,0.9534632034632033
2021-05-06 11:30:00+00:00,0.2117836783678367,0.0,0.9847673397717296,0.9528138528138528
2021-05-06 11:45:00+00:00,0.21780303030303025,0.0,0.9839991220368745,0.9521645021645022
2021-05-06 12:00:00+00:00,0.2238223822382238,0.0,0.9832309043020192,0.9515151515151516
2021-05-06 12:15:00+00:00,0.2295229522952295,0.0,0.9785557506584723,0.9495670995670996
2021-05-06 12:30:00+00:00,0.2352235223522352,0.0,0.9738805970149254,0.9476190476190476
2021-05-06 12:45:00+00:00,0.2409240924092409,0.0,0.9692054433713784,0.9456709956709957
2021-05-06 13:00:00+00:00,0.2466246624662466,0.0,0.9645302897278314,0.9437229437229436
2021-05-06 13:15:00+00:00,0.25291591659165913,0.0,0.9565847234416155,0.9329004329004329
2021-05-06 13:30:00+00:00,0.2592071707170716,0.0,0.9486391571553996,0.922077922077922
2021-05-06 13:45:00+00:00,0.2654984248424842,0.0,0.9406935908691836,0.9112554112554112
2021-05-06 14:00:00+00:00,0.2717896789678968,0.0,0.9327480245829676,0.9004329004329005
2021-05-06 14:15:00+00:00,0.2758963396339634,0.0,0.9157813871817384,0.9
2021-05-06 14:30:00+00:00,0.28000300030003,0.0,0.8988147497805092,0.8995670995670996
2021-05-06 14:45:00+00:00,0.2841096609660966,0.0,0.8818481123792801,0.8991341991341991
2021-05-06 15:00:00+00:00,0.2882163216321632,0.0,0.8648814749780509,0.8987012987012987
2021-05-06 15:15:00+00:00,0.2893414341434143,0.0,0.8354916593503073,0.9015151515151516
2021-05-06 15:30:00+00:00,0.2904665466546654,0.0,0.8061018437225637,0.9043290043290044
2021-05-06 15:45:00+00:00,0.29159165916591656,0.0,0.7767120280948201,0.9071428571428573
2021-05-06 16:00:00+00:00,0.2927167716771677,0.0,0.7473222124670764,0.90995670995671
2021-05-06 16:15:00+00:00,0.2887976297629763,0.0,0.6878402107111502,0.9155844155844155
2021-05-06 16:30:00+00:00,0.2848784878487849,0.0,0.6283582089552239,0.9212121212121211
2021-05-06 16:45:00+00:00,0.2809593459345935,0.0,0.5688762071992977,0.9268398268398268
2021-05-06 17:00:00+00:00,0.277040204020402,0.0,0.5093942054433713,0.9324675324675324
2021-05-06 17:15:00+00:00,0.26866749174917487,0.0,0.4330114135206321,0.9493506493506494
2021-05-06 17:30:00+00:00,0.2602947794779477,0.0,0.3566286215978929,0.9662337662337662
2021-05-06 17:45:00+00:00,0.2519220672067206,0.0,0.28024582967515366,0.9831168831168831
2021-05-06 18:00:00+00:00,0.2435493549354935,0.0,0.2038630377524144,1.0
2021-05-06 18:15:00+00:00,0.2424617461746174,0.0,0.16982001755926251,1.0
2021-05-06 18:30:00+00:00,0.2413741374137413,0.0,0.1357769973661106,1.0
2021-05-06 18:45:00+00:00,0.24028652865286526,0.0,0.1017339771729587,1.0
2021-05-06 19:00:00+00:00,0.2391989198919892,0.0,0.0676909569798068,1.0
2021-05-06 19:15:00+00:00,0.23954582958295828,0.0,0.06327919227392445,1.0
2021-05-06 19:30:00+00:00,0.2398927392739274,0.0,0.0588674275680421,1.0
2021-05-06 19:45:00+00:00,0.2402396489648965,0.0,0.05445566286215975,1.0
2021-05-06 20:00:00+00:00,0.2405865586558656,0.0,0.0500438981562774,1.0
2021-05-06 20:15:00+00:00,0.23962083708370835,0.0,0.0498683055311676,0.9863636363636364
2021-05-06 20:30:00+00:00,0.2386551155115511,0.0,0.0496927129060578,0.9727272727272728
2021-05-06 20:45:00+00:00,0.23768939393939392,0.0,0.049517120280948096,0.9590909090909091
2021-05-06 21:00:00+00:00,0.2367236723672367,0.0,0.0493415276558384,0.9454545454545454
2021-05-06 21:15:00+00:00,0.2333014551455145,0.0,0.049319578577699655,0.938961038961039
2021-05-06 21:30:00+00:00,0.2298792379237923,0.0,0.0492976294995609,0.9324675324675324
2021-05-06 21:45:00+00:00,0.22645702070207013,0.0,0.049275680421422205,0.925974025974026
2021-05-06 22:00:00+00:00,0.223034803480348,0.0,0.0492537313432835,0.9194805194805196
2021-05-06 22:15:00+00:00,0.2216002850285028,0.0,0.0498463564530289,0.9253246753246753
2021-05-06 22:30:00+00:00,0.2201657665766576,0.0,0.0504389815627743,0.9311688311688312
2021-05-06 22:45:00+00:00,0.21873124812481243,0.0,0.0510316066725197,0.9370129870129871
2021-05-06 23:00:00+00:00,0.2172967296729673,0.0,0.0516242317822651,0.9428571428571428
2021-05-06 23:15:00+00:00,0.2183280828082808,0.0,0.051865671641791,0.9264069264069263
2021-05-06 23:30:00+00:00,0.2193594359435943,0.0,0.0521071115013169,0.90995670995671
2021-05-06 23:45:00+00:00,0.22039078907890786,0.0,0.0523485513608428,0.8935064935064936
2021-05-07 00:00:00+00:00,0.2214221422142214,0.0,0.0525899912203687,0.8770562770562771
2021-05-07 00:15:00+00:00,0.22375675067506745,0.0,0.0532045654082528,0.8755411255411256
2021-05-07 00:30:00+00:00,0.2260913591359135,0.0,0.0538191395961369,0.874025974025974
2021-05-07 00:45:00+00:00,0.2284259675967596,0.0,0.054433713784020996,0.8725108225108225
2021-05-07 01:00:00+00:00,0.2307605760576057,0.0,0.0550482879719051,0.870995670995671
2021-05-07 01:15:00+00:00,0.2290260276027602,0.0,0.055114135206321246,0.872077922077922
2021-05-07 01:30:00+00:00,0.2272914791479147,0.0,0.0551799824407374,0.8731601731601731
2021-05-07 01:45:00+00:00,0.22555693069306926,0.0,0.055245829675153596,0.8742424242424243
2021-05-07 02:00:00+00:00,0.2238223822382238,0.0,0.0553116769095698,0.8753246753246753
2021-05-07 02:15:00+00:00,0.22078457845784574,0.0,0.053555750658472304,0.8829004329004329
2021-05-07 02:30:00+00:00,0.2177467746774677,0.0,0.0517998244073748,0.8904761904761904
2021-05-07 02:45:00+00:00,0.21470897089708965,0.0,0.050043898156277355,0.898051948051948
2021-05-07 03:00:00+00:00,0.2116711671167116,0.0,0.0482879719051799,0.9056277056277056
2021-05-07 03:15:00+00:00,0.2088771377137713,0.0,0.0434591747146619,0.9292207792207792
2021-05-07 03:30:00+00:00,0.206083108310831,0.0,0.0386303775241439,0.9528138528138528
2021-05-07 03:45:00+00:00,0.20328907890789075,0.0,0.0338015803336259,0.9764069264069264
2021-05-07 04:00:00+00:00,0.2004950495049505,0.0,0.0289727831431079,1.0
2021-05-07 04:15:00+00:00,0.19645402040204019,0.0,0.03386742756804205,1.0
2021-05-07 04:30:00+00:00,0.1924129912991299,0.0,0.0387620719929762,1.0
2021-05-07 04:45:00+00:00,0.1883719621962196,0.0,0.0436567164179104,1.0
2021-05-07 05:00:00+00:00,0.1843309330933093,0.0,0.0485513608428446,1.0
2021-05-07 05:15:00+00:00,0.1766895439543954,0.0,0.10278753292361714,1.0
2021-05-07 05:30:00+00:00,0.1690481548154815,0.0,0.1570237050043897,1.0
2021-05-07 05:45:00+00:00,0.1614067656765676,0.0,0.21125987708516236,1.0
2021-05-07 06:00:00+00:00,0.1537653765376537,0.0,0.265496049165935,1.0
2021-05-07 06:15:00+00:00,0.1452051455145514,0.0,0.35151448639157157,1.0
2021-05-07 06:30:00+00:00,0.1366449144914491,0.0,0.4375329236172081,1.0
2021-05-07 06:45:00+00:00,0.1280846834683468,0.0,0.5235513608428446,1.0
2021-05-07 07:00:00+00:00,0.1195244524452445,0.0,0.6095697980684811,1.0
2021-05-07 07:15:00+00:00,0.11542716771677164,0.0,0.6665715539947322,0.995887445887446
2021-05-07 07:30:00+00:00,0.1113298829882988,0.0,0.7235733099209833,0.991774891774892
2021-05-07 07:45:00+00:00,0.10723259825982595,0.0,0.7805750658472344,0.9876623376623378
2021-05-07 08:00:00+00:00,0.1031353135313531,0.0,0.8375768217734855,0.9835497835497836
2021-05-07 08:15:00+00:00,0.10303217821782176,0.0,0.8602941176470589,0.9798701298701299
2021-05-07 08:30:00+00:00,0.1029290429042904,0.0,0.8830114135206322,0.9761904761904762
2021-05-07 08:45:00+00:00,0.10282590759075905,0.0,0.9057287093942055,0.9725108225108225
2021-05-07 09:00:00+00:00,0.1027227722772277,0.0,0.9284460052677788,0.9688311688311688
2021-05-07 09:15:00+00:00,0.1029009150915091,0.0,0.939244951712028,0.9690476190476189
2021-05-07 09:30:00+00:00,0.1030790579057905,0.0,0.9500438981562772,0.9692640692640692
2021-05-07 09:45:00+00:00,0.10325720072007194,0.0,0.9608428446005266,0.9694805194805194
2021-05-07 10:00:00+00:00,0.1034353435343534,0.0,0.971641791044776,0.9696969696969696
2021-05-07 10:15:00+00:00,0.10350097509750969,0.0,0.9752633889376644,0.9549783549783548
2021-05-07 10:30:00+00:00,0.103566606660666,0.0,0.9788849868305528,0.94025974025974
2021-05-07 10:45:00+00:00,0.10363223822382235,0.0,0.9825065847234414,0.9255411255411254
2021-05-07 11:00:00+00:00,0.1036978697869787,0.0,0.98612818261633,0.9108225108225108
2021-05-07 11:15:00+00:00,0.10546054605460545,0.0,0.9844820017559262,0.9203463203463202
2021-05-07 11:30:00+00:00,0.1072232223222322,0.0,0.9828358208955223,0.9298701298701296
2021-05-07 11:45:00+00:00,0.10898589858985895,0.0,0.9811896400351185,0.9393939393939392
2021-05-07 12:00:00+00:00,0.1107485748574857,0.0,0.9795434591747146,0.9489177489177488
2021-05-07 12:15:00+00:00,0.1131581908190818,0.0,0.9754828797190518,0.9508658008658009
2021-05-07 12:30:00+00:00,0.1155678067806779,0.0,0.9714223002633888,0.9528138528138528
2021-05-07 12:45:00+00:00,0.1179774227422741,0.0,0.9673617208077261,0.9547619047619048
2021-05-07 13:00:00+00:00,0.1203870387038703,0.0,0.9633011413520632,0.9567099567099568
2021-05-07 13:15:00+00:00,0.12164341434143405,0.0,0.9553994732221246,0.9593073593073594
2021-05-07 13:30:00+00:00,0.1228997899789978,0.0,0.947497805092186,0.961904761904762
2021-05-07 13:45:00+00:00,0.12415616561656159,0.0,0.9395961369622474,0.9645021645021646
2021-05-07 14:00:00+00:00,0.1254125412541254,0.0,0.931694468832309,0.9670995670995672
2021-05-07 14:15:00+00:00,0.1236029852985298,0.0,0.9142669007901668,0.9647186147186149
2021-05-07 14:30:00+00:00,0.1217934293429342,0.0,0.8968393327480246,0.9623376623376624
2021-05-07 14:45:00+00:00,0.11998387338733865,0.0,0.8794117647058823,0.95995670995671
2021-05-07 15:00:00+00:00,0.1181743174317431,0.0,0.8619841966637402,0.9575757575757576
2021-05-07 15:15:00+00:00,0.11519276927692759,0.0,0.831145741878841,0.967965367965368
2021-05-07 15:30:00+00:00,0.1122112211221121,0.0,0.800307287093942,0.9783549783549784
2021-05-07 15:45:00+00:00,0.10922967296729666,0.0,0.769468832309043,0.9887445887445888
2021-05-07 16:00:00+00:00,0.1062481248124812,0.0,0.738630377524144,0.9991341991341992
2021-05-07 16:15:00+00:00,0.10353847884788475,0.0,0.6815847234416154,0.9954545454545455
2021-05-07 16:30:00+00:00,0.1008288328832883,0.0,0.6245390693590869,0.9917748917748918
2021-05-07 16:45:00+00:00,0.09811918691869184,0.0,0.5674934152765584,0.9880952380952381
2021-05-07 17:00:00+00:00,0.0954095409540954,0.0,0.5104477611940299,0.9844155844155844
2021-05-07 17:15:00+00:00,0.09254050405040501,0.0,0.4353380158033363,0.9883116883116883
2021-05-07 17:30:00+00:00,0.0896714671467146,0.0,0.3602282704126427,0.9922077922077922
2021-05-07 17:45:00+00:00,0.08680243024302425,0.0,0.2851185250219491,0.9961038961038962
2021-05-07 18:00:00+00:00,0.0839333933393339,0.0,0.2100087796312555,1.0
2021-05-07 18:15:00+00:00,0.0844865736573657,0.0,0.17644863915715542,1.0
2021-05-07 18:30:00+00:00,0.0850397539753975,0.0,0.1428884986830553,1.0
2021-05-07 18:45:00+00:00,0.08559293429342929,0.0,0.1093283582089552,1.0
2021-05-07 19:00:00+00:00,0.0861461146114611,0.0,0.0757682177348551,1.0
2021-05-07 19:15:00+00:00,0.08845259525952584,0.0,0.07091747146619835,1.0
2021-05-07 19:30:00+00:00,0.0907590759075906,0.0,0.0660667251975416,1.0
2021-05-07 19:45:00+00:00,0.09306555655565545,0.0,0.061215978928884904,1.0
2021-05-07 20:00:00+00:00,0.0953720372037203,0.0,0.0563652326602282,1.0
2021-05-07 20:15:00+00:00,0.09685343534353424,0.0,0.056584723441615345,1.0
2021-05-07 20:30:00+00:00,0.0983348334833482,0.0,0.0568042142230025,1.0
2021-05-07 20:45:00+00:00,0.09981623162316225,0.0,0.0570237050043897,1.0
2021-05-07 21:00:00+00:00,0.1012976297629763,0.0,0.0572431957857769,1.0
2021-05-07 21:15:00+00:00,0.1016164116411641,0.0,0.05717734855136075,0.9917748917748919
2021-05-07 21:30:00+00:00,0.1019351935193519,0.0,0.0571115013169446,0.9835497835497836
2021-05-07 21:45:00+00:00,0.10225397539753969,0.0,0.057045654082528444,0.9753246753246754
2021-05-07 22:00:00+00:00,0.1025727572757275,0.0,0.0569798068481123,0.9670995670995672
2021-05-07 22:15:00+00:00,0.105085508550855,0.0,0.0569578577699736,0.9590909090909092
2021-05-07 22:30:00+00:00,0.1075982598259825,0.0,0.0569359086918349,0.9510822510822512
2021-05-07 22:45:00+00:00,0.11011101110111005,0.0,0.056913959613696205,0.9430735930735932
2021-05-07 23:00:00+00:00,0.1126237623762376,0.0,0.0568920105355575,0.935064935064935
2021-05-07 23:15:00+00:00,0.11635538553855379,0.0,0.056870061457418755,0.9307359307359306
2021-05-07 23:30:00+00:00,0.12008700870087,0.0,0.05684811237928,0.9264069264069263
2021-05-07 23:45:00+00:00,0.12381863186318624,0.0,0.056826163301141305,0.922077922077922
2021-05-08 00:00:00+00:00,0.1275502550255025,0.0,0.0568042142230026,0.9177489177489178
2021-05-08 00:15:00+00:00,0.1334570957095709,0.0,0.0565627743634767,0.9142857142857143
2021-05-08 00:30:00+00:00,0.1393639363936393,0.0,0.0563213345039508,0.9108225108225108
2021-05-08 00:45:00+00:00,0.1452707770777077,0.0,0.0560798946444249,0.9073593073593074
2021-05-08 01:00:00+00:00,0.1511776177617761,0.0,0.055838454784899,0.903896103896104
2021-05-08 01:15:00+00:00,0.15776890189018894,0.0,0.0558604038630377,0.9010822510822512
2021-05-08 01:30:00+00:00,0.1643601860186018,0.0,0.0558823529411764,0.8982683982683983
2021-05-08 01:45:00+00:00,0.17095147014701467,0.0,0.05590430201931515,0.8954545454545455
2021-05-08 02:00:00+00:00,0.1775427542754275,0.0,0.0559262510974539,0.8926406926406927
2021-05-08 02:15:00+00:00,0.1803836633663366,0.0,0.05338015803336255,0.8932900432900434
2021-05-08 02:30:00+00:00,0.1832245724572457,0.0,0.0508340649692712,0.893939393939394
2021-05-08 02:45:00+00:00,0.18606548154815478,0.0,0.0482879719051799,0.8945887445887446
2021-05-08 03:00:00+00:00,0.1889063906390639,0.0,0.0457418788410886,0.8952380952380953
2021-05-08 03:15:00+00:00,0.19163478847884785,0.0,0.04062774363476725,0.9015151515151516
2021-05-08 03:30:00+00:00,0.1943631863186318,0.0,0.0355136084284459,0.9077922077922078
2021-05-08 03:45:00+00:00,0.19709158415841582,0.0,0.0303994732221246,0.914069264069264
2021-05-08 04:00:00+00:00,0.1998199819981998,0.0,0.0252853380158033,0.9203463203463204
2021-05-08 04:15:00+00:00,0.2042454245424542,0.0,0.03099209833187,0.9175324675324676
2021-05-08 04:30:00+00:00,0.2086708670867086,0.0,0.0366988586479367,0.9147186147186148
2021-05-08 04:45:00+00:00,0.21309630963096304,0.0,0.04240561896400345,0.911904761904762
2021-05-08 05:00:00+00:00,0.2175217521752175,0.0,0.0481123792800702,0.9090909090909092
2021-05-08 05:15:00+00:00,0.21726860186018598,0.0,0.0987269534679543,0.9175324675324676
2021-05-08 05:30:00+00:00,0.2170154515451545,0.0,0.1493415276558384,0.925974025974026
2021-05-08 05:45:00+00:00,0.216762301230123,0.0,0.1999561018437225,0.9344155844155844
2021-05-08 06:00:00+00:00,0.2165091509150915,0.0,0.2505706760316066,0.9428571428571428
2021-05-08 06:15:00+00:00,0.21704357935793572,0.0,0.32447322212467067,0.9432900432900433
2021-05-08 06:30:00+00:00,0.21757800780078,0.0,0.3983757682177348,0.9437229437229436
2021-05-08 06:45:00+00:00,0.2181124362436243,0.0,0.4722783143107989,0.944155844155844
2021-05-08 07:00:00+00:00,0.2186468646864686,0.0,0.546180860403863,0.9445887445887444
2021-05-08 07:15:00+00:00,0.2266351635163516,0.0,0.5959833187006145,0.9396103896103896
2021-05-08 07:30:00+00:00,0.2346234623462346,0.0,0.6457857769973661,0.9346320346320346
2021-05-08 07:45:00+00:00,0.2426117611761176,0.0,0.6955882352941176,0.9296536796536796
2021-05-08 08:00:00+00:00,0.2506000600060006,0.0,0.7453906935908692,0.9246753246753248
2021-05-08 08:15:00+00:00,0.2678517851785178,0.0,0.7644644424934153,0.9194805194805196
2021-05-08 08:30:00+00:00,0.2851035103510351,0.0,0.7835381913959614,0.9142857142857144
2021-05-08 08:45:00+00:00,0.30235523552355237,0.0,0.8026119402985075,0.9090909090909092
2021-05-08 09:00:00+00:00,0.3196069606960696,0.0,0.8216856892010536,0.903896103896104
2021-05-08 09:15:00+00:00,0.3372899789978998,0.0,0.8317164179104477,0.8997835497835498
2021-05-08 09:30:00+00:00,0.35497299729973,0.0,0.841747146619842,0.8956709956709957
2021-05-08 09:45:00+00:00,0.37265601560156014,0.0,0.8517778753292362,0.8915584415584417
2021-05-08 10:00:00+00:00,0.3903390339033903,0.0,0.8618086040386304,0.8874458874458875
2021-05-08 10:15:00+00:00,0.3947082208220821,0.0,0.8562554872695347,0.8792207792207792
2021-05-08 10:30:00+00:00,0.399077407740774,0.0,0.850702370500439,0.870995670995671
2021-05-08 10:45:00+00:00,0.40344659465946586,0.0,0.8451492537313432,0.8627705627705627
2021-05-08 11:00:00+00:00,0.4078157815781578,0.0,0.8395961369622476,0.8545454545454545
2021-05-08 11:15:00+00:00,0.39164228922892286,0.0,0.8378841088674276,0.8474025974025974
2021-05-08 11:30:00+00:00,0.3754687968796879,0.0,0.8361720807726075,0.8402597402597403
2021-05-08 11:45:00+00:00,0.359295304530453,0.0,0.8344600526777876,0.8331168831168831
2021-05-08 12:00:00+00:00,0.3431218121812181,0.0,0.8327480245829675,0.825974025974026
2021-05-08 12:15:00+00:00,0.33841509150915094,0.0,0.8287971905179983,0.8283549783549784
2021-05-08 12:30:00+00:00,0.3337083708370837,0.0,0.824846356453029,0.8307359307359308
2021-05-08 12:45:00+00:00,0.3290016501650165,0.0,0.8208955223880596,0.8331168831168831
2021-05-08 13:00:00+00:00,0.3242949294929493,0.0,0.8169446883230904,0.8354978354978355
2021-05-08 13:15:00+00:00,0.3255700570057005,0.0,0.805289727831431,0.8365800865800865
2021-05-08 13:30:00+00:00,0.3268451845184518,0.0,0.7936347673397717,0.8376623376623377
2021-05-08 13:45:00+00:00,0.32812031203120307,0.0,0.7819798068481123,0.8387445887445888
2021-05-08 14:00:00+00:00,0.3293954395439544,0.0,0.770324846356453,0.8398268398268398
2021-05-08 14:15:00+00:00,0.3362586258625862,0.0,0.7516681299385426,0.8437229437229437
2021-05-08 14:30:00+00:00,0.343121812181218,0.0,0.7330114135206321,0.8476190476190476
2021-05-08 14:45:00+00:00,0.3499849984998499,0.0,0.7143546971027217,0.8515151515151516
2021-05-08 15:00:00+00:00,0.3568481848184818,0.0,0.6956979806848113,0.8554112554112554
2021-05-08 15:15:00+00:00,0.38499474947494744,0.0,0.6589113257243195,0.8584415584415584
2021-05-08 15:30:00+00:00,0.4131413141314131,0.0,0.6221246707638279,0.8614718614718615
2021-05-08 15:45:00+00:00,0.44128787878787873,0.0,0.5853380158033363,0.8645021645021644
2021-05-08 16:00:00+00:00,0.4694344434443444,0.0,0.5485513608428446,0.8675324675324675
2021-05-08 16:15:00+00:00,0.4677467746774676,0.0,0.4965978928884987,0.8751082251082252
2021-05-08 16:30:00+00:00,0.4660591059105909,0.0,0.4446444249341528,0.8826839826839827
2021-05-08 16:45:00+00:00,0.46437143714371426,0.0,0.3926909569798068,0.8902597402597403
2021-05-08 17:00:00+00:00,0.4626837683768376,0.0,0.3407374890254609,0.8978354978354979
2021-05-08 17:15:00+00:00,0.4582301980198019,0.0,0.28900351185250217,0.9010822510822512
2021-05-08 17:30:00+00:00,0.4537766276627663,0.0,0.2372695346795434,0.9043290043290044
2021-05-08 17:45:00+00:00,0.4493230573057306,0.0,0.18553555750658468,0.9075757575757576
2021-05-08 18:00:00+00:00,0.4448694869486949,0.0,0.133801580333626,0.9108225108225108
2021-05-08 18:15:00+00:00,0.4417754275427543,0.0,0.1138059701492537,0.9082251082251082
2021-05-08 18:30:00+00:00,0.4386813681368137,0.0,0.0938103599648814,0.9056277056277056
2021-05-08 18:45:00+00:00,0.4355873087308731,0.0,0.07381474978050916,0.9030303030303031
2021-05-08 19:00:00+00:00,0.4324932493249325,0.0,0.0538191395961369,0.9004329004329005
2021-05-08 19:15:00+00:00,0.44169104410441046,0.0,0.051075504828797094,0.8948051948051948
2021-05-08 19:30:00+00:00,0.4508888388838884,0.0,0.0483318700614573,0.8891774891774892
2021-05-08 19:45:00+00:00,0.46008663366336633,0.0,0.04558823529411755,0.8835497835497835
2021-05-08 20:00:00+00:00,0.4692844284428443,0.0,0.0428446005267778,0.8779220779220779
2021-05-08 20:15:00+00:00,0.4723128562856286,0.0,0.04148375768217725,0.8807359307359307
2021-05-08 20:30:00+00:00,0.4753412841284128,0.0,0.0401229148375767,0.8835497835497835
2021-05-08 20:45:00+00:00,0.4783697119711971,0.0,0.038762071992976196,0.8863636363636364
2021-05-08 21:00:00+00:00,0.4813981398139814,0.0,0.0374012291483757,0.8891774891774892
2021-05-08 21:15:00+00:00,0.48210133513351333,0.0,0.0347453906935908,0.8831168831168832
2021-05-08 21:30:00+00:00,0.4828045304530453,0.0,0.0320895522388059,0.8770562770562771
2021-05-08 21:45:00+00:00,0.4835077257725773,0.0,0.029433713784021,0.870995670995671
2021-05-08 22:00:00+00:00,0.4842109210921092,0.0,0.0267778753292361,0.8649350649350649
2021-05-08 22:15:00+00:00,0.47504125412541254,0.0,0.02440737489025455,0.8651515151515151
2021-05-08 22:30:00+00:00,0.4658715871587158,0.0,0.022036874451273,0.8653679653679653
2021-05-08 22:45:00+00:00,0.45670192019201916,0.0,0.01966637401229145,0.8655844155844156
2021-05-08 23:00:00+00:00,0.4475322532253225,0.0,0.0172958735733099,0.8658008658008658
2021-05-08 23:15:00+00:00,0.4390845334533453,0.0,0.0149253731343283,0.8666666666666667
2021-05-08 23:30:00+00:00,0.4306368136813681,0.0,0.0125548726953467,0.8675324675324676
2021-05-08 23:45:00+00:00,0.42218909390939086,0.0,0.01018437225636515,0.8683982683982685
2021-05-09 00:00:00+00:00,0.4137413741374137,0.0,0.0078138718173836,0.8692640692640693
2021-05-09 00:15:00+00:00,0.401571407140714,0.0,0.00680421422300255,0.8681818181818182
2021-05-09 00:30:00+00:00,0.3894014401440143,0.0,0.0057945566286215,0.8670995670995671
2021-05-09 00:45:00+00:00,0.37723147314731464,0.0,0.0047848990342405,0.866017316017316
2021-05-09 01:00:00+00:00,0.365061506150615,0.0,0.0037752414398595,0.8649350649350649
2021-05-09 01:15:00+00:00,0.3534072157215721,0.0,0.0036874451273046,0.8686147186147186
2021-05-09 01:30:00+00:00,0.3417529252925292,0.0,0.0035996488147497,0.8722943722943723
2021-05-09 01:45:00+00:00,0.33009863486348634,0.0,0.00351185250219485,0.875974025974026
2021-05-09 02:00:00+00:00,0.3184443444344434,0.0,0.00342405618964,0.8796536796536797
2021-05-09 02:15:00+00:00,0.3281765676567656,0.0,0.0029631255487269,0.8807359307359308
2021-05-09 02:30:00+00:00,0.3379087908790879,0.0,0.0025021949078138,0.8818181818181818
2021-05-09 02:45:00+00:00,0.34764101410141013,0.0,0.00204126426690075,0.8829004329004329
2021-05-09 03:00:00+00:00,0.3573732373237324,0.0,0.0015803336259877,0.883982683982684
2021-05-09 03:15:00+00:00,0.34998499849985,0.0,0.0013388937664618001,0.8861471861471861
2021-05-09 03:30:00+00:00,0.3425967596759676,0.0,0.0010974539069359,0.8883116883116884
2021-05-09 03:45:00+00:00,0.3352085208520852,0.0,0.00085601404741,0.8904761904761905
2021-05-09 04:00:00+00:00,0.3278202820282028,0.0,0.0006145741878841,0.8926406926406927
2021-05-09 04:15:00+00:00,0.32077895289528946,0.0,0.0038849868305531002,0.8935064935064936
2021-05-09 04:30:00+00:00,0.3137376237623762,0.0,0.0071553994732221,0.8943722943722944
2021-05-09 04:45:00+00:00,0.30669629462946285,0.0,0.0104258121158911,0.8952380952380952
2021-05-09 05:00:00+00:00,0.2996549654965496,0.0,0.0136962247585601,0.8961038961038961
2021-05-09 05:15:00+00:00,0.29981435643564347,0.0,0.02996049165935025,0.8956709956709956
2021-05-09 05:30:00+00:00,0.2999737473747373,0.0,0.0462247585601404,0.8952380952380952
2021-05-09 05:45:00+00:00,0.30013313831383126,0.0,0.062489025460930596,0.8948051948051947
2021-05-09 06:00:00+00:00,0.3002925292529252,0.0,0.0787532923617208,0.8943722943722944
2021-05-09 06:15:00+00:00,0.3046335883588358,0.0,0.10594820017559255,0.8941558441558441
2021-05-09 06:30:00+00:00,0.3089746474647464,0.0,0.1331431079894643,0.8939393939393939
2021-05-09 06:45:00+00:00,0.313315706570657,0.0,0.16033801580333615,0.8937229437229437
2021-05-09 07:00:00+00:00,0.3176567656765676,0.0,0.187532923617208,0.8935064935064935
2021-05-09 07:15:00+00:00,0.32527940294029395,0.0,0.20939420544337128,0.8939393939393939
2021-05-09 07:30:00+00:00,0.3329020402040203,0.0,0.2312554872695346,0.8943722943722944
2021-05-09 07:45:00+00:00,0.34052467746774673,0.0,0.2531167690956979,0.8948051948051948
2021-05-09 08:00:00+00:00,0.3481473147314731,0.0,0.2749780509218613,0.8952380952380953
2021-05-09 08:15:00+00:00,0.3529290429042904,0.0,0.2901229148375768,0.8961038961038961
2021-05-09 08:30:00+00:00,0.3577107710771077,0.0,0.3052677787532923,0.896969696969697
2021-05-09 08:45:00+00:00,0.362492499249925,0.0,0.3204126426690078,0.8978354978354979
2021-05-09 09:00:00+00:00,0.3672742274227423,0.0,0.3355575065847234,0.8987012987012987
2021-05-09 09:15:00+00:00,0.37575007500750074,0.0,0.34969271290605786,0.8971861471861471
2021-05-09 09:30:00+00:00,0.3842259225922592,0.0,0.3638279192273924,0.8956709956709956
2021-05-09 09:45:00+00:00,0.3927017701770177,0.0,0.3779631255487269,0.8941558441558441
2021-05-09 10:00:00+00:00,0.4011776177617762,0.0,0.3920983318700614,0.8926406926406927
2021-05-09 10:15:00+00:00,0.40625,0.0,0.3954565408252853,0.8902597402597403
2021-05-09 10:30:00+00:00,0.4113223822382238,0.0,0.3988147497805092,0.8878787878787879
2021-05-09 10:45:00+00:00,0.41639476447644763,0.0,0.4021729587357331,0.8854978354978356
2021-05-09 11:00:00+00:00,0.4214671467146714,0.0,0.405531167690957,0.8831168831168831
2021-05-09 11:15:00+00:00,0.41776365136513643,0.0,0.4099429323968393,0.881168831168831
2021-05-09 11:30:00+00:00,0.4140601560156015,0.0,0.4143546971027216,0.8792207792207791
2021-05-09 11:45:00+00:00,0.4103566606660666,0.0,0.418766461808604,0.8772727272727272
2021-05-09 12:00:00+00:00,0.4066531653165317,0.0,0.4231782265144864,0.8753246753246753
2021-05-09 12:15:00+00:00,0.3963490099009901,0.0,0.412379280070237,0.8766233766233766
2021-05-09 12:30:00+00:00,0.3860448544854485,0.0,0.4015803336259876,0.8779220779220779
2021-05-09 12:45:00+00:00,0.3757406990699069,0.0,0.39078138718173827,0.8792207792207791
2021-05-09 13:00:00+00:00,0.3654365436543654,0.0,0.379982440737489,0.8805194805194805
2021-05-09 13:15:00+00:00,0.3448938643864386,0.0,0.38118964003511846,0.88008658008658
2021-05-09 13:30:00+00:00,0.3243511851185118,0.0,0.382396839332748,0.8796536796536796
2021-05-09 13:45:00+00:00,0.303808505850585,0.0,0.3836040386303775,0.8792207792207791
2021-05-09 14:00:00+00:00,0.2832658265826582,0.0,0.384811237928007,0.8787878787878788
2021-05-09 14:15:00+00:00,0.3022052205220521,0.0,0.3781826163301141,0.8805194805194805
2021-05-09 14:30:00+00:00,0.3211446144614461,0.0,0.3715539947322212,0.8822510822510823
2021-05-09 14:45:00+00:00,0.3400840084008401,0.0,0.3649253731343284,0.883982683982684
2021-05-09 15:00:00+00:00,0.359023402340234,0.0,0.3582967515364355,0.8857142857142857
2021-05-09 15:15:00+00:00,0.38051305130513047,0.0,0.34688323090430195,0.8859307359307359
2021-05-09 15:30:00+00:00,0.402002700270027,0.0,0.3354697102721685,0.8861471861471861
2021-05-09 15:45:00+00:00,0.4234923492349235,0.0,0.324056189640035,0.8863636363636364
2021-05-09 16:00:00+00:00,0.44498199819982,0.0,0.3126426690079016,0.8865800865800866
2021-05-09 16:15:00+00:00,0.4589427692769277,0.0,0.29240561896400347,0.8917748917748918
2021-05-09 16:30:00+00:00,0.4729035403540354,0.0,0.2721685689201053,0.896969696969697
2021-05-09 16:45:00+00:00,0.48686431143114317,0.0,0.25193151887620713,0.9021645021645022
2021-05-09 17:00:00+00:00,0.5008250825082509,0.0,0.231694468832309,0.9073593073593074
2021-05-09 17:15:00+00:00,0.50249399939994,0.0,0.1959613696224758,0.9246753246753248
2021-05-09 17:30:00+00:00,0.5041629162916292,0.0,0.1602282704126426,0.941991341991342
2021-05-09 17:45:00+00:00,0.5058318331833184,0.0,0.12449517120280945,0.9593073593073593
2021-05-09 18:00:00+00:00,0.5075007500750075,0.0,0.0887620719929763,0.9766233766233766
2021-05-09 18:15:00+00:00,0.49901552655265524,0.0,0.0705662862159789,0.9824675324675325
2021-05-09 18:30:00+00:00,0.490530303030303,0.0,0.0523705004389815,0.9883116883116884
2021-05-09 18:45:00+00:00,0.4820450795079508,0.0,0.03417471466198415,0.9941558441558442
2021-05-09 19:00:00+00:00,0.4735598559855986,0.0,0.0159789288849868,1.0
2021-05-09 19:15:00+00:00,0.4637432493249325,0.0,0.01244512730465315,1.0
2021-05-09 19:30:00+00:00,0.4539266426642664,0.0,0.0089113257243195,1.0
2021-05-09 19:45:00+00:00,0.44411003600360033,0.0,0.0053775241439858994,1.0
2021-05-09 20:00:00+00:00,0.4342934293429343,0.0,0.0018437225636523,1.0
2021-05-09 20:15:00+00:00,0.42499249924992494,0.0,0.0017339771729587001,1.0
2021-05-09 20:30:00+00:00,0.4156915691569156,0.0,0.0016242317822651,1.0
2021-05-09 20:45:00+00:00,0.40639063906390627,0.0,0.0015144863915714998,1.0
2021-05-09 21:00:00+00:00,0.397089708970897,0.0,0.0014047410008779,1.0
2021-05-09 21:15:00+00:00,0.3900577557755775,0.0,0.0014047410008779,0.9922077922077922
2021-05-09 21:30:00+00:00,0.383025802580258,0.0,0.0014047410008779,0.9844155844155844
2021-05-09 21:45:00+00:00,0.3759938493849384,0.0,0.0014047410008779,0.9766233766233766
2021-05-09 22:00:00+00:00,0.3689618961896189,0.0,0.0014047410008779,0.9688311688311688
2021-05-09 22:15:00+00:00,0.3627081458145814,0.0,0.0014047410008779,0.9738095238095238
2021-05-09 22:30:00+00:00,0.3564543954395439,0.0,0.0014047410008779,0.9787878787878788
2021-05-09 22:45:00+00:00,0.3502006450645064,0.0,0.0014047410008779,0.9837662337662338
2021-05-09 23:00:00+00:00,0.3439468946894689,0.0,0.0014047410008779,0.9887445887445888
2021-05-09 23:15:00+00:00,0.3359585958595859,0.0,0.0014047410008779,0.9885281385281386
2021-05-09 23:30:00+00:00,0.3279702970297029,0.0,0.0014047410008779,0.9883116883116884
2021-05-09 23:45:00+00:00,0.31998199819981993,0.0,0.0014047410008779,0.9880952380952382
2021-05-10 00:00:00+00:00,0.311993699369937,0.0,0.0014047410008779,0.987878787878788
2021-05-10 00:15:00+00:00,0.3059274677467747,0.0,0.0014047410008779,0.9874458874458876
2021-05-10 00:30:00+00:00,0.2998612361236124,0.0,0.0014047410008779,0.987012987012987
2021-05-10 00:45:00+00:00,0.29379500450045004,0.0,0.0014047410008779,0.9865800865800864
2021-05-10 01:00:00+00:00,0.2877287728772877,0.0,0.0014047410008779,0.986147186147186
2021-05-10 01:15:00+00:00,0.2785122262226222,0.0,0.0013827919227391498,0.9857142857142855
2021-05-10 01:30:00+00:00,0.2692956795679567,0.0,0.0013608428446004,0.9852813852813852
2021-05-10 01:45:00+00:00,0.2600791329132912,0.0,0.0013388937664617,0.9848484848484849
2021-05-10 02:00:00+00:00,0.2508625862586258,0.0,0.001316944688323,0.9844155844155844
2021-05-10 02:15:00+00:00,0.24384938493849373,0.0,0.0013388937664617,0.983982683982684
2021-05-10 02:30:00+00:00,0.2368361836183617,0.0,0.0013608428446004,0.9835497835497836
2021-05-10 02:45:00+00:00,0.22982298229822976,0.0,0.0013827919227391498,0.9831168831168833
2021-05-10 03:00:00+00:00,0.2228097809780978,0.0,0.0014047410008779,0.9826839826839828
2021-05-10 03:15:00+00:00,0.21859060906090605,0.0,0.0013827919227391498,0.9870129870129871
2021-05-10 03:30:00+00:00,0.2143714371437143,0.0,0.0013608428446004,0.9913419913419914
2021-05-10 03:45:00+00:00,0.21015226522652258,0.0,0.0013388937664617,0.9956709956709957
2021-05-10 04:00:00+00:00,0.2059330933093309,0.0,0.001316944688323,1.0
2021-05-10 04:15:00+00:00,0.2048923642364236,0.0,0.0081870061457418,1.0
2021-05-10 04:30:00+00:00,0.2038516351635163,0.0,0.0150570676031606,1.0
2021-05-10 04:45:00+00:00,0.20281090609060898,0.0,0.0219271290605794,1.0
2021-05-10 05:00:00+00:00,0.2017701770177017,0.0,0.0287971905179982,1.0
2021-05-10 05:15:00+00:00,0.19540391539153912,0.0,0.07104916593503065,1.0
2021-05-10 05:30:00+00:00,0.1890376537653765,0.0,0.1133011413520631,1.0
2021-05-10 05:45:00+00:00,0.1826713921392139,0.0,0.1555531167690956,1.0
2021-05-10 06:00:00+00:00,0.1763051305130513,0.0,0.1978050921861281,1.0
2021-05-10 06:15:00+00:00,0.16961071107110703,0.0,0.246334503950834,1.0
2021-05-10 06:30:00+00:00,0.1629162916291628,0.0,0.2948639157155399,1.0
2021-05-10 06:45:00+00:00,0.15622187218721864,0.0,0.34339332748024576,1.0
2021-05-10 07:00:00+00:00,0.1495274527452745,0.0,0.3919227392449517,1.0
2021-05-10 07:15:00+00:00,0.150558805880588,0.0,0.4363037752414398,1.0
2021-05-10 07:30:00+00:00,0.1515901590159015,0.0,0.480684811237928,1.0
2021-05-10 07:45:00+00:00,0.15262151215121506,0.0,0.5250658472344162,1.0
2021-05-10 08:00:00+00:00,0.1536528652865286,0.0,0.5694468832309043,1.0
2021-05-10 08:15:00+00:00,0.15970034503450342,0.0,0.5759438103599649,1.0
2021-05-10 08:30:00+00:00,0.1657478247824782,0.0,0.5824407374890255,1.0
2021-05-10 08:45:00+00:00,0.171795304530453,0.0,0.588937664618086,1.0
2021-05-10 09:00:00+00:00,0.1778427842784278,0.0,0.5954345917471466,1.0
2021-05-10 09:15:00+00:00,0.18254012901290126,0.0,0.5992098331870062,1.0
2021-05-10 09:30:00+00:00,0.1872374737473747,0.0,0.6029850746268657,1.0
2021-05-10 09:45:00+00:00,0.19193481848184815,0.0,0.6067603160667252,1.0
2021-05-10 10:00:00+00:00,0.1966321632163216,0.0,0.6105355575065847,1.0
2021-05-10 10:15:00+00:00,0.20365474047404736,0.0,0.5988805970149254,1.0
2021-05-10 10:30:00+00:00,0.2106773177317731,0.0,0.587225636523266,1.0
2021-05-10 10:45:00+00:00,0.21769989498949888,0.0,0.5755706760316066,1.0
2021-05-10 11:00:00+00:00,0.2247224722472247,0.0,0.5639157155399473,1.0
2021-05-10 11:15:00+00:00,0.23207320732073206,0.0,0.5695346795434593,1.0
2021-05-10 11:30:00+00:00,0.2394239423942394,0.0,0.5751536435469711,1.0
2021-05-10 11:45:00+00:00,0.24677467746774673,0.0,0.5807726075504829,1.0
2021-05-10 12:00:00+00:00,0.2541254125412541,0.0,0.5863915715539947,1.0
2021-05-10 12:15:00+00:00,0.2611386138613861,0.0,0.5766022827041264,1.0
2021-05-10 12:30:00+00:00,0.2681518151815181,0.0,0.5668129938542581,1.0
2021-05-10 12:45:00+00:00,0.2751650165016501,0.0,0.5570237050043898,1.0
2021-05-10 13:00:00+00:00,0.2821782178217821,0.0,0.5472344161545215,1.0
2021-05-10 13:15:00+00:00,0.29237923792379233,0.0,0.5313432835820895,1.0
2021-05-10 13:30:00+00:00,0.3025802580258026,0.0,0.5154521510096576,1.0
2021-05-10 13:45:00+00:00,0.31278127812781276,0.0,0.49956101843722567,1.0
2021-05-10 14:00:00+00:00,0.322982298229823,0.0,0.4836698858647937,1.0
2021-05-10 14:15:00+00:00,0.33372712271227123,0.0,0.473836698858648,1.0
2021-05-10 14:30:00+00:00,0.3444719471947195,0.0,0.4640035118525022,1.0
2021-05-10 14:45:00+00:00,0.35521677167716775,0.0,0.45417032484635644,1.0
2021-05-10 15:00:00+00:00,0.365961596159616,0.0,0.4443371378402107,1.0
2021-05-10 15:15:00+00:00,0.37021827182718275,0.0,0.4155179982440737,1.0
2021-05-10 15:30:00+00:00,0.3744749474947495,0.0,0.3866988586479367,1.0
2021-05-10 15:45:00+00:00,0.37873162316231623,0.0,0.35787971905179977,1.0
2021-05-10 16:00:00+00:00,0.382988298829883,0.0,0.3290605794556628,1.0
2021-05-10 16:15:00+00:00,0.3888670117011701,0.0,0.2933274802458296,1.0
2021-05-10 16:30:00+00:00,0.3947457245724572,0.0,0.2575943810359964,1.0
2021-05-10 16:45:00+00:00,0.4006244374437443,0.0,0.22186128182616327,1.0
2021-05-10 17:00:00+00:00,0.4065031503150315,0.0,0.1861281826163301,1.0
2021-05-10 17:15:00+00:00,0.4028090309030903,0.0,0.15842844600526773,1.0
2021-05-10 17:30:00+00:00,0.3991149114911491,0.0,0.1307287093942054,1.0
2021-05-10 17:45:00+00:00,0.3954207920792079,0.0,0.10302897278314305,1.0
2021-05-10 18:00:00+00:00,0.3917266726672667,0.0,0.0753292361720807,1.0
2021-05-10 18:15:00+00:00,0.3886138613861385,0.0,0.05981123792800695,1.0
2021-05-10 18:30:00+00:00,0.3855010501050104,0.0,0.0442932396839332,1.0
2021-05-10 18:45:00+00:00,0.38238823882388234,0.0,0.02877524143985945,1.0
2021-05-10 19:00:00+00:00,0.3792754275427543,0.0,0.0132572431957857,1.0
2021-05-10 19:15:00+00:00,0.3818350585058506,0.0,0.011962247585601299,1.0
2021-05-10 19:30:00+00:00,0.3843946894689469,0.0,0.0106672519754169,1.0
2021-05-10 19:45:00+00:00,0.3869543204320432,0.0,0.00937225636523255,1.0
2021-05-10 20:00:00+00:00,0.3895139513951395,0.0,0.0080772607550482,1.0
2021-05-10 20:15:00+00:00,0.3915860336033603,0.0,0.0080772607550482,1.0
2021-05-10 20:30:00+00:00,0.3936581158115811,0.0,0.0080772607550482,1.0
2021-05-10 20:45:00+00:00,0.3957301980198019,0.0,0.0080772607550482,1.0
2021-05-10 21:00:00+00:00,0.3978022802280228,0.0,0.0080772607550482,1.0
2021-05-10 21:15:00+00:00,0.3968646864686468,0.0,0.0080772607550482,1.0
2021-05-10 21:30:00+00:00,0.3959270927092709,0.0,0.0080772607550482,1.0
2021-05-10 21:45:00+00:00,0.394989498949895,0.0,0.0080772607550482,1.0
2021-05-10 22:00:00+00:00,0.394051905190519,0.0,0.0080772607550482,1.0
2021-05-10 22:15:00+00:00,0.39360186018601856,0.0,0.0080772607550482,1.0
2021-05-10 22:30:00+00:00,0.3931518151815181,0.0,0.0080772607550482,1.0
2021-05-10 22:45:00+00:00,0.3927017701770177,0.0,0.0080772607550482,1.0
2021-05-10 23:00:00+00:00,0.3922517251725173,0.0,0.0080772607550482,1.0
2021-05-10 23:15:00+00:00,0.402199594959496,0.0,0.008099209833186901,1.0
2021-05-10 23:30:00+00:00,0.4121474647464746,0.0,0.0081211589113256,1.0
2021-05-10 23:45:00+00:00,0.42209533453345327,0.0,0.00814310798946435,1.0
2021-05-11 00:00:00+00:00,0.432043204320432,0.0,0.0081650570676031,1.0
2021-05-11 00:15:00+00:00,0.43569981998199814,0.0,0.0081650570676031,1.0
2021-05-11 00:30:00+00:00,0.4393564356435643,0.0,0.0081650570676031,1.0
2021-05-11 00:45:00+00:00,0.44301305130513047,0.0,0.0081650570676031,1.0
2021-05-11 01:00:00+00:00,0.4466696669666967,0.0,0.0081650570676031,1.0
2021-05-11 01:15:00+00:00,0.4470728322832283,0.0,0.00761633011413515,1.0
2021-05-11 01:30:00+00:00,0.44747599759976,0.0,0.0070676031606672,1.0
2021-05-11 01:45:00+00:00,0.4478791629162916,0.0,0.00651887620719925,1.0
2021-05-11 02:00:00+00:00,0.4482823282328232,0.0,0.0059701492537313,1.0
2021-05-11 02:15:00+00:00,0.4505700570057005,0.0,0.005816505706760251,1.0
2021-05-11 02:30:00+00:00,0.4528577857785778,0.0,0.0056628621597892,1.0
2021-05-11 02:45:00+00:00,0.45514551455145513,0.0,0.0055092186128182005,1.0
2021-05-11 03:00:00+00:00,0.4574332433243324,0.0,0.0053555750658472,1.0
2021-05-11 03:15:00+00:00,0.4655996849684968,0.0,0.00469710272168565,1.0
2021-05-11 03:30:00+00:00,0.4737661266126612,0.0,0.0040386303775241,1.0
2021-05-11 03:45:00+00:00,0.4819325682568256,0.0,0.00338015803336255,1.0
2021-05-11 04:00:00+00:00,0.4900990099009901,0.0,0.002721685689201,1.0
2021-05-11 04:15:00+00:00,0.49028652865286526,0.0,0.01042581211589105,1.0
2021-05-11 04:30:00+00:00,0.4904740474047404,0.0,0.0181299385425811,1.0
2021-05-11 04:45:00+00:00,0.4906615661566156,0.0,0.025834064969271202,1.0
2021-05-11 05:00:00+00:00,0.4908490849084908,0.0,0.0335381913959613,1.0
2021-05-11 05:15:00+00:00,0.4855329282928292,0.0,0.08331870061457411,1.0
2021-05-11 05:30:00+00:00,0.4802167716771676,0.0,0.1330992098331869,1.0
2021-05-11 05:45:00+00:00,0.47490061506150605,0.0,0.18287971905179976,1.0
2021-05-11 06:00:00+00:00,0.4695844584458445,0.0,0.2326602282704126,1.0
2021-05-11 06:15:00+00:00,0.47243474347434733,0.0,0.29220807726075504,1.0
2021-05-11 06:30:00+00:00,0.4752850285028502,0.0,0.3517559262510974,1.0
2021-05-11 06:45:00+00:00,0.4781353135313531,0.0,0.41130377524143985,1.0
2021-05-11 07:00:00+00:00,0.480985598559856,0.0,0.4708516242317823,1.0
2021-05-11 07:15:00+00:00,0.4856735673567356,0.0,0.5137620719929763,1.0
2021-05-11 07:30:00+00:00,0.4903615361536153,0.0,0.5566725197541703,1.0
2021-05-11 07:45:00+00:00,0.495049504950495,0.0,0.5995829675153643,1.0
2021-05-11 08:00:00+00:00,0.4997374737473747,0.0,0.6424934152765583,1.0
2021-05-11 08:15:00+00:00,0.49799354935493545,0.0,0.6683933274802457,1.0
2021-05-11 08:30:00+00:00,0.4962496249624962,0.0,0.6942932396839332,1.0
2021-05-11 08:45:00+00:00,0.49450570057005694,0.0,0.7201931518876207,1.0
2021-05-11 09:00:00+00:00,0.4927617761776177,0.0,0.7460930640913082,1.0
2021-05-11 09:15:00+00:00,0.493024302430243,0.0,0.7559043020193152,1.0
2021-05-11 09:30:00+00:00,0.4932868286828682,0.0,0.7657155399473222,1.0
2021-05-11 09:45:00+00:00,0.4935493549354935,0.0,0.7755267778753292,1.0
2021-05-11 10:00:00+00:00,0.4938118811881188,0.0,0.7853380158033363,1.0
2021-05-11 10:15:00+00:00,0.49162728772877284,0.0,0.7890035118525023,1.0
2021-05-11 10:30:00+00:00,0.4894426942694269,0.0,0.7926690079016682,1.0
2021-05-11 10:45:00+00:00,0.4872581008100809,0.0,0.796334503950834,1.0
2021-05-11 11:00:00+00:00,0.485073507350735,0.0,0.8,1.0
2021-05-11 11:15:00+00:00,0.48258888388838883,0.0,0.8029411764705883,1.0
2021-05-11 11:30:00+00:00,0.4801042604260426,0.0,0.8058823529411765,1.0
2021-05-11 11:45:00+00:00,0.47761963696369636,0.0,0.8088235294117647,1.0
2021-05-11 12:00:00+00:00,0.4751350135013501,0.0,0.8117647058823529,1.0
2021-05-11 12:15:00+00:00,0.47445057005700564,0.0,0.8188323090430203,1.0
2021-05-11 12:30:00+00:00,0.4737661266126612,0.0,0.8258999122036875,1.0
2021-05-11 12:45:00+00:00,0.4730816831683168,0.0,0.8329675153643548,1.0
2021-05-11 13:00:00+00:00,0.4723972397239724,0.0,0.840035118525022,1.0
2021-05-11 13:15:00+00:00,0.4723784878487849,0.0,0.8418129938542581,1.0
2021-05-11 13:30:00+00:00,0.4723597359735973,0.0,0.8435908691834944,1.0
2021-05-11 13:45:00+00:00,0.4723409840984098,0.0,0.8453687445127305,1.0
2021-05-11 14:00:00+00:00,0.4723222322232223,0.0,0.8471466198419666,1.0
2021-05-11 14:15:00+00:00,0.46423079807980794,0.0,0.8328138718173836,1.0
2021-05-11 14:30:00+00:00,0.4561393639363936,0.0,0.8184811237928007,1.0
2021-05-11 14:45:00+00:00,0.44804792979297925,0.0,0.8041483757682177,1.0
2021-05-11 15:00:00+00:00,0.4399564956495649,0.0,0.7898156277436348,1.0
2021-05-11 15:15:00+00:00,0.43227760276027594,0.0,0.7648595258999122,1.0
2021-05-11 15:30:00+00:00,0.424598709870987,0.0,0.7399034240561897,1.0
2021-05-11 15:45:00+00:00,0.4169198169816981,0.0,0.7149473222124672,1.0
2021-05-11 16:00:00+00:00,0.4092409240924092,0.0,0.6899912203687445,1.0
2021-05-11 16:15:00+00:00,0.40228397839783975,0.0,0.6395741878841088,1.0
2021-05-11 16:30:00+00:00,0.3953270327032703,0.0,0.5891571553994732,1.0
2021-05-11 16:45:00+00:00,0.38837008700870085,0.0,0.5387401229148375,1.0
2021-05-11 17:00:00+00:00,0.3814131413141314,0.0,0.4883230904302019,1.0
2021-05-11 17:15:00+00:00,0.36852122712271224,0.0,0.4160886742756803,1.0
2021-05-11 17:30:00+00:00,0.3556293129312931,0.0,0.3438542581211588,1.0
2021-05-11 17:45:00+00:00,0.3427373987398739,0.0,0.2716198419666373,1.0
2021-05-11 18:00:00+00:00,0.3298454845484548,0.0,0.1993854258121158,1.0
2021-05-11 18:15:00+00:00,0.31946632163216315,0.0,0.16527655838454774,1.0
2021-05-11 18:30:00+00:00,0.3090871587158715,0.0,0.1311676909569797,1.0
2021-05-11 18:45:00+00:00,0.2987079957995799,0.0,0.0970588235294117,1.0
2021-05-11 19:00:00+00:00,0.2883288328832883,0.0,0.0629499561018437,1.0
2021-05-11 19:15:00+00:00,0.2876162616261626,0.0,0.058208955223880546,1.0
2021-05-11 19:30:00+00:00,0.2869036903690369,0.0,0.0534679543459174,1.0
2021-05-11 19:45:00+00:00,0.2861911191119112,0.0,0.0487269534679543,1.0
2021-05-11 20:00:00+00:00,0.2854785478547855,0.0,0.0439859525899912,1.0
2021-05-11 20:15:00+00:00,0.28734435943594355,0.0,0.042361720807726044,1.0
2021-05-11 20:30:00+00:00,0.2892101710171016,0.0,0.0407374890254609,1.0
2021-05-11 20:45:00+00:00,0.29107598259825973,0.0,0.03911325724319575,1.0
2021-05-11 21:00:00+00:00,0.2929417941794179,0.0,0.0374890254609306,1.0
2021-05-11 21:15:00+00:00,0.2977422742274227,0.0,0.037532923617208,1.0
2021-05-11 21:30:00+00:00,0.3025427542754275,0.0,0.0375768217734854,1.0
2021-05-11 21:45:00+00:00,0.3073432343234323,0.0,0.03762071992976285,1.0
2021-05-11 22:00:00+00:00,0.3121437143714371,0.0,0.0376646180860403,1.0
2021-05-11 22:15:00+00:00,0.3128187818781878,0.0,0.038037752414398496,1.0
2021-05-11 22:30:00+00:00,0.3134938493849384,0.0,0.0384108867427567,1.0
2021-05-11 22:45:00+00:00,0.31416891689168913,0.0,0.03878402107111495,1.0
2021-05-11 23:00:00+00:00,0.3148439843984398,0.0,0.0391571553994732,1.0
2021-05-11 23:15:00+00:00,0.3167379237923792,0.0,0.038542581211589044,1.0
2021-05-11 23:30:00+00:00,0.3186318631863186,0.0,0.0379280070237049,1.0
2021-05-11 23:45:00+00:00,0.320525802580258,0.0,0.037313432835820795,1.0
2021-05-12 00:00:00+00:00,0.3224197419741974,0.0,0.0366988586479367,1.0
2021-05-12 00:15:00+00:00,0.3267326732673267,0.0,0.0356233538191395,1.0
2021-05-12 00:30:00+00:00,0.331045604560456,0.0,0.0345478489903423,1.0
2021-05-12 00:45:00+00:00,0.3353585358535853,0.0,0.03347234416154515,1.0
2021-05-12 01:00:00+00:00,0.3396714671467146,0.0,0.032396839332748,1.0
2021-05-12 01:15:00+00:00,0.3465627812781277,0.0,0.03187006145741875,1.0
2021-05-12 01:30:00+00:00,0.3534540954095408,0.0,0.0313432835820895,1.0
2021-05-12 01:45:00+00:00,0.360345409540954,0.0,0.03081650570676025,1.0
2021-05-12 02:00:00+00:00,0.3672367236723672,0.0,0.030289727831431,1.0
2021-05-12 02:15:00+00:00,0.37564693969396934,0.0,0.02938981562774355,1.0
2021-05-12 02:30:00+00:00,0.3840571557155715,0.0,0.0284899034240561,1.0
2021-05-12 02:45:00+00:00,0.3924673717371736,0.0,0.0275899912203687,1.0
2021-05-12 03:00:00+00:00,0.4008775877587758,0.0,0.0266900790166813,1.0
2021-05-12 03:15:00+00:00,0.40190894089408935,0.0,0.02350746268656715,1.0
2021-05-12 03:30:00+00:00,0.4029402940294029,0.0,0.020324846356453,1.0
2021-05-12 03:45:00+00:00,0.40397164716471645,0.0,0.01714223002633885,1.0
2021-05-12 04:00:00+00:00,0.40500300030003,0.0,0.0139596136962247,1.0
2021-05-12 04:15:00+00:00,0.40437481248124807,0.0,0.0167471466198419,1.0
2021-05-12 04:30:00+00:00,0.4037466246624662,0.0,0.0195346795434591,1.0
2021-05-12 04:45:00+00:00,0.4031184368436843,0.0,0.022322212467076302,1.0
2021-05-12 05:00:00+00:00,0.4024902490249025,0.0,0.0251097453906935,1.0
2021-05-12 05:15:00+00:00,0.404027902790279,0.0,0.054389815627743546,1.0
2021-05-12 05:30:00+00:00,0.4055655565556555,0.0,0.0836698858647936,1.0
2021-05-12 05:45:00+00:00,0.407103210321032,0.0,0.11294995610184365,1.0
2021-05-12 06:00:00+00:00,0.4086408640864086,0.0,0.1422300263388937,1.0
2021-05-12 06:15:00+00:00,0.41088171317131705,0.0,0.1906716417910447,1.0
2021-05-12 06:30:00+00:00,0.4131225622562255,0.0,0.2391132572431957,1.0
2021-05-12 06:45:00+00:00,0.4153634113411341,0.0,0.28755487269534674,1.0
2021-05-12 07:00:00+00:00,0.4176042604260426,0.0,0.3359964881474978,1.0
2021-05-12 07:15:00+00:00,0.4209233423342334,0.0,0.38235294117647056,1.0
2021-05-12 07:30:00+00:00,0.4242424242424242,0.0,0.4287093942054434,1.0
2021-05-12 07:45:00+00:00,0.427561506150615,0.0,0.4750658472344162,1.0
2021-05-12 08:00:00+00:00,0.4308805880588058,0.0,0.521422300263389,1.0
2021-05-12 08:15:00+00:00,0.43756563156315625,0.0,0.5397278314310799,1.0
2021-05-12 08:30:00+00:00,0.4442506750675067,0.0,0.5580333625987709,1.0
2021-05-12 08:45:00+00:00,0.45093571857185716,0.0,0.5763388937664619,1.0
2021-05-12 09:00:00+00:00,0.4576207620762076,0.0,0.5946444249341528,1.0
2021-05-12 09:15:00+00:00,0.47185343534353436,0.0,0.6146619841966638,1.0
2021-05-12 09:30:00+00:00,0.4860861086108611,0.0,0.6346795434591748,1.0
2021-05-12 09:45:00+00:00,0.5003187818781878,0.0,0.6546971027216857,1.0
2021-05-12 10:00:00+00:00,0.5145514551455146,0.0,0.6747146619841967,1.0
2021-05-12 10:15:00+00:00,0.5229241674167417,0.0,0.6864574187884109,1.0
2021-05-12 10:30:00+00:00,0.5312968796879688,0.0,0.6982001755926251,1.0
2021-05-12 10:45:00+00:00,0.5396695919591958,0.0,0.7099429323968394,1.0
2021-05-12 11:00:00+00:00,0.548042304230423,0.0,0.7216856892010536,1.0
2021-05-12 11:15:00+00:00,0.5522614761476148,0.0,0.7318261633011414,0.9980519480519481
2021-05-12 11:30:00+00:00,0.5564806480648065,0.0,0.7419666374012291,0.9961038961038962
2021-05-12 11:45:00+00:00,0.5606998199819981,0.0,0.7521071115013169,0.9941558441558442
2021-05-12 12:00:00+00:00,0.5649189918991899,0.0,0.7622475856014047,0.9922077922077922
2021-05-12 12:15:00+00:00,0.5526740174017402,0.0,0.7633011413520632,0.9893939393939393
2021-05-12 12:30:00+00:00,0.5404290429042904,0.0,0.7643546971027217,0.9865800865800864
2021-05-12 12:45:00+00:00,0.5281840684068406,0.0,0.7654082528533802,0.9837662337662336
2021-05-12 13:00:00+00:00,0.515939093909391,0.0,0.7664618086040387,0.9809523809523808
2021-05-12 13:15:00+00:00,0.5104822982298229,0.0,0.7591088674275681,0.9805194805194803
2021-05-12 13:30:00+00:00,0.505025502550255,0.0,0.7517559262510976,0.98008658008658
2021-05-12 13:45:00+00:00,0.49956870687068705,0.0,0.744402985074627,0.9796536796536797
2021-05-12 14:00:00+00:00,0.4941119111911191,0.0,0.7370500438981563,0.9792207792207792
2021-05-12 14:15:00+00:00,0.49966246624662464,0.0,0.7237928007023706,0.9798701298701299
2021-05-12 14:30:00+00:00,0.5052130213021302,0.0,0.7105355575065848,0.9805194805194806
2021-05-12 14:45:00+00:00,0.5107635763576357,0.0,0.697278314310799,0.9811688311688311
2021-05-12 15:00:00+00:00,0.5163141314131413,0.0,0.6840210711150132,0.9818181818181818
2021-05-12 15:15:00+00:00,0.5350941344134413,0.0,0.6619841966637401,0.9857142857142858
2021-05-12 15:30:00+00:00,0.5538741374137414,0.0,0.6399473222124671,0.9896103896103896
2021-05-12 15:45:00+00:00,0.5726541404140414,0.0,0.6179104477611941,0.9935064935064934
2021-05-12 16:00:00+00:00,0.5914341434143414,0.0,0.595873573309921,0.9974025974025974
2021-05-12 16:15:00+00:00,0.590984098409841,0.0,0.5476294995610184,0.9980519480519481
2021-05-12 16:30:00+00:00,0.5905340534053406,0.0,0.4993854258121158,0.9987012987012986
2021-05-12 16:45:00+00:00,0.5900840084008401,0.0,0.4511413520632133,0.9993506493506493
2021-05-12 17:00:00+00:00,0.5896339633963397,0.0,0.4028972783143108,1.0
2021-05-12 17:15:00+00:00,0.5768639363936394,0.0,0.3460491659350307,1.0
2021-05-12 17:30:00+00:00,0.5640939093909392,0.0,0.2892010535557506,1.0
2021-05-12 17:45:00+00:00,0.5513238823882389,0.0,0.23235294117647054,1.0
2021-05-12 18:00:00+00:00,0.5385538553855386,0.0,0.1755048287971905,1.0
2021-05-12 18:15:00+00:00,0.5207677017701771,0.0,0.1458296751536435,1.0
2021-05-12 18:30:00+00:00,0.5029815481548154,0.0,0.1161545215100965,1.0
2021-05-12 18:45:00+00:00,0.48519539453945393,0.0,0.08647936786654956,1.0
2021-05-12 19:00:00+00:00,0.4674092409240924,0.0,0.0568042142230026,1.0
2021-05-12 19:15:00+00:00,0.4589333933393339,0.0,0.052370500438981504,1.0
2021-05-12 19:30:00+00:00,0.4504575457545755,0.0,0.0479367866549604,1.0
2021-05-12 19:45:00+00:00,0.441981698169817,0.0,0.04350307287093935,1.0
2021-05-12 20:00:00+00:00,0.4335058505850585,0.0,0.0390693590869183,1.0
2021-05-12 20:15:00+00:00,0.4266520402040204,0.0,0.03683055311676905,1.0
2021-05-12 20:30:00+00:00,0.4197982298229823,0.0,0.0345917471466198,1.0
2021-05-12 20:45:00+00:00,0.4129444194419442,0.0,0.03235294117647055,1.0
2021-05-12 21:00:00+00:00,0.4060906090609061,0.0,0.0301141352063213,1.0
2021-05-12 21:15:00+00:00,0.40267776777677766,0.0,0.0284460052677787,1.0
2021-05-12 21:30:00+00:00,0.3992649264926492,0.0,0.0267778753292361,1.0
2021-05-12 21:45:00+00:00,0.3958520852085208,0.0,0.02510974539069355,1.0
2021-05-12 22:00:00+00:00,0.3924392439243924,0.0,0.023441615452151,1.0
2021-05-12 22:15:00+00:00,0.3885388538853885,0.0,0.0228709394205443,1.0
2021-05-12 22:30:00+00:00,0.3846384638463846,0.0,0.0223002633889376,1.0
2021-05-12 22:45:00+00:00,0.3807380738073807,0.0,0.02172958735733095,1.0
2021-05-12 23:00:00+00:00,0.3768376837683768,0.0,0.0211589113257243,1.0
2021-05-12 23:15:00+00:00,0.37008700870086997,0.0,0.0204565408252853,1.0
2021-05-12 23:30:00+00:00,0.3633363336333632,0.0,0.0197541703248463,1.0
2021-05-12 23:45:00+00:00,0.3565856585658565,0.0,0.0190517998244073,1.0
2021-05-13 00:00:00+00:00,0.3498349834983498,0.0,0.0183494293239683,1.0
2021-05-13 00:15:00+00:00,0.34604710471047095,0.0,0.017866549604916498,1.0
2021-05-13 00:30:00+00:00,0.3422592259225921,0.0,0.0173836698858647,1.0
2021-05-13 00:45:00+00:00,0.33847134713471333,0.0,0.0169007901668129,1.0
2021-05-13 01:00:00+00:00,0.3346834683468346,0.0,0.0164179104477611,1.0
2021-05-13 01:15:00+00:00,0.3331176867686768,0.0,0.01536435469710265,0.9997835497835498
2021-05-13 01:30:00+00:00,0.331551905190519,0.0,0.0143107989464442,0.9995670995670995
2021-05-13 01:45:00+00:00,0.32998612361236124,0.0,0.01325724319578575,0.9993506493506494
2021-05-13 02:00:00+00:00,0.3284203420342034,0.0,0.0122036874451273,0.9991341991341992
2021-05-13 02:15:00+00:00,0.3228135313531353,0.0,0.0117647058823529,0.9993506493506493
2021-05-13 02:30:00+00:00,0.3172067206720672,0.0,0.0113257243195785,0.9995670995670995
2021-05-13 02:45:00+00:00,0.31159990999099907,0.0,0.01088674275680415,0.9997835497835498
2021-05-13 03:00:00+00:00,0.305993099309931,0.0,0.0104477611940298,1.0
2021-05-13 03:15:00+00:00,0.30587121212121215,0.0,0.0090430201931518,1.0
2021-05-13 03:30:00+00:00,0.3057493249324933,0.0,0.0076382791922738,1.0
2021-05-13 03:45:00+00:00,0.30562743774377443,0.0,0.00623353819139585,1.0
2021-05-13 04:00:00+00:00,0.3055055505550555,0.0,0.0048287971905179,1.0
2021-05-13 04:15:00+00:00,0.3055336783678368,0.0,0.013608428446005152,1.0
2021-05-13 04:30:00+00:00,0.305561806180618,0.0,0.0223880597014924,1.0
2021-05-13 04:45:00+00:00,0.30558993399339934,0.0,0.0311676909569797,1.0
2021-05-13 05:00:00+00:00,0.3056180618061806,0.0,0.039947322212467,1.0
2021-05-13 05:15:00+00:00,0.30191456645664566,0.0,0.09341527655838444,1.0
2021-05-13 05:30:00+00:00,0.2982110711071107,0.0,0.1468832309043019,1.0
2021-05-13 05:45:00+00:00,0.29450757575757575,0.0,0.2003511852502194,1.0
2021-05-13 06:00:00+00:00,0.2908040804080408,0.0,0.2538191395961369,1.0
2021-05-13 06:15:00+00:00,0.2918260576057605,0.0,0.32982879719051794,1.0
2021-05-13 06:30:00+00:00,0.2928480348034803,0.0,0.405838454784899,1.0
2021-05-13 06:45:00+00:00,0.2938700120012001,0.0,0.48184811237928005,1.0
2021-05-13 07:00:00+00:00,0.2948919891989199,0.0,0.5578577699736611,1.0
2021-05-13 07:15:00+00:00,0.29853922892289225,0.0,0.6167690956979807,1.0
2021-05-13 07:30:00+00:00,0.3021864686468646,0.0,0.6756804214223002,1.0
2021-05-13 07:45:00+00:00,0.305833708370837,0.0,0.7345917471466198,1.0
2021-05-13 08:00:00+00:00,0.3094809480948094,0.0,0.7935030728709395,1.0
2021-05-13 08:15:00+00:00,0.30947157215721566,0.0,0.8134547848990343,1.0
2021-05-13 08:30:00+00:00,0.3094621962196219,0.0,0.8334064969271291,1.0
2021-05-13 08:45:00+00:00,0.30945282028202814,0.0,0.8533582089552239,1.0
2021-05-13 09:00:00+00:00,0.3094434443444344,0.0,0.8733099209833187,1.0
2021-05-13 09:15:00+00:00,0.31746924692469236,0.0,0.8787752414398595,1.0
2021-05-13 09:30:00+00:00,0.3254950495049504,0.0,0.8842405618964004,1.0
2021-05-13 09:45:00+00:00,0.33352085208520843,0.0,0.8897058823529412,1.0
2021-05-13 10:00:00+00:00,0.3415466546654665,0.0,0.895171202809482,1.0
2021-05-13 10:15:00+00:00,0.3471722172217221,0.0,0.8956979806848113,1.0
2021-05-13 10:30:00+00:00,0.3527977797779777,0.0,0.8962247585601405,1.0
2021-05-13 10:45:00+00:00,0.35842334233423334,0.0,0.8967515364354697,1.0
2021-05-13 11:00:00+00:00,0.364048904890489,0.0,0.897278314310799,1.0
2021-05-13 11:15:00+00:00,0.3686243624362435,0.0,0.8871597892888499,0.9978354978354977
2021-05-13 11:30:00+00:00,0.3731998199819981,0.0,0.8770412642669008,0.9956709956709956
2021-05-13 11:45:00+00:00,0.3777752775277527,0.0,0.8669227392449517,0.9935064935064934
2021-05-13 12:00:00+00:00,0.3823507350735073,0.0,0.8568042142230027,0.9913419913419912
2021-05-13 12:15:00+00:00,0.3852010201020102,0.0,0.8320017559262511,0.993073593073593
2021-05-13 12:30:00+00:00,0.388051305130513,0.0,0.8071992976294996,0.9948051948051948
2021-05-13 12:45:00+00:00,0.3909015901590158,0.0,0.7823968393327481,0.9965367965367966
2021-05-13 13:00:00+00:00,0.3937518751875187,0.0,0.7575943810359965,0.9982683982683984
2021-05-13 13:15:00+00:00,0.394595709570957,0.0,0.7322212467076383,0.9987012987012989
2021-05-13 13:30:00+00:00,0.3954395439543954,0.0,0.70684811237928,0.9991341991341992
2021-05-13 13:45:00+00:00,0.3962833783378337,0.0,0.6814749780509218,0.9995670995670995
2021-05-13 14:00:00+00:00,0.3971272127212721,0.0,0.6561018437225636,1.0
2021-05-13 14:15:00+00:00,0.3992274227422742,0.0,0.6332309043020193,1.0
2021-05-13 14:30:00+00:00,0.4013276327632763,0.0,0.610359964881475,1.0
2021-05-13 14:45:00+00:00,0.4034278427842784,0.0,0.5874890254609306,1.0
2021-05-13 15:00:00+00:00,0.4055280528052805,0.0,0.5646180860403863,1.0
2021-05-13 15:15:00+00:00,0.4076751425142514,0.0,0.5345258999122037,1.0
2021-05-13 15:30:00+00:00,0.4098222322232223,0.0,0.504433713784021,1.0
2021-05-13 15:45:00+00:00,0.41196932193219316,0.0,0.4743415276558384,1.0
2021-05-13 16:00:00+00:00,0.4141164116411641,0.0,0.4442493415276558,1.0
2021-05-13 16:15:00+00:00,0.4114630213021302,0.0,0.40531167690956976,1.0
2021-05-13 16:30:00+00:00,0.4088096309630963,0.0,0.3663740122914837,1.0
2021-05-13 16:45:00+00:00,0.4061562406240624,0.0,0.3274363476733977,1.0
2021-05-13 17:00:00+00:00,0.4035028502850285,0.0,0.2884986830553117,1.0
2021-05-13 17:15:00+00:00,0.3971459645964597,0.0,0.2509877085162423,1.0
2021-05-13 17:30:00+00:00,0.3907890789078908,0.0,0.2134767339771729,1.0
2021-05-13 17:45:00+00:00,0.3844321932193219,0.0,0.17596575943810355,1.0
2021-05-13 18:00:00+00:00,0.3780753075307531,0.0,0.1384547848990342,1.0
2021-05-13 18:15:00+00:00,0.369815106510651,0.0,0.11850307287093935,1.0
2021-05-13 18:30:00+00:00,0.361554905490549,0.0,0.0985513608428445,1.0
2021-05-13 18:45:00+00:00,0.353294704470447,0.0,0.07859964881474969,1.0
2021-05-13 19:00:00+00:00,0.345034503450345,0.0,0.0586479367866549,1.0
2021-05-13 19:15:00+00:00,0.35058505850585053,0.0,0.05689201053555745,1.0
2021-05-13 19:30:00+00:00,0.3561356135613561,0.0,0.05513608428446,1.0
2021-05-13 19:45:00+00:00,0.36168616861686165,0.0,0.053380158033362546,1.0
2021-05-13 20:00:00+00:00,0.3672367236723672,0.0,0.0516242317822651,1.0
2021-05-13 20:15:00+00:00,0.3678649114911491,0.0,0.0505267778753292,1.0
2021-05-13 20:30:00+00:00,0.3684930993099309,0.0,0.0494293239683933,1.0
2021-05-13 20:45:00+00:00,0.36912128712871284,0.0,0.0483318700614574,1.0
2021-05-13 21:00:00+00:00,0.3697494749474947,0.0,0.0472344161545215,1.0
2021-05-13 21:15:00+00:00,0.3690275277527752,0.0,0.04514925373134325,1.0
2021-05-13 21:30:00+00:00,0.3683055805580557,0.0,0.043064091308165,1.0
2021-05-13 21:45:00+00:00,0.3675836333633362,0.0,0.040978928884986804,1.0
2021-05-13 22:00:00+00:00,0.3668616861686168,0.0,0.0388937664618086,1.0
2021-05-13 22:15:00+00:00,0.3697119711971196,0.0,0.037093942054433705,1.0
2021-05-13 22:30:00+00:00,0.3725622562256225,0.0,0.0352941176470588,1.0
2021-05-13 22:45:00+00:00,0.3754125412541254,0.0,0.033494293239683906,1.0
2021-05-13 23:00:00+00:00,0.3782628262826282,0.0,0.031694468832309,1.0
2021-05-13 23:15:00+00:00,0.3838508850885088,0.0,0.0306409130816505,1.0
2021-05-13 23:30:00+00:00,0.3894389438943894,0.0,0.029587357330992,1.0
2021-05-13 23:45:00+00:00,0.39502700270027,0.0,0.02853380158033355,1.0
2021-05-14 00:00:00+00:00,0.4006150615061506,0.0,0.0274802458296751,1.0
2021-05-14 00:15:00+00:00,0.40039003900390036,0.0,0.0271071115013169,1.0
2021-05-14 00:30:00+00:00,0.4001650165016501,0.0,0.0267339771729587,1.0
2021-05-14 00:45:00+00:00,0.3999399939993999,0.0,0.0263608428446005,1.0
2021-05-14 01:00:00+00:00,0.3997149714971497,0.0,0.0259877085162423,1.0
2021-05-14 01:15:00+00:00,0.3939393939393939,0.0,0.025504828797190498,1.0
2021-05-14 01:30:00+00:00,0.3881638163816381,0.0,0.0250219490781387,1.0
2021-05-14 01:45:00+00:00,0.38238823882388234,0.0,0.0245390693590869,1.0
2021-05-14 02:00:00+00:00,0.3766126612661266,0.0,0.0240561896400351,1.0
2021-05-14 02:15:00+00:00,0.37825345034503444,0.0,0.0236172080772607,1.0
2021-05-14 02:30:00+00:00,0.3798942394239423,0.0,0.0231782265144863,1.0
2021-05-14 02:45:00+00:00,0.3815350285028502,0.0,0.02273924495171195,1.0
2021-05-14 03:00:00+00:00,0.3831758175817581,0.0,0.0223002633889376,1.0
2021-05-14 03:15:00+00:00,0.377334608460846,0.0,0.0201492537313432,1.0
2021-05-14 03:30:00+00:00,0.3714933993399339,0.0,0.0179982440737488,1.0
2021-05-14 03:45:00+00:00,0.36565219021902184,0.0,0.01584723441615445,1.0
2021-05-14 04:00:00+00:00,0.3598109810981098,0.0,0.0136962247585601,1.0
2021-05-14 04:15:00+00:00,0.35273214821482146,0.0,0.022366110623353752,1.0
2021-05-14 04:30:00+00:00,0.3456533153315331,0.0,0.0310359964881474,1.0
2021-05-14 04:45:00+00:00,0.3385744824482448,0.0,0.039705882352941105,1.0
2021-05-14 05:00:00+00:00,0.3314956495649565,0.0,0.0483757682177348,1.0
2021-05-14 05:15:00+00:00,0.320563306330633,0.0,0.09872695346795429,1.0
2021-05-14 05:30:00+00:00,0.3096309630963095,0.0,0.1490781387181738,1.0
2021-05-14 05:45:00+00:00,0.2986986198619861,0.0,0.1994293239683933,1.0
2021-05-14 06:00:00+00:00,0.2877662766276627,0.0,0.2497805092186128,1.0
2021-05-14 06:15:00+00:00,0.2830126762676267,0.0,0.32486830553116763,1.0
2021-05-14 06:30:00+00:00,0.2782590759075907,0.0,0.3999561018437225,1.0
2021-05-14 06:45:00+00:00,0.27350547554755467,0.0,0.47504389815627734,1.0
2021-05-14 07:00:00+00:00,0.2687518751875187,0.0,0.5501316944688323,1.0
2021-05-14 07:15:00+00:00,0.2720990849084908,0.0,0.6086698858647936,1.0
2021-05-14 07:30:00+00:00,0.2754462946294629,0.0,0.667208077260755,1.0
2021-05-14 07:45:00+00:00,0.278793504350435,0.0,0.7257462686567164,1.0
2021-05-14 08:00:00+00:00,0.2821407140714071,0.0,0.7842844600526778,1.0
2021-05-14 08:15:00+00:00,0.2834720972097209,0.0,0.8131474978050922,1.0
2021-05-14 08:30:00+00:00,0.2848034803480347,0.0,0.8420105355575066,1.0
2021-05-14 08:45:00+00:00,0.28613486348634853,0.0,0.870873573309921,1.0
2021-05-14 09:00:00+00:00,0.2874662466246624,0.0,0.8997366110623354,1.0
2021-05-14 09:15:00+00:00,0.28410028502850276,0.0,0.9162203687445127,1.0
2021-05-14 09:30:00+00:00,0.2807343234323431,0.0,0.93270412642669,1.0
2021-05-14 09:45:00+00:00,0.2773683618361835,0.0,0.9491878841088675,1.0
2021-05-14 10:00:00+00:00,0.274002400240024,0.0,0.9656716417910448,1.0
2021-05-14 10:15:00+00:00,0.27461183618361834,0.0,0.9742537313432835,1.0
2021-05-14 10:30:00+00:00,0.2752212721272127,0.0,0.9828358208955223,1.0
2021-05-14 10:45:00+00:00,0.27583070807080706,0.0,0.9914179104477612,1.0
2021-05-14 11:00:00+00:00,0.2764401440144014,0.0,1.0,1.0
2021-05-14 11:15:00+00:00,0.2781090609060906,0.0,1.0,1.0
2021-05-14 11:30:00+00:00,0.2797779777977798,0.0,1.0,1.0
2021-05-14 11:45:00+00:00,0.28144689468946893,0.0,1.0,1.0
2021-05-14 12:00:00+00:00,0.2831158115811581,0.0,1.0,1.0
2021-05-14 12:15:00+00:00,0.2856941944194419,0.0,0.9961589113257243,1.0
2021-05-14 12:30:00+00:00,0.2882725772577257,0.0,0.9923178226514486,1.0
2021-05-14 12:45:00+00:00,0.2908509600960095,0.0,0.988476733977173,1.0
2021-05-14 13:00:00+00:00,0.2934293429342934,0.0,0.9846356453028972,1.0
2021-05-14 13:15:00+00:00,0.29578270327032696,0.0,0.9692273924495171,1.0
2021-05-14 13:30:00+00:00,0.2981360636063606,0.0,0.9538191395961368,1.0
2021-05-14 13:45:00+00:00,0.3004894239423942,0.0,0.9384108867427567,1.0
2021-05-14 14:00:00+00:00,0.3028427842784278,0.0,0.9230026338893766,1.0
2021-05-14 14:15:00+00:00,0.3045960846084608,0.0,0.9013169446883231,1.0
2021-05-14 14:30:00+00:00,0.3063493849384938,0.0,0.8796312554872696,1.0
2021-05-14 14:45:00+00:00,0.3081026852685268,0.0,0.8579455662862161,1.0
2021-05-14 15:00:00+00:00,0.3098559855985598,0.0,0.8362598770851625,1.0
2021-05-14 15:15:00+00:00,0.3114967746774677,0.0,0.7895741878841089,1.0
2021-05-14 15:30:00+00:00,0.3131375637563756,0.0,0.7428884986830553,1.0
2021-05-14 15:45:00+00:00,0.3147783528352835,0.0,0.6962028094820017,1.0
2021-05-14 16:00:00+00:00,0.3164191419141914,0.0,0.6495171202809482,1.0
2021-05-14 16:15:00+00:00,0.31060606060606055,0.0,0.588784021071115,1.0
2021-05-14 16:30:00+00:00,0.3047929792979297,0.0,0.5280509218612818,1.0
2021-05-14 16:45:00+00:00,0.2989798979897989,0.0,0.4673178226514486,1.0
2021-05-14 17:00:00+00:00,0.2931668166816681,0.0,0.4065847234416154,1.0
2021-05-14 17:15:00+00:00,0.2862192469246924,0.0,0.3482660228270412,1.0
2021-05-14 17:30:00+00:00,0.2792716771677167,0.0,0.289947322212467,1.0
2021-05-14 17:45:00+00:00,0.27232410741074103,0.0,0.23162862159789285,1.0
2021-05-14 18:00:00+00:00,0.2653765376537654,0.0,0.1733099209833187,1.0
2021-05-14 18:15:00+00:00,0.26434518451845185,0.0,0.1469051799824407,1.0
2021-05-14 18:30:00+00:00,0.2633138313831383,0.0,0.1205004389815627,1.0
2021-05-14 18:45:00+00:00,0.26228247824782475,0.0,0.09409569798068475,1.0
2021-05-14 19:00:00+00:00,0.2612511251125112,0.0,0.0676909569798068,1.0
2021-05-14 19:15:00+00:00,0.26502962796279617,0.0,0.06547410008779625,1.0
2021-05-14 19:30:00+00:00,0.2688081308130812,0.0,0.0632572431957857,1.0
2021-05-14 19:45:00+00:00,0.2725866336633662,0.0,0.0610403863037752,1.0
2021-05-14 20:00:00+00:00,0.2763651365136513,0.0,0.0588235294117647,1.0
2021-05-14 20:15:00+00:00,0.2786528652865286,0.0,0.05845039508340645,1.0
2021-05-14 20:30:00+00:00,0.2809405940594059,0.0,0.0580772607550482,1.0
2021-05-14 20:45:00+00:00,0.2832283228322832,0.0,0.05770412642669,1.0
2021-05-14 21:00:00+00:00,0.2855160516051605,0.0,0.0573309920983318,1.0
2021-05-14 21:15:00+00:00,0.2906165616561656,0.0,0.055904302019315094,1.0
2021-05-14 21:30:00+00:00,0.2957170717071707,0.0,0.0544776119402984,1.0
2021-05-14 21:45:00+00:00,0.3008175817581758,0.0,0.05305092186128175,1.0
2021-05-14 22:00:00+00:00,0.3059180918091809,0.0,0.0516242317822651,1.0
2021-05-14 22:15:00+00:00,0.30829020402040197,0.0,0.0516242317822651,1.0
2021-05-14 22:30:00+00:00,0.3106623162316231,0.0,0.0516242317822651,1.0
2021-05-14 22:45:00+00:00,0.31303442844284424,0.0,0.0516242317822651,1.0
2021-05-14 23:00:00+00:00,0.3154065406540654,0.0,0.0516242317822651,1.0
2021-05-14 23:15:00+00:00,0.31746924692469247,0.0,0.051163301141352,1.0
2021-05-14 23:30:00+00:00,0.3195319531953195,0.0,0.0507023705004389,1.0
2021-05-14 23:45:00+00:00,0.32159465946594656,0.0,0.05024143985952585,1.0
2021-05-15 00:00:00+00:00,0.3236573657365736,0.0,0.0497805092186128,1.0
2021-05-15 00:15:00+00:00,0.32562631263126307,0.0,0.046883230904302,1.0
2021-05-15 00:30:00+00:00,0.3275952595259526,0.0,0.0439859525899912,1.0
2021-05-15 00:45:00+00:00,0.32956420642064205,0.0,0.0410886742756804,1.0
2021-05-15 01:00:00+00:00,0.3315331533153315,0.0,0.0381913959613696,1.0
2021-05-15 01:15:00+00:00,0.332761401140114,0.0,0.0355355575065847,1.0
2021-05-15 01:30:00+00:00,0.3339896489648964,0.0,0.0328797190517998,1.0
2021-05-15 01:45:00+00:00,0.3352178967896789,0.0,0.0302238805970149,1.0
2021-05-15 02:00:00+00:00,0.3364461446144614,0.0,0.02756804214223,1.0
2021-05-15 02:15:00+00:00,0.3365867836783678,0.0,0.02609745390693585,0.9976190476190476
2021-05-15 02:30:00+00:00,0.3367274227422742,0.0,0.0246268656716417,0.9952380952380953
2021-05-15 02:45:00+00:00,0.33686806180618056,0.0,0.0231562774363476,0.9928571428571429
2021-05-15 03:00:00+00:00,0.337008700870087,0.0,0.0216856892010535,0.9904761904761904
2021-05-15 03:15:00+00:00,0.3402621512151215,0.0,0.0195127304653204,0.9926406926406925
2021-05-15 03:30:00+00:00,0.343515601560156,0.0,0.0173397717295873,0.9948051948051948
2021-05-15 03:45:00+00:00,0.34676905190519053,0.0,0.0151668129938542,0.9969696969696971
2021-05-15 04:00:00+00:00,0.350022502250225,0.0,0.0129938542581211,0.9991341991341992
2021-05-15 04:15:00+00:00,0.35349159915991596,0.0,0.0201492537313432,0.9993506493506493
2021-05-15 04:30:00+00:00,0.3569606960696069,0.0,0.0273046532045653,0.9995670995670995
2021-05-15 04:45:00+00:00,0.3604297929792979,0.0,0.03446005267778745,0.9997835497835498
2021-05-15 05:00:00+00:00,0.3638988898889889,0.0,0.0416154521510096,1.0
2021-05-15 05:15:00+00:00,0.36485523552355237,0.0,0.0902985074626865,1.0
2021-05-15 05:30:00+00:00,0.3658115811581158,0.0,0.1389815627743634,1.0
2021-05-15 05:45:00+00:00,0.3667679267926792,0.0,0.1876646180860403,1.0
2021-05-15 06:00:00+00:00,0.3677242724272427,0.0,0.2363476733977172,1.0
2021-05-15 06:15:00+00:00,0.36918691869186915,0.0,0.31259877085162413,1.0
2021-05-15 06:30:00+00:00,0.3706495649564956,0.0,0.3888498683055311,1.0
2021-05-15 06:45:00+00:00,0.3721122112211221,0.0,0.46510096575943805,1.0
2021-05-15 07:00:00+00:00,0.3735748574857486,0.0,0.5413520632133451,1.0
2021-05-15 07:15:00+00:00,0.37907853285328535,0.0,0.5943371378402107,1.0
2021-05-15 07:30:00+00:00,0.3845822082208221,0.0,0.6473222124670763,1.0
2021-05-15 07:45:00+00:00,0.39008588358835883,0.0,0.7003072870939421,1.0
2021-05-15 08:00:00+00:00,0.3955895589558956,0.0,0.7532923617208077,1.0
2021-05-15 08:15:00+00:00,0.39932118211821177,0.0,0.7797190517998244,1.0
2021-05-15 08:30:00+00:00,0.403052805280528,0.0,0.806145741878841,1.0
2021-05-15 08:45:00+00:00,0.40678442844284424,0.0,0.8325724319578577,1.0
2021-05-15 09:00:00+00:00,0.4105160516051605,0.0,0.8589991220368745,1.0
2021-05-15 09:15:00+00:00,0.4185137263726373,0.0,0.8688762071992976,1.0
2021-05-15 09:30:00+00:00,0.426511401140114,0.0,0.8787532923617207,1.0
2021-05-15 09:45:00+00:00,0.43450907590759075,0.0,0.888630377524144,1.0
2021-05-15 10:00:00+00:00,0.4425067506750675,0.0,0.8985074626865671,1.0
2021-05-15 10:15:00+00:00,0.44988561356135615,0.0,0.9049165935030729,1.0
2021-05-15 10:30:00+00:00,0.4572644764476448,0.0,0.9113257243195786,1.0
2021-05-15 10:45:00+00:00,0.46464333933393337,0.0,0.9177348551360842,1.0
2021-05-15 11:00:00+00:00,0.472022202220222,0.0,0.92414398595259,1.0
2021-05-15 11:15:00+00:00,0.4762226222622262,0.0,0.9212467076382791,1.0
2021-05-15 11:30:00+00:00,0.4804230423042304,0.0,0.9183494293239683,1.0
2021-05-15 11:45:00+00:00,0.4846234623462346,0.0,0.9154521510096576,1.0
2021-05-15 12:00:00+00:00,0.4888238823882388,0.0,0.9125548726953469,1.0
2021-05-15 12:15:00+00:00,0.48630175517551755,0.0,0.905926251097454,1.0
2021-05-15 12:30:00+00:00,0.4837796279627963,0.0,0.899297629499561,1.0
2021-05-15 12:45:00+00:00,0.481257500750075,0.0,0.8926690079016681,1.0
2021-05-15 13:00:00+00:00,0.4787353735373537,0.0,0.8860403863037752,1.0
2021-05-15 13:15:00+00:00,0.47709458445844577,0.0,0.8741878841088675,1.0
2021-05-15 13:30:00+00:00,0.4754537953795379,0.0,0.8623353819139596,1.0
2021-05-15 13:45:00+00:00,0.47381300630063,0.0,0.8504828797190518,1.0
2021-05-15 14:00:00+00:00,0.4721722172217221,0.0,0.8386303775241439,1.0
2021-05-15 14:15:00+00:00,0.47192844284428437,0.0,0.8205004389815628,1.0
2021-05-15 14:30:00+00:00,0.4716846684668466,0.0,0.8023705004389816,1.0
2021-05-15 14:45:00+00:00,0.4714408940894089,0.0,0.7842405618964003,1.0
2021-05-15 15:00:00+00:00,0.4711971197119712,0.0,0.7661106233538192,1.0
2021-05-15 15:15:00+00:00,0.4769258175817581,0.0,0.7339552238805971,1.0
2021-05-15 15:30:00+00:00,0.4826545154515451,0.0,0.7017998244073749,1.0
2021-05-15 15:45:00+00:00,0.48838321332133205,0.0,0.6696444249341528,1.0
2021-05-15 16:00:00+00:00,0.4941119111911191,0.0,0.6374890254609307,1.0
2021-05-15 16:15:00+00:00,0.5024377437743774,0.0,0.5949736611062335,1.0
2021-05-15 16:30:00+00:00,0.5107635763576357,0.0,0.5524582967515365,1.0
2021-05-15 16:45:00+00:00,0.5190894089408941,0.0,0.5099429323968393,1.0
2021-05-15 17:00:00+00:00,0.5274152415241524,0.0,0.4674275680421422,1.0
2021-05-15 17:15:00+00:00,0.5159484698469847,0.0,0.40557506584723435,1.0
2021-05-15 17:30:00+00:00,0.504481698169817,0.0,0.3437225636523265,1.0
2021-05-15 17:45:00+00:00,0.4930149264926493,0.0,0.2818700614574188,1.0
2021-05-15 18:00:00+00:00,0.4815481548154815,0.0,0.220017559262511,1.0
2021-05-15 18:15:00+00:00,0.47733835883588355,0.0,0.1843283582089552,1.0
2021-05-15 18:30:00+00:00,0.4731285628562856,0.0,0.1486391571553994,1.0
2021-05-15 18:45:00+00:00,0.46891876687668765,0.0,0.11294995610184366,1.0
2021-05-15 19:00:00+00:00,0.4647089708970897,0.0,0.0772607550482879,1.0
2021-05-15 19:15:00+00:00,0.46474647464746466,0.0,0.07260755048287965,1.0
2021-05-15 19:30:00+00:00,0.4647839783978397,0.0,0.0679543459174714,1.0
2021-05-15 19:45:00+00:00,0.4648214821482147,0.0,0.06330114135206315,1.0
2021-05-15 20:00:00+00:00,0.4648589858985898,0.0,0.0586479367866549,1.0
2021-05-15 20:15:00+00:00,0.4667060456045604,0.0,0.05847234416154515,1.0
2021-05-15 20:30:00+00:00,0.468553105310531,0.0,0.0582967515364354,1.0
2021-05-15 20:45:00+00:00,0.4704001650165016,0.0,0.058121158911325646,1.0
2021-05-15 21:00:00+00:00,0.4722472247224722,0.0,0.0579455662862159,1.0
2021-05-15 21:15:00+00:00,0.4781728172817281,0.0,0.057835820895522305,1.0
2021-05-15 21:30:00+00:00,0.484098409840984,0.0,0.0577260755048287,1.0
2021-05-15 21:45:00+00:00,0.49002400240024,0.0,0.057616330114135146,1.0
2021-05-15 22:00:00+00:00,0.495949594959496,0.0,0.0575065847234416,1.0
2021-05-15 22:15:00+00:00,0.4988280078007801,0.0,0.0573309920983318,1.0
2021-05-15 22:30:00+00:00,0.5017064206420643,0.0,0.057155399473222,1.0
2021-05-15 22:45:00+00:00,0.5045848334833484,0.0,0.0569798068481123,1.0
2021-05-15 23:00:00+00:00,0.5074632463246325,0.0,0.0568042142230026,1.0
2021-05-15 23:15:00+00:00,0.5102572757275727,0.0,0.0559482001755926,1.0
2021-05-15 23:30:00+00:00,0.513051305130513,0.0,0.0550921861281826,1.0
2021-05-15 23:45:00+00:00,0.5158453345334533,0.0,0.054236172080772596,1.0
2021-05-16 00:00:00+00:00,0.5186393639363936,0.0,0.0533801580333626,1.0
2021-05-16 00:15:00+00:00,0.5094415691569156,0.0,0.050680421422300254,1.0
2021-05-16 00:30:00+00:00,0.5002437743774377,0.0,0.0479806848112379,1.0
2021-05-16 00:45:00+00:00,0.49104597959795976,0.0,0.04528094820017555,1.0
2021-05-16 01:00:00+00:00,0.4818481848184818,0.0,0.0425812115891132,1.0
2021-05-16 01:15:00+00:00,0.4780415541554155,0.0,0.04106672519754165,1.0
2021-05-16 01:30:00+00:00,0.4742349234923492,0.0,0.0395522388059701,1.0
2021-05-16 01:45:00+00:00,0.4704282928292829,0.0,0.03803775241439855,1.0
2021-05-16 02:00:00+00:00,0.4666216621662166,0.0,0.036523266022827,1.0
2021-05-16 02:15:00+00:00,0.4604804230423042,0.0,0.03575504828797185,1.0
2021-05-16 02:30:00+00:00,0.4543391839183918,0.0,0.0349868305531167,1.0
2021-05-16 02:45:00+00:00,0.4481979447944794,0.0,0.0342186128182616,1.0
2021-05-16 03:00:00+00:00,0.442056705670567,0.0,0.0334503950834065,1.0
2021-05-16 03:15:00+00:00,0.44437256225622557,0.0,0.0311676909569798,1.0
2021-05-16 03:30:00+00:00,0.4466884188418841,0.0,0.0288849868305531,1.0
2021-05-16 03:45:00+00:00,0.44900427542754273,0.0,0.0266022827041264,1.0
2021-05-16 04:00:00+00:00,0.4513201320132013,0.0,0.0243195785776997,1.0
2021-05-16 04:15:00+00:00,0.45214521452145207,0.0,0.03237489025460925,1.0
2021-05-16 04:30:00+00:00,0.4529702970297029,0.0,0.0404302019315188,1.0
2021-05-16 04:45:00+00:00,0.45379537953795374,0.0,0.0484855136084284,1.0
2021-05-16 05:00:00+00:00,0.4546204620462046,0.0,0.056540825285338,1.0
2021-05-16 05:15:00+00:00,0.45238898889888984,0.0,0.10443371378402105,1.0
2021-05-16 05:30:00+00:00,0.4501575157515751,0.0,0.1523266022827041,1.0
2021-05-16 05:45:00+00:00,0.4479260426042604,0.0,0.20021949078138715,1.0
2021-05-16 06:00:00+00:00,0.4456945694569457,0.0,0.2481123792800702,1.0
2021-05-16 06:15:00+00:00,0.4466040354035403,0.0,0.3203687445127304,1.0
2021-05-16 06:30:00+00:00,0.447513501350135,0.0,0.3926251097453906,1.0
2021-05-16 06:45:00+00:00,0.44842296729672965,0.0,0.4648814749780509,1.0
2021-05-16 07:00:00+00:00,0.4493324332433243,0.0,0.5371378402107112,1.0
2021-05-16 07:15:00+00:00,0.4553611611161116,0.0,0.5816505706760317,1.0
2021-05-16 07:30:00+00:00,0.4613898889888989,0.0,0.6261633011413521,1.0
2021-05-16 07:45:00+00:00,0.4674186168616862,0.0,0.6706760316066726,1.0
2021-05-16 08:00:00+00:00,0.4734473447344735,0.0,0.715188762071993,1.0
2021-05-16 08:15:00+00:00,0.47183468346834684,0.0,0.7402765583845479,1.0
2021-05-16 08:30:00+00:00,0.4702220222022202,0.0,0.7653643546971027,1.0
2021-05-16 08:45:00+00:00,0.46860936093609357,0.0,0.7904521510096576,1.0
2021-05-16 09:00:00+00:00,0.466996699669967,0.0,0.8155399473222125,1.0
2021-05-16 09:15:00+00:00,0.4738692619261926,0.0,0.8297848990342406,1.0
2021-05-16 09:30:00+00:00,0.4807418241824182,0.0,0.8440298507462687,1.0
2021-05-16 09:45:00+00:00,0.48761438643864385,0.0,0.8582748024582968,1.0
2021-05-16 10:00:00+00:00,0.4944869486948695,0.0,0.8725197541703249,1.0
2021-05-16 10:15:00+00:00,0.49669966996699666,0.0,0.8737708516242318,1.0
2021-05-16 10:30:00+00:00,0.4989123912391239,0.0,0.8750219490781388,1.0
2021-05-16 10:45:00+00:00,0.5011251125112511,0.0,0.8762730465320456,1.0
2021-05-16 11:00:00+00:00,0.5033378337833784,0.0,0.8775241439859526,1.0
2021-05-16 11:15:00+00:00,0.4847453495349535,0.0,0.8728928884986831,1.0
2021-05-16 11:30:00+00:00,0.4661528652865286,0.0,0.8682616330114135,1.0
2021-05-16 11:45:00+00:00,0.44756038103810375,0.0,0.863630377524144,1.0
2021-05-16 12:00:00+00:00,0.4289678967896789,0.0,0.8589991220368745,1.0
2021-05-16 12:15:00+00:00,0.41187556255625557,0.0,0.8530070237050044,1.0
2021-05-16 12:30:00+00:00,0.3947832283228322,0.0,0.8470149253731343,1.0
2021-05-16 12:45:00+00:00,0.3776908940894089,0.0,0.8410228270412643,1.0
2021-05-16 13:00:00+00:00,0.3605985598559856,0.0,0.8350307287093942,1.0
2021-05-16 13:15:00+00:00,0.3666179117911791,0.0,0.817910447761194,1.0
2021-05-16 13:30:00+00:00,0.3726372637263726,0.0,0.8007901668129939,1.0
2021-05-16 13:45:00+00:00,0.3786566156615661,0.0,0.7836698858647937,1.0
2021-05-16 14:00:00+00:00,0.3846759675967596,0.0,0.7665496049165935,1.0
2021-05-16 14:15:00+00:00,0.3989180168016801,0.0,0.7466637401229148,1.0
2021-05-16 14:30:00+00:00,0.4131600660066006,0.0,0.7267778753292362,1.0
2021-05-16 14:45:00+00:00,0.4274021152115211,0.0,0.7068920105355575,1.0
2021-05-16 15:00:00+00:00,0.4416441644164416,0.0,0.6870061457418788,1.0
2021-05-16 15:15:00+00:00,0.4488636363636363,0.0,0.6632791922739245,1.0
2021-05-16 15:30:00+00:00,0.456083108310831,0.0,0.6395522388059701,1.0
2021-05-16 15:45:00+00:00,0.46330258025802573,0.0,0.6158252853380157,1.0
2021-05-16 16:00:00+00:00,0.4705220522052205,0.0,0.5920983318700614,1.0
2021-05-16 16:15:00+00:00,0.47987923792379233,0.0,0.5374012291483757,1.0
2021-05-16 16:30:00+00:00,0.4892364236423642,0.0,0.4827041264266901,1.0
2021-05-16 16:45:00+00:00,0.49859360936093605,0.0,0.42800702370500443,1.0
2021-05-16 17:00:00+00:00,0.5079507950795079,0.0,0.3733099209833187,1.0
2021-05-16 17:15:00+00:00,0.4975622562256225,0.0,0.32436347673397714,1.0
2021-05-16 17:30:00+00:00,0.4871737173717371,0.0,0.2754170324846356,1.0
2021-05-16 17:45:00+00:00,0.47678517851785174,0.0,0.2264705882352941,1.0
2021-05-16 18:00:00+00:00,0.4663966396639664,0.0,0.1775241439859526,1.0
2021-05-16 18:15:00+00:00,0.45073882388238823,0.0,0.14901229148375764,1.0
2021-05-16 18:30:00+00:00,0.4350810081008101,0.0,0.1205004389815627,1.0
2021-05-16 18:45:00+00:00,0.41942319231923186,0.0,0.0919885864793678,1.0
2021-05-16 19:00:00+00:00,0.4037653765376537,0.0,0.0634767339771729,1.0
2021-05-16 19:15:00+00:00,0.3973897389738973,0.0,0.059394205443371303,1.0
2021-05-16 19:30:00+00:00,0.3910141014101409,0.0,0.0553116769095697,1.0
2021-05-16 19:45:00+00:00,0.38463846384638456,0.0,0.051229148375768155,1.0
2021-05-16 20:00:00+00:00,0.3782628262826282,0.0,0.0471466198419666,1.0
2021-05-16 20:15:00+00:00,0.3700307530753074,0.0,0.0458296751536435,1.0
2021-05-16 20:30:00+00:00,0.3617986798679867,0.0,0.0445127304653204,1.0
2021-05-16 20:45:00+00:00,0.35356660666066597,0.0,0.0431957857769973,1.0
2021-05-16 21:00:00+00:00,0.3453345334533453,0.0,0.0418788410886742,1.0
2021-05-16 21:15:00+00:00,0.33866824182418237,0.0,0.04001316944688315,1.0
2021-05-16 21:30:00+00:00,0.3320019501950195,0.0,0.0381474978050921,1.0
2021-05-16 21:45:00+00:00,0.32533565856585656,0.0,0.03628182616330105,1.0
2021-05-16 22:00:00+00:00,0.3186693669366937,0.0,0.03441615452151,1.0
2021-05-16 22:15:00+00:00,0.311796804680468,0.0,0.03377963125548715,1.0
2021-05-16 22:30:00+00:00,0.3049242424242424,0.0,0.0331431079894643,1.0
2021-05-16 22:45:00+00:00,0.29805168016801675,0.0,0.0325065847234415,1.0
2021-05-16 23:00:00+00:00,0.2911791179117912,0.0,0.0318700614574187,1.0
2021-05-16 23:15:00+00:00,0.2821219621962196,0.0,0.03169446883230895,1.0
2021-05-16 23:30:00+00:00,0.273064806480648,0.0,0.0315188762071992,1.0
2021-05-16 23:45:00+00:00,0.2640076507650765,0.0,0.0313432835820895,1.0
2021-05-17 00:00:00+00:00,0.2549504950495049,0.0,0.0311676909569798,1.0
2021-05-17 00:15:00+00:00,0.24985936093609357,0.0,0.030816505706760297,1.0
2021-05-17 00:30:00+00:00,0.2447682268226822,0.0,0.0304653204565408,1.0
2021-05-17 00:45:00+00:00,0.2396770927092709,0.0,0.0301141352063213,1.0
2021-05-17 01:00:00+00:00,0.2345859585958596,0.0,0.0297629499561018,1.0
2021-05-17 01:15:00+00:00,0.23352647764776474,0.0,0.0293898156277436,1.0
2021-05-17 01:30:00+00:00,0.2324669966996699,0.0,0.0290166812993854,1.0
2021-05-17 01:45:00+00:00,0.2314075157515751,0.0,0.028643546971027202,1.0
2021-05-17 02:00:00+00:00,0.2303480348034803,0.0,0.028270412642669,1.0
2021-05-17 02:15:00+00:00,0.22851035103510345,0.0,0.0273485513608428,1.0
2021-05-17 02:30:00+00:00,0.2266726672667266,0.0,0.0264266900790166,1.0
2021-05-17 02:45:00+00:00,0.2248349834983498,0.0,0.025504828797190453,1.0
2021-05-17 03:00:00+00:00,0.222997299729973,0.0,0.0245829675153643,1.0
2021-05-17 03:15:00+00:00,0.2180561806180618,0.0,0.02225636523266015,1.0
2021-05-17 03:30:00+00:00,0.2131150615061506,0.0,0.019929762949956,1.0
2021-05-17 03:45:00+00:00,0.2081739423942394,0.0,0.0176031606672519,1.0
2021-05-17 04:00:00+00:00,0.2032328232823282,0.0,0.0152765583845478,1.0
2021-05-17 04:15:00+00:00,0.1970259525952595,0.0,0.0235074626865671,1.0
2021-05-17 04:30:00+00:00,0.1908190819081908,0.0,0.0317383669885864,1.0
2021-05-17 04:45:00+00:00,0.1846122112211221,0.0,0.03996927129060575,1.0
2021-05-17 05:00:00+00:00,0.1784053405340534,0.0,0.0482001755926251,1.0
2021-05-17 05:15:00+00:00,0.1681105610561056,0.0,0.0947102721685689,1.0
2021-05-17 05:30:00+00:00,0.1578157815781578,0.0,0.1412203687445127,1.0
2021-05-17 05:45:00+00:00,0.14752100210021,0.0,0.1877304653204565,1.0
2021-05-17 06:00:00+00:00,0.1372262226222622,0.0,0.2342405618964003,1.0
2021-05-17 06:15:00+00:00,0.13380400540054,0.0,0.3046312554872695,1.0
2021-05-17 06:30:00+00:00,0.1303817881788178,0.0,0.3750219490781387,1.0
2021-05-17 06:45:00+00:00,0.12695957095709565,0.0,0.4454126426690079,1.0
2021-05-17 07:00:00+00:00,0.1235373537353735,0.0,0.5158033362598771,1.0
2021-05-17 07:15:00+00:00,0.12270289528952891,0.0,0.5731782265144865,1.0
2021-05-17 07:30:00+00:00,0.1218684368436843,0.0,0.6305531167690958,1.0
2021-05-17 07:45:00+00:00,0.12103397839783975,0.0,0.687928007023705,1.0
2021-05-17 08:00:00+00:00,0.1201995199519952,0.0,0.7453028972783143,1.0
2021-05-17 08:15:00+00:00,0.12143714371437139,0.0,0.7660008779631255,1.0
2021-05-17 08:30:00+00:00,0.1226747674767476,0.0,0.7866988586479369,1.0
2021-05-17 08:45:00+00:00,0.12391239123912386,0.0,0.8073968393327481,1.0
2021-05-17 09:00:00+00:00,0.1251500150015001,0.0,0.8280948200175593,1.0
2021-05-17 09:15:00+00:00,0.12647202220222015,0.0,0.8452809482001756,1.0
2021-05-17 09:30:00+00:00,0.1277940294029402,0.0,0.862467076382792,1.0
2021-05-17 09:45:00+00:00,0.1291160366036603,0.0,0.8796532045654083,1.0
2021-05-17 10:00:00+00:00,0.1304380438043804,0.0,0.8968393327480246,1.0
2021-05-17 10:15:00+00:00,0.13098184818481845,0.0,0.9088235294117648,1.0
2021-05-17 10:30:00+00:00,0.1315256525652565,0.0,0.920807726075505,1.0
2021-05-17 10:45:00+00:00,0.13206945694569455,0.0,0.9327919227392452,1.0
2021-05-17 11:00:00+00:00,0.1326132613261326,0.0,0.9447761194029852,1.0
2021-05-17 11:15:00+00:00,0.1339446444644464,0.0,0.9441834942932399,1.0
2021-05-17 11:30:00+00:00,0.1352760276027602,0.0,0.9435908691834944,1.0
2021-05-17 11:45:00+00:00,0.13660741074107405,0.0,0.942998244073749,1.0
2021-05-17 12:00:00+00:00,0.1379387938793879,0.0,0.9424056189640037,1.0
2021-05-17 12:15:00+00:00,0.1389232673267326,0.0,0.9301360842844602,1.0
2021-05-17 12:30:00+00:00,0.1399077407740773,0.0,0.9178665496049166,1.0
2021-05-17 12:45:00+00:00,0.14089221422142206,0.0,0.9055970149253731,1.0
2021-05-17 13:00:00+00:00,0.1418766876687668,0.0,0.8933274802458296,1.0
2021-05-17 13:15:00+00:00,0.14233610861086102,0.0,0.8813432835820896,1.0
2021-05-17 13:30:00+00:00,0.1427955295529552,0.0,0.8693590869183494,1.0
2021-05-17 13:45:00+00:00,0.14325495049504944,0.0,0.8573748902546092,1.0
2021-05-17 14:00:00+00:00,0.1437143714371437,0.0,0.8453906935908692,1.0
2021-05-17 14:15:00+00:00,0.14272989798979896,0.0,0.8302677787532924,1.0
2021-05-17 14:30:00+00:00,0.1417454245424542,0.0,0.8151448639157155,1.0
2021-05-17 14:45:00+00:00,0.14076095109510944,0.0,0.8000219490781386,1.0
2021-05-17 15:00:00+00:00,0.1397764776477647,0.0,0.7848990342405618,1.0
2021-05-17 15:15:00+00:00,0.13860448544854476,0.0,0.7698639157155399,1.0
2021-05-17 15:30:00+00:00,0.1374324932493248,0.0,0.754828797190518,1.0
2021-05-17 15:45:00+00:00,0.1362605010501049,0.0,0.7397936786654961,1.0
2021-05-17 16:00:00+00:00,0.135088508850885,0.0,0.7247585601404741,1.0
2021-05-17 16:15:00+00:00,0.1328757875787578,0.0,0.6840210711150132,1.0
2021-05-17 16:30:00+00:00,0.1306630663066306,0.0,0.6432835820895523,1.0
2021-05-17 16:45:00+00:00,0.12845034503450342,0.0,0.6025460930640913,1.0
2021-05-17 17:00:00+00:00,0.1262376237623762,0.0,0.5618086040386304,1.0
2021-05-17 17:15:00+00:00,0.1244843234323432,0.0,0.48301141352063215,1.0
2021-05-17 17:30:00+00:00,0.1227310231023102,0.0,0.4042142230026339,1.0
2021-05-17 17:45:00+00:00,0.1209777227722772,0.0,0.3254170324846356,1.0
2021-05-17 18:00:00+00:00,0.1192244224422442,0.0,0.2466198419666374,1.0
2021-05-17 18:15:00+00:00,0.1197963546354635,0.0,0.20463125548726951,1.0
2021-05-17 18:30:00+00:00,0.1203682868286828,0.0,0.1626426690079016,1.0
2021-05-17 18:45:00+00:00,0.12094021902190215,0.0,0.12065408252853375,1.0
2021-05-17 19:00:00+00:00,0.1215121512151215,0.0,0.0786654960491659,1.0
2021-05-17 19:15:00+00:00,0.12078082808280825,0.0,0.0733977172958735,1.0
2021-05-17 19:30:00+00:00,0.120049504950495,0.0,0.0681299385425811,1.0
2021-05-17 19:45:00+00:00,0.11931818181818175,0.0,0.06286215978928875,1.0
2021-05-17 20:00:00+00:00,0.1185868586858685,0.0,0.0575943810359964,1.0
2021-05-17 20:15:00+00:00,0.1186524902490248,0.0,0.056716417910447646,1.0
2021-05-17 20:30:00+00:00,0.1187181218121811,0.0,0.0558384547848989,1.0
2021-05-17 20:45:00+00:00,0.11878375337533745,0.0,0.0549604916593502,1.0
2021-05-17 21:00:00+00:00,0.1188493849384938,0.0,0.0540825285338015,1.0
2021-05-17 21:15:00+00:00,0.120790204020402,0.0,0.053336259877085096,1.0
2021-05-17 21:30:00+00:00,0.1227310231023102,0.0,0.0525899912203687,1.0
2021-05-17 21:45:00+00:00,0.1246718421842184,0.0,0.0518437225636523,1.0
2021-05-17 22:00:00+00:00,0.1266126612661266,0.0,0.0510974539069359,1.0
2021-05-17 22:15:00+00:00,0.1287972547254725,0.0,0.05092186128182615,1.0
2021-05-17 22:30:00+00:00,0.1309818481848184,0.0,0.0507462686567164,1.0
2021-05-17 22:45:00+00:00,0.13316644164416436,0.0,0.05057067603160665,1.0
2021-05-17 23:00:00+00:00,0.1353510351035103,0.0,0.0503950834064969,1.0
2021-05-17 23:15:00+00:00,0.14009525952595253,0.0,0.050417032484635596,1.0
2021-05-17 23:30:00+00:00,0.1448394839483948,0.0,0.0504389815627743,1.0
2021-05-17 23:45:00+00:00,0.14958370837083707,0.0,0.050460930640913046,1.0
2021-05-18 00:00:00+00:00,0.1543279327932793,0.0,0.0504828797190518,1.0
2021-05-18 00:15:00+00:00,0.16049729972997295,0.0,0.0500877963125548,1.0
2021-05-18 00:30:00+00:00,0.1666666666666666,0.0,0.0496927129060578,1.0
2021-05-18 00:45:00+00:00,0.1728360336033603,0.0,0.0492976294995609,1.0
2021-05-18 01:00:00+00:00,0.179005400540054,0.0,0.048902546093064,1.0
2021-05-18 01:15:00+00:00,0.1849028652865286,0.0,0.04736611062335375,1.0
2021-05-18 01:30:00+00:00,0.1908003300330032,0.0,0.0458296751536435,1.0
2021-05-18 01:45:00+00:00,0.1966977947794779,0.0,0.044293239683933255,1.0
2021-05-18 02:00:00+00:00,0.2025952595259526,0.0,0.042756804214223,1.0
2021-05-18 02:15:00+00:00,0.2065425292529253,0.0,0.0404741000877963,1.0
2021-05-18 02:30:00+00:00,0.210489798979898,0.0,0.0381913959613696,1.0
2021-05-18 02:45:00+00:00,0.21443706870687068,0.0,0.0359086918349429,1.0
2021-05-18 03:00:00+00:00,0.2183843384338434,0.0,0.0336259877085162,1.0
2021-05-18 03:15:00+00:00,0.22293166816681664,0.0,0.03114574187884105,1.0
2021-05-18 03:30:00+00:00,0.2274789978997899,0.0,0.0286654960491659,1.0
2021-05-18 03:45:00+00:00,0.2320263276327632,0.0,0.026185250219490752,1.0
2021-05-18 04:00:00+00:00,0.2365736573657365,0.0,0.0237050043898156,1.0
2021-05-18 04:15:00+00:00,0.23942394239423936,0.0,0.03270412642669005,1.0
2021-05-18 04:30:00+00:00,0.2422742274227422,0.0,0.0417032484635645,1.0
2021-05-18 04:45:00+00:00,0.2451245124512451,0.0,0.05070237050043895,1.0
2021-05-18 05:00:00+00:00,0.247974797479748,0.0,0.0597014925373134,1.0
2021-05-18 05:15:00+00:00,0.24673717371737175,0.0,0.10507023705004384,1.0
2021-05-18 05:30:00+00:00,0.2454995499549955,0.0,0.1504389815627743,1.0
2021-05-18 05:45:00+00:00,0.24426192619261927,0.0,0.19580772607550478,1.0
2021-05-18 06:00:00+00:00,0.243024302430243,0.0,0.2411764705882353,1.0
2021-05-18 06:15:00+00:00,0.24296804680468045,0.0,0.31769095697980687,1.0
2021-05-18 06:30:00+00:00,0.2429117911791179,0.0,0.3942054433713784,1.0
2021-05-18 06:45:00+00:00,0.24285553555355535,0.0,0.47071992976294996,1.0
2021-05-18 07:00:00+00:00,0.2427992799279928,0.0,0.5472344161545215,1.0
2021-05-18 07:15:00+00:00,0.2454901740174017,0.0,0.607945566286216,1.0
2021-05-18 07:30:00+00:00,0.2481810681068106,0.0,0.6686567164179105,1.0
2021-05-18 07:45:00+00:00,0.2508719621962196,0.0,0.729367866549605,1.0
2021-05-18 08:00:00+00:00,0.2535628562856286,0.0,0.7900790166812994,1.0
2021-05-18 08:15:00+00:00,0.2552974047404741,0.0,0.8188103599648815,1.0
2021-05-18 08:30:00+00:00,0.2570319531953196,0.0,0.8475417032484636,1.0
2021-05-18 08:45:00+00:00,0.258766501650165,0.0,0.8762730465320456,1.0
2021-05-18 09:00:00+00:00,0.2605010501050105,0.0,0.9050043898156276,1.0
2021-05-18 09:15:00+00:00,0.26034165916591656,0.0,0.9173836698858646,1.0
2021-05-18 09:30:00+00:00,0.2601822682268226,0.0,0.9297629499561018,1.0
2021-05-18 09:45:00+00:00,0.26002287728772877,0.0,0.9421422300263389,1.0
2021-05-18 10:00:00+00:00,0.2598634863486349,0.0,0.954521510096576,1.0
2021-05-18 10:15:00+00:00,0.2634357185718572,0.0,0.9581650570676032,1.0
2021-05-18 10:30:00+00:00,0.2670079507950795,0.0,0.9618086040386304,1.0
2021-05-18 10:45:00+00:00,0.2705801830183018,0.0,0.9654521510096576,1.0
2021-05-18 11:00:00+00:00,0.2741524152415241,0.0,0.9690956979806848,1.0
2021-05-18 11:15:00+00:00,0.2796560906090608,0.0,0.9679762949956102,1.0
2021-05-18 11:30:00+00:00,0.2851597659765976,0.0,0.9668568920105356,1.0
2021-05-18 11:45:00+00:00,0.29066344134413435,0.0,0.965737489025461,1.0
2021-05-18 12:00:00+00:00,0.2961671167116712,0.0,0.9646180860403863,1.0
2021-05-18 12:15:00+00:00,0.305561806180618,0.0,0.9621817383669886,1.0
2021-05-18 12:30:00+00:00,0.3149564956495649,0.0,0.9597453906935908,1.0
2021-05-18 12:45:00+00:00,0.3243511851185118,0.0,0.9573090430201932,1.0
2021-05-18 13:00:00+00:00,0.3337458745874587,0.0,0.9548726953467954,1.0
2021-05-18 13:15:00+00:00,0.34342184218421834,0.0,0.9412642669007901,1.0
2021-05-18 13:30:00+00:00,0.353097809780978,0.0,0.9276558384547848,1.0
2021-05-18 13:45:00+00:00,0.3627737773777377,0.0,0.9140474100087795,1.0
2021-05-18 14:00:00+00:00,0.3724497449744974,0.0,0.9004389815627744,1.0
2021-05-18 14:15:00+00:00,0.3816194119411941,0.0,0.8755706760316067,1.0
2021-05-18 14:30:00+00:00,0.3907890789078907,0.0,0.850702370500439,1.0
2021-05-18 14:45:00+00:00,0.3999587458745874,0.0,0.8258340649692713,1.0
2021-05-18 15:00:00+00:00,0.4091284128412841,0.0,0.8009657594381036,1.0
2021-05-18 15:15:00+00:00,0.41679792979297925,0.0,0.7683933274802458,1.0
2021-05-18 15:30:00+00:00,0.4244674467446744,0.0,0.735820895522388,1.0
2021-05-18 15:45:00+00:00,0.4321369636963696,0.0,0.7032484635645303,1.0
2021-05-18 16:00:00+00:00,0.4398064806480648,0.0,0.6706760316066726,1.0
2021-05-18 16:15:00+00:00,0.44293804380438045,0.0,0.6218173836698859,1.0
2021-05-18 16:30:00+00:00,0.4460696069606961,0.0,0.5729587357330992,1.0
2021-05-18 16:45:00+00:00,0.44920117011701166,0.0,0.5241000877963126,1.0
2021-05-18 17:00:00+00:00,0.4523327332733273,0.0,0.4752414398595259,1.0
2021-05-18 17:15:00+00:00,0.4443913141314131,0.0,0.4125987708516242,1.0
2021-05-18 17:30:00+00:00,0.4364498949894989,0.0,0.3499561018437225,1.0
2021-05-18 17:45:00+00:00,0.42850847584758467,0.0,0.28731343283582084,1.0
2021-05-18 18:00:00+00:00,0.4205670567056705,0.0,0.2246707638279192,1.0
2021-05-18 18:15:00+00:00,0.41254125412541254,0.0,0.1895522388059701,1.0
2021-05-18 18:30:00+00:00,0.4045154515451545,0.0,0.154433713784021,1.0
2021-05-18 18:45:00+00:00,0.39648964896489647,0.0,0.11931518876207195,1.0
2021-05-18 19:00:00+00:00,0.3884638463846385,0.0,0.0841966637401229,1.0
2021-05-18 19:15:00+00:00,0.3898702370237024,0.0,0.07991659350307284,1.0
2021-05-18 19:30:00+00:00,0.3912766276627663,0.0,0.0756365232660228,1.0
2021-05-18 19:45:00+00:00,0.39268301830183017,0.0,0.07135645302897275,1.0
2021-05-18 20:00:00+00:00,0.3940894089408941,0.0,0.0670763827919227,1.0
2021-05-18 20:15:00+00:00,0.38772314731473145,0.0,0.06679104477611936,1.0
2021-05-18 20:30:00+00:00,0.3813568856885688,0.0,0.066505706760316,1.0
2021-05-18 20:45:00+00:00,0.3749906240624062,0.0,0.06622036874451265,1.0
2021-05-18 21:00:00+00:00,0.3686243624362436,0.0,0.0659350307287093,1.0
2021-05-18 21:15:00+00:00,0.3633925892589258,0.0,0.06380597014925365,1.0
2021-05-18 21:30:00+00:00,0.3581608160816081,0.0,0.061676909569798,1.0
2021-05-18 21:45:00+00:00,0.3529290429042904,0.0,0.05954784899034235,1.0
2021-05-18 22:00:00+00:00,0.3476972697269727,0.0,0.0574187884108867,1.0
2021-05-18 22:15:00+00:00,0.34187481248124807,0.0,0.05726514486391565,1.0
2021-05-18 22:30:00+00:00,0.3360523552355235,0.0,0.0571115013169446,1.0
2021-05-18 22:45:00+00:00,0.33022989798979896,0.0,0.0569578577699736,1.0
2021-05-18 23:00:00+00:00,0.3244074407440744,0.0,0.0568042142230026,1.0
2021-05-18 23:15:00+00:00,0.31735673567356737,0.0,0.0564530289727831,1.0
2021-05-18 23:30:00+00:00,0.3103060306030603,0.0,0.0561018437225636,1.0
2021-05-18 23:45:00+00:00,0.30325532553255324,0.0,0.0557506584723441,1.0
2021-05-19 00:00:00+00:00,0.2962046204620462,0.0,0.0553994732221246,1.0
2021-05-19 00:15:00+00:00,0.29083220822082206,0.0,0.05452151009657585,1.0
2021-05-19 00:30:00+00:00,0.2854597959795979,0.0,0.0536435469710271,1.0
2021-05-19 00:45:00+00:00,0.28008738373837383,0.0,0.0527655838454784,1.0
2021-05-19 01:00:00+00:00,0.2747149714971497,0.0,0.0518876207199297,1.0
2021-05-19 01:15:00+00:00,0.2710677317731773,0.0,0.04929762949956095,1.0
2021-05-19 01:30:00+00:00,0.2674204920492049,0.0,0.0467076382791922,1.0
2021-05-19 01:45:00+00:00,0.2637732523252325,0.0,0.04411764705882345,1.0
2021-05-19 02:00:00+00:00,0.2601260126012601,0.0,0.0415276558384547,1.0
2021-05-19 02:15:00+00:00,0.2570788328832883,0.0,0.0396180860403862,1.0
2021-05-19 02:30:00+00:00,0.2540316531653165,0.0,0.0377085162423177,1.0
2021-05-19 02:45:00+00:00,0.2509844734473447,0.0,0.03579894644424925,1.0
2021-05-19 03:00:00+00:00,0.2479372937293729,0.0,0.0338893766461808,1.0
2021-05-19 03:15:00+00:00,0.24222734773477345,0.0,0.030289727831431003,1.0
2021-05-19 03:30:00+00:00,0.236517401740174,0.0,0.0266900790166812,1.0
2021-05-19 03:45:00+00:00,0.23080745574557454,0.0,0.02309043020193145,1.0
2021-05-19 04:00:00+00:00,0.2250975097509751,0.0,0.0194907813871817,1.0
2021-05-19 04:15:00+00:00,0.2202407740774077,0.0,0.027963125548726903,1.0
2021-05-19 04:30:00+00:00,0.2153840384038403,0.0,0.0364354697102721,1.0
2021-05-19 04:45:00+00:00,0.21052730273027295,0.0,0.04490781387181735,1.0
2021-05-19 05:00:00+00:00,0.2056705670567056,0.0,0.0533801580333626,1.0
2021-05-19 05:15:00+00:00,0.2001575157515751,0.0,0.1082089552238806,1.0
2021-05-19 05:30:00+00:00,0.1946444644464446,0.0,0.1630377524143986,1.0
2021-05-19 05:45:00+00:00,0.1891314131413141,0.0,0.2178665496049166,1.0
2021-05-19 06:00:00+00:00,0.1836183618361836,0.0,0.2726953467954346,1.0
2021-05-19 06:15:00+00:00,0.18637488748874886,0.0,0.3562993854258121,1.0
2021-05-19 06:30:00+00:00,0.1891314131413141,0.0,0.4399034240561896,1.0
2021-05-19 06:45:00+00:00,0.19188793879387933,0.0,0.5235074626865671,1.0
2021-05-19 07:00:00+00:00,0.1946444644464446,0.0,0.6071115013169447,1.0
2021-05-19 07:15:00+00:00,0.1951320132013201,0.0,0.6579675153643547,1.0
2021-05-19 07:30:00+00:00,0.1956195619561956,0.0,0.7088235294117646,1.0
2021-05-19 07:45:00+00:00,0.1961071107110711,0.0,0.7596795434591747,1.0
2021-05-19 08:00:00+00:00,0.1965946594659466,0.0,0.8105355575065847,1.0
2021-05-19 08:15:00+00:00,0.19259113411341128,0.0,0.8338454784899034,1.0
2021-05-19 08:30:00+00:00,0.188587608760876,0.0,0.8571553994732222,1.0
2021-05-19 08:45:00+00:00,0.18458408340834076,0.0,0.8804653204565409,1.0
2021-05-19 09:00:00+00:00,0.1805805580558055,0.0,0.9037752414398595,1.0
2021-05-19 09:15:00+00:00,0.1789866486648664,0.0,0.9162203687445127,1.0
2021-05-19 09:30:00+00:00,0.1773927392739273,0.0,0.928665496049166,1.0
2021-05-19 09:45:00+00:00,0.17579882988298823,0.0,0.9411106233538192,1.0
2021-05-19 10:00:00+00:00,0.1742049204920492,0.0,0.9535557506584724,1.0
2021-05-19 10:15:00+00:00,0.1751706420642064,0.0,0.9598551360842845,1.0
2021-05-19 10:30:00+00:00,0.1761363636363636,0.0,0.9661545215100966,1.0
2021-05-19 10:45:00+00:00,0.17710208520852078,0.0,0.9724539069359087,1.0
2021-05-19 11:00:00+00:00,0.178067806780678,0.0,0.9787532923617208,1.0
2021-05-19 11:15:00+00:00,0.17921167116711664,0.0,0.9800921861281826,1.0
2021-05-19 11:30:00+00:00,0.1803555355535553,0.0,0.9814310798946444,1.0
2021-05-19 11:45:00+00:00,0.18149939993999395,0.0,0.9827699736611062,1.0
2021-05-19 12:00:00+00:00,0.1826432643264326,0.0,0.984108867427568,1.0
2021-05-19 12:15:00+00:00,0.18445282028202814,0.0,0.9819578577699736,1.0
2021-05-19 12:30:00+00:00,0.1862623762376237,0.0,0.9798068481123792,1.0
2021-05-19 12:45:00+00:00,0.1880719321932193,0.0,0.9776558384547848,1.0
2021-05-19 13:00:00+00:00,0.1898814881488149,0.0,0.9755048287971904,1.0
2021-05-19 13:15:00+00:00,0.19281615661566154,0.0,0.9652546093064089,1.0
2021-05-19 13:30:00+00:00,0.1957508250825082,0.0,0.9550043898156276,1.0
2021-05-19 13:45:00+00:00,0.19868549354935489,0.0,0.9447541703248463,1.0
2021-05-19 14:00:00+00:00,0.2016201620162016,0.0,0.934503950834065,1.0
2021-05-19 14:15:00+00:00,0.20432980798079803,0.0,0.9183933274802458,1.0
2021-05-19 14:30:00+00:00,0.2070394539453945,0.0,0.9022827041264267,1.0
2021-05-19 14:45:00+00:00,0.20974909990999097,0.0,0.8861720807726076,1.0
2021-05-19 15:00:00+00:00,0.2124587458745874,0.0,0.8700614574187884,1.0
2021-05-19 15:15:00+00:00,0.2124587458745874,0.0,0.8419885864793679,1.0
2021-05-19 15:30:00+00:00,0.2124587458745874,0.0,0.8139157155399473,1.0
2021-05-19 15:45:00+00:00,0.2124587458745874,0.0,0.7858428446005268,1.0
2021-05-19 16:00:00+00:00,0.2124587458745874,0.0,0.7577699736611062,1.0
2021-05-19 16:15:00+00:00,0.21468084308430835,0.0,0.7068261633011413,1.0
2021-05-19 16:30:00+00:00,0.2169029402940293,0.0,0.6558823529411765,1.0
2021-05-19 16:45:00+00:00,0.2191250375037503,0.0,0.6049385425812116,1.0
2021-05-19 17:00:00+00:00,0.2213471347134713,0.0,0.5539947322212467,1.0
2021-05-19 17:15:00+00:00,0.2220315781578157,0.0,0.4803336259877085,1.0
2021-05-19 17:30:00+00:00,0.2227160216021601,0.0,0.4066725197541703,1.0
2021-05-19 17:45:00+00:00,0.22340046504650457,0.0,0.3330114135206321,1.0
2021-05-19 18:00:00+00:00,0.224084908490849,0.0,0.2593503072870939,1.0
2021-05-19 18:15:00+00:00,0.22208783378337826,0.0,0.21641791044776115,1.0
2021-05-19 18:30:00+00:00,0.2200907590759075,0.0,0.1734855136084284,1.0
2021-05-19 18:45:00+00:00,0.2180936843684368,0.0,0.13055311676909565,1.0
2021-05-19 19:00:00+00:00,0.2160966096609661,0.0,0.0876207199297629,1.0
2021-05-19 19:15:00+00:00,0.216996699669967,0.0,0.08143107989464435,1.0
2021-05-19 19:30:00+00:00,0.2178967896789679,0.0,0.0752414398595258,1.0
2021-05-19 19:45:00+00:00,0.2187968796879688,0.0,0.0690517998244073,1.0
2021-05-19 20:00:00+00:00,0.2196969696969697,0.0,0.0628621597892888,1.0
2021-05-19 20:15:00+00:00,0.21866561656165615,0.0,0.06255487269534675,1.0
2021-05-19 20:30:00+00:00,0.2176342634263426,0.0,0.0622475856014047,1.0
2021-05-19 20:45:00+00:00,0.21660291029102904,0.0,0.061940298507462646,1.0
2021-05-19 21:00:00+00:00,0.2155715571557155,0.0,0.0616330114135206,1.0
2021-05-19 21:15:00+00:00,0.21565594059405935,0.0,0.061303775241439804,1.0
2021-05-19 21:30:00+00:00,0.2157403240324032,0.0,0.060974539069359,1.0
2021-05-19 21:45:00+00:00,0.21582470747074706,0.0,0.06064530289727825,1.0
2021-05-19 22:00:00+00:00,0.2159090909090909,0.0,0.0603160667251975,1.0
2021-05-19 22:15:00+00:00,0.2151215121512151,0.0,0.0598551360842844,1.0
2021-05-19 22:30:00+00:00,0.2143339333933393,0.0,0.0593942054433713,1.0
2021-05-19 22:45:00+00:00,0.2135463546354635,0.0,0.05893327480245825,1.0
2021-05-19 23:00:00+00:00,0.2127587758775877,0.0,0.0584723441615452,1.0
2021-05-19 23:15:00+00:00,0.2079301680168016,0.0,0.0584723441615452,1.0
2021-05-19 23:30:00+00:00,0.2031015601560155,0.0,0.0584723441615452,1.0
2021-05-19 23:45:00+00:00,0.19827295229522945,0.0,0.0584723441615452,1.0
2021-05-20 00:00:00+00:00,0.1934443444344434,0.0,0.0584723441615452,1.0
2021-05-20 00:15:00+00:00,0.18815631563156304,0.0,0.058252853380158,1.0
2021-05-20 00:30:00+00:00,0.1828682868286827,0.0,0.0580333625987708,1.0
2021-05-20 00:45:00+00:00,0.17758025802580246,0.0,0.0578138718173836,1.0
2021-05-20 01:00:00+00:00,0.1722922292229222,0.0,0.0575943810359964,1.0
2021-05-20 01:15:00+00:00,0.16672292229222915,0.0,0.057396839332747945,1.0
2021-05-20 01:30:00+00:00,0.1611536153615361,0.0,0.0571992976294995,1.0
2021-05-20 01:45:00+00:00,0.15558430843084306,0.0,0.05700175592625105,1.0
2021-05-20 02:00:00+00:00,0.15001500150015,0.0,0.0568042142230026,1.0
2021-05-20 02:15:00+00:00,0.14719284428442841,0.0,0.053577699736611,1.0
2021-05-20 02:30:00+00:00,0.1443706870687068,0.0,0.0503511852502194,1.0
2021-05-20 02:45:00+00:00,0.14154852985298524,0.0,0.04712467076382785,1.0
2021-05-20 03:00:00+00:00,0.1387263726372637,0.0,0.0438981562774363,1.0
2021-05-20 03:15:00+00:00,0.13689806480648062,0.0,0.03924495171202805,1.0
2021-05-20 03:30:00+00:00,0.1350697569756975,0.0,0.0345917471466198,1.0
2021-05-20 03:45:00+00:00,0.13324144914491445,0.0,0.02993854258121155,1.0
2021-05-20 04:00:00+00:00,0.1314131413141314,0.0,0.0252853380158033,1.0
2021-05-20 04:15:00+00:00,0.1293035553555355,0.0,0.0347453906935908,1.0
2021-05-20 04:30:00+00:00,0.1271939693969396,0.0,0.0442054433713783,1.0
2021-05-20 04:45:00+00:00,0.12508438343834377,0.0,0.05366549604916585,1.0
2021-05-20 05:00:00+00:00,0.1229747974797479,0.0,0.0631255487269534,1.0
2021-05-20 05:15:00+00:00,0.1207995799579957,0.0,0.11654960491659344,1.0
2021-05-20 05:30:00+00:00,0.1186243624362435,0.0,0.1699736611062335,1.0
2021-05-20 05:45:00+00:00,0.11644914491449135,0.0,0.22339771729587354,1.0
2021-05-20 06:00:00+00:00,0.1142739273927392,0.0,0.2768217734855136,1.0
2021-05-20 06:15:00+00:00,0.11298004800480041,0.0,0.36003072870939423,1.0
2021-05-20 06:30:00+00:00,0.1116861686168616,0.0,0.4432396839332748,1.0
2021-05-20 06:45:00+00:00,0.11039228922892286,0.0,0.5264486391571553,1.0
2021-05-20 07:00:00+00:00,0.1090984098409841,0.0,0.609657594381036,1.0
2021-05-20 07:15:00+00:00,0.10887338733873385,0.0,0.6638718173836698,1.0
2021-05-20 07:30:00+00:00,0.1086483648364836,0.0,0.7180860403863037,1.0
2021-05-20 07:45:00+00:00,0.10842334233423334,0.0,0.7723002633889376,1.0
2021-05-20 08:00:00+00:00,0.1081983198319831,0.0,0.8265144863915715,1.0
2021-05-20 08:15:00+00:00,0.10892964296429634,0.0,0.8471027216856892,1.0
2021-05-20 08:30:00+00:00,0.1096609660966096,0.0,0.8676909569798068,1.0
2021-05-20 08:45:00+00:00,0.11039228922892284,0.0,0.8882791922739245,1.0
2021-05-20 09:00:00+00:00,0.1111236123612361,0.0,0.9088674275680422,1.0
2021-05-20 09:15:00+00:00,0.11043916891689165,0.0,0.9201273046532046,1.0
2021-05-20 09:30:00+00:00,0.1097547254725472,0.0,0.931387181738367,1.0
2021-05-20 09:45:00+00:00,0.10907028202820274,0.0,0.9426470588235294,1.0
2021-05-20 10:00:00+00:00,0.1083858385838583,0.0,0.9539069359086918,1.0
2021-05-20 10:15:00+00:00,0.1080576807680767,0.0,0.9567603160667252,1.0
2021-05-20 10:30:00+00:00,0.1077295229522951,0.0,0.9596136962247586,1.0
2021-05-20 10:45:00+00:00,0.10740136513651355,0.0,0.9624670763827918,1.0
2021-05-20 11:00:00+00:00,0.107073207320732,0.0,0.9653204565408252,1.0
2021-05-20 11:15:00+00:00,0.10793579357935784,0.0,0.9672958735733098,1.0
2021-05-20 11:30:00+00:00,0.1087983798379837,0.0,0.9692712906057944,1.0
2021-05-20 11:45:00+00:00,0.10966096609660961,0.0,0.9712467076382791,1.0
2021-05-20 12:00:00+00:00,0.1105235523552355,0.0,0.973222124670764,1.0
2021-05-20 12:15:00+00:00,0.11150802580258021,0.0,0.96815188762072,0.9980519480519481
2021-05-20 12:30:00+00:00,0.1124924992499249,0.0,0.963081650570676,0.9961038961038962
2021-05-20 12:45:00+00:00,0.11347697269726964,0.0,0.9580114135206321,0.9941558441558442
2021-05-20 13:00:00+00:00,0.1144614461446144,0.0,0.9529411764705882,0.9922077922077922
2021-05-20 13:15:00+00:00,0.11589596459645955,0.0,0.9414179104477611,0.9859307359307359
2021-05-20 13:30:00+00:00,0.1173304830483047,0.0,0.929894644424934,0.9796536796536796
2021-05-20 13:45:00+00:00,0.11876500150014996,0.0,0.918371378402107,0.9733766233766235
2021-05-20 14:00:00+00:00,0.1201995199519952,0.0,0.90684811237928,0.9670995670995672
2021-05-20 14:15:00+00:00,0.12207470747074706,0.0,0.8911106233538191,0.9735930735930737
2021-05-20 14:30:00+00:00,0.1239498949894989,0.0,0.8753731343283582,0.9800865800865802
2021-05-20 14:45:00+00:00,0.1258250825082508,0.0,0.8596356453028973,0.9865800865800867
2021-05-20 15:00:00+00:00,0.1277002700270027,0.0,0.8438981562774364,0.9930735930735932
2021-05-20 15:15:00+00:00,0.12786903690369034,0.0,0.8115671641791045,0.9948051948051949
2021-05-20 15:30:00+00:00,0.128037803780378,0.0,0.7792361720807726,0.9965367965367966
2021-05-20 15:45:00+00:00,0.12820657065706564,0.0,0.7469051799824407,0.9982683982683983
2021-05-20 16:00:00+00:00,0.1283753375337533,0.0,0.7145741878841089,1.0
2021-05-20 16:15:00+00:00,0.12921917191719165,0.0,0.6613476733977174,1.0
2021-05-20 16:30:00+00:00,0.13006300630063,0.0,0.6081211589113258,1.0
2021-05-20 16:45:00+00:00,0.13090684068406835,0.0,0.5548946444249342,1.0
2021-05-20 17:00:00+00:00,0.1317506750675067,0.0,0.5016681299385426,1.0
2021-05-20 17:15:00+00:00,0.13236011101110107,0.0,0.4312774363476734,1.0
2021-05-20 17:30:00+00:00,0.1329695469546954,0.0,0.3608867427568042,1.0
2021-05-20 17:45:00+00:00,0.13357898289828973,0.0,0.290496049165935,1.0
2021-05-20 18:00:00+00:00,0.1341884188418841,0.0,0.2201053555750658,1.0
2021-05-20 18:15:00+00:00,0.1362605010501049,0.0,0.18397717295873567,1.0
2021-05-20 18:30:00+00:00,0.1383325832583257,0.0,0.1478489903424055,1.0
2021-05-20 18:45:00+00:00,0.14040466546654656,0.0,0.1117208077260754,1.0
2021-05-20 19:00:00+00:00,0.1424767476747674,0.0,0.0755926251097453,1.0
2021-05-20 19:15:00+00:00,0.14627400240023997,0.0,0.07177348551360835,1.0
2021-05-20 19:30:00+00:00,0.1500712571257125,0.0,0.0679543459174714,1.0
2021-05-20 19:45:00+00:00,0.15386851185118505,0.0,0.06413520632133446,1.0
2021-05-20 20:00:00+00:00,0.1576657665766576,0.0,0.0603160667251975,1.0
2021-05-20 20:15:00+00:00,0.1593534353435343,0.0,0.0600965759438103,1.0
2021-05-20 20:30:00+00:00,0.161041104110411,0.0,0.0598770851624231,1.0
2021-05-20 20:45:00+00:00,0.1627287728772877,0.0,0.05965759438103595,1.0
2021-05-20 21:00:00+00:00,0.1644164416441644,0.0,0.0594381035996488,1.0
2021-05-20 21:15:00+00:00,0.1644539453945394,0.0,0.05941615452151005,1.0
2021-05-20 21:30:00+00:00,0.1644914491449144,0.0,0.0593942054433713,1.0
2021-05-20 21:45:00+00:00,0.16452895289528946,0.0,0.0593722563652326,1.0
2021-05-20 22:00:00+00:00,0.1645664566456645,0.0,0.0593503072870939,1.0
2021-05-20 22:15:00+00:00,0.164857110711071,0.0,0.05932835820895515,1.0
2021-05-20 22:30:00+00:00,0.1651477647764775,0.0,0.0593064091308164,1.0
2021-05-20 22:45:00+00:00,0.1654384188418841,0.0,0.0592844600526777,1.0
2021-05-20 23:00:00+00:00,0.1657290729072907,0.0,0.059262510974539,1.0
2021-05-20 23:15:00+00:00,0.1676605160516051,0.0,0.0583187006145741,1.0
2021-05-20 23:30:00+00:00,0.1695919591959195,0.0,0.0573748902546092,1.0
2021-05-20 23:45:00+00:00,0.17152340234023394,0.0,0.056431079894644354,1.0
2021-05-21 00:00:00+00:00,0.1734548454845484,0.0,0.0554872695346795,1.0
2021-05-21 00:15:00+00:00,0.1776271377137713,0.0,0.053424056189639996,1.0
2021-05-21 00:30:00+00:00,0.1817994299429942,0.0,0.0513608428446005,1.0
2021-05-21 00:45:00+00:00,0.18597172217221714,0.0,0.049297629499561,1.0
2021-05-21 01:00:00+00:00,0.1901440144014401,0.0,0.0472344161545215,1.0
2021-05-21 01:15:00+00:00,0.1922442244224422,0.0,0.04501755926251095,1.0
2021-05-21 01:30:00+00:00,0.1943444344434443,0.0,0.0428007023705004,1.0
2021-05-21 01:45:00+00:00,0.1964446444644464,0.0,0.04058384547848985,1.0
2021-05-21 02:00:00+00:00,0.1985448544854485,0.0,0.0383669885864793,1.0
2021-05-21 02:15:00+00:00,0.19785103510351032,0.0,0.034877085162423105,1.0
2021-05-21 02:30:00+00:00,0.1971572157215721,0.0,0.0313871817383669,1.0
2021-05-21 02:45:00+00:00,0.1964633963396339,0.0,0.027897278314310752,1.0
2021-05-21 03:00:00+00:00,0.1957695769576957,0.0,0.0244073748902546,1.0
2021-05-21 03:15:00+00:00,0.18975960096009595,0.0,0.02159789288849865,1.0
2021-05-21 03:30:00+00:00,0.1837496249624962,0.0,0.0187884108867427,1.0
2021-05-21 03:45:00+00:00,0.17773964896489644,0.0,0.0159789288849868,1.0
2021-05-21 04:00:00+00:00,0.1717296729672967,0.0,0.0131694468832309,1.0
2021-05-21 04:15:00+00:00,0.16578532853285324,0.0,0.02289288849868305,1.0
2021-05-21 04:30:00+00:00,0.1598409840984098,0.0,0.0326163301141352,1.0
2021-05-21 04:45:00+00:00,0.15389663966396636,0.0,0.04233977172958735,1.0
2021-05-21 05:00:00+00:00,0.1479522952295229,0.0,0.0520632133450395,1.0
2021-05-21 05:15:00+00:00,0.14036716171617156,0.0,0.10248024582967516,1.0
2021-05-21 05:30:00+00:00,0.1327820282028202,0.0,0.1528972783143108,1.0
2021-05-21 05:45:00+00:00,0.1251968946894689,0.0,0.20331431079894646,1.0
2021-05-21 06:00:00+00:00,0.1176117611761176,0.0,0.2537313432835821,1.0
2021-05-21 06:15:00+00:00,0.1128112811281128,0.0,0.32581211589113257,1.0
2021-05-21 06:30:00+00:00,0.108010801080108,0.0,0.3978928884986831,1.0
2021-05-21 06:45:00+00:00,0.1032103210321032,0.0,0.46997366110623356,1.0
2021-05-21 07:00:00+00:00,0.0984098409840984,0.0,0.542054433713784,1.0
2021-05-21 07:15:00+00:00,0.09899114911491144,0.0,0.5978270412642669,1.0
2021-05-21 07:30:00+00:00,0.0995724572457245,0.0,0.6535996488147497,1.0
2021-05-21 07:45:00+00:00,0.1001537653765376,0.0,0.7093722563652326,1.0
2021-05-21 08:00:00+00:00,0.1007350735073507,0.0,0.7651448639157156,1.0
2021-05-21 08:15:00+00:00,0.1048417341734173,0.0,0.7888279192273925,1.0
2021-05-21 08:30:00+00:00,0.1089483948394839,0.0,0.8125109745390694,1.0
2021-05-21 08:45:00+00:00,0.1130550555055505,0.0,0.8361940298507463,1.0
2021-05-21 09:00:00+00:00,0.1171617161716171,0.0,0.8598770851624232,1.0
2021-05-21 09:15:00+00:00,0.1267626762676267,0.0,0.8769754170324846,1.0
2021-05-21 09:30:00+00:00,0.1363636363636363,0.0,0.8940737489025461,1.0
2021-05-21 09:45:00+00:00,0.14596459645964588,0.0,0.9111720807726076,1.0
2021-05-21 10:00:00+00:00,0.1555655565556555,0.0,0.928270412642669,1.0
2021-05-21 10:15:00+00:00,0.17178592859285918,0.0,0.9334503950834065,1.0
2021-05-21 10:30:00+00:00,0.1880063006300629,0.0,0.938630377524144,1.0
2021-05-21 10:45:00+00:00,0.20422667266726666,0.0,0.9438103599648815,1.0
2021-05-21 11:00:00+00:00,0.2204470447044704,0.0,0.948990342405619,1.0
2021-05-21 11:15:00+00:00,0.23255138013801374,0.0,0.9440517998244073,0.9956709956709957
2021-05-21 11:30:00+00:00,0.2446557155715571,0.0,0.9391132572431956,0.9913419913419914
2021-05-21 11:45:00+00:00,0.25676005100510046,0.0,0.9341747146619841,0.9870129870129871
2021-05-21 12:00:00+00:00,0.2688643864386438,0.0,0.9292361720807726,0.9826839826839828
2021-05-21 12:15:00+00:00,0.27593384338433835,0.0,0.9244732221246708,0.9768398268398271
2021-05-21 12:30:00+00:00,0.2830033003300329,0.0,0.9197102721685688,0.9709956709956712
2021-05-21 12:45:00+00:00,0.2900727572757275,0.0,0.914947322212467,0.9651515151515152
2021-05-21 13:00:00+00:00,0.2971422142214221,0.0,0.9101843722563652,0.9593073593073592
2021-05-21 13:15:00+00:00,0.30615249024902486,0.0,0.8982660228270412,0.958008658008658
2021-05-21 13:30:00+00:00,0.3151627662766276,0.0,0.8863476733977173,0.9567099567099566
2021-05-21 13:45:00+00:00,0.3241730423042304,0.0,0.8744293239683933,0.9554112554112553
2021-05-21 14:00:00+00:00,0.3331833183318332,0.0,0.8625109745390693,0.954112554112554
2021-05-21 14:15:00+00:00,0.33691494149414936,0.0,0.8339991220368744,0.9571428571428571
2021-05-21 14:30:00+00:00,0.3406465646564656,0.0,0.8054872695346795,0.96017316017316
2021-05-21 14:45:00+00:00,0.3443781878187818,0.0,0.7769754170324846,0.9632034632034632
2021-05-21 15:00:00+00:00,0.3481098109810981,0.0,0.7484635645302897,0.9662337662337662
2021-05-21 15:15:00+00:00,0.3457283228322833,0.0,0.7085162423178226,0.9599567099567099
2021-05-21 15:30:00+00:00,0.3433468346834684,0.0,0.6685689201053555,0.9536796536796536
2021-05-21 15:45:00+00:00,0.3409653465346535,0.0,0.6286215978928884,0.9474025974025975
2021-05-21 16:00:00+00:00,0.3385838583858386,0.0,0.5886742756804214,0.9411255411255413
2021-05-21 16:15:00+00:00,0.3437218721872187,0.0,0.5379719051799825,0.9558441558441559
2021-05-21 16:30:00+00:00,0.3488598859885988,0.0,0.4872695346795435,0.9705627705627706
2021-05-21 16:45:00+00:00,0.353997899789979,0.0,0.43656716417910446,0.9852813852813853
2021-05-21 17:00:00+00:00,0.3591359135913591,0.0,0.3858647936786655,1.0
2021-05-21 17:15:00+00:00,0.35765451545154514,0.0,0.3312554872695347,1.0
2021-05-21 17:30:00+00:00,0.3561731173117312,0.0,0.2766461808604038,1.0
2021-05-21 17:45:00+00:00,0.3546917191719172,0.0,0.22203687445127301,1.0
2021-05-21 18:00:00+00:00,0.3532103210321032,0.0,0.1674275680421422,1.0
2021-05-21 18:15:00+00:00,0.3538385088508851,0.0,0.14179104477611937,0.9952380952380953
2021-05-21 18:30:00+00:00,0.3544666966696669,0.0,0.1161545215100965,0.9904761904761904
2021-05-21 18:45:00+00:00,0.35509488448844884,0.0,0.0905179982440737,0.9857142857142855
2021-05-21 19:00:00+00:00,0.3557230723072307,0.0,0.0648814749780509,0.9809523809523808
2021-05-21 19:15:00+00:00,0.3530790579057905,0.0,0.06266461808604029,0.9790043290043289
2021-05-21 19:30:00+00:00,0.3504350435043504,0.0,0.0604477611940297,0.977056277056277
2021-05-21 19:45:00+00:00,0.34779102910291027,0.0,0.0582309043020192,0.9751082251082251
2021-05-21 20:00:00+00:00,0.3451470147014701,0.0,0.0560140474100087,0.9731601731601732
2021-05-21 20:15:00+00:00,0.34094659465946586,0.0,0.0554214223002633,0.97987012987013
2021-05-21 20:30:00+00:00,0.3367461746174617,0.0,0.0548287971905179,0.9865800865800868
2021-05-21 20:45:00+00:00,0.33254575457545754,0.0,0.054236172080772554,0.9932900432900434
2021-05-21 21:00:00+00:00,0.3283453345334533,0.0,0.0536435469710272,1.0
2021-05-21 21:15:00+00:00,0.32039453945394536,0.0,0.05324846356453025,1.0
2021-05-21 21:30:00+00:00,0.3124437443744374,0.0,0.0528533801580333,1.0
2021-05-21 21:45:00+00:00,0.3044929492949294,0.0,0.052458296751536404,1.0
2021-05-21 22:00:00+00:00,0.2965421542154215,0.0,0.0520632133450395,1.0
2021-05-21 22:15:00+00:00,0.29087908790879086,0.0,0.051273046532045605,1.0
2021-05-21 22:30:00+00:00,0.2852160216021602,0.0,0.0504828797190517,1.0
2021-05-21 22:45:00+00:00,0.27955295529552954,0.0,0.049692712906057854,1.0
2021-05-21 23:00:00+00:00,0.2738898889888989,0.0,0.048902546093064,1.0
2021-05-21 23:15:00+00:00,0.2669704470447044,0.0,0.04760755048287965,0.9885281385281385
2021-05-21 23:30:00+00:00,0.26005100510051,0.0,0.0463125548726953,0.977056277056277
2021-05-21 23:45:00+00:00,0.2531315631563156,0.0,0.04501755926251095,0.9655844155844155
2021-05-22 00:00:00+00:00,0.2462121212121212,0.0,0.0437225636523266,0.954112554112554
2021-05-22 00:15:00+00:00,0.245283903390339,0.0,0.03968393327480245,0.9582251082251082
2021-05-22 00:30:00+00:00,0.2443556855685568,0.0,0.0356453028972783,0.9623376623376624
2021-05-22 00:45:00+00:00,0.24342746774677465,0.0,0.031606672519754145,0.9664502164502164
2021-05-22 01:00:00+00:00,0.2424992499249925,0.0,0.02756804214223,0.9705627705627704
2021-05-22 01:15:00+00:00,0.23812068706870684,0.0,0.02379280070237045,0.9705627705627704
2021-05-22 01:30:00+00:00,0.2337421242124212,0.0,0.0200175592625109,0.9705627705627704
2021-05-22 01:45:00+00:00,0.2293635613561356,0.0,0.016242317822651398,0.9705627705627704
2021-05-22 02:00:00+00:00,0.22498499849985,0.0,0.0124670763827919,0.9705627705627704
2021-05-22 02:15:00+00:00,0.22182530753075302,0.0,0.01132572431957855,0.9779220779220779
2021-05-22 02:30:00+00:00,0.2186656165616561,0.0,0.0101843722563652,0.9852813852813852
2021-05-22 02:45:00+00:00,0.2155059255925592,0.0,0.009043020193151851,0.9926406926406927
2021-05-22 03:00:00+00:00,0.2123462346234623,0.0,0.0079016681299385,1.0
2021-05-22 03:15:00+00:00,0.2075926342634263,0.0,0.00713345039508335,0.9993506493506493
2021-05-22 03:30:00+00:00,0.2028390339033903,0.0,0.0063652326602282,0.9987012987012986
2021-05-22 03:45:00+00:00,0.1980854335433543,0.0,0.00559701492537305,0.9980519480519481
2021-05-22 04:00:00+00:00,0.1933318331833183,0.0,0.0048287971905179,0.9974025974025974
2021-05-22 04:15:00+00:00,0.18796879687968793,0.0,0.0137840210711149,0.9883116883116883
2021-05-22 04:30:00+00:00,0.1826057605760575,0.0,0.0227392449517119,0.9792207792207792
2021-05-22 04:45:00+00:00,0.17724272427242715,0.0,0.03169446883230895,0.9701298701298702
2021-05-22 05:00:00+00:00,0.1718796879687968,0.0,0.040649692712906,0.961038961038961
2021-05-22 05:15:00+00:00,0.16345072007200712,0.0,0.0831431079894644,0.9673160173160174
2021-05-22 05:30:00+00:00,0.1550217521752174,0.0,0.1256365232660228,0.9735930735930736
2021-05-22 05:45:00+00:00,0.14659278427842776,0.0,0.16812993854258118,0.9798701298701298
2021-05-22 06:00:00+00:00,0.1381638163816381,0.0,0.2106233538191396,0.986147186147186
2021-05-22 06:15:00+00:00,0.1374512451245124,0.0,0.2682835820895523,0.9841991341991341
2021-05-22 06:30:00+00:00,0.1367386738673867,0.0,0.3259438103599649,0.9822510822510822
2021-05-22 06:45:00+00:00,0.136026102610261,0.0,0.38360403863037756,0.9803030303030303
2021-05-22 07:00:00+00:00,0.1353135313531353,0.0,0.4412642669007902,0.9783549783549784
2021-05-22 07:15:00+00:00,0.1337852535253525,0.0,0.49111062335381916,0.9837662337662338
2021-05-22 07:30:00+00:00,0.1322569756975697,0.0,0.5409569798068481,0.9891774891774892
2021-05-22 07:45:00+00:00,0.13072869786978694,0.0,0.590803336259877,0.9945887445887446
2021-05-22 08:00:00+00:00,0.1292004200420042,0.0,0.6406496927129061,1.0
2021-05-22 08:15:00+00:00,0.12722209720972094,0.0,0.6696883230904302,1.0
2021-05-22 08:30:00+00:00,0.1252437743774377,0.0,0.6987269534679543,1.0
2021-05-22 08:45:00+00:00,0.12326545154515445,0.0,0.7277655838454784,1.0
2021-05-22 09:00:00+00:00,0.1212871287128712,0.0,0.7568042142230026,1.0
2021-05-22 09:15:00+00:00,0.12130588058805869,0.0,0.7714661984196663,1.0
2021-05-22 09:30:00+00:00,0.1213246324632462,0.0,0.7861281826163301,1.0
2021-05-22 09:45:00+00:00,0.12134338433843375,0.0,0.8007901668129939,1.0
2021-05-22 10:00:00+00:00,0.1213621362136213,0.0,0.8154521510096576,1.0
2021-05-22 10:15:00+00:00,0.12291854185418535,0.0,0.8194688323090431,1.0
2021-05-22 10:30:00+00:00,0.1244749474947494,0.0,0.8234855136084285,1.0
2021-05-22 10:45:00+00:00,0.12603135313531344,0.0,0.8275021949078138,1.0
2021-05-22 11:00:00+00:00,0.1275877587758775,0.0,0.8315188762071993,1.0
2021-05-22 11:15:00+00:00,0.13426342634263422,0.0,0.8320237050043899,0.9831168831168831
2021-05-22 11:30:00+00:00,0.1409390939093909,0.0,0.8325285338015804,0.9662337662337662
2021-05-22 11:45:00+00:00,0.1476147614761476,0.0,0.8330333625987709,0.9493506493506494
2021-05-22 12:00:00+00:00,0.1542904290429043,0.0,0.8335381913959614,0.9324675324675324
2021-05-22 12:15:00+00:00,0.16022539753975396,0.0,0.8315847234416155,0.9300865800865801
2021-05-22 12:30:00+00:00,0.1661603660366036,0.0,0.8296312554872696,0.9277056277056276
2021-05-22 12:45:00+00:00,0.17209533453345333,0.0,0.8276777875329236,0.9253246753246753
2021-05-22 13:00:00+00:00,0.178030303030303,0.0,0.8257243195785777,0.922943722943723
2021-05-22 13:15:00+00:00,0.17972734773477345,0.0,0.8016022827041265,0.9305194805194805
2021-05-22 13:30:00+00:00,0.1814243924392439,0.0,0.7774802458296752,0.938095238095238
2021-05-22 13:45:00+00:00,0.18312143714371434,0.0,0.753358208955224,0.9456709956709957
2021-05-22 14:00:00+00:00,0.1848184818481848,0.0,0.7292361720807726,0.9532467532467532
2021-05-22 14:15:00+00:00,0.18406840684068404,0.0,0.6919666374012292,0.9519480519480519
2021-05-22 14:30:00+00:00,0.1833183318331833,0.0,0.6546971027216857,0.9506493506493506
2021-05-22 14:45:00+00:00,0.18256825682568256,0.0,0.6174275680421422,0.9493506493506494
2021-05-22 15:00:00+00:00,0.1818181818181818,0.0,0.5801580333625987,0.948051948051948
2021-05-22 15:15:00+00:00,0.18455595559555948,0.0,0.5272827041264266,0.9476190476190476
2021-05-22 15:30:00+00:00,0.1872937293729372,0.0,0.4744073748902546,0.9471861471861472
2021-05-22 15:45:00+00:00,0.19003150315031495,0.0,0.4215320456540825,0.9467532467532469
2021-05-22 16:00:00+00:00,0.1927692769276927,0.0,0.3686567164179104,0.9463203463203465
2021-05-22 16:15:00+00:00,0.194588208820882,0.0,0.32774363476733975,0.9597402597402598
2021-05-22 16:30:00+00:00,0.1964071407140713,0.0,0.2868305531167691,0.9731601731601732
2021-05-22 16:45:00+00:00,0.19822607260726066,0.0,0.2459174714661984,0.9865800865800867
2021-05-22 17:00:00+00:00,0.20004500450045,0.0,0.2050043898156277,1.0
2021-05-22 17:15:00+00:00,0.19984810981098106,0.0,0.1755487269534679,1.0
2021-05-22 17:30:00+00:00,0.1996512151215121,0.0,0.1460930640913081,1.0
2021-05-22 17:45:00+00:00,0.19945432043204314,0.0,0.1166374012291483,1.0
2021-05-22 18:00:00+00:00,0.1992574257425742,0.0,0.0871817383669885,1.0
2021-05-22 18:15:00+00:00,0.19453195319531946,0.0,0.0749561018437225,1.0
2021-05-22 18:30:00+00:00,0.1898064806480647,0.0,0.0627304653204565,1.0
2021-05-22 18:45:00+00:00,0.18508100810081002,0.0,0.050504828797190496,1.0
2021-05-22 19:00:00+00:00,0.1803555355535553,0.0,0.0382791922739245,1.0
2021-05-22 19:15:00+00:00,0.1781334383438343,0.0,0.03500877963125545,1.0
2021-05-22 19:30:00+00:00,0.1759113411341133,0.0,0.0317383669885864,1.0
2021-05-22 19:45:00+00:00,0.17368924392439233,0.0,0.0284679543459174,1.0
2021-05-22 20:00:00+00:00,0.1714671467146714,0.0,0.0251975417032484,1.0
2021-05-22 20:15:00+00:00,0.17232973297329723,0.0,0.02249780509218605,0.9963203463203463
2021-05-22 20:30:00+00:00,0.1731923192319231,0.0,0.0197980684811237,0.9926406926406924
2021-05-22 20:45:00+00:00,0.174054905490549,0.0,0.0170983318700614,0.9889610389610388
2021-05-22 21:00:00+00:00,0.1749174917491749,0.0,0.0143985952589991,0.9852813852813852
2021-05-22 21:15:00+00:00,0.17575195019501944,0.0,0.011962247585601351,0.968181818181818
2021-05-22 21:30:00+00:00,0.176586408640864,0.0,0.0095258999122036,0.951082251082251
2021-05-22 21:45:00+00:00,0.1774208670867086,0.0,0.007089552238805899,0.9339826839826839
2021-05-22 22:00:00+00:00,0.1782553255325532,0.0,0.0046532045654082,0.9168831168831169
2021-05-22 22:15:00+00:00,0.18057118211821174,0.0,0.0046312554872694495,0.9168831168831169
2021-05-22 22:30:00+00:00,0.1828870387038703,0.0,0.0046093064091307,0.9168831168831169
2021-05-22 22:45:00+00:00,0.18520289528952888,0.0,0.004587357330992,0.9168831168831169
2021-05-22 23:00:00+00:00,0.1875187518751875,0.0,0.0045654082528533,0.9168831168831169
2021-05-22 23:15:00+00:00,0.19316306630663066,0.0,0.0045654082528533,0.9151515151515153
2021-05-22 23:30:00+00:00,0.1988073807380738,0.0,0.0045654082528533,0.9134199134199136
2021-05-22 23:45:00+00:00,0.20445169516951694,0.0,0.0045654082528533,0.9116883116883118
2021-05-23 00:00:00+00:00,0.2100960096009601,0.0,0.0045654082528533,0.90995670995671
2021-05-23 00:15:00+00:00,0.2096272127212721,0.0,0.0045654082528533,0.9097402597402598
2021-05-23 00:30:00+00:00,0.2091584158415841,0.0,0.0045654082528533,0.9095238095238096
2021-05-23 00:45:00+00:00,0.20868961896189614,0.0,0.0045654082528533,0.9093073593073594
2021-05-23 01:00:00+00:00,0.2082208220822082,0.0,0.0045654082528533,0.9090909090909092
2021-05-23 01:15:00+00:00,0.2083708370837083,0.0,0.00454345917471455,0.9093073593073594
2021-05-23 01:30:00+00:00,0.2085208520852084,0.0,0.0045215100965758,0.9095238095238096
2021-05-23 01:45:00+00:00,0.2086708670867086,0.0,0.00449956101843715,0.9097402597402597
2021-05-23 02:00:00+00:00,0.2088208820882088,0.0,0.0044776119402985,0.90995670995671
2021-05-23 02:15:00+00:00,0.20824894989498943,0.0,0.00449956101843715,0.9082251082251083
2021-05-23 02:30:00+00:00,0.2076770177017701,0.0,0.0045215100965758,0.9064935064935066
2021-05-23 02:45:00+00:00,0.2071050855085508,0.0,0.00454345917471455,0.9047619047619049
2021-05-23 03:00:00+00:00,0.2065331533153315,0.0,0.0045654082528533,0.9030303030303032
2021-05-23 03:15:00+00:00,0.20314843984398437,0.0,0.0045654082528533,0.902813852813853
2021-05-23 03:30:00+00:00,0.1997637263726372,0.0,0.0045654082528533,0.9025974025974026
2021-05-23 03:45:00+00:00,0.19637901290129012,0.0,0.0045654082528533,0.9023809523809524
2021-05-23 04:00:00+00:00,0.192994299429943,0.0,0.0045654082528533,0.9021645021645022
2021-05-23 04:15:00+00:00,0.18891576657665765,0.0,0.00741878841088665,0.9012987012987013
2021-05-23 04:30:00+00:00,0.1848372337233723,0.0,0.01027216856892,0.9004329004329004
2021-05-23 04:45:00+00:00,0.18075870087008694,0.0,0.0131255487269534,0.8995670995670995
2021-05-23 05:00:00+00:00,0.1766801680168016,0.0,0.0159789288849868,0.8987012987012987
2021-05-23 05:15:00+00:00,0.1714390189018901,0.0,0.03165057067603155,0.9015151515151516
2021-05-23 05:30:00+00:00,0.1661978697869786,0.0,0.0473222124670763,0.9043290043290044
2021-05-23 05:45:00+00:00,0.16095672067206715,0.0,0.0629938542581211,0.9071428571428573
2021-05-23 06:00:00+00:00,0.1557155715571557,0.0,0.0786654960491659,0.90995670995671
2021-05-23 06:15:00+00:00,0.1498743624362436,0.0,0.10722124670763825,0.9093073593073594
2021-05-23 06:30:00+00:00,0.1440331533153315,0.0,0.1357769973661106,0.9086580086580088
2021-05-23 06:45:00+00:00,0.1381919441944194,0.0,0.16433274802458295,0.9080086580086582
2021-05-23 07:00:00+00:00,0.1323507350735073,0.0,0.1928884986830553,0.9073593073593074
2021-05-23 07:15:00+00:00,0.13030678067806775,0.0,0.2274582967515364,0.9075757575757576
2021-05-23 07:30:00+00:00,0.1282628262826282,0.0,0.2620280948200175,0.9077922077922078
2021-05-23 07:45:00+00:00,0.12621887188718864,0.0,0.29659789288849864,0.908008658008658
2021-05-23 08:00:00+00:00,0.1241749174917491,0.0,0.3311676909569798,0.9082251082251084
2021-05-23 08:15:00+00:00,0.1234810981098109,0.0,0.36694468832309046,0.9121212121212123
2021-05-23 08:30:00+00:00,0.1227872787278727,0.0,0.4027216856892011,0.9160173160173162
2021-05-23 08:45:00+00:00,0.12209345934593455,0.0,0.4384986830553117,0.91991341991342
2021-05-23 09:00:00+00:00,0.1213996399639964,0.0,0.4742756804214223,0.923809523809524
2021-05-23 09:15:00+00:00,0.11971197119711965,0.0,0.48621597892888496,0.9285714285714286
2021-05-23 09:30:00+00:00,0.1180243024302429,0.0,0.4981562774363476,0.9333333333333332
2021-05-23 09:45:00+00:00,0.11633663366336625,0.0,0.5100965759438103,0.9380952380952381
2021-05-23 10:00:00+00:00,0.1146489648964896,0.0,0.522036874451273,0.9428571428571428
2021-05-23 10:15:00+00:00,0.117049204920492,0.0,0.5330553116769094,0.9383116883116883
2021-05-23 10:30:00+00:00,0.1194494449444944,0.0,0.544073748902546,0.9337662337662338
2021-05-23 10:45:00+00:00,0.1218496849684968,0.0,0.5550921861281826,0.9292207792207793
2021-05-23 11:00:00+00:00,0.1242499249924992,0.0,0.5661106233538191,0.9246753246753248
2021-05-23 11:15:00+00:00,0.13400090009000895,0.0,0.5743195785776998,0.9196969696969698
2021-05-23 11:30:00+00:00,0.1437518751875187,0.0,0.5825285338015803,0.9147186147186148
2021-05-23 11:45:00+00:00,0.15350285028502844,0.0,0.5907374890254609,0.9097402597402597
2021-05-23 12:00:00+00:00,0.1632538253825382,0.0,0.5989464442493415,0.9047619047619048
2021-05-23 12:15:00+00:00,0.17148589858985894,0.0,0.5945785776997365,0.9045454545454547
2021-05-23 12:30:00+00:00,0.1797179717971797,0.0,0.5902107111501317,0.9043290043290044
2021-05-23 12:45:00+00:00,0.18795004500450044,0.0,0.5858428446005268,0.9041125541125542
2021-05-23 13:00:00+00:00,0.1961821182118212,0.0,0.5814749780509219,0.903896103896104
2021-05-23 13:15:00+00:00,0.1933130813081308,0.0,0.570017559262511,0.9041125541125542
2021-05-23 13:30:00+00:00,0.1904440444044404,0.0,0.5585601404741001,0.9043290043290044
2021-05-23 13:45:00+00:00,0.18757500750075007,0.0,0.5471027216856892,0.9045454545454545
2021-05-23 14:00:00+00:00,0.1847059705970597,0.0,0.5356453028972783,0.9047619047619048
2021-05-23 14:15:00+00:00,0.18683430843084303,0.0,0.5178007023705005,0.9038961038961039
2021-05-23 14:30:00+00:00,0.1889626462646264,0.0,0.4999561018437225,0.903030303030303
2021-05-23 14:45:00+00:00,0.1910909840984098,0.0,0.4821115013169447,0.9021645021645021
2021-05-23 15:00:00+00:00,0.1932193219321932,0.0,0.4642669007901668,0.9012987012987012
2021-05-23 15:15:00+00:00,0.1951788928892889,0.0,0.4473222124670764,0.9034632034632033
2021-05-23 15:30:00+00:00,0.1971384638463846,0.0,0.4303775241439859,0.9056277056277056
2021-05-23 15:45:00+00:00,0.1990980348034803,0.0,0.4134328358208955,0.9077922077922078
2021-05-23 16:00:00+00:00,0.201057605760576,0.0,0.3964881474978051,0.90995670995671
2021-05-23 16:15:00+00:00,0.20830520552055198,0.0,0.3818920105355575,0.9155844155844155
2021-05-23 16:30:00+00:00,0.215552805280528,0.0,0.3672958735733099,0.9212121212121211
2021-05-23 16:45:00+00:00,0.222800405040504,0.0,0.3526997366110623,0.9268398268398268
2021-05-23 17:00:00+00:00,0.23004800480048,0.0,0.3381035996488147,0.9324675324675324
2021-05-23 17:15:00+00:00,0.23001050105010495,0.0,0.3000219490781386,0.9380952380952381
2021-05-23 17:30:00+00:00,0.2299729972997299,0.0,0.2619402985074626,0.9437229437229436
2021-05-23 17:45:00+00:00,0.22993549354935489,0.0,0.22385864793678661,0.9493506493506492
2021-05-23 18:00:00+00:00,0.2298979897989799,0.0,0.1857769973661106,0.9549783549783548
2021-05-23 18:15:00+00:00,0.23172629762976293,0.0,0.15423617208077256,0.9662337662337661
2021-05-23 18:30:00+00:00,0.233554605460546,0.0,0.1226953467954345,0.9774891774891774
2021-05-23 18:45:00+00:00,0.2353829132913291,0.0,0.09115452151009651,0.9887445887445887
2021-05-23 19:00:00+00:00,0.2372112211221122,0.0,0.0596136962247585,1.0
2021-05-23 19:15:00+00:00,0.24214296429642962,0.0,0.0549165935030728,0.9867965367965368
2021-05-23 19:30:00+00:00,0.247074707470747,0.0,0.0502194907813871,0.9735930735930736
2021-05-23 19:45:00+00:00,0.25200645064506444,0.0,0.04552238805970145,0.9603896103896103
2021-05-23 20:00:00+00:00,0.2569381938193819,0.0,0.0408252853380158,0.9471861471861472
2021-05-23 20:15:00+00:00,0.25803517851785174,0.0,0.03871817383669885,0.938961038961039
2021-05-23 20:30:00+00:00,0.2591321632163216,0.0,0.0366110623353819,0.9307359307359307
2021-05-23 20:45:00+00:00,0.26022914791479146,0.0,0.03450395083406495,0.9225108225108225
2021-05-23 21:00:00+00:00,0.2613261326132613,0.0,0.032396839332748,0.9142857142857144
2021-05-23 21:15:00+00:00,0.2670735823582358,0.0,0.03092625109745385,0.9082251082251083
2021-05-23 21:30:00+00:00,0.2728210321032103,0.0,0.0294556628621597,0.9021645021645022
2021-05-23 21:45:00+00:00,0.27856848184818483,0.0,0.0279850746268656,0.8961038961038961
2021-05-23 22:00:00+00:00,0.2843159315931593,0.0,0.0265144863915715,0.8900432900432901
2021-05-23 22:15:00+00:00,0.2838283828382839,0.0,0.0264047410008779,0.8896103896103896
2021-05-23 22:30:00+00:00,0.2833408340834084,0.0,0.0262949956101843,0.8891774891774892
2021-05-23 22:45:00+00:00,0.2828532853285329,0.0,0.0261852502194907,0.8887445887445887
2021-05-23 23:00:00+00:00,0.2823657365736574,0.0,0.0260755048287971,0.8883116883116883
2021-05-23 23:15:00+00:00,0.2823657365736574,0.0,0.0260535557506584,0.8874458874458875
2021-05-23 23:30:00+00:00,0.2823657365736574,0.0,0.0260316066725197,0.8865800865800866
2021-05-23 23:45:00+00:00,0.2823657365736574,0.0,0.026009657594381,0.8857142857142857
2021-05-24 00:00:00+00:00,0.2823657365736574,0.0,0.0259877085162423,0.8848484848484849
2021-05-24 00:15:00+00:00,0.2839502700270027,0.0,0.02561457418788405,0.8857142857142857
2021-05-24 00:30:00+00:00,0.285534803480348,0.0,0.0252414398595258,0.8865800865800866
2021-05-24 00:45:00+00:00,0.28711933693369335,0.0,0.0248683055311676,0.8874458874458875
2021-05-24 01:00:00+00:00,0.2887038703870387,0.0,0.0244951712028094,0.8883116883116883
2021-05-24 01:15:00+00:00,0.2950701320132013,0.0,0.0231562774363476,0.8902597402597403
2021-05-24 01:30:00+00:00,0.3014363936393639,0.0,0.0218173836698858,0.8922077922077922
2021-05-24 01:45:00+00:00,0.3078026552655265,0.0,0.020478489903423998,0.8941558441558441
2021-05-24 02:00:00+00:00,0.3141689168916892,0.0,0.0191395961369622,0.8961038961038961
2021-05-24 02:15:00+00:00,0.31747862286228623,0.0,0.01826163301141345,0.898051948051948
2021-05-24 02:30:00+00:00,0.3207883288328833,0.0,0.0173836698858647,0.9
2021-05-24 02:45:00+00:00,0.3240980348034803,0.0,0.016505706760316,0.901948051948052
2021-05-24 03:00:00+00:00,0.3274077407740774,0.0,0.0156277436347673,0.903896103896104
2021-05-24 03:15:00+00:00,0.3285703570357036,0.0,0.01435469710272165,0.920995670995671
2021-05-24 03:30:00+00:00,0.3297329732973297,0.0,0.013081650570676,0.9380952380952382
2021-05-24 03:45:00+00:00,0.3308955895589558,0.0,0.01180860403863035,0.9551948051948054
2021-05-24 04:00:00+00:00,0.332058205820582,0.0,0.0105355575065847,0.9722943722943724
2021-05-24 04:15:00+00:00,0.3271827182718271,0.0,0.021180860403863,0.9699134199134201
2021-05-24 04:30:00+00:00,0.3223072307230722,0.0,0.0318261633011413,0.9675324675324676
2021-05-24 04:45:00+00:00,0.3174317431743173,0.0,0.0424714661984196,0.9651515151515152
2021-05-24 05:00:00+00:00,0.3125562556255625,0.0,0.0531167690956979,0.9627705627705628
2021-05-24 05:15:00+00:00,0.30226147614761467,0.0,0.1046751536435469,0.9720779220779222
2021-05-24 05:30:00+00:00,0.2919666966696669,0.0,0.1562335381913959,0.9813852813852816
2021-05-24 05:45:00+00:00,0.28167191719171913,0.0,0.2077919227392449,0.9906926406926408
2021-05-24 06:00:00+00:00,0.2713771377137713,0.0,0.2593503072870939,1.0
2021-05-24 06:15:00+00:00,0.26721422142214213,0.0,0.33492098331870057,0.9984848484848485
2021-05-24 06:30:00+00:00,0.263051305130513,0.0,0.4104916593503073,0.9969696969696972
2021-05-24 06:45:00+00:00,0.2588883888388839,0.0,0.48606233538191396,0.9954545454545456
2021-05-24 07:00:00+00:00,0.2547254725472547,0.0,0.5616330114135206,0.993939393939394
2021-05-24 07:15:00+00:00,0.25481923192319234,0.0,0.6183274802458297,0.9943722943722944
2021-05-24 07:30:00+00:00,0.2549129912991299,0.0,0.6750219490781387,0.9948051948051948
2021-05-24 07:45:00+00:00,0.2550067506750675,0.0,0.7317164179104478,0.9952380952380953
2021-05-24 08:00:00+00:00,0.2551005100510051,0.0,0.7884108867427568,0.9956709956709956
2021-05-24 08:15:00+00:00,0.25196894689468946,0.0,0.8108208955223881,0.9967532467532466
2021-05-24 08:30:00+00:00,0.2488373837383738,0.0,0.8332309043020194,0.9978354978354976
2021-05-24 08:45:00+00:00,0.24570582058205814,0.0,0.8556409130816507,0.9989177489177488
2021-05-24 09:00:00+00:00,0.2425742574257425,0.0,0.8780509218612819,1.0
2021-05-24 09:15:00+00:00,0.24471197119711965,0.0,0.887620719929763,0.9915584415584415
2021-05-24 09:30:00+00:00,0.2468496849684968,0.0,0.8971905179982441,0.9831168831168832
2021-05-24 09:45:00+00:00,0.24898739873987394,0.0,0.9067603160667252,0.9746753246753247
2021-05-24 10:00:00+00:00,0.2511251125112511,0.0,0.9163301141352064,0.9662337662337662
2021-05-24 10:15:00+00:00,0.25435981098109806,0.0,0.9155179982440738,0.9645021645021645
2021-05-24 10:30:00+00:00,0.2575945094509451,0.0,0.9147058823529411,0.9627705627705628
2021-05-24 10:45:00+00:00,0.26082920792079206,0.0,0.9138937664618085,0.961038961038961
2021-05-24 11:00:00+00:00,0.2640639063906391,0.0,0.913081650570676,0.9593073593073592
2021-05-24 11:15:00+00:00,0.26646414641464145,0.0,0.9032045654082529,0.9538961038961038
2021-05-24 11:30:00+00:00,0.2688643864386438,0.0,0.8933274802458298,0.9484848484848484
2021-05-24 11:45:00+00:00,0.27126462646264626,0.0,0.8834503950834065,0.943073593073593
2021-05-24 12:00:00+00:00,0.2736648664866487,0.0,0.8735733099209834,0.9376623376623376
2021-05-24 12:15:00+00:00,0.2743961896189619,0.0,0.8640474100087796,0.9337662337662338
2021-05-24 12:30:00+00:00,0.2751275127512751,0.0,0.854521510096576,0.9298701298701298
2021-05-24 12:45:00+00:00,0.2758588358835884,0.0,0.8449956101843723,0.9259740259740259
2021-05-24 13:00:00+00:00,0.2765901590159016,0.0,0.8354697102721685,0.922077922077922
2021-05-24 13:15:00+00:00,0.2726147614761476,0.0,0.8210052677787533,0.9281385281385282
2021-05-24 13:30:00+00:00,0.2686393639363936,0.0,0.806540825285338,0.9341991341991344
2021-05-24 13:45:00+00:00,0.26466396639663964,0.0,0.7920763827919227,0.9402597402597404
2021-05-24 14:00:00+00:00,0.2606885688568857,0.0,0.7776119402985074,0.9463203463203465
2021-05-24 14:15:00+00:00,0.2563100060006,0.0,0.7622695346795434,0.938961038961039
2021-05-24 14:30:00+00:00,0.2519314431443143,0.0,0.7469271290605795,0.9316017316017317
2021-05-24 14:45:00+00:00,0.2475528802880287,0.0,0.7315847234416155,0.9242424242424242
2021-05-24 15:00:00+00:00,0.2431743174317431,0.0,0.7162423178226515,0.9168831168831169
2021-05-24 15:15:00+00:00,0.2426398889888988,0.0,0.6935030728709395,0.9205627705627706
2021-05-24 15:30:00+00:00,0.2421054605460545,0.0,0.6707638279192274,0.9242424242424244
2021-05-24 15:45:00+00:00,0.24157103210321024,0.0,0.6480245829675153,0.927922077922078
2021-05-24 16:00:00+00:00,0.241036603660366,0.0,0.6252853380158033,0.9316017316017317
2021-05-24 16:15:00+00:00,0.2420773327332733,0.0,0.5856014047410009,0.9413419913419914
2021-05-24 16:30:00+00:00,0.2431180618061806,0.0,0.5459174714661984,0.951082251082251
2021-05-24 16:45:00+00:00,0.2441587908790879,0.0,0.5062335381913959,0.9608225108225107
2021-05-24 17:00:00+00:00,0.2451995199519952,0.0,0.4665496049165935,0.9705627705627704
2021-05-24 17:15:00+00:00,0.2459589708970897,0.0,0.4076382791922739,0.9779220779220779
2021-05-24 17:30:00+00:00,0.2467184218421842,0.0,0.3487269534679543,0.9852813852813852
2021-05-24 17:45:00+00:00,0.2474778727872787,0.0,0.28981562774363473,0.9926406926406927
2021-05-24 18:00:00+00:00,0.2482373237323732,0.0,0.2309043020193152,1.0
2021-05-24 18:15:00+00:00,0.24708408340834082,0.0,0.19192273924495168,1.0
2021-05-24 18:30:00+00:00,0.2459308430843084,0.0,0.1529411764705882,1.0
2021-05-24 18:45:00+00:00,0.244777602760276,0.0,0.1139596136962247,1.0
2021-05-24 19:00:00+00:00,0.2436243624362436,0.0,0.0749780509218612,1.0
2021-05-24 19:15:00+00:00,0.24610898589858987,0.0,0.06729587357330985,1.0
2021-05-24 19:30:00+00:00,0.2485936093609361,0.0,0.0596136962247585,1.0
2021-05-24 19:45:00+00:00,0.25107823282328234,0.0,0.05193151887620715,1.0
2021-05-24 20:00:00+00:00,0.2535628562856286,0.0,0.0442493415276558,1.0
2021-05-24 20:15:00+00:00,0.25215646564656463,0.0,0.0418349429323968,1.0
2021-05-24 20:30:00+00:00,0.2507500750075007,0.0,0.0394205443371378,1.0
2021-05-24 20:45:00+00:00,0.2493436843684368,0.0,0.0370061457418788,1.0
2021-05-24 21:00:00+00:00,0.2479372937293729,0.0,0.0345917471466198,1.0
2021-05-24 21:15:00+00:00,0.24372749774977495,0.0,0.033713784021071044,1.0
2021-05-24 21:30:00+00:00,0.239517701770177,0.0,0.0328358208955223,1.0
2021-05-24 21:45:00+00:00,0.23530790579057906,0.0,0.0319578577699736,1.0
2021-05-24 22:00:00+00:00,0.2310981098109811,0.0,0.0310798946444249,1.0
2021-05-24 22:15:00+00:00,0.22701957695769576,0.0,0.0303775241439859,1.0
2021-05-24 22:30:00+00:00,0.2229410441044104,0.0,0.0296751536435469,1.0
2021-05-24 22:45:00+00:00,0.21886251125112505,0.0,0.02897278314310795,1.0
2021-05-24 23:00:00+00:00,0.2147839783978397,0.0,0.028270412642669,1.0
2021-05-24 23:15:00+00:00,0.21250562556255614,0.0,0.02822651448639155,0.9967532467532468
2021-05-24 23:30:00+00:00,0.2102272727272726,0.0,0.0281826163301141,0.9935064935064936
2021-05-24 23:45:00+00:00,0.2079489198919891,0.0,0.02813871817383665,0.9902597402597403
2021-05-25 00:00:00+00:00,0.2056705670567056,0.0,0.0280948200175592,0.987012987012987
2021-05-25 00:15:00+00:00,0.20476110111011095,0.0,0.0282045654082528,0.9826839826839827
2021-05-25 00:30:00+00:00,0.2038516351635163,0.0,0.0283143107989464,0.9783549783549784
2021-05-25 00:45:00+00:00,0.20294216921692165,0.0,0.02842405618964,0.974025974025974
2021-05-25 01:00:00+00:00,0.202032703270327,0.0,0.0285338015803336,0.9696969696969696
2021-05-25 01:15:00+00:00,0.19892926792679266,0.0,0.02886303775241435,0.9718614718614718
2021-05-25 01:30:00+00:00,0.1958258325832583,0.0,0.0291922739244951,0.974025974025974
2021-05-25 01:45:00+00:00,0.19272239723972395,0.0,0.0295215100965759,0.9761904761904763
2021-05-25 02:00:00+00:00,0.1896189618961896,0.0,0.0298507462686567,0.9783549783549784
2021-05-25 02:15:00+00:00,0.18811881188118806,0.0,0.02943371378402105,0.9683982683982684
2021-05-25 02:30:00+00:00,0.1866186618661865,0.0,0.0290166812993854,0.9584415584415584
2021-05-25 02:45:00+00:00,0.18511851185118505,0.0,0.028599648814749752,0.9484848484848485
2021-05-25 03:00:00+00:00,0.1836183618361836,0.0,0.0281826163301141,0.9385281385281384
2021-05-25 03:15:00+00:00,0.1837308730873087,0.0,0.0251755926251097,0.9448051948051948
2021-05-25 03:30:00+00:00,0.1838433843384338,0.0,0.0221685689201053,0.951082251082251
2021-05-25 03:45:00+00:00,0.1839558955895589,0.0,0.0191615452151009,0.9573593073593073
2021-05-25 04:00:00+00:00,0.184068406840684,0.0,0.0161545215100965,0.9636363636363636
2021-05-25 04:15:00+00:00,0.18583108310831076,0.0,0.0267998244073748,0.9642857142857143
2021-05-25 04:30:00+00:00,0.1875937593759375,0.0,0.0374451273046531,0.964935064935065
2021-05-25 04:45:00+00:00,0.1893564356435643,0.0,0.04809043020193145,0.9655844155844155
2021-05-25 05:00:00+00:00,0.1911191119111911,0.0,0.0587357330992098,0.9662337662337662
2021-05-25 05:15:00+00:00,0.1890845334533453,0.0,0.1081211589113257,0.9712121212121212
2021-05-25 05:30:00+00:00,0.1870499549954995,0.0,0.1575065847234416,0.976190476190476
2021-05-25 05:45:00+00:00,0.18501537653765376,0.0,0.2068920105355575,0.981168831168831
2021-05-25 06:00:00+00:00,0.182980798079808,0.0,0.2562774363476734,0.986147186147186
2021-05-25 06:15:00+00:00,0.18358085808580854,0.0,0.3264266900790167,0.9833333333333332
2021-05-25 06:30:00+00:00,0.1841809180918091,0.0,0.39657594381036,0.9805194805194803
2021-05-25 06:45:00+00:00,0.1847809780978097,0.0,0.4667251975417033,0.9777056277056275
2021-05-25 07:00:00+00:00,0.1853810381038103,0.0,0.5368744512730466,0.9748917748917748
2021-05-25 07:15:00+00:00,0.18398402340234016,0.0,0.5912203687445128,0.981168831168831
2021-05-25 07:30:00+00:00,0.18258700870087,0.0,0.645566286215979,0.9874458874458872
2021-05-25 07:45:00+00:00,0.18118999399939983,0.0,0.6999122036874452,0.9937229437229436
2021-05-25 08:00:00+00:00,0.1797929792979297,0.0,0.7542581211589113,1.0
2021-05-25 08:15:00+00:00,0.1757988298829882,0.0,0.7858428446005268,1.0
2021-05-25 08:30:00+00:00,0.1718046804680467,0.0,0.8174275680421422,1.0
2021-05-25 08:45:00+00:00,0.16781053105310526,0.0,0.8490122914837577,1.0
2021-05-25 09:00:00+00:00,0.1638163816381638,0.0,0.8805970149253731,1.0
2021-05-25 09:15:00+00:00,0.16223184818481845,0.0,0.8911545215100966,0.980952380952381
2021-05-25 09:30:00+00:00,0.1606473147314731,0.0,0.90171202809482,0.961904761904762
2021-05-25 09:45:00+00:00,0.15906278127812773,0.0,0.9122695346795435,0.9428571428571431
2021-05-25 10:00:00+00:00,0.1574782478247824,0.0,0.922827041264267,0.923809523809524
2021-05-25 10:15:00+00:00,0.15714071407140706,0.0,0.9318700614574188,0.9205627705627706
2021-05-25 10:30:00+00:00,0.1568031803180317,0.0,0.9409130816505706,0.9173160173160172
2021-05-25 10:45:00+00:00,0.1564656465646564,0.0,0.9499561018437226,0.914069264069264
2021-05-25 11:00:00+00:00,0.1561281128112811,0.0,0.9589991220368744,0.9108225108225108
2021-05-25 11:15:00+00:00,0.15793766876687665,0.0,0.9610403863037752,0.8984848484848484
2021-05-25 11:30:00+00:00,0.1597472247224722,0.0,0.963081650570676,0.8861471861471861
2021-05-25 11:45:00+00:00,0.16155678067806772,0.0,0.9651229148375768,0.8738095238095238
2021-05-25 12:00:00+00:00,0.1633663366336633,0.0,0.9671641791044776,0.8614718614718615
2021-05-25 12:15:00+00:00,0.1663197569756975,0.0,0.9639815627743635,0.8590909090909091
2021-05-25 12:30:00+00:00,0.1692731773177317,0.0,0.9607989464442496,0.8567099567099568
2021-05-25 12:45:00+00:00,0.17222659765976595,0.0,0.9576163301141354,0.8543290043290044
2021-05-25 13:00:00+00:00,0.1751800180018002,0.0,0.9544337137840212,0.8519480519480519
2021-05-25 13:15:00+00:00,0.18145252025202518,0.0,0.946510096575944,0.848051948051948
2021-05-25 13:30:00+00:00,0.1877250225022502,0.0,0.9385864793678668,0.8441558441558441
2021-05-25 13:45:00+00:00,0.1939975247524752,0.0,0.9306628621597894,0.8402597402597403
2021-05-25 14:00:00+00:00,0.2002700270027002,0.0,0.922739244951712,0.8363636363636363
2021-05-25 14:15:00+00:00,0.20628000300029994,0.0,0.9048726953467954,0.8376623376623376
2021-05-25 14:30:00+00:00,0.2122899789978997,0.0,0.8870061457418787,0.8389610389610389
2021-05-25 14:45:00+00:00,0.21829995499549948,0.0,0.8691395961369621,0.8402597402597403
2021-05-25 15:00:00+00:00,0.2243099309930993,0.0,0.8512730465320456,0.8415584415584415
2021-05-25 15:15:00+00:00,0.23061993699369934,0.0,0.8240561896400351,0.8445887445887446
2021-05-25 15:30:00+00:00,0.2369299429942994,0.0,0.7968393327480245,0.8476190476190476
2021-05-25 15:45:00+00:00,0.24323994899489945,0.0,0.7696224758560141,0.8506493506493507
2021-05-25 16:00:00+00:00,0.2495499549954995,0.0,0.7424056189640035,0.8536796536796537
2021-05-25 16:15:00+00:00,0.25371287128712866,0.0,0.6973222124670764,0.8777056277056277
2021-05-25 16:30:00+00:00,0.2578757875787578,0.0,0.6522388059701492,0.9017316017316016
2021-05-25 16:45:00+00:00,0.26203870387038697,0.0,0.6071553994732221,0.9257575757575756
2021-05-25 17:00:00+00:00,0.2662016201620162,0.0,0.562071992976295,0.9497835497835496
2021-05-25 17:15:00+00:00,0.2681143114311431,0.0,0.4857330992098331,0.9623376623376623
2021-05-25 17:30:00+00:00,0.27002700270027,0.0,0.4093942054433713,0.9748917748917748
2021-05-25 17:45:00+00:00,0.2719396939693969,0.0,0.3330553116769095,0.9874458874458873
2021-05-25 18:00:00+00:00,0.2738523852385238,0.0,0.2567164179104477,1.0
2021-05-25 18:15:00+00:00,0.2758494599459945,0.0,0.21365232660228264,1.0
2021-05-25 18:30:00+00:00,0.2778465346534653,0.0,0.1705882352941176,1.0
2021-05-25 18:45:00+00:00,0.27984360936093605,0.0,0.12752414398595255,1.0
2021-05-25 19:00:00+00:00,0.2818406840684068,0.0,0.0844600526777875,1.0
2021-05-25 19:15:00+00:00,0.28585358535853583,0.0,0.07873134328358206,1.0
2021-05-25 19:30:00+00:00,0.2898664866486649,0.0,0.0730026338893766,1.0
2021-05-25 19:45:00+00:00,0.29387938793879387,0.0,0.06727392449517115,1.0
2021-05-25 20:00:00+00:00,0.2978922892289229,0.0,0.0615452151009657,1.0
2021-05-25 20:15:00+00:00,0.29579207920792083,0.0,0.06136962247585595,0.9991341991341991
2021-05-25 20:30:00+00:00,0.2936918691869187,0.0,0.0611940298507462,0.9982683982683982
2021-05-25 20:45:00+00:00,0.29159165916591656,0.0,0.06101843722563645,0.9974025974025973
2021-05-25 21:00:00+00:00,0.2894914491449145,0.0,0.0608428446005267,0.9965367965367964
2021-05-25 21:15:00+00:00,0.2836127362736274,0.0,0.06055750658472335,0.9748917748917748
2021-05-25 21:30:00+00:00,0.2777340234023402,0.0,0.06027216856892,0.9532467532467532
2021-05-25 21:45:00+00:00,0.2718553105310531,0.0,0.059986830553116696,0.9316017316017315
2021-05-25 22:00:00+00:00,0.265976597659766,0.0,0.0597014925373134,0.90995670995671
2021-05-25 22:15:00+00:00,0.2603697869786979,0.0,0.05963564530289725,0.9012987012987013
2021-05-25 22:30:00+00:00,0.2547629762976298,0.0,0.0595697980684811,0.8926406926406927
2021-05-25 22:45:00+00:00,0.24915616561656165,0.0,0.059503950834064956,0.883982683982684
2021-05-25 23:00:00+00:00,0.2435493549354935,0.0,0.0594381035996488,0.8753246753246753
2021-05-25 23:15:00+00:00,0.2424617461746174,0.0,0.05937225636523265,0.8729437229437229
2021-05-25 23:30:00+00:00,0.2413741374137413,0.0,0.0593064091308165,0.8705627705627705
2021-05-25 23:45:00+00:00,0.24028652865286526,0.0,0.059240561896400354,0.8681818181818182
2021-05-26 00:00:00+00:00,0.2391989198919892,0.0,0.0591747146619842,0.8658008658008658
2021-05-26 00:15:00+00:00,0.23251387638763876,0.0,0.0582309043020193,0.8666666666666667
2021-05-26 00:30:00+00:00,0.2258288328832883,0.0,0.0572870939420544,0.8675324675324676
2021-05-26 00:45:00+00:00,0.21914378937893786,0.0,0.0563432835820895,0.8683982683982685
2021-05-26 01:00:00+00:00,0.2124587458745874,0.0,0.0553994732221246,0.8692640692640693
2021-05-26 01:15:00+00:00,0.20231398139813975,0.0,0.0539508340649692,0.870995670995671
2021-05-26 01:30:00+00:00,0.1921692169216921,0.0,0.0525021949078138,0.8727272727272728
2021-05-26 01:45:00+00:00,0.18202445244524446,0.0,0.0510535557506584,0.8744588744588745
2021-05-26 02:00:00+00:00,0.1718796879687968,0.0,0.049604916593503,0.8761904761904762
2021-05-26 02:15:00+00:00,0.16526027602760268,0.0,0.048683055311676854,0.8807359307359307
2021-05-26 02:30:00+00:00,0.1586408640864086,0.0,0.0477611940298507,0.8852813852813852
2021-05-26 02:45:00+00:00,0.1520214521452145,0.0,0.04683933274802455,0.8898268398268399
2021-05-26 03:00:00+00:00,0.1454020402040204,0.0,0.0459174714661984,0.8943722943722944
2021-05-26 03:15:00+00:00,0.14307680768076805,0.0,0.0427787532923617,0.9095238095238094
2021-05-26 03:30:00+00:00,0.1407515751575157,0.0,0.039640035118525,0.9246753246753244
2021-05-26 03:45:00+00:00,0.1384263426342634,0.0,0.0365013169446883,0.9398268398268397
2021-05-26 04:00:00+00:00,0.1361011101110111,0.0,0.0333625987708516,0.9549783549783548
2021-05-26 04:15:00+00:00,0.13312893789378932,0.0,0.0395522388059701,0.9536796536796535
2021-05-26 04:30:00+00:00,0.1301567656765676,0.0,0.0457418788410886,0.9523809523809522
2021-05-26 04:45:00+00:00,0.1271845934593459,0.0,0.05193151887620715,0.951082251082251
2021-05-26 05:00:00+00:00,0.1242124212421242,0.0,0.0581211589113257,0.9497835497835496
2021-05-26 05:15:00+00:00,0.1200307530753075,0.0,0.10338015803336256,0.9619047619047618
2021-05-26 05:30:00+00:00,0.1158490849084908,0.0,0.1486391571553994,0.974025974025974
2021-05-26 05:45:00+00:00,0.1116674167416741,0.0,0.19389815627743628,0.9861471861471862
2021-05-26 06:00:00+00:00,0.1074857485748574,0.0,0.2391571553994732,0.9982683982683984
2021-05-26 06:15:00+00:00,0.1045135763576357,0.0,0.30531167690956973,0.9941558441558442
2021-05-26 06:30:00+00:00,0.101541404140414,0.0,0.3714661984196663,0.99004329004329
2021-05-26 06:45:00+00:00,0.09856923192319231,0.0,0.4376207199297629,0.9859307359307359
2021-05-26 07:00:00+00:00,0.0955970597059706,0.0,0.5037752414398595,0.9818181818181818
2021-05-26 07:15:00+00:00,0.09455633063306329,0.0,0.5576163301141353,0.9781385281385282
2021-05-26 07:30:00+00:00,0.093515601560156,0.0,0.6114574187884109,0.9744588744588746
2021-05-26 07:45:00+00:00,0.0924748724872487,0.0,0.6652985074626866,0.970779220779221
2021-05-26 08:00:00+00:00,0.0914341434143414,0.0,0.7191395961369622,0.9670995670995672
2021-05-26 08:15:00+00:00,0.0912278727872787,0.0,0.7530728709394205,0.9651515151515152
2021-05-26 08:30:00+00:00,0.091021602160216,0.0,0.7870061457418789,0.9632034632034632
2021-05-26 08:45:00+00:00,0.0908153315331533,0.0,0.8209394205443372,0.9612554112554113
2021-05-26 09:00:00+00:00,0.0906090609060906,0.0,0.8548726953467954,0.9593073593073592
2021-05-26 09:15:00+00:00,0.08950270027002695,0.0,0.8695566286215979,0.9512987012987012
2021-05-26 09:30:00+00:00,0.0883963396339633,0.0,0.8842405618964003,0.9432900432900432
2021-05-26 09:45:00+00:00,0.0872899789978997,0.0,0.8989244951712028,0.9352813852813853
2021-05-26 10:00:00+00:00,0.0861836183618361,0.0,0.9136084284460052,0.9272727272727272
2021-05-26 10:15:00+00:00,0.08509600960096,0.0,0.9183274802458297,0.9199134199134199
2021-05-26 10:30:00+00:00,0.0840084008400839,0.0,0.923046532045654,0.9125541125541126
2021-05-26 10:45:00+00:00,0.08292079207920786,0.0,0.9277655838454784,0.9051948051948052
2021-05-26 11:00:00+00:00,0.0818331833183318,0.0,0.9324846356453028,0.8978354978354979
2021-05-26 11:15:00+00:00,0.08158940894089405,0.0,0.9326821773485513,0.8906926406926408
2021-05-26 11:30:00+00:00,0.0813456345634563,0.0,0.9328797190517998,0.8835497835497836
2021-05-26 11:45:00+00:00,0.08110186018601855,0.0,0.9330772607550483,0.8764069264069265
2021-05-26 12:00:00+00:00,0.0808580858085808,0.0,0.9332748024582967,0.8692640692640693
2021-05-26 12:15:00+00:00,0.08334270927092705,0.0,0.929675153643547,0.8590909090909091
2021-05-26 12:30:00+00:00,0.0858273327332733,0.0,0.9260755048287972,0.848917748917749
2021-05-26 12:45:00+00:00,0.08831195619561955,0.0,0.9224758560140474,0.8387445887445888
2021-05-26 13:00:00+00:00,0.0907965796579658,0.0,0.9188762071992976,0.8285714285714286
2021-05-26 13:15:00+00:00,0.09497824782478245,0.0,0.9005048287971905,0.827922077922078
2021-05-26 13:30:00+00:00,0.0991599159915991,0.0,0.8821334503950834,0.8272727272727274
2021-05-26 13:45:00+00:00,0.1033415841584158,0.0,0.8637620719929763,0.8266233766233767
2021-05-26 14:00:00+00:00,0.1075232523252325,0.0,0.8453906935908692,0.825974025974026
2021-05-26 14:15:00+00:00,0.11390826582658259,0.0,0.8245610184372256,0.825974025974026
2021-05-26 14:30:00+00:00,0.1202932793279327,0.0,0.8037313432835821,0.825974025974026
2021-05-26 14:45:00+00:00,0.12667829282928286,0.0,0.7829016681299386,0.825974025974026
2021-05-26 15:00:00+00:00,0.133063306330633,0.0,0.762071992976295,0.825974025974026
2021-05-26 15:15:00+00:00,0.13367274227422737,0.0,0.728511852502195,0.8320346320346321
2021-05-26 15:30:00+00:00,0.1342821782178217,0.0,0.6949517120280948,0.8380952380952381
2021-05-26 15:45:00+00:00,0.1348916141614161,0.0,0.6613915715539948,0.8441558441558441
2021-05-26 16:00:00+00:00,0.1355010501050105,0.0,0.6278314310798947,0.8502164502164502
2021-05-26 16:15:00+00:00,0.132753900390039,0.0,0.5799604916593504,0.8642857142857142
2021-05-26 16:30:00+00:00,0.1300067506750675,0.0,0.532089552238806,0.8783549783549782
2021-05-26 16:45:00+00:00,0.127259600960096,0.0,0.4842186128182617,0.8924242424242423
2021-05-26 17:00:00+00:00,0.1245124512451245,0.0,0.4363476733977173,0.9064935064935064
2021-05-26 17:15:00+00:00,0.1278315331533153,0.0,0.37831431079894645,0.9114718614718613
2021-05-26 17:30:00+00:00,0.1311506150615061,0.0,0.3202809482001756,0.9164502164502164
2021-05-26 17:45:00+00:00,0.13446969696969696,0.0,0.26224758560140476,0.9214285714285714
2021-05-26 18:00:00+00:00,0.1377887788778878,0.0,0.2042142230026339,0.9264069264069263
2021-05-26 18:15:00+00:00,0.14054530453045305,0.0,0.17177348551360838,0.9326839826839827
2021-05-26 18:30:00+00:00,0.1433018301830183,0.0,0.1393327480245829,0.938961038961039
2021-05-26 18:45:00+00:00,0.14605835583558355,0.0,0.10689201053555744,0.9452380952380953
2021-05-26 19:00:00+00:00,0.1488148814881488,0.0,0.074451273046532,0.9515151515151516
2021-05-26 19:15:00+00:00,0.14746474647464747,0.0,0.0699956101843722,0.945887445887446
2021-05-26 19:30:00+00:00,0.1461146114611461,0.0,0.0655399473222124,0.9402597402597404
2021-05-26 19:45:00+00:00,0.14476447644764473,0.0,0.061084284460052596,0.9346320346320347
2021-05-26 20:00:00+00:00,0.1434143414341434,0.0,0.0566286215978928,0.929004329004329
2021-05-26 20:15:00+00:00,0.144051905190519,0.0,0.05546532045654075,0.9255411255411256
2021-05-26 20:30:00+00:00,0.1446894689468946,0.0,0.0543020193151887,0.922077922077922
2021-05-26 20:45:00+00:00,0.14532703270327024,0.0,0.053138718173836655,0.9186147186147187
2021-05-26 21:00:00+00:00,0.1459645964596459,0.0,0.0519754170324846,0.9151515151515152
2021-05-26 21:15:00+00:00,0.14432380738073802,0.0,0.05072431957857765,0.9164502164502164
2021-05-26 21:30:00+00:00,0.1426830183018301,0.0,0.0494732221246707,0.9177489177489178
2021-05-26 21:45:00+00:00,0.14104222922292226,0.0,0.048222124670763755,0.9190476190476191
2021-05-26 22:00:00+00:00,0.1394014401440144,0.0,0.0469710272168568,0.9203463203463204
2021-05-26 22:15:00+00:00,0.13794816981698166,0.0,0.04499561018437215,0.9186147186147187
2021-05-26 22:30:00+00:00,0.1364948994899489,0.0,0.0430201931518875,0.916883116883117
2021-05-26 22:45:00+00:00,0.13504162916291618,0.0,0.041044776119402895,0.9151515151515153
2021-05-26 23:00:00+00:00,0.1335883588358835,0.0,0.0390693590869183,0.9134199134199136
2021-05-26 23:15:00+00:00,0.13235073507350725,0.0,0.037818261633011344,0.9084415584415586
2021-05-26 23:30:00+00:00,0.131113111311131,0.0,0.0365671641791044,0.9034632034632036
2021-05-26 23:45:00+00:00,0.12987548754875478,0.0,0.0353160667251975,0.8984848484848486
2021-05-27 00:00:00+00:00,0.1286378637863786,0.0,0.0340649692712906,0.8935064935064935
2021-05-27 00:15:00+00:00,0.12531878187818773,0.0,0.0320237050043898,0.8932900432900434
2021-05-27 00:30:00+00:00,0.1219996999699969,0.0,0.029982440737489,0.8930735930735931
2021-05-27 00:45:00+00:00,0.1186806180618061,0.0,0.0279411764705882,0.8928571428571429
2021-05-27 01:00:00+00:00,0.1153615361536153,0.0,0.0258999122036874,0.8926406926406927
2021-05-27 01:15:00+00:00,0.11357073207320725,0.0,0.023134328358208903,0.8935064935064936
2021-05-27 01:30:00+00:00,0.1117799279927992,0.0,0.0203687445127304,0.8943722943722944
2021-05-27 01:45:00+00:00,0.10998912391239116,0.0,0.0176031606672519,0.8952380952380952
2021-05-27 02:00:00+00:00,0.1081983198319831,0.0,0.0148375768217734,0.8961038961038961
2021-05-27 02:15:00+00:00,0.10754200420041996,0.0,0.01237928007023695,0.8993506493506493
2021-05-27 02:30:00+00:00,0.1068856885688568,0.0,0.0099209833187005,0.9025974025974026
2021-05-27 02:45:00+00:00,0.10622937293729365,0.0,0.0074626865671641,0.9058441558441559
2021-05-27 03:00:00+00:00,0.1055730573057305,0.0,0.0050043898156277,0.9090909090909092
2021-05-27 03:15:00+00:00,0.10264776477647755,0.0,0.0049385425812115,0.9296536796536796
2021-05-27 03:30:00+00:00,0.0997224722472246,0.0,0.0048726953467953,0.9502164502164502
2021-05-27 03:45:00+00:00,0.0967971797179717,0.0,0.0048068481123792,0.9707792207792207
2021-05-27 04:00:00+00:00,0.0938718871887188,0.0,0.0047410008779631,0.9913419913419912
2021-05-27 04:15:00+00:00,0.0909840984098409,0.0,0.016966637401229098,0.9867965367965367
2021-05-27 04:30:00+00:00,0.088096309630963,0.0,0.0291922739244951,0.9822510822510822
2021-05-27 04:45:00+00:00,0.08520852085208515,0.0,0.04141791044776115,0.9777056277056277
2021-05-27 05:00:00+00:00,0.0823207320732073,0.0,0.0536435469710272,0.9731601731601732
2021-05-27 05:15:00+00:00,0.07994861986198615,0.0,0.08751097453906931,0.97987012987013
2021-05-27 05:30:00+00:00,0.077576507650765,0.0,0.1213784021071114,0.9865800865800868
2021-05-27 05:45:00+00:00,0.07520439543954391,0.0,0.15524582967515355,0.9932900432900434
2021-05-27 06:00:00+00:00,0.0728322832283228,0.0,0.1891132572431957,1.0
2021-05-27 06:15:00+00:00,0.0698038553855385,0.0,0.22333187006145733,0.9993506493506493
2021-05-27 06:30:00+00:00,0.0667754275427542,0.0,0.257550482879719,0.9987012987012986
2021-05-27 06:45:00+00:00,0.06374699969996996,0.0,0.29176909569798065,0.9980519480519481
2021-05-27 07:00:00+00:00,0.0607185718571857,0.0,0.3259877085162423,0.9974025974025974
2021-05-27 07:15:00+00:00,0.0571557155715571,0.0,0.3486172080772607,0.9930735930735931
2021-05-27 07:30:00+00:00,0.0535928592859285,0.0,0.3712467076382791,0.9887445887445888
2021-05-27 07:45:00+00:00,0.05003000300029995,0.0,0.39387620719929756,0.9844155844155844
2021-05-27 08:00:00+00:00,0.0464671467146714,0.0,0.416505706760316,0.98008658008658
2021-05-27 08:15:00+00:00,0.045698319831983095,0.0,0.43276997366110614,0.9733766233766232
2021-05-27 08:30:00+00:00,0.0449294929492948,0.0,0.4490342405618963,0.9666666666666666
2021-05-27 08:45:00+00:00,0.04416066606660655,0.0,0.46529850746268653,0.9599567099567099
2021-05-27 09:00:00+00:00,0.0433918391839183,0.0,0.4815627743634767,0.9532467532467532
2021-05-27 09:15:00+00:00,0.043907515751575046,0.0,0.48751097453906933,0.9365800865800866
2021-05-27 09:30:00+00:00,0.0444231923192318,0.0,0.493459174714662,0.91991341991342
2021-05-27 09:45:00+00:00,0.0449388688868886,0.0,0.49940737489025466,0.9032467532467533
2021-05-27 10:00:00+00:00,0.0454545454545454,0.0,0.5053555750658473,0.8865800865800866
2021-05-27 10:15:00+00:00,0.047517251725172446,0.0,0.5042581211589114,0.8852813852813852
2021-05-27 10:30:00+00:00,0.0495799579957995,0.0,0.5031606672519755,0.883982683982684
2021-05-27 10:45:00+00:00,0.0516426642664266,0.0,0.5020632133450396,0.8826839826839827
2021-05-27 11:00:00+00:00,0.0537053705370537,0.0,0.5009657594381036,0.8813852813852814
2021-05-27 11:15:00+00:00,0.053527227722772255,0.0,0.4990122914837577,0.879004329004329
2021-05-27 11:30:00+00:00,0.0533490849084908,0.0,0.4970588235294118,0.8766233766233766
2021-05-27 11:45:00+00:00,0.05317094209420935,0.0,0.49510535557506585,0.8742424242424243
2021-05-27 12:00:00+00:00,0.0529927992799279,0.0,0.4931518876207199,0.8718614718614719
2021-05-27 12:15:00+00:00,0.0533209570957095,0.0,0.4759877085162423,0.8714285714285714
2021-05-27 12:30:00+00:00,0.0536491149114911,0.0,0.4588235294117647,0.870995670995671
2021-05-27 12:45:00+00:00,0.0539772727272727,0.0,0.4416593503072871,0.8705627705627705
2021-05-27 13:00:00+00:00,0.0543054305430543,0.0,0.4244951712028095,0.8701298701298701
2021-05-27 13:15:00+00:00,0.05602122712271225,0.0,0.40522388059701486,0.8712121212121212
2021-05-27 13:30:00+00:00,0.0577370237023702,0.0,0.3859525899912203,0.8722943722943723
2021-05-27 13:45:00+00:00,0.059452820282028154,0.0,0.3666812993854257,0.8733766233766234
2021-05-27 14:00:00+00:00,0.0611686168616861,0.0,0.3474100087796312,0.8744588744588745
2021-05-27 14:15:00+00:00,0.0639345184518451,0.0,0.3333406496927128,0.8735930735930737
2021-05-27 14:30:00+00:00,0.0667004200420041,0.0,0.3192712906057945,0.8727272727272728
2021-05-27 14:45:00+00:00,0.06946632163216315,0.0,0.30520193151887615,0.8718614718614719
2021-05-27 15:00:00+00:00,0.0722322232223222,0.0,0.2911325724319578,0.870995670995671
2021-05-27 15:15:00+00:00,0.07404177917791775,0.0,0.2690956979806847,0.8770562770562771
2021-05-27 15:30:00+00:00,0.0758513351335133,0.0,0.2470588235294117,0.8831168831168832
2021-05-27 15:45:00+00:00,0.07766089108910885,0.0,0.22502194907813866,0.8891774891774893
2021-05-27 16:00:00+00:00,0.0794704470447044,0.0,0.2029850746268656,0.8952380952380953
2021-05-27 16:15:00+00:00,0.07752962796279621,0.0,0.17631694468832299,0.9106060606060606
2021-05-27 16:30:00+00:00,0.075588808880888,0.0,0.1496488147497804,0.925974025974026
2021-05-27 16:45:00+00:00,0.07364798979897985,0.0,0.12298068481123785,0.9413419913419914
2021-05-27 17:00:00+00:00,0.0717071707170717,0.0,0.0963125548726953,0.9567099567099568
2021-05-27 17:15:00+00:00,0.07184780978097804,0.0,0.0796312554872695,0.9675324675324677
2021-05-27 17:30:00+00:00,0.0719884488448844,0.0,0.0629499561018437,0.9783549783549784
2021-05-27 17:45:00+00:00,0.0721290879087908,0.0,0.0462686567164179,0.9891774891774892
2021-05-27 18:00:00+00:00,0.0722697269726972,0.0,0.0295873573309921,1.0
2021-05-27 18:15:00+00:00,0.07637638763876381,0.0,0.0228709394205443,1.0
2021-05-27 18:30:00+00:00,0.0804830483048304,0.0,0.0161545215100965,1.0
2021-05-27 18:45:00+00:00,0.08458970897089704,0.0,0.00943810359964875,1.0
2021-05-27 19:00:00+00:00,0.0886963696369637,0.0,0.002721685689201,1.0
2021-05-27 19:15:00+00:00,0.09202482748274825,0.0,0.00237050043898145,1.0
2021-05-27 19:30:00+00:00,0.0953532853285328,0.0,0.0020193151887619,1.0
2021-05-27 19:45:00+00:00,0.0986817431743174,0.0,0.0016681299385424499,1.0
2021-05-27 20:00:00+00:00,0.102010201020102,0.0,0.001316944688323,1.0
2021-05-27 20:15:00+00:00,0.10201957695769576,0.0,0.001316944688323,0.9917748917748919
2021-05-27 20:30:00+00:00,0.1020289528952895,0.0,0.001316944688323,0.9835497835497836
2021-05-27 20:45:00+00:00,0.10203832883288325,0.0,0.001316944688323,0.9753246753246754
2021-05-27 21:00:00+00:00,0.102047704770477,0.0,0.001316944688323,0.9670995670995672
2021-05-27 21:15:00+00:00,0.10131638163816375,0.0,0.0013388937664617,0.9753246753246754
2021-05-27 21:30:00+00:00,0.1005850585058505,0.0,0.0013608428446004,0.9835497835497836
2021-05-27 21:45:00+00:00,0.09985373537353731,0.0,0.0013827919227391498,0.9917748917748919
2021-05-27 22:00:00+00:00,0.0991224122412241,0.0,0.0014047410008779,1.0
2021-05-27 22:15:00+00:00,0.09984435943594355,0.0,0.0014047410008779,1.0
2021-05-27 22:30:00+00:00,0.100566306630663,0.0,0.0014047410008779,1.0
2021-05-27 22:45:00+00:00,0.10128825382538251,0.0,0.0014047410008779,1.0
2021-05-27 23:00:00+00:00,0.102010201020102,0.0,0.0014047410008779,1.0
2021-05-27 23:15:00+00:00,0.10326657665766575,0.0,0.0014047410008779,0.9948051948051948
2021-05-27 23:30:00+00:00,0.1045229522952295,0.0,0.0014047410008779,0.9896103896103896
2021-05-27 23:45:00+00:00,0.10577932793279324,0.0,0.0014047410008779,0.9844155844155844
2021-05-28 00:00:00+00:00,0.107035703570357,0.0,0.0014047410008779,0.9792207792207792
2021-05-28 00:15:00+00:00,0.1037259975997599,0.0,0.0014047410008779,0.9824675324675324
2021-05-28 00:30:00+00:00,0.1004162916291628,0.0,0.0014047410008779,0.9857142857142857
2021-05-28 00:45:00+00:00,0.09710658565856575,0.0,0.0014047410008779,0.9889610389610389
2021-05-28 01:00:00+00:00,0.0937968796879687,0.0,0.0014047410008779,0.9922077922077922
2021-05-28 01:15:00+00:00,0.0926248874887488,0.0,0.0014047410008779,0.9932900432900433
2021-05-28 01:30:00+00:00,0.0914528952895289,0.0,0.0014047410008779,0.9943722943722944
2021-05-28 01:45:00+00:00,0.090280903090309,0.0,0.0014047410008779,0.9954545454545454
2021-05-28 02:00:00+00:00,0.0891089108910891,0.0,0.0014047410008779,0.9965367965367964
2021-05-28 02:15:00+00:00,0.08616486648664864,0.0,0.0013827919227391498,0.9939393939393938
2021-05-28 02:30:00+00:00,0.0832208220822082,0.0,0.0013608428446004,0.9913419913419912
2021-05-28 02:45:00+00:00,0.08027677767776775,0.0,0.0013388937664617,0.9887445887445886
2021-05-28 03:00:00+00:00,0.0773327332733273,0.0,0.001316944688323,0.986147186147186
2021-05-28 03:15:00+00:00,0.07500750075007495,0.0,0.0013388937664617,0.9896103896103895
2021-05-28 03:30:00+00:00,0.0726822682268226,0.0,0.0013608428446004,0.993073593073593
2021-05-28 03:45:00+00:00,0.0703570357035703,0.0,0.0013827919227391498,0.9965367965367965
2021-05-28 04:00:00+00:00,0.068031803180318,0.0,0.0014047410008779,1.0
2021-05-28 04:15:00+00:00,0.066044104410441,0.0,0.006474978050921801,1.0
2021-05-28 04:30:00+00:00,0.064056405640564,0.0,0.0115452151009657,1.0
2021-05-28 04:45:00+00:00,0.062068706870686996,0.0,0.0166154521510096,1.0
2021-05-28 05:00:00+00:00,0.06008100810081,0.0,0.0216856892010535,1.0
2021-05-28 05:15:00+00:00,0.055983723372337146,0.0,0.0541703248463564,1.0
2021-05-28 05:30:00+00:00,0.0518864386438643,0.0,0.0866549604916593,1.0
2021-05-28 05:45:00+00:00,0.04778915391539145,0.0,0.1191395961369622,1.0
2021-05-28 06:00:00+00:00,0.0436918691869186,0.0,0.1516242317822651,1.0
2021-05-28 06:15:00+00:00,0.041141614161416054,0.0,0.19989025460930637,1.0
2021-05-28 06:30:00+00:00,0.0385913591359135,0.0,0.2481562774363476,1.0
2021-05-28 06:45:00+00:00,0.03604110411041095,0.0,0.2964223002633889,1.0
2021-05-28 07:00:00+00:00,0.0334908490849084,0.0,0.3446883230904302,1.0
2021-05-28 07:15:00+00:00,0.03278765376537646,0.0,0.3942054433713784,1.0
2021-05-28 07:30:00+00:00,0.0320844584458445,0.0,0.4437225636523266,1.0
2021-05-28 07:45:00+00:00,0.03138126312631255,0.0,0.4932396839332748,1.0
2021-05-28 08:00:00+00:00,0.0306780678067806,0.0,0.542756804214223,1.0
2021-05-28 08:15:00+00:00,0.0317375487548754,0.0,0.5810798946444249,1.0
2021-05-28 08:30:00+00:00,0.0327970297029702,0.0,0.6194029850746269,1.0
2021-05-28 08:45:00+00:00,0.033856510651065055,0.0,0.6577260755048289,1.0
2021-05-28 09:00:00+00:00,0.0349159915991599,0.0,0.6960491659350307,1.0
2021-05-28 09:15:00+00:00,0.0351222622262226,0.0,0.7183274802458297,0.9850649350649351
2021-05-28 09:30:00+00:00,0.0353285328532853,0.0,0.7406057945566287,0.9701298701298702
2021-05-28 09:45:00+00:00,0.035534803480348,0.0,0.7628841088674276,0.9551948051948052
2021-05-28 10:00:00+00:00,0.0357410741074107,0.0,0.7851624231782265,0.9402597402597402
2021-05-28 10:15:00+00:00,0.0367067956795679,0.0,0.7926031606672519,0.9383116883116883
2021-05-28 10:30:00+00:00,0.0376725172517251,0.0,0.8000438981562774,0.9363636363636364
2021-05-28 10:45:00+00:00,0.03863823882388235,0.0,0.8074846356453029,0.9344155844155844
2021-05-28 11:00:00+00:00,0.0396039603960396,0.0,0.8149253731343283,0.9324675324675324
2021-05-28 11:15:00+00:00,0.0417885538553855,0.0,0.8240781387181738,0.9084415584415584
2021-05-28 11:30:00+00:00,0.0439731473147314,0.0,0.8332309043020193,0.8844155844155843
2021-05-28 11:45:00+00:00,0.04615774077407735,0.0,0.8423836698858648,0.8603896103896103
2021-05-28 12:00:00+00:00,0.0483423342334233,0.0,0.8515364354697103,0.8363636363636363
2021-05-28 12:15:00+00:00,0.05077070207020695,0.0,0.8516900790166813,0.8337662337662337
2021-05-28 12:30:00+00:00,0.0531990699069906,0.0,0.8518437225636524,0.8311688311688312
2021-05-28 12:45:00+00:00,0.0556274377437743,0.0,0.8519973661106234,0.8285714285714286
2021-05-28 13:00:00+00:00,0.058055805580558,0.0,0.8521510096575944,0.825974025974026
2021-05-28 13:15:00+00:00,0.06023102310231015,0.0,0.8434152765583846,0.8272727272727274
2021-05-28 13:30:00+00:00,0.0624062406240623,0.0,0.8346795434591747,0.8285714285714286
2021-05-28 13:45:00+00:00,0.0645814581458145,0.0,0.8259438103599649,0.8298701298701299
2021-05-28 14:00:00+00:00,0.0667566756675667,0.0,0.8172080772607551,0.8311688311688312
2021-05-28 14:15:00+00:00,0.06927880288028795,0.0,0.8040825285338016,0.8287878787878789
2021-05-28 14:30:00+00:00,0.0718009300930092,0.0,0.7909569798068481,0.8264069264069265
2021-05-28 14:45:00+00:00,0.0743230573057305,0.0,0.7778314310798946,0.8240259740259741
2021-05-28 15:00:00+00:00,0.0768451845184518,0.0,0.7647058823529411,0.8216450216450216
2021-05-28 15:15:00+00:00,0.0799298679867986,0.0,0.7357989464442494,0.8322510822510822
2021-05-28 15:30:00+00:00,0.0830145514551454,0.0,0.7068920105355575,0.8428571428571429
2021-05-28 15:45:00+00:00,0.08609923492349225,0.0,0.6779850746268656,0.8534632034632035
2021-05-28 16:00:00+00:00,0.0891839183918391,0.0,0.6490781387181739,0.8640692640692641
2021-05-28 16:15:00+00:00,0.09055280528052795,0.0,0.6042142230026339,0.8820346320346321
2021-05-28 16:30:00+00:00,0.0919216921692168,0.0,0.559350307287094,0.9
2021-05-28 16:45:00+00:00,0.0932905790579057,0.0,0.5144863915715541,0.917965367965368
2021-05-28 17:00:00+00:00,0.0946594659465946,0.0,0.469622475856014,0.935930735930736
2021-05-28 17:15:00+00:00,0.09719096909690961,0.0,0.40697980684811236,0.9515151515151516
2021-05-28 17:30:00+00:00,0.0997224722472246,0.0,0.3443371378402107,0.9670995670995672
2021-05-28 17:45:00+00:00,0.10225397539753964,0.0,0.281694468832309,0.9826839826839828
2021-05-28 18:00:00+00:00,0.1047854785478547,0.0,0.2190517998244073,0.9982683982683984
2021-05-28 18:15:00+00:00,0.10765451545154504,0.0,0.18193590869183485,0.9987012987012989
2021-05-28 18:30:00+00:00,0.1105235523552354,0.0,0.1448200175592624,0.9991341991341992
2021-05-28 18:45:00+00:00,0.1133925892589258,0.0,0.10770412642669,0.9995670995670995
2021-05-28 19:00:00+00:00,0.1162616261626162,0.0,0.0705882352941176,1.0
2021-05-28 19:15:00+00:00,0.121802805280528,0.0,0.06556189640035115,1.0
2021-05-28 19:30:00+00:00,0.1273439843984398,0.0,0.0605355575065847,1.0
2021-05-28 19:45:00+00:00,0.1328851635163516,0.0,0.055509218612818254,1.0
2021-05-28 20:00:00+00:00,0.1384263426342634,0.0,0.0504828797190518,1.0
2021-05-28 20:15:00+00:00,0.1391389138913891,0.0,0.0501755926251097,1.0
2021-05-28 20:30:00+00:00,0.1398514851485148,0.0,0.0498683055311676,1.0
2021-05-28 20:45:00+00:00,0.14056405640564051,0.0,0.049561018437225546,1.0
2021-05-28 21:00:00+00:00,0.1412766276627662,0.0,0.0492537313432835,1.0
2021-05-28 21:15:00+00:00,0.13782628262826274,0.0,0.0492317822651448,1.0
2021-05-28 21:30:00+00:00,0.1343759375937593,0.0,0.0492098331870061,1.0
2021-05-28 21:45:00+00:00,0.13092559255925584,0.0,0.0491878841088674,1.0
2021-05-28 22:00:00+00:00,0.1274752475247524,0.0,0.0491659350307287,1.0
2021-05-28 22:15:00+00:00,0.1268751875187518,0.0,0.048683055311676895,0.9759740259740259
2021-05-28 22:30:00+00:00,0.1262751275127512,0.0,0.0482001755926251,0.951948051948052
2021-05-28 22:45:00+00:00,0.12567506750675062,0.0,0.047717295873573304,0.927922077922078
2021-05-28 23:00:00+00:00,0.12507500750075,0.0,0.0472344161545215,0.903896103896104
2021-05-28 23:15:00+00:00,0.12120274527452736,0.0,0.04503950834064965,0.9012987012987014
2021-05-28 23:30:00+00:00,0.1173304830483047,0.0,0.0428446005267778,0.8987012987012988
2021-05-28 23:45:00+00:00,0.1134582208220821,0.0,0.040649692712906,0.8961038961038961
2021-05-29 00:00:00+00:00,0.1095859585958595,0.0,0.0384547848990342,0.8935064935064935
2021-05-29 00:15:00+00:00,0.10306030603060296,0.0,0.03500877963125545,0.8930735930735931
2021-05-29 00:30:00+00:00,0.0965346534653464,0.0,0.0315627743634767,0.8926406926406927
2021-05-29 00:45:00+00:00,0.0900090009000899,0.0,0.02811676909569795,0.8922077922077922
2021-05-29 01:00:00+00:00,0.0834833483348334,0.0,0.0246707638279192,0.8917748917748918
2021-05-29 01:15:00+00:00,0.07954545454545445,0.0,0.0235294117647058,0.8932900432900432
2021-05-29 01:30:00+00:00,0.0756075607560755,0.0,0.0223880597014924,0.8948051948051948
2021-05-29 01:45:00+00:00,0.0716696669666966,0.0,0.0212467076382791,0.8963203463203464
2021-05-29 02:00:00+00:00,0.0677317731773177,0.0,0.0201053555750658,0.8978354978354979
2021-05-29 02:15:00+00:00,0.066550405040504,0.0,0.01933713784021065,0.8978354978354979
2021-05-29 02:30:00+00:00,0.0653690369036903,0.0,0.0185689201053555,0.8978354978354979
2021-05-29 02:45:00+00:00,0.06418766876687665,0.0,0.017800702370500403,0.8978354978354979
2021-05-29 03:00:00+00:00,0.063006300630063,0.0,0.0170324846356453,0.8978354978354979
2021-05-29 03:15:00+00:00,0.06358760876087605,0.0,0.01543020193151885,0.8971861471861472
2021-05-29 03:30:00+00:00,0.0641689168916891,0.0,0.0138279192273924,0.8965367965367965
2021-05-29 03:45:00+00:00,0.0647502250225022,0.0,0.01222563652326595,0.895887445887446
2021-05-29 04:00:00+00:00,0.0653315331533153,0.0,0.0106233538191395,0.8952380952380953
2021-05-29 04:15:00+00:00,0.0662691269126912,0.0,0.0243634767339771,0.8922077922077922
2021-05-29 04:30:00+00:00,0.0672067206720671,0.0,0.0381035996488147,0.8891774891774892
2021-05-29 04:45:00+00:00,0.06814431443144305,0.0,0.0518437225636523,0.8861471861471861
2021-05-29 05:00:00+00:00,0.069081908190819,0.0,0.0655838454784899,0.8831168831168831
2021-05-29 05:15:00+00:00,0.06907253225322524,0.0,0.12302458296751535,0.8867965367965368
2021-05-29 05:30:00+00:00,0.0690631563156315,0.0,0.1804653204565408,0.8904761904761905
2021-05-29 05:45:00+00:00,0.06905378037803775,0.0,0.23790605794556624,0.8941558441558441
2021-05-29 06:00:00+00:00,0.069044404440444,0.0,0.2953467954345917,0.8978354978354979
2021-05-29 06:15:00+00:00,0.06723484848484845,0.0,0.37096136962247583,0.9025974025974026
2021-05-29 06:30:00+00:00,0.0654252925292529,0.0,0.4465759438103599,0.9073593073593074
2021-05-29 06:45:00+00:00,0.06361573657365735,0.0,0.522190517998244,0.9121212121212121
2021-05-29 07:00:00+00:00,0.0618061806180618,0.0,0.5978050921861282,0.9168831168831169
2021-05-29 07:15:00+00:00,0.062303105310531,0.0,0.6519315188762073,0.9125541125541126
2021-05-29 07:30:00+00:00,0.0628000300030002,0.0,0.7060579455662862,0.9082251082251084
2021-05-29 07:45:00+00:00,0.06329695469546945,0.0,0.7601843722563653,0.903896103896104
2021-05-29 08:00:00+00:00,0.0637938793879387,0.0,0.8143107989464442,0.8995670995670996
2021-05-29 08:15:00+00:00,0.062406240624062304,0.0,0.840891132572432,0.9043290043290044
2021-05-29 08:30:00+00:00,0.0610186018601859,0.0,0.8674714661984197,0.9090909090909092
2021-05-29 08:45:00+00:00,0.05963096309630955,0.0,0.8940517998244075,0.9138528138528139
2021-05-29 09:00:00+00:00,0.0582433243324332,0.0,0.9206321334503952,0.9186147186147188
2021-05-29 09:15:00+00:00,0.055927467746774595,0.0,0.9295873573309922,0.920995670995671
2021-05-29 09:30:00+00:00,0.053611611161116,0.0,0.9385425812115892,0.9233766233766234
2021-05-29 09:45:00+00:00,0.051295754575457445,0.0,0.9474978050921862,0.9257575757575758
2021-05-29 10:00:00+00:00,0.0489798979897989,0.0,0.9564530289727832,0.9281385281385282
2021-05-29 10:15:00+00:00,0.04889551455145505,0.0,0.9541483757682178,0.9279220779220779
2021-05-29 10:30:00+00:00,0.0488111311131112,0.0,0.9518437225636524,0.9277056277056276
2021-05-29 10:45:00+00:00,0.0487267476747674,0.0,0.949539069359087,0.9274891774891775
2021-05-29 11:00:00+00:00,0.0486423642364236,0.0,0.9472344161545216,0.9272727272727272
2021-05-29 11:15:00+00:00,0.0513895139513951,0.0,0.942998244073749,0.912987012987013
2021-05-29 11:30:00+00:00,0.0541366636663666,0.0,0.9387620719929765,0.8987012987012987
2021-05-29 11:45:00+00:00,0.056883813381338105,0.0,0.9345258999122037,0.8844155844155843
2021-05-29 12:00:00+00:00,0.0596309630963096,0.0,0.930289727831431,0.8701298701298701
2021-05-29 12:15:00+00:00,0.06458145814581455,0.0,0.9230465320456541,0.8722943722943722
2021-05-29 12:30:00+00:00,0.0695319531953195,0.0,0.9158033362598772,0.8744588744588744
2021-05-29 12:45:00+00:00,0.07448244824482445,0.0,0.9085601404741003,0.8766233766233766
2021-05-29 13:00:00+00:00,0.0794329432943294,0.0,0.9013169446883232,0.8787878787878788
2021-05-29 13:15:00+00:00,0.08572419741974191,0.0,0.8947541703248465,0.8705627705627705
2021-05-29 13:30:00+00:00,0.0920154515451544,0.0,0.8881913959613696,0.8623376623376624
2021-05-29 13:45:00+00:00,0.09830670567056696,0.0,0.8816286215978929,0.8541125541125542
2021-05-29 14:00:00+00:00,0.1045979597959795,0.0,0.8750658472344162,0.8458874458874459
2021-05-29 14:15:00+00:00,0.11462083708370824,0.0,0.8526997366110624,0.8435064935064935
2021-05-29 14:30:00+00:00,0.124643714371437,0.0,0.8303336259877085,0.8411255411255412
2021-05-29 14:45:00+00:00,0.13466659165916584,0.0,0.8079675153643547,0.8387445887445888
2021-05-29 15:00:00+00:00,0.1446894689468947,0.0,0.7856014047410009,0.8363636363636363
2021-05-29 15:15:00+00:00,0.15913778877887785,0.0,0.755070237050044,0.8316017316017316
2021-05-29 15:30:00+00:00,0.173586108610861,0.0,0.724539069359087,0.8268398268398268
2021-05-29 15:45:00+00:00,0.1880344284428442,0.0,0.69400790166813,0.8220779220779221
2021-05-29 16:00:00+00:00,0.2024827482748274,0.0,0.663476733977173,0.8173160173160173
2021-05-29 16:15:00+00:00,0.21063981398139806,0.0,0.6208296751536435,0.8363636363636364
2021-05-29 16:30:00+00:00,0.2187968796879687,0.0,0.5781826163301141,0.8554112554112554
2021-05-29 16:45:00+00:00,0.2269539453945394,0.0,0.5355355575065848,0.8744588744588744
2021-05-29 17:00:00+00:00,0.2351110111011101,0.0,0.4928884986830553,0.8935064935064935
2021-05-29 17:15:00+00:00,0.24598709870987095,0.0,0.42739244951712024,0.9034632034632034
2021-05-29 17:30:00+00:00,0.2568631863186318,0.0,0.3618964003511852,0.9134199134199134
2021-05-29 17:45:00+00:00,0.2677392739273927,0.0,0.2964003511852502,0.9233766233766233
2021-05-29 18:00:00+00:00,0.2786153615361536,0.0,0.2309043020193152,0.9333333333333332
2021-05-29 18:15:00+00:00,0.28765376537653764,0.0,0.19488586479367864,0.9346320346320345
2021-05-29 18:30:00+00:00,0.2966921692169217,0.0,0.1588674275680421,0.9359307359307358
2021-05-29 18:45:00+00:00,0.3057305730573058,0.0,0.1228489903424056,0.9372294372294372
2021-05-29 19:00:00+00:00,0.3147689768976898,0.0,0.0868305531167691,0.9385281385281384
2021-05-29 19:15:00+00:00,0.31490961596159617,0.0,0.08077260755048285,0.9445887445887445
2021-05-29 19:30:00+00:00,0.3150502550255025,0.0,0.0747146619841966,0.9506493506493506
2021-05-29 19:45:00+00:00,0.3151908940894089,0.0,0.06865671641791041,0.9567099567099567
2021-05-29 20:00:00+00:00,0.3153315331533153,0.0,0.0625987708516242,0.9627705627705628
2021-05-29 20:15:00+00:00,0.30555243024302425,0.0,0.062313432835820845,0.9603896103896103
2021-05-29 20:30:00+00:00,0.2957733273327332,0.0,0.0620280948200175,0.958008658008658
2021-05-29 20:45:00+00:00,0.2859942244224422,0.0,0.06174275680421415,0.9556277056277056
2021-05-29 21:00:00+00:00,0.2762151215121512,0.0,0.0614574187884108,0.9532467532467532
2021-05-29 21:15:00+00:00,0.26494524452445245,0.0,0.0614574187884108,0.9303030303030303
2021-05-29 21:30:00+00:00,0.2536753675367537,0.0,0.0614574187884108,0.9073593073593074
2021-05-29 21:45:00+00:00,0.2424054905490549,0.0,0.0614574187884108,0.8844155844155844
2021-05-29 22:00:00+00:00,0.2311356135613561,0.0,0.0614574187884108,0.8614718614718615
2021-05-29 22:15:00+00:00,0.22557568256825675,0.0,0.0614354697102721,0.8564935064935065
2021-05-29 22:30:00+00:00,0.2200157515751574,0.0,0.0614135206321334,0.8515151515151516
2021-05-29 22:45:00+00:00,0.2144558205820581,0.0,0.0613915715539947,0.8465367965367965
2021-05-29 23:00:00+00:00,0.2088958895889588,0.0,0.061369622475856,0.8415584415584415
2021-05-29 23:15:00+00:00,0.2057737023702369,0.0,0.06123792800702365,0.8367965367965368
2021-05-29 23:30:00+00:00,0.202651515151515,0.0,0.0611062335381913,0.832034632034632
2021-05-29 23:45:00+00:00,0.1995293279327932,0.0,0.060974539069359,0.8272727272727273
2021-05-30 00:00:00+00:00,0.1964071407140714,0.0,0.0608428446005267,0.8225108225108225
2021-05-30 00:15:00+00:00,0.19624774977497744,0.0,0.0588015803336259,0.8203463203463204
2021-05-30 00:30:00+00:00,0.1960883588358835,0.0,0.0567603160667251,0.8181818181818181
2021-05-30 00:45:00+00:00,0.1959289678967896,0.0,0.05471905179982435,0.816017316017316
2021-05-30 01:00:00+00:00,0.1957695769576957,0.0,0.0526777875329236,0.8138528138528138
2021-05-30 01:15:00+00:00,0.1968290579057905,0.0,0.051690079016681253,0.8106060606060607
2021-05-30 01:30:00+00:00,0.1978885388538853,0.0,0.0507023705004389,0.8073593073593074
2021-05-30 01:45:00+00:00,0.19894801980198015,0.0,0.0497146619841966,0.8041125541125541
2021-05-30 02:00:00+00:00,0.200007500750075,0.0,0.0487269534679543,0.8008658008658008
2021-05-30 02:15:00+00:00,0.20126387638763876,0.0,0.04545654082528525,0.8012987012987013
2021-05-30 02:30:00+00:00,0.2025202520252025,0.0,0.0421861281826162,0.8017316017316017
2021-05-30 02:45:00+00:00,0.20377662766276625,0.0,0.03891571553994725,0.8021645021645022
2021-05-30 03:00:00+00:00,0.20503300330033,0.0,0.0356453028972783,0.8025974025974026
2021-05-30 03:15:00+00:00,0.20523927392739272,0.0,0.0318261633011413,0.801948051948052
2021-05-30 03:30:00+00:00,0.2054455445544554,0.0,0.0280070237050043,0.8012987012987014
2021-05-30 03:45:00+00:00,0.2056518151815181,0.0,0.02418788410886735,0.8006493506493507
2021-05-30 04:00:00+00:00,0.2058580858085808,0.0,0.0203687445127304,0.8
2021-05-30 04:15:00+00:00,0.20143264326432636,0.0,0.02774363476733965,0.8002164502164503
2021-05-30 04:30:00+00:00,0.1970072007200719,0.0,0.0351185250219489,0.8004329004329005
2021-05-30 04:45:00+00:00,0.19258175817581752,0.0,0.04249341527655825,0.8006493506493506
2021-05-30 05:00:00+00:00,0.1881563156315631,0.0,0.0498683055311676,0.8008658008658008
2021-05-30 05:15:00+00:00,0.18214633963396334,0.0,0.09078138718173831,0.8010822510822511
2021-05-30 05:30:00+00:00,0.1761363636363636,0.0,0.131694468832309,0.8012987012987013
2021-05-30 05:45:00+00:00,0.17012638763876387,0.0,0.1726075504828797,0.8015151515151515
2021-05-30 06:00:00+00:00,0.1641164116411641,0.0,0.2135206321334504,0.8017316017316017
2021-05-30 06:15:00+00:00,0.15872524752475245,0.0,0.2787532923617208,0.8160173160173161
2021-05-30 06:30:00+00:00,0.1533340834083408,0.0,0.3439859525899912,0.8303030303030303
2021-05-30 06:45:00+00:00,0.14794291929192915,0.0,0.4092186128182616,0.8445887445887446
2021-05-30 07:00:00+00:00,0.1425517551755175,0.0,0.474451273046532,0.8588744588744589
2021-05-30 07:15:00+00:00,0.13852010201020093,0.0,0.5296971027216857,0.8681818181818182
2021-05-30 07:30:00+00:00,0.1344884488448844,0.0,0.5849429323968393,0.8774891774891775
2021-05-30 07:45:00+00:00,0.13045679567956792,0.0,0.6401887620719929,0.8867965367965368
2021-05-30 08:00:00+00:00,0.1264251425142514,0.0,0.6954345917471466,0.8961038961038961
2021-05-30 08:15:00+00:00,0.1258250825082508,0.0,0.7225636523266024,0.9034632034632034
2021-05-30 08:30:00+00:00,0.1252250225022502,0.0,0.749692712906058,0.9108225108225108
2021-05-30 08:45:00+00:00,0.1246249624962496,0.0,0.7768217734855136,0.9181818181818182
2021-05-30 09:00:00+00:00,0.124024902490249,0.0,0.8039508340649693,0.9255411255411256
2021-05-30 09:15:00+00:00,0.12555318031803175,0.0,0.80770412642669,0.91991341991342
2021-05-30 09:30:00+00:00,0.1270814581458145,0.0,0.8114574187884108,0.9142857142857144
2021-05-30 09:45:00+00:00,0.12860973597359732,0.0,0.8152107111501317,0.9086580086580087
2021-05-30 10:00:00+00:00,0.1301380138013801,0.0,0.8189640035118525,0.9030303030303032
2021-05-30 10:15:00+00:00,0.13101935193519343,0.0,0.814025460930641,0.903896103896104
2021-05-30 10:30:00+00:00,0.1319006900690068,0.0,0.8090869183494294,0.9047619047619048
2021-05-30 10:45:00+00:00,0.1327820282028202,0.0,0.8041483757682177,0.9056277056277056
2021-05-30 11:00:00+00:00,0.1336633663366336,0.0,0.7992098331870061,0.9064935064935064
2021-05-30 11:15:00+00:00,0.13449782478247818,0.0,0.7913740122914837,0.909090909090909
2021-05-30 11:30:00+00:00,0.1353322832283228,0.0,0.7835381913959614,0.9116883116883115
2021-05-30 11:45:00+00:00,0.1361667416741674,0.0,0.775702370500439,0.9142857142857141
2021-05-30 12:00:00+00:00,0.137001200120012,0.0,0.7678665496049166,0.9168831168831169
2021-05-30 12:15:00+00:00,0.13837008700870085,0.0,0.7473222124670764,0.9186147186147187
2021-05-30 12:30:00+00:00,0.1397389738973897,0.0,0.7267778753292362,0.9203463203463204
2021-05-30 12:45:00+00:00,0.14110786078607856,0.0,0.706233538191396,0.9220779220779222
2021-05-30 13:00:00+00:00,0.1424767476747674,0.0,0.6856892010535558,0.923809523809524
2021-05-30 13:15:00+00:00,0.1463583858385838,0.0,0.6648156277436348,0.918831168831169
2021-05-30 13:30:00+00:00,0.1502400240024002,0.0,0.6439420544337138,0.913852813852814
2021-05-30 13:45:00+00:00,0.1541216621662166,0.0,0.6230684811237928,0.9088744588744591
2021-05-30 14:00:00+00:00,0.158003300330033,0.0,0.6021949078138719,0.903896103896104
2021-05-30 14:15:00+00:00,0.16324444944494443,0.0,0.5760535557506585,0.9086580086580087
2021-05-30 14:30:00+00:00,0.1684855985598559,0.0,0.5499122036874451,0.9134199134199136
2021-05-30 14:45:00+00:00,0.1737267476747674,0.0,0.5237708516242318,0.9181818181818182
2021-05-30 15:00:00+00:00,0.1789678967896789,0.0,0.4976294995610184,0.922943722943723
2021-05-30 15:15:00+00:00,0.1843496849684968,0.0,0.471488147497805,0.9181818181818182
2021-05-30 15:30:00+00:00,0.1897314731473147,0.0,0.4453467954345916,0.9134199134199136
2021-05-30 15:45:00+00:00,0.1951132613261326,0.0,0.4192054433713783,0.9086580086580087
2021-05-30 16:00:00+00:00,0.2004950495049505,0.0,0.393064091308165,0.903896103896104
2021-05-30 16:15:00+00:00,0.204526702670267,0.0,0.36547410008779624,0.9067099567099568
2021-05-30 16:30:00+00:00,0.2085583558355835,0.0,0.3378841088674275,0.9095238095238096
2021-05-30 16:45:00+00:00,0.21259000900090003,0.0,0.3102941176470587,0.9123376623376624
2021-05-30 17:00:00+00:00,0.2166216621662166,0.0,0.28270412642669,0.9151515151515152
2021-05-30 17:15:00+00:00,0.2214690219021902,0.0,0.24809043020193144,0.9270562770562771
2021-05-30 17:30:00+00:00,0.2263163816381638,0.0,0.2134767339771729,0.938961038961039
2021-05-30 17:45:00+00:00,0.23116374137413742,0.0,0.17886303775241436,0.9508658008658009
2021-05-30 18:00:00+00:00,0.236011101110111,0.0,0.1442493415276558,0.9627705627705628
2021-05-30 18:15:00+00:00,0.2348203570357035,0.0,0.12129060579455656,0.9653679653679654
2021-05-30 18:30:00+00:00,0.233629612961296,0.0,0.0983318700614573,0.967965367965368
2021-05-30 18:45:00+00:00,0.23243886888688858,0.0,0.0753731343283581,0.9705627705627706
2021-05-30 19:00:00+00:00,0.2312481248124812,0.0,0.0524143985952589,0.9731601731601732
2021-05-30 19:15:00+00:00,0.22803217821782168,0.0,0.0479587357330991,0.97987012987013
2021-05-30 19:30:00+00:00,0.2248162316231622,0.0,0.0435030728709393,0.9865800865800868
2021-05-30 19:45:00+00:00,0.2216002850285028,0.0,0.03904741000877955,0.9932900432900434
2021-05-30 20:00:00+00:00,0.2183843384338434,0.0,0.0345917471466198,1.0
2021-05-30 20:15:00+00:00,0.21707170717071705,0.0,0.034240561896400304,0.9952380952380953
2021-05-30 20:30:00+00:00,0.2157590759075907,0.0,0.0338893766461808,0.9904761904761904
2021-05-30 20:45:00+00:00,0.21444644464446438,0.0,0.0335381913959613,0.9857142857142855
2021-05-30 21:00:00+00:00,0.2131338133813381,0.0,0.0331870061457418,0.9809523809523808
2021-05-30 21:15:00+00:00,0.2083520852085208,0.0,0.0331650570676031,0.9803030303030302
2021-05-30 21:30:00+00:00,0.2035703570357035,0.0,0.0331431079894644,0.9796536796536796
2021-05-30 21:45:00+00:00,0.19878862886288626,0.0,0.0331211589113257,0.979004329004329
2021-05-30 22:00:00+00:00,0.194006900690069,0.0,0.033099209833187,0.9783549783549784
2021-05-30 22:15:00+00:00,0.19546954695469546,0.0,0.03259438103599645,0.972943722943723
2021-05-30 22:30:00+00:00,0.1969321932193219,0.0,0.0320895522388059,0.9675324675324676
2021-05-30 22:45:00+00:00,0.19839483948394834,0.0,0.0315847234416154,0.9621212121212122
2021-05-30 23:00:00+00:00,0.1998574857485748,0.0,0.0310798946444249,0.9567099567099568
2021-05-30 23:15:00+00:00,0.20306405640564051,0.0,0.02982879719051795,0.9445887445887449
2021-05-30 23:30:00+00:00,0.2062706270627062,0.0,0.028577699736611,0.9324675324675328
2021-05-30 23:45:00+00:00,0.20947719771977197,0.0,0.02732660228270405,0.9203463203463206
2021-05-31 00:00:00+00:00,0.2126837683768377,0.0,0.0260755048287971,0.9082251082251084
2021-05-31 00:15:00+00:00,0.20978660366036606,0.0,0.02473661106233525,0.9116883116883118
2021-05-31 00:30:00+00:00,0.2068894389438944,0.0,0.0233977172958734,0.9151515151515152
2021-05-31 00:45:00+00:00,0.20399227422742275,0.0,0.02205882352941165,0.9186147186147187
2021-05-31 01:00:00+00:00,0.2010951095109511,0.0,0.0207199297629499,0.922077922077922
2021-05-31 01:15:00+00:00,0.19816981698169817,0.0,0.01973222124670755,0.9162337662337663
2021-05-31 01:30:00+00:00,0.1952445244524452,0.0,0.0187445127304652,0.9103896103896104
2021-05-31 01:45:00+00:00,0.19231923192319228,0.0,0.0177568042142229,0.9045454545454545
2021-05-31 02:00:00+00:00,0.1893939393939394,0.0,0.0167690956979806,0.8987012987012987
2021-05-31 02:15:00+00:00,0.18462158715871585,0.0,0.01488147497805085,0.9025974025974025
2021-05-31 02:30:00+00:00,0.1798492349234923,0.0,0.0129938542581211,0.9064935064935064
2021-05-31 02:45:00+00:00,0.17507688268826882,0.0,0.01110623353819135,0.9103896103896103
2021-05-31 03:00:00+00:00,0.1703045304530453,0.0,0.0092186128182616,0.9142857142857144
2021-05-31 03:15:00+00:00,0.1655884338433843,0.0,0.00880158033362595,0.9075757575757576
2021-05-31 03:30:00+00:00,0.1608723372337233,0.0,0.0083845478489903,0.9008658008658008
2021-05-31 03:45:00+00:00,0.15615624062406236,0.0,0.00796751536435465,0.8941558441558441
2021-05-31 04:00:00+00:00,0.1514401440144014,0.0,0.007550482879719,0.8874458874458875
2021-05-31 04:15:00+00:00,0.14410816081608155,0.0,0.0134986830553116,0.9034632034632035
2021-05-31 04:30:00+00:00,0.1367761776177617,0.0,0.0194468832309042,0.9194805194805196
2021-05-31 04:45:00+00:00,0.1294441944194419,0.0,0.02539508340649685,0.9354978354978356
2021-05-31 05:00:00+00:00,0.1221122112211221,0.0,0.0313432835820895,0.9515151515151516
2021-05-31 05:15:00+00:00,0.11531465646564655,0.0,0.05517998244073745,0.9590909090909092
2021-05-31 05:30:00+00:00,0.108517101710171,0.0,0.0790166812993854,0.9666666666666668
2021-05-31 05:45:00+00:00,0.10171954695469546,0.0,0.10285338015803336,0.9742424242424244
2021-05-31 06:00:00+00:00,0.0949219921992199,0.0,0.1266900790166813,0.9818181818181818
2021-05-31 06:15:00+00:00,0.09030903090309025,0.0,0.16896400351185245,0.9636363636363636
2021-05-31 06:30:00+00:00,0.0856960696069606,0.0,0.2112379280070236,0.9454545454545455
2021-05-31 06:45:00+00:00,0.081083108310831,0.0,0.2535118525021948,0.9272727272727274
2021-05-31 07:00:00+00:00,0.0764701470147014,0.0,0.2957857769973661,0.9090909090909092
2021-05-31 07:15:00+00:00,0.07379800480047995,0.0,0.3485733099209833,0.930952380952381
2021-05-31 07:30:00+00:00,0.0711258625862585,0.0,0.4013608428446005,0.9528138528138528
2021-05-31 07:45:00+00:00,0.06845372037203709,0.0,0.4541483757682177,0.9746753246753246
2021-05-31 08:00:00+00:00,0.0657815781578157,0.0,0.5069359086918349,0.9965367965367964
2021-05-31 08:15:00+00:00,0.0647689768976897,0.0,0.5442932396839333,0.9805194805194803
2021-05-31 08:30:00+00:00,0.0637563756375637,0.0,0.5816505706760315,0.9645021645021644
2021-05-31 08:45:00+00:00,0.0627437743774377,0.0,0.6190079016681299,0.9484848484848485
2021-05-31 09:00:00+00:00,0.0617311731173117,0.0,0.6563652326602283,0.9324675324675324
2021-05-31 09:15:00+00:00,0.0674786228622862,0.0,0.6638279192273925,0.9489177489177489
2021-05-31 09:30:00+00:00,0.0732260726072607,0.0,0.6712906057945567,0.9653679653679654
2021-05-31 09:45:00+00:00,0.0789735223522352,0.0,0.6787532923617208,0.9818181818181819
2021-05-31 10:00:00+00:00,0.0847209720972097,0.0,0.686215978928885,0.9982683982683984
2021-05-31 10:15:00+00:00,0.08867761776177616,0.0,0.6895741878841088,0.9987012987012989
2021-05-31 10:30:00+00:00,0.0926342634263426,0.0,0.6929323968393327,0.9991341991341992
2021-05-31 10:45:00+00:00,0.09659090909090905,0.0,0.6962906057945566,0.9995670995670995
2021-05-31 11:00:00+00:00,0.1005475547554755,0.0,0.6996488147497805,1.0
2021-05-31 11:15:00+00:00,0.10566681668166811,0.0,0.7008340649692713,0.9751082251082253
2021-05-31 11:30:00+00:00,0.1107860786078607,0.0,0.702019315188762,0.9502164502164504
2021-05-31 11:45:00+00:00,0.11590534053405335,0.0,0.7032045654082528,0.9253246753246754
2021-05-31 12:00:00+00:00,0.121024602460246,0.0,0.7043898156277436,0.9004329004329005
2021-05-31 12:15:00+00:00,0.12583445844584454,0.0,0.6913740122914838,0.9045454545454547
2021-05-31 12:30:00+00:00,0.1306443144314431,0.0,0.6783582089552238,0.9086580086580088
2021-05-31 12:45:00+00:00,0.13545417041704166,0.0,0.665342405618964,0.9127705627705629
2021-05-31 13:00:00+00:00,0.1402640264026402,0.0,0.6523266022827041,0.9168831168831169
2021-05-31 13:15:00+00:00,0.14369561956195614,0.0,0.6403424056189639,0.9103896103896104
2021-05-31 13:30:00+00:00,0.1471272127212721,0.0,0.6283582089552239,0.903896103896104
2021-05-31 13:45:00+00:00,0.15055880588058804,0.0,0.6163740122914838,0.8974025974025974
2021-05-31 14:00:00+00:00,0.153990399039904,0.0,0.6043898156277436,0.8909090909090909
2021-05-31 14:15:00+00:00,0.16393826882688264,0.0,0.5907594381035997,0.8891774891774892
2021-05-31 14:30:00+00:00,0.1738861386138613,0.0,0.5771290605794557,0.8874458874458875
2021-05-31 14:45:00+00:00,0.18383400840084,0.0,0.5634986830553117,0.8857142857142857
2021-05-31 15:00:00+00:00,0.1937818781878187,0.0,0.5498683055311677,0.883982683982684
2021-05-31 15:15:00+00:00,0.2031296879687968,0.0,0.5321115013169446,0.885930735930736
2021-05-31 15:30:00+00:00,0.2124774977497749,0.0,0.5143546971027216,0.8878787878787879
2021-05-31 15:45:00+00:00,0.221825307530753,0.0,0.49659789288849865,0.8898268398268399
2021-05-31 16:00:00+00:00,0.2311731173117311,0.0,0.4788410886742756,0.8917748917748918
2021-05-31 16:15:00+00:00,0.2335452295229522,0.0,0.4534899034240561,0.9145021645021645
2021-05-31 16:30:00+00:00,0.2359173417341733,0.0,0.4281387181738366,0.9372294372294372
2021-05-31 16:45:00+00:00,0.23828945394539447,0.0,0.40278753292361713,0.95995670995671
2021-05-31 17:00:00+00:00,0.2406615661566156,0.0,0.3774363476733977,0.9826839826839828
2021-05-31 17:15:00+00:00,0.2417022952295229,0.0,0.33852063213345035,0.9870129870129871
2021-05-31 17:30:00+00:00,0.2427430243024302,0.0,0.299604916593503,0.9913419913419914
2021-05-31 17:45:00+00:00,0.2437837533753375,0.0,0.2606892010535557,0.9956709956709957
2021-05-31 18:00:00+00:00,0.2448244824482448,0.0,0.2217734855136084,1.0
2021-05-31 18:15:00+00:00,0.24660591059105907,0.0,0.1931957857769973,1.0
2021-05-31 18:30:00+00:00,0.2483873387338733,0.0,0.1646180860403862,1.0
2021-05-31 18:45:00+00:00,0.2501687668766876,0.0,0.13604038630377513,1.0
2021-05-31 19:00:00+00:00,0.2519501950195019,0.0,0.1074626865671641,1.0
2021-05-31 19:15:00+00:00,0.2509844734473447,0.0,0.0946883230904301,1.0
2021-05-31 19:30:00+00:00,0.2500187518751875,0.0,0.0819139596136961,1.0
2021-05-31 19:45:00+00:00,0.2490530303030303,0.0,0.06913959613696215,1.0
2021-05-31 20:00:00+00:00,0.2480873087308731,0.0,0.0563652326602282,1.0
2021-05-31 20:15:00+00:00,0.24631525652565256,0.0,0.050460930640913004,1.0
2021-05-31 20:30:00+00:00,0.244543204320432,0.0,0.0445566286215978,1.0
2021-05-31 20:45:00+00:00,0.2427711521152115,0.0,0.038652326602282655,1.0
2021-05-31 21:00:00+00:00,0.240999099909991,0.0,0.0327480245829675,1.0
2021-05-31 21:15:00+00:00,0.23474534953495346,0.0,0.0293898156277436,1.0
2021-05-31 21:30:00+00:00,0.2284915991599159,0.0,0.0260316066725197,1.0
2021-05-31 21:45:00+00:00,0.2222378487848784,0.0,0.022673397717295797,1.0
2021-05-31 22:00:00+00:00,0.2159840984098409,0.0,0.0193151887620719,1.0
2021-05-31 22:15:00+00:00,0.21303067806780668,0.0,0.0181299385425811,0.9811688311688311
2021-05-31 22:30:00+00:00,0.2100772577257725,0.0,0.0169446883230903,0.9623376623376624
2021-05-31 22:45:00+00:00,0.2071238373837383,0.0,0.01575943810359955,0.9435064935064936
2021-05-31 23:00:00+00:00,0.2041704170417041,0.0,0.0145741878841088,0.9246753246753248
2021-05-31 23:15:00+00:00,0.1974478697869786,0.0,0.0131474978050921,0.9242424242424243
2021-05-31 23:30:00+00:00,0.1907253225322531,0.0,0.0117208077260754,0.923809523809524
2021-05-31 23:45:00+00:00,0.18400277527752765,0.0,0.010294117647058749,0.9233766233766234
2021-06-01 00:00:00+00:00,0.1772802280228022,0.0,0.0088674275680421,0.922943722943723
2021-06-01 00:15:00+00:00,0.17800217521752165,0.0,0.008845478489903351,0.9203463203463204
2021-06-01 00:30:00+00:00,0.1787241224122411,0.0,0.0088235294117646,0.9177489177489178
2021-06-01 00:45:00+00:00,0.17944606960696058,0.0,0.008801580333625901,0.9151515151515152
2021-06-01 01:00:00+00:00,0.1801680168016801,0.0,0.0087796312554872,0.9125541125541126
2021-06-01 01:15:00+00:00,0.17221722172217213,0.0,0.0087796312554872,0.9158008658008657
2021-06-01 01:30:00+00:00,0.1642664266426642,0.0,0.0087796312554872,0.919047619047619
2021-06-01 01:45:00+00:00,0.15631563156315625,0.0,0.0087796312554872,0.9222943722943723
2021-06-01 02:00:00+00:00,0.1483648364836483,0.0,0.0087796312554872,0.9255411255411256
2021-06-01 02:15:00+00:00,0.14758663366336625,0.0,0.0086479367866549,0.9233766233766234
2021-06-01 02:30:00+00:00,0.1468084308430842,0.0,0.0085162423178226,0.9212121212121211
2021-06-01 02:45:00+00:00,0.1460302280228022,0.0,0.0083845478489903,0.919047619047619
2021-06-01 03:00:00+00:00,0.1452520252025202,0.0,0.008252853380158,0.9168831168831169
2021-06-01 03:15:00+00:00,0.14433318331833175,0.0,0.0081870061457418,0.9303030303030302
2021-06-01 03:30:00+00:00,0.1434143414341433,0.0,0.0081211589113256,0.9437229437229436
2021-06-01 03:45:00+00:00,0.1424954995499549,0.0,0.0080553116769095,0.9571428571428571
2021-06-01 04:00:00+00:00,0.1415766576657665,0.0,0.0079894644424934,0.9705627705627704
2021-06-01 04:15:00+00:00,0.1380231773177317,0.0,0.01448639157155395,0.9779220779220779
2021-06-01 04:30:00+00:00,0.1344696969696969,0.0,0.0209833187006145,0.9852813852813852
2021-06-01 04:45:00+00:00,0.13091621662166208,0.0,0.0274802458296751,0.9926406926406927
2021-06-01 05:00:00+00:00,0.1273627362736273,0.0,0.0339771729587357,1.0
2021-06-01 05:15:00+00:00,0.1254594209420941,0.0,0.057835820895522354,1.0
2021-06-01 05:30:00+00:00,0.1235561056105609,0.0,0.081694468832309,1.0
2021-06-01 05:45:00+00:00,0.12165279027902781,0.0,0.10555311676909565,1.0
2021-06-01 06:00:00+00:00,0.1197494749474947,0.0,0.1294117647058823,1.0
2021-06-01 06:15:00+00:00,0.11833370837083701,0.0,0.15346795434591742,1.0
2021-06-01 06:30:00+00:00,0.1169179417941793,0.0,0.1775241439859525,1.0
2021-06-01 06:45:00+00:00,0.11550217521752165,0.0,0.20158033362598765,1.0
2021-06-01 07:00:00+00:00,0.114086408640864,0.0,0.2256365232660228,1.0
2021-06-01 07:15:00+00:00,0.114086408640864,0.0,0.2458516242317822,1.0
2021-06-01 07:30:00+00:00,0.114086408640864,0.0,0.2660667251975416,1.0
2021-06-01 07:45:00+00:00,0.114086408640864,0.0,0.28628182616330106,1.0
2021-06-01 08:00:00+00:00,0.114086408640864,0.0,0.3064969271290605,1.0
2021-06-01 08:15:00+00:00,0.1167210471047104,0.0,0.3279411764705882,0.9961038961038962
2021-06-01 08:30:00+00:00,0.1193556855685568,0.0,0.3493854258121158,0.9922077922077922
2021-06-01 08:45:00+00:00,0.1219903240324032,0.0,0.3708296751536435,0.9883116883116883
2021-06-01 09:00:00+00:00,0.1246249624962496,0.0,0.3922739244951712,0.9844155844155844
2021-06-01 09:15:00+00:00,0.1311037353735373,0.0,0.4147717295873573,0.9768398268398268
2021-06-01 09:30:00+00:00,0.137582508250825,0.0,0.4372695346795434,0.9692640692640692
2021-06-01 09:45:00+00:00,0.14406128112811273,0.0,0.45976733977172957,0.9616883116883116
2021-06-01 10:00:00+00:00,0.1505400540054005,0.0,0.4822651448639157,0.954112554112554
2021-06-01 10:15:00+00:00,0.15664378937893786,0.0,0.5111281826163301,0.942207792207792
2021-06-01 10:30:00+00:00,0.1627475247524752,0.0,0.5399912203687445,0.9303030303030302
2021-06-01 10:45:00+00:00,0.16885126012601254,0.0,0.5688542581211589,0.9183982683982683
2021-06-01 11:00:00+00:00,0.1749549954995499,0.0,0.5977172958735734,0.9064935064935064
2021-06-01 11:15:00+00:00,0.18190256525652554,0.0,0.6067164179104478,0.9086580086580085
2021-06-01 11:30:00+00:00,0.1888501350135012,0.0,0.6157155399473222,0.9108225108225108
2021-06-01 11:45:00+00:00,0.19579770477047695,0.0,0.6247146619841967,0.912987012987013
2021-06-01 12:00:00+00:00,0.2027452745274527,0.0,0.6337137840210711,0.9151515151515152
2021-06-01 12:15:00+00:00,0.20463921392139212,0.0,0.654126426690079,0.9164502164502164
2021-06-01 12:30:00+00:00,0.2065331533153315,0.0,0.6745390693590869,0.9177489177489178
2021-06-01 12:45:00+00:00,0.2084270927092709,0.0,0.6949517120280948,0.9190476190476191
2021-06-01 13:00:00+00:00,0.2103210321032103,0.0,0.7153643546971027,0.9203463203463204
2021-06-01 13:15:00+00:00,0.21313381338133808,0.0,0.7180860403863037,0.9196969696969698
2021-06-01 13:30:00+00:00,0.2159465946594659,0.0,0.7208077260755048,0.9190476190476192
2021-06-01 13:45:00+00:00,0.2187593759375937,0.0,0.7235294117647059,0.9183982683982685
2021-06-01 14:00:00+00:00,0.2215721572157215,0.0,0.7262510974539069,0.9177489177489178
2021-06-01 14:15:00+00:00,0.2274133663366336,0.0,0.7135206321334504,0.9181818181818182
2021-06-01 14:30:00+00:00,0.2332545754575457,0.0,0.7007901668129939,0.9186147186147188
2021-06-01 14:45:00+00:00,0.2390957845784578,0.0,0.6880597014925374,0.9190476190476191
2021-06-01 15:00:00+00:00,0.2449369936993699,0.0,0.6753292361720807,0.9194805194805196
2021-06-01 15:15:00+00:00,0.2440931593159315,0.0,0.6526558384547849,0.9255411255411257
2021-06-01 15:30:00+00:00,0.2432493249324931,0.0,0.629982440737489,0.9316017316017317
2021-06-01 15:45:00+00:00,0.2424054905490548,0.0,0.6073090430201931,0.9376623376623376
2021-06-01 16:00:00+00:00,0.2415616561656165,0.0,0.5846356453028972,0.9437229437229436
2021-06-01 16:15:00+00:00,0.2263257575757575,0.0,0.5520412642669008,0.9577922077922078
2021-06-01 16:30:00+00:00,0.2110898589858985,0.0,0.5194468832309043,0.9718614718614718
2021-06-01 16:45:00+00:00,0.19585396039603953,0.0,0.4868525021949078,0.9859307359307359
2021-06-01 17:00:00+00:00,0.1806180618061806,0.0,0.4542581211589113,1.0
2021-06-01 17:15:00+00:00,0.17291104110411035,0.0,0.4004828797190517,1.0
2021-06-01 17:30:00+00:00,0.1652040204020401,0.0,0.3467076382791922,1.0
2021-06-01 17:45:00+00:00,0.1574969996999699,0.0,0.2929323968393327,1.0
2021-06-01 18:00:00+00:00,0.1497899789978997,0.0,0.2391571553994732,1.0
2021-06-01 18:15:00+00:00,0.1462083708370836,0.0,0.19754170324846348,1.0
2021-06-01 18:30:00+00:00,0.1426267626762675,0.0,0.1559262510974538,1.0
2021-06-01 18:45:00+00:00,0.13904515451545146,0.0,0.11431079894644416,1.0
2021-06-01 19:00:00+00:00,0.1354635463546354,0.0,0.0726953467954345,1.0
2021-06-01 19:15:00+00:00,0.1312631263126312,0.0,0.0653424056189639,1.0
2021-06-01 19:30:00+00:00,0.127062706270627,0.0,0.0579894644424933,1.0
2021-06-01 19:45:00+00:00,0.1228622862286228,0.0,0.05063652326602275,1.0
2021-06-01 20:00:00+00:00,0.1186618661866186,0.0,0.0432835820895522,1.0
2021-06-01 20:15:00+00:00,0.1151740174017401,0.0,0.0410667251975416,1.0
2021-06-01 20:30:00+00:00,0.1116861686168616,0.0,0.038849868305531,1.0
2021-06-01 20:45:00+00:00,0.10819831983198315,0.0,0.0366330114135205,1.0
2021-06-01 21:00:00+00:00,0.1047104710471047,0.0,0.03441615452151,1.0
2021-06-01 21:15:00+00:00,0.10282590759075905,0.0,0.0323529411764705,1.0
2021-06-01 21:30:00+00:00,0.1009413441344134,0.0,0.030289727831431,1.0
2021-06-01 21:45:00+00:00,0.09905678067806775,0.0,0.028226514486391498,1.0
2021-06-01 22:00:00+00:00,0.0971722172217221,0.0,0.026163301141352,1.0
2021-06-01 22:15:00+00:00,0.09462196219621954,0.0,0.02442932396839325,1.0
2021-06-01 22:30:00+00:00,0.092071707170717,0.0,0.0226953467954345,1.0
2021-06-01 22:45:00+00:00,0.08952145214521445,0.0,0.0209613696224758,1.0
2021-06-01 23:00:00+00:00,0.0869711971197119,0.0,0.0192273924495171,1.0
2021-06-01 23:15:00+00:00,0.0858835883588358,0.0,0.0176909569798068,0.9997835497835498
2021-06-01 23:30:00+00:00,0.0847959795979597,0.0,0.0161545215100965,0.9995670995670995
2021-06-01 23:45:00+00:00,0.08370837083708366,0.0,0.01461808604038625,0.9993506493506494
2021-06-02 00:00:00+00:00,0.0826207620762076,0.0,0.013081650570676,0.9991341991341992
2021-06-02 00:15:00+00:00,0.08220822082208215,0.0,0.0121597892888498,0.9993506493506493
2021-06-02 00:30:00+00:00,0.0817956795679567,0.0,0.0112379280070236,0.9995670995670995
2021-06-02 00:45:00+00:00,0.0813831383138313,0.0,0.01031606672519745,0.9997835497835498
2021-06-02 01:00:00+00:00,0.0809705970597059,0.0,0.0093942054433713,1.0
2021-06-02 01:15:00+00:00,0.0775296279627962,0.0,0.0086918349429323,1.0
2021-06-02 01:30:00+00:00,0.0740886588658865,0.0,0.0079894644424933,1.0
2021-06-02 01:45:00+00:00,0.07064768976897685,0.0,0.007287093942054351,1.0
2021-06-02 02:00:00+00:00,0.0672067206720672,0.0,0.0065847234416154,1.0
2021-06-02 02:15:00+00:00,0.06400015001500145,0.0,0.00605794556628615,1.0
2021-06-02 02:30:00+00:00,0.0607935793579357,0.0,0.0055311676909569,1.0
2021-06-02 02:45:00+00:00,0.05758700870087,0.0,0.0050043898156277005,1.0
2021-06-02 03:00:00+00:00,0.0543804380438043,0.0,0.0044776119402985,1.0
2021-06-02 03:15:00+00:00,0.05241149114911485,0.0,0.00458735733099205,1.0
2021-06-02 03:30:00+00:00,0.0504425442544254,0.0,0.0046971027216856,1.0
2021-06-02 03:45:00+00:00,0.048473597359735957,0.0,0.0048068481123792,1.0
2021-06-02 04:00:00+00:00,0.0465046504650465,0.0,0.0049165935030728,1.0
2021-06-02 04:15:00+00:00,0.044760726072607254,0.0,0.0184591747146619,1.0
2021-06-02 04:30:00+00:00,0.043016801680168,0.0,0.032001755926251,1.0
2021-06-02 04:45:00+00:00,0.04127287728772875,0.0,0.045544337137840146,1.0
2021-06-02 05:00:00+00:00,0.0395289528952895,0.0,0.0590869183494293,1.0
2021-06-02 05:15:00+00:00,0.036566156615661496,0.0,0.1117647058823529,1.0
2021-06-02 05:30:00+00:00,0.0336033603360335,0.0,0.1644424934152765,1.0
2021-06-02 05:45:00+00:00,0.03064056405640555,0.0,0.21712028094820016,1.0
2021-06-02 06:00:00+00:00,0.0276777677767776,0.0,0.2697980684811238,1.0
2021-06-02 06:15:00+00:00,0.02685268526852675,0.0,0.3395522388059702,1.0
2021-06-02 06:30:00+00:00,0.0260276027602759,0.0,0.4093064091308165,1.0
2021-06-02 06:45:00+00:00,0.0252025202520251,0.0,0.4790605794556629,1.0
2021-06-02 07:00:00+00:00,0.0243774377437743,0.0,0.5488147497805093,1.0
2021-06-02 07:15:00+00:00,0.02648702370237015,0.0,0.601558384547849,1.0
2021-06-02 07:30:00+00:00,0.028596609660966,0.0,0.6543020193151888,1.0
2021-06-02 07:45:00+00:00,0.0307061956195619,0.0,0.7070456540825285,1.0
2021-06-02 08:00:00+00:00,0.0328157815781578,0.0,0.7597892888498683,1.0
2021-06-02 08:15:00+00:00,0.036294254425442506,0.0,0.7842186128182617,1.0
2021-06-02 08:30:00+00:00,0.0397727272727272,0.0,0.808647936786655,1.0
2021-06-02 08:45:00+00:00,0.04325120012001195,0.0,0.8330772607550483,1.0
2021-06-02 09:00:00+00:00,0.0467296729672967,0.0,0.8575065847234417,1.0
2021-06-02 09:15:00+00:00,0.0510238523852385,0.0,0.8719271290605796,0.9967532467532468
2021-06-02 09:30:00+00:00,0.0553180318031803,0.0,0.8863476733977174,0.9935064935064936
2021-06-02 09:45:00+00:00,0.059612211221122105,0.0,0.9007682177348552,0.9902597402597403
2021-06-02 10:00:00+00:00,0.0639063906390639,0.0,0.915188762071993,0.987012987012987
2021-06-02 10:15:00+00:00,0.06734735973597356,0.0,0.9196883230904302,0.9816017316017316
2021-06-02 10:30:00+00:00,0.0707883288328832,0.0,0.9241878841088677,0.976190476190476
2021-06-02 10:45:00+00:00,0.07422929792979291,0.0,0.9286874451273048,0.9707792207792206
2021-06-02 11:00:00+00:00,0.0776702670267026,0.0,0.933187006145742,0.9653679653679652
2021-06-02 11:15:00+00:00,0.08212383738373824,0.0,0.9351624231782266,0.9638528138528137
2021-06-02 11:30:00+00:00,0.0865774077407739,0.0,0.9371378402107112,0.9623376623376624
2021-06-02 11:45:00+00:00,0.09103097809780965,0.0,0.9391132572431958,0.9608225108225108
2021-06-02 12:00:00+00:00,0.0954845484548454,0.0,0.9410886742756804,0.9593073593073592
2021-06-02 12:15:00+00:00,0.09933805880588051,0.0,0.9377085162423178,0.958008658008658
2021-06-02 12:30:00+00:00,0.1031915691569156,0.0,0.9343283582089552,0.9567099567099566
2021-06-02 12:45:00+00:00,0.10704507950795075,0.0,0.9309482001755927,0.9554112554112553
2021-06-02 13:00:00+00:00,0.1108985898589859,0.0,0.92756804214223,0.954112554112554
2021-06-02 13:15:00+00:00,0.1140957845784578,0.0,0.915803336259877,0.954112554112554
2021-06-02 13:30:00+00:00,0.1172929792979297,0.0,0.904038630377524,0.954112554112554
2021-06-02 13:45:00+00:00,0.12049017401740164,0.0,0.8922739244951712,0.954112554112554
2021-06-02 14:00:00+00:00,0.1236873687368736,0.0,0.8805092186128183,0.954112554112554
2021-06-02 14:15:00+00:00,0.126359510951095,0.0,0.8597014925373134,0.954112554112554
2021-06-02 14:30:00+00:00,0.1290316531653164,0.0,0.8388937664618086,0.954112554112554
2021-06-02 14:45:00+00:00,0.13170379537953786,0.0,0.8180860403863037,0.954112554112554
2021-06-02 15:00:00+00:00,0.1343759375937593,0.0,0.797278314310799,0.954112554112554
2021-06-02 15:15:00+00:00,0.13793879387938784,0.0,0.7812993854258121,0.9536796536796537
2021-06-02 15:30:00+00:00,0.1415016501650164,0.0,0.7653204565408254,0.9532467532467532
2021-06-02 15:45:00+00:00,0.145064506450645,0.0,0.7493415276558385,0.9528138528138528
2021-06-02 16:00:00+00:00,0.1486273627362736,0.0,0.7333625987708516,0.9523809523809524
2021-06-02 16:15:00+00:00,0.15059630963096304,0.0,0.6915715539947322,0.9525974025974026
2021-06-02 16:30:00+00:00,0.1525652565256525,0.0,0.6497805092186129,0.9528138528138528
2021-06-02 16:45:00+00:00,0.15453420342034202,0.0,0.6079894644424935,0.953030303030303
2021-06-02 17:00:00+00:00,0.1565031503150315,0.0,0.566198419666374,0.9532467532467532
2021-06-02 17:15:00+00:00,0.15863148814881484,0.0,0.49374451273046527,0.9603896103896103
2021-06-02 17:30:00+00:00,0.1607598259825982,0.0,0.4212906057945565,0.9675324675324676
2021-06-02 17:45:00+00:00,0.1628881638163816,0.0,0.3488366988586479,0.9746753246753247
2021-06-02 18:00:00+00:00,0.165016501650165,0.0,0.2763827919227392,0.9818181818181818
2021-06-02 18:15:00+00:00,0.16662916291629154,0.0,0.22778753292361714,0.9863636363636363
2021-06-02 18:30:00+00:00,0.1682418241824181,0.0,0.1791922739244951,0.990909090909091
2021-06-02 18:45:00+00:00,0.16985448544854476,0.0,0.1305970149253731,0.9954545454545455
2021-06-02 19:00:00+00:00,0.1714671467146714,0.0,0.0820017559262511,1.0
2021-06-02 19:15:00+00:00,0.1759863486348634,0.0,0.0746707638279192,1.0
2021-06-02 19:30:00+00:00,0.1805055505550554,0.0,0.0673397717295873,1.0
2021-06-02 19:45:00+00:00,0.18502475247524747,0.0,0.06000877963125545,1.0
2021-06-02 20:00:00+00:00,0.1895439543954395,0.0,0.0526777875329236,1.0
2021-06-02 20:15:00+00:00,0.18901890189018894,0.0,0.05245829675153635,1.0
2021-06-02 20:30:00+00:00,0.1884938493849384,0.0,0.0522388059701491,1.0
2021-06-02 20:45:00+00:00,0.1879687968796879,0.0,0.05201931518876195,1.0
2021-06-02 21:00:00+00:00,0.1874437443744374,0.0,0.0517998244073748,1.0
2021-06-02 21:15:00+00:00,0.1876968946894689,0.0,0.0517778753292361,1.0
2021-06-02 21:30:00+00:00,0.1879500450045004,0.0,0.0517559262510974,1.0
2021-06-02 21:45:00+00:00,0.1882031953195319,0.0,0.0517339771729587,1.0
2021-06-02 22:00:00+00:00,0.1884563456345634,0.0,0.05171202809482,1.0
2021-06-02 22:15:00+00:00,0.18889701470147005,0.0,0.051646180860403845,0.9911255411255411
2021-06-02 22:30:00+00:00,0.1893376837683767,0.0,0.0515803336259877,0.9822510822510822
2021-06-02 22:45:00+00:00,0.18977835283528344,0.0,0.05151448639157155,0.9733766233766232
2021-06-02 23:00:00+00:00,0.1902190219021902,0.0,0.0514486391571554,0.9645021645021644
2021-06-02 23:15:00+00:00,0.19023777377737772,0.0,0.0513827919227392,0.9634199134199134
2021-06-02 23:30:00+00:00,0.1902565256525652,0.0,0.051316944688323,0.9623376623376624
2021-06-02 23:45:00+00:00,0.19027527752775275,0.0,0.05125109745390685,0.9612554112554113
2021-06-03 00:00:00+00:00,0.1902940294029403,0.0,0.0511852502194907,0.96017316017316
2021-06-03 00:15:00+00:00,0.18984398439843986,0.0,0.0510974539069358,0.9597402597402596
2021-06-03 00:30:00+00:00,0.1893939393939394,0.0,0.0510096575943809,0.9593073593073592
2021-06-03 00:45:00+00:00,0.18894389438943893,0.0,0.05092186128182605,0.9588744588744589
2021-06-03 01:00:00+00:00,0.1884938493849385,0.0,0.0508340649692712,0.9584415584415584
2021-06-03 01:15:00+00:00,0.1835527302730273,0.0,0.05079016681299375,0.9614718614718614
2021-06-03 01:30:00+00:00,0.1786116111611161,0.0,0.0507462686567163,0.9645021645021644
2021-06-03 01:45:00+00:00,0.1736704920492049,0.0,0.050702370500438895,0.9675324675324675
2021-06-03 02:00:00+00:00,0.1687293729372937,0.0,0.0506584723441615,0.9705627705627704
2021-06-03 02:15:00+00:00,0.16151927692769275,0.0,0.0492317822651448,0.9735930735930736
2021-06-03 02:30:00+00:00,0.1543091809180918,0.0,0.0478050921861281,0.9766233766233766
2021-06-03 02:45:00+00:00,0.14709908490849083,0.0,0.04637840210711145,0.9796536796536797
2021-06-03 03:00:00+00:00,0.1398889888988899,0.0,0.0449517120280948,0.9826839826839828
2021-06-03 03:15:00+00:00,0.1361948694869487,0.0,0.0393107989464442,0.9870129870129871
2021-06-03 03:30:00+00:00,0.1325007500750075,0.0,0.0336698858647936,0.9913419913419914
2021-06-03 03:45:00+00:00,0.1288066306630663,0.0,0.02802897278314305,0.9956709956709957
2021-06-03 04:00:00+00:00,0.1251125112511251,0.0,0.0223880597014925,1.0
2021-06-03 04:15:00+00:00,0.1232560756075607,0.0,0.0336698858647936,1.0
2021-06-03 04:30:00+00:00,0.1213996399639963,0.0,0.0449517120280947,1.0
2021-06-03 04:45:00+00:00,0.11954320432043196,0.0,0.0562335381913959,1.0
2021-06-03 05:00:00+00:00,0.1176867686768676,0.0,0.0675153643546971,1.0
2021-06-03 05:15:00+00:00,0.11504275427542746,0.0,0.12098331870061454,1.0
2021-06-03 05:30:00+00:00,0.1123987398739873,0.0,0.174451273046532,1.0
2021-06-03 05:45:00+00:00,0.1097547254725472,0.0,0.22791922739244946,1.0
2021-06-03 06:00:00+00:00,0.1071107110711071,0.0,0.2813871817383669,1.0
2021-06-03 06:15:00+00:00,0.10737323732373236,0.0,0.35485074626865665,1.0
2021-06-03 06:30:00+00:00,0.1076357635763576,0.0,0.4283143107989464,1.0
2021-06-03 06:45:00+00:00,0.10789828982898285,0.0,0.5017778753292361,1.0
2021-06-03 07:00:00+00:00,0.1081608160816081,0.0,0.5752414398595259,1.0
2021-06-03 07:15:00+00:00,0.11004537953795371,0.0,0.6234635645302897,1.0
2021-06-03 07:30:00+00:00,0.1119299429942993,0.0,0.6716856892010535,1.0
2021-06-03 07:45:00+00:00,0.11381450645064495,0.0,0.7199078138718173,1.0
2021-06-03 08:00:00+00:00,0.1156990699069906,0.0,0.7681299385425812,1.0
2021-06-03 08:15:00+00:00,0.1189993999399939,0.0,0.7869622475856013,0.9911255411255411
2021-06-03 08:30:00+00:00,0.1222997299729972,0.0,0.8057945566286215,0.9822510822510822
2021-06-03 08:45:00+00:00,0.12560006000600055,0.0,0.8246268656716418,0.9733766233766232
2021-06-03 09:00:00+00:00,0.1289003900390039,0.0,0.843459174714662,0.9645021645021644
2021-06-03 09:15:00+00:00,0.1320225772577257,0.0,0.8552238805970149,0.9606060606060605
2021-06-03 09:30:00+00:00,0.1351447644764475,0.0,0.8669885864793678,0.9567099567099566
2021-06-03 09:45:00+00:00,0.1382669516951694,0.0,0.8787532923617207,0.9528138528138528
2021-06-03 10:00:00+00:00,0.1413891389138913,0.0,0.8905179982440737,0.9489177489177488
2021-06-03 10:15:00+00:00,0.1460958595859585,0.0,0.8906496927129061,0.9471861471861471
2021-06-03 10:30:00+00:00,0.1508025802580257,0.0,0.8907813871817384,0.9454545454545454
2021-06-03 10:45:00+00:00,0.15550930093009296,0.0,0.8909130816505707,0.9437229437229437
2021-06-03 11:00:00+00:00,0.1602160216021602,0.0,0.891044776119403,0.941991341991342
2021-06-03 11:15:00+00:00,0.1645758325832583,0.0,0.8900790166812994,0.9430735930735932
2021-06-03 11:30:00+00:00,0.1689356435643564,0.0,0.8891132572431958,0.9441558441558442
2021-06-03 11:45:00+00:00,0.1732954545454545,0.0,0.8881474978050922,0.9452380952380953
2021-06-03 12:00:00+00:00,0.1776552655265526,0.0,0.8871817383669885,0.9463203463203465
2021-06-03 12:15:00+00:00,0.1834214671467146,0.0,0.8812335381913959,0.9467532467532469
2021-06-03 12:30:00+00:00,0.1891876687668766,0.0,0.8752853380158033,0.9471861471861472
2021-06-03 12:45:00+00:00,0.19495387038703865,0.0,0.8693371378402107,0.9476190476190476
2021-06-03 13:00:00+00:00,0.2007200720072007,0.0,0.8633889376646181,0.948051948051948
2021-06-03 13:15:00+00:00,0.20719884488448842,0.0,0.8483757682177349,0.9404761904761905
2021-06-03 13:30:00+00:00,0.2136776177617761,0.0,0.8333625987708516,0.9329004329004328
2021-06-03 13:45:00+00:00,0.22015639063906384,0.0,0.8183494293239684,0.9253246753246752
2021-06-03 14:00:00+00:00,0.2266351635163516,0.0,0.8033362598770851,0.9177489177489178
2021-06-03 14:15:00+00:00,0.238542604260426,0.0,0.7784460052677786,0.9196969696969697
2021-06-03 14:30:00+00:00,0.2504500450045004,0.0,0.7535557506584722,0.9216450216450216
2021-06-03 14:45:00+00:00,0.26235748574857487,0.0,0.7286654960491659,0.9235930735930735
2021-06-03 15:00:00+00:00,0.2742649264926493,0.0,0.7037752414398595,0.9255411255411256
2021-06-03 15:15:00+00:00,0.2791591659165916,0.0,0.6826602282704126,0.9270562770562771
2021-06-03 15:30:00+00:00,0.284053405340534,0.0,0.6615452151009658,0.9285714285714286
2021-06-03 15:45:00+00:00,0.28894764476447643,0.0,0.6404302019315189,0.9300865800865801
2021-06-03 16:00:00+00:00,0.2938418841884188,0.0,0.619315188762072,0.9316017316017317
2021-06-03 16:15:00+00:00,0.29989873987398735,0.0,0.57243195785777,0.9487012987012988
2021-06-03 16:30:00+00:00,0.3059555955595559,0.0,0.525548726953468,0.965800865800866
2021-06-03 16:45:00+00:00,0.3120124512451245,0.0,0.478665496049166,0.9829004329004329
2021-06-03 17:00:00+00:00,0.3180693069306931,0.0,0.4317822651448639,1.0
2021-06-03 17:15:00+00:00,0.31211558655865584,0.0,0.38028972783143106,1.0
2021-06-03 17:30:00+00:00,0.3061618661866186,0.0,0.3287971905179982,1.0
2021-06-03 17:45:00+00:00,0.30020814581458144,0.0,0.2773046532045654,1.0
2021-06-03 18:00:00+00:00,0.2942544254425442,0.0,0.2258121158911325,1.0
2021-06-03 18:15:00+00:00,0.2895008250825082,0.0,0.18858647936786646,1.0
2021-06-03 18:30:00+00:00,0.2847472247224722,0.0,0.1513608428446004,1.0
2021-06-03 18:45:00+00:00,0.27999362436243624,0.0,0.1141352063213344,1.0
2021-06-03 19:00:00+00:00,0.2752400240024002,0.0,0.0769095697980684,1.0
2021-06-03 19:15:00+00:00,0.27632763276327627,0.0,0.0702589991220368,1.0
2021-06-03 19:30:00+00:00,0.2774152415241523,0.0,0.0636084284460052,1.0
2021-06-03 19:45:00+00:00,0.2785028502850284,0.0,0.0569578577699736,1.0
2021-06-03 20:00:00+00:00,0.2795904590459045,0.0,0.050307287093942,1.0
2021-06-03 20:15:00+00:00,0.2714427692769276,0.0,0.05004389815627735,1.0
2021-06-03 20:30:00+00:00,0.2632950795079507,0.0,0.0497805092186127,1.0
2021-06-03 20:45:00+00:00,0.2551473897389739,0.0,0.049517120280948096,1.0
2021-06-03 21:00:00+00:00,0.246999699969997,0.0,0.0492537313432835,1.0
2021-06-03 21:15:00+00:00,0.2436712421242124,0.0,0.04885864793678655,0.9902597402597403
2021-06-03 21:30:00+00:00,0.2403427842784278,0.0,0.0484635645302896,0.9805194805194806
2021-06-03 21:45:00+00:00,0.23701432643264325,0.0,0.048068481123792695,0.9707792207792207
2021-06-03 22:00:00+00:00,0.2336858685868587,0.0,0.0476733977172958,0.961038961038961
2021-06-03 22:15:00+00:00,0.22401927692769275,0.0,0.046685689201053496,0.963852813852814
2021-06-03 22:30:00+00:00,0.2143526852685268,0.0,0.0456979806848112,0.9666666666666668
2021-06-03 22:45:00+00:00,0.2046860936093609,0.0,0.044710272168568904,0.9694805194805196
2021-06-03 23:00:00+00:00,0.195019501950195,0.0,0.0437225636523266,0.9722943722943724
2021-06-03 23:15:00+00:00,0.18595297029702965,0.0,0.04370061457418785,0.9751082251082253
2021-06-03 23:30:00+00:00,0.1768864386438643,0.0,0.0436786654960491,0.977922077922078
2021-06-03 23:45:00+00:00,0.16781990699069899,0.0,0.0436567164179104,0.9807359307359308
2021-06-04 00:00:00+00:00,0.1587533753375337,0.0,0.0436347673397717,0.9835497835497836
2021-06-04 00:15:00+00:00,0.15638126312631256,0.0,0.042427568042142205,0.9772727272727274
2021-06-04 00:30:00+00:00,0.1540091509150914,0.0,0.0412203687445127,0.9709956709956712
2021-06-04 00:45:00+00:00,0.1516370387038703,0.0,0.0400131694468832,0.9647186147186149
2021-06-04 01:00:00+00:00,0.1492649264926492,0.0,0.0388059701492537,0.9584415584415584
2021-06-04 01:15:00+00:00,0.1425892589258925,0.0,0.03625987708516235,0.9586580086580085
2021-06-04 01:30:00+00:00,0.1359135913591358,0.0,0.033713784021071,0.9588744588744588
2021-06-04 01:45:00+00:00,0.12923792379237914,0.0,0.0311676909569797,0.959090909090909
2021-06-04 02:00:00+00:00,0.1225622562256225,0.0,0.0286215978928884,0.9593073593073592
2021-06-04 02:15:00+00:00,0.11813681368136805,0.0,0.0277655838454784,0.9677489177489178
2021-06-04 02:30:00+00:00,0.1137113711371136,0.0,0.0269095697980684,0.9761904761904764
2021-06-04 02:45:00+00:00,0.10928592859285921,0.0,0.0260535557506584,0.9846320346320347
2021-06-04 03:00:00+00:00,0.1048604860486048,0.0,0.0251975417032484,0.9930735930735932
2021-06-04 03:15:00+00:00,0.101578907890789,0.0,0.0237708516242317,0.9948051948051949
2021-06-04 03:30:00+00:00,0.0982973297329732,0.0,0.022344161545215,0.9965367965367966
2021-06-04 03:45:00+00:00,0.09501575157515746,0.0,0.02091747146619835,0.9982683982683983
2021-06-04 04:00:00+00:00,0.0917341734173417,0.0,0.0194907813871817,1.0
2021-06-04 04:15:00+00:00,0.09038403840384035,0.0,0.024582967515364297,1.0
2021-06-04 04:30:00+00:00,0.089033903390339,0.0,0.0296751536435469,1.0
2021-06-04 04:45:00+00:00,0.08768376837683764,0.0,0.03476733977172955,1.0
2021-06-04 05:00:00+00:00,0.0863336333633363,0.0,0.0398595258999122,1.0
2021-06-04 05:15:00+00:00,0.08616486648664859,0.0,0.0736830553116769,1.0
2021-06-04 05:30:00+00:00,0.0859960996099609,0.0,0.1075065847234416,1.0
2021-06-04 05:45:00+00:00,0.08582733273327325,0.0,0.1413301141352063,1.0
2021-06-04 06:00:00+00:00,0.0856585658565856,0.0,0.175153643546971,1.0
2021-06-04 06:15:00+00:00,0.08624924992499244,0.0,0.22671202809482,1.0
2021-06-04 06:30:00+00:00,0.0868399339933993,0.0,0.278270412642669,1.0
2021-06-04 06:45:00+00:00,0.08743061806180616,0.0,0.329828797190518,1.0
2021-06-04 07:00:00+00:00,0.088021302130213,0.0,0.381387181738367,1.0
2021-06-04 07:15:00+00:00,0.08903390339033901,0.0,0.4239464442493416,1.0
2021-06-04 07:30:00+00:00,0.090046504650465,0.0,0.4665057067603161,1.0
2021-06-04 07:45:00+00:00,0.09105910591059099,0.0,0.5090649692712906,1.0
2021-06-04 08:00:00+00:00,0.092071707170717,0.0,0.5516242317822652,1.0
2021-06-04 08:15:00+00:00,0.09530640564056395,0.0,0.5829675153643548,0.9989177489177488
2021-06-04 08:30:00+00:00,0.0985411041104109,0.0,0.6143107989464442,0.9978354978354976
2021-06-04 08:45:00+00:00,0.10177580258025795,0.0,0.6456540825285337,0.9967532467532466
2021-06-04 09:00:00+00:00,0.105010501050105,0.0,0.6769973661106233,0.9956709956709956
2021-06-04 09:15:00+00:00,0.10594809480948089,0.0,0.690891132572432,0.9956709956709956
2021-06-04 09:30:00+00:00,0.1068856885688568,0.0,0.7047848990342406,0.9956709956709956
2021-06-04 09:45:00+00:00,0.10782328232823275,0.0,0.7186786654960492,0.9956709956709956
2021-06-04 10:00:00+00:00,0.1087608760876087,0.0,0.7325724319578578,0.9956709956709956
2021-06-04 10:15:00+00:00,0.10971722172217216,0.0,0.7426690079016682,0.9956709956709956
2021-06-04 10:30:00+00:00,0.1106735673567356,0.0,0.7527655838454785,0.9956709956709956
2021-06-04 10:45:00+00:00,0.11162991299129904,0.0,0.7628621597892888,0.9956709956709956
2021-06-04 11:00:00+00:00,0.1125862586258625,0.0,0.7729587357330993,0.9956709956709956
2021-06-04 11:15:00+00:00,0.1186806180618061,0.0,0.7764925373134328,0.9954545454545455
2021-06-04 11:30:00+00:00,0.1247749774977497,0.0,0.7800263388937665,0.9952380952380953
2021-06-04 11:45:00+00:00,0.1308693369336933,0.0,0.7835601404741002,0.995021645021645
2021-06-04 12:00:00+00:00,0.1369636963696369,0.0,0.7870939420544337,0.9948051948051948
2021-06-04 12:15:00+00:00,0.14449257425742565,0.0,0.7816505706760316,0.9928571428571429
2021-06-04 12:30:00+00:00,0.1520214521452144,0.0,0.7762071992976295,0.990909090909091
2021-06-04 12:45:00+00:00,0.15955033003300326,0.0,0.7707638279192274,0.988961038961039
2021-06-04 13:00:00+00:00,0.1670792079207921,0.0,0.7653204565408253,0.987012987012987
2021-06-04 13:15:00+00:00,0.1732110711071107,0.0,0.7484196663740124,0.9772727272727273
2021-06-04 13:30:00+00:00,0.1793429342934293,0.0,0.7315188762071994,0.9675324675324676
2021-06-04 13:45:00+00:00,0.18547479747974793,0.0,0.7146180860403863,0.9577922077922079
2021-06-04 14:00:00+00:00,0.1916066606660666,0.0,0.6977172958735733,0.948051948051948
2021-06-04 14:15:00+00:00,0.1943725622562256,0.0,0.6856233538191396,0.9482683982683981
2021-06-04 14:30:00+00:00,0.1971384638463846,0.0,0.6735294117647059,0.9484848484848484
2021-06-04 14:45:00+00:00,0.1999043654365436,0.0,0.6614354697102722,0.9487012987012986
2021-06-04 15:00:00+00:00,0.2026702670267026,0.0,0.6493415276558384,0.9489177489177488
2021-06-04 15:15:00+00:00,0.20373912391239113,0.0,0.6186786654960491,0.9616883116883116
2021-06-04 15:30:00+00:00,0.2048079807980797,0.0,0.5880158033362598,0.9744588744588744
2021-06-04 15:45:00+00:00,0.2058768376837683,0.0,0.5573529411764706,0.9872294372294372
2021-06-04 16:00:00+00:00,0.2069456945694569,0.0,0.5266900790166813,1.0
2021-06-04 16:15:00+00:00,0.2110992349234923,0.0,0.5000658472344162,0.9997835497835498
2021-06-04 16:30:00+00:00,0.2152527752775277,0.0,0.473441615452151,0.9995670995670995
2021-06-04 16:45:00+00:00,0.2194063156315631,0.0,0.4468173836698859,0.9993506493506494
2021-06-04 17:00:00+00:00,0.2235598559855985,0.0,0.4201931518876207,0.9991341991341992
2021-06-04 17:15:00+00:00,0.2272258475847584,0.0,0.36516681299385423,0.9967532467532467
2021-06-04 17:30:00+00:00,0.2308918391839183,0.0,0.3101404741000877,0.9943722943722944
2021-06-04 17:45:00+00:00,0.23455783078307824,0.0,0.25511413520632126,0.991991341991342
2021-06-04 18:00:00+00:00,0.2382238223822382,0.0,0.2000877963125548,0.9896103896103896
2021-06-04 18:15:00+00:00,0.23873012301230118,0.0,0.16510096575943806,0.9922077922077922
2021-06-04 18:30:00+00:00,0.2392364236423642,0.0,0.1301141352063213,0.9948051948051948
2021-06-04 18:45:00+00:00,0.2397427242724272,0.0,0.09512730465320456,0.9974025974025974
2021-06-04 19:00:00+00:00,0.2402490249024902,0.0,0.0601404741000878,1.0
2021-06-04 19:15:00+00:00,0.24586521152115204,0.0,0.0547410008779631,0.9965367965367965
2021-06-04 19:30:00+00:00,0.2514813981398139,0.0,0.0493415276558384,0.993073593073593
2021-06-04 19:45:00+00:00,0.2570975847584758,0.0,0.043942054433713754,0.9896103896103895
2021-06-04 20:00:00+00:00,0.2627137713771377,0.0,0.0385425812115891,0.986147186147186
2021-06-04 20:15:00+00:00,0.2638201320132013,0.0,0.0377085162423178,0.9835497835497834
2021-06-04 20:30:00+00:00,0.2649264926492649,0.0,0.0368744512730465,0.9809523809523808
2021-06-04 20:45:00+00:00,0.2660328532853285,0.0,0.0360403863037752,0.9783549783549782
2021-06-04 21:00:00+00:00,0.2671392139213921,0.0,0.0352063213345039,0.9757575757575756
2021-06-04 21:15:00+00:00,0.2625825082508251,0.0,0.03505267778753285,0.9746753246753246
2021-06-04 21:30:00+00:00,0.258025802580258,0.0,0.0348990342405618,0.9735930735930736
2021-06-04 21:45:00+00:00,0.25346909690969094,0.0,0.0347453906935908,0.9725108225108225
2021-06-04 22:00:00+00:00,0.2489123912391239,0.0,0.0345917471466198,0.9714285714285714
2021-06-04 22:15:00+00:00,0.2478435343534353,0.0,0.034482001755926195,0.9686147186147185
2021-06-04 22:30:00+00:00,0.2467746774677467,0.0,0.0343722563652326,0.9658008658008655
2021-06-04 22:45:00+00:00,0.24570582058205814,0.0,0.034262510974539,0.9629870129870128
2021-06-04 23:00:00+00:00,0.2446369636963696,0.0,0.0341527655838454,0.96017316017316
2021-06-04 23:15:00+00:00,0.24268676867686767,0.0,0.032989464442493344,0.9562770562770562
2021-06-04 23:30:00+00:00,0.2407365736573657,0.0,0.0318261633011413,0.9523809523809522
2021-06-04 23:45:00+00:00,0.23878637863786376,0.0,0.03066286215978925,0.9484848484848483
2021-06-05 00:00:00+00:00,0.2368361836183618,0.0,0.0294995610184372,0.9445887445887444
2021-06-05 00:15:00+00:00,0.23232635763576354,0.0,0.0293898156277436,0.9467532467532467
2021-06-05 00:30:00+00:00,0.2278165316531653,0.0,0.02928007023705,0.9489177489177488
2021-06-05 00:45:00+00:00,0.22330670567056704,0.0,0.0291703248463564,0.951082251082251
2021-06-05 01:00:00+00:00,0.2187968796879688,0.0,0.0290605794556628,0.9532467532467532
2021-06-05 01:15:00+00:00,0.21757800780078004,0.0,0.02875329236172075,0.951082251082251
2021-06-05 01:30:00+00:00,0.2163591359135913,0.0,0.0284460052677787,0.9489177489177488
2021-06-05 01:45:00+00:00,0.2151402640264026,0.0,0.02813871817383665,0.9467532467532467
2021-06-05 02:00:00+00:00,0.2139213921392139,0.0,0.0278314310798946,0.9445887445887444
2021-06-05 02:15:00+00:00,0.2102460246024602,0.0,0.0257901668129938,0.9448051948051945
2021-06-05 02:30:00+00:00,0.2065706570657065,0.0,0.023748902546093,0.9450216450216448
2021-06-05 02:45:00+00:00,0.20289528952895286,0.0,0.0217076382791922,0.9452380952380951
2021-06-05 03:00:00+00:00,0.1992199219921992,0.0,0.0196663740122914,0.9454545454545454
2021-06-05 03:15:00+00:00,0.1945975847584758,0.0,0.0178446005267778,0.9463203463203463
2021-06-05 03:30:00+00:00,0.1899752475247524,0.0,0.0160228270412642,0.9471861471861472
2021-06-05 03:45:00+00:00,0.18535291029102904,0.0,0.0142010535557506,0.948051948051948
2021-06-05 04:00:00+00:00,0.1807305730573057,0.0,0.012379280070237,0.9489177489177488
2021-06-05 04:15:00+00:00,0.17346422142214213,0.0,0.018898156277436302,0.9584415584415584
2021-06-05 04:30:00+00:00,0.1661978697869786,0.0,0.0254170324846356,0.967965367965368
2021-06-05 04:45:00+00:00,0.1589315181518151,0.0,0.0319359086918349,0.9774891774891775
2021-06-05 05:00:00+00:00,0.1516651665166516,0.0,0.0384547848990342,0.987012987012987
2021-06-05 05:15:00+00:00,0.1434424692469246,0.0,0.0690517998244073,0.9861471861471861
2021-06-05 05:30:00+00:00,0.1352197719771976,0.0,0.0996488147497804,0.9852813852813852
2021-06-05 05:45:00+00:00,0.12699707470747065,0.0,0.13024582967515355,0.9844155844155844
2021-06-05 06:00:00+00:00,0.1187743774377437,0.0,0.1608428446005267,0.9835497835497836
2021-06-05 06:15:00+00:00,0.11437706270627054,0.0,0.19881474978050914,0.9876623376623378
2021-06-05 06:30:00+00:00,0.1099797479747974,0.0,0.2367866549604916,0.991774891774892
2021-06-05 06:45:00+00:00,0.10558243324332425,0.0,0.27475856014047406,0.995887445887446
2021-06-05 07:00:00+00:00,0.1011851185118511,0.0,0.3127304653204565,1.0
2021-06-05 07:15:00+00:00,0.09595334533453334,0.0,0.3466637401229148,1.0
2021-06-05 07:30:00+00:00,0.0907215721572156,0.0,0.3805970149253731,1.0
2021-06-05 07:45:00+00:00,0.08548979897989789,0.0,0.4145302897278314,1.0
2021-06-05 08:00:00+00:00,0.0802580258025802,0.0,0.4484635645302897,1.0
2021-06-05 08:15:00+00:00,0.07779215421542149,0.0,0.46437664618086033,1.0
2021-06-05 08:30:00+00:00,0.0753262826282628,0.0,0.480289727831431,1.0
2021-06-05 08:45:00+00:00,0.0728604110411041,0.0,0.4962028094820017,1.0
2021-06-05 09:00:00+00:00,0.0703945394539454,0.0,0.5121158911325724,1.0
2021-06-05 09:15:00+00:00,0.06622224722472245,0.0,0.535118525021949,0.9941558441558442
2021-06-05 09:30:00+00:00,0.0620499549954995,0.0,0.5581211589113257,0.9883116883116884
2021-06-05 09:45:00+00:00,0.0578776627662766,0.0,0.5811237928007024,0.9824675324675325
2021-06-05 10:00:00+00:00,0.0537053705370537,0.0,0.604126426690079,0.9766233766233766
2021-06-05 10:15:00+00:00,0.052805280528052806,0.0,0.611918349429324,0.9824675324675325
2021-06-05 10:30:00+00:00,0.0519051905190519,0.0,0.6197102721685689,0.9883116883116884
2021-06-05 10:45:00+00:00,0.051005100510051,0.0,0.6275021949078139,0.9941558441558442
2021-06-05 11:00:00+00:00,0.0501050105010501,0.0,0.6352941176470588,1.0
2021-06-05 11:15:00+00:00,0.0493643114311431,0.0,0.6398156277436348,1.0
2021-06-05 11:30:00+00:00,0.0486236123612361,0.0,0.6443371378402107,1.0
2021-06-05 11:45:00+00:00,0.0478829132913291,0.0,0.6488586479367866,1.0
2021-06-05 12:00:00+00:00,0.0471422142214221,0.0,0.6533801580333626,1.0
2021-06-05 12:15:00+00:00,0.05107073207320725,0.0,0.6443810359964881,0.9816017316017316
2021-06-05 12:30:00+00:00,0.0549992499249924,0.0,0.6353819139596137,0.9632034632034632
2021-06-05 12:45:00+00:00,0.0589277677767776,0.0,0.6263827919227393,0.9448051948051948
2021-06-05 13:00:00+00:00,0.0628562856285628,0.0,0.6173836698858648,0.9264069264069263
2021-06-05 13:15:00+00:00,0.06713171317131705,0.0,0.6007243195785776,0.9207792207792207
2021-06-05 13:30:00+00:00,0.0714071407140713,0.0,0.5840649692712906,0.9151515151515152
2021-06-05 13:45:00+00:00,0.0756825682568256,0.0,0.5674056189640035,0.9095238095238096
2021-06-05 14:00:00+00:00,0.0799579957995799,0.0,0.5507462686567164,0.903896103896104
2021-06-05 14:15:00+00:00,0.0833239573957395,0.0,0.5140474100087796,0.903896103896104
2021-06-05 14:30:00+00:00,0.0866899189918991,0.0,0.4773485513608428,0.903896103896104
2021-06-05 14:45:00+00:00,0.09005588058805875,0.0,0.44064969271290605,0.903896103896104
2021-06-05 15:00:00+00:00,0.0934218421842184,0.0,0.4039508340649693,0.903896103896104
2021-06-05 15:15:00+00:00,0.09600022502250219,0.0,0.3729806848112379,0.925974025974026
2021-06-05 15:30:00+00:00,0.098578607860786,0.0,0.3420105355575066,0.948051948051948
2021-06-05 15:45:00+00:00,0.10115699069906985,0.0,0.3110403863037753,0.9701298701298702
2021-06-05 16:00:00+00:00,0.1037353735373537,0.0,0.2800702370500439,0.9922077922077922
2021-06-05 16:15:00+00:00,0.107035703570357,0.0,0.26624231782265145,0.9787878787878788
2021-06-05 16:30:00+00:00,0.1103360336033603,0.0,0.252414398595259,0.9653679653679652
2021-06-05 16:45:00+00:00,0.1136363636363636,0.0,0.23858647936786653,0.9519480519480519
2021-06-05 17:00:00+00:00,0.1169366936693669,0.0,0.2247585601404741,0.9385281385281384
2021-06-05 17:15:00+00:00,0.11978697869786975,0.0,0.1999122036874451,0.9443722943722944
2021-06-05 17:30:00+00:00,0.1226372637263726,0.0,0.1750658472344161,0.9502164502164504
2021-06-05 17:45:00+00:00,0.12548754875487544,0.0,0.15021949078138713,0.9560606060606063
2021-06-05 18:00:00+00:00,0.1283378337833783,0.0,0.1253731343283582,0.961904761904762
2021-06-05 18:15:00+00:00,0.1299692469246924,0.0,0.10397278314310796,0.9632034632034634
2021-06-05 18:30:00+00:00,0.1316006600660065,0.0,0.0825724319578577,0.9645021645021646
2021-06-05 18:45:00+00:00,0.13323207320732064,0.0,0.061172080772607496,0.9658008658008659
2021-06-05 19:00:00+00:00,0.1348634863486348,0.0,0.0397717295873573,0.9670995670995672
2021-06-05 19:15:00+00:00,0.14055468046804676,0.0,0.0353160667251975,0.9675324675324677
2021-06-05 19:30:00+00:00,0.1462458745874587,0.0,0.0308604038630377,0.967965367965368
2021-06-05 19:45:00+00:00,0.15193706870687063,0.0,0.026404741000877897,0.9683982683982684
2021-06-05 20:00:00+00:00,0.1576282628262826,0.0,0.0219490781387181,0.9688311688311688
2021-06-05 20:15:00+00:00,0.16127550255025494,0.0,0.020939420544337048,0.9766233766233766
2021-06-05 20:30:00+00:00,0.1649227422742273,0.0,0.019929762949956,0.9844155844155844
2021-06-05 20:45:00+00:00,0.16856998199819972,0.0,0.018920105355575,0.9922077922077922
2021-06-05 21:00:00+00:00,0.1722172217221722,0.0,0.017910447761194,1.0
2021-06-05 21:15:00+00:00,0.17109210921092105,0.0,0.0177348551360842,0.9954545454545455
2021-06-05 21:30:00+00:00,0.1699669966996699,0.0,0.0175592625109744,0.990909090909091
2021-06-05 21:45:00+00:00,0.16884188418841878,0.0,0.0173836698858647,0.9863636363636363
2021-06-05 22:00:00+00:00,0.1677167716771677,0.0,0.017208077260755,0.9818181818181818
2021-06-05 22:15:00+00:00,0.16909503450345031,0.0,0.017208077260755,0.9829004329004329
2021-06-05 22:30:00+00:00,0.1704732973297329,0.0,0.017208077260755,0.983982683982684
2021-06-05 22:45:00+00:00,0.17185156015601555,0.0,0.017208077260755,0.985064935064935
2021-06-05 23:00:00+00:00,0.1732298229822982,0.0,0.017208077260755,0.986147186147186
2021-06-05 23:15:00+00:00,0.17607073207320728,0.0,0.017208077260755,0.9841991341991341
2021-06-05 23:30:00+00:00,0.1789116411641164,0.0,0.017208077260755,0.9822510822510822
2021-06-05 23:45:00+00:00,0.1817525502550255,0.0,0.017208077260755,0.9803030303030303
2021-06-06 00:00:00+00:00,0.1845934593459346,0.0,0.017208077260755,0.9783549783549784
2021-06-06 00:15:00+00:00,0.18932830783078305,0.0,0.01657155399473215,0.975108225108225
2021-06-06 00:30:00+00:00,0.1940631563156315,0.0,0.0159350307287093,0.9718614718614718
2021-06-06 00:45:00+00:00,0.19879800480048,0.0,0.0152985074626865,0.9686147186147185
2021-06-06 01:00:00+00:00,0.2035328532853285,0.0,0.0146619841966637,0.9653679653679652
2021-06-06 01:15:00+00:00,0.20575495049504944,0.0,0.0146839332748024,0.9502164502164501
2021-06-06 01:30:00+00:00,0.2079770477047704,0.0,0.0147058823529411,0.9350649350649348
2021-06-06 01:45:00+00:00,0.2101991449144914,0.0,0.01472783143107985,0.9199134199134198
2021-06-06 02:00:00+00:00,0.2124212421242124,0.0,0.0147497805092186,0.9047619047619048
2021-06-06 02:15:00+00:00,0.21404327932793277,0.0,0.0142010535557506,0.9045454545454547
2021-06-06 02:30:00+00:00,0.2156653165316531,0.0,0.0136523266022826,0.9043290043290044
2021-06-06 02:45:00+00:00,0.2172873537353735,0.0,0.01310359964881465,0.9041125541125542
2021-06-06 03:00:00+00:00,0.2189093909390939,0.0,0.0125548726953467,0.903896103896104
2021-06-06 03:15:00+00:00,0.2171467146714671,0.0,0.01027216856892,0.9015151515151516
2021-06-06 03:30:00+00:00,0.2153840384038403,0.0,0.0079894644424933,0.8991341991341992
2021-06-06 03:45:00+00:00,0.21362136213621355,0.0,0.00570676031606665,0.8967532467532469
2021-06-06 04:00:00+00:00,0.2118586858685868,0.0,0.00342405618964,0.8943722943722944
2021-06-06 04:15:00+00:00,0.21133363336333627,0.0,0.015671641791044702,0.8928571428571428
2021-06-06 04:30:00+00:00,0.2108085808580857,0.0,0.0279192273924494,0.8913419913419913
2021-06-06 04:45:00+00:00,0.2102835283528352,0.0,0.04016681299385415,0.8898268398268399
2021-06-06 05:00:00+00:00,0.2097584758475847,0.0,0.0524143985952589,0.8883116883116883
2021-06-06 05:15:00+00:00,0.20744261926192614,0.0,0.10454345917471455,0.8954545454545455
2021-06-06 05:30:00+00:00,0.2051267626762676,0.0,0.1566725197541702,0.9025974025974026
2021-06-06 05:45:00+00:00,0.20281090609060903,0.0,0.2088015803336259,0.9097402597402597
2021-06-06 06:00:00+00:00,0.2004950495049505,0.0,0.2609306409130816,0.9168831168831169
2021-06-06 06:15:00+00:00,0.1973916141614161,0.0,0.33823529411764697,0.9145021645021645
2021-06-06 06:30:00+00:00,0.1942881788178817,0.0,0.4155399473222124,0.912121212121212
2021-06-06 06:45:00+00:00,0.19118474347434736,0.0,0.4928446005267778,0.9097402597402597
2021-06-06 07:00:00+00:00,0.188081308130813,0.0,0.5701492537313433,0.9073593073593074
2021-06-06 07:15:00+00:00,0.1804680468046804,0.0,0.623990342405619,0.9116883116883117
2021-06-06 07:30:00+00:00,0.1728547854785478,0.0,0.6778314310798946,0.916017316017316
2021-06-06 07:45:00+00:00,0.1652415241524152,0.0,0.7316725197541704,0.9203463203463204
2021-06-06 08:00:00+00:00,0.1576282628262826,0.0,0.785513608428446,0.9246753246753248
2021-06-06 08:15:00+00:00,0.1536528652865286,0.0,0.8110184372256365,0.9322510822510823
2021-06-06 08:30:00+00:00,0.1496774677467746,0.0,0.836523266022827,0.9398268398268398
2021-06-06 08:45:00+00:00,0.14570207020702064,0.0,0.8620280948200175,0.9474025974025974
2021-06-06 09:00:00+00:00,0.1417266726672667,0.0,0.887532923617208,0.9549783549783548
2021-06-06 09:15:00+00:00,0.14077032703270326,0.0,0.8987050043898156,0.9532467532467531
2021-06-06 09:30:00+00:00,0.1398139813981398,0.0,0.9098770851624232,0.9515151515151514
2021-06-06 09:45:00+00:00,0.13885763576357635,0.0,0.9210491659350308,0.9497835497835497
2021-06-06 10:00:00+00:00,0.1379012901290129,0.0,0.9322212467076384,0.948051948051948
2021-06-06 10:15:00+00:00,0.13834195919591954,0.0,0.9358208955223881,0.9398268398268399
2021-06-06 10:30:00+00:00,0.1387826282628262,0.0,0.939420544337138,0.9316017316017317
2021-06-06 10:45:00+00:00,0.1392232973297329,0.0,0.9430201931518877,0.9233766233766234
2021-06-06 11:00:00+00:00,0.1396639663966396,0.0,0.9466198419666374,0.9151515151515152
2021-06-06 11:15:00+00:00,0.1424579957995799,0.0,0.9474978050921862,0.9155844155844155
2021-06-06 11:30:00+00:00,0.1452520252025202,0.0,0.948375768217735,0.916017316017316
2021-06-06 11:45:00+00:00,0.1480460546054605,0.0,0.9492537313432837,0.9164502164502164
2021-06-06 12:00:00+00:00,0.1508400840084008,0.0,0.9501316944688324,0.9168831168831169
2021-06-06 12:15:00+00:00,0.15281840684068398,0.0,0.9462247585601407,0.9064935064935065
2021-06-06 12:30:00+00:00,0.1547967296729672,0.0,0.9423178226514488,0.8961038961038961
2021-06-06 12:45:00+00:00,0.15677505250525045,0.0,0.938410886742757,0.8857142857142857
2021-06-06 13:00:00+00:00,0.1587533753375337,0.0,0.934503950834065,0.8753246753246753
2021-06-06 13:15:00+00:00,0.16285066006600651,0.0,0.9273485513608429,0.8735930735930736
2021-06-06 13:30:00+00:00,0.1669479447944793,0.0,0.9201931518876209,0.8718614718614719
2021-06-06 13:45:00+00:00,0.1710452295229522,0.0,0.9130377524143987,0.8701298701298701
2021-06-06 14:00:00+00:00,0.1751425142514251,0.0,0.9058823529411764,0.8683982683982684
2021-06-06 14:15:00+00:00,0.18085246024602455,0.0,0.8917251975417032,0.8670995670995671
2021-06-06 14:30:00+00:00,0.186562406240624,0.0,0.87756804214223,0.8658008658008658
2021-06-06 14:45:00+00:00,0.1922723522352235,0.0,0.8634108867427568,0.8645021645021644
2021-06-06 15:00:00+00:00,0.197982298229823,0.0,0.8492537313432836,0.8632034632034632
2021-06-06 15:15:00+00:00,0.20112323732373233,0.0,0.8253731343283582,0.8770562770562771
2021-06-06 15:30:00+00:00,0.2042641764176417,0.0,0.8014925373134328,0.890909090909091
2021-06-06 15:45:00+00:00,0.2074051155115511,0.0,0.7776119402985074,0.9047619047619049
2021-06-06 16:00:00+00:00,0.2105460546054605,0.0,0.753731343283582,0.9186147186147188
2021-06-06 16:15:00+00:00,0.210330408040804,0.0,0.7113476733977173,0.9337662337662338
2021-06-06 16:30:00+00:00,0.2101147614761475,0.0,0.6689640035118525,0.9489177489177488
2021-06-06 16:45:00+00:00,0.20989911491149105,0.0,0.6265803336259876,0.9640692640692641
2021-06-06 17:00:00+00:00,0.2096834683468346,0.0,0.5841966637401229,0.9792207792207792
2021-06-06 17:15:00+00:00,0.21200870087008689,0.0,0.5124451273046532,0.9844155844155844
2021-06-06 17:30:00+00:00,0.2143339333933392,0.0,0.4406935908691834,0.9896103896103896
2021-06-06 17:45:00+00:00,0.2166591659165916,0.0,0.36894205443371375,0.9948051948051948
2021-06-06 18:00:00+00:00,0.218984398439844,0.0,0.2971905179982441,1.0
2021-06-06 18:15:00+00:00,0.22476935193519348,0.0,0.2469929762949956,1.0
2021-06-06 18:30:00+00:00,0.230554305430543,0.0,0.1967954345917471,1.0
2021-06-06 18:45:00+00:00,0.23633925892589255,0.0,0.14659789288849864,1.0
2021-06-06 19:00:00+00:00,0.2421242124212421,0.0,0.0964003511852502,1.0
2021-06-06 19:15:00+00:00,0.2464558955895589,0.0,0.08731343283582085,0.9829004329004329
2021-06-06 19:30:00+00:00,0.2507875787578757,0.0,0.0782265144863915,0.965800865800866
2021-06-06 19:45:00+00:00,0.25511926192619255,0.0,0.06913959613696219,0.9487012987012988
2021-06-06 20:00:00+00:00,0.2594509450945094,0.0,0.0600526777875329,0.9316017316017317
2021-06-06 20:15:00+00:00,0.2604729222922292,0.0,0.060074626865671596,0.9387445887445889
2021-06-06 20:30:00+00:00,0.261494899489949,0.0,0.0600965759438103,0.945887445887446
2021-06-06 20:45:00+00:00,0.26251687668766877,0.0,0.060118525021949046,0.953030303030303
2021-06-06 21:00:00+00:00,0.2635388538853885,0.0,0.0601404741000878,0.96017316017316
2021-06-06 21:15:00+00:00,0.2617011701170117,0.0,0.06038191395961365,0.9419913419913418
2021-06-06 21:30:00+00:00,0.2598634863486349,0.0,0.0606233538191395,0.9238095238095236
2021-06-06 21:45:00+00:00,0.25802580258025803,0.0,0.060864793678665444,0.9056277056277056
2021-06-06 22:00:00+00:00,0.2561881188118812,0.0,0.0611062335381914,0.8874458874458875
2021-06-06 22:15:00+00:00,0.2558505850585058,0.0,0.06108428446005265,0.8837662337662338
2021-06-06 22:30:00+00:00,0.2555130513051304,0.0,0.0610623353819139,0.88008658008658
2021-06-06 22:45:00+00:00,0.2551755175517551,0.0,0.0610403863037752,0.8764069264069264
2021-06-06 23:00:00+00:00,0.2548379837983798,0.0,0.0610184372256365,0.8727272727272727
2021-06-06 23:15:00+00:00,0.254050405040504,0.0,0.0610184372256365,0.8660173160173159
2021-06-06 23:30:00+00:00,0.2532628262826282,0.0,0.0610184372256365,0.8593073593073592
2021-06-06 23:45:00+00:00,0.2524752475247525,0.0,0.0610184372256365,0.8525974025974026
2021-06-07 00:00:00+00:00,0.2516876687668767,0.0,0.0610184372256365,0.8458874458874459
2021-06-07 00:15:00+00:00,0.24677467746774676,0.0,0.06099648814749775,0.8454545454545455
2021-06-07 00:30:00+00:00,0.2418616861686168,0.0,0.060974539069359,0.845021645021645
2021-06-07 00:45:00+00:00,0.2369486948694869,0.0,0.0609525899912203,0.8445887445887446
2021-06-07 01:00:00+00:00,0.232035703570357,0.0,0.0609306409130816,0.8441558441558441
2021-06-07 01:15:00+00:00,0.22495687068706863,0.0,0.06088674275680415,0.8435064935064934
2021-06-07 01:30:00+00:00,0.2178780378037803,0.0,0.0608428446005267,0.8428571428571427
2021-06-07 01:45:00+00:00,0.210799204920492,0.0,0.0607989464442493,0.8422077922077922
2021-06-07 02:00:00+00:00,0.2037203720372037,0.0,0.0607550482879719,0.8415584415584415
2021-06-07 02:15:00+00:00,0.1976447644764476,0.0,0.0596795434591747,0.8406926406926407
2021-06-07 02:30:00+00:00,0.1915691569156915,0.0,0.0586040386303775,0.8398268398268398
2021-06-07 02:45:00+00:00,0.18549354935493545,0.0,0.057528533801580295,0.8389610389610389
2021-06-07 03:00:00+00:00,0.1794179417941794,0.0,0.0564530289727831,0.8380952380952381
2021-06-07 03:15:00+00:00,0.17487061206120608,0.0,0.051690079016681253,0.8519480519480519
2021-06-07 03:30:00+00:00,0.1703232823282328,0.0,0.0469271290605794,0.8658008658008658
2021-06-07 03:45:00+00:00,0.1657759525952595,0.0,0.04216417910447755,0.8796536796536796
2021-06-07 04:00:00+00:00,0.1612286228622862,0.0,0.0374012291483757,0.8935064935064935
2021-06-07 04:15:00+00:00,0.15580933093309324,0.0,0.05109745390693585,0.9062770562770561
2021-06-07 04:30:00+00:00,0.1503900390039003,0.0,0.064793678665496,0.9190476190476188
2021-06-07 04:45:00+00:00,0.14497074707470742,0.0,0.07848990342405615,0.9318181818181817
2021-06-07 05:00:00+00:00,0.1395514551455145,0.0,0.0921861281826163,0.9445887445887444
2021-06-07 05:15:00+00:00,0.1326976447644764,0.0,0.15327041264266894,0.9456709956709957
2021-06-07 05:30:00+00:00,0.1258438343834383,0.0,0.2143546971027216,0.9467532467532468
2021-06-07 05:45:00+00:00,0.11899002400240019,0.0,0.2754389815627743,0.9478354978354978
2021-06-07 06:00:00+00:00,0.1121362136213621,0.0,0.336523266022827,0.9489177489177488
2021-06-07 06:15:00+00:00,0.1082733273327332,0.0,0.41999561018437226,0.9489177489177488
2021-06-07 06:30:00+00:00,0.1044104410441043,0.0,0.5034679543459175,0.9489177489177488
2021-06-07 06:45:00+00:00,0.10054755475547544,0.0,0.5869402985074628,0.9489177489177488
2021-06-07 07:00:00+00:00,0.0966846684668466,0.0,0.6704126426690079,0.9489177489177488
2021-06-07 07:15:00+00:00,0.09375937593759365,0.0,0.7158472344161546,0.9454545454545454
2021-06-07 07:30:00+00:00,0.0908340834083407,0.0,0.7612818261633012,0.941991341991342
2021-06-07 07:45:00+00:00,0.0879087908790878,0.0,0.8067164179104478,0.9385281385281385
2021-06-07 08:00:00+00:00,0.0849834983498349,0.0,0.8521510096575944,0.935064935064935
2021-06-07 08:15:00+00:00,0.08443969396939685,0.0,0.8714661984196663,0.929004329004329
2021-06-07 08:30:00+00:00,0.0838958895889588,0.0,0.8907813871817384,0.922943722943723
2021-06-07 08:45:00+00:00,0.0833520852085208,0.0,0.9100965759438104,0.9168831168831169
2021-06-07 09:00:00+00:00,0.0828082808280828,0.0,0.9294117647058824,0.9108225108225108
2021-06-07 09:15:00+00:00,0.0845053255325532,0.0,0.9390913081650571,0.9093073593073593
2021-06-07 09:30:00+00:00,0.0862023702370236,0.0,0.9487708516242318,0.9077922077922078
2021-06-07 09:45:00+00:00,0.08789941494149404,0.0,0.9584503950834065,0.9062770562770563
2021-06-07 10:00:00+00:00,0.0895964596459645,0.0,0.9681299385425812,0.9047619047619048
2021-06-07 10:15:00+00:00,0.0914622712271226,0.0,0.9699517120280948,0.9075757575757576
2021-06-07 10:30:00+00:00,0.0933280828082807,0.0,0.9717734855136084,0.9103896103896104
2021-06-07 10:45:00+00:00,0.09519389438943884,0.0,0.973595258999122,0.9132034632034631
2021-06-07 11:00:00+00:00,0.097059705970597,0.0,0.9754170324846356,0.916017316017316
2021-06-07 11:15:00+00:00,0.10008813381338125,0.0,0.9750438981562775,0.9145021645021645
2021-06-07 11:30:00+00:00,0.1031165616561655,0.0,0.9746707638279192,0.912987012987013
2021-06-07 11:45:00+00:00,0.1061449894989498,0.0,0.974297629499561,0.9114718614718615
2021-06-07 12:00:00+00:00,0.1091734173417341,0.0,0.9739244951712028,0.90995670995671
2021-06-07 12:15:00+00:00,0.1135988598859885,0.0,0.9699517120280948,0.9090909090909091
2021-06-07 12:30:00+00:00,0.1180243024302429,0.0,0.9659789288849868,0.9082251082251082
2021-06-07 12:45:00+00:00,0.12244974497449734,0.0,0.9620061457418788,0.9073593073593073
2021-06-07 13:00:00+00:00,0.1268751875187518,0.0,0.9580333625987708,0.9064935064935064
2021-06-07 13:15:00+00:00,0.1312631263126312,0.0,0.9492537313432836,0.9054112554112552
2021-06-07 13:30:00+00:00,0.1356510651065106,0.0,0.9404741000877964,0.9043290043290042
2021-06-07 13:45:00+00:00,0.14003900390038998,0.0,0.9316944688323091,0.9032467532467532
2021-06-07 14:00:00+00:00,0.1444269426942694,0.0,0.9229148375768218,0.9021645021645022
2021-06-07 14:15:00+00:00,0.14851485148514845,0.0,0.9063432835820895,0.8993506493506493
2021-06-07 14:30:00+00:00,0.1526027602760275,0.0,0.8897717295873573,0.8965367965367965
2021-06-07 14:45:00+00:00,0.1566906690669066,0.0,0.8732001755926251,0.8937229437229437
2021-06-07 15:00:00+00:00,0.1607785778577857,0.0,0.8566286215978929,0.8909090909090909
2021-06-07 15:15:00+00:00,0.16150990099009896,0.0,0.8293898156277436,0.8939393939393939
2021-06-07 15:30:00+00:00,0.1622412241224122,0.0,0.8021510096575943,0.896969696969697
2021-06-07 15:45:00+00:00,0.16297254725472546,0.0,0.7749122036874452,0.9000000000000001
2021-06-07 16:00:00+00:00,0.1637038703870387,0.0,0.7476733977172959,0.9030303030303032
2021-06-07 16:15:00+00:00,0.1642945544554455,0.0,0.7033582089552239,0.9222943722943724
2021-06-07 16:30:00+00:00,0.1648852385238523,0.0,0.6590430201931519,0.9415584415584416
2021-06-07 16:45:00+00:00,0.16547592259225916,0.0,0.6147278314310799,0.9608225108225108
2021-06-07 17:00:00+00:00,0.166066606660666,0.0,0.5704126426690079,0.98008658008658
2021-06-07 17:15:00+00:00,0.1660384788478847,0.0,0.5023046532045654,0.985064935064935
2021-06-07 17:30:00+00:00,0.1660103510351034,0.0,0.4341966637401229,0.99004329004329
2021-06-07 17:45:00+00:00,0.16598222322232214,0.0,0.36608867427568037,0.9950216450216449
2021-06-07 18:00:00+00:00,0.1659540954095409,0.0,0.2979806848112379,1.0
2021-06-07 18:15:00+00:00,0.16745424542454235,0.0,0.2492317822651448,0.9935064935064936
2021-06-07 18:30:00+00:00,0.1689543954395438,0.0,0.2004828797190517,0.987012987012987
2021-06-07 18:45:00+00:00,0.17045454545454536,0.0,0.15173397717295867,0.9805194805194806
2021-06-07 19:00:00+00:00,0.1719546954695469,0.0,0.1029850746268656,0.974025974025974
2021-06-07 19:15:00+00:00,0.17547067206720665,0.0,0.0928665496049165,0.9681818181818183
2021-06-07 19:30:00+00:00,0.1789866486648664,0.0,0.0827480245829674,0.9623376623376624
2021-06-07 19:45:00+00:00,0.1825026252625262,0.0,0.07262949956101836,0.9564935064935065
2021-06-07 20:00:00+00:00,0.186018601860186,0.0,0.0625109745390693,0.9506493506493506
2021-06-07 20:15:00+00:00,0.1857373237323732,0.0,0.06211589113257235,0.9487012987012987
2021-06-07 20:30:00+00:00,0.1854560456045604,0.0,0.0617208077260754,0.9467532467532468
2021-06-07 20:45:00+00:00,0.18517476747674766,0.0,0.0613257243195785,0.9448051948051948
2021-06-07 21:00:00+00:00,0.1848934893489349,0.0,0.0609306409130816,0.9428571428571428
2021-06-07 21:15:00+00:00,0.1808993399339934,0.0,0.0609306409130816,0.9324675324675324
2021-06-07 21:30:00+00:00,0.1769051905190519,0.0,0.0609306409130816,0.922077922077922
2021-06-07 21:45:00+00:00,0.1729110411041104,0.0,0.0609306409130816,0.9116883116883117
2021-06-07 22:00:00+00:00,0.1689168916891689,0.0,0.0609306409130816,0.9012987012987012
2021-06-07 22:15:00+00:00,0.1648008550855085,0.0,0.0609525899912203,0.8952380952380952
2021-06-07 22:30:00+00:00,0.1606848184818481,0.0,0.060974539069359,0.8891774891774891
2021-06-07 22:45:00+00:00,0.15656878187818773,0.0,0.06099648814749775,0.8831168831168831
2021-06-07 23:00:00+00:00,0.1524527452745274,0.0,0.0610184372256365,0.8770562770562771
2021-06-07 23:15:00+00:00,0.14629275427542748,0.0,0.06097453906935905,0.874025974025974
2021-06-07 23:30:00+00:00,0.1401327632763276,0.0,0.0609306409130816,0.870995670995671
2021-06-07 23:45:00+00:00,0.1339727722772277,0.0,0.06088674275680415,0.8679653679653679
2021-06-08 00:00:00+00:00,0.1278127812781278,0.0,0.0608428446005267,0.8649350649350649
2021-06-08 00:15:00+00:00,0.12226222622262226,0.0,0.0608428446005267,0.8634199134199134
2021-06-08 00:30:00+00:00,0.1167116711671167,0.0,0.0608428446005267,0.861904761904762
2021-06-08 00:45:00+00:00,0.11116111611161114,0.0,0.0608428446005267,0.8603896103896105
2021-06-08 01:00:00+00:00,0.1056105610561056,0.0,0.0608428446005267,0.8588744588744589
2021-06-08 01:15:00+00:00,0.1014101410141014,0.0,0.06053555750658465,0.8575757575757577
2021-06-08 01:30:00+00:00,0.0972097209720972,0.0,0.0602282704126426,0.8562770562770563
2021-06-08 01:45:00+00:00,0.09300930093009299,0.0,0.05992098331870055,0.854978354978355
2021-06-08 02:00:00+00:00,0.0888088808880888,0.0,0.0596136962247585,0.8536796536796537
2021-06-08 02:15:00+00:00,0.08580858085808579,0.0,0.058538191395961295,0.8554112554112554
2021-06-08 02:30:00+00:00,0.0828082808280828,0.0,0.0574626865671641,0.8571428571428572
2021-06-08 02:45:00+00:00,0.0798079807980798,0.0,0.056387181738366945,0.8588744588744589
2021-06-08 03:00:00+00:00,0.0768076807680768,0.0,0.0553116769095698,0.8606060606060606
2021-06-08 03:15:00+00:00,0.0761326132613261,0.0,0.0518217734855136,0.879004329004329
2021-06-08 03:30:00+00:00,0.0754575457545754,0.0,0.0483318700614574,0.8974025974025974
2021-06-08 03:45:00+00:00,0.07478247824782475,0.0,0.044841966637401205,0.9158008658008658
2021-06-08 04:00:00+00:00,0.0741074107410741,0.0,0.041352063213345,0.9341991341991344
2021-06-08 04:15:00+00:00,0.07457620762076206,0.0,0.05305092186128175,0.9339826839826841
2021-06-08 04:30:00+00:00,0.07504500450045,0.0,0.0647497805092185,0.9337662337662338
2021-06-08 04:45:00+00:00,0.07551380138013794,0.0,0.0764486391571553,0.9335497835497836
2021-06-08 05:00:00+00:00,0.0759825982598259,0.0,0.0881474978050921,0.9333333333333332
2021-06-08 05:15:00+00:00,0.07109773477347725,0.0,0.1462906057945565,0.9370129870129871
2021-06-08 05:30:00+00:00,0.0662128712871286,0.0,0.2044337137840209,0.9406926406926408
2021-06-08 05:45:00+00:00,0.06132800780078,0.0,0.2625768217734854,0.9443722943722944
2021-06-08 06:00:00+00:00,0.0564431443144314,0.0,0.3207199297629499,0.948051948051948
2021-06-08 06:15:00+00:00,0.05215834083408335,0.0,0.4014925373134328,0.9417748917748918
2021-06-08 06:30:00+00:00,0.0478735373537353,0.0,0.4822651448639157,0.9354978354978356
2021-06-08 06:45:00+00:00,0.0435887338733873,0.0,0.5630377524143986,0.9292207792207793
2021-06-08 07:00:00+00:00,0.0393039303930393,0.0,0.6438103599648815,0.922943722943723
2021-06-08 07:15:00+00:00,0.0386101110111011,0.0,0.689244951712028,0.9190476190476191
2021-06-08 07:30:00+00:00,0.0379162916291629,0.0,0.7346795434591746,0.9151515151515152
2021-06-08 07:45:00+00:00,0.0372224722472247,0.0,0.7801141352063212,0.9112554112554112
2021-06-08 08:00:00+00:00,0.0365286528652865,0.0,0.8255487269534679,0.9073593073593074
2021-06-08 08:15:00+00:00,0.03731623162316225,0.0,0.8435469710272168,0.8997835497835498
2021-06-08 08:30:00+00:00,0.038103810381038,0.0,0.8615452151009657,0.8922077922077922
2021-06-08 08:45:00+00:00,0.0388913891389138,0.0,0.8795434591747147,0.8846320346320347
2021-06-08 09:00:00+00:00,0.0396789678967896,0.0,0.8975417032484636,0.8770562770562771
2021-06-08 09:15:00+00:00,0.04040091509150905,0.0,0.9090430201931519,0.8738095238095239
2021-06-08 09:30:00+00:00,0.0411228622862285,0.0,0.9205443371378402,0.8705627705627706
2021-06-08 09:45:00+00:00,0.041844809480948,0.0,0.9320456540825286,0.8673160173160174
2021-06-08 10:00:00+00:00,0.0425667566756675,0.0,0.9435469710272169,0.8640692640692641
2021-06-08 10:15:00+00:00,0.0467015451545154,0.0,0.9473880597014925,0.8636363636363636
2021-06-08 10:30:00+00:00,0.0508363336333633,0.0,0.9512291483757682,0.8632034632034632
2021-06-08 10:45:00+00:00,0.054971122112211196,0.0,0.9550702370500439,0.8627705627705627
2021-06-08 11:00:00+00:00,0.0591059105910591,0.0,0.9589113257243196,0.8623376623376623
2021-06-08 11:15:00+00:00,0.06345634563456345,0.0,0.958494293239684,0.8608225108225107
2021-06-08 11:30:00+00:00,0.0678067806780678,0.0,0.9580772607550484,0.8593073593073592
2021-06-08 11:45:00+00:00,0.07215721572157215,0.0,0.9576602282704128,0.8577922077922078
2021-06-08 12:00:00+00:00,0.0765076507650765,0.0,0.957243195785777,0.8562770562770563
2021-06-08 12:15:00+00:00,0.0813081308130813,0.0,0.9514925373134329,0.8556277056277056
2021-06-08 12:30:00+00:00,0.0861086108610861,0.0,0.9457418788410888,0.854978354978355
2021-06-08 12:45:00+00:00,0.0909090909090909,0.0,0.9399912203687446,0.8543290043290044
2021-06-08 13:00:00+00:00,0.0957095709570957,0.0,0.9342405618964004,0.8536796536796537
2021-06-08 13:15:00+00:00,0.09946932193219316,0.0,0.9244951712028096,0.853030303030303
2021-06-08 13:30:00+00:00,0.1032290729072906,0.0,0.9147497805092186,0.8523809523809525
2021-06-08 13:45:00+00:00,0.10698882388238815,0.0,0.9050043898156277,0.8517316017316018
2021-06-08 14:00:00+00:00,0.1107485748574857,0.0,0.8952589991220369,0.8510822510822511
2021-06-08 14:15:00+00:00,0.11489273927392735,0.0,0.8761194029850746,0.8491341991341992
2021-06-08 14:30:00+00:00,0.119036903690369,0.0,0.8569798068481124,0.8471861471861473
2021-06-08 14:45:00+00:00,0.12318106810681065,0.0,0.8378402107111501,0.8452380952380953
2021-06-08 15:00:00+00:00,0.1273252325232523,0.0,0.8187006145741879,0.8432900432900433
2021-06-08 15:15:00+00:00,0.1333727122712271,0.0,0.7849209833187005,0.8528138528138529
2021-06-08 15:30:00+00:00,0.1394201920192019,0.0,0.7511413520632133,0.8623376623376624
2021-06-08 15:45:00+00:00,0.14546767176717668,0.0,0.7173617208077261,0.8718614718614719
2021-06-08 16:00:00+00:00,0.1515151515151515,0.0,0.6835820895522388,0.8813852813852814
2021-06-08 16:15:00+00:00,0.15613748874887484,0.0,0.6423617208077261,0.9043290043290043
2021-06-08 16:30:00+00:00,0.1607598259825982,0.0,0.6011413520632134,0.9272727272727272
2021-06-08 16:45:00+00:00,0.1653821632163216,0.0,0.5599209833187007,0.9502164502164503
2021-06-08 17:00:00+00:00,0.170004500450045,0.0,0.5187006145741879,0.9731601731601732
2021-06-08 17:15:00+00:00,0.17222659765976595,0.0,0.45627743634767337,0.9761904761904763
2021-06-08 17:30:00+00:00,0.1744486948694869,0.0,0.3938542581211589,0.9792207792207792
2021-06-08 17:45:00+00:00,0.17667079207920783,0.0,0.3314310798946444,0.9822510822510822
2021-06-08 18:00:00+00:00,0.1788928892889288,0.0,0.2690079016681299,0.9852813852813852
2021-06-08 18:15:00+00:00,0.18243699369936986,0.0,0.22513169446883224,0.9712121212121212
2021-06-08 18:30:00+00:00,0.1859810981098109,0.0,0.1812554872695346,0.9571428571428572
2021-06-08 18:45:00+00:00,0.18952520252025196,0.0,0.137379280070237,0.9430735930735931
2021-06-08 19:00:00+00:00,0.193069306930693,0.0,0.0935030728709394,0.929004329004329
2021-06-08 19:15:00+00:00,0.20048567356735664,0.0,0.08511852502194905,0.9218614718614719
2021-06-08 19:30:00+00:00,0.2079020402040203,0.0,0.0767339771729587,0.9147186147186148
2021-06-08 19:45:00+00:00,0.21531840684068398,0.0,0.06834942932396834,0.9075757575757577
2021-06-08 20:00:00+00:00,0.2227347734773477,0.0,0.059964881474978,0.9004329004329005
2021-06-08 20:15:00+00:00,0.23026365136513643,0.0,0.059635645302897194,0.8943722943722945
2021-06-08 20:30:00+00:00,0.2377925292529252,0.0,0.0593064091308164,0.8883116883116884
2021-06-08 20:45:00+00:00,0.24532140714071404,0.0,0.05897717295873565,0.8822510822510823
2021-06-08 21:00:00+00:00,0.2528502850285029,0.0,0.0586479367866549,0.8761904761904762
2021-06-08 21:15:00+00:00,0.2510688568856886,0.0,0.05860403863037745,0.8746753246753247
2021-06-08 21:30:00+00:00,0.2492874287428743,0.0,0.0585601404741,0.8731601731601731
2021-06-08 21:45:00+00:00,0.24750600060006,0.0,0.0585162423178226,0.8716450216450216
2021-06-08 22:00:00+00:00,0.2457245724572457,0.0,0.0584723441615452,0.8701298701298701
2021-06-08 22:15:00+00:00,0.24421504650465042,0.0,0.05772607550482875,0.8588744588744588
2021-06-08 22:30:00+00:00,0.2427055205520552,0.0,0.0569798068481123,0.8476190476190476
2021-06-08 22:45:00+00:00,0.24119599459945995,0.0,0.0562335381913959,0.8363636363636364
2021-06-08 23:00:00+00:00,0.2396864686468647,0.0,0.0554872695346795,0.8251082251082251
2021-06-08 23:15:00+00:00,0.2299167416741674,0.0,0.05474100087796305,0.8266233766233766
2021-06-08 23:30:00+00:00,0.2201470147014701,0.0,0.0539947322212466,0.8281385281385282
2021-06-08 23:45:00+00:00,0.21037728772877284,0.0,0.053248463564530196,0.8296536796536798
2021-06-09 00:00:00+00:00,0.2006075607560756,0.0,0.0525021949078138,0.8311688311688312
2021-06-09 00:15:00+00:00,0.19439131413141308,0.0,0.05243634767339765,0.8285714285714286
2021-06-09 00:30:00+00:00,0.1881750675067506,0.0,0.0523705004389815,0.825974025974026
2021-06-09 00:45:00+00:00,0.18195882088208815,0.0,0.05230465320456535,0.8233766233766234
2021-06-09 01:00:00+00:00,0.1757425742574257,0.0,0.0522388059701492,0.8207792207792208
2021-06-09 01:15:00+00:00,0.17379237923792373,0.0,0.0521290605794556,0.8173160173160173
2021-06-09 01:30:00+00:00,0.1718421842184218,0.0,0.052019315188762,0.8138528138528138
2021-06-09 01:45:00+00:00,0.16989198919891985,0.0,0.051909569798068406,0.8103896103896104
2021-06-09 02:00:00+00:00,0.1679417941794179,0.0,0.0517998244073748,0.8069264069264069
2021-06-09 02:15:00+00:00,0.16672292229222915,0.0,0.050417032484635554,0.8097402597402598
2021-06-09 02:30:00+00:00,0.1655040504050404,0.0,0.0490342405618963,0.8125541125541126
2021-06-09 02:45:00+00:00,0.16428517851785168,0.0,0.0476514486391571,0.8153679653679654
2021-06-09 03:00:00+00:00,0.163066306630663,0.0,0.0462686567164179,0.8181818181818182
2021-06-09 03:15:00+00:00,0.16266314131413134,0.0,0.04407374890254605,0.8238095238095238
2021-06-09 03:30:00+00:00,0.1622599759975997,0.0,0.0418788410886742,0.8294372294372294
2021-06-09 03:45:00+00:00,0.16185681068106805,0.0,0.0396839332748024,0.8350649350649351
2021-06-09 04:00:00+00:00,0.1614536453645364,0.0,0.0374890254609306,0.8406926406926407
2021-06-09 04:15:00+00:00,0.15749699969996994,0.0,0.048726953467954304,0.8437229437229438
2021-06-09 04:30:00+00:00,0.1535403540354035,0.0,0.059964881474978,0.8467532467532468
2021-06-09 04:45:00+00:00,0.14958370837083707,0.0,0.0712028094820017,0.8497835497835498
2021-06-09 05:00:00+00:00,0.1456270627062706,0.0,0.0824407374890254,0.8528138528138528
2021-06-09 05:15:00+00:00,0.13656053105310526,0.0,0.13803775241439856,0.861038961038961
2021-06-09 05:30:00+00:00,0.1274939993999399,0.0,0.1936347673397717,0.8692640692640692
2021-06-09 05:45:00+00:00,0.11842746774677461,0.0,0.24923178226514484,0.8774891774891774
2021-06-09 06:00:00+00:00,0.1093609360936093,0.0,0.304828797190518,0.8857142857142857
2021-06-09 06:15:00+00:00,0.10142889288928886,0.0,0.376009657594381,0.8859307359307359
2021-06-09 06:30:00+00:00,0.0934968496849684,0.0,0.447190517998244,0.8861471861471861
2021-06-09 06:45:00+00:00,0.08556480648064799,0.0,0.5183713784021071,0.8863636363636364
2021-06-09 07:00:00+00:00,0.0776327632763276,0.0,0.5895522388059702,0.8865800865800866
2021-06-09 07:15:00+00:00,0.07107898289828979,0.0,0.6336259877085163,0.8844155844155844
2021-06-09 07:30:00+00:00,0.064525202520252,0.0,0.6776997366110624,0.8822510822510823
2021-06-09 07:45:00+00:00,0.0579714221422142,0.0,0.7217734855136084,0.88008658008658
2021-06-09 08:00:00+00:00,0.0514176417641764,0.0,0.7658472344161545,0.8779220779220779
2021-06-09 08:15:00+00:00,0.048267326732673255,0.0,0.7912423178226515,0.8725108225108225
2021-06-09 08:30:00+00:00,0.0451170117011701,0.0,0.8166374012291484,0.8670995670995671
2021-06-09 08:45:00+00:00,0.041966696669666945,0.0,0.8420324846356453,0.8616883116883117
2021-06-09 09:00:00+00:00,0.0388163816381638,0.0,0.8674275680421423,0.8562770562770563
2021-06-09 09:15:00+00:00,0.03824444944494445,0.0,0.8818261633011415,0.8506493506493507
2021-06-09 09:30:00+00:00,0.0376725172517251,0.0,0.8962247585601406,0.845021645021645
2021-06-09 09:45:00+00:00,0.0371005850585058,0.0,0.9106233538191397,0.8393939393939394
2021-06-09 10:00:00+00:00,0.0365286528652865,0.0,0.9250219490781388,0.8337662337662337
2021-06-09 10:15:00+00:00,0.038375712571257097,0.0,0.9285557506584724,0.8352813852813852
2021-06-09 10:30:00+00:00,0.0402227722772277,0.0,0.932089552238806,0.8367965367965368
2021-06-09 10:45:00+00:00,0.0420698319831983,0.0,0.9356233538191396,0.8383116883116883
2021-06-09 11:00:00+00:00,0.0439168916891689,0.0,0.9391571553994732,0.8398268398268398
2021-06-09 11:15:00+00:00,0.04860486048604855,0.0,0.9372695346795434,0.8415584415584415
2021-06-09 11:30:00+00:00,0.0532928292829282,0.0,0.9353819139596136,0.8432900432900432
2021-06-09 11:45:00+00:00,0.057980798079807896,0.0,0.9334942932396839,0.845021645021645
2021-06-09 12:00:00+00:00,0.0626687668766876,0.0,0.9316066725197542,0.8467532467532467
2021-06-09 12:15:00+00:00,0.06863186318631856,0.0,0.9272607550482879,0.8354978354978355
2021-06-09 12:30:00+00:00,0.0745949594959495,0.0,0.9229148375768216,0.8242424242424242
2021-06-09 12:45:00+00:00,0.08055805580558051,0.0,0.9185689201053554,0.8129870129870129
2021-06-09 13:00:00+00:00,0.0865211521152115,0.0,0.9142230026338892,0.8017316017316017
2021-06-09 13:15:00+00:00,0.09202482748274825,0.0,0.9025241439859525,0.7976190476190477
2021-06-09 13:30:00+00:00,0.097528502850285,0.0,0.8908252853380157,0.7935064935064935
2021-06-09 13:45:00+00:00,0.10303217821782175,0.0,0.879126426690079,0.7893939393939393
2021-06-09 14:00:00+00:00,0.1085358535853585,0.0,0.8674275680421423,0.7852813852813852
2021-06-09 14:15:00+00:00,0.11378637863786376,0.0,0.8516242317822651,0.788961038961039
2021-06-09 14:30:00+00:00,0.119036903690369,0.0,0.835820895522388,0.7926406926406927
2021-06-09 14:45:00+00:00,0.12428742874287424,0.0,0.820017559262511,0.7963203463203463
2021-06-09 15:00:00+00:00,0.1295379537953795,0.0,0.8042142230026339,0.8
2021-06-09 15:15:00+00:00,0.13640114011401133,0.0,0.7807506584723442,0.8054112554112555
2021-06-09 15:30:00+00:00,0.1432643264326432,0.0,0.7572870939420544,0.8108225108225109
2021-06-09 15:45:00+00:00,0.15012751275127506,0.0,0.7338235294117648,0.8162337662337662
2021-06-09 16:00:00+00:00,0.1569906990699069,0.0,0.710359964881475,0.8216450216450216
2021-06-09 16:15:00+00:00,0.1662635013501349,0.0,0.6679982440737489,0.8398268398268398
2021-06-09 16:30:00+00:00,0.1755363036303629,0.0,0.6256365232660228,0.858008658008658
2021-06-09 16:45:00+00:00,0.18480910591059097,0.0,0.5832748024582968,0.8761904761904762
2021-06-09 17:00:00+00:00,0.194081908190819,0.0,0.5409130816505707,0.8943722943722944
2021-06-09 17:15:00+00:00,0.20362661266126605,0.0,0.4752194907813872,0.9032467532467532
2021-06-09 17:30:00+00:00,0.2131713171317131,0.0,0.4095258999122037,0.912121212121212
2021-06-09 17:45:00+00:00,0.22271602160216014,0.0,0.3438323090430202,0.9209956709956709
2021-06-09 18:00:00+00:00,0.2322607260726072,0.0,0.2781387181738367,0.9298701298701298
2021-06-09 18:15:00+00:00,0.2393864386438643,0.0,0.23147497805092182,0.9300865800865801
2021-06-09 18:30:00+00:00,0.2465121512151214,0.0,0.184811237928007,0.9303030303030304
2021-06-09 18:45:00+00:00,0.25363786378637854,0.0,0.13814749780509214,0.9305194805194805
2021-06-09 19:00:00+00:00,0.2607635763576357,0.0,0.0914837576821773,0.9307359307359307
2021-06-09 19:15:00+00:00,0.26707358235823575,0.0,0.08331870061457415,0.9272727272727274
2021-06-09 19:30:00+00:00,0.2733835883588358,0.0,0.075153643546971,0.923809523809524
2021-06-09 19:45:00+00:00,0.2796935943594359,0.0,0.06698858647936785,0.9203463203463205
2021-06-09 20:00:00+00:00,0.286003600360036,0.0,0.0588235294117647,0.9168831168831169
2021-06-09 20:15:00+00:00,0.28495349534953496,0.0,0.0580333625987708,0.9017316017316017
2021-06-09 20:30:00+00:00,0.2839033903390339,0.0,0.0572431957857769,0.8865800865800866
2021-06-09 20:45:00+00:00,0.2828532853285328,0.0,0.05645302897278305,0.8714285714285714
2021-06-09 21:00:00+00:00,0.2818031803180318,0.0,0.0556628621597892,0.8562770562770563
2021-06-09 21:15:00+00:00,0.27349609960996096,0.0,0.05546532045654075,0.8725108225108225
2021-06-09 21:30:00+00:00,0.2651890189018901,0.0,0.0552677787532923,0.8887445887445887
2021-06-09 21:45:00+00:00,0.2568819381938193,0.0,0.05507023705004385,0.904978354978355
2021-06-09 22:00:00+00:00,0.2485748574857485,0.0,0.0548726953467954,0.9212121212121211
2021-06-09 22:15:00+00:00,0.2469621962196219,0.0,0.05386303775241435,0.9075757575757576
2021-06-09 22:30:00+00:00,0.2453495349534953,0.0,0.0528533801580333,0.8939393939393939
2021-06-09 22:45:00+00:00,0.24373687368736868,0.0,0.05184372256365225,0.8803030303030304
2021-06-09 23:00:00+00:00,0.2421242124212421,0.0,0.0508340649692712,0.8666666666666667
2021-06-09 23:15:00+00:00,0.2411959945994599,0.0,0.04991220368744505,0.8523809523809525
2021-06-09 23:30:00+00:00,0.2402677767776777,0.0,0.0489903424056189,0.8380952380952381
2021-06-09 23:45:00+00:00,0.23933955895589556,0.0,0.04806848112379275,0.8238095238095238
2021-06-10 00:00:00+00:00,0.2384113411341134,0.0,0.0471466198419666,0.8095238095238095
2021-06-10 00:15:00+00:00,0.23502662766276627,0.0,0.0453687445127304,0.8077922077922078
2021-06-10 00:30:00+00:00,0.2316419141914191,0.0,0.0435908691834942,0.8060606060606061
2021-06-10 00:45:00+00:00,0.22825720072007197,0.0,0.04181299385425805,0.8043290043290043
2021-06-10 01:00:00+00:00,0.2248724872487248,0.0,0.0400351185250219,0.8025974025974026
2021-06-10 01:15:00+00:00,0.22056893189318927,0.0,0.037379280070237,0.7971861471861472
2021-06-10 01:30:00+00:00,0.2162653765376537,0.0,0.0347234416154521,0.7917748917748918
2021-06-10 01:45:00+00:00,0.21196182118211815,0.0,0.0320676031606672,0.7863636363636364
2021-06-10 02:00:00+00:00,0.2076582658265826,0.0,0.0294117647058823,0.780952380952381
2021-06-10 02:15:00+00:00,0.20473297329732965,0.0,0.02682177348551355,0.7818181818181817
2021-06-10 02:30:00+00:00,0.2018076807680767,0.0,0.0242317822651448,0.7826839826839826
2021-06-10 02:45:00+00:00,0.19888238823882382,0.0,0.02164179104477605,0.7835497835497836
2021-06-10 03:00:00+00:00,0.1959570957095709,0.0,0.0190517998244073,0.7844155844155845
2021-06-10 03:15:00+00:00,0.19368811881188108,0.0,0.01828358208955215,0.7982683982683982
2021-06-10 03:30:00+00:00,0.1914191419141913,0.0,0.017515364354697,0.8121212121212121
2021-06-10 03:45:00+00:00,0.18915016501650156,0.0,0.016747146619841898,0.8259740259740259
2021-06-10 04:00:00+00:00,0.1868811881188118,0.0,0.0159789288849868,0.8398268398268398
2021-06-10 04:15:00+00:00,0.1819119411941193,0.0,0.031014047410008697,0.8411255411255412
2021-06-10 04:30:00+00:00,0.1769426942694268,0.0,0.0460491659350306,0.8424242424242424
2021-06-10 04:45:00+00:00,0.1719734473447344,0.0,0.061084284460052596,0.8437229437229437
2021-06-10 05:00:00+00:00,0.167004200420042,0.0,0.0761194029850746,0.845021645021645
2021-06-10 05:15:00+00:00,0.1557624512451245,0.0,0.13248463564530286,0.8528138528138528
2021-06-10 05:30:00+00:00,0.144520702070207,0.0,0.1888498683055311,0.8606060606060606
2021-06-10 05:45:00+00:00,0.13327895289528952,0.0,0.24521510096575938,0.8683982683982684
2021-06-10 06:00:00+00:00,0.122037203720372,0.0,0.3015803336259877,0.8761904761904762
2021-06-10 06:15:00+00:00,0.11253937893789374,0.0,0.37460491659350303,0.8820346320346321
2021-06-10 06:30:00+00:00,0.1030415541554155,0.0,0.4476294995610184,0.8878787878787879
2021-06-10 06:45:00+00:00,0.09354372937293726,0.0,0.5206540825285337,0.8937229437229437
2021-06-10 07:00:00+00:00,0.084045904590459,0.0,0.5936786654960492,0.8995670995670996
2021-06-10 07:15:00+00:00,0.07987361236123605,0.0,0.6434152765583845,0.8948051948051947
2021-06-10 07:30:00+00:00,0.0757013201320131,0.0,0.6931518876207199,0.89004329004329
2021-06-10 07:45:00+00:00,0.0715290279027902,0.0,0.7428884986830553,0.8852813852813852
2021-06-10 08:00:00+00:00,0.0673567356735673,0.0,0.7926251097453907,0.8805194805194805
2021-06-10 08:15:00+00:00,0.06594096909690961,0.0,0.8135206321334504,0.8922077922077922
2021-06-10 08:30:00+00:00,0.0645252025202519,0.0,0.8344161545215101,0.903896103896104
2021-06-10 08:45:00+00:00,0.06310943594359425,0.0,0.8553116769095698,0.9155844155844156
2021-06-10 09:00:00+00:00,0.0616936693669366,0.0,0.8762071992976295,0.9272727272727272
2021-06-10 09:15:00+00:00,0.0627906540654064,0.0,0.8890913081650571,0.932034632034632
2021-06-10 09:30:00+00:00,0.0638876387638762,0.0,0.9019754170324846,0.9367965367965368
2021-06-10 09:45:00+00:00,0.0649846234623461,0.0,0.9148595258999122,0.9415584415584417
2021-06-10 10:00:00+00:00,0.066081608160816,0.0,0.9277436347673398,0.9463203463203465
2021-06-10 10:15:00+00:00,0.06973822382238215,0.0,0.9347014925373135,0.920995670995671
2021-06-10 10:30:00+00:00,0.0733948394839483,0.0,0.9416593503072872,0.8956709956709957
2021-06-10 10:45:00+00:00,0.07705145514551451,0.0,0.9486172080772608,0.8703463203463204
2021-06-10 11:00:00+00:00,0.0807080708070807,0.0,0.9555750658472344,0.845021645021645
2021-06-10 11:15:00+00:00,0.08502100210020999,0.0,0.9560579455662862,0.8411255411255412
2021-06-10 11:30:00+00:00,0.0893339333933393,0.0,0.956540825285338,0.8372294372294372
2021-06-10 11:45:00+00:00,0.0936468646864686,0.0,0.9570237050043898,0.8333333333333333
2021-06-10 12:00:00+00:00,0.0979597959795979,0.0,0.9575065847234416,0.8294372294372294
2021-06-10 12:15:00+00:00,0.10185081008100806,0.0,0.9538849868305531,0.8281385281385281
2021-06-10 12:30:00+00:00,0.1057418241824182,0.0,0.9502633889376646,0.8268398268398268
2021-06-10 12:45:00+00:00,0.10963283828382836,0.0,0.9466417910447761,0.8255411255411256
2021-06-10 13:00:00+00:00,0.1135238523852385,0.0,0.9430201931518876,0.8242424242424242
2021-06-10 13:15:00+00:00,0.11645852085208515,0.0,0.9326163301141353,0.8257575757575757
2021-06-10 13:30:00+00:00,0.1193931893189318,0.0,0.9222124670763828,0.8272727272727273
2021-06-10 13:45:00+00:00,0.12232785778577851,0.0,0.9118086040386304,0.8287878787878789
2021-06-10 14:00:00+00:00,0.1252625262526252,0.0,0.901404741000878,0.8303030303030303
2021-06-10 14:15:00+00:00,0.13092559255925584,0.0,0.8841527655838455,0.8240259740259741
2021-06-10 14:30:00+00:00,0.1365886588658865,0.0,0.866900790166813,0.8177489177489178
2021-06-10 14:45:00+00:00,0.14225172517251722,0.0,0.8496488147497805,0.8114718614718615
2021-06-10 15:00:00+00:00,0.1479147914791479,0.0,0.832396839332748,0.8051948051948052
2021-06-10 15:15:00+00:00,0.15286528652865283,0.0,0.8042361720807726,0.817965367965368
2021-06-10 15:30:00+00:00,0.1578157815781578,0.0,0.7760755048287972,0.8307359307359308
2021-06-10 15:45:00+00:00,0.16276627662766274,0.0,0.7479148375768218,0.8435064935064935
2021-06-10 16:00:00+00:00,0.1677167716771677,0.0,0.7197541703248463,0.8562770562770563
2021-06-10 16:15:00+00:00,0.17417679267926783,0.0,0.6685469710272168,0.8798701298701299
2021-06-10 16:30:00+00:00,0.180636813681368,0.0,0.6173397717295874,0.9034632034632036
2021-06-10 16:45:00+00:00,0.18709683468346824,0.0,0.5661325724319579,0.9270562770562771
2021-06-10 17:00:00+00:00,0.1935568556855685,0.0,0.5149253731343284,0.9506493506493506
2021-06-10 17:15:00+00:00,0.1996230873087308,0.0,0.44556628621597894,0.9493506493506494
2021-06-10 17:30:00+00:00,0.2056893189318931,0.0,0.3762071992976294,0.948051948051948
2021-06-10 17:45:00+00:00,0.21175555055505546,0.0,0.30684811237928,0.9467532467532467
2021-06-10 18:00:00+00:00,0.2178217821782178,0.0,0.2374890254609306,0.9454545454545454
2021-06-10 18:15:00+00:00,0.22416929192919288,0.0,0.1979148375768217,0.9296536796536797
2021-06-10 18:30:00+00:00,0.230516801680168,0.0,0.1583406496927128,0.913852813852814
2021-06-10 18:45:00+00:00,0.23686431143114312,0.0,0.11876646180860395,0.8980519480519482
2021-06-10 19:00:00+00:00,0.2432118211821182,0.0,0.0791922739244951,0.8822510822510823
2021-06-10 19:15:00+00:00,0.25042191719171913,0.0,0.0735513608428445,0.874025974025974
2021-06-10 19:30:00+00:00,0.2576320132013201,0.0,0.0679104477611939,0.8658008658008658
2021-06-10 19:45:00+00:00,0.26484210921092105,0.0,0.062269534679543354,0.8575757575757575
2021-06-10 20:00:00+00:00,0.272052205220522,0.0,0.0566286215978928,0.8493506493506493
2021-06-10 20:15:00+00:00,0.27622449744974487,0.0,0.056431079894644354,0.8528138528138528
2021-06-10 20:30:00+00:00,0.2803967896789678,0.0,0.0562335381913959,0.8562770562770563
2021-06-10 20:45:00+00:00,0.28456908190819075,0.0,0.05603599648814745,0.8597402597402597
2021-06-10 21:00:00+00:00,0.2887413741374137,0.0,0.055838454784899,0.8632034632034632
2021-06-10 21:15:00+00:00,0.29218234323432335,0.0,0.0557506584723441,0.8573593073593073
2021-06-10 21:30:00+00:00,0.295623312331233,0.0,0.0556628621597892,0.8515151515151516
2021-06-10 21:45:00+00:00,0.2990642814281428,0.0,0.05557506584723435,0.8456709956709957
2021-06-10 22:00:00+00:00,0.3025052505250525,0.0,0.0554872695346795,0.8398268398268398
2021-06-10 22:15:00+00:00,0.3049711221122112,0.0,0.0553555750658472,0.8277056277056277
2021-06-10 22:30:00+00:00,0.3074369936993699,0.0,0.0552238805970149,0.8155844155844156
2021-06-10 22:45:00+00:00,0.30990286528652866,0.0,0.0550921861281826,0.8034632034632034
2021-06-10 23:00:00+00:00,0.3123687368736874,0.0,0.0549604916593503,0.7913419913419913
2021-06-10 23:15:00+00:00,0.3143283078307831,0.0,0.0533143107989464,0.7837662337662338
2021-06-10 23:30:00+00:00,0.3162878787878788,0.0,0.0516681299385425,0.7761904761904762
2021-06-10 23:45:00+00:00,0.3182474497449745,0.0,0.05002194907813865,0.7686147186147186
2021-06-11 00:00:00+00:00,0.3202070207020702,0.0,0.0483757682177348,0.7610389610389611
2021-06-11 00:15:00+00:00,0.3205164266426642,0.0,0.0463125548726953,0.7610389610389611
2021-06-11 00:30:00+00:00,0.3208258325832583,0.0,0.0442493415276558,0.7610389610389611
2021-06-11 00:45:00+00:00,0.3211352385238524,0.0,0.0421861281826163,0.7610389610389611
2021-06-11 01:00:00+00:00,0.3214446444644464,0.0,0.0401229148375768,0.7610389610389611
2021-06-11 01:15:00+00:00,0.3233479597959795,0.0,0.038366988586479356,0.7638528138528138
2021-06-11 01:30:00+00:00,0.3252512751275127,0.0,0.0366110623353819,0.7666666666666666
2021-06-11 01:45:00+00:00,0.3271545904590458,0.0,0.03485513608428445,0.7694805194805194
2021-06-11 02:00:00+00:00,0.329057905790579,0.0,0.033099209833187,0.7722943722943723
2021-06-11 02:15:00+00:00,0.32749212421242113,0.0,0.03090430201931515,0.7748917748917749
2021-06-11 02:30:00+00:00,0.3259263426342633,0.0,0.0287093942054433,0.7774891774891775
2021-06-11 02:45:00+00:00,0.3243605610561055,0.0,0.0265144863915715,0.78008658008658
2021-06-11 03:00:00+00:00,0.3227947794779477,0.0,0.0243195785776997,0.7826839826839826
2021-06-11 03:15:00+00:00,0.3195413291329133,0.0,0.0209613696224758,0.7958874458874459
2021-06-11 03:30:00+00:00,0.3162878787878788,0.0,0.0176031606672519,0.8090909090909091
2021-06-11 03:45:00+00:00,0.3130344284428443,0.0,0.01424495171202805,0.8222943722943723
2021-06-11 04:00:00+00:00,0.3097809780978098,0.0,0.0108867427568042,0.8354978354978355
2021-06-11 04:15:00+00:00,0.30438981398139814,0.0,0.0217734855136084,0.8571428571428572
2021-06-11 04:30:00+00:00,0.2989986498649865,0.0,0.0326602282704126,0.8787878787878788
2021-06-11 04:45:00+00:00,0.29360748574857487,0.0,0.0435469710272168,0.9004329004329004
2021-06-11 05:00:00+00:00,0.2882163216321632,0.0,0.054433713784021,0.922077922077922
2021-06-11 05:15:00+00:00,0.27832470747074706,0.0,0.10100965759438094,0.9402597402597402
2021-06-11 05:30:00+00:00,0.2684330933093309,0.0,0.1475856014047409,0.9584415584415584
2021-06-11 05:45:00+00:00,0.25854147914791475,0.0,0.1941615452151009,0.9766233766233766
2021-06-11 06:00:00+00:00,0.2486498649864986,0.0,0.2407374890254609,0.9948051948051948
2021-06-11 06:15:00+00:00,0.24233985898589855,0.0,0.309964881474978,0.9694805194805195
2021-06-11 06:30:00+00:00,0.2360298529852985,0.0,0.3791922739244951,0.9441558441558442
2021-06-11 06:45:00+00:00,0.22971984698469844,0.0,0.4484196663740123,0.9188311688311688
2021-06-11 07:00:00+00:00,0.2234098409840984,0.0,0.5176470588235295,0.8935064935064935
2021-06-11 07:15:00+00:00,0.2221628412841284,0.0,0.5756145741878842,0.888095238095238
2021-06-11 07:30:00+00:00,0.2209158415841584,0.0,0.6335820895522388,0.8826839826839827
2021-06-11 07:45:00+00:00,0.2196688418841884,0.0,0.6915496049165935,0.8772727272727273
2021-06-11 08:00:00+00:00,0.2184218421842184,0.0,0.7495171202809482,0.8718614718614719
2021-06-11 08:15:00+00:00,0.22048454845484544,0.0,0.7816066725197541,0.867965367965368
2021-06-11 08:30:00+00:00,0.2225472547254725,0.0,0.8136962247585602,0.8640692640692641
2021-06-11 08:45:00+00:00,0.22460996099609953,0.0,0.8457857769973661,0.8601731601731601
2021-06-11 09:00:00+00:00,0.2266726672667266,0.0,0.8778753292361721,0.8562770562770563
2021-06-11 09:15:00+00:00,0.22762901290129006,0.0,0.8902326602282704,0.8642857142857143
2021-06-11 09:30:00+00:00,0.2285853585358535,0.0,0.9025899912203688,0.8722943722943723
2021-06-11 09:45:00+00:00,0.229541704170417,0.0,0.9149473222124671,0.8803030303030304
2021-06-11 10:00:00+00:00,0.2304980498049805,0.0,0.9273046532045656,0.8883116883116883
2021-06-11 10:15:00+00:00,0.2334889738973897,0.0,0.9312774363476736,0.8727272727272728
2021-06-11 10:30:00+00:00,0.2364798979897989,0.0,0.9352502194907816,0.8571428571428572
2021-06-11 10:45:00+00:00,0.23947082208220816,0.0,0.9392230026338895,0.8415584415584416
2021-06-11 11:00:00+00:00,0.2424617461746174,0.0,0.9431957857769974,0.825974025974026
2021-06-11 11:15:00+00:00,0.2493718121812181,0.0,0.9389596136962248,0.8203463203463204
2021-06-11 11:30:00+00:00,0.2562818781878188,0.0,0.9347234416154522,0.8147186147186147
2021-06-11 11:45:00+00:00,0.26319194419441944,0.0,0.9304872695346795,0.8090909090909091
2021-06-11 12:00:00+00:00,0.2701020102010201,0.0,0.926251097453907,0.8034632034632034
2021-06-11 12:15:00+00:00,0.2783153315331533,0.0,0.9118744512730466,0.7995670995670996
2021-06-11 12:30:00+00:00,0.2865286528652865,0.0,0.8974978050921861,0.7956709956709956
2021-06-11 12:45:00+00:00,0.2947419741974197,0.0,0.8831211589113257,0.7917748917748917
2021-06-11 13:00:00+00:00,0.3029552955295529,0.0,0.8687445127304653,0.7878787878787878
2021-06-11 13:15:00+00:00,0.31321257125712565,0.0,0.8471466198419666,0.7841991341991342
2021-06-11 13:30:00+00:00,0.3234698469846984,0.0,0.8255487269534679,0.7805194805194805
2021-06-11 13:45:00+00:00,0.3337271227122711,0.0,0.8039508340649693,0.7768398268398269
2021-06-11 14:00:00+00:00,0.3439843984398439,0.0,0.7823529411764706,0.7731601731601732
2021-06-11 14:15:00+00:00,0.3502381488148814,0.0,0.7621597892888499,0.7742424242424242
2021-06-11 14:30:00+00:00,0.3564918991899189,0.0,0.7419666374012291,0.7753246753246753
2021-06-11 14:45:00+00:00,0.3627456495649565,0.0,0.7217734855136084,0.7764069264069264
2021-06-11 15:00:00+00:00,0.368999399939994,0.0,0.7015803336259877,0.7774891774891775
2021-06-11 15:15:00+00:00,0.37387488748874886,0.0,0.6739244951712029,0.7785714285714286
2021-06-11 15:30:00+00:00,0.3787503750375037,0.0,0.646268656716418,0.7796536796536797
2021-06-11 15:45:00+00:00,0.38362586258625864,0.0,0.6186128182616331,0.7807359307359307
2021-06-11 16:00:00+00:00,0.3885013501350135,0.0,0.5909569798068481,0.7818181818181819
2021-06-11 16:15:00+00:00,0.3978960396039604,0.0,0.55,0.8021645021645022
2021-06-11 16:30:00+00:00,0.4072907290729073,0.0,0.5090430201931518,0.8225108225108225
2021-06-11 16:45:00+00:00,0.4166854185418542,0.0,0.46808604038630375,0.8428571428571429
2021-06-11 17:00:00+00:00,0.4260801080108011,0.0,0.4271290605794556,0.8632034632034632
2021-06-11 17:15:00+00:00,0.4149321182118212,0.0,0.37499999999999994,0.8909090909090909
2021-06-11 17:30:00+00:00,0.4037841284128413,0.0,0.3228709394205443,0.9186147186147186
2021-06-11 17:45:00+00:00,0.3926361386138614,0.0,0.27074187884108863,0.9463203463203462
2021-06-11 18:00:00+00:00,0.3814881488148814,0.0,0.218612818261633,0.974025974025974
2021-06-11 18:15:00+00:00,0.37674392439243914,0.0,0.18579894644424932,0.979004329004329
2021-06-11 18:30:00+00:00,0.3719996999699969,0.0,0.1529850746268656,0.983982683982684
2021-06-11 18:45:00+00:00,0.36725547554755467,0.0,0.12017120280948196,0.988961038961039
2021-06-11 19:00:00+00:00,0.3625112511251125,0.0,0.0873573309920983,0.993939393939394
2021-06-11 19:15:00+00:00,0.36698357335733567,0.0,0.07930201931518871,0.9742424242424244
2021-06-11 19:30:00+00:00,0.3714558955895589,0.0,0.0712467076382791,0.9545454545454546
2021-06-11 19:45:00+00:00,0.37592821782178215,0.0,0.06319139596136955,0.9348484848484848
2021-06-11 20:00:00+00:00,0.3804005400540054,0.0,0.05513608428446,0.9151515151515152
2021-06-11 20:15:00+00:00,0.368455595559556,0.0,0.0548287971905179,0.9147186147186148
2021-06-11 20:30:00+00:00,0.3565106510651065,0.0,0.0545215100965758,0.9142857142857144
2021-06-11 20:45:00+00:00,0.34456570657065705,0.0,0.0542142230026338,0.9138528138528139
2021-06-11 21:00:00+00:00,0.3326207620762076,0.0,0.0539069359086918,0.9134199134199136
2021-06-11 21:15:00+00:00,0.3177974047404741,0.0,0.0532923617208077,0.9190476190476191
2021-06-11 21:30:00+00:00,0.3029740474047405,0.0,0.0526777875329236,0.9246753246753248
2021-06-11 21:45:00+00:00,0.2881506900690069,0.0,0.052063213345039494,0.9303030303030304
2021-06-11 22:00:00+00:00,0.2733273327332733,0.0,0.0514486391571554,0.935930735930736
2021-06-11 22:15:00+00:00,0.27113336333633364,0.0,0.05131694468832305,0.8995670995670996
2021-06-11 22:30:00+00:00,0.2689393939393939,0.0,0.0511852502194907,0.8632034632034632
2021-06-11 22:45:00+00:00,0.2667454245424542,0.0,0.0510535557506584,0.8268398268398268
2021-06-11 23:00:00+00:00,0.2645514551455145,0.0,0.0509218612818261,0.7904761904761904
2021-06-11 23:15:00+00:00,0.26064168916891683,0.0,0.0502194907813871,0.7937229437229436
2021-06-11 23:30:00+00:00,0.2567319231923192,0.0,0.0495171202809481,0.7969696969696969
2021-06-11 23:45:00+00:00,0.25282215721572154,0.0,0.04881474978050915,0.8002164502164502
2021-06-12 00:00:00+00:00,0.2489123912391239,0.0,0.0481123792800702,0.8034632034632034
2021-06-12 00:15:00+00:00,0.252259600960096,0.0,0.0479806848112379,0.7997835497835498
2021-06-12 00:30:00+00:00,0.2556068106810681,0.0,0.0478489903424056,0.7961038961038961
2021-06-12 00:45:00+00:00,0.2589540204020402,0.0,0.047717295873573304,0.7924242424242425
2021-06-12 01:00:00+00:00,0.2623012301230123,0.0,0.047585601404741,0.7887445887445887
2021-06-12 01:15:00+00:00,0.2663891389138914,0.0,0.045324846356453,0.7963203463203463
2021-06-12 01:30:00+00:00,0.2704770477047704,0.0,0.043064091308165,0.8038961038961039
2021-06-12 01:45:00+00:00,0.2745649564956495,0.0,0.040803336259877046,0.8114718614718615
2021-06-12 02:00:00+00:00,0.2786528652865286,0.0,0.0385425812115891,0.819047619047619
2021-06-12 02:15:00+00:00,0.2816531653165316,0.0,0.03358208955223875,0.801948051948052
2021-06-12 02:30:00+00:00,0.2846534653465346,0.0,0.0286215978928884,0.7848484848484849
2021-06-12 02:45:00+00:00,0.2876537653765376,0.0,0.0236611062335381,0.7677489177489178
2021-06-12 03:00:00+00:00,0.2906540654065406,0.0,0.0187006145741878,0.7506493506493507
2021-06-12 03:15:00+00:00,0.2880944344434443,0.0,0.0194468832309042,0.7525974025974027
2021-06-12 03:30:00+00:00,0.285534803480348,0.0,0.0201931518876206,0.7545454545454546
2021-06-12 03:45:00+00:00,0.2829751725172517,0.0,0.02093942054433705,0.7564935064935066
2021-06-12 04:00:00+00:00,0.2804155415541554,0.0,0.0216856892010535,0.7584415584415585
2021-06-12 04:15:00+00:00,0.27341171617161714,0.0,0.03446005267778745,0.7562770562770563
2021-06-12 04:30:00+00:00,0.2664078907890789,0.0,0.0472344161545214,0.7541125541125542
2021-06-12 04:45:00+00:00,0.25940406540654065,0.0,0.0600087796312554,0.7519480519480519
2021-06-12 05:00:00+00:00,0.2524002400240024,0.0,0.0727831431079894,0.7497835497835498
2021-06-12 05:15:00+00:00,0.24285553555355535,0.0,0.1234196663740122,0.7658008658008657
2021-06-12 05:30:00+00:00,0.2333108310831083,0.0,0.174056189640035,0.7818181818181817
2021-06-12 05:45:00+00:00,0.22376612661266126,0.0,0.22469271290605786,0.7978354978354978
2021-06-12 06:00:00+00:00,0.2142214221422142,0.0,0.2753292361720807,0.8138528138528138
2021-06-12 06:15:00+00:00,0.21090234023402335,0.0,0.3435689201053555,0.8175324675324676
2021-06-12 06:30:00+00:00,0.2075832583258325,0.0,0.4118086040386303,0.8212121212121213
2021-06-12 06:45:00+00:00,0.2042641764176417,0.0,0.48004828797190513,0.8248917748917749
2021-06-12 07:00:00+00:00,0.2009450945094509,0.0,0.54828797190518,0.8285714285714286
2021-06-12 07:15:00+00:00,0.2013107560756075,0.0,0.5998024582967516,0.8283549783549784
2021-06-12 07:30:00+00:00,0.2016764176417641,0.0,0.6513169446883231,0.8281385281385282
2021-06-12 07:45:00+00:00,0.20204207920792075,0.0,0.7028314310798947,0.827922077922078
2021-06-12 08:00:00+00:00,0.2024077407740774,0.0,0.7543459174714662,0.8277056277056277
2021-06-12 08:15:00+00:00,0.20674879987998795,0.0,0.7807726075504828,0.8229437229437229
2021-06-12 08:30:00+00:00,0.2110898589858985,0.0,0.8071992976294995,0.8181818181818181
2021-06-12 08:45:00+00:00,0.2154309180918091,0.0,0.8336259877085161,0.8134199134199134
2021-06-12 09:00:00+00:00,0.2197719771977197,0.0,0.8600526777875329,0.8086580086580086
2021-06-12 09:15:00+00:00,0.22530378037803775,0.0,0.8717954345917471,0.8069264069264069
2021-06-12 09:30:00+00:00,0.2308355835583558,0.0,0.8835381913959613,0.8051948051948052
2021-06-12 09:45:00+00:00,0.23636738673867386,0.0,0.8952809482001756,0.8034632034632034
2021-06-12 10:00:00+00:00,0.2418991899189919,0.0,0.9070237050043898,0.8017316017316017
2021-06-12 10:15:00+00:00,0.24358685868586855,0.0,0.913388937664618,0.8071428571428572
2021-06-12 10:30:00+00:00,0.2452745274527452,0.0,0.9197541703248464,0.8125541125541126
2021-06-12 10:45:00+00:00,0.2469621962196219,0.0,0.9261194029850746,0.817965367965368
2021-06-12 11:00:00+00:00,0.2486498649864986,0.0,0.9324846356453028,0.8233766233766234
2021-06-12 11:15:00+00:00,0.2511063606360636,0.0,0.9242756804214223,0.8054112554112554
2021-06-12 11:30:00+00:00,0.2535628562856286,0.0,0.9160667251975416,0.7874458874458874
2021-06-12 11:45:00+00:00,0.25601935193519354,0.0,0.9078577699736611,0.7694805194805194
2021-06-12 12:00:00+00:00,0.2584758475847585,0.0,0.8996488147497805,0.7515151515151515
2021-06-12 12:15:00+00:00,0.2593665616561656,0.0,0.883955223880597,0.7502164502164501
2021-06-12 12:30:00+00:00,0.2602572757275727,0.0,0.8682616330114135,0.7489177489177489
2021-06-12 12:45:00+00:00,0.26114798979897985,0.0,0.8525680421422299,0.7476190476190476
2021-06-12 13:00:00+00:00,0.262038703870387,0.0,0.8368744512730465,0.7463203463203463
2021-06-12 13:15:00+00:00,0.2638295079507951,0.0,0.816352063213345,0.7452380952380953
2021-06-12 13:30:00+00:00,0.2656203120312031,0.0,0.7958296751536436,0.7441558441558441
2021-06-12 13:45:00+00:00,0.26741111611161117,0.0,0.775307287093942,0.743073593073593
2021-06-12 14:00:00+00:00,0.2692019201920192,0.0,0.7547848990342405,0.741991341991342
2021-06-12 14:15:00+00:00,0.2701863936393639,0.0,0.7338674275680421,0.7448051948051948
2021-06-12 14:30:00+00:00,0.2711708670867087,0.0,0.7129499561018438,0.7476190476190476
2021-06-12 14:45:00+00:00,0.2721553405340534,0.0,0.6920324846356454,0.7504329004329005
2021-06-12 15:00:00+00:00,0.2731398139813981,0.0,0.6711150131694469,0.7532467532467533
2021-06-12 15:15:00+00:00,0.2739836483648364,0.0,0.6396180860403864,0.7551948051948052
2021-06-12 15:30:00+00:00,0.2748274827482748,0.0,0.6081211589113258,0.7571428571428571
2021-06-12 15:45:00+00:00,0.2756713171317131,0.0,0.5766242317822652,0.759090909090909
2021-06-12 16:00:00+00:00,0.2765151515151515,0.0,0.5451273046532046,0.7610389610389611
2021-06-12 16:15:00+00:00,0.27926230123012297,0.0,0.4991659350307287,0.7779220779220779
2021-06-12 16:30:00+00:00,0.2820094509450945,0.0,0.4532045654082528,0.7948051948051948
2021-06-12 16:45:00+00:00,0.28475660066006603,0.0,0.40724319578577695,0.8116883116883118
2021-06-12 17:00:00+00:00,0.2875037503750375,0.0,0.3612818261633011,0.8285714285714286
2021-06-12 17:15:00+00:00,0.2885257275727573,0.0,0.31845917471466195,0.830952380952381
2021-06-12 17:30:00+00:00,0.2895477047704771,0.0,0.2756365232660228,0.8333333333333334
2021-06-12 17:45:00+00:00,0.2905696819681969,0.0,0.23281387181738364,0.8357142857142857
2021-06-12 18:00:00+00:00,0.2915916591659166,0.0,0.1899912203687445,0.8380952380952381
2021-06-12 18:15:00+00:00,0.2937387488748875,0.0,0.16270851624231775,0.8387445887445888
2021-06-12 18:30:00+00:00,0.2958858385838583,0.0,0.135425812115891,0.8393939393939394
2021-06-12 18:45:00+00:00,0.29803292829282924,0.0,0.10814310798946435,0.84004329004329
2021-06-12 19:00:00+00:00,0.3001800180018001,0.0,0.0808604038630377,0.8406926406926407
2021-06-12 19:15:00+00:00,0.3025146264626462,0.0,0.0715759438103599,0.8422077922077922
2021-06-12 19:30:00+00:00,0.3048492349234923,0.0,0.0622914837576821,0.8437229437229437
2021-06-12 19:45:00+00:00,0.3071838433843384,0.0,0.05300702370500435,0.8452380952380951
2021-06-12 20:00:00+00:00,0.3095184518451845,0.0,0.0437225636523266,0.8467532467532467
2021-06-12 20:15:00+00:00,0.30728697869786975,0.0,0.0434152765583845,0.8406926406926407
2021-06-12 20:30:00+00:00,0.305055505550555,0.0,0.0431079894644424,0.8346320346320346
2021-06-12 20:45:00+00:00,0.3028240324032403,0.0,0.04280070237050035,0.8285714285714285
2021-06-12 21:00:00+00:00,0.3005925592559256,0.0,0.0424934152765583,0.8225108225108225
2021-06-12 21:15:00+00:00,0.2986704920492049,0.0,0.041132572431957753,0.8170995670995671
2021-06-12 21:30:00+00:00,0.2967484248424842,0.0,0.0397717295873572,0.8116883116883117
2021-06-12 21:45:00+00:00,0.2948263576357636,0.0,0.0384108867427567,0.8062770562770563
2021-06-12 22:00:00+00:00,0.2929042904290429,0.0,0.0370500438981562,0.8008658008658008
2021-06-12 22:15:00+00:00,0.283472097209721,0.0,0.03456979806848105,0.7831168831168831
2021-06-12 22:30:00+00:00,0.274039903990399,0.0,0.0320895522388059,0.7653679653679654
2021-06-12 22:45:00+00:00,0.26460771077107703,0.0,0.029609306409130752,0.7476190476190476
2021-06-12 23:00:00+00:00,0.2551755175517551,0.0,0.0271290605794556,0.7298701298701299
2021-06-12 23:15:00+00:00,0.2456683168316831,0.0,0.02625109745390685,0.7290043290043291
2021-06-12 23:30:00+00:00,0.2361611161116111,0.0,0.0253731343283581,0.7281385281385282
2021-06-12 23:45:00+00:00,0.22665391539153912,0.0,0.024495171202809397,0.7272727272727273
2021-06-13 00:00:00+00:00,0.2171467146714671,0.0,0.0236172080772607,0.7264069264069264
2021-06-13 00:15:00+00:00,0.20883025802580252,0.0,0.02115891132572425,0.7266233766233766
2021-06-13 00:30:00+00:00,0.2005138013801379,0.0,0.0187006145741878,0.7268398268398268
2021-06-13 00:45:00+00:00,0.19219734473447336,0.0,0.016242317822651398,0.7270562770562771
2021-06-13 01:00:00+00:00,0.1838808880888088,0.0,0.013784021071115,0.7272727272727273
2021-06-13 01:15:00+00:00,0.17341734173417336,0.0,0.0124890254609306,0.7441558441558442
2021-06-13 01:30:00+00:00,0.1629537953795379,0.0,0.0111940298507462,0.7610389610389611
2021-06-13 01:45:00+00:00,0.15249024902490246,0.0,0.00989903424056185,0.7779220779220779
2021-06-13 02:00:00+00:00,0.142026702670267,0.0,0.0086040386303775,0.7948051948051948
2021-06-13 02:15:00+00:00,0.133063306330633,0.0,0.0077041264266900005,0.7965367965367965
2021-06-13 02:30:00+00:00,0.124099909990999,0.0,0.0068042142230025,0.7982683982683982
2021-06-13 02:45:00+00:00,0.11513651365136504,0.0,0.0059043020193151,0.8
2021-06-13 03:00:00+00:00,0.1061731173117311,0.0,0.0050043898156277,0.8017316017316017
2021-06-13 03:15:00+00:00,0.10352910291029095,0.0,0.0080772607550482,0.7805194805194806
2021-06-13 03:30:00+00:00,0.1008850885088508,0.0,0.0111501316944687,0.7593073593073594
2021-06-13 03:45:00+00:00,0.0982410741074107,0.0,0.0142230026338893,0.7380952380952381
2021-06-13 04:00:00+00:00,0.0955970597059706,0.0,0.0172958735733099,0.7168831168831169
2021-06-13 04:15:00+00:00,0.0959627212721272,0.0,0.029367866549604903,0.7231601731601731
2021-06-13 04:30:00+00:00,0.0963283828382838,0.0,0.0414398595258999,0.7294372294372294
2021-06-13 04:45:00+00:00,0.0966940444044404,0.0,0.0535118525021949,0.7357142857142858
2021-06-13 05:00:00+00:00,0.097059705970597,0.0,0.0655838454784899,0.741991341991342
2021-06-13 05:15:00+00:00,0.09691906690669061,0.0,0.11325724319578576,0.7512987012987014
2021-06-13 05:30:00+00:00,0.0967784278427842,0.0,0.1609306409130816,0.7606060606060606
2021-06-13 05:45:00+00:00,0.09663778877887785,0.0,0.20860403863037752,0.7699134199134199
2021-06-13 06:00:00+00:00,0.0964971497149715,0.0,0.2562774363476734,0.7792207792207793
2021-06-13 06:15:00+00:00,0.09453757875787575,0.0,0.31953467954345915,0.7764069264069264
2021-06-13 06:30:00+00:00,0.09257800780078,0.0,0.3827919227392449,0.7735930735930736
2021-06-13 06:45:00+00:00,0.0906184368436843,0.0,0.4460491659350307,0.7707792207792208
2021-06-13 07:00:00+00:00,0.0886588658865886,0.0,0.5093064091308165,0.767965367965368
2021-06-13 07:15:00+00:00,0.09386251125112505,0.0,0.5557287093942054,0.7699134199134199
2021-06-13 07:30:00+00:00,0.0990661566156615,0.0,0.6021510096575944,0.7718614718614718
2021-06-13 07:45:00+00:00,0.10426980198019795,0.0,0.6485733099209834,0.7738095238095237
2021-06-13 08:00:00+00:00,0.1094734473447344,0.0,0.6949956101843723,0.7757575757575758
2021-06-13 08:15:00+00:00,0.1135613561356135,0.0,0.7285338015803337,0.7725108225108226
2021-06-13 08:30:00+00:00,0.1176492649264926,0.0,0.762071992976295,0.7692640692640693
2021-06-13 08:45:00+00:00,0.1217371737173717,0.0,0.7956101843722564,0.766017316017316
2021-06-13 09:00:00+00:00,0.1258250825082508,0.0,0.8291483757682178,0.7627705627705628
2021-06-13 09:15:00+00:00,0.12995987098709866,0.0,0.8512949956101845,0.7642857142857142
2021-06-13 09:30:00+00:00,0.1340946594659465,0.0,0.8734416154521512,0.7658008658008658
2021-06-13 09:45:00+00:00,0.13822944794479441,0.0,0.8955882352941178,0.7673160173160174
2021-06-13 10:00:00+00:00,0.1423642364236423,0.0,0.9177348551360844,0.7688311688311689
2021-06-13 10:15:00+00:00,0.14512076207620755,0.0,0.9206321334503953,0.7681818181818182
2021-06-13 10:30:00+00:00,0.1478772877287728,0.0,0.923529411764706,0.7675324675324675
2021-06-13 10:45:00+00:00,0.15063381338133808,0.0,0.9264266900790168,0.7668831168831169
2021-06-13 11:00:00+00:00,0.1533903390339034,0.0,0.9293239683933274,0.7662337662337663
2021-06-13 11:15:00+00:00,0.1554811731173117,0.0,0.9240342405618963,0.7634199134199134
2021-06-13 11:30:00+00:00,0.15757200720072,0.0,0.9187445127304652,0.7606060606060606
2021-06-13 11:45:00+00:00,0.15966284128412836,0.0,0.9134547848990342,0.7577922077922078
2021-06-13 12:00:00+00:00,0.1617536753675367,0.0,0.9081650570676032,0.754978354978355
2021-06-13 12:15:00+00:00,0.1617255475547554,0.0,0.8951931518876207,0.7573593073593073
2021-06-13 12:30:00+00:00,0.1616974197419741,0.0,0.8822212467076382,0.7597402597402597
2021-06-13 12:45:00+00:00,0.16166929192919285,0.0,0.8692493415276559,0.7621212121212121
2021-06-13 13:00:00+00:00,0.1616411641164116,0.0,0.8562774363476734,0.7645021645021645
2021-06-13 13:15:00+00:00,0.1618005550555055,0.0,0.835820895522388,0.7647186147186147
2021-06-13 13:30:00+00:00,0.1619599459945994,0.0,0.8153643546971028,0.7649350649350649
2021-06-13 13:45:00+00:00,0.1621193369336933,0.0,0.7949078138718174,0.7651515151515151
2021-06-13 14:00:00+00:00,0.1622787278727872,0.0,0.774451273046532,0.7653679653679654
2021-06-13 14:15:00+00:00,0.16039416441644153,0.0,0.7548946444249341,0.7645021645021646
2021-06-13 14:30:00+00:00,0.1585096009600959,0.0,0.7353380158033362,0.7636363636363637
2021-06-13 14:45:00+00:00,0.1566250375037503,0.0,0.7157813871817383,0.7627705627705628
2021-06-13 15:00:00+00:00,0.1547404740474047,0.0,0.6962247585601404,0.7619047619047619
2021-06-13 15:15:00+00:00,0.1522183468346834,0.0,0.6711369622475856,0.7625541125541125
2021-06-13 15:30:00+00:00,0.1496962196219621,0.0,0.6460491659350307,0.7632034632034632
2021-06-13 15:45:00+00:00,0.14717409240924084,0.0,0.6209613696224758,0.7638528138528138
2021-06-13 16:00:00+00:00,0.1446519651965196,0.0,0.595873573309921,0.7645021645021645
2021-06-13 16:15:00+00:00,0.14415504050405037,0.0,0.5579894644424934,0.7822510822510822
2021-06-13 16:30:00+00:00,0.1436581158115811,0.0,0.5201053555750659,0.8
2021-06-13 16:45:00+00:00,0.14316119111911185,0.0,0.48222124670763833,0.8177489177489178
2021-06-13 17:00:00+00:00,0.1426642664266426,0.0,0.4443371378402107,0.8354978354978355
2021-06-13 17:15:00+00:00,0.1465365286528652,0.0,0.3885645302897278,0.8545454545454545
2021-06-13 17:30:00+00:00,0.1504087908790878,0.0,0.3327919227392449,0.8735930735930735
2021-06-13 17:45:00+00:00,0.15428105310531043,0.0,0.27701931518876205,0.8926406926406925
2021-06-13 18:00:00+00:00,0.1581533153315331,0.0,0.2212467076382792,0.9116883116883115
2021-06-13 18:15:00+00:00,0.1582189468946894,0.0,0.187071992976295,0.9138528138528137
2021-06-13 18:30:00+00:00,0.1582845784578457,0.0,0.1528972783143108,0.916017316017316
2021-06-13 18:45:00+00:00,0.15835021002100202,0.0,0.1187225636523266,0.9181818181818182
2021-06-13 19:00:00+00:00,0.1584158415841584,0.0,0.0845478489903424,0.9203463203463204
2021-06-13 19:15:00+00:00,0.16532590759075905,0.0,0.07574626865671641,0.9082251082251083
2021-06-13 19:30:00+00:00,0.1722359735973597,0.0,0.0669446883230904,0.8961038961038961
2021-06-13 19:45:00+00:00,0.17914603960396036,0.0,0.0581431079894644,0.883982683982684
2021-06-13 20:00:00+00:00,0.186056105610561,0.0,0.0493415276558384,0.8718614718614719
2021-06-13 20:15:00+00:00,0.17591134113411333,0.0,0.0478050921861281,0.8874458874458876
2021-06-13 20:30:00+00:00,0.1657665766576657,0.0,0.0462686567164178,0.9030303030303032
2021-06-13 20:45:00+00:00,0.1556218121812181,0.0,0.044732221246707546,0.9186147186147188
2021-06-13 21:00:00+00:00,0.1454770477047705,0.0,0.0431957857769973,0.9341991341991344
2021-06-13 21:15:00+00:00,0.14523327332733274,0.0,0.041900790166812904,0.9132034632034634
2021-06-13 21:30:00+00:00,0.144989498949895,0.0,0.0406057945566285,0.8922077922077922
2021-06-13 21:45:00+00:00,0.14474572457245724,0.0,0.03931079894644415,0.8712121212121212
2021-06-13 22:00:00+00:00,0.1445019501950195,0.0,0.0380158033362598,0.8502164502164502
2021-06-13 22:15:00+00:00,0.13939206420642059,0.0,0.0364793678665495,0.8406926406926407
2021-06-13 22:30:00+00:00,0.1342821782178217,0.0,0.0349429323968392,0.8311688311688312
2021-06-13 22:45:00+00:00,0.12917229222922286,0.0,0.03340649692712895,0.8216450216450217
2021-06-13 23:00:00+00:00,0.124062406240624,0.0,0.0318700614574187,0.8121212121212121
2021-06-13 23:15:00+00:00,0.1206214371437143,0.0,0.03178226514486385,0.808874458874459
2021-06-13 23:30:00+00:00,0.1171804680468046,0.0,0.031694468832309,0.8056277056277057
2021-06-13 23:45:00+00:00,0.11373949894989495,0.0,0.03160667251975415,0.8023809523809524
2021-06-14 00:00:00+00:00,0.1102985298529853,0.0,0.0315188762071993,0.7991341991341991
2021-06-14 00:15:00+00:00,0.10631375637563756,0.0,0.0311676909569798,0.8012987012987013
2021-06-14 00:30:00+00:00,0.1023289828982898,0.0,0.0308165057067603,0.8034632034632034
2021-06-14 00:45:00+00:00,0.09834420942094205,0.0,0.030465320456540802,0.8056277056277057
2021-06-14 01:00:00+00:00,0.0943594359435943,0.0,0.0301141352063213,0.8077922077922078
2021-06-14 01:15:00+00:00,0.0927842784278427,0.0,0.02745829675153635,0.8060606060606061
2021-06-14 01:30:00+00:00,0.0912091209120911,0.0,0.0248024582967514,0.8043290043290043
2021-06-14 01:45:00+00:00,0.08963396339633956,0.0,0.02214661984196655,0.8025974025974025
2021-06-14 02:00:00+00:00,0.088058805880588,0.0,0.0194907813871817,0.8008658008658008
2021-06-14 02:15:00+00:00,0.0847115961596159,0.0,0.0170324846356452,0.8153679653679653
2021-06-14 02:30:00+00:00,0.0813643864386438,0.0,0.0145741878841087,0.8298701298701299
2021-06-14 02:45:00+00:00,0.0780171767176717,0.0,0.0121158911325723,0.8443722943722944
2021-06-14 03:00:00+00:00,0.0746699669966996,0.0,0.0096575943810359,0.8588744588744589
2021-06-14 03:15:00+00:00,0.07355423042304225,0.0,0.0129499561018436,0.8606060606060606
2021-06-14 03:30:00+00:00,0.0724384938493849,0.0,0.0162423178226513,0.8623376623376624
2021-06-14 03:45:00+00:00,0.07132275727572755,0.0,0.0195346795434591,0.8640692640692641
2021-06-14 04:00:00+00:00,0.0702070207020702,0.0,0.0228270412642669,0.8658008658008658
2021-06-14 04:15:00+00:00,0.06936318631863185,0.0,0.0359086918349429,0.8735930735930736
2021-06-14 04:30:00+00:00,0.0685193519351935,0.0,0.0489903424056189,0.8813852813852814
2021-06-14 04:45:00+00:00,0.06767551755175515,0.0,0.062071992976294954,0.8891774891774892
2021-06-14 05:00:00+00:00,0.0668316831683168,0.0,0.075153643546971,0.896969696969697
2021-06-14 05:15:00+00:00,0.0632219471947194,0.0,0.11973222124670754,0.9019480519480518
2021-06-14 05:30:00+00:00,0.059612211221122,0.0,0.1643107989464441,0.9069264069264068
2021-06-14 05:45:00+00:00,0.05600247524752465,0.0,0.20888937664618074,0.9119047619047618
2021-06-14 06:00:00+00:00,0.0523927392739273,0.0,0.2534679543459174,0.9168831168831169
2021-06-14 06:15:00+00:00,0.04940181518151805,0.0,0.32442932396839325,0.9155844155844155
2021-06-14 06:30:00+00:00,0.0464108910891088,0.0,0.3953906935908691,0.914285714285714
2021-06-14 06:45:00+00:00,0.0434199669966996,0.0,0.466352063213345,0.9129870129870128
2021-06-14 07:00:00+00:00,0.0404290429042904,0.0,0.5373134328358209,0.9116883116883115
2021-06-14 07:15:00+00:00,0.03967896789678965,0.0,0.5928884986830554,0.8937229437229437
2021-06-14 07:30:00+00:00,0.0389288928892889,0.0,0.6484635645302897,0.8757575757575757
2021-06-14 07:45:00+00:00,0.038178817881788146,0.0,0.7040386303775241,0.8577922077922078
2021-06-14 08:00:00+00:00,0.0374287428742874,0.0,0.7596136962247586,0.8398268398268398
2021-06-14 08:15:00+00:00,0.037391239123912345,0.0,0.7860403863037753,0.8417748917748917
2021-06-14 08:30:00+00:00,0.0373537353735373,0.0,0.8124670763827919,0.8437229437229437
2021-06-14 08:45:00+00:00,0.03731623162316225,0.0,0.8388937664618086,0.8456709956709956
2021-06-14 09:00:00+00:00,0.0372787278727872,0.0,0.8653204565408252,0.8476190476190476
2021-06-14 09:15:00+00:00,0.03852572757275715,0.0,0.8772827041264266,0.8493506493506493
2021-06-14 09:30:00+00:00,0.0397727272727271,0.0,0.889244951712028,0.8510822510822511
2021-06-14 09:45:00+00:00,0.04101972697269715,0.0,0.9012071992976294,0.8528138528138528
2021-06-14 10:00:00+00:00,0.0422667266726672,0.0,0.9131694468832308,0.8545454545454545
2021-06-14 10:15:00+00:00,0.04417004200420035,0.0,0.9188103599648814,0.8547619047619047
2021-06-14 10:30:00+00:00,0.0460733573357335,0.0,0.924451273046532,0.854978354978355
2021-06-14 10:45:00+00:00,0.04797667266726665,0.0,0.9300921861281826,0.8551948051948052
2021-06-14 11:00:00+00:00,0.0498799879987998,0.0,0.9357330992098332,0.8554112554112554
2021-06-14 11:15:00+00:00,0.05173642364236415,0.0,0.9319798068481124,0.8528138528138528
2021-06-14 11:30:00+00:00,0.0535928592859285,0.0,0.9282265144863916,0.8502164502164502
2021-06-14 11:45:00+00:00,0.0554492949294929,0.0,0.9244732221246708,0.8476190476190476
2021-06-14 12:00:00+00:00,0.0573057305730573,0.0,0.92071992976295,0.845021645021645
2021-06-14 12:15:00+00:00,0.06010913591359135,0.0,0.9098331870061458,0.8430735930735931
2021-06-14 12:30:00+00:00,0.0629125412541254,0.0,0.8989464442493416,0.8411255411255412
2021-06-14 12:45:00+00:00,0.06571594659465946,0.0,0.8880597014925373,0.8391774891774892
2021-06-14 13:00:00+00:00,0.0685193519351935,0.0,0.8771729587357331,0.8372294372294372
2021-06-14 13:15:00+00:00,0.07403240324032401,0.0,0.861369622475856,0.8311688311688312
2021-06-14 13:30:00+00:00,0.0795454545454545,0.0,0.845566286215979,0.8251082251082251
2021-06-14 13:45:00+00:00,0.085058505850585,0.0,0.8297629499561019,0.819047619047619
2021-06-14 14:00:00+00:00,0.0905715571557155,0.0,0.8139596136962247,0.812987012987013
2021-06-14 14:15:00+00:00,0.1009600960096009,0.0,0.7977611940298508,0.8095238095238095
2021-06-14 14:30:00+00:00,0.1113486348634863,0.0,0.7815627743634768,0.8060606060606061
2021-06-14 14:45:00+00:00,0.1217371737173717,0.0,0.7653643546971027,0.8025974025974026
2021-06-14 15:00:00+00:00,0.1321257125712571,0.0,0.7491659350307287,0.7991341991341991
2021-06-14 15:15:00+00:00,0.13927017701770175,0.0,0.7202809482001756,0.8038961038961039
2021-06-14 15:30:00+00:00,0.1464146414641464,0.0,0.6913959613696224,0.8086580086580086
2021-06-14 15:45:00+00:00,0.15355910591059105,0.0,0.6625109745390694,0.8134199134199134
2021-06-14 16:00:00+00:00,0.1607035703570357,0.0,0.6336259877085162,0.8181818181818182
2021-06-14 16:15:00+00:00,0.16938568856885683,0.0,0.5902326602282704,0.8383116883116883
2021-06-14 16:30:00+00:00,0.178067806780678,0.0,0.5468393327480245,0.8584415584415584
2021-06-14 16:45:00+00:00,0.1867499249924992,0.0,0.5034460052677787,0.8785714285714286
2021-06-14 17:00:00+00:00,0.1954320432043204,0.0,0.4600526777875329,0.8987012987012987
2021-06-14 17:15:00+00:00,0.20822082208220816,0.0,0.405838454784899,0.8935064935064935
2021-06-14 17:30:00+00:00,0.2210096009600959,0.0,0.3516242317822651,0.8883116883116883
2021-06-14 17:45:00+00:00,0.23379837983798368,0.0,0.2974100087796312,0.8831168831168831
2021-06-14 18:00:00+00:00,0.2465871587158715,0.0,0.2431957857769973,0.8779220779220779
2021-06-14 18:15:00+00:00,0.2489686468646864,0.0,0.2049385425812115,0.8844155844155843
2021-06-14 18:30:00+00:00,0.2513501350135013,0.0,0.1666812993854257,0.8909090909090909
2021-06-14 18:45:00+00:00,0.25373162316231623,0.0,0.12842405618963995,0.8974025974025974
2021-06-14 19:00:00+00:00,0.2561131113111311,0.0,0.0901668129938542,0.903896103896104
2021-06-14 19:15:00+00:00,0.25908528352835286,0.0,0.08004828797190511,0.8980519480519481
2021-06-14 19:30:00+00:00,0.2620574557455746,0.0,0.069929762949956,0.8922077922077922
2021-06-14 19:45:00+00:00,0.2650296279627963,0.0,0.05981123792800695,0.8863636363636364
2021-06-14 20:00:00+00:00,0.268001800180018,0.0,0.0496927129060579,0.8805194805194805
2021-06-14 20:15:00+00:00,0.2674767476747675,0.0,0.0485294117647058,0.8774891774891774
2021-06-14 20:30:00+00:00,0.2669516951695169,0.0,0.0473661106233537,0.8744588744588744
2021-06-14 20:45:00+00:00,0.2664266426642664,0.0,0.046202809482001644,0.8714285714285714
2021-06-14 21:00:00+00:00,0.2659015901590159,0.0,0.0450395083406496,0.8683982683982684
2021-06-14 21:15:00+00:00,0.2654327932793279,0.0,0.04308604038630365,0.8670995670995671
2021-06-14 21:30:00+00:00,0.2649639963996399,0.0,0.0411325724319577,0.8658008658008658
2021-06-14 21:45:00+00:00,0.26449519951995193,0.0,0.039179104477611845,0.8645021645021644
2021-06-14 22:00:00+00:00,0.264026402640264,0.0,0.037225636523266,0.8632034632034632
2021-06-14 22:15:00+00:00,0.2577726522652265,0.0,0.03667690956979805,0.861038961038961
2021-06-14 22:30:00+00:00,0.251518901890189,0.0,0.0361281826163301,0.8588744588744588
2021-06-14 22:45:00+00:00,0.2452651515151515,0.0,0.03557945566286215,0.8567099567099566
2021-06-14 23:00:00+00:00,0.239011401140114,0.0,0.0350307287093942,0.8545454545454545
2021-06-14 23:15:00+00:00,0.22609135913591355,0.0,0.035096575943810354,0.8478354978354978
2021-06-14 23:30:00+00:00,0.2131713171317131,0.0,0.0351624231782265,0.8411255411255412
2021-06-14 23:45:00+00:00,0.2002512751275127,0.0,0.03522827041264265,0.8344155844155845
2021-06-15 00:00:00+00:00,0.1873312331233123,0.0,0.0352941176470588,0.8277056277056277
2021-06-15 00:15:00+00:00,0.18542791779177914,0.0,0.03522827041264265,0.8242424242424242
2021-06-15 00:30:00+00:00,0.183524602460246,0.0,0.0351624231782265,0.8207792207792208
2021-06-15 00:45:00+00:00,0.18162128712871284,0.0,0.035096575943810354,0.8173160173160173
2021-06-15 01:00:00+00:00,0.1797179717971797,0.0,0.0350307287093942,0.8138528138528138
2021-06-15 01:15:00+00:00,0.18078682868286824,0.0,0.034240561896400304,0.8084415584415584
2021-06-15 01:30:00+00:00,0.1818556855685568,0.0,0.0334503950834064,0.803030303030303
2021-06-15 01:45:00+00:00,0.1829245424542454,0.0,0.03266022827041255,0.7976190476190477
2021-06-15 02:00:00+00:00,0.183993399339934,0.0,0.0318700614574187,0.7922077922077922
2021-06-15 02:15:00+00:00,0.1875843834383438,0.0,0.03004828797190505,0.7926406926406926
2021-06-15 02:30:00+00:00,0.1911753675367536,0.0,0.0282265144863914,0.793073593073593
2021-06-15 02:45:00+00:00,0.19476635163516345,0.0,0.02640474100087785,0.7935064935064935
2021-06-15 03:00:00+00:00,0.1983573357335733,0.0,0.0245829675153643,0.793939393939394
2021-06-15 03:15:00+00:00,0.20164828982898284,0.0,0.02462686567164175,0.7954545454545454
2021-06-15 03:30:00+00:00,0.2049392439243924,0.0,0.0246707638279192,0.796969696969697
2021-06-15 03:45:00+00:00,0.20823019801980194,0.0,0.02471466198419665,0.7984848484848486
2021-06-15 04:00:00+00:00,0.2115211521152115,0.0,0.0247585601404741,0.8
2021-06-15 04:15:00+00:00,0.2107335733573357,0.0,0.0352282704126426,0.8075757575757576
2021-06-15 04:30:00+00:00,0.2099459945994599,0.0,0.0456979806848111,0.8151515151515152
2021-06-15 04:45:00+00:00,0.2091584158415841,0.0,0.056167690956979696,0.8227272727272728
2021-06-15 05:00:00+00:00,0.2083708370837083,0.0,0.0666374012291483,0.8303030303030303
2021-06-15 05:15:00+00:00,0.1951695169516951,0.0,0.1115671641791044,0.8374458874458874
2021-06-15 05:30:00+00:00,0.1819681968196819,0.0,0.1564969271290605,0.8445887445887446
2021-06-15 05:45:00+00:00,0.1687668766876687,0.0,0.2014266900790166,0.8517316017316017
2021-06-15 06:00:00+00:00,0.1555655565556555,0.0,0.2463564530289727,0.8588744588744589
2021-06-15 06:15:00+00:00,0.1455426792679267,0.0,0.2953687445127303,0.8614718614718615
2021-06-15 06:30:00+00:00,0.1355198019801979,0.0,0.344381035996488,0.8640692640692641
2021-06-15 06:45:00+00:00,0.12549692469246915,0.0,0.39339332748024575,0.8666666666666667
2021-06-15 07:00:00+00:00,0.1154740474047404,0.0,0.4424056189640035,0.8692640692640693
2021-06-15 07:15:00+00:00,0.11173304830483041,0.0,0.4761413520632133,0.8655844155844156
2021-06-15 07:30:00+00:00,0.1079920492049204,0.0,0.5098770851624231,0.8619047619047618
2021-06-15 07:45:00+00:00,0.10425105010501046,0.0,0.543612818261633,0.8582251082251082
2021-06-15 08:00:00+00:00,0.1005100510051005,0.0,0.5773485513608428,0.8545454545454545
2021-06-15 08:15:00+00:00,0.10017251725172516,0.0,0.5932835820895522,0.8480519480519481
2021-06-15 08:30:00+00:00,0.0998349834983498,0.0,0.6092186128182616,0.8415584415584416
2021-06-15 08:45:00+00:00,0.09949744974497444,0.0,0.625153643546971,0.8350649350649352
2021-06-15 09:00:00+00:00,0.0991599159915991,0.0,0.6410886742756804,0.8285714285714286
2021-06-15 09:15:00+00:00,0.10118511851185111,0.0,0.6452151009657594,0.8287878787878787
2021-06-15 09:30:00+00:00,0.1032103210321031,0.0,0.6493415276558384,0.829004329004329
2021-06-15 09:45:00+00:00,0.10523552355235516,0.0,0.6534679543459174,0.8292207792207792
2021-06-15 10:00:00+00:00,0.1072607260726072,0.0,0.6575943810359964,0.8294372294372294
2021-06-15 10:15:00+00:00,0.11157365736573649,0.0,0.6552677787532923,0.8292207792207792
2021-06-15 10:30:00+00:00,0.1158865886588658,0.0,0.6529411764705881,0.829004329004329
2021-06-15 10:45:00+00:00,0.12019951995199515,0.0,0.650614574187884,0.8287878787878789
2021-06-15 11:00:00+00:00,0.1245124512451245,0.0,0.64828797190518,0.8285714285714286
2021-06-15 11:15:00+00:00,0.12842221722172215,0.0,0.6411325724319579,0.8274891774891775
2021-06-15 11:30:00+00:00,0.1323319831983198,0.0,0.6339771729587358,0.8264069264069265
2021-06-15 11:45:00+00:00,0.13624174917491744,0.0,0.6268217734855137,0.8253246753246753
2021-06-15 12:00:00+00:00,0.1401515151515151,0.0,0.6196663740122915,0.8242424242424242
2021-06-15 12:15:00+00:00,0.14382688268826876,0.0,0.6303336259877086,0.8108225108225108
2021-06-15 12:30:00+00:00,0.1475022502250224,0.0,0.6410008779631255,0.7974025974025973
2021-06-15 12:45:00+00:00,0.1511776177617761,0.0,0.6516681299385425,0.783982683982684
2021-06-15 13:00:00+00:00,0.1548529852985298,0.0,0.6623353819139596,0.7705627705627706
2021-06-15 13:15:00+00:00,0.1583595859585958,0.0,0.6532484635645303,0.7688311688311689
2021-06-15 13:30:00+00:00,0.1618661866186618,0.0,0.6441615452151009,0.7670995670995671
2021-06-15 13:45:00+00:00,0.1653727872787278,0.0,0.6350746268656716,0.7653679653679654
2021-06-15 14:00:00+00:00,0.1688793879387938,0.0,0.6259877085162423,0.7636363636363637
2021-06-15 14:15:00+00:00,0.17343609360936085,0.0,0.5945346795434592,0.7744588744588745
2021-06-15 14:30:00+00:00,0.1779927992799279,0.0,0.563081650570676,0.7852813852813854
2021-06-15 14:45:00+00:00,0.182549504950495,0.0,0.5316286215978929,0.7961038961038962
2021-06-15 15:00:00+00:00,0.1871062106210621,0.0,0.5001755926251098,0.8069264069264069
2021-06-15 15:15:00+00:00,0.19809480948094804,0.0,0.4754609306409131,0.8132034632034633
2021-06-15 15:30:00+00:00,0.209083408340834,0.0,0.4507462686567164,0.8194805194805195
2021-06-15 15:45:00+00:00,0.22007200720072,0.0,0.4260316066725197,0.8257575757575757
2021-06-15 16:00:00+00:00,0.231060606060606,0.0,0.4013169446883231,0.832034632034632
2021-06-15 16:15:00+00:00,0.2315856585658565,0.0,0.3740342405618964,0.8567099567099568
2021-06-15 16:30:00+00:00,0.232110711071107,0.0,0.3467515364354697,0.8813852813852814
2021-06-15 16:45:00+00:00,0.23263576357635757,0.0,0.319468832309043,0.906060606060606
2021-06-15 17:00:00+00:00,0.2331608160816081,0.0,0.2921861281826163,0.9307359307359307
2021-06-15 17:15:00+00:00,0.2224066156615661,0.0,0.25408252853380153,0.9331168831168832
2021-06-15 17:30:00+00:00,0.2116524152415241,0.0,0.2159789288849868,0.9354978354978356
2021-06-15 17:45:00+00:00,0.2008982148214821,0.0,0.17787532923617205,0.937878787878788
2021-06-15 18:00:00+00:00,0.1901440144014401,0.0,0.1397717295873573,0.9402597402597402
2021-06-15 18:15:00+00:00,0.18704057905790575,0.0,0.11279631255487266,0.9482683982683984
2021-06-15 18:30:00+00:00,0.1839371437143714,0.0,0.085820895522388,0.9562770562770564
2021-06-15 18:45:00+00:00,0.18083370837083707,0.0,0.058845478489903354,0.9642857142857144
2021-06-15 19:00:00+00:00,0.1777302730273027,0.0,0.0318700614574187,0.9722943722943724
2021-06-15 19:15:00+00:00,0.18306518151815176,0.0,0.0258779631255486,0.9558441558441559
2021-06-15 19:30:00+00:00,0.1884000900090008,0.0,0.0198858647936785,0.9393939393939394
2021-06-15 19:45:00+00:00,0.1937349984998499,0.0,0.0138937664618085,0.922943722943723
2021-06-15 20:00:00+00:00,0.199069906990699,0.0,0.0079016681299385,0.9064935064935064
2021-06-15 20:15:00+00:00,0.2043954395439543,0.0,0.0078138718173836,0.8950216450216448
2021-06-15 20:30:00+00:00,0.2097209720972096,0.0,0.0077260755048287,0.8835497835497834
2021-06-15 20:45:00+00:00,0.21504650465046496,0.0,0.00763827919227385,0.872077922077922
2021-06-15 21:00:00+00:00,0.2203720372037203,0.0,0.007550482879719,0.8606060606060606
2021-06-15 21:15:00+00:00,0.22363486348634856,0.0,0.00741878841088665,0.8432900432900433
2021-06-15 21:30:00+00:00,0.2268976897689768,0.0,0.0072870939420543,0.825974025974026
2021-06-15 21:45:00+00:00,0.23016051605160512,0.0,0.00715539947322205,0.8086580086580086
2021-06-15 22:00:00+00:00,0.2334233423342334,0.0,0.0070237050043898,0.7913419913419913
2021-06-15 22:15:00+00:00,0.2314075157515751,0.0,0.00684811237928005,0.7870129870129869
2021-06-15 22:30:00+00:00,0.2293916891689168,0.0,0.0066725197541703,0.7826839826839826
2021-06-15 22:45:00+00:00,0.22737586258625855,0.0,0.00649692712906055,0.7783549783549784
2021-06-15 23:00:00+00:00,0.2253600360036003,0.0,0.0063213345039508,0.7740259740259741
2021-06-15 23:15:00+00:00,0.212083708370837,0.0,0.005882352941176399,0.774891774891775
2021-06-15 23:30:00+00:00,0.1988073807380737,0.0,0.005443371378402,0.7757575757575758
2021-06-15 23:45:00+00:00,0.18553105310531043,0.0,0.00500438981562765,0.7766233766233765
2021-06-16 00:00:00+00:00,0.1722547254725472,0.0,0.0045654082528533,0.7774891774891775
2021-06-16 00:15:00+00:00,0.16490399039903986,0.0,0.00438981562774355,0.7757575757575758
2021-06-16 00:30:00+00:00,0.1575532553255325,0.0,0.0042142230026338,0.7740259740259741
2021-06-16 00:45:00+00:00,0.15020252025202513,0.0,0.00403863037752405,0.7722943722943723
2021-06-16 01:00:00+00:00,0.1428517851785178,0.0,0.0038630377524143,0.7705627705627706
2021-06-16 01:15:00+00:00,0.1360917341734173,0.0,0.0038410886742756,0.7714285714285714
2021-06-16 01:30:00+00:00,0.1293316831683168,0.0,0.0038191395961369,0.7722943722943723
2021-06-16 01:45:00+00:00,0.1225716321632163,0.0,0.0037971905179981997,0.7731601731601732
2021-06-16 02:00:00+00:00,0.1158115811581158,0.0,0.0037752414398595,0.7740259740259741
2021-06-16 02:15:00+00:00,0.11059855985598555,0.0,0.0037971905179981997,0.7770562770562771
2021-06-16 02:30:00+00:00,0.1053855385538553,0.0,0.0038191395961369,0.7800865800865802
2021-06-16 02:45:00+00:00,0.1001725172517251,0.0,0.0038410886742756,0.7831168831168831
2021-06-16 03:00:00+00:00,0.0949594959495949,0.0,0.0038630377524143,0.7861471861471861
2021-06-16 03:15:00+00:00,0.0901308880888088,0.0,0.0057726075504828,0.7902597402597402
2021-06-16 03:30:00+00:00,0.0853022802280227,0.0,0.0076821773485513,0.7943722943722944
2021-06-16 03:45:00+00:00,0.08047367236723665,0.0,0.0095917471466198,0.7984848484848486
2021-06-16 04:00:00+00:00,0.0756450645064506,0.0,0.0115013169446883,0.8025974025974026
2021-06-16 04:15:00+00:00,0.074576207620762,0.0,0.01920544337137835,0.8227272727272728
2021-06-16 04:30:00+00:00,0.0735073507350734,0.0,0.0269095697980684,0.8428571428571429
2021-06-16 04:45:00+00:00,0.07243849384938486,0.0,0.0346136962247585,0.862987012987013
2021-06-16 05:00:00+00:00,0.0713696369636963,0.0,0.0423178226514486,0.8831168831168831
2021-06-16 05:15:00+00:00,0.06987886288628856,0.0,0.071334503950834,0.8965367965367965
2021-06-16 05:30:00+00:00,0.0683880888088808,0.0,0.1003511852502194,0.90995670995671
2021-06-16 05:45:00+00:00,0.06689731473147309,0.0,0.12936786654960486,0.9233766233766234
2021-06-16 06:00:00+00:00,0.0654065406540654,0.0,0.1583845478489903,0.9367965367965368
2021-06-16 06:15:00+00:00,0.0655659315931593,0.0,0.1942712906057945,0.9253246753246754
2021-06-16 06:30:00+00:00,0.0657253225322532,0.0,0.2301580333625987,0.913852813852814
2021-06-16 06:45:00+00:00,0.06588471347134711,0.0,0.2660447761194029,0.9023809523809525
2021-06-16 07:00:00+00:00,0.066044104410441,0.0,0.3019315188762071,0.8909090909090909
2021-06-16 07:15:00+00:00,0.07071332133213315,0.0,0.32842405618964,0.8846320346320347
2021-06-16 07:30:00+00:00,0.0753825382538253,0.0,0.3549165935030728,0.8783549783549783
2021-06-16 07:45:00+00:00,0.0800517551755175,0.0,0.3814091308165057,0.872077922077922
2021-06-16 08:00:00+00:00,0.0847209720972097,0.0,0.4079016681299385,0.8658008658008658
2021-06-16 08:15:00+00:00,0.0904871737173717,0.0,0.43977172958735733,0.8595238095238096
2021-06-16 08:30:00+00:00,0.0962533753375337,0.0,0.4716417910447761,0.8532467532467533
2021-06-16 08:45:00+00:00,0.1020195769576957,0.0,0.5035118525021949,0.8469696969696969
2021-06-16 09:00:00+00:00,0.1077857785778577,0.0,0.5353819139596137,0.8406926406926407
2021-06-16 09:15:00+00:00,0.1158584608460845,0.0,0.5546751536435469,0.8378787878787879
2021-06-16 09:30:00+00:00,0.1239311431143113,0.0,0.5739683933274802,0.8350649350649351
2021-06-16 09:45:00+00:00,0.13200382538253813,0.0,0.5932616330114135,0.8322510822510822
2021-06-16 10:00:00+00:00,0.140076507650765,0.0,0.6125548726953468,0.8294372294372294
2021-06-16 10:15:00+00:00,0.14434255925592548,0.0,0.6366549604916594,0.822943722943723
2021-06-16 10:30:00+00:00,0.148608610861086,0.0,0.6607550482879719,0.8164502164502164
2021-06-16 10:45:00+00:00,0.15287466246624654,0.0,0.6848551360842845,0.80995670995671
2021-06-16 11:00:00+00:00,0.1571407140714071,0.0,0.7089552238805971,0.8034632034632034
2021-06-16 11:15:00+00:00,0.15739386438643854,0.0,0.7172300263388938,0.8038961038961039
2021-06-16 11:30:00+00:00,0.15764701470147,0.0,0.7255048287971906,0.8043290043290043
2021-06-16 11:45:00+00:00,0.15790016501650156,0.0,0.7337796312554873,0.8047619047619048
2021-06-16 12:00:00+00:00,0.1581533153315331,0.0,0.742054433713784,0.8051948051948052
2021-06-16 12:15:00+00:00,0.1611723672367236,0.0,0.7387620719929763,0.8043290043290043
2021-06-16 12:30:00+00:00,0.1641914191419141,0.0,0.7354697102721686,0.8034632034632034
2021-06-16 12:45:00+00:00,0.16721047104710465,0.0,0.7321773485513609,0.8025974025974025
2021-06-16 13:00:00+00:00,0.1702295229522952,0.0,0.7288849868305531,0.8017316017316017
2021-06-16 13:15:00+00:00,0.17849909990999097,0.0,0.7255926251097454,0.800865800865801
2021-06-16 13:30:00+00:00,0.1867686768676867,0.0,0.7223002633889377,0.8
2021-06-16 13:45:00+00:00,0.19503825382538248,0.0,0.7190079016681299,0.7991341991341991
2021-06-16 14:00:00+00:00,0.2033078307830783,0.0,0.7157155399473222,0.7982683982683982
2021-06-16 14:15:00+00:00,0.20813643864386433,0.0,0.6976514486391572,0.8041125541125541
2021-06-16 14:30:00+00:00,0.2129650465046504,0.0,0.6795873573309921,0.80995670995671
2021-06-16 14:45:00+00:00,0.21779365436543652,0.0,0.661523266022827,0.8158008658008657
2021-06-16 15:00:00+00:00,0.2226222622262226,0.0,0.643459174714662,0.8216450216450216
2021-06-16 15:15:00+00:00,0.22623199819981996,0.0,0.6254170324846355,0.8238095238095238
2021-06-16 15:30:00+00:00,0.2298417341734173,0.0,0.6073748902546092,0.825974025974026
2021-06-16 15:45:00+00:00,0.23345147014701464,0.0,0.5893327480245829,0.8281385281385282
2021-06-16 16:00:00+00:00,0.237061206120612,0.0,0.5712906057945566,0.8303030303030303
2021-06-16 16:15:00+00:00,0.2402677767776777,0.0,0.5348990342405618,0.8391774891774892
2021-06-16 16:30:00+00:00,0.2434743474347434,0.0,0.4985074626865671,0.8480519480519481
2021-06-16 16:45:00+00:00,0.24668091809180914,0.0,0.4621158911325724,0.8569264069264069
2021-06-16 17:00:00+00:00,0.2498874887488749,0.0,0.4257243195785777,0.8658008658008658
2021-06-16 17:15:00+00:00,0.2539191419141914,0.0,0.3755267778753292,0.8833333333333333
2021-06-16 17:30:00+00:00,0.2579507950795079,0.0,0.3253292361720807,0.9008658008658008
2021-06-16 17:45:00+00:00,0.2619824482448244,0.0,0.27513169446883223,0.9183982683982683
2021-06-16 18:00:00+00:00,0.266014101410141,0.0,0.2249341527655838,0.935930735930736
2021-06-16 18:15:00+00:00,0.2656578157815781,0.0,0.18906935908691824,0.9253246753246753
2021-06-16 18:30:00+00:00,0.2653015301530153,0.0,0.1532045654082527,0.9147186147186148
2021-06-16 18:45:00+00:00,0.2649452445244524,0.0,0.11733977172958725,0.9041125541125541
2021-06-16 19:00:00+00:00,0.2645889588958895,0.0,0.0814749780509218,0.8935064935064935
2021-06-16 19:15:00+00:00,0.25626312631263115,0.0,0.0715100965759437,0.8915584415584414
2021-06-16 19:30:00+00:00,0.2479372937293728,0.0,0.0615452151009656,0.8896103896103895
2021-06-16 19:45:00+00:00,0.23961146114611448,0.0,0.0515803336259876,0.8876623376623376
2021-06-16 20:00:00+00:00,0.2312856285628562,0.0,0.0416154521510096,0.8857142857142857
2021-06-16 20:15:00+00:00,0.2231848184818481,0.0,0.03974978050921855,0.8803030303030303
2021-06-16 20:30:00+00:00,0.21508400840084,0.0,0.0378841088674275,0.8748917748917748
2021-06-16 20:45:00+00:00,0.2069831983198319,0.0,0.03601843722563645,0.8694805194805195
2021-06-16 21:00:00+00:00,0.1988823882388238,0.0,0.0341527655838454,0.8640692640692641
2021-06-16 21:15:00+00:00,0.20061693669366928,0.0,0.03312115891132565,0.861038961038961
2021-06-16 21:30:00+00:00,0.2023514851485148,0.0,0.0320895522388059,0.858008658008658
2021-06-16 21:45:00+00:00,0.2040860336033603,0.0,0.03105794556628615,0.854978354978355
2021-06-16 22:00:00+00:00,0.2058205820582058,0.0,0.0300263388937664,0.8519480519480519
2021-06-16 22:15:00+00:00,0.1965571557155715,0.0,0.02987269534679535,0.8497835497835498
2021-06-16 22:30:00+00:00,0.1872937293729372,0.0,0.0297190517998243,0.8476190476190476
2021-06-16 22:45:00+00:00,0.17803030303030296,0.0,0.029565408252853302,0.8454545454545455
2021-06-16 23:00:00+00:00,0.1687668766876687,0.0,0.0294117647058823,0.8432900432900433
2021-06-16 23:15:00+00:00,0.16109735973597356,0.0,0.028972783143107902,0.8396103896103897
2021-06-16 23:30:00+00:00,0.1534278427842784,0.0,0.0285338015803335,0.835930735930736
2021-06-16 23:45:00+00:00,0.14575832583258325,0.0,0.0280948200175592,0.8322510822510824
2021-06-17 00:00:00+00:00,0.1380888088808881,0.0,0.0276558384547849,0.8285714285714286
2021-06-17 00:15:00+00:00,0.13132875787578754,0.0,0.02508779631255485,0.8307359307359308
2021-06-17 00:30:00+00:00,0.124568706870687,0.0,0.0225197541703248,0.8329004329004329
2021-06-17 00:45:00+00:00,0.1178086558655865,0.0,0.01995171202809475,0.8350649350649351
2021-06-17 01:00:00+00:00,0.111048604860486,0.0,0.0173836698858647,0.8372294372294372
2021-06-17 01:15:00+00:00,0.1101203870387038,0.0,0.016022827041264148,0.8378787878787879
2021-06-17 01:30:00+00:00,0.1091921692169216,0.0,0.0146619841966636,0.8385281385281385
2021-06-17 01:45:00+00:00,0.10826395139513945,0.0,0.0133011413520631,0.8391774891774891
2021-06-17 02:00:00+00:00,0.1073357335733573,0.0,0.0119402985074626,0.8398268398268398
2021-06-17 02:15:00+00:00,0.10817956795679565,0.0,0.0106233538191395,0.84004329004329
2021-06-17 02:30:00+00:00,0.109023402340234,0.0,0.0093064091308164,0.8402597402597403
2021-06-17 02:45:00+00:00,0.10986723672367235,0.0,0.00798946444249335,0.8404761904761905
2021-06-17 03:00:00+00:00,0.1107110711071107,0.0,0.0066725197541703,0.8406926406926407
2021-06-17 03:15:00+00:00,0.11175180018001796,0.0,0.007528533801580301,0.8469696969696969
2021-06-17 03:30:00+00:00,0.1127925292529252,0.0,0.0083845478489903,0.8532467532467533
2021-06-17 03:45:00+00:00,0.11383325832583249,0.0,0.0092405618964003,0.8595238095238096
2021-06-17 04:00:00+00:00,0.1148739873987398,0.0,0.0100965759438103,0.8658008658008658
2021-06-17 04:15:00+00:00,0.1189337683768376,0.0,0.01400351185250215,0.8664502164502165
2021-06-17 04:30:00+00:00,0.1229935493549354,0.0,0.017910447761194,0.8670995670995671
2021-06-17 04:45:00+00:00,0.12705333033303323,0.0,0.02181738366988585,0.8677489177489177
2021-06-17 05:00:00+00:00,0.1311131113111311,0.0,0.0257243195785777,0.8683982683982684
2021-06-17 05:15:00+00:00,0.12468121812181215,0.0,0.0400131694468832,0.8744588744588744
2021-06-17 05:30:00+00:00,0.1182493249324932,0.0,0.0543020193151887,0.8805194805194805
2021-06-17 05:45:00+00:00,0.11181743174317425,0.0,0.06859086918349425,0.8865800865800866
2021-06-17 06:00:00+00:00,0.1053855385538553,0.0,0.0828797190517998,0.8926406926406927
2021-06-17 06:15:00+00:00,0.099084908490849,0.0,0.1051141352063213,0.8913419913419913
2021-06-17 06:30:00+00:00,0.0927842784278427,0.0,0.1273485513608428,0.8900432900432901
2021-06-17 06:45:00+00:00,0.08648364836483641,0.0,0.14958296751536432,0.8887445887445888
2021-06-17 07:00:00+00:00,0.0801830183018301,0.0,0.1718173836698858,0.8874458874458875
2021-06-17 07:15:00+00:00,0.08121437143714365,0.0,0.20776997366110617,0.8883116883116884
2021-06-17 07:30:00+00:00,0.0822457245724572,0.0,0.2437225636523265,0.8891774891774892
2021-06-17 07:45:00+00:00,0.08327707770777075,0.0,0.2796751536435469,0.89004329004329
2021-06-17 08:00:00+00:00,0.0843084308430843,0.0,0.3156277436347673,0.8909090909090909
2021-06-17 08:15:00+00:00,0.08793691869186915,0.0,0.3388937664618086,0.8893939393939394
2021-06-17 08:30:00+00:00,0.091565406540654,0.0,0.3621597892888498,0.8878787878787879
2021-06-17 08:45:00+00:00,0.0951938943894389,0.0,0.3854258121158911,0.8863636363636365
2021-06-17 09:00:00+00:00,0.0988223822382238,0.0,0.4086918349429324,0.8848484848484849
2021-06-17 09:15:00+00:00,0.10429792979297925,0.0,0.4191176470588235,0.8837662337662338
2021-06-17 09:30:00+00:00,0.1097734773477347,0.0,0.4295434591747146,0.8826839826839827
2021-06-17 09:45:00+00:00,0.1152490249024902,0.0,0.43996927129060576,0.8816017316017316
2021-06-17 10:00:00+00:00,0.1207245724572457,0.0,0.4503950834064969,0.8805194805194805
2021-06-17 10:15:00+00:00,0.12832845784578456,0.0,0.4523705004389815,0.8865800865800866
2021-06-17 10:30:00+00:00,0.1359323432343234,0.0,0.4543459174714661,0.8926406926406927
2021-06-17 10:45:00+00:00,0.14353622862286225,0.0,0.45632133450395074,0.8987012987012988
2021-06-17 11:00:00+00:00,0.1511401140114011,0.0,0.4582967515364354,0.9047619047619048
2021-06-17 11:15:00+00:00,0.1620068256825682,0.0,0.4604038630377524,0.9002164502164502
2021-06-17 11:30:00+00:00,0.1728735373537353,0.0,0.4625109745390693,0.8956709956709956
2021-06-17 11:45:00+00:00,0.18374024902490244,0.0,0.4646180860403863,0.8911255411255411
2021-06-17 12:00:00+00:00,0.1946069606960696,0.0,0.4667251975417033,0.8865800865800866
2021-06-17 12:15:00+00:00,0.20472359735973594,0.0,0.46639596136962247,0.8861471861471861
2021-06-17 12:30:00+00:00,0.2148402340234023,0.0,0.4660667251975416,0.8857142857142857
2021-06-17 12:45:00+00:00,0.22495687068706866,0.0,0.46573748902546086,0.8852813852813852
2021-06-17 13:00:00+00:00,0.235073507350735,0.0,0.4654082528533801,0.8848484848484849
2021-06-17 13:15:00+00:00,0.2317262976297629,0.0,0.4604916593503072,0.8911255411255412
2021-06-17 13:30:00+00:00,0.2283790879087908,0.0,0.4555750658472344,0.8974025974025974
2021-06-17 13:45:00+00:00,0.2250318781878187,0.0,0.45065847234416156,0.9036796536796536
2021-06-17 14:00:00+00:00,0.2216846684668466,0.0,0.4457418788410887,0.90995670995671
2021-06-17 14:15:00+00:00,0.22021264626462633,0.0,0.4499122036874451,0.9145021645021646
2021-06-17 14:30:00+00:00,0.2187406240624061,0.0,0.4540825285338015,0.9190476190476192
2021-06-17 14:45:00+00:00,0.21726860186018596,0.0,0.458252853380158,0.9235930735930737
2021-06-17 15:00:00+00:00,0.2157965796579658,0.0,0.4624231782265144,0.9281385281385282
2021-06-17 15:15:00+00:00,0.2142401740174017,0.0,0.45002194907813864,0.9339826839826841
2021-06-17 15:30:00+00:00,0.2126837683768376,0.0,0.4376207199297629,0.93982683982684
2021-06-17 15:45:00+00:00,0.21112736273627355,0.0,0.42521949078138715,0.9456709956709959
2021-06-17 16:00:00+00:00,0.2095709570957095,0.0,0.4128182616330114,0.9515151515151516
2021-06-17 16:15:00+00:00,0.20404852985298522,0.0,0.38112379280070235,0.9616883116883118
2021-06-17 16:30:00+00:00,0.1985261026102609,0.0,0.3494293239683933,0.971861471861472
2021-06-17 16:45:00+00:00,0.19300367536753665,0.0,0.31773485513608424,0.982034632034632
2021-06-17 17:00:00+00:00,0.1874812481248124,0.0,0.2860403863037752,0.9922077922077922
2021-06-17 17:15:00+00:00,0.18103060306030597,0.0,0.24607111501316942,0.9941558441558442
2021-06-17 17:30:00+00:00,0.1745799579957995,0.0,0.2061018437225636,0.9961038961038962
2021-06-17 17:45:00+00:00,0.16812931293129307,0.0,0.16613257243195778,0.9980519480519481
2021-06-17 18:00:00+00:00,0.1616786678667866,0.0,0.126163301141352,1.0
2021-06-17 18:15:00+00:00,0.15691569156915686,0.0,0.10250219490781379,1.0
2021-06-17 18:30:00+00:00,0.1521527152715271,0.0,0.0788410886742756,1.0
2021-06-17 18:45:00+00:00,0.14738973897389734,0.0,0.05517998244073745,1.0
2021-06-17 19:00:00+00:00,0.1426267626762676,0.0,0.0315188762071993,1.0
2021-06-17 19:15:00+00:00,0.1420735823582358,0.0,0.026273046532045652,1.0
2021-06-17 19:30:00+00:00,0.141520402040204,0.0,0.021027216856892,1.0
2021-06-17 19:45:00+00:00,0.1409672217221722,0.0,0.01578138718173835,1.0
2021-06-17 20:00:00+00:00,0.1404140414041404,0.0,0.0105355575065847,1.0
2021-06-17 20:15:00+00:00,0.14000150015001495,0.0,0.009547848990342351,1.0
2021-06-17 20:30:00+00:00,0.1395889588958895,0.0,0.0085601404741,1.0
2021-06-17 20:45:00+00:00,0.13917641764176408,0.0,0.0075724319578577,1.0
2021-06-17 21:00:00+00:00,0.1387638763876387,0.0,0.0065847234416154,1.0
2021-06-17 21:15:00+00:00,0.1378356585658565,0.0,0.0059701492537313,1.0
2021-06-17 21:30:00+00:00,0.1369074407440743,0.0,0.0053555750658472,1.0
2021-06-17 21:45:00+00:00,0.13597922292229214,0.0,0.0047410008779631,1.0
2021-06-17 22:00:00+00:00,0.13505100510051,0.0,0.004126426690079,1.0
2021-06-17 22:15:00+00:00,0.13498537353735363,0.0,0.00386303775241435,1.0
2021-06-17 22:30:00+00:00,0.1349197419741973,0.0,0.0035996488147497,1.0
2021-06-17 22:45:00+00:00,0.134854110411041,0.0,0.0033362598770851,1.0
2021-06-17 23:00:00+00:00,0.1347884788478847,0.0,0.0030728709394205,1.0
2021-06-17 23:15:00+00:00,0.13618549354935483,0.0,0.0026338893766460997,1.0
2021-06-17 23:30:00+00:00,0.137582508250825,0.0,0.0021949078138717,1.0
2021-06-17 23:45:00+00:00,0.13897952295229515,0.0,0.00175592625109735,1.0
2021-06-18 00:00:00+00:00,0.1403765376537653,0.0,0.001316944688323,1.0
2021-06-18 00:15:00+00:00,0.13884825982598248,0.0,0.0012949956101843,1.0
2021-06-18 00:30:00+00:00,0.1373199819981997,0.0,0.0012730465320456,1.0
2021-06-18 00:45:00+00:00,0.13579170417041694,0.0,0.0012510974539069,1.0
2021-06-18 01:00:00+00:00,0.1342634263426342,0.0,0.0012291483757682,1.0
2021-06-18 01:15:00+00:00,0.1321350885088508,0.0,0.0012071992976294501,1.0
2021-06-18 01:30:00+00:00,0.1300067506750674,0.0,0.0011852502194907,1.0
2021-06-18 01:45:00+00:00,0.12787841284128404,0.0,0.001163301141352,1.0
2021-06-18 02:00:00+00:00,0.1257500750075007,0.0,0.0011413520632133,1.0
2021-06-18 02:15:00+00:00,0.1241092859285928,0.0,0.0011852502194907,1.0
2021-06-18 02:30:00+00:00,0.1224684968496849,0.0,0.0012291483757681,1.0
2021-06-18 02:45:00+00:00,0.120827707770777,0.0,0.0012730465320455499,1.0
2021-06-18 03:00:00+00:00,0.1191869186918691,0.0,0.001316944688323,1.0
2021-06-18 03:15:00+00:00,0.1199744974497449,0.0,0.0036435469710271,1.0
2021-06-18 03:30:00+00:00,0.1207620762076207,0.0,0.0059701492537312,1.0
2021-06-18 03:45:00+00:00,0.1215496549654965,0.0,0.008296751536435349,1.0
2021-06-18 04:00:00+00:00,0.1223372337233723,0.0,0.0106233538191395,1.0
2021-06-18 04:15:00+00:00,0.1228435343534353,0.0,0.01988586479367855,1.0
2021-06-18 04:30:00+00:00,0.1233498349834983,0.0,0.0291483757682176,1.0
2021-06-18 04:45:00+00:00,0.12385613561356129,0.0,0.0384108867427567,1.0
2021-06-18 05:00:00+00:00,0.1243624362436243,0.0,0.0476733977172958,1.0
2021-06-18 05:15:00+00:00,0.1239967746774677,0.0,0.0745829675153643,1.0
2021-06-18 05:30:00+00:00,0.1236311131113111,0.0,0.1014925373134328,1.0
2021-06-18 05:45:00+00:00,0.1232654515451545,0.0,0.1284021071115013,1.0
2021-06-18 06:00:00+00:00,0.1228997899789979,0.0,0.1553116769095698,1.0
2021-06-18 06:15:00+00:00,0.12214033903390335,0.0,0.1821992976294995,1.0
2021-06-18 06:30:00+00:00,0.1213808880888088,0.0,0.2090869183494292,1.0
2021-06-18 06:45:00+00:00,0.1206214371437143,0.0,0.235974539069359,1.0
2021-06-18 07:00:00+00:00,0.1198619861986198,0.0,0.2628621597892888,1.0
2021-06-18 07:15:00+00:00,0.1224872487248724,0.0,0.28906935908691833,1.0
2021-06-18 07:30:00+00:00,0.125112511251125,0.0,0.3152765583845478,1.0
2021-06-18 07:45:00+00:00,0.12773777377737766,0.0,0.3414837576821773,1.0
2021-06-18 08:00:00+00:00,0.1303630363036303,0.0,0.3676909569798068,1.0
2021-06-18 08:15:00+00:00,0.13389776477647755,0.0,0.3958296751536435,1.0
2021-06-18 08:30:00+00:00,0.1374324932493248,0.0,0.4239683933274802,1.0
2021-06-18 08:45:00+00:00,0.14096722172217213,0.0,0.4521071115013169,1.0
2021-06-18 09:00:00+00:00,0.1445019501950195,0.0,0.4802458296751536,1.0
2021-06-18 09:15:00+00:00,0.15057755775577553,0.0,0.4947541703248463,1.0
2021-06-18 09:30:00+00:00,0.1566531653165316,0.0,0.509262510974539,1.0
2021-06-18 09:45:00+00:00,0.1627287728772877,0.0,0.5237708516242318,1.0
2021-06-18 10:00:00+00:00,0.1688043804380438,0.0,0.5382791922739245,1.0
2021-06-18 10:15:00+00:00,0.1726766426642664,0.0,0.5496488147497806,1.0
2021-06-18 10:30:00+00:00,0.176548904890489,0.0,0.5610184372256366,1.0
2021-06-18 10:45:00+00:00,0.18042116711671163,0.0,0.5723880597014925,1.0
2021-06-18 11:00:00+00:00,0.1842934293429343,0.0,0.5837576821773486,1.0
2021-06-18 11:15:00+00:00,0.19004087908790873,0.0,0.5787313432835821,1.0
2021-06-18 11:30:00+00:00,0.1957883288328832,0.0,0.5737050043898156,1.0
2021-06-18 11:45:00+00:00,0.2015357785778577,0.0,0.5686786654960492,1.0
2021-06-18 12:00:00+00:00,0.2072832283228322,0.0,0.5636523266022827,1.0
2021-06-18 12:15:00+00:00,0.21306818181818174,0.0,0.5525241439859525,1.0
2021-06-18 12:30:00+00:00,0.2188531353135313,0.0,0.5413959613696224,1.0
2021-06-18 12:45:00+00:00,0.22463808880888086,0.0,0.5302677787532923,1.0
2021-06-18 13:00:00+00:00,0.2304230423042304,0.0,0.5191395961369623,1.0
2021-06-18 13:15:00+00:00,0.23833633363336332,0.0,0.5187225636523266,1.0
2021-06-18 13:30:00+00:00,0.2462496249624962,0.0,0.518305531167691,1.0
2021-06-18 13:45:00+00:00,0.2541629162916291,0.0,0.5178884986830553,1.0
2021-06-18 14:00:00+00:00,0.262076207620762,0.0,0.5174714661984197,1.0
2021-06-18 14:15:00+00:00,0.2686299879987998,0.0,0.4990342405618964,1.0
2021-06-18 14:30:00+00:00,0.2751837683768376,0.0,0.4805970149253731,1.0
2021-06-18 14:45:00+00:00,0.28173754875487544,0.0,0.4621597892888498,1.0
2021-06-18 15:00:00+00:00,0.2882913291329133,0.0,0.4437225636523266,1.0
2021-06-18 15:15:00+00:00,0.29032590759075905,0.0,0.4245610184372256,1.0
2021-06-18 15:30:00+00:00,0.2923604860486049,0.0,0.4053994732221246,1.0
2021-06-18 15:45:00+00:00,0.29439506450645064,0.0,0.3862379280070236,1.0
2021-06-18 16:00:00+00:00,0.2964296429642964,0.0,0.3670763827919227,1.0
2021-06-18 16:15:00+00:00,0.2944700720072007,0.0,0.3498024582967515,1.0
2021-06-18 16:30:00+00:00,0.292510501050105,0.0,0.3325285338015803,1.0
2021-06-18 16:45:00+00:00,0.2905509300930093,0.0,0.31525460930640914,1.0
2021-06-18 17:00:00+00:00,0.2885913591359136,0.0,0.2979806848112379,1.0
2021-06-18 17:15:00+00:00,0.2887788778877888,0.0,0.2598331870061457,1.0
2021-06-18 17:30:00+00:00,0.2889663966396639,0.0,0.2216856892010535,1.0
2021-06-18 17:45:00+00:00,0.2891539153915391,0.0,0.18353819139596128,1.0
2021-06-18 18:00:00+00:00,0.2893414341434143,0.0,0.1453906935908691,1.0
2021-06-18 18:15:00+00:00,0.27967484248424834,0.0,0.1210052677787532,1.0
2021-06-18 18:30:00+00:00,0.2700082508250824,0.0,0.0966198419666373,1.0
2021-06-18 18:45:00+00:00,0.2603416591659165,0.0,0.07223441615452145,1.0
2021-06-18 19:00:00+00:00,0.2506750675067506,0.0,0.0478489903424056,1.0
2021-06-18 19:15:00+00:00,0.2420679567956795,0.0,0.0401448639157155,1.0
2021-06-18 19:30:00+00:00,0.2334608460846084,0.0,0.0324407374890254,1.0
2021-06-18 19:45:00+00:00,0.2248537353735373,0.0,0.02473661106233535,1.0
2021-06-18 20:00:00+00:00,0.2162466246624662,0.0,0.0170324846356453,1.0
2021-06-18 20:15:00+00:00,0.2089708970897089,0.0,0.016066725197541702,1.0
2021-06-18 20:30:00+00:00,0.2016951695169516,0.0,0.0151009657594381,1.0
2021-06-18 20:45:00+00:00,0.19441944194419436,0.0,0.0141352063213345,1.0
2021-06-18 21:00:00+00:00,0.1871437143714371,0.0,0.0131694468832309,1.0
2021-06-18 21:15:00+00:00,0.17658640864086406,0.0,0.01264266900790165,1.0
2021-06-18 21:30:00+00:00,0.166029102910291,0.0,0.0121158911325724,1.0
2021-06-18 21:45:00+00:00,0.15547179717971793,0.0,0.011589113257243149,1.0
2021-06-18 22:00:00+00:00,0.1449144914491449,0.0,0.0110623353819139,1.0
2021-06-18 22:15:00+00:00,0.1362042454245424,0.0,0.01101843722563645,1.0
2021-06-18 22:30:00+00:00,0.1274939993999399,0.0,0.010974539069359,1.0
2021-06-18 22:45:00+00:00,0.11878375337533745,0.0,0.0109306409130816,1.0
2021-06-18 23:00:00+00:00,0.110073507350735,0.0,0.0108867427568042,1.0
2021-06-18 23:15:00+00:00,0.10551680168016794,0.0,0.0104258121158911,1.0
2021-06-18 23:30:00+00:00,0.1009600960096009,0.0,0.009964881474978,1.0
2021-06-18 23:45:00+00:00,0.09640339033903385,0.0,0.0095039508340649,1.0
2021-06-19 00:00:00+00:00,0.0918466846684668,0.0,0.0090430201931518,1.0
2021-06-19 00:15:00+00:00,0.08904327932793274,0.0,0.0079675153643546,1.0
2021-06-19 00:30:00+00:00,0.0862398739873987,0.0,0.0068920105355574,1.0
2021-06-19 00:45:00+00:00,0.08343646864686466,0.0,0.005816505706760251,1.0
2021-06-19 01:00:00+00:00,0.0806330633063306,0.0,0.0047410008779631,1.0
2021-06-19 01:15:00+00:00,0.0796579657965796,0.0,0.00434591747146615,1.0
2021-06-19 01:30:00+00:00,0.0786828682868286,0.0,0.0039508340649692,1.0
2021-06-19 01:45:00+00:00,0.07770777077707765,0.0,0.0035557506584723,1.0
2021-06-19 02:00:00+00:00,0.0767326732673267,0.0,0.0031606672519754,1.0
2021-06-19 02:15:00+00:00,0.0785797329732973,0.0,0.0028314310798946,1.0
2021-06-19 02:30:00+00:00,0.0804267926792679,0.0,0.0025021949078138,1.0
2021-06-19 02:45:00+00:00,0.0822738523852385,0.0,0.00217295873573305,1.0
2021-06-19 03:00:00+00:00,0.0841209120912091,0.0,0.0018437225636523,1.0
2021-06-19 03:15:00+00:00,0.08378337833783375,0.0,0.0038191395961369,1.0
2021-06-19 03:30:00+00:00,0.0834458445844584,0.0,0.0057945566286215,1.0
2021-06-19 03:45:00+00:00,0.08310831083108305,0.0,0.00776997366110615,1.0
2021-06-19 04:00:00+00:00,0.0827707770777077,0.0,0.0097453906935908,1.0
2021-06-19 04:15:00+00:00,0.0821238373837383,0.0,0.014025460930640849,1.0
2021-06-19 04:30:00+00:00,0.0814768976897689,0.0,0.0183055311676909,1.0
2021-06-19 04:45:00+00:00,0.0808299579957995,0.0,0.02258560140474095,1.0
2021-06-19 05:00:00+00:00,0.0801830183018301,0.0,0.026865671641791,1.0
2021-06-19 05:15:00+00:00,0.0784484698469846,0.0,0.0483977172958735,1.0
2021-06-19 05:30:00+00:00,0.0767139213921391,0.0,0.069929762949956,1.0
2021-06-19 05:45:00+00:00,0.07497937293729365,0.0,0.09146180860403855,1.0
2021-06-19 06:00:00+00:00,0.0732448244824482,0.0,0.1129938542581211,1.0
2021-06-19 06:15:00+00:00,0.0714915241524152,0.0,0.14227392449517115,1.0
2021-06-19 06:30:00+00:00,0.0697382238223822,0.0,0.1715539947322212,1.0
2021-06-19 06:45:00+00:00,0.0679849234923492,0.0,0.20083406496927125,1.0
2021-06-19 07:00:00+00:00,0.0662316231623162,0.0,0.2301141352063213,1.0
2021-06-19 07:15:00+00:00,0.0665316531653165,0.0,0.2570017559262511,1.0
2021-06-19 07:30:00+00:00,0.0668316831683168,0.0,0.2838893766461808,1.0
2021-06-19 07:45:00+00:00,0.0671317131713171,0.0,0.3107769973661106,1.0
2021-06-19 08:00:00+00:00,0.0674317431743174,0.0,0.3376646180860403,1.0
2021-06-19 08:15:00+00:00,0.07071332133213315,0.0,0.3598770851624231,1.0
2021-06-19 08:30:00+00:00,0.0739948994899489,0.0,0.3820895522388059,1.0
2021-06-19 08:45:00+00:00,0.0772764776477647,0.0,0.4043020193151887,1.0
2021-06-19 09:00:00+00:00,0.0805580558055805,0.0,0.4265144863915716,1.0
2021-06-19 09:15:00+00:00,0.08280828082808275,0.0,0.44122036874451276,1.0
2021-06-19 09:30:00+00:00,0.085058505850585,0.0,0.4559262510974539,1.0
2021-06-19 09:45:00+00:00,0.08730873087308724,0.0,0.470632133450395,1.0
2021-06-19 10:00:00+00:00,0.0895589558955895,0.0,0.4853380158033362,1.0
2021-06-19 10:15:00+00:00,0.09418129312931285,0.0,0.49877085162423174,1.0
2021-06-19 10:30:00+00:00,0.0988036303630362,0.0,0.5122036874451272,1.0
2021-06-19 10:45:00+00:00,0.1034259675967596,0.0,0.5256365232660227,1.0
2021-06-19 11:00:00+00:00,0.108048304830483,0.0,0.5390693590869183,1.0
2021-06-19 11:15:00+00:00,0.11380513051305124,0.0,0.5427129060579456,1.0
2021-06-19 11:30:00+00:00,0.1195619561956195,0.0,0.5463564530289728,1.0
2021-06-19 11:45:00+00:00,0.12531878187818776,0.0,0.55,1.0
2021-06-19 12:00:00+00:00,0.131075607560756,0.0,0.5536435469710272,1.0
2021-06-19 12:15:00+00:00,0.1374887488748874,0.0,0.5508779631255487,1.0
2021-06-19 12:30:00+00:00,0.1439018901890188,0.0,0.5481123792800702,1.0
2021-06-19 12:45:00+00:00,0.15031503150315026,0.0,0.5453467954345916,1.0
2021-06-19 13:00:00+00:00,0.1567281728172817,0.0,0.5425812115891132,1.0
2021-06-19 13:15:00+00:00,0.16520402040204016,0.0,0.5422300263388937,0.9997835497835498
2021-06-19 13:30:00+00:00,0.1736798679867986,0.0,0.5418788410886742,0.9995670995670995
2021-06-19 13:45:00+00:00,0.1821557155715571,0.0,0.5415276558384547,0.9993506493506494
2021-06-19 14:00:00+00:00,0.1906315631563156,0.0,0.5411764705882353,0.9991341991341992
2021-06-19 14:15:00+00:00,0.1962852535253525,0.0,0.5328577699736611,0.9993506493506493
2021-06-19 14:30:00+00:00,0.2019389438943894,0.0,0.5245390693590869,0.9995670995670995
2021-06-19 14:45:00+00:00,0.2075926342634263,0.0,0.5162203687445127,0.9997835497835498
2021-06-19 15:00:00+00:00,0.2132463246324632,0.0,0.5079016681299385,1.0
2021-06-19 15:15:00+00:00,0.2189187668766876,0.0,0.4944029850746268,0.9974025974025974
2021-06-19 15:30:00+00:00,0.224591209120912,0.0,0.4809043020193151,0.9948051948051948
2021-06-19 15:45:00+00:00,0.23026365136513643,0.0,0.46740561896400346,0.9922077922077922
2021-06-19 16:00:00+00:00,0.2359360936093609,0.0,0.4539069359086918,0.9896103896103896
2021-06-19 16:15:00+00:00,0.23885201020102004,0.0,0.43358208955223876,0.9922077922077922
2021-06-19 16:30:00+00:00,0.2417679267926792,0.0,0.4132572431957857,0.9948051948051948
2021-06-19 16:45:00+00:00,0.2446838433843384,0.0,0.3929323968393327,0.9974025974025974
2021-06-19 17:00:00+00:00,0.2475997599759976,0.0,0.3726075504828797,1.0
2021-06-19 17:15:00+00:00,0.25279402940294027,0.0,0.3358867427568042,1.0
2021-06-19 17:30:00+00:00,0.2579882988298829,0.0,0.2991659350307287,1.0
2021-06-19 17:45:00+00:00,0.2631825682568256,0.0,0.2624451273046532,1.0
2021-06-19 18:00:00+00:00,0.2683768376837683,0.0,0.2257243195785777,1.0
2021-06-19 18:15:00+00:00,0.268311206120612,0.0,0.18755487269534676,1.0
2021-06-19 18:30:00+00:00,0.2682455745574557,0.0,0.1493854258121158,1.0
2021-06-19 18:45:00+00:00,0.26817994299429937,0.0,0.1112159789288849,1.0
2021-06-19 19:00:00+00:00,0.2681143114311431,0.0,0.073046532045654,1.0
2021-06-19 19:15:00+00:00,0.27071144614461445,0.0,0.0618086040386303,1.0
2021-06-19 19:30:00+00:00,0.2733085808580858,0.0,0.0505706760316066,1.0
2021-06-19 19:45:00+00:00,0.2759057155715572,0.0,0.0393327480245829,1.0
2021-06-19 20:00:00+00:00,0.2785028502850285,0.0,0.0280948200175592,1.0
2021-06-19 20:15:00+00:00,0.2778465346534653,0.0,0.02754609306409125,1.0
2021-06-19 20:30:00+00:00,0.2771902190219021,0.0,0.0269973661106233,1.0
2021-06-19 20:45:00+00:00,0.27653390339033895,0.0,0.02644863915715535,1.0
2021-06-19 21:00:00+00:00,0.2758775877587758,0.0,0.0258999122036874,1.0
2021-06-19 21:15:00+00:00,0.27708708370837076,0.0,0.0257901668129938,1.0
2021-06-19 21:30:00+00:00,0.2782965796579657,0.0,0.0256804214223002,1.0
2021-06-19 21:45:00+00:00,0.2795060756075607,0.0,0.0255706760316066,1.0
2021-06-19 22:00:00+00:00,0.2807155715571557,0.0,0.025460930640913,1.0
2021-06-19 22:15:00+00:00,0.2822344734473447,0.0,0.02418788410886735,0.9939393939393939
2021-06-19 22:30:00+00:00,0.2837533753375337,0.0,0.0229148375768217,0.9878787878787878
2021-06-19 22:45:00+00:00,0.28527227722772275,0.0,0.02164179104477605,0.9818181818181817
2021-06-19 23:00:00+00:00,0.2867911791179118,0.0,0.0203687445127304,0.9757575757575756
2021-06-19 23:15:00+00:00,0.2802936543654365,0.0,0.0190298507462686,0.9722943722943722
2021-06-19 23:30:00+00:00,0.2737961296129613,0.0,0.0176909569798068,0.9688311688311688
2021-06-19 23:45:00+00:00,0.26729860486048607,0.0,0.016352063213345,0.9653679653679654
2021-06-20 00:00:00+00:00,0.2608010801080108,0.0,0.0150131694468832,0.961904761904762
2021-06-20 00:15:00+00:00,0.26209495949594963,0.0,0.01439859525899905,0.9554112554112554
2021-06-20 00:30:00+00:00,0.2633888388838884,0.0,0.0137840210711149,0.9489177489177488
2021-06-20 00:45:00+00:00,0.2646827182718272,0.0,0.013169446883230799,0.9424242424242424
2021-06-20 01:00:00+00:00,0.265976597659766,0.0,0.0125548726953467,0.935930735930736
2021-06-20 01:15:00+00:00,0.2694550705070507,0.0,0.01082089552238795,0.9329004329004329
2021-06-20 01:30:00+00:00,0.2729335433543354,0.0,0.0090869183494292,0.92987012987013
2021-06-20 01:45:00+00:00,0.27641201620162015,0.0,0.0073529411764705,0.926839826839827
2021-06-20 02:00:00+00:00,0.2798904890489049,0.0,0.0056189640035118,0.923809523809524
2021-06-20 02:15:00+00:00,0.28504725472547254,0.0,0.00544337137840205,0.9270562770562771
2021-06-20 02:30:00+00:00,0.2902040204020402,0.0,0.0052677787532923,0.9303030303030304
2021-06-20 02:45:00+00:00,0.29536078607860783,0.0,0.00509218612818255,0.9335497835497836
2021-06-20 03:00:00+00:00,0.3005175517551755,0.0,0.0049165935030728,0.9367965367965368
2021-06-20 03:15:00+00:00,0.30380850585058505,0.0,0.006979806848112301,0.9415584415584417
2021-06-20 03:30:00+00:00,0.3070994599459946,0.0,0.0090430201931518,0.9463203463203465
2021-06-20 03:45:00+00:00,0.3103904140414041,0.0,0.01110623353819135,0.9510822510822512
2021-06-20 04:00:00+00:00,0.3136813681368137,0.0,0.0131694468832309,0.9558441558441558
2021-06-20 04:15:00+00:00,0.31365324032403236,0.0,0.019468832309042998,0.958008658008658
2021-06-20 04:30:00+00:00,0.3136251125112511,0.0,0.0257682177348551,0.96017316017316
2021-06-20 04:45:00+00:00,0.3135969846984698,0.0,0.0320676031606672,0.9623376623376623
2021-06-20 05:00:00+00:00,0.3135688568856886,0.0,0.0383669885864793,0.9645021645021644
2021-06-20 05:15:00+00:00,0.3171692169216922,0.0,0.0648156277436347,0.967099567099567
2021-06-20 05:30:00+00:00,0.3207695769576958,0.0,0.0912642669007901,0.9696969696969696
2021-06-20 05:45:00+00:00,0.3243699369936994,0.0,0.11771290605794552,0.9722943722943722
2021-06-20 06:00:00+00:00,0.327970297029703,0.0,0.1441615452151009,0.9748917748917748
2021-06-20 06:15:00+00:00,0.3317394239423942,0.0,0.17842405618963997,0.981168831168831
2021-06-20 06:30:00+00:00,0.3355085508550854,0.0,0.212686567164179,0.9874458874458872
2021-06-20 06:45:00+00:00,0.33927767776777673,0.0,0.2469490781387181,0.9937229437229436
2021-06-20 07:00:00+00:00,0.343046804680468,0.0,0.2812115891132572,1.0
2021-06-20 07:15:00+00:00,0.34996624662466236,0.0,0.31132572431957856,0.9978354978354977
2021-06-20 07:30:00+00:00,0.3568856885688568,0.0,0.3414398595258999,0.9956709956709956
2021-06-20 07:45:00+00:00,0.36380513051305124,0.0,0.37155399473222117,0.9935064935064934
2021-06-20 08:00:00+00:00,0.3707245724572457,0.0,0.4016681299385425,0.9913419913419912
2021-06-20 08:15:00+00:00,0.38204132913291333,0.0,0.4310579455662862,0.9854978354978354
2021-06-20 08:30:00+00:00,0.3933580858085809,0.0,0.4604477611940298,0.9796536796536796
2021-06-20 08:45:00+00:00,0.40467484248424845,0.0,0.4898375768217734,0.9738095238095238
2021-06-20 09:00:00+00:00,0.415991599159916,0.0,0.5192273924495171,0.967965367965368
2021-06-20 09:15:00+00:00,0.4258925892589259,0.0,0.5252194907813872,0.9677489177489178
2021-06-20 09:30:00+00:00,0.4357935793579358,0.0,0.5312115891132572,0.9675324675324676
2021-06-20 09:45:00+00:00,0.4456945694569457,0.0,0.5372036874451273,0.9673160173160175
2021-06-20 10:00:00+00:00,0.4555955595559556,0.0,0.5431957857769973,0.9670995670995672
2021-06-20 10:15:00+00:00,0.45869899489948995,0.0,0.5470807726075504,0.9636363636363637
2021-06-20 10:30:00+00:00,0.4618024302430243,0.0,0.5509657594381036,0.9601731601731602
2021-06-20 10:45:00+00:00,0.46490586558655866,0.0,0.5548507462686567,0.9567099567099567
2021-06-20 11:00:00+00:00,0.468009300930093,0.0,0.5587357330992099,0.9532467532467532
2021-06-20 11:15:00+00:00,0.46635913591359135,0.0,0.5544995610184373,0.9523809523809523
2021-06-20 11:30:00+00:00,0.4647089708970897,0.0,0.5502633889376647,0.9515151515151514
2021-06-20 11:45:00+00:00,0.46305880588058806,0.0,0.546027216856892,0.9506493506493505
2021-06-20 12:00:00+00:00,0.4614086408640864,0.0,0.5417910447761194,0.9497835497835496
2021-06-20 12:15:00+00:00,0.46442769276927687,0.0,0.5411984196663739,0.9448051948051945
2021-06-20 12:30:00+00:00,0.4674467446744674,0.0,0.5406057945566286,0.9398268398268396
2021-06-20 12:45:00+00:00,0.4704657965796579,0.0,0.5400131694468833,0.9348484848484847
2021-06-20 13:00:00+00:00,0.4734848484848485,0.0,0.5394205443371378,0.9298701298701298
2021-06-20 13:15:00+00:00,0.47136588658865886,0.0,0.5362818261633011,0.9329004329004329
2021-06-20 13:30:00+00:00,0.4692469246924692,0.0,0.5331431079894644,0.935930735930736
2021-06-20 13:45:00+00:00,0.4671279627962796,0.0,0.5300043898156277,0.938961038961039
2021-06-20 14:00:00+00:00,0.46500900090009,0.0,0.5268656716417911,0.941991341991342
2021-06-20 14:15:00+00:00,0.4648402340234023,0.0,0.5180421422300263,0.9380952380952382
2021-06-20 14:30:00+00:00,0.4646714671467146,0.0,0.5092186128182616,0.9341991341991344
2021-06-20 14:45:00+00:00,0.46450270027002694,0.0,0.500395083406497,0.9303030303030304
2021-06-20 15:00:00+00:00,0.4643339333933393,0.0,0.4915715539947322,0.9264069264069263
2021-06-20 15:15:00+00:00,0.4671748424842484,0.0,0.481540825285338,0.9311688311688311
2021-06-20 15:30:00+00:00,0.4700157515751575,0.0,0.4715100965759438,0.9359307359307358
2021-06-20 15:45:00+00:00,0.4728566606660666,0.0,0.4614793678665496,0.9406926406926406
2021-06-20 16:00:00+00:00,0.4756975697569757,0.0,0.4514486391571554,0.9454545454545454
2021-06-20 16:15:00+00:00,0.4737848784878488,0.0,0.4300263388937664,0.9515151515151515
2021-06-20 16:30:00+00:00,0.4718721872187218,0.0,0.4086040386303775,0.9575757575757576
2021-06-20 16:45:00+00:00,0.4699594959495949,0.0,0.38718173836698855,0.9636363636363636
2021-06-20 17:00:00+00:00,0.468046804680468,0.0,0.3657594381035996,0.9696969696969696
2021-06-20 17:15:00+00:00,0.46306818181818177,0.0,0.3204126426690079,0.9772727272727272
2021-06-20 17:30:00+00:00,0.4580895589558955,0.0,0.2750658472344161,0.9848484848484848
2021-06-20 17:45:00+00:00,0.4531109360936093,0.0,0.22971905179982438,0.9924242424242424
2021-06-20 18:00:00+00:00,0.4481323132313231,0.0,0.1843722563652326,1.0
2021-06-20 18:15:00+00:00,0.4390376537653765,0.0,0.15386303775241436,1.0
2021-06-20 18:30:00+00:00,0.4299429942994299,0.0,0.1233538191395961,1.0
2021-06-20 18:45:00+00:00,0.4208483348334833,0.0,0.09284460052677784,1.0
2021-06-20 19:00:00+00:00,0.4117536753675367,0.0,0.0623353819139596,1.0
2021-06-20 19:15:00+00:00,0.40827520252025196,0.0,0.05285338015803335,1.0
2021-06-20 19:30:00+00:00,0.4047967296729672,0.0,0.0433713784021071,1.0
2021-06-20 19:45:00+00:00,0.4013182568256825,0.0,0.03388937664618085,1.0
2021-06-20 20:00:00+00:00,0.3978397839783978,0.0,0.0244073748902546,1.0
2021-06-20 20:15:00+00:00,0.39368624362436233,0.0,0.0231123792800702,1.0
2021-06-20 20:30:00+00:00,0.3895327032703269,0.0,0.0218173836698858,1.0
2021-06-20 20:45:00+00:00,0.38537916291629154,0.0,0.020522388059701448,1.0
2021-06-20 21:00:00+00:00,0.3812256225622562,0.0,0.0192273924495171,1.0
2021-06-20 21:15:00+00:00,0.3759282178217821,0.0,0.01795434591747145,0.9952380952380953
2021-06-20 21:30:00+00:00,0.3706308130813081,0.0,0.0166812993854258,0.9904761904761904
2021-06-20 21:45:00+00:00,0.36533340834083405,0.0,0.015408252853380149,0.9857142857142855
2021-06-20 22:00:00+00:00,0.36003600360036,0.0,0.0141352063213345,0.9809523809523808
2021-06-20 22:15:00+00:00,0.35309780978097804,0.0,0.0136962247585601,0.9755411255411254
2021-06-20 22:30:00+00:00,0.3461596159615961,0.0,0.0132572431957857,0.97012987012987
2021-06-20 22:45:00+00:00,0.3392214221422142,0.0,0.012818261633011349,0.9647186147186146
2021-06-20 23:00:00+00:00,0.3322832283228323,0.0,0.012379280070237,0.9593073593073592
2021-06-20 23:15:00+00:00,0.3300423792379238,0.0,0.012379280070237,0.9562770562770562
2021-06-20 23:30:00+00:00,0.3278015301530153,0.0,0.012379280070237,0.9532467532467532
2021-06-20 23:45:00+00:00,0.32556068106810676,0.0,0.012379280070237,0.9502164502164503
2021-06-21 00:00:00+00:00,0.3233198319831983,0.0,0.012379280070237,0.9471861471861472
2021-06-21 00:15:00+00:00,0.32406990699069904,0.0,0.012379280070237,0.9465367965367966
2021-06-21 00:30:00+00:00,0.3248199819981998,0.0,0.012379280070237,0.9458874458874458
2021-06-21 00:45:00+00:00,0.3255700570057005,0.0,0.012379280070237,0.9452380952380951
2021-06-21 01:00:00+00:00,0.3263201320132013,0.0,0.012379280070237,0.9445887445887444
2021-06-21 01:15:00+00:00,0.32356360636063597,0.0,0.012379280070237,0.9456709956709957
2021-06-21 01:30:00+00:00,0.3208070807080707,0.0,0.012379280070237,0.9467532467532468
2021-06-21 01:45:00+00:00,0.31805055505550545,0.0,0.012379280070237,0.9478354978354978
2021-06-21 02:00:00+00:00,0.3152940294029402,0.0,0.012379280070237,0.9489177489177488
2021-06-21 02:15:00+00:00,0.3075307530753074,0.0,0.01233538191395955,0.9467532467532467
2021-06-21 02:30:00+00:00,0.2997674767476747,0.0,0.0122914837576821,0.9445887445887444
2021-06-21 02:45:00+00:00,0.29200420042004194,0.0,0.0122475856014047,0.9424242424242424
2021-06-21 03:00:00+00:00,0.2842409240924092,0.0,0.0122036874451273,0.9402597402597402
2021-06-21 03:15:00+00:00,0.2787841284128413,0.0,0.013476733977172951,0.9538961038961039
2021-06-21 03:30:00+00:00,0.2733273327332733,0.0,0.0147497805092186,0.9675324675324676
2021-06-21 03:45:00+00:00,0.26787053705370534,0.0,0.01602282704126425,0.9811688311688311
2021-06-21 04:00:00+00:00,0.2624137413741374,0.0,0.0172958735733099,0.9948051948051948
2021-06-21 04:15:00+00:00,0.25820394539453945,0.0,0.029872695346795403,0.9961038961038962
2021-06-21 04:30:00+00:00,0.2539941494149415,0.0,0.0424495171202809,0.9974025974025974
2021-06-21 04:45:00+00:00,0.2497843534353435,0.0,0.0550263388937664,0.9987012987012986
2021-06-21 05:00:00+00:00,0.2455745574557455,0.0,0.0676031606672519,1.0
2021-06-21 05:15:00+00:00,0.24290241524152412,0.0,0.10768217734855129,1.0
2021-06-21 05:30:00+00:00,0.2402302730273027,0.0,0.1477611940298507,1.0
2021-06-21 05:45:00+00:00,0.2375581308130813,0.0,0.1878402107111501,1.0
2021-06-21 06:00:00+00:00,0.2348859885988599,0.0,0.2279192273924495,1.0
2021-06-21 06:15:00+00:00,0.2371174617461746,0.0,0.26968832309043017,1.0
2021-06-21 06:30:00+00:00,0.2393489348934893,0.0,0.3114574187884108,1.0
2021-06-21 06:45:00+00:00,0.24158040804080405,0.0,0.35322651448639153,1.0
2021-06-21 07:00:00+00:00,0.2438118811881188,0.0,0.3949956101843722,1.0
2021-06-21 07:15:00+00:00,0.24594021902190216,0.0,0.42960930640913075,1.0
2021-06-21 07:30:00+00:00,0.2480685568556855,0.0,0.4642230026338894,1.0
2021-06-21 07:45:00+00:00,0.2501968946894689,0.0,0.49883669885864795,1.0
2021-06-21 08:00:00+00:00,0.2523252325232523,0.0,0.5334503950834065,1.0
2021-06-21 08:15:00+00:00,0.25095634563456337,0.0,0.5524363476733978,1.0
2021-06-21 08:30:00+00:00,0.2495874587458745,0.0,0.5714223002633889,1.0
2021-06-21 08:45:00+00:00,0.24821857185718565,0.0,0.5904082528533802,1.0
2021-06-21 09:00:00+00:00,0.2468496849684968,0.0,0.6093942054433714,1.0
2021-06-21 09:15:00+00:00,0.24288366336633654,0.0,0.6235294117647059,0.9995670995670995
2021-06-21 09:30:00+00:00,0.2389176417641763,0.0,0.6376646180860404,0.9991341991341992
2021-06-21 09:45:00+00:00,0.2349516201620161,0.0,0.6517998244073749,0.9987012987012989
2021-06-21 10:00:00+00:00,0.2309855985598559,0.0,0.6659350307287094,0.9982683982683984
2021-06-21 10:15:00+00:00,0.2307512001200119,0.0,0.6821773485513609,0.9987012987012989
2021-06-21 10:30:00+00:00,0.2305168016801679,0.0,0.6984196663740123,0.9991341991341992
2021-06-21 10:45:00+00:00,0.23028240324032395,0.0,0.7146619841966637,0.9995670995670995
2021-06-21 11:00:00+00:00,0.23004800480048,0.0,0.7309043020193152,1.0
2021-06-21 11:15:00+00:00,0.23427655265526542,0.0,0.7359525899912205,0.991991341991342
2021-06-21 11:30:00+00:00,0.2385051005100509,0.0,0.7410008779631256,0.983982683982684
2021-06-21 11:45:00+00:00,0.2427336483648364,0.0,0.7460491659350308,0.9759740259740259
2021-06-21 12:00:00+00:00,0.2469621962196219,0.0,0.7510974539069359,0.967965367965368
2021-06-21 12:15:00+00:00,0.250853210321032,0.0,0.7501097453906936,0.9653679653679654
2021-06-21 12:30:00+00:00,0.2547442244224422,0.0,0.7491220368744513,0.9627705627705628
2021-06-21 12:45:00+00:00,0.25863523852385234,0.0,0.7481343283582089,0.9601731601731602
2021-06-21 13:00:00+00:00,0.2625262526252625,0.0,0.7471466198419666,0.9575757575757576
2021-06-21 13:15:00+00:00,0.26761738673867386,0.0,0.7384547848990342,0.9525974025974027
2021-06-21 13:30:00+00:00,0.2727085208520852,0.0,0.7297629499561018,0.9476190476190476
2021-06-21 13:45:00+00:00,0.2777996549654965,0.0,0.7210711150131695,0.9426406926406926
2021-06-21 14:00:00+00:00,0.2828907890789079,0.0,0.7123792800702371,0.9376623376623376
2021-06-21 14:15:00+00:00,0.28746624662466247,0.0,0.6955662862159789,0.9385281385281385
2021-06-21 14:30:00+00:00,0.2920417041704171,0.0,0.6787532923617208,0.9393939393939394
2021-06-21 14:45:00+00:00,0.29661716171617164,0.0,0.6619402985074627,0.9402597402597404
2021-06-21 15:00:00+00:00,0.3011926192619262,0.0,0.6451273046532046,0.9411255411255413
2021-06-21 15:15:00+00:00,0.30371474647464747,0.0,0.6255048287971905,0.9484848484848485
2021-06-21 15:30:00+00:00,0.3062368736873687,0.0,0.6058823529411765,0.9558441558441558
2021-06-21 15:45:00+00:00,0.30875900090009,0.0,0.5862598770851625,0.9632034632034631
2021-06-21 16:00:00+00:00,0.3112811281128113,0.0,0.5666374012291484,0.9705627705627704
2021-06-21 16:15:00+00:00,0.31017476747674766,0.0,0.5277216856892011,0.9779220779220779
2021-06-21 16:30:00+00:00,0.309068406840684,0.0,0.4888059701492537,0.9852813852813852
2021-06-21 16:45:00+00:00,0.3079620462046204,0.0,0.44989025460930643,0.9926406926406927
2021-06-21 17:00:00+00:00,0.3068556855685568,0.0,0.4109745390693591,1.0
2021-06-21 17:15:00+00:00,0.30305843084308426,0.0,0.36378402107111496,1.0
2021-06-21 17:30:00+00:00,0.2992611761176117,0.0,0.3165935030728709,1.0
2021-06-21 17:45:00+00:00,0.2954639213921392,0.0,0.2694029850746268,1.0
2021-06-21 18:00:00+00:00,0.2916666666666667,0.0,0.2222124670763827,1.0
2021-06-21 18:15:00+00:00,0.277002700270027,0.0,0.18408691834942925,1.0
2021-06-21 18:30:00+00:00,0.2623387338733873,0.0,0.1459613696224758,1.0
2021-06-21 18:45:00+00:00,0.24767476747674766,0.0,0.10783582089552235,1.0
2021-06-21 19:00:00+00:00,0.233010801080108,0.0,0.0697102721685689,1.0
2021-06-21 19:15:00+00:00,0.2271414641464146,0.0,0.060030728709394146,1.0
2021-06-21 19:30:00+00:00,0.2212721272127212,0.0,0.0503511852502194,1.0
2021-06-21 19:45:00+00:00,0.21540279027902784,0.0,0.040671641791044696,1.0
2021-06-21 20:00:00+00:00,0.2095334533453345,0.0,0.03099209833187,1.0
2021-06-21 20:15:00+00:00,0.2098428592859285,0.0,0.030597014925373048,1.0
2021-06-21 20:30:00+00:00,0.2101522652265225,0.0,0.0302019315188761,1.0
2021-06-21 20:45:00+00:00,0.21046167116711662,0.0,0.0298068481123792,1.0
2021-06-21 21:00:00+00:00,0.2107710771077107,0.0,0.0294117647058823,1.0
2021-06-21 21:15:00+00:00,0.20597997299729964,0.0,0.02936786654960485,1.0
2021-06-21 21:30:00+00:00,0.2011888688868886,0.0,0.0293239683933274,1.0
2021-06-21 21:45:00+00:00,0.1963977647764776,0.0,0.029280070237050003,1.0
2021-06-21 22:00:00+00:00,0.1916066606660666,0.0,0.0292361720807726,1.0
2021-06-21 22:15:00+00:00,0.19027527752775275,0.0,0.029916593503072852,0.9984848484848485
2021-06-21 22:30:00+00:00,0.1889438943894389,0.0,0.0305970149253731,0.9969696969696972
2021-06-21 22:45:00+00:00,0.18761251125112505,0.0,0.03127743634767335,0.9954545454545456
2021-06-21 23:00:00+00:00,0.1862811281128112,0.0,0.0319578577699736,0.993939393939394
2021-06-21 23:15:00+00:00,0.18444344434443435,0.0,0.0307726075504828,0.9774891774891776
2021-06-21 23:30:00+00:00,0.1826057605760575,0.0,0.029587357330992,0.9610389610389612
2021-06-21 23:45:00+00:00,0.1807680768076807,0.0,0.02840210711150125,0.9445887445887446
2021-06-22 00:00:00+00:00,0.1789303930393039,0.0,0.0272168568920105,0.9281385281385282
2021-06-22 00:15:00+00:00,0.1772802280228022,0.0,0.02642669007901665,0.9244588744588745
2021-06-22 00:30:00+00:00,0.1756300630063005,0.0,0.0256365232660228,0.9207792207792208
2021-06-22 00:45:00+00:00,0.1739798979897989,0.0,0.024846356453028948,0.9170995670995672
2021-06-22 01:00:00+00:00,0.1723297329732973,0.0,0.0240561896400351,0.9134199134199136
2021-06-22 01:15:00+00:00,0.17067956795679565,0.0,0.0238366988586479,0.9147186147186148
2021-06-22 01:30:00+00:00,0.169029402940294,0.0,0.0236172080772607,0.9160173160173162
2021-06-22 01:45:00+00:00,0.16737923792379233,0.0,0.023397717295873498,0.9173160173160175
2021-06-22 02:00:00+00:00,0.1657290729072907,0.0,0.0231782265144863,0.9186147186147188
2021-06-22 02:15:00+00:00,0.16213808880888084,0.0,0.02302458296751525,0.9220779220779222
2021-06-22 02:30:00+00:00,0.158547104710471,0.0,0.0228709394205442,0.9255411255411256
2021-06-22 02:45:00+00:00,0.15495612061206115,0.0,0.0227172958735732,0.929004329004329
2021-06-22 03:00:00+00:00,0.1513651365136513,0.0,0.0225636523266022,0.9324675324675324
2021-06-22 03:15:00+00:00,0.14858048304830473,0.0,0.02251975417032475,0.9493506493506494
2021-06-22 03:30:00+00:00,0.1457958295829582,0.0,0.0224758560140473,0.9662337662337662
2021-06-22 03:45:00+00:00,0.14301117611761172,0.0,0.0224319578577699,0.9831168831168831
2021-06-22 04:00:00+00:00,0.1402265226522652,0.0,0.0223880597014925,1.0
2021-06-22 04:15:00+00:00,0.135791704170417,0.0,0.03494293239683925,1.0
2021-06-22 04:30:00+00:00,0.1313568856885688,0.0,0.047497805092186,1.0
2021-06-22 04:45:00+00:00,0.1269220672067206,0.0,0.06005267778753285,1.0
2021-06-22 05:00:00+00:00,0.1224872487248724,0.0,0.0726075504828797,1.0
2021-06-22 05:15:00+00:00,0.118099309930993,0.0,0.12133450395083405,1.0
2021-06-22 05:30:00+00:00,0.1137113711371136,0.0,0.1700614574187884,1.0
2021-06-22 05:45:00+00:00,0.10932343234323424,0.0,0.21878841088674272,1.0
2021-06-22 06:00:00+00:00,0.1049354935493549,0.0,0.2675153643546971,1.0
2021-06-22 06:15:00+00:00,0.10359473447344725,0.0,0.32530728709394197,1.0
2021-06-22 06:30:00+00:00,0.1022539753975396,0.0,0.3830992098331869,1.0
2021-06-22 06:45:00+00:00,0.10091321632163205,0.0,0.4408911325724319,1.0
2021-06-22 07:00:00+00:00,0.0995724572457245,0.0,0.4986830553116769,1.0
2021-06-22 07:15:00+00:00,0.09932868286828675,0.0,0.5448639157155399,1.0
2021-06-22 07:30:00+00:00,0.099084908490849,0.0,0.591044776119403,1.0
2021-06-22 07:45:00+00:00,0.09884113411341129,0.0,0.637225636523266,1.0
2021-06-22 08:00:00+00:00,0.0985973597359736,0.0,0.6834064969271291,1.0
2021-06-22 08:15:00+00:00,0.09947869786978694,0.0,0.7105575065847234,1.0
2021-06-22 08:30:00+00:00,0.1003600360036003,0.0,0.7377085162423178,1.0
2021-06-22 08:45:00+00:00,0.1012413741374137,0.0,0.7648595258999122,1.0
2021-06-22 09:00:00+00:00,0.1021227122712271,0.0,0.7920105355575066,1.0
2021-06-22 09:15:00+00:00,0.101541404140414,0.0,0.794776119402985,1.0
2021-06-22 09:30:00+00:00,0.1009600960096009,0.0,0.7975417032484635,1.0
2021-06-22 09:45:00+00:00,0.10037878787878785,0.0,0.800307287093942,1.0
2021-06-22 10:00:00+00:00,0.0997974797479748,0.0,0.8030728709394206,1.0
2021-06-22 10:15:00+00:00,0.10310718571857186,0.0,0.7915496049165935,1.0
2021-06-22 10:30:00+00:00,0.1064168916891689,0.0,0.7800263388937665,1.0
2021-06-22 10:45:00+00:00,0.10972659765976595,0.0,0.7685030728709394,1.0
2021-06-22 11:00:00+00:00,0.113036303630363,0.0,0.7569798068481124,1.0
2021-06-22 11:15:00+00:00,0.11776177617761771,0.0,0.7526338893766462,1.0
2021-06-22 11:30:00+00:00,0.1224872487248724,0.0,0.74828797190518,1.0
2021-06-22 11:45:00+00:00,0.12721272127212715,0.0,0.7439420544337139,1.0
2021-06-22 12:00:00+00:00,0.1319381938193819,0.0,0.7395961369622476,1.0
2021-06-22 12:15:00+00:00,0.13730123012301226,0.0,0.732396839332748,1.0
2021-06-22 12:30:00+00:00,0.1426642664266426,0.0,0.7251975417032485,1.0
2021-06-22 12:45:00+00:00,0.14802730273027298,0.0,0.7179982440737489,1.0
2021-06-22 13:00:00+00:00,0.1533903390339034,0.0,0.7107989464442493,1.0
2021-06-22 13:15:00+00:00,0.1618568106810681,0.0,0.7054872695346796,0.995887445887446
2021-06-22 13:30:00+00:00,0.1703232823282328,0.0,0.7001755926251098,0.991774891774892
2021-06-22 13:45:00+00:00,0.17878975397539748,0.0,0.69486391571554,0.9876623376623378
2021-06-22 14:00:00+00:00,0.1872562256225622,0.0,0.6895522388059702,0.9835497835497836
2021-06-22 14:15:00+00:00,0.19933243324332425,0.0,0.6705223880597015,0.9837662337662337
2021-06-22 14:30:00+00:00,0.2114086408640863,0.0,0.6514925373134328,0.983982683982684
2021-06-22 14:45:00+00:00,0.2234848484848484,0.0,0.6324626865671641,0.9841991341991342
2021-06-22 15:00:00+00:00,0.2355610561056105,0.0,0.6134328358208955,0.9844155844155844
2021-06-22 15:15:00+00:00,0.23868324332433236,0.0,0.5987050043898156,0.9883116883116883
2021-06-22 15:30:00+00:00,0.2418054305430542,0.0,0.5839771729587356,0.9922077922077922
2021-06-22 15:45:00+00:00,0.2449276177617761,0.0,0.5692493415276558,0.9961038961038962
2021-06-22 16:00:00+00:00,0.248049804980498,0.0,0.5545215100965759,1.0
2021-06-22 16:15:00+00:00,0.2556161866186618,0.0,0.5248244073748902,1.0
2021-06-22 16:30:00+00:00,0.2631825682568257,0.0,0.4951273046532045,1.0
2021-06-22 16:45:00+00:00,0.2707489498949895,0.0,0.4654302019315188,1.0
2021-06-22 17:00:00+00:00,0.2783153315331533,0.0,0.4357330992098331,1.0
2021-06-22 17:15:00+00:00,0.28626612661266126,0.0,0.3843064091308164,1.0
2021-06-22 17:30:00+00:00,0.2942169216921692,0.0,0.3328797190517997,1.0
2021-06-22 17:45:00+00:00,0.30216771677167714,0.0,0.281453028972783,1.0
2021-06-22 18:00:00+00:00,0.3101185118511851,0.0,0.2300263388937664,1.0
2021-06-22 18:15:00+00:00,0.31153427842784276,0.0,0.19442493415276552,1.0
2021-06-22 18:30:00+00:00,0.3129500450045004,0.0,0.1588235294117646,1.0
2021-06-22 18:45:00+00:00,0.31436581158115806,0.0,0.12322212467076377,1.0
2021-06-22 19:00:00+00:00,0.3157815781578157,0.0,0.0876207199297629,1.0
2021-06-22 19:15:00+00:00,0.31580033003300323,0.0,0.07831431079894641,1.0
2021-06-22 19:30:00+00:00,0.3158190819081907,0.0,0.0690079016681299,1.0
2021-06-22 19:45:00+00:00,0.31583783378337826,0.0,0.0597014925373134,1.0
2021-06-22 20:00:00+00:00,0.3158565856585658,0.0,0.0503950834064969,1.0
2021-06-22 20:15:00+00:00,0.3095278277827782,0.0,0.04986830553116765,1.0
2021-06-22 20:30:00+00:00,0.3031990699069906,0.0,0.0493415276558384,1.0
2021-06-22 20:45:00+00:00,0.29687031203120307,0.0,0.04881474978050915,1.0
2021-06-22 21:00:00+00:00,0.2905415541554155,0.0,0.0482879719051799,1.0
2021-06-22 21:15:00+00:00,0.28434405940594054,0.0,0.0468612818261632,1.0
2021-06-22 21:30:00+00:00,0.2781465646564656,0.0,0.0454345917471465,1.0
2021-06-22 21:45:00+00:00,0.27194906990699064,0.0,0.04400790166812985,1.0
2021-06-22 22:00:00+00:00,0.2657515751575157,0.0,0.0425812115891132,1.0
2021-06-22 22:15:00+00:00,0.26124174917491744,0.0,0.041505706760316,1.0
2021-06-22 22:30:00+00:00,0.2567319231923192,0.0,0.0404302019315188,1.0
2021-06-22 22:45:00+00:00,0.25222209720972094,0.0,0.039354697102721645,1.0
2021-06-22 23:00:00+00:00,0.2477122712271227,0.0,0.0382791922739245,1.0
2021-06-22 23:15:00+00:00,0.2420960846084608,0.0,0.037576821773485494,0.9900432900432901
2021-06-22 23:30:00+00:00,0.2364798979897989,0.0,0.0368744512730465,0.98008658008658
2021-06-22 23:45:00+00:00,0.23086371137113704,0.0,0.0361720807726075,0.97012987012987
2021-06-23 00:00:00+00:00,0.2252475247524752,0.0,0.0354697102721685,0.96017316017316
2021-06-23 00:15:00+00:00,0.22522877287728765,0.0,0.034964881474978,0.9597402597402596
2021-06-23 00:30:00+00:00,0.2252100210021001,0.0,0.0344600526777875,0.9593073593073592
2021-06-23 00:45:00+00:00,0.22519126912691262,0.0,0.033955223880597,0.9588744588744589
2021-06-23 01:00:00+00:00,0.2251725172517251,0.0,0.0334503950834065,0.9584415584415584
2021-06-23 01:15:00+00:00,0.22924167416741664,0.0,0.03230904302019315,0.9584415584415584
2021-06-23 01:30:00+00:00,0.2333108310831082,0.0,0.0311676909569798,0.9584415584415584
2021-06-23 01:45:00+00:00,0.2373799879987998,0.0,0.03002633889376645,0.9584415584415584
2021-06-23 02:00:00+00:00,0.2414491449144914,0.0,0.0288849868305531,0.9584415584415584
2021-06-23 02:15:00+00:00,0.24377437743774372,0.0,0.02787532923617205,0.9688311688311688
2021-06-23 02:30:00+00:00,0.246099609960996,0.0,0.026865671641791,0.9792207792207792
2021-06-23 02:45:00+00:00,0.24842484248424834,0.0,0.025856014047409948,0.9896103896103896
2021-06-23 03:00:00+00:00,0.2507500750075007,0.0,0.0248463564530289,1.0
2021-06-23 03:15:00+00:00,0.2507500750075007,0.0,0.02489025460930635,1.0
2021-06-23 03:30:00+00:00,0.2507500750075007,0.0,0.0249341527655838,1.0
2021-06-23 03:45:00+00:00,0.2507500750075007,0.0,0.02497805092186125,1.0
2021-06-23 04:00:00+00:00,0.2507500750075007,0.0,0.0250219490781387,1.0
2021-06-23 04:15:00+00:00,0.25061881188118806,0.0,0.032287093942054396,1.0
2021-06-23 04:30:00+00:00,0.2504875487548754,0.0,0.0395522388059701,1.0
2021-06-23 04:45:00+00:00,0.2503562856285628,0.0,0.0468173836698858,1.0
2021-06-23 05:00:00+00:00,0.2502250225022502,0.0,0.0540825285338015,1.0
2021-06-23 05:15:00+00:00,0.24670904590459042,0.0,0.0985074626865671,1.0
2021-06-23 05:30:00+00:00,0.2431930693069306,0.0,0.1429323968393327,1.0
2021-06-23 05:45:00+00:00,0.23967709270927084,0.0,0.1873573309920983,1.0
2021-06-23 06:00:00+00:00,0.2361611161116111,0.0,0.2317822651448639,1.0
2021-06-23 06:15:00+00:00,0.23319831983198314,0.0,0.3053555750658472,1.0
2021-06-23 06:30:00+00:00,0.2302355235523552,0.0,0.3789288849868305,1.0
2021-06-23 06:45:00+00:00,0.22727272727272724,0.0,0.45250219490781385,1.0
2021-06-23 07:00:00+00:00,0.2243099309930993,0.0,0.5260755048287972,1.0
2021-06-23 07:15:00+00:00,0.2203251575157515,0.0,0.575,1.0
2021-06-23 07:30:00+00:00,0.2163403840384037,0.0,0.6239244951712029,1.0
2021-06-23 07:45:00+00:00,0.212355610561056,0.0,0.6728489903424056,1.0
2021-06-23 08:00:00+00:00,0.2083708370837083,0.0,0.7217734855136084,1.0
2021-06-23 08:15:00+00:00,0.20386101110111005,0.0,0.7441615452151009,1.0
2021-06-23 08:30:00+00:00,0.1993511851185118,0.0,0.7665496049165935,1.0
2021-06-23 08:45:00+00:00,0.19484135913591355,0.0,0.7889376646180861,1.0
2021-06-23 09:00:00+00:00,0.1903315331533153,0.0,0.8113257243195786,1.0
2021-06-23 09:15:00+00:00,0.18514663966396636,0.0,0.8199517120280948,1.0
2021-06-23 09:30:00+00:00,0.1799617461746174,0.0,0.8285776997366111,1.0
2021-06-23 09:45:00+00:00,0.1747768526852685,0.0,0.8372036874451274,1.0
2021-06-23 10:00:00+00:00,0.1695919591959196,0.0,0.8458296751536436,1.0
2021-06-23 10:15:00+00:00,0.16590721572157213,0.0,0.84486391571554,1.0
2021-06-23 10:30:00+00:00,0.1622224722472247,0.0,0.8438981562774364,1.0
2021-06-23 10:45:00+00:00,0.15853772877287725,0.0,0.8429323968393327,1.0
2021-06-23 11:00:00+00:00,0.1548529852985298,0.0,0.8419666374012291,1.0
2021-06-23 11:15:00+00:00,0.15432793279327925,0.0,0.8400351185250219,1.0
2021-06-23 11:30:00+00:00,0.1538028802880287,0.0,0.8381035996488148,1.0
2021-06-23 11:45:00+00:00,0.1532778277827782,0.0,0.8361720807726076,1.0
2021-06-23 12:00:00+00:00,0.1527527752775277,0.0,0.8342405618964004,1.0
2021-06-23 12:15:00+00:00,0.15446857185718565,0.0,0.8341747146619842,1.0
2021-06-23 12:30:00+00:00,0.1561843684368436,0.0,0.8341088674275681,1.0
2021-06-23 12:45:00+00:00,0.15790016501650161,0.0,0.8340430201931519,1.0
2021-06-23 13:00:00+00:00,0.1596159615961596,0.0,0.8339771729587357,1.0
2021-06-23 13:15:00+00:00,0.16182868286828678,0.0,0.8311896400351185,1.0
2021-06-23 13:30:00+00:00,0.164041404140414,0.0,0.8284021071115013,1.0
2021-06-23 13:45:00+00:00,0.1662541254125412,0.0,0.8256145741878841,1.0
2021-06-23 14:00:00+00:00,0.1684668466846684,0.0,0.8228270412642669,1.0
2021-06-23 14:15:00+00:00,0.1734548454845484,0.0,0.8121158911325724,1.0
2021-06-23 14:30:00+00:00,0.1784428442844284,0.0,0.801404741000878,1.0
2021-06-23 14:45:00+00:00,0.1834308430843084,0.0,0.7906935908691834,1.0
2021-06-23 15:00:00+00:00,0.1884188418841884,0.0,0.779982440737489,1.0
2021-06-23 15:15:00+00:00,0.197044704470447,0.0,0.7626865671641792,1.0
2021-06-23 15:30:00+00:00,0.2056705670567056,0.0,0.7453906935908692,1.0
2021-06-23 15:45:00+00:00,0.21429642964296425,0.0,0.7280948200175592,1.0
2021-06-23 16:00:00+00:00,0.2229222922292229,0.0,0.7107989464442493,1.0
2021-06-23 16:15:00+00:00,0.22793841884188415,0.0,0.6724539069359088,1.0
2021-06-23 16:30:00+00:00,0.2329545454545454,0.0,0.6341088674275681,1.0
2021-06-23 16:45:00+00:00,0.23797067206720668,0.0,0.5957638279192274,1.0
2021-06-23 17:00:00+00:00,0.242986798679868,0.0,0.5574187884108868,1.0
2021-06-23 17:15:00+00:00,0.24855610561056105,0.0,0.49558823529411766,1.0
2021-06-23 17:30:00+00:00,0.2541254125412541,0.0,0.4337576821773485,1.0
2021-06-23 17:45:00+00:00,0.2596947194719471,0.0,0.3719271290605794,1.0
2021-06-23 18:00:00+00:00,0.2652640264026402,0.0,0.3100965759438103,1.0
2021-06-23 18:15:00+00:00,0.2671110861086108,0.0,0.2612379280070236,1.0
2021-06-23 18:30:00+00:00,0.2689581458145814,0.0,0.212379280070237,1.0
2021-06-23 18:45:00+00:00,0.270805205520552,0.0,0.16352063213345033,1.0
2021-06-23 19:00:00+00:00,0.2726522652265226,0.0,0.1146619841966637,1.0
2021-06-23 19:15:00+00:00,0.2748368586858685,0.0,0.10100965759438095,1.0
2021-06-23 19:30:00+00:00,0.2770214521452144,0.0,0.0873573309920982,1.0
2021-06-23 19:45:00+00:00,0.2792060456045604,0.0,0.07370500438981556,1.0
2021-06-23 20:00:00+00:00,0.2813906390639064,0.0,0.0600526777875329,1.0
2021-06-23 20:15:00+00:00,0.28184068406840684,0.0,0.0585601404741,1.0
2021-06-23 20:30:00+00:00,0.2822907290729073,0.0,0.0570676031606671,1.0
2021-06-23 20:45:00+00:00,0.2827407740774077,0.0,0.0555750658472343,1.0
2021-06-23 21:00:00+00:00,0.2831908190819082,0.0,0.0540825285338015,1.0
2021-06-23 21:15:00+00:00,0.28287203720372034,0.0,0.054104477611940205,1.0
2021-06-23 21:30:00+00:00,0.2825532553255325,0.0,0.0541264266900789,1.0
2021-06-23 21:45:00+00:00,0.2822344734473447,0.0,0.054148375768217655,1.0
2021-06-23 22:00:00+00:00,0.2819156915691569,0.0,0.0541703248463564,1.0
2021-06-23 22:15:00+00:00,0.27783715871587156,0.0,0.054148375768217655,1.0
2021-06-23 22:30:00+00:00,0.2737586258625862,0.0,0.0541264266900789,1.0
2021-06-23 22:45:00+00:00,0.2696800930093009,0.0,0.054104477611940205,1.0
2021-06-23 23:00:00+00:00,0.2656015601560156,0.0,0.0540825285338015,1.0
2021-06-23 23:15:00+00:00,0.26317319231923186,0.0,0.0540825285338015,0.9939393939393939
2021-06-23 23:30:00+00:00,0.2607448244824482,0.0,0.0540825285338015,0.9878787878787878
2021-06-23 23:45:00+00:00,0.2583164566456645,0.0,0.0540825285338015,0.9818181818181817
2021-06-24 00:00:00+00:00,0.2558880888088808,0.0,0.0540825285338015,0.9757575757575756
2021-06-24 00:15:00+00:00,0.2558224572457245,0.0,0.054104477611940205,0.9564935064935064
2021-06-24 00:30:00+00:00,0.2557568256825682,0.0,0.0541264266900789,0.9372294372294372
2021-06-24 00:45:00+00:00,0.2556911941194119,0.0,0.054148375768217655,0.9179653679653679
2021-06-24 01:00:00+00:00,0.2556255625562556,0.0,0.0541703248463564,0.8987012987012987
2021-06-24 01:15:00+00:00,0.2586633663366336,0.0,0.0540386303775241,0.8965367965367965
2021-06-24 01:30:00+00:00,0.2617011701170116,0.0,0.0539069359086918,0.8943722943722944
2021-06-24 01:45:00+00:00,0.26473897389738965,0.0,0.0537752414398595,0.8922077922077922
2021-06-24 02:00:00+00:00,0.2677767776777677,0.0,0.0536435469710272,0.8900432900432901
2021-06-24 02:15:00+00:00,0.2704301680168016,0.0,0.05263388937664615,0.9004329004329004
2021-06-24 02:30:00+00:00,0.2730835583558355,0.0,0.0516242317822651,0.9108225108225108
2021-06-24 02:45:00+00:00,0.2757369486948694,0.0,0.05061457418788405,0.9212121212121211
2021-06-24 03:00:00+00:00,0.2783903390339033,0.0,0.049604916593503,0.9316017316017317
2021-06-24 03:15:00+00:00,0.27822157215721566,0.0,0.0490122914837576,0.9374458874458874
2021-06-24 03:30:00+00:00,0.278052805280528,0.0,0.0484196663740122,0.9432900432900432
2021-06-24 03:45:00+00:00,0.27788403840384035,0.0,0.04782704126426685,0.949134199134199
2021-06-24 04:00:00+00:00,0.2777152715271527,0.0,0.0472344161545215,0.9549783549783548
2021-06-24 04:15:00+00:00,0.2739086408640864,0.0,0.058735733099209805,0.9662337662337661
2021-06-24 04:30:00+00:00,0.2701020102010201,0.0,0.0702370500438981,0.9774891774891774
2021-06-24 04:45:00+00:00,0.2662953795379538,0.0,0.08173836698858644,0.9887445887445887
2021-06-24 05:00:00+00:00,0.2624887488748875,0.0,0.0932396839332748,1.0
2021-06-24 05:15:00+00:00,0.25392851785178516,0.0,0.15030728709394203,1.0
2021-06-24 05:30:00+00:00,0.2453682868286828,0.0,0.2073748902546093,1.0
2021-06-24 05:45:00+00:00,0.2368080558055805,0.0,0.2644424934152766,1.0
2021-06-24 06:00:00+00:00,0.2282478247824782,0.0,0.3215100965759438,1.0
2021-06-24 06:15:00+00:00,0.2271789678967896,0.0,0.4030728709394205,1.0
2021-06-24 06:30:00+00:00,0.226110111011101,0.0,0.4846356453028972,1.0
2021-06-24 06:45:00+00:00,0.22504125412541245,0.0,0.566198419666374,1.0
2021-06-24 07:00:00+00:00,0.2239723972397239,0.0,0.6477611940298508,1.0
2021-06-24 07:15:00+00:00,0.22035328532853277,0.0,0.6942932396839333,1.0
2021-06-24 07:30:00+00:00,0.2167341734173416,0.0,0.7408252853380158,1.0
2021-06-24 07:45:00+00:00,0.2131150615061505,0.0,0.7873573309920984,1.0
2021-06-24 08:00:00+00:00,0.2094959495949594,0.0,0.8338893766461809,1.0
2021-06-24 08:15:00+00:00,0.20293279327932784,0.0,0.8533143107989465,1.0
2021-06-24 08:30:00+00:00,0.1963696369636963,0.0,0.8727392449517121,1.0
2021-06-24 08:45:00+00:00,0.18980648064806477,0.0,0.8921641791044777,1.0
2021-06-24 09:00:00+00:00,0.1832433243324332,0.0,0.9115891132572432,1.0
2021-06-24 09:15:00+00:00,0.17915541554155412,0.0,0.9200395083406497,1.0
2021-06-24 09:30:00+00:00,0.175067506750675,0.0,0.9284899034240562,1.0
2021-06-24 09:45:00+00:00,0.17097959795979595,0.0,0.9369402985074627,1.0
2021-06-24 10:00:00+00:00,0.1668916891689169,0.0,0.9453906935908692,1.0
2021-06-24 10:15:00+00:00,0.1634225922592259,0.0,0.9492756804214224,1.0
2021-06-24 10:30:00+00:00,0.1599534953495349,0.0,0.9531606672519756,1.0
2021-06-24 10:45:00+00:00,0.15648439843984396,0.0,0.9570456540825285,1.0
2021-06-24 11:00:00+00:00,0.153015301530153,0.0,0.9609306409130816,1.0
2021-06-24 11:15:00+00:00,0.14974309930993096,0.0,0.9598990342405619,1.0
2021-06-24 11:30:00+00:00,0.1464708970897089,0.0,0.9588674275680422,1.0
2021-06-24 11:45:00+00:00,0.1431986948694869,0.0,0.9578358208955224,1.0
2021-06-24 12:00:00+00:00,0.1399264926492649,0.0,0.9568042142230028,1.0
2021-06-24 12:15:00+00:00,0.13879200420041998,0.0,0.9525241439859526,0.9978354978354977
2021-06-24 12:30:00+00:00,0.1376575157515751,0.0,0.9482440737489026,0.9956709956709956
2021-06-24 12:45:00+00:00,0.1365230273027302,0.0,0.9439640035118525,0.9935064935064934
2021-06-24 13:00:00+00:00,0.1353885388538853,0.0,0.9396839332748024,0.9913419913419912
2021-06-24 13:15:00+00:00,0.135594809480948,0.0,0.9319578577699736,0.9865800865800864
2021-06-24 13:30:00+00:00,0.1358010801080107,0.0,0.9242317822651448,0.9818181818181818
2021-06-24 13:45:00+00:00,0.13600735073507345,0.0,0.916505706760316,0.9770562770562772
2021-06-24 14:00:00+00:00,0.1362136213621362,0.0,0.9087796312554872,0.9722943722943724
2021-06-24 14:15:00+00:00,0.13721684668466844,0.0,0.8948639157155399,0.9792207792207793
2021-06-24 14:30:00+00:00,0.1382200720072007,0.0,0.8809482001755926,0.9861471861471862
2021-06-24 14:45:00+00:00,0.13922329732973296,0.0,0.8670324846356453,0.9930735930735931
2021-06-24 15:00:00+00:00,0.1402265226522652,0.0,0.853116769095698,1.0
2021-06-24 15:15:00+00:00,0.14522389738973895,0.0,0.8293459174714662,1.0
2021-06-24 15:30:00+00:00,0.1502212721272127,0.0,0.8055750658472345,1.0
2021-06-24 15:45:00+00:00,0.15521864686468645,0.0,0.7818042142230026,1.0
2021-06-24 16:00:00+00:00,0.1602160216021602,0.0,0.7580333625987709,1.0
2021-06-24 16:15:00+00:00,0.16523214821482146,0.0,0.71986391571554,1.0
2021-06-24 16:30:00+00:00,0.1702482748274827,0.0,0.681694468832309,1.0
2021-06-24 16:45:00+00:00,0.17526440144014394,0.0,0.6435250219490781,1.0
2021-06-24 17:00:00+00:00,0.1802805280528052,0.0,0.6053555750658473,1.0
2021-06-24 17:15:00+00:00,0.1848934893489348,0.0,0.5384108867427568,1.0
2021-06-24 17:30:00+00:00,0.1895064506450644,0.0,0.4714661984196664,1.0
2021-06-24 17:45:00+00:00,0.19411941194119406,0.0,0.404521510096576,1.0
2021-06-24 18:00:00+00:00,0.1987323732373237,0.0,0.3375768217734855,1.0
2021-06-24 18:15:00+00:00,0.20268901890189017,0.0,0.28184811237928004,1.0
2021-06-24 18:30:00+00:00,0.2066456645664566,0.0,0.2261194029850746,1.0
2021-06-24 18:45:00+00:00,0.21060231023102305,0.0,0.17039069359086914,1.0
2021-06-24 19:00:00+00:00,0.2145589558955895,0.0,0.1146619841966637,1.0
2021-06-24 19:15:00+00:00,0.22210658565856572,0.0,0.1007901668129938,1.0
2021-06-24 19:30:00+00:00,0.229654215421542,0.0,0.0869183494293239,1.0
2021-06-24 19:45:00+00:00,0.23720184518451834,0.0,0.07304653204565405,1.0
2021-06-24 20:00:00+00:00,0.2447494749474947,0.0,0.0591747146619842,1.0
2021-06-24 20:15:00+00:00,0.2496812181218121,0.0,0.058252853380158,1.0
2021-06-24 20:30:00+00:00,0.2546129612961295,0.0,0.0573309920983318,1.0
2021-06-24 20:45:00+00:00,0.259544704470447,0.0,0.05640913081650565,1.0
2021-06-24 21:00:00+00:00,0.2644764476447644,0.0,0.0554872695346795,1.0
2021-06-24 21:15:00+00:00,0.26778615361536146,0.0,0.0554872695346795,0.9718614718614719
2021-06-24 21:30:00+00:00,0.2710958595859585,0.0,0.0554872695346795,0.9437229437229436
2021-06-24 21:45:00+00:00,0.2744055655565556,0.0,0.0554872695346795,0.9155844155844155
2021-06-24 22:00:00+00:00,0.2777152715271527,0.0,0.0554872695346795,0.8874458874458875
2021-06-24 22:15:00+00:00,0.27781840684068404,0.0,0.0555092186128182,0.8865800865800866
2021-06-24 22:30:00+00:00,0.2779215421542154,0.0,0.0555311676909569,0.8857142857142857
2021-06-24 22:45:00+00:00,0.27802467746774673,0.0,0.05555311676909565,0.8848484848484848
2021-06-24 23:00:00+00:00,0.2781278127812781,0.0,0.0555750658472344,0.883982683982684
2021-06-24 23:15:00+00:00,0.27665579057905787,0.0,0.05493854258121155,0.8941558441558441
2021-06-24 23:30:00+00:00,0.2751837683768376,0.0,0.0543020193151887,0.9043290043290044
2021-06-24 23:45:00+00:00,0.2737117461746174,0.0,0.0536654960491659,0.9145021645021646
2021-06-25 00:00:00+00:00,0.2722397239723972,0.0,0.0530289727831431,0.9246753246753248
2021-06-25 00:15:00+00:00,0.26956758175817574,0.0,0.053555750658472304,0.9123376623376624
2021-06-25 00:30:00+00:00,0.2668954395439543,0.0,0.0540825285338015,0.9
2021-06-25 00:45:00+00:00,0.26422329732973293,0.0,0.05460930640913075,0.8876623376623376
2021-06-25 01:00:00+00:00,0.2615511551155115,0.0,0.05513608428446,0.8753246753246753
2021-06-25 01:15:00+00:00,0.257753900390039,0.0,0.05517998244073745,0.8794372294372295
2021-06-25 01:30:00+00:00,0.2539566456645664,0.0,0.0552238805970149,0.8835497835497835
2021-06-25 01:45:00+00:00,0.25015939093909384,0.0,0.05526777875329235,0.8876623376623376
2021-06-25 02:00:00+00:00,0.2463621362136213,0.0,0.0553116769095698,0.8917748917748918
2021-06-25 02:15:00+00:00,0.2415991599159915,0.0,0.0552019315188762,0.8833333333333333
2021-06-25 02:30:00+00:00,0.2368361836183617,0.0,0.0550921861281826,0.8748917748917748
2021-06-25 02:45:00+00:00,0.232073207320732,0.0,0.054982440737488994,0.8664502164502164
2021-06-25 03:00:00+00:00,0.2273102310231023,0.0,0.0548726953467954,0.858008658008658
2021-06-25 03:15:00+00:00,0.22040016501650161,0.0,0.053841088674275644,0.86991341991342
2021-06-25 03:30:00+00:00,0.2134900990099009,0.0,0.0528094820017559,0.8818181818181818
2021-06-25 03:45:00+00:00,0.20658003300330025,0.0,0.05177787532923615,0.8937229437229437
2021-06-25 04:00:00+00:00,0.1996699669966996,0.0,0.0507462686567164,0.9056277056277056
2021-06-25 04:15:00+00:00,0.1921129612961295,0.0,0.0610623353819139,0.9064935064935065
2021-06-25 04:30:00+00:00,0.1845559555955594,0.0,0.0713784021071114,0.9073593073593074
2021-06-25 04:45:00+00:00,0.1769989498949894,0.0,0.08169446883230895,0.9082251082251083
2021-06-25 05:00:00+00:00,0.1694419441944194,0.0,0.0920105355575065,0.9090909090909092
2021-06-25 05:15:00+00:00,0.1617349234923492,0.0,0.14835381913959605,0.9125541125541126
2021-06-25 05:30:00+00:00,0.154027902790279,0.0,0.2046971027216856,0.916017316017316
2021-06-25 05:45:00+00:00,0.1463208820882088,0.0,0.2610403863037752,0.9194805194805195
2021-06-25 06:00:00+00:00,0.1386138613861386,0.0,0.3173836698858648,0.922943722943723
2021-06-25 06:15:00+00:00,0.13504162916291626,0.0,0.39730026338893765,0.9268398268398268
2021-06-25 06:30:00+00:00,0.1314693969396939,0.0,0.4772168568920105,0.9307359307359306
2021-06-25 06:45:00+00:00,0.1278971647164716,0.0,0.5571334503950833,0.9346320346320345
2021-06-25 07:00:00+00:00,0.1243249324932493,0.0,0.6370500438981562,0.9385281385281384
2021-06-25 07:15:00+00:00,0.12329357935793575,0.0,0.6821334503950833,0.941125541125541
2021-06-25 07:30:00+00:00,0.1222622262226222,0.0,0.7272168568920105,0.9437229437229436
2021-06-25 07:45:00+00:00,0.1212308730873087,0.0,0.7723002633889376,0.9463203463203462
2021-06-25 08:00:00+00:00,0.1201995199519952,0.0,0.8173836698858647,0.9489177489177488
2021-06-25 08:15:00+00:00,0.11978697869786975,0.0,0.8363037752414398,0.9504329004329004
2021-06-25 08:30:00+00:00,0.1193744374437443,0.0,0.8552238805970149,0.951948051948052
2021-06-25 08:45:00+00:00,0.1189618961896189,0.0,0.87414398595259,0.9534632034632033
2021-06-25 09:00:00+00:00,0.1185493549354935,0.0,0.8930640913081651,0.9549783549783548
2021-06-25 09:15:00+00:00,0.1187368736873687,0.0,0.9040605794556629,0.9474025974025972
2021-06-25 09:30:00+00:00,0.1189243924392439,0.0,0.9150570676031607,0.9398268398268398
2021-06-25 09:45:00+00:00,0.11911191119111911,0.0,0.9260535557506586,0.9322510822510822
2021-06-25 10:00:00+00:00,0.1192994299429943,0.0,0.9370500438981564,0.9246753246753248
2021-06-25 10:15:00+00:00,0.12031203120312031,0.0,0.9421861281826164,0.9222943722943724
2021-06-25 10:30:00+00:00,0.1213246324632463,0.0,0.9473222124670764,0.91991341991342
2021-06-25 10:45:00+00:00,0.1223372337233723,0.0,0.9524582967515364,0.9175324675324676
2021-06-25 11:00:00+00:00,0.1233498349834983,0.0,0.9575943810359964,0.9151515151515152
2021-06-25 11:15:00+00:00,0.1236498649864986,0.0,0.9579236172080772,0.9090909090909092
2021-06-25 11:30:00+00:00,0.1239498949894989,0.0,0.958252853380158,0.9030303030303032
2021-06-25 11:45:00+00:00,0.1242499249924992,0.0,0.9585820895522388,0.896969696969697
2021-06-25 12:00:00+00:00,0.1245499549954995,0.0,0.9589113257243196,0.8909090909090909
2021-06-25 12:15:00+00:00,0.12515001500150005,0.0,0.9535996488147498,0.8902597402597402
2021-06-25 12:30:00+00:00,0.1257500750075006,0.0,0.94828797190518,0.8896103896103895
2021-06-25 12:45:00+00:00,0.12635013501350123,0.0,0.9429762949956102,0.888961038961039
2021-06-25 13:00:00+00:00,0.1269501950195019,0.0,0.9376646180860404,0.8883116883116883
2021-06-25 13:15:00+00:00,0.12857223222322223,0.0,0.9286874451273047,0.8852813852813852
2021-06-25 13:30:00+00:00,0.1301942694269426,0.0,0.919710272168569,0.8822510822510823
2021-06-25 13:45:00+00:00,0.13181630663066302,0.0,0.9107330992098333,0.8792207792207792
2021-06-25 14:00:00+00:00,0.1334383438343834,0.0,0.9017559262510976,0.8761904761904762
2021-06-25 14:15:00+00:00,0.135791704170417,0.0,0.8857111501316945,0.8746753246753247
2021-06-25 14:30:00+00:00,0.1381450645064506,0.0,0.8696663740122915,0.8731601731601731
2021-06-25 14:45:00+00:00,0.1404984248424842,0.0,0.8536215978928885,0.8716450216450216
2021-06-25 15:00:00+00:00,0.1428517851785178,0.0,0.8375768217734855,0.8701298701298701
2021-06-25 15:15:00+00:00,0.1442394239423942,0.0,0.8127963125548727,0.8703463203463203
2021-06-25 15:30:00+00:00,0.1456270627062706,0.0,0.7880158033362599,0.8705627705627705
2021-06-25 15:45:00+00:00,0.147014701470147,0.0,0.763235294117647,0.8707792207792208
2021-06-25 16:00:00+00:00,0.1484023402340234,0.0,0.7384547848990343,0.870995670995671
2021-06-25 16:15:00+00:00,0.15045567056705672,0.0,0.6944249341527655,0.88008658008658
2021-06-25 16:30:00+00:00,0.15250900090009,0.0,0.6503950834064969,0.8891774891774892
2021-06-25 16:45:00+00:00,0.1545623312331233,0.0,0.6063652326602282,0.8982683982683983
2021-06-25 17:00:00+00:00,0.1566156615661566,0.0,0.5623353819139596,0.9073593073593074
2021-06-25 17:15:00+00:00,0.158547104710471,0.0,0.497585601404741,0.9173160173160173
2021-06-25 17:30:00+00:00,0.1604785478547854,0.0,0.4328358208955224,0.9272727272727272
2021-06-25 17:45:00+00:00,0.16240999099909986,0.0,0.36808604038630377,0.9372294372294372
2021-06-25 18:00:00+00:00,0.1643414341434143,0.0,0.3033362598770852,0.9471861471861472
2021-06-25 18:15:00+00:00,0.16694794479447933,0.0,0.25223880597014925,0.9504329004329004
2021-06-25 18:30:00+00:00,0.1695544554455444,0.0,0.2011413520632133,0.9536796536796536
2021-06-25 18:45:00+00:00,0.17216096609660955,0.0,0.1500438981562774,0.9569264069264067
2021-06-25 19:00:00+00:00,0.1747674767476747,0.0,0.0989464442493415,0.96017316017316
2021-06-25 19:15:00+00:00,0.18214633963396337,0.0,0.0887181738366988,0.9554112554112553
2021-06-25 19:30:00+00:00,0.189525202520252,0.0,0.0784899034240561,0.9506493506493506
2021-06-25 19:45:00+00:00,0.19690406540654065,0.0,0.06826163301141344,0.945887445887446
2021-06-25 20:00:00+00:00,0.2042829282928293,0.0,0.0580333625987708,0.9411255411255413
2021-06-25 20:15:00+00:00,0.20786453645364533,0.0,0.05704565408252845,0.92987012987013
2021-06-25 20:30:00+00:00,0.2114461446144614,0.0,0.0560579455662861,0.9186147186147188
2021-06-25 20:45:00+00:00,0.2150277527752775,0.0,0.0550702370500438,0.9073593073593074
2021-06-25 21:00:00+00:00,0.2186093609360936,0.0,0.0540825285338015,0.8961038961038961
2021-06-25 21:15:00+00:00,0.21618099309930988,0.0,0.053643546971027155,0.8904761904761904
2021-06-25 21:30:00+00:00,0.2137526252625262,0.0,0.0532045654082528,0.8848484848484848
2021-06-25 21:45:00+00:00,0.2113242574257425,0.0,0.052765583845478456,0.8792207792207791
2021-06-25 22:00:00+00:00,0.2088958895889588,0.0,0.0523266022827041,0.8735930735930736
2021-06-25 22:15:00+00:00,0.20431105610561046,0.0,0.0523266022827041,0.8787878787878788
2021-06-25 22:30:00+00:00,0.1997262226222621,0.0,0.0523266022827041,0.883982683982684
2021-06-25 22:45:00+00:00,0.19514138913891382,0.0,0.0523266022827041,0.8891774891774892
2021-06-25 23:00:00+00:00,0.1905565556555655,0.0,0.0523266022827041,0.8943722943722944
2021-06-25 23:15:00+00:00,0.1868811881188118,0.0,0.0523266022827041,0.8848484848484848
2021-06-25 23:30:00+00:00,0.1832058205820581,0.0,0.0523266022827041,0.8753246753246753
2021-06-25 23:45:00+00:00,0.17953045304530446,0.0,0.0523266022827041,0.8658008658008658
2021-06-26 00:00:00+00:00,0.1758550855085508,0.0,0.0523266022827041,0.8562770562770563
2021-06-26 00:15:00+00:00,0.1729860486048604,0.0,0.05230465320456535,0.8536796536796537
2021-06-26 00:30:00+00:00,0.17011701170117,0.0,0.0522827041264266,0.8510822510822511
2021-06-26 00:45:00+00:00,0.16724797479747966,0.0,0.0522607550482879,0.8484848484848485
2021-06-26 01:00:00+00:00,0.1643789378937893,0.0,0.0522388059701492,0.8458874458874459
2021-06-26 01:15:00+00:00,0.15886588658865874,0.0,0.0522388059701492,0.8467532467532468
2021-06-26 01:30:00+00:00,0.1533528352835282,0.0,0.0522388059701492,0.8476190476190476
2021-06-26 01:45:00+00:00,0.14783978397839775,0.0,0.0522388059701492,0.8484848484848484
2021-06-26 02:00:00+00:00,0.1423267326732673,0.0,0.0522388059701492,0.8493506493506493
2021-06-26 02:15:00+00:00,0.13686993699369934,0.0,0.0521290605794556,0.8502164502164502
2021-06-26 02:30:00+00:00,0.1314131413141314,0.0,0.052019315188762,0.8510822510822511
2021-06-26 02:45:00+00:00,0.12595634563456345,0.0,0.051909569798068406,0.851948051948052
2021-06-26 03:00:00+00:00,0.1204995499549955,0.0,0.0517998244073748,0.8528138528138528
2021-06-26 03:15:00+00:00,0.1197588508850885,0.0,0.049517120280948096,0.8525974025974026
2021-06-26 03:30:00+00:00,0.1190181518151815,0.0,0.0472344161545214,0.8523809523809524
2021-06-26 03:45:00+00:00,0.1182774527452745,0.0,0.044951712028094754,0.8521645021645021
2021-06-26 04:00:00+00:00,0.1175367536753675,0.0,0.0426690079016681,0.8519480519480519
2021-06-26 04:15:00+00:00,0.11696482148214815,0.0,0.04920983318700605,0.8489177489177488
2021-06-26 04:30:00+00:00,0.1163928892889288,0.0,0.055750658472344,0.8458874458874459
2021-06-26 04:45:00+00:00,0.1158209570957095,0.0,0.06229148375768205,0.8428571428571429
2021-06-26 05:00:00+00:00,0.1152490249024902,0.0,0.0688323090430201,0.8398268398268398
2021-06-26 05:15:00+00:00,0.11187368736873679,0.0,0.12115891132572419,0.8471861471861472
2021-06-26 05:30:00+00:00,0.1084983498349834,0.0,0.1734855136084283,0.8545454545454545
2021-06-26 05:45:00+00:00,0.10512301230123006,0.0,0.22581211589113248,0.861904761904762
2021-06-26 06:00:00+00:00,0.1017476747674767,0.0,0.2781387181738367,0.8692640692640693
2021-06-26 06:15:00+00:00,0.09857860786078601,0.0,0.35963564530289727,0.8712121212121213
2021-06-26 06:30:00+00:00,0.0954095409540953,0.0,0.4411325724319578,0.8731601731601732
2021-06-26 06:45:00+00:00,0.09224047404740465,0.0,0.5226294995610183,0.8751082251082252
2021-06-26 07:00:00+00:00,0.089071407140714,0.0,0.604126426690079,0.8770562770562771
2021-06-26 07:15:00+00:00,0.0898777377737773,0.0,0.6541483757682177,0.8770562770562771
2021-06-26 07:30:00+00:00,0.0906840684068406,0.0,0.7041703248463564,0.8770562770562771
2021-06-26 07:45:00+00:00,0.09149039903990394,0.0,0.7541922739244952,0.8770562770562771
2021-06-26 08:00:00+00:00,0.0922967296729673,0.0,0.8042142230026339,0.8770562770562771
2021-06-26 08:15:00+00:00,0.0956814431443144,0.0,0.8255267778753292,0.8768398268398269
2021-06-26 08:30:00+00:00,0.0990661566156615,0.0,0.8468393327480246,0.8766233766233766
2021-06-26 08:45:00+00:00,0.10245087008700865,0.0,0.8681518876207199,0.8764069264069264
2021-06-26 09:00:00+00:00,0.1058355835583558,0.0,0.8894644424934153,0.8761904761904762
2021-06-26 09:15:00+00:00,0.11479897989798976,0.0,0.9005267778753292,0.8753246753246753
2021-06-26 09:30:00+00:00,0.1237623762376237,0.0,0.9115891132572432,0.8744588744588744
2021-06-26 09:45:00+00:00,0.13272577257725765,0.0,0.9226514486391573,0.8735930735930735
2021-06-26 10:00:00+00:00,0.1416891689168916,0.0,0.9337137840210712,0.8727272727272727
2021-06-26 10:15:00+00:00,0.1556030603060305,0.0,0.9365891132572433,0.8681818181818182
2021-06-26 10:30:00+00:00,0.1695169516951694,0.0,0.9394644424934152,0.8636363636363635
2021-06-26 10:45:00+00:00,0.18343084308430835,0.0,0.9423397717295874,0.859090909090909
2021-06-26 11:00:00+00:00,0.1973447344734473,0.0,0.9452151009657594,0.8545454545454545
2021-06-26 11:15:00+00:00,0.20822082208220816,0.0,0.9347673397717295,0.8474025974025974
2021-06-26 11:30:00+00:00,0.219096909690969,0.0,0.9243195785776996,0.8402597402597403
2021-06-26 11:45:00+00:00,0.22997299729972992,0.0,0.9138718173836697,0.8331168831168831
2021-06-26 12:00:00+00:00,0.2408490849084908,0.0,0.90342405618964,0.825974025974026
2021-06-26 12:15:00+00:00,0.24932493249324927,0.0,0.8941834942932396,0.8201298701298702
2021-06-26 12:30:00+00:00,0.2578007800780078,0.0,0.8849429323968393,0.8142857142857143
2021-06-26 12:45:00+00:00,0.2662766276627663,0.0,0.875702370500439,0.8084415584415585
2021-06-26 13:00:00+00:00,0.2747524752475248,0.0,0.8664618086040387,0.8025974025974026
2021-06-26 13:15:00+00:00,0.2800967596759676,0.0,0.8547410008779632,0.7997835497835498
2021-06-26 13:30:00+00:00,0.2854410441044104,0.0,0.8430201931518877,0.796969696969697
2021-06-26 13:45:00+00:00,0.2907853285328532,0.0,0.8312993854258122,0.7941558441558442
2021-06-26 14:00:00+00:00,0.2961296129612961,0.0,0.8195785776997366,0.7913419913419913
2021-06-26 14:15:00+00:00,0.2991111611161116,0.0,0.8090430201931519,0.7913419913419913
2021-06-26 14:30:00+00:00,0.302092709270927,0.0,0.7985074626865671,0.7913419913419913
2021-06-26 14:45:00+00:00,0.3050742574257425,0.0,0.7879719051799825,0.7913419913419913
2021-06-26 15:00:00+00:00,0.308055805580558,0.0,0.7774363476733978,0.7913419913419913
2021-06-26 15:15:00+00:00,0.30822457245724566,0.0,0.7503731343283582,0.7924242424242425
2021-06-26 15:30:00+00:00,0.3083933393339333,0.0,0.7233099209833187,0.7935064935064935
2021-06-26 15:45:00+00:00,0.30856210621062097,0.0,0.6962467076382791,0.7945887445887445
2021-06-26 16:00:00+00:00,0.3087308730873087,0.0,0.6691834942932396,0.7956709956709956
2021-06-26 16:15:00+00:00,0.30636813681368136,0.0,0.6293898156277435,0.7948051948051948
2021-06-26 16:30:00+00:00,0.304005400540054,0.0,0.5895961369622476,0.793939393939394
2021-06-26 16:45:00+00:00,0.3016426642664266,0.0,0.5498024582967516,0.793073593073593
2021-06-26 17:00:00+00:00,0.2992799279927993,0.0,0.5100087796312555,0.7922077922077922
2021-06-26 17:15:00+00:00,0.2947232223222322,0.0,0.4517559262510974,0.7956709956709958
2021-06-26 17:30:00+00:00,0.2901665166516651,0.0,0.3935030728709394,0.7991341991341991
2021-06-26 17:45:00+00:00,0.28560981098109806,0.0,0.3352502194907814,0.8025974025974025
2021-06-26 18:00:00+00:00,0.281053105310531,0.0,0.2769973661106233,0.806060606060606
2021-06-26 18:15:00+00:00,0.27580258025802573,0.0,0.23419666374012285,0.8134199134199135
2021-06-26 18:30:00+00:00,0.2705520552055205,0.0,0.1913959613696224,0.8207792207792208
2021-06-26 18:45:00+00:00,0.2653015301530153,0.0,0.148595258999122,0.8281385281385282
2021-06-26 19:00:00+00:00,0.26005100510051,0.0,0.1057945566286216,0.8354978354978355
2021-06-26 19:15:00+00:00,0.2566194119411941,0.0,0.09563213345039505,0.8396103896103896
2021-06-26 19:30:00+00:00,0.2531878187818781,0.0,0.0854697102721685,0.8437229437229437
2021-06-26 19:45:00+00:00,0.24975622562256222,0.0,0.075307287093942,0.8478354978354978
2021-06-26 20:00:00+00:00,0.2463246324632463,0.0,0.0651448639157155,0.8519480519480519
2021-06-26 20:15:00+00:00,0.24302430243024298,0.0,0.06457418788410879,0.8497835497835498
2021-06-26 20:30:00+00:00,0.2397239723972397,0.0,0.0640035118525021,0.8476190476190476
2021-06-26 20:45:00+00:00,0.2364236423642364,0.0,0.06343283582089546,0.8454545454545455
2021-06-26 21:00:00+00:00,0.2331233123312331,0.0,0.0628621597892888,0.8432900432900433
2021-06-26 21:15:00+00:00,0.22994486948694864,0.0,0.06294995610184365,0.8484848484848485
2021-06-26 21:30:00+00:00,0.2267664266426642,0.0,0.0630377524143985,0.8536796536796537
2021-06-26 21:45:00+00:00,0.2235879837983798,0.0,0.0631255487269534,0.8588744588744589
2021-06-26 22:00:00+00:00,0.2204095409540954,0.0,0.0632133450395083,0.8640692640692641
2021-06-26 22:15:00+00:00,0.21365886588658864,0.0,0.06327919227392445,0.8753246753246753
2021-06-26 22:30:00+00:00,0.2069081908190819,0.0,0.0633450395083406,0.8865800865800866
2021-06-26 22:45:00+00:00,0.20015751575157514,0.0,0.06341088674275674,0.8978354978354979
2021-06-26 23:00:00+00:00,0.1934068406840684,0.0,0.0634767339771729,0.9090909090909092
2021-06-26 23:15:00+00:00,0.18920642064206422,0.0,0.06354258121158905,0.9008658008658009
2021-06-26 23:30:00+00:00,0.18500600060006,0.0,0.0636084284460052,0.8926406926406927
2021-06-26 23:45:00+00:00,0.1808055805580558,0.0,0.06367427568042135,0.8844155844155844
2021-06-27 00:00:00+00:00,0.1766051605160516,0.0,0.0637401229148375,0.8761904761904762
2021-06-27 00:15:00+00:00,0.17409240924092406,0.0,0.0637181738366988,0.8679653679653679
2021-06-27 00:30:00+00:00,0.1715796579657965,0.0,0.0636962247585601,0.8597402597402597
2021-06-27 00:45:00+00:00,0.16906690669066898,0.0,0.0636742756804214,0.8515151515151516
2021-06-27 01:00:00+00:00,0.1665541554155415,0.0,0.0636523266022827,0.8432900432900433
2021-06-27 01:15:00+00:00,0.16589783978397835,0.0,0.0630597014925373,0.8443722943722944
2021-06-27 01:30:00+00:00,0.1652415241524152,0.0,0.0624670763827919,0.8454545454545455
2021-06-27 01:45:00+00:00,0.16458520852085207,0.0,0.0618744512730465,0.8465367965367965
2021-06-27 02:00:00+00:00,0.1639288928892889,0.0,0.0612818261633011,0.8476190476190476
2021-06-27 02:15:00+00:00,0.1604222922292229,0.0,0.05981123792800695,0.8569264069264069
2021-06-27 02:30:00+00:00,0.1569156915691569,0.0,0.0583406496927128,0.8662337662337662
2021-06-27 02:45:00+00:00,0.1534090909090909,0.0,0.0568700614574187,0.8755411255411256
2021-06-27 03:00:00+00:00,0.1499024902490249,0.0,0.0553994732221246,0.8848484848484849
2021-06-27 03:15:00+00:00,0.15007125712571256,0.0,0.05158033362598765,0.88008658008658
2021-06-27 03:30:00+00:00,0.1502400240024002,0.0,0.0477611940298507,0.8753246753246753
2021-06-27 03:45:00+00:00,0.15040879087908784,0.0,0.043942054433713754,0.8705627705627705
2021-06-27 04:00:00+00:00,0.1505775577557755,0.0,0.0401229148375768,0.8658008658008658
2021-06-27 04:15:00+00:00,0.149311806180618,0.0,0.047761194029850705,0.853030303030303
2021-06-27 04:30:00+00:00,0.1480460546054605,0.0,0.0553994732221246,0.8402597402597403
2021-06-27 04:45:00+00:00,0.14678030303030298,0.0,0.06303775241439855,0.8274891774891775
2021-06-27 05:00:00+00:00,0.1455145514551455,0.0,0.0706760316066725,0.8147186147186147
2021-06-27 05:15:00+00:00,0.1393451845184518,0.0,0.12069798068481119,0.814935064935065
2021-06-27 05:30:00+00:00,0.1331758175817581,0.0,0.1707199297629499,0.8151515151515152
2021-06-27 05:45:00+00:00,0.12700645064506444,0.0,0.22074187884108865,0.8153679653679654
2021-06-27 06:00:00+00:00,0.1208370837083708,0.0,0.2707638279192274,0.8155844155844156
2021-06-27 06:15:00+00:00,0.11800555055505546,0.0,0.34523705004389815,0.816883116883117
2021-06-27 06:30:00+00:00,0.1151740174017401,0.0,0.4197102721685689,0.8181818181818182
2021-06-27 06:45:00+00:00,0.1123424842484248,0.0,0.4941834942932397,0.8194805194805195
2021-06-27 07:00:00+00:00,0.1095109510951095,0.0,0.5686567164179105,0.8207792207792208
2021-06-27 07:15:00+00:00,0.11148927392739269,0.0,0.622585601404741,0.8173160173160173
2021-06-27 07:30:00+00:00,0.1134675967596759,0.0,0.6765144863915715,0.8138528138528138
2021-06-27 07:45:00+00:00,0.11544591959195916,0.0,0.7304433713784021,0.8103896103896104
2021-06-27 08:00:00+00:00,0.1174242424242424,0.0,0.7843722563652327,0.8069264069264069
2021-06-27 08:15:00+00:00,0.12700645064506444,0.0,0.8115232660228271,0.8006493506493506
2021-06-27 08:30:00+00:00,0.1365886588658865,0.0,0.8386742756804214,0.7943722943722944
2021-06-27 08:45:00+00:00,0.1461708670867086,0.0,0.8658252853380157,0.7880952380952382
2021-06-27 09:00:00+00:00,0.1557530753075307,0.0,0.8929762949956102,0.7818181818181819
2021-06-27 09:15:00+00:00,0.16711671167116704,0.0,0.905531167690957,0.7796536796536797
2021-06-27 09:30:00+00:00,0.1784803480348034,0.0,0.9180860403863038,0.7774891774891775
2021-06-27 09:45:00+00:00,0.1898439843984398,0.0,0.9306409130816506,0.7753246753246753
2021-06-27 10:00:00+00:00,0.2012076207620762,0.0,0.9431957857769974,0.7731601731601732
2021-06-27 10:15:00+00:00,0.2096553405340534,0.0,0.9438542581211589,0.7675324675324675
2021-06-27 10:30:00+00:00,0.2181030603060306,0.0,0.9445127304653204,0.7619047619047619
2021-06-27 10:45:00+00:00,0.2265507800780078,0.0,0.945171202809482,0.7562770562770562
2021-06-27 11:00:00+00:00,0.234998499849985,0.0,0.9458296751536436,0.7506493506493507
2021-06-27 11:15:00+00:00,0.23737998799879984,0.0,0.9465320456540827,0.7463203463203463
2021-06-27 11:30:00+00:00,0.2397614761476147,0.0,0.9472344161545216,0.741991341991342
2021-06-27 11:45:00+00:00,0.24214296429642962,0.0,0.9479367866549606,0.7376623376623377
2021-06-27 12:00:00+00:00,0.2445244524452445,0.0,0.9486391571553996,0.7333333333333333
2021-06-27 12:15:00+00:00,0.2523814881488149,0.0,0.9424056189640035,0.7298701298701298
2021-06-27 12:30:00+00:00,0.2602385238523852,0.0,0.9361720807726076,0.7264069264069264
2021-06-27 12:45:00+00:00,0.2680955595559556,0.0,0.9299385425812117,0.722943722943723
2021-06-27 13:00:00+00:00,0.275952595259526,0.0,0.9237050043898156,0.7194805194805195
2021-06-27 13:15:00+00:00,0.2844565706570657,0.0,0.9121817383669886,0.7142857142857143
2021-06-27 13:30:00+00:00,0.2929605460546054,0.0,0.9006584723441615,0.7090909090909091
2021-06-27 13:45:00+00:00,0.3014645214521452,0.0,0.8891352063213345,0.7038961038961039
2021-06-27 14:00:00+00:00,0.3099684968496849,0.0,0.8776119402985074,0.6987012987012987
2021-06-27 14:15:00+00:00,0.31953195319531946,0.0,0.8534021071115012,0.6984848484848485
2021-06-27 14:30:00+00:00,0.329095409540954,0.0,0.8291922739244951,0.6982683982683983
2021-06-27 14:45:00+00:00,0.3386588658865886,0.0,0.804982440737489,0.698051948051948
2021-06-27 15:00:00+00:00,0.3482223222322232,0.0,0.7807726075504828,0.6978354978354978
2021-06-27 15:15:00+00:00,0.3588921392139214,0.0,0.7526558384547849,0.7108225108225108
2021-06-27 15:30:00+00:00,0.3695619561956195,0.0,0.724539069359087,0.7238095238095238
2021-06-27 15:45:00+00:00,0.3802317731773177,0.0,0.6964223002633889,0.7367965367965368
2021-06-27 16:00:00+00:00,0.3909015901590159,0.0,0.668305531167691,0.7497835497835498
2021-06-27 16:15:00+00:00,0.4005400540054005,0.0,0.6240342405618964,0.7577922077922078
2021-06-27 16:30:00+00:00,0.4101785178517851,0.0,0.5797629499561019,0.7658008658008658
2021-06-27 16:45:00+00:00,0.4198169816981697,0.0,0.5354916593503073,0.7738095238095238
2021-06-27 17:00:00+00:00,0.4294554455445544,0.0,0.4912203687445127,0.7818181818181819
2021-06-27 17:15:00+00:00,0.43202445244524446,0.0,0.43742317822651444,0.7716450216450217
2021-06-27 17:30:00+00:00,0.4345934593459345,0.0,0.3836259877085162,0.7614718614718614
2021-06-27 17:45:00+00:00,0.4371624662466246,0.0,0.32982879719051794,0.7512987012987012
2021-06-27 18:00:00+00:00,0.4397314731473147,0.0,0.2760316066725197,0.7411255411255411
2021-06-27 18:15:00+00:00,0.4321650915091509,0.0,0.23252853380158023,0.7608225108225108
2021-06-27 18:30:00+00:00,0.424598709870987,0.0,0.1890254609306408,0.7805194805194805
2021-06-27 18:45:00+00:00,0.4170323282328232,0.0,0.1455223880597014,0.8002164502164502
2021-06-27 19:00:00+00:00,0.4094659465946594,0.0,0.102019315188762,0.8199134199134199
2021-06-27 19:15:00+00:00,0.4023683618361836,0.0,0.09255926251097446,0.8173160173160173
2021-06-27 19:30:00+00:00,0.3952707770777077,0.0,0.0830992098331869,0.8147186147186147
2021-06-27 19:45:00+00:00,0.3881731923192319,0.0,0.0736391571553994,0.8121212121212121
2021-06-27 20:00:00+00:00,0.3810756075607561,0.0,0.0641791044776119,0.8095238095238095
2021-06-27 20:15:00+00:00,0.37260913591359135,0.0,0.0636084284460052,0.8103896103896104
2021-06-27 20:30:00+00:00,0.3641426642664266,0.0,0.0630377524143985,0.8112554112554113
2021-06-27 20:45:00+00:00,0.35567619261926187,0.0,0.06246707638279185,0.8121212121212122
2021-06-27 21:00:00+00:00,0.3472097209720972,0.0,0.0618964003511852,0.812987012987013
2021-06-27 21:15:00+00:00,0.33668991899189915,0.0,0.0617647058823529,0.8298701298701299
2021-06-27 21:30:00+00:00,0.3261701170117012,0.0,0.0616330114135206,0.8467532467532468
2021-06-27 21:45:00+00:00,0.31565031503150315,0.0,0.0615013169446883,0.8636363636363636
2021-06-27 22:00:00+00:00,0.3051305130513051,0.0,0.061369622475856,0.8805194805194805
2021-06-27 22:15:00+00:00,0.29672029702970293,0.0,0.061369622475856,0.8603896103896104
2021-06-27 22:30:00+00:00,0.2883100810081007,0.0,0.061369622475856,0.8402597402597403
2021-06-27 22:45:00+00:00,0.27989986498649855,0.0,0.061369622475856,0.8201298701298702
2021-06-27 23:00:00+00:00,0.2714896489648964,0.0,0.061369622475856,0.8
2021-06-27 23:15:00+00:00,0.26934255925592554,0.0,0.06134767339771725,0.7941558441558442
2021-06-27 23:30:00+00:00,0.2671954695469546,0.0,0.0613257243195785,0.7883116883116883
2021-06-27 23:45:00+00:00,0.2650483798379838,0.0,0.061303775241439804,0.7824675324675325
2021-06-28 00:00:00+00:00,0.2629012901290129,0.0,0.0612818261633011,0.7766233766233767
2021-06-28 00:15:00+00:00,0.26236686168616863,0.0,0.061259877085162354,0.7742424242424242
2021-06-28 00:30:00+00:00,0.2618324332433243,0.0,0.0612379280070236,0.7718614718614718
2021-06-28 00:45:00+00:00,0.26129800480048,0.0,0.061215978928884904,0.7694805194805194
2021-06-28 01:00:00+00:00,0.2607635763576357,0.0,0.0611940298507462,0.7670995670995671
2021-06-28 01:15:00+00:00,0.25912278727872784,0.0,0.06115013169446875,0.7688311688311689
2021-06-28 01:30:00+00:00,0.25748199819982,0.0,0.0611062335381913,0.7705627705627706
2021-06-28 01:45:00+00:00,0.2558412091209121,0.0,0.0610623353819139,0.7722943722943723
2021-06-28 02:00:00+00:00,0.2542004200420042,0.0,0.0610184372256365,0.7740259740259741
2021-06-28 02:15:00+00:00,0.2502250225022502,0.0,0.0578797190517998,0.770995670995671
2021-06-28 02:30:00+00:00,0.2462496249624962,0.0,0.0547410008779631,0.767965367965368
2021-06-28 02:45:00+00:00,0.24227422742274224,0.0,0.0516022827041264,0.7649350649350649
2021-06-28 03:00:00+00:00,0.2382988298829883,0.0,0.0484635645302897,0.7619047619047619
2021-06-28 03:15:00+00:00,0.2349047404740474,0.0,0.04350307287093935,0.766017316017316
2021-06-28 03:30:00+00:00,0.2315106510651065,0.0,0.038542581211589,0.7701298701298701
2021-06-28 03:45:00+00:00,0.2281165616561656,0.0,0.0335820895522387,0.7742424242424242
2021-06-28 04:00:00+00:00,0.2247224722472247,0.0,0.0286215978928884,0.7783549783549784
2021-06-28 04:15:00+00:00,0.22007200720072,0.0,0.0387840210711149,0.7841991341991342
2021-06-28 04:30:00+00:00,0.2154215421542153,0.0,0.0489464442493414,0.7900432900432901
2021-06-28 04:45:00+00:00,0.2107710771077107,0.0,0.05910886742756795,0.7958874458874459
2021-06-28 05:00:00+00:00,0.2061206120612061,0.0,0.0692712906057945,0.8017316017316017
2021-06-28 05:15:00+00:00,0.19762601260126011,0.0,0.131694468832309,0.8136363636363637
2021-06-28 05:30:00+00:00,0.1891314131413141,0.0,0.1941176470588235,0.8255411255411256
2021-06-28 05:45:00+00:00,0.18063681368136808,0.0,0.256540825285338,0.8374458874458874
2021-06-28 06:00:00+00:00,0.1721422142214221,0.0,0.3189640035118525,0.8493506493506493
2021-06-28 06:15:00+00:00,0.16826995199519945,0.0,0.40572870939420547,0.8504329004329004
2021-06-28 06:30:00+00:00,0.1643976897689768,0.0,0.4924934152765584,0.8515151515151516
2021-06-28 06:45:00+00:00,0.1605254275427542,0.0,0.5792581211589113,0.8525974025974026
2021-06-28 07:00:00+00:00,0.1566531653165316,0.0,0.6660228270412643,0.8536796536796537
2021-06-28 07:15:00+00:00,0.1543466846684668,0.0,0.7087796312554873,0.8569264069264069
2021-06-28 07:30:00+00:00,0.152040204020402,0.0,0.7515364354697103,0.8601731601731601
2021-06-28 07:45:00+00:00,0.1497337233723372,0.0,0.7942932396839333,0.8634199134199134
2021-06-28 08:00:00+00:00,0.1474272427242724,0.0,0.8370500438981563,0.8666666666666667
2021-06-28 08:15:00+00:00,0.14776477647764769,0.0,0.8543459174714663,0.8621212121212122
2021-06-28 08:30:00+00:00,0.148102310231023,0.0,0.8716417910447761,0.8575757575757577
2021-06-28 08:45:00+00:00,0.14843984398439836,0.0,0.888937664618086,0.853030303030303
2021-06-28 09:00:00+00:00,0.1487773777377737,0.0,0.906233538191396,0.8484848484848485
2021-06-28 09:15:00+00:00,0.1484773477347734,0.0,0.9195127304653204,0.843939393939394
2021-06-28 09:30:00+00:00,0.1481773177317731,0.0,0.932791922739245,0.8393939393939394
2021-06-28 09:45:00+00:00,0.1478772877287728,0.0,0.9460711150131695,0.8348484848484848
2021-06-28 10:00:00+00:00,0.1475772577257725,0.0,0.959350307287094,0.8303030303030303
2021-06-28 10:15:00+00:00,0.14949932493249313,0.0,0.9636742756804215,0.8277056277056277
2021-06-28 10:30:00+00:00,0.1514213921392138,0.0,0.967998244073749,0.8251082251082251
2021-06-28 10:45:00+00:00,0.1533434593459345,0.0,0.9723222124670765,0.8225108225108225
2021-06-28 11:00:00+00:00,0.1552655265526552,0.0,0.976646180860404,0.8199134199134199
2021-06-28 11:15:00+00:00,0.15754387938793868,0.0,0.9762730465320457,0.8199134199134199
2021-06-28 11:30:00+00:00,0.1598222322232222,0.0,0.9758999122036875,0.8199134199134199
2021-06-28 11:45:00+00:00,0.16210058505850575,0.0,0.9755267778753293,0.8199134199134199
2021-06-28 12:00:00+00:00,0.1643789378937893,0.0,0.975153643546971,0.8199134199134199
2021-06-28 12:15:00+00:00,0.16582283228322825,0.0,0.9717954345917471,0.8192640692640693
2021-06-28 12:30:00+00:00,0.1672667266726672,0.0,0.9684372256365232,0.8186147186147186
2021-06-28 12:45:00+00:00,0.16871062106210616,0.0,0.9650790166812995,0.817965367965368
2021-06-28 13:00:00+00:00,0.1701545154515451,0.0,0.9617208077260756,0.8173160173160173
2021-06-28 13:15:00+00:00,0.17113898889888984,0.0,0.9521290605794558,0.8192640692640694
2021-06-28 13:30:00+00:00,0.1721234623462346,0.0,0.942537313432836,0.8212121212121213
2021-06-28 13:45:00+00:00,0.17310793579357936,0.0,0.932945566286216,0.8231601731601732
2021-06-28 14:00:00+00:00,0.1740924092409241,0.0,0.923353819139596,0.8251082251082251
2021-06-28 14:15:00+00:00,0.17532065706570654,0.0,0.9093722563652326,0.8240259740259741
2021-06-28 14:30:00+00:00,0.176548904890489,0.0,0.8953906935908691,0.822943722943723
2021-06-28 14:45:00+00:00,0.1777771527152715,0.0,0.8814091308165057,0.8218614718614718
2021-06-28 15:00:00+00:00,0.179005400540054,0.0,0.8674275680421423,0.8207792207792208
2021-06-28 15:15:00+00:00,0.1796523402340234,0.0,0.843766461808604,0.8201298701298702
2021-06-28 15:30:00+00:00,0.1802992799279928,0.0,0.8201053555750659,0.8194805194805195
2021-06-28 15:45:00+00:00,0.1809462196219622,0.0,0.7964442493415277,0.8188311688311689
2021-06-28 16:00:00+00:00,0.1815931593159316,0.0,0.7727831431079895,0.8181818181818182
2021-06-28 16:15:00+00:00,0.18268076807680766,0.0,0.734657594381036,0.8231601731601732
2021-06-28 16:30:00+00:00,0.1837683768376837,0.0,0.6965320456540824,0.8281385281385282
2021-06-28 16:45:00+00:00,0.1848559855985598,0.0,0.658406496927129,0.8331168831168831
2021-06-28 17:00:00+00:00,0.1859435943594359,0.0,0.6202809482001755,0.8380952380952381
2021-06-28 17:15:00+00:00,0.18419029402940287,0.0,0.5548287971905179,0.8512987012987012
2021-06-28 17:30:00+00:00,0.1824369936993699,0.0,0.4893766461808604,0.8645021645021644
2021-06-28 17:45:00+00:00,0.18068369336933687,0.0,0.4239244951712028,0.8777056277056277
2021-06-28 18:00:00+00:00,0.1789303930393039,0.0,0.3584723441615452,0.8909090909090909
2021-06-28 18:15:00+00:00,0.18037428742874284,0.0,0.2998244073748902,0.8952380952380953
2021-06-28 18:30:00+00:00,0.1818181818181818,0.0,0.2411764705882352,0.8995670995670997
2021-06-28 18:45:00+00:00,0.18326207620762075,0.0,0.18252853380158024,0.903896103896104
2021-06-28 19:00:00+00:00,0.1847059705970597,0.0,0.1238805970149253,0.9082251082251084
2021-06-28 19:15:00+00:00,0.1827182718271827,0.0,0.1112598770851623,0.9084415584415586
2021-06-28 19:30:00+00:00,0.1807305730573057,0.0,0.0986391571553993,0.9086580086580088
2021-06-28 19:45:00+00:00,0.1787428742874287,0.0,0.0860184372256364,0.908874458874459
2021-06-28 20:00:00+00:00,0.1767551755175517,0.0,0.0733977172958735,0.9090909090909092
2021-06-28 20:15:00+00:00,0.17489873987398735,0.0,0.07260755048287965,0.9047619047619049
2021-06-28 20:30:00+00:00,0.173042304230423,0.0,0.0718173836698858,0.9004329004329005
2021-06-28 20:45:00+00:00,0.17118586858685864,0.0,0.07102721685689195,0.8961038961038961
2021-06-28 21:00:00+00:00,0.1693294329432943,0.0,0.0702370500438981,0.8917748917748918
2021-06-28 21:15:00+00:00,0.17040766576657662,0.0,0.0702589991220368,0.8822510822510823
2021-06-28 21:30:00+00:00,0.1714858985898589,0.0,0.0702809482001755,0.8727272727272728
2021-06-28 21:45:00+00:00,0.17256413141314125,0.0,0.07030289727831425,0.8632034632034633
2021-06-28 22:00:00+00:00,0.1736423642364236,0.0,0.070324846356453,0.8536796536796537
2021-06-28 22:15:00+00:00,0.17172967296729666,0.0,0.07028094820017555,0.8471861471861473
2021-06-28 22:30:00+00:00,0.1698169816981697,0.0,0.0702370500438981,0.8406926406926407
2021-06-28 22:45:00+00:00,0.16790429042904284,0.0,0.07019315188762065,0.8341991341991343
2021-06-28 23:00:00+00:00,0.165991599159916,0.0,0.0701492537313432,0.8277056277056277
2021-06-28 23:15:00+00:00,0.16300067506750676,0.0,0.0701712028094819,0.8194805194805195
2021-06-28 23:30:00+00:00,0.1600097509750975,0.0,0.0701931518876206,0.8112554112554113
2021-06-28 23:45:00+00:00,0.15701882688268826,0.0,0.07021510096575935,0.8030303030303031
2021-06-29 00:00:00+00:00,0.154027902790279,0.0,0.0702370500438981,0.7948051948051948
2021-06-29 00:15:00+00:00,0.1492180468046804,0.0,0.07021510096575935,0.7891774891774892
2021-06-29 00:30:00+00:00,0.1444081908190818,0.0,0.0701931518876206,0.7835497835497836
2021-06-29 00:45:00+00:00,0.13959833483348325,0.0,0.0701712028094819,0.7779220779220779
2021-06-29 01:00:00+00:00,0.1347884788478847,0.0,0.0701492537313432,0.7722943722943723
2021-06-29 01:15:00+00:00,0.12906915691569149,0.0,0.07012730465320449,0.7735930735930736
2021-06-29 01:30:00+00:00,0.1233498349834983,0.0,0.0701053555750658,0.7748917748917749
2021-06-29 01:45:00+00:00,0.11763051305130509,0.0,0.0700834064969271,0.7761904761904761
2021-06-29 02:00:00+00:00,0.1119111911191119,0.0,0.0700614574187884,0.7774891774891775
2021-06-29 02:15:00+00:00,0.10798267326732669,0.0,0.06973222124670761,0.777056277056277
2021-06-29 02:30:00+00:00,0.1040541554155415,0.0,0.0694029850746268,0.7766233766233765
2021-06-29 02:45:00+00:00,0.10012563756375635,0.0,0.06907374890254606,0.7761904761904761
2021-06-29 03:00:00+00:00,0.0961971197119712,0.0,0.0687445127304653,0.7757575757575758
2021-06-29 03:15:00+00:00,0.09481885688568856,0.0,0.06435469710272165,0.7833333333333333
2021-06-29 03:30:00+00:00,0.0934405940594059,0.0,0.059964881474978,0.7909090909090909
2021-06-29 03:45:00+00:00,0.09206233123312324,0.0,0.055575065847234345,0.7984848484848485
2021-06-29 04:00:00+00:00,0.0906840684068406,0.0,0.0511852502194907,0.806060606060606
2021-06-29 04:15:00+00:00,0.08868699369936985,0.0,0.0609525899912203,0.811038961038961
2021-06-29 04:30:00+00:00,0.0866899189918991,0.0,0.0707199297629499,0.8160173160173161
2021-06-29 04:45:00+00:00,0.08469284428442835,0.0,0.0804872695346795,0.8209956709956711
2021-06-29 05:00:00+00:00,0.0826957695769576,0.0,0.0902546093064091,0.825974025974026
2021-06-29 05:15:00+00:00,0.0796767176717671,0.0,0.14984635645302896,0.8415584415584416
2021-06-29 05:30:00+00:00,0.0766576657665766,0.0,0.2094381035996488,0.8571428571428572
2021-06-29 05:45:00+00:00,0.07363861386138609,0.0,0.2690298507462686,0.8727272727272727
2021-06-29 06:00:00+00:00,0.0706195619561956,0.0,0.3286215978928885,0.8883116883116883
2021-06-29 06:15:00+00:00,0.06905378037803775,0.0,0.4108428446005267,0.887012987012987
2021-06-29 06:30:00+00:00,0.0674879987998799,0.0,0.493064091308165,0.8857142857142857
2021-06-29 06:45:00+00:00,0.0659222172217221,0.0,0.5752853380158033,0.8844155844155843
2021-06-29 07:00:00+00:00,0.0643564356435643,0.0,0.6575065847234416,0.8831168831168831
2021-06-29 07:15:00+00:00,0.06245312031203115,0.0,0.701009657594381,0.8826839826839827
2021-06-29 07:30:00+00:00,0.060549804980498,0.0,0.7445127304653205,0.8822510822510823
2021-06-29 07:45:00+00:00,0.05864648964896485,0.0,0.7880158033362599,0.8818181818181818
2021-06-29 08:00:00+00:00,0.0567431743174317,0.0,0.8315188762071993,0.8813852813852814
2021-06-29 08:15:00+00:00,0.0545023252325232,0.0,0.8514925373134328,0.8833333333333333
2021-06-29 08:30:00+00:00,0.0522614761476147,0.0,0.8714661984196663,0.8852813852813852
2021-06-29 08:45:00+00:00,0.0500206270627062,0.0,0.8914398595258999,0.8872294372294371
2021-06-29 09:00:00+00:00,0.0477797779777977,0.0,0.9114135206321334,0.8891774891774892
2021-06-29 09:15:00+00:00,0.04702970297029695,0.0,0.9186567164179106,0.8878787878787879
2021-06-29 09:30:00+00:00,0.0462796279627962,0.0,0.9258999122036876,0.8865800865800866
2021-06-29 09:45:00+00:00,0.045529552955295455,0.0,0.9331431079894645,0.8852813852813852
2021-06-29 10:00:00+00:00,0.0447794779477947,0.0,0.9403863037752416,0.883982683982684
2021-06-29 10:15:00+00:00,0.0443575607560755,0.0,0.9444688323090431,0.8768398268398268
2021-06-29 10:30:00+00:00,0.0439356435643563,0.0,0.9485513608428446,0.8696969696969696
2021-06-29 10:45:00+00:00,0.043513726372637146,0.0,0.9526338893766462,0.8625541125541125
2021-06-29 11:00:00+00:00,0.043091809180918,0.0,0.9567164179104478,0.8554112554112554
2021-06-29 11:15:00+00:00,0.044282553255325444,0.0,0.9597892888498682,0.8512987012987012
2021-06-29 11:30:00+00:00,0.0454732973297329,0.0,0.9628621597892888,0.8471861471861472
2021-06-29 11:45:00+00:00,0.04666404140414035,0.0,0.9659350307287093,0.8430735930735931
2021-06-29 12:00:00+00:00,0.0478547854785478,0.0,0.96900790166813,0.8389610389610389
2021-06-29 12:15:00+00:00,0.0503206570657065,0.0,0.967756804214223,0.8354978354978355
2021-06-29 12:30:00+00:00,0.0527865286528652,0.0,0.966505706760316,0.832034632034632
2021-06-29 12:45:00+00:00,0.05525240024002395,0.0,0.9652546093064092,0.8285714285714285
2021-06-29 13:00:00+00:00,0.0577182718271827,0.0,0.9640035118525022,0.8251082251082251
2021-06-29 13:15:00+00:00,0.0614780228022802,0.0,0.9554872695346794,0.8248917748917749
2021-06-29 13:30:00+00:00,0.0652377737773777,0.0,0.9469710272168568,0.8246753246753247
2021-06-29 13:45:00+00:00,0.0689975247524752,0.0,0.9384547848990341,0.8244588744588744
2021-06-29 14:00:00+00:00,0.0727572757275727,0.0,0.9299385425812116,0.8242424242424242
2021-06-29 14:15:00+00:00,0.07876725172517246,0.0,0.9163301141352064,0.8244588744588744
2021-06-29 14:30:00+00:00,0.0847772277227722,0.0,0.9027216856892012,0.8246753246753247
2021-06-29 14:45:00+00:00,0.090787203720372,0.0,0.8891132572431958,0.8248917748917749
2021-06-29 15:00:00+00:00,0.0967971797179718,0.0,0.8755048287971905,0.8251082251082251
2021-06-29 15:15:00+00:00,0.10371662166216619,0.0,0.8523485513608429,0.8257575757575758
2021-06-29 15:30:00+00:00,0.1106360636063606,0.0,0.8291922739244952,0.8264069264069265
2021-06-29 15:45:00+00:00,0.117555505550555,0.0,0.8060359964881476,0.827056277056277
2021-06-29 16:00:00+00:00,0.1244749474947494,0.0,0.7828797190517999,0.8277056277056277
2021-06-29 16:15:00+00:00,0.13170379537953789,0.0,0.7443810359964882,0.8365800865800865
2021-06-29 16:30:00+00:00,0.1389326432643264,0.0,0.7058823529411765,0.8454545454545455
2021-06-29 16:45:00+00:00,0.1461614911491149,0.0,0.6673836698858648,0.8543290043290044
2021-06-29 17:00:00+00:00,0.1533903390339034,0.0,0.6288849868305532,0.8632034632034632
2021-06-29 17:15:00+00:00,0.1606004350435043,0.0,0.5599429323968393,0.8653679653679653
2021-06-29 17:30:00+00:00,0.1678105310531052,0.0,0.4910008779631256,0.8675324675324676
2021-06-29 17:45:00+00:00,0.17502062706270619,0.0,0.4220588235294118,0.8696969696969697
2021-06-29 18:00:00+00:00,0.1822307230723072,0.0,0.353116769095698,0.8718614718614719
2021-06-29 18:15:00+00:00,0.18511851185118505,0.0,0.29466637401229145,0.875974025974026
2021-06-29 18:30:00+00:00,0.1880063006300629,0.0,0.2362159789288849,0.88008658008658
2021-06-29 18:45:00+00:00,0.19089408940894081,0.0,0.17776558384547841,0.8841991341991342
2021-06-29 19:00:00+00:00,0.1937818781878187,0.0,0.1193151887620719,0.8883116883116883
2021-06-29 19:15:00+00:00,0.19561956195619556,0.0,0.1068920105355574,0.8909090909090909
2021-06-29 19:30:00+00:00,0.1974572457245724,0.0,0.0944688323090429,0.8935064935064935
2021-06-29 19:45:00+00:00,0.19929492949294925,0.0,0.08204565408252845,0.8961038961038961
2021-06-29 20:00:00+00:00,0.2011326132613261,0.0,0.069622475856014,0.8987012987012987
2021-06-29 20:15:00+00:00,0.20102010201020093,0.0,0.06887620719929755,0.8906926406926408
2021-06-29 20:30:00+00:00,0.2009075907590758,0.0,0.0681299385425811,0.8826839826839827
2021-06-29 20:45:00+00:00,0.2007950795079507,0.0,0.0673836698858647,0.8746753246753247
2021-06-29 21:00:00+00:00,0.2006825682568256,0.0,0.0666374012291483,0.8666666666666667
2021-06-29 21:15:00+00:00,0.19720409540954084,0.0,0.0673397717295873,0.8634199134199135
2021-06-29 21:30:00+00:00,0.1937256225622561,0.0,0.0680421422300263,0.8601731601731603
2021-06-29 21:45:00+00:00,0.1902471497149714,0.0,0.06874451273046531,0.856926406926407
2021-06-29 22:00:00+00:00,0.1867686768676867,0.0,0.0694468832309043,0.8536796536796537
2021-06-29 22:15:00+00:00,0.1803555355535553,0.0,0.0696444249341527,0.8469696969696969
2021-06-29 22:30:00+00:00,0.1739423942394239,0.0,0.0698419666374011,0.8402597402597403
2021-06-29 22:45:00+00:00,0.1675292529252925,0.0,0.07003950834064959,0.8335497835497836
2021-06-29 23:00:00+00:00,0.1611161116111611,0.0,0.0702370500438981,0.8268398268398268
2021-06-29 23:15:00+00:00,0.15531240624062403,0.0,0.07030289727831425,0.8233766233766233
2021-06-29 23:30:00+00:00,0.149508700870087,0.0,0.0703687445127304,0.8199134199134199
2021-06-29 23:45:00+00:00,0.14370499549954996,0.0,0.07043459174714656,0.8164502164502165
2021-06-30 00:00:00+00:00,0.1379012901290129,0.0,0.0705004389815627,0.812987012987013
2021-06-30 00:15:00+00:00,0.1343196819681968,0.0,0.07047848990342401,0.8095238095238095
2021-06-30 00:30:00+00:00,0.1307380738073807,0.0,0.0704565408252853,0.8060606060606061
2021-06-30 00:45:00+00:00,0.1271564656465646,0.0,0.0704345917471466,0.8025974025974026
2021-06-30 01:00:00+00:00,0.1235748574857485,0.0,0.0704126426690079,0.7991341991341991
2021-06-30 01:15:00+00:00,0.12243099309930985,0.0,0.0703467954345917,0.7967532467532468
2021-06-30 01:30:00+00:00,0.1212871287128712,0.0,0.0702809482001755,0.7943722943722944
2021-06-30 01:45:00+00:00,0.1201432643264326,0.0,0.07021510096575935,0.791991341991342
2021-06-30 02:00:00+00:00,0.118999399939994,0.0,0.0701492537313432,0.7896103896103897
2021-06-30 02:15:00+00:00,0.119505700570057,0.0,0.0689420544337137,0.7904761904761906
2021-06-30 02:30:00+00:00,0.12001200120012,0.0,0.0677348551360842,0.7913419913419913
2021-06-30 02:45:00+00:00,0.120518301830183,0.0,0.0665276558384547,0.7922077922077921
2021-06-30 03:00:00+00:00,0.121024602460246,0.0,0.0653204565408252,0.793073593073593
2021-06-30 03:15:00+00:00,0.11928067806780676,0.0,0.06106233538191385,0.8021645021645021
2021-06-30 03:30:00+00:00,0.1175367536753675,0.0,0.0568042142230025,0.8112554112554112
2021-06-30 03:45:00+00:00,0.11579282928292825,0.0,0.0525460930640912,0.8203463203463204
2021-06-30 04:00:00+00:00,0.114048904890489,0.0,0.0482879719051799,0.8294372294372294
2021-06-30 04:15:00+00:00,0.1114517701770176,0.0,0.05610184372256355,0.8339826839826839
2021-06-30 04:30:00+00:00,0.1088546354635462,0.0,0.0639157155399472,0.8385281385281385
2021-06-30 04:45:00+00:00,0.1062575007500749,0.0,0.0717295873573309,0.8430735930735931
2021-06-30 05:00:00+00:00,0.1036603660366036,0.0,0.0795434591747146,0.8476190476190476
2021-06-30 05:15:00+00:00,0.0982129462946294,0.0,0.1335381913959613,0.8573593073593073
2021-06-30 05:30:00+00:00,0.0927655265526552,0.0,0.187532923617208,0.8670995670995671
2021-06-30 05:45:00+00:00,0.087318106810681,0.0,0.24152765583845476,0.8768398268398269
2021-06-30 06:00:00+00:00,0.0818706870687068,0.0,0.2955223880597015,0.8865800865800866
2021-06-30 06:15:00+00:00,0.0772952295229522,0.0,0.37458296751536435,0.8831168831168831
2021-06-30 06:30:00+00:00,0.0727197719771976,0.0,0.4536435469710272,0.8796536796536796
2021-06-30 06:45:00+00:00,0.06814431443144306,0.0,0.5327041264266901,0.8761904761904762
2021-06-30 07:00:00+00:00,0.0635688568856885,0.0,0.611764705882353,0.8727272727272727
2021-06-30 07:15:00+00:00,0.060118511851185004,0.0,0.6571115013169447,0.8764069264069264
2021-06-30 07:30:00+00:00,0.0566681668166815,0.0,0.7024582967515365,0.8800865800865801
2021-06-30 07:45:00+00:00,0.0532178217821781,0.0,0.7478050921861282,0.8837662337662338
2021-06-30 08:00:00+00:00,0.0497674767476747,0.0,0.79315188762072,0.8874458874458875
2021-06-30 08:15:00+00:00,0.047854785478547796,0.0,0.8135864793678665,0.8863636363636364
2021-06-30 08:30:00+00:00,0.0459420942094209,0.0,0.8340210711150131,0.8852813852813852
2021-06-30 08:45:00+00:00,0.044029402940294005,0.0,0.8544556628621598,0.8841991341991342
2021-06-30 09:00:00+00:00,0.0421167116711671,0.0,0.8748902546093064,0.8831168831168831
2021-06-30 09:15:00+00:00,0.0434762226222622,0.0,0.8850087796312555,0.8766233766233766
2021-06-30 09:30:00+00:00,0.0448357335733573,0.0,0.8951273046532046,0.8701298701298701
2021-06-30 09:45:00+00:00,0.0461952445244524,0.0,0.9052458296751537,0.8636363636363636
2021-06-30 10:00:00+00:00,0.0475547554755475,0.0,0.9153643546971028,0.8571428571428571
2021-06-30 10:15:00+00:00,0.05100510051005095,0.0,0.9207638279192274,0.8521645021645021
2021-06-30 10:30:00+00:00,0.0544554455445544,0.0,0.926163301141352,0.8471861471861472
2021-06-30 10:45:00+00:00,0.05790579057905785,0.0,0.9315627743634767,0.8422077922077922
2021-06-30 11:00:00+00:00,0.0613561356135613,0.0,0.9369622475856014,0.8372294372294372
2021-06-30 11:15:00+00:00,0.0634563456345634,0.0,0.93972783143108,0.832034632034632
2021-06-30 11:30:00+00:00,0.0655565556555655,0.0,0.9424934152765584,0.8268398268398268
2021-06-30 11:45:00+00:00,0.06765676567656759,0.0,0.9452589991220368,0.8216450216450216
2021-06-30 12:00:00+00:00,0.0697569756975697,0.0,0.9480245829675154,0.8164502164502164
2021-06-30 12:15:00+00:00,0.0715571557155715,0.0,0.9481782265144865,0.8129870129870129
2021-06-30 12:30:00+00:00,0.0733573357335733,0.0,0.9483318700614576,0.8095238095238095
2021-06-30 12:45:00+00:00,0.07515751575157509,0.0,0.9484855136084286,0.8060606060606061
2021-06-30 13:00:00+00:00,0.0769576957695769,0.0,0.9486391571553996,0.8025974025974026
2021-06-30 13:15:00+00:00,0.0795923342334233,0.0,0.941593503072871,0.800865800865801
2021-06-30 13:30:00+00:00,0.0822269726972697,0.0,0.9345478489903424,0.7991341991341991
2021-06-30 13:45:00+00:00,0.0848616111611161,0.0,0.9275021949078139,0.7974025974025973
2021-06-30 14:00:00+00:00,0.0874962496249625,0.0,0.9204565408252854,0.7956709956709956
2021-06-30 14:15:00+00:00,0.09110598559855984,0.0,0.9065188762071994,0.7961038961038961
2021-06-30 14:30:00+00:00,0.0947157215721572,0.0,0.8925812115891133,0.7965367965367965
2021-06-30 14:45:00+00:00,0.09832545754575456,0.0,0.8786435469710272,0.796969696969697
2021-06-30 15:00:00+00:00,0.1019351935193519,0.0,0.8647058823529412,0.7974025974025974
2021-06-30 15:15:00+00:00,0.10526365136513645,0.0,0.841900790166813,0.7971861471861472
2021-06-30 15:30:00+00:00,0.108592109210921,0.0,0.8190956979806848,0.796969696969697
2021-06-30 15:45:00+00:00,0.1119205670567056,0.0,0.7962906057945567,0.7967532467532468
2021-06-30 16:00:00+00:00,0.1152490249024902,0.0,0.7734855136084284,0.7965367965367965
2021-06-30 16:15:00+00:00,0.11909315931593155,0.0,0.7352063213345039,0.803030303030303
2021-06-30 16:30:00+00:00,0.1229372937293729,0.0,0.6969271290605794,0.8095238095238095
2021-06-30 16:45:00+00:00,0.12678142814281423,0.0,0.6586479367866549,0.816017316017316
2021-06-30 17:00:00+00:00,0.1306255625562556,0.0,0.6203687445127305,0.8225108225108225
2021-06-30 17:15:00+00:00,0.13259450945094503,0.0,0.5503731343283582,0.825974025974026
2021-06-30 17:30:00+00:00,0.1345634563456345,0.0,0.4803775241439859,0.8294372294372294
2021-06-30 17:45:00+00:00,0.136532403240324,0.0,0.41038191395961365,0.8329004329004328
2021-06-30 18:00:00+00:00,0.1385013501350135,0.0,0.3403863037752414,0.8363636363636363
2021-06-30 18:15:00+00:00,0.1397858535853585,0.0,0.28336259877085157,0.8409090909090908
2021-06-30 18:30:00+00:00,0.1410703570357035,0.0,0.2263388937664617,0.8454545454545455
2021-06-30 18:45:00+00:00,0.14235486048604856,0.0,0.1693151887620719,0.85
2021-06-30 19:00:00+00:00,0.1436393639363936,0.0,0.1122914837576821,0.8545454545454545
2021-06-30 19:15:00+00:00,0.145064506450645,0.0,0.10021949078138709,0.8521645021645021
2021-06-30 19:30:00+00:00,0.1464896489648964,0.0,0.0881474978050921,0.8497835497835498
2021-06-30 19:45:00+00:00,0.14791479147914785,0.0,0.0760755048287971,0.8474025974025974
2021-06-30 20:00:00+00:00,0.1493399339933993,0.0,0.0640035118525021,0.845021645021645
2021-06-30 20:15:00+00:00,0.14909615961596154,0.0,0.0627963125548726,0.8391774891774891
2021-06-30 20:30:00+00:00,0.1488523852385238,0.0,0.0615891132572431,0.8333333333333333
2021-06-30 20:45:00+00:00,0.14860861086108604,0.0,0.06038191395961365,0.8274891774891775
2021-06-30 21:00:00+00:00,0.1483648364836483,0.0,0.0591747146619842,0.8216450216450216
2021-06-30 21:15:00+00:00,0.14776477647764763,0.0,0.059152765583845454,0.8147186147186147
2021-06-30 21:30:00+00:00,0.147164716471647,0.0,0.0591308165057067,0.8077922077922078
2021-06-30 21:45:00+00:00,0.14656465646564645,0.0,0.059108867427568004,0.800865800865801
2021-06-30 22:00:00+00:00,0.1459645964596459,0.0,0.0590869183494293,0.793939393939394
2021-06-30 22:15:00+00:00,0.14363936393639354,0.0,0.0591308165057067,0.7841991341991342
2021-06-30 22:30:00+00:00,0.1413141314131412,0.0,0.0591747146619841,0.7744588744588745
2021-06-30 22:45:00+00:00,0.1389888988898889,0.0,0.05921861281826155,0.7647186147186147
2021-06-30 23:00:00+00:00,0.1366636663666366,0.0,0.059262510974539,0.754978354978355
2021-06-30 23:15:00+00:00,0.1339352685268526,0.0,0.0591527655838454,0.7502164502164501
2021-06-30 23:30:00+00:00,0.1312068706870686,0.0,0.0590430201931518,0.7454545454545454
2021-06-30 23:45:00+00:00,0.12847847284728464,0.0,0.058933274802458246,0.7406926406926406
2021-07-01 00:00:00+00:00,0.1257500750075007,0.0,0.0588235294117647,0.7359307359307359
2021-07-01 00:15:00+00:00,0.122309105910591,0.0,0.05880158033362595,0.7333333333333333
2021-07-01 00:30:00+00:00,0.1188681368136813,0.0,0.0587796312554872,0.7307359307359307
2021-07-01 00:45:00+00:00,0.11542716771677161,0.0,0.0587576821773485,0.7281385281385281
2021-07-01 01:00:00+00:00,0.1119861986198619,0.0,0.0587357330992098,0.7255411255411255
2021-07-01 01:15:00+00:00,0.10850772577257715,0.0,0.0587357330992098,0.7261904761904762
2021-07-01 01:30:00+00:00,0.1050292529252924,0.0,0.0587357330992098,0.7268398268398268
2021-07-01 01:45:00+00:00,0.10155078007800769,0.0,0.0587357330992098,0.7274891774891774
2021-07-01 02:00:00+00:00,0.098072307230723,0.0,0.0587357330992098,0.7281385281385281
2021-07-01 02:15:00+00:00,0.094096909690969,0.0,0.0580553116769095,0.7290043290043289
2021-07-01 02:30:00+00:00,0.090121512151215,0.0,0.0573748902546092,0.7298701298701298
2021-07-01 02:45:00+00:00,0.08614611461146104,0.0,0.05669446883230895,0.7307359307359307
2021-07-01 03:00:00+00:00,0.0821707170717071,0.0,0.0560140474100087,0.7316017316017316
2021-07-01 03:15:00+00:00,0.079329807980798,0.0,0.0512071992976294,0.7350649350649351
2021-07-01 03:30:00+00:00,0.0764888988898889,0.0,0.0464003511852501,0.7385281385281386
2021-07-01 03:45:00+00:00,0.07364798979897985,0.0,0.04159350307287085,0.741991341991342
2021-07-01 04:00:00+00:00,0.0708070807080708,0.0,0.0367866549604916,0.7454545454545455
2021-07-01 04:15:00+00:00,0.0691194119411941,0.0,0.0434372256365232,0.7564935064935066
2021-07-01 04:30:00+00:00,0.0674317431743174,0.0,0.0500877963125548,0.7675324675324675
2021-07-01 04:45:00+00:00,0.0657440744074407,0.0,0.056738366988586406,0.7785714285714286
2021-07-01 05:00:00+00:00,0.064056405640564,0.0,0.063388937664618,0.7896103896103897
2021-07-01 05:15:00+00:00,0.060221647164716396,0.0,0.1123134328358208,0.8028138528138529
2021-07-01 05:30:00+00:00,0.0563868886888688,0.0,0.1612379280070236,0.8160173160173161
2021-07-01 05:45:00+00:00,0.05255213021302125,0.0,0.21016242317822648,0.8292207792207793
2021-07-01 06:00:00+00:00,0.0487173717371737,0.0,0.2590869183494293,0.8424242424242424
2021-07-01 06:15:00+00:00,0.0451638913891389,0.0,0.3373353819139596,0.843939393939394
2021-07-01 06:30:00+00:00,0.0416104110411041,0.0,0.4155838454784899,0.8454545454545455
2021-07-01 06:45:00+00:00,0.0380569306930693,0.0,0.4938323090430202,0.8469696969696969
2021-07-01 07:00:00+00:00,0.0345034503450345,0.0,0.5720807726075505,0.8484848484848485
2021-07-01 07:15:00+00:00,0.032581383138313796,0.0,0.6241659350307287,0.8500000000000001
2021-07-01 07:30:00+00:00,0.0306593159315931,0.0,0.6762510974539069,0.8515151515151516
2021-07-01 07:45:00+00:00,0.02873724872487245,0.0,0.7283362598770851,0.853030303030303
2021-07-01 08:00:00+00:00,0.0268151815181518,0.0,0.7804214223002633,0.8545454545454545
2021-07-01 08:15:00+00:00,0.0267307980798079,0.0,0.8084723441615451,0.854978354978355
2021-07-01 08:30:00+00:00,0.026646414641464,0.0,0.836523266022827,0.8554112554112554
2021-07-01 08:45:00+00:00,0.0265620312031202,0.0,0.8645741878841089,0.8558441558441559
2021-07-01 09:00:00+00:00,0.0264776477647764,0.0,0.8926251097453907,0.8562770562770563
2021-07-01 09:15:00+00:00,0.029206045604560346,0.0,0.9069578577699737,0.8497835497835499
2021-07-01 09:30:00+00:00,0.0319344434443443,0.0,0.9212906057945568,0.8432900432900433
2021-07-01 09:45:00+00:00,0.0346628412841283,0.0,0.9356233538191396,0.8367965367965369
2021-07-01 10:00:00+00:00,0.0373912391239123,0.0,0.9499561018437226,0.8303030303030303
2021-07-01 10:15:00+00:00,0.040597809780977996,0.0,0.9569798068481123,0.8238095238095239
2021-07-01 10:30:00+00:00,0.0438043804380437,0.0,0.9640035118525022,0.8173160173160173
2021-07-01 10:45:00+00:00,0.04701095109510945,0.0,0.9710272168568921,0.8108225108225109
2021-07-01 11:00:00+00:00,0.0502175217521752,0.0,0.9780509218612818,0.8043290043290043
2021-07-01 11:15:00+00:00,0.05167079207920785,0.0,0.9785338015803338,0.8002164502164502
2021-07-01 11:30:00+00:00,0.0531240624062405,0.0,0.9790166812993856,0.7961038961038961
2021-07-01 11:45:00+00:00,0.054577332733273254,0.0,0.9794995610184374,0.791991341991342
2021-07-01 12:00:00+00:00,0.056030603060306,0.0,0.9799824407374892,0.7878787878787878
2021-07-01 12:15:00+00:00,0.0579151665166516,0.0,0.9768656716417912,0.7846320346320347
2021-07-01 12:30:00+00:00,0.0597997299729972,0.0,0.9737489025460933,0.7813852813852814
2021-07-01 12:45:00+00:00,0.06168429342934285,0.0,0.9706321334503952,0.7781385281385281
2021-07-01 13:00:00+00:00,0.0635688568856885,0.0,0.9675153643546972,0.7748917748917749
2021-07-01 13:15:00+00:00,0.0667004200420041,0.0,0.9583845478489904,0.7735930735930736
2021-07-01 13:30:00+00:00,0.0698319831983197,0.0,0.9492537313432836,0.7722943722943723
2021-07-01 13:45:00+00:00,0.0729635463546354,0.0,0.9401229148375768,0.7709956709956709
2021-07-01 14:00:00+00:00,0.0760951095109511,0.0,0.93099209833187,0.7696969696969697
2021-07-01 14:15:00+00:00,0.07915166516651664,0.0,0.9173836698858647,0.7699134199134199
2021-07-01 14:30:00+00:00,0.0822082208220822,0.0,0.9037752414398595,0.7701298701298701
2021-07-01 14:45:00+00:00,0.08526477647764776,0.0,0.8901668129938543,0.7703463203463203
2021-07-01 15:00:00+00:00,0.0883213321332133,0.0,0.876558384547849,0.7705627705627706
2021-07-01 15:15:00+00:00,0.08952145214521451,0.0,0.8534679543459174,0.7787878787878788
2021-07-01 15:30:00+00:00,0.0907215721572157,0.0,0.8303775241439859,0.7870129870129869
2021-07-01 15:45:00+00:00,0.09192169216921689,0.0,0.8072870939420544,0.7952380952380952
2021-07-01 16:00:00+00:00,0.0931218121812181,0.0,0.7841966637401229,0.8034632034632034
2021-07-01 16:15:00+00:00,0.09469696969696964,0.0,0.743064091308165,0.8064935064935065
2021-07-01 16:30:00+00:00,0.0962721272127212,0.0,0.7019315188762072,0.8095238095238095
2021-07-01 16:45:00+00:00,0.0978472847284728,0.0,0.6607989464442494,0.8125541125541126
2021-07-01 17:00:00+00:00,0.0994224422442244,0.0,0.6196663740122915,0.8155844155844156
2021-07-01 17:15:00+00:00,0.1006225622562256,0.0,0.5498024582967516,0.8207792207792208
2021-07-01 17:30:00+00:00,0.1018226822682268,0.0,0.4799385425812116,0.825974025974026
2021-07-01 17:45:00+00:00,0.103022802280228,0.0,0.41007462686567164,0.8311688311688312
2021-07-01 18:00:00+00:00,0.1042229222922292,0.0,0.3402107111501317,0.8363636363636363
2021-07-01 18:15:00+00:00,0.10591996699669964,0.0,0.2847673397717295,0.8374458874458874
2021-07-01 18:30:00+00:00,0.1076170117011701,0.0,0.2293239683933274,0.8385281385281385
2021-07-01 18:45:00+00:00,0.10931405640564056,0.0,0.1738805970149253,0.8396103896103896
2021-07-01 19:00:00+00:00,0.111011101110111,0.0,0.1184372256365232,0.8406926406926407
2021-07-01 19:15:00+00:00,0.1161584908490849,0.0,0.10559701492537305,0.8385281385281386
2021-07-01 19:30:00+00:00,0.1213058805880588,0.0,0.0927568042142229,0.8363636363636364
2021-07-01 19:45:00+00:00,0.12645327032703269,0.0,0.0799165935030728,0.8341991341991342
2021-07-01 20:00:00+00:00,0.1316006600660066,0.0,0.0670763827919227,0.832034632034632
2021-07-01 20:15:00+00:00,0.13407590759075905,0.0,0.06617647058823525,0.8240259740259741
2021-07-01 20:30:00+00:00,0.1365511551155115,0.0,0.0652765583845478,0.8160173160173161
2021-07-01 20:45:00+00:00,0.139026402640264,0.0,0.06437664618086035,0.8080086580086581
2021-07-01 21:00:00+00:00,0.1415016501650165,0.0,0.0634767339771729,0.8
2021-07-01 21:15:00+00:00,0.13879200420041998,0.0,0.06334503950834061,0.7874458874458875
2021-07-01 21:30:00+00:00,0.1360823582358235,0.0,0.0632133450395083,0.774891774891775
2021-07-01 21:45:00+00:00,0.13337271227122705,0.0,0.063081650570676,0.7623376623376623
2021-07-01 22:00:00+00:00,0.1306630663066306,0.0,0.0629499561018437,0.7497835497835498
2021-07-01 22:15:00+00:00,0.12736273627362732,0.0,0.06290605794556625,0.737012987012987
2021-07-01 22:30:00+00:00,0.124062406240624,0.0,0.0628621597892888,0.7242424242424242
2021-07-01 22:45:00+00:00,0.1207620762076207,0.0,0.06281826163301135,0.7114718614718615
2021-07-01 23:00:00+00:00,0.1174617461746174,0.0,0.0627743634767339,0.6987012987012987
2021-07-01 23:15:00+00:00,0.11599909990999094,0.0,0.0627963125548726,0.6945887445887446
2021-07-01 23:30:00+00:00,0.1145364536453645,0.0,0.0628182616330113,0.6904761904761905
2021-07-01 23:45:00+00:00,0.11307380738073805,0.0,0.06284021071115005,0.6863636363636363
2021-07-02 00:00:00+00:00,0.1116111611161116,0.0,0.0628621597892888,0.6822510822510822
2021-07-02 00:15:00+00:00,0.10875150015001495,0.0,0.06279631255487264,0.6837662337662338
2021-07-02 00:30:00+00:00,0.1058918391839183,0.0,0.0627304653204565,0.6852813852813853
2021-07-02 00:45:00+00:00,0.10303217821782171,0.0,0.06266461808604035,0.6867965367965367
2021-07-02 01:00:00+00:00,0.1001725172517251,0.0,0.0625987708516242,0.6883116883116883
2021-07-02 01:15:00+00:00,0.0950251275127512,0.0,0.0625109745390693,0.6896103896103896
2021-07-02 01:30:00+00:00,0.0898777377737773,0.0,0.0624231782265144,0.6909090909090909
2021-07-02 01:45:00+00:00,0.0847303480348034,0.0,0.06233538191395955,0.6922077922077923
2021-07-02 02:00:00+00:00,0.0795829582958295,0.0,0.0622475856014047,0.6935064935064935
2021-07-02 02:15:00+00:00,0.076601410141014,0.0,0.061084284460052596,0.6941558441558442
2021-07-02 02:30:00+00:00,0.0736198619861985,0.0,0.0599209833187005,0.6948051948051948
2021-07-02 02:45:00+00:00,0.07063831383138305,0.0,0.05875768217734845,0.6954545454545454
2021-07-02 03:00:00+00:00,0.0676567656765676,0.0,0.0575943810359964,0.6961038961038961
2021-07-02 03:15:00+00:00,0.06734735973597356,0.0,0.0528972783143107,0.7025974025974026
2021-07-02 03:30:00+00:00,0.0670379537953795,0.0,0.048200175592625,0.7090909090909091
2021-07-02 03:45:00+00:00,0.06672854785478545,0.0,0.04350307287093935,0.7155844155844155
2021-07-02 04:00:00+00:00,0.0664191419141914,0.0,0.0388059701492537,0.7220779220779221
2021-07-02 04:15:00+00:00,0.06501275127512746,0.0,0.0491000877963125,0.737012987012987
2021-07-02 04:30:00+00:00,0.0636063606360635,0.0,0.0593942054433713,0.7519480519480519
2021-07-02 04:45:00+00:00,0.0621999699969996,0.0,0.06968832309043015,0.7668831168831169
2021-07-02 05:00:00+00:00,0.0607935793579357,0.0,0.079982440737489,0.7818181818181819
2021-07-02 05:15:00+00:00,0.05723072307230715,0.0,0.13522827041264265,0.7948051948051948
2021-07-02 05:30:00+00:00,0.0536678667866786,0.0,0.1904741000877963,0.8077922077922078
2021-07-02 05:45:00+00:00,0.050105010501050054,0.0,0.24571992976294996,0.8207792207792208
2021-07-02 06:00:00+00:00,0.0465421542154215,0.0,0.3009657594381036,0.8337662337662337
2021-07-02 06:15:00+00:00,0.043776252625262455,0.0,0.38373573309920983,0.838095238095238
2021-07-02 06:30:00+00:00,0.0410103510351034,0.0,0.4665057067603161,0.8424242424242424
2021-07-02 06:45:00+00:00,0.0382444494449444,0.0,0.5492756804214223,0.8467532467532468
2021-07-02 07:00:00+00:00,0.0354785478547854,0.0,0.6320456540825286,0.8510822510822511
2021-07-02 07:15:00+00:00,0.0359567206720671,0.0,0.6801580333625987,0.8543290043290043
2021-07-02 07:30:00+00:00,0.0364348934893488,0.0,0.728270412642669,0.8575757575757575
2021-07-02 07:45:00+00:00,0.03691306630663055,0.0,0.7763827919227393,0.8608225108225108
2021-07-02 08:00:00+00:00,0.0373912391239123,0.0,0.8244951712028095,0.8640692640692641
2021-07-02 08:15:00+00:00,0.0409634713471346,0.0,0.8443590869183494,0.8569264069264069
2021-07-02 08:30:00+00:00,0.0445357035703569,0.0,0.8642230026338893,0.8497835497835498
2021-07-02 08:45:00+00:00,0.048107935793579255,0.0,0.8840869183494293,0.8426406926406926
2021-07-02 09:00:00+00:00,0.0516801680168016,0.0,0.9039508340649692,0.8354978354978355
2021-07-02 09:15:00+00:00,0.05743699369936985,0.0,0.9151448639157156,0.8300865800865801
2021-07-02 09:30:00+00:00,0.0631938193819381,0.0,0.9263388937664618,0.8246753246753247
2021-07-02 09:45:00+00:00,0.0689506450645064,0.0,0.9375329236172081,0.8192640692640693
2021-07-02 10:00:00+00:00,0.0747074707470747,0.0,0.9487269534679544,0.8138528138528138
2021-07-02 10:15:00+00:00,0.0801080108010801,0.0,0.953906935908692,0.8116883116883117
2021-07-02 10:30:00+00:00,0.0855085508550855,0.0,0.9590869183494296,0.8095238095238095
2021-07-02 10:45:00+00:00,0.09090909090909091,0.0,0.964266900790167,0.8073593073593074
2021-07-02 11:00:00+00:00,0.0963096309630963,0.0,0.9694468832309044,0.8051948051948052
2021-07-02 11:15:00+00:00,0.10270402040204016,0.0,0.9688103599648816,0.7976190476190477
2021-07-02 11:30:00+00:00,0.109098409840984,0.0,0.9681738366988588,0.7900432900432901
2021-07-02 11:45:00+00:00,0.1154927992799279,0.0,0.9675373134328359,0.7824675324675325
2021-07-02 12:00:00+00:00,0.1218871887188718,0.0,0.966900790166813,0.7748917748917749
2021-07-02 12:15:00+00:00,0.12524377437743767,0.0,0.9637181738366989,0.7731601731601732
2021-07-02 12:30:00+00:00,0.1286003600360035,0.0,0.9605355575065848,0.7714285714285714
2021-07-02 12:45:00+00:00,0.1319569456945694,0.0,0.9573529411764706,0.7696969696969697
2021-07-02 13:00:00+00:00,0.1353135313531353,0.0,0.9541703248463564,0.767965367965368
2021-07-02 13:15:00+00:00,0.138520102010201,0.0,0.9458296751536435,0.7670995670995671
2021-07-02 13:30:00+00:00,0.1417266726672667,0.0,0.9374890254609306,0.7662337662337662
2021-07-02 13:45:00+00:00,0.1449332433243324,0.0,0.9291483757682177,0.7653679653679653
2021-07-02 14:00:00+00:00,0.1481398139813981,0.0,0.9208077260755048,0.7645021645021645
2021-07-02 14:15:00+00:00,0.15295904590459042,0.0,0.9062993854258121,0.7662337662337662
2021-07-02 14:30:00+00:00,0.1577782778277827,0.0,0.8917910447761194,0.767965367965368
2021-07-02 14:45:00+00:00,0.16259750975097503,0.0,0.8772827041264266,0.7696969696969698
2021-07-02 15:00:00+00:00,0.1674167416741674,0.0,0.862774363476734,0.7714285714285715
2021-07-02 15:15:00+00:00,0.17177655265526548,0.0,0.8397497805092187,0.774891774891775
2021-07-02 15:30:00+00:00,0.1761363636363636,0.0,0.8167251975417033,0.7783549783549784
2021-07-02 15:45:00+00:00,0.1804961746174617,0.0,0.7937006145741878,0.7818181818181817
2021-07-02 16:00:00+00:00,0.1848559855985598,0.0,0.7706760316066725,0.7852813852813852
2021-07-02 16:15:00+00:00,0.19107223222322225,0.0,0.7295873573309921,0.7904761904761904
2021-07-02 16:30:00+00:00,0.1972884788478847,0.0,0.6884986830553117,0.7956709956709956
2021-07-02 16:45:00+00:00,0.2035047254725472,0.0,0.6474100087796313,0.8008658008658008
2021-07-02 17:00:00+00:00,0.2097209720972097,0.0,0.6063213345039509,0.806060606060606
2021-07-02 17:15:00+00:00,0.21543091809180914,0.0,0.5396180860403863,0.8082251082251082
2021-07-02 17:30:00+00:00,0.2211408640864086,0.0,0.4729148375768218,0.8103896103896104
2021-07-02 17:45:00+00:00,0.22685081008100805,0.0,0.4062115891132573,0.8125541125541126
2021-07-02 18:00:00+00:00,0.2325607560756075,0.0,0.3395083406496927,0.8147186147186147
2021-07-02 18:15:00+00:00,0.23700495049504944,0.0,0.28281387181738366,0.820995670995671
2021-07-02 18:30:00+00:00,0.2414491449144914,0.0,0.2261194029850746,0.8272727272727273
2021-07-02 18:45:00+00:00,0.24589333933393337,0.0,0.16942493415276555,0.8335497835497836
2021-07-02 19:00:00+00:00,0.2503375337533753,0.0,0.1127304653204565,0.8398268398268398
2021-07-02 19:15:00+00:00,0.2515376537653765,0.0,0.1010535557506584,0.8365800865800866
2021-07-02 19:30:00+00:00,0.2527377737773777,0.0,0.0893766461808603,0.8333333333333334
2021-07-02 19:45:00+00:00,0.2539378937893789,0.0,0.07769973661106225,0.8300865800865801
2021-07-02 20:00:00+00:00,0.2551380138013801,0.0,0.0660228270412642,0.8268398268398268
2021-07-02 20:15:00+00:00,0.24982185718571853,0.0,0.06516681299385421,0.8181818181818181
2021-07-02 20:30:00+00:00,0.2445057005700569,0.0,0.0643107989464442,0.8095238095238095
2021-07-02 20:45:00+00:00,0.23918954395439534,0.0,0.06345478489903421,0.800865800865801
2021-07-02 21:00:00+00:00,0.2338733873387338,0.0,0.0625987708516242,0.7922077922077922
2021-07-02 21:15:00+00:00,0.22823844884488442,0.0,0.0626207199297629,0.7822510822510822
2021-07-02 21:30:00+00:00,0.222603510351035,0.0,0.0626426690079016,0.7722943722943723
2021-07-02 21:45:00+00:00,0.21696857185718565,0.0,0.06266461808604035,0.7623376623376623
2021-07-02 22:00:00+00:00,0.2113336333633363,0.0,0.0626865671641791,0.7523809523809524
2021-07-02 22:15:00+00:00,0.21226185118511845,0.0,0.06266461808604035,0.7441558441558441
2021-07-02 22:30:00+00:00,0.2131900690069006,0.0,0.0626426690079016,0.7359307359307359
2021-07-02 22:45:00+00:00,0.21411828682868278,0.0,0.0626207199297629,0.7277056277056277
2021-07-02 23:00:00+00:00,0.215046504650465,0.0,0.0625987708516242,0.7194805194805195
2021-07-02 23:15:00+00:00,0.2160872337233723,0.0,0.06264266900790161,0.7151515151515151
2021-07-02 23:30:00+00:00,0.2171279627962796,0.0,0.062686567164179,0.7108225108225108
2021-07-02 23:45:00+00:00,0.21816869186918691,0.0,0.06273046532045645,0.7064935064935065
2021-07-03 00:00:00+00:00,0.2192094209420942,0.0,0.0627743634767339,0.7021645021645022
2021-07-03 00:15:00+00:00,0.21497149714971495,0.0,0.0627743634767339,0.7032467532467532
2021-07-03 00:30:00+00:00,0.2107335733573357,0.0,0.0627743634767339,0.7043290043290044
2021-07-03 00:45:00+00:00,0.20649564956495645,0.0,0.0627743634767339,0.7054112554112555
2021-07-03 01:00:00+00:00,0.2022577257725772,0.0,0.0627743634767339,0.7064935064935065
2021-07-03 01:15:00+00:00,0.19679155415541544,0.0,0.0627743634767339,0.7075757575757575
2021-07-03 01:30:00+00:00,0.1913253825382537,0.0,0.0627743634767339,0.7086580086580087
2021-07-03 01:45:00+00:00,0.185859210921092,0.0,0.0627743634767339,0.7097402597402598
2021-07-03 02:00:00+00:00,0.1803930393039303,0.0,0.0627743634767339,0.7108225108225108
2021-07-03 02:15:00+00:00,0.17495499549954985,0.0,0.06255487269534671,0.712987012987013
2021-07-03 02:30:00+00:00,0.1695169516951694,0.0,0.0623353819139595,0.7151515151515151
2021-07-03 02:45:00+00:00,0.164078907890789,0.0,0.06211589113257235,0.7173160173160174
2021-07-03 03:00:00+00:00,0.1586408640864086,0.0,0.0618964003511852,0.7194805194805195
2021-07-03 03:15:00+00:00,0.15043691869186915,0.0,0.05827480245829671,0.722943722943723
2021-07-03 03:30:00+00:00,0.1422329732973297,0.0,0.0546532045654082,0.7264069264069264
2021-07-03 03:45:00+00:00,0.13402902790279025,0.0,0.0510316066725197,0.7298701298701298
2021-07-03 04:00:00+00:00,0.1258250825082508,0.0,0.0474100087796312,0.7333333333333333
2021-07-03 04:15:00+00:00,0.1240155265526552,0.0,0.05340210711150125,0.7404761904761905
2021-07-03 04:30:00+00:00,0.1222059705970596,0.0,0.0593942054433713,0.7476190476190476
2021-07-03 04:45:00+00:00,0.12039641464146406,0.0,0.06538630377524139,0.7547619047619047
2021-07-03 05:00:00+00:00,0.1185868586858685,0.0,0.0713784021071115,0.7619047619047619
2021-07-03 05:15:00+00:00,0.11412391239123905,0.0,0.1247585601404741,0.7662337662337662
2021-07-03 05:30:00+00:00,0.1096609660966096,0.0,0.1781387181738367,0.7705627705627706
2021-07-03 05:45:00+00:00,0.10519801980198015,0.0,0.2315188762071993,0.774891774891775
2021-07-03 06:00:00+00:00,0.1007350735073507,0.0,0.2848990342405619,0.7792207792207793
2021-07-03 06:15:00+00:00,0.09698469846984695,0.0,0.3564310798946444,0.7796536796536797
2021-07-03 06:30:00+00:00,0.0932343234323432,0.0,0.4279631255487269,0.7800865800865802
2021-07-03 06:45:00+00:00,0.08948394839483945,0.0,0.4994951712028095,0.7805194805194806
2021-07-03 07:00:00+00:00,0.0857335733573357,0.0,0.5710272168568921,0.780952380952381
2021-07-03 07:15:00+00:00,0.0862867536753675,0.0,0.6202589991220369,0.7785714285714286
2021-07-03 07:30:00+00:00,0.0868399339933993,0.0,0.6694907813871818,0.7761904761904762
2021-07-03 07:45:00+00:00,0.0873931143114311,0.0,0.7187225636523267,0.7738095238095238
2021-07-03 08:00:00+00:00,0.0879462946294629,0.0,0.7679543459174715,0.7714285714285715
2021-07-03 08:15:00+00:00,0.08910891089108905,0.0,0.7859086918349429,0.7707792207792208
2021-07-03 08:30:00+00:00,0.0902715271527152,0.0,0.8038630377524144,0.7701298701298702
2021-07-03 08:45:00+00:00,0.0914341434143414,0.0,0.8218173836698859,0.7694805194805195
2021-07-03 09:00:00+00:00,0.0925967596759676,0.0,0.8397717295873574,0.7688311688311689
2021-07-03 09:15:00+00:00,0.09485636063606359,0.0,0.8478489903424056,0.7647186147186147
2021-07-03 09:30:00+00:00,0.0971159615961596,0.0,0.8559262510974539,0.7606060606060606
2021-07-03 09:45:00+00:00,0.0993755625562556,0.0,0.8640035118525022,0.7564935064935066
2021-07-03 10:00:00+00:00,0.1016351635163516,0.0,0.8720807726075505,0.7523809523809524
2021-07-03 10:15:00+00:00,0.10598559855985595,0.0,0.8859964881474978,0.7465367965367965
2021-07-03 10:30:00+00:00,0.1103360336033603,0.0,0.8999122036874452,0.7406926406926406
2021-07-03 10:45:00+00:00,0.11468646864686466,0.0,0.9138279192273925,0.7348484848484849
2021-07-03 11:00:00+00:00,0.119036903690369,0.0,0.9277436347673398,0.729004329004329
2021-07-03 11:15:00+00:00,0.12357485748574853,0.0,0.9276338893766463,0.7203463203463203
2021-07-03 11:30:00+00:00,0.1281128112811281,0.0,0.9275241439859528,0.7116883116883117
2021-07-03 11:45:00+00:00,0.13265076507650764,0.0,0.9274143985952592,0.7030303030303031
2021-07-03 12:00:00+00:00,0.1371887188718872,0.0,0.9273046532045656,0.6943722943722944
2021-07-03 12:15:00+00:00,0.14399564956495647,0.0,0.924692712906058,0.6906926406926407
2021-07-03 12:30:00+00:00,0.1508025802580258,0.0,0.9220807726075506,0.687012987012987
2021-07-03 12:45:00+00:00,0.1576095109510951,0.0,0.9194688323090431,0.6833333333333333
2021-07-03 13:00:00+00:00,0.1644164416441644,0.0,0.9168568920105356,0.6796536796536796
2021-07-03 13:15:00+00:00,0.1703701620162016,0.0,0.9078138718173836,0.6785714285714286
2021-07-03 13:30:00+00:00,0.1763238823882388,0.0,0.8987708516242318,0.6774891774891775
2021-07-03 13:45:00+00:00,0.182277602760276,0.0,0.8897278314310799,0.6764069264069263
2021-07-03 14:00:00+00:00,0.1882313231323132,0.0,0.880684811237928,0.6753246753246753
2021-07-03 14:15:00+00:00,0.19304117911791174,0.0,0.8643327480245829,0.6733766233766234
2021-07-03 14:30:00+00:00,0.1978510351035103,0.0,0.8479806848112379,0.6714285714285715
2021-07-03 14:45:00+00:00,0.20266089108910884,0.0,0.8316286215978929,0.6694805194805196
2021-07-03 15:00:00+00:00,0.2074707470747074,0.0,0.8152765583845478,0.6675324675324675
2021-07-03 15:15:00+00:00,0.2110898589858985,0.0,0.7881694468832309,0.6670995670995672
2021-07-03 15:30:00+00:00,0.2147089708970896,0.0,0.7610623353819139,0.6666666666666667
2021-07-03 15:45:00+00:00,0.21832808280828075,0.0,0.733955223880597,0.6662337662337663
2021-07-03 16:00:00+00:00,0.2219471947194719,0.0,0.70684811237928,0.6658008658008658
2021-07-03 16:15:00+00:00,0.2251068856885688,0.0,0.6632791922739245,0.6781385281385282
2021-07-03 16:30:00+00:00,0.2282665766576657,0.0,0.6197102721685689,0.6904761904761905
2021-07-03 16:45:00+00:00,0.23142626762676266,0.0,0.5761413520632133,0.7028138528138528
2021-07-03 17:00:00+00:00,0.2345859585958596,0.0,0.5325724319578578,0.7151515151515152
2021-07-03 17:15:00+00:00,0.2331983198319832,0.0,0.46736172080772603,0.7253246753246754
2021-07-03 17:30:00+00:00,0.2318106810681068,0.0,0.4021510096575943,0.7354978354978355
2021-07-03 17:45:00+00:00,0.23042304230423039,0.0,0.33694029850746265,0.7456709956709957
2021-07-03 18:00:00+00:00,0.229035403540354,0.0,0.271729587357331,0.7558441558441559
2021-07-03 18:15:00+00:00,0.22558505850585056,0.0,0.22873134328358205,0.7632034632034632
2021-07-03 18:30:00+00:00,0.2221347134713471,0.0,0.1857330992098331,0.7705627705627706
2021-07-03 18:45:00+00:00,0.21868436843684366,0.0,0.1427348551360842,0.7779220779220779
2021-07-03 19:00:00+00:00,0.2152340234023402,0.0,0.0997366110623353,0.7852813852813852
2021-07-03 19:15:00+00:00,0.2155996849684968,0.0,0.08961808604038621,0.7948051948051948
2021-07-03 19:30:00+00:00,0.2159653465346534,0.0,0.0794995610184371,0.8043290043290043
2021-07-03 19:45:00+00:00,0.21633100810081002,0.0,0.06938103599648805,0.8138528138528138
2021-07-03 20:00:00+00:00,0.2166966696669666,0.0,0.059262510974539,0.8233766233766234
2021-07-03 20:15:00+00:00,0.2192187968796879,0.0,0.05871378402107105,0.8181818181818182
2021-07-03 20:30:00+00:00,0.2217409240924092,0.0,0.0581650570676031,0.812987012987013
2021-07-03 20:45:00+00:00,0.2242630513051305,0.0,0.05761633011413515,0.8077922077922078
2021-07-03 21:00:00+00:00,0.2267851785178518,0.0,0.0570676031606672,0.8025974025974026
2021-07-03 21:15:00+00:00,0.22877287728772874,0.0,0.0570895522388059,0.7984848484848486
2021-07-03 21:30:00+00:00,0.2307605760576057,0.0,0.0571115013169446,0.7943722943722944
2021-07-03 21:45:00+00:00,0.2327482748274827,0.0,0.05713345039508335,0.7902597402597402
2021-07-03 22:00:00+00:00,0.2347359735973597,0.0,0.0571553994732221,0.7861471861471861
2021-07-03 22:15:00+00:00,0.23490474047404736,0.0,0.05713345039508335,0.7826839826839826
2021-07-03 22:30:00+00:00,0.235073507350735,0.0,0.0571115013169446,0.7792207792207793
2021-07-03 22:45:00+00:00,0.23524227422742272,0.0,0.0570895522388059,0.7757575757575758
2021-07-03 23:00:00+00:00,0.2354110411041104,0.0,0.0570676031606672,0.7722943722943723
2021-07-03 23:15:00+00:00,0.2353829132913291,0.0,0.05691395961369615,0.7627705627705628
2021-07-03 23:30:00+00:00,0.2353547854785478,0.0,0.0567603160667251,0.7532467532467533
2021-07-03 23:45:00+00:00,0.23532665766576655,0.0,0.0566066725197541,0.7437229437229438
2021-07-04 00:00:00+00:00,0.2352985298529853,0.0,0.0564530289727831,0.7341991341991342
2021-07-04 00:15:00+00:00,0.23542041704170413,0.0,0.056387181738366945,0.725108225108225
2021-07-04 00:30:00+00:00,0.235542304230423,0.0,0.0563213345039508,0.716017316017316
2021-07-04 00:45:00+00:00,0.2356641914191419,0.0,0.05625548726953465,0.706926406926407
2021-07-04 01:00:00+00:00,0.2357860786078608,0.0,0.0561896400351185,0.6978354978354978
2021-07-04 01:15:00+00:00,0.23437968796879685,0.0,0.0561896400351185,0.6924242424242424
2021-07-04 01:30:00+00:00,0.2329732973297329,0.0,0.0561896400351185,0.6870129870129871
2021-07-04 01:45:00+00:00,0.23156690669066898,0.0,0.0561896400351185,0.6816017316017317
2021-07-04 02:00:00+00:00,0.2301605160516051,0.0,0.0561896400351185,0.6761904761904762
2021-07-04 02:15:00+00:00,0.2301605160516051,0.0,0.055575065847234345,0.6740259740259741
2021-07-04 02:30:00+00:00,0.2301605160516051,0.0,0.0549604916593502,0.6718614718614719
2021-07-04 02:45:00+00:00,0.2301605160516051,0.0,0.054345917471466096,0.6696969696969697
2021-07-04 03:00:00+00:00,0.2301605160516051,0.0,0.053731343283582,0.6675324675324675
2021-07-04 03:15:00+00:00,0.22989798979897985,0.0,0.04945127304653195,0.6716450216450216
2021-07-04 03:30:00+00:00,0.2296354635463546,0.0,0.0451712028094819,0.6757575757575758
2021-07-04 03:45:00+00:00,0.22937293729372937,0.0,0.040891132572431904,0.67987012987013
2021-07-04 04:00:00+00:00,0.2291104110411041,0.0,0.0366110623353819,0.683982683982684
2021-07-04 04:15:00+00:00,0.2291291629162916,0.0,0.04383230904302015,0.6906926406926408
2021-07-04 04:30:00+00:00,0.2291479147914791,0.0,0.0510535557506584,0.6974025974025975
2021-07-04 04:45:00+00:00,0.2291666666666666,0.0,0.0582748024582967,0.7041125541125541
2021-07-04 05:00:00+00:00,0.2291854185418541,0.0,0.065496049165935,0.7108225108225108
2021-07-04 05:15:00+00:00,0.22558505850585048,0.0,0.1190079016681299,0.7142857142857143
2021-07-04 05:30:00+00:00,0.2219846984698469,0.0,0.1725197541703248,0.7177489177489178
2021-07-04 05:45:00+00:00,0.2183843384338433,0.0,0.22603160667251973,0.7212121212121212
2021-07-04 06:00:00+00:00,0.2147839783978397,0.0,0.2795434591747147,0.7246753246753247
2021-07-04 06:15:00+00:00,0.21495274527452735,0.0,0.36395961369622476,0.7272727272727273
2021-07-04 06:30:00+00:00,0.215121512151215,0.0,0.4483757682177348,0.7298701298701299
2021-07-04 06:45:00+00:00,0.2152902790279027,0.0,0.5327919227392449,0.7324675324675325
2021-07-04 07:00:00+00:00,0.2154590459045904,0.0,0.617208077260755,0.7350649350649351
2021-07-04 07:15:00+00:00,0.22173154815481538,0.0,0.663388937664618,0.7337662337662338
2021-07-04 07:30:00+00:00,0.2280040504050404,0.0,0.7095697980684811,0.7324675324675325
2021-07-04 07:45:00+00:00,0.23427655265526545,0.0,0.7557506584723441,0.7311688311688311
2021-07-04 08:00:00+00:00,0.2405490549054905,0.0,0.8019315188762072,0.7298701298701299
2021-07-04 08:15:00+00:00,0.2491374137413741,0.0,0.8212686567164178,0.7311688311688311
2021-07-04 08:30:00+00:00,0.2577257725772577,0.0,0.8406057945566285,0.7324675324675325
2021-07-04 08:45:00+00:00,0.2663141314131413,0.0,0.8599429323968393,0.7337662337662338
2021-07-04 09:00:00+00:00,0.2749024902490249,0.0,0.87928007023705,0.7350649350649351
2021-07-04 09:15:00+00:00,0.28046242124212417,0.0,0.8907594381035996,0.7329004329004329
2021-07-04 09:30:00+00:00,0.2860223522352235,0.0,0.9022388059701492,0.7307359307359307
2021-07-04 09:45:00+00:00,0.2915822832283228,0.0,0.9137181738366988,0.7285714285714285
2021-07-04 10:00:00+00:00,0.2971422142214221,0.0,0.9251975417032484,0.7264069264069264
2021-07-04 10:15:00+00:00,0.3010894839483948,0.0,0.9308165057067602,0.7238095238095238
2021-07-04 10:30:00+00:00,0.3050367536753675,0.0,0.936435469710272,0.7212121212121212
2021-07-04 10:45:00+00:00,0.3089840234023402,0.0,0.942054433713784,0.7186147186147186
2021-07-04 11:00:00+00:00,0.3129312931293129,0.0,0.947673397717296,0.716017316017316
2021-07-04 11:15:00+00:00,0.314872112211221,0.0,0.9479587357330993,0.7123376623376624
2021-07-04 11:30:00+00:00,0.3168129312931292,0.0,0.9482440737489026,0.7086580086580087
2021-07-04 11:45:00+00:00,0.31875375037503745,0.0,0.9485294117647058,0.704978354978355
2021-07-04 12:00:00+00:00,0.3206945694569457,0.0,0.9488147497805092,0.7012987012987013
2021-07-04 12:15:00+00:00,0.32211033603360334,0.0,0.9473880597014925,0.6956709956709957
2021-07-04 12:30:00+00:00,0.323526102610261,0.0,0.9459613696224758,0.69004329004329
2021-07-04 12:45:00+00:00,0.32494186918691864,0.0,0.944534679543459,0.6844155844155844
2021-07-04 13:00:00+00:00,0.3263576357635763,0.0,0.9431079894644424,0.6787878787878788
2021-07-04 13:15:00+00:00,0.32578570357035697,0.0,0.9358867427568041,0.6805194805194805
2021-07-04 13:30:00+00:00,0.3252137713771377,0.0,0.9286654960491658,0.6822510822510823
2021-07-04 13:45:00+00:00,0.3246418391839184,0.0,0.9214442493415276,0.683982683982684
2021-07-04 14:00:00+00:00,0.3240699069906991,0.0,0.9142230026338892,0.6857142857142857
2021-07-04 14:15:00+00:00,0.32395739573957394,0.0,0.9002853380158031,0.6852813852813853
2021-07-04 14:30:00+00:00,0.3238448844884488,0.0,0.8863476733977171,0.6848484848484848
2021-07-04 14:45:00+00:00,0.3237323732373237,0.0,0.8724100087796312,0.6844155844155844
2021-07-04 15:00:00+00:00,0.3236198619861986,0.0,0.8584723441615452,0.683982683982684
2021-07-04 15:15:00+00:00,0.32467934293429335,0.0,0.8360184372256365,0.6829004329004329
2021-07-04 15:30:00+00:00,0.3257388238823882,0.0,0.8135645302897279,0.6818181818181819
2021-07-04 15:45:00+00:00,0.326798304830483,0.0,0.7911106233538192,0.6807359307359307
2021-07-04 16:00:00+00:00,0.3278577857785779,0.0,0.7686567164179104,0.6796536796536796
2021-07-04 16:15:00+00:00,0.32504500450045004,0.0,0.7286654960491659,0.6876623376623376
2021-07-04 16:30:00+00:00,0.3222322232223222,0.0,0.6886742756804214,0.6956709956709957
2021-07-04 16:45:00+00:00,0.31941944194419436,0.0,0.6486830553116769,0.7036796536796537
2021-07-04 17:00:00+00:00,0.3166066606660666,0.0,0.6086918349429324,0.7116883116883117
2021-07-04 17:15:00+00:00,0.3120593309330933,0.0,0.5427129060579455,0.7164502164502164
2021-07-04 17:30:00+00:00,0.30751200120012,0.0,0.4767339771729587,0.7212121212121212
2021-07-04 17:45:00+00:00,0.3029646714671467,0.0,0.4107550482879719,0.7259740259740259
2021-07-04 18:00:00+00:00,0.2984173417341734,0.0,0.3447761194029851,0.7307359307359307
2021-07-04 18:15:00+00:00,0.2932793279327932,0.0,0.2866110623353819,0.7387445887445887
2021-07-04 18:30:00+00:00,0.2881413141314131,0.0,0.2284460052677787,0.7467532467532467
2021-07-04 18:45:00+00:00,0.28300330033003296,0.0,0.17028094820017556,0.7547619047619047
2021-07-04 19:00:00+00:00,0.2778652865286529,0.0,0.1121158911325724,0.7627705627705628
2021-07-04 19:15:00+00:00,0.27729335433543356,0.0,0.0995829675153643,0.769047619047619
2021-07-04 19:30:00+00:00,0.2767214221422142,0.0,0.0870500438981562,0.7753246753246753
2021-07-04 19:45:00+00:00,0.2761494899489949,0.0,0.07451712028094815,0.7816017316017316
2021-07-04 20:00:00+00:00,0.2755775577557756,0.0,0.0619841966637401,0.7878787878787878
2021-07-04 20:15:00+00:00,0.27257725772577257,0.0,0.0610184372256365,0.7811688311688312
2021-07-04 20:30:00+00:00,0.2695769576957696,0.0,0.0600526777875329,0.7744588744588745
2021-07-04 20:45:00+00:00,0.2665766576657666,0.0,0.0590869183494293,0.7677489177489178
2021-07-04 21:00:00+00:00,0.2635763576357636,0.0,0.0581211589113257,0.7610389610389611
2021-07-04 21:15:00+00:00,0.2602385238523852,0.0,0.05809920983318695,0.7543290043290043
2021-07-04 21:30:00+00:00,0.2569006900690069,0.0,0.0580772607550482,0.7476190476190476
2021-07-04 21:45:00+00:00,0.2535628562856286,0.0,0.0580553116769095,0.740909090909091
2021-07-04 22:00:00+00:00,0.2502250225022502,0.0,0.0580333625987708,0.7341991341991342
2021-07-04 22:15:00+00:00,0.245283903390339,0.0,0.0580333625987708,0.7298701298701298
2021-07-04 22:30:00+00:00,0.2403427842784278,0.0,0.0580333625987708,0.7255411255411255
2021-07-04 22:45:00+00:00,0.23540166516651662,0.0,0.0580333625987708,0.7212121212121212
2021-07-04 23:00:00+00:00,0.2304605460546054,0.0,0.0580333625987708,0.7168831168831169
2021-07-04 23:15:00+00:00,0.22762901290129006,0.0,0.0580333625987708,0.7116883116883117
2021-07-04 23:30:00+00:00,0.2247974797479747,0.0,0.0580333625987708,0.7064935064935065
2021-07-04 23:45:00+00:00,0.2219659465946594,0.0,0.0580333625987708,0.7012987012987013
2021-07-05 00:00:00+00:00,0.2191344134413441,0.0,0.0580333625987708,0.6961038961038961
2021-07-05 00:15:00+00:00,0.2151308880888088,0.0,0.0580333625987708,0.6948051948051948
2021-07-05 00:30:00+00:00,0.2111273627362735,0.0,0.0580333625987708,0.6935064935064935
2021-07-05 00:45:00+00:00,0.2071238373837383,0.0,0.0580333625987708,0.6922077922077923
2021-07-05 01:00:00+00:00,0.2031203120312031,0.0,0.0580333625987708,0.6909090909090909
2021-07-05 01:15:00+00:00,0.2040860336033603,0.0,0.05798946444249335,0.6904761904761905
2021-07-05 01:30:00+00:00,0.2050517551755175,0.0,0.0579455662862159,0.69004329004329
2021-07-05 01:45:00+00:00,0.20601747674767468,0.0,0.0579016681299385,0.6896103896103896
2021-07-05 02:00:00+00:00,0.2069831983198319,0.0,0.0578577699736611,0.6891774891774892
2021-07-05 02:15:00+00:00,0.2055486798679867,0.0,0.05770412642669005,0.6887445887445888
2021-07-05 02:30:00+00:00,0.2041141614161415,0.0,0.057550482879719,0.6883116883116883
2021-07-05 02:45:00+00:00,0.20267964296429636,0.0,0.057396839332747945,0.6878787878787879
2021-07-05 03:00:00+00:00,0.2012451245124512,0.0,0.0572431957857769,0.6874458874458874
2021-07-05 03:15:00+00:00,0.19961371137113704,0.0,0.0540825285338015,0.6961038961038961
2021-07-05 03:30:00+00:00,0.1979822982298229,0.0,0.0509218612818261,0.7047619047619047
2021-07-05 03:45:00+00:00,0.1963508850885088,0.0,0.0477611940298507,0.7134199134199134
2021-07-05 04:00:00+00:00,0.1947194719471947,0.0,0.0446005267778753,0.7220779220779221
2021-07-05 04:15:00+00:00,0.19465384038403835,0.0,0.053094820017559205,0.7361471861471862
2021-07-05 04:30:00+00:00,0.194588208820882,0.0,0.0615891132572431,0.7502164502164502
2021-07-05 04:45:00+00:00,0.1945225772577257,0.0,0.07008340649692704,0.7642857142857143
2021-07-05 05:00:00+00:00,0.1944569456945694,0.0,0.078577699736611,0.7783549783549784
2021-07-05 05:15:00+00:00,0.19010651065106504,0.0,0.1346136962247585,0.7883116883116883
2021-07-05 05:30:00+00:00,0.1857560756075607,0.0,0.190649692712906,0.7982683982683982
2021-07-05 05:45:00+00:00,0.18140564056405634,0.0,0.2466856892010535,0.8082251082251082
2021-07-05 06:00:00+00:00,0.177055205520552,0.0,0.302721685689201,0.8181818181818182
2021-07-05 06:15:00+00:00,0.17660516051605157,0.0,0.3852502194907813,0.8231601731601732
2021-07-05 06:30:00+00:00,0.1761551155115511,0.0,0.4677787532923617,0.8281385281385282
2021-07-05 06:45:00+00:00,0.17570507050705064,0.0,0.550307287093942,0.8331168831168831
2021-07-05 07:00:00+00:00,0.1752550255025502,0.0,0.6328358208955224,0.8380952380952381
2021-07-05 07:15:00+00:00,0.1809087158715871,0.0,0.6763827919227392,0.8396103896103897
2021-07-05 07:30:00+00:00,0.186562406240624,0.0,0.7199297629499561,0.8411255411255412
2021-07-05 07:45:00+00:00,0.1922160966096609,0.0,0.763476733977173,0.8426406926406926
2021-07-05 08:00:00+00:00,0.1978697869786978,0.0,0.8070237050043898,0.8441558441558441
2021-07-05 08:15:00+00:00,0.20528615361536146,0.0,0.8278314310798947,0.8344155844155844
2021-07-05 08:30:00+00:00,0.2127025202520251,0.0,0.8486391571553995,0.8246753246753247
2021-07-05 08:45:00+00:00,0.2201188868886888,0.0,0.8694468832309044,0.814935064935065
2021-07-05 09:00:00+00:00,0.2275352535253525,0.0,0.8902546093064091,0.8051948051948052
2021-07-05 09:15:00+00:00,0.2329732973297329,0.0,0.9013608428446005,0.8
2021-07-05 09:30:00+00:00,0.2384113411341133,0.0,0.912467076382792,0.7948051948051948
2021-07-05 09:45:00+00:00,0.24384938493849379,0.0,0.9235733099209834,0.7896103896103897
2021-07-05 10:00:00+00:00,0.2492874287428743,0.0,0.9346795434591748,0.7844155844155845
2021-07-05 10:15:00+00:00,0.2561037353735373,0.0,0.9403204565408254,0.7774891774891775
2021-07-05 10:30:00+00:00,0.2629200420042004,0.0,0.945961369622476,0.7705627705627706
2021-07-05 10:45:00+00:00,0.26973634863486345,0.0,0.9516022827041265,0.7636363636363637
2021-07-05 11:00:00+00:00,0.2765526552655265,0.0,0.957243195785777,0.7567099567099567
2021-07-05 11:15:00+00:00,0.285806705670567,0.0,0.9561018437225637,0.7489177489177489
2021-07-05 11:30:00+00:00,0.2950607560756075,0.0,0.9549604916593504,0.7411255411255411
2021-07-05 11:45:00+00:00,0.304314806480648,0.0,0.9538191395961371,0.7333333333333333
2021-07-05 12:00:00+00:00,0.3135688568856886,0.0,0.9526777875329236,0.7255411255411255
2021-07-05 12:15:00+00:00,0.32055393039303925,0.0,0.9494073748902546,0.7199134199134198
2021-07-05 12:30:00+00:00,0.32753900390039,0.0,0.9461369622475856,0.7142857142857142
2021-07-05 12:45:00+00:00,0.3345240774077407,0.0,0.9428665496049167,0.7086580086580085
2021-07-05 13:00:00+00:00,0.3415091509150915,0.0,0.9395961369622476,0.703030303030303
2021-07-05 13:15:00+00:00,0.35204770477047703,0.0,0.9332528533801581,0.6965367965367966
2021-07-05 13:30:00+00:00,0.3625862586258626,0.0,0.9269095697980684,0.69004329004329
2021-07-05 13:45:00+00:00,0.37312481248124807,0.0,0.9205662862159788,0.6835497835497836
2021-07-05 14:00:00+00:00,0.3836633663366336,0.0,0.9142230026338892,0.677056277056277
2021-07-05 14:15:00+00:00,0.3924767476747675,0.0,0.8998683055311676,0.6753246753246753
2021-07-05 14:30:00+00:00,0.4012901290129013,0.0,0.885513608428446,0.6735930735930735
2021-07-05 14:45:00+00:00,0.4101035103510351,0.0,0.8711589113257243,0.6718614718614718
2021-07-05 15:00:00+00:00,0.4189168916891689,0.0,0.8568042142230027,0.6701298701298701
2021-07-05 15:15:00+00:00,0.4225453795379538,0.0,0.8311018437225637,0.6716450216450216
2021-07-05 15:30:00+00:00,0.4261738673867387,0.0,0.8053994732221247,0.6731601731601732
2021-07-05 15:45:00+00:00,0.4298023552355235,0.0,0.7796971027216857,0.6746753246753248
2021-07-05 16:00:00+00:00,0.4334308430843084,0.0,0.7539947322212467,0.6761904761904762
2021-07-05 16:15:00+00:00,0.4366092859285928,0.0,0.713235294117647,0.6857142857142857
2021-07-05 16:30:00+00:00,0.4397877287728772,0.0,0.6724758560140474,0.6952380952380952
2021-07-05 16:45:00+00:00,0.4429661716171617,0.0,0.6317164179104477,0.7047619047619047
2021-07-05 17:00:00+00:00,0.4461446144614461,0.0,0.5909569798068481,0.7142857142857143
2021-07-05 17:15:00+00:00,0.4416910441044104,0.0,0.5235074626865672,0.722943722943723
2021-07-05 17:30:00+00:00,0.4372374737473747,0.0,0.4560579455662862,0.7316017316017316
2021-07-05 17:45:00+00:00,0.432783903390339,0.0,0.38860842844600524,0.7402597402597402
2021-07-05 18:00:00+00:00,0.4283303330333033,0.0,0.3211589113257243,0.7489177489177489
2021-07-05 18:15:00+00:00,0.41310381038103805,0.0,0.26676909569798063,0.7549783549783549
2021-07-05 18:30:00+00:00,0.3978772877287728,0.0,0.212379280070237,0.761038961038961
2021-07-05 18:45:00+00:00,0.3826507650765076,0.0,0.15798946444249334,0.7670995670995671
2021-07-05 19:00:00+00:00,0.3674242424242424,0.0,0.1035996488147497,0.7731601731601732
2021-07-05 19:15:00+00:00,0.3629331683168316,0.0,0.09299824407374879,0.7692640692640693
2021-07-05 19:30:00+00:00,0.3584420942094208,0.0,0.0823968393327479,0.7653679653679654
2021-07-05 19:45:00+00:00,0.35395102010201007,0.0,0.07179543459174705,0.7614718614718614
2021-07-05 20:00:00+00:00,0.3494599459945994,0.0,0.0611940298507462,0.7575757575757576
2021-07-05 20:15:00+00:00,0.3448188568856885,0.0,0.060359964881474895,0.7510822510822511
2021-07-05 20:30:00+00:00,0.3401777677767776,0.0,0.0595258999122036,0.7445887445887446
2021-07-05 20:45:00+00:00,0.33553667866786674,0.0,0.05869183494293235,0.7380952380952381
2021-07-05 21:00:00+00:00,0.3308955895589558,0.0,0.0578577699736611,0.7316017316017316
2021-07-05 21:15:00+00:00,0.32930168016801675,0.0,0.05781387181738365,0.7309523809523809
2021-07-05 21:30:00+00:00,0.3277077707770777,0.0,0.0577699736611062,0.7303030303030302
2021-07-05 21:45:00+00:00,0.3261138613861386,0.0,0.05772607550482875,0.7296536796536797
2021-07-05 22:00:00+00:00,0.3245199519951995,0.0,0.0576821773485513,0.729004329004329
2021-07-05 22:15:00+00:00,0.3156221872187218,0.0,0.0575724319578577,0.7244588744588745
2021-07-05 22:30:00+00:00,0.3067244224422442,0.0,0.0574626865671641,0.7199134199134198
2021-07-05 22:45:00+00:00,0.29782665766576655,0.0,0.057352941176470495,0.7153679653679653
2021-07-05 23:00:00+00:00,0.2889288928892889,0.0,0.0572431957857769,0.7108225108225108
2021-07-05 23:15:00+00:00,0.27919666966696666,0.0,0.0570237050043897,0.7090909090909091
2021-07-05 23:30:00+00:00,0.2694644464446444,0.0,0.0568042142230025,0.7073593073593074
2021-07-05 23:45:00+00:00,0.2597322232223222,0.0,0.056584723441615345,0.7056277056277056
2021-07-06 00:00:00+00:00,0.25,0.0,0.0563652326602282,0.7038961038961039
2021-07-06 00:15:00+00:00,0.2425836333633363,0.0,0.0563652326602282,0.7025974025974027
2021-07-06 00:30:00+00:00,0.2351672667266726,0.0,0.0563652326602282,0.7012987012987013
2021-07-06 00:45:00+00:00,0.22775090009000895,0.0,0.0563652326602282,0.7
2021-07-06 01:00:00+00:00,0.2203345334533453,0.0,0.0563652326602282,0.6987012987012987
2021-07-06 01:15:00+00:00,0.21855310531053102,0.0,0.056014047410008705,0.6909090909090909
2021-07-06 01:30:00+00:00,0.2167716771677167,0.0,0.0556628621597892,0.6831168831168831
2021-07-06 01:45:00+00:00,0.21499024902490244,0.0,0.05531167690956975,0.6753246753246753
2021-07-06 02:00:00+00:00,0.2132088208820882,0.0,0.0549604916593503,0.6675324675324675
2021-07-06 02:15:00+00:00,0.21097734773477345,0.0,0.05381913959613695,0.664069264069264
2021-07-06 02:30:00+00:00,0.2087458745874587,0.0,0.0526777875329236,0.6606060606060606
2021-07-06 02:45:00+00:00,0.206514401440144,0.0,0.05153643546971025,0.6571428571428571
2021-07-06 03:00:00+00:00,0.2042829282928293,0.0,0.0503950834064969,0.6536796536796536
2021-07-06 03:15:00+00:00,0.20137638763876387,0.0,0.04804653204565405,0.6603896103896103
2021-07-06 03:30:00+00:00,0.1984698469846984,0.0,0.0456979806848112,0.6670995670995671
2021-07-06 03:45:00+00:00,0.195563306330633,0.0,0.04334942932396835,0.6738095238095239
2021-07-06 04:00:00+00:00,0.1926567656765676,0.0,0.0410008779631255,0.6805194805194805
2021-07-06 04:15:00+00:00,0.1934818481848184,0.0,0.04580772607550475,0.6967532467532468
2021-07-06 04:30:00+00:00,0.1943069306930692,0.0,0.050614574187884,0.7129870129870131
2021-07-06 04:45:00+00:00,0.19513201320132006,0.0,0.0554214223002633,0.7292207792207792
2021-07-06 05:00:00+00:00,0.1959570957095709,0.0,0.0602282704126426,0.7454545454545455
2021-07-06 05:15:00+00:00,0.1914285178517851,0.0,0.0978050921861281,0.7549783549783551
2021-07-06 05:30:00+00:00,0.1868999399939993,0.0,0.1353819139596136,0.7645021645021646
2021-07-06 05:45:00+00:00,0.18237136213621355,0.0,0.17295873573309917,0.7740259740259741
2021-07-06 06:00:00+00:00,0.1778427842784278,0.0,0.2105355575065847,0.7835497835497836
2021-07-06 06:15:00+00:00,0.17676455145514547,0.0,0.2658691834942932,0.7833333333333333
2021-07-06 06:30:00+00:00,0.1756863186318631,0.0,0.3212028094820017,0.7831168831168831
2021-07-06 06:45:00+00:00,0.17460808580858078,0.0,0.3765364354697103,0.7829004329004329
2021-07-06 07:00:00+00:00,0.1735298529852985,0.0,0.4318700614574188,0.7826839826839826
2021-07-06 07:15:00+00:00,0.18103997899789975,0.0,0.4695566286215979,0.780952380952381
2021-07-06 07:30:00+00:00,0.188550105010501,0.0,0.507243195785777,0.7792207792207793
2021-07-06 07:45:00+00:00,0.19606023102310224,0.0,0.5449297629499561,0.7774891774891775
2021-07-06 08:00:00+00:00,0.2035703570357035,0.0,0.5826163301141352,0.7757575757575758
2021-07-06 08:15:00+00:00,0.2119899489948994,0.0,0.6005048287971905,0.7720779220779221
2021-07-06 08:30:00+00:00,0.2204095409540953,0.0,0.6183933274802458,0.7683982683982684
2021-07-06 08:45:00+00:00,0.22882913291329124,0.0,0.6362818261633011,0.7647186147186148
2021-07-06 09:00:00+00:00,0.2372487248724872,0.0,0.6541703248463564,0.7610389610389611
2021-07-06 09:15:00+00:00,0.2422367236723672,0.0,0.6699736611062335,0.7521645021645023
2021-07-06 09:30:00+00:00,0.2472247224722472,0.0,0.6857769973661105,0.7432900432900433
2021-07-06 09:45:00+00:00,0.25221272127212724,0.0,0.7015803336259876,0.7344155844155844
2021-07-06 10:00:00+00:00,0.2572007200720072,0.0,0.7173836698858648,0.7255411255411255
2021-07-06 10:15:00+00:00,0.26136363636363635,0.0,0.7257901668129938,0.7246753246753246
2021-07-06 10:30:00+00:00,0.2655265526552655,0.0,0.7341966637401229,0.7238095238095238
2021-07-06 10:45:00+00:00,0.2696894689468946,0.0,0.742603160667252,0.722943722943723
2021-07-06 11:00:00+00:00,0.2738523852385238,0.0,0.751009657594381,0.7220779220779221
2021-07-06 11:15:00+00:00,0.2789716471647164,0.0,0.7536874451273046,0.7166666666666667
2021-07-06 11:30:00+00:00,0.284090909090909,0.0,0.7563652326602283,0.7112554112554113
2021-07-06 11:45:00+00:00,0.28921017101710167,0.0,0.759043020193152,0.7058441558441558
2021-07-06 12:00:00+00:00,0.2943294329432943,0.0,0.7617208077260755,0.7004329004329004
2021-07-06 12:15:00+00:00,0.298351710171017,0.0,0.7505926251097454,0.6941558441558442
2021-07-06 12:30:00+00:00,0.3023739873987398,0.0,0.7394644424934154,0.6878787878787879
2021-07-06 12:45:00+00:00,0.3063962646264626,0.0,0.7283362598770853,0.6816017316017315
2021-07-06 13:00:00+00:00,0.3104185418541854,0.0,0.7172080772607551,0.6753246753246753
2021-07-06 13:15:00+00:00,0.3193913141314131,0.0,0.6973880597014925,0.6746753246753247
2021-07-06 13:30:00+00:00,0.3283640864086408,0.0,0.6775680421422301,0.674025974025974
2021-07-06 13:45:00+00:00,0.33733685868586855,0.0,0.6577480245829675,0.6733766233766234
2021-07-06 14:00:00+00:00,0.3463096309630963,0.0,0.637928007023705,0.6727272727272727
2021-07-06 14:15:00+00:00,0.3464033903390339,0.0,0.6187225636523266,0.6753246753246753
2021-07-06 14:30:00+00:00,0.3464971497149715,0.0,0.5995171202809482,0.6779220779220779
2021-07-06 14:45:00+00:00,0.34659090909090906,0.0,0.5803116769095698,0.6805194805194805
2021-07-06 15:00:00+00:00,0.3466846684668467,0.0,0.5611062335381914,0.6831168831168831
2021-07-06 15:15:00+00:00,0.34630025502550255,0.0,0.5392888498683055,0.6826839826839828
2021-07-06 15:30:00+00:00,0.3459158415841584,0.0,0.5174714661984197,0.6822510822510823
2021-07-06 15:45:00+00:00,0.34553142814281423,0.0,0.49565408252853377,0.6818181818181819
2021-07-06 16:00:00+00:00,0.3451470147014701,0.0,0.4738366988586479,0.6813852813852814
2021-07-06 16:15:00+00:00,0.3475753825382538,0.0,0.43948639157155395,0.6958874458874459
2021-07-06 16:30:00+00:00,0.3500037503750375,0.0,0.40513608428446,0.7103896103896103
2021-07-06 16:45:00+00:00,0.3524321182118212,0.0,0.37078577699736603,0.7248917748917749
2021-07-06 17:00:00+00:00,0.3548604860486049,0.0,0.3364354697102721,0.7393939393939394
2021-07-06 17:15:00+00:00,0.34732223222322234,0.0,0.2967734855136084,0.7491341991341991
2021-07-06 17:30:00+00:00,0.3397839783978398,0.0,0.2571115013169446,0.7588744588744589
2021-07-06 17:45:00+00:00,0.33224572457245727,0.0,0.2174495171202809,0.7686147186147186
2021-07-06 18:00:00+00:00,0.3247074707470747,0.0,0.1777875329236172,0.7783549783549784
2021-07-06 18:15:00+00:00,0.31585658565856584,0.0,0.147892888498683,0.7816017316017315
2021-07-06 18:30:00+00:00,0.307005700570057,0.0,0.1179982440737488,0.7848484848484848
2021-07-06 18:45:00+00:00,0.29815481548154815,0.0,0.08810359964881465,0.7880952380952381
2021-07-06 19:00:00+00:00,0.2893039303930393,0.0,0.0582089552238805,0.7913419913419913
2021-07-06 19:15:00+00:00,0.2795623312331233,0.0,0.05226075504828785,0.7880952380952382
2021-07-06 19:30:00+00:00,0.2698207320732073,0.0,0.0463125548726952,0.7848484848484849
2021-07-06 19:45:00+00:00,0.2600791329132913,0.0,0.0403643546971026,0.7816017316017316
2021-07-06 20:00:00+00:00,0.2503375337533753,0.0,0.03441615452151,0.7783549783549784
2021-07-06 20:15:00+00:00,0.23963958895889587,0.0,0.03461369622475845,0.7774891774891775
2021-07-06 20:30:00+00:00,0.2289416441644164,0.0,0.0348112379280069,0.7766233766233765
2021-07-06 20:45:00+00:00,0.21824369936993693,0.0,0.0350087796312554,0.7757575757575756
2021-07-06 21:00:00+00:00,0.2075457545754575,0.0,0.0352063213345039,0.7748917748917749
2021-07-06 21:15:00+00:00,0.1994168166816681,0.0,0.03577699736611055,0.7714285714285714
2021-07-06 21:30:00+00:00,0.1912878787878787,0.0,0.0363476733977172,0.767965367965368
2021-07-06 21:45:00+00:00,0.18315894089408935,0.0,0.0369183494293239,0.7645021645021646
2021-07-06 22:00:00+00:00,0.1750300030003,0.0,0.0374890254609306,0.7610389610389611
2021-07-06 22:15:00+00:00,0.16956383138313824,0.0,0.0370500438981562,0.7476190476190476
2021-07-06 22:30:00+00:00,0.1640976597659765,0.0,0.0366110623353818,0.7341991341991343
2021-07-06 22:45:00+00:00,0.1586314881488148,0.0,0.03617208077260745,0.7207792207792209
2021-07-06 23:00:00+00:00,0.1531653165316531,0.0,0.0357330992098331,0.7073593073593074
2021-07-06 23:15:00+00:00,0.15033378337833775,0.0,0.0356453028972782,0.7075757575757576
2021-07-06 23:30:00+00:00,0.1475022502250224,0.0,0.0355575065847233,0.7077922077922079
2021-07-06 23:45:00+00:00,0.1446707170717071,0.0,0.03546971027216845,0.708008658008658
2021-07-07 00:00:00+00:00,0.1418391839183918,0.0,0.0353819139596136,0.7082251082251082
2021-07-07 00:15:00+00:00,0.13384150915091503,0.0,0.034679543459174594,0.7097402597402598
2021-07-07 00:30:00+00:00,0.1258438343834383,0.0,0.0339771729587356,0.7112554112554113
2021-07-07 00:45:00+00:00,0.11784615961596155,0.0,0.03327480245829665,0.7127705627705627
2021-07-07 01:00:00+00:00,0.1098484848484848,0.0,0.0325724319578577,0.7142857142857143
2021-07-07 01:15:00+00:00,0.10762638763876381,0.0,0.0324407374890254,0.7093073593073593
2021-07-07 01:30:00+00:00,0.1054042904290428,0.0,0.0323090430201931,0.7043290043290044
2021-07-07 01:45:00+00:00,0.10318219321932184,0.0,0.0321773485513608,0.6993506493506494
2021-07-07 02:00:00+00:00,0.1009600960096009,0.0,0.0320456540825285,0.6943722943722944
2021-07-07 02:15:00+00:00,0.1011194869486948,0.0,0.0314530289727831,0.6932900432900433
2021-07-07 02:30:00+00:00,0.1012788778877887,0.0,0.0308604038630377,0.6922077922077923
2021-07-07 02:45:00+00:00,0.10143826882688264,0.0,0.0302677787532923,0.6911255411255411
2021-07-07 03:00:00+00:00,0.1015976597659766,0.0,0.0296751536435469,0.69004329004329
2021-07-07 03:15:00+00:00,0.1001631413141314,0.0,0.02780948200175585,0.6932900432900432
2021-07-07 03:30:00+00:00,0.0987286228622862,0.0,0.0259438103599648,0.6965367965367965
2021-07-07 03:45:00+00:00,0.097294104410441,0.0,0.02407813871817375,0.6997835497835497
2021-07-07 04:00:00+00:00,0.0958595859585958,0.0,0.0222124670763827,0.703030303030303
2021-07-07 04:15:00+00:00,0.09266239123912384,0.0,0.0314969271290605,0.7158008658008658
2021-07-07 04:30:00+00:00,0.0894651965196519,0.0,0.0407813871817383,0.7285714285714285
2021-07-07 04:45:00+00:00,0.08626800180017996,0.0,0.0500658472344161,0.7413419913419913
2021-07-07 05:00:00+00:00,0.083070807080708,0.0,0.0593503072870939,0.7541125541125541
2021-07-07 05:15:00+00:00,0.07990174017401735,0.0,0.1057506584723441,0.7701298701298701
2021-07-07 05:30:00+00:00,0.0767326732673267,0.0,0.1521510096575943,0.7861471861471861
2021-07-07 05:45:00+00:00,0.07356360636063605,0.0,0.19855136084284453,0.8021645021645022
2021-07-07 06:00:00+00:00,0.0703945394539454,0.0,0.2449517120280948,0.8181818181818182
2021-07-07 06:15:00+00:00,0.06882875787578754,0.0,0.31365232660228265,0.8164502164502165
2021-07-07 06:30:00+00:00,0.0672629762976297,0.0,0.3823529411764705,0.8147186147186147
2021-07-07 06:45:00+00:00,0.0656971947194719,0.0,0.4510535557506584,0.8129870129870129
2021-07-07 07:00:00+00:00,0.0641314131413141,0.0,0.5197541703248464,0.8112554112554112
2021-07-07 07:15:00+00:00,0.06284690969096905,0.0,0.5781826163301143,0.8086580086580086
2021-07-07 07:30:00+00:00,0.061562406240624,0.0,0.636611062335382,0.806060606060606
2021-07-07 07:45:00+00:00,0.06027790279027895,0.0,0.6950395083406498,0.8034632034632034
2021-07-07 08:00:00+00:00,0.0589933993399339,0.0,0.7534679543459175,0.8008658008658008
2021-07-07 08:15:00+00:00,0.0606529402940293,0.0,0.7721905179982441,0.806060606060606
2021-07-07 08:30:00+00:00,0.0623124812481247,0.0,0.7909130816505707,0.8112554112554112
2021-07-07 08:45:00+00:00,0.06397202220222015,0.0,0.8096356453028972,0.8164502164502164
2021-07-07 09:00:00+00:00,0.0656315631563156,0.0,0.8283582089552238,0.8216450216450216
2021-07-07 09:15:00+00:00,0.068847509750975,0.0,0.8387401229148375,0.817965367965368
2021-07-07 09:30:00+00:00,0.0720634563456344,0.0,0.8491220368744512,0.8142857142857143
2021-07-07 09:45:00+00:00,0.0752794029402939,0.0,0.859503950834065,0.8106060606060607
2021-07-07 10:00:00+00:00,0.0784953495349534,0.0,0.8698858647936787,0.8069264069264069
2021-07-07 10:15:00+00:00,0.08266764176417629,0.0,0.8772168568920106,0.7976190476190477
2021-07-07 10:30:00+00:00,0.0868399339933992,0.0,0.8845478489903424,0.7883116883116883
2021-07-07 10:45:00+00:00,0.09101222622262214,0.0,0.8918788410886742,0.7790043290043289
2021-07-07 11:00:00+00:00,0.0951845184518451,0.0,0.8992098331870061,0.7696969696969697
2021-07-07 11:15:00+00:00,0.10141014101410134,0.0,0.8981782265144864,0.7688311688311689
2021-07-07 11:30:00+00:00,0.1076357635763576,0.0,0.8971466198419666,0.767965367965368
2021-07-07 11:45:00+00:00,0.11386138613861385,0.0,0.8961150131694469,0.7670995670995671
2021-07-07 12:00:00+00:00,0.1200870087008701,0.0,0.8950834064969271,0.7662337662337663
2021-07-07 12:15:00+00:00,0.12927542754275426,0.0,0.892910447761194,0.7653679653679655
2021-07-07 12:30:00+00:00,0.1384638463846384,0.0,0.8907374890254609,0.7645021645021646
2021-07-07 12:45:00+00:00,0.14765226522652258,0.0,0.8885645302897278,0.7636363636363637
2021-07-07 13:00:00+00:00,0.1568406840684068,0.0,0.8863915715539947,0.7627705627705628
2021-07-07 13:15:00+00:00,0.16574782478247813,0.0,0.8782484635645302,0.7593073593073593
2021-07-07 13:30:00+00:00,0.1746549654965495,0.0,0.8701053555750659,0.7558441558441558
2021-07-07 13:45:00+00:00,0.18356210621062094,0.0,0.8619622475856015,0.7523809523809524
2021-07-07 14:00:00+00:00,0.1924692469246924,0.0,0.853819139596137,0.7489177489177489
2021-07-07 14:15:00+00:00,0.19702595259525946,0.0,0.8425373134328358,0.7424242424242424
2021-07-07 14:30:00+00:00,0.2015826582658265,0.0,0.8312554872695347,0.7359307359307359
2021-07-07 14:45:00+00:00,0.2061393639363936,0.0,0.8199736611062336,0.7294372294372294
2021-07-07 15:00:00+00:00,0.2106960696069607,0.0,0.8086918349429324,0.7229437229437229
2021-07-07 15:15:00+00:00,0.21377137713771374,0.0,0.7847014925373135,0.7218614718614718
2021-07-07 15:30:00+00:00,0.2168466846684668,0.0,0.7607111501316945,0.7207792207792207
2021-07-07 15:45:00+00:00,0.2199219921992199,0.0,0.7367208077260756,0.7196969696969697
2021-07-07 16:00:00+00:00,0.222997299729973,0.0,0.7127304653204566,0.7186147186147186
2021-07-07 16:15:00+00:00,0.2235223522352235,0.0,0.6787971905179984,0.7194805194805194
2021-07-07 16:30:00+00:00,0.224047404740474,0.0,0.64486391571554,0.7203463203463203
2021-07-07 16:45:00+00:00,0.22457245724572455,0.0,0.6109306409130817,0.7212121212121212
2021-07-07 17:00:00+00:00,0.2250975097509751,0.0,0.5769973661106234,0.7220779220779221
2021-07-07 17:15:00+00:00,0.22417866786678664,0.0,0.5162203687445127,0.7313852813852814
2021-07-07 17:30:00+00:00,0.2232598259825982,0.0,0.4554433713784021,0.7406926406926406
2021-07-07 17:45:00+00:00,0.2223409840984098,0.0,0.39466637401229143,0.75
2021-07-07 18:00:00+00:00,0.2214221422142214,0.0,0.3338893766461808,0.7593073593073593
2021-07-07 18:15:00+00:00,0.22095334533453342,0.0,0.28316505706760303,0.7681818181818181
2021-07-07 18:30:00+00:00,0.2204845484548454,0.0,0.2324407374890253,0.777056277056277
2021-07-07 18:45:00+00:00,0.22001575157515746,0.0,0.18171641791044765,0.7859307359307359
2021-07-07 19:00:00+00:00,0.2195469546954695,0.0,0.13099209833187,0.7948051948051948
2021-07-07 19:15:00+00:00,0.2223128562856285,0.0,0.12041264266900785,0.7956709956709958
2021-07-07 19:30:00+00:00,0.2250787578757875,0.0,0.1098331870061457,0.7965367965367965
2021-07-07 19:45:00+00:00,0.22784465946594656,0.0,0.09925373134328355,0.7974025974025973
2021-07-07 20:00:00+00:00,0.2306105610561056,0.0,0.0886742756804214,0.7982683982683982
2021-07-07 20:15:00+00:00,0.2290166516651665,0.0,0.0868744512730465,0.7974025974025973
2021-07-07 20:30:00+00:00,0.2274227422742274,0.0,0.0850746268656716,0.7965367965367965
2021-07-07 20:45:00+00:00,0.2258288328832883,0.0,0.0832748024582967,0.7956709956709958
2021-07-07 21:00:00+00:00,0.2242349234923492,0.0,0.0814749780509218,0.7948051948051948
2021-07-07 21:15:00+00:00,0.2231660666066606,0.0,0.0790825285338015,0.7783549783549784
2021-07-07 21:30:00+00:00,0.222097209720972,0.0,0.0766900790166812,0.7619047619047619
2021-07-07 21:45:00+00:00,0.22102835283528344,0.0,0.07429762949956095,0.7454545454545454
2021-07-07 22:00:00+00:00,0.2199594959495949,0.0,0.0719051799824407,0.729004329004329
2021-07-07 22:15:00+00:00,0.2200532553255325,0.0,0.0709394205443371,0.7222943722943722
2021-07-07 22:30:00+00:00,0.2201470147014701,0.0,0.0699736611062335,0.7155844155844155
2021-07-07 22:45:00+00:00,0.22024077407740772,0.0,0.0690079016681299,0.7088744588744589
2021-07-07 23:00:00+00:00,0.2203345334533453,0.0,0.0680421422300263,0.7021645021645022
2021-07-07 23:15:00+00:00,0.21993136813681363,0.0,0.06729587357330985,0.6956709956709958
2021-07-07 23:30:00+00:00,0.219528202820282,0.0,0.0665496049165934,0.6891774891774892
2021-07-07 23:45:00+00:00,0.21912503750375034,0.0,0.065803336259877,0.6826839826839828
2021-07-08 00:00:00+00:00,0.2187218721872187,0.0,0.0650570676031606,0.6761904761904762
2021-07-08 00:15:00+00:00,0.2159934743474347,0.0,0.063388937664618,0.672077922077922
2021-07-08 00:30:00+00:00,0.2132650765076507,0.0,0.0617208077260754,0.667965367965368
2021-07-08 00:45:00+00:00,0.21053667866786674,0.0,0.06005267778753284,0.6638528138528139
2021-07-08 01:00:00+00:00,0.2078082808280828,0.0,0.0583845478489903,0.6597402597402597
2021-07-08 01:15:00+00:00,0.20512676267626762,0.0,0.0576821773485513,0.6569264069264069
2021-07-08 01:30:00+00:00,0.2024452445244524,0.0,0.0569798068481123,0.6541125541125541
2021-07-08 01:45:00+00:00,0.19976372637263723,0.0,0.05627743634767335,0.6512987012987013
2021-07-08 02:00:00+00:00,0.1970822082208221,0.0,0.0555750658472344,0.6484848484848484
2021-07-08 02:15:00+00:00,0.1958352085208521,0.0,0.05544337137840205,0.6495670995670996
2021-07-08 02:30:00+00:00,0.1945882088208821,0.0,0.0553116769095697,0.6506493506493507
2021-07-08 02:45:00+00:00,0.1933412091209121,0.0,0.0551799824407374,0.6517316017316017
2021-07-08 03:00:00+00:00,0.1920942094209421,0.0,0.0550482879719051,0.6528138528138528
2021-07-08 03:15:00+00:00,0.1921317131713171,0.0,0.05340210711150125,0.6543290043290044
2021-07-08 03:30:00+00:00,0.1921692169216921,0.0,0.0517559262510974,0.6558441558441559
2021-07-08 03:45:00+00:00,0.19220672067206715,0.0,0.05010974539069355,0.6573593073593074
2021-07-08 04:00:00+00:00,0.1922442244224422,0.0,0.0484635645302897,0.6588744588744588
2021-07-08 04:15:00+00:00,0.18996587158715866,0.0,0.05605794556628615,0.674025974025974
2021-07-08 04:30:00+00:00,0.1876875187518751,0.0,0.0636523266022826,0.6891774891774891
2021-07-08 04:45:00+00:00,0.1854091659165916,0.0,0.07124670763827909,0.7043290043290042
2021-07-08 05:00:00+00:00,0.1831308130813081,0.0,0.0788410886742756,0.7194805194805195
2021-07-08 05:15:00+00:00,0.1764082658265826,0.0,0.13193590869183486,0.7374458874458875
2021-07-08 05:30:00+00:00,0.1696857185718571,0.0,0.1850307287093941,0.7554112554112554
2021-07-08 05:45:00+00:00,0.16296317131713164,0.0,0.23812554872695338,0.7733766233766234
2021-07-08 06:00:00+00:00,0.1562406240624062,0.0,0.2912203687445127,0.7913419913419913
2021-07-08 06:15:00+00:00,0.15823769876987695,0.0,0.3681738366988586,0.7924242424242425
2021-07-08 06:30:00+00:00,0.1602347734773477,0.0,0.4451273046532045,0.7935064935064935
2021-07-08 06:45:00+00:00,0.16223184818481845,0.0,0.5220807726075505,0.7945887445887445
2021-07-08 07:00:00+00:00,0.1642289228922892,0.0,0.5990342405618964,0.7956709956709956
2021-07-08 07:15:00+00:00,0.16259750975097503,0.0,0.6420763827919227,0.7943722943722944
2021-07-08 07:30:00+00:00,0.1609660966096609,0.0,0.685118525021949,0.793073593073593
2021-07-08 07:45:00+00:00,0.1593346834683468,0.0,0.7281606672519754,0.7917748917748917
2021-07-08 08:00:00+00:00,0.1577032703270327,0.0,0.7712028094820017,0.7904761904761904
2021-07-08 08:15:00+00:00,0.15339971497149715,0.0,0.7910447761194029,0.7928571428571429
2021-07-08 08:30:00+00:00,0.1490961596159616,0.0,0.8108867427568042,0.7952380952380953
2021-07-08 08:45:00+00:00,0.14479260426042606,0.0,0.8307287093942054,0.7976190476190477
2021-07-08 09:00:00+00:00,0.1404890489048905,0.0,0.8505706760316066,0.8
2021-07-08 09:15:00+00:00,0.13618549354935489,0.0,0.8629499561018437,0.8017316017316017
2021-07-08 09:30:00+00:00,0.1318819381938193,0.0,0.8753292361720808,0.8034632034632034
2021-07-08 09:45:00+00:00,0.12757838283828377,0.0,0.8877085162423178,0.8051948051948052
2021-07-08 10:00:00+00:00,0.1232748274827482,0.0,0.9000877963125549,0.8069264069264069
2021-07-08 10:15:00+00:00,0.12001200120011996,0.0,0.9059482001755926,0.8058441558441558
2021-07-08 10:30:00+00:00,0.1167491749174917,0.0,0.9118086040386304,0.8047619047619048
2021-07-08 10:45:00+00:00,0.11348634863486345,0.0,0.9176690079016683,0.8036796536796538
2021-07-08 11:00:00+00:00,0.1102235223522352,0.0,0.923529411764706,0.8025974025974026
2021-07-08 11:15:00+00:00,0.11123612361236121,0.0,0.9274802458296754,0.7935064935064935
2021-07-08 11:30:00+00:00,0.1122487248724872,0.0,0.9314310798946446,0.7844155844155845
2021-07-08 11:45:00+00:00,0.1132613261326132,0.0,0.9353819139596138,0.7753246753246754
2021-07-08 12:00:00+00:00,0.1142739273927392,0.0,0.939332748024583,0.7662337662337663
2021-07-08 12:15:00+00:00,0.1165616561656165,0.0,0.9382572431957859,0.7554112554112554
2021-07-08 12:30:00+00:00,0.1188493849384938,0.0,0.9371817383669886,0.7445887445887446
2021-07-08 12:45:00+00:00,0.12113711371137109,0.0,0.9361062335381913,0.7337662337662337
2021-07-08 13:00:00+00:00,0.1234248424842484,0.0,0.9350307287093942,0.7229437229437229
2021-07-08 13:15:00+00:00,0.12777527752775275,0.0,0.9276558384547849,0.7142857142857142
2021-07-08 13:30:00+00:00,0.1321257125712571,0.0,0.9202809482001756,0.7056277056277056
2021-07-08 13:45:00+00:00,0.13647614761476146,0.0,0.9129060579455663,0.696969696969697
2021-07-08 14:00:00+00:00,0.1408265826582658,0.0,0.905531167690957,0.6883116883116883
2021-07-08 14:15:00+00:00,0.1457208220822082,0.0,0.8892230026338894,0.687878787878788
2021-07-08 14:30:00+00:00,0.1506150615061506,0.0,0.8729148375768218,0.6874458874458875
2021-07-08 14:45:00+00:00,0.155509300930093,0.0,0.8566066725197541,0.6870129870129871
2021-07-08 15:00:00+00:00,0.1604035403540354,0.0,0.8402985074626865,0.6865800865800866
2021-07-08 15:15:00+00:00,0.16435081008100805,0.0,0.8178226514486391,0.6844155844155845
2021-07-08 15:30:00+00:00,0.1682980798079807,0.0,0.7953467954345917,0.6822510822510823
2021-07-08 15:45:00+00:00,0.17224534953495346,0.0,0.7728709394205444,0.6800865800865801
2021-07-08 16:00:00+00:00,0.1761926192619262,0.0,0.750395083406497,0.6779220779220779
2021-07-08 16:15:00+00:00,0.1820244524452445,0.0,0.7112818261633012,0.6906926406926407
2021-07-08 16:30:00+00:00,0.1878562856285628,0.0,0.6721685689201053,0.7034632034632035
2021-07-08 16:45:00+00:00,0.19368811881188114,0.0,0.6330553116769095,0.7162337662337662
2021-07-08 17:00:00+00:00,0.1995199519951995,0.0,0.5939420544337137,0.729004329004329
2021-07-08 17:15:00+00:00,0.202267101710171,0.0,0.5267998244073748,0.737012987012987
2021-07-08 17:30:00+00:00,0.2050142514251425,0.0,0.4596575943810359,0.745021645021645
2021-07-08 17:45:00+00:00,0.207761401140114,0.0,0.392515364354697,0.753030303030303
2021-07-08 18:00:00+00:00,0.2105085508550855,0.0,0.3253731343283582,0.7610389610389611
2021-07-08 18:15:00+00:00,0.2134807230723072,0.0,0.2731123792800702,0.766017316017316
2021-07-08 18:30:00+00:00,0.2164528952895289,0.0,0.2208516242317822,0.770995670995671
2021-07-08 18:45:00+00:00,0.21942506750675067,0.0,0.16859086918349425,0.775974025974026
2021-07-08 19:00:00+00:00,0.2223972397239724,0.0,0.1163301141352063,0.780952380952381
2021-07-08 19:15:00+00:00,0.22902602760276025,0.0,0.10564091308165055,0.7744588744588745
2021-07-08 19:30:00+00:00,0.2356548154815481,0.0,0.0949517120280948,0.767965367965368
2021-07-08 19:45:00+00:00,0.242283603360336,0.0,0.08426251097453905,0.7614718614718615
2021-07-08 20:00:00+00:00,0.2489123912391239,0.0,0.0735733099209833,0.754978354978355
2021-07-08 20:15:00+00:00,0.25184705970597054,0.0,0.072739244951712,0.7528138528138528
2021-07-08 20:30:00+00:00,0.2547817281728172,0.0,0.0719051799824407,0.7506493506493506
2021-07-08 20:45:00+00:00,0.2577163966396639,0.0,0.0710711150131694,0.7484848484848484
2021-07-08 21:00:00+00:00,0.2606510651065106,0.0,0.0702370500438981,0.7463203463203463
2021-07-08 21:15:00+00:00,0.26005100510051,0.0,0.0695346795434591,0.7372294372294372
2021-07-08 21:30:00+00:00,0.2594509450945094,0.0,0.0688323090430201,0.7281385281385282
2021-07-08 21:45:00+00:00,0.2588508850885088,0.0,0.06812993854258115,0.7190476190476192
2021-07-08 22:00:00+00:00,0.2582508250825082,0.0,0.0674275680421422,0.70995670995671
2021-07-08 22:15:00+00:00,0.2528690369036903,0.0,0.06821773485513605,0.7004329004329004
2021-07-08 22:30:00+00:00,0.2474872487248724,0.0,0.0690079016681299,0.6909090909090909
2021-07-08 22:45:00+00:00,0.24210546054605456,0.0,0.06979806848112374,0.6813852813852814
2021-07-08 23:00:00+00:00,0.2367236723672367,0.0,0.0705882352941176,0.6718614718614718
2021-07-08 23:15:00+00:00,0.2310699819981998,0.0,0.0705882352941176,0.6670995670995671
2021-07-08 23:30:00+00:00,0.2254162916291629,0.0,0.0705882352941176,0.6623376623376623
2021-07-08 23:45:00+00:00,0.219762601260126,0.0,0.0705882352941176,0.6575757575757576
2021-07-09 00:00:00+00:00,0.2141089108910891,0.0,0.0705882352941176,0.6528138528138528
2021-07-09 00:15:00+00:00,0.21160553555355535,0.0,0.0705882352941176,0.6521645021645022
2021-07-09 00:30:00+00:00,0.2091021602160216,0.0,0.0705882352941176,0.6515151515151516
2021-07-09 00:45:00+00:00,0.20659878487848785,0.0,0.0705882352941176,0.6508658008658009
2021-07-09 01:00:00+00:00,0.2040954095409541,0.0,0.0705882352941176,0.6502164502164502
2021-07-09 01:15:00+00:00,0.20085133513351336,0.0,0.07052238805970146,0.6476190476190476
2021-07-09 01:30:00+00:00,0.1976072607260726,0.0,0.0704565408252853,0.645021645021645
2021-07-09 01:45:00+00:00,0.19436318631863186,0.0,0.07039069359086915,0.6424242424242425
2021-07-09 02:00:00+00:00,0.1911191119111911,0.0,0.070324846356453,0.6398268398268399
2021-07-09 02:15:00+00:00,0.18915016501650161,0.0,0.07014925373134326,0.638961038961039
2021-07-09 02:30:00+00:00,0.1871812181218121,0.0,0.0699736611062335,0.638095238095238
2021-07-09 02:45:00+00:00,0.18521227122712264,0.0,0.06979806848112374,0.6372294372294371
2021-07-09 03:00:00+00:00,0.1832433243324332,0.0,0.069622475856014,0.6363636363636364
2021-07-09 03:15:00+00:00,0.1831026852685268,0.0,0.06648375768217729,0.6409090909090909
2021-07-09 03:30:00+00:00,0.1829620462046204,0.0,0.0633450395083406,0.6454545454545455
2021-07-09 03:45:00+00:00,0.18282140714071404,0.0,0.060206321334503904,0.65
2021-07-09 04:00:00+00:00,0.1826807680768077,0.0,0.0570676031606672,0.6545454545454545
2021-07-09 04:15:00+00:00,0.18078682868286824,0.0,0.0627743634767339,0.674025974025974
2021-07-09 04:30:00+00:00,0.1788928892889288,0.0,0.0684811237928006,0.6935064935064935
2021-07-09 04:45:00+00:00,0.17699894989498946,0.0,0.07418788410886734,0.7129870129870131
2021-07-09 05:00:00+00:00,0.1751050105010501,0.0,0.0798946444249341,0.7324675324675325
2021-07-09 05:15:00+00:00,0.16899189918991894,0.0,0.12561457418788405,0.7439393939393939
2021-07-09 05:30:00+00:00,0.1628787878787878,0.0,0.171334503950834,0.7554112554112554
2021-07-09 05:45:00+00:00,0.1567656765676567,0.0,0.217054433713784,0.7668831168831169
2021-07-09 06:00:00+00:00,0.1506525652565256,0.0,0.262774363476734,0.7783549783549784
2021-07-09 06:15:00+00:00,0.1454395439543954,0.0,0.33377963125548726,0.780952380952381
2021-07-09 06:30:00+00:00,0.1402265226522652,0.0,0.4047848990342406,0.7835497835497836
2021-07-09 06:45:00+00:00,0.135013501350135,0.0,0.4757901668129939,0.7861471861471861
2021-07-09 07:00:00+00:00,0.1298004800480048,0.0,0.5467954345917472,0.7887445887445887
2021-07-09 07:15:00+00:00,0.1275127512751275,0.0,0.5947322212467077,0.7896103896103897
2021-07-09 07:30:00+00:00,0.1252250225022502,0.0,0.6426690079016681,0.7904761904761906
2021-07-09 07:45:00+00:00,0.1229372937293729,0.0,0.6906057945566286,0.7913419913419915
2021-07-09 08:00:00+00:00,0.1206495649564956,0.0,0.7385425812115891,0.7922077922077922
2021-07-09 08:15:00+00:00,0.1209027152715271,0.0,0.7618305531167691,0.7922077922077922
2021-07-09 08:30:00+00:00,0.1211558655865586,0.0,0.785118525021949,0.7922077922077922
2021-07-09 08:45:00+00:00,0.12140901590159009,0.0,0.808406496927129,0.7922077922077922
2021-07-09 09:00:00+00:00,0.1216621662166216,0.0,0.831694468832309,0.7922077922077922
2021-07-09 09:15:00+00:00,0.12043391839183909,0.0,0.8481123792800702,0.787012987012987
2021-07-09 09:30:00+00:00,0.1192056705670566,0.0,0.8645302897278314,0.7818181818181819
2021-07-09 09:45:00+00:00,0.11797742274227416,0.0,0.8809482001755926,0.7766233766233767
2021-07-09 10:00:00+00:00,0.1167491749174917,0.0,0.8973661106233538,0.7714285714285715
2021-07-09 10:15:00+00:00,0.1175367536753675,0.0,0.9030948200175593,0.7627705627705628
2021-07-09 10:30:00+00:00,0.1183243324332433,0.0,0.9088235294117648,0.7541125541125542
2021-07-09 10:45:00+00:00,0.11911191119111911,0.0,0.9145522388059701,0.7454545454545455
2021-07-09 11:00:00+00:00,0.1198994899489949,0.0,0.9202809482001756,0.7367965367965368
2021-07-09 11:15:00+00:00,0.1204432943294329,0.0,0.9225197541703247,0.7341991341991342
2021-07-09 11:30:00+00:00,0.1209870987098709,0.0,0.924758560140474,0.7316017316017316
2021-07-09 11:45:00+00:00,0.12153090309030895,0.0,0.9269973661106232,0.729004329004329
2021-07-09 12:00:00+00:00,0.122074707470747,0.0,0.9292361720807726,0.7264069264069264
2021-07-09 12:15:00+00:00,0.12353735373537345,0.0,0.927809482001756,0.7162337662337662
2021-07-09 12:30:00+00:00,0.1249999999999999,0.0,0.9263827919227392,0.706060606060606
2021-07-09 12:45:00+00:00,0.1264626462646264,0.0,0.9249561018437227,0.6958874458874459
2021-07-09 13:00:00+00:00,0.1279252925292529,0.0,0.923529411764706,0.6857142857142857
2021-07-09 13:15:00+00:00,0.1303255325532553,0.0,0.9153863037752417,0.6803030303030303
2021-07-09 13:30:00+00:00,0.1327257725772577,0.0,0.9072431957857772,0.6748917748917749
2021-07-09 13:45:00+00:00,0.13512601260126011,0.0,0.8991000877963127,0.6694805194805195
2021-07-09 14:00:00+00:00,0.1375262526252625,0.0,0.8909569798068481,0.664069264069264
2021-07-09 14:15:00+00:00,0.13824819981998193,0.0,0.875153643546971,0.6621212121212121
2021-07-09 14:30:00+00:00,0.1389701470147014,0.0,0.8593503072870939,0.6601731601731602
2021-07-09 14:45:00+00:00,0.13969209420942091,0.0,0.8435469710272169,0.6582251082251083
2021-07-09 15:00:00+00:00,0.1404140414041404,0.0,0.8277436347673398,0.6562770562770562
2021-07-09 15:15:00+00:00,0.14219546954695467,0.0,0.80085601404741,0.6573593073593074
2021-07-09 15:30:00+00:00,0.1439768976897689,0.0,0.7739683933274802,0.6584415584415584
2021-07-09 15:45:00+00:00,0.1457583258325832,0.0,0.7470807726075505,0.6595238095238095
2021-07-09 16:00:00+00:00,0.1475397539753975,0.0,0.7201931518876207,0.6606060606060606
2021-07-09 16:15:00+00:00,0.15146827182718264,0.0,0.6767339771729587,0.672943722943723
2021-07-09 16:30:00+00:00,0.1553967896789678,0.0,0.6332748024582967,0.6852813852813853
2021-07-09 16:45:00+00:00,0.159325307530753,0.0,0.5898156277436347,0.6976190476190476
2021-07-09 17:00:00+00:00,0.1632538253825382,0.0,0.5463564530289727,0.70995670995671
2021-07-09 17:15:00+00:00,0.16672292229222913,0.0,0.48118964003511844,0.7175324675324676
2021-07-09 17:30:00+00:00,0.1701920192019201,0.0,0.4160228270412642,0.7251082251082251
2021-07-09 17:45:00+00:00,0.1736611161116111,0.0,0.35085601404740996,0.7326839826839827
2021-07-09 18:00:00+00:00,0.1771302130213021,0.0,0.2856892010535558,0.7402597402597403
2021-07-09 18:15:00+00:00,0.1792304230423042,0.0,0.2397278314310799,0.745021645021645
2021-07-09 18:30:00+00:00,0.1813306330633063,0.0,0.193766461808604,0.7497835497835498
2021-07-09 18:45:00+00:00,0.1834308430843084,0.0,0.14780509218612814,0.7545454545454545
2021-07-09 19:00:00+00:00,0.1855310531053105,0.0,0.1018437225636523,0.7593073593073593
2021-07-09 19:15:00+00:00,0.1899096159615961,0.0,0.09433713784021065,0.7606060606060605
2021-07-09 19:30:00+00:00,0.1942881788178817,0.0,0.086830553116769,0.7619047619047619
2021-07-09 19:45:00+00:00,0.19866674167416737,0.0,0.0793239683933274,0.7632034632034632
2021-07-09 20:00:00+00:00,0.203045304530453,0.0,0.0718173836698858,0.7645021645021645
2021-07-09 20:15:00+00:00,0.2032328232823282,0.0,0.07030289727831425,0.7603896103896104
2021-07-09 20:30:00+00:00,0.2034203420342034,0.0,0.0687884108867427,0.7562770562770562
2021-07-09 20:45:00+00:00,0.2036078607860786,0.0,0.06727392449517115,0.7521645021645021
2021-07-09 21:00:00+00:00,0.2037953795379538,0.0,0.0657594381035996,0.7480519480519481
2021-07-09 21:15:00+00:00,0.20088883888388837,0.0,0.063937664618086,0.740909090909091
2021-07-09 21:30:00+00:00,0.1979822982298229,0.0,0.0621158911325724,0.7337662337662338
2021-07-09 21:45:00+00:00,0.1950757575757575,0.0,0.060294117647058804,0.7266233766233767
2021-07-09 22:00:00+00:00,0.1921692169216921,0.0,0.0584723441615452,0.7194805194805195
2021-07-09 22:15:00+00:00,0.1906878187818781,0.0,0.0548946444249341,0.7116883116883117
2021-07-09 22:30:00+00:00,0.1892064206420641,0.0,0.051316944688323,0.7038961038961039
2021-07-09 22:45:00+00:00,0.18772502250225015,0.0,0.04773924495171195,0.6961038961038961
2021-07-09 23:00:00+00:00,0.1862436243624362,0.0,0.0441615452151009,0.6883116883116883
2021-07-09 23:15:00+00:00,0.18625300030002995,0.0,0.044073748902546,0.6835497835497835
2021-07-09 23:30:00+00:00,0.1862623762376237,0.0,0.0439859525899911,0.6787878787878787
2021-07-09 23:45:00+00:00,0.18627175217521746,0.0,0.04389815627743625,0.674025974025974
2021-07-10 00:00:00+00:00,0.1862811281128112,0.0,0.0438103599648814,0.6692640692640692
2021-07-10 00:15:00+00:00,0.18634675967596748,0.0,0.043195785776997245,0.6623376623376623
2021-07-10 00:30:00+00:00,0.1864123912391238,0.0,0.0425812115891131,0.6554112554112554
2021-07-10 00:45:00+00:00,0.18647802280228015,0.0,0.04196663740122905,0.6484848484848484
2021-07-10 01:00:00+00:00,0.1865436543654365,0.0,0.041352063213345,0.6415584415584416
2021-07-10 01:15:00+00:00,0.1857748274827482,0.0,0.041198419666373956,0.6378787878787879
2021-07-10 01:30:00+00:00,0.1850060006000599,0.0,0.0410447761194029,0.6341991341991342
2021-07-10 01:45:00+00:00,0.18423717371737164,0.0,0.040891132572431904,0.6305194805194806
2021-07-10 02:00:00+00:00,0.1834683468346834,0.0,0.0407374890254609,0.6268398268398269
2021-07-10 02:15:00+00:00,0.1813400090009,0.0,0.040496049165935,0.624025974025974
2021-07-10 02:30:00+00:00,0.1792116711671166,0.0,0.0402546093064091,0.6212121212121212
2021-07-10 02:45:00+00:00,0.17708333333333326,0.0,0.0400131694468832,0.6183982683982684
2021-07-10 03:00:00+00:00,0.1749549954995499,0.0,0.0397717295873573,0.6155844155844156
2021-07-10 03:15:00+00:00,0.17336108610861078,0.0,0.03753292361720805,0.612987012987013
2021-07-10 03:30:00+00:00,0.1717671767176717,0.0,0.0352941176470588,0.6103896103896104
2021-07-10 03:45:00+00:00,0.1701732673267326,0.0,0.03305531167690955,0.6077922077922078
2021-07-10 04:00:00+00:00,0.1685793579357935,0.0,0.0308165057067603,0.6051948051948052
2021-07-10 04:15:00+00:00,0.16505400540053997,0.0,0.0368525021949078,0.6082251082251082
2021-07-10 04:30:00+00:00,0.1615286528652864,0.0,0.0428884986830553,0.6112554112554112
2021-07-10 04:45:00+00:00,0.1580033003300329,0.0,0.0489244951712028,0.6142857142857142
2021-07-10 05:00:00+00:00,0.1544779477947794,0.0,0.0549604916593503,0.6173160173160173
2021-07-10 05:15:00+00:00,0.1499306180618061,0.0,0.0989244951712028,0.6255411255411255
2021-07-10 05:30:00+00:00,0.1453832883288328,0.0,0.1428884986830553,0.6337662337662338
2021-07-10 05:45:00+00:00,0.1408359585958595,0.0,0.1868525021949078,0.641991341991342
2021-07-10 06:00:00+00:00,0.1362886288628862,0.0,0.2308165057067603,0.6502164502164502
2021-07-10 06:15:00+00:00,0.13062556255625554,0.0,0.2959174714661984,0.6595238095238095
2021-07-10 06:30:00+00:00,0.1249624962496249,0.0,0.3610184372256365,0.6688311688311688
2021-07-10 06:45:00+00:00,0.11929942994299425,0.0,0.42611940298507456,0.6781385281385282
2021-07-10 07:00:00+00:00,0.1136363636363636,0.0,0.4912203687445127,0.6874458874458874
2021-07-10 07:15:00+00:00,0.1106829432943294,0.0,0.5451492537313433,0.6859307359307358
2021-07-10 07:30:00+00:00,0.1077295229522952,0.0,0.5990781387181738,0.6844155844155844
2021-07-10 07:45:00+00:00,0.10477610261026099,0.0,0.6530070237050044,0.6829004329004329
2021-07-10 08:00:00+00:00,0.1018226822682268,0.0,0.706935908691835,0.6813852813852814
2021-07-10 08:15:00+00:00,0.10026627662766274,0.0,0.7380377524143986,0.6833333333333333
2021-07-10 08:30:00+00:00,0.0987098709870987,0.0,0.7691395961369623,0.6852813852813853
2021-07-10 08:45:00+00:00,0.09715346534653466,0.0,0.8002414398595259,0.6872294372294372
2021-07-10 09:00:00+00:00,0.0955970597059706,0.0,0.8313432835820895,0.6891774891774892
2021-07-10 09:15:00+00:00,0.09680655565556555,0.0,0.8443590869183494,0.693939393939394
2021-07-10 09:30:00+00:00,0.0980160516051605,0.0,0.8573748902546093,0.6987012987012987
2021-07-10 09:45:00+00:00,0.09922554755475545,0.0,0.8703906935908692,0.7034632034632035
2021-07-10 10:00:00+00:00,0.1004350435043504,0.0,0.883406496927129,0.7082251082251082
2021-07-10 10:15:00+00:00,0.1037728772877287,0.0,0.8850307287093941,0.7106060606060607
2021-07-10 10:30:00+00:00,0.107110711071107,0.0,0.8866549604916594,0.7129870129870131
2021-07-10 10:45:00+00:00,0.11044854485448535,0.0,0.8882791922739245,0.7153679653679654
2021-07-10 11:00:00+00:00,0.1137863786378637,0.0,0.8899034240561896,0.7177489177489178
2021-07-10 11:15:00+00:00,0.11698357335733564,0.0,0.8907594381035996,0.7177489177489178
2021-07-10 11:30:00+00:00,0.1201807680768076,0.0,0.8916154521510096,0.7177489177489178
2021-07-10 11:45:00+00:00,0.12337796279627955,0.0,0.8924714661984197,0.7177489177489178
2021-07-10 12:00:00+00:00,0.1265751575157515,0.0,0.8933274802458296,0.7177489177489178
2021-07-10 12:15:00+00:00,0.13048492349234914,0.0,0.8871597892888499,0.706060606060606
2021-07-10 12:30:00+00:00,0.1343946894689468,0.0,0.88099209833187,0.6943722943722944
2021-07-10 12:45:00+00:00,0.1383044554455445,0.0,0.8748244073748902,0.6826839826839828
2021-07-10 13:00:00+00:00,0.1422142214221422,0.0,0.8686567164179104,0.670995670995671
2021-07-10 13:15:00+00:00,0.14695844584458445,0.0,0.8597673397717296,0.6660173160173161
2021-07-10 13:30:00+00:00,0.1517026702670267,0.0,0.8508779631255488,0.6610389610389611
2021-07-10 13:45:00+00:00,0.15644689468946893,0.0,0.8419885864793679,0.656060606060606
2021-07-10 14:00:00+00:00,0.1611911191119112,0.0,0.833099209833187,0.651082251082251
2021-07-10 14:15:00+00:00,0.16560718571857186,0.0,0.8139157155399472,0.6519480519480518
2021-07-10 14:30:00+00:00,0.1700232523252325,0.0,0.7947322212467076,0.6528138528138527
2021-07-10 14:45:00+00:00,0.17443931893189313,0.0,0.775548726953468,0.6536796536796536
2021-07-10 15:00:00+00:00,0.1788553855385538,0.0,0.7563652326602283,0.6545454545454545
2021-07-10 15:15:00+00:00,0.18230573057305724,0.0,0.7197541703248463,0.656060606060606
2021-07-10 15:30:00+00:00,0.1857560756075607,0.0,0.6831431079894644,0.6575757575757576
2021-07-10 15:45:00+00:00,0.18920642064206414,0.0,0.6465320456540825,0.6590909090909092
2021-07-10 16:00:00+00:00,0.1926567656765676,0.0,0.6099209833187006,0.6606060606060606
2021-07-10 16:15:00+00:00,0.19326620162016195,0.0,0.5640693590869184,0.672077922077922
2021-07-10 16:30:00+00:00,0.1938756375637563,0.0,0.5182177348551361,0.6835497835497836
2021-07-10 16:45:00+00:00,0.19448507350735067,0.0,0.4723661106233539,0.6950216450216451
2021-07-10 17:00:00+00:00,0.195094509450945,0.0,0.4265144863915716,0.7064935064935065
2021-07-10 17:15:00+00:00,0.19176605160516044,0.0,0.37034679543459176,0.7121212121212122
2021-07-10 17:30:00+00:00,0.1884375937593759,0.0,0.3141791044776119,0.7177489177489178
2021-07-10 17:45:00+00:00,0.18510913591359135,0.0,0.25801141352063206,0.7233766233766235
2021-07-10 18:00:00+00:00,0.1817806780678068,0.0,0.2018437225636523,0.729004329004329
2021-07-10 18:15:00+00:00,0.1802992799279928,0.0,0.1668129938542581,0.7329004329004329
2021-07-10 18:30:00+00:00,0.1788178817881788,0.0,0.1317822651448639,0.7367965367965368
2021-07-10 18:45:00+00:00,0.1773364836483648,0.0,0.0967515364354697,0.7406926406926406
2021-07-10 19:00:00+00:00,0.1758550855085508,0.0,0.0617208077260755,0.7445887445887446
2021-07-10 19:15:00+00:00,0.1786491149114911,0.0,0.055465320456540804,0.7454545454545454
2021-07-10 19:30:00+00:00,0.1814431443144314,0.0,0.0492098331870061,0.7463203463203463
2021-07-10 19:45:00+00:00,0.1842371737173717,0.0,0.042954345917471395,0.7471861471861472
2021-07-10 20:00:00+00:00,0.187031203120312,0.0,0.0366988586479367,0.7480519480519481
2021-07-10 20:15:00+00:00,0.1876968946894689,0.0,0.03564530289727825,0.7430735930735931
2021-07-10 20:30:00+00:00,0.1883625862586258,0.0,0.0345917471466198,0.7380952380952381
2021-07-10 20:45:00+00:00,0.18902827782778275,0.0,0.03353819139596135,0.7331168831168831
2021-07-10 21:00:00+00:00,0.1896939693969397,0.0,0.0324846356453029,0.7281385281385281
2021-07-10 21:15:00+00:00,0.1873593609360936,0.0,0.0305750658472344,0.7199134199134198
2021-07-10 21:30:00+00:00,0.1850247524752475,0.0,0.0286654960491659,0.7116883116883117
2021-07-10 21:45:00+00:00,0.1826901440144014,0.0,0.0267559262510974,0.7034632034632035
2021-07-10 22:00:00+00:00,0.1803555355535553,0.0,0.0248463564530289,0.6952380952380952
2021-07-10 22:15:00+00:00,0.17765526552655259,0.0,0.0238805970149253,0.6904761904761905
2021-07-10 22:30:00+00:00,0.1749549954995499,0.0,0.0229148375768217,0.6857142857142857
2021-07-10 22:45:00+00:00,0.17225472547254722,0.0,0.0219490781387181,0.680952380952381
2021-07-10 23:00:00+00:00,0.1695544554455445,0.0,0.0209833187006145,0.6761904761904762
2021-07-10 23:15:00+00:00,0.16945132013201314,0.0,0.019776119402985,0.6733766233766234
2021-07-10 23:30:00+00:00,0.1693481848184818,0.0,0.0185689201053555,0.6705627705627706
2021-07-10 23:45:00+00:00,0.16924504950495045,0.0,0.017361720807726,0.6677489177489178
2021-07-11 00:00:00+00:00,0.1691419141914191,0.0,0.0161545215100965,0.6649350649350649
2021-07-11 00:15:00+00:00,0.17007013201320126,0.0,0.0132572431957857,0.6634199134199135
2021-07-11 00:30:00+00:00,0.1709983498349834,0.0,0.0103599648814749,0.6619047619047619
2021-07-11 00:45:00+00:00,0.17192656765676562,0.0,0.0074626865671641,0.6603896103896103
2021-07-11 01:00:00+00:00,0.1728547854785478,0.0,0.0045654082528533,0.6588744588744588
2021-07-11 01:15:00+00:00,0.16907628262826274,0.0,0.0040605794556628,0.6547619047619048
2021-07-11 01:30:00+00:00,0.1652977797779777,0.0,0.0035557506584723,0.6506493506493507
2021-07-11 01:45:00+00:00,0.1615192769276927,0.0,0.0030509218612818,0.6465367965367965
2021-07-11 02:00:00+00:00,0.1577407740774077,0.0,0.0025460930640913,0.6424242424242425
2021-07-11 02:15:00+00:00,0.1527340234023402,0.0,0.00252414398595255,0.6396103896103896
2021-07-11 02:30:00+00:00,0.1477272727272727,0.0,0.0025021949078138,0.6367965367965368
2021-07-11 02:45:00+00:00,0.1427205220522052,0.0,0.0024802458296751,0.633982683982684
2021-07-11 03:00:00+00:00,0.1377137713771377,0.0,0.0024582967515364,0.6311688311688312
2021-07-11 03:15:00+00:00,0.13486348634863485,0.0,0.0025241439859524997,0.63008658008658
2021-07-11 03:30:00+00:00,0.132013201320132,0.0,0.0025899912203686,0.629004329004329
2021-07-11 03:45:00+00:00,0.12916291629162915,0.0,0.0026558384547848,0.627922077922078
2021-07-11 04:00:00+00:00,0.1263126312631263,0.0,0.002721685689201,0.6268398268398269
2021-07-11 04:15:00+00:00,0.12319981998199815,0.0,0.00989903424056185,0.6266233766233766
2021-07-11 04:30:00+00:00,0.12008700870087,0.0,0.0170763827919227,0.6264069264069264
2021-07-11 04:45:00+00:00,0.1169741974197419,0.0,0.024253731343283548,0.6261904761904762
2021-07-11 05:00:00+00:00,0.1138613861386138,0.0,0.0314310798946444,0.625974025974026
2021-07-11 05:15:00+00:00,0.1118549354935493,0.0,0.0642230026338893,0.6305194805194805
2021-07-11 05:30:00+00:00,0.1098484848484848,0.0,0.0970149253731342,0.6350649350649351
2021-07-11 05:45:00+00:00,0.10784203420342031,0.0,0.1298068481123792,0.6396103896103896
2021-07-11 06:00:00+00:00,0.1058355835583558,0.0,0.1625987708516242,0.6441558441558441
2021-07-11 06:15:00+00:00,0.1009319681968196,0.0,0.20377524143985948,0.6532467532467532
2021-07-11 06:30:00+00:00,0.0960283528352834,0.0,0.2449517120280948,0.6623376623376623
2021-07-11 06:45:00+00:00,0.0911247374737473,0.0,0.2861281826163301,0.6714285714285715
2021-07-11 07:00:00+00:00,0.0862211221122112,0.0,0.3273046532045654,0.6805194805194805
2021-07-11 07:15:00+00:00,0.08533040804080405,0.0,0.3609525899912203,0.6816017316017315
2021-07-11 07:30:00+00:00,0.0844396939693969,0.0,0.3946005267778752,0.6826839826839827
2021-07-11 07:45:00+00:00,0.08354897989798976,0.0,0.42824846356453017,0.6837662337662338
2021-07-11 08:00:00+00:00,0.0826582658265826,0.0,0.4618964003511852,0.6848484848484848
2021-07-11 08:15:00+00:00,0.0870930843084308,0.0,0.49203248463564525,0.6813852813852814
2021-07-11 08:30:00+00:00,0.091527902790279,0.0,0.5221685689201053,0.6779220779220779
2021-07-11 08:45:00+00:00,0.09596272127212721,0.0,0.5523046532045653,0.6744588744588744
2021-07-11 09:00:00+00:00,0.1003975397539754,0.0,0.5824407374890255,0.670995670995671
2021-07-11 09:15:00+00:00,0.10877962796279625,0.0,0.5979587357330992,0.667965367965368
2021-07-11 09:30:00+00:00,0.1171617161716171,0.0,0.613476733977173,0.6649350649350649
2021-07-11 09:45:00+00:00,0.125543804380438,0.0,0.6289947322212467,0.6619047619047619
2021-07-11 10:00:00+00:00,0.1339258925892589,0.0,0.6445127304653204,0.6588744588744588
2021-07-11 10:15:00+00:00,0.14587083708370835,0.0,0.6512730465320457,0.6595238095238095
2021-07-11 10:30:00+00:00,0.1578157815781578,0.0,0.6580333625987709,0.6601731601731602
2021-07-11 10:45:00+00:00,0.16976072607260723,0.0,0.664793678665496,0.6608225108225108
2021-07-11 11:00:00+00:00,0.1817056705670567,0.0,0.6715539947322212,0.6614718614718614
2021-07-11 11:15:00+00:00,0.1893189318931893,0.0,0.6715539947322212,0.6616883116883117
2021-07-11 11:30:00+00:00,0.1969321932193219,0.0,0.6715539947322212,0.6619047619047619
2021-07-11 11:45:00+00:00,0.2045454545454545,0.0,0.6715539947322212,0.6621212121212121
2021-07-11 12:00:00+00:00,0.2121587158715871,0.0,0.6715539947322212,0.6623376623376623
2021-07-11 12:15:00+00:00,0.22121587158715866,0.0,0.6630597014925372,0.6601731601731602
2021-07-11 12:30:00+00:00,0.2302730273027302,0.0,0.6545654082528534,0.6580086580086579
2021-07-11 12:45:00+00:00,0.23933018301830178,0.0,0.6460711150131695,0.6558441558441558
2021-07-11 13:00:00+00:00,0.2483873387338734,0.0,0.6375768217734855,0.6536796536796536
2021-07-11 13:15:00+00:00,0.25836333633363334,0.0,0.625395083406497,0.6471861471861472
2021-07-11 13:30:00+00:00,0.2683393339333933,0.0,0.6132133450395083,0.6406926406926406
2021-07-11 13:45:00+00:00,0.2783153315331533,0.0,0.6010316066725198,0.6341991341991342
2021-07-11 14:00:00+00:00,0.2882913291329133,0.0,0.5888498683055312,0.6277056277056277
2021-07-11 14:15:00+00:00,0.29520139513951393,0.0,0.5692273924495171,0.6251082251082251
2021-07-11 14:30:00+00:00,0.3021114611461146,0.0,0.5496049165935031,0.6225108225108225
2021-07-11 14:45:00+00:00,0.30902152715271525,0.0,0.529982440737489,0.6199134199134199
2021-07-11 15:00:00+00:00,0.3159315931593159,0.0,0.510359964881475,0.6173160173160173
2021-07-11 15:15:00+00:00,0.32000075007500745,0.0,0.4769754170324846,0.6212121212121211
2021-07-11 15:30:00+00:00,0.324069906990699,0.0,0.4435908691834943,0.6251082251082251
2021-07-11 15:45:00+00:00,0.3281390639063906,0.0,0.41020632133450396,0.629004329004329
2021-07-11 16:00:00+00:00,0.3322082208220822,0.0,0.3768217734855136,0.6329004329004329
2021-07-11 16:15:00+00:00,0.33270514551455144,0.0,0.3402546093064091,0.6372294372294371
2021-07-11 16:30:00+00:00,0.3332020702070207,0.0,0.3036874451273046,0.6415584415584416
2021-07-11 16:45:00+00:00,0.33369899489948995,0.0,0.2671202809482002,0.645887445887446
2021-07-11 17:00:00+00:00,0.3341959195919592,0.0,0.2305531167690957,0.6502164502164502
2021-07-11 17:15:00+00:00,0.32695769576957695,0.0,0.1954345917471466,0.6582251082251083
2021-07-11 17:30:00+00:00,0.3197194719471947,0.0,0.1603160667251975,0.6662337662337663
2021-07-11 17:45:00+00:00,0.3124812481248125,0.0,0.1251975417032484,0.6742424242424243
2021-07-11 18:00:00+00:00,0.3052430243024302,0.0,0.0900790166812993,0.6822510822510822
2021-07-11 18:15:00+00:00,0.30704320432043203,0.0,0.07164179104477605,0.6870129870129871
2021-07-11 18:30:00+00:00,0.3088433843384338,0.0,0.0532045654082528,0.6917748917748918
2021-07-11 18:45:00+00:00,0.3106435643564356,0.0,0.03476733977172955,0.6965367965367966
2021-07-11 19:00:00+00:00,0.3124437443744374,0.0,0.0163301141352063,0.7012987012987013
2021-07-11 19:15:00+00:00,0.3061712421242123,0.0,0.013323090430201901,0.7028138528138528
2021-07-11 19:30:00+00:00,0.2998987398739873,0.0,0.0103160667251975,0.7043290043290044
2021-07-11 19:45:00+00:00,0.2936262376237623,0.0,0.0073090430201931,0.7058441558441559
2021-07-11 20:00:00+00:00,0.2873537353735373,0.0,0.0043020193151887,0.7073593073593074
2021-07-11 20:15:00+00:00,0.2850378787878788,0.0,0.00388498683055305,0.7028138528138529
2021-07-11 20:30:00+00:00,0.2827220222022202,0.0,0.0034679543459174,0.6982683982683984
2021-07-11 20:45:00+00:00,0.2804061656165616,0.0,0.00305092186128175,0.6937229437229437
2021-07-11 21:00:00+00:00,0.2780903090309031,0.0,0.0026338893766461,0.6891774891774892
2021-07-11 21:15:00+00:00,0.2809968496849685,0.0,0.0026119402985074003,0.6807359307359309
2021-07-11 21:30:00+00:00,0.2839033903390339,0.0,0.0025899912203687,0.6722943722943724
2021-07-11 21:45:00+00:00,0.28680993099309926,0.0,0.00256804214223,0.6638528138528139
2021-07-11 22:00:00+00:00,0.2897164716471647,0.0,0.0025460930640913,0.6554112554112554
2021-07-11 22:15:00+00:00,0.2959045904590458,0.0,0.0025460930640913,0.6471861471861472
2021-07-11 22:30:00+00:00,0.302092709270927,0.0,0.0025460930640913,0.638961038961039
2021-07-11 22:45:00+00:00,0.3082808280828082,0.0,0.0025460930640913,0.6307359307359307
2021-07-11 23:00:00+00:00,0.3144689468946894,0.0,0.0025460930640913,0.6225108225108225
2021-07-11 23:15:00+00:00,0.31649414941494136,0.0,0.0025460930640913,0.6227272727272727
2021-07-11 23:30:00+00:00,0.3185193519351934,0.0,0.0025460930640913,0.6229437229437229
2021-07-11 23:45:00+00:00,0.32054455445544544,0.0,0.0025460930640913,0.6231601731601731
2021-07-12 00:00:00+00:00,0.3225697569756975,0.0,0.0025460930640913,0.6233766233766234
2021-07-12 00:15:00+00:00,0.3209195919591959,0.0,0.0025460930640913,0.6255411255411255
2021-07-12 00:30:00+00:00,0.3192694269426943,0.0,0.0025460930640913,0.6277056277056277
2021-07-12 00:45:00+00:00,0.31761926192619266,0.0,0.0025460930640913,0.6298701298701299
2021-07-12 01:00:00+00:00,0.315969096909691,0.0,0.0025460930640913,0.6320346320346321
2021-07-12 01:15:00+00:00,0.3114780228022802,0.0,0.0025460930640913,0.6294372294372295
2021-07-12 01:30:00+00:00,0.3069869486948695,0.0,0.0025460930640913,0.6268398268398269
2021-07-12 01:45:00+00:00,0.30249587458745875,0.0,0.0025460930640913,0.6242424242424243
2021-07-12 02:00:00+00:00,0.298004800480048,0.0,0.0025460930640913,0.6216450216450217
2021-07-12 02:15:00+00:00,0.2969828232823283,0.0,0.0025460930640913,0.6203463203463204
2021-07-12 02:30:00+00:00,0.2959608460846085,0.0,0.0025460930640913,0.6190476190476191
2021-07-12 02:45:00+00:00,0.2949388688868887,0.0,0.0025460930640913,0.6177489177489177
2021-07-12 03:00:00+00:00,0.2939168916891689,0.0,0.0025460930640913,0.6164502164502165
2021-07-12 03:15:00+00:00,0.29606398139813983,0.0,0.0026119402985074498,0.6257575757575757
2021-07-12 03:30:00+00:00,0.2982110711071107,0.0,0.0026777875329236,0.6350649350649351
2021-07-12 03:45:00+00:00,0.3003581608160816,0.0,0.00274363476733975,0.6443722943722944
2021-07-12 04:00:00+00:00,0.3025052505250525,0.0,0.0028094820017559,0.6536796536796536
2021-07-12 04:15:00+00:00,0.3066306630663066,0.0,0.009591747146619799,0.6647186147186147
2021-07-12 04:30:00+00:00,0.3107560756075607,0.0,0.0163740122914837,0.6757575757575758
2021-07-12 04:45:00+00:00,0.31488148814881484,0.0,0.0231562774363476,0.6867965367965367
2021-07-12 05:00:00+00:00,0.319006900690069,0.0,0.0299385425812115,0.6978354978354978
2021-07-12 05:15:00+00:00,0.31988823882388234,0.0,0.0682396839332747,0.7043290043290042
2021-07-12 05:30:00+00:00,0.3207695769576957,0.0,0.1065408252853379,0.7108225108225108
2021-07-12 05:45:00+00:00,0.3216509150915091,0.0,0.14484196663740115,0.7173160173160172
2021-07-12 06:00:00+00:00,0.3225322532253225,0.0,0.1831431079894644,0.7238095238095238
2021-07-12 06:15:00+00:00,0.3303705370537053,0.0,0.2430421422300263,0.733982683982684
2021-07-12 06:30:00+00:00,0.3382088208820881,0.0,0.3029411764705882,0.7441558441558441
2021-07-12 06:45:00+00:00,0.34604710471047095,0.0,0.36284021071115014,0.7543290043290043
2021-07-12 07:00:00+00:00,0.3538853885388539,0.0,0.422739244951712,0.7645021645021645
2021-07-12 07:15:00+00:00,0.36181743174317427,0.0,0.47629499561018435,0.7627705627705628
2021-07-12 07:30:00+00:00,0.3697494749474947,0.0,0.5298507462686567,0.761038961038961
2021-07-12 07:45:00+00:00,0.37768151815181517,0.0,0.5834064969271291,0.7593073593073593
2021-07-12 08:00:00+00:00,0.3856135613561356,0.0,0.6369622475856014,0.7575757575757576
2021-07-12 08:15:00+00:00,0.3941925442544254,0.0,0.675,0.753030303030303
2021-07-12 08:30:00+00:00,0.4027715271527152,0.0,0.7130377524143986,0.7484848484848485
2021-07-12 08:45:00+00:00,0.41135051005100504,0.0,0.7510755048287971,0.7439393939393939
2021-07-12 09:00:00+00:00,0.4199294929492949,0.0,0.7891132572431958,0.7393939393939394
2021-07-12 09:15:00+00:00,0.4216640414041404,0.0,0.8102941176470588,0.7348484848484849
2021-07-12 09:30:00+00:00,0.4233985898589858,0.0,0.8314749780509219,0.7303030303030302
2021-07-12 09:45:00+00:00,0.4251331383138313,0.0,0.8526558384547849,0.7257575757575757
2021-07-12 10:00:00+00:00,0.4268676867686768,0.0,0.8738366988586479,0.7212121212121212
2021-07-12 10:15:00+00:00,0.4313681368136813,0.0,0.8825065847234417,0.7229437229437229
2021-07-12 10:30:00+00:00,0.4358685868586858,0.0,0.8911764705882353,0.7246753246753246
2021-07-12 10:45:00+00:00,0.44036903690369034,0.0,0.899846356453029,0.7264069264069264
2021-07-12 11:00:00+00:00,0.4448694869486949,0.0,0.9085162423178228,0.7281385281385281
2021-07-12 11:15:00+00:00,0.45048567356735675,0.0,0.9113476733977174,0.7266233766233765
2021-07-12 11:30:00+00:00,0.4561018601860186,0.0,0.914179104477612,0.725108225108225
2021-07-12 11:45:00+00:00,0.4617180468046804,0.0,0.9170105355575067,0.7235930735930736
2021-07-12 12:00:00+00:00,0.4673342334233423,0.0,0.9198419666374013,0.7220779220779221
2021-07-12 12:15:00+00:00,0.4722097209720971,0.0,0.9156496927129061,0.7123376623376624
2021-07-12 12:30:00+00:00,0.477085208520852,0.0,0.9114574187884108,0.7025974025974027
2021-07-12 12:45:00+00:00,0.4819606960696069,0.0,0.9072651448639157,0.6928571428571428
2021-07-12 13:00:00+00:00,0.4868361836183618,0.0,0.9030728709394206,0.6831168831168831
2021-07-12 13:15:00+00:00,0.48901140114011393,0.0,0.8933274802458298,0.6761904761904762
2021-07-12 13:30:00+00:00,0.4911866186618661,0.0,0.8835820895522388,0.6692640692640693
2021-07-12 13:45:00+00:00,0.4933618361836183,0.0,0.8738366988586479,0.6623376623376624
2021-07-12 14:00:00+00:00,0.4955370537053705,0.0,0.8640913081650571,0.6554112554112554
2021-07-12 14:15:00+00:00,0.501556405640564,0.0,0.8510755048287972,0.6530303030303031
2021-07-12 14:30:00+00:00,0.5075757575757576,0.0,0.8380597014925373,0.6506493506493507
2021-07-12 14:45:00+00:00,0.5135951095109511,0.0,0.8250438981562774,0.6482683982683983
2021-07-12 15:00:00+00:00,0.5196144614461446,0.0,0.8120280948200176,0.6458874458874458
2021-07-12 15:15:00+00:00,0.5224272427242724,0.0,0.7913520632133451,0.6426406926406927
2021-07-12 15:30:00+00:00,0.5252400240024002,0.0,0.7706760316066725,0.6393939393939394
2021-07-12 15:45:00+00:00,0.528052805280528,0.0,0.75,0.6361471861471861
2021-07-12 16:00:00+00:00,0.5308655865586559,0.0,0.7293239683933275,0.6329004329004329
2021-07-12 16:15:00+00:00,0.5292716771677168,0.0,0.6915496049165935,0.6354978354978355
2021-07-12 16:30:00+00:00,0.5276777677767777,0.0,0.6537752414398595,0.638095238095238
2021-07-12 16:45:00+00:00,0.5260838583858386,0.0,0.6160008779631256,0.6406926406926406
2021-07-12 17:00:00+00:00,0.5244899489948995,0.0,0.5782265144863916,0.6432900432900432
2021-07-12 17:15:00+00:00,0.5195675817581759,0.0,0.5145961369622476,0.6571428571428571
2021-07-12 17:30:00+00:00,0.5146452145214522,0.0,0.4509657594381036,0.670995670995671
2021-07-12 17:45:00+00:00,0.5097228472847285,0.0,0.38733538191395955,0.6848484848484848
2021-07-12 18:00:00+00:00,0.5048004800480048,0.0,0.3237050043898156,0.6987012987012987
2021-07-12 18:15:00+00:00,0.4932305730573057,0.0,0.2735074626865671,0.7136363636363636
2021-07-12 18:30:00+00:00,0.4816606660666066,0.0,0.2233099209833186,0.7285714285714285
2021-07-12 18:45:00+00:00,0.4700907590759076,0.0,0.17311237928007014,0.7435064935064934
2021-07-12 19:00:00+00:00,0.4585208520852085,0.0,0.1229148375768217,0.7584415584415585
2021-07-12 19:15:00+00:00,0.4448788628862886,0.0,0.1112159789288849,0.7703463203463203
2021-07-12 19:30:00+00:00,0.4312368736873687,0.0,0.0995171202809481,0.7822510822510822
2021-07-12 19:45:00+00:00,0.4175948844884488,0.0,0.08781826163301135,0.7941558441558441
2021-07-12 20:00:00+00:00,0.4039528952895289,0.0,0.0761194029850746,0.806060606060606
2021-07-12 20:15:00+00:00,0.3963677617761776,0.0,0.07563652326602274,0.8004329004329005
2021-07-12 20:30:00+00:00,0.3887826282628263,0.0,0.0751536435469709,0.7948051948051948
2021-07-12 20:45:00+00:00,0.38119749474947495,0.0,0.07467076382791915,0.7891774891774892
2021-07-12 21:00:00+00:00,0.3736123612361236,0.0,0.0741878841088674,0.7835497835497836
2021-07-12 21:15:00+00:00,0.36873687368736874,0.0,0.07344161545215094,0.7571428571428571
2021-07-12 21:30:00+00:00,0.3638613861386138,0.0,0.0726953467954345,0.7307359307359307
2021-07-12 21:45:00+00:00,0.35898589858985896,0.0,0.07194907813871809,0.7043290043290042
2021-07-12 22:00:00+00:00,0.3541104110411041,0.0,0.0712028094820017,0.6779220779220779
2021-07-12 22:15:00+00:00,0.3502756525652565,0.0,0.0707199297629499,0.6634199134199135
2021-07-12 22:30:00+00:00,0.3464408940894089,0.0,0.0702370500438981,0.6489177489177489
2021-07-12 22:45:00+00:00,0.34260613561356135,0.0,0.06975417032484629,0.6344155844155843
2021-07-12 23:00:00+00:00,0.3387713771377137,0.0,0.0692712906057945,0.6199134199134199
2021-07-12 23:15:00+00:00,0.3326020102010201,0.0,0.06909569798068474,0.6149350649350649
2021-07-12 23:30:00+00:00,0.3264326432643264,0.0,0.068920105355575,0.6099567099567099
2021-07-12 23:45:00+00:00,0.32026327632763274,0.0,0.06874451273046525,0.604978354978355
2021-07-13 00:00:00+00:00,0.3140939093909391,0.0,0.0685689201053555,0.6
2021-07-13 00:15:00+00:00,0.30725885088508853,0.0,0.06806409130816499,0.5969696969696969
2021-07-13 00:30:00+00:00,0.3004237923792379,0.0,0.0675592625109745,0.593939393939394
2021-07-13 00:45:00+00:00,0.2935887338733873,0.0,0.067054433713784,0.5909090909090909
2021-07-13 01:00:00+00:00,0.2867536753675367,0.0,0.0665496049165935,0.5878787878787879
2021-07-13 01:15:00+00:00,0.28136251125112505,0.0,0.065649692712906,0.5915584415584415
2021-07-13 01:30:00+00:00,0.2759713471347134,0.0,0.0647497805092185,0.5952380952380952
2021-07-13 01:45:00+00:00,0.2705801830183018,0.0,0.0638498683055311,0.5989177489177488
2021-07-13 02:00:00+00:00,0.2651890189018901,0.0,0.0629499561018437,0.6025974025974026
2021-07-13 02:15:00+00:00,0.2600228772877287,0.0,0.06145741878841085,0.6021645021645021
2021-07-13 02:30:00+00:00,0.2548567356735673,0.0,0.059964881474978,0.6017316017316017
2021-07-13 02:45:00+00:00,0.2496905940594059,0.0,0.05847234416154515,0.6012987012987012
2021-07-13 03:00:00+00:00,0.2445244524452445,0.0,0.0569798068481123,0.6008658008658009
2021-07-13 03:15:00+00:00,0.24344621962196217,0.0,0.0551799824407374,0.6136363636363636
2021-07-13 03:30:00+00:00,0.2423679867986798,0.0,0.0533801580333625,0.6264069264069264
2021-07-13 03:45:00+00:00,0.24128975397539748,0.0,0.05158033362598765,0.6391774891774892
2021-07-13 04:00:00+00:00,0.2402115211521152,0.0,0.0497805092186128,0.6519480519480519
2021-07-13 04:15:00+00:00,0.2366955445544554,0.0,0.05579455662862155,0.6608225108225108
2021-07-13 04:30:00+00:00,0.2331795679567956,0.0,0.0618086040386303,0.6696969696969697
2021-07-13 04:45:00+00:00,0.22966359135913583,0.0,0.0678226514486391,0.6785714285714286
2021-07-13 05:00:00+00:00,0.2261476147614761,0.0,0.0738366988586479,0.6874458874458874
2021-07-13 05:15:00+00:00,0.2237848784878487,0.0,0.12363915715539939,0.6997835497835498
2021-07-13 05:30:00+00:00,0.2214221422142213,0.0,0.1734416154521509,0.7121212121212122
2021-07-13 05:45:00+00:00,0.21905940594059395,0.0,0.22324407374890248,0.7244588744588745
2021-07-13 06:00:00+00:00,0.2166966696669666,0.0,0.2730465320456541,0.7367965367965368
2021-07-13 06:15:00+00:00,0.2206626912691268,0.0,0.3505706760316067,0.7458874458874458
2021-07-13 06:30:00+00:00,0.224628712871287,0.0,0.4280948200175593,0.754978354978355
2021-07-13 06:45:00+00:00,0.22859473447344725,0.0,0.5056189640035118,0.7640692640692641
2021-07-13 07:00:00+00:00,0.2325607560756075,0.0,0.5831431079894644,0.7731601731601732
2021-07-13 07:15:00+00:00,0.2387488748874887,0.0,0.6296532045654083,0.7733766233766234
2021-07-13 07:30:00+00:00,0.2449369936993699,0.0,0.6761633011413521,0.7735930735930736
2021-07-13 07:45:00+00:00,0.2511251125112511,0.0,0.7226733977172959,0.7738095238095238
2021-07-13 08:00:00+00:00,0.2573132313231323,0.0,0.7691834942932397,0.7740259740259741
2021-07-13 08:15:00+00:00,0.2564693969396939,0.0,0.7940298507462686,0.7692640692640693
2021-07-13 08:30:00+00:00,0.2556255625562555,0.0,0.8188762071992977,0.7645021645021646
2021-07-13 08:45:00+00:00,0.2547817281728172,0.0,0.8437225636523267,0.7597402597402598
2021-07-13 09:00:00+00:00,0.2539378937893789,0.0,0.8685689201053556,0.754978354978355
2021-07-13 09:15:00+00:00,0.251828307830783,0.0,0.8834723441615452,0.7476190476190475
2021-07-13 09:30:00+00:00,0.2497187218721872,0.0,0.8983757682177348,0.7402597402597402
2021-07-13 09:45:00+00:00,0.24760913591359135,0.0,0.9132791922739244,0.7329004329004328
2021-07-13 10:00:00+00:00,0.2454995499549955,0.0,0.928182616330114,0.7255411255411255
2021-07-13 10:15:00+00:00,0.24543391839183915,0.0,0.9355355575065847,0.7277056277056276
2021-07-13 10:30:00+00:00,0.2453682868286828,0.0,0.9428884986830552,0.7298701298701298
2021-07-13 10:45:00+00:00,0.2453026552655265,0.0,0.9502414398595258,0.732034632034632
2021-07-13 11:00:00+00:00,0.2452370237023702,0.0,0.9575943810359964,0.7341991341991342
2021-07-13 11:15:00+00:00,0.24733723372337224,0.0,0.9598551360842844,0.727056277056277
2021-07-13 11:30:00+00:00,0.2494374437443743,0.0,0.9621158911325725,0.7199134199134198
2021-07-13 11:45:00+00:00,0.25153765376537646,0.0,0.9643766461808605,0.7127705627705627
2021-07-13 12:00:00+00:00,0.2536378637863786,0.0,0.9666374012291484,0.7056277056277056
2021-07-13 12:15:00+00:00,0.2551098859885988,0.0,0.965891132572432,0.6948051948051948
2021-07-13 12:30:00+00:00,0.256581908190819,0.0,0.9651448639157156,0.6839826839826839
2021-07-13 12:45:00+00:00,0.25805393039303925,0.0,0.9643985952589993,0.6731601731601731
2021-07-13 13:00:00+00:00,0.2595259525952595,0.0,0.9636523266022828,0.6623376623376623
2021-07-13 13:15:00+00:00,0.25858835883588355,0.0,0.9553555750658473,0.6603896103896103
2021-07-13 13:30:00+00:00,0.2576507650765076,0.0,0.9470588235294118,0.6584415584415584
2021-07-13 13:45:00+00:00,0.25671317131713167,0.0,0.9387620719929763,0.6564935064935065
2021-07-13 14:00:00+00:00,0.2557755775577557,0.0,0.9304653204565408,0.6545454545454545
2021-07-13 14:15:00+00:00,0.25846647164716463,0.0,0.9130377524143987,0.6519480519480519
2021-07-13 14:30:00+00:00,0.2611573657365736,0.0,0.8956101843722564,0.6493506493506493
2021-07-13 14:45:00+00:00,0.2638482598259826,0.0,0.8781826163301141,0.6467532467532467
2021-07-13 15:00:00+00:00,0.2665391539153915,0.0,0.8607550482879719,0.6441558441558441
2021-07-13 15:15:00+00:00,0.2689675217521752,0.0,0.8373792800702371,0.6562770562770562
2021-07-13 15:30:00+00:00,0.2713958895889589,0.0,0.8140035118525022,0.6683982683982683
2021-07-13 15:45:00+00:00,0.27382425742574257,0.0,0.7906277436347673,0.6805194805194805
2021-07-13 16:00:00+00:00,0.2762526252625262,0.0,0.7672519754170325,0.6926406926406926
2021-07-13 16:15:00+00:00,0.276571407140714,0.0,0.7267778753292362,0.6941558441558442
2021-07-13 16:30:00+00:00,0.2768901890189018,0.0,0.6863037752414398,0.6956709956709957
2021-07-13 16:45:00+00:00,0.2772089708970896,0.0,0.6458296751536435,0.6971861471861471
2021-07-13 17:00:00+00:00,0.2775277527752775,0.0,0.6053555750658473,0.6987012987012987
2021-07-13 17:15:00+00:00,0.27612136213621363,0.0,0.5362598770851624,0.7112554112554113
2021-07-13 17:30:00+00:00,0.2747149714971497,0.0,0.4671641791044776,0.7238095238095238
2021-07-13 17:45:00+00:00,0.2733085808580858,0.0,0.3980684811237928,0.7363636363636363
2021-07-13 18:00:00+00:00,0.2719021902190219,0.0,0.328972783143108,0.7489177489177489
2021-07-13 18:15:00+00:00,0.2659203420342034,0.0,0.27712906057945563,0.7519480519480519
2021-07-13 18:30:00+00:00,0.2599384938493849,0.0,0.2252853380158033,0.754978354978355
2021-07-13 18:45:00+00:00,0.25395664566456644,0.0,0.17344161545215095,0.758008658008658
2021-07-13 19:00:00+00:00,0.247974797479748,0.0,0.1215978928884986,0.7610389610389611
2021-07-13 19:15:00+00:00,0.24800292529252926,0.0,0.11101843722563645,0.7588744588744589
2021-07-13 19:30:00+00:00,0.2480310531053105,0.0,0.1004389815627743,0.7567099567099567
2021-07-13 19:45:00+00:00,0.24805918091809182,0.0,0.08985952589991214,0.7545454545454545
2021-07-13 20:00:00+00:00,0.2480873087308731,0.0,0.07928007023705,0.7523809523809524
2021-07-13 20:15:00+00:00,0.24816231623162316,0.0,0.0784679543459174,0.75
2021-07-13 20:30:00+00:00,0.2482373237323732,0.0,0.0776558384547848,0.7476190476190476
2021-07-13 20:45:00+00:00,0.2483123312331233,0.0,0.07684372256365224,0.7452380952380953
2021-07-13 21:00:00+00:00,0.2483873387338734,0.0,0.0760316066725197,0.7428571428571429
2021-07-13 21:15:00+00:00,0.2490717821782178,0.0,0.07596575943810355,0.7246753246753247
2021-07-13 21:30:00+00:00,0.2497562256225622,0.0,0.0758999122036874,0.7064935064935065
2021-07-13 21:45:00+00:00,0.25044066906690665,0.0,0.07583406496927125,0.6883116883116883
2021-07-13 22:00:00+00:00,0.2511251125112511,0.0,0.0757682177348551,0.6701298701298701
2021-07-13 22:15:00+00:00,0.2518751875187518,0.0,0.07603160667251971,0.6634199134199135
2021-07-13 22:30:00+00:00,0.2526252625262526,0.0,0.0762949956101843,0.6567099567099567
2021-07-13 22:45:00+00:00,0.25337533753375335,0.0,0.07655838454784894,0.6499999999999999
2021-07-13 23:00:00+00:00,0.2541254125412541,0.0,0.0768217734855136,0.6432900432900432
2021-07-13 23:15:00+00:00,0.2546598409840984,0.0,0.07605355575065845,0.6337662337662338
2021-07-13 23:30:00+00:00,0.2551942694269427,0.0,0.0752853380158033,0.6242424242424243
2021-07-13 23:45:00+00:00,0.2557286978697869,0.0,0.07451712028094815,0.6147186147186148
2021-07-14 00:00:00+00:00,0.2562631263126312,0.0,0.073748902546093,0.6051948051948052
2021-07-14 00:15:00+00:00,0.25821332133213315,0.0,0.0726514486391571,0.6028138528138528
2021-07-14 00:30:00+00:00,0.2601635163516351,0.0,0.0715539947322212,0.6004329004329004
2021-07-14 00:45:00+00:00,0.2621137113711371,0.0,0.0704565408252853,0.5980519480519481
2021-07-14 01:00:00+00:00,0.2640639063906391,0.0,0.0693590869183494,0.5956709956709957
2021-07-14 01:15:00+00:00,0.26323882388238823,0.0,0.06931518876207195,0.5928571428571429
2021-07-14 01:30:00+00:00,0.2624137413741374,0.0,0.0692712906057945,0.59004329004329
2021-07-14 01:45:00+00:00,0.26158865886588656,0.0,0.06922739244951705,0.5872294372294372
2021-07-14 02:00:00+00:00,0.2607635763576357,0.0,0.0691834942932396,0.5844155844155844
2021-07-14 02:15:00+00:00,0.26010726072607254,0.0,0.068920105355575,0.5835497835497836
2021-07-14 02:30:00+00:00,0.2594509450945094,0.0,0.0686567164179104,0.5826839826839827
2021-07-14 02:45:00+00:00,0.25879462946294624,0.0,0.06839332748024579,0.5818181818181818
2021-07-14 03:00:00+00:00,0.2581383138313831,0.0,0.0681299385425812,0.580952380952381
2021-07-14 03:15:00+00:00,0.25874774977497744,0.0,0.06589113257243195,0.5937229437229438
2021-07-14 03:30:00+00:00,0.2593571857185718,0.0,0.0636523266022827,0.6064935064935065
2021-07-14 03:45:00+00:00,0.2599666216621662,0.0,0.061413520632133456,0.6192640692640693
2021-07-14 04:00:00+00:00,0.2605760576057606,0.0,0.0591747146619842,0.6320346320346321
2021-07-14 04:15:00+00:00,0.25897277227722776,0.0,0.06387181738366984,0.6562770562770563
2021-07-14 04:30:00+00:00,0.2573694869486949,0.0,0.0685689201053555,0.6805194805194805
2021-07-14 04:45:00+00:00,0.25576620162016206,0.0,0.0732660228270412,0.7047619047619047
2021-07-14 05:00:00+00:00,0.2541629162916292,0.0,0.0779631255487269,0.729004329004329
2021-07-14 05:15:00+00:00,0.25197832283228316,0.0,0.12693151887620716,0.7205627705627706
2021-07-14 05:30:00+00:00,0.2497937293729372,0.0,0.1758999122036874,0.7121212121212122
2021-07-14 05:45:00+00:00,0.2476091359135913,0.0,0.22486830553116766,0.7036796536796537
2021-07-14 06:00:00+00:00,0.2454245424542454,0.0,0.2738366988586479,0.6952380952380952
2021-07-14 06:15:00+00:00,0.24932493249324925,0.0,0.3502853380158033,0.6989177489177489
2021-07-14 06:30:00+00:00,0.2532253225322531,0.0,0.4267339771729587,0.7025974025974027
2021-07-14 06:45:00+00:00,0.25712571257125705,0.0,0.5031826163301141,0.7062770562770563
2021-07-14 07:00:00+00:00,0.261026102610261,0.0,0.5796312554872696,0.70995670995671
2021-07-14 07:15:00+00:00,0.26232935793579354,0.0,0.6305531167690958,0.7110389610389611
2021-07-14 07:30:00+00:00,0.2636326132613261,0.0,0.6814749780509219,0.7121212121212122
2021-07-14 07:45:00+00:00,0.26493586858685864,0.0,0.732396839332748,0.7132034632034632
2021-07-14 08:00:00+00:00,0.2662391239123912,0.0,0.7833187006145742,0.7142857142857143
2021-07-14 08:15:00+00:00,0.26446707170717065,0.0,0.8051580333625987,0.7207792207792207
2021-07-14 08:30:00+00:00,0.2626950195019502,0.0,0.8269973661106234,0.7272727272727273
2021-07-14 08:45:00+00:00,0.26092296729672965,0.0,0.848836698858648,0.7337662337662337
2021-07-14 09:00:00+00:00,0.2591509150915091,0.0,0.8706760316066725,0.7402597402597403
2021-07-14 09:15:00+00:00,0.2559068406840683,0.0,0.8844820017559262,0.7404761904761904
2021-07-14 09:30:00+00:00,0.2526627662766276,0.0,0.89828797190518,0.7406926406926406
2021-07-14 09:45:00+00:00,0.24941869186918686,0.0,0.9120939420544336,0.7409090909090909
2021-07-14 10:00:00+00:00,0.2461746174617461,0.0,0.9258999122036874,0.7411255411255411
2021-07-14 10:15:00+00:00,0.24364311431143104,0.0,0.9319139596136963,0.7322510822510822
2021-07-14 10:30:00+00:00,0.241111611161116,0.0,0.937928007023705,0.7233766233766233
2021-07-14 10:45:00+00:00,0.238580108010801,0.0,0.9439420544337138,0.7145021645021645
2021-07-14 11:00:00+00:00,0.236048604860486,0.0,0.9499561018437226,0.7056277056277056
2021-07-14 11:15:00+00:00,0.23628300330032995,0.0,0.9500000000000002,0.7017316017316018
2021-07-14 11:30:00+00:00,0.2365174017401739,0.0,0.9500438981562777,0.6978354978354978
2021-07-14 11:45:00+00:00,0.2367518001800179,0.0,0.950087796312555,0.6939393939393939
2021-07-14 12:00:00+00:00,0.2369861986198619,0.0,0.9501316944688324,0.69004329004329
2021-07-14 12:15:00+00:00,0.2404177917791778,0.0,0.9445566286215981,0.6811688311688311
2021-07-14 12:30:00+00:00,0.2438493849384937,0.0,0.9389815627743636,0.6722943722943723
2021-07-14 12:45:00+00:00,0.24728097809780972,0.0,0.9334064969271292,0.6634199134199135
2021-07-14 13:00:00+00:00,0.2507125712571257,0.0,0.9278314310798946,0.6545454545454545
2021-07-14 13:15:00+00:00,0.25629125412541254,0.0,0.9179762949956101,0.651082251082251
2021-07-14 13:30:00+00:00,0.2618699369936993,0.0,0.9081211589113256,0.6476190476190475
2021-07-14 13:45:00+00:00,0.26744861986198615,0.0,0.8982660228270412,0.6441558441558441
2021-07-14 14:00:00+00:00,0.273027302730273,0.0,0.8884108867427568,0.6406926406926406
2021-07-14 14:15:00+00:00,0.2789341434143414,0.0,0.8651887620719929,0.6385281385281385
2021-07-14 14:30:00+00:00,0.2848409840984098,0.0,0.8419666374012291,0.6363636363636364
2021-07-14 14:45:00+00:00,0.29074782478247824,0.0,0.8187445127304653,0.6341991341991342
2021-07-14 15:00:00+00:00,0.2966546654665467,0.0,0.7955223880597015,0.6320346320346321
2021-07-14 15:15:00+00:00,0.3033865886588659,0.0,0.7617208077260755,0.6287878787878789
2021-07-14 15:30:00+00:00,0.3101185118511851,0.0,0.7279192273924495,0.6255411255411256
2021-07-14 15:45:00+00:00,0.31685043504350435,0.0,0.6941176470588235,0.6222943722943723
2021-07-14 16:00:00+00:00,0.3235823582358236,0.0,0.6603160667251975,0.6190476190476191
2021-07-14 16:15:00+00:00,0.3291047854785478,0.0,0.6195127304653204,0.6244588744588745
2021-07-14 16:30:00+00:00,0.3346272127212721,0.0,0.5787093942054433,0.6298701298701299
2021-07-14 16:45:00+00:00,0.3401496399639964,0.0,0.5379060579455662,0.6352813852813852
2021-07-14 17:00:00+00:00,0.3456720672067206,0.0,0.4971027216856892,0.6406926406926406
2021-07-14 17:15:00+00:00,0.35111948694869477,0.0,0.4368525021949078,0.6530303030303031
2021-07-14 17:30:00+00:00,0.356566906690669,0.0,0.3766022827041264,0.6653679653679654
2021-07-14 17:45:00+00:00,0.3620143264326432,0.0,0.31635206321334497,0.6777056277056277
2021-07-14 18:00:00+00:00,0.3674617461746174,0.0,0.2561018437225636,0.69004329004329
2021-07-14 18:15:00+00:00,0.36790241524152406,0.0,0.21694468832309036,0.6976190476190476
2021-07-14 18:30:00+00:00,0.3683430843084307,0.0,0.1777875329236171,0.7051948051948052
2021-07-14 18:45:00+00:00,0.3687837533753374,0.0,0.1386303775241439,0.7127705627705627
2021-07-14 19:00:00+00:00,0.3692244224422442,0.0,0.0994732221246707,0.7203463203463204
2021-07-14 19:15:00+00:00,0.37067769276927687,0.0,0.093217734855136,0.7190476190476192
2021-07-14 19:30:00+00:00,0.3721309630963095,0.0,0.0869622475856013,0.7177489177489178
2021-07-14 19:45:00+00:00,0.37358423342334224,0.0,0.08070676031606665,0.7164502164502164
2021-07-14 20:00:00+00:00,0.375037503750375,0.0,0.074451273046532,0.7151515151515152
2021-07-14 20:15:00+00:00,0.3783378337833783,0.0,0.07431957857769969,0.7071428571428572
2021-07-14 20:30:00+00:00,0.3816381638163816,0.0,0.0741878841088674,0.6991341991341992
2021-07-14 20:45:00+00:00,0.3849384938493849,0.0,0.0740561896400351,0.6911255411255411
2021-07-14 21:00:00+00:00,0.3882388238823882,0.0,0.0739244951712028,0.6831168831168831
2021-07-14 21:15:00+00:00,0.38608235823582354,0.0,0.0737269534679543,0.6722943722943724
2021-07-14 21:30:00+00:00,0.3839258925892589,0.0,0.0735294117647058,0.6614718614718615
2021-07-14 21:45:00+00:00,0.3817694269426942,0.0,0.07333187006145736,0.6506493506493507
2021-07-14 22:00:00+00:00,0.3796129612961296,0.0,0.0731343283582089,0.6398268398268399
2021-07-14 22:15:00+00:00,0.3760782328232823,0.0,0.07330992098331865,0.6383116883116884
2021-07-14 22:30:00+00:00,0.372543504350435,0.0,0.0734855136084284,0.6367965367965368
2021-07-14 22:45:00+00:00,0.36900877587758774,0.0,0.07366110623353814,0.6352813852813852
2021-07-14 23:00:00+00:00,0.3654740474047405,0.0,0.0738366988586479,0.6337662337662338
2021-07-14 23:15:00+00:00,0.3614892739273927,0.0,0.07385864793678659,0.6318181818181818
2021-07-14 23:30:00+00:00,0.357504500450045,0.0,0.0738805970149253,0.6298701298701299
2021-07-14 23:45:00+00:00,0.3535197269726973,0.0,0.07390254609306404,0.627922077922078
2021-07-15 00:00:00+00:00,0.3495349534953495,0.0,0.0739244951712028,0.625974025974026
2021-07-15 00:15:00+00:00,0.34761288628862885,0.0,0.0738366988586479,0.6257575757575757
2021-07-15 00:30:00+00:00,0.3456908190819082,0.0,0.073748902546093,0.6255411255411255
2021-07-15 00:45:00+00:00,0.3437687518751875,0.0,0.07366110623353815,0.6253246753246753
2021-07-15 01:00:00+00:00,0.3418466846684668,0.0,0.0735733099209833,0.6251082251082251
2021-07-15 01:15:00+00:00,0.3471722172217221,0.0,0.0728709394205443,0.6242424242424243
2021-07-15 01:30:00+00:00,0.3524977497749774,0.0,0.0721685689201053,0.6233766233766234
2021-07-15 01:45:00+00:00,0.35782328232823274,0.0,0.07146619841966631,0.6225108225108225
2021-07-15 02:00:00+00:00,0.3631488148814881,0.0,0.0707638279192273,0.6216450216450217
2021-07-15 02:15:00+00:00,0.36573657365736567,0.0,0.06924934152765574,0.6207792207792209
2021-07-15 02:30:00+00:00,0.3683243324332433,0.0,0.0677348551360842,0.61991341991342
2021-07-15 02:45:00+00:00,0.37091209120912094,0.0,0.06622036874451265,0.6190476190476191
2021-07-15 03:00:00+00:00,0.3734998499849985,0.0,0.0647058823529411,0.6181818181818182
2021-07-15 03:15:00+00:00,0.3708839633963396,0.0,0.058252853380157954,0.6181818181818182
2021-07-15 03:30:00+00:00,0.3682680768076807,0.0,0.0517998244073748,0.6181818181818182
2021-07-15 03:45:00+00:00,0.36565219021902184,0.0,0.045346795434591705,0.6181818181818182
2021-07-15 04:00:00+00:00,0.363036303630363,0.0,0.0388937664618086,0.6181818181818182
2021-07-15 04:15:00+00:00,0.35730760576057596,0.0,0.0449517120280948,0.6186147186147186
2021-07-15 04:30:00+00:00,0.351578907890789,0.0,0.051009657594381,0.6190476190476191
2021-07-15 04:45:00+00:00,0.345850210021002,0.0,0.0570676031606672,0.6194805194805195
2021-07-15 05:00:00+00:00,0.3401215121512151,0.0,0.0631255487269534,0.6199134199134199
2021-07-15 05:15:00+00:00,0.3343834383438343,0.0,0.1068700614574187,0.6283549783549782
2021-07-15 05:30:00+00:00,0.3286453645364536,0.0,0.150614574187884,0.6367965367965367
2021-07-15 05:45:00+00:00,0.32290729072907287,0.0,0.19435908691834936,0.6452380952380952
2021-07-15 06:00:00+00:00,0.3171692169216921,0.0,0.2381035996488147,0.6536796536796536
2021-07-15 06:15:00+00:00,0.3105685568556855,0.0,0.30700175592625106,0.653030303030303
2021-07-15 06:30:00+00:00,0.3039678967896789,0.0,0.3758999122036874,0.6523809523809523
2021-07-15 06:45:00+00:00,0.29736723672367227,0.0,0.4447980684811238,0.6517316017316017
2021-07-15 07:00:00+00:00,0.2907665766576657,0.0,0.5136962247585601,0.651082251082251
2021-07-15 07:15:00+00:00,0.2799467446744674,0.0,0.5693590869183495,0.6528138528138527
2021-07-15 07:30:00+00:00,0.2691269126912691,0.0,0.6250219490781388,0.6545454545454545
2021-07-15 07:45:00+00:00,0.2583070807080708,0.0,0.680684811237928,0.6562770562770563
2021-07-15 08:00:00+00:00,0.2474872487248725,0.0,0.7363476733977173,0.658008658008658
2021-07-15 08:15:00+00:00,0.2401177617761776,0.0,0.7661764705882352,0.6653679653679654
2021-07-15 08:30:00+00:00,0.2327482748274827,0.0,0.7960052677787532,0.6727272727272727
2021-07-15 08:45:00+00:00,0.22537878787878785,0.0,0.8258340649692713,0.6800865800865801
2021-07-15 09:00:00+00:00,0.218009300930093,0.0,0.8556628621597893,0.6874458874458874
2021-07-15 09:15:00+00:00,0.2111086108610861,0.0,0.8700175592625109,0.6857142857142857
2021-07-15 09:30:00+00:00,0.2042079207920792,0.0,0.8843722563652326,0.6839826839826839
2021-07-15 09:45:00+00:00,0.1973072307230723,0.0,0.8987269534679543,0.6822510822510822
2021-07-15 10:00:00+00:00,0.1904065406540654,0.0,0.913081650570676,0.6805194805194805
2021-07-15 10:15:00+00:00,0.18605610561056105,0.0,0.9188323090430202,0.6757575757575758
2021-07-15 10:30:00+00:00,0.1817056705670567,0.0,0.9245829675153644,0.670995670995671
2021-07-15 10:45:00+00:00,0.17735523552355234,0.0,0.9303336259877086,0.6662337662337663
2021-07-15 11:00:00+00:00,0.173004800480048,0.0,0.9360842844600528,0.6614718614718614
2021-07-15 11:15:00+00:00,0.1722547254725472,0.0,0.9393546971027218,0.6597402597402597
2021-07-15 11:30:00+00:00,0.1715046504650464,0.0,0.9426251097453908,0.6580086580086579
2021-07-15 11:45:00+00:00,0.1707545754575457,0.0,0.9458955223880599,0.6562770562770562
2021-07-15 12:00:00+00:00,0.170004500450045,0.0,0.9491659350307288,0.6545454545454545
2021-07-15 12:15:00+00:00,0.17250787578757876,0.0,0.9481782265144865,0.6582251082251082
2021-07-15 12:30:00+00:00,0.1750112511251125,0.0,0.947190517998244,0.6619047619047619
2021-07-15 12:45:00+00:00,0.17751462646264626,0.0,0.9462028094820017,0.6655844155844155
2021-07-15 13:00:00+00:00,0.18001800180018,0.0,0.9452151009657594,0.6692640692640692
2021-07-15 13:15:00+00:00,0.18381525652565256,0.0,0.9388059701492537,0.6701298701298701
2021-07-15 13:30:00+00:00,0.1876125112511251,0.0,0.932396839332748,0.670995670995671
2021-07-15 13:45:00+00:00,0.19140976597659765,0.0,0.9259877085162422,0.6718614718614719
2021-07-15 14:00:00+00:00,0.1952070207020702,0.0,0.9195785776997366,0.6727272727272727
2021-07-15 14:15:00+00:00,0.20183580858085806,0.0,0.90599209833187,0.6705627705627706
2021-07-15 14:30:00+00:00,0.2084645964596459,0.0,0.8924056189640035,0.6683982683982683
2021-07-15 14:45:00+00:00,0.2150933843384338,0.0,0.8788191395961369,0.6662337662337662
2021-07-15 15:00:00+00:00,0.2217221722172217,0.0,0.8652326602282704,0.664069264069264
2021-07-15 15:15:00+00:00,0.23049804980498045,0.0,0.841044776119403,0.6586580086580086
2021-07-15 15:30:00+00:00,0.2392739273927392,0.0,0.8168568920105356,0.6532467532467532
2021-07-15 15:45:00+00:00,0.248049804980498,0.0,0.7926690079016682,0.6478354978354979
2021-07-15 16:00:00+00:00,0.2568256825682568,0.0,0.7684811237928008,0.6424242424242425
2021-07-15 16:15:00+00:00,0.26781428142814273,0.0,0.7233977172958737,0.6467532467532469
2021-07-15 16:30:00+00:00,0.2788028802880287,0.0,0.6783143107989464,0.6510822510822512
2021-07-15 16:45:00+00:00,0.2897914791479147,0.0,0.6332309043020193,0.6554112554112554
2021-07-15 17:00:00+00:00,0.3007800780078007,0.0,0.5881474978050922,0.6597402597402597
2021-07-15 17:15:00+00:00,0.30718384338433835,0.0,0.5188542581211589,0.6647186147186147
2021-07-15 17:30:00+00:00,0.313587608760876,0.0,0.4495610184372256,0.6696969696969697
2021-07-15 17:45:00+00:00,0.3199913741374137,0.0,0.3802677787532923,0.6746753246753247
2021-07-15 18:00:00+00:00,0.3263951395139514,0.0,0.310974539069359,0.6796536796536796
2021-07-15 18:15:00+00:00,0.331514401440144,0.0,0.2613915715539947,0.6846320346320346
2021-07-15 18:30:00+00:00,0.3366336633663366,0.0,0.2118086040386303,0.6896103896103896
2021-07-15 18:45:00+00:00,0.3417529252925292,0.0,0.16222563652326594,0.6945887445887446
2021-07-15 19:00:00+00:00,0.3468721872187219,0.0,0.1126426690079016,0.6995670995670996
2021-07-15 19:15:00+00:00,0.3536697419741974,0.0,0.10377524143985944,0.6978354978354979
2021-07-15 19:30:00+00:00,0.3604672967296729,0.0,0.0949078138718173,0.6961038961038961
2021-07-15 19:45:00+00:00,0.3672648514851484,0.0,0.0860403863037752,0.6943722943722943
2021-07-15 20:00:00+00:00,0.374062406240624,0.0,0.0771729587357331,0.6926406926406926
2021-07-15 20:15:00+00:00,0.37648139813981385,0.0,0.07647058823529404,0.6859307359307358
2021-07-15 20:30:00+00:00,0.3789003900390038,0.0,0.075768217734855,0.6792207792207792
2021-07-15 20:45:00+00:00,0.3813193819381937,0.0,0.07506584723441605,0.6725108225108225
2021-07-15 21:00:00+00:00,0.3837383738373837,0.0,0.0743634767339771,0.6658008658008658
2021-07-15 21:15:00+00:00,0.3854729222922292,0.0,0.07442932396839325,0.6625541125541127
2021-07-15 21:30:00+00:00,0.3872074707470746,0.0,0.0744951712028094,0.6593073593073594
2021-07-15 21:45:00+00:00,0.3889420192019201,0.0,0.07456101843722554,0.6560606060606061
2021-07-15 22:00:00+00:00,0.3906765676567656,0.0,0.0746268656716417,0.6528138528138528
2021-07-15 22:15:00+00:00,0.3873387338733873,0.0,0.074604916593503,0.6417748917748918
2021-07-15 22:30:00+00:00,0.384000900090009,0.0,0.0745829675153643,0.6307359307359308
2021-07-15 22:45:00+00:00,0.3806630663066306,0.0,0.0745610184372256,0.6196969696969697
2021-07-15 23:00:00+00:00,0.3773252325232523,0.0,0.0745390693590869,0.6086580086580087
2021-07-15 23:15:00+00:00,0.37377175217521746,0.0,0.07440737489025455,0.6045454545454545
2021-07-15 23:30:00+00:00,0.3702182718271827,0.0,0.0742756804214222,0.6004329004329004
2021-07-15 23:45:00+00:00,0.3666647914791479,0.0,0.07414398595258989,0.5963203463203464
2021-07-16 00:00:00+00:00,0.3631113111311131,0.0,0.0740122914837576,0.5922077922077922
2021-07-16 00:15:00+00:00,0.3596047104710471,0.0,0.07407813871817376,0.5902597402597403
2021-07-16 00:30:00+00:00,0.3560981098109811,0.0,0.0741439859525899,0.5883116883116883
2021-07-16 00:45:00+00:00,0.3525915091509151,0.0,0.07420983318700611,0.5863636363636364
2021-07-16 01:00:00+00:00,0.3490849084908491,0.0,0.0742756804214223,0.5844155844155844
2021-07-16 01:15:00+00:00,0.3432624512451245,0.0,0.0742756804214223,0.5865800865800865
2021-07-16 01:30:00+00:00,0.3374399939993999,0.0,0.0742756804214223,0.5887445887445888
2021-07-16 01:45:00+00:00,0.33161753675367533,0.0,0.0742756804214223,0.5909090909090909
2021-07-16 02:00:00+00:00,0.3257950795079508,0.0,0.0742756804214223,0.5930735930735931
2021-07-16 02:15:00+00:00,0.31912878787878785,0.0,0.0736172080772607,0.5904761904761905
2021-07-16 02:30:00+00:00,0.3124624962496249,0.0,0.0729587357330991,0.5878787878787879
2021-07-16 02:45:00+00:00,0.305796204620462,0.0,0.07230026338893761,0.5852813852813853
2021-07-16 03:00:00+00:00,0.2991299129912991,0.0,0.0716417910447761,0.5826839826839827
2021-07-16 03:15:00+00:00,0.2936637413741374,0.0,0.06582528533801575,0.5948051948051948
2021-07-16 03:30:00+00:00,0.2881975697569757,0.0,0.0600087796312554,0.6069264069264069
2021-07-16 03:45:00+00:00,0.28273139813981396,0.0,0.054192273924495105,0.6190476190476191
2021-07-16 04:00:00+00:00,0.2772652265226523,0.0,0.0483757682177348,0.6311688311688312
2021-07-16 04:15:00+00:00,0.2726803930393039,0.0,0.053511852502194854,0.6478354978354979
2021-07-16 04:30:00+00:00,0.2680955595559556,0.0,0.0586479367866549,0.6645021645021645
2021-07-16 04:45:00+00:00,0.2635107260726073,0.0,0.06378402107111494,0.6811688311688311
2021-07-16 05:00:00+00:00,0.2589258925892589,0.0,0.068920105355575,0.6978354978354978
2021-07-16 05:15:00+00:00,0.2511907440744074,0.0,0.119929762949956,0.7153679653679654
2021-07-16 05:30:00+00:00,0.2434555955595559,0.0,0.170939420544337,0.7329004329004329
2021-07-16 05:45:00+00:00,0.23572044704470443,0.0,0.22194907813871811,0.7504329004329005
2021-07-16 06:00:00+00:00,0.227985298529853,0.0,0.2729587357330992,0.767965367965368
2021-07-16 06:15:00+00:00,0.22232223222322228,0.0,0.3540166812993854,0.7599567099567099
2021-07-16 06:30:00+00:00,0.2166591659165916,0.0,0.4350746268656716,0.7519480519480519
2021-07-16 06:45:00+00:00,0.21099609960996096,0.0,0.5161325724319579,0.7439393939393939
2021-07-16 07:00:00+00:00,0.2053330333033303,0.0,0.5971905179982441,0.7359307359307359
2021-07-16 07:15:00+00:00,0.19896677167716764,0.0,0.6511852502194908,0.75
2021-07-16 07:30:00+00:00,0.192600510051005,0.0,0.7051799824407374,0.764069264069264
2021-07-16 07:45:00+00:00,0.1862342484248424,0.0,0.7591747146619842,0.7781385281385281
2021-07-16 08:00:00+00:00,0.1798679867986798,0.0,0.8131694468832309,0.7922077922077922
2021-07-16 08:15:00+00:00,0.1765020252025202,0.0,0.8343283582089552,0.7893939393939394
2021-07-16 08:30:00+00:00,0.1731360636063606,0.0,0.8554872695346796,0.7865800865800866
2021-07-16 08:45:00+00:00,0.16977010201020099,0.0,0.8766461808604038,0.7837662337662338
2021-07-16 09:00:00+00:00,0.1664041404140414,0.0,0.8978050921861281,0.780952380952381
2021-07-16 09:15:00+00:00,0.16544779477947788,0.0,0.9093283582089553,0.766017316017316
2021-07-16 09:30:00+00:00,0.1644914491449144,0.0,0.9208516242317824,0.7510822510822511
2021-07-16 09:45:00+00:00,0.16353510351035094,0.0,0.9323748902546094,0.7361471861471862
2021-07-16 10:00:00+00:00,0.1625787578757875,0.0,0.9438981562774365,0.7212121212121212
2021-07-16 10:15:00+00:00,0.16459458445844574,0.0,0.9469929762949956,0.7231601731601731
2021-07-16 10:30:00+00:00,0.166610411041104,0.0,0.9500877963125548,0.725108225108225
2021-07-16 10:45:00+00:00,0.1686262376237623,0.0,0.953182616330114,0.727056277056277
2021-07-16 11:00:00+00:00,0.1706420642064206,0.0,0.9562774363476734,0.729004329004329
2021-07-16 11:15:00+00:00,0.17262976297629756,0.0,0.9572651448639157,0.7274891774891774
2021-07-16 11:30:00+00:00,0.1746174617461745,0.0,0.958252853380158,0.7259740259740259
2021-07-16 11:45:00+00:00,0.17660516051605152,0.0,0.9592405618964004,0.7244588744588745
2021-07-16 12:00:00+00:00,0.1785928592859285,0.0,0.9602282704126428,0.7229437229437229
2021-07-16 12:15:00+00:00,0.17988673867386729,0.0,0.9574846356453031,0.714935064935065
2021-07-16 12:30:00+00:00,0.1811806180618061,0.0,0.9547410008779632,0.706926406926407
2021-07-16 12:45:00+00:00,0.18247449744974492,0.0,0.9519973661106234,0.6989177489177489
2021-07-16 13:00:00+00:00,0.1837683768376837,0.0,0.9492537313432836,0.6909090909090909
2021-07-16 13:15:00+00:00,0.18649677467746767,0.0,0.9420324846356454,0.6915584415584416
2021-07-16 13:30:00+00:00,0.1892251725172516,0.0,0.934811237928007,0.6922077922077923
2021-07-16 13:45:00+00:00,0.19195357035703559,0.0,0.9275899912203687,0.6928571428571428
2021-07-16 14:00:00+00:00,0.1946819681968196,0.0,0.9203687445127304,0.6935064935064935
2021-07-16 14:15:00+00:00,0.2013763876387638,0.0,0.9048068481123792,0.6952380952380952
2021-07-16 14:30:00+00:00,0.208070807080708,0.0,0.889244951712028,0.696969696969697
2021-07-16 14:45:00+00:00,0.2147652265226522,0.0,0.8736830553116768,0.6987012987012987
2021-07-16 15:00:00+00:00,0.2214596459645964,0.0,0.8581211589113257,0.7004329004329004
2021-07-16 15:15:00+00:00,0.2281728172817281,0.0,0.8336259877085161,0.6831168831168831
2021-07-16 15:30:00+00:00,0.2348859885988598,0.0,0.8091308165057067,0.6658008658008658
2021-07-16 15:45:00+00:00,0.24159915991599157,0.0,0.7846356453028973,0.6484848484848484
2021-07-16 16:00:00+00:00,0.2483123312331233,0.0,0.7601404741000878,0.6311688311688312
2021-07-16 16:15:00+00:00,0.25329095409540947,0.0,0.7168349429323968,0.6404761904761904
2021-07-16 16:30:00+00:00,0.2582695769576957,0.0,0.6735294117647059,0.6497835497835498
2021-07-16 16:45:00+00:00,0.26324819981998193,0.0,0.630223880597015,0.6590909090909092
2021-07-16 17:00:00+00:00,0.2682268226822682,0.0,0.586918349429324,0.6683982683982684
2021-07-16 17:15:00+00:00,0.2741055355535553,0.0,0.5147936786654961,0.6811688311688312
2021-07-16 17:30:00+00:00,0.2799842484248425,0.0,0.4426690079016681,0.693939393939394
2021-07-16 17:45:00+00:00,0.2858629612961296,0.0,0.3705443371378402,0.7067099567099567
2021-07-16 18:00:00+00:00,0.2917416741674167,0.0,0.2984196663740123,0.7194805194805195
2021-07-16 18:15:00+00:00,0.2949763726372636,0.0,0.25041703248463565,0.7233766233766235
2021-07-16 18:30:00+00:00,0.2982110711071106,0.0,0.202414398595259,0.7272727272727273
2021-07-16 18:45:00+00:00,0.30144576957695757,0.0,0.15441176470588236,0.7311688311688311
2021-07-16 19:00:00+00:00,0.3046804680468046,0.0,0.1064091308165057,0.7350649350649351
2021-07-16 19:15:00+00:00,0.3092371737173717,0.0,0.09850746268656715,0.7324675324675325
2021-07-16 19:30:00+00:00,0.3137938793879388,0.0,0.0906057945566286,0.7298701298701299
2021-07-16 19:45:00+00:00,0.3183505850585059,0.0,0.08270412642669005,0.7272727272727273
2021-07-16 20:00:00+00:00,0.3229072907290729,0.0,0.0748024582967515,0.7246753246753247
2021-07-16 20:15:00+00:00,0.3214258925892589,0.0,0.07427568042142224,0.7209956709956711
2021-07-16 20:30:00+00:00,0.3199444944494449,0.0,0.073748902546093,0.7173160173160174
2021-07-16 20:45:00+00:00,0.3184630963096309,0.0,0.07322212467076375,0.7136363636363637
2021-07-16 21:00:00+00:00,0.3169816981698169,0.0,0.0726953467954345,0.70995670995671
2021-07-16 21:15:00+00:00,0.31618474347434733,0.0,0.0709833187006145,0.6945887445887446
2021-07-16 21:30:00+00:00,0.3153877887788778,0.0,0.0692712906057945,0.6792207792207792
2021-07-16 21:45:00+00:00,0.31459083408340827,0.0,0.0675592625109745,0.6638528138528138
2021-07-16 22:00:00+00:00,0.3137938793879388,0.0,0.0658472344161545,0.6484848484848484
2021-07-16 22:15:00+00:00,0.3098934893489349,0.0,0.06600087796312551,0.6439393939393939
2021-07-16 22:30:00+00:00,0.305993099309931,0.0,0.0661545215100965,0.6393939393939394
2021-07-16 22:45:00+00:00,0.30209270927092713,0.0,0.06630816505706755,0.6348484848484848
2021-07-16 23:00:00+00:00,0.2981923192319232,0.0,0.0664618086040386,0.6303030303030303
2021-07-16 23:15:00+00:00,0.2954076657665766,0.0,0.06654960491659345,0.6244588744588744
2021-07-16 23:30:00+00:00,0.2926230123012301,0.0,0.0666374012291483,0.6186147186147186
2021-07-16 23:45:00+00:00,0.28983835883588355,0.0,0.0667251975417032,0.6127705627705629
2021-07-17 00:00:00+00:00,0.287053705370537,0.0,0.0668129938542581,0.606926406926407
2021-07-17 00:15:00+00:00,0.2817656765676567,0.0,0.0667032484635645,0.6112554112554114
2021-07-17 00:30:00+00:00,0.2764776477647764,0.0,0.0665935030728709,0.6155844155844157
2021-07-17 00:45:00+00:00,0.27118961896189614,0.0,0.06648375768217729,0.61991341991342
2021-07-17 01:00:00+00:00,0.2659015901590159,0.0,0.0663740122914837,0.6242424242424243
2021-07-17 01:15:00+00:00,0.25930093009300925,0.0,0.06624231782265134,0.6233766233766234
2021-07-17 01:30:00+00:00,0.2527002700270027,0.0,0.066110623353819,0.6225108225108225
2021-07-17 01:45:00+00:00,0.24609960996099609,0.0,0.06597892888498674,0.6216450216450216
2021-07-17 02:00:00+00:00,0.2394989498949895,0.0,0.0658472344161545,0.6207792207792208
2021-07-17 02:15:00+00:00,0.23106998199819978,0.0,0.0639596136962247,0.6201298701298701
2021-07-17 02:30:00+00:00,0.2226410141014101,0.0,0.0620719929762949,0.6194805194805195
2021-07-17 02:45:00+00:00,0.21421204620462045,0.0,0.06018437225636515,0.6188311688311688
2021-07-17 03:00:00+00:00,0.2057830783078308,0.0,0.0582967515364354,0.6181818181818182
2021-07-17 03:15:00+00:00,0.19685718571857186,0.0,0.054345917471466096,0.6155844155844156
2021-07-17 03:30:00+00:00,0.1879312931293129,0.0,0.0503950834064968,0.612987012987013
2021-07-17 03:45:00+00:00,0.17900540054005393,0.0,0.04644424934152755,0.6103896103896104
2021-07-17 04:00:00+00:00,0.170079507950795,0.0,0.0424934152765583,0.6077922077922078
2021-07-17 04:15:00+00:00,0.16535403540354024,0.0,0.0482660228270412,0.6168831168831168
2021-07-17 04:30:00+00:00,0.1606285628562855,0.0,0.0540386303775241,0.625974025974026
2021-07-17 04:45:00+00:00,0.1559030903090308,0.0,0.059811237928007,0.6350649350649351
2021-07-17 05:00:00+00:00,0.1511776177617761,0.0,0.0655838454784899,0.6441558441558441
2021-07-17 05:15:00+00:00,0.14475510051005094,0.0,0.11145741878841084,0.6521645021645022
2021-07-17 05:30:00+00:00,0.1383325832583258,0.0,0.1573309920983318,0.6601731601731602
2021-07-17 05:45:00+00:00,0.13191006600660066,0.0,0.2032045654082528,0.6681818181818182
2021-07-17 06:00:00+00:00,0.1254875487548755,0.0,0.2490781387181738,0.6761904761904762
2021-07-17 06:15:00+00:00,0.118258700870087,0.0,0.32201492537313425,0.6818181818181819
2021-07-17 06:30:00+00:00,0.1110298529852985,0.0,0.3949517120280947,0.6874458874458875
2021-07-17 06:45:00+00:00,0.10380100510050999,0.0,0.46788849868305527,0.6930735930735932
2021-07-17 07:00:00+00:00,0.0965721572157215,0.0,0.5408252853380158,0.6987012987012987
2021-07-17 07:15:00+00:00,0.09133100810081,0.0,0.5984635645302897,0.7002164502164503
2021-07-17 07:30:00+00:00,0.0860898589858985,0.0,0.6561018437225636,0.7017316017316018
2021-07-17 07:45:00+00:00,0.08084870987098705,0.0,0.7137401229148376,0.7032467532467532
2021-07-17 08:00:00+00:00,0.0756075607560756,0.0,0.7713784021071115,0.7047619047619048
2021-07-17 08:15:00+00:00,0.0712383738373837,0.0,0.7984416154521511,0.7006493506493507
2021-07-17 08:30:00+00:00,0.0668691869186918,0.0,0.8255048287971906,0.6965367965367966
2021-07-17 08:45:00+00:00,0.06249999999999995,0.0,0.85256804214223,0.6924242424242424
2021-07-17 09:00:00+00:00,0.0581308130813081,0.0,0.8796312554872695,0.6883116883116883
2021-07-17 09:15:00+00:00,0.05684630963096305,0.0,0.8928665496049166,0.6844155844155844
2021-07-17 09:30:00+00:00,0.055561806180618,0.0,0.9061018437225636,0.6805194805194805
2021-07-17 09:45:00+00:00,0.05427730273027295,0.0,0.9193371378402106,0.6766233766233767
2021-07-17 10:00:00+00:00,0.0529927992799279,0.0,0.9325724319578578,0.6727272727272727
2021-07-17 10:15:00+00:00,0.053752250225022405,0.0,0.9384767339771729,0.682034632034632
2021-07-17 10:30:00+00:00,0.0545117011701169,0.0,0.944381035996488,0.6913419913419914
2021-07-17 10:45:00+00:00,0.055271152115211455,0.0,0.9502853380158032,0.7006493506493507
2021-07-17 11:00:00+00:00,0.056030603060306,0.0,0.9561896400351184,0.70995670995671
2021-07-17 11:15:00+00:00,0.058430843084308404,0.0,0.9563432835820895,0.704978354978355
2021-07-17 11:30:00+00:00,0.0608310831083108,0.0,0.9564969271290606,0.7
2021-07-17 11:45:00+00:00,0.0632313231323132,0.0,0.9566505706760318,0.695021645021645
2021-07-17 12:00:00+00:00,0.0656315631563156,0.0,0.9568042142230028,0.69004329004329
2021-07-17 12:15:00+00:00,0.0694569456945694,0.0,0.953204565408253,0.6774891774891775
2021-07-17 12:30:00+00:00,0.0732823282328232,0.0,0.9496049165935032,0.6649350649350649
2021-07-17 12:45:00+00:00,0.07710771077107706,0.0,0.9460052677787534,0.6523809523809524
2021-07-17 13:00:00+00:00,0.0809330933093309,0.0,0.9424056189640037,0.6398268398268399
2021-07-17 13:15:00+00:00,0.08425217521752171,0.0,0.9347234416154522,0.6383116883116884
2021-07-17 13:30:00+00:00,0.0875712571257125,0.0,0.9270412642669008,0.6367965367965368
2021-07-17 13:45:00+00:00,0.09089033903390334,0.0,0.9193590869183494,0.6352813852813852
2021-07-17 14:00:00+00:00,0.0942094209420942,0.0,0.911676909569798,0.6337662337662338
2021-07-17 14:15:00+00:00,0.0998818631863186,0.0,0.8952151009657594,0.6268398268398269
2021-07-17 14:30:00+00:00,0.105554305430543,0.0,0.8787532923617207,0.61991341991342
2021-07-17 14:45:00+00:00,0.11122674767476745,0.0,0.8622914837576822,0.612987012987013
2021-07-17 15:00:00+00:00,0.1168991899189919,0.0,0.8458296751536436,0.6060606060606061
2021-07-17 15:15:00+00:00,0.12544066906690665,0.0,0.8221685689201054,0.6038961038961039
2021-07-17 15:30:00+00:00,0.1339821482148214,0.0,0.7985074626865671,0.6017316017316017
2021-07-17 15:45:00+00:00,0.14252362736273622,0.0,0.774846356453029,0.5995670995670995
2021-07-17 16:00:00+00:00,0.151065106510651,0.0,0.7511852502194908,0.5974025974025974
2021-07-17 16:15:00+00:00,0.1579657965796579,0.0,0.7085381913959614,0.5967532467532467
2021-07-17 16:30:00+00:00,0.1648664866486648,0.0,0.6658911325724319,0.596103896103896
2021-07-17 16:45:00+00:00,0.1717671767176717,0.0,0.6232440737489026,0.5954545454545455
2021-07-17 17:00:00+00:00,0.1786678667866786,0.0,0.5805970149253732,0.5948051948051948
2021-07-17 17:15:00+00:00,0.1848559855985598,0.0,0.5107769973661107,0.6101731601731601
2021-07-17 17:30:00+00:00,0.191044104410441,0.0,0.4409569798068481,0.6255411255411255
2021-07-17 17:45:00+00:00,0.1972322232223222,0.0,0.37113696224758563,0.6409090909090909
2021-07-17 18:00:00+00:00,0.2034203420342034,0.0,0.3013169446883231,0.6562770562770562
2021-07-17 18:15:00+00:00,0.21162428742874284,0.0,0.2532923617208077,0.6584415584415584
2021-07-17 18:30:00+00:00,0.2198282328232823,0.0,0.2052677787532923,0.6606060606060606
2021-07-17 18:45:00+00:00,0.22803217821782173,0.0,0.15724319578577695,0.6627705627705628
2021-07-17 19:00:00+00:00,0.2362361236123612,0.0,0.1092186128182616,0.6649350649350649
2021-07-17 19:15:00+00:00,0.24656840684068398,0.0,0.09918788410886735,0.6612554112554113
2021-07-17 19:30:00+00:00,0.2569006900690068,0.0,0.0891571553994731,0.6575757575757576
2021-07-17 19:45:00+00:00,0.26723297329732965,0.0,0.07912642669007894,0.653896103896104
2021-07-17 20:00:00+00:00,0.2775652565256525,0.0,0.0690956979806848,0.6502164502164502
2021-07-17 20:15:00+00:00,0.28416591659165913,0.0,0.06725197541703246,0.6448051948051948
2021-07-17 20:30:00+00:00,0.2907665766576657,0.0,0.0654082528533801,0.6393939393939394
2021-07-17 20:45:00+00:00,0.29736723672367227,0.0,0.0635645302897278,0.633982683982684
2021-07-17 21:00:00+00:00,0.3039678967896789,0.0,0.0617208077260755,0.6285714285714286
2021-07-17 21:15:00+00:00,0.3047273477347734,0.0,0.060842844600526746,0.6158008658008658
2021-07-17 21:30:00+00:00,0.3054867986798679,0.0,0.059964881474978,0.603030303030303
2021-07-17 21:45:00+00:00,0.30624624962496244,0.0,0.059086918349429245,0.5902597402597403
2021-07-17 22:00:00+00:00,0.307005700570057,0.0,0.0582089552238805,0.5774891774891775
2021-07-17 22:15:00+00:00,0.30252400240024,0.0,0.0573748902546092,0.5746753246753247
2021-07-17 22:30:00+00:00,0.298042304230423,0.0,0.0565408252853379,0.5718614718614718
2021-07-17 22:45:00+00:00,0.2935606060606061,0.0,0.05570676031606665,0.569047619047619
2021-07-17 23:00:00+00:00,0.2890789078907891,0.0,0.0548726953467954,0.5662337662337662
2021-07-17 23:15:00+00:00,0.28485973597359737,0.0,0.0538191395961369,0.5658008658008657
2021-07-17 23:30:00+00:00,0.2806405640564056,0.0,0.0527655838454784,0.5653679653679653
2021-07-17 23:45:00+00:00,0.2764213921392139,0.0,0.05171202809481995,0.5649350649350648
2021-07-18 00:00:00+00:00,0.2722022202220222,0.0,0.0506584723441615,0.5645021645021645
2021-07-18 00:15:00+00:00,0.26607035703570353,0.0,0.05039508340649685,0.5632034632034633
2021-07-18 00:30:00+00:00,0.2599384938493849,0.0,0.0501316944688322,0.5619047619047619
2021-07-18 00:45:00+00:00,0.2538066306630663,0.0,0.0498683055311676,0.5606060606060606
2021-07-18 01:00:00+00:00,0.2476747674767477,0.0,0.049604916593503,0.5593073593073593
2021-07-18 01:15:00+00:00,0.2445244524452445,0.0,0.048748902546093,0.5590909090909091
2021-07-18 01:30:00+00:00,0.2413741374137413,0.0,0.047892888498683,0.5588744588744589
2021-07-18 01:45:00+00:00,0.23822382238223816,0.0,0.047036874451273,0.5586580086580086
2021-07-18 02:00:00+00:00,0.235073507350735,0.0,0.046180860403863,0.5584415584415584
2021-07-18 02:15:00+00:00,0.23333895889588951,0.0,0.04438103599648805,0.5584415584415584
2021-07-18 02:30:00+00:00,0.231604410441044,0.0,0.0425812115891131,0.5584415584415584
2021-07-18 02:45:00+00:00,0.22986986198619855,0.0,0.040781387181738245,0.5584415584415584
2021-07-18 03:00:00+00:00,0.2281353135313531,0.0,0.0389815627743634,0.5584415584415584
2021-07-18 03:15:00+00:00,0.2240942844284428,0.0,0.036215978928884895,0.5595238095238095
2021-07-18 03:30:00+00:00,0.2200532553255325,0.0,0.0334503950834064,0.5606060606060606
2021-07-18 03:45:00+00:00,0.2160122262226222,0.0,0.03068481123792795,0.5616883116883117
2021-07-18 04:00:00+00:00,0.2119711971197119,0.0,0.0279192273924495,0.5627705627705628
2021-07-18 04:15:00+00:00,0.20879275427542746,0.0,0.033428446005267703,0.564935064935065
2021-07-18 04:30:00+00:00,0.205614311431143,0.0,0.0389376646180859,0.5670995670995671
2021-07-18 04:45:00+00:00,0.2024358685868586,0.0,0.0444468832309042,0.5692640692640693
2021-07-18 05:00:00+00:00,0.1992574257425742,0.0,0.0499561018437225,0.5714285714285714
2021-07-18 05:15:00+00:00,0.1969696969696969,0.0,0.09756365232660219,0.5707792207792207
2021-07-18 05:30:00+00:00,0.1946819681968196,0.0,0.1451712028094819,0.57012987012987
2021-07-18 05:45:00+00:00,0.19239423942394235,0.0,0.19277875329236166,0.5694805194805195
2021-07-18 06:00:00+00:00,0.1901065106510651,0.0,0.2403863037752414,0.5688311688311688
2021-07-18 06:15:00+00:00,0.189290804080408,0.0,0.316505706760316,0.5772727272727272
2021-07-18 06:30:00+00:00,0.1884750975097509,0.0,0.3926251097453906,0.5857142857142856
2021-07-18 06:45:00+00:00,0.18765939093909384,0.0,0.46874451273046525,0.5941558441558441
2021-07-18 07:00:00+00:00,0.1868436843684368,0.0,0.5448639157155399,0.6025974025974026
2021-07-18 07:15:00+00:00,0.1846309630963096,0.0,0.6040386303775241,0.6071428571428571
2021-07-18 07:30:00+00:00,0.1824182418241824,0.0,0.6632133450395084,0.6116883116883116
2021-07-18 07:45:00+00:00,0.1802055205520552,0.0,0.7223880597014926,0.6162337662337662
2021-07-18 08:00:00+00:00,0.177992799279928,0.0,0.7815627743634768,0.6207792207792208
2021-07-18 08:15:00+00:00,0.1791835433543354,0.0,0.8066066725197542,0.6214285714285714
2021-07-18 08:30:00+00:00,0.1803742874287428,0.0,0.8316505706760315,0.622077922077922
2021-07-18 08:45:00+00:00,0.18156503150315026,0.0,0.856694468832309,0.6227272727272727
2021-07-18 09:00:00+00:00,0.1827557755775577,0.0,0.8817383669885864,0.6233766233766234
2021-07-18 09:15:00+00:00,0.18589671467146712,0.0,0.8947102721685688,0.6205627705627705
2021-07-18 09:30:00+00:00,0.1890376537653765,0.0,0.9076821773485512,0.6177489177489177
2021-07-18 09:45:00+00:00,0.1921785928592859,0.0,0.9206540825285336,0.6149350649350649
2021-07-18 10:00:00+00:00,0.1953195319531953,0.0,0.9336259877085162,0.6121212121212121
2021-07-18 10:15:00+00:00,0.19760726072607254,0.0,0.9392010535557507,0.6103896103896104
2021-07-18 10:30:00+00:00,0.1998949894989498,0.0,0.9447761194029852,0.6086580086580087
2021-07-18 10:45:00+00:00,0.2021827182718271,0.0,0.9503511852502196,0.6069264069264069
2021-07-18 11:00:00+00:00,0.2044704470447044,0.0,0.955926251097454,0.6051948051948052
2021-07-18 11:15:00+00:00,0.20898027302730265,0.0,0.9559920983318702,0.603030303030303
2021-07-18 11:30:00+00:00,0.2134900990099009,0.0,0.9560579455662862,0.6008658008658009
2021-07-18 11:45:00+00:00,0.2179999249924992,0.0,0.9561237928007023,0.5987012987012987
2021-07-18 12:00:00+00:00,0.2225097509750975,0.0,0.9561896400351184,0.5965367965367966
2021-07-18 12:15:00+00:00,0.2272352235223522,0.0,0.9474539069359086,0.5900432900432901
2021-07-18 12:30:00+00:00,0.2319606960696069,0.0,0.9387181738366988,0.5835497835497836
2021-07-18 12:45:00+00:00,0.23668616861686165,0.0,0.929982440737489,0.5770562770562772
2021-07-18 13:00:00+00:00,0.2414116411641164,0.0,0.9212467076382792,0.5705627705627706
2021-07-18 13:15:00+00:00,0.246765301530153,0.0,0.909899034240562,0.5662337662337662
2021-07-18 13:30:00+00:00,0.2521189618961896,0.0,0.8985513608428446,0.5619047619047619
2021-07-18 13:45:00+00:00,0.2574726222622262,0.0,0.8872036874451272,0.5575757575757576
2021-07-18 14:00:00+00:00,0.2628262826282628,0.0,0.87585601404741,0.5532467532467532
2021-07-18 14:15:00+00:00,0.26697044704470446,0.0,0.8580553116769096,0.5521645021645021
2021-07-18 14:30:00+00:00,0.2711146114611461,0.0,0.8402546093064092,0.5510822510822511
2021-07-18 14:45:00+00:00,0.27525877587758774,0.0,0.8224539069359087,0.55
2021-07-18 15:00:00+00:00,0.2794029402940294,0.0,0.8046532045654082,0.5489177489177489
2021-07-18 15:15:00+00:00,0.28427842784278423,0.0,0.7812554872695346,0.5482683982683982
2021-07-18 15:30:00+00:00,0.2891539153915391,0.0,0.757857769973661,0.5476190476190477
2021-07-18 15:45:00+00:00,0.294029402940294,0.0,0.7344600526777876,0.546969696969697
2021-07-18 16:00:00+00:00,0.2989048904890489,0.0,0.711062335381914,0.5463203463203463
2021-07-18 16:15:00+00:00,0.3031146864686468,0.0,0.6645302897278315,0.5590909090909091
2021-07-18 16:30:00+00:00,0.3073244824482448,0.0,0.6179982440737489,0.5718614718614718
2021-07-18 16:45:00+00:00,0.31153427842784276,0.0,0.5714661984196664,0.5846320346320346
2021-07-18 17:00:00+00:00,0.3157440744074407,0.0,0.5249341527655839,0.5974025974025974
2021-07-18 17:15:00+00:00,0.31554717971797175,0.0,0.4590430201931519,0.604978354978355
2021-07-18 17:30:00+00:00,0.3153502850285028,0.0,0.3931518876207199,0.6125541125541125
2021-07-18 17:45:00+00:00,0.3151533903390339,0.0,0.32726075504828794,0.6201298701298701
2021-07-18 18:00:00+00:00,0.3149564956495649,0.0,0.261369622475856,0.6277056277056277
2021-07-18 18:15:00+00:00,0.3131188118811881,0.0,0.22183933274802453,0.635064935064935
2021-07-18 18:30:00+00:00,0.3112811281128113,0.0,0.1823090430201931,0.6424242424242423
2021-07-18 18:45:00+00:00,0.30944344434443444,0.0,0.1427787532923617,0.6497835497835498
2021-07-18 19:00:00+00:00,0.3076057605760576,0.0,0.1032484635645303,0.6571428571428571
2021-07-18 19:15:00+00:00,0.31102797779777974,0.0,0.0956540825285338,0.6569264069264069
2021-07-18 19:30:00+00:00,0.3144501950195019,0.0,0.0880597014925373,0.6567099567099567
2021-07-18 19:45:00+00:00,0.3178724122412241,0.0,0.08046532045654081,0.6564935064935065
2021-07-18 20:00:00+00:00,0.3212946294629463,0.0,0.0728709394205443,0.6562770562770562
2021-07-18 20:15:00+00:00,0.320994599459946,0.0,0.07126865671641786,0.6487012987012987
2021-07-18 20:30:00+00:00,0.3206945694569457,0.0,0.0696663740122914,0.6411255411255411
2021-07-18 20:45:00+00:00,0.32039453945394536,0.0,0.068064091308165,0.6335497835497835
2021-07-18 21:00:00+00:00,0.3200945094509451,0.0,0.0664618086040386,0.625974025974026
2021-07-18 21:15:00+00:00,0.31721609660966094,0.0,0.0655399473222124,0.6264069264069263
2021-07-18 21:30:00+00:00,0.3143376837683768,0.0,0.0646180860403862,0.6268398268398268
2021-07-18 21:45:00+00:00,0.3114592709270927,0.0,0.06369622475856004,0.6272727272727272
2021-07-18 22:00:00+00:00,0.3085808580858086,0.0,0.0627743634767339,0.6277056277056277
2021-07-18 22:15:00+00:00,0.30277715271527156,0.0,0.06273046532045645,0.6279220779220779
2021-07-18 22:30:00+00:00,0.2969734473447345,0.0,0.062686567164179,0.6281385281385281
2021-07-18 22:45:00+00:00,0.2911697419741974,0.0,0.06264266900790161,0.6283549783549783
2021-07-18 23:00:00+00:00,0.2853660366036604,0.0,0.0625987708516242,0.6285714285714286
2021-07-18 23:15:00+00:00,0.2800686318631863,0.0,0.062379280070237,0.6138528138528139
2021-07-18 23:30:00+00:00,0.2747712271227123,0.0,0.0621597892888498,0.5991341991341992
2021-07-18 23:45:00+00:00,0.26947382238223827,0.0,0.061940298507462646,0.5844155844155845
2021-07-19 00:00:00+00:00,0.2641764176417642,0.0,0.0617208077260755,0.5696969696969697
2021-07-19 00:15:00+00:00,0.2580820582058206,0.0,0.06108428446005265,0.5720779220779221
2021-07-19 00:30:00+00:00,0.251987698769877,0.0,0.0604477611940298,0.5744588744588744
2021-07-19 00:45:00+00:00,0.24589333933393337,0.0,0.059811237928007,0.5768398268398268
2021-07-19 01:00:00+00:00,0.2397989798979898,0.0,0.0591747146619842,0.5792207792207792
2021-07-19 01:15:00+00:00,0.23345147014701464,0.0,0.0585820895522388,0.582034632034632
2021-07-19 01:30:00+00:00,0.2271039603960395,0.0,0.0579894644424934,0.5848484848484848
2021-07-19 01:45:00+00:00,0.22075645064506444,0.0,0.057396839332748,0.5876623376623377
2021-07-19 02:00:00+00:00,0.2144089408940894,0.0,0.0568042142230026,0.5904761904761905
2021-07-19 02:15:00+00:00,0.20737698769876983,0.0,0.05243634767339765,0.6036796536796536
2021-07-19 02:30:00+00:00,0.2003450345034503,0.0,0.0480684811237927,0.6168831168831168
2021-07-19 02:45:00+00:00,0.19331308130813074,0.0,0.0437006145741878,0.63008658008658
2021-07-19 03:00:00+00:00,0.1862811281128112,0.0,0.0393327480245829,0.6432900432900432
2021-07-19 03:15:00+00:00,0.17894914491449135,0.0,0.03505267778753285,0.6396103896103896
2021-07-19 03:30:00+00:00,0.1716171617161715,0.0,0.0307726075504828,0.6359307359307359
2021-07-19 03:45:00+00:00,0.16428517851785168,0.0,0.02649253731343275,0.6322510822510823
2021-07-19 04:00:00+00:00,0.1569531953195319,0.0,0.0222124670763827,0.6285714285714286
2021-07-19 04:15:00+00:00,0.1507181968196819,0.0,0.0294776119402984,0.6326839826839827
2021-07-19 04:30:00+00:00,0.1444831983198319,0.0,0.0367427568042141,0.6367965367965368
2021-07-19 04:45:00+00:00,0.13824819981998193,0.0,0.04400790166812985,0.6409090909090909
2021-07-19 05:00:00+00:00,0.132013201320132,0.0,0.0512730465320456,0.645021645021645
2021-07-19 05:15:00+00:00,0.12439993999399934,0.0,0.0976733977172958,0.6484848484848484
2021-07-19 05:30:00+00:00,0.1167866786678667,0.0,0.144073748902546,0.6519480519480519
2021-07-19 05:45:00+00:00,0.10917341734173411,0.0,0.19047410008779625,0.6554112554112554
2021-07-19 06:00:00+00:00,0.1015601560156015,0.0,0.2368744512730465,0.6588744588744588
2021-07-19 06:15:00+00:00,0.09766914191419135,0.0,0.3097892888498682,0.670995670995671
2021-07-19 06:30:00+00:00,0.0937781278127812,0.0,0.38270412642669,0.6831168831168831
2021-07-19 06:45:00+00:00,0.08988711371137105,0.0,0.45561896400351176,0.6952380952380952
2021-07-19 07:00:00+00:00,0.0859960996099609,0.0,0.5285338015803336,0.7073593073593074
2021-07-19 07:15:00+00:00,0.0814206420642063,0.0,0.5847892888498682,0.7145021645021645
2021-07-19 07:30:00+00:00,0.0768451845184517,0.0,0.6410447761194029,0.7216450216450216
2021-07-19 07:45:00+00:00,0.07226972697269715,0.0,0.6973002633889377,0.7287878787878788
2021-07-19 08:00:00+00:00,0.0676942694269426,0.0,0.7535557506584724,0.7359307359307359
2021-07-19 08:15:00+00:00,0.0633063306330632,0.0,0.7830553116769097,0.737012987012987
2021-07-19 08:30:00+00:00,0.0589183918391838,0.0,0.8125548726953469,0.7380952380952381
2021-07-19 08:45:00+00:00,0.05453045304530445,0.0,0.8420544337137841,0.7391774891774892
2021-07-19 09:00:00+00:00,0.0501425142514251,0.0,0.8715539947322213,0.7402597402597403
2021-07-19 09:15:00+00:00,0.048886138613861346,0.0,0.8860842844600527,0.7352813852813853
2021-07-19 09:30:00+00:00,0.0476297629762976,0.0,0.9006145741878842,0.7303030303030303
2021-07-19 09:45:00+00:00,0.04637338733873385,0.0,0.9151448639157156,0.7253246753246754
2021-07-19 10:00:00+00:00,0.0451170117011701,0.0,0.929675153643547,0.7203463203463204
2021-07-19 10:15:00+00:00,0.04621399639963995,0.0,0.9358428446005268,0.7173160173160174
2021-07-19 10:30:00+00:00,0.0473109810981098,0.0,0.9420105355575066,0.7142857142857143
2021-07-19 10:45:00+00:00,0.04840796579657965,0.0,0.9481782265144865,0.7112554112554113
2021-07-19 11:00:00+00:00,0.0495049504950495,0.0,0.9543459174714662,0.7082251082251082
2021-07-19 11:15:00+00:00,0.0530021752175217,0.0,0.9553336259877085,0.7062770562770562
2021-07-19 11:30:00+00:00,0.0564993999399939,0.0,0.956321334503951,0.7043290043290042
2021-07-19 11:45:00+00:00,0.05999662466246615,0.0,0.9573090430201933,0.7023809523809523
2021-07-19 12:00:00+00:00,0.0634938493849384,0.0,0.9582967515364356,0.7004329004329004
2021-07-19 12:15:00+00:00,0.0670754575457545,0.0,0.9538410886742759,0.7010822510822511
2021-07-19 12:30:00+00:00,0.0706570657065706,0.0,0.949385425812116,0.7017316017316018
2021-07-19 12:45:00+00:00,0.0742386738673867,0.0,0.9449297629499562,0.7023809523809523
2021-07-19 13:00:00+00:00,0.0778202820282028,0.0,0.9404741000877964,0.703030303030303
2021-07-19 13:15:00+00:00,0.0800517551755175,0.0,0.9311018437225638,0.7
2021-07-19 13:30:00+00:00,0.0822832283228322,0.0,0.921729587357331,0.696969696969697
2021-07-19 13:45:00+00:00,0.08451470147014695,0.0,0.9123573309920983,0.693939393939394
2021-07-19 14:00:00+00:00,0.0867461746174617,0.0,0.9029850746268656,0.6909090909090909
2021-07-19 14:15:00+00:00,0.08917454245424536,0.0,0.887620719929763,0.6904761904761905
2021-07-19 14:30:00+00:00,0.091602910291029,0.0,0.8722563652326603,0.69004329004329
2021-07-19 14:45:00+00:00,0.0940312781278127,0.0,0.8568920105355575,0.6896103896103896
2021-07-19 15:00:00+00:00,0.0964596459645964,0.0,0.8415276558384548,0.6891774891774892
2021-07-19 15:15:00+00:00,0.0986911191119111,0.0,0.8167910447761194,0.6915584415584416
2021-07-19 15:30:00+00:00,0.1009225922592258,0.0,0.792054433713784,0.693939393939394
2021-07-19 15:45:00+00:00,0.10315406540654054,0.0,0.7673178226514487,0.6963203463203463
2021-07-19 16:00:00+00:00,0.1053855385538553,0.0,0.7425812115891133,0.6987012987012987
2021-07-19 16:15:00+00:00,0.11002662766276619,0.0,0.6958077260755049,0.7099567099567099
2021-07-19 16:30:00+00:00,0.1146677167716771,0.0,0.6490342405618964,0.7212121212121212
2021-07-19 16:45:00+00:00,0.11930880588058801,0.0,0.6022607550482879,0.7324675324675325
2021-07-19 17:00:00+00:00,0.1239498949894989,0.0,0.5554872695346795,0.7437229437229437
2021-07-19 17:15:00+00:00,0.1267439243924392,0.0,0.48549165935030725,0.7525974025974025
2021-07-19 17:30:00+00:00,0.1295379537953795,0.0,0.415496049165935,0.7614718614718614
2021-07-19 17:45:00+00:00,0.1323319831983198,0.0,0.3455004389815628,0.7703463203463203
2021-07-19 18:00:00+00:00,0.1351260126012601,0.0,0.2755048287971905,0.7792207792207793
2021-07-19 18:15:00+00:00,0.13736686168616857,0.0,0.231540825285338,0.7822510822510823
2021-07-19 18:30:00+00:00,0.1396077107710771,0.0,0.1875768217734855,0.7852813852813854
2021-07-19 18:45:00+00:00,0.1418485598559856,0.0,0.143612818261633,0.7883116883116883
2021-07-19 19:00:00+00:00,0.1440894089408941,0.0,0.0996488147497805,0.7913419913419913
2021-07-19 19:15:00+00:00,0.150286903690369,0.0,0.09032045654082525,0.7865800865800865
2021-07-19 19:30:00+00:00,0.1564843984398439,0.0,0.08099209833187,0.7818181818181817
2021-07-19 19:45:00+00:00,0.16268189318931886,0.0,0.07166374012291479,0.777056277056277
2021-07-19 20:00:00+00:00,0.1688793879387938,0.0,0.0623353819139596,0.7722943722943723
2021-07-19 20:15:00+00:00,0.17226410141014095,0.0,0.0609306409130816,0.7491341991341991
2021-07-19 20:30:00+00:00,0.1756488148814881,0.0,0.0595258999122036,0.7259740259740259
2021-07-19 20:45:00+00:00,0.17903352835283523,0.0,0.058121158911325646,0.7028138528138528
2021-07-19 21:00:00+00:00,0.1824182418241824,0.0,0.0567164179104477,0.6796536796536796
2021-07-19 21:15:00+00:00,0.18135876087608754,0.0,0.05667251975417025,0.674025974025974
2021-07-19 21:30:00+00:00,0.1802992799279927,0.0,0.0566286215978928,0.6683982683982683
2021-07-19 21:45:00+00:00,0.1792397989798979,0.0,0.0565847234416154,0.6627705627705627
2021-07-19 22:00:00+00:00,0.1781803180318031,0.0,0.056540825285338,0.6571428571428571
2021-07-19 22:15:00+00:00,0.17472997299729964,0.0,0.05517998244073745,0.6495670995670996
2021-07-19 22:30:00+00:00,0.1712796279627962,0.0,0.0538191395961369,0.641991341991342
2021-07-19 22:45:00+00:00,0.16782928292829274,0.0,0.052458296751536404,0.6344155844155844
2021-07-19 23:00:00+00:00,0.1643789378937893,0.0,0.0510974539069359,0.6268398268398269
2021-07-19 23:15:00+00:00,0.16073169816981692,0.0,0.0505267778753292,0.6183982683982685
2021-07-19 23:30:00+00:00,0.1570844584458445,0.0,0.0499561018437225,0.60995670995671
2021-07-19 23:45:00+00:00,0.1534372187218721,0.0,0.04938542581211585,0.6015151515151516
2021-07-20 00:00:00+00:00,0.1497899789978997,0.0,0.0488147497805092,0.5930735930735931
2021-07-20 00:15:00+00:00,0.14463321332133205,0.0,0.048683055311676854,0.5915584415584416
2021-07-20 00:30:00+00:00,0.1394764476447644,0.0,0.0485513608428445,0.59004329004329
2021-07-20 00:45:00+00:00,0.13431968196819677,0.0,0.048419666374012196,0.5885281385281385
2021-07-20 01:00:00+00:00,0.1291629162916291,0.0,0.0482879719051799,0.587012987012987
2021-07-20 01:15:00+00:00,0.12306855685568549,0.0,0.04716856892010525,0.5887445887445888
2021-07-20 01:30:00+00:00,0.1169741974197419,0.0,0.0460491659350306,0.5904761904761905
2021-07-20 01:45:00+00:00,0.1108798379837983,0.0,0.044929762949956,0.5922077922077922
2021-07-20 02:00:00+00:00,0.1047854785478547,0.0,0.0438103599648814,0.593939393939394
2021-07-20 02:15:00+00:00,0.10086633663366329,0.0,0.04183494293239675,0.598917748917749
2021-07-20 02:30:00+00:00,0.0969471947194719,0.0,0.0398595258999121,0.6038961038961039
2021-07-20 02:45:00+00:00,0.09302805280528051,0.0,0.037884108867427504,0.6088744588744589
2021-07-20 03:00:00+00:00,0.0891089108910891,0.0,0.0359086918349429,0.6138528138528139
2021-07-20 03:15:00+00:00,0.0845990849084908,0.0,0.0336479367866549,0.6214285714285714
2021-07-20 03:30:00+00:00,0.0800892589258925,0.0,0.0313871817383669,0.629004329004329
2021-07-20 03:45:00+00:00,0.07557943294329425,0.0,0.02912642669007895,0.6365800865800866
2021-07-20 04:00:00+00:00,0.071069606960696,0.0,0.026865671641791,0.6441558441558441
2021-07-20 04:15:00+00:00,0.0671410891089108,0.0,0.0303775241439859,0.6487012987012987
2021-07-20 04:30:00+00:00,0.0632125712571256,0.0,0.0338893766461808,0.6532467532467532
2021-07-20 04:45:00+00:00,0.059284053405340445,0.0,0.0374012291483757,0.6577922077922078
2021-07-20 05:00:00+00:00,0.0553555355535553,0.0,0.0409130816505706,0.6623376623376623
2021-07-20 05:15:00+00:00,0.051033228322832205,0.0,0.07701931518876196,0.6690476190476191
2021-07-20 05:30:00+00:00,0.0467109210921091,0.0,0.1131255487269533,0.6757575757575758
2021-07-20 05:45:00+00:00,0.04238861386138605,0.0,0.14923178226514475,0.6824675324675324
2021-07-20 06:00:00+00:00,0.038066306630663,0.0,0.1853380158033362,0.6891774891774892
2021-07-20 06:15:00+00:00,0.03450345034503445,0.0,0.23964003511852494,0.695887445887446
2021-07-20 06:30:00+00:00,0.0309405940594059,0.0,0.2939420544337137,0.7025974025974027
2021-07-20 06:45:00+00:00,0.027377737773777347,0.0,0.3482440737489025,0.7093073593073593
2021-07-20 07:00:00+00:00,0.0238148814881488,0.0,0.4025460930640913,0.716017316017316
2021-07-20 07:15:00+00:00,0.02207095709570955,0.0,0.45805531167690955,0.7203463203463203
2021-07-20 07:30:00+00:00,0.0203270327032703,0.0,0.5135645302897278,0.7246753246753246
2021-07-20 07:45:00+00:00,0.01858310831083105,0.0,0.5690737489025461,0.7290043290043289
2021-07-20 08:00:00+00:00,0.0168391839183918,0.0,0.6245829675153644,0.7333333333333333
2021-07-20 08:15:00+00:00,0.01732673267326725,0.0,0.667756804214223,0.7331168831168832
2021-07-20 08:30:00+00:00,0.0178142814281427,0.0,0.7109306409130817,0.7329004329004329
2021-07-20 08:45:00+00:00,0.0183018301830182,0.0,0.7541044776119403,0.7326839826839827
2021-07-20 09:00:00+00:00,0.0187893789378937,0.0,0.797278314310799,0.7324675324675325
2021-07-20 09:15:00+00:00,0.02091771677167705,0.0,0.8226514486391572,0.7350649350649351
2021-07-20 09:30:00+00:00,0.0230460546054604,0.0,0.8480245829675154,0.7376623376623377
2021-07-20 09:45:00+00:00,0.02517439243924385,0.0,0.8733977172958736,0.7402597402597403
2021-07-20 10:00:00+00:00,0.0273027302730273,0.0,0.8987708516242318,0.7428571428571429
2021-07-20 10:15:00+00:00,0.02993736873687365,0.0,0.9097014925373135,0.7456709956709957
2021-07-20 10:30:00+00:00,0.03257200720072,0.0,0.9206321334503952,0.7484848484848485
2021-07-20 10:45:00+00:00,0.0352066456645664,0.0,0.9315627743634768,0.7512987012987014
2021-07-20 11:00:00+00:00,0.0378412841284128,0.0,0.9424934152765584,0.7541125541125541
2021-07-20 11:15:00+00:00,0.0413947644764476,0.0,0.9430860403863037,0.7482683982683982
2021-07-20 11:30:00+00:00,0.0449482448244824,0.0,0.9436786654960492,0.7424242424242424
2021-07-20 11:45:00+00:00,0.0485017251725172,0.0,0.9442712906057946,0.7365800865800866
2021-07-20 12:00:00+00:00,0.052055205520552,0.0,0.94486391571554,0.7307359307359307
2021-07-20 12:15:00+00:00,0.056068106810681,0.0,0.9428226514486392,0.7238095238095238
2021-07-20 12:30:00+00:00,0.06008100810081,0.0,0.9407813871817384,0.7168831168831169
2021-07-20 12:45:00+00:00,0.06409390939093905,0.0,0.9387401229148375,0.7099567099567099
2021-07-20 13:00:00+00:00,0.0681068106810681,0.0,0.9366988586479368,0.703030303030303
2021-07-20 13:15:00+00:00,0.07320732073207314,0.0,0.9278314310798945,0.699134199134199
2021-07-20 13:30:00+00:00,0.0783078307830782,0.0,0.9189640035118524,0.6952380952380952
2021-07-20 13:45:00+00:00,0.08340834083408336,0.0,0.9100965759438102,0.6913419913419914
2021-07-20 14:00:00+00:00,0.0885088508850885,0.0,0.9012291483757682,0.6874458874458874
2021-07-20 14:15:00+00:00,0.09155603060306025,0.0,0.8845478489903423,0.69004329004329
2021-07-20 14:30:00+00:00,0.094603210321032,0.0,0.8678665496049165,0.6926406926406926
2021-07-20 14:45:00+00:00,0.0976503900390038,0.0,0.8511852502194908,0.6952380952380952
2021-07-20 15:00:00+00:00,0.1006975697569756,0.0,0.8345039508340649,0.6978354978354978
2021-07-20 15:15:00+00:00,0.1052730273027302,0.0,0.8101404741000877,0.7015151515151515
2021-07-20 15:30:00+00:00,0.1098484848484848,0.0,0.7857769973661106,0.7051948051948053
2021-07-20 15:45:00+00:00,0.1144239423942394,0.0,0.7614135206321335,0.7088744588744589
2021-07-20 16:00:00+00:00,0.118999399939994,0.0,0.7370500438981563,0.7125541125541126
2021-07-20 16:15:00+00:00,0.125,0.0,0.6900570676031608,0.7225108225108225
2021-07-20 16:30:00+00:00,0.131000600060006,0.0,0.6430640913081651,0.7324675324675325
2021-07-20 16:45:00+00:00,0.137001200120012,0.0,0.5960711150131695,0.7424242424242424
2021-07-20 17:00:00+00:00,0.143001800180018,0.0,0.5490781387181738,0.7523809523809524
2021-07-20 17:15:00+00:00,0.14705220522052204,0.0,0.4776558384547849,0.7612554112554113
2021-07-20 17:30:00+00:00,0.1511026102610261,0.0,0.4062335381913959,0.7701298701298701
2021-07-20 17:45:00+00:00,0.15515301530153014,0.0,0.334811237928007,0.7790043290043289
2021-07-20 18:00:00+00:00,0.1592034203420342,0.0,0.2633889376646181,0.7878787878787878
2021-07-20 18:15:00+00:00,0.16183805880588054,0.0,0.22076382791922738,0.7943722943722943
2021-07-20 18:30:00+00:00,0.1644726972697269,0.0,0.1781387181738367,0.8008658008658008
2021-07-20 18:45:00+00:00,0.1671073357335733,0.0,0.135513608428446,0.8073593073593073
2021-07-20 19:00:00+00:00,0.1697419741974197,0.0,0.0928884986830553,0.8138528138528138
2021-07-20 19:15:00+00:00,0.166066606660666,0.0,0.08494293239683931,0.8136363636363636
2021-07-20 19:30:00+00:00,0.1623912391239123,0.0,0.0769973661106233,0.8134199134199134
2021-07-20 19:45:00+00:00,0.15871587158715866,0.0,0.06905179982440734,0.8132034632034633
2021-07-20 20:00:00+00:00,0.155040504050405,0.0,0.0611062335381914,0.812987012987013
2021-07-20 20:15:00+00:00,0.15241524152415237,0.0,0.06073309920983315,0.7956709956709958
2021-07-20 20:30:00+00:00,0.1497899789978997,0.0,0.0603599648814749,0.7783549783549784
2021-07-20 20:45:00+00:00,0.14716471647164708,0.0,0.059986830553116696,0.761038961038961
2021-07-20 21:00:00+00:00,0.1445394539453945,0.0,0.0596136962247585,0.7437229437229437
2021-07-20 21:15:00+00:00,0.13924204920492045,0.0,0.059591747146619745,0.7424242424242424
2021-07-20 21:30:00+00:00,0.1339446444644464,0.0,0.059569798068481,0.7411255411255411
2021-07-20 21:45:00+00:00,0.12864723972397235,0.0,0.059547848990342295,0.7398268398268397
2021-07-20 22:00:00+00:00,0.1233498349834983,0.0,0.0595258999122036,0.7385281385281385
2021-07-20 22:15:00+00:00,0.1229279177917791,0.0,0.05924056189640025,0.7277056277056277
2021-07-20 22:30:00+00:00,0.1225060006000599,0.0,0.0589552238805969,0.7168831168831169
2021-07-20 22:45:00+00:00,0.12208408340834075,0.0,0.0586698858647936,0.706060606060606
2021-07-20 23:00:00+00:00,0.1216621662166216,0.0,0.0583845478489903,0.6952380952380952
2021-07-20 23:15:00+00:00,0.11867124212421234,0.0,0.057769973661106144,0.6854978354978355
2021-07-20 23:30:00+00:00,0.1156803180318031,0.0,0.057155399473222,0.6757575757575758
2021-07-20 23:45:00+00:00,0.1126893939393939,0.0,0.05654082528533795,0.666017316017316
2021-07-21 00:00:00+00:00,0.1096984698469847,0.0,0.0559262510974539,0.6562770562770562
2021-07-21 00:15:00+00:00,0.1036416141614161,0.0,0.05504828797190515,0.6588744588744588
2021-07-21 00:30:00+00:00,0.0975847584758475,0.0,0.0541703248463564,0.6614718614718614
2021-07-21 00:45:00+00:00,0.09152790279027895,0.0,0.053292361720807646,0.664069264069264
2021-07-21 01:00:00+00:00,0.0854710471047104,0.0,0.0524143985952589,0.6666666666666666
2021-07-21 01:15:00+00:00,0.07960171017101705,0.0,0.0498683055311676,0.6670995670995671
2021-07-21 01:30:00+00:00,0.0737323732373237,0.0,0.0473222124670763,0.6675324675324675
2021-07-21 01:45:00+00:00,0.06786303630363036,0.0,0.044776119402984996,0.667965367965368
2021-07-21 02:00:00+00:00,0.061993699369937,0.0,0.0422300263388937,0.6683982683982684
2021-07-21 02:15:00+00:00,0.0589840234023402,0.0,0.03904741000877955,0.6616883116883117
2021-07-21 02:30:00+00:00,0.0559743474347434,0.0,0.0358647936786654,0.654978354978355
2021-07-21 02:45:00+00:00,0.052964671467146646,0.0,0.0326821773485513,0.6482683982683983
2021-07-21 03:00:00+00:00,0.0499549954995499,0.0,0.0294995610184372,0.6415584415584416
2021-07-21 03:15:00+00:00,0.0484548454845484,0.0,0.02802897278314305,0.6409090909090909
2021-07-21 03:30:00+00:00,0.0469546954695469,0.0,0.0265583845478489,0.6402597402597403
2021-07-21 03:45:00+00:00,0.0454545454545454,0.0,0.025087796312554797,0.6396103896103896
2021-07-21 04:00:00+00:00,0.0439543954395439,0.0,0.0236172080772607,0.638961038961039
2021-07-21 04:15:00+00:00,0.0431011851185118,0.0,0.029433713784020998,0.6512987012987013
2021-07-21 04:30:00+00:00,0.0422479747974797,0.0,0.0352502194907813,0.6636363636363636
2021-07-21 04:45:00+00:00,0.041394764476447604,0.0,0.04106672519754165,0.6759740259740259
2021-07-21 05:00:00+00:00,0.0405415541554155,0.0,0.046883230904302,0.6883116883116883
2021-07-21 05:15:00+00:00,0.03786941194119405,0.0,0.09115452151009656,0.6928571428571428
2021-07-21 05:30:00+00:00,0.0351972697269726,0.0,0.1354258121158911,0.6974025974025975
2021-07-21 05:45:00+00:00,0.032525127512751204,0.0,0.17969710272168565,0.701948051948052
2021-07-21 06:00:00+00:00,0.0298529852985298,0.0,0.2239683933274802,0.7064935064935065
2021-07-21 06:15:00+00:00,0.026749549954995448,0.0,0.2973661106233537,0.7103896103896103
2021-07-21 06:30:00+00:00,0.0236461146114611,0.0,0.3707638279192273,0.7142857142857143
2021-07-21 06:45:00+00:00,0.02054267926792675,0.0,0.4441615452151009,0.7181818181818183
2021-07-21 07:00:00+00:00,0.0174392439243924,0.0,0.5175592625109745,0.7220779220779221
2021-07-21 07:15:00+00:00,0.0168579357935793,0.0,0.579587357330992,0.7296536796536797
2021-07-21 07:30:00+00:00,0.0162766276627662,0.0,0.6416154521510096,0.7372294372294372
2021-07-21 07:45:00+00:00,0.01569531953195315,0.0,0.7036435469710272,0.7448051948051948
2021-07-21 08:00:00+00:00,0.0151140114011401,0.0,0.7656716417910447,0.7523809523809524
2021-07-21 08:15:00+00:00,0.01678292829282925,0.0,0.7931957857769973,0.7571428571428571
2021-07-21 08:30:00+00:00,0.0184518451845184,0.0,0.8207199297629499,0.7619047619047619
2021-07-21 08:45:00+00:00,0.020120762076207548,0.0,0.8482440737489025,0.7666666666666666
2021-07-21 09:00:00+00:00,0.0217896789678967,0.0,0.8757682177348551,0.7714285714285715
2021-07-21 09:15:00+00:00,0.02496812181218115,0.0,0.8886084284460052,0.7720779220779221
2021-07-21 09:30:00+00:00,0.0281465646564656,0.0,0.9014486391571552,0.7727272727272727
2021-07-21 09:45:00+00:00,0.03132500750075005,0.0,0.9142888498683055,0.7733766233766234
2021-07-21 10:00:00+00:00,0.0345034503450345,0.0,0.9271290605794557,0.7740259740259741
2021-07-21 10:15:00+00:00,0.03921954695469545,0.0,0.9331431079894644,0.7675324675324676
2021-07-21 10:30:00+00:00,0.0439356435643564,0.0,0.9391571553994732,0.7610389610389611
2021-07-21 10:45:00+00:00,0.04865174017401735,0.0,0.9451712028094821,0.7545454545454546
2021-07-21 11:00:00+00:00,0.0533678367836783,0.0,0.9511852502194909,0.7480519480519481
2021-07-21 11:15:00+00:00,0.059302805280528004,0.0,0.9541922739244952,0.7458874458874459
2021-07-21 11:30:00+00:00,0.0652377737773777,0.0,0.9571992976294996,0.7437229437229438
2021-07-21 11:45:00+00:00,0.0711727422742274,0.0,0.960206321334504,0.7415584415584415
2021-07-21 12:00:00+00:00,0.0771077107710771,0.0,0.9632133450395084,0.7393939393939394
2021-07-21 12:15:00+00:00,0.0824332433243324,0.0,0.9611720807726076,0.730952380952381
2021-07-21 12:30:00+00:00,0.0877587758775877,0.0,0.9591308165057068,0.7225108225108225
2021-07-21 12:45:00+00:00,0.09308430843084305,0.0,0.957089552238806,0.7140692640692641
2021-07-21 13:00:00+00:00,0.0984098409840984,0.0,0.9550482879719052,0.7056277056277056
2021-07-21 13:15:00+00:00,0.1016820432043204,0.0,0.9473880597014926,0.6909090909090909
2021-07-21 13:30:00+00:00,0.1049542454245424,0.0,0.93972783143108,0.6761904761904762
2021-07-21 13:45:00+00:00,0.10822644764476445,0.0,0.9320676031606673,0.6614718614718615
2021-07-21 14:00:00+00:00,0.1114986498649865,0.0,0.9244073748902546,0.6467532467532467
2021-07-21 14:15:00+00:00,0.1124643714371437,0.0,0.9087137840210711,0.6435064935064936
2021-07-21 14:30:00+00:00,0.1134300930093009,0.0,0.8930201931518876,0.6402597402597403
2021-07-21 14:45:00+00:00,0.1143958145814581,0.0,0.8773266022827042,0.637012987012987
2021-07-21 15:00:00+00:00,0.1153615361536153,0.0,0.8616330114135207,0.6337662337662338
2021-07-21 15:15:00+00:00,0.11734923492349231,0.0,0.8347234416154522,0.6354978354978355
2021-07-21 15:30:00+00:00,0.1193369336933693,0.0,0.8078138718173837,0.6372294372294371
2021-07-21 15:45:00+00:00,0.12132463246324629,0.0,0.7809043020193152,0.638961038961039
2021-07-21 16:00:00+00:00,0.1233123312331233,0.0,0.7539947322212467,0.6406926406926406
2021-07-21 16:15:00+00:00,0.1261907440744074,0.0,0.7071773485513608,0.6530303030303031
2021-07-21 16:30:00+00:00,0.1290691569156915,0.0,0.660359964881475,0.6653679653679654
2021-07-21 16:45:00+00:00,0.13194756975697566,0.0,0.6135425812115891,0.6777056277056277
2021-07-21 17:00:00+00:00,0.1348259825982598,0.0,0.5667251975417033,0.69004329004329
2021-07-21 17:15:00+00:00,0.1389513951395139,0.0,0.4935030728709394,0.698051948051948
2021-07-21 17:30:00+00:00,0.143076807680768,0.0,0.4202809482001756,0.706060606060606
2021-07-21 17:45:00+00:00,0.14720222022202215,0.0,0.34705882352941175,0.7140692640692641
2021-07-21 18:00:00+00:00,0.1513276327632763,0.0,0.2738366988586479,0.7220779220779221
2021-07-21 18:15:00+00:00,0.15366224122412236,0.0,0.22851185250219486,0.7255411255411255
2021-07-21 18:30:00+00:00,0.1559968496849684,0.0,0.1831870061457418,0.729004329004329
2021-07-21 18:45:00+00:00,0.1583314581458145,0.0,0.13786215978928879,0.7324675324675325
2021-07-21 19:00:00+00:00,0.1606660666066606,0.0,0.0925373134328358,0.7359307359307359
2021-07-21 19:15:00+00:00,0.15991599159915987,0.0,0.08498683055311675,0.7318181818181818
2021-07-21 19:30:00+00:00,0.1591659165916591,0.0,0.0774363476733977,0.7277056277056277
2021-07-21 19:45:00+00:00,0.15841584158415833,0.0,0.06988586479367864,0.7235930735930736
2021-07-21 20:00:00+00:00,0.1576657665766576,0.0,0.0623353819139596,0.7194805194805195
2021-07-21 20:15:00+00:00,0.15937218721872173,0.0,0.06205004389815625,0.7136363636363636
2021-07-21 20:30:00+00:00,0.1610786078607859,0.0,0.0617647058823529,0.7077922077922079
2021-07-21 20:45:00+00:00,0.16278502850285015,0.0,0.06147936786654955,0.701948051948052
2021-07-21 21:00:00+00:00,0.1644914491449144,0.0,0.0611940298507462,0.6961038961038961
2021-07-21 21:15:00+00:00,0.16540091509150906,0.0,0.0611940298507462,0.679004329004329
2021-07-21 21:30:00+00:00,0.1663103810381037,0.0,0.0611940298507462,0.6619047619047619
2021-07-21 21:45:00+00:00,0.1672198469846984,0.0,0.0611940298507462,0.6448051948051947
2021-07-21 22:00:00+00:00,0.1681293129312931,0.0,0.0611940298507462,0.6277056277056277
2021-07-21 22:15:00+00:00,0.16962946294629455,0.0,0.06123792800702365,0.6233766233766234
2021-07-21 22:30:00+00:00,0.171129612961296,0.0,0.0612818261633011,0.6190476190476191
2021-07-21 22:45:00+00:00,0.17262976297629756,0.0,0.06132572431957855,0.6147186147186148
2021-07-21 23:00:00+00:00,0.1741299129912991,0.0,0.061369622475856,0.6103896103896104
2021-07-21 23:15:00+00:00,0.17510501050105007,0.0,0.06145741878841085,0.6062770562770563
2021-07-21 23:30:00+00:00,0.176080108010801,0.0,0.0615452151009657,0.6021645021645021
2021-07-21 23:45:00+00:00,0.177055205520552,0.0,0.0616330114135206,0.5980519480519481
2021-07-22 00:00:00+00:00,0.178030303030303,0.0,0.0617208077260755,0.593939393939394
2021-07-22 00:15:00+00:00,0.17404552955295527,0.0,0.061523266022827,0.5945887445887447
2021-07-22 00:30:00+00:00,0.1700607560756075,0.0,0.0613257243195785,0.5952380952380953
2021-07-22 00:45:00+00:00,0.16607598259825979,0.0,0.061128182616330046,0.5958874458874459
2021-07-22 01:00:00+00:00,0.1620912091209121,0.0,0.0609306409130816,0.5965367965367966
2021-07-22 01:15:00+00:00,0.1560437293729373,0.0,0.05952589991220365,0.5945887445887446
2021-07-22 01:30:00+00:00,0.1499962496249625,0.0,0.0581211589113257,0.5926406926406926
2021-07-22 01:45:00+00:00,0.14394876987698768,0.0,0.05671641791044775,0.5906926406926407
2021-07-22 02:00:00+00:00,0.1379012901290129,0.0,0.0553116769095698,0.5887445887445888
2021-07-22 02:15:00+00:00,0.13491974197419734,0.0,0.05239244951712025,0.5887445887445888
2021-07-22 02:30:00+00:00,0.1319381938193818,0.0,0.0494732221246707,0.5887445887445888
2021-07-22 02:45:00+00:00,0.12895664566456633,0.0,0.0465539947322212,0.5887445887445888
2021-07-22 03:00:00+00:00,0.1259750975097509,0.0,0.0436347673397717,0.5887445887445888
2021-07-22 03:15:00+00:00,0.1226466396639663,0.0,0.038937664618085996,0.5924242424242424
2021-07-22 03:30:00+00:00,0.1193181818181817,0.0,0.0342405618964003,0.5961038961038961
2021-07-22 03:45:00+00:00,0.11598972397239715,0.0,0.029543459174714598,0.5997835497835498
2021-07-22 04:00:00+00:00,0.1126612661266126,0.0,0.0248463564530289,0.6034632034632035
2021-07-22 04:15:00+00:00,0.1091921692169216,0.0,0.02987269534679535,0.6108225108225108
2021-07-22 04:30:00+00:00,0.1057230723072306,0.0,0.0348990342405618,0.6181818181818182
2021-07-22 04:45:00+00:00,0.10225397539753965,0.0,0.0399253731343283,0.6255411255411255
2021-07-22 05:00:00+00:00,0.0987848784878487,0.0,0.0449517120280948,0.6329004329004329
2021-07-22 05:15:00+00:00,0.09487511251125105,0.0,0.09117647058823525,0.6426406926406926
2021-07-22 05:30:00+00:00,0.0909653465346534,0.0,0.1374012291483757,0.6523809523809523
2021-07-22 05:45:00+00:00,0.08705558055805575,0.0,0.18362598770851618,0.6621212121212121
2021-07-22 06:00:00+00:00,0.0831458145814581,0.0,0.2298507462686567,0.6718614718614718
2021-07-22 06:15:00+00:00,0.07890789078907885,0.0,0.30730904302019313,0.6816017316017315
2021-07-22 06:30:00+00:00,0.0746699669966996,0.0,0.3847673397717296,0.6913419913419914
2021-07-22 06:45:00+00:00,0.0704320432043204,0.0,0.46222563652326604,0.7010822510822511
2021-07-22 07:00:00+00:00,0.0661941194119412,0.0,0.5396839332748025,0.7108225108225108
2021-07-22 07:15:00+00:00,0.0670004500450045,0.0,0.6004609306409131,0.7138528138528139
2021-07-22 07:30:00+00:00,0.0678067806780678,0.0,0.6612379280070237,0.7168831168831169
2021-07-22 07:45:00+00:00,0.0686131113111311,0.0,0.7220149253731343,0.7199134199134198
2021-07-22 08:00:00+00:00,0.0694194419441944,0.0,0.7827919227392449,0.7229437229437229
2021-07-22 08:15:00+00:00,0.07177280228022795,0.0,0.8104038630377524,0.7207792207792207
2021-07-22 08:30:00+00:00,0.0741261626162615,0.0,0.8380158033362599,0.7186147186147186
2021-07-22 08:45:00+00:00,0.07647952295229515,0.0,0.8656277436347674,0.7164502164502164
2021-07-22 09:00:00+00:00,0.0788328832883288,0.0,0.8932396839332748,0.7142857142857143
2021-07-22 09:15:00+00:00,0.08691494149414936,0.0,0.9058604038630378,0.7086580086580088
2021-07-22 09:30:00+00:00,0.0949969996999699,0.0,0.9184811237928008,0.7030303030303031
2021-07-22 09:45:00+00:00,0.1030790579057905,0.0,0.9311018437225638,0.6974025974025975
2021-07-22 10:00:00+00:00,0.1111611161116111,0.0,0.9437225636523268,0.6917748917748918
2021-07-22 10:15:00+00:00,0.12448432343234314,0.0,0.9482001755926253,0.6898268398268399
2021-07-22 10:30:00+00:00,0.1378075307530752,0.0,0.9526777875329238,0.687878787878788
2021-07-22 10:45:00+00:00,0.15113073807380728,0.0,0.9571553994732223,0.6859307359307361
2021-07-22 11:00:00+00:00,0.1644539453945394,0.0,0.9616330114135206,0.683982683982684
2021-07-22 11:15:00+00:00,0.17397052205220515,0.0,0.9620061457418789,0.682034632034632
2021-07-22 11:30:00+00:00,0.1834870987098709,0.0,0.9623792800702372,0.6800865800865801
2021-07-22 11:45:00+00:00,0.1930036753675367,0.0,0.9627524143985953,0.6781385281385282
2021-07-22 12:00:00+00:00,0.2025202520252025,0.0,0.9631255487269534,0.6761904761904762
2021-07-22 12:15:00+00:00,0.20594246924692466,0.0,0.9602063213345039,0.6675324675324675
2021-07-22 12:30:00+00:00,0.2093646864686468,0.0,0.9572870939420544,0.6588744588744588
2021-07-22 12:45:00+00:00,0.212786903690369,0.0,0.9543678665496049,0.6502164502164502
2021-07-22 13:00:00+00:00,0.2162091209120912,0.0,0.9514486391571554,0.6415584415584416
2021-07-22 13:15:00+00:00,0.2179999249924992,0.0,0.9422300263388936,0.6361471861471861
2021-07-22 13:30:00+00:00,0.2197907290729072,0.0,0.933011413520632,0.6307359307359307
2021-07-22 13:45:00+00:00,0.22158153315331525,0.0,0.9237928007023704,0.6253246753246753
2021-07-22 14:00:00+00:00,0.2233723372337233,0.0,0.9145741878841088,0.6199134199134199
2021-07-22 14:15:00+00:00,0.22643826882688262,0.0,0.8982660228270412,0.6179653679653678
2021-07-22 14:30:00+00:00,0.2295042004200419,0.0,0.8819578577699736,0.6160173160173159
2021-07-22 14:45:00+00:00,0.23257013201320126,0.0,0.865649692712906,0.614069264069264
2021-07-22 15:00:00+00:00,0.2356360636063606,0.0,0.8493415276558385,0.6121212121212121
2021-07-22 15:15:00+00:00,0.23892701770177013,0.0,0.8198419666374013,0.6151515151515151
2021-07-22 15:30:00+00:00,0.2422179717971797,0.0,0.7903424056189641,0.6181818181818182
2021-07-22 15:45:00+00:00,0.24550892589258924,0.0,0.7608428446005269,0.6212121212121212
2021-07-22 16:00:00+00:00,0.2487998799879988,0.0,0.7313432835820896,0.6242424242424243
2021-07-22 16:15:00+00:00,0.24963433843384336,0.0,0.6804214223002634,0.6452380952380953
2021-07-22 16:30:00+00:00,0.2504687968796879,0.0,0.6294995610184373,0.6662337662337663
2021-07-22 16:45:00+00:00,0.25130325532553255,0.0,0.5785776997366111,0.6872294372294372
2021-07-22 17:00:00+00:00,0.2521377137713771,0.0,0.5276558384547849,0.7082251082251082
2021-07-22 17:15:00+00:00,0.2481435643564356,0.0,0.4560798946444249,0.7186147186147186
2021-07-22 17:30:00+00:00,0.2441494149414941,0.0,0.3845039508340649,0.729004329004329
2021-07-22 17:45:00+00:00,0.24015526552655259,0.0,0.31292800702370493,0.7393939393939394
2021-07-22 18:00:00+00:00,0.2361611161116111,0.0,0.241352063213345,0.7497835497835498
2021-07-22 18:15:00+00:00,0.23236386138613857,0.0,0.2014925373134328,0.7329004329004329
2021-07-22 18:30:00+00:00,0.228566606660666,0.0,0.1616330114135206,0.716017316017316
2021-07-22 18:45:00+00:00,0.22476935193519346,0.0,0.12177348551360839,0.699134199134199
2021-07-22 19:00:00+00:00,0.2209720972097209,0.0,0.0819139596136962,0.6822510822510822
2021-07-22 19:15:00+00:00,0.22082208220822075,0.0,0.076009657594381,0.6846320346320347
2021-07-22 19:30:00+00:00,0.2206720672067206,0.0,0.0701053555750658,0.6870129870129871
2021-07-22 19:45:00+00:00,0.22052205220522048,0.0,0.06420105355575059,0.6893939393939394
2021-07-22 20:00:00+00:00,0.2203720372037203,0.0,0.0582967515364354,0.6917748917748918
2021-07-22 20:15:00+00:00,0.22266914191419135,0.0,0.05717734855136075,0.6867965367965368
2021-07-22 20:30:00+00:00,0.2249662466246624,0.0,0.0560579455662861,0.6818181818181819
2021-07-22 20:45:00+00:00,0.22726335133513345,0.0,0.0549385425812115,0.6768398268398268
2021-07-22 21:00:00+00:00,0.2295604560456045,0.0,0.0538191395961369,0.6718614718614718
2021-07-22 21:15:00+00:00,0.2277790279027902,0.0,0.05182177348551355,0.6783549783549783
2021-07-22 21:30:00+00:00,0.2259975997599759,0.0,0.0498244073748902,0.6848484848484848
2021-07-22 21:45:00+00:00,0.22421617161716167,0.0,0.04782704126426685,0.6913419913419913
2021-07-22 22:00:00+00:00,0.2224347434743474,0.0,0.0458296751536435,0.6978354978354978
2021-07-22 22:15:00+00:00,0.22242536753675365,0.0,0.04565408252853375,0.6854978354978354
2021-07-22 22:30:00+00:00,0.2224159915991599,0.0,0.045478489903424,0.6731601731601731
2021-07-22 22:45:00+00:00,0.22240661566156616,0.0,0.04530289727831425,0.6608225108225108
2021-07-22 23:00:00+00:00,0.2223972397239724,0.0,0.0451273046532045,0.6484848484848484
2021-07-22 23:15:00+00:00,0.2198282328232823,0.0,0.04506145741878835,0.6367965367965368
2021-07-22 23:30:00+00:00,0.2172592259225922,0.0,0.0449956101843722,0.6251082251082252
2021-07-22 23:45:00+00:00,0.21469021902190216,0.0,0.044929762949956056,0.6134199134199134
2021-07-23 00:00:00+00:00,0.2121212121212121,0.0,0.0448639157155399,0.6017316017316018
2021-07-23 00:15:00+00:00,0.21031165616561653,0.0,0.043064091308165006,0.5971861471861473
2021-07-23 00:30:00+00:00,0.208502100210021,0.0,0.0412642669007901,0.5926406926406926
2021-07-23 00:45:00+00:00,0.20669254425442546,0.0,0.0394644424934152,0.5880952380952381
2021-07-23 01:00:00+00:00,0.2048829882988299,0.0,0.0376646180860403,0.5835497835497836
2021-07-23 01:15:00+00:00,0.20475172517251725,0.0,0.036808604038630253,0.5818181818181818
2021-07-23 01:30:00+00:00,0.2046204620462046,0.0,0.0359525899912202,0.5800865800865801
2021-07-23 01:45:00+00:00,0.20448919891989195,0.0,0.03509657594381025,0.5783549783549784
2021-07-23 02:00:00+00:00,0.2043579357935793,0.0,0.0342405618964003,0.5766233766233766
2021-07-23 02:15:00+00:00,0.20770514551455138,0.0,0.033977172958735646,0.5755411255411256
2021-07-23 02:30:00+00:00,0.2110523552355235,0.0,0.033713784021071,0.5744588744588744
2021-07-23 02:45:00+00:00,0.2143995649564956,0.0,0.0334503950834064,0.5733766233766233
2021-07-23 03:00:00+00:00,0.2177467746774677,0.0,0.0331870061457418,0.5722943722943723
2021-07-23 03:15:00+00:00,0.21796242124212414,0.0,0.0317383669885864,0.579004329004329
2021-07-23 03:30:00+00:00,0.2181780678067806,0.0,0.030289727831431,0.5857142857142857
2021-07-23 03:45:00+00:00,0.2183937143714371,0.0,0.0288410886742756,0.5924242424242425
2021-07-23 04:00:00+00:00,0.2186093609360936,0.0,0.0273924495171202,0.5991341991341992
2021-07-23 04:15:00+00:00,0.2147933543354335,0.0,0.03086040386303765,0.6123376623376624
2021-07-23 04:30:00+00:00,0.2109773477347734,0.0,0.0343283582089551,0.6255411255411256
2021-07-23 04:45:00+00:00,0.20716134113411333,0.0,0.037796312554872605,0.6387445887445888
2021-07-23 05:00:00+00:00,0.2033453345334533,0.0,0.0412642669007901,0.6519480519480519
2021-07-23 05:15:00+00:00,0.19895739573957388,0.0,0.0710711150131694,0.6621212121212121
2021-07-23 05:30:00+00:00,0.1945694569456945,0.0,0.1008779631255487,0.6722943722943723
2021-07-23 05:45:00+00:00,0.19018151815181517,0.0,0.130684811237928,0.6824675324675324
2021-07-23 06:00:00+00:00,0.1857935793579358,0.0,0.1604916593503073,0.6926406926406926
2021-07-23 06:15:00+00:00,0.1814712721272127,0.0,0.20851624231782265,0.6948051948051948
2021-07-23 06:30:00+00:00,0.1771489648964896,0.0,0.256540825285338,0.696969696969697
2021-07-23 06:45:00+00:00,0.17282665766576655,0.0,0.3045654082528534,0.6991341991341992
2021-07-23 07:00:00+00:00,0.1685043504350435,0.0,0.3525899912203687,0.7012987012987013
2021-07-23 07:15:00+00:00,0.1740830333033303,0.0,0.40289727831431077,0.6984848484848485
2021-07-23 07:30:00+00:00,0.1796617161716171,0.0,0.4532045654082528,0.6956709956709957
2021-07-23 07:45:00+00:00,0.18524039903990397,0.0,0.5035118525021949,0.6928571428571428
2021-07-23 08:00:00+00:00,0.1908190819081908,0.0,0.5538191395961369,0.69004329004329
2021-07-23 08:15:00+00:00,0.2087458745874587,0.0,0.5912862159789288,0.6831168831168831
2021-07-23 08:30:00+00:00,0.2266726672667266,0.0,0.6287532923617207,0.6761904761904762
2021-07-23 08:45:00+00:00,0.24459945994599458,0.0,0.6662203687445127,0.6692640692640692
2021-07-23 09:00:00+00:00,0.2625262526252625,0.0,0.7036874451273046,0.6623376623376623
2021-07-23 09:15:00+00:00,0.2830220522052205,0.0,0.7231782265144864,0.6562770562770563
2021-07-23 09:30:00+00:00,0.3035178517851785,0.0,0.7426690079016681,0.6502164502164502
2021-07-23 09:45:00+00:00,0.3240136513651365,0.0,0.7621597892888499,0.6441558441558441
2021-07-23 10:00:00+00:00,0.3445094509450945,0.0,0.7816505706760316,0.638095238095238
2021-07-23 10:15:00+00:00,0.36006413141314125,0.0,0.7887620719929762,0.6357142857142857
2021-07-23 10:30:00+00:00,0.375618811881188,0.0,0.7958735733099209,0.6333333333333333
2021-07-23 10:45:00+00:00,0.3911734923492349,0.0,0.8029850746268656,0.6309523809523809
2021-07-23 11:00:00+00:00,0.4067281728172817,0.0,0.8100965759438103,0.6285714285714286
2021-07-23 11:15:00+00:00,0.412016201620162,0.0,0.8132133450395084,0.6307359307359307
2021-07-23 11:30:00+00:00,0.4173042304230423,0.0,0.8163301141352064,0.6329004329004329
2021-07-23 11:45:00+00:00,0.4225922592259226,0.0,0.8194468832309043,0.6350649350649351
2021-07-23 12:00:00+00:00,0.4278802880288029,0.0,0.8225636523266023,0.6372294372294373
2021-07-23 12:15:00+00:00,0.42781465646564654,0.0,0.826251097453907,0.6281385281385281
2021-07-23 12:30:00+00:00,0.4277490249024902,0.0,0.8299385425812116,0.6190476190476191
2021-07-23 12:45:00+00:00,0.4276833933393339,0.0,0.8336259877085163,0.60995670995671
2021-07-23 13:00:00+00:00,0.4276177617761776,0.0,0.8373134328358209,0.6008658008658009
2021-07-23 13:15:00+00:00,0.4249456195619562,0.0,0.8246707638279193,0.5987012987012987
2021-07-23 13:30:00+00:00,0.4222734773477348,0.0,0.8120280948200176,0.5965367965367965
2021-07-23 13:45:00+00:00,0.4196013351335134,0.0,0.7993854258121159,0.5943722943722943
2021-07-23 14:00:00+00:00,0.4169291929192919,0.0,0.7867427568042142,0.5922077922077922
2021-07-23 14:15:00+00:00,0.4135069756975698,0.0,0.7673178226514487,0.5885281385281386
2021-07-23 14:30:00+00:00,0.4100847584758476,0.0,0.7478928884986831,0.5848484848484848
2021-07-23 14:45:00+00:00,0.4066625412541254,0.0,0.7284679543459175,0.5811688311688312
2021-07-23 15:00:00+00:00,0.4032403240324032,0.0,0.7090430201931519,0.5774891774891775
2021-07-23 15:15:00+00:00,0.4013088808880888,0.0,0.6804872695346795,0.5803030303030303
2021-07-23 15:30:00+00:00,0.3993774377437744,0.0,0.6519315188762072,0.5831168831168831
2021-07-23 15:45:00+00:00,0.39744599459945995,0.0,0.6233757682177348,0.585930735930736
2021-07-23 16:00:00+00:00,0.3955145514551455,0.0,0.5948200175592625,0.5887445887445888
2021-07-23 16:15:00+00:00,0.3908922142214221,0.0,0.5494732221246708,0.598917748917749
2021-07-23 16:30:00+00:00,0.3862698769876987,0.0,0.504126426690079,0.6090909090909091
2021-07-23 16:45:00+00:00,0.38164753975397536,0.0,0.45877963125548726,0.6192640692640693
2021-07-23 17:00:00+00:00,0.377025202520252,0.0,0.4134328358208955,0.6294372294372295
2021-07-23 17:15:00+00:00,0.367752400240024,0.0,0.3573090430201932,0.6426406926406927
2021-07-23 17:30:00+00:00,0.3584795979597959,0.0,0.3011852502194908,0.6558441558441559
2021-07-23 17:45:00+00:00,0.3492067956795679,0.0,0.2450614574187884,0.6690476190476191
2021-07-23 18:00:00+00:00,0.3399339933993399,0.0,0.188937664618086,0.6822510822510822
2021-07-23 18:15:00+00:00,0.3318050555055505,0.0,0.15335820895522384,0.6774891774891775
2021-07-23 18:30:00+00:00,0.3236761176117612,0.0,0.1177787532923617,0.6727272727272727
2021-07-23 18:45:00+00:00,0.3155471797179718,0.0,0.08219929762949955,0.667965367965368
2021-07-23 19:00:00+00:00,0.3074182418241824,0.0,0.0466198419666374,0.6632034632034632
2021-07-23 19:15:00+00:00,0.30240211521152116,0.0,0.041220368744512695,0.6686147186147187
2021-07-23 19:30:00+00:00,0.2973859885988599,0.0,0.035820895522388,0.674025974025974
2021-07-23 19:45:00+00:00,0.29236986198619863,0.0,0.03042142230026335,0.6794372294372294
2021-07-23 20:00:00+00:00,0.2873537353735373,0.0,0.0250219490781387,0.6848484848484848
2021-07-23 20:15:00+00:00,0.28345334533453337,0.0,0.0247805092186128,0.6703463203463204
2021-07-23 20:30:00+00:00,0.2795529552955295,0.0,0.0245390693590869,0.6558441558441559
2021-07-23 20:45:00+00:00,0.2756525652565256,0.0,0.024297629499560998,0.6413419913419913
2021-07-23 21:00:00+00:00,0.2717521752175217,0.0,0.0240561896400351,0.6268398268398269
2021-07-23 21:15:00+00:00,0.26853622862286225,0.0,0.0240561896400351,0.6160173160173161
2021-07-23 21:30:00+00:00,0.2653202820282028,0.0,0.0240561896400351,0.6051948051948053
2021-07-23 21:45:00+00:00,0.26210433543354333,0.0,0.0240561896400351,0.5943722943722944
2021-07-23 22:00:00+00:00,0.2588883888388839,0.0,0.0240561896400351,0.5835497835497836
2021-07-23 22:15:00+00:00,0.25304717971797175,0.0,0.02401229148375765,0.5781385281385282
2021-07-23 22:30:00+00:00,0.2472059705970596,0.0,0.0239683933274802,0.5727272727272728
2021-07-23 22:45:00+00:00,0.24136476147614755,0.0,0.02392449517120275,0.5673160173160173
2021-07-23 23:00:00+00:00,0.2355235523552355,0.0,0.0238805970149253,0.5619047619047619
2021-07-23 23:15:00+00:00,0.2328607860786078,0.0,0.0238805970149253,0.5575757575757576
2021-07-23 23:30:00+00:00,0.2301980198019801,0.0,0.0238805970149253,0.5532467532467533
2021-07-23 23:45:00+00:00,0.22753525352535245,0.0,0.0238805970149253,0.548917748917749
2021-07-24 00:00:00+00:00,0.2248724872487248,0.0,0.0238805970149253,0.5445887445887446
2021-07-24 00:15:00+00:00,0.22675705070507046,0.0,0.023309920983318598,0.5532467532467533
2021-07-24 00:30:00+00:00,0.2286416141614161,0.0,0.0227392449517119,0.5619047619047619
2021-07-24 00:45:00+00:00,0.23052617761776176,0.0,0.02216856892010525,0.5705627705627705
2021-07-24 01:00:00+00:00,0.2324107410741074,0.0,0.0215978928884986,0.5792207792207792
2021-07-24 01:15:00+00:00,0.22949482448244818,0.0,0.0209833187006145,0.5805194805194804
2021-07-24 01:30:00+00:00,0.226578907890789,0.0,0.0203687445127304,0.5818181818181818
2021-07-24 01:45:00+00:00,0.22366299129912987,0.0,0.0197541703248463,0.5831168831168831
2021-07-24 02:00:00+00:00,0.2207470747074707,0.0,0.0191395961369622,0.5844155844155844
2021-07-24 02:15:00+00:00,0.21821557155715565,0.0,0.01786654960491655,0.583982683982684
2021-07-24 02:30:00+00:00,0.2156840684068406,0.0,0.0165935030728709,0.5835497835497836
2021-07-24 02:45:00+00:00,0.2131525652565256,0.0,0.015320456540825249,0.5831168831168831
2021-07-24 03:00:00+00:00,0.2106210621062106,0.0,0.0140474100087796,0.5826839826839827
2021-07-24 03:15:00+00:00,0.21038666366636655,0.0,0.0127524143985952,0.5811688311688312
2021-07-24 03:30:00+00:00,0.2101522652265225,0.0,0.0114574187884108,0.5796536796536796
2021-07-24 03:45:00+00:00,0.20991786678667856,0.0,0.010162423178226451,0.5781385281385281
2021-07-24 04:00:00+00:00,0.2096834683468346,0.0,0.0088674275680421,0.5766233766233766
2021-07-24 04:15:00+00:00,0.20459233423342327,0.0,0.014947322212467,0.5848484848484848
2021-07-24 04:30:00+00:00,0.1995012001200119,0.0,0.0210272168568919,0.5930735930735931
2021-07-24 04:45:00+00:00,0.1944100660066006,0.0,0.02710711150131685,0.6012987012987013
2021-07-24 05:00:00+00:00,0.1893189318931893,0.0,0.0331870061457418,0.6095238095238096
2021-07-24 05:15:00+00:00,0.1843496849684968,0.0,0.0766461808604038,0.611904761904762
2021-07-24 05:30:00+00:00,0.1793804380438043,0.0,0.1201053555750658,0.6142857142857143
2021-07-24 05:45:00+00:00,0.17441119111911185,0.0,0.16356453028972778,0.6166666666666667
2021-07-24 06:00:00+00:00,0.1694419441944194,0.0,0.2070237050043898,0.6190476190476191
2021-07-24 06:15:00+00:00,0.16586033603360328,0.0,0.2798726953467954,0.6244588744588745
2021-07-24 06:30:00+00:00,0.1622787278727872,0.0,0.352721685689201,0.6298701298701299
2021-07-24 06:45:00+00:00,0.15869711971197115,0.0,0.42557067603160664,0.6352813852813852
2021-07-24 07:00:00+00:00,0.1551155115511551,0.0,0.4984196663740123,0.6406926406926406
2021-07-24 07:15:00+00:00,0.15291216621662165,0.0,0.5600307287093942,0.6443722943722944
2021-07-24 07:30:00+00:00,0.1507088208820882,0.0,0.6216417910447761,0.6480519480519481
2021-07-24 07:45:00+00:00,0.14850547554755475,0.0,0.6832528533801581,0.6517316017316017
2021-07-24 08:00:00+00:00,0.1463021302130213,0.0,0.7448639157155399,0.6554112554112554
2021-07-24 08:15:00+00:00,0.1472022202220222,0.0,0.7765364354697102,0.6515151515151516
2021-07-24 08:30:00+00:00,0.1481023102310231,0.0,0.8082089552238806,0.6476190476190476
2021-07-24 08:45:00+00:00,0.149002400240024,0.0,0.839881474978051,0.6437229437229437
2021-07-24 09:00:00+00:00,0.1499024902490249,0.0,0.8715539947322213,0.6398268398268399
2021-07-24 09:15:00+00:00,0.1528090309030903,0.0,0.8872036874451273,0.6396103896103896
2021-07-24 09:30:00+00:00,0.1557155715571557,0.0,0.9028533801580334,0.6393939393939394
2021-07-24 09:45:00+00:00,0.1586221122112211,0.0,0.9185030728709396,0.6391774891774892
2021-07-24 10:00:00+00:00,0.1615286528652865,0.0,0.9341527655838456,0.638961038961039
2021-07-24 10:15:00+00:00,0.1659353435343534,0.0,0.9416593503072872,0.638961038961039
2021-07-24 10:30:00+00:00,0.1703420342034203,0.0,0.9491659350307288,0.638961038961039
2021-07-24 10:45:00+00:00,0.17474872487248722,0.0,0.9566725197541703,0.638961038961039
2021-07-24 11:00:00+00:00,0.1791554155415541,0.0,0.964179104477612,0.638961038961039
2021-07-24 11:15:00+00:00,0.18324332433243318,0.0,0.9659130816505708,0.6372294372294373
2021-07-24 11:30:00+00:00,0.1873312331233123,0.0,0.9676470588235294,0.6354978354978356
2021-07-24 11:45:00+00:00,0.1914191419141914,0.0,0.9693810359964881,0.6337662337662338
2021-07-24 12:00:00+00:00,0.1955070507050705,0.0,0.9711150131694468,0.6320346320346321
2021-07-24 12:15:00+00:00,0.20100135013501344,0.0,0.967603160667252,0.6235930735930737
2021-07-24 12:30:00+00:00,0.2064956495649564,0.0,0.9640913081650572,0.6151515151515152
2021-07-24 12:45:00+00:00,0.2119899489948994,0.0,0.9605794556628622,0.6067099567099568
2021-07-24 13:00:00+00:00,0.2174842484248424,0.0,0.9570676031606672,0.5982683982683983
2021-07-24 13:15:00+00:00,0.22149714971497142,0.0,0.9385206321334504,0.5833333333333334
2021-07-24 13:30:00+00:00,0.2255100510051004,0.0,0.9199736611062336,0.5683982683982685
2021-07-24 13:45:00+00:00,0.22952295229522945,0.0,0.9014266900790167,0.5534632034632034
2021-07-24 14:00:00+00:00,0.2335358535853585,0.0,0.8828797190517998,0.5385281385281385
2021-07-24 14:15:00+00:00,0.2363673867386738,0.0,0.8590210711150132,0.5212121212121212
2021-07-24 14:30:00+00:00,0.2391989198919891,0.0,0.8351624231782265,0.5038961038961038
2021-07-24 14:45:00+00:00,0.24203045304530446,0.0,0.8113037752414398,0.48658008658008656
2021-07-24 15:00:00+00:00,0.2448619861986198,0.0,0.7874451273046532,0.4692640692640693
2021-07-24 15:15:00+00:00,0.2453964146414641,0.0,0.763630377524144,0.4777056277056277
2021-07-24 15:30:00+00:00,0.2459308430843084,0.0,0.7398156277436347,0.4861471861471861
2021-07-24 15:45:00+00:00,0.2464652715271527,0.0,0.7160008779631255,0.4945887445887446
2021-07-24 16:00:00+00:00,0.246999699969997,0.0,0.6921861281826164,0.503030303030303
2021-07-24 16:15:00+00:00,0.24414941494149414,0.0,0.6489903424056189,0.5134199134199134
2021-07-24 16:30:00+00:00,0.2412991299129913,0.0,0.6057945566286216,0.5238095238095238
2021-07-24 16:45:00+00:00,0.23844884488448845,0.0,0.5625987708516242,0.5341991341991342
2021-07-24 17:00:00+00:00,0.2355985598559856,0.0,0.5194029850746269,0.5445887445887446
2021-07-24 17:15:00+00:00,0.23094809480948092,0.0,0.4549385425812116,0.5536796536796538
2021-07-24 17:30:00+00:00,0.2262976297629762,0.0,0.3904741000877962,0.5627705627705628
2021-07-24 17:45:00+00:00,0.22164716471647156,0.0,0.32600965759438094,0.5718614718614718
2021-07-24 18:00:00+00:00,0.2169966996699669,0.0,0.2615452151009657,0.580952380952381
2021-07-24 18:15:00+00:00,0.21203682868286822,0.0,0.2179762949956101,0.5911255411255412
2021-07-24 18:30:00+00:00,0.2070769576957695,0.0,0.1744073748902545,0.6012987012987013
2021-07-24 18:45:00+00:00,0.2021170867086708,0.0,0.13083845478489897,0.6114718614718615
2021-07-24 19:00:00+00:00,0.1971572157215721,0.0,0.0872695346795434,0.6216450216450217
2021-07-24 19:15:00+00:00,0.1996605910591058,0.0,0.07910447761194025,0.6231601731601732
2021-07-24 19:30:00+00:00,0.2021639663966395,0.0,0.0709394205443371,0.6246753246753247
2021-07-24 19:45:00+00:00,0.20466734173417328,0.0,0.06277436347673396,0.6261904761904762
2021-07-24 20:00:00+00:00,0.2071707170717071,0.0,0.0546093064091308,0.6277056277056277
2021-07-24 20:15:00+00:00,0.2112304980498049,0.0,0.053599648814749754,0.6298701298701298
2021-07-24 20:30:00+00:00,0.2152902790279027,0.0,0.0525899912203687,0.632034632034632
2021-07-24 20:45:00+00:00,0.21935006000600055,0.0,0.05158033362598765,0.6341991341991342
2021-07-24 21:00:00+00:00,0.2234098409840984,0.0,0.0505706760316066,0.6363636363636364
2021-07-24 21:15:00+00:00,0.2258475847584758,0.0,0.0498244073748902,0.6374458874458875
2021-07-24 21:30:00+00:00,0.2282853285328532,0.0,0.0490781387181738,0.6385281385281385
2021-07-24 21:45:00+00:00,0.23072307230723066,0.0,0.0483318700614574,0.6396103896103895
2021-07-24 22:00:00+00:00,0.2331608160816081,0.0,0.047585601404741,0.6406926406926406
2021-07-24 22:15:00+00:00,0.22895102010201016,0.0,0.046488147497805055,0.6383116883116883
2021-07-24 22:30:00+00:00,0.2247412241224122,0.0,0.0453906935908691,0.6359307359307359
2021-07-24 22:45:00+00:00,0.22053142814281423,0.0,0.0442932396839332,0.6335497835497835
2021-07-24 23:00:00+00:00,0.2163216321632163,0.0,0.0431957857769973,0.6311688311688312
2021-07-24 23:15:00+00:00,0.2083333333333333,0.0,0.0429762949956101,0.6101731601731601
2021-07-24 23:30:00+00:00,0.2003450345034503,0.0,0.0427568042142229,0.5891774891774892
2021-07-24 23:45:00+00:00,0.19235673567356731,0.0,0.04253731343283575,0.5681818181818182
2021-07-25 00:00:00+00:00,0.1843684368436843,0.0,0.0423178226514486,0.5471861471861472
2021-07-25 00:15:00+00:00,0.180833708370837,0.0,0.042295873573309856,0.5439393939393941
2021-07-25 00:30:00+00:00,0.1772989798979897,0.0,0.0422739244951711,0.5406926406926408
2021-07-25 00:45:00+00:00,0.17376425142514246,0.0,0.042251975417032406,0.5374458874458875
2021-07-25 01:00:00+00:00,0.1702295229522952,0.0,0.0422300263388937,0.5341991341991342
2021-07-25 01:15:00+00:00,0.16758550855085505,0.0,0.04216417910447755,0.5322510822510822
2021-07-25 01:30:00+00:00,0.1649414941494149,0.0,0.0420983318700614,0.5303030303030303
2021-07-25 01:45:00+00:00,0.16229747974797476,0.0,0.042032484635645254,0.5283549783549784
2021-07-25 02:00:00+00:00,0.1596534653465346,0.0,0.0419666374012291,0.5264069264069264
2021-07-25 02:15:00+00:00,0.1566719171917191,0.0,0.041944688323090354,0.5268398268398269
2021-07-25 02:30:00+00:00,0.1536903690369036,0.0,0.0419227392449516,0.5272727272727273
2021-07-25 02:45:00+00:00,0.15070882088208815,0.0,0.041900790166812904,0.5277056277056278
2021-07-25 03:00:00+00:00,0.1477272727272727,0.0,0.0418788410886742,0.5281385281385281
2021-07-25 03:15:00+00:00,0.14494261926192614,0.0,0.039903424056189546,0.5287878787878788
2021-07-25 03:30:00+00:00,0.1421579657965796,0.0,0.0379280070237049,0.5294372294372294
2021-07-25 03:45:00+00:00,0.1393733123312331,0.0,0.0359525899912203,0.53008658008658
2021-07-25 04:00:00+00:00,0.1365886588658866,0.0,0.0339771729587357,0.5307359307359307
2021-07-25 04:15:00+00:00,0.13237886288628858,0.0,0.03647936786654955,0.5335497835497836
2021-07-25 04:30:00+00:00,0.1281690669066906,0.0,0.0389815627743634,0.5363636363636364
2021-07-25 04:45:00+00:00,0.12395927092709266,0.0,0.0414837576821773,0.5391774891774892
2021-07-25 05:00:00+00:00,0.1197494749474947,0.0,0.0439859525899912,0.541991341991342
2021-07-25 05:15:00+00:00,0.11450832583258319,0.0,0.0818042142230026,0.5456709956709956
2021-07-25 05:30:00+00:00,0.1092671767176717,0.0,0.119622475856014,0.5493506493506494
2021-07-25 05:45:00+00:00,0.1040260276027602,0.0,0.1574407374890254,0.553030303030303
2021-07-25 06:00:00+00:00,0.0987848784878487,0.0,0.1952589991220368,0.5567099567099567
2021-07-25 06:15:00+00:00,0.09475322532253215,0.0,0.26174275680421416,0.5629870129870129
2021-07-25 06:30:00+00:00,0.0907215721572156,0.0,0.3282265144863915,0.5692640692640693
2021-07-25 06:45:00+00:00,0.0866899189918991,0.0,0.39471027216856885,0.5755411255411256
2021-07-25 07:00:00+00:00,0.0826582658265826,0.0,0.4611940298507462,0.5818181818181818
2021-07-25 07:15:00+00:00,0.0796298379837983,0.0,0.5198419666374012,0.5831168831168831
2021-07-25 07:30:00+00:00,0.076601410141014,0.0,0.5784899034240562,0.5844155844155844
2021-07-25 07:45:00+00:00,0.07357298229822976,0.0,0.6371378402107111,0.5857142857142856
2021-07-25 08:00:00+00:00,0.0705445544554455,0.0,0.6957857769973661,0.587012987012987
2021-07-25 08:15:00+00:00,0.0682099459945994,0.0,0.7248902546093063,0.5885281385281385
2021-07-25 08:30:00+00:00,0.0658753375337533,0.0,0.7539947322212467,0.59004329004329
2021-07-25 08:45:00+00:00,0.06354072907290725,0.0,0.7830992098331869,0.5915584415584416
2021-07-25 09:00:00+00:00,0.0612061206120612,0.0,0.8122036874451273,0.5930735930735931
2021-07-25 09:15:00+00:00,0.0629594209420942,0.0,0.8290605794556628,0.5906926406926407
2021-07-25 09:30:00+00:00,0.0647127212721272,0.0,0.8459174714661983,0.5883116883116883
2021-07-25 09:45:00+00:00,0.0664660216021602,0.0,0.862774363476734,0.585930735930736
2021-07-25 10:00:00+00:00,0.0682193219321932,0.0,0.8796312554872695,0.5835497835497836
2021-07-25 10:15:00+00:00,0.06934443444344429,0.0,0.8906277436347674,0.5846320346320346
2021-07-25 10:30:00+00:00,0.0704695469546954,0.0,0.9016242317822653,0.5857142857142857
2021-07-25 10:45:00+00:00,0.07159465946594655,0.0,0.912620719929763,0.5867965367965369
2021-07-25 11:00:00+00:00,0.0727197719771977,0.0,0.9236172080772608,0.5878787878787879
2021-07-25 11:15:00+00:00,0.0752512751275127,0.0,0.9209394205443372,0.5876623376623377
2021-07-25 11:30:00+00:00,0.0777827782778277,0.0,0.9182616330114136,0.5874458874458874
2021-07-25 11:45:00+00:00,0.08031428142814276,0.0,0.91558384547849,0.5872294372294372
2021-07-25 12:00:00+00:00,0.0828457845784578,0.0,0.9129060579455665,0.587012987012987
2021-07-25 12:15:00+00:00,0.08755250525052499,0.0,0.9029631255487272,0.5800865800865801
2021-07-25 12:30:00+00:00,0.0922592259225922,0.0,0.8930201931518877,0.5731601731601732
2021-07-25 12:45:00+00:00,0.0969659465946594,0.0,0.8830772607550483,0.5662337662337662
2021-07-25 13:00:00+00:00,0.1016726672667266,0.0,0.8731343283582089,0.5593073593073593
2021-07-25 13:15:00+00:00,0.1058918391839183,0.0,0.8606453028972783,0.5569264069264069
2021-07-25 13:30:00+00:00,0.11011101110111,0.0,0.8481562774363476,0.5545454545454546
2021-07-25 13:45:00+00:00,0.11433018301830175,0.0,0.8356672519754169,0.5521645021645022
2021-07-25 14:00:00+00:00,0.1185493549354935,0.0,0.8231782265144864,0.5497835497835498
2021-07-25 14:15:00+00:00,0.12700645064506444,0.0,0.7944029850746268,0.5465367965367967
2021-07-25 14:30:00+00:00,0.1354635463546354,0.0,0.7656277436347673,0.5432900432900434
2021-07-25 14:45:00+00:00,0.1439206420642064,0.0,0.7368525021949077,0.5400432900432901
2021-07-25 15:00:00+00:00,0.1523777377737774,0.0,0.7080772607550483,0.5367965367965368
2021-07-25 15:15:00+00:00,0.16327257725772576,0.0,0.6809701492537313,0.5463203463203463
2021-07-25 15:30:00+00:00,0.1741674167416741,0.0,0.6538630377524144,0.5558441558441558
2021-07-25 15:45:00+00:00,0.1850622562256225,0.0,0.6267559262510974,0.5653679653679653
2021-07-25 16:00:00+00:00,0.1959570957095709,0.0,0.5996488147497805,0.5748917748917749
2021-07-25 16:15:00+00:00,0.2085114761476147,0.0,0.5559262510974539,0.5751082251082251
2021-07-25 16:30:00+00:00,0.2210658565856585,0.0,0.5122036874451272,0.5753246753246753
2021-07-25 16:45:00+00:00,0.2336202370237023,0.0,0.46848112379280066,0.5755411255411256
2021-07-25 17:00:00+00:00,0.2461746174617461,0.0,0.4247585601404741,0.5757575757575758
2021-07-25 17:15:00+00:00,0.251087608760876,0.0,0.3695785776997366,0.5764069264069265
2021-07-25 17:30:00+00:00,0.2560006000600059,0.0,0.3143985952589991,0.577056277056277
2021-07-25 17:45:00+00:00,0.26091359135913583,0.0,0.2592186128182616,0.5777056277056277
2021-07-25 18:00:00+00:00,0.2658265826582658,0.0,0.2040386303775241,0.5783549783549784
2021-07-25 18:15:00+00:00,0.2654140414041404,0.0,0.17056628621597886,0.5917748917748918
2021-07-25 18:30:00+00:00,0.265001500150015,0.0,0.1370939420544336,0.6051948051948053
2021-07-25 18:45:00+00:00,0.2645889588958896,0.0,0.1036215978928884,0.6186147186147186
2021-07-25 19:00:00+00:00,0.2641764176417642,0.0,0.0701492537313432,0.6320346320346321
2021-07-25 19:15:00+00:00,0.26439206420642064,0.0,0.0661545215100965,0.637012987012987
2021-07-25 19:30:00+00:00,0.2646077107710771,0.0,0.0621597892888498,0.641991341991342
2021-07-25 19:45:00+00:00,0.26482335733573353,0.0,0.058165057067603096,0.646969696969697
2021-07-25 20:00:00+00:00,0.26503900390039,0.0,0.0541703248463564,0.6519480519480519
2021-07-25 20:15:00+00:00,0.26491711671167106,0.0,0.0540825285338015,0.6448051948051947
2021-07-25 20:30:00+00:00,0.2647952295229522,0.0,0.0539947322212466,0.6376623376623376
2021-07-25 20:45:00+00:00,0.26467334233423334,0.0,0.05390693590869175,0.6305194805194805
2021-07-25 21:00:00+00:00,0.2645514551455145,0.0,0.0538191395961369,0.6233766233766234
2021-07-25 21:15:00+00:00,0.2629294179417941,0.0,0.0533582089552238,0.6093073593073592
2021-07-25 21:30:00+00:00,0.2613073807380737,0.0,0.0528972783143107,0.5952380952380952
2021-07-25 21:45:00+00:00,0.25968534353435335,0.0,0.05243634767339765,0.5811688311688311
2021-07-25 22:00:00+00:00,0.258063306330633,0.0,0.0519754170324846,0.5670995670995671
2021-07-25 22:15:00+00:00,0.2587758775877587,0.0,0.0480245829675153,0.5621212121212121
2021-07-25 22:30:00+00:00,0.2594884488448844,0.0,0.044073748902546,0.5571428571428572
2021-07-25 22:45:00+00:00,0.2602010201020102,0.0,0.040122914837576754,0.5521645021645022
2021-07-25 23:00:00+00:00,0.2609135913591359,0.0,0.0361720807726075,0.5471861471861472
2021-07-25 23:15:00+00:00,0.2591040354035403,0.0,0.035338015803336204,0.5443722943722944
2021-07-25 23:30:00+00:00,0.2572944794479448,0.0,0.0345039508340649,0.5415584415584416
2021-07-25 23:45:00+00:00,0.25548492349234925,0.0,0.033669885864793594,0.5387445887445887
2021-07-26 00:00:00+00:00,0.2536753675367537,0.0,0.0328358208955223,0.5359307359307359
2021-07-26 00:15:00+00:00,0.2506469396939694,0.0,0.03255048287971895,0.5316017316017316
2021-07-26 00:30:00+00:00,0.2476185118511851,0.0,0.0322651448639156,0.5272727272727273
2021-07-26 00:45:00+00:00,0.24459008400840082,0.0,0.0319798068481123,0.522943722943723
2021-07-26 01:00:00+00:00,0.2415616561656165,0.0,0.031694468832309,0.5186147186147186
2021-07-26 01:15:00+00:00,0.2388801380138013,0.0,0.0296751536435469,0.5186147186147186
2021-07-26 01:30:00+00:00,0.2361986198619861,0.0,0.0276558384547848,0.5186147186147186
2021-07-26 01:45:00+00:00,0.23351710171017093,0.0,0.025636523266022747,0.5186147186147186
2021-07-26 02:00:00+00:00,0.2308355835583558,0.0,0.0236172080772607,0.5186147186147186
2021-07-26 02:15:00+00:00,0.2282290729072907,0.0,0.0219490781387181,0.5199134199134199
2021-07-26 02:30:00+00:00,0.2256225622562256,0.0,0.0202809482001755,0.5212121212121212
2021-07-26 02:45:00+00:00,0.2230160516051605,0.0,0.01861281826163295,0.5225108225108226
2021-07-26 03:00:00+00:00,0.2204095409540954,0.0,0.0169446883230904,0.5238095238095238
2021-07-26 03:15:00+00:00,0.21440894089408935,0.0,0.01521071115013165,0.529004329004329
2021-07-26 03:30:00+00:00,0.2084083408340833,0.0,0.0134767339771729,0.5341991341991342
2021-07-26 03:45:00+00:00,0.20240774077407736,0.0,0.01174275680421415,0.5393939393939394
2021-07-26 04:00:00+00:00,0.1964071407140714,0.0,0.0100087796312554,0.5445887445887446
2021-07-26 04:15:00+00:00,0.1949913741374137,0.0,0.0119402985074626,0.5541125541125542
2021-07-26 04:30:00+00:00,0.193575607560756,0.0,0.0138718173836698,0.5636363636363637
2021-07-26 04:45:00+00:00,0.19215984098409836,0.0,0.015803336259877,0.5731601731601732
2021-07-26 05:00:00+00:00,0.1907440744074407,0.0,0.0177348551360842,0.5826839826839827
2021-07-26 05:15:00+00:00,0.1876687668766876,0.0,0.050153643546970945,0.5909090909090909
2021-07-26 05:30:00+00:00,0.1845934593459345,0.0,0.0825724319578577,0.5991341991341992
2021-07-26 05:45:00+00:00,0.18151815181518144,0.0,0.11499122036874446,0.6073593073593073
2021-07-26 06:00:00+00:00,0.1784428442844284,0.0,0.1474100087796312,0.6155844155844156
2021-07-26 06:15:00+00:00,0.1767364236423642,0.0,0.211676909569798,0.6261904761904762
2021-07-26 06:30:00+00:00,0.1750300030003,0.0,0.2759438103599648,0.6367965367965368
2021-07-26 06:45:00+00:00,0.1733235823582358,0.0,0.3402107111501317,0.6474025974025974
2021-07-26 07:00:00+00:00,0.1716171617161716,0.0,0.4044776119402985,0.658008658008658
2021-07-26 07:15:00+00:00,0.1685887338733873,0.0,0.4662203687445127,0.6621212121212121
2021-07-26 07:30:00+00:00,0.165560306030603,0.0,0.5279631255487269,0.6662337662337663
2021-07-26 07:45:00+00:00,0.16253187818781875,0.0,0.5897058823529412,0.6703463203463204
2021-07-26 08:00:00+00:00,0.1595034503450345,0.0,0.6514486391571555,0.6744588744588744
2021-07-26 08:15:00+00:00,0.15379350435043498,0.0,0.6838235294117647,0.6686147186147186
2021-07-26 08:30:00+00:00,0.1480835583558355,0.0,0.716198419666374,0.6627705627705627
2021-07-26 08:45:00+00:00,0.14237361236123605,0.0,0.7485733099209833,0.6569264069264069
2021-07-26 09:00:00+00:00,0.1366636663666366,0.0,0.7809482001755926,0.651082251082251
2021-07-26 09:15:00+00:00,0.13030678067806775,0.0,0.7921641791044776,0.6499999999999999
2021-07-26 09:30:00+00:00,0.1239498949894989,0.0,0.8033801580333626,0.6489177489177489
2021-07-26 09:45:00+00:00,0.11759300930093006,0.0,0.8145961369622476,0.6478354978354979
2021-07-26 10:00:00+00:00,0.1112361236123612,0.0,0.8258121158911326,0.6467532467532467
2021-07-26 10:15:00+00:00,0.10709195919591954,0.0,0.8254170324846357,0.648051948051948
2021-07-26 10:30:00+00:00,0.1029477947794779,0.0,0.8250219490781387,0.6493506493506493
2021-07-26 10:45:00+00:00,0.09880363036303624,0.0,0.8246268656716418,0.6506493506493507
2021-07-26 11:00:00+00:00,0.0946594659465946,0.0,0.8242317822651448,0.6519480519480519
2021-07-26 11:15:00+00:00,0.09372187218721865,0.0,0.8260974539069359,0.6541125541125541
2021-07-26 11:30:00+00:00,0.0927842784278427,0.0,0.827963125548727,0.6562770562770563
2021-07-26 11:45:00+00:00,0.0918466846684668,0.0,0.829828797190518,0.6584415584415585
2021-07-26 12:00:00+00:00,0.0909090909090909,0.0,0.831694468832309,0.6606060606060606
2021-07-26 12:15:00+00:00,0.09166854185418541,0.0,0.8338015803336261,0.6515151515151516
2021-07-26 12:30:00+00:00,0.0924279927992799,0.0,0.835908691834943,0.6424242424242425
2021-07-26 12:45:00+00:00,0.0931874437443744,0.0,0.8380158033362599,0.6333333333333333
2021-07-26 13:00:00+00:00,0.0939468946894689,0.0,0.8401229148375768,0.6242424242424243
2021-07-26 13:15:00+00:00,0.09568144314431436,0.0,0.831935908691835,0.6218614718614719
2021-07-26 13:30:00+00:00,0.0974159915991598,0.0,0.8237489025460931,0.6194805194805195
2021-07-26 13:45:00+00:00,0.09915054005400531,0.0,0.8155618964003513,0.6170995670995671
2021-07-26 14:00:00+00:00,0.1008850885088508,0.0,0.8073748902546093,0.6147186147186147
2021-07-26 14:15:00+00:00,0.1002850285028502,0.0,0.797124670763828,0.6047619047619047
2021-07-26 14:30:00+00:00,0.0996849684968496,0.0,0.7868744512730466,0.5948051948051948
2021-07-26 14:45:00+00:00,0.099084908490849,0.0,0.7766242317822651,0.5848484848484848
2021-07-26 15:00:00+00:00,0.0984848484848484,0.0,0.7663740122914837,0.5748917748917749
2021-07-26 15:15:00+00:00,0.09697532253225315,0.0,0.7496268656716418,0.5748917748917749
2021-07-26 15:30:00+00:00,0.0954657965796579,0.0,0.7328797190517998,0.5748917748917749
2021-07-26 15:45:00+00:00,0.09395627062706265,0.0,0.7161325724319578,0.5748917748917749
2021-07-26 16:00:00+00:00,0.0924467446744674,0.0,0.6993854258121159,0.5748917748917749
2021-07-26 16:15:00+00:00,0.08999024902490245,0.0,0.6665496049165935,0.5852813852813853
2021-07-26 16:30:00+00:00,0.0875337533753375,0.0,0.6337137840210711,0.5956709956709957
2021-07-26 16:45:00+00:00,0.08507725772577254,0.0,0.6008779631255488,0.6060606060606061
2021-07-26 17:00:00+00:00,0.0826207620762076,0.0,0.5680421422300264,0.6164502164502165
2021-07-26 17:15:00+00:00,0.08268639363936389,0.0,0.4943810359964882,0.627922077922078
2021-07-26 17:30:00+00:00,0.0827520252025202,0.0,0.42071992976295,0.6393939393939394
2021-07-26 17:45:00+00:00,0.0828176567656765,0.0,0.34705882352941175,0.6508658008658008
2021-07-26 18:00:00+00:00,0.0828832883288328,0.0,0.2733977172958736,0.6623376623376623
2021-07-26 18:15:00+00:00,0.0847772277227722,0.0,0.22541703248463563,0.6712121212121211
2021-07-26 18:30:00+00:00,0.0866711671167116,0.0,0.1774363476733977,0.6800865800865801
2021-07-26 18:45:00+00:00,0.088565106510651,0.0,0.12945566286215976,0.688961038961039
2021-07-26 19:00:00+00:00,0.0904590459045904,0.0,0.0814749780509218,0.6978354978354978
2021-07-26 19:15:00+00:00,0.09243736873687361,0.0,0.07456101843722554,0.7025974025974027
2021-07-26 19:30:00+00:00,0.0944156915691568,0.0,0.0676470588235293,0.7073593073593074
2021-07-26 19:45:00+00:00,0.09639401440144005,0.0,0.060733099209833094,0.7121212121212122
2021-07-26 20:00:00+00:00,0.0983723372337233,0.0,0.0538191395961369,0.7168831168831169
2021-07-26 20:15:00+00:00,0.10041629162916285,0.0,0.05283143107989455,0.698051948051948
2021-07-26 20:30:00+00:00,0.1024602460246024,0.0,0.0518437225636522,0.6792207792207792
2021-07-26 20:45:00+00:00,0.10450420042004194,0.0,0.0508560140474099,0.6603896103896103
2021-07-26 21:00:00+00:00,0.1065481548154815,0.0,0.0498683055311676,0.6415584415584416
2021-07-26 21:15:00+00:00,0.1064543954395439,0.0,0.04910008779631245,0.6307359307359308
2021-07-26 21:30:00+00:00,0.1063606360636063,0.0,0.0483318700614573,0.61991341991342
2021-07-26 21:45:00+00:00,0.1062668766876687,0.0,0.0475636523266022,0.6090909090909091
2021-07-26 22:00:00+00:00,0.1061731173117311,0.0,0.0467954345917471,0.5982683982683983
2021-07-26 22:15:00+00:00,0.10381975697569745,0.0,0.04675153643546965,0.5922077922077922
2021-07-26 22:30:00+00:00,0.1014663966396638,0.0,0.0467076382791922,0.5861471861471861
2021-07-26 22:45:00+00:00,0.09911303630363025,0.0,0.0466637401229148,0.58008658008658
2021-07-26 23:00:00+00:00,0.0967596759675967,0.0,0.0466198419666374,0.574025974025974
2021-07-26 23:15:00+00:00,0.09293429342934284,0.0,0.0465539947322212,0.5712121212121213
2021-07-26 23:30:00+00:00,0.089108910891089,0.0,0.046488147497805,0.5683982683982685
2021-07-26 23:45:00+00:00,0.0852835283528352,0.0,0.04642230026338885,0.5655844155844156
2021-07-27 00:00:00+00:00,0.0814581458145814,0.0,0.0463564530289727,0.5627705627705628
2021-07-27 00:15:00+00:00,0.07842034203420335,0.0,0.04604916593503065,0.5647186147186147
2021-07-27 00:30:00+00:00,0.0753825382538253,0.0,0.0457418788410886,0.5666666666666667
2021-07-27 00:45:00+00:00,0.0723447344734473,0.0,0.04543459174714655,0.5686147186147186
2021-07-27 01:00:00+00:00,0.0693069306930693,0.0,0.0451273046532045,0.5705627705627706
2021-07-27 01:15:00+00:00,0.06911003600360036,0.0,0.04420544337137835,0.569047619047619
2021-07-27 01:30:00+00:00,0.0689131413141314,0.0,0.0432835820895522,0.5675324675324676
2021-07-27 01:45:00+00:00,0.06871624662466244,0.0,0.04236172080772605,0.5660173160173161
2021-07-27 02:00:00+00:00,0.0685193519351935,0.0,0.0414398595258999,0.5645021645021645
2021-07-27 02:15:00+00:00,0.06903502850285025,0.0,0.03900351185250215,0.5629870129870129
2021-07-27 02:30:00+00:00,0.069550705070507,0.0,0.0365671641791044,0.5614718614718615
2021-07-27 02:45:00+00:00,0.07006638163816375,0.0,0.0341308165057067,0.55995670995671
2021-07-27 03:00:00+00:00,0.0705820582058205,0.0,0.031694468832309,0.5584415584415584
2021-07-27 03:15:00+00:00,0.07199782478247815,0.0,0.0298068481123792,0.5670995670995671
2021-07-27 03:30:00+00:00,0.0734135913591358,0.0,0.0279192273924494,0.5757575757575757
2021-07-27 03:45:00+00:00,0.07482935793579351,0.0,0.02603160667251965,0.5844155844155844
2021-07-27 04:00:00+00:00,0.0762451245124512,0.0,0.0241439859525899,0.5930735930735931
2021-07-27 04:15:00+00:00,0.0776983948394839,0.0,0.027370500438981447,0.5948051948051948
2021-07-27 04:30:00+00:00,0.0791516651665166,0.0,0.030597014925373,0.5965367965367965
2021-07-27 04:45:00+00:00,0.0806049354935493,0.0,0.0338235294117646,0.5982683982683983
2021-07-27 05:00:00+00:00,0.082058205820582,0.0,0.0370500438981562,0.6
2021-07-27 05:15:00+00:00,0.08225510051005094,0.0,0.08189201053555739,0.6093073593073592
2021-07-27 05:30:00+00:00,0.0824519951995199,0.0,0.1267339771729586,0.6186147186147186
2021-07-27 05:45:00+00:00,0.08264888988898886,0.0,0.17157594381035984,0.627922077922078
2021-07-27 06:00:00+00:00,0.0828457845784578,0.0,0.2164179104477611,0.6372294372294373
2021-07-27 06:15:00+00:00,0.08135501050105,0.0,0.2965539947322212,0.6471861471861472
2021-07-27 06:30:00+00:00,0.0798642364236422,0.0,0.3766900790166813,0.6571428571428571
2021-07-27 06:45:00+00:00,0.07837346234623449,0.0,0.45682616330114134,0.6670995670995671
2021-07-27 07:00:00+00:00,0.0768826882688268,0.0,0.5369622475856014,0.677056277056277
2021-07-27 07:15:00+00:00,0.0770889588958895,0.0,0.5975197541703248,0.6779220779220778
2021-07-27 07:30:00+00:00,0.0772952295229522,0.0,0.6580772607550482,0.6787878787878787
2021-07-27 07:45:00+00:00,0.07750150015001495,0.0,0.7186347673397717,0.6796536796536796
2021-07-27 08:00:00+00:00,0.0777077707770777,0.0,0.7791922739244952,0.6805194805194805
2021-07-27 08:15:00+00:00,0.08119561956195616,0.0,0.804982440737489,0.6766233766233767
2021-07-27 08:30:00+00:00,0.0846834683468346,0.0,0.8307726075504829,0.6727272727272727
2021-07-27 08:45:00+00:00,0.0881713171317131,0.0,0.8565627743634767,0.6688311688311688
2021-07-27 09:00:00+00:00,0.0916591659165916,0.0,0.8823529411764706,0.6649350649350649
2021-07-27 09:15:00+00:00,0.0980160516051604,0.0,0.8946883230904301,0.6621212121212121
2021-07-27 09:30:00+00:00,0.1043729372937292,0.0,0.9070237050043898,0.6593073593073593
2021-07-27 09:45:00+00:00,0.11072982298229811,0.0,0.9193590869183494,0.6564935064935065
2021-07-27 10:00:00+00:00,0.117086708670867,0.0,0.931694468832309,0.6536796536796536
2021-07-27 10:15:00+00:00,0.12298417341734164,0.0,0.9372475856014046,0.6474025974025974
2021-07-27 10:30:00+00:00,0.1288816381638163,0.0,0.9428007023705004,0.6411255411255411
2021-07-27 10:45:00+00:00,0.13477910291029094,0.0,0.9483538191395962,0.6348484848484848
2021-07-27 11:00:00+00:00,0.1406765676567656,0.0,0.9539069359086918,0.6285714285714286
2021-07-27 11:15:00+00:00,0.14308618361836173,0.0,0.9520632133450395,0.6285714285714286
2021-07-27 11:30:00+00:00,0.1454957995799579,0.0,0.9502194907813872,0.6285714285714286
2021-07-27 11:45:00+00:00,0.1479054155415541,0.0,0.948375768217735,0.6285714285714286
2021-07-27 12:00:00+00:00,0.1503150315031503,0.0,0.9465320456540826,0.6285714285714286
2021-07-27 12:15:00+00:00,0.1524996249624962,0.0,0.9377963125548727,0.6251082251082251
2021-07-27 12:30:00+00:00,0.1546842184218421,0.0,0.9290605794556628,0.6216450216450216
2021-07-27 12:45:00+00:00,0.15686881188118806,0.0,0.9203248463564531,0.6181818181818182
2021-07-27 13:00:00+00:00,0.159053405340534,0.0,0.9115891132572432,0.6147186147186147
2021-07-27 13:15:00+00:00,0.16162241224122403,0.0,0.8983977172958736,0.6073593073593073
2021-07-27 13:30:00+00:00,0.1641914191419141,0.0,0.8852063213345039,0.6
2021-07-27 13:45:00+00:00,0.16676042604260422,0.0,0.8720149253731343,0.5926406926406926
2021-07-27 14:00:00+00:00,0.1693294329432943,0.0,0.8588235294117647,0.5852813852813853
2021-07-27 14:15:00+00:00,0.17474872487248722,0.0,0.8448419666374012,0.5792207792207793
2021-07-27 14:30:00+00:00,0.1801680168016801,0.0,0.8308604038630377,0.5731601731601732
2021-07-27 14:45:00+00:00,0.18558730873087304,0.0,0.8168788410886743,0.5670995670995671
2021-07-27 15:00:00+00:00,0.191006600660066,0.0,0.8028972783143108,0.561038961038961
2021-07-27 15:15:00+00:00,0.1982073207320732,0.0,0.7772827041264267,0.5655844155844155
2021-07-27 15:30:00+00:00,0.2054080408040804,0.0,0.7516681299385426,0.57012987012987
2021-07-27 15:45:00+00:00,0.2126087608760876,0.0,0.7260535557506586,0.5746753246753247
2021-07-27 16:00:00+00:00,0.2198094809480948,0.0,0.7004389815627744,0.5792207792207792
2021-07-27 16:15:00+00:00,0.2285572307230723,0.0,0.6576821773485514,0.5878787878787879
2021-07-27 16:30:00+00:00,0.2373049804980498,0.0,0.6149253731343284,0.5965367965367965
2021-07-27 16:45:00+00:00,0.24605273027302732,0.0,0.5721685689201054,0.6051948051948052
2021-07-27 17:00:00+00:00,0.2548004800480048,0.0,0.5294117647058824,0.6138528138528139
2021-07-27 17:15:00+00:00,0.2654046654665466,0.0,0.46229148375768214,0.6166666666666667
2021-07-27 17:30:00+00:00,0.2760088508850885,0.0,0.395171202809482,0.6194805194805195
2021-07-27 17:45:00+00:00,0.28661303630363033,0.0,0.3280509218612818,0.6222943722943723
2021-07-27 18:00:00+00:00,0.2972172217221722,0.0,0.2609306409130816,0.6251082251082251
2021-07-27 18:15:00+00:00,0.2965890339033903,0.0,0.2180860403863037,0.63008658008658
2021-07-27 18:30:00+00:00,0.2959608460846084,0.0,0.1752414398595258,0.6350649350649351
2021-07-27 18:45:00+00:00,0.29533265826582655,0.0,0.13239683933274796,0.6400432900432901
2021-07-27 19:00:00+00:00,0.2947044704470447,0.0,0.0895522388059701,0.645021645021645
2021-07-27 19:15:00+00:00,0.30359285928592855,0.0,0.08257243195785771,0.638961038961039
2021-07-27 19:30:00+00:00,0.3124812481248124,0.0,0.0755926251097453,0.6329004329004329
2021-07-27 19:45:00+00:00,0.3213696369636963,0.0,0.06861281826163296,0.6268398268398268
2021-07-27 20:00:00+00:00,0.3302580258025802,0.0,0.0616330114135206,0.6207792207792208
2021-07-27 20:15:00+00:00,0.3324613711371136,0.0,0.060667251975416996,0.6134199134199134
2021-07-27 20:30:00+00:00,0.3346647164716471,0.0,0.0597014925373134,0.6060606060606061
2021-07-27 20:45:00+00:00,0.33686806180618056,0.0,0.0587357330992098,0.5987012987012987
2021-07-27 21:00:00+00:00,0.3390714071407141,0.0,0.0577699736611062,0.5913419913419914
2021-07-27 21:15:00+00:00,0.33827445244524457,0.0,0.058252853380157996,0.5863636363636364
2021-07-27 21:30:00+00:00,0.337477497749775,0.0,0.0587357330992098,0.5813852813852813
2021-07-27 21:45:00+00:00,0.3366805430543054,0.0,0.0592186128182616,0.5764069264069264
2021-07-27 22:00:00+00:00,0.3358835883588358,0.0,0.0597014925373134,0.5714285714285714
2021-07-27 22:15:00+00:00,0.3332770777077707,0.0,0.059723441615452094,0.5677489177489178
2021-07-27 22:30:00+00:00,0.3306705670567056,0.0,0.0597453906935908,0.564069264069264
2021-07-27 22:45:00+00:00,0.3280640564056405,0.0,0.059767339771729544,0.5603896103896104
2021-07-27 23:00:00+00:00,0.3254575457545755,0.0,0.0597892888498683,0.5567099567099567
2021-07-27 23:15:00+00:00,0.3214446444644464,0.0,0.059723441615452094,0.5536796536796537
2021-07-27 23:30:00+00:00,0.3174317431743174,0.0,0.0596575943810359,0.5506493506493506
2021-07-27 23:45:00+00:00,0.3134188418841884,0.0,0.059591747146619745,0.5476190476190477
2021-07-28 00:00:00+00:00,0.3094059405940594,0.0,0.0595258999122036,0.5445887445887446
2021-07-28 00:15:00+00:00,0.3061899939993999,0.0,0.0594381035996487,0.543939393939394
2021-07-28 00:30:00+00:00,0.3029740474047404,0.0,0.0593503072870938,0.5432900432900434
2021-07-28 00:45:00+00:00,0.2997581008100809,0.0,0.059262510974538996,0.5426406926406927
2021-07-28 01:00:00+00:00,0.2965421542154215,0.0,0.0591747146619842,0.541991341991342
2021-07-28 01:15:00+00:00,0.2931855685568556,0.0,0.058165057067603096,0.5409090909090909
2021-07-28 01:30:00+00:00,0.2898289828982898,0.0,0.057155399473222,0.5398268398268398
2021-07-28 01:45:00+00:00,0.28647239723972395,0.0,0.056145741878841,0.5387445887445887
2021-07-28 02:00:00+00:00,0.2831158115811581,0.0,0.05513608428446,0.5376623376623376
2021-07-28 02:15:00+00:00,0.2806405640564056,0.0,0.0525021949078138,0.5365800865800865
2021-07-28 02:30:00+00:00,0.2781653165316531,0.0,0.0498683055311676,0.5354978354978355
2021-07-28 02:45:00+00:00,0.27569006900690063,0.0,0.04723441615452145,0.5344155844155845
2021-07-28 03:00:00+00:00,0.2732148214821482,0.0,0.0446005267778753,0.5333333333333333
2021-07-28 03:15:00+00:00,0.268076807680768,0.0,0.04104477611940295,0.5378787878787878
2021-07-28 03:30:00+00:00,0.2629387938793879,0.0,0.0374890254609306,0.5424242424242425
2021-07-28 03:45:00+00:00,0.2578007800780078,0.0,0.03393327480245825,0.546969696969697
2021-07-28 04:00:00+00:00,0.2526627662766276,0.0,0.0303775241439859,0.5515151515151515
2021-07-28 04:15:00+00:00,0.24612773777377728,0.0,0.03237489025460925,0.55995670995671
2021-07-28 04:30:00+00:00,0.239592709270927,0.0,0.0343722563652326,0.5683982683982685
2021-07-28 04:45:00+00:00,0.23305768076807676,0.0,0.03636962247585595,0.5768398268398269
2021-07-28 05:00:00+00:00,0.2265226522652265,0.0,0.0383669885864793,0.5852813852813853
2021-07-28 05:15:00+00:00,0.21566531653165316,0.0,0.08105794556628615,0.5863636363636364
2021-07-28 05:30:00+00:00,0.2048079807980798,0.0,0.123748902546093,0.5874458874458874
2021-07-28 05:45:00+00:00,0.19395064506450643,0.0,0.16643985952589985,0.5885281385281385
2021-07-28 06:00:00+00:00,0.1830933093309331,0.0,0.2091308165057067,0.5896103896103896
2021-07-28 06:15:00+00:00,0.1730235523552355,0.0,0.2887401229148375,0.604112554112554
2021-07-28 06:30:00+00:00,0.1629537953795379,0.0,0.3683494293239684,0.6186147186147186
2021-07-28 06:45:00+00:00,0.15288403840384035,0.0,0.44795873573309924,0.6331168831168832
2021-07-28 07:00:00+00:00,0.1428142814281428,0.0,0.5275680421422301,0.6476190476190476
2021-07-28 07:15:00+00:00,0.13138501350135004,0.0,0.5870280948200176,0.6653679653679654
2021-07-28 07:30:00+00:00,0.1199557455745573,0.0,0.6464881474978051,0.6831168831168831
2021-07-28 07:45:00+00:00,0.10852647764776464,0.0,0.7059482001755927,0.7008658008658009
2021-07-28 08:00:00+00:00,0.097097209720972,0.0,0.7654082528533802,0.7186147186147186
2021-07-28 08:15:00+00:00,0.09149977497749764,0.0,0.7901668129938544,0.7220779220779221
2021-07-28 08:30:00+00:00,0.0859023402340233,0.0,0.8149253731343284,0.7255411255411255
2021-07-28 08:45:00+00:00,0.080304905490549,0.0,0.8396839332748025,0.729004329004329
2021-07-28 09:00:00+00:00,0.0747074707470747,0.0,0.8644424934152766,0.7324675324675325
2021-07-28 09:15:00+00:00,0.07494186918691866,0.0,0.878884986830553,0.7300865800865801
2021-07-28 09:30:00+00:00,0.0751762676267626,0.0,0.8933274802458296,0.7277056277056277
2021-07-28 09:45:00+00:00,0.0754106660666066,0.0,0.9077699736611062,0.7253246753246754
2021-07-28 10:00:00+00:00,0.0756450645064506,0.0,0.9222124670763828,0.7229437229437229
2021-07-28 10:15:00+00:00,0.0802767776777677,0.0,0.9297190517998244,0.7225108225108225
2021-07-28 10:30:00+00:00,0.0849084908490848,0.0,0.937225636523266,0.7220779220779221
2021-07-28 10:45:00+00:00,0.08954020402040196,0.0,0.9447322212467075,0.7216450216450216
2021-07-28 11:00:00+00:00,0.0941719171917191,0.0,0.9522388059701492,0.7212121212121212
2021-07-28 11:15:00+00:00,0.09916929192919285,0.0,0.9547848990342405,0.7220779220779221
2021-07-28 11:30:00+00:00,0.1041666666666666,0.0,0.9573309920983316,0.722943722943723
2021-07-28 11:45:00+00:00,0.10916404140414035,0.0,0.959877085162423,0.7238095238095239
2021-07-28 12:00:00+00:00,0.1141614161416141,0.0,0.9624231782265144,0.7246753246753247
2021-07-28 12:15:00+00:00,0.11900877587758771,0.0,0.9599429323968391,0.7162337662337663
2021-07-28 12:30:00+00:00,0.1238561356135613,0.0,0.957462686567164,0.7077922077922079
2021-07-28 12:45:00+00:00,0.1287034953495349,0.0,0.954982440737489,0.6993506493506494
2021-07-28 13:00:00+00:00,0.1335508550855085,0.0,0.9525021949078138,0.6909090909090909
2021-07-28 13:15:00+00:00,0.13803255325532546,0.0,0.9439420544337138,0.6833333333333333
2021-07-28 13:30:00+00:00,0.1425142514251424,0.0,0.9353819139596138,0.6757575757575758
2021-07-28 13:45:00+00:00,0.1469959495949594,0.0,0.9268217734855138,0.6681818181818182
2021-07-28 14:00:00+00:00,0.1514776477647764,0.0,0.9182616330114136,0.6606060606060606
2021-07-28 14:15:00+00:00,0.1581908190819081,0.0,0.9027436347673399,0.6551948051948052
2021-07-28 14:30:00+00:00,0.1649039903990398,0.0,0.887225636523266,0.6497835497835498
2021-07-28 14:45:00+00:00,0.17161716171617156,0.0,0.8717076382791923,0.6443722943722944
2021-07-28 15:00:00+00:00,0.1783303330333033,0.0,0.8561896400351185,0.638961038961039
2021-07-28 15:15:00+00:00,0.1877156465646564,0.0,0.827655838454785,0.6313852813852814
2021-07-28 15:30:00+00:00,0.1971009600960095,0.0,0.7991220368744513,0.6238095238095238
2021-07-28 15:45:00+00:00,0.20648627362736266,0.0,0.7705882352941177,0.6162337662337662
2021-07-28 16:00:00+00:00,0.2158715871587158,0.0,0.742054433713784,0.6086580086580087
2021-07-28 16:15:00+00:00,0.22407553255325524,0.0,0.6957857769973661,0.608008658008658
2021-07-28 16:30:00+00:00,0.2322794779477947,0.0,0.6495171202809482,0.6073593073593073
2021-07-28 16:45:00+00:00,0.2404834233423342,0.0,0.6032484635645303,0.6067099567099568
2021-07-28 17:00:00+00:00,0.2486873687368737,0.0,0.5569798068481123,0.6060606060606061
2021-07-28 17:15:00+00:00,0.2558505850585058,0.0,0.4817383669885864,0.6080086580086581
2021-07-28 17:30:00+00:00,0.2630138013801379,0.0,0.4064969271290605,0.60995670995671
2021-07-28 17:45:00+00:00,0.2701770177017701,0.0,0.3312554872695346,0.611904761904762
2021-07-28 18:00:00+00:00,0.2773402340234023,0.0,0.2560140474100087,0.6138528138528139
2021-07-28 18:15:00+00:00,0.28230010501050096,0.0,0.21174275680421417,0.6183982683982684
2021-07-28 18:30:00+00:00,0.2872599759975996,0.0,0.1674714661984196,0.6229437229437229
2021-07-28 18:45:00+00:00,0.2922198469846984,0.0,0.12320017559262506,0.6274891774891775
2021-07-28 19:00:00+00:00,0.2971797179717971,0.0,0.0789288849868305,0.6320346320346321
2021-07-28 19:15:00+00:00,0.30253337833783367,0.0,0.0728050921861281,0.627922077922078
2021-07-28 19:30:00+00:00,0.3078870387038703,0.0,0.0666812993854257,0.6238095238095238
2021-07-28 19:45:00+00:00,0.3132406990699069,0.0,0.06055750658472335,0.6196969696969696
2021-07-28 20:00:00+00:00,0.3185943594359436,0.0,0.054433713784021,0.6155844155844156
2021-07-28 20:15:00+00:00,0.31885688568856885,0.0,0.0553116769095697,0.6151515151515152
2021-07-28 20:30:00+00:00,0.3191194119411941,0.0,0.0561896400351184,0.6147186147186148
2021-07-28 20:45:00+00:00,0.3193819381938193,0.0,0.057067603160667155,0.6142857142857143
2021-07-28 21:00:00+00:00,0.3196444644464446,0.0,0.0579455662862159,0.6138528138528139
2021-07-28 21:15:00+00:00,0.3170473297329732,0.0,0.05847234416154515,0.6088744588744589
2021-07-28 21:30:00+00:00,0.3144501950195019,0.0,0.0589991220368744,0.6038961038961039
2021-07-28 21:45:00+00:00,0.31185306030603055,0.0,0.05952589991220365,0.598917748917749
2021-07-28 22:00:00+00:00,0.3092559255925592,0.0,0.0600526777875329,0.593939393939394
2021-07-28 22:15:00+00:00,0.3043429342934293,0.0,0.0600526777875329,0.5904761904761905
2021-07-28 22:30:00+00:00,0.2994299429942993,0.0,0.0600526777875329,0.587012987012987
2021-07-28 22:45:00+00:00,0.29451695169516945,0.0,0.0600526777875329,0.5835497835497836
2021-07-28 23:00:00+00:00,0.2896039603960396,0.0,0.0600526777875329,0.5800865800865801
2021-07-28 23:15:00+00:00,0.28389401440144013,0.0,0.06000877963125545,0.5805194805194804
2021-07-28 23:30:00+00:00,0.2781840684068407,0.0,0.059964881474978,0.5809523809523809
2021-07-28 23:45:00+00:00,0.2724741224122412,0.0,0.05992098331870055,0.5813852813852813
2021-07-29 00:00:00+00:00,0.2667641764176418,0.0,0.0598770851624231,0.5818181818181818
2021-07-29 00:15:00+00:00,0.2598072307230723,0.0,0.0598551360842844,0.5798701298701299
2021-07-29 00:30:00+00:00,0.2528502850285028,0.0,0.0598331870061457,0.577922077922078
2021-07-29 00:45:00+00:00,0.24589333933393334,0.0,0.059811237928006994,0.575974025974026
2021-07-29 01:00:00+00:00,0.2389363936393639,0.0,0.0597892888498683,0.574025974025974
2021-07-29 01:15:00+00:00,0.23205445544554448,0.0,0.05963564530289725,0.5761904761904761
2021-07-29 01:30:00+00:00,0.2251725172517251,0.0,0.0594820017559262,0.5783549783549784
2021-07-29 01:45:00+00:00,0.21829057905790575,0.0,0.0593283582089552,0.5805194805194805
2021-07-29 02:00:00+00:00,0.2114086408640864,0.0,0.0591747146619842,0.5826839826839827
2021-07-29 02:15:00+00:00,0.20545492049204916,0.0,0.0574187884108867,0.583982683982684
2021-07-29 02:30:00+00:00,0.1995012001200119,0.0,0.0556628621597892,0.5852813852813853
2021-07-29 02:45:00+00:00,0.1935474797479747,0.0,0.05390693590869175,0.5865800865800865
2021-07-29 03:00:00+00:00,0.1875937593759375,0.0,0.0521510096575943,0.5878787878787879
2021-07-29 03:15:00+00:00,0.18361836183618352,0.0,0.04719051799824395,0.6045454545454545
2021-07-29 03:30:00+00:00,0.1796429642964295,0.0,0.0422300263388936,0.6212121212121212
2021-07-29 03:45:00+00:00,0.17566756675667555,0.0,0.037269534679543345,0.6378787878787879
2021-07-29 04:00:00+00:00,0.1716921692169216,0.0,0.0323090430201931,0.6545454545454545
2021-07-29 04:15:00+00:00,0.16993886888688858,0.0,0.032418788410886704,0.666017316017316
2021-07-29 04:30:00+00:00,0.1681855685568556,0.0,0.0325285338015803,0.6774891774891775
2021-07-29 04:45:00+00:00,0.16643226822682258,0.0,0.0326382791922739,0.688961038961039
2021-07-29 05:00:00+00:00,0.1646789678967896,0.0,0.0327480245829675,0.7004329004329004
2021-07-29 05:15:00+00:00,0.15986911191119105,0.0,0.0710711150131694,0.7023809523809523
2021-07-29 05:30:00+00:00,0.1550592559255925,0.0,0.1093942054433713,0.7043290043290042
2021-07-29 05:45:00+00:00,0.15024939993999395,0.0,0.14771729587357324,0.7062770562770562
2021-07-29 06:00:00+00:00,0.1454395439543954,0.0,0.1860403863037752,0.7082251082251082
2021-07-29 06:15:00+00:00,0.1413328832883288,0.0,0.2628841088674275,0.7145021645021645
2021-07-29 06:30:00+00:00,0.1372262226222622,0.0,0.3397278314310799,0.7207792207792207
2021-07-29 06:45:00+00:00,0.1331195619561956,0.0,0.4165715539947322,0.727056277056277
2021-07-29 07:00:00+00:00,0.129012901290129,0.0,0.4934152765583846,0.7333333333333333
2021-07-29 07:15:00+00:00,0.1287503750375037,0.0,0.5615232660228271,0.7313852813852812
2021-07-29 07:30:00+00:00,0.1284878487848784,0.0,0.6296312554872696,0.7294372294372293
2021-07-29 07:45:00+00:00,0.12822532253225316,0.0,0.6977392449517121,0.7274891774891774
2021-07-29 08:00:00+00:00,0.1279627962796279,0.0,0.7658472344161545,0.7255411255411255
2021-07-29 08:15:00+00:00,0.1272408490849084,0.0,0.7962906057945567,0.7214285714285714
2021-07-29 08:30:00+00:00,0.1265189018901889,0.0,0.8267339771729587,0.7173160173160174
2021-07-29 08:45:00+00:00,0.12579695469546948,0.0,0.8571773485513609,0.7132034632034632
2021-07-29 09:00:00+00:00,0.12507500750075,0.0,0.887620719929763,0.7090909090909091
2021-07-29 09:15:00+00:00,0.12540316531653156,0.0,0.9016900790166813,0.7
2021-07-29 09:30:00+00:00,0.1257313231323131,0.0,0.9157594381035996,0.6909090909090909
2021-07-29 09:45:00+00:00,0.12605948094809472,0.0,0.929828797190518,0.6818181818181819
2021-07-29 10:00:00+00:00,0.1263876387638763,0.0,0.9438981562774365,0.6727272727272727
2021-07-29 10:15:00+00:00,0.1318069306930692,0.0,0.9528753292361721,0.6642857142857144
2021-07-29 10:30:00+00:00,0.1372262226222621,0.0,0.9618525021949078,0.6558441558441559
2021-07-29 10:45:00+00:00,0.14264551455145505,0.0,0.9708296751536435,0.6474025974025974
2021-07-29 11:00:00+00:00,0.148064806480648,0.0,0.9798068481123792,0.638961038961039
2021-07-29 11:15:00+00:00,0.15336221122112204,0.0,0.9813871817383668,0.6354978354978355
2021-07-29 11:30:00+00:00,0.1586596159615961,0.0,0.9829675153643546,0.632034632034632
2021-07-29 11:45:00+00:00,0.16395702070207016,0.0,0.9845478489903423,0.6285714285714286
2021-07-29 12:00:00+00:00,0.1692544254425442,0.0,0.98612818261633,0.6251082251082251
2021-07-29 12:15:00+00:00,0.1747674767476747,0.0,0.9835381913959613,0.61991341991342
2021-07-29 12:30:00+00:00,0.1802805280528052,0.0,0.9809482001755926,0.6147186147186148
2021-07-29 12:45:00+00:00,0.18579357935793575,0.0,0.9783582089552239,0.6095238095238096
2021-07-29 13:00:00+00:00,0.1913066306630663,0.0,0.9757682177348552,0.6043290043290044
2021-07-29 13:15:00+00:00,0.19381000600060005,0.0,0.9657155399473223,0.6021645021645022
2021-07-29 13:30:00+00:00,0.1963133813381338,0.0,0.9556628621597894,0.6000000000000001
2021-07-29 13:45:00+00:00,0.19881675667566756,0.0,0.9456101843722564,0.5978354978354978
2021-07-29 14:00:00+00:00,0.2013201320132013,0.0,0.9355575065847236,0.5956709956709957
2021-07-29 14:15:00+00:00,0.20444231923192313,0.0,0.9185250219490781,0.5889610389610389
2021-07-29 14:30:00+00:00,0.207564506450645,0.0,0.9014925373134328,0.5822510822510822
2021-07-29 14:45:00+00:00,0.2106866936693669,0.0,0.8844600526777875,0.5755411255411256
2021-07-29 15:00:00+00:00,0.2138088808880888,0.0,0.8674275680421423,0.5688311688311688
2021-07-29 15:15:00+00:00,0.2191625412541254,0.0,0.8394205443371379,0.5658008658008657
2021-07-29 15:30:00+00:00,0.224516201620162,0.0,0.8114135206321335,0.5627705627705628
2021-07-29 15:45:00+00:00,0.2298698619861986,0.0,0.783406496927129,0.5597402597402598
2021-07-29 16:00:00+00:00,0.2352235223522352,0.0,0.7553994732221246,0.5567099567099567
2021-07-29 16:15:00+00:00,0.23572982298229817,0.0,0.7051799824407374,0.564069264069264
2021-07-29 16:30:00+00:00,0.2362361236123611,0.0,0.6549604916593503,0.5714285714285714
2021-07-29 16:45:00+00:00,0.23674242424242414,0.0,0.6047410008779631,0.5787878787878789
2021-07-29 17:00:00+00:00,0.2372487248724872,0.0,0.5545215100965759,0.5861471861471862
2021-07-29 17:15:00+00:00,0.23293579357935784,0.0,0.47978489903424054,0.6093073593073594
2021-07-29 17:30:00+00:00,0.2286228622862285,0.0,0.4050482879719052,0.6324675324675325
2021-07-29 17:45:00+00:00,0.22430993099309926,0.0,0.33031167690956975,0.6556277056277057
2021-07-29 18:00:00+00:00,0.21999699969997,0.0,0.2555750658472344,0.6787878787878788
2021-07-29 18:15:00+00:00,0.21590909090909088,0.0,0.21356453028972777,0.687878787878788
2021-07-29 18:30:00+00:00,0.2118211821182118,0.0,0.1715539947322212,0.696969696969697
2021-07-29 18:45:00+00:00,0.2077332733273327,0.0,0.1295434591747146,0.706060606060606
2021-07-29 19:00:00+00:00,0.2036453645364536,0.0,0.087532923617208,0.7151515151515152
2021-07-29 19:15:00+00:00,0.20515489048904884,0.0,0.0816505706760315,0.7145021645021645
2021-07-29 19:30:00+00:00,0.2066644164416441,0.0,0.075768217734855,0.713852813852814
2021-07-29 19:45:00+00:00,0.20817394239423936,0.0,0.06988586479367855,0.7132034632034633
2021-07-29 20:00:00+00:00,0.2096834683468346,0.0,0.0640035118525021,0.7125541125541126
2021-07-29 20:15:00+00:00,0.2076957695769576,0.0,0.0637401229148375,0.6989177489177489
2021-07-29 20:30:00+00:00,0.2057080708070806,0.0,0.0634767339771729,0.6852813852813853
2021-07-29 20:45:00+00:00,0.20372037203720364,0.0,0.0632133450395083,0.6716450216450217
2021-07-29 21:00:00+00:00,0.2017326732673267,0.0,0.0629499561018437,0.658008658008658
2021-07-29 21:15:00+00:00,0.20377662766276625,0.0,0.06288410886742754,0.6545454545454545
2021-07-29 21:30:00+00:00,0.2058205820582058,0.0,0.0628182616330114,0.6510822510822512
2021-07-29 21:45:00+00:00,0.20786453645364533,0.0,0.06275241439859525,0.6476190476190476
2021-07-29 22:00:00+00:00,0.2099084908490849,0.0,0.0626865671641791,0.6441558441558441
2021-07-29 22:15:00+00:00,0.20699257425742568,0.0,0.0626207199297629,0.6326839826839827
2021-07-29 22:30:00+00:00,0.2040766576657665,0.0,0.0625548726953467,0.6212121212121212
2021-07-29 22:45:00+00:00,0.20116074107410736,0.0,0.06248902546093055,0.6097402597402597
2021-07-29 23:00:00+00:00,0.1982448244824482,0.0,0.0624231782265144,0.5982683982683983
2021-07-29 23:15:00+00:00,0.19622899789978995,0.0,0.061830553116769,0.603030303030303
2021-07-29 23:30:00+00:00,0.1942131713171317,0.0,0.0612379280070236,0.6077922077922078
2021-07-29 23:45:00+00:00,0.19219734473447345,0.0,0.06064530289727825,0.6125541125541125
2021-07-30 00:00:00+00:00,0.1901815181518152,0.0,0.0600526777875329,0.6173160173160173
2021-07-30 00:15:00+00:00,0.1868718121812181,0.0,0.05845039508340645,0.6067099567099566
2021-07-30 00:30:00+00:00,0.183562106210621,0.0,0.05684811237928,0.596103896103896
2021-07-30 00:45:00+00:00,0.18025240024002395,0.0,0.0552458296751536,0.5854978354978355
2021-07-30 01:00:00+00:00,0.1769426942694269,0.0,0.0536435469710272,0.5748917748917749
2021-07-30 01:15:00+00:00,0.17537691269126904,0.0,0.0523485513608428,0.5748917748917749
2021-07-30 01:30:00+00:00,0.1738111311131112,0.0,0.0510535557506584,0.5748917748917749
2021-07-30 01:45:00+00:00,0.1722453495349534,0.0,0.04975856014047405,0.5748917748917749
2021-07-30 02:00:00+00:00,0.1706795679567956,0.0,0.0484635645302897,0.5748917748917749
2021-07-30 02:15:00+00:00,0.17195469546954684,0.0,0.0474319578577699,0.5757575757575757
2021-07-30 02:30:00+00:00,0.1732298229822981,0.0,0.0464003511852501,0.5766233766233766
2021-07-30 02:45:00+00:00,0.1745049504950494,0.0,0.0453687445127304,0.5774891774891775
2021-07-30 03:00:00+00:00,0.1757800780078007,0.0,0.0443371378402107,0.5783549783549784
2021-07-30 03:15:00+00:00,0.17551755175517547,0.0,0.0404741000877963,0.5850649350649351
2021-07-30 03:30:00+00:00,0.1752550255025502,0.0,0.0366110623353819,0.5917748917748917
2021-07-30 03:45:00+00:00,0.17499249924992494,0.0,0.0327480245829675,0.5984848484848484
2021-07-30 04:00:00+00:00,0.1747299729972997,0.0,0.0288849868305531,0.6051948051948052
2021-07-30 04:15:00+00:00,0.17210471047104703,0.0,0.029587357330992048,0.6201298701298701
2021-07-30 04:30:00+00:00,0.1694794479447944,0.0,0.030289727831431,0.635064935064935
2021-07-30 04:45:00+00:00,0.1668541854185418,0.0,0.03099209833187,0.6499999999999999
2021-07-30 05:00:00+00:00,0.1642289228922892,0.0,0.031694468832309,0.6649350649350649
2021-07-30 05:15:00+00:00,0.15644689468946887,0.0,0.074451273046532,0.6748917748917749
2021-07-30 05:30:00+00:00,0.1486648664866486,0.0,0.117208077260755,0.6848484848484848
2021-07-30 05:45:00+00:00,0.14088283828382836,0.0,0.159964881474978,0.6948051948051948
2021-07-30 06:00:00+00:00,0.1331008100810081,0.0,0.202721685689201,0.7047619047619048
2021-07-30 06:15:00+00:00,0.12493436843684365,0.0,0.27785338015803324,0.7054112554112555
2021-07-30 06:30:00+00:00,0.1167679267926792,0.0,0.3529850746268655,0.706060606060606
2021-07-30 06:45:00+00:00,0.1086014851485148,0.0,0.42811676909569785,0.7067099567099567
2021-07-30 07:00:00+00:00,0.1004350435043504,0.0,0.5032484635645302,0.7073593073593074
2021-07-30 07:15:00+00:00,0.09673154815481544,0.0,0.5655179982440737,0.7106060606060606
2021-07-30 07:30:00+00:00,0.0930280528052805,0.0,0.6277875329236171,0.7138528138528139
2021-07-30 07:45:00+00:00,0.08932455745574554,0.0,0.6900570676031605,0.7170995670995671
2021-07-30 08:00:00+00:00,0.0856210621062106,0.0,0.7523266022827041,0.7203463203463204
2021-07-30 08:15:00+00:00,0.08687743774377435,0.0,0.7839991220368745,0.7216450216450216
2021-07-30 08:30:00+00:00,0.0881338133813381,0.0,0.8156716417910448,0.722943722943723
2021-07-30 08:45:00+00:00,0.08939018901890186,0.0,0.8473441615452151,0.7242424242424242
2021-07-30 09:00:00+00:00,0.0906465646564656,0.0,0.8790166812993854,0.7255411255411255
2021-07-30 09:15:00+00:00,0.09299054905490545,0.0,0.8952151009657594,0.7218614718614719
2021-07-30 09:30:00+00:00,0.0953345334533453,0.0,0.9114135206321334,0.7181818181818181
2021-07-30 09:45:00+00:00,0.09767851785178516,0.0,0.9276119402985075,0.7145021645021645
2021-07-30 10:00:00+00:00,0.100022502250225,0.0,0.9438103599648816,0.7108225108225108
2021-07-30 10:15:00+00:00,0.10385726072607256,0.0,0.9538849868305532,0.7077922077922078
2021-07-30 10:30:00+00:00,0.1076920192019201,0.0,0.9639596136962248,0.7047619047619047
2021-07-30 10:45:00+00:00,0.1115267776777677,0.0,0.9740342405618965,0.7017316017316018
2021-07-30 11:00:00+00:00,0.1153615361536153,0.0,0.984108867427568,0.6987012987012987
2021-07-30 11:15:00+00:00,0.12504687968796874,0.0,0.9842844600526778,0.6987012987012987
2021-07-30 11:30:00+00:00,0.1347322232223222,0.0,0.9844600526777876,0.6987012987012987
2021-07-30 11:45:00+00:00,0.14441756675667566,0.0,0.9846356453028974,0.6987012987012987
2021-07-30 12:00:00+00:00,0.1541029102910291,0.0,0.9848112379280072,0.6987012987012987
2021-07-30 12:15:00+00:00,0.1651946444644464,0.0,0.981628621597893,0.6846320346320346
2021-07-30 12:30:00+00:00,0.1762863786378637,0.0,0.9784460052677788,0.6705627705627706
2021-07-30 12:45:00+00:00,0.18737811281128106,0.0,0.9752633889376646,0.6564935064935065
2021-07-30 13:00:00+00:00,0.1984698469846984,0.0,0.9720807726075504,0.6424242424242425
2021-07-30 13:15:00+00:00,0.210836708670867,0.0,0.9654302019315188,0.6298701298701299
2021-07-30 13:30:00+00:00,0.2232035703570356,0.0,0.9587796312554872,0.6173160173160173
2021-07-30 13:45:00+00:00,0.23557043204320427,0.0,0.9521290605794556,0.6047619047619047
2021-07-30 14:00:00+00:00,0.2479372937293729,0.0,0.945478489903424,0.5922077922077922
2021-07-30 14:15:00+00:00,0.2593290579057905,0.0,0.9303555750658472,0.587012987012987
2021-07-30 14:30:00+00:00,0.2707208220822082,0.0,0.9152326602282704,0.5818181818181818
2021-07-30 14:45:00+00:00,0.2821125862586259,0.0,0.9001097453906937,0.5766233766233766
2021-07-30 15:00:00+00:00,0.2935043504350435,0.0,0.8849868305531168,0.5714285714285714
2021-07-30 15:15:00+00:00,0.30616186618661867,0.0,0.8570676031606672,0.5699134199134199
2021-07-30 15:30:00+00:00,0.3188193819381938,0.0,0.8291483757682178,0.5683982683982685
2021-07-30 15:45:00+00:00,0.33147689768976896,0.0,0.8012291483757682,0.566883116883117
2021-07-30 16:00:00+00:00,0.3441344134413441,0.0,0.7733099209833187,0.5653679653679654
2021-07-30 16:15:00+00:00,0.354504200420042,0.0,0.7243634767339773,0.5699134199134199
2021-07-30 16:30:00+00:00,0.3648739873987399,0.0,0.6754170324846357,0.5744588744588746
2021-07-30 16:45:00+00:00,0.3752437743774377,0.0,0.6264705882352941,0.5790043290043291
2021-07-30 17:00:00+00:00,0.3856135613561356,0.0,0.5775241439859526,0.5835497835497836
2021-07-30 17:15:00+00:00,0.3872918541854185,0.0,0.5007682177348551,0.5911255411255412
2021-07-30 17:30:00+00:00,0.3889701470147014,0.0,0.4240122914837577,0.5987012987012987
2021-07-30 17:45:00+00:00,0.39064843984398434,0.0,0.34725636523266024,0.6062770562770563
2021-07-30 18:00:00+00:00,0.3923267326732673,0.0,0.2705004389815628,0.6138528138528139
2021-07-30 18:15:00+00:00,0.3867105460546054,0.0,0.22486830553116766,0.620995670995671
2021-07-30 18:30:00+00:00,0.3810943594359436,0.0,0.1792361720807725,0.6281385281385281
2021-07-30 18:45:00+00:00,0.37547817281728174,0.0,0.13360403863037745,0.6352813852813852
2021-07-30 19:00:00+00:00,0.3698619861986199,0.0,0.0879719051799824,0.6424242424242425
2021-07-30 19:15:00+00:00,0.3677992799279928,0.0,0.08079455662862155,0.6404761904761904
2021-07-30 19:30:00+00:00,0.3657365736573657,0.0,0.0736172080772607,0.6385281385281385
2021-07-30 19:45:00+00:00,0.3636738673867387,0.0,0.06643985952589986,0.6365800865800866
2021-07-30 20:00:00+00:00,0.3616111611161116,0.0,0.059262510974539,0.6346320346320347
2021-07-30 20:15:00+00:00,0.35991411641164117,0.0,0.05836259877085155,0.6309523809523809
2021-07-30 20:30:00+00:00,0.3582170717071707,0.0,0.0574626865671641,0.6272727272727272
2021-07-30 20:45:00+00:00,0.35652002700270025,0.0,0.05656277436347665,0.6235930735930736
2021-07-30 21:00:00+00:00,0.3548229822982298,0.0,0.0556628621597892,0.6199134199134199
2021-07-30 21:15:00+00:00,0.35810456045604555,0.0,0.05509218612818255,0.5991341991341992
2021-07-30 21:30:00+00:00,0.3613861386138614,0.0,0.0545215100965759,0.5783549783549784
2021-07-30 21:45:00+00:00,0.36466771677167714,0.0,0.053950834064969255,0.5575757575757576
2021-07-30 22:00:00+00:00,0.3679492949294929,0.0,0.0533801580333626,0.5367965367965368
2021-07-30 22:15:00+00:00,0.36066419141914186,0.0,0.05340210711150125,0.5326839826839826
2021-07-30 22:30:00+00:00,0.3533790879087908,0.0,0.0534240561896399,0.5285714285714286
2021-07-30 22:45:00+00:00,0.3460939843984398,0.0,0.05344600526777865,0.5244588744588745
2021-07-30 23:00:00+00:00,0.3388088808880888,0.0,0.0534679543459174,0.5203463203463203
2021-07-30 23:15:00+00:00,0.33281765676567654,0.0,0.05302897278314305,0.5203463203463203
2021-07-30 23:30:00+00:00,0.3268264326432643,0.0,0.0525899912203687,0.5203463203463203
2021-07-30 23:45:00+00:00,0.320835208520852,0.0,0.05215100965759435,0.5203463203463203
2021-07-31 00:00:00+00:00,0.3148439843984398,0.0,0.05171202809482,0.5203463203463203
2021-07-31 00:15:00+00:00,0.3112436243624362,0.0,0.0508999122036874,0.5207792207792208
2021-07-31 00:30:00+00:00,0.3076432643264326,0.0,0.0500877963125548,0.5212121212121212
2021-07-31 00:45:00+00:00,0.30404290429042896,0.0,0.04927568042142225,0.5216450216450217
2021-07-31 01:00:00+00:00,0.3004425442544254,0.0,0.0484635645302897,0.522077922077922
2021-07-31 01:15:00+00:00,0.30018001800180016,0.0,0.0473002633889376,0.522077922077922
2021-07-31 01:30:00+00:00,0.2999174917491749,0.0,0.0461369622475855,0.522077922077922
2021-07-31 01:45:00+00:00,0.2996549654965497,0.0,0.04497366110623345,0.522077922077922
2021-07-31 02:00:00+00:00,0.2993924392439244,0.0,0.0438103599648814,0.522077922077922
2021-07-31 02:15:00+00:00,0.29738598859885984,0.0,0.04339332748024575,0.5229437229437228
2021-07-31 02:30:00+00:00,0.2953795379537953,0.0,0.0429762949956101,0.5238095238095237
2021-07-31 02:45:00+00:00,0.2933730873087308,0.0,0.04255926251097445,0.5246753246753246
2021-07-31 03:00:00+00:00,0.2913666366636663,0.0,0.0421422300263388,0.5255411255411255
2021-07-31 03:15:00+00:00,0.29477010201020093,0.0,0.0403204565408252,0.5272727272727272
2021-07-31 03:30:00+00:00,0.2981735673567356,0.0,0.0384986830553116,0.5290043290043289
2021-07-31 03:45:00+00:00,0.3015770327032703,0.0,0.036676909569798,0.5307359307359307
2021-07-31 04:00:00+00:00,0.304980498049805,0.0,0.0348551360842844,0.5324675324675324
2021-07-31 04:15:00+00:00,0.3060399789978998,0.0,0.03470149253731335,0.5359307359307359
2021-07-31 04:30:00+00:00,0.3070994599459946,0.0,0.0345478489903423,0.5393939393939393
2021-07-31 04:45:00+00:00,0.30815894089408935,0.0,0.034394205443371295,0.5428571428571428
2021-07-31 05:00:00+00:00,0.3092184218421842,0.0,0.0342405618964003,0.5463203463203463
2021-07-31 05:15:00+00:00,0.30344284428442836,0.0,0.07170763827919219,0.5508658008658008
2021-07-31 05:30:00+00:00,0.2976672667266726,0.0,0.1091747146619841,0.5554112554112554
2021-07-31 05:45:00+00:00,0.29189168916891683,0.0,0.14664179104477604,0.55995670995671
2021-07-31 06:00:00+00:00,0.2861161116111611,0.0,0.184108867427568,0.5645021645021645
2021-07-31 06:15:00+00:00,0.28306893189318927,0.0,0.25399473222124663,0.5668831168831169
2021-07-31 06:30:00+00:00,0.2800217521752175,0.0,0.3238805970149253,0.5692640692640693
2021-07-31 06:45:00+00:00,0.2769745724572457,0.0,0.393766461808604,0.5716450216450216
2021-07-31 07:00:00+00:00,0.2739273927392739,0.0,0.4636523266022827,0.574025974025974
2021-07-31 07:15:00+00:00,0.27756525652565256,0.0,0.5146619841966638,0.5764069264069265
2021-07-31 07:30:00+00:00,0.2812031203120312,0.0,0.5656716417910448,0.5787878787878789
2021-07-31 07:45:00+00:00,0.28484098409840986,0.0,0.6166812993854258,0.5811688311688312
2021-07-31 08:00:00+00:00,0.2884788478847885,0.0,0.6676909569798068,0.5835497835497836
2021-07-31 08:15:00+00:00,0.29470447044704473,0.0,0.7018437225636524,0.5803030303030304
2021-07-31 08:30:00+00:00,0.3009300930093009,0.0,0.7359964881474979,0.5770562770562772
2021-07-31 08:45:00+00:00,0.3071557155715571,0.0,0.7701492537313432,0.5738095238095239
2021-07-31 09:00:00+00:00,0.3133813381338133,0.0,0.8043020193151887,0.5705627705627706
2021-07-31 09:15:00+00:00,0.31359698469846975,0.0,0.8238366988586479,0.567965367965368
2021-07-31 09:30:00+00:00,0.3138126312631262,0.0,0.8433713784021071,0.5653679653679654
2021-07-31 09:45:00+00:00,0.3140282778277827,0.0,0.8629060579455663,0.5627705627705628
2021-07-31 10:00:00+00:00,0.3142439243924392,0.0,0.8824407374890254,0.5601731601731602
2021-07-31 10:15:00+00:00,0.32022577257725765,0.0,0.8845039508340649,0.5603896103896103
2021-07-31 10:30:00+00:00,0.3262076207620761,0.0,0.8865671641791044,0.5606060606060606
2021-07-31 10:45:00+00:00,0.3321894689468946,0.0,0.888630377524144,0.5608225108225108
2021-07-31 11:00:00+00:00,0.3381713171317131,0.0,0.8906935908691835,0.561038961038961
2021-07-31 11:15:00+00:00,0.3417810531053105,0.0,0.8835601404741001,0.5601731601731601
2021-07-31 11:30:00+00:00,0.3453907890789078,0.0,0.8764266900790167,0.5593073593073593
2021-07-31 11:45:00+00:00,0.3490005250525052,0.0,0.8692932396839332,0.5584415584415585
2021-07-31 12:00:00+00:00,0.3526102610261026,0.0,0.8621597892888498,0.5575757575757576
2021-07-31 12:15:00+00:00,0.35934218421842185,0.0,0.8611062335381914,0.5551948051948052
2021-07-31 12:30:00+00:00,0.3660741074107411,0.0,0.8600526777875329,0.5528138528138529
2021-07-31 12:45:00+00:00,0.3728060306030603,0.0,0.8589991220368745,0.5504329004329005
2021-07-31 13:00:00+00:00,0.3795379537953795,0.0,0.857945566286216,0.548051948051948
2021-07-31 13:15:00+00:00,0.38810756075607555,0.0,0.8479148375768217,0.5471861471861472
2021-07-31 13:30:00+00:00,0.3966771677167716,0.0,0.8378841088674276,0.5463203463203463
2021-07-31 13:45:00+00:00,0.4052467746774677,0.0,0.8278533801580334,0.5454545454545454
2021-07-31 14:00:00+00:00,0.4138163816381638,0.0,0.8178226514486392,0.5445887445887446
2021-07-31 14:15:00+00:00,0.4123631113111311,0.0,0.8005048287971905,0.5463203463203463
2021-07-31 14:30:00+00:00,0.4109098409840984,0.0,0.7831870061457419,0.5480519480519481
2021-07-31 14:45:00+00:00,0.4094565706570657,0.0,0.7658691834942932,0.5497835497835498
2021-07-31 15:00:00+00:00,0.408003300330033,0.0,0.7485513608428446,0.5515151515151515
2021-07-31 15:15:00+00:00,0.4164697719771977,0.0,0.7126865671641791,0.556060606060606
2021-07-31 15:30:00+00:00,0.4249362436243624,0.0,0.6768217734855135,0.5606060606060606
2021-07-31 15:45:00+00:00,0.4334027152715271,0.0,0.6409569798068481,0.5651515151515152
2021-07-31 16:00:00+00:00,0.4418691869186918,0.0,0.6050921861281826,0.5696969696969697
2021-07-31 16:15:00+00:00,0.44270364536453644,0.0,0.559262510974539,0.5772727272727273
2021-07-31 16:30:00+00:00,0.443538103810381,0.0,0.5134328358208955,0.5848484848484848
2021-07-31 16:45:00+00:00,0.44437256225622557,0.0,0.46760316066725194,0.5924242424242424
2021-07-31 17:00:00+00:00,0.4452070207020702,0.0,0.4217734855136084,0.6
2021-07-31 17:15:00+00:00,0.4410066006600659,0.0,0.36615452151009653,0.5974025974025974
2021-07-31 17:30:00+00:00,0.4368061806180617,0.0,0.3105355575065847,0.5948051948051948
2021-07-31 17:45:00+00:00,0.43260576057605754,0.0,0.25491659350307283,0.5922077922077922
2021-07-31 18:00:00+00:00,0.4284053405340534,0.0,0.199297629499561,0.5896103896103896
2021-07-31 18:15:00+00:00,0.41666666666666663,0.0,0.16845917471466196,0.5971861471861472
2021-07-31 18:30:00+00:00,0.4049279927992799,0.0,0.1376207199297629,0.6047619047619047
2021-07-31 18:45:00+00:00,0.39318931893189313,0.0,0.10678226514486386,0.6123376623376623
2021-07-31 19:00:00+00:00,0.3814506450645064,0.0,0.0759438103599648,0.6199134199134199
2021-07-31 19:15:00+00:00,0.3758625862586258,0.0,0.0717295873573309,0.6201298701298701
2021-07-31 19:30:00+00:00,0.3702745274527452,0.0,0.067515364354697,0.6203463203463203
2021-07-31 19:45:00+00:00,0.36468646864686466,0.0,0.06330114135206315,0.6205627705627705
2021-07-31 20:00:00+00:00,0.3590984098409841,0.0,0.0590869183494293,0.6207792207792208
2021-07-31 20:15:00+00:00,0.3563981398139814,0.0,0.0579016681299385,0.6216450216450216
2021-07-31 20:30:00+00:00,0.3536978697869787,0.0,0.0567164179104477,0.6225108225108225
2021-07-31 20:45:00+00:00,0.350997599759976,0.0,0.05553116769095695,0.6233766233766234
2021-07-31 21:00:00+00:00,0.3482973297329733,0.0,0.0543459174714662,0.6242424242424243
2021-07-31 21:15:00+00:00,0.3375618811881188,0.0,0.05421422300263385,0.6209956709956711
2021-07-31 21:30:00+00:00,0.3268264326432643,0.0,0.0540825285338015,0.6177489177489178
2021-07-31 21:45:00+00:00,0.31609098409840986,0.0,0.0539508340649692,0.6145021645021645
2021-07-31 22:00:00+00:00,0.3053555355535554,0.0,0.0538191395961369,0.6112554112554113
2021-07-31 22:15:00+00:00,0.29730160516051607,0.0,0.053753292361720745,0.6103896103896105
2021-07-31 22:30:00+00:00,0.2892476747674767,0.0,0.0536874451273046,0.6095238095238096
2021-07-31 22:45:00+00:00,0.2811937443744374,0.0,0.05362159789288845,0.6086580086580087
2021-07-31 23:00:00+00:00,0.2731398139813981,0.0,0.0535557506584723,0.6077922077922078
2021-07-31 23:15:00+00:00,0.26682980798079803,0.0,0.053072870939420494,0.6069264069264069
2021-07-31 23:30:00+00:00,0.260519801980198,0.0,0.0525899912203687,0.6060606060606061
2021-07-31 23:45:00+00:00,0.2542097959795979,0.0,0.0521071115013169,0.6051948051948053
2021-08-01 00:00:00+00:00,0.2478997899789979,0.0,0.0516242317822651,0.6043290043290044
2021-08-01 00:15:00+00:00,0.2433149564956495,0.0,0.050592625109745354,0.6036796536796537
2021-08-01 00:30:00+00:00,0.2387301230123011,0.0,0.0495610184372256,0.603030303030303
2021-08-01 00:45:00+00:00,0.2341452895289528,0.0,0.04852941176470585,0.6023809523809525
2021-08-01 01:00:00+00:00,0.2295604560456045,0.0,0.0474978050921861,0.6017316017316018
2021-08-01 01:15:00+00:00,0.2257069456945694,0.0,0.0442712906057945,0.6017316017316018
2021-08-01 01:30:00+00:00,0.2218534353435343,0.0,0.0410447761194029,0.6017316017316018
2021-08-01 01:45:00+00:00,0.2179999249924992,0.0,0.03781826163301135,0.6017316017316018
2021-08-01 02:00:00+00:00,0.2141464146414641,0.0,0.0345917471466198,0.6017316017316018
2021-08-01 02:15:00+00:00,0.209552205220522,0.0,0.0319578577699736,0.604978354978355
2021-08-01 02:30:00+00:00,0.2049579957995799,0.0,0.0293239683933274,0.6082251082251082
2021-08-01 02:45:00+00:00,0.2003637863786378,0.0,0.026690079016681252,0.6114718614718614
2021-08-01 03:00:00+00:00,0.1957695769576957,0.0,0.0240561896400351,0.6147186147186147
2021-08-01 03:15:00+00:00,0.19145664566456638,0.0,0.020851624231782252,0.6147186147186147
2021-08-01 03:30:00+00:00,0.1871437143714371,0.0,0.0176470588235294,0.6147186147186147
2021-08-01 03:45:00+00:00,0.1828307830783078,0.0,0.01444249341527655,0.6147186147186147
2021-08-01 04:00:00+00:00,0.1785178517851785,0.0,0.0112379280070237,0.6147186147186147
2021-08-01 04:15:00+00:00,0.17469246924692466,0.0,0.01661545215100965,0.6138528138528139
2021-08-01 04:30:00+00:00,0.1708670867086708,0.0,0.0219929762949956,0.612987012987013
2021-08-01 04:45:00+00:00,0.167041704170417,0.0,0.02737050043898155,0.6121212121212121
2021-08-01 05:00:00+00:00,0.1632163216321632,0.0,0.0327480245829675,0.6112554112554113
2021-08-01 05:15:00+00:00,0.1580595559555955,0.0,0.07475856014047405,0.6147186147186148
2021-08-01 05:30:00+00:00,0.1529027902790278,0.0,0.1167690956979806,0.6181818181818182
2021-08-01 05:45:00+00:00,0.14774602460246017,0.0,0.1587796312554872,0.6216450216450216
2021-08-01 06:00:00+00:00,0.1425892589258925,0.0,0.2007901668129938,0.6251082251082251
2021-08-01 06:15:00+00:00,0.14133288328832874,0.0,0.2734855136084284,0.6277056277056277
2021-08-01 06:30:00+00:00,0.140076507650765,0.0,0.346180860403863,0.6303030303030303
2021-08-01 06:45:00+00:00,0.13882013201320126,0.0,0.4188762071992976,0.6329004329004329
2021-08-01 07:00:00+00:00,0.1375637563756375,0.0,0.4915715539947322,0.6354978354978355
2021-08-01 07:15:00+00:00,0.1339165166516651,0.0,0.5555970149253731,0.6354978354978355
2021-08-01 07:30:00+00:00,0.1302692769276927,0.0,0.619622475856014,0.6354978354978355
2021-08-01 07:45:00+00:00,0.12662203720372028,0.0,0.683647936786655,0.6354978354978355
2021-08-01 08:00:00+00:00,0.1229747974797479,0.0,0.7476733977172959,0.6354978354978355
2021-08-01 08:15:00+00:00,0.12025577557755765,0.0,0.7786874451273047,0.6331168831168831
2021-08-01 08:30:00+00:00,0.1175367536753674,0.0,0.8097014925373134,0.6307359307359307
2021-08-01 08:45:00+00:00,0.1148177317731772,0.0,0.8407155399473222,0.6283549783549783
2021-08-01 09:00:00+00:00,0.112098709870987,0.0,0.871729587357331,0.625974025974026
2021-08-01 09:15:00+00:00,0.10962346234623455,0.0,0.8865891132572432,0.6203463203463204
2021-08-01 09:30:00+00:00,0.1071482148214821,0.0,0.9014486391571556,0.6147186147186148
2021-08-01 09:45:00+00:00,0.10467296729672965,0.0,0.9163081650570677,0.6090909090909091
2021-08-01 10:00:00+00:00,0.1021977197719772,0.0,0.9311676909569798,0.6034632034632035
2021-08-01 10:15:00+00:00,0.1011757425742574,0.0,0.9329894644424934,0.6047619047619048
2021-08-01 10:30:00+00:00,0.1001537653765376,0.0,0.934811237928007,0.6060606060606061
2021-08-01 10:45:00+00:00,0.09913178817881785,0.0,0.9366330114135206,0.6073593073593073
2021-08-01 11:00:00+00:00,0.0981098109810981,0.0,0.9384547848990342,0.6086580086580087
2021-08-01 11:15:00+00:00,0.09961933693369335,0.0,0.929762949956102,0.6114718614718615
2021-08-01 11:30:00+00:00,0.1011288628862886,0.0,0.9210711150131696,0.6142857142857143
2021-08-01 11:45:00+00:00,0.10263838883888385,0.0,0.9123792800702373,0.6170995670995671
2021-08-01 12:00:00+00:00,0.1041479147914791,0.0,0.9036874451273048,0.6199134199134199
2021-08-01 12:15:00+00:00,0.1056949444944494,0.0,0.8955443371378403,0.6190476190476191
2021-08-01 12:30:00+00:00,0.1072419741974197,0.0,0.8874012291483758,0.6181818181818182
2021-08-01 12:45:00+00:00,0.10878900390039001,0.0,0.8792581211589113,0.6173160173160173
2021-08-01 13:00:00+00:00,0.1103360336033603,0.0,0.8711150131694468,0.6164502164502165
2021-08-01 13:15:00+00:00,0.11242686768676866,0.0,0.8571992976294995,0.611904761904762
2021-08-01 13:30:00+00:00,0.114517701770177,0.0,0.8432835820895522,0.6073593073593073
2021-08-01 13:45:00+00:00,0.11660853585358535,0.0,0.8293678665496049,0.6028138528138528
2021-08-01 14:00:00+00:00,0.1186993699369937,0.0,0.8154521510096576,0.5982683982683983
2021-08-01 14:15:00+00:00,0.1197307230723072,0.0,0.784811237928007,0.5980519480519481
2021-08-01 14:30:00+00:00,0.1207620762076207,0.0,0.7541703248463565,0.5978354978354978
2021-08-01 14:45:00+00:00,0.12179342934293425,0.0,0.723529411764706,0.5976190476190476
2021-08-01 15:00:00+00:00,0.1228247824782478,0.0,0.6928884986830554,0.5974025974025974
2021-08-01 15:15:00+00:00,0.12400615061506144,0.0,0.6657813871817384,0.604978354978355
2021-08-01 15:30:00+00:00,0.1251875187518751,0.0,0.6386742756804215,0.6125541125541125
2021-08-01 15:45:00+00:00,0.1263688868886888,0.0,0.6115671641791045,0.6201298701298701
2021-08-01 16:00:00+00:00,0.1275502550255025,0.0,0.5844600526777876,0.6277056277056277
2021-08-01 16:15:00+00:00,0.1296973447344734,0.0,0.5497366110623354,0.6292207792207791
2021-08-01 16:30:00+00:00,0.1318444344434443,0.0,0.5150131694468832,0.6307359307359307
2021-08-01 16:45:00+00:00,0.1339915241524152,0.0,0.4802897278314311,0.6322510822510823
2021-08-01 17:00:00+00:00,0.1361386138613861,0.0,0.4455662862159789,0.6337662337662338
2021-08-01 17:15:00+00:00,0.1356791929192919,0.0,0.3847673397717295,0.6534632034632035
2021-08-01 17:30:00+00:00,0.1352197719771977,0.0,0.3239683933274802,0.6731601731601732
2021-08-01 17:45:00+00:00,0.1347603510351035,0.0,0.26316944688323085,0.6928571428571428
2021-08-01 18:00:00+00:00,0.1343009300930093,0.0,0.2023705004389815,0.7125541125541126
2021-08-01 18:15:00+00:00,0.13067244224422442,0.0,0.1703467954345917,0.7164502164502164
2021-08-01 18:30:00+00:00,0.1270439543954395,0.0,0.1383230904302019,0.7203463203463203
2021-08-01 18:45:00+00:00,0.1234154665466546,0.0,0.1062993854258121,0.7242424242424241
2021-08-01 19:00:00+00:00,0.1197869786978697,0.0,0.0742756804214223,0.7281385281385281
2021-08-01 19:15:00+00:00,0.1181743174317431,0.0,0.07065408252853375,0.7222943722943722
2021-08-01 19:30:00+00:00,0.1165616561656165,0.0,0.0670324846356452,0.7164502164502164
2021-08-01 19:45:00+00:00,0.1149489948994899,0.0,0.06341088674275676,0.7106060606060607
2021-08-01 20:00:00+00:00,0.1133363336333633,0.0,0.0597892888498683,0.7047619047619048
2021-08-01 20:15:00+00:00,0.11505213021302124,0.0,0.05904302019315184,0.6984848484848485
2021-08-01 20:30:00+00:00,0.1167679267926792,0.0,0.0582967515364354,0.6922077922077923
2021-08-01 20:45:00+00:00,0.1184837233723372,0.0,0.057550482879719,0.685930735930736
2021-08-01 21:00:00+00:00,0.1201995199519952,0.0,0.0568042142230026,0.6796536796536796
2021-08-01 21:15:00+00:00,0.1188306330633063,0.0,0.0553555750658472,0.6731601731601732
2021-08-01 21:30:00+00:00,0.1174617461746174,0.0,0.0539069359086918,0.6666666666666666
2021-08-01 21:45:00+00:00,0.11609285928592855,0.0,0.052458296751536404,0.6601731601731602
2021-08-01 22:00:00+00:00,0.1147239723972397,0.0,0.051009657594381,0.6536796536796536
2021-08-01 22:15:00+00:00,0.11339258925892585,0.0,0.04973661106233535,0.6428571428571428
2021-08-01 22:30:00+00:00,0.112061206120612,0.0,0.0484635645302897,0.632034632034632
2021-08-01 22:45:00+00:00,0.11072982298229819,0.0,0.04719051799824405,0.6212121212121211
2021-08-01 23:00:00+00:00,0.1093984398439844,0.0,0.0459174714661984,0.6103896103896104
2021-08-01 23:15:00+00:00,0.10809518451845179,0.0,0.043722563652326546,0.6088744588744588
2021-08-01 23:30:00+00:00,0.1067919291929192,0.0,0.0415276558384547,0.6073593073593073
2021-08-01 23:45:00+00:00,0.10548867386738665,0.0,0.0393327480245829,0.6058441558441559
2021-08-02 00:00:00+00:00,0.1041854185418541,0.0,0.0371378402107111,0.6043290043290044
2021-08-02 00:15:00+00:00,0.10312593759375929,0.0,0.0339113257243195,0.6045454545454546
2021-08-02 00:30:00+00:00,0.1020664566456645,0.0,0.0306848112379279,0.6047619047619048
2021-08-02 00:45:00+00:00,0.1010069756975697,0.0,0.027458296751536347,0.604978354978355
2021-08-02 01:00:00+00:00,0.0999474947494749,0.0,0.0242317822651448,0.6051948051948052
2021-08-02 01:15:00+00:00,0.09808168316831675,0.0,0.022190517998244,0.6097402597402597
2021-08-02 01:30:00+00:00,0.0962158715871586,0.0,0.0201492537313432,0.6142857142857143
2021-08-02 01:45:00+00:00,0.0943500600060005,0.0,0.018107989464442448,0.6188311688311688
2021-08-02 02:00:00+00:00,0.0924842484248424,0.0,0.0160667251975417,0.6233766233766234
2021-08-02 02:15:00+00:00,0.09119974497449734,0.0,0.015298507462686548,0.6268398268398269
2021-08-02 02:30:00+00:00,0.0899152415241523,0.0,0.0145302897278314,0.6303030303030304
2021-08-02 02:45:00+00:00,0.08863073807380731,0.0,0.01376207199297625,0.6337662337662338
2021-08-02 03:00:00+00:00,0.0873462346234623,0.0,0.0129938542581211,0.6372294372294373
2021-08-02 03:15:00+00:00,0.08582733273327325,0.0,0.01255487269534675,0.6461038961038961
2021-08-02 03:30:00+00:00,0.0843084308430842,0.0,0.0121158911325724,0.654978354978355
2021-08-02 03:45:00+00:00,0.08278952895289521,0.0,0.01167690956979805,0.6638528138528139
2021-08-02 04:00:00+00:00,0.0812706270627062,0.0,0.0112379280070237,0.6727272727272727
2021-08-02 04:15:00+00:00,0.08070807080708065,0.0,0.015320456540825249,0.6811688311688311
2021-08-02 04:30:00+00:00,0.0801455145514551,0.0,0.0194029850746268,0.6896103896103896
2021-08-02 04:45:00+00:00,0.07958295829582955,0.0,0.023485513608428397,0.698051948051948
2021-08-02 05:00:00+00:00,0.079020402040204,0.0,0.02756804214223,0.7064935064935065
2021-08-02 05:15:00+00:00,0.07634825982598255,0.0,0.06503511852502189,0.7114718614718615
2021-08-02 05:30:00+00:00,0.0736761176117611,0.0,0.1025021949078138,0.7164502164502164
2021-08-02 05:45:00+00:00,0.07100397539753969,0.0,0.13996927129060574,0.7214285714285714
2021-08-02 06:00:00+00:00,0.0683318331833183,0.0,0.1774363476733977,0.7264069264069264
2021-08-02 06:15:00+00:00,0.06441269126912685,0.0,0.2388279192273924,0.7259740259740259
2021-08-02 06:30:00+00:00,0.0604935493549354,0.0,0.3002194907813871,0.7255411255411255
2021-08-02 06:45:00+00:00,0.056574407440744004,0.0,0.36161106233538187,0.725108225108225
2021-08-02 07:00:00+00:00,0.0526552655265526,0.0,0.4230026338893766,0.7246753246753247
2021-08-02 07:15:00+00:00,0.0513426342634263,0.0,0.47256365232660225,0.7248917748917748
2021-08-02 07:30:00+00:00,0.0500300030003,0.0,0.5221246707638278,0.725108225108225
2021-08-02 07:45:00+00:00,0.0487173717371737,0.0,0.5716856892010536,0.7253246753246753
2021-08-02 08:00:00+00:00,0.0474047404740474,0.0,0.6212467076382792,0.7255411255411255
2021-08-02 08:15:00+00:00,0.04681405640564055,0.0,0.6496049165935031,0.7222943722943723
2021-08-02 08:30:00+00:00,0.0462233723372337,0.0,0.677963125548727,0.719047619047619
2021-08-02 08:45:00+00:00,0.04563268826882685,0.0,0.7063213345039508,0.7158008658008659
2021-08-02 09:00:00+00:00,0.04504200420042,0.0,0.7346795434591747,0.7125541125541126
2021-08-02 09:15:00+00:00,0.04622337233723365,0.0,0.7633669885864793,0.7140692640692641
2021-08-02 09:30:00+00:00,0.0474047404740473,0.0,0.792054433713784,0.7155844155844155
2021-08-02 09:45:00+00:00,0.048586108610861004,0.0,0.8207418788410887,0.717099567099567
2021-08-02 10:00:00+00:00,0.0497674767476747,0.0,0.8494293239683933,0.7186147186147186
2021-08-02 10:15:00+00:00,0.0512676267626762,0.0,0.8600307287093942,0.7153679653679654
2021-08-02 10:30:00+00:00,0.0527677767776777,0.0,0.870632133450395,0.7121212121212122
2021-08-02 10:45:00+00:00,0.0542679267926792,0.0,0.8812335381913959,0.7088744588744589
2021-08-02 11:00:00+00:00,0.0557680768076807,0.0,0.8918349429323968,0.7056277056277056
2021-08-02 11:15:00+00:00,0.05803705370537045,0.0,0.8933274802458296,0.696969696969697
2021-08-02 11:30:00+00:00,0.0603060306030602,0.0,0.8948200175592624,0.6883116883116883
2021-08-02 11:45:00+00:00,0.06257500750075,0.0,0.8963125548726953,0.6796536796536796
2021-08-02 12:00:00+00:00,0.0648439843984398,0.0,0.8978050921861281,0.670995670995671
2021-08-02 12:15:00+00:00,0.06715984098409836,0.0,0.8903424056189639,0.6673160173160173
2021-08-02 12:30:00+00:00,0.0694756975697569,0.0,0.8828797190517997,0.6636363636363636
2021-08-02 12:45:00+00:00,0.0717915541554155,0.0,0.8754170324846355,0.65995670995671
2021-08-02 13:00:00+00:00,0.0741074107410741,0.0,0.8679543459174714,0.6562770562770562
2021-08-02 13:15:00+00:00,0.0783453345334533,0.0,0.8566066725197542,0.6493506493506493
2021-08-02 13:30:00+00:00,0.0825832583258325,0.0,0.845258999122037,0.6424242424242425
2021-08-02 13:45:00+00:00,0.08682118211821176,0.0,0.8339113257243196,0.6354978354978356
2021-08-02 14:00:00+00:00,0.091059105910591,0.0,0.8225636523266023,0.6285714285714286
2021-08-02 14:15:00+00:00,0.0951376387638763,0.0,0.8023485513608428,0.6248917748917749
2021-08-02 14:30:00+00:00,0.0992161716171616,0.0,0.7821334503950834,0.6212121212121212
2021-08-02 14:45:00+00:00,0.10329470447044695,0.0,0.761918349429324,0.6175324675324676
2021-08-02 15:00:00+00:00,0.1073732373237323,0.0,0.7417032484635645,0.6138528138528139
2021-08-02 15:15:00+00:00,0.11234248424842475,0.0,0.7170324846356453,0.612987012987013
2021-08-02 15:30:00+00:00,0.1173117311731172,0.0,0.6923617208077261,0.6121212121212121
2021-08-02 15:45:00+00:00,0.12228097809780969,0.0,0.6676909569798068,0.6112554112554112
2021-08-02 16:00:00+00:00,0.1272502250225022,0.0,0.6430201931518876,0.6103896103896104
2021-08-02 16:15:00+00:00,0.1329976747674767,0.0,0.6067164179104478,0.61991341991342
2021-08-02 16:30:00+00:00,0.1387451245124512,0.0,0.5704126426690079,0.6294372294372295
2021-08-02 16:45:00+00:00,0.14449257425742568,0.0,0.534108867427568,0.638961038961039
2021-08-02 17:00:00+00:00,0.1502400240024002,0.0,0.4978050921861282,0.6484848484848484
2021-08-02 17:15:00+00:00,0.15729072907290725,0.0,0.4323748902546093,0.6601731601731602
2021-08-02 17:30:00+00:00,0.1643414341434143,0.0,0.3669446883230904,0.6718614718614718
2021-08-02 17:45:00+00:00,0.17139213921392135,0.0,0.3015144863915715,0.6835497835497835
2021-08-02 18:00:00+00:00,0.1784428442844284,0.0,0.2360842844600526,0.6952380952380952
2021-08-02 18:15:00+00:00,0.18126500150014996,0.0,0.19655399473222115,0.7075757575757575
2021-08-02 18:30:00+00:00,0.1840871587158715,0.0,0.1570237050043897,0.7199134199134198
2021-08-02 18:45:00+00:00,0.1869093159315931,0.0,0.1174934152765583,0.7322510822510822
2021-08-02 19:00:00+00:00,0.1897314731473147,0.0,0.0779631255487269,0.7445887445887446
2021-08-02 19:15:00+00:00,0.19082845784578456,0.0,0.07140035118525015,0.7300865800865801
2021-08-02 19:30:00+00:00,0.1919254425442544,0.0,0.0648375768217734,0.7155844155844155
2021-08-02 19:45:00+00:00,0.19302242724272423,0.0,0.05827480245829669,0.7010822510822511
2021-08-02 20:00:00+00:00,0.1941194119411941,0.0,0.05171202809482,0.6865800865800866
2021-08-02 20:15:00+00:00,0.19297554755475538,0.0,0.0513827919227392,0.6761904761904762
2021-08-02 20:30:00+00:00,0.1918316831683167,0.0,0.0510535557506584,0.6658008658008658
2021-08-02 20:45:00+00:00,0.1906878187818781,0.0,0.05072431957857765,0.6554112554112554
2021-08-02 21:00:00+00:00,0.1895439543954395,0.0,0.0503950834064969,0.645021645021645
2021-08-02 21:15:00+00:00,0.18500600060005995,0.0,0.050417032484635596,0.6385281385281386
2021-08-02 21:30:00+00:00,0.1804680468046804,0.0,0.0504389815627743,0.6320346320346321
2021-08-02 21:45:00+00:00,0.17593009300930085,0.0,0.050460930640913046,0.6255411255411256
2021-08-02 22:00:00+00:00,0.1713921392139213,0.0,0.0504828797190518,0.6190476190476191
2021-08-02 22:15:00+00:00,0.16745424542454235,0.0,0.049451273046532004,0.6073593073593073
2021-08-02 22:30:00+00:00,0.1635163516351634,0.0,0.0484196663740122,0.5956709956709957
2021-08-02 22:45:00+00:00,0.1595784578457845,0.0,0.04738805970149245,0.583982683982684
2021-08-02 23:00:00+00:00,0.1556405640564056,0.0,0.0463564530289727,0.5722943722943723
2021-08-02 23:15:00+00:00,0.1504181668166816,0.0,0.04378841088674265,0.5718614718614718
2021-08-02 23:30:00+00:00,0.1451957695769576,0.0,0.0412203687445126,0.5714285714285714
2021-08-02 23:45:00+00:00,0.13997337233723364,0.0,0.0386523266022826,0.570995670995671
2021-08-03 00:00:00+00:00,0.1347509750975097,0.0,0.0360842844600526,0.5705627705627706
2021-08-03 00:15:00+00:00,0.1291535403540353,0.0,0.0341747146619841,0.572943722943723
2021-08-03 00:30:00+00:00,0.1235561056105609,0.0,0.0322651448639156,0.5753246753246753
2021-08-03 00:45:00+00:00,0.11795867086708661,0.0,0.03035557506584715,0.5777056277056277
2021-08-03 01:00:00+00:00,0.1123612361236123,0.0,0.0284460052677787,0.5800865800865801
2021-08-03 01:15:00+00:00,0.1095953345334533,0.0,0.02829236172080765,0.5813852813852813
2021-08-03 01:30:00+00:00,0.1068294329432943,0.0,0.0281387181738366,0.5826839826839827
2021-08-03 01:45:00+00:00,0.1040635313531353,0.0,0.0279850746268656,0.583982683982684
2021-08-03 02:00:00+00:00,0.1012976297629763,0.0,0.0278314310798946,0.5852813852813853
2021-08-03 02:15:00+00:00,0.09765039003900389,0.0,0.02778753292361715,0.5872294372294373
2021-08-03 02:30:00+00:00,0.0940031503150315,0.0,0.0277436347673397,0.5891774891774892
2021-08-03 02:45:00+00:00,0.0903559105910591,0.0,0.0276997366110623,0.5911255411255412
2021-08-03 03:00:00+00:00,0.0867086708670867,0.0,0.0276558384547849,0.5930735930735931
2021-08-03 03:15:00+00:00,0.08380213021302124,0.0,0.02583406496927125,0.6034632034632035
2021-08-03 03:30:00+00:00,0.0808955895589558,0.0,0.0240122914837576,0.6138528138528139
2021-08-03 03:45:00+00:00,0.0779890489048904,0.0,0.022190517998244,0.6242424242424243
2021-08-03 04:00:00+00:00,0.075082508250825,0.0,0.0203687445127304,0.6346320346320347
2021-08-03 04:15:00+00:00,0.07189468946894681,0.0,0.02322212467076375,0.6422077922077922
2021-08-03 04:30:00+00:00,0.0687068706870686,0.0,0.0260755048287971,0.6497835497835498
2021-08-03 04:45:00+00:00,0.06551905190519045,0.0,0.0289288849868305,0.6573593073593074
2021-08-03 05:00:00+00:00,0.0623312331233123,0.0,0.0317822651448639,0.6649350649350649
2021-08-03 05:15:00+00:00,0.05891839183918385,0.0,0.07219051799824405,0.6670995670995671
2021-08-03 05:30:00+00:00,0.0555055505550554,0.0,0.1125987708516242,0.6692640692640692
2021-08-03 05:45:00+00:00,0.052092709270927004,0.0,0.15300702370500435,0.6714285714285715
2021-08-03 06:00:00+00:00,0.0486798679867986,0.0,0.1934152765583845,0.6735930735930736
2021-08-03 06:15:00+00:00,0.0459327182718271,0.0,0.2645961369622475,0.6833333333333333
2021-08-03 06:30:00+00:00,0.0431855685568556,0.0,0.3357769973661105,0.6930735930735932
2021-08-03 06:45:00+00:00,0.040438418841884094,0.0,0.4069578577699736,0.7028138528138529
2021-08-03 07:00:00+00:00,0.0376912691269126,0.0,0.4781387181738367,0.7125541125541126
2021-08-03 07:15:00+00:00,0.0377850285028502,0.0,0.54315188762072,0.7164502164502164
2021-08-03 07:30:00+00:00,0.0378787878787878,0.0,0.6081650570676032,0.7203463203463203
2021-08-03 07:45:00+00:00,0.0379725472547254,0.0,0.6731782265144863,0.7242424242424241
2021-08-03 08:00:00+00:00,0.038066306630663,0.0,0.7381913959613696,0.7281385281385281
2021-08-03 08:15:00+00:00,0.04003525352535245,0.0,0.7678665496049165,0.7196969696969697
2021-08-03 08:30:00+00:00,0.0420042004200419,0.0,0.7975417032484635,0.7112554112554113
2021-08-03 08:45:00+00:00,0.0439731473147314,0.0,0.8272168568920105,0.7028138528138528
2021-08-03 09:00:00+00:00,0.0459420942094209,0.0,0.8568920105355575,0.6943722943722944
2021-08-03 09:15:00+00:00,0.05153952895289525,0.0,0.8726953467954346,0.6952380952380952
2021-08-03 09:30:00+00:00,0.0571369636963696,0.0,0.8884986830553118,0.6961038961038961
2021-08-03 09:45:00+00:00,0.06273439843984395,0.0,0.9043020193151889,0.696969696969697
2021-08-03 10:00:00+00:00,0.0683318331833183,0.0,0.920105355575066,0.6978354978354978
2021-08-03 10:15:00+00:00,0.07502625262526251,0.0,0.9227172958735734,0.6859307359307358
2021-08-03 10:30:00+00:00,0.0817206720672067,0.0,0.9253292361720808,0.674025974025974
2021-08-03 10:45:00+00:00,0.0884150915091509,0.0,0.9279411764705883,0.6621212121212121
2021-08-03 11:00:00+00:00,0.0951095109510951,0.0,0.9305531167690956,0.6502164502164502
2021-08-03 11:15:00+00:00,0.1024883738373837,0.0,0.9326602282704126,0.6469696969696971
2021-08-03 11:30:00+00:00,0.1098672367236723,0.0,0.9347673397717297,0.6437229437229438
2021-08-03 11:45:00+00:00,0.11724609960996095,0.0,0.9368744512730467,0.6404761904761905
2021-08-03 12:00:00+00:00,0.1246249624962496,0.0,0.9389815627743636,0.6372294372294373
2021-08-03 12:15:00+00:00,0.13007238223822382,0.0,0.939420544337138,0.6318181818181818
2021-08-03 12:30:00+00:00,0.135519801980198,0.0,0.9398595258999124,0.6264069264069264
2021-08-03 12:45:00+00:00,0.1409672217221722,0.0,0.9402985074626866,0.620995670995671
2021-08-03 13:00:00+00:00,0.1464146414641464,0.0,0.940737489025461,0.6155844155844156
2021-08-03 13:15:00+00:00,0.14868361836183613,0.0,0.9298287971905181,0.6121212121212121
2021-08-03 13:30:00+00:00,0.1509525952595259,0.0,0.9189201053555752,0.6086580086580087
2021-08-03 13:45:00+00:00,0.1532215721572157,0.0,0.9080114135206322,0.6051948051948053
2021-08-03 14:00:00+00:00,0.1554905490549055,0.0,0.8971027216856892,0.6017316017316018
2021-08-03 14:15:00+00:00,0.15902527752775275,0.0,0.8738586479367867,0.5993506493506493
2021-08-03 14:30:00+00:00,0.1625600060006,0.0,0.8506145741878841,0.5969696969696969
2021-08-03 14:45:00+00:00,0.1660947344734473,0.0,0.8273705004389815,0.5945887445887446
2021-08-03 15:00:00+00:00,0.1696294629462946,0.0,0.804126426690079,0.5922077922077922
2021-08-03 15:15:00+00:00,0.1749081158115811,0.0,0.7679762949956102,0.5935064935064935
2021-08-03 15:30:00+00:00,0.1801867686768676,0.0,0.7318261633011414,0.5948051948051948
2021-08-03 15:45:00+00:00,0.18546542154215415,0.0,0.6956760316066726,0.596103896103896
2021-08-03 16:00:00+00:00,0.1907440744074407,0.0,0.6595258999122037,0.5974025974025974
2021-08-03 16:15:00+00:00,0.1927692769276927,0.0,0.6009438103599649,0.6138528138528139
2021-08-03 16:30:00+00:00,0.1947944794479447,0.0,0.542361720807726,0.6303030303030304
2021-08-03 16:45:00+00:00,0.19681968196819677,0.0,0.48377963125548723,0.6467532467532469
2021-08-03 17:00:00+00:00,0.1988448844884488,0.0,0.4251975417032484,0.6632034632034632
2021-08-03 17:15:00+00:00,0.1969978247824782,0.0,0.3620719929762949,0.6688311688311688
2021-08-03 17:30:00+00:00,0.1951507650765076,0.0,0.2989464442493414,0.6744588744588744
2021-08-03 17:45:00+00:00,0.193303705370537,0.0,0.23582089552238794,0.6800865800865801
2021-08-03 18:00:00+00:00,0.1914566456645664,0.0,0.1726953467954345,0.6857142857142857
2021-08-03 18:15:00+00:00,0.19063156315631558,0.0,0.1465978928884986,0.6896103896103896
2021-08-03 18:30:00+00:00,0.1898064806480647,0.0,0.1205004389815627,0.6935064935064935
2021-08-03 18:45:00+00:00,0.1889813981398139,0.0,0.0944029850746268,0.6974025974025975
2021-08-03 19:00:00+00:00,0.1881563156315631,0.0,0.0683055311676909,0.7012987012987013
2021-08-03 19:15:00+00:00,0.1914285178517851,0.0,0.0662642669007901,0.6885281385281385
2021-08-03 19:30:00+00:00,0.1947007200720071,0.0,0.0642230026338893,0.6757575757575758
2021-08-03 19:45:00+00:00,0.19797292229222913,0.0,0.06218173836698855,0.662987012987013
2021-08-03 20:00:00+00:00,0.2012451245124512,0.0,0.0601404741000878,0.6502164502164502
2021-08-03 20:15:00+00:00,0.2019576957695769,0.0,0.05963564530289725,0.6489177489177489
2021-08-03 20:30:00+00:00,0.2026702670267026,0.0,0.0591308165057067,0.6476190476190476
2021-08-03 20:45:00+00:00,0.20338283828382836,0.0,0.0586259877085162,0.6463203463203464
2021-08-03 21:00:00+00:00,0.2040954095409541,0.0,0.0581211589113257,0.645021645021645
2021-08-03 21:15:00+00:00,0.20340159015901588,0.0,0.05809920983318695,0.6454545454545455
2021-08-03 21:30:00+00:00,0.2027077707770777,0.0,0.0580772607550482,0.645887445887446
2021-08-03 21:45:00+00:00,0.2020139513951395,0.0,0.0580553116769095,0.6463203463203464
2021-08-03 22:00:00+00:00,0.2013201320132013,0.0,0.0580333625987708,0.6467532467532467
2021-08-03 22:15:00+00:00,0.200082508250825,0.0,0.05772607550482875,0.6292207792207791
2021-08-03 22:30:00+00:00,0.1988448844884487,0.0,0.0574187884108867,0.6116883116883116
2021-08-03 22:45:00+00:00,0.1976072607260725,0.0,0.057111501316944646,0.5941558441558441
2021-08-03 23:00:00+00:00,0.1963696369636963,0.0,0.0568042142230026,0.5766233766233766
2021-08-03 23:15:00+00:00,0.19636026102610254,0.0,0.053577699736611,0.5727272727272728
2021-08-03 23:30:00+00:00,0.1963508850885088,0.0,0.0503511852502194,0.5688311688311688
2021-08-03 23:45:00+00:00,0.19634150915091503,0.0,0.04712467076382785,0.5649350649350648
2021-08-04 00:00:00+00:00,0.1963321332133213,0.0,0.0438981562774363,0.561038961038961
2021-08-04 00:15:00+00:00,0.19657590759075905,0.0,0.0408911325724319,0.5623376623376624
2021-08-04 00:30:00+00:00,0.1968196819681968,0.0,0.0378841088674275,0.5636363636363636
2021-08-04 00:45:00+00:00,0.19706345634563455,0.0,0.0348770851624231,0.5649350649350648
2021-08-04 01:00:00+00:00,0.1973072307230723,0.0,0.0318700614574187,0.5662337662337662
2021-08-04 01:15:00+00:00,0.19439131413141308,0.0,0.02943371378402095,0.5653679653679653
2021-08-04 01:30:00+00:00,0.1914753975397539,0.0,0.0269973661106232,0.5645021645021645
2021-08-04 01:45:00+00:00,0.18855948094809474,0.0,0.02456101843722555,0.5636363636363637
2021-08-04 02:00:00+00:00,0.1856435643564356,0.0,0.0221246707638279,0.5627705627705628
2021-08-04 02:15:00+00:00,0.18298079807980794,0.0,0.0202370500438981,0.5651515151515152
2021-08-04 02:30:00+00:00,0.1803180318031803,0.0,0.0183494293239683,0.5675324675324676
2021-08-04 02:45:00+00:00,0.17765526552655264,0.0,0.01646180860403855,0.5699134199134199
2021-08-04 03:00:00+00:00,0.174992499249925,0.0,0.0145741878841088,0.5722943722943723
2021-08-04 03:15:00+00:00,0.17530190519051905,0.0,0.01415715539947315,0.5874458874458874
2021-08-04 03:30:00+00:00,0.1756113111311131,0.0,0.0137401229148375,0.6025974025974026
2021-08-04 03:45:00+00:00,0.17592071707170714,0.0,0.013323090430201849,0.6177489177489177
2021-08-04 04:00:00+00:00,0.1762301230123012,0.0,0.0129060579455662,0.6329004329004329
2021-08-04 04:15:00+00:00,0.17930543054305426,0.0,0.01466198419666365,0.6406926406926406
2021-08-04 04:30:00+00:00,0.1823807380738073,0.0,0.0164179104477611,0.6484848484848484
2021-08-04 04:45:00+00:00,0.18545604560456042,0.0,0.0181738366988586,0.6562770562770562
2021-08-04 05:00:00+00:00,0.1885313531353135,0.0,0.0199297629499561,0.664069264069264
2021-08-04 05:15:00+00:00,0.18465909090909083,0.0,0.049539069359086904,0.6718614718614718
2021-08-04 05:30:00+00:00,0.1807868286828682,0.0,0.0791483757682177,0.6796536796536796
2021-08-04 05:45:00+00:00,0.17691456645664558,0.0,0.1087576821773485,0.6874458874458874
2021-08-04 06:00:00+00:00,0.173042304230423,0.0,0.1383669885864793,0.6952380952380952
2021-08-04 06:15:00+00:00,0.1679605460546054,0.0,0.2062993854258121,0.7097402597402598
2021-08-04 06:30:00+00:00,0.1628787878787878,0.0,0.2742317822651449,0.7242424242424242
2021-08-04 06:45:00+00:00,0.15779702970297024,0.0,0.3421641791044776,0.7387445887445887
2021-08-04 07:00:00+00:00,0.1527152715271527,0.0,0.4100965759438104,0.7532467532467533
2021-08-04 07:15:00+00:00,0.14632088208820876,0.0,0.4784899034240562,0.7606060606060606
2021-08-04 07:30:00+00:00,0.1399264926492648,0.0,0.546883230904302,0.767965367965368
2021-08-04 07:45:00+00:00,0.13353210321032094,0.0,0.6152765583845479,0.7753246753246753
2021-08-04 08:00:00+00:00,0.1271377137713771,0.0,0.6836698858647937,0.7826839826839826
2021-08-04 08:15:00+00:00,0.1276158865886588,0.0,0.7275241439859526,0.7753246753246753
2021-08-04 08:30:00+00:00,0.1280940594059405,0.0,0.7713784021071115,0.767965367965368
2021-08-04 08:45:00+00:00,0.12857223222322225,0.0,0.8152326602282705,0.7606060606060606
2021-08-04 09:00:00+00:00,0.129050405040504,0.0,0.8590869183494293,0.7532467532467533
2021-08-04 09:15:00+00:00,0.13498537353735368,0.0,0.881299385425812,0.7398268398268398
2021-08-04 09:30:00+00:00,0.1409203420342034,0.0,0.9035118525021948,0.7264069264069264
2021-08-04 09:45:00+00:00,0.1468553105310531,0.0,0.9257243195785776,0.7129870129870131
2021-08-04 10:00:00+00:00,0.1527902790279028,0.0,0.9479367866549604,0.6995670995670996
2021-08-04 10:15:00+00:00,0.15824707470747074,0.0,0.9551799824407373,0.6911255411255413
2021-08-04 10:30:00+00:00,0.1637038703870387,0.0,0.9624231782265144,0.6826839826839828
2021-08-04 10:45:00+00:00,0.16916066606660665,0.0,0.9696663740122914,0.6742424242424243
2021-08-04 11:00:00+00:00,0.1746174617461746,0.0,0.9769095697980684,0.6658008658008658
2021-08-04 11:15:00+00:00,0.17609885988598856,0.0,0.9772607550482879,0.6658008658008658
2021-08-04 11:30:00+00:00,0.1775802580258025,0.0,0.9776119402985074,0.6658008658008658
2021-08-04 11:45:00+00:00,0.17906165616561648,0.0,0.9779631255487269,0.6658008658008658
2021-08-04 12:00:00+00:00,0.1805430543054305,0.0,0.9783143107989464,0.6658008658008658
2021-08-04 12:15:00+00:00,0.1826620162016201,0.0,0.9759438103599648,0.6601731601731602
2021-08-04 12:30:00+00:00,0.1847809780978097,0.0,0.9735733099209832,0.6545454545454545
2021-08-04 12:45:00+00:00,0.18689993999399934,0.0,0.9712028094820018,0.6489177489177489
2021-08-04 13:00:00+00:00,0.189018901890189,0.0,0.9688323090430202,0.6432900432900432
2021-08-04 13:15:00+00:00,0.19244111911191114,0.0,0.9618525021949078,0.6376623376623376
2021-08-04 13:30:00+00:00,0.1958633363336333,0.0,0.9548726953467954,0.632034632034632
2021-08-04 13:45:00+00:00,0.1992855535553555,0.0,0.947892888498683,0.6264069264069263
2021-08-04 14:00:00+00:00,0.2027077707770777,0.0,0.9409130816505706,0.6207792207792208
2021-08-04 14:15:00+00:00,0.20525802580258018,0.0,0.9259218612818261,0.616017316017316
2021-08-04 14:30:00+00:00,0.2078082808280827,0.0,0.9109306409130816,0.6112554112554113
2021-08-04 14:45:00+00:00,0.2103585358535853,0.0,0.8959394205443372,0.6064935064935065
2021-08-04 15:00:00+00:00,0.2129087908790879,0.0,0.8809482001755926,0.6017316017316018
2021-08-04 15:15:00+00:00,0.21277752775277525,0.0,0.8545654082528533,0.6121212121212121
2021-08-04 15:30:00+00:00,0.2126462646264626,0.0,0.8281826163301141,0.6225108225108225
2021-08-04 15:45:00+00:00,0.21251500150015,0.0,0.801799824407375,0.6329004329004329
2021-08-04 16:00:00+00:00,0.2123837383738374,0.0,0.7754170324846357,0.6432900432900432
2021-08-04 16:15:00+00:00,0.2113617611761176,0.0,0.7251975417032485,0.6419913419913419
2021-08-04 16:30:00+00:00,0.2103397839783978,0.0,0.6749780509218613,0.6406926406926406
2021-08-04 16:45:00+00:00,0.20931780678067807,0.0,0.6247585601404742,0.6393939393939394
2021-08-04 17:00:00+00:00,0.2082958295829583,0.0,0.5745390693590869,0.638095238095238
2021-08-04 17:15:00+00:00,0.20622374737473745,0.0,0.4970588235294118,0.6593073593073593
2021-08-04 17:30:00+00:00,0.2041516651665166,0.0,0.4195785776997366,0.6805194805194805
2021-08-04 17:45:00+00:00,0.2020795829582958,0.0,0.34209833187006145,0.7017316017316018
2021-08-04 18:00:00+00:00,0.200007500750075,0.0,0.2646180860403863,0.7229437229437229
2021-08-04 18:15:00+00:00,0.19500075007500745,0.0,0.2233757682177348,0.7287878787878788
2021-08-04 18:30:00+00:00,0.1899939993999399,0.0,0.1821334503950833,0.7346320346320345
2021-08-04 18:45:00+00:00,0.1849872487248724,0.0,0.1408911325724319,0.7404761904761904
2021-08-04 19:00:00+00:00,0.1799804980498049,0.0,0.0996488147497805,0.7463203463203463
2021-08-04 19:15:00+00:00,0.17823657365736564,0.0,0.09367866549604915,0.7374458874458873
2021-08-04 19:30:00+00:00,0.1764926492649264,0.0,0.0877085162423178,0.7285714285714285
2021-08-04 19:45:00+00:00,0.1747487248724872,0.0,0.08173836698858646,0.7196969696969697
2021-08-04 20:00:00+00:00,0.173004800480048,0.0,0.0757682177348551,0.7108225108225108
2021-08-04 20:15:00+00:00,0.16886063606360635,0.0,0.07482440737489021,0.7062770562770563
2021-08-04 20:30:00+00:00,0.1647164716471647,0.0,0.0738805970149253,0.7017316017316018
2021-08-04 20:45:00+00:00,0.16057230723072305,0.0,0.07293678665496045,0.6971861471861471
2021-08-04 21:00:00+00:00,0.1564281428142814,0.0,0.0719929762949956,0.6926406926406926
2021-08-04 21:15:00+00:00,0.15346534653465346,0.0,0.07192712906057945,0.679004329004329
2021-08-04 21:30:00+00:00,0.1505025502550255,0.0,0.0718612818261633,0.6653679653679654
2021-08-04 21:45:00+00:00,0.14753975397539754,0.0,0.07179543459174714,0.6517316017316017
2021-08-04 22:00:00+00:00,0.1445769576957696,0.0,0.071729587357331,0.638095238095238
2021-08-04 22:15:00+00:00,0.14343309330933096,0.0,0.0714003511852502,0.632034632034632
2021-08-04 22:30:00+00:00,0.1422892289228923,0.0,0.0710711150131694,0.625974025974026
2021-08-04 22:45:00+00:00,0.14114536453645365,0.0,0.07074187884108865,0.61991341991342
2021-08-04 23:00:00+00:00,0.140001500150015,0.0,0.0704126426690079,0.6138528138528139
2021-08-04 23:15:00+00:00,0.1395608310831083,0.0,0.06907374890254606,0.6067099567099568
2021-08-04 23:30:00+00:00,0.1391201620162016,0.0,0.0677348551360842,0.5995670995670996
2021-08-04 23:45:00+00:00,0.13867949294929488,0.0,0.06639596136962239,0.5924242424242425
2021-08-05 00:00:00+00:00,0.1382388238823882,0.0,0.0650570676031606,0.5852813852813853
2021-08-05 00:15:00+00:00,0.1377700270027002,0.0,0.0650351185250219,0.5807359307359308
2021-08-05 00:30:00+00:00,0.1373012301230122,0.0,0.0650131694468832,0.5761904761904761
2021-08-05 00:45:00+00:00,0.13683243324332425,0.0,0.0649912203687445,0.5716450216450216
2021-08-05 01:00:00+00:00,0.1363636363636363,0.0,0.0649692712906058,0.5670995670995671
2021-08-05 01:15:00+00:00,0.13540729072907284,0.0,0.0646180860403863,0.5673160173160173
2021-08-05 01:30:00+00:00,0.1344509450945094,0.0,0.0642669007901668,0.5675324675324676
2021-08-05 01:45:00+00:00,0.13349459945994596,0.0,0.0639157155399473,0.5677489177489178
2021-08-05 02:00:00+00:00,0.1325382538253825,0.0,0.0635645302897278,0.567965367965368
2021-08-05 02:15:00+00:00,0.13466659165916584,0.0,0.06218173836698855,0.5705627705627706
2021-08-05 02:30:00+00:00,0.1367949294929492,0.0,0.0607989464442493,0.5731601731601732
2021-08-05 02:45:00+00:00,0.1389232673267326,0.0,0.05941615452151005,0.5757575757575758
2021-08-05 03:00:00+00:00,0.141051605160516,0.0,0.0580333625987708,0.5783549783549784
2021-08-05 03:15:00+00:00,0.14343309330933085,0.0,0.05366549604916585,0.5872294372294373
2021-08-05 03:30:00+00:00,0.1458145814581457,0.0,0.0492976294995609,0.5961038961038961
2021-08-05 03:45:00+00:00,0.14819606960696058,0.0,0.044929762949956,0.604978354978355
2021-08-05 04:00:00+00:00,0.1505775577557755,0.0,0.0405618964003511,0.6138528138528139
2021-08-05 04:15:00+00:00,0.1515245274527452,0.0,0.042361720807725996,0.6177489177489177
2021-08-05 04:30:00+00:00,0.1524714971497149,0.0,0.0441615452151009,0.6216450216450217
2021-08-05 04:45:00+00:00,0.1534184668466846,0.0,0.045961369622475795,0.6255411255411256
2021-08-05 05:00:00+00:00,0.1543654365436543,0.0,0.0477611940298507,0.6294372294372295
2021-08-05 05:15:00+00:00,0.1521058355835583,0.0,0.0906716417910447,0.6326839826839826
2021-08-05 05:30:00+00:00,0.1498462346234623,0.0,0.1335820895522387,0.6359307359307359
2021-08-05 05:45:00+00:00,0.1475866336633663,0.0,0.17649253731343273,0.6391774891774892
2021-08-05 06:00:00+00:00,0.1453270327032703,0.0,0.2194029850746268,0.6424242424242425
2021-08-05 06:15:00+00:00,0.14279552955295527,0.0,0.30114135206321324,0.6534632034632035
2021-08-05 06:30:00+00:00,0.1402640264026402,0.0,0.3828797190517997,0.6645021645021645
2021-08-05 06:45:00+00:00,0.1377325232523252,0.0,0.46461808604038624,0.6755411255411256
2021-08-05 07:00:00+00:00,0.1352010201020102,0.0,0.5463564530289727,0.6865800865800866
2021-08-05 07:15:00+00:00,0.13595109510951095,0.0,0.6127524143985952,0.6891774891774892
2021-08-05 07:30:00+00:00,0.1367011701170117,0.0,0.6791483757682177,0.6917748917748918
2021-08-05 07:45:00+00:00,0.13745124512451246,0.0,0.7455443371378402,0.6943722943722944
2021-08-05 08:00:00+00:00,0.1382013201320132,0.0,0.8119402985074626,0.696969696969697
2021-08-05 08:15:00+00:00,0.14301117611761174,0.0,0.838235294117647,0.6904761904761906
2021-08-05 08:30:00+00:00,0.1478210321032103,0.0,0.8645302897278314,0.683982683982684
2021-08-05 08:45:00+00:00,0.15263088808880884,0.0,0.8908252853380159,0.6774891774891776
2021-08-05 09:00:00+00:00,0.1574407440744074,0.0,0.9171202809482002,0.670995670995671
2021-08-05 09:15:00+00:00,0.16318819381938188,0.0,0.9294776119402985,0.6673160173160173
2021-08-05 09:30:00+00:00,0.1689356435643564,0.0,0.9418349429323968,0.6636363636363636
2021-08-05 09:45:00+00:00,0.1746830933093309,0.0,0.9541922739244952,0.65995670995671
2021-08-05 10:00:00+00:00,0.1804305430543054,0.0,0.9665496049165936,0.6562770562770562
2021-08-05 10:15:00+00:00,0.1858779627962796,0.0,0.973134328358209,0.6541125541125541
2021-08-05 10:30:00+00:00,0.1913253825382538,0.0,0.9797190517998244,0.6519480519480519
2021-08-05 10:45:00+00:00,0.19677280228022798,0.0,0.9863037752414398,0.6497835497835498
2021-08-05 11:00:00+00:00,0.2022202220222022,0.0,0.9928884986830552,0.6476190476190476
2021-08-05 11:15:00+00:00,0.20900840084008393,0.0,0.9932835820895523,0.6448051948051948
2021-08-05 11:30:00+00:00,0.2157965796579657,0.0,0.9936786654960492,0.641991341991342
2021-08-05 11:45:00+00:00,0.2225847584758475,0.0,0.9940737489025462,0.6391774891774892
2021-08-05 12:00:00+00:00,0.2293729372937293,0.0,0.994468832309043,0.6363636363636364
2021-08-05 12:15:00+00:00,0.23640489048904886,0.0,0.9916374012291485,0.6329004329004329
2021-08-05 12:30:00+00:00,0.2434368436843684,0.0,0.9888059701492538,0.6294372294372295
2021-08-05 12:45:00+00:00,0.2504687968796879,0.0,0.9859745390693591,0.625974025974026
2021-08-05 13:00:00+00:00,0.2575007500750075,0.0,0.9831431079894644,0.6225108225108225
2021-08-05 13:15:00+00:00,0.2611104860486049,0.0,0.9745171202809482,0.6183982683982684
2021-08-05 13:30:00+00:00,0.2647202220222022,0.0,0.965891132572432,0.6142857142857143
2021-08-05 13:45:00+00:00,0.2683299579957995,0.0,0.9572651448639158,0.6101731601731601
2021-08-05 14:00:00+00:00,0.2719396939693969,0.0,0.9486391571553996,0.6060606060606061
2021-08-05 14:15:00+00:00,0.27615886588658856,0.0,0.9327699736611064,0.6015151515151516
2021-08-05 14:30:00+00:00,0.2803780378037803,0.0,0.916900790166813,0.5969696969696969
2021-08-05 14:45:00+00:00,0.284597209720972,0.0,0.9010316066725197,0.5924242424242424
2021-08-05 15:00:00+00:00,0.2888163816381638,0.0,0.8851624231782265,0.5878787878787879
2021-08-05 15:15:00+00:00,0.28794441944194415,0.0,0.8584284460052678,0.5857142857142857
2021-08-05 15:30:00+00:00,0.2870724572457245,0.0,0.831694468832309,0.5835497835497836
2021-08-05 15:45:00+00:00,0.2862004950495049,0.0,0.8049604916593502,0.5813852813852813
2021-08-05 16:00:00+00:00,0.2853285328532853,0.0,0.7782265144863916,0.5792207792207792
2021-08-05 16:15:00+00:00,0.28337833783378336,0.0,0.7272388059701492,0.5833333333333333
2021-08-05 16:30:00+00:00,0.2814281428142814,0.0,0.6762510974539069,0.5874458874458874
2021-08-05 16:45:00+00:00,0.27947794779477947,0.0,0.6252633889376646,0.5915584415584416
2021-08-05 17:00:00+00:00,0.2775277527752775,0.0,0.5742756804214223,0.5956709956709957
2021-08-05 17:15:00+00:00,0.2735242274227423,0.0,0.4940517998244074,0.6274891774891775
2021-08-05 17:30:00+00:00,0.269520702070207,0.0,0.4138279192273925,0.6593073593073593
2021-08-05 17:45:00+00:00,0.2655171767176717,0.0,0.3336040386303776,0.691125541125541
2021-08-05 18:00:00+00:00,0.2615136513651365,0.0,0.2533801580333626,0.7229437229437229
2021-08-05 18:15:00+00:00,0.2529909240924092,0.0,0.21145741878841084,0.7357142857142858
2021-08-05 18:30:00+00:00,0.2444681968196819,0.0,0.1695346795434591,0.7484848484848485
2021-08-05 18:45:00+00:00,0.23594546954695467,0.0,0.1276119402985074,0.7612554112554113
2021-08-05 19:00:00+00:00,0.2274227422742274,0.0,0.0856892010535557,0.7740259740259741
2021-08-05 19:15:00+00:00,0.22476935193519348,0.0,0.08007023705004385,0.7696969696969698
2021-08-05 19:30:00+00:00,0.2221159615961596,0.0,0.074451273046532,0.7653679653679654
2021-08-05 19:45:00+00:00,0.2194625712571257,0.0,0.06883230904302015,0.761038961038961
2021-08-05 20:00:00+00:00,0.2168091809180918,0.0,0.0632133450395083,0.7567099567099567
2021-08-05 20:15:00+00:00,0.2221815931593159,0.0,0.0629719051799824,0.7441558441558441
2021-08-05 20:30:00+00:00,0.22755400540054,0.0,0.0627304653204565,0.7316017316017316
2021-08-05 20:45:00+00:00,0.23292641764176414,0.0,0.062489025460930596,0.719047619047619
2021-08-05 21:00:00+00:00,0.2382988298829883,0.0,0.0622475856014047,0.7064935064935065
2021-08-05 21:15:00+00:00,0.23978022802280224,0.0,0.06233538191395955,0.6961038961038961
2021-08-05 21:30:00+00:00,0.2412616261626162,0.0,0.0624231782265144,0.6857142857142857
2021-08-05 21:45:00+00:00,0.24274302430243022,0.0,0.0625109745390693,0.6753246753246753
2021-08-05 22:00:00+00:00,0.2442244224422442,0.0,0.0625987708516242,0.6649350649350649
2021-08-05 22:15:00+00:00,0.24316494149414936,0.0,0.0624890254609306,0.6567099567099567
2021-08-05 22:30:00+00:00,0.2421054605460545,0.0,0.062379280070237,0.6484848484848484
2021-08-05 22:45:00+00:00,0.24104597959795976,0.0,0.062269534679543395,0.6402597402597403
2021-08-05 23:00:00+00:00,0.239986498649865,0.0,0.0621597892888498,0.6320346320346321
2021-08-05 23:15:00+00:00,0.2350641314131413,0.0,0.06220368744512725,0.6251082251082252
2021-08-05 23:30:00+00:00,0.2301417641764176,0.0,0.0622475856014047,0.6181818181818183
2021-08-05 23:45:00+00:00,0.22521939693969395,0.0,0.06229148375768215,0.6112554112554114
2021-08-06 00:00:00+00:00,0.2202970297029703,0.0,0.0623353819139596,0.6043290043290044
2021-08-06 00:15:00+00:00,0.2174936243624362,0.0,0.06229148375768215,0.5982683982683983
2021-08-06 00:30:00+00:00,0.2146902190219021,0.0,0.0622475856014047,0.5922077922077922
2021-08-06 00:45:00+00:00,0.21188681368136805,0.0,0.06220368744512725,0.5861471861471861
2021-08-06 01:00:00+00:00,0.209083408340834,0.0,0.0621597892888498,0.5800865800865801
2021-08-06 01:15:00+00:00,0.2040297779777977,0.0,0.06202809482001745,0.5785714285714285
2021-08-06 01:30:00+00:00,0.1989761476147614,0.0,0.0618964003511851,0.577056277056277
2021-08-06 01:45:00+00:00,0.1939225172517251,0.0,0.06176470588235285,0.5755411255411256
2021-08-06 02:00:00+00:00,0.1888688868886888,0.0,0.0616330114135206,0.574025974025974
2021-08-06 02:15:00+00:00,0.18646864686468634,0.0,0.0613915715539947,0.5766233766233766
2021-08-06 02:30:00+00:00,0.1840684068406839,0.0,0.0611501316944688,0.5792207792207792
2021-08-06 02:45:00+00:00,0.18166816681668155,0.0,0.0609086918349429,0.5818181818181818
2021-08-06 03:00:00+00:00,0.1792679267926792,0.0,0.060667251975417,0.5844155844155844
2021-08-06 03:15:00+00:00,0.1747393489348934,0.0,0.05684811237928,0.5932900432900432
2021-08-06 03:30:00+00:00,0.1702107710771076,0.0,0.053028972783143,0.6021645021645021
2021-08-06 03:45:00+00:00,0.16568219321932187,0.0,0.04920983318700605,0.611038961038961
2021-08-06 04:00:00+00:00,0.1611536153615361,0.0,0.0453906935908691,0.6199134199134199
2021-08-06 04:15:00+00:00,0.15589371437143712,0.0,0.044776119402984996,0.63008658008658
2021-08-06 04:30:00+00:00,0.1506338133813381,0.0,0.0441615452151009,0.6402597402597403
2021-08-06 04:45:00+00:00,0.1453739123912391,0.0,0.0435469710272168,0.6504329004329005
2021-08-06 05:00:00+00:00,0.1401140114011401,0.0,0.0429323968393327,0.6606060606060606
2021-08-06 05:15:00+00:00,0.1318913141314131,0.0,0.08625987708516235,0.65995670995671
2021-08-06 05:30:00+00:00,0.1236686168616861,0.0,0.129587357330992,0.6593073593073593
2021-08-06 05:45:00+00:00,0.11544591959195916,0.0,0.1729148375768217,0.6586580086580087
2021-08-06 06:00:00+00:00,0.1072232223222322,0.0,0.2162423178226514,0.658008658008658
2021-08-06 06:15:00+00:00,0.09864423942394235,0.0,0.2987269534679543,0.6670995670995672
2021-08-06 06:30:00+00:00,0.0900652565256525,0.0,0.3812115891132572,0.6761904761904762
2021-08-06 06:45:00+00:00,0.0814862736273627,0.0,0.4636962247585601,0.6852813852813853
2021-08-06 07:00:00+00:00,0.0729072907290729,0.0,0.546180860403863,0.6943722943722944
2021-08-06 07:15:00+00:00,0.06966321632163215,0.0,0.6128402107111501,0.6917748917748918
2021-08-06 07:30:00+00:00,0.0664191419141914,0.0,0.6794995610184372,0.6891774891774892
2021-08-06 07:45:00+00:00,0.06317506750675066,0.0,0.7461589113257243,0.6865800865800866
2021-08-06 08:00:00+00:00,0.0599309930993099,0.0,0.8128182616330114,0.683982683982684
2021-08-06 08:15:00+00:00,0.06234998499849981,0.0,0.8408252853380157,0.6785714285714286
2021-08-06 08:30:00+00:00,0.0647689768976897,0.0,0.8688323090430201,0.6731601731601732
2021-08-06 08:45:00+00:00,0.06718796879687966,0.0,0.8968393327480244,0.6677489177489178
2021-08-06 09:00:00+00:00,0.0696069606960696,0.0,0.9248463564530288,0.6623376623376623
2021-08-06 09:15:00+00:00,0.07648889888988894,0.0,0.9378621597892887,0.6586580086580087
2021-08-06 09:30:00+00:00,0.0833708370837083,0.0,0.9508779631255486,0.654978354978355
2021-08-06 09:45:00+00:00,0.0902527752775277,0.0,0.9638937664618085,0.6512987012987014
2021-08-06 10:00:00+00:00,0.0971347134713471,0.0,0.9769095697980684,0.6476190476190476
2021-08-06 10:15:00+00:00,0.104035403540354,0.0,0.9825285338015802,0.6426406926406927
2021-08-06 10:30:00+00:00,0.1109360936093609,0.0,0.988147497805092,0.6376623376623376
2021-08-06 10:45:00+00:00,0.1178367836783678,0.0,0.993766461808604,0.6326839826839826
2021-08-06 11:00:00+00:00,0.1247374737473747,0.0,0.999385425812116,0.6277056277056277
2021-08-06 11:15:00+00:00,0.13570732073207314,0.0,0.999539069359087,0.6218614718614719
2021-08-06 11:30:00+00:00,0.1466771677167716,0.0,0.999692712906058,0.616017316017316
2021-08-06 11:45:00+00:00,0.1576470147014701,0.0,0.999846356453029,0.6101731601731601
2021-08-06 12:00:00+00:00,0.1686168616861686,0.0,1.0,0.6043290043290044
2021-08-06 12:15:00+00:00,0.1821182118211821,0.0,0.996729587357331,0.6023809523809525
2021-08-06 12:30:00+00:00,0.1956195619561956,0.0,0.993459174714662,0.6004329004329005
2021-08-06 12:45:00+00:00,0.2091209120912091,0.0,0.990188762071993,0.5984848484848486
2021-08-06 13:00:00+00:00,0.2226222622262226,0.0,0.986918349429324,0.5965367965367966
2021-08-06 13:15:00+00:00,0.2347828532853285,0.0,0.978204565408253,0.5926406926406926
2021-08-06 13:30:00+00:00,0.2469434443444344,0.0,0.9694907813871818,0.5887445887445888
2021-08-06 13:45:00+00:00,0.2591040354035403,0.0,0.9607769973661107,0.584848484848485
2021-08-06 14:00:00+00:00,0.2712646264626462,0.0,0.9520632133450396,0.580952380952381
2021-08-06 14:15:00+00:00,0.2824594959495949,0.0,0.9367647058823529,0.5796536796536798
2021-08-06 14:30:00+00:00,0.2936543654365436,0.0,0.9214661984196664,0.5783549783549784
2021-08-06 14:45:00+00:00,0.3048492349234923,0.0,0.9061676909569798,0.577056277056277
2021-08-06 15:00:00+00:00,0.316044104410441,0.0,0.8908691834942932,0.5757575757575758
2021-08-06 15:15:00+00:00,0.32105085508550857,0.0,0.8611281826163301,0.5725108225108226
2021-08-06 15:30:00+00:00,0.3260576057605761,0.0,0.831387181738367,0.5692640692640694
2021-08-06 15:45:00+00:00,0.3310643564356436,0.0,0.8016461808604038,0.5660173160173161
2021-08-06 16:00:00+00:00,0.3360711071107111,0.0,0.7719051799824408,0.5627705627705628
2021-08-06 16:15:00+00:00,0.3395870837083709,0.0,0.7192493415276558,0.5740259740259741
2021-08-06 16:30:00+00:00,0.3431030603060306,0.0,0.6665935030728709,0.5852813852813853
2021-08-06 16:45:00+00:00,0.34661903690369034,0.0,0.6139376646180861,0.5965367965367965
2021-08-06 17:00:00+00:00,0.3501350135013501,0.0,0.5612818261633011,0.6077922077922078
2021-08-06 17:15:00+00:00,0.34754725472547254,0.0,0.482791922739245,0.6134199134199134
2021-08-06 17:30:00+00:00,0.3449594959495949,0.0,0.4043020193151888,0.6190476190476191
2021-08-06 17:45:00+00:00,0.3423717371737174,0.0,0.32581211589113257,0.6246753246753247
2021-08-06 18:00:00+00:00,0.3397839783978398,0.0,0.2473222124670764,0.6303030303030303
2021-08-06 18:15:00+00:00,0.33570544554455445,0.0,0.20651887620719928,0.6367965367965367
2021-08-06 18:30:00+00:00,0.3316269126912691,0.0,0.1657155399473222,0.6432900432900432
2021-08-06 18:45:00+00:00,0.3275483798379838,0.0,0.1249122036874451,0.6497835497835497
2021-08-06 19:00:00+00:00,0.3234698469846985,0.0,0.084108867427568,0.6562770562770562
2021-08-06 19:15:00+00:00,0.3197569756975698,0.0,0.0790386303775241,0.6534632034632035
2021-08-06 19:30:00+00:00,0.316044104410441,0.0,0.0739683933274802,0.6506493506493507
2021-08-06 19:45:00+00:00,0.3123312331233123,0.0,0.0688981562774363,0.6478354978354979
2021-08-06 20:00:00+00:00,0.3086183618361836,0.0,0.0638279192273924,0.645021645021645
2021-08-06 20:15:00+00:00,0.30391164116411634,0.0,0.0635206321334503,0.645887445887446
2021-08-06 20:30:00+00:00,0.2992049204920491,0.0,0.0632133450395082,0.6467532467532467
2021-08-06 20:45:00+00:00,0.29449819981998193,0.0,0.0629060579455662,0.6476190476190475
2021-08-06 21:00:00+00:00,0.2897914791479148,0.0,0.0625987708516242,0.6484848484848484
2021-08-06 21:15:00+00:00,0.28695994599459945,0.0,0.0626207199297629,0.6341991341991342
2021-08-06 21:30:00+00:00,0.2841284128412841,0.0,0.0626426690079016,0.61991341991342
2021-08-06 21:45:00+00:00,0.2812968796879688,0.0,0.06266461808604035,0.6056277056277057
2021-08-06 22:00:00+00:00,0.2784653465346535,0.0,0.0626865671641791,0.5913419913419914
2021-08-06 22:15:00+00:00,0.27296167116711667,0.0,0.06264266900790165,0.5831168831168831
2021-08-06 22:30:00+00:00,0.2674579957995799,0.0,0.0625987708516242,0.5748917748917749
2021-08-06 22:45:00+00:00,0.26195432043204314,0.0,0.06255487269534675,0.5666666666666667
2021-08-06 23:00:00+00:00,0.2564506450645064,0.0,0.0625109745390693,0.5584415584415584
2021-08-06 23:15:00+00:00,0.2524283678367836,0.0,0.06246707638279185,0.5532467532467532
2021-08-06 23:30:00+00:00,0.2484060906090608,0.0,0.0624231782265144,0.548051948051948
2021-08-06 23:45:00+00:00,0.24438381338133805,0.0,0.062379280070237,0.5428571428571428
2021-08-07 00:00:00+00:00,0.2403615361536153,0.0,0.0623353819139596,0.5376623376623376
2021-08-07 00:15:00+00:00,0.23773627362736266,0.0,0.062313432835820845,0.536147186147186
2021-08-07 00:30:00+00:00,0.23511101110111,0.0,0.0622914837576821,0.5346320346320346
2021-08-07 00:45:00+00:00,0.23248574857485738,0.0,0.062269534679543395,0.5331168831168831
2021-08-07 01:00:00+00:00,0.2298604860486048,0.0,0.0622475856014047,0.5316017316017316
2021-08-07 01:15:00+00:00,0.22607260726072598,0.0,0.06218173836698855,0.5305194805194805
2021-08-07 01:30:00+00:00,0.2222847284728472,0.0,0.0621158911325724,0.5294372294372294
2021-08-07 01:45:00+00:00,0.21849684968496846,0.0,0.06205004389815625,0.5283549783549784
2021-08-07 02:00:00+00:00,0.2147089708970897,0.0,0.0619841966637401,0.5272727272727272
2021-08-07 02:15:00+00:00,0.21360261026102606,0.0,0.0614135206321334,0.5261904761904761
2021-08-07 02:30:00+00:00,0.2124962496249624,0.0,0.0608428446005267,0.5251082251082251
2021-08-07 02:45:00+00:00,0.21138988898889882,0.0,0.06027216856892005,0.5240259740259741
2021-08-07 03:00:00+00:00,0.2102835283528352,0.0,0.0597014925373134,0.5229437229437229
2021-08-07 03:15:00+00:00,0.21223372337233715,0.0,0.0556409130816505,0.5235930735930736
2021-08-07 03:30:00+00:00,0.2141839183918391,0.0,0.0515803336259876,0.5242424242424242
2021-08-07 03:45:00+00:00,0.2161341134113411,0.0,0.04751975417032475,0.5248917748917749
2021-08-07 04:00:00+00:00,0.2180843084308431,0.0,0.0434591747146619,0.5255411255411255
2021-08-07 04:15:00+00:00,0.2180374287428743,0.0,0.0420105355575065,0.5242424242424242
2021-08-07 04:30:00+00:00,0.2179905490549055,0.0,0.0405618964003511,0.5229437229437229
2021-08-07 04:45:00+00:00,0.2179436693669367,0.0,0.0391132572431957,0.5216450216450217
2021-08-07 05:00:00+00:00,0.2178967896789679,0.0,0.0376646180860403,0.5203463203463203
2021-08-07 05:15:00+00:00,0.21351822682268223,0.0,0.0736611062335381,0.5246753246753246
2021-08-07 05:30:00+00:00,0.2091396639663966,0.0,0.1096575943810359,0.5290043290043289
2021-08-07 05:45:00+00:00,0.20476110111011095,0.0,0.14565408252853373,0.5333333333333332
2021-08-07 06:00:00+00:00,0.2003825382538253,0.0,0.1816505706760316,0.5376623376623376
2021-08-07 06:15:00+00:00,0.1984604710471046,0.0,0.25875768217734857,0.5400432900432901
2021-08-07 06:30:00+00:00,0.1965384038403839,0.0,0.3358647936786655,0.5424242424242425
2021-08-07 06:45:00+00:00,0.1946163366336633,0.0,0.41297190517998245,0.5448051948051948
2021-08-07 07:00:00+00:00,0.1926942694269427,0.0,0.4900790166812994,0.5471861471861472
2021-08-07 07:15:00+00:00,0.198291704170417,0.0,0.5504170324846357,0.551948051948052
2021-08-07 07:30:00+00:00,0.2038891389138913,0.0,0.6107550482879719,0.5567099567099567
2021-08-07 07:45:00+00:00,0.20948657365736564,0.0,0.6710930640913082,0.5614718614718615
2021-08-07 08:00:00+00:00,0.21508400840084,0.0,0.7314310798946444,0.5662337662337662
2021-08-07 08:15:00+00:00,0.21918129312931284,0.0,0.7712247585601404,0.5662337662337662
2021-08-07 08:30:00+00:00,0.2232785778577857,0.0,0.8110184372256365,0.5662337662337662
2021-08-07 08:45:00+00:00,0.22737586258625855,0.0,0.8508121158911326,0.5662337662337662
2021-08-07 09:00:00+00:00,0.2314731473147314,0.0,0.8906057945566286,0.5662337662337662
2021-08-07 09:15:00+00:00,0.2329732973297329,0.0,0.904828797190518,0.5636363636363636
2021-08-07 09:30:00+00:00,0.2344734473447344,0.0,0.9190517998244074,0.561038961038961
2021-08-07 09:45:00+00:00,0.2359735973597359,0.0,0.9332748024582969,0.5584415584415584
2021-08-07 10:00:00+00:00,0.2374737473747374,0.0,0.9474978050921862,0.5558441558441558
2021-08-07 10:15:00+00:00,0.24181480648064801,0.0,0.957155399473222,0.556060606060606
2021-08-07 10:30:00+00:00,0.2461558655865586,0.0,0.966812993854258,0.5562770562770563
2021-08-07 10:45:00+00:00,0.2504969246924692,0.0,0.976470588235294,0.5564935064935065
2021-08-07 11:00:00+00:00,0.2548379837983798,0.0,0.98612818261633,0.5567099567099567
2021-08-07 11:15:00+00:00,0.2580445544554455,0.0,0.988235294117647,0.5584415584415584
2021-08-07 11:30:00+00:00,0.2612511251125112,0.0,0.990342405618964,0.5601731601731601
2021-08-07 11:45:00+00:00,0.2644576957695769,0.0,0.992449517120281,0.5619047619047619
2021-08-07 12:00:00+00:00,0.2676642664266426,0.0,0.994556628621598,0.5636363636363636
2021-08-07 12:15:00+00:00,0.2711989948994899,0.0,0.9896180860403865,0.5573593073593073
2021-08-07 12:30:00+00:00,0.2747337233723372,0.0,0.9846795434591749,0.5510822510822511
2021-08-07 12:45:00+00:00,0.2782684518451845,0.0,0.9797410008779632,0.5448051948051948
2021-08-07 13:00:00+00:00,0.2818031803180318,0.0,0.9748024582967516,0.5385281385281385
2021-08-07 13:15:00+00:00,0.2818125562556255,0.0,0.9686786654960492,0.5341991341991341
2021-08-07 13:30:00+00:00,0.2818219321932192,0.0,0.9625548726953468,0.5298701298701298
2021-08-07 13:45:00+00:00,0.28183130813081303,0.0,0.9564310798946444,0.5255411255411255
2021-08-07 14:00:00+00:00,0.2818406840684068,0.0,0.950307287093942,0.5212121212121212
2021-08-07 14:15:00+00:00,0.2827032703270326,0.0,0.9330772607550482,0.5136363636363637
2021-08-07 14:30:00+00:00,0.2835658565856584,0.0,0.9158472344161545,0.5060606060606061
2021-08-07 14:45:00+00:00,0.2844284428442843,0.0,0.8986172080772608,0.49848484848484853
2021-08-07 15:00:00+00:00,0.2852910291029102,0.0,0.8813871817383669,0.4909090909090909
2021-08-07 15:15:00+00:00,0.28423154815481544,0.0,0.8544776119402985,0.48896103896103893
2021-08-07 15:30:00+00:00,0.2831720672067206,0.0,0.82756804214223,0.487012987012987
2021-08-07 15:45:00+00:00,0.2821125862586258,0.0,0.8006584723441615,0.4850649350649351
2021-08-07 16:00:00+00:00,0.281053105310531,0.0,0.7737489025460931,0.4831168831168831
2021-08-07 16:15:00+00:00,0.2856848184818481,0.0,0.7205882352941176,0.49242424242424243
2021-08-07 16:30:00+00:00,0.2903165316531653,0.0,0.6674275680421422,0.5017316017316017
2021-08-07 16:45:00+00:00,0.2949482448244824,0.0,0.6142669007901669,0.511038961038961
2021-08-07 17:00:00+00:00,0.2995799579957995,0.0,0.5611062335381914,0.5203463203463203
2021-08-07 17:15:00+00:00,0.2997768526852685,0.0,0.48050921861281826,0.5268398268398268
2021-08-07 17:30:00+00:00,0.2999737473747375,0.0,0.3999122036874451,0.5333333333333333
2021-08-07 17:45:00+00:00,0.3001706420642064,0.0,0.319315188762072,0.5398268398268398
2021-08-07 18:00:00+00:00,0.3003675367536754,0.0,0.2387181738366988,0.5463203463203463
2021-08-07 18:15:00+00:00,0.2946388388838884,0.0,0.19945127304653198,0.5376623376623376
2021-08-07 18:30:00+00:00,0.2889101410141014,0.0,0.1601843722563652,0.5290043290043289
2021-08-07 18:45:00+00:00,0.28318144314431437,0.0,0.1209174714661984,0.5203463203463203
2021-08-07 19:00:00+00:00,0.2774527452745274,0.0,0.0816505706760316,0.5116883116883116
2021-08-07 19:15:00+00:00,0.27762151215121506,0.0,0.076865671641791,0.5175324675324675
2021-08-07 19:30:00+00:00,0.2777902790279027,0.0,0.0720807726075504,0.5233766233766233
2021-08-07 19:45:00+00:00,0.2779590459045904,0.0,0.06729587357330985,0.5292207792207791
2021-08-07 20:00:00+00:00,0.2781278127812781,0.0,0.0625109745390693,0.535064935064935
2021-08-07 20:15:00+00:00,0.27583070807080706,0.0,0.06235733099209825,0.5443722943722944
2021-08-07 20:30:00+00:00,0.273533603360336,0.0,0.0622036874451272,0.5536796536796537
2021-08-07 20:45:00+00:00,0.271236498649865,0.0,0.0620500438981562,0.5629870129870129
2021-08-07 21:00:00+00:00,0.2689393939393939,0.0,0.0618964003511852,0.5722943722943723
2021-08-07 21:15:00+00:00,0.26122299729973,0.0,0.0619183494293239,0.5766233766233766
2021-08-07 21:30:00+00:00,0.253506600660066,0.0,0.0619402985074626,0.5809523809523809
2021-08-07 21:45:00+00:00,0.24579020402040197,0.0,0.06196224758560135,0.5852813852813852
2021-08-07 22:00:00+00:00,0.238073807380738,0.0,0.0619841966637401,0.5896103896103896
2021-08-07 22:15:00+00:00,0.22944794479447933,0.0,0.0620061457418788,0.5768398268398268
2021-08-07 22:30:00+00:00,0.2208220822082207,0.0,0.0620280948200175,0.564069264069264
2021-08-07 22:45:00+00:00,0.2121962196219621,0.0,0.0620500438981562,0.5512987012987013
2021-08-07 23:00:00+00:00,0.2035703570357035,0.0,0.0620719929762949,0.5385281385281385
2021-08-07 23:15:00+00:00,0.19879800480047993,0.0,0.062093942054433596,0.5337662337662337
2021-08-07 23:30:00+00:00,0.1940256525652564,0.0,0.0621158911325723,0.5290043290043289
2021-08-07 23:45:00+00:00,0.1892533003300329,0.0,0.062137840210711046,0.5242424242424242
2021-08-08 00:00:00+00:00,0.1844809480948094,0.0,0.0621597892888498,0.5194805194805194
2021-08-08 00:15:00+00:00,0.18287766276627654,0.0,0.0620719929762949,0.5164502164502164
2021-08-08 00:30:00+00:00,0.1812743774377437,0.0,0.06198419666374,0.5134199134199133
2021-08-08 00:45:00+00:00,0.17967109210921084,0.0,0.061896400351185155,0.5103896103896104
2021-08-08 01:00:00+00:00,0.178067806780678,0.0,0.0618086040386303,0.5073593073593073
2021-08-08 01:15:00+00:00,0.1763332583258325,0.0,0.060469710272168506,0.5067099567099567
2021-08-08 01:30:00+00:00,0.174598709870987,0.0,0.0591308165057067,0.5060606060606061
2021-08-08 01:45:00+00:00,0.17286416141614155,0.0,0.0577919227392449,0.5054112554112554
2021-08-08 02:00:00+00:00,0.1711296129612961,0.0,0.0564530289727831,0.5047619047619047
2021-08-08 02:15:00+00:00,0.16693856885688566,0.0,0.0540605794556628,0.504978354978355
2021-08-08 02:30:00+00:00,0.1627475247524752,0.0,0.0516681299385425,0.5051948051948052
2021-08-08 02:45:00+00:00,0.15855648064806477,0.0,0.04927568042142225,0.5054112554112554
2021-08-08 03:00:00+00:00,0.1543654365436543,0.0,0.046883230904302,0.5056277056277056
2021-08-08 03:15:00+00:00,0.1501181368136813,0.0,0.0427787532923617,0.5060606060606061
2021-08-08 03:30:00+00:00,0.1458708370837083,0.0,0.0386742756804214,0.5064935064935066
2021-08-08 03:45:00+00:00,0.14162353735373534,0.0,0.0345697980684811,0.506926406926407
2021-08-08 04:00:00+00:00,0.1373762376237624,0.0,0.0304653204565408,0.5073593073593073
2021-08-08 04:15:00+00:00,0.13489161416141615,0.0,0.02985074626865665,0.5093073593073594
2021-08-08 04:30:00+00:00,0.1324069906990699,0.0,0.0292361720807725,0.5112554112554113
2021-08-08 04:45:00+00:00,0.12992236723672362,0.0,0.0286215978928884,0.5132034632034632
2021-08-08 05:00:00+00:00,0.1274377437743774,0.0,0.0280070237050043,0.5151515151515151
2021-08-08 05:15:00+00:00,0.12325607560756069,0.0,0.0642230026338893,0.516017316017316
2021-08-08 05:30:00+00:00,0.119074407440744,0.0,0.1004389815627743,0.5168831168831169
2021-08-08 05:45:00+00:00,0.11489273927392735,0.0,0.1366549604916593,0.5177489177489178
2021-08-08 06:00:00+00:00,0.1107110711071107,0.0,0.1728709394205443,0.5186147186147186
2021-08-08 06:15:00+00:00,0.10760763576357629,0.0,0.2504389815627743,0.5272727272727273
2021-08-08 06:30:00+00:00,0.1045042004200419,0.0,0.3280070237050043,0.5359307359307359
2021-08-08 06:45:00+00:00,0.1014007650765076,0.0,0.40557506584723435,0.5445887445887445
2021-08-08 07:00:00+00:00,0.0982973297329733,0.0,0.4831431079894644,0.5532467532467532
2021-08-08 07:15:00+00:00,0.0949219921992199,0.0,0.5530948200175593,0.5593073593073592
2021-08-08 07:30:00+00:00,0.0915466546654665,0.0,0.6230465320456541,0.5653679653679653
2021-08-08 07:45:00+00:00,0.08817131713171315,0.0,0.6929982440737489,0.5714285714285714
2021-08-08 08:00:00+00:00,0.0847959795979598,0.0,0.7629499561018437,0.5774891774891775
2021-08-08 08:15:00+00:00,0.0792266726672667,0.0,0.7900790166812994,0.5766233766233766
2021-08-08 08:30:00+00:00,0.0736573657365736,0.0,0.8172080772607551,0.5757575757575757
2021-08-08 08:45:00+00:00,0.06808805880588055,0.0,0.8443371378402107,0.5748917748917748
2021-08-08 09:00:00+00:00,0.0625187518751875,0.0,0.8714661984196663,0.574025974025974
2021-08-08 09:15:00+00:00,0.0591902940294029,0.0,0.8833625987708515,0.572077922077922
2021-08-08 09:30:00+00:00,0.0558618361836183,0.0,0.8952589991220368,0.57012987012987
2021-08-08 09:45:00+00:00,0.052533378337833746,0.0,0.907155399473222,0.5681818181818181
2021-08-08 10:00:00+00:00,0.0492049204920492,0.0,0.9190517998244072,0.5662337662337662
2021-08-08 10:15:00+00:00,0.05003937893789375,0.0,0.9274143985952588,0.566017316017316
2021-08-08 10:30:00+00:00,0.0508738373837383,0.0,0.9357769973661104,0.5658008658008657
2021-08-08 10:45:00+00:00,0.051708295829582904,0.0,0.9441395961369621,0.5655844155844156
2021-08-08 11:00:00+00:00,0.0525427542754275,0.0,0.9525021949078138,0.5653679653679654
2021-08-08 11:15:00+00:00,0.056358760876087544,0.0,0.9577480245829675,0.5664502164502165
2021-08-08 11:30:00+00:00,0.0601747674767476,0.0,0.9629938542581212,0.5675324675324676
2021-08-08 11:45:00+00:00,0.06399077407740769,0.0,0.9682396839332748,0.5686147186147186
2021-08-08 12:00:00+00:00,0.0678067806780678,0.0,0.9734855136084284,0.5696969696969697
2021-08-08 12:15:00+00:00,0.0733667116711671,0.0,0.9707199297629499,0.5658008658008657
2021-08-08 12:30:00+00:00,0.0789266426642664,0.0,0.9679543459174712,0.5619047619047619
2021-08-08 12:45:00+00:00,0.0844865736573657,0.0,0.9651887620719928,0.5580086580086581
2021-08-08 13:00:00+00:00,0.090046504650465,0.0,0.9624231782265144,0.5541125541125541
2021-08-08 13:15:00+00:00,0.0967409240924092,0.0,0.953665496049166,0.5495670995670996
2021-08-08 13:30:00+00:00,0.1034353435343534,0.0,0.9449078138718174,0.545021645021645
2021-08-08 13:45:00+00:00,0.1101297629762976,0.0,0.9361501316944689,0.5404761904761904
2021-08-08 14:00:00+00:00,0.1168241824182418,0.0,0.9273924495171204,0.5359307359307359
2021-08-08 14:15:00+00:00,0.1239498949894989,0.0,0.9065188762071994,0.5352813852813852
2021-08-08 14:30:00+00:00,0.131075607560756,0.0,0.8856453028972784,0.5346320346320346
2021-08-08 14:45:00+00:00,0.13820132013201317,0.0,0.8647717295873574,0.533982683982684
2021-08-08 15:00:00+00:00,0.1453270327032703,0.0,0.8438981562774364,0.5333333333333333
2021-08-08 15:15:00+00:00,0.15124324932493244,0.0,0.813476733977173,0.545021645021645
2021-08-08 15:30:00+00:00,0.1571594659465946,0.0,0.7830553116769096,0.5567099567099567
2021-08-08 15:45:00+00:00,0.1630756825682568,0.0,0.7526338893766462,0.5683982683982685
2021-08-08 16:00:00+00:00,0.168991899189919,0.0,0.7222124670763828,0.5800865800865801
2021-08-08 16:15:00+00:00,0.17443931893189318,0.0,0.6740781387181738,0.5792207792207793
2021-08-08 16:30:00+00:00,0.1798867386738674,0.0,0.6259438103599648,0.5783549783549784
2021-08-08 16:45:00+00:00,0.1853341584158416,0.0,0.5778094820017559,0.5774891774891775
2021-08-08 17:00:00+00:00,0.1907815781578158,0.0,0.529675153643547,0.5766233766233766
2021-08-08 17:15:00+00:00,0.19425067506750676,0.0,0.45583845478489904,0.5774891774891775
2021-08-08 17:30:00+00:00,0.1977197719771977,0.0,0.3820017559262511,0.5783549783549784
2021-08-08 17:45:00+00:00,0.20118886888688864,0.0,0.3081650570676031,0.5792207792207793
2021-08-08 18:00:00+00:00,0.2046579657965796,0.0,0.2343283582089552,0.5800865800865801
2021-08-08 18:15:00+00:00,0.20302655265526545,0.0,0.19626865671641786,0.588095238095238
2021-08-08 18:30:00+00:00,0.2013951395139513,0.0,0.1582089552238805,0.596103896103896
2021-08-08 18:45:00+00:00,0.1997637263726372,0.0,0.1201492537313432,0.604112554112554
2021-08-08 19:00:00+00:00,0.1981323132313231,0.0,0.0820895522388059,0.6121212121212121
2021-08-08 19:15:00+00:00,0.19816981698169817,0.0,0.0769973661106233,0.6138528138528139
2021-08-08 19:30:00+00:00,0.1982073207320732,0.0,0.0719051799824407,0.6155844155844156
2021-08-08 19:45:00+00:00,0.19824482448244823,0.0,0.0668129938542581,0.6173160173160173
2021-08-08 20:00:00+00:00,0.1982823282328233,0.0,0.0617208077260755,0.6190476190476191
2021-08-08 20:15:00+00:00,0.19576957695769576,0.0,0.061523266022827,0.6142857142857143
2021-08-08 20:30:00+00:00,0.1932568256825682,0.0,0.0613257243195785,0.6095238095238096
2021-08-08 20:45:00+00:00,0.19074407440744068,0.0,0.061128182616330046,0.6047619047619048
2021-08-08 21:00:00+00:00,0.1882313231323132,0.0,0.0609306409130816,0.6
2021-08-08 21:15:00+00:00,0.1852216471647164,0.0,0.0607989464442493,0.5941558441558441
2021-08-08 21:30:00+00:00,0.1822119711971196,0.0,0.060667251975417,0.5883116883116883
2021-08-08 21:45:00+00:00,0.1792022952295229,0.0,0.0605355575065847,0.5824675324675325
2021-08-08 22:00:00+00:00,0.1761926192619262,0.0,0.0604038630377524,0.5766233766233766
2021-08-08 22:15:00+00:00,0.1749081158115811,0.0,0.059833187006145705,0.5681818181818181
2021-08-08 22:30:00+00:00,0.173623612361236,0.0,0.059262510974539,0.5597402597402596
2021-08-08 22:45:00+00:00,0.172339108910891,0.0,0.058691834942932355,0.5512987012987012
2021-08-08 23:00:00+00:00,0.171054605460546,0.0,0.0581211589113257,0.5428571428571428
2021-08-08 23:15:00+00:00,0.16824182418241818,0.0,0.057923617208077205,0.5348484848484849
2021-08-08 23:30:00+00:00,0.1654290429042904,0.0,0.0577260755048287,0.5268398268398269
2021-08-08 23:45:00+00:00,0.1626162616261626,0.0,0.05752853380158025,0.5188311688311689
2021-08-09 00:00:00+00:00,0.1598034803480348,0.0,0.0573309920983318,0.5108225108225108
2021-08-09 00:15:00+00:00,0.15754387938793873,0.0,0.057309043020193046,0.5095238095238095
2021-08-09 00:30:00+00:00,0.1552842784278427,0.0,0.0572870939420543,0.5082251082251082
2021-08-09 00:45:00+00:00,0.1530246774677467,0.0,0.057265144863915596,0.506926406926407
2021-08-09 01:00:00+00:00,0.1507650765076507,0.0,0.0572431957857769,0.5056277056277056
2021-08-09 01:15:00+00:00,0.1480179267926792,0.0,0.057155399473222,0.5056277056277056
2021-08-09 01:30:00+00:00,0.1452707770777077,0.0,0.0570676031606671,0.5056277056277056
2021-08-09 01:45:00+00:00,0.14252362736273622,0.0,0.0569798068481123,0.5056277056277056
2021-08-09 02:00:00+00:00,0.1397764776477647,0.0,0.0568920105355575,0.5056277056277056
2021-08-09 02:15:00+00:00,0.13634488448844875,0.0,0.0561676909569798,0.5145021645021646
2021-08-09 02:30:00+00:00,0.1329132913291328,0.0,0.0554433713784021,0.5233766233766234
2021-08-09 02:45:00+00:00,0.12948169816981692,0.0,0.0547190517998244,0.5322510822510822
2021-08-09 03:00:00+00:00,0.126050105010501,0.0,0.0539947322212467,0.5411255411255411
2021-08-09 03:15:00+00:00,0.12333108310831076,0.0,0.0491878841088674,0.5482683982683982
2021-08-09 03:30:00+00:00,0.1206120612061205,0.0,0.0443810359964881,0.5554112554112554
2021-08-09 03:45:00+00:00,0.1178930393039303,0.0,0.0395741878841088,0.5625541125541125
2021-08-09 04:00:00+00:00,0.1151740174017401,0.0,0.0347673397717295,0.5696969696969697
2021-08-09 04:15:00+00:00,0.1135051005100509,0.0,0.034196663740122854,0.5753246753246752
2021-08-09 04:30:00+00:00,0.1118361836183617,0.0,0.0336259877085162,0.5809523809523809
2021-08-09 04:45:00+00:00,0.11016726672667254,0.0,0.033055311676909546,0.5865800865800865
2021-08-09 05:00:00+00:00,0.1084983498349834,0.0,0.0324846356453029,0.5922077922077922
2021-08-09 05:15:00+00:00,0.10555430543054295,0.0,0.06442054433713779,0.5987012987012986
2021-08-09 05:30:00+00:00,0.1026102610261025,0.0,0.0963564530289727,0.6051948051948052
2021-08-09 05:45:00+00:00,0.0996662166216621,0.0,0.12829236172080766,0.6116883116883116
2021-08-09 06:00:00+00:00,0.0967221722172217,0.0,0.1602282704126426,0.6181818181818182
2021-08-09 06:15:00+00:00,0.09510951095109504,0.0,0.2248463564530289,0.6255411255411255
2021-08-09 06:30:00+00:00,0.0934968496849684,0.0,0.2894644424934152,0.6329004329004329
2021-08-09 06:45:00+00:00,0.0918841884188418,0.0,0.3540825285338015,0.6402597402597403
2021-08-09 07:00:00+00:00,0.0902715271527152,0.0,0.4187006145741879,0.6476190476190476
2021-08-09 07:15:00+00:00,0.09046842184218415,0.0,0.4812774363476734,0.6482683982683983
2021-08-09 07:30:00+00:00,0.0906653165316531,0.0,0.543854258121159,0.6489177489177489
2021-08-09 07:45:00+00:00,0.09086221122112206,0.0,0.6064310798946444,0.6495670995670996
2021-08-09 08:00:00+00:00,0.091059105910591,0.0,0.66900790166813,0.6502164502164502
2021-08-09 08:15:00+00:00,0.0895120762076207,0.0,0.7016681299385426,0.6517316017316017
2021-08-09 08:30:00+00:00,0.0879650465046504,0.0,0.7343283582089553,0.6532467532467532
2021-08-09 08:45:00+00:00,0.0864180168016801,0.0,0.766988586479368,0.6547619047619047
2021-08-09 09:00:00+00:00,0.0848709870987098,0.0,0.7996488147497806,0.6562770562770562
2021-08-09 09:15:00+00:00,0.08584608460846076,0.0,0.8175592625109747,0.6532467532467532
2021-08-09 09:30:00+00:00,0.0868211821182117,0.0,0.8354697102721687,0.6502164502164502
2021-08-09 09:45:00+00:00,0.0877962796279627,0.0,0.8533801580333626,0.6471861471861472
2021-08-09 10:00:00+00:00,0.0887713771377137,0.0,0.8712906057945566,0.6441558441558441
2021-08-09 10:15:00+00:00,0.09164041404140405,0.0,0.8817603160667251,0.6432900432900432
2021-08-09 10:30:00+00:00,0.0945094509450944,0.0,0.8922300263388937,0.6424242424242423
2021-08-09 10:45:00+00:00,0.0973784878487848,0.0,0.9026997366110623,0.6415584415584414
2021-08-09 11:00:00+00:00,0.1002475247524752,0.0,0.9131694468832308,0.6406926406926406
2021-08-09 11:15:00+00:00,0.10413853885388535,0.0,0.9176909569798068,0.6376623376623376
2021-08-09 11:30:00+00:00,0.1080295529552955,0.0,0.9222124670763828,0.6346320346320347
2021-08-09 11:45:00+00:00,0.11192056705670565,0.0,0.9267339771729588,0.6316017316017316
2021-08-09 12:00:00+00:00,0.1158115811581158,0.0,0.9312554872695348,0.6285714285714286
2021-08-09 12:15:00+00:00,0.117049204920492,0.0,0.9285118525021949,0.6227272727272727
2021-08-09 12:30:00+00:00,0.1182868286828682,0.0,0.9257682177348552,0.6168831168831168
2021-08-09 12:45:00+00:00,0.11952445244524446,0.0,0.9230245829675154,0.611038961038961
2021-08-09 13:00:00+00:00,0.1207620762076207,0.0,0.9202809482001756,0.6051948051948052
2021-08-09 13:15:00+00:00,0.12151215121512145,0.0,0.9129499561018437,0.6010822510822511
2021-08-09 13:30:00+00:00,0.1222622262226222,0.0,0.9056189640035118,0.5969696969696969
2021-08-09 13:45:00+00:00,0.12301230123012295,0.0,0.89828797190518,0.5928571428571429
2021-08-09 14:00:00+00:00,0.1237623762376237,0.0,0.8909569798068481,0.5887445887445888
2021-08-09 14:15:00+00:00,0.1246343384338433,0.0,0.8745610184372257,0.5896103896103897
2021-08-09 14:30:00+00:00,0.1255063006300629,0.0,0.8581650570676032,0.5904761904761905
2021-08-09 14:45:00+00:00,0.12637826282628256,0.0,0.8417690956979806,0.5913419913419913
2021-08-09 15:00:00+00:00,0.1272502250225022,0.0,0.8253731343283582,0.5922077922077922
2021-08-09 15:15:00+00:00,0.1294348184818481,0.0,0.7958735733099209,0.5922077922077922
2021-08-09 15:30:00+00:00,0.131619411941194,0.0,0.7663740122914837,0.5922077922077922
2021-08-09 15:45:00+00:00,0.13380400540053994,0.0,0.7368744512730465,0.5922077922077922
2021-08-09 16:00:00+00:00,0.1359885988598859,0.0,0.7073748902546093,0.5922077922077922
2021-08-09 16:15:00+00:00,0.1384638463846384,0.0,0.6516900790166813,0.5976190476190476
2021-08-09 16:30:00+00:00,0.1409390939093909,0.0,0.5960052677787533,0.603030303030303
2021-08-09 16:45:00+00:00,0.1434143414341434,0.0,0.5403204565408253,0.6084415584415584
2021-08-09 17:00:00+00:00,0.1458895889588959,0.0,0.4846356453028972,0.6138528138528139
2021-08-09 17:15:00+00:00,0.14856173117311725,0.0,0.4135864793678665,0.6238095238095238
2021-08-09 17:30:00+00:00,0.1512338733873386,0.0,0.3425373134328358,0.6337662337662338
2021-08-09 17:45:00+00:00,0.15390601560156003,0.0,0.27148814749780503,0.6437229437229437
2021-08-09 18:00:00+00:00,0.1565781578157815,0.0,0.2004389815627743,0.6536796536796536
2021-08-09 18:15:00+00:00,0.15949407440744065,0.0,0.16815188762071986,0.664069264069264
2021-08-09 18:30:00+00:00,0.1624099909990998,0.0,0.1358647936786654,0.6744588744588744
2021-08-09 18:45:00+00:00,0.165325907590759,0.0,0.103577699736611,0.6848484848484848
2021-08-09 19:00:00+00:00,0.1682418241824182,0.0,0.0712906057945566,0.6952380952380952
2021-08-09 19:15:00+00:00,0.1699013651365136,0.0,0.0686347673397717,0.695021645021645
2021-08-09 19:30:00+00:00,0.171560906090609,0.0,0.0659789288849868,0.6948051948051948
2021-08-09 19:45:00+00:00,0.17322044704470446,0.0,0.0633230904302019,0.6945887445887446
2021-08-09 20:00:00+00:00,0.1748799879987999,0.0,0.060667251975417,0.6943722943722944
2021-08-09 20:15:00+00:00,0.1752456495649565,0.0,0.05858208955223875,0.6935064935064936
2021-08-09 20:30:00+00:00,0.1756113111311131,0.0,0.0564969271290605,0.6926406926406927
2021-08-09 20:45:00+00:00,0.1759769726972697,0.0,0.0544117647058823,0.6917748917748918
2021-08-09 21:00:00+00:00,0.1763426342634263,0.0,0.0523266022827041,0.6909090909090909
2021-08-09 21:15:00+00:00,0.1734267176717671,0.0,0.0507901668129938,0.672077922077922
2021-08-09 21:30:00+00:00,0.1705108010801079,0.0,0.0492537313432835,0.6532467532467532
2021-08-09 21:45:00+00:00,0.16759488448844875,0.0,0.04771729587357325,0.6344155844155843
2021-08-09 22:00:00+00:00,0.1646789678967896,0.0,0.046180860403863,0.6155844155844156
2021-08-09 22:15:00+00:00,0.16170679567956786,0.0,0.04613696224758555,0.5978354978354978
2021-08-09 22:30:00+00:00,0.1587346234623461,0.0,0.0460930640913081,0.5800865800865801
2021-08-09 22:45:00+00:00,0.15576245124512444,0.0,0.04604916593503065,0.5623376623376624
2021-08-09 23:00:00+00:00,0.1527902790279028,0.0,0.0460052677787532,0.5445887445887446
2021-08-09 23:15:00+00:00,0.14723972397239726,0.0,0.045676031606672454,0.5417748917748918
2021-08-09 23:30:00+00:00,0.1416891689168917,0.0,0.0453467954345917,0.538961038961039
2021-08-09 23:45:00+00:00,0.13613861386138615,0.0,0.04501755926251095,0.5361471861471861
2021-08-10 00:00:00+00:00,0.1305880588058806,0.0,0.0446883230904302,0.5333333333333333
2021-08-10 00:15:00+00:00,0.126284503450345,0.0,0.04330553116769095,0.5318181818181817
2021-08-10 00:30:00+00:00,0.1219809480948094,0.0,0.0419227392449517,0.5303030303030303
2021-08-10 00:45:00+00:00,0.11767739273927386,0.0,0.040539947322212444,0.5287878787878788
2021-08-10 01:00:00+00:00,0.1133738373837383,0.0,0.0391571553994732,0.5272727272727272
2021-08-10 01:15:00+00:00,0.1082451995199519,0.0,0.0384547848990342,0.5264069264069264
2021-08-10 01:30:00+00:00,0.1031165616561655,0.0,0.0377524143985952,0.5255411255411255
2021-08-10 01:45:00+00:00,0.09798792379237915,0.0,0.0370500438981562,0.5246753246753246
2021-08-10 02:00:00+00:00,0.0928592859285928,0.0,0.0363476733977172,0.5238095238095238
2021-08-10 02:15:00+00:00,0.08640864086408635,0.0,0.036281826163301056,0.5261904761904762
2021-08-10 02:30:00+00:00,0.0799579957995799,0.0,0.0362159789288849,0.5285714285714286
2021-08-10 02:45:00+00:00,0.07350735073507345,0.0,0.03615013169446875,0.530952380952381
2021-08-10 03:00:00+00:00,0.067056705670567,0.0,0.0360842844600526,0.5333333333333333
2021-08-10 03:15:00+00:00,0.06390639063906385,0.0,0.033428446005267703,0.5389610389610389
2021-08-10 03:30:00+00:00,0.0607560756075607,0.0,0.0307726075504828,0.5445887445887445
2021-08-10 03:45:00+00:00,0.057605760576057555,0.0,0.0281167690956979,0.5502164502164502
2021-08-10 04:00:00+00:00,0.0544554455445544,0.0,0.025460930640913,0.5558441558441558
2021-08-10 04:15:00+00:00,0.053114686468646796,0.0,0.023880597014925252,0.5567099567099567
2021-08-10 04:30:00+00:00,0.0517739273927392,0.0,0.0223002633889375,0.5575757575757576
2021-08-10 04:45:00+00:00,0.0504331683168316,0.0,0.02071992976294985,0.5584415584415585
2021-08-10 05:00:00+00:00,0.049092409240924,0.0,0.0191395961369622,0.5593073593073593
2021-08-10 05:15:00+00:00,0.047592259225922445,0.0,0.04201053555750655,0.5658008658008657
2021-08-10 05:30:00+00:00,0.0460921092109209,0.0,0.0648814749780509,0.5722943722943723
2021-08-10 05:45:00+00:00,0.04459195919591945,0.0,0.08775241439859524,0.5787878787878787
2021-08-10 06:00:00+00:00,0.043091809180918,0.0,0.1106233538191396,0.5852813852813853
2021-08-10 06:15:00+00:00,0.0416854185418541,0.0,0.166198419666374,0.5971861471861473
2021-08-10 06:30:00+00:00,0.0402790279027902,0.0,0.2217734855136084,0.6090909090909091
2021-08-10 06:45:00+00:00,0.0388726372637263,0.0,0.27734855136084285,0.620995670995671
2021-08-10 07:00:00+00:00,0.0374662466246624,0.0,0.3329236172080773,0.6329004329004329
2021-08-10 07:15:00+00:00,0.036894314431443045,0.0,0.3882791922739245,0.6333333333333333
2021-08-10 07:30:00+00:00,0.0363223822382237,0.0,0.4436347673397717,0.6337662337662338
2021-08-10 07:45:00+00:00,0.0357504500450044,0.0,0.49899034240561896,0.6341991341991342
2021-08-10 08:00:00+00:00,0.0351785178517851,0.0,0.5543459174714662,0.6346320346320347
2021-08-10 08:15:00+00:00,0.0363786378637863,0.0,0.587620719929763,0.6329004329004329
2021-08-10 08:30:00+00:00,0.0375787578757875,0.0,0.6208955223880597,0.6311688311688312
2021-08-10 08:45:00+00:00,0.0387788778877887,0.0,0.6541703248463564,0.6294372294372295
2021-08-10 09:00:00+00:00,0.0399789978997899,0.0,0.6874451273046532,0.6277056277056277
2021-08-10 09:15:00+00:00,0.042097959795979495,0.0,0.7049824407374891,0.6253246753246753
2021-08-10 09:30:00+00:00,0.0442169216921691,0.0,0.7225197541703249,0.6229437229437229
2021-08-10 09:45:00+00:00,0.046335883588358745,0.0,0.7400570676031607,0.6205627705627705
2021-08-10 10:00:00+00:00,0.0484548454845484,0.0,0.7575943810359965,0.6181818181818182
2021-08-10 10:15:00+00:00,0.050723822382238146,0.0,0.7629499561018438,0.616017316017316
2021-08-10 10:30:00+00:00,0.0529927992799279,0.0,0.768305531167691,0.6138528138528139
2021-08-10 10:45:00+00:00,0.0552617761776177,0.0,0.7736611062335381,0.6116883116883117
2021-08-10 11:00:00+00:00,0.0575307530753075,0.0,0.7790166812993854,0.6095238095238096
2021-08-10 11:15:00+00:00,0.0584027152715271,0.0,0.7755048287971904,0.6097402597402598
2021-08-10 11:30:00+00:00,0.0592746774677467,0.0,0.7719929762949955,0.60995670995671
2021-08-10 11:45:00+00:00,0.06014663966396635,0.0,0.7684811237928006,0.6101731601731601
2021-08-10 12:00:00+00:00,0.061018601860186,0.0,0.7649692712906058,0.6103896103896104
2021-08-10 12:15:00+00:00,0.06582845784578455,0.0,0.7591966637401228,0.6038961038961039
2021-08-10 12:30:00+00:00,0.0706383138313831,0.0,0.75342405618964,0.5974025974025974
2021-08-10 12:45:00+00:00,0.07544816981698164,0.0,0.7476514486391572,0.5909090909090909
2021-08-10 13:00:00+00:00,0.0802580258025802,0.0,0.7418788410886743,0.5844155844155844
2021-08-10 13:15:00+00:00,0.08412091209120905,0.0,0.7304214223002634,0.579004329004329
2021-08-10 13:30:00+00:00,0.0879837983798379,0.0,0.7189640035118525,0.5735930735930737
2021-08-10 13:45:00+00:00,0.0918466846684668,0.0,0.7075065847234416,0.5681818181818182
2021-08-10 14:00:00+00:00,0.0957095709570957,0.0,0.6960491659350307,0.5627705627705628
2021-08-10 14:15:00+00:00,0.09920679567956794,0.0,0.6792800702370501,0.5608225108225109
2021-08-10 14:30:00+00:00,0.1027040204020402,0.0,0.6625109745390694,0.558874458874459
2021-08-10 14:45:00+00:00,0.10620124512451246,0.0,0.6457418788410887,0.556926406926407
2021-08-10 15:00:00+00:00,0.1096984698469847,0.0,0.628972783143108,0.554978354978355
2021-08-10 15:15:00+00:00,0.11328007800780074,0.0,0.6006804214223003,0.5586580086580086
2021-08-10 15:30:00+00:00,0.1168616861686168,0.0,0.5723880597014925,0.5623376623376624
2021-08-10 15:45:00+00:00,0.12044329432943289,0.0,0.5440956979806848,0.566017316017316
2021-08-10 16:00:00+00:00,0.124024902490249,0.0,0.5158033362598771,0.5696969696969697
2021-08-10 16:15:00+00:00,0.12770964596459639,0.0,0.4694468832309043,0.5850649350649351
2021-08-10 16:30:00+00:00,0.1313943894389438,0.0,0.4230904302019315,0.6004329004329004
2021-08-10 16:45:00+00:00,0.13507913291329127,0.0,0.3767339771729587,0.6158008658008658
2021-08-10 17:00:00+00:00,0.1387638763876387,0.0,0.3303775241439859,0.6311688311688312
2021-08-10 17:15:00+00:00,0.14242049204920487,0.0,0.2778314310798946,0.6422077922077922
2021-08-10 17:30:00+00:00,0.146077107710771,0.0,0.2252853380158033,0.6532467532467532
2021-08-10 17:45:00+00:00,0.1497337233723372,0.0,0.172739244951712,0.6642857142857143
2021-08-10 18:00:00+00:00,0.1533903390339034,0.0,0.1201931518876207,0.6753246753246753
2021-08-10 18:15:00+00:00,0.15846272127212718,0.0,0.1001755926251097,0.6666666666666666
2021-08-10 18:30:00+00:00,0.163535103510351,0.0,0.0801580333625987,0.6580086580086579
2021-08-10 18:45:00+00:00,0.16860748574857481,0.0,0.06014047410008776,0.6493506493506493
2021-08-10 19:00:00+00:00,0.1736798679867986,0.0,0.0401229148375768,0.6406926406926406
2021-08-10 19:15:00+00:00,0.1802148964896489,0.0,0.03884986830553115,0.6411255411255411
2021-08-10 19:30:00+00:00,0.1867499249924992,0.0,0.0375768217734855,0.6415584415584416
2021-08-10 19:45:00+00:00,0.19328495349534952,0.0,0.03630377524143985,0.641991341991342
2021-08-10 20:00:00+00:00,0.1998199819981998,0.0,0.0350307287093942,0.6424242424242425
2021-08-10 20:15:00+00:00,0.2001575157515751,0.0,0.03498683055311675,0.6497835497835498
2021-08-10 20:30:00+00:00,0.2004950495049504,0.0,0.0349429323968393,0.6571428571428571
2021-08-10 20:45:00+00:00,0.20083258325832576,0.0,0.03489903424056185,0.6645021645021645
2021-08-10 21:00:00+00:00,0.2011701170117011,0.0,0.0348551360842844,0.6718614718614718
2021-08-10 21:15:00+00:00,0.2010294779477947,0.0,0.03459174714661975,0.6530303030303031
2021-08-10 21:30:00+00:00,0.2008888388838883,0.0,0.0343283582089551,0.6341991341991342
2021-08-10 21:45:00+00:00,0.20074819981998196,0.0,0.034064969271290504,0.6153679653679653
2021-08-10 22:00:00+00:00,0.2006075607560756,0.0,0.0338015803336259,0.5965367965367966
2021-08-10 22:15:00+00:00,0.1936506150615061,0.0,0.0330992098331869,0.5818181818181818
2021-08-10 22:30:00+00:00,0.1866936693669366,0.0,0.0323968393327479,0.5670995670995671
2021-08-10 22:45:00+00:00,0.17973672367236715,0.0,0.03169446883230895,0.5523809523809524
2021-08-10 23:00:00+00:00,0.1727797779777977,0.0,0.03099209833187,0.5376623376623376
2021-08-10 23:15:00+00:00,0.16716359135913583,0.0,0.028248463564530202,0.5307359307359307
2021-08-10 23:30:00+00:00,0.161547404740474,0.0,0.0255048287971904,0.5238095238095238
2021-08-10 23:45:00+00:00,0.15593121812181215,0.0,0.022761194029850648,0.5168831168831169
2021-08-11 00:00:00+00:00,0.1503150315031503,0.0,0.0200175592625109,0.5099567099567099
2021-08-11 00:15:00+00:00,0.14453007800780074,0.0,0.01791044776119395,0.508008658008658
2021-08-11 00:30:00+00:00,0.1387451245124512,0.0,0.015803336259877,0.5060606060606061
2021-08-11 00:45:00+00:00,0.13296017101710164,0.0,0.01369622475856005,0.5041125541125542
2021-08-11 01:00:00+00:00,0.1271752175217521,0.0,0.0115891132572431,0.5021645021645021
2021-08-11 01:15:00+00:00,0.12181218121812175,0.0,0.0106453028972782,0.5054112554112553
2021-08-11 01:30:00+00:00,0.1164491449144914,0.0,0.0097014925373133,0.5086580086580086
2021-08-11 01:45:00+00:00,0.11108610861086105,0.0,0.00875768217734845,0.5119047619047619
2021-08-11 02:00:00+00:00,0.1057230723072307,0.0,0.0078138718173836,0.5151515151515151
2021-08-11 02:15:00+00:00,0.1011476147614761,0.0,0.0078138718173836,0.5188311688311688
2021-08-11 02:30:00+00:00,0.0965721572157215,0.0,0.0078138718173836,0.5225108225108225
2021-08-11 02:45:00+00:00,0.09199669966996696,0.0,0.0078138718173836,0.5261904761904761
2021-08-11 03:00:00+00:00,0.0874212421242124,0.0,0.0078138718173836,0.5298701298701298
2021-08-11 03:15:00+00:00,0.08438343834383435,0.0,0.007835820895522299,0.5359307359307359
2021-08-11 03:30:00+00:00,0.0813456345634563,0.0,0.007857769973661,0.541991341991342
2021-08-11 03:45:00+00:00,0.07830783078307825,0.0,0.007879719051799749,0.5480519480519481
2021-08-11 04:00:00+00:00,0.0752700270027002,0.0,0.0079016681299385,0.5541125541125541
2021-08-11 04:15:00+00:00,0.07426680168016794,0.0,0.0093503072870939,0.5597402597402596
2021-08-11 04:30:00+00:00,0.0732635763576357,0.0,0.0107989464442493,0.5653679653679653
2021-08-11 04:45:00+00:00,0.07226035103510345,0.0,0.0122475856014047,0.570995670995671
2021-08-11 05:00:00+00:00,0.0712571257125712,0.0,0.0136962247585601,0.5766233766233766
2021-08-11 05:15:00+00:00,0.0686412391239123,0.0,0.035316066725197506,0.5867965367965368
2021-08-11 05:30:00+00:00,0.0660253525352534,0.0,0.0569359086918349,0.5969696969696969
2021-08-11 05:45:00+00:00,0.06340946594659455,0.0,0.0785557506584723,0.6071428571428571
2021-08-11 06:00:00+00:00,0.0607935793579357,0.0,0.1001755926251097,0.6173160173160173
2021-08-11 06:15:00+00:00,0.056077482748274704,0.0,0.14907813871817374,0.6222943722943722
2021-08-11 06:30:00+00:00,0.0513613861386137,0.0,0.1979806848112378,0.6272727272727272
2021-08-11 06:45:00+00:00,0.0466452895289528,0.0,0.24688323090430192,0.6322510822510823
2021-08-11 07:00:00+00:00,0.0419291929192919,0.0,0.2957857769973661,0.6372294372294373
2021-08-11 07:15:00+00:00,0.0399789978997899,0.0,0.34108867427568035,0.6341991341991342
2021-08-11 07:30:00+00:00,0.0380288028802879,0.0,0.3863915715539947,0.6311688311688312
2021-08-11 07:45:00+00:00,0.036078607860786,0.0,0.431694468832309,0.6281385281385281
2021-08-11 08:00:00+00:00,0.0341284128412841,0.0,0.4769973661106234,0.6251082251082251
2021-08-11 08:15:00+00:00,0.0332658265826582,0.0,0.5118086040386305,0.6214285714285714
2021-08-11 08:30:00+00:00,0.0324032403240323,0.0,0.5466198419666375,0.6177489177489177
2021-08-11 08:45:00+00:00,0.03154065406540645,0.0,0.5814310798946445,0.6140692640692641
2021-08-11 09:00:00+00:00,0.0306780678067806,0.0,0.6162423178226515,0.6103896103896104
2021-08-11 09:15:00+00:00,0.03163441344134405,0.0,0.6440079016681299,0.6086580086580087
2021-08-11 09:30:00+00:00,0.0325907590759075,0.0,0.6717734855136084,0.6069264069264069
2021-08-11 09:45:00+00:00,0.033547104710470996,0.0,0.6995390693590868,0.6051948051948052
2021-08-11 10:00:00+00:00,0.0345034503450345,0.0,0.7273046532045654,0.6034632034632035
2021-08-11 10:15:00+00:00,0.038281953195319504,0.0,0.7319139596136962,0.6023809523809525
2021-08-11 10:30:00+00:00,0.0420604560456045,0.0,0.736523266022827,0.6012987012987013
2021-08-11 10:45:00+00:00,0.045838958895889556,0.0,0.7411325724319578,0.6002164502164502
2021-08-11 11:00:00+00:00,0.0496174617461746,0.0,0.7457418788410887,0.5991341991341992
2021-08-11 11:15:00+00:00,0.05491486648664865,0.0,0.7473661106233538,0.595021645021645
2021-08-11 11:30:00+00:00,0.0602122712271227,0.0,0.748990342405619,0.5909090909090909
2021-08-11 11:45:00+00:00,0.06550967596759676,0.0,0.7506145741878841,0.5867965367965369
2021-08-11 12:00:00+00:00,0.0708070807080708,0.0,0.7522388059701492,0.5826839826839827
2021-08-11 12:15:00+00:00,0.07790466546654666,0.0,0.7477172958735733,0.5831168831168831
2021-08-11 12:30:00+00:00,0.0850022502250225,0.0,0.7431957857769973,0.5835497835497836
2021-08-11 12:45:00+00:00,0.09209983498349836,0.0,0.7386742756804214,0.583982683982684
2021-08-11 13:00:00+00:00,0.0991974197419742,0.0,0.7341527655838455,0.5844155844155844
2021-08-11 13:15:00+00:00,0.10649189918991894,0.0,0.7168568920105356,0.5857142857142856
2021-08-11 13:30:00+00:00,0.1137863786378637,0.0,0.6995610184372256,0.587012987012987
2021-08-11 13:45:00+00:00,0.1210808580858085,0.0,0.6822651448639157,0.5883116883116883
2021-08-11 14:00:00+00:00,0.1283753375337533,0.0,0.6649692712906058,0.5896103896103896
2021-08-11 14:15:00+00:00,0.13316644164416436,0.0,0.6483318700614574,0.5896103896103896
2021-08-11 14:30:00+00:00,0.1379575457545754,0.0,0.6316944688323091,0.5896103896103896
2021-08-11 14:45:00+00:00,0.14274864986498645,0.0,0.6150570676031607,0.5896103896103896
2021-08-11 15:00:00+00:00,0.1475397539753975,0.0,0.5984196663740123,0.5896103896103896
2021-08-11 15:15:00+00:00,0.1528934143414341,0.0,0.5651229148375769,0.5902597402597403
2021-08-11 15:30:00+00:00,0.1582470747074707,0.0,0.5318261633011414,0.5909090909090908
2021-08-11 15:45:00+00:00,0.1636007350735073,0.0,0.4985294117647059,0.5915584415584415
2021-08-11 16:00:00+00:00,0.1689543954395439,0.0,0.4652326602282704,0.5922077922077922
2021-08-11 16:15:00+00:00,0.16367574257425735,0.0,0.4178007023705005,0.6093073593073592
2021-08-11 16:30:00+00:00,0.1583970897089708,0.0,0.3703687445127305,0.6264069264069264
2021-08-11 16:45:00+00:00,0.1531184368436843,0.0,0.3229367866549605,0.6435064935064936
2021-08-11 17:00:00+00:00,0.1478397839783978,0.0,0.2755048287971905,0.6606060606060606
2021-08-11 17:15:00+00:00,0.14727722772277224,0.0,0.22996049165935026,0.6614718614718615
2021-08-11 17:30:00+00:00,0.1467146714671467,0.0,0.18441615452151,0.6623376623376623
2021-08-11 17:45:00+00:00,0.14615211521152116,0.0,0.1388718173836698,0.6632034632034631
2021-08-11 18:00:00+00:00,0.1455895589558956,0.0,0.0933274802458296,0.664069264069264
2021-08-11 18:15:00+00:00,0.1499587458745874,0.0,0.07467076382791915,0.6586580086580086
2021-08-11 18:30:00+00:00,0.1543279327932792,0.0,0.0560140474100087,0.6532467532467532
2021-08-11 18:45:00+00:00,0.1586971197119711,0.0,0.037357330992098245,0.6478354978354979
2021-08-11 19:00:00+00:00,0.163066306630663,0.0,0.0187006145741878,0.6424242424242425
2021-08-11 19:15:00+00:00,0.1671260876087608,0.0,0.0170324846356452,0.6465367965367965
2021-08-11 19:30:00+00:00,0.1711858685868586,0.0,0.0153643546971026,0.6506493506493507
2021-08-11 19:45:00+00:00,0.17524564956495647,0.0,0.01369622475856005,0.6547619047619048
2021-08-11 20:00:00+00:00,0.1793054305430543,0.0,0.0120280948200175,0.6588744588744588
2021-08-11 20:15:00+00:00,0.1854185418541854,0.0,0.010996488147497749,0.6636363636363636
2021-08-11 20:30:00+00:00,0.1915316531653165,0.0,0.009964881474978,0.6683982683982683
2021-08-11 20:45:00+00:00,0.1976447644764476,0.0,0.00893327480245825,0.6731601731601731
2021-08-11 21:00:00+00:00,0.2037578757875787,0.0,0.0079016681299385,0.6779220779220779
2021-08-11 21:15:00+00:00,0.20760201020102004,0.0,0.007879719051799749,0.6649350649350649
2021-08-11 21:30:00+00:00,0.2114461446144614,0.0,0.007857769973661,0.6519480519480519
2021-08-11 21:45:00+00:00,0.21529027902790276,0.0,0.007835820895522299,0.638961038961039
2021-08-11 22:00:00+00:00,0.2191344134413441,0.0,0.0078138718173836,0.625974025974026
2021-08-11 22:15:00+00:00,0.2086052355235523,0.0,0.007835820895522299,0.6138528138528139
2021-08-11 22:30:00+00:00,0.1980760576057605,0.0,0.007857769973661,0.6017316017316017
2021-08-11 22:45:00+00:00,0.18754687968796874,0.0,0.007879719051799749,0.5896103896103896
2021-08-11 23:00:00+00:00,0.177017701770177,0.0,0.0079016681299385,0.5774891774891775
2021-08-11 23:15:00+00:00,0.1837308730873087,0.0,0.0079016681299385,0.5694805194805195
2021-08-11 23:30:00+00:00,0.1904440444044404,0.0,0.0079016681299385,0.5614718614718615
2021-08-11 23:45:00+00:00,0.1971572157215721,0.0,0.0079016681299385,0.5534632034632034
2021-08-12 00:00:00+00:00,0.2038703870387038,0.0,0.0079016681299385,0.5454545454545454
2021-08-12 00:15:00+00:00,0.20467671767176712,0.0,0.00801141352063205,0.5417748917748918
2021-08-12 00:30:00+00:00,0.2054830483048304,0.0,0.0081211589113256,0.5380952380952381
2021-08-12 00:45:00+00:00,0.20628937893789376,0.0,0.00823090430201925,0.5344155844155845
2021-08-12 01:00:00+00:00,0.2070957095709571,0.0,0.0083406496927129,0.5307359307359307
2021-08-12 01:15:00+00:00,0.20355160516051604,0.0,0.0085162423178226,0.5296536796536797
2021-08-12 01:30:00+00:00,0.200007500750075,0.0,0.0086918349429323,0.5285714285714286
2021-08-12 01:45:00+00:00,0.19646339633963394,0.0,0.008867427568042052,0.5274891774891775
2021-08-12 02:00:00+00:00,0.1929192919291929,0.0,0.0090430201931518,0.5264069264069264
2021-08-12 02:15:00+00:00,0.19232860786078604,0.0,0.0090649692712905,0.5268398268398269
2021-08-12 02:30:00+00:00,0.1917379237923792,0.0,0.0090869183494292,0.5272727272727273
2021-08-12 02:45:00+00:00,0.19114723972397235,0.0,0.00910886742756795,0.5277056277056278
2021-08-12 03:00:00+00:00,0.1905565556555655,0.0,0.0091308165057067,0.5281385281385281
2021-08-12 03:15:00+00:00,0.19144726972697265,0.0,0.00910886742756795,0.5389610389610389
2021-08-12 03:30:00+00:00,0.1923379837983798,0.0,0.0090869183494292,0.5497835497835497
2021-08-12 03:45:00+00:00,0.19322869786978694,0.0,0.0090649692712905,0.5606060606060606
2021-08-12 04:00:00+00:00,0.1941194119411941,0.0,0.0090430201931518,0.5714285714285714
2021-08-12 04:15:00+00:00,0.1912503750375037,0.0,0.010118525021949001,0.5794372294372294
2021-08-12 04:30:00+00:00,0.1883813381338133,0.0,0.0111940298507462,0.5874458874458874
2021-08-12 04:45:00+00:00,0.18551230123012297,0.0,0.0122695346795434,0.5954545454545455
2021-08-12 05:00:00+00:00,0.1826432643264326,0.0,0.0133450395083406,0.6034632034632035
2021-08-12 05:15:00+00:00,0.17177655265526545,0.0,0.0392010535557506,0.6082251082251082
2021-08-12 05:30:00+00:00,0.1609098409840983,0.0,0.0650570676031606,0.612987012987013
2021-08-12 05:45:00+00:00,0.1500431293129312,0.0,0.09091308165057059,0.6177489177489177
2021-08-12 06:00:00+00:00,0.1391764176417641,0.0,0.1167690956979806,0.6225108225108225
2021-08-12 06:15:00+00:00,0.12995049504950484,0.0,0.17383669885864783,0.6251082251082251
2021-08-12 06:30:00+00:00,0.1207245724572456,0.0,0.2309043020193151,0.6277056277056277
2021-08-12 06:45:00+00:00,0.1114986498649864,0.0,0.2879719051799824,0.6303030303030303
2021-08-12 07:00:00+00:00,0.1022727272727272,0.0,0.3450395083406496,0.6329004329004329
2021-08-12 07:15:00+00:00,0.09942244224422431,0.0,0.40294117647058814,0.6335497835497835
2021-08-12 07:30:00+00:00,0.0965721572157214,0.0,0.4608428446005267,0.6341991341991342
2021-08-12 07:45:00+00:00,0.0937218721872186,0.0,0.5187445127304653,0.6348484848484848
2021-08-12 08:00:00+00:00,0.0908715871587158,0.0,0.5766461808604039,0.6354978354978355
2021-08-12 08:15:00+00:00,0.09434068406840675,0.0,0.6172080772607551,0.6329004329004329
2021-08-12 08:30:00+00:00,0.0978097809780977,0.0,0.6577699736611062,0.6303030303030303
2021-08-12 08:45:00+00:00,0.10127887788778869,0.0,0.6983318700614574,0.6277056277056277
2021-08-12 09:00:00+00:00,0.1047479747974797,0.0,0.7388937664618086,0.6251082251082251
2021-08-12 09:15:00+00:00,0.10731698169816975,0.0,0.7577260755048287,0.6222943722943723
2021-08-12 09:30:00+00:00,0.1098859885988598,0.0,0.776558384547849,0.6194805194805195
2021-08-12 09:45:00+00:00,0.1124549954995499,0.0,0.7953906935908692,0.6166666666666667
2021-08-12 10:00:00+00:00,0.11502400240024,0.0,0.8142230026338894,0.6138528138528139
2021-08-12 10:15:00+00:00,0.12032140714071404,0.0,0.8287532923617208,0.6090909090909091
2021-08-12 10:30:00+00:00,0.1256188118811881,0.0,0.8432835820895522,0.6043290043290044
2021-08-12 10:45:00+00:00,0.13091621662166214,0.0,0.8578138718173837,0.5995670995670996
2021-08-12 11:00:00+00:00,0.1362136213621362,0.0,0.8723441615452151,0.5948051948051948
2021-08-12 11:15:00+00:00,0.14288928892889285,0.0,0.8751097453906935,0.5948051948051948
2021-08-12 11:30:00+00:00,0.1495649564956495,0.0,0.8778753292361721,0.5948051948051948
2021-08-12 11:45:00+00:00,0.1562406240624062,0.0,0.8806409130816506,0.5948051948051948
2021-08-12 12:00:00+00:00,0.1629162916291629,0.0,0.883406496927129,0.5948051948051948
2021-08-12 12:15:00+00:00,0.1657009450945094,0.0,0.8845258999122037,0.588095238095238
2021-08-12 12:30:00+00:00,0.1684855985598559,0.0,0.8856453028972783,0.5813852813852813
2021-08-12 12:45:00+00:00,0.17127025202520246,0.0,0.8867647058823529,0.5746753246753247
2021-08-12 13:00:00+00:00,0.174054905490549,0.0,0.8878841088674275,0.567965367965368
2021-08-12 13:15:00+00:00,0.1721797179717971,0.0,0.8758999122036875,0.5655844155844156
2021-08-12 13:30:00+00:00,0.1703045304530452,0.0,0.8639157155399473,0.5632034632034633
2021-08-12 13:45:00+00:00,0.16842934293429335,0.0,0.8519315188762071,0.5608225108225109
2021-08-12 14:00:00+00:00,0.1665541554155415,0.0,0.839947322212467,0.5584415584415584
2021-08-12 14:15:00+00:00,0.16605723072307227,0.0,0.8247366110623353,0.5597402597402596
2021-08-12 14:30:00+00:00,0.165560306030603,0.0,0.8095258999122037,0.561038961038961
2021-08-12 14:45:00+00:00,0.16506338133813375,0.0,0.794315188762072,0.5623376623376624
2021-08-12 15:00:00+00:00,0.1645664566456645,0.0,0.7791044776119403,0.5636363636363636
2021-08-12 15:15:00+00:00,0.16635726072607254,0.0,0.7443590869183494,0.5854978354978355
2021-08-12 15:30:00+00:00,0.1681480648064806,0.0,0.7096136962247586,0.6073593073593073
2021-08-12 15:45:00+00:00,0.16993886888688864,0.0,0.6748683055311677,0.6292207792207791
2021-08-12 16:00:00+00:00,0.1717296729672967,0.0,0.6401229148375768,0.651082251082251
2021-08-12 16:15:00+00:00,0.1696857185718571,0.0,0.5807945566286216,0.6647186147186146
2021-08-12 16:30:00+00:00,0.1676417641764175,0.0,0.5214661984196663,0.6783549783549783
2021-08-12 16:45:00+00:00,0.165597809780978,0.0,0.46213784021071114,0.6919913419913419
2021-08-12 17:00:00+00:00,0.1635538553855385,0.0,0.4028094820017559,0.7056277056277056
2021-08-12 17:15:00+00:00,0.15912841284128404,0.0,0.338081650570676,0.7114718614718615
2021-08-12 17:30:00+00:00,0.1547029702970296,0.0,0.2733538191395961,0.7173160173160174
2021-08-12 17:45:00+00:00,0.1502775277527752,0.0,0.2086259877085162,0.7231601731601731
2021-08-12 18:00:00+00:00,0.1458520852085208,0.0,0.1438981562774363,0.729004329004329
2021-08-12 18:15:00+00:00,0.15248087308730865,0.0,0.12151009657594375,0.725108225108225
2021-08-12 18:30:00+00:00,0.1591096609660965,0.0,0.0991220368744512,0.7212121212121212
2021-08-12 18:45:00+00:00,0.1657384488448844,0.0,0.0767339771729587,0.7173160173160174
2021-08-12 19:00:00+00:00,0.1723672367236723,0.0,0.0543459174714662,0.7134199134199134
2021-08-12 19:15:00+00:00,0.17711146114611453,0.0,0.052458296751536404,0.7021645021645022
2021-08-12 19:30:00+00:00,0.1818556855685568,0.0,0.0505706760316066,0.6909090909090909
2021-08-12 19:45:00+00:00,0.18659990999099907,0.0,0.048683055311676854,0.6796536796536796
2021-08-12 20:00:00+00:00,0.1913441344134413,0.0,0.0467954345917471,0.6683982683982684
2021-08-12 20:15:00+00:00,0.19084720972097205,0.0,0.045500438981562696,0.6636363636363636
2021-08-12 20:30:00+00:00,0.1903502850285028,0.0,0.0442054433713783,0.6588744588744588
2021-08-12 20:45:00+00:00,0.18985336033603356,0.0,0.042910447761193946,0.6541125541125541
2021-08-12 21:00:00+00:00,0.1893564356435643,0.0,0.0416154521510096,0.6493506493506493
2021-08-12 21:15:00+00:00,0.18879387938793873,0.0,0.038849868305531096,0.6432900432900432
2021-08-12 21:30:00+00:00,0.1882313231323132,0.0,0.0360842844600526,0.6372294372294371
2021-08-12 21:45:00+00:00,0.18766876687668765,0.0,0.03331870061457415,0.631168831168831
2021-08-12 22:00:00+00:00,0.1871062106210621,0.0,0.0305531167690957,0.6251082251082251
2021-08-12 22:15:00+00:00,0.18626237623762376,0.0,0.0298726953467954,0.6080086580086579
2021-08-12 22:30:00+00:00,0.1854185418541854,0.0,0.0291922739244951,0.5909090909090908
2021-08-12 22:45:00+00:00,0.18457470747074706,0.0,0.028511852502194852,0.5738095238095238
2021-08-12 23:00:00+00:00,0.1837308730873087,0.0,0.0278314310798946,0.5567099567099567
2021-08-12 23:15:00+00:00,0.18217446744674465,0.0,0.02647058823529405,0.546969696969697
2021-08-12 23:30:00+00:00,0.1806180618061806,0.0,0.0251097453906935,0.5372294372294373
2021-08-12 23:45:00+00:00,0.17906165616561653,0.0,0.023748902546093,0.5274891774891775
2021-08-13 00:00:00+00:00,0.1775052505250525,0.0,0.0223880597014925,0.5177489177489177
2021-08-13 00:15:00+00:00,0.1762301230123012,0.0,0.02030289727831425,0.5116883116883117
2021-08-13 00:30:00+00:00,0.1749549954995499,0.0,0.018217734855136,0.5056277056277056
2021-08-13 00:45:00+00:00,0.17367986798679866,0.0,0.0161325724319578,0.49956709956709955
2021-08-13 01:00:00+00:00,0.1724047404740474,0.0,0.0140474100087796,0.4935064935064935
2021-08-13 01:15:00+00:00,0.16917941794179414,0.0,0.0126426690079016,0.4937229437229437
2021-08-13 01:30:00+00:00,0.1659540954095409,0.0,0.0112379280070236,0.4939393939393939
2021-08-13 01:45:00+00:00,0.1627287728772877,0.0,0.00983318700614565,0.4941558441558441
2021-08-13 02:00:00+00:00,0.1595034503450345,0.0,0.0084284460052677,0.4943722943722943
2021-08-13 02:15:00+00:00,0.15552805280528048,0.0,0.008296751536435401,0.49393939393939384
2021-08-13 02:30:00+00:00,0.1515526552655265,0.0,0.0081650570676031,0.4935064935064934
2021-08-13 02:45:00+00:00,0.14757725772577254,0.0,0.008033362598770799,0.493073593073593
2021-08-13 03:00:00+00:00,0.1436018601860186,0.0,0.0079016681299385,0.4926406926406926
2021-08-13 03:15:00+00:00,0.13871699669966994,0.0,0.007879719051799749,0.49870129870129865
2021-08-13 03:30:00+00:00,0.1338321332133213,0.0,0.007857769973661,0.5047619047619047
2021-08-13 03:45:00+00:00,0.12894726972697265,0.0,0.007835820895522299,0.5108225108225108
2021-08-13 04:00:00+00:00,0.124062406240624,0.0,0.0078138718173836,0.5168831168831168
2021-08-13 04:15:00+00:00,0.1182024452445244,0.0,0.00972344161545205,0.5246753246753246
2021-08-13 04:30:00+00:00,0.1123424842484248,0.0,0.0116330114135205,0.5324675324675324
2021-08-13 04:45:00+00:00,0.1064825232523252,0.0,0.013542581211589,0.5402597402597402
2021-08-13 05:00:00+00:00,0.1006225622562256,0.0,0.0154521510096575,0.548051948051948
2021-08-13 05:15:00+00:00,0.0961689918991899,0.0,0.0451492537313432,0.5595238095238095
2021-08-13 05:30:00+00:00,0.0917154215421542,0.0,0.0748463564530289,0.570995670995671
2021-08-13 05:45:00+00:00,0.0872618511851185,0.0,0.1045434591747146,0.5824675324675325
2021-08-13 06:00:00+00:00,0.0828082808280828,0.0,0.1342405618964003,0.593939393939394
2021-08-13 06:15:00+00:00,0.0767045454545454,0.0,0.19326163301141347,0.6008658008658009
2021-08-13 06:30:00+00:00,0.070600810081008,0.0,0.2522827041264266,0.6077922077922078
2021-08-13 06:45:00+00:00,0.06449707470747065,0.0,0.3113037752414398,0.6147186147186148
2021-08-13 07:00:00+00:00,0.0583933393339333,0.0,0.370324846356453,0.6216450216450217
2021-08-13 07:15:00+00:00,0.056068106810680945,0.0,0.42467076382791924,0.6225108225108225
2021-08-13 07:30:00+00:00,0.0537428742874286,0.0,0.4790166812993854,0.6233766233766234
2021-08-13 07:45:00+00:00,0.0514176417641763,0.0,0.5333625987708516,0.6242424242424243
2021-08-13 08:00:00+00:00,0.049092409240924,0.0,0.5877085162423178,0.6251082251082251
2021-08-13 08:15:00+00:00,0.050958220822082095,0.0,0.6289288849868305,0.6192640692640692
2021-08-13 08:30:00+00:00,0.0528240324032402,0.0,0.6701492537313433,0.6134199134199134
2021-08-13 08:45:00+00:00,0.05468984398439835,0.0,0.711369622475856,0.6075757575757577
2021-08-13 09:00:00+00:00,0.0565556555655565,0.0,0.7525899912203687,0.6017316017316018
2021-08-13 09:15:00+00:00,0.05942469246924685,0.0,0.7770632133450395,0.6012987012987013
2021-08-13 09:30:00+00:00,0.0622937293729372,0.0,0.8015364354697103,0.6008658008658009
2021-08-13 09:45:00+00:00,0.06516276627662759,0.0,0.826009657594381,0.6004329004329004
2021-08-13 10:00:00+00:00,0.068031803180318,0.0,0.8504828797190518,0.6
2021-08-13 10:15:00+00:00,0.0717915541554155,0.0,0.8593722563652326,0.5982683982683983
2021-08-13 10:30:00+00:00,0.075551305130513,0.0,0.8682616330114135,0.5965367965367965
2021-08-13 10:45:00+00:00,0.07931105610561051,0.0,0.8771510096575943,0.5948051948051948
2021-08-13 11:00:00+00:00,0.083070807080708,0.0,0.8860403863037752,0.5930735930735931
2021-08-13 11:15:00+00:00,0.08732748274827476,0.0,0.882857769973661,0.5913419913419914
2021-08-13 11:30:00+00:00,0.0915841584158415,0.0,0.879675153643547,0.5896103896103897
2021-08-13 11:45:00+00:00,0.0958408340834083,0.0,0.8764925373134329,0.5878787878787879
2021-08-13 12:00:00+00:00,0.1000975097509751,0.0,0.8733099209833187,0.5861471861471862
2021-08-13 12:15:00+00:00,0.10340721572157216,0.0,0.8650790166812994,0.5785714285714285
2021-08-13 12:30:00+00:00,0.1067169216921692,0.0,0.8568481123792802,0.570995670995671
2021-08-13 12:45:00+00:00,0.11002662766276625,0.0,0.8486172080772608,0.5634199134199134
2021-08-13 13:00:00+00:00,0.1133363336333633,0.0,0.8403863037752415,0.5558441558441558
2021-08-13 13:15:00+00:00,0.1177430243024302,0.0,0.8260974539069359,0.5562770562770563
2021-08-13 13:30:00+00:00,0.1221497149714971,0.0,0.8118086040386304,0.5567099567099567
2021-08-13 13:45:00+00:00,0.126556405640564,0.0,0.797519754170325,0.5571428571428572
2021-08-13 14:00:00+00:00,0.1309630963096309,0.0,0.7832309043020194,0.5575757575757576
2021-08-13 14:15:00+00:00,0.13352272727272718,0.0,0.7588674275680422,0.5564935064935065
2021-08-13 14:30:00+00:00,0.1360823582358235,0.0,0.734503950834065,0.5554112554112554
2021-08-13 14:45:00+00:00,0.13864198919891985,0.0,0.7101404741000878,0.5543290043290043
2021-08-13 15:00:00+00:00,0.1412016201620162,0.0,0.6857769973661106,0.5532467532467532
2021-08-13 15:15:00+00:00,0.14159540954095406,0.0,0.6434591747146621,0.5647186147186147
2021-08-13 15:30:00+00:00,0.1419891989198919,0.0,0.6011413520632134,0.5761904761904761
2021-08-13 15:45:00+00:00,0.14238298829882978,0.0,0.5588235294117647,0.5876623376623377
2021-08-13 16:00:00+00:00,0.1427767776777677,0.0,0.516505706760316,0.5991341991341992
2021-08-13 16:15:00+00:00,0.1420829582958295,0.0,0.4625987708516242,0.6041125541125542
2021-08-13 16:30:00+00:00,0.1413891389138913,0.0,0.4086918349429324,0.6090909090909091
2021-08-13 16:45:00+00:00,0.14069531953195313,0.0,0.35478489903424054,0.6140692640692641
2021-08-13 17:00:00+00:00,0.140001500150015,0.0,0.3008779631255487,0.6190476190476191
2021-08-13 17:15:00+00:00,0.13707620762076206,0.0,0.25107550482879715,0.627922077922078
2021-08-13 17:30:00+00:00,0.1341509150915091,0.0,0.2012730465320456,0.6367965367965368
2021-08-13 17:45:00+00:00,0.1312256225622562,0.0,0.15147058823529405,0.6456709956709956
2021-08-13 18:00:00+00:00,0.1283003300330033,0.0,0.1016681299385425,0.6545454545454545
2021-08-13 18:15:00+00:00,0.1271189618961896,0.0,0.0823748902546092,0.6593073593073593
2021-08-13 18:30:00+00:00,0.1259375937593759,0.0,0.0630816505706759,0.664069264069264
2021-08-13 18:45:00+00:00,0.1247562256225622,0.0,0.04378841088674265,0.6688311688311688
2021-08-13 19:00:00+00:00,0.1235748574857485,0.0,0.0244951712028094,0.6735930735930736
2021-08-13 19:15:00+00:00,0.1233873387338733,0.0,0.022651448639157048,0.6746753246753248
2021-08-13 19:30:00+00:00,0.1231998199819981,0.0,0.0208077260755047,0.6757575757575758
2021-08-13 19:45:00+00:00,0.12301230123012294,0.0,0.0189640035118524,0.6768398268398268
2021-08-13 20:00:00+00:00,0.1228247824782478,0.0,0.0171202809482001,0.6779220779220779
2021-08-13 20:15:00+00:00,0.12423117311731165,0.0,0.0149912203687444,0.6681818181818182
2021-08-13 20:30:00+00:00,0.1256375637563755,0.0,0.0128621597892887,0.6584415584415584
2021-08-13 20:45:00+00:00,0.12704395439543945,0.0,0.0107330992098331,0.6487012987012987
2021-08-13 21:00:00+00:00,0.1284503450345034,0.0,0.0086040386303775,0.638961038961039
2021-08-13 21:15:00+00:00,0.12723147314731464,0.0,0.0083625987708516,0.6238095238095238
2021-08-13 21:30:00+00:00,0.1260126012601259,0.0,0.0081211589113257,0.6086580086580087
2021-08-13 21:45:00+00:00,0.1247937293729372,0.0,0.0078797190517998,0.5935064935064935
2021-08-13 22:00:00+00:00,0.1235748574857485,0.0,0.0076382791922739,0.5783549783549784
2021-08-13 22:15:00+00:00,0.12487811281128106,0.0,0.0076382791922739,0.5716450216450217
2021-08-13 22:30:00+00:00,0.1261813681368136,0.0,0.0076382791922739,0.564935064935065
2021-08-13 22:45:00+00:00,0.12748462346234615,0.0,0.0076382791922739,0.5582251082251082
2021-08-13 23:00:00+00:00,0.1287878787878787,0.0,0.0076382791922739,0.5515151515151515
2021-08-13 23:15:00+00:00,0.13080370537053695,0.0,0.0076382791922739,0.5454545454545454
2021-08-13 23:30:00+00:00,0.1328195319531952,0.0,0.0076382791922739,0.5393939393939393
2021-08-13 23:45:00+00:00,0.1348353585358535,0.0,0.0076382791922739,0.5333333333333332
2021-08-14 00:00:00+00:00,0.1368511851185118,0.0,0.0076382791922739,0.5272727272727272
2021-08-14 00:15:00+00:00,0.13538853885388535,0.0,0.00770412642669005,0.5242424242424242
2021-08-14 00:30:00+00:00,0.1339258925892589,0.0,0.0077699736611062,0.5212121212121212
2021-08-14 00:45:00+00:00,0.13246324632463247,0.0,0.00783582089552235,0.5181818181818182
2021-08-14 01:00:00+00:00,0.131000600060006,0.0,0.0079016681299385,0.5151515151515151
2021-08-14 01:15:00+00:00,0.1278221572157215,0.0,0.008143107989464401,0.5162337662337662
2021-08-14 01:30:00+00:00,0.124643714371437,0.0,0.0083845478489903,0.5173160173160173
2021-08-14 01:45:00+00:00,0.1214652715271526,0.0,0.0086259877085162,0.5183982683982684
2021-08-14 02:00:00+00:00,0.1182868286828682,0.0,0.0088674275680421,0.5194805194805194
2021-08-14 02:15:00+00:00,0.11648664866486641,0.0,0.00893327480245825,0.519047619047619
2021-08-14 02:30:00+00:00,0.1146864686468646,0.0,0.0089991220368744,0.5186147186147185
2021-08-14 02:45:00+00:00,0.1128862886288628,0.0,0.00906496927129055,0.5181818181818181
2021-08-14 03:00:00+00:00,0.111086108610861,0.0,0.0091308165057067,0.5177489177489177
2021-08-14 03:15:00+00:00,0.11091734173417335,0.0,0.0091308165057067,0.5166666666666666
2021-08-14 03:30:00+00:00,0.1107485748574857,0.0,0.0091308165057067,0.5155844155844156
2021-08-14 03:45:00+00:00,0.11057980798079806,0.0,0.0091308165057067,0.5145021645021646
2021-08-14 04:00:00+00:00,0.1104110411041104,0.0,0.0091308165057067,0.5134199134199134
2021-08-14 04:15:00+00:00,0.1075232523252325,0.0,0.0106453028972782,0.5134199134199134
2021-08-14 04:30:00+00:00,0.1046354635463546,0.0,0.0121597892888497,0.5134199134199134
2021-08-14 04:45:00+00:00,0.1017476747674767,0.0,0.013674275680421299,0.5134199134199134
2021-08-14 05:00:00+00:00,0.0988598859885988,0.0,0.0151887620719929,0.5134199134199134
2021-08-14 05:15:00+00:00,0.0968909390939093,0.0,0.040803336259877004,0.5216450216450217
2021-08-14 05:30:00+00:00,0.0949219921992198,0.0,0.0664179104477611,0.5298701298701298
2021-08-14 05:45:00+00:00,0.09295304530453036,0.0,0.09203248463564526,0.5380952380952381
2021-08-14 06:00:00+00:00,0.0909840984098409,0.0,0.1176470588235294,0.5463203463203463
2021-08-14 06:15:00+00:00,0.0864555205520551,0.0,0.1728489903424056,0.5441558441558442
2021-08-14 06:30:00+00:00,0.0819269426942693,0.0,0.2280509218612818,0.541991341991342
2021-08-14 06:45:00+00:00,0.07739836483648355,0.0,0.283252853380158,0.5398268398268398
2021-08-14 07:00:00+00:00,0.0728697869786978,0.0,0.3384547848990342,0.5376623376623376
2021-08-14 07:15:00+00:00,0.07017889288928886,0.0,0.39374451273046523,0.541991341991342
2021-08-14 07:30:00+00:00,0.0674879987998799,0.0,0.4490342405618963,0.5463203463203463
2021-08-14 07:45:00+00:00,0.06479710471047101,0.0,0.5043239683933274,0.5506493506493506
2021-08-14 08:00:00+00:00,0.0621062106210621,0.0,0.5596136962247585,0.554978354978355
2021-08-14 08:15:00+00:00,0.0651252625262526,0.0,0.6075285338015803,0.5554112554112554
2021-08-14 08:30:00+00:00,0.0681443144314431,0.0,0.655443371378402,0.5558441558441558
2021-08-14 08:45:00+00:00,0.0711633663366336,0.0,0.7033582089552238,0.5562770562770563
2021-08-14 09:00:00+00:00,0.0741824182418241,0.0,0.7512730465320456,0.5567099567099567
2021-08-14 09:15:00+00:00,0.0829489198919891,0.0,0.7740561896400351,0.5545454545454546
2021-08-14 09:30:00+00:00,0.0917154215421541,0.0,0.7968393327480245,0.5523809523809524
2021-08-14 09:45:00+00:00,0.10048192319231916,0.0,0.819622475856014,0.5502164502164502
2021-08-14 10:00:00+00:00,0.1092484248424842,0.0,0.8424056189640036,0.548051948051948
2021-08-14 10:15:00+00:00,0.11735861086108605,0.0,0.8491659350307288,0.5484848484848485
2021-08-14 10:30:00+00:00,0.1254687968796879,0.0,0.8559262510974539,0.5489177489177489
2021-08-14 10:45:00+00:00,0.13357898289828973,0.0,0.8626865671641791,0.5493506493506494
2021-08-14 11:00:00+00:00,0.1416891689168916,0.0,0.8694468832309044,0.5497835497835498
2021-08-14 11:15:00+00:00,0.14710846084608448,0.0,0.8662642669007902,0.5577922077922077
2021-08-14 11:30:00+00:00,0.1525277527752774,0.0,0.863081650570676,0.5658008658008657
2021-08-14 11:45:00+00:00,0.15794704470447035,0.0,0.8598990342405619,0.5738095238095238
2021-08-14 12:00:00+00:00,0.1633663366336633,0.0,0.8567164179104477,0.5818181818181818
2021-08-14 12:15:00+00:00,0.1672010951095109,0.0,0.845873573309921,0.5761904761904761
2021-08-14 12:30:00+00:00,0.1710358535853585,0.0,0.8350307287093942,0.5705627705627705
2021-08-14 12:45:00+00:00,0.1748706120612061,0.0,0.8241878841088675,0.5649350649350648
2021-08-14 13:00:00+00:00,0.1787053705370537,0.0,0.8133450395083407,0.5593073593073593
2021-08-14 13:15:00+00:00,0.1832433243324332,0.0,0.800790166812994,0.5541125541125541
2021-08-14 13:30:00+00:00,0.1877812781278127,0.0,0.7882352941176471,0.5489177489177489
2021-08-14 13:45:00+00:00,0.19231923192319225,0.0,0.7756804214223003,0.5437229437229437
2021-08-14 14:00:00+00:00,0.1968571857185718,0.0,0.7631255487269535,0.5385281385281385
2021-08-14 14:15:00+00:00,0.19567581758175812,0.0,0.737928007023705,0.5385281385281385
2021-08-14 14:30:00+00:00,0.1944944494449444,0.0,0.7127304653204565,0.5385281385281385
2021-08-14 14:45:00+00:00,0.19331308130813074,0.0,0.6875329236172081,0.5385281385281385
2021-08-14 15:00:00+00:00,0.1921317131713171,0.0,0.6623353819139596,0.5385281385281385
2021-08-14 15:15:00+00:00,0.1959570957095709,0.0,0.6272388059701492,0.5257575757575758
2021-08-14 15:30:00+00:00,0.1997824782478247,0.0,0.5921422300263388,0.512987012987013
2021-08-14 15:45:00+00:00,0.20360786078607856,0.0,0.5570456540825285,0.5002164502164502
2021-08-14 16:00:00+00:00,0.2074332433243324,0.0,0.5219490781387182,0.4874458874458874
2021-08-14 16:15:00+00:00,0.2086802430243024,0.0,0.4668129938542581,0.49523809523809526
2021-08-14 16:30:00+00:00,0.2099272427242724,0.0,0.411676909569798,0.503030303030303
2021-08-14 16:45:00+00:00,0.2111742424242424,0.0,0.3565408252853379,0.5108225108225108
2021-08-14 17:00:00+00:00,0.2124212421242124,0.0,0.3014047410008779,0.5186147186147186
2021-08-14 17:15:00+00:00,0.21157740774077405,0.0,0.25122914837576815,0.5341991341991342
2021-08-14 17:30:00+00:00,0.2107335733573357,0.0,0.2010535557506584,0.5497835497835498
2021-08-14 17:45:00+00:00,0.20988973897389734,0.0,0.15087796312554863,0.5653679653679654
2021-08-14 18:00:00+00:00,0.209045904590459,0.0,0.1007023705004389,0.580952380952381
2021-08-14 18:15:00+00:00,0.19754162916291623,0.0,0.0840430201931518,0.5954545454545455
2021-08-14 18:30:00+00:00,0.1860373537353735,0.0,0.0673836698858647,0.60995670995671
2021-08-14 18:45:00+00:00,0.17453307830783077,0.0,0.05072431957857765,0.6244588744588745
2021-08-14 19:00:00+00:00,0.163028802880288,0.0,0.0340649692712906,0.638961038961039
2021-08-14 19:15:00+00:00,0.15807830783078305,0.0,0.03162862159789285,0.6359307359307359
2021-08-14 19:30:00+00:00,0.1531278127812781,0.0,0.0291922739244951,0.6329004329004329
2021-08-14 19:45:00+00:00,0.14817731773177314,0.0,0.0267559262510974,0.6298701298701299
2021-08-14 20:00:00+00:00,0.1432268226822682,0.0,0.0243195785776997,0.6268398268398269
2021-08-14 20:15:00+00:00,0.14304867986798675,0.0,0.021619841966637347,0.6138528138528139
2021-08-14 20:30:00+00:00,0.1428705370537053,0.0,0.018920105355575,0.6008658008658009
2021-08-14 20:45:00+00:00,0.14269239423942393,0.0,0.016220368744512652,0.5878787878787879
2021-08-14 21:00:00+00:00,0.1425142514251425,0.0,0.0135206321334503,0.5748917748917749
2021-08-14 21:15:00+00:00,0.14654590459045902,0.0,0.01275241439859515,0.5623376623376624
2021-08-14 21:30:00+00:00,0.1505775577557755,0.0,0.01198419666374,0.5497835497835497
2021-08-14 21:45:00+00:00,0.15460921092109203,0.0,0.011215978928884901,0.5372294372294372
2021-08-14 22:00:00+00:00,0.1586408640864086,0.0,0.0104477611940298,0.5246753246753246
2021-08-14 22:15:00+00:00,0.15781578157815773,0.0,0.009964881474978,0.5196969696969697
2021-08-14 22:30:00+00:00,0.1569906990699069,0.0,0.0094820017559262,0.5147186147186147
2021-08-14 22:45:00+00:00,0.15616561656165612,0.0,0.008999122036874401,0.5097402597402597
2021-08-14 23:00:00+00:00,0.1553405340534053,0.0,0.0085162423178226,0.5047619047619047
2021-08-14 23:15:00+00:00,0.1503056555655565,0.0,0.008340649692712851,0.49956709956709955
2021-08-14 23:30:00+00:00,0.1452707770777077,0.0,0.0081650570676031,0.4943722943722943
2021-08-14 23:45:00+00:00,0.14023589858985896,0.0,0.00798946444249335,0.4891774891774891
2021-08-15 00:00:00+00:00,0.1352010201020102,0.0,0.0078138718173836,0.4839826839826839
2021-08-15 00:15:00+00:00,0.13679492949294925,0.0,0.0078138718173836,0.4816017316017315
2021-08-15 00:30:00+00:00,0.1383888388838883,0.0,0.0078138718173836,0.4792207792207791
2021-08-15 00:45:00+00:00,0.1399827482748274,0.0,0.0078138718173836,0.47683982683982673
2021-08-15 01:00:00+00:00,0.1415766576657665,0.0,0.0078138718173836,0.4744588744588744
2021-08-15 01:15:00+00:00,0.1456364386438643,0.0,0.0078138718173836,0.47424242424242413
2021-08-15 01:30:00+00:00,0.1496962196219621,0.0,0.0078138718173836,0.4740259740259739
2021-08-15 01:45:00+00:00,0.15375600060005995,0.0,0.0078138718173836,0.4738095238095237
2021-08-15 02:00:00+00:00,0.1578157815781578,0.0,0.0078138718173836,0.4735930735930735
2021-08-15 02:15:00+00:00,0.16087233723372335,0.0,0.0078138718173836,0.4735930735930735
2021-08-15 02:30:00+00:00,0.1639288928892889,0.0,0.0078138718173836,0.4735930735930735
2021-08-15 02:45:00+00:00,0.16698544854485448,0.0,0.0078138718173836,0.4735930735930735
2021-08-15 03:00:00+00:00,0.17004200420042,0.0,0.0078138718173836,0.4735930735930735
2021-08-15 03:15:00+00:00,0.1704732973297329,0.0,0.0078138718173836,0.47575757575757566
2021-08-15 03:30:00+00:00,0.1709045904590458,0.0,0.0078138718173836,0.4779220779220778
2021-08-15 03:45:00+00:00,0.17133588358835874,0.0,0.0078138718173836,0.48008658008658
2021-08-15 04:00:00+00:00,0.1717671767176717,0.0,0.0078138718173836,0.4822510822510822
2021-08-15 04:15:00+00:00,0.17067019201920186,0.0,0.009086918349429249,0.48376623376623373
2021-08-15 04:30:00+00:00,0.169573207320732,0.0,0.0103599648814749,0.4852813852813852
2021-08-15 04:45:00+00:00,0.1684762226222622,0.0,0.01163301141352055,0.4867965367965368
2021-08-15 05:00:00+00:00,0.1673792379237924,0.0,0.0129060579455662,0.4883116883116883
2021-08-15 05:15:00+00:00,0.16648852385238525,0.0,0.038520632133450305,0.4982683982683983
2021-08-15 05:30:00+00:00,0.1655978097809781,0.0,0.0641352063213344,0.5082251082251082
2021-08-15 05:45:00+00:00,0.16470709570957096,0.0,0.08974978050921856,0.5181818181818182
2021-08-15 06:00:00+00:00,0.1638163816381638,0.0,0.1153643546971027,0.5281385281385281
2021-08-15 06:15:00+00:00,0.15899714971497148,0.0,0.17210272168568916,0.5367965367965368
2021-08-15 06:30:00+00:00,0.1541779177917791,0.0,0.2288410886742756,0.5454545454545454
2021-08-15 06:45:00+00:00,0.1493586858685868,0.0,0.2855794556628621,0.5541125541125541
2021-08-15 07:00:00+00:00,0.1445394539453945,0.0,0.3423178226514486,0.5627705627705628
2021-08-15 07:15:00+00:00,0.1384919741974197,0.0,0.3901229148375768,0.5692640692640693
2021-08-15 07:30:00+00:00,0.1324444944494449,0.0,0.437928007023705,0.5757575757575758
2021-08-15 07:45:00+00:00,0.1263970147014701,0.0,0.4857330992098332,0.5822510822510822
2021-08-15 08:00:00+00:00,0.1203495349534953,0.0,0.5335381913959614,0.5887445887445888
2021-08-15 08:15:00+00:00,0.12018076807680761,0.0,0.5720807726075505,0.5841991341991343
2021-08-15 08:30:00+00:00,0.1200120012001199,0.0,0.6106233538191396,0.5796536796536798
2021-08-15 08:45:00+00:00,0.11984323432343225,0.0,0.6491659350307286,0.5751082251082251
2021-08-15 09:00:00+00:00,0.1196744674467446,0.0,0.6877085162423178,0.5705627705627706
2021-08-15 09:15:00+00:00,0.1230216771677167,0.0,0.7097673397717296,0.5696969696969698
2021-08-15 09:30:00+00:00,0.1263688868886888,0.0,0.7318261633011414,0.5688311688311689
2021-08-15 09:45:00+00:00,0.1297160966096609,0.0,0.753884986830553,0.567965367965368
2021-08-15 10:00:00+00:00,0.133063306330633,0.0,0.7759438103599648,0.5670995670995671
2021-08-15 10:15:00+00:00,0.13753562856285623,0.0,0.785820895522388,0.5541125541125541
2021-08-15 10:30:00+00:00,0.1420079507950794,0.0,0.7956979806848112,0.5411255411255411
2021-08-15 10:45:00+00:00,0.14648027302730265,0.0,0.8055750658472345,0.5281385281385281
2021-08-15 11:00:00+00:00,0.1509525952595259,0.0,0.8154521510096576,0.5151515151515151
2021-08-15 11:15:00+00:00,0.15449669966996696,0.0,0.8095697980684811,0.5116883116883116
2021-08-15 11:30:00+00:00,0.158040804080408,0.0,0.8036874451273046,0.5082251082251081
2021-08-15 11:45:00+00:00,0.16158490849084906,0.0,0.7978050921861282,0.5047619047619047
2021-08-15 12:00:00+00:00,0.1651290129012901,0.0,0.7919227392449517,0.5012987012987012
2021-08-15 12:15:00+00:00,0.1717015451545154,0.0,0.7821992976294996,0.49696969696969684
2021-08-15 12:30:00+00:00,0.1782740774077407,0.0,0.7724758560140474,0.4926406926406925
2021-08-15 12:45:00+00:00,0.18484660966096605,0.0,0.7627524143985953,0.4883116883116882
2021-08-15 13:00:00+00:00,0.1914191419141914,0.0,0.7530289727831431,0.4839826839826839
2021-08-15 13:15:00+00:00,0.20067319231923192,0.0,0.7278314310798946,0.48225108225108215
2021-08-15 13:30:00+00:00,0.2099272427242724,0.0,0.7026338893766462,0.4805194805194804
2021-08-15 13:45:00+00:00,0.2191812931293129,0.0,0.6774363476733978,0.4787878787878787
2021-08-15 14:00:00+00:00,0.2284353435343534,0.0,0.6522388059701493,0.477056277056277
2021-08-15 14:15:00+00:00,0.2405959345934593,0.0,0.63801580333626,0.47770562770562763
2021-08-15 14:30:00+00:00,0.2527565256525652,0.0,0.6237928007023705,0.4783549783549783
2021-08-15 14:45:00+00:00,0.26491711671167106,0.0,0.6095697980684811,0.479004329004329
2021-08-15 15:00:00+00:00,0.277077707770777,0.0,0.5953467954345918,0.4796536796536796
2021-08-15 15:15:00+00:00,0.2848503600360035,0.0,0.5664618086040387,0.4904761904761904
2021-08-15 15:30:00+00:00,0.29262301230123,0.0,0.5375768217734855,0.5012987012987012
2021-08-15 15:45:00+00:00,0.30039566456645656,0.0,0.5086918349429325,0.5121212121212121
2021-08-15 16:00:00+00:00,0.3081683168316831,0.0,0.4798068481123793,0.5229437229437229
2021-08-15 16:15:00+00:00,0.31408453345334525,0.0,0.4337137840210711,0.5257575757575758
2021-08-15 16:30:00+00:00,0.3200007500750074,0.0,0.3876207199297629,0.5285714285714286
2021-08-15 16:45:00+00:00,0.3259169666966696,0.0,0.34152765583845474,0.5313852813852814
2021-08-15 17:00:00+00:00,0.3318331833183318,0.0,0.2954345917471466,0.5341991341991342
2021-08-15 17:15:00+00:00,0.33573357335733567,0.0,0.24815627743634766,0.5411255411255411
2021-08-15 17:30:00+00:00,0.3396339633963395,0.0,0.2008779631255487,0.548051948051948
2021-08-15 17:45:00+00:00,0.34353435343534344,0.0,0.15359964881474975,0.5549783549783549
2021-08-15 18:00:00+00:00,0.3474347434743474,0.0,0.1063213345039508,0.5619047619047619
2021-08-15 18:15:00+00:00,0.34744411941194114,0.0,0.0884767339771729,0.5595238095238095
2021-08-15 18:30:00+00:00,0.3474534953495349,0.0,0.070632133450395,0.5571428571428572
2021-08-15 18:45:00+00:00,0.3474628712871287,0.0,0.05278753292361715,0.5547619047619048
2021-08-15 19:00:00+00:00,0.3474722472247225,0.0,0.0349429323968393,0.5523809523809524
2021-08-15 19:15:00+00:00,0.3448376087608761,0.0,0.0317164179104477,0.5525974025974026
2021-08-15 19:30:00+00:00,0.3422029702970297,0.0,0.0284899034240561,0.5528138528138529
2021-08-15 19:45:00+00:00,0.33956833183318325,0.0,0.025263388937664548,0.553030303030303
2021-08-15 20:00:00+00:00,0.3369336933693369,0.0,0.022036874451273,0.5532467532467532
2021-08-15 20:15:00+00:00,0.33849947494749466,0.0,0.019446883230904252,0.5487012987012987
2021-08-15 20:30:00+00:00,0.3400652565256525,0.0,0.0168568920105355,0.5441558441558441
2021-08-15 20:45:00+00:00,0.34163103810381035,0.0,0.01426690079016675,0.5396103896103895
2021-08-15 21:00:00+00:00,0.3431968196819682,0.0,0.011676909569798,0.535064935064935
2021-08-15 21:15:00+00:00,0.34169666966696666,0.0,0.011545215100965699,0.5344155844155843
2021-08-15 21:30:00+00:00,0.3401965196519652,0.0,0.0114135206321334,0.5337662337662337
2021-08-15 21:45:00+00:00,0.3386963696369637,0.0,0.0112818261633011,0.5331168831168831
2021-08-15 22:00:00+00:00,0.3371962196219622,0.0,0.0111501316944688,0.5324675324675324
2021-08-15 22:15:00+00:00,0.3353304080408041,0.0,0.01038191395961365,0.5244588744588745
2021-08-15 22:30:00+00:00,0.333464596459646,0.0,0.0096136962247585,0.5164502164502165
2021-08-15 22:45:00+00:00,0.3315987848784878,0.0,0.008845478489903351,0.5084415584415585
2021-08-15 23:00:00+00:00,0.3297329732973297,0.0,0.0080772607550482,0.5004329004329005
2021-08-15 23:15:00+00:00,0.3294048154815481,0.0,0.0079894644424933,0.4939393939393939
2021-08-15 23:30:00+00:00,0.3290766576657665,0.0,0.0079016681299384,0.4874458874458874
2021-08-15 23:45:00+00:00,0.32874849984998494,0.0,0.00781387181738355,0.4809523809523809
2021-08-16 00:00:00+00:00,0.3284203420342034,0.0,0.0077260755048287,0.4744588744588744
2021-08-16 00:15:00+00:00,0.3277452745274527,0.0,0.007857769973661,0.47424242424242413
2021-08-16 00:30:00+00:00,0.327070207020702,0.0,0.0079894644424933,0.4740259740259739
2021-08-16 00:45:00+00:00,0.3263951395139514,0.0,0.00812115891132565,0.4738095238095237
2021-08-16 01:00:00+00:00,0.3257200720072007,0.0,0.008252853380158,0.4735930735930735
2021-08-16 01:15:00+00:00,0.3253731623162316,0.0,0.0083845478489903,0.4735930735930735
2021-08-16 01:30:00+00:00,0.3250262526252625,0.0,0.0085162423178226,0.4735930735930735
2021-08-16 01:45:00+00:00,0.3246793429342934,0.0,0.0086479367866549,0.4735930735930735
2021-08-16 02:00:00+00:00,0.3243324332433243,0.0,0.0087796312554872,0.4735930735930735
2021-08-16 02:15:00+00:00,0.32293541854185415,0.0,0.008757682177348451,0.47164502164502153
2021-08-16 02:30:00+00:00,0.321538403840384,0.0,0.0087357330992097,0.4696969696969696
2021-08-16 02:45:00+00:00,0.3201413891389139,0.0,0.008713784021071001,0.4677489177489177
2021-08-16 03:00:00+00:00,0.3187443744374437,0.0,0.0086918349429323,0.4658008658008658
2021-08-16 03:15:00+00:00,0.3178536603660366,0.0,0.0086918349429323,0.4686147186147186
2021-08-16 03:30:00+00:00,0.3169629462946294,0.0,0.0086918349429323,0.4714285714285714
2021-08-16 03:45:00+00:00,0.3160722322232223,0.0,0.0086918349429323,0.47424242424242424
2021-08-16 04:00:00+00:00,0.3151815181518151,0.0,0.0086918349429323,0.477056277056277
2021-08-16 04:15:00+00:00,0.3150408790879087,0.0,0.01029411764705875,0.4796536796536796
2021-08-16 04:30:00+00:00,0.3149002400240023,0.0,0.0118964003511852,0.4822510822510822
2021-08-16 04:45:00+00:00,0.3147596009600959,0.0,0.01349868305531165,0.4848484848484848
2021-08-16 05:00:00+00:00,0.3146189618961896,0.0,0.0151009657594381,0.4874458874458874
2021-08-16 05:15:00+00:00,0.3127437743774377,0.0,0.0480904302019315,0.493073593073593
2021-08-16 05:30:00+00:00,0.3108685868586858,0.0,0.0810798946444249,0.4987012987012986
2021-08-16 05:45:00+00:00,0.30899339933993397,0.0,0.11406935908691829,0.5043290043290043
2021-08-16 06:00:00+00:00,0.3071182118211821,0.0,0.1470588235294117,0.5099567099567099
2021-08-16 06:15:00+00:00,0.3022614761476148,0.0,0.21685689201053548,0.5164502164502164
2021-08-16 06:30:00+00:00,0.2974047404740474,0.0,0.2866549604916593,0.5229437229437229
2021-08-16 06:45:00+00:00,0.29254800480048004,0.0,0.3564530289727831,0.5294372294372294
2021-08-16 07:00:00+00:00,0.2876912691269127,0.0,0.4262510974539069,0.5359307359307359
2021-08-16 07:15:00+00:00,0.28467221722172215,0.0,0.49312993854258114,0.5378787878787878
2021-08-16 07:30:00+00:00,0.2816531653165316,0.0,0.5600087796312554,0.5398268398268398
2021-08-16 07:45:00+00:00,0.27863411341134114,0.0,0.6268876207199297,0.5417748917748917
2021-08-16 08:00:00+00:00,0.2756150615061506,0.0,0.693766461808604,0.5437229437229437
2021-08-16 08:15:00+00:00,0.27490249024902486,0.0,0.7309920983318701,0.5426406926406926
2021-08-16 08:30:00+00:00,0.2741899189918991,0.0,0.768217734855136,0.5415584415584416
2021-08-16 08:45:00+00:00,0.2734773477347734,0.0,0.805443371378402,0.5404761904761906
2021-08-16 09:00:00+00:00,0.2727647764776477,0.0,0.8426690079016681,0.5393939393939394
2021-08-16 09:15:00+00:00,0.27288666366636655,0.0,0.8627963125548727,0.5396103896103895
2021-08-16 09:30:00+00:00,0.2730085508550854,0.0,0.8829236172080772,0.5398268398268398
2021-08-16 09:45:00+00:00,0.2731304380438043,0.0,0.9030509218612819,0.54004329004329
2021-08-16 10:00:00+00:00,0.2732523252325232,0.0,0.9231782265144864,0.5402597402597402
2021-08-16 10:15:00+00:00,0.2763651365136513,0.0,0.9328577699736612,0.5391774891774892
2021-08-16 10:30:00+00:00,0.2794779477947794,0.0,0.942537313432836,0.5380952380952381
2021-08-16 10:45:00+00:00,0.2825907590759076,0.0,0.9522168568920106,0.5370129870129869
2021-08-16 11:00:00+00:00,0.2857035703570357,0.0,0.9618964003511852,0.5359307359307359
2021-08-16 11:15:00+00:00,0.2923511101110111,0.0,0.9608647936786655,0.5391774891774891
2021-08-16 11:30:00+00:00,0.2989986498649865,0.0,0.9598331870061458,0.5424242424242424
2021-08-16 11:45:00+00:00,0.3056461896189619,0.0,0.9588015803336261,0.5456709956709956
2021-08-16 12:00:00+00:00,0.3122937293729373,0.0,0.9577699736611064,0.5489177489177489
2021-08-16 12:15:00+00:00,0.319278802880288,0.0,0.9477392449517121,0.5400432900432901
2021-08-16 12:30:00+00:00,0.3262638763876387,0.0,0.937708516242318,0.5311688311688312
2021-08-16 12:45:00+00:00,0.33324894989498943,0.0,0.9276777875329236,0.5222943722943723
2021-08-16 13:00:00+00:00,0.3402340234023402,0.0,0.9176470588235294,0.5134199134199134
2021-08-16 13:15:00+00:00,0.3464971497149715,0.0,0.9052677787532923,0.5112554112554113
2021-08-16 13:30:00+00:00,0.3527602760276027,0.0,0.8928884986830553,0.509090909090909
2021-08-16 13:45:00+00:00,0.35902340234023394,0.0,0.8805092186128183,0.5069264069264069
2021-08-16 14:00:00+00:00,0.3652865286528652,0.0,0.8681299385425812,0.5047619047619047
2021-08-16 14:15:00+00:00,0.3713902640264025,0.0,0.8535996488147498,0.5002164502164501
2021-08-16 14:30:00+00:00,0.3774939993999399,0.0,0.8390693590869184,0.4956709956709956
2021-08-16 14:45:00+00:00,0.38359773477347725,0.0,0.8245390693590869,0.4911255411255411
2021-08-16 15:00:00+00:00,0.3897014701470147,0.0,0.8100087796312555,0.4865800865800865
2021-08-16 15:15:00+00:00,0.3921485898589859,0.0,0.7833187006145742,0.48549783549783543
2021-08-16 15:30:00+00:00,0.3945957095709571,0.0,0.7566286215978929,0.4844155844155843
2021-08-16 15:45:00+00:00,0.3970428292829283,0.0,0.7299385425812116,0.4833333333333333
2021-08-16 16:00:00+00:00,0.3994899489948995,0.0,0.7032484635645303,0.4822510822510822
2021-08-16 16:15:00+00:00,0.4047498499849985,0.0,0.6501097453906935,0.485064935064935
2021-08-16 16:30:00+00:00,0.4100097509750975,0.0,0.5969710272168569,0.4878787878787878
2021-08-16 16:45:00+00:00,0.4152696519651965,0.0,0.5438323090430202,0.4906926406926406
2021-08-16 17:00:00+00:00,0.4205295529552955,0.0,0.4906935908691835,0.4935064935064935
2021-08-16 17:15:00+00:00,0.42282665766576655,0.0,0.41435469710272166,0.49956709956709955
2021-08-16 17:30:00+00:00,0.4251237623762376,0.0,0.3380158033362598,0.5056277056277056
2021-08-16 17:45:00+00:00,0.4274208670867087,0.0,0.261676909569798,0.5116883116883117
2021-08-16 18:00:00+00:00,0.4297179717971797,0.0,0.1853380158033362,0.5177489177489177
2021-08-16 18:15:00+00:00,0.4351185118511851,0.0,0.15557506584723435,0.5196969696969698
2021-08-16 18:30:00+00:00,0.4405190519051905,0.0,0.1258121158911325,0.5216450216450217
2021-08-16 18:45:00+00:00,0.4459195919591959,0.0,0.09604916593503066,0.5235930735930736
2021-08-16 19:00:00+00:00,0.4513201320132013,0.0,0.0662862159789288,0.5255411255411255
2021-08-16 19:15:00+00:00,0.4562800030003,0.0,0.06312554872695339,0.525974025974026
2021-08-16 19:30:00+00:00,0.4612398739873987,0.0,0.059964881474978,0.5264069264069264
2021-08-16 19:45:00+00:00,0.4661997449744974,0.0,0.0568042142230026,0.5268398268398269
2021-08-16 20:00:00+00:00,0.4711596159615961,0.0,0.0536435469710272,0.5272727272727272
2021-08-16 20:15:00+00:00,0.46774677467746767,0.0,0.0533362598770851,0.5257575757575756
2021-08-16 20:30:00+00:00,0.4643339333933393,0.0,0.053028972783143,0.5242424242424242
2021-08-16 20:45:00+00:00,0.4609210921092109,0.0,0.05272168568920095,0.5227272727272727
2021-08-16 21:00:00+00:00,0.4575082508250825,0.0,0.0524143985952589,0.5212121212121212
2021-08-16 21:15:00+00:00,0.4531671917191719,0.0,0.0524143985952589,0.512987012987013
2021-08-16 21:30:00+00:00,0.4488261326132613,0.0,0.0524143985952589,0.5047619047619047
2021-08-16 21:45:00+00:00,0.44448507350735067,0.0,0.0524143985952589,0.4965367965367965
2021-08-16 22:00:00+00:00,0.4401440144014401,0.0,0.0524143985952589,0.4883116883116883
2021-08-16 22:15:00+00:00,0.4373124812481247,0.0,0.05199736611062325,0.4848484848484848
2021-08-16 22:30:00+00:00,0.4344809480948094,0.0,0.0515803336259876,0.4813852813852813
2021-08-16 22:45:00+00:00,0.4316494149414941,0.0,0.051163301141352,0.47792207792207786
2021-08-16 23:00:00+00:00,0.4288178817881788,0.0,0.0507462686567164,0.4744588744588744
2021-08-16 23:15:00+00:00,0.4271677167716771,0.0,0.0499341527655838,0.4707792207792207
2021-08-16 23:30:00+00:00,0.4255175517551754,0.0,0.0491220368744512,0.467099567099567
2021-08-16 23:45:00+00:00,0.4238673867386738,0.0,0.048309920983318655,0.4634199134199134
2021-08-17 00:00:00+00:00,0.4222172217221722,0.0,0.0474978050921861,0.4597402597402597
2021-08-17 00:15:00+00:00,0.4209327182718271,0.0,0.04664179104477605,0.4584415584415584
2021-08-17 00:30:00+00:00,0.419648214821482,0.0,0.045785776997366,0.4571428571428571
2021-08-17 00:45:00+00:00,0.41836371137113704,0.0,0.044929762949956,0.4558441558441558
2021-08-17 01:00:00+00:00,0.417079207920792,0.0,0.044073748902546,0.4545454545454545
2021-08-17 01:15:00+00:00,0.4159447194719471,0.0,0.04269095697980675,0.45346320346320335
2021-08-17 01:30:00+00:00,0.4148102310231022,0.0,0.0413081650570675,0.4523809523809523
2021-08-17 01:45:00+00:00,0.4136757425742573,0.0,0.0399253731343283,0.4512987012987012
2021-08-17 02:00:00+00:00,0.4125412541254125,0.0,0.0385425812115891,0.4502164502164502
2021-08-17 02:15:00+00:00,0.4125412541254125,0.0,0.03803775241439855,0.45324675324675323
2021-08-17 02:30:00+00:00,0.4125412541254125,0.0,0.037532923617208,0.4562770562770563
2021-08-17 02:45:00+00:00,0.4125412541254125,0.0,0.0370280948200175,0.45930735930735933
2021-08-17 03:00:00+00:00,0.4125412541254125,0.0,0.036523266022827,0.4623376623376623
2021-08-17 03:15:00+00:00,0.41523214821482146,0.0,0.03393327480245825,0.4649350649350649
2021-08-17 03:30:00+00:00,0.4179230423042304,0.0,0.0313432835820895,0.4675324675324675
2021-08-17 03:45:00+00:00,0.4206139363936393,0.0,0.02875329236172075,0.4701298701298701
2021-08-17 04:00:00+00:00,0.4233048304830483,0.0,0.026163301141352,0.4727272727272727
2021-08-17 04:15:00+00:00,0.42233910891089105,0.0,0.02499999999999995,0.47359307359307357
2021-08-17 04:30:00+00:00,0.4213733873387338,0.0,0.0238366988586479,0.4744588744588744
2021-08-17 04:45:00+00:00,0.4204076657665766,0.0,0.02267339771729585,0.47532467532467526
2021-08-17 05:00:00+00:00,0.4194419441944194,0.0,0.0215100965759438,0.4761904761904761
2021-08-17 05:15:00+00:00,0.4183074557455745,0.0,0.05226075504828795,0.47987012987012984
2021-08-17 05:30:00+00:00,0.4171729672967296,0.0,0.0830114135206321,0.4835497835497835
2021-08-17 05:45:00+00:00,0.41603847884788475,0.0,0.11376207199297625,0.48722943722943723
2021-08-17 06:00:00+00:00,0.4149039903990399,0.0,0.1445127304653204,0.4909090909090909
2021-08-17 06:15:00+00:00,0.41257875787578757,0.0,0.21330114135206313,0.5006493506493507
2021-08-17 06:30:00+00:00,0.4102535253525352,0.0,0.2820895522388059,0.5103896103896104
2021-08-17 06:45:00+00:00,0.4079282928292829,0.0,0.3508779631255487,0.5201298701298701
2021-08-17 07:00:00+00:00,0.4056030603060306,0.0,0.4196663740122915,0.5298701298701298
2021-08-17 07:15:00+00:00,0.40139326432643263,0.0,0.49078138718173836,0.533116883116883
2021-08-17 07:30:00+00:00,0.3971834683468346,0.0,0.5618964003511853,0.5363636363636363
2021-08-17 07:45:00+00:00,0.3929736723672367,0.0,0.6330114135206322,0.5396103896103895
2021-08-17 08:00:00+00:00,0.3887638763876387,0.0,0.704126426690079,0.5428571428571428
2021-08-17 08:15:00+00:00,0.3816662916291629,0.0,0.7388279192273923,0.5417748917748917
2021-08-17 08:30:00+00:00,0.374568706870687,0.0,0.7735294117647058,0.5406926406926407
2021-08-17 08:45:00+00:00,0.3674711221122112,0.0,0.8082309043020193,0.5396103896103897
2021-08-17 09:00:00+00:00,0.3603735373537354,0.0,0.8429323968393327,0.5385281385281385
2021-08-17 09:15:00+00:00,0.35327595259525957,0.0,0.8593503072870939,0.5374458874458874
2021-08-17 09:30:00+00:00,0.3461783678367837,0.0,0.8757682177348551,0.5363636363636364
2021-08-17 09:45:00+00:00,0.33908078307830786,0.0,0.8921861281826164,0.5352813852813854
2021-08-17 10:00:00+00:00,0.331983198319832,0.0,0.9086040386303776,0.5341991341991342
2021-08-17 10:15:00+00:00,0.32480123012301226,0.0,0.9152546093064092,0.5363636363636364
2021-08-17 10:30:00+00:00,0.3176192619261926,0.0,0.9219051799824408,0.5385281385281385
2021-08-17 10:45:00+00:00,0.3104372937293729,0.0,0.9285557506584724,0.5406926406926407
2021-08-17 11:00:00+00:00,0.3032553255325532,0.0,0.935206321334504,0.5428571428571428
2021-08-17 11:15:00+00:00,0.29881113111311125,0.0,0.939332748024583,0.5506493506493506
2021-08-17 11:30:00+00:00,0.2943669366936693,0.0,0.943459174714662,0.5584415584415584
2021-08-17 11:45:00+00:00,0.28992274227422743,0.0,0.947585601404741,0.5662337662337662
2021-08-17 12:00:00+00:00,0.2854785478547855,0.0,0.95171202809482,0.574025974025974
2021-08-17 12:15:00+00:00,0.2837815031503151,0.0,0.9488366988586479,0.5675324675324676
2021-08-17 12:30:00+00:00,0.2820844584458446,0.0,0.9459613696224758,0.561038961038961
2021-08-17 12:45:00+00:00,0.28038741374137416,0.0,0.9430860403863037,0.5545454545454546
2021-08-17 13:00:00+00:00,0.2786903690369037,0.0,0.9402107111501316,0.548051948051948
2021-08-17 13:15:00+00:00,0.28163441344134416,0.0,0.934021071115013,0.5437229437229436
2021-08-17 13:30:00+00:00,0.2845784578457846,0.0,0.9278314310798944,0.5393939393939393
2021-08-17 13:45:00+00:00,0.287522502250225,0.0,0.9216417910447761,0.535064935064935
2021-08-17 14:00:00+00:00,0.2904665466546655,0.0,0.9154521510096576,0.5307359307359307
2021-08-17 14:15:00+00:00,0.2966171617161716,0.0,0.8988366988586479,0.5233766233766234
2021-08-17 14:30:00+00:00,0.3027677767776777,0.0,0.8822212467076382,0.516017316017316
2021-08-17 14:45:00+00:00,0.30891839183918385,0.0,0.8656057945566287,0.5086580086580086
2021-08-17 15:00:00+00:00,0.31506900690069,0.0,0.848990342405619,0.5012987012987012
2021-08-17 15:15:00+00:00,0.3217446744674467,0.0,0.814486391571554,0.5045454545454544
2021-08-17 15:30:00+00:00,0.3284203420342034,0.0,0.779982440737489,0.5077922077922077
2021-08-17 15:45:00+00:00,0.3350960096009601,0.0,0.745478489903424,0.511038961038961
2021-08-17 16:00:00+00:00,0.3417716771677168,0.0,0.710974539069359,0.5142857142857142
2021-08-17 16:15:00+00:00,0.3450626312631263,0.0,0.6483318700614573,0.5162337662337662
2021-08-17 16:30:00+00:00,0.3483535853585358,0.0,0.5856892010535557,0.5181818181818181
2021-08-17 16:45:00+00:00,0.35164453945394536,0.0,0.5230465320456541,0.52012987012987
2021-08-17 17:00:00+00:00,0.3549354935493549,0.0,0.4604038630377524,0.522077922077922
2021-08-17 17:15:00+00:00,0.36029852985298527,0.0,0.3860842844600526,0.5214285714285714
2021-08-17 17:30:00+00:00,0.3656615661566156,0.0,0.3117647058823529,0.5207792207792208
2021-08-17 17:45:00+00:00,0.371024602460246,0.0,0.23744512730465314,0.5201298701298701
2021-08-17 18:00:00+00:00,0.3763876387638764,0.0,0.1631255487269534,0.5194805194805194
2021-08-17 18:15:00+00:00,0.381113111311131,0.0,0.13845478489903415,0.5229437229437229
2021-08-17 18:30:00+00:00,0.3858385838583857,0.0,0.1137840210711149,0.5264069264069264
2021-08-17 18:45:00+00:00,0.39056405640564046,0.0,0.0891132572431957,0.5298701298701298
2021-08-17 19:00:00+00:00,0.3952895289528952,0.0,0.0644424934152765,0.5333333333333333
2021-08-17 19:15:00+00:00,0.3990492799279927,0.0,0.06246707638279185,0.5326839826839826
2021-08-17 19:30:00+00:00,0.4028090309030902,0.0,0.0604916593503072,0.5320346320346321
2021-08-17 19:45:00+00:00,0.4065687818781878,0.0,0.0585162423178226,0.5313852813852814
2021-08-17 20:00:00+00:00,0.4103285328532853,0.0,0.056540825285338,0.5307359307359307
2021-08-17 20:15:00+00:00,0.40983160816081604,0.0,0.05649692712906055,0.5235930735930736
2021-08-17 20:30:00+00:00,0.4093346834683468,0.0,0.0564530289727831,0.5164502164502165
2021-08-17 20:45:00+00:00,0.4088377587758776,0.0,0.05640913081650565,0.5093073593073594
2021-08-17 21:00:00+00:00,0.4083408340834083,0.0,0.0563652326602282,0.5021645021645021
2021-08-17 21:15:00+00:00,0.4051623912391239,0.0,0.0562335381913959,0.49696969696969695
2021-08-17 21:30:00+00:00,0.4019839483948395,0.0,0.0561018437225636,0.4917748917748917
2021-08-17 21:45:00+00:00,0.39880550555055505,0.0,0.0559701492537313,0.4865800865800865
2021-08-17 22:00:00+00:00,0.3956270627062706,0.0,0.055838454784899,0.4813852813852813
2021-08-17 22:15:00+00:00,0.3929267926792679,0.0,0.055838454784899,0.4761904761904761
2021-08-17 22:30:00+00:00,0.3902265226522652,0.0,0.055838454784899,0.4709956709956709
2021-08-17 22:45:00+00:00,0.3875262526252625,0.0,0.055838454784899,0.46580086580086577
2021-08-17 23:00:00+00:00,0.3848259825982598,0.0,0.055838454784899,0.4606060606060606
2021-08-17 23:15:00+00:00,0.38366336633663356,0.0,0.05469710272168565,0.45974025974025967
2021-08-17 23:30:00+00:00,0.3825007500750074,0.0,0.0535557506584723,0.4588744588744588
2021-08-17 23:45:00+00:00,0.3813381338133812,0.0,0.05241439859525895,0.458008658008658
2021-08-18 00:00:00+00:00,0.3801755175517551,0.0,0.0512730465320456,0.4571428571428571
2021-08-18 00:15:00+00:00,0.3781503150315031,0.0,0.0473222124670763,0.45974025974025967
2021-08-18 00:30:00+00:00,0.376125112511251,0.0,0.043371378402107,0.4623376623376622
2021-08-18 00:45:00+00:00,0.374099909990999,0.0,0.03942054433713775,0.46493506493506487
2021-08-18 01:00:00+00:00,0.372074707470747,0.0,0.0354697102721685,0.4675324675324675
2021-08-18 01:15:00+00:00,0.3701620162016201,0.0,0.03263827919227385,0.46774891774891775
2021-08-18 01:30:00+00:00,0.3682493249324932,0.0,0.0298068481123792,0.467965367965368
2021-08-18 01:45:00+00:00,0.36633663366336633,0.0,0.02697541703248455,0.4681818181818182
2021-08-18 02:00:00+00:00,0.3644239423942394,0.0,0.0241439859525899,0.4683982683982684
2021-08-18 02:15:00+00:00,0.3642082958295829,0.0,0.022761194029850648,0.4686147186147186
2021-08-18 02:30:00+00:00,0.3639926492649264,0.0,0.0213784021071114,0.4688311688311688
2021-08-18 02:45:00+00:00,0.36377700270026997,0.0,0.019995610184372202,0.46904761904761905
2021-08-18 03:00:00+00:00,0.3635613561356136,0.0,0.018612818261633,0.4692640692640693
2021-08-18 03:15:00+00:00,0.3626518901890189,0.0,0.0178007023705004,0.46904761904761905
2021-08-18 03:30:00+00:00,0.3617424242424242,0.0,0.0169885864793678,0.4688311688311688
2021-08-18 03:45:00+00:00,0.3608329582958295,0.0,0.01617647058823525,0.4686147186147186
2021-08-18 04:00:00+00:00,0.3599234923492349,0.0,0.0153643546971027,0.4683982683982684
2021-08-18 04:15:00+00:00,0.3554699219921992,0.0,0.016417910447761152,0.47337662337662334
2021-08-18 04:30:00+00:00,0.3510163516351635,0.0,0.0174714661984196,0.4783549783549783
2021-08-18 04:45:00+00:00,0.3465627812781278,0.0,0.0185250219490781,0.4833333333333333
2021-08-18 05:00:00+00:00,0.3421092109210921,0.0,0.0195785776997366,0.4883116883116883
2021-08-18 05:15:00+00:00,0.3354991749174917,0.0,0.050877963125548695,0.49783549783549785
2021-08-18 05:30:00+00:00,0.3288891389138913,0.0,0.0821773485513608,0.5073593073593073
2021-08-18 05:45:00+00:00,0.32227910291029094,0.0,0.1134767339771729,0.5168831168831169
2021-08-18 06:00:00+00:00,0.3156690669066906,0.0,0.144776119402985,0.5264069264069264
2021-08-18 06:15:00+00:00,0.30918091809180914,0.0,0.21619841966637393,0.5322510822510823
2021-08-18 06:30:00+00:00,0.3026927692769276,0.0,0.2876207199297629,0.5380952380952382
2021-08-18 06:45:00+00:00,0.29620462046204615,0.0,0.3590430201931518,0.543939393939394
2021-08-18 07:00:00+00:00,0.2897164716471647,0.0,0.4304653204565408,0.5497835497835498
2021-08-18 07:15:00+00:00,0.27910291029102907,0.0,0.49989025460930636,0.5580086580086581
2021-08-18 07:30:00+00:00,0.2684893489348934,0.0,0.569315188762072,0.5662337662337662
2021-08-18 07:45:00+00:00,0.2578757875787578,0.0,0.6387401229148375,0.5744588744588744
2021-08-18 08:00:00+00:00,0.2472622262226222,0.0,0.7081650570676031,0.5826839826839827
2021-08-18 08:15:00+00:00,0.237801905190519,0.0,0.743064091308165,0.5841991341991342
2021-08-18 08:30:00+00:00,0.2283415841584158,0.0,0.7779631255487269,0.5857142857142857
2021-08-18 08:45:00+00:00,0.2188812631263126,0.0,0.8128621597892889,0.5872294372294373
2021-08-18 09:00:00+00:00,0.2094209420942094,0.0,0.8477611940298507,0.5887445887445888
2021-08-18 09:15:00+00:00,0.2030921842184218,0.0,0.8658691834942933,0.5887445887445888
2021-08-18 09:30:00+00:00,0.1967634263426342,0.0,0.8839771729587358,0.5887445887445888
2021-08-18 09:45:00+00:00,0.19043466846684665,0.0,0.9020851624231783,0.5887445887445888
2021-08-18 10:00:00+00:00,0.1841059105910591,0.0,0.9201931518876209,0.5887445887445888
2021-08-18 10:15:00+00:00,0.17931480648064807,0.0,0.9288630377524144,0.5917748917748918
2021-08-18 10:30:00+00:00,0.174523702370237,0.0,0.937532923617208,0.5948051948051949
2021-08-18 10:45:00+00:00,0.16973259825982595,0.0,0.9462028094820016,0.5978354978354978
2021-08-18 11:00:00+00:00,0.1649414941494149,0.0,0.9548726953467954,0.6008658008658009
2021-08-18 11:15:00+00:00,0.16354447944794476,0.0,0.956233538191396,0.6058441558441559
2021-08-18 11:30:00+00:00,0.1621474647464746,0.0,0.9575943810359966,0.6108225108225108
2021-08-18 11:45:00+00:00,0.16075045004500443,0.0,0.9589552238805972,0.6158008658008658
2021-08-18 12:00:00+00:00,0.1593534353435343,0.0,0.9603160667251976,0.6207792207792208
2021-08-18 12:15:00+00:00,0.16121924692469242,0.0,0.9586259877085164,0.616017316017316
2021-08-18 12:30:00+00:00,0.1630850585058505,0.0,0.956935908691835,0.6112554112554113
2021-08-18 12:45:00+00:00,0.16495087008700865,0.0,0.9552458296751537,0.6064935064935065
2021-08-18 13:00:00+00:00,0.1668166816681668,0.0,0.9535557506584724,0.6017316017316018
2021-08-18 13:15:00+00:00,0.17328607860786074,0.0,0.9424275680421423,0.5976190476190477
2021-08-18 13:30:00+00:00,0.1797554755475547,0.0,0.9312993854258124,0.5935064935064935
2021-08-18 13:45:00+00:00,0.1862248724872487,0.0,0.9201712028094822,0.5893939393939394
2021-08-18 14:00:00+00:00,0.1926942694269427,0.0,0.909043020193152,0.5852813852813853
2021-08-18 14:15:00+00:00,0.2024264926492649,0.0,0.8907374890254609,0.5826839826839827
2021-08-18 14:30:00+00:00,0.2121587158715871,0.0,0.87243195785777,0.5800865800865801
2021-08-18 14:45:00+00:00,0.22189093909390933,0.0,0.854126426690079,0.5774891774891775
2021-08-18 15:00:00+00:00,0.2316231623162316,0.0,0.835820895522388,0.5748917748917749
2021-08-18 15:15:00+00:00,0.2390301530153015,0.0,0.8038630377524144,0.5768398268398269
2021-08-18 15:30:00+00:00,0.2464371437143714,0.0,0.7719051799824408,0.5787878787878789
2021-08-18 15:45:00+00:00,0.2538441344134413,0.0,0.7399473222124671,0.5807359307359308
2021-08-18 16:00:00+00:00,0.2612511251125112,0.0,0.7079894644424934,0.5826839826839827
2021-08-18 16:15:00+00:00,0.2687518751875187,0.0,0.6474100087796313,0.5904761904761905
2021-08-18 16:30:00+00:00,0.2762526252625262,0.0,0.586830553116769,0.5982683982683983
2021-08-18 16:45:00+00:00,0.2837533753375337,0.0,0.5262510974539069,0.6060606060606061
2021-08-18 17:00:00+00:00,0.2912541254125412,0.0,0.4656716417910447,0.6138528138528139
2021-08-18 17:15:00+00:00,0.2942356735673567,0.0,0.3905838454784898,0.6183982683982684
2021-08-18 17:30:00+00:00,0.2972172217221722,0.0,0.3154960491659349,0.6229437229437229
2021-08-18 17:45:00+00:00,0.3001987698769877,0.0,0.24040825285338002,0.6274891774891775
2021-08-18 18:00:00+00:00,0.3031803180318032,0.0,0.1653204565408252,0.6320346320346321
2021-08-18 18:15:00+00:00,0.30629312931293123,0.0,0.14143985952589985,0.6227272727272728
2021-08-18 18:30:00+00:00,0.3094059405940593,0.0,0.1175592625109745,0.6134199134199134
2021-08-18 18:45:00+00:00,0.3125187518751874,0.0,0.09367866549604914,0.604112554112554
2021-08-18 19:00:00+00:00,0.3156315631563156,0.0,0.0697980684811238,0.5948051948051948
2021-08-18 19:15:00+00:00,0.3178630363036303,0.0,0.0672958735733099,0.5928571428571427
2021-08-18 19:30:00+00:00,0.320094509450945,0.0,0.064793678665496,0.5909090909090908
2021-08-18 19:45:00+00:00,0.32232598259825973,0.0,0.06229148375768215,0.5889610389610389
2021-08-18 20:00:00+00:00,0.3245574557455745,0.0,0.0597892888498683,0.587012987012987
2021-08-18 20:15:00+00:00,0.32223222322232214,0.0,0.0596136962247585,0.5824675324675325
2021-08-18 20:30:00+00:00,0.3199069906990698,0.0,0.0594381035996487,0.577922077922078
2021-08-18 20:45:00+00:00,0.31758175817581746,0.0,0.059262510974538996,0.5733766233766233
2021-08-18 21:00:00+00:00,0.3152565256525652,0.0,0.0590869183494293,0.5688311688311688
2021-08-18 21:15:00+00:00,0.3128562856285628,0.0,0.058077260755048196,0.5653679653679653
2021-08-18 21:30:00+00:00,0.3104560456045604,0.0,0.0570676031606671,0.5619047619047619
2021-08-18 21:45:00+00:00,0.308055805580558,0.0,0.0560579455662861,0.5584415584415585
2021-08-18 22:00:00+00:00,0.3056555655565556,0.0,0.0550482879719051,0.554978354978355
2021-08-18 22:15:00+00:00,0.30156765676567654,0.0,0.053292361720807646,0.5385281385281385
2021-08-18 22:30:00+00:00,0.2974797479747975,0.0,0.0515364354697102,0.522077922077922
2021-08-18 22:45:00+00:00,0.2933918391839184,0.0,0.04978050921861275,0.5056277056277055
2021-08-18 23:00:00+00:00,0.2893039303930393,0.0,0.0480245829675153,0.4891774891774891
2021-08-18 23:15:00+00:00,0.2862567506750675,0.0,0.04471027216856885,0.4852813852813852
2021-08-18 23:30:00+00:00,0.2832095709570957,0.0,0.0413959613696224,0.4813852813852813
2021-08-18 23:45:00+00:00,0.2801623912391239,0.0,0.038081650570675946,0.4774891774891774
2021-08-19 00:00:00+00:00,0.2771152115211521,0.0,0.0347673397717295,0.4735930735930735
2021-08-19 00:15:00+00:00,0.2723616111611161,0.0,0.033691834942932306,0.472077922077922
2021-08-19 00:30:00+00:00,0.2676080108010801,0.0,0.0326163301141351,0.4705627705627705
2021-08-19 00:45:00+00:00,0.2628544104410441,0.0,0.03154082528533795,0.46904761904761905
2021-08-19 01:00:00+00:00,0.2581008100810081,0.0,0.0304653204565408,0.4675324675324675
2021-08-19 01:15:00+00:00,0.25261588658865886,0.0,0.029543459174714598,0.46774891774891775
2021-08-19 01:30:00+00:00,0.2471309630963096,0.0,0.0286215978928884,0.467965367965368
2021-08-19 01:45:00+00:00,0.24164603960396036,0.0,0.027699736611062252,0.4681818181818182
2021-08-19 02:00:00+00:00,0.2361611161116111,0.0,0.0267778753292361,0.4683982683982684
2021-08-19 02:15:00+00:00,0.23176380138013797,0.0,0.02491220368744505,0.47207792207792204
2021-08-19 02:30:00+00:00,0.2273664866486648,0.0,0.023046532045654,0.4757575757575757
2021-08-19 02:45:00+00:00,0.22296917191719165,0.0,0.02118086040386295,0.47943722943722944
2021-08-19 03:00:00+00:00,0.2185718571857185,0.0,0.0193151887620719,0.4831168831168831
2021-08-19 03:15:00+00:00,0.21328382838283821,0.0,0.0164398595258998,0.4906926406926406
2021-08-19 03:30:00+00:00,0.2079957995799579,0.0,0.0135645302897277,0.4982683982683982
2021-08-19 03:45:00+00:00,0.20270777077707763,0.0,0.01068920105355565,0.5058441558441558
2021-08-19 04:00:00+00:00,0.1974197419741974,0.0,0.0078138718173836,0.5134199134199134
2021-08-19 04:15:00+00:00,0.1929380438043804,0.0,0.008252853380157951,0.5121212121212122
2021-08-19 04:30:00+00:00,0.1884563456345634,0.0,0.0086918349429323,0.5108225108225108
2021-08-19 04:45:00+00:00,0.1839746474647464,0.0,0.0091308165057067,0.5095238095238095
2021-08-19 05:00:00+00:00,0.1794929492949294,0.0,0.0095697980684811,0.5082251082251082
2021-08-19 05:15:00+00:00,0.17170154515451536,0.0,0.03838893766461805,0.5186147186147186
2021-08-19 05:30:00+00:00,0.1639101410141013,0.0,0.067208077260755,0.529004329004329
2021-08-19 05:45:00+00:00,0.15611873687368732,0.0,0.09602721685689196,0.5393939393939394
2021-08-19 06:00:00+00:00,0.1483273327332733,0.0,0.1248463564530289,0.5497835497835498
2021-08-19 06:15:00+00:00,0.14018901890189017,0.0,0.18845478489903417,0.5564935064935066
2021-08-19 06:30:00+00:00,0.132050705070507,0.0,0.2520632133450394,0.5632034632034633
2021-08-19 06:45:00+00:00,0.12391239123912386,0.0,0.3156716417910447,0.5699134199134199
2021-08-19 07:00:00+00:00,0.1157740774077407,0.0,0.37928007023705,0.5766233766233766
2021-08-19 07:15:00+00:00,0.11037353735373531,0.0,0.442054433713784,0.5798701298701298
2021-08-19 07:30:00+00:00,0.1049729972997299,0.0,0.504828797190518,0.583116883116883
2021-08-19 07:45:00+00:00,0.0995724572457245,0.0,0.567603160667252,0.5863636363636363
2021-08-19 08:00:00+00:00,0.0941719171917191,0.0,0.630377524143986,0.5896103896103896
2021-08-19 08:15:00+00:00,0.08963396339633956,0.0,0.6607330992098333,0.5941558441558441
2021-08-19 08:30:00+00:00,0.08509600960096,0.0,0.6910886742756804,0.5987012987012987
2021-08-19 08:45:00+00:00,0.08055805580558051,0.0,0.7214442493415276,0.6032467532467533
2021-08-19 09:00:00+00:00,0.076020102010201,0.0,0.7517998244073749,0.6077922077922078
2021-08-19 09:15:00+00:00,0.07496999699969994,0.0,0.7728050921861283,0.6067099567099568
2021-08-19 09:30:00+00:00,0.0739198919891989,0.0,0.7938103599648815,0.6056277056277056
2021-08-19 09:45:00+00:00,0.07286978697869785,0.0,0.8148156277436347,0.6045454545454545
2021-08-19 10:00:00+00:00,0.0718196819681968,0.0,0.835820895522388,0.6034632034632035
2021-08-19 10:15:00+00:00,0.07166966696669665,0.0,0.8552897278314311,0.601948051948052
2021-08-19 10:30:00+00:00,0.0715196519651965,0.0,0.8747585601404742,0.6004329004329004
2021-08-19 10:45:00+00:00,0.07136963696369635,0.0,0.8942273924495172,0.5989177489177488
2021-08-19 11:00:00+00:00,0.0712196219621962,0.0,0.9136962247585602,0.5974025974025974
2021-08-19 11:15:00+00:00,0.0730666816681668,0.0,0.9178446005267779,0.5958874458874459
2021-08-19 11:30:00+00:00,0.0749137413741374,0.0,0.9219929762949955,0.5943722943722944
2021-08-19 11:45:00+00:00,0.076760801080108,0.0,0.9261413520632134,0.592857142857143
2021-08-19 12:00:00+00:00,0.0786078607860786,0.0,0.930289727831431,0.5913419913419914
2021-08-19 12:15:00+00:00,0.0812800030003,0.0,0.9206321334503951,0.5837662337662337
2021-08-19 12:30:00+00:00,0.0839521452145214,0.0,0.9109745390693592,0.5761904761904761
2021-08-19 12:45:00+00:00,0.08662428742874281,0.0,0.9013169446883231,0.5686147186147186
2021-08-19 13:00:00+00:00,0.0892964296429642,0.0,0.891659350307287,0.561038961038961
2021-08-19 13:15:00+00:00,0.09300930093009291,0.0,0.8813213345039508,0.5577922077922078
2021-08-19 13:30:00+00:00,0.0967221722172216,0.0,0.8709833187006146,0.5545454545454546
2021-08-19 13:45:00+00:00,0.10043504350435034,0.0,0.8606453028972784,0.5512987012987013
2021-08-19 14:00:00+00:00,0.1041479147914791,0.0,0.8503072870939421,0.548051948051948
2021-08-19 14:15:00+00:00,0.1058543354335433,0.0,0.8390693590869184,0.5441558441558441
2021-08-19 14:30:00+00:00,0.1075607560756075,0.0,0.8278314310798947,0.5402597402597402
2021-08-19 14:45:00+00:00,0.1092671767176717,0.0,0.8165935030728709,0.5363636363636364
2021-08-19 15:00:00+00:00,0.1109735973597359,0.0,0.8053555750658472,0.5324675324675324
2021-08-19 15:15:00+00:00,0.11358948394839474,0.0,0.7742537313432836,0.5367965367965368
2021-08-19 15:30:00+00:00,0.1162053705370536,0.0,0.7431518876207199,0.5411255411255411
2021-08-19 15:45:00+00:00,0.11882125712571251,0.0,0.7120500438981563,0.5454545454545454
2021-08-19 16:00:00+00:00,0.1214371437143714,0.0,0.6809482001755927,0.5497835497835498
2021-08-19 16:15:00+00:00,0.12324669966996696,0.0,0.6222344161545215,0.5645021645021646
2021-08-19 16:30:00+00:00,0.1250562556255625,0.0,0.5635206321334504,0.5792207792207793
2021-08-19 16:45:00+00:00,0.12686581158115806,0.0,0.5048068481123793,0.593939393939394
2021-08-19 17:00:00+00:00,0.1286753675367536,0.0,0.4460930640913081,0.6086580086580087
2021-08-19 17:15:00+00:00,0.12944419441944185,0.0,0.3744732221246707,0.6086580086580087
2021-08-19 17:30:00+00:00,0.1302130213021301,0.0,0.3028533801580333,0.6086580086580087
2021-08-19 17:45:00+00:00,0.1309818481848184,0.0,0.23123353819139592,0.6086580086580087
2021-08-19 18:00:00+00:00,0.1317506750675067,0.0,0.1596136962247585,0.6086580086580087
2021-08-19 18:15:00+00:00,0.1339446444644464,0.0,0.1353599648814749,0.6235930735930736
2021-08-19 18:30:00+00:00,0.1361386138613861,0.0,0.1111062335381913,0.6385281385281385
2021-08-19 18:45:00+00:00,0.13833258325832581,0.0,0.08685250219490775,0.6534632034632035
2021-08-19 19:00:00+00:00,0.1405265526552655,0.0,0.0625987708516242,0.6683982683982684
2021-08-19 19:15:00+00:00,0.1425048754875487,0.0,0.06005267778753285,0.6649350649350649
2021-08-19 19:30:00+00:00,0.1444831983198319,0.0,0.0575065847234415,0.6614718614718615
2021-08-19 19:45:00+00:00,0.14646152115211514,0.0,0.0549604916593502,0.658008658008658
2021-08-19 20:00:00+00:00,0.1484398439843984,0.0,0.0524143985952589,0.6545454545454545
2021-08-19 20:15:00+00:00,0.1495180768076807,0.0,0.05173397717295865,0.6465367965367965
2021-08-19 20:30:00+00:00,0.150596309630963,0.0,0.0510535557506584,0.6385281385281385
2021-08-19 20:45:00+00:00,0.15167454245424533,0.0,0.050373134328358146,0.6305194805194805
2021-08-19 21:00:00+00:00,0.1527527752775277,0.0,0.0496927129060579,0.6225108225108225
2021-08-19 21:15:00+00:00,0.15202145214521445,0.0,0.048639157155399404,0.6010822510822511
2021-08-19 21:30:00+00:00,0.1512901290129012,0.0,0.0475856014047409,0.5796536796536796
2021-08-19 21:45:00+00:00,0.150558805880588,0.0,0.04653204565408245,0.5582251082251082
2021-08-19 22:00:00+00:00,0.1498274827482748,0.0,0.045478489903424,0.5367965367965368
2021-08-19 22:15:00+00:00,0.14546767176717668,0.0,0.04277875329236165,0.5298701298701298
2021-08-19 22:30:00+00:00,0.1411078607860786,0.0,0.0400790166812993,0.5229437229437229
2021-08-19 22:45:00+00:00,0.1367480498049805,0.0,0.037379280070237,0.516017316017316
2021-08-19 23:00:00+00:00,0.1323882388238824,0.0,0.0346795434591747,0.509090909090909
2021-08-19 23:15:00+00:00,0.12784090909090912,0.0,0.0337576821773485,0.5069264069264069
2021-08-19 23:30:00+00:00,0.1232935793579358,0.0,0.0328358208955223,0.5047619047619047
2021-08-19 23:45:00+00:00,0.1187462496249625,0.0,0.03191395961369615,0.5025974025974026
2021-08-20 00:00:00+00:00,0.1141989198919892,0.0,0.03099209833187,0.5004329004329005
2021-08-20 00:15:00+00:00,0.10937031203120309,0.0,0.03097014925373125,0.5025974025974026
2021-08-20 00:30:00+00:00,0.104541704170417,0.0,0.0309482001755925,0.5047619047619047
2021-08-20 00:45:00+00:00,0.0997130963096309,0.0,0.0309262510974538,0.5069264069264069
2021-08-20 01:00:00+00:00,0.0948844884488448,0.0,0.0309043020193151,0.509090909090909
2021-08-20 01:15:00+00:00,0.09295304530453036,0.0,0.02925812115891125,0.5112554112554112
2021-08-20 01:30:00+00:00,0.0910216021602159,0.0,0.0276119402985074,0.5134199134199133
2021-08-20 01:45:00+00:00,0.0890901590159015,0.0,0.02596575943810355,0.5155844155844156
2021-08-20 02:00:00+00:00,0.0871587158715871,0.0,0.0243195785776997,0.5177489177489177
2021-08-20 02:15:00+00:00,0.0856304380438043,0.0,0.01984196663740115,0.5170995670995671
2021-08-20 02:30:00+00:00,0.0841021602160215,0.0,0.0153643546971026,0.5164502164502165
2021-08-20 02:45:00+00:00,0.08257388238823875,0.0,0.01088674275680415,0.5158008658008658
2021-08-20 03:00:00+00:00,0.081045604560456,0.0,0.0064091308165057,0.5151515151515151
2021-08-20 03:15:00+00:00,0.07955483048304825,0.0,0.005026338893766399,0.5162337662337662
2021-08-20 03:30:00+00:00,0.0780640564056405,0.0,0.0036435469710271,0.5173160173160173
2021-08-20 03:45:00+00:00,0.07657328232823275,0.0,0.0022607550482879,0.5183982683982684
2021-08-20 04:00:00+00:00,0.075082508250825,0.0,0.0008779631255487,0.5194805194805194
2021-08-20 04:15:00+00:00,0.07306668166816675,0.0,0.00204126426690075,0.524025974025974
2021-08-20 04:30:00+00:00,0.0710508550855085,0.0,0.0032045654082528,0.5285714285714285
2021-08-20 04:45:00+00:00,0.06903502850285026,0.0,0.00436786654960485,0.5331168831168831
2021-08-20 05:00:00+00:00,0.067019201920192,0.0,0.0055311676909569,0.5376623376623376
2021-08-20 05:15:00+00:00,0.06459083408340831,0.0,0.0377963125548726,0.5437229437229436
2021-08-20 05:30:00+00:00,0.0621624662466246,0.0,0.0700614574187883,0.5497835497835497
2021-08-20 05:45:00+00:00,0.05973409840984095,0.0,0.10232660228270406,0.5558441558441558
2021-08-20 06:00:00+00:00,0.0573057305730573,0.0,0.1345917471466198,0.5619047619047619
2021-08-20 06:15:00+00:00,0.054258550855085505,0.0,0.21163301141352056,0.5716450216450216
2021-08-20 06:30:00+00:00,0.0512113711371137,0.0,0.2886742756804213,0.5813852813852813
2021-08-20 06:45:00+00:00,0.0481641914191419,0.0,0.36571553994732214,0.5911255411255412
2021-08-20 07:00:00+00:00,0.0451170117011701,0.0,0.442756804214223,0.6008658008658009
2021-08-20 07:15:00+00:00,0.0442731773177317,0.0,0.5205882352941176,0.6034632034632035
2021-08-20 07:30:00+00:00,0.0434293429342933,0.0,0.5984196663740122,0.6060606060606061
2021-08-20 07:45:00+00:00,0.042585508550854995,0.0,0.6762510974539069,0.6086580086580087
2021-08-20 08:00:00+00:00,0.0417416741674167,0.0,0.7540825285338015,0.6112554112554113
2021-08-20 08:15:00+00:00,0.043138688868886846,0.0,0.7888937664618085,0.6090909090909091
2021-08-20 08:30:00+00:00,0.044535703570357,0.0,0.8237050043898155,0.6069264069264069
2021-08-20 08:45:00+00:00,0.045932718271827155,0.0,0.8585162423178225,0.6047619047619047
2021-08-20 09:00:00+00:00,0.0473297329732973,0.0,0.8933274802458296,0.6025974025974026
2021-08-20 09:15:00+00:00,0.050639438943894347,0.0,0.908955223880597,0.6028138528138528
2021-08-20 09:30:00+00:00,0.0539491449144914,0.0,0.9245829675153644,0.603030303030303
2021-08-20 09:45:00+00:00,0.05725885088508845,0.0,0.9402107111501317,0.6032467532467533
2021-08-20 10:00:00+00:00,0.0605685568556855,0.0,0.955838454784899,0.6034632034632035
2021-08-20 10:15:00+00:00,0.06621287128712865,0.0,0.9615013169446883,0.6025974025974026
2021-08-20 10:30:00+00:00,0.0718571857185718,0.0,0.9671641791044776,0.6017316017316017
2021-08-20 10:45:00+00:00,0.07750150015001495,0.0,0.9728270412642669,0.6008658008658008
2021-08-20 11:00:00+00:00,0.0831458145814581,0.0,0.9784899034240562,0.6
2021-08-20 11:15:00+00:00,0.0894370687068706,0.0,0.9804433713784021,0.601948051948052
2021-08-20 11:30:00+00:00,0.0957283228322831,0.0,0.982396839332748,0.6038961038961039
2021-08-20 11:45:00+00:00,0.1020195769576957,0.0,0.984350307287094,0.6058441558441559
2021-08-20 12:00:00+00:00,0.1083108310831083,0.0,0.98630377524144,0.6077922077922078
2021-08-20 12:15:00+00:00,0.1125018751875187,0.0,0.9812115891132573,0.6
2021-08-20 12:30:00+00:00,0.1166929192919291,0.0,0.9761194029850746,0.5922077922077922
2021-08-20 12:45:00+00:00,0.12088396339633956,0.0,0.9710272168568919,0.5844155844155844
2021-08-20 13:00:00+00:00,0.12507500750075,0.0,0.9659350307287092,0.5766233766233766
2021-08-20 13:15:00+00:00,0.12769089408940887,0.0,0.9580772607550483,0.5705627705627705
2021-08-20 13:30:00+00:00,0.1303067806780677,0.0,0.9502194907813872,0.5645021645021645
2021-08-20 13:45:00+00:00,0.13292266726672658,0.0,0.9423617208077262,0.5584415584415585
2021-08-20 14:00:00+00:00,0.1355385538553855,0.0,0.934503950834065,0.5523809523809524
2021-08-20 14:15:00+00:00,0.1388857635763576,0.0,0.9185908691834943,0.5471861471861472
2021-08-20 14:30:00+00:00,0.1422329732973297,0.0,0.9026777875329236,0.541991341991342
2021-08-20 14:45:00+00:00,0.1455801830183018,0.0,0.8867647058823529,0.5367965367965368
2021-08-20 15:00:00+00:00,0.1489273927392739,0.0,0.8708516242317823,0.5316017316017316
2021-08-20 15:15:00+00:00,0.1523214821482148,0.0,0.8393107989464443,0.5352813852813852
2021-08-20 15:30:00+00:00,0.1557155715571557,0.0,0.8077699736611063,0.538961038961039
2021-08-20 15:45:00+00:00,0.1591096609660966,0.0,0.7762291483757682,0.5426406926406926
2021-08-20 16:00:00+00:00,0.1625037503750375,0.0,0.7446883230904302,0.5463203463203463
2021-08-20 16:15:00+00:00,0.16292566756675667,0.0,0.6791922739244951,0.5582251082251082
2021-08-20 16:30:00+00:00,0.1633475847584758,0.0,0.6136962247585601,0.5701298701298702
2021-08-20 16:45:00+00:00,0.16376950195019496,0.0,0.5482001755926251,0.5820346320346321
2021-08-20 17:00:00+00:00,0.1641914191419141,0.0,0.4827041264266901,0.593939393939394
2021-08-20 17:15:00+00:00,0.1629725472547254,0.0,0.4040166812993854,0.6034632034632035
2021-08-20 17:30:00+00:00,0.1617536753675367,0.0,0.3253292361720807,0.612987012987013
2021-08-20 17:45:00+00:00,0.160534803480348,0.0,0.24664179104477607,0.6225108225108225
2021-08-20 18:00:00+00:00,0.1593159315931593,0.0,0.1679543459174714,0.6320346320346321
2021-08-20 18:15:00+00:00,0.15839708970897085,0.0,0.1426251097453906,0.629004329004329
2021-08-20 18:30:00+00:00,0.1574782478247824,0.0,0.1172958735733098,0.625974025974026
2021-08-20 18:45:00+00:00,0.156559405940594,0.0,0.09196663740122904,0.6229437229437229
2021-08-20 19:00:00+00:00,0.1556405640564056,0.0,0.0666374012291483,0.6199134199134199
2021-08-20 19:15:00+00:00,0.15742199219921987,0.0,0.0643766461808603,0.6145021645021644
2021-08-20 19:30:00+00:00,0.1592034203420341,0.0,0.0621158911325723,0.6090909090909091
2021-08-20 19:45:00+00:00,0.1609848484848484,0.0,0.05985513608428435,0.6036796536796537
2021-08-20 20:00:00+00:00,0.1627662766276627,0.0,0.0575943810359964,0.5982683982683983
2021-08-20 20:15:00+00:00,0.1641257875787578,0.0,0.0574846356453028,0.5898268398268398
2021-08-20 20:30:00+00:00,0.1654852985298529,0.0,0.0573748902546092,0.5813852813852813
2021-08-20 20:45:00+00:00,0.16684480948094804,0.0,0.05726514486391565,0.5729437229437229
2021-08-20 21:00:00+00:00,0.1682043204320432,0.0,0.0571553994732221,0.5645021645021645
2021-08-20 21:15:00+00:00,0.1685418541854185,0.0,0.05697980684811235,0.5569264069264069
2021-08-20 21:30:00+00:00,0.1688793879387938,0.0,0.0568042142230026,0.5493506493506494
2021-08-20 21:45:00+00:00,0.16921692169216918,0.0,0.05662862159789285,0.5417748917748918
2021-08-20 22:00:00+00:00,0.1695544554455445,0.0,0.0564530289727831,0.5341991341991342
2021-08-20 22:15:00+00:00,0.1670135763576357,0.0,0.055618964003511795,0.5261904761904762
2021-08-20 22:30:00+00:00,0.1644726972697269,0.0,0.0547848990342405,0.5181818181818182
2021-08-20 22:45:00+00:00,0.16193181818181815,0.0,0.0539508340649692,0.5101731601731602
2021-08-20 23:00:00+00:00,0.1593909390939094,0.0,0.0531167690956979,0.5021645021645021
2021-08-20 23:15:00+00:00,0.1573094809480948,0.0,0.051821773485513506,0.4997835497835498
2021-08-20 23:30:00+00:00,0.1552280228022802,0.0,0.0505267778753291,0.4974025974025974
2021-08-20 23:45:00+00:00,0.1531465646564656,0.0,0.049231782265144755,0.49502164502164503
2021-08-21 00:00:00+00:00,0.151065106510651,0.0,0.0479367866549604,0.4926406926406926
2021-08-21 00:15:00+00:00,0.1482710771077107,0.0,0.0458955223880596,0.4924242424242423
2021-08-21 00:30:00+00:00,0.1454770477047704,0.0,0.0438542581211588,0.4922077922077921
2021-08-21 00:45:00+00:00,0.14268301830183017,0.0,0.041812993854258046,0.49199134199134187
2021-08-21 01:00:00+00:00,0.1398889888988899,0.0,0.0397717295873573,0.4917748917748917
2021-08-21 01:15:00+00:00,0.13546354635463545,0.0,0.03922300263388935,0.4891774891774891
2021-08-21 01:30:00+00:00,0.131038103810381,0.0,0.0386742756804214,0.4865800865800865
2021-08-21 01:45:00+00:00,0.12661266126612655,0.0,0.03812554872695345,0.4839826839826839
2021-08-21 02:00:00+00:00,0.1221872187218721,0.0,0.0375768217734855,0.4813852813852813
2021-08-21 02:15:00+00:00,0.11903690369036896,0.0,0.03709394205443365,0.4852813852813852
2021-08-21 02:30:00+00:00,0.1158865886588658,0.0,0.0366110623353818,0.4891774891774891
2021-08-21 02:45:00+00:00,0.11273627362736265,0.0,0.036128182616330044,0.493073593073593
2021-08-21 03:00:00+00:00,0.1095859585958595,0.0,0.0356453028972783,0.4969696969696969
2021-08-21 03:15:00+00:00,0.10709195919591949,0.0,0.03187006145741875,0.4958874458874458
2021-08-21 03:30:00+00:00,0.1045979597959795,0.0,0.0280948200175592,0.4948051948051947
2021-08-21 03:45:00+00:00,0.10210396039603956,0.0,0.024319578577699702,0.4937229437229437
2021-08-21 04:00:00+00:00,0.0996099609960996,0.0,0.0205443371378402,0.4926406926406926
2021-08-21 04:15:00+00:00,0.0981004350435043,0.0,0.0185469710272168,0.49545454545454537
2021-08-21 04:30:00+00:00,0.096590909090909,0.0,0.0165496049165934,0.4982683982683982
2021-08-21 04:45:00+00:00,0.09508138313831375,0.0,0.01455223880597005,0.501082251082251
2021-08-21 05:00:00+00:00,0.0935718571857185,0.0,0.0125548726953467,0.5038961038961038
2021-08-21 05:15:00+00:00,0.08912766276627655,0.0,0.043173836698858555,0.504978354978355
2021-08-21 05:30:00+00:00,0.0846834683468346,0.0,0.0737928007023704,0.5060606060606061
2021-08-21 05:45:00+00:00,0.08023927392739269,0.0,0.1044117647058823,0.5071428571428571
2021-08-21 06:00:00+00:00,0.0757950795079508,0.0,0.1350307287093942,0.5082251082251082
2021-08-21 06:15:00+00:00,0.06944756975697569,0.0,0.21213784021071114,0.522943722943723
2021-08-21 06:30:00+00:00,0.0631000600060006,0.0,0.2892449517120281,0.5376623376623377
2021-08-21 06:45:00+00:00,0.0567525502550255,0.0,0.366352063213345,0.5523809523809524
2021-08-21 07:00:00+00:00,0.0504050405040504,0.0,0.443459174714662,0.5670995670995671
2021-08-21 07:15:00+00:00,0.04867986798679865,0.0,0.5206979806848113,0.5625541125541126
2021-08-21 07:30:00+00:00,0.0469546954695469,0.0,0.5979367866549605,0.5580086580086581
2021-08-21 07:45:00+00:00,0.045229522952295195,0.0,0.6751755926251097,0.5534632034632034
2021-08-21 08:00:00+00:00,0.0435043504350435,0.0,0.752414398595259,0.5489177489177489
2021-08-21 08:15:00+00:00,0.0439356435643564,0.0,0.784350307287094,0.545021645021645
2021-08-21 08:30:00+00:00,0.0443669366936693,0.0,0.8162862159789289,0.5411255411255411
2021-08-21 08:45:00+00:00,0.044798229822982254,0.0,0.8482221246707639,0.5372294372294373
2021-08-21 09:00:00+00:00,0.0452295229522952,0.0,0.8801580333625988,0.5333333333333333
2021-08-21 09:15:00+00:00,0.04689843984398435,0.0,0.8954345917471466,0.5326839826839826
2021-08-21 09:30:00+00:00,0.0485673567356735,0.0,0.9107111501316943,0.5320346320346321
2021-08-21 09:45:00+00:00,0.0502362736273627,0.0,0.9259877085162422,0.5313852813852814
2021-08-21 10:00:00+00:00,0.0519051905190519,0.0,0.94126426690079,0.5307359307359307
2021-08-21 10:15:00+00:00,0.0570900840084008,0.0,0.9466198419666373,0.5344155844155843
2021-08-21 10:30:00+00:00,0.0622749774977497,0.0,0.9519754170324846,0.5380952380952381
2021-08-21 10:45:00+00:00,0.06745987098709866,0.0,0.957330992098332,0.5417748917748917
2021-08-21 11:00:00+00:00,0.0726447644764476,0.0,0.9626865671641792,0.5454545454545454
2021-08-21 11:15:00+00:00,0.07538253825382529,0.0,0.9603380158033363,0.5491341991341991
2021-08-21 11:30:00+00:00,0.078120312031203,0.0,0.9579894644424936,0.5528138528138529
2021-08-21 11:45:00+00:00,0.0808580858085808,0.0,0.9556409130816507,0.5564935064935065
2021-08-21 12:00:00+00:00,0.0835958595859586,0.0,0.9532923617208078,0.5601731601731602
2021-08-21 12:15:00+00:00,0.08563043804380435,0.0,0.9508779631255486,0.5461038961038961
2021-08-21 12:30:00+00:00,0.0876650165016501,0.0,0.9484635645302896,0.5320346320346321
2021-08-21 12:45:00+00:00,0.08969959495949589,0.0,0.9460491659350305,0.517965367965368
2021-08-21 13:00:00+00:00,0.0917341734173417,0.0,0.9436347673397716,0.5038961038961038
2021-08-21 13:15:00+00:00,0.09624399939993995,0.0,0.9337357330992098,0.49870129870129865
2021-08-21 13:30:00+00:00,0.1007538253825382,0.0,0.923836698858648,0.4935064935064934
2021-08-21 13:45:00+00:00,0.10526365136513645,0.0,0.9139376646180861,0.48831168831168825
2021-08-21 14:00:00+00:00,0.1097734773477347,0.0,0.9040386303775242,0.4831168831168831
2021-08-21 14:15:00+00:00,0.11177055205520545,0.0,0.8805750658472344,0.4822510822510822
2021-08-21 14:30:00+00:00,0.1137676267626762,0.0,0.8571115013169447,0.4813852813852813
2021-08-21 14:45:00+00:00,0.11576470147014695,0.0,0.8336479367866549,0.48051948051948046
2021-08-21 15:00:00+00:00,0.1177617761776177,0.0,0.8101843722563652,0.4796536796536796
2021-08-21 15:15:00+00:00,0.1192056705670566,0.0,0.7771290605794556,0.48376623376623373
2021-08-21 15:30:00+00:00,0.1206495649564955,0.0,0.7440737489025461,0.4878787878787878
2021-08-21 15:45:00+00:00,0.12209345934593449,0.0,0.7110184372256365,0.491991341991342
2021-08-21 16:00:00+00:00,0.1235373537353735,0.0,0.677963125548727,0.4961038961038961
2021-08-21 16:15:00+00:00,0.1263688868886888,0.0,0.6168788410886743,0.5071428571428571
2021-08-21 16:30:00+00:00,0.1292004200420041,0.0,0.5557945566286215,0.5181818181818182
2021-08-21 16:45:00+00:00,0.13203195319531946,0.0,0.49471027216856883,0.5292207792207793
2021-08-21 17:00:00+00:00,0.1348634863486348,0.0,0.4336259877085162,0.5402597402597402
2021-08-21 17:15:00+00:00,0.13797629762976288,0.0,0.36294995610184366,0.5528138528138528
2021-08-21 17:30:00+00:00,0.141089108910891,0.0,0.2922739244951711,0.5653679653679653
2021-08-21 17:45:00+00:00,0.14420192019201916,0.0,0.2215978928884986,0.577922077922078
2021-08-21 18:00:00+00:00,0.1473147314731473,0.0,0.1509218612818261,0.5904761904761905
2021-08-21 18:15:00+00:00,0.1554811731173117,0.0,0.1280070237050043,0.5893939393939394
2021-08-21 18:30:00+00:00,0.1636476147614761,0.0,0.1050921861281825,0.5883116883116883
2021-08-21 18:45:00+00:00,0.17181405640564051,0.0,0.08217734855136075,0.5872294372294373
2021-08-21 19:00:00+00:00,0.1799804980498049,0.0,0.059262510974539,0.5861471861471862
2021-08-21 19:15:00+00:00,0.1851091359135913,0.0,0.0574846356453028,0.5826839826839827
2021-08-21 19:30:00+00:00,0.1902377737773777,0.0,0.0557067603160666,0.5792207792207793
2021-08-21 19:45:00+00:00,0.19536641164116408,0.0,0.05392888498683045,0.5757575757575758
2021-08-21 20:00:00+00:00,0.2004950495049505,0.0,0.0521510096575943,0.5722943722943723
2021-08-21 20:15:00+00:00,0.2031484398439844,0.0,0.051251097453906845,0.5688311688311688
2021-08-21 20:30:00+00:00,0.2058018301830183,0.0,0.0503511852502194,0.5653679653679653
2021-08-21 20:45:00+00:00,0.20845522052205218,0.0,0.049451273046532004,0.5619047619047619
2021-08-21 21:00:00+00:00,0.2111086108610861,0.0,0.0485513608428446,0.5584415584415584
2021-08-21 21:15:00+00:00,0.2131525652565256,0.0,0.0471246707638279,0.5489177489177488
2021-08-21 21:30:00+00:00,0.2151965196519651,0.0,0.0456979806848112,0.5393939393939393
2021-08-21 21:45:00+00:00,0.2172404740474047,0.0,0.0442712906057945,0.5298701298701298
2021-08-21 22:00:00+00:00,0.2192844284428443,0.0,0.0428446005267778,0.5203463203463203
2021-08-21 22:15:00+00:00,0.219021902190219,0.0,0.0426251097453906,0.5140692640692641
2021-08-21 22:30:00+00:00,0.2187593759375937,0.0,0.0424056189640034,0.5077922077922078
2021-08-21 22:45:00+00:00,0.21849684968496846,0.0,0.042186128182616245,0.5015151515151515
2021-08-21 23:00:00+00:00,0.2182343234323432,0.0,0.0419666374012291,0.4952380952380952
2021-08-21 23:15:00+00:00,0.21582470747074706,0.0,0.041176470588235245,0.4917748917748917
2021-08-21 23:30:00+00:00,0.2134150915091509,0.0,0.0403863037752414,0.4883116883116882
2021-08-21 23:45:00+00:00,0.21100547554755475,0.0,0.03959613696224755,0.48484848484848475
2021-08-22 00:00:00+00:00,0.2085958595859586,0.0,0.0388059701492537,0.4813852813852813
2021-08-22 00:15:00+00:00,0.20507050705070506,0.0,0.03757682177348545,0.4790043290043289
2021-08-22 00:30:00+00:00,0.2015451545154515,0.0,0.0363476733977172,0.4766233766233765
2021-08-22 00:45:00+00:00,0.19801980198019795,0.0,0.035118525021949,0.47424242424242413
2021-08-22 01:00:00+00:00,0.1944944494449444,0.0,0.0338893766461808,0.4718614718614718
2021-08-22 01:15:00+00:00,0.19026590159015888,0.0,0.0334503950834064,0.47272727272727266
2021-08-22 01:30:00+00:00,0.1860373537353734,0.0,0.033011413520632,0.4735930735930735
2021-08-22 01:45:00+00:00,0.18180880588058795,0.0,0.032572431957857695,0.4744588744588744
2021-08-22 02:00:00+00:00,0.1775802580258025,0.0,0.0321334503950834,0.4753246753246753
2021-08-22 02:15:00+00:00,0.1745705820582057,0.0,0.03211150131694465,0.4753246753246753
2021-08-22 02:30:00+00:00,0.1715609060906089,0.0,0.0320895522388059,0.4753246753246753
2021-08-22 02:45:00+00:00,0.1685512301230122,0.0,0.0320676031606672,0.4753246753246753
2021-08-22 03:00:00+00:00,0.1655415541554155,0.0,0.0320456540825285,0.4753246753246753
2021-08-22 03:15:00+00:00,0.1605066756675667,0.0,0.0293020193151887,0.4764069264069264
2021-08-22 03:30:00+00:00,0.1554717971797179,0.0,0.0265583845478489,0.4774891774891774
2021-08-22 03:45:00+00:00,0.15043691869186915,0.0,0.02381474978050915,0.47857142857142854
2021-08-22 04:00:00+00:00,0.1454020402040204,0.0,0.0210711150131694,0.4796536796536796
2021-08-22 04:15:00+00:00,0.14138913891389135,0.0,0.0182835820895522,0.4798701298701298
2021-08-22 04:30:00+00:00,0.1373762376237623,0.0,0.015496049165935,0.48008658008658
2021-08-22 04:45:00+00:00,0.1333633363336333,0.0,0.0127085162423178,0.48030303030303023
2021-08-22 05:00:00+00:00,0.1293504350435043,0.0,0.0099209833187006,0.4805194805194805
2021-08-22 05:15:00+00:00,0.12825345034503444,0.0,0.03331870061457415,0.4867965367965368
2021-08-22 05:30:00+00:00,0.1271564656465646,0.0,0.0567164179104477,0.4930735930735931
2021-08-22 05:45:00+00:00,0.12605948094809474,0.0,0.0801141352063213,0.4993506493506494
2021-08-22 06:00:00+00:00,0.1249624962496249,0.0,0.1035118525021949,0.5056277056277056
2021-08-22 06:15:00+00:00,0.1217277977797779,0.0,0.1605575065847234,0.5162337662337663
2021-08-22 06:30:00+00:00,0.1184930993099309,0.0,0.2176031606672519,0.5268398268398269
2021-08-22 06:45:00+00:00,0.11525840084008396,0.0,0.2746488147497805,0.5374458874458874
2021-08-22 07:00:00+00:00,0.112023702370237,0.0,0.331694468832309,0.548051948051948
2021-08-22 07:15:00+00:00,0.1122487248724872,0.0,0.38441615452151007,0.5435064935064935
2021-08-22 07:30:00+00:00,0.1124737473747374,0.0,0.4371378402107111,0.5389610389610389
2021-08-22 07:45:00+00:00,0.11269876987698765,0.0,0.48985952589991216,0.5344155844155843
2021-08-22 08:00:00+00:00,0.1129237923792379,0.0,0.5425812115891132,0.5298701298701298
2021-08-22 08:15:00+00:00,0.1126237623762376,0.0,0.5666154521510096,0.5409090909090909
2021-08-22 08:30:00+00:00,0.1123237323732373,0.0,0.590649692712906,0.551948051948052
2021-08-22 08:45:00+00:00,0.112023702370237,0.0,0.6146839332748024,0.5629870129870129
2021-08-22 09:00:00+00:00,0.1117236723672367,0.0,0.6387181738366988,0.574025974025974
2021-08-22 09:15:00+00:00,0.1097359735973597,0.0,0.6579455662862159,0.5735930735930737
2021-08-22 09:30:00+00:00,0.1077482748274827,0.0,0.6771729587357331,0.5731601731601732
2021-08-22 09:45:00+00:00,0.10576057605760569,0.0,0.6964003511852502,0.5727272727272728
2021-08-22 10:00:00+00:00,0.1037728772877287,0.0,0.7156277436347673,0.5722943722943723
2021-08-22 10:15:00+00:00,0.10576995199519945,0.0,0.7342844600526778,0.5712121212121213
2021-08-22 10:30:00+00:00,0.1077670267026702,0.0,0.7529411764705882,0.5701298701298702
2021-08-22 10:45:00+00:00,0.10976410141014095,0.0,0.7715978928884987,0.569047619047619
2021-08-22 11:00:00+00:00,0.1117611761176117,0.0,0.7902546093064091,0.567965367965368
2021-08-22 11:15:00+00:00,0.1176961446144614,0.0,0.7929543459174715,0.5699134199134199
2021-08-22 11:30:00+00:00,0.1236311131113111,0.0,0.7956540825285339,0.5718614718614718
2021-08-22 11:45:00+00:00,0.1295660816081608,0.0,0.7983538191395962,0.5738095238095238
2021-08-22 12:00:00+00:00,0.1355010501050105,0.0,0.8010535557506585,0.5757575757575758
2021-08-22 12:15:00+00:00,0.14113598859885984,0.0,0.7987708516242318,0.5692640692640694
2021-08-22 12:30:00+00:00,0.1467709270927092,0.0,0.7964881474978052,0.5627705627705628
2021-08-22 12:45:00+00:00,0.1524058655865586,0.0,0.7942054433713784,0.5562770562770564
2021-08-22 13:00:00+00:00,0.158040804080408,0.0,0.7919227392449517,0.5497835497835498
2021-08-22 13:15:00+00:00,0.16575720072007194,0.0,0.7828358208955224,0.5378787878787878
2021-08-22 13:30:00+00:00,0.1734735973597359,0.0,0.7737489025460931,0.525974025974026
2021-08-22 13:45:00+00:00,0.1811899939993999,0.0,0.7646619841966638,0.5140692640692641
2021-08-22 14:00:00+00:00,0.1889063906390639,0.0,0.7555750658472344,0.5021645021645021
2021-08-22 14:15:00+00:00,0.19600397539753975,0.0,0.7361720807726075,0.5025974025974025
2021-08-22 14:30:00+00:00,0.2031015601560156,0.0,0.7167690956979806,0.5030303030303029
2021-08-22 14:45:00+00:00,0.21019914491449146,0.0,0.6973661106233537,0.5034632034632034
2021-08-22 15:00:00+00:00,0.2172967296729673,0.0,0.677963125548727,0.5038961038961038
2021-08-22 15:15:00+00:00,0.2287166216621662,0.0,0.6344161545215101,0.4993506493506493
2021-08-22 15:30:00+00:00,0.2401365136513651,0.0,0.5908691834942932,0.4948051948051948
2021-08-22 15:45:00+00:00,0.25155640564056403,0.0,0.5473222124670764,0.4902597402597403
2021-08-22 16:00:00+00:00,0.262976297629763,0.0,0.5037752414398595,0.4857142857142857
2021-08-22 16:15:00+00:00,0.27871849684968497,0.0,0.44668568920105356,0.4857142857142857
2021-08-22 16:30:00+00:00,0.2944606960696069,0.0,0.3895961369622476,0.4857142857142857
2021-08-22 16:45:00+00:00,0.31020289528952893,0.0,0.3325065847234416,0.4857142857142857
2021-08-22 17:00:00+00:00,0.3259450945094509,0.0,0.2754170324846356,0.4857142857142857
2021-08-22 17:15:00+00:00,0.3363711371137113,0.0,0.2289288849868305,0.48982683982683983
2021-08-22 17:30:00+00:00,0.3467971797179717,0.0,0.1824407374890254,0.4939393939393939
2021-08-22 17:45:00+00:00,0.35722322232223214,0.0,0.13595258999122029,0.498051948051948
2021-08-22 18:00:00+00:00,0.3676492649264926,0.0,0.0894644424934152,0.5021645021645021
2021-08-22 18:15:00+00:00,0.3735748574857485,0.0,0.07697541703248456,0.5108225108225108
2021-08-22 18:30:00+00:00,0.3795004500450044,0.0,0.0644863915715539,0.5194805194805194
2021-08-22 18:45:00+00:00,0.38542604260426033,0.0,0.051997366110623305,0.5281385281385281
2021-08-22 19:00:00+00:00,0.3913516351635163,0.0,0.0395083406496927,0.5367965367965368
2021-08-22 19:15:00+00:00,0.3948019801980197,0.0,0.03691834942932395,0.5277056277056278
2021-08-22 19:30:00+00:00,0.3982523252325232,0.0,0.0343283582089552,0.5186147186147186
2021-08-22 19:45:00+00:00,0.40170267026702666,0.0,0.031738366988586446,0.5095238095238095
2021-08-22 20:00:00+00:00,0.4051530153015301,0.0,0.0291483757682177,0.5004329004329005
2021-08-22 20:15:00+00:00,0.4056030603060305,0.0,0.02548287971905175,0.4941558441558442
2021-08-22 20:30:00+00:00,0.4060531053105309,0.0,0.0218173836698858,0.4878787878787879
2021-08-22 20:45:00+00:00,0.40650315031503137,0.0,0.01815188762071985,0.4816017316017316
2021-08-22 21:00:00+00:00,0.4069531953195319,0.0,0.0144863915715539,0.4753246753246753
2021-08-22 21:15:00+00:00,0.4037278727872786,0.0,0.012664618086040299,0.4824675324675325
2021-08-22 21:30:00+00:00,0.4005025502550254,0.0,0.0108428446005267,0.4896103896103896
2021-08-22 21:45:00+00:00,0.3972772277227722,0.0,0.0090210711150131,0.4967532467532467
2021-08-22 22:00:00+00:00,0.394051905190519,0.0,0.0071992976294995,0.5038961038961038
2021-08-22 22:15:00+00:00,0.3913891389138914,0.0,0.0066066725197541,0.4941558441558441
2021-08-22 22:30:00+00:00,0.3887263726372637,0.0,0.0060140474100087,0.4844155844155844
2021-08-22 22:45:00+00:00,0.386063606360636,0.0,0.005421422300263301,0.4746753246753247
2021-08-22 23:00:00+00:00,0.3834008400840084,0.0,0.0048287971905179,0.4649350649350649
2021-08-22 23:15:00+00:00,0.38401027602760274,0.0,0.0044556628621597,0.46190476190476193
2021-08-22 23:30:00+00:00,0.3846197119711971,0.0,0.0040825285338015,0.4588744588744589
2021-08-22 23:45:00+00:00,0.38522914791479146,0.0,0.0037093942054433,0.45584415584415583
2021-08-23 00:00:00+00:00,0.3858385838583858,0.0,0.0033362598770851,0.4528138528138528
2021-08-23 00:15:00+00:00,0.381038103810381,0.0,0.0034679543459174003,0.4554112554112554
2021-08-23 00:30:00+00:00,0.3762376237623762,0.0,0.0035996488147497,0.458008658008658
2021-08-23 00:45:00+00:00,0.3714371437143714,0.0,0.0037313432835819997,0.4606060606060606
2021-08-23 01:00:00+00:00,0.3666366636663666,0.0,0.0038630377524143,0.4632034632034632
2021-08-23 01:15:00+00:00,0.36115174017401735,0.0,0.0040605794556627505,0.46168831168831165
2021-08-23 01:30:00+00:00,0.3556668166816681,0.0,0.0042581211589112,0.4601731601731601
2021-08-23 01:45:00+00:00,0.3501818931893189,0.0,0.0044556628621597,0.4586580086580086
2021-08-23 02:00:00+00:00,0.3446969696969697,0.0,0.0046532045654082,0.4571428571428571
2021-08-23 02:15:00+00:00,0.34087158715871585,0.0,0.004675153643546899,0.4564935064935064
2021-08-23 02:30:00+00:00,0.337046204620462,0.0,0.0046971027216856,0.4558441558441558
2021-08-23 02:45:00+00:00,0.33322082208220816,0.0,0.00471905179982435,0.45519480519480515
2021-08-23 03:00:00+00:00,0.3293954395439544,0.0,0.0047410008779631,0.4545454545454545
2021-08-23 03:15:00+00:00,0.32485748574857487,0.0,0.0047410008779631,0.46493506493506487
2021-08-23 03:30:00+00:00,0.3203195319531953,0.0,0.0047410008779631,0.4753246753246752
2021-08-23 03:45:00+00:00,0.3157815781578157,0.0,0.0047410008779631,0.48571428571428565
2021-08-23 04:00:00+00:00,0.3112436243624362,0.0,0.0047410008779631,0.4961038961038961
2021-08-23 04:15:00+00:00,0.31243436843684363,0.0,0.0054872695346795,0.5064935064935064
2021-08-23 04:30:00+00:00,0.3136251125112511,0.0,0.0062335381913959,0.5168831168831168
2021-08-23 04:45:00+00:00,0.3148158565856585,0.0,0.006979806848112301,0.5272727272727272
2021-08-23 05:00:00+00:00,0.316006600660066,0.0,0.0077260755048287,0.5376623376623376
2021-08-23 05:15:00+00:00,0.3118811881188118,0.0,0.0321773485513607,0.543073593073593
2021-08-23 05:30:00+00:00,0.3077557755775577,0.0,0.0566286215978927,0.5484848484848485
2021-08-23 05:45:00+00:00,0.3036303630363036,0.0,0.0810798946444248,0.5538961038961039
2021-08-23 06:00:00+00:00,0.2995049504950495,0.0,0.1055311676909569,0.5593073593073593
2021-08-23 06:15:00+00:00,0.2974047404740474,0.0,0.166812993854258,0.5571428571428572
2021-08-23 06:30:00+00:00,0.2953045304530453,0.0,0.2280948200175591,0.5549783549783549
2021-08-23 06:45:00+00:00,0.2932043204320432,0.0,0.2893766461808603,0.5528138528138528
2021-08-23 07:00:00+00:00,0.2911041104110411,0.0,0.3506584723441615,0.5506493506493506
2021-08-23 07:15:00+00:00,0.28989461446144615,0.0,0.4087576821773485,0.5551948051948051
2021-08-23 07:30:00+00:00,0.2886851185118512,0.0,0.4668568920105355,0.5597402597402596
2021-08-23 07:45:00+00:00,0.28747562256225623,0.0,0.5249561018437225,0.5642857142857143
2021-08-23 08:00:00+00:00,0.2862661266126612,0.0,0.5830553116769096,0.5688311688311688
2021-08-23 08:15:00+00:00,0.28543166816681664,0.0,0.6213784021071116,0.5722943722943723
2021-08-23 08:30:00+00:00,0.284597209720972,0.0,0.6597014925373135,0.5757575757575757
2021-08-23 08:45:00+00:00,0.28376275127512746,0.0,0.6980245829675154,0.5792207792207792
2021-08-23 09:00:00+00:00,0.2829282928292829,0.0,0.7363476733977173,0.5826839826839827
2021-08-23 09:15:00+00:00,0.28306893189318927,0.0,0.7513388937664618,0.5761904761904763
2021-08-23 09:30:00+00:00,0.2832095709570957,0.0,0.7663301141352064,0.5696969696969697
2021-08-23 09:45:00+00:00,0.28335021002100214,0.0,0.7813213345039509,0.5632034632034633
2021-08-23 10:00:00+00:00,0.2834908490849085,0.0,0.7963125548726954,0.5567099567099567
2021-08-23 10:15:00+00:00,0.2818875637563756,0.0,0.8073090430201932,0.5564935064935065
2021-08-23 10:30:00+00:00,0.2802842784278427,0.0,0.818305531167691,0.5562770562770563
2021-08-23 10:45:00+00:00,0.2786809930993099,0.0,0.8293020193151888,0.556060606060606
2021-08-23 11:00:00+00:00,0.277077707770777,0.0,0.8402985074626865,0.5558441558441558
2021-08-23 11:15:00+00:00,0.2762901290129012,0.0,0.8470368744512731,0.5571428571428572
2021-08-23 11:30:00+00:00,0.2755025502550254,0.0,0.8537752414398595,0.5584415584415584
2021-08-23 11:45:00+00:00,0.27471497149714963,0.0,0.860513608428446,0.5597402597402596
2021-08-23 12:00:00+00:00,0.2739273927392739,0.0,0.8672519754170325,0.561038961038961
2021-08-23 12:15:00+00:00,0.2763370087008701,0.0,0.859503950834065,0.5564935064935065
2021-08-23 12:30:00+00:00,0.2787466246624662,0.0,0.8517559262510974,0.551948051948052
2021-08-23 12:45:00+00:00,0.2811562406240624,0.0,0.8440079016681299,0.5474025974025973
2021-08-23 13:00:00+00:00,0.2835658565856586,0.0,0.8362598770851625,0.5428571428571428
2021-08-23 13:15:00+00:00,0.28611611161116113,0.0,0.8188542581211589,0.5411255411255411
2021-08-23 13:30:00+00:00,0.2886663666366637,0.0,0.8014486391571554,0.5393939393939393
2021-08-23 13:45:00+00:00,0.2912166216621662,0.0,0.7840430201931519,0.5376623376623376
2021-08-23 14:00:00+00:00,0.2937668766876687,0.0,0.7666374012291484,0.5359307359307359
2021-08-23 14:15:00+00:00,0.3006300630063006,0.0,0.7408472344161545,0.543939393939394
2021-08-23 14:30:00+00:00,0.3074932493249325,0.0,0.7150570676031607,0.551948051948052
2021-08-23 14:45:00+00:00,0.31435643564356436,0.0,0.6892669007901668,0.55995670995671
2021-08-23 15:00:00+00:00,0.3212196219621962,0.0,0.663476733977173,0.567965367965368
2021-08-23 15:15:00+00:00,0.33115811581158117,0.0,0.6299604916593503,0.5601731601731602
2021-08-23 15:30:00+00:00,0.3410966096609661,0.0,0.5964442493415276,0.5523809523809524
2021-08-23 15:45:00+00:00,0.35103510351035105,0.0,0.562928007023705,0.5445887445887446
2021-08-23 16:00:00+00:00,0.360973597359736,0.0,0.5294117647058824,0.5367965367965368
2021-08-23 16:15:00+00:00,0.36908378337833786,0.0,0.4736391571553995,0.5422077922077922
2021-08-23 16:30:00+00:00,0.3771939693969397,0.0,0.4178665496049166,0.5476190476190477
2021-08-23 16:45:00+00:00,0.3853041554155415,0.0,0.3620939420544337,0.553030303030303
2021-08-23 17:00:00+00:00,0.3934143414341434,0.0,0.3063213345039508,0.5584415584415584
2021-08-23 17:15:00+00:00,0.3994899489948994,0.0,0.25373134328358204,0.5586580086580086
2021-08-23 17:30:00+00:00,0.4055655565556555,0.0,0.2011413520632133,0.5588744588744589
2021-08-23 17:45:00+00:00,0.4116411641164116,0.0,0.14855136084284454,0.5590909090909091
2021-08-23 18:00:00+00:00,0.4177167716771677,0.0,0.0959613696224758,0.5593073593073593
2021-08-23 18:15:00+00:00,0.4251987698769877,0.0,0.0813432835820895,0.5623376623376624
2021-08-23 18:30:00+00:00,0.4326807680768076,0.0,0.0667251975417032,0.5653679653679653
2021-08-23 18:45:00+00:00,0.4401627662766276,0.0,0.0521071115013169,0.5683982683982683
2021-08-23 19:00:00+00:00,0.4476447644764476,0.0,0.0374890254609306,0.5714285714285714
2021-08-23 19:15:00+00:00,0.4540110261026102,0.0,0.0354477611940298,0.5612554112554112
2021-08-23 19:30:00+00:00,0.4603772877287728,0.0,0.033406496927129,0.5510822510822511
2021-08-23 19:45:00+00:00,0.46674354935493545,0.0,0.0313652326602282,0.5409090909090909
2021-08-23 20:00:00+00:00,0.4731098109810981,0.0,0.0293239683933274,0.5307359307359307
2021-08-23 20:15:00+00:00,0.47449744974497443,0.0,0.0275021949078138,0.5242424242424243
2021-08-23 20:30:00+00:00,0.4758850885088508,0.0,0.0256804214223002,0.5177489177489177
2021-08-23 20:45:00+00:00,0.4772727272727272,0.0,0.0238586479367866,0.5112554112554113
2021-08-23 21:00:00+00:00,0.4786603660366036,0.0,0.022036874451273,0.5047619047619047
2021-08-23 21:15:00+00:00,0.4838733873387338,0.0,0.020390693590869098,0.4982683982683982
2021-08-23 21:30:00+00:00,0.489086408640864,0.0,0.0187445127304652,0.4917748917748917
2021-08-23 21:45:00+00:00,0.49429942994299425,0.0,0.01709833187006135,0.4852813852813852
2021-08-23 22:00:00+00:00,0.4995124512451245,0.0,0.0154521510096575,0.4787878787878787
2021-08-23 22:15:00+00:00,0.49269614461446143,0.0,0.0145961369622475,0.4761904761904761
2021-08-23 22:30:00+00:00,0.4858798379837983,0.0,0.0137401229148375,0.4735930735930735
2021-08-23 22:45:00+00:00,0.4790635313531353,0.0,0.0128841088674275,0.47099567099567097
2021-08-23 23:00:00+00:00,0.4722472247224722,0.0,0.0120280948200175,0.4683982683982684
2021-08-23 23:15:00+00:00,0.4625431293129313,0.0,0.0109306409130816,0.46645021645021645
2021-08-23 23:30:00+00:00,0.4528390339033903,0.0,0.0098331870061457,0.4645021645021645
2021-08-23 23:45:00+00:00,0.44313493849384933,0.0,0.0087357330992098,0.46255411255411255
2021-08-24 00:00:00+00:00,0.4334308430843084,0.0,0.0076382791922739,0.4606060606060606
2021-08-24 00:15:00+00:00,0.4274208670867087,0.0,0.00735294117647055,0.46255411255411255
2021-08-24 00:30:00+00:00,0.4214108910891089,0.0,0.0070676031606672,0.4645021645021645
2021-08-24 00:45:00+00:00,0.4154009150915091,0.0,0.006782265144863849,0.46645021645021645
2021-08-24 01:00:00+00:00,0.4093909390939094,0.0,0.0064969271290605,0.4683982683982684
2021-08-24 01:15:00+00:00,0.40474047404740476,0.0,0.0064969271290605,0.46796536796536803
2021-08-24 01:30:00+00:00,0.4000900090009001,0.0,0.0064969271290605,0.4675324675324676
2021-08-24 01:45:00+00:00,0.3954395439543954,0.0,0.0064969271290605,0.4670995670995671
2021-08-24 02:00:00+00:00,0.3907890789078908,0.0,0.0064969271290605,0.4666666666666667
2021-08-24 02:15:00+00:00,0.38327895289528946,0.0,0.0064969271290605,0.4670995670995671
2021-08-24 02:30:00+00:00,0.3757688268826882,0.0,0.0064969271290605,0.4675324675324676
2021-08-24 02:45:00+00:00,0.36825870087008694,0.0,0.0064969271290605,0.46796536796536803
2021-08-24 03:00:00+00:00,0.3607485748574857,0.0,0.0064969271290605,0.4683982683982684
2021-08-24 03:15:00+00:00,0.35545117011701166,0.0,0.0064969271290605,0.4688311688311688
2021-08-24 03:30:00+00:00,0.3501537653765376,0.0,0.0064969271290605,0.4692640692640693
2021-08-24 03:45:00+00:00,0.3448563606360635,0.0,0.0064969271290605,0.4696969696969697
2021-08-24 04:00:00+00:00,0.3395589558955895,0.0,0.0064969271290605,0.4701298701298701
2021-08-24 04:15:00+00:00,0.33650240024002387,0.0,0.0072651448639156,0.47164502164502164
2021-08-24 04:30:00+00:00,0.3334458445844583,0.0,0.0080333625987707,0.4731601731601731
2021-08-24 04:45:00+00:00,0.3303892889288928,0.0,0.008801580333625901,0.4746753246753246
2021-08-24 05:00:00+00:00,0.3273327332733273,0.0,0.0095697980684811,0.4761904761904761
2021-08-24 05:15:00+00:00,0.32380738073807375,0.0,0.032199297629499496,0.48354978354978345
2021-08-24 05:30:00+00:00,0.3202820282028202,0.0,0.0548287971905179,0.4909090909090908
2021-08-24 05:45:00+00:00,0.3167566756675667,0.0,0.07745829675153634,0.4982683982683982
2021-08-24 06:00:00+00:00,0.3132313231323132,0.0,0.1000877963125548,0.5056277056277056
2021-08-24 06:15:00+00:00,0.3112248724872487,0.0,0.15746268656716408,0.5121212121212121
2021-08-24 06:30:00+00:00,0.3092184218421842,0.0,0.2148375768217734,0.5186147186147186
2021-08-24 06:45:00+00:00,0.3072119711971197,0.0,0.27221246707638275,0.5251082251082251
2021-08-24 07:00:00+00:00,0.3052055205520552,0.0,0.3295873573309921,0.5316017316017316
2021-08-24 07:15:00+00:00,0.304511701170117,0.0,0.3821553994732221,0.5300865800865802
2021-08-24 07:30:00+00:00,0.3038178817881788,0.0,0.4347234416154521,0.5285714285714286
2021-08-24 07:45:00+00:00,0.30312406240624057,0.0,0.48729148375768216,0.527056277056277
2021-08-24 08:00:00+00:00,0.3024302430243024,0.0,0.5398595258999122,0.5255411255411255
2021-08-24 08:15:00+00:00,0.29667341734173414,0.0,0.5757023705004389,0.5257575757575758
2021-08-24 08:30:00+00:00,0.2909165916591659,0.0,0.6115452151009657,0.525974025974026
2021-08-24 08:45:00+00:00,0.28515976597659765,0.0,0.6473880597014925,0.5261904761904762
2021-08-24 09:00:00+00:00,0.2794029402940294,0.0,0.6832309043020193,0.5264069264069264
2021-08-24 09:15:00+00:00,0.27054267926792674,0.0,0.7030509218612818,0.530952380952381
2021-08-24 09:30:00+00:00,0.2616824182418241,0.0,0.7228709394205444,0.5354978354978355
2021-08-24 09:45:00+00:00,0.2528221572157215,0.0,0.7426909569798068,0.5400432900432901
2021-08-24 10:00:00+00:00,0.2439618961896189,0.0,0.7625109745390694,0.5445887445887446
2021-08-24 10:15:00+00:00,0.23378900390038992,0.0,0.7684152765583845,0.546969696969697
2021-08-24 10:30:00+00:00,0.223616111611161,0.0,0.7743195785776997,0.5493506493506494
2021-08-24 10:45:00+00:00,0.2134432193219321,0.0,0.780223880597015,0.5517316017316017
2021-08-24 11:00:00+00:00,0.2032703270327032,0.0,0.7861281826163301,0.5541125541125541
2021-08-24 11:15:00+00:00,0.197316606660666,0.0,0.7781387181738366,0.5562770562770563
2021-08-24 11:30:00+00:00,0.1913628862886288,0.0,0.7701492537313432,0.5584415584415585
2021-08-24 11:45:00+00:00,0.1854091659165916,0.0,0.7621597892888499,0.5606060606060607
2021-08-24 12:00:00+00:00,0.1794554455445544,0.0,0.7541703248463565,0.5627705627705628
2021-08-24 12:15:00+00:00,0.17879912991299118,0.0,0.7431079894644426,0.5597402597402598
2021-08-24 12:30:00+00:00,0.178142814281428,0.0,0.7320456540825285,0.5567099567099567
2021-08-24 12:45:00+00:00,0.1774864986498649,0.0,0.7209833187006145,0.5536796536796537
2021-08-24 13:00:00+00:00,0.1768301830183018,0.0,0.7099209833187006,0.5506493506493506
2021-08-24 13:15:00+00:00,0.1803180318031803,0.0,0.6974758560140474,0.5493506493506493
2021-08-24 13:30:00+00:00,0.1838058805880588,0.0,0.6850307287093942,0.548051948051948
2021-08-24 13:45:00+00:00,0.1872937293729373,0.0,0.672585601404741,0.5467532467532468
2021-08-24 14:00:00+00:00,0.1907815781578158,0.0,0.6601404741000878,0.5454545454545454
2021-08-24 14:15:00+00:00,0.19652902790279025,0.0,0.6350965759438103,0.5443722943722944
2021-08-24 14:30:00+00:00,0.2022764776477647,0.0,0.6100526777875329,0.5432900432900433
2021-08-24 14:45:00+00:00,0.2080239273927392,0.0,0.5850087796312555,0.5422077922077921
2021-08-24 15:00:00+00:00,0.2137713771377137,0.0,0.559964881474978,0.5411255411255411
2021-08-24 15:15:00+00:00,0.2202126462646264,0.0,0.5203028972783144,0.5415584415584416
2021-08-24 15:30:00+00:00,0.2266539153915391,0.0,0.4806409130816506,0.541991341991342
2021-08-24 15:45:00+00:00,0.2330951845184518,0.0,0.4409789288849868,0.5424242424242425
2021-08-24 16:00:00+00:00,0.2395364536453645,0.0,0.4013169446883231,0.5428571428571428
2021-08-24 16:15:00+00:00,0.24684968496849682,0.0,0.3599429323968393,0.5467532467532468
2021-08-24 16:30:00+00:00,0.2541629162916291,0.0,0.3185689201053555,0.5506493506493506
2021-08-24 16:45:00+00:00,0.26147614761476146,0.0,0.27719490781387174,0.5545454545454545
2021-08-24 17:00:00+00:00,0.2687893789378938,0.0,0.235820895522388,0.5584415584415584
2021-08-24 17:15:00+00:00,0.27417116711671163,0.0,0.19591747146619837,0.5608225108225109
2021-08-24 17:30:00+00:00,0.2795529552955295,0.0,0.1560140474100087,0.5632034632034633
2021-08-24 17:45:00+00:00,0.2849347434743474,0.0,0.11611062335381911,0.5655844155844156
2021-08-24 18:00:00+00:00,0.2903165316531653,0.0,0.0762071992976295,0.567965367965368
2021-08-24 18:15:00+00:00,0.2925573807380738,0.0,0.0643985952589991,0.5714285714285714
2021-08-24 18:30:00+00:00,0.2947982298229823,0.0,0.0525899912203687,0.5748917748917749
2021-08-24 18:45:00+00:00,0.29703907890789083,0.0,0.0407813871817383,0.5783549783549784
2021-08-24 19:00:00+00:00,0.2992799279927993,0.0,0.0289727831431079,0.5818181818181818
2021-08-24 19:15:00+00:00,0.30320844584458445,0.0,0.0274363476733976,0.5781385281385282
2021-08-24 19:30:00+00:00,0.3071369636963696,0.0,0.0258999122036873,0.5744588744588744
2021-08-24 19:45:00+00:00,0.31106548154815483,0.0,0.0243634767339771,0.5707792207792208
2021-08-24 20:00:00+00:00,0.31499399939994,0.0,0.0228270412642669,0.5670995670995671
2021-08-24 20:15:00+00:00,0.3173848634863486,0.0,0.02076382791922735,0.5614718614718615
2021-08-24 20:30:00+00:00,0.3197757275727572,0.0,0.0187006145741878,0.5558441558441558
2021-08-24 20:45:00+00:00,0.32216659165916584,0.0,0.0166374012291483,0.5502164502164502
2021-08-24 21:00:00+00:00,0.3245574557455745,0.0,0.0145741878841088,0.5445887445887446
2021-08-24 21:15:00+00:00,0.3193256825682568,0.0,0.0130158033362598,0.5333333333333333
2021-08-24 21:30:00+00:00,0.314093909390939,0.0,0.0114574187884108,0.522077922077922
2021-08-24 21:45:00+00:00,0.3088621362136213,0.0,0.00989903424056185,0.5108225108225107
2021-08-24 22:00:00+00:00,0.3036303630363036,0.0,0.0083406496927129,0.4995670995670995
2021-08-24 22:15:00+00:00,0.2966171617161716,0.0,0.007879719051799799,0.49545454545454537
2021-08-24 22:30:00+00:00,0.2896039603960396,0.0,0.0074187884108867,0.4913419913419913
2021-08-24 22:45:00+00:00,0.2825907590759076,0.0,0.0069578577699736,0.48722943722943723
2021-08-24 23:00:00+00:00,0.2755775577557756,0.0,0.0064969271290605,0.4831168831168831
2021-08-24 23:15:00+00:00,0.2670923342334234,0.0,0.0065188762071992,0.4781385281385281
2021-08-24 23:30:00+00:00,0.2586071107110711,0.0,0.0065408252853379,0.4731601731601731
2021-08-24 23:45:00+00:00,0.25012188718871886,0.0,0.00656277436347665,0.46818181818181814
2021-08-25 00:00:00+00:00,0.2416366636663666,0.0,0.0065847234416154,0.4632034632034632
2021-08-25 00:15:00+00:00,0.2333764626462646,0.0,0.00680421422300255,0.4634199134199134
2021-08-25 00:30:00+00:00,0.2251162616261626,0.0,0.0070237050043897,0.4636363636363636
2021-08-25 00:45:00+00:00,0.2168560606060606,0.0,0.0072431957857769,0.46385281385281385
2021-08-25 01:00:00+00:00,0.2085958595859586,0.0,0.0074626865671641,0.4640692640692641
2021-08-25 01:15:00+00:00,0.20802392739273926,0.0,0.0075285338015802505,0.46493506493506487
2021-08-25 01:30:00+00:00,0.2074519951995199,0.0,0.0075943810359964,0.4658008658008657
2021-08-25 01:45:00+00:00,0.2068800630063006,0.0,0.00766022827041255,0.4666666666666666
2021-08-25 02:00:00+00:00,0.2063081308130813,0.0,0.0077260755048287,0.4675324675324675
2021-08-25 02:15:00+00:00,0.20041066606660665,0.0,0.0077260755048287,0.46991341991341984
2021-08-25 02:30:00+00:00,0.194513201320132,0.0,0.0077260755048287,0.4722943722943722
2021-08-25 02:45:00+00:00,0.18861573657365735,0.0,0.0077260755048287,0.4746753246753246
2021-08-25 03:00:00+00:00,0.1827182718271827,0.0,0.0077260755048287,0.477056277056277
2021-08-25 03:15:00+00:00,0.17418616861686165,0.0,0.0077260755048287,0.48051948051948046
2021-08-25 03:30:00+00:00,0.1656540654065406,0.0,0.0077260755048287,0.4839826839826839
2021-08-25 03:45:00+00:00,0.15712196219621954,0.0,0.0077260755048287,0.4874458874458874
2021-08-25 04:00:00+00:00,0.1485898589858985,0.0,0.0077260755048287,0.4909090909090909
2021-08-25 04:15:00+00:00,0.14528015301530145,0.0,0.008099209833186901,0.4952380952380952
2021-08-25 04:30:00+00:00,0.1419704470447044,0.0,0.0084723441615451,0.4995670995670995
2021-08-25 04:45:00+00:00,0.13866074107410734,0.0,0.008845478489903351,0.5038961038961038
2021-08-25 05:00:00+00:00,0.1353510351035103,0.0,0.0092186128182616,0.5082251082251082
2021-08-25 05:15:00+00:00,0.12843159315931585,0.0,0.0273266022827041,0.5136363636363637
2021-08-25 05:30:00+00:00,0.1215121512151214,0.0,0.0454345917471466,0.519047619047619
2021-08-25 05:45:00+00:00,0.114592709270927,0.0,0.0635425812115891,0.5244588744588744
2021-08-25 06:00:00+00:00,0.1076732673267326,0.0,0.0816505706760316,0.5298701298701298
2021-08-25 06:15:00+00:00,0.1019258175817581,0.0,0.13053116769095696,0.5374458874458874
2021-08-25 06:30:00+00:00,0.0961783678367836,0.0,0.1794117647058823,0.545021645021645
2021-08-25 06:45:00+00:00,0.0904309180918091,0.0,0.2282923617208077,0.5525974025974025
2021-08-25 07:00:00+00:00,0.0846834683468346,0.0,0.2771729587357331,0.5601731601731602
2021-08-25 07:15:00+00:00,0.0818706870687068,0.0,0.32425373134328356,0.5606060606060606
2021-08-25 07:30:00+00:00,0.079057905790579,0.0,0.371334503950834,0.561038961038961
2021-08-25 07:45:00+00:00,0.0762451245124512,0.0,0.4184152765583845,0.5614718614718615
2021-08-25 08:00:00+00:00,0.0734323432343234,0.0,0.465496049165935,0.5619047619047619
2021-08-25 08:15:00+00:00,0.07078832883288325,0.0,0.5087357330992098,0.55995670995671
2021-08-25 08:30:00+00:00,0.0681443144314431,0.0,0.5519754170324846,0.5580086580086581
2021-08-25 08:45:00+00:00,0.06550030003000296,0.0,0.5952151009657595,0.5560606060606061
2021-08-25 09:00:00+00:00,0.0628562856285628,0.0,0.6384547848990343,0.5541125541125541
2021-08-25 09:15:00+00:00,0.06205933093309325,0.0,0.6600746268656716,0.5551948051948052
2021-08-25 09:30:00+00:00,0.0612623762376237,0.0,0.681694468832309,0.5562770562770563
2021-08-25 09:45:00+00:00,0.060465421542154146,0.0,0.7033143107989464,0.5573593073593073
2021-08-25 10:00:00+00:00,0.0596684668466846,0.0,0.7249341527655838,0.5584415584415584
2021-08-25 10:15:00+00:00,0.06115924092409235,0.0,0.7348551360842844,0.5586580086580086
2021-08-25 10:30:00+00:00,0.0626500150015001,0.0,0.744776119402985,0.5588744588744589
2021-08-25 10:45:00+00:00,0.06414078907890786,0.0,0.7546971027216857,0.5590909090909091
2021-08-25 11:00:00+00:00,0.0656315631563156,0.0,0.7646180860403863,0.5593073593073593
2021-08-25 11:15:00+00:00,0.0665972847284728,0.0,0.7723222124670763,0.5612554112554113
2021-08-25 11:30:00+00:00,0.06756300630063,0.0,0.7800263388937664,0.5632034632034633
2021-08-25 11:45:00+00:00,0.06852872787278724,0.0,0.7877304653204564,0.5651515151515152
2021-08-25 12:00:00+00:00,0.0694944494449445,0.0,0.7954345917471466,0.5670995670995671
2021-08-25 12:15:00+00:00,0.0713133813381338,0.0,0.7973880597014925,0.5623376623376624
2021-08-25 12:30:00+00:00,0.0731323132313231,0.0,0.7993415276558384,0.5575757575757576
2021-08-25 12:45:00+00:00,0.0749512451245124,0.0,0.8012949956101844,0.5528138528138529
2021-08-25 13:00:00+00:00,0.0767701770177017,0.0,0.8032484635645303,0.548051948051948
2021-08-25 13:15:00+00:00,0.0807643264326432,0.0,0.7973002633889377,0.5458874458874459
2021-08-25 13:30:00+00:00,0.0847584758475847,0.0,0.7913520632133451,0.5437229437229437
2021-08-25 13:45:00+00:00,0.0887526252625262,0.0,0.7854038630377524,0.5415584415584416
2021-08-25 14:00:00+00:00,0.0927467746774677,0.0,0.7794556628621598,0.5393939393939394
2021-08-25 14:15:00+00:00,0.09379687968796875,0.0,0.7557506584723442,0.5363636363636364
2021-08-25 14:30:00+00:00,0.0948469846984698,0.0,0.7320456540825286,0.5333333333333333
2021-08-25 14:45:00+00:00,0.09589708970897085,0.0,0.7083406496927129,0.5303030303030303
2021-08-25 15:00:00+00:00,0.0969471947194719,0.0,0.6846356453028973,0.5272727272727272
2021-08-25 15:15:00+00:00,0.0966940444044404,0.0,0.6484196663740123,0.5303030303030303
2021-08-25 15:30:00+00:00,0.0964408940894089,0.0,0.6122036874451273,0.5333333333333333
2021-08-25 15:45:00+00:00,0.09618774377437739,0.0,0.5759877085162424,0.5363636363636364
2021-08-25 16:00:00+00:00,0.0959345934593459,0.0,0.5397717295873573,0.5393939393939394
2021-08-25 16:15:00+00:00,0.09569081908190814,0.0,0.48538191395961366,0.5435064935064935
2021-08-25 16:30:00+00:00,0.0954470447044704,0.0,0.43099209833187,0.5476190476190477
2021-08-25 16:45:00+00:00,0.09520327032703264,0.0,0.37660228270412643,0.5517316017316017
2021-08-25 17:00:00+00:00,0.0949594959495949,0.0,0.3222124670763828,0.5558441558441558
2021-08-25 17:15:00+00:00,0.09450945094509439,0.0,0.2655399473222125,0.5627705627705628
2021-08-25 17:30:00+00:00,0.0940594059405939,0.0,0.2088674275680421,0.5696969696969697
2021-08-25 17:45:00+00:00,0.0936093609360935,0.0,0.1521949078138718,0.5766233766233766
2021-08-25 18:00:00+00:00,0.0931593159315931,0.0,0.0955223880597015,0.5835497835497836
2021-08-25 18:15:00+00:00,0.0971253375337533,0.0,0.0804433713784021,0.5857142857142857
2021-08-25 18:30:00+00:00,0.1010913591359135,0.0,0.0653643546971027,0.5878787878787879
2021-08-25 18:45:00+00:00,0.10505738073807375,0.0,0.0502853380158033,0.59004329004329
2021-08-25 19:00:00+00:00,0.109023402340234,0.0,0.0352063213345039,0.5922077922077922
2021-08-25 19:15:00+00:00,0.11199557455745571,0.0,0.03283582089552235,0.596103896103896
2021-08-25 19:30:00+00:00,0.1149677467746774,0.0,0.0304653204565408,0.6
2021-08-25 19:45:00+00:00,0.11793991899189915,0.0,0.02809482001755925,0.6038961038961039
2021-08-25 20:00:00+00:00,0.1209120912091209,0.0,0.0257243195785777,0.6077922077922078
2021-08-25 20:15:00+00:00,0.12357485748574856,0.0,0.0232221246707638,0.5976190476190476
2021-08-25 20:30:00+00:00,0.1262376237623762,0.0,0.0207199297629499,0.5874458874458874
2021-08-25 20:45:00+00:00,0.12890039003900386,0.0,0.01821773485513605,0.5772727272727273
2021-08-25 21:00:00+00:00,0.1315631563156315,0.0,0.0157155399473222,0.5670995670995671
2021-08-25 21:15:00+00:00,0.1288628862886288,0.0,0.0134547848990342,0.5543290043290043
2021-08-25 21:30:00+00:00,0.1261626162616261,0.0,0.0111940298507462,0.5415584415584416
2021-08-25 21:45:00+00:00,0.12346234623462339,0.0,0.00893327480245825,0.5287878787878788
2021-08-25 22:00:00+00:00,0.1207620762076207,0.0,0.0066725197541703,0.516017316017316
2021-08-25 22:15:00+00:00,0.1159147164716471,0.0,0.0065627743634767005,0.5121212121212122
2021-08-25 22:30:00+00:00,0.1110673567356735,0.0,0.0064530289727831,0.5082251082251082
2021-08-25 22:45:00+00:00,0.1062199969996999,0.0,0.0063432835820895,0.5043290043290043
2021-08-25 23:00:00+00:00,0.1013726372637263,0.0,0.0062335381913959,0.5004329004329005
2021-08-25 23:15:00+00:00,0.0981379387938793,0.0,0.0062335381913959,0.49956709956709955
2021-08-25 23:30:00+00:00,0.0949032403240323,0.0,0.0062335381913959,0.4987012987012986
2021-08-25 23:45:00+00:00,0.09166854185418535,0.0,0.0062335381913959,0.49783549783549774
2021-08-26 00:00:00+00:00,0.0884338433843384,0.0,0.0062335381913959,0.4969696969696969
2021-08-26 00:15:00+00:00,0.0863805130513051,0.0,0.0062335381913959,0.4976190476190475
2021-08-26 00:30:00+00:00,0.0843271827182718,0.0,0.0062335381913959,0.4982683982683982
2021-08-26 00:45:00+00:00,0.0822738523852385,0.0,0.0062335381913959,0.49891774891774887
2021-08-26 01:00:00+00:00,0.0802205220522052,0.0,0.0062335381913959,0.4995670995670995
2021-08-26 01:15:00+00:00,0.0766857935793579,0.0,0.0062335381913959,0.5012987012987012
2021-08-26 01:30:00+00:00,0.0731510651065106,0.0,0.0062335381913959,0.5030303030303029
2021-08-26 01:45:00+00:00,0.06961633663366329,0.0,0.0062335381913959,0.5047619047619047
2021-08-26 02:00:00+00:00,0.066081608160816,0.0,0.0062335381913959,0.5064935064935064
2021-08-26 02:15:00+00:00,0.06368136813681355,0.0,0.0062335381913959,0.5058441558441558
2021-08-26 02:30:00+00:00,0.0612811281128111,0.0,0.0062335381913959,0.5051948051948052
2021-08-26 02:45:00+00:00,0.058880888088808744,0.0,0.0062335381913959,0.5045454545454545
2021-08-26 03:00:00+00:00,0.0564806480648064,0.0,0.0062335381913959,0.5038961038961038
2021-08-26 03:15:00+00:00,0.054577332733273254,0.0,0.00621158911325715,0.5045454545454545
2021-08-26 03:30:00+00:00,0.0526740174017401,0.0,0.0061896400351184,0.5051948051948052
2021-08-26 03:45:00+00:00,0.05077070207020695,0.0,0.0061676909569797,0.5058441558441558
2021-08-26 04:00:00+00:00,0.0488673867386738,0.0,0.006145741878841,0.5064935064935064
2021-08-26 04:15:00+00:00,0.04740474047404735,0.0,0.00693590869183485,0.5097402597402596
2021-08-26 04:30:00+00:00,0.0459420942094209,0.0,0.0077260755048287,0.5129870129870129
2021-08-26 04:45:00+00:00,0.04447944794479445,0.0,0.0085162423178226,0.5162337662337662
2021-08-26 05:00:00+00:00,0.043016801680168,0.0,0.0093064091308165,0.5194805194805194
2021-08-26 05:15:00+00:00,0.04143226822682265,0.0,0.03219929762949955,0.522077922077922
2021-08-26 05:30:00+00:00,0.0398477347734773,0.0,0.0550921861281826,0.5246753246753246
2021-08-26 05:45:00+00:00,0.038263201320131945,0.0,0.07798507462686564,0.5272727272727272
2021-08-26 06:00:00+00:00,0.0366786678667866,0.0,0.1008779631255487,0.5298701298701298
2021-08-26 06:15:00+00:00,0.0342596759675967,0.0,0.1634547848990342,0.5311688311688312
2021-08-26 06:30:00+00:00,0.0318406840684068,0.0,0.2260316066725197,0.5324675324675324
2021-08-26 06:45:00+00:00,0.0294216921692169,0.0,0.2886084284460052,0.5337662337662337
2021-08-26 07:00:00+00:00,0.027002700270027,0.0,0.3511852502194907,0.535064935064935
2021-08-26 07:15:00+00:00,0.0259807230723072,0.0,0.4252633889376646,0.5326839826839826
2021-08-26 07:30:00+00:00,0.0249587458745874,0.0,0.4993415276558384,0.5303030303030303
2021-08-26 07:45:00+00:00,0.02393676867686765,0.0,0.5734196663740123,0.5279220779220779
2021-08-26 08:00:00+00:00,0.0229147914791479,0.0,0.6474978050921861,0.5255411255411255
2021-08-26 08:15:00+00:00,0.02437743774377435,0.0,0.6967734855136085,0.5196969696969697
2021-08-26 08:30:00+00:00,0.0258400840084008,0.0,0.7460491659350308,0.5138528138528138
2021-08-26 08:45:00+00:00,0.02730273027302725,0.0,0.7953248463564531,0.508008658008658
2021-08-26 09:00:00+00:00,0.0287653765376537,0.0,0.8446005267778753,0.5021645021645021
2021-08-26 09:15:00+00:00,0.0290372787278727,0.0,0.8618525021949078,0.5017316017316018
2021-08-26 09:30:00+00:00,0.0293091809180917,0.0,0.8791044776119403,0.5012987012987014
2021-08-26 09:45:00+00:00,0.02958108310831075,0.0,0.8963564530289727,0.5008658008658009
2021-08-26 10:00:00+00:00,0.0298529852985298,0.0,0.9136084284460052,0.5004329004329005
2021-08-26 10:15:00+00:00,0.0308843384338433,0.0,0.9189859525899913,0.5021645021645021
2021-08-26 10:30:00+00:00,0.0319156915691568,0.0,0.9243634767339772,0.5038961038961038
2021-08-26 10:45:00+00:00,0.03294704470447035,0.0,0.9297410008779632,0.5056277056277056
2021-08-26 11:00:00+00:00,0.0339783978397839,0.0,0.935118525021949,0.5073593073593073
2021-08-26 11:15:00+00:00,0.0363036303630362,0.0,0.9341088674275679,0.5095238095238095
2021-08-26 11:30:00+00:00,0.0386288628862885,0.0,0.933099209833187,0.5116883116883117
2021-08-26 11:45:00+00:00,0.040954095409540855,0.0,0.932089552238806,0.5138528138528139
2021-08-26 12:00:00+00:00,0.0432793279327932,0.0,0.931079894644425,0.516017316017316
2021-08-26 12:15:00+00:00,0.046251500150014904,0.0,0.9255706760316067,0.5142857142857142
2021-08-26 12:30:00+00:00,0.0492236723672366,0.0,0.9200614574187884,0.5125541125541125
2021-08-26 12:45:00+00:00,0.05219584458445835,0.0,0.9145522388059701,0.5108225108225108
2021-08-26 13:00:00+00:00,0.0551680168016801,0.0,0.909043020193152,0.509090909090909
2021-08-26 13:15:00+00:00,0.0594621962196219,0.0,0.9001097453906937,0.5075757575757576
2021-08-26 13:30:00+00:00,0.0637563756375637,0.0,0.8911764705882353,0.5060606060606061
2021-08-26 13:45:00+00:00,0.0680505550555055,0.0,0.882243195785777,0.5045454545454546
2021-08-26 14:00:00+00:00,0.0723447344734473,0.0,0.8733099209833187,0.503030303030303
2021-08-26 14:15:00+00:00,0.0746043354335433,0.0,0.8530948200175592,0.5054112554112554
2021-08-26 14:30:00+00:00,0.0768639363936393,0.0,0.8328797190517998,0.5077922077922078
2021-08-26 14:45:00+00:00,0.0791235373537353,0.0,0.8126646180860404,0.5101731601731602
2021-08-26 15:00:00+00:00,0.0813831383138313,0.0,0.792449517120281,0.5125541125541125
2021-08-26 15:15:00+00:00,0.084589708970897,0.0,0.7592844600526778,0.511038961038961
2021-08-26 15:30:00+00:00,0.0877962796279627,0.0,0.7261194029850746,0.5095238095238095
2021-08-26 15:45:00+00:00,0.09100285028502844,0.0,0.6929543459174714,0.508008658008658
2021-08-26 16:00:00+00:00,0.0942094209420942,0.0,0.6597892888498683,0.5064935064935064
2021-08-26 16:15:00+00:00,0.09532515751575155,0.0,0.5932177348551361,0.5097402597402596
2021-08-26 16:30:00+00:00,0.0964408940894089,0.0,0.5266461808604038,0.5129870129870129
2021-08-26 16:45:00+00:00,0.09755663066306625,0.0,0.4600746268656716,0.5162337662337662
2021-08-26 17:00:00+00:00,0.0986723672367236,0.0,0.3935030728709394,0.5194805194805194
2021-08-26 17:15:00+00:00,0.09780040504050394,0.0,0.326009657594381,0.5266233766233765
2021-08-26 17:30:00+00:00,0.0969284428442843,0.0,0.2585162423178226,0.5337662337662337
2021-08-26 17:45:00+00:00,0.0960564806480647,0.0,0.19102282704126422,0.5409090909090908
2021-08-26 18:00:00+00:00,0.0951845184518451,0.0,0.1235294117647058,0.548051948051948
2021-08-26 18:15:00+00:00,0.0961502400240023,0.0,0.10801141352063205,0.553030303030303
2021-08-26 18:30:00+00:00,0.0971159615961595,0.0,0.0924934152765583,0.5580086580086581
2021-08-26 18:45:00+00:00,0.09808168316831675,0.0,0.07697541703248455,0.562987012987013
2021-08-26 19:00:00+00:00,0.099047404740474,0.0,0.0614574187884108,0.567965367965368
2021-08-26 19:15:00+00:00,0.1003600360036003,0.0,0.0603599648814749,0.5647186147186148
2021-08-26 19:30:00+00:00,0.1016726672667266,0.0,0.059262510974539,0.5614718614718616
2021-08-26 19:45:00+00:00,0.10298529852985294,0.0,0.0581650570676031,0.5582251082251083
2021-08-26 20:00:00+00:00,0.1042979297929793,0.0,0.0570676031606672,0.554978354978355
2021-08-26 20:15:00+00:00,0.10524489948994895,0.0,0.056694468832309,0.5521645021645022
2021-08-26 20:30:00+00:00,0.1061918691869186,0.0,0.0563213345039508,0.5493506493506494
2021-08-26 20:45:00+00:00,0.10713883888388831,0.0,0.0559482001755926,0.5465367965367965
2021-08-26 21:00:00+00:00,0.108085808580858,0.0,0.0555750658472344,0.5437229437229437
2021-08-26 21:15:00+00:00,0.10842334233423336,0.0,0.054521510096575895,0.5383116883116883
2021-08-26 21:30:00+00:00,0.1087608760876087,0.0,0.0534679543459174,0.5329004329004329
2021-08-26 21:45:00+00:00,0.10909840984098405,0.0,0.05241439859525895,0.5274891774891775
2021-08-26 22:00:00+00:00,0.1094359435943594,0.0,0.0513608428446005,0.522077922077922
2021-08-26 22:15:00+00:00,0.10927655265526551,0.0,0.049319578577699696,0.5164502164502164
2021-08-26 22:30:00+00:00,0.1091171617161716,0.0,0.0472783143107989,0.5108225108225107
2021-08-26 22:45:00+00:00,0.10895777077707769,0.0,0.0452370500438981,0.5051948051948051
2021-08-26 23:00:00+00:00,0.1087983798379838,0.0,0.0431957857769973,0.4995670995670995
2021-08-26 23:15:00+00:00,0.10937968796879685,0.0,0.0405618964003511,0.49718614718614706
2021-08-26 23:30:00+00:00,0.1099609960996099,0.0,0.0379280070237049,0.4948051948051947
2021-08-26 23:45:00+00:00,0.110542304230423,0.0,0.035294117647058754,0.4924242424242423
2021-08-27 00:00:00+00:00,0.1111236123612361,0.0,0.0326602282704126,0.49004329004329
2021-08-27 00:15:00+00:00,0.1110298529852985,0.0,0.02767778753292355,0.4891774891774891
2021-08-27 00:30:00+00:00,0.1109360936093609,0.0,0.0226953467954345,0.4883116883116882
2021-08-27 00:45:00+00:00,0.1108423342334233,0.0,0.0177129060579455,0.48744588744588735
2021-08-27 01:00:00+00:00,0.1107485748574857,0.0,0.0127304653204565,0.4865800865800865
2021-08-27 01:15:00+00:00,0.11089858985898585,0.0,0.0111720807726075,0.4846320346320345
2021-08-27 01:30:00+00:00,0.111048604860486,0.0,0.0096136962247585,0.4826839826839826
2021-08-27 01:45:00+00:00,0.11119861986198615,0.0,0.0080553116769095,0.4807359307359307
2021-08-27 02:00:00+00:00,0.1113486348634863,0.0,0.0064969271290605,0.4787878787878787
2021-08-27 02:15:00+00:00,0.11094546954695464,0.0,0.00643107989464435,0.47943722943722933
2021-08-27 02:30:00+00:00,0.110542304230423,0.0,0.0063652326602282,0.48008658008658
2021-08-27 02:45:00+00:00,0.11013913891389135,0.0,0.00629938542581205,0.4807359307359307
2021-08-27 03:00:00+00:00,0.1097359735973597,0.0,0.0062335381913959,0.4813852813852813
2021-08-27 03:15:00+00:00,0.10979222922292226,0.0,0.00621158911325715,0.48225108225108215
2021-08-27 03:30:00+00:00,0.1098484848484848,0.0,0.0061896400351184,0.483116883116883
2021-08-27 03:45:00+00:00,0.10990474047404736,0.0,0.0061676909569797,0.4839826839826839
2021-08-27 04:00:00+00:00,0.1099609960996099,0.0,0.006145741878841,0.4848484848484848
2021-08-27 04:15:00+00:00,0.10969846984698464,0.0,0.00693590869183485,0.488095238095238
2021-08-27 04:30:00+00:00,0.1094359435943594,0.0,0.0077260755048287,0.4913419913419913
2021-08-27 04:45:00+00:00,0.10917341734173415,0.0,0.0085162423178226,0.4945887445887445
2021-08-27 05:00:00+00:00,0.1089108910891089,0.0,0.0093064091308165,0.4978354978354978
2021-08-27 05:15:00+00:00,0.1058824632463246,0.0,0.0376207199297629,0.5038961038961038
2021-08-27 05:30:00+00:00,0.1028540354035403,0.0,0.0659350307287093,0.5099567099567099
2021-08-27 05:45:00+00:00,0.09982560756075605,0.0,0.09424934152765575,0.516017316017316
2021-08-27 06:00:00+00:00,0.0967971797179718,0.0,0.1225636523266022,0.522077922077922
2021-08-27 06:15:00+00:00,0.0893151815181518,0.0,0.1966198419666373,0.5274891774891775
2021-08-27 06:30:00+00:00,0.0818331833183318,0.0,0.2706760316066724,0.5329004329004329
2021-08-27 06:45:00+00:00,0.0743511851185118,0.0,0.34473222124670755,0.5383116883116883
2021-08-27 07:00:00+00:00,0.0668691869186918,0.0,0.4187884108867427,0.5437229437229437
2021-08-27 07:15:00+00:00,0.06318444344434435,0.0,0.49488586479367863,0.543939393939394
2021-08-27 07:30:00+00:00,0.0594996999699969,0.0,0.5709833187006146,0.5441558441558442
2021-08-27 07:45:00+00:00,0.0558149564956495,0.0,0.6470807726075505,0.5443722943722944
2021-08-27 08:00:00+00:00,0.0521302130213021,0.0,0.7231782265144864,0.5445887445887446
2021-08-27 08:15:00+00:00,0.052870912091209046,0.0,0.7604038630377524,0.543073593073593
2021-08-27 08:30:00+00:00,0.053611611161116,0.0,0.7976294995610185,0.5415584415584416
2021-08-27 08:45:00+00:00,0.054352310231023,0.0,0.8348551360842844,0.5400432900432901
2021-08-27 09:00:00+00:00,0.05509300930093,0.0,0.8720807726075505,0.5385281385281385
2021-08-27 09:15:00+00:00,0.0567994299429942,0.0,0.8873134328358209,0.5389610389610389
2021-08-27 09:30:00+00:00,0.0585058505850584,0.0,0.9025460930640912,0.5393939393939393
2021-08-27 09:45:00+00:00,0.06021227122712265,0.0,0.9177787532923616,0.5398268398268398
2021-08-27 10:00:00+00:00,0.0619186918691869,0.0,0.933011413520632,0.5402597402597402
2021-08-27 10:15:00+00:00,0.06577220222022201,0.0,0.940100965759438,0.543939393939394
2021-08-27 10:30:00+00:00,0.0696257125712571,0.0,0.947190517998244,0.5476190476190477
2021-08-27 10:45:00+00:00,0.07347922292229221,0.0,0.95428007023705,0.5512987012987013
2021-08-27 11:00:00+00:00,0.0773327332733273,0.0,0.961369622475856,0.554978354978355
2021-08-27 11:15:00+00:00,0.0810174767476747,0.0,0.9615671641791044,0.5573593073593074
2021-08-27 11:30:00+00:00,0.0847022202220221,0.0,0.9617647058823529,0.5597402597402598
2021-08-27 11:45:00+00:00,0.08838696369636956,0.0,0.9619622475856013,0.5621212121212121
2021-08-27 12:00:00+00:00,0.092071707170717,0.0,0.9621597892888498,0.5645021645021645
2021-08-27 12:15:00+00:00,0.0960377287728772,0.0,0.9565408252853379,0.5541125541125541
2021-08-27 12:30:00+00:00,0.1000037503750374,0.0,0.950921861281826,0.5437229437229437
2021-08-27 12:45:00+00:00,0.10396977197719764,0.0,0.9453028972783142,0.5333333333333333
2021-08-27 13:00:00+00:00,0.1079357935793579,0.0,0.9396839332748024,0.5229437229437229
2021-08-27 13:15:00+00:00,0.1135613561356135,0.0,0.9278314310798945,0.5164502164502165
2021-08-27 13:30:00+00:00,0.1191869186918691,0.0,0.9159789288849868,0.5099567099567099
2021-08-27 13:45:00+00:00,0.12481248124812475,0.0,0.904126426690079,0.5034632034632034
2021-08-27 14:00:00+00:00,0.1304380438043804,0.0,0.8922739244951712,0.4969696969696969
2021-08-27 14:15:00+00:00,0.13552917791779173,0.0,0.8687884108867427,0.49393939393939384
2021-08-27 14:30:00+00:00,0.1406203120312031,0.0,0.8453028972783143,0.4909090909090908
2021-08-27 14:45:00+00:00,0.14571144614461445,0.0,0.8218173836698859,0.4878787878787878
2021-08-27 15:00:00+00:00,0.1508025802580258,0.0,0.7983318700614574,0.4848484848484848
2021-08-27 15:15:00+00:00,0.15425292529252918,0.0,0.7610403863037752,0.4846320346320345
2021-08-27 15:30:00+00:00,0.1577032703270326,0.0,0.723748902546093,0.4844155844155843
2021-08-27 15:45:00+00:00,0.1611536153615361,0.0,0.6864574187884109,0.4841991341991341
2021-08-27 16:00:00+00:00,0.1646039603960396,0.0,0.6491659350307287,0.4839826839826839
2021-08-27 16:15:00+00:00,0.169029402940294,0.0,0.580684811237928,0.4965367965367965
2021-08-27 16:30:00+00:00,0.1734548454845484,0.0,0.5122036874451273,0.509090909090909
2021-08-27 16:45:00+00:00,0.17788028802880285,0.0,0.44372256365232665,0.5216450216450217
2021-08-27 17:00:00+00:00,0.1823057305730573,0.0,0.3752414398595259,0.5341991341991342
2021-08-27 17:15:00+00:00,0.18378712871287123,0.0,0.3117647058823529,0.5346320346320346
2021-08-27 17:30:00+00:00,0.1852685268526852,0.0,0.2482879719051799,0.535064935064935
2021-08-27 17:45:00+00:00,0.1867499249924992,0.0,0.18481123792800697,0.5354978354978355
2021-08-27 18:00:00+00:00,0.1882313231323132,0.0,0.121334503950834,0.5359307359307359
2021-08-27 18:15:00+00:00,0.19288178817881785,0.0,0.10572870939420535,0.5374458874458874
2021-08-27 18:30:00+00:00,0.1975322532253225,0.0,0.0901229148375767,0.538961038961039
2021-08-27 18:45:00+00:00,0.20218271827182716,0.0,0.0745171202809481,0.5404761904761906
2021-08-27 19:00:00+00:00,0.2068331833183318,0.0,0.0589113257243195,0.541991341991342
2021-08-27 19:15:00+00:00,0.2124868736873687,0.0,0.057352941176470495,0.5435064935064935
2021-08-27 19:30:00+00:00,0.2181405640564056,0.0,0.0557945566286215,0.545021645021645
2021-08-27 19:45:00+00:00,0.2237942544254425,0.0,0.05423617208077255,0.5465367965367964
2021-08-27 20:00:00+00:00,0.2294479447944794,0.0,0.0526777875329236,0.548051948051948
2021-08-27 20:15:00+00:00,0.2344734473447344,0.0,0.0512510974539069,0.5443722943722944
2021-08-27 20:30:00+00:00,0.2394989498949894,0.0,0.0498244073748902,0.5406926406926407
2021-08-27 20:45:00+00:00,0.24452445244524446,0.0,0.0483977172958735,0.537012987012987
2021-08-27 21:00:00+00:00,0.2495499549954995,0.0,0.0469710272168568,0.5333333333333333
2021-08-27 21:15:00+00:00,0.2510969846984698,0.0,0.0457638279192273,0.5281385281385281
2021-08-27 21:30:00+00:00,0.2526440144014401,0.0,0.0445566286215978,0.5229437229437229
2021-08-27 21:45:00+00:00,0.2541910441044104,0.0,0.043349429323968305,0.5177489177489177
2021-08-27 22:00:00+00:00,0.2557380738073807,0.0,0.0421422300263388,0.5125541125541125
2021-08-27 22:15:00+00:00,0.2547348484848484,0.0,0.0392669007901667,0.5106060606060605
2021-08-27 22:30:00+00:00,0.2537316231623162,0.0,0.0363915715539946,0.5086580086580086
2021-08-27 22:45:00+00:00,0.25272839783978396,0.0,0.03351624231782255,0.5067099567099567
2021-08-27 23:00:00+00:00,0.2517251725172517,0.0,0.0306409130816505,0.5047619047619047
2021-08-27 23:15:00+00:00,0.24981248124812475,0.0,0.02638279192273915,0.5015151515151515
2021-08-27 23:30:00+00:00,0.2478997899789978,0.0,0.0221246707638278,0.4982683982683982
2021-08-27 23:45:00+00:00,0.2459870987098709,0.0,0.0178665496049165,0.495021645021645
2021-08-28 00:00:00+00:00,0.244074407440744,0.0,0.0136084284460052,0.4917748917748917
2021-08-28 00:15:00+00:00,0.24274302430243014,0.0,0.01244512730465315,0.4911255411255411
2021-08-28 00:30:00+00:00,0.2414116411641163,0.0,0.0112818261633011,0.4904761904761904
2021-08-28 00:45:00+00:00,0.2400802580258025,0.0,0.01011852502194905,0.4898268398268397
2021-08-28 01:00:00+00:00,0.2387488748874887,0.0,0.008955223880597,0.4891774891774891
2021-08-28 01:15:00+00:00,0.23944269426942688,0.0,0.008955223880597,0.4852813852813852
2021-08-28 01:30:00+00:00,0.2401365136513651,0.0,0.008955223880597,0.4813852813852813
2021-08-28 01:45:00+00:00,0.2408303330333033,0.0,0.008955223880597,0.4774891774891774
2021-08-28 02:00:00+00:00,0.2415241524152415,0.0,0.008955223880597,0.4735930735930735
2021-08-28 02:15:00+00:00,0.24116786678667865,0.0,0.008955223880597,0.47337662337662334
2021-08-28 02:30:00+00:00,0.2408115811581158,0.0,0.008955223880597,0.4731601731601731
2021-08-28 02:45:00+00:00,0.24045529552955294,0.0,0.008955223880597,0.4729437229437229
2021-08-28 03:00:00+00:00,0.2400990099009901,0.0,0.008955223880597,0.4727272727272727
2021-08-28 03:15:00+00:00,0.2396770927092709,0.0,0.0089771729587357,0.4757575757575757
2021-08-28 03:30:00+00:00,0.2392551755175517,0.0,0.0089991220368744,0.4787878787878787
2021-08-28 03:45:00+00:00,0.23883325832583255,0.0,0.0090210711150131,0.48181818181818176
2021-08-28 04:00:00+00:00,0.2384113411341134,0.0,0.0090430201931518,0.4848484848484848
2021-08-28 04:15:00+00:00,0.23650802580258026,0.0,0.0096356453028972,0.4867965367965368
2021-08-28 04:30:00+00:00,0.2346047104710471,0.0,0.0102282704126426,0.4887445887445887
2021-08-28 04:45:00+00:00,0.23270139513951396,0.0,0.010820895522388,0.4906926406926406
2021-08-28 05:00:00+00:00,0.2307980798079808,0.0,0.0114135206321334,0.4926406926406926
2021-08-28 05:15:00+00:00,0.22741336633663367,0.0,0.038301141352063146,0.4937229437229437
2021-08-28 05:30:00+00:00,0.2240286528652865,0.0,0.0651887620719929,0.4948051948051947
2021-08-28 05:45:00+00:00,0.22064393939393936,0.0,0.0920763827919227,0.4958874458874458
2021-08-28 06:00:00+00:00,0.2172592259225922,0.0,0.1189640035118525,0.4969696969696969
2021-08-28 06:15:00+00:00,0.2086239873987398,0.0,0.19295434591747146,0.504978354978355
2021-08-28 06:30:00+00:00,0.1999887488748874,0.0,0.2669446883230904,0.512987012987013
2021-08-28 06:45:00+00:00,0.19135351035103504,0.0,0.34093503072870934,0.520995670995671
2021-08-28 07:00:00+00:00,0.1827182718271827,0.0,0.4149253731343283,0.529004329004329
2021-08-28 07:15:00+00:00,0.1815556555655565,0.0,0.49501755926251095,0.5246753246753246
2021-08-28 07:30:00+00:00,0.1803930393039303,0.0,0.5751097453906936,0.5203463203463203
2021-08-28 07:45:00+00:00,0.17923042304230413,0.0,0.6552019315188762,0.516017316017316
2021-08-28 08:00:00+00:00,0.178067806780678,0.0,0.7352941176470589,0.5116883116883116
2021-08-28 08:15:00+00:00,0.1794648214821481,0.0,0.7756584723441615,0.5032467532467533
2021-08-28 08:30:00+00:00,0.1808618361836182,0.0,0.8160228270412643,0.4948051948051948
2021-08-28 08:45:00+00:00,0.18225885088508842,0.0,0.856387181738367,0.48636363636363633
2021-08-28 09:00:00+00:00,0.1836558655865586,0.0,0.8967515364354697,0.4779220779220779
2021-08-28 09:15:00+00:00,0.18220259525952592,0.0,0.9133230904302019,0.4818181818181818
2021-08-28 09:30:00+00:00,0.1807493249324932,0.0,0.929894644424934,0.4857142857142857
2021-08-28 09:45:00+00:00,0.1792960546054605,0.0,0.9464661984196663,0.4896103896103896
2021-08-28 10:00:00+00:00,0.1778427842784278,0.0,0.9630377524143986,0.4935064935064935
2021-08-28 10:15:00+00:00,0.17904290429042902,0.0,0.9684372256365232,0.4906926406926406
2021-08-28 10:30:00+00:00,0.1802430243024302,0.0,0.973836698858648,0.4878787878787878
2021-08-28 10:45:00+00:00,0.1814431443144314,0.0,0.9792361720807725,0.485064935064935
2021-08-28 11:00:00+00:00,0.1826432643264326,0.0,0.9846356453028972,0.4822510822510822
2021-08-28 11:15:00+00:00,0.18595297029702965,0.0,0.9826602282704126,0.48181818181818176
2021-08-28 11:30:00+00:00,0.1892626762676267,0.0,0.980684811237928,0.4813852813852813
2021-08-28 11:45:00+00:00,0.1925723822382238,0.0,0.9787093942054435,0.4809523809523809
2021-08-28 12:00:00+00:00,0.1958820882088209,0.0,0.9767339771729588,0.4805194805194805
2021-08-28 12:15:00+00:00,0.19983873387338735,0.0,0.9698858647936787,0.4757575757575757
2021-08-28 12:30:00+00:00,0.2037953795379538,0.0,0.9630377524143986,0.4709956709956709
2021-08-28 12:45:00+00:00,0.20775202520252023,0.0,0.9561896400351184,0.4662337662337662
2021-08-28 13:00:00+00:00,0.2117086708670867,0.0,0.9493415276558383,0.4614718614718615
2021-08-28 13:15:00+00:00,0.21879687968796874,0.0,0.9365452151009657,0.4662337662337662
2021-08-28 13:30:00+00:00,0.2258850885088508,0.0,0.923748902546093,0.4709956709956709
2021-08-28 13:45:00+00:00,0.2329732973297329,0.0,0.9109525899912203,0.4757575757575757
2021-08-28 14:00:00+00:00,0.240061506150615,0.0,0.8981562774363476,0.4805194805194805
2021-08-28 14:15:00+00:00,0.2477216471647164,0.0,0.8771729587357331,0.47186147186147187
2021-08-28 14:30:00+00:00,0.2553817881788178,0.0,0.8561896400351185,0.4632034632034632
2021-08-28 14:45:00+00:00,0.26304192919291924,0.0,0.835206321334504,0.45454545454545453
2021-08-28 15:00:00+00:00,0.2707020702070207,0.0,0.8142230026338894,0.4458874458874459
2021-08-28 15:15:00+00:00,0.2774902490249025,0.0,0.7802677787532923,0.4495670995670995
2021-08-28 15:30:00+00:00,0.2842784278427843,0.0,0.7463125548726953,0.4532467532467532
2021-08-28 15:45:00+00:00,0.2910666066606661,0.0,0.7123573309920983,0.4569264069264069
2021-08-28 16:00:00+00:00,0.2978547854785479,0.0,0.6784021071115013,0.4606060606060606
2021-08-28 16:15:00+00:00,0.30536491149114914,0.0,0.6092844600526778,0.4595238095238095
2021-08-28 16:30:00+00:00,0.3128750375037504,0.0,0.5401668129938543,0.4584415584415584
2021-08-28 16:45:00+00:00,0.32038516351635166,0.0,0.47104916593503077,0.45735930735930735
2021-08-28 17:00:00+00:00,0.3278952895289529,0.0,0.4019315188762072,0.4562770562770563
2021-08-28 17:15:00+00:00,0.3309518451845185,0.0,0.333955223880597,0.4616883116883117
2021-08-28 17:30:00+00:00,0.334008400840084,0.0,0.2659789288849868,0.4670995670995671
2021-08-28 17:45:00+00:00,0.33706495649564955,0.0,0.1980026338893766,0.47251082251082255
2021-08-28 18:00:00+00:00,0.3401215121512151,0.0,0.1300263388937664,0.4779220779220779
2021-08-28 18:15:00+00:00,0.34167791779177914,0.0,0.11406935908691831,0.4896103896103896
2021-08-28 18:30:00+00:00,0.3432343234323431,0.0,0.0981123792800702,0.5012987012987012
2021-08-28 18:45:00+00:00,0.3447907290729072,0.0,0.0821553994732221,0.5129870129870129
2021-08-28 19:00:00+00:00,0.3463471347134713,0.0,0.066198419666374,0.5246753246753246
2021-08-28 19:15:00+00:00,0.3477722772277227,0.0,0.06472783143107985,0.5201298701298701
2021-08-28 19:30:00+00:00,0.3491974197419741,0.0,0.0632572431957857,0.5155844155844156
2021-08-28 19:45:00+00:00,0.35062256225622557,0.0,0.0617866549604916,0.511038961038961
2021-08-28 20:00:00+00:00,0.352047704770477,0.0,0.0603160667251975,0.5064935064935064
2021-08-28 20:15:00+00:00,0.34938493849384933,0.0,0.0601843722563652,0.5012987012987012
2021-08-28 20:30:00+00:00,0.3467221722172217,0.0,0.0600526777875329,0.496103896103896
2021-08-28 20:45:00+00:00,0.34405940594059403,0.0,0.0599209833187006,0.49090909090909085
2021-08-28 21:00:00+00:00,0.3413966396639664,0.0,0.0597892888498683,0.4857142857142857
2021-08-28 21:15:00+00:00,0.3360148514851485,0.0,0.0597892888498683,0.4757575757575757
2021-08-28 21:30:00+00:00,0.3306330633063306,0.0,0.0597892888498683,0.4658008658008657
2021-08-28 21:45:00+00:00,0.32525127512751273,0.0,0.0597892888498683,0.45584415584415583
2021-08-28 22:00:00+00:00,0.3198694869486949,0.0,0.0597892888498683,0.4458874458874459
2021-08-28 22:15:00+00:00,0.31484398439843986,0.0,0.0597892888498683,0.44025974025974024
2021-08-28 22:30:00+00:00,0.3098184818481848,0.0,0.0597892888498683,0.4346320346320346
2021-08-28 22:45:00+00:00,0.3047929792979298,0.0,0.0597892888498683,0.42900432900432894
2021-08-28 23:00:00+00:00,0.2997674767476748,0.0,0.0597892888498683,0.4233766233766233
2021-08-28 23:15:00+00:00,0.294498199819982,0.0,0.0581211589113257,0.42294372294372284
2021-08-28 23:30:00+00:00,0.2892289228922892,0.0,0.0564530289727831,0.4225108225108224
2021-08-28 23:45:00+00:00,0.28395964596459644,0.0,0.0547848990342405,0.422077922077922
2021-08-29 00:00:00+00:00,0.2786903690369037,0.0,0.0531167690956979,0.4216450216450216
2021-08-29 00:15:00+00:00,0.27195844584458445,0.0,0.0479148375768217,0.4214285714285714
2021-08-29 00:30:00+00:00,0.2652265226522652,0.0,0.0427129060579455,0.4212121212121211
2021-08-29 00:45:00+00:00,0.258494599459946,0.0,0.0375109745390693,0.4209956709956709
2021-08-29 01:00:00+00:00,0.2517626762676268,0.0,0.0323090430201931,0.4207792207792207
2021-08-29 01:15:00+00:00,0.2455464296429643,0.0,0.027743634767339702,0.42012987012987
2021-08-29 01:30:00+00:00,0.2393301830183018,0.0,0.0231782265144863,0.4194805194805194
2021-08-29 01:45:00+00:00,0.23311393639363936,0.0,0.01861281826163295,0.4188311688311688
2021-08-29 02:00:00+00:00,0.2268976897689769,0.0,0.0140474100087796,0.4181818181818181
2021-08-29 02:15:00+00:00,0.22415991599159915,0.0,0.013410886742756749,0.4207792207792207
2021-08-29 02:30:00+00:00,0.2214221422142214,0.0,0.0127743634767339,0.4233766233766233
2021-08-29 02:45:00+00:00,0.21868436843684363,0.0,0.0121378402107111,0.4259740259740259
2021-08-29 03:00:00+00:00,0.2159465946594659,0.0,0.0115013169446883,0.4285714285714285
2021-08-29 03:15:00+00:00,0.21223372337233715,0.0,0.011369622475855951,0.42900432900432894
2021-08-29 03:30:00+00:00,0.2085208520852084,0.0,0.0112379280070236,0.4294372294372294
2021-08-29 03:45:00+00:00,0.20480798079807977,0.0,0.0111062335381913,0.42987012987012985
2021-08-29 04:00:00+00:00,0.2010951095109511,0.0,0.010974539069359,0.4303030303030303
2021-08-29 04:15:00+00:00,0.19442881788178817,0.0,0.010952589991220299,0.4333333333333333
2021-08-29 04:30:00+00:00,0.1877625262526252,0.0,0.0109306409130816,0.4363636363636363
2021-08-29 04:45:00+00:00,0.1810962346234623,0.0,0.010908691834942901,0.43939393939393934
2021-08-29 05:00:00+00:00,0.1744299429942994,0.0,0.0108867427568042,0.4424242424242424
2021-08-29 05:15:00+00:00,0.16757613261326132,0.0,0.0339991220368744,0.446103896103896
2021-08-29 05:30:00+00:00,0.1607223222322232,0.0,0.0571115013169446,0.4497835497835497
2021-08-29 05:45:00+00:00,0.1538685118511851,0.0,0.08022388059701485,0.4534632034632034
2021-08-29 06:00:00+00:00,0.147014701470147,0.0,0.1033362598770851,0.4571428571428571
2021-08-29 06:15:00+00:00,0.13968271827182716,0.0,0.1681738366988586,0.461038961038961
2021-08-29 06:30:00+00:00,0.1323507350735073,0.0,0.2330114135206321,0.4649350649350649
2021-08-29 06:45:00+00:00,0.12501875187518746,0.0,0.2978489903424056,0.4688311688311688
2021-08-29 07:00:00+00:00,0.1176867686768676,0.0,0.3626865671641791,0.4727272727272727
2021-08-29 07:15:00+00:00,0.1147989798979897,0.0,0.42873134328358203,0.479004329004329
2021-08-29 07:30:00+00:00,0.1119111911191118,0.0,0.494776119402985,0.4852813852813852
2021-08-29 07:45:00+00:00,0.10902340234023394,0.0,0.560820895522388,0.49155844155844153
2021-08-29 08:00:00+00:00,0.1061356135613561,0.0,0.6268656716417911,0.4978354978354978
2021-08-29 08:15:00+00:00,0.10180393039303925,0.0,0.6772388059701493,0.4997835497835498
2021-08-29 08:30:00+00:00,0.0974722472247224,0.0,0.7276119402985075,0.5017316017316017
2021-08-29 08:45:00+00:00,0.09314056405640561,0.0,0.7779850746268657,0.5036796536796537
2021-08-29 09:00:00+00:00,0.0888088808880888,0.0,0.8283582089552238,0.5056277056277056
2021-08-29 09:15:00+00:00,0.08453345334533449,0.0,0.8488366988586479,0.4978354978354978
2021-08-29 09:30:00+00:00,0.0802580258025802,0.0,0.8693151887620719,0.49004329004329
2021-08-29 09:45:00+00:00,0.07598259825982595,0.0,0.889793678665496,0.4822510822510822
2021-08-29 10:00:00+00:00,0.0717071707170717,0.0,0.91027216856892,0.4744588744588744
2021-08-29 10:15:00+00:00,0.07026327632763274,0.0,0.9128841088674275,0.4688311688311688
2021-08-29 10:30:00+00:00,0.0688193819381938,0.0,0.915496049165935,0.4632034632034632
2021-08-29 10:45:00+00:00,0.06737548754875486,0.0,0.9181079894644425,0.4575757575757575
2021-08-29 11:00:00+00:00,0.0659315931593159,0.0,0.92071992976295,0.4519480519480519
2021-08-29 11:15:00+00:00,0.0669910741074107,0.0,0.9136084284460053,0.4519480519480519
2021-08-29 11:30:00+00:00,0.0680505550555055,0.0,0.9064969271290606,0.4519480519480519
2021-08-29 11:45:00+00:00,0.0691100360036003,0.0,0.8993854258121159,0.4519480519480519
2021-08-29 12:00:00+00:00,0.0701695169516951,0.0,0.8922739244951712,0.4519480519480519
2021-08-29 12:15:00+00:00,0.0729166666666666,0.0,0.8844381035996488,0.45519480519480515
2021-08-29 12:30:00+00:00,0.0756638163816381,0.0,0.8766022827041264,0.4584415584415584
2021-08-29 12:45:00+00:00,0.07841096609660961,0.0,0.8687664618086041,0.46168831168831165
2021-08-29 13:00:00+00:00,0.0811581158115811,0.0,0.8609306409130817,0.4649350649350649
2021-08-29 13:15:00+00:00,0.08386776177617755,0.0,0.8532045654082528,0.45974025974025967
2021-08-29 13:30:00+00:00,0.086577407740774,0.0,0.845478489903424,0.4545454545454545
2021-08-29 13:45:00+00:00,0.0892870537053705,0.0,0.8377524143985953,0.4493506493506493
2021-08-29 14:00:00+00:00,0.091996699669967,0.0,0.8300263388937664,0.4441558441558441
2021-08-29 14:15:00+00:00,0.0953814131413141,0.0,0.8152107111501317,0.44653679653679645
2021-08-29 14:30:00+00:00,0.0987661266126612,0.0,0.8003950834064969,0.4489177489177489
2021-08-29 14:45:00+00:00,0.10215084008400835,0.0,0.7855794556628621,0.4512987012987013
2021-08-29 15:00:00+00:00,0.1055355535553555,0.0,0.7707638279192274,0.4536796536796537
2021-08-29 15:15:00+00:00,0.1097547254725472,0.0,0.7404082528533802,0.45086580086580086
2021-08-29 15:30:00+00:00,0.1139738973897389,0.0,0.7100526777875329,0.448051948051948
2021-08-29 15:45:00+00:00,0.11819306930693066,0.0,0.6796971027216856,0.4452380952380952
2021-08-29 16:00:00+00:00,0.1224122412241224,0.0,0.6493415276558384,0.4424242424242424
2021-08-29 16:15:00+00:00,0.12733460846084604,0.0,0.5821334503950835,0.45129870129870125
2021-08-29 16:30:00+00:00,0.1322569756975697,0.0,0.5149253731343284,0.4601731601731601
2021-08-29 16:45:00+00:00,0.1371793429342934,0.0,0.44771729587357334,0.46904761904761905
2021-08-29 17:00:00+00:00,0.1421017101710171,0.0,0.3805092186128183,0.4779220779220779
2021-08-29 17:15:00+00:00,0.14738973897389734,0.0,0.31624231782265144,0.49069264069264074
2021-08-29 17:30:00+00:00,0.1526777677767776,0.0,0.2519754170324846,0.5034632034632035
2021-08-29 17:45:00+00:00,0.1579657965796579,0.0,0.1877085162423178,0.5162337662337663
2021-08-29 18:00:00+00:00,0.1632538253825382,0.0,0.123441615452151,0.529004329004329
2021-08-29 18:15:00+00:00,0.16688231323132305,0.0,0.10864793678665495,0.5331168831168831
2021-08-29 18:30:00+00:00,0.1705108010801079,0.0,0.0938542581211589,0.5372294372294373
2021-08-29 18:45:00+00:00,0.1741392889288928,0.0,0.07906057945566285,0.5413419913419913
2021-08-29 19:00:00+00:00,0.1777677767776777,0.0,0.0642669007901668,0.5454545454545454
2021-08-29 19:15:00+00:00,0.18211821182118204,0.0,0.06312554872695339,0.5344155844155843
2021-08-29 19:30:00+00:00,0.1864686468646864,0.0,0.06198419666374,0.5233766233766233
2021-08-29 19:45:00+00:00,0.19081908190819075,0.0,0.0608428446005267,0.5123376623376623
2021-08-29 20:00:00+00:00,0.1951695169516951,0.0,0.0597014925373134,0.5012987012987012
2021-08-29 20:15:00+00:00,0.1965290279027902,0.0,0.0588893766461808,0.5025974025974025
2021-08-29 20:30:00+00:00,0.1978885388538853,0.0,0.0580772607550482,0.5038961038961038
2021-08-29 20:45:00+00:00,0.19924804980498045,0.0,0.05726514486391565,0.5051948051948052
2021-08-29 21:00:00+00:00,0.2006075607560756,0.0,0.0564530289727831,0.5064935064935064
2021-08-29 21:15:00+00:00,0.19684780978097804,0.0,0.0553555750658472,0.495021645021645
2021-08-29 21:30:00+00:00,0.1930880588058805,0.0,0.0542581211589113,0.4835497835497835
2021-08-29 21:45:00+00:00,0.189328307830783,0.0,0.0531606672519754,0.47207792207792204
2021-08-29 22:00:00+00:00,0.1855685568556855,0.0,0.0520632133450395,0.4606060606060606
2021-08-29 22:15:00+00:00,0.18226822682268218,0.0,0.050175592625109705,0.4567099567099567
2021-08-29 22:30:00+00:00,0.1789678967896789,0.0,0.0482879719051799,0.4528138528138528
2021-08-29 22:45:00+00:00,0.1756675667566756,0.0,0.046400351185250155,0.4489177489177489
2021-08-29 23:00:00+00:00,0.1723672367236723,0.0,0.0445127304653204,0.445021645021645
2021-08-29 23:15:00+00:00,0.169845109510951,0.0,0.04130816505706755,0.4435064935064934
2021-08-29 23:30:00+00:00,0.1673229822982297,0.0,0.0381035996488147,0.4419913419913419
2021-08-29 23:45:00+00:00,0.16480085508550846,0.0,0.03489903424056185,0.44047619047619035
2021-08-30 00:00:00+00:00,0.1622787278727872,0.0,0.031694468832309,0.4389610389610389
2021-08-30 00:15:00+00:00,0.1592127962796279,0.0,0.029784899034240503,0.43939393939393934
2021-08-30 00:30:00+00:00,0.1561468646864686,0.0,0.027875329236172,0.4398268398268398
2021-08-30 00:45:00+00:00,0.1530809330933093,0.0,0.02596575943810355,0.44025974025974024
2021-08-30 01:00:00+00:00,0.15001500150015,0.0,0.0240561896400351,0.4406926406926407
2021-08-30 01:15:00+00:00,0.14653652865286526,0.0,0.02230026338893765,0.4409090909090909
2021-08-30 01:30:00+00:00,0.1430580558055805,0.0,0.0205443371378402,0.4411255411255411
2021-08-30 01:45:00+00:00,0.1395795829582958,0.0,0.01878841088674275,0.44134199134199126
2021-08-30 02:00:00+00:00,0.1361011101110111,0.0,0.0170324846356453,0.4415584415584415
2021-08-30 02:15:00+00:00,0.1333445844584458,0.0,0.0156277436347673,0.4443722943722943
2021-08-30 02:30:00+00:00,0.1305880588058805,0.0,0.0142230026338893,0.4471861471861471
2021-08-30 02:45:00+00:00,0.12783153315331525,0.0,0.012818261633011349,0.44999999999999996
2021-08-30 03:00:00+00:00,0.12507500750075,0.0,0.0114135206321334,0.4528138528138528
2021-08-30 03:15:00+00:00,0.12298417341734166,0.0,0.01040386303775235,0.45887445887445877
2021-08-30 03:30:00+00:00,0.1208933393339333,0.0,0.0093942054433713,0.4649350649350648
2021-08-30 03:45:00+00:00,0.11880250525052499,0.0,0.0083845478489903,0.4709956709956709
2021-08-30 04:00:00+00:00,0.1167116711671167,0.0,0.0073748902546093,0.477056277056277
2021-08-30 04:15:00+00:00,0.1144895739573957,0.0,0.00746268656716415,0.4859307359307359
2021-08-30 04:30:00+00:00,0.1122674767476747,0.0,0.007550482879719,0.4948051948051948
2021-08-30 04:45:00+00:00,0.11004537953795375,0.0,0.00763827919227385,0.5036796536796537
2021-08-30 05:00:00+00:00,0.1078232823282328,0.0,0.0077260755048287,0.5125541125541125
2021-08-30 05:15:00+00:00,0.10573244824482445,0.0,0.0286215978928884,0.5170995670995671
2021-08-30 05:30:00+00:00,0.1036416141614161,0.0,0.0495171202809481,0.5216450216450217
2021-08-30 05:45:00+00:00,0.10155078007800775,0.0,0.07041264266900785,0.5261904761904762
2021-08-30 06:00:00+00:00,0.0994599459945994,0.0,0.0913081650570676,0.5307359307359307
2021-08-30 06:15:00+00:00,0.09396564656465639,0.0,0.15899912203687439,0.535064935064935
2021-08-30 06:30:00+00:00,0.0884713471347134,0.0,0.2266900790166812,0.5393939393939393
2021-08-30 06:45:00+00:00,0.0829770477047704,0.0,0.2943810359964881,0.5437229437229436
2021-08-30 07:00:00+00:00,0.0774827482748274,0.0,0.362071992976295,0.548051948051948
2021-08-30 07:15:00+00:00,0.0737698769876987,0.0,0.43351624231782265,0.5495670995670996
2021-08-30 07:30:00+00:00,0.07005700570057,0.0,0.5049604916593503,0.5510822510822511
2021-08-30 07:45:00+00:00,0.0663441344134413,0.0,0.5764047410008779,0.5525974025974025
2021-08-30 08:00:00+00:00,0.0626312631263126,0.0,0.6478489903424056,0.5541125541125541
2021-08-30 08:15:00+00:00,0.06068106810681065,0.0,0.678972783143108,0.5536796536796538
2021-08-30 08:30:00+00:00,0.0587308730873087,0.0,0.7100965759438104,0.5532467532467533
2021-08-30 08:45:00+00:00,0.05678067806780675,0.0,0.7412203687445128,0.5528138528138529
2021-08-30 09:00:00+00:00,0.0548304830483048,0.0,0.7723441615452151,0.5523809523809524
2021-08-30 09:15:00+00:00,0.05379912991299125,0.0,0.7976733977172958,0.5512987012987013
2021-08-30 09:30:00+00:00,0.0527677767776777,0.0,0.8230026338893767,0.5502164502164502
2021-08-30 09:45:00+00:00,0.0517364236423642,0.0,0.8483318700614575,0.5491341991341991
2021-08-30 10:00:00+00:00,0.0507050705070507,0.0,0.8736611062335382,0.548051948051948
2021-08-30 10:15:00+00:00,0.05022689768976895,0.0,0.8852282704126426,0.5476190476190477
2021-08-30 10:30:00+00:00,0.0497487248724872,0.0,0.896795434591747,0.5471861471861472
2021-08-30 10:45:00+00:00,0.04927055205520545,0.0,0.9083625987708515,0.5467532467532468
2021-08-30 11:00:00+00:00,0.0487923792379237,0.0,0.919929762949956,0.5463203463203463
2021-08-30 11:15:00+00:00,0.050386288628862796,0.0,0.9193371378402106,0.5432900432900433
2021-08-30 11:30:00+00:00,0.0519801980198019,0.0,0.9187445127304652,0.5402597402597402
2021-08-30 11:45:00+00:00,0.053574107410741,0.0,0.9181518876207198,0.5372294372294373
2021-08-30 12:00:00+00:00,0.0551680168016801,0.0,0.9175592625109744,0.5341991341991342
2021-08-30 12:15:00+00:00,0.060109135913591245,0.0,0.9061237928007022,0.525974025974026
2021-08-30 12:30:00+00:00,0.0650502550255024,0.0,0.8946883230904301,0.5177489177489177
2021-08-30 12:45:00+00:00,0.06999137413741364,0.0,0.883252853380158,0.5095238095238095
2021-08-30 13:00:00+00:00,0.0749324932493249,0.0,0.8718173836698858,0.5012987012987012
2021-08-30 13:15:00+00:00,0.07866411641164109,0.0,0.8621817383669885,0.49761904761904757
2021-08-30 13:30:00+00:00,0.0823957395739573,0.0,0.8525460930640913,0.4939393939393939
2021-08-30 13:45:00+00:00,0.08612736273627354,0.0,0.8429104477611941,0.4902597402597402
2021-08-30 14:00:00+00:00,0.0898589858985898,0.0,0.8332748024582968,0.4865800865800865
2021-08-30 14:15:00+00:00,0.09120912091209116,0.0,0.814179104477612,0.485064935064935
2021-08-30 14:30:00+00:00,0.0925592559255925,0.0,0.7950834064969272,0.4835497835497835
2021-08-30 14:45:00+00:00,0.09390939093909384,0.0,0.7759877085162423,0.48203463203463204
2021-08-30 15:00:00+00:00,0.0952595259525952,0.0,0.7568920105355575,0.4805194805194805
2021-08-30 15:15:00+00:00,0.09988186318631855,0.0,0.726097453906936,0.48138528138528136
2021-08-30 15:30:00+00:00,0.1045042004200419,0.0,0.6953028972783144,0.4822510822510822
2021-08-30 15:45:00+00:00,0.10912653765376529,0.0,0.6645083406496928,0.48311688311688306
2021-08-30 16:00:00+00:00,0.1137488748874887,0.0,0.6337137840210711,0.4839826839826839
2021-08-30 16:15:00+00:00,0.1177336483648364,0.0,0.5714003511852502,0.49264069264069255
2021-08-30 16:30:00+00:00,0.1217184218421841,0.0,0.5090869183494293,0.5012987012987012
2021-08-30 16:45:00+00:00,0.1257031953195319,0.0,0.4467734855136084,0.5099567099567099
2021-08-30 17:00:00+00:00,0.1296879687968797,0.0,0.3844600526777875,0.5186147186147186
2021-08-30 17:15:00+00:00,0.13070994599459945,0.0,0.3198858647936786,0.5261904761904762
2021-08-30 17:30:00+00:00,0.1317319231923192,0.0,0.2553116769095697,0.5337662337662338
2021-08-30 17:45:00+00:00,0.13275390039003893,0.0,0.19073748902546084,0.5413419913419913
2021-08-30 18:00:00+00:00,0.1337758775877587,0.0,0.126163301141352,0.5489177489177489
2021-08-30 18:15:00+00:00,0.13161941194119403,0.0,0.1107111501316944,0.5487012987012987
2021-08-30 18:30:00+00:00,0.1294629462946294,0.0,0.0952589991220368,0.5484848484848485
2021-08-30 18:45:00+00:00,0.12730648064806477,0.0,0.0798068481123792,0.5482683982683982
2021-08-30 19:00:00+00:00,0.1251500150015001,0.0,0.0643546971027216,0.548051948051948
2021-08-30 19:15:00+00:00,0.12331233123312325,0.0,0.06266461808604029,0.5467532467532468
2021-08-30 19:30:00+00:00,0.1214746474647464,0.0,0.060974539069359,0.5454545454545454
2021-08-30 19:45:00+00:00,0.1196369636963696,0.0,0.0592844600526777,0.5441558441558441
2021-08-30 20:00:00+00:00,0.1177992799279928,0.0,0.0575943810359964,0.5428571428571428
2021-08-30 20:15:00+00:00,0.1162991299129913,0.0,0.0575724319578577,0.5352813852813852
2021-08-30 20:30:00+00:00,0.1147989798979898,0.0,0.057550482879719,0.5277056277056277
2021-08-30 20:45:00+00:00,0.11329882988298831,0.0,0.057528533801580295,0.5201298701298701
2021-08-30 21:00:00+00:00,0.1117986798679868,0.0,0.0575065847234416,0.5125541125541125
2021-08-30 21:15:00+00:00,0.10928592859285925,0.0,0.057396839332748,0.5093073593073593
2021-08-30 21:30:00+00:00,0.1067731773177317,0.0,0.0572870939420544,0.506060606060606
2021-08-30 21:45:00+00:00,0.1042604260426042,0.0,0.0571773485513608,0.5028138528138527
2021-08-30 22:00:00+00:00,0.1017476747674767,0.0,0.0570676031606672,0.4995670995670995
2021-08-30 22:15:00+00:00,0.10023814881488145,0.0,0.05704565408252845,0.4976190476190475
2021-08-30 22:30:00+00:00,0.0987286228622862,0.0,0.0570237050043897,0.4956709956709956
2021-08-30 22:45:00+00:00,0.09721909690969095,0.0,0.057001755926250994,0.4937229437229437
2021-08-30 23:00:00+00:00,0.0957095709570957,0.0,0.0569798068481123,0.4917748917748917
2021-08-30 23:15:00+00:00,0.09488448844884485,0.0,0.056628621597892795,0.49134199134199125
2021-08-30 23:30:00+00:00,0.094059405940594,0.0,0.0562774363476733,0.4909090909090908
2021-08-30 23:45:00+00:00,0.0932343234323432,0.0,0.05592625109745385,0.4904761904761904
2021-08-31 00:00:00+00:00,0.0924092409240924,0.0,0.0555750658472344,0.49004329004329
2021-08-31 00:15:00+00:00,0.0922873537353735,0.0,0.0531606672519754,0.4904761904761904
2021-08-31 00:30:00+00:00,0.0921654665466546,0.0,0.0507462686567164,0.4909090909090908
2021-08-31 00:45:00+00:00,0.09204357935793575,0.0,0.0483318700614574,0.49134199134199125
2021-08-31 01:00:00+00:00,0.0919216921692169,0.0,0.0459174714661984,0.4917748917748917
2021-08-31 01:15:00+00:00,0.09098409840984095,0.0,0.04264705882352935,0.4924242424242423
2021-08-31 01:30:00+00:00,0.090046504650465,0.0,0.0393766461808603,0.493073593073593
2021-08-31 01:45:00+00:00,0.08910891089108905,0.0,0.0361062335381913,0.4937229437229437
2021-08-31 02:00:00+00:00,0.0881713171317131,0.0,0.0328358208955223,0.4943722943722943
2021-08-31 02:15:00+00:00,0.0862117461746174,0.0,0.02954345917471455,0.49480519480519475
2021-08-31 02:30:00+00:00,0.0842521752175217,0.0,0.0262510974539068,0.4952380952380952
2021-08-31 02:45:00+00:00,0.082292604260426,0.0,0.0229587357330991,0.49567099567099565
2021-08-31 03:00:00+00:00,0.0803330333033303,0.0,0.0196663740122914,0.4961038961038961
2021-08-31 03:15:00+00:00,0.07768901890189014,0.0,0.0171641791044775,0.5064935064935064
2021-08-31 03:30:00+00:00,0.07504500450045,0.0,0.0146619841966636,0.5168831168831168
2021-08-31 03:45:00+00:00,0.07240099009900985,0.0,0.01215978928884975,0.5272727272727272
2021-08-31 04:00:00+00:00,0.0697569756975697,0.0,0.0096575943810359,0.5376623376623376
2021-08-31 04:15:00+00:00,0.0695038253825382,0.0,0.0099209833187005,0.5441558441558441
2021-08-31 04:30:00+00:00,0.0692506750675067,0.0,0.0101843722563651,0.5506493506493506
2021-08-31 04:45:00+00:00,0.0689975247524752,0.0,0.01044776119402975,0.557142857142857
2021-08-31 05:00:00+00:00,0.0687443744374437,0.0,0.0107111501316944,0.5636363636363636
2021-08-31 05:15:00+00:00,0.0686506150615061,0.0,0.030333625987708446,0.5660173160173161
2021-08-31 05:30:00+00:00,0.0685568556855685,0.0,0.0499561018437225,0.5683982683982685
2021-08-31 05:45:00+00:00,0.0684630963096309,0.0,0.06957857769973655,0.5707792207792208
2021-08-31 06:00:00+00:00,0.0683693369336933,0.0,0.0892010535557506,0.5731601731601732
2021-08-31 06:15:00+00:00,0.06653165316531645,0.0,0.15100965759438095,0.577922077922078
2021-08-31 06:30:00+00:00,0.0646939693969396,0.0,0.2128182616330113,0.5826839826839827
2021-08-31 06:45:00+00:00,0.0628562856285628,0.0,0.2746268656716417,0.5874458874458874
2021-08-31 07:00:00+00:00,0.061018601860186,0.0,0.3364354697102721,0.5922077922077922
2021-08-31 07:15:00+00:00,0.06219996999699965,0.0,0.3996488147497804,0.593939393939394
2021-08-31 07:30:00+00:00,0.0633813381338133,0.0,0.4628621597892888,0.5956709956709957
2021-08-31 07:45:00+00:00,0.064562706270627,0.0,0.5260755048287972,0.5974025974025974
2021-08-31 08:00:00+00:00,0.0657440744074407,0.0,0.5892888498683055,0.5991341991341992
2021-08-31 08:15:00+00:00,0.06452520252025196,0.0,0.6183274802458296,0.5896103896103897
2021-08-31 08:30:00+00:00,0.0633063306330632,0.0,0.6473661106233538,0.5800865800865801
2021-08-31 08:45:00+00:00,0.0620874587458745,0.0,0.676404741000878,0.5705627705627705
2021-08-31 09:00:00+00:00,0.0608685868586858,0.0,0.7054433713784021,0.561038961038961
2021-08-31 09:15:00+00:00,0.0627719021902189,0.0,0.7229367866549605,0.5582251082251082
2021-08-31 09:30:00+00:00,0.064675217521752,0.0,0.7404302019315189,0.5554112554112554
2021-08-31 09:45:00+00:00,0.06657853285328519,0.0,0.7579236172080772,0.5525974025974025
2021-08-31 10:00:00+00:00,0.0684818481848184,0.0,0.7754170324846357,0.5497835497835498
2021-08-31 10:15:00+00:00,0.07204470447044695,0.0,0.7838893766461809,0.5497835497835498
2021-08-31 10:30:00+00:00,0.0756075607560755,0.0,0.792361720807726,0.5497835497835498
2021-08-31 10:45:00+00:00,0.0791704170417041,0.0,0.8008340649692713,0.5497835497835498
2021-08-31 11:00:00+00:00,0.0827332733273327,0.0,0.8093064091308165,0.5497835497835498
2021-08-31 11:15:00+00:00,0.0865117761776177,0.0,0.8146839332748025,0.5497835497835498
2021-08-31 11:30:00+00:00,0.0902902790279027,0.0,0.8200614574187884,0.5497835497835498
2021-08-31 11:45:00+00:00,0.09406878187818775,0.0,0.8254389815627744,0.5497835497835498
2021-08-31 12:00:00+00:00,0.0978472847284728,0.0,0.8308165057067604,0.5497835497835498
2021-08-31 12:15:00+00:00,0.10173829882988296,0.0,0.8188323090430203,0.5432900432900434
2021-08-31 12:30:00+00:00,0.1056293129312931,0.0,0.8068481123792801,0.5367965367965368
2021-08-31 12:45:00+00:00,0.10952032703270326,0.0,0.7948639157155399,0.5303030303030304
2021-08-31 13:00:00+00:00,0.1134113411341134,0.0,0.7828797190517999,0.5238095238095238
2021-08-31 13:15:00+00:00,0.1192431743174317,0.0,0.7679543459174715,0.5201298701298701
2021-08-31 13:30:00+00:00,0.12507500750075,0.0,0.7530289727831432,0.5164502164502164
2021-08-31 13:45:00+00:00,0.13090684068406835,0.0,0.7381035996488148,0.5127705627705628
2021-08-31 14:00:00+00:00,0.1367386738673867,0.0,0.7231782265144864,0.509090909090909
2021-08-31 14:15:00+00:00,0.14152040204020394,0.0,0.6982221246707638,0.508008658008658
2021-08-31 14:30:00+00:00,0.1463021302130212,0.0,0.6732660228270413,0.5069264069264069
2021-08-31 14:45:00+00:00,0.1510838583858385,0.0,0.6483099209833187,0.5058441558441558
2021-08-31 15:00:00+00:00,0.1558655865586558,0.0,0.6233538191395961,0.5047619047619047
2021-08-31 15:15:00+00:00,0.16250375037503745,0.0,0.5841747146619842,0.5127705627705628
2021-08-31 15:30:00+00:00,0.1691419141914191,0.0,0.5449956101843723,0.5207792207792208
2021-08-31 15:45:00+00:00,0.17578007800780077,0.0,0.5058165057067603,0.5287878787878788
2021-08-31 16:00:00+00:00,0.1824182418241824,0.0,0.4666374012291484,0.5367965367965368
2021-08-31 16:15:00+00:00,0.1899096159615961,0.0,0.40770412642669,0.5463203463203463
2021-08-31 16:30:00+00:00,0.1974009900990098,0.0,0.3487708516242317,0.5558441558441558
2021-08-31 16:45:00+00:00,0.2048923642364236,0.0,0.28983757682177347,0.5653679653679653
2021-08-31 17:00:00+00:00,0.2123837383738374,0.0,0.2309043020193152,0.5748917748917749
2021-08-31 17:15:00+00:00,0.21485898589858984,0.0,0.19102282704126425,0.5844155844155845
2021-08-31 17:30:00+00:00,0.2173342334233423,0.0,0.1511413520632133,0.593939393939394
2021-08-31 17:45:00+00:00,0.21980948094809474,0.0,0.1112598770851624,0.6034632034632035
2021-08-31 18:00:00+00:00,0.2222847284728472,0.0,0.0713784021071115,0.612987012987013
2021-08-31 18:15:00+00:00,0.22674767476747665,0.0,0.0627304653204565,0.608008658008658
2021-08-31 18:30:00+00:00,0.2312106210621061,0.0,0.0540825285338015,0.603030303030303
2021-08-31 18:45:00+00:00,0.2356735673567356,0.0,0.04543459174714655,0.5980519480519481
2021-08-31 19:00:00+00:00,0.2401365136513651,0.0,0.0367866549604916,0.5930735930735931
2021-08-31 19:15:00+00:00,0.23703307830783077,0.0,0.034152765583845404,0.5911255411255412
2021-08-31 19:30:00+00:00,0.2339296429642964,0.0,0.0315188762071992,0.5891774891774892
2021-08-31 19:45:00+00:00,0.23082620762076206,0.0,0.02888498683055305,0.5872294372294373
2021-08-31 20:00:00+00:00,0.2277227722772277,0.0,0.0262510974539069,0.5852813852813853
2021-08-31 20:15:00+00:00,0.22988861386138604,0.0,0.0224539069359086,0.5820346320346321
2021-08-31 20:30:00+00:00,0.2320544554455444,0.0,0.0186567164179103,0.5787878787878789
2021-08-31 20:45:00+00:00,0.23422029702970285,0.0,0.0148595258999121,0.5755411255411256
2021-08-31 21:00:00+00:00,0.2363861386138613,0.0,0.0110623353819139,0.5722943722943723
2021-08-31 21:15:00+00:00,0.2387301230123011,0.0,0.00972344161545205,0.5556277056277057
2021-08-31 21:30:00+00:00,0.2410741074107409,0.0,0.0083845478489902,0.538961038961039
2021-08-31 21:45:00+00:00,0.24341809180918078,0.0,0.0070456540825284495,0.5222943722943723
2021-08-31 22:00:00+00:00,0.2457620762076207,0.0,0.0057067603160667,0.5056277056277056
2021-08-31 22:15:00+00:00,0.2462214971497149,0.0,0.0056409130816505,0.501082251082251
2021-08-31 22:30:00+00:00,0.2466809180918091,0.0,0.0055750658472343,0.4965367965367965
2021-08-31 22:45:00+00:00,0.24714033903390334,0.0,0.0055092186128182005,0.491991341991342
2021-08-31 23:00:00+00:00,0.2475997599759976,0.0,0.0054433713784021,0.4874458874458874
2021-08-31 23:15:00+00:00,0.24571519651965193,0.0,0.00542142230026335,0.4846320346320345
2021-08-31 23:30:00+00:00,0.2438306330633063,0.0,0.0053994732221246,0.4818181818181817
2021-08-31 23:45:00+00:00,0.24194606960696063,0.0,0.0053775241439858994,0.4790043290043289
2021-09-01 00:00:00+00:00,0.240061506150615,0.0,0.0053555750658472,0.4761904761904761
2021-09-01 00:15:00+00:00,0.2327482748274827,0.0,0.0053775241439858994,0.4755411255411255
2021-09-01 00:30:00+00:00,0.2254350435043504,0.0,0.0053994732221246,0.4748917748917748
2021-09-01 00:45:00+00:00,0.2181218121812181,0.0,0.00542142230026335,0.47424242424242413
2021-09-01 01:00:00+00:00,0.2108085808580858,0.0,0.0054433713784021,0.4735930735930735
2021-09-01 01:15:00+00:00,0.2036734923492349,0.0,0.0054433713784021,0.47164502164502153
2021-09-01 01:30:00+00:00,0.196538403840384,0.0,0.0054433713784021,0.4696969696969696
2021-09-01 01:45:00+00:00,0.18940331533153312,0.0,0.0054433713784021,0.4677489177489177
2021-09-01 02:00:00+00:00,0.1822682268226822,0.0,0.0054433713784021,0.4658008658008658
2021-09-01 02:15:00+00:00,0.17907103210321024,0.0,0.0054433713784021,0.4651515151515152
2021-09-01 02:30:00+00:00,0.1758738373837383,0.0,0.0054433713784021,0.4645021645021645
2021-09-01 02:45:00+00:00,0.17267664266426636,0.0,0.0054433713784021,0.46385281385281385
2021-09-01 03:00:00+00:00,0.1694794479447944,0.0,0.0054433713784021,0.4632034632034632
2021-09-01 03:15:00+00:00,0.1669385688568856,0.0,0.0054433713784021,0.4686147186147186
2021-09-01 03:30:00+00:00,0.1643976897689768,0.0,0.0054433713784021,0.474025974025974
2021-09-01 03:45:00+00:00,0.16185681068106805,0.0,0.0054433713784021,0.47943722943722944
2021-09-01 04:00:00+00:00,0.1593159315931593,0.0,0.0054433713784021,0.4848484848484848
2021-09-01 04:15:00+00:00,0.15797517251725168,0.0,0.0054433713784021,0.4958874458874458
2021-09-01 04:30:00+00:00,0.1566344134413441,0.0,0.0054433713784021,0.5069264069264069
2021-09-01 04:45:00+00:00,0.15529365436543652,0.0,0.0054433713784021,0.517965367965368
2021-09-01 05:00:00+00:00,0.1539528952895289,0.0,0.0054433713784021,0.529004329004329
2021-09-01 05:15:00+00:00,0.15048379837983789,0.0,0.016966637401229098,0.5363636363636364
2021-09-01 05:30:00+00:00,0.1470147014701469,0.0,0.0284899034240561,0.5437229437229437
2021-09-01 05:45:00+00:00,0.14354560456045595,0.0,0.04001316944688315,0.5510822510822511
2021-09-01 06:00:00+00:00,0.140076507650765,0.0,0.0515364354697102,0.5584415584415584
2021-09-01 06:15:00+00:00,0.13557605760576044,0.0,0.09203248463564526,0.5577922077922077
2021-09-01 06:30:00+00:00,0.1310756075607559,0.0,0.1325285338015803,0.5571428571428572
2021-09-01 06:45:00+00:00,0.12657515751575144,0.0,0.17302458296751536,0.5564935064935065
2021-09-01 07:00:00+00:00,0.122074707470747,0.0,0.2135206321334504,0.5558441558441558
2021-09-01 07:15:00+00:00,0.11398327332733266,0.0,0.26648375768217736,0.5448051948051947
2021-09-01 07:30:00+00:00,0.1058918391839183,0.0,0.3194468832309043,0.5337662337662337
2021-09-01 07:45:00+00:00,0.097800405040504,0.0,0.37241000877963126,0.5227272727272727
2021-09-01 08:00:00+00:00,0.0897089708970897,0.0,0.4253731343283582,0.5116883116883116
2021-09-01 08:15:00+00:00,0.08929642964296425,0.0,0.444161545215101,0.5147186147186147
2021-09-01 08:30:00+00:00,0.0888838883888388,0.0,0.4629499561018437,0.5177489177489177
2021-09-01 08:45:00+00:00,0.0884713471347134,0.0,0.4817383669885865,0.5207792207792208
2021-09-01 09:00:00+00:00,0.088058805880588,0.0,0.5005267778753293,0.5238095238095238
2021-09-01 09:15:00+00:00,0.08788066306630654,0.0,0.4976294995610185,0.5225108225108226
2021-09-01 09:30:00+00:00,0.0877025202520251,0.0,0.4947322212467077,0.5212121212121212
2021-09-01 09:45:00+00:00,0.0875243774377437,0.0,0.4918349429323968,0.5199134199134199
2021-09-01 10:00:00+00:00,0.0873462346234623,0.0,0.488937664618086,0.5186147186147186
2021-09-01 10:15:00+00:00,0.08760876087608754,0.0,0.4902326602282704,0.5218614718614718
2021-09-01 10:30:00+00:00,0.0878712871287128,0.0,0.4915276558384547,0.5251082251082251
2021-09-01 10:45:00+00:00,0.0881338133813381,0.0,0.4928226514486391,0.5283549783549784
2021-09-01 11:00:00+00:00,0.0883963396339634,0.0,0.4941176470588235,0.5316017316017316
2021-09-01 11:15:00+00:00,0.08946519651965196,0.0,0.4974978050921861,0.5428571428571429
2021-09-01 11:30:00+00:00,0.0905340534053405,0.0,0.5008779631255487,0.5541125541125541
2021-09-01 11:45:00+00:00,0.09160291029102904,0.0,0.5042581211589112,0.5653679653679653
2021-09-01 12:00:00+00:00,0.0926717671767176,0.0,0.5076382791922739,0.5766233766233766
2021-09-01 12:15:00+00:00,0.09446257125712565,0.0,0.4984635645302896,0.5731601731601732
2021-09-01 12:30:00+00:00,0.0962533753375337,0.0,0.4892888498683054,0.5696969696969697
2021-09-01 12:45:00+00:00,0.09804417941794175,0.0,0.48011413520632124,0.5662337662337662
2021-09-01 13:00:00+00:00,0.0998349834983498,0.0,0.4709394205443371,0.5627705627705628
2021-09-01 13:15:00+00:00,0.10881713171317126,0.0,0.4550263388937664,0.5593073593073593
2021-09-01 13:30:00+00:00,0.1177992799279927,0.0,0.4391132572431957,0.5558441558441558
2021-09-01 13:45:00+00:00,0.1267814281428142,0.0,0.42320017559262507,0.5523809523809524
2021-09-01 14:00:00+00:00,0.1357635763576357,0.0,0.4072870939420544,0.5489177489177489
2021-09-01 14:15:00+00:00,0.14240174017401735,0.0,0.4013169446883231,0.5573593073593073
2021-09-01 14:30:00+00:00,0.149039903990399,0.0,0.3953467954345917,0.5658008658008657
2021-09-01 14:45:00+00:00,0.15567806780678065,0.0,0.38937664618086043,0.5742424242424242
2021-09-01 15:00:00+00:00,0.1623162316231623,0.0,0.3834064969271291,0.5826839826839827
2021-09-01 15:15:00+00:00,0.16998574857485746,0.0,0.3617427568042142,0.5774891774891775
2021-09-01 15:30:00+00:00,0.1776552655265526,0.0,0.3400790166812993,0.5722943722943723
2021-09-01 15:45:00+00:00,0.1853247824782478,0.0,0.31841527655838453,0.5670995670995671
2021-09-01 16:00:00+00:00,0.192994299429943,0.0,0.2967515364354697,0.5619047619047619
2021-09-01 16:15:00+00:00,0.20257650765076507,0.0,0.2671202809482001,0.5625541125541126
2021-09-01 16:30:00+00:00,0.2121587158715871,0.0,0.2374890254609306,0.5632034632034633
2021-09-01 16:45:00+00:00,0.2217409240924092,0.0,0.20785776997366107,0.5638528138528138
2021-09-01 17:00:00+00:00,0.2313231323132313,0.0,0.1782265144863915,0.5645021645021645
2021-09-01 17:15:00+00:00,0.22773214821482143,0.0,0.1455223880597014,0.5787878787878789
2021-09-01 17:30:00+00:00,0.2241411641164116,0.0,0.1128182616330113,0.5930735930735931
2021-09-01 17:45:00+00:00,0.22055018001800175,0.0,0.08011413520632125,0.6073593073593073
2021-09-01 18:00:00+00:00,0.2169591959195919,0.0,0.0474100087796312,0.6216450216450217
2021-09-01 18:15:00+00:00,0.21290879087908784,0.0,0.0396839332748024,0.6177489177489177
2021-09-01 18:30:00+00:00,0.2088583858385838,0.0,0.0319578577699736,0.6138528138528139
2021-09-01 18:45:00+00:00,0.20480798079807974,0.0,0.0242317822651448,0.60995670995671
2021-09-01 19:00:00+00:00,0.2007575757575757,0.0,0.016505706760316,0.6060606060606061
2021-09-01 19:15:00+00:00,0.19492574257425735,0.0,0.015035118525021849,0.6051948051948053
2021-09-01 19:30:00+00:00,0.189093909390939,0.0,0.0135645302897277,0.6043290043290044
2021-09-01 19:45:00+00:00,0.1832620762076207,0.0,0.0120939420544336,0.6034632034632035
2021-09-01 20:00:00+00:00,0.1774302430243024,0.0,0.0106233538191395,0.6025974025974026
2021-09-01 20:15:00+00:00,0.17397989798979896,0.0,0.01042581211589105,0.5924242424242424
2021-09-01 20:30:00+00:00,0.1705295529552955,0.0,0.0102282704126426,0.5822510822510822
2021-09-01 20:45:00+00:00,0.16707920792079206,0.0,0.01003072870939415,0.5720779220779221
2021-09-01 21:00:00+00:00,0.1636288628862886,0.0,0.0098331870061457,0.5619047619047619
2021-09-01 21:15:00+00:00,0.15841584158415836,0.0,0.0089771729587357,0.5556277056277057
2021-09-01 21:30:00+00:00,0.1532028202820281,0.0,0.0081211589113257,0.5493506493506494
2021-09-01 21:45:00+00:00,0.1479897989798979,0.0,0.0072651448639157006,0.543073593073593
2021-09-01 22:00:00+00:00,0.1427767776777677,0.0,0.0064091308165057,0.5367965367965368
2021-09-01 22:15:00+00:00,0.13217259225922584,0.0,0.00590430201931515,0.5396103896103897
2021-09-01 22:30:00+00:00,0.121568406840684,0.0,0.0053994732221246,0.5424242424242425
2021-09-01 22:45:00+00:00,0.11096422142214216,0.0,0.0048946444249341,0.5452380952380953
2021-09-01 23:00:00+00:00,0.1003600360036003,0.0,0.0043898156277436,0.548051948051948
2021-09-01 23:15:00+00:00,0.0948469846984698,0.0,0.00458735733099205,0.543073593073593
2021-09-01 23:30:00+00:00,0.0893339333933393,0.0,0.0047848990342405,0.5380952380952381
2021-09-01 23:45:00+00:00,0.0838208820882088,0.0,0.0049824407374889496,0.5331168831168831
2021-09-02 00:00:00+00:00,0.0783078307830783,0.0,0.0051799824407374,0.5281385281385281
2021-09-02 00:15:00+00:00,0.077032703270327,0.0,0.0052019315188761,0.5233766233766233
2021-09-02 00:30:00+00:00,0.0757575757575757,0.0,0.0052238805970148,0.5186147186147185
2021-09-02 00:45:00+00:00,0.07448244824482445,0.0,0.00524582967515355,0.5138528138528138
2021-09-02 01:00:00+00:00,0.0732073207320732,0.0,0.0052677787532923,0.509090909090909
2021-09-02 01:15:00+00:00,0.06938193819381935,0.0,0.00524582967515355,0.5099567099567099
2021-09-02 01:30:00+00:00,0.0655565556555655,0.0,0.0052238805970148,0.5108225108225108
2021-09-02 01:45:00+00:00,0.061731173117311695,0.0,0.0052019315188761,0.5116883116883117
2021-09-02 02:00:00+00:00,0.0579057905790579,0.0,0.0051799824407374,0.5125541125541125
2021-09-02 02:15:00+00:00,0.05625562556255625,0.0,0.0052019315188761,0.5101731601731602
2021-09-02 02:30:00+00:00,0.0546054605460546,0.0,0.0052238805970148,0.5077922077922078
2021-09-02 02:45:00+00:00,0.05295529552955295,0.0,0.00524582967515355,0.5054112554112554
2021-09-02 03:00:00+00:00,0.0513051305130513,0.0,0.0052677787532923,0.503030303030303
2021-09-02 03:15:00+00:00,0.049617461746174596,0.0,0.00524582967515355,0.5075757575757576
2021-09-02 03:30:00+00:00,0.0479297929792979,0.0,0.0052238805970148,0.5121212121212122
2021-09-02 03:45:00+00:00,0.046242124212421194,0.0,0.0052019315188761,0.5166666666666667
2021-09-02 04:00:00+00:00,0.0445544554455445,0.0,0.0051799824407374,0.5212121212121212
2021-09-02 04:15:00+00:00,0.0422385988598859,0.0,0.00524582967515355,0.5268398268398269
2021-09-02 04:30:00+00:00,0.0399227422742273,0.0,0.0053116769095697,0.5324675324675325
2021-09-02 04:45:00+00:00,0.03760688568856875,0.0,0.0053775241439859,0.5380952380952382
2021-09-02 05:00:00+00:00,0.0352910291029102,0.0,0.0054433713784021,0.5437229437229437
2021-09-02 05:15:00+00:00,0.03426905190519045,0.0,0.0210491659350307,0.5463203463203463
2021-09-02 05:30:00+00:00,0.0332470747074707,0.0,0.0366549604916593,0.5489177489177489
2021-09-02 05:45:00+00:00,0.03222509750975095,0.0,0.0522607550482879,0.5515151515151515
2021-09-02 06:00:00+00:00,0.0312031203120312,0.0,0.0678665496049165,0.5541125541125541
2021-09-02 06:15:00+00:00,0.02943106810681065,0.0,0.12675592625109736,0.553030303030303
2021-09-02 06:30:00+00:00,0.0276590159015901,0.0,0.1856453028972782,0.551948051948052
2021-09-02 06:45:00+00:00,0.0258869636963696,0.0,0.24453467954345912,0.550865800865801
2021-09-02 07:00:00+00:00,0.0241149114911491,0.0,0.30342405618964,0.5497835497835498
2021-09-02 07:15:00+00:00,0.0238336333633363,0.0,0.36898595258999123,0.5497835497835498
2021-09-02 07:30:00+00:00,0.0235523552355235,0.0,0.4345478489903424,0.5497835497835498
2021-09-02 07:45:00+00:00,0.023271077107710703,0.0,0.5001097453906935,0.5497835497835498
2021-09-02 08:00:00+00:00,0.0229897989798979,0.0,0.5656716417910448,0.5497835497835498
2021-09-02 08:15:00+00:00,0.0228022802280227,0.0,0.6192273924495172,0.5525974025974025
2021-09-02 08:30:00+00:00,0.0226147614761475,0.0,0.6727831431079895,0.5554112554112554
2021-09-02 08:45:00+00:00,0.02242724272427235,0.0,0.7263388937664619,0.5582251082251082
2021-09-02 09:00:00+00:00,0.0222397239723972,0.0,0.7798946444249342,0.561038961038961
2021-09-02 09:15:00+00:00,0.0231398139813981,0.0,0.7973002633889377,0.5567099567099567
2021-09-02 09:30:00+00:00,0.024039903990399,0.0,0.8147058823529412,0.5523809523809524
2021-09-02 09:45:00+00:00,0.0249399939993999,0.0,0.8321115013169447,0.5480519480519481
2021-09-02 10:00:00+00:00,0.0258400840084008,0.0,0.8495171202809482,0.5437229437229437
2021-09-02 10:15:00+00:00,0.02850285028502845,0.0,0.8482001755926251,0.543939393939394
2021-09-02 10:30:00+00:00,0.0311656165616561,0.0,0.846883230904302,0.5441558441558442
2021-09-02 10:45:00+00:00,0.03382838283828375,0.0,0.845566286215979,0.5443722943722944
2021-09-02 11:00:00+00:00,0.0364911491149114,0.0,0.8442493415276558,0.5445887445887446
2021-09-02 11:15:00+00:00,0.03749437443744365,0.0,0.8400790166812995,0.5463203463203463
2021-09-02 11:30:00+00:00,0.0384975997599759,0.0,0.835908691834943,0.5480519480519481
2021-09-02 11:45:00+00:00,0.0395008250825082,0.0,0.8317383669885865,0.5497835497835498
2021-09-02 12:00:00+00:00,0.0405040504050405,0.0,0.82756804214223,0.5515151515151515
2021-09-02 12:15:00+00:00,0.04233235823582355,0.0,0.816198419666374,0.5456709956709956
2021-09-02 12:30:00+00:00,0.0441606660666066,0.0,0.8048287971905179,0.5398268398268398
2021-09-02 12:45:00+00:00,0.04598897389738971,0.0,0.793459174714662,0.533982683982684
2021-09-02 13:00:00+00:00,0.0478172817281728,0.0,0.7820895522388059,0.5281385281385281
2021-09-02 13:15:00+00:00,0.04910178517851781,0.0,0.7729148375768218,0.5292207792207793
2021-09-02 13:30:00+00:00,0.0503862886288628,0.0,0.7637401229148375,0.5303030303030303
2021-09-02 13:45:00+00:00,0.051670792079207856,0.0,0.7545654082528533,0.5313852813852813
2021-09-02 14:00:00+00:00,0.0529552955295529,0.0,0.7453906935908692,0.5324675324675324
2021-09-02 14:15:00+00:00,0.05468984398439835,0.0,0.7171422300263389,0.5432900432900433
2021-09-02 14:30:00+00:00,0.0564243924392438,0.0,0.6888937664618087,0.5541125541125541
2021-09-02 14:45:00+00:00,0.058158940894089295,0.0,0.6606453028972783,0.564935064935065
2021-09-02 15:00:00+00:00,0.0598934893489348,0.0,0.632396839332748,0.5757575757575758
2021-09-02 15:15:00+00:00,0.060849834983498254,0.0,0.6079236172080773,0.5670995670995671
2021-09-02 15:30:00+00:00,0.0618061806180617,0.0,0.5834503950834065,0.5584415584415585
2021-09-02 15:45:00+00:00,0.0627625262526252,0.0,0.5589771729587357,0.5497835497835498
2021-09-02 16:00:00+00:00,0.0637188718871887,0.0,0.534503950834065,0.5411255411255411
2021-09-02 16:15:00+00:00,0.06024039903990395,0.0,0.4854477611940299,0.5476190476190476
2021-09-02 16:30:00+00:00,0.0567619261926192,0.0,0.4363915715539948,0.5541125541125541
2021-09-02 16:45:00+00:00,0.0532834533453345,0.0,0.38733538191395966,0.5606060606060606
2021-09-02 17:00:00+00:00,0.0498049804980498,0.0,0.3382791922739245,0.5670995670995671
2021-09-02 17:15:00+00:00,0.0472828532853285,0.0,0.28000438981562775,0.5733766233766233
2021-09-02 17:30:00+00:00,0.0447607260726072,0.0,0.221729587357331,0.5796536796536796
2021-09-02 17:45:00+00:00,0.04223859885988595,0.0,0.16345478489903426,0.585930735930736
2021-09-02 18:00:00+00:00,0.0397164716471647,0.0,0.1051799824407375,0.5922077922077922
2021-09-02 18:15:00+00:00,0.0388257575757575,0.0,0.0935250219490781,0.5963203463203464
2021-09-02 18:30:00+00:00,0.0379350435043503,0.0,0.0818700614574187,0.6004329004329004
2021-09-02 18:45:00+00:00,0.037044329432943196,0.0,0.07021510096575935,0.6045454545454545
2021-09-02 19:00:00+00:00,0.0361536153615361,0.0,0.0585601404741,0.6086580086580087
2021-09-02 19:15:00+00:00,0.036575532553255255,0.0,0.05717734855136075,0.6060606060606061
2021-09-02 19:30:00+00:00,0.0369974497449744,0.0,0.0557945566286215,0.6034632034632035
2021-09-02 19:45:00+00:00,0.0374193669366936,0.0,0.0544117647058823,0.6008658008658009
2021-09-02 20:00:00+00:00,0.0378412841284128,0.0,0.0530289727831431,0.5982683982683983
2021-09-02 20:15:00+00:00,0.03627550255025495,0.0,0.0511194029850746,0.5919913419913421
2021-09-02 20:30:00+00:00,0.0347097209720971,0.0,0.0492098331870061,0.5857142857142857
2021-09-02 20:45:00+00:00,0.033143939393939295,0.0,0.0473002633889376,0.5794372294372294
2021-09-02 21:00:00+00:00,0.0315781578157815,0.0,0.0453906935908691,0.5731601731601732
2021-09-02 21:15:00+00:00,0.0310812331233122,0.0,0.04328358208955215,0.5660173160173161
2021-09-02 21:30:00+00:00,0.0305843084308429,0.0,0.0411764705882352,0.558874458874459
2021-09-02 21:45:00+00:00,0.030087383738373698,0.0,0.039069359086918304,0.5517316017316019
2021-09-02 22:00:00+00:00,0.0295904590459045,0.0,0.0369622475856014,0.5445887445887446
2021-09-02 22:15:00+00:00,0.0299561206120611,0.0,0.0357989464442493,0.5294372294372294
2021-09-02 22:30:00+00:00,0.0303217821782177,0.0,0.0346356453028972,0.5142857142857142
2021-09-02 22:45:00+00:00,0.03068744374437435,0.0,0.03347234416154515,0.4991341991341991
2021-09-02 23:00:00+00:00,0.031053105310531,0.0,0.0323090430201931,0.4839826839826839
2021-09-02 23:15:00+00:00,0.0316719171917191,0.0,0.03143107989464435,0.48290043290043283
2021-09-02 23:30:00+00:00,0.0322907290729072,0.0,0.0305531167690956,0.4818181818181817
2021-09-02 23:45:00+00:00,0.032909540954095345,0.0,0.0296751536435469,0.4807359307359307
2021-09-03 00:00:00+00:00,0.0335283528352835,0.0,0.0287971905179982,0.4796536796536796
2021-09-03 00:15:00+00:00,0.0326938943894389,0.0,0.027063213345039448,0.4820346320346319
2021-09-03 00:30:00+00:00,0.0318594359435943,0.0,0.0253292361720807,0.4844155844155843
2021-09-03 00:45:00+00:00,0.0310249774977497,0.0,0.023595258999122,0.48679653679653667
2021-09-03 01:00:00+00:00,0.0301905190519051,0.0,0.0218612818261633,0.4891774891774891
2021-09-03 01:15:00+00:00,0.03043429342934285,0.0,0.0196883230904302,0.4911255411255411
2021-09-03 01:30:00+00:00,0.0306780678067806,0.0,0.0175153643546971,0.493073593073593
2021-09-03 01:45:00+00:00,0.03092184218421835,0.0,0.015342405618964,0.4950216450216449
2021-09-03 02:00:00+00:00,0.0311656165616561,0.0,0.0131694468832309,0.4969696969696969
2021-09-03 02:15:00+00:00,0.030293654365436448,0.0,0.0125109745390693,0.49783549783549774
2021-09-03 02:30:00+00:00,0.0294216921692168,0.0,0.0118525021949077,0.4987012987012986
2021-09-03 02:45:00+00:00,0.0285497299729972,0.0,0.0111940298507462,0.49956709956709955
2021-09-03 03:00:00+00:00,0.0276777677767776,0.0,0.0105355575065847,0.5004329004329005
2021-09-03 03:15:00+00:00,0.026843309330933,0.0,0.0092186128182616,0.5119047619047619
2021-09-03 03:30:00+00:00,0.0260088508850884,0.0,0.0079016681299385,0.5233766233766234
2021-09-03 03:45:00+00:00,0.02517439243924385,0.0,0.006584723441615399,0.5348484848484849
2021-09-03 04:00:00+00:00,0.0243399339933993,0.0,0.0052677787532923,0.5463203463203463
2021-09-03 04:15:00+00:00,0.0245180768076807,0.0,0.00522388059701485,0.5564935064935065
2021-09-03 04:30:00+00:00,0.0246962196219621,0.0,0.0051799824407374,0.5666666666666667
2021-09-03 04:45:00+00:00,0.02487436243624355,0.0,0.00513608428446,0.5768398268398268
2021-09-03 05:00:00+00:00,0.025052505250525,0.0,0.0050921861281826,0.587012987012987
2021-09-03 05:15:00+00:00,0.02388051305130505,0.0,0.02401229148375765,0.5980519480519481
2021-09-03 05:30:00+00:00,0.0227085208520851,0.0,0.0429323968393327,0.6090909090909091
2021-09-03 05:45:00+00:00,0.0215365286528652,0.0,0.061852502194907746,0.6201298701298701
2021-09-03 06:00:00+00:00,0.0203645364536453,0.0,0.0807726075504828,0.6311688311688312
2021-09-03 06:15:00+00:00,0.01850810081008095,0.0,0.147344161545215,0.6281385281385281
2021-09-03 06:30:00+00:00,0.0166516651665166,0.0,0.2139157155399472,0.6251082251082252
2021-09-03 06:45:00+00:00,0.01479522952295225,0.0,0.28048726953467945,0.6220779220779221
2021-09-03 07:00:00+00:00,0.0129387938793879,0.0,0.3470588235294117,0.6190476190476191
2021-09-03 07:15:00+00:00,0.01140114011401135,0.0,0.432001755926251,0.6
2021-09-03 07:30:00+00:00,0.0098634863486348,0.0,0.5169446883230904,0.5809523809523809
2021-09-03 07:45:00+00:00,0.008325832583258249,0.0,0.6018876207199297,0.5619047619047619
2021-09-03 08:00:00+00:00,0.0067881788178817,0.0,0.6868305531167691,0.5428571428571428
2021-09-03 08:15:00+00:00,0.0068819381938193,0.0,0.7330772607550483,0.536147186147186
2021-09-03 08:30:00+00:00,0.0069756975697569,0.0,0.7793239683933275,0.5294372294372294
2021-09-03 08:45:00+00:00,0.0070694569456945,0.0,0.8255706760316066,0.5227272727272727
2021-09-03 09:00:00+00:00,0.0071632163216321,0.0,0.8718173836698858,0.516017316017316
2021-09-03 09:15:00+00:00,0.0085977347734773,0.0,0.887313432835821,0.5110389610389611
2021-09-03 09:30:00+00:00,0.0100322532253225,0.0,0.902809482001756,0.5060606060606061
2021-09-03 09:45:00+00:00,0.011466771677167701,0.0,0.9183055311676911,0.5010822510822511
2021-09-03 10:00:00+00:00,0.0129012901290129,0.0,0.933801580333626,0.4961038961038961
2021-09-03 10:15:00+00:00,0.01503900390039,0.0,0.9365013169446884,0.4967532467532467
2021-09-03 10:30:00+00:00,0.0171767176717671,0.0,0.9392010535557508,0.4974025974025974
2021-09-03 10:45:00+00:00,0.01931443144314425,0.0,0.941900790166813,0.4980519480519481
2021-09-03 11:00:00+00:00,0.0214521452145214,0.0,0.9446005267778752,0.4987012987012987
2021-09-03 11:15:00+00:00,0.023571107110711,0.0,0.9412423178226514,0.4976190476190476
2021-09-03 11:30:00+00:00,0.0256900690069006,0.0,0.9378841088674276,0.4965367965367965
2021-09-03 11:45:00+00:00,0.02780903090309025,0.0,0.9345258999122037,0.49545454545454537
2021-09-03 12:00:00+00:00,0.0299279927992799,0.0,0.9311676909569798,0.4943722943722943
2021-09-03 12:15:00+00:00,0.03088433843384335,0.0,0.9219271290605795,0.49090909090909085
2021-09-03 12:30:00+00:00,0.0318406840684068,0.0,0.9126865671641792,0.4874458874458874
2021-09-03 12:45:00+00:00,0.03279702970297025,0.0,0.9034460052677789,0.48398268398268396
2021-09-03 13:00:00+00:00,0.0337533753375337,0.0,0.8942054433713784,0.4805194805194805
2021-09-03 13:15:00+00:00,0.0364067656765676,0.0,0.888235294117647,0.47943722943722944
2021-09-03 13:30:00+00:00,0.0390601560156015,0.0,0.8822651448639157,0.4783549783549783
2021-09-03 13:45:00+00:00,0.041713546354635395,0.0,0.8762949956101844,0.4772727272727272
2021-09-03 14:00:00+00:00,0.0443669366936693,0.0,0.870324846356453,0.4761904761904761
2021-09-03 14:15:00+00:00,0.045613936393639296,0.0,0.8503292361720808,0.4761904761904761
2021-09-03 14:30:00+00:00,0.0468609360936093,0.0,0.8303336259877085,0.4761904761904761
2021-09-03 14:45:00+00:00,0.048107935793579304,0.0,0.8103380158033362,0.4761904761904761
2021-09-03 15:00:00+00:00,0.0493549354935493,0.0,0.790342405618964,0.4761904761904761
2021-09-03 15:15:00+00:00,0.0491017851785178,0.0,0.7567822651448639,0.48051948051948046
2021-09-03 15:30:00+00:00,0.0488486348634863,0.0,0.7232221246707637,0.4848484848484848
2021-09-03 15:45:00+00:00,0.048595484548454804,0.0,0.6896619841966637,0.48917748917748916
2021-09-03 16:00:00+00:00,0.0483423342334233,0.0,0.6561018437225636,0.4935064935064935
2021-09-03 16:15:00+00:00,0.0454357935793579,0.0,0.5835381913959614,0.5075757575757576
2021-09-03 16:30:00+00:00,0.0425292529252925,0.0,0.5109745390693591,0.5216450216450217
2021-09-03 16:45:00+00:00,0.0396227122712271,0.0,0.4384108867427568,0.5357142857142858
2021-09-03 17:00:00+00:00,0.0367161716171617,0.0,0.3658472344161545,0.5497835497835498
2021-09-03 17:15:00+00:00,0.03535666066606655,0.0,0.30184372256365233,0.5625541125541126
2021-09-03 17:30:00+00:00,0.0339971497149714,0.0,0.2378402107111501,0.5753246753246753
2021-09-03 17:45:00+00:00,0.0326376387638763,0.0,0.1738366988586479,0.5880952380952381
2021-09-03 18:00:00+00:00,0.0312781278127812,0.0,0.1098331870061457,0.6008658008658009
2021-09-03 18:15:00+00:00,0.0317656765676567,0.0,0.09760755048287964,0.6008658008658009
2021-09-03 18:30:00+00:00,0.0322532253225322,0.0,0.0853819139596136,0.6008658008658009
2021-09-03 18:45:00+00:00,0.0327407740774077,0.0,0.0731562774363476,0.6008658008658009
2021-09-03 19:00:00+00:00,0.0332283228322832,0.0,0.0609306409130816,0.6008658008658009
2021-09-03 19:15:00+00:00,0.03487848784878485,0.0,0.060118525021949,0.6008658008658009
2021-09-03 19:30:00+00:00,0.0365286528652865,0.0,0.0593064091308164,0.6008658008658009
2021-09-03 19:45:00+00:00,0.038178817881788146,0.0,0.058494293239683845,0.6008658008658009
2021-09-03 20:00:00+00:00,0.0398289828982898,0.0,0.0576821773485513,0.6008658008658009
2021-09-03 20:15:00+00:00,0.039847734773477306,0.0,0.05713345039508335,0.5937229437229437
2021-09-03 20:30:00+00:00,0.0398664866486648,0.0,0.0565847234416154,0.5865800865800865
2021-09-03 20:45:00+00:00,0.039885238523852354,0.0,0.05603599648814745,0.5794372294372294
2021-09-03 21:00:00+00:00,0.0399039903990399,0.0,0.0554872695346795,0.5722943722943723
2021-09-03 21:15:00+00:00,0.039388313831383095,0.0,0.0552677787532923,0.5664502164502164
2021-09-03 21:30:00+00:00,0.0388726372637263,0.0,0.0550482879719051,0.5606060606060606
2021-09-03 21:45:00+00:00,0.038356960696069545,0.0,0.05482879719051795,0.5547619047619048
2021-09-03 22:00:00+00:00,0.0378412841284128,0.0,0.0546093064091308,0.5489177489177489
2021-09-03 22:15:00+00:00,0.03714746474647455,0.0,0.05454345917471465,0.5487012987012987
2021-09-03 22:30:00+00:00,0.0364536453645363,0.0,0.0544776119402985,0.5484848484848485
2021-09-03 22:45:00+00:00,0.03575982598259815,0.0,0.054411764705882354,0.5482683982683982
2021-09-03 23:00:00+00:00,0.03506600660066,0.0,0.0543459174714662,0.548051948051948
2021-09-03 23:15:00+00:00,0.03354710471047095,0.0,0.05368744512730465,0.5471861471861472
2021-09-03 23:30:00+00:00,0.0320282028202819,0.0,0.0530289727831431,0.5463203463203463
2021-09-03 23:45:00+00:00,0.030509300930092898,0.0,0.052370500438981546,0.5454545454545454
2021-09-04 00:00:00+00:00,0.0289903990399039,0.0,0.05171202809482,0.5445887445887446
2021-09-04 00:15:00+00:00,0.027612136213621248,0.0,0.04890254609306405,0.5428571428571429
2021-09-04 00:30:00+00:00,0.0262338733873386,0.0,0.0460930640913081,0.5411255411255411
2021-09-04 00:45:00+00:00,0.024855610561056,0.0,0.0432835820895522,0.5393939393939393
2021-09-04 01:00:00+00:00,0.0234773477347734,0.0,0.0404741000877963,0.5376623376623376
2021-09-04 01:15:00+00:00,0.022830408040804002,0.0,0.035667251975416994,0.5400432900432901
2021-09-04 01:30:00+00:00,0.0221834683468346,0.0,0.0308604038630377,0.5424242424242425
2021-09-04 01:45:00+00:00,0.0215365286528652,0.0,0.0260535557506584,0.5448051948051948
2021-09-04 02:00:00+00:00,0.0208895889588958,0.0,0.0212467076382791,0.5471861471861472
2021-09-04 02:15:00+00:00,0.0202145214521451,0.0,0.01990781387181725,0.5454545454545454
2021-09-04 02:30:00+00:00,0.0195394539453944,0.0,0.0185689201053554,0.5437229437229437
2021-09-04 02:45:00+00:00,0.01886438643864375,0.0,0.01723002633889365,0.541991341991342
2021-09-04 03:00:00+00:00,0.0181893189318931,0.0,0.0158911325724319,0.5402597402597402
2021-09-04 03:15:00+00:00,0.01806743174317425,0.0,0.0147058823529411,0.5406926406926407
2021-09-04 03:30:00+00:00,0.0179455445544554,0.0,0.0135206321334503,0.5411255411255411
2021-09-04 03:45:00+00:00,0.017823657365736552,0.0,0.01233538191395955,0.5415584415584416
2021-09-04 04:00:00+00:00,0.0177017701770177,0.0,0.0111501316944688,0.541991341991342
2021-09-04 04:15:00+00:00,0.0176923942394239,0.0,0.010974539069359052,0.5424242424242425
2021-09-04 04:30:00+00:00,0.0176830183018301,0.0,0.0107989464442493,0.5428571428571429
2021-09-04 04:45:00+00:00,0.017673642364236353,0.0,0.01062335381913955,0.5432900432900434
2021-09-04 05:00:00+00:00,0.0176642664266426,0.0,0.0104477611940298,0.5437229437229437
2021-09-04 05:15:00+00:00,0.018395589558955802,0.0,0.032287093942054354,0.5359307359307359
2021-09-04 05:30:00+00:00,0.019126912691269,0.0,0.0541264266900789,0.5281385281385281
2021-09-04 05:45:00+00:00,0.01985823582358225,0.0,0.07596575943810349,0.5203463203463203
2021-09-04 06:00:00+00:00,0.0205895589558955,0.0,0.0978050921861281,0.5125541125541125
2021-09-04 06:15:00+00:00,0.0199613711371136,0.0,0.17080772607550476,0.5153679653679654
2021-09-04 06:30:00+00:00,0.0193331833183317,0.0,0.2438103599648814,0.5181818181818182
2021-09-04 06:45:00+00:00,0.01870499549954985,0.0,0.31681299385425804,0.520995670995671
2021-09-04 07:00:00+00:00,0.018076807680768,0.0,0.3898156277436347,0.5238095238095238
2021-09-04 07:15:00+00:00,0.01712046204620455,0.0,0.4769095697980684,0.5203463203463203
2021-09-04 07:30:00+00:00,0.0161641164116411,0.0,0.5640035118525022,0.5168831168831169
2021-09-04 07:45:00+00:00,0.01520777077707765,0.0,0.6510974539069359,0.5134199134199134
2021-09-04 08:00:00+00:00,0.0142514251425142,0.0,0.7381913959613696,0.5099567099567099
2021-09-04 08:15:00+00:00,0.01525465046504645,0.0,0.7777216856892011,0.5086580086580086
2021-09-04 08:30:00+00:00,0.0162578757875787,0.0,0.8172519754170324,0.5073593073593073
2021-09-04 08:45:00+00:00,0.01726110111011095,0.0,0.8567822651448639,0.5060606060606061
2021-09-04 09:00:00+00:00,0.0182643264326432,0.0,0.8963125548726953,0.5047619047619047
2021-09-04 09:15:00+00:00,0.0217896789678967,0.0,0.9103819139596137,0.5023809523809524
2021-09-04 09:30:00+00:00,0.0253150315031502,0.0,0.924451273046532,0.5
2021-09-04 09:45:00+00:00,0.02884038403840375,0.0,0.9385206321334504,0.4976190476190476
2021-09-04 10:00:00+00:00,0.0323657365736573,0.0,0.9525899912203688,0.4952380952380952
2021-09-04 10:15:00+00:00,0.038338208820882,0.0,0.9563432835820895,0.49480519480519475
2021-09-04 10:30:00+00:00,0.0443106810681067,0.0,0.9600965759438104,0.4943722943722943
2021-09-04 10:45:00+00:00,0.05028315331533145,0.0,0.9638498683055312,0.4939393939393939
2021-09-04 11:00:00+00:00,0.0562556255625562,0.0,0.967603160667252,0.4935064935064935
2021-09-04 11:15:00+00:00,0.0600341284128412,0.0,0.9670544337137841,0.4913419913419913
2021-09-04 11:30:00+00:00,0.0638126312631262,0.0,0.966505706760316,0.4891774891774891
2021-09-04 11:45:00+00:00,0.06759113411341125,0.0,0.9659569798068481,0.48701298701298695
2021-09-04 12:00:00+00:00,0.0713696369636963,0.0,0.9654082528533802,0.4848484848484848
2021-09-04 12:15:00+00:00,0.07324482448244815,0.0,0.9604258121158911,0.4781385281385281
2021-09-04 12:30:00+00:00,0.0751200120012,0.0,0.955443371378402,0.4714285714285714
2021-09-04 12:45:00+00:00,0.0769951995199519,0.0,0.950460930640913,0.4647186147186147
2021-09-04 13:00:00+00:00,0.0788703870387038,0.0,0.945478489903424,0.458008658008658
2021-09-04 13:15:00+00:00,0.07892664266426636,0.0,0.9359964881474978,0.45432900432900425
2021-09-04 13:30:00+00:00,0.0789828982898289,0.0,0.9265144863915716,0.4506493506493506
2021-09-04 13:45:00+00:00,0.07903915391539146,0.0,0.9170324846356455,0.44696969696969696
2021-09-04 14:00:00+00:00,0.079095409540954,0.0,0.9075504828797192,0.4432900432900433
2021-09-04 14:15:00+00:00,0.0796954695469546,0.0,0.8927568042142231,0.4409090909090909
2021-09-04 14:30:00+00:00,0.0802955295529552,0.0,0.877963125548727,0.4385281385281385
2021-09-04 14:45:00+00:00,0.08089558955895584,0.0,0.8631694468832309,0.43614718614718606
2021-09-04 15:00:00+00:00,0.0814956495649565,0.0,0.8483757682177349,0.4337662337662337
2021-09-04 15:15:00+00:00,0.0816269126912691,0.0,0.8113915715539948,0.43549783549783544
2021-09-04 15:30:00+00:00,0.0817581758175817,0.0,0.7744073748902547,0.4372294372294372
2021-09-04 15:45:00+00:00,0.08188943894389435,0.0,0.7374231782265146,0.43896103896103894
2021-09-04 16:00:00+00:00,0.082020702070207,0.0,0.7004389815627744,0.4406926406926407
2021-09-04 16:15:00+00:00,0.08163628862886285,0.0,0.6221246707638279,0.44415584415584414
2021-09-04 16:30:00+00:00,0.0812518751875187,0.0,0.5438103599648815,0.4476190476190476
2021-09-04 16:45:00+00:00,0.08086746174617454,0.0,0.465496049165935,0.45108225108225103
2021-09-04 17:00:00+00:00,0.0804830483048304,0.0,0.3871817383669886,0.4545454545454545
2021-09-04 17:15:00+00:00,0.08081120612061195,0.0,0.31881035996488144,0.46406926406926396
2021-09-04 17:30:00+00:00,0.0811393639363935,0.0,0.2504389815627743,0.4735930735930735
2021-09-04 17:45:00+00:00,0.0814675217521751,0.0,0.1820676031606672,0.48311688311688306
2021-09-04 18:00:00+00:00,0.0817956795679567,0.0,0.1136962247585601,0.4926406926406926
2021-09-04 18:15:00+00:00,0.08161753675367525,0.0,0.10100965759438099,0.4976190476190476
2021-09-04 18:30:00+00:00,0.0814393939393938,0.0,0.0883230904302019,0.5025974025974026
2021-09-04 18:45:00+00:00,0.0812612511251124,0.0,0.0756365232660228,0.5075757575757576
2021-09-04 19:00:00+00:00,0.081083108310831,0.0,0.0629499561018437,0.5125541125541125
2021-09-04 19:15:00+00:00,0.07994861986198609,0.0,0.062115891132572404,0.5099567099567099
2021-09-04 19:30:00+00:00,0.0788141314131412,0.0,0.0612818261633011,0.5073593073593073
2021-09-04 19:45:00+00:00,0.07767964296429636,0.0,0.060447761194029795,0.5047619047619047
2021-09-04 20:00:00+00:00,0.0765451545154515,0.0,0.0596136962247585,0.5021645021645021
2021-09-04 20:15:00+00:00,0.07546692169216915,0.0,0.05954784899034235,0.5034632034632034
2021-09-04 20:30:00+00:00,0.0743886888688868,0.0,0.0594820017559262,0.5047619047619047
2021-09-04 20:45:00+00:00,0.0733104560456045,0.0,0.059416154521510056,0.5060606060606061
2021-09-04 21:00:00+00:00,0.0722322232223222,0.0,0.0593503072870939,0.5073593073593073
2021-09-04 21:15:00+00:00,0.0738636363636363,0.0,0.059262510974539,0.5017316017316017
2021-09-04 21:30:00+00:00,0.0754950495049504,0.0,0.0591747146619841,0.496103896103896
2021-09-04 21:45:00+00:00,0.07712646264626455,0.0,0.05908691834942925,0.4904761904761904
2021-09-04 22:00:00+00:00,0.0787578757875787,0.0,0.0589991220368744,0.4848484848484848
2021-09-04 22:15:00+00:00,0.08200195019501945,0.0,0.058977172958735655,0.4820346320346319
2021-09-04 22:30:00+00:00,0.0852460246024602,0.0,0.0589552238805969,0.4792207792207791
2021-09-04 22:45:00+00:00,0.08849009900990096,0.0,0.058933274802458205,0.4764069264069263
2021-09-04 23:00:00+00:00,0.0917341734173417,0.0,0.0589113257243195,0.4735930735930735
2021-09-04 23:15:00+00:00,0.0940406540654065,0.0,0.0583187006145741,0.46558441558441555
2021-09-04 23:30:00+00:00,0.0963471347134713,0.0,0.0577260755048287,0.4575757575757575
2021-09-04 23:45:00+00:00,0.0986536153615361,0.0,0.05713345039508335,0.4495670995670995
2021-09-05 00:00:00+00:00,0.1009600960096009,0.0,0.056540825285338,0.4415584415584415
2021-09-05 00:15:00+00:00,0.1044010651065106,0.0,0.05362159789288845,0.43874458874458866
2021-09-05 00:30:00+00:00,0.1078420342034203,0.0,0.0507023705004389,0.4359307359307359
2021-09-05 00:45:00+00:00,0.11128300330033,0.0,0.0477831431079894,0.4331168831168831
2021-09-05 01:00:00+00:00,0.1147239723972397,0.0,0.0448639157155399,0.4303030303030303
2021-09-05 01:15:00+00:00,0.11632725772577256,0.0,0.04082528533801575,0.4313852813852813
2021-09-05 01:30:00+00:00,0.1179305430543054,0.0,0.0367866549604916,0.4324675324675324
2021-09-05 01:45:00+00:00,0.11953382838283826,0.0,0.03274802458296745,0.43354978354978346
2021-09-05 02:00:00+00:00,0.1211371137113711,0.0,0.0287093942054433,0.4346320346320346
2021-09-05 02:15:00+00:00,0.1209308430843084,0.0,0.02420983318700605,0.435064935064935
2021-09-05 02:30:00+00:00,0.1207245724572457,0.0,0.0197102721685688,0.4354978354978354
2021-09-05 02:45:00+00:00,0.120518301830183,0.0,0.0152107111501316,0.43593073593073584
2021-09-05 03:00:00+00:00,0.1203120312031203,0.0,0.0107111501316944,0.4363636363636363
2021-09-05 03:15:00+00:00,0.12056518151815179,0.0,0.009745390693590799,0.43614718614718606
2021-09-05 03:30:00+00:00,0.1208183318331833,0.0,0.0087796312554872,0.4359307359307359
2021-09-05 03:45:00+00:00,0.12107148214821481,0.0,0.0078138718173836,0.4357142857142857
2021-09-05 04:00:00+00:00,0.1213246324632463,0.0,0.00684811237928,0.4354978354978355
2021-09-05 04:15:00+00:00,0.1191025352535253,0.0,0.0068700614574187,0.4354978354978355
2021-09-05 04:30:00+00:00,0.1168804380438043,0.0,0.0068920105355574,0.4354978354978355
2021-09-05 04:45:00+00:00,0.11465834083408336,0.0,0.00691395961369615,0.4354978354978355
2021-09-05 05:00:00+00:00,0.1124362436243624,0.0,0.0069359086918349,0.4354978354978355
2021-09-05 05:15:00+00:00,0.1103735373537353,0.0,0.02802897278314305,0.4346320346320346
2021-09-05 05:30:00+00:00,0.1083108310831082,0.0,0.0491220368744512,0.4337662337662337
2021-09-05 05:45:00+00:00,0.10624812481248115,0.0,0.07021510096575939,0.43290043290043284
2021-09-05 06:00:00+00:00,0.1041854185418541,0.0,0.0913081650570676,0.432034632034632
2021-09-05 06:15:00+00:00,0.0998443594359435,0.0,0.16264266900790159,0.43679653679653674
2021-09-05 06:30:00+00:00,0.0955033003300329,0.0,0.2339771729587356,0.4415584415584415
2021-09-05 06:45:00+00:00,0.09116224122412235,0.0,0.30531167690956973,0.4463203463203463
2021-09-05 07:00:00+00:00,0.0868211821182118,0.0,0.3766461808604038,0.4510822510822511
2021-09-05 07:15:00+00:00,0.08615549054905486,0.0,0.45820895522388055,0.45735930735930735
2021-09-05 07:30:00+00:00,0.0854897989798979,0.0,0.5397717295873573,0.4636363636363636
2021-09-05 07:45:00+00:00,0.084824107410741,0.0,0.621334503950834,0.46991341991341984
2021-09-05 08:00:00+00:00,0.0841584158415841,0.0,0.7028972783143108,0.4761904761904761
2021-09-05 08:15:00+00:00,0.08684930993099305,0.0,0.7430640913081651,0.47835497835497826
2021-09-05 08:30:00+00:00,0.089540204020402,0.0,0.7832309043020194,0.4805194805194804
2021-09-05 08:45:00+00:00,0.09223109810981095,0.0,0.8233977172958735,0.4826839826839826
2021-09-05 09:00:00+00:00,0.0949219921992199,0.0,0.8635645302897278,0.4848484848484848
2021-09-05 09:15:00+00:00,0.09726597659765976,0.0,0.8817383669885865,0.48376623376623373
2021-09-05 09:30:00+00:00,0.0996099609960996,0.0,0.8999122036874452,0.4826839826839826
2021-09-05 09:45:00+00:00,0.10195394539453945,0.0,0.9180860403863038,0.4816017316017316
2021-09-05 10:00:00+00:00,0.1042979297929793,0.0,0.9362598770851625,0.4805194805194805
2021-09-05 10:15:00+00:00,0.10700757575757575,0.0,0.9405179982440739,0.48030303030303023
2021-09-05 10:30:00+00:00,0.1097172217221722,0.0,0.9447761194029852,0.48008658008658
2021-09-05 10:45:00+00:00,0.11242686768676866,0.0,0.9490342405618966,0.4798701298701298
2021-09-05 11:00:00+00:00,0.1151365136513651,0.0,0.9532923617208078,0.4796536796536796
2021-09-05 11:15:00+00:00,0.11683355835583555,0.0,0.9533143107989465,0.47857142857142854
2021-09-05 11:30:00+00:00,0.118530603060306,0.0,0.9533362598770851,0.4774891774891774
2021-09-05 11:45:00+00:00,0.12022764776477646,0.0,0.9533582089552239,0.4764069264069264
2021-09-05 12:00:00+00:00,0.1219246924692469,0.0,0.9533801580333626,0.4753246753246753
2021-09-05 12:15:00+00:00,0.12292791779177915,0.0,0.9510535557506585,0.47012987012987006
2021-09-05 12:30:00+00:00,0.1239311431143114,0.0,0.9487269534679544,0.4649350649350648
2021-09-05 12:45:00+00:00,0.12493436843684366,0.0,0.9464003511852502,0.45974025974025967
2021-09-05 13:00:00+00:00,0.1259375937593759,0.0,0.944073748902546,0.4545454545454545
2021-09-05 13:15:00+00:00,0.1247843534353435,0.0,0.9358867427568043,0.4504329004329004
2021-09-05 13:30:00+00:00,0.1236311131113111,0.0,0.9276997366110624,0.4463203463203463
2021-09-05 13:45:00+00:00,0.1224778727872787,0.0,0.9195127304653206,0.44220779220779216
2021-09-05 14:00:00+00:00,0.1213246324632463,0.0,0.9113257243195786,0.4380952380952381
2021-09-05 14:15:00+00:00,0.12092146714671465,0.0,0.8914179104477612,0.4372294372294372
2021-09-05 14:30:00+00:00,0.120518301830183,0.0,0.8715100965759438,0.4363636363636363
2021-09-05 14:45:00+00:00,0.12011513651365134,0.0,0.8516022827041264,0.43549783549783544
2021-09-05 15:00:00+00:00,0.1197119711971197,0.0,0.831694468832309,0.4346320346320346
2021-09-05 15:15:00+00:00,0.1209777227722772,0.0,0.7887401229148376,0.44155844155844154
2021-09-05 15:30:00+00:00,0.1222434743474347,0.0,0.7457857769973661,0.4484848484848485
2021-09-05 15:45:00+00:00,0.1235092259225922,0.0,0.7028314310798947,0.4554112554112554
2021-09-05 16:00:00+00:00,0.1247749774977497,0.0,0.6598770851624232,0.4623376623376623
2021-09-05 16:15:00+00:00,0.12610636063606354,0.0,0.5728270412642669,0.46969696969696967
2021-09-05 16:30:00+00:00,0.1274377437743774,0.0,0.4857769973661106,0.477056277056277
2021-09-05 16:45:00+00:00,0.12876912691269124,0.0,0.3987269534679543,0.48441558441558435
2021-09-05 17:00:00+00:00,0.1301005100510051,0.0,0.311676909569798,0.4917748917748917
2021-09-05 17:15:00+00:00,0.13391651665166515,0.0,0.2558165057067602,0.4941558441558441
2021-09-05 17:30:00+00:00,0.1377325232523252,0.0,0.1999561018437224,0.4965367965367965
2021-09-05 17:45:00+00:00,0.14154852985298527,0.0,0.1440956979806847,0.49891774891774887
2021-09-05 18:00:00+00:00,0.1453645364536453,0.0,0.088235294117647,0.5012987012987012
2021-09-05 18:15:00+00:00,0.1461427392739273,0.0,0.08134328358208949,0.5119047619047619
2021-09-05 18:30:00+00:00,0.1469209420942093,0.0,0.074451273046532,0.5225108225108225
2021-09-05 18:45:00+00:00,0.14769914491449135,0.0,0.0675592625109745,0.5331168831168831
2021-09-05 19:00:00+00:00,0.1484773477347734,0.0,0.060667251975417,0.5437229437229437
2021-09-05 19:15:00+00:00,0.152349609960996,0.0,0.06011852502194905,0.5400432900432901
2021-09-05 19:30:00+00:00,0.1562218721872186,0.0,0.0595697980684811,0.5363636363636364
2021-09-05 19:45:00+00:00,0.16009413441344125,0.0,0.05902107111501315,0.5326839826839828
2021-09-05 20:00:00+00:00,0.1639663966396639,0.0,0.0584723441615452,0.529004329004329
2021-09-05 20:15:00+00:00,0.16311318631863178,0.0,0.05880158033362595,0.5324675324675325
2021-09-05 20:30:00+00:00,0.1622599759975997,0.0,0.0591308165057067,0.5359307359307359
2021-09-05 20:45:00+00:00,0.1614067656765676,0.0,0.0594600526777875,0.5393939393939393
2021-09-05 21:00:00+00:00,0.1605535553555355,0.0,0.0597892888498683,0.5428571428571428
2021-09-05 21:15:00+00:00,0.15959720972097205,0.0,0.059723441615452094,0.543939393939394
2021-09-05 21:30:00+00:00,0.1586408640864086,0.0,0.0596575943810359,0.545021645021645
2021-09-05 21:45:00+00:00,0.15768451845184517,0.0,0.059591747146619745,0.5461038961038961
2021-09-05 22:00:00+00:00,0.1567281728172817,0.0,0.0595258999122036,0.5471861471861472
2021-09-05 22:15:00+00:00,0.1591940444044404,0.0,0.0575943810359964,0.5292207792207793
2021-09-05 22:30:00+00:00,0.1616599159915991,0.0,0.0556628621597892,0.5112554112554113
2021-09-05 22:45:00+00:00,0.16412578757875784,0.0,0.053731343283582006,0.49329004329004333
2021-09-05 23:00:00+00:00,0.1665916591659166,0.0,0.0517998244073748,0.4753246753246753
2021-09-05 23:15:00+00:00,0.1694700720072007,0.0,0.04958296751536425,0.46904761904761905
2021-09-05 23:30:00+00:00,0.1723484848484848,0.0,0.0473661106233537,0.4627705627705627
2021-09-05 23:45:00+00:00,0.17522689768976896,0.0,0.045149253731343195,0.45649350649350645
2021-09-06 00:00:00+00:00,0.1781053105310531,0.0,0.0429323968393327,0.4502164502164502
2021-09-06 00:15:00+00:00,0.1788647614761476,0.0,0.03950834064969265,0.44588744588744583
2021-09-06 00:30:00+00:00,0.1796242124212421,0.0,0.0360842844600526,0.4415584415584415
2021-09-06 00:45:00+00:00,0.1803836633663366,0.0,0.0326602282704126,0.4372294372294372
2021-09-06 01:00:00+00:00,0.1811431143114311,0.0,0.0292361720807726,0.4329004329004329
2021-09-06 01:15:00+00:00,0.18156503150315026,0.0,0.02546093064091305,0.4294372294372294
2021-09-06 01:30:00+00:00,0.1819869486948694,0.0,0.0216856892010535,0.4259740259740259
2021-09-06 01:45:00+00:00,0.1824088658865886,0.0,0.017910447761194,0.42251082251082245
2021-09-06 02:00:00+00:00,0.1828307830783078,0.0,0.0141352063213345,0.419047619047619
2021-09-06 02:15:00+00:00,0.18216509150915083,0.0,0.012379280070237,0.41861471861471855
2021-09-06 02:30:00+00:00,0.1814993999399939,0.0,0.0106233538191395,0.4181818181818181
2021-09-06 02:45:00+00:00,0.180833708370837,0.0,0.00886742756804205,0.4177489177489177
2021-09-06 03:00:00+00:00,0.1801680168016801,0.0,0.0071115013169446,0.4173160173160173
2021-09-06 03:15:00+00:00,0.18407778277827774,0.0,0.007001755926251,0.42943722943722945
2021-09-06 03:30:00+00:00,0.1879875487548754,0.0,0.0068920105355574,0.4415584415584416
2021-09-06 03:45:00+00:00,0.1918973147314731,0.0,0.00678226514486385,0.4536796536796537
2021-09-06 04:00:00+00:00,0.1958070807080708,0.0,0.0066725197541703,0.4658008658008658
2021-09-06 04:15:00+00:00,0.19835733573357328,0.0,0.00676031606672515,0.4746753246753247
2021-09-06 04:30:00+00:00,0.2009075907590758,0.0,0.00684811237928,0.4835497835497835
2021-09-06 04:45:00+00:00,0.2034578457845784,0.0,0.0069359086918348994,0.4924242424242424
2021-09-06 05:00:00+00:00,0.206008100810081,0.0,0.0070237050043898,0.5012987012987012
2021-09-06 05:15:00+00:00,0.20721759675967594,0.0,0.0173397717295873,0.5067099567099567
2021-09-06 05:30:00+00:00,0.2084270927092709,0.0,0.0276558384547848,0.5121212121212121
2021-09-06 05:45:00+00:00,0.20963658865886586,0.0,0.03797190517998235,0.5175324675324675
2021-09-06 06:00:00+00:00,0.2108460846084608,0.0,0.0482879719051799,0.5229437229437229
2021-09-06 06:15:00+00:00,0.2078645364536453,0.0,0.0754389815627743,0.524891774891775
2021-09-06 06:30:00+00:00,0.2048829882988298,0.0,0.1025899912203687,0.5268398268398269
2021-09-06 06:45:00+00:00,0.20190144014401434,0.0,0.12974100087796311,0.5287878787878788
2021-09-06 07:00:00+00:00,0.1989198919891989,0.0,0.1568920105355575,0.5307359307359307
2021-09-06 07:15:00+00:00,0.19717596759675965,0.0,0.18428446005267776,0.5279220779220779
2021-09-06 07:30:00+00:00,0.1954320432043204,0.0,0.211676909569798,0.5251082251082251
2021-09-06 07:45:00+00:00,0.19368811881188117,0.0,0.23906935908691831,0.5222943722943723
2021-09-06 08:00:00+00:00,0.1919441944194419,0.0,0.2664618086040386,0.5194805194805194
2021-09-06 08:15:00+00:00,0.19219734473447342,0.0,0.29804653204565407,0.5147186147186147
2021-09-06 08:30:00+00:00,0.1924504950495049,0.0,0.3296312554872695,0.5099567099567099
2021-09-06 08:45:00+00:00,0.19270364536453638,0.0,0.36121597892888496,0.5051948051948052
2021-09-06 09:00:00+00:00,0.1929567956795679,0.0,0.3928007023705004,0.5004329004329005
2021-09-06 09:15:00+00:00,0.19293804380438034,0.0,0.41701053555750656,0.4954545454545455
2021-09-06 09:30:00+00:00,0.1929192919291928,0.0,0.4412203687445127,0.4904761904761905
2021-09-06 09:45:00+00:00,0.1929005400540053,0.0,0.46543020193151885,0.48549783549783554
2021-09-06 10:00:00+00:00,0.1928817881788178,0.0,0.489640035118525,0.4805194805194805
2021-09-06 10:15:00+00:00,0.19501012601260115,0.0,0.4990122914837577,0.48376623376623373
2021-09-06 10:30:00+00:00,0.1971384638463845,0.0,0.5083845478489903,0.487012987012987
2021-09-06 10:45:00+00:00,0.19926680168016792,0.0,0.517756804214223,0.49025974025974023
2021-09-06 11:00:00+00:00,0.2013951395139513,0.0,0.5271290605794556,0.4935064935064935
2021-09-06 11:15:00+00:00,0.2011701170117011,0.0,0.5245829675153644,0.48138528138528136
2021-09-06 11:30:00+00:00,0.2009450945094509,0.0,0.5220368744512731,0.4692640692640693
2021-09-06 11:45:00+00:00,0.2007200720072007,0.0,0.5194907813871819,0.45714285714285713
2021-09-06 12:00:00+00:00,0.2004950495049505,0.0,0.5169446883230905,0.445021645021645
2021-09-06 12:15:00+00:00,0.2038610111011101,0.0,0.5037752414398595,0.4543290043290043
2021-09-06 12:30:00+00:00,0.2072269726972697,0.0,0.4906057945566286,0.4636363636363636
2021-09-06 12:45:00+00:00,0.2105929342934293,0.0,0.4774363476733977,0.4729437229437229
2021-09-06 13:00:00+00:00,0.2139588958895889,0.0,0.4642669007901668,0.4822510822510822
2021-09-06 13:15:00+00:00,0.21960321032103206,0.0,0.45757243195785774,0.4748917748917748
2021-09-06 13:30:00+00:00,0.2252475247524752,0.0,0.4508779631255487,0.4675324675324674
2021-09-06 13:45:00+00:00,0.23089183918391837,0.0,0.44418349429323967,0.4601731601731601
2021-09-06 14:00:00+00:00,0.2365361536153615,0.0,0.4374890254609306,0.4528138528138528
2021-09-06 14:15:00+00:00,0.24226485148514845,0.0,0.4225417032484635,0.453030303030303
2021-09-06 14:30:00+00:00,0.2479935493549354,0.0,0.4075943810359964,0.4532467532467532
2021-09-06 14:45:00+00:00,0.25372224722472236,0.0,0.39264705882352935,0.45346320346320346
2021-09-06 15:00:00+00:00,0.2594509450945094,0.0,0.3776997366110623,0.4536796536796537
2021-09-06 15:15:00+00:00,0.2587571257125712,0.0,0.3584503950834065,0.45324675324675323
2021-09-06 15:30:00+00:00,0.258063306330633,0.0,0.3392010535557506,0.4528138528138528
2021-09-06 15:45:00+00:00,0.2573694869486949,0.0,0.31995171202809475,0.45238095238095233
2021-09-06 16:00:00+00:00,0.2566756675667567,0.0,0.3007023705004389,0.4519480519480519
2021-09-06 16:15:00+00:00,0.2526252625262526,0.0,0.26523266022827036,0.46580086580086577
2021-09-06 16:30:00+00:00,0.2485748574857486,0.0,0.2297629499561018,0.4796536796536796
2021-09-06 16:45:00+00:00,0.24452445244524454,0.0,0.19429323968393325,0.49350649350649345
2021-09-06 17:00:00+00:00,0.2404740474047405,0.0,0.1588235294117647,0.5073593073593073
2021-09-06 17:15:00+00:00,0.23974272427242724,0.0,0.1274363476733977,0.5136363636363637
2021-09-06 17:30:00+00:00,0.239011401140114,0.0,0.0960491659350307,0.5199134199134199
2021-09-06 17:45:00+00:00,0.23828007800780074,0.0,0.06466198419666369,0.5261904761904761
2021-09-06 18:00:00+00:00,0.2375487548754875,0.0,0.0332748024582967,0.5324675324675324
2021-09-06 18:15:00+00:00,0.23982710771077098,0.0,0.02706321334503945,0.5341991341991341
2021-09-06 18:30:00+00:00,0.2421054605460545,0.0,0.0208516242317822,0.5359307359307359
2021-09-06 18:45:00+00:00,0.24438381338133805,0.0,0.01464003511852495,0.5376623376623377
2021-09-06 19:00:00+00:00,0.2466621662166216,0.0,0.0084284460052677,0.5393939393939394
2021-09-06 19:15:00+00:00,0.2506750675067506,0.0,0.00801141352063205,0.5346320346320346
2021-09-06 19:30:00+00:00,0.2546879687968796,0.0,0.0075943810359964,0.5298701298701298
2021-09-06 19:45:00+00:00,0.25870087008700865,0.0,0.0071773485513607505,0.5251082251082251
2021-09-06 20:00:00+00:00,0.2627137713771377,0.0,0.0067603160667251,0.5203463203463203
2021-09-06 20:15:00+00:00,0.26989573957395735,0.0,0.00671641791044765,0.5077922077922078
2021-09-06 20:30:00+00:00,0.277077707770777,0.0,0.0066725197541702,0.4952380952380952
2021-09-06 20:45:00+00:00,0.2842596759675967,0.0,0.006628621597892801,0.48268398268398266
2021-09-06 21:00:00+00:00,0.2914416441644164,0.0,0.0065847234416154,0.4701298701298701
2021-09-06 21:15:00+00:00,0.301239498949895,0.0,0.0065847234416154,0.4642857142857143
2021-09-06 21:30:00+00:00,0.3110373537353735,0.0,0.0065847234416154,0.4584415584415584
2021-09-06 21:45:00+00:00,0.320835208520852,0.0,0.0065847234416154,0.45259740259740255
2021-09-06 22:00:00+00:00,0.3306330633063306,0.0,0.0065847234416154,0.4467532467532467
2021-09-06 22:15:00+00:00,0.3371024602460245,0.0,0.0065847234416154,0.43961038961038956
2021-09-06 22:30:00+00:00,0.3435718571857185,0.0,0.0065847234416154,0.4324675324675324
2021-09-06 22:45:00+00:00,0.3500412541254125,0.0,0.0065847234416154,0.4253246753246752
2021-09-06 23:00:00+00:00,0.3565106510651065,0.0,0.0065847234416154,0.4181818181818181
2021-09-06 23:15:00+00:00,0.3556293129312931,0.0,0.0065847234416154,0.41774891774891765
2021-09-06 23:30:00+00:00,0.3547479747974797,0.0,0.0065847234416154,0.4173160173160172
2021-09-06 23:45:00+00:00,0.35386663666366636,0.0,0.0065847234416154,0.4168831168831168
2021-09-07 00:00:00+00:00,0.352985298529853,0.0,0.0065847234416154,0.4164502164502164
2021-09-07 00:15:00+00:00,0.35280715571557153,0.0,0.0065847234416154,0.4170995670995671
2021-09-07 00:30:00+00:00,0.3526290129012901,0.0,0.0065847234416154,0.4177489177489177
2021-09-07 00:45:00+00:00,0.3524508700870087,0.0,0.0065847234416154,0.4183982683982683
2021-09-07 01:00:00+00:00,0.3522727272727273,0.0,0.0065847234416154,0.419047619047619
2021-09-07 01:15:00+00:00,0.3511569906990699,0.0,0.0065847234416154,0.419047619047619
2021-09-07 01:30:00+00:00,0.3500412541254125,0.0,0.0065847234416154,0.419047619047619
2021-09-07 01:45:00+00:00,0.34892551755175516,0.0,0.0065847234416154,0.419047619047619
2021-09-07 02:00:00+00:00,0.3478097809780978,0.0,0.0065847234416154,0.419047619047619
2021-09-07 02:15:00+00:00,0.34810981098109806,0.0,0.0065847234416154,0.41753246753246753
2021-09-07 02:30:00+00:00,0.3484098409840984,0.0,0.0065847234416154,0.416017316017316
2021-09-07 02:45:00+00:00,0.3487098709870987,0.0,0.0065847234416154,0.4145021645021645
2021-09-07 03:00:00+00:00,0.349009900990099,0.0,0.0065847234416154,0.412987012987013
2021-09-07 03:15:00+00:00,0.3459439693969396,0.0,0.0065847234416154,0.41839826839826844
2021-09-07 03:30:00+00:00,0.3428780378037803,0.0,0.0065847234416154,0.4238095238095238
2021-09-07 03:45:00+00:00,0.33981210621062097,0.0,0.0065847234416154,0.42922077922077917
2021-09-07 04:00:00+00:00,0.3367461746174617,0.0,0.0065847234416154,0.4346320346320346
2021-09-07 04:15:00+00:00,0.33320207020702064,0.0,0.0065847234416154,0.44415584415584414
2021-09-07 04:30:00+00:00,0.3296579657965796,0.0,0.0065847234416154,0.4536796536796537
2021-09-07 04:45:00+00:00,0.3261138613861385,0.0,0.0065847234416154,0.4632034632034632
2021-09-07 05:00:00+00:00,0.3225697569756975,0.0,0.0065847234416154,0.4727272727272727
2021-09-07 05:15:00+00:00,0.3156315631563156,0.0,0.01705443371378395,0.479004329004329
2021-09-07 05:30:00+00:00,0.3086933693369336,0.0,0.0275241439859525,0.4852813852813852
2021-09-07 05:45:00+00:00,0.3017551755175517,0.0,0.0379938542581211,0.49155844155844153
2021-09-07 06:00:00+00:00,0.2948169816981698,0.0,0.0484635645302897,0.4978354978354978
2021-09-07 06:15:00+00:00,0.28789753975397536,0.0,0.0951931518876207,0.4956709956709956
2021-09-07 06:30:00+00:00,0.2809780978097809,0.0,0.1419227392449517,0.4935064935064934
2021-09-07 06:45:00+00:00,0.27405865586558653,0.0,0.1886523266022827,0.49134199134199125
2021-09-07 07:00:00+00:00,0.2671392139213921,0.0,0.2353819139596137,0.4891774891774891
2021-09-07 07:15:00+00:00,0.2659859735973597,0.0,0.2833406496927129,0.4917748917748917
2021-09-07 07:30:00+00:00,0.2648327332733273,0.0,0.3312993854258121,0.4943722943722943
2021-09-07 07:45:00+00:00,0.26367949294929494,0.0,0.37925812115891133,0.4969696969696969
2021-09-07 08:00:00+00:00,0.2625262526252625,0.0,0.4272168568920105,0.4995670995670995
2021-09-07 08:15:00+00:00,0.26755175517551755,0.0,0.4676909569798068,0.4976190476190475
2021-09-07 08:30:00+00:00,0.2725772577257725,0.0,0.5081650570676031,0.4956709956709956
2021-09-07 08:45:00+00:00,0.2776027602760276,0.0,0.5486391571553995,0.4937229437229437
2021-09-07 09:00:00+00:00,0.2826282628262826,0.0,0.5891132572431957,0.4917748917748917
2021-09-07 09:15:00+00:00,0.29283865886588656,0.0,0.624692712906058,0.493073593073593
2021-09-07 09:30:00+00:00,0.3030490549054905,0.0,0.6602721685689201,0.4943722943722943
2021-09-07 09:45:00+00:00,0.3132594509450945,0.0,0.6958516242317823,0.4956709956709956
2021-09-07 10:00:00+00:00,0.3234698469846985,0.0,0.7314310798946444,0.4969696969696969
2021-09-07 10:15:00+00:00,0.33240511551155116,0.0,0.7444468832309042,0.49870129870129865
2021-09-07 10:30:00+00:00,0.3413403840384038,0.0,0.7574626865671642,0.5004329004329003
2021-09-07 10:45:00+00:00,0.3502756525652565,0.0,0.770478489903424,0.502164502164502
2021-09-07 11:00:00+00:00,0.3592109210921092,0.0,0.7834942932396839,0.5038961038961038
2021-09-07 11:15:00+00:00,0.3661866186618662,0.0,0.7874231782265144,0.504978354978355
2021-09-07 11:30:00+00:00,0.3731623162316231,0.0,0.7913520632133451,0.5060606060606061
2021-09-07 11:45:00+00:00,0.3801380138013801,0.0,0.7952809482001756,0.5071428571428571
2021-09-07 12:00:00+00:00,0.3871137113711371,0.0,0.7992098331870061,0.5082251082251082
2021-09-07 12:15:00+00:00,0.3934893489348935,0.0,0.7980245829675153,0.503030303030303
2021-09-07 12:30:00+00:00,0.3998649864986499,0.0,0.7968393327480245,0.4978354978354978
2021-09-07 12:45:00+00:00,0.40624062406240624,0.0,0.7956540825285338,0.4926406926406926
2021-09-07 13:00:00+00:00,0.4126162616261626,0.0,0.794468832309043,0.4874458874458874
2021-09-07 13:15:00+00:00,0.41592596759675965,0.0,0.7875987708516242,0.48636363636363633
2021-09-07 13:30:00+00:00,0.4192356735673567,0.0,0.7807287093942055,0.4852813852813852
2021-09-07 13:45:00+00:00,0.42254537953795374,0.0,0.7738586479367866,0.4841991341991342
2021-09-07 14:00:00+00:00,0.4258550855085508,0.0,0.7669885864793679,0.4831168831168831
2021-09-07 14:15:00+00:00,0.4265582808280828,0.0,0.7515583845478491,0.48376623376623373
2021-09-07 14:30:00+00:00,0.4272614761476147,0.0,0.7361281826163302,0.4844155844155844
2021-09-07 14:45:00+00:00,0.4279646714671467,0.0,0.7206979806848113,0.4850649350649351
2021-09-07 15:00:00+00:00,0.4286678667866787,0.0,0.7052677787532924,0.4857142857142857
2021-09-07 15:15:00+00:00,0.4251987698769877,0.0,0.6637620719929763,0.48982683982683983
2021-09-07 15:30:00+00:00,0.4217296729672967,0.0,0.6222563652326603,0.4939393939393939
2021-09-07 15:45:00+00:00,0.41826057605760575,0.0,0.5807506584723442,0.498051948051948
2021-09-07 16:00:00+00:00,0.4147914791479148,0.0,0.5392449517120281,0.5021645021645021
2021-09-07 16:15:00+00:00,0.4058749624962496,0.0,0.4762949956101844,0.5103896103896104
2021-09-07 16:30:00+00:00,0.3969584458445844,0.0,0.4133450395083407,0.5186147186147185
2021-09-07 16:45:00+00:00,0.38804192919291924,0.0,0.35039508340649694,0.5268398268398268
2021-09-07 17:00:00+00:00,0.3791254125412541,0.0,0.2874451273046532,0.535064935064935
2021-09-07 17:15:00+00:00,0.36516464146414634,0.0,0.2349209833187006,0.5359307359307359
2021-09-07 17:30:00+00:00,0.3512038703870386,0.0,0.182396839332748,0.5367965367965368
2021-09-07 17:45:00+00:00,0.3372430993099309,0.0,0.1298726953467954,0.5376623376623377
2021-09-07 18:00:00+00:00,0.3232823282328232,0.0,0.0773485513608428,0.5385281385281385
2021-09-07 18:15:00+00:00,0.3106154365436543,0.0,0.06679104477611936,0.5502164502164502
2021-09-07 18:30:00+00:00,0.2979485448544854,0.0,0.0562335381913959,0.5619047619047619
2021-09-07 18:45:00+00:00,0.2852816531653165,0.0,0.045676031606672454,0.5735930735930737
2021-09-07 19:00:00+00:00,0.2726147614761476,0.0,0.035118525021949,0.5852813852813853
2021-09-07 19:15:00+00:00,0.26748612361236124,0.0,0.033055311676909505,0.5852813852813853
2021-09-07 19:30:00+00:00,0.2623574857485748,0.0,0.03099209833187,0.5852813852813853
2021-09-07 19:45:00+00:00,0.25722884788478845,0.0,0.0289288849868305,0.5852813852813853
2021-09-07 20:00:00+00:00,0.2521002100210021,0.0,0.026865671641791,0.5852813852813853
2021-09-07 20:15:00+00:00,0.251828307830783,0.0,0.0259438103599648,0.5779220779220778
2021-09-07 20:30:00+00:00,0.251556405640564,0.0,0.0250219490781386,0.5705627705627705
2021-09-07 20:45:00+00:00,0.251284503450345,0.0,0.024100087796312453,0.5632034632034632
2021-09-07 21:00:00+00:00,0.251012601260126,0.0,0.0231782265144863,0.5558441558441558
2021-09-07 21:15:00+00:00,0.2507688268826882,0.0,0.02241000877963115,0.5374458874458874
2021-09-07 21:30:00+00:00,0.2505250525052505,0.0,0.021641791044776,0.519047619047619
2021-09-07 21:45:00+00:00,0.25028127812781276,0.0,0.0208735733099209,0.5006493506493506
2021-09-07 22:00:00+00:00,0.250037503750375,0.0,0.0201053555750658,0.4822510822510822
2021-09-07 22:15:00+00:00,0.24611836183618352,0.0,0.018217734855136,0.4772727272727272
2021-09-07 22:30:00+00:00,0.2421992199219921,0.0,0.0163301141352062,0.4722943722943722
2021-09-07 22:45:00+00:00,0.2382800780078007,0.0,0.01444249341527645,0.46731601731601724
2021-09-07 23:00:00+00:00,0.2343609360936093,0.0,0.0125548726953467,0.4623376623376623
2021-09-07 23:15:00+00:00,0.23057305730573052,0.0,0.01093064091308155,0.4599567099567099
2021-09-07 23:30:00+00:00,0.2267851785178517,0.0,0.0093064091308164,0.4575757575757575
2021-09-07 23:45:00+00:00,0.22299729972997295,0.0,0.007682177348551299,0.45519480519480515
2021-09-08 00:00:00+00:00,0.2192094209420942,0.0,0.0060579455662862,0.4528138528138528
2021-09-08 00:15:00+00:00,0.21623724872487243,0.0,0.00590430201931515,0.45086580086580086
2021-09-08 00:30:00+00:00,0.2132650765076507,0.0,0.0057506584723441,0.4489177489177489
2021-09-08 00:45:00+00:00,0.21029290429042902,0.0,0.0055970149253731,0.4469696969696969
2021-09-08 01:00:00+00:00,0.2073207320732073,0.0,0.0054433713784021,0.445021645021645
2021-09-08 01:15:00+00:00,0.20430168016801675,0.0,0.00526777875329235,0.44567099567099566
2021-09-08 01:30:00+00:00,0.2012826282628262,0.0,0.0050921861281826,0.4463203463203463
2021-09-08 01:45:00+00:00,0.1982635763576357,0.0,0.00491659350307285,0.4469696969696969
2021-09-08 02:00:00+00:00,0.1952445244524452,0.0,0.0047410008779631,0.4476190476190476
2021-09-08 02:15:00+00:00,0.19121287128712866,0.0,0.00456540825285335,0.4487012987012986
2021-09-08 02:30:00+00:00,0.1871812181218121,0.0,0.0043898156277436,0.4497835497835497
2021-09-08 02:45:00+00:00,0.1831495649564956,0.0,0.00421422300263385,0.45086580086580075
2021-09-08 03:00:00+00:00,0.1791179117911791,0.0,0.0040386303775241,0.4519480519480519
2021-09-08 03:15:00+00:00,0.17636138613861385,0.0,0.0040386303775241,0.45649350649350645
2021-09-08 03:30:00+00:00,0.1736048604860486,0.0,0.0040386303775241,0.461038961038961
2021-09-08 03:45:00+00:00,0.17084833483348333,0.0,0.0040386303775241,0.46558441558441555
2021-09-08 04:00:00+00:00,0.1680918091809181,0.0,0.0040386303775241,0.4701298701298701
2021-09-08 04:15:00+00:00,0.16797929792979294,0.0,0.0041044776119402,0.4809523809523809
2021-09-08 04:30:00+00:00,0.1678667866786678,0.0,0.0041703248463563,0.4917748917748917
2021-09-08 04:45:00+00:00,0.1677542754275427,0.0,0.0042361720807725,0.5025974025974026
2021-09-08 05:00:00+00:00,0.1676417641764176,0.0,0.0043020193151887,0.5134199134199134
2021-09-08 05:15:00+00:00,0.1661884938493849,0.0,0.02260755048287965,0.504978354978355
2021-09-08 05:30:00+00:00,0.1647352235223522,0.0,0.0409130816505706,0.4965367965367965
2021-09-08 05:45:00+00:00,0.16328195319531952,0.0,0.05921861281826155,0.488095238095238
2021-09-08 06:00:00+00:00,0.1618286828682868,0.0,0.0775241439859525,0.4796536796536796
2021-09-08 06:15:00+00:00,0.1568219321932193,0.0,0.13983757682177342,0.48116883116883113
2021-09-08 06:30:00+00:00,0.1518151815181518,0.0,0.2021510096575943,0.4826839826839826
2021-09-08 06:45:00+00:00,0.14680843084308431,0.0,0.2644644424934153,0.4841991341991342
2021-09-08 07:00:00+00:00,0.1418016801680168,0.0,0.3267778753292362,0.4857142857142857
2021-09-08 07:15:00+00:00,0.14203607860786074,0.0,0.38612818261633014,0.4857142857142857
2021-09-08 07:30:00+00:00,0.1422704770477047,0.0,0.4454784899034241,0.4857142857142857
2021-09-08 07:45:00+00:00,0.1425048754875487,0.0,0.504828797190518,0.4857142857142857
2021-09-08 08:00:00+00:00,0.1427392739273927,0.0,0.564179104477612,0.4857142857142857
2021-09-08 08:15:00+00:00,0.1435268526852685,0.0,0.5999780509218613,0.48528138528138526
2021-09-08 08:30:00+00:00,0.1443144314431443,0.0,0.6357769973661107,0.4848484848484848
2021-09-08 08:45:00+00:00,0.1451020102010201,0.0,0.67157594381036,0.48441558441558435
2021-09-08 09:00:00+00:00,0.1458895889588959,0.0,0.7073748902546093,0.4839826839826839
2021-09-08 09:15:00+00:00,0.15139326432643263,0.0,0.7204565408252853,0.48008658008658
2021-09-08 09:30:00+00:00,0.1568969396939694,0.0,0.7335381913959613,0.4761904761904761
2021-09-08 09:45:00+00:00,0.16240061506150616,0.0,0.7466198419666374,0.47229437229437227
2021-09-08 10:00:00+00:00,0.1679042904290429,0.0,0.7597014925373134,0.4683982683982684
2021-09-08 10:15:00+00:00,0.17132650765076504,0.0,0.7655618964003512,0.46515151515151515
2021-09-08 10:30:00+00:00,0.1747487248724872,0.0,0.7714223002633889,0.4619047619047619
2021-09-08 10:45:00+00:00,0.1781709420942094,0.0,0.7772827041264266,0.45865800865800865
2021-09-08 11:00:00+00:00,0.1815931593159316,0.0,0.7831431079894644,0.4554112554112554
2021-09-08 11:15:00+00:00,0.18212758775877586,0.0,0.7865013169446884,0.4541125541125541
2021-09-08 11:30:00+00:00,0.1826620162016201,0.0,0.7898595258999123,0.4528138528138528
2021-09-08 11:45:00+00:00,0.18319644464446438,0.0,0.7932177348551361,0.4515151515151515
2021-09-08 12:00:00+00:00,0.1837308730873087,0.0,0.79657594381036,0.4502164502164502
2021-09-08 12:15:00+00:00,0.1870030753075307,0.0,0.7958516242317824,0.4506493506493506
2021-09-08 12:30:00+00:00,0.1902752775277527,0.0,0.7951273046532046,0.451082251082251
2021-09-08 12:45:00+00:00,0.19354747974797476,0.0,0.7944029850746268,0.4515151515151514
2021-09-08 13:00:00+00:00,0.1968196819681968,0.0,0.7936786654960492,0.4519480519480519
2021-09-08 13:15:00+00:00,0.200551305130513,0.0,0.792449517120281,0.44848484848484843
2021-09-08 13:30:00+00:00,0.2042829282928292,0.0,0.7912203687445127,0.445021645021645
2021-09-08 13:45:00+00:00,0.20801455145514547,0.0,0.7899912203687445,0.44155844155844154
2021-09-08 14:00:00+00:00,0.2117461746174617,0.0,0.7887620719929763,0.4380952380952381
2021-09-08 14:15:00+00:00,0.21485898589858982,0.0,0.7695566286215979,0.4411255411255411
2021-09-08 14:30:00+00:00,0.2179717971797179,0.0,0.7503511852502195,0.4441558441558441
2021-09-08 14:45:00+00:00,0.221084608460846,0.0,0.7311457418788411,0.44718614718614713
2021-09-08 15:00:00+00:00,0.2241974197419741,0.0,0.7119402985074627,0.4502164502164502
2021-09-08 15:15:00+00:00,0.22611948694869477,0.0,0.6645083406496928,0.46147186147186137
2021-09-08 15:30:00+00:00,0.2280415541554154,0.0,0.6170763827919228,0.4727272727272726
2021-09-08 15:45:00+00:00,0.2299636213621361,0.0,0.5696444249341528,0.4839826839826839
2021-09-08 16:00:00+00:00,0.2318856885688568,0.0,0.5222124670763828,0.4952380952380952
2021-09-08 16:15:00+00:00,0.23408903390339025,0.0,0.4523266022827041,0.5041125541125541
2021-09-08 16:30:00+00:00,0.2362923792379237,0.0,0.3824407374890254,0.512987012987013
2021-09-08 16:45:00+00:00,0.2384957245724572,0.0,0.31255487269534676,0.5218614718614718
2021-09-08 17:00:00+00:00,0.2406990699069907,0.0,0.2426690079016681,0.5307359307359307
2021-09-08 17:15:00+00:00,0.23851447644764473,0.0,0.19721246707638274,0.5341991341991342
2021-09-08 17:30:00+00:00,0.2363298829882988,0.0,0.1517559262510974,0.5376623376623377
2021-09-08 17:45:00+00:00,0.23414528952895286,0.0,0.10629938542581205,0.5411255411255411
2021-09-08 18:00:00+00:00,0.2319606960696069,0.0,0.0608428446005267,0.5445887445887446
2021-09-08 18:15:00+00:00,0.23001050105010495,0.0,0.05500438981562765,0.5476190476190477
2021-09-08 18:30:00+00:00,0.228060306030603,0.0,0.0491659350307286,0.5506493506493506
2021-09-08 18:45:00+00:00,0.22611011101110107,0.0,0.0433274802458296,0.5536796536796537
2021-09-08 19:00:00+00:00,0.2241599159915991,0.0,0.0374890254609306,0.5567099567099567
2021-09-08 19:15:00+00:00,0.22516314131413134,0.0,0.03636962247585595,0.551948051948052
2021-09-08 19:30:00+00:00,0.2261663666366636,0.0,0.0352502194907813,0.5471861471861472
2021-09-08 19:45:00+00:00,0.22716959195919584,0.0,0.0341308165057067,0.5424242424242425
2021-09-08 20:00:00+00:00,0.2281728172817281,0.0,0.0330114135206321,0.5376623376623376
2021-09-08 20:15:00+00:00,0.22872599759975992,0.0,0.0314530289727831,0.5244588744588744
2021-09-08 20:30:00+00:00,0.2292791779177917,0.0,0.0298946444249341,0.5112554112554112
2021-09-08 20:45:00+00:00,0.2298323582358235,0.0,0.0283362598770851,0.49805194805194797
2021-09-08 21:00:00+00:00,0.2303855385538553,0.0,0.0267778753292361,0.4848484848484848
2021-09-08 21:15:00+00:00,0.2299167416741673,0.0,0.02456101843722555,0.48030303030303023
2021-09-08 21:30:00+00:00,0.2294479447944793,0.0,0.022344161545215,0.4757575757575757
2021-09-08 21:45:00+00:00,0.2289791479147914,0.0,0.0201273046532045,0.4712121212121212
2021-09-08 22:00:00+00:00,0.2285103510351035,0.0,0.017910447761194,0.4666666666666667
2021-09-08 22:15:00+00:00,0.22716021602160213,0.0,0.017910447761194,0.4636363636363636
2021-09-08 22:30:00+00:00,0.2258100810081008,0.0,0.017910447761194,0.4606060606060606
2021-09-08 22:45:00+00:00,0.22445994599459945,0.0,0.017910447761194,0.4575757575757575
2021-09-08 23:00:00+00:00,0.2231098109810981,0.0,0.017910447761194,0.4545454545454545
2021-09-08 23:15:00+00:00,0.22239723972397235,0.0,0.017537313432835752,0.4528138528138527
2021-09-08 23:30:00+00:00,0.2216846684668466,0.0,0.0171641791044775,0.451082251082251
2021-09-08 23:45:00+00:00,0.22097209720972089,0.0,0.0167910447761193,0.4493506493506493
2021-09-09 00:00:00+00:00,0.2202595259525952,0.0,0.0164179104477611,0.4476190476190476
2021-09-09 00:15:00+00:00,0.2162372487248724,0.0,0.0157155399473221,0.4489177489177489
2021-09-09 00:30:00+00:00,0.2122149714971496,0.0,0.0150131694468831,0.4502164502164502
2021-09-09 00:45:00+00:00,0.20819269426942685,0.0,0.01431079894644415,0.4515151515151515
2021-09-09 01:00:00+00:00,0.2041704170417041,0.0,0.0136084284460052,0.4528138528138528
2021-09-09 01:15:00+00:00,0.20083258325832576,0.0,0.012664618086040299,0.45346320346320346
2021-09-09 01:30:00+00:00,0.1974947494749474,0.0,0.0117208077260754,0.4541125541125541
2021-09-09 01:45:00+00:00,0.19415691569156912,0.0,0.01077699736611055,0.4547619047619047
2021-09-09 02:00:00+00:00,0.1908190819081908,0.0,0.0098331870061457,0.4554112554112554
2021-09-09 02:15:00+00:00,0.1862248724872487,0.0,0.0093942054433713,0.45346320346320346
2021-09-09 02:30:00+00:00,0.1816306630663066,0.0,0.0089552238805969,0.4515151515151515
2021-09-09 02:45:00+00:00,0.1770364536453645,0.0,0.00851624231782255,0.4495670995670995
2021-09-09 03:00:00+00:00,0.1724422442244224,0.0,0.0080772607550482,0.4476190476190476
2021-09-09 03:15:00+00:00,0.1711671167116711,0.0,0.0076821773485512505,0.44567099567099566
2021-09-09 03:30:00+00:00,0.1698919891989198,0.0,0.0072870939420543,0.4437229437229437
2021-09-09 03:45:00+00:00,0.16861686168616855,0.0,0.006892010535557399,0.4417748917748917
2021-09-09 04:00:00+00:00,0.1673417341734173,0.0,0.0064969271290605,0.4398268398268398
2021-09-09 04:15:00+00:00,0.16630100510050994,0.0,0.006189640035118399,0.4435064935064934
2021-09-09 04:30:00+00:00,0.1652602760276026,0.0,0.0058823529411763,0.4471861471861471
2021-09-09 04:45:00+00:00,0.16421954695469534,0.0,0.0055750658472343,0.4508658008658008
2021-09-09 05:00:00+00:00,0.1631788178817881,0.0,0.0052677787532923,0.4545454545454545
2021-09-09 05:15:00+00:00,0.15878150315031495,0.0,0.02144424934152755,0.46060606060606046
2021-09-09 05:30:00+00:00,0.1543841884188418,0.0,0.0376207199297628,0.4666666666666665
2021-09-09 05:45:00+00:00,0.14998687368736868,0.0,0.05379719051799815,0.4727272727272726
2021-09-09 06:00:00+00:00,0.1455895589558956,0.0,0.0699736611062335,0.4787878787878787
2021-09-09 06:15:00+00:00,0.1401890189018902,0.0,0.1251755926251097,0.48484848484848475
2021-09-09 06:30:00+00:00,0.1347884788478848,0.0,0.1803775241439859,0.4909090909090908
2021-09-09 06:45:00+00:00,0.1293879387938794,0.0,0.2355794556628621,0.49696969696969695
2021-09-09 07:00:00+00:00,0.123987398739874,0.0,0.2907813871817383,0.503030303030303
2021-09-09 07:15:00+00:00,0.12347172217221719,0.0,0.3473441615452151,0.5077922077922078
2021-09-09 07:30:00+00:00,0.1229560456045604,0.0,0.4039069359086918,0.5125541125541125
2021-09-09 07:45:00+00:00,0.12244036903690365,0.0,0.46046971027216854,0.5173160173160173
2021-09-09 08:00:00+00:00,0.1219246924692469,0.0,0.5170324846356453,0.522077922077922
2021-09-09 08:15:00+00:00,0.12223409840984095,0.0,0.544315188762072,0.52012987012987
2021-09-09 08:30:00+00:00,0.122543504350435,0.0,0.5715978928884987,0.5181818181818181
2021-09-09 08:45:00+00:00,0.12285291029102904,0.0,0.5988805970149254,0.5162337662337662
2021-09-09 09:00:00+00:00,0.1231623162316231,0.0,0.6261633011413521,0.5142857142857142
2021-09-09 09:15:00+00:00,0.12233723372337225,0.0,0.6434811237928008,0.5110389610389611
2021-09-09 09:30:00+00:00,0.1215121512151214,0.0,0.6607989464442494,0.5077922077922078
2021-09-09 09:45:00+00:00,0.1206870687068706,0.0,0.678116769095698,0.5045454545454545
2021-09-09 10:00:00+00:00,0.1198619861986198,0.0,0.6954345917471466,0.5012987012987012
2021-09-09 10:15:00+00:00,0.1202745274527452,0.0,0.6998244073748903,0.5032467532467533
2021-09-09 10:30:00+00:00,0.1206870687068706,0.0,0.7042142230026338,0.5051948051948052
2021-09-09 10:45:00+00:00,0.12109960996099606,0.0,0.7086040386303775,0.5071428571428571
2021-09-09 11:00:00+00:00,0.1215121512151215,0.0,0.7129938542581211,0.509090909090909
2021-09-09 11:15:00+00:00,0.12758775877587755,0.0,0.7063432835820895,0.5056277056277056
2021-09-09 11:30:00+00:00,0.1336633663366336,0.0,0.699692712906058,0.5021645021645021
2021-09-09 11:45:00+00:00,0.1397389738973897,0.0,0.6930421422300264,0.49870129870129865
2021-09-09 12:00:00+00:00,0.1458145814581458,0.0,0.6863915715539948,0.4952380952380952
2021-09-09 12:15:00+00:00,0.15304342934293425,0.0,0.675702370500439,0.4898268398268397
2021-09-09 12:30:00+00:00,0.1602722772277227,0.0,0.6650131694468833,0.4844155844155843
2021-09-09 12:45:00+00:00,0.1675011251125112,0.0,0.6543239683933275,0.4790043290043289
2021-09-09 13:00:00+00:00,0.1747299729972997,0.0,0.6436347673397718,0.4735930735930735
2021-09-09 13:15:00+00:00,0.17893976897689765,0.0,0.6318481123792801,0.47012987012987006
2021-09-09 13:30:00+00:00,0.1831495649564956,0.0,0.6200614574187884,0.4666666666666666
2021-09-09 13:45:00+00:00,0.18735936093609357,0.0,0.6082748024582967,0.4632034632034632
2021-09-09 14:00:00+00:00,0.1915691569156915,0.0,0.5964881474978051,0.4597402597402597
2021-09-09 14:15:00+00:00,0.19817919291929187,0.0,0.5798507462686566,0.4606060606060606
2021-09-09 14:30:00+00:00,0.2047892289228922,0.0,0.5632133450395083,0.4614718614718615
2021-09-09 14:45:00+00:00,0.21139926492649258,0.0,0.5465759438103599,0.4623376623376623
2021-09-09 15:00:00+00:00,0.218009300930093,0.0,0.5299385425812115,0.4632034632034632
2021-09-09 15:15:00+00:00,0.22036266126612658,0.0,0.5053116769095697,0.46515151515151515
2021-09-09 15:30:00+00:00,0.2227160216021602,0.0,0.4806848112379279,0.4670995670995671
2021-09-09 15:45:00+00:00,0.2250693819381938,0.0,0.45605794556628615,0.46904761904761905
2021-09-09 16:00:00+00:00,0.2274227422742274,0.0,0.4314310798946444,0.470995670995671
2021-09-09 16:15:00+00:00,0.22884788478847878,0.0,0.3786654960491659,0.48658008658008656
2021-09-09 16:30:00+00:00,0.2302730273027302,0.0,0.3258999122036874,0.5021645021645021
2021-09-09 16:45:00+00:00,0.23169816981698166,0.0,0.2731343283582089,0.5177489177489177
2021-09-09 17:00:00+00:00,0.2331233123312331,0.0,0.2203687445127304,0.5333333333333333
2021-09-09 17:15:00+00:00,0.22659765976597657,0.0,0.17901668129938536,0.5428571428571429
2021-09-09 17:30:00+00:00,0.22007200720072,0.0,0.1376646180860403,0.5523809523809524
2021-09-09 17:45:00+00:00,0.2135463546354635,0.0,0.0963125548726953,0.5619047619047619
2021-09-09 18:00:00+00:00,0.207020702070207,0.0,0.0549604916593503,0.5714285714285714
2021-09-09 18:15:00+00:00,0.1992199219921992,0.0,0.0490781387181738,0.5623376623376624
2021-09-09 18:30:00+00:00,0.1914191419141914,0.0,0.0431957857769973,0.5532467532467532
2021-09-09 18:45:00+00:00,0.1836183618361836,0.0,0.03731343283582085,0.5441558441558441
2021-09-09 19:00:00+00:00,0.1758175817581758,0.0,0.0314310798946444,0.535064935064935
2021-09-09 19:15:00+00:00,0.17301417641764175,0.0,0.029587357330992048,0.532034632034632
2021-09-09 19:30:00+00:00,0.1702107710771077,0.0,0.0277436347673397,0.5290043290043289
2021-09-09 19:45:00+00:00,0.16740736573657367,0.0,0.025899912203687397,0.525974025974026
2021-09-09 20:00:00+00:00,0.1646039603960396,0.0,0.0240561896400351,0.5229437229437229
2021-09-09 20:15:00+00:00,0.16248499849984996,0.0,0.02269534679543455,0.517965367965368
2021-09-09 20:30:00+00:00,0.1603660366036603,0.0,0.021334503950834,0.512987012987013
2021-09-09 20:45:00+00:00,0.1582470747074707,0.0,0.019973661106233498,0.508008658008658
2021-09-09 21:00:00+00:00,0.1561281128112811,0.0,0.018612818261633,0.503030303030303
2021-09-09 21:15:00+00:00,0.15809705970597054,0.0,0.0175373134328358,0.49112554112554113
2021-09-09 21:30:00+00:00,0.16006600660066,0.0,0.0164618086040386,0.4792207792207792
2021-09-09 21:45:00+00:00,0.16203495349534952,0.0,0.0153863037752414,0.4673160173160173
2021-09-09 22:00:00+00:00,0.164003900390039,0.0,0.0143107989464442,0.4554112554112554
2021-09-09 22:15:00+00:00,0.16583220822082206,0.0,0.01426690079016675,0.4532467532467532
2021-09-09 22:30:00+00:00,0.1676605160516051,0.0,0.0142230026338893,0.451082251082251
2021-09-09 22:45:00+00:00,0.1694888238823882,0.0,0.0141791044776119,0.4489177489177488
2021-09-09 23:00:00+00:00,0.1713171317131713,0.0,0.0141352063213345,0.4467532467532467
2021-09-09 23:15:00+00:00,0.16781990699069904,0.0,0.0133450395083406,0.44480519480519476
2021-09-09 23:30:00+00:00,0.1643226822682268,0.0,0.0125548726953467,0.4428571428571428
2021-09-09 23:45:00+00:00,0.16082545754575453,0.0,0.01176470588235285,0.4409090909090908
2021-09-10 00:00:00+00:00,0.1573282328232823,0.0,0.010974539069359,0.4389610389610389
2021-09-10 00:15:00+00:00,0.1526683918391839,0.0,0.0105136084284459,0.43961038961038956
2021-09-10 00:30:00+00:00,0.1480085508550855,0.0,0.0100526777875328,0.4402597402597402
2021-09-10 00:45:00+00:00,0.14334870987098708,0.0,0.00959174714661975,0.4409090909090908
2021-09-10 01:00:00+00:00,0.1386888688868887,0.0,0.0091308165057067,0.4415584415584415
2021-09-10 01:15:00+00:00,0.13249137413741374,0.0,0.00910886742756795,0.4417748917748917
2021-09-10 01:30:00+00:00,0.1262938793879388,0.0,0.0090869183494292,0.4419913419913419
2021-09-10 01:45:00+00:00,0.12009638463846384,0.0,0.0090649692712905,0.44220779220779216
2021-09-10 02:00:00+00:00,0.1138988898889889,0.0,0.0090430201931518,0.4424242424242424
2021-09-10 02:15:00+00:00,0.11401140114011395,0.0,0.0083406496927128,0.44069264069264064
2021-09-10 02:30:00+00:00,0.114123912391239,0.0,0.0076382791922738,0.4389610389610389
2021-09-10 02:45:00+00:00,0.11423642364236414,0.0,0.00693590869183485,0.4372294372294372
2021-09-10 03:00:00+00:00,0.1143489348934893,0.0,0.0062335381913959,0.4354978354978355
2021-09-10 03:15:00+00:00,0.1136926192619261,0.0,0.0062554872695346,0.44675324675324674
2021-09-10 03:30:00+00:00,0.1130363036303629,0.0,0.0062774363476733,0.458008658008658
2021-09-10 03:45:00+00:00,0.11237998799879981,0.0,0.00629938542581205,0.4692640692640693
2021-09-10 04:00:00+00:00,0.1117236723672367,0.0,0.0063213345039508,0.4805194805194805
2021-09-10 04:15:00+00:00,0.1082170717071707,0.0,0.0067164179104477004,0.4902597402597403
2021-09-10 04:30:00+00:00,0.1047104710471047,0.0,0.0071115013169446,0.5
2021-09-10 04:45:00+00:00,0.1012038703870387,0.0,0.00750658472344155,0.5097402597402597
2021-09-10 05:00:00+00:00,0.0976972697269727,0.0,0.0079016681299385,0.5194805194805194
2021-09-10 05:15:00+00:00,0.0929999249924992,0.0,0.0275241439859525,0.5235930735930736
2021-09-10 05:30:00+00:00,0.0883025802580257,0.0,0.0471466198419665,0.5277056277056277
2021-09-10 05:45:00+00:00,0.0836052355235523,0.0,0.06676909569798059,0.5318181818181817
2021-09-10 06:00:00+00:00,0.0789078907890789,0.0,0.0863915715539947,0.5359307359307359
2021-09-10 06:15:00+00:00,0.07597322232223214,0.0,0.15717734855136078,0.5279220779220779
2021-09-10 06:30:00+00:00,0.0730385538553854,0.0,0.2279631255487269,0.5199134199134199
2021-09-10 06:45:00+00:00,0.07010388538853875,0.0,0.29874890254609304,0.5119047619047619
2021-09-10 07:00:00+00:00,0.0671692169216921,0.0,0.3695346795434592,0.5038961038961038
2021-09-10 07:15:00+00:00,0.0657815781578157,0.0,0.44277875329236177,0.5006493506493507
2021-09-10 07:30:00+00:00,0.0643939393939393,0.0,0.5160228270412643,0.4974025974025974
2021-09-10 07:45:00+00:00,0.06300630063006295,0.0,0.5892669007901669,0.4941558441558442
2021-09-10 08:00:00+00:00,0.0616186618661866,0.0,0.6625109745390694,0.4909090909090909
2021-09-10 08:15:00+00:00,0.061562406240624,0.0,0.7029850746268657,0.4913419913419913
2021-09-10 08:30:00+00:00,0.0615061506150614,0.0,0.7434591747146619,0.4917748917748917
2021-09-10 08:45:00+00:00,0.06144989498949885,0.0,0.7839332748024583,0.49220779220779215
2021-09-10 09:00:00+00:00,0.0613936393639363,0.0,0.8244073748902546,0.4926406926406926
2021-09-10 09:15:00+00:00,0.0631938193819381,0.0,0.8377304653204566,0.49220779220779215
2021-09-10 09:30:00+00:00,0.0649939993999399,0.0,0.8510535557506584,0.4917748917748917
2021-09-10 09:45:00+00:00,0.06679417941794175,0.0,0.8643766461808604,0.4913419913419913
2021-09-10 10:00:00+00:00,0.0685943594359436,0.0,0.8776997366110624,0.4909090909090909
2021-09-10 10:15:00+00:00,0.071538403840384,0.0,0.882638279192274,0.488095238095238
2021-09-10 10:30:00+00:00,0.0744824482448244,0.0,0.8875768217734855,0.4852813852813852
2021-09-10 10:45:00+00:00,0.07742649264926485,0.0,0.892515364354697,0.4824675324675324
2021-09-10 11:00:00+00:00,0.0803705370537053,0.0,0.8974539069359087,0.4796536796536796
2021-09-10 11:15:00+00:00,0.08209570957095699,0.0,0.8942932396839333,0.4816017316017316
2021-09-10 11:30:00+00:00,0.0838208820882087,0.0,0.8911325724319579,0.4835497835497835
2021-09-10 11:45:00+00:00,0.08554605460546044,0.0,0.8879719051799824,0.48549783549783543
2021-09-10 12:00:00+00:00,0.0872712271227122,0.0,0.884811237928007,0.4874458874458874
2021-09-10 12:15:00+00:00,0.08970897089708965,0.0,0.8822212467076382,0.4846320346320345
2021-09-10 12:30:00+00:00,0.0921467146714671,0.0,0.8796312554872695,0.4818181818181817
2021-09-10 12:45:00+00:00,0.09458445844584454,0.0,0.8770412642669008,0.4790043290043289
2021-09-10 13:00:00+00:00,0.097022202220222,0.0,0.874451273046532,0.4761904761904761
2021-09-10 13:15:00+00:00,0.09882238223822379,0.0,0.8692932396839332,0.472077922077922
2021-09-10 13:30:00+00:00,0.1006225622562256,0.0,0.8641352063213346,0.4679653679653679
2021-09-10 13:45:00+00:00,0.1024227422742274,0.0,0.8589771729587358,0.46385281385281385
2021-09-10 14:00:00+00:00,0.1042229222922292,0.0,0.853819139596137,0.4597402597402597
2021-09-10 14:15:00+00:00,0.1039416441644164,0.0,0.8388937664618086,0.46190476190476193
2021-09-10 14:30:00+00:00,0.1036603660366036,0.0,0.8239683933274802,0.4640692640692641
2021-09-10 14:45:00+00:00,0.10337908790879086,0.0,0.8090430201931518,0.4662337662337662
2021-09-10 15:00:00+00:00,0.1030978097809781,0.0,0.7941176470588235,0.4683982683982684
2021-09-10 15:15:00+00:00,0.1023102310231023,0.0,0.7502633889376646,0.47186147186147187
2021-09-10 15:30:00+00:00,0.1015226522652265,0.0,0.7064091308165057,0.4753246753246753
2021-09-10 15:45:00+00:00,0.1007350735073507,0.0,0.6625548726953467,0.47878787878787876
2021-09-10 16:00:00+00:00,0.0999474947494749,0.0,0.6187006145741879,0.4822510822510822
2021-09-10 16:15:00+00:00,0.09861611161116104,0.0,0.5444468832309043,0.4945887445887446
2021-09-10 16:30:00+00:00,0.0972847284728472,0.0,0.4701931518876207,0.5069264069264069
2021-09-10 16:45:00+00:00,0.0959533453345334,0.0,0.39593942054433706,0.5192640692640693
2021-09-10 17:00:00+00:00,0.0946219621962196,0.0,0.3216856892010535,0.5316017316017316
2021-09-10 17:15:00+00:00,0.0937687518751875,0.0,0.2636303775241439,0.5385281385281385
2021-09-10 17:30:00+00:00,0.0929155415541554,0.0,0.2055750658472343,0.5454545454545454
2021-09-10 17:45:00+00:00,0.0920623312331233,0.0,0.14751975417032476,0.5523809523809524
2021-09-10 18:00:00+00:00,0.0912091209120912,0.0,0.0894644424934152,0.5593073593073593
2021-09-10 18:15:00+00:00,0.0904402940294029,0.0,0.08140913081650561,0.5571428571428572
2021-09-10 18:30:00+00:00,0.0896714671467146,0.0,0.073353819139596,0.5549783549783549
2021-09-10 18:45:00+00:00,0.08890264026402636,0.0,0.06529850746268645,0.5528138528138528
2021-09-10 19:00:00+00:00,0.0881338133813381,0.0,0.0572431957857769,0.5506493506493506
2021-09-10 19:15:00+00:00,0.0870274527452745,0.0,0.05594820017559255,0.5478354978354978
2021-09-10 19:30:00+00:00,0.0859210921092109,0.0,0.0546532045654082,0.545021645021645
2021-09-10 19:45:00+00:00,0.0848147314731473,0.0,0.05335820895522385,0.5422077922077921
2021-09-10 20:00:00+00:00,0.0837083708370837,0.0,0.0520632133450395,0.5393939393939394
2021-09-10 20:15:00+00:00,0.08525540054005395,0.0,0.0507462686567164,0.5335497835497836
2021-09-10 20:30:00+00:00,0.0868024302430242,0.0,0.0494293239683933,0.5277056277056278
2021-09-10 20:45:00+00:00,0.0883494599459945,0.0,0.0481123792800702,0.5218614718614719
2021-09-10 21:00:00+00:00,0.0898964896489648,0.0,0.0467954345917471,0.516017316017316
2021-09-10 21:15:00+00:00,0.0896245874587458,0.0,0.04556628621597885,0.5112554112554113
2021-09-10 21:30:00+00:00,0.0893526852685268,0.0,0.0443371378402106,0.5064935064935064
2021-09-10 21:45:00+00:00,0.0890807830783078,0.0,0.0431079894644424,0.5017316017316017
2021-09-10 22:00:00+00:00,0.0888088808880888,0.0,0.0418788410886742,0.4969696969696969
2021-09-10 22:15:00+00:00,0.08466471647164715,0.0,0.0412642669007901,0.49545454545454537
2021-09-10 22:30:00+00:00,0.0805205520552055,0.0,0.040649692712906,0.4939393939393939
2021-09-10 22:45:00+00:00,0.07637638763876385,0.0,0.040035118525021895,0.49242424242424243
2021-09-10 23:00:00+00:00,0.0722322232223222,0.0,0.0394205443371378,0.4909090909090909
2021-09-10 23:15:00+00:00,0.06808805880588055,0.0,0.03658911325724315,0.487012987012987
2021-09-10 23:30:00+00:00,0.0639438943894389,0.0,0.0337576821773485,0.4831168831168831
2021-09-10 23:45:00+00:00,0.05979972997299725,0.0,0.030926251097453852,0.4792207792207792
2021-09-11 00:00:00+00:00,0.0556555655565556,0.0,0.0280948200175592,0.4753246753246753
2021-09-11 00:15:00+00:00,0.0530209270927092,0.0,0.024187884108867352,0.47186147186147187
2021-09-11 00:30:00+00:00,0.0503862886288628,0.0,0.0202809482001755,0.4683982683982684
2021-09-11 00:45:00+00:00,0.04775165016501645,0.0,0.0163740122914837,0.464935064935065
2021-09-11 01:00:00+00:00,0.0451170117011701,0.0,0.0124670763827919,0.4614718614718615
2021-09-11 01:15:00+00:00,0.0433637113711371,0.0,0.0118964003511852,0.461038961038961
2021-09-11 01:30:00+00:00,0.0416104110411041,0.0,0.0113257243195785,0.4606060606060606
2021-09-11 01:45:00+00:00,0.0398571107110711,0.0,0.010755048287971851,0.4601731601731601
2021-09-11 02:00:00+00:00,0.0381038103810381,0.0,0.0101843722563652,0.4597402597402597
2021-09-11 02:15:00+00:00,0.03743811881188115,0.0,0.00963564530289725,0.4569264069264069
2021-09-11 02:30:00+00:00,0.0367724272427242,0.0,0.0090869183494293,0.4541125541125541
2021-09-11 02:45:00+00:00,0.0361067356735673,0.0,0.008538191395961351,0.4512987012987013
2021-09-11 03:00:00+00:00,0.0354410441044104,0.0,0.0079894644424934,0.4484848484848485
2021-09-11 03:15:00+00:00,0.0344659465946594,0.0,0.0076821773485513,0.4484848484848485
2021-09-11 03:30:00+00:00,0.0334908490849084,0.0,0.0073748902546092,0.4484848484848485
2021-09-11 03:45:00+00:00,0.03251575157515745,0.0,0.00706760316066715,0.4484848484848485
2021-09-11 04:00:00+00:00,0.0315406540654065,0.0,0.0067603160667251,0.4484848484848485
2021-09-11 04:15:00+00:00,0.0313343834383438,0.0,0.006782265144863801,0.45584415584415583
2021-09-11 04:30:00+00:00,0.0311281128112811,0.0,0.0068042142230025,0.4632034632034632
2021-09-11 04:45:00+00:00,0.030921842184218402,0.0,0.0068261633011412505,0.4705627705627705
2021-09-11 05:00:00+00:00,0.0307155715571557,0.0,0.00684811237928,0.4779220779220779
2021-09-11 05:15:00+00:00,0.031409390939093854,0.0,0.02201492537313425,0.4822510822510822
2021-09-11 05:30:00+00:00,0.032103210321032,0.0,0.0371817383669885,0.4865800865800865
2021-09-11 05:45:00+00:00,0.0327970297029702,0.0,0.0523485513608428,0.49090909090909085
2021-09-11 06:00:00+00:00,0.0334908490849084,0.0,0.0675153643546971,0.4952380952380952
2021-09-11 06:15:00+00:00,0.0325907590759075,0.0,0.12559262510974534,0.4976190476190476
2021-09-11 06:30:00+00:00,0.0316906690669066,0.0,0.1836698858647936,0.5
2021-09-11 06:45:00+00:00,0.0307905790579057,0.0,0.2417471466198419,0.5023809523809524
2021-09-11 07:00:00+00:00,0.0298904890489048,0.0,0.2998244073748902,0.5047619047619047
2021-09-11 07:15:00+00:00,0.02872787278727865,0.0,0.36532045654082523,0.5069264069264069
2021-09-11 07:30:00+00:00,0.0275652565256525,0.0,0.4308165057067603,0.509090909090909
2021-09-11 07:45:00+00:00,0.02640264026402635,0.0,0.4963125548726953,0.5112554112554113
2021-09-11 08:00:00+00:00,0.0252400240024002,0.0,0.5618086040386304,0.5134199134199134
2021-09-11 08:15:00+00:00,0.0277715271527152,0.0,0.6029411764705883,0.5099567099567099
2021-09-11 08:30:00+00:00,0.0303030303030302,0.0,0.6440737489025461,0.5064935064935064
2021-09-11 08:45:00+00:00,0.03283453345334525,0.0,0.6852063213345039,0.5030303030303029
2021-09-11 09:00:00+00:00,0.0353660366036603,0.0,0.7263388937664618,0.4995670995670995
2021-09-11 09:15:00+00:00,0.040016501650164946,0.0,0.7401009657594381,0.49480519480519475
2021-09-11 09:30:00+00:00,0.0446669666966696,0.0,0.7538630377524144,0.49004329004329
2021-09-11 09:45:00+00:00,0.04931743174317425,0.0,0.7676251097453907,0.48528138528138526
2021-09-11 10:00:00+00:00,0.0539678967896789,0.0,0.781387181738367,0.4805194805194805
2021-09-11 10:15:00+00:00,0.05762451245124505,0.0,0.7896400351185251,0.4781385281385281
2021-09-11 10:30:00+00:00,0.0612811281128112,0.0,0.7978928884986831,0.4757575757575757
2021-09-11 10:45:00+00:00,0.0649377437743774,0.0,0.8061457418788411,0.47337662337662334
2021-09-11 11:00:00+00:00,0.0685943594359436,0.0,0.8143985952589992,0.470995670995671
2021-09-11 11:15:00+00:00,0.07091021602160211,0.0,0.8061676909569798,0.47077922077922074
2021-09-11 11:30:00+00:00,0.0732260726072606,0.0,0.7979367866549605,0.4705627705627705
2021-09-11 11:45:00+00:00,0.0755419291929192,0.0,0.7897058823529411,0.4703463203463203
2021-09-11 12:00:00+00:00,0.0778577857785778,0.0,0.7814749780509218,0.4701298701298701
2021-09-11 12:15:00+00:00,0.0772577257725772,0.0,0.77585601404741,0.46493506493506487
2021-09-11 12:30:00+00:00,0.0766576657665766,0.0,0.7702370500438982,0.4597402597402596
2021-09-11 12:45:00+00:00,0.07605760576057599,0.0,0.7646180860403864,0.4545454545454545
2021-09-11 13:00:00+00:00,0.0754575457545754,0.0,0.7589991220368745,0.4493506493506493
2021-09-11 13:15:00+00:00,0.07469809480948089,0.0,0.7426470588235294,0.4452380952380952
2021-09-11 13:30:00+00:00,0.0739386438643864,0.0,0.7262949956101844,0.4411255411255411
2021-09-11 13:45:00+00:00,0.0731791929192919,0.0,0.7099429323968394,0.43701298701298696
2021-09-11 14:00:00+00:00,0.0724197419741974,0.0,0.6935908691834943,0.4329004329004329
2021-09-11 14:15:00+00:00,0.07284165916591655,0.0,0.6851185250219491,0.4296536796536797
2021-09-11 14:30:00+00:00,0.0732635763576357,0.0,0.6766461808604038,0.4264069264069264
2021-09-11 14:45:00+00:00,0.0736854935493549,0.0,0.6681738366988587,0.4231601731601732
2021-09-11 15:00:00+00:00,0.0741074107410741,0.0,0.6597014925373135,0.4199134199134199
2021-09-11 15:15:00+00:00,0.07418241824182414,0.0,0.6252194907813873,0.4248917748917749
2021-09-11 15:30:00+00:00,0.0742574257425742,0.0,0.590737489025461,0.4298701298701298
2021-09-11 15:45:00+00:00,0.07433243324332431,0.0,0.5562554872695347,0.4348484848484848
2021-09-11 16:00:00+00:00,0.0744074407440744,0.0,0.5217734855136085,0.4398268398268398
2021-09-11 16:15:00+00:00,0.07390114011401136,0.0,0.45796751536435476,0.4452380952380952
2021-09-11 16:30:00+00:00,0.0733948394839483,0.0,0.394161545215101,0.4506493506493506
2021-09-11 16:45:00+00:00,0.0728885388538853,0.0,0.33035557506584723,0.45606060606060606
2021-09-11 17:00:00+00:00,0.0723822382238223,0.0,0.2665496049165935,0.4614718614718615
2021-09-11 17:15:00+00:00,0.07095709570957084,0.0,0.21979806848112377,0.46493506493506487
2021-09-11 17:30:00+00:00,0.0695319531953194,0.0,0.173046532045654,0.4683982683982683
2021-09-11 17:45:00+00:00,0.068106810681068,0.0,0.1262949956101843,0.4718614718614718
2021-09-11 18:00:00+00:00,0.0666816681668166,0.0,0.0795434591747146,0.4753246753246753
2021-09-11 18:15:00+00:00,0.0614686468646864,0.0,0.0715978928884986,0.4766233766233766
2021-09-11 18:30:00+00:00,0.0562556255625562,0.0,0.0636523266022826,0.4779220779220779
2021-09-11 18:45:00+00:00,0.051042604260426,0.0,0.055706760316066646,0.4792207792207792
2021-09-11 19:00:00+00:00,0.0458295829582958,0.0,0.0477611940298507,0.4805194805194805
2021-09-11 19:15:00+00:00,0.04477947794779475,0.0,0.0464442493415276,0.48030303030303023
2021-09-11 19:30:00+00:00,0.0437293729372937,0.0,0.0451273046532045,0.48008658008658
2021-09-11 19:45:00+00:00,0.04267926792679265,0.0,0.0438103599648814,0.4798701298701298
2021-09-11 20:00:00+00:00,0.0416291629162916,0.0,0.0424934152765583,0.4796536796536796
2021-09-11 20:15:00+00:00,0.04119786978697865,0.0,0.0402107111501316,0.4772727272727272
2021-09-11 20:30:00+00:00,0.0407665766576657,0.0,0.0379280070237049,0.4748917748917748
2021-09-11 20:45:00+00:00,0.0403352835283528,0.0,0.03564530289727825,0.47251082251082244
2021-09-11 21:00:00+00:00,0.0399039903990399,0.0,0.0333625987708516,0.4701298701298701
2021-09-11 21:15:00+00:00,0.039388313831383095,0.0,0.03053116769095695,0.4675324675324675
2021-09-11 21:30:00+00:00,0.0388726372637263,0.0,0.0276997366110623,0.4649350649350649
2021-09-11 21:45:00+00:00,0.038356960696069545,0.0,0.024868305531167652,0.4623376623376623
2021-09-11 22:00:00+00:00,0.0378412841284128,0.0,0.022036874451273,0.4597402597402597
2021-09-11 22:15:00+00:00,0.0370255775577557,0.0,0.0191834942932396,0.45779220779220775
2021-09-11 22:30:00+00:00,0.0362098709870986,0.0,0.0163301141352062,0.4558441558441558
2021-09-11 22:45:00+00:00,0.035394164416441554,0.0,0.01347673397717285,0.4538961038961038
2021-09-11 23:00:00+00:00,0.0345784578457845,0.0,0.0106233538191395,0.4519480519480519
2021-09-11 23:15:00+00:00,0.034990999099909895,0.0,0.0101624231782264,0.45173160173160165
2021-09-11 23:30:00+00:00,0.0354035403540353,0.0,0.0097014925373133,0.4515151515151515
2021-09-11 23:45:00+00:00,0.03581608160816075,0.0,0.00924056189640025,0.4512987012987013
2021-09-12 00:00:00+00:00,0.0362286228622862,0.0,0.0087796312554872,0.4510822510822511
2021-09-12 00:15:00+00:00,0.03757875787578755,0.0,0.0087796312554872,0.45064935064935063
2021-09-12 00:30:00+00:00,0.0389288928892889,0.0,0.0087796312554872,0.4502164502164502
2021-09-12 00:45:00+00:00,0.040279027902790254,0.0,0.0087796312554872,0.44978354978354973
2021-09-12 01:00:00+00:00,0.0416291629162916,0.0,0.0087796312554872,0.4493506493506493
2021-09-12 01:15:00+00:00,0.042810531053105255,0.0,0.008757682177348451,0.44567099567099555
2021-09-12 01:30:00+00:00,0.0439918991899189,0.0,0.0087357330992097,0.4419913419913419
2021-09-12 01:45:00+00:00,0.0451732673267326,0.0,0.008713784021071001,0.43831168831168826
2021-09-12 02:00:00+00:00,0.0463546354635463,0.0,0.0086918349429323,0.4346320346320346
2021-09-12 02:15:00+00:00,0.0467859285928592,0.0,0.008713784021071001,0.4348484848484848
2021-09-12 02:30:00+00:00,0.0472172217221721,0.0,0.0087357330992097,0.435064935064935
2021-09-12 02:45:00+00:00,0.04764851485148505,0.0,0.008757682177348451,0.43528138528138527
2021-09-12 03:00:00+00:00,0.048079807980798,0.0,0.0087796312554872,0.4354978354978355
2021-09-12 03:15:00+00:00,0.047854785478547754,0.0,0.008757682177348451,0.4354978354978355
2021-09-12 03:30:00+00:00,0.0476297629762975,0.0,0.0087357330992097,0.4354978354978355
2021-09-12 03:45:00+00:00,0.0474047404740473,0.0,0.008713784021071001,0.4354978354978355
2021-09-12 04:00:00+00:00,0.0471797179717971,0.0,0.0086918349429323,0.4354978354978355
2021-09-12 04:15:00+00:00,0.04764851485148505,0.0,0.008713784021071001,0.4406926406926407
2021-09-12 04:30:00+00:00,0.048117311731173,0.0,0.0087357330992097,0.4458874458874459
2021-09-12 04:45:00+00:00,0.048586108610861004,0.0,0.008757682177348451,0.4510822510822511
2021-09-12 05:00:00+00:00,0.049054905490549,0.0,0.0087796312554872,0.4562770562770563
2021-09-12 05:15:00+00:00,0.04981435643564345,0.0,0.02537313432835815,0.4595238095238095
2021-09-12 05:30:00+00:00,0.0505738073807379,0.0,0.0419666374012291,0.4627705627705628
2021-09-12 05:45:00+00:00,0.05133325832583245,0.0,0.05856014047410005,0.466017316017316
2021-09-12 06:00:00+00:00,0.052092709270927,0.0,0.075153643546971,0.4692640692640693
2021-09-12 06:15:00+00:00,0.05230835583558345,0.0,0.1441395961369622,0.4712121212121212
2021-09-12 06:30:00+00:00,0.0525240024002399,0.0,0.2131255487269534,0.4731601731601731
2021-09-12 06:45:00+00:00,0.0527396489648964,0.0,0.2821115013169447,0.47510822510822504
2021-09-12 07:00:00+00:00,0.0529552955295529,0.0,0.3510974539069359,0.477056277056277
2021-09-12 07:15:00+00:00,0.052730273027302654,0.0,0.4304433713784021,0.4781385281385281
2021-09-12 07:30:00+00:00,0.0525052505250524,0.0,0.5097892888498683,0.4792207792207791
2021-09-12 07:45:00+00:00,0.0522802280228022,0.0,0.5891352063213344,0.48030303030303023
2021-09-12 08:00:00+00:00,0.052055205520552,0.0,0.6684811237928007,0.4813852813852813
2021-09-12 08:15:00+00:00,0.05328345334533445,0.0,0.7144644424934152,0.47965367965367955
2021-09-12 08:30:00+00:00,0.0545117011701169,0.0,0.7604477611940299,0.4779220779220778
2021-09-12 08:45:00+00:00,0.055739948994899396,0.0,0.8064310798946445,0.4761904761904761
2021-09-12 09:00:00+00:00,0.0569681968196819,0.0,0.852414398595259,0.4744588744588744
2021-09-12 09:15:00+00:00,0.05945282028202815,0.0,0.8661764705882353,0.4712121212121212
2021-09-12 09:30:00+00:00,0.0619374437443744,0.0,0.8799385425812116,0.4679653679653679
2021-09-12 09:45:00+00:00,0.06442206720672065,0.0,0.8937006145741879,0.4647186147186147
2021-09-12 10:00:00+00:00,0.0669066906690669,0.0,0.9074626865671642,0.4614718614718615
2021-09-12 10:15:00+00:00,0.07201657665766575,0.0,0.9098331870061458,0.4601731601731602
2021-09-12 10:30:00+00:00,0.0771264626462646,0.0,0.9122036874451274,0.4588744588744589
2021-09-12 10:45:00+00:00,0.08223634863486345,0.0,0.9145741878841089,0.4575757575757576
2021-09-12 11:00:00+00:00,0.0873462346234623,0.0,0.9169446883230904,0.4562770562770563
2021-09-12 11:15:00+00:00,0.09007463246324626,0.0,0.9143327480245829,0.45692640692640696
2021-09-12 11:30:00+00:00,0.0928030303030302,0.0,0.9117208077260754,0.4575757575757576
2021-09-12 11:45:00+00:00,0.0955314281428142,0.0,0.909108867427568,0.4582251082251082
2021-09-12 12:00:00+00:00,0.0982598259825982,0.0,0.9064969271290606,0.4588744588744589
2021-09-12 12:15:00+00:00,0.09912241224122406,0.0,0.9006584723441615,0.45519480519480515
2021-09-12 12:30:00+00:00,0.0999849984998499,0.0,0.8948200175592625,0.4515151515151515
2021-09-12 12:45:00+00:00,0.1008475847584758,0.0,0.8889815627743636,0.44783549783549775
2021-09-12 13:00:00+00:00,0.1017101710171017,0.0,0.8831431079894645,0.4441558441558441
2021-09-12 13:15:00+00:00,0.1014476447644764,0.0,0.8723222124670764,0.44134199134199126
2021-09-12 13:30:00+00:00,0.1011851185118511,0.0,0.8615013169446883,0.4385281385281385
2021-09-12 13:45:00+00:00,0.10092259225922584,0.0,0.8506804214223003,0.4357142857142857
2021-09-12 14:00:00+00:00,0.1006600660066006,0.0,0.8398595258999122,0.4329004329004329
2021-09-12 14:15:00+00:00,0.09926305130513045,0.0,0.8104038630377524,0.42987012987012985
2021-09-12 14:30:00+00:00,0.0978660366036603,0.0,0.7809482001755926,0.4268398268398268
2021-09-12 14:45:00+00:00,0.09646902190219014,0.0,0.7514925373134328,0.42380952380952375
2021-09-12 15:00:00+00:00,0.09507200720072,0.0,0.7220368744512731,0.4207792207792207
2021-09-12 15:15:00+00:00,0.0952782778277827,0.0,0.6687445127304653,0.42510822510822505
2021-09-12 15:30:00+00:00,0.0954845484548454,0.0,0.6154521510096576,0.4294372294372294
2021-09-12 15:45:00+00:00,0.09569081908190816,0.0,0.5621597892888499,0.43376623376623374
2021-09-12 16:00:00+00:00,0.0958970897089709,0.0,0.5088674275680422,0.4380952380952381
2021-09-12 16:15:00+00:00,0.09511888688868886,0.0,0.4345478489903424,0.44805194805194803
2021-09-12 16:30:00+00:00,0.0943406840684068,0.0,0.3602282704126426,0.458008658008658
2021-09-12 16:45:00+00:00,0.09356248124812475,0.0,0.2859086918349429,0.4679653679653679
2021-09-12 17:00:00+00:00,0.0927842784278427,0.0,0.2115891132572432,0.4779220779220779
2021-09-12 17:15:00+00:00,0.09416254125412529,0.0,0.17493415276558383,0.48636363636363633
2021-09-12 17:30:00+00:00,0.0955408040804079,0.0,0.1382791922739245,0.4948051948051948
2021-09-12 17:45:00+00:00,0.0969190669066906,0.0,0.10162423178226515,0.5032467532467533
2021-09-12 18:00:00+00:00,0.0982973297329733,0.0,0.0649692712906058,0.5116883116883116
2021-09-12 18:15:00+00:00,0.10044441944194415,0.0,0.06183055311676905,0.5025974025974025
2021-09-12 18:30:00+00:00,0.102591509150915,0.0,0.0586918349429323,0.4935064935064934
2021-09-12 18:45:00+00:00,0.1047385988598859,0.0,0.0555531167690956,0.48441558441558435
2021-09-12 19:00:00+00:00,0.1068856885688568,0.0,0.0524143985952589,0.4753246753246753
2021-09-12 19:15:00+00:00,0.1093984398439843,0.0,0.04945127304653195,0.47510822510822504
2021-09-12 19:30:00+00:00,0.1119111911191118,0.0,0.046488147497805,0.4748917748917748
2021-09-12 19:45:00+00:00,0.11442394239423935,0.0,0.04352502194907805,0.4746753246753246
2021-09-12 20:00:00+00:00,0.1169366936693669,0.0,0.0405618964003511,0.4744588744588744
2021-09-12 20:15:00+00:00,0.11901815181518145,0.0,0.03784021071115,0.4705627705627705
2021-09-12 20:30:00+00:00,0.121099609960996,0.0,0.0351185250219489,0.4666666666666667
2021-09-12 20:45:00+00:00,0.1231810681068106,0.0,0.032396839332747895,0.4627705627705628
2021-09-12 21:00:00+00:00,0.1252625262526252,0.0,0.0296751536435469,0.4588744588744589
2021-09-12 21:15:00+00:00,0.13051305130513047,0.0,0.02660228270412635,0.4554112554112554
2021-09-12 21:30:00+00:00,0.1357635763576357,0.0,0.0235294117647058,0.4519480519480519
2021-09-12 21:45:00+00:00,0.14101410141014095,0.0,0.02045654082528525,0.44848484848484843
2021-09-12 22:00:00+00:00,0.1462646264626462,0.0,0.0173836698858647,0.445021645021645
2021-09-12 22:15:00+00:00,0.15398102310231015,0.0,0.01635206321334495,0.4452380952380952
2021-09-12 22:30:00+00:00,0.1616974197419741,0.0,0.0153204565408252,0.4454545454545454
2021-09-12 22:45:00+00:00,0.1694138163816381,0.0,0.014288849868305451,0.44567099567099566
2021-09-12 23:00:00+00:00,0.1771302130213021,0.0,0.0132572431957857,0.4458874458874459
2021-09-12 23:15:00+00:00,0.1809555955595559,0.0,0.01319139596136955,0.445021645021645
2021-09-12 23:30:00+00:00,0.1847809780978097,0.0,0.0131255487269534,0.4441558441558441
2021-09-12 23:45:00+00:00,0.18860636063606356,0.0,0.01305970149253725,0.44329004329004323
2021-09-13 00:00:00+00:00,0.1924317431743174,0.0,0.0129938542581211,0.4424242424242424
2021-09-13 00:15:00+00:00,0.19331308130813074,0.0,0.0129938542581211,0.44199134199134194
2021-09-13 00:30:00+00:00,0.1941944194419441,0.0,0.0129938542581211,0.4415584415584415
2021-09-13 00:45:00+00:00,0.1950757575757575,0.0,0.0129938542581211,0.4411255411255411
2021-09-13 01:00:00+00:00,0.1959570957095709,0.0,0.0129938542581211,0.4406926406926407
2021-09-13 01:15:00+00:00,0.19566644164416436,0.0,0.0129938542581211,0.44025974025974024
2021-09-13 01:30:00+00:00,0.1953757875787578,0.0,0.0129938542581211,0.4398268398268398
2021-09-13 01:45:00+00:00,0.19508513351335124,0.0,0.0129938542581211,0.43939393939393934
2021-09-13 02:00:00+00:00,0.1947944794479447,0.0,0.0129938542581211,0.4389610389610389
2021-09-13 02:15:00+00:00,0.19741974197419732,0.0,0.012862159789288799,0.43679653679653674
2021-09-13 02:30:00+00:00,0.2000450045004499,0.0,0.0127304653204565,0.4346320346320346
2021-09-13 02:45:00+00:00,0.2026702670267026,0.0,0.0125987708516242,0.43246753246753245
2021-09-13 03:00:00+00:00,0.2052955295529553,0.0,0.0124670763827919,0.4303030303030303
2021-09-13 03:15:00+00:00,0.20764888988898889,0.0,0.0115452151009657,0.4307359307359307
2021-09-13 03:30:00+00:00,0.2100022502250225,0.0,0.0106233538191395,0.4311688311688311
2021-09-13 03:45:00+00:00,0.21235561056105612,0.0,0.009701492537313349,0.43160173160173154
2021-09-13 04:00:00+00:00,0.2147089708970897,0.0,0.0087796312554872,0.432034632034632
2021-09-13 04:15:00+00:00,0.22143151815181517,0.0,0.0087796312554872,0.4348484848484848
2021-09-13 04:30:00+00:00,0.2281540654065406,0.0,0.0087796312554872,0.4376623376623376
2021-09-13 04:45:00+00:00,0.2348766126612661,0.0,0.0087796312554872,0.44047619047619047
2021-09-13 05:00:00+00:00,0.2415991599159916,0.0,0.0087796312554872,0.4432900432900433
2021-09-13 05:15:00+00:00,0.23958333333333331,0.0,0.01466198419666365,0.44415584415584414
2021-09-13 05:30:00+00:00,0.237567506750675,0.0,0.0205443371378401,0.445021645021645
2021-09-13 05:45:00+00:00,0.23555168016801675,0.0,0.0264266900790166,0.44588744588744583
2021-09-13 06:00:00+00:00,0.2335358535853585,0.0,0.0323090430201931,0.4467532467532467
2021-09-13 06:15:00+00:00,0.22948544854485445,0.0,0.051316944688323055,0.4426406926406926
2021-09-13 06:30:00+00:00,0.2254350435043504,0.0,0.070324846356453,0.4385281385281385
2021-09-13 06:45:00+00:00,0.22138463846384634,0.0,0.08933274802458295,0.43441558441558437
2021-09-13 07:00:00+00:00,0.2173342334233423,0.0,0.1083406496927129,0.4303030303030303
2021-09-13 07:15:00+00:00,0.21991261626162611,0.0,0.1255267778753292,0.43116883116883115
2021-09-13 07:30:00+00:00,0.2224909990999099,0.0,0.1427129060579455,0.432034632034632
2021-09-13 07:45:00+00:00,0.22506938193819376,0.0,0.15989903424056184,0.43290043290043284
2021-09-13 08:00:00+00:00,0.2276477647764776,0.0,0.1770851624231782,0.4337662337662337
2021-09-13 08:15:00+00:00,0.2303667866786678,0.0,0.1968173836698858,0.43181818181818177
2021-09-13 08:30:00+00:00,0.233085808580858,0.0,0.2165496049165934,0.4298701298701298
2021-09-13 08:45:00+00:00,0.23580483048304823,0.0,0.23628182616330107,0.4279220779220778
2021-09-13 09:00:00+00:00,0.2385238523852385,0.0,0.2560140474100087,0.4259740259740259
2021-09-13 09:15:00+00:00,0.2452557755775577,0.0,0.2608428446005267,0.42575757575757567
2021-09-13 09:30:00+00:00,0.2519876987698769,0.0,0.2656716417910447,0.4255411255411255
2021-09-13 09:45:00+00:00,0.25871962196219617,0.0,0.27050043898156273,0.4253246753246753
2021-09-13 10:00:00+00:00,0.2654515451545154,0.0,0.2753292361720807,0.4251082251082251
2021-09-13 10:15:00+00:00,0.26853622862286225,0.0,0.2794556628621597,0.4248917748917749
2021-09-13 10:30:00+00:00,0.2716209120912091,0.0,0.2835820895522387,0.4246753246753246
2021-09-13 10:45:00+00:00,0.27470559555955587,0.0,0.28770851624231775,0.4244588744588744
2021-09-13 11:00:00+00:00,0.2777902790279027,0.0,0.2918349429323968,0.4242424242424242
2021-09-13 11:15:00+00:00,0.2782965796579657,0.0,0.289640035118525,0.42077922077922075
2021-09-13 11:30:00+00:00,0.2788028802880287,0.0,0.2874451273046531,0.4173160173160173
2021-09-13 11:45:00+00:00,0.27930918091809176,0.0,0.28525021949078133,0.41385281385281386
2021-09-13 12:00:00+00:00,0.2798154815481548,0.0,0.2830553116769095,0.4103896103896104
2021-09-13 12:15:00+00:00,0.2769183168316831,0.0,0.27251975417032476,0.4090909090909091
2021-09-13 12:30:00+00:00,0.2740211521152115,0.0,0.26198419666374,0.4077922077922078
2021-09-13 12:45:00+00:00,0.2711239873987399,0.0,0.2514486391571553,0.4064935064935065
2021-09-13 13:00:00+00:00,0.2682268226822682,0.0,0.2409130816505706,0.4051948051948052
2021-09-13 13:15:00+00:00,0.2635107260726073,0.0,0.23529411764705876,0.404978354978355
2021-09-13 13:30:00+00:00,0.2587946294629463,0.0,0.2296751536435469,0.4047619047619047
2021-09-13 13:45:00+00:00,0.2540785328532853,0.0,0.22405618964003504,0.40454545454545454
2021-09-13 14:00:00+00:00,0.2493624362436243,0.0,0.2184372256365232,0.4043290043290043
2021-09-13 14:15:00+00:00,0.2513313831383137,0.0,0.20717734855136077,0.4047619047619047
2021-09-13 14:30:00+00:00,0.2533003300330032,0.0,0.1959174714661983,0.4051948051948051
2021-09-13 14:45:00+00:00,0.2552692769276927,0.0,0.1846575943810359,0.40562770562770556
2021-09-13 15:00:00+00:00,0.2572382238223822,0.0,0.1733977172958735,0.406060606060606
2021-09-13 15:15:00+00:00,0.260557305730573,0.0,0.1543239683933274,0.4084415584415584
2021-09-13 15:30:00+00:00,0.2638763876387638,0.0,0.1352502194907813,0.4108225108225108
2021-09-13 15:45:00+00:00,0.26719546954695467,0.0,0.11617647058823526,0.41320346320346324
2021-09-13 16:00:00+00:00,0.2705145514551455,0.0,0.0971027216856892,0.4155844155844156
2021-09-13 16:15:00+00:00,0.27077707770777076,0.0,0.08345039508340646,0.41688311688311686
2021-09-13 16:30:00+00:00,0.271039603960396,0.0,0.0697980684811237,0.4181818181818181
2021-09-13 16:45:00+00:00,0.2713021302130213,0.0,0.056145741878841,0.4194805194805194
2021-09-13 17:00:00+00:00,0.2715646564656466,0.0,0.0424934152765583,0.4207792207792207
2021-09-13 17:15:00+00:00,0.2693706870687068,0.0,0.03459174714661975,0.4253246753246752
2021-09-13 17:30:00+00:00,0.2671767176717671,0.0,0.0266900790166812,0.4298701298701298
2021-09-13 17:45:00+00:00,0.2649827482748274,0.0,0.0187884108867427,0.43441558441558437
2021-09-13 18:00:00+00:00,0.2627887788778877,0.0,0.0108867427568042,0.4389610389610389
2021-09-13 18:15:00+00:00,0.25796017101710167,0.0,0.01027216856892005,0.44480519480519476
2021-09-13 18:30:00+00:00,0.2531315631563156,0.0,0.0096575943810359,0.4506493506493506
2021-09-13 18:45:00+00:00,0.24830295529552948,0.0,0.009043020193151799,0.45649350649350645
2021-09-13 19:00:00+00:00,0.2434743474347434,0.0,0.0084284460052677,0.4623376623376623
2021-09-13 19:15:00+00:00,0.23990211521152105,0.0,0.007857769973661,0.4632034632034632
2021-09-13 19:30:00+00:00,0.2363298829882987,0.0,0.0072870939420543,0.4640692640692641
2021-09-13 19:45:00+00:00,0.2327576507650764,0.0,0.00671641791044765,0.464935064935065
2021-09-13 20:00:00+00:00,0.2291854185418541,0.0,0.006145741878841,0.4658008658008658
2021-09-13 20:15:00+00:00,0.22755400540053994,0.0,0.006145741878841,0.4606060606060606
2021-09-13 20:30:00+00:00,0.2259225922592258,0.0,0.006145741878841,0.4554112554112554
2021-09-13 20:45:00+00:00,0.2242911791179117,0.0,0.006145741878841,0.4502164502164502
2021-09-13 21:00:00+00:00,0.2226597659765976,0.0,0.006145741878841,0.445021645021645
2021-09-13 21:15:00+00:00,0.22118774377437733,0.0,0.006145741878841,0.4391774891774891
2021-09-13 21:30:00+00:00,0.2197157215721571,0.0,0.006145741878841,0.4333333333333333
2021-09-13 21:45:00+00:00,0.2182436993699369,0.0,0.006145741878841,0.4274891774891775
2021-09-13 22:00:00+00:00,0.2167716771677167,0.0,0.006145741878841,0.4216450216450216
2021-09-13 22:15:00+00:00,0.21814056405640553,0.0,0.0061237928007023,0.419047619047619
2021-09-13 22:30:00+00:00,0.2195094509450944,0.0,0.0061018437225636,0.4164502164502164
2021-09-13 22:45:00+00:00,0.2208783378337833,0.0,0.0060798946444248995,0.4138528138528138
2021-09-13 23:00:00+00:00,0.2222472247224722,0.0,0.0060579455662862,0.4112554112554112
2021-09-13 23:15:00+00:00,0.22124399939993994,0.0,0.00546532045654075,0.4119047619047619
2021-09-13 23:30:00+00:00,0.2202407740774077,0.0,0.0048726953467953,0.4125541125541125
2021-09-13 23:45:00+00:00,0.21923754875487544,0.0,0.0042800702370499495,0.41320346320346313
2021-09-14 00:00:00+00:00,0.2182343234323432,0.0,0.0036874451273046,0.4138528138528138
2021-09-14 00:15:00+00:00,0.214774602460246,0.0,0.0035557506584723,0.41428571428571426
2021-09-14 00:30:00+00:00,0.2113148814881488,0.0,0.00342405618964,0.4147186147186147
2021-09-14 00:45:00+00:00,0.2078551605160516,0.0,0.0032923617208076997,0.41515151515151516
2021-09-14 01:00:00+00:00,0.2043954395439544,0.0,0.0031606672519754,0.4155844155844156
2021-09-14 01:15:00+00:00,0.20329845484548453,0.0,0.0031606672519754,0.4188311688311688
2021-09-14 01:30:00+00:00,0.2022014701470147,0.0,0.0031606672519754,0.422077922077922
2021-09-14 01:45:00+00:00,0.20110448544854487,0.0,0.0031606672519754,0.4253246753246752
2021-09-14 02:00:00+00:00,0.200007500750075,0.0,0.0031606672519754,0.4285714285714285
2021-09-14 02:15:00+00:00,0.19651027602760274,0.0,0.0031826163301141,0.4305194805194804
2021-09-14 02:30:00+00:00,0.1930130513051305,0.0,0.0032045654082528,0.4324675324675324
2021-09-14 02:45:00+00:00,0.18951582658265825,0.0,0.0032265144863914998,0.43441558441558437
2021-09-14 03:00:00+00:00,0.186018601860186,0.0,0.0032484635645302,0.4363636363636363
2021-09-14 03:15:00+00:00,0.1864030153015301,0.0,0.0032265144863914998,0.44242424242424233
2021-09-14 03:30:00+00:00,0.1867874287428742,0.0,0.0032045654082528,0.4484848484848484
2021-09-14 03:45:00+00:00,0.18717184218421834,0.0,0.0031826163301141,0.4545454545454545
2021-09-14 04:00:00+00:00,0.1875562556255625,0.0,0.0031606672519754,0.4606060606060606
2021-09-14 04:15:00+00:00,0.1925348784878487,0.0,0.0031606672519754,0.46558441558441555
2021-09-14 04:30:00+00:00,0.1975135013501349,0.0,0.0031606672519754,0.4705627705627705
2021-09-14 04:45:00+00:00,0.20249212421242113,0.0,0.0031606672519754,0.4755411255411255
2021-09-14 05:00:00+00:00,0.2074707470747074,0.0,0.0031606672519754,0.4805194805194805
2021-09-14 05:15:00+00:00,0.21352760276027594,0.0,0.0070456540825284495,0.47943722943722944
2021-09-14 05:30:00+00:00,0.2195844584458445,0.0,0.0109306409130815,0.4783549783549783
2021-09-14 05:45:00+00:00,0.22564131413141306,0.0,0.01481562774363465,0.4772727272727272
2021-09-14 06:00:00+00:00,0.2316981698169816,0.0,0.0187006145741878,0.4761904761904761
2021-09-14 06:15:00+00:00,0.23217634263426334,0.0,0.031167690956979698,0.47402597402597396
2021-09-14 06:30:00+00:00,0.2326545154515451,0.0,0.0436347673397716,0.4718614718614718
2021-09-14 06:45:00+00:00,0.23313268826882685,0.0,0.05610184372256355,0.46969696969696967
2021-09-14 07:00:00+00:00,0.2336108610861086,0.0,0.0685689201053555,0.4675324675324675
2021-09-14 07:15:00+00:00,0.2287822532253225,0.0,0.076316944688323,0.46818181818181814
2021-09-14 07:30:00+00:00,0.2239536453645364,0.0,0.0840649692712905,0.4688311688311688
2021-09-14 07:45:00+00:00,0.21912503750375034,0.0,0.09181299385425805,0.4694805194805195
2021-09-14 08:00:00+00:00,0.2142964296429643,0.0,0.0995610184372256,0.4701298701298701
2021-09-14 08:15:00+00:00,0.20752700270027,0.0,0.1151668129938542,0.46818181818181814
2021-09-14 08:30:00+00:00,0.2007575757575757,0.0,0.1307726075504828,0.4662337662337662
2021-09-14 08:45:00+00:00,0.19398814881488144,0.0,0.14637840210711145,0.4642857142857143
2021-09-14 09:00:00+00:00,0.1872187218721872,0.0,0.1619841966637401,0.4623376623376623
2021-09-14 09:15:00+00:00,0.18814693969396934,0.0,0.1803336259877085,0.46190476190476193
2021-09-14 09:30:00+00:00,0.1890751575157515,0.0,0.1986830553116769,0.4614718614718615
2021-09-14 09:45:00+00:00,0.1900033753375337,0.0,0.21703248463564528,0.461038961038961
2021-09-14 10:00:00+00:00,0.1909315931593159,0.0,0.2353819139596137,0.4606060606060606
2021-09-14 10:15:00+00:00,0.19301305130513047,0.0,0.2523266022827041,0.46168831168831165
2021-09-14 10:30:00+00:00,0.195094509450945,0.0,0.2692712906057945,0.4627705627705627
2021-09-14 10:45:00+00:00,0.1971759675967596,0.0,0.28621597892888495,0.46385281385281385
2021-09-14 11:00:00+00:00,0.1992574257425742,0.0,0.3031606672519754,0.4649350649350649
2021-09-14 11:15:00+00:00,0.2021639663966396,0.0,0.30127304653204556,0.4640692640692641
2021-09-14 11:30:00+00:00,0.205070507050705,0.0,0.2993854258121158,0.4632034632034632
2021-09-14 11:45:00+00:00,0.20797704770477043,0.0,0.2974978050921861,0.4623376623376623
2021-09-14 12:00:00+00:00,0.2108835883588359,0.0,0.2956101843722564,0.4614718614718615
2021-09-14 12:15:00+00:00,0.21065856585658566,0.0,0.2833187006145742,0.4608225108225108
2021-09-14 12:30:00+00:00,0.2104335433543354,0.0,0.271027216856892,0.4601731601731602
2021-09-14 12:45:00+00:00,0.21020852085208513,0.0,0.25873573309920983,0.45952380952380956
2021-09-14 13:00:00+00:00,0.2099834983498349,0.0,0.2464442493415276,0.4588744588744589
2021-09-14 13:15:00+00:00,0.20364536453645354,0.0,0.2357111501316944,0.458008658008658
2021-09-14 13:30:00+00:00,0.1973072307230722,0.0,0.2249780509218612,0.4571428571428571
2021-09-14 13:45:00+00:00,0.1909690969096909,0.0,0.21424495171202806,0.4562770562770562
2021-09-14 14:00:00+00:00,0.1846309630963096,0.0,0.2035118525021949,0.4554112554112554
2021-09-14 14:15:00+00:00,0.18009300930093006,0.0,0.188784021071115,0.45086580086580086
2021-09-14 14:30:00+00:00,0.1755550555055505,0.0,0.1740561896400351,0.4463203463203463
2021-09-14 14:45:00+00:00,0.17101710171017098,0.0,0.15932835820895522,0.4417748917748917
2021-09-14 15:00:00+00:00,0.1664791479147915,0.0,0.1446005267778753,0.4372294372294372
2021-09-14 15:15:00+00:00,0.1626162616261626,0.0,0.1310798946444249,0.435064935064935
2021-09-14 15:30:00+00:00,0.1587533753375337,0.0,0.1175592625109745,0.4329004329004328
2021-09-14 15:45:00+00:00,0.15489048904890484,0.0,0.10403863037752409,0.43073593073593064
2021-09-14 16:00:00+00:00,0.151027602760276,0.0,0.0905179982440737,0.4285714285714285
2021-09-14 16:15:00+00:00,0.1469584458445844,0.0,0.0785996488147497,0.4305194805194804
2021-09-14 16:30:00+00:00,0.1428892889288928,0.0,0.0666812993854257,0.4324675324675324
2021-09-14 16:45:00+00:00,0.13882013201320126,0.0,0.05476294995610175,0.43441558441558437
2021-09-14 17:00:00+00:00,0.1347509750975097,0.0,0.0428446005267778,0.4363636363636363
2021-09-14 17:15:00+00:00,0.1343384338433843,0.0,0.03395522388059695,0.44112554112554103
2021-09-14 17:30:00+00:00,0.1339258925892589,0.0,0.0250658472344161,0.4458874458874458
2021-09-14 17:45:00+00:00,0.1335133513351335,0.0,0.01617647058823525,0.4506493506493506
2021-09-14 18:00:00+00:00,0.1331008100810081,0.0,0.0072870939420544,0.4554112554112554
2021-09-14 18:15:00+00:00,0.1293973147314731,0.0,0.00625548726953465,0.4597402597402597
2021-09-14 18:30:00+00:00,0.1256938193819381,0.0,0.0052238805970149,0.4640692640692641
2021-09-14 18:45:00+00:00,0.12199032403240315,0.0,0.00419227392449515,0.46839826839826837
2021-09-14 19:00:00+00:00,0.1182868286828682,0.0,0.0031606672519754,0.4727272727272727
2021-09-14 19:15:00+00:00,0.11507088208820876,0.0,0.00327041264266895,0.4692640692640693
2021-09-14 19:30:00+00:00,0.1118549354935493,0.0,0.0033801580333625,0.4658008658008658
2021-09-14 19:45:00+00:00,0.10863898889888984,0.0,0.0034899034240561,0.4623376623376624
2021-09-14 20:00:00+00:00,0.1054230423042304,0.0,0.0035996488147497,0.4588744588744589
2021-09-14 20:15:00+00:00,0.10273214821482145,0.0,0.0035118525021948,0.45584415584415583
2021-09-14 20:30:00+00:00,0.1000412541254125,0.0,0.0034240561896399,0.4528138528138528
2021-09-14 20:45:00+00:00,0.09735036003600356,0.0,0.00333625987708505,0.44978354978354973
2021-09-14 21:00:00+00:00,0.0946594659465946,0.0,0.0032484635645302,0.4467532467532467
2021-09-14 21:15:00+00:00,0.09700345034503445,0.0,0.0032484635645302,0.4467532467532467
2021-09-14 21:30:00+00:00,0.0993474347434743,0.0,0.0032484635645302,0.4467532467532467
2021-09-14 21:45:00+00:00,0.10169141914191415,0.0,0.0032484635645302,0.4467532467532467
2021-09-14 22:00:00+00:00,0.104035403540354,0.0,0.0032484635645302,0.4467532467532467
2021-09-14 22:15:00+00:00,0.09959120912091204,0.0,0.0032484635645302,0.4409090909090908
2021-09-14 22:30:00+00:00,0.0951470147014701,0.0,0.0032484635645302,0.435064935064935
2021-09-14 22:45:00+00:00,0.09070282028202815,0.0,0.0032484635645302,0.42922077922077917
2021-09-14 23:00:00+00:00,0.0862586258625862,0.0,0.0032484635645302,0.4233766233766233
2021-09-14 23:15:00+00:00,0.0867461746174617,0.0,0.0032484635645302,0.42251082251082245
2021-09-14 23:30:00+00:00,0.0872337233723372,0.0,0.0032484635645302,0.4216450216450216
2021-09-14 23:45:00+00:00,0.0877212721272127,0.0,0.0032484635645302,0.42077922077922075
2021-09-15 00:00:00+00:00,0.0882088208820882,0.0,0.0032484635645302,0.4199134199134199
2021-09-15 00:15:00+00:00,0.0880681818181818,0.0,0.0032484635645302,0.4196969696969697
2021-09-15 00:30:00+00:00,0.0879275427542754,0.0,0.0032484635645302,0.4194805194805194
2021-09-15 00:45:00+00:00,0.08778690369036901,0.0,0.0032484635645302,0.41926406926406923
2021-09-15 01:00:00+00:00,0.0876462646264626,0.0,0.0032484635645302,0.419047619047619
2021-09-15 01:15:00+00:00,0.08468346834683466,0.0,0.0032484635645302,0.4244588744588744
2021-09-15 01:30:00+00:00,0.0817206720672067,0.0,0.0032484635645302,0.4298701298701298
2021-09-15 01:45:00+00:00,0.07875787578757876,0.0,0.0032484635645302,0.43528138528138527
2021-09-15 02:00:00+00:00,0.0757950795079508,0.0,0.0032484635645302,0.4406926406926407
2021-09-15 02:15:00+00:00,0.07129462946294625,0.0,0.0032484635645302,0.4525974025974026
2021-09-15 02:30:00+00:00,0.0667941794179417,0.0,0.0032484635645302,0.4645021645021645
2021-09-15 02:45:00+00:00,0.0622937293729372,0.0,0.0032484635645302,0.4764069264069264
2021-09-15 03:00:00+00:00,0.0577932793279327,0.0,0.0032484635645302,0.4883116883116883
2021-09-15 03:15:00+00:00,0.05552430243024295,0.0,0.0032484635645302,0.4885281385281385
2021-09-15 03:30:00+00:00,0.0532553255325532,0.0,0.0032484635645302,0.4887445887445887
2021-09-15 03:45:00+00:00,0.050986348634863454,0.0,0.0032484635645302,0.48896103896103893
2021-09-15 04:00:00+00:00,0.0487173717371737,0.0,0.0032484635645302,0.4891774891774891
2021-09-15 04:15:00+00:00,0.046645289528952846,0.0,0.0032484635645302,0.5019480519480519
2021-09-15 04:30:00+00:00,0.044573207320732,0.0,0.0032484635645302,0.5147186147186147
2021-09-15 04:45:00+00:00,0.042501125112511196,0.0,0.0032484635645302,0.5274891774891775
2021-09-15 05:00:00+00:00,0.0404290429042904,0.0,0.0032484635645302,0.5402597402597402
2021-09-15 05:15:00+00:00,0.04007275727572755,0.0,0.0112379280070236,0.5469696969696969
2021-09-15 05:30:00+00:00,0.0397164716471647,0.0,0.019227392449517,0.5536796536796537
2021-09-15 05:45:00+00:00,0.03936018601860185,0.0,0.02721685689201045,0.5603896103896104
2021-09-15 06:00:00+00:00,0.039003900390039,0.0,0.0352063213345039,0.5670995670995671
2021-09-15 06:15:00+00:00,0.0383288328832883,0.0,0.07658033362598765,0.5642857142857143
2021-09-15 06:30:00+00:00,0.0376537653765376,0.0,0.1179543459174714,0.5614718614718615
2021-09-15 06:45:00+00:00,0.03697869786978695,0.0,0.1593283582089552,0.5586580086580086
2021-09-15 07:00:00+00:00,0.0363036303630363,0.0,0.200702370500439,0.5558441558441558
2021-09-15 07:15:00+00:00,0.0367161716171617,0.0,0.24964881474978048,0.5517316017316017
2021-09-15 07:30:00+00:00,0.0371287128712871,0.0,0.298595258999122,0.5476190476190477
2021-09-15 07:45:00+00:00,0.037541254125412496,0.0,0.34754170324846356,0.5435064935064935
2021-09-15 08:00:00+00:00,0.0379537953795379,0.0,0.3964881474978051,0.5393939393939394
2021-09-15 08:15:00+00:00,0.040016501650164946,0.0,0.42363915715539946,0.5313852813852814
2021-09-15 08:30:00+00:00,0.042079207920792,0.0,0.4507901668129939,0.5233766233766234
2021-09-15 08:45:00+00:00,0.0441419141914191,0.0,0.47794117647058826,0.5153679653679654
2021-09-15 09:00:00+00:00,0.0462046204620462,0.0,0.5050921861281826,0.5073593073593073
2021-09-15 09:15:00+00:00,0.0473578607860786,0.0,0.5254389815627745,0.5077922077922077
2021-09-15 09:30:00+00:00,0.048511101110111,0.0,0.5457857769973662,0.5082251082251081
2021-09-15 09:45:00+00:00,0.0496643414341434,0.0,0.5661325724319579,0.5086580086580086
2021-09-15 10:00:00+00:00,0.0508175817581758,0.0,0.5864793678665496,0.509090909090909
2021-09-15 10:15:00+00:00,0.0513426342634263,0.0,0.5930860403863039,0.5084415584415584
2021-09-15 10:30:00+00:00,0.0518676867686768,0.0,0.599692712906058,0.5077922077922077
2021-09-15 10:45:00+00:00,0.05239273927392735,0.0,0.6062993854258122,0.5071428571428571
2021-09-15 11:00:00+00:00,0.0529177917791779,0.0,0.6129060579455663,0.5064935064935064
2021-09-15 11:15:00+00:00,0.05468046804680465,0.0,0.6091308165057068,0.5036796536796536
2021-09-15 11:30:00+00:00,0.0564431443144314,0.0,0.6053555750658473,0.5008658008658008
2021-09-15 11:45:00+00:00,0.05820582058205815,0.0,0.6015803336259877,0.49805194805194797
2021-09-15 12:00:00+00:00,0.0599684968496849,0.0,0.5978050921861282,0.4952380952380952
2021-09-15 12:15:00+00:00,0.0610092259225922,0.0,0.5873573309920983,0.4991341991341991
2021-09-15 12:30:00+00:00,0.0620499549954995,0.0,0.5769095697980685,0.503030303030303
2021-09-15 12:45:00+00:00,0.0630906840684068,0.0,0.5664618086040387,0.506926406926407
2021-09-15 13:00:00+00:00,0.0641314131413141,0.0,0.5560140474100088,0.5108225108225108
2021-09-15 13:15:00+00:00,0.06761926192619255,0.0,0.5520851624231783,0.509090909090909
2021-09-15 13:30:00+00:00,0.071107110711071,0.0,0.5481562774363478,0.5073593073593073
2021-09-15 13:45:00+00:00,0.07459495949594949,0.0,0.5442273924495171,0.5056277056277056
2021-09-15 14:00:00+00:00,0.078082808280828,0.0,0.5402985074626866,0.5038961038961038
2021-09-15 14:15:00+00:00,0.07617949294929485,0.0,0.5224319578577701,0.5
2021-09-15 14:30:00+00:00,0.0742761776177617,0.0,0.5045654082528535,0.4961038961038961
2021-09-15 14:45:00+00:00,0.07237286228622855,0.0,0.4866988586479368,0.4922077922077922
2021-09-15 15:00:00+00:00,0.0704695469546954,0.0,0.4688323090430202,0.4883116883116883
2021-09-15 15:15:00+00:00,0.0706101860186018,0.0,0.442054433713784,0.4937229437229437
2021-09-15 15:30:00+00:00,0.0707508250825082,0.0,0.4152765583845478,0.4991341991341991
2021-09-15 15:45:00+00:00,0.07089146414641459,0.0,0.38849868305531166,0.5045454545454545
2021-09-15 16:00:00+00:00,0.071032103210321,0.0,0.3617208077260755,0.5099567099567099
2021-09-15 16:15:00+00:00,0.0741449144914491,0.0,0.31277436347673393,0.5106060606060606
2021-09-15 16:30:00+00:00,0.0772577257725772,0.0,0.2638279192273924,0.5112554112554113
2021-09-15 16:45:00+00:00,0.0803705370537053,0.0,0.21488147497805085,0.5119047619047619
2021-09-15 17:00:00+00:00,0.0834833483348334,0.0,0.1659350307287093,0.5125541125541125
2021-09-15 17:15:00+00:00,0.08384900990099001,0.0,0.13270412642669,0.5194805194805194
2021-09-15 17:30:00+00:00,0.0842146714671466,0.0,0.0994732221246707,0.5264069264069263
2021-09-15 17:45:00+00:00,0.08458033303330326,0.0,0.0662423178226514,0.5333333333333332
2021-09-15 18:00:00+00:00,0.0849459945994599,0.0,0.0330114135206321,0.5402597402597402
2021-09-15 18:15:00+00:00,0.0854991749174917,0.0,0.027743634767339702,0.5354978354978355
2021-09-15 18:30:00+00:00,0.0860523552355235,0.0,0.0224758560140473,0.5307359307359307
2021-09-15 18:45:00+00:00,0.0866055355535553,0.0,0.01720807726075495,0.525974025974026
2021-09-15 19:00:00+00:00,0.0871587158715871,0.0,0.0119402985074626,0.5212121212121212
2021-09-15 19:15:00+00:00,0.0907309480948094,0.0,0.010908691834942849,0.5192640692640693
2021-09-15 19:30:00+00:00,0.0943031803180317,0.0,0.0098770851624231,0.5173160173160174
2021-09-15 19:45:00+00:00,0.09787541254125405,0.0,0.008845478489903351,0.5153679653679655
2021-09-15 20:00:00+00:00,0.1014476447644764,0.0,0.0078138718173836,0.5134199134199134
2021-09-15 20:15:00+00:00,0.1058730873087308,0.0,0.00750658472344155,0.498051948051948
2021-09-15 20:30:00+00:00,0.1102985298529852,0.0,0.0071992976294995,0.4826839826839826
2021-09-15 20:45:00+00:00,0.11472397239723965,0.0,0.00689201053555745,0.46731601731601724
2021-09-15 21:00:00+00:00,0.1191494149414941,0.0,0.0065847234416154,0.4519480519480519
2021-09-15 21:15:00+00:00,0.1232373237323732,0.0,0.0065847234416154,0.4502164502164501
2021-09-15 21:30:00+00:00,0.1273252325232523,0.0,0.0065847234416154,0.4484848484848484
2021-09-15 21:45:00+00:00,0.1314131413141314,0.0,0.0065847234416154,0.4467532467532467
2021-09-15 22:00:00+00:00,0.1355010501050105,0.0,0.0065847234416154,0.445021645021645
2021-09-15 22:15:00+00:00,0.1349853735373537,0.0,0.0065847234416154,0.4437229437229437
2021-09-15 22:30:00+00:00,0.1344696969696969,0.0,0.0065847234416154,0.4424242424242424
2021-09-15 22:45:00+00:00,0.13395402040204016,0.0,0.0065847234416154,0.4411255411255411
2021-09-15 23:00:00+00:00,0.1334383438343834,0.0,0.0065847234416154,0.4398268398268398
2021-09-15 23:15:00+00:00,0.13535103510351032,0.0,0.0065847234416154,0.44069264069264064
2021-09-15 23:30:00+00:00,0.1372637263726372,0.0,0.0065847234416154,0.4415584415584415
2021-09-15 23:45:00+00:00,0.13917641764176408,0.0,0.0065847234416154,0.4424242424242424
2021-09-16 00:00:00+00:00,0.141089108910891,0.0,0.0065847234416154,0.4432900432900433
2021-09-16 00:15:00+00:00,0.14149227422742267,0.0,0.00656277436347665,0.4374458874458874
2021-09-16 00:30:00+00:00,0.1418954395439543,0.0,0.0065408252853379,0.4316017316017316
2021-09-16 00:45:00+00:00,0.142298604860486,0.0,0.0065188762071992,0.4257575757575758
2021-09-16 01:00:00+00:00,0.1427017701770177,0.0,0.0064969271290605,0.4199134199134199
2021-09-16 01:15:00+00:00,0.1422329732973297,0.0,0.0064749780509218,0.4205627705627706
2021-09-16 01:30:00+00:00,0.1417641764176417,0.0,0.0064530289727831,0.4212121212121212
2021-09-16 01:45:00+00:00,0.14129537953795374,0.0,0.0064310798946443995,0.4218614718614718
2021-09-16 02:00:00+00:00,0.1408265826582658,0.0,0.0064091308165057,0.4225108225108225
2021-09-16 02:15:00+00:00,0.14395814581458138,0.0,0.00623353819139595,0.4229437229437229
2021-09-16 02:30:00+00:00,0.147089708970897,0.0,0.0060579455662862,0.4233766233766233
2021-09-16 02:45:00+00:00,0.15022127212721265,0.0,0.00588235294117645,0.42380952380952375
2021-09-16 03:00:00+00:00,0.1533528352835283,0.0,0.0057067603160667,0.4242424242424242
2021-09-16 03:15:00+00:00,0.15506863186318626,0.0,0.0057067603160667,0.43095238095238086
2021-09-16 03:30:00+00:00,0.1567844284428442,0.0,0.0057067603160667,0.4376623376623376
2021-09-16 03:45:00+00:00,0.15850022502250222,0.0,0.0057067603160667,0.4443722943722943
2021-09-16 04:00:00+00:00,0.1602160216021602,0.0,0.0057067603160667,0.4510822510822511
2021-09-16 04:15:00+00:00,0.16109735973597353,0.0,0.00568481123792795,0.45865800865800865
2021-09-16 04:30:00+00:00,0.1619786978697869,0.0,0.0056628621597892,0.4662337662337662
2021-09-16 04:45:00+00:00,0.16286003600360027,0.0,0.0056409130816505,0.4738095238095238
2021-09-16 05:00:00+00:00,0.1637413741374137,0.0,0.0056189640035118,0.4813852813852813
2021-09-16 05:15:00+00:00,0.16335696069606953,0.0,0.01802019315188755,0.48614718614718605
2021-09-16 05:30:00+00:00,0.1629725472547254,0.0,0.0304214223002633,0.4909090909090908
2021-09-16 05:45:00+00:00,0.1625881338133813,0.0,0.0428226514486391,0.4956709956709956
2021-09-16 06:00:00+00:00,0.1622037203720372,0.0,0.0552238805970149,0.5004329004329005
2021-09-16 06:15:00+00:00,0.15874399939993997,0.0,0.1121378402107111,0.49956709956709955
2021-09-16 06:30:00+00:00,0.1552842784278427,0.0,0.1690517998244073,0.4987012987012986
2021-09-16 06:45:00+00:00,0.1518245574557455,0.0,0.22596575943810354,0.49783549783549774
2021-09-16 07:00:00+00:00,0.1483648364836483,0.0,0.2828797190517998,0.4969696969696969
2021-09-16 07:15:00+00:00,0.1461521152115211,0.0,0.33964003511852503,0.49545454545454537
2021-09-16 07:30:00+00:00,0.1439393939393939,0.0,0.3964003511852502,0.4939393939393939
2021-09-16 07:45:00+00:00,0.14172667266726668,0.0,0.4531606672519754,0.49242424242424243
2021-09-16 08:00:00+00:00,0.1395139513951395,0.0,0.5099209833187006,0.4909090909090909
2021-09-16 08:15:00+00:00,0.13506975697569756,0.0,0.5511413520632134,0.4911255411255411
2021-09-16 08:30:00+00:00,0.1306255625562556,0.0,0.5923617208077261,0.4913419913419913
2021-09-16 08:45:00+00:00,0.12618136813681363,0.0,0.6335820895522388,0.49155844155844153
2021-09-16 09:00:00+00:00,0.1217371737173717,0.0,0.6748024582967516,0.4917748917748917
2021-09-16 09:15:00+00:00,0.11807118211821174,0.0,0.6931518876207199,0.4865800865800865
2021-09-16 09:30:00+00:00,0.1144051905190518,0.0,0.7115013169446883,0.4813852813852813
2021-09-16 09:45:00+00:00,0.1107391989198919,0.0,0.7298507462686568,0.47619047619047616
2021-09-16 10:00:00+00:00,0.107073207320732,0.0,0.7482001755926251,0.470995670995671
2021-09-16 10:15:00+00:00,0.10629500450044996,0.0,0.7639815627743635,0.4692640692640693
2021-09-16 10:30:00+00:00,0.1055168016801679,0.0,0.7797629499561018,0.4675324675324676
2021-09-16 10:45:00+00:00,0.1047385988598859,0.0,0.7955443371378402,0.4658008658008658
2021-09-16 11:00:00+00:00,0.1039603960396039,0.0,0.8113257243195786,0.4640692640692641
2021-09-16 11:15:00+00:00,0.10390414041404135,0.0,0.8146839332748025,0.46753246753246747
2021-09-16 11:30:00+00:00,0.1038478847884788,0.0,0.8180421422300264,0.4709956709956709
2021-09-16 11:45:00+00:00,0.10379162916291625,0.0,0.8214003511852502,0.4744588744588744
2021-09-16 12:00:00+00:00,0.1037353735373537,0.0,0.8247585601404741,0.4779220779220779
2021-09-16 12:15:00+00:00,0.10363223822382234,0.0,0.8216198419666374,0.47683982683982684
2021-09-16 12:30:00+00:00,0.103529102910291,0.0,0.8184811237928007,0.4757575757575757
2021-09-16 12:45:00+00:00,0.10342596759675965,0.0,0.815342405618964,0.4746753246753246
2021-09-16 13:00:00+00:00,0.1033228322832283,0.0,0.8122036874451273,0.4735930735930735
2021-09-16 13:15:00+00:00,0.10384788478847881,0.0,0.7997585601404741,0.47164502164502153
2021-09-16 13:30:00+00:00,0.1043729372937293,0.0,0.7873134328358209,0.4696969696969696
2021-09-16 13:45:00+00:00,0.10489798979897985,0.0,0.7748683055311677,0.4677489177489177
2021-09-16 14:00:00+00:00,0.1054230423042304,0.0,0.7624231782265145,0.4658008658008658
2021-09-16 14:15:00+00:00,0.10487923792379235,0.0,0.7388498683055311,0.464935064935065
2021-09-16 14:30:00+00:00,0.1043354335433543,0.0,0.7152765583845478,0.4640692640692641
2021-09-16 14:45:00+00:00,0.10379162916291625,0.0,0.6917032484635646,0.4632034632034632
2021-09-16 15:00:00+00:00,0.1032478247824782,0.0,0.6681299385425812,0.4623376623376623
2021-09-16 15:15:00+00:00,0.10288216321632154,0.0,0.6309701492537313,0.4616883116883117
2021-09-16 15:30:00+00:00,0.1025165016501649,0.0,0.5938103599648814,0.461038961038961
2021-09-16 15:45:00+00:00,0.1021508400840083,0.0,0.5566505706760316,0.46038961038961035
2021-09-16 16:00:00+00:00,0.1017851785178517,0.0,0.5194907813871817,0.4597402597402597
2021-09-16 16:15:00+00:00,0.10095072007200709,0.0,0.4473222124670764,0.46255411255411255
2021-09-16 16:30:00+00:00,0.1001162616261625,0.0,0.375153643546971,0.4653679653679654
2021-09-16 16:45:00+00:00,0.09928180318031796,0.0,0.30298507462686564,0.4681818181818182
2021-09-16 17:00:00+00:00,0.0984473447344734,0.0,0.2308165057067603,0.470995670995671
2021-09-16 17:15:00+00:00,0.0969659465946594,0.0,0.1876207199297629,0.47575757575757577
2021-09-16 17:30:00+00:00,0.0954845484548454,0.0,0.1444249341527655,0.4805194805194805
2021-09-16 17:45:00+00:00,0.09400315031503145,0.0,0.10122914837576816,0.48528138528138526
2021-09-16 18:00:00+00:00,0.0925217521752175,0.0,0.0580333625987708,0.49004329004329
2021-09-16 18:15:00+00:00,0.0933937143714371,0.0,0.05294117647058815,0.491991341991342
2021-09-16 18:30:00+00:00,0.0942656765676567,0.0,0.0478489903424055,0.4939393939393939
2021-09-16 18:45:00+00:00,0.09513763876387635,0.0,0.0427568042142229,0.4958874458874458
2021-09-16 19:00:00+00:00,0.096009600960096,0.0,0.0376646180860403,0.4978354978354978
2021-09-16 19:15:00+00:00,0.09643151815181515,0.0,0.03713784021071105,0.49956709956709955
2021-09-16 19:30:00+00:00,0.0968534353435343,0.0,0.0366110623353818,0.5012987012987012
2021-09-16 19:45:00+00:00,0.09727535253525349,0.0,0.0360842844600526,0.5030303030303029
2021-09-16 20:00:00+00:00,0.0976972697269727,0.0,0.0355575065847234,0.5047619047619047
2021-09-16 20:15:00+00:00,0.09540016501650164,0.0,0.03419666374012285,0.5
2021-09-16 20:30:00+00:00,0.0931030603060306,0.0,0.0328358208955223,0.4952380952380952
2021-09-16 20:45:00+00:00,0.09080595559555955,0.0,0.031474978050921795,0.49047619047619045
2021-09-16 21:00:00+00:00,0.0885088508850885,0.0,0.0301141352063213,0.4857142857142857
2021-09-16 21:15:00+00:00,0.0854147914791479,0.0,0.0290166812993854,0.4822510822510822
2021-09-16 21:30:00+00:00,0.0823207320732073,0.0,0.0279192273924495,0.4787878787878787
2021-09-16 21:45:00+00:00,0.0792266726672667,0.0,0.0268217734855136,0.47532467532467526
2021-09-16 22:00:00+00:00,0.0761326132613261,0.0,0.0257243195785777,0.4718614718614718
2021-09-16 22:15:00+00:00,0.07316044104410435,0.0,0.02464881474978045,0.47012987012987006
2021-09-16 22:30:00+00:00,0.0701882688268826,0.0,0.0235733099209832,0.4683982683982683
2021-09-16 22:45:00+00:00,0.06721609660966091,0.0,0.02249780509218605,0.4666666666666666
2021-09-16 23:00:00+00:00,0.0642439243924392,0.0,0.0214223002633889,0.4649350649350649
2021-09-16 23:15:00+00:00,0.06113111311131105,0.0,0.021071115013169398,0.46580086580086577
2021-09-16 23:30:00+00:00,0.0580183018301829,0.0,0.0207199297629499,0.4666666666666667
2021-09-16 23:45:00+00:00,0.0549054905490548,0.0,0.0203687445127304,0.4675324675324676
2021-09-17 00:00:00+00:00,0.0517926792679267,0.0,0.0200175592625109,0.4683982683982684
2021-09-17 00:15:00+00:00,0.04954245424542445,0.0,0.01733977172958725,0.46796536796536803
2021-09-17 00:30:00+00:00,0.0472922292229222,0.0,0.0146619841966636,0.4675324675324676
2021-09-17 00:45:00+00:00,0.045042004200419955,0.0,0.01198419666374005,0.4670995670995671
2021-09-17 01:00:00+00:00,0.0427917791779177,0.0,0.0093064091308165,0.4666666666666667
2021-09-17 01:15:00+00:00,0.04148852385238515,0.0,0.0082309043020193,0.4636363636363636
2021-09-17 01:30:00+00:00,0.0401852685268526,0.0,0.0071553994732221,0.4606060606060606
2021-09-17 01:45:00+00:00,0.03888201320132005,0.0,0.0060798946444248995,0.4575757575757575
2021-09-17 02:00:00+00:00,0.0375787578757875,0.0,0.0050043898156277,0.4545454545454545
2021-09-17 02:15:00+00:00,0.0378131563156315,0.0,0.00496049165935025,0.4528138528138527
2021-09-17 02:30:00+00:00,0.0380475547554755,0.0,0.0049165935030728,0.451082251082251
2021-09-17 02:45:00+00:00,0.038281953195319504,0.0,0.00487269534679535,0.4493506493506493
2021-09-17 03:00:00+00:00,0.0385163516351635,0.0,0.0048287971905179,0.4476190476190476
2021-09-17 03:15:00+00:00,0.040241524152415206,0.0,0.0048287971905179,0.4504329004329004
2021-09-17 03:30:00+00:00,0.0419666966696669,0.0,0.0048287971905179,0.4532467532467532
2021-09-17 03:45:00+00:00,0.04369186918691865,0.0,0.0048287971905179,0.45606060606060606
2021-09-17 04:00:00+00:00,0.0454170417041704,0.0,0.0048287971905179,0.4588744588744589
2021-09-17 04:15:00+00:00,0.04814543954395435,0.0,0.0048287971905179,0.466017316017316
2021-09-17 04:30:00+00:00,0.0508738373837383,0.0,0.0048287971905179,0.4731601731601731
2021-09-17 04:45:00+00:00,0.0536022352235223,0.0,0.0048287971905179,0.48030303030303023
2021-09-17 05:00:00+00:00,0.0563306330633063,0.0,0.0048287971905179,0.4874458874458874
2021-09-17 05:15:00+00:00,0.05738073807380735,0.0,0.02166374012291475,0.4917748917748917
2021-09-17 05:30:00+00:00,0.0584308430843084,0.0,0.0384986830553116,0.496103896103896
2021-09-17 05:45:00+00:00,0.059480948094809444,0.0,0.055333625987708454,0.5004329004329003
2021-09-17 06:00:00+00:00,0.0605310531053105,0.0,0.0721685689201053,0.5047619047619047
2021-09-17 06:15:00+00:00,0.05989348934893485,0.0,0.14392010535557498,0.5025974025974026
2021-09-17 06:30:00+00:00,0.0592559255925592,0.0,0.2156716417910447,0.5004329004329005
2021-09-17 06:45:00+00:00,0.05861836183618355,0.0,0.2874231782265144,0.4982683982683983
2021-09-17 07:00:00+00:00,0.0579807980798079,0.0,0.3591747146619842,0.4961038961038961
2021-09-17 07:15:00+00:00,0.0561993699369936,0.0,0.43711589113257243,0.4932900432900432
2021-09-17 07:30:00+00:00,0.0544179417941793,0.0,0.5150570676031606,0.4904761904761904
2021-09-17 07:45:00+00:00,0.052636513651365055,0.0,0.5929982440737489,0.4876623376623376
2021-09-17 08:00:00+00:00,0.0508550855085508,0.0,0.6709394205443371,0.4848484848484848
2021-09-17 08:15:00+00:00,0.050480048004800396,0.0,0.7134547848990342,0.4796536796536796
2021-09-17 08:30:00+00:00,0.05010501050105,0.0,0.7559701492537313,0.4744588744588744
2021-09-17 08:45:00+00:00,0.04972997299729965,0.0,0.7984855136084283,0.4692640692640693
2021-09-17 09:00:00+00:00,0.0493549354935493,0.0,0.8410008779631255,0.4640692640692641
2021-09-17 09:15:00+00:00,0.05259900990099,0.0,0.8566066725197541,0.46255411255411255
2021-09-17 09:30:00+00:00,0.0558430843084307,0.0,0.8722124670763827,0.461038961038961
2021-09-17 09:45:00+00:00,0.0590871587158715,0.0,0.8878182616330113,0.4595238095238095
2021-09-17 10:00:00+00:00,0.0623312331233123,0.0,0.90342405618964,0.458008658008658
2021-09-17 10:15:00+00:00,0.0682568256825682,0.0,0.9074626865671642,0.45779220779220775
2021-09-17 10:30:00+00:00,0.0741824182418241,0.0,0.9115013169446884,0.4575757575757575
2021-09-17 10:45:00+00:00,0.08010801080108004,0.0,0.9155399473222126,0.4573593073593073
2021-09-17 11:00:00+00:00,0.086033603360336,0.0,0.9195785776997366,0.4571428571428571
2021-09-17 11:15:00+00:00,0.0914997749774977,0.0,0.9137181738366988,0.4573593073593073
2021-09-17 11:30:00+00:00,0.0969659465946594,0.0,0.9078577699736612,0.4575757575757575
2021-09-17 11:45:00+00:00,0.10243211821182116,0.0,0.9019973661106234,0.45779220779220775
2021-09-17 12:00:00+00:00,0.1078982898289829,0.0,0.8961369622475857,0.458008658008658
2021-09-17 12:15:00+00:00,0.10960471047104711,0.0,0.8892449517120281,0.4595238095238095
2021-09-17 12:30:00+00:00,0.1113111311131113,0.0,0.8823529411764706,0.461038961038961
2021-09-17 12:45:00+00:00,0.1130175517551755,0.0,0.8754609306409131,0.46255411255411255
2021-09-17 13:00:00+00:00,0.1147239723972397,0.0,0.8685689201053556,0.4640692640692641
2021-09-17 13:15:00+00:00,0.11539903990399036,0.0,0.8599648814749781,0.4655844155844156
2021-09-17 13:30:00+00:00,0.116074107410741,0.0,0.8513608428446005,0.4670995670995671
2021-09-17 13:45:00+00:00,0.1167491749174917,0.0,0.8427568042142229,0.4686147186147186
2021-09-17 14:00:00+00:00,0.1174242424242424,0.0,0.8341527655838454,0.4701298701298701
2021-09-17 14:15:00+00:00,0.11588658865886585,0.0,0.8151448639157155,0.4720779220779221
2021-09-17 14:30:00+00:00,0.1143489348934893,0.0,0.7961369622475856,0.474025974025974
2021-09-17 14:45:00+00:00,0.11281128112811276,0.0,0.7771290605794556,0.47597402597402594
2021-09-17 15:00:00+00:00,0.1112736273627362,0.0,0.7581211589113257,0.4779220779220779
2021-09-17 15:15:00+00:00,0.1085171017101709,0.0,0.7152107111501317,0.47489177489177486
2021-09-17 15:30:00+00:00,0.1057605760576056,0.0,0.6723002633889377,0.4718614718614718
2021-09-17 15:45:00+00:00,0.1030040504050404,0.0,0.6293898156277437,0.4688311688311688
2021-09-17 16:00:00+00:00,0.1002475247524752,0.0,0.5864793678665496,0.4658008658008658
2021-09-17 16:15:00+00:00,0.09844734473447339,0.0,0.5016461808604038,0.47164502164502164
2021-09-17 16:30:00+00:00,0.0966471647164716,0.0,0.4168129938542581,0.4774891774891774
2021-09-17 16:45:00+00:00,0.0948469846984698,0.0,0.33197980684811235,0.4833333333333333
2021-09-17 17:00:00+00:00,0.093046804680468,0.0,0.2471466198419666,0.4891774891774891
2021-09-17 17:15:00+00:00,0.09323432343234314,0.0,0.20208516242317814,0.4935064935064934
2021-09-17 17:30:00+00:00,0.0934218421842183,0.0,0.1570237050043897,0.4978354978354977
2021-09-17 17:45:00+00:00,0.0936093609360935,0.0,0.11196224758560135,0.502164502164502
2021-09-17 18:00:00+00:00,0.0937968796879687,0.0,0.066900790166813,0.5064935064935064
2021-09-17 18:15:00+00:00,0.0960377287728772,0.0,0.0624890254609306,0.5062770562770563
2021-09-17 18:30:00+00:00,0.0982785778577857,0.0,0.0580772607550482,0.5060606060606061
2021-09-17 18:45:00+00:00,0.1005194269426942,0.0,0.05366549604916585,0.5058441558441559
2021-09-17 19:00:00+00:00,0.1027602760276027,0.0,0.0492537313432835,0.5056277056277056
2021-09-17 19:15:00+00:00,0.10442919291929184,0.0,0.0483099209833186,0.5043290043290043
2021-09-17 19:30:00+00:00,0.106098109810981,0.0,0.0473661106233537,0.503030303030303
2021-09-17 19:45:00+00:00,0.1077670267026702,0.0,0.04642230026338885,0.5017316017316018
2021-09-17 20:00:00+00:00,0.1094359435943594,0.0,0.045478489903424,0.5004329004329005
2021-09-17 20:15:00+00:00,0.11138613861386135,0.0,0.04374451273046525,0.4984848484848485
2021-09-17 20:30:00+00:00,0.1133363336333633,0.0,0.0420105355575065,0.4965367965367965
2021-09-17 20:45:00+00:00,0.11528652865286525,0.0,0.0402765583845478,0.4945887445887446
2021-09-17 21:00:00+00:00,0.1172367236723672,0.0,0.0385425812115891,0.4926406926406926
2021-09-17 21:15:00+00:00,0.12138088808880886,0.0,0.03764266900790165,0.48658008658008656
2021-09-17 21:30:00+00:00,0.1255250525052505,0.0,0.0367427568042142,0.4805194805194805
2021-09-17 21:45:00+00:00,0.12966921692169214,0.0,0.035842844600526745,0.47445887445887447
2021-09-17 22:00:00+00:00,0.1338133813381338,0.0,0.0349429323968393,0.4683982683982684
2021-09-17 22:15:00+00:00,0.1361573657365736,0.0,0.03248463564530285,0.4668831168831169
2021-09-17 22:30:00+00:00,0.1385013501350134,0.0,0.0300263388937664,0.4653679653679654
2021-09-17 22:45:00+00:00,0.14084533453345327,0.0,0.02756804214222995,0.46385281385281385
2021-09-17 23:00:00+00:00,0.1431893189318931,0.0,0.0251097453906935,0.4623376623376623
2021-09-17 23:15:00+00:00,0.14400502550255015,0.0,0.02302458296751525,0.4575757575757575
2021-09-17 23:30:00+00:00,0.1448207320732072,0.0,0.020939420544337,0.4528138528138528
2021-09-17 23:45:00+00:00,0.1456364386438643,0.0,0.0188542581211588,0.44805194805194803
2021-09-18 00:00:00+00:00,0.1464521452145214,0.0,0.0167690956979806,0.4432900432900433
2021-09-18 00:15:00+00:00,0.1458239573957395,0.0,0.0142230026338893,0.4435064935064935
2021-09-18 00:30:00+00:00,0.1451957695769576,0.0,0.011676909569798,0.4437229437229437
2021-09-18 00:45:00+00:00,0.14456758175817574,0.0,0.0091308165057067,0.44393939393939386
2021-09-18 01:00:00+00:00,0.1439393939393939,0.0,0.0065847234416154,0.4441558441558441
2021-09-18 01:15:00+00:00,0.14347059705970588,0.0,0.006123792800702301,0.4454545454545454
2021-09-18 01:30:00+00:00,0.1430018001800179,0.0,0.0056628621597892,0.4467532467532467
2021-09-18 01:45:00+00:00,0.14253300330032995,0.0,0.00520193151887615,0.448051948051948
2021-09-18 02:00:00+00:00,0.142064206420642,0.0,0.0047410008779631,0.4493506493506493
2021-09-18 02:15:00+00:00,0.13803255325532543,0.0,0.0047410008779631,0.4506493506493506
2021-09-18 02:30:00+00:00,0.1340009000900089,0.0,0.0047410008779631,0.4519480519480519
2021-09-18 02:45:00+00:00,0.12996924692469242,0.0,0.0047410008779631,0.4532467532467532
2021-09-18 03:00:00+00:00,0.1259375937593759,0.0,0.0047410008779631,0.4545454545454545
2021-09-18 03:15:00+00:00,0.1223747374737473,0.0,0.0047629499561018,0.4549783549783549
2021-09-18 03:30:00+00:00,0.1188118811881187,0.0,0.0047848990342405,0.4554112554112554
2021-09-18 03:45:00+00:00,0.11524902490249016,0.0,0.0048068481123792,0.45584415584415583
2021-09-18 04:00:00+00:00,0.1116861686168616,0.0,0.0048287971905179,0.4562770562770563
2021-09-18 04:15:00+00:00,0.1110579807980797,0.0,0.0049385425812115,0.45735930735930735
2021-09-18 04:30:00+00:00,0.1104297929792978,0.0,0.0050482879719051,0.4584415584415584
2021-09-18 04:45:00+00:00,0.10980160516051594,0.0,0.0051580333625987,0.4595238095238095
2021-09-18 05:00:00+00:00,0.1091734173417341,0.0,0.0052677787532923,0.4606060606060606
2021-09-18 05:15:00+00:00,0.10823582358235816,0.0,0.01872256365232655,0.4651515151515151
2021-09-18 05:30:00+00:00,0.1072982298229822,0.0,0.0321773485513608,0.4696969696969696
2021-09-18 05:45:00+00:00,0.1063606360636063,0.0,0.045632133450395046,0.47424242424242413
2021-09-18 06:00:00+00:00,0.1054230423042304,0.0,0.0590869183494293,0.4787878787878787
2021-09-18 06:15:00+00:00,0.10404477947794774,0.0,0.1228709394205443,0.48008658008658
2021-09-18 06:30:00+00:00,0.1026665166516651,0.0,0.1866549604916593,0.4813852813852813
2021-09-18 06:45:00+00:00,0.10128825382538251,0.0,0.25043898156277433,0.4826839826839826
2021-09-18 07:00:00+00:00,0.0999099909990999,0.0,0.3142230026338893,0.4839826839826839
2021-09-18 07:15:00+00:00,0.1005756825682568,0.0,0.38312115891132564,0.4807359307359307
2021-09-18 07:30:00+00:00,0.1012413741374137,0.0,0.452019315188762,0.4774891774891774
2021-09-18 07:45:00+00:00,0.1019070657065706,0.0,0.5209174714661984,0.47424242424242424
2021-09-18 08:00:00+00:00,0.1025727572757275,0.0,0.5898156277436347,0.470995670995671
2021-09-18 08:15:00+00:00,0.1016070357035703,0.0,0.6311018437225636,0.46796536796536803
2021-09-18 08:30:00+00:00,0.1006413141314131,0.0,0.6723880597014925,0.464935064935065
2021-09-18 08:45:00+00:00,0.0996755925592559,0.0,0.7136742756804214,0.46190476190476193
2021-09-18 09:00:00+00:00,0.0987098709870987,0.0,0.7549604916593503,0.4588744588744589
2021-09-18 09:15:00+00:00,0.10208520852085205,0.0,0.7788849868305532,0.454978354978355
2021-09-18 09:30:00+00:00,0.1054605460546054,0.0,0.802809482001756,0.4510822510822511
2021-09-18 09:45:00+00:00,0.1088358835883588,0.0,0.8267339771729587,0.4471861471861472
2021-09-18 10:00:00+00:00,0.1122112211221122,0.0,0.8506584723441616,0.4432900432900433
2021-09-18 10:15:00+00:00,0.12057455745574555,0.0,0.8610403863037752,0.44220779220779216
2021-09-18 10:30:00+00:00,0.1289378937893789,0.0,0.871422300263389,0.4411255411255411
2021-09-18 10:45:00+00:00,0.13730123012301226,0.0,0.8818042142230027,0.44004329004329
2021-09-18 11:00:00+00:00,0.1456645664566456,0.0,0.8921861281826163,0.4389610389610389
2021-09-18 11:15:00+00:00,0.15130888088808875,0.0,0.8960272168568921,0.43852813852813843
2021-09-18 11:30:00+00:00,0.1569531953195319,0.0,0.8998683055311678,0.438095238095238
2021-09-18 11:45:00+00:00,0.16259750975097503,0.0,0.9037093942054435,0.4376623376623376
2021-09-18 12:00:00+00:00,0.1682418241824182,0.0,0.9075504828797192,0.4372294372294372
2021-09-18 12:15:00+00:00,0.1775896339633963,0.0,0.9100307287093943,0.4391774891774891
2021-09-18 12:30:00+00:00,0.1869374437443744,0.0,0.9125109745390694,0.4411255411255411
2021-09-18 12:45:00+00:00,0.1962852535253525,0.0,0.9149912203687445,0.44307359307359306
2021-09-18 13:00:00+00:00,0.2056330633063306,0.0,0.9174714661984196,0.445021645021645
2021-09-18 13:15:00+00:00,0.212046204620462,0.0,0.910513608428446,0.4452380952380952
2021-09-18 13:30:00+00:00,0.2184593459345934,0.0,0.9035557506584724,0.4454545454545454
2021-09-18 13:45:00+00:00,0.2248724872487248,0.0,0.8965978928884988,0.44567099567099566
2021-09-18 14:00:00+00:00,0.2312856285628562,0.0,0.8896400351185251,0.4458874458874459
2021-09-18 14:15:00+00:00,0.23385463546354623,0.0,0.8661984196663741,0.4491341991341991
2021-09-18 14:30:00+00:00,0.2364236423642363,0.0,0.842756804214223,0.4523809523809524
2021-09-18 14:45:00+00:00,0.23899264926492642,0.0,0.819315188762072,0.4556277056277056
2021-09-18 15:00:00+00:00,0.2415616561656165,0.0,0.795873573309921,0.4588744588744589
2021-09-18 15:15:00+00:00,0.24385876087608754,0.0,0.751404741000878,0.46060606060606063
2021-09-18 15:30:00+00:00,0.2461558655865586,0.0,0.706935908691835,0.4623376623376624
2021-09-18 15:45:00+00:00,0.24845297029702965,0.0,0.662467076382792,0.4640692640692641
2021-09-18 16:00:00+00:00,0.2507500750075007,0.0,0.6179982440737489,0.4658008658008658
2021-09-18 16:15:00+00:00,0.24713096309630955,0.0,0.5340210711150132,0.4798701298701299
2021-09-18 16:30:00+00:00,0.2435118511851184,0.0,0.4500438981562774,0.4939393939393939
2021-09-18 16:45:00+00:00,0.2398927392739273,0.0,0.3660667251975417,0.508008658008658
2021-09-18 17:00:00+00:00,0.2362736273627362,0.0,0.282089552238806,0.522077922077922
2021-09-18 17:15:00+00:00,0.2317544254425442,0.0,0.2309043020193152,0.5229437229437228
2021-09-18 17:30:00+00:00,0.2272352235223522,0.0,0.1797190517998244,0.5238095238095237
2021-09-18 17:45:00+00:00,0.2227160216021602,0.0,0.1285338015803336,0.5246753246753246
2021-09-18 18:00:00+00:00,0.2181968196819682,0.0,0.0773485513608428,0.5255411255411255
2021-09-18 18:15:00+00:00,0.2172217221722172,0.0,0.071334503950834,0.5244588744588745
2021-09-18 18:30:00+00:00,0.2162466246624662,0.0,0.0653204565408252,0.5233766233766234
2021-09-18 18:45:00+00:00,0.21527152715271525,0.0,0.05930640913081645,0.5222943722943723
2021-09-18 19:00:00+00:00,0.2142964296429643,0.0,0.0532923617208077,0.5212121212121212
2021-09-18 19:15:00+00:00,0.21146489648964895,0.0,0.0530509218612818,0.5220779220779221
2021-09-18 19:30:00+00:00,0.2086333633363336,0.0,0.0528094820017559,0.5229437229437229
2021-09-18 19:45:00+00:00,0.20580183018301823,0.0,0.05256804214223,0.5238095238095237
2021-09-18 20:00:00+00:00,0.2029702970297029,0.0,0.0523266022827041,0.5246753246753246
2021-09-18 20:15:00+00:00,0.20069194419441935,0.0,0.0523266022827041,0.520995670995671
2021-09-18 20:30:00+00:00,0.1984135913591358,0.0,0.0523266022827041,0.5173160173160173
2021-09-18 20:45:00+00:00,0.19613523852385228,0.0,0.0523266022827041,0.5136363636363637
2021-09-18 21:00:00+00:00,0.1938568856885688,0.0,0.0523266022827041,0.5099567099567099
2021-09-18 21:15:00+00:00,0.192797404740474,0.0,0.05215100965759435,0.5101731601731602
2021-09-18 21:30:00+00:00,0.1917379237923792,0.0,0.0519754170324846,0.5103896103896104
2021-09-18 21:45:00+00:00,0.1906784428442844,0.0,0.05179982440737485,0.5106060606060606
2021-09-18 22:00:00+00:00,0.1896189618961896,0.0,0.0516242317822651,0.5108225108225108
2021-09-18 22:15:00+00:00,0.1879781728172817,0.0,0.048683055311676854,0.5073593073593073
2021-09-18 22:30:00+00:00,0.1863373837383738,0.0,0.0457418788410886,0.5038961038961038
2021-09-18 22:45:00+00:00,0.18469659465946592,0.0,0.042800702370500404,0.5004329004329003
2021-09-18 23:00:00+00:00,0.183055805580558,0.0,0.0398595258999122,0.4969696969696969
2021-09-18 23:15:00+00:00,0.1819213171317131,0.0,0.036786654960491647,0.4950216450216449
2021-09-18 23:30:00+00:00,0.1807868286828682,0.0,0.0337137840210711,0.493073593073593
2021-09-18 23:45:00+00:00,0.17965234023402335,0.0,0.03064091308165055,0.4911255411255411
2021-09-19 00:00:00+00:00,0.1785178517851785,0.0,0.02756804214223,0.4891774891774891
2021-09-19 00:15:00+00:00,0.1762019951995199,0.0,0.02559262510974535,0.4891774891774891
2021-09-19 00:30:00+00:00,0.1738861386138613,0.0,0.0236172080772607,0.4891774891774891
2021-09-19 00:45:00+00:00,0.17157028202820274,0.0,0.02164179104477605,0.4891774891774891
2021-09-19 01:00:00+00:00,0.1692544254425442,0.0,0.0196663740122914,0.4891774891774891
2021-09-19 01:15:00+00:00,0.1657478247824782,0.0,0.017537313432835752,0.4878787878787878
2021-09-19 01:30:00+00:00,0.1622412241224122,0.0,0.0154082528533801,0.4865800865800865
2021-09-19 01:45:00+00:00,0.1587346234623462,0.0,0.013279192273924451,0.4852813852813852
2021-09-19 02:00:00+00:00,0.1552280228022802,0.0,0.0111501316944688,0.4839826839826839
2021-09-19 02:15:00+00:00,0.15160891089108905,0.0,0.0102282704126426,0.48095238095238085
2021-09-19 02:30:00+00:00,0.1479897989798979,0.0,0.0093064091308164,0.4779220779220778
2021-09-19 02:45:00+00:00,0.14437068706870682,0.0,0.008384547848990249,0.4748917748917748
2021-09-19 03:00:00+00:00,0.1407515751575157,0.0,0.0074626865671641,0.4718614718614718
2021-09-19 03:15:00+00:00,0.1389232673267326,0.0,0.00706760316066715,0.47012987012987006
2021-09-19 03:30:00+00:00,0.1370949594959495,0.0,0.0066725197541702,0.4683982683982683
2021-09-19 03:45:00+00:00,0.13526665166516644,0.0,0.006277436347673301,0.4666666666666666
2021-09-19 04:00:00+00:00,0.1334383438343834,0.0,0.0058823529411764,0.4649350649350649
2021-09-19 04:15:00+00:00,0.1305786828682868,0.0,0.0059043020193151,0.46558441558441555
2021-09-19 04:30:00+00:00,0.1277190219021902,0.0,0.0059262510974538,0.4662337662337662
2021-09-19 04:45:00+00:00,0.1248593609360936,0.0,0.00594820017559255,0.4668831168831169
2021-09-19 05:00:00+00:00,0.121999699969997,0.0,0.0059701492537313,0.4675324675324675
2021-09-19 05:15:00+00:00,0.11944944494449444,0.0,0.02293678665496045,0.46818181818181814
2021-09-19 05:30:00+00:00,0.1168991899189919,0.0,0.0399034240561896,0.4688311688311688
2021-09-19 05:45:00+00:00,0.11434893489348935,0.0,0.05687006145741875,0.4694805194805195
2021-09-19 06:00:00+00:00,0.1117986798679868,0.0,0.0738366988586479,0.4701298701298701
2021-09-19 06:15:00+00:00,0.10833895889588956,0.0,0.14971466198419658,0.46991341991341995
2021-09-19 06:30:00+00:00,0.1048792379237923,0.0,0.2255926251097453,0.4696969696969697
2021-09-19 06:45:00+00:00,0.1014195169516951,0.0,0.30147058823529405,0.4694805194805195
2021-09-19 07:00:00+00:00,0.0979597959795979,0.0,0.3773485513608428,0.4692640692640693
2021-09-19 07:15:00+00:00,0.102047704770477,0.0,0.46573748902546086,0.46753246753246747
2021-09-19 07:30:00+00:00,0.1061356135613561,0.0,0.5541264266900789,0.4658008658008657
2021-09-19 07:45:00+00:00,0.1102235223522352,0.0,0.642515364354697,0.464069264069264
2021-09-19 08:00:00+00:00,0.1143114311431143,0.0,0.7309043020193152,0.4623376623376623
2021-09-19 08:15:00+00:00,0.11590534053405335,0.0,0.7716417910447761,0.4599567099567099
2021-09-19 08:30:00+00:00,0.1174992499249924,0.0,0.8123792800702371,0.4575757575757575
2021-09-19 08:45:00+00:00,0.11909315931593151,0.0,0.853116769095698,0.45519480519480515
2021-09-19 09:00:00+00:00,0.1206870687068706,0.0,0.8938542581211589,0.4528138528138528
2021-09-19 09:15:00+00:00,0.12020889588958884,0.0,0.9040605794556629,0.45238095238095233
2021-09-19 09:30:00+00:00,0.1197307230723071,0.0,0.9142669007901668,0.4519480519480519
2021-09-19 09:45:00+00:00,0.1192525502550254,0.0,0.9244732221246708,0.4515151515151515
2021-09-19 10:00:00+00:00,0.1187743774377437,0.0,0.9346795434591748,0.4510822510822511
2021-09-19 10:15:00+00:00,0.1157084458445844,0.0,0.9358867427568043,0.45064935064935063
2021-09-19 10:30:00+00:00,0.1126425142514251,0.0,0.9370939420544336,0.4502164502164502
2021-09-19 10:45:00+00:00,0.10957658265826581,0.0,0.9383011413520632,0.44978354978354973
2021-09-19 11:00:00+00:00,0.1065106510651065,0.0,0.9395083406496928,0.4493506493506493
2021-09-19 11:15:00+00:00,0.10580745574557454,0.0,0.9377304653204567,0.44848484848484843
2021-09-19 11:30:00+00:00,0.1051042604260426,0.0,0.9359525899912204,0.4476190476190476
2021-09-19 11:45:00+00:00,0.10440106510651065,0.0,0.9341747146619842,0.44675324675324674
2021-09-19 12:00:00+00:00,0.1036978697869787,0.0,0.932396839332748,0.4458874458874459
2021-09-19 12:15:00+00:00,0.10623874887488745,0.0,0.9309482001755927,0.4478354978354978
2021-09-19 12:30:00+00:00,0.1087796279627962,0.0,0.9294995610184372,0.4497835497835498
2021-09-19 12:45:00+00:00,0.111320507050705,0.0,0.9280509218612818,0.45173160173160176
2021-09-19 13:00:00+00:00,0.1138613861386138,0.0,0.9266022827041264,0.4536796536796537
2021-09-19 13:15:00+00:00,0.1167866786678667,0.0,0.919468832309043,0.45606060606060606
2021-09-19 13:30:00+00:00,0.1197119711971196,0.0,0.9123353819139596,0.4584415584415584
2021-09-19 13:45:00+00:00,0.12263726372637256,0.0,0.9052019315188762,0.4608225108225108
2021-09-19 14:00:00+00:00,0.1255625562556255,0.0,0.8980684811237928,0.4632034632034632
2021-09-19 14:15:00+00:00,0.12710021002100205,0.0,0.8793459174714662,0.4677489177489177
2021-09-19 14:30:00+00:00,0.1286378637863786,0.0,0.8606233538191396,0.4722943722943722
2021-09-19 14:45:00+00:00,0.13017551755175516,0.0,0.841900790166813,0.47683982683982673
2021-09-19 15:00:00+00:00,0.1317131713171317,0.0,0.8231782265144864,0.4813852813852813
2021-09-19 15:15:00+00:00,0.1341321632163216,0.0,0.7724319578577699,0.4852813852813852
2021-09-19 15:30:00+00:00,0.1365511551155115,0.0,0.7216856892010535,0.4891774891774891
2021-09-19 15:45:00+00:00,0.1389701470147014,0.0,0.6709394205443371,0.493073593073593
2021-09-19 16:00:00+00:00,0.1413891389138913,0.0,0.6201931518876207,0.4969696969696969
2021-09-19 16:15:00+00:00,0.141323507350735,0.0,0.529741000877963,0.4969696969696969
2021-09-19 16:30:00+00:00,0.1412578757875787,0.0,0.4392888498683055,0.4969696969696969
2021-09-19 16:45:00+00:00,0.1411922442244224,0.0,0.3488366988586479,0.4969696969696969
2021-09-19 17:00:00+00:00,0.1411266126612661,0.0,0.2583845478489903,0.4969696969696969
2021-09-19 17:15:00+00:00,0.14166104110411037,0.0,0.2122475856014047,0.5002164502164501
2021-09-19 17:30:00+00:00,0.1421954695469546,0.0,0.1661106233538191,0.5034632034632034
2021-09-19 17:45:00+00:00,0.1427298979897989,0.0,0.1199736611062335,0.5067099567099567
2021-09-19 18:00:00+00:00,0.1432643264326432,0.0,0.0738366988586479,0.5099567099567099
2021-09-19 18:15:00+00:00,0.14480198019801976,0.0,0.0690298507462686,0.5121212121212121
2021-09-19 18:30:00+00:00,0.1463396339633963,0.0,0.0642230026338893,0.5142857142857142
2021-09-19 18:45:00+00:00,0.14787728772877284,0.0,0.059416154521510056,0.5164502164502165
2021-09-19 19:00:00+00:00,0.1494149414941494,0.0,0.0546093064091308,0.5186147186147186
2021-09-19 19:15:00+00:00,0.1530059255925592,0.0,0.054236172080772554,0.5231601731601732
2021-09-19 19:30:00+00:00,0.156596909690969,0.0,0.0538630377524143,0.5277056277056278
2021-09-19 19:45:00+00:00,0.16018789378937887,0.0,0.0534899034240561,0.5322510822510823
2021-09-19 20:00:00+00:00,0.1637788778877887,0.0,0.0531167690956979,0.5367965367965368
2021-09-19 20:15:00+00:00,0.16754800480047993,0.0,0.052282704126426605,0.532900432900433
2021-09-19 20:30:00+00:00,0.1713171317131712,0.0,0.0514486391571553,0.529004329004329
2021-09-19 20:45:00+00:00,0.1750862586258625,0.0,0.05061457418788405,0.5251082251082251
2021-09-19 21:00:00+00:00,0.1788553855385538,0.0,0.0497805092186128,0.5212121212121212
2021-09-19 21:15:00+00:00,0.1846497149714971,0.0,0.04923178226514485,0.5166666666666667
2021-09-19 21:30:00+00:00,0.1904440444044404,0.0,0.0486830553116769,0.5121212121212122
2021-09-19 21:45:00+00:00,0.19623837383738368,0.0,0.04813432835820895,0.5075757575757576
2021-09-19 22:00:00+00:00,0.202032703270327,0.0,0.047585601404741,0.503030303030303
2021-09-19 22:15:00+00:00,0.20438606360636058,0.0,0.0467734855136084,0.5041125541125542
2021-09-19 22:30:00+00:00,0.2067394239423942,0.0,0.0459613696224758,0.5051948051948052
2021-09-19 22:45:00+00:00,0.2090927842784278,0.0,0.04514925373134325,0.5062770562770562
2021-09-19 23:00:00+00:00,0.2114461446144614,0.0,0.0443371378402107,0.5073593073593073
2021-09-19 23:15:00+00:00,0.21417454245424533,0.0,0.041132572431957795,0.5045454545454545
2021-09-19 23:30:00+00:00,0.2169029402940293,0.0,0.0379280070237049,0.5017316017316017
2021-09-19 23:45:00+00:00,0.2196313381338133,0.0,0.0347234416154521,0.49891774891774887
2021-09-20 00:00:00+00:00,0.2223597359735973,0.0,0.0315188762071993,0.4961038961038961
2021-09-20 00:15:00+00:00,0.2270195769576957,0.0,0.0290166812993854,0.4937229437229437
2021-09-20 00:30:00+00:00,0.2316794179417941,0.0,0.0265144863915715,0.4913419913419913
2021-09-20 00:45:00+00:00,0.23633925892589255,0.0,0.02401229148375765,0.48896103896103893
2021-09-20 01:00:00+00:00,0.240999099909991,0.0,0.0215100965759438,0.4865800865800865
2021-09-20 01:15:00+00:00,0.2436993699369937,0.0,0.018634767339771652,0.4891774891774891
2021-09-20 01:30:00+00:00,0.2463996399639964,0.0,0.0157594381035995,0.4917748917748917
2021-09-20 01:45:00+00:00,0.2490999099909991,0.0,0.012884108867427451,0.4943722943722943
2021-09-20 02:00:00+00:00,0.2518001800180018,0.0,0.0100087796312554,0.4969696969696969
2021-09-20 02:15:00+00:00,0.254322307230723,0.0,0.009262510974539,0.49523809523809514
2021-09-20 02:30:00+00:00,0.2568444344434443,0.0,0.0085162423178226,0.4935064935064934
2021-09-20 02:45:00+00:00,0.25936656165616556,0.0,0.0077699736611062005,0.4917748917748917
2021-09-20 03:00:00+00:00,0.2618886888688869,0.0,0.0070237050043898,0.49004329004329
2021-09-20 03:15:00+00:00,0.2636419891989199,0.0,0.0067164179104477004,0.4932900432900432
2021-09-20 03:30:00+00:00,0.2653952895289529,0.0,0.0064091308165056,0.4965367965367965
2021-09-20 03:45:00+00:00,0.26714858985898593,0.0,0.00610184372256355,0.4997835497835498
2021-09-20 04:00:00+00:00,0.2689018901890189,0.0,0.0057945566286215,0.503030303030303
2021-09-20 04:15:00+00:00,0.2698957395739574,0.0,0.0057945566286215,0.5073593073593075
2021-09-20 04:30:00+00:00,0.2708895889588959,0.0,0.0057945566286215,0.5116883116883117
2021-09-20 04:45:00+00:00,0.27188343834383444,0.0,0.0057945566286215,0.516017316017316
2021-09-20 05:00:00+00:00,0.2728772877287729,0.0,0.0057945566286215,0.5203463203463203
2021-09-20 05:15:00+00:00,0.27033640864086406,0.0,0.018810359964881396,0.5119047619047619
2021-09-20 05:30:00+00:00,0.2677955295529552,0.0,0.0318261633011413,0.5034632034632034
2021-09-20 05:45:00+00:00,0.2652546504650465,0.0,0.0448419666374012,0.4950216450216449
2021-09-20 06:00:00+00:00,0.2627137713771377,0.0,0.0578577699736611,0.4865800865800865
2021-09-20 06:15:00+00:00,0.2601728922892289,0.0,0.12934591747146615,0.4846320346320345
2021-09-20 06:30:00+00:00,0.2576320132013201,0.0,0.2008340649692712,0.4826839826839826
2021-09-20 06:45:00+00:00,0.25509113411341133,0.0,0.27232221246707633,0.4807359307359307
2021-09-20 07:00:00+00:00,0.2525502550255025,0.0,0.3438103599648814,0.4787878787878787
2021-09-20 07:15:00+00:00,0.25710696069606953,0.0,0.42572431957857765,0.4761904761904761
2021-09-20 07:30:00+00:00,0.2616636663666366,0.0,0.5076382791922739,0.4735930735930735
2021-09-20 07:45:00+00:00,0.26622037203720367,0.0,0.5895522388059702,0.47099567099567097
2021-09-20 08:00:00+00:00,0.2707770777077707,0.0,0.6714661984196664,0.4683982683982684
2021-09-20 08:15:00+00:00,0.2721553405340533,0.0,0.7114354697102722,0.4606060606060606
2021-09-20 08:30:00+00:00,0.273533603360336,0.0,0.751404741000878,0.4528138528138528
2021-09-20 08:45:00+00:00,0.27491186618661867,0.0,0.7913740122914837,0.445021645021645
2021-09-20 09:00:00+00:00,0.2762901290129013,0.0,0.8313432835820895,0.4372294372294372
2021-09-20 09:15:00+00:00,0.27468684368436846,0.0,0.8468173836698859,0.43290043290043284
2021-09-20 09:30:00+00:00,0.2730835583558356,0.0,0.8622914837576822,0.4285714285714285
2021-09-20 09:45:00+00:00,0.27148027302730277,0.0,0.8777655838454785,0.4242424242424242
2021-09-20 10:00:00+00:00,0.2698769876987699,0.0,0.8932396839332748,0.4199134199134199
2021-09-20 10:15:00+00:00,0.26623912391239124,0.0,0.9023266022827041,0.41753246753246753
2021-09-20 10:30:00+00:00,0.2626012601260126,0.0,0.9114135206321334,0.4151515151515151
2021-09-20 10:45:00+00:00,0.25896339633963394,0.0,0.9205004389815628,0.4127705627705628
2021-09-20 11:00:00+00:00,0.2553255325532553,0.0,0.929587357330992,0.4103896103896104
2021-09-20 11:15:00+00:00,0.2534315931593159,0.0,0.9304433713784019,0.40974025974025974
2021-09-20 11:30:00+00:00,0.2515376537653765,0.0,0.931299385425812,0.4090909090909091
2021-09-20 11:45:00+00:00,0.24964371437143712,0.0,0.932155399473222,0.4084415584415585
2021-09-20 12:00:00+00:00,0.2477497749774977,0.0,0.933011413520632,0.4077922077922078
2021-09-20 12:15:00+00:00,0.25129387938793873,0.0,0.9265364354697102,0.4075757575757576
2021-09-20 12:30:00+00:00,0.2548379837983798,0.0,0.9200614574187884,0.4073593073593073
2021-09-20 12:45:00+00:00,0.25838208820882086,0.0,0.9135864793678666,0.40714285714285714
2021-09-20 13:00:00+00:00,0.2619261926192619,0.0,0.9071115013169448,0.4069264069264069
2021-09-20 13:15:00+00:00,0.2731866936693669,0.0,0.8917032484635646,0.40627705627705624
2021-09-20 13:30:00+00:00,0.2844471947194719,0.0,0.8762949956101844,0.4056277056277056
2021-09-20 13:45:00+00:00,0.2957076957695769,0.0,0.8608867427568042,0.404978354978355
2021-09-20 14:00:00+00:00,0.3069681968196819,0.0,0.845478489903424,0.4043290043290043
2021-09-20 14:15:00+00:00,0.3198319831983198,0.0,0.8221466198419666,0.40541125541125533
2021-09-20 14:30:00+00:00,0.3326957695769577,0.0,0.7988147497805091,0.4064935064935064
2021-09-20 14:45:00+00:00,0.3455595559555955,0.0,0.7754828797190518,0.4075757575757575
2021-09-20 15:00:00+00:00,0.3584233423342334,0.0,0.7521510096575944,0.4086580086580086
2021-09-20 15:15:00+00:00,0.37110898589858987,0.0,0.7041483757682178,0.4112554112554112
2021-09-20 15:30:00+00:00,0.3837946294629463,0.0,0.6561457418788411,0.4138528138528138
2021-09-20 15:45:00+00:00,0.3964802730273027,0.0,0.6081431079894645,0.4164502164502164
2021-09-20 16:00:00+00:00,0.4091659165916592,0.0,0.5601404741000878,0.419047619047619
2021-09-20 16:15:00+00:00,0.407768901890189,0.0,0.4798068481123793,0.4248917748917749
2021-09-20 16:30:00+00:00,0.4063718871887188,0.0,0.3994732221246707,0.4307359307359307
2021-09-20 16:45:00+00:00,0.4049748724872487,0.0,0.3191395961369622,0.4365800865800865
2021-09-20 17:00:00+00:00,0.4035778577857786,0.0,0.2388059701492537,0.4424242424242424
2021-09-20 17:15:00+00:00,0.4009150915091509,0.0,0.19697102721685683,0.44675324675324674
2021-09-20 17:30:00+00:00,0.3982523252325232,0.0,0.15513608428446,0.4510822510822511
2021-09-20 17:45:00+00:00,0.39558955895589554,0.0,0.11330114135206315,0.4554112554112554
2021-09-20 18:00:00+00:00,0.3929267926792679,0.0,0.0714661984196663,0.4597402597402597
2021-09-20 18:15:00+00:00,0.38876387638763876,0.0,0.06723002633889369,0.46645021645021645
2021-09-20 18:30:00+00:00,0.3846009600960096,0.0,0.0629938542581211,0.4731601731601731
2021-09-20 18:45:00+00:00,0.3804380438043804,0.0,0.0587576821773485,0.4798701298701298
2021-09-20 19:00:00+00:00,0.3762751275127513,0.0,0.0545215100965759,0.4865800865800865
2021-09-20 19:15:00+00:00,0.37138088808880887,0.0,0.05447761194029845,0.4852813852813852
2021-09-20 19:30:00+00:00,0.3664866486648664,0.0,0.054433713784021,0.4839826839826839
2021-09-20 19:45:00+00:00,0.36159240924092406,0.0,0.0543898156277436,0.4826839826839826
2021-09-20 20:00:00+00:00,0.3566981698169817,0.0,0.0543459174714662,0.4813852813852813
2021-09-20 20:15:00+00:00,0.35584495949594963,0.0,0.05324846356453025,0.4727272727272726
2021-09-20 20:30:00+00:00,0.3549917491749175,0.0,0.0521510096575943,0.4640692640692639
2021-09-20 20:45:00+00:00,0.35413853885388535,0.0,0.0510535557506584,0.45541125541125527
2021-09-20 21:00:00+00:00,0.3532853285328532,0.0,0.0499561018437225,0.4467532467532467
2021-09-20 21:15:00+00:00,0.3582076957695769,0.0,0.0491220368744512,0.4441558441558441
2021-09-20 21:30:00+00:00,0.3631300630063006,0.0,0.0482879719051799,0.4415584415584415
2021-09-20 21:45:00+00:00,0.36805243024302425,0.0,0.047453906935908646,0.4389610389610389
2021-09-20 22:00:00+00:00,0.372974797479748,0.0,0.0466198419666374,0.4363636363636363
2021-09-20 22:15:00+00:00,0.36967446744674465,0.0,0.0444468832309043,0.4365800865800865
2021-09-20 22:30:00+00:00,0.3663741374137413,0.0,0.0422739244951712,0.4367965367965367
2021-09-20 22:45:00+00:00,0.3630738073807381,0.0,0.0401009657594381,0.43701298701298696
2021-09-20 23:00:00+00:00,0.3597734773477348,0.0,0.037928007023705,0.4372294372294372
2021-09-20 23:15:00+00:00,0.361826807680768,0.0,0.034877085162423146,0.4346320346320346
2021-09-20 23:30:00+00:00,0.3638801380138013,0.0,0.0318261633011413,0.432034632034632
2021-09-20 23:45:00+00:00,0.36593346834683466,0.0,0.028775241439859496,0.4294372294372294
2021-09-21 00:00:00+00:00,0.367986798679868,0.0,0.0257243195785777,0.4268398268398268
2021-09-21 00:15:00+00:00,0.3689243924392439,0.0,0.0239244951712028,0.4246753246753246
2021-09-21 00:30:00+00:00,0.3698619861986199,0.0,0.0221246707638279,0.4225108225108224
2021-09-21 00:45:00+00:00,0.3707995799579958,0.0,0.020324846356453,0.42034632034632025
2021-09-21 01:00:00+00:00,0.3717371737173717,0.0,0.0185250219490781,0.4181818181818181
2021-09-21 01:15:00+00:00,0.37043391839183915,0.0,0.0163740122914837,0.4181818181818181
2021-09-21 01:30:00+00:00,0.3691306630663066,0.0,0.0142230026338893,0.4181818181818181
2021-09-21 01:45:00+00:00,0.36782740774077405,0.0,0.012071992976294951,0.4181818181818181
2021-09-21 02:00:00+00:00,0.3665241524152415,0.0,0.0099209833187006,0.4181818181818181
2021-09-21 02:15:00+00:00,0.36284878487848776,0.0,0.0086259877085162,0.4179653679653679
2021-09-21 02:30:00+00:00,0.3591734173417341,0.0,0.0073309920983318,0.4177489177489177
2021-09-21 02:45:00+00:00,0.35549804980498045,0.0,0.00603599648814745,0.41753246753246753
2021-09-21 03:00:00+00:00,0.3518226822682268,0.0,0.0047410008779631,0.4173160173160173
2021-09-21 03:15:00+00:00,0.35141951695169515,0.0,0.00471905179982435,0.42012987012987013
2021-09-21 03:30:00+00:00,0.3510163516351635,0.0,0.0046971027216856,0.4229437229437229
2021-09-21 03:45:00+00:00,0.35061318631863186,0.0,0.004675153643546899,0.42575757575757567
2021-09-21 04:00:00+00:00,0.3502100210021002,0.0,0.0046532045654082,0.4285714285714285
2021-09-21 04:15:00+00:00,0.3475378787878788,0.0,0.0046312554872694495,0.43593073593073584
2021-09-21 04:30:00+00:00,0.3448657365736574,0.0,0.0046093064091307,0.4432900432900432
2021-09-21 04:45:00+00:00,0.34219359435943597,0.0,0.004587357330992,0.4506493506493506
2021-09-21 05:00:00+00:00,0.3395214521452145,0.0,0.0045654082528533,0.458008658008658
2021-09-21 05:15:00+00:00,0.33766501650165015,0.0,0.016154521510096498,0.4632034632034632
2021-09-21 05:30:00+00:00,0.3358085808580858,0.0,0.0277436347673397,0.4683982683982683
2021-09-21 05:45:00+00:00,0.33395214521452143,0.0,0.0393327480245829,0.4735930735930735
2021-09-21 06:00:00+00:00,0.3320957095709571,0.0,0.0509218612818261,0.4787878787878787
2021-09-21 06:15:00+00:00,0.3261326132613261,0.0,0.11995171202809475,0.47683982683982673
2021-09-21 06:30:00+00:00,0.3201695169516951,0.0,0.1889815627743634,0.4748917748917748
2021-09-21 06:45:00+00:00,0.31420642064206417,0.0,0.25801141352063206,0.4729437229437229
2021-09-21 07:00:00+00:00,0.3082433243324332,0.0,0.3270412642669008,0.470995670995671
2021-09-21 07:15:00+00:00,0.30792454245424533,0.0,0.41003072870939417,0.4662337662337662
2021-09-21 07:30:00+00:00,0.3076057605760575,0.0,0.4930201931518876,0.4614718614718615
2021-09-21 07:45:00+00:00,0.3072869786978697,0.0,0.576009657594381,0.4567099567099567
2021-09-21 08:00:00+00:00,0.3069681968196819,0.0,0.6589991220368745,0.4519480519480519
2021-09-21 08:15:00+00:00,0.3132875787578757,0.0,0.7019973661106234,0.4512987012987012
2021-09-21 08:30:00+00:00,0.3196069606960695,0.0,0.7449956101843722,0.4506493506493506
2021-09-21 08:45:00+00:00,0.32592634263426334,0.0,0.7879938542581211,0.44999999999999996
2021-09-21 09:00:00+00:00,0.3322457245724572,0.0,0.83099209833187,0.4493506493506493
2021-09-21 09:15:00+00:00,0.3284390939093909,0.0,0.8485294117647058,0.44999999999999996
2021-09-21 09:30:00+00:00,0.3246324632463246,0.0,0.8660667251975416,0.4506493506493506
2021-09-21 09:45:00+00:00,0.3208258325832583,0.0,0.8836040386303774,0.4512987012987012
2021-09-21 10:00:00+00:00,0.317019201920192,0.0,0.9011413520632132,0.4519480519480519
2021-09-21 10:15:00+00:00,0.31282815781578155,0.0,0.9066505706760315,0.4502164502164501
2021-09-21 10:30:00+00:00,0.3086371137113711,0.0,0.9121597892888498,0.4484848484848484
2021-09-21 10:45:00+00:00,0.30444606960696063,0.0,0.917669007901668,0.4467532467532467
2021-09-21 11:00:00+00:00,0.3002550255025502,0.0,0.9231782265144864,0.445021645021645
2021-09-21 11:15:00+00:00,0.3037053705370536,0.0,0.9166154521510097,0.44393939393939386
2021-09-21 11:30:00+00:00,0.3071557155715571,0.0,0.910052677787533,0.4428571428571428
2021-09-21 11:45:00+00:00,0.31060606060606055,0.0,0.9034899034240562,0.4417748917748917
2021-09-21 12:00:00+00:00,0.314056405640564,0.0,0.8969271290605795,0.4406926406926407
2021-09-21 12:15:00+00:00,0.3099309930993098,0.0,0.8813213345039508,0.4391774891774891
2021-09-21 12:30:00+00:00,0.3058055805580557,0.0,0.8657155399473222,0.4376623376623376
2021-09-21 12:45:00+00:00,0.3016801680168016,0.0,0.8501097453906936,0.43614718614718606
2021-09-21 13:00:00+00:00,0.2975547554755475,0.0,0.8345039508340649,0.4346320346320346
2021-09-21 13:15:00+00:00,0.30146452145214514,0.0,0.8158033362598771,0.43701298701298696
2021-09-21 13:30:00+00:00,0.3053742874287428,0.0,0.7971027216856892,0.4393939393939393
2021-09-21 13:45:00+00:00,0.3092840534053405,0.0,0.7784021071115013,0.4417748917748917
2021-09-21 14:00:00+00:00,0.3131938193819382,0.0,0.7597014925373134,0.4441558441558441
2021-09-21 14:15:00+00:00,0.31814431443144314,0.0,0.7276558384547849,0.4478354978354978
2021-09-21 14:30:00+00:00,0.3230948094809481,0.0,0.6956101843722564,0.4515151515151515
2021-09-21 14:45:00+00:00,0.32804530453045305,0.0,0.6635645302897278,0.4551948051948052
2021-09-21 15:00:00+00:00,0.332995799579958,0.0,0.6315188762071993,0.4588744588744589
2021-09-21 15:15:00+00:00,0.332292604260426,0.0,0.5865452151009657,0.461038961038961
2021-09-21 15:30:00+00:00,0.331589408940894,0.0,0.5415715539947321,0.4632034632034632
2021-09-21 15:45:00+00:00,0.33088621362136206,0.0,0.4965978928884986,0.4653679653679653
2021-09-21 16:00:00+00:00,0.3301830183018301,0.0,0.4516242317822651,0.4675324675324675
2021-09-21 16:15:00+00:00,0.3297611011101109,0.0,0.3868744512730464,0.47922077922077916
2021-09-21 16:30:00+00:00,0.3293391839183918,0.0,0.3221246707638278,0.4909090909090908
2021-09-21 16:45:00+00:00,0.32891726672667265,0.0,0.2573748902546092,0.5025974025974025
2021-09-21 17:00:00+00:00,0.3284953495349535,0.0,0.1926251097453906,0.5142857142857142
2021-09-21 17:15:00+00:00,0.3274171167116712,0.0,0.15829675153643535,0.5209956709956709
2021-09-21 17:30:00+00:00,0.3263388838883888,0.0,0.1239683933274801,0.5277056277056277
2021-09-21 17:45:00+00:00,0.3252606510651065,0.0,0.08964003511852495,0.5344155844155845
2021-09-21 18:00:00+00:00,0.3241824182418242,0.0,0.0553116769095698,0.5411255411255411
2021-09-21 18:15:00+00:00,0.32455745574557454,0.0,0.051448639157155404,0.5424242424242425
2021-09-21 18:30:00+00:00,0.3249324932493249,0.0,0.047585601404741,0.5437229437229437
2021-09-21 18:45:00+00:00,0.3253075307530753,0.0,0.0437225636523266,0.545021645021645
2021-09-21 19:00:00+00:00,0.3256825682568257,0.0,0.0398595258999122,0.5463203463203463
2021-09-21 19:15:00+00:00,0.325748199819982,0.0,0.039442493415276496,0.5378787878787878
2021-09-21 19:30:00+00:00,0.3258138313831383,0.0,0.0390254609306408,0.5294372294372294
2021-09-21 19:45:00+00:00,0.3258794629462946,0.0,0.0386084284460052,0.5209956709956709
2021-09-21 20:00:00+00:00,0.3259450945094509,0.0,0.0381913959613696,0.5125541125541125
2021-09-21 20:15:00+00:00,0.32015076507650764,0.0,0.038169446883230845,0.5032467532467533
2021-09-21 20:30:00+00:00,0.3143564356435643,0.0,0.0381474978050921,0.4939393939393939
2021-09-21 20:45:00+00:00,0.30856210621062097,0.0,0.038125548726953395,0.48463203463203464
2021-09-21 21:00:00+00:00,0.3027677767776777,0.0,0.0381035996488147,0.4753246753246753
2021-09-21 21:15:00+00:00,0.29728285328532844,0.0,0.0377304653204565,0.46904761904761905
2021-09-21 21:30:00+00:00,0.2917979297929792,0.0,0.0373573309920983,0.4627705627705627
2021-09-21 21:45:00+00:00,0.28631300630063,0.0,0.0369841966637401,0.45649350649350645
2021-09-21 22:00:00+00:00,0.2808280828082808,0.0,0.0366110623353819,0.4502164502164502
2021-09-21 22:15:00+00:00,0.2724178667866787,0.0,0.0361720807726075,0.4476190476190476
2021-09-21 22:30:00+00:00,0.2640076507650765,0.0,0.0357330992098331,0.445021645021645
2021-09-21 22:45:00+00:00,0.25559743474347435,0.0,0.035294117647058754,0.4424242424242424
2021-09-21 23:00:00+00:00,0.2471872187218722,0.0,0.0348551360842844,0.4398268398268398
2021-09-21 23:15:00+00:00,0.24149602460246022,0.0,0.0339991220368744,0.43961038961038956
2021-09-21 23:30:00+00:00,0.2358048304830483,0.0,0.0331431079894644,0.4393939393939393
2021-09-21 23:45:00+00:00,0.23011363636363635,0.0,0.032287093942054396,0.4391774891774891
2021-09-22 00:00:00+00:00,0.2244224422442244,0.0,0.0314310798946444,0.4389610389610389
2021-09-22 00:15:00+00:00,0.2207283228322832,0.0,0.029104477611940252,0.44134199134199126
2021-09-22 00:30:00+00:00,0.217034203420342,0.0,0.0267778753292361,0.4437229437229437
2021-09-22 00:45:00+00:00,0.2133400840084008,0.0,0.024451273046532,0.4461038961038961
2021-09-22 01:00:00+00:00,0.2096459645964596,0.0,0.0221246707638279,0.4484848484848485
2021-09-22 01:15:00+00:00,0.20634563456345628,0.0,0.018920105355575048,0.44826839826839826
2021-09-22 01:30:00+00:00,0.203045304530453,0.0,0.0157155399473222,0.448051948051948
2021-09-22 01:45:00+00:00,0.1997449744974497,0.0,0.01251097453906935,0.4478354978354978
2021-09-22 02:00:00+00:00,0.1964446444644464,0.0,0.0093064091308165,0.4476190476190476
2021-09-22 02:15:00+00:00,0.19518826882688264,0.0,0.008779631255487249,0.4476190476190476
2021-09-22 02:30:00+00:00,0.1939318931893189,0.0,0.008252853380158,0.4476190476190476
2021-09-22 02:45:00+00:00,0.19267551755175516,0.0,0.00772607550482875,0.4476190476190476
2021-09-22 03:00:00+00:00,0.1914191419141914,0.0,0.0071992976294995,0.4476190476190476
2021-09-22 03:15:00+00:00,0.19317244224422442,0.0,0.00702370500438975,0.44848484848484843
2021-09-22 03:30:00+00:00,0.1949257425742574,0.0,0.00684811237928,0.4493506493506493
2021-09-22 03:45:00+00:00,0.19667904290429042,0.0,0.00667251975417025,0.4502164502164502
2021-09-22 04:00:00+00:00,0.1984323432343234,0.0,0.0064969271290605,0.4510822510822511
2021-09-22 04:15:00+00:00,0.19808543354335428,0.0,0.00645302897278305,0.45259740259740255
2021-09-22 04:30:00+00:00,0.1977385238523852,0.0,0.0064091308165056,0.4541125541125541
2021-09-22 04:45:00+00:00,0.1973916141614161,0.0,0.0063652326602282,0.4556277056277056
2021-09-22 05:00:00+00:00,0.197044704470447,0.0,0.0063213345039508,0.4571428571428571
2021-09-22 05:15:00+00:00,0.19471947194719463,0.0,0.013718173836698799,0.45974025974025967
2021-09-22 05:30:00+00:00,0.1923942394239423,0.0,0.0211150131694468,0.4623376623376622
2021-09-22 05:45:00+00:00,0.19006900690069,0.0,0.02851185250219485,0.46493506493506487
2021-09-22 06:00:00+00:00,0.1877437743774377,0.0,0.0359086918349429,0.4675324675324675
2021-09-22 06:15:00+00:00,0.18563418841884183,0.0,0.08654521510096569,0.46839826839826837
2021-09-22 06:30:00+00:00,0.183524602460246,0.0,0.1371817383669885,0.4692640692640693
2021-09-22 06:45:00+00:00,0.18141501650165015,0.0,0.18781826163301135,0.4701298701298702
2021-09-22 07:00:00+00:00,0.1793054305430543,0.0,0.2384547848990342,0.470995670995671
2021-09-22 07:15:00+00:00,0.17885538553855385,0.0,0.30094381035996487,0.47251082251082255
2021-09-22 07:30:00+00:00,0.1784053405340534,0.0,0.3634328358208955,0.474025974025974
2021-09-22 07:45:00+00:00,0.17795529552955297,0.0,0.42592186128182613,0.4755411255411255
2021-09-22 08:00:00+00:00,0.1775052505250525,0.0,0.4884108867427568,0.477056277056277
2021-09-22 08:15:00+00:00,0.18170567056705672,0.0,0.53441615452151,0.47597402597402594
2021-09-22 08:30:00+00:00,0.1859060906090609,0.0,0.5804214223002634,0.4748917748917748
2021-09-22 08:45:00+00:00,0.1901065106510651,0.0,0.6264266900790167,0.4738095238095238
2021-09-22 09:00:00+00:00,0.1943069306930693,0.0,0.67243195785777,0.4727272727272727
2021-09-22 09:15:00+00:00,0.1983198319831983,0.0,0.6878621597892889,0.47164502164502164
2021-09-22 09:30:00+00:00,0.2023327332733273,0.0,0.7032923617208078,0.4705627705627705
2021-09-22 09:45:00+00:00,0.20634563456345628,0.0,0.7187225636523266,0.4694805194805195
2021-09-22 10:00:00+00:00,0.2103585358535853,0.0,0.7341527655838455,0.4683982683982684
2021-09-22 10:15:00+00:00,0.2134619711971196,0.0,0.7300921861281826,0.4694805194805195
2021-09-22 10:30:00+00:00,0.2165654065406539,0.0,0.7260316066725198,0.4705627705627705
2021-09-22 10:45:00+00:00,0.21966884188418828,0.0,0.7219710272168569,0.47164502164502164
2021-09-22 11:00:00+00:00,0.2227722772277227,0.0,0.7179104477611941,0.4727272727272727
2021-09-22 11:15:00+00:00,0.22552880288028793,0.0,0.7142669007901667,0.4729437229437229
2021-09-22 11:30:00+00:00,0.2282853285328532,0.0,0.7106233538191395,0.4731601731601731
2021-09-22 11:45:00+00:00,0.2310418541854185,0.0,0.7069798068481123,0.47337662337662334
2021-09-22 12:00:00+00:00,0.2337983798379838,0.0,0.7033362598770851,0.4735930735930735
2021-09-22 12:15:00+00:00,0.23617986798679863,0.0,0.6898595258999122,0.47532467532467526
2021-09-22 12:30:00+00:00,0.2385613561356135,0.0,0.6763827919227392,0.477056277056277
2021-09-22 12:45:00+00:00,0.24094284428442841,0.0,0.6629060579455663,0.47878787878787876
2021-09-22 13:00:00+00:00,0.2433243324332433,0.0,0.6494293239683934,0.4805194805194805
2021-09-22 13:15:00+00:00,0.24587458745874585,0.0,0.6396839332748026,0.47770562770562774
2021-09-22 13:30:00+00:00,0.2484248424842484,0.0,0.6299385425812116,0.4748917748917749
2021-09-22 13:45:00+00:00,0.25097509750975094,0.0,0.6201931518876207,0.4720779220779221
2021-09-22 14:00:00+00:00,0.2535253525352535,0.0,0.6104477611940299,0.4692640692640693
2021-09-22 14:15:00+00:00,0.2560006000600059,0.0,0.5864574187884108,0.47099567099567097
2021-09-22 14:30:00+00:00,0.2584758475847584,0.0,0.5624670763827919,0.4727272727272726
2021-09-22 14:45:00+00:00,0.26095109510951087,0.0,0.538476733977173,0.47445887445887436
2021-09-22 15:00:00+00:00,0.2634263426342634,0.0,0.514486391571554,0.4761904761904761
2021-09-22 15:15:00+00:00,0.26566719171917186,0.0,0.47653643546971025,0.4781385281385281
2021-09-22 15:30:00+00:00,0.2679080408040803,0.0,0.4385864793678665,0.48008658008658
2021-09-22 15:45:00+00:00,0.2701488898889889,0.0,0.4006365232660228,0.4820346320346319
2021-09-22 16:00:00+00:00,0.2723897389738974,0.0,0.3626865671641791,0.4839826839826839
2021-09-22 16:15:00+00:00,0.2736648664866487,0.0,0.3081211589113257,0.4865800865800865
2021-09-22 16:30:00+00:00,0.2749399939993999,0.0,0.2535557506584723,0.4891774891774891
2021-09-22 16:45:00+00:00,0.2762151215121512,0.0,0.1989903424056189,0.4917748917748917
2021-09-22 17:00:00+00:00,0.2774902490249025,0.0,0.1444249341527655,0.4943722943722943
2021-09-22 17:15:00+00:00,0.27868099309930994,0.0,0.11791044776119394,0.49653679653679644
2021-09-22 17:30:00+00:00,0.2798717371737174,0.0,0.0913959613696224,0.4987012987012986
2021-09-22 17:45:00+00:00,0.28106248124812483,0.0,0.06488147497805086,0.5008658008658008
2021-09-22 18:00:00+00:00,0.2822532253225323,0.0,0.0383669885864793,0.503030303030303
2021-09-22 18:15:00+00:00,0.2850378787878788,0.0,0.0342844600526777,0.5073593073593075
2021-09-22 18:30:00+00:00,0.2878225322532253,0.0,0.0302019315188761,0.5116883116883117
2021-09-22 18:45:00+00:00,0.2906071857185718,0.0,0.02611940298507455,0.516017316017316
2021-09-22 19:00:00+00:00,0.2933918391839183,0.0,0.022036874451273,0.5203463203463203
2021-09-22 19:15:00+00:00,0.2932418241824182,0.0,0.0211150131694468,0.5207792207792208
2021-09-22 19:30:00+00:00,0.293091809180918,0.0,0.0201931518876206,0.5212121212121212
2021-09-22 19:45:00+00:00,0.29294179417941785,0.0,0.019271290605794453,0.5216450216450217
2021-09-22 20:00:00+00:00,0.2927917791779177,0.0,0.0183494293239683,0.522077922077922
2021-09-22 20:15:00+00:00,0.29305430543054295,0.0,0.01755926251097445,0.5151515151515151
2021-09-22 20:30:00+00:00,0.2933168316831682,0.0,0.0167690956979806,0.5082251082251081
2021-09-22 20:45:00+00:00,0.2935793579357935,0.0,0.01597892888498675,0.5012987012987012
2021-09-22 21:00:00+00:00,0.2938418841884188,0.0,0.0151887620719929,0.4943722943722943
2021-09-22 21:15:00+00:00,0.2938325082508251,0.0,0.0140254609306408,0.49090909090909085
2021-09-22 21:30:00+00:00,0.2938231323132313,0.0,0.0128621597892887,0.4874458874458874
2021-09-22 21:45:00+00:00,0.29381375637563756,0.0,0.0116988586479367,0.48398268398268396
2021-09-22 22:00:00+00:00,0.2938043804380438,0.0,0.0105355575065847,0.4805194805194805
2021-09-22 22:15:00+00:00,0.29261363636363635,0.0,0.0088893766461808,0.479004329004329
2021-09-22 22:30:00+00:00,0.2914228922892289,0.0,0.0072431957857769,0.4774891774891774
2021-09-22 22:45:00+00:00,0.29023214821482146,0.0,0.00559701492537305,0.47597402597402594
2021-09-22 23:00:00+00:00,0.289041404140414,0.0,0.0039508340649692,0.4744588744588744
2021-09-22 23:15:00+00:00,0.2859473447344734,0.0,0.0039508340649692,0.47099567099567097
2021-09-22 23:30:00+00:00,0.2828532853285328,0.0,0.0039508340649692,0.4675324675324675
2021-09-22 23:45:00+00:00,0.2797592259225923,0.0,0.0039508340649692,0.4640692640692641
2021-09-23 00:00:00+00:00,0.2766651665166517,0.0,0.0039508340649692,0.4606060606060606
2021-09-23 00:15:00+00:00,0.27430243024302425,0.0,0.0039508340649692,0.458008658008658
2021-09-23 00:30:00+00:00,0.2719396939693969,0.0,0.0039508340649692,0.4554112554112554
2021-09-23 00:45:00+00:00,0.2695769576957695,0.0,0.0039508340649692,0.4528138528138528
2021-09-23 01:00:00+00:00,0.2672142214221422,0.0,0.0039508340649692,0.4502164502164502
2021-09-23 01:15:00+00:00,0.27032703270327024,0.0,0.0039508340649692,0.4493506493506493
2021-09-23 01:30:00+00:00,0.2734398439843983,0.0,0.0039508340649692,0.4484848484848484
2021-09-23 01:45:00+00:00,0.2765526552655264,0.0,0.0039508340649692,0.4476190476190475
2021-09-23 02:00:00+00:00,0.2796654665466546,0.0,0.0039508340649692,0.4467532467532467
2021-09-23 02:15:00+00:00,0.281793804380438,0.0,0.0039508340649692,0.4452380952380952
2021-09-23 02:30:00+00:00,0.2839221422142214,0.0,0.0039508340649692,0.4437229437229437
2021-09-23 02:45:00+00:00,0.2860504800480048,0.0,0.0039508340649692,0.44220779220779216
2021-09-23 03:00:00+00:00,0.2881788178817882,0.0,0.0039508340649692,0.4406926406926407
2021-09-23 03:15:00+00:00,0.2884788478847885,0.0,0.0039508340649692,0.4443722943722943
2021-09-23 03:30:00+00:00,0.2887788778877888,0.0,0.0039508340649692,0.448051948051948
2021-09-23 03:45:00+00:00,0.28907890789078905,0.0,0.0039508340649692,0.4517316017316017
2021-09-23 04:00:00+00:00,0.2893789378937894,0.0,0.0039508340649692,0.4554112554112554
2021-09-23 04:15:00+00:00,0.2914697719771977,0.0,0.0039508340649692,0.4619047619047618
2021-09-23 04:30:00+00:00,0.2935606060606061,0.0,0.0039508340649692,0.4683982683982683
2021-09-23 04:45:00+00:00,0.2956514401440144,0.0,0.0039508340649692,0.4748917748917748
2021-09-23 05:00:00+00:00,0.2977422742274227,0.0,0.0039508340649692,0.4813852813852813
2021-09-23 05:15:00+00:00,0.2988298829882988,0.0,0.0116110623353818,0.4820346320346319
2021-09-23 05:30:00+00:00,0.2999174917491749,0.0,0.0192712906057944,0.4826839826839826
2021-09-23 05:45:00+00:00,0.301005100510051,0.0,0.0269315188762071,0.4833333333333333
2021-09-23 06:00:00+00:00,0.3020927092709271,0.0,0.0345917471466198,0.4839826839826839
2021-09-23 06:15:00+00:00,0.29811731173117306,0.0,0.07647058823529404,0.4846320346320345
2021-09-23 06:30:00+00:00,0.2941419141914191,0.0,0.1183494293239683,0.4852813852813852
2021-09-23 06:45:00+00:00,0.29016651665166515,0.0,0.1602282704126426,0.4859307359307359
2021-09-23 07:00:00+00:00,0.2861911191119112,0.0,0.2021071115013169,0.4865800865800865
2021-09-23 07:15:00+00:00,0.28735373537353737,0.0,0.25206321334503945,0.4859307359307359
2021-09-23 07:30:00+00:00,0.2885163516351635,0.0,0.302019315188762,0.4852813852813852
2021-09-23 07:45:00+00:00,0.28967896789678965,0.0,0.3519754170324846,0.4846320346320345
2021-09-23 08:00:00+00:00,0.2908415841584158,0.0,0.4019315188762072,0.4839826839826839
2021-09-23 08:15:00+00:00,0.29764851485148514,0.0,0.43790605794556625,0.4824675324675324
2021-09-23 08:30:00+00:00,0.3044554455445544,0.0,0.4738805970149253,0.4809523809523809
2021-09-23 08:45:00+00:00,0.31126237623762376,0.0,0.5098551360842845,0.47943722943722944
2021-09-23 09:00:00+00:00,0.3180693069306931,0.0,0.5458296751536436,0.4779220779220779
2021-09-23 09:15:00+00:00,0.32046954695469543,0.0,0.5581211589113257,0.479004329004329
2021-09-23 09:30:00+00:00,0.3228697869786978,0.0,0.5704126426690079,0.48008658008658
2021-09-23 09:45:00+00:00,0.3252700270027002,0.0,0.5827041264266901,0.48116883116883113
2021-09-23 10:00:00+00:00,0.3276702670267026,0.0,0.5949956101843723,0.4822510822510822
2021-09-23 10:15:00+00:00,0.3278952895289528,0.0,0.5931079894644425,0.4835497835497835
2021-09-23 10:30:00+00:00,0.328120312031203,0.0,0.5912203687445128,0.4848484848484848
2021-09-23 10:45:00+00:00,0.32834533453345327,0.0,0.589332748024583,0.4861471861471861
2021-09-23 11:00:00+00:00,0.3285703570357036,0.0,0.5874451273046533,0.4874458874458874
2021-09-23 11:15:00+00:00,0.3332770777077708,0.0,0.5832528533801581,0.48636363636363633
2021-09-23 11:30:00+00:00,0.337983798379838,0.0,0.5790605794556629,0.4852813852813852
2021-09-23 11:45:00+00:00,0.3426905190519052,0.0,0.5748683055311677,0.4841991341991342
2021-09-23 12:00:00+00:00,0.3473972397239724,0.0,0.5706760316066726,0.4831168831168831
2021-09-23 12:15:00+00:00,0.35175705070507046,0.0,0.5645083406496927,0.4807359307359307
2021-09-23 12:30:00+00:00,0.3561168616861686,0.0,0.5583406496927129,0.4783549783549783
2021-09-23 12:45:00+00:00,0.3604766726672667,0.0,0.5521729587357331,0.47597402597402594
2021-09-23 13:00:00+00:00,0.3648364836483648,0.0,0.5460052677787532,0.4735930735930735
2021-09-23 13:15:00+00:00,0.3676773927392739,0.0,0.524451273046532,0.47337662337662334
2021-09-23 13:30:00+00:00,0.370518301830183,0.0,0.5028972783143107,0.4731601731601731
2021-09-23 13:45:00+00:00,0.3733592109210921,0.0,0.48134328358208955,0.4729437229437229
2021-09-23 14:00:00+00:00,0.3762001200120012,0.0,0.4597892888498683,0.4727272727272727
2021-09-23 14:15:00+00:00,0.3764063906390639,0.0,0.43478928884986834,0.47748917748917746
2021-09-23 14:30:00+00:00,0.3766126612661266,0.0,0.4097892888498683,0.4822510822510822
2021-09-23 14:45:00+00:00,0.37681893189318927,0.0,0.3847892888498683,0.48701298701298695
2021-09-23 15:00:00+00:00,0.377025202520252,0.0,0.3597892888498683,0.4917748917748917
2021-09-23 15:15:00+00:00,0.37749399939994,0.0,0.33612818261633015,0.4952380952380952
2021-09-23 15:30:00+00:00,0.3779627962796279,0.0,0.3124670763827919,0.4987012987012987
2021-09-23 15:45:00+00:00,0.3784315931593159,0.0,0.2888059701492537,0.5021645021645021
2021-09-23 16:00:00+00:00,0.3789003900390039,0.0,0.2651448639157155,0.5056277056277056
2021-09-23 16:15:00+00:00,0.3764438943894389,0.0,0.22203687445127301,0.501082251082251
2021-09-23 16:30:00+00:00,0.3739873987398739,0.0,0.1789288849868305,0.4965367965367965
2021-09-23 16:45:00+00:00,0.371530903090309,0.0,0.135820895522388,0.491991341991342
2021-09-23 17:00:00+00:00,0.3690744074407441,0.0,0.0927129060579455,0.4874458874458874
2021-09-23 17:15:00+00:00,0.3684743474347435,0.0,0.07469271290605785,0.493073593073593
2021-09-23 17:30:00+00:00,0.3678742874287429,0.0,0.0566725197541702,0.4987012987012986
2021-09-23 17:45:00+00:00,0.3672742274227423,0.0,0.0386523266022826,0.5043290043290043
2021-09-23 18:00:00+00:00,0.3666741674167417,0.0,0.020632133450395,0.5099567099567099
2021-09-23 18:15:00+00:00,0.36510838583858385,0.0,0.019095697980684702,0.5151515151515151
2021-09-23 18:30:00+00:00,0.363542604260426,0.0,0.0175592625109744,0.5203463203463203
2021-09-23 18:45:00+00:00,0.36197682268226816,0.0,0.016022827041264148,0.5255411255411255
2021-09-23 19:00:00+00:00,0.3604110411041104,0.0,0.0144863915715539,0.5307359307359307
2021-09-23 19:15:00+00:00,0.35458858385838576,0.0,0.013213345039508249,0.5277056277056277
2021-09-23 19:30:00+00:00,0.3487661266126612,0.0,0.0119402985074626,0.5246753246753246
2021-09-23 19:45:00+00:00,0.34294366936693665,0.0,0.010667251975416951,0.5216450216450217
2021-09-23 20:00:00+00:00,0.3371212121212121,0.0,0.0093942054433713,0.5186147186147186
2021-09-23 20:15:00+00:00,0.3277921542154215,0.0,0.00787971905179975,0.5103896103896104
2021-09-23 20:30:00+00:00,0.318463096309631,0.0,0.0063652326602282,0.5021645021645021
2021-09-23 20:45:00+00:00,0.3091340384038404,0.0,0.00485074626865665,0.4939393939393939
2021-09-23 21:00:00+00:00,0.2998049804980498,0.0,0.0033362598770851,0.4857142857142857
2021-09-23 21:15:00+00:00,0.28978210321032105,0.0,0.0027875329236171503,0.48290043290043283
2021-09-23 21:30:00+00:00,0.2797592259225923,0.0,0.0022388059701492,0.48008658008658
2021-09-23 21:45:00+00:00,0.2697363486348635,0.0,0.00169007901668125,0.4772727272727272
2021-09-23 22:00:00+00:00,0.2597134713471347,0.0,0.0011413520632133,0.4744588744588744
2021-09-23 22:15:00+00:00,0.25426605160516047,0.0,0.001163301141352,0.4712121212121212
2021-09-23 22:30:00+00:00,0.2488186318631862,0.0,0.0011852502194907,0.4679653679653679
2021-09-23 22:45:00+00:00,0.24337121212121204,0.0,0.0012071992976294501,0.4647186147186147
2021-09-23 23:00:00+00:00,0.2379237923792379,0.0,0.0012291483757682,0.4614718614718615
2021-09-23 23:15:00+00:00,0.23450157515751568,0.0,0.0012071992976294501,0.4597402597402597
2021-09-23 23:30:00+00:00,0.2310793579357935,0.0,0.0011852502194907,0.458008658008658
2021-09-23 23:45:00+00:00,0.22765714071407134,0.0,0.001163301141352,0.4562770562770562
2021-09-24 00:00:00+00:00,0.2242349234923492,0.0,0.0011413520632133,0.4545454545454545
2021-09-24 00:15:00+00:00,0.2237473747374737,0.0,0.0011413520632133,0.45173160173160165
2021-09-24 00:30:00+00:00,0.2232598259825982,0.0,0.0011413520632133,0.4489177489177489
2021-09-24 00:45:00+00:00,0.2227722772277227,0.0,0.0011413520632133,0.4461038961038961
2021-09-24 01:00:00+00:00,0.2222847284728472,0.0,0.0011413520632133,0.4432900432900433
2021-09-24 01:15:00+00:00,0.22346609660966088,0.0,0.0011413520632133,0.4424242424242424
2021-09-24 01:30:00+00:00,0.2246474647464746,0.0,0.0011413520632133,0.4415584415584415
2021-09-24 01:45:00+00:00,0.2258288328832883,0.0,0.0011413520632133,0.44069264069264064
2021-09-24 02:00:00+00:00,0.227010201020102,0.0,0.0011413520632133,0.4398268398268398
2021-09-24 02:15:00+00:00,0.2252287728772877,0.0,0.001163301141352,0.44069264069264064
2021-09-24 02:30:00+00:00,0.2234473447344734,0.0,0.0011852502194907,0.4415584415584415
2021-09-24 02:45:00+00:00,0.22166591659165913,0.0,0.0012071992976294501,0.4424242424242424
2021-09-24 03:00:00+00:00,0.2198844884488449,0.0,0.0012291483757682,0.4432900432900433
2021-09-24 03:15:00+00:00,0.22261288628862885,0.0,0.0012071992976294501,0.445021645021645
2021-09-24 03:30:00+00:00,0.2253412841284128,0.0,0.0011852502194907,0.4467532467532467
2021-09-24 03:45:00+00:00,0.22806968196819682,0.0,0.001163301141352,0.44848484848484843
2021-09-24 04:00:00+00:00,0.2307980798079808,0.0,0.0011413520632133,0.4502164502164502
2021-09-24 04:15:00+00:00,0.23126687668766877,0.0,0.0011413520632133,0.45779220779220775
2021-09-24 04:30:00+00:00,0.2317356735673567,0.0,0.0011413520632133,0.4653679653679653
2021-09-24 04:45:00+00:00,0.23220447044704465,0.0,0.0011413520632133,0.4729437229437229
2021-09-24 05:00:00+00:00,0.2326732673267326,0.0,0.0011413520632133,0.4805194805194805
2021-09-24 05:15:00+00:00,0.22876350135013496,0.0,0.004719051799824349,0.48528138528138526
2021-09-24 05:30:00+00:00,0.2248537353735373,0.0,0.0082967515364354,0.49004329004329
2021-09-24 05:45:00+00:00,0.22094396939693967,0.0,0.01187445127304645,0.49480519480519475
2021-09-24 06:00:00+00:00,0.217034203420342,0.0,0.0154521510096575,0.4995670995670995
2021-09-24 06:15:00+00:00,0.21068669366936688,0.0,0.03255048287971895,0.5025974025974025
2021-09-24 06:30:00+00:00,0.2043391839183918,0.0,0.0496488147497804,0.5056277056277055
2021-09-24 06:45:00+00:00,0.1979916741674167,0.0,0.0667471466198419,0.5086580086580086
2021-09-24 07:00:00+00:00,0.1916441644164416,0.0,0.0838454784899034,0.5116883116883116
2021-09-24 07:15:00+00:00,0.186290504050405,0.0,0.1110403863037752,0.5064935064935064
2021-09-24 07:30:00+00:00,0.1809368436843684,0.0,0.138235294117647,0.5012987012987012
2021-09-24 07:45:00+00:00,0.1755831833183318,0.0,0.1654302019315188,0.49610389610389605
2021-09-24 08:00:00+00:00,0.1702295229522952,0.0,0.1926251097453906,0.4909090909090909
2021-09-24 08:15:00+00:00,0.16668541854185415,0.0,0.2270412642669007,0.4835497835497835
2021-09-24 08:30:00+00:00,0.1631413141314131,0.0,0.2614574187884108,0.4761904761904761
2021-09-24 08:45:00+00:00,0.15959720972097205,0.0,0.2958735733099209,0.4688311688311688
2021-09-24 09:00:00+00:00,0.156053105310531,0.0,0.330289727831431,0.4614718614718615
2021-09-24 09:15:00+00:00,0.15301530153015294,0.0,0.3567603160667251,0.46212121212121215
2021-09-24 09:30:00+00:00,0.1499774977497749,0.0,0.3832309043020192,0.4627705627705628
2021-09-24 09:45:00+00:00,0.14693969396939688,0.0,0.40970149253731336,0.4634199134199134
2021-09-24 10:00:00+00:00,0.1439018901890189,0.0,0.4361720807726075,0.4640692640692641
2021-09-24 10:15:00+00:00,0.1464802730273027,0.0,0.4557287093942054,0.4655844155844156
2021-09-24 10:30:00+00:00,0.1490586558655865,0.0,0.4752853380158033,0.4670995670995671
2021-09-24 10:45:00+00:00,0.15163703870387035,0.0,0.4948419666374012,0.4686147186147186
2021-09-24 11:00:00+00:00,0.1542154215421542,0.0,0.5143985952589991,0.4701298701298701
2021-09-24 11:15:00+00:00,0.15645627062706263,0.0,0.5121158911325724,0.4696969696969697
2021-09-24 11:30:00+00:00,0.1586971197119711,0.0,0.5098331870061457,0.4692640692640693
2021-09-24 11:45:00+00:00,0.1609379687968796,0.0,0.507550482879719,0.4688311688311688
2021-09-24 12:00:00+00:00,0.1631788178817881,0.0,0.5052677787532923,0.4683982683982684
2021-09-24 12:15:00+00:00,0.1646039603960395,0.0,0.49675153643546965,0.4694805194805195
2021-09-24 12:30:00+00:00,0.1660291029102909,0.0,0.488235294117647,0.4705627705627705
2021-09-24 12:45:00+00:00,0.16745424542454235,0.0,0.4797190517998243,0.47164502164502164
2021-09-24 13:00:00+00:00,0.1688793879387938,0.0,0.4712028094820017,0.4727272727272727
2021-09-24 13:15:00+00:00,0.17240474047404736,0.0,0.46147936786654953,0.4738095238095238
2021-09-24 13:30:00+00:00,0.1759300930093009,0.0,0.4517559262510974,0.4748917748917748
2021-09-24 13:45:00+00:00,0.17945544554455445,0.0,0.44203248463564526,0.47597402597402594
2021-09-24 14:00:00+00:00,0.182980798079808,0.0,0.4323090430201931,0.477056277056277
2021-09-24 14:15:00+00:00,0.18666554155415538,0.0,0.41163301141352054,0.4757575757575757
2021-09-24 14:30:00+00:00,0.1903502850285028,0.0,0.390956979806848,0.4744588744588744
2021-09-24 14:45:00+00:00,0.19403502850285026,0.0,0.37028094820017554,0.4731601731601731
2021-09-24 15:00:00+00:00,0.1977197719771977,0.0,0.349604916593503,0.4718614718614718
2021-09-24 15:15:00+00:00,0.193266201620162,0.0,0.3179982440737489,0.47337662337662334
2021-09-24 15:30:00+00:00,0.1888126312631263,0.0,0.2863915715539947,0.4748917748917748
2021-09-24 15:45:00+00:00,0.1843590609060906,0.0,0.25478489903424056,0.4764069264069264
2021-09-24 16:00:00+00:00,0.1799054905490549,0.0,0.2231782265144864,0.4779220779220779
2021-09-24 16:15:00+00:00,0.17277977797779773,0.0,0.1880377524143986,0.4796536796536796
2021-09-24 16:30:00+00:00,0.1656540654065406,0.0,0.1528972783143108,0.4813852813852813
2021-09-24 16:45:00+00:00,0.1585283528352835,0.0,0.117756804214223,0.48311688311688306
2021-09-24 17:00:00+00:00,0.1514026402640264,0.0,0.0826163301141352,0.4848484848484848
2021-09-24 17:15:00+00:00,0.1484210921092109,0.0,0.0652326602282704,0.49220779220779215
2021-09-24 17:30:00+00:00,0.1454395439543954,0.0,0.0478489903424056,0.4995670995670995
2021-09-24 17:45:00+00:00,0.1424579957995799,0.0,0.0304653204565408,0.5069264069264069
2021-09-24 18:00:00+00:00,0.1394764476447644,0.0,0.013081650570676,0.5142857142857142
2021-09-24 18:15:00+00:00,0.13769501950195012,0.0,0.01108428446005265,0.5207792207792207
2021-09-24 18:30:00+00:00,0.1359135913591358,0.0,0.0090869183494293,0.5272727272727272
2021-09-24 18:45:00+00:00,0.13413216321632154,0.0,0.0070895522388059505,0.5337662337662337
2021-09-24 19:00:00+00:00,0.1323507350735073,0.0,0.0050921861281826,0.5402597402597402
2021-09-24 19:15:00+00:00,0.1366824182418241,0.0,0.0047629499561018,0.5380952380952381
2021-09-24 19:30:00+00:00,0.1410141014101409,0.0,0.004433713784021,0.5359307359307359
2021-09-24 19:45:00+00:00,0.14534578457845776,0.0,0.00410447761194025,0.5337662337662338
2021-09-24 20:00:00+00:00,0.1496774677467746,0.0,0.0037752414398595,0.5316017316017316
2021-09-24 20:15:00+00:00,0.1523027302730272,0.0,0.0034679543459174497,0.5277056277056278
2021-09-24 20:30:00+00:00,0.1549279927992798,0.0,0.0031606672519754,0.5238095238095238
2021-09-24 20:45:00+00:00,0.1575532553255325,0.0,0.0028533801580333503,0.5199134199134199
2021-09-24 21:00:00+00:00,0.1601785178517852,0.0,0.0025460930640913,0.516017316017316
2021-09-24 21:15:00+00:00,0.16055355535553556,0.0,0.0021949078138718,0.5106060606060606
2021-09-24 21:30:00+00:00,0.1609285928592859,0.0,0.0018437225636523,0.5051948051948052
2021-09-24 21:45:00+00:00,0.16130363036303624,0.0,0.0014925373134328,0.4997835497835498
2021-09-24 22:00:00+00:00,0.1616786678667866,0.0,0.0011413520632133,0.4943722943722943
2021-09-24 22:15:00+00:00,0.16117236723672362,0.0,0.0011413520632133,0.4902597402597402
2021-09-24 22:30:00+00:00,0.1606660666066606,0.0,0.0011413520632133,0.4861471861471861
2021-09-24 22:45:00+00:00,0.1601597659765976,0.0,0.0011413520632133,0.48203463203463204
2021-09-24 23:00:00+00:00,0.1596534653465346,0.0,0.0011413520632133,0.4779220779220779
2021-09-24 23:15:00+00:00,0.15459045904590454,0.0,0.0011413520632133,0.47619047619047616
2021-09-24 23:30:00+00:00,0.1495274527452745,0.0,0.0011413520632133,0.4744588744588744
2021-09-24 23:45:00+00:00,0.14446444644464446,0.0,0.0011413520632133,0.4727272727272727
2021-09-25 00:00:00+00:00,0.1394014401440144,0.0,0.0011413520632133,0.470995670995671
2021-09-25 00:15:00+00:00,0.13975772577257725,0.0,0.0011413520632133,0.4688311688311688
2021-09-25 00:30:00+00:00,0.1401140114011401,0.0,0.0011413520632133,0.4666666666666667
2021-09-25 00:45:00+00:00,0.14047029702970296,0.0,0.0011413520632133,0.4645021645021645
2021-09-25 01:00:00+00:00,0.1408265826582658,0.0,0.0011413520632133,0.4623376623376623
2021-09-25 01:15:00+00:00,0.1425517551755175,0.0,0.0011413520632133,0.4608225108225108
2021-09-25 01:30:00+00:00,0.1442769276927692,0.0,0.0011413520632133,0.4593073593073593
2021-09-25 01:45:00+00:00,0.14600210021002097,0.0,0.0011413520632133,0.45779220779220775
2021-09-25 02:00:00+00:00,0.1477272727272727,0.0,0.0011413520632133,0.4562770562770563
2021-09-25 02:15:00+00:00,0.14473634863486345,0.0,0.00131694468832305,0.4547619047619047
2021-09-25 02:30:00+00:00,0.1417454245424542,0.0,0.0014925373134328,0.4532467532467532
2021-09-25 02:45:00+00:00,0.13875450045004495,0.0,0.00166812993854255,0.45173160173160165
2021-09-25 03:00:00+00:00,0.1357635763576357,0.0,0.0018437225636523,0.4502164502164502
2021-09-25 03:15:00+00:00,0.13339146414641456,0.0,0.0019754170324846002,0.4506493506493506
2021-09-25 03:30:00+00:00,0.1310193519351934,0.0,0.0021071115013169,0.451082251082251
2021-09-25 03:45:00+00:00,0.1286472397239723,0.0,0.0022388059701491997,0.4515151515151514
2021-09-25 04:00:00+00:00,0.1262751275127512,0.0,0.0023705004389815,0.4519480519480519
2021-09-25 04:15:00+00:00,0.1264813981398139,0.0,0.0023924495171201996,0.45432900432900425
2021-09-25 04:30:00+00:00,0.1266876687668766,0.0,0.0024143985952589,0.4567099567099567
2021-09-25 04:45:00+00:00,0.12689393939393934,0.0,0.00243634767339765,0.4590909090909091
2021-09-25 05:00:00+00:00,0.1271002100210021,0.0,0.0024582967515364,0.4614718614718615
2021-09-25 05:15:00+00:00,0.1274377437743774,0.0,0.0070676031606672005,0.46038961038961035
2021-09-25 05:30:00+00:00,0.1277752775277527,0.0,0.011676909569798,0.4593073593073593
2021-09-25 05:45:00+00:00,0.12811281128112806,0.0,0.016286215978928847,0.4582251082251082
2021-09-25 06:00:00+00:00,0.1284503450345034,0.0,0.0208955223880597,0.4571428571428571
2021-09-25 06:15:00+00:00,0.13065369036903685,0.0,0.06000877963125545,0.45952380952380945
2021-09-25 06:30:00+00:00,0.1328570357035703,0.0,0.0991220368744512,0.4619047619047619
2021-09-25 06:45:00+00:00,0.13506038103810375,0.0,0.138235294117647,0.4642857142857143
2021-09-25 07:00:00+00:00,0.1372637263726372,0.0,0.1773485513608428,0.4666666666666667
2021-09-25 07:15:00+00:00,0.13793879387938784,0.0,0.21929323968393322,0.4681818181818182
2021-09-25 07:30:00+00:00,0.1386138613861385,0.0,0.2612379280070236,0.4696969696969697
2021-09-25 07:45:00+00:00,0.13928892889288919,0.0,0.30318261633011406,0.4712121212121212
2021-09-25 08:00:00+00:00,0.1399639963996399,0.0,0.3451273046532045,0.4727272727272727
2021-09-25 08:15:00+00:00,0.14545829582958292,0.0,0.3825943810359964,0.47359307359307357
2021-09-25 08:30:00+00:00,0.1509525952595259,0.0,0.4200614574187883,0.4744588744588744
2021-09-25 08:45:00+00:00,0.1564468946894689,0.0,0.45752853380158026,0.47532467532467526
2021-09-25 09:00:00+00:00,0.1619411941194119,0.0,0.4949956101843722,0.4761904761904761
2021-09-25 09:15:00+00:00,0.1717015451545154,0.0,0.517054433713784,0.4755411255411255
2021-09-25 09:30:00+00:00,0.1814618961896189,0.0,0.5391132572431958,0.4748917748917748
2021-09-25 09:45:00+00:00,0.1912222472247224,0.0,0.5611720807726075,0.47424242424242413
2021-09-25 10:00:00+00:00,0.2009825982598259,0.0,0.5832309043020193,0.4735930735930735
2021-09-25 10:15:00+00:00,0.20830520552055193,0.0,0.5979806848112379,0.47316017316017306
2021-09-25 10:30:00+00:00,0.215627812781278,0.0,0.6127304653204566,0.4727272727272726
2021-09-25 10:45:00+00:00,0.2229504200420041,0.0,0.6274802458296752,0.4722943722943722
2021-09-25 11:00:00+00:00,0.2302730273027302,0.0,0.6422300263388938,0.4718614718614718
2021-09-25 11:15:00+00:00,0.23602985298529844,0.0,0.6437884108867428,0.47142857142857136
2021-09-25 11:30:00+00:00,0.2417866786678667,0.0,0.6453467954345917,0.4709956709956709
2021-09-25 11:45:00+00:00,0.24754350435043498,0.0,0.6469051799824408,0.4705627705627705
2021-09-25 12:00:00+00:00,0.2533003300330033,0.0,0.6484635645302897,0.4701298701298701
2021-09-25 12:15:00+00:00,0.26206683168316824,0.0,0.6504389815627745,0.4640692640692641
2021-09-25 12:30:00+00:00,0.2708333333333332,0.0,0.6524143985952591,0.458008658008658
2021-09-25 12:45:00+00:00,0.2795998349834983,0.0,0.6543898156277437,0.45194805194805193
2021-09-25 13:00:00+00:00,0.2883663366336633,0.0,0.6563652326602283,0.4458874458874459
2021-09-25 13:15:00+00:00,0.2888351335133512,0.0,0.6443371378402107,0.4432900432900433
2021-09-25 13:30:00+00:00,0.2893039303930392,0.0,0.6323090430201932,0.4406926406926407
2021-09-25 13:45:00+00:00,0.2897727272727272,0.0,0.6202809482001757,0.4380952380952381
2021-09-25 14:00:00+00:00,0.2902415241524152,0.0,0.608252853380158,0.4354978354978355
2021-09-25 14:15:00+00:00,0.28549729972997295,0.0,0.5878182616330114,0.4348484848484848
2021-09-25 14:30:00+00:00,0.2807530753075307,0.0,0.5673836698858647,0.4341991341991342
2021-09-25 14:45:00+00:00,0.2760088508850884,0.0,0.5469490781387181,0.4335497835497836
2021-09-25 15:00:00+00:00,0.2712646264626462,0.0,0.5265144863915715,0.4329004329004329
2021-09-25 15:15:00+00:00,0.26426080108010797,0.0,0.4921202809482001,0.4307359307359307
2021-09-25 15:30:00+00:00,0.2572569756975697,0.0,0.4577260755048287,0.4285714285714285
2021-09-25 15:45:00+00:00,0.2502531503150315,0.0,0.42333187006145734,0.42640692640692635
2021-09-25 16:00:00+00:00,0.2432493249324932,0.0,0.388937664618086,0.4242424242424242
2021-09-25 16:15:00+00:00,0.2328795379537953,0.0,0.3312335381913959,0.4333333333333333
2021-09-25 16:30:00+00:00,0.2225097509750974,0.0,0.2735294117647058,0.4424242424242424
2021-09-25 16:45:00+00:00,0.21213996399639956,0.0,0.21582528533801576,0.4515151515151515
2021-09-25 17:00:00+00:00,0.2017701770177017,0.0,0.1581211589113257,0.4606060606060606
2021-09-25 17:15:00+00:00,0.1956289378937893,0.0,0.12802897278314304,0.4705627705627705
2021-09-25 17:30:00+00:00,0.1894876987698769,0.0,0.0979367866549604,0.4805194805194805
2021-09-25 17:45:00+00:00,0.18334645964596455,0.0,0.06784460052677779,0.4904761904761905
2021-09-25 18:00:00+00:00,0.1772052205220522,0.0,0.0377524143985952,0.5004329004329005
2021-09-25 18:15:00+00:00,0.17995237023702365,0.0,0.03384547848990335,0.5017316017316018
2021-09-25 18:30:00+00:00,0.1826995199519951,0.0,0.0299385425812115,0.503030303030303
2021-09-25 18:45:00+00:00,0.18544666966696666,0.0,0.0260316066725197,0.5043290043290043
2021-09-25 19:00:00+00:00,0.1881938193819382,0.0,0.0221246707638279,0.5056277056277056
2021-09-25 19:15:00+00:00,0.18544666966696666,0.0,0.02063213345039505,0.5064935064935066
2021-09-25 19:30:00+00:00,0.1826995199519951,0.0,0.0191395961369622,0.5073593073593073
2021-09-25 19:45:00+00:00,0.17995237023702365,0.0,0.01764705882352935,0.5082251082251081
2021-09-25 20:00:00+00:00,0.1772052205220522,0.0,0.0161545215100965,0.509090909090909
2021-09-25 20:15:00+00:00,0.1733517101710171,0.0,0.013652326602282602,0.5036796536796536
2021-09-25 20:30:00+00:00,0.169498199819982,0.0,0.0111501316944687,0.4982683982683982
2021-09-25 20:45:00+00:00,0.1656446894689469,0.0,0.00864793678665485,0.49285714285714277
2021-09-25 21:00:00+00:00,0.1617911791179118,0.0,0.006145741878841,0.4874458874458874
2021-09-25 21:15:00+00:00,0.1635913591359136,0.0,0.0054872695346794495,0.4816017316017316
2021-09-25 21:30:00+00:00,0.1653915391539154,0.0,0.0048287971905179,0.4757575757575757
2021-09-25 21:45:00+00:00,0.16719171917191722,0.0,0.0041703248463564,0.4699134199134199
2021-09-25 22:00:00+00:00,0.168991899189919,0.0,0.0035118525021949,0.4640692640692641
2021-09-25 22:15:00+00:00,0.16811993699369934,0.0,0.00348990342405615,0.46082251082251086
2021-09-25 22:30:00+00:00,0.1672479747974797,0.0,0.0034679543459174,0.4575757575757576
2021-09-25 22:45:00+00:00,0.1663760126012601,0.0,0.0034460052677786996,0.45432900432900436
2021-09-25 23:00:00+00:00,0.1655040504050405,0.0,0.00342405618964,0.4510822510822511
2021-09-25 23:15:00+00:00,0.16552280228022798,0.0,0.00342405618964,0.4484848484848485
2021-09-25 23:30:00+00:00,0.1655415541554155,0.0,0.00342405618964,0.4458874458874459
2021-09-25 23:45:00+00:00,0.165560306030603,0.0,0.00342405618964,0.4432900432900433
2021-09-26 00:00:00+00:00,0.1655790579057905,0.0,0.00342405618964,0.4406926406926407
2021-09-26 00:15:00+00:00,0.1650727572757275,0.0,0.00342405618964,0.4365800865800865
2021-09-26 00:30:00+00:00,0.1645664566456645,0.0,0.00342405618964,0.4324675324675324
2021-09-26 00:45:00+00:00,0.16406015601560148,0.0,0.00342405618964,0.42835497835497827
2021-09-26 01:00:00+00:00,0.1635538553855385,0.0,0.00342405618964,0.4242424242424242
2021-09-26 01:15:00+00:00,0.16595409540954084,0.0,0.00342405618964,0.4235930735930735
2021-09-26 01:30:00+00:00,0.1683543354335432,0.0,0.00342405618964,0.4229437229437229
2021-09-26 01:45:00+00:00,0.17075457545754563,0.0,0.00342405618964,0.4222943722943723
2021-09-26 02:00:00+00:00,0.1731548154815481,0.0,0.00342405618964,0.4216450216450216
2021-09-26 02:15:00+00:00,0.175067506750675,0.0,0.00342405618964,0.42121212121212115
2021-09-26 02:30:00+00:00,0.1769801980198019,0.0,0.00342405618964,0.4207792207792207
2021-09-26 02:45:00+00:00,0.17889288928892882,0.0,0.00342405618964,0.4203463203463203
2021-09-26 03:00:00+00:00,0.1808055805580558,0.0,0.00342405618964,0.4199134199134199
2021-09-26 03:15:00+00:00,0.18037428742874284,0.0,0.00342405618964,0.4203463203463203
2021-09-26 03:30:00+00:00,0.1799429942994299,0.0,0.00342405618964,0.4207792207792207
2021-09-26 03:45:00+00:00,0.17951170117011694,0.0,0.00342405618964,0.42121212121212115
2021-09-26 04:00:00+00:00,0.179080408040804,0.0,0.00342405618964,0.4216450216450216
2021-09-26 04:15:00+00:00,0.17776777677767763,0.0,0.0036215978928884496,0.42316017316017307
2021-09-26 04:30:00+00:00,0.1764551455145513,0.0,0.0038191395961369,0.4246753246753246
2021-09-26 04:45:00+00:00,0.17514251425142505,0.0,0.00401668129938535,0.4261904761904761
2021-09-26 05:00:00+00:00,0.1738298829882988,0.0,0.0042142230026338,0.4277056277056277
2021-09-26 05:15:00+00:00,0.1720953345334533,0.0,0.015342405618963901,0.4268398268398268
2021-09-26 05:30:00+00:00,0.1703607860786078,0.0,0.026470588235294,0.4259740259740259
2021-09-26 05:45:00+00:00,0.16862623762376233,0.0,0.03759877085162415,0.42510822510822505
2021-09-26 06:00:00+00:00,0.1668916891689169,0.0,0.0487269534679543,0.4242424242424242
2021-09-26 06:15:00+00:00,0.16341321632163217,0.0,0.10987708516242309,0.42640692640692635
2021-09-26 06:30:00+00:00,0.1599347434743474,0.0,0.1710272168568919,0.4285714285714285
2021-09-26 06:45:00+00:00,0.15645627062706272,0.0,0.23217734855136074,0.4307359307359307
2021-09-26 07:00:00+00:00,0.152977797779778,0.0,0.2933274802458296,0.4329004329004329
2021-09-26 07:15:00+00:00,0.15025877587758774,0.0,0.36393766461808597,0.43528138528138527
2021-09-26 07:30:00+00:00,0.1475397539753975,0.0,0.4345478489903424,0.4376623376623376
2021-09-26 07:45:00+00:00,0.1448207320732073,0.0,0.5051580333625987,0.44004329004329
2021-09-26 08:00:00+00:00,0.1421017101710171,0.0,0.5757682177348551,0.4424242424242424
2021-09-26 08:15:00+00:00,0.14164228922892286,0.0,0.6283143107989464,0.44393939393939386
2021-09-26 08:30:00+00:00,0.1411828682868286,0.0,0.6808604038630377,0.4454545454545454
2021-09-26 08:45:00+00:00,0.1407234473447344,0.0,0.733406496927129,0.4469696969696969
2021-09-26 09:00:00+00:00,0.1402640264026402,0.0,0.7859525899912204,0.4484848484848485
2021-09-26 09:15:00+00:00,0.139063906390639,0.0,0.8092844600526778,0.44935064935064933
2021-09-26 09:30:00+00:00,0.1378637863786378,0.0,0.8326163301141352,0.4502164502164502
2021-09-26 09:45:00+00:00,0.1366636663666366,0.0,0.8559482001755926,0.45108225108225103
2021-09-26 10:00:00+00:00,0.1354635463546354,0.0,0.87928007023705,0.4519480519480519
2021-09-26 10:15:00+00:00,0.1343290579057905,0.0,0.8839771729587357,0.45173160173160165
2021-09-26 10:30:00+00:00,0.1331945694569456,0.0,0.8886742756804213,0.4515151515151515
2021-09-26 10:45:00+00:00,0.13206008100810074,0.0,0.8933713784021071,0.4512987012987013
2021-09-26 11:00:00+00:00,0.1309255925592559,0.0,0.8980684811237928,0.4510822510822511
2021-09-26 11:15:00+00:00,0.13134750975097506,0.0,0.8940517998244073,0.45173160173160176
2021-09-26 11:30:00+00:00,0.1317694269426942,0.0,0.8900351185250219,0.4523809523809524
2021-09-26 11:45:00+00:00,0.1321913441344134,0.0,0.8860184372256366,0.453030303030303
2021-09-26 12:00:00+00:00,0.1326132613261326,0.0,0.8820017559262511,0.4536796536796537
2021-09-26 12:15:00+00:00,0.13486348634863485,0.0,0.8793020193151888,0.44653679653679657
2021-09-26 12:30:00+00:00,0.1371137113711371,0.0,0.8766022827041264,0.4393939393939394
2021-09-26 12:45:00+00:00,0.13936393639363936,0.0,0.8739025460930641,0.4322510822510822
2021-09-26 13:00:00+00:00,0.1416141614161416,0.0,0.8712028094820018,0.4251082251082251
2021-09-26 13:15:00+00:00,0.1416329132913291,0.0,0.8603160667251976,0.4225108225108225
2021-09-26 13:30:00+00:00,0.1416516651665166,0.0,0.8494293239683933,0.4199134199134199
2021-09-26 13:45:00+00:00,0.14167041704170408,0.0,0.8385425812115891,0.4173160173160173
2021-09-26 14:00:00+00:00,0.1416891689168916,0.0,0.8276558384547849,0.4147186147186147
2021-09-26 14:15:00+00:00,0.14098597359735965,0.0,0.8089332748024582,0.41233766233766234
2021-09-26 14:30:00+00:00,0.1402827782778277,0.0,0.7902107111501318,0.4099567099567099
2021-09-26 14:45:00+00:00,0.13957958295829576,0.0,0.7714881474978051,0.4075757575757576
2021-09-26 15:00:00+00:00,0.1388763876387638,0.0,0.7527655838454785,0.4051948051948052
2021-09-26 15:15:00+00:00,0.1373012301230122,0.0,0.6903863037752415,0.40541125541125544
2021-09-26 15:30:00+00:00,0.1357260726072606,0.0,0.6280070237050044,0.4056277056277056
2021-09-26 15:45:00+00:00,0.13415091509150906,0.0,0.5656277436347673,0.4058441558441558
2021-09-26 16:00:00+00:00,0.1325757575757575,0.0,0.5032484635645302,0.406060606060606
2021-09-26 16:15:00+00:00,0.13116936693669362,0.0,0.41753731343283573,0.4170995670995671
2021-09-26 16:30:00+00:00,0.1297629762976297,0.0,0.3318261633011413,0.4281385281385281
2021-09-26 16:45:00+00:00,0.12835658565856578,0.0,0.24611501316944684,0.4391774891774891
2021-09-26 17:00:00+00:00,0.1269501950195019,0.0,0.1604038630377524,0.4502164502164502
2021-09-26 17:15:00+00:00,0.13044741974197416,0.0,0.13375768217734849,0.4601731601731601
2021-09-26 17:30:00+00:00,0.1339446444644464,0.0,0.1071115013169446,0.47012987012987
2021-09-26 17:45:00+00:00,0.13744186918691867,0.0,0.08046532045654074,0.48008658008658
2021-09-26 18:00:00+00:00,0.1409390939093909,0.0,0.0538191395961369,0.49004329004329
2021-09-26 18:15:00+00:00,0.14466134113411336,0.0,0.051690079016681253,0.4926406926406926
2021-09-26 18:30:00+00:00,0.1483835883588358,0.0,0.0495610184372256,0.4952380952380952
2021-09-26 18:45:00+00:00,0.1521058355835583,0.0,0.04743195785776995,0.49783549783549785
2021-09-26 19:00:00+00:00,0.1558280828082808,0.0,0.0453028972783143,0.5004329004329005
2021-09-26 19:15:00+00:00,0.15992536753675365,0.0,0.0440956979806848,0.4989177489177489
2021-09-26 19:30:00+00:00,0.1640226522652265,0.0,0.0428884986830553,0.4974025974025974
2021-09-26 19:45:00+00:00,0.16811993699369934,0.0,0.041681299385425793,0.4958874458874458
2021-09-26 20:00:00+00:00,0.1722172217221722,0.0,0.0404741000877963,0.4943722943722943
2021-09-26 20:15:00+00:00,0.17600510051005094,0.0,0.0392888498683055,0.48744588744588735
2021-09-26 20:30:00+00:00,0.1797929792979297,0.0,0.0381035996488147,0.4805194805194804
2021-09-26 20:45:00+00:00,0.18358085808580848,0.0,0.0369183494293239,0.47359307359307357
2021-09-26 21:00:00+00:00,0.1873687368736873,0.0,0.0357330992098331,0.4666666666666667
2021-09-26 21:15:00+00:00,0.19102535253525343,0.0,0.03241878841088665,0.4623376623376623
2021-09-26 21:30:00+00:00,0.1946819681968196,0.0,0.0291044776119402,0.458008658008658
2021-09-26 21:45:00+00:00,0.19833858385838576,0.0,0.0257901668129938,0.4536796536796536
2021-09-26 22:00:00+00:00,0.2019951995199519,0.0,0.0224758560140474,0.4493506493506493
2021-09-26 22:15:00+00:00,0.2044423192319231,0.0,0.0193371378402107,0.44480519480519476
2021-09-26 22:30:00+00:00,0.2068894389438943,0.0,0.016198419666374,0.4402597402597402
2021-09-26 22:45:00+00:00,0.20933655865586553,0.0,0.013059701492537299,0.4357142857142856
2021-09-26 23:00:00+00:00,0.2117836783678368,0.0,0.0099209833187006,0.4311688311688311
2021-09-26 23:15:00+00:00,0.21310568556855686,0.0,0.00882352941176465,0.4298701298701298
2021-09-26 23:30:00+00:00,0.2144276927692769,0.0,0.0077260755048287,0.4285714285714285
2021-09-26 23:45:00+00:00,0.21574969996999693,0.0,0.006628621597892801,0.4272727272727272
2021-09-27 00:00:00+00:00,0.217071707170717,0.0,0.0055311676909569,0.4259740259740259
2021-09-27 00:15:00+00:00,0.21856248124812475,0.0,0.0052677787532923,0.42510822510822505
2021-09-27 00:30:00+00:00,0.2200532553255325,0.0,0.0050043898156277,0.4242424242424242
2021-09-27 00:45:00+00:00,0.22154402940294024,0.0,0.0047410008779631,0.42337662337662335
2021-09-27 01:00:00+00:00,0.223034803480348,0.0,0.0044776119402985,0.4225108225108225
2021-09-27 01:15:00+00:00,0.2216940444044404,0.0,0.0044776119402985,0.4212121212121212
2021-09-27 01:30:00+00:00,0.2203532853285328,0.0,0.0044776119402985,0.4199134199134199
2021-09-27 01:45:00+00:00,0.21901252625262518,0.0,0.0044776119402985,0.4186147186147186
2021-09-27 02:00:00+00:00,0.2176717671767176,0.0,0.0044776119402985,0.4173160173160173
2021-09-27 02:15:00+00:00,0.21204620462046195,0.0,0.0044776119402985,0.41688311688311686
2021-09-27 02:30:00+00:00,0.2064206420642063,0.0,0.0044776119402985,0.4164502164502164
2021-09-27 02:45:00+00:00,0.2007950795079507,0.0,0.0044776119402985,0.416017316017316
2021-09-27 03:00:00+00:00,0.1951695169516951,0.0,0.0044776119402985,0.4155844155844156
2021-09-27 03:15:00+00:00,0.18972209720972089,0.0,0.0044776119402985,0.42272727272727273
2021-09-27 03:30:00+00:00,0.1842746774677467,0.0,0.0044776119402985,0.4298701298701298
2021-09-27 03:45:00+00:00,0.17882725772577251,0.0,0.0044776119402985,0.43701298701298696
2021-09-27 04:00:00+00:00,0.1733798379837983,0.0,0.0044776119402985,0.4441558441558441
2021-09-27 04:15:00+00:00,0.16801680168016792,0.0,0.0044776119402985,0.44826839826839815
2021-09-27 04:30:00+00:00,0.1626537653765375,0.0,0.0044776119402985,0.4523809523809523
2021-09-27 04:45:00+00:00,0.1572907290729072,0.0,0.0044776119402985,0.4564935064935064
2021-09-27 05:00:00+00:00,0.1519276927692769,0.0,0.0044776119402985,0.4606060606060606
2021-09-27 05:15:00+00:00,0.1456176867686768,0.0,0.01299385425812115,0.46298701298701295
2021-09-27 05:30:00+00:00,0.1393076807680767,0.0,0.0215100965759438,0.4653679653679653
2021-09-27 05:45:00+00:00,0.13299767476747665,0.0,0.03002633889376645,0.4677489177489177
2021-09-27 06:00:00+00:00,0.1266876687668766,0.0,0.0385425812115891,0.4701298701298701
2021-09-27 06:15:00+00:00,0.1206589408940893,0.0,0.09962686567164175,0.4714285714285714
2021-09-27 06:30:00+00:00,0.114630213021302,0.0,0.1607111501316944,0.4727272727272727
2021-09-27 06:45:00+00:00,0.10860148514851475,0.0,0.2217954345917471,0.474025974025974
2021-09-27 07:00:00+00:00,0.1025727572757275,0.0,0.2828797190517998,0.4753246753246753
2021-09-27 07:15:00+00:00,0.0981379387938793,0.0,0.35820895522388063,0.4722943722943723
2021-09-27 07:30:00+00:00,0.0937031203120311,0.0,0.4335381913959614,0.4692640692640693
2021-09-27 07:45:00+00:00,0.08926830183018294,0.0,0.5088674275680422,0.4662337662337662
2021-09-27 08:00:00+00:00,0.0848334833483348,0.0,0.5841966637401229,0.4632034632034632
2021-09-27 08:15:00+00:00,0.08329582958295825,0.0,0.642910447761194,0.4634199134199134
2021-09-27 08:30:00+00:00,0.0817581758175817,0.0,0.7016242317822652,0.4636363636363636
2021-09-27 08:45:00+00:00,0.08022052205220515,0.0,0.7603380158033363,0.46385281385281385
2021-09-27 09:00:00+00:00,0.0786828682868286,0.0,0.8190517998244073,0.4640692640692641
2021-09-27 09:15:00+00:00,0.0775296279627962,0.0,0.8394205443371379,0.4623376623376623
2021-09-27 09:30:00+00:00,0.0763763876387638,0.0,0.8597892888498683,0.4606060606060606
2021-09-27 09:45:00+00:00,0.0752231473147314,0.0,0.8801580333625987,0.4588744588744588
2021-09-27 10:00:00+00:00,0.074069906990699,0.0,0.9005267778753292,0.4571428571428571
2021-09-27 10:15:00+00:00,0.07181968196819674,0.0,0.9071773485513608,0.4521645021645021
2021-09-27 10:30:00+00:00,0.0695694569456945,0.0,0.9138279192273924,0.4471861471861471
2021-09-27 10:45:00+00:00,0.06731923192319225,0.0,0.920478489903424,0.44220779220779216
2021-09-27 11:00:00+00:00,0.06506900690069,0.0,0.9271290605794557,0.4372294372294372
2021-09-27 11:15:00+00:00,0.0648814881488148,0.0,0.9286654960491659,0.4322510822510822
2021-09-27 11:30:00+00:00,0.0646939693969396,0.0,0.9302019315188762,0.4272727272727272
2021-09-27 11:45:00+00:00,0.06450645064506444,0.0,0.9317383669885865,0.4222943722943723
2021-09-27 12:00:00+00:00,0.0643189318931893,0.0,0.9332748024582967,0.4173160173160173
2021-09-27 12:15:00+00:00,0.06527527752775275,0.0,0.9308384547848991,0.4164502164502164
2021-09-27 12:30:00+00:00,0.0662316231623162,0.0,0.9284021071115014,0.4155844155844155
2021-09-27 12:45:00+00:00,0.06718796879687966,0.0,0.9259657594381037,0.41471861471861465
2021-09-27 13:00:00+00:00,0.0681443144314431,0.0,0.923529411764706,0.4138528138528138
2021-09-27 13:15:00+00:00,0.07031953195319525,0.0,0.9164179104477612,0.4138528138528138
2021-09-27 13:30:00+00:00,0.0724947494749474,0.0,0.9093064091308164,0.4138528138528138
2021-09-27 13:45:00+00:00,0.0746699669966996,0.0,0.9021949078138718,0.4138528138528138
2021-09-27 14:00:00+00:00,0.0768451845184518,0.0,0.8950834064969271,0.4138528138528138
2021-09-27 14:15:00+00:00,0.0772858535853585,0.0,0.8737269534679544,0.4162337662337662
2021-09-27 14:30:00+00:00,0.0777265226522652,0.0,0.8523705004389815,0.4186147186147185
2021-09-27 14:45:00+00:00,0.07816719171917191,0.0,0.8310140474100087,0.4209956709956709
2021-09-27 15:00:00+00:00,0.0786078607860786,0.0,0.809657594381036,0.4233766233766233
2021-09-27 15:15:00+00:00,0.0783078307830783,0.0,0.7484635645302897,0.4266233766233765
2021-09-27 15:30:00+00:00,0.078007800780078,0.0,0.6872695346795434,0.4298701298701298
2021-09-27 15:45:00+00:00,0.0777077707770777,0.0,0.6260755048287971,0.433116883116883
2021-09-27 16:00:00+00:00,0.0774077407740774,0.0,0.564881474978051,0.4363636363636363
2021-09-27 16:15:00+00:00,0.07716396639663965,0.0,0.4714881474978051,0.44069264069264064
2021-09-27 16:30:00+00:00,0.0769201920192019,0.0,0.3780948200175593,0.445021645021645
2021-09-27 16:45:00+00:00,0.07667641764176415,0.0,0.28470149253731347,0.44935064935064933
2021-09-27 17:00:00+00:00,0.0764326432643264,0.0,0.1913081650570676,0.4536796536796537
2021-09-27 17:15:00+00:00,0.0786172367236723,0.0,0.15717734855136078,0.46233766233766227
2021-09-27 17:30:00+00:00,0.0808018301830182,0.0,0.123046532045654,0.4709956709956709
2021-09-27 17:45:00+00:00,0.08298642364236415,0.0,0.08891571553994725,0.4796536796536796
2021-09-27 18:00:00+00:00,0.0851710171017101,0.0,0.0547848990342405,0.4883116883116883
2021-09-27 18:15:00+00:00,0.08700870087008694,0.0,0.05208516242317815,0.4928571428571429
2021-09-27 18:30:00+00:00,0.0888463846384638,0.0,0.0493854258121158,0.4974025974025974
2021-09-27 18:45:00+00:00,0.09068406840684065,0.0,0.046685689201053496,0.5019480519480519
2021-09-27 19:00:00+00:00,0.0925217521752175,0.0,0.0439859525899912,0.5064935064935064
2021-09-27 19:15:00+00:00,0.0924936243624362,0.0,0.04396400351185245,0.5043290043290043
2021-09-27 19:30:00+00:00,0.0924654965496549,0.0,0.0439420544337137,0.5021645021645021
2021-09-27 19:45:00+00:00,0.09243736873687365,0.0,0.043920105355575,0.5
2021-09-27 20:00:00+00:00,0.0924092409240924,0.0,0.0438981562774363,0.4978354978354978
2021-09-27 20:15:00+00:00,0.09213733873387335,0.0,0.043722563652326546,0.4924242424242423
2021-09-27 20:30:00+00:00,0.0918654365436543,0.0,0.0435469710272168,0.4870129870129869
2021-09-27 20:45:00+00:00,0.0915935343534353,0.0,0.04337137840210705,0.4816017316017315
2021-09-27 21:00:00+00:00,0.0913216321632163,0.0,0.0431957857769973,0.4761904761904761
2021-09-27 21:15:00+00:00,0.08874324932493245,0.0,0.04119841966637395,0.4686147186147186
2021-09-27 21:30:00+00:00,0.0861648664866486,0.0,0.0392010535557506,0.461038961038961
2021-09-27 21:45:00+00:00,0.0835864836483648,0.0,0.037203687445127254,0.45346320346320346
2021-09-27 22:00:00+00:00,0.081008100810081,0.0,0.0352063213345039,0.4458874458874459
2021-09-27 22:15:00+00:00,0.07839221422142209,0.0,0.031870061457418754,0.4393939393939394
2021-09-27 22:30:00+00:00,0.0757763276327632,0.0,0.0285338015803336,0.4329004329004329
2021-09-27 22:45:00+00:00,0.07316044104410435,0.0,0.02519754170324845,0.4264069264069264
2021-09-27 23:00:00+00:00,0.0705445544554455,0.0,0.0218612818261633,0.4199134199134199
2021-09-27 23:15:00+00:00,0.0697944794479447,0.0,0.01806409130816505,0.41298701298701296
2021-09-27 23:30:00+00:00,0.0690444044404439,0.0,0.0142669007901668,0.406060606060606
2021-09-27 23:45:00+00:00,0.0682943294329432,0.0,0.01046971027216855,0.3991341991341991
2021-09-28 00:00:00+00:00,0.0675442544254425,0.0,0.0066725197541703,0.3922077922077922
2021-09-28 00:15:00+00:00,0.0654909240924092,0.0,0.00665057067603155,0.3909090909090909
2021-09-28 00:30:00+00:00,0.0634375937593759,0.0,0.0066286215978928,0.3896103896103896
2021-09-28 00:45:00+00:00,0.061384263426342595,0.0,0.0066066725197541,0.3883116883116883
2021-09-28 01:00:00+00:00,0.0593309330933093,0.0,0.0065847234416154,0.387012987012987
2021-09-28 01:15:00+00:00,0.05866524152415235,0.0,0.0065847234416154,0.38809523809523805
2021-09-28 01:30:00+00:00,0.0579995499549954,0.0,0.0065847234416154,0.3891774891774892
2021-09-28 01:45:00+00:00,0.0573338583858385,0.0,0.0065847234416154,0.39025974025974025
2021-09-28 02:00:00+00:00,0.0566681668166816,0.0,0.0065847234416154,0.3913419913419913
2021-09-28 02:15:00+00:00,0.056724422442244155,0.0,0.0065847234416154,0.39502164502164494
2021-09-28 02:30:00+00:00,0.0567806780678067,0.0,0.0065847234416154,0.3987012987012986
2021-09-28 02:45:00+00:00,0.05683693369336925,0.0,0.0065847234416154,0.40238095238095234
2021-09-28 03:00:00+00:00,0.0568931893189318,0.0,0.0065847234416154,0.406060606060606
2021-09-28 03:15:00+00:00,0.0588996399639963,0.0,0.00656277436347665,0.4112554112554112
2021-09-28 03:30:00+00:00,0.0609060906090608,0.0,0.0065408252853379,0.4164502164502164
2021-09-28 03:45:00+00:00,0.06291254125412535,0.0,0.0065188762071992,0.4216450216450216
2021-09-28 04:00:00+00:00,0.0649189918991899,0.0,0.0064969271290605,0.4268398268398268
2021-09-28 04:15:00+00:00,0.0664660216021602,0.0,0.005684811237927899,0.4339826839826839
2021-09-28 04:30:00+00:00,0.0680130513051305,0.0,0.0048726953467953,0.4411255411255411
2021-09-28 04:45:00+00:00,0.0695600810081008,0.0,0.00406057945566275,0.44826839826839826
2021-09-28 05:00:00+00:00,0.0711071107110711,0.0,0.0032484635645302,0.4554112554112554
2021-09-28 05:15:00+00:00,0.07131338133813381,0.0,0.0136084284460052,0.45584415584415583
2021-09-28 05:30:00+00:00,0.0715196519651965,0.0,0.0239683933274802,0.4562770562770562
2021-09-28 05:45:00+00:00,0.0717259225922592,0.0,0.034328358208955204,0.4567099567099566
2021-09-28 06:00:00+00:00,0.0719321932193219,0.0,0.0446883230904302,0.4571428571428571
2021-09-28 06:15:00+00:00,0.06970072007200714,0.0,0.10803336259877086,0.4564935064935064
2021-09-28 06:30:00+00:00,0.0674692469246924,0.0,0.1713784021071115,0.4558441558441558
2021-09-28 06:45:00+00:00,0.0652377737773777,0.0,0.23472344161545217,0.45519480519480515
2021-09-28 07:00:00+00:00,0.063006300630063,0.0,0.2980684811237928,0.4545454545454545
2021-09-28 07:15:00+00:00,0.05980910591059105,0.0,0.371180860403863,0.4554112554112554
2021-09-28 07:30:00+00:00,0.0566119111911191,0.0,0.4442932396839332,0.4562770562770562
2021-09-28 07:45:00+00:00,0.05341471647164715,0.0,0.5174056189640035,0.4571428571428571
2021-09-28 08:00:00+00:00,0.0502175217521752,0.0,0.5905179982440737,0.458008658008658
2021-09-28 08:15:00+00:00,0.049551830183018244,0.0,0.626558384547849,0.4556277056277056
2021-09-28 08:30:00+00:00,0.0488861386138613,0.0,0.6625987708516242,0.4532467532467532
2021-09-28 08:45:00+00:00,0.0482204470447044,0.0,0.6986391571553995,0.45086580086580086
2021-09-28 09:00:00+00:00,0.0475547554755475,0.0,0.7346795434591747,0.4484848484848485
2021-09-28 09:15:00+00:00,0.048895514551455105,0.0,0.7545434591747147,0.44653679653679657
2021-09-28 09:30:00+00:00,0.0502362736273627,0.0,0.7744073748902547,0.4445887445887446
2021-09-28 09:45:00+00:00,0.0515770327032703,0.0,0.7942712906057946,0.4426406926406926
2021-09-28 10:00:00+00:00,0.0529177917791779,0.0,0.8141352063213345,0.4406926406926407
2021-09-28 10:15:00+00:00,0.0558899639963996,0.0,0.8212906057945566,0.43787878787878787
2021-09-28 10:30:00+00:00,0.0588621362136213,0.0,0.8284460052677788,0.435064935064935
2021-09-28 10:45:00+00:00,0.061834308430843046,0.0,0.835601404741001,0.4322510822510822
2021-09-28 11:00:00+00:00,0.0648064806480648,0.0,0.842756804214223,0.4294372294372294
2021-09-28 11:15:00+00:00,0.06893189318931889,0.0,0.8450834064969271,0.43030303030303024
2021-09-28 11:30:00+00:00,0.073057305730573,0.0,0.8474100087796312,0.4311688311688311
2021-09-28 11:45:00+00:00,0.07718271827182716,0.0,0.8497366110623354,0.432034632034632
2021-09-28 12:00:00+00:00,0.0813081308130813,0.0,0.8520632133450395,0.4329004329004329
2021-09-28 12:15:00+00:00,0.08495537053705371,0.0,0.8507901668129938,0.4287878787878787
2021-09-28 12:30:00+00:00,0.0886026102610261,0.0,0.8495171202809482,0.4246753246753246
2021-09-28 12:45:00+00:00,0.0922498499849985,0.0,0.8482440737489025,0.42056277056277047
2021-09-28 13:00:00+00:00,0.0958970897089709,0.0,0.8469710272168569,0.4164502164502164
2021-09-28 13:15:00+00:00,0.09846609660966095,0.0,0.840188762071993,0.41298701298701296
2021-09-28 13:30:00+00:00,0.101035103510351,0.0,0.8334064969271291,0.4095238095238095
2021-09-28 13:45:00+00:00,0.10360411041104105,0.0,0.8266242317822652,0.40606060606060607
2021-09-28 14:00:00+00:00,0.1061731173117311,0.0,0.8198419666374013,0.4025974025974026
2021-09-28 14:15:00+00:00,0.1075326282628262,0.0,0.7965978928884987,0.40194805194805194
2021-09-28 14:30:00+00:00,0.1088921392139213,0.0,0.7733538191395961,0.4012987012987013
2021-09-28 14:45:00+00:00,0.11025165016501645,0.0,0.7501097453906935,0.4006493506493507
2021-09-28 15:00:00+00:00,0.1116111611161116,0.0,0.7268656716417911,0.4
2021-09-28 15:15:00+00:00,0.11298004800480045,0.0,0.6692932396839333,0.39956709956709957
2021-09-28 15:30:00+00:00,0.1143489348934893,0.0,0.6117208077260755,0.3991341991341991
2021-09-28 15:45:00+00:00,0.11571782178217815,0.0,0.5541483757682177,0.39870129870129867
2021-09-28 16:00:00+00:00,0.117086708670867,0.0,0.4965759438103599,0.3982683982683982
2021-09-28 16:15:00+00:00,0.11752737773777369,0.0,0.4176031606672519,0.406060606060606
2021-09-28 16:30:00+00:00,0.1179680468046804,0.0,0.3386303775241439,0.4138528138528138
2021-09-28 16:45:00+00:00,0.1184087158715871,0.0,0.25965759438103597,0.4216450216450216
2021-09-28 17:00:00+00:00,0.1188493849384938,0.0,0.180684811237928,0.4294372294372294
2021-09-28 17:15:00+00:00,0.12472809780978089,0.0,0.1496927129060579,0.43290043290043284
2021-09-28 17:30:00+00:00,0.130606810681068,0.0,0.1187006145741878,0.4363636363636363
2021-09-28 17:45:00+00:00,0.13648552355235516,0.0,0.08770851624231775,0.4398268398268398
2021-09-28 18:00:00+00:00,0.1423642364236423,0.0,0.0567164179104477,0.4432900432900433
2021-09-28 18:15:00+00:00,0.15001500150014996,0.0,0.0532045654082528,0.44480519480519476
2021-09-28 18:30:00+00:00,0.1576657665766576,0.0,0.0496927129060579,0.4463203463203463
2021-09-28 18:45:00+00:00,0.16531653165316523,0.0,0.046180860403863,0.4478354978354978
2021-09-28 19:00:00+00:00,0.1729672967296729,0.0,0.0426690079016681,0.4493506493506493
2021-09-28 19:15:00+00:00,0.1760707320732072,0.0,0.0391791044776119,0.44632034632034623
2021-09-28 19:30:00+00:00,0.1791741674167415,0.0,0.0356892010535557,0.4432900432900432
2021-09-28 19:45:00+00:00,0.18227760276027588,0.0,0.0321992976294995,0.4402597402597402
2021-09-28 20:00:00+00:00,0.1853810381038103,0.0,0.0287093942054433,0.4372294372294372
2021-09-28 20:15:00+00:00,0.19044404440444035,0.0,0.025329236172080702,0.432034632034632
2021-09-28 20:30:00+00:00,0.1955070507050704,0.0,0.0219490781387181,0.4268398268398268
2021-09-28 20:45:00+00:00,0.20057005700570052,0.0,0.018568920105355498,0.4216450216450216
2021-09-28 21:00:00+00:00,0.2056330633063306,0.0,0.0151887620719929,0.4164502164502164
2021-09-28 21:15:00+00:00,0.20988036303630359,0.0,0.01378402107111495,0.41082251082251076
2021-09-28 21:30:00+00:00,0.2141276627662766,0.0,0.012379280070237,0.4051948051948051
2021-09-28 21:45:00+00:00,0.2183749624962496,0.0,0.01097453906935905,0.3995670995670995
2021-09-28 22:00:00+00:00,0.2226222622262226,0.0,0.0095697980684811,0.3939393939393939
2021-09-28 22:15:00+00:00,0.2237473747374737,0.0,0.00829675153643545,0.38939393939393935
2021-09-28 22:30:00+00:00,0.2248724872487248,0.0,0.0070237050043898,0.3848484848484848
2021-09-28 22:45:00+00:00,0.22599759975997596,0.0,0.00575065847234415,0.38030303030303025
2021-09-28 23:00:00+00:00,0.2271227122712271,0.0,0.0044776119402985,0.3757575757575757
2021-09-28 23:15:00+00:00,0.22416929192919288,0.0,0.0039947322212467,0.37510822510822506
2021-09-28 23:30:00+00:00,0.2212158715871587,0.0,0.0035118525021949,0.3744588744588744
2021-09-28 23:45:00+00:00,0.2182624512451245,0.0,0.0030289727831431003,0.3738095238095237
2021-09-29 00:00:00+00:00,0.2153090309030903,0.0,0.0025460930640913,0.3731601731601731
2021-09-29 00:15:00+00:00,0.21262751275127512,0.0,0.0025460930640913,0.37272727272727263
2021-09-29 00:30:00+00:00,0.2099459945994599,0.0,0.0025460930640913,0.3722943722943722
2021-09-29 00:45:00+00:00,0.20726447644764473,0.0,0.0025460930640913,0.3718614718614718
2021-09-29 01:00:00+00:00,0.2045829582958296,0.0,0.0025460930640913,0.3714285714285714
2021-09-29 01:15:00+00:00,0.205267401740174,0.0,0.0025460930640913,0.36991341991341986
2021-09-29 01:30:00+00:00,0.2059518451845184,0.0,0.0025460930640913,0.3683982683982683
2021-09-29 01:45:00+00:00,0.20663628862886285,0.0,0.0025460930640913,0.3668831168831168
2021-09-29 02:00:00+00:00,0.2073207320732073,0.0,0.0025460930640913,0.3653679653679653
2021-09-29 02:15:00+00:00,0.20598934893489346,0.0,0.0025460930640913,0.3660173160173159
2021-09-29 02:30:00+00:00,0.2046579657965796,0.0,0.0025460930640913,0.3666666666666666
2021-09-29 02:45:00+00:00,0.20332658265826575,0.0,0.0025460930640913,0.36731601731601726
2021-09-29 03:00:00+00:00,0.2019951995199519,0.0,0.0025460930640913,0.3679653679653679
2021-09-29 03:15:00+00:00,0.1997355985598559,0.0,0.0025460930640913,0.3729437229437229
2021-09-29 03:30:00+00:00,0.1974759975997599,0.0,0.0025460930640913,0.3779220779220779
2021-09-29 03:45:00+00:00,0.1952163966396639,0.0,0.0025460930640913,0.38290043290043285
2021-09-29 04:00:00+00:00,0.1929567956795679,0.0,0.0025460930640913,0.3878787878787879
2021-09-29 04:15:00+00:00,0.18892514251425135,0.0,0.0025460930640913,0.3913419913419913
2021-09-29 04:30:00+00:00,0.1848934893489348,0.0,0.0025460930640913,0.3948051948051947
2021-09-29 04:45:00+00:00,0.18086183618361829,0.0,0.0025460930640913,0.3982683982683982
2021-09-29 05:00:00+00:00,0.1768301830183018,0.0,0.0025460930640913,0.4017316017316017
2021-09-29 05:15:00+00:00,0.17231098109810977,0.0,0.012225636523265998,0.40541125541125533
2021-09-29 05:30:00+00:00,0.1677917791779177,0.0,0.0219051799824407,0.409090909090909
2021-09-29 05:45:00+00:00,0.1632725772577257,0.0,0.0315847234416154,0.41277056277056273
2021-09-29 06:00:00+00:00,0.1587533753375337,0.0,0.0412642669007901,0.4164502164502164
2021-09-29 06:15:00+00:00,0.1544310681068106,0.0,0.11112818261633005,0.4175324675324674
2021-09-29 06:30:00+00:00,0.1501087608760875,0.0,0.18099209833187,0.4186147186147185
2021-09-29 06:45:00+00:00,0.14578645364536444,0.0,0.2508560140474099,0.41969696969696957
2021-09-29 07:00:00+00:00,0.1414641464146414,0.0,0.3207199297629499,0.4207792207792207
2021-09-29 07:15:00+00:00,0.1402827782778277,0.0,0.40028533801580324,0.41926406926406923
2021-09-29 07:30:00+00:00,0.139101410141014,0.0,0.4798507462686566,0.4177489177489177
2021-09-29 07:45:00+00:00,0.13792004200420033,0.0,0.5594161545215101,0.4162337662337662
2021-09-29 08:00:00+00:00,0.1367386738673867,0.0,0.6389815627743635,0.4147186147186147
2021-09-29 08:15:00+00:00,0.13792004200420033,0.0,0.6919666374012292,0.40974025974025974
2021-09-29 08:30:00+00:00,0.139101410141014,0.0,0.7449517120280948,0.4047619047619047
2021-09-29 08:45:00+00:00,0.1402827782778277,0.0,0.7979367866549605,0.3997835497835498
2021-09-29 09:00:00+00:00,0.1414641464146414,0.0,0.8509218612818261,0.3948051948051948
2021-09-29 09:15:00+00:00,0.14060156015601555,0.0,0.8714223002633888,0.3943722943722944
2021-09-29 09:30:00+00:00,0.1397389738973897,0.0,0.8919227392449516,0.3939393939393939
2021-09-29 09:45:00+00:00,0.13887638763876387,0.0,0.9124231782265144,0.39350649350649347
2021-09-29 10:00:00+00:00,0.138013801380138,0.0,0.9329236172080771,0.3930735930735931
2021-09-29 10:15:00+00:00,0.13415091509150912,0.0,0.9356892010535556,0.3937229437229437
2021-09-29 10:30:00+00:00,0.1302880288028802,0.0,0.938454784899034,0.3943722943722944
2021-09-29 10:45:00+00:00,0.12642514251425135,0.0,0.9412203687445126,0.39502164502164505
2021-09-29 11:00:00+00:00,0.1225622562256225,0.0,0.9439859525899912,0.3956709956709957
2021-09-29 11:15:00+00:00,0.1210152265226522,0.0,0.9451492537313433,0.39502164502164505
2021-09-29 11:30:00+00:00,0.1194681968196819,0.0,0.9463125548726954,0.3943722943722944
2021-09-29 11:45:00+00:00,0.1179211671167116,0.0,0.9474758560140475,0.3937229437229437
2021-09-29 12:00:00+00:00,0.1163741374137413,0.0,0.9486391571553996,0.3930735930735931
2021-09-29 12:15:00+00:00,0.11838996399639955,0.0,0.9471466198419667,0.3928571428571429
2021-09-29 12:30:00+00:00,0.1204057905790578,0.0,0.9456540825285338,0.3926406926406927
2021-09-29 12:45:00+00:00,0.1224216171617161,0.0,0.9441615452151009,0.39242424242424245
2021-09-29 13:00:00+00:00,0.1244374437443744,0.0,0.942669007901668,0.3922077922077922
2021-09-29 13:15:00+00:00,0.13033490849084906,0.0,0.9330333625987708,0.3943722943722944
2021-09-29 13:30:00+00:00,0.1362323732373237,0.0,0.9233977172958736,0.3965367965367965
2021-09-29 13:45:00+00:00,0.14212983798379836,0.0,0.9137620719929763,0.39870129870129867
2021-09-29 14:00:00+00:00,0.148027302730273,0.0,0.904126426690079,0.4008658008658008
2021-09-29 14:15:00+00:00,0.15459045904590457,0.0,0.8807945566286216,0.4021645021645021
2021-09-29 14:30:00+00:00,0.1611536153615361,0.0,0.8574626865671642,0.4034632034632034
2021-09-29 14:45:00+00:00,0.1677167716771677,0.0,0.8341308165057068,0.4047619047619047
2021-09-29 15:00:00+00:00,0.1742799279927993,0.0,0.8107989464442493,0.406060606060606
2021-09-29 15:15:00+00:00,0.1801117611761176,0.0,0.7480245829675154,0.41060606060606053
2021-09-29 15:30:00+00:00,0.1859435943594359,0.0,0.6852502194907814,0.4151515151515151
2021-09-29 15:45:00+00:00,0.19177542754275423,0.0,0.6224758560140473,0.4196969696969697
2021-09-29 16:00:00+00:00,0.1976072607260726,0.0,0.5597014925373134,0.4242424242424242
2021-09-29 16:15:00+00:00,0.20098259825982595,0.0,0.46633011413520625,0.4357142857142856
2021-09-29 16:30:00+00:00,0.2043579357935793,0.0,0.3729587357330991,0.4471861471861471
2021-09-29 16:45:00+00:00,0.2077332733273327,0.0,0.279587357330992,0.4586580086580086
2021-09-29 17:00:00+00:00,0.2111086108610861,0.0,0.1862159789288849,0.4701298701298701
2021-09-29 17:15:00+00:00,0.21407140714071404,0.0,0.1536435469710271,0.47359307359307357
2021-09-29 17:30:00+00:00,0.217034203420342,0.0,0.1210711150131693,0.477056277056277
2021-09-29 17:45:00+00:00,0.21999699969996994,0.0,0.08849868305531161,0.48051948051948046
2021-09-29 18:00:00+00:00,0.2229597959795979,0.0,0.0559262510974539,0.4839826839826839
2021-09-29 18:15:00+00:00,0.22746962196219614,0.0,0.05333625987708515,0.4841991341991341
2021-09-29 18:30:00+00:00,0.2319794479447944,0.0,0.0507462686567164,0.4844155844155843
2021-09-29 18:45:00+00:00,0.2364892739273927,0.0,0.04815627743634765,0.4846320346320345
2021-09-29 19:00:00+00:00,0.240999099909991,0.0,0.0455662862159789,0.4848484848484848
2021-09-29 19:15:00+00:00,0.2476185118511851,0.0,0.04543459174714655,0.479004329004329
2021-09-29 19:30:00+00:00,0.2542379237923792,0.0,0.0453028972783142,0.4731601731601731
2021-09-29 19:45:00+00:00,0.26085733573357334,0.0,0.0451712028094819,0.4673160173160173
2021-09-29 20:00:00+00:00,0.2674767476747675,0.0,0.0450395083406496,0.4614718614718615
2021-09-29 20:15:00+00:00,0.2691925442544254,0.0,0.044073748902546,0.4608225108225108
2021-09-29 20:30:00+00:00,0.2709083408340834,0.0,0.0431079894644424,0.4601731601731602
2021-09-29 20:45:00+00:00,0.27262413741374136,0.0,0.0421422300263388,0.45952380952380956
2021-09-29 21:00:00+00:00,0.2743399339933993,0.0,0.0411764705882352,0.4588744588744589
2021-09-29 21:15:00+00:00,0.27650577557755773,0.0,0.03895961369622465,0.4393939393939394
2021-09-29 21:30:00+00:00,0.2786716171617162,0.0,0.0367427568042141,0.4199134199134199
2021-09-29 21:45:00+00:00,0.2808374587458746,0.0,0.0345258999122036,0.40043290043290036
2021-09-29 22:00:00+00:00,0.283003300330033,0.0,0.0323090430201931,0.3809523809523809
2021-09-29 22:15:00+00:00,0.281053105310531,0.0,0.0287093942054433,0.37727272727272715
2021-09-29 22:30:00+00:00,0.279102910291029,0.0,0.0251097453906935,0.3735930735930735
2021-09-29 22:45:00+00:00,0.2771527152715271,0.0,0.02151009657594375,0.36991341991341986
2021-09-29 23:00:00+00:00,0.2752025202520252,0.0,0.017910447761194,0.3662337662337662
2021-09-29 23:15:00+00:00,0.2721553405340534,0.0,0.015649692712905998,0.36450216450216444
2021-09-29 23:30:00+00:00,0.2691081608160816,0.0,0.013388937664618,0.3627705627705627
2021-09-29 23:45:00+00:00,0.26606098109810983,0.0,0.01112818261633005,0.361038961038961
2021-09-30 00:00:00+00:00,0.263013801380138,0.0,0.0088674275680421,0.3593073593073593
2021-09-30 00:15:00+00:00,0.26005100510051005,0.0,0.00770412642669,0.3597402597402597
2021-09-30 00:30:00+00:00,0.257088208820882,0.0,0.0065408252853379,0.3601731601731601
2021-09-30 00:45:00+00:00,0.2541254125412541,0.0,0.00537752414398585,0.36060606060606054
2021-09-30 01:00:00+00:00,0.2511626162616261,0.0,0.0042142230026338,0.361038961038961
2021-09-30 01:15:00+00:00,0.24793729372937284,0.0,0.00419227392449505,0.3614718614718614
2021-09-30 01:30:00+00:00,0.2447119711971196,0.0,0.0041703248463563,0.3619047619047618
2021-09-30 01:45:00+00:00,0.2414866486648664,0.0,0.00414837576821765,0.36233766233766224
2021-09-30 02:00:00+00:00,0.2382613261326132,0.0,0.004126426690079,0.3627705627705627
2021-09-30 02:15:00+00:00,0.23374212421242113,0.0,0.004126426690079,0.36190476190476184
2021-09-30 02:30:00+00:00,0.2292229222922291,0.0,0.004126426690079,0.361038961038961
2021-09-30 02:45:00+00:00,0.22470372037203715,0.0,0.004126426690079,0.36017316017316015
2021-09-30 03:00:00+00:00,0.2201845184518452,0.0,0.004126426690079,0.3593073593073593
2021-09-30 03:15:00+00:00,0.21441831683168316,0.0,0.004126426690079,0.366017316017316
2021-09-30 03:30:00+00:00,0.2086521152115211,0.0,0.004126426690079,0.3727272727272727
2021-09-30 03:45:00+00:00,0.2028859135913591,0.0,0.004126426690079,0.37943722943722935
2021-09-30 04:00:00+00:00,0.1971197119711971,0.0,0.004126426690079,0.3861471861471861
2021-09-30 04:15:00+00:00,0.191278502850285,0.0,0.0041703248463563995,0.3948051948051947
2021-09-30 04:30:00+00:00,0.1854372937293729,0.0,0.0042142230026338,0.4034632034632034
2021-09-30 04:45:00+00:00,0.1795960846084608,0.0,0.00425812115891125,0.41212121212121205
2021-09-30 05:00:00+00:00,0.1737548754875487,0.0,0.0043020193151887,0.4207792207792207
2021-09-30 05:15:00+00:00,0.1667416741674167,0.0,0.01213784021071105,0.4244588744588744
2021-09-30 05:30:00+00:00,0.1597284728472847,0.0,0.0199736611062334,0.4281385281385281
2021-09-30 05:45:00+00:00,0.1527152715271527,0.0,0.02780948200175585,0.4318181818181818
2021-09-30 06:00:00+00:00,0.1457020702070207,0.0,0.0356453028972783,0.4354978354978355
2021-09-30 06:15:00+00:00,0.1371324632463246,0.0,0.09152765583845475,0.43701298701298696
2021-09-30 06:30:00+00:00,0.1285628562856285,0.0,0.1474100087796312,0.4385281385281385
2021-09-30 06:45:00+00:00,0.11999324932493244,0.0,0.20329236172080772,0.44004329004329
2021-09-30 07:00:00+00:00,0.1114236423642364,0.0,0.2591747146619842,0.4415584415584415
2021-09-30 07:15:00+00:00,0.10737323732373236,0.0,0.3380816505706761,0.44047619047619035
2021-09-30 07:30:00+00:00,0.1033228322832283,0.0,0.4169885864793679,0.4393939393939393
2021-09-30 07:45:00+00:00,0.09927242724272425,0.0,0.49589552238805973,0.4383116883116882
2021-09-30 08:00:00+00:00,0.0952220222022202,0.0,0.5748024582967516,0.4372294372294372
2021-09-30 08:15:00+00:00,0.09336558655865586,0.0,0.6236611062335382,0.4348484848484848
2021-09-30 08:30:00+00:00,0.0915091509150915,0.0,0.672519754170325,0.4324675324675324
2021-09-30 08:45:00+00:00,0.08965271527152716,0.0,0.7213784021071116,0.4300865800865801
2021-09-30 09:00:00+00:00,0.0877962796279628,0.0,0.7702370500438982,0.4277056277056277
2021-09-30 09:15:00+00:00,0.08496474647464744,0.0,0.7880597014925373,0.4255411255411255
2021-09-30 09:30:00+00:00,0.0821332133213321,0.0,0.8058823529411765,0.4233766233766233
2021-09-30 09:45:00+00:00,0.07930168016801675,0.0,0.8237050043898156,0.42121212121212115
2021-09-30 10:00:00+00:00,0.0764701470147014,0.0,0.8415276558384548,0.419047619047619
2021-09-30 10:15:00+00:00,0.07402302730273014,0.0,0.8491220368744513,0.41688311688311686
2021-09-30 10:30:00+00:00,0.0715759075907589,0.0,0.8567164179104478,0.4147186147186147
2021-09-30 10:45:00+00:00,0.06912878787878775,0.0,0.8643107989464442,0.41255411255411256
2021-09-30 11:00:00+00:00,0.0666816681668166,0.0,0.8719051799824408,0.4103896103896104
2021-09-30 11:15:00+00:00,0.06488148814881481,0.0,0.874385425812116,0.4082251082251082
2021-09-30 11:30:00+00:00,0.063081308130813,0.0,0.8768656716417911,0.406060606060606
2021-09-30 11:45:00+00:00,0.0612811281128112,0.0,0.8793459174714662,0.40389610389610386
2021-09-30 12:00:00+00:00,0.0594809480948094,0.0,0.8818261633011414,0.4017316017316017
2021-09-30 12:15:00+00:00,0.059096534653465246,0.0,0.8785118525021949,0.39999999999999997
2021-09-30 12:30:00+00:00,0.0587121212121211,0.0,0.8751975417032485,0.3982683982683982
2021-09-30 12:45:00+00:00,0.058327707770777,0.0,0.8718832309043021,0.3965367965367965
2021-09-30 13:00:00+00:00,0.0579432943294329,0.0,0.8685689201053556,0.3948051948051948
2021-09-30 13:15:00+00:00,0.0580370537053705,0.0,0.8533582089552239,0.3943722943722944
2021-09-30 13:30:00+00:00,0.0581308130813081,0.0,0.8381474978050922,0.3939393939393939
2021-09-30 13:45:00+00:00,0.0582245724572457,0.0,0.8229367866549605,0.39350649350649347
2021-09-30 14:00:00+00:00,0.0583183318331833,0.0,0.8077260755048288,0.3930735930735931
2021-09-30 14:15:00+00:00,0.0583089558955895,0.0,0.7732001755926251,0.39502164502164505
2021-09-30 14:30:00+00:00,0.0582995799579957,0.0,0.7386742756804214,0.396969696969697
2021-09-30 14:45:00+00:00,0.05829020402040195,0.0,0.7041483757682178,0.3989177489177489
2021-09-30 15:00:00+00:00,0.0582808280828082,0.0,0.6696224758560141,0.4008658008658008
2021-09-30 15:15:00+00:00,0.05842146714671455,0.0,0.6152107111501317,0.40367965367965364
2021-09-30 15:30:00+00:00,0.0585621062106209,0.0,0.5607989464442493,0.4064935064935064
2021-09-30 15:45:00+00:00,0.058702745274527346,0.0,0.5063871817383669,0.4093073593073593
2021-09-30 16:00:00+00:00,0.0588433843384338,0.0,0.4519754170324846,0.4121212121212121
2021-09-30 16:15:00+00:00,0.0592840534053405,0.0,0.3759438103599648,0.4242424242424242
2021-09-30 16:30:00+00:00,0.0597247224722472,0.0,0.2999122036874451,0.4363636363636363
2021-09-30 16:45:00+00:00,0.0601653915391539,0.0,0.22388059701492535,0.44848484848484843
2021-09-30 17:00:00+00:00,0.0606060606060606,0.0,0.1478489903424056,0.4606060606060606
2021-09-30 17:15:00+00:00,0.06035291029102905,0.0,0.1223880597014925,0.46753246753246747
2021-09-30 17:30:00+00:00,0.0600997599759975,0.0,0.0969271290605794,0.4744588744588744
2021-09-30 17:45:00+00:00,0.059846609660966,0.0,0.07146619841966631,0.48138528138528136
2021-09-30 18:00:00+00:00,0.0595934593459345,0.0,0.0460052677787532,0.4883116883116883
2021-09-30 18:15:00+00:00,0.0582808280828082,0.0,0.04218612818261625,0.4885281385281385
2021-09-30 18:30:00+00:00,0.0569681968196819,0.0,0.0383669885864793,0.4887445887445887
2021-09-30 18:45:00+00:00,0.0556555655565556,0.0,0.03454784899034235,0.48896103896103893
2021-09-30 19:00:00+00:00,0.0543429342934293,0.0,0.0307287093942054,0.4891774891774891
2021-09-30 19:15:00+00:00,0.05255213021302125,0.0,0.029499561018437148,0.4872294372294371
2021-09-30 19:30:00+00:00,0.0507613261326132,0.0,0.0282704126426689,0.4852813852813852
2021-09-30 19:45:00+00:00,0.04897052205220515,0.0,0.0270412642669007,0.4833333333333333
2021-09-30 20:00:00+00:00,0.0471797179717971,0.0,0.0258121158911325,0.4813852813852813
2021-09-30 20:15:00+00:00,0.04684218421842175,0.0,0.0236172080772607,0.4735930735930735
2021-09-30 20:30:00+00:00,0.0465046504650464,0.0,0.0214223002633889,0.4658008658008657
2021-09-30 20:45:00+00:00,0.0461671167116711,0.0,0.0192273924495171,0.458008658008658
2021-09-30 21:00:00+00:00,0.0458295829582958,0.0,0.0170324846356453,0.4502164502164502
2021-09-30 21:15:00+00:00,0.045407665766576594,0.0,0.01496927129060575,0.44069264069264064
2021-09-30 21:30:00+00:00,0.0449857485748574,0.0,0.0129060579455662,0.4311688311688311
2021-09-30 21:45:00+00:00,0.04456383138313825,0.0,0.0108428446005267,0.4216450216450216
2021-09-30 22:00:00+00:00,0.0441419141914191,0.0,0.0087796312554872,0.4121212121212121
2021-09-30 22:15:00+00:00,0.042754275427542704,0.0,0.0075285338015802505,0.411038961038961
2021-09-30 22:30:00+00:00,0.0413666366636663,0.0,0.0062774363476733,0.4099567099567099
2021-09-30 22:45:00+00:00,0.0399789978997899,0.0,0.005026338893766399,0.40887445887445883
2021-09-30 23:00:00+00:00,0.0385913591359135,0.0,0.0037752414398595,0.4077922077922078
2021-09-30 23:15:00+00:00,0.03830070507050695,0.0,0.0032045654082528,0.40627705627705624
2021-09-30 23:30:00+00:00,0.0380100510051004,0.0,0.0026338893766461,0.4047619047619047
2021-09-30 23:45:00+00:00,0.0377193969396939,0.0,0.00206321334503945,0.4032467532467532
2021-10-01 00:00:00+00:00,0.0374287428742874,0.0,0.0014925373134328,0.4017316017316017
2021-10-01 00:15:00+00:00,0.03772877287728765,0.0,0.0014925373134328,0.4043290043290043
2021-10-01 00:30:00+00:00,0.0380288028802879,0.0,0.0014925373134328,0.4069264069264069
2021-10-01 00:45:00+00:00,0.03832883288328825,0.0,0.0014925373134328,0.4095238095238095
2021-10-01 01:00:00+00:00,0.0386288628862886,0.0,0.0014925373134328,0.4121212121212121
2021-10-01 01:15:00+00:00,0.03873199819981995,0.0,0.0014925373134328,0.4151515151515151
2021-10-01 01:30:00+00:00,0.0388351335133513,0.0,0.0014925373134328,0.4181818181818181
2021-10-01 01:45:00+00:00,0.03893826882688265,0.0,0.0014925373134328,0.42121212121212115
2021-10-01 02:00:00+00:00,0.039041404140414,0.0,0.0014925373134328,0.4242424242424242
2021-10-01 02:15:00+00:00,0.041141614161416096,0.0,0.0014925373134328,0.42380952380952375
2021-10-01 02:30:00+00:00,0.0432418241824182,0.0,0.0014925373134328,0.4233766233766233
2021-10-01 02:45:00+00:00,0.0453420342034203,0.0,0.0014925373134328,0.4229437229437229
2021-10-01 03:00:00+00:00,0.0474422442244224,0.0,0.0014925373134328,0.4225108225108225
2021-10-01 03:15:00+00:00,0.0502737773777377,0.0,0.0014925373134328,0.4235930735930735
2021-10-01 03:30:00+00:00,0.053105310531053,0.0,0.0014925373134328,0.4246753246753246
2021-10-01 03:45:00+00:00,0.055936843684368354,0.0,0.0014925373134328,0.42575757575757567
2021-10-01 04:00:00+00:00,0.0587683768376837,0.0,0.0014925373134328,0.4268398268398268
2021-10-01 04:15:00+00:00,0.0604279177917791,0.0,0.00230465320456535,0.4296536796536796
2021-10-01 04:30:00+00:00,0.0620874587458745,0.0,0.0031167690956979,0.4324675324675324
2021-10-01 04:45:00+00:00,0.06374699969996994,0.0,0.0039288849868305,0.43528138528138527
2021-10-01 05:00:00+00:00,0.0654065406540654,0.0,0.0047410008779631,0.4380952380952381
2021-10-01 05:15:00+00:00,0.0674598709870987,0.0,0.01097453906935905,0.4391774891774891
2021-10-01 05:30:00+00:00,0.069513201320132,0.0,0.017208077260755,0.4402597402597402
2021-10-01 05:45:00+00:00,0.0715665316531653,0.0,0.023441615452150948,0.44134199134199126
2021-10-01 06:00:00+00:00,0.0736198619861986,0.0,0.0296751536435469,0.4424242424242424
2021-10-01 06:15:00+00:00,0.0738917641764176,0.0,0.07605355575065834,0.4424242424242424
2021-10-01 06:30:00+00:00,0.0741636663666366,0.0,0.1224319578577698,0.4424242424242424
2021-10-01 06:45:00+00:00,0.07443556855685565,0.0,0.16881035996488133,0.4424242424242424
2021-10-01 07:00:00+00:00,0.0747074707470747,0.0,0.2151887620719929,0.4424242424242424
2021-10-01 07:15:00+00:00,0.07189468946894685,0.0,0.2704126426690078,0.44329004329004323
2021-10-01 07:30:00+00:00,0.069081908190819,0.0,0.3256365232660227,0.4441558441558441
2021-10-01 07:45:00+00:00,0.0662691269126912,0.0,0.38086040386303766,0.445021645021645
2021-10-01 08:00:00+00:00,0.0634563456345634,0.0,0.4360842844600526,0.4458874458874459
2021-10-01 08:15:00+00:00,0.060418541854185354,0.0,0.475,0.44653679653679657
2021-10-01 08:30:00+00:00,0.0573807380738073,0.0,0.5139157155399473,0.4471861471861472
2021-10-01 08:45:00+00:00,0.054342934293429304,0.0,0.5528314310798946,0.4478354978354978
2021-10-01 09:00:00+00:00,0.0513051305130513,0.0,0.591747146619842,0.4484848484848485
2021-10-01 09:15:00+00:00,0.0508175817581758,0.0,0.6144644424934154,0.44740259740259736
2021-10-01 09:30:00+00:00,0.0503300330033003,0.0,0.6371817383669887,0.4463203463203463
2021-10-01 09:45:00+00:00,0.0498424842484248,0.0,0.659899034240562,0.4452380952380952
2021-10-01 10:00:00+00:00,0.0493549354935493,0.0,0.6826163301141353,0.4441558441558441
2021-10-01 10:15:00+00:00,0.049861236123612304,0.0,0.6938981562774363,0.44480519480519476
2021-10-01 10:30:00+00:00,0.0503675367536753,0.0,0.7051799824407374,0.4454545454545454
2021-10-01 10:45:00+00:00,0.050873837383738296,0.0,0.7164618086040386,0.446103896103896
2021-10-01 11:00:00+00:00,0.0513801380138013,0.0,0.7277436347673397,0.4467532467532467
2021-10-01 11:15:00+00:00,0.052486498649864904,0.0,0.7316066725197541,0.4452380952380952
2021-10-01 11:30:00+00:00,0.0535928592859285,0.0,0.7354697102721686,0.4437229437229437
2021-10-01 11:45:00+00:00,0.05469921992199216,0.0,0.739332748024583,0.44220779220779216
2021-10-01 12:00:00+00:00,0.0558055805580558,0.0,0.7431957857769974,0.4406926406926407
2021-10-01 12:15:00+00:00,0.0569494449444944,0.0,0.735052677787533,0.43766233766233764
2021-10-01 12:30:00+00:00,0.058093309330933,0.0,0.7269095697980685,0.4346320346320346
2021-10-01 12:45:00+00:00,0.05923717371737165,0.0,0.718766461808604,0.43160173160173154
2021-10-01 13:00:00+00:00,0.0603810381038103,0.0,0.7106233538191395,0.4285714285714285
2021-10-01 13:15:00+00:00,0.060549804980497945,0.0,0.7003511852502194,0.4287878787878787
2021-10-01 13:30:00+00:00,0.0607185718571856,0.0,0.6900790166812993,0.4290043290043289
2021-10-01 13:45:00+00:00,0.060887338733873295,0.0,0.6798068481123792,0.42922077922077917
2021-10-01 14:00:00+00:00,0.061056105610561,0.0,0.6695346795434591,0.4294372294372294
2021-10-01 14:15:00+00:00,0.0623968646864686,0.0,0.6450175592625109,0.4287878787878787
2021-10-01 14:30:00+00:00,0.0637376237623762,0.0,0.6205004389815627,0.4281385281385281
2021-10-01 14:45:00+00:00,0.0650783828382838,0.0,0.5959833187006145,0.4274891774891775
2021-10-01 15:00:00+00:00,0.0664191419141914,0.0,0.5714661984196664,0.4268398268398268
2021-10-01 15:15:00+00:00,0.06774114911491144,0.0,0.5188981562774364,0.43290043290043284
2021-10-01 15:30:00+00:00,0.0690631563156315,0.0,0.4663301141352063,0.4389610389610389
2021-10-01 15:45:00+00:00,0.0703851635163516,0.0,0.4137620719929763,0.445021645021645
2021-10-01 16:00:00+00:00,0.0717071707170717,0.0,0.3611940298507463,0.4510822510822511
2021-10-01 16:15:00+00:00,0.07090084008400835,0.0,0.29453467954345913,0.45064935064935063
2021-10-01 16:30:00+00:00,0.070094509450945,0.0,0.227875329236172,0.4502164502164502
2021-10-01 16:45:00+00:00,0.0692881788178817,0.0,0.1612159789288849,0.44978354978354973
2021-10-01 17:00:00+00:00,0.0684818481848184,0.0,0.0945566286215978,0.4493506493506493
2021-10-01 17:15:00+00:00,0.07035703570357026,0.0,0.07403424056189631,0.4541125541125541
2021-10-01 17:30:00+00:00,0.0722322232223221,0.0,0.0535118525021948,0.4588744588744589
2021-10-01 17:45:00+00:00,0.07410741074107399,0.0,0.03298946444249335,0.4636363636363636
2021-10-01 18:00:00+00:00,0.0759825982598259,0.0,0.0124670763827919,0.4683982683982684
2021-10-01 18:15:00+00:00,0.07703270327032695,0.0,0.0111720807726075,0.47034632034632035
2021-10-01 18:30:00+00:00,0.078082808280828,0.0,0.0098770851624231,0.4722943722943722
2021-10-01 18:45:00+00:00,0.07913291329132904,0.0,0.00858208955223875,0.47424242424242413
2021-10-01 19:00:00+00:00,0.0801830183018301,0.0,0.0072870939420544,0.4761904761904761
2021-10-01 19:15:00+00:00,0.08203945394539444,0.0,0.0062115891132572005,0.47510822510822504
2021-10-01 19:30:00+00:00,0.0838958895889588,0.0,0.00513608428446,0.4740259740259739
2021-10-01 19:45:00+00:00,0.0857523252325232,0.0,0.0040605794556628,0.4729437229437229
2021-10-01 20:00:00+00:00,0.0876087608760876,0.0,0.0029850746268656,0.4718614718614718
2021-10-01 20:15:00+00:00,0.08710246024602455,0.0,0.0026558384547848,0.4686147186147186
2021-10-01 20:30:00+00:00,0.0865961596159615,0.0,0.002326602282704,0.4653679653679653
2021-10-01 20:45:00+00:00,0.08608985898589849,0.0,0.00199736611062325,0.4621212121212121
2021-10-01 21:00:00+00:00,0.0855835583558355,0.0,0.0016681299385425,0.4588744588744589
2021-10-01 21:15:00+00:00,0.0848709870987098,0.0,0.0016681299385425,0.4528138528138528
2021-10-01 21:30:00+00:00,0.0841584158415841,0.0,0.0016681299385425,0.4467532467532467
2021-10-01 21:45:00+00:00,0.08344584458445839,0.0,0.0016681299385425,0.44069264069264064
2021-10-01 22:00:00+00:00,0.0827332733273327,0.0,0.0016681299385425,0.4346320346320346
2021-10-01 22:15:00+00:00,0.08376462646264621,0.0,0.00162423178226505,0.4305194805194804
2021-10-01 22:30:00+00:00,0.0847959795979597,0.0,0.0015803336259876,0.4264069264069263
2021-10-01 22:45:00+00:00,0.08582733273327325,0.0,0.0015364354697102,0.42229437229437217
2021-10-01 23:00:00+00:00,0.0868586858685868,0.0,0.0014925373134328,0.4181818181818181
2021-10-01 23:15:00+00:00,0.08876200120011996,0.0,0.00147058823529405,0.41645021645021635
2021-10-01 23:30:00+00:00,0.0906653165316531,0.0,0.0014486391571553,0.4147186147186146
2021-10-01 23:45:00+00:00,0.09256863186318624,0.0,0.0014266900790166001,0.4129870129870129
2021-10-02 00:00:00+00:00,0.0944719471947194,0.0,0.0014047410008779,0.4112554112554112
2021-10-02 00:15:00+00:00,0.09681593159315924,0.0,0.0014266900790166001,0.411038961038961
2021-10-02 00:30:00+00:00,0.0991599159915991,0.0,0.0014486391571553,0.4108225108225108
2021-10-02 00:45:00+00:00,0.10150390039003895,0.0,0.00147058823529405,0.41060606060606064
2021-10-02 01:00:00+00:00,0.1038478847884788,0.0,0.0014925373134328,0.4103896103896104
2021-10-02 01:15:00+00:00,0.1090796579657965,0.0,0.00147058823529405,0.4082251082251082
2021-10-02 01:30:00+00:00,0.1143114311431142,0.0,0.0014486391571553,0.406060606060606
2021-10-02 01:45:00+00:00,0.11954320432043194,0.0,0.0014266900790166001,0.40389610389610386
2021-10-02 02:00:00+00:00,0.1247749774977497,0.0,0.0014047410008779,0.4017316017316017
2021-10-02 02:15:00+00:00,0.1303817881788178,0.0,0.0014047410008779,0.3997835497835498
2021-10-02 02:30:00+00:00,0.1359885988598859,0.0,0.0014047410008779,0.3978354978354978
2021-10-02 02:45:00+00:00,0.14159540954095406,0.0,0.0014047410008779,0.39588744588744584
2021-10-02 03:00:00+00:00,0.1472022202220222,0.0,0.0014047410008779,0.3939393939393939
2021-10-02 03:15:00+00:00,0.15149639963996395,0.0,0.0014266900790166001,0.3939393939393939
2021-10-02 03:30:00+00:00,0.1557905790579057,0.0,0.0014486391571553,0.3939393939393939
2021-10-02 03:45:00+00:00,0.1600847584758475,0.0,0.00147058823529405,0.3939393939393939
2021-10-02 04:00:00+00:00,0.1643789378937893,0.0,0.0014925373134328,0.3939393939393939
2021-10-02 04:15:00+00:00,0.16960133513351325,0.0,0.0015364354697102,0.3952380952380952
2021-10-02 04:30:00+00:00,0.1748237323732372,0.0,0.0015803336259876,0.3965367965367965
2021-10-02 04:45:00+00:00,0.18004612961296118,0.0,0.00162423178226505,0.3978354978354978
2021-10-02 05:00:00+00:00,0.1852685268526852,0.0,0.0016681299385425,0.3991341991341991
2021-10-02 05:15:00+00:00,0.18897202220222015,0.0,0.0081211589113256,0.40281385281385274
2021-10-02 05:30:00+00:00,0.1926755175517551,0.0,0.0145741878841087,0.4064935064935064
2021-10-02 05:45:00+00:00,0.19637901290129006,0.0,0.0210272168568919,0.41017316017316013
2021-10-02 06:00:00+00:00,0.200082508250825,0.0,0.0274802458296751,0.4138528138528138
2021-10-02 06:15:00+00:00,0.20253900390038995,0.0,0.08204565408252845,0.4145021645021645
2021-10-02 06:30:00+00:00,0.2049954995499549,0.0,0.1366110623353818,0.4151515151515151
2021-10-02 06:45:00+00:00,0.2074519951995199,0.0,0.19117647058823523,0.4158008658008657
2021-10-02 07:00:00+00:00,0.2099084908490849,0.0,0.2457418788410886,0.4164502164502164
2021-10-02 07:15:00+00:00,0.2095334533453345,0.0,0.31270851624231777,0.4259740259740259
2021-10-02 07:30:00+00:00,0.2091584158415841,0.0,0.379675153643547,0.4354978354978354
2021-10-02 07:45:00+00:00,0.20878337833783375,0.0,0.44664179104477614,0.44502164502164493
2021-10-02 08:00:00+00:00,0.2084083408340834,0.0,0.5136084284460053,0.4545454545454545
2021-10-02 08:15:00+00:00,0.21487773777377736,0.0,0.5697541703248463,0.44220779220779216
2021-10-02 08:30:00+00:00,0.2213471347134713,0.0,0.6258999122036875,0.4298701298701298
2021-10-02 08:45:00+00:00,0.22781653165316532,0.0,0.6820456540825285,0.41753246753246753
2021-10-02 09:00:00+00:00,0.2342859285928593,0.0,0.7381913959613696,0.4051948051948052
2021-10-02 09:15:00+00:00,0.2463340084008401,0.0,0.7565847234416154,0.40476190476190477
2021-10-02 09:30:00+00:00,0.2583820882088209,0.0,0.7749780509218613,0.4043290043290043
2021-10-02 09:45:00+00:00,0.2704301680168017,0.0,0.7933713784021071,0.40389610389610386
2021-10-02 10:00:00+00:00,0.2824782478247825,0.0,0.8117647058823529,0.4034632034632034
2021-10-02 10:15:00+00:00,0.2927167716771677,0.0,0.8260974539069359,0.4021645021645021
2021-10-02 10:30:00+00:00,0.3029552955295529,0.0,0.8404302019315188,0.4008658008658008
2021-10-02 10:45:00+00:00,0.31319381938193813,0.0,0.8547629499561018,0.3995670995670995
2021-10-02 11:00:00+00:00,0.3234323432343234,0.0,0.8690956979806848,0.3982683982683982
2021-10-02 11:15:00+00:00,0.3309987248724872,0.0,0.8649473222124671,0.39848484848484844
2021-10-02 11:30:00+00:00,0.3385651065106511,0.0,0.8607989464442494,0.3987012987012986
2021-10-02 11:45:00+00:00,0.3461314881488149,0.0,0.8566505706760317,0.3989177489177489
2021-10-02 12:00:00+00:00,0.3536978697869787,0.0,0.8525021949078139,0.3991341991341991
2021-10-02 12:15:00+00:00,0.35760763576357635,0.0,0.8379719051799824,0.39805194805194805
2021-10-02 12:30:00+00:00,0.361517401740174,0.0,0.823441615452151,0.396969696969697
2021-10-02 12:45:00+00:00,0.36542716771677164,0.0,0.8089113257243196,0.3958874458874459
2021-10-02 13:00:00+00:00,0.3693369336933693,0.0,0.7943810359964881,0.3948051948051948
2021-10-02 13:15:00+00:00,0.37029327932793277,0.0,0.7779631255487269,0.3948051948051948
2021-10-02 13:30:00+00:00,0.3712496249624962,0.0,0.7615452151009657,0.3948051948051948
2021-10-02 13:45:00+00:00,0.3722059705970596,0.0,0.7451273046532045,0.3948051948051948
2021-10-02 14:00:00+00:00,0.3731623162316231,0.0,0.7287093942054433,0.3948051948051948
2021-10-02 14:15:00+00:00,0.37875975097509745,0.0,0.7024143985952589,0.3948051948051948
2021-10-02 14:30:00+00:00,0.3843571857185718,0.0,0.6761194029850746,0.3948051948051948
2021-10-02 14:45:00+00:00,0.38995462046204615,0.0,0.6498244073748902,0.3948051948051948
2021-10-02 15:00:00+00:00,0.3955520552055205,0.0,0.6235294117647059,0.3948051948051948
2021-10-02 15:15:00+00:00,0.39653652865286526,0.0,0.5665276558384548,0.3956709956709957
2021-10-02 15:30:00+00:00,0.39752100210021,0.0,0.5095258999122037,0.3965367965367965
2021-10-02 15:45:00+00:00,0.3985054755475548,0.0,0.45252414398595253,0.39740259740259737
2021-10-02 16:00:00+00:00,0.3994899489948995,0.0,0.3955223880597014,0.3982683982683982
2021-10-02 16:15:00+00:00,0.3971365886588658,0.0,0.32708516242317814,0.39913419913419906
2021-10-02 16:30:00+00:00,0.3947832283228322,0.0,0.2586479367866549,0.3999999999999999
2021-10-02 16:45:00+00:00,0.3924298679867986,0.0,0.19021071115013163,0.4008658008658008
2021-10-02 17:00:00+00:00,0.390076507650765,0.0,0.1217734855136084,0.4017316017316017
2021-10-02 17:15:00+00:00,0.39055468046804676,0.0,0.1006804214223002,0.4203463203463203
2021-10-02 17:30:00+00:00,0.3910328532853285,0.0,0.079587357330992,0.4389610389610389
2021-10-02 17:45:00+00:00,0.39151102610261024,0.0,0.058494293239683845,0.4575757575757575
2021-10-02 18:00:00+00:00,0.391989198919892,0.0,0.0374012291483757,0.4761904761904761
2021-10-02 18:15:00+00:00,0.3967146714671467,0.0,0.035162423178226446,0.4642857142857142
2021-10-02 18:30:00+00:00,0.4014401440144014,0.0,0.0329236172080772,0.4523809523809523
2021-10-02 18:45:00+00:00,0.4061656165616561,0.0,0.030684811237927948,0.44047619047619035
2021-10-02 19:00:00+00:00,0.4108910891089108,0.0,0.0284460052677787,0.4285714285714285
2021-10-02 19:15:00+00:00,0.41370387038703865,0.0,0.02633889376646175,0.42835497835497827
2021-10-02 19:30:00+00:00,0.4165166516651665,0.0,0.0242317822651448,0.4281385281385281
2021-10-02 19:45:00+00:00,0.4193294329432943,0.0,0.022124670763827847,0.4279220779220779
2021-10-02 20:00:00+00:00,0.4221422142214221,0.0,0.0200175592625109,0.4277056277056277
2021-10-02 20:15:00+00:00,0.42567694269426937,0.0,0.0181957857769973,0.4251082251082251
2021-10-02 20:30:00+00:00,0.4292116711671166,0.0,0.0163740122914837,0.4225108225108225
2021-10-02 20:45:00+00:00,0.432746399639964,0.0,0.014552238805970098,0.4199134199134199
2021-10-02 21:00:00+00:00,0.4362811281128113,0.0,0.0127304653204565,0.4173160173160173
2021-10-02 21:15:00+00:00,0.43938456345634563,0.0,0.01053555750658465,0.41125541125541126
2021-10-02 21:30:00+00:00,0.44248799879988,0.0,0.0083406496927128,0.4051948051948052
2021-10-02 21:45:00+00:00,0.44559143414341434,0.0,0.006145741878841,0.3991341991341991
2021-10-02 22:00:00+00:00,0.4486948694869487,0.0,0.0039508340649692,0.3930735930735931
2021-10-02 22:15:00+00:00,0.44367874287428744,0.0,0.00331431079894635,0.3926406926406927
2021-10-02 22:30:00+00:00,0.4386626162616261,0.0,0.0026777875329235,0.3922077922077922
2021-10-02 22:45:00+00:00,0.43364648964896485,0.0,0.0020412642669007,0.3917748917748918
2021-10-02 23:00:00+00:00,0.4286303630363036,0.0,0.0014047410008779,0.3913419913419913
2021-10-02 23:15:00+00:00,0.41825120012001193,0.0,0.0014266900790166001,0.39025974025974025
2021-10-02 23:30:00+00:00,0.4078720372037203,0.0,0.0014486391571553,0.3891774891774892
2021-10-02 23:45:00+00:00,0.3974928742874287,0.0,0.00147058823529405,0.38809523809523805
2021-10-03 00:00:00+00:00,0.3871137113711371,0.0,0.0014925373134328,0.387012987012987
2021-10-03 00:15:00+00:00,0.38808880888088804,0.0,0.0014925373134328,0.38809523809523805
2021-10-03 00:30:00+00:00,0.389063906390639,0.0,0.0014925373134328,0.3891774891774892
2021-10-03 00:45:00+00:00,0.39003900390039,0.0,0.0014925373134328,0.39025974025974025
2021-10-03 01:00:00+00:00,0.391014101410141,0.0,0.0014925373134328,0.3913419913419913
2021-10-03 01:15:00+00:00,0.3932174467446744,0.0,0.00147058823529405,0.38939393939393935
2021-10-03 01:30:00+00:00,0.3954207920792079,0.0,0.0014486391571553,0.3874458874458873
2021-10-03 01:45:00+00:00,0.39762413741374136,0.0,0.0014266900790166001,0.3854978354978354
2021-10-03 02:00:00+00:00,0.3998274827482748,0.0,0.0014047410008779,0.3835497835497835
2021-10-03 02:15:00+00:00,0.40032440744074405,0.0,0.0014047410008779,0.3852813852813852
2021-10-03 02:30:00+00:00,0.4008213321332133,0.0,0.0014047410008779,0.387012987012987
2021-10-03 02:45:00+00:00,0.40131825682568256,0.0,0.0014047410008779,0.3887445887445887
2021-10-03 03:00:00+00:00,0.4018151815181518,0.0,0.0014047410008779,0.3904761904761905
2021-10-03 03:15:00+00:00,0.39769914491449143,0.0,0.0014047410008779,0.3911255411255411
2021-10-03 03:30:00+00:00,0.3935831083108311,0.0,0.0014047410008779,0.3917748917748918
2021-10-03 03:45:00+00:00,0.38946707170717076,0.0,0.0014047410008779,0.39242424242424245
2021-10-03 04:00:00+00:00,0.3853510351035104,0.0,0.0014047410008779,0.3930735930735931
2021-10-03 04:15:00+00:00,0.37908790879087906,0.0,0.00144863915715535,0.39415584415584415
2021-10-03 04:30:00+00:00,0.3728247824782478,0.0,0.0014925373134328,0.3952380952380953
2021-10-03 04:45:00+00:00,0.36656165616561653,0.0,0.00153643546971025,0.39632034632034635
2021-10-03 05:00:00+00:00,0.3602985298529852,0.0,0.0015803336259877,0.3974025974025974
2021-10-03 05:15:00+00:00,0.35474797479747966,0.0,0.0053775241439859,0.39761904761904765
2021-10-03 05:30:00+00:00,0.3491974197419741,0.0,0.0091747146619841,0.3978354978354978
2021-10-03 05:45:00+00:00,0.3436468646864686,0.0,0.01297190517998235,0.398051948051948
2021-10-03 06:00:00+00:00,0.3380963096309631,0.0,0.0167690956979806,0.3982683982683982
2021-10-03 06:15:00+00:00,0.33430843084308426,0.0,0.0425373134328357,0.40259740259740256
2021-10-03 06:30:00+00:00,0.3305205520552055,0.0,0.0683055311676908,0.4069264069264069
2021-10-03 06:45:00+00:00,0.3267326732673267,0.0,0.094073748902546,0.41125541125541126
2021-10-03 07:00:00+00:00,0.3229447944794479,0.0,0.1198419666374012,0.4155844155844156
2021-10-03 07:15:00+00:00,0.3166441644164416,0.0,0.1556409130816505,0.41926406926406923
2021-10-03 07:30:00+00:00,0.3103435343534353,0.0,0.1914398595258998,0.4229437229437229
2021-10-03 07:45:00+00:00,0.304042904290429,0.0,0.2272388059701492,0.4266233766233766
2021-10-03 08:00:00+00:00,0.2977422742274227,0.0,0.2630377524143986,0.4303030303030303
2021-10-03 08:15:00+00:00,0.29477010201020093,0.0,0.28915715539947323,0.42987012987012985
2021-10-03 08:30:00+00:00,0.2917979297929792,0.0,0.3152765583845479,0.4294372294372294
2021-10-03 08:45:00+00:00,0.28882575757575746,0.0,0.34139596136962247,0.42900432900432894
2021-10-03 09:00:00+00:00,0.2858535853585358,0.0,0.3675153643546971,0.4285714285714285
2021-10-03 09:15:00+00:00,0.2870255775577557,0.0,0.3868964003511852,0.42554112554112544
2021-10-03 09:30:00+00:00,0.2881975697569756,0.0,0.4062774363476734,0.4225108225108224
2021-10-03 09:45:00+00:00,0.28936956195619556,0.0,0.42565847234416154,0.4194805194805194
2021-10-03 10:00:00+00:00,0.2905415541554155,0.0,0.4450395083406497,0.4164502164502164
2021-10-03 10:15:00+00:00,0.2947232223222322,0.0,0.4541483757682177,0.41991341991341985
2021-10-03 10:30:00+00:00,0.2989048904890489,0.0,0.4632572431957857,0.4233766233766233
2021-10-03 10:45:00+00:00,0.3030865586558656,0.0,0.47236611062335376,0.4268398268398268
2021-10-03 11:00:00+00:00,0.3072682268226823,0.0,0.4814749780509219,0.4303030303030303
2021-10-03 11:15:00+00:00,0.31461896189618965,0.0,0.4833406496927129,0.4339826839826839
2021-10-03 11:30:00+00:00,0.321969696969697,0.0,0.4852063213345039,0.4376623376623376
2021-10-03 11:45:00+00:00,0.3293204320432044,0.0,0.487071992976295,0.4413419913419913
2021-10-03 12:00:00+00:00,0.3366711671167117,0.0,0.488937664618086,0.445021645021645
2021-10-03 12:15:00+00:00,0.34467821782178215,0.0,0.4739903424056189,0.44848484848484843
2021-10-03 12:30:00+00:00,0.3526852685268526,0.0,0.4590430201931518,0.4519480519480519
2021-10-03 12:45:00+00:00,0.36069231923192313,0.0,0.44409569798068477,0.4554112554112554
2021-10-03 13:00:00+00:00,0.3686993699369937,0.0,0.4291483757682177,0.4588744588744589
2021-10-03 13:15:00+00:00,0.36807118211821177,0.0,0.43274802458296746,0.4608225108225108
2021-10-03 13:30:00+00:00,0.3674429942994299,0.0,0.4363476733977172,0.4627705627705628
2021-10-03 13:45:00+00:00,0.366814806480648,0.0,0.439947322212467,0.46471861471861475
2021-10-03 14:00:00+00:00,0.3661866186618662,0.0,0.4435469710272168,0.4666666666666667
2021-10-03 14:15:00+00:00,0.364048904890489,0.0,0.4444468832309042,0.4725108225108225
2021-10-03 14:30:00+00:00,0.3619111911191119,0.0,0.4453467954345916,0.4783549783549783
2021-10-03 14:45:00+00:00,0.3597734773477348,0.0,0.4462467076382791,0.4841991341991342
2021-10-03 15:00:00+00:00,0.3576357635763576,0.0,0.4471466198419666,0.49004329004329
2021-10-03 15:15:00+00:00,0.35461671167116704,0.0,0.41595697980684804,0.4993506493506493
2021-10-03 15:30:00+00:00,0.3515976597659765,0.0,0.3847673397717295,0.5086580086580086
2021-10-03 15:45:00+00:00,0.348578607860786,0.0,0.353577699736611,0.517965367965368
2021-10-03 16:00:00+00:00,0.3455595559555955,0.0,0.3223880597014925,0.5272727272727272
2021-10-03 16:15:00+00:00,0.35752325232523247,0.0,0.2675812115891132,0.5313852813852813
2021-10-03 16:30:00+00:00,0.3694869486948694,0.0,0.2127743634767339,0.5354978354978355
2021-10-03 16:45:00+00:00,0.38145064506450643,0.0,0.15796751536435466,0.5396103896103897
2021-10-03 17:00:00+00:00,0.3934143414341434,0.0,0.1031606672519754,0.5437229437229437
2021-10-03 17:15:00+00:00,0.3961708670867087,0.0,0.08415276558384545,0.5666666666666667
2021-10-03 17:30:00+00:00,0.3989273927392739,0.0,0.0651448639157155,0.5896103896103896
2021-10-03 17:45:00+00:00,0.40168391839183915,0.0,0.04613696224758555,0.6125541125541125
2021-10-03 18:00:00+00:00,0.4044404440444044,0.0,0.0271290605794556,0.6354978354978355
2021-10-03 18:15:00+00:00,0.40820957095709565,0.0,0.02453906935908685,0.6238095238095238
2021-10-03 18:30:00+00:00,0.4119786978697869,0.0,0.0219490781387181,0.6121212121212121
2021-10-03 18:45:00+00:00,0.41574782478247824,0.0,0.019359086918349352,0.6004329004329004
2021-10-03 19:00:00+00:00,0.4195169516951695,0.0,0.0167690956979806,0.5887445887445888
2021-10-03 19:15:00+00:00,0.4129162916291629,0.0,0.0134986830553116,0.587012987012987
2021-10-03 19:30:00+00:00,0.4063156315631563,0.0,0.0102282704126426,0.5852813852813853
2021-10-03 19:45:00+00:00,0.39971497149714974,0.0,0.0069578577699736,0.5835497835497836
2021-10-03 20:00:00+00:00,0.3931143114311431,0.0,0.0036874451273046,0.5818181818181818
2021-10-03 20:15:00+00:00,0.38890451545154514,0.0,0.0033362598770851,0.5751082251082251
2021-10-03 20:30:00+00:00,0.3846947194719472,0.0,0.0029850746268656,0.5683982683982685
2021-10-03 20:45:00+00:00,0.38048492349234925,0.0,0.0026338893766461,0.5616883116883118
2021-10-03 21:00:00+00:00,0.3762751275127513,0.0,0.0022827041264266,0.554978354978355
2021-10-03 21:15:00+00:00,0.37161528652865283,0.0,0.00212906057945555,0.5538961038961039
2021-10-03 21:30:00+00:00,0.3669554455445544,0.0,0.0019754170324845,0.5528138528138529
2021-10-03 21:45:00+00:00,0.362295604560456,0.0,0.0018217734855135001,0.5517316017316017
2021-10-03 22:00:00+00:00,0.3576357635763576,0.0,0.0016681299385425,0.5506493506493506
2021-10-03 22:15:00+00:00,0.3541104110411041,0.0,0.0016681299385425,0.5536796536796537
2021-10-03 22:30:00+00:00,0.3505850585058506,0.0,0.0016681299385425,0.5567099567099567
2021-10-03 22:45:00+00:00,0.34705970597059704,0.0,0.0016681299385425,0.5597402597402598
2021-10-03 23:00:00+00:00,0.3435343534353435,0.0,0.0016681299385425,0.5627705627705628
2021-10-03 23:15:00+00:00,0.34219359435943586,0.0,0.0016681299385425,0.5612554112554113
2021-10-03 23:30:00+00:00,0.3408528352835283,0.0,0.0016681299385425,0.5597402597402598
2021-10-03 23:45:00+00:00,0.3395120762076207,0.0,0.0016681299385425,0.5582251082251082
2021-10-04 00:00:00+00:00,0.3381713171317131,0.0,0.0016681299385425,0.5567099567099567
2021-10-04 00:15:00+00:00,0.3366336633663366,0.0,0.0016681299385425,0.5547619047619048
2021-10-04 00:30:00+00:00,0.3350960096009601,0.0,0.0016681299385425,0.5528138528138529
2021-10-04 00:45:00+00:00,0.3335583558355836,0.0,0.0016681299385425,0.550865800865801
2021-10-04 01:00:00+00:00,0.332020702070207,0.0,0.0016681299385425,0.5489177489177489
2021-10-04 01:15:00+00:00,0.3301361386138613,0.0,0.0016681299385425,0.55
2021-10-04 01:30:00+00:00,0.3282515751575157,0.0,0.0016681299385425,0.5510822510822511
2021-10-04 01:45:00+00:00,0.3263670117011701,0.0,0.0016681299385425,0.5521645021645021
2021-10-04 02:00:00+00:00,0.3244824482448245,0.0,0.0016681299385425,0.5532467532467532
2021-10-04 02:15:00+00:00,0.3288610111011101,0.0,0.0016681299385425,0.5454545454545454
2021-10-04 02:30:00+00:00,0.3332395739573957,0.0,0.0016681299385425,0.5376623376623376
2021-10-04 02:45:00+00:00,0.33761813681368136,0.0,0.0016681299385425,0.5298701298701298
2021-10-04 03:00:00+00:00,0.341996699669967,0.0,0.0016681299385425,0.522077922077922
2021-10-04 03:15:00+00:00,0.34348747374737476,0.0,0.0016461808604038,0.5322510822510822
2021-10-04 03:30:00+00:00,0.3449782478247825,0.0,0.0016242317822651,0.5424242424242425
2021-10-04 03:45:00+00:00,0.3464690219021902,0.0,0.0016022827041264,0.5525974025974026
2021-10-04 04:00:00+00:00,0.347959795979598,0.0,0.0015803336259877,0.5627705627705628
2021-10-04 04:15:00+00:00,0.349713096309631,0.0,0.0016242317822651,0.5601731601731602
2021-10-04 04:30:00+00:00,0.351466396639664,0.0,0.0016681299385425,0.5575757575757576
2021-10-04 04:45:00+00:00,0.353219696969697,0.0,0.00171202809481995,0.554978354978355
2021-10-04 05:00:00+00:00,0.35497299729973,0.0,0.0017559262510974,0.5523809523809524
2021-10-04 05:15:00+00:00,0.3535197269726973,0.0,0.007199297629499449,0.5662337662337662
2021-10-04 05:30:00+00:00,0.3520664566456646,0.0,0.0126426690079015,0.5800865800865801
2021-10-04 05:45:00+00:00,0.3506131863186319,0.0,0.01808604038630365,0.5939393939393939
2021-10-04 06:00:00+00:00,0.3491599159915992,0.0,0.0235294117647058,0.6077922077922078
2021-10-04 06:15:00+00:00,0.34353435343534355,0.0,0.05798946444249335,0.5889610389610389
2021-10-04 06:30:00+00:00,0.3379087908790879,0.0,0.0924495171202809,0.57012987012987
2021-10-04 06:45:00+00:00,0.3322832283228323,0.0,0.12690956979806844,0.5512987012987012
2021-10-04 07:00:00+00:00,0.3266576657665767,0.0,0.161369622475856,0.5324675324675324
2021-10-04 07:15:00+00:00,0.3227666516651665,0.0,0.2145522388059701,0.5229437229437228
2021-10-04 07:30:00+00:00,0.3188756375637563,0.0,0.2677348551360842,0.5134199134199133
2021-10-04 07:45:00+00:00,0.31498462346234624,0.0,0.3209174714661983,0.5038961038961038
2021-10-04 08:00:00+00:00,0.3110936093609361,0.0,0.3741000877963125,0.4943722943722943
2021-10-04 08:15:00+00:00,0.31110298529852987,0.0,0.42028094820017553,0.5127705627705628
2021-10-04 08:30:00+00:00,0.3111123612361236,0.0,0.4664618086040386,0.5311688311688312
2021-10-04 08:45:00+00:00,0.3111217371737174,0.0,0.5126426690079017,0.5495670995670996
2021-10-04 09:00:00+00:00,0.3111311131113111,0.0,0.5588235294117647,0.567965367965368
2021-10-04 09:15:00+00:00,0.3141876687668766,0.0,0.59914398595259,0.5640692640692642
2021-10-04 09:30:00+00:00,0.3172442244224421,0.0,0.6394644424934153,0.5601731601731602
2021-10-04 09:45:00+00:00,0.32030078007800766,0.0,0.6797848990342406,0.5562770562770563
2021-10-04 10:00:00+00:00,0.3233573357335733,0.0,0.7201053555750658,0.5523809523809524
2021-10-04 10:15:00+00:00,0.3250637563756375,0.0,0.7374451273046532,0.5450216450216451
2021-10-04 10:30:00+00:00,0.3267701770177017,0.0,0.7547848990342405,0.5376623376623377
2021-10-04 10:45:00+00:00,0.32847659765976595,0.0,0.7721246707638278,0.5303030303030303
2021-10-04 11:00:00+00:00,0.3301830183018301,0.0,0.7894644424934153,0.5229437229437229
2021-10-04 11:15:00+00:00,0.331514401440144,0.0,0.8011194029850746,0.5121212121212121
2021-10-04 11:30:00+00:00,0.3328457845784578,0.0,0.8127743634767339,0.5012987012987012
2021-10-04 11:45:00+00:00,0.33417716771677164,0.0,0.8244293239683933,0.4904761904761904
2021-10-04 12:00:00+00:00,0.3355085508550855,0.0,0.8360842844600527,0.4796536796536796
2021-10-04 12:15:00+00:00,0.3336896189618962,0.0,0.8472563652326602,0.4798701298701298
2021-10-04 12:30:00+00:00,0.3318706870687068,0.0,0.8584284460052678,0.48008658008658
2021-10-04 12:45:00+00:00,0.33005175517551755,0.0,0.8696005267778754,0.48030303030303023
2021-10-04 13:00:00+00:00,0.3282328232823282,0.0,0.8807726075504829,0.4805194805194805
2021-10-04 13:15:00+00:00,0.31851935193519354,0.0,0.8791044776119403,0.48528138528138526
2021-10-04 13:30:00+00:00,0.3088058805880588,0.0,0.8774363476733977,0.49004329004329
2021-10-04 13:45:00+00:00,0.29909240924092406,0.0,0.8757682177348551,0.49480519480519475
2021-10-04 14:00:00+00:00,0.2893789378937894,0.0,0.8741000877963125,0.4995670995670995
2021-10-04 14:15:00+00:00,0.2892476747674767,0.0,0.8519095697980685,0.5145021645021645
2021-10-04 14:30:00+00:00,0.2891164116411641,0.0,0.8297190517998244,0.5294372294372294
2021-10-04 14:45:00+00:00,0.28898514851485146,0.0,0.8075285338015803,0.5443722943722944
2021-10-04 15:00:00+00:00,0.2888538853885388,0.0,0.7853380158033363,0.5593073593073593
2021-10-04 15:15:00+00:00,0.29038216321632154,0.0,0.71986391571554,0.5435064935064935
2021-10-04 15:30:00+00:00,0.2919104410441043,0.0,0.6543898156277437,0.5277056277056277
2021-10-04 15:45:00+00:00,0.2934387188718871,0.0,0.5889157155399474,0.5119047619047619
2021-10-04 16:00:00+00:00,0.2949669966996699,0.0,0.523441615452151,0.4961038961038961
2021-10-04 16:15:00+00:00,0.2914791479147914,0.0,0.4309701492537313,0.5199134199134199
2021-10-04 16:30:00+00:00,0.2879912991299129,0.0,0.3384986830553116,0.5437229437229437
2021-10-04 16:45:00+00:00,0.28450345034503444,0.0,0.24602721685689194,0.5675324675324676
2021-10-04 17:00:00+00:00,0.281015601560156,0.0,0.1535557506584723,0.5913419913419914
2021-10-04 17:15:00+00:00,0.2827126462646264,0.0,0.1269095697980684,0.5982683982683983
2021-10-04 17:30:00+00:00,0.2844096909690968,0.0,0.1002633889376645,0.6051948051948052
2021-10-04 17:45:00+00:00,0.28610673567356726,0.0,0.07361720807726065,0.6121212121212121
2021-10-04 18:00:00+00:00,0.2878037803780378,0.0,0.0469710272168568,0.6190476190476191
2021-10-04 18:15:00+00:00,0.2879350435043504,0.0,0.044863915715539854,0.6164502164502165
2021-10-04 18:30:00+00:00,0.288066306630663,0.0,0.0427568042142229,0.6138528138528139
2021-10-04 18:45:00+00:00,0.28819756975697564,0.0,0.040649692712906,0.6112554112554113
2021-10-04 19:00:00+00:00,0.2883288328832883,0.0,0.0385425812115891,0.6086580086580087
2021-10-04 19:15:00+00:00,0.2864630213021302,0.0,0.038257243195785745,0.5872294372294372
2021-10-04 19:30:00+00:00,0.284597209720972,0.0,0.0379719051799824,0.5658008658008657
2021-10-04 19:45:00+00:00,0.2827313981398139,0.0,0.03768656716417905,0.5443722943722944
2021-10-04 20:00:00+00:00,0.2808655865586558,0.0,0.0374012291483757,0.5229437229437229
2021-10-04 20:15:00+00:00,0.2809593459345934,0.0,0.0351404741000877,0.5183982683982684
2021-10-04 20:30:00+00:00,0.2810531053105309,0.0,0.0328797190517997,0.5138528138528138
2021-10-04 20:45:00+00:00,0.28114686468646855,0.0,0.03061896400351175,0.5093073593073593
2021-10-04 21:00:00+00:00,0.2812406240624062,0.0,0.0283582089552238,0.5047619047619047
2021-10-04 21:15:00+00:00,0.2854597959795979,0.0,0.0231562774363476,0.4948051948051948
2021-10-04 21:30:00+00:00,0.2896789678967896,0.0,0.0179543459174714,0.4848484848484848
2021-10-04 21:45:00+00:00,0.2938981398139814,0.0,0.0127524143985952,0.47489177489177486
2021-10-04 22:00:00+00:00,0.2981173117311731,0.0,0.007550482879719,0.4649350649350649
2021-10-04 22:15:00+00:00,0.30129575457545754,0.0,0.006738366988586399,0.4640692640692641
2021-10-04 22:30:00+00:00,0.3044741974197419,0.0,0.0059262510974538,0.4632034632034632
2021-10-04 22:45:00+00:00,0.3076526402640264,0.0,0.00511413520632125,0.4623376623376623
2021-10-04 23:00:00+00:00,0.3108310831083108,0.0,0.0043020193151887,0.4614718614718615
2021-10-04 23:15:00+00:00,0.31420642064206417,0.0,0.0036435469710271,0.4588744588744589
2021-10-04 23:30:00+00:00,0.3175817581758176,0.0,0.0029850746268655,0.4562770562770563
2021-10-04 23:45:00+00:00,0.3209570957095709,0.0,0.002326602282704,0.4536796536796537
2021-10-05 00:00:00+00:00,0.3243324332433243,0.0,0.0016681299385425,0.4510822510822511
2021-10-05 00:15:00+00:00,0.324576207620762,0.0,0.0016681299385425,0.44653679653679657
2021-10-05 00:30:00+00:00,0.3248199819981998,0.0,0.0016681299385425,0.441991341991342
2021-10-05 00:45:00+00:00,0.32506375637563756,0.0,0.0016681299385425,0.4374458874458874
2021-10-05 01:00:00+00:00,0.3253075307530753,0.0,0.0016681299385425,0.4329004329004329
2021-10-05 01:15:00+00:00,0.32431368136813676,0.0,0.0016681299385425,0.4300865800865801
2021-10-05 01:30:00+00:00,0.3233198319831983,0.0,0.0016681299385425,0.4272727272727272
2021-10-05 01:45:00+00:00,0.32232598259825984,0.0,0.0016681299385425,0.4244588744588744
2021-10-05 02:00:00+00:00,0.3213321332133213,0.0,0.0016681299385425,0.4216450216450216
2021-10-05 02:15:00+00:00,0.32076957695769576,0.0,0.0016681299385425,0.422077922077922
2021-10-05 02:30:00+00:00,0.3202070207020702,0.0,0.0016681299385425,0.4225108225108224
2021-10-05 02:45:00+00:00,0.3196444644464447,0.0,0.0016681299385425,0.42294372294372284
2021-10-05 03:00:00+00:00,0.3190819081908191,0.0,0.0016681299385425,0.4233766233766233
2021-10-05 03:15:00+00:00,0.31994449444944495,0.0,0.0016681299385425,0.427056277056277
2021-10-05 03:30:00+00:00,0.3208070807080708,0.0,0.0016681299385425,0.4307359307359307
2021-10-05 03:45:00+00:00,0.32166966696669663,0.0,0.0016681299385425,0.4344155844155844
2021-10-05 04:00:00+00:00,0.3225322532253225,0.0,0.0016681299385425,0.4380952380952381
2021-10-05 04:15:00+00:00,0.3233760876087608,0.0,0.0017339771729586498,0.44740259740259736
2021-10-05 04:30:00+00:00,0.3242199219921992,0.0,0.0017998244073748,0.4567099567099567
2021-10-05 04:45:00+00:00,0.3250637563756375,0.0,0.00186567164179095,0.466017316017316
2021-10-05 05:00:00+00:00,0.3259075907590759,0.0,0.0019315188762071,0.4753246753246753
2021-10-05 05:15:00+00:00,0.32050705070507046,0.0,0.0106233538191395,0.4874458874458874
2021-10-05 05:30:00+00:00,0.3151065106510651,0.0,0.0193151887620719,0.4995670995670995
2021-10-05 05:45:00+00:00,0.30970597059705973,0.0,0.028007023705004297,0.5116883116883116
2021-10-05 06:00:00+00:00,0.3043054305430543,0.0,0.0366988586479367,0.5238095238095238
2021-10-05 06:15:00+00:00,0.2980516801680168,0.0,0.10096575943810349,0.5045454545454545
2021-10-05 06:30:00+00:00,0.2917979297929793,0.0,0.1652326602282703,0.4852813852813852
2021-10-05 06:45:00+00:00,0.2855441794179418,0.0,0.22949956101843716,0.46601731601731594
2021-10-05 07:00:00+00:00,0.2792904290429043,0.0,0.293766461808604,0.4467532467532467
2021-10-05 07:15:00+00:00,0.27440556555655565,0.0,0.37438542581211587,0.44480519480519476
2021-10-05 07:30:00+00:00,0.269520702070207,0.0,0.4550043898156277,0.4428571428571428
2021-10-05 07:45:00+00:00,0.2646358385838584,0.0,0.5356233538191396,0.4409090909090908
2021-10-05 08:00:00+00:00,0.2597509750975098,0.0,0.6162423178226515,0.4389610389610389
2021-10-05 08:15:00+00:00,0.25751012601260126,0.0,0.658494293239684,0.4389610389610389
2021-10-05 08:30:00+00:00,0.2552692769276927,0.0,0.7007462686567165,0.4389610389610389
2021-10-05 08:45:00+00:00,0.25302842784278423,0.0,0.742998244073749,0.4389610389610389
2021-10-05 09:00:00+00:00,0.2507875787578758,0.0,0.7852502194907814,0.4389610389610389
2021-10-05 09:15:00+00:00,0.251012601260126,0.0,0.801009657594381,0.44069264069264064
2021-10-05 09:30:00+00:00,0.2512376237623762,0.0,0.8167690956979807,0.4424242424242424
2021-10-05 09:45:00+00:00,0.25146264626462644,0.0,0.8325285338015804,0.44415584415584414
2021-10-05 10:00:00+00:00,0.2516876687668767,0.0,0.84828797190518,0.4458874458874459
2021-10-05 10:15:00+00:00,0.2500843834383438,0.0,0.8516242317822651,0.4463203463203463
2021-10-05 10:30:00+00:00,0.2484810981098109,0.0,0.8549604916593503,0.4467532467532467
2021-10-05 10:45:00+00:00,0.24687781278127804,0.0,0.8582967515364355,0.44718614718614713
2021-10-05 11:00:00+00:00,0.2452745274527452,0.0,0.8616330114135207,0.4476190476190476
2021-10-05 11:15:00+00:00,0.24517139213921385,0.0,0.8550921861281826,0.44740259740259736
2021-10-05 11:30:00+00:00,0.2450682568256825,0.0,0.8485513608428445,0.4471861471861471
2021-10-05 11:45:00+00:00,0.24496512151215116,0.0,0.8420105355575065,0.4469696969696969
2021-10-05 12:00:00+00:00,0.2448619861986198,0.0,0.8354697102721685,0.4467532467532467
2021-10-05 12:15:00+00:00,0.2453964146414641,0.0,0.8231562774363477,0.44588744588744583
2021-10-05 12:30:00+00:00,0.2459308430843084,0.0,0.8108428446005267,0.445021645021645
2021-10-05 12:45:00+00:00,0.2464652715271527,0.0,0.7985294117647058,0.44415584415584414
2021-10-05 13:00:00+00:00,0.246999699969997,0.0,0.786215978928885,0.4432900432900433
2021-10-05 13:15:00+00:00,0.24634338433843378,0.0,0.7660886742756804,0.4443722943722943
2021-10-05 13:30:00+00:00,0.2456870687068706,0.0,0.7459613696224758,0.4454545454545454
2021-10-05 13:45:00+00:00,0.24503075307530744,0.0,0.7258340649692713,0.44653679653679645
2021-10-05 14:00:00+00:00,0.2443744374437443,0.0,0.7057067603160667,0.4476190476190476
2021-10-05 14:15:00+00:00,0.24182418241824175,0.0,0.6656496927129061,0.4556277056277056
2021-10-05 14:30:00+00:00,0.2392739273927392,0.0,0.6255926251097454,0.4636363636363636
2021-10-05 14:45:00+00:00,0.23672367236723665,0.0,0.5855355575065848,0.47164502164502164
2021-10-05 15:00:00+00:00,0.2341734173417341,0.0,0.5454784899034241,0.4796536796536796
2021-10-05 15:15:00+00:00,0.22906353135313526,0.0,0.49086918349429326,0.4867965367965368
2021-10-05 15:30:00+00:00,0.2239536453645364,0.0,0.4362598770851624,0.4939393939393939
2021-10-05 15:45:00+00:00,0.21884375937593756,0.0,0.3816505706760316,0.501082251082251
2021-10-05 16:00:00+00:00,0.2137338733873387,0.0,0.3270412642669008,0.5082251082251082
2021-10-05 16:15:00+00:00,0.20700195019501946,0.0,0.26856892010535555,0.5170995670995671
2021-10-05 16:30:00+00:00,0.2002700270027002,0.0,0.2100965759438103,0.525974025974026
2021-10-05 16:45:00+00:00,0.193538103810381,0.0,0.15162423178226508,0.5348484848484849
2021-10-05 17:00:00+00:00,0.1868061806180618,0.0,0.0931518876207199,0.5437229437229437
2021-10-05 17:15:00+00:00,0.1865530303030303,0.0,0.0786654960491659,0.5517316017316017
2021-10-05 17:30:00+00:00,0.1862998799879988,0.0,0.0641791044776119,0.5597402597402598
2021-10-05 17:45:00+00:00,0.18604672967296731,0.0,0.049692712906057895,0.5677489177489178
2021-10-05 18:00:00+00:00,0.1857935793579358,0.0,0.0352063213345039,0.5757575757575758
2021-10-05 18:15:00+00:00,0.1864498949894989,0.0,0.0333845478489903,0.5716450216450217
2021-10-05 18:30:00+00:00,0.187106210621062,0.0,0.0315627743634767,0.5675324675324676
2021-10-05 18:45:00+00:00,0.18776252625262518,0.0,0.0297410008779631,0.5634199134199134
2021-10-05 19:00:00+00:00,0.1884188418841884,0.0,0.0279192273924495,0.5593073593073593
2021-10-05 19:15:00+00:00,0.18803442844284418,0.0,0.02642669007901665,0.5584415584415585
2021-10-05 19:30:00+00:00,0.1876500150015,0.0,0.0249341527655838,0.5575757575757576
2021-10-05 19:45:00+00:00,0.1872656015601559,0.0,0.023441615452150948,0.5567099567099567
2021-10-05 20:00:00+00:00,0.1868811881188118,0.0,0.0219490781387181,0.5558441558441558
2021-10-05 20:15:00+00:00,0.1864873987398739,0.0,0.0195566286215978,0.5543290043290043
2021-10-05 20:30:00+00:00,0.186093609360936,0.0,0.0171641791044775,0.5528138528138529
2021-10-05 20:45:00+00:00,0.18569981998199814,0.0,0.01477172958735725,0.5512987012987014
2021-10-05 21:00:00+00:00,0.1853060306030603,0.0,0.012379280070237,0.5497835497835498
2021-10-05 21:15:00+00:00,0.18427467746774676,0.0,0.0117866549604916,0.5264069264069264
2021-10-05 21:30:00+00:00,0.1832433243324332,0.0,0.0111940298507462,0.503030303030303
2021-10-05 21:45:00+00:00,0.18221197119711968,0.0,0.0106014047410008,0.47965367965367967
2021-10-05 22:00:00+00:00,0.1811806180618062,0.0,0.0100087796312554,0.4562770562770563
2021-10-05 22:15:00+00:00,0.1789303930393039,0.0,0.009130816505706648,0.4547619047619047
2021-10-05 22:30:00+00:00,0.1766801680168016,0.0,0.0082528533801579,0.4532467532467532
2021-10-05 22:45:00+00:00,0.17442994299429934,0.0,0.0073748902546091994,0.45173160173160165
2021-10-05 23:00:00+00:00,0.1721797179717971,0.0,0.0064969271290605,0.4502164502164502
2021-10-05 23:15:00+00:00,0.1723578607860785,0.0,0.0059043020193151,0.448051948051948
2021-10-05 23:30:00+00:00,0.1725360036003599,0.0,0.0053116769095697,0.4458874458874458
2021-10-05 23:45:00+00:00,0.17271414641464133,0.0,0.00471905179982435,0.44372294372294363
2021-10-06 00:00:00+00:00,0.1728922892289228,0.0,0.004126426690079,0.4415584415584415
2021-10-06 00:15:00+00:00,0.1742799279927992,0.0,0.00414837576821765,0.43961038961038956
2021-10-06 00:30:00+00:00,0.1756675667566756,0.0,0.0041703248463563,0.4376623376623376
2021-10-06 00:45:00+00:00,0.17705520552055198,0.0,0.00419227392449505,0.4357142857142856
2021-10-06 01:00:00+00:00,0.1784428442844284,0.0,0.0042142230026338,0.4337662337662337
2021-10-06 01:15:00+00:00,0.17745837083708366,0.0,0.0043459174714661,0.4324675324675324
2021-10-06 01:30:00+00:00,0.1764738973897389,0.0,0.0044776119402984,0.4311688311688311
2021-10-06 01:45:00+00:00,0.1754894239423942,0.0,0.004609306409130751,0.4298701298701298
2021-10-06 02:00:00+00:00,0.1745049504950495,0.0,0.0047410008779631,0.4285714285714285
2021-10-06 02:15:00+00:00,0.1741767926792679,0.0,0.00485074626865665,0.42900432900432894
2021-10-06 02:30:00+00:00,0.1738486348634863,0.0,0.0049604916593502,0.4294372294372294
2021-10-06 02:45:00+00:00,0.17352047704770474,0.0,0.005070237050043801,0.42987012987012985
2021-10-06 03:00:00+00:00,0.1731923192319232,0.0,0.0051799824407374,0.4303030303030303
2021-10-06 03:15:00+00:00,0.17460808580858084,0.0,0.00524582967515355,0.42987012987012985
2021-10-06 03:30:00+00:00,0.1760238523852385,0.0,0.0053116769095697,0.4294372294372294
2021-10-06 03:45:00+00:00,0.17743961896189614,0.0,0.0053775241439859,0.42900432900432894
2021-10-06 04:00:00+00:00,0.1788553855385538,0.0,0.0054433713784021,0.4285714285714285
2021-10-06 04:15:00+00:00,0.1824276177617761,0.0,0.0055092186128182005,0.42835497835497827
2021-10-06 04:30:00+00:00,0.1859998499849984,0.0,0.0055750658472343,0.4281385281385281
2021-10-06 04:45:00+00:00,0.18957208220822075,0.0,0.0056409130816505,0.4279220779220779
2021-10-06 05:00:00+00:00,0.1931443144314431,0.0,0.0057067603160667,0.4277056277056277
2021-10-06 05:15:00+00:00,0.19381938193819376,0.0,0.012379280070237,0.43181818181818177
2021-10-06 05:30:00+00:00,0.1944944494449444,0.0,0.0190517998244073,0.4359307359307359
2021-10-06 05:45:00+00:00,0.1951695169516951,0.0,0.02572431957857765,0.44004329004329
2021-10-06 06:00:00+00:00,0.1958445844584458,0.0,0.032396839332748,0.4441558441558441
2021-10-06 06:15:00+00:00,0.19258175817581755,0.0,0.09699297629499554,0.4454545454545454
2021-10-06 06:30:00+00:00,0.1893189318931893,0.0,0.1615891132572431,0.4467532467532467
2021-10-06 06:45:00+00:00,0.18605610561056105,0.0,0.2261852502194907,0.448051948051948
2021-10-06 07:00:00+00:00,0.1827932793279328,0.0,0.2907813871817383,0.4493506493506493
2021-10-06 07:15:00+00:00,0.18411528652865283,0.0,0.37199297629499556,0.4469696969696969
2021-10-06 07:30:00+00:00,0.1854372937293729,0.0,0.4532045654082528,0.4445887445887445
2021-10-06 07:45:00+00:00,0.18675930093009296,0.0,0.53441615452151,0.44220779220779216
2021-10-06 08:00:00+00:00,0.188081308130813,0.0,0.6156277436347674,0.4398268398268398
2021-10-06 08:15:00+00:00,0.1871624662466246,0.0,0.6652326602282704,0.43614718614718606
2021-10-06 08:30:00+00:00,0.1862436243624362,0.0,0.7148375768217735,0.4324675324675324
2021-10-06 08:45:00+00:00,0.1853247824782478,0.0,0.7644424934152766,0.4287878787878788
2021-10-06 09:00:00+00:00,0.1844059405940594,0.0,0.8140474100087797,0.4251082251082251
2021-10-06 09:15:00+00:00,0.18235261026102612,0.0,0.8251536435469711,0.424025974025974
2021-10-06 09:30:00+00:00,0.1802992799279928,0.0,0.8362598770851624,0.4229437229437229
2021-10-06 09:45:00+00:00,0.17824594959495949,0.0,0.8473661106233538,0.4218614718614718
2021-10-06 10:00:00+00:00,0.1761926192619262,0.0,0.8584723441615452,0.4207792207792207
2021-10-06 10:15:00+00:00,0.17530190519051905,0.0,0.8634328358208955,0.4235930735930735
2021-10-06 10:30:00+00:00,0.1744111911191119,0.0,0.8683933274802458,0.4264069264069263
2021-10-06 10:45:00+00:00,0.17352047704770474,0.0,0.8733538191395961,0.42922077922077917
2021-10-06 11:00:00+00:00,0.1726297629762976,0.0,0.8783143107989464,0.432034632034632
2021-10-06 11:15:00+00:00,0.17113898889888984,0.0,0.8794995610184372,0.433116883116883
2021-10-06 11:30:00+00:00,0.1696482148214821,0.0,0.880684811237928,0.4341991341991341
2021-10-06 11:45:00+00:00,0.16815744074407435,0.0,0.8818700614574188,0.43528138528138516
2021-10-06 12:00:00+00:00,0.1666666666666666,0.0,0.8830553116769095,0.4363636363636363
2021-10-06 12:15:00+00:00,0.16672292229222915,0.0,0.8774802458296751,0.43528138528138516
2021-10-06 12:30:00+00:00,0.1667791779177917,0.0,0.8719051799824407,0.4341991341991341
2021-10-06 12:45:00+00:00,0.1668354335433543,0.0,0.8663301141352062,0.433116883116883
2021-10-06 13:00:00+00:00,0.1668916891689169,0.0,0.8607550482879719,0.432034632034632
2021-10-06 13:15:00+00:00,0.1670698319831983,0.0,0.8547410008779631,0.43030303030303024
2021-10-06 13:30:00+00:00,0.1672479747974797,0.0,0.8487269534679543,0.4285714285714285
2021-10-06 13:45:00+00:00,0.16742611761176113,0.0,0.8427129060579456,0.4268398268398268
2021-10-06 14:00:00+00:00,0.1676042604260426,0.0,0.8366988586479368,0.4251082251082251
2021-10-06 14:15:00+00:00,0.1687012451245124,0.0,0.8144205443371378,0.42922077922077917
2021-10-06 14:30:00+00:00,0.1697982298229822,0.0,0.7921422300263389,0.4333333333333333
2021-10-06 14:45:00+00:00,0.17089521452145207,0.0,0.7698639157155399,0.4374458874458874
2021-10-06 15:00:00+00:00,0.1719921992199219,0.0,0.747585601404741,0.4415584415584415
2021-10-06 15:15:00+00:00,0.17336108610861073,0.0,0.6821992976294995,0.44588744588744583
2021-10-06 15:30:00+00:00,0.1747299729972996,0.0,0.6168129938542581,0.4502164502164502
2021-10-06 15:45:00+00:00,0.1760988598859885,0.0,0.5514266900790167,0.45454545454545453
2021-10-06 16:00:00+00:00,0.1774677467746774,0.0,0.4860403863037752,0.4588744588744589
2021-10-06 16:15:00+00:00,0.17973672367236715,0.0,0.39892449517120276,0.48398268398268396
2021-10-06 16:30:00+00:00,0.1820057005700569,0.0,0.3118086040386303,0.509090909090909
2021-10-06 16:45:00+00:00,0.1842746774677467,0.0,0.2246927129060579,0.5341991341991341
2021-10-06 17:00:00+00:00,0.1865436543654365,0.0,0.1375768217734855,0.5593073593073593
2021-10-06 17:15:00+00:00,0.19221609660966088,0.0,0.1140254609306409,0.5564935064935065
2021-10-06 17:30:00+00:00,0.1978885388538853,0.0,0.0904741000877963,0.5536796536796537
2021-10-06 17:45:00+00:00,0.20356098109810974,0.0,0.0669227392449517,0.5508658008658008
2021-10-06 18:00:00+00:00,0.2092334233423342,0.0,0.0433713784021071,0.548051948051948
2021-10-06 18:15:00+00:00,0.21341509150915083,0.0,0.041659350307287055,0.5383116883116883
2021-10-06 18:30:00+00:00,0.2175967596759675,0.0,0.039947322212467,0.5285714285714285
2021-10-06 18:45:00+00:00,0.2217784278427842,0.0,0.038235294117647,0.5188311688311688
2021-10-06 19:00:00+00:00,0.2259600960096009,0.0,0.036523266022827,0.509090909090909
2021-10-06 19:15:00+00:00,0.2285478547854785,0.0,0.0348551360842844,0.5108225108225108
2021-10-06 19:30:00+00:00,0.2311356135613561,0.0,0.0331870061457418,0.5125541125541125
2021-10-06 19:45:00+00:00,0.2337233723372337,0.0,0.031518876207199245,0.5142857142857142
2021-10-06 20:00:00+00:00,0.2363111311131113,0.0,0.0298507462686567,0.516017316017316
2021-10-06 20:15:00+00:00,0.2373424842484248,0.0,0.028314310798946397,0.5067099567099567
2021-10-06 20:30:00+00:00,0.2383738373837383,0.0,0.0267778753292361,0.4974025974025974
2021-10-06 20:45:00+00:00,0.23940519051905185,0.0,0.02524143985952585,0.488095238095238
2021-10-06 21:00:00+00:00,0.2404365436543654,0.0,0.0237050043898156,0.4787878787878787
2021-10-06 21:15:00+00:00,0.24068969396939688,0.0,0.022410008779631202,0.4820346320346319
2021-10-06 21:30:00+00:00,0.2409428442844284,0.0,0.0211150131694468,0.4852813852813852
2021-10-06 21:45:00+00:00,0.2411959945994599,0.0,0.01982001755926245,0.4885281385281384
2021-10-06 22:00:00+00:00,0.2414491449144914,0.0,0.0185250219490781,0.4917748917748917
2021-10-06 22:15:00+00:00,0.2391895439543954,0.0,0.0173178226514486,0.4917748917748917
2021-10-06 22:30:00+00:00,0.2369299429942994,0.0,0.0161106233538191,0.4917748917748917
2021-10-06 22:45:00+00:00,0.2346703420342034,0.0,0.0149034240561896,0.4917748917748917
2021-10-06 23:00:00+00:00,0.2324107410741074,0.0,0.0136962247585601,0.4917748917748917
2021-10-06 23:15:00+00:00,0.22731960696069603,0.0,0.01088674275680415,0.47251082251082244
2021-10-06 23:30:00+00:00,0.2222284728472847,0.0,0.0080772607550482,0.4532467532467532
2021-10-06 23:45:00+00:00,0.21713733873387336,0.0,0.0052677787532923,0.4339826839826839
2021-10-07 00:00:00+00:00,0.212046204620462,0.0,0.0024582967515364,0.4147186147186147
2021-10-07 00:15:00+00:00,0.2052298979897989,0.0,0.0024143985952589497,0.41233766233766234
2021-10-07 00:30:00+00:00,0.1984135913591358,0.0,0.0023705004389815,0.4099567099567099
2021-10-07 00:45:00+00:00,0.19159728472847276,0.0,0.00232660228270405,0.4075757575757576
2021-10-07 01:00:00+00:00,0.1847809780978097,0.0,0.0022827041264266,0.4051948051948052
2021-10-07 01:15:00+00:00,0.18005550555055494,0.0,0.0022827041264266,0.4041125541125541
2021-10-07 01:30:00+00:00,0.1753300330033002,0.0,0.0022827041264266,0.403030303030303
2021-10-07 01:45:00+00:00,0.1706045604560455,0.0,0.0022827041264266,0.40194805194805194
2021-10-07 02:00:00+00:00,0.1658790879087908,0.0,0.0022827041264266,0.4008658008658008
2021-10-07 02:15:00+00:00,0.16436956195619556,0.0,0.0022827041264266,0.40367965367965364
2021-10-07 02:30:00+00:00,0.1628600360036003,0.0,0.0022827041264266,0.4064935064935064
2021-10-07 02:45:00+00:00,0.16135051005100504,0.0,0.0022827041264266,0.4093073593073593
2021-10-07 03:00:00+00:00,0.1598409840984098,0.0,0.0022827041264266,0.4121212121212121
2021-10-07 03:15:00+00:00,0.16007538253825374,0.0,0.0022827041264266,0.4186147186147186
2021-10-07 03:30:00+00:00,0.1603097809780977,0.0,0.0022827041264266,0.4251082251082251
2021-10-07 03:45:00+00:00,0.1605441794179417,0.0,0.0022827041264266,0.4316017316017316
2021-10-07 04:00:00+00:00,0.1607785778577857,0.0,0.0022827041264266,0.4380952380952381
2021-10-07 04:15:00+00:00,0.1612848784878487,0.0,0.0024143985952589002,0.43961038961038956
2021-10-07 04:30:00+00:00,0.1617911791179117,0.0,0.0025460930640912,0.4411255411255411
2021-10-07 04:45:00+00:00,0.16229747974797476,0.0,0.00267778753292355,0.4426406926406926
2021-10-07 05:00:00+00:00,0.1628037803780378,0.0,0.0028094820017559,0.4441558441558441
2021-10-07 05:15:00+00:00,0.16013163816381637,0.0,0.0087357330992098,0.4495670995670995
2021-10-07 05:30:00+00:00,0.1574594959495949,0.0,0.0146619841966637,0.4549783549783549
2021-10-07 05:45:00+00:00,0.1547873537353735,0.0,0.0205882352941176,0.46038961038961035
2021-10-07 06:00:00+00:00,0.1521152115211521,0.0,0.0265144863915715,0.4658008658008658
2021-10-07 06:15:00+00:00,0.1468740624062406,0.0,0.0853160667251975,0.46774891774891775
2021-10-07 06:30:00+00:00,0.1416329132913291,0.0,0.1441176470588235,0.4696969696969696
2021-10-07 06:45:00+00:00,0.1363917641764176,0.0,0.2029192273924495,0.47164502164502153
2021-10-07 07:00:00+00:00,0.1311506150615061,0.0,0.2617208077260755,0.4735930735930735
2021-10-07 07:15:00+00:00,0.12741899189918984,0.0,0.33777436347673395,0.4764069264069263
2021-10-07 07:30:00+00:00,0.1236873687368736,0.0,0.4138279192273925,0.4792207792207791
2021-10-07 07:45:00+00:00,0.1199557455745574,0.0,0.48988147497805096,0.4820346320346319
2021-10-07 08:00:00+00:00,0.1162241224122412,0.0,0.5659350307287094,0.4848484848484848
2021-10-07 08:15:00+00:00,0.11632725772577254,0.0,0.6107111501316945,0.4735930735930735
2021-10-07 08:30:00+00:00,0.1164303930393039,0.0,0.6554872695346796,0.4623376623376622
2021-10-07 08:45:00+00:00,0.11653352835283526,0.0,0.7002633889376646,0.451082251082251
2021-10-07 09:00:00+00:00,0.1166366636663666,0.0,0.7450395083406497,0.4398268398268398
2021-10-07 09:15:00+00:00,0.11885876087608754,0.0,0.7593942054433713,0.4348484848484848
2021-10-07 09:30:00+00:00,0.1210808580858085,0.0,0.7737489025460931,0.4298701298701298
2021-10-07 09:45:00+00:00,0.12330295529552951,0.0,0.7881035996488147,0.4248917748917749
2021-10-07 10:00:00+00:00,0.1255250525052505,0.0,0.8024582967515365,0.4199134199134199
2021-10-07 10:15:00+00:00,0.1248312331233123,0.0,0.8088674275680422,0.42077922077922075
2021-10-07 10:30:00+00:00,0.1241374137413741,0.0,0.8152765583845479,0.4216450216450216
2021-10-07 10:45:00+00:00,0.1234435943594359,0.0,0.8216856892010536,0.42251082251082245
2021-10-07 11:00:00+00:00,0.1227497749774977,0.0,0.8280948200175593,0.4233766233766233
2021-10-07 11:15:00+00:00,0.12308730873087305,0.0,0.8348770851624232,0.4218614718614718
2021-10-07 11:30:00+00:00,0.1234248424842484,0.0,0.8416593503072871,0.4203463203463203
2021-10-07 11:45:00+00:00,0.12376237623762375,0.0,0.848441615452151,0.4188311688311688
2021-10-07 12:00:00+00:00,0.1240999099909991,0.0,0.8552238805970149,0.4173160173160173
2021-10-07 12:15:00+00:00,0.12510313531353134,0.0,0.8578797190517998,0.42012987012987013
2021-10-07 12:30:00+00:00,0.1261063606360636,0.0,0.8605355575065847,0.4229437229437229
2021-10-07 12:45:00+00:00,0.12710958595859584,0.0,0.8631913959613696,0.42575757575757567
2021-10-07 13:00:00+00:00,0.1281128112811281,0.0,0.8658472344161545,0.4285714285714285
2021-10-07 13:15:00+00:00,0.12813156315631558,0.0,0.8638718173836699,0.42748917748917736
2021-10-07 13:30:00+00:00,0.1281503150315031,0.0,0.8618964003511853,0.4264069264069263
2021-10-07 13:45:00+00:00,0.1281690669066906,0.0,0.8599209833187007,0.4253246753246752
2021-10-07 14:00:00+00:00,0.1281878187818781,0.0,0.857945566286216,0.4242424242424242
2021-10-07 14:15:00+00:00,0.12995049504950484,0.0,0.8365671641791045,0.4322510822510822
2021-10-07 14:30:00+00:00,0.1317131713171316,0.0,0.815188762071993,0.4402597402597402
2021-10-07 14:45:00+00:00,0.1334758475847584,0.0,0.7938103599648815,0.44826839826839826
2021-10-07 15:00:00+00:00,0.1352385238523852,0.0,0.77243195785777,0.4562770562770563
2021-10-07 15:15:00+00:00,0.13783565856585656,0.0,0.7023924495171203,0.4679653679653679
2021-10-07 15:30:00+00:00,0.1404327932793279,0.0,0.6323529411764706,0.4796536796536796
2021-10-07 15:45:00+00:00,0.14302992799279923,0.0,0.5623134328358209,0.4913419913419913
2021-10-07 16:00:00+00:00,0.1456270627062706,0.0,0.4922739244951712,0.503030303030303
2021-10-07 16:15:00+00:00,0.14810231023102305,0.0,0.4016461808604038,0.5088744588744589
2021-10-07 16:30:00+00:00,0.1505775577557755,0.0,0.3110184372256365,0.5147186147186147
2021-10-07 16:45:00+00:00,0.153052805280528,0.0,0.22039069359086916,0.5205627705627706
2021-10-07 17:00:00+00:00,0.1555280528052805,0.0,0.1297629499561018,0.5264069264069264
2021-10-07 17:15:00+00:00,0.16209120912091207,0.0,0.10796751536435464,0.5346320346320347
2021-10-07 17:30:00+00:00,0.1686543654365436,0.0,0.0861720807726075,0.5428571428571429
2021-10-07 17:45:00+00:00,0.1752175217521752,0.0,0.06437664618086035,0.5510822510822511
2021-10-07 18:00:00+00:00,0.1817806780678068,0.0,0.0425812115891132,0.5593073593073593
2021-10-07 18:15:00+00:00,0.18824069906990698,0.0,0.0410008779631255,0.55995670995671
2021-10-07 18:30:00+00:00,0.1947007200720072,0.0,0.0394205443371378,0.5606060606060606
2021-10-07 18:45:00+00:00,0.20116074107410742,0.0,0.037840210711150096,0.5612554112554112
2021-10-07 19:00:00+00:00,0.2076207620762076,0.0,0.0362598770851624,0.5619047619047619
2021-10-07 19:15:00+00:00,0.21037728772877284,0.0,0.0357989464442493,0.5558441558441558
2021-10-07 19:30:00+00:00,0.2131338133813381,0.0,0.0353380158033362,0.5497835497835497
2021-10-07 19:45:00+00:00,0.21589033903390337,0.0,0.0348770851624231,0.5437229437229436
2021-10-07 20:00:00+00:00,0.2186468646864686,0.0,0.03441615452151,0.5376623376623376
2021-10-07 20:15:00+00:00,0.2156465646564656,0.0,0.03327480245829665,0.5354978354978355
2021-10-07 20:30:00+00:00,0.2126462646264626,0.0,0.0321334503950833,0.5333333333333333
2021-10-07 20:45:00+00:00,0.20964596459645962,0.0,0.03099209833187,0.5311688311688312
2021-10-07 21:00:00+00:00,0.2066456645664566,0.0,0.0298507462686567,0.529004329004329
2021-10-07 21:15:00+00:00,0.20610186018601856,0.0,0.0281826163301141,0.5008658008658009
2021-10-07 21:30:00+00:00,0.2055580558055805,0.0,0.0265144863915715,0.4727272727272727
2021-10-07 21:45:00+00:00,0.20501425142514246,0.0,0.0248463564530289,0.4445887445887446
2021-10-07 22:00:00+00:00,0.2044704470447044,0.0,0.0231782265144863,0.4164502164502164
2021-10-07 22:15:00+00:00,0.20369224422442234,0.0,0.0217515364354696,0.41406926406926403
2021-10-07 22:30:00+00:00,0.2029140414041403,0.0,0.0203248463564529,0.4116883116883116
2021-10-07 22:45:00+00:00,0.2021358385838583,0.0,0.01889815627743625,0.4093073593073593
2021-10-07 23:00:00+00:00,0.2013576357635763,0.0,0.0174714661984196,0.4069264069264069
2021-10-07 23:15:00+00:00,0.19906990699069899,0.0,0.01512291483757675,0.40389610389610386
2021-10-07 23:30:00+00:00,0.1967821782178217,0.0,0.0127743634767339,0.4008658008658008
2021-10-07 23:45:00+00:00,0.19449444944494446,0.0,0.01042581211589105,0.3978354978354978
2021-10-08 00:00:00+00:00,0.1922067206720672,0.0,0.0080772607550482,0.3948051948051948
2021-10-08 00:15:00+00:00,0.19031278127812779,0.0,0.00801141352063205,0.3926406926406926
2021-10-08 00:30:00+00:00,0.1884188418841884,0.0,0.0079455662862159,0.3904761904761904
2021-10-08 00:45:00+00:00,0.186524902490249,0.0,0.007879719051799749,0.3883116883116883
2021-10-08 01:00:00+00:00,0.1846309630963096,0.0,0.0078138718173836,0.3861471861471861
2021-10-08 01:15:00+00:00,0.181536903690369,0.0,0.007440737489025399,0.3844155844155843
2021-10-08 01:30:00+00:00,0.1784428442844284,0.0,0.0070676031606672,0.3826839826839826
2021-10-08 01:45:00+00:00,0.1753487848784878,0.0,0.006694468832309,0.38095238095238093
2021-10-08 02:00:00+00:00,0.1722547254725472,0.0,0.0063213345039508,0.3792207792207792
2021-10-08 02:15:00+00:00,0.1711952445244524,0.0,0.0061018437225636,0.38030303030303025
2021-10-08 02:30:00+00:00,0.1701357635763576,0.0,0.0058823529411764,0.3813852813852813
2021-10-08 02:45:00+00:00,0.1690762826282628,0.0,0.005662862159789251,0.3824675324675324
2021-10-08 03:00:00+00:00,0.168016801680168,0.0,0.0054433713784021,0.3835497835497835
2021-10-08 03:15:00+00:00,0.1682699519951995,0.0,0.0051141352063213,0.38917748917748907
2021-10-08 03:30:00+00:00,0.168523102310231,0.0,0.0047848990342405,0.3948051948051947
2021-10-08 03:45:00+00:00,0.1687762526252625,0.0,0.00445566286215975,0.40043290043290036
2021-10-08 04:00:00+00:00,0.169029402940294,0.0,0.004126426690079,0.406060606060606
2021-10-08 04:15:00+00:00,0.16904815481548152,0.0,0.0037971905179981997,0.4103896103896103
2021-10-08 04:30:00+00:00,0.169066906690669,0.0,0.0034679543459174,0.4147186147186146
2021-10-08 04:45:00+00:00,0.16908565856585656,0.0,0.00313871817383665,0.41904761904761895
2021-10-08 05:00:00+00:00,0.1691044104410441,0.0,0.0028094820017559,0.4233766233766233
2021-10-08 05:15:00+00:00,0.16856998199819978,0.0,0.0086040386303775,0.42770562770562764
2021-10-08 05:30:00+00:00,0.1680355535553555,0.0,0.0143985952589991,0.432034632034632
2021-10-08 05:45:00+00:00,0.1675011251125112,0.0,0.0201931518876207,0.43636363636363634
2021-10-08 06:00:00+00:00,0.1669666966696669,0.0,0.0259877085162423,0.4406926406926407
2021-10-08 06:15:00+00:00,0.16375075007500745,0.0,0.08830114135206321,0.43874458874458877
2021-10-08 06:30:00+00:00,0.160534803480348,0.0,0.1506145741878841,0.4367965367965368
2021-10-08 06:45:00+00:00,0.15731885688568856,0.0,0.212928007023705,0.4348484848484848
2021-10-08 07:00:00+00:00,0.1541029102910291,0.0,0.2752414398595259,0.4329004329004329
2021-10-08 07:15:00+00:00,0.1504931743174317,0.0,0.3616330114135206,0.4313852813852813
2021-10-08 07:30:00+00:00,0.1468834383438343,0.0,0.4480245829675153,0.4298701298701298
2021-10-08 07:45:00+00:00,0.14327370237023695,0.0,0.53441615452151,0.42835497835497827
2021-10-08 08:00:00+00:00,0.1396639663966396,0.0,0.6208077260755048,0.4268398268398268
2021-10-08 08:15:00+00:00,0.13766689168916885,0.0,0.6705882352941177,0.4216450216450216
2021-10-08 08:30:00+00:00,0.1356698169816981,0.0,0.7203687445127305,0.4164502164502164
2021-10-08 08:45:00+00:00,0.13367274227422737,0.0,0.7701492537313432,0.4112554112554112
2021-10-08 09:00:00+00:00,0.1316756675667566,0.0,0.8199297629499561,0.406060606060606
2021-10-08 09:15:00+00:00,0.1280565556555655,0.0,0.834811237928007,0.4034632034632034
2021-10-08 09:30:00+00:00,0.1244374437443744,0.0,0.849692712906058,0.4008658008658008
2021-10-08 09:45:00+00:00,0.1208183318331833,0.0,0.8645741878841089,0.3982683982683982
2021-10-08 10:00:00+00:00,0.1171992199219922,0.0,0.8794556628621598,0.3956709956709957
2021-10-08 10:15:00+00:00,0.11122674767476745,0.0,0.8836259877085162,0.3948051948051948
2021-10-08 10:30:00+00:00,0.1052542754275427,0.0,0.8877963125548727,0.3939393939393939
2021-10-08 10:45:00+00:00,0.09928180318031801,0.0,0.8919666374012292,0.3930735930735931
2021-10-08 11:00:00+00:00,0.0933093309330933,0.0,0.8961369622475857,0.3922077922077922
2021-10-08 11:15:00+00:00,0.0908340834083408,0.0,0.8962028094820018,0.3891774891774892
2021-10-08 11:30:00+00:00,0.0883588358835883,0.0,0.896268656716418,0.3861471861471861
2021-10-08 11:45:00+00:00,0.08588358835883585,0.0,0.8963345039508341,0.3831168831168831
2021-10-08 12:00:00+00:00,0.0834083408340834,0.0,0.8964003511852502,0.3800865800865801
2021-10-08 12:15:00+00:00,0.0836521152115211,0.0,0.8948858647936786,0.38354978354978353
2021-10-08 12:30:00+00:00,0.0838958895889588,0.0,0.8933713784021071,0.387012987012987
2021-10-08 12:45:00+00:00,0.08413966396639655,0.0,0.8918568920105356,0.3904761904761904
2021-10-08 13:00:00+00:00,0.0843834383438343,0.0,0.890342405618964,0.3939393939393939
2021-10-08 13:15:00+00:00,0.08503975397539745,0.0,0.8811018437225637,0.3939393939393939
2021-10-08 13:30:00+00:00,0.0856960696069606,0.0,0.8718612818261633,0.3939393939393939
2021-10-08 13:45:00+00:00,0.0863523852385238,0.0,0.862620719929763,0.3939393939393939
2021-10-08 14:00:00+00:00,0.087008700870087,0.0,0.8533801580333626,0.3939393939393939
2021-10-08 14:15:00+00:00,0.0883682118211821,0.0,0.8311676909569798,0.40367965367965364
2021-10-08 14:30:00+00:00,0.0897277227722772,0.0,0.808955223880597,0.4134199134199134
2021-10-08 14:45:00+00:00,0.0910872337233723,0.0,0.7867427568042142,0.4231601731601732
2021-10-08 15:00:00+00:00,0.0924467446744674,0.0,0.7645302897278314,0.4329004329004329
2021-10-08 15:15:00+00:00,0.0929342934293429,0.0,0.6938542581211589,0.4443722943722943
2021-10-08 15:30:00+00:00,0.0934218421842184,0.0,0.6231782265144864,0.4558441558441558
2021-10-08 15:45:00+00:00,0.0939093909390939,0.0,0.5525021949078138,0.46731601731601724
2021-10-08 16:00:00+00:00,0.0943969396939694,0.0,0.4818261633011413,0.4787878787878787
2021-10-08 16:15:00+00:00,0.095268901890189,0.0,0.39578577699736606,0.4857142857142856
2021-10-08 16:30:00+00:00,0.0961408640864086,0.0,0.3097453906935908,0.4926406926406925
2021-10-08 16:45:00+00:00,0.0970128262826282,0.0,0.22370500438981555,0.4995670995670995
2021-10-08 17:00:00+00:00,0.0978847884788478,0.0,0.1376646180860403,0.5064935064935064
2021-10-08 17:15:00+00:00,0.10206645664566444,0.0,0.11707638279192265,0.5129870129870129
2021-10-08 17:30:00+00:00,0.1062481248124811,0.0,0.096488147497805,0.5194805194805194
2021-10-08 17:45:00+00:00,0.11042979297929785,0.0,0.0758999122036874,0.5259740259740259
2021-10-08 18:00:00+00:00,0.1146114611461146,0.0,0.0553116769095698,0.5324675324675324
2021-10-08 18:15:00+00:00,0.12024639963996395,0.0,0.053928884986830544,0.5326839826839826
2021-10-08 18:30:00+00:00,0.1258813381338133,0.0,0.0525460930640913,0.5329004329004329
2021-10-08 18:45:00+00:00,0.1315162766276627,0.0,0.05116330114135205,0.5331168831168831
2021-10-08 19:00:00+00:00,0.1371512151215121,0.0,0.0497805092186128,0.5333333333333333
2021-10-08 19:15:00+00:00,0.1399921242124212,0.0,0.0496927129060579,0.5292207792207793
2021-10-08 19:30:00+00:00,0.1428330333033303,0.0,0.049604916593503,0.5251082251082251
2021-10-08 19:45:00+00:00,0.14567394239423942,0.0,0.04951712028094815,0.5209956709956709
2021-10-08 20:00:00+00:00,0.1485148514851485,0.0,0.0494293239683933,0.5168831168831168
2021-10-08 20:15:00+00:00,0.14988373837383734,0.0,0.048463564530289646,0.508008658008658
2021-10-08 20:30:00+00:00,0.1512526252625262,0.0,0.047497805092186,0.4991341991341991
2021-10-08 20:45:00+00:00,0.1526215121512151,0.0,0.04653204565408245,0.4902597402597402
2021-10-08 21:00:00+00:00,0.153990399039904,0.0,0.0455662862159789,0.4813852813852813
2021-10-08 21:15:00+00:00,0.153015301530153,0.0,0.0437884108867427,0.46991341991341984
2021-10-08 21:30:00+00:00,0.152040204020402,0.0,0.0420105355575065,0.4584415584415584
2021-10-08 21:45:00+00:00,0.151065106510651,0.0,0.04023266022827035,0.44696969696969696
2021-10-08 22:00:00+00:00,0.1500900090009,0.0,0.0384547848990342,0.4354978354978355
2021-10-08 22:15:00+00:00,0.1488148814881487,0.0,0.0343942054433713,0.43376623376623374
2021-10-08 22:30:00+00:00,0.1475397539753974,0.0,0.0303336259877084,0.432034632034632
2021-10-08 22:45:00+00:00,0.1462646264626462,0.0,0.026273046532045548,0.43030303030303024
2021-10-08 23:00:00+00:00,0.144989498949895,0.0,0.0222124670763827,0.4285714285714285
2021-10-08 23:15:00+00:00,0.1436487398739874,0.0,0.0210491659350306,0.427056277056277
2021-10-08 23:30:00+00:00,0.1423079807980798,0.0,0.0198858647936785,0.4255411255411255
2021-10-08 23:45:00+00:00,0.1409672217221722,0.0,0.018722563652326503,0.424025974025974
2021-10-09 00:00:00+00:00,0.1396264626462646,0.0,0.0175592625109745,0.4225108225108225
2021-10-09 00:15:00+00:00,0.13848259825982595,0.0,0.017537313432835752,0.4209956709956709
2021-10-09 00:30:00+00:00,0.1373387338733873,0.0,0.017515364354697,0.4194805194805194
2021-10-09 00:45:00+00:00,0.13619486948694864,0.0,0.017493415276558302,0.4179653679653679
2021-10-09 01:00:00+00:00,0.13505100510051,0.0,0.0174714661984196,0.4164502164502164
2021-10-09 01:15:00+00:00,0.13423529852985294,0.0,0.0173836698858647,0.41428571428571426
2021-10-09 01:30:00+00:00,0.1334195919591959,0.0,0.0172958735733098,0.4121212121212121
2021-10-09 01:45:00+00:00,0.13260388538853884,0.0,0.017208077260754948,0.40995670995670996
2021-10-09 02:00:00+00:00,0.1317881788178818,0.0,0.0171202809482001,0.4077922077922078
2021-10-09 02:15:00+00:00,0.13088808880888086,0.0,0.0165276558384547,0.4064935064935065
2021-10-09 02:30:00+00:00,0.1299879987998799,0.0,0.0159350307287093,0.4051948051948052
2021-10-09 02:45:00+00:00,0.129087908790879,0.0,0.01534240561896395,0.4038961038961039
2021-10-09 03:00:00+00:00,0.1281878187818781,0.0,0.0147497805092186,0.4025974025974026
2021-10-09 03:15:00+00:00,0.1286753675367536,0.0,0.0147497805092186,0.40346320346320347
2021-10-09 03:30:00+00:00,0.1291629162916291,0.0,0.0147497805092186,0.4043290043290043
2021-10-09 03:45:00+00:00,0.1296504650465046,0.0,0.0147497805092186,0.40519480519480516
2021-10-09 04:00:00+00:00,0.1301380138013801,0.0,0.0147497805092186,0.406060606060606
2021-10-09 04:15:00+00:00,0.13177880288028798,0.0,0.014793678665496,0.4097402597402596
2021-10-09 04:30:00+00:00,0.1334195919591959,0.0,0.0148375768217734,0.4134199134199133
2021-10-09 04:45:00+00:00,0.13506038103810378,0.0,0.01488147497805085,0.417099567099567
2021-10-09 05:00:00+00:00,0.1367011701170117,0.0,0.0149253731343283,0.4207792207792207
2021-10-09 05:15:00+00:00,0.1388857635763576,0.0,0.020676031606672453,0.427056277056277
2021-10-09 05:30:00+00:00,0.1410703570357035,0.0,0.0264266900790166,0.4333333333333333
2021-10-09 05:45:00+00:00,0.14325495049504944,0.0,0.0321773485513608,0.43961038961038956
2021-10-09 06:00:00+00:00,0.1454395439543954,0.0,0.037928007023705,0.4458874458874459
2021-10-09 06:15:00+00:00,0.1450363786378637,0.0,0.09611501316944684,0.4463203463203463
2021-10-09 06:30:00+00:00,0.144633213321332,0.0,0.1543020193151887,0.4467532467532467
2021-10-09 06:45:00+00:00,0.1442300480048004,0.0,0.21248902546093057,0.44718614718614713
2021-10-09 07:00:00+00:00,0.1438268826882688,0.0,0.2706760316066725,0.4476190476190476
2021-10-09 07:15:00+00:00,0.14151102610261018,0.0,0.34010096575943805,0.44307359307359306
2021-10-09 07:30:00+00:00,0.1391951695169516,0.0,0.4095258999122037,0.4385281385281385
2021-10-09 07:45:00+00:00,0.13687931293129305,0.0,0.47895083406496924,0.4339826839826839
2021-10-09 08:00:00+00:00,0.1345634563456345,0.0,0.5483757682177348,0.4294372294372294
2021-10-09 08:15:00+00:00,0.13375712571257115,0.0,0.5945785776997365,0.4268398268398268
2021-10-09 08:30:00+00:00,0.1329507950795078,0.0,0.6407813871817383,0.4242424242424242
2021-10-09 08:45:00+00:00,0.13214446444644457,0.0,0.68698419666374,0.4216450216450216
2021-10-09 09:00:00+00:00,0.1313381338133813,0.0,0.7331870061457418,0.419047619047619
2021-10-09 09:15:00+00:00,0.13074744974497443,0.0,0.7548507462686567,0.4194805194805194
2021-10-09 09:30:00+00:00,0.1301567656765676,0.0,0.7765144863915716,0.4199134199134198
2021-10-09 09:45:00+00:00,0.12956608160816074,0.0,0.7981782265144864,0.42034632034632025
2021-10-09 10:00:00+00:00,0.1289753975397539,0.0,0.8198419666374013,0.4207792207792207
2021-10-09 10:15:00+00:00,0.12877850285028491,0.0,0.8226294995610185,0.41969696969696957
2021-10-09 10:30:00+00:00,0.1285816081608159,0.0,0.8254170324846357,0.4186147186147185
2021-10-09 10:45:00+00:00,0.128384713471347,0.0,0.8282045654082528,0.4175324675324674
2021-10-09 11:00:00+00:00,0.1281878187818781,0.0,0.83099209833187,0.4164502164502164
2021-10-09 11:15:00+00:00,0.13045679567956786,0.0,0.8298726953467954,0.4164502164502164
2021-10-09 11:30:00+00:00,0.1327257725772576,0.0,0.8287532923617208,0.4164502164502164
2021-10-09 11:45:00+00:00,0.13499474947494738,0.0,0.8276338893766462,0.4164502164502164
2021-10-09 12:00:00+00:00,0.1372637263726372,0.0,0.8265144863915715,0.4164502164502164
2021-10-09 12:15:00+00:00,0.1415766576657665,0.0,0.8233757682177348,0.4138528138528138
2021-10-09 12:30:00+00:00,0.1458895889588958,0.0,0.8202370500438981,0.4112554112554112
2021-10-09 12:45:00+00:00,0.15020252025202516,0.0,0.8170983318700614,0.4086580086580086
2021-10-09 13:00:00+00:00,0.1545154515451545,0.0,0.8139596136962247,0.406060606060606
2021-10-09 13:15:00+00:00,0.16001912691269127,0.0,0.8041483757682177,0.406060606060606
2021-10-09 13:30:00+00:00,0.165522802280228,0.0,0.7943371378402106,0.406060606060606
2021-10-09 13:45:00+00:00,0.17102647764776474,0.0,0.7845258999122037,0.406060606060606
2021-10-09 14:00:00+00:00,0.1765301530153015,0.0,0.7747146619841967,0.406060606060606
2021-10-09 14:15:00+00:00,0.18374024902490244,0.0,0.7406716417910448,0.40692640692640686
2021-10-09 14:30:00+00:00,0.1909503450345034,0.0,0.706628621597893,0.4077922077922077
2021-10-09 14:45:00+00:00,0.19816044104410435,0.0,0.6725856014047411,0.4086580086580086
2021-10-09 15:00:00+00:00,0.2053705370537053,0.0,0.6385425812115891,0.4095238095238095
2021-10-09 15:15:00+00:00,0.21431518151815176,0.0,0.5651448639157155,0.4101731601731602
2021-10-09 15:30:00+00:00,0.2232598259825982,0.0,0.491747146619842,0.4108225108225108
2021-10-09 15:45:00+00:00,0.23220447044704465,0.0,0.4183494293239684,0.41147186147186143
2021-10-09 16:00:00+00:00,0.2411491149114911,0.0,0.3449517120280948,0.4121212121212121
2021-10-09 16:15:00+00:00,0.2500281278127813,0.0,0.27824846356453026,0.4177489177489177
2021-10-09 16:30:00+00:00,0.2589071407140714,0.0,0.2115452151009657,0.4233766233766233
2021-10-09 16:45:00+00:00,0.2677861536153615,0.0,0.1448419666374012,0.42900432900432894
2021-10-09 17:00:00+00:00,0.2766651665166517,0.0,0.0781387181738367,0.4346320346320346
2021-10-09 17:15:00+00:00,0.286509900990099,0.0,0.06582528533801581,0.4402597402597402
2021-10-09 17:30:00+00:00,0.2963546354635463,0.0,0.0535118525021949,0.4458874458874458
2021-10-09 17:45:00+00:00,0.30619936993699365,0.0,0.041198419666374,0.4515151515151514
2021-10-09 18:00:00+00:00,0.316044104410441,0.0,0.0288849868305531,0.4571428571428571
2021-10-09 18:15:00+00:00,0.32271977197719764,0.0,0.02802897278314305,0.45519480519480515
2021-10-09 18:30:00+00:00,0.3293954395439543,0.0,0.027172958735733,0.4532467532467532
2021-10-09 18:45:00+00:00,0.336071107110711,0.0,0.026316944688322998,0.4512987012987012
2021-10-09 19:00:00+00:00,0.3427467746774677,0.0,0.025460930640913,0.4493506493506493
2021-10-09 19:15:00+00:00,0.34797854785478544,0.0,0.02372695346795425,0.44826839826839815
2021-10-09 19:30:00+00:00,0.3532103210321032,0.0,0.0219929762949955,0.4471861471861471
2021-10-09 19:45:00+00:00,0.35844209420942097,0.0,0.0202589991220368,0.446103896103896
2021-10-09 20:00:00+00:00,0.3636738673867387,0.0,0.0185250219490781,0.445021645021645
2021-10-09 20:15:00+00:00,0.36619599459945995,0.0,0.01676909569798065,0.4409090909090908
2021-10-09 20:30:00+00:00,0.3687181218121812,0.0,0.0150131694468832,0.4367965367965367
2021-10-09 20:45:00+00:00,0.3712402490249025,0.0,0.01325724319578575,0.43268398268398256
2021-10-09 21:00:00+00:00,0.3737623762376237,0.0,0.0115013169446883,0.4285714285714285
2021-10-09 21:15:00+00:00,0.37273102310231015,0.0,0.0113915715539947,0.4177489177489177
2021-10-09 21:30:00+00:00,0.3716996699669966,0.0,0.0112818261633011,0.4069264069264069
2021-10-09 21:45:00+00:00,0.3706683168316831,0.0,0.0111720807726075,0.39610389610389607
2021-10-09 22:00:00+00:00,0.3696369636963696,0.0,0.0110623353819139,0.3852813852813853
2021-10-09 22:15:00+00:00,0.36837121212121204,0.0,0.0110623353819139,0.38116883116883116
2021-10-09 22:30:00+00:00,0.3671054605460545,0.0,0.0110623353819139,0.377056277056277
2021-10-09 22:45:00+00:00,0.365839708970897,0.0,0.0110623353819139,0.3729437229437229
2021-10-09 23:00:00+00:00,0.3645739573957395,0.0,0.0110623353819139,0.3688311688311688
2021-10-09 23:15:00+00:00,0.3623893639363936,0.0,0.010886742756804148,0.36731601731601726
2021-10-09 23:30:00+00:00,0.3602047704770477,0.0,0.0107111501316944,0.3658008658008657
2021-10-09 23:45:00+00:00,0.3580201770177017,0.0,0.01053555750658465,0.3642857142857142
2021-10-10 00:00:00+00:00,0.3558355835583558,0.0,0.0103599648814749,0.3627705627705627
2021-10-10 00:15:00+00:00,0.35567619261926187,0.0,0.0085820895522387,0.3608225108225107
2021-10-10 00:30:00+00:00,0.3555168016801679,0.0,0.0068042142230025,0.3588744588744588
2021-10-10 00:45:00+00:00,0.3553574107410741,0.0,0.00502633889376635,0.35692640692640687
2021-10-10 01:00:00+00:00,0.3551980198019802,0.0,0.0032484635645302,0.354978354978355
2021-10-10 01:15:00+00:00,0.35329470447044703,0.0,0.0027875329236171,0.3541125541125541
2021-10-10 01:30:00+00:00,0.3513913891389139,0.0,0.002326602282704,0.3532467532467532
2021-10-10 01:45:00+00:00,0.34948807380738073,0.0,0.00186567164179095,0.35238095238095235
2021-10-10 02:00:00+00:00,0.3475847584758476,0.0,0.0014047410008779,0.3515151515151515
2021-10-10 02:15:00+00:00,0.3450813831383138,0.0,0.0014047410008779,0.35108225108225105
2021-10-10 02:30:00+00:00,0.34257800780078,0.0,0.0014047410008779,0.3506493506493506
2021-10-10 02:45:00+00:00,0.34007463246324626,0.0,0.0014047410008779,0.3502164502164502
2021-10-10 03:00:00+00:00,0.3375712571257125,0.0,0.0014047410008779,0.3497835497835498
2021-10-10 03:15:00+00:00,0.3373462346234623,0.0,0.0014047410008779,0.3502164502164502
2021-10-10 03:30:00+00:00,0.3371212121212121,0.0,0.0014047410008779,0.3506493506493506
2021-10-10 03:45:00+00:00,0.3368961896189619,0.0,0.0014047410008779,0.35108225108225105
2021-10-10 04:00:00+00:00,0.3366711671167117,0.0,0.0014047410008779,0.3515151515151515
2021-10-10 04:15:00+00:00,0.334983498349835,0.0,0.00149253731343275,0.3584415584415584
2021-10-10 04:30:00+00:00,0.3332958295829583,0.0,0.0015803336259876,0.3653679653679653
2021-10-10 04:45:00+00:00,0.3316081608160816,0.0,0.0016681299385425,0.37229437229437223
2021-10-10 05:00:00+00:00,0.3299204920492049,0.0,0.0017559262510974,0.3792207792207792
2021-10-10 05:15:00+00:00,0.3281015601560156,0.0,0.0061676909569797,0.3831168831168831
2021-10-10 05:30:00+00:00,0.3262826282628263,0.0,0.010579455662862,0.387012987012987
2021-10-10 05:45:00+00:00,0.32446369636963696,0.0,0.0149912203687444,0.3909090909090909
2021-10-10 06:00:00+00:00,0.3226447644764476,0.0,0.0194029850746268,0.3948051948051948
2021-10-10 06:15:00+00:00,0.31873499849984993,0.0,0.0726514486391571,0.40086580086580087
2021-10-10 06:30:00+00:00,0.3148252325232523,0.0,0.1258999122036874,0.4069264069264069
2021-10-10 06:45:00+00:00,0.31091546654665464,0.0,0.17914837576821768,0.41298701298701296
2021-10-10 07:00:00+00:00,0.307005700570057,0.0,0.232396839332748,0.419047619047619
2021-10-10 07:15:00+00:00,0.3041647914791479,0.0,0.3054433713784021,0.41233766233766234
2021-10-10 07:30:00+00:00,0.3013238823882388,0.0,0.3784899034240562,0.4056277056277056
2021-10-10 07:45:00+00:00,0.2984829732973297,0.0,0.4515364354697103,0.3989177489177489
2021-10-10 08:00:00+00:00,0.2956420642064206,0.0,0.5245829675153644,0.3922077922077922
2021-10-10 08:15:00+00:00,0.2885163516351635,0.0,0.5803336259877085,0.38636363636363635
2021-10-10 08:30:00+00:00,0.2813906390639064,0.0,0.6360842844600526,0.3805194805194805
2021-10-10 08:45:00+00:00,0.2742649264926492,0.0,0.6918349429323968,0.3746753246753246
2021-10-10 09:00:00+00:00,0.2671392139213921,0.0,0.747585601404741,0.3688311688311688
2021-10-10 09:15:00+00:00,0.26145739573957394,0.0,0.7596356453028972,0.3668831168831168
2021-10-10 09:30:00+00:00,0.2557755775577557,0.0,0.7716856892010535,0.3649350649350649
2021-10-10 09:45:00+00:00,0.2500937593759376,0.0,0.7837357330992099,0.36298701298701297
2021-10-10 10:00:00+00:00,0.2444119411941194,0.0,0.7957857769973661,0.361038961038961
2021-10-10 10:15:00+00:00,0.23924579957995795,0.0,0.7995390693590869,0.35887445887445885
2021-10-10 10:30:00+00:00,0.2340796579657965,0.0,0.8032923617208076,0.3567099567099567
2021-10-10 10:45:00+00:00,0.2289135163516351,0.0,0.8070456540825285,0.35454545454545455
2021-10-10 11:00:00+00:00,0.2237473747374737,0.0,0.8107989464442493,0.3523809523809524
2021-10-10 11:15:00+00:00,0.22323169816981692,0.0,0.8135645302897279,0.35
2021-10-10 11:30:00+00:00,0.2227160216021601,0.0,0.8163301141352063,0.3476190476190476
2021-10-10 11:45:00+00:00,0.22220034503450337,0.0,0.8190956979806847,0.34523809523809523
2021-10-10 12:00:00+00:00,0.2216846684668466,0.0,0.8218612818261632,0.3428571428571428
2021-10-10 12:15:00+00:00,0.22095334533453334,0.0,0.8150131694468832,0.3435064935064934
2021-10-10 12:30:00+00:00,0.2202220222022201,0.0,0.8081650570676031,0.3441558441558441
2021-10-10 12:45:00+00:00,0.2194906990699069,0.0,0.801316944688323,0.3448051948051948
2021-10-10 13:00:00+00:00,0.2187593759375937,0.0,0.794468832309043,0.3454545454545454
2021-10-10 13:15:00+00:00,0.21890001500150008,0.0,0.7825943810359964,0.3435064935064934
2021-10-10 13:30:00+00:00,0.2190406540654065,0.0,0.7707199297629499,0.3415584415584415
2021-10-10 13:45:00+00:00,0.2191812931293129,0.0,0.7588454784899035,0.3396103896103896
2021-10-10 14:00:00+00:00,0.2193219321932193,0.0,0.7469710272168569,0.3376623376623376
2021-10-10 14:15:00+00:00,0.22112211221122105,0.0,0.7213564530289729,0.3487012987012986
2021-10-10 14:30:00+00:00,0.2229222922292228,0.0,0.6957418788410887,0.3597402597402597
2021-10-10 14:45:00+00:00,0.22472247224722464,0.0,0.6701273046532046,0.37077922077922076
2021-10-10 15:00:00+00:00,0.2265226522652265,0.0,0.6445127304653204,0.3818181818181818
2021-10-10 15:15:00+00:00,0.2420304530453045,0.0,0.5791044776119403,0.39350649350649347
2021-10-10 15:30:00+00:00,0.2575382538253825,0.0,0.5136962247585601,0.4051948051948051
2021-10-10 15:45:00+00:00,0.2730460546054605,0.0,0.44828797190518,0.4168831168831168
2021-10-10 16:00:00+00:00,0.2885538553855385,0.0,0.3828797190517998,0.4285714285714285
2021-10-10 16:15:00+00:00,0.2940106510651065,0.0,0.3124890254609306,0.42835497835497827
2021-10-10 16:30:00+00:00,0.2994674467446744,0.0,0.2420983318700614,0.4281385281385281
2021-10-10 16:45:00+00:00,0.30492424242424243,0.0,0.17170763827919222,0.4279220779220779
2021-10-10 17:00:00+00:00,0.3103810381038104,0.0,0.101316944688323,0.4277056277056277
2021-10-10 17:15:00+00:00,0.3189600210021002,0.0,0.08641352063213335,0.44870129870129866
2021-10-10 17:30:00+00:00,0.32753900390039,0.0,0.0715100965759437,0.4696969696969696
2021-10-10 17:45:00+00:00,0.3361179867986799,0.0,0.0566066725197541,0.4906926406926406
2021-10-10 18:00:00+00:00,0.3446969696969697,0.0,0.0417032484635645,0.5116883116883116
2021-10-10 18:15:00+00:00,0.34934743474347435,0.0,0.03946444249341525,0.4999999999999999
2021-10-10 18:30:00+00:00,0.353997899789979,0.0,0.037225636523266,0.4883116883116882
2021-10-10 18:45:00+00:00,0.35864836483648366,0.0,0.03498683055311675,0.47662337662337656
2021-10-10 19:00:00+00:00,0.3632988298829883,0.0,0.0327480245829675,0.4649350649350649
2021-10-10 19:15:00+00:00,0.3657928292829282,0.0,0.029982440737489,0.46038961038961035
2021-10-10 19:30:00+00:00,0.3682868286828682,0.0,0.0272168568920105,0.4558441558441558
2021-10-10 19:45:00+00:00,0.3707808280828082,0.0,0.024451273046532003,0.4512987012987012
2021-10-10 20:00:00+00:00,0.3732748274827482,0.0,0.0216856892010535,0.4467532467532467
2021-10-10 20:15:00+00:00,0.37270289528952893,0.0,0.01973222124670755,0.44004329004329
2021-10-10 20:30:00+00:00,0.3721309630963096,0.0,0.0177787532923616,0.4333333333333333
2021-10-10 20:45:00+00:00,0.3715590309030903,0.0,0.0158252853380157,0.42662337662337657
2021-10-10 21:00:00+00:00,0.370987098709871,0.0,0.0138718173836698,0.4199134199134199
2021-10-10 21:15:00+00:00,0.3709308430843084,0.0,0.011874451273046451,0.41147186147186143
2021-10-10 21:30:00+00:00,0.3708745874587458,0.0,0.0098770851624231,0.4030303030303029
2021-10-10 21:45:00+00:00,0.37081833183318325,0.0,0.00787971905179975,0.3945887445887445
2021-10-10 22:00:00+00:00,0.3707620762076207,0.0,0.0058823529411764,0.3861471861471861
2021-10-10 22:15:00+00:00,0.36186431143114306,0.0,0.00500438981562765,0.37857142857142845
2021-10-10 22:30:00+00:00,0.3529665466546654,0.0,0.0041264266900789,0.3709956709956709
2021-10-10 22:45:00+00:00,0.3440687818781878,0.0,0.0032484635645302,0.3634199134199133
2021-10-10 23:00:00+00:00,0.3351710171017101,0.0,0.0023705004389815,0.3558441558441558
2021-10-10 23:15:00+00:00,0.33224572457245716,0.0,0.0023705004389815,0.35281385281385275
2021-10-10 23:30:00+00:00,0.3293204320432042,0.0,0.0023705004389815,0.3497835497835497
2021-10-10 23:45:00+00:00,0.3263951395139514,0.0,0.0023705004389815,0.3467532467532467
2021-10-11 00:00:00+00:00,0.3234698469846985,0.0,0.0023705004389815,0.3437229437229437
2021-10-11 00:15:00+00:00,0.3210039753975398,0.0,0.0023705004389815,0.34177489177489173
2021-10-11 00:30:00+00:00,0.318538103810381,0.0,0.0023705004389815,0.3398268398268398
2021-10-11 00:45:00+00:00,0.31607223222322234,0.0,0.0023705004389815,0.3378787878787879
2021-10-11 01:00:00+00:00,0.3136063606360636,0.0,0.0023705004389815,0.3359307359307359
2021-10-11 01:15:00+00:00,0.3110092259225923,0.0,0.0023705004389815,0.3363636363636363
2021-10-11 01:30:00+00:00,0.3084120912091209,0.0,0.0023705004389815,0.3367965367965367
2021-10-11 01:45:00+00:00,0.30581495649564955,0.0,0.0023705004389815,0.33722943722943716
2021-10-11 02:00:00+00:00,0.3032178217821782,0.0,0.0023705004389815,0.3376623376623376
2021-10-11 02:15:00+00:00,0.29851110111011103,0.0,0.0023705004389815,0.33809523809523806
2021-10-11 02:30:00+00:00,0.2938043804380438,0.0,0.0023705004389815,0.3385281385281385
2021-10-11 02:45:00+00:00,0.28909765976597657,0.0,0.0023705004389815,0.33896103896103896
2021-10-11 03:00:00+00:00,0.2843909390939094,0.0,0.0023705004389815,0.3393939393939394
2021-10-11 03:15:00+00:00,0.28291891689168913,0.0,0.0023485513608427497,0.3413419913419914
2021-10-11 03:30:00+00:00,0.2814468946894689,0.0,0.002326602282704,0.3432900432900433
2021-10-11 03:45:00+00:00,0.2799748724872487,0.0,0.0023046532045653,0.34523809523809523
2021-10-11 04:00:00+00:00,0.2785028502850285,0.0,0.0022827041264266,0.3471861471861472
2021-10-11 04:15:00+00:00,0.27948732373237317,0.0,0.00232660228270405,0.35367965367965365
2021-10-11 04:30:00+00:00,0.2804717971797179,0.0,0.0023705004389815,0.3601731601731601
2021-10-11 04:45:00+00:00,0.28145627062706263,0.0,0.0024143985952589497,0.3666666666666666
2021-10-11 05:00:00+00:00,0.2824407440744074,0.0,0.0024582967515364,0.3731601731601731
2021-10-11 05:15:00+00:00,0.28182193219321927,0.0,0.00684811237928,0.37943722943722935
2021-10-11 05:30:00+00:00,0.2812031203120311,0.0,0.0112379280070236,0.3857142857142857
2021-10-11 05:45:00+00:00,0.28058430843084303,0.0,0.01562774363476725,0.39199134199134195
2021-10-11 06:00:00+00:00,0.2799654965496549,0.0,0.0200175592625109,0.3982683982683982
2021-10-11 06:15:00+00:00,0.2755869336933693,0.0,0.06971027216856884,0.40281385281385274
2021-10-11 06:30:00+00:00,0.2712083708370836,0.0,0.1194029850746268,0.4073593073593073
2021-10-11 06:45:00+00:00,0.26682980798079803,0.0,0.16909569798068474,0.4119047619047619
2021-10-11 07:00:00+00:00,0.2624512451245124,0.0,0.2187884108867427,0.4164502164502164
2021-10-11 07:15:00+00:00,0.2572007200720071,0.0,0.28874012291483747,0.4158008658008657
2021-10-11 07:30:00+00:00,0.2519501950195019,0.0,0.3586918349429323,0.4151515151515151
2021-10-11 07:45:00+00:00,0.24669966996699666,0.0,0.42864354697102713,0.4145021645021645
2021-10-11 08:00:00+00:00,0.2414491449144914,0.0,0.498595258999122,0.4138528138528138
2021-10-11 08:15:00+00:00,0.23811131113111306,0.0,0.5486830553116768,0.41168831168831166
2021-10-11 08:30:00+00:00,0.2347734773477347,0.0,0.5987708516242317,0.4095238095238095
2021-10-11 08:45:00+00:00,0.23143564356435642,0.0,0.6488586479367866,0.40735930735930737
2021-10-11 09:00:00+00:00,0.2280978097809781,0.0,0.6989464442493415,0.4051948051948052
2021-10-11 09:15:00+00:00,0.22521002100210014,0.0,0.7144644424934152,0.40216450216450217
2021-10-11 09:30:00+00:00,0.2223222322232222,0.0,0.7299824407374891,0.3991341991341991
2021-10-11 09:45:00+00:00,0.21943444344434435,0.0,0.7455004389815628,0.39610389610389607
2021-10-11 10:00:00+00:00,0.2165466546654665,0.0,0.7610184372256366,0.3930735930735931
2021-10-11 10:15:00+00:00,0.21530903090309023,0.0,0.7653204565408254,0.38939393939393935
2021-10-11 10:30:00+00:00,0.214071407140714,0.0,0.7696224758560141,0.3857142857142857
2021-10-11 10:45:00+00:00,0.2128337833783378,0.0,0.7739244951712028,0.38203463203463195
2021-10-11 11:00:00+00:00,0.2115961596159616,0.0,0.7782265144863916,0.3783549783549783
2021-10-11 11:15:00+00:00,0.21070544554455445,0.0,0.7719051799824408,0.37510822510822506
2021-10-11 11:30:00+00:00,0.2098147314731473,0.0,0.7655838454784899,0.3718614718614718
2021-10-11 11:45:00+00:00,0.20892401740174016,0.0,0.759262510974539,0.36861471861471856
2021-10-11 12:00:00+00:00,0.208033303330333,0.0,0.7529411764705882,0.3653679653679653
2021-10-11 12:15:00+00:00,0.2076582658265826,0.0,0.7520412642669008,0.36212121212121207
2021-10-11 12:30:00+00:00,0.2072832283228322,0.0,0.7511413520632133,0.3588744588744588
2021-10-11 12:45:00+00:00,0.20690819081908185,0.0,0.750241439859526,0.3556277056277056
2021-10-11 13:00:00+00:00,0.2065331533153315,0.0,0.7493415276558385,0.3523809523809524
2021-10-11 13:15:00+00:00,0.20568931893189316,0.0,0.7374012291483758,0.35324675324675325
2021-10-11 13:30:00+00:00,0.2048454845484548,0.0,0.7254609306409131,0.3541125541125541
2021-10-11 13:45:00+00:00,0.20400165016501645,0.0,0.7135206321334504,0.35497835497835495
2021-10-11 14:00:00+00:00,0.2031578157815781,0.0,0.7015803336259877,0.3558441558441558
2021-10-11 14:15:00+00:00,0.20324219921992195,0.0,0.6721027216856892,0.36190476190476184
2021-10-11 14:30:00+00:00,0.2033265826582658,0.0,0.6426251097453907,0.3679653679653679
2021-10-11 14:45:00+00:00,0.20341096609660964,0.0,0.6131474978050921,0.374025974025974
2021-10-11 15:00:00+00:00,0.2034953495349535,0.0,0.5836698858647936,0.3800865800865801
2021-10-11 15:15:00+00:00,0.2050142514251425,0.0,0.5256365232660227,0.40324675324675324
2021-10-11 15:30:00+00:00,0.2065331533153315,0.0,0.4676031606672519,0.4264069264069264
2021-10-11 15:45:00+00:00,0.2080520552055205,0.0,0.40956979806848104,0.44956709956709956
2021-10-11 16:00:00+00:00,0.2095709570957095,0.0,0.3515364354697102,0.4727272727272727
2021-10-11 16:15:00+00:00,0.21423079807980788,0.0,0.2841747146619841,0.4718614718614718
2021-10-11 16:30:00+00:00,0.2188906390639063,0.0,0.216812993854258,0.4709956709956709
2021-10-11 16:45:00+00:00,0.22355048004800476,0.0,0.14945127304653194,0.4701298701298701
2021-10-11 17:00:00+00:00,0.2282103210321032,0.0,0.0820895522388059,0.4692640692640693
2021-10-11 17:15:00+00:00,0.2356360636063606,0.0,0.06810798946444241,0.4777056277056277
2021-10-11 17:30:00+00:00,0.243061806180618,0.0,0.0541264266900789,0.4861471861471861
2021-10-11 17:45:00+00:00,0.25048754875487544,0.0,0.04014486391571545,0.4945887445887446
2021-10-11 18:00:00+00:00,0.2579132913291329,0.0,0.026163301141352,0.503030303030303
2021-10-11 18:15:00+00:00,0.2619636963696369,0.0,0.02440737489025455,0.5006493506493507
2021-10-11 18:30:00+00:00,0.266014101410141,0.0,0.0226514486391571,0.4982683982683983
2021-10-11 18:45:00+00:00,0.27006450645064506,0.0,0.02089552238805965,0.49588744588744593
2021-10-11 19:00:00+00:00,0.2741149114911491,0.0,0.0191395961369622,0.4935064935064935
2021-10-11 19:15:00+00:00,0.27666516651665163,0.0,0.0170105355575065,0.4883116883116883
2021-10-11 19:30:00+00:00,0.2792154215421542,0.0,0.0148814749780508,0.4831168831168831
2021-10-11 19:45:00+00:00,0.2817656765676567,0.0,0.01275241439859515,0.4779220779220779
2021-10-11 20:00:00+00:00,0.2843159315931593,0.0,0.0106233538191395,0.4727272727272727
2021-10-11 20:15:00+00:00,0.28185943594359436,0.0,0.008889376646180749,0.4634199134199134
2021-10-11 20:30:00+00:00,0.2794029402940294,0.0,0.007155399473222,0.4541125541125541
2021-10-11 20:45:00+00:00,0.27694644464446444,0.0,0.0054214223002633,0.44480519480519476
2021-10-11 21:00:00+00:00,0.2744899489948995,0.0,0.0036874451273046,0.4354978354978355
2021-10-11 21:15:00+00:00,0.2706833183318332,0.0,0.0036874451273046,0.42207792207792205
2021-10-11 21:30:00+00:00,0.2668766876687669,0.0,0.0036874451273046,0.4086580086580086
2021-10-11 21:45:00+00:00,0.2630700570057006,0.0,0.0036874451273046,0.39523809523809517
2021-10-11 22:00:00+00:00,0.2592634263426343,0.0,0.0036874451273046,0.3818181818181818
2021-10-11 22:15:00+00:00,0.2563662616261626,0.0,0.0036874451273046,0.3792207792207792
2021-10-11 22:30:00+00:00,0.253469096909691,0.0,0.0036874451273046,0.3766233766233766
2021-10-11 22:45:00+00:00,0.2505719321932193,0.0,0.0036874451273046,0.374025974025974
2021-10-11 23:00:00+00:00,0.2476747674767477,0.0,0.0036874451273046,0.3714285714285714
2021-10-11 23:15:00+00:00,0.24631525652565256,0.0,0.0036874451273046,0.36839826839826834
2021-10-11 23:30:00+00:00,0.2449557455745574,0.0,0.0036874451273046,0.3653679653679653
2021-10-11 23:45:00+00:00,0.2435962346234623,0.0,0.0036874451273046,0.3623376623376623
2021-10-12 00:00:00+00:00,0.2422367236723672,0.0,0.0036874451273046,0.3593073593073593
2021-10-12 00:15:00+00:00,0.2383832133213321,0.0,0.0036435469710271503,0.3584415584415584
2021-10-12 00:30:00+00:00,0.234529702970297,0.0,0.0035996488147497,0.3575757575757575
2021-10-12 00:45:00+00:00,0.2306761926192619,0.0,0.0035557506584723,0.35670995670995664
2021-10-12 01:00:00+00:00,0.2268226822682268,0.0,0.0035118525021949,0.3558441558441558
2021-10-12 01:15:00+00:00,0.22431930693069305,0.0,0.00324846356453025,0.3538961038961038
2021-10-12 01:30:00+00:00,0.2218159315931593,0.0,0.0029850746268656,0.3519480519480519
2021-10-12 01:45:00+00:00,0.21931255625562554,0.0,0.002721685689201,0.35
2021-10-12 02:00:00+00:00,0.2168091809180918,0.0,0.0024582967515364,0.348051948051948
2021-10-12 02:15:00+00:00,0.2146620912091209,0.0,0.0024143985952589497,0.34783549783549783
2021-10-12 02:30:00+00:00,0.21251500150015,0.0,0.0023705004389815,0.3476190476190476
2021-10-12 02:45:00+00:00,0.2103679117911791,0.0,0.00232660228270405,0.3474025974025974
2021-10-12 03:00:00+00:00,0.2082208220822082,0.0,0.0022827041264266,0.3471861471861472
2021-10-12 03:15:00+00:00,0.20635501050105007,0.0,0.0022827041264266,0.3517316017316017
2021-10-12 03:30:00+00:00,0.2044891989198919,0.0,0.0022827041264266,0.3562770562770562
2021-10-12 03:45:00+00:00,0.2026233873387338,0.0,0.0022827041264266,0.3608225108225107
2021-10-12 04:00:00+00:00,0.2007575757575757,0.0,0.0022827041264266,0.3653679653679653
2021-10-12 04:15:00+00:00,0.20122637263726365,0.0,0.0031606672519753003,0.3712121212121211
2021-10-12 04:30:00+00:00,0.2016951695169516,0.0,0.004038630377524,0.377056277056277
2021-10-12 04:45:00+00:00,0.20216396639663958,0.0,0.0049165935030727505,0.38290043290043285
2021-10-12 05:00:00+00:00,0.2026327632763276,0.0,0.0057945566286215,0.3887445887445887
2021-10-12 05:15:00+00:00,0.20189206420642059,0.0,0.010140474100087699,0.39502164502164494
2021-10-12 05:30:00+00:00,0.2011513651365136,0.0,0.0144863915715539,0.4012987012987012
2021-10-12 05:45:00+00:00,0.2004106660666066,0.0,0.0188323090430201,0.4075757575757575
2021-10-12 06:00:00+00:00,0.1996699669966996,0.0,0.0231782265144863,0.4138528138528138
2021-10-12 06:15:00+00:00,0.1993511851185118,0.0,0.0752414398595258,0.4145021645021645
2021-10-12 06:30:00+00:00,0.199032403240324,0.0,0.1273046532045653,0.4151515151515151
2021-10-12 06:45:00+00:00,0.19871362136213622,0.0,0.17936786654960485,0.4158008658008657
2021-10-12 07:00:00+00:00,0.1983948394839484,0.0,0.2314310798946444,0.4164502164502164
2021-10-12 07:15:00+00:00,0.19306930693069305,0.0,0.30050482879719054,0.4138528138528138
2021-10-12 07:30:00+00:00,0.1877437743774377,0.0,0.3695785776997366,0.4112554112554112
2021-10-12 07:45:00+00:00,0.1824182418241824,0.0,0.4386523266022827,0.4086580086580086
2021-10-12 08:00:00+00:00,0.1770927092709271,0.0,0.5077260755048288,0.406060606060606
2021-10-12 08:15:00+00:00,0.17462683768376835,0.0,0.5521510096575943,0.40389610389610386
2021-10-12 08:30:00+00:00,0.1721609660966096,0.0,0.5965759438103599,0.4017316017316017
2021-10-12 08:45:00+00:00,0.16969509450945092,0.0,0.6410008779631255,0.39956709956709957
2021-10-12 09:00:00+00:00,0.1672292229222922,0.0,0.6854258121158912,0.3974025974025974
2021-10-12 09:15:00+00:00,0.16945132013201314,0.0,0.7125548726953468,0.39242424242424245
2021-10-12 09:30:00+00:00,0.1716734173417341,0.0,0.7396839332748024,0.3874458874458875
2021-10-12 09:45:00+00:00,0.1738955145514551,0.0,0.7668129938542582,0.3824675324675325
2021-10-12 10:00:00+00:00,0.1761176117611761,0.0,0.7939420544337138,0.3774891774891775
2021-10-12 10:15:00+00:00,0.17683955895589554,0.0,0.8045434591747147,0.37510822510822506
2021-10-12 10:30:00+00:00,0.177561506150615,0.0,0.8151448639157155,0.3727272727272727
2021-10-12 10:45:00+00:00,0.17828345334533452,0.0,0.8257462686567164,0.3703463203463203
2021-10-12 11:00:00+00:00,0.179005400540054,0.0,0.8363476733977173,0.3679653679653679
2021-10-12 11:15:00+00:00,0.17922104710471046,0.0,0.8381035996488148,0.3627705627705627
2021-10-12 11:30:00+00:00,0.1794366936693669,0.0,0.8398595258999122,0.3575757575757575
2021-10-12 11:45:00+00:00,0.17965234023402335,0.0,0.8416154521510096,0.35238095238095235
2021-10-12 12:00:00+00:00,0.1798679867986798,0.0,0.8433713784021071,0.3471861471861472
2021-10-12 12:15:00+00:00,0.18370274527452735,0.0,0.8420983318700614,0.343939393939394
2021-10-12 12:30:00+00:00,0.1875375037503749,0.0,0.8408252853380158,0.3406926406926407
2021-10-12 12:45:00+00:00,0.19137226222622253,0.0,0.8395522388059702,0.3374458874458875
2021-10-12 13:00:00+00:00,0.1952070207020702,0.0,0.8382791922739244,0.3341991341991342
2021-10-12 13:15:00+00:00,0.19837608760876085,0.0,0.8246268656716418,0.3372294372294372
2021-10-12 13:30:00+00:00,0.2015451545154515,0.0,0.810974539069359,0.3402597402597402
2021-10-12 13:45:00+00:00,0.20471422142214213,0.0,0.7973222124670764,0.34329004329004326
2021-10-12 14:00:00+00:00,0.2078832883288328,0.0,0.7836698858647937,0.3463203463203463
2021-10-12 14:15:00+00:00,0.2129369186918691,0.0,0.7571773485513608,0.3456709956709957
2021-10-12 14:30:00+00:00,0.2179905490549054,0.0,0.730684811237928,0.345021645021645
2021-10-12 14:45:00+00:00,0.22304417941794175,0.0,0.7041922739244951,0.34437229437229433
2021-10-12 15:00:00+00:00,0.2280978097809781,0.0,0.6776997366110623,0.3437229437229437
2021-10-12 15:15:00+00:00,0.2349703720372037,0.0,0.6019095697980685,0.3506493506493506
2021-10-12 15:30:00+00:00,0.2418429342934293,0.0,0.5261194029850746,0.3575757575757575
2021-10-12 15:45:00+00:00,0.24871549654965494,0.0,0.45032923617208076,0.36450216450216444
2021-10-12 16:00:00+00:00,0.2555880588058806,0.0,0.3745390693590869,0.3714285714285714
2021-10-12 16:15:00+00:00,0.2597134713471347,0.0,0.3002633889376645,0.3824675324675324
2021-10-12 16:30:00+00:00,0.2638388838883888,0.0,0.2259877085162422,0.3935064935064934
2021-10-12 16:45:00+00:00,0.2679642964296429,0.0,0.15171202809481996,0.40454545454545454
2021-10-12 17:00:00+00:00,0.272089708970897,0.0,0.0774363476733977,0.4155844155844156
2021-10-12 17:15:00+00:00,0.28291891689168913,0.0,0.06268656716417906,0.4225108225108225
2021-10-12 17:30:00+00:00,0.2937481248124812,0.0,0.0479367866549604,0.4294372294372294
2021-10-12 17:45:00+00:00,0.3045773327332733,0.0,0.0331870061457418,0.43636363636363634
2021-10-12 18:00:00+00:00,0.3154065406540654,0.0,0.0184372256365232,0.4432900432900433
2021-10-12 18:15:00+00:00,0.31638163816381637,0.0,0.01635206321334495,0.441991341991342
2021-10-12 18:30:00+00:00,0.3173567356735673,0.0,0.0142669007901667,0.4406926406926407
2021-10-12 18:45:00+00:00,0.3183318331833183,0.0,0.0121817383669885,0.4393939393939394
2021-10-12 19:00:00+00:00,0.3193069306930693,0.0,0.0100965759438103,0.4380952380952381
2021-10-12 19:15:00+00:00,0.3242855535553555,0.0,0.008845478489903351,0.4335497835497836
2021-10-12 19:30:00+00:00,0.3292641764176417,0.0,0.0075943810359964,0.429004329004329
2021-10-12 19:45:00+00:00,0.33424279927992795,0.0,0.0063432835820895,0.4244588744588744
2021-10-12 20:00:00+00:00,0.3392214221422142,0.0,0.0050921861281826,0.4199134199134199
2021-10-12 20:15:00+00:00,0.3406840684068406,0.0,0.0049824407374889496,0.4121212121212121
2021-10-12 20:30:00+00:00,0.342146714671467,0.0,0.0048726953467953,0.4043290043290043
2021-10-12 20:45:00+00:00,0.3436093609360935,0.0,0.00476294995610175,0.3965367965367965
2021-10-12 21:00:00+00:00,0.34507200720072,0.0,0.0046532045654082,0.3887445887445887
2021-10-12 21:15:00+00:00,0.34386251125112505,0.0,0.00428007023705,0.3816017316017316
2021-10-12 21:30:00+00:00,0.3426530153015301,0.0,0.0039069359086918,0.3744588744588745
2021-10-12 21:45:00+00:00,0.3414435193519352,0.0,0.0035338015803336002,0.3673160173160174
2021-10-12 22:00:00+00:00,0.3402340234023402,0.0,0.0031606672519754,0.3601731601731602
2021-10-12 22:15:00+00:00,0.33935268526852685,0.0,0.0031826163301141,0.3593073593073593
2021-10-12 22:30:00+00:00,0.3384713471347135,0.0,0.0032045654082528,0.3584415584415584
2021-10-12 22:45:00+00:00,0.3375900090009001,0.0,0.0032265144863914998,0.35757575757575755
2021-10-12 23:00:00+00:00,0.3367086708670867,0.0,0.0032484635645302,0.3567099567099567
2021-10-12 23:15:00+00:00,0.33482410741074103,0.0,0.0034899034240560498,0.3521645021645021
2021-10-12 23:30:00+00:00,0.3329395439543954,0.0,0.0037313432835819,0.3476190476190476
2021-10-12 23:45:00+00:00,0.3310549804980498,0.0,0.00397278314310785,0.3430735930735931
2021-10-13 00:00:00+00:00,0.3291704170417042,0.0,0.0042142230026338,0.3385281385281385
2021-10-13 00:15:00+00:00,0.3283922142214222,0.0,0.00430201931518865,0.3376623376623376
2021-10-13 00:30:00+00:00,0.3276140114011401,0.0,0.0043898156277435,0.3367965367965367
2021-10-13 00:45:00+00:00,0.3268358085808581,0.0,0.004477611940298399,0.33593073593073586
2021-10-13 01:00:00+00:00,0.3260576057605761,0.0,0.0045654082528533,0.335064935064935
2021-10-13 01:15:00+00:00,0.32635763576357635,0.0,0.0045654082528533,0.33549783549783546
2021-10-13 01:30:00+00:00,0.3266576657665767,0.0,0.0045654082528533,0.3359307359307359
2021-10-13 01:45:00+00:00,0.326957695769577,0.0,0.0045654082528533,0.33636363636363636
2021-10-13 02:00:00+00:00,0.3272577257725773,0.0,0.0045654082528533,0.3367965367965368
2021-10-13 02:15:00+00:00,0.327501500150015,0.0,0.0045654082528533,0.3398268398268398
2021-10-13 02:30:00+00:00,0.3277452745274527,0.0,0.0045654082528533,0.3428571428571428
2021-10-13 02:45:00+00:00,0.32798904890489045,0.0,0.0045654082528533,0.34588744588744585
2021-10-13 03:00:00+00:00,0.3282328232823282,0.0,0.0045654082528533,0.3489177489177489
2021-10-13 03:15:00+00:00,0.3281859435943594,0.0,0.0045654082528533,0.34978354978354975
2021-10-13 03:30:00+00:00,0.3281390639063906,0.0,0.0045654082528533,0.3506493506493506
2021-10-13 03:45:00+00:00,0.3280921842184218,0.0,0.0045654082528533,0.3515151515151515
2021-10-13 04:00:00+00:00,0.328045304530453,0.0,0.0045654082528533,0.3523809523809524
2021-10-13 04:15:00+00:00,0.32798904890489045,0.0,0.004587357330992,0.37056277056277054
2021-10-13 04:30:00+00:00,0.3279327932793279,0.0,0.0046093064091307,0.3887445887445887
2021-10-13 04:45:00+00:00,0.32787653765376534,0.0,0.0046312554872694495,0.4069264069264069
2021-10-13 05:00:00+00:00,0.3278202820282028,0.0,0.0046532045654082,0.4251082251082251
2021-10-13 05:15:00+00:00,0.3285609810981097,0.0,0.009525899912203598,0.427056277056277
2021-10-13 05:30:00+00:00,0.3293016801680167,0.0,0.014398595258999,0.429004329004329
2021-10-13 05:45:00+00:00,0.3300423792379237,0.0,0.01927129060579445,0.430952380952381
2021-10-13 06:00:00+00:00,0.3307830783078307,0.0,0.0241439859525899,0.4329004329004329
2021-10-13 06:15:00+00:00,0.3268826882688268,0.0,0.08665496049165926,0.4264069264069264
2021-10-13 06:30:00+00:00,0.3229822982298229,0.0,0.1491659350307286,0.4199134199134199
2021-10-13 06:45:00+00:00,0.319081908190819,0.0,0.211676909569798,0.4134199134199134
2021-10-13 07:00:00+00:00,0.3151815181518151,0.0,0.2741878841088674,0.4069264069264069
2021-10-13 07:15:00+00:00,0.30918091809180914,0.0,0.36025021949078134,0.3922077922077921
2021-10-13 07:30:00+00:00,0.3031803180318031,0.0,0.4463125548726953,0.3774891774891774
2021-10-13 07:45:00+00:00,0.29717971797179715,0.0,0.5323748902546093,0.3627705627705627
2021-10-13 08:00:00+00:00,0.2911791179117912,0.0,0.6184372256365233,0.348051948051948
2021-10-13 08:15:00+00:00,0.2861442394239424,0.0,0.67243195785777,0.34458874458874456
2021-10-13 08:30:00+00:00,0.2811093609360936,0.0,0.7264266900790166,0.3411255411255411
2021-10-13 08:45:00+00:00,0.27607448244824484,0.0,0.7804214223002633,0.33766233766233766
2021-10-13 09:00:00+00:00,0.271039603960396,0.0,0.8344161545215101,0.3341991341991342
2021-10-13 09:15:00+00:00,0.2650108760876087,0.0,0.8492317822651448,0.3367965367965368
2021-10-13 09:30:00+00:00,0.2589821482148214,0.0,0.8640474100087796,0.3393939393939394
2021-10-13 09:45:00+00:00,0.25295342034203416,0.0,0.8788630377524144,0.341991341991342
2021-10-13 10:00:00+00:00,0.2469246924692469,0.0,0.8936786654960491,0.3445887445887446
2021-10-13 10:15:00+00:00,0.2397708520852085,0.0,0.8953687445127304,0.34545454545454546
2021-10-13 10:30:00+00:00,0.2326170117011701,0.0,0.8970588235294117,0.3463203463203463
2021-10-13 10:45:00+00:00,0.2254631713171317,0.0,0.8987489025460931,0.34718614718614715
2021-10-13 11:00:00+00:00,0.2183093309330933,0.0,0.9004389815627744,0.348051948051948
2021-10-13 11:15:00+00:00,0.21277752775277525,0.0,0.8968393327480246,0.35108225108225105
2021-10-13 11:30:00+00:00,0.2072457245724572,0.0,0.8932396839332748,0.3541125541125541
2021-10-13 11:45:00+00:00,0.2017139213921392,0.0,0.889640035118525,0.35714285714285715
2021-10-13 12:00:00+00:00,0.1961821182118212,0.0,0.8860403863037752,0.3601731601731602
2021-10-13 12:15:00+00:00,0.1931536903690369,0.0,0.8868964003511852,0.36493506493506495
2021-10-13 12:30:00+00:00,0.1901252625262526,0.0,0.8877524143985952,0.3696969696969697
2021-10-13 12:45:00+00:00,0.1870968346834683,0.0,0.8886084284460052,0.37445887445887444
2021-10-13 13:00:00+00:00,0.184068406840684,0.0,0.8894644424934153,0.3792207792207792
2021-10-13 13:15:00+00:00,0.18356210621062102,0.0,0.8809701492537314,0.3824675324675324
2021-10-13 13:30:00+00:00,0.183055805580558,0.0,0.8724758560140474,0.3857142857142857
2021-10-13 13:45:00+00:00,0.182549504950495,0.0,0.8639815627743634,0.38896103896103895
2021-10-13 14:00:00+00:00,0.182043204320432,0.0,0.8554872695346796,0.3922077922077922
2021-10-13 14:15:00+00:00,0.18579357935793575,0.0,0.8276338893766462,0.40108225108225104
2021-10-13 14:30:00+00:00,0.1895439543954395,0.0,0.7997805092186129,0.4099567099567099
2021-10-13 14:45:00+00:00,0.19329432943294325,0.0,0.7719271290605795,0.4188311688311688
2021-10-13 15:00:00+00:00,0.197044704470447,0.0,0.7440737489025461,0.4277056277056277
2021-10-13 15:15:00+00:00,0.19991374137413737,0.0,0.6656057945566286,0.4417748917748917
2021-10-13 15:30:00+00:00,0.2027827782778277,0.0,0.5871378402107111,0.4558441558441558
2021-10-13 15:45:00+00:00,0.2056518151815181,0.0,0.5086698858647937,0.46991341991341984
2021-10-13 16:00:00+00:00,0.2085208520852085,0.0,0.4302019315188762,0.4839826839826839
2021-10-13 16:15:00+00:00,0.21093046804680465,0.0,0.3488366988586479,0.5080086580086579
2021-10-13 16:30:00+00:00,0.2133400840084008,0.0,0.2674714661984196,0.532034632034632
2021-10-13 16:45:00+00:00,0.21574969996999693,0.0,0.18610623353819136,0.556060606060606
2021-10-13 17:00:00+00:00,0.2181593159315931,0.0,0.1047410008779631,0.5800865800865801
2021-10-13 17:15:00+00:00,0.2198188568856885,0.0,0.0891571553994732,0.5844155844155845
2021-10-13 17:30:00+00:00,0.2214783978397839,0.0,0.0735733099209833,0.5887445887445888
2021-10-13 17:45:00+00:00,0.22313793879387933,0.0,0.05798946444249341,0.5930735930735931
2021-10-13 18:00:00+00:00,0.2247974797479748,0.0,0.0424056189640035,0.5974025974025974
2021-10-13 18:15:00+00:00,0.2267664266426642,0.0,0.040035118525021895,0.5865800865800865
2021-10-13 18:30:00+00:00,0.2287353735373536,0.0,0.0376646180860403,0.5757575757575757
2021-10-13 18:45:00+00:00,0.2307043204320431,0.0,0.03529411764705875,0.5649350649350648
2021-10-13 19:00:00+00:00,0.2326732673267326,0.0,0.0329236172080772,0.5541125541125541
2021-10-13 19:15:00+00:00,0.23331083108310824,0.0,0.031848112379279994,0.5432900432900434
2021-10-13 19:30:00+00:00,0.2339483948394839,0.0,0.0307726075504828,0.5324675324675325
2021-10-13 19:45:00+00:00,0.23458595859585957,0.0,0.0296971027216856,0.5216450216450217
2021-10-13 20:00:00+00:00,0.2352235223522352,0.0,0.0286215978928884,0.5108225108225108
2021-10-13 20:15:00+00:00,0.2371830933093309,0.0,0.026294995610184252,0.4939393939393939
2021-10-13 20:30:00+00:00,0.2391426642664266,0.0,0.0239683933274801,0.477056277056277
2021-10-13 20:45:00+00:00,0.2411022352235223,0.0,0.021641791044776,0.4601731601731601
2021-10-13 21:00:00+00:00,0.243061806180618,0.0,0.0193151887620719,0.4432900432900433
2021-10-13 21:15:00+00:00,0.23698619861986192,0.0,0.01681299385425805,0.4528138528138528
2021-10-13 21:30:00+00:00,0.2309105910591058,0.0,0.0143107989464442,0.4623376623376622
2021-10-13 21:45:00+00:00,0.22483498349834974,0.0,0.01180860403863035,0.47186147186147176
2021-10-13 22:00:00+00:00,0.2187593759375937,0.0,0.0093064091308165,0.4813852813852813
2021-10-13 22:15:00+00:00,0.2117930543054305,0.0,0.0079455662862159,0.4753246753246752
2021-10-13 22:30:00+00:00,0.2048267326732673,0.0,0.0065847234416153,0.4692640692640691
2021-10-13 22:45:00+00:00,0.19786041104110408,0.0,0.0052238805970148,0.46320346320346306
2021-10-13 23:00:00+00:00,0.1908940894089409,0.0,0.0038630377524143,0.4571428571428571
2021-10-13 23:15:00+00:00,0.18425592559255927,0.0,0.00377524143985945,0.4528138528138527
2021-10-13 23:30:00+00:00,0.1776177617761776,0.0,0.0036874451273046,0.4484848484848484
2021-10-13 23:45:00+00:00,0.17097959795979595,0.0,0.00359964881474975,0.4441558441558441
2021-10-14 00:00:00+00:00,0.1643414341434143,0.0,0.0035118525021949,0.4398268398268398
2021-10-14 00:15:00+00:00,0.15838771377137706,0.0,0.0035118525021949,0.43874458874458866
2021-10-14 00:30:00+00:00,0.1524339933993398,0.0,0.0035118525021949,0.4376623376623376
2021-10-14 00:45:00+00:00,0.14648027302730265,0.0,0.0035118525021949,0.4365800865800865
2021-10-14 01:00:00+00:00,0.1405265526552655,0.0,0.0035118525021949,0.4354978354978355
2021-10-14 01:15:00+00:00,0.13485411041104106,0.0,0.0034460052677787,0.4333333333333333
2021-10-14 01:30:00+00:00,0.1291816681668166,0.0,0.0033801580333625,0.4311688311688311
2021-10-14 01:45:00+00:00,0.1235092259225922,0.0,0.00331431079894635,0.42900432900432894
2021-10-14 02:00:00+00:00,0.1178367836783678,0.0,0.0032484635645302,0.4268398268398268
2021-10-14 02:15:00+00:00,0.1142739273927392,0.0,0.0032484635645302,0.4175324675324674
2021-10-14 02:30:00+00:00,0.1107110711071106,0.0,0.0032484635645302,0.4082251082251081
2021-10-14 02:45:00+00:00,0.10714821482148205,0.0,0.0032484635645302,0.39891774891774884
2021-10-14 03:00:00+00:00,0.1035853585358535,0.0,0.0032484635645302,0.3896103896103896
2021-10-14 03:15:00+00:00,0.10190706570657054,0.0,0.00344600526777865,0.39870129870129867
2021-10-14 03:30:00+00:00,0.1002287728772876,0.0,0.0036435469710271,0.4077922077922077
2021-10-14 03:45:00+00:00,0.09855048004800471,0.0,0.0038410886742756,0.4168831168831168
2021-10-14 04:00:00+00:00,0.0968721872187218,0.0,0.0040386303775241,0.4259740259740259
2021-10-14 04:15:00+00:00,0.0960658565856585,0.0,0.00401668129938535,0.43614718614718606
2021-10-14 04:30:00+00:00,0.0952595259525952,0.0,0.0039947322212466,0.4463203463203463
2021-10-14 04:45:00+00:00,0.09445319531953189,0.0,0.003972783143107899,0.4564935064935065
2021-10-14 05:00:00+00:00,0.0936468646864686,0.0,0.0039508340649692,0.4666666666666667
2021-10-14 05:15:00+00:00,0.09338433843384335,0.0,0.007440737489025399,0.4818181818181818
2021-10-14 05:30:00+00:00,0.0931218121812181,0.0,0.0109306409130816,0.4969696969696969
2021-10-14 05:45:00+00:00,0.09285928592859286,0.0,0.0144205443371378,0.5121212121212121
2021-10-14 06:00:00+00:00,0.0925967596759676,0.0,0.017910447761194,0.5272727272727272
2021-10-14 06:15:00+00:00,0.0918466846684668,0.0,0.06784460052677785,0.5153679653679653
2021-10-14 06:30:00+00:00,0.091096609660966,0.0,0.1177787532923617,0.5034632034632034
2021-10-14 06:45:00+00:00,0.09034653465346525,0.0,0.16771290605794553,0.49155844155844153
2021-10-14 07:00:00+00:00,0.0895964596459645,0.0,0.2176470588235294,0.4796536796536796
2021-10-14 07:15:00+00:00,0.08854635463546345,0.0,0.2910886742756804,0.4664502164502164
2021-10-14 07:30:00+00:00,0.0874962496249624,0.0,0.3645302897278314,0.4532467532467532
2021-10-14 07:45:00+00:00,0.0864461446144614,0.0,0.4379719051799824,0.44004329004329
2021-10-14 08:00:00+00:00,0.0853960396039604,0.0,0.5114135206321334,0.4268398268398268
2021-10-14 08:15:00+00:00,0.0847959795979598,0.0,0.5649034240561897,0.43030303030303024
2021-10-14 08:30:00+00:00,0.0841959195919592,0.0,0.6183933274802458,0.4337662337662337
2021-10-14 08:45:00+00:00,0.0835958595859586,0.0,0.671883230904302,0.4372294372294372
2021-10-14 09:00:00+00:00,0.082995799579958,0.0,0.7253731343283583,0.4406926406926407
2021-10-14 09:15:00+00:00,0.08406465646564654,0.0,0.7437664618086041,0.4458874458874459
2021-10-14 09:30:00+00:00,0.0851335133513351,0.0,0.7621597892888499,0.4510822510822511
2021-10-14 09:45:00+00:00,0.08620237023702365,0.0,0.7805531167690958,0.4562770562770563
2021-10-14 10:00:00+00:00,0.0872712271227122,0.0,0.7989464442493416,0.4614718614718615
2021-10-14 10:15:00+00:00,0.0889307680768076,0.0,0.8014266900790168,0.45064935064935063
2021-10-14 10:30:00+00:00,0.090590309030903,0.0,0.8039069359086919,0.4398268398268398
2021-10-14 10:45:00+00:00,0.09224984998499844,0.0,0.806387181738367,0.42900432900432894
2021-10-14 11:00:00+00:00,0.0939093909390939,0.0,0.8088674275680422,0.4181818181818181
2021-10-14 11:15:00+00:00,0.0951938943894389,0.0,0.8080772607550484,0.40822510822510816
2021-10-14 11:30:00+00:00,0.0964783978397839,0.0,0.8072870939420544,0.3982683982683982
2021-10-14 11:45:00+00:00,0.09776290129012895,0.0,0.8064969271290605,0.3883116883116883
2021-10-14 12:00:00+00:00,0.099047404740474,0.0,0.8057067603160667,0.3783549783549783
2021-10-14 12:15:00+00:00,0.09992874287428734,0.0,0.8025021949078139,0.3764069264069263
2021-10-14 12:30:00+00:00,0.1008100810081007,0.0,0.7992976294995611,0.3744588744588744
2021-10-14 12:45:00+00:00,0.1016914191419141,0.0,0.7960930640913082,0.37251082251082246
2021-10-14 13:00:00+00:00,0.1025727572757275,0.0,0.7928884986830553,0.3705627705627705
2021-10-14 13:15:00+00:00,0.10412916291629154,0.0,0.7762291483757682,0.3909090909090909
2021-10-14 13:30:00+00:00,0.1056855685568556,0.0,0.7595697980684811,0.4112554112554112
2021-10-14 13:45:00+00:00,0.1072419741974197,0.0,0.7429104477611941,0.43160173160173154
2021-10-14 14:00:00+00:00,0.1087983798379838,0.0,0.7262510974539069,0.4519480519480519
2021-10-14 14:15:00+00:00,0.10996099609960994,0.0,0.6870500438981563,0.45238095238095233
2021-10-14 14:30:00+00:00,0.1111236123612361,0.0,0.6478489903424056,0.4528138528138528
2021-10-14 14:45:00+00:00,0.11228622862286225,0.0,0.608647936786655,0.45324675324675323
2021-10-14 15:00:00+00:00,0.1134488448844884,0.0,0.5694468832309043,0.4536796536796537
2021-10-14 15:15:00+00:00,0.11355198019801975,0.0,0.5042142230026339,0.4647186147186147
2021-10-14 15:30:00+00:00,0.1136551155115511,0.0,0.4389815627743634,0.4757575757575757
2021-10-14 15:45:00+00:00,0.11375825082508245,0.0,0.373748902546093,0.4867965367965368
2021-10-14 16:00:00+00:00,0.1138613861386138,0.0,0.3085162423178226,0.4978354978354978
2021-10-14 16:15:00+00:00,0.1158490849084908,0.0,0.2484855136084284,0.5134199134199134
2021-10-14 16:30:00+00:00,0.1178367836783678,0.0,0.1884547848990342,0.529004329004329
2021-10-14 16:45:00+00:00,0.11982448244824481,0.0,0.12842405618964,0.5445887445887446
2021-10-14 17:00:00+00:00,0.1218121812181218,0.0,0.0683933274802458,0.5601731601731602
2021-10-14 17:15:00+00:00,0.12412803780378034,0.0,0.0595039508340649,0.566883116883117
2021-10-14 17:30:00+00:00,0.1264438943894389,0.0,0.050614574187884,0.5735930735930737
2021-10-14 17:45:00+00:00,0.12875975097509745,0.0,0.041725197541703146,0.5803030303030303
2021-10-14 18:00:00+00:00,0.131075607560756,0.0,0.0328358208955223,0.587012987012987
2021-10-14 18:15:00+00:00,0.13371962196219617,0.0,0.03042142230026325,0.5794372294372294
2021-10-14 18:30:00+00:00,0.1363636363636363,0.0,0.0280070237050042,0.5718614718614718
2021-10-14 18:45:00+00:00,0.13900765076507643,0.0,0.02559262510974525,0.5642857142857143
2021-10-14 19:00:00+00:00,0.1416516651665166,0.0,0.0231782265144863,0.5567099567099567
2021-10-14 19:15:00+00:00,0.14163291329132904,0.0,0.02061018437225625,0.546969696969697
2021-10-14 19:30:00+00:00,0.1416141614161415,0.0,0.0180421422300262,0.5372294372294373
2021-10-14 19:45:00+00:00,0.141595409540954,0.0,0.0154741000877962,0.5274891774891775
2021-10-14 20:00:00+00:00,0.1415766576657665,0.0,0.0129060579455662,0.5177489177489177
2021-10-14 20:15:00+00:00,0.13869824482448234,0.0,0.010952589991220299,0.5062770562770562
2021-10-14 20:30:00+00:00,0.1358198319831982,0.0,0.0089991220368744,0.4948051948051948
2021-10-14 20:45:00+00:00,0.1329414191419141,0.0,0.0070456540825285,0.4833333333333333
2021-10-14 21:00:00+00:00,0.13006300630063,0.0,0.0050921861281826,0.4718614718614718
2021-10-14 21:15:00+00:00,0.12986611161116104,0.0,0.0044117647058823,0.4443722943722943
2021-10-14 21:30:00+00:00,0.1296692169216921,0.0,0.003731343283582,0.4168831168831168
2021-10-14 21:45:00+00:00,0.12947232223222316,0.0,0.0030509218612817498,0.38939393939393935
2021-10-14 22:00:00+00:00,0.1292754275427542,0.0,0.0023705004389815,0.3619047619047619
2021-10-14 22:15:00+00:00,0.12849722472247216,0.0,0.0023924495171201996,0.3571428571428571
2021-10-14 22:30:00+00:00,0.1277190219021901,0.0,0.0024143985952589,0.3523809523809523
2021-10-14 22:45:00+00:00,0.12694081908190807,0.0,0.00243634767339765,0.34761904761904755
2021-10-14 23:00:00+00:00,0.1261626162616261,0.0,0.0024582967515364,0.3428571428571428
2021-10-14 23:15:00+00:00,0.12370612061206114,0.0,0.00243634767339765,0.3404761904761904
2021-10-14 23:30:00+00:00,0.1212496249624962,0.0,0.0024143985952589,0.338095238095238
2021-10-14 23:45:00+00:00,0.11879312931293125,0.0,0.0023924495171201996,0.33571428571428563
2021-10-15 00:00:00+00:00,0.1163366336633663,0.0,0.0023705004389815,0.3333333333333333
2021-10-15 00:15:00+00:00,0.11470522052205215,0.0,0.0023705004389815,0.3324675324675324
2021-10-15 00:30:00+00:00,0.113073807380738,0.0,0.0023705004389815,0.3316017316017315
2021-10-15 00:45:00+00:00,0.1114423942394239,0.0,0.0023705004389815,0.33073593073593066
2021-10-15 01:00:00+00:00,0.1098109810981098,0.0,0.0023705004389815,0.3298701298701298
2021-10-15 01:15:00+00:00,0.11006413141314131,0.0,0.0023485513608427497,0.32878787878787874
2021-10-15 01:30:00+00:00,0.1103172817281728,0.0,0.002326602282704,0.3277056277056276
2021-10-15 01:45:00+00:00,0.1105704320432043,0.0,0.0023046532045653,0.3266233766233766
2021-10-15 02:00:00+00:00,0.1108235823582358,0.0,0.0022827041264266,0.3255411255411255
2021-10-15 02:15:00+00:00,0.1109079657965796,0.0,0.0023046532045653,0.3268398268398268
2021-10-15 02:30:00+00:00,0.1109923492349234,0.0,0.002326602282704,0.3281385281385281
2021-10-15 02:45:00+00:00,0.11107673267326726,0.0,0.0023485513608427497,0.3294372294372294
2021-10-15 03:00:00+00:00,0.1111611161116111,0.0,0.0023705004389815,0.3307359307359307
2021-10-15 03:15:00+00:00,0.11054230423042295,0.0,0.0023485513608427497,0.33571428571428563
2021-10-15 03:30:00+00:00,0.1099234923492348,0.0,0.002326602282704,0.3406926406926406
2021-10-15 03:45:00+00:00,0.1093046804680467,0.0,0.0023046532045653,0.3456709956709956
2021-10-15 04:00:00+00:00,0.1086858685868586,0.0,0.0022827041264266,0.3506493506493506
2021-10-15 04:15:00+00:00,0.10825457545754565,0.0,0.0023046532045653,0.3623376623376623
2021-10-15 04:30:00+00:00,0.1078232823282327,0.0,0.002326602282704,0.374025974025974
2021-10-15 04:45:00+00:00,0.10739198919891979,0.0,0.0023485513608427497,0.3857142857142857
2021-10-15 05:00:00+00:00,0.1069606960696069,0.0,0.0023705004389815,0.3974025974025974
2021-10-15 05:15:00+00:00,0.10578870387038694,0.0,0.0044556628621597,0.40606060606060607
2021-10-15 05:30:00+00:00,0.104616711671167,0.0,0.0065408252853379,0.4147186147186147
2021-10-15 05:45:00+00:00,0.1034447194719471,0.0,0.00862598770851615,0.42337662337662335
2021-10-15 06:00:00+00:00,0.1022727272727272,0.0,0.0107111501316944,0.432034632034632
2021-10-15 06:15:00+00:00,0.09830670567056696,0.0,0.0573090430201931,0.43441558441558437
2021-10-15 06:30:00+00:00,0.0943406840684067,0.0,0.1039069359086918,0.4367965367965367
2021-10-15 06:45:00+00:00,0.09037466246624655,0.0,0.15050482879719052,0.4391774891774891
2021-10-15 07:00:00+00:00,0.0864086408640864,0.0,0.1971027216856892,0.4415584415584415
2021-10-15 07:15:00+00:00,0.08256450645064504,0.0,0.2692054433713784,0.44199134199134194
2021-10-15 07:30:00+00:00,0.0787203720372037,0.0,0.3413081650570676,0.4424242424242424
2021-10-15 07:45:00+00:00,0.07487623762376235,0.0,0.41341088674275683,0.44285714285714284
2021-10-15 08:00:00+00:00,0.071032103210321,0.0,0.485513608428446,0.4432900432900433
2021-10-15 08:15:00+00:00,0.06817244224422435,0.0,0.5461369622475856,0.44155844155844154
2021-10-15 08:30:00+00:00,0.0653127812781277,0.0,0.6067603160667252,0.4398268398268398
2021-10-15 08:45:00+00:00,0.062453120312031096,0.0,0.6673836698858648,0.43809523809523804
2021-10-15 09:00:00+00:00,0.0595934593459345,0.0,0.7280070237050044,0.4363636363636363
2021-10-15 09:15:00+00:00,0.0576995199519951,0.0,0.7523924495171203,0.43268398268398256
2021-10-15 09:30:00+00:00,0.0558055805580557,0.0,0.7767778753292361,0.4290043290043289
2021-10-15 09:45:00+00:00,0.05391164116411635,0.0,0.801163301141352,0.42532467532467527
2021-10-15 10:00:00+00:00,0.052017701770177,0.0,0.8255487269534679,0.4216450216450216
2021-10-15 10:15:00+00:00,0.05220522052205215,0.0,0.835513608428446,0.41948051948051945
2021-10-15 10:30:00+00:00,0.0523927392739273,0.0,0.845478489903424,0.4173160173160173
2021-10-15 10:45:00+00:00,0.052580258025802504,0.0,0.8554433713784021,0.41515151515151516
2021-10-15 11:00:00+00:00,0.0527677767776777,0.0,0.8654082528533802,0.412987012987013
2021-10-15 11:15:00+00:00,0.0553742874287428,0.0,0.868305531167691,0.4110389610389611
2021-10-15 11:30:00+00:00,0.0579807980798079,0.0,0.8712028094820018,0.4090909090909091
2021-10-15 11:45:00+00:00,0.06058730873087301,0.0,0.8741000877963125,0.40714285714285714
2021-10-15 12:00:00+00:00,0.0631938193819381,0.0,0.8769973661106234,0.4051948051948052
2021-10-15 12:15:00+00:00,0.06643789378937885,0.0,0.8761633011413521,0.4023809523809524
2021-10-15 12:30:00+00:00,0.0696819681968196,0.0,0.8753292361720808,0.3995670995670995
2021-10-15 12:45:00+00:00,0.07292604260426035,0.0,0.8744951712028095,0.39675324675324675
2021-10-15 13:00:00+00:00,0.0761701170117011,0.0,0.8736611062335382,0.3939393939393939
2021-10-15 13:15:00+00:00,0.0791047854785478,0.0,0.8653643546971027,0.39220779220779217
2021-10-15 13:30:00+00:00,0.0820394539453945,0.0,0.8570676031606672,0.3904761904761904
2021-10-15 13:45:00+00:00,0.0849741224122412,0.0,0.8487708516242318,0.3887445887445887
2021-10-15 14:00:00+00:00,0.0879087908790879,0.0,0.8404741000877963,0.387012987012987
2021-10-15 14:15:00+00:00,0.08992461746174615,0.0,0.8093503072870939,0.3852813852813852
2021-10-15 14:30:00+00:00,0.0919404440444044,0.0,0.7782265144863916,0.3835497835497835
2021-10-15 14:45:00+00:00,0.09395627062706266,0.0,0.7471027216856891,0.3818181818181818
2021-10-15 15:00:00+00:00,0.0959720972097209,0.0,0.7159789288849868,0.3800865800865801
2021-10-15 15:15:00+00:00,0.0946969696969696,0.0,0.633340649692713,0.387012987012987
2021-10-15 15:30:00+00:00,0.0934218421842183,0.0,0.550702370500439,0.3939393939393939
2021-10-15 15:45:00+00:00,0.09214671467146704,0.0,0.46806409130816506,0.40086580086580087
2021-10-15 16:00:00+00:00,0.0908715871587158,0.0,0.3854258121158911,0.4077922077922078
2021-10-15 16:15:00+00:00,0.09182793279327925,0.0,0.3116330114135206,0.416017316017316
2021-10-15 16:30:00+00:00,0.0927842784278427,0.0,0.2378402107111501,0.4242424242424242
2021-10-15 16:45:00+00:00,0.0937406240624062,0.0,0.1640474100087796,0.43246753246753245
2021-10-15 17:00:00+00:00,0.0946969696969697,0.0,0.0902546093064091,0.4406926406926407
2021-10-15 17:15:00+00:00,0.0962627512751275,0.0,0.0757901668129938,0.4417748917748917
2021-10-15 17:30:00+00:00,0.0978285328532853,0.0,0.0613257243195785,0.4428571428571428
2021-10-15 17:45:00+00:00,0.0993943144314431,0.0,0.046861281826163254,0.44393939393939386
2021-10-15 18:00:00+00:00,0.1009600960096009,0.0,0.032396839332748,0.445021645021645
2021-10-15 18:15:00+00:00,0.10191644164416436,0.0,0.029653204565408202,0.4428571428571428
2021-10-15 18:30:00+00:00,0.1028727872787278,0.0,0.0269095697980684,0.4406926406926406
2021-10-15 18:45:00+00:00,0.10382913291329124,0.0,0.02416593503072865,0.43852813852813843
2021-10-15 19:00:00+00:00,0.1047854785478547,0.0,0.0214223002633889,0.4363636363636363
2021-10-15 19:15:00+00:00,0.1054042904290428,0.0,0.019249341527655797,0.4348484848484848
2021-10-15 19:30:00+00:00,0.1060231023102309,0.0,0.0170763827919227,0.4333333333333333
2021-10-15 19:45:00+00:00,0.10664191419141905,0.0,0.0149034240561896,0.43181818181818177
2021-10-15 20:00:00+00:00,0.1072607260726072,0.0,0.0127304653204565,0.4303030303030303
2021-10-15 20:15:00+00:00,0.10832958295829576,0.0,0.01110623353819135,0.4196969696969697
2021-10-15 20:30:00+00:00,0.1093984398439843,0.0,0.0094820017559262,0.409090909090909
2021-10-15 20:45:00+00:00,0.1104672967296729,0.0,0.00785776997366105,0.39848484848484844
2021-10-15 21:00:00+00:00,0.1115361536153615,0.0,0.0062335381913959,0.3878787878787879
2021-10-15 21:15:00+00:00,0.1143395589558955,0.0,0.005289727831431,0.3844155844155844
2021-10-15 21:30:00+00:00,0.1171429642964295,0.0,0.0043459174714661,0.3809523809523809
2021-10-15 21:45:00+00:00,0.11994636963696359,0.0,0.00340210711150125,0.37748917748917743
2021-10-15 22:00:00+00:00,0.1227497749774977,0.0,0.0024582967515364,0.374025974025974
2021-10-15 22:15:00+00:00,0.12252475247524745,0.0,0.0024143985952589497,0.3714285714285714
2021-10-15 22:30:00+00:00,0.1222997299729972,0.0,0.0023705004389815,0.3688311688311688
2021-10-15 22:45:00+00:00,0.122074707470747,0.0,0.00232660228270405,0.3662337662337662
2021-10-15 23:00:00+00:00,0.1218496849684968,0.0,0.0022827041264266,0.3636363636363636
2021-10-15 23:15:00+00:00,0.1205276777677767,0.0,0.0022827041264266,0.361038961038961
2021-10-15 23:30:00+00:00,0.1192056705670566,0.0,0.0022827041264266,0.3584415584415584
2021-10-15 23:45:00+00:00,0.11788366336633654,0.0,0.0022827041264266,0.3558441558441558
2021-10-16 00:00:00+00:00,0.1165616561656165,0.0,0.0022827041264266,0.3532467532467532
2021-10-16 00:15:00+00:00,0.11597097209720966,0.0,0.0022827041264266,0.35346320346320337
2021-10-16 00:30:00+00:00,0.1153802880288028,0.0,0.0022827041264266,0.3536796536796536
2021-10-16 00:45:00+00:00,0.114789603960396,0.0,0.0022827041264266,0.3538961038961038
2021-10-16 01:00:00+00:00,0.1141989198919892,0.0,0.0022827041264266,0.3541125541125541
2021-10-16 01:15:00+00:00,0.11103922892289225,0.0,0.0022827041264266,0.35108225108225105
2021-10-16 01:30:00+00:00,0.1078795379537953,0.0,0.0022827041264266,0.348051948051948
2021-10-16 01:45:00+00:00,0.10471984698469841,0.0,0.0022827041264266,0.345021645021645
2021-10-16 02:00:00+00:00,0.1015601560156015,0.0,0.0022827041264266,0.341991341991342
2021-10-16 02:15:00+00:00,0.0990380288028802,0.0,0.0022827041264266,0.3404761904761905
2021-10-16 02:30:00+00:00,0.0965159015901589,0.0,0.0022827041264266,0.3389610389610389
2021-10-16 02:45:00+00:00,0.09399377437743764,0.0,0.0022827041264266,0.33744588744588744
2021-10-16 03:00:00+00:00,0.0914716471647164,0.0,0.0022827041264266,0.3359307359307359
2021-10-16 03:15:00+00:00,0.08899639963996389,0.0,0.0022827041264266,0.33744588744588744
2021-10-16 03:30:00+00:00,0.0865211521152114,0.0,0.0022827041264266,0.3389610389610389
2021-10-16 03:45:00+00:00,0.08404590459045895,0.0,0.0022827041264266,0.3404761904761905
2021-10-16 04:00:00+00:00,0.0815706570657065,0.0,0.0022827041264266,0.341991341991342
2021-10-16 04:15:00+00:00,0.07862661266126605,0.0,0.0023046532045653,0.3422077922077922
2021-10-16 04:30:00+00:00,0.0756825682568256,0.0,0.002326602282704,0.3424242424242424
2021-10-16 04:45:00+00:00,0.07273852385238519,0.0,0.0023485513608427497,0.34264069264069263
2021-10-16 05:00:00+00:00,0.0697944794479448,0.0,0.0023705004389815,0.3428571428571428
2021-10-16 05:15:00+00:00,0.0666535403540354,0.0,0.0059043020193151,0.3491341991341991
2021-10-16 05:30:00+00:00,0.063512601260126,0.0,0.0094381035996487,0.3554112554112553
2021-10-16 05:45:00+00:00,0.0603716621662166,0.0,0.01297190517998235,0.3616883116883116
2021-10-16 06:00:00+00:00,0.0572307230723072,0.0,0.016505706760316,0.3679653679653679
2021-10-16 06:15:00+00:00,0.05293654365436535,0.0,0.060974539069359,0.36883116883116873
2021-10-16 06:30:00+00:00,0.0486423642364235,0.0,0.105443371378402,0.3696969696969696
2021-10-16 06:45:00+00:00,0.04434818481848175,0.0,0.14991220368744504,0.3705627705627705
2021-10-16 07:00:00+00:00,0.04005400540054,0.0,0.1943810359964881,0.3714285714285714
2021-10-16 07:15:00+00:00,0.03549729972997295,0.0,0.2522388059701492,0.3694805194805194
2021-10-16 07:30:00+00:00,0.0309405940594059,0.0,0.3100965759438103,0.3675324675324675
2021-10-16 07:45:00+00:00,0.02638388838883885,0.0,0.3679543459174714,0.36558441558441557
2021-10-16 08:00:00+00:00,0.0218271827182718,0.0,0.4258121158911325,0.3636363636363636
2021-10-16 08:15:00+00:00,0.02054267926792675,0.0,0.46275241439859516,0.36147186147186144
2021-10-16 08:30:00+00:00,0.0192581758175817,0.0,0.4996927129060579,0.3593073593073593
2021-10-16 08:45:00+00:00,0.01797367236723665,0.0,0.5366330114135206,0.35714285714285715
2021-10-16 09:00:00+00:00,0.0166891689168916,0.0,0.5735733099209833,0.354978354978355
2021-10-16 09:15:00+00:00,0.0173079807980797,0.0,0.5921641791044776,0.35389610389610393
2021-10-16 09:30:00+00:00,0.0179267926792678,0.0,0.6107550482879719,0.3528138528138528
2021-10-16 09:45:00+00:00,0.01854560456045595,0.0,0.6293459174714662,0.3517316017316017
2021-10-16 10:00:00+00:00,0.0191644164416441,0.0,0.6479367866549605,0.3506493506493506
2021-10-16 10:15:00+00:00,0.020317656765676498,0.0,0.6528972783143108,0.34848484848484845
2021-10-16 10:30:00+00:00,0.0214708970897089,0.0,0.6578577699736611,0.3463203463203463
2021-10-16 10:45:00+00:00,0.0226241374137413,0.0,0.6628182616330114,0.34415584415584416
2021-10-16 11:00:00+00:00,0.0237773777377737,0.0,0.6677787532923617,0.341991341991342
2021-10-16 11:15:00+00:00,0.025811956195619497,0.0,0.6580772607550482,0.3432900432900433
2021-10-16 11:30:00+00:00,0.0278465346534653,0.0,0.6483757682177349,0.3445887445887446
2021-10-16 11:45:00+00:00,0.0298811131113111,0.0,0.6386742756804215,0.3458874458874459
2021-10-16 12:00:00+00:00,0.0319156915691569,0.0,0.628972783143108,0.3471861471861472
2021-10-16 12:15:00+00:00,0.03626612661266125,0.0,0.6071773485513609,0.34675324675324676
2021-10-16 12:30:00+00:00,0.0406165616561656,0.0,0.5853819139596137,0.3463203463203463
2021-10-16 12:45:00+00:00,0.044966996699669956,0.0,0.5635864793678665,0.34588744588744585
2021-10-16 13:00:00+00:00,0.0493174317431743,0.0,0.5417910447761194,0.3454545454545454
2021-10-16 13:15:00+00:00,0.055524302430243005,0.0,0.5093722563652326,0.34502164502164495
2021-10-16 13:30:00+00:00,0.0617311731173117,0.0,0.4769534679543459,0.3445887445887445
2021-10-16 13:45:00+00:00,0.0679380438043804,0.0,0.44453467954345915,0.3441558441558441
2021-10-16 14:00:00+00:00,0.0741449144914491,0.0,0.4121158911325724,0.3437229437229437
2021-10-16 14:15:00+00:00,0.07865474047404736,0.0,0.3657813871817383,0.3502164502164502
2021-10-16 14:30:00+00:00,0.0831645664566456,0.0,0.3194468832309042,0.3567099567099567
2021-10-16 14:45:00+00:00,0.08767439243924385,0.0,0.27311237928007015,0.3632034632034632
2021-10-16 15:00:00+00:00,0.0921842184218421,0.0,0.2267778753292361,0.3696969696969697
2021-10-16 15:15:00+00:00,0.09471572157215716,0.0,0.1905399473222124,0.37510822510822506
2021-10-16 15:30:00+00:00,0.0972472247224722,0.0,0.1543020193151887,0.3805194805194805
2021-10-16 15:45:00+00:00,0.09977872787278724,0.0,0.118064091308165,0.3859307359307359
2021-10-16 16:00:00+00:00,0.1023102310231023,0.0,0.0818261633011413,0.3913419913419913
2021-10-16 16:15:00+00:00,0.1035572307230723,0.0,0.063937664618086,0.3995670995670995
2021-10-16 16:30:00+00:00,0.1048042304230423,0.0,0.0460491659350307,0.4077922077922077
2021-10-16 16:45:00+00:00,0.10605123012301229,0.0,0.0281606672519754,0.41601731601731595
2021-10-16 17:00:00+00:00,0.1072982298229823,0.0,0.0102721685689201,0.4242424242424242
2021-10-16 17:15:00+00:00,0.11000787578757876,0.0,0.0085162423178226,0.43181818181818177
2021-10-16 17:30:00+00:00,0.1127175217521752,0.0,0.0067603160667251,0.4393939393939393
2021-10-16 17:45:00+00:00,0.11542716771677164,0.0,0.00500438981562765,0.4469696969696969
2021-10-16 18:00:00+00:00,0.1181368136813681,0.0,0.0032484635645302,0.4545454545454545
2021-10-16 18:15:00+00:00,0.1192150465046504,0.0,0.0031167690956979003,0.4532467532467532
2021-10-16 18:30:00+00:00,0.1202932793279327,0.0,0.0029850746268656,0.4519480519480519
2021-10-16 18:45:00+00:00,0.12137151215121506,0.0,0.0028533801580333,0.4506493506493506
2021-10-16 19:00:00+00:00,0.1224497449744974,0.0,0.002721685689201,0.4493506493506493
2021-10-16 19:15:00+00:00,0.12294666966696666,0.0,0.00254609306409125,0.44632034632034623
2021-10-16 19:30:00+00:00,0.1234435943594359,0.0,0.0023705004389815,0.4432900432900432
2021-10-16 19:45:00+00:00,0.12394051905190515,0.0,0.00219490781387175,0.4402597402597402
2021-10-16 20:00:00+00:00,0.1244374437443744,0.0,0.002019315188762,0.4372294372294372
2021-10-16 20:15:00+00:00,0.12529065406540651,0.0,0.0018876207199297,0.4300865800865801
2021-10-16 20:30:00+00:00,0.1261438643864386,0.0,0.0017559262510974,0.4229437229437229
2021-10-16 20:45:00+00:00,0.1269970747074707,0.0,0.0016242317822651,0.4158008658008657
2021-10-16 21:00:00+00:00,0.1278502850285028,0.0,0.0014925373134328,0.4086580086580086
2021-10-16 21:15:00+00:00,0.12767214221422135,0.0,0.0014925373134328,0.40129870129870127
2021-10-16 21:30:00+00:00,0.1274939993999399,0.0,0.0014925373134328,0.3939393939393939
2021-10-16 21:45:00+00:00,0.1273158565856585,0.0,0.0014925373134328,0.3865800865800866
2021-10-16 22:00:00+00:00,0.1271377137713771,0.0,0.0014925373134328,0.3792207792207792
2021-10-16 22:15:00+00:00,0.12830033003300323,0.0,0.0014925373134328,0.3764069264069263
2021-10-16 22:30:00+00:00,0.1294629462946294,0.0,0.0014925373134328,0.3735930735930735
2021-10-16 22:45:00+00:00,0.1306255625562556,0.0,0.0014925373134328,0.37077922077922065
2021-10-16 23:00:00+00:00,0.1317881788178818,0.0,0.0014925373134328,0.3679653679653679
2021-10-16 23:15:00+00:00,0.1333352085208521,0.0,0.00147058823529405,0.36580086580086574
2021-10-16 23:30:00+00:00,0.1348822382238224,0.0,0.0014486391571553,0.3636363636363636
2021-10-16 23:45:00+00:00,0.1364292679267927,0.0,0.0014266900790166001,0.36147186147186144
2021-10-17 00:00:00+00:00,0.137976297629763,0.0,0.0014047410008779,0.3593073593073593
2021-10-17 00:15:00+00:00,0.13816381638163816,0.0,0.0014047410008779,0.3606060606060606
2021-10-17 00:30:00+00:00,0.1383513351335133,0.0,0.0014047410008779,0.3619047619047619
2021-10-17 00:45:00+00:00,0.1385388538853885,0.0,0.0014047410008779,0.3632034632034632
2021-10-17 01:00:00+00:00,0.1387263726372637,0.0,0.0014047410008779,0.3645021645021645
2021-10-17 01:15:00+00:00,0.1414735223522352,0.0,0.0014047410008779,0.36471861471861466
2021-10-17 01:30:00+00:00,0.1442206720672067,0.0,0.0014047410008779,0.3649350649350649
2021-10-17 01:45:00+00:00,0.1469678217821782,0.0,0.0014047410008779,0.3651515151515151
2021-10-17 02:00:00+00:00,0.1497149714971497,0.0,0.0014047410008779,0.3653679653679653
2021-10-17 02:15:00+00:00,0.14748349834983496,0.0,0.0014047410008779,0.3614718614718614
2021-10-17 02:30:00+00:00,0.1452520252025202,0.0,0.0014047410008779,0.3575757575757575
2021-10-17 02:45:00+00:00,0.1430205520552055,0.0,0.0014047410008779,0.35367965367965365
2021-10-17 03:00:00+00:00,0.1407890789078908,0.0,0.0014047410008779,0.3497835497835498
2021-10-17 03:15:00+00:00,0.13784503450345037,0.0,0.0014047410008779,0.3502164502164502
2021-10-17 03:30:00+00:00,0.1349009900990099,0.0,0.0014047410008779,0.3506493506493506
2021-10-17 03:45:00+00:00,0.13195694569456945,0.0,0.0014047410008779,0.35108225108225105
2021-10-17 04:00:00+00:00,0.129012901290129,0.0,0.0014047410008779,0.3515151515151515
2021-10-17 04:15:00+00:00,0.1250843834383438,0.0,0.0014266900790166001,0.3517316017316017
2021-10-17 04:30:00+00:00,0.1211558655865586,0.0,0.0014486391571553,0.3519480519480519
2021-10-17 04:45:00+00:00,0.11722734773477345,0.0,0.00147058823529405,0.3521645021645021
2021-10-17 05:00:00+00:00,0.1132988298829883,0.0,0.0014925373134328,0.3523809523809524
2021-10-17 05:15:00+00:00,0.10908903390339031,0.0,0.0024802458296751,0.3534632034632035
2021-10-17 05:30:00+00:00,0.1048792379237923,0.0,0.0034679543459174,0.3545454545454545
2021-10-17 05:45:00+00:00,0.10066944194419436,0.0,0.00445566286215975,0.3556277056277056
2021-10-17 06:00:00+00:00,0.0964596459645964,0.0,0.0054433713784021,0.3567099567099567
2021-10-17 06:15:00+00:00,0.09292491749174911,0.0,0.0319139596136962,0.3606060606060606
2021-10-17 06:30:00+00:00,0.0893901890189018,0.0,0.0583845478489903,0.3645021645021645
2021-10-17 06:45:00+00:00,0.08585546054605456,0.0,0.0848551360842844,0.3683982683982684
2021-10-17 07:00:00+00:00,0.0823207320732073,0.0,0.1113257243195785,0.3722943722943723
2021-10-17 07:15:00+00:00,0.08006113111311125,0.0,0.16615452151009652,0.37575757575757573
2021-10-17 07:30:00+00:00,0.0778015301530152,0.0,0.2209833187006145,0.3792207792207792
2021-10-17 07:45:00+00:00,0.0755419291929192,0.0,0.2758121158911325,0.3826839826839826
2021-10-17 08:00:00+00:00,0.0732823282328232,0.0,0.3306409130816505,0.3861471861471861
2021-10-17 08:15:00+00:00,0.07019764476447635,0.0,0.3685030728709393,0.3839826839826839
2021-10-17 08:30:00+00:00,0.0671129612961295,0.0,0.4063652326602281,0.3818181818181818
2021-10-17 08:45:00+00:00,0.0640282778277827,0.0,0.44422739244951703,0.37965367965367963
2021-10-17 09:00:00+00:00,0.0609435943594359,0.0,0.4820895522388059,0.3774891774891775
2021-10-17 09:15:00+00:00,0.0601091359135913,0.0,0.5085601404741,0.37597402597402596
2021-10-17 09:30:00+00:00,0.0592746774677467,0.0,0.5350307287093942,0.3744588744588744
2021-10-17 09:45:00+00:00,0.05844021902190215,0.0,0.5615013169446883,0.3729437229437229
2021-10-17 10:00:00+00:00,0.0576057605760576,0.0,0.5879719051799824,0.3714285714285714
2021-10-17 10:15:00+00:00,0.05629312931293125,0.0,0.5882791922739246,0.3694805194805194
2021-10-17 10:30:00+00:00,0.0549804980498049,0.0,0.5885864793678666,0.3675324675324675
2021-10-17 10:45:00+00:00,0.0536678667866786,0.0,0.5888937664618086,0.36558441558441557
2021-10-17 11:00:00+00:00,0.0523552355235523,0.0,0.5892010535557507,0.3636363636363636
2021-10-17 11:15:00+00:00,0.05201770177017695,0.0,0.5861281826163302,0.36125541125541116
2021-10-17 11:30:00+00:00,0.0516801680168016,0.0,0.5830553116769096,0.3588744588744588
2021-10-17 11:45:00+00:00,0.0513426342634263,0.0,0.5799824407374891,0.3564935064935064
2021-10-17 12:00:00+00:00,0.051005100510051,0.0,0.5769095697980685,0.3541125541125541
2021-10-17 12:15:00+00:00,0.0517364236423642,0.0,0.5737928007023705,0.3541125541125541
2021-10-17 12:30:00+00:00,0.0524677467746774,0.0,0.5706760316066726,0.3541125541125541
2021-10-17 12:45:00+00:00,0.05319906990699065,0.0,0.5675592625109745,0.3541125541125541
2021-10-17 13:00:00+00:00,0.0539303930393039,0.0,0.5644424934152765,0.3541125541125541
2021-10-17 13:15:00+00:00,0.054089783978397796,0.0,0.5474978050921862,0.3556277056277056
2021-10-17 13:30:00+00:00,0.0542491749174917,0.0,0.5305531167690957,0.3571428571428571
2021-10-17 13:45:00+00:00,0.0544085658565856,0.0,0.5136084284460052,0.3586580086580087
2021-10-17 14:00:00+00:00,0.0545679567956795,0.0,0.4966637401229148,0.3601731601731602
2021-10-17 14:15:00+00:00,0.053911641164116356,0.0,0.4641352063213344,0.35974025974025975
2021-10-17 14:30:00+00:00,0.0532553255325532,0.0,0.4316066725197541,0.3593073593073593
2021-10-17 14:45:00+00:00,0.05259900990099005,0.0,0.39907813871817377,0.35887445887445885
2021-10-17 15:00:00+00:00,0.0519426942694269,0.0,0.3665496049165935,0.3584415584415584
2021-10-17 15:15:00+00:00,0.0505269276927692,0.0,0.319468832309043,0.3642857142857142
2021-10-17 15:30:00+00:00,0.0491111611161115,0.0,0.2723880597014925,0.3701298701298701
2021-10-17 15:45:00+00:00,0.04769539453945385,0.0,0.225307287093942,0.37597402597402596
2021-10-17 16:00:00+00:00,0.0462796279627962,0.0,0.1782265144863915,0.3818181818181818
2021-10-17 16:15:00+00:00,0.04631713171317125,0.0,0.14108867427568036,0.39004329004328997
2021-10-17 16:30:00+00:00,0.0463546354635463,0.0,0.1039508340649692,0.3982683982683982
2021-10-17 16:45:00+00:00,0.04639213921392135,0.0,0.06681299385425805,0.40649350649350646
2021-10-17 17:00:00+00:00,0.0464296429642964,0.0,0.0296751536435469,0.4147186147186147
2021-10-17 17:15:00+00:00,0.04798604860486045,0.0,0.02311237928007015,0.42662337662337657
2021-10-17 17:30:00+00:00,0.0495424542454245,0.0,0.0165496049165934,0.4385281385281385
2021-10-17 17:45:00+00:00,0.05109885988598855,0.0,0.0099868305531167,0.4504329004329004
2021-10-17 18:00:00+00:00,0.0526552655265526,0.0,0.00342405618964,0.4623376623376623
2021-10-17 18:15:00+00:00,0.0537803780378037,0.0,0.0029850746268655997,0.45584415584415583
2021-10-17 18:30:00+00:00,0.0549054905490548,0.0,0.0025460930640912,0.4493506493506493
2021-10-17 18:45:00+00:00,0.05603060306030595,0.0,0.00210711150131685,0.4428571428571428
2021-10-17 19:00:00+00:00,0.0571557155715571,0.0,0.0016681299385425,0.4363636363636363
2021-10-17 19:15:00+00:00,0.05868399339933986,0.0,0.00162423178226505,0.43419913419913414
2021-10-17 19:30:00+00:00,0.0602122712271226,0.0,0.0015803336259876,0.432034632034632
2021-10-17 19:45:00+00:00,0.061740549054905405,0.0,0.0015364354697102,0.42987012987012985
2021-10-17 20:00:00+00:00,0.0632688268826882,0.0,0.0014925373134328,0.4277056277056277
2021-10-17 20:15:00+00:00,0.06527527752775265,0.0,0.0014925373134328,0.4244588744588745
2021-10-17 20:30:00+00:00,0.0672817281728171,0.0,0.0014925373134328,0.4212121212121212
2021-10-17 20:45:00+00:00,0.06928817881788166,0.0,0.0014925373134328,0.417965367965368
2021-10-17 21:00:00+00:00,0.0712946294629462,0.0,0.0014925373134328,0.4147186147186147
2021-10-17 21:15:00+00:00,0.07315106510651054,0.0,0.0014925373134328,0.40606060606060607
2021-10-17 21:30:00+00:00,0.0750075007500749,0.0,0.0014925373134328,0.3974025974025974
2021-10-17 21:45:00+00:00,0.0768639363936393,0.0,0.0014925373134328,0.3887445887445887
2021-10-17 22:00:00+00:00,0.0787203720372037,0.0,0.0014925373134328,0.3800865800865801
2021-10-17 22:15:00+00:00,0.07898289828982895,0.0,0.0014925373134328,0.37705627705627703
2021-10-17 22:30:00+00:00,0.0792454245424542,0.0,0.0014925373134328,0.374025974025974
2021-10-17 22:45:00+00:00,0.07950795079507944,0.0,0.0014925373134328,0.37099567099567093
2021-10-17 23:00:00+00:00,0.0797704770477047,0.0,0.0014925373134328,0.3679653679653679
2021-10-17 23:15:00+00:00,0.0808768376837683,0.0,0.0014925373134328,0.36471861471861466
2021-10-17 23:30:00+00:00,0.0819831983198319,0.0,0.0014925373134328,0.3614718614718614
2021-10-17 23:45:00+00:00,0.08308955895589555,0.0,0.0014925373134328,0.3582251082251082
2021-10-18 00:00:00+00:00,0.0841959195919592,0.0,0.0014925373134328,0.354978354978355
2021-10-18 00:15:00+00:00,0.08509600960096005,0.0,0.0014925373134328,0.3547619047619047
2021-10-18 00:30:00+00:00,0.0859960996099609,0.0,0.0014925373134328,0.3545454545454545
2021-10-18 00:45:00+00:00,0.08689618961896184,0.0,0.0014925373134328,0.35432900432900427
2021-10-18 01:00:00+00:00,0.0877962796279628,0.0,0.0014925373134328,0.3541125541125541
2021-10-18 01:15:00+00:00,0.08884638463846385,0.0,0.0014925373134328,0.3525974025974026
2021-10-18 01:30:00+00:00,0.0898964896489649,0.0,0.0014925373134328,0.351082251082251
2021-10-18 01:45:00+00:00,0.09094659465946595,0.0,0.0014925373134328,0.3495670995670995
2021-10-18 02:00:00+00:00,0.091996699669967,0.0,0.0014925373134328,0.348051948051948
2021-10-18 02:15:00+00:00,0.09376875187518745,0.0,0.0014925373134328,0.34826839826839817
2021-10-18 02:30:00+00:00,0.0955408040804079,0.0,0.0014925373134328,0.3484848484848484
2021-10-18 02:45:00+00:00,0.09731285628562844,0.0,0.0014925373134328,0.3487012987012986
2021-10-18 03:00:00+00:00,0.099084908490849,0.0,0.0014925373134328,0.3489177489177489
2021-10-18 03:15:00+00:00,0.10179455445544544,0.0,0.00166812993854255,0.3512987012987012
2021-10-18 03:30:00+00:00,0.1045042004200419,0.0,0.0018437225636523,0.3536796536796536
2021-10-18 03:45:00+00:00,0.1072138463846384,0.0,0.00201931518876205,0.35606060606060597
2021-10-18 04:00:00+00:00,0.1099234923492349,0.0,0.0021949078138718,0.3584415584415584
2021-10-18 04:15:00+00:00,0.110814206420642,0.0,0.00230465320456535,0.361038961038961
2021-10-18 04:30:00+00:00,0.1117049204920491,0.0,0.0024143985952589,0.3636363636363636
2021-10-18 04:45:00+00:00,0.11259563456345624,0.0,0.0025241439859524997,0.3662337662337662
2021-10-18 05:00:00+00:00,0.1134863486348634,0.0,0.0026338893766461,0.3688311688311688
2021-10-18 05:15:00+00:00,0.11386138613861374,0.0,0.0050482879719051,0.37099567099567093
2021-10-18 05:30:00+00:00,0.1142364236423641,0.0,0.0074626865671641,0.3731601731601731
2021-10-18 05:45:00+00:00,0.11461146114611451,0.0,0.0098770851624231,0.3753246753246753
2021-10-18 06:00:00+00:00,0.1149864986498649,0.0,0.0122914837576821,0.3774891774891775
2021-10-18 06:15:00+00:00,0.11319569456945686,0.0,0.0491000877963125,0.3781385281385281
2021-10-18 06:30:00+00:00,0.1114048904890488,0.0,0.0859086918349429,0.3787878787878788
2021-10-18 06:45:00+00:00,0.10961408640864079,0.0,0.1227172958735733,0.37943722943722946
2021-10-18 07:00:00+00:00,0.1078232823282328,0.0,0.1595258999122037,0.3800865800865801
2021-10-18 07:15:00+00:00,0.1066887938793879,0.0,0.2188323090430202,0.3772727272727272
2021-10-18 07:30:00+00:00,0.105554305430543,0.0,0.2781387181738367,0.3744588744588744
2021-10-18 07:45:00+00:00,0.10441981698169811,0.0,0.33744512730465315,0.37164502164502156
2021-10-18 08:00:00+00:00,0.1032853285328532,0.0,0.3967515364354697,0.3688311688311688
2021-10-18 08:15:00+00:00,0.10200082508250816,0.0,0.4451053555750658,0.36320346320346314
2021-10-18 08:30:00+00:00,0.1007163216321631,0.0,0.4934591747146619,0.3575757575757575
2021-10-18 08:45:00+00:00,0.0994318181818181,0.0,0.5418129938542581,0.3519480519480519
2021-10-18 09:00:00+00:00,0.0981473147314731,0.0,0.5901668129938542,0.3463203463203463
2021-10-18 09:15:00+00:00,0.09747224722472239,0.0,0.6178446005267778,0.3428571428571428
2021-10-18 09:30:00+00:00,0.0967971797179717,0.0,0.6455223880597014,0.3393939393939393
2021-10-18 09:45:00+00:00,0.09612211221122105,0.0,0.6732001755926251,0.33593073593073586
2021-10-18 10:00:00+00:00,0.0954470447044704,0.0,0.7008779631255487,0.3324675324675324
2021-10-18 10:15:00+00:00,0.0944344434443444,0.0,0.7136084284460054,0.3311688311688311
2021-10-18 10:30:00+00:00,0.0934218421842184,0.0,0.7263388937664619,0.3298701298701298
2021-10-18 10:45:00+00:00,0.09240924092409239,0.0,0.7390693590869184,0.3285714285714285
2021-10-18 11:00:00+00:00,0.0913966396639664,0.0,0.7517998244073749,0.3272727272727272
2021-10-18 11:15:00+00:00,0.09089971497149715,0.0,0.7548946444249341,0.32619047619047614
2021-10-18 11:30:00+00:00,0.0904027902790279,0.0,0.7579894644424934,0.325108225108225
2021-10-18 11:45:00+00:00,0.08990586558655865,0.0,0.7610842844600527,0.324025974025974
2021-10-18 12:00:00+00:00,0.0894089408940894,0.0,0.764179104477612,0.3229437229437229
2021-10-18 12:15:00+00:00,0.08950270027002695,0.0,0.7559482001755926,0.32316017316017315
2021-10-18 12:30:00+00:00,0.0895964596459645,0.0,0.7477172958735734,0.3233766233766234
2021-10-18 12:45:00+00:00,0.0896902190219021,0.0,0.739486391571554,0.3235930735930736
2021-10-18 13:00:00+00:00,0.0897839783978397,0.0,0.7312554872695347,0.3238095238095238
2021-10-18 13:15:00+00:00,0.0904965496549654,0.0,0.7130158033362599,0.322943722943723
2021-10-18 13:30:00+00:00,0.0912091209120911,0.0,0.6947761194029851,0.3220779220779221
2021-10-18 13:45:00+00:00,0.09192169216921685,0.0,0.6765364354697103,0.32121212121212117
2021-10-18 14:00:00+00:00,0.0926342634263426,0.0,0.6582967515364355,0.3203463203463203
2021-10-18 14:15:00+00:00,0.09220297029702965,0.0,0.6176251097453906,0.32186147186147185
2021-10-18 14:30:00+00:00,0.0917716771677167,0.0,0.5769534679543459,0.3233766233766234
2021-10-18 14:45:00+00:00,0.0913403840384038,0.0,0.5362818261633011,0.3248917748917749
2021-10-18 15:00:00+00:00,0.0909090909090909,0.0,0.4956101843722563,0.3264069264069264
2021-10-18 15:15:00+00:00,0.09309368436843679,0.0,0.42710711150131686,0.337012987012987
2021-10-18 15:30:00+00:00,0.0952782778277827,0.0,0.3586040386303774,0.3476190476190476
2021-10-18 15:45:00+00:00,0.09746287128712865,0.0,0.290100965759438,0.3582251082251082
2021-10-18 16:00:00+00:00,0.0996474647464746,0.0,0.2215978928884986,0.3688311688311688
2021-10-18 16:15:00+00:00,0.1034540954095409,0.0,0.17690956979806835,0.39502164502164494
2021-10-18 16:30:00+00:00,0.1072607260726072,0.0,0.1322212467076381,0.4212121212121211
2021-10-18 16:45:00+00:00,0.1110673567356735,0.0,0.08753292361720795,0.4474025974025973
2021-10-18 17:00:00+00:00,0.1148739873987398,0.0,0.0428446005267778,0.4735930735930735
2021-10-18 17:15:00+00:00,0.1168991899189918,0.0,0.0371817383669885,0.46926406926406916
2021-10-18 17:30:00+00:00,0.1189243924392438,0.0,0.0315188762071992,0.4649350649350648
2021-10-18 17:45:00+00:00,0.12094959495949585,0.0,0.02585601404740995,0.4606060606060606
2021-10-18 18:00:00+00:00,0.1229747974797479,0.0,0.0201931518876207,0.4562770562770563
2021-10-18 18:15:00+00:00,0.12839408940894081,0.0,0.018151887620719898,0.4536796536796537
2021-10-18 18:30:00+00:00,0.1338133813381337,0.0,0.0161106233538191,0.4510822510822511
2021-10-18 18:45:00+00:00,0.13923267326732663,0.0,0.014069359086918299,0.4484848484848485
2021-10-18 19:00:00+00:00,0.1446519651965196,0.0,0.0120280948200175,0.4458874458874459
2021-10-18 19:15:00+00:00,0.15230273027302726,0.0,0.0110842844600526,0.43528138528138527
2021-10-18 19:30:00+00:00,0.1599534953495349,0.0,0.0101404741000877,0.4246753246753246
2021-10-18 19:45:00+00:00,0.16760426042604254,0.0,0.00919666374012285,0.41406926406926403
2021-10-18 20:00:00+00:00,0.1752550255025502,0.0,0.008252853380158,0.4034632034632034
2021-10-18 20:15:00+00:00,0.18248387338733865,0.0,0.0081650570676031,0.39523809523809517
2021-10-18 20:30:00+00:00,0.1897127212721271,0.0,0.0080772607550482,0.3870129870129869
2021-10-18 20:45:00+00:00,0.1969415691569156,0.0,0.00798946444249335,0.3787878787878787
2021-10-18 21:00:00+00:00,0.2041704170417041,0.0,0.0079016681299385,0.3705627705627705
2021-10-18 21:15:00+00:00,0.20905528052805275,0.0,0.007879719051799749,0.36320346320346314
2021-10-18 21:30:00+00:00,0.2139401440144014,0.0,0.007857769973661,0.3558441558441558
2021-10-18 21:45:00+00:00,0.21882500750075007,0.0,0.007835820895522299,0.34848484848484845
2021-10-18 22:00:00+00:00,0.2237098709870987,0.0,0.0078138718173836,0.3411255411255411
2021-10-18 22:15:00+00:00,0.227047704770477,0.0,0.0078138718173836,0.3359307359307359
2021-10-18 22:30:00+00:00,0.2303855385538553,0.0,0.0078138718173836,0.3307359307359307
2021-10-18 22:45:00+00:00,0.23372337233723364,0.0,0.0078138718173836,0.3255411255411255
2021-10-18 23:00:00+00:00,0.237061206120612,0.0,0.0078138718173836,0.3203463203463203
2021-10-18 23:15:00+00:00,0.2384488448844884,0.0,0.0078138718173836,0.3175324675324675
2021-10-18 23:30:00+00:00,0.2398364836483648,0.0,0.0078138718173836,0.3147186147186147
2021-10-18 23:45:00+00:00,0.2412241224122412,0.0,0.0078138718173836,0.3119047619047619
2021-10-19 00:00:00+00:00,0.2426117611761176,0.0,0.0078138718173836,0.3090909090909091
2021-10-19 00:15:00+00:00,0.24376500150015,0.0,0.0078138718173836,0.3077922077922078
2021-10-19 00:30:00+00:00,0.2449182418241824,0.0,0.0078138718173836,0.3064935064935065
2021-10-19 00:45:00+00:00,0.24607148214821478,0.0,0.0078138718173836,0.3051948051948052
2021-10-19 01:00:00+00:00,0.2472247224722472,0.0,0.0078138718173836,0.3038961038961039
2021-10-19 01:15:00+00:00,0.2490436543654365,0.0,0.0078138718173836,0.30216450216450214
2021-10-19 01:30:00+00:00,0.2508625862586258,0.0,0.0078138718173836,0.3004329004329004
2021-10-19 01:45:00+00:00,0.2526815181518151,0.0,0.0078138718173836,0.2987012987012987
2021-10-19 02:00:00+00:00,0.2545004500450045,0.0,0.0078138718173836,0.296969696969697
2021-10-19 02:15:00+00:00,0.25319719471947194,0.0,0.0078138718173836,0.296969696969697
2021-10-19 02:30:00+00:00,0.2518939393939394,0.0,0.0078138718173836,0.296969696969697
2021-10-19 02:45:00+00:00,0.25059068406840684,0.0,0.0078138718173836,0.296969696969697
2021-10-19 03:00:00+00:00,0.2492874287428743,0.0,0.0078138718173836,0.296969696969697
2021-10-19 03:15:00+00:00,0.24900615061506148,0.0,0.0078138718173836,0.31082251082251083
2021-10-19 03:30:00+00:00,0.2487248724872487,0.0,0.0078138718173836,0.3246753246753247
2021-10-19 03:45:00+00:00,0.24844359435943592,0.0,0.0078138718173836,0.33852813852813857
2021-10-19 04:00:00+00:00,0.2481623162316231,0.0,0.0078138718173836,0.3523809523809524
2021-10-19 04:15:00+00:00,0.2482560756075607,0.0,0.0078138718173836,0.3471861471861472
2021-10-19 04:30:00+00:00,0.2483498349834983,0.0,0.0078138718173836,0.341991341991342
2021-10-19 04:45:00+00:00,0.24844359435943592,0.0,0.0078138718173836,0.3367965367965368
2021-10-19 05:00:00+00:00,0.2485373537353735,0.0,0.0078138718173836,0.3316017316017316
2021-10-19 05:15:00+00:00,0.2489686468646864,0.0,0.009745390693590799,0.33484848484848484
2021-10-19 05:30:00+00:00,0.2493999399939993,0.0,0.011676909569798,0.3380952380952381
2021-10-19 05:45:00+00:00,0.24983123312331224,0.0,0.013608428446005199,0.34134199134199134
2021-10-19 06:00:00+00:00,0.2502625262526252,0.0,0.0155399473222124,0.3445887445887446
2021-10-19 06:15:00+00:00,0.24954995499549942,0.0,0.061018437225636456,0.34870129870129873
2021-10-19 06:30:00+00:00,0.2488373837383737,0.0,0.1064969271290605,0.3528138528138528
2021-10-19 06:45:00+00:00,0.24812481248124804,0.0,0.1519754170324846,0.35692640692640687
2021-10-19 07:00:00+00:00,0.2474122412241224,0.0,0.1974539069359087,0.361038961038961
2021-10-19 07:15:00+00:00,0.24581833183318325,0.0,0.271027216856892,0.3616883116883116
2021-10-19 07:30:00+00:00,0.2442244224422441,0.0,0.3446005267778753,0.3623376623376623
2021-10-19 07:45:00+00:00,0.24263051305130506,0.0,0.41817383669885866,0.36298701298701297
2021-10-19 08:00:00+00:00,0.241036603660366,0.0,0.491747146619842,0.3636363636363636
2021-10-19 08:15:00+00:00,0.24233985898589855,0.0,0.5486391571553995,0.35670995670995664
2021-10-19 08:30:00+00:00,0.2436431143114311,0.0,0.6055311676909569,0.3497835497835497
2021-10-19 08:45:00+00:00,0.24494636963696365,0.0,0.6624231782265144,0.3428571428571428
2021-10-19 09:00:00+00:00,0.2462496249624962,0.0,0.719315188762072,0.3359307359307359
2021-10-19 09:15:00+00:00,0.25089071407140706,0.0,0.7440956979806848,0.3333333333333333
2021-10-19 09:30:00+00:00,0.255531803180318,0.0,0.7688762071992976,0.3307359307359307
2021-10-19 09:45:00+00:00,0.2601728922892289,0.0,0.7936567164179105,0.3281385281385281
2021-10-19 10:00:00+00:00,0.2648139813981398,0.0,0.8184372256365232,0.3255411255411255
2021-10-19 10:15:00+00:00,0.269323807380738,0.0,0.824209833187006,0.324025974025974
2021-10-19 10:30:00+00:00,0.2738336333633363,0.0,0.829982440737489,0.3225108225108225
2021-10-19 10:45:00+00:00,0.27834345934593463,0.0,0.8357550482879719,0.320995670995671
2021-10-19 11:00:00+00:00,0.2828532853285329,0.0,0.8415276558384548,0.3194805194805195
2021-10-19 11:15:00+00:00,0.2857785778577858,0.0,0.8417251975417033,0.3212121212121212
2021-10-19 11:30:00+00:00,0.2887038703870387,0.0,0.8419227392449518,0.322943722943723
2021-10-19 11:45:00+00:00,0.2916291629162916,0.0,0.8421202809482002,0.3246753246753247
2021-10-19 12:00:00+00:00,0.2945544554455445,0.0,0.8423178226514486,0.3264069264069264
2021-10-19 12:15:00+00:00,0.2992236723672367,0.0,0.8426909569798069,0.3268398268398268
2021-10-19 12:30:00+00:00,0.3038928892889289,0.0,0.8430640913081651,0.3272727272727272
2021-10-19 12:45:00+00:00,0.3085621062106211,0.0,0.8434372256365232,0.32770562770562767
2021-10-19 13:00:00+00:00,0.3132313231323132,0.0,0.8438103599648815,0.3281385281385281
2021-10-19 13:15:00+00:00,0.3147314731473147,0.0,0.8343722563652327,0.3251082251082251
2021-10-19 13:30:00+00:00,0.3162316231623162,0.0,0.8249341527655838,0.3220779220779221
2021-10-19 13:45:00+00:00,0.3177317731773177,0.0,0.815496049165935,0.319047619047619
2021-10-19 14:00:00+00:00,0.3192319231923192,0.0,0.8060579455662862,0.316017316017316
2021-10-19 14:15:00+00:00,0.3208914641464146,0.0,0.7772168568920105,0.3242424242424242
2021-10-19 14:30:00+00:00,0.32255100510051,0.0,0.7483757682177348,0.3324675324675324
2021-10-19 14:45:00+00:00,0.3242105460546054,0.0,0.7195346795434592,0.34069264069264066
2021-10-19 15:00:00+00:00,0.3258700870087008,0.0,0.6906935908691835,0.3489177489177489
2021-10-19 15:15:00+00:00,0.32532628262826274,0.0,0.6075065847234415,0.3612554112554113
2021-10-19 15:30:00+00:00,0.3247824782478247,0.0,0.5243195785776997,0.3735930735930736
2021-10-19 15:45:00+00:00,0.3242386738673867,0.0,0.44113257243195786,0.3859307359307359
2021-10-19 16:00:00+00:00,0.3236948694869487,0.0,0.357945566286216,0.3982683982683982
2021-10-19 16:15:00+00:00,0.3239480198019802,0.0,0.2883230904302019,0.39653679653679647
2021-10-19 16:30:00+00:00,0.3242011701170116,0.0,0.2187006145741878,0.3948051948051947
2021-10-19 16:45:00+00:00,0.32445432043204314,0.0,0.14907813871817374,0.393073593073593
2021-10-19 17:00:00+00:00,0.3247074707470747,0.0,0.0794556628621597,0.3913419913419913
2021-10-19 17:15:00+00:00,0.32857035703570353,0.0,0.0688542581211588,0.39848484848484844
2021-10-19 17:30:00+00:00,0.3324332433243324,0.0,0.0582528533801579,0.4056277056277056
2021-10-19 17:45:00+00:00,0.33629612961296124,0.0,0.047651448639157046,0.4127705627705628
2021-10-19 18:00:00+00:00,0.3401590159015901,0.0,0.0370500438981562,0.4199134199134199
2021-10-19 18:15:00+00:00,0.3447719771977197,0.0,0.035074626865671546,0.4205627705627706
2021-10-19 18:30:00+00:00,0.3493849384938493,0.0,0.0330992098331869,0.4212121212121212
2021-10-19 18:45:00+00:00,0.353997899789979,0.0,0.0311237928007023,0.4218614718614718
2021-10-19 19:00:00+00:00,0.3586108610861086,0.0,0.0291483757682177,0.4225108225108225
2021-10-19 19:15:00+00:00,0.3619299429942994,0.0,0.02622914837576815,0.41948051948051945
2021-10-19 19:30:00+00:00,0.3652490249024902,0.0,0.0233099209833186,0.4164502164502164
2021-10-19 19:45:00+00:00,0.3685681068106811,0.0,0.0203906935908691,0.4134199134199134
2021-10-19 20:00:00+00:00,0.3718871887188719,0.0,0.0174714661984196,0.4103896103896104
2021-10-19 20:15:00+00:00,0.3764720222022202,0.0,0.01477172958735725,0.4012987012987013
2021-10-19 20:30:00+00:00,0.3810568556855686,0.0,0.0120719929762949,0.3922077922077922
2021-10-19 20:45:00+00:00,0.3856416891689169,0.0,0.0093722563652326,0.3831168831168831
2021-10-19 21:00:00+00:00,0.3902265226522652,0.0,0.0066725197541703,0.374025974025974
2021-10-19 21:15:00+00:00,0.3949051155115511,0.0,0.00627743634767335,0.36839826839826834
2021-10-19 21:30:00+00:00,0.399583708370837,0.0,0.0058823529411764,0.3627705627705627
2021-10-19 21:45:00+00:00,0.40426230123012297,0.0,0.0054872695346795,0.3571428571428571
2021-10-19 22:00:00+00:00,0.4089408940894089,0.0,0.0050921861281826,0.3515151515151515
2021-10-19 22:15:00+00:00,0.4093346834683468,0.0,0.0050921861281826,0.3456709956709957
2021-10-19 22:30:00+00:00,0.4097284728472847,0.0,0.0050921861281826,0.3398268398268398
2021-10-19 22:45:00+00:00,0.4101222622262226,0.0,0.0050921861281826,0.33398268398268394
2021-10-19 23:00:00+00:00,0.4105160516051605,0.0,0.0050921861281826,0.3281385281385281
2021-10-19 23:15:00+00:00,0.4067375487548755,0.0,0.0050921861281826,0.32359307359307354
2021-10-19 23:30:00+00:00,0.4029590459045905,0.0,0.0050921861281826,0.319047619047619
2021-10-19 23:45:00+00:00,0.39918054305430545,0.0,0.0050921861281826,0.31450216450216445
2021-10-20 00:00:00+00:00,0.3954020402040204,0.0,0.0050921861281826,0.3099567099567099
2021-10-20 00:15:00+00:00,0.3864198919891989,0.0,0.0050921861281826,0.3095238095238094
2021-10-20 00:30:00+00:00,0.3774377437743774,0.0,0.0050921861281826,0.309090909090909
2021-10-20 00:45:00+00:00,0.36845559555955587,0.0,0.0050921861281826,0.30865800865800863
2021-10-20 01:00:00+00:00,0.3594734473447344,0.0,0.0050921861281826,0.3082251082251082
2021-10-20 01:15:00+00:00,0.35066944194419436,0.0,0.0050921861281826,0.30779220779220773
2021-10-20 01:30:00+00:00,0.3418654365436543,0.0,0.0050921861281826,0.3073593073593073
2021-10-20 01:45:00+00:00,0.33306143114311426,0.0,0.0050921861281826,0.3069264069264069
2021-10-20 02:00:00+00:00,0.3242574257425742,0.0,0.0050921861281826,0.3064935064935065
2021-10-20 02:15:00+00:00,0.316550405040504,0.0,0.0050921861281826,0.30735930735930733
2021-10-20 02:30:00+00:00,0.3088433843384338,0.0,0.0050921861281826,0.3082251082251082
2021-10-20 02:45:00+00:00,0.3011363636363636,0.0,0.0050921861281826,0.309090909090909
2021-10-20 03:00:00+00:00,0.2934293429342934,0.0,0.0050921861281826,0.3099567099567099
2021-10-20 03:15:00+00:00,0.2861348634863486,0.0,0.00507023705004385,0.3084415584415584
2021-10-20 03:30:00+00:00,0.2788403840384038,0.0,0.0050482879719051,0.3069264069264069
2021-10-20 03:45:00+00:00,0.271545904590459,0.0,0.005026338893766399,0.30541125541125536
2021-10-20 04:00:00+00:00,0.2642514251425142,0.0,0.0050043898156277,0.3038961038961039
2021-10-20 04:15:00+00:00,0.25986348634863476,0.0,0.00496049165935025,0.3233766233766233
2021-10-20 04:30:00+00:00,0.2554755475547554,0.0,0.0049165935030728,0.3428571428571428
2021-10-20 04:45:00+00:00,0.25108760876087605,0.0,0.00487269534679535,0.3623376623376623
2021-10-20 05:00:00+00:00,0.2466996699669967,0.0,0.0048287971905179,0.3818181818181818
2021-10-20 05:15:00+00:00,0.2450307530753075,0.0,0.00697980684811225,0.37251082251082246
2021-10-20 05:30:00+00:00,0.2433618361836183,0.0,0.0091308165057066,0.3632034632034632
2021-10-20 05:45:00+00:00,0.24169291929192915,0.0,0.01128182616330105,0.35389610389610393
2021-10-20 06:00:00+00:00,0.24002400240024,0.0,0.0134328358208955,0.3445887445887446
2021-10-20 06:15:00+00:00,0.2381769426942694,0.0,0.0562993854258121,0.34523809523809523
2021-10-20 06:30:00+00:00,0.2363298829882988,0.0,0.0991659350307287,0.3458874458874459
2021-10-20 06:45:00+00:00,0.2344828232823282,0.0,0.1420324846356453,0.3465367965367966
2021-10-20 07:00:00+00:00,0.2326357635763576,0.0,0.1848990342405619,0.3471861471861472
2021-10-20 07:15:00+00:00,0.23022614761476146,0.0,0.26119402985074625,0.34437229437229433
2021-10-20 07:30:00+00:00,0.2278165316531653,0.0,0.3374890254609306,0.3415584415584415
2021-10-20 07:45:00+00:00,0.22540691569156915,0.0,0.413784021071115,0.3387445887445887
2021-10-20 08:00:00+00:00,0.222997299729973,0.0,0.4900790166812994,0.3359307359307359
2021-10-20 08:15:00+00:00,0.2307699519951995,0.0,0.5482660228270413,0.3322510822510822
2021-10-20 08:30:00+00:00,0.238542604260426,0.0,0.6064530289727832,0.3285714285714285
2021-10-20 08:45:00+00:00,0.24631525652565256,0.0,0.6646400351185251,0.3248917748917749
2021-10-20 09:00:00+00:00,0.2540879087908791,0.0,0.7228270412642669,0.3212121212121212
2021-10-20 09:15:00+00:00,0.2682549504950495,0.0,0.7422300263388937,0.3188311688311688
2021-10-20 09:30:00+00:00,0.2824219921992199,0.0,0.7616330114135206,0.3164502164502164
2021-10-20 09:45:00+00:00,0.2965890339033903,0.0,0.7810359964881475,0.31406926406926405
2021-10-20 10:00:00+00:00,0.3107560756075607,0.0,0.8004389815627744,0.3116883116883117
2021-10-20 10:15:00+00:00,0.3242199219921992,0.0,0.8060359964881475,0.3116883116883117
2021-10-20 10:30:00+00:00,0.3376837683768376,0.0,0.8116330114135206,0.3116883116883117
2021-10-20 10:45:00+00:00,0.3511476147614761,0.0,0.8172300263388937,0.3116883116883117
2021-10-20 11:00:00+00:00,0.3646114611461146,0.0,0.8228270412642669,0.3116883116883117
2021-10-20 11:15:00+00:00,0.37108085808580854,0.0,0.8204345917471466,0.3095238095238095
2021-10-20 11:30:00+00:00,0.3775502550255025,0.0,0.8180421422300264,0.3073593073593073
2021-10-20 11:45:00+00:00,0.3840196519651965,0.0,0.815649692712906,0.30519480519480513
2021-10-20 12:00:00+00:00,0.3904890489048905,0.0,0.8132572431957857,0.303030303030303
2021-10-20 12:15:00+00:00,0.3945863336333634,0.0,0.805684811237928,0.30216450216450214
2021-10-20 12:30:00+00:00,0.3986836183618362,0.0,0.7981123792800703,0.3012987012987013
2021-10-20 12:45:00+00:00,0.402780903090309,0.0,0.7905399473222126,0.30043290043290044
2021-10-20 13:00:00+00:00,0.4068781878187819,0.0,0.7829675153643547,0.2995670995670996
2021-10-20 13:15:00+00:00,0.4108254575457545,0.0,0.7683713784021071,0.29935064935064937
2021-10-20 13:30:00+00:00,0.4147727272727272,0.0,0.7537752414398595,0.2991341991341991
2021-10-20 13:45:00+00:00,0.41871999699969986,0.0,0.7391791044776119,0.2989177489177489
2021-10-20 14:00:00+00:00,0.4226672667266726,0.0,0.7245829675153643,0.2987012987012987
2021-10-20 14:15:00+00:00,0.4239798979897989,0.0,0.6845039508340649,0.31277056277056275
2021-10-20 14:30:00+00:00,0.4252925292529252,0.0,0.6444249341527656,0.3268398268398268
2021-10-20 14:45:00+00:00,0.4266051605160516,0.0,0.6043459174714663,0.3409090909090909
2021-10-20 15:00:00+00:00,0.4279177917791779,0.0,0.5642669007901668,0.354978354978355
2021-10-20 15:15:00+00:00,0.4257425742574257,0.0,0.49053994732221246,0.36536796536796534
2021-10-20 15:30:00+00:00,0.4235673567356735,0.0,0.4168129938542581,0.3757575757575757
2021-10-20 15:45:00+00:00,0.4213921392139213,0.0,0.34308604038630375,0.38614718614718613
2021-10-20 16:00:00+00:00,0.4192169216921692,0.0,0.2693590869183494,0.3965367965367965
2021-10-20 16:15:00+00:00,0.4144914491449144,0.0,0.2156277436347673,0.3939393939393939
2021-10-20 16:30:00+00:00,0.4097659765976597,0.0,0.1618964003511852,0.3913419913419913
2021-10-20 16:45:00+00:00,0.405040504050405,0.0,0.1081650570676031,0.3887445887445887
2021-10-20 17:00:00+00:00,0.4003150315031503,0.0,0.054433713784021,0.3861471861471861
2021-10-20 17:15:00+00:00,0.3951676417641764,0.0,0.04460052677787525,0.39242424242424234
2021-10-20 17:30:00+00:00,0.3900202520252025,0.0,0.0347673397717295,0.3987012987012986
2021-10-20 17:45:00+00:00,0.38487286228622863,0.0,0.0249341527655838,0.4049783549783549
2021-10-20 18:00:00+00:00,0.3797254725472547,0.0,0.0151009657594381,0.4112554112554112
2021-10-20 18:15:00+00:00,0.3713621362136213,0.0,0.01205004389815625,0.4170995670995671
2021-10-20 18:30:00+00:00,0.3629987998799879,0.0,0.0089991220368744,0.4229437229437229
2021-10-20 18:45:00+00:00,0.35463546354635456,0.0,0.00594820017559255,0.4287878787878787
2021-10-20 19:00:00+00:00,0.3462721272127212,0.0,0.0028972783143107,0.4346320346320346
2021-10-20 19:15:00+00:00,0.3346647164716471,0.0,0.0028753292361719997,0.42510822510822505
2021-10-20 19:30:00+00:00,0.323057305730573,0.0,0.0028533801580333,0.4155844155844155
2021-10-20 19:45:00+00:00,0.31144989498949893,0.0,0.0028314310798946,0.406060606060606
2021-10-20 20:00:00+00:00,0.2998424842484248,0.0,0.0028094820017559,0.3965367965367965
2021-10-20 20:15:00+00:00,0.2886007350735073,0.0,0.0028314310798946,0.3865800865800866
2021-10-20 20:30:00+00:00,0.2773589858985898,0.0,0.0028533801580333,0.3766233766233766
2021-10-20 20:45:00+00:00,0.2661172367236724,0.0,0.0028753292361719997,0.36666666666666664
2021-10-20 21:00:00+00:00,0.2548754875487549,0.0,0.0028972783143107,0.3567099567099567
2021-10-20 21:15:00+00:00,0.2492874287428743,0.0,0.0026777875329235,0.35108225108225105
2021-10-20 21:30:00+00:00,0.2436993699369937,0.0,0.0024582967515363,0.3454545454545454
2021-10-20 21:45:00+00:00,0.2381113111311131,0.0,0.00223880597014915,0.3398268398268398
2021-10-20 22:00:00+00:00,0.2325232523252325,0.0,0.002019315188762,0.3341991341991342
2021-10-20 22:15:00+00:00,0.2295229522952295,0.0,0.0019315188762071,0.332034632034632
2021-10-20 22:30:00+00:00,0.2265226522652265,0.0,0.0018437225636522,0.3298701298701298
2021-10-20 22:45:00+00:00,0.2235223522352235,0.0,0.00175592625109735,0.32770562770562767
2021-10-20 23:00:00+00:00,0.2205220522052205,0.0,0.0016681299385425,0.3255411255411255
2021-10-20 23:15:00+00:00,0.21667791779177914,0.0,0.0016681299385425,0.32099567099567095
2021-10-20 23:30:00+00:00,0.2128337833783378,0.0,0.0016681299385425,0.3164502164502164
2021-10-20 23:45:00+00:00,0.20898964896489647,0.0,0.0016681299385425,0.31190476190476185
2021-10-21 00:00:00+00:00,0.2051455145514551,0.0,0.0016681299385425,0.3073593073593073
2021-10-21 00:15:00+00:00,0.20035441044104407,0.0,0.0016461808604038,0.3069264069264068
2021-10-21 00:30:00+00:00,0.195563306330633,0.0,0.0016242317822651,0.3064935064935064
2021-10-21 00:45:00+00:00,0.19077220222022195,0.0,0.0016022827041264,0.306060606060606
2021-10-21 01:00:00+00:00,0.1859810981098109,0.0,0.0015803336259877,0.3056277056277056
2021-10-21 01:15:00+00:00,0.18463096309630955,0.0,0.0015803336259877,0.3056277056277056
2021-10-21 01:30:00+00:00,0.1832808280828082,0.0,0.0015803336259877,0.3056277056277056
2021-10-21 01:45:00+00:00,0.18193069306930687,0.0,0.0015803336259877,0.3056277056277056
2021-10-21 02:00:00+00:00,0.1805805580558055,0.0,0.0015803336259877,0.3056277056277056
2021-10-21 02:15:00+00:00,0.17928667866786668,0.0,0.0016022827041264,0.30194805194805185
2021-10-21 02:30:00+00:00,0.1779927992799279,0.0,0.0016242317822651,0.2982683982683982
2021-10-21 02:45:00+00:00,0.17669891989198916,0.0,0.0016461808604038,0.29458874458874457
2021-10-21 03:00:00+00:00,0.1754050405040504,0.0,0.0016681299385425,0.2909090909090909
2021-10-21 03:15:00+00:00,0.17635201020102004,0.0,0.0016681299385425,0.2922077922077922
2021-10-21 03:30:00+00:00,0.1772989798979897,0.0,0.0016681299385425,0.2935064935064935
2021-10-21 03:45:00+00:00,0.1782459495949594,0.0,0.0016681299385425,0.2948051948051948
2021-10-21 04:00:00+00:00,0.1791929192919291,0.0,0.0016681299385425,0.2961038961038961
2021-10-21 04:15:00+00:00,0.18107748274827476,0.0,0.0016461808604038,0.29956709956709954
2021-10-21 04:30:00+00:00,0.1829620462046204,0.0,0.0016242317822651,0.303030303030303
2021-10-21 04:45:00+00:00,0.18484660966096605,0.0,0.0016022827041264,0.30649350649350643
2021-10-21 05:00:00+00:00,0.1867311731173117,0.0,0.0015803336259877,0.3099567099567099
2021-10-21 05:15:00+00:00,0.1861686168616861,0.0,0.0033143107989464004,0.31233766233766225
2021-10-21 05:30:00+00:00,0.1856060606060605,0.0,0.0050482879719051,0.3147186147186147
2021-10-21 05:45:00+00:00,0.18504350435043493,0.0,0.00678226514486385,0.3170995670995671
2021-10-21 06:00:00+00:00,0.1844809480948094,0.0,0.0085162423178226,0.3194805194805195
2021-10-21 06:15:00+00:00,0.17851785178517843,0.0,0.04556628621597886,0.3199134199134199
2021-10-21 06:30:00+00:00,0.1725547554755475,0.0,0.0826163301141351,0.3203463203463204
2021-10-21 06:45:00+00:00,0.16659165916591656,0.0,0.1196663740122914,0.32077922077922083
2021-10-21 07:00:00+00:00,0.1606285628562856,0.0,0.1567164179104477,0.3212121212121212
2021-10-21 07:15:00+00:00,0.15553742874287424,0.0,0.2226953467954345,0.32597402597402597
2021-10-21 07:30:00+00:00,0.1504462946294629,0.0,0.2886742756804213,0.3307359307359307
2021-10-21 07:45:00+00:00,0.14535516051605157,0.0,0.35465320456540816,0.33549783549783546
2021-10-21 08:00:00+00:00,0.1402640264026402,0.0,0.4206321334503951,0.3402597402597402
2021-10-21 08:15:00+00:00,0.13927017701770172,0.0,0.46986391571554,0.33982683982683975
2021-10-21 08:30:00+00:00,0.1382763276327632,0.0,0.5190956979806849,0.3393939393939393
2021-10-21 08:45:00+00:00,0.1372824782478247,0.0,0.5683274802458298,0.3389610389610389
2021-10-21 09:00:00+00:00,0.1362886288628862,0.0,0.6175592625109746,0.3385281385281385
2021-10-21 09:15:00+00:00,0.13615736573657355,0.0,0.6379060579455663,0.33571428571428563
2021-10-21 09:30:00+00:00,0.1360261026102609,0.0,0.658252853380158,0.3329004329004328
2021-10-21 09:45:00+00:00,0.13589483948394832,0.0,0.6785996488147498,0.33008658008658
2021-10-21 10:00:00+00:00,0.1357635763576357,0.0,0.6989464442493415,0.3272727272727272
2021-10-21 10:15:00+00:00,0.13438531353135305,0.0,0.6951053555750658,0.3246753246753247
2021-10-21 10:30:00+00:00,0.1330070507050704,0.0,0.6912642669007901,0.3220779220779221
2021-10-21 10:45:00+00:00,0.1316287878787878,0.0,0.6874231782265144,0.3194805194805195
2021-10-21 11:00:00+00:00,0.1302505250525052,0.0,0.6835820895522388,0.3168831168831169
2021-10-21 11:15:00+00:00,0.1306443144314431,0.0,0.6810579455662862,0.31493506493506496
2021-10-21 11:30:00+00:00,0.131038103810381,0.0,0.6785338015803336,0.312987012987013
2021-10-21 11:45:00+00:00,0.13143189318931892,0.0,0.676009657594381,0.311038961038961
2021-10-21 12:00:00+00:00,0.1318256825682568,0.0,0.6734855136084285,0.3090909090909091
2021-10-21 12:15:00+00:00,0.1341321632163216,0.0,0.6712686567164179,0.3075757575757575
2021-10-21 12:30:00+00:00,0.1364386438643864,0.0,0.6690517998244074,0.306060606060606
2021-10-21 12:45:00+00:00,0.1387451245124512,0.0,0.6668349429323969,0.30454545454545445
2021-10-21 13:00:00+00:00,0.141051605160516,0.0,0.6646180860403863,0.303030303030303
2021-10-21 13:15:00+00:00,0.14393939393939392,0.0,0.6616330114135206,0.30281385281385276
2021-10-21 13:30:00+00:00,0.1468271827182718,0.0,0.6586479367866549,0.3025974025974026
2021-10-21 13:45:00+00:00,0.14971497149714968,0.0,0.6556628621597893,0.3023809523809524
2021-10-21 14:00:00+00:00,0.1526027602760276,0.0,0.6526777875329236,0.3021645021645022
2021-10-21 14:15:00+00:00,0.15354972997299726,0.0,0.6320676031606672,0.30346320346320343
2021-10-21 14:30:00+00:00,0.1544966996699669,0.0,0.6114574187884109,0.3047619047619047
2021-10-21 14:45:00+00:00,0.1554436693669366,0.0,0.5908472344161545,0.306060606060606
2021-10-21 15:00:00+00:00,0.1563906390639063,0.0,0.5702370500438981,0.3073593073593073
2021-10-21 15:15:00+00:00,0.1576751425142513,0.0,0.5065188762071993,0.31839826839826835
2021-10-21 15:30:00+00:00,0.1589596459645963,0.0,0.4428007023705004,0.3294372294372294
2021-10-21 15:45:00+00:00,0.16024414941494142,0.0,0.37908252853380153,0.3404761904761905
2021-10-21 16:00:00+00:00,0.1615286528652865,0.0,0.3153643546971027,0.3515151515151515
2021-10-21 16:15:00+00:00,0.1626350135013501,0.0,0.253270412642669,0.3623376623376623
2021-10-21 16:30:00+00:00,0.1637413741374137,0.0,0.1911764705882352,0.3731601731601731
2021-10-21 16:45:00+00:00,0.1648477347734773,0.0,0.12908252853380148,0.383982683982684
2021-10-21 17:00:00+00:00,0.1659540954095409,0.0,0.0669885864793678,0.3948051948051948
2021-10-21 17:15:00+00:00,0.1708952145214521,0.0,0.0560359964881474,0.3978354978354978
2021-10-21 17:30:00+00:00,0.1758363336333633,0.0,0.045083406496927,0.4008658008658008
2021-10-21 17:45:00+00:00,0.18077745274527451,0.0,0.03413081650570665,0.40389610389610386
2021-10-21 18:00:00+00:00,0.1857185718571857,0.0,0.0231782265144863,0.4069264069264069
2021-10-21 18:15:00+00:00,0.19246924692469247,0.0,0.0210272168568919,0.40714285714285714
2021-10-21 18:30:00+00:00,0.1992199219921992,0.0,0.0188762071992975,0.4073593073593073
2021-10-21 18:45:00+00:00,0.20597059705970597,0.0,0.016725197541703152,0.4075757575757576
2021-10-21 19:00:00+00:00,0.2127212721272127,0.0,0.0145741878841088,0.4077922077922078
2021-10-21 19:15:00+00:00,0.21718421842184216,0.0,0.0123134328358208,0.40367965367965364
2021-10-21 19:30:00+00:00,0.2216471647164716,0.0,0.0100526777875328,0.3995670995670995
2021-10-21 19:45:00+00:00,0.22611011101110107,0.0,0.007791922739244851,0.3954545454545454
2021-10-21 20:00:00+00:00,0.2305730573057305,0.0,0.0055311676909569,0.3913419913419913
2021-10-21 20:15:00+00:00,0.23375150015001495,0.0,0.0047848990342405,0.3833333333333333
2021-10-21 20:30:00+00:00,0.2369299429942994,0.0,0.0040386303775241,0.3753246753246753
2021-10-21 20:45:00+00:00,0.24010838583858385,0.0,0.0032923617208077,0.36731601731601726
2021-10-21 21:00:00+00:00,0.2432868286828683,0.0,0.0025460930640913,0.3593073593073593
2021-10-21 21:15:00+00:00,0.24203045304530452,0.0,0.0025460930640913,0.3564935064935064
2021-10-21 21:30:00+00:00,0.2407740774077407,0.0,0.0025460930640913,0.3536796536796536
2021-10-21 21:45:00+00:00,0.23951770177017695,0.0,0.0025460930640913,0.35086580086580077
2021-10-21 22:00:00+00:00,0.2382613261326132,0.0,0.0025460930640913,0.348051948051948
2021-10-21 22:15:00+00:00,0.23990211521152108,0.0,0.0024582967515364,0.34458874458874456
2021-10-21 22:30:00+00:00,0.241542904290429,0.0,0.0023705004389815,0.3411255411255411
2021-10-21 22:45:00+00:00,0.2431836933693369,0.0,0.00228270412642665,0.33766233766233766
2021-10-21 23:00:00+00:00,0.2448244824482448,0.0,0.0021949078138718,0.3341991341991342
2021-10-21 23:15:00+00:00,0.24506825682568256,0.0,0.00193151887620715,0.3300865800865801
2021-10-21 23:30:00+00:00,0.2453120312031203,0.0,0.0016681299385425,0.3259740259740259
2021-10-21 23:45:00+00:00,0.24555580558055806,0.0,0.0014047410008779,0.32186147186147185
2021-10-22 00:00:00+00:00,0.2457995799579958,0.0,0.0011413520632133,0.3177489177489177
2021-10-22 00:15:00+00:00,0.2441306630663066,0.0,0.0011413520632133,0.31515151515151507
2021-10-22 00:30:00+00:00,0.2424617461746174,0.0,0.0011413520632133,0.3125541125541125
2021-10-22 00:45:00+00:00,0.24079282928292825,0.0,0.0011413520632133,0.3099567099567099
2021-10-22 01:00:00+00:00,0.2391239123912391,0.0,0.0011413520632133,0.3073593073593073
2021-10-22 01:15:00+00:00,0.238542604260426,0.0,0.0011413520632133,0.3069264069264068
2021-10-22 01:30:00+00:00,0.2379612961296129,0.0,0.0011413520632133,0.3064935064935064
2021-10-22 01:45:00+00:00,0.23737998799879984,0.0,0.0011413520632133,0.306060606060606
2021-10-22 02:00:00+00:00,0.2367986798679868,0.0,0.0011413520632133,0.3056277056277056
2021-10-22 02:15:00+00:00,0.23192319231923192,0.0,0.0011413520632133,0.30627705627705626
2021-10-22 02:30:00+00:00,0.227047704770477,0.0,0.0011413520632133,0.3069264069264069
2021-10-22 02:45:00+00:00,0.22217221722172215,0.0,0.0011413520632133,0.3075757575757575
2021-10-22 03:00:00+00:00,0.2172967296729673,0.0,0.0011413520632133,0.3082251082251082
2021-10-22 03:15:00+00:00,0.21569344434443444,0.0,0.0011413520632133,0.3082251082251082
2021-10-22 03:30:00+00:00,0.2140901590159016,0.0,0.0011413520632133,0.3082251082251082
2021-10-22 03:45:00+00:00,0.21248687368736874,0.0,0.0011413520632133,0.3082251082251082
2021-10-22 04:00:00+00:00,0.2108835883588359,0.0,0.0011413520632133,0.3082251082251082
2021-10-22 04:15:00+00:00,0.2115211521152115,0.0,0.0011413520632133,0.31688311688311677
2021-10-22 04:30:00+00:00,0.2121587158715871,0.0,0.0011413520632133,0.3255411255411254
2021-10-22 04:45:00+00:00,0.21279627962796277,0.0,0.0011413520632133,0.3341991341991341
2021-10-22 05:00:00+00:00,0.2134338433843384,0.0,0.0011413520632133,0.3428571428571428
2021-10-22 05:15:00+00:00,0.2123462346234623,0.0,0.0024363476733976503,0.3523809523809523
2021-10-22 05:30:00+00:00,0.2112586258625862,0.0,0.003731343283582,0.3619047619047618
2021-10-22 05:45:00+00:00,0.2101710171017101,0.0,0.0050263388937664,0.37142857142857133
2021-10-22 06:00:00+00:00,0.209083408340834,0.0,0.0063213345039508,0.3809523809523809
2021-10-22 06:15:00+00:00,0.20747074707470736,0.0,0.045719929762949904,0.3848484848484848
2021-10-22 06:30:00+00:00,0.2058580858085807,0.0,0.085118525021949,0.3887445887445887
2021-10-22 06:45:00+00:00,0.20424542454245415,0.0,0.12451712028094815,0.3926406926406926
2021-10-22 07:00:00+00:00,0.2026327632763276,0.0,0.1639157155399473,0.3965367965367965
2021-10-22 07:15:00+00:00,0.2021264626462646,0.0,0.23645741878841087,0.3867965367965368
2021-10-22 07:30:00+00:00,0.2016201620162016,0.0,0.3089991220368744,0.3770562770562771
2021-10-22 07:45:00+00:00,0.2011138613861386,0.0,0.381540825285338,0.3673160173160174
2021-10-22 08:00:00+00:00,0.2006075607560756,0.0,0.4540825285338016,0.3575757575757576
2021-10-22 08:15:00+00:00,0.20211708670867085,0.0,0.5036874451273047,0.3536796536796537
2021-10-22 08:30:00+00:00,0.2036266126612661,0.0,0.5532923617208078,0.3497835497835498
2021-10-22 08:45:00+00:00,0.20513613861386137,0.0,0.6028972783143108,0.3458874458874459
2021-10-22 09:00:00+00:00,0.2066456645664566,0.0,0.6525021949078139,0.341991341991342
2021-10-22 09:15:00+00:00,0.20847397239723964,0.0,0.6690079016681301,0.34004329004329004
2021-10-22 09:30:00+00:00,0.2103022802280227,0.0,0.6855136084284461,0.3380952380952381
2021-10-22 09:45:00+00:00,0.2121305880588058,0.0,0.7020193151887621,0.3361471861471862
2021-10-22 10:00:00+00:00,0.2139588958895889,0.0,0.7185250219490782,0.3341991341991342
2021-10-22 10:15:00+00:00,0.21821557155715565,0.0,0.7192273924495172,0.33138528138528134
2021-10-22 10:30:00+00:00,0.2224722472247224,0.0,0.7199297629499561,0.3285714285714285
2021-10-22 10:45:00+00:00,0.22672892289228913,0.0,0.7206321334503951,0.3257575757575757
2021-10-22 11:00:00+00:00,0.2309855985598559,0.0,0.7213345039508341,0.3229437229437229
2021-10-22 11:15:00+00:00,0.23467034203420328,0.0,0.7179982440737489,0.32186147186147185
2021-10-22 11:30:00+00:00,0.2383550855085507,0.0,0.7146619841966637,0.3207792207792207
2021-10-22 11:45:00+00:00,0.2420398289828982,0.0,0.7113257243195785,0.31969696969696965
2021-10-22 12:00:00+00:00,0.2457245724572457,0.0,0.7079894644424934,0.3186147186147186
2021-10-22 12:15:00+00:00,0.24993436843684363,0.0,0.7063432835820896,0.3151515151515151
2021-10-22 12:30:00+00:00,0.2541441644164416,0.0,0.7046971027216857,0.3116883116883117
2021-10-22 12:45:00+00:00,0.25835396039603953,0.0,0.7030509218612819,0.30822510822510824
2021-10-22 13:00:00+00:00,0.2625637563756375,0.0,0.701404741000878,0.3047619047619048
2021-10-22 13:15:00+00:00,0.2690612811281128,0.0,0.6855575065847235,0.30562770562770564
2021-10-22 13:30:00+00:00,0.275558805880588,0.0,0.6697102721685689,0.3064935064935065
2021-10-22 13:45:00+00:00,0.28205633063306323,0.0,0.6538630377524144,0.30735930735930733
2021-10-22 14:00:00+00:00,0.2885538553855385,0.0,0.6380158033362598,0.3082251082251082
2021-10-22 14:15:00+00:00,0.2965890339033903,0.0,0.6120500438981563,0.31060606060606055
2021-10-22 14:30:00+00:00,0.3046242124212421,0.0,0.5860842844600527,0.3129870129870129
2021-10-22 14:45:00+00:00,0.3126593909390939,0.0,0.5601185250219491,0.3153679653679653
2021-10-22 15:00:00+00:00,0.3206945694569457,0.0,0.5341527655838455,0.3177489177489177
2021-10-22 15:15:00+00:00,0.32384488448844884,0.0,0.4690298507462687,0.3222943722943723
2021-10-22 15:30:00+00:00,0.326995199519952,0.0,0.4039069359086918,0.3268398268398268
2021-10-22 15:45:00+00:00,0.33014551455145513,0.0,0.338784021071115,0.33138528138528134
2021-10-22 16:00:00+00:00,0.3332958295829583,0.0,0.2736611062335382,0.3359307359307359
2021-10-22 16:15:00+00:00,0.32936731173117306,0.0,0.2199297629499561,0.3482683982683983
2021-10-22 16:30:00+00:00,0.3254387938793879,0.0,0.166198419666374,0.3606060606060606
2021-10-22 16:45:00+00:00,0.32151027602760274,0.0,0.11246707638279191,0.3729437229437229
2021-10-22 17:00:00+00:00,0.3175817581758176,0.0,0.0587357330992098,0.3852813852813853
2021-10-22 17:15:00+00:00,0.3180880588058806,0.0,0.0507682177348551,0.3917748917748918
2021-10-22 17:30:00+00:00,0.3185943594359436,0.0,0.0428007023705004,0.3982683982683982
2021-10-22 17:45:00+00:00,0.31910066006600657,0.0,0.0348331870061457,0.4047619047619047
2021-10-22 18:00:00+00:00,0.3196069606960696,0.0,0.026865671641791,0.4112554112554112
2021-10-22 18:15:00+00:00,0.31933505850585053,0.0,0.024758560140474048,0.41060606060606053
2021-10-22 18:30:00+00:00,0.3190631563156315,0.0,0.0226514486391571,0.4099567099567099
2021-10-22 18:45:00+00:00,0.3187912541254125,0.0,0.020544337137840152,0.4093073593073593
2021-10-22 19:00:00+00:00,0.3185193519351935,0.0,0.0184372256365232,0.4086580086580086
2021-10-22 19:15:00+00:00,0.31759113411341133,0.0,0.0159130816505706,0.4047619047619047
2021-10-22 19:30:00+00:00,0.3166629162916291,0.0,0.013388937664618,0.4008658008658008
2021-10-22 19:45:00+00:00,0.315734698469847,0.0,0.01086479367866545,0.396969696969697
2021-10-22 20:00:00+00:00,0.3148064806480648,0.0,0.0083406496927129,0.3930735930735931
2021-10-22 20:15:00+00:00,0.3127250225022502,0.0,0.006979806848112349,0.3896103896103896
2021-10-22 20:30:00+00:00,0.3106435643564356,0.0,0.0056189640035118,0.3861471861471861
2021-10-22 20:45:00+00:00,0.30856210621062097,0.0,0.00425812115891125,0.3826839826839826
2021-10-22 21:00:00+00:00,0.3064806480648064,0.0,0.0028972783143107,0.3792207792207792
2021-10-22 21:15:00+00:00,0.30137076207620755,0.0,0.0026997366110622497,0.3738095238095238
2021-10-22 21:30:00+00:00,0.2962608760876087,0.0,0.0025021949078138,0.3683982683982684
2021-10-22 21:45:00+00:00,0.29115099009900985,0.0,0.00230465320456535,0.36298701298701297
2021-10-22 22:00:00+00:00,0.286041104110411,0.0,0.0021071115013169,0.3575757575757576
2021-10-22 22:15:00+00:00,0.28319081908190813,0.0,0.0021071115013169,0.3541125541125541
2021-10-22 22:30:00+00:00,0.2803405340534053,0.0,0.0021071115013169,0.3506493506493506
2021-10-22 22:45:00+00:00,0.2774902490249025,0.0,0.0021071115013169,0.34718614718614715
2021-10-22 23:00:00+00:00,0.2746399639963996,0.0,0.0021071115013169,0.3437229437229437
2021-10-22 23:15:00+00:00,0.2715552805280528,0.0,0.0021071115013169,0.33658008658008653
2021-10-22 23:30:00+00:00,0.268470597059706,0.0,0.0021071115013169,0.3294372294372294
2021-10-22 23:45:00+00:00,0.26538591359135916,0.0,0.0021071115013169,0.3222943722943723
2021-10-23 00:00:00+00:00,0.2623012301230123,0.0,0.0021071115013169,0.3151515151515151
2021-10-23 00:15:00+00:00,0.2604635463546354,0.0,0.0021071115013169,0.3125541125541126
2021-10-23 00:30:00+00:00,0.2586258625862586,0.0,0.0021071115013169,0.30995670995671
2021-10-23 00:45:00+00:00,0.25678817881788174,0.0,0.0021071115013169,0.3073593073593074
2021-10-23 01:00:00+00:00,0.2549504950495049,0.0,0.0021071115013169,0.3047619047619048
2021-10-23 01:15:00+00:00,0.24965309030903085,0.0,0.0021071115013169,0.30303030303030304
2021-10-23 01:30:00+00:00,0.2443556855685568,0.0,0.0021071115013169,0.3012987012987013
2021-10-23 01:45:00+00:00,0.23905828082808275,0.0,0.0021071115013169,0.29956709956709954
2021-10-23 02:00:00+00:00,0.2337608760876087,0.0,0.0021071115013169,0.2978354978354978
2021-10-23 02:15:00+00:00,0.2255850585058505,0.0,0.0021071115013169,0.29848484848484846
2021-10-23 02:30:00+00:00,0.2174092409240923,0.0,0.0021071115013169,0.2991341991341991
2021-10-23 02:45:00+00:00,0.20923342334233413,0.0,0.0021071115013169,0.2997835497835497
2021-10-23 03:00:00+00:00,0.201057605760576,0.0,0.0021071115013169,0.3004329004329004
2021-10-23 03:15:00+00:00,0.1931161866186618,0.0,0.0021071115013169,0.3049783549783549
2021-10-23 03:30:00+00:00,0.1851747674767476,0.0,0.0021071115013169,0.3095238095238095
2021-10-23 03:45:00+00:00,0.17723334833483345,0.0,0.0021071115013169,0.31406926406926405
2021-10-23 04:00:00+00:00,0.1692919291929193,0.0,0.0021071115013169,0.3186147186147186
2021-10-23 04:15:00+00:00,0.16369449444944495,0.0,0.0021290605794556,0.32229437229437224
2021-10-23 04:30:00+00:00,0.1580970597059706,0.0,0.0021510096575943,0.3259740259740259
2021-10-23 04:45:00+00:00,0.15249962496249625,0.0,0.00217295873573305,0.32965367965367964
2021-10-23 05:00:00+00:00,0.1469021902190219,0.0,0.0021949078138718,0.3333333333333333
2021-10-23 05:15:00+00:00,0.1451020102010201,0.0,0.0037093942054433,0.3385281385281385
2021-10-23 05:30:00+00:00,0.1433018301830183,0.0,0.0052238805970148,0.3437229437229437
2021-10-23 05:45:00+00:00,0.14150165016501648,0.0,0.006738366988586399,0.3489177489177489
2021-10-23 06:00:00+00:00,0.1397014701470147,0.0,0.008252853380158,0.3541125541125541
2021-10-23 06:15:00+00:00,0.13292266726672666,0.0,0.057704126426690046,0.3560606060606061
2021-10-23 06:30:00+00:00,0.1261438643864386,0.0,0.1071553994732221,0.358008658008658
2021-10-23 06:45:00+00:00,0.11936506150615055,0.0,0.15660667251975416,0.3599567099567099
2021-10-23 07:00:00+00:00,0.1125862586258625,0.0,0.2060579455662862,0.3619047619047619
2021-10-23 07:15:00+00:00,0.1050573807380737,0.0,0.2919446883230904,0.359090909090909
2021-10-23 07:30:00+00:00,0.0975285028502849,0.0,0.3778314310798946,0.3562770562770562
2021-10-23 07:45:00+00:00,0.08999962496249615,0.0,0.46371817383669883,0.35346320346320337
2021-10-23 08:00:00+00:00,0.0824707470747074,0.0,0.5496049165935031,0.3506493506493506
2021-10-23 08:15:00+00:00,0.07860786078607855,0.0,0.6052019315188762,0.34761904761904755
2021-10-23 08:30:00+00:00,0.0747449744974497,0.0,0.6607989464442494,0.3445887445887445
2021-10-23 08:45:00+00:00,0.07088208820882086,0.0,0.7163959613696225,0.3415584415584415
2021-10-23 09:00:00+00:00,0.067019201920192,0.0,0.7719929762949956,0.3385281385281385
2021-10-23 09:15:00+00:00,0.06445957095709565,0.0,0.7859745390693591,0.3387445887445887
2021-10-23 09:30:00+00:00,0.0618999399939993,0.0,0.7999561018437226,0.3389610389610389
2021-10-23 09:45:00+00:00,0.059340309030902996,0.0,0.813937664618086,0.33917748917748913
2021-10-23 10:00:00+00:00,0.0567806780678067,0.0,0.8279192273924495,0.3393939393939394
2021-10-23 10:15:00+00:00,0.05505550555055495,0.0,0.8313652326602283,0.33636363636363636
2021-10-23 10:30:00+00:00,0.0533303330333032,0.0,0.834811237928007,0.3333333333333333
2021-10-23 10:45:00+00:00,0.0516051605160515,0.0,0.8382572431957858,0.33030303030303027
2021-10-23 11:00:00+00:00,0.0498799879987998,0.0,0.8417032484635645,0.3272727272727272
2021-10-23 11:15:00+00:00,0.048792379237923705,0.0,0.8400131694468832,0.32445887445887445
2021-10-23 11:30:00+00:00,0.0477047704770476,0.0,0.8383230904302019,0.3216450216450216
2021-10-23 11:45:00+00:00,0.04661716171617156,0.0,0.8366330114135206,0.3188311688311688
2021-10-23 12:00:00+00:00,0.0455295529552955,0.0,0.8349429323968394,0.316017316017316
2021-10-23 12:15:00+00:00,0.04443256825682565,0.0,0.8348551360842845,0.31233766233766225
2021-10-23 12:30:00+00:00,0.0433355835583558,0.0,0.8347673397717297,0.3086580086580086
2021-10-23 12:45:00+00:00,0.042238598859885956,0.0,0.8346795434591747,0.30497835497835496
2021-10-23 13:00:00+00:00,0.0411416141614161,0.0,0.8345917471466199,0.3012987012987013
2021-10-23 13:15:00+00:00,0.0408884638463846,0.0,0.8253511852502196,0.30086580086580084
2021-10-23 13:30:00+00:00,0.0406353135313531,0.0,0.8161106233538191,0.3004329004329004
2021-10-23 13:45:00+00:00,0.0403821632163216,0.0,0.8068700614574188,0.3
2021-10-23 14:00:00+00:00,0.0401290129012901,0.0,0.7976294995610185,0.2995670995670996
2021-10-23 14:15:00+00:00,0.0402133963396339,0.0,0.7667251975417033,0.3
2021-10-23 14:30:00+00:00,0.0402977797779777,0.0,0.735820895522388,0.3004329004329004
2021-10-23 14:45:00+00:00,0.04038216321632155,0.0,0.7049165935030728,0.30086580086580084
2021-10-23 15:00:00+00:00,0.0404665466546654,0.0,0.6740122914837576,0.3012987012987013
2021-10-23 15:15:00+00:00,0.041329132913291246,0.0,0.5830553116769095,0.31277056277056275
2021-10-23 15:30:00+00:00,0.0421917191719171,0.0,0.4920983318700614,0.3242424242424242
2021-10-23 15:45:00+00:00,0.043054305430543005,0.0,0.40114135206321333,0.33571428571428574
2021-10-23 16:00:00+00:00,0.0439168916891689,0.0,0.3101843722563652,0.3471861471861472
2021-10-23 16:15:00+00:00,0.0456701920192019,0.0,0.24820017559262503,0.35454545454545455
2021-10-23 16:30:00+00:00,0.0474234923492349,0.0,0.1862159789288849,0.3619047619047619
2021-10-23 16:45:00+00:00,0.0491767926792679,0.0,0.1242317822651448,0.36926406926406924
2021-10-23 17:00:00+00:00,0.0509300930093009,0.0,0.0622475856014047,0.3766233766233766
2021-10-23 17:15:00+00:00,0.05324594959495945,0.0,0.0528533801580333,0.3818181818181818
2021-10-23 17:30:00+00:00,0.055561806180618,0.0,0.0434591747146619,0.387012987012987
2021-10-23 17:45:00+00:00,0.05787766276627655,0.0,0.03406496927129055,0.3922077922077922
2021-10-23 18:00:00+00:00,0.0601935193519351,0.0,0.0246707638279192,0.3974025974025974
2021-10-23 18:15:00+00:00,0.06089671467146705,0.0,0.02260755048287965,0.3987012987012987
2021-10-23 18:30:00+00:00,0.061599909990999,0.0,0.0205443371378401,0.4
2021-10-23 18:45:00+00:00,0.062303105310531,0.0,0.018481123792800598,0.4012987012987013
2021-10-23 19:00:00+00:00,0.063006300630063,0.0,0.0164179104477611,0.4025974025974026
2021-10-23 19:15:00+00:00,0.0642720522052205,0.0,0.01466198419666365,0.398051948051948
2021-10-23 19:30:00+00:00,0.065537803780378,0.0,0.0129060579455662,0.3935064935064934
2021-10-23 19:45:00+00:00,0.0668035553555355,0.0,0.01115013169446875,0.3889610389610389
2021-10-23 20:00:00+00:00,0.068069306930693,0.0,0.0093942054433713,0.3844155844155844
2021-10-23 20:15:00+00:00,0.06845372037203715,0.0,0.0075724319578577,0.3818181818181818
2021-10-23 20:30:00+00:00,0.0688381338133813,0.0,0.0057506584723441,0.3792207792207792
2021-10-23 20:45:00+00:00,0.06922254725472546,0.0,0.0039288849868305,0.3766233766233766
2021-10-23 21:00:00+00:00,0.0696069606960696,0.0,0.0021071115013169,0.374025974025974
2021-10-23 21:15:00+00:00,0.0728322832283228,0.0,0.0021071115013169,0.3712121212121211
2021-10-23 21:30:00+00:00,0.076057605760576,0.0,0.0021071115013169,0.3683982683982683
2021-10-23 21:45:00+00:00,0.07928292829282925,0.0,0.0021071115013169,0.36558441558441546
2021-10-23 22:00:00+00:00,0.0825082508250825,0.0,0.0021071115013169,0.3627705627705627
2021-10-23 22:15:00+00:00,0.0848991149114911,0.0,0.0021071115013169,0.35974025974025964
2021-10-23 22:30:00+00:00,0.0872899789978997,0.0,0.0021071115013169,0.3567099567099566
2021-10-23 22:45:00+00:00,0.08968084308430835,0.0,0.0021071115013169,0.3536796536796536
2021-10-23 23:00:00+00:00,0.092071707170717,0.0,0.0021071115013169,0.3506493506493506
2021-10-23 23:15:00+00:00,0.0943781878187818,0.0,0.0021071115013169,0.34502164502164495
2021-10-23 23:30:00+00:00,0.0966846684668466,0.0,0.0021071115013169,0.3393939393939393
2021-10-23 23:45:00+00:00,0.09899114911491144,0.0,0.0021071115013169,0.3337662337662337
2021-10-24 00:00:00+00:00,0.1012976297629763,0.0,0.0021071115013169,0.3281385281385281
2021-10-24 00:15:00+00:00,0.1029571707170717,0.0,0.0021071115013169,0.3266233766233766
2021-10-24 00:30:00+00:00,0.1046167116711671,0.0,0.0021071115013169,0.3251082251082251
2021-10-24 00:45:00+00:00,0.1062762526252625,0.0,0.0021071115013169,0.3235930735930736
2021-10-24 01:00:00+00:00,0.1079357935793579,0.0,0.0021071115013169,0.3220779220779221
2021-10-24 01:15:00+00:00,0.1090140264026402,0.0,0.0021071115013169,0.32445887445887445
2021-10-24 01:30:00+00:00,0.1100922592259225,0.0,0.0021071115013169,0.3268398268398268
2021-10-24 01:45:00+00:00,0.11117049204920484,0.0,0.0021071115013169,0.3292207792207792
2021-10-24 02:00:00+00:00,0.1122487248724872,0.0,0.0021071115013169,0.3316017316017316
2021-10-24 02:15:00+00:00,0.11188306330633055,0.0,0.0021071115013169,0.3300865800865801
2021-10-24 02:30:00+00:00,0.1115174017401739,0.0,0.0021071115013169,0.3285714285714285
2021-10-24 02:45:00+00:00,0.1111517401740173,0.0,0.0021071115013169,0.32705627705627704
2021-10-24 03:00:00+00:00,0.1107860786078607,0.0,0.0021071115013169,0.3255411255411255
2021-10-24 03:15:00+00:00,0.1107204470447044,0.0,0.0021071115013169,0.3242424242424242
2021-10-24 03:30:00+00:00,0.1106548154815481,0.0,0.0021071115013169,0.3229437229437229
2021-10-24 03:45:00+00:00,0.1105891839183918,0.0,0.0021071115013169,0.3216450216450216
2021-10-24 04:00:00+00:00,0.1105235523552355,0.0,0.0021071115013169,0.3203463203463203
2021-10-24 04:15:00+00:00,0.11042041704170416,0.0,0.0021290605794556,0.32380952380952377
2021-10-24 04:30:00+00:00,0.1103172817281728,0.0,0.0021510096575943,0.3272727272727272
2021-10-24 04:45:00+00:00,0.11021414641464145,0.0,0.00217295873573305,0.3307359307359307
2021-10-24 05:00:00+00:00,0.1101110111011101,0.0,0.0021949078138718,0.3341991341991342
2021-10-24 05:15:00+00:00,0.10957658265826581,0.0,0.0038191395961369003,0.33506493506493507
2021-10-24 05:30:00+00:00,0.1090421542154215,0.0,0.005443371378402,0.3359307359307359
2021-10-24 05:45:00+00:00,0.1085077257725772,0.0,0.00706760316066715,0.33679653679653676
2021-10-24 06:00:00+00:00,0.1079732973297329,0.0,0.0086918349429323,0.3376623376623376
2021-10-24 06:15:00+00:00,0.1061074857485748,0.0,0.058889376646180755,0.3352813852813852
2021-10-24 06:30:00+00:00,0.1042416741674167,0.0,0.1090869183494292,0.3329004329004328
2021-10-24 06:45:00+00:00,0.10237586258625861,0.0,0.1592844600526777,0.33051948051948044
2021-10-24 07:00:00+00:00,0.1005100510051005,0.0,0.2094820017559262,0.3281385281385281
2021-10-24 07:15:00+00:00,0.09610336033603356,0.0,0.29826602282704123,0.3259740259740259
2021-10-24 07:30:00+00:00,0.0916966696669666,0.0,0.3870500438981562,0.3238095238095237
2021-10-24 07:45:00+00:00,0.0872899789978997,0.0,0.4758340649692713,0.3216450216450216
2021-10-24 08:00:00+00:00,0.0828832883288328,0.0,0.5646180860403863,0.3194805194805195
2021-10-24 08:15:00+00:00,0.0817019201920191,0.0,0.6238366988586479,0.3170995670995671
2021-10-24 08:30:00+00:00,0.0805205520552054,0.0,0.6830553116769096,0.3147186147186147
2021-10-24 08:45:00+00:00,0.07933918391839176,0.0,0.7422739244951713,0.31233766233766225
2021-10-24 09:00:00+00:00,0.0781578157815781,0.0,0.8014925373134328,0.3099567099567099
2021-10-24 09:15:00+00:00,0.0796579657965796,0.0,0.8183494293239684,0.3082251082251081
2021-10-24 09:30:00+00:00,0.0811581158115811,0.0,0.835206321334504,0.3064935064935064
2021-10-24 09:45:00+00:00,0.08265826582658259,0.0,0.8520632133450395,0.3047619047619047
2021-10-24 10:00:00+00:00,0.0841584158415841,0.0,0.8689201053555751,0.303030303030303
2021-10-24 10:15:00+00:00,0.08402715271527145,0.0,0.8694468832309044,0.30216450216450214
2021-10-24 10:30:00+00:00,0.0838958895889588,0.0,0.8699736611062335,0.3012987012987013
2021-10-24 10:45:00+00:00,0.08376462646264621,0.0,0.8705004389815627,0.30043290043290044
2021-10-24 11:00:00+00:00,0.0836333633363336,0.0,0.871027216856892,0.2995670995670996
2021-10-24 11:15:00+00:00,0.08158940894089406,0.0,0.8688542581211589,0.2989177489177489
2021-10-24 11:30:00+00:00,0.0795454545454545,0.0,0.8666812993854258,0.2982683982683983
2021-10-24 11:45:00+00:00,0.07750150015001495,0.0,0.8645083406496927,0.29761904761904767
2021-10-24 12:00:00+00:00,0.0754575457545754,0.0,0.8623353819139596,0.296969696969697
2021-10-24 12:15:00+00:00,0.07442619261926185,0.0,0.8618964003511853,0.2974025974025974
2021-10-24 12:30:00+00:00,0.0733948394839483,0.0,0.8614574187884109,0.2978354978354978
2021-10-24 12:45:00+00:00,0.07236348634863479,0.0,0.8610184372256365,0.29826839826839824
2021-10-24 13:00:00+00:00,0.0713321332133213,0.0,0.8605794556628622,0.2987012987012987
2021-10-24 13:15:00+00:00,0.07175405040504045,0.0,0.8530728709394206,0.298051948051948
2021-10-24 13:30:00+00:00,0.0721759675967596,0.0,0.845566286215979,0.2974025974025974
2021-10-24 13:45:00+00:00,0.0725978847884788,0.0,0.8380597014925374,0.29675324675324677
2021-10-24 14:00:00+00:00,0.073019801980198,0.0,0.8305531167690957,0.2961038961038961
2021-10-24 14:15:00+00:00,0.07327295229522945,0.0,0.7953687445127304,0.2971861471861471
2021-10-24 14:30:00+00:00,0.0735261026102609,0.0,0.7601843722563653,0.2982683982683982
2021-10-24 14:45:00+00:00,0.07377925292529244,0.0,0.7250000000000001,0.29935064935064926
2021-10-24 15:00:00+00:00,0.074032403240324,0.0,0.6898156277436348,0.3004329004329004
2021-10-24 15:15:00+00:00,0.0722322232223222,0.0,0.5999561018437225,0.30129870129870123
2021-10-24 15:30:00+00:00,0.0704320432043204,0.0,0.5100965759438103,0.3021645021645021
2021-10-24 15:45:00+00:00,0.06863186318631859,0.0,0.4202370500438981,0.303030303030303
2021-10-24 16:00:00+00:00,0.0668316831683168,0.0,0.3303775241439859,0.3038961038961039
2021-10-24 16:15:00+00:00,0.06553780378037799,0.0,0.265649692712906,0.30865800865800863
2021-10-24 16:30:00+00:00,0.0642439243924392,0.0,0.2009218612818261,0.3134199134199134
2021-10-24 16:45:00+00:00,0.0629500450045004,0.0,0.1361940298507462,0.3181818181818181
2021-10-24 17:00:00+00:00,0.0616561656165616,0.0,0.0714661984196663,0.3229437229437229
2021-10-24 17:15:00+00:00,0.0600341284128412,0.0,0.062181738366988495,0.3422077922077922
2021-10-24 17:30:00+00:00,0.0584120912091208,0.0,0.0528972783143107,0.3614718614718615
2021-10-24 17:45:00+00:00,0.05679005400540045,0.0,0.04361281826163295,0.38073593073593076
2021-10-24 18:00:00+00:00,0.0551680168016801,0.0,0.0343283582089552,0.4
2021-10-24 18:15:00+00:00,0.05303030303030295,0.0,0.03092625109745385,0.38722943722943726
2021-10-24 18:30:00+00:00,0.0508925892589258,0.0,0.0275241439859525,0.3744588744588745
2021-10-24 18:45:00+00:00,0.0487548754875487,0.0,0.024122036874451202,0.3616883116883117
2021-10-24 19:00:00+00:00,0.0466171617161716,0.0,0.0207199297629499,0.3489177489177489
2021-10-24 19:15:00+00:00,0.045801455145514494,0.0,0.01718612818261625,0.346103896103896
2021-10-24 19:30:00+00:00,0.0449857485748574,0.0,0.0136523266022826,0.3432900432900432
2021-10-24 19:45:00+00:00,0.04417004200420035,0.0,0.010118525021949,0.3404761904761904
2021-10-24 20:00:00+00:00,0.0433543354335433,0.0,0.0065847234416154,0.3376623376623376
2021-10-24 20:15:00+00:00,0.043860636063606295,0.0,0.0056189640035118,0.3329004329004328
2021-10-24 20:30:00+00:00,0.0443669366936693,0.0,0.0046532045654082,0.328138528138528
2021-10-24 20:45:00+00:00,0.0448732373237323,0.0,0.0036874451273045997,0.3233766233766233
2021-10-24 21:00:00+00:00,0.0453795379537953,0.0,0.002721685689201,0.3186147186147186
2021-10-24 21:15:00+00:00,0.045698319831983095,0.0,0.0026997366110622497,0.3168831168831169
2021-10-24 21:30:00+00:00,0.0460171017101709,0.0,0.0026777875329235,0.3151515151515151
2021-10-24 21:45:00+00:00,0.046335883588358745,0.0,0.0026558384547848,0.3134199134199134
2021-10-24 22:00:00+00:00,0.0466546654665466,0.0,0.0026338893766461,0.3116883116883117
2021-10-24 22:15:00+00:00,0.046964071407140595,0.0,0.0026338893766461,0.31060606060606055
2021-10-24 22:30:00+00:00,0.0472734773477346,0.0,0.0026338893766461,0.3095238095238095
2021-10-24 22:45:00+00:00,0.0475828832883287,0.0,0.0026338893766461,0.3084415584415584
2021-10-24 23:00:00+00:00,0.0478922892289228,0.0,0.0026338893766461,0.3073593073593073
2021-10-24 23:15:00+00:00,0.04826732673267315,0.0,0.0026338893766461,0.306060606060606
2021-10-24 23:30:00+00:00,0.0486423642364235,0.0,0.0026338893766461,0.3047619047619047
2021-10-24 23:45:00+00:00,0.049017401740173897,0.0,0.0026338893766461,0.30346320346320343
2021-10-25 00:00:00+00:00,0.0493924392439243,0.0,0.0026338893766461,0.3021645021645022
2021-10-25 00:15:00+00:00,0.048886138613861305,0.0,0.0026338893766461,0.3025974025974026
2021-10-25 00:30:00+00:00,0.0483798379837983,0.0,0.0026338893766461,0.303030303030303
2021-10-25 00:45:00+00:00,0.0478735373537353,0.0,0.0026338893766461,0.30346320346320343
2021-10-25 01:00:00+00:00,0.0473672367236723,0.0,0.0026338893766461,0.3038961038961039
2021-10-25 01:15:00+00:00,0.048014176417641705,0.0,0.002326602282704,0.30216450216450214
2021-10-25 01:30:00+00:00,0.0486611161116111,0.0,0.0020193151887619,0.3004329004329004
2021-10-25 01:45:00+00:00,0.049308055805580495,0.0,0.0017120280948199,0.2987012987012987
2021-10-25 02:00:00+00:00,0.0499549954995499,0.0,0.0014047410008779,0.296969696969697
2021-10-25 02:15:00+00:00,0.05061131113111304,0.0,0.00136084284460045,0.2943722943722944
2021-10-25 02:30:00+00:00,0.0512676267626762,0.0,0.001316944688323,0.2917748917748918
2021-10-25 02:45:00+00:00,0.05192394239423935,0.0,0.0012730465320456,0.2891774891774892
2021-10-25 03:00:00+00:00,0.0525802580258025,0.0,0.0012291483757682,0.2865800865800866
2021-10-25 03:15:00+00:00,0.05183018301830175,0.0,0.0012291483757682,0.28809523809523807
2021-10-25 03:30:00+00:00,0.051080108010801,0.0,0.0012291483757682,0.2896103896103896
2021-10-25 03:45:00+00:00,0.050330033003300245,0.0,0.0012291483757682,0.2911255411255411
2021-10-25 04:00:00+00:00,0.0495799579957995,0.0,0.0012291483757682,0.2926406926406926
2021-10-25 04:15:00+00:00,0.04803292829282915,0.0,0.0012291483757682,0.2989177489177488
2021-10-25 04:30:00+00:00,0.0464858985898588,0.0,0.0012291483757682,0.3051948051948051
2021-10-25 04:45:00+00:00,0.04493886888688855,0.0,0.0012291483757682,0.3114718614718614
2021-10-25 05:00:00+00:00,0.0433918391839183,0.0,0.0012291483757682,0.3177489177489177
2021-10-25 05:15:00+00:00,0.042744899489948904,0.0,0.0029631255487269003,0.32056277056277055
2021-10-25 05:30:00+00:00,0.0420979597959795,0.0,0.0046971027216856,0.3233766233766234
2021-10-25 05:45:00+00:00,0.041451020102010155,0.0,0.00643107989464435,0.3261904761904762
2021-10-25 06:00:00+00:00,0.0408040804080408,0.0,0.0081650570676031,0.329004329004329
2021-10-25 06:15:00+00:00,0.039247674767476703,0.0,0.055443371378402044,0.3268398268398268
2021-10-25 06:30:00+00:00,0.0376912691269126,0.0,0.102721685689201,0.3246753246753247
2021-10-25 06:45:00+00:00,0.03613486348634855,0.0,0.14999999999999994,0.3225108225108225
2021-10-25 07:00:00+00:00,0.0345784578457845,0.0,0.1972783143107989,0.3203463203463203
2021-10-25 07:15:00+00:00,0.0336783678367836,0.0,0.27530728709394203,0.31839826839826835
2021-10-25 07:30:00+00:00,0.0327782778277827,0.0,0.3533362598770851,0.3164502164502164
2021-10-25 07:45:00+00:00,0.0318781878187818,0.0,0.4313652326602282,0.31450216450216445
2021-10-25 08:00:00+00:00,0.0309780978097809,0.0,0.5093942054433713,0.3125541125541125
2021-10-25 08:15:00+00:00,0.03096872187218715,0.0,0.5551580333625987,0.3082251082251081
2021-10-25 08:30:00+00:00,0.0309593459345934,0.0,0.6009218612818261,0.3038961038961038
2021-10-25 08:45:00+00:00,0.03094996999699965,0.0,0.6466856892010535,0.2995670995670995
2021-10-25 09:00:00+00:00,0.0309405940594059,0.0,0.6924495171202809,0.2952380952380952
2021-10-25 09:15:00+00:00,0.030959345934593402,0.0,0.7106892010535557,0.29567099567099564
2021-10-25 09:30:00+00:00,0.0309780978097809,0.0,0.7289288849868305,0.2961038961038961
2021-10-25 09:45:00+00:00,0.03099684968496845,0.0,0.7471685689201053,0.29653679653679654
2021-10-25 10:00:00+00:00,0.031015601560156,0.0,0.7654082528533802,0.296969696969697
2021-10-25 10:15:00+00:00,0.031812556255625554,0.0,0.7652546093064092,0.2954545454545454
2021-10-25 10:30:00+00:00,0.0326095109510951,0.0,0.7651009657594381,0.2939393939393939
2021-10-25 10:45:00+00:00,0.033406465646564645,0.0,0.7649473222124671,0.29242424242424236
2021-10-25 11:00:00+00:00,0.0342034203420342,0.0,0.7647936786654961,0.2909090909090909
2021-10-25 11:15:00+00:00,0.0344940744074407,0.0,0.7624451273046532,0.29047619047619044
2021-10-25 11:30:00+00:00,0.0347847284728472,0.0,0.7600965759438103,0.29004329004329
2021-10-25 11:45:00+00:00,0.03507538253825375,0.0,0.7577480245829675,0.2896103896103896
2021-10-25 12:00:00+00:00,0.0353660366036603,0.0,0.7553994732221246,0.2891774891774892
2021-10-25 12:15:00+00:00,0.035403540354035354,0.0,0.7508340649692713,0.2885281385281385
2021-10-25 12:30:00+00:00,0.0354410441044104,0.0,0.7462686567164178,0.2878787878787879
2021-10-25 12:45:00+00:00,0.03547854785478545,0.0,0.7417032484635645,0.2872294372294373
2021-10-25 13:00:00+00:00,0.0355160516051605,0.0,0.7371378402107112,0.2865800865800866
2021-10-25 13:15:00+00:00,0.037297479747974746,0.0,0.7201931518876208,0.28744588744588745
2021-10-25 13:30:00+00:00,0.039078907890789,0.0,0.7032484635645303,0.2883116883116883
2021-10-25 13:45:00+00:00,0.040860336033603305,0.0,0.6863037752414398,0.28917748917748914
2021-10-25 14:00:00+00:00,0.0426417641764176,0.0,0.6693590869183494,0.29004329004329
2021-10-25 14:15:00+00:00,0.0435137263726372,0.0,0.620412642669008,0.2926406926406926
2021-10-25 14:30:00+00:00,0.0443856885688568,0.0,0.5714661984196664,0.2952380952380952
2021-10-25 14:45:00+00:00,0.04525765076507645,0.0,0.5225197541703248,0.2978354978354978
2021-10-25 15:00:00+00:00,0.0461296129612961,0.0,0.4735733099209833,0.3004329004329004
2021-10-25 15:15:00+00:00,0.0482204470447044,0.0,0.3966417910447761,0.30800865800865795
2021-10-25 15:30:00+00:00,0.0503112811281127,0.0,0.3197102721685689,0.3155844155844155
2021-10-25 15:45:00+00:00,0.05240211521152105,0.0,0.2427787532923617,0.3231601731601731
2021-10-25 16:00:00+00:00,0.0544929492949294,0.0,0.1658472344161545,0.3307359307359307
2021-10-25 16:15:00+00:00,0.0589465196519651,0.0,0.12870939420544336,0.3584415584415584
2021-10-25 16:30:00+00:00,0.0634000900090008,0.0,0.0915715539947322,0.3861471861471861
2021-10-25 16:45:00+00:00,0.06785366036603654,0.0,0.05443371378402105,0.41385281385281375
2021-10-25 17:00:00+00:00,0.0723072307230723,0.0,0.0172958735733099,0.4415584415584415
2021-10-25 17:15:00+00:00,0.0781671917191719,0.0,0.0148814749780509,0.43160173160173154
2021-10-25 17:30:00+00:00,0.0840271527152715,0.0,0.0124670763827919,0.4216450216450216
2021-10-25 17:45:00+00:00,0.08988711371137109,0.0,0.0100526777875329,0.41168831168831166
2021-10-25 18:00:00+00:00,0.0957470747074707,0.0,0.0076382791922739,0.4017316017316017
2021-10-25 18:15:00+00:00,0.0999474947494749,0.0,0.0072870939420544,0.39480519480519477
2021-10-25 18:30:00+00:00,0.1041479147914791,0.0,0.0069359086918349,0.3878787878787878
2021-10-25 18:45:00+00:00,0.1083483348334833,0.0,0.0065847234416154,0.38095238095238093
2021-10-25 19:00:00+00:00,0.1125487548754875,0.0,0.0062335381913959,0.374025974025974
2021-10-25 19:15:00+00:00,0.11873687368736871,0.0,0.0062335381913959,0.3688311688311688
2021-10-25 19:30:00+00:00,0.1249249924992499,0.0,0.0062335381913959,0.3636363636363636
2021-10-25 19:45:00+00:00,0.1311131113111311,0.0,0.0062335381913959,0.3584415584415584
2021-10-25 20:00:00+00:00,0.1373012301230123,0.0,0.0062335381913959,0.3532467532467532
2021-10-25 20:15:00+00:00,0.14204545454545447,0.0,0.00522388059701485,0.34826839826839817
2021-10-25 20:30:00+00:00,0.1467896789678967,0.0,0.0042142230026338,0.3432900432900432
2021-10-25 20:45:00+00:00,0.15153390339033895,0.0,0.0032045654082528,0.33831168831168823
2021-10-25 21:00:00+00:00,0.1562781278127812,0.0,0.0021949078138718,0.3333333333333333
2021-10-25 21:15:00+00:00,0.15980348034803468,0.0,0.00217295873573305,0.3363636363636363
2021-10-25 21:30:00+00:00,0.1633288328832882,0.0,0.0021510096575943,0.3393939393939393
2021-10-25 21:45:00+00:00,0.16685418541854175,0.0,0.0021290605794556,0.34242424242424235
2021-10-25 22:00:00+00:00,0.1703795379537953,0.0,0.0021071115013169,0.3454545454545454
2021-10-25 22:15:00+00:00,0.1711577407740773,0.0,0.0021071115013169,0.3413419913419913
2021-10-25 22:30:00+00:00,0.1719359435943593,0.0,0.0021071115013169,0.3372294372294372
2021-10-25 22:45:00+00:00,0.1727141464146414,0.0,0.0021071115013169,0.33311688311688314
2021-10-25 23:00:00+00:00,0.1734923492349235,0.0,0.0021071115013169,0.329004329004329
2021-10-25 23:15:00+00:00,0.16992949294929488,0.0,0.0020851624231781503,0.329004329004329
2021-10-25 23:30:00+00:00,0.1663666366636663,0.0,0.0020632133450394,0.329004329004329
2021-10-25 23:45:00+00:00,0.16280378037803775,0.0,0.0020412642669007004,0.329004329004329
2021-10-26 00:00:00+00:00,0.1592409240924092,0.0,0.002019315188762,0.329004329004329
2021-10-26 00:15:00+00:00,0.15880025502550246,0.0,0.002019315188762,0.32857142857142857
2021-10-26 00:30:00+00:00,0.1583595859585957,0.0,0.002019315188762,0.3281385281385281
2021-10-26 00:45:00+00:00,0.15791891689168905,0.0,0.002019315188762,0.32770562770562767
2021-10-26 01:00:00+00:00,0.1574782478247824,0.0,0.002019315188762,0.3272727272727272
2021-10-26 01:15:00+00:00,0.1594846984698469,0.0,0.002019315188762,0.32554112554112546
2021-10-26 01:30:00+00:00,0.1614911491149114,0.0,0.002019315188762,0.3238095238095237
2021-10-26 01:45:00+00:00,0.16349759975997594,0.0,0.002019315188762,0.322077922077922
2021-10-26 02:00:00+00:00,0.1655040504050405,0.0,0.002019315188762,0.3203463203463203
2021-10-26 02:15:00+00:00,0.16431330633063304,0.0,0.002019315188762,0.3214285714285714
2021-10-26 02:30:00+00:00,0.1631225622562256,0.0,0.002019315188762,0.3225108225108225
2021-10-26 02:45:00+00:00,0.16193181818181815,0.0,0.002019315188762,0.3235930735930736
2021-10-26 03:00:00+00:00,0.1607410741074107,0.0,0.002019315188762,0.3246753246753247
2021-10-26 03:15:00+00:00,0.16229747974797476,0.0,0.002019315188762,0.33160173160173156
2021-10-26 03:30:00+00:00,0.1638538853885388,0.0,0.002019315188762,0.3385281385281385
2021-10-26 03:45:00+00:00,0.16541029102910285,0.0,0.002019315188762,0.34545454545454546
2021-10-26 04:00:00+00:00,0.1669666966696669,0.0,0.002019315188762,0.3523809523809524
2021-10-26 04:15:00+00:00,0.16814806480648053,0.0,0.002019315188762,0.3547619047619047
2021-10-26 04:30:00+00:00,0.1693294329432942,0.0,0.002019315188762,0.3571428571428571
2021-10-26 04:45:00+00:00,0.1705108010801079,0.0,0.002019315188762,0.35952380952380947
2021-10-26 05:00:00+00:00,0.1716921692169216,0.0,0.002019315188762,0.3619047619047619
2021-10-26 05:15:00+00:00,0.17021077107710758,0.0,0.0025021949078138,0.3696969696969697
2021-10-26 05:30:00+00:00,0.1687293729372936,0.0,0.0029850746268656,0.3774891774891775
2021-10-26 05:45:00+00:00,0.16724797479747966,0.0,0.0034679543459174,0.3852813852813853
2021-10-26 06:00:00+00:00,0.1657665766576657,0.0,0.0039508340649692,0.3930735930735931
2021-10-26 06:15:00+00:00,0.16032853285328524,0.0,0.033977172958735646,0.3993506493506493
2021-10-26 06:30:00+00:00,0.1548904890489048,0.0,0.0640035118525021,0.4056277056277055
2021-10-26 06:45:00+00:00,0.1494524452445244,0.0,0.0940298507462686,0.4119047619047618
2021-10-26 07:00:00+00:00,0.144014401440144,0.0,0.1240561896400351,0.4181818181818181
2021-10-26 07:15:00+00:00,0.1371980948094809,0.0,0.19657594381035992,0.4093073593073592
2021-10-26 07:30:00+00:00,0.1303817881788178,0.0,0.2690956979806848,0.4004329004329003
2021-10-26 07:45:00+00:00,0.12356548154815475,0.0,0.34161545215100964,0.3915584415584415
2021-10-26 08:00:00+00:00,0.1167491749174917,0.0,0.4141352063213345,0.3826839826839827
2021-10-26 08:15:00+00:00,0.11613036303630356,0.0,0.46646180860403863,0.36796536796536794
2021-10-26 08:30:00+00:00,0.1155115511551154,0.0,0.5187884108867428,0.3532467532467532
2021-10-26 08:45:00+00:00,0.11489273927392729,0.0,0.5711150131694469,0.3385281385281385
2021-10-26 09:00:00+00:00,0.1142739273927392,0.0,0.623441615452151,0.3238095238095238
2021-10-26 09:15:00+00:00,0.11310193519351924,0.0,0.6411545215100967,0.32445887445887445
2021-10-26 09:30:00+00:00,0.1119299429942993,0.0,0.6588674275680422,0.3251082251082251
2021-10-26 09:45:00+00:00,0.1107579507950794,0.0,0.6765803336259877,0.3257575757575758
2021-10-26 10:00:00+00:00,0.1095859585958595,0.0,0.6942932396839333,0.3264069264069264
2021-10-26 10:15:00+00:00,0.10714821482148204,0.0,0.7014925373134329,0.3268398268398268
2021-10-26 10:30:00+00:00,0.1047104710471046,0.0,0.7086918349429324,0.3272727272727272
2021-10-26 10:45:00+00:00,0.1022727272727272,0.0,0.715891132572432,0.32770562770562767
2021-10-26 11:00:00+00:00,0.0998349834983498,0.0,0.7230904302019315,0.3281385281385281
2021-10-26 11:15:00+00:00,0.0978941644164416,0.0,0.7220149253731343,0.3272727272727272
2021-10-26 11:30:00+00:00,0.0959533453345334,0.0,0.7209394205443371,0.3264069264069263
2021-10-26 11:45:00+00:00,0.0940125262526252,0.0,0.71986391571554,0.3255411255411255
2021-10-26 12:00:00+00:00,0.092071707170717,0.0,0.7187884108867427,0.3246753246753247
2021-10-26 12:15:00+00:00,0.08949332433243315,0.0,0.716505706760316,0.32316017316017315
2021-10-26 12:30:00+00:00,0.0869149414941493,0.0,0.7142230026338894,0.3216450216450216
2021-10-26 12:45:00+00:00,0.0843365586558655,0.0,0.7119402985074628,0.3201298701298701
2021-10-26 13:00:00+00:00,0.0817581758175817,0.0,0.709657594381036,0.3186147186147186
2021-10-26 13:15:00+00:00,0.0810362286228622,0.0,0.6991659350307287,0.3168831168831169
2021-10-26 13:30:00+00:00,0.0803142814281427,0.0,0.6886742756804214,0.3151515151515151
2021-10-26 13:45:00+00:00,0.07959233423342325,0.0,0.6781826163301141,0.3134199134199134
2021-10-26 14:00:00+00:00,0.0788703870387038,0.0,0.6676909569798068,0.3116883116883117
2021-10-26 14:15:00+00:00,0.08001425142514246,0.0,0.6330553116769095,0.3292207792207792
2021-10-26 14:30:00+00:00,0.0811581158115811,0.0,0.5984196663740122,0.3467532467532467
2021-10-26 14:45:00+00:00,0.08230198019801975,0.0,0.5637840210711149,0.3642857142857142
2021-10-26 15:00:00+00:00,0.0834458445844584,0.0,0.5291483757682177,0.3818181818181818
2021-10-26 15:15:00+00:00,0.0838865136513651,0.0,0.45715539947322215,0.38722943722943715
2021-10-26 15:30:00+00:00,0.0843271827182718,0.0,0.3851624231782265,0.3926406926406925
2021-10-26 15:45:00+00:00,0.08476785178517851,0.0,0.3131694468832309,0.398051948051948
2021-10-26 16:00:00+00:00,0.0852085208520852,0.0,0.2411764705882353,0.4034632034632034
2021-10-26 16:15:00+00:00,0.0844209420942094,0.0,0.19244951712028097,0.42121212121212115
2021-10-26 16:30:00+00:00,0.0836333633363336,0.0,0.1437225636523266,0.4389610389610389
2021-10-26 16:45:00+00:00,0.0828457845784578,0.0,0.09499561018437225,0.4567099567099566
2021-10-26 17:00:00+00:00,0.082058205820582,0.0,0.0462686567164179,0.4744588744588744
2021-10-26 17:15:00+00:00,0.08184255925592555,0.0,0.03935469710272165,0.47186147186147187
2021-10-26 17:30:00+00:00,0.0816269126912691,0.0,0.0324407374890254,0.4692640692640693
2021-10-26 17:45:00+00:00,0.08141126612661265,0.0,0.0255267778753292,0.4666666666666667
2021-10-26 18:00:00+00:00,0.0811956195619562,0.0,0.018612818261633,0.4640692640692641
2021-10-26 18:15:00+00:00,0.07947982298229819,0.0,0.0158691834942932,0.46082251082251086
2021-10-26 18:30:00+00:00,0.0777640264026402,0.0,0.0131255487269534,0.4575757575757576
2021-10-26 18:45:00+00:00,0.07604822982298225,0.0,0.01038191395961365,0.45432900432900436
2021-10-26 19:00:00+00:00,0.0743324332433243,0.0,0.0076382791922739,0.4510822510822511
2021-10-26 19:15:00+00:00,0.07236348634863479,0.0,0.006474978050921801,0.4502164502164502
2021-10-26 19:30:00+00:00,0.0703945394539453,0.0,0.0053116769095697,0.4493506493506493
2021-10-26 19:45:00+00:00,0.06842559255925584,0.0,0.00414837576821765,0.44848484848484843
2021-10-26 20:00:00+00:00,0.0664566456645664,0.0,0.0029850746268656,0.4476190476190476
2021-10-26 20:15:00+00:00,0.06558468346834675,0.0,0.0026338893766461,0.4541125541125541
2021-10-26 20:30:00+00:00,0.0647127212721271,0.0,0.0022827041264266,0.4606060606060606
2021-10-26 20:45:00+00:00,0.0638407590759075,0.0,0.00193151887620715,0.467099567099567
2021-10-26 21:00:00+00:00,0.0629687968796879,0.0,0.0015803336259877,0.4735930735930735
2021-10-26 21:15:00+00:00,0.06233123312331225,0.0,0.0015583845478489501,0.46125541125541114
2021-10-26 21:30:00+00:00,0.0616936693669366,0.0,0.0015364354697102,0.4489177489177488
2021-10-26 21:45:00+00:00,0.061056105610561004,0.0,0.0015144863915715,0.4365800865800865
2021-10-26 22:00:00+00:00,0.0604185418541854,0.0,0.0014925373134328,0.4242424242424242
2021-10-26 22:15:00+00:00,0.05919966996699665,0.0,0.0014925373134328,0.40779220779220776
2021-10-26 22:30:00+00:00,0.0579807980798079,0.0,0.0014925373134328,0.3913419913419913
2021-10-26 22:45:00+00:00,0.0567619261926192,0.0,0.0014925373134328,0.37489177489177483
2021-10-26 23:00:00+00:00,0.0555430543054305,0.0,0.0014925373134328,0.3584415584415584
2021-10-26 23:15:00+00:00,0.05552430243024295,0.0,0.0014925373134328,0.35281385281385275
2021-10-26 23:30:00+00:00,0.0555055505550554,0.0,0.0014925373134328,0.3471861471861471
2021-10-26 23:45:00+00:00,0.0554867986798679,0.0,0.0014925373134328,0.3415584415584415
2021-10-27 00:00:00+00:00,0.0554680468046804,0.0,0.0014925373134328,0.3359307359307359
2021-10-27 00:15:00+00:00,0.055046129612961195,0.0,0.0014925373134328,0.33138528138528134
2021-10-27 00:30:00+00:00,0.054624212421242,0.0,0.0014925373134328,0.3268398268398268
2021-10-27 00:45:00+00:00,0.05420229522952285,0.0,0.0014925373134328,0.3222943722943723
2021-10-27 01:00:00+00:00,0.0537803780378037,0.0,0.0014925373134328,0.3177489177489177
2021-10-27 01:15:00+00:00,0.05402415241524145,0.0,0.0014925373134328,0.31645021645021637
2021-10-27 01:30:00+00:00,0.0542679267926792,0.0,0.0014925373134328,0.315151515151515
2021-10-27 01:45:00+00:00,0.05451170117011695,0.0,0.0014925373134328,0.3138528138528137
2021-10-27 02:00:00+00:00,0.0547554755475547,0.0,0.0014925373134328,0.3125541125541125
2021-10-27 02:15:00+00:00,0.05589933993399335,0.0,0.0014925373134328,0.3114718614718614
2021-10-27 02:30:00+00:00,0.057043204320432,0.0,0.0014925373134328,0.3103896103896103
2021-10-27 02:45:00+00:00,0.058187068706870654,0.0,0.0014925373134328,0.30930735930735925
2021-10-27 03:00:00+00:00,0.0593309330933093,0.0,0.0014925373134328,0.3082251082251082
2021-10-27 03:15:00+00:00,0.0605310531053105,0.0,0.0014925373134328,0.3134199134199134
2021-10-27 03:30:00+00:00,0.0617311731173117,0.0,0.0014925373134328,0.3186147186147186
2021-10-27 03:45:00+00:00,0.06293129312931289,0.0,0.0014925373134328,0.32380952380952377
2021-10-27 04:00:00+00:00,0.0641314131413141,0.0,0.0014925373134328,0.329004329004329
2021-10-27 04:15:00+00:00,0.0648252325232523,0.0,0.0016242317822651,0.3476190476190476
2021-10-27 04:30:00+00:00,0.0655190519051905,0.0,0.0017559262510974,0.3662337662337662
2021-10-27 04:45:00+00:00,0.0662128712871287,0.0,0.0018876207199297,0.3848484848484848
2021-10-27 05:00:00+00:00,0.0669066906690669,0.0,0.002019315188762,0.4034632034632034
2021-10-27 05:15:00+00:00,0.06610036003600356,0.0,0.0028314310798945503,0.4127705627705627
2021-10-27 05:30:00+00:00,0.0652940294029402,0.0,0.0036435469710271,0.422077922077922
2021-10-27 05:45:00+00:00,0.0644876987698769,0.0,0.0044556628621597,0.4313852813852813
2021-10-27 06:00:00+00:00,0.0636813681368136,0.0,0.0052677787532923,0.4406926406926407
2021-10-27 06:15:00+00:00,0.06316569156915686,0.0,0.042647058823529344,0.42943722943722945
2021-10-27 06:30:00+00:00,0.0626500150015001,0.0,0.0800263388937664,0.4181818181818182
2021-10-27 06:45:00+00:00,0.06213433843384335,0.0,0.11740561896400345,0.4069264069264069
2021-10-27 07:00:00+00:00,0.0616186618661866,0.0,0.1547848990342405,0.3956709956709957
2021-10-27 07:15:00+00:00,0.05965909090909085,0.0,0.23090430201931517,0.3904761904761905
2021-10-27 07:30:00+00:00,0.0576995199519951,0.0,0.3070237050043898,0.3852813852813853
2021-10-27 07:45:00+00:00,0.055739948994899396,0.0,0.38314310798946444,0.3800865800865801
2021-10-27 08:00:00+00:00,0.0537803780378037,0.0,0.4592625109745391,0.3748917748917749
2021-10-27 08:15:00+00:00,0.05339596459645955,0.0,0.5074846356453029,0.36212121212121207
2021-10-27 08:30:00+00:00,0.0530115511551154,0.0,0.5557067603160668,0.3493506493506493
2021-10-27 08:45:00+00:00,0.052627137713771296,0.0,0.6039288849868306,0.33658008658008653
2021-10-27 09:00:00+00:00,0.0522427242724272,0.0,0.6521510096575944,0.3238095238095238
2021-10-27 09:15:00+00:00,0.053189693969396906,0.0,0.6700395083406497,0.32272727272727275
2021-10-27 09:30:00+00:00,0.0541366636663666,0.0,0.687928007023705,0.3216450216450216
2021-10-27 09:45:00+00:00,0.0550836333633363,0.0,0.7058165057067604,0.32056277056277055
2021-10-27 10:00:00+00:00,0.056030603060306,0.0,0.7237050043898157,0.3194805194805195
2021-10-27 10:15:00+00:00,0.05820582058205815,0.0,0.7308604038630377,0.31580086580086575
2021-10-27 10:30:00+00:00,0.0603810381038103,0.0,0.7380158033362598,0.3121212121212121
2021-10-27 10:45:00+00:00,0.0625562556255625,0.0,0.7451712028094819,0.30844155844155846
2021-10-27 11:00:00+00:00,0.0647314731473147,0.0,0.7523266022827041,0.3047619047619048
2021-10-27 11:15:00+00:00,0.06633475847584755,0.0,0.7524143985952589,0.30454545454545456
2021-10-27 11:30:00+00:00,0.0679380438043804,0.0,0.7525021949078139,0.3043290043290043
2021-10-27 11:45:00+00:00,0.06954132913291325,0.0,0.7525899912203687,0.3041125541125541
2021-10-27 12:00:00+00:00,0.0711446144614461,0.0,0.7526777875329236,0.3038961038961039
2021-10-27 12:15:00+00:00,0.07181968196819674,0.0,0.7510974539069359,0.3058441558441558
2021-10-27 12:30:00+00:00,0.0724947494749474,0.0,0.7495171202809482,0.3077922077922078
2021-10-27 12:45:00+00:00,0.0731698169816981,0.0,0.7479367866549604,0.30974025974025976
2021-10-27 13:00:00+00:00,0.0738448844884488,0.0,0.7463564530289728,0.3116883116883117
2021-10-27 13:15:00+00:00,0.0737323732373237,0.0,0.7419227392449517,0.31125541125541123
2021-10-27 13:30:00+00:00,0.0736198619861986,0.0,0.7374890254609306,0.3108225108225108
2021-10-27 13:45:00+00:00,0.0735073507350735,0.0,0.7330553116769096,0.3103896103896103
2021-10-27 14:00:00+00:00,0.0733948394839484,0.0,0.7286215978928885,0.3099567099567099
2021-10-27 14:15:00+00:00,0.072785403540354,0.0,0.694710272168569,0.3103896103896103
2021-10-27 14:30:00+00:00,0.0721759675967596,0.0,0.6607989464442494,0.3108225108225108
2021-10-27 14:45:00+00:00,0.07156653165316525,0.0,0.6268876207199299,0.31125541125541123
2021-10-27 15:00:00+00:00,0.0709570957095709,0.0,0.5929762949956102,0.3116883116883117
2021-10-27 15:15:00+00:00,0.0708164566456645,0.0,0.509350307287094,0.33506493506493507
2021-10-27 15:30:00+00:00,0.0706758175817581,0.0,0.4257243195785777,0.3584415584415584
2021-10-27 15:45:00+00:00,0.07053517851785175,0.0,0.34209833187006145,0.38181818181818183
2021-10-27 16:00:00+00:00,0.0703945394539454,0.0,0.2584723441615452,0.4051948051948052
2021-10-27 16:15:00+00:00,0.07181030603060305,0.0,0.20728709394205436,0.4041125541125541
2021-10-27 16:30:00+00:00,0.0732260726072607,0.0,0.1561018437225635,0.403030303030303
2021-10-27 16:45:00+00:00,0.07464183918391835,0.0,0.10491659350307275,0.40194805194805194
2021-10-27 17:00:00+00:00,0.076057605760576,0.0,0.053731343283582,0.4008658008658008
2021-10-27 17:15:00+00:00,0.07925480048004796,0.0,0.046971027216856795,0.40627705627705624
2021-10-27 17:30:00+00:00,0.0824519951995199,0.0,0.0402107111501316,0.4116883116883116
2021-10-27 17:45:00+00:00,0.08564918991899184,0.0,0.03345039508340645,0.4170995670995671
2021-10-27 18:00:00+00:00,0.0888463846384638,0.0,0.0266900790166813,0.4225108225108225
2021-10-27 18:15:00+00:00,0.09044029402940285,0.0,0.0232440737489025,0.4322510822510822
2021-10-27 18:30:00+00:00,0.0920342034203419,0.0,0.0197980684811237,0.441991341991342
2021-10-27 18:45:00+00:00,0.09362811281128106,0.0,0.01635206321334495,0.45173160173160176
2021-10-27 19:00:00+00:00,0.0952220222022202,0.0,0.0129060579455662,0.4614718614718615
2021-10-27 19:15:00+00:00,0.09755663066306625,0.0,0.012379280070236951,0.4432900432900433
2021-10-27 19:30:00+00:00,0.0998912391239123,0.0,0.0118525021949077,0.4251082251082251
2021-10-27 19:45:00+00:00,0.1022258475847584,0.0,0.011325724319578501,0.4069264069264069
2021-10-27 20:00:00+00:00,0.1045604560456045,0.0,0.0107989464442493,0.3887445887445887
2021-10-27 20:15:00+00:00,0.1067262976297629,0.0,0.0098770851624231,0.3844155844155843
2021-10-27 20:30:00+00:00,0.1088921392139213,0.0,0.0089552238805969,0.38008658008658
2021-10-27 20:45:00+00:00,0.11105798079807974,0.0,0.00803336259877075,0.3757575757575757
2021-10-27 21:00:00+00:00,0.1132238223822382,0.0,0.0071115013169446,0.3714285714285714
2021-10-27 21:15:00+00:00,0.11849309930993096,0.0,0.0065408252853379,0.36818181818181817
2021-10-27 21:30:00+00:00,0.1237623762376237,0.0,0.0059701492537312,0.3649350649350649
2021-10-27 21:45:00+00:00,0.1290316531653165,0.0,0.00539947322212455,0.36168831168831167
2021-10-27 22:00:00+00:00,0.1343009300930093,0.0,0.0048287971905179,0.3584415584415584
2021-10-27 22:15:00+00:00,0.13817319231923192,0.0,0.0048287971905179,0.35367965367965365
2021-10-27 22:30:00+00:00,0.1420454545454545,0.0,0.0048287971905179,0.3489177489177489
2021-10-27 22:45:00+00:00,0.14591771677167711,0.0,0.0048287971905179,0.34415584415584416
2021-10-27 23:00:00+00:00,0.1497899789978997,0.0,0.0048287971905179,0.3393939393939394
2021-10-27 23:15:00+00:00,0.15344659465946586,0.0,0.00428007023704995,0.3393939393939394
2021-10-27 23:30:00+00:00,0.157103210321032,0.0,0.003731343283582,0.3393939393939394
2021-10-27 23:45:00+00:00,0.1607598259825982,0.0,0.00318261633011405,0.3393939393939394
2021-10-28 00:00:00+00:00,0.1644164416441644,0.0,0.0026338893766461,0.3393939393939394
2021-10-28 00:15:00+00:00,0.16749174917491744,0.0,0.0025241439859524997,0.3385281385281385
2021-10-28 00:30:00+00:00,0.1705670567056705,0.0,0.0024143985952589,0.3376623376623376
2021-10-28 00:45:00+00:00,0.1736423642364236,0.0,0.0023046532045653497,0.33679653679653676
2021-10-28 01:00:00+00:00,0.1767176717671767,0.0,0.0021949078138718,0.3359307359307359
2021-10-28 01:15:00+00:00,0.17789903990399036,0.0,0.0021949078138718,0.33571428571428563
2021-10-28 01:30:00+00:00,0.179080408040804,0.0,0.0021949078138718,0.3354978354978354
2021-10-28 01:45:00+00:00,0.18026177617761768,0.0,0.0021949078138718,0.3352813852813852
2021-10-28 02:00:00+00:00,0.1814431443144314,0.0,0.0021949078138718,0.335064935064935
2021-10-28 02:15:00+00:00,0.18254012901290123,0.0,0.0021949078138718,0.3352813852813852
2021-10-28 02:30:00+00:00,0.1836371137113711,0.0,0.0021949078138718,0.3354978354978354
2021-10-28 02:45:00+00:00,0.18473409840984095,0.0,0.0021949078138718,0.33571428571428563
2021-10-28 03:00:00+00:00,0.1858310831083108,0.0,0.0021949078138718,0.3359307359307359
2021-10-28 03:15:00+00:00,0.18710621062106206,0.0,0.00217295873573305,0.36017316017316015
2021-10-28 03:30:00+00:00,0.1883813381338133,0.0,0.0021510096575943,0.3844155844155844
2021-10-28 03:45:00+00:00,0.1896564656465646,0.0,0.0021290605794556,0.4086580086580086
2021-10-28 04:00:00+00:00,0.1909315931593159,0.0,0.0021071115013169,0.4329004329004329
2021-10-28 04:15:00+00:00,0.19230985598559852,0.0,0.00228270412642665,0.4372294372294372
2021-10-28 04:30:00+00:00,0.1936881188118811,0.0,0.0024582967515364,0.4415584415584415
2021-10-28 04:45:00+00:00,0.19506638163816375,0.0,0.00263388937664615,0.44588744588744583
2021-10-28 05:00:00+00:00,0.1964446444644464,0.0,0.0028094820017559,0.4502164502164502
2021-10-28 05:15:00+00:00,0.19711971197119704,0.0,0.0034679543459174497,0.44978354978354973
2021-10-28 05:30:00+00:00,0.1977947794779477,0.0,0.004126426690079,0.4493506493506493
2021-10-28 05:45:00+00:00,0.1984698469846984,0.0,0.00478489903424055,0.4489177489177489
2021-10-28 06:00:00+00:00,0.1991449144914491,0.0,0.0054433713784021,0.4484848484848485
2021-10-28 06:15:00+00:00,0.19945432043204314,0.0,0.03694029850746265,0.4515151515151515
2021-10-28 06:30:00+00:00,0.1997637263726372,0.0,0.0684372256365232,0.4545454545454545
2021-10-28 06:45:00+00:00,0.20007313231323126,0.0,0.09993415276558379,0.4575757575757575
2021-10-28 07:00:00+00:00,0.2003825382538253,0.0,0.1314310798946444,0.4606060606060606
2021-10-28 07:15:00+00:00,0.198601110111011,0.0,0.20305092186128182,0.4554112554112554
2021-10-28 07:30:00+00:00,0.1968196819681967,0.0,0.2746707638279192,0.4502164502164502
2021-10-28 07:45:00+00:00,0.19503825382538245,0.0,0.3462906057945566,0.445021645021645
2021-10-28 08:00:00+00:00,0.1932568256825682,0.0,0.417910447761194,0.4398268398268398
2021-10-28 08:15:00+00:00,0.19301305130513044,0.0,0.47495610184372256,0.419047619047619
2021-10-28 08:30:00+00:00,0.1927692769276927,0.0,0.5320017559262511,0.3982683982683982
2021-10-28 08:45:00+00:00,0.19252550255025494,0.0,0.5890474100087797,0.37748917748917743
2021-10-28 09:00:00+00:00,0.1922817281728172,0.0,0.6460930640913082,0.3567099567099567
2021-10-28 09:15:00+00:00,0.1953570357035703,0.0,0.6687445127304654,0.3538961038961038
2021-10-28 09:30:00+00:00,0.1984323432343234,0.0,0.6913959613696226,0.351082251082251
2021-10-28 09:45:00+00:00,0.20150765076507648,0.0,0.7140474100087797,0.34826839826839817
2021-10-28 10:00:00+00:00,0.2045829582958296,0.0,0.7366988586479368,0.3454545454545454
2021-10-28 10:15:00+00:00,0.21094921992199214,0.0,0.7397936786654961,0.34004329004329004
2021-10-28 10:30:00+00:00,0.2173154815481547,0.0,0.7428884986830553,0.3346320346320346
2021-10-28 10:45:00+00:00,0.22368174317431733,0.0,0.7459833187006146,0.3292207792207792
2021-10-28 11:00:00+00:00,0.23004800480048,0.0,0.7490781387181739,0.3238095238095238
2021-10-28 11:15:00+00:00,0.2388613861386138,0.0,0.7456101843722565,0.3220779220779221
2021-10-28 11:30:00+00:00,0.2476747674767476,0.0,0.742142230026339,0.3203463203463204
2021-10-28 11:45:00+00:00,0.25648814881488147,0.0,0.7386742756804214,0.31861471861471863
2021-10-28 12:00:00+00:00,0.2653015301530153,0.0,0.7352063213345039,0.3168831168831169
2021-10-28 12:15:00+00:00,0.2700926342634263,0.0,0.7315847234416155,0.3168831168831169
2021-10-28 12:30:00+00:00,0.2748837383738373,0.0,0.727963125548727,0.3168831168831169
2021-10-28 12:45:00+00:00,0.27967484248424834,0.0,0.7243415276558385,0.3168831168831169
2021-10-28 13:00:00+00:00,0.2844659465946594,0.0,0.72071992976295,0.3168831168831169
2021-10-28 13:15:00+00:00,0.2886007350735073,0.0,0.7088015803336261,0.31753246753246755
2021-10-28 13:30:00+00:00,0.2927355235523552,0.0,0.696883230904302,0.3181818181818182
2021-10-28 13:45:00+00:00,0.2968703120312031,0.0,0.684964881474978,0.3188311688311688
2021-10-28 14:00:00+00:00,0.301005100510051,0.0,0.6730465320456541,0.3194805194805195
2021-10-28 14:15:00+00:00,0.303733498349835,0.0,0.6282265144863917,0.3196969696969697
2021-10-28 14:30:00+00:00,0.3064618961896189,0.0,0.5834064969271291,0.3199134199134199
2021-10-28 14:45:00+00:00,0.3091902940294029,0.0,0.5385864793678665,0.32012987012987015
2021-10-28 15:00:00+00:00,0.3119186918691869,0.0,0.493766461808604,0.3203463203463203
2021-10-28 15:15:00+00:00,0.3140845334533453,0.0,0.41169885864793676,0.33160173160173156
2021-10-28 15:30:00+00:00,0.3162503750375037,0.0,0.3296312554872695,0.3428571428571428
2021-10-28 15:45:00+00:00,0.31841621662166214,0.0,0.24756365232660227,0.35411255411255405
2021-10-28 16:00:00+00:00,0.3205820582058206,0.0,0.165496049165935,0.3653679653679653
2021-10-28 16:15:00+00:00,0.32444494449444944,0.0,0.13048726953467948,0.388095238095238
2021-10-28 16:30:00+00:00,0.3283078307830783,0.0,0.095478489903424,0.4108225108225107
2021-10-28 16:45:00+00:00,0.33217071707170714,0.0,0.0604697102721685,0.43354978354978346
2021-10-28 17:00:00+00:00,0.336033603360336,0.0,0.025460930640913,0.4562770562770563
2021-10-28 17:15:00+00:00,0.3402340234023402,0.0,0.021817383669885802,0.45865800865800865
2021-10-28 17:30:00+00:00,0.3444344434443444,0.0,0.0181738366988586,0.461038961038961
2021-10-28 17:45:00+00:00,0.3486348634863486,0.0,0.014530289727831401,0.4634199134199134
2021-10-28 18:00:00+00:00,0.3528352835283528,0.0,0.0108867427568042,0.4658008658008658
2021-10-28 18:15:00+00:00,0.354307305730573,0.0,0.009613696224758501,0.464935064935065
2021-10-28 18:30:00+00:00,0.3557793279327932,0.0,0.0083406496927128,0.4640692640692641
2021-10-28 18:45:00+00:00,0.35725135013501347,0.0,0.00706760316066715,0.4632034632034632
2021-10-28 19:00:00+00:00,0.3587233723372337,0.0,0.0057945566286215,0.4623376623376623
2021-10-28 19:15:00+00:00,0.36109548454845486,0.0,0.00570676031606665,0.4575757575757575
2021-10-28 19:30:00+00:00,0.363467596759676,0.0,0.0056189640035118,0.4528138528138528
2021-10-28 19:45:00+00:00,0.3658397089708971,0.0,0.00553116769095695,0.44805194805194803
2021-10-28 20:00:00+00:00,0.3682118211821182,0.0,0.0054433713784021,0.4432900432900433
2021-10-28 20:15:00+00:00,0.3668898139813981,0.0,0.0053775241439859,0.4222943722943723
2021-10-28 20:30:00+00:00,0.365567806780678,0.0,0.0053116769095697,0.4012987012987012
2021-10-28 20:45:00+00:00,0.36424579957995795,0.0,0.00524582967515355,0.38030303030303025
2021-10-28 21:00:00+00:00,0.3629237923792379,0.0,0.0051799824407374,0.3593073593073593
2021-10-28 21:15:00+00:00,0.35912653765376534,0.0,0.0051580333625987,0.37164502164502167
2021-10-28 21:30:00+00:00,0.3553292829282928,0.0,0.00513608428446,0.383982683982684
2021-10-28 21:45:00+00:00,0.35153202820282026,0.0,0.0051141352063213,0.3963203463203463
2021-10-28 22:00:00+00:00,0.3477347734773477,0.0,0.0050921861281826,0.4086580086580086
2021-10-28 22:15:00+00:00,0.3430280528052805,0.0,0.0048068481123792,0.4075757575757575
2021-10-28 22:30:00+00:00,0.3383213321332133,0.0,0.0045215100965758,0.4064935064935064
2021-10-28 22:45:00+00:00,0.3336146114611461,0.0,0.0042361720807725,0.40541125541125533
2021-10-28 23:00:00+00:00,0.3289078907890789,0.0,0.0039508340649692,0.4043290043290043
2021-10-28 23:15:00+00:00,0.32081645664566455,0.0,0.00390693590869175,0.40259740259740256
2021-10-28 23:30:00+00:00,0.3127250225022502,0.0,0.0038630377524143,0.4008658008658008
2021-10-28 23:45:00+00:00,0.30463358835883586,0.0,0.0038191395961369,0.3991341991341991
2021-10-29 00:00:00+00:00,0.2965421542154215,0.0,0.0037752414398595,0.3974025974025974
2021-10-29 00:15:00+00:00,0.29037278727872784,0.0,0.0037752414398595,0.39415584415584415
2021-10-29 00:30:00+00:00,0.2842034203420341,0.0,0.0037752414398595,0.3909090909090909
2021-10-29 00:45:00+00:00,0.2780340534053405,0.0,0.0037752414398595,0.38766233766233765
2021-10-29 01:00:00+00:00,0.2718646864686468,0.0,0.0037752414398595,0.3844155844155844
2021-10-29 01:15:00+00:00,0.26956758175817574,0.0,0.0037752414398595,0.3779220779220779
2021-10-29 01:30:00+00:00,0.2672704770477047,0.0,0.0037752414398595,0.3714285714285714
2021-10-29 01:45:00+00:00,0.2649733723372336,0.0,0.0037752414398595,0.3649350649350649
2021-10-29 02:00:00+00:00,0.2626762676267626,0.0,0.0037752414398595,0.3584415584415584
2021-10-29 02:15:00+00:00,0.25883213321332127,0.0,0.0037752414398595,0.3642857142857142
2021-10-29 02:30:00+00:00,0.2549879987998799,0.0,0.0037752414398595,0.3701298701298701
2021-10-29 02:45:00+00:00,0.2511438643864386,0.0,0.0037752414398595,0.37597402597402596
2021-10-29 03:00:00+00:00,0.2472997299729973,0.0,0.0037752414398595,0.3818181818181818
2021-10-29 03:15:00+00:00,0.24275240024002398,0.0,0.0037752414398595,0.38008658008658003
2021-10-29 03:30:00+00:00,0.2382050705070507,0.0,0.0037752414398595,0.3783549783549783
2021-10-29 03:45:00+00:00,0.23365774077407742,0.0,0.0037752414398595,0.3766233766233766
2021-10-29 04:00:00+00:00,0.2291104110411041,0.0,0.0037752414398595,0.3748917748917749
2021-10-29 04:15:00+00:00,0.2302636513651365,0.0,0.0037752414398595,0.37965367965367963
2021-10-29 04:30:00+00:00,0.2314168916891689,0.0,0.0037752414398595,0.3844155844155844
2021-10-29 04:45:00+00:00,0.23257013201320131,0.0,0.0037752414398595,0.3891774891774892
2021-10-29 05:00:00+00:00,0.2337233723372337,0.0,0.0037752414398595,0.3939393939393939
2021-10-29 05:15:00+00:00,0.2389363936393639,0.0,0.003972783143107899,0.3991341991341991
2021-10-29 05:30:00+00:00,0.2441494149414941,0.0,0.0041703248463563,0.4043290043290043
2021-10-29 05:45:00+00:00,0.2493624362436243,0.0,0.0043678665496048,0.4095238095238095
2021-10-29 06:00:00+00:00,0.2545754575457545,0.0,0.0045654082528533,0.4147186147186147
2021-10-29 06:15:00+00:00,0.25712571257125705,0.0,0.0132791922739244,0.419047619047619
2021-10-29 06:30:00+00:00,0.2596759675967596,0.0,0.0219929762949955,0.4233766233766233
2021-10-29 06:45:00+00:00,0.2622262226222622,0.0,0.03070676031606665,0.42770562770562764
2021-10-29 07:00:00+00:00,0.2647764776477648,0.0,0.0394205443371378,0.432034632034632
2021-10-29 07:15:00+00:00,0.2667172967296729,0.0,0.059350307287093895,0.4385281385281385
2021-10-29 07:30:00+00:00,0.2686581158115811,0.0,0.07928007023705,0.445021645021645
2021-10-29 07:45:00+00:00,0.2705989348934893,0.0,0.0992098331870061,0.4515151515151515
2021-10-29 08:00:00+00:00,0.2725397539753975,0.0,0.1191395961369622,0.458008658008658
2021-10-29 08:15:00+00:00,0.27908415841584155,0.0,0.14201053555750653,0.4582251082251082
2021-10-29 08:30:00+00:00,0.2856285628562856,0.0,0.1648814749780509,0.4584415584415584
2021-10-29 08:45:00+00:00,0.29217296729672965,0.0,0.18775241439859525,0.45865800865800865
2021-10-29 09:00:00+00:00,0.2987173717371737,0.0,0.2106233538191396,0.4588744588744589
2021-10-29 09:15:00+00:00,0.3097809780978098,0.0,0.22708516242317822,0.45519480519480515
2021-10-29 09:30:00+00:00,0.3208445844584459,0.0,0.2435469710272168,0.4515151515151515
2021-10-29 09:45:00+00:00,0.33190819081908196,0.0,0.26000877963125546,0.44783549783549775
2021-10-29 10:00:00+00:00,0.342971797179718,0.0,0.2764705882352941,0.4441558441558441
2021-10-29 10:15:00+00:00,0.35097884788478845,0.0,0.2836040386303774,0.4357142857142856
2021-10-29 10:30:00+00:00,0.3589858985898589,0.0,0.2907374890254608,0.4272727272727272
2021-10-29 10:45:00+00:00,0.3669929492949294,0.0,0.29787093942054427,0.4188311688311688
2021-10-29 11:00:00+00:00,0.375,0.0,0.3050043898156277,0.4103896103896104
2021-10-29 11:15:00+00:00,0.3772689768976898,0.0,0.2973661106233537,0.4212121212121212
2021-10-29 11:30:00+00:00,0.3795379537953796,0.0,0.2897278314310798,0.432034632034632
2021-10-29 11:45:00+00:00,0.38180693069306937,0.0,0.2820895522388059,0.44285714285714284
2021-10-29 12:00:00+00:00,0.3840759075907591,0.0,0.274451273046532,0.4536796536796537
2021-10-29 12:15:00+00:00,0.3849009900990099,0.0,0.267515364354697,0.4417748917748917
2021-10-29 12:30:00+00:00,0.3857260726072607,0.0,0.2605794556628621,0.4298701298701298
2021-10-29 12:45:00+00:00,0.3865511551155116,0.0,0.2536435469710272,0.4179653679653679
2021-10-29 13:00:00+00:00,0.3873762376237624,0.0,0.2467076382791923,0.406060606060606
2021-10-29 13:15:00+00:00,0.38983273327332735,0.0,0.2269315188762072,0.4112554112554112
2021-10-29 13:30:00+00:00,0.3922892289228923,0.0,0.2071553994732221,0.4164502164502164
2021-10-29 13:45:00+00:00,0.39474572457245727,0.0,0.187379280070237,0.4216450216450216
2021-10-29 14:00:00+00:00,0.3972022202220222,0.0,0.1676031606672519,0.4268398268398268
2021-10-29 14:15:00+00:00,0.3947832283228323,0.0,0.1497366110623353,0.4268398268398268
2021-10-29 14:30:00+00:00,0.3923642364236424,0.0,0.1318700614574187,0.4268398268398268
2021-10-29 14:45:00+00:00,0.38994524452445245,0.0,0.11400351185250215,0.4268398268398268
2021-10-29 15:00:00+00:00,0.3875262526252625,0.0,0.0961369622475856,0.4268398268398268
2021-10-29 15:15:00+00:00,0.3872543504350435,0.0,0.07820456540825285,0.4333333333333333
2021-10-29 15:30:00+00:00,0.3869824482448245,0.0,0.0602721685689201,0.4398268398268398
2021-10-29 15:45:00+00:00,0.3867105460546054,0.0,0.04233977172958735,0.4463203463203463
2021-10-29 16:00:00+00:00,0.3864386438643864,0.0,0.0244073748902546,0.4528138528138528
2021-10-29 16:15:00+00:00,0.382791404140414,0.0,0.0193590869183494,0.4584415584415584
2021-10-29 16:30:00+00:00,0.3791441644164416,0.0,0.0143107989464442,0.4640692640692641
2021-10-29 16:45:00+00:00,0.3754969246924692,0.0,0.009262510974539,0.4696969696969697
2021-10-29 17:00:00+00:00,0.3718496849684968,0.0,0.0042142230026338,0.4753246753246753
2021-10-29 17:15:00+00:00,0.3738467596759675,0.0,0.00414837576821765,0.46645021645021645
2021-10-29 17:30:00+00:00,0.3758438343834382,0.0,0.0040825285338015,0.4575757575757575
2021-10-29 17:45:00+00:00,0.377840909090909,0.0,0.004016681299385349,0.44870129870129866
2021-10-29 18:00:00+00:00,0.3798379837983798,0.0,0.0039508340649692,0.4398268398268398
2021-10-29 18:15:00+00:00,0.38773252325232516,0.0,0.003972783143107899,0.43701298701298696
2021-10-29 18:30:00+00:00,0.3956270627062705,0.0,0.0039947322212466,0.4341991341991341
2021-10-29 18:45:00+00:00,0.40352160216021593,0.0,0.00401668129938535,0.4313852813852813
2021-10-29 19:00:00+00:00,0.4114161416141614,0.0,0.0040386303775241,0.4285714285714285
2021-10-29 19:15:00+00:00,0.41630100510051005,0.0,0.0040386303775241,0.4285714285714285
2021-10-29 19:30:00+00:00,0.4211858685868587,0.0,0.0040386303775241,0.4285714285714285
2021-10-29 19:45:00+00:00,0.42607073207320734,0.0,0.0040386303775241,0.4285714285714285
2021-10-29 20:00:00+00:00,0.430955595559556,0.0,0.0040386303775241,0.4285714285714285
2021-10-29 20:15:00+00:00,0.4369280678067806,0.0,0.0040386303775241,0.42662337662337657
2021-10-29 20:30:00+00:00,0.4429005400540053,0.0,0.0040386303775241,0.4246753246753246
2021-10-29 20:45:00+00:00,0.44887301230123006,0.0,0.0040386303775241,0.4227272727272726
2021-10-29 21:00:00+00:00,0.4548454845484548,0.0,0.0040386303775241,0.4207792207792207
2021-10-29 21:15:00+00:00,0.46085546054605453,0.0,0.0040386303775241,0.40800865800865793
2021-10-29 21:30:00+00:00,0.4668654365436543,0.0,0.0040386303775241,0.3952380952380951
2021-10-29 21:45:00+00:00,0.4728754125412541,0.0,0.0040386303775241,0.3824675324675324
2021-10-29 22:00:00+00:00,0.4788853885388539,0.0,0.0040386303775241,0.3696969696969697
2021-10-29 22:15:00+00:00,0.4889832733273327,0.0,0.0040386303775241,0.3714285714285714
2021-10-29 22:30:00+00:00,0.4990811581158115,0.0,0.0040386303775241,0.3731601731601731
2021-10-29 22:45:00+00:00,0.5091790429042904,0.0,0.0040386303775241,0.37489177489177483
2021-10-29 23:00:00+00:00,0.5192769276927692,0.0,0.0040386303775241,0.3766233766233766
2021-10-29 23:15:00+00:00,0.5251087608760876,0.0,0.00399473222124665,0.37878787878787873
2021-10-29 23:30:00+00:00,0.5309405940594059,0.0,0.0039508340649692,0.3809523809523809
2021-10-29 23:45:00+00:00,0.5367724272427242,0.0,0.00390693590869175,0.3831168831168831
2021-10-30 00:00:00+00:00,0.5426042604260426,0.0,0.0038630377524143,0.3852813852813853
2021-10-30 00:15:00+00:00,0.5441606660666066,0.0,0.00390693590869175,0.38809523809523805
2021-10-30 00:30:00+00:00,0.5457170717071707,0.0,0.0039508340649692,0.3909090909090909
2021-10-30 00:45:00+00:00,0.5472734773477348,0.0,0.00399473222124665,0.3937229437229437
2021-10-30 01:00:00+00:00,0.5488298829882988,0.0,0.0040386303775241,0.3965367965367965
2021-10-30 01:15:00+00:00,0.5470859585958595,0.0,0.0040386303775241,0.3969696969696969
2021-10-30 01:30:00+00:00,0.5453420342034203,0.0,0.0040386303775241,0.3974025974025973
2021-10-30 01:45:00+00:00,0.543598109810981,0.0,0.0040386303775241,0.39783549783549776
2021-10-30 02:00:00+00:00,0.5418541854185418,0.0,0.0040386303775241,0.3982683982683982
2021-10-30 02:15:00+00:00,0.5436168616861685,0.0,0.0040386303775241,0.39848484848484844
2021-10-30 02:30:00+00:00,0.5453795379537953,0.0,0.0040386303775241,0.3987012987012986
2021-10-30 02:45:00+00:00,0.5471422142214222,0.0,0.0040386303775241,0.3989177489177489
2021-10-30 03:00:00+00:00,0.5489048904890489,0.0,0.0040386303775241,0.3991341991341991
2021-10-30 03:15:00+00:00,0.5478547854785478,0.0,0.0040386303775241,0.3997835497835498
2021-10-30 03:30:00+00:00,0.5468046804680469,0.0,0.0040386303775241,0.4004329004329004
2021-10-30 03:45:00+00:00,0.5457545754575458,0.0,0.0040386303775241,0.40108225108225104
2021-10-30 04:00:00+00:00,0.5447044704470447,0.0,0.0040386303775241,0.4017316017316017
2021-10-30 04:15:00+00:00,0.5427730273027304,0.0,0.0040605794556628,0.4015151515151515
2021-10-30 04:30:00+00:00,0.5408415841584159,0.0,0.0040825285338015,0.4012987012987012
2021-10-30 04:45:00+00:00,0.5389101410141015,0.0,0.00410447761194025,0.40108225108225104
2021-10-30 05:00:00+00:00,0.536978697869787,0.0,0.004126426690079,0.4008658008658008
2021-10-30 05:15:00+00:00,0.5310906090609061,0.0,0.00397278314310795,0.4058441558441558
2021-10-30 05:30:00+00:00,0.5252025202520252,0.0,0.0038191395961369,0.4108225108225107
2021-10-30 05:45:00+00:00,0.5193144314431444,0.0,0.0036654960491659,0.4158008658008657
2021-10-30 06:00:00+00:00,0.5134263426342635,0.0,0.0035118525021949,0.4207792207792207
2021-10-30 06:15:00+00:00,0.5085227272727273,0.0,0.0067822651448639,0.42835497835497827
2021-10-30 06:30:00+00:00,0.5036191119111911,0.0,0.0100526777875329,0.4359307359307359
2021-10-30 06:45:00+00:00,0.49871549654965497,0.0,0.0133230904302019,0.4435064935064935
2021-10-30 07:00:00+00:00,0.4938118811881188,0.0,0.0165935030728709,0.4510822510822511
2021-10-30 07:15:00+00:00,0.48572982298229817,0.0,0.0293020193151887,0.45735930735930735
2021-10-30 07:30:00+00:00,0.4776477647764776,0.0,0.0420105355575065,0.4636363636363636
2021-10-30 07:45:00+00:00,0.469565706570657,0.0,0.05471905179982435,0.46991341991341984
2021-10-30 08:00:00+00:00,0.4614836483648364,0.0,0.0674275680421422,0.4761904761904761
2021-10-30 08:15:00+00:00,0.4502887788778877,0.0,0.08189201053555745,0.4807359307359307
2021-10-30 08:30:00+00:00,0.439093909390939,0.0,0.0963564530289727,0.4852813852813852
2021-10-30 08:45:00+00:00,0.42789903990399036,0.0,0.110820895522388,0.4898268398268397
2021-10-30 09:00:00+00:00,0.4167041704170417,0.0,0.1252853380158033,0.4943722943722943
2021-10-30 09:15:00+00:00,0.4106566906690669,0.0,0.13770851624231775,0.49090909090909085
2021-10-30 09:30:00+00:00,0.4046092109210921,0.0,0.1501316944688322,0.4874458874458874
2021-10-30 09:45:00+00:00,0.39856173117311733,0.0,0.16255487269534669,0.48398268398268396
2021-10-30 10:00:00+00:00,0.3925142514251425,0.0,0.1749780509218612,0.4805194805194805
2021-10-30 10:15:00+00:00,0.39046092109210917,0.0,0.18880597014925365,0.4753246753246753
2021-10-30 10:30:00+00:00,0.3884075907590759,0.0,0.2026338893766461,0.4701298701298701
2021-10-30 10:45:00+00:00,0.3863542604260426,0.0,0.2164618086040386,0.4649350649350649
2021-10-30 11:00:00+00:00,0.3843009300930093,0.0,0.2302897278314311,0.4597402597402597
2021-10-30 11:15:00+00:00,0.3859510951095109,0.0,0.22794117647058826,0.4569264069264069
2021-10-30 11:30:00+00:00,0.3876012601260126,0.0,0.2255926251097454,0.4541125541125541
2021-10-30 11:45:00+00:00,0.3892514251425142,0.0,0.22324407374890254,0.4512987012987013
2021-10-30 12:00:00+00:00,0.3909015901590159,0.0,0.2208955223880597,0.4484848484848485
2021-10-30 12:15:00+00:00,0.38736686168616863,0.0,0.20853819139596136,0.4623376623376623
2021-10-30 12:30:00+00:00,0.3838321332133213,0.0,0.196180860403863,0.4761904761904761
2021-10-30 12:45:00+00:00,0.3802974047404741,0.0,0.18382352941176466,0.49004329004328995
2021-10-30 13:00:00+00:00,0.3767626762676268,0.0,0.1714661984196663,0.5038961038961038
2021-10-30 13:15:00+00:00,0.3744093159315931,0.0,0.16027216856892004,0.4885281385281385
2021-10-30 13:30:00+00:00,0.3720559555955595,0.0,0.1490781387181738,0.4731601731601731
2021-10-30 13:45:00+00:00,0.36970259525952587,0.0,0.13788410886742755,0.45779220779220775
2021-10-30 14:00:00+00:00,0.3673492349234923,0.0,0.1266900790166813,0.4424242424242424
2021-10-30 14:15:00+00:00,0.3642364236423642,0.0,0.1141571553994732,0.445021645021645
2021-10-30 14:30:00+00:00,0.3611236123612361,0.0,0.1016242317822651,0.4476190476190476
2021-10-30 14:45:00+00:00,0.35801080108010797,0.0,0.08909130816505705,0.4502164502164502
2021-10-30 15:00:00+00:00,0.3548979897989799,0.0,0.076558384547849,0.4528138528138528
2021-10-30 15:15:00+00:00,0.348269201920192,0.0,0.06316944688323084,0.4601731601731601
2021-10-30 15:30:00+00:00,0.3416404140414041,0.0,0.0497805092186127,0.4675324675324674
2021-10-30 15:45:00+00:00,0.3350116261626162,0.0,0.03639157155399465,0.4748917748917748
2021-10-30 16:00:00+00:00,0.3283828382838283,0.0,0.0230026338893766,0.4822510822510822
2021-10-30 16:15:00+00:00,0.3282421992199219,0.0,0.0176909569798068,0.4835497835497835
2021-10-30 16:30:00+00:00,0.3281015601560155,0.0,0.012379280070237,0.4848484848484848
2021-10-30 16:45:00+00:00,0.32796092109210917,0.0,0.0070676031606672,0.4861471861471861
2021-10-30 17:00:00+00:00,0.3278202820282028,0.0,0.0017559262510974,0.4874458874458874
2021-10-30 17:15:00+00:00,0.32683580858085803,0.0,0.0016461808604037501,0.4893939393939394
2021-10-30 17:30:00+00:00,0.3258513351335133,0.0,0.0015364354697101,0.4913419913419913
2021-10-30 17:45:00+00:00,0.3248668616861685,0.0,0.00142669007901655,0.4932900432900432
2021-10-30 18:00:00+00:00,0.3238823882388238,0.0,0.001316944688323,0.4952380952380952
2021-10-30 18:15:00+00:00,0.3221103360336033,0.0,0.001316944688323,0.4924242424242423
2021-10-30 18:30:00+00:00,0.3203382838283828,0.0,0.001316944688323,0.4896103896103895
2021-10-30 18:45:00+00:00,0.31856623162316233,0.0,0.001316944688323,0.48679653679653667
2021-10-30 19:00:00+00:00,0.3167941794179418,0.0,0.001316944688323,0.4839826839826839
2021-10-30 19:15:00+00:00,0.3186318631863186,0.0,0.001316944688323,0.47943722943722933
2021-10-30 19:30:00+00:00,0.3204695469546954,0.0,0.001316944688323,0.4748917748917748
2021-10-30 19:45:00+00:00,0.3223072307230722,0.0,0.001316944688323,0.4703463203463203
2021-10-30 20:00:00+00:00,0.3241449144914491,0.0,0.001316944688323,0.4658008658008658
2021-10-30 20:15:00+00:00,0.32873912391239124,0.0,0.001316944688323,0.46255411255411255
2021-10-30 20:30:00+00:00,0.3333333333333333,0.0,0.001316944688323,0.4593073593073593
2021-10-30 20:45:00+00:00,0.3379275427542754,0.0,0.001316944688323,0.45606060606060606
2021-10-30 21:00:00+00:00,0.3425217521752175,0.0,0.001316944688323,0.4528138528138528
2021-10-30 21:15:00+00:00,0.3475566306630663,0.0,0.001316944688323,0.44567099567099566
2021-10-30 21:30:00+00:00,0.3525915091509151,0.0,0.001316944688323,0.4385281385281385
2021-10-30 21:45:00+00:00,0.35762638763876387,0.0,0.001316944688323,0.4313852813852813
2021-10-30 22:00:00+00:00,0.3626612661266126,0.0,0.001316944688323,0.4242424242424242
2021-10-30 22:15:00+00:00,0.3656334383438343,0.0,0.0012949956101843,0.42251082251082245
2021-10-30 22:30:00+00:00,0.368605610561056,0.0,0.0012730465320456,0.4207792207792207
2021-10-30 22:45:00+00:00,0.37157778277827774,0.0,0.0012510974539069,0.419047619047619
2021-10-30 23:00:00+00:00,0.3745499549954995,0.0,0.0012291483757682,0.4173160173160173
2021-10-30 23:15:00+00:00,0.3759938493849384,0.0,0.0012510974539069,0.411038961038961
2021-10-30 23:30:00+00:00,0.3774377437743774,0.0,0.0012730465320456,0.4047619047619047
2021-10-30 23:45:00+00:00,0.37888163816381637,0.0,0.0012949956101843,0.39848484848484844
2021-10-31 00:00:00+00:00,0.3803255325532553,0.0,0.001316944688323,0.3922077922077922
2021-10-31 00:15:00+00:00,0.38456345634563455,0.0,0.001316944688323,0.3932900432900433
2021-10-31 00:30:00+00:00,0.3888013801380138,0.0,0.001316944688323,0.3943722943722944
2021-10-31 00:45:00+00:00,0.39303930393039305,0.0,0.001316944688323,0.39545454545454545
2021-10-31 01:00:00+00:00,0.3972772277227723,0.0,0.001316944688323,0.3965367965367965
2021-10-31 01:15:00+00:00,0.39813981398139814,0.0,0.0012949956101843,0.3963203463203463
2021-10-31 01:30:00+00:00,0.399002400240024,0.0,0.0012730465320456,0.396103896103896
2021-10-31 01:45:00+00:00,0.3998649864986499,0.0,0.0012510974539069,0.39588744588744584
2021-10-31 02:00:00+00:00,0.4007275727572757,0.0,0.0012291483757682,0.3956709956709957
2021-10-31 02:15:00+00:00,0.4034184668466846,0.0,0.0012291483757682,0.39415584415584415
2021-10-31 02:30:00+00:00,0.4061093609360935,0.0,0.0012291483757682,0.3926406926406926
2021-10-31 02:45:00+00:00,0.40880025502550243,0.0,0.0012291483757682,0.3911255411255411
2021-10-31 03:00:00+00:00,0.4114911491149114,0.0,0.0012291483757682,0.3896103896103896
2021-10-31 03:15:00+00:00,0.4195075757575757,0.0,0.0012291483757682,0.3922077922077922
2021-10-31 03:30:00+00:00,0.42752400240024,0.0,0.0012291483757682,0.3948051948051948
2021-10-31 03:45:00+00:00,0.4355404290429043,0.0,0.0012291483757682,0.3974025974025974
2021-10-31 04:00:00+00:00,0.4435568556855686,0.0,0.0012291483757682,0.4
2021-10-31 04:15:00+00:00,0.4471947194719472,0.0,0.0012510974539069,0.40649350649350646
2021-10-31 04:30:00+00:00,0.4508325832583258,0.0,0.0012730465320456,0.4129870129870129
2021-10-31 04:45:00+00:00,0.45447044704470446,0.0,0.0012949956101843,0.4194805194805194
2021-10-31 05:00:00+00:00,0.4581083108310831,0.0,0.001316944688323,0.4259740259740259
2021-10-31 05:15:00+00:00,0.4615492799279928,0.0,0.0015364354697102,0.4259740259740259
2021-10-31 05:30:00+00:00,0.4649902490249025,0.0,0.0017559262510974,0.4259740259740259
2021-10-31 05:45:00+00:00,0.46843121812181215,0.0,0.0019754170324846002,0.4259740259740259
2021-10-31 06:00:00+00:00,0.4718721872187219,0.0,0.0021949078138718,0.4259740259740259
2021-10-31 06:15:00+00:00,0.47657890789078905,0.0,0.011611062335381901,0.42640692640692635
2021-10-31 06:30:00+00:00,0.4812856285628563,0.0,0.021027216856892,0.4268398268398268
2021-10-31 06:45:00+00:00,0.4859923492349235,0.0,0.030443371378402098,0.42727272727272725
2021-10-31 07:00:00+00:00,0.4906990699069907,0.0,0.0398595258999122,0.4277056277056277
2021-10-31 07:15:00+00:00,0.4979279177917792,0.0,0.06652765583845476,0.42987012987012985
2021-10-31 07:30:00+00:00,0.5051567656765676,0.0,0.0931957857769973,0.432034632034632
2021-10-31 07:45:00+00:00,0.5123856135613561,0.0,0.1198639157155399,0.43419913419913414
2021-10-31 08:00:00+00:00,0.5196144614461446,0.0,0.1465320456540825,0.4363636363636363
2021-10-31 08:15:00+00:00,0.5204207920792079,0.0,0.177721685689201,0.4363636363636363
2021-10-31 08:30:00+00:00,0.5212271227122712,0.0,0.2089113257243195,0.4363636363636363
2021-10-31 08:45:00+00:00,0.5220334533453345,0.0,0.24010096575943807,0.4363636363636363
2021-10-31 09:00:00+00:00,0.5228397839783978,0.0,0.2712906057945566,0.4363636363636363
2021-10-31 09:15:00+00:00,0.5219678217821782,0.0,0.2836479367866549,0.43722943722943713
2021-10-31 09:30:00+00:00,0.5210958595859585,0.0,0.2960052677787532,0.438095238095238
2021-10-31 09:45:00+00:00,0.5202238973897388,0.0,0.30836259877085154,0.4389610389610389
2021-10-31 10:00:00+00:00,0.5193519351935193,0.0,0.3207199297629499,0.4398268398268398
2021-10-31 10:15:00+00:00,0.5264120162016201,0.0,0.32653643546971023,0.4409090909090908
2021-10-31 10:30:00+00:00,0.5334720972097209,0.0,0.3323529411764705,0.4419913419913419
2021-10-31 10:45:00+00:00,0.5405321782178217,0.0,0.33816944688323086,0.44307359307359295
2021-10-31 11:00:00+00:00,0.5475922592259226,0.0,0.3439859525899912,0.4441558441558441
2021-10-31 11:15:00+00:00,0.5541272877287728,0.0,0.337928007023705,0.4415584415584415
2021-10-31 11:30:00+00:00,0.5606623162316231,0.0,0.3318700614574188,0.4389610389610389
2021-10-31 11:45:00+00:00,0.5671973447344734,0.0,0.32581211589113257,0.4363636363636363
2021-10-31 12:00:00+00:00,0.5737323732373237,0.0,0.3197541703248464,0.4337662337662337
2021-10-31 12:15:00+00:00,0.5732635763576357,0.0,0.31771290605794555,0.43593073593073584
2021-10-31 12:30:00+00:00,0.5727947794779478,0.0,0.3156716417910448,0.438095238095238
2021-10-31 12:45:00+00:00,0.5723259825982597,0.0,0.313630377524144,0.4402597402597402
2021-10-31 13:00:00+00:00,0.5718571857185718,0.0,0.3115891132572432,0.4424242424242424
2021-10-31 13:15:00+00:00,0.5643845634563456,0.0,0.29319578577699734,0.44718614718614713
2021-10-31 13:30:00+00:00,0.5569119411941195,0.0,0.2748024582967515,0.4519480519480519
2021-10-31 13:45:00+00:00,0.5494393189318932,0.0,0.2564091308165056,0.4567099567099567
2021-10-31 14:00:00+00:00,0.541966696669667,0.0,0.2380158033362598,0.4614718614718615
2021-10-31 14:15:00+00:00,0.5346909690969097,0.0,0.21189640035118515,0.4645021645021644
2021-10-31 14:30:00+00:00,0.5274152415241524,0.0,0.1857769973661105,0.4675324675324674
2021-10-31 14:45:00+00:00,0.5201395139513951,0.0,0.15965759438103588,0.47056277056277046
2021-10-31 15:00:00+00:00,0.5128637863786378,0.0,0.1335381913959613,0.4735930735930735
2021-10-31 15:15:00+00:00,0.507519501950195,0.0,0.11077699736611055,0.47597402597402594
2021-10-31 15:30:00+00:00,0.5021752175217521,0.0,0.0880158033362598,0.4783549783549783
2021-10-31 15:45:00+00:00,0.4968309330933093,0.0,0.06525460930640906,0.4807359307359307
2021-10-31 16:00:00+00:00,0.4914866486648664,0.0,0.0424934152765583,0.4831168831168831
2021-10-31 16:15:00+00:00,0.49599647464746466,0.0,0.03250658472344155,0.4857142857142857
2021-10-31 16:30:00+00:00,0.500506300630063,0.0,0.0225197541703248,0.4883116883116883
2021-10-31 16:45:00+00:00,0.5050161266126613,0.0,0.01253292361720805,0.4909090909090909
2021-10-31 17:00:00+00:00,0.5095259525952596,0.0,0.0025460930640913,0.4935064935064935
2021-10-31 17:15:00+00:00,0.5073226072607261,0.0,0.0023266022827041002,0.49437229437229435
2021-10-31 17:30:00+00:00,0.5051192619261926,0.0,0.0021071115013169,0.4952380952380952
2021-10-31 17:45:00+00:00,0.5029159165916592,0.0,0.0018876207199296998,0.49610389610389605
2021-10-31 18:00:00+00:00,0.5007125712571258,0.0,0.0016681299385425,0.4969696969696969
2021-10-31 18:15:00+00:00,0.5025877587758776,0.0,0.00162423178226505,0.5008658008658008
2021-10-31 18:30:00+00:00,0.5044629462946295,0.0,0.0015803336259876,0.5047619047619047
2021-10-31 18:45:00+00:00,0.5063381338133814,0.0,0.0015364354697102,0.5086580086580086
2021-10-31 19:00:00+00:00,0.5082133213321333,0.0,0.0014925373134328,0.5125541125541125
2021-10-31 19:15:00+00:00,0.5075757575757576,0.0,0.00144863915715535,0.5149350649350649
2021-10-31 19:30:00+00:00,0.506938193819382,0.0,0.0014047410008779,0.5173160173160173
2021-10-31 19:45:00+00:00,0.5063006300630064,0.0,0.00136084284460045,0.5196969696969697
2021-10-31 20:00:00+00:00,0.5056630663066307,0.0,0.001316944688323,0.522077922077922
2021-10-31 20:15:00+00:00,0.503937893789379,0.0,0.001316944688323,0.5233766233766233
2021-10-31 20:30:00+00:00,0.5022127212721272,0.0,0.001316944688323,0.5246753246753246
2021-10-31 20:45:00+00:00,0.5004875487548754,0.0,0.001316944688323,0.525974025974026
2021-10-31 21:00:00+00:00,0.4987623762376237,0.0,0.001316944688323,0.5272727272727272
2021-10-31 21:15:00+00:00,0.49739348934893485,0.0,0.001316944688323,0.5264069264069264
2021-10-31 21:30:00+00:00,0.496024602460246,0.0,0.001316944688323,0.5255411255411255
2021-10-31 21:45:00+00:00,0.49465571557155713,0.0,0.001316944688323,0.5246753246753246
2021-10-31 22:00:00+00:00,0.4932868286828683,0.0,0.001316944688323,0.5238095238095238
2021-10-31 22:15:00+00:00,0.4724816231623162,0.0,0.001316944688323,0.5168831168831169
2021-10-31 22:30:00+00:00,0.4516764176417641,0.0,0.001316944688323,0.5099567099567099
2021-10-31 22:45:00+00:00,0.43087121212121204,0.0,0.001316944688323,0.503030303030303
2021-10-31 23:00:00+00:00,0.41006600660066,0.0,0.001316944688323,0.4961038961038961
2021-10-31 23:15:00+00:00,0.4065500300030003,0.0,0.001316944688323,0.49437229437229435
2021-10-31 23:30:00+00:00,0.4030340534053405,0.0,0.001316944688323,0.4926406926406926
2021-10-31 23:45:00+00:00,0.39951807680768076,0.0,0.001316944688323,0.49090909090909085
2021-11-01 00:00:00+00:00,0.396002100210021,0.0,0.001316944688323,0.4891774891774891
2021-11-01 00:15:00+00:00,0.3933955895589559,0.0,0.001316944688323,0.4865800865800865
2021-11-01 00:30:00+00:00,0.3907890789078908,0.0,0.001316944688323,0.4839826839826839
2021-11-01 00:45:00+00:00,0.3881825682568257,0.0,0.001316944688323,0.4813852813852813
2021-11-01 01:00:00+00:00,0.3855760576057606,0.0,0.001316944688323,0.4787878787878787
2021-11-01 01:15:00+00:00,0.38543541854185415,0.0,0.001316944688323,0.47965367965367955
2021-11-01 01:30:00+00:00,0.3852947794779477,0.0,0.001316944688323,0.4805194805194804
2021-11-01 01:45:00+00:00,0.3851541404140414,0.0,0.001316944688323,0.4813852813852813
2021-11-01 02:00:00+00:00,0.385013501350135,0.0,0.001316944688323,0.4822510822510822
2021-11-01 02:15:00+00:00,0.378272202220222,0.0,0.001316944688323,0.48571428571428565
2021-11-01 02:30:00+00:00,0.371530903090309,0.0,0.001316944688323,0.4891774891774891
2021-11-01 02:45:00+00:00,0.364789603960396,0.0,0.001316944688323,0.4926406926406926
2021-11-01 03:00:00+00:00,0.358048304830483,0.0,0.001316944688323,0.4961038961038961
2021-11-01 03:15:00+00:00,0.35803892889288924,0.0,0.001316944688323,0.4967532467532467
2021-11-01 03:30:00+00:00,0.3580295529552955,0.0,0.001316944688323,0.4974025974025974
2021-11-01 03:45:00+00:00,0.3580201770177017,0.0,0.001316944688323,0.4980519480519481
2021-11-01 04:00:00+00:00,0.358010801080108,0.0,0.001316944688323,0.4987012987012987
2021-11-01 04:15:00+00:00,0.36157365736573654,0.0,0.001316944688323,0.4993506493506493
2021-11-01 04:30:00+00:00,0.3651365136513651,0.0,0.001316944688323,0.5
2021-11-01 04:45:00+00:00,0.3686993699369937,0.0,0.001316944688323,0.5006493506493506
2021-11-01 05:00:00+00:00,0.3722622262226223,0.0,0.001316944688323,0.5012987012987012
2021-11-01 05:15:00+00:00,0.37857223222322234,0.0,0.0015364354697102,0.5017316017316017
2021-11-01 05:30:00+00:00,0.3848822382238224,0.0,0.0017559262510974,0.5021645021645021
2021-11-01 05:45:00+00:00,0.39119224422442245,0.0,0.0019754170324846002,0.5025974025974026
2021-11-01 06:00:00+00:00,0.3975022502250225,0.0,0.0021949078138718,0.503030303030303
2021-11-01 06:15:00+00:00,0.4059218421842184,0.0,0.015759438103599598,0.5067099567099567
2021-11-01 06:30:00+00:00,0.4143414341434143,0.0,0.0293239683933274,0.5103896103896104
2021-11-01 06:45:00+00:00,0.42276102610261024,0.0,0.04288849868305525,0.514069264069264
2021-11-01 07:00:00+00:00,0.4311806180618062,0.0,0.0564530289727831,0.5177489177489177
2021-11-01 07:15:00+00:00,0.43163066306630665,0.0,0.09111062335381911,0.5170995670995671
2021-11-01 07:30:00+00:00,0.4320807080708071,0.0,0.1257682177348551,0.5164502164502165
2021-11-01 07:45:00+00:00,0.43253075307530753,0.0,0.1604258121158911,0.5158008658008658
2021-11-01 08:00:00+00:00,0.432980798079808,0.0,0.1950834064969271,0.5151515151515151
2021-11-01 08:15:00+00:00,0.43898139813981396,0.0,0.21881035996488146,0.5164502164502165
2021-11-01 08:30:00+00:00,0.44498199819982,0.0,0.2425373134328358,0.5177489177489177
2021-11-01 08:45:00+00:00,0.450982598259826,0.0,0.26626426690079014,0.519047619047619
2021-11-01 09:00:00+00:00,0.456983198319832,0.0,0.2899912203687445,0.5203463203463203
2021-11-01 09:15:00+00:00,0.46649039903990397,0.0,0.31207199297629495,0.5201298701298701
2021-11-01 09:30:00+00:00,0.475997599759976,0.0,0.3341527655838454,0.5199134199134199
2021-11-01 09:45:00+00:00,0.485504800480048,0.0,0.3562335381913959,0.5196969696969697
2021-11-01 10:00:00+00:00,0.49501200120012,0.0,0.3783143107989464,0.5194805194805194
2021-11-01 10:15:00+00:00,0.5016032853285328,0.0,0.39196663740122906,0.5194805194805194
2021-11-01 10:30:00+00:00,0.5081945694569456,0.0,0.4056189640035118,0.5194805194805194
2021-11-01 10:45:00+00:00,0.5147858535853584,0.0,0.4192712906057945,0.5194805194805194
2021-11-01 11:00:00+00:00,0.5213771377137714,0.0,0.4329236172080772,0.5194805194805194
2021-11-01 11:15:00+00:00,0.5274433693369337,0.0,0.4390254609306409,0.5207792207792208
2021-11-01 11:30:00+00:00,0.533509600960096,0.0,0.4451273046532045,0.522077922077922
2021-11-01 11:45:00+00:00,0.5395758325832584,0.0,0.4512291483757682,0.5233766233766233
2021-11-01 12:00:00+00:00,0.5456420642064207,0.0,0.4573309920983319,0.5246753246753246
2021-11-01 12:15:00+00:00,0.5513426342634264,0.0,0.45755048287971906,0.524025974025974
2021-11-01 12:30:00+00:00,0.5570432043204321,0.0,0.4577699736611063,0.5233766233766233
2021-11-01 12:45:00+00:00,0.5627437743774377,0.0,0.45798946444249344,0.5227272727272727
2021-11-01 13:00:00+00:00,0.5684443444344435,0.0,0.4582089552238806,0.522077922077922
2021-11-01 13:15:00+00:00,0.5556930693069306,0.0,0.4462686567164179,0.5242424242424242
2021-11-01 13:30:00+00:00,0.5429417941794179,0.0,0.4343283582089552,0.5264069264069264
2021-11-01 13:45:00+00:00,0.5301905190519052,0.0,0.4223880597014925,0.5285714285714286
2021-11-01 14:00:00+00:00,0.5174392439243924,0.0,0.4104477611940298,0.5307359307359307
2021-11-01 14:15:00+00:00,0.5078195319531953,0.0,0.3787971905179982,0.5311688311688312
2021-11-01 14:30:00+00:00,0.4981998199819981,0.0,0.3471466198419666,0.5316017316017316
2021-11-01 14:45:00+00:00,0.488580108010801,0.0,0.315496049165935,0.5320346320346321
2021-11-01 15:00:00+00:00,0.4789603960396039,0.0,0.2838454784899034,0.5324675324675324
2021-11-01 15:15:00+00:00,0.4800292529252924,0.0,0.23625987708516238,0.5506493506493506
2021-11-01 15:30:00+00:00,0.481098109810981,0.0,0.1886742756804214,0.5688311688311688
2021-11-01 15:45:00+00:00,0.4821669666966696,0.0,0.1410886742756804,0.587012987012987
2021-11-01 16:00:00+00:00,0.4832358235823582,0.0,0.0935030728709394,0.6051948051948052
2021-11-01 16:15:00+00:00,0.48587046204620454,0.0,0.0712028094820017,0.6097402597402597
2021-11-01 16:30:00+00:00,0.4885051005100509,0.0,0.048902546093064,0.6142857142857143
2021-11-01 16:45:00+00:00,0.4911397389738973,0.0,0.02660228270412635,0.6188311688311688
2021-11-01 17:00:00+00:00,0.4937743774377437,0.0,0.0043020193151887,0.6233766233766234
2021-11-01 17:15:00+00:00,0.49577145214521445,0.0,0.003577699736611,0.6088744588744589
2021-11-01 17:30:00+00:00,0.4977685268526852,0.0,0.0028533801580333,0.5943722943722944
2021-11-01 17:45:00+00:00,0.4997656015601559,0.0,0.0021290605794556,0.5798701298701299
2021-11-01 18:00:00+00:00,0.5017626762676267,0.0,0.0014047410008779,0.5653679653679654
2021-11-01 18:15:00+00:00,0.5071069606960696,0.0,0.0014266900790166001,0.5647186147186147
2021-11-01 18:30:00+00:00,0.5124512451245125,0.0,0.0014486391571553,0.5640692640692642
2021-11-01 18:45:00+00:00,0.5177955295529553,0.0,0.00147058823529405,0.5634199134199135
2021-11-01 19:00:00+00:00,0.5231398139813982,0.0,0.0014925373134328,0.5627705627705628
2021-11-01 19:15:00+00:00,0.5271152115211521,0.0,0.00144863915715535,0.5603896103896104
2021-11-01 19:30:00+00:00,0.5310906090609061,0.0,0.0014047410008779,0.5580086580086581
2021-11-01 19:45:00+00:00,0.5350660066006601,0.0,0.00136084284460045,0.5556277056277057
2021-11-01 20:00:00+00:00,0.539041404140414,0.0,0.001316944688323,0.5532467532467532
2021-11-01 20:15:00+00:00,0.5401290129012901,0.0,0.0013388937664617,0.5517316017316016
2021-11-01 20:30:00+00:00,0.5412166216621662,0.0,0.0013608428446004,0.5502164502164502
2021-11-01 20:45:00+00:00,0.5423042304230423,0.0,0.0013827919227391498,0.5487012987012987
2021-11-01 21:00:00+00:00,0.5433918391839184,0.0,0.0014047410008779,0.5471861471861472
2021-11-01 21:15:00+00:00,0.5427261476147616,0.0,0.0013827919227391498,0.5458874458874459
2021-11-01 21:30:00+00:00,0.5420604560456046,0.0,0.0013608428446004,0.5445887445887446
2021-11-01 21:45:00+00:00,0.5413947644764476,0.0,0.0013388937664617,0.5432900432900434
2021-11-01 22:00:00+00:00,0.5407290729072908,0.0,0.001316944688323,0.541991341991342
2021-11-01 22:15:00+00:00,0.5372224722472247,0.0,0.0012291483757681,0.5409090909090909
2021-11-01 22:30:00+00:00,0.5337158715871587,0.0,0.0011413520632132,0.5398268398268398
2021-11-01 22:45:00+00:00,0.5302092709270927,0.0,0.00105355575065835,0.5387445887445887
2021-11-01 23:00:00+00:00,0.5267026702670267,0.0,0.0009657594381035,0.5376623376623376
2021-11-01 23:15:00+00:00,0.5230741824182419,0.0,0.0008560140474099,0.5337662337662337
2021-11-01 23:30:00+00:00,0.519445694569457,0.0,0.0007462686567163,0.5298701298701298
2021-11-01 23:45:00+00:00,0.5158172067206721,0.0,0.00063652326602275,0.525974025974026
2021-11-02 00:00:00+00:00,0.5121887188718872,0.0,0.0005267778753292,0.522077922077922
2021-11-02 00:15:00+00:00,0.5076132613261326,0.0,0.0005267778753292,0.5209956709956709
2021-11-02 00:30:00+00:00,0.503037803780378,0.0,0.0005267778753292,0.5199134199134199
2021-11-02 00:45:00+00:00,0.49846234623462343,0.0,0.0005267778753292,0.5188311688311689
2021-11-02 01:00:00+00:00,0.4938868886888689,0.0,0.0005267778753292,0.5177489177489177
2021-11-02 01:15:00+00:00,0.4962121212121212,0.0,0.0005267778753292,0.5162337662337662
2021-11-02 01:30:00+00:00,0.4985373537353735,0.0,0.0005267778753292,0.5147186147186147
2021-11-02 01:45:00+00:00,0.5008625862586259,0.0,0.0005267778753292,0.5132034632034632
2021-11-02 02:00:00+00:00,0.5031878187818782,0.0,0.0005267778753292,0.5116883116883116
2021-11-02 02:15:00+00:00,0.5001968946894689,0.0,0.0005267778753292,0.5077922077922077
2021-11-02 02:30:00+00:00,0.4972059705970597,0.0,0.0005267778753292,0.5038961038961038
2021-11-02 02:45:00+00:00,0.4942150465046504,0.0,0.0005267778753292,0.5
2021-11-02 03:00:00+00:00,0.4912241224122412,0.0,0.0005267778753292,0.4961038961038961
2021-11-02 03:15:00+00:00,0.4840421542154215,0.0,0.0005267778753292,0.4952380952380952
2021-11-02 03:30:00+00:00,0.4768601860186018,0.0,0.0005267778753292,0.4943722943722943
2021-11-02 03:45:00+00:00,0.46967821782178215,0.0,0.0005267778753292,0.49350649350649345
2021-11-02 04:00:00+00:00,0.4624962496249625,0.0,0.0005267778753292,0.4926406926406926
2021-11-02 04:15:00+00:00,0.45985223522352237,0.0,0.0005267778753292,0.4913419913419913
2021-11-02 04:30:00+00:00,0.4572082208220822,0.0,0.0005267778753292,0.49004329004329
2021-11-02 04:45:00+00:00,0.45456420642064205,0.0,0.0005267778753292,0.4887445887445887
2021-11-02 05:00:00+00:00,0.4519201920192019,0.0,0.0005267778753292,0.4874458874458874
2021-11-02 05:15:00+00:00,0.4482354485448544,0.0,0.0008560140474099501,0.49242424242424243
2021-11-02 05:30:00+00:00,0.444550705070507,0.0,0.0011852502194907,0.4974025974025974
2021-11-02 05:45:00+00:00,0.44086596159615954,0.0,0.0015144863915715,0.5023809523809524
2021-11-02 06:00:00+00:00,0.4371812181218121,0.0,0.0018437225636523,0.5073593073593073
2021-11-02 06:15:00+00:00,0.43314018901890183,0.0,0.020193151887620702,0.5036796536796537
2021-11-02 06:30:00+00:00,0.4290991599159915,0.0,0.0385425812115891,0.5
2021-11-02 06:45:00+00:00,0.42505813081308125,0.0,0.0568920105355575,0.4963203463203463
2021-11-02 07:00:00+00:00,0.421017101710171,0.0,0.0752414398595259,0.4926406926406926
2021-11-02 07:15:00+00:00,0.41786678667866783,0.0,0.11799824407374884,0.4956709956709956
2021-11-02 07:30:00+00:00,0.4147164716471647,0.0,0.1607550482879718,0.4987012987012986
2021-11-02 07:45:00+00:00,0.41156615661566154,0.0,0.20351185250219483,0.5017316017316017
2021-11-02 08:00:00+00:00,0.4084158415841584,0.0,0.2462686567164179,0.5047619047619047
2021-11-02 08:15:00+00:00,0.4091002850285028,0.0,0.27541703248463567,0.5106060606060606
2021-11-02 08:30:00+00:00,0.4097847284728472,0.0,0.3045654082528534,0.5164502164502165
2021-11-02 08:45:00+00:00,0.4104691719171917,0.0,0.3337137840210711,0.5222943722943723
2021-11-02 09:00:00+00:00,0.4111536153615361,0.0,0.3628621597892889,0.5281385281385281
2021-11-02 09:15:00+00:00,0.41564468946894684,0.0,0.3715100965759438,0.5281385281385281
2021-11-02 09:30:00+00:00,0.4201357635763576,0.0,0.3801580333625988,0.5281385281385281
2021-11-02 09:45:00+00:00,0.42462683768376835,0.0,0.3888059701492538,0.5281385281385281
2021-11-02 10:00:00+00:00,0.4291179117911791,0.0,0.3974539069359087,0.5281385281385281
2021-11-02 10:15:00+00:00,0.436993699369937,0.0,0.39697102721685684,0.5279220779220779
2021-11-02 10:30:00+00:00,0.4448694869486949,0.0,0.396488147497805,0.5277056277056277
2021-11-02 10:45:00+00:00,0.4527452745274527,0.0,0.39600526777875317,0.5274891774891775
2021-11-02 11:00:00+00:00,0.4606210621062106,0.0,0.3955223880597014,0.5272727272727272
2021-11-02 11:15:00+00:00,0.4632275727572757,0.0,0.39361281826163297,0.5292207792207793
2021-11-02 11:30:00+00:00,0.4658340834083408,0.0,0.3917032484635645,0.5311688311688312
2021-11-02 11:45:00+00:00,0.4684405940594059,0.0,0.3897936786654961,0.5331168831168831
2021-11-02 12:00:00+00:00,0.471047104710471,0.0,0.3878841088674276,0.535064935064935
2021-11-02 12:15:00+00:00,0.4674654965496549,0.0,0.36672519754170324,0.5393939393939393
2021-11-02 12:30:00+00:00,0.4638838883888388,0.0,0.3455662862159789,0.5437229437229437
2021-11-02 12:45:00+00:00,0.4603022802280228,0.0,0.3244073748902546,0.5480519480519481
2021-11-02 13:00:00+00:00,0.4567206720672067,0.0,0.3032484635645303,0.5523809523809524
2021-11-02 13:15:00+00:00,0.45352347734773474,0.0,0.28353819139596137,0.5528138528138529
2021-11-02 13:30:00+00:00,0.4503262826282628,0.0,0.2638279192273924,0.5532467532467533
2021-11-02 13:45:00+00:00,0.44712908790879086,0.0,0.2441176470588235,0.5536796536796538
2021-11-02 14:00:00+00:00,0.4439318931893189,0.0,0.2244073748902546,0.5541125541125541
2021-11-02 14:15:00+00:00,0.4398439843984398,0.0,0.1962686567164179,0.5549783549783549
2021-11-02 14:30:00+00:00,0.4357560756075607,0.0,0.1681299385425812,0.5558441558441558
2021-11-02 14:45:00+00:00,0.43166816681668163,0.0,0.1399912203687445,0.5567099567099567
2021-11-02 15:00:00+00:00,0.4275802580258026,0.0,0.1118525021949078,0.5575757575757576
2021-11-02 15:15:00+00:00,0.4274208670867087,0.0,0.09231782265144861,0.561038961038961
2021-11-02 15:30:00+00:00,0.4272614761476147,0.0,0.0727831431079894,0.5645021645021645
2021-11-02 15:45:00+00:00,0.4271020852085208,0.0,0.05324846356453025,0.567965367965368
2021-11-02 16:00:00+00:00,0.4269426942694269,0.0,0.0337137840210711,0.5714285714285714
2021-11-02 16:15:00+00:00,0.43349647464746466,0.0,0.0259877085162423,0.5818181818181818
2021-11-02 16:30:00+00:00,0.4400502550255025,0.0,0.0182616330114135,0.5922077922077922
2021-11-02 16:45:00+00:00,0.4466040354035403,0.0,0.010535557506584699,0.6025974025974026
2021-11-02 17:00:00+00:00,0.4531578157815781,0.0,0.0028094820017559,0.612987012987013
2021-11-02 17:15:00+00:00,0.45642064206420635,0.0,0.00267778753292355,0.6168831168831168
2021-11-02 17:30:00+00:00,0.4596834683468346,0.0,0.0025460930640912,0.6207792207792208
2021-11-02 17:45:00+00:00,0.4629462946294629,0.0,0.0024143985952589002,0.6246753246753247
2021-11-02 18:00:00+00:00,0.4662091209120912,0.0,0.0022827041264266,0.6285714285714286
2021-11-02 18:15:00+00:00,0.46402452745274525,0.0,0.0022607550482879003,0.6424242424242425
2021-11-02 18:30:00+00:00,0.4618399339933993,0.0,0.0022388059701492,0.6562770562770563
2021-11-02 18:45:00+00:00,0.4596553405340534,0.0,0.0022168568920105,0.6701298701298701
2021-11-02 19:00:00+00:00,0.4574707470747075,0.0,0.0021949078138718,0.683982683982684
2021-11-02 19:15:00+00:00,0.4533453345334533,0.0,0.0021510096575943502,0.6712121212121211
2021-11-02 19:30:00+00:00,0.4492199219921992,0.0,0.0021071115013169,0.6584415584415584
2021-11-02 19:45:00+00:00,0.4450945094509451,0.0,0.00206321334503945,0.6456709956709956
2021-11-02 20:00:00+00:00,0.440969096909691,0.0,0.002019315188762,0.6329004329004329
2021-11-02 20:15:00+00:00,0.4338058805880588,0.0,0.002019315188762,0.6270562770562771
2021-11-02 20:30:00+00:00,0.4266426642664266,0.0,0.002019315188762,0.6212121212121212
2021-11-02 20:45:00+00:00,0.4194794479447944,0.0,0.002019315188762,0.6153679653679653
2021-11-02 21:00:00+00:00,0.4123162316231623,0.0,0.002019315188762,0.6095238095238096
2021-11-02 21:15:00+00:00,0.40260276027602754,0.0,0.002019315188762,0.6049783549783551
2021-11-02 21:30:00+00:00,0.3928892889288928,0.0,0.002019315188762,0.6004329004329005
2021-11-02 21:45:00+00:00,0.3831758175817581,0.0,0.002019315188762,0.5958874458874459
2021-11-02 22:00:00+00:00,0.3734623462346235,0.0,0.002019315188762,0.5913419913419914
2021-11-02 22:15:00+00:00,0.37077145214521456,0.0,0.00195346795434585,0.5878787878787879
2021-11-02 22:30:00+00:00,0.3680805580558056,0.0,0.0018876207199297,0.5844155844155845
2021-11-02 22:45:00+00:00,0.3653896639663966,0.0,0.00182177348551355,0.580952380952381
2021-11-02 23:00:00+00:00,0.3626987698769877,0.0,0.0017559262510974,0.5774891774891775
2021-11-02 23:15:00+00:00,0.35967971797179715,0.0,0.00171202809481995,0.5766233766233766
2021-11-02 23:30:00+00:00,0.3566606660666066,0.0,0.0016681299385425,0.5757575757575757
2021-11-02 23:45:00+00:00,0.35364161416141615,0.0,0.0016242317822651,0.5748917748917748
2021-11-03 00:00:00+00:00,0.3506225622562256,0.0,0.0015803336259877,0.574025974025974
2021-11-03 00:15:00+00:00,0.3489630213021302,0.0,0.0015803336259877,0.5670995670995671
2021-11-03 00:30:00+00:00,0.3473034803480347,0.0,0.0015803336259877,0.5601731601731602
2021-11-03 00:45:00+00:00,0.3456439393939393,0.0,0.0015803336259877,0.5532467532467533
2021-11-03 01:00:00+00:00,0.3439843984398439,0.0,0.0015803336259877,0.5463203463203463
2021-11-03 01:15:00+00:00,0.3418185568556855,0.0,0.0015803336259877,0.5432900432900433
2021-11-03 01:30:00+00:00,0.3396527152715271,0.0,0.0015803336259877,0.5402597402597402
2021-11-03 01:45:00+00:00,0.3374868736873687,0.0,0.0015803336259877,0.5372294372294373
2021-11-03 02:00:00+00:00,0.3353210321032103,0.0,0.0015803336259877,0.5341991341991342
2021-11-03 02:15:00+00:00,0.3347209720972097,0.0,0.0015803336259877,0.5352813852813854
2021-11-03 02:30:00+00:00,0.3341209120912091,0.0,0.0015803336259877,0.5363636363636364
2021-11-03 02:45:00+00:00,0.3335208520852085,0.0,0.0015803336259877,0.5374458874458874
2021-11-03 03:00:00+00:00,0.3329207920792079,0.0,0.0015803336259877,0.5385281385281385
2021-11-03 03:15:00+00:00,0.3369711971197119,0.0,0.0015803336259877,0.5385281385281385
2021-11-03 03:30:00+00:00,0.341021602160216,0.0,0.0015803336259877,0.5385281385281385
2021-11-03 03:45:00+00:00,0.34507200720072007,0.0,0.0015803336259877,0.5385281385281385
2021-11-03 04:00:00+00:00,0.3491224122412241,0.0,0.0015803336259877,0.5385281385281385
2021-11-03 04:15:00+00:00,0.3495255775577557,0.0,0.0015803336259877,0.5497835497835497
2021-11-03 04:30:00+00:00,0.3499287428742874,0.0,0.0015803336259877,0.561038961038961
2021-11-03 04:45:00+00:00,0.35033190819081905,0.0,0.0015803336259877,0.5722943722943723
2021-11-03 05:00:00+00:00,0.3507350735073507,0.0,0.0015803336259877,0.5835497835497836
2021-11-03 05:15:00+00:00,0.3533603360336033,0.0,0.00177787532923615,0.585930735930736
2021-11-03 05:30:00+00:00,0.3559855985598559,0.0,0.0019754170324846,0.5883116883116883
2021-11-03 05:45:00+00:00,0.3586108610861085,0.0,0.00217295873573305,0.5906926406926407
2021-11-03 06:00:00+00:00,0.3612361236123612,0.0,0.0023705004389815,0.5930735930735931
2021-11-03 06:15:00+00:00,0.36272689768976896,0.0,0.029411764705882297,0.5848484848484848
2021-11-03 06:30:00+00:00,0.3642176717671767,0.0,0.0564530289727831,0.5766233766233766
2021-11-03 06:45:00+00:00,0.36570844584458445,0.0,0.0834942932396839,0.5683982683982685
2021-11-03 07:00:00+00:00,0.3671992199219922,0.0,0.1105355575065847,0.5601731601731602
2021-11-03 07:15:00+00:00,0.3629706720672067,0.0,0.17921422300263384,0.5642857142857143
2021-11-03 07:30:00+00:00,0.3587421242124212,0.0,0.247892888498683,0.5683982683982685
2021-11-03 07:45:00+00:00,0.3545135763576357,0.0,0.31657155399473214,0.5725108225108225
2021-11-03 08:00:00+00:00,0.3502850285028502,0.0,0.3852502194907813,0.5766233766233766
2021-11-03 08:15:00+00:00,0.35683880888088804,0.0,0.42868744512730456,0.5727272727272728
2021-11-03 08:30:00+00:00,0.3633925892589258,0.0,0.4721246707638278,0.5688311688311688
2021-11-03 08:45:00+00:00,0.36994636963696365,0.0,0.5155618964003511,0.5649350649350648
2021-11-03 09:00:00+00:00,0.3765001500150015,0.0,0.5589991220368744,0.561038961038961
2021-11-03 09:15:00+00:00,0.3888295079507951,0.0,0.5716637401229148,0.5465367965367965
2021-11-03 09:30:00+00:00,0.4011588658865886,0.0,0.5843283582089551,0.5320346320346321
2021-11-03 09:45:00+00:00,0.4134882238223822,0.0,0.5969929762949955,0.5175324675324675
2021-11-03 10:00:00+00:00,0.4258175817581758,0.0,0.609657594381036,0.503030303030303
2021-11-03 10:15:00+00:00,0.43462158715871585,0.0,0.6099209833187005,0.5041125541125542
2021-11-03 10:30:00+00:00,0.4434255925592559,0.0,0.6101843722563651,0.5051948051948052
2021-11-03 10:45:00+00:00,0.45222959795979595,0.0,0.6104477611940298,0.5062770562770562
2021-11-03 11:00:00+00:00,0.461033603360336,0.0,0.6107111501316944,0.5073593073593073
2021-11-03 11:15:00+00:00,0.4651871437143714,0.0,0.6050263388937664,0.5071428571428571
2021-11-03 11:30:00+00:00,0.4693406840684068,0.0,0.5993415276558385,0.5069264069264069
2021-11-03 11:45:00+00:00,0.47349422442244216,0.0,0.5936567164179105,0.5067099567099567
2021-11-03 12:00:00+00:00,0.4776477647764776,0.0,0.5879719051799824,0.5064935064935064
2021-11-03 12:15:00+00:00,0.48439843984398434,0.0,0.5805531167690956,0.5106060606060605
2021-11-03 12:30:00+00:00,0.4911491149114911,0.0,0.5731343283582089,0.5147186147186147
2021-11-03 12:45:00+00:00,0.49789978997899786,0.0,0.5657155399473222,0.5188311688311689
2021-11-03 13:00:00+00:00,0.5046504650465047,0.0,0.5582967515364354,0.5229437229437229
2021-11-03 13:15:00+00:00,0.5036659915991599,0.0,0.5545215100965759,0.527056277056277
2021-11-03 13:30:00+00:00,0.5026815181518152,0.0,0.5507462686567164,0.5311688311688312
2021-11-03 13:45:00+00:00,0.5016970447044704,0.0,0.5469710272168569,0.5352813852813854
2021-11-03 14:00:00+00:00,0.5007125712571258,0.0,0.5431957857769973,0.5393939393939394
2021-11-03 14:15:00+00:00,0.4957808280828083,0.0,0.5124670763827919,0.543073593073593
2021-11-03 14:30:00+00:00,0.4908490849084909,0.0,0.4817383669885864,0.5467532467532468
2021-11-03 14:45:00+00:00,0.48591734173417345,0.0,0.451009657594381,0.5504329004329004
2021-11-03 15:00:00+00:00,0.480985598559856,0.0,0.4202809482001756,0.5541125541125541
2021-11-03 15:15:00+00:00,0.4677842784278428,0.0,0.3604477611940299,0.5593073593073593
2021-11-03 15:30:00+00:00,0.4545829582958296,0.0,0.3006145741878841,0.5645021645021645
2021-11-03 15:45:00+00:00,0.44138163816381637,0.0,0.24078138718173836,0.5696969696969697
2021-11-03 16:00:00+00:00,0.4281803180318032,0.0,0.1809482001755926,0.5748917748917749
2021-11-03 16:15:00+00:00,0.417238598859886,0.0,0.1432835820895522,0.5974025974025974
2021-11-03 16:30:00+00:00,0.4062968796879688,0.0,0.1056189640035118,0.61991341991342
2021-11-03 16:45:00+00:00,0.3953551605160516,0.0,0.0679543459174714,0.6424242424242425
2021-11-03 17:00:00+00:00,0.3844134413441344,0.0,0.030289727831431,0.6649350649350649
2021-11-03 17:15:00+00:00,0.3784784728472847,0.0,0.0257023705004389,0.6517316017316017
2021-11-03 17:30:00+00:00,0.372543504350435,0.0,0.0211150131694468,0.6385281385281385
2021-11-03 17:45:00+00:00,0.3666085358535853,0.0,0.0165276558384547,0.6253246753246753
2021-11-03 18:00:00+00:00,0.3606735673567356,0.0,0.0119402985074626,0.6121212121212121
2021-11-03 18:15:00+00:00,0.35402602760276025,0.0,0.011720807726075401,0.6337662337662338
2021-11-03 18:30:00+00:00,0.3473784878487849,0.0,0.0115013169446882,0.6554112554112554
2021-11-03 18:45:00+00:00,0.3407309480948095,0.0,0.01128182616330105,0.6770562770562771
2021-11-03 19:00:00+00:00,0.3340834083408341,0.0,0.0110623353819139,0.6987012987012987
2021-11-03 19:15:00+00:00,0.3275296279627963,0.0,0.010886742756804148,0.6937229437229437
2021-11-03 19:30:00+00:00,0.3209758475847585,0.0,0.0107111501316944,0.6887445887445888
2021-11-03 19:45:00+00:00,0.3144220672067207,0.0,0.01053555750658465,0.6837662337662338
2021-11-03 20:00:00+00:00,0.3078682868286829,0.0,0.0103599648814749,0.6787878787878788
2021-11-03 20:15:00+00:00,0.3019051905190519,0.0,0.010250219490781299,0.6554112554112554
2021-11-03 20:30:00+00:00,0.2959420942094209,0.0,0.0101404741000877,0.6320346320346321
2021-11-03 20:45:00+00:00,0.28997899789979,0.0,0.01003072870939415,0.6086580086580087
2021-11-03 21:00:00+00:00,0.284015901590159,0.0,0.0099209833187006,0.5852813852813853
2021-11-03 21:15:00+00:00,0.2810999849984998,0.0,0.00963564530289725,0.5803030303030303
2021-11-03 21:30:00+00:00,0.2781840684068406,0.0,0.0093503072870939,0.5753246753246753
2021-11-03 21:45:00+00:00,0.2752681518151815,0.0,0.00906496927129055,0.5703463203463204
2021-11-03 22:00:00+00:00,0.2723522352235223,0.0,0.0087796312554872,0.5653679653679654
2021-11-03 22:15:00+00:00,0.26804867986798675,0.0,0.00858208955223875,0.5686147186147186
2021-11-03 22:30:00+00:00,0.2637451245124512,0.0,0.0083845478489903,0.5718614718614718
2021-11-03 22:45:00+00:00,0.25944156915691563,0.0,0.00818700614574185,0.5751082251082251
2021-11-03 23:00:00+00:00,0.2551380138013801,0.0,0.0079894644424934,0.5783549783549784
2021-11-03 23:15:00+00:00,0.2516314131413141,0.0,0.007967515364354649,0.567965367965368
2021-11-03 23:30:00+00:00,0.2481248124812481,0.0,0.0079455662862159,0.5575757575757576
2021-11-03 23:45:00+00:00,0.2446182118211821,0.0,0.007923617208077199,0.5471861471861472
2021-11-04 00:00:00+00:00,0.2411116111611161,0.0,0.0079016681299385,0.5367965367965368
2021-11-04 00:15:00+00:00,0.2372768526852685,0.0,0.0079016681299385,0.5363636363636364
2021-11-04 00:30:00+00:00,0.2334420942094209,0.0,0.0079016681299385,0.5359307359307359
2021-11-04 00:45:00+00:00,0.22960733573357328,0.0,0.0079016681299385,0.5354978354978355
2021-11-04 01:00:00+00:00,0.2257725772577257,0.0,0.0079016681299385,0.535064935064935
2021-11-04 01:15:00+00:00,0.22504125412541245,0.0,0.0079016681299385,0.5346320346320346
2021-11-04 01:30:00+00:00,0.2243099309930992,0.0,0.0079016681299385,0.5341991341991341
2021-11-04 01:45:00+00:00,0.22357860786078598,0.0,0.0079016681299385,0.5337662337662337
2021-11-04 02:00:00+00:00,0.2228472847284728,0.0,0.0079016681299385,0.5333333333333333
2021-11-04 02:15:00+00:00,0.22446932193219316,0.0,0.0068042142230026,0.5324675324675325
2021-11-04 02:30:00+00:00,0.2260913591359135,0.0,0.0057067603160667,0.5316017316017316
2021-11-04 02:45:00+00:00,0.2277133963396339,0.0,0.0046093064091308,0.5307359307359307
2021-11-04 03:00:00+00:00,0.2293354335433543,0.0,0.0035118525021949,0.5298701298701298
2021-11-04 03:15:00+00:00,0.2270664566456645,0.0,0.00300702370500435,0.5370129870129869
2021-11-04 03:30:00+00:00,0.2247974797479747,0.0,0.0025021949078138,0.5441558441558441
2021-11-04 03:45:00+00:00,0.22252850285028497,0.0,0.0019973661106233,0.5512987012987012
2021-11-04 04:00:00+00:00,0.2202595259525952,0.0,0.0014925373134328,0.5584415584415584
2021-11-04 04:15:00+00:00,0.21692169216921686,0.0,0.0014925373134328,0.5616883116883116
2021-11-04 04:30:00+00:00,0.2135838583858385,0.0,0.0014925373134328,0.5649350649350648
2021-11-04 04:45:00+00:00,0.2102460246024602,0.0,0.0014925373134328,0.5681818181818181
2021-11-04 05:00:00+00:00,0.2069081908190819,0.0,0.0014925373134328,0.5714285714285714
2021-11-04 05:15:00+00:00,0.2083989648964896,0.0,0.0017778753292361001,0.5800865800865801
2021-11-04 05:30:00+00:00,0.2098897389738973,0.0,0.0020632133450394,0.5887445887445888
2021-11-04 05:45:00+00:00,0.21138051305130506,0.0,0.00234855136084275,0.5974025974025974
2021-11-04 06:00:00+00:00,0.2128712871287128,0.0,0.0026338893766461,0.6060606060606061
2021-11-04 06:15:00+00:00,0.21087421242124205,0.0,0.03408691834942924,0.5948051948051949
2021-11-04 06:30:00+00:00,0.2088771377137713,0.0,0.0655399473222124,0.5835497835497836
2021-11-04 06:45:00+00:00,0.2068800630063006,0.0,0.09699297629499554,0.5722943722943723
2021-11-04 07:00:00+00:00,0.2048829882988299,0.0,0.1284460052677787,0.561038961038961
2021-11-04 07:15:00+00:00,0.1974666216621662,0.0,0.21543020193151885,0.5662337662337662
2021-11-04 07:30:00+00:00,0.1900502550255025,0.0,0.302414398595259,0.5714285714285714
2021-11-04 07:45:00+00:00,0.18263388838883884,0.0,0.3893985952589991,0.5766233766233766
2021-11-04 08:00:00+00:00,0.1752175217521752,0.0,0.4763827919227392,0.5818181818181818
2021-11-04 08:15:00+00:00,0.17900540054005395,0.0,0.5311018437225636,0.5792207792207792
2021-11-04 08:30:00+00:00,0.1827932793279327,0.0,0.585820895522388,0.5766233766233766
2021-11-04 08:45:00+00:00,0.1865811581158115,0.0,0.6405399473222124,0.574025974025974
2021-11-04 09:00:00+00:00,0.1903690369036903,0.0,0.6952589991220369,0.5714285714285714
2021-11-04 09:15:00+00:00,0.19926680168016797,0.0,0.7149692712906058,0.5655844155844155
2021-11-04 09:30:00+00:00,0.2081645664566456,0.0,0.7346795434591747,0.5597402597402596
2021-11-04 09:45:00+00:00,0.21706233123312324,0.0,0.7543898156277437,0.5538961038961039
2021-11-04 10:00:00+00:00,0.2259600960096009,0.0,0.7741000877963126,0.548051948051948
2021-11-04 10:15:00+00:00,0.23302955295529545,0.0,0.7697980684811239,0.5487012987012987
2021-11-04 10:30:00+00:00,0.24009900990099,0.0,0.765496049165935,0.5493506493506493
2021-11-04 10:45:00+00:00,0.2471684668466846,0.0,0.7611940298507462,0.5499999999999999
2021-11-04 11:00:00+00:00,0.2542379237923792,0.0,0.7568920105355575,0.5506493506493506
2021-11-04 11:15:00+00:00,0.25988223822382234,0.0,0.7478050921861281,0.548051948051948
2021-11-04 11:30:00+00:00,0.2655265526552655,0.0,0.7387181738366988,0.5454545454545454
2021-11-04 11:45:00+00:00,0.2711708670867087,0.0,0.7296312554872695,0.5428571428571428
2021-11-04 12:00:00+00:00,0.2768151815181518,0.0,0.7205443371378402,0.5402597402597402
2021-11-04 12:15:00+00:00,0.28124062406240624,0.0,0.7020412642669007,0.5406926406926407
2021-11-04 12:30:00+00:00,0.2856660666066606,0.0,0.6835381913959613,0.5411255411255411
2021-11-04 12:45:00+00:00,0.2900915091509151,0.0,0.6650351185250218,0.5415584415584416
2021-11-04 13:00:00+00:00,0.2945169516951695,0.0,0.6465320456540825,0.541991341991342
2021-11-04 13:15:00+00:00,0.29671092109210917,0.0,0.6329675153643547,0.5435064935064935
2021-11-04 13:30:00+00:00,0.2989048904890489,0.0,0.6194029850746269,0.545021645021645
2021-11-04 13:45:00+00:00,0.3010988598859886,0.0,0.6058384547848991,0.5465367965367964
2021-11-04 14:00:00+00:00,0.3032928292829283,0.0,0.5922739244951712,0.548051948051948
2021-11-04 14:15:00+00:00,0.3044929492949295,0.0,0.5657813871817383,0.5608225108225109
2021-11-04 14:30:00+00:00,0.3056930693069307,0.0,0.5392888498683055,0.5735930735930737
2021-11-04 14:45:00+00:00,0.3068931893189319,0.0,0.5127963125548727,0.5863636363636364
2021-11-04 15:00:00+00:00,0.3080933093309331,0.0,0.4863037752414398,0.5991341991341992
2021-11-04 15:15:00+00:00,0.3056368136813681,0.0,0.412532923617208,0.6023809523809524
2021-11-04 15:30:00+00:00,0.3031803180318031,0.0,0.3387620719929762,0.6056277056277056
2021-11-04 15:45:00+00:00,0.30072382238223816,0.0,0.26499122036874445,0.6088744588744588
2021-11-04 16:00:00+00:00,0.2982673267326732,0.0,0.1912203687445127,0.6121212121212121
2021-11-04 16:15:00+00:00,0.29987998799879984,0.0,0.15133889376646176,0.6051948051948052
2021-11-04 16:30:00+00:00,0.3014926492649264,0.0,0.1114574187884108,0.5982683982683983
2021-11-04 16:45:00+00:00,0.30310531053105305,0.0,0.0715759438103599,0.5913419913419913
2021-11-04 17:00:00+00:00,0.3047179717971797,0.0,0.031694468832309,0.5844155844155844
2021-11-04 17:15:00+00:00,0.30996849684968497,0.0,0.027502194907813804,0.5915584415584416
2021-11-04 17:30:00+00:00,0.3152190219021902,0.0,0.0233099209833186,0.5987012987012987
2021-11-04 17:45:00+00:00,0.32046954695469543,0.0,0.01911764705882345,0.6058441558441559
2021-11-04 18:00:00+00:00,0.3257200720072007,0.0,0.0149253731343283,0.612987012987013
2021-11-04 18:15:00+00:00,0.3315331533153315,0.0,0.01292800702370495,0.6218614718614719
2021-11-04 18:30:00+00:00,0.3373462346234623,0.0,0.0109306409130816,0.6307359307359307
2021-11-04 18:45:00+00:00,0.3431593159315931,0.0,0.00893327480245825,0.6396103896103895
2021-11-04 19:00:00+00:00,0.3489723972397239,0.0,0.0069359086918349,0.6484848484848484
2021-11-04 19:15:00+00:00,0.35411978697869784,0.0,0.0062554872695346,0.6517316017316016
2021-11-04 19:30:00+00:00,0.3592671767176717,0.0,0.0055750658472343,0.6549783549783549
2021-11-04 19:45:00+00:00,0.3644145664566456,0.0,0.00489464442493405,0.6582251082251082
2021-11-04 20:00:00+00:00,0.3695619561956195,0.0,0.0042142230026338,0.6614718614718614
2021-11-04 20:15:00+00:00,0.36850247524752466,0.0,0.00379719051799815,0.6610389610389611
2021-11-04 20:30:00+00:00,0.3674429942994299,0.0,0.0033801580333625,0.6606060606060606
2021-11-04 20:45:00+00:00,0.3663835133513351,0.0,0.0029631255487269003,0.6601731601731602
2021-11-04 21:00:00+00:00,0.3653240324032403,0.0,0.0025460930640913,0.6597402597402597
2021-11-04 21:15:00+00:00,0.36569906990699064,0.0,0.0025460930640913,0.6545454545454545
2021-11-04 21:30:00+00:00,0.366074107410741,0.0,0.0025460930640913,0.6493506493506493
2021-11-04 21:45:00+00:00,0.3664491449144914,0.0,0.0025460930640913,0.6441558441558441
2021-11-04 22:00:00+00:00,0.3668241824182418,0.0,0.0025460930640913,0.638961038961039
2021-11-04 22:15:00+00:00,0.3657928292829282,0.0,0.0025021949078138503,0.6320346320346321
2021-11-04 22:30:00+00:00,0.3647614761476147,0.0,0.0024582967515364,0.6251082251082252
2021-11-04 22:45:00+00:00,0.36373012301230123,0.0,0.0024143985952589497,0.6181818181818182
2021-11-04 23:00:00+00:00,0.3626987698769877,0.0,0.0023705004389815,0.6112554112554113
2021-11-04 23:15:00+00:00,0.3609642214221422,0.0,0.0023705004389815,0.5900432900432901
2021-11-04 23:30:00+00:00,0.3592296729672967,0.0,0.0023705004389815,0.5688311688311689
2021-11-04 23:45:00+00:00,0.3574951245124512,0.0,0.0023705004389815,0.5476190476190477
2021-11-05 00:00:00+00:00,0.3557605760576057,0.0,0.0023705004389815,0.5264069264069264
2021-11-05 00:15:00+00:00,0.35594809480948086,0.0,0.0023705004389815,0.520995670995671
2021-11-05 00:30:00+00:00,0.3561356135613561,0.0,0.0023705004389815,0.5155844155844156
2021-11-05 00:45:00+00:00,0.3563231323132313,0.0,0.0023705004389815,0.5101731601731602
2021-11-05 01:00:00+00:00,0.3565106510651065,0.0,0.0023705004389815,0.5047619047619047
2021-11-05 01:15:00+00:00,0.3551511401140114,0.0,0.0023705004389815,0.5030303030303029
2021-11-05 01:30:00+00:00,0.3537916291629163,0.0,0.0023705004389815,0.5012987012987012
2021-11-05 01:45:00+00:00,0.3524321182118212,0.0,0.0023705004389815,0.49956709956709955
2021-11-05 02:00:00+00:00,0.3510726072607261,0.0,0.0023705004389815,0.4978354978354978
2021-11-05 02:15:00+00:00,0.34990061506150616,0.0,0.0023705004389815,0.4950216450216449
2021-11-05 02:30:00+00:00,0.3487286228622862,0.0,0.0023705004389815,0.4922077922077921
2021-11-05 02:45:00+00:00,0.3475566306630663,0.0,0.0023705004389815,0.48939393939393927
2021-11-05 03:00:00+00:00,0.3463846384638464,0.0,0.0023705004389815,0.4865800865800865
2021-11-05 03:15:00+00:00,0.34550330033003296,0.0,0.0023705004389815,0.48961038961038955
2021-11-05 03:30:00+00:00,0.3446219621962196,0.0,0.0023705004389815,0.4926406926406926
2021-11-05 03:45:00+00:00,0.34374062406240624,0.0,0.0023705004389815,0.49567099567099565
2021-11-05 04:00:00+00:00,0.3428592859285929,0.0,0.0023705004389815,0.4987012987012987
2021-11-05 04:15:00+00:00,0.3438812631263126,0.0,0.0023705004389815,0.5069264069264069
2021-11-05 04:30:00+00:00,0.3449032403240324,0.0,0.0023705004389815,0.5151515151515151
2021-11-05 04:45:00+00:00,0.34592521752175215,0.0,0.0023705004389815,0.5233766233766234
2021-11-05 05:00:00+00:00,0.3469471947194719,0.0,0.0023705004389815,0.5316017316017316
2021-11-05 05:15:00+00:00,0.3463002550255025,0.0,0.00258999122036865,0.5467532467532468
2021-11-05 05:30:00+00:00,0.3456533153315331,0.0,0.0028094820017558,0.5619047619047619
2021-11-05 05:45:00+00:00,0.3450063756375637,0.0,0.0030289727831429997,0.577056277056277
2021-11-05 06:00:00+00:00,0.3443594359435943,0.0,0.0032484635645302,0.5922077922077922
2021-11-05 06:15:00+00:00,0.34388126312631256,0.0,0.03746707638279181,0.5829004329004329
2021-11-05 06:30:00+00:00,0.3434030903090308,0.0,0.0716856892010534,0.5735930735930737
2021-11-05 06:45:00+00:00,0.34292491749174914,0.0,0.10590430201931511,0.5642857142857143
2021-11-05 07:00:00+00:00,0.3424467446744674,0.0,0.1401229148375768,0.554978354978355
2021-11-05 07:15:00+00:00,0.33728997899789975,0.0,0.22949956101843716,0.5510822510822511
2021-11-05 07:30:00+00:00,0.3321332133213321,0.0,0.3188762071992975,0.5471861471861472
2021-11-05 07:45:00+00:00,0.32697644764476447,0.0,0.40825285338015793,0.5432900432900434
2021-11-05 08:00:00+00:00,0.3218196819681968,0.0,0.4976294995610184,0.5393939393939394
2021-11-05 08:15:00+00:00,0.3192506750675067,0.0,0.5555092186128182,0.5365800865800866
2021-11-05 08:30:00+00:00,0.3166816681668166,0.0,0.6133889376646181,0.5337662337662338
2021-11-05 08:45:00+00:00,0.3141126612661266,0.0,0.6712686567164179,0.530952380952381
2021-11-05 09:00:00+00:00,0.3115436543654365,0.0,0.7291483757682178,0.5281385281385281
2021-11-05 09:15:00+00:00,0.31589408940894087,0.0,0.7527875329236172,0.5298701298701298
2021-11-05 09:30:00+00:00,0.3202445244524452,0.0,0.7764266900790167,0.5316017316017316
2021-11-05 09:45:00+00:00,0.3245949594959495,0.0,0.8000658472344162,0.5333333333333333
2021-11-05 10:00:00+00:00,0.3289453945394539,0.0,0.8237050043898156,0.535064935064935
2021-11-05 10:15:00+00:00,0.3335677317731772,0.0,0.8201492537313433,0.5497835497835497
2021-11-05 10:30:00+00:00,0.3381900690069006,0.0,0.8165935030728709,0.5645021645021645
2021-11-05 10:45:00+00:00,0.342812406240624,0.0,0.8130377524143986,0.5792207792207793
2021-11-05 11:00:00+00:00,0.3474347434743474,0.0,0.8094820017559262,0.593939393939394
2021-11-05 11:15:00+00:00,0.34969434443444336,0.0,0.8023046532045655,0.5865800865800866
2021-11-05 11:30:00+00:00,0.3519539453945394,0.0,0.7951273046532046,0.5792207792207793
2021-11-05 11:45:00+00:00,0.3542135463546354,0.0,0.7879499561018437,0.5718614718614718
2021-11-05 12:00:00+00:00,0.3564731473147314,0.0,0.7807726075504828,0.5645021645021645
2021-11-05 12:15:00+00:00,0.3611798679867986,0.0,0.7753731343283582,0.5642857142857143
2021-11-05 12:30:00+00:00,0.3658865886588658,0.0,0.7699736611062336,0.564069264069264
2021-11-05 12:45:00+00:00,0.37059330933093304,0.0,0.7645741878841088,0.5638528138528138
2021-11-05 13:00:00+00:00,0.3753000300030003,0.0,0.7591747146619842,0.5636363636363636
2021-11-05 13:15:00+00:00,0.38022239723972395,0.0,0.7403204565408252,0.5783549783549784
2021-11-05 13:30:00+00:00,0.3851447644764476,0.0,0.7214661984196664,0.5930735930735931
2021-11-05 13:45:00+00:00,0.3900671317131713,0.0,0.7026119402985075,0.6077922077922078
2021-11-05 14:00:00+00:00,0.394989498949895,0.0,0.6837576821773486,0.6225108225108225
2021-11-05 14:15:00+00:00,0.3975491299129913,0.0,0.6408033362598771,0.609090909090909
2021-11-05 14:30:00+00:00,0.4001087608760876,0.0,0.5978489903424056,0.5956709956709956
2021-11-05 14:45:00+00:00,0.4026683918391839,0.0,0.5548946444249341,0.5822510822510822
2021-11-05 15:00:00+00:00,0.4052280228022802,0.0,0.5119402985074627,0.5688311688311688
2021-11-05 15:15:00+00:00,0.40241524152415237,0.0,0.4397278314310799,0.577056277056277
2021-11-05 15:30:00+00:00,0.3996024602460245,0.0,0.3675153643546971,0.5852813852813853
2021-11-05 15:45:00+00:00,0.39678967896789674,0.0,0.2953028972783143,0.5935064935064935
2021-11-05 16:00:00+00:00,0.3939768976897689,0.0,0.2230904302019315,0.6017316017316018
2021-11-05 16:15:00+00:00,0.39268301830183017,0.0,0.17701931518876207,0.5971861471861473
2021-11-05 16:30:00+00:00,0.3913891389138914,0.0,0.1309482001755926,0.5926406926406926
2021-11-05 16:45:00+00:00,0.3900952595259526,0.0,0.08487708516242315,0.5880952380952381
2021-11-05 17:00:00+00:00,0.3888013801380138,0.0,0.0388059701492537,0.5835497835497836
2021-11-05 17:15:00+00:00,0.3937800030003,0.0,0.034328358208955204,0.5883116883116883
2021-11-05 17:30:00+00:00,0.3987586258625862,0.0,0.0298507462686567,0.5930735930735931
2021-11-05 17:45:00+00:00,0.4037372487248725,0.0,0.0253731343283582,0.5978354978354978
2021-11-05 18:00:00+00:00,0.4087158715871587,0.0,0.0208955223880597,0.6025974025974026
2021-11-05 18:15:00+00:00,0.40683130813081303,0.0,0.0186347673397717,0.6060606060606061
2021-11-05 18:30:00+00:00,0.4049467446744674,0.0,0.0163740122914837,0.6095238095238096
2021-11-05 18:45:00+00:00,0.4030621812181218,0.0,0.014113257243195749,0.612987012987013
2021-11-05 19:00:00+00:00,0.4011776177617762,0.0,0.0118525021949078,0.6164502164502165
2021-11-05 19:15:00+00:00,0.39712721272127216,0.0,0.01003072870939415,0.611904761904762
2021-11-05 19:30:00+00:00,0.3930768076807681,0.0,0.0082089552238805,0.6073593073593073
2021-11-05 19:45:00+00:00,0.389026402640264,0.0,0.0063871817383669,0.6028138528138528
2021-11-05 20:00:00+00:00,0.38497599759976,0.0,0.0045654082528533,0.5982683982683983
2021-11-05 20:15:00+00:00,0.38454470447044703,0.0,0.0043020193151887005,0.6073593073593073
2021-11-05 20:30:00+00:00,0.3841134113411341,0.0,0.0040386303775241,0.6164502164502165
2021-11-05 20:45:00+00:00,0.38368211821182113,0.0,0.0037752414398595,0.6255411255411256
2021-11-05 21:00:00+00:00,0.3832508250825082,0.0,0.0035118525021949,0.6346320346320347
2021-11-05 21:15:00+00:00,0.3832883288328832,0.0,0.00348990342405615,0.6268398268398269
2021-11-05 21:30:00+00:00,0.3833258325832582,0.0,0.0034679543459174,0.6190476190476191
2021-11-05 21:45:00+00:00,0.3833633363336333,0.0,0.0034460052677786996,0.6112554112554113
2021-11-05 22:00:00+00:00,0.3834008400840084,0.0,0.00342405618964,0.6034632034632035
2021-11-05 22:15:00+00:00,0.3820038253825382,0.0,0.0034021071115012498,0.5982683982683983
2021-11-05 22:30:00+00:00,0.380606810681068,0.0,0.0033801580333625,0.5930735930735931
2021-11-05 22:45:00+00:00,0.3792097959795979,0.0,0.0033582089552238,0.5878787878787879
2021-11-05 23:00:00+00:00,0.3778127812781278,0.0,0.0033362598770851,0.5826839826839827
2021-11-05 23:15:00+00:00,0.3736967446744674,0.0,0.0033362598770851,0.5790043290043291
2021-11-05 23:30:00+00:00,0.369580708070807,0.0,0.0033362598770851,0.5753246753246753
2021-11-05 23:45:00+00:00,0.3654646714671467,0.0,0.0033362598770851,0.5716450216450217
2021-11-06 00:00:00+00:00,0.3613486348634863,0.0,0.0033362598770851,0.567965367965368
2021-11-06 00:15:00+00:00,0.361086108610861,0.0,0.0033362598770851,0.5655844155844156
2021-11-06 00:30:00+00:00,0.3608235823582357,0.0,0.0033362598770851,0.5632034632034633
2021-11-06 00:45:00+00:00,0.36056105610561046,0.0,0.0033362598770851,0.5608225108225109
2021-11-06 01:00:00+00:00,0.3602985298529852,0.0,0.0033362598770851,0.5584415584415584
2021-11-06 01:15:00+00:00,0.3632800780078007,0.0,0.0033362598770851,0.5493506493506493
2021-11-06 01:30:00+00:00,0.3662616261626162,0.0,0.0033362598770851,0.5402597402597402
2021-11-06 01:45:00+00:00,0.3692431743174317,0.0,0.0033362598770851,0.5311688311688312
2021-11-06 02:00:00+00:00,0.3722247224722472,0.0,0.0033362598770851,0.522077922077922
2021-11-06 02:15:00+00:00,0.3738748874887488,0.0,0.0033362598770851,0.5305194805194804
2021-11-06 02:30:00+00:00,0.3755250525052505,0.0,0.0033362598770851,0.5389610389610389
2021-11-06 02:45:00+00:00,0.37717521752175215,0.0,0.0033362598770851,0.5474025974025973
2021-11-06 03:00:00+00:00,0.3788253825382538,0.0,0.0033362598770851,0.5558441558441558
2021-11-06 03:15:00+00:00,0.38156315631563154,0.0,0.0033362598770851,0.5502164502164502
2021-11-06 03:30:00+00:00,0.3843009300930093,0.0,0.0033362598770851,0.5445887445887445
2021-11-06 03:45:00+00:00,0.3870387038703871,0.0,0.0033362598770851,0.5389610389610389
2021-11-06 04:00:00+00:00,0.3897764776477648,0.0,0.0033362598770851,0.5333333333333333
2021-11-06 04:15:00+00:00,0.3966302880288029,0.0,0.0032923617208076503,0.5244588744588745
2021-11-06 04:30:00+00:00,0.403484098409841,0.0,0.0032484635645302,0.5155844155844156
2021-11-06 04:45:00+00:00,0.4103379087908791,0.0,0.0032045654082528,0.5067099567099567
2021-11-06 05:00:00+00:00,0.4171917191719172,0.0,0.0031606672519754,0.4978354978354978
2021-11-06 05:15:00+00:00,0.4211389888988899,0.0,0.0033143107989464,0.5
2021-11-06 05:30:00+00:00,0.4250862586258626,0.0,0.0034679543459174,0.5021645021645021
2021-11-06 05:45:00+00:00,0.42903352835283526,0.0,0.0036215978928884496,0.5043290043290043
2021-11-06 06:00:00+00:00,0.432980798079808,0.0,0.0037752414398595,0.5064935064935064
2021-11-06 06:15:00+00:00,0.434734098409841,0.0,0.0335381913959613,0.5108225108225108
2021-11-06 06:30:00+00:00,0.436487398739874,0.0,0.0633011413520631,0.5151515151515151
2021-11-06 06:45:00+00:00,0.43824069906990704,0.0,0.093064091308165,0.5194805194805194
2021-11-06 07:00:00+00:00,0.43999399939994,0.0,0.1228270412642669,0.5238095238095238
2021-11-06 07:15:00+00:00,0.43744374437443745,0.0,0.2076382791922739,0.5235930735930736
2021-11-06 07:30:00+00:00,0.4348934893489349,0.0,0.2924495171202809,0.5233766233766234
2021-11-06 07:45:00+00:00,0.43234323432343236,0.0,0.37726075504828793,0.5231601731601732
2021-11-06 08:00:00+00:00,0.4297929792979298,0.0,0.462071992976295,0.5229437229437229
2021-11-06 08:15:00+00:00,0.42952107710771076,0.0,0.5248024582967514,0.5227272727272727
2021-11-06 08:30:00+00:00,0.4292491749174917,0.0,0.587532923617208,0.5225108225108225
2021-11-06 08:45:00+00:00,0.4289772727272727,0.0,0.6502633889376646,0.5222943722943723
2021-11-06 09:00:00+00:00,0.4287053705370537,0.0,0.7129938542581211,0.522077922077922
2021-11-06 09:15:00+00:00,0.432746399639964,0.0,0.7315408252853379,0.5307359307359307
2021-11-06 09:30:00+00:00,0.4367874287428743,0.0,0.7500877963125548,0.5393939393939393
2021-11-06 09:45:00+00:00,0.4408284578457846,0.0,0.7686347673397718,0.548051948051948
2021-11-06 10:00:00+00:00,0.4448694869486949,0.0,0.7871817383669886,0.5567099567099567
2021-11-06 10:15:00+00:00,0.44518826882688267,0.0,0.7889157155399473,0.5575757575757576
2021-11-06 10:30:00+00:00,0.4455070507050704,0.0,0.7906496927129061,0.5584415584415585
2021-11-06 10:45:00+00:00,0.44582583258325825,0.0,0.7923836698858648,0.5593073593073594
2021-11-06 11:00:00+00:00,0.4461446144614461,0.0,0.7941176470588235,0.5601731601731602
2021-11-06 11:15:00+00:00,0.4474572457245724,0.0,0.7990122914837576,0.5577922077922077
2021-11-06 11:30:00+00:00,0.4487698769876987,0.0,0.8039069359086919,0.5554112554112554
2021-11-06 11:45:00+00:00,0.4500825082508251,0.0,0.808801580333626,0.553030303030303
2021-11-06 12:00:00+00:00,0.4513951395139514,0.0,0.8136962247585602,0.5506493506493506
2021-11-06 12:15:00+00:00,0.4502137713771377,0.0,0.8191395961369623,0.5510822510822511
2021-11-06 12:30:00+00:00,0.449032403240324,0.0,0.8245829675153644,0.5515151515151515
2021-11-06 12:45:00+00:00,0.4478510351035103,0.0,0.8300263388937665,0.551948051948052
2021-11-06 13:00:00+00:00,0.4466696669666967,0.0,0.8354697102721685,0.5523809523809524
2021-11-06 13:15:00+00:00,0.44455070507050704,0.0,0.8302458296751536,0.5487012987012987
2021-11-06 13:30:00+00:00,0.4424317431743174,0.0,0.8250219490781387,0.545021645021645
2021-11-06 13:45:00+00:00,0.4403127812781278,0.0,0.8197980684811238,0.5413419913419913
2021-11-06 14:00:00+00:00,0.4381938193819382,0.0,0.8145741878841088,0.5376623376623376
2021-11-06 14:15:00+00:00,0.43858760876087605,0.0,0.7705004389815627,0.5452380952380953
2021-11-06 14:30:00+00:00,0.4389813981398139,0.0,0.7264266900790166,0.5528138528138529
2021-11-06 14:45:00+00:00,0.4393751875187518,0.0,0.6823529411764706,0.5603896103896104
2021-11-06 15:00:00+00:00,0.4397689768976898,0.0,0.6382791922739245,0.567965367965368
2021-11-06 15:15:00+00:00,0.4358873387338734,0.0,0.5399473222124671,0.5703463203463204
2021-11-06 15:30:00+00:00,0.432005700570057,0.0,0.4416154521510096,0.5727272727272728
2021-11-06 15:45:00+00:00,0.42812406240624057,0.0,0.34328358208955223,0.5751082251082251
2021-11-06 16:00:00+00:00,0.4242424242424242,0.0,0.2449517120280948,0.5774891774891775
2021-11-06 16:15:00+00:00,0.4253487848784878,0.0,0.19574187884108865,0.585930735930736
2021-11-06 16:30:00+00:00,0.4264551455145514,0.0,0.1465320456540825,0.5943722943722944
2021-11-06 16:45:00+00:00,0.42756150615061506,0.0,0.09732221246707635,0.6028138528138529
2021-11-06 17:00:00+00:00,0.4286678667866787,0.0,0.0481123792800702,0.6112554112554113
2021-11-06 17:15:00+00:00,0.4336277377737774,0.0,0.042998244073748845,0.614069264069264
2021-11-06 17:30:00+00:00,0.4385876087608761,0.0,0.0378841088674275,0.6168831168831168
2021-11-06 17:45:00+00:00,0.4435474797479748,0.0,0.0327699736611062,0.6196969696969696
2021-11-06 18:00:00+00:00,0.4485073507350735,0.0,0.0276558384547849,0.6225108225108225
2021-11-06 18:15:00+00:00,0.44804792979297925,0.0,0.0252414398595259,0.6082251082251082
2021-11-06 18:30:00+00:00,0.4475885088508851,0.0,0.0228270412642669,0.593939393939394
2021-11-06 18:45:00+00:00,0.4471290879087909,0.0,0.0204126426690079,0.5796536796536798
2021-11-06 19:00:00+00:00,0.4466696669666967,0.0,0.0179982440737489,0.5653679653679654
2021-11-06 19:15:00+00:00,0.44635088508850884,0.0,0.01553994732221245,0.5640692640692642
2021-11-06 19:30:00+00:00,0.446032103210321,0.0,0.013081650570676,0.5627705627705628
2021-11-06 19:45:00+00:00,0.4457133213321332,0.0,0.01062335381913955,0.5614718614718615
2021-11-06 20:00:00+00:00,0.4453945394539454,0.0,0.0081650570676031,0.5601731601731602
2021-11-06 20:15:00+00:00,0.44538516351635166,0.0,0.0075285338015802505,0.5593073593073594
2021-11-06 20:30:00+00:00,0.4453757875787579,0.0,0.0068920105355574,0.5584415584415585
2021-11-06 20:45:00+00:00,0.44536641164116414,0.0,0.0062554872695346,0.5575757575757576
2021-11-06 21:00:00+00:00,0.4453570357035704,0.0,0.0056189640035118,0.5567099567099567
2021-11-06 21:15:00+00:00,0.4470915841584159,0.0,0.0056409130816505,0.5493506493506494
2021-11-06 21:30:00+00:00,0.4488261326132613,0.0,0.0056628621597892,0.541991341991342
2021-11-06 21:45:00+00:00,0.4505606810681068,0.0,0.00568481123792795,0.5346320346320346
2021-11-06 22:00:00+00:00,0.4522952295229523,0.0,0.0057067603160667,0.5272727272727272
2021-11-06 22:15:00+00:00,0.45017626762676266,0.0,0.0057067603160667,0.5097402597402596
2021-11-06 22:30:00+00:00,0.448057305730573,0.0,0.0057067603160667,0.4922077922077921
2021-11-06 22:45:00+00:00,0.4459383438343834,0.0,0.0057067603160667,0.4746753246753246
2021-11-06 23:00:00+00:00,0.4438193819381938,0.0,0.0057067603160667,0.4571428571428571
2021-11-06 23:15:00+00:00,0.44405378037803783,0.0,0.0057067603160667,0.45389610389610385
2021-11-06 23:30:00+00:00,0.4442881788178818,0.0,0.0057067603160667,0.4506493506493506
2021-11-06 23:45:00+00:00,0.4445225772577258,0.0,0.0057067603160667,0.44740259740259736
2021-11-07 00:00:00+00:00,0.4447569756975698,0.0,0.0057067603160667,0.4441558441558441
2021-11-07 00:15:00+00:00,0.44648214821482146,0.0,0.0057067603160667,0.44199134199134194
2021-11-07 00:30:00+00:00,0.4482073207320732,0.0,0.0057067603160667,0.4398268398268398
2021-11-07 00:45:00+00:00,0.44993249324932494,0.0,0.0057067603160667,0.43766233766233764
2021-11-07 01:00:00+00:00,0.4516576657665767,0.0,0.0057067603160667,0.4354978354978355
2021-11-07 01:15:00+00:00,0.45307343234323433,0.0,0.00568481123792795,0.4348484848484848
2021-11-07 01:30:00+00:00,0.454489198919892,0.0,0.0056628621597892,0.4341991341991342
2021-11-07 01:45:00+00:00,0.45590496549654963,0.0,0.0056409130816505,0.4335497835497836
2021-11-07 02:00:00+00:00,0.4573207320732073,0.0,0.0056189640035118,0.4329004329004329
2021-11-07 02:15:00+00:00,0.4546673417341734,0.0,0.005114135206321251,0.4329004329004329
2021-11-07 02:30:00+00:00,0.4520139513951395,0.0,0.0046093064091307,0.4329004329004329
2021-11-07 02:45:00+00:00,0.4493605610561056,0.0,0.0041044776119402,0.4329004329004329
2021-11-07 03:00:00+00:00,0.4467071707170717,0.0,0.0035996488147497,0.4329004329004329
2021-11-07 03:15:00+00:00,0.44309743474347435,0.0,0.0034899034240561,0.432034632034632
2021-11-07 03:30:00+00:00,0.439487698769877,0.0,0.0033801580333625,0.4311688311688311
2021-11-07 03:45:00+00:00,0.43587796279627966,0.0,0.00327041264266895,0.43030303030303024
2021-11-07 04:00:00+00:00,0.4322682268226823,0.0,0.0031606672519754,0.4294372294372294
2021-11-07 04:15:00+00:00,0.4303742874287429,0.0,0.0031826163301141,0.4296536796536796
2021-11-07 04:30:00+00:00,0.4284803480348035,0.0,0.0032045654082528,0.4298701298701298
2021-11-07 04:45:00+00:00,0.4265864086408641,0.0,0.0032265144863914998,0.4300865800865801
2021-11-07 05:00:00+00:00,0.4246924692469247,0.0,0.0032484635645302,0.4303030303030303
2021-11-07 05:15:00+00:00,0.42662391239123915,0.0,0.0041044776119402,0.429004329004329
2021-11-07 05:30:00+00:00,0.4285553555355536,0.0,0.0049604916593502,0.4277056277056277
2021-11-07 05:45:00+00:00,0.430486798679868,0.0,0.005816505706760251,0.4264069264069264
2021-11-07 06:00:00+00:00,0.4324182418241824,0.0,0.0066725197541703,0.4251082251082251
2021-11-07 06:15:00+00:00,0.43554042904290424,0.0,0.0388279192273924,0.424025974025974
2021-11-07 06:30:00+00:00,0.4386626162616261,0.0,0.0709833187006145,0.4229437229437229
2021-11-07 06:45:00+00:00,0.441784803480348,0.0,0.10313871817383664,0.4218614718614718
2021-11-07 07:00:00+00:00,0.4449069906990699,0.0,0.1352941176470588,0.4207792207792207
2021-11-07 07:15:00+00:00,0.4390657815781578,0.0,0.21916154521510095,0.42121212121212115
2021-11-07 07:30:00+00:00,0.4332245724572457,0.0,0.3030289727831431,0.4216450216450216
2021-11-07 07:45:00+00:00,0.42738336333633364,0.0,0.3868964003511852,0.42207792207792205
2021-11-07 08:00:00+00:00,0.4215421542154215,0.0,0.4707638279192274,0.4225108225108225
2021-11-07 08:15:00+00:00,0.41743549354935494,0.0,0.5264925373134328,0.44047619047619047
2021-11-07 08:30:00+00:00,0.4133288328832883,0.0,0.5822212467076383,0.4584415584415584
2021-11-07 08:45:00+00:00,0.4092221722172217,0.0,0.6379499561018438,0.4764069264069264
2021-11-07 09:00:00+00:00,0.4051155115511551,0.0,0.6936786654960492,0.4943722943722943
2021-11-07 09:15:00+00:00,0.408275202520252,0.0,0.7150131694468832,0.48874458874458865
2021-11-07 09:30:00+00:00,0.4114348934893489,0.0,0.7363476733977172,0.483116883116883
2021-11-07 09:45:00+00:00,0.41459458445844577,0.0,0.7576821773485514,0.4774891774891774
2021-11-07 10:00:00+00:00,0.4177542754275427,0.0,0.7790166812993854,0.4718614718614718
2021-11-07 10:15:00+00:00,0.41876687668766865,0.0,0.7839332748024583,0.4813852813852813
2021-11-07 10:30:00+00:00,0.4197794779477947,0.0,0.7888498683055312,0.4909090909090908
2021-11-07 10:45:00+00:00,0.4207920792079207,0.0,0.793766461808604,0.5004329004329003
2021-11-07 11:00:00+00:00,0.4218046804680468,0.0,0.7986830553116769,0.5099567099567099
2021-11-07 11:15:00+00:00,0.4224328682868287,0.0,0.7933494293239685,0.5043290043290043
2021-11-07 11:30:00+00:00,0.4230610561056105,0.0,0.7880158033362599,0.4987012987012986
2021-11-07 11:45:00+00:00,0.42368924392439244,0.0,0.7826821773485513,0.493073593073593
2021-11-07 12:00:00+00:00,0.4243174317431743,0.0,0.7773485513608428,0.4874458874458874
2021-11-07 12:15:00+00:00,0.42647389738973895,0.0,0.7832528533801579,0.48116883116883113
2021-11-07 12:30:00+00:00,0.4286303630363036,0.0,0.7891571553994732,0.4748917748917748
2021-11-07 12:45:00+00:00,0.4307868286828682,0.0,0.7950614574187884,0.4686147186147186
2021-11-07 13:00:00+00:00,0.4329432943294329,0.0,0.8009657594381036,0.4623376623376623
2021-11-07 13:15:00+00:00,0.43411528652865283,0.0,0.7935030728709394,0.46580086580086577
2021-11-07 13:30:00+00:00,0.4352872787278727,0.0,0.7860403863037752,0.4692640692640692
2021-11-07 13:45:00+00:00,0.4364592709270927,0.0,0.778577699736611,0.47272727272727266
2021-11-07 14:00:00+00:00,0.4376312631263126,0.0,0.7711150131694469,0.4761904761904761
2021-11-07 14:15:00+00:00,0.43882200720072007,0.0,0.7237708516242318,0.4816017316017315
2021-11-07 14:30:00+00:00,0.4400127512751275,0.0,0.6764266900790167,0.4870129870129869
2021-11-07 14:45:00+00:00,0.44120349534953496,0.0,0.6290825285338015,0.4924242424242423
2021-11-07 15:00:00+00:00,0.4423942394239424,0.0,0.5817383669885865,0.4978354978354978
2021-11-07 15:15:00+00:00,0.4467540504050405,0.0,0.4880377524143986,0.5084415584415584
2021-11-07 15:30:00+00:00,0.4511138613861386,0.0,0.3943371378402107,0.519047619047619
2021-11-07 15:45:00+00:00,0.4554736723672367,0.0,0.3006365232660228,0.5296536796536796
2021-11-07 16:00:00+00:00,0.4598334833483348,0.0,0.2069359086918349,0.5402597402597402
2021-11-07 16:15:00+00:00,0.46751237623762376,0.0,0.16464003511852496,0.5409090909090909
2021-11-07 16:30:00+00:00,0.4751912691269127,0.0,0.122344161545215,0.5415584415584416
2021-11-07 16:45:00+00:00,0.4828701620162016,0.0,0.08004828797190511,0.5422077922077921
2021-11-07 17:00:00+00:00,0.4905490549054905,0.0,0.0377524143985952,0.5428571428571428
2021-11-07 17:15:00+00:00,0.4934837233723372,0.0,0.0333187006145741,0.5454545454545454
2021-11-07 17:30:00+00:00,0.4964183918391839,0.0,0.028884986830553,0.548051948051948
2021-11-07 17:45:00+00:00,0.4993530603060306,0.0,0.024451273046531947,0.5506493506493506
2021-11-07 18:00:00+00:00,0.5022877287728773,0.0,0.0200175592625109,0.5532467532467532
2021-11-07 18:15:00+00:00,0.5024471197119712,0.0,0.018086040386303702,0.5603896103896104
2021-11-07 18:30:00+00:00,0.5026065106510651,0.0,0.0161545215100965,0.5675324675324676
2021-11-07 18:45:00+00:00,0.502765901590159,0.0,0.0142230026338893,0.5746753246753247
2021-11-07 19:00:00+00:00,0.5029252925292529,0.0,0.0122914837576821,0.5818181818181818
2021-11-07 19:15:00+00:00,0.5018751875187518,0.0,0.010008779631255401,0.5759740259740259
2021-11-07 19:30:00+00:00,0.5008250825082508,0.0,0.0077260755048287,0.57012987012987
2021-11-07 19:45:00+00:00,0.49977497749774974,0.0,0.00544337137840205,0.5642857142857143
2021-11-07 20:00:00+00:00,0.4987248724872487,0.0,0.0031606672519754,0.5584415584415584
2021-11-07 20:15:00+00:00,0.493727497749775,0.0,0.00313871817383665,0.5547619047619048
2021-11-07 20:30:00+00:00,0.4887301230123012,0.0,0.0031167690956979,0.5510822510822511
2021-11-07 20:45:00+00:00,0.48373274827482743,0.0,0.0030948200175591996,0.5474025974025974
2021-11-07 21:00:00+00:00,0.4787353735373537,0.0,0.0030728709394205,0.5437229437229437
2021-11-07 21:15:00+00:00,0.47202220222022195,0.0,0.0030728709394205,0.5370129870129869
2021-11-07 21:30:00+00:00,0.4653090309030903,0.0,0.0030728709394205,0.5303030303030303
2021-11-07 21:45:00+00:00,0.45859585958595855,0.0,0.0030728709394205,0.5235930735930736
2021-11-07 22:00:00+00:00,0.4518826882688269,0.0,0.0030728709394205,0.5168831168831168
2021-11-07 22:15:00+00:00,0.44722284728472844,0.0,0.0030728709394205,0.5199134199134199
2021-11-07 22:30:00+00:00,0.44256300630063,0.0,0.0030728709394205,0.5229437229437229
2021-11-07 22:45:00+00:00,0.4379031653165316,0.0,0.0030728709394205,0.525974025974026
2021-11-07 23:00:00+00:00,0.4332433243324332,0.0,0.0030728709394205,0.529004329004329
2021-11-07 23:15:00+00:00,0.4323713621362136,0.0,0.0030948200175591996,0.5274891774891775
2021-11-07 23:30:00+00:00,0.431499399939994,0.0,0.0031167690956979,0.525974025974026
2021-11-07 23:45:00+00:00,0.4306274377437744,0.0,0.00313871817383665,0.5244588744588745
2021-11-08 00:00:00+00:00,0.4297554755475548,0.0,0.0031606672519754,0.5229437229437229
2021-11-08 00:15:00+00:00,0.430252400240024,0.0,0.00313871817383665,0.5023809523809524
2021-11-08 00:30:00+00:00,0.4307493249324932,0.0,0.0031167690956979,0.4818181818181818
2021-11-08 00:45:00+00:00,0.43124624962496244,0.0,0.0030948200175591996,0.46125541125541125
2021-11-08 01:00:00+00:00,0.4317431743174317,0.0,0.0030728709394205,0.4406926406926407
2021-11-08 01:15:00+00:00,0.4320619561956195,0.0,0.0030728709394205,0.4385281385281385
2021-11-08 01:30:00+00:00,0.4323807380738073,0.0,0.0030728709394205,0.4363636363636363
2021-11-08 01:45:00+00:00,0.4326995199519951,0.0,0.0030728709394205,0.43419913419913414
2021-11-08 02:00:00+00:00,0.433018301830183,0.0,0.0030728709394205,0.432034632034632
2021-11-08 02:15:00+00:00,0.43077745274527446,0.0,0.0030728709394205,0.432034632034632
2021-11-08 02:30:00+00:00,0.4285366036603659,0.0,0.0030728709394205,0.432034632034632
2021-11-08 02:45:00+00:00,0.42629575457545743,0.0,0.0030728709394205,0.432034632034632
2021-11-08 03:00:00+00:00,0.424054905490549,0.0,0.0030728709394205,0.432034632034632
2021-11-08 03:15:00+00:00,0.4250112511251124,0.0,0.0030728709394205,0.4478354978354978
2021-11-08 03:30:00+00:00,0.4259675967596759,0.0,0.0030728709394205,0.4636363636363636
2021-11-08 03:45:00+00:00,0.42692394239423936,0.0,0.0030728709394205,0.47943722943722944
2021-11-08 04:00:00+00:00,0.4278802880288029,0.0,0.0030728709394205,0.4952380952380952
2021-11-08 04:15:00+00:00,0.4288647614761476,0.0,0.0030728709394205,0.491991341991342
2021-11-08 04:30:00+00:00,0.4298492349234923,0.0,0.0030728709394205,0.4887445887445887
2021-11-08 04:45:00+00:00,0.43083370837083707,0.0,0.0030728709394205,0.4854978354978355
2021-11-08 05:00:00+00:00,0.4318181818181818,0.0,0.0030728709394205,0.4822510822510822
2021-11-08 05:15:00+00:00,0.43364648964896485,0.0,0.00329236172080765,0.4861471861471861
2021-11-08 05:30:00+00:00,0.4354747974797479,0.0,0.0035118525021948,0.49004329004329
2021-11-08 05:45:00+00:00,0.437303105310531,0.0,0.0037313432835819997,0.4939393939393939
2021-11-08 06:00:00+00:00,0.4391314131413141,0.0,0.0039508340649692,0.4978354978354978
2021-11-08 06:15:00+00:00,0.4378562856285628,0.0,0.0317383669885864,0.4993506493506493
2021-11-08 06:30:00+00:00,0.4365811581158115,0.0,0.0595258999122036,0.5008658008658008
2021-11-08 06:45:00+00:00,0.4353060306030603,0.0,0.08731343283582084,0.5023809523809524
2021-11-08 07:00:00+00:00,0.434030903090309,0.0,0.1151009657594381,0.5038961038961038
2021-11-08 07:15:00+00:00,0.4291179117911791,0.0,0.19694907813871815,0.493073593073593
2021-11-08 07:30:00+00:00,0.4242049204920491,0.0,0.2787971905179982,0.4822510822510822
2021-11-08 07:45:00+00:00,0.41929192919291924,0.0,0.36064530289727825,0.4714285714285714
2021-11-08 08:00:00+00:00,0.4143789378937894,0.0,0.4424934152765584,0.4606060606060606
2021-11-08 08:15:00+00:00,0.40990661566156616,0.0,0.5004389815627743,0.4679653679653679
2021-11-08 08:30:00+00:00,0.4054342934293429,0.0,0.5583845478489904,0.4753246753246752
2021-11-08 08:45:00+00:00,0.4009619711971196,0.0,0.6163301141352063,0.4826839826839826
2021-11-08 09:00:00+00:00,0.3964896489648964,0.0,0.6742756804214223,0.49004329004329
2021-11-08 09:15:00+00:00,0.3962364986498649,0.0,0.6998244073748903,0.47857142857142854
2021-11-08 09:30:00+00:00,0.3959833483348334,0.0,0.7253731343283583,0.467099567099567
2021-11-08 09:45:00+00:00,0.3957301980198019,0.0,0.7509218612818263,0.45562770562770555
2021-11-08 10:00:00+00:00,0.3954770477047705,0.0,0.7764705882352941,0.4441558441558441
2021-11-08 10:15:00+00:00,0.39797104710471043,0.0,0.7820456540825285,0.4504329004329004
2021-11-08 10:30:00+00:00,0.4004650465046504,0.0,0.7876207199297629,0.4567099567099567
2021-11-08 10:45:00+00:00,0.4029590459045904,0.0,0.7931957857769973,0.46298701298701295
2021-11-08 11:00:00+00:00,0.4054530453045304,0.0,0.7987708516242318,0.4692640692640693
2021-11-08 11:15:00+00:00,0.4065031503150315,0.0,0.8007462686567164,0.4705627705627705
2021-11-08 11:30:00+00:00,0.4075532553255325,0.0,0.802721685689201,0.4718614718614718
2021-11-08 11:45:00+00:00,0.4086033603360335,0.0,0.8046971027216856,0.4731601731601731
2021-11-08 12:00:00+00:00,0.4096534653465346,0.0,0.8066725197541703,0.4744588744588744
2021-11-08 12:15:00+00:00,0.4093534353435343,0.0,0.8063213345039508,0.479004329004329
2021-11-08 12:30:00+00:00,0.409053405340534,0.0,0.8059701492537313,0.4835497835497835
2021-11-08 12:45:00+00:00,0.40875337533753375,0.0,0.8056189640035119,0.488095238095238
2021-11-08 13:00:00+00:00,0.4084533453345335,0.0,0.8052677787532924,0.4926406926406926
2021-11-08 13:15:00+00:00,0.4089690219021902,0.0,0.7950395083406496,0.5041125541125541
2021-11-08 13:30:00+00:00,0.409484698469847,0.0,0.784811237928007,0.5155844155844156
2021-11-08 13:45:00+00:00,0.41000037503750375,0.0,0.7745829675153644,0.527056277056277
2021-11-08 14:00:00+00:00,0.4105160516051605,0.0,0.7643546971027216,0.5385281385281385
2021-11-08 14:15:00+00:00,0.4130006750675067,0.0,0.7172958735733099,0.5333333333333333
2021-11-08 14:30:00+00:00,0.4154852985298529,0.0,0.6702370500438981,0.5281385281385281
2021-11-08 14:45:00+00:00,0.4179699219921992,0.0,0.6231782265144863,0.5229437229437229
2021-11-08 15:00:00+00:00,0.4204545454545454,0.0,0.5761194029850746,0.5177489177489177
2021-11-08 15:15:00+00:00,0.42236723672367227,0.0,0.4833845478489903,0.5346320346320346
2021-11-08 15:30:00+00:00,0.4242799279927992,0.0,0.390649692712906,0.5515151515151515
2021-11-08 15:45:00+00:00,0.42619261926192614,0.0,0.2979148375768217,0.5683982683982685
2021-11-08 16:00:00+00:00,0.4281053105310531,0.0,0.2051799824407374,0.5852813852813853
2021-11-08 16:15:00+00:00,0.4302055205520552,0.0,0.16237928007023694,0.5919913419913421
2021-11-08 16:30:00+00:00,0.4323057305730573,0.0,0.1195785776997365,0.5987012987012987
2021-11-08 16:45:00+00:00,0.4344059405940594,0.0,0.0767778753292361,0.6054112554112554
2021-11-08 17:00:00+00:00,0.4365061506150615,0.0,0.0339771729587357,0.6121212121212121
2021-11-08 17:15:00+00:00,0.4410534803480348,0.0,0.0296751536435469,0.6123376623376623
2021-11-08 17:30:00+00:00,0.4456008100810081,0.0,0.0253731343283581,0.6125541125541125
2021-11-08 17:45:00+00:00,0.4501481398139814,0.0,0.02107111501316935,0.6127705627705627
2021-11-08 18:00:00+00:00,0.4546954695469547,0.0,0.0167690956979806,0.612987012987013
2021-11-08 18:15:00+00:00,0.45552992799279923,0.0,0.014310798946444152,0.6155844155844156
2021-11-08 18:30:00+00:00,0.4563643864386438,0.0,0.0118525021949077,0.6181818181818182
2021-11-08 18:45:00+00:00,0.45719884488448836,0.0,0.0093942054433713,0.6207792207792208
2021-11-08 19:00:00+00:00,0.458033303330333,0.0,0.0069359086918349,0.6233766233766234
2021-11-08 19:15:00+00:00,0.45711446144614454,0.0,0.0067164179104477004,0.6248917748917748
2021-11-08 19:30:00+00:00,0.4561956195619561,0.0,0.0064969271290605,0.6264069264069264
2021-11-08 19:45:00+00:00,0.4552767776777677,0.0,0.006277436347673349,0.627922077922078
2021-11-08 20:00:00+00:00,0.4543579357935793,0.0,0.0060579455662862,0.6294372294372295
2021-11-08 20:15:00+00:00,0.45261401140114005,0.0,0.0060579455662862,0.6264069264069264
2021-11-08 20:30:00+00:00,0.4508700870087008,0.0,0.0060579455662862,0.6233766233766234
2021-11-08 20:45:00+00:00,0.4491261626162616,0.0,0.0060579455662862,0.6203463203463203
2021-11-08 21:00:00+00:00,0.4473822382238224,0.0,0.0060579455662862,0.6173160173160173
2021-11-08 21:15:00+00:00,0.4432474497449745,0.0,0.0060579455662862,0.609090909090909
2021-11-08 21:30:00+00:00,0.4391126612661266,0.0,0.0060579455662862,0.6008658008658008
2021-11-08 21:45:00+00:00,0.43497787278727873,0.0,0.0060579455662862,0.5926406926406926
2021-11-08 22:00:00+00:00,0.4308430843084308,0.0,0.0060579455662862,0.5844155844155844
2021-11-08 22:15:00+00:00,0.4265582808280828,0.0,0.0060798946444248995,0.5558441558441558
2021-11-08 22:30:00+00:00,0.4222734773477348,0.0,0.0061018437225636,0.5272727272727272
2021-11-08 22:45:00+00:00,0.41798867386738675,0.0,0.0061237928007023,0.49870129870129865
2021-11-08 23:00:00+00:00,0.4137038703870387,0.0,0.006145741878841,0.4701298701298701
2021-11-08 23:15:00+00:00,0.4089971497149715,0.0,0.006145741878841,0.46580086580086577
2021-11-08 23:30:00+00:00,0.4042904290429043,0.0,0.006145741878841,0.4614718614718615
2021-11-08 23:45:00+00:00,0.3995837083708371,0.0,0.006145741878841,0.45714285714285713
2021-11-09 00:00:00+00:00,0.3948769876987699,0.0,0.006145741878841,0.4528138528138528
2021-11-09 00:15:00+00:00,0.3906953195319532,0.0,0.0061237928007023,0.4521645021645021
2021-11-09 00:30:00+00:00,0.3865136513651365,0.0,0.0061018437225636,0.4515151515151515
2021-11-09 00:45:00+00:00,0.3823319831983198,0.0,0.0060798946444248995,0.45086580086580086
2021-11-09 01:00:00+00:00,0.3781503150315031,0.0,0.0060579455662862,0.4502164502164502
2021-11-09 01:15:00+00:00,0.37587196219621954,0.0,0.0060579455662862,0.4478354978354978
2021-11-09 01:30:00+00:00,0.373593609360936,0.0,0.0060579455662862,0.4454545454545454
2021-11-09 01:45:00+00:00,0.3713152565256525,0.0,0.0060579455662862,0.44307359307359306
2021-11-09 02:00:00+00:00,0.369036903690369,0.0,0.0060579455662862,0.4406926406926407
2021-11-09 02:15:00+00:00,0.36669291929192915,0.0,0.0060798946444248995,0.44004329004329
2021-11-09 02:30:00+00:00,0.3643489348934893,0.0,0.0061018437225636,0.4393939393939394
2021-11-09 02:45:00+00:00,0.36200495049504944,0.0,0.0061237928007023,0.43874458874458877
2021-11-09 03:00:00+00:00,0.3596609660966096,0.0,0.006145741878841,0.4380952380952381
2021-11-09 03:15:00+00:00,0.35545117011701166,0.0,0.006145741878841,0.43961038961038956
2021-11-09 03:30:00+00:00,0.3512413741374137,0.0,0.006145741878841,0.4411255411255411
2021-11-09 03:45:00+00:00,0.3470315781578157,0.0,0.006145741878841,0.4426406926406926
2021-11-09 04:00:00+00:00,0.3428217821782178,0.0,0.006145741878841,0.4441558441558441
2021-11-09 04:15:00+00:00,0.3442281728172817,0.0,0.006145741878841,0.44632034632034623
2021-11-09 04:30:00+00:00,0.3456345634563456,0.0,0.006145741878841,0.4484848484848484
2021-11-09 04:45:00+00:00,0.3470409540954095,0.0,0.006145741878841,0.4506493506493506
2021-11-09 05:00:00+00:00,0.3484473447344735,0.0,0.006145741878841,0.4528138528138528
2021-11-09 05:15:00+00:00,0.3510257275727573,0.0,0.0062774363476733,0.4567099567099567
2021-11-09 05:30:00+00:00,0.3536041104110411,0.0,0.0064091308165056,0.4606060606060606
2021-11-09 05:45:00+00:00,0.35618249324932494,0.0,0.0065408252853379496,0.4645021645021645
2021-11-09 06:00:00+00:00,0.3587608760876087,0.0,0.0066725197541703,0.4683982683982684
2021-11-09 06:15:00+00:00,0.3581420642064206,0.0,0.03380158033362595,0.4686147186147186
2021-11-09 06:30:00+00:00,0.3575232523252325,0.0,0.0609306409130816,0.4688311688311688
2021-11-09 06:45:00+00:00,0.3569044404440444,0.0,0.08805970149253725,0.46904761904761905
2021-11-09 07:00:00+00:00,0.3562856285628563,0.0,0.1151887620719929,0.4692640692640693
2021-11-09 07:15:00+00:00,0.3541479147914791,0.0,0.19892449517120275,0.46471861471861475
2021-11-09 07:30:00+00:00,0.352010201020102,0.0,0.2826602282704126,0.4601731601731602
2021-11-09 07:45:00+00:00,0.3498724872487249,0.0,0.36639596136962244,0.4556277056277056
2021-11-09 08:00:00+00:00,0.3477347734773477,0.0,0.4501316944688323,0.4510822510822511
2021-11-09 08:15:00+00:00,0.3421279627962796,0.0,0.5090430201931518,0.45346320346320346
2021-11-09 08:30:00+00:00,0.3365211521152115,0.0,0.5679543459174714,0.4558441558441558
2021-11-09 08:45:00+00:00,0.3309143414341434,0.0,0.626865671641791,0.4582251082251082
2021-11-09 09:00:00+00:00,0.3253075307530753,0.0,0.6857769973661106,0.4606060606060606
2021-11-09 09:15:00+00:00,0.3211727422742273,0.0,0.710513608428446,0.4599567099567099
2021-11-09 09:30:00+00:00,0.3170379537953794,0.0,0.7352502194907814,0.4593073593073593
2021-11-09 09:45:00+00:00,0.31290316531653156,0.0,0.7599868305531168,0.45865800865800865
2021-11-09 10:00:00+00:00,0.3087683768376837,0.0,0.7847234416154522,0.458008658008658
2021-11-09 10:15:00+00:00,0.302364611461146,0.0,0.7876426690079017,0.4554112554112554
2021-11-09 10:30:00+00:00,0.2959608460846084,0.0,0.7905618964003511,0.4528138528138528
2021-11-09 10:45:00+00:00,0.28955708070807074,0.0,0.7934811237928007,0.4502164502164502
2021-11-09 11:00:00+00:00,0.2831533153315331,0.0,0.7964003511852502,0.4476190476190476
2021-11-09 11:15:00+00:00,0.2762338733873386,0.0,0.793612818261633,0.4476190476190476
2021-11-09 11:30:00+00:00,0.2693144314431442,0.0,0.7908252853380158,0.4476190476190476
2021-11-09 11:45:00+00:00,0.26239498949894985,0.0,0.7880377524143987,0.4476190476190476
2021-11-09 12:00:00+00:00,0.2554755475547555,0.0,0.7852502194907814,0.4476190476190476
2021-11-09 12:15:00+00:00,0.2501500150015001,0.0,0.7839771729587357,0.4478354978354978
2021-11-09 12:30:00+00:00,0.2448244824482447,0.0,0.7827041264266901,0.448051948051948
2021-11-09 12:45:00+00:00,0.2394989498949894,0.0,0.7814310798946444,0.44826839826839826
2021-11-09 13:00:00+00:00,0.2341734173417341,0.0,0.7801580333625988,0.4484848484848485
2021-11-09 13:15:00+00:00,0.2281071857185718,0.0,0.7708955223880597,0.45476190476190476
2021-11-09 13:30:00+00:00,0.2220409540954095,0.0,0.7616330114135206,0.461038961038961
2021-11-09 13:45:00+00:00,0.2159747224722472,0.0,0.7523705004389816,0.46731601731601724
2021-11-09 14:00:00+00:00,0.2099084908490849,0.0,0.7431079894644425,0.4735930735930735
2021-11-09 14:15:00+00:00,0.20418916891689165,0.0,0.6961150131694469,0.47857142857142854
2021-11-09 14:30:00+00:00,0.1984698469846984,0.0,0.6491220368744512,0.4835497835497835
2021-11-09 14:45:00+00:00,0.1927505250525052,0.0,0.6021290605794556,0.4885281385281385
2021-11-09 15:00:00+00:00,0.187031203120312,0.0,0.55513608428446,0.4935064935064935
2021-11-09 15:15:00+00:00,0.18584045904590454,0.0,0.46558384547848986,0.5
2021-11-09 15:30:00+00:00,0.1846497149714971,0.0,0.3760316066725197,0.5064935064935064
2021-11-09 15:45:00+00:00,0.18345897089708965,0.0,0.2864793678665496,0.5129870129870129
2021-11-09 16:00:00+00:00,0.1822682268226822,0.0,0.1969271290605794,0.5194805194805194
2021-11-09 16:15:00+00:00,0.18659053405340525,0.0,0.15812115891132567,0.5316017316017316
2021-11-09 16:30:00+00:00,0.1909128412841283,0.0,0.1193151887620719,0.5437229437229437
2021-11-09 16:45:00+00:00,0.1952351485148514,0.0,0.08050921861281819,0.5558441558441558
2021-11-09 17:00:00+00:00,0.1995574557455745,0.0,0.0417032484635645,0.567965367965368
2021-11-09 17:15:00+00:00,0.20291404140414038,0.0,0.0372695346795434,0.5632034632034633
2021-11-09 17:30:00+00:00,0.2062706270627062,0.0,0.0328358208955223,0.5584415584415585
2021-11-09 17:45:00+00:00,0.2096272127212721,0.0,0.02840210711150125,0.5536796536796538
2021-11-09 18:00:00+00:00,0.212983798379838,0.0,0.0239683933274802,0.5489177489177489
2021-11-09 18:15:00+00:00,0.215243399339934,0.0,0.02078577699736605,0.5443722943722944
2021-11-09 18:30:00+00:00,0.21750300030003,0.0,0.0176031606672519,0.5398268398268398
2021-11-09 18:45:00+00:00,0.219762601260126,0.0,0.0144205443371378,0.5352813852813852
2021-11-09 19:00:00+00:00,0.222022202220222,0.0,0.0112379280070237,0.5307359307359307
2021-11-09 19:15:00+00:00,0.22243474347434739,0.0,0.0108867427568042,0.5272727272727272
2021-11-09 19:30:00+00:00,0.2228472847284728,0.0,0.0105355575065847,0.5238095238095237
2021-11-09 19:45:00+00:00,0.2232598259825982,0.0,0.0101843722563652,0.5203463203463203
2021-11-09 20:00:00+00:00,0.2236723672367236,0.0,0.0098331870061457,0.5168831168831168
2021-11-09 20:15:00+00:00,0.2243661866186618,0.0,0.00981123792800695,0.5177489177489176
2021-11-09 20:30:00+00:00,0.2250600060006,0.0,0.0097892888498682,0.5186147186147185
2021-11-09 20:45:00+00:00,0.2257538253825382,0.0,0.0097673397717295,0.5194805194805194
2021-11-09 21:00:00+00:00,0.2264476447644764,0.0,0.0097453906935908,0.5203463203463203
2021-11-09 21:15:00+00:00,0.2259600960096009,0.0,0.0097453906935908,0.5119047619047619
2021-11-09 21:30:00+00:00,0.2254725472547254,0.0,0.0097453906935908,0.5034632034632034
2021-11-09 21:45:00+00:00,0.22498499849984993,0.0,0.0097453906935908,0.4950216450216449
2021-11-09 22:00:00+00:00,0.2244974497449745,0.0,0.0097453906935908,0.4865800865800865
2021-11-09 22:15:00+00:00,0.222294104410441,0.0,0.0097453906935908,0.47835497835497826
2021-11-09 22:30:00+00:00,0.2200907590759075,0.0,0.0097453906935908,0.47012987012987
2021-11-09 22:45:00+00:00,0.21788741374137405,0.0,0.0097453906935908,0.4619047619047618
2021-11-09 23:00:00+00:00,0.2156840684068406,0.0,0.0097453906935908,0.4536796536796537
2021-11-09 23:15:00+00:00,0.2119899489948994,0.0,0.0097453906935908,0.4502164502164502
2021-11-09 23:30:00+00:00,0.2082958295829582,0.0,0.0097453906935908,0.4467532467532467
2021-11-09 23:45:00+00:00,0.20460171017101705,0.0,0.0097453906935908,0.44329004329004323
2021-11-10 00:00:00+00:00,0.2009075907590759,0.0,0.0097453906935908,0.4398268398268398
2021-11-10 00:15:00+00:00,0.19450382538253827,0.0,0.0097453906935908,0.4409090909090908
2021-11-10 00:30:00+00:00,0.1881000600060006,0.0,0.0097453906935908,0.4419913419913419
2021-11-10 00:45:00+00:00,0.18169629462946296,0.0,0.0097453906935908,0.44307359307359295
2021-11-10 01:00:00+00:00,0.1752925292529253,0.0,0.0097453906935908,0.4441558441558441
2021-11-10 01:15:00+00:00,0.1728454095409541,0.0,0.0097673397717295,0.44199134199134194
2021-11-10 01:30:00+00:00,0.1703982898289829,0.0,0.0097892888498682,0.4398268398268398
2021-11-10 01:45:00+00:00,0.1679511701170117,0.0,0.00981123792800695,0.43766233766233764
2021-11-10 02:00:00+00:00,0.1655040504050405,0.0,0.0098331870061457,0.4354978354978355
2021-11-10 02:15:00+00:00,0.16453832883288325,0.0,0.0098331870061457,0.43528138528138527
2021-11-10 02:30:00+00:00,0.163572607260726,0.0,0.0098331870061457,0.435064935064935
2021-11-10 02:45:00+00:00,0.1626068856885688,0.0,0.0098331870061457,0.4348484848484848
2021-11-10 03:00:00+00:00,0.1616411641164116,0.0,0.0098331870061457,0.4346320346320346
2021-11-10 03:15:00+00:00,0.15912841284128404,0.0,0.0098331870061457,0.435064935064935
2021-11-10 03:30:00+00:00,0.1566156615661565,0.0,0.0098331870061457,0.4354978354978354
2021-11-10 03:45:00+00:00,0.15410291029102904,0.0,0.0098331870061457,0.43593073593073584
2021-11-10 04:00:00+00:00,0.1515901590159016,0.0,0.0098331870061457,0.4363636363636363
2021-11-10 04:15:00+00:00,0.14827107710771076,0.0,0.0098331870061457,0.4376623376623376
2021-11-10 04:30:00+00:00,0.1449519951995199,0.0,0.0098331870061457,0.4389610389610389
2021-11-10 04:45:00+00:00,0.1416329132913291,0.0,0.0098331870061457,0.4402597402597402
2021-11-10 05:00:00+00:00,0.1383138313831383,0.0,0.0098331870061457,0.4415584415584415
2021-11-10 05:15:00+00:00,0.13360711071107106,0.0,0.0098551360842844,0.4638528138528138
2021-11-10 05:30:00+00:00,0.1289003900390038,0.0,0.0098770851624231,0.4861471861471861
2021-11-10 05:45:00+00:00,0.1241936693669366,0.0,0.00989903424056185,0.5084415584415585
2021-11-10 06:00:00+00:00,0.1194869486948694,0.0,0.0099209833187006,0.5307359307359307
2021-11-10 06:15:00+00:00,0.1177055205520551,0.0,0.031233538191395946,0.5177489177489177
2021-11-10 06:30:00+00:00,0.1159240924092408,0.0,0.0525460930640913,0.5047619047619047
2021-11-10 06:45:00+00:00,0.11414266426642655,0.0,0.07385864793678665,0.49177489177489175
2021-11-10 07:00:00+00:00,0.1123612361236123,0.0,0.095171202809482,0.4787878787878787
2021-11-10 07:15:00+00:00,0.10948282328232815,0.0,0.1670324846356453,0.4748917748917748
2021-11-10 07:30:00+00:00,0.106604410441044,0.0,0.2388937664618086,0.4709956709956709
2021-11-10 07:45:00+00:00,0.1037259975997599,0.0,0.3107550482879719,0.467099567099567
2021-11-10 08:00:00+00:00,0.1008475847584758,0.0,0.3826163301141352,0.4632034632034632
2021-11-10 08:15:00+00:00,0.09566269126912685,0.0,0.44089113257243195,0.4627705627705627
2021-11-10 08:30:00+00:00,0.0904777977797779,0.0,0.4991659350307287,0.4623376623376623
2021-11-10 08:45:00+00:00,0.08529290429042899,0.0,0.5574407374890255,0.46190476190476193
2021-11-10 09:00:00+00:00,0.0801080108010801,0.0,0.6157155399473222,0.4614718614718615
2021-11-10 09:15:00+00:00,0.0766201620162016,0.0,0.6447322212467076,0.4614718614718615
2021-11-10 09:30:00+00:00,0.0731323132313231,0.0,0.673748902546093,0.4614718614718615
2021-11-10 09:45:00+00:00,0.06964446444644459,0.0,0.7027655838454785,0.4614718614718615
2021-11-10 10:00:00+00:00,0.0661566156615661,0.0,0.7317822651448639,0.4614718614718615
2021-11-10 10:15:00+00:00,0.0636813681368136,0.0,0.737928007023705,0.4588744588744589
2021-11-10 10:30:00+00:00,0.0612061206120611,0.0,0.7440737489025461,0.4562770562770563
2021-11-10 10:45:00+00:00,0.05873087308730865,0.0,0.7502194907813872,0.4536796536796537
2021-11-10 11:00:00+00:00,0.0562556255625562,0.0,0.7563652326602283,0.4510822510822511
2021-11-10 11:15:00+00:00,0.05803705370537045,0.0,0.7573090430201932,0.44805194805194803
2021-11-10 11:30:00+00:00,0.0598184818481847,0.0,0.758252853380158,0.445021645021645
2021-11-10 11:45:00+00:00,0.061599909990999006,0.0,0.759196663740123,0.44199134199134194
2021-11-10 12:00:00+00:00,0.0633813381338133,0.0,0.7601404741000878,0.4389610389610389
2021-11-10 12:15:00+00:00,0.067834908490849,0.0,0.7582967515364355,0.43701298701298696
2021-11-10 12:30:00+00:00,0.0722884788478847,0.0,0.7564530289727831,0.435064935064935
2021-11-10 12:45:00+00:00,0.07674204920492045,0.0,0.7546093064091308,0.433116883116883
2021-11-10 13:00:00+00:00,0.0811956195619562,0.0,0.7527655838454785,0.4311688311688311
2021-11-10 13:15:00+00:00,0.08763688868886885,0.0,0.7429982440737489,0.4298701298701298
2021-11-10 13:30:00+00:00,0.0940781578157815,0.0,0.7332309043020193,0.4285714285714285
2021-11-10 13:45:00+00:00,0.1005194269426942,0.0,0.7234635645302897,0.4272727272727272
2021-11-10 14:00:00+00:00,0.1069606960696069,0.0,0.7136962247585601,0.4259740259740259
2021-11-10 14:15:00+00:00,0.1137957545754575,0.0,0.6697980684811238,0.43095238095238086
2021-11-10 14:30:00+00:00,0.1206308130813081,0.0,0.6258999122036875,0.4359307359307359
2021-11-10 14:45:00+00:00,0.12746587158715872,0.0,0.5820017559262511,0.4409090909090909
2021-11-10 15:00:00+00:00,0.1343009300930093,0.0,0.5381035996488147,0.4458874458874459
2021-11-10 15:15:00+00:00,0.14155790579057906,0.0,0.4502853380158033,0.454112554112554
2021-11-10 15:30:00+00:00,0.1488148814881488,0.0,0.3624670763827919,0.4623376623376622
2021-11-10 15:45:00+00:00,0.15607185718571856,0.0,0.27464881474978053,0.47056277056277046
2021-11-10 16:00:00+00:00,0.1633288328832883,0.0,0.1868305531167691,0.4787878787878787
2021-11-10 16:15:00+00:00,0.17240474047404736,0.0,0.1478270412642669,0.4999999999999999
2021-11-10 16:30:00+00:00,0.1814806480648064,0.0,0.1088235294117647,0.5212121212121211
2021-11-10 16:45:00+00:00,0.1905565556555655,0.0,0.0698200175592625,0.5424242424242424
2021-11-10 17:00:00+00:00,0.1996324632463246,0.0,0.0308165057067603,0.5636363636363636
2021-11-10 17:15:00+00:00,0.20420792079207917,0.0,0.025636523266022802,0.5593073593073592
2021-11-10 17:30:00+00:00,0.2087833783378337,0.0,0.0204565408252853,0.5549783549783549
2021-11-10 17:45:00+00:00,0.21335883588358828,0.0,0.0152765583845478,0.5506493506493506
2021-11-10 18:00:00+00:00,0.2179342934293429,0.0,0.0100965759438103,0.5463203463203463
2021-11-10 18:15:00+00:00,0.21645289528952888,0.0,0.008340649692712851,0.548051948051948
2021-11-10 18:30:00+00:00,0.2149714971497149,0.0,0.0065847234416154,0.5497835497835497
2021-11-10 18:45:00+00:00,0.21349009900990096,0.0,0.00482879719051795,0.5515151515151515
2021-11-10 19:00:00+00:00,0.212008700870087,0.0,0.0030728709394205,0.5532467532467532
2021-11-10 19:15:00+00:00,0.2079864236423642,0.0,0.0030728709394205,0.5582251082251082
2021-11-10 19:30:00+00:00,0.2039641464146414,0.0,0.0030728709394205,0.5632034632034633
2021-11-10 19:45:00+00:00,0.19994186918691864,0.0,0.0030728709394205,0.5681818181818182
2021-11-10 20:00:00+00:00,0.1959195919591959,0.0,0.0030728709394205,0.5731601731601732
2021-11-10 20:15:00+00:00,0.19198169816981694,0.0,0.0030509218612817498,0.5517316017316017
2021-11-10 20:30:00+00:00,0.188043804380438,0.0,0.003028972783143,0.5303030303030303
2021-11-10 20:45:00+00:00,0.18410591059105905,0.0,0.0030070237050043,0.5088744588744588
2021-11-10 21:00:00+00:00,0.1801680168016801,0.0,0.0029850746268656,0.4874458874458874
2021-11-10 21:15:00+00:00,0.17611761176117605,0.0,0.0029850746268656,0.48203463203463204
2021-11-10 21:30:00+00:00,0.172067206720672,0.0,0.0029850746268656,0.4766233766233766
2021-11-10 21:45:00+00:00,0.16801680168016794,0.0,0.0029850746268656,0.4712121212121212
2021-11-10 22:00:00+00:00,0.1639663966396639,0.0,0.0029850746268656,0.4658008658008658
2021-11-10 22:15:00+00:00,0.16282253225322524,0.0,0.0029850746268656,0.45779220779220775
2021-11-10 22:30:00+00:00,0.1616786678667866,0.0,0.0029850746268656,0.4497835497835497
2021-11-10 22:45:00+00:00,0.160534803480348,0.0,0.0029850746268656,0.4417748917748917
2021-11-10 23:00:00+00:00,0.1593909390939094,0.0,0.0029850746268656,0.4337662337662337
2021-11-10 23:15:00+00:00,0.1591940444044404,0.0,0.0030070237050043,0.43073593073593064
2021-11-10 23:30:00+00:00,0.1589971497149714,0.0,0.003028972783143,0.4277056277056276
2021-11-10 23:45:00+00:00,0.1588002550255025,0.0,0.0030509218612817498,0.4246753246753246
2021-11-11 00:00:00+00:00,0.1586033603360336,0.0,0.0030728709394205,0.4216450216450216
2021-11-11 00:15:00+00:00,0.15851897689768973,0.0,0.0030509218612817498,0.41666666666666663
2021-11-11 00:30:00+00:00,0.1584345934593459,0.0,0.003028972783143,0.4116883116883116
2021-11-11 00:45:00+00:00,0.15835021002100205,0.0,0.0030070237050043,0.4067099567099567
2021-11-11 01:00:00+00:00,0.1582658265826582,0.0,0.0029850746268656,0.4017316017316017
2021-11-11 01:15:00+00:00,0.15366224122412236,0.0,0.0029850746268656,0.40021645021645014
2021-11-11 01:30:00+00:00,0.1490586558655865,0.0,0.0029850746268656,0.3987012987012986
2021-11-11 01:45:00+00:00,0.14445507050705064,0.0,0.0029850746268656,0.39718614718614714
2021-11-11 02:00:00+00:00,0.1398514851485148,0.0,0.0029850746268656,0.3956709956709957
2021-11-11 02:15:00+00:00,0.14070469546954692,0.0,0.0029850746268656,0.3948051948051948
2021-11-11 02:30:00+00:00,0.141557905790579,0.0,0.0029850746268656,0.3939393939393939
2021-11-11 02:45:00+00:00,0.1424111161116111,0.0,0.0029850746268656,0.3930735930735931
2021-11-11 03:00:00+00:00,0.1432643264326432,0.0,0.0029850746268656,0.3922077922077922
2021-11-11 03:15:00+00:00,0.141595409540954,0.0,0.0029850746268656,0.3922077922077922
2021-11-11 03:30:00+00:00,0.1399264926492648,0.0,0.0029850746268656,0.3922077922077922
2021-11-11 03:45:00+00:00,0.1382575757575757,0.0,0.0029850746268656,0.3922077922077922
2021-11-11 04:00:00+00:00,0.1365886588658866,0.0,0.0029850746268656,0.3922077922077922
2021-11-11 04:15:00+00:00,0.13375712571257126,0.0,0.0030070237050043,0.3926406926406927
2021-11-11 04:30:00+00:00,0.1309255925592559,0.0,0.003028972783143,0.3930735930735931
2021-11-11 04:45:00+00:00,0.12809405940594054,0.0,0.0030509218612817498,0.39350649350649347
2021-11-11 05:00:00+00:00,0.1252625262526252,0.0,0.0030728709394205,0.3939393939393939
2021-11-11 05:15:00+00:00,0.12293729372937286,0.0,0.00316066725197535,0.3969696969696969
2021-11-11 05:30:00+00:00,0.1206120612061205,0.0,0.0032484635645302,0.3999999999999999
2021-11-11 05:45:00+00:00,0.1182868286828682,0.0,0.0033362598770851,0.40303030303030296
2021-11-11 06:00:00+00:00,0.1159615961596159,0.0,0.00342405618964,0.406060606060606
2021-11-11 06:15:00+00:00,0.1137488748874887,0.0,0.0201053555750658,0.40779220779220776
2021-11-11 06:30:00+00:00,0.1115361536153615,0.0,0.0367866549604916,0.4095238095238095
2021-11-11 06:45:00+00:00,0.1093234323432343,0.0,0.053467954345917404,0.41125541125541126
2021-11-11 07:00:00+00:00,0.1071107110711071,0.0,0.0701492537313432,0.412987012987013
2021-11-11 07:15:00+00:00,0.10175705070507046,0.0,0.14534679543459167,0.4108225108225108
2021-11-11 07:30:00+00:00,0.0964033903390338,0.0,0.2205443371378401,0.4086580086580086
2021-11-11 07:45:00+00:00,0.0910497299729972,0.0,0.2957418788410886,0.40649350649350646
2021-11-11 08:00:00+00:00,0.0856960696069606,0.0,0.3709394205443371,0.4043290043290043
2021-11-11 08:15:00+00:00,0.0816831683168316,0.0,0.42183933274802454,0.4032467532467532
2021-11-11 08:30:00+00:00,0.0776702670267026,0.0,0.472739244951712,0.4021645021645021
2021-11-11 08:45:00+00:00,0.07365736573657361,0.0,0.5236391571553994,0.40108225108225104
2021-11-11 09:00:00+00:00,0.0696444644464446,0.0,0.5745390693590869,0.4
2021-11-11 09:15:00+00:00,0.06730048004800476,0.0,0.5991000877963126,0.39891774891774895
2021-11-11 09:30:00+00:00,0.0649564956495649,0.0,0.6236611062335382,0.3978354978354979
2021-11-11 09:45:00+00:00,0.06261251125112505,0.0,0.6482221246707638,0.39675324675324675
2021-11-11 10:00:00+00:00,0.0602685268526852,0.0,0.6727831431079895,0.3956709956709957
2021-11-11 10:15:00+00:00,0.057605760576057555,0.0,0.6760535557506584,0.3974025974025974
2021-11-11 10:30:00+00:00,0.0549429942994299,0.0,0.6793239683933274,0.3991341991341991
2021-11-11 10:45:00+00:00,0.05228022802280225,0.0,0.6825943810359965,0.40086580086580087
2021-11-11 11:00:00+00:00,0.0496174617461746,0.0,0.6858647936786655,0.4025974025974026
2021-11-11 11:15:00+00:00,0.04863298829882985,0.0,0.6856892010535558,0.4012987012987013
2021-11-11 11:30:00+00:00,0.0476485148514851,0.0,0.685513608428446,0.4
2021-11-11 11:45:00+00:00,0.04666404140414035,0.0,0.6853380158033362,0.3987012987012987
2021-11-11 12:00:00+00:00,0.0456795679567956,0.0,0.6851624231782265,0.3974025974025974
2021-11-11 12:15:00+00:00,0.0462046204620461,0.0,0.6827260755048288,0.3958874458874459
2021-11-11 12:30:00+00:00,0.0467296729672966,0.0,0.680289727831431,0.3943722943722944
2021-11-11 12:45:00+00:00,0.04725472547254715,0.0,0.6778533801580333,0.39285714285714285
2021-11-11 13:00:00+00:00,0.0477797779777977,0.0,0.6754170324846357,0.3913419913419913
2021-11-11 13:15:00+00:00,0.04845484548454835,0.0,0.6611720807726076,0.3904761904761904
2021-11-11 13:30:00+00:00,0.049129912991299,0.0,0.6469271290605795,0.3896103896103896
2021-11-11 13:45:00+00:00,0.0498049804980497,0.0,0.6326821773485514,0.3887445887445887
2021-11-11 14:00:00+00:00,0.0504800480048004,0.0,0.6184372256365233,0.3878787878787879
2021-11-11 14:15:00+00:00,0.050826957695769504,0.0,0.5759877085162424,0.38982683982683985
2021-11-11 14:30:00+00:00,0.0511738673867386,0.0,0.5335381913959614,0.3917748917748918
2021-11-11 14:45:00+00:00,0.0515207770777077,0.0,0.4910886742756804,0.3937229437229437
2021-11-11 15:00:00+00:00,0.0518676867686768,0.0,0.4486391571553995,0.3956709956709957
2021-11-11 15:15:00+00:00,0.053536603660365945,0.0,0.3708955223880597,0.41168831168831166
2021-11-11 15:30:00+00:00,0.0552055205520551,0.0,0.2931518876207198,0.4277056277056277
2021-11-11 15:45:00+00:00,0.0568744374437443,0.0,0.21540825285338006,0.44372294372294374
2021-11-11 16:00:00+00:00,0.0585433543354335,0.0,0.1376646180860403,0.4597402597402597
2021-11-11 16:15:00+00:00,0.062218721872187153,0.0,0.10871378402107106,0.4781385281385281
2021-11-11 16:30:00+00:00,0.0658940894089408,0.0,0.0797629499561018,0.4965367965367965
2021-11-11 16:45:00+00:00,0.0695694569456945,0.0,0.05081211589113255,0.5149350649350649
2021-11-11 17:00:00+00:00,0.0732448244824482,0.0,0.0218612818261633,0.5333333333333333
2021-11-11 17:15:00+00:00,0.07466059105910586,0.0,0.017756804214223,0.5259740259740259
2021-11-11 17:30:00+00:00,0.0760763576357635,0.0,0.0136523266022827,0.5186147186147185
2021-11-11 17:45:00+00:00,0.07749212421242119,0.0,0.0095478489903424,0.5112554112554112
2021-11-11 18:00:00+00:00,0.0789078907890789,0.0,0.0054433713784021,0.5038961038961038
2021-11-11 18:15:00+00:00,0.0791610411041104,0.0,0.0046093064091308,0.5075757575757576
2021-11-11 18:30:00+00:00,0.0794141914191419,0.0,0.0037752414398595,0.5112554112554113
2021-11-11 18:45:00+00:00,0.07966734173417339,0.0,0.0029411764705881997,0.5149350649350649
2021-11-11 19:00:00+00:00,0.0799204920492049,0.0,0.0021071115013169,0.5186147186147186
2021-11-11 19:15:00+00:00,0.081551905190519,0.0,0.0020851624231781503,0.5088744588744589
2021-11-11 19:30:00+00:00,0.0831833183318331,0.0,0.0020632133450394,0.4991341991341991
2021-11-11 19:45:00+00:00,0.08481473147314725,0.0,0.0020412642669007004,0.4893939393939394
2021-11-11 20:00:00+00:00,0.0864461446144614,0.0,0.002019315188762,0.4796536796536796
2021-11-11 20:15:00+00:00,0.0868399339933993,0.0,0.0020412642669007004,0.4692640692640693
2021-11-11 20:30:00+00:00,0.0872337233723372,0.0,0.0020632133450394,0.4588744588744589
2021-11-11 20:45:00+00:00,0.0876275127512751,0.0,0.0020851624231781503,0.4484848484848485
2021-11-11 21:00:00+00:00,0.088021302130213,0.0,0.0021071115013169,0.4380952380952381
2021-11-11 21:15:00+00:00,0.0878150315031503,0.0,0.0021290605794556,0.430952380952381
2021-11-11 21:30:00+00:00,0.0876087608760876,0.0,0.0021510096575943,0.4238095238095238
2021-11-11 21:45:00+00:00,0.0874024902490249,0.0,0.00217295873573305,0.41666666666666663
2021-11-11 22:00:00+00:00,0.0871962196219622,0.0,0.0021949078138718,0.4095238095238095
2021-11-11 22:15:00+00:00,0.0863617611761176,0.0,0.0022168568920105,0.40649350649350646
2021-11-11 22:30:00+00:00,0.085527302730273,0.0,0.0022388059701492,0.4034632034632034
2021-11-11 22:45:00+00:00,0.08469284428442839,0.0,0.0022607550482879003,0.4004329004329004
2021-11-11 23:00:00+00:00,0.0838583858385838,0.0,0.0022827041264266,0.3974025974025974
2021-11-11 23:15:00+00:00,0.08366149114911485,0.0,0.0022607550482879003,0.39675324675324675
2021-11-11 23:30:00+00:00,0.0834645964596459,0.0,0.0022388059701492,0.3961038961038961
2021-11-11 23:45:00+00:00,0.08326770177017695,0.0,0.0022168568920105,0.3954545454545455
2021-11-12 00:00:00+00:00,0.083070807080708,0.0,0.0021949078138718,0.3948051948051948
2021-11-12 00:15:00+00:00,0.08399902490249014,0.0,0.0021949078138718,0.3926406926406926
2021-11-12 00:30:00+00:00,0.0849272427242723,0.0,0.0021949078138718,0.3904761904761904
2021-11-12 00:45:00+00:00,0.0858554605460545,0.0,0.0021949078138718,0.3883116883116883
2021-11-12 01:00:00+00:00,0.0867836783678367,0.0,0.0021949078138718,0.3861471861471861
2021-11-12 01:15:00+00:00,0.08654927992799269,0.0,0.0021949078138718,0.3848484848484848
2021-11-12 01:30:00+00:00,0.0863148814881487,0.0,0.0021949078138718,0.3835497835497835
2021-11-12 01:45:00+00:00,0.08608048304830475,0.0,0.0021949078138718,0.3822510822510822
2021-11-12 02:00:00+00:00,0.0858460846084608,0.0,0.0021949078138718,0.3809523809523809
2021-11-12 02:15:00+00:00,0.0871587158715871,0.0,0.0021949078138718,0.3783549783549783
2021-11-12 02:30:00+00:00,0.0884713471347134,0.0,0.0021949078138718,0.3757575757575757
2021-11-12 02:45:00+00:00,0.08978397839783975,0.0,0.0021949078138718,0.3731601731601731
2021-11-12 03:00:00+00:00,0.0910966096609661,0.0,0.0021949078138718,0.3705627705627705
2021-11-12 03:15:00+00:00,0.09232485748574855,0.0,0.0021949078138718,0.36991341991341986
2021-11-12 03:30:00+00:00,0.093553105310531,0.0,0.0021949078138718,0.3692640692640692
2021-11-12 03:45:00+00:00,0.0947813531353135,0.0,0.0021949078138718,0.3686147186147185
2021-11-12 04:00:00+00:00,0.096009600960096,0.0,0.0021949078138718,0.3679653679653679
2021-11-12 04:15:00+00:00,0.09834420942094205,0.0,0.0022168568920105,0.36753246753246743
2021-11-12 04:30:00+00:00,0.1006788178817881,0.0,0.0022388059701492,0.367099567099567
2021-11-12 04:45:00+00:00,0.1030134263426342,0.0,0.0022607550482879003,0.3666666666666666
2021-11-12 05:00:00+00:00,0.1053480348034803,0.0,0.0022827041264266,0.3662337662337662
2021-11-12 05:15:00+00:00,0.10854522952295226,0.0,0.00232660228270405,0.37251082251082246
2021-11-12 05:30:00+00:00,0.1117424242424242,0.0,0.0023705004389815,0.3787878787878788
2021-11-12 05:45:00+00:00,0.11493961896189614,0.0,0.0024143985952589497,0.38506493506493505
2021-11-12 06:00:00+00:00,0.1181368136813681,0.0,0.0024582967515364,0.3913419913419913
2021-11-12 06:15:00+00:00,0.1214840234023402,0.0,0.019446883230904252,0.39458874458874454
2021-11-12 06:30:00+00:00,0.1248312331233123,0.0,0.0364354697102721,0.3978354978354978
2021-11-12 06:45:00+00:00,0.1281784428442844,0.0,0.05342405618964,0.40108225108225104
2021-11-12 07:00:00+00:00,0.1315256525652565,0.0,0.0704126426690079,0.4043290043290043
2021-11-12 07:15:00+00:00,0.1286659915991599,0.0,0.1362598770851624,0.40259740259740256
2021-11-12 07:30:00+00:00,0.1258063306330633,0.0,0.2021071115013169,0.4008658008658008
2021-11-12 07:45:00+00:00,0.12294666966696668,0.0,0.26795434591747147,0.3991341991341991
2021-11-12 08:00:00+00:00,0.1200870087008701,0.0,0.333801580333626,0.3974025974025974
2021-11-12 08:15:00+00:00,0.11559593459345929,0.0,0.3854038630377524,0.3961038961038961
2021-11-12 08:30:00+00:00,0.1111048604860485,0.0,0.4370061457418788,0.3948051948051948
2021-11-12 08:45:00+00:00,0.1066137863786378,0.0,0.4886084284460052,0.3935064935064935
2021-11-12 09:00:00+00:00,0.1021227122712271,0.0,0.5402107111501316,0.3922077922077922
2021-11-12 09:15:00+00:00,0.1036228622862286,0.0,0.5613037752414398,0.39155844155844155
2021-11-12 09:30:00+00:00,0.1051230123012301,0.0,0.582396839332748,0.3909090909090909
2021-11-12 09:45:00+00:00,0.10662316231623159,0.0,0.6034899034240562,0.3902597402597402
2021-11-12 10:00:00+00:00,0.1081233123312331,0.0,0.6245829675153644,0.3896103896103896
2021-11-12 10:15:00+00:00,0.1075701320132013,0.0,0.6339991220368744,0.3887445887445887
2021-11-12 10:30:00+00:00,0.1070169516951695,0.0,0.6434152765583845,0.3878787878787878
2021-11-12 10:45:00+00:00,0.1064637713771377,0.0,0.6528314310798946,0.3870129870129869
2021-11-12 11:00:00+00:00,0.1059105910591059,0.0,0.6622475856014047,0.3861471861471861
2021-11-12 11:15:00+00:00,0.10486048604860485,0.0,0.6633669885864794,0.38722943722943715
2021-11-12 11:30:00+00:00,0.1038103810381038,0.0,0.664486391571554,0.3883116883116883
2021-11-12 11:45:00+00:00,0.10276027602760275,0.0,0.6656057945566286,0.3893939393939394
2021-11-12 12:00:00+00:00,0.1017101710171017,0.0,0.6667251975417032,0.3904761904761905
2021-11-12 12:15:00+00:00,0.1032759525952595,0.0,0.6665935030728709,0.3887445887445887
2021-11-12 12:30:00+00:00,0.1048417341734173,0.0,0.6664618086040386,0.387012987012987
2021-11-12 12:45:00+00:00,0.1064075157515751,0.0,0.6663301141352063,0.3852813852813852
2021-11-12 13:00:00+00:00,0.1079732973297329,0.0,0.666198419666374,0.3835497835497835
2021-11-12 13:15:00+00:00,0.10842334233423336,0.0,0.6589113257243195,0.3852813852813852
2021-11-12 13:30:00+00:00,0.1088733873387338,0.0,0.6516242317822651,0.387012987012987
2021-11-12 13:45:00+00:00,0.10932343234323426,0.0,0.6443371378402107,0.3887445887445887
2021-11-12 14:00:00+00:00,0.1097734773477347,0.0,0.6370500438981562,0.3904761904761905
2021-11-12 14:15:00+00:00,0.11147052205220515,0.0,0.5932396839332748,0.3952380952380953
2021-11-12 14:30:00+00:00,0.1131675667566756,0.0,0.5494293239683933,0.4
2021-11-12 14:45:00+00:00,0.11486461146114604,0.0,0.5056189640035118,0.40476190476190477
2021-11-12 15:00:00+00:00,0.1165616561656165,0.0,0.4618086040386304,0.4095238095238095
2021-11-12 15:15:00+00:00,0.12245912091209116,0.0,0.38628182616330115,0.41666666666666663
2021-11-12 15:30:00+00:00,0.1283565856585658,0.0,0.3107550482879719,0.4238095238095238
2021-11-12 15:45:00+00:00,0.13425405040504046,0.0,0.23522827041264266,0.430952380952381
2021-11-12 16:00:00+00:00,0.1401515151515151,0.0,0.1597014925373134,0.4380952380952381
2021-11-12 16:15:00+00:00,0.14801792679267922,0.0,0.1249561018437225,0.4469696969696969
2021-11-12 16:30:00+00:00,0.1558843384338433,0.0,0.0902107111501316,0.4558441558441558
2021-11-12 16:45:00+00:00,0.16375075007500745,0.0,0.05546532045654075,0.46471861471861464
2021-11-12 17:00:00+00:00,0.1716171617161716,0.0,0.0207199297629499,0.4735930735930735
2021-11-12 17:15:00+00:00,0.1770645814581458,0.0,0.01648375768217725,0.47857142857142854
2021-11-12 17:30:00+00:00,0.18251200120012,0.0,0.0122475856014046,0.4835497835497835
2021-11-12 17:45:00+00:00,0.18795942094209422,0.0,0.00801141352063205,0.4885281385281385
2021-11-12 18:00:00+00:00,0.1934068406840684,0.0,0.0037752414398595,0.4935064935064935
2021-11-12 18:15:00+00:00,0.19535703570357035,0.0,0.0035557506584722497,0.4932900432900432
2021-11-12 18:30:00+00:00,0.1973072307230723,0.0,0.003336259877085,0.493073593073593
2021-11-12 18:45:00+00:00,0.19925742574257427,0.0,0.00311676909569785,0.49285714285714277
2021-11-12 19:00:00+00:00,0.2012076207620762,0.0,0.0028972783143107,0.4926406926406926
2021-11-12 19:15:00+00:00,0.2041329132913291,0.0,0.0028972783143107,0.4891774891774891
2021-11-12 19:30:00+00:00,0.207058205820582,0.0,0.0028972783143107,0.4857142857142856
2021-11-12 19:45:00+00:00,0.20998349834983493,0.0,0.0028972783143107,0.48225108225108215
2021-11-12 20:00:00+00:00,0.2129087908790879,0.0,0.0028972783143107,0.4787878787878787
2021-11-12 20:15:00+00:00,0.21123987398739869,0.0,0.0028753292361719997,0.4662337662337661
2021-11-12 20:30:00+00:00,0.2095709570957095,0.0,0.0028533801580333,0.4536796536796535
2021-11-12 20:45:00+00:00,0.20790204020402037,0.0,0.0028314310798946,0.44112554112554103
2021-11-12 21:00:00+00:00,0.2062331233123312,0.0,0.0028094820017559,0.4285714285714285
2021-11-12 21:15:00+00:00,0.20442356735673567,0.0,0.00263388937664615,0.4214285714285714
2021-11-12 21:30:00+00:00,0.2026140114011401,0.0,0.0024582967515364,0.4142857142857142
2021-11-12 21:45:00+00:00,0.20080445544554454,0.0,0.00228270412642665,0.4071428571428571
2021-11-12 22:00:00+00:00,0.198994899489949,0.0,0.0021071115013169,0.4
2021-11-12 22:15:00+00:00,0.19816044104410435,0.0,0.00193151887620715,0.3939393939393939
2021-11-12 22:30:00+00:00,0.1973259825982597,0.0,0.0017559262510974,0.3878787878787878
2021-11-12 22:45:00+00:00,0.19649152415241516,0.0,0.00158033362598765,0.3818181818181817
2021-11-12 23:00:00+00:00,0.1956570657065706,0.0,0.0014047410008779,0.3757575757575757
2021-11-12 23:15:00+00:00,0.19328495349534947,0.0,0.0014047410008779,0.3757575757575757
2021-11-12 23:30:00+00:00,0.1909128412841283,0.0,0.0014047410008779,0.3757575757575757
2021-11-12 23:45:00+00:00,0.1885407290729072,0.0,0.0014047410008779,0.3757575757575757
2021-11-13 00:00:00+00:00,0.1861686168616861,0.0,0.0014047410008779,0.3757575757575757
2021-11-13 00:15:00+00:00,0.1848559855985598,0.0,0.0014047410008779,0.3757575757575757
2021-11-13 00:30:00+00:00,0.1835433543354335,0.0,0.0014047410008779,0.3757575757575757
2021-11-13 00:45:00+00:00,0.1822307230723072,0.0,0.0014047410008779,0.3757575757575757
2021-11-13 01:00:00+00:00,0.1809180918091809,0.0,0.0014047410008779,0.3757575757575757
2021-11-13 01:15:00+00:00,0.1774771227122712,0.0,0.0014047410008779,0.37272727272727263
2021-11-13 01:30:00+00:00,0.1740361536153615,0.0,0.0014047410008779,0.3696969696969696
2021-11-13 01:45:00+00:00,0.1705951845184518,0.0,0.0014047410008779,0.3666666666666666
2021-11-13 02:00:00+00:00,0.1671542154215421,0.0,0.0014047410008779,0.3636363636363636
2021-11-13 02:15:00+00:00,0.16599159915991596,0.0,0.0014047410008779,0.36385281385281376
2021-11-13 02:30:00+00:00,0.1648289828982898,0.0,0.0014047410008779,0.364069264069264
2021-11-13 02:45:00+00:00,0.16366636663666365,0.0,0.0014047410008779,0.3642857142857142
2021-11-13 03:00:00+00:00,0.1625037503750375,0.0,0.0014047410008779,0.3645021645021645
2021-11-13 03:15:00+00:00,0.1641820432043204,0.0,0.0014266900790166001,0.36277056277056274
2021-11-13 03:30:00+00:00,0.1658603360336033,0.0,0.0014486391571553,0.361038961038961
2021-11-13 03:45:00+00:00,0.16753862886288626,0.0,0.00147058823529405,0.3593073593073593
2021-11-13 04:00:00+00:00,0.1692169216921692,0.0,0.0014925373134328,0.3575757575757576
2021-11-13 04:15:00+00:00,0.17189843984398434,0.0,0.0014925373134328,0.3567099567099567
2021-11-13 04:30:00+00:00,0.1745799579957995,0.0,0.0014925373134328,0.3558441558441558
2021-11-13 04:45:00+00:00,0.1772614761476147,0.0,0.0014925373134328,0.35497835497835495
2021-11-13 05:00:00+00:00,0.1799429942994299,0.0,0.0014925373134328,0.3541125541125541
2021-11-13 05:15:00+00:00,0.17847097209720963,0.0,0.0015364354697102,0.3560606060606061
2021-11-13 05:30:00+00:00,0.1769989498949894,0.0,0.0015803336259876,0.358008658008658
2021-11-13 05:45:00+00:00,0.1755269276927692,0.0,0.00162423178226505,0.3599567099567099
2021-11-13 06:00:00+00:00,0.174054905490549,0.0,0.0016681299385425,0.3619047619047619
2021-11-13 06:15:00+00:00,0.1719921992199219,0.0,0.01922739244951705,0.3632034632034632
2021-11-13 06:30:00+00:00,0.1699294929492948,0.0,0.0367866549604916,0.3645021645021645
2021-11-13 06:45:00+00:00,0.16786678667866778,0.0,0.05434591747146615,0.3658008658008658
2021-11-13 07:00:00+00:00,0.1658040804080408,0.0,0.0719051799824407,0.3670995670995671
2021-11-13 07:15:00+00:00,0.16346009600960093,0.0,0.14622475856014044,0.3675324675324675
2021-11-13 07:30:00+00:00,0.1611161116111611,0.0,0.2205443371378402,0.3679653679653679
2021-11-13 07:45:00+00:00,0.15877212721272127,0.0,0.29486391571553994,0.36839826839826834
2021-11-13 08:00:00+00:00,0.1564281428142814,0.0,0.3691834942932397,0.3688311688311688
2021-11-13 08:15:00+00:00,0.15796579657965792,0.0,0.4247366110623354,0.36818181818181817
2021-11-13 08:30:00+00:00,0.1595034503450344,0.0,0.4802897278314311,0.3675324675324675
2021-11-13 08:45:00+00:00,0.16104110411041095,0.0,0.5358428446005268,0.3668831168831168
2021-11-13 09:00:00+00:00,0.1625787578757875,0.0,0.5913959613696225,0.3662337662337662
2021-11-13 09:15:00+00:00,0.16497899789978984,0.0,0.6125109745390693,0.36406926406926404
2021-11-13 09:30:00+00:00,0.1673792379237922,0.0,0.6336259877085162,0.3619047619047619
2021-11-13 09:45:00+00:00,0.16977947794779463,0.0,0.654741000877963,0.35974025974025975
2021-11-13 10:00:00+00:00,0.1721797179717971,0.0,0.67585601404741,0.3575757575757576
2021-11-13 10:15:00+00:00,0.17352047704770468,0.0,0.6852502194907815,0.35714285714285715
2021-11-13 10:30:00+00:00,0.1748612361236123,0.0,0.6946444249341528,0.3567099567099567
2021-11-13 10:45:00+00:00,0.1762019951995199,0.0,0.7040386303775241,0.35627705627705625
2021-11-13 11:00:00+00:00,0.1775427542754275,0.0,0.7134328358208956,0.3558441558441558
2021-11-13 11:15:00+00:00,0.17833970897089707,0.0,0.7164179104477613,0.3556277056277056
2021-11-13 11:30:00+00:00,0.1791366636663666,0.0,0.7194029850746269,0.3554112554112554
2021-11-13 11:45:00+00:00,0.17993361836183613,0.0,0.7223880597014926,0.3551948051948052
2021-11-13 12:00:00+00:00,0.1807305730573057,0.0,0.7253731343283583,0.354978354978355
2021-11-13 12:15:00+00:00,0.18441531653165308,0.0,0.7258121158911326,0.35454545454545455
2021-11-13 12:30:00+00:00,0.1881000600060005,0.0,0.726251097453907,0.3541125541125541
2021-11-13 12:45:00+00:00,0.19178480348034796,0.0,0.7266900790166814,0.35367965367965365
2021-11-13 13:00:00+00:00,0.1954695469546954,0.0,0.7271290605794557,0.3532467532467532
2021-11-13 13:15:00+00:00,0.1984510951095109,0.0,0.7146180860403863,0.3532467532467532
2021-11-13 13:30:00+00:00,0.2014326432643264,0.0,0.7021071115013169,0.3532467532467532
2021-11-13 13:45:00+00:00,0.2044141914191419,0.0,0.6895961369622475,0.3532467532467532
2021-11-13 14:00:00+00:00,0.2073957395739574,0.0,0.6770851624231782,0.3532467532467532
2021-11-13 14:15:00+00:00,0.20895214521452143,0.0,0.6293678665496049,0.361038961038961
2021-11-13 14:30:00+00:00,0.2105085508550855,0.0,0.5816505706760315,0.3688311688311688
2021-11-13 14:45:00+00:00,0.21206495649564955,0.0,0.5339332748024582,0.3766233766233766
2021-11-13 15:00:00+00:00,0.2136213621362136,0.0,0.4862159789288849,0.3844155844155844
2021-11-13 15:15:00+00:00,0.21322757275727572,0.0,0.40430201931518867,0.38852813852813844
2021-11-13 15:30:00+00:00,0.2128337833783378,0.0,0.3223880597014924,0.3926406926406925
2021-11-13 15:45:00+00:00,0.2124399939993999,0.0,0.2404741000877962,0.39675324675324664
2021-11-13 16:00:00+00:00,0.212046204620462,0.0,0.1585601404741,0.4008658008658008
2021-11-13 16:15:00+00:00,0.21779365436543652,0.0,0.12664618086040375,0.42077922077922075
2021-11-13 16:30:00+00:00,0.223541104110411,0.0,0.0947322212467075,0.4406926406926407
2021-11-13 16:45:00+00:00,0.2292885538553855,0.0,0.0628182616330113,0.4606060606060606
2021-11-13 17:00:00+00:00,0.23503600360036,0.0,0.0309043020193151,0.4805194805194805
2021-11-13 17:15:00+00:00,0.23926455145514547,0.0,0.02651448639157145,0.47251082251082255
2021-11-13 17:30:00+00:00,0.2434930993099309,0.0,0.0221246707638278,0.4645021645021645
2021-11-13 17:45:00+00:00,0.2477216471647164,0.0,0.0177348551360842,0.4564935064935065
2021-11-13 18:00:00+00:00,0.2519501950195019,0.0,0.0133450395083406,0.4484848484848485
2021-11-13 18:15:00+00:00,0.25300030003000296,0.0,0.0109306409130816,0.44935064935064933
2021-11-13 18:30:00+00:00,0.254050405040504,0.0,0.0085162423178226,0.4502164502164502
2021-11-13 18:45:00+00:00,0.2551005100510051,0.0,0.0061018437225636,0.45108225108225103
2021-11-13 19:00:00+00:00,0.2561506150615061,0.0,0.0036874451273046,0.4519480519480519
2021-11-13 19:15:00+00:00,0.25659128412841276,0.0,0.0033582089552238,0.45173160173160165
2021-11-13 19:30:00+00:00,0.2570319531953194,0.0,0.003028972783143,0.4515151515151515
2021-11-13 19:45:00+00:00,0.2574726222622261,0.0,0.0026997366110622497,0.4512987012987013
2021-11-13 20:00:00+00:00,0.2579132913291329,0.0,0.0023705004389815,0.4510822510822511
2021-11-13 20:15:00+00:00,0.2580914341434143,0.0,0.00232660228270405,0.44025974025974024
2021-11-13 20:30:00+00:00,0.2582695769576957,0.0,0.0022827041264266,0.4294372294372294
2021-11-13 20:45:00+00:00,0.2584477197719771,0.0,0.0022388059701492,0.4186147186147186
2021-11-13 21:00:00+00:00,0.2586258625862586,0.0,0.0021949078138718,0.4077922077922078
2021-11-13 21:15:00+00:00,0.2607635763576357,0.0,0.0021949078138718,0.40108225108225104
2021-11-13 21:30:00+00:00,0.2629012901290128,0.0,0.0021949078138718,0.3943722943722943
2021-11-13 21:45:00+00:00,0.2650390039003899,0.0,0.0021949078138718,0.3876623376623376
2021-11-13 22:00:00+00:00,0.2671767176717671,0.0,0.0021949078138718,0.3809523809523809
2021-11-13 22:15:00+00:00,0.2675798829882987,0.0,0.00217295873573305,0.3826839826839826
2021-11-13 22:30:00+00:00,0.2679830483048304,0.0,0.0021510096575943,0.3844155844155844
2021-11-13 22:45:00+00:00,0.26838621362136206,0.0,0.0021290605794556,0.38614718614718613
2021-11-13 23:00:00+00:00,0.2687893789378938,0.0,0.0021071115013169,0.3878787878787879
2021-11-13 23:15:00+00:00,0.26884563456345634,0.0,0.0021071115013169,0.3816017316017316
2021-11-13 23:30:00+00:00,0.2689018901890189,0.0,0.0021071115013169,0.3753246753246753
2021-11-13 23:45:00+00:00,0.26895814581458144,0.0,0.0021071115013169,0.36904761904761896
2021-11-14 00:00:00+00:00,0.269014401440144,0.0,0.0021071115013169,0.3627705627705627
2021-11-14 00:15:00+00:00,0.26873312331233123,0.0,0.0021071115013169,0.3616883116883116
2021-11-14 00:30:00+00:00,0.2684518451845185,0.0,0.0021071115013169,0.3606060606060605
2021-11-14 00:45:00+00:00,0.2681705670567057,0.0,0.0021071115013169,0.35952380952380947
2021-11-14 01:00:00+00:00,0.2678892889288929,0.0,0.0021071115013169,0.3584415584415584
2021-11-14 01:15:00+00:00,0.26995199519951996,0.0,0.0021071115013169,0.35692640692640687
2021-11-14 01:30:00+00:00,0.272014701470147,0.0,0.0021071115013169,0.3554112554112554
2021-11-14 01:45:00+00:00,0.27407740774077405,0.0,0.0021071115013169,0.35389610389610393
2021-11-14 02:00:00+00:00,0.2761401140114011,0.0,0.0021071115013169,0.3523809523809524
2021-11-14 02:15:00+00:00,0.27968421842184216,0.0,0.0021071115013169,0.353030303030303
2021-11-14 02:30:00+00:00,0.2832283228322832,0.0,0.0021071115013169,0.3536796536796537
2021-11-14 02:45:00+00:00,0.2867724272427242,0.0,0.0021071115013169,0.3543290043290044
2021-11-14 03:00:00+00:00,0.2903165316531653,0.0,0.0021071115013169,0.354978354978355
2021-11-14 03:15:00+00:00,0.29249174917491744,0.0,0.0021071115013169,0.3569264069264069
2021-11-14 03:30:00+00:00,0.2946669666966696,0.0,0.0021071115013169,0.3588744588744588
2021-11-14 03:45:00+00:00,0.2968421842184218,0.0,0.0021071115013169,0.3608225108225107
2021-11-14 04:00:00+00:00,0.299017401740174,0.0,0.0021071115013169,0.3627705627705627
2021-11-14 04:15:00+00:00,0.3029084158415841,0.0,0.0021290605794556,0.3599567099567099
2021-11-14 04:30:00+00:00,0.3067994299429942,0.0,0.0021510096575943,0.3571428571428571
2021-11-14 04:45:00+00:00,0.3106904440444043,0.0,0.00217295873573305,0.35432900432900427
2021-11-14 05:00:00+00:00,0.3145814581458145,0.0,0.0021949078138718,0.3515151515151515
2021-11-14 05:15:00+00:00,0.31792866786678664,0.0,0.0022168568920105,0.3506493506493506
2021-11-14 05:30:00+00:00,0.3212758775877588,0.0,0.0022388059701492,0.3497835497835497
2021-11-14 05:45:00+00:00,0.32462308730873085,0.0,0.0022607550482879003,0.34891774891774885
2021-11-14 06:00:00+00:00,0.327970297029703,0.0,0.0022827041264266,0.348051948051948
2021-11-14 06:15:00+00:00,0.32987361236123613,0.0,0.0220588235294117,0.3474025974025974
2021-11-14 06:30:00+00:00,0.3317769276927693,0.0,0.0418349429323968,0.3467532467532467
2021-11-14 06:45:00+00:00,0.33368024302430244,0.0,0.0616110623353819,0.346103896103896
2021-11-14 07:00:00+00:00,0.3355835583558356,0.0,0.081387181738367,0.3454545454545454
2021-11-14 07:15:00+00:00,0.33496474647464747,0.0,0.1579894644424934,0.34761904761904755
2021-11-14 07:30:00+00:00,0.3343459345934593,0.0,0.2345917471466198,0.3497835497835497
2021-11-14 07:45:00+00:00,0.33372712271227123,0.0,0.31119402985074623,0.3519480519480519
2021-11-14 08:00:00+00:00,0.3331083108310831,0.0,0.3877963125548727,0.3541125541125541
2021-11-14 08:15:00+00:00,0.3334270927092709,0.0,0.4423836698858648,0.3560606060606061
2021-11-14 08:30:00+00:00,0.3337458745874587,0.0,0.4969710272168569,0.358008658008658
2021-11-14 08:45:00+00:00,0.33406465646564654,0.0,0.551558384547849,0.3599567099567099
2021-11-14 09:00:00+00:00,0.3343834383438344,0.0,0.6061457418788411,0.3619047619047619
2021-11-14 09:15:00+00:00,0.33353960396039606,0.0,0.6336259877085162,0.35887445887445885
2021-11-14 09:30:00+00:00,0.3326957695769577,0.0,0.6611062335381914,0.3558441558441558
2021-11-14 09:45:00+00:00,0.33185193519351935,0.0,0.6885864793678665,0.3528138528138528
2021-11-14 10:00:00+00:00,0.331008100810081,0.0,0.7160667251975417,0.3497835497835498
2021-11-14 10:15:00+00:00,0.33240511551155116,0.0,0.7220368744512731,0.3489177489177489
2021-11-14 10:30:00+00:00,0.3338021302130213,0.0,0.7280070237050044,0.348051948051948
2021-11-14 10:45:00+00:00,0.33519914491449143,0.0,0.7339771729587357,0.34718614718614715
2021-11-14 11:00:00+00:00,0.3365961596159616,0.0,0.7399473222124671,0.3463203463203463
2021-11-14 11:15:00+00:00,0.33644614461446143,0.0,0.7407374890254609,0.34848484848484845
2021-11-14 11:30:00+00:00,0.3362961296129613,0.0,0.7415276558384547,0.3506493506493506
2021-11-14 11:45:00+00:00,0.33614611461146116,0.0,0.7423178226514486,0.3528138528138528
2021-11-14 12:00:00+00:00,0.335996099609961,0.0,0.7431079894644425,0.354978354978355
2021-11-14 12:15:00+00:00,0.33693369336933693,0.0,0.7430421422300264,0.3525974025974026
2021-11-14 12:30:00+00:00,0.3378712871287128,0.0,0.7429762949956102,0.3502164502164502
2021-11-14 12:45:00+00:00,0.33880888088808875,0.0,0.7429104477611941,0.34783549783549783
2021-11-14 13:00:00+00:00,0.3397464746474647,0.0,0.7428446005267779,0.3454545454545454
2021-11-14 13:15:00+00:00,0.3423998649864986,0.0,0.7354258121158912,0.34523809523809523
2021-11-14 13:30:00+00:00,0.3450532553255325,0.0,0.7280070237050045,0.345021645021645
2021-11-14 13:45:00+00:00,0.34770664566456644,0.0,0.7205882352941178,0.3448051948051948
2021-11-14 14:00:00+00:00,0.3503600360036004,0.0,0.7131694468832309,0.3445887445887446
2021-11-14 14:15:00+00:00,0.35549804980498045,0.0,0.6665715539947322,0.36363636363636365
2021-11-14 14:30:00+00:00,0.3606360636063606,0.0,0.6199736611062335,0.3826839826839826
2021-11-14 14:45:00+00:00,0.3657740774077407,0.0,0.5733757682177348,0.40173160173160166
2021-11-14 15:00:00+00:00,0.3709120912091209,0.0,0.5267778753292361,0.4207792207792207
2021-11-14 15:15:00+00:00,0.3741561656165616,0.0,0.43722563652326596,0.4296536796536796
2021-11-14 15:30:00+00:00,0.3774002400240023,0.0,0.3476733977172958,0.4385281385281385
2021-11-14 15:45:00+00:00,0.3806443144314431,0.0,0.25812115891132564,0.44740259740259736
2021-11-14 16:00:00+00:00,0.3838883888388839,0.0,0.1685689201053555,0.4562770562770563
2021-11-14 16:15:00+00:00,0.3892514251425142,0.0,0.1325724319578577,0.4627705627705628
2021-11-14 16:30:00+00:00,0.3946144614461446,0.0,0.0965759438103599,0.4692640692640693
2021-11-14 16:45:00+00:00,0.399977497749775,0.0,0.0605794556628621,0.4757575757575757
2021-11-14 17:00:00+00:00,0.4053405340534053,0.0,0.0245829675153643,0.4822510822510822
2021-11-14 17:15:00+00:00,0.4090815331533153,0.0,0.020676031606672453,0.4703463203463203
2021-11-14 17:30:00+00:00,0.4128225322532253,0.0,0.0167690956979806,0.4584415584415584
2021-11-14 17:45:00+00:00,0.4165635313531353,0.0,0.0128621597892888,0.4465367965367965
2021-11-14 18:00:00+00:00,0.4203045304530453,0.0,0.008955223880597,0.4346320346320346
2021-11-14 18:15:00+00:00,0.41751987698769877,0.0,0.0080553116769095,0.4357142857142856
2021-11-14 18:30:00+00:00,0.4147352235223522,0.0,0.007155399473222,0.4367965367965367
2021-11-14 18:45:00+00:00,0.4119505700570057,0.0,0.0062554872695346,0.43787878787878776
2021-11-14 19:00:00+00:00,0.4091659165916592,0.0,0.0053555750658472,0.4389610389610389
2021-11-14 19:15:00+00:00,0.40587496249624966,0.0,0.0045434591747146,0.43441558441558437
2021-11-14 19:30:00+00:00,0.4025840084008401,0.0,0.003731343283582,0.4298701298701298
2021-11-14 19:45:00+00:00,0.39929305430543055,0.0,0.00291922739244945,0.4253246753246752
2021-11-14 20:00:00+00:00,0.396002100210021,0.0,0.0021071115013169,0.4207792207792207
2021-11-14 20:15:00+00:00,0.39412691269126915,0.0,0.0021071115013169,0.4149350649350648
2021-11-14 20:30:00+00:00,0.3922517251725173,0.0,0.0021071115013169,0.409090909090909
2021-11-14 20:45:00+00:00,0.3903765376537654,0.0,0.0021071115013169,0.4032467532467532
2021-11-14 21:00:00+00:00,0.3885013501350135,0.0,0.0021071115013169,0.3974025974025974
2021-11-14 21:15:00+00:00,0.38716059105910594,0.0,0.0021071115013169,0.3974025974025974
2021-11-14 21:30:00+00:00,0.3858198319831983,0.0,0.0021071115013169,0.3974025974025974
2021-11-14 21:45:00+00:00,0.38447907290729066,0.0,0.0021071115013169,0.3974025974025974
2021-11-14 22:00:00+00:00,0.3831383138313831,0.0,0.0021071115013169,0.3974025974025974
2021-11-14 22:15:00+00:00,0.38346647164716463,0.0,0.0021071115013169,0.39155844155844155
2021-11-14 22:30:00+00:00,0.3837946294629462,0.0,0.0021071115013169,0.3857142857142857
2021-11-14 22:45:00+00:00,0.3841227872787278,0.0,0.0021071115013169,0.3798701298701298
2021-11-14 23:00:00+00:00,0.3844509450945094,0.0,0.0021071115013169,0.374025974025974
2021-11-14 23:15:00+00:00,0.38579170417041697,0.0,0.0021071115013169,0.3712121212121211
2021-11-14 23:30:00+00:00,0.3871324632463245,0.0,0.0021071115013169,0.3683982683982683
2021-11-14 23:45:00+00:00,0.38847322232223214,0.0,0.0021071115013169,0.36558441558441546
2021-11-15 00:00:00+00:00,0.3898139813981398,0.0,0.0021071115013169,0.3627705627705627
2021-11-15 00:15:00+00:00,0.3889795229522952,0.0,0.0021071115013169,0.35974025974025964
2021-11-15 00:30:00+00:00,0.3881450645064506,0.0,0.0021071115013169,0.3567099567099566
2021-11-15 00:45:00+00:00,0.38731060606060597,0.0,0.0021071115013169,0.3536796536796536
2021-11-15 01:00:00+00:00,0.3864761476147614,0.0,0.0021071115013169,0.3506493506493506
2021-11-15 01:15:00+00:00,0.3887732523252324,0.0,0.0021071115013169,0.35021645021645015
2021-11-15 01:30:00+00:00,0.3910703570357035,0.0,0.0021071115013169,0.3497835497835497
2021-11-15 01:45:00+00:00,0.39336746174617454,0.0,0.0021071115013169,0.3493506493506493
2021-11-15 02:00:00+00:00,0.3956645664566456,0.0,0.0021071115013169,0.3489177489177489
2021-11-15 02:15:00+00:00,0.4001556405640563,0.0,0.0021071115013169,0.34848484848484845
2021-11-15 02:30:00+00:00,0.404646714671467,0.0,0.0021071115013169,0.348051948051948
2021-11-15 02:45:00+00:00,0.4091377887788778,0.0,0.0021071115013169,0.3476190476190476
2021-11-15 03:00:00+00:00,0.4136288628862886,0.0,0.0021071115013169,0.3471861471861472
2021-11-15 03:15:00+00:00,0.41620724572457246,0.0,0.0021071115013169,0.3482683982683983
2021-11-15 03:30:00+00:00,0.4187856285628563,0.0,0.0021071115013169,0.3493506493506493
2021-11-15 03:45:00+00:00,0.4213640114011401,0.0,0.0021071115013169,0.35043290043290043
2021-11-15 04:00:00+00:00,0.4239423942394239,0.0,0.0021071115013169,0.3515151515151515
2021-11-15 04:15:00+00:00,0.42461746174617454,0.0,0.0021071115013169,0.3551948051948051
2021-11-15 04:30:00+00:00,0.4252925292529252,0.0,0.0021071115013169,0.3588744588744588
2021-11-15 04:45:00+00:00,0.4259675967596759,0.0,0.0021071115013169,0.3625541125541125
2021-11-15 05:00:00+00:00,0.4266426642664266,0.0,0.0021071115013169,0.3662337662337662
2021-11-15 05:15:00+00:00,0.4284428442844284,0.0,0.0021729587357329997,0.3876623376623376
2021-11-15 05:30:00+00:00,0.4302430243024302,0.0,0.0022388059701491,0.409090909090909
2021-11-15 05:45:00+00:00,0.43204320432043203,0.0,0.0023046532045653,0.4305194805194804
2021-11-15 06:00:00+00:00,0.4338433843384338,0.0,0.0023705004389815,0.4519480519480519
2021-11-15 06:15:00+00:00,0.4331870687068706,0.0,0.022870939420544252,0.43658008658008646
2021-11-15 06:30:00+00:00,0.4325307530753075,0.0,0.043371378402107,0.4212121212121211
2021-11-15 06:45:00+00:00,0.4318744374437443,0.0,0.0638718173836698,0.4058441558441558
2021-11-15 07:00:00+00:00,0.4312181218121812,0.0,0.0843722563652326,0.3904761904761905
2021-11-15 07:15:00+00:00,0.42713958895889587,0.0,0.1649034240561896,0.3885281385281385
2021-11-15 07:30:00+00:00,0.4230610561056105,0.0,0.2454345917471466,0.3865800865800866
2021-11-15 07:45:00+00:00,0.4189825232523252,0.0,0.3259657594381036,0.38463203463203466
2021-11-15 08:00:00+00:00,0.4149039903990399,0.0,0.4064969271290606,0.3826839826839827
2021-11-15 08:15:00+00:00,0.414744599459946,0.0,0.4678226514486392,0.38030303030303025
2021-11-15 08:30:00+00:00,0.4145852085208521,0.0,0.5291483757682178,0.3779220779220779
2021-11-15 08:45:00+00:00,0.4144258175817582,0.0,0.5904741000877964,0.3755411255411255
2021-11-15 09:00:00+00:00,0.4142664266426643,0.0,0.6517998244073749,0.3731601731601731
2021-11-15 09:15:00+00:00,0.4185699819981998,0.0,0.6728050921861282,0.3729437229437229
2021-11-15 09:30:00+00:00,0.4228735373537353,0.0,0.6938103599648815,0.3727272727272727
2021-11-15 09:45:00+00:00,0.42717709270927084,0.0,0.7148156277436348,0.37251082251082246
2021-11-15 10:00:00+00:00,0.4314806480648064,0.0,0.735820895522388,0.3722943722943723
2021-11-15 10:15:00+00:00,0.43067431743174306,0.0,0.7344600526777876,0.37510822510822506
2021-11-15 10:30:00+00:00,0.4298679867986797,0.0,0.733099209833187,0.3779220779220779
2021-11-15 10:45:00+00:00,0.4290616561656164,0.0,0.7317383669885864,0.3807359307359307
2021-11-15 11:00:00+00:00,0.4282553255325532,0.0,0.7303775241439859,0.3835497835497835
2021-11-15 11:15:00+00:00,0.4267739273927392,0.0,0.7291703248463564,0.3831168831168831
2021-11-15 11:30:00+00:00,0.4252925292529252,0.0,0.7279631255487269,0.3826839826839826
2021-11-15 11:45:00+00:00,0.42381113111311125,0.0,0.7267559262510974,0.3822510822510822
2021-11-15 12:00:00+00:00,0.4223297329732973,0.0,0.725548726953468,0.3818181818181818
2021-11-15 12:15:00+00:00,0.42241411641164106,0.0,0.7267778753292362,0.38354978354978353
2021-11-15 12:30:00+00:00,0.4224984998499849,0.0,0.7280070237050044,0.3852813852813852
2021-11-15 12:45:00+00:00,0.4225828832883287,0.0,0.7292361720807725,0.387012987012987
2021-11-15 13:00:00+00:00,0.4226672667266726,0.0,0.7304653204565408,0.3887445887445887
2021-11-15 13:15:00+00:00,0.4214296429642964,0.0,0.7175812115891133,0.38896103896103895
2021-11-15 13:30:00+00:00,0.4201920192019202,0.0,0.7046971027216857,0.3891774891774892
2021-11-15 13:45:00+00:00,0.41895439543954394,0.0,0.6918129938542581,0.3893939393939394
2021-11-15 14:00:00+00:00,0.4177167716771677,0.0,0.6789288849868306,0.3896103896103896
2021-11-15 14:15:00+00:00,0.415016501650165,0.0,0.6316505706760316,0.4019480519480519
2021-11-15 14:30:00+00:00,0.4123162316231623,0.0,0.5843722563652326,0.4142857142857142
2021-11-15 14:45:00+00:00,0.4096159615961596,0.0,0.5370939420544336,0.42662337662337657
2021-11-15 15:00:00+00:00,0.4069156915691569,0.0,0.4898156277436347,0.4389610389610389
2021-11-15 15:15:00+00:00,0.4009432193219322,0.0,0.40638718173836685,0.43549783549783544
2021-11-15 15:30:00+00:00,0.3949707470747075,0.0,0.3229587357330991,0.432034632034632
2021-11-15 15:45:00+00:00,0.3889982748274827,0.0,0.23953028972783136,0.42857142857142855
2021-11-15 16:00:00+00:00,0.383025802580258,0.0,0.1561018437225636,0.4251082251082251
2021-11-15 16:15:00+00:00,0.386026102610261,0.0,0.12548287971905175,0.4387445887445887
2021-11-15 16:30:00+00:00,0.389026402640264,0.0,0.0948639157155399,0.4523809523809523
2021-11-15 16:45:00+00:00,0.392026702670267,0.0,0.06424495171202804,0.46601731601731594
2021-11-15 17:00:00+00:00,0.39502700270027,0.0,0.0336259877085162,0.4796536796536796
2021-11-15 17:15:00+00:00,0.39894614461446143,0.0,0.02945566286215975,0.47770562770562763
2021-11-15 17:30:00+00:00,0.4028652865286528,0.0,0.0252853380158033,0.4757575757575757
2021-11-15 17:45:00+00:00,0.40678442844284424,0.0,0.02111501316944685,0.4738095238095238
2021-11-15 18:00:00+00:00,0.4107035703570357,0.0,0.0169446883230904,0.4718614718614718
2021-11-15 18:15:00+00:00,0.4124099909990999,0.0,0.0135645302897278,0.46991341991341984
2021-11-15 18:30:00+00:00,0.4141164116411641,0.0,0.0101843722563652,0.4679653679653679
2021-11-15 18:45:00+00:00,0.4158228322832283,0.0,0.0068042142230026,0.466017316017316
2021-11-15 19:00:00+00:00,0.4175292529252925,0.0,0.00342405618964,0.4640692640692641
2021-11-15 19:15:00+00:00,0.4150915091509151,0.0,0.00329236172080765,0.46471861471861475
2021-11-15 19:30:00+00:00,0.4126537653765376,0.0,0.0031606672519753,0.4653679653679654
2021-11-15 19:45:00+00:00,0.41021602160216014,0.0,0.0030289727831429997,0.466017316017316
2021-11-15 20:00:00+00:00,0.4077782778277827,0.0,0.0028972783143107,0.4666666666666667
2021-11-15 20:15:00+00:00,0.4051717671767176,0.0,0.0028533801580332497,0.4623376623376623
2021-11-15 20:30:00+00:00,0.4025652565256525,0.0,0.0028094820017558,0.458008658008658
2021-11-15 20:45:00+00:00,0.3999587458745874,0.0,0.0027655838454784,0.4536796536796536
2021-11-15 21:00:00+00:00,0.3973522352235223,0.0,0.002721685689201,0.4493506493506493
2021-11-15 21:15:00+00:00,0.3938268826882688,0.0,0.002721685689201,0.44458874458874453
2021-11-15 21:30:00+00:00,0.3903015301530153,0.0,0.002721685689201,0.4398268398268398
2021-11-15 21:45:00+00:00,0.38677617761776173,0.0,0.002721685689201,0.43506493506493504
2021-11-15 22:00:00+00:00,0.3832508250825082,0.0,0.002721685689201,0.4303030303030303
2021-11-15 22:15:00+00:00,0.3795098259825982,0.0,0.002721685689201,0.4238095238095238
2021-11-15 22:30:00+00:00,0.3757688268826882,0.0,0.002721685689201,0.4173160173160173
2021-11-15 22:45:00+00:00,0.3720278277827782,0.0,0.002721685689201,0.4108225108225108
2021-11-15 23:00:00+00:00,0.3682868286828683,0.0,0.002721685689201,0.4043290043290043
2021-11-15 23:15:00+00:00,0.36949632463246324,0.0,0.0027436347673396996,0.40129870129870127
2021-11-15 23:30:00+00:00,0.3707058205820582,0.0,0.0027655838454784,0.3982683982683982
2021-11-15 23:45:00+00:00,0.37191531653165316,0.0,0.00278753292361715,0.3952380952380952
2021-11-16 00:00:00+00:00,0.3731248124812481,0.0,0.0028094820017559,0.3922077922077922
2021-11-16 00:15:00+00:00,0.37086521152115215,0.0,0.0028094820017559,0.3928571428571429
2021-11-16 00:30:00+00:00,0.3686056105610561,0.0,0.0028094820017559,0.3935064935064935
2021-11-16 00:45:00+00:00,0.3663460096009601,0.0,0.0028094820017559,0.39415584415584415
2021-11-16 01:00:00+00:00,0.3640864086408641,0.0,0.0028094820017559,0.3948051948051948
2021-11-16 01:15:00+00:00,0.3603641614161416,0.0,0.0028094820017559,0.3963203463203463
2021-11-16 01:30:00+00:00,0.3566419141914191,0.0,0.0028094820017559,0.3978354978354978
2021-11-16 01:45:00+00:00,0.3529196669666967,0.0,0.0028094820017559,0.39935064935064934
2021-11-16 02:00:00+00:00,0.3491974197419742,0.0,0.0028094820017559,0.4008658008658008
2021-11-16 02:15:00+00:00,0.35067881788178823,0.0,0.0028094820017559,0.40021645021645014
2021-11-16 02:30:00+00:00,0.3521602160216022,0.0,0.0028094820017559,0.3995670995670995
2021-11-16 02:45:00+00:00,0.35364161416141615,0.0,0.0028094820017559,0.3989177489177489
2021-11-16 03:00:00+00:00,0.3551230123012301,0.0,0.0028094820017559,0.3982683982683982
2021-11-16 03:15:00+00:00,0.35626687668766877,0.0,0.0028094820017559,0.3995670995670995
2021-11-16 03:30:00+00:00,0.3574107410741074,0.0,0.0028094820017559,0.4008658008658008
2021-11-16 03:45:00+00:00,0.35855460546054607,0.0,0.0028094820017559,0.4021645021645021
2021-11-16 04:00:00+00:00,0.3596984698469847,0.0,0.0028094820017559,0.4034632034632034
2021-11-16 04:15:00+00:00,0.35842334233423345,0.0,0.00278753292361715,0.4119047619047619
2021-11-16 04:30:00+00:00,0.3571482148214822,0.0,0.0027655838454784,0.4203463203463203
2021-11-16 04:45:00+00:00,0.3558730873087309,0.0,0.0027436347673396996,0.4287878787878787
2021-11-16 05:00:00+00:00,0.3545979597959796,0.0,0.002721685689201,0.4372294372294372
2021-11-16 05:15:00+00:00,0.3539885238523852,0.0,0.00280948200175585,0.4313852813852813
2021-11-16 05:30:00+00:00,0.3533790879087908,0.0,0.0028972783143107,0.4255411255411255
2021-11-16 05:45:00+00:00,0.35276965196519644,0.0,0.0029850746268656,0.4196969696969697
2021-11-16 06:00:00+00:00,0.3521602160216021,0.0,0.0030728709394205,0.4138528138528138
2021-11-16 06:15:00+00:00,0.3493943144314431,0.0,0.022805092186128098,0.41601731601731595
2021-11-16 06:30:00+00:00,0.3466284128412841,0.0,0.0425373134328357,0.4181818181818181
2021-11-16 06:45:00+00:00,0.3438625112511251,0.0,0.062269534679543395,0.4203463203463203
2021-11-16 07:00:00+00:00,0.3410966096609661,0.0,0.0820017559262511,0.4225108225108225
2021-11-16 07:15:00+00:00,0.3365211521152115,0.0,0.15998683055311674,0.4192640692640693
2021-11-16 07:30:00+00:00,0.3319456945694569,0.0,0.2379719051799824,0.416017316017316
2021-11-16 07:45:00+00:00,0.32737023702370227,0.0,0.3159569798068481,0.4127705627705628
2021-11-16 08:00:00+00:00,0.3227947794779477,0.0,0.3939420544337138,0.4095238095238095
2021-11-16 08:15:00+00:00,0.321772802280228,0.0,0.4522168568920105,0.4084415584415584
2021-11-16 08:30:00+00:00,0.3207508250825082,0.0,0.5104916593503073,0.4073593073593073
2021-11-16 08:45:00+00:00,0.31972884788478845,0.0,0.568766461808604,0.40627705627705624
2021-11-16 09:00:00+00:00,0.3187068706870687,0.0,0.6270412642669008,0.4051948051948052
2021-11-16 09:15:00+00:00,0.3196632163216321,0.0,0.651251097453907,0.4051948051948052
2021-11-16 09:30:00+00:00,0.3206195619561955,0.0,0.6754609306409131,0.4051948051948052
2021-11-16 09:45:00+00:00,0.321575907590759,0.0,0.6996707638279192,0.4051948051948052
2021-11-16 10:00:00+00:00,0.3225322532253225,0.0,0.7238805970149254,0.4051948051948052
2021-11-16 10:15:00+00:00,0.32220409540954087,0.0,0.7210711150131695,0.404978354978355
2021-11-16 10:30:00+00:00,0.3218759375937593,0.0,0.7182616330114135,0.4047619047619047
2021-11-16 10:45:00+00:00,0.32154777977797777,0.0,0.7154521510096576,0.40454545454545454
2021-11-16 11:00:00+00:00,0.3212196219621962,0.0,0.7126426690079016,0.4043290043290043
2021-11-16 11:15:00+00:00,0.3184255925592559,0.0,0.7147278314310799,0.40389610389610386
2021-11-16 11:30:00+00:00,0.3156315631563156,0.0,0.7168129938542581,0.4034632034632034
2021-11-16 11:45:00+00:00,0.3128375337533753,0.0,0.7188981562774364,0.403030303030303
2021-11-16 12:00:00+00:00,0.310043504350435,0.0,0.7209833187006146,0.4025974025974026
2021-11-16 12:15:00+00:00,0.3095090759075907,0.0,0.7225197541703249,0.4006493506493507
2021-11-16 12:30:00+00:00,0.3089746474647464,0.0,0.7240561896400352,0.3987012987012987
2021-11-16 12:45:00+00:00,0.30844021902190216,0.0,0.7255926251097454,0.39675324675324675
2021-11-16 13:00:00+00:00,0.3079057905790579,0.0,0.7271290605794557,0.3948051948051948
2021-11-16 13:15:00+00:00,0.3070432043204321,0.0,0.7207857769973662,0.3954545454545455
2021-11-16 13:30:00+00:00,0.3061806180618062,0.0,0.7144424934152767,0.3961038961038961
2021-11-16 13:45:00+00:00,0.3053180318031803,0.0,0.7080992098331871,0.39675324675324675
2021-11-16 14:00:00+00:00,0.3044554455445544,0.0,0.7017559262510975,0.3974025974025974
2021-11-16 14:15:00+00:00,0.302289603960396,0.0,0.6532045654082529,0.4023809523809524
2021-11-16 14:30:00+00:00,0.3001237623762376,0.0,0.6046532045654083,0.4073593073593073
2021-11-16 14:45:00+00:00,0.29795792079207917,0.0,0.5561018437225637,0.41233766233766234
2021-11-16 15:00:00+00:00,0.2957920792079208,0.0,0.507550482879719,0.4173160173160173
2021-11-16 15:15:00+00:00,0.2948169816981698,0.0,0.4205662862159789,0.4235930735930735
2021-11-16 15:30:00+00:00,0.2938418841884188,0.0,0.3335820895522388,0.4298701298701298
2021-11-16 15:45:00+00:00,0.29286678667866783,0.0,0.24659789288849865,0.43614718614718606
2021-11-16 16:00:00+00:00,0.2918916891689169,0.0,0.1596136962247585,0.4424242424242424
2021-11-16 16:15:00+00:00,0.2982673267326733,0.0,0.12568042142230018,0.45649350649350645
2021-11-16 16:30:00+00:00,0.3046429642964297,0.0,0.0917471466198419,0.4705627705627705
2021-11-16 16:45:00+00:00,0.31101860186018604,0.0,0.0578138718173836,0.4846320346320346
2021-11-16 17:00:00+00:00,0.3173942394239424,0.0,0.0238805970149253,0.4987012987012987
2021-11-16 17:15:00+00:00,0.3221665916591659,0.0,0.0202589991220368,0.5054112554112554
2021-11-16 17:30:00+00:00,0.3269389438943894,0.0,0.0166374012291483,0.5121212121212121
2021-11-16 17:45:00+00:00,0.3317112961296129,0.0,0.0130158033362598,0.5188311688311689
2021-11-16 18:00:00+00:00,0.3364836483648364,0.0,0.0093942054433713,0.5255411255411255
2021-11-16 18:15:00+00:00,0.3381994449444944,0.0,0.0086918349429323,0.5233766233766234
2021-11-16 18:30:00+00:00,0.3399152415241523,0.0,0.0079894644424933,0.5212121212121212
2021-11-16 18:45:00+00:00,0.34163103810381035,0.0,0.007287093942054351,0.519047619047619
2021-11-16 19:00:00+00:00,0.3433468346834683,0.0,0.0065847234416154,0.5168831168831168
2021-11-16 19:15:00+00:00,0.3442187968796879,0.0,0.0062554872695346,0.5038961038961038
2021-11-16 19:30:00+00:00,0.3450907590759075,0.0,0.0059262510974538,0.4909090909090908
2021-11-16 19:45:00+00:00,0.3459627212721272,0.0,0.00559701492537305,0.47792207792207786
2021-11-16 20:00:00+00:00,0.3468346834683468,0.0,0.0052677787532923,0.4649350649350649
2021-11-16 20:15:00+00:00,0.34799729972997295,0.0,0.0047848990342405,0.45670995670995673
2021-11-16 20:30:00+00:00,0.3491599159915991,0.0,0.0043020193151887,0.4484848484848485
2021-11-16 20:45:00+00:00,0.3503225322532253,0.0,0.0038191395961369,0.44025974025974024
2021-11-16 21:00:00+00:00,0.3514851485148514,0.0,0.0033362598770851,0.432034632034632
2021-11-16 21:15:00+00:00,0.3517570507050704,0.0,0.0033362598770851,0.4248917748917749
2021-11-16 21:30:00+00:00,0.3520289528952894,0.0,0.0033362598770851,0.4177489177489177
2021-11-16 21:45:00+00:00,0.35230085508550846,0.0,0.0033362598770851,0.41060606060606053
2021-11-16 22:00:00+00:00,0.3525727572757275,0.0,0.0033362598770851,0.4034632034632034
2021-11-16 22:15:00+00:00,0.35505738073807375,0.0,0.0032484635645302,0.4008658008658008
2021-11-16 22:30:00+00:00,0.35754200420042,0.0,0.0031606672519753,0.3982683982683982
2021-11-16 22:45:00+00:00,0.3600266276627663,0.0,0.00307287093942045,0.3956709956709956
2021-11-16 23:00:00+00:00,0.3625112511251125,0.0,0.0029850746268656,0.3930735930735931
2021-11-16 23:15:00+00:00,0.3652771527152715,0.0,0.0027655838454784002,0.3928571428571429
2021-11-16 23:30:00+00:00,0.3680430543054305,0.0,0.0025460930640912,0.3926406926406927
2021-11-16 23:45:00+00:00,0.37080895589558954,0.0,0.00232660228270405,0.39242424242424245
2021-11-17 00:00:00+00:00,0.3735748574857486,0.0,0.0021071115013169,0.3922077922077922
2021-11-17 00:15:00+00:00,0.37443744374437443,0.0,0.0021071115013169,0.3906926406926407
2021-11-17 00:30:00+00:00,0.3753000300030003,0.0,0.0021071115013169,0.3891774891774892
2021-11-17 00:45:00+00:00,0.37616261626162617,0.0,0.0021071115013169,0.3876623376623376
2021-11-17 01:00:00+00:00,0.377025202520252,0.0,0.0021071115013169,0.3861471861471861
2021-11-17 01:15:00+00:00,0.37802842784278423,0.0,0.0021071115013169,0.3837662337662337
2021-11-17 01:30:00+00:00,0.3790316531653165,0.0,0.0021071115013169,0.3813852813852813
2021-11-17 01:45:00+00:00,0.3800348784878488,0.0,0.0021071115013169,0.37900432900432895
2021-11-17 02:00:00+00:00,0.381038103810381,0.0,0.0021071115013169,0.3766233766233766
2021-11-17 02:15:00+00:00,0.3797536003600359,0.0,0.0021071115013169,0.37683982683982675
2021-11-17 02:30:00+00:00,0.3784690969096909,0.0,0.0021071115013169,0.377056277056277
2021-11-17 02:45:00+00:00,0.37718459345934585,0.0,0.0021071115013169,0.3772727272727272
2021-11-17 03:00:00+00:00,0.3759000900090009,0.0,0.0021071115013169,0.3774891774891775
2021-11-17 03:15:00+00:00,0.37542191719171913,0.0,0.0021071115013169,0.37857142857142856
2021-11-17 03:30:00+00:00,0.3749437443744374,0.0,0.0021071115013169,0.3796536796536796
2021-11-17 03:45:00+00:00,0.37446557155715565,0.0,0.0021071115013169,0.3807359307359307
2021-11-17 04:00:00+00:00,0.3739873987398739,0.0,0.0021071115013169,0.3818181818181818
2021-11-17 04:15:00+00:00,0.3756094359435943,0.0,0.0021071115013169,0.3917748917748918
2021-11-17 04:30:00+00:00,0.3772314731473147,0.0,0.0021071115013169,0.4017316017316017
2021-11-17 04:45:00+00:00,0.3788535103510351,0.0,0.0021071115013169,0.41168831168831166
2021-11-17 05:00:00+00:00,0.3804755475547555,0.0,0.0021071115013169,0.4216450216450216
2021-11-17 05:15:00+00:00,0.3846665916591659,0.0,0.0021290605794556,0.43376623376623374
2021-11-17 05:30:00+00:00,0.3888576357635763,0.0,0.0021510096575943,0.4458874458874459
2021-11-17 05:45:00+00:00,0.39304867986798675,0.0,0.00217295873573305,0.458008658008658
2021-11-17 06:00:00+00:00,0.3972397239723972,0.0,0.0021949078138718,0.4701298701298701
2021-11-17 06:15:00+00:00,0.4022933543354335,0.0,0.01762510974539065,0.4543290043290043
2021-11-17 06:30:00+00:00,0.4073469846984698,0.0,0.0330553116769095,0.4385281385281385
2021-11-17 06:45:00+00:00,0.4124006150615061,0.0,0.0484855136084284,0.42272727272727273
2021-11-17 07:00:00+00:00,0.4174542454245424,0.0,0.0639157155399473,0.4069264069264069
2021-11-17 07:15:00+00:00,0.42365174017401735,0.0,0.13610623353819135,0.4188311688311688
2021-11-17 07:30:00+00:00,0.4298492349234923,0.0,0.2082967515364354,0.4307359307359307
2021-11-17 07:45:00+00:00,0.43604672967296726,0.0,0.2804872695346795,0.4426406926406926
2021-11-17 08:00:00+00:00,0.4422442244224422,0.0,0.3526777875329236,0.4545454545454545
2021-11-17 08:15:00+00:00,0.4485636063606361,0.0,0.41424495171202813,0.44999999999999996
2021-11-17 08:30:00+00:00,0.4548829882988299,0.0,0.4758121158911326,0.4454545454545454
2021-11-17 08:45:00+00:00,0.4612023702370237,0.0,0.537379280070237,0.4409090909090908
2021-11-17 09:00:00+00:00,0.4675217521752175,0.0,0.5989464442493415,0.4363636363636363
2021-11-17 09:15:00+00:00,0.4683280828082808,0.0,0.6244293239683933,0.4296536796536796
2021-11-17 09:30:00+00:00,0.4691344134413441,0.0,0.6499122036874452,0.4229437229437229
2021-11-17 09:45:00+00:00,0.4699407440744074,0.0,0.675395083406497,0.4162337662337662
2021-11-17 10:00:00+00:00,0.4707470747074707,0.0,0.7008779631255487,0.4095238095238095
2021-11-17 10:15:00+00:00,0.4684499699969996,0.0,0.7081431079894644,0.4095238095238095
2021-11-17 10:30:00+00:00,0.4661528652865285,0.0,0.7154082528533802,0.4095238095238095
2021-11-17 10:45:00+00:00,0.4638557605760575,0.0,0.7226733977172959,0.4095238095238095
2021-11-17 11:00:00+00:00,0.4615586558655865,0.0,0.7299385425812116,0.4095238095238095
2021-11-17 11:15:00+00:00,0.4576957695769577,0.0,0.7236611062335383,0.4095238095238095
2021-11-17 11:30:00+00:00,0.4538328832883288,0.0,0.7173836698858649,0.4095238095238095
2021-11-17 11:45:00+00:00,0.4499699969997,0.0,0.7111062335381915,0.4095238095238095
2021-11-17 12:00:00+00:00,0.4461071107110711,0.0,0.704828797190518,0.4095238095238095
2021-11-17 12:15:00+00:00,0.4461539903990399,0.0,0.7028314310798947,0.4041125541125541
2021-11-17 12:30:00+00:00,0.4462008700870087,0.0,0.7008340649692713,0.3987012987012986
2021-11-17 12:45:00+00:00,0.4462477497749775,0.0,0.6988366988586479,0.39329004329004325
2021-11-17 13:00:00+00:00,0.4462946294629463,0.0,0.6968393327480246,0.3878787878787879
2021-11-17 13:15:00+00:00,0.4496418391839183,0.0,0.6843064091308164,0.3887445887445887
2021-11-17 13:30:00+00:00,0.4529890489048904,0.0,0.6717734855136084,0.3896103896103896
2021-11-17 13:45:00+00:00,0.45633625862586247,0.0,0.6592405618964003,0.3904761904761904
2021-11-17 14:00:00+00:00,0.4596834683468346,0.0,0.6467076382791923,0.3913419913419913
2021-11-17 14:15:00+00:00,0.45904590459045896,0.0,0.6011413520632134,0.3954545454545454
2021-11-17 14:30:00+00:00,0.4584083408340833,0.0,0.5555750658472344,0.3995670995670995
2021-11-17 14:45:00+00:00,0.45777077707770775,0.0,0.5100087796312555,0.40367965367965364
2021-11-17 15:00:00+00:00,0.4571332133213321,0.0,0.4644424934152765,0.4077922077922078
2021-11-17 15:15:00+00:00,0.456514401440144,0.0,0.3850746268656716,0.4220779220779221
2021-11-17 15:30:00+00:00,0.4558955895589558,0.0,0.3057067603160667,0.4363636363636364
2021-11-17 15:45:00+00:00,0.4552767776777677,0.0,0.2263388937664618,0.45064935064935063
2021-11-17 16:00:00+00:00,0.4546579657965796,0.0,0.1469710272168569,0.4649350649350649
2021-11-17 16:15:00+00:00,0.4541235373537353,0.0,0.11580333625987704,0.4826839826839827
2021-11-17 16:30:00+00:00,0.453589108910891,0.0,0.0846356453028972,0.5004329004329005
2021-11-17 16:45:00+00:00,0.45305468046804676,0.0,0.053467954345917404,0.5181818181818182
2021-11-17 17:00:00+00:00,0.4525202520252025,0.0,0.0223002633889376,0.5359307359307359
2021-11-17 17:15:00+00:00,0.45344846984698467,0.0,0.01968832309043015,0.5333333333333333
2021-11-17 17:30:00+00:00,0.4543766876687668,0.0,0.0170763827919227,0.5307359307359307
2021-11-17 17:45:00+00:00,0.45530490549054903,0.0,0.01446444249341525,0.5281385281385281
2021-11-17 18:00:00+00:00,0.4562331233123312,0.0,0.0118525021949078,0.5255411255411255
2021-11-17 18:15:00+00:00,0.454489198919892,0.0,0.01097453906935905,0.5255411255411255
2021-11-17 18:30:00+00:00,0.4527452745274527,0.0,0.0100965759438103,0.5255411255411255
2021-11-17 18:45:00+00:00,0.45100135013501347,0.0,0.0092186128182616,0.5255411255411255
2021-11-17 19:00:00+00:00,0.4492574257425742,0.0,0.0083406496927129,0.5255411255411255
2021-11-17 19:15:00+00:00,0.44929492949294925,0.0,0.007484635645302849,0.5132034632034632
2021-11-17 19:30:00+00:00,0.4493324332433243,0.0,0.0066286215978928,0.5008658008658008
2021-11-17 19:45:00+00:00,0.4493699369936993,0.0,0.0057726075504828,0.4885281385281385
2021-11-17 20:00:00+00:00,0.4494074407440744,0.0,0.0049165935030728,0.4761904761904761
2021-11-17 20:15:00+00:00,0.4504575457545754,0.0,0.0047848990342405,0.483116883116883
2021-11-17 20:30:00+00:00,0.4515076507650765,0.0,0.0046532045654082,0.4900432900432899
2021-11-17 20:45:00+00:00,0.45255775577557755,0.0,0.0045215100965758995,0.4969696969696969
2021-11-17 21:00:00+00:00,0.4536078607860786,0.0,0.0043898156277436,0.5038961038961038
2021-11-17 21:15:00+00:00,0.45207020702070205,0.0,0.0040386303775241,0.49761904761904757
2021-11-17 21:30:00+00:00,0.4505325532553255,0.0,0.0036874451273046,0.4913419913419913
2021-11-17 21:45:00+00:00,0.448994899489949,0.0,0.0033362598770851,0.485064935064935
2021-11-17 22:00:00+00:00,0.4474572457245724,0.0,0.0029850746268656,0.4787878787878787
2021-11-17 22:15:00+00:00,0.4452163966396639,0.0,0.0027436347673397,0.4712121212121212
2021-11-17 22:30:00+00:00,0.4429755475547554,0.0,0.0025021949078138,0.4636363636363636
2021-11-17 22:45:00+00:00,0.4407346984698469,0.0,0.0022607550482879003,0.45606060606060606
2021-11-17 23:00:00+00:00,0.4384938493849385,0.0,0.002019315188762,0.4484848484848485
2021-11-17 23:15:00+00:00,0.43592484248424845,0.0,0.002019315188762,0.4567099567099566
2021-11-17 23:30:00+00:00,0.4333558355835584,0.0,0.002019315188762,0.4649350649350648
2021-11-17 23:45:00+00:00,0.43078682868286833,0.0,0.002019315188762,0.47316017316017306
2021-11-18 00:00:00+00:00,0.4282178217821782,0.0,0.002019315188762,0.4813852813852813
2021-11-18 00:15:00+00:00,0.42416741674167413,0.0,0.00199736611062325,0.4790043290043289
2021-11-18 00:30:00+00:00,0.4201170117011701,0.0,0.0019754170324845,0.4766233766233765
2021-11-18 00:45:00+00:00,0.4160666066606661,0.0,0.0019534679543458,0.47424242424242413
2021-11-18 01:00:00+00:00,0.412016201620162,0.0,0.0019315188762071,0.4718614718614718
2021-11-18 01:15:00+00:00,0.41122862286228623,0.0,0.0019315188762071,0.4722943722943722
2021-11-18 01:30:00+00:00,0.4104410441044104,0.0,0.0019315188762071,0.4727272727272726
2021-11-18 01:45:00+00:00,0.4096534653465346,0.0,0.0019315188762071,0.47316017316017306
2021-11-18 02:00:00+00:00,0.4088658865886588,0.0,0.0019315188762071,0.4735930735930735
2021-11-18 02:15:00+00:00,0.41032853285328524,0.0,0.0019315188762071,0.46926406926406916
2021-11-18 02:30:00+00:00,0.4117911791179117,0.0,0.0019315188762071,0.4649350649350648
2021-11-18 02:45:00+00:00,0.4132538253825382,0.0,0.0019315188762071,0.4606060606060606
2021-11-18 03:00:00+00:00,0.4147164716471647,0.0,0.0019315188762071,0.4562770562770563
2021-11-18 03:15:00+00:00,0.41503525352535253,0.0,0.0019315188762071,0.4461038961038961
2021-11-18 03:30:00+00:00,0.4153540354035403,0.0,0.0019315188762071,0.4359307359307359
2021-11-18 03:45:00+00:00,0.41567281728172817,0.0,0.0019315188762071,0.4257575757575758
2021-11-18 04:00:00+00:00,0.415991599159916,0.0,0.0019315188762071,0.4155844155844156
2021-11-18 04:15:00+00:00,0.413769501950195,0.0,0.0019315188762071,0.42034632034632036
2021-11-18 04:30:00+00:00,0.411547404740474,0.0,0.0019315188762071,0.4251082251082251
2021-11-18 04:45:00+00:00,0.409325307530753,0.0,0.0019315188762071,0.42987012987012985
2021-11-18 05:00:00+00:00,0.4071032103210321,0.0,0.0019315188762071,0.4346320346320346
2021-11-18 05:15:00+00:00,0.4030059255925592,0.0,0.0019315188762071,0.4378787878787878
2021-11-18 05:30:00+00:00,0.3989086408640864,0.0,0.0019315188762071,0.4411255411255411
2021-11-18 05:45:00+00:00,0.3948113561356136,0.0,0.0019315188762071,0.4443722943722943
2021-11-18 06:00:00+00:00,0.3907140714071407,0.0,0.0019315188762071,0.4476190476190476
2021-11-18 06:15:00+00:00,0.38731998199819984,0.0,0.0146180860403862,0.44718614718614713
2021-11-18 06:30:00+00:00,0.3839258925892589,0.0,0.0273046532045653,0.4467532467532467
2021-11-18 06:45:00+00:00,0.38053180318031804,0.0,0.039991220368744446,0.4463203463203463
2021-11-18 07:00:00+00:00,0.3771377137713771,0.0,0.0526777875329236,0.4458874458874459
2021-11-18 07:15:00+00:00,0.3723559855985598,0.0,0.1183055311676909,0.4491341991341991
2021-11-18 07:30:00+00:00,0.3675742574257425,0.0,0.1839332748024582,0.4523809523809524
2021-11-18 07:45:00+00:00,0.36279252925292527,0.0,0.24956101843722558,0.4556277056277056
2021-11-18 08:00:00+00:00,0.358010801080108,0.0,0.315188762071993,0.4588744588744589
2021-11-18 08:15:00+00:00,0.35806705670567057,0.0,0.3708296751536435,0.43896103896103894
2021-11-18 08:30:00+00:00,0.3581233123312331,0.0,0.4264705882352941,0.419047619047619
2021-11-18 08:45:00+00:00,0.3581795679567957,0.0,0.4821115013169447,0.3991341991341991
2021-11-18 09:00:00+00:00,0.3582358235823582,0.0,0.5377524143985952,0.3792207792207792
2021-11-18 09:15:00+00:00,0.35862961296129614,0.0,0.5593503072870939,0.37748917748917743
2021-11-18 09:30:00+00:00,0.359023402340234,0.0,0.5809482001755926,0.3757575757575757
2021-11-18 09:45:00+00:00,0.35941719171917186,0.0,0.6025460930640913,0.374025974025974
2021-11-18 10:00:00+00:00,0.3598109810981098,0.0,0.62414398595259,0.3722943722943723
2021-11-18 10:15:00+00:00,0.35183205820582053,0.0,0.622980684811238,0.38549783549783545
2021-11-18 10:30:00+00:00,0.3438531353135313,0.0,0.6218173836698859,0.3987012987012986
2021-11-18 10:45:00+00:00,0.3358742124212421,0.0,0.6206540825285338,0.41190476190476183
2021-11-18 11:00:00+00:00,0.3278952895289529,0.0,0.6194907813871817,0.4251082251082251
2021-11-18 11:15:00+00:00,0.3194006900690069,0.0,0.6113476733977172,0.4346320346320346
2021-11-18 11:30:00+00:00,0.3109060906090609,0.0,0.6032045654082528,0.4441558441558441
2021-11-18 11:45:00+00:00,0.3024114911491149,0.0,0.5950614574187885,0.4536796536796536
2021-11-18 12:00:00+00:00,0.2939168916891689,0.0,0.586918349429324,0.4632034632034632
2021-11-18 12:15:00+00:00,0.2891351635163516,0.0,0.5823748902546093,0.4489177489177489
2021-11-18 12:30:00+00:00,0.2843534353435343,0.0,0.5778314310798947,0.4346320346320346
2021-11-18 12:45:00+00:00,0.27957170717071705,0.0,0.57328797190518,0.4203463203463203
2021-11-18 13:00:00+00:00,0.2747899789978998,0.0,0.5687445127304653,0.406060606060606
2021-11-18 13:15:00+00:00,0.27158340834083405,0.0,0.5557067603160667,0.406060606060606
2021-11-18 13:30:00+00:00,0.2683768376837683,0.0,0.542669007901668,0.406060606060606
2021-11-18 13:45:00+00:00,0.2651702670267026,0.0,0.5296312554872695,0.406060606060606
2021-11-18 14:00:00+00:00,0.2619636963696369,0.0,0.5165935030728709,0.406060606060606
2021-11-18 14:15:00+00:00,0.26040729072907287,0.0,0.4772388059701492,0.4214285714285714
2021-11-18 14:30:00+00:00,0.2588508850885088,0.0,0.4378841088674275,0.4367965367965367
2021-11-18 14:45:00+00:00,0.2572944794479447,0.0,0.39852941176470585,0.4521645021645021
2021-11-18 15:00:00+00:00,0.2557380738073807,0.0,0.3591747146619842,0.4675324675324675
2021-11-18 15:15:00+00:00,0.25482860786078604,0.0,0.29683933274802454,0.461038961038961
2021-11-18 15:30:00+00:00,0.2539191419141914,0.0,0.2345039508340649,0.4545454545454545
2021-11-18 15:45:00+00:00,0.2530096759675967,0.0,0.1721685689201053,0.448051948051948
2021-11-18 16:00:00+00:00,0.2521002100210021,0.0,0.1098331870061457,0.4415584415584415
2021-11-18 16:15:00+00:00,0.2557099459945994,0.0,0.08529411764705874,0.44999999999999996
2021-11-18 16:30:00+00:00,0.2593196819681967,0.0,0.0607550482879718,0.4584415584415584
2021-11-18 16:45:00+00:00,0.2629294179417941,0.0,0.036215978928884895,0.4668831168831169
2021-11-18 17:00:00+00:00,0.2665391539153915,0.0,0.011676909569798,0.4753246753246753
2021-11-18 17:15:00+00:00,0.2694644464446444,0.0,0.0096136962247585,0.4783549783549783
2021-11-18 17:30:00+00:00,0.2723897389738973,0.0,0.007550482879719,0.4813852813852813
2021-11-18 17:45:00+00:00,0.27531503150315023,0.0,0.0054872695346795,0.48441558441558435
2021-11-18 18:00:00+00:00,0.2782403240324032,0.0,0.00342405618964,0.4874458874458874
2021-11-18 18:15:00+00:00,0.27910291029102907,0.0,0.00338015803336255,0.4859307359307359
2021-11-18 18:30:00+00:00,0.2799654965496549,0.0,0.0033362598770851,0.4844155844155843
2021-11-18 18:45:00+00:00,0.2808280828082808,0.0,0.0032923617208076503,0.48290043290043283
2021-11-18 19:00:00+00:00,0.2816906690669067,0.0,0.0032484635645302,0.4813852813852813
2021-11-18 19:15:00+00:00,0.2802467746774677,0.0,0.0032265144863914998,0.4932900432900432
2021-11-18 19:30:00+00:00,0.2788028802880288,0.0,0.0032045654082528,0.5051948051948052
2021-11-18 19:45:00+00:00,0.27735898589858987,0.0,0.0031826163301141,0.5170995670995671
2021-11-18 20:00:00+00:00,0.2759150915091509,0.0,0.0031606672519754,0.529004329004329
2021-11-18 20:15:00+00:00,0.27382425742574257,0.0,0.0031826163301141,0.5186147186147186
2021-11-18 20:30:00+00:00,0.2717334233423342,0.0,0.0032045654082528,0.5082251082251082
2021-11-18 20:45:00+00:00,0.2696425892589258,0.0,0.0032265144863914998,0.49783549783549785
2021-11-18 21:00:00+00:00,0.2675517551755175,0.0,0.0032484635645302,0.4874458874458874
2021-11-18 21:15:00+00:00,0.2633044554455445,0.0,0.0032704126426689,0.47337662337662334
2021-11-18 21:30:00+00:00,0.2590571557155715,0.0,0.0032923617208076,0.4593073593073593
2021-11-18 21:45:00+00:00,0.25480985598559847,0.0,0.00331431079894635,0.4452380952380952
2021-11-18 22:00:00+00:00,0.2505625562556255,0.0,0.0033362598770851,0.4311688311688311
2021-11-18 22:15:00+00:00,0.2465402790279027,0.0,0.0032484635645302,0.4233766233766233
2021-11-18 22:30:00+00:00,0.2425180018001799,0.0,0.0031606672519753,0.4155844155844155
2021-11-18 22:45:00+00:00,0.23849572457245716,0.0,0.00307287093942045,0.40779220779220776
2021-11-18 23:00:00+00:00,0.2344734473447344,0.0,0.0029850746268656,0.4
2021-11-18 23:15:00+00:00,0.23246699669966991,0.0,0.00256804214222995,0.3958874458874459
2021-11-18 23:30:00+00:00,0.2304605460546054,0.0,0.0021510096575943,0.3917748917748918
2021-11-18 23:45:00+00:00,0.2284540954095409,0.0,0.0017339771729586498,0.3876623376623376
2021-11-19 00:00:00+00:00,0.2264476447644764,0.0,0.001316944688323,0.3835497835497835
2021-11-19 00:15:00+00:00,0.22727272727272718,0.0,0.0012949956101843,0.37943722943722935
2021-11-19 00:30:00+00:00,0.228097809780978,0.0,0.0012730465320456,0.3753246753246753
2021-11-19 00:45:00+00:00,0.22892289228922885,0.0,0.0012510974539069,0.3712121212121212
2021-11-19 01:00:00+00:00,0.2297479747974797,0.0,0.0012291483757682,0.3670995670995671
2021-11-19 01:15:00+00:00,0.230826207620762,0.0,0.0012071992976294501,0.36536796536796534
2021-11-19 01:30:00+00:00,0.2319044404440443,0.0,0.0011852502194907,0.3636363636363636
2021-11-19 01:45:00+00:00,0.23298267326732663,0.0,0.001163301141352,0.3619047619047619
2021-11-19 02:00:00+00:00,0.234060906090609,0.0,0.0011413520632133,0.3601731601731602
2021-11-19 02:15:00+00:00,0.2335452295229522,0.0,0.001163301141352,0.3599567099567099
2021-11-19 02:30:00+00:00,0.2330295529552954,0.0,0.0011852502194907,0.3597402597402597
2021-11-19 02:45:00+00:00,0.2325138763876387,0.0,0.0012071992976294501,0.35952380952380947
2021-11-19 03:00:00+00:00,0.231998199819982,0.0,0.0012291483757682,0.3593073593073593
2021-11-19 03:15:00+00:00,0.2343421842184218,0.0,0.0012291483757682,0.3593073593073593
2021-11-19 03:30:00+00:00,0.2366861686168616,0.0,0.0012291483757682,0.3593073593073593
2021-11-19 03:45:00+00:00,0.23903015301530145,0.0,0.0012291483757682,0.3593073593073593
2021-11-19 04:00:00+00:00,0.2413741374137413,0.0,0.0012291483757682,0.3593073593073593
2021-11-19 04:15:00+00:00,0.24293054305430534,0.0,0.0012071992976294501,0.3599567099567099
2021-11-19 04:30:00+00:00,0.2444869486948694,0.0,0.0011852502194907,0.3606060606060606
2021-11-19 04:45:00+00:00,0.2460433543354335,0.0,0.001163301141352,0.3612554112554113
2021-11-19 05:00:00+00:00,0.2475997599759976,0.0,0.0011413520632133,0.3619047619047619
2021-11-19 05:15:00+00:00,0.24739348934893485,0.0,0.0011413520632133,0.3651515151515151
2021-11-19 05:30:00+00:00,0.2471872187218721,0.0,0.0011413520632133,0.3683982683982684
2021-11-19 05:45:00+00:00,0.24698094809480942,0.0,0.0011413520632133,0.3716450216450216
2021-11-19 06:00:00+00:00,0.2467746774677467,0.0,0.0011413520632133,0.3748917748917749
2021-11-19 06:15:00+00:00,0.2459870987098709,0.0,0.011435469710272098,0.3781385281385281
2021-11-19 06:30:00+00:00,0.2451995199519951,0.0,0.0217295873573309,0.3813852813852814
2021-11-19 06:45:00+00:00,0.24441194119411935,0.0,0.03202370500438975,0.3846320346320346
2021-11-19 07:00:00+00:00,0.2436243624362436,0.0,0.0423178226514486,0.3878787878787879
2021-11-19 07:15:00+00:00,0.24287428742874284,0.0,0.0965320456540825,0.3852813852813853
2021-11-19 07:30:00+00:00,0.2421242124212421,0.0,0.1507462686567164,0.3826839826839827
2021-11-19 07:45:00+00:00,0.24137413741374136,0.0,0.20496049165935032,0.3800865800865801
2021-11-19 08:00:00+00:00,0.2406240624062406,0.0,0.2591747146619842,0.3774891774891775
2021-11-19 08:15:00+00:00,0.23987398739873983,0.0,0.3113037752414398,0.3781385281385281
2021-11-19 08:30:00+00:00,0.2391239123912391,0.0,0.3634328358208955,0.3787878787878788
2021-11-19 08:45:00+00:00,0.23837383738373835,0.0,0.4155618964003511,0.37943722943722946
2021-11-19 09:00:00+00:00,0.2376237623762376,0.0,0.4676909569798068,0.3800865800865801
2021-11-19 09:15:00+00:00,0.23712683768376835,0.0,0.4929543459174714,0.3748917748917749
2021-11-19 09:30:00+00:00,0.2366299129912991,0.0,0.518217734855136,0.3696969696969697
2021-11-19 09:45:00+00:00,0.23613298829882984,0.0,0.5434811237928007,0.3645021645021645
2021-11-19 10:00:00+00:00,0.2356360636063606,0.0,0.5687445127304653,0.3593073593073593
2021-11-19 10:15:00+00:00,0.23478285328532847,0.0,0.5634108867427569,0.358008658008658
2021-11-19 10:30:00+00:00,0.2339296429642963,0.0,0.5580772607550484,0.3567099567099567
2021-11-19 10:45:00+00:00,0.23307643264326425,0.0,0.5527436347673398,0.3554112554112554
2021-11-19 11:00:00+00:00,0.2322232223222322,0.0,0.5474100087796313,0.3541125541125541
2021-11-19 11:15:00+00:00,0.23297329732973293,0.0,0.5449517120280949,0.3532467532467532
2021-11-19 11:30:00+00:00,0.2337233723372337,0.0,0.5424934152765584,0.3523809523809523
2021-11-19 11:45:00+00:00,0.23447344734473446,0.0,0.540035118525022,0.35151515151515145
2021-11-19 12:00:00+00:00,0.2352235223522352,0.0,0.5375768217734855,0.3506493506493506
2021-11-19 12:15:00+00:00,0.2343609360936093,0.0,0.5226075504828798,0.35238095238095235
2021-11-19 12:30:00+00:00,0.2334983498349834,0.0,0.5076382791922739,0.3541125541125541
2021-11-19 12:45:00+00:00,0.23263576357635757,0.0,0.4926690079016681,0.35584415584415585
2021-11-19 13:00:00+00:00,0.2317731773177317,0.0,0.4776997366110623,0.3575757575757576
2021-11-19 13:15:00+00:00,0.23160441044104405,0.0,0.4588454784899034,0.35649350649350653
2021-11-19 13:30:00+00:00,0.2314356435643564,0.0,0.4399912203687445,0.3554112554112554
2021-11-19 13:45:00+00:00,0.23126687668766877,0.0,0.42113696224758557,0.35432900432900427
2021-11-19 14:00:00+00:00,0.2310981098109811,0.0,0.4022827041264267,0.3532467532467532
2021-11-19 14:15:00+00:00,0.2304886738673867,0.0,0.3660228270412642,0.36190476190476184
2021-11-19 14:30:00+00:00,0.2298792379237923,0.0,0.3297629499561018,0.3705627705627705
2021-11-19 14:45:00+00:00,0.22926980198019797,0.0,0.29350307287093935,0.3792207792207792
2021-11-19 15:00:00+00:00,0.2286603660366036,0.0,0.257243195785777,0.3878787878787879
2021-11-19 15:15:00+00:00,0.22937293729372932,0.0,0.20864793678665494,0.39329004329004325
2021-11-19 15:30:00+00:00,0.230085508550855,0.0,0.1600526777875329,0.3987012987012986
2021-11-19 15:45:00+00:00,0.23079807980798073,0.0,0.11145741878841085,0.4041125541125541
2021-11-19 16:00:00+00:00,0.2315106510651065,0.0,0.0628621597892888,0.4095238095238095
2021-11-19 16:15:00+00:00,0.2367424242424242,0.0,0.0491220368744512,0.41688311688311686
2021-11-19 16:30:00+00:00,0.2419741974197419,0.0,0.0353819139596136,0.4242424242424242
2021-11-19 16:45:00+00:00,0.24720597059705965,0.0,0.02164179104477605,0.43160173160173154
2021-11-19 17:00:00+00:00,0.2524377437743774,0.0,0.0079016681299385,0.4389610389610389
2021-11-19 17:15:00+00:00,0.25461296129612954,0.0,0.007243195785776899,0.4452380952380952
2021-11-19 17:30:00+00:00,0.2567881788178817,0.0,0.0065847234416153,0.4515151515151515
2021-11-19 17:45:00+00:00,0.2589633963396339,0.0,0.0059262510974538,0.45779220779220775
2021-11-19 18:00:00+00:00,0.2611386138613861,0.0,0.0052677787532923,0.4640692640692641
2021-11-19 18:15:00+00:00,0.26203870387038697,0.0,0.0045434591747146,0.46515151515151515
2021-11-19 18:30:00+00:00,0.2629387938793879,0.0,0.0038191395961369,0.4662337662337662
2021-11-19 18:45:00+00:00,0.26383888388838883,0.0,0.0030948200175591996,0.46731601731601735
2021-11-19 19:00:00+00:00,0.2647389738973897,0.0,0.0023705004389815,0.4683982683982684
2021-11-19 19:15:00+00:00,0.2657703270327032,0.0,0.0020193151887619998,0.4649350649350649
2021-11-19 19:30:00+00:00,0.2668016801680167,0.0,0.0016681299385425,0.4614718614718614
2021-11-19 19:45:00+00:00,0.26783303330333025,0.0,0.001316944688323,0.458008658008658
2021-11-19 20:00:00+00:00,0.2688643864386438,0.0,0.0009657594381035,0.4545454545454545
2021-11-19 20:15:00+00:00,0.2699894989498949,0.0,0.0009657594381035,0.44740259740259736
2021-11-19 20:30:00+00:00,0.271114611461146,0.0,0.0009657594381035,0.4402597402597402
2021-11-19 20:45:00+00:00,0.27223972397239715,0.0,0.0009657594381035,0.433116883116883
2021-11-19 21:00:00+00:00,0.2733648364836483,0.0,0.0009657594381035,0.4259740259740259
2021-11-19 21:15:00+00:00,0.27330858085808574,0.0,0.0009657594381035,0.42316017316017307
2021-11-19 21:30:00+00:00,0.2732523252325232,0.0,0.0009657594381035,0.4203463203463203
2021-11-19 21:45:00+00:00,0.27319606960696063,0.0,0.0009657594381035,0.41753246753246753
2021-11-19 22:00:00+00:00,0.2731398139813981,0.0,0.0009657594381035,0.4147186147186147
2021-11-19 22:15:00+00:00,0.27420867086708667,0.0,0.0009877085162422,0.40627705627705624
2021-11-19 22:30:00+00:00,0.2752775277527752,0.0,0.0010096575943809,0.3978354978354977
2021-11-19 22:45:00+00:00,0.27634638463846384,0.0,0.00103160667251965,0.3893939393939393
2021-11-19 23:00:00+00:00,0.2774152415241524,0.0,0.0010535557506584,0.3809523809523809
2021-11-19 23:15:00+00:00,0.27628075307530753,0.0,0.0010535557506584,0.3766233766233765
2021-11-19 23:30:00+00:00,0.2751462646264626,0.0,0.0010535557506584,0.3722943722943722
2021-11-19 23:45:00+00:00,0.27401177617761774,0.0,0.0010535557506584,0.3679653679653679
2021-11-20 00:00:00+00:00,0.2728772877287729,0.0,0.0010535557506584,0.3636363636363636
2021-11-20 00:15:00+00:00,0.271817806780678,0.0,0.0010535557506584,0.36125541125541116
2021-11-20 00:30:00+00:00,0.2707583258325832,0.0,0.0010535557506584,0.3588744588744588
2021-11-20 00:45:00+00:00,0.26969884488448836,0.0,0.0010535557506584,0.3564935064935064
2021-11-20 01:00:00+00:00,0.2686393639363936,0.0,0.0010535557506584,0.3541125541125541
2021-11-20 01:15:00+00:00,0.26585471047104703,0.0,0.0010535557506584,0.35108225108225105
2021-11-20 01:30:00+00:00,0.2630700570057005,0.0,0.0010535557506584,0.348051948051948
2021-11-20 01:45:00+00:00,0.260285403540354,0.0,0.0010535557506584,0.345021645021645
2021-11-20 02:00:00+00:00,0.2575007500750075,0.0,0.0010535557506584,0.341991341991342
2021-11-20 02:15:00+00:00,0.2531221872187218,0.0,0.0010535557506584,0.34155844155844156
2021-11-20 02:30:00+00:00,0.2487436243624362,0.0,0.0010535557506584,0.3411255411255411
2021-11-20 02:45:00+00:00,0.2443650615061506,0.0,0.0010535557506584,0.34069264069264066
2021-11-20 03:00:00+00:00,0.239986498649865,0.0,0.0010535557506584,0.3402597402597402
2021-11-20 03:15:00+00:00,0.23704245424542453,0.0,0.0010535557506584,0.3396103896103896
2021-11-20 03:30:00+00:00,0.2340984098409841,0.0,0.0010535557506584,0.3389610389610389
2021-11-20 03:45:00+00:00,0.23115436543654366,0.0,0.0010535557506584,0.33831168831168823
2021-11-20 04:00:00+00:00,0.2282103210321032,0.0,0.0010535557506584,0.3376623376623376
2021-11-20 04:15:00+00:00,0.22272539753975396,0.0,0.0010535557506584,0.33939393939393936
2021-11-20 04:30:00+00:00,0.2172404740474047,0.0,0.0010535557506584,0.3411255411255411
2021-11-20 04:45:00+00:00,0.21175555055505546,0.0,0.0010535557506584,0.34285714285714286
2021-11-20 05:00:00+00:00,0.2062706270627062,0.0,0.0010535557506584,0.3445887445887446
2021-11-20 05:15:00+00:00,0.20257650765076501,0.0,0.00103160667251965,0.345021645021645
2021-11-20 05:30:00+00:00,0.1988823882388238,0.0,0.0010096575943809,0.3454545454545454
2021-11-20 05:45:00+00:00,0.19518826882688264,0.0,0.0009877085162422,0.34588744588744585
2021-11-20 06:00:00+00:00,0.1914941494149415,0.0,0.0009657594381035,0.3463203463203463
2021-11-20 06:15:00+00:00,0.18737811281128108,0.0,0.0033143107989463,0.3474025974025974
2021-11-20 06:30:00+00:00,0.1832620762076207,0.0,0.0056628621597891,0.3484848484848484
2021-11-20 06:45:00+00:00,0.17914603960396036,0.0,0.008011413520632,0.3495670995670995
2021-11-20 07:00:00+00:00,0.1750300030003,0.0,0.0103599648814749,0.3506493506493506
2021-11-20 07:15:00+00:00,0.17038891389138905,0.0,0.02392449517120275,0.34978354978354975
2021-11-20 07:30:00+00:00,0.1657478247824781,0.0,0.0374890254609306,0.3489177489177489
2021-11-20 07:45:00+00:00,0.16110673567356726,0.0,0.05105355575065845,0.34805194805194806
2021-11-20 08:00:00+00:00,0.1564656465646564,0.0,0.0646180860403863,0.3471861471861472
2021-11-20 08:15:00+00:00,0.1533715871587158,0.0,0.07998244073748899,0.34783549783549783
2021-11-20 08:30:00+00:00,0.1502775277527752,0.0,0.0953467954345917,0.3484848484848485
2021-11-20 08:45:00+00:00,0.14718346834683466,0.0,0.11071115013169444,0.3491341991341992
2021-11-20 09:00:00+00:00,0.1440894089408941,0.0,0.1260755048287972,0.3497835497835498
2021-11-20 09:15:00+00:00,0.13844509450945094,0.0,0.13869622475856014,0.3474025974025974
2021-11-20 09:30:00+00:00,0.1328007800780078,0.0,0.1513169446883231,0.345021645021645
2021-11-20 09:45:00+00:00,0.12715646564656466,0.0,0.16393766461808607,0.34264069264069263
2021-11-20 10:00:00+00:00,0.1215121512151215,0.0,0.176558384547849,0.3402597402597402
2021-11-20 10:15:00+00:00,0.11438643864386436,0.0,0.1782484635645303,0.33852813852813846
2021-11-20 10:30:00+00:00,0.1072607260726072,0.0,0.1799385425812116,0.3367965367965367
2021-11-20 10:45:00+00:00,0.10013501350135011,0.0,0.1816286215978929,0.335064935064935
2021-11-20 11:00:00+00:00,0.093009300930093,0.0,0.1833187006145742,0.3333333333333333
2021-11-20 11:15:00+00:00,0.0883682118211821,0.0,0.18472344161545215,0.34004329004329004
2021-11-20 11:30:00+00:00,0.0837271227122712,0.0,0.1861281826163301,0.3467532467532467
2021-11-20 11:45:00+00:00,0.0790860336033603,0.0,0.18753292361720805,0.3534632034632035
2021-11-20 12:00:00+00:00,0.0744449444944494,0.0,0.188937664618086,0.3601731601731602
2021-11-20 12:15:00+00:00,0.07170717071707164,0.0,0.18518437225636514,0.3547619047619047
2021-11-20 12:30:00+00:00,0.0689693969396939,0.0,0.1814310798946443,0.3493506493506493
2021-11-20 12:45:00+00:00,0.06623162316231615,0.0,0.17767778753292354,0.3439393939393939
2021-11-20 13:00:00+00:00,0.0634938493849384,0.0,0.1739244951712028,0.3385281385281385
2021-11-20 13:15:00+00:00,0.06133738373837375,0.0,0.15935030728709387,0.3385281385281385
2021-11-20 13:30:00+00:00,0.0591809180918091,0.0,0.144776119402985,0.3385281385281385
2021-11-20 13:45:00+00:00,0.057024452445244456,0.0,0.13020193151887616,0.3385281385281385
2021-11-20 14:00:00+00:00,0.0548679867986798,0.0,0.1156277436347673,0.3385281385281385
2021-11-20 14:15:00+00:00,0.053761626162616205,0.0,0.10017559262510971,0.33917748917748913
2021-11-20 14:30:00+00:00,0.0526552655265526,0.0,0.0847234416154521,0.3398268398268398
2021-11-20 14:45:00+00:00,0.051548904890489,0.0,0.0692712906057945,0.3404761904761905
2021-11-20 15:00:00+00:00,0.0504425442544254,0.0,0.0538191395961369,0.3411255411255411
2021-11-20 15:15:00+00:00,0.049289303930393005,0.0,0.043634767339771646,0.346103896103896
2021-11-20 15:30:00+00:00,0.0481360636063606,0.0,0.0334503950834064,0.351082251082251
2021-11-20 15:45:00+00:00,0.046982823282328195,0.0,0.0232660228270412,0.35606060606060597
2021-11-20 16:00:00+00:00,0.0458295829582958,0.0,0.013081650570676,0.361038961038961
2021-11-20 16:15:00+00:00,0.0455951845184518,0.0,0.0107989464442493,0.3694805194805194
2021-11-20 16:30:00+00:00,0.0453607860786078,0.0,0.0085162423178226,0.3779220779220779
2021-11-20 16:45:00+00:00,0.045126387638763796,0.0,0.006233538191395899,0.38636363636363635
2021-11-20 17:00:00+00:00,0.0448919891989198,0.0,0.0039508340649692,0.3948051948051948
2021-11-20 17:15:00+00:00,0.04504200420041995,0.0,0.0035118525021948497,0.40021645021645025
2021-11-20 17:30:00+00:00,0.0451920192019201,0.0,0.0030728709394205,0.4056277056277056
2021-11-20 17:45:00+00:00,0.04534203420342025,0.0,0.00263388937664615,0.411038961038961
2021-11-20 18:00:00+00:00,0.0454920492049204,0.0,0.0021949078138718,0.4164502164502164
2021-11-20 18:15:00+00:00,0.0458108310831082,0.0,0.0019973661106233,0.4177489177489177
2021-11-20 18:30:00+00:00,0.046129612961296,0.0,0.0017998244073748,0.419047619047619
2021-11-20 18:45:00+00:00,0.04644839483948385,0.0,0.00160228270412635,0.4203463203463203
2021-11-20 19:00:00+00:00,0.0467671767176717,0.0,0.0014047410008779,0.4216450216450216
2021-11-20 19:15:00+00:00,0.046092109210920995,0.0,0.0013388937664617498,0.4203463203463203
2021-11-20 19:30:00+00:00,0.0454170417041703,0.0,0.0012730465320456,0.419047619047619
2021-11-20 19:45:00+00:00,0.04474197419741965,0.0,0.0012071992976294501,0.4177489177489177
2021-11-20 20:00:00+00:00,0.044066906690669,0.0,0.0011413520632133,0.4164502164502164
2021-11-20 20:15:00+00:00,0.04326995199519945,0.0,0.0011413520632133,0.4086580086580086
2021-11-20 20:30:00+00:00,0.0424729972997299,0.0,0.0011413520632133,0.4008658008658008
2021-11-20 20:45:00+00:00,0.04167604260426035,0.0,0.0011413520632133,0.3930735930735931
2021-11-20 21:00:00+00:00,0.0408790879087908,0.0,0.0011413520632133,0.3852813852813853
2021-11-20 21:15:00+00:00,0.0397258475847584,0.0,0.0011413520632133,0.3826839826839827
2021-11-20 21:30:00+00:00,0.038572607260726,0.0,0.0011413520632133,0.3800865800865801
2021-11-20 21:45:00+00:00,0.0374193669366936,0.0,0.0011413520632133,0.3774891774891775
2021-11-20 22:00:00+00:00,0.0362661266126612,0.0,0.0011413520632133,0.3748917748917749
2021-11-20 22:15:00+00:00,0.035159765976597604,0.0,0.00111940298507455,0.36926406926406924
2021-11-20 22:30:00+00:00,0.034053405340534,0.0,0.0010974539069358,0.3636363636363636
2021-11-20 22:45:00+00:00,0.0329470447044704,0.0,0.0010755048287971,0.358008658008658
2021-11-20 23:00:00+00:00,0.0318406840684068,0.0,0.0010535557506584,0.3523809523809524
2021-11-20 23:15:00+00:00,0.030724947494749404,0.0,0.0010535557506584,0.34696969696969693
2021-11-20 23:30:00+00:00,0.029609210921092,0.0,0.0010535557506584,0.3415584415584415
2021-11-20 23:45:00+00:00,0.02849347434743465,0.0,0.0010535557506584,0.3361471861471861
2021-11-21 00:00:00+00:00,0.0273777377737773,0.0,0.0010535557506584,0.3307359307359307
2021-11-21 00:15:00+00:00,0.0268714371437143,0.0,0.0010755048287971,0.33030303030303027
2021-11-21 00:30:00+00:00,0.0263651365136513,0.0,0.0010974539069358,0.3298701298701298
2021-11-21 00:45:00+00:00,0.0258588358835883,0.0,0.00111940298507455,0.3294372294372294
2021-11-21 01:00:00+00:00,0.0253525352535253,0.0,0.0011413520632133,0.329004329004329
2021-11-21 01:15:00+00:00,0.025802580258025752,0.0,0.0011413520632133,0.3274891774891775
2021-11-21 01:30:00+00:00,0.0262526252625262,0.0,0.0011413520632133,0.3259740259740259
2021-11-21 01:45:00+00:00,0.02670267026702665,0.0,0.0011413520632133,0.32445887445887445
2021-11-21 02:00:00+00:00,0.0271527152715271,0.0,0.0011413520632133,0.3229437229437229
2021-11-21 02:15:00+00:00,0.0285309780978097,0.0,0.0011413520632133,0.3229437229437229
2021-11-21 02:30:00+00:00,0.0299092409240923,0.0,0.0011413520632133,0.3229437229437229
2021-11-21 02:45:00+00:00,0.03128750375037495,0.0,0.0011413520632133,0.3229437229437229
2021-11-21 03:00:00+00:00,0.0326657665766576,0.0,0.0011413520632133,0.3229437229437229
2021-11-21 03:15:00+00:00,0.0355066756675667,0.0,0.0011413520632133,0.3229437229437229
2021-11-21 03:30:00+00:00,0.0383475847584758,0.0,0.0011413520632133,0.3229437229437229
2021-11-21 03:45:00+00:00,0.0411884938493849,0.0,0.0011413520632133,0.3229437229437229
2021-11-21 04:00:00+00:00,0.044029402940294,0.0,0.0011413520632133,0.3229437229437229
2021-11-21 04:15:00+00:00,0.04627025202520245,0.0,0.00111940298507455,0.32186147186147185
2021-11-21 04:30:00+00:00,0.0485111011101109,0.0,0.0010974539069358,0.3207792207792207
2021-11-21 04:45:00+00:00,0.0507519501950194,0.0,0.0010755048287971,0.31969696969696965
2021-11-21 05:00:00+00:00,0.0529927992799279,0.0,0.0010535557506584,0.3186147186147186
2021-11-21 05:15:00+00:00,0.05553367836783665,0.0,0.00151448639157145,0.3186147186147186
2021-11-21 05:30:00+00:00,0.0580745574557454,0.0,0.0019754170324845,0.3186147186147186
2021-11-21 05:45:00+00:00,0.06061543654365425,0.0,0.0024363476733976,0.3186147186147186
2021-11-21 06:00:00+00:00,0.0631563156315631,0.0,0.0028972783143107,0.3186147186147186
2021-11-21 06:15:00+00:00,0.0648814881488148,0.0,0.00787971905179975,0.31969696969696965
2021-11-21 06:30:00+00:00,0.0666066606660665,0.0,0.0128621597892888,0.3207792207792207
2021-11-21 06:45:00+00:00,0.06833183318331826,0.0,0.01784460052677785,0.32186147186147185
2021-11-21 07:00:00+00:00,0.07005700570057,0.0,0.0228270412642669,0.3229437229437229
2021-11-21 07:15:00+00:00,0.07296354635463534,0.0,0.049626865671641755,0.3255411255411255
2021-11-21 07:30:00+00:00,0.0758700870087007,0.0,0.0764266900790166,0.3281385281385281
2021-11-21 07:45:00+00:00,0.07877662766276615,0.0,0.1032265144863915,0.3307359307359307
2021-11-21 08:00:00+00:00,0.0816831683168316,0.0,0.1300263388937664,0.3333333333333333
2021-11-21 08:15:00+00:00,0.08180505550555045,0.0,0.1638498683055311,0.33290043290043286
2021-11-21 08:30:00+00:00,0.0819269426942693,0.0,0.1976733977172958,0.3324675324675324
2021-11-21 08:45:00+00:00,0.0820488298829882,0.0,0.23149692712906056,0.332034632034632
2021-11-21 09:00:00+00:00,0.0821707170717071,0.0,0.2653204565408253,0.3316017316017316
2021-11-21 09:15:00+00:00,0.0853116561656165,0.0,0.29514925373134326,0.3294372294372294
2021-11-21 09:30:00+00:00,0.0884525952595259,0.0,0.3249780509218613,0.3272727272727272
2021-11-21 09:45:00+00:00,0.0915935343534353,0.0,0.3548068481123793,0.32510822510822507
2021-11-21 10:00:00+00:00,0.0947344734473447,0.0,0.3846356453028973,0.3229437229437229
2021-11-21 10:15:00+00:00,0.10118511851185115,0.0,0.3902326602282704,0.32272727272727275
2021-11-21 10:30:00+00:00,0.1076357635763576,0.0,0.3958296751536435,0.3225108225108225
2021-11-21 10:45:00+00:00,0.11408640864086406,0.0,0.40142669007901666,0.3222943722943723
2021-11-21 11:00:00+00:00,0.1205370537053705,0.0,0.4070237050043898,0.3220779220779221
2021-11-21 11:15:00+00:00,0.1268095559555955,0.0,0.4089771729587357,0.3225108225108225
2021-11-21 11:30:00+00:00,0.1330820582058205,0.0,0.4109306409130816,0.322943722943723
2021-11-21 11:45:00+00:00,0.13935456045604555,0.0,0.41288410886742755,0.32337662337662343
2021-11-21 12:00:00+00:00,0.1456270627062706,0.0,0.4148375768217734,0.3238095238095238
2021-11-21 12:15:00+00:00,0.15238711371137104,0.0,0.40989903424056184,0.3248917748917749
2021-11-21 12:30:00+00:00,0.1591471647164715,0.0,0.4049604916593502,0.3259740259740259
2021-11-21 12:45:00+00:00,0.16590721572157205,0.0,0.40002194907813865,0.32705627705627704
2021-11-21 13:00:00+00:00,0.1726672667266726,0.0,0.3950834064969271,0.3281385281385281
2021-11-21 13:15:00+00:00,0.17659578457845776,0.0,0.3783362598770851,0.3283549783549783
2021-11-21 13:30:00+00:00,0.1805243024302429,0.0,0.3615891132572431,0.3285714285714285
2021-11-21 13:45:00+00:00,0.18445282028202814,0.0,0.34484196663740113,0.32878787878787874
2021-11-21 14:00:00+00:00,0.1883813381338134,0.0,0.3280948200175592,0.329004329004329
2021-11-21 14:15:00+00:00,0.18775315031503148,0.0,0.29686128182616317,0.330952380952381
2021-11-21 14:30:00+00:00,0.1871249624962496,0.0,0.2656277436347672,0.3329004329004329
2021-11-21 14:45:00+00:00,0.1864967746774677,0.0,0.2343942054433713,0.33484848484848484
2021-11-21 15:00:00+00:00,0.1858685868586858,0.0,0.2031606672519754,0.3367965367965368
2021-11-21 15:15:00+00:00,0.18743436843684358,0.0,0.163784021071115,0.3474025974025974
2021-11-21 15:30:00+00:00,0.1890001500150014,0.0,0.1244073748902546,0.358008658008658
2021-11-21 15:45:00+00:00,0.19056593159315927,0.0,0.0850307287093942,0.3686147186147186
2021-11-21 16:00:00+00:00,0.1921317131713171,0.0,0.0456540825285338,0.3792207792207792
2021-11-21 16:15:00+00:00,0.1979729222922292,0.0,0.03538191395961365,0.38679653679653675
2021-11-21 16:30:00+00:00,0.2038141314131413,0.0,0.0251097453906935,0.3943722943722943
2021-11-21 16:45:00+00:00,0.2096553405340534,0.0,0.014837576821773401,0.40194805194805194
2021-11-21 17:00:00+00:00,0.2154965496549655,0.0,0.0045654082528533,0.4095238095238095
2021-11-21 17:15:00+00:00,0.22395364536453644,0.0,0.0041483757682176,0.41428571428571426
2021-11-21 17:30:00+00:00,0.2324107410741074,0.0,0.0037313432835819,0.419047619047619
2021-11-21 17:45:00+00:00,0.24086783678367835,0.0,0.0033143107989463,0.42380952380952375
2021-11-21 18:00:00+00:00,0.2493249324932493,0.0,0.0028972783143107,0.4285714285714285
2021-11-21 18:15:00+00:00,0.25293466846684665,0.0,0.0028753292361719997,0.43030303030303024
2021-11-21 18:30:00+00:00,0.256544404440444,0.0,0.0028533801580333,0.432034632034632
2021-11-21 18:45:00+00:00,0.2601541404140414,0.0,0.0028314310798946,0.43376623376623374
2021-11-21 19:00:00+00:00,0.2637638763876387,0.0,0.0028094820017559,0.4354978354978355
2021-11-21 19:15:00+00:00,0.2615417791779177,0.0,0.0028094820017559,0.4316017316017316
2021-11-21 19:30:00+00:00,0.2593196819681967,0.0,0.0028094820017559,0.4277056277056277
2021-11-21 19:45:00+00:00,0.2570975847584758,0.0,0.0028094820017559,0.4238095238095238
2021-11-21 20:00:00+00:00,0.2548754875487549,0.0,0.0028094820017559,0.4199134199134199
2021-11-21 20:15:00+00:00,0.25544741974197416,0.0,0.0028094820017559,0.40995670995670996
2021-11-21 20:30:00+00:00,0.2560193519351935,0.0,0.0028094820017559,0.4
2021-11-21 20:45:00+00:00,0.2565912841284128,0.0,0.0028094820017559,0.3900432900432901
2021-11-21 21:00:00+00:00,0.2571632163216321,0.0,0.0028094820017559,0.3800865800865801
2021-11-21 21:15:00+00:00,0.25594434443444336,0.0,0.0028094820017559,0.374025974025974
2021-11-21 21:30:00+00:00,0.2547254725472547,0.0,0.0028094820017559,0.3679653679653679
2021-11-21 21:45:00+00:00,0.25350660066006603,0.0,0.0028094820017559,0.36190476190476184
2021-11-21 22:00:00+00:00,0.2522877287728773,0.0,0.0028094820017559,0.3558441558441558
2021-11-21 22:15:00+00:00,0.24765601560156014,0.0,0.0028094820017559,0.35281385281385275
2021-11-21 22:30:00+00:00,0.243024302430243,0.0,0.0028094820017559,0.3497835497835497
2021-11-21 22:45:00+00:00,0.23839258925892587,0.0,0.0028094820017559,0.3467532467532467
2021-11-21 23:00:00+00:00,0.2337608760876087,0.0,0.0028094820017559,0.3437229437229437
2021-11-21 23:15:00+00:00,0.22896977197719764,0.0,0.0028094820017559,0.3424242424242424
2021-11-21 23:30:00+00:00,0.2241786678667866,0.0,0.0028094820017559,0.3411255411255411
2021-11-21 23:45:00+00:00,0.2193875637563756,0.0,0.0028094820017559,0.3398268398268398
2021-11-22 00:00:00+00:00,0.2145964596459646,0.0,0.0028094820017559,0.3385281385281385
2021-11-22 00:15:00+00:00,0.21416516651665166,0.0,0.0028094820017559,0.3385281385281385
2021-11-22 00:30:00+00:00,0.2137338733873387,0.0,0.0028094820017559,0.3385281385281385
2021-11-22 00:45:00+00:00,0.21330258025802576,0.0,0.0028094820017559,0.3385281385281385
2021-11-22 01:00:00+00:00,0.2128712871287128,0.0,0.0028094820017559,0.3385281385281385
2021-11-22 01:15:00+00:00,0.2104710471047104,0.0,0.0028314310798946,0.3398268398268398
2021-11-22 01:30:00+00:00,0.208070807080708,0.0,0.0028533801580333,0.3411255411255411
2021-11-22 01:45:00+00:00,0.2056705670567056,0.0,0.0028753292361719997,0.3424242424242424
2021-11-22 02:00:00+00:00,0.2032703270327032,0.0,0.0028972783143107,0.3437229437229437
2021-11-22 02:15:00+00:00,0.20230460546054602,0.0,0.0028972783143107,0.34437229437229433
2021-11-22 02:30:00+00:00,0.2013388838883888,0.0,0.0028972783143107,0.345021645021645
2021-11-22 02:45:00+00:00,0.2003731623162316,0.0,0.0028972783143107,0.3456709956709957
2021-11-22 03:00:00+00:00,0.1994074407440744,0.0,0.0028972783143107,0.3463203463203463
2021-11-22 03:15:00+00:00,0.20567056705670567,0.0,0.0028753292361719997,0.34718614718614715
2021-11-22 03:30:00+00:00,0.2119336933693369,0.0,0.0028533801580333,0.348051948051948
2021-11-22 03:45:00+00:00,0.21819681968196813,0.0,0.0028314310798946,0.3489177489177489
2021-11-22 04:00:00+00:00,0.2244599459945994,0.0,0.0028094820017559,0.3497835497835498
2021-11-22 04:15:00+00:00,0.2314731473147314,0.0,0.0028094820017559,0.35
2021-11-22 04:30:00+00:00,0.2384863486348634,0.0,0.0028094820017559,0.3502164502164502
2021-11-22 04:45:00+00:00,0.24549954995499546,0.0,0.0028094820017559,0.35043290043290043
2021-11-22 05:00:00+00:00,0.2525127512751275,0.0,0.0028094820017559,0.3506493506493506
2021-11-22 05:15:00+00:00,0.2561412391239124,0.0,0.00278753292361715,0.3532467532467532
2021-11-22 05:30:00+00:00,0.2597697269726973,0.0,0.0027655838454784,0.3558441558441558
2021-11-22 05:45:00+00:00,0.2633982148214821,0.0,0.0027436347673396996,0.3584415584415584
2021-11-22 06:00:00+00:00,0.267026702670267,0.0,0.002721685689201,0.361038961038961
2021-11-22 06:15:00+00:00,0.265076507650765,0.0,0.00579455662862155,0.3651515151515151
2021-11-22 06:30:00+00:00,0.263126312631263,0.0,0.0088674275680421,0.3692640692640692
2021-11-22 06:45:00+00:00,0.26117611761176107,0.0,0.01194029850746265,0.37337662337662336
2021-11-22 07:00:00+00:00,0.2592259225922592,0.0,0.0150131694468832,0.3774891774891775
2021-11-22 07:15:00+00:00,0.2549129912991298,0.0,0.037818261633011344,0.37943722943722946
2021-11-22 07:30:00+00:00,0.2506000600060005,0.0,0.0606233538191395,0.3813852813852814
2021-11-22 07:45:00+00:00,0.2462871287128712,0.0,0.08342844600526769,0.3833333333333333
2021-11-22 08:00:00+00:00,0.2419741974197419,0.0,0.1062335381913959,0.3852813852813853
2021-11-22 08:15:00+00:00,0.23729560456045595,0.0,0.13953028972783135,0.38225108225108223
2021-11-22 08:30:00+00:00,0.23261701170117,0.0,0.1728270412642668,0.3792207792207792
2021-11-22 08:45:00+00:00,0.2279384188418841,0.0,0.2061237928007023,0.37619047619047613
2021-11-22 09:00:00+00:00,0.2232598259825982,0.0,0.2394205443371378,0.3731601731601731
2021-11-22 09:15:00+00:00,0.2179717971797179,0.0,0.25496049165935025,0.37359307359307353
2021-11-22 09:30:00+00:00,0.2126837683768376,0.0,0.2705004389815627,0.374025974025974
2021-11-22 09:45:00+00:00,0.20739573957395735,0.0,0.2860403863037752,0.37445887445887444
2021-11-22 10:00:00+00:00,0.2021077107710771,0.0,0.3015803336259877,0.3748917748917749
2021-11-22 10:15:00+00:00,0.20156390639063898,0.0,0.3032045654082528,0.3753246753246753
2021-11-22 10:30:00+00:00,0.2010201020102009,0.0,0.3048287971905179,0.3757575757575757
2021-11-22 10:45:00+00:00,0.2004762976297629,0.0,0.30645302897278304,0.37619047619047613
2021-11-22 11:00:00+00:00,0.1999324932493249,0.0,0.3080772607550482,0.3766233766233766
2021-11-22 11:15:00+00:00,0.2018264326432643,0.0,0.30401668129938536,0.37748917748917743
2021-11-22 11:30:00+00:00,0.2037203720372037,0.0,0.2999561018437225,0.3783549783549783
2021-11-22 11:45:00+00:00,0.20561431143114312,0.0,0.29589552238805966,0.3792207792207792
2021-11-22 12:00:00+00:00,0.2075082508250825,0.0,0.2918349429323968,0.3800865800865801
2021-11-22 12:15:00+00:00,0.20986161116111607,0.0,0.2923836698858647,0.3813852813852814
2021-11-22 12:30:00+00:00,0.2122149714971496,0.0,0.2929323968393327,0.3826839826839827
2021-11-22 12:45:00+00:00,0.21456833183318325,0.0,0.29348112379280067,0.383982683982684
2021-11-22 13:00:00+00:00,0.2169216921692169,0.0,0.2940298507462686,0.3852813852813853
2021-11-22 13:15:00+00:00,0.21796242124212414,0.0,0.28386742756804206,0.385064935064935
2021-11-22 13:30:00+00:00,0.2190031503150314,0.0,0.2737050043898156,0.3848484848484848
2021-11-22 13:45:00+00:00,0.22004387938793868,0.0,0.26354258121158913,0.38463203463203455
2021-11-22 14:00:00+00:00,0.221084608460846,0.0,0.2533801580333626,0.3844155844155844
2021-11-22 14:15:00+00:00,0.22467559255925584,0.0,0.2302458296751536,0.3857142857142857
2021-11-22 14:30:00+00:00,0.2282665766576657,0.0,0.2071115013169446,0.387012987012987
2021-11-22 14:45:00+00:00,0.23185756075607555,0.0,0.18397717295873567,0.3883116883116883
2021-11-22 15:00:00+00:00,0.2354485448544854,0.0,0.1608428446005267,0.3896103896103896
2021-11-22 15:15:00+00:00,0.2424429942994299,0.0,0.1298068481123792,0.40151515151515144
2021-11-22 15:30:00+00:00,0.2494374437443744,0.0,0.0987708516242317,0.4134199134199133
2021-11-22 15:45:00+00:00,0.2564318931893189,0.0,0.0677348551360842,0.4253246753246752
2021-11-22 16:00:00+00:00,0.2634263426342634,0.0,0.0366988586479367,0.4372294372294372
2021-11-22 16:15:00+00:00,0.2675892589258926,0.0,0.02844600526777865,0.4452380952380952
2021-11-22 16:30:00+00:00,0.2717521752175217,0.0,0.0201931518876206,0.4532467532467532
2021-11-22 16:45:00+00:00,0.27591509150915083,0.0,0.011940298507462602,0.46125541125541125
2021-11-22 17:00:00+00:00,0.28007800780078,0.0,0.0036874451273046,0.4692640692640693
2021-11-22 17:15:00+00:00,0.28575045004500443,0.0,0.0035557506584723,0.47554112554112554
2021-11-22 17:30:00+00:00,0.2914228922892288,0.0,0.00342405618964,0.4818181818181818
2021-11-22 17:45:00+00:00,0.29709533453345327,0.0,0.0032923617208076997,0.488095238095238
2021-11-22 18:00:00+00:00,0.3027677767776777,0.0,0.0031606672519754,0.4943722943722943
2021-11-22 18:15:00+00:00,0.3098934893489348,0.0,0.00263388937664615,0.49783549783549774
2021-11-22 18:30:00+00:00,0.3170192019201919,0.0,0.0021071115013169,0.5012987012987012
2021-11-22 18:45:00+00:00,0.32414491449144905,0.0,0.00158033362598765,0.5047619047619047
2021-11-22 19:00:00+00:00,0.3312706270627062,0.0,0.0010535557506584,0.5082251082251082
2021-11-22 19:15:00+00:00,0.33582733273327325,0.0,0.0010535557506584,0.5047619047619047
2021-11-22 19:30:00+00:00,0.3403840384038403,0.0,0.0010535557506584,0.5012987012987012
2021-11-22 19:45:00+00:00,0.3449407440744074,0.0,0.0010535557506584,0.49783549783549774
2021-11-22 20:00:00+00:00,0.3494974497449745,0.0,0.0010535557506584,0.4943722943722943
2021-11-22 20:15:00+00:00,0.35509488448844884,0.0,0.0010535557506584,0.4807359307359307
2021-11-22 20:30:00+00:00,0.3606923192319232,0.0,0.0010535557506584,0.467099567099567
2021-11-22 20:45:00+00:00,0.36628975397539754,0.0,0.0010535557506584,0.4534632034632034
2021-11-22 21:00:00+00:00,0.3718871887188719,0.0,0.0010535557506584,0.4398268398268398
2021-11-22 21:15:00+00:00,0.3725247524752475,0.0,0.00103160667251965,0.435064935064935
2021-11-22 21:30:00+00:00,0.3731623162316231,0.0,0.0010096575943809,0.4303030303030302
2021-11-22 21:45:00+00:00,0.37379987998799874,0.0,0.0009877085162422,0.42554112554112544
2021-11-22 22:00:00+00:00,0.3744374437443744,0.0,0.0009657594381035,0.4207792207792207
2021-11-22 22:15:00+00:00,0.3748124812481247,0.0,0.0009657594381035,0.4175324675324675
2021-11-22 22:30:00+00:00,0.3751875187518751,0.0,0.0009657594381035,0.4142857142857142
2021-11-22 22:45:00+00:00,0.3755625562556255,0.0,0.0009657594381035,0.411038961038961
2021-11-22 23:00:00+00:00,0.3759375937593759,0.0,0.0009657594381035,0.4077922077922078
2021-11-22 23:15:00+00:00,0.37906915691569154,0.0,0.0009657594381035,0.4051948051948052
2021-11-22 23:30:00+00:00,0.3822007200720072,0.0,0.0009657594381035,0.4025974025974026
2021-11-22 23:45:00+00:00,0.38533228322832286,0.0,0.0009657594381035,0.4
2021-11-23 00:00:00+00:00,0.3884638463846385,0.0,0.0009657594381035,0.3974025974025974
2021-11-23 00:15:00+00:00,0.39449257425742573,0.0,0.0009657594381035,0.396969696969697
2021-11-23 00:30:00+00:00,0.400521302130213,0.0,0.0009657594381035,0.3965367965367965
2021-11-23 00:45:00+00:00,0.4065500300030003,0.0,0.0009657594381035,0.39610389610389607
2021-11-23 01:00:00+00:00,0.4125787578757875,0.0,0.0009657594381035,0.3956709956709957
2021-11-23 01:15:00+00:00,0.41083483348334826,0.0,0.0009657594381035,0.3956709956709957
2021-11-23 01:30:00+00:00,0.409090909090909,0.0,0.0009657594381035,0.3956709956709957
2021-11-23 01:45:00+00:00,0.4073469846984698,0.0,0.0009657594381035,0.3956709956709957
2021-11-23 02:00:00+00:00,0.4056030603060306,0.0,0.0009657594381035,0.3956709956709957
2021-11-23 02:15:00+00:00,0.39876800180018,0.0,0.0009657594381035,0.39675324675324675
2021-11-23 02:30:00+00:00,0.3919329432943294,0.0,0.0009657594381035,0.3978354978354979
2021-11-23 02:45:00+00:00,0.3850978847884788,0.0,0.0009657594381035,0.39891774891774895
2021-11-23 03:00:00+00:00,0.3782628262826282,0.0,0.0009657594381035,0.4
2021-11-23 03:15:00+00:00,0.37756900690069,0.0,0.0009438103599647999,0.40108225108225104
2021-11-23 03:30:00+00:00,0.3768751875187518,0.0,0.0009218612818261,0.4021645021645021
2021-11-23 03:45:00+00:00,0.3761813681368137,0.0,0.0008999122036874,0.4032467532467532
2021-11-23 04:00:00+00:00,0.3754875487548755,0.0,0.0008779631255487,0.4043290043290043
2021-11-23 04:15:00+00:00,0.3750468796879688,0.0,0.0007023705004389,0.4073593073593073
2021-11-23 04:30:00+00:00,0.3746062106210621,0.0,0.0005267778753291,0.4103896103896103
2021-11-23 04:45:00+00:00,0.3741655415541554,0.0,0.0003511852502194,0.41341991341991335
2021-11-23 05:00:00+00:00,0.3737248724872487,0.0,0.0001755926251097,0.4164502164502164
2021-11-23 05:15:00+00:00,0.37089333933393337,0.0,0.00021949078138710002,0.4207792207792207
2021-11-23 05:30:00+00:00,0.368061806180618,0.0,0.0002633889376645,0.425108225108225
2021-11-23 05:45:00+00:00,0.3652302730273027,0.0,0.00030728709394195,0.42943722943722934
2021-11-23 06:00:00+00:00,0.3623987398739874,0.0,0.0003511852502194,0.4337662337662337
2021-11-23 06:15:00+00:00,0.3639363936393639,0.0,0.0066725197541702,0.4339826839826839
2021-11-23 06:30:00+00:00,0.3654740474047404,0.0,0.012993854258121,0.4341991341991341
2021-11-23 06:45:00+00:00,0.36701170117011694,0.0,0.0193151887620719,0.43441558441558437
2021-11-23 07:00:00+00:00,0.3685493549354935,0.0,0.0256365232660228,0.4346320346320346
2021-11-23 07:15:00+00:00,0.3669366936693669,0.0,0.06330114135206315,0.4333333333333333
2021-11-23 07:30:00+00:00,0.3653240324032403,0.0,0.1009657594381035,0.432034632034632
2021-11-23 07:45:00+00:00,0.36371137113711366,0.0,0.1386303775241439,0.4307359307359307
2021-11-23 08:00:00+00:00,0.3620987098709871,0.0,0.1762949956101843,0.4294372294372294
2021-11-23 08:15:00+00:00,0.360739198919892,0.0,0.20428007023704994,0.4285714285714285
2021-11-23 08:30:00+00:00,0.3593796879687969,0.0,0.2322651448639156,0.4277056277056276
2021-11-23 08:45:00+00:00,0.3580201770177018,0.0,0.2602502194907813,0.42683982683982674
2021-11-23 09:00:00+00:00,0.3566606660666067,0.0,0.288235294117647,0.4259740259740259
2021-11-23 09:15:00+00:00,0.3538760126012601,0.0,0.3017120280948199,0.427056277056277
2021-11-23 09:30:00+00:00,0.3510913591359136,0.0,0.3151887620719928,0.4281385281385281
2021-11-23 09:45:00+00:00,0.34830670567056704,0.0,0.3286654960491658,0.42922077922077917
2021-11-23 10:00:00+00:00,0.3455220522052205,0.0,0.3421422300263388,0.4303030303030303
2021-11-23 10:15:00+00:00,0.34395627062706263,0.0,0.35072431957857764,0.4346320346320346
2021-11-23 10:30:00+00:00,0.3423904890489048,0.0,0.3593064091308164,0.4389610389610389
2021-11-23 10:45:00+00:00,0.340824707470747,0.0,0.3678884986830553,0.44329004329004323
2021-11-23 11:00:00+00:00,0.3392589258925892,0.0,0.3764705882352941,0.4476190476190476
2021-11-23 11:15:00+00:00,0.339577707770777,0.0,0.3836040386303775,0.4495670995670995
2021-11-23 11:30:00+00:00,0.3398964896489648,0.0,0.3907374890254609,0.4515151515151515
2021-11-23 11:45:00+00:00,0.34021527152715264,0.0,0.3978709394205443,0.45346320346320346
2021-11-23 12:00:00+00:00,0.3405340534053405,0.0,0.4050043898156277,0.4554112554112554
2021-11-23 12:15:00+00:00,0.3437218721872186,0.0,0.39705882352941174,0.45238095238095233
2021-11-23 12:30:00+00:00,0.3469096909690968,0.0,0.3891132572431958,0.4493506493506493
2021-11-23 12:45:00+00:00,0.350097509750975,0.0,0.3811676909569798,0.4463203463203463
2021-11-23 13:00:00+00:00,0.3532853285328532,0.0,0.3732221246707638,0.4432900432900433
2021-11-23 13:15:00+00:00,0.34999437443744363,0.0,0.35324846356453027,0.4452380952380952
2021-11-23 13:30:00+00:00,0.3467034203420341,0.0,0.3332748024582967,0.4471861471861472
2021-11-23 13:45:00+00:00,0.3434124662466246,0.0,0.31330114135206316,0.44913419913419916
2021-11-23 14:00:00+00:00,0.3401215121512151,0.0,0.2933274802458296,0.4510822510822511
2021-11-23 14:15:00+00:00,0.3366336633663366,0.0,0.2632791922739244,0.4523809523809524
2021-11-23 14:30:00+00:00,0.3331458145814581,0.0,0.2332309043020192,0.4536796536796537
2021-11-23 14:45:00+00:00,0.32965796579657963,0.0,0.20318261633011406,0.454978354978355
2021-11-23 15:00:00+00:00,0.3261701170117012,0.0,0.1731343283582089,0.4562770562770563
2021-11-23 15:15:00+00:00,0.32415429042904287,0.0,0.1379938542581211,0.4636363636363636
2021-11-23 15:30:00+00:00,0.3221384638463846,0.0,0.1028533801580333,0.4709956709956709
2021-11-23 15:45:00+00:00,0.32012263726372636,0.0,0.0677129060579455,0.4783549783549783
2021-11-23 16:00:00+00:00,0.3181068106810681,0.0,0.0325724319578577,0.4857142857142857
2021-11-23 16:15:00+00:00,0.3127906540654065,0.0,0.02552677787532915,0.49242424242424243
2021-11-23 16:30:00+00:00,0.307474497449745,0.0,0.0184811237928006,0.4991341991341991
2021-11-23 16:45:00+00:00,0.3021583408340834,0.0,0.011435469710272102,0.5058441558441558
2021-11-23 17:00:00+00:00,0.2968421842184218,0.0,0.0043898156277436,0.5125541125541125
2021-11-23 17:15:00+00:00,0.29104785478547845,0.0,0.0038410886742756504,0.5205627705627706
2021-11-23 17:30:00+00:00,0.2852535253525352,0.0,0.0032923617208077,0.5285714285714286
2021-11-23 17:45:00+00:00,0.2794591959195919,0.0,0.00274363476733975,0.5365800865800866
2021-11-23 18:00:00+00:00,0.2736648664866487,0.0,0.0021949078138718,0.5445887445887446
2021-11-23 18:15:00+00:00,0.26824557455745573,0.0,0.0021071115013169004,0.5675324675324676
2021-11-23 18:30:00+00:00,0.2628262826282628,0.0,0.002019315188762,0.5904761904761905
2021-11-23 18:45:00+00:00,0.2574069906990699,0.0,0.0019315188762071501,0.6134199134199134
2021-11-23 19:00:00+00:00,0.251987698769877,0.0,0.0018437225636523,0.6363636363636364
2021-11-23 19:15:00+00:00,0.24656840684068404,0.0,0.0018437225636523,0.6218614718614719
2021-11-23 19:30:00+00:00,0.2411491149114911,0.0,0.0018437225636523,0.6073593073593073
2021-11-23 19:45:00+00:00,0.23572982298229822,0.0,0.0018437225636523,0.5928571428571429
2021-11-23 20:00:00+00:00,0.2303105310531053,0.0,0.0018437225636523,0.5783549783549784
2021-11-23 20:15:00+00:00,0.2269539453945394,0.0,0.00166812993854255,0.5701298701298702
2021-11-23 20:30:00+00:00,0.2235973597359735,0.0,0.0014925373134328,0.5619047619047619
2021-11-23 20:45:00+00:00,0.22024077407740764,0.0,0.00131694468832305,0.5536796536796537
2021-11-23 21:00:00+00:00,0.2168841884188418,0.0,0.0011413520632133,0.5454545454545454
2021-11-23 21:15:00+00:00,0.2137244974497449,0.0,0.00096575943810355,0.5435064935064935
2021-11-23 21:30:00+00:00,0.210564806480648,0.0,0.0007901668129938,0.5415584415584416
2021-11-23 21:45:00+00:00,0.2074051155115511,0.0,0.00061457418788405,0.5396103896103897
2021-11-23 22:00:00+00:00,0.2042454245424542,0.0,0.0004389815627743,0.5376623376623376
2021-11-23 22:15:00+00:00,0.2001293879387938,0.0,0.0004389815627743,0.5303030303030303
2021-11-23 22:30:00+00:00,0.1960133513351334,0.0,0.0004389815627743,0.5229437229437229
2021-11-23 22:45:00+00:00,0.19189731473147303,0.0,0.0004389815627743,0.5155844155844156
2021-11-23 23:00:00+00:00,0.1877812781278127,0.0,0.0004389815627743,0.5082251082251082
2021-11-23 23:15:00+00:00,0.18479035403540345,0.0,0.0004389815627743,0.5073593073593075
2021-11-23 23:30:00+00:00,0.1817994299429942,0.0,0.0004389815627743,0.5064935064935066
2021-11-23 23:45:00+00:00,0.178808505850585,0.0,0.0004389815627743,0.5056277056277056
2021-11-24 00:00:00+00:00,0.1758175817581758,0.0,0.0004389815627743,0.5047619047619047
2021-11-24 00:15:00+00:00,0.17592071707170714,0.0,0.0004389815627743,0.5023809523809524
2021-11-24 00:30:00+00:00,0.1760238523852385,0.0,0.0004389815627743,0.5
2021-11-24 00:45:00+00:00,0.17612698769876983,0.0,0.0004389815627743,0.4976190476190476
2021-11-24 01:00:00+00:00,0.1762301230123012,0.0,0.0004389815627743,0.4952380952380952
2021-11-24 01:15:00+00:00,0.1724703720372037,0.0,0.0004389815627743,0.4943722943722943
2021-11-24 01:30:00+00:00,0.1687106210621062,0.0,0.0004389815627743,0.4935064935064934
2021-11-24 01:45:00+00:00,0.1649508700870087,0.0,0.0004389815627743,0.49264069264069255
2021-11-24 02:00:00+00:00,0.1611911191119112,0.0,0.0004389815627743,0.4917748917748917
2021-11-24 02:15:00+00:00,0.15487173717371733,0.0,0.0004389815627743,0.4902597402597402
2021-11-24 02:30:00+00:00,0.1485523552355235,0.0,0.0004389815627743,0.4887445887445887
2021-11-24 02:45:00+00:00,0.1422329732973297,0.0,0.0004389815627743,0.48722943722943723
2021-11-24 03:00:00+00:00,0.1359135913591359,0.0,0.0004389815627743,0.4857142857142857
2021-11-24 03:15:00+00:00,0.1341040354035403,0.0,0.0004389815627743,0.48636363636363633
2021-11-24 03:30:00+00:00,0.1322944794479447,0.0,0.0004389815627743,0.487012987012987
2021-11-24 03:45:00+00:00,0.13048492349234914,0.0,0.0004389815627743,0.4876623376623377
2021-11-24 04:00:00+00:00,0.1286753675367536,0.0,0.0004389815627743,0.4883116883116883
2021-11-24 04:15:00+00:00,0.13314768976897678,0.0,0.0004389815627743,0.5095238095238095
2021-11-24 04:30:00+00:00,0.1376200120012,0.0,0.0004389815627743,0.5307359307359307
2021-11-24 04:45:00+00:00,0.14209233423342327,0.0,0.0004389815627743,0.551948051948052
2021-11-24 05:00:00+00:00,0.1465646564656465,0.0,0.0004389815627743,0.5731601731601732
2021-11-24 05:15:00+00:00,0.1507650765076507,0.0,0.000460930640913,0.5725108225108225
2021-11-24 05:30:00+00:00,0.1549654965496549,0.0,0.0004828797190517,0.5718614718614718
2021-11-24 05:45:00+00:00,0.1591659165916591,0.0,0.0005048287971904501,0.5712121212121213
2021-11-24 06:00:00+00:00,0.1633663366336633,0.0,0.0005267778753292,0.5705627705627706
2021-11-24 06:15:00+00:00,0.16590721572157208,0.0,0.00702370500438975,0.5863636363636364
2021-11-24 06:30:00+00:00,0.1684480948094809,0.0,0.0135206321334503,0.6021645021645021
2021-11-24 06:45:00+00:00,0.1709889738973897,0.0,0.0200175592625109,0.6179653679653679
2021-11-24 07:00:00+00:00,0.1735298529852985,0.0,0.0265144863915715,0.6337662337662338
2021-11-24 07:15:00+00:00,0.1756488148814881,0.0,0.06571553994732215,0.6145021645021644
2021-11-24 07:30:00+00:00,0.1777677767776777,0.0,0.1049165935030728,0.5952380952380952
2021-11-24 07:45:00+00:00,0.17988673867386734,0.0,0.1441176470588235,0.575974025974026
2021-11-24 08:00:00+00:00,0.182005700570057,0.0,0.1833187006145742,0.5567099567099567
2021-11-24 08:15:00+00:00,0.1874624962496249,0.0,0.2203906935908692,0.5673160173160173
2021-11-24 08:30:00+00:00,0.1929192919291928,0.0,0.2574626865671642,0.577922077922078
2021-11-24 08:45:00+00:00,0.1983760876087608,0.0,0.2945346795434592,0.5885281385281386
2021-11-24 09:00:00+00:00,0.2038328832883288,0.0,0.3316066725197542,0.5991341991341992
2021-11-24 09:15:00+00:00,0.21104297929792976,0.0,0.3544556628621598,0.6047619047619048
2021-11-24 09:30:00+00:00,0.2182530753075307,0.0,0.3773046532045654,0.6103896103896105
2021-11-24 09:45:00+00:00,0.22546317131713164,0.0,0.400153643546971,0.6160173160173161
2021-11-24 10:00:00+00:00,0.2326732673267326,0.0,0.4230026338893766,0.6216450216450217
2021-11-24 10:15:00+00:00,0.2401083858385838,0.0,0.4250438981562774,0.6023809523809525
2021-11-24 10:30:00+00:00,0.247543504350435,0.0,0.4270851624231782,0.5831168831168831
2021-11-24 10:45:00+00:00,0.25497862286228623,0.0,0.429126426690079,0.5638528138528138
2021-11-24 11:00:00+00:00,0.2624137413741374,0.0,0.4311676909569798,0.5445887445887446
2021-11-24 11:15:00+00:00,0.2726616411641164,0.0,0.4171641791044776,0.5606060606060606
2021-11-24 11:30:00+00:00,0.2829095409540954,0.0,0.4031606672519754,0.5766233766233766
2021-11-24 11:45:00+00:00,0.29315744074407435,0.0,0.3891571553994732,0.5926406926406926
2021-11-24 12:00:00+00:00,0.3034053405340534,0.0,0.375153643546971,0.6086580086580087
2021-11-24 12:15:00+00:00,0.31404702970297027,0.0,0.358406496927129,0.5891774891774892
2021-11-24 12:30:00+00:00,0.3246887188718872,0.0,0.341659350307287,0.5696969696969697
2021-11-24 12:45:00+00:00,0.3353304080408041,0.0,0.32491220368744506,0.5502164502164502
2021-11-24 13:00:00+00:00,0.345972097209721,0.0,0.3081650570676031,0.5307359307359307
2021-11-24 13:15:00+00:00,0.3568388088808881,0.0,0.2827699736611061,0.5318181818181817
2021-11-24 13:30:00+00:00,0.3677055205520552,0.0,0.2573748902546092,0.5329004329004329
2021-11-24 13:45:00+00:00,0.3785722322232223,0.0,0.2319798068481123,0.533982683982684
2021-11-24 14:00:00+00:00,0.3894389438943894,0.0,0.2065847234416154,0.535064935064935
2021-11-24 14:15:00+00:00,0.39396752175217514,0.0,0.1911325724319578,0.5359307359307359
2021-11-24 14:30:00+00:00,0.3984960996099609,0.0,0.1756804214223002,0.5367965367965368
2021-11-24 14:45:00+00:00,0.40302467746774673,0.0,0.1602282704126426,0.5376623376623377
2021-11-24 15:00:00+00:00,0.4075532553255325,0.0,0.144776119402985,0.5385281385281385
2021-11-24 15:15:00+00:00,0.41136926192619255,0.0,0.11938103599648804,0.5456709956709958
2021-11-24 15:30:00+00:00,0.4151852685268526,0.0,0.0939859525899911,0.5528138528138529
2021-11-24 15:45:00+00:00,0.41900127512751273,0.0,0.06859086918349419,0.55995670995671
2021-11-24 16:00:00+00:00,0.4228172817281728,0.0,0.0431957857769973,0.5670995670995671
2021-11-24 16:15:00+00:00,0.42478622862286225,0.0,0.0331650570676031,0.5863636363636364
2021-11-24 16:30:00+00:00,0.4267551755175517,0.0,0.0231343283582089,0.6056277056277056
2021-11-24 16:45:00+00:00,0.4287241224122412,0.0,0.0131035996488147,0.6248917748917748
2021-11-24 17:00:00+00:00,0.4306930693069307,0.0,0.0030728709394205,0.6441558441558441
2021-11-24 17:15:00+00:00,0.4340121512151215,0.0,0.0027655838454784497,0.6577922077922078
2021-11-24 17:30:00+00:00,0.4373312331233123,0.0,0.0024582967515364,0.6714285714285715
2021-11-24 17:45:00+00:00,0.4406503150315031,0.0,0.0021510096575943502,0.685064935064935
2021-11-24 18:00:00+00:00,0.4439693969396939,0.0,0.0018437225636523,0.6987012987012987
2021-11-24 18:15:00+00:00,0.44483198319831974,0.0,0.00182177348551355,0.708008658008658
2021-11-24 18:30:00+00:00,0.4456945694569456,0.0,0.0017998244073748,0.7173160173160174
2021-11-24 18:45:00+00:00,0.44655715571557153,0.0,0.0017778753292361,0.7266233766233766
2021-11-24 19:00:00+00:00,0.4474197419741974,0.0,0.0017559262510974,0.7359307359307359
2021-11-24 19:15:00+00:00,0.4447569756975698,0.0,0.00149253731343275,0.7335497835497835
2021-11-24 19:30:00+00:00,0.4420942094209421,0.0,0.0012291483757681,0.7311688311688311
2021-11-24 19:45:00+00:00,0.4394314431443144,0.0,0.0009657594381034999,0.7287878787878788
2021-11-24 20:00:00+00:00,0.4367686768676868,0.0,0.0007023705004389,0.7264069264069264
2021-11-24 20:15:00+00:00,0.4308805880588059,0.0,0.00065847234416145,0.7
2021-11-24 20:30:00+00:00,0.424992499249925,0.0,0.000614574187884,0.6735930735930735
2021-11-24 20:45:00+00:00,0.4191044104410441,0.0,0.0005706760316066,0.6471861471861471
2021-11-24 21:00:00+00:00,0.4132163216321632,0.0,0.0005267778753292,0.6207792207792208
2021-11-24 21:15:00+00:00,0.4085564806480648,0.0,0.00059262510974535,0.6164502164502164
2021-11-24 21:30:00+00:00,0.4038966396639664,0.0,0.0006584723441615,0.6121212121212121
2021-11-24 21:45:00+00:00,0.39923679867986794,0.0,0.0007243195785776499,0.6077922077922078
2021-11-24 22:00:00+00:00,0.3945769576957695,0.0,0.0007901668129938,0.6034632034632035
2021-11-24 22:15:00+00:00,0.394595709570957,0.0,0.0008121158911325,0.6090909090909091
2021-11-24 22:30:00+00:00,0.3946144614461445,0.0,0.0008340649692712,0.6147186147186148
2021-11-24 22:45:00+00:00,0.39463321332133205,0.0,0.00085601404740995,0.6203463203463204
2021-11-24 23:00:00+00:00,0.3946519651965196,0.0,0.0008779631255487,0.625974025974026
2021-11-24 23:15:00+00:00,0.39366749174917487,0.0,0.0008999122036874,0.6177489177489177
2021-11-24 23:30:00+00:00,0.3926830183018301,0.0,0.0009218612818261,0.6095238095238096
2021-11-24 23:45:00+00:00,0.3916985448544854,0.0,0.0009438103599647999,0.6012987012987013
2021-11-25 00:00:00+00:00,0.3907140714071407,0.0,0.0009657594381035,0.5930735930735931
2021-11-25 00:15:00+00:00,0.3883888388838884,0.0,0.0009877085162422,0.5937229437229438
2021-11-25 00:30:00+00:00,0.3860636063606361,0.0,0.0010096575943809,0.5943722943722944
2021-11-25 00:45:00+00:00,0.38373837383738374,0.0,0.00103160667251965,0.595021645021645
2021-11-25 01:00:00+00:00,0.3814131413141314,0.0,0.0010535557506584,0.5956709956709957
2021-11-25 01:15:00+00:00,0.37793466846684665,0.0,0.0010755048287971,0.5948051948051949
2021-11-25 01:30:00+00:00,0.3744561956195619,0.0,0.0010974539069358,0.593939393939394
2021-11-25 01:45:00+00:00,0.3709777227722772,0.0,0.00111940298507455,0.5930735930735931
2021-11-25 02:00:00+00:00,0.3674992499249925,0.0,0.0011413520632133,0.5922077922077922
2021-11-25 02:15:00+00:00,0.36345822082208223,0.0,0.0011413520632133,0.5924242424242424
2021-11-25 02:30:00+00:00,0.3594171917191719,0.0,0.0011413520632133,0.5926406926406926
2021-11-25 02:45:00+00:00,0.3553761626162616,0.0,0.0011413520632133,0.5928571428571429
2021-11-25 03:00:00+00:00,0.3513351335133513,0.0,0.0011413520632133,0.5930735930735931
2021-11-25 03:15:00+00:00,0.3499568706870687,0.0,0.0011413520632133,0.5930735930735931
2021-11-25 03:30:00+00:00,0.3485786078607861,0.0,0.0011413520632133,0.5930735930735931
2021-11-25 03:45:00+00:00,0.3472003450345035,0.0,0.0011413520632133,0.5930735930735931
2021-11-25 04:00:00+00:00,0.3458220822082208,0.0,0.0011413520632133,0.5930735930735931
2021-11-25 04:15:00+00:00,0.34795042004200416,0.0,0.0011413520632133,0.6106060606060606
2021-11-25 04:30:00+00:00,0.3500787578757875,0.0,0.0011413520632133,0.6281385281385281
2021-11-25 04:45:00+00:00,0.35220709570957087,0.0,0.0011413520632133,0.6456709956709956
2021-11-25 05:00:00+00:00,0.3543354335433543,0.0,0.0011413520632133,0.6632034632034632
2021-11-25 05:15:00+00:00,0.35074444944494443,0.0,0.001163301141352,0.6673160173160173
2021-11-25 05:30:00+00:00,0.3471534653465346,0.0,0.0011852502194907,0.6714285714285715
2021-11-25 05:45:00+00:00,0.3435624812481248,0.0,0.0012071992976294501,0.6755411255411256
2021-11-25 06:00:00+00:00,0.339971497149715,0.0,0.0012291483757682,0.6796536796536796
2021-11-25 06:15:00+00:00,0.33917454245424544,0.0,0.006848112379280049,0.6638528138528138
2021-11-25 06:30:00+00:00,0.3383775877587759,0.0,0.0124670763827919,0.648051948051948
2021-11-25 06:45:00+00:00,0.3375806330633063,0.0,0.01808604038630375,0.6322510822510823
2021-11-25 07:00:00+00:00,0.3367836783678368,0.0,0.0237050043898156,0.6164502164502165
2021-11-25 07:15:00+00:00,0.337205595559556,0.0,0.0607111501316944,0.6192640692640692
2021-11-25 07:30:00+00:00,0.3376275127512751,0.0,0.0977172958735732,0.622077922077922
2021-11-25 07:45:00+00:00,0.3380494299429943,0.0,0.13472344161545208,0.6248917748917748
2021-11-25 08:00:00+00:00,0.3384713471347135,0.0,0.171729587357331,0.6277056277056277
2021-11-25 08:15:00+00:00,0.33917454245424544,0.0,0.2118525021949078,0.6352813852813852
2021-11-25 08:30:00+00:00,0.3398777377737774,0.0,0.2519754170324846,0.6428571428571428
2021-11-25 08:45:00+00:00,0.34058093309330933,0.0,0.29209833187006146,0.6504329004329004
2021-11-25 09:00:00+00:00,0.3412841284128413,0.0,0.3322212467076383,0.658008658008658
2021-11-25 09:15:00+00:00,0.3451751425142514,0.0,0.34543459174714664,0.6651515151515153
2021-11-25 09:30:00+00:00,0.3490661566156615,0.0,0.3586479367866549,0.6722943722943724
2021-11-25 09:45:00+00:00,0.3529571707170716,0.0,0.37186128182616324,0.6794372294372295
2021-11-25 10:00:00+00:00,0.3568481848184818,0.0,0.3850746268656716,0.6865800865800866
2021-11-25 10:15:00+00:00,0.36442394239423936,0.0,0.3841527655838455,0.6811688311688312
2021-11-25 10:30:00+00:00,0.3719996999699969,0.0,0.3832309043020193,0.6757575757575758
2021-11-25 10:45:00+00:00,0.3795754575457545,0.0,0.38230904302019314,0.6703463203463204
2021-11-25 11:00:00+00:00,0.3871512151215121,0.0,0.381387181738367,0.6649350649350649
2021-11-25 11:15:00+00:00,0.3916610411041104,0.0,0.3800702370500439,0.6491341991341991
2021-11-25 11:30:00+00:00,0.3961708670867087,0.0,0.3787532923617208,0.6333333333333333
2021-11-25 11:45:00+00:00,0.4006806930693069,0.0,0.37743634767339773,0.6175324675324676
2021-11-25 12:00:00+00:00,0.4051905190519052,0.0,0.3761194029850746,0.6017316017316018
2021-11-25 12:15:00+00:00,0.4064562706270627,0.0,0.37311237928007024,0.6041125541125542
2021-11-25 12:30:00+00:00,0.4077220222022202,0.0,0.3701053555750658,0.6064935064935065
2021-11-25 12:45:00+00:00,0.4089877737773777,0.0,0.36709833187006147,0.6088744588744589
2021-11-25 13:00:00+00:00,0.4102535253525352,0.0,0.3640913081650571,0.6112554112554113
2021-11-25 13:15:00+00:00,0.4133475847584758,0.0,0.3468393327480246,0.6147186147186148
2021-11-25 13:30:00+00:00,0.4164416441644164,0.0,0.3295873573309921,0.6181818181818182
2021-11-25 13:45:00+00:00,0.419535703570357,0.0,0.3123353819139596,0.6216450216450216
2021-11-25 14:00:00+00:00,0.4226297629762976,0.0,0.2950834064969271,0.6251082251082251
2021-11-25 14:15:00+00:00,0.4208577107710771,0.0,0.26321334503950833,0.6426406926406927
2021-11-25 14:30:00+00:00,0.4190856585658565,0.0,0.2313432835820895,0.6601731601731602
2021-11-25 14:45:00+00:00,0.41731360636063597,0.0,0.1994732221246707,0.6777056277056277
2021-11-25 15:00:00+00:00,0.4155415541554155,0.0,0.1676031606672519,0.6952380952380952
2021-11-25 15:15:00+00:00,0.41459458445844577,0.0,0.13382352941176465,0.698051948051948
2021-11-25 15:30:00+00:00,0.4136476147614761,0.0,0.1000438981562774,0.7008658008658009
2021-11-25 15:45:00+00:00,0.41270064506450643,0.0,0.06626426690079015,0.7036796536796537
2021-11-25 16:00:00+00:00,0.4117536753675367,0.0,0.0324846356453029,0.7064935064935065
2021-11-25 16:15:00+00:00,0.41241936693669357,0.0,0.025899912203687397,0.7047619047619048
2021-11-25 16:30:00+00:00,0.4130850585058505,0.0,0.0193151887620719,0.7030303030303031
2021-11-25 16:45:00+00:00,0.41375075007500745,0.0,0.01273046532045645,0.7012987012987013
2021-11-25 17:00:00+00:00,0.4144164416441644,0.0,0.006145741878841,0.6995670995670996
2021-11-25 17:15:00+00:00,0.41040354035403537,0.0,0.00610184372256355,0.7090909090909092
2021-11-25 17:30:00+00:00,0.4063906390639064,0.0,0.0060579455662861,0.7186147186147187
2021-11-25 17:45:00+00:00,0.40237773777377733,0.0,0.0060140474100087,0.7281385281385282
2021-11-25 18:00:00+00:00,0.3983648364836483,0.0,0.0059701492537313,0.7376623376623377
2021-11-25 18:15:00+00:00,0.397633513351335,0.0,0.0056189640035118,0.7409090909090909
2021-11-25 18:30:00+00:00,0.3969021902190218,0.0,0.0052677787532923,0.7441558441558441
2021-11-25 18:45:00+00:00,0.39617086708670857,0.0,0.0049165935030728,0.7474025974025974
2021-11-25 19:00:00+00:00,0.3954395439543954,0.0,0.0045654082528533,0.7506493506493507
2021-11-25 19:15:00+00:00,0.3967146714671467,0.0,0.0039947322212466,0.7666666666666666
2021-11-25 19:30:00+00:00,0.3979897989798979,0.0,0.0034240561896399,0.7826839826839826
2021-11-25 19:45:00+00:00,0.3992649264926492,0.0,0.00285338015803325,0.7987012987012987
2021-11-25 20:00:00+00:00,0.4005400540054005,0.0,0.0022827041264266,0.8147186147186147
2021-11-25 20:15:00+00:00,0.40422479747974793,0.0,0.0022827041264266,0.7876623376623377
2021-11-25 20:30:00+00:00,0.4079095409540954,0.0,0.0022827041264266,0.7606060606060606
2021-11-25 20:45:00+00:00,0.4115942844284428,0.0,0.0022827041264266,0.7335497835497835
2021-11-25 21:00:00+00:00,0.4152790279027902,0.0,0.0022827041264266,0.7064935064935065
2021-11-25 21:15:00+00:00,0.4158509600960095,0.0,0.0022607550482879003,0.704978354978355
2021-11-25 21:30:00+00:00,0.4164228922892288,0.0,0.0022388059701492,0.7034632034632035
2021-11-25 21:45:00+00:00,0.4169948244824482,0.0,0.0022168568920105,0.7019480519480519
2021-11-25 22:00:00+00:00,0.4175667566756675,0.0,0.0021949078138718,0.7004329004329004
2021-11-25 22:15:00+00:00,0.4176980198019802,0.0,0.0022168568920105,0.6993506493506494
2021-11-25 22:30:00+00:00,0.4178292829282928,0.0,0.0022388059701492,0.6982683982683983
2021-11-25 22:45:00+00:00,0.4179605460546054,0.0,0.0022607550482879003,0.6971861471861471
2021-11-25 23:00:00+00:00,0.4180918091809181,0.0,0.0022827041264266,0.6961038961038961
2021-11-25 23:15:00+00:00,0.418213696369637,0.0,0.0022827041264266,0.6926406926406926
2021-11-25 23:30:00+00:00,0.4183355835583559,0.0,0.0022827041264266,0.6891774891774891
2021-11-25 23:45:00+00:00,0.41845747074707473,0.0,0.0022827041264266,0.6857142857142857
2021-11-26 00:00:00+00:00,0.4185793579357936,0.0,0.0022827041264266,0.6822510822510822
2021-11-26 00:15:00+00:00,0.4160384788478848,0.0,0.0022827041264266,0.6645021645021645
2021-11-26 00:30:00+00:00,0.413497599759976,0.0,0.0022827041264266,0.6467532467532467
2021-11-26 00:45:00+00:00,0.41095672067206723,0.0,0.0022827041264266,0.629004329004329
2021-11-26 01:00:00+00:00,0.4084158415841584,0.0,0.0022827041264266,0.6112554112554113
2021-11-26 01:15:00+00:00,0.40609998499849986,0.0,0.0022827041264266,0.6080086580086581
2021-11-26 01:30:00+00:00,0.4037841284128413,0.0,0.0022827041264266,0.6047619047619048
2021-11-26 01:45:00+00:00,0.4014682718271827,0.0,0.0022827041264266,0.6015151515151516
2021-11-26 02:00:00+00:00,0.3991524152415241,0.0,0.0022827041264266,0.5982683982683983
2021-11-26 02:15:00+00:00,0.3968928142814281,0.0,0.0022827041264266,0.5976190476190476
2021-11-26 02:30:00+00:00,0.3946332133213321,0.0,0.0022827041264266,0.5969696969696969
2021-11-26 02:45:00+00:00,0.39237361236123613,0.0,0.0022827041264266,0.5963203463203464
2021-11-26 03:00:00+00:00,0.3901140114011401,0.0,0.0022827041264266,0.5956709956709957
2021-11-26 03:15:00+00:00,0.3905171767176717,0.0,0.0022827041264266,0.5967532467532468
2021-11-26 03:30:00+00:00,0.3909203420342034,0.0,0.0022827041264266,0.5978354978354978
2021-11-26 03:45:00+00:00,0.391323507350735,0.0,0.0022827041264266,0.5989177489177488
2021-11-26 04:00:00+00:00,0.3917266726672667,0.0,0.0022827041264266,0.6
2021-11-26 04:15:00+00:00,0.38919516951695166,0.0,0.0022827041264266,0.6179653679653679
2021-11-26 04:30:00+00:00,0.3866636663666366,0.0,0.0022827041264266,0.6359307359307359
2021-11-26 04:45:00+00:00,0.3841321632163216,0.0,0.0022827041264266,0.6538961038961039
2021-11-26 05:00:00+00:00,0.3816006600660066,0.0,0.0022827041264266,0.6718614718614718
2021-11-26 05:15:00+00:00,0.3786472397239724,0.0,0.00212906057945555,0.6846320346320346
2021-11-26 05:30:00+00:00,0.3756938193819382,0.0,0.0019754170324845,0.6974025974025974
2021-11-26 05:45:00+00:00,0.37274039903990397,0.0,0.0018217734855135001,0.7101731601731601
2021-11-26 06:00:00+00:00,0.3697869786978698,0.0,0.0016681299385425,0.7229437229437229
2021-11-26 06:15:00+00:00,0.36742424242424243,0.0,0.00790166812993845,0.7277056277056277
2021-11-26 06:30:00+00:00,0.365061506150615,0.0,0.0141352063213344,0.7324675324675325
2021-11-26 06:45:00+00:00,0.3626987698769877,0.0,0.0203687445127304,0.7372294372294372
2021-11-26 07:00:00+00:00,0.3603360336033603,0.0,0.0266022827041264,0.741991341991342
2021-11-26 07:15:00+00:00,0.3576732673267326,0.0,0.07403424056189635,0.7277056277056277
2021-11-26 07:30:00+00:00,0.3550105010501049,0.0,0.1214661984196663,0.7134199134199134
2021-11-26 07:45:00+00:00,0.35234773477347725,0.0,0.16889815627743632,0.699134199134199
2021-11-26 08:00:00+00:00,0.3496849684968496,0.0,0.2163301141352063,0.6848484848484848
2021-11-26 08:15:00+00:00,0.350838208820882,0.0,0.2749122036874451,0.6781385281385282
2021-11-26 08:30:00+00:00,0.3519914491449144,0.0,0.3334942932396839,0.6714285714285715
2021-11-26 08:45:00+00:00,0.35314468946894684,0.0,0.3920763827919227,0.6647186147186148
2021-11-26 09:00:00+00:00,0.3542979297929793,0.0,0.4506584723441615,0.658008658008658
2021-11-26 09:15:00+00:00,0.3591359135913591,0.0,0.47726075504828797,0.6584415584415584
2021-11-26 09:30:00+00:00,0.3639738973897389,0.0,0.5038630377524144,0.6588744588744588
2021-11-26 09:45:00+00:00,0.36881188118811875,0.0,0.5304653204565408,0.6593073593073593
2021-11-26 10:00:00+00:00,0.3736498649864986,0.0,0.5570676031606673,0.6597402597402597
2021-11-26 10:15:00+00:00,0.37691269126912685,0.0,0.5675373134328359,0.6493506493506493
2021-11-26 10:30:00+00:00,0.3801755175517551,0.0,0.5780070237050043,0.638961038961039
2021-11-26 10:45:00+00:00,0.3834383438343834,0.0,0.5884767339771729,0.6285714285714286
2021-11-26 11:00:00+00:00,0.3867011701170117,0.0,0.5989464442493415,0.6181818181818182
2021-11-26 11:15:00+00:00,0.3860823582358236,0.0,0.6021290605794556,0.6116883116883117
2021-11-26 11:30:00+00:00,0.3854635463546354,0.0,0.6053116769095698,0.6051948051948052
2021-11-26 11:45:00+00:00,0.3848447344734473,0.0,0.608494293239684,0.5987012987012987
2021-11-26 12:00:00+00:00,0.3842259225922592,0.0,0.611676909569798,0.5922077922077922
2021-11-26 12:15:00+00:00,0.38964521452145207,0.0,0.6109306409130817,0.5965367965367965
2021-11-26 12:30:00+00:00,0.395064506450645,0.0,0.6101843722563652,0.6008658008658009
2021-11-26 12:45:00+00:00,0.40048379837983794,0.0,0.6094381035996488,0.6051948051948053
2021-11-26 13:00:00+00:00,0.4059030903090309,0.0,0.6086918349429324,0.6095238095238096
2021-11-26 13:15:00+00:00,0.41297254725472543,0.0,0.5954345917471466,0.6132034632034632
2021-11-26 13:30:00+00:00,0.42004200420042,0.0,0.5821773485513608,0.6168831168831169
2021-11-26 13:45:00+00:00,0.4271114611461146,0.0,0.568920105355575,0.6205627705627705
2021-11-26 14:00:00+00:00,0.4341809180918092,0.0,0.5556628621597893,0.6242424242424243
2021-11-26 14:15:00+00:00,0.43411528652865283,0.0,0.5080772607550483,0.6372294372294373
2021-11-26 14:30:00+00:00,0.4340496549654965,0.0,0.4604916593503073,0.6502164502164502
2021-11-26 14:45:00+00:00,0.4339840234023402,0.0,0.4129060579455663,0.6632034632034632
2021-11-26 15:00:00+00:00,0.4339183918391839,0.0,0.3653204565408253,0.6761904761904762
2021-11-26 15:15:00+00:00,0.4293804380438043,0.0,0.2976075504828797,0.688961038961039
2021-11-26 15:30:00+00:00,0.4248424842484248,0.0,0.2298946444249341,0.7017316017316018
2021-11-26 15:45:00+00:00,0.4203045304530453,0.0,0.16218173836698854,0.7145021645021645
2021-11-26 16:00:00+00:00,0.4157665766576657,0.0,0.094468832309043,0.7272727272727273
2021-11-26 16:15:00+00:00,0.41353510351035094,0.0,0.0726294995610184,0.722943722943723
2021-11-26 16:30:00+00:00,0.4113036303630362,0.0,0.0507901668129938,0.7186147186147187
2021-11-26 16:45:00+00:00,0.4090721572157215,0.0,0.028950834064969202,0.7142857142857144
2021-11-26 17:00:00+00:00,0.4068406840684068,0.0,0.0071115013169446,0.70995670995671
2021-11-26 17:15:00+00:00,0.4060999849984998,0.0,0.0057945566286215,0.7127705627705627
2021-11-26 17:30:00+00:00,0.4053592859285928,0.0,0.0044776119402984,0.7155844155844155
2021-11-26 17:45:00+00:00,0.4046185868586858,0.0,0.00316066725197535,0.7183982683982684
2021-11-26 18:00:00+00:00,0.4038778877887788,0.0,0.0018437225636523,0.7212121212121212
2021-11-26 18:15:00+00:00,0.4062781278127813,0.0,0.0018437225636523,0.7255411255411255
2021-11-26 18:30:00+00:00,0.4086783678367837,0.0,0.0018437225636523,0.7298701298701298
2021-11-26 18:45:00+00:00,0.4110786078607861,0.0,0.0018437225636523,0.7341991341991341
2021-11-26 19:00:00+00:00,0.4134788478847885,0.0,0.0018437225636523,0.7385281385281385
2021-11-26 19:15:00+00:00,0.412794404440444,0.0,0.0017559262510974,0.7614718614718614
2021-11-26 19:30:00+00:00,0.4121099609960996,0.0,0.0016681299385425,0.7844155844155845
2021-11-26 19:45:00+00:00,0.41142551755175516,0.0,0.00158033362598765,0.8073593073593074
2021-11-26 20:00:00+00:00,0.4107410741074107,0.0,0.0014925373134328,0.8303030303030303
2021-11-26 20:15:00+00:00,0.41003787878787873,0.0,0.0014047410008779,0.8086580086580086
2021-11-26 20:30:00+00:00,0.4093346834683468,0.0,0.001316944688323,0.7870129870129869
2021-11-26 20:45:00+00:00,0.40863148814881484,0.0,0.0012291483757681499,0.7653679653679653
2021-11-26 21:00:00+00:00,0.4079282928292829,0.0,0.0011413520632133,0.7437229437229437
2021-11-26 21:15:00+00:00,0.4132913291329132,0.0,0.0010974539069358502,0.7300865800865801
2021-11-26 21:30:00+00:00,0.4186543654365436,0.0,0.0010535557506584,0.7164502164502164
2021-11-26 21:45:00+00:00,0.424017401740174,0.0,0.00100965759438095,0.7028138528138529
2021-11-26 22:00:00+00:00,0.4293804380438044,0.0,0.0009657594381035,0.6891774891774892
2021-11-26 22:15:00+00:00,0.4313868886888689,0.0,0.0008779631255486501,0.6822510822510823
2021-11-26 22:30:00+00:00,0.4333933393339334,0.0,0.0007901668129938,0.6753246753246753
2021-11-26 22:45:00+00:00,0.4353997899789979,0.0,0.00070237050043895,0.6683982683982683
2021-11-26 23:00:00+00:00,0.4374062406240624,0.0,0.0006145741878841,0.6614718614718614
2021-11-26 23:15:00+00:00,0.44369749474947495,0.0,0.0006584723441615,0.6606060606060606
2021-11-26 23:30:00+00:00,0.4499887488748875,0.0,0.0007023705004389,0.6597402597402597
2021-11-26 23:45:00+00:00,0.4562800030003,0.0,0.0007462686567163499,0.6588744588744588
2021-11-27 00:00:00+00:00,0.4625712571257125,0.0,0.0007901668129938,0.658008658008658
2021-11-27 00:15:00+00:00,0.4691906690669066,0.0,0.00100965759438095,0.6621212121212121
2021-11-27 00:30:00+00:00,0.4758100810081007,0.0,0.0012291483757681,0.6662337662337663
2021-11-27 00:45:00+00:00,0.4824294929492949,0.0,0.0014486391571553,0.6703463203463204
2021-11-27 01:00:00+00:00,0.489048904890489,0.0,0.0016681299385425,0.6744588744588744
2021-11-27 01:15:00+00:00,0.4941494149414941,0.0,0.0017998244073748,0.6712121212121213
2021-11-27 01:30:00+00:00,0.4992499249924992,0.0,0.0019315188762071,0.667965367965368
2021-11-27 01:45:00+00:00,0.5043504350435044,0.0,0.00206321334503945,0.6647186147186147
2021-11-27 02:00:00+00:00,0.5094509450945095,0.0,0.0021949078138718,0.6614718614718614
2021-11-27 02:15:00+00:00,0.5168391839183919,0.0,0.0021949078138718,0.6590909090909091
2021-11-27 02:30:00+00:00,0.5242274227422743,0.0,0.0021949078138718,0.6567099567099567
2021-11-27 02:45:00+00:00,0.5316156615661567,0.0,0.0021949078138718,0.6543290043290043
2021-11-27 03:00:00+00:00,0.539003900390039,0.0,0.0021949078138718,0.6519480519480519
2021-11-27 03:15:00+00:00,0.5428949144914491,0.0,0.0022168568920105,0.6586580086580087
2021-11-27 03:30:00+00:00,0.5467859285928592,0.0,0.0022388059701492,0.6653679653679654
2021-11-27 03:45:00+00:00,0.5506769426942694,0.0,0.0022607550482879003,0.672077922077922
2021-11-27 04:00:00+00:00,0.5545679567956796,0.0,0.0022827041264266,0.6787878787878788
2021-11-27 04:15:00+00:00,0.5589933993399341,0.0,0.0022827041264266,0.6690476190476191
2021-11-27 04:30:00+00:00,0.5634188418841884,0.0,0.0022827041264266,0.6593073593073593
2021-11-27 04:45:00+00:00,0.5678442844284428,0.0,0.0022827041264266,0.6495670995670996
2021-11-27 05:00:00+00:00,0.5722697269726973,0.0,0.0022827041264266,0.6398268398268399
2021-11-27 05:15:00+00:00,0.5716696669666967,0.0,0.0023046532045653,0.6422077922077922
2021-11-27 05:30:00+00:00,0.5710696069606961,0.0,0.002326602282704,0.6445887445887446
2021-11-27 05:45:00+00:00,0.5704695469546954,0.0,0.0023485513608427497,0.646969696969697
2021-11-27 06:00:00+00:00,0.5698694869486949,0.0,0.0023705004389815,0.6493506493506493
2021-11-27 06:15:00+00:00,0.5716977947794779,0.0,0.010381913959613598,0.6536796536796536
2021-11-27 06:30:00+00:00,0.573526102610261,0.0,0.0183933274802457,0.6580086580086579
2021-11-27 06:45:00+00:00,0.5753544104410441,0.0,0.02640474100087785,0.6623376623376622
2021-11-27 07:00:00+00:00,0.5771827182718272,0.0,0.03441615452151,0.6666666666666666
2021-11-27 07:15:00+00:00,0.5810924842484249,0.0,0.0883011413520631,0.6699134199134198
2021-11-27 07:30:00+00:00,0.5850022502250225,0.0,0.1421861281826162,0.6731601731601731
2021-11-27 07:45:00+00:00,0.5889120162016201,0.0,0.19607111501316934,0.6764069264069263
2021-11-27 08:00:00+00:00,0.5928217821782178,0.0,0.2499561018437225,0.6796536796536796
2021-11-27 08:15:00+00:00,0.5938812631263126,0.0,0.29624670763827915,0.6837662337662338
2021-11-27 08:30:00+00:00,0.5949407440744074,0.0,0.3425373134328358,0.6878787878787879
2021-11-27 08:45:00+00:00,0.5960002250225023,0.0,0.38882791922739246,0.6919913419913419
2021-11-27 09:00:00+00:00,0.5970597059705971,0.0,0.4351185250219491,0.6961038961038961
2021-11-27 09:15:00+00:00,0.6003694119411942,0.0,0.45779192273924496,0.685930735930736
2021-11-27 09:30:00+00:00,0.6036791179117912,0.0,0.4804653204565408,0.6757575757575758
2021-11-27 09:45:00+00:00,0.6069888238823882,0.0,0.5031387181738367,0.6655844155844156
2021-11-27 10:00:00+00:00,0.6102985298529853,0.0,0.5258121158911325,0.6554112554112554
2021-11-27 10:15:00+00:00,0.6141989198919892,0.0,0.5277436347673397,0.6718614718614719
2021-11-27 10:30:00+00:00,0.618099309930993,0.0,0.5296751536435469,0.6883116883116883
2021-11-27 10:45:00+00:00,0.621999699969997,0.0,0.5316066725197541,0.7047619047619047
2021-11-27 11:00:00+00:00,0.6259000900090009,0.0,0.5335381913959614,0.7212121212121212
2021-11-27 11:15:00+00:00,0.6289847734773477,0.0,0.5265803336259878,0.7158008658008658
2021-11-27 11:30:00+00:00,0.6320694569456946,0.0,0.5196224758560141,0.7103896103896103
2021-11-27 11:45:00+00:00,0.6351541404140415,0.0,0.5126646180860404,0.704978354978355
2021-11-27 12:00:00+00:00,0.6382388238823883,0.0,0.5057067603160668,0.6995670995670996
2021-11-27 12:15:00+00:00,0.6439956495649566,0.0,0.49508340649692717,0.6971861471861471
2021-11-27 12:30:00+00:00,0.6497524752475248,0.0,0.4844600526777875,0.6948051948051948
2021-11-27 12:45:00+00:00,0.655509300930093,0.0,0.4738366988586479,0.6924242424242424
2021-11-27 13:00:00+00:00,0.6612661266126613,0.0,0.4632133450395083,0.69004329004329
2021-11-27 13:15:00+00:00,0.6534747224722472,0.0,0.45021949078138707,0.6958874458874459
2021-11-27 13:30:00+00:00,0.6456833183318331,0.0,0.4372256365232659,0.7017316017316018
2021-11-27 13:45:00+00:00,0.6378919141914191,0.0,0.4242317822651448,0.7075757575757575
2021-11-27 14:00:00+00:00,0.6301005100510051,0.0,0.4112379280070237,0.7134199134199134
2021-11-27 14:15:00+00:00,0.6210808580858086,0.0,0.38187006145741875,0.7045454545454546
2021-11-27 14:30:00+00:00,0.6120612061206121,0.0,0.3525021949078138,0.6956709956709957
2021-11-27 14:45:00+00:00,0.6030415541554155,0.0,0.3231343283582089,0.6867965367965367
2021-11-27 15:00:00+00:00,0.594021902190219,0.0,0.293766461808604,0.6779220779220779
2021-11-27 15:15:00+00:00,0.5879275427542754,0.0,0.2374890254609306,0.6904761904761905
2021-11-27 15:30:00+00:00,0.5818331833183319,0.0,0.1812115891132572,0.703030303030303
2021-11-27 15:45:00+00:00,0.5757388238823883,0.0,0.12493415276558378,0.7155844155844155
2021-11-27 16:00:00+00:00,0.5696444644464447,0.0,0.0686567164179104,0.7281385281385281
2021-11-27 16:15:00+00:00,0.5688475097509751,0.0,0.05291922739244945,0.7424242424242424
2021-11-27 16:30:00+00:00,0.5680505550555055,0.0,0.0371817383669885,0.7567099567099567
2021-11-27 16:45:00+00:00,0.5672536003600359,0.0,0.0214442493415276,0.7709956709956709
2021-11-27 17:00:00+00:00,0.5664566456645664,0.0,0.0057067603160667,0.7852813852813852
2021-11-27 17:15:00+00:00,0.5661847434743474,0.0,0.00496049165935025,0.7735930735930736
2021-11-27 17:30:00+00:00,0.5659128412841283,0.0,0.0042142230026338,0.7619047619047619
2021-11-27 17:45:00+00:00,0.5656409390939093,0.0,0.0034679543459174,0.7502164502164501
2021-11-27 18:00:00+00:00,0.5653690369036903,0.0,0.002721685689201,0.7385281385281385
2021-11-27 18:15:00+00:00,0.5663722622262226,0.0,0.00267778753292355,0.7497835497835497
2021-11-27 18:30:00+00:00,0.5673754875487549,0.0,0.0026338893766461,0.761038961038961
2021-11-27 18:45:00+00:00,0.5683787128712872,0.0,0.0025899912203687,0.7722943722943723
2021-11-27 19:00:00+00:00,0.5693819381938194,0.0,0.0025460930640913,0.7835497835497836
2021-11-27 19:15:00+00:00,0.5671598409840984,0.0,0.0025460930640913,0.7885281385281385
2021-11-27 19:30:00+00:00,0.5649377437743774,0.0,0.0025460930640913,0.7935064935064935
2021-11-27 19:45:00+00:00,0.5627156465646564,0.0,0.0025460930640913,0.7984848484848485
2021-11-27 20:00:00+00:00,0.5604935493549354,0.0,0.0025460930640913,0.8034632034632034
2021-11-27 20:15:00+00:00,0.556536903690369,0.0,0.00252414398595255,0.7898268398268398
2021-11-27 20:30:00+00:00,0.5525802580258026,0.0,0.0025021949078138,0.7761904761904761
2021-11-27 20:45:00+00:00,0.5486236123612361,0.0,0.0024802458296751,0.7625541125541125
2021-11-27 21:00:00+00:00,0.5446669666966697,0.0,0.0024582967515364,0.7489177489177489
2021-11-27 21:15:00+00:00,0.5458952145214522,0.0,0.0022388059701492,0.7406926406926406
2021-11-27 21:30:00+00:00,0.5471234623462347,0.0,0.002019315188762,0.7324675324675325
2021-11-27 21:45:00+00:00,0.5483517101710171,0.0,0.0017998244073748502,0.7242424242424242
2021-11-27 22:00:00+00:00,0.5495799579957996,0.0,0.0015803336259877,0.716017316017316
2021-11-27 22:15:00+00:00,0.5512863786378639,0.0,0.0014705882352940998,0.7108225108225108
2021-11-27 22:30:00+00:00,0.5529927992799281,0.0,0.0013608428446005,0.7056277056277056
2021-11-27 22:45:00+00:00,0.5546992199219922,0.0,0.0012510974539069,0.7004329004329004
2021-11-27 23:00:00+00:00,0.5564056405640564,0.0,0.0011413520632133,0.6952380952380952
2021-11-27 23:15:00+00:00,0.5540429042904291,0.0,0.0011413520632133,0.6926406926406926
2021-11-27 23:30:00+00:00,0.5516801680168018,0.0,0.0011413520632133,0.69004329004329
2021-11-27 23:45:00+00:00,0.5493174317431744,0.0,0.0011413520632133,0.6874458874458874
2021-11-28 00:00:00+00:00,0.546954695469547,0.0,0.0011413520632133,0.6848484848484848
2021-11-28 00:15:00+00:00,0.5417698019801981,0.0,0.0011413520632133,0.6642857142857143
2021-11-28 00:30:00+00:00,0.5365849084908492,0.0,0.0011413520632133,0.6437229437229437
2021-11-28 00:45:00+00:00,0.5314000150015001,0.0,0.0011413520632133,0.6231601731601731
2021-11-28 01:00:00+00:00,0.5262151215121512,0.0,0.0011413520632133,0.6025974025974026
2021-11-28 01:15:00+00:00,0.5199988748874887,0.0,0.0011413520632133,0.604112554112554
2021-11-28 01:30:00+00:00,0.5137826282628263,0.0,0.0011413520632133,0.6056277056277056
2021-11-28 01:45:00+00:00,0.5075663816381638,0.0,0.0011413520632133,0.6071428571428572
2021-11-28 02:00:00+00:00,0.5013501350135013,0.0,0.0011413520632133,0.6086580086580087
2021-11-28 02:15:00+00:00,0.49733723372337224,0.0,0.0011413520632133,0.6088744588744589
2021-11-28 02:30:00+00:00,0.4933243324332432,0.0,0.0011413520632133,0.6090909090909091
2021-11-28 02:45:00+00:00,0.4893114311431142,0.0,0.0011413520632133,0.6093073593073594
2021-11-28 03:00:00+00:00,0.4852985298529852,0.0,0.0011413520632133,0.6095238095238096
2021-11-28 03:15:00+00:00,0.4825982598259825,0.0,0.0011413520632133,0.6093073593073594
2021-11-28 03:30:00+00:00,0.4798979897989798,0.0,0.0011413520632133,0.6090909090909091
2021-11-28 03:45:00+00:00,0.4771977197719771,0.0,0.0011413520632133,0.6088744588744589
2021-11-28 04:00:00+00:00,0.4744974497449745,0.0,0.0011413520632133,0.6086580086580087
2021-11-28 04:15:00+00:00,0.47406615661566154,0.0,0.00111940298507455,0.6088744588744589
2021-11-28 04:30:00+00:00,0.4736348634863486,0.0,0.0010974539069358,0.6090909090909091
2021-11-28 04:45:00+00:00,0.47320357035703564,0.0,0.0010755048287971,0.6093073593073594
2021-11-28 05:00:00+00:00,0.4727722772277227,0.0,0.0010535557506584,0.6095238095238096
2021-11-28 05:15:00+00:00,0.47316606660666055,0.0,0.0010535557506584,0.6300865800865801
2021-11-28 05:30:00+00:00,0.4735598559855984,0.0,0.0010535557506584,0.6506493506493507
2021-11-28 05:45:00+00:00,0.4739536453645363,0.0,0.0010535557506584,0.6712121212121213
2021-11-28 06:00:00+00:00,0.4743474347434743,0.0,0.0010535557506584,0.6917748917748918
2021-11-28 06:15:00+00:00,0.47537878787878785,0.0,0.009635645302897199,0.6945887445887446
2021-11-28 06:30:00+00:00,0.4764101410141014,0.0,0.018217734855136,0.6974025974025975
2021-11-28 06:45:00+00:00,0.47744149414941495,0.0,0.0267998244073748,0.7002164502164503
2021-11-28 07:00:00+00:00,0.4784728472847285,0.0,0.0353819139596136,0.703030303030303
2021-11-28 07:15:00+00:00,0.4735598559855986,0.0,0.0965978928884986,0.6785714285714286
2021-11-28 07:30:00+00:00,0.4686468646864686,0.0,0.1578138718173836,0.6541125541125541
2021-11-28 07:45:00+00:00,0.46373387338733874,0.0,0.2190298507462686,0.6296536796536796
2021-11-28 08:00:00+00:00,0.4588208820882088,0.0,0.2802458296751536,0.6051948051948052
2021-11-28 08:15:00+00:00,0.45606435643564347,0.0,0.3435689201053555,0.6162337662337662
2021-11-28 08:30:00+00:00,0.4533078307830782,0.0,0.4068920105355574,0.6272727272727272
2021-11-28 08:45:00+00:00,0.45055130513051295,0.0,0.47021510096575936,0.6383116883116883
2021-11-28 09:00:00+00:00,0.4477947794779477,0.0,0.5335381913959614,0.6493506493506493
2021-11-28 09:15:00+00:00,0.4539828982898289,0.0,0.5630377524143986,0.6441558441558441
2021-11-28 09:30:00+00:00,0.4601710171017101,0.0,0.5925373134328358,0.638961038961039
2021-11-28 09:45:00+00:00,0.4663591359135913,0.0,0.622036874451273,0.6337662337662338
2021-11-28 10:00:00+00:00,0.4725472547254725,0.0,0.6515364354697103,0.6285714285714286
2021-11-28 10:15:00+00:00,0.47723522352235215,0.0,0.6556848112379281,0.6190476190476191
2021-11-28 10:30:00+00:00,0.4819231923192318,0.0,0.6598331870061458,0.6095238095238096
2021-11-28 10:45:00+00:00,0.4866111611161116,0.0,0.6639815627743635,0.6000000000000001
2021-11-28 11:00:00+00:00,0.4912991299129913,0.0,0.6681299385425812,0.5904761904761905
2021-11-28 11:15:00+00:00,0.4999812481248125,0.0,0.6627524143985952,0.5963203463203464
2021-11-28 11:30:00+00:00,0.5086633663366337,0.0,0.6573748902546093,0.6021645021645021
2021-11-28 11:45:00+00:00,0.5173454845484549,0.0,0.6519973661106233,0.608008658008658
2021-11-28 12:00:00+00:00,0.526027602760276,0.0,0.6466198419666374,0.6138528138528139
2021-11-28 12:15:00+00:00,0.5322438493849385,0.0,0.6405399473222124,0.6309523809523809
2021-11-28 12:30:00+00:00,0.538460096009601,0.0,0.6344600526777875,0.648051948051948
2021-11-28 12:45:00+00:00,0.5446763426342635,0.0,0.6283801580333626,0.665151515151515
2021-11-28 13:00:00+00:00,0.5508925892589259,0.0,0.6223002633889376,0.6822510822510822
2021-11-28 13:15:00+00:00,0.5596122112211221,0.0,0.6048726953467954,0.6593073593073593
2021-11-28 13:30:00+00:00,0.5683318331833184,0.0,0.5874451273046533,0.6363636363636364
2021-11-28 13:45:00+00:00,0.5770514551455146,0.0,0.570017559262511,0.6134199134199134
2021-11-28 14:00:00+00:00,0.5857710771077108,0.0,0.5525899912203688,0.5904761904761905
2021-11-28 14:15:00+00:00,0.5827145214521452,0.0,0.5077919227392449,0.6149350649350649
2021-11-28 14:30:00+00:00,0.5796579657965797,0.0,0.4629938542581211,0.6393939393939394
2021-11-28 14:45:00+00:00,0.5766014101410142,0.0,0.41819578577699734,0.6638528138528139
2021-11-28 15:00:00+00:00,0.5735448544854486,0.0,0.3733977172958735,0.6883116883116883
2021-11-28 15:15:00+00:00,0.5765545304530453,0.0,0.30766022827041256,0.6887445887445887
2021-11-28 15:30:00+00:00,0.5795642064206421,0.0,0.2419227392449516,0.6891774891774891
2021-11-28 15:45:00+00:00,0.5825738823882388,0.0,0.17618525021949072,0.6896103896103896
2021-11-28 16:00:00+00:00,0.5855835583558355,0.0,0.1104477611940298,0.69004329004329
2021-11-28 16:15:00+00:00,0.5862492499249925,0.0,0.08606233538191391,0.7023809523809523
2021-11-28 16:30:00+00:00,0.5869149414941495,0.0,0.061676909569798,0.7147186147186146
2021-11-28 16:45:00+00:00,0.5875806330633064,0.0,0.0372914837576821,0.727056277056277
2021-11-28 17:00:00+00:00,0.5882463246324633,0.0,0.0129060579455662,0.7393939393939394
2021-11-28 17:15:00+00:00,0.5924561206120613,0.0,0.01029411764705875,0.7365800865800866
2021-11-28 17:30:00+00:00,0.5966659165916592,0.0,0.0076821773485513,0.7337662337662337
2021-11-28 17:45:00+00:00,0.6008757125712572,0.0,0.00507023705004385,0.7309523809523809
2021-11-28 18:00:00+00:00,0.6050855085508551,0.0,0.0024582967515364,0.7281385281385281
2021-11-28 18:15:00+00:00,0.6091921692169217,0.0,0.0024143985952589497,0.7305194805194806
2021-11-28 18:30:00+00:00,0.6132988298829882,0.0,0.0023705004389815,0.7329004329004329
2021-11-28 18:45:00+00:00,0.6174054905490549,0.0,0.00232660228270405,0.7352813852813853
2021-11-28 19:00:00+00:00,0.6215121512151215,0.0,0.0022827041264266,0.7376623376623377
2021-11-28 19:15:00+00:00,0.6196744674467446,0.0,0.0022607550482879003,0.7452380952380953
2021-11-28 19:30:00+00:00,0.6178367836783678,0.0,0.0022388059701492,0.7528138528138528
2021-11-28 19:45:00+00:00,0.6159990999099909,0.0,0.0022168568920105,0.7603896103896104
2021-11-28 20:00:00+00:00,0.6141614161416141,0.0,0.0021949078138718,0.767965367965368
2021-11-28 20:15:00+00:00,0.6109829732973298,0.0,0.0021949078138718,0.7616883116883117
2021-11-28 20:30:00+00:00,0.6078045304530453,0.0,0.0021949078138718,0.7554112554112554
2021-11-28 20:45:00+00:00,0.6046260876087608,0.0,0.0021949078138718,0.7491341991341991
2021-11-28 21:00:00+00:00,0.6014476447644764,0.0,0.0021949078138718,0.7428571428571429
2021-11-28 21:15:00+00:00,0.6034447194719472,0.0,0.0022168568920105,0.7300865800865801
2021-11-28 21:30:00+00:00,0.6054417941794179,0.0,0.0022388059701492,0.7173160173160174
2021-11-28 21:45:00+00:00,0.6074388688868887,0.0,0.0022607550482879003,0.7045454545454546
2021-11-28 22:00:00+00:00,0.6094359435943595,0.0,0.0022827041264266,0.6917748917748918
2021-11-28 22:15:00+00:00,0.6089015151515151,0.0,0.0022607550482879003,0.6848484848484848
2021-11-28 22:30:00+00:00,0.6083670867086709,0.0,0.0022388059701492,0.6779220779220779
2021-11-28 22:45:00+00:00,0.6078326582658267,0.0,0.0022168568920105,0.670995670995671
2021-11-28 23:00:00+00:00,0.6072982298229823,0.0,0.0021949078138718,0.664069264069264
2021-11-28 23:15:00+00:00,0.6070544554455446,0.0,0.00206321334503945,0.6562770562770562
2021-11-28 23:30:00+00:00,0.6068106810681069,0.0,0.0019315188762071,0.6484848484848484
2021-11-28 23:45:00+00:00,0.6065669066906691,0.0,0.0017998244073748,0.6406926406926406
2021-11-29 00:00:00+00:00,0.6063231323132313,0.0,0.0016681299385425,0.6329004329004329
2021-11-29 00:15:00+00:00,0.6000318781878188,0.0,0.00147058823529405,0.6385281385281385
2021-11-29 00:30:00+00:00,0.5937406240624062,0.0,0.0012730465320456,0.6441558441558441
2021-11-29 00:45:00+00:00,0.5874493699369937,0.0,0.00107550482879715,0.6497835497835498
2021-11-29 01:00:00+00:00,0.5811581158115812,0.0,0.0008779631255487,0.6554112554112554
2021-11-29 01:15:00+00:00,0.5798642364236424,0.0,0.0008999122036874,0.6543290043290043
2021-11-29 01:30:00+00:00,0.5785703570357036,0.0,0.0009218612818261,0.6532467532467532
2021-11-29 01:45:00+00:00,0.5772764776477648,0.0,0.0009438103599647999,0.6521645021645022
2021-11-29 02:00:00+00:00,0.575982598259826,0.0,0.0009657594381035,0.651082251082251
2021-11-29 02:15:00+00:00,0.5735167266726673,0.0,0.0009877085162422,0.6504329004329004
2021-11-29 02:30:00+00:00,0.5710508550855086,0.0,0.0010096575943809,0.6497835497835498
2021-11-29 02:45:00+00:00,0.5685849834983498,0.0,0.00103160667251965,0.6491341991341991
2021-11-29 03:00:00+00:00,0.5661191119111911,0.0,0.0010535557506584,0.6484848484848484
2021-11-29 03:15:00+00:00,0.5631000600060005,0.0,0.0010535557506584,0.6437229437229437
2021-11-29 03:30:00+00:00,0.5600810081008101,0.0,0.0010535557506584,0.638961038961039
2021-11-29 03:45:00+00:00,0.5570619561956196,0.0,0.0010535557506584,0.6341991341991342
2021-11-29 04:00:00+00:00,0.554042904290429,0.0,0.0010535557506584,0.6294372294372295
2021-11-29 04:15:00+00:00,0.553152190219022,0.0,0.0010535557506584,0.6391774891774892
2021-11-29 04:30:00+00:00,0.5522614761476148,0.0,0.0010535557506584,0.6489177489177489
2021-11-29 04:45:00+00:00,0.5513707620762076,0.0,0.0010535557506584,0.6586580086580087
2021-11-29 05:00:00+00:00,0.5504800480048004,0.0,0.0010535557506584,0.6683982683982684
2021-11-29 05:15:00+00:00,0.5454076657665766,0.0,0.0010755048287971,0.6792207792207792
2021-11-29 05:30:00+00:00,0.5403352835283528,0.0,0.0010974539069358,0.69004329004329
2021-11-29 05:45:00+00:00,0.535262901290129,0.0,0.00111940298507455,0.7008658008658009
2021-11-29 06:00:00+00:00,0.5301905190519052,0.0,0.0011413520632133,0.7116883116883117
2021-11-29 06:15:00+00:00,0.5230741824182418,0.0,0.0065627743634767,0.7214285714285714
2021-11-29 06:30:00+00:00,0.5159578457845784,0.0,0.0119841966637401,0.7311688311688311
2021-11-29 06:45:00+00:00,0.5088415091509151,0.0,0.0174056189640035,0.740909090909091
2021-11-29 07:00:00+00:00,0.5017251725172517,0.0,0.0228270412642669,0.7506493506493507
2021-11-29 07:15:00+00:00,0.49599647464746466,0.0,0.0694907813871817,0.7367965367965369
2021-11-29 07:30:00+00:00,0.4902677767776777,0.0,0.1161545215100965,0.722943722943723
2021-11-29 07:45:00+00:00,0.4845390789078907,0.0,0.16281826163301136,0.7090909090909091
2021-11-29 08:00:00+00:00,0.4788103810381038,0.0,0.2094820017559262,0.6952380952380952
2021-11-29 08:15:00+00:00,0.47574444944494443,0.0,0.26016242317822647,0.6904761904761905
2021-11-29 08:30:00+00:00,0.4726785178517851,0.0,0.3108428446005267,0.6857142857142857
2021-11-29 08:45:00+00:00,0.4696125862586258,0.0,0.36152326602282703,0.680952380952381
2021-11-29 09:00:00+00:00,0.4665466546654665,0.0,0.4122036874451273,0.6761904761904762
2021-11-29 09:15:00+00:00,0.46699669966996693,0.0,0.4393546971027217,0.6891774891774892
2021-11-29 09:30:00+00:00,0.4674467446744674,0.0,0.4665057067603161,0.7021645021645022
2021-11-29 09:45:00+00:00,0.46789678967896786,0.0,0.4936567164179105,0.7151515151515151
2021-11-29 10:00:00+00:00,0.4683468346834683,0.0,0.5208077260755049,0.7281385281385281
2021-11-29 10:15:00+00:00,0.47297854785478544,0.0,0.5301580333625988,0.7058441558441557
2021-11-29 10:30:00+00:00,0.4776102610261026,0.0,0.5395083406496928,0.6835497835497835
2021-11-29 10:45:00+00:00,0.48224197419741976,0.0,0.5488586479367867,0.6612554112554112
2021-11-29 11:00:00+00:00,0.4868736873687369,0.0,0.5582089552238806,0.638961038961039
2021-11-29 11:15:00+00:00,0.486789303930393,0.0,0.5571334503950833,0.6363636363636364
2021-11-29 11:30:00+00:00,0.4867049204920491,0.0,0.5560579455662862,0.6337662337662338
2021-11-29 11:45:00+00:00,0.48662053705370534,0.0,0.554982440737489,0.6311688311688312
2021-11-29 12:00:00+00:00,0.4865361536153615,0.0,0.5539069359086919,0.6285714285714286
2021-11-29 12:15:00+00:00,0.4808824632463246,0.0,0.5519095697980685,0.6238095238095238
2021-11-29 12:30:00+00:00,0.4752287728772877,0.0,0.5499122036874451,0.6190476190476191
2021-11-29 12:45:00+00:00,0.4695750825082508,0.0,0.5479148375768217,0.6142857142857143
2021-11-29 13:00:00+00:00,0.4639213921392139,0.0,0.5459174714661984,0.6095238095238096
2021-11-29 13:15:00+00:00,0.4665466546654665,0.0,0.5368525021949078,0.6173160173160173
2021-11-29 13:30:00+00:00,0.4691719171917191,0.0,0.5277875329236172,0.6251082251082251
2021-11-29 13:45:00+00:00,0.47179717971797175,0.0,0.5187225636523266,0.6329004329004329
2021-11-29 14:00:00+00:00,0.4744224422442244,0.0,0.509657594381036,0.6406926406926406
2021-11-29 14:15:00+00:00,0.4734285928592859,0.0,0.4615671641791044,0.6519480519480518
2021-11-29 14:30:00+00:00,0.4724347434743474,0.0,0.4134767339771729,0.6632034632034631
2021-11-29 14:45:00+00:00,0.4714408940894089,0.0,0.3653863037752414,0.6744588744588744
2021-11-29 15:00:00+00:00,0.4704470447044704,0.0,0.3172958735733099,0.6857142857142857
2021-11-29 15:15:00+00:00,0.46369636963696365,0.0,0.25928446005267775,0.6937229437229437
2021-11-29 15:30:00+00:00,0.4569456945694569,0.0,0.2012730465320456,0.7017316017316018
2021-11-29 15:45:00+00:00,0.4501950195019502,0.0,0.14326163301141348,0.7097402597402598
2021-11-29 16:00:00+00:00,0.4434443444344434,0.0,0.0852502194907813,0.7177489177489178
2021-11-29 16:15:00+00:00,0.4369936993699369,0.0,0.06490342405618955,0.7203463203463204
2021-11-29 16:30:00+00:00,0.4305430543054305,0.0,0.0445566286215978,0.722943722943723
2021-11-29 16:45:00+00:00,0.42409240924092406,0.0,0.02420983318700605,0.7255411255411255
2021-11-29 17:00:00+00:00,0.4176417641764176,0.0,0.0038630377524143,0.7281385281385281
2021-11-29 17:15:00+00:00,0.4102722772277227,0.0,0.00331431079894635,0.7335497835497835
2021-11-29 17:30:00+00:00,0.4029027902790278,0.0,0.0027655838454784,0.7389610389610389
2021-11-29 17:45:00+00:00,0.39553330333033293,0.0,0.00221685689201045,0.7443722943722944
2021-11-29 18:00:00+00:00,0.3881638163816381,0.0,0.0016681299385425,0.7497835497835498
2021-11-29 18:15:00+00:00,0.3791066606660666,0.0,0.0015583845478489,0.7623376623376623
2021-11-29 18:30:00+00:00,0.370049504950495,0.0,0.0014486391571553,0.774891774891775
2021-11-29 18:45:00+00:00,0.3609923492349234,0.0,0.00133889376646175,0.7874458874458875
2021-11-29 19:00:00+00:00,0.3519351935193519,0.0,0.0012291483757682,0.8
2021-11-29 19:15:00+00:00,0.3464596459645964,0.0,0.0012071992976294501,0.7967532467532469
2021-11-29 19:30:00+00:00,0.3409840984098409,0.0,0.0011852502194907,0.7935064935064936
2021-11-29 19:45:00+00:00,0.33550855085508546,0.0,0.001163301141352,0.7902597402597403
2021-11-29 20:00:00+00:00,0.33003300330033,0.0,0.0011413520632133,0.787012987012987
2021-11-29 20:15:00+00:00,0.32279477947794777,0.0,0.0011413520632133,0.775974025974026
2021-11-29 20:30:00+00:00,0.3155565556555655,0.0,0.0011413520632133,0.764935064935065
2021-11-29 20:45:00+00:00,0.3083183318331833,0.0,0.0011413520632133,0.753896103896104
2021-11-29 21:00:00+00:00,0.3010801080108011,0.0,0.0011413520632133,0.7428571428571429
2021-11-29 21:15:00+00:00,0.2940950345034503,0.0,0.00111940298507455,0.7374458874458875
2021-11-29 21:30:00+00:00,0.2871099609960996,0.0,0.0010974539069358,0.732034632034632
2021-11-29 21:45:00+00:00,0.28012488748874886,0.0,0.0010755048287971,0.7266233766233766
2021-11-29 22:00:00+00:00,0.2731398139813981,0.0,0.0010535557506584,0.7212121212121212
2021-11-29 22:15:00+00:00,0.2663703870387038,0.0,0.0010535557506584,0.6984848484848485
2021-11-29 22:30:00+00:00,0.2596009600960095,0.0,0.0010535557506584,0.6757575757575758
2021-11-29 22:45:00+00:00,0.25283153315331525,0.0,0.0010535557506584,0.6530303030303031
2021-11-29 23:00:00+00:00,0.246062106210621,0.0,0.0010535557506584,0.6303030303030303
2021-11-29 23:15:00+00:00,0.2427524002400239,0.0,0.0010535557506584,0.6255411255411255
2021-11-29 23:30:00+00:00,0.2394426942694268,0.0,0.0010535557506584,0.6207792207792208
2021-11-29 23:45:00+00:00,0.2361329882988298,0.0,0.0010535557506584,0.616017316017316
2021-11-30 00:00:00+00:00,0.2328232823282328,0.0,0.0010535557506584,0.6112554112554113
2021-11-30 00:15:00+00:00,0.2314825232523252,0.0,0.0010535557506584,0.6101731601731601
2021-11-30 00:30:00+00:00,0.2301417641764176,0.0,0.0010535557506584,0.6090909090909091
2021-11-30 00:45:00+00:00,0.22880100510051,0.0,0.0010535557506584,0.6080086580086581
2021-11-30 01:00:00+00:00,0.2274602460246024,0.0,0.0010535557506584,0.606926406926407
2021-11-30 01:15:00+00:00,0.22072832283228316,0.0,0.0010535557506584,0.604978354978355
2021-11-30 01:30:00+00:00,0.2139963996399639,0.0,0.0010535557506584,0.603030303030303
2021-11-30 01:45:00+00:00,0.2072644764476447,0.0,0.0010535557506584,0.6010822510822511
2021-11-30 02:00:00+00:00,0.2005325532553255,0.0,0.0010535557506584,0.5991341991341992
2021-11-30 02:15:00+00:00,0.19858235823582354,0.0,0.0010535557506584,0.5993506493506494
2021-11-30 02:30:00+00:00,0.1966321632163216,0.0,0.0010535557506584,0.5995670995670996
2021-11-30 02:45:00+00:00,0.19468196819681965,0.0,0.0010535557506584,0.5997835497835498
2021-11-30 03:00:00+00:00,0.1927317731773177,0.0,0.0010535557506584,0.6
2021-11-30 03:15:00+00:00,0.18868136813681366,0.0,0.0010535557506584,0.6008658008658008
2021-11-30 03:30:00+00:00,0.1846309630963096,0.0,0.0010535557506584,0.6017316017316017
2021-11-30 03:45:00+00:00,0.18058055805580556,0.0,0.0010535557506584,0.6025974025974026
2021-11-30 04:00:00+00:00,0.1765301530153015,0.0,0.0010535557506584,0.6034632034632035
2021-11-30 04:15:00+00:00,0.17321107110711065,0.0,0.0010535557506584,0.6023809523809525
2021-11-30 04:30:00+00:00,0.1698919891989198,0.0,0.0010535557506584,0.6012987012987013
2021-11-30 04:45:00+00:00,0.166572907290729,0.0,0.0010535557506584,0.6002164502164502
2021-11-30 05:00:00+00:00,0.1632538253825382,0.0,0.0010535557506584,0.5991341991341992
2021-11-30 05:15:00+00:00,0.16101297629762967,0.0,0.0010974539069358502,0.6073593073593074
2021-11-30 05:30:00+00:00,0.1587721272127212,0.0,0.0011413520632133,0.6155844155844157
2021-11-30 05:45:00+00:00,0.15653127812781276,0.0,0.00118525021949075,0.6238095238095238
2021-11-30 06:00:00+00:00,0.1542904290429043,0.0,0.0012291483757682,0.6320346320346321
2021-11-30 06:15:00+00:00,0.1518151815181518,0.0,0.0082309043020193,0.6324675324675324
2021-11-30 06:30:00+00:00,0.1493399339933993,0.0,0.0152326602282704,0.6329004329004329
2021-11-30 06:45:00+00:00,0.14686468646864684,0.0,0.0222344161545215,0.6333333333333333
2021-11-30 07:00:00+00:00,0.1443894389438944,0.0,0.0292361720807726,0.6337662337662338
2021-11-30 07:15:00+00:00,0.138285703570357,0.0,0.07996049165935029,0.6298701298701299
2021-11-30 07:30:00+00:00,0.1321819681968196,0.0,0.130684811237928,0.625974025974026
2021-11-30 07:45:00+00:00,0.12607823282328223,0.0,0.1814091308165057,0.622077922077922
2021-11-30 08:00:00+00:00,0.1199744974497449,0.0,0.2321334503950834,0.6181818181818182
2021-11-30 08:15:00+00:00,0.11478960396039595,0.0,0.2859306409130816,0.6153679653679653
2021-11-30 08:30:00+00:00,0.109604710471047,0.0,0.3397278314310799,0.6125541125541125
2021-11-30 08:45:00+00:00,0.10441981698169811,0.0,0.3935250219490781,0.6097402597402597
2021-11-30 09:00:00+00:00,0.0992349234923492,0.0,0.4473222124670764,0.606926406926407
2021-11-30 09:15:00+00:00,0.0993943144314431,0.0,0.47653643546971025,0.6075757575757577
2021-11-30 09:30:00+00:00,0.099553705370537,0.0,0.5057506584723441,0.6082251082251082
2021-11-30 09:45:00+00:00,0.0997130963096309,0.0,0.5349648814749781,0.6088744588744589
2021-11-30 10:00:00+00:00,0.0998724872487248,0.0,0.564179104477612,0.6095238095238096
2021-11-30 10:15:00+00:00,0.10006938193819376,0.0,0.5780509218612819,0.6093073593073594
2021-11-30 10:30:00+00:00,0.1002662766276627,0.0,0.5919227392449518,0.6090909090909091
2021-11-30 10:45:00+00:00,0.10046317131713164,0.0,0.6057945566286217,0.6088744588744589
2021-11-30 11:00:00+00:00,0.1006600660066006,0.0,0.6196663740122915,0.6086580086580087
2021-11-30 11:15:00+00:00,0.09891614161416135,0.0,0.6252194907813873,0.6077922077922078
2021-11-30 11:30:00+00:00,0.0971722172217221,0.0,0.6307726075504829,0.6069264069264069
2021-11-30 11:45:00+00:00,0.09542829282928286,0.0,0.6363257243195786,0.606060606060606
2021-11-30 12:00:00+00:00,0.0936843684368436,0.0,0.6418788410886743,0.6051948051948052
2021-11-30 12:15:00+00:00,0.09081533153315326,0.0,0.6424934152765585,0.6056277056277056
2021-11-30 12:30:00+00:00,0.0879462946294629,0.0,0.6431079894644425,0.6060606060606061
2021-11-30 12:45:00+00:00,0.08507725772577256,0.0,0.6437225636523266,0.6064935064935065
2021-11-30 13:00:00+00:00,0.0822082208220822,0.0,0.6443371378402107,0.606926406926407
2021-11-30 13:15:00+00:00,0.07988298829882985,0.0,0.6411764705882353,0.6101731601731601
2021-11-30 13:30:00+00:00,0.0775577557755775,0.0,0.63801580333626,0.6134199134199134
2021-11-30 13:45:00+00:00,0.0752325232523252,0.0,0.6348551360842845,0.6166666666666666
2021-11-30 14:00:00+00:00,0.0729072907290729,0.0,0.6316944688323091,0.6199134199134199
2021-11-30 14:15:00+00:00,0.07005700570057005,0.0,0.5819798068481123,0.6292207792207791
2021-11-30 14:30:00+00:00,0.0672067206720672,0.0,0.5322651448639157,0.6385281385281385
2021-11-30 14:45:00+00:00,0.06435643564356436,0.0,0.482550482879719,0.6478354978354979
2021-11-30 15:00:00+00:00,0.0615061506150615,0.0,0.4328358208955223,0.6571428571428571
2021-11-30 15:15:00+00:00,0.06000600060006,0.0,0.35397278314310787,0.664069264069264
2021-11-30 15:30:00+00:00,0.0585058505850585,0.0,0.2751097453906935,0.6709956709956709
2021-11-30 15:45:00+00:00,0.057005700570057,0.0,0.19624670763827914,0.6779220779220778
2021-11-30 16:00:00+00:00,0.0555055505550555,0.0,0.1173836698858648,0.6848484848484848
2021-11-30 16:15:00+00:00,0.0578964146414641,0.0,0.09082528533801575,0.6891774891774891
2021-11-30 16:30:00+00:00,0.0602872787278727,0.0,0.0642669007901667,0.6935064935064935
2021-11-30 16:45:00+00:00,0.06267814281428134,0.0,0.037708516242317754,0.6978354978354979
2021-11-30 17:00:00+00:00,0.06506900690069,0.0,0.0111501316944688,0.7021645021645022
2021-11-30 17:15:00+00:00,0.06771302130213014,0.0,0.0092405618964003,0.708008658008658
2021-11-30 17:30:00+00:00,0.0703570357035703,0.0,0.0073309920983318,0.7138528138528139
2021-11-30 17:45:00+00:00,0.07300105010501046,0.0,0.00542142230026335,0.7196969696969697
2021-11-30 18:00:00+00:00,0.0756450645064506,0.0,0.0035118525021949,0.7255411255411255
2021-11-30 18:15:00+00:00,0.0772858535853585,0.0,0.0033582089552238502,0.7244588744588745
2021-11-30 18:30:00+00:00,0.0789266426642664,0.0,0.0032045654082528,0.7233766233766233
2021-11-30 18:45:00+00:00,0.0805674317431743,0.0,0.0030509218612817498,0.7222943722943722
2021-11-30 19:00:00+00:00,0.0822082208220822,0.0,0.0028972783143107,0.7212121212121212
2021-11-30 19:15:00+00:00,0.0854335433543354,0.0,0.0028753292361719997,0.7153679653679653
2021-11-30 19:30:00+00:00,0.0886588658865886,0.0,0.0028533801580333,0.7095238095238094
2021-11-30 19:45:00+00:00,0.09188418841884184,0.0,0.0028314310798946,0.7036796536796537
2021-11-30 20:00:00+00:00,0.0951095109510951,0.0,0.0028094820017559,0.6978354978354978
2021-11-30 20:15:00+00:00,0.1001631413141314,0.0,0.002721685689201,0.6954545454545454
2021-11-30 20:30:00+00:00,0.1052167716771677,0.0,0.0026338893766461,0.6930735930735931
2021-11-30 20:45:00+00:00,0.110270402040204,0.0,0.00254609306409125,0.6906926406926407
2021-11-30 21:00:00+00:00,0.1153240324032403,0.0,0.0024582967515364,0.6883116883116883
2021-11-30 21:15:00+00:00,0.12109960996099604,0.0,0.0024143985952589497,0.6822510822510823
2021-11-30 21:30:00+00:00,0.1268751875187518,0.0,0.0023705004389815,0.6761904761904762
2021-11-30 21:45:00+00:00,0.13265076507650758,0.0,0.00232660228270405,0.6701298701298701
2021-11-30 22:00:00+00:00,0.1384263426342634,0.0,0.0022827041264266,0.664069264069264
2021-11-30 22:15:00+00:00,0.1435643564356435,0.0,0.0020632133450394,0.6601731601731602
2021-11-30 22:30:00+00:00,0.1487023702370236,0.0,0.0018437225636522,0.6562770562770562
2021-11-30 22:45:00+00:00,0.15384038403840375,0.0,0.00162423178226505,0.6523809523809523
2021-11-30 23:00:00+00:00,0.1589783978397839,0.0,0.0014047410008779,0.6484848484848484
2021-11-30 23:15:00+00:00,0.16508213321332127,0.0,0.0012949956101843,0.6478354978354978
2021-11-30 23:30:00+00:00,0.1711858685868586,0.0,0.0011852502194907,0.6471861471861471
2021-11-30 23:45:00+00:00,0.177289603960396,0.0,0.0010755048287971,0.6465367965367965
2021-12-01 00:00:00+00:00,0.1833933393339334,0.0,0.0009657594381035,0.6458874458874458
2021-12-01 00:15:00+00:00,0.19002212721272124,0.0,0.0009438103599647999,0.6452380952380952
2021-12-01 00:30:00+00:00,0.1966509150915091,0.0,0.0009218612818261,0.6445887445887446
2021-12-01 00:45:00+00:00,0.203279702970297,0.0,0.0008999122036874,0.6439393939393939
2021-12-01 01:00:00+00:00,0.2099084908490849,0.0,0.0008779631255487,0.6432900432900432
2021-12-01 01:15:00+00:00,0.2157684518451845,0.0,0.0008999122036874,0.6406926406926406
2021-12-01 01:30:00+00:00,0.2216284128412841,0.0,0.0009218612818261,0.638095238095238
2021-12-01 01:45:00+00:00,0.22748837383738368,0.0,0.0009438103599647999,0.6354978354978355
2021-12-01 02:00:00+00:00,0.2333483348334833,0.0,0.0009657594381035,0.6329004329004329
2021-12-01 02:15:00+00:00,0.2391426642664266,0.0,0.0009877085162422,0.6255411255411255
2021-12-01 02:30:00+00:00,0.2449369936993699,0.0,0.0010096575943809,0.6181818181818182
2021-12-01 02:45:00+00:00,0.25073132313231317,0.0,0.00103160667251965,0.6108225108225108
2021-12-01 03:00:00+00:00,0.2565256525652565,0.0,0.0010535557506584,0.6034632034632035
2021-12-01 03:15:00+00:00,0.2657890789078907,0.0,0.00103160667251965,0.6
2021-12-01 03:30:00+00:00,0.275052505250525,0.0,0.0010096575943809,0.5965367965367965
2021-12-01 03:45:00+00:00,0.28431593159315927,0.0,0.0009877085162422,0.5930735930735931
2021-12-01 04:00:00+00:00,0.2935793579357936,0.0,0.0009657594381035,0.5896103896103896
2021-12-01 04:15:00+00:00,0.3041085358535853,0.0,0.0009657594381035,0.5896103896103896
2021-12-01 04:30:00+00:00,0.3146377137713771,0.0,0.0009657594381035,0.5896103896103896
2021-12-01 04:45:00+00:00,0.3251668916891689,0.0,0.0009657594381035,0.5896103896103896
2021-12-01 05:00:00+00:00,0.3356960696069607,0.0,0.0009657594381035,0.5896103896103896
2021-12-01 05:15:00+00:00,0.34352497749774974,0.0,0.0009657594381035,0.5984848484848484
2021-12-01 05:30:00+00:00,0.3513538853885388,0.0,0.0009657594381035,0.6073593073593073
2021-12-01 05:45:00+00:00,0.3591827932793279,0.0,0.0009657594381035,0.6162337662337662
2021-12-01 06:00:00+00:00,0.367011701170117,0.0,0.0009657594381035,0.6251082251082251
2021-12-01 06:15:00+00:00,0.36683355835583553,0.0,0.0083406496927128,0.6316017316017315
2021-12-01 06:30:00+00:00,0.3666554155415541,0.0,0.0157155399473221,0.638095238095238
2021-12-01 06:45:00+00:00,0.3664772727272727,0.0,0.02309043020193145,0.6445887445887445
2021-12-01 07:00:00+00:00,0.3662991299129913,0.0,0.0304653204565408,0.651082251082251
2021-12-01 07:15:00+00:00,0.36196744674467446,0.0,0.08263827919227391,0.6497835497835498
2021-12-01 07:30:00+00:00,0.3576357635763576,0.0,0.134811237928007,0.6484848484848484
2021-12-01 07:45:00+00:00,0.35330408040804073,0.0,0.18698419666374008,0.6471861471861471
2021-12-01 08:00:00+00:00,0.3489723972397239,0.0,0.2391571553994732,0.6458874458874458
2021-12-01 08:15:00+00:00,0.3466002850285028,0.0,0.2930860403863037,0.6398268398268399
2021-12-01 08:30:00+00:00,0.3442281728172817,0.0,0.3470149253731343,0.6337662337662338
2021-12-01 08:45:00+00:00,0.34185606060606055,0.0,0.40094381035996485,0.6277056277056277
2021-12-01 09:00:00+00:00,0.3394839483948395,0.0,0.4548726953467954,0.6216450216450217
2021-12-01 09:15:00+00:00,0.34308430843084303,0.0,0.4789508340649693,0.6229437229437229
2021-12-01 09:30:00+00:00,0.3466846684668466,0.0,0.5030289727831432,0.6242424242424243
2021-12-01 09:45:00+00:00,0.35028502850285026,0.0,0.5271071115013171,0.6255411255411256
2021-12-01 10:00:00+00:00,0.3538853885388539,0.0,0.5511852502194908,0.6268398268398269
2021-12-01 10:15:00+00:00,0.3603829132913291,0.0,0.5595697980684812,0.6303030303030304
2021-12-01 10:30:00+00:00,0.3668804380438044,0.0,0.5679543459174715,0.6337662337662338
2021-12-01 10:45:00+00:00,0.37337796279627966,0.0,0.5763388937664619,0.6372294372294371
2021-12-01 11:00:00+00:00,0.3798754875487549,0.0,0.5847234416154522,0.6406926406926406
2021-12-01 11:15:00+00:00,0.3861948694869487,0.0,0.5843942054433715,0.6435064935064935
2021-12-01 11:30:00+00:00,0.3925142514251425,0.0,0.5840649692712907,0.6463203463203463
2021-12-01 11:45:00+00:00,0.3988336333633363,0.0,0.5837357330992099,0.6491341991341991
2021-12-01 12:00:00+00:00,0.4051530153015301,0.0,0.5834064969271291,0.6519480519480519
2021-12-01 12:15:00+00:00,0.41135051005100504,0.0,0.5704345917471466,0.6525974025974026
2021-12-01 12:30:00+00:00,0.41754800480048,0.0,0.5574626865671641,0.6532467532467532
2021-12-01 12:45:00+00:00,0.42374549954995494,0.0,0.5444907813871818,0.6538961038961039
2021-12-01 13:00:00+00:00,0.4299429942994299,0.0,0.5315188762071993,0.6545454545454545
2021-12-01 13:15:00+00:00,0.4327088958895889,0.0,0.5072212467076382,0.6543290043290043
2021-12-01 13:30:00+00:00,0.4354747974797479,0.0,0.4829236172080772,0.6541125541125541
2021-12-01 13:45:00+00:00,0.4382406990699069,0.0,0.4586259877085162,0.6538961038961039
2021-12-01 14:00:00+00:00,0.441006600660066,0.0,0.4343283582089552,0.6536796536796536
2021-12-01 14:15:00+00:00,0.43984398439843975,0.0,0.3851404741000878,0.6564935064935065
2021-12-01 14:30:00+00:00,0.4386813681368136,0.0,0.3359525899912203,0.6593073593073593
2021-12-01 14:45:00+00:00,0.4375187518751874,0.0,0.2867647058823529,0.6621212121212121
2021-12-01 15:00:00+00:00,0.4363561356135613,0.0,0.2375768217734855,0.6649350649350649
2021-12-01 15:15:00+00:00,0.4295210771077107,0.0,0.19394205443371376,0.670995670995671
2021-12-01 15:30:00+00:00,0.4226860186018601,0.0,0.150307287093942,0.6770562770562771
2021-12-01 15:45:00+00:00,0.4158509600960095,0.0,0.1066725197541703,0.6831168831168832
2021-12-01 16:00:00+00:00,0.409015901590159,0.0,0.0630377524143986,0.6891774891774892
2021-12-01 16:15:00+00:00,0.4071313381338133,0.0,0.049495171202809454,0.693939393939394
2021-12-01 16:30:00+00:00,0.4052467746774676,0.0,0.0359525899912203,0.6987012987012987
2021-12-01 16:45:00+00:00,0.40336221122112204,0.0,0.022410008779631202,0.7034632034632035
2021-12-01 17:00:00+00:00,0.4014776477647764,0.0,0.0088674275680421,0.7082251082251082
2021-12-01 17:15:00+00:00,0.4069344434443444,0.0,0.00798946444249335,0.7116883116883117
2021-12-01 17:30:00+00:00,0.4123912391239123,0.0,0.0071115013169446,0.7151515151515151
2021-12-01 17:45:00+00:00,0.4178480348034803,0.0,0.006233538191395899,0.7186147186147186
2021-12-01 18:00:00+00:00,0.4233048304830483,0.0,0.0053555750658472,0.7220779220779221
2021-12-01 18:15:00+00:00,0.4278896639663966,0.0,0.00474100087796305,0.7255411255411255
2021-12-01 18:30:00+00:00,0.432474497449745,0.0,0.0041264266900789,0.729004329004329
2021-12-01 18:45:00+00:00,0.4370593309330933,0.0,0.0035118525021948,0.7324675324675325
2021-12-01 19:00:00+00:00,0.4416441644164416,0.0,0.0028972783143107,0.7359307359307359
2021-12-01 19:15:00+00:00,0.4413628862886288,0.0,0.0027875329236171,0.7335497835497835
2021-12-01 19:30:00+00:00,0.441081608160816,0.0,0.0026777875329235,0.7311688311688311
2021-12-01 19:45:00+00:00,0.44080033003300323,0.0,0.00256804214222995,0.7287878787878788
2021-12-01 20:00:00+00:00,0.4405190519051905,0.0,0.0024582967515364,0.7264069264069264
2021-12-01 20:15:00+00:00,0.4399189918991898,0.0,0.00243634767339765,0.7194805194805195
2021-12-01 20:30:00+00:00,0.4393189318931892,0.0,0.0024143985952589,0.7125541125541126
2021-12-01 20:45:00+00:00,0.43871887188718867,0.0,0.0023924495171201996,0.7056277056277056
2021-12-01 21:00:00+00:00,0.4381188118811881,0.0,0.0023705004389815,0.6987012987012987
2021-12-01 21:15:00+00:00,0.4428724122412241,0.0,0.0023705004389815,0.6978354978354979
2021-12-01 21:30:00+00:00,0.4476260126012601,0.0,0.0023705004389815,0.696969696969697
2021-12-01 21:45:00+00:00,0.45237961296129614,0.0,0.0023705004389815,0.6961038961038961
2021-12-01 22:00:00+00:00,0.4571332133213321,0.0,0.0023705004389815,0.6952380952380952
2021-12-01 22:15:00+00:00,0.46015226522652264,0.0,0.0023485513608427497,0.6917748917748918
2021-12-01 22:30:00+00:00,0.4631713171317131,0.0,0.002326602282704,0.6883116883116883
2021-12-01 22:45:00+00:00,0.4661903690369037,0.0,0.0023046532045653,0.6848484848484848
2021-12-01 23:00:00+00:00,0.4692094209420942,0.0,0.0022827041264266,0.6813852813852814
2021-12-01 23:15:00+00:00,0.4674748724872487,0.0,0.00197541703248455,0.6796536796536796
2021-12-01 23:30:00+00:00,0.4657403240324033,0.0,0.0016681299385425,0.6779220779220779
2021-12-01 23:45:00+00:00,0.4640057755775578,0.0,0.00136084284460045,0.6761904761904762
2021-12-02 00:00:00+00:00,0.4622712271227123,0.0,0.0010535557506584,0.6744588744588744
2021-12-02 00:15:00+00:00,0.4638370087008701,0.0,0.0010535557506584,0.6722943722943723
2021-12-02 00:30:00+00:00,0.4654027902790278,0.0,0.0010535557506584,0.6701298701298701
2021-12-02 00:45:00+00:00,0.46696857185718565,0.0,0.0010535557506584,0.667965367965368
2021-12-02 01:00:00+00:00,0.4685343534353435,0.0,0.0010535557506584,0.6658008658008658
2021-12-02 01:15:00+00:00,0.47007200720072007,0.0,0.0010535557506584,0.6655844155844156
2021-12-02 01:30:00+00:00,0.4716096609660966,0.0,0.0010535557506584,0.6653679653679654
2021-12-02 01:45:00+00:00,0.4731473147314731,0.0,0.0010535557506584,0.6651515151515152
2021-12-02 02:00:00+00:00,0.4746849684968496,0.0,0.0010535557506584,0.6649350649350649
2021-12-02 02:15:00+00:00,0.478060306030603,0.0,0.00103160667251965,0.6649350649350649
2021-12-02 02:30:00+00:00,0.4814356435643564,0.0,0.0010096575943809,0.6649350649350649
2021-12-02 02:45:00+00:00,0.48481098109810983,0.0,0.0009877085162422,0.6649350649350649
2021-12-02 03:00:00+00:00,0.4881863186318632,0.0,0.0009657594381035,0.6649350649350649
2021-12-02 03:15:00+00:00,0.49340871587158713,0.0,0.0009877085162422,0.6636363636363636
2021-12-02 03:30:00+00:00,0.4986311131113111,0.0,0.0010096575943809,0.6623376623376623
2021-12-02 03:45:00+00:00,0.5038535103510351,0.0,0.00103160667251965,0.6610389610389611
2021-12-02 04:00:00+00:00,0.509075907590759,0.0,0.0010535557506584,0.6597402597402597
2021-12-02 04:15:00+00:00,0.5126668916891689,0.0,0.0010535557506584,0.6597402597402597
2021-12-02 04:30:00+00:00,0.5162578757875788,0.0,0.0010535557506584,0.6597402597402597
2021-12-02 04:45:00+00:00,0.5198488598859886,0.0,0.0010535557506584,0.6597402597402597
2021-12-02 05:00:00+00:00,0.5234398439843985,0.0,0.0010535557506584,0.6597402597402597
2021-12-02 05:15:00+00:00,0.5224178667866787,0.0,0.00103160667251965,0.6658008658008658
2021-12-02 05:30:00+00:00,0.5213958895889589,0.0,0.0010096575943809,0.6718614718614719
2021-12-02 05:45:00+00:00,0.5203739123912391,0.0,0.0009877085162422,0.677922077922078
2021-12-02 06:00:00+00:00,0.5193519351935193,0.0,0.0009657594381035,0.683982683982684
2021-12-02 06:15:00+00:00,0.5182549504950495,0.0,0.004302019315188649,0.6872294372294372
2021-12-02 06:30:00+00:00,0.5171579657965797,0.0,0.0076382791922738,0.6904761904761905
2021-12-02 06:45:00+00:00,0.5160609810981098,0.0,0.010974539069359,0.6937229437229437
2021-12-02 07:00:00+00:00,0.51496399639964,0.0,0.0143107989464442,0.696969696969697
2021-12-02 07:15:00+00:00,0.51621099609961,0.0,0.05496049165935025,0.6952380952380952
2021-12-02 07:30:00+00:00,0.51745799579958,0.0,0.0956101843722563,0.6935064935064935
2021-12-02 07:45:00+00:00,0.51870499549955,0.0,0.1362598770851624,0.6917748917748918
2021-12-02 08:00:00+00:00,0.51995199519952,0.0,0.1769095697980685,0.69004329004329
2021-12-02 08:15:00+00:00,0.5202520252025202,0.0,0.23132133450395084,0.6863636363636364
2021-12-02 08:30:00+00:00,0.5205520552055205,0.0,0.2857330992098332,0.6826839826839827
2021-12-02 08:45:00+00:00,0.5208520852085208,0.0,0.3401448639157155,0.679004329004329
2021-12-02 09:00:00+00:00,0.5211521152115212,0.0,0.3945566286215979,0.6753246753246753
2021-12-02 09:15:00+00:00,0.5296279627962797,0.0,0.42379280070237046,0.675974025974026
2021-12-02 09:30:00+00:00,0.538103810381038,0.0,0.4530289727831431,0.6766233766233767
2021-12-02 09:45:00+00:00,0.5465796579657966,0.0,0.48226514486391575,0.6772727272727272
2021-12-02 10:00:00+00:00,0.555055505550555,0.0,0.5115013169446884,0.6779220779220779
2021-12-02 10:15:00+00:00,0.5627250225022502,0.0,0.5223880597014925,0.6781385281385282
2021-12-02 10:30:00+00:00,0.5703945394539454,0.0,0.5332748024582967,0.6783549783549784
2021-12-02 10:45:00+00:00,0.5780640564056405,0.0,0.544161545215101,0.6785714285714286
2021-12-02 11:00:00+00:00,0.5857335733573358,0.0,0.5550482879719052,0.6787878787878788
2021-12-02 11:15:00+00:00,0.5907309480948095,0.0,0.5665276558384548,0.6792207792207792
2021-12-02 11:30:00+00:00,0.5957283228322833,0.0,0.5780070237050043,0.6796536796536796
2021-12-02 11:45:00+00:00,0.600725697569757,0.0,0.589486391571554,0.6800865800865801
2021-12-02 12:00:00+00:00,0.6057230723072308,0.0,0.6009657594381036,0.6805194805194805
2021-12-02 12:15:00+00:00,0.606763801380138,0.0,0.6,0.6796536796536796
2021-12-02 12:30:00+00:00,0.6078045304530453,0.0,0.5990342405618965,0.6787878787878787
2021-12-02 12:45:00+00:00,0.6088452595259526,0.0,0.5980684811237928,0.6779220779220778
2021-12-02 13:00:00+00:00,0.6098859885988599,0.0,0.5971027216856892,0.677056277056277
2021-12-02 13:15:00+00:00,0.6067825532553255,0.0,0.5874231782265145,0.6759740259740259
2021-12-02 13:30:00+00:00,0.6036791179117912,0.0,0.5777436347673398,0.6748917748917749
2021-12-02 13:45:00+00:00,0.6005756825682569,0.0,0.5680640913081652,0.6738095238095239
2021-12-02 14:00:00+00:00,0.5974722472247225,0.0,0.5583845478489904,0.6727272727272727
2021-12-02 14:15:00+00:00,0.5901683918391839,0.0,0.512774363476734,0.6753246753246753
2021-12-02 14:30:00+00:00,0.5828645364536453,0.0,0.4671641791044776,0.6779220779220779
2021-12-02 14:45:00+00:00,0.5755606810681069,0.0,0.4215539947322212,0.6805194805194805
2021-12-02 15:00:00+00:00,0.5682568256825683,0.0,0.3759438103599649,0.6831168831168831
2021-12-02 15:15:00+00:00,0.5595184518451846,0.0,0.3093283582089552,0.6995670995670995
2021-12-02 15:30:00+00:00,0.5507800780078008,0.0,0.2427129060579455,0.716017316017316
2021-12-02 15:45:00+00:00,0.5420417041704171,0.0,0.17609745390693585,0.7324675324675325
2021-12-02 16:00:00+00:00,0.5333033303330333,0.0,0.1094820017559262,0.7489177489177489
2021-12-02 16:15:00+00:00,0.5238805130513051,0.0,0.08395522388059695,0.7564935064935066
2021-12-02 16:30:00+00:00,0.514457695769577,0.0,0.0584284460052677,0.7640692640692641
2021-12-02 16:45:00+00:00,0.5050348784878488,0.0,0.0329016681299385,0.7716450216450217
2021-12-02 17:00:00+00:00,0.4956120612061206,0.0,0.0073748902546093,0.7792207792207793
2021-12-02 17:15:00+00:00,0.4885519801980198,0.0,0.0058604038630377005,0.7848484848484849
2021-12-02 17:30:00+00:00,0.481491899189919,0.0,0.0043459174714661,0.7904761904761906
2021-12-02 17:45:00+00:00,0.47443181818181823,0.0,0.00283143107989455,0.7961038961038962
2021-12-02 18:00:00+00:00,0.4673717371737174,0.0,0.001316944688323,0.8017316017316017
2021-12-02 18:15:00+00:00,0.4642964296429643,0.0,0.0012730465320455499,0.8012987012987014
2021-12-02 18:30:00+00:00,0.4612211221122112,0.0,0.0012291483757681,0.800865800865801
2021-12-02 18:45:00+00:00,0.4581458145814581,0.0,0.0011852502194907,0.8004329004329005
2021-12-02 19:00:00+00:00,0.455070507050705,0.0,0.0011413520632133,0.8
2021-12-02 19:15:00+00:00,0.45372974797479737,0.0,0.0011413520632133,0.796969696969697
2021-12-02 19:30:00+00:00,0.4523889888988898,0.0,0.0011413520632133,0.793939393939394
2021-12-02 19:45:00+00:00,0.4510482298229822,0.0,0.0011413520632133,0.7909090909090909
2021-12-02 20:00:00+00:00,0.4497074707470747,0.0,0.0011413520632133,0.7878787878787878
2021-12-02 20:15:00+00:00,0.4566456645664566,0.0,0.00111940298507455,0.7774891774891775
2021-12-02 20:30:00+00:00,0.4635838583858385,0.0,0.0010974539069358,0.7670995670995671
2021-12-02 20:45:00+00:00,0.4705220522052205,0.0,0.0010755048287971,0.7567099567099567
2021-12-02 21:00:00+00:00,0.4774602460246024,0.0,0.0010535557506584,0.7463203463203463
2021-12-02 21:15:00+00:00,0.48047929792979294,0.0,0.0010535557506584,0.7435064935064934
2021-12-02 21:30:00+00:00,0.4834983498349834,0.0,0.0010535557506584,0.7406926406926406
2021-12-02 21:45:00+00:00,0.486517401740174,0.0,0.0010535557506584,0.7378787878787878
2021-12-02 22:00:00+00:00,0.4895364536453645,0.0,0.0010535557506584,0.7350649350649351
2021-12-02 22:15:00+00:00,0.48689243924392434,0.0,0.00103160667251965,0.7428571428571429
2021-12-02 22:30:00+00:00,0.4842484248424842,0.0,0.0010096575943809,0.7506493506493507
2021-12-02 22:45:00+00:00,0.4816044104410441,0.0,0.0009877085162422,0.7584415584415585
2021-12-02 23:00:00+00:00,0.4789603960396039,0.0,0.0009657594381035,0.7662337662337663
2021-12-02 23:15:00+00:00,0.47909165916591656,0.0,0.0009657594381035,0.7480519480519481
2021-12-02 23:30:00+00:00,0.4792229222922292,0.0,0.0009657594381035,0.7298701298701299
2021-12-02 23:45:00+00:00,0.4793541854185418,0.0,0.0009657594381035,0.7116883116883117
2021-12-03 00:00:00+00:00,0.4794854485448545,0.0,0.0009657594381035,0.6935064935064935
2021-12-03 00:15:00+00:00,0.47891351635163515,0.0,0.0009877085162422,0.6865800865800866
2021-12-03 00:30:00+00:00,0.4783415841584159,0.0,0.0010096575943809,0.6796536796536797
2021-12-03 00:45:00+00:00,0.47776965196519655,0.0,0.00103160667251965,0.6727272727272728
2021-12-03 01:00:00+00:00,0.4771977197719772,0.0,0.0010535557506584,0.6658008658008658
2021-12-03 01:15:00+00:00,0.47975735073507353,0.0,0.0010535557506584,0.6627705627705628
2021-12-03 01:30:00+00:00,0.4823169816981698,0.0,0.0010535557506584,0.6597402597402597
2021-12-03 01:45:00+00:00,0.4848766126612661,0.0,0.0010535557506584,0.6567099567099567
2021-12-03 02:00:00+00:00,0.4874362436243624,0.0,0.0010535557506584,0.6536796536796536
2021-12-03 02:15:00+00:00,0.48433280828082803,0.0,0.0010535557506584,0.6528138528138527
2021-12-03 02:30:00+00:00,0.4812293729372937,0.0,0.0010535557506584,0.6519480519480519
2021-12-03 02:45:00+00:00,0.4781259375937593,0.0,0.0010535557506584,0.6510822510822512
2021-12-03 03:00:00+00:00,0.475022502250225,0.0,0.0010535557506584,0.6502164502164502
2021-12-03 03:15:00+00:00,0.47372862286228623,0.0,0.0010535557506584,0.6536796536796536
2021-12-03 03:30:00+00:00,0.4724347434743474,0.0,0.0010535557506584,0.6571428571428571
2021-12-03 03:45:00+00:00,0.4711408640864086,0.0,0.0010535557506584,0.6606060606060606
2021-12-03 04:00:00+00:00,0.4698469846984698,0.0,0.0010535557506584,0.664069264069264
2021-12-03 04:15:00+00:00,0.47283790879087906,0.0,0.0010535557506584,0.6688311688311688
2021-12-03 04:30:00+00:00,0.4758288328832883,0.0,0.0010535557506584,0.6735930735930735
2021-12-03 04:45:00+00:00,0.47881975697569756,0.0,0.0010535557506584,0.6783549783549783
2021-12-03 05:00:00+00:00,0.4818106810681068,0.0,0.0010535557506584,0.6831168831168831
2021-12-03 05:15:00+00:00,0.4816887938793879,0.0,0.0012291483757681499,0.7075757575757575
2021-12-03 05:30:00+00:00,0.481566906690669,0.0,0.0014047410008779,0.732034632034632
2021-12-03 05:45:00+00:00,0.4814450195019502,0.0,0.00158033362598765,0.7564935064935066
2021-12-03 06:00:00+00:00,0.4813231323132313,0.0,0.0017559262510974,0.780952380952381
2021-12-03 06:15:00+00:00,0.4807699519951995,0.0,0.008911325724319501,0.7699134199134199
2021-12-03 06:30:00+00:00,0.4802167716771677,0.0,0.0160667251975416,0.7588744588744589
2021-12-03 06:45:00+00:00,0.4796635913591359,0.0,0.02322212467076375,0.7478354978354979
2021-12-03 07:00:00+00:00,0.4791104110411041,0.0,0.0303775241439859,0.7367965367965368
2021-12-03 07:15:00+00:00,0.475256900690069,0.0,0.09106672519754165,0.7365800865800866
2021-12-03 07:30:00+00:00,0.4714033903390339,0.0,0.1517559262510974,0.7363636363636363
2021-12-03 07:45:00+00:00,0.4675498799879988,0.0,0.21244512730465315,0.7361471861471861
2021-12-03 08:00:00+00:00,0.4636963696369637,0.0,0.2731343283582089,0.7359307359307359
2021-12-03 08:15:00+00:00,0.4588677617761776,0.0,0.3408691834942932,0.733982683982684
2021-12-03 08:30:00+00:00,0.4540391539153915,0.0,0.4086040386303775,0.732034632034632
2021-12-03 08:45:00+00:00,0.4492105460546054,0.0,0.47633889376646177,0.7300865800865801
2021-12-03 09:00:00+00:00,0.4443819381938194,0.0,0.5440737489025461,0.7281385281385281
2021-12-03 09:15:00+00:00,0.44477572757275724,0.0,0.5751097453906937,0.7194805194805194
2021-12-03 09:30:00+00:00,0.4451695169516951,0.0,0.6061457418788412,0.7108225108225108
2021-12-03 09:45:00+00:00,0.445563306330633,0.0,0.6371817383669887,0.7021645021645022
2021-12-03 10:00:00+00:00,0.445957095709571,0.0,0.6682177348551361,0.6935064935064935
2021-12-03 10:15:00+00:00,0.4469228172817281,0.0,0.6779850746268657,0.6952380952380952
2021-12-03 10:30:00+00:00,0.4478885388538853,0.0,0.6877524143985954,0.696969696969697
2021-12-03 10:45:00+00:00,0.44885426042604254,0.0,0.6975197541703249,0.6987012987012987
2021-12-03 11:00:00+00:00,0.4498199819981998,0.0,0.7072870939420545,0.7004329004329004
2021-12-03 11:15:00+00:00,0.4506919441944194,0.0,0.7071115013169447,0.6993506493506494
2021-12-03 11:30:00+00:00,0.451563906390639,0.0,0.706935908691835,0.6982683982683983
2021-12-03 11:45:00+00:00,0.45243586858685864,0.0,0.7067603160667253,0.6971861471861471
2021-12-03 12:00:00+00:00,0.4533078307830783,0.0,0.7065847234416155,0.6961038961038961
2021-12-03 12:15:00+00:00,0.45394539453945393,0.0,0.7057945566286217,0.6984848484848485
2021-12-03 12:30:00+00:00,0.4545829582958295,0.0,0.7050043898156277,0.7008658008658009
2021-12-03 12:45:00+00:00,0.45522052205220515,0.0,0.7042142230026338,0.7032467532467532
2021-12-03 13:00:00+00:00,0.4558580858085808,0.0,0.70342405618964,0.7056277056277056
2021-12-03 13:15:00+00:00,0.4527452745274526,0.0,0.6941176470588235,0.706926406926407
2021-12-03 13:30:00+00:00,0.4496324632463245,0.0,0.684811237928007,0.7082251082251082
2021-12-03 13:45:00+00:00,0.44651965196519644,0.0,0.6755048287971905,0.7095238095238094
2021-12-03 14:00:00+00:00,0.4434068406840684,0.0,0.666198419666374,0.7108225108225108
2021-12-03 14:15:00+00:00,0.43656240624062403,0.0,0.6165715539947323,0.7292207792207792
2021-12-03 14:30:00+00:00,0.4297179717971797,0.0,0.5669446883230904,0.7476190476190476
2021-12-03 14:45:00+00:00,0.42287353735373534,0.0,0.5173178226514485,0.766017316017316
2021-12-03 15:00:00+00:00,0.416029102910291,0.0,0.4676909569798068,0.7844155844155845
2021-12-03 15:15:00+00:00,0.41224122412241215,0.0,0.38931079894644416,0.8043290043290043
2021-12-03 15:30:00+00:00,0.4084533453345333,0.0,0.3109306409130816,0.8242424242424242
2021-12-03 15:45:00+00:00,0.40466546654665453,0.0,0.232550482879719,0.8441558441558441
2021-12-03 16:00:00+00:00,0.4008775877587758,0.0,0.1541703248463564,0.8640692640692641
2021-12-03 16:15:00+00:00,0.4023871137113711,0.0,0.12405618964003505,0.8701298701298701
2021-12-03 16:30:00+00:00,0.4038966396639664,0.0,0.0939420544337137,0.8761904761904762
2021-12-03 16:45:00+00:00,0.4054061656165616,0.0,0.0638279192273924,0.8822510822510823
2021-12-03 17:00:00+00:00,0.4069156915691569,0.0,0.0337137840210711,0.8883116883116883
2021-12-03 17:15:00+00:00,0.4115755325532553,0.0,0.0264925373134328,0.8865800865800866
2021-12-03 17:30:00+00:00,0.4162353735373537,0.0,0.0192712906057945,0.8848484848484848
2021-12-03 17:45:00+00:00,0.42089521452145207,0.0,0.0120500438981562,0.8831168831168831
2021-12-03 18:00:00+00:00,0.4255550555055505,0.0,0.0048287971905179,0.8813852813852814
2021-12-03 18:15:00+00:00,0.4246643414341434,0.0,0.0041264266900789,0.895887445887446
2021-12-03 18:30:00+00:00,0.4237736273627362,0.0,0.0034240561896399,0.9103896103896104
2021-12-03 18:45:00+00:00,0.4228829132913291,0.0,0.0027216856892009504,0.9248917748917749
2021-12-03 19:00:00+00:00,0.421992199219922,0.0,0.002019315188762,0.9393939393939394
2021-12-03 19:15:00+00:00,0.42292041704170413,0.0,0.002019315188762,0.9344155844155846
2021-12-03 19:30:00+00:00,0.4238486348634863,0.0,0.002019315188762,0.9294372294372296
2021-12-03 19:45:00+00:00,0.4247768526852685,0.0,0.002019315188762,0.9244588744588746
2021-12-03 20:00:00+00:00,0.4257050705070507,0.0,0.002019315188762,0.9194805194805196
2021-12-03 20:15:00+00:00,0.427758400840084,0.0,0.00199736611062325,0.9021645021645022
2021-12-03 20:30:00+00:00,0.4298117311731173,0.0,0.0019754170324845,0.8848484848484849
2021-12-03 20:45:00+00:00,0.43186506150615056,0.0,0.0019534679543458,0.8675324675324676
2021-12-03 21:00:00+00:00,0.4339183918391839,0.0,0.0019315188762071,0.8502164502164502
2021-12-03 21:15:00+00:00,0.4361123612361236,0.0,0.0019534679543458,0.8515151515151516
2021-12-03 21:30:00+00:00,0.4383063306330633,0.0,0.0019754170324845,0.8528138528138528
2021-12-03 21:45:00+00:00,0.44050030003000296,0.0,0.00199736611062325,0.854112554112554
2021-12-03 22:00:00+00:00,0.4426942694269427,0.0,0.002019315188762,0.8554112554112554
2021-12-03 22:15:00+00:00,0.4442975547554755,0.0,0.002019315188762,0.8519480519480519
2021-12-03 22:30:00+00:00,0.4459008400840084,0.0,0.002019315188762,0.8484848484848484
2021-12-03 22:45:00+00:00,0.4475041254125412,0.0,0.002019315188762,0.845021645021645
2021-12-03 23:00:00+00:00,0.4491074107410741,0.0,0.002019315188762,0.8415584415584415
2021-12-03 23:15:00+00:00,0.4471947194719471,0.0,0.002019315188762,0.8387445887445888
2021-12-03 23:30:00+00:00,0.4452820282028202,0.0,0.002019315188762,0.835930735930736
2021-12-03 23:45:00+00:00,0.4433693369336933,0.0,0.002019315188762,0.8331168831168831
2021-12-04 00:00:00+00:00,0.4414566456645664,0.0,0.002019315188762,0.8303030303030303
2021-12-04 00:15:00+00:00,0.44711971197119704,0.0,0.002019315188762,0.822943722943723
2021-12-04 00:30:00+00:00,0.4527827782778277,0.0,0.002019315188762,0.8155844155844156
2021-12-04 00:45:00+00:00,0.45844584458445836,0.0,0.002019315188762,0.8082251082251082
2021-12-04 01:00:00+00:00,0.4641089108910891,0.0,0.002019315188762,0.8008658008658008
2021-12-04 01:15:00+00:00,0.4656184368436843,0.0,0.002019315188762,0.7941558441558441
2021-12-04 01:30:00+00:00,0.4671279627962795,0.0,0.002019315188762,0.7874458874458874
2021-12-04 01:45:00+00:00,0.4686374887488748,0.0,0.002019315188762,0.7807359307359307
2021-12-04 02:00:00+00:00,0.4701470147014701,0.0,0.002019315188762,0.7740259740259741
2021-12-04 02:15:00+00:00,0.47494749474947484,0.0,0.002019315188762,0.7757575757575758
2021-12-04 02:30:00+00:00,0.4797479747974796,0.0,0.002019315188762,0.7774891774891775
2021-12-04 02:45:00+00:00,0.4845484548454845,0.0,0.002019315188762,0.7792207792207793
2021-12-04 03:00:00+00:00,0.4893489348934893,0.0,0.002019315188762,0.780952380952381
2021-12-04 03:15:00+00:00,0.4938775127512751,0.0,0.002019315188762,0.783982683982684
2021-12-04 03:30:00+00:00,0.4984060906090609,0.0,0.002019315188762,0.7870129870129869
2021-12-04 03:45:00+00:00,0.5029346684668466,0.0,0.002019315188762,0.79004329004329
2021-12-04 04:00:00+00:00,0.5074632463246325,0.0,0.002019315188762,0.793073593073593
2021-12-04 04:15:00+00:00,0.5090759075907592,0.0,0.002019315188762,0.7948051948051948
2021-12-04 04:30:00+00:00,0.5106885688568857,0.0,0.002019315188762,0.7965367965367965
2021-12-04 04:45:00+00:00,0.5123012301230123,0.0,0.002019315188762,0.7982683982683982
2021-12-04 05:00:00+00:00,0.5139138913891389,0.0,0.002019315188762,0.8
2021-12-04 05:15:00+00:00,0.5101447644764476,0.0,0.002019315188762,0.8106060606060607
2021-12-04 05:30:00+00:00,0.5063756375637564,0.0,0.002019315188762,0.8212121212121213
2021-12-04 05:45:00+00:00,0.5026065106510651,0.0,0.002019315188762,0.8318181818181818
2021-12-04 06:00:00+00:00,0.4988373837383738,0.0,0.002019315188762,0.8424242424242424
2021-12-04 06:15:00+00:00,0.4981904440444044,0.0,0.0078358208955223,0.8577922077922078
2021-12-04 06:30:00+00:00,0.497543504350435,0.0,0.0136523266022826,0.8731601731601732
2021-12-04 06:45:00+00:00,0.4968965646564656,0.0,0.01946883230904295,0.8885281385281386
2021-12-04 07:00:00+00:00,0.4962496249624962,0.0,0.0252853380158033,0.903896103896104
2021-12-04 07:15:00+00:00,0.4931836933693369,0.0,0.07414398595258995,0.8976190476190476
2021-12-04 07:30:00+00:00,0.4901177617761775,0.0,0.1230026338893766,0.8913419913419913
2021-12-04 07:45:00+00:00,0.48705183018301823,0.0,0.17186128182616325,0.8850649350649351
2021-12-04 08:00:00+00:00,0.4839858985898589,0.0,0.2207199297629499,0.8787878787878788
2021-12-04 08:15:00+00:00,0.48292641764176414,0.0,0.2701931518876207,0.877922077922078
2021-12-04 08:30:00+00:00,0.4818669366936693,0.0,0.3196663740122915,0.8770562770562771
2021-12-04 08:45:00+00:00,0.4808074557455745,0.0,0.36913959613696223,0.8761904761904762
2021-12-04 09:00:00+00:00,0.4797479747974797,0.0,0.418612818261633,0.8753246753246753
2021-12-04 09:15:00+00:00,0.48135126012601254,0.0,0.4335601404741,0.8718614718614719
2021-12-04 09:30:00+00:00,0.4829545454545454,0.0,0.4485074626865671,0.8683982683982684
2021-12-04 09:45:00+00:00,0.48455783078307824,0.0,0.4634547848990342,0.8649350649350649
2021-12-04 10:00:00+00:00,0.4861611161116111,0.0,0.4784021071115013,0.8614718614718615
2021-12-04 10:15:00+00:00,0.48711746174617454,0.0,0.47982879719051796,0.8727272727272727
2021-12-04 10:30:00+00:00,0.488073807380738,0.0,0.4812554872695346,0.8839826839826839
2021-12-04 10:45:00+00:00,0.4890301530153015,0.0,0.4826821773485513,0.8952380952380952
2021-12-04 11:00:00+00:00,0.489986498649865,0.0,0.484108867427568,0.9064935064935064
2021-12-04 11:15:00+00:00,0.48892701770177016,0.0,0.48610623353819127,0.9015151515151514
2021-12-04 11:30:00+00:00,0.4878675367536753,0.0,0.4881035996488146,0.8965367965367965
2021-12-04 11:45:00+00:00,0.4868080558055805,0.0,0.490100965759438,0.8915584415584416
2021-12-04 12:00:00+00:00,0.4857485748574857,0.0,0.4920983318700614,0.8865800865800866
2021-12-04 12:15:00+00:00,0.4874174917491748,0.0,0.47969710272168564,0.8911255411255411
2021-12-04 12:30:00+00:00,0.489086408640864,0.0,0.4672958735733099,0.8956709956709956
2021-12-04 12:45:00+00:00,0.4907553255325532,0.0,0.4548946444249341,0.9002164502164502
2021-12-04 13:00:00+00:00,0.4924242424242424,0.0,0.4424934152765584,0.9047619047619048
2021-12-04 13:15:00+00:00,0.49687781278127807,0.0,0.42662423178226516,0.8952380952380952
2021-12-04 13:30:00+00:00,0.5013313831383138,0.0,0.4107550482879719,0.8857142857142857
2021-12-04 13:45:00+00:00,0.5057849534953496,0.0,0.39488586479367865,0.8761904761904762
2021-12-04 14:00:00+00:00,0.5102385238523852,0.0,0.3790166812993854,0.8666666666666667
2021-12-04 14:15:00+00:00,0.5119918241824182,0.0,0.3415276558384548,0.8850649350649351
2021-12-04 14:30:00+00:00,0.5137451245124512,0.0,0.3040386303775241,0.9034632034632036
2021-12-04 14:45:00+00:00,0.5154984248424843,0.0,0.26654960491659346,0.9218614718614719
2021-12-04 15:00:00+00:00,0.5172517251725173,0.0,0.2290605794556628,0.9402597402597402
2021-12-04 15:15:00+00:00,0.5107354485448545,0.0,0.18470149253731336,0.9456709956709957
2021-12-04 15:30:00+00:00,0.5042191719171918,0.0,0.1403424056189639,0.9510822510822512
2021-12-04 15:45:00+00:00,0.497702895289529,0.0,0.09598331870061451,0.9564935064935066
2021-12-04 16:00:00+00:00,0.4911866186618662,0.0,0.0516242317822651,0.961904761904762
2021-12-04 16:15:00+00:00,0.49525577557755773,0.0,0.040122914837576754,0.964935064935065
2021-12-04 16:30:00+00:00,0.4993249324932493,0.0,0.0286215978928884,0.967965367965368
2021-12-04 16:45:00+00:00,0.5033940894089408,0.0,0.0171202809482001,0.9709956709956711
2021-12-04 17:00:00+00:00,0.5074632463246325,0.0,0.0056189640035118,0.974025974025974
2021-12-04 17:15:00+00:00,0.5108854635463547,0.0,0.00513608428446,0.9759740259740259
2021-12-04 17:30:00+00:00,0.5143076807680769,0.0,0.0046532045654082,0.977922077922078
2021-12-04 17:45:00+00:00,0.5177298979897991,0.0,0.0041703248463563995,0.9798701298701299
2021-12-04 18:00:00+00:00,0.5211521152115212,0.0,0.0036874451273046,0.9818181818181818
2021-12-04 18:15:00+00:00,0.5203457845784579,0.0,0.00342405618963995,0.982034632034632
2021-12-04 18:30:00+00:00,0.5195394539453946,0.0,0.0031606672519753,0.9822510822510824
2021-12-04 18:45:00+00:00,0.5187331233123312,0.0,0.0028972783143107,0.9824675324675326
2021-12-04 19:00:00+00:00,0.5179267926792679,0.0,0.0026338893766461,0.9826839826839828
2021-12-04 19:15:00+00:00,0.5129575457545754,0.0,0.0026338893766461,0.9772727272727274
2021-12-04 19:30:00+00:00,0.507988298829883,0.0,0.0026338893766461,0.971861471861472
2021-12-04 19:45:00+00:00,0.5030190519051905,0.0,0.0026338893766461,0.9664502164502164
2021-12-04 20:00:00+00:00,0.498049804980498,0.0,0.0026338893766461,0.961038961038961
2021-12-04 20:15:00+00:00,0.4989405190519051,0.0,0.0026338893766461,0.9545454545454546
2021-12-04 20:30:00+00:00,0.4998312331233123,0.0,0.0026338893766461,0.948051948051948
2021-12-04 20:45:00+00:00,0.5007219471947194,0.0,0.0026338893766461,0.9415584415584416
2021-12-04 21:00:00+00:00,0.5016126612661266,0.0,0.0026338893766461,0.935064935064935
2021-12-04 21:15:00+00:00,0.5080539303930393,0.0,0.0026338893766461,0.9305194805194805
2021-12-04 21:30:00+00:00,0.5144951995199519,0.0,0.0026338893766461,0.925974025974026
2021-12-04 21:45:00+00:00,0.5209364686468647,0.0,0.0026338893766461,0.9214285714285715
2021-12-04 22:00:00+00:00,0.5273777377737774,0.0,0.0026338893766461,0.9168831168831169
2021-12-04 22:15:00+00:00,0.5315781578157815,0.0,0.0023924495171202,0.9132034632034632
2021-12-04 22:30:00+00:00,0.5357785778577857,0.0,0.0021510096575943,0.9095238095238096
2021-12-04 22:45:00+00:00,0.53997899789979,0.0,0.0019095697980684,0.9058441558441559
2021-12-04 23:00:00+00:00,0.5441794179417941,0.0,0.0016681299385425,0.9021645021645022
2021-12-04 23:15:00+00:00,0.5446575907590758,0.0,0.0015364354697102,0.8939393939393939
2021-12-04 23:30:00+00:00,0.5451357635763576,0.0,0.0014047410008779,0.8857142857142857
2021-12-04 23:45:00+00:00,0.5456139363936393,0.0,0.0012730465320456,0.8774891774891775
2021-12-05 00:00:00+00:00,0.5460921092109211,0.0,0.0011413520632133,0.8692640692640693
2021-12-05 00:15:00+00:00,0.548867386738674,0.0,0.0011413520632133,0.8636363636363636
2021-12-05 00:30:00+00:00,0.5516426642664267,0.0,0.0011413520632133,0.858008658008658
2021-12-05 00:45:00+00:00,0.5544179417941795,0.0,0.0011413520632133,0.8523809523809524
2021-12-05 01:00:00+00:00,0.5571932193219322,0.0,0.0011413520632133,0.8467532467532467
2021-12-05 01:15:00+00:00,0.5615061506150616,0.0,0.0011413520632133,0.8346320346320346
2021-12-05 01:30:00+00:00,0.5658190819081909,0.0,0.0011413520632133,0.8225108225108224
2021-12-05 01:45:00+00:00,0.5701320132013201,0.0,0.0011413520632133,0.8103896103896103
2021-12-05 02:00:00+00:00,0.5744449444944495,0.0,0.0011413520632133,0.7982683982683982
2021-12-05 02:15:00+00:00,0.579761101110111,0.0,0.001163301141352,0.7963203463203463
2021-12-05 02:30:00+00:00,0.5850772577257726,0.0,0.0011852502194907,0.7943722943722944
2021-12-05 02:45:00+00:00,0.5903934143414342,0.0,0.0012071992976294501,0.7924242424242425
2021-12-05 03:00:00+00:00,0.5957095709570958,0.0,0.0012291483757682,0.7904761904761904
2021-12-05 03:15:00+00:00,0.5962158715871588,0.0,0.0012071992976294501,0.7887445887445887
2021-12-05 03:30:00+00:00,0.5967221722172218,0.0,0.0011852502194907,0.7870129870129869
2021-12-05 03:45:00+00:00,0.5972284728472848,0.0,0.001163301141352,0.7852813852813852
2021-12-05 04:00:00+00:00,0.5977347734773477,0.0,0.0011413520632133,0.7835497835497836
2021-12-05 04:15:00+00:00,0.6012601260126013,0.0,0.0011413520632133,0.7822510822510822
2021-12-05 04:30:00+00:00,0.6047854785478548,0.0,0.0011413520632133,0.780952380952381
2021-12-05 04:45:00+00:00,0.6083108310831082,0.0,0.0011413520632133,0.7796536796536797
2021-12-05 05:00:00+00:00,0.6118361836183618,0.0,0.0011413520632133,0.7783549783549784
2021-12-05 05:15:00+00:00,0.6117236723672367,0.0,0.0011413520632133,0.7818181818181819
2021-12-05 05:30:00+00:00,0.6116111611161116,0.0,0.0011413520632133,0.7852813852813854
2021-12-05 05:45:00+00:00,0.6114986498649865,0.0,0.0011413520632133,0.7887445887445887
2021-12-05 06:00:00+00:00,0.6113861386138614,0.0,0.0011413520632133,0.7922077922077922
2021-12-05 06:15:00+00:00,0.6150146264626463,0.0,0.005399473222124599,0.8064935064935066
2021-12-05 06:30:00+00:00,0.6186431143114312,0.0,0.0096575943810359,0.8207792207792208
2021-12-05 06:45:00+00:00,0.622271602160216,0.0,0.01391571553994725,0.8350649350649351
2021-12-05 07:00:00+00:00,0.6259000900090009,0.0,0.0181738366988586,0.8493506493506493
2021-12-05 07:15:00+00:00,0.6234998499849985,0.0,0.06185250219490775,0.8575757575757575
2021-12-05 07:30:00+00:00,0.6210996099609961,0.0,0.1055311676909569,0.8658008658008658
2021-12-05 07:45:00+00:00,0.6186993699369937,0.0,0.1492098331870061,0.874025974025974
2021-12-05 08:00:00+00:00,0.6162991299129913,0.0,0.1928884986830553,0.8822510822510823
2021-12-05 08:15:00+00:00,0.6159897239723973,0.0,0.2512510974539069,0.8670995670995671
2021-12-05 08:30:00+00:00,0.6156803180318031,0.0,0.3096136962247585,0.851948051948052
2021-12-05 08:45:00+00:00,0.6153709120912091,0.0,0.36797629499561013,0.8367965367965369
2021-12-05 09:00:00+00:00,0.6150615061506151,0.0,0.4263388937664618,0.8216450216450216
2021-12-05 09:15:00+00:00,0.6213808880888089,0.0,0.4544995610184372,0.8153679653679653
2021-12-05 09:30:00+00:00,0.6277002700270027,0.0,0.4826602282704126,0.8090909090909091
2021-12-05 09:45:00+00:00,0.6340196519651965,0.0,0.5108208955223881,0.8028138528138529
2021-12-05 10:00:00+00:00,0.6403390339033903,0.0,0.5389815627743635,0.7965367965367965
2021-12-05 10:15:00+00:00,0.6426080108010801,0.0,0.5460711150131694,0.803896103896104
2021-12-05 10:30:00+00:00,0.6448769876987699,0.0,0.5531606672519754,0.8112554112554113
2021-12-05 10:45:00+00:00,0.6471459645964597,0.0,0.5602502194907815,0.8186147186147187
2021-12-05 11:00:00+00:00,0.6494149414941495,0.0,0.5673397717295874,0.825974025974026
2021-12-05 11:15:00+00:00,0.6526965196519652,0.0,0.5726294995610185,0.8255411255411256
2021-12-05 11:30:00+00:00,0.655978097809781,0.0,0.5779192273924496,0.8251082251082251
2021-12-05 11:45:00+00:00,0.6592596759675968,0.0,0.5832089552238806,0.8246753246753247
2021-12-05 12:00:00+00:00,0.6625412541254125,0.0,0.5884986830553117,0.8242424242424242
2021-12-05 12:15:00+00:00,0.6641257875787578,0.0,0.585908691834943,0.8235930735930735
2021-12-05 12:30:00+00:00,0.6657103210321031,0.0,0.5833187006145741,0.8229437229437229
2021-12-05 12:45:00+00:00,0.6672948544854485,0.0,0.5807287093942054,0.8222943722943723
2021-12-05 13:00:00+00:00,0.6688793879387939,0.0,0.5781387181738367,0.8216450216450216
2021-12-05 13:15:00+00:00,0.6716265376537653,0.0,0.5631474978050921,0.817965367965368
2021-12-05 13:30:00+00:00,0.6743736873687369,0.0,0.5481562774363476,0.8142857142857143
2021-12-05 13:45:00+00:00,0.6771208370837084,0.0,0.5331650570676032,0.8106060606060607
2021-12-05 14:00:00+00:00,0.6798679867986799,0.0,0.5181738366988586,0.8069264069264069
2021-12-05 14:15:00+00:00,0.6747956045604561,0.0,0.4711589113257243,0.827056277056277
2021-12-05 14:30:00+00:00,0.6697232223222322,0.0,0.4241439859525899,0.8471861471861473
2021-12-05 14:45:00+00:00,0.6646508400840084,0.0,0.3771290605794556,0.8673160173160174
2021-12-05 15:00:00+00:00,0.6595784578457846,0.0,0.3301141352063213,0.8874458874458875
2021-12-05 15:15:00+00:00,0.6508307080708071,0.0,0.2712028094820017,0.8948051948051948
2021-12-05 15:30:00+00:00,0.6420829582958296,0.0,0.2122914837576821,0.9021645021645022
2021-12-05 15:45:00+00:00,0.6333352085208521,0.0,0.15338015803336255,0.9095238095238095
2021-12-05 16:00:00+00:00,0.6245874587458746,0.0,0.094468832309043,0.9168831168831169
2021-12-05 16:15:00+00:00,0.6221684668466847,0.0,0.07304653204565405,0.92012987012987
2021-12-05 16:30:00+00:00,0.6197494749474948,0.0,0.0516242317822651,0.9233766233766232
2021-12-05 16:45:00+00:00,0.6173304830483048,0.0,0.03020193151887615,0.9266233766233765
2021-12-05 17:00:00+00:00,0.6149114911491149,0.0,0.0087796312554872,0.9298701298701298
2021-12-05 17:15:00+00:00,0.6079639213921393,0.0,0.0072212467076382,0.9385281385281385
2021-12-05 17:30:00+00:00,0.6010163516351635,0.0,0.0056628621597892,0.9471861471861472
2021-12-05 17:45:00+00:00,0.5940687818781878,0.0,0.004104477611940251,0.9558441558441558
2021-12-05 18:00:00+00:00,0.5871212121212122,0.0,0.0025460930640913,0.9645021645021644
2021-12-05 18:15:00+00:00,0.5784015901590159,0.0,0.0025460930640913,0.9651515151515152
2021-12-05 18:30:00+00:00,0.5696819681968197,0.0,0.0025460930640913,0.965800865800866
2021-12-05 18:45:00+00:00,0.5609623462346235,0.0,0.0025460930640913,0.9664502164502167
2021-12-05 19:00:00+00:00,0.5522427242724273,0.0,0.0025460930640913,0.9670995670995672
2021-12-05 19:15:00+00:00,0.5499831233123312,0.0,0.00252414398595255,0.9614718614718616
2021-12-05 19:30:00+00:00,0.5477235223522352,0.0,0.0025021949078138,0.9558441558441558
2021-12-05 19:45:00+00:00,0.5454639213921393,0.0,0.0024802458296751,0.9502164502164501
2021-12-05 20:00:00+00:00,0.5432043204320433,0.0,0.0024582967515364,0.9445887445887444
2021-12-05 20:15:00+00:00,0.5421729672967297,0.0,0.0023705004389815,0.9400432900432899
2021-12-05 20:30:00+00:00,0.5411416141614162,0.0,0.0022827041264266,0.9354978354978354
2021-12-05 20:45:00+00:00,0.5401102610261026,0.0,0.00219490781387175,0.9309523809523809
2021-12-05 21:00:00+00:00,0.539078907890789,0.0,0.0021071115013169,0.9264069264069263
2021-12-05 21:15:00+00:00,0.5357129462946294,0.0,0.0021071115013169,0.9218614718614717
2021-12-05 21:30:00+00:00,0.5323469846984697,0.0,0.0021071115013169,0.9173160173160172
2021-12-05 21:45:00+00:00,0.5289810231023101,0.0,0.0021071115013169,0.9127705627705628
2021-12-05 22:00:00+00:00,0.5256150615061506,0.0,0.0021071115013169,0.9082251082251084
2021-12-05 22:15:00+00:00,0.5215646564656465,0.0,0.0021071115013169,0.9012987012987014
2021-12-05 22:30:00+00:00,0.5175142514251425,0.0,0.0021071115013169,0.8943722943722944
2021-12-05 22:45:00+00:00,0.5134638463846385,0.0,0.0021071115013169,0.8874458874458875
2021-12-05 23:00:00+00:00,0.5094134413441345,0.0,0.0021071115013169,0.8805194805194805
2021-12-05 23:15:00+00:00,0.5060943594359436,0.0,0.0021071115013169,0.8796536796536796
2021-12-05 23:30:00+00:00,0.5027752775277528,0.0,0.0021071115013169,0.8787878787878788
2021-12-05 23:45:00+00:00,0.4994561956195619,0.0,0.0021071115013169,0.877922077922078
2021-12-06 00:00:00+00:00,0.4961371137113711,0.0,0.0021071115013169,0.8770562770562771
2021-12-06 00:15:00+00:00,0.49374624962496244,0.0,0.0021071115013169,0.8554112554112554
2021-12-06 00:30:00+00:00,0.4913553855385538,0.0,0.0021071115013169,0.8337662337662337
2021-12-06 00:45:00+00:00,0.4889645214521452,0.0,0.0021071115013169,0.812121212121212
2021-12-06 01:00:00+00:00,0.4865736573657366,0.0,0.0021071115013169,0.7904761904761904
2021-12-06 01:15:00+00:00,0.4813325082508251,0.0,0.0021071115013169,0.7891774891774892
2021-12-06 01:30:00+00:00,0.4760913591359136,0.0,0.0021071115013169,0.7878787878787878
2021-12-06 01:45:00+00:00,0.47085021002100214,0.0,0.0021071115013169,0.7865800865800865
2021-12-06 02:00:00+00:00,0.4656090609060906,0.0,0.0021071115013169,0.7852813852813852
2021-12-06 02:15:00+00:00,0.4637432493249325,0.0,0.0021071115013169,0.791991341991342
2021-12-06 02:30:00+00:00,0.4618774377437743,0.0,0.0021071115013169,0.7987012987012987
2021-12-06 02:45:00+00:00,0.4600116261626162,0.0,0.0021071115013169,0.8054112554112554
2021-12-06 03:00:00+00:00,0.4581458145814581,0.0,0.0021071115013169,0.8121212121212121
2021-12-06 03:15:00+00:00,0.4591677917791779,0.0,0.0020851624231781503,0.8077922077922077
2021-12-06 03:30:00+00:00,0.4601897689768977,0.0,0.0020632133450394,0.8034632034632034
2021-12-06 03:45:00+00:00,0.46121174617461747,0.0,0.0020412642669007004,0.7991341991341991
2021-12-06 04:00:00+00:00,0.4622337233723372,0.0,0.002019315188762,0.7948051948051948
2021-12-06 04:15:00+00:00,0.46213058805880586,0.0,0.002019315188762,0.8056277056277057
2021-12-06 04:30:00+00:00,0.4620274527452745,0.0,0.002019315188762,0.8164502164502165
2021-12-06 04:45:00+00:00,0.46192431743174317,0.0,0.002019315188762,0.8272727272727274
2021-12-06 05:00:00+00:00,0.4618211821182118,0.0,0.002019315188762,0.8380952380952381
2021-12-06 05:15:00+00:00,0.4654590459045904,0.0,0.002019315188762,0.8448051948051949
2021-12-06 05:30:00+00:00,0.469096909690969,0.0,0.002019315188762,0.8515151515151516
2021-12-06 05:45:00+00:00,0.47273477347734766,0.0,0.002019315188762,0.8582251082251082
2021-12-06 06:00:00+00:00,0.4763726372637263,0.0,0.002019315188762,0.8649350649350649
2021-12-06 06:15:00+00:00,0.47382238223822376,0.0,0.0071773485513607505,0.8647186147186147
2021-12-06 06:30:00+00:00,0.4712721272127212,0.0,0.0123353819139595,0.8645021645021644
2021-12-06 06:45:00+00:00,0.4687218721872187,0.0,0.0174934152765583,0.8642857142857143
2021-12-06 07:00:00+00:00,0.4661716171617162,0.0,0.0226514486391571,0.8640692640692641
2021-12-06 07:15:00+00:00,0.46248687368736874,0.0,0.07701931518876198,0.8655844155844157
2021-12-06 07:30:00+00:00,0.4588021302130213,0.0,0.1313871817383669,0.8670995670995671
2021-12-06 07:45:00+00:00,0.45511738673867386,0.0,0.18575504828797185,0.8686147186147186
2021-12-06 08:00:00+00:00,0.4514326432643264,0.0,0.2401229148375768,0.8701298701298701
2021-12-06 08:15:00+00:00,0.4510388538853885,0.0,0.30127304653204556,0.8712121212121212
2021-12-06 08:30:00+00:00,0.4506450645064506,0.0,0.3624231782265144,0.8722943722943723
2021-12-06 08:45:00+00:00,0.45025127512751273,0.0,0.42357330992098324,0.8733766233766234
2021-12-06 09:00:00+00:00,0.4498574857485748,0.0,0.4847234416154521,0.8744588744588745
2021-12-06 09:15:00+00:00,0.4523233573357335,0.0,0.5150790166812993,0.8748917748917748
2021-12-06 09:30:00+00:00,0.4547892289228922,0.0,0.5454345917471466,0.8753246753246753
2021-12-06 09:45:00+00:00,0.4572551005100509,0.0,0.5757901668129939,0.8757575757575757
2021-12-06 10:00:00+00:00,0.4597209720972097,0.0,0.6061457418788411,0.8761904761904762
2021-12-06 10:15:00+00:00,0.4653559105910591,0.0,0.6197980684811237,0.861038961038961
2021-12-06 10:30:00+00:00,0.4709908490849085,0.0,0.6334503950834065,0.8458874458874459
2021-12-06 10:45:00+00:00,0.4766257875787579,0.0,0.6471027216856893,0.8307359307359308
2021-12-06 11:00:00+00:00,0.4822607260726073,0.0,0.6607550482879719,0.8155844155844156
2021-12-06 11:15:00+00:00,0.48291704170417044,0.0,0.6618305531167692,0.8188311688311688
2021-12-06 11:30:00+00:00,0.4835733573357336,0.0,0.6629060579455663,0.8220779220779221
2021-12-06 11:45:00+00:00,0.48422967296729674,0.0,0.6639815627743635,0.8253246753246753
2021-12-06 12:00:00+00:00,0.4848859885988599,0.0,0.6650570676031606,0.8285714285714286
2021-12-06 12:15:00+00:00,0.4793260576057605,0.0,0.6614354697102722,0.8292207792207793
2021-12-06 12:30:00+00:00,0.4737661266126612,0.0,0.6578138718173837,0.8298701298701299
2021-12-06 12:45:00+00:00,0.4682061956195619,0.0,0.6541922739244952,0.8305194805194805
2021-12-06 13:00:00+00:00,0.4626462646264626,0.0,0.6505706760316067,0.8311688311688312
2021-12-06 13:15:00+00:00,0.45471422142214213,0.0,0.6325943810359964,0.8467532467532468
2021-12-06 13:30:00+00:00,0.4467821782178217,0.0,0.6146180860403863,0.8623376623376624
2021-12-06 13:45:00+00:00,0.4388501350135013,0.0,0.5966417910447761,0.8779220779220779
2021-12-06 14:00:00+00:00,0.4309180918091809,0.0,0.578665496049166,0.8935064935064935
2021-12-06 14:15:00+00:00,0.4258269576957695,0.0,0.5215320456540825,0.9045454545454545
2021-12-06 14:30:00+00:00,0.4207358235823581,0.0,0.4643985952589991,0.9155844155844156
2021-12-06 14:45:00+00:00,0.41564468946894684,0.0,0.40726514486391574,0.9266233766233767
2021-12-06 15:00:00+00:00,0.4105535553555355,0.0,0.3501316944688323,0.9376623376623376
2021-12-06 15:15:00+00:00,0.4051811431143114,0.0,0.288784021071115,0.9376623376623376
2021-12-06 15:30:00+00:00,0.3998087308730873,0.0,0.2274363476733977,0.9376623376623376
2021-12-06 15:45:00+00:00,0.39443631863186324,0.0,0.16608867427568041,0.9376623376623376
2021-12-06 16:00:00+00:00,0.3890639063906391,0.0,0.1047410008779631,0.9376623376623376
2021-12-06 16:15:00+00:00,0.3891389138913891,0.0,0.08138718173836695,0.9445887445887445
2021-12-06 16:30:00+00:00,0.3892139213921392,0.0,0.0580333625987708,0.9515151515151514
2021-12-06 16:45:00+00:00,0.38928892889288924,0.0,0.03467954345917465,0.9584415584415583
2021-12-06 17:00:00+00:00,0.3893639363936393,0.0,0.0113257243195785,0.9653679653679652
2021-12-06 17:15:00+00:00,0.38852947794779474,0.0,0.00921861281826155,0.969264069264069
2021-12-06 17:30:00+00:00,0.3876950195019502,0.0,0.0071115013169446,0.973160173160173
2021-12-06 17:45:00+00:00,0.38686056105610556,0.0,0.00500438981562765,0.977056277056277
2021-12-06 18:00:00+00:00,0.386026102610261,0.0,0.0028972783143107,0.9809523809523808
2021-12-06 18:15:00+00:00,0.38626987698769877,0.0,0.00283143107989455,0.982034632034632
2021-12-06 18:30:00+00:00,0.3865136513651365,0.0,0.0027655838454784,0.9831168831168832
2021-12-06 18:45:00+00:00,0.3867574257425742,0.0,0.0026997366110622497,0.9841991341991342
2021-12-06 19:00:00+00:00,0.387001200120012,0.0,0.0026338893766461,0.9852813852813852
2021-12-06 19:15:00+00:00,0.3856323132313231,0.0,0.0026338893766461,0.9811688311688311
2021-12-06 19:30:00+00:00,0.3842634263426342,0.0,0.0026338893766461,0.977056277056277
2021-12-06 19:45:00+00:00,0.38289453945394536,0.0,0.0026338893766461,0.9729437229437229
2021-12-06 20:00:00+00:00,0.3815256525652565,0.0,0.0026338893766461,0.9688311688311688
2021-12-06 20:15:00+00:00,0.3775783828382838,0.0,0.0026338893766461,0.9619047619047619
2021-12-06 20:30:00+00:00,0.3736311131113111,0.0,0.0026338893766461,0.954978354978355
2021-12-06 20:45:00+00:00,0.3696838433843384,0.0,0.0026338893766461,0.9480519480519481
2021-12-06 21:00:00+00:00,0.3657365736573657,0.0,0.0026338893766461,0.9411255411255413
2021-12-06 21:15:00+00:00,0.36359885988598856,0.0,0.0025899912203686502,0.9365800865800866
2021-12-06 21:30:00+00:00,0.3614611461146114,0.0,0.0025460930640912,0.932034632034632
2021-12-06 21:45:00+00:00,0.3593234323432343,0.0,0.0025021949078138,0.9274891774891775
2021-12-06 22:00:00+00:00,0.3571857185718571,0.0,0.0024582967515364,0.922943722943723
2021-12-06 22:15:00+00:00,0.3565387788778877,0.0,0.00219490781387175,0.9090909090909091
2021-12-06 22:30:00+00:00,0.3558918391839183,0.0,0.0019315188762071,0.8952380952380952
2021-12-06 22:45:00+00:00,0.355244899489949,0.0,0.0016681299385425,0.8813852813852814
2021-12-06 23:00:00+00:00,0.3545979597959796,0.0,0.0014047410008779,0.8675324675324675
2021-12-06 23:15:00+00:00,0.35494486948694864,0.0,0.00136084284460045,0.8642857142857143
2021-12-06 23:30:00+00:00,0.3552917791779177,0.0,0.001316944688323,0.861038961038961
2021-12-06 23:45:00+00:00,0.35563868886888683,0.0,0.0012730465320456,0.8577922077922078
2021-12-07 00:00:00+00:00,0.355985598559856,0.0,0.0012291483757682,0.8545454545454545
2021-12-07 00:15:00+00:00,0.3543448094809481,0.0,0.0012291483757682,0.8584415584415583
2021-12-07 00:30:00+00:00,0.3527040204020402,0.0,0.0012291483757682,0.8623376623376623
2021-12-07 00:45:00+00:00,0.35106323132313233,0.0,0.0012291483757682,0.8662337662337662
2021-12-07 01:00:00+00:00,0.3494224422442244,0.0,0.0012291483757682,0.8701298701298701
2021-12-07 01:15:00+00:00,0.3512976297629763,0.0,0.0012291483757682,0.866017316017316
2021-12-07 01:30:00+00:00,0.3531728172817281,0.0,0.0012291483757682,0.861904761904762
2021-12-07 01:45:00+00:00,0.35504800480048,0.0,0.0012291483757682,0.8577922077922078
2021-12-07 02:00:00+00:00,0.3569231923192319,0.0,0.0012291483757682,0.8536796536796537
2021-12-07 02:15:00+00:00,0.3603547854785478,0.0,0.0012291483757682,0.8543290043290044
2021-12-07 02:30:00+00:00,0.3637863786378637,0.0,0.0012291483757682,0.854978354978355
2021-12-07 02:45:00+00:00,0.36721797179717963,0.0,0.0012291483757682,0.8556277056277056
2021-12-07 03:00:00+00:00,0.3706495649564956,0.0,0.0012291483757682,0.8562770562770563
2021-12-07 03:15:00+00:00,0.37502812781278116,0.0,0.0012291483757682,0.8586580086580087
2021-12-07 03:30:00+00:00,0.3794066906690668,0.0,0.0012291483757682,0.861038961038961
2021-12-07 03:45:00+00:00,0.3837852535253524,0.0,0.0012291483757682,0.8634199134199134
2021-12-07 04:00:00+00:00,0.3881638163816381,0.0,0.0012291483757682,0.8658008658008658
2021-12-07 04:15:00+00:00,0.3903952895289528,0.0,0.0012071992976294501,0.8735930735930736
2021-12-07 04:30:00+00:00,0.3926267626762675,0.0,0.0011852502194907,0.8813852813852814
2021-12-07 04:45:00+00:00,0.39485823582358226,0.0,0.001163301141352,0.8891774891774892
2021-12-07 05:00:00+00:00,0.397089708970897,0.0,0.0011413520632133,0.896969696969697
2021-12-07 05:15:00+00:00,0.3961802430243023,0.0,0.0010535557506584,0.9188311688311689
2021-12-07 05:30:00+00:00,0.3952707770777077,0.0,0.0009657594381035,0.9406926406926408
2021-12-07 05:45:00+00:00,0.3943613111311131,0.0,0.0008779631255486501,0.9625541125541126
2021-12-07 06:00:00+00:00,0.3934518451845185,0.0,0.0007901668129938,0.9844155844155844
2021-12-07 06:15:00+00:00,0.3966396639663966,0.0,0.00412642669007895,0.9883116883116883
2021-12-07 06:30:00+00:00,0.3998274827482748,0.0,0.0074626865671641,0.9922077922077922
2021-12-07 06:45:00+00:00,0.40301530153015297,0.0,0.0107989464442493,0.9961038961038962
2021-12-07 07:00:00+00:00,0.4062031203120312,0.0,0.0141352063213345,1.0
2021-12-07 07:15:00+00:00,0.40768451845184517,0.0,0.04438103599648811,1.0
2021-12-07 07:30:00+00:00,0.4091659165916591,0.0,0.0746268656716417,1.0
2021-12-07 07:45:00+00:00,0.4106473147314731,0.0,0.10487269534679534,1.0
2021-12-07 08:00:00+00:00,0.4121287128712871,0.0,0.135118525021949,1.0
2021-12-07 08:15:00+00:00,0.41581345634563455,0.0,0.1747146619841966,1.0
2021-12-07 08:30:00+00:00,0.419498199819982,0.0,0.2143107989464442,1.0
2021-12-07 08:45:00+00:00,0.4231829432943294,0.0,0.2539069359086918,1.0
2021-12-07 09:00:00+00:00,0.4268676867686768,0.0,0.2935030728709394,1.0
2021-12-07 09:15:00+00:00,0.4307680768076807,0.0,0.3149034240561896,1.0
2021-12-07 09:30:00+00:00,0.4346684668466846,0.0,0.3363037752414398,1.0
2021-12-07 09:45:00+00:00,0.4385688568856885,0.0,0.35770412642669003,1.0
2021-12-07 10:00:00+00:00,0.4424692469246924,0.0,0.3791044776119402,1.0
2021-12-07 10:15:00+00:00,0.44499137413741363,0.0,0.3877085162423177,0.9872294372294372
2021-12-07 10:30:00+00:00,0.4475135013501349,0.0,0.3963125548726953,0.9744588744588744
2021-12-07 10:45:00+00:00,0.45003562856285617,0.0,0.40491659350307285,0.9616883116883116
2021-12-07 11:00:00+00:00,0.4525577557755775,0.0,0.4135206321334504,0.9489177489177488
2021-12-07 11:15:00+00:00,0.4573207320732072,0.0,0.40805531167690956,0.942207792207792
2021-12-07 11:30:00+00:00,0.462083708370837,0.0,0.4025899912203687,0.9354978354978354
2021-12-07 11:45:00+00:00,0.4668466846684668,0.0,0.3971246707638279,0.9287878787878787
2021-12-07 12:00:00+00:00,0.4716096609660966,0.0,0.3916593503072871,0.922077922077922
2021-12-07 12:15:00+00:00,0.4732410741074107,0.0,0.3829236172080772,0.9266233766233767
2021-12-07 12:30:00+00:00,0.4748724872487248,0.0,0.3741878841088674,0.9311688311688312
2021-12-07 12:45:00+00:00,0.4765039003900389,0.0,0.36545215100965756,0.9357142857142857
2021-12-07 13:00:00+00:00,0.4781353135313531,0.0,0.3567164179104478,0.9402597402597402
2021-12-07 13:15:00+00:00,0.4860767326732673,0.0,0.3473002633889377,0.9322510822510823
2021-12-07 13:30:00+00:00,0.4940181518151815,0.0,0.3378841088674276,0.9242424242424244
2021-12-07 13:45:00+00:00,0.5019595709570956,0.0,0.32846795434591747,0.9162337662337664
2021-12-07 14:00:00+00:00,0.5099009900990099,0.0,0.3190517998244074,0.9082251082251084
2021-12-07 14:15:00+00:00,0.516557905790579,0.0,0.2924714661984197,0.9071428571428573
2021-12-07 14:30:00+00:00,0.5232148214821482,0.0,0.2658911325724319,0.9060606060606062
2021-12-07 14:45:00+00:00,0.5298717371737174,0.0,0.2393107989464442,0.9049783549783551
2021-12-07 15:00:00+00:00,0.5365286528652865,0.0,0.2127304653204565,0.903896103896104
2021-12-07 15:15:00+00:00,0.5400821332133213,0.0,0.17249780509218604,0.9136363636363637
2021-12-07 15:30:00+00:00,0.5436356135613561,0.0,0.1322651448639156,0.9233766233766234
2021-12-07 15:45:00+00:00,0.547189093909391,0.0,0.0920324846356452,0.9331168831168831
2021-12-07 16:00:00+00:00,0.5507425742574258,0.0,0.0517998244073748,0.9428571428571428
2021-12-07 16:15:00+00:00,0.5521114611461146,0.0,0.03981562774363465,0.9571428571428571
2021-12-07 16:30:00+00:00,0.5534803480348035,0.0,0.0278314310798945,0.9714285714285714
2021-12-07 16:45:00+00:00,0.5548492349234924,0.0,0.0158472344161544,0.9857142857142858
2021-12-07 17:00:00+00:00,0.5562181218121812,0.0,0.0038630377524143,1.0
2021-12-07 17:15:00+00:00,0.5554024152415242,0.0,0.00322651448639145,1.0
2021-12-07 17:30:00+00:00,0.5545867086708671,0.0,0.0025899912203686,1.0
2021-12-07 17:45:00+00:00,0.55377100210021,0.0,0.0019534679543458,1.0
2021-12-07 18:00:00+00:00,0.5529552955295529,0.0,0.001316944688323,1.0
2021-12-07 18:15:00+00:00,0.5558524602460246,0.0,0.001316944688323,1.0
2021-12-07 18:30:00+00:00,0.5587496249624962,0.0,0.001316944688323,1.0
2021-12-07 18:45:00+00:00,0.5616467896789679,0.0,0.001316944688323,1.0
2021-12-07 19:00:00+00:00,0.5645439543954396,0.0,0.001316944688323,1.0
2021-12-07 19:15:00+00:00,0.5709102160216022,0.0,0.001316944688323,1.0
2021-12-07 19:30:00+00:00,0.5772764776477648,0.0,0.001316944688323,1.0
2021-12-07 19:45:00+00:00,0.5836427392739274,0.0,0.001316944688323,1.0
2021-12-07 20:00:00+00:00,0.59000900090009,0.0,0.001316944688323,1.0
2021-12-07 20:15:00+00:00,0.5934124662466247,0.0,0.001316944688323,0.9902597402597403
2021-12-07 20:30:00+00:00,0.5968159315931594,0.0,0.001316944688323,0.9805194805194806
2021-12-07 20:45:00+00:00,0.6002193969396941,0.0,0.001316944688323,0.9707792207792207
2021-12-07 21:00:00+00:00,0.6036228622862286,0.0,0.001316944688323,0.961038961038961
2021-12-07 21:15:00+00:00,0.6010632313231323,0.0,0.001316944688323,0.9705627705627705
2021-12-07 21:30:00+00:00,0.598503600360036,0.0,0.001316944688323,0.98008658008658
2021-12-07 21:45:00+00:00,0.5959439693969397,0.0,0.001316944688323,0.9896103896103896
2021-12-07 22:00:00+00:00,0.5933843384338434,0.0,0.001316944688323,0.9991341991341992
2021-12-07 22:15:00+00:00,0.5973222322232223,0.0,0.001316944688323,0.9980519480519482
2021-12-07 22:30:00+00:00,0.6012601260126013,0.0,0.001316944688323,0.9969696969696972
2021-12-07 22:45:00+00:00,0.6051980198019802,0.0,0.001316944688323,0.995887445887446
2021-12-07 23:00:00+00:00,0.6091359135913591,0.0,0.001316944688323,0.9948051948051948
2021-12-07 23:15:00+00:00,0.6168616861686169,0.0,0.001316944688323,0.9807359307359308
2021-12-07 23:30:00+00:00,0.6245874587458746,0.0,0.001316944688323,0.9666666666666668
2021-12-07 23:45:00+00:00,0.6323132313231323,0.0,0.001316944688323,0.9525974025974026
2021-12-08 00:00:00+00:00,0.64003900390039,0.0,0.001316944688323,0.9385281385281384
2021-12-08 00:15:00+00:00,0.6447832283228323,0.0,0.001316944688323,0.9348484848484848
2021-12-08 00:30:00+00:00,0.6495274527452746,0.0,0.001316944688323,0.9311688311688312
2021-12-08 00:45:00+00:00,0.6542716771677168,0.0,0.001316944688323,0.9274891774891776
2021-12-08 01:00:00+00:00,0.659015901590159,0.0,0.001316944688323,0.923809523809524
2021-12-08 01:15:00+00:00,0.6551717671767177,0.0,0.0012949956101843,0.9207792207792209
2021-12-08 01:30:00+00:00,0.6513276327632763,0.0,0.0012730465320456,0.9177489177489178
2021-12-08 01:45:00+00:00,0.647483498349835,0.0,0.0012510974539069,0.9147186147186146
2021-12-08 02:00:00+00:00,0.6436393639363936,0.0,0.0012291483757682,0.9116883116883115
2021-12-08 02:15:00+00:00,0.6452426492649265,0.0,0.0012291483757682,0.9166666666666665
2021-12-08 02:30:00+00:00,0.6468459345934593,0.0,0.0012291483757682,0.9216450216450216
2021-12-08 02:45:00+00:00,0.6484492199219922,0.0,0.0012291483757682,0.9266233766233767
2021-12-08 03:00:00+00:00,0.650052505250525,0.0,0.0012291483757682,0.9316017316017317
2021-12-08 03:15:00+00:00,0.6502118961896189,0.0,0.0012291483757682,0.9322510822510823
2021-12-08 03:30:00+00:00,0.6503712871287128,0.0,0.0012291483757682,0.932900432900433
2021-12-08 03:45:00+00:00,0.6505306780678068,0.0,0.0012291483757682,0.9335497835497837
2021-12-08 04:00:00+00:00,0.6506900690069007,0.0,0.0012291483757682,0.9341991341991344
2021-12-08 04:15:00+00:00,0.6520870837083709,0.0,0.0012291483757682,0.9337662337662338
2021-12-08 04:30:00+00:00,0.653484098409841,0.0,0.0012291483757682,0.9333333333333332
2021-12-08 04:45:00+00:00,0.6548811131113111,0.0,0.0012291483757682,0.9329004329004329
2021-12-08 05:00:00+00:00,0.6562781278127813,0.0,0.0012291483757682,0.9324675324675324
2021-12-08 05:15:00+00:00,0.6527715271527152,0.0,0.0012291483757682,0.9493506493506494
2021-12-08 05:30:00+00:00,0.6492649264926492,0.0,0.0012291483757682,0.9662337662337662
2021-12-08 05:45:00+00:00,0.6457583258325832,0.0,0.0012291483757682,0.9831168831168831
2021-12-08 06:00:00+00:00,0.6422517251725173,0.0,0.0012291483757682,1.0
2021-12-08 06:15:00+00:00,0.6431893189318932,0.0,0.004565408252853349,1.0
2021-12-08 06:30:00+00:00,0.6441269126912692,0.0,0.0079016681299385,1.0
2021-12-08 06:45:00+00:00,0.6450645064506451,0.0,0.01123792800702365,1.0
2021-12-08 07:00:00+00:00,0.646002100210021,0.0,0.0145741878841088,1.0
2021-12-08 07:15:00+00:00,0.6440237773777377,0.0,0.05289727831431075,0.9906926406926408
2021-12-08 07:30:00+00:00,0.6420454545454546,0.0,0.0912203687445127,0.9813852813852816
2021-12-08 07:45:00+00:00,0.6400671317131713,0.0,0.12954345917471466,0.9720779220779222
2021-12-08 08:00:00+00:00,0.638088808880888,0.0,0.1678665496049166,0.9627705627705628
2021-12-08 08:15:00+00:00,0.6406390639063906,0.0,0.21466198419666374,0.9601731601731602
2021-12-08 08:30:00+00:00,0.6431893189318931,0.0,0.2614574187884109,0.9575757575757576
2021-12-08 08:45:00+00:00,0.6457395739573957,0.0,0.30825285338015807,0.954978354978355
2021-12-08 09:00:00+00:00,0.6482898289828983,0.0,0.3550482879719052,0.9523809523809524
2021-12-08 09:15:00+00:00,0.657693894389439,0.0,0.3760974539069359,0.9502164502164503
2021-12-08 09:30:00+00:00,0.6670979597959796,0.0,0.3971466198419666,0.948051948051948
2021-12-08 09:45:00+00:00,0.6765020252025202,0.0,0.41819578577699734,0.9458874458874458
2021-12-08 10:00:00+00:00,0.6859060906090609,0.0,0.4392449517120281,0.9437229437229436
2021-12-08 10:15:00+00:00,0.6946444644464447,0.0,0.4439859525899912,0.9387445887445887
2021-12-08 10:30:00+00:00,0.7033828382838284,0.0,0.4487269534679543,0.9337662337662338
2021-12-08 10:45:00+00:00,0.7121212121212122,0.0,0.45346795434591747,0.9287878787878789
2021-12-08 11:00:00+00:00,0.7208595859585959,0.0,0.4582089552238806,0.923809523809524
2021-12-08 11:15:00+00:00,0.7272164716471647,0.0,0.44668568920105356,0.9242424242424243
2021-12-08 11:30:00+00:00,0.7335733573357336,0.0,0.4351624231782265,0.9246753246753248
2021-12-08 11:45:00+00:00,0.7399302430243024,0.0,0.42363915715539946,0.9251082251082252
2021-12-08 12:00:00+00:00,0.7462871287128713,0.0,0.4121158911325724,0.9255411255411256
2021-12-08 12:15:00+00:00,0.742011701170117,0.0,0.4087576821773485,0.9285714285714286
2021-12-08 12:30:00+00:00,0.7377362736273627,0.0,0.4053994732221246,0.9316017316017317
2021-12-08 12:45:00+00:00,0.7334608460846084,0.0,0.4020412642669008,0.9346320346320347
2021-12-08 13:00:00+00:00,0.7291854185418541,0.0,0.3986830553116769,0.9376623376623376
2021-12-08 13:15:00+00:00,0.7239536453645364,0.0,0.38481123792800703,0.9398268398268399
2021-12-08 13:30:00+00:00,0.7187218721872187,0.0,0.3709394205443371,0.941991341991342
2021-12-08 13:45:00+00:00,0.713490099009901,0.0,0.3570676031606672,0.9441558441558442
2021-12-08 14:00:00+00:00,0.7082583258325833,0.0,0.3431957857769974,0.9463203463203465
2021-12-08 14:15:00+00:00,0.7004669216921693,0.0,0.31018437225636525,0.9597402597402598
2021-12-08 14:30:00+00:00,0.6926755175517552,0.0,0.2771729587357331,0.9731601731601732
2021-12-08 14:45:00+00:00,0.6848841134113411,0.0,0.24416154521510097,0.9865800865800867
2021-12-08 15:00:00+00:00,0.6770927092709271,0.0,0.2111501316944688,1.0
2021-12-08 15:15:00+00:00,0.6646883438343835,0.0,0.16823968393327476,1.0
2021-12-08 15:30:00+00:00,0.6522839783978398,0.0,0.1253292361720807,1.0
2021-12-08 15:45:00+00:00,0.6398796129612961,0.0,0.08241878841088669,1.0
2021-12-08 16:00:00+00:00,0.6274752475247525,0.0,0.0395083406496927,1.0
2021-12-08 16:15:00+00:00,0.6221215871587159,0.0,0.02982879719051795,1.0
2021-12-08 16:30:00+00:00,0.6167679267926793,0.0,0.0201492537313432,1.0
2021-12-08 16:45:00+00:00,0.6114142664266426,0.0,0.0104697102721685,1.0
2021-12-08 17:00:00+00:00,0.6060606060606061,0.0,0.0007901668129938,1.0
2021-12-08 17:15:00+00:00,0.6006413141314131,0.0,0.0006804214223002,1.0
2021-12-08 17:30:00+00:00,0.5952220222022202,0.0,0.0005706760316066,1.0
2021-12-08 17:45:00+00:00,0.5898027302730273,0.0,0.000460930640913,1.0
2021-12-08 18:00:00+00:00,0.5843834383438344,0.0,0.0003511852502194,1.0
2021-12-08 18:15:00+00:00,0.5892214221422143,0.0,0.0003511852502194,1.0
2021-12-08 18:30:00+00:00,0.5940594059405941,0.0,0.0003511852502194,1.0
2021-12-08 18:45:00+00:00,0.598897389738974,0.0,0.0003511852502194,1.0
2021-12-08 19:00:00+00:00,0.6037353735373537,0.0,0.0003511852502194,1.0
2021-12-08 19:15:00+00:00,0.6041385388538854,0.0,0.0003511852502194,1.0
2021-12-08 19:30:00+00:00,0.604541704170417,0.0,0.0003511852502194,1.0
2021-12-08 19:45:00+00:00,0.6049448694869486,0.0,0.0003511852502194,1.0
2021-12-08 20:00:00+00:00,0.6053480348034803,0.0,0.0003511852502194,1.0
2021-12-08 20:15:00+00:00,0.6067731773177317,0.0,0.0003511852502194,1.0
2021-12-08 20:30:00+00:00,0.6081983198319831,0.0,0.0003511852502194,1.0
2021-12-08 20:45:00+00:00,0.6096234623462347,0.0,0.0003511852502194,1.0
2021-12-08 21:00:00+00:00,0.6110486048604861,0.0,0.0003511852502194,1.0
2021-12-08 21:15:00+00:00,0.6112267476747675,0.0,0.0003511852502194,1.0
2021-12-08 21:30:00+00:00,0.6114048904890489,0.0,0.0003511852502194,1.0
2021-12-08 21:45:00+00:00,0.6115830333033303,0.0,0.0003511852502194,1.0
2021-12-08 22:00:00+00:00,0.6117611761176117,0.0,0.0003511852502194,1.0
2021-12-08 22:15:00+00:00,0.6074482448244825,0.0,0.0003511852502194,0.9961038961038962
2021-12-08 22:30:00+00:00,0.6031353135313531,0.0,0.0003511852502194,0.9922077922077922
2021-12-08 22:45:00+00:00,0.5988223822382238,0.0,0.0003511852502194,0.9883116883116883
2021-12-08 23:00:00+00:00,0.5945094509450946,0.0,0.0003511852502194,0.9844155844155844
2021-12-08 23:15:00+00:00,0.5892401740174018,0.0,0.0003511852502194,0.9854978354978357
2021-12-08 23:30:00+00:00,0.5839708970897091,0.0,0.0003511852502194,0.9865800865800868
2021-12-08 23:45:00+00:00,0.5787016201620163,0.0,0.0003511852502194,0.9876623376623378
2021-12-09 00:00:00+00:00,0.5734323432343235,0.0,0.0003511852502194,0.9887445887445888
2021-12-09 00:15:00+00:00,0.5693256825682569,0.0,0.0003511852502194,0.9915584415584415
2021-12-09 00:30:00+00:00,0.5652190219021902,0.0,0.0003511852502194,0.9943722943722944
2021-12-09 00:45:00+00:00,0.5611123612361236,0.0,0.0003511852502194,0.9971861471861472
2021-12-09 01:00:00+00:00,0.557005700570057,0.0,0.0003511852502194,1.0
2021-12-09 01:15:00+00:00,0.5574088658865887,0.0,0.0003511852502194,0.9971861471861472
2021-12-09 01:30:00+00:00,0.5578120312031203,0.0,0.0003511852502194,0.9943722943722944
2021-12-09 01:45:00+00:00,0.558215196519652,0.0,0.0003511852502194,0.9915584415584415
2021-12-09 02:00:00+00:00,0.5586183618361836,0.0,0.0003511852502194,0.9887445887445888
2021-12-09 02:15:00+00:00,0.5634469696969697,0.0,0.0003511852502194,0.9833333333333334
2021-12-09 02:30:00+00:00,0.5682755775577557,0.0,0.0003511852502194,0.977922077922078
2021-12-09 02:45:00+00:00,0.5731041854185418,0.0,0.0003511852502194,0.9725108225108225
2021-12-09 03:00:00+00:00,0.5779327932793279,0.0,0.0003511852502194,0.9670995670995672
2021-12-09 03:15:00+00:00,0.5788328832883288,0.0,0.0003511852502194,0.9642857142857144
2021-12-09 03:30:00+00:00,0.5797329732973298,0.0,0.0003511852502194,0.9614718614718616
2021-12-09 03:45:00+00:00,0.5806330633063306,0.0,0.0003511852502194,0.9586580086580088
2021-12-09 04:00:00+00:00,0.5815331533153315,0.0,0.0003511852502194,0.9558441558441558
2021-12-09 04:15:00+00:00,0.5799392439243924,0.0,0.0003511852502194,0.9588744588744589
2021-12-09 04:30:00+00:00,0.5783453345334533,0.0,0.0003511852502194,0.961904761904762
2021-12-09 04:45:00+00:00,0.5767514251425142,0.0,0.0003511852502194,0.964935064935065
2021-12-09 05:00:00+00:00,0.5751575157515751,0.0,0.0003511852502194,0.967965367965368
2021-12-09 05:15:00+00:00,0.5658284578457846,0.0,0.0003731343283581,0.9759740259740259
2021-12-09 05:30:00+00:00,0.556499399939994,0.0,0.0003950834064968,0.983982683982684
2021-12-09 05:45:00+00:00,0.5471703420342033,0.0,0.00041703248463555,0.991991341991342
2021-12-09 06:00:00+00:00,0.5378412841284128,0.0,0.0004389815627743,1.0
2021-12-09 06:15:00+00:00,0.5337252475247525,0.0,0.00366549604916585,1.0
2021-12-09 06:30:00+00:00,0.5296092109210921,0.0,0.0068920105355574,1.0
2021-12-09 06:45:00+00:00,0.5254931743174318,0.0,0.010118525021949,1.0
2021-12-09 07:00:00+00:00,0.5213771377137714,0.0,0.0133450395083406,1.0
2021-12-09 07:15:00+00:00,0.52002700270027,0.0,0.049539069359086856,0.9950216450216449
2021-12-09 07:30:00+00:00,0.5186768676867687,0.0,0.0857330992098331,0.99004329004329
2021-12-09 07:45:00+00:00,0.5173267326732673,0.0,0.1219271290605794,0.985064935064935
2021-12-09 08:00:00+00:00,0.515976597659766,0.0,0.1581211589113257,0.98008658008658
2021-12-09 08:15:00+00:00,0.5177298979897991,0.0,0.20300702370500434,0.985064935064935
2021-12-09 08:30:00+00:00,0.519483198319832,0.0,0.247892888498683,0.99004329004329
2021-12-09 08:45:00+00:00,0.521236498649865,0.0,0.29277875329236164,0.9950216450216449
2021-12-09 09:00:00+00:00,0.522989798979898,0.0,0.3376646180860403,1.0
2021-12-09 09:15:00+00:00,0.5286997449744975,0.0,0.35770412642669003,0.9967532467532468
2021-12-09 09:30:00+00:00,0.534409690969097,0.0,0.3777436347673397,0.9935064935064936
2021-12-09 09:45:00+00:00,0.5401196369636965,0.0,0.3977831431079894,0.9902597402597403
2021-12-09 10:00:00+00:00,0.5458295829582959,0.0,0.4178226514486391,0.987012987012987
2021-12-09 10:15:00+00:00,0.5519614461446145,0.0,0.4236830553116768,0.9893939393939393
2021-12-09 10:30:00+00:00,0.558093309330933,0.0,0.4295434591747146,0.9917748917748916
2021-12-09 10:45:00+00:00,0.5642251725172517,0.0,0.43540386303775236,0.994155844155844
2021-12-09 11:00:00+00:00,0.5703570357035703,0.0,0.4412642669007902,0.9965367965367964
2021-12-09 11:15:00+00:00,0.5757294479447944,0.0,0.4392010535557507,0.9974025974025973
2021-12-09 11:30:00+00:00,0.5811018601860185,0.0,0.4371378402107111,0.9982683982683982
2021-12-09 11:45:00+00:00,0.5864742724272427,0.0,0.4350746268656716,0.9991341991341991
2021-12-09 12:00:00+00:00,0.5918466846684668,0.0,0.4330114135206321,1.0
2021-12-09 12:15:00+00:00,0.5975097509750975,0.0,0.4188103599648815,1.0
2021-12-09 12:30:00+00:00,0.6031728172817281,0.0,0.4046093064091308,1.0
2021-12-09 12:45:00+00:00,0.6088358835883588,0.0,0.39040825285338016,1.0
2021-12-09 13:00:00+00:00,0.6144989498949895,0.0,0.3762071992976295,1.0
2021-12-09 13:15:00+00:00,0.6165522802280228,0.0,0.3537532923617208,0.9989177489177488
2021-12-09 13:30:00+00:00,0.6186056105610561,0.0,0.3312993854258121,0.9978354978354976
2021-12-09 13:45:00+00:00,0.6206589408940895,0.0,0.3088454784899034,0.9967532467532466
2021-12-09 14:00:00+00:00,0.6227122712271227,0.0,0.2863915715539947,0.9956709956709956
2021-12-09 14:15:00+00:00,0.624062406240624,0.0,0.2599429323968393,0.9967532467532466
2021-12-09 14:30:00+00:00,0.6254125412541254,0.0,0.2334942932396839,0.9978354978354976
2021-12-09 14:45:00+00:00,0.6267626762676267,0.0,0.2070456540825285,0.9989177489177488
2021-12-09 15:00:00+00:00,0.6281128112811281,0.0,0.1805970149253731,1.0
2021-12-09 15:15:00+00:00,0.6288253825382538,0.0,0.14350307287093936,1.0
2021-12-09 15:30:00+00:00,0.6295379537953796,0.0,0.1064091308165056,1.0
2021-12-09 15:45:00+00:00,0.6302505250525052,0.0,0.0693151887620719,1.0
2021-12-09 16:00:00+00:00,0.630963096309631,0.0,0.0322212467076382,1.0
2021-12-09 16:15:00+00:00,0.6351260126012601,0.0,0.02565847234416145,1.0
2021-12-09 16:30:00+00:00,0.6392889288928894,0.0,0.0190956979806847,1.0
2021-12-09 16:45:00+00:00,0.6434518451845185,0.0,0.012532923617208,1.0
2021-12-09 17:00:00+00:00,0.6476147614761476,0.0,0.0059701492537313,1.0
2021-12-09 17:15:00+00:00,0.6500712571257126,0.0,0.0053555750658472005,1.0
2021-12-09 17:30:00+00:00,0.6525277527752775,0.0,0.0047410008779631,1.0
2021-12-09 17:45:00+00:00,0.6549842484248425,0.0,0.004126426690079,1.0
2021-12-09 18:00:00+00:00,0.6574407440744074,0.0,0.0035118525021949,1.0
2021-12-09 18:15:00+00:00,0.6597847284728473,0.0,0.0030728709394205,1.0
2021-12-09 18:30:00+00:00,0.6621287128712872,0.0,0.0026338893766461,1.0
2021-12-09 18:45:00+00:00,0.664472697269727,0.0,0.00219490781387175,1.0
2021-12-09 19:00:00+00:00,0.6668166816681668,0.0,0.0017559262510974,1.0
2021-12-09 19:15:00+00:00,0.6652602760276027,0.0,0.0017559262510974,1.0
2021-12-09 19:30:00+00:00,0.6637038703870386,0.0,0.0017559262510974,1.0
2021-12-09 19:45:00+00:00,0.6621474647464746,0.0,0.0017559262510974,1.0
2021-12-09 20:00:00+00:00,0.6605910591059105,0.0,0.0017559262510974,1.0
2021-12-09 20:15:00+00:00,0.6593440594059405,0.0,0.00182177348551355,1.0
2021-12-09 20:30:00+00:00,0.6580970597059705,0.0,0.0018876207199297,1.0
2021-12-09 20:45:00+00:00,0.6568500600060005,0.0,0.00195346795434585,1.0
2021-12-09 21:00:00+00:00,0.6556030603060305,0.0,0.002019315188762,1.0
2021-12-09 21:15:00+00:00,0.6620349534953496,0.0,0.00210711150131685,1.0
2021-12-09 21:30:00+00:00,0.6684668466846685,0.0,0.0021949078138717,1.0
2021-12-09 21:45:00+00:00,0.6748987398739874,0.0,0.0022827041264266,1.0
2021-12-09 22:00:00+00:00,0.6813306330633063,0.0,0.0023705004389815,1.0
2021-12-09 22:15:00+00:00,0.6870593309330932,0.0,0.00243634767339765,0.9893939393939394
2021-12-09 22:30:00+00:00,0.6927880288028803,0.0,0.0025021949078138,0.9787878787878788
2021-12-09 22:45:00+00:00,0.6985167266726673,0.0,0.00256804214222995,0.9681818181818183
2021-12-09 23:00:00+00:00,0.7042454245424542,0.0,0.0026338893766461,0.9575757575757576
2021-12-09 23:15:00+00:00,0.7070769576957696,0.0,0.00245829675153635,0.9528138528138528
2021-12-09 23:30:00+00:00,0.7099084908490849,0.0,0.0022827041264266,0.948051948051948
2021-12-09 23:45:00+00:00,0.7127400240024002,0.0,0.00210711150131685,0.9432900432900433
2021-12-10 00:00:00+00:00,0.7155715571557155,0.0,0.0019315188762071,0.9385281385281384
2021-12-10 00:15:00+00:00,0.7127681518151815,0.0,0.00175592625109735,0.9324675324675324
2021-12-10 00:30:00+00:00,0.7099647464746475,0.0,0.0015803336259876,0.9264069264069263
2021-12-10 00:45:00+00:00,0.7071613411341133,0.0,0.0014047410008779,0.9203463203463204
2021-12-10 01:00:00+00:00,0.7043579357935793,0.0,0.0012291483757682,0.9142857142857144
2021-12-10 01:15:00+00:00,0.7041985448544854,0.0,0.0012291483757682,0.9170995670995672
2021-12-10 01:30:00+00:00,0.7040391539153915,0.0,0.0012291483757682,0.91991341991342
2021-12-10 01:45:00+00:00,0.7038797629762976,0.0,0.0012291483757682,0.9227272727272728
2021-12-10 02:00:00+00:00,0.7037203720372037,0.0,0.0012291483757682,0.9255411255411256
2021-12-10 02:15:00+00:00,0.7006638163816381,0.0,0.0012291483757682,0.924891774891775
2021-12-10 02:30:00+00:00,0.6976072607260726,0.0,0.0012291483757682,0.9242424242424244
2021-12-10 02:45:00+00:00,0.6945507050705071,0.0,0.0012291483757682,0.9235930735930737
2021-12-10 03:00:00+00:00,0.6914941494149415,0.0,0.0012291483757682,0.922943722943723
2021-12-10 03:15:00+00:00,0.6874812481248125,0.0,0.0012291483757682,0.9233766233766234
2021-12-10 03:30:00+00:00,0.6834683468346834,0.0,0.0012291483757682,0.923809523809524
2021-12-10 03:45:00+00:00,0.6794554455445544,0.0,0.0012291483757682,0.9242424242424243
2021-12-10 04:00:00+00:00,0.6754425442544254,0.0,0.0012291483757682,0.9246753246753248
2021-12-10 04:15:00+00:00,0.673276702670267,0.0,0.0012291483757682,0.9272727272727274
2021-12-10 04:30:00+00:00,0.6711108610861085,0.0,0.0012291483757682,0.92987012987013
2021-12-10 04:45:00+00:00,0.6689450195019502,0.0,0.0012291483757682,0.9324675324675324
2021-12-10 05:00:00+00:00,0.6667791779177917,0.0,0.0012291483757682,0.935064935064935
2021-12-10 05:15:00+00:00,0.6674261176117611,0.0,0.0012291483757682,0.9398268398268397
2021-12-10 05:30:00+00:00,0.6680730573057305,0.0,0.0012291483757682,0.9445887445887444
2021-12-10 05:45:00+00:00,0.6687199969997,0.0,0.0012291483757682,0.9493506493506492
2021-12-10 06:00:00+00:00,0.6693669366936693,0.0,0.0012291483757682,0.954112554112554
2021-12-10 06:15:00+00:00,0.6679511701170117,0.0,0.0023705004389815,0.9502164502164501
2021-12-10 06:30:00+00:00,0.666535403540354,0.0,0.0035118525021948,0.9463203463203462
2021-12-10 06:45:00+00:00,0.6651196369636964,0.0,0.00465320456540815,0.9424242424242424
2021-12-10 07:00:00+00:00,0.6637038703870387,0.0,0.0057945566286215,0.9385281385281384
2021-12-10 07:15:00+00:00,0.6578626612661267,0.0,0.021905179982440647,0.9458874458874459
2021-12-10 07:30:00+00:00,0.6520214521452146,0.0,0.0380158033362598,0.9532467532467532
2021-12-10 07:45:00+00:00,0.6461802430243024,0.0,0.05412642669007895,0.9606060606060607
2021-12-10 08:00:00+00:00,0.6403390339033903,0.0,0.0702370500438981,0.967965367965368
2021-12-10 08:15:00+00:00,0.6334102160216022,0.0,0.09484196663740116,0.9759740259740259
2021-12-10 08:30:00+00:00,0.626481398139814,0.0,0.1194468832309042,0.983982683982684
2021-12-10 08:45:00+00:00,0.6195525802580258,0.0,0.1440517998244073,0.991991341991342
2021-12-10 09:00:00+00:00,0.6126237623762376,0.0,0.1686567164179104,1.0
2021-12-10 09:15:00+00:00,0.609332808280828,0.0,0.18869622475856007,0.9965367965367965
2021-12-10 09:30:00+00:00,0.6060418541854186,0.0,0.2087357330992097,0.993073593073593
2021-12-10 09:45:00+00:00,0.6027509000900091,0.0,0.22877524143985944,0.9896103896103895
2021-12-10 10:00:00+00:00,0.5994599459945995,0.0,0.2488147497805092,0.986147186147186
2021-12-10 10:15:00+00:00,0.603922892289229,0.0,0.2609306409130816,0.9844155844155843
2021-12-10 10:30:00+00:00,0.6083858385838584,0.0,0.273046532045654,0.9826839826839826
2021-12-10 10:45:00+00:00,0.6128487848784878,0.0,0.28516242317822643,0.9809523809523809
2021-12-10 11:00:00+00:00,0.6173117311731173,0.0,0.2972783143107989,0.9792207792207792
2021-12-10 11:15:00+00:00,0.6238561356135613,0.0,0.29492976294995604,0.9755411255411255
2021-12-10 11:30:00+00:00,0.6304005400540054,0.0,0.2925812115891132,0.9718614718614718
2021-12-10 11:45:00+00:00,0.6369449444944495,0.0,0.2902326602282703,0.9681818181818181
2021-12-10 12:00:00+00:00,0.6434893489348935,0.0,0.2878841088674275,0.9645021645021644
2021-12-10 12:15:00+00:00,0.6463396339633964,0.0,0.28028972783143097,0.9621212121212119
2021-12-10 12:30:00+00:00,0.6491899189918993,0.0,0.2726953467954345,0.9597402597402596
2021-12-10 12:45:00+00:00,0.6520402040204021,0.0,0.2651009657594381,0.9573593073593072
2021-12-10 13:00:00+00:00,0.6548904890489049,0.0,0.2575065847234416,0.9549783549783548
2021-12-10 13:15:00+00:00,0.6561093609360936,0.0,0.2480026338893766,0.9549783549783548
2021-12-10 13:30:00+00:00,0.6573282328232823,0.0,0.2384986830553116,0.9549783549783548
2021-12-10 13:45:00+00:00,0.6585471047104711,0.0,0.22899473222124667,0.9549783549783548
2021-12-10 14:00:00+00:00,0.6597659765976598,0.0,0.2194907813871817,0.9549783549783548
2021-12-10 14:15:00+00:00,0.6550967596759676,0.0,0.19635645302897275,0.959090909090909
2021-12-10 14:30:00+00:00,0.6504275427542754,0.0,0.1732221246707638,0.9632034632034632
2021-12-10 14:45:00+00:00,0.6457583258325832,0.0,0.15008779631255487,0.9673160173160174
2021-12-10 15:00:00+00:00,0.6410891089108911,0.0,0.1269534679543459,0.9714285714285714
2021-12-10 15:15:00+00:00,0.634310306030603,0.0,0.10043898156277434,0.9777056277056277
2021-12-10 15:30:00+00:00,0.627531503150315,0.0,0.0739244951712028,0.983982683982684
2021-12-10 15:45:00+00:00,0.6207527002700269,0.0,0.047410008779631245,0.9902597402597402
2021-12-10 16:00:00+00:00,0.613973897389739,0.0,0.0208955223880597,0.9965367965367964
2021-12-10 16:15:00+00:00,0.6114423942394239,0.0,0.0160228270412642,0.9974025974025973
2021-12-10 16:30:00+00:00,0.6089108910891089,0.0,0.0111501316944687,0.9982683982683982
2021-12-10 16:45:00+00:00,0.6063793879387939,0.0,0.0062774363476733,0.9991341991341991
2021-12-10 17:00:00+00:00,0.6038478847884788,0.0,0.0014047410008779,1.0
2021-12-10 17:15:00+00:00,0.6032384488448845,0.0,0.00136084284460045,1.0
2021-12-10 17:30:00+00:00,0.6026290129012901,0.0,0.001316944688323,1.0
2021-12-10 17:45:00+00:00,0.6020195769576957,0.0,0.0012730465320456,1.0
2021-12-10 18:00:00+00:00,0.6014101410141014,0.0,0.0012291483757682,1.0
2021-12-10 18:15:00+00:00,0.5994130663066306,0.0,0.0012291483757682,1.0
2021-12-10 18:30:00+00:00,0.5974159915991599,0.0,0.0012291483757682,1.0
2021-12-10 18:45:00+00:00,0.5954189168916892,0.0,0.0012291483757682,1.0
2021-12-10 19:00:00+00:00,0.5934218421842185,0.0,0.0012291483757682,1.0
2021-12-10 19:15:00+00:00,0.5950626312631263,0.0,0.0012291483757682,1.0
2021-12-10 19:30:00+00:00,0.5967034203420343,0.0,0.0012291483757682,1.0
2021-12-10 19:45:00+00:00,0.5983442094209421,0.0,0.0012291483757682,1.0
2021-12-10 20:00:00+00:00,0.59998499849985,0.0,0.0012291483757682,1.0
2021-12-10 20:15:00+00:00,0.6012882538253825,0.0,0.0012291483757682,1.0
2021-12-10 20:30:00+00:00,0.6025915091509151,0.0,0.0012291483757682,1.0
2021-12-10 20:45:00+00:00,0.6038947644764476,0.0,0.0012291483757682,1.0
2021-12-10 21:00:00+00:00,0.6051980198019802,0.0,0.0012291483757682,1.0
2021-12-10 21:15:00+00:00,0.6017851785178517,0.0,0.0012510974539069,0.9956709956709957
2021-12-10 21:30:00+00:00,0.5983723372337233,0.0,0.0012730465320456,0.9913419913419914
2021-12-10 21:45:00+00:00,0.5949594959495949,0.0,0.0012949956101843,0.9870129870129871
2021-12-10 22:00:00+00:00,0.5915466546654665,0.0,0.001316944688323,0.9826839826839828
2021-12-10 22:15:00+00:00,0.5915091509150915,0.0,0.0012949956101843,0.9753246753246754
2021-12-10 22:30:00+00:00,0.5914716471647165,0.0,0.0012730465320456,0.967965367965368
2021-12-10 22:45:00+00:00,0.5914341434143414,0.0,0.0012510974539069,0.9606060606060606
2021-12-10 23:00:00+00:00,0.5913966396639664,0.0,0.0012291483757682,0.9532467532467532
2021-12-10 23:15:00+00:00,0.5917904290429044,0.0,0.0012291483757682,0.9506493506493506
2021-12-10 23:30:00+00:00,0.5921842184218422,0.0,0.0012291483757682,0.948051948051948
2021-12-10 23:45:00+00:00,0.5925780078007801,0.0,0.0012291483757682,0.9454545454545454
2021-12-11 00:00:00+00:00,0.5929717971797179,0.0,0.0012291483757682,0.9428571428571428
2021-12-11 00:15:00+00:00,0.5884432193219322,0.0,0.0012510974539069,0.9428571428571428
2021-12-11 00:30:00+00:00,0.5839146414641464,0.0,0.0012730465320456,0.9428571428571428
2021-12-11 00:45:00+00:00,0.5793860636063606,0.0,0.0012949956101843,0.9428571428571428
2021-12-11 01:00:00+00:00,0.5748574857485749,0.0,0.001316944688323,0.9428571428571428
2021-12-11 01:15:00+00:00,0.5704695469546954,0.0,0.0012949956101843,0.943073593073593
2021-12-11 01:30:00+00:00,0.5660816081608161,0.0,0.0012730465320456,0.9432900432900432
2021-12-11 01:45:00+00:00,0.5616936693669368,0.0,0.0012510974539069,0.9435064935064934
2021-12-11 02:00:00+00:00,0.5573057305730573,0.0,0.0012291483757682,0.9437229437229436
2021-12-11 02:15:00+00:00,0.5518301830183019,0.0,0.0012510974539069,0.943073593073593
2021-12-11 02:30:00+00:00,0.5463546354635463,0.0,0.0012730465320456,0.9424242424242424
2021-12-11 02:45:00+00:00,0.5408790879087908,0.0,0.0012949956101843,0.9417748917748918
2021-12-11 03:00:00+00:00,0.5354035403540354,0.0,0.001316944688323,0.9411255411255413
2021-12-11 03:15:00+00:00,0.5296842184218422,0.0,0.0012949956101843,0.9391774891774892
2021-12-11 03:30:00+00:00,0.523964896489649,0.0,0.0012730465320456,0.9372294372294372
2021-12-11 03:45:00+00:00,0.5182455745574557,0.0,0.0012510974539069,0.9352813852813853
2021-12-11 04:00:00+00:00,0.5125262526252625,0.0,0.0012291483757682,0.9333333333333332
2021-12-11 04:15:00+00:00,0.5065912841284128,0.0,0.0012291483757682,0.9307359307359306
2021-12-11 04:30:00+00:00,0.5006563156315631,0.0,0.0012291483757682,0.9281385281385282
2021-12-11 04:45:00+00:00,0.49472134713471344,0.0,0.0012291483757682,0.9255411255411256
2021-12-11 05:00:00+00:00,0.4887863786378638,0.0,0.0012291483757682,0.922943722943723
2021-12-11 05:15:00+00:00,0.4844453195319532,0.0,0.0012291483757682,0.9233766233766234
2021-12-11 05:30:00+00:00,0.4801042604260426,0.0,0.0012291483757682,0.923809523809524
2021-12-11 05:45:00+00:00,0.475763201320132,0.0,0.0012291483757682,0.9242424242424243
2021-12-11 06:00:00+00:00,0.4714221422142214,0.0,0.0012291483757682,0.9246753246753248
2021-12-11 06:15:00+00:00,0.4663310081008101,0.0,0.0038191395961369003,0.9246753246753248
2021-12-11 06:30:00+00:00,0.4612398739873987,0.0,0.0064091308165056,0.9246753246753248
2021-12-11 06:45:00+00:00,0.4561487398739874,0.0,0.008999122036874349,0.9246753246753248
2021-12-11 07:00:00+00:00,0.4510576057605761,0.0,0.0115891132572431,0.9246753246753248
2021-12-11 07:15:00+00:00,0.44325682568256825,0.0,0.0511852502194907,0.9266233766233767
2021-12-11 07:30:00+00:00,0.4354560456045604,0.0,0.0907813871817383,0.9285714285714286
2021-12-11 07:45:00+00:00,0.42765526552655264,0.0,0.1303775241439859,0.9305194805194805
2021-12-11 08:00:00+00:00,0.4198544854485448,0.0,0.1699736611062335,0.9324675324675324
2021-12-11 08:15:00+00:00,0.4150821332133213,0.0,0.2309482001755926,0.9329004329004329
2021-12-11 08:30:00+00:00,0.4103097809780978,0.0,0.2919227392449517,0.9333333333333332
2021-12-11 08:45:00+00:00,0.40553742874287424,0.0,0.35289727831431084,0.9337662337662338
2021-12-11 09:00:00+00:00,0.4007650765076507,0.0,0.4138718173836699,0.9341991341991344
2021-12-11 09:15:00+00:00,0.39784915991599157,0.0,0.44640035118525023,0.9331168831168832
2021-12-11 09:30:00+00:00,0.3949332433243324,0.0,0.4789288849868306,0.932034632034632
2021-12-11 09:45:00+00:00,0.39201732673267325,0.0,0.5114574187884109,0.930952380952381
2021-12-11 10:00:00+00:00,0.3891014101410141,0.0,0.5439859525899913,0.9298701298701298
2021-12-11 10:15:00+00:00,0.3888482598259826,0.0,0.5614135206321335,0.9272727272727272
2021-12-11 10:30:00+00:00,0.3885951095109511,0.0,0.5788410886742756,0.9246753246753248
2021-12-11 10:45:00+00:00,0.38834195919591963,0.0,0.5962686567164179,0.9220779220779222
2021-12-11 11:00:00+00:00,0.3880888088808881,0.0,0.6136962247585601,0.9194805194805196
2021-12-11 11:15:00+00:00,0.38759188418841883,0.0,0.6200395083406496,0.9194805194805196
2021-12-11 11:30:00+00:00,0.3870949594959496,0.0,0.6263827919227392,0.9194805194805196
2021-12-11 11:45:00+00:00,0.3865980348034803,0.0,0.6327260755048287,0.9194805194805196
2021-12-11 12:00:00+00:00,0.3861011101110111,0.0,0.6390693590869183,0.9194805194805196
2021-12-11 12:15:00+00:00,0.38187256225622557,0.0,0.6410447761194029,0.9186147186147187
2021-12-11 12:30:00+00:00,0.3776440144014401,0.0,0.6430201931518875,0.9177489177489178
2021-12-11 12:45:00+00:00,0.37341546654665464,0.0,0.6449956101843721,0.9168831168831169
2021-12-11 13:00:00+00:00,0.3691869186918692,0.0,0.6469710272168568,0.916017316017316
2021-12-11 13:15:00+00:00,0.36154552955295527,0.0,0.638323090430202,0.9222943722943723
2021-12-11 13:30:00+00:00,0.3539041404140414,0.0,0.629675153643547,0.9285714285714286
2021-12-11 13:45:00+00:00,0.3462627512751275,0.0,0.621027216856892,0.9348484848484849
2021-12-11 14:00:00+00:00,0.3386213621362136,0.0,0.612379280070237,0.9411255411255413
2021-12-11 14:15:00+00:00,0.3312612511251125,0.0,0.5637840210711149,0.9558441558441559
2021-12-11 14:30:00+00:00,0.3239011401140114,0.0,0.5151887620719929,0.9705627705627706
2021-12-11 14:45:00+00:00,0.31654102910291027,0.0,0.46659350307287095,0.9852813852813853
2021-12-11 15:00:00+00:00,0.3091809180918092,0.0,0.4179982440737489,1.0
2021-12-11 15:15:00+00:00,0.30468046804680465,0.0,0.34198858647936786,1.0
2021-12-11 15:30:00+00:00,0.3001800180018001,0.0,0.2659789288849868,1.0
2021-12-11 15:45:00+00:00,0.2956795679567956,0.0,0.18996927129060576,1.0
2021-12-11 16:00:00+00:00,0.2911791179117912,0.0,0.1139596136962247,1.0
2021-12-11 16:15:00+00:00,0.29605460546054607,0.0,0.08757682177348546,1.0
2021-12-11 16:30:00+00:00,0.3009300930093009,0.0,0.0611940298507462,1.0
2021-12-11 16:45:00+00:00,0.3058055805580558,0.0,0.03481123792800695,1.0
2021-12-11 17:00:00+00:00,0.3106810681068107,0.0,0.0084284460052677,1.0
2021-12-11 17:15:00+00:00,0.3097997299729973,0.0,0.0066505706760315,1.0
2021-12-11 17:30:00+00:00,0.3089183918391839,0.0,0.0048726953467953,1.0
2021-12-11 17:45:00+00:00,0.3080370537053705,0.0,0.0030948200175591497,1.0
2021-12-11 18:00:00+00:00,0.3071557155715571,0.0,0.001316944688323,1.0
2021-12-11 18:15:00+00:00,0.30515864086408634,0.0,0.0012949956101843,1.0
2021-12-11 18:30:00+00:00,0.3031615661566156,0.0,0.0012730465320456,1.0
2021-12-11 18:45:00+00:00,0.3011644914491449,0.0,0.0012510974539069,1.0
2021-12-11 19:00:00+00:00,0.2991674167416742,0.0,0.0012291483757682,1.0
2021-12-11 19:15:00+00:00,0.2983798379837984,0.0,0.0012291483757682,1.0
2021-12-11 19:30:00+00:00,0.2975922592259226,0.0,0.0012291483757682,1.0
2021-12-11 19:45:00+00:00,0.29680468046804676,0.0,0.0012291483757682,1.0
2021-12-11 20:00:00+00:00,0.296017101710171,0.0,0.0012291483757682,1.0
2021-12-11 20:15:00+00:00,0.29221984698469844,0.0,0.0012071992976294501,1.0
2021-12-11 20:30:00+00:00,0.2884225922592259,0.0,0.0011852502194907,1.0
2021-12-11 20:45:00+00:00,0.28462533753375335,0.0,0.001163301141352,1.0
2021-12-11 21:00:00+00:00,0.2808280828082808,0.0,0.0011413520632133,1.0
2021-12-11 21:15:00+00:00,0.27901852685268524,0.0,0.0011413520632133,0.9976190476190476
2021-12-11 21:30:00+00:00,0.2772089708970897,0.0,0.0011413520632133,0.9952380952380953
2021-12-11 21:45:00+00:00,0.2753994149414941,0.0,0.0011413520632133,0.9928571428571429
2021-12-11 22:00:00+00:00,0.2735898589858986,0.0,0.0011413520632133,0.9904761904761904
2021-12-11 22:15:00+00:00,0.2720897089708971,0.0,0.001163301141352,0.9922077922077922
2021-12-11 22:30:00+00:00,0.2705895589558956,0.0,0.0011852502194907,0.993939393939394
2021-12-11 22:45:00+00:00,0.26908940894089406,0.0,0.0012071992976294501,0.9956709956709957
2021-12-11 23:00:00+00:00,0.2675892589258926,0.0,0.0012291483757682,0.9974025974025974
2021-12-11 23:15:00+00:00,0.26811431143114306,0.0,0.0012291483757682,0.9766233766233767
2021-12-11 23:30:00+00:00,0.2686393639363936,0.0,0.0012291483757682,0.955844155844156
2021-12-11 23:45:00+00:00,0.2691644164416441,0.0,0.0012291483757682,0.9350649350649352
2021-12-12 00:00:00+00:00,0.2696894689468947,0.0,0.0012291483757682,0.9142857142857144
2021-12-12 00:15:00+00:00,0.2666141614161416,0.0,0.0013608428446005,0.9112554112554114
2021-12-12 00:30:00+00:00,0.2635388538853885,0.0,0.0014925373134328,0.9082251082251084
2021-12-12 00:45:00+00:00,0.2604635463546354,0.0,0.0016242317822651,0.9051948051948053
2021-12-12 01:00:00+00:00,0.2573882388238824,0.0,0.0017559262510974,0.9021645021645022
2021-12-12 01:15:00+00:00,0.2520533303330333,0.0,0.0019095697980684,0.9021645021645022
2021-12-12 01:30:00+00:00,0.2467184218421842,0.0,0.0020632133450394,0.9021645021645022
2021-12-12 01:45:00+00:00,0.24138351335133512,0.0,0.00221685689201045,0.9021645021645022
2021-12-12 02:00:00+00:00,0.236048604860486,0.0,0.0023705004389815,0.9021645021645022
2021-12-12 02:15:00+00:00,0.23023552355235521,0.0,0.00243634767339765,0.9032467532467532
2021-12-12 02:30:00+00:00,0.2244224422442244,0.0,0.0025021949078138,0.9043290043290042
2021-12-12 02:45:00+00:00,0.2186093609360936,0.0,0.00256804214222995,0.9054112554112552
2021-12-12 03:00:00+00:00,0.2127962796279628,0.0,0.0026338893766461,0.9064935064935064
2021-12-12 03:15:00+00:00,0.2128150315031503,0.0,0.0026338893766461,0.9069264069264069
2021-12-12 03:30:00+00:00,0.2128337833783378,0.0,0.0026338893766461,0.9073593073593074
2021-12-12 03:45:00+00:00,0.21285253525352532,0.0,0.0026338893766461,0.9077922077922078
2021-12-12 04:00:00+00:00,0.2128712871287128,0.0,0.0026338893766461,0.9082251082251084
2021-12-12 04:15:00+00:00,0.2123368586858685,0.0,0.0026338893766461,0.9075757575757576
2021-12-12 04:30:00+00:00,0.2118024302430242,0.0,0.0026338893766461,0.9069264069264068
2021-12-12 04:45:00+00:00,0.21126800180017996,0.0,0.0026338893766461,0.9062770562770561
2021-12-12 05:00:00+00:00,0.2107335733573357,0.0,0.0026338893766461,0.9056277056277056
2021-12-12 05:15:00+00:00,0.20984285928592855,0.0,0.0026119402985074003,0.9041125541125541
2021-12-12 05:30:00+00:00,0.2089521452145214,0.0,0.0025899912203687,0.9025974025974026
2021-12-12 05:45:00+00:00,0.20806143114311423,0.0,0.00256804214223,0.9010822510822512
2021-12-12 06:00:00+00:00,0.2071707170717071,0.0,0.0025460930640913,0.8995670995670996
2021-12-12 06:15:00+00:00,0.20417979297929784,0.0,0.006014047410008751,0.9017316017316017
2021-12-12 06:30:00+00:00,0.2011888688868886,0.0,0.0094820017559262,0.903896103896104
2021-12-12 06:45:00+00:00,0.19819794479447939,0.0,0.01294995610184365,0.9060606060606062
2021-12-12 07:00:00+00:00,0.1952070207020702,0.0,0.0164179104477611,0.9082251082251084
2021-12-12 07:15:00+00:00,0.18873762376237618,0.0,0.0672519754170324,0.9080086580086582
2021-12-12 07:30:00+00:00,0.1822682268226822,0.0,0.1180860403863037,0.9077922077922078
2021-12-12 07:45:00+00:00,0.17579882988298826,0.0,0.168920105355575,0.9075757575757576
2021-12-12 08:00:00+00:00,0.1693294329432943,0.0,0.2197541703248463,0.9073593073593074
2021-12-12 08:15:00+00:00,0.1619130663066306,0.0,0.2879719051799824,0.9090909090909091
2021-12-12 08:30:00+00:00,0.1544966996699669,0.0,0.3561896400351185,0.9108225108225108
2021-12-12 08:45:00+00:00,0.14708033303330326,0.0,0.4244073748902546,0.9125541125541126
2021-12-12 09:00:00+00:00,0.1396639663966396,0.0,0.4926251097453907,0.9142857142857144
2021-12-12 09:15:00+00:00,0.1367761776177617,0.0,0.5248683055311677,0.9132034632034631
2021-12-12 09:30:00+00:00,0.1338883888388838,0.0,0.5571115013169446,0.912121212121212
2021-12-12 09:45:00+00:00,0.13100060006000594,0.0,0.5893546971027217,0.911038961038961
2021-12-12 10:00:00+00:00,0.1281128112811281,0.0,0.6215978928884986,0.90995670995671
2021-12-12 10:15:00+00:00,0.1261063606360636,0.0,0.6326821773485514,0.9106060606060606
2021-12-12 10:30:00+00:00,0.1240999099909991,0.0,0.6437664618086041,0.9112554112554112
2021-12-12 10:45:00+00:00,0.1220934593459346,0.0,0.6548507462686568,0.9119047619047619
2021-12-12 11:00:00+00:00,0.1200870087008701,0.0,0.6659350307287094,0.9125541125541126
2021-12-12 11:15:00+00:00,0.1175367536753675,0.0,0.6668568920105356,0.9101731601731602
2021-12-12 11:30:00+00:00,0.1149864986498649,0.0,0.6677787532923617,0.9077922077922078
2021-12-12 11:45:00+00:00,0.11243624362436236,0.0,0.6687006145741878,0.9054112554112554
2021-12-12 12:00:00+00:00,0.1098859885988598,0.0,0.6696224758560141,0.9030303030303032
2021-12-12 12:15:00+00:00,0.10787953795379529,0.0,0.6701712028094821,0.9067099567099568
2021-12-12 12:30:00+00:00,0.1058730873087308,0.0,0.67071992976295,0.9103896103896104
2021-12-12 12:45:00+00:00,0.1038666366636663,0.0,0.6712686567164179,0.914069264069264
2021-12-12 13:00:00+00:00,0.1018601860186018,0.0,0.6718173836698859,0.9177489177489178
2021-12-12 13:15:00+00:00,0.09944119411941185,0.0,0.6622695346795435,0.9207792207792209
2021-12-12 13:30:00+00:00,0.0970222022202219,0.0,0.6527216856892011,0.923809523809524
2021-12-12 13:45:00+00:00,0.094603210321032,0.0,0.6431738366988586,0.9268398268398269
2021-12-12 14:00:00+00:00,0.0921842184218421,0.0,0.6336259877085162,0.9298701298701298
2021-12-12 14:15:00+00:00,0.090824707470747,0.0,0.5822870939420544,0.9461038961038961
2021-12-12 14:30:00+00:00,0.0894651965196519,0.0,0.5309482001755926,0.9623376623376624
2021-12-12 14:45:00+00:00,0.0881056855685568,0.0,0.4796093064091308,0.9785714285714286
2021-12-12 15:00:00+00:00,0.0867461746174617,0.0,0.428270412642669,0.9948051948051948
2021-12-12 15:15:00+00:00,0.08703682868286824,0.0,0.35138279192273925,0.9961038961038962
2021-12-12 15:30:00+00:00,0.0873274827482748,0.0,0.2744951712028095,0.9974025974025974
2021-12-12 15:45:00+00:00,0.08761813681368136,0.0,0.1976075504828797,0.9987012987012986
2021-12-12 16:00:00+00:00,0.0879087908790879,0.0,0.1207199297629499,1.0
2021-12-12 16:15:00+00:00,0.0904871737173717,0.0,0.0942712906057945,1.0
2021-12-12 16:30:00+00:00,0.0930655565556555,0.0,0.0678226514486391,1.0
2021-12-12 16:45:00+00:00,0.09564393939393935,0.0,0.0413740122914837,1.0
2021-12-12 17:00:00+00:00,0.0982223222322232,0.0,0.0149253731343283,1.0
2021-12-12 17:15:00+00:00,0.09959120912091204,0.0,0.0129060579455662,1.0
2021-12-12 17:30:00+00:00,0.1009600960096009,0.0,0.0108867427568041,1.0
2021-12-12 17:45:00+00:00,0.1023289828982898,0.0,0.00886742756804205,1.0
2021-12-12 18:00:00+00:00,0.1036978697869787,0.0,0.00684811237928,1.0
2021-12-12 18:15:00+00:00,0.10596684668466845,0.0,0.00632133450395075,1.0
2021-12-12 18:30:00+00:00,0.1082358235823582,0.0,0.0057945566286215,1.0
2021-12-12 18:45:00+00:00,0.11050480048004795,0.0,0.0052677787532923,1.0
2021-12-12 19:00:00+00:00,0.1127737773777377,0.0,0.0047410008779631,1.0
2021-12-12 19:15:00+00:00,0.11488336333633355,0.0,0.00458735733099205,1.0
2021-12-12 19:30:00+00:00,0.1169929492949294,0.0,0.004433713784021,1.0
2021-12-12 19:45:00+00:00,0.1191025352535253,0.0,0.00428007023705,1.0
2021-12-12 20:00:00+00:00,0.1212121212121212,0.0,0.004126426690079,1.0
2021-12-12 20:15:00+00:00,0.1247374737473747,0.0,0.00351185250219485,1.0
2021-12-12 20:30:00+00:00,0.1282628262826282,0.0,0.0028972783143107,1.0
2021-12-12 20:45:00+00:00,0.13178817881788174,0.0,0.0022827041264266,1.0
2021-12-12 21:00:00+00:00,0.1353135313531353,0.0,0.0016681299385425,1.0
2021-12-12 21:15:00+00:00,0.13912953795379535,0.0,0.0016681299385425,0.9865800865800867
2021-12-12 21:30:00+00:00,0.1429455445544554,0.0,0.0016681299385425,0.9731601731601732
2021-12-12 21:45:00+00:00,0.14676155115511547,0.0,0.0016681299385425,0.9597402597402598
2021-12-12 22:00:00+00:00,0.1505775577557755,0.0,0.0016681299385425,0.9463203463203465
2021-12-12 22:15:00+00:00,0.15411228622862275,0.0,0.0016022827041263501,0.9387445887445889
2021-12-12 22:30:00+00:00,0.15764701470147,0.0,0.0015364354697102,0.9311688311688312
2021-12-12 22:45:00+00:00,0.16118174317431733,0.0,0.00147058823529405,0.9235930735930735
2021-12-12 23:00:00+00:00,0.1647164716471647,0.0,0.0014047410008779,0.916017316017316
2021-12-12 23:15:00+00:00,0.1661697419741974,0.0,0.0013827919227391498,0.914069264069264
2021-12-12 23:30:00+00:00,0.1676230123012301,0.0,0.0013608428446004,0.912121212121212
2021-12-12 23:45:00+00:00,0.1690762826282628,0.0,0.0013388937664617,0.9101731601731602
2021-12-13 00:00:00+00:00,0.1705295529552955,0.0,0.001316944688323,0.9082251082251084
2021-12-13 00:15:00+00:00,0.1707076957695769,0.0,0.0013388937664617,0.9067099567099568
2021-12-13 00:30:00+00:00,0.1708858385838583,0.0,0.0013608428446004,0.9051948051948052
2021-12-13 00:45:00+00:00,0.17106398139813975,0.0,0.0013827919227391498,0.9036796536796536
2021-12-13 01:00:00+00:00,0.1712421242124212,0.0,0.0014047410008779,0.9021645021645022
2021-12-13 01:15:00+00:00,0.1724609960996099,0.0,0.0013827919227391498,0.9012987012987013
2021-12-13 01:30:00+00:00,0.1736798679867986,0.0,0.0013608428446004,0.9004329004329004
2021-12-13 01:45:00+00:00,0.17489873987398735,0.0,0.0013388937664617,0.8995670995670995
2021-12-13 02:00:00+00:00,0.1761176117611761,0.0,0.001316944688323,0.8987012987012987
2021-12-13 02:15:00+00:00,0.17666141614161415,0.0,0.001316944688323,0.8995670995670995
2021-12-13 02:30:00+00:00,0.1772052205220522,0.0,0.001316944688323,0.9004329004329004
2021-12-13 02:45:00+00:00,0.17774902490249025,0.0,0.001316944688323,0.9012987012987013
2021-12-13 03:00:00+00:00,0.1782928292829283,0.0,0.001316944688323,0.9021645021645022
2021-12-13 03:15:00+00:00,0.17942731773177317,0.0,0.001316944688323,0.9023809523809524
2021-12-13 03:30:00+00:00,0.180561806180618,0.0,0.001316944688323,0.9025974025974026
2021-12-13 03:45:00+00:00,0.1816962946294629,0.0,0.001316944688323,0.9028138528138528
2021-12-13 04:00:00+00:00,0.1828307830783078,0.0,0.001316944688323,0.9030303030303032
2021-12-13 04:15:00+00:00,0.18350585058505844,0.0,0.001316944688323,0.902813852813853
2021-12-13 04:30:00+00:00,0.1841809180918091,0.0,0.001316944688323,0.9025974025974026
2021-12-13 04:45:00+00:00,0.1848559855985598,0.0,0.001316944688323,0.9023809523809524
2021-12-13 05:00:00+00:00,0.1855310531053105,0.0,0.001316944688323,0.9021645021645022
2021-12-13 05:15:00+00:00,0.18544666966696666,0.0,0.001316944688323,0.904978354978355
2021-12-13 05:30:00+00:00,0.1853622862286228,0.0,0.001316944688323,0.9077922077922078
2021-12-13 05:45:00+00:00,0.185277902790279,0.0,0.001316944688323,0.9106060606060606
2021-12-13 06:00:00+00:00,0.1851935193519352,0.0,0.001316944688323,0.9134199134199136
2021-12-13 06:15:00+00:00,0.18494036903690364,0.0,0.0039947322212466,0.9149350649350652
2021-12-13 06:30:00+00:00,0.1846872187218721,0.0,0.0066725197541702,0.9164502164502166
2021-12-13 06:45:00+00:00,0.1844340684068406,0.0,0.00935030728709385,0.9179653679653681
2021-12-13 07:00:00+00:00,0.1841809180918091,0.0,0.0120280948200175,0.9194805194805196
2021-12-13 07:15:00+00:00,0.18317769276927684,0.0,0.0536874451273046,0.91991341991342
2021-12-13 07:30:00+00:00,0.1821744674467446,0.0,0.0953467954345917,0.9203463203463204
2021-12-13 07:45:00+00:00,0.18117124212421234,0.0,0.1370061457418788,0.9207792207792207
2021-12-13 08:00:00+00:00,0.1801680168016801,0.0,0.1786654960491659,0.9212121212121211
2021-12-13 08:15:00+00:00,0.17749587458745864,0.0,0.2355794556628621,0.9181818181818182
2021-12-13 08:30:00+00:00,0.1748237323732372,0.0,0.2924934152765583,0.9151515151515152
2021-12-13 08:45:00+00:00,0.1721515901590158,0.0,0.34940737489025453,0.9121212121212121
2021-12-13 09:00:00+00:00,0.1694794479447944,0.0,0.4063213345039508,0.9090909090909092
2021-12-13 09:15:00+00:00,0.16879500450044993,0.0,0.4381255487269534,0.9030303030303031
2021-12-13 09:30:00+00:00,0.1681105610561055,0.0,0.4699297629499561,0.896969696969697
2021-12-13 09:45:00+00:00,0.1674261176117611,0.0,0.5017339771729588,0.8909090909090909
2021-12-13 10:00:00+00:00,0.1667416741674167,0.0,0.5335381913959614,0.8848484848484849
2021-12-13 10:15:00+00:00,0.16702295229522945,0.0,0.5439201053555751,0.8861471861471861
2021-12-13 10:30:00+00:00,0.1673042304230422,0.0,0.5543020193151887,0.8874458874458875
2021-12-13 10:45:00+00:00,0.16758550855085502,0.0,0.5646839332748024,0.8887445887445888
2021-12-13 11:00:00+00:00,0.1678667866786678,0.0,0.5750658472344161,0.8900432900432901
2021-12-13 11:15:00+00:00,0.16514776477647755,0.0,0.5784460052677787,0.8926406926406927
2021-12-13 11:30:00+00:00,0.1624287428742873,0.0,0.5818261633011413,0.8952380952380953
2021-12-13 11:45:00+00:00,0.1597097209720971,0.0,0.585206321334504,0.8978354978354979
2021-12-13 12:00:00+00:00,0.1569906990699069,0.0,0.5885864793678666,0.9004329004329005
2021-12-13 12:15:00+00:00,0.1534559705970596,0.0,0.5884547848990342,0.9015151515151516
2021-12-13 12:30:00+00:00,0.1499212421242123,0.0,0.5883230904302019,0.9025974025974026
2021-12-13 12:45:00+00:00,0.14638651365136504,0.0,0.5881913959613696,0.9036796536796536
2021-12-13 13:00:00+00:00,0.1428517851785178,0.0,0.5880597014925373,0.9047619047619048
2021-12-13 13:15:00+00:00,0.13826695169516945,0.0,0.5807945566286216,0.9077922077922078
2021-12-13 13:30:00+00:00,0.1336821182118211,0.0,0.5735294117647058,0.9108225108225108
2021-12-13 13:45:00+00:00,0.12909728472847282,0.0,0.5662642669007901,0.9138528138528138
2021-12-13 14:00:00+00:00,0.1245124512451245,0.0,0.5589991220368744,0.9168831168831169
2021-12-13 14:15:00+00:00,0.12067769276927684,0.0,0.5176909569798068,0.9300865800865801
2021-12-13 14:30:00+00:00,0.1168429342934292,0.0,0.4763827919227392,0.9432900432900432
2021-12-13 14:45:00+00:00,0.11300817581758164,0.0,0.43507462686567155,0.9564935064935064
2021-12-13 15:00:00+00:00,0.1091734173417341,0.0,0.393766461808604,0.9696969696969696
2021-12-13 15:15:00+00:00,0.10613561356135605,0.0,0.324758560140474,0.9772727272727272
2021-12-13 15:30:00+00:00,0.103097809780978,0.0,0.2557506584723441,0.9848484848484848
2021-12-13 15:45:00+00:00,0.1000600060006,0.0,0.18674275680421415,0.9924242424242424
2021-12-13 16:00:00+00:00,0.097022202220222,0.0,0.1177348551360842,1.0
2021-12-13 16:15:00+00:00,0.09570019501950189,0.0,0.09143985952589981,1.0
2021-12-13 16:30:00+00:00,0.0943781878187818,0.0,0.0651448639157154,1.0
2021-12-13 16:45:00+00:00,0.09305618061806176,0.0,0.038849868305531055,1.0
2021-12-13 17:00:00+00:00,0.0917341734173417,0.0,0.0125548726953467,1.0
2021-12-13 17:15:00+00:00,0.09235298529852981,0.0,0.010250219490781299,1.0
2021-12-13 17:30:00+00:00,0.0929717971797179,0.0,0.0079455662862159,1.0
2021-12-13 17:45:00+00:00,0.09359060906090605,0.0,0.0056409130816505,1.0
2021-12-13 18:00:00+00:00,0.0942094209420942,0.0,0.0033362598770851,1.0
2021-12-13 18:15:00+00:00,0.0953345334533453,0.0,0.0033362598770851,1.0
2021-12-13 18:30:00+00:00,0.0964596459645964,0.0,0.0033362598770851,1.0
2021-12-13 18:45:00+00:00,0.09758475847584755,0.0,0.0033362598770851,1.0
2021-12-13 19:00:00+00:00,0.0987098709870987,0.0,0.0033362598770851,1.0
2021-12-13 19:15:00+00:00,0.09950682568256825,0.0,0.00331431079894635,1.0
2021-12-13 19:30:00+00:00,0.1003037803780378,0.0,0.0032923617208076,1.0
2021-12-13 19:45:00+00:00,0.10110073507350735,0.0,0.0032704126426689,1.0
2021-12-13 20:00:00+00:00,0.1018976897689769,0.0,0.0032484635645302,1.0
2021-12-13 20:15:00+00:00,0.1038666366636663,0.0,0.0032704126426689,0.9971861471861472
2021-12-13 20:30:00+00:00,0.1058355835583557,0.0,0.0032923617208076,0.9943722943722944
2021-12-13 20:45:00+00:00,0.1078045304530452,0.0,0.00331431079894635,0.9915584415584415
2021-12-13 21:00:00+00:00,0.1097734773477347,0.0,0.0033362598770851,0.9887445887445888
2021-12-13 21:15:00+00:00,0.11053292829282921,0.0,0.0033362598770851,0.9779220779220781
2021-12-13 21:30:00+00:00,0.1112923792379237,0.0,0.0033362598770851,0.9670995670995672
2021-12-13 21:45:00+00:00,0.11205183018301826,0.0,0.0033362598770851,0.9562770562770564
2021-12-13 22:00:00+00:00,0.1128112811281128,0.0,0.0033362598770851,0.9454545454545454
2021-12-13 22:15:00+00:00,0.1125581308130813,0.0,0.00331431079894635,0.9471861471861471
2021-12-13 22:30:00+00:00,0.1123049804980498,0.0,0.0032923617208076,0.9489177489177488
2021-12-13 22:45:00+00:00,0.1120518301830183,0.0,0.0032704126426689,0.9506493506493506
2021-12-13 23:00:00+00:00,0.1117986798679868,0.0,0.0032484635645302,0.9523809523809524
2021-12-13 23:15:00+00:00,0.11064543954395435,0.0,0.00333625987708505,0.9471861471861472
2021-12-13 23:30:00+00:00,0.1094921992199219,0.0,0.0034240561896399,0.941991341991342
2021-12-13 23:45:00+00:00,0.1083389588958895,0.0,0.0035118525021948,0.9367965367965368
2021-12-14 00:00:00+00:00,0.1071857185718571,0.0,0.0035996488147497,0.9316017316017317
2021-12-14 00:15:00+00:00,0.10618249324932486,0.0,0.00331431079894635,0.929004329004329
2021-12-14 00:30:00+00:00,0.1051792679267926,0.0,0.003028972783143,0.9264069264069263
2021-12-14 00:45:00+00:00,0.10417604260426035,0.0,0.0027436347673397,0.9238095238095237
2021-12-14 01:00:00+00:00,0.1031728172817281,0.0,0.0024582967515364,0.9212121212121211
2021-12-14 01:15:00+00:00,0.10196332133213315,0.0,0.00230465320456535,0.9214285714285714
2021-12-14 01:30:00+00:00,0.1007538253825382,0.0,0.0021510096575943,0.9216450216450216
2021-12-14 01:45:00+00:00,0.09954432943294325,0.0,0.0019973661106233,0.9218614718614718
2021-12-14 02:00:00+00:00,0.0983348334833483,0.0,0.0018437225636523,0.922077922077922
2021-12-14 02:15:00+00:00,0.09721909690969091,0.0,0.0018437225636523,0.922943722943723
2021-12-14 02:30:00+00:00,0.0961033603360335,0.0,0.0018437225636523,0.923809523809524
2021-12-14 02:45:00+00:00,0.09498762376237616,0.0,0.0018437225636523,0.9246753246753248
2021-12-14 03:00:00+00:00,0.0938718871887188,0.0,0.0018437225636523,0.9255411255411256
2021-12-14 03:15:00+00:00,0.09340309030903085,0.0,0.0018437225636523,0.9227272727272728
2021-12-14 03:30:00+00:00,0.0929342934293429,0.0,0.0018437225636523,0.91991341991342
2021-12-14 03:45:00+00:00,0.09246549654965494,0.0,0.0018437225636523,0.9170995670995672
2021-12-14 04:00:00+00:00,0.091996699669967,0.0,0.0018437225636523,0.9142857142857144
2021-12-14 04:15:00+00:00,0.0924279927992799,0.0,0.00195346795434585,0.9357142857142857
2021-12-14 04:30:00+00:00,0.0928592859285928,0.0,0.0020632133450394,0.9571428571428572
2021-12-14 04:45:00+00:00,0.09329057905790575,0.0,0.002172958735733,0.9785714285714286
2021-12-14 05:00:00+00:00,0.0937218721872187,0.0,0.0022827041264266,1.0
2021-12-14 05:15:00+00:00,0.09359060906090605,0.0,0.0023046532045653,1.0
2021-12-14 05:30:00+00:00,0.0934593459345934,0.0,0.002326602282704,1.0
2021-12-14 05:45:00+00:00,0.09332808280828075,0.0,0.0023485513608427497,1.0
2021-12-14 06:00:00+00:00,0.0931968196819681,0.0,0.0023705004389815,1.0
2021-12-14 06:15:00+00:00,0.0915372787278727,0.0,0.00485074626865665,1.0
2021-12-14 06:30:00+00:00,0.0898777377737773,0.0,0.0073309920983318,1.0
2021-12-14 06:45:00+00:00,0.0882181968196819,0.0,0.00981123792800695,1.0
2021-12-14 07:00:00+00:00,0.0865586558655865,0.0,0.0122914837576821,1.0
2021-12-14 07:15:00+00:00,0.0863711371137113,0.0,0.05109745390693585,1.0
2021-12-14 07:30:00+00:00,0.0861836183618361,0.0,0.0899034240561896,1.0
2021-12-14 07:45:00+00:00,0.08599609960996096,0.0,0.12870939420544336,1.0
2021-12-14 08:00:00+00:00,0.0858085808580858,0.0,0.1675153643546971,1.0
2021-12-14 08:15:00+00:00,0.08565856585658566,0.0,0.22414398595259,0.9829004329004329
2021-12-14 08:30:00+00:00,0.0855085508550855,0.0,0.2807726075504829,0.965800865800866
2021-12-14 08:45:00+00:00,0.08535853585358535,0.0,0.3374012291483758,0.9487012987012988
2021-12-14 09:00:00+00:00,0.0852085208520852,0.0,0.3940298507462687,0.9316017316017317
2021-12-14 09:15:00+00:00,0.08438343834383435,0.0,0.428972783143108,0.9270562770562771
2021-12-14 09:30:00+00:00,0.0835583558355835,0.0,0.4639157155399473,0.9225108225108226
2021-12-14 09:45:00+00:00,0.08273327332733271,0.0,0.4988586479367867,0.9179653679653681
2021-12-14 10:00:00+00:00,0.0819081908190819,0.0,0.533801580333626,0.9134199134199136
2021-12-14 10:15:00+00:00,0.08145814581458145,0.0,0.5463564530289728,0.9153679653679655
2021-12-14 10:30:00+00:00,0.081008100810081,0.0,0.5589113257243197,0.9173160173160174
2021-12-14 10:45:00+00:00,0.08055805580558055,0.0,0.5714661984196665,0.9192640692640692
2021-12-14 11:00:00+00:00,0.0801080108010801,0.0,0.5840210711150132,0.9212121212121211
2021-12-14 11:15:00+00:00,0.0815050255025502,0.0,0.5857111501316945,0.922077922077922
2021-12-14 11:30:00+00:00,0.0829020402040203,0.0,0.5874012291483758,0.922943722943723
2021-12-14 11:45:00+00:00,0.08429905490549044,0.0,0.5890913081650571,0.9238095238095239
2021-12-14 12:00:00+00:00,0.0856960696069606,0.0,0.5907813871817383,0.9246753246753248
2021-12-14 12:15:00+00:00,0.08581795679567945,0.0,0.5900351185250219,0.9272727272727274
2021-12-14 12:30:00+00:00,0.0859398439843983,0.0,0.5892888498683055,0.92987012987013
2021-12-14 12:45:00+00:00,0.0860617311731172,0.0,0.5885425812115892,0.9324675324675324
2021-12-14 13:00:00+00:00,0.0861836183618361,0.0,0.5877963125548727,0.935064935064935
2021-12-14 13:15:00+00:00,0.08609923492349225,0.0,0.5786874451273047,0.9333333333333333
2021-12-14 13:30:00+00:00,0.0860148514851484,0.0,0.5695785776997366,0.9316017316017317
2021-12-14 13:45:00+00:00,0.0859304680468046,0.0,0.5604697102721685,0.92987012987013
2021-12-14 14:00:00+00:00,0.0858460846084608,0.0,0.5513608428446005,0.9281385281385282
2021-12-14 14:15:00+00:00,0.08525540054005395,0.0,0.5071334503950834,0.9428571428571428
2021-12-14 14:30:00+00:00,0.0846647164716471,0.0,0.4629060579455663,0.9575757575757576
2021-12-14 14:45:00+00:00,0.08407403240324024,0.0,0.41867866549604915,0.9722943722943723
2021-12-14 15:00:00+00:00,0.0834833483348334,0.0,0.374451273046532,0.987012987012987
2021-12-14 15:15:00+00:00,0.084355310531053,0.0,0.3073309920983318,0.9902597402597402
2021-12-14 15:30:00+00:00,0.0852272727272726,0.0,0.2402107111501316,0.9935064935064934
2021-12-14 15:45:00+00:00,0.08609923492349225,0.0,0.17309043020193143,0.9967532467532467
2021-12-14 16:00:00+00:00,0.0869711971197119,0.0,0.1059701492537313,1.0
2021-12-14 16:15:00+00:00,0.0886307380738073,0.0,0.08195785776997361,1.0
2021-12-14 16:30:00+00:00,0.0902902790279027,0.0,0.0579455662862159,1.0
2021-12-14 16:45:00+00:00,0.09194981998199814,0.0,0.03393327480245825,1.0
2021-12-14 17:00:00+00:00,0.0936093609360936,0.0,0.0099209833187006,1.0
2021-12-14 17:15:00+00:00,0.0943219321932193,0.0,0.00820895522388055,1.0
2021-12-14 17:30:00+00:00,0.095034503450345,0.0,0.0064969271290605,1.0
2021-12-14 17:45:00+00:00,0.09574707470747071,0.0,0.0047848990342405,1.0
2021-12-14 18:00:00+00:00,0.0964596459645964,0.0,0.0030728709394205,1.0
2021-12-14 18:15:00+00:00,0.09826920192019195,0.0,0.0031167690956979,1.0
2021-12-14 18:30:00+00:00,0.1000787578757875,0.0,0.0031606672519753,1.0
2021-12-14 18:45:00+00:00,0.10188831383138311,0.0,0.0032045654082527497,1.0
2021-12-14 19:00:00+00:00,0.1036978697869787,0.0,0.0032484635645302,1.0
2021-12-14 19:15:00+00:00,0.10636063606360635,0.0,0.00296312554872685,1.0
2021-12-14 19:30:00+00:00,0.109023402340234,0.0,0.0026777875329235,1.0
2021-12-14 19:45:00+00:00,0.11168616861686165,0.0,0.0023924495171202,1.0
2021-12-14 20:00:00+00:00,0.1143489348934893,0.0,0.0021071115013169,1.0
2021-12-14 20:15:00+00:00,0.1154459195919591,0.0,0.0020851624231781503,0.9965367965367965
2021-12-14 20:30:00+00:00,0.1165429042904289,0.0,0.0020632133450394,0.993073593073593
2021-12-14 20:45:00+00:00,0.1176398889888988,0.0,0.0020412642669007004,0.9896103896103895
2021-12-14 21:00:00+00:00,0.1187368736873687,0.0,0.002019315188762,0.986147186147186
2021-12-14 21:15:00+00:00,0.11926192619261919,0.0,0.002019315188762,0.9753246753246751
2021-12-14 21:30:00+00:00,0.1197869786978697,0.0,0.002019315188762,0.9645021645021644
2021-12-14 21:45:00+00:00,0.12031203120312026,0.0,0.002019315188762,0.9536796536796537
2021-12-14 22:00:00+00:00,0.1208370837083708,0.0,0.002019315188762,0.9428571428571428
2021-12-14 22:15:00+00:00,0.12190594059405935,0.0,0.002019315188762,0.9493506493506493
2021-12-14 22:30:00+00:00,0.1229747974797479,0.0,0.002019315188762,0.9558441558441558
2021-12-14 22:45:00+00:00,0.1240436543654365,0.0,0.002019315188762,0.9623376623376623
2021-12-14 23:00:00+00:00,0.1251125112511251,0.0,0.002019315188762,0.9688311688311688
2021-12-14 23:15:00+00:00,0.12561881188118806,0.0,0.002019315188762,0.9651515151515151
2021-12-14 23:30:00+00:00,0.126125112511251,0.0,0.002019315188762,0.9614718614718614
2021-12-14 23:45:00+00:00,0.12663141314131404,0.0,0.002019315188762,0.9577922077922078
2021-12-15 00:00:00+00:00,0.1271377137713771,0.0,0.002019315188762,0.954112554112554
2021-12-15 00:15:00+00:00,0.12837533753375335,0.0,0.002019315188762,0.943073593073593
2021-12-15 00:30:00+00:00,0.1296129612961296,0.0,0.002019315188762,0.932034632034632
2021-12-15 00:45:00+00:00,0.13085058505850583,0.0,0.002019315188762,0.920995670995671
2021-12-15 01:00:00+00:00,0.1320882088208821,0.0,0.002019315188762,0.90995670995671
2021-12-15 01:15:00+00:00,0.13320394539453945,0.0,0.002019315188762,0.9086580086580087
2021-12-15 01:30:00+00:00,0.1343196819681968,0.0,0.002019315188762,0.9073593073593074
2021-12-15 01:45:00+00:00,0.13543541854185415,0.0,0.002019315188762,0.906060606060606
2021-12-15 02:00:00+00:00,0.1365511551155115,0.0,0.002019315188762,0.9047619047619048
2021-12-15 02:15:00+00:00,0.1374043654365436,0.0,0.0020412642669007004,0.903030303030303
2021-12-15 02:30:00+00:00,0.1382575757575757,0.0,0.0020632133450394,0.9012987012987012
2021-12-15 02:45:00+00:00,0.1391107860786078,0.0,0.0020851624231781503,0.8995670995670996
2021-12-15 03:00:00+00:00,0.1399639963996399,0.0,0.0021071115013169,0.8978354978354979
2021-12-15 03:15:00+00:00,0.14086408640864082,0.0,0.0021071115013169,0.9134199134199134
2021-12-15 03:30:00+00:00,0.1417641764176417,0.0,0.0021071115013169,0.9290043290043288
2021-12-15 03:45:00+00:00,0.1426642664266426,0.0,0.0021071115013169,0.9445887445887444
2021-12-15 04:00:00+00:00,0.1435643564356435,0.0,0.0021071115013169,0.96017316017316
2021-12-15 04:15:00+00:00,0.14493324332433233,0.0,0.0020851624231781503,0.9606060606060605
2021-12-15 04:30:00+00:00,0.1463021302130212,0.0,0.0020632133450394,0.961038961038961
2021-12-15 04:45:00+00:00,0.1476710171017101,0.0,0.0020412642669007004,0.9614718614718616
2021-12-15 05:00:00+00:00,0.149039903990399,0.0,0.002019315188762,0.961904761904762
2021-12-15 05:15:00+00:00,0.15039941494149411,0.0,0.002019315188762,0.9714285714285715
2021-12-15 05:30:00+00:00,0.1517589258925892,0.0,0.002019315188762,0.980952380952381
2021-12-15 05:45:00+00:00,0.1531184368436843,0.0,0.002019315188762,0.9904761904761905
2021-12-15 06:00:00+00:00,0.1544779477947794,0.0,0.002019315188762,1.0
2021-12-15 06:15:00+00:00,0.1580314281428142,0.0,0.0037752414398594504,1.0
2021-12-15 06:30:00+00:00,0.161584908490849,0.0,0.0055311676909569,1.0
2021-12-15 06:45:00+00:00,0.16513838883888385,0.0,0.007287093942054351,1.0
2021-12-15 07:00:00+00:00,0.1686918691869187,0.0,0.0090430201931518,1.0
2021-12-15 07:15:00+00:00,0.16874812481248125,0.0,0.04611501316944675,0.9971861471861472
2021-12-15 07:30:00+00:00,0.1688043804380438,0.0,0.0831870061457417,0.9943722943722944
2021-12-15 07:45:00+00:00,0.16886063606360635,0.0,0.12025899912203675,0.9915584415584415
2021-12-15 08:00:00+00:00,0.1689168916891689,0.0,0.1573309920983318,0.9887445887445888
2021-12-15 08:15:00+00:00,0.16572907290729066,0.0,0.2138498683055311,0.9887445887445888
2021-12-15 08:30:00+00:00,0.1625412541254124,0.0,0.2703687445127304,0.9887445887445888
2021-12-15 08:45:00+00:00,0.15935343534353424,0.0,0.3268876207199297,0.9887445887445888
2021-12-15 09:00:00+00:00,0.1561656165616561,0.0,0.3834064969271291,0.9887445887445888
2021-12-15 09:15:00+00:00,0.1540372787278727,0.0,0.4147497805092186,0.9833333333333334
2021-12-15 09:30:00+00:00,0.1519089408940893,0.0,0.4460930640913082,0.977922077922078
2021-12-15 09:45:00+00:00,0.14978060306030594,0.0,0.47743634767339777,0.9725108225108225
2021-12-15 10:00:00+00:00,0.1476522652265226,0.0,0.5087796312554873,0.9670995670995672
2021-12-15 10:15:00+00:00,0.14618961896189614,0.0,0.5225636523266024,0.9677489177489178
2021-12-15 10:30:00+00:00,0.1447269726972697,0.0,0.5363476733977174,0.9683982683982684
2021-12-15 10:45:00+00:00,0.14326432643264325,0.0,0.5501316944688324,0.9690476190476189
2021-12-15 11:00:00+00:00,0.1418016801680168,0.0,0.5639157155399473,0.9696969696969696
2021-12-15 11:15:00+00:00,0.1410797329732973,0.0,0.5674714661984197,0.9675324675324675
2021-12-15 11:30:00+00:00,0.1403577857785778,0.0,0.571027216856892,0.9653679653679652
2021-12-15 11:45:00+00:00,0.13963583858385836,0.0,0.5745829675153643,0.9632034632034632
2021-12-15 12:00:00+00:00,0.1389138913891389,0.0,0.5781387181738367,0.961038961038961
2021-12-15 12:15:00+00:00,0.13868886888688864,0.0,0.5789947322212466,0.9593073593073593
2021-12-15 12:30:00+00:00,0.1384638463846384,0.0,0.5798507462686566,0.9575757575757576
2021-12-15 12:45:00+00:00,0.1382388238823882,0.0,0.5807067603160667,0.9558441558441558
2021-12-15 13:00:00+00:00,0.138013801380138,0.0,0.5815627743634767,0.954112554112554
2021-12-15 13:15:00+00:00,0.13902640264026395,0.0,0.5766900790166813,0.9653679653679653
2021-12-15 13:30:00+00:00,0.1400390039003899,0.0,0.5718173836698859,0.9766233766233766
2021-12-15 13:45:00+00:00,0.14105160516051596,0.0,0.5669446883230904,0.9878787878787879
2021-12-15 14:00:00+00:00,0.142064206420642,0.0,0.562071992976295,0.9991341991341992
2021-12-15 14:15:00+00:00,0.14422067206720665,0.0,0.5203906935908691,0.9993506493506493
2021-12-15 14:30:00+00:00,0.1463771377137713,0.0,0.4787093942054433,0.9995670995670995
2021-12-15 14:45:00+00:00,0.14853360336033594,0.0,0.4370280948200175,0.9997835497835498
2021-12-15 15:00:00+00:00,0.1506900690069006,0.0,0.3953467954345917,1.0
2021-12-15 15:15:00+00:00,0.15640939093909378,0.0,0.3250658472344161,1.0
2021-12-15 15:30:00+00:00,0.162128712871287,0.0,0.2547848990342405,1.0
2021-12-15 15:45:00+00:00,0.16784803480348026,0.0,0.1845039508340649,1.0
2021-12-15 16:00:00+00:00,0.1735673567356735,0.0,0.1142230026338893,1.0
2021-12-15 16:15:00+00:00,0.1804399189918991,0.0,0.08821334503950826,1.0
2021-12-15 16:30:00+00:00,0.1873124812481247,0.0,0.0622036874451272,1.0
2021-12-15 16:45:00+00:00,0.19418504350435034,0.0,0.0361940298507462,1.0
2021-12-15 17:00:00+00:00,0.201057605760576,0.0,0.0101843722563652,1.0
2021-12-15 17:15:00+00:00,0.20412353735373528,0.0,0.00871378402107105,1.0
2021-12-15 17:30:00+00:00,0.2071894689468946,0.0,0.0072431957857769,1.0
2021-12-15 17:45:00+00:00,0.21025540054005395,0.0,0.0057726075504828,1.0
2021-12-15 18:00:00+00:00,0.2133213321332133,0.0,0.0043020193151887,1.0
2021-12-15 18:15:00+00:00,0.2149527452745274,0.0,0.00395083406496915,1.0
2021-12-15 18:30:00+00:00,0.2165841584158415,0.0,0.0035996488147496,1.0
2021-12-15 18:45:00+00:00,0.21821557155715565,0.0,0.00324846356453015,1.0
2021-12-15 19:00:00+00:00,0.2198469846984698,0.0,0.0028972783143107,1.0
2021-12-15 19:15:00+00:00,0.22224722472247221,0.0,0.00280948200175585,1.0
2021-12-15 19:30:00+00:00,0.2246474647464746,0.0,0.002721685689201,1.0
2021-12-15 19:45:00+00:00,0.227047704770477,0.0,0.00263388937664615,1.0
2021-12-15 20:00:00+00:00,0.2294479447944794,0.0,0.0025460930640913,1.0
2021-12-15 20:15:00+00:00,0.23045117011701166,0.0,0.0025460930640913,1.0
2021-12-15 20:30:00+00:00,0.2314543954395439,0.0,0.0025460930640913,1.0
2021-12-15 20:45:00+00:00,0.23245762076207616,0.0,0.0025460930640913,1.0
2021-12-15 21:00:00+00:00,0.2334608460846084,0.0,0.0025460930640913,1.0
2021-12-15 21:15:00+00:00,0.23482973297329723,0.0,0.00252414398595255,1.0
2021-12-15 21:30:00+00:00,0.2361986198619861,0.0,0.0025021949078138,1.0
2021-12-15 21:45:00+00:00,0.237567506750675,0.0,0.0024802458296751,1.0
2021-12-15 22:00:00+00:00,0.2389363936393639,0.0,0.0024582967515364,1.0
2021-12-15 22:15:00+00:00,0.23949894989498943,0.0,0.0022607550482879003,1.0
2021-12-15 22:30:00+00:00,0.240061506150615,0.0,0.0020632133450394,1.0
2021-12-15 22:45:00+00:00,0.2406240624062406,0.0,0.00186567164179095,1.0
2021-12-15 23:00:00+00:00,0.2411866186618662,0.0,0.0016681299385425,1.0
2021-12-15 23:15:00+00:00,0.24047404740474043,0.0,0.00149253731343275,1.0
2021-12-15 23:30:00+00:00,0.2397614761476147,0.0,0.001316944688323,1.0
2021-12-15 23:45:00+00:00,0.239048904890489,0.0,0.00114135206321325,1.0
2021-12-16 00:00:00+00:00,0.2383363336333633,0.0,0.0009657594381035,1.0
2021-12-16 00:15:00+00:00,0.23879575457545751,0.0,0.0009657594381035,1.0
2021-12-16 00:30:00+00:00,0.2392551755175517,0.0,0.0009657594381035,1.0
2021-12-16 00:45:00+00:00,0.23971459645964593,0.0,0.0009657594381035,1.0
2021-12-16 01:00:00+00:00,0.2401740174017402,0.0,0.0009657594381035,1.0
2021-12-16 01:15:00+00:00,0.24106473147314728,0.0,0.0009657594381035,0.9997835497835498
2021-12-16 01:30:00+00:00,0.2419554455445544,0.0,0.0009657594381035,0.9995670995670995
2021-12-16 01:45:00+00:00,0.24284615961596157,0.0,0.0009657594381035,0.9993506493506494
2021-12-16 02:00:00+00:00,0.2437368736873687,0.0,0.0009657594381035,0.9991341991341992
2021-12-16 02:15:00+00:00,0.24295867086708667,0.0,0.0009657594381035,0.9965367965367966
2021-12-16 02:30:00+00:00,0.2421804680468046,0.0,0.0009657594381035,0.993939393939394
2021-12-16 02:45:00+00:00,0.24140226522652258,0.0,0.0009657594381035,0.9913419913419914
2021-12-16 03:00:00+00:00,0.2406240624062406,0.0,0.0009657594381035,0.9887445887445888
2021-12-16 03:15:00+00:00,0.2391614161416141,0.0,0.0009877085162422,0.9915584415584415
2021-12-16 03:30:00+00:00,0.2376987698769876,0.0,0.0010096575943809,0.9943722943722944
2021-12-16 03:45:00+00:00,0.23623612361236115,0.0,0.00103160667251965,0.9971861471861472
2021-12-16 04:00:00+00:00,0.2347734773477347,0.0,0.0010535557506584,1.0
2021-12-16 04:15:00+00:00,0.23401402640264019,0.0,0.0010535557506584,1.0
2021-12-16 04:30:00+00:00,0.2332545754575457,0.0,0.0010535557506584,1.0
2021-12-16 04:45:00+00:00,0.2324951245124512,0.0,0.0010535557506584,1.0
2021-12-16 05:00:00+00:00,0.2317356735673567,0.0,0.0010535557506584,1.0
2021-12-16 05:15:00+00:00,0.22986986198619855,0.0,0.0010755048287971,1.0
2021-12-16 05:30:00+00:00,0.2280040504050404,0.0,0.0010974539069358,1.0
2021-12-16 05:45:00+00:00,0.2261382388238823,0.0,0.00111940298507455,1.0
2021-12-16 06:00:00+00:00,0.2242724272427242,0.0,0.0011413520632133,1.0
2021-12-16 06:15:00+00:00,0.2249662466246624,0.0,0.0010755048287971,1.0
2021-12-16 06:30:00+00:00,0.2256600660066006,0.0,0.0010096575943809,1.0
2021-12-16 06:45:00+00:00,0.2263538853885388,0.0,0.0009438103599647999,1.0
2021-12-16 07:00:00+00:00,0.227047704770477,0.0,0.0008779631255487,1.0
2021-12-16 07:15:00+00:00,0.22779777977797777,0.0,0.0008779631255487,1.0
2021-12-16 07:30:00+00:00,0.2285478547854785,0.0,0.0008779631255487,1.0
2021-12-16 07:45:00+00:00,0.22929792979297925,0.0,0.0008779631255487,1.0
2021-12-16 08:00:00+00:00,0.23004800480048,0.0,0.0008779631255487,1.0
2021-12-16 08:15:00+00:00,0.229307305730573,0.0,0.044688323090430145,1.0
2021-12-16 08:30:00+00:00,0.228566606660666,0.0,0.0884986830553116,1.0
2021-12-16 08:45:00+00:00,0.22782590759075905,0.0,0.1323090430201931,1.0
2021-12-16 09:00:00+00:00,0.2270852085208521,0.0,0.1761194029850746,1.0
2021-12-16 09:15:00+00:00,0.22650390039003898,0.0,0.2530070237050044,1.0
2021-12-16 09:30:00+00:00,0.2259225922592259,0.0,0.3298946444249341,1.0
2021-12-16 09:45:00+00:00,0.2253412841284128,0.0,0.40678226514486393,1.0
2021-12-16 10:00:00+00:00,0.2247599759975997,0.0,0.4836698858647937,1.0
2021-12-16 10:15:00+00:00,0.2220315781578157,0.0,0.49464442493415284,1.0
2021-12-16 10:30:00+00:00,0.2193031803180317,0.0,0.5056189640035119,1.0
2021-12-16 10:45:00+00:00,0.21657478247824774,0.0,0.516593503072871,1.0
2021-12-16 11:00:00+00:00,0.2138463846384638,0.0,0.5275680421422301,1.0
2021-12-16 11:15:00+00:00,0.21149302430243022,0.0,0.5284460052677789,1.0
2021-12-16 11:30:00+00:00,0.2091396639663966,0.0,0.5293239683933275,1.0
2021-12-16 11:45:00+00:00,0.206786303630363,0.0,0.5302019315188763,1.0
2021-12-16 12:00:00+00:00,0.2044329432943294,0.0,0.531079894644425,1.0
2021-12-16 12:15:00+00:00,0.20363598859885984,0.0,0.5248902546093064,1.0
2021-12-16 12:30:00+00:00,0.2028390339033903,0.0,0.5187006145741879,1.0
2021-12-16 12:45:00+00:00,0.20204207920792075,0.0,0.5125109745390694,1.0
2021-12-16 13:00:00+00:00,0.2012451245124512,0.0,0.5063213345039508,1.0
2021-12-16 13:15:00+00:00,0.2005044254425442,0.0,0.4973661106233538,1.0
2021-12-16 13:30:00+00:00,0.1997637263726372,0.0,0.4884108867427568,1.0
2021-12-16 13:45:00+00:00,0.19902302730273025,0.0,0.4794556628621598,1.0
2021-12-16 14:00:00+00:00,0.1982823282328233,0.0,0.4705004389815628,1.0
2021-12-16 14:15:00+00:00,0.1986198619861986,0.0,0.42923617208077264,1.0
2021-12-16 14:30:00+00:00,0.1989573957395739,0.0,0.3879719051799825,1.0
2021-12-16 14:45:00+00:00,0.19929492949294925,0.0,0.34670763827919227,1.0
2021-12-16 15:00:00+00:00,0.1996324632463246,0.0,0.3054433713784021,1.0
2021-12-16 15:15:00+00:00,0.2022389738973897,0.0,0.24699297629499561,1.0
2021-12-16 15:30:00+00:00,0.2048454845484548,0.0,0.1885425812115891,1.0
2021-12-16 15:45:00+00:00,0.2074519951995199,0.0,0.13009218612818257,1.0
2021-12-16 16:00:00+00:00,0.210058505850585,0.0,0.0716417910447761,1.0
2021-12-16 16:15:00+00:00,0.21287128712871278,0.0,0.055948200175592544,1.0
2021-12-16 16:30:00+00:00,0.2156840684068406,0.0,0.040254609306409,1.0
2021-12-16 16:45:00+00:00,0.21849684968496846,0.0,0.02456101843722555,1.0
2021-12-16 17:00:00+00:00,0.2213096309630963,0.0,0.0088674275680421,1.0
2021-12-16 17:15:00+00:00,0.2258663366336633,0.0,0.00836259877085155,1.0
2021-12-16 17:30:00+00:00,0.2304230423042303,0.0,0.007857769973661,1.0
2021-12-16 17:45:00+00:00,0.2349797479747974,0.0,0.0073529411764705,1.0
2021-12-16 18:00:00+00:00,0.2395364536453645,0.0,0.00684811237928,1.0
2021-12-16 18:15:00+00:00,0.24057718271827175,0.0,0.00680421422300255,1.0
2021-12-16 18:30:00+00:00,0.241617911791179,0.0,0.0067603160667251,1.0
2021-12-16 18:45:00+00:00,0.24265864086408634,0.0,0.0067164179104477004,1.0
2021-12-16 19:00:00+00:00,0.2436993699369937,0.0,0.0066725197541703,1.0
2021-12-16 19:15:00+00:00,0.24335246024602458,0.0,0.00559701492537305,1.0
2021-12-16 19:30:00+00:00,0.2430055505550555,0.0,0.0045215100965758,1.0
2021-12-16 19:45:00+00:00,0.2426586408640864,0.0,0.0034460052677786498,1.0
2021-12-16 20:00:00+00:00,0.2423117311731173,0.0,0.0023705004389815,1.0
2021-12-16 20:15:00+00:00,0.2433430843084308,0.0,0.0020193151887619998,1.0
2021-12-16 20:30:00+00:00,0.2443744374437443,0.0,0.0016681299385425,1.0
2021-12-16 20:45:00+00:00,0.24540579057905784,0.0,0.001316944688323,1.0
2021-12-16 21:00:00+00:00,0.2464371437143714,0.0,0.0009657594381035,1.0
2021-12-16 21:15:00+00:00,0.24625900090008995,0.0,0.0009657594381035,1.0
2021-12-16 21:30:00+00:00,0.2460808580858085,0.0,0.0009657594381035,1.0
2021-12-16 21:45:00+00:00,0.2459027152715271,0.0,0.0009657594381035,1.0
2021-12-16 22:00:00+00:00,0.2457245724572457,0.0,0.0009657594381035,1.0
2021-12-16 22:15:00+00:00,0.2423398589858985,0.0,0.0009657594381035,1.0
2021-12-16 22:30:00+00:00,0.2389551455145513,0.0,0.0009657594381035,1.0
2021-12-16 22:45:00+00:00,0.23557043204320421,0.0,0.0009657594381035,1.0
2021-12-16 23:00:00+00:00,0.2321857185718571,0.0,0.0009657594381035,1.0
2021-12-16 23:15:00+00:00,0.22964483948394832,0.0,0.0009657594381035,1.0
2021-12-16 23:30:00+00:00,0.2271039603960395,0.0,0.0009657594381035,1.0
2021-12-16 23:45:00+00:00,0.22456308130813074,0.0,0.0009657594381035,1.0
2021-12-17 00:00:00+00:00,0.222022202220222,0.0,0.0009657594381035,1.0
2021-12-17 00:15:00+00:00,0.21909690969096907,0.0,0.0009877085162422,1.0
2021-12-17 00:30:00+00:00,0.2161716171617161,0.0,0.0010096575943809,1.0
2021-12-17 00:45:00+00:00,0.21324632463246318,0.0,0.00103160667251965,1.0
2021-12-17 01:00:00+00:00,0.2103210321032103,0.0,0.0010535557506584,1.0
2021-12-17 01:15:00+00:00,0.2104335433543354,0.0,0.0010535557506584,0.9939393939393939
2021-12-17 01:30:00+00:00,0.2105460546054605,0.0,0.0010535557506584,0.9878787878787878
2021-12-17 01:45:00+00:00,0.2106585658565856,0.0,0.0010535557506584,0.9818181818181817
2021-12-17 02:00:00+00:00,0.2107710771077107,0.0,0.0010535557506584,0.9757575757575756
2021-12-17 02:15:00+00:00,0.20966471647164708,0.0,0.0010974539069358502,0.975108225108225
2021-12-17 02:30:00+00:00,0.2085583558355835,0.0,0.0011413520632133,0.9744588744588744
2021-12-17 02:45:00+00:00,0.2074519951995199,0.0,0.00118525021949075,0.9738095238095238
2021-12-17 03:00:00+00:00,0.2063456345634563,0.0,0.0012291483757682,0.9731601731601732
2021-12-17 03:15:00+00:00,0.2054924242424242,0.0,0.0012949956101843498,0.9725108225108225
2021-12-17 03:30:00+00:00,0.2046392139213921,0.0,0.0013608428446005,0.9718614718614718
2021-12-17 03:45:00+00:00,0.20378600360035998,0.0,0.00142669007901665,0.9712121212121211
2021-12-17 04:00:00+00:00,0.2029327932793279,0.0,0.0014925373134328,0.9705627705627704
2021-12-17 04:15:00+00:00,0.20205145514551448,0.0,0.0013827919227392001,0.9779220779220779
2021-12-17 04:30:00+00:00,0.2011701170117011,0.0,0.0012730465320456,0.9852813852813852
2021-12-17 04:45:00+00:00,0.20028877887788776,0.0,0.001163301141352,0.9926406926406927
2021-12-17 05:00:00+00:00,0.1994074407440744,0.0,0.0010535557506584,1.0
2021-12-17 05:15:00+00:00,0.20053255325532549,0.0,0.0010974539069358502,1.0
2021-12-17 05:30:00+00:00,0.2016576657665766,0.0,0.0011413520632133,1.0
2021-12-17 05:45:00+00:00,0.20278277827782776,0.0,0.00118525021949075,1.0
2021-12-17 06:00:00+00:00,0.2039078907890789,0.0,0.0012291483757682,1.0
2021-12-17 06:15:00+00:00,0.2025858835883588,0.0,0.0026777875329236003,1.0
2021-12-17 06:30:00+00:00,0.2012638763876387,0.0,0.004126426690079,1.0
2021-12-17 06:45:00+00:00,0.19994186918691864,0.0,0.0055750658472343995,1.0
2021-12-17 07:00:00+00:00,0.1986198619861986,0.0,0.0070237050043898,1.0
2021-12-17 07:15:00+00:00,0.19675405040504046,0.0,0.0380597014925373,1.0
2021-12-17 07:30:00+00:00,0.1948882388238823,0.0,0.0690956979806848,1.0
2021-12-17 07:45:00+00:00,0.1930224272427242,0.0,0.1001316944688323,1.0
2021-12-17 08:00:00+00:00,0.1911566156615661,0.0,0.1311676909569798,1.0
2021-12-17 08:15:00+00:00,0.1885969846984698,0.0,0.1828577699736611,1.0
2021-12-17 08:30:00+00:00,0.1860373537353735,0.0,0.2345478489903424,1.0
2021-12-17 08:45:00+00:00,0.1834777227722772,0.0,0.2862379280070237,1.0
2021-12-17 09:00:00+00:00,0.1809180918091809,0.0,0.337928007023705,1.0
2021-12-17 09:15:00+00:00,0.1796898439843984,0.0,0.3657155399473222,1.0
2021-12-17 09:30:00+00:00,0.1784615961596159,0.0,0.3935030728709394,1.0
2021-12-17 09:45:00+00:00,0.17723334833483345,0.0,0.42129060579455657,1.0
2021-12-17 10:00:00+00:00,0.176005100510051,0.0,0.4490781387181738,1.0
2021-12-17 10:15:00+00:00,0.17525502550255023,0.0,0.46016242317822653,1.0
2021-12-17 10:30:00+00:00,0.1745049504950495,0.0,0.4712467076382792,1.0
2021-12-17 10:45:00+00:00,0.17375487548754875,0.0,0.48233099209833186,1.0
2021-12-17 11:00:00+00:00,0.173004800480048,0.0,0.4934152765583846,1.0
2021-12-17 11:15:00+00:00,0.17150465046504648,0.0,0.4966637401229148,1.0
2021-12-17 11:30:00+00:00,0.170004500450045,0.0,0.4999122036874451,1.0
2021-12-17 11:45:00+00:00,0.1685043504350435,0.0,0.5031606672519754,1.0
2021-12-17 12:00:00+00:00,0.167004200420042,0.0,0.5064091308165057,1.0
2021-12-17 12:15:00+00:00,0.16509150915091506,0.0,0.5060359964881476,1.0
2021-12-17 12:30:00+00:00,0.1631788178817881,0.0,0.5056628621597893,1.0
2021-12-17 12:45:00+00:00,0.1612661266126612,0.0,0.505289727831431,1.0
2021-12-17 13:00:00+00:00,0.1593534353435343,0.0,0.5049165935030728,1.0
2021-12-17 13:15:00+00:00,0.1552467746774677,0.0,0.4944029850746268,1.0
2021-12-17 13:30:00+00:00,0.1511401140114011,0.0,0.4838893766461808,1.0
2021-12-17 13:45:00+00:00,0.1470334533453345,0.0,0.4733757682177348,1.0
2021-12-17 14:00:00+00:00,0.1429267926792679,0.0,0.4628621597892888,1.0
2021-12-17 14:15:00+00:00,0.1405734323432343,0.0,0.4207857769973661,1.0
2021-12-17 14:30:00+00:00,0.1382200720072007,0.0,0.3787093942054433,1.0
2021-12-17 14:45:00+00:00,0.1358667116711671,0.0,0.33663301141352053,1.0
2021-12-17 15:00:00+00:00,0.1335133513351335,0.0,0.2945566286215978,1.0
2021-12-17 15:15:00+00:00,0.13384150915091506,0.0,0.23953028972783136,1.0
2021-12-17 15:30:00+00:00,0.1341696669666966,0.0,0.1845039508340649,1.0
2021-12-17 15:45:00+00:00,0.1344978247824782,0.0,0.12947761194029844,1.0
2021-12-17 16:00:00+00:00,0.1348259825982598,0.0,0.074451273046532,1.0
2021-12-17 16:15:00+00:00,0.1358573357335733,0.0,0.05869183494293235,1.0
2021-12-17 16:30:00+00:00,0.1368886888688868,0.0,0.0429323968393327,1.0
2021-12-17 16:45:00+00:00,0.13792004200420035,0.0,0.027172958735733048,1.0
2021-12-17 17:00:00+00:00,0.1389513951395139,0.0,0.0114135206321334,1.0
2021-12-17 17:15:00+00:00,0.1401046354635463,0.0,0.0110623353819139,1.0
2021-12-17 17:30:00+00:00,0.1412578757875787,0.0,0.0107111501316944,1.0
2021-12-17 17:45:00+00:00,0.1424111161116111,0.0,0.0103599648814749,1.0
2021-12-17 18:00:00+00:00,0.1435643564356435,0.0,0.0100087796312554,1.0
2021-12-17 18:15:00+00:00,0.14588021302130205,0.0,0.01007462686567155,1.0
2021-12-17 18:30:00+00:00,0.1481960696069606,0.0,0.0101404741000877,1.0
2021-12-17 18:45:00+00:00,0.15051192619261922,0.0,0.010206321334503901,1.0
2021-12-17 19:00:00+00:00,0.1528277827782778,0.0,0.0102721685689201,1.0
2021-12-17 19:15:00+00:00,0.15446857185718568,0.0,0.009240561896400299,1.0
2021-12-17 19:30:00+00:00,0.1561093609360936,0.0,0.0082089552238805,1.0
2021-12-17 19:45:00+00:00,0.15775015001500148,0.0,0.00717734855136075,1.0
2021-12-17 20:00:00+00:00,0.1593909390939094,0.0,0.006145741878841,1.0
2021-12-17 20:15:00+00:00,0.1606660666066606,0.0,0.00546532045654075,1.0
2021-12-17 20:30:00+00:00,0.1619411941194118,0.0,0.0047848990342405,1.0
2021-12-17 20:45:00+00:00,0.1632163216321631,0.0,0.00410447761194025,1.0
2021-12-17 21:00:00+00:00,0.1644914491449144,0.0,0.00342405618964,1.0
2021-12-17 21:15:00+00:00,0.16505400540053994,0.0,0.00342405618964,1.0
2021-12-17 21:30:00+00:00,0.1656165616561655,0.0,0.00342405618964,1.0
2021-12-17 21:45:00+00:00,0.1661791179117911,0.0,0.00342405618964,1.0
2021-12-17 22:00:00+00:00,0.1667416741674167,0.0,0.00342405618964,1.0
2021-12-17 22:15:00+00:00,0.16593534353435338,0.0,0.0034021071115012498,0.9987012987012986
2021-12-17 22:30:00+00:00,0.1651290129012901,0.0,0.0033801580333625,0.9974025974025974
2021-12-17 22:45:00+00:00,0.1643226822682268,0.0,0.0033582089552238,0.9961038961038962
2021-12-17 23:00:00+00:00,0.1635163516351635,0.0,0.0033362598770851,0.9948051948051948
2021-12-17 23:15:00+00:00,0.1614630213021302,0.0,0.0033582089552238,0.9935064935064934
2021-12-17 23:30:00+00:00,0.1594096909690969,0.0,0.0033801580333625,0.9922077922077922
2021-12-17 23:45:00+00:00,0.15735636063606362,0.0,0.0034021071115012498,0.990909090909091
2021-12-18 00:00:00+00:00,0.1553030303030303,0.0,0.00342405618964,0.9896103896103896
2021-12-18 00:15:00+00:00,0.1528277827782778,0.0,0.00342405618964,0.983982683982684
2021-12-18 00:30:00+00:00,0.1503525352535253,0.0,0.00342405618964,0.9783549783549784
2021-12-18 00:45:00+00:00,0.14787728772877284,0.0,0.00342405618964,0.9727272727272729
2021-12-18 01:00:00+00:00,0.1454020402040204,0.0,0.00342405618964,0.9670995670995672
2021-12-18 01:15:00+00:00,0.14350810081008095,0.0,0.0032704126426689496,0.9573593073593074
2021-12-18 01:30:00+00:00,0.1416141614161415,0.0,0.0031167690956979,0.9476190476190476
2021-12-18 01:45:00+00:00,0.13972022202220216,0.0,0.0029631255487269,0.9378787878787879
2021-12-18 02:00:00+00:00,0.1378262826282628,0.0,0.0028094820017559,0.9281385281385282
2021-12-18 02:15:00+00:00,0.13531353135313523,0.0,0.0024582967515364,0.9253246753246753
2021-12-18 02:30:00+00:00,0.1328007800780077,0.0,0.0021071115013169,0.9225108225108224
2021-12-18 02:45:00+00:00,0.1302880288028802,0.0,0.0017559262510974,0.9196969696969697
2021-12-18 03:00:00+00:00,0.1277752775277527,0.0,0.0014047410008779,0.9168831168831169
2021-12-18 03:15:00+00:00,0.1274096159615961,0.0,0.0014047410008779,0.9030303030303031
2021-12-18 03:30:00+00:00,0.1270439543954395,0.0,0.0014047410008779,0.8891774891774892
2021-12-18 03:45:00+00:00,0.1266782928292829,0.0,0.0014047410008779,0.8753246753246754
2021-12-18 04:00:00+00:00,0.1263126312631263,0.0,0.0014047410008779,0.8614718614718615
2021-12-18 04:15:00+00:00,0.12659390939093906,0.0,0.0014047410008779,0.8634199134199134
2021-12-18 04:30:00+00:00,0.1268751875187518,0.0,0.0014047410008779,0.8653679653679653
2021-12-18 04:45:00+00:00,0.12715646564656458,0.0,0.0014047410008779,0.8673160173160173
2021-12-18 05:00:00+00:00,0.1274377437743774,0.0,0.0014047410008779,0.8692640692640693
2021-12-18 05:15:00+00:00,0.1266782928292829,0.0,0.0014047410008779,0.8926406926406927
2021-12-18 05:30:00+00:00,0.1259188418841884,0.0,0.0014047410008779,0.916017316017316
2021-12-18 05:45:00+00:00,0.1251593909390939,0.0,0.0014047410008779,0.9393939393939394
2021-12-18 06:00:00+00:00,0.1243999399939994,0.0,0.0014047410008779,0.9627705627705628
2021-12-18 06:15:00+00:00,0.12366861686168615,0.0,0.0022827041264265996,0.9662337662337662
2021-12-18 06:30:00+00:00,0.1229372937293729,0.0,0.0031606672519753,0.9696969696969696
2021-12-18 06:45:00+00:00,0.12220597059705965,0.0,0.00403863037752405,0.9731601731601731
2021-12-18 07:00:00+00:00,0.1214746474647464,0.0,0.0049165935030728,0.9766233766233766
2021-12-18 07:15:00+00:00,0.1209120912091208,0.0,0.025921861281826098,0.9807359307359307
2021-12-18 07:30:00+00:00,0.1203495349534952,0.0,0.0469271290605794,0.9848484848484848
2021-12-18 07:45:00+00:00,0.1197869786978697,0.0,0.06793239683933269,0.988961038961039
2021-12-18 08:00:00+00:00,0.1192244224422442,0.0,0.088937664618086,0.9930735930735932
2021-12-18 08:15:00+00:00,0.1177430243024302,0.0,0.12807287093942044,0.9948051948051949
2021-12-18 08:30:00+00:00,0.1162616261626162,0.0,0.1672080772607549,0.9965367965367966
2021-12-18 08:45:00+00:00,0.11478022802280224,0.0,0.20634328358208945,0.9982683982683983
2021-12-18 09:00:00+00:00,0.1132988298829883,0.0,0.245478489903424,1.0
2021-12-18 09:15:00+00:00,0.1122112211221122,0.0,0.2744951712028094,0.9937229437229436
2021-12-18 09:30:00+00:00,0.1111236123612361,0.0,0.3035118525021948,0.9874458874458872
2021-12-18 09:45:00+00:00,0.11003600360036,0.0,0.33252853380158026,0.981168831168831
2021-12-18 10:00:00+00:00,0.1089483948394839,0.0,0.3615452151009657,0.9748917748917748
2021-12-18 10:15:00+00:00,0.10930468046804676,0.0,0.3724100087796312,0.9751082251082249
2021-12-18 10:30:00+00:00,0.1096609660966096,0.0,0.3832748024582967,0.9753246753246751
2021-12-18 10:45:00+00:00,0.11001725172517245,0.0,0.3941395961369622,0.9755411255411254
2021-12-18 11:00:00+00:00,0.1103735373537353,0.0,0.4050043898156277,0.9757575757575756
2021-12-18 11:15:00+00:00,0.10938906390639055,0.0,0.4058604038630377,0.979004329004329
2021-12-18 11:30:00+00:00,0.1084045904590458,0.0,0.4067164179104477,0.9822510822510824
2021-12-18 11:45:00+00:00,0.1074201170117011,0.0,0.40757243195785775,0.9854978354978355
2021-12-18 12:00:00+00:00,0.1064356435643564,0.0,0.4084284460052678,0.9887445887445888
2021-12-18 12:15:00+00:00,0.1046729672967296,0.0,0.4023266022827041,0.9915584415584415
2021-12-18 12:30:00+00:00,0.1029102910291028,0.0,0.3962247585601404,0.9943722943722944
2021-12-18 12:45:00+00:00,0.10114761476147606,0.0,0.3901229148375768,0.9971861471861472
2021-12-18 13:00:00+00:00,0.0993849384938493,0.0,0.3840210711150131,1.0
2021-12-18 13:15:00+00:00,0.09895364536453635,0.0,0.372036874451273,0.9906926406926408
2021-12-18 13:30:00+00:00,0.0985223522352234,0.0,0.3600526777875329,0.9813852813852816
2021-12-18 13:45:00+00:00,0.09809105910591051,0.0,0.3480684811237928,0.9720779220779222
2021-12-18 14:00:00+00:00,0.0976597659765976,0.0,0.3360842844600527,0.9627705627705628
2021-12-18 14:15:00+00:00,0.09880363036303624,0.0,0.3056628621597892,0.9720779220779222
2021-12-18 14:30:00+00:00,0.0999474947494749,0.0,0.2752414398595258,0.9813852813852816
2021-12-18 14:45:00+00:00,0.10109135913591355,0.0,0.24482001755926247,0.9906926406926408
2021-12-18 15:00:00+00:00,0.1022352235223522,0.0,0.2143985952589991,1.0
2021-12-18 15:15:00+00:00,0.10404477947794775,0.0,0.17609745390693585,1.0
2021-12-18 15:30:00+00:00,0.1058543354335433,0.0,0.1377963125548726,1.0
2021-12-18 15:45:00+00:00,0.10766389138913884,0.0,0.0994951712028094,1.0
2021-12-18 16:00:00+00:00,0.1094734473447344,0.0,0.0611940298507462,1.0
2021-12-18 16:15:00+00:00,0.1125862586258625,0.0,0.047410008779631196,1.0
2021-12-18 16:30:00+00:00,0.1156990699069906,0.0,0.0336259877085162,1.0
2021-12-18 16:45:00+00:00,0.11881188118811875,0.0,0.0198419666374012,1.0
2021-12-18 17:00:00+00:00,0.1219246924692469,0.0,0.0060579455662862,1.0
2021-12-18 17:15:00+00:00,0.12782215721572154,0.0,0.00496049165935025,1.0
2021-12-18 17:30:00+00:00,0.1337196219621962,0.0,0.0038630377524143,1.0
2021-12-18 17:45:00+00:00,0.13961708670867085,0.0,0.0027655838454784,1.0
2021-12-18 18:00:00+00:00,0.1455145514551455,0.0,0.0016681299385425,1.0
2021-12-18 18:15:00+00:00,0.14990249024902486,0.0,0.0016022827041263501,1.0
2021-12-18 18:30:00+00:00,0.1542904290429042,0.0,0.0015364354697102,1.0
2021-12-18 18:45:00+00:00,0.15867836783678357,0.0,0.00147058823529405,1.0
2021-12-18 19:00:00+00:00,0.163066306630663,0.0,0.0014047410008779,1.0
2021-12-18 19:15:00+00:00,0.1662259975997599,0.0,0.0012291483757681,1.0
2021-12-18 19:30:00+00:00,0.1693856885688568,0.0,0.0010535557506583,1.0
2021-12-18 19:45:00+00:00,0.17254537953795374,0.0,0.0008779631255486,1.0
2021-12-18 20:00:00+00:00,0.1757050705070507,0.0,0.0007023705004389,1.0
2021-12-18 20:15:00+00:00,0.17805843084308431,0.0,0.0006804214223002,0.9917748917748919
2021-12-18 20:30:00+00:00,0.1804117911791179,0.0,0.0006584723441615,0.9835497835497836
2021-12-18 20:45:00+00:00,0.1827651515151515,0.0,0.0006365232660228,0.9753246753246754
2021-12-18 21:00:00+00:00,0.1851185118511851,0.0,0.0006145741878841,0.9670995670995672
2021-12-18 21:15:00+00:00,0.18689993999399934,0.0,0.0006145741878841,0.9623376623376625
2021-12-18 21:30:00+00:00,0.1886813681368136,0.0,0.0006145741878841,0.9575757575757576
2021-12-18 21:45:00+00:00,0.1904627962796279,0.0,0.0006145741878841,0.9528138528138528
2021-12-18 22:00:00+00:00,0.1922442244224422,0.0,0.0006145741878841,0.948051948051948
2021-12-18 22:15:00+00:00,0.19350060006000597,0.0,0.0006145741878841,0.9424242424242424
2021-12-18 22:30:00+00:00,0.1947569756975697,0.0,0.0006145741878841,0.9367965367965368
2021-12-18 22:45:00+00:00,0.19601335133513345,0.0,0.0006145741878841,0.9311688311688312
2021-12-18 23:00:00+00:00,0.1972697269726972,0.0,0.0006145741878841,0.9255411255411256
2021-12-18 23:15:00+00:00,0.1979354185418541,0.0,0.0006145741878841,0.9216450216450216
2021-12-18 23:30:00+00:00,0.198601110111011,0.0,0.0006145741878841,0.9177489177489178
2021-12-18 23:45:00+00:00,0.19926680168016797,0.0,0.0006145741878841,0.9138528138528139
2021-12-19 00:00:00+00:00,0.1999324932493249,0.0,0.0006145741878841,0.90995670995671
2021-12-19 00:15:00+00:00,0.2005231773177317,0.0,0.0006145741878841,0.9114718614718615
2021-12-19 00:30:00+00:00,0.2011138613861385,0.0,0.0006145741878841,0.912987012987013
2021-12-19 00:45:00+00:00,0.20170454545454536,0.0,0.0006145741878841,0.9145021645021645
2021-12-19 01:00:00+00:00,0.2022952295229522,0.0,0.0006145741878841,0.916017316017316
2021-12-19 01:15:00+00:00,0.20312031203120307,0.0,0.0006145741878841,0.898051948051948
2021-12-19 01:30:00+00:00,0.2039453945394539,0.0,0.0006145741878841,0.88008658008658
2021-12-19 01:45:00+00:00,0.20477047704770474,0.0,0.0006145741878841,0.8621212121212121
2021-12-19 02:00:00+00:00,0.2055955595559556,0.0,0.0006145741878841,0.8441558441558441
2021-12-19 02:15:00+00:00,0.20737698769876983,0.0,0.0006145741878841,0.8393939393939394
2021-12-19 02:30:00+00:00,0.2091584158415841,0.0,0.0006145741878841,0.8346320346320346
2021-12-19 02:45:00+00:00,0.21093984398439838,0.0,0.0006145741878841,0.8298701298701299
2021-12-19 03:00:00+00:00,0.2127212721272127,0.0,0.0006145741878841,0.8251082251082251
2021-12-19 03:15:00+00:00,0.21284315931593156,0.0,0.0006145741878841,0.8242424242424242
2021-12-19 03:30:00+00:00,0.2129650465046504,0.0,0.0006145741878841,0.8233766233766233
2021-12-19 03:45:00+00:00,0.21308693369336928,0.0,0.0006145741878841,0.8225108225108224
2021-12-19 04:00:00+00:00,0.2132088208820882,0.0,0.0006145741878841,0.8216450216450216
2021-12-19 04:15:00+00:00,0.21248687368736868,0.0,0.0006145741878841,0.8435064935064935
2021-12-19 04:30:00+00:00,0.2117649264926492,0.0,0.0006145741878841,0.8653679653679653
2021-12-19 04:45:00+00:00,0.21104297929792976,0.0,0.0006145741878841,0.8872294372294373
2021-12-19 05:00:00+00:00,0.2103210321032103,0.0,0.0006145741878841,0.9090909090909092
2021-12-19 05:15:00+00:00,0.20981473147314728,0.0,0.0006145741878841,0.9132034632034631
2021-12-19 05:30:00+00:00,0.2093084308430843,0.0,0.0006145741878841,0.9173160173160172
2021-12-19 05:45:00+00:00,0.2088021302130213,0.0,0.0006145741878841,0.9214285714285714
2021-12-19 06:00:00+00:00,0.2082958295829583,0.0,0.0006145741878841,0.9255411255411256
2021-12-19 06:15:00+00:00,0.20837083708370835,0.0,0.00166812993854255,0.9357142857142857
2021-12-19 06:30:00+00:00,0.2084458445844584,0.0,0.002721685689201,0.945887445887446
2021-12-19 06:45:00+00:00,0.20852085208520849,0.0,0.00377524143985945,0.956060606060606
2021-12-19 07:00:00+00:00,0.2085958595859586,0.0,0.0048287971905179,0.9662337662337662
2021-12-19 07:15:00+00:00,0.2086802430243024,0.0,0.0312554872695346,0.9655844155844155
2021-12-19 07:30:00+00:00,0.2087646264626462,0.0,0.0576821773485513,0.964935064935065
2021-12-19 07:45:00+00:00,0.20884900990099003,0.0,0.084108867427568,0.9642857142857143
2021-12-19 08:00:00+00:00,0.2089333933393339,0.0,0.1105355575065847,0.9636363636363636
2021-12-19 08:15:00+00:00,0.20782703270327024,0.0,0.15904302019315186,0.9642857142857143
2021-12-19 08:30:00+00:00,0.2067206720672066,0.0,0.207550482879719,0.964935064935065
2021-12-19 08:45:00+00:00,0.20561431143114306,0.0,0.2560579455662862,0.9655844155844155
2021-12-19 09:00:00+00:00,0.2045079507950795,0.0,0.3045654082528534,0.9662337662337662
2021-12-19 09:15:00+00:00,0.202501500150015,0.0,0.3338454784899034,0.9746753246753247
2021-12-19 09:30:00+00:00,0.2004950495049505,0.0,0.3631255487269534,0.9831168831168832
2021-12-19 09:45:00+00:00,0.198488598859886,0.0,0.39240561896400344,0.9915584415584415
2021-12-19 10:00:00+00:00,0.1964821482148215,0.0,0.4216856892010535,1.0
2021-12-19 10:15:00+00:00,0.1938662616261626,0.0,0.43230904302019313,1.0
2021-12-19 10:30:00+00:00,0.1912503750375037,0.0,0.4429323968393327,1.0
2021-12-19 10:45:00+00:00,0.18863448844884484,0.0,0.4535557506584723,1.0
2021-12-19 11:00:00+00:00,0.186018601860186,0.0,0.4641791044776119,1.0
2021-12-19 11:15:00+00:00,0.18389963996399636,0.0,0.4670763827919227,0.9939393939393939
2021-12-19 11:30:00+00:00,0.1817806780678067,0.0,0.4699736611062335,0.9878787878787878
2021-12-19 11:45:00+00:00,0.1796617161716171,0.0,0.4728709394205443,0.9818181818181817
2021-12-19 12:00:00+00:00,0.1775427542754275,0.0,0.4757682177348551,0.9757575757575756
2021-12-19 12:15:00+00:00,0.1753300330033003,0.0,0.471180860403863,0.9792207792207791
2021-12-19 12:30:00+00:00,0.1731173117311731,0.0,0.4665935030728709,0.9826839826839826
2021-12-19 12:45:00+00:00,0.17090459045904588,0.0,0.4620061457418788,0.9861471861471861
2021-12-19 13:00:00+00:00,0.1686918691869187,0.0,0.4574187884108867,0.9896103896103896
2021-12-19 13:15:00+00:00,0.16647914791479146,0.0,0.4478928884986829,0.9833333333333333
2021-12-19 13:30:00+00:00,0.1642664266426642,0.0,0.4383669885864792,0.977056277056277
2021-12-19 13:45:00+00:00,0.16205370537053698,0.0,0.42884108867427556,0.9707792207792207
2021-12-19 14:00:00+00:00,0.1598409840984098,0.0,0.4193151887620719,0.9645021645021644
2021-12-19 14:15:00+00:00,0.158547104710471,0.0,0.3893766461808603,0.9649350649350648
2021-12-19 14:30:00+00:00,0.1572532253225322,0.0,0.3594381035996487,0.9653679653679652
2021-12-19 14:45:00+00:00,0.1559593459345934,0.0,0.32949956101843714,0.9658008658008657
2021-12-19 15:00:00+00:00,0.1546654665466546,0.0,0.2995610184372256,0.9662337662337662
2021-12-19 15:15:00+00:00,0.15474047404740465,0.0,0.24528094820017554,0.9746753246753247
2021-12-19 15:30:00+00:00,0.1548154815481547,0.0,0.1910008779631255,0.9831168831168832
2021-12-19 15:45:00+00:00,0.1548904890489048,0.0,0.13672080772607545,0.9915584415584415
2021-12-19 16:00:00+00:00,0.1549654965496549,0.0,0.0824407374890254,1.0
2021-12-19 16:15:00+00:00,0.15730948094809477,0.0,0.06273046532045645,1.0
2021-12-19 16:30:00+00:00,0.1596534653465346,0.0,0.0430201931518875,1.0
2021-12-19 16:45:00+00:00,0.16199744974497443,0.0,0.0233099209833186,1.0
2021-12-19 17:00:00+00:00,0.1643414341434143,0.0,0.0035996488147497,1.0
2021-12-19 17:15:00+00:00,0.16871062106210616,0.0,0.0032265144863914998,1.0
2021-12-19 17:30:00+00:00,0.173079807980798,0.0,0.0028533801580333,1.0
2021-12-19 17:45:00+00:00,0.1774489948994899,0.0,0.0024802458296751,1.0
2021-12-19 18:00:00+00:00,0.1818181818181818,0.0,0.0021071115013169,1.0
2021-12-19 18:15:00+00:00,0.1835433543354335,0.0,0.0019095697980683998,1.0
2021-12-19 18:30:00+00:00,0.1852685268526852,0.0,0.0017120280948199,1.0
2021-12-19 18:45:00+00:00,0.18699369936993693,0.0,0.00151448639157145,1.0
2021-12-19 19:00:00+00:00,0.1887188718871887,0.0,0.001316944688323,1.0
2021-12-19 19:15:00+00:00,0.19119411941194114,0.0,0.00114135206321325,1.0
2021-12-19 19:30:00+00:00,0.1936693669366936,0.0,0.0009657594381035,1.0
2021-12-19 19:45:00+00:00,0.1961446144614461,0.0,0.0007901668129938,1.0
2021-12-19 20:00:00+00:00,0.1986198619861986,0.0,0.0006145741878841,1.0
2021-12-19 20:15:00+00:00,0.19924804980498045,0.0,0.0006145741878841,0.9997835497835498
2021-12-19 20:30:00+00:00,0.1998762376237623,0.0,0.0006145741878841,0.9995670995670995
2021-12-19 20:45:00+00:00,0.2005044254425442,0.0,0.0006145741878841,0.9993506493506494
2021-12-19 21:00:00+00:00,0.2011326132613261,0.0,0.0006145741878841,0.9991341991341992
2021-12-19 21:15:00+00:00,0.20098259825982595,0.0,0.0006145741878841,0.9813852813852815
2021-12-19 21:30:00+00:00,0.2008325832583258,0.0,0.0006145741878841,0.9636363636363636
2021-12-19 21:45:00+00:00,0.20068256825682565,0.0,0.0006145741878841,0.9458874458874459
2021-12-19 22:00:00+00:00,0.2005325532553255,0.0,0.0006145741878841,0.9281385281385282
2021-12-19 22:15:00+00:00,0.19887301230123006,0.0,0.0006145741878841,0.9287878787878789
2021-12-19 22:30:00+00:00,0.1972134713471346,0.0,0.0006145741878841,0.9294372294372296
2021-12-19 22:45:00+00:00,0.1955539303930392,0.0,0.0006145741878841,0.9300865800865802
2021-12-19 23:00:00+00:00,0.1938943894389438,0.0,0.0006145741878841,0.9307359307359307
2021-12-19 23:15:00+00:00,0.19371624662466236,0.0,0.0006145741878841,0.9225108225108225
2021-12-19 23:30:00+00:00,0.1935381038103809,0.0,0.0006145741878841,0.9142857142857144
2021-12-19 23:45:00+00:00,0.19335996099609948,0.0,0.0006145741878841,0.9060606060606061
2021-12-20 00:00:00+00:00,0.1931818181818181,0.0,0.0006145741878841,0.8978354978354979
2021-12-20 00:15:00+00:00,0.1940350285028502,0.0,0.0006365232660228,0.9010822510822512
2021-12-20 00:30:00+00:00,0.1948882388238823,0.0,0.0006584723441615,0.9043290043290044
2021-12-20 00:45:00+00:00,0.19574144914491443,0.0,0.0006804214223002,0.9075757575757576
2021-12-20 01:00:00+00:00,0.1965946594659466,0.0,0.0007023705004389,0.9108225108225108
2021-12-20 01:15:00+00:00,0.1955726822682268,0.0,0.0006804214223002,0.8835497835497835
2021-12-20 01:30:00+00:00,0.194550705070507,0.0,0.0006584723441615,0.8562770562770563
2021-12-20 01:45:00+00:00,0.19352872787278724,0.0,0.0006365232660228,0.829004329004329
2021-12-20 02:00:00+00:00,0.1925067506750675,0.0,0.0006145741878841,0.8017316017316017
2021-12-20 02:15:00+00:00,0.19184105910591054,0.0,0.0006365232660228,0.8
2021-12-20 02:30:00+00:00,0.1911753675367536,0.0,0.0006584723441615,0.7982683982683982
2021-12-20 02:45:00+00:00,0.19050967596759671,0.0,0.0006804214223002,0.7965367965367965
2021-12-20 03:00:00+00:00,0.1898439843984398,0.0,0.0007023705004389,0.7948051948051948
2021-12-20 03:15:00+00:00,0.18780003000300025,0.0,0.0007023705004389,0.7997835497835498
2021-12-20 03:30:00+00:00,0.1857560756075607,0.0,0.0007023705004389,0.8047619047619048
2021-12-20 03:45:00+00:00,0.18371212121212116,0.0,0.0007023705004389,0.8097402597402598
2021-12-20 04:00:00+00:00,0.1816681668166816,0.0,0.0007023705004389,0.8147186147186147
2021-12-20 04:15:00+00:00,0.181574407440744,0.0,0.0006804214223002,0.8255411255411256
2021-12-20 04:30:00+00:00,0.1814806480648064,0.0,0.0006584723441615,0.8363636363636364
2021-12-20 04:45:00+00:00,0.18138688868886885,0.0,0.0006365232660228,0.8471861471861473
2021-12-20 05:00:00+00:00,0.1812931293129313,0.0,0.0006145741878841,0.858008658008658
2021-12-20 05:15:00+00:00,0.1818931893189319,0.0,0.0006145741878841,0.88008658008658
2021-12-20 05:30:00+00:00,0.1824932493249325,0.0,0.0006145741878841,0.9021645021645022
2021-12-20 05:45:00+00:00,0.1830933093309331,0.0,0.0006145741878841,0.9242424242424243
2021-12-20 06:00:00+00:00,0.1836933693369337,0.0,0.0006145741878841,0.9463203463203465
2021-12-20 06:15:00+00:00,0.18476222622262226,0.0,0.0016461808604038499,0.9525974025974027
2021-12-20 06:30:00+00:00,0.1858310831083108,0.0,0.0026777875329236,0.9588744588744588
2021-12-20 06:45:00+00:00,0.18689993999399934,0.0,0.0037093942054433502,0.9651515151515151
2021-12-20 07:00:00+00:00,0.1879687968796879,0.0,0.0047410008779631,0.9714285714285714
2021-12-20 07:15:00+00:00,0.1893564356435643,0.0,0.0226075504828797,0.9785714285714286
2021-12-20 07:30:00+00:00,0.1907440744074407,0.0,0.0404741000877963,0.9857142857142858
2021-12-20 07:45:00+00:00,0.1921317131713171,0.0,0.058340649692712895,0.9928571428571429
2021-12-20 08:00:00+00:00,0.1935193519351935,0.0,0.0762071992976295,1.0
2021-12-20 08:15:00+00:00,0.19311618661866187,0.0,0.10792361720807725,1.0
2021-12-20 08:30:00+00:00,0.1927130213021302,0.0,0.139640035118525,1.0
2021-12-20 08:45:00+00:00,0.19230985598559855,0.0,0.17135645302897273,1.0
2021-12-20 09:00:00+00:00,0.1919066906690669,0.0,0.2030728709394205,1.0
2021-12-20 09:15:00+00:00,0.19022839783978396,0.0,0.21826163301141344,1.0
2021-12-20 09:30:00+00:00,0.188550105010501,0.0,0.2334503950834064,1.0
2021-12-20 09:45:00+00:00,0.18687181218121812,0.0,0.2486391571553994,1.0
2021-12-20 10:00:00+00:00,0.1851935193519352,0.0,0.2638279192273924,1.0
2021-12-20 10:15:00+00:00,0.182746399639964,0.0,0.2755487269534679,1.0
2021-12-20 10:30:00+00:00,0.1802992799279928,0.0,0.2872695346795434,1.0
2021-12-20 10:45:00+00:00,0.1778521602160216,0.0,0.29899034240561895,1.0
2021-12-20 11:00:00+00:00,0.1754050405040504,0.0,0.3107111501316945,1.0
2021-12-20 11:15:00+00:00,0.1726016351635163,0.0,0.3104697102721685,1.0
2021-12-20 11:30:00+00:00,0.1697982298229822,0.0,0.3102282704126426,1.0
2021-12-20 11:45:00+00:00,0.16699482448244815,0.0,0.3099868305531167,1.0
2021-12-20 12:00:00+00:00,0.1641914191419141,0.0,0.3097453906935908,1.0
2021-12-20 12:15:00+00:00,0.16392889288928886,0.0,0.3027436347673397,1.0
2021-12-20 12:30:00+00:00,0.1636663666366636,0.0,0.2957418788410886,1.0
2021-12-20 12:45:00+00:00,0.16340384038403835,0.0,0.2887401229148375,1.0
2021-12-20 13:00:00+00:00,0.1631413141314131,0.0,0.2817383669885864,1.0
2021-12-20 13:15:00+00:00,0.16183805880588054,0.0,0.26477172958735723,1.0
2021-12-20 13:30:00+00:00,0.160534803480348,0.0,0.2478050921861281,1.0
2021-12-20 13:45:00+00:00,0.15923154815481544,0.0,0.230838454784899,1.0
2021-12-20 14:00:00+00:00,0.1579282928292829,0.0,0.2138718173836699,1.0
2021-12-20 14:15:00+00:00,0.15724384938493846,0.0,0.1886742756804214,1.0
2021-12-20 14:30:00+00:00,0.156559405940594,0.0,0.1634767339771729,1.0
2021-12-20 14:45:00+00:00,0.1558749624962496,0.0,0.13827919227392446,1.0
2021-12-20 15:00:00+00:00,0.1551905190519052,0.0,0.113081650570676,1.0
2021-12-20 15:15:00+00:00,0.1567094209420942,0.0,0.08948639157155394,1.0
2021-12-20 15:30:00+00:00,0.1582283228322832,0.0,0.0658911325724319,1.0
2021-12-20 15:45:00+00:00,0.15974722472247221,0.0,0.04229587357330985,1.0
2021-12-20 16:00:00+00:00,0.1612661266126612,0.0,0.0187006145741878,1.0
2021-12-20 16:15:00+00:00,0.16580408040804076,0.0,0.014266900790166698,1.0
2021-12-20 16:30:00+00:00,0.1703420342034203,0.0,0.0098331870061456,1.0
2021-12-20 16:45:00+00:00,0.17487998799879984,0.0,0.00539947322212455,1.0
2021-12-20 17:00:00+00:00,0.1794179417941794,0.0,0.0009657594381035,1.0
2021-12-20 17:15:00+00:00,0.18561543654365434,0.0,0.0009657594381035,1.0
2021-12-20 17:30:00+00:00,0.1918129312931293,0.0,0.0009657594381035,1.0
2021-12-20 17:45:00+00:00,0.19801042604260424,0.0,0.0009657594381035,1.0
2021-12-20 18:00:00+00:00,0.2042079207920792,0.0,0.0009657594381035,1.0
2021-12-20 18:15:00+00:00,0.20917716771677164,0.0,0.0009657594381035,1.0
2021-12-20 18:30:00+00:00,0.2141464146414641,0.0,0.0009657594381035,1.0
2021-12-20 18:45:00+00:00,0.21911566156615656,0.0,0.0009657594381035,1.0
2021-12-20 19:00:00+00:00,0.224084908490849,0.0,0.0009657594381035,1.0
2021-12-20 19:15:00+00:00,0.22552880288028795,0.0,0.0009657594381035,1.0
2021-12-20 19:30:00+00:00,0.2269726972697269,0.0,0.0009657594381035,1.0
2021-12-20 19:45:00+00:00,0.22841659165916584,0.0,0.0009657594381035,1.0
2021-12-20 20:00:00+00:00,0.2298604860486048,0.0,0.0009657594381035,1.0
2021-12-20 20:15:00+00:00,0.23294516951695166,0.0,0.0009657594381035,1.0
2021-12-20 20:30:00+00:00,0.2360298529852985,0.0,0.0009657594381035,1.0
2021-12-20 20:45:00+00:00,0.23911453645364533,0.0,0.0009657594381035,1.0
2021-12-20 21:00:00+00:00,0.2421992199219922,0.0,0.0009657594381035,1.0
2021-12-20 21:15:00+00:00,0.2418054305430543,0.0,0.0009657594381035,0.9954545454545455
2021-12-20 21:30:00+00:00,0.2414116411641164,0.0,0.0009657594381035,0.990909090909091
2021-12-20 21:45:00+00:00,0.24101785178517848,0.0,0.0009657594381035,0.9863636363636363
2021-12-20 22:00:00+00:00,0.2406240624062406,0.0,0.0009657594381035,0.9818181818181818
2021-12-20 22:15:00+00:00,0.24489948994899485,0.0,0.0009657594381035,0.9504329004329005
2021-12-20 22:30:00+00:00,0.2491749174917491,0.0,0.0009657594381035,0.9190476190476192
2021-12-20 22:45:00+00:00,0.2534503450345034,0.0,0.0009657594381035,0.8876623376623378
2021-12-20 23:00:00+00:00,0.2577257725772577,0.0,0.0009657594381035,0.8562770562770563
2021-12-20 23:15:00+00:00,0.25871024602460246,0.0,0.0009657594381035,0.8517316017316018
2021-12-20 23:30:00+00:00,0.2596947194719472,0.0,0.0009657594381035,0.8471861471861473
2021-12-20 23:45:00+00:00,0.260679192919292,0.0,0.0009657594381035,0.8426406926406926
2021-12-21 00:00:00+00:00,0.2616636663666367,0.0,0.0009657594381035,0.8380952380952381
2021-12-21 00:15:00+00:00,0.2612792529252925,0.0,0.0009877085162422,0.8378787878787879
2021-12-21 00:30:00+00:00,0.2608948394839484,0.0,0.0010096575943809,0.8376623376623377
2021-12-21 00:45:00+00:00,0.26051042604260427,0.0,0.00103160667251965,0.8374458874458874
2021-12-21 01:00:00+00:00,0.2601260126012601,0.0,0.0010535557506584,0.8372294372294372
2021-12-21 01:15:00+00:00,0.25562556255625557,0.0,0.0010535557506584,0.8354978354978355
2021-12-21 01:30:00+00:00,0.2511251125112511,0.0,0.0010535557506584,0.8337662337662337
2021-12-21 01:45:00+00:00,0.2466246624662466,0.0,0.0010535557506584,0.832034632034632
2021-12-21 02:00:00+00:00,0.2421242124212421,0.0,0.0010535557506584,0.8303030303030303
2021-12-21 02:15:00+00:00,0.2398552355235523,0.0,0.0010535557506584,0.8435064935064935
2021-12-21 02:30:00+00:00,0.2375862586258625,0.0,0.0010535557506584,0.8567099567099568
2021-12-21 02:45:00+00:00,0.23531728172817273,0.0,0.0010535557506584,0.86991341991342
2021-12-21 03:00:00+00:00,0.233048304830483,0.0,0.0010535557506584,0.8831168831168831
2021-12-21 03:15:00+00:00,0.2332264476447644,0.0,0.00103160667251965,0.8731601731601731
2021-12-21 03:30:00+00:00,0.2334045904590458,0.0,0.0010096575943809,0.8632034632034632
2021-12-21 03:45:00+00:00,0.23358273327332724,0.0,0.0009877085162422,0.8532467532467533
2021-12-21 04:00:00+00:00,0.2337608760876087,0.0,0.0009657594381035,0.8432900432900433
2021-12-21 04:15:00+00:00,0.23051680168016797,0.0,0.0009657594381035,0.8493506493506493
2021-12-21 04:30:00+00:00,0.2272727272727272,0.0,0.0009657594381035,0.8554112554112554
2021-12-21 04:45:00+00:00,0.2240286528652865,0.0,0.0009657594381035,0.8614718614718615
2021-12-21 05:00:00+00:00,0.2207845784578458,0.0,0.0009657594381035,0.8675324675324675
2021-12-21 05:15:00+00:00,0.2180561806180618,0.0,0.0009657594381035,0.8798701298701299
2021-12-21 05:30:00+00:00,0.2153277827782778,0.0,0.0009657594381035,0.8922077922077922
2021-12-21 05:45:00+00:00,0.21259938493849379,0.0,0.0009657594381035,0.9045454545454545
2021-12-21 06:00:00+00:00,0.2098709870987098,0.0,0.0009657594381035,0.9168831168831169
2021-12-21 06:15:00+00:00,0.20718009300930085,0.0,0.0022388059701491498,0.9333333333333333
2021-12-21 06:30:00+00:00,0.2044891989198919,0.0,0.0035118525021948,0.9497835497835498
2021-12-21 06:45:00+00:00,0.201798304830483,0.0,0.0047848990342405,0.9662337662337663
2021-12-21 07:00:00+00:00,0.1991074107410741,0.0,0.0060579455662862,0.9826839826839828
2021-12-21 07:15:00+00:00,0.19785103510351032,0.0,0.01617647058823525,0.9870129870129871
2021-12-21 07:30:00+00:00,0.1965946594659465,0.0,0.0262949956101843,0.9913419913419914
2021-12-21 07:45:00+00:00,0.19533828382838275,0.0,0.0364135206321334,0.9956709956709957
2021-12-21 08:00:00+00:00,0.194081908190819,0.0,0.0465320456540825,1.0
2021-12-21 08:15:00+00:00,0.19637901290129006,0.0,0.0703687445127304,0.9993506493506493
2021-12-21 08:30:00+00:00,0.1986761176117611,0.0,0.0942054433713783,0.9987012987012986
2021-12-21 08:45:00+00:00,0.20097322232223214,0.0,0.11804214223002626,0.9980519480519481
2021-12-21 09:00:00+00:00,0.2032703270327032,0.0,0.1418788410886742,0.9974025974025974
2021-12-21 09:15:00+00:00,0.2023233573357335,0.0,0.16332309043020185,0.9976190476190476
2021-12-21 09:30:00+00:00,0.2013763876387638,0.0,0.1847673397717295,0.997835497835498
2021-12-21 09:45:00+00:00,0.20042941794179409,0.0,0.2062115891132572,0.9980519480519482
2021-12-21 10:00:00+00:00,0.1994824482448244,0.0,0.2276558384547849,0.9982683982683984
2021-12-21 10:15:00+00:00,0.19867611761176104,0.0,0.2401229148375768,0.9753246753246754
2021-12-21 10:30:00+00:00,0.1978697869786977,0.0,0.2525899912203687,0.9523809523809524
2021-12-21 10:45:00+00:00,0.19706345634563444,0.0,0.2650570676031606,0.9294372294372294
2021-12-21 11:00:00+00:00,0.1962571257125712,0.0,0.2775241439859526,0.9064935064935064
2021-12-21 11:15:00+00:00,0.1967352985298529,0.0,0.2834942932396839,0.9058441558441558
2021-12-21 11:30:00+00:00,0.1972134713471346,0.0,0.2894644424934152,0.9051948051948052
2021-12-21 11:45:00+00:00,0.19769164416441637,0.0,0.29543459174714654,0.9045454545454545
2021-12-21 12:00:00+00:00,0.1981698169816981,0.0,0.3014047410008779,0.903896103896104
2021-12-21 12:15:00+00:00,0.19950120012001193,0.0,0.2972124670763827,0.8991341991341992
2021-12-21 12:30:00+00:00,0.2008325832583258,0.0,0.2930201931518875,0.8943722943722945
2021-12-21 12:45:00+00:00,0.20216396639663964,0.0,0.28882791922739237,0.8896103896103897
2021-12-21 13:00:00+00:00,0.2034953495349535,0.0,0.2846356453028972,0.8848484848484849
2021-12-21 13:15:00+00:00,0.20144201920192015,0.0,0.2743195785776996,0.8857142857142857
2021-12-21 13:30:00+00:00,0.1993886888688868,0.0,0.2640035118525021,0.8865800865800866
2021-12-21 13:45:00+00:00,0.1973353585358535,0.0,0.25368744512730457,0.8874458874458875
2021-12-21 14:00:00+00:00,0.1952820282028202,0.0,0.2433713784021071,0.8883116883116883
2021-12-21 14:15:00+00:00,0.1897877287728772,0.0,0.2125768217734855,0.8963203463203464
2021-12-21 14:30:00+00:00,0.1842934293429342,0.0,0.1817822651448639,0.9043290043290044
2021-12-21 14:45:00+00:00,0.17879912991299124,0.0,0.1509877085162423,0.9123376623376624
2021-12-21 15:00:00+00:00,0.1733048304830483,0.0,0.1201931518876207,0.9203463203463204
2021-12-21 15:15:00+00:00,0.17255475547554755,0.0,0.09545654082528529,0.9248917748917749
2021-12-21 15:30:00+00:00,0.1718046804680468,0.0,0.0707199297629499,0.9294372294372294
2021-12-21 15:45:00+00:00,0.17105460546054607,0.0,0.0459833187006145,0.9339826839826839
2021-12-21 16:00:00+00:00,0.1703045304530453,0.0,0.0212467076382791,0.9385281385281384
2021-12-21 16:15:00+00:00,0.17337983798379836,0.0,0.016154521510096498,0.9538961038961038
2021-12-21 16:30:00+00:00,0.1764551455145514,0.0,0.0110623353819139,0.9692640692640692
2021-12-21 16:45:00+00:00,0.17953045304530452,0.0,0.0059701492537313,0.9846320346320345
2021-12-21 17:00:00+00:00,0.1826057605760576,0.0,0.0008779631255487,1.0
2021-12-21 17:15:00+00:00,0.1837683768376837,0.0,0.00083406496927125,1.0
2021-12-21 17:30:00+00:00,0.1849309930993098,0.0,0.0007901668129938,1.0
2021-12-21 17:45:00+00:00,0.186093609360936,0.0,0.0007462686567163499,1.0
2021-12-21 18:00:00+00:00,0.1872562256225622,0.0,0.0007023705004389,1.0
2021-12-21 18:15:00+00:00,0.18613111311131103,0.0,0.0006804214223002,1.0
2021-12-21 18:30:00+00:00,0.1850060006000599,0.0,0.0006584723441615,1.0
2021-12-21 18:45:00+00:00,0.1838808880888088,0.0,0.0006365232660228,1.0
2021-12-21 19:00:00+00:00,0.1827557755775577,0.0,0.0006145741878841,1.0
2021-12-21 19:15:00+00:00,0.18153690369036896,0.0,0.0006145741878841,1.0
2021-12-21 19:30:00+00:00,0.1803180318031802,0.0,0.0006145741878841,1.0
2021-12-21 19:45:00+00:00,0.1790991599159915,0.0,0.0006145741878841,1.0
2021-12-21 20:00:00+00:00,0.1778802880288028,0.0,0.0006145741878841,1.0
2021-12-21 20:15:00+00:00,0.17895852085208508,0.0,0.0006145741878841,0.9863636363636364
2021-12-21 20:30:00+00:00,0.1800367536753674,0.0,0.0006145741878841,0.9727272727272728
2021-12-21 20:45:00+00:00,0.1811149864986498,0.0,0.0006145741878841,0.9590909090909091
2021-12-21 21:00:00+00:00,0.1821932193219322,0.0,0.0006145741878841,0.9454545454545454
2021-12-21 21:15:00+00:00,0.18493099309930988,0.0,0.0006145741878841,0.9523809523809523
2021-12-21 21:30:00+00:00,0.1876687668766876,0.0,0.0006145741878841,0.9593073593073592
2021-12-21 21:45:00+00:00,0.19040654065406534,0.0,0.0006145741878841,0.9662337662337662
2021-12-21 22:00:00+00:00,0.1931443144314431,0.0,0.0006145741878841,0.9731601731601732
2021-12-21 22:15:00+00:00,0.1973916141614161,0.0,0.0006145741878841,0.9575757575757576
2021-12-21 22:30:00+00:00,0.2016389138913891,0.0,0.0006145741878841,0.941991341991342
2021-12-21 22:45:00+00:00,0.2058862136213621,0.0,0.0006145741878841,0.9264069264069263
2021-12-21 23:00:00+00:00,0.2101335133513351,0.0,0.0006145741878841,0.9108225108225108
2021-12-21 23:15:00+00:00,0.21180243024302425,0.0,0.0006145741878841,0.8976190476190475
2021-12-21 23:30:00+00:00,0.2134713471347134,0.0,0.0006145741878841,0.8844155844155843
2021-12-21 23:45:00+00:00,0.2151402640264026,0.0,0.0006145741878841,0.8712121212121211
2021-12-22 00:00:00+00:00,0.2168091809180918,0.0,0.0006145741878841,0.858008658008658
2021-12-22 00:15:00+00:00,0.21758738373837377,0.0,0.0006145741878841,0.8588744588744588
2021-12-22 00:30:00+00:00,0.2183655865586558,0.0,0.0006145741878841,0.8597402597402597
2021-12-22 00:45:00+00:00,0.21914378937893786,0.0,0.0006145741878841,0.8606060606060606
2021-12-22 01:00:00+00:00,0.2199219921992199,0.0,0.0006145741878841,0.8614718614718615
2021-12-22 01:15:00+00:00,0.21935006000600055,0.0,0.0006145741878841,0.8601731601731601
2021-12-22 01:30:00+00:00,0.2187781278127812,0.0,0.0006145741878841,0.8588744588744589
2021-12-22 01:45:00+00:00,0.2182061956195619,0.0,0.0006145741878841,0.8575757575757577
2021-12-22 02:00:00+00:00,0.2176342634263426,0.0,0.0006145741878841,0.8562770562770563
2021-12-22 02:15:00+00:00,0.2188062556255625,0.0,0.0006145741878841,0.8564935064935065
2021-12-22 02:30:00+00:00,0.2199782478247824,0.0,0.0006145741878841,0.8567099567099568
2021-12-22 02:45:00+00:00,0.22115024002400235,0.0,0.0006145741878841,0.8569264069264069
2021-12-22 03:00:00+00:00,0.2223222322232223,0.0,0.0006145741878841,0.8571428571428571
2021-12-22 03:15:00+00:00,0.2224066156615661,0.0,0.0006145741878841,0.8608225108225108
2021-12-22 03:30:00+00:00,0.2224909990999099,0.0,0.0006145741878841,0.8645021645021645
2021-12-22 03:45:00+00:00,0.22257538253825376,0.0,0.0006145741878841,0.8681818181818182
2021-12-22 04:00:00+00:00,0.2226597659765976,0.0,0.0006145741878841,0.8718614718614719
2021-12-22 04:15:00+00:00,0.22308168316831675,0.0,0.0006584723441615,0.8757575757575757
2021-12-22 04:30:00+00:00,0.2235036003600359,0.0,0.0007023705004389,0.8796536796536797
2021-12-22 04:45:00+00:00,0.2239255175517551,0.0,0.0007462686567163499,0.8835497835497836
2021-12-22 05:00:00+00:00,0.2243474347434743,0.0,0.0007901668129938,0.8874458874458875
2021-12-22 05:15:00+00:00,0.22926042604260422,0.0,0.0008999122036874001,0.8978354978354979
2021-12-22 05:30:00+00:00,0.2341734173417341,0.0,0.001009657594381,0.9082251082251084
2021-12-22 05:45:00+00:00,0.23908640864086406,0.0,0.0011194029850746,0.9186147186147187
2021-12-22 06:00:00+00:00,0.243999399939994,0.0,0.0012291483757682,0.929004329004329
2021-12-22 06:15:00+00:00,0.24317431743174317,0.0,0.00201931518876205,0.9329004329004329
2021-12-22 06:30:00+00:00,0.2423492349234923,0.0,0.0028094820017559,0.9367965367965368
2021-12-22 06:45:00+00:00,0.2415241524152415,0.0,0.00359964881474975,0.9406926406926407
2021-12-22 07:00:00+00:00,0.2406990699069907,0.0,0.0043898156277436,0.9445887445887444
2021-12-22 07:15:00+00:00,0.2346890939093909,0.0,0.020566286215978898,0.9536796536796535
2021-12-22 07:30:00+00:00,0.2286791179117911,0.0,0.0367427568042142,0.9627705627705626
2021-12-22 07:45:00+00:00,0.22266914191419135,0.0,0.052919227392449496,0.9718614718614718
2021-12-22 08:00:00+00:00,0.2166591659165916,0.0,0.0690956979806848,0.9809523809523808
2021-12-22 08:15:00+00:00,0.20840834083408333,0.0,0.10195346795434584,0.9744588744588744
2021-12-22 08:30:00+00:00,0.2001575157515751,0.0,0.1348112379280069,0.9679653679653678
2021-12-22 08:45:00+00:00,0.19190669066906685,0.0,0.16766900790166805,0.9614718614718614
2021-12-22 09:00:00+00:00,0.1836558655865586,0.0,0.2005267778753292,0.9549783549783548
2021-12-22 09:15:00+00:00,0.1817900540054005,0.0,0.22739244951712023,0.9383116883116882
2021-12-22 09:30:00+00:00,0.1799242424242424,0.0,0.2542581211589113,0.9216450216450216
2021-12-22 09:45:00+00:00,0.17805843084308431,0.0,0.2811237928007023,0.904978354978355
2021-12-22 10:00:00+00:00,0.1761926192619262,0.0,0.3079894644424934,0.8883116883116883
2021-12-22 10:15:00+00:00,0.1813118811881188,0.0,0.32124670763827917,0.8878787878787879
2021-12-22 10:30:00+00:00,0.1864311431143114,0.0,0.3345039508340649,0.8874458874458875
2021-12-22 10:45:00+00:00,0.191550405040504,0.0,0.34776119402985073,0.887012987012987
2021-12-22 11:00:00+00:00,0.1966696669666966,0.0,0.3610184372256365,0.8865800865800866
2021-12-22 11:15:00+00:00,0.20097322232223214,0.0,0.35715539947322206,0.8915584415584416
2021-12-22 11:30:00+00:00,0.2052767776777677,0.0,0.3532923617208077,0.8965367965367965
2021-12-22 11:45:00+00:00,0.20958033303330326,0.0,0.3494293239683933,0.9015151515151514
2021-12-22 12:00:00+00:00,0.2138838883888388,0.0,0.3455662862159789,0.9064935064935064
2021-12-22 12:15:00+00:00,0.2129556705670566,0.0,0.33994732221246704,0.9298701298701297
2021-12-22 12:30:00+00:00,0.2120274527452744,0.0,0.3343283582089552,0.9532467532467532
2021-12-22 12:45:00+00:00,0.21109923492349225,0.0,0.3287093942054433,0.9766233766233766
2021-12-22 13:00:00+00:00,0.2101710171017101,0.0,0.3230904302019315,1.0
2021-12-22 13:15:00+00:00,0.2092427992799279,0.0,0.3139596136962247,0.9764069264069264
2021-12-22 13:30:00+00:00,0.2083145814581457,0.0,0.304828797190518,0.9528138528138528
2021-12-22 13:45:00+00:00,0.20738636363636356,0.0,0.29569798068481123,0.9292207792207792
2021-12-22 14:00:00+00:00,0.2064581458145814,0.0,0.2865671641791045,0.9056277056277056
2021-12-22 14:15:00+00:00,0.20606435643564353,0.0,0.2613476733977173,0.9199134199134198
2021-12-22 14:30:00+00:00,0.2056705670567056,0.0,0.2361281826163301,0.934199134199134
2021-12-22 14:45:00+00:00,0.20527677767776775,0.0,0.2109086918349429,0.9484848484848485
2021-12-22 15:00:00+00:00,0.2048829882988299,0.0,0.1856892010535557,0.9627705627705628
2021-12-22 15:15:00+00:00,0.2043485598559856,0.0,0.15195346795434586,0.9688311688311688
2021-12-22 15:30:00+00:00,0.2038141314131413,0.0,0.118217734855136,0.9748917748917748
2021-12-22 15:45:00+00:00,0.20327970297029702,0.0,0.0844820017559262,0.9809523809523809
2021-12-22 16:00:00+00:00,0.2027452745274527,0.0,0.0507462686567164,0.987012987012987
2021-12-22 16:15:00+00:00,0.20602685268526846,0.0,0.03924495171202805,0.9902597402597402
2021-12-22 16:30:00+00:00,0.2093084308430842,0.0,0.0277436347673397,0.9935064935064934
2021-12-22 16:45:00+00:00,0.2125900090009,0.0,0.016242317822651398,0.9967532467532467
2021-12-22 17:00:00+00:00,0.2158715871587158,0.0,0.0047410008779631,1.0
2021-12-22 17:15:00+00:00,0.218318706870687,0.0,0.00443371378402105,1.0
2021-12-22 17:30:00+00:00,0.2207658265826582,0.0,0.004126426690079,1.0
2021-12-22 17:45:00+00:00,0.2232129462946294,0.0,0.0038191395961369497,1.0
2021-12-22 18:00:00+00:00,0.2256600660066006,0.0,0.0035118525021949,1.0
2021-12-22 18:15:00+00:00,0.22744149414941484,0.0,0.0035118525021949,1.0
2021-12-22 18:30:00+00:00,0.2292229222922291,0.0,0.0035118525021949,1.0
2021-12-22 18:45:00+00:00,0.23100435043504344,0.0,0.0035118525021949,1.0
2021-12-22 19:00:00+00:00,0.2327857785778578,0.0,0.0035118525021949,1.0
2021-12-22 19:15:00+00:00,0.23609548454845486,0.0,0.0035118525021949,1.0
2021-12-22 19:30:00+00:00,0.2394051905190519,0.0,0.0035118525021949,1.0
2021-12-22 19:45:00+00:00,0.24271489648964895,0.0,0.0035118525021949,1.0
2021-12-22 20:00:00+00:00,0.246024602460246,0.0,0.0035118525021949,1.0
2021-12-22 20:15:00+00:00,0.25148139813981396,0.0,0.00348990342405615,0.9811688311688311
2021-12-22 20:30:00+00:00,0.2569381938193819,0.0,0.0034679543459174,0.9623376623376624
2021-12-22 20:45:00+00:00,0.2623949894989499,0.0,0.0034460052677786996,0.9435064935064936
2021-12-22 21:00:00+00:00,0.2678517851785179,0.0,0.00342405618964,0.9246753246753248
2021-12-22 21:15:00+00:00,0.2720334533453346,0.0,0.0034021071115012498,0.9426406926406927
2021-12-22 21:30:00+00:00,0.2762151215121512,0.0,0.0033801580333625,0.9606060606060606
2021-12-22 21:45:00+00:00,0.28039678967896786,0.0,0.0033582089552238,0.9785714285714284
2021-12-22 22:00:00+00:00,0.2845784578457845,0.0,0.0033362598770851,0.9965367965367964
2021-12-22 22:15:00+00:00,0.28623799879987993,0.0,0.0033582089552238,0.9675324675324675
2021-12-22 22:30:00+00:00,0.2878975397539753,0.0,0.0033801580333625,0.9385281385281384
2021-12-22 22:45:00+00:00,0.28955708070807074,0.0,0.0034021071115012498,0.9095238095238094
2021-12-22 23:00:00+00:00,0.2912166216621662,0.0,0.00342405618964,0.8805194805194805
2021-12-22 23:15:00+00:00,0.29221047104710474,0.0,0.00342405618964,0.8770562770562771
2021-12-22 23:30:00+00:00,0.2932043204320432,0.0,0.00342405618964,0.8735930735930736
2021-12-22 23:45:00+00:00,0.29419816981698166,0.0,0.00342405618964,0.8701298701298701
2021-12-23 00:00:00+00:00,0.2951920192019202,0.0,0.00342405618964,0.8666666666666667
2021-12-23 00:15:00+00:00,0.2946482148214821,0.0,0.00342405618964,0.8638528138528139
2021-12-23 00:30:00+00:00,0.2941044104410441,0.0,0.00342405618964,0.861038961038961
2021-12-23 00:45:00+00:00,0.2935606060606061,0.0,0.00342405618964,0.8582251082251082
2021-12-23 01:00:00+00:00,0.293016801680168,0.0,0.00342405618964,0.8554112554112554
2021-12-23 01:15:00+00:00,0.29107598259825984,0.0,0.0034021071115012498,0.8567099567099568
2021-12-23 01:30:00+00:00,0.2891351635163516,0.0,0.0033801580333625,0.858008658008658
2021-12-23 01:45:00+00:00,0.28719434443444336,0.0,0.0033582089552238,0.8593073593073592
2021-12-23 02:00:00+00:00,0.2852535253525352,0.0,0.0033362598770851,0.8606060606060606
2021-12-23 02:15:00+00:00,0.2785778577857785,0.0,0.0033582089552238,0.8621212121212121
2021-12-23 02:30:00+00:00,0.2719021902190218,0.0,0.0033801580333625,0.8636363636363636
2021-12-23 02:45:00+00:00,0.26522652265226515,0.0,0.0034021071115012498,0.8651515151515152
2021-12-23 03:00:00+00:00,0.2585508550855085,0.0,0.00342405618964,0.8666666666666667
2021-12-23 03:15:00+00:00,0.2541629162916291,0.0,0.00342405618964,0.8688311688311688
2021-12-23 03:30:00+00:00,0.2497749774977497,0.0,0.00342405618964,0.870995670995671
2021-12-23 03:45:00+00:00,0.24538703870387035,0.0,0.00342405618964,0.8731601731601731
2021-12-23 04:00:00+00:00,0.240999099909991,0.0,0.00342405618964,0.8753246753246753
2021-12-23 04:15:00+00:00,0.23227010201020099,0.0,0.0034021071115012498,0.8826839826839826
2021-12-23 04:30:00+00:00,0.223541104110411,0.0,0.0033801580333625,0.89004329004329
2021-12-23 04:45:00+00:00,0.214812106210621,0.0,0.0033582089552238,0.8974025974025974
2021-12-23 05:00:00+00:00,0.206083108310831,0.0,0.0033362598770851,0.9047619047619048
2021-12-23 05:15:00+00:00,0.2037578757875787,0.0,0.0033362598770851,0.9285714285714286
2021-12-23 05:30:00+00:00,0.2014326432643264,0.0,0.0033362598770851,0.9523809523809524
2021-12-23 05:45:00+00:00,0.19910741074107408,0.0,0.0033362598770851,0.9761904761904763
2021-12-23 06:00:00+00:00,0.1967821782178218,0.0,0.0033362598770851,1.0
2021-12-23 06:15:00+00:00,0.19650090009000898,0.0,0.0038410886742756,1.0
2021-12-23 06:30:00+00:00,0.1962196219621962,0.0,0.0043459174714661,1.0
2021-12-23 06:45:00+00:00,0.1959383438343834,0.0,0.00485074626865665,1.0
2021-12-23 07:00:00+00:00,0.1956570657065706,0.0,0.0053555750658472,1.0
2021-12-23 07:15:00+00:00,0.19533828382838275,0.0,0.0148156277436347,1.0
2021-12-23 07:30:00+00:00,0.1950195019501949,0.0,0.0242756804214222,1.0
2021-12-23 07:45:00+00:00,0.19470072007200712,0.0,0.03373573309920975,1.0
2021-12-23 08:00:00+00:00,0.1943819381938193,0.0,0.0431957857769973,1.0
2021-12-23 08:15:00+00:00,0.19636963696369625,0.0,0.06029411764705875,1.0
2021-12-23 08:30:00+00:00,0.1983573357335732,0.0,0.0773924495171202,1.0
2021-12-23 08:45:00+00:00,0.20034503450345026,0.0,0.0944907813871817,1.0
2021-12-23 09:00:00+00:00,0.2023327332733273,0.0,0.1115891132572432,1.0
2021-12-23 09:15:00+00:00,0.20497674767476745,0.0,0.12326602282704124,1.0
2021-12-23 09:30:00+00:00,0.2076207620762076,0.0,0.1349429323968393,1.0
2021-12-23 09:45:00+00:00,0.21026477647764774,0.0,0.14661984196663735,1.0
2021-12-23 10:00:00+00:00,0.2129087908790879,0.0,0.1582967515364354,1.0
2021-12-23 10:15:00+00:00,0.21481210621062105,0.0,0.16393766461808595,1.0
2021-12-23 10:30:00+00:00,0.2167154215421542,0.0,0.1695785776997365,1.0
2021-12-23 10:45:00+00:00,0.21861873687368735,0.0,0.1752194907813871,1.0
2021-12-23 11:00:00+00:00,0.2205220522052205,0.0,0.1808604038630377,1.0
2021-12-23 11:15:00+00:00,0.22376612661266124,0.0,0.18033362598770847,1.0
2021-12-23 11:30:00+00:00,0.227010201020102,0.0,0.1798068481123792,1.0
2021-12-23 11:45:00+00:00,0.23025427542754273,0.0,0.17928007023705,1.0
2021-12-23 12:00:00+00:00,0.2334983498349835,0.0,0.1787532923617208,1.0
2021-12-23 12:15:00+00:00,0.23427655265526548,0.0,0.17111501316944686,1.0
2021-12-23 12:30:00+00:00,0.2350547554755475,0.0,0.1634767339771729,1.0
2021-12-23 12:45:00+00:00,0.23583295829582956,0.0,0.155838454784899,1.0
2021-12-23 13:00:00+00:00,0.2366111611161116,0.0,0.1482001755926251,1.0
2021-12-23 13:15:00+00:00,0.24030528052805275,0.0,0.13643546971027215,1.0
2021-12-23 13:30:00+00:00,0.2439993999399939,0.0,0.1246707638279192,1.0
2021-12-23 13:45:00+00:00,0.24769351935193512,0.0,0.11290605794556624,1.0
2021-12-23 14:00:00+00:00,0.2513876387638764,0.0,0.1011413520632133,1.0
2021-12-23 14:15:00+00:00,0.24871549654965494,0.0,0.08672080772607545,1.0
2021-12-23 14:30:00+00:00,0.2460433543354335,0.0,0.0723002633889376,1.0
2021-12-23 14:45:00+00:00,0.2433712121212121,0.0,0.05787971905179975,1.0
2021-12-23 15:00:00+00:00,0.2406990699069907,0.0,0.0434591747146619,1.0
2021-12-23 15:15:00+00:00,0.2396302130213021,0.0,0.034877085162423105,1.0
2021-12-23 15:30:00+00:00,0.2385613561356135,0.0,0.0262949956101843,1.0
2021-12-23 15:45:00+00:00,0.23749249924992494,0.0,0.0177129060579455,1.0
2021-12-23 16:00:00+00:00,0.2364236423642364,0.0,0.0091308165057067,1.0
2021-12-23 16:15:00+00:00,0.23998649864986496,0.0,0.007726075504828751,1.0
2021-12-23 16:30:00+00:00,0.2435493549354935,0.0,0.0063213345039508,1.0
2021-12-23 16:45:00+00:00,0.24711221122112206,0.0,0.00491659350307285,1.0
2021-12-23 17:00:00+00:00,0.2506750675067506,0.0,0.0035118525021949,1.0
2021-12-23 17:15:00+00:00,0.2534784728472847,0.0,0.0035118525021949,1.0
2021-12-23 17:30:00+00:00,0.2562818781878188,0.0,0.0035118525021949,1.0
2021-12-23 17:45:00+00:00,0.2590852835283528,0.0,0.0035118525021949,1.0
2021-12-23 18:00:00+00:00,0.2618886888688869,0.0,0.0035118525021949,1.0
2021-12-23 18:15:00+00:00,0.2649827482748275,0.0,0.0035118525021949,1.0
2021-12-23 18:30:00+00:00,0.2680768076807681,0.0,0.0035118525021949,1.0
2021-12-23 18:45:00+00:00,0.2711708670867087,0.0,0.0035118525021949,1.0
2021-12-23 19:00:00+00:00,0.2742649264926493,0.0,0.0035118525021949,1.0
2021-12-23 19:15:00+00:00,0.28203757875787583,0.0,0.0035118525021949,1.0
2021-12-23 19:30:00+00:00,0.2898102310231023,0.0,0.0035118525021949,1.0
2021-12-23 19:45:00+00:00,0.2975828832883288,0.0,0.0035118525021949,1.0
2021-12-23 20:00:00+00:00,0.3053555355535554,0.0,0.0035118525021949,1.0
2021-12-23 20:15:00+00:00,0.31227497749774974,0.0,0.0035118525021949,1.0
2021-12-23 20:30:00+00:00,0.3191944194419441,0.0,0.0035118525021949,1.0
2021-12-23 20:45:00+00:00,0.3261138613861385,0.0,0.0035118525021949,1.0
2021-12-23 21:00:00+00:00,0.333033303330333,0.0,0.0035118525021949,1.0
2021-12-23 21:15:00+00:00,0.3324519951995199,0.0,0.0035118525021949,1.0
2021-12-23 21:30:00+00:00,0.3318706870687068,0.0,0.0035118525021949,1.0
2021-12-23 21:45:00+00:00,0.3312893789378938,0.0,0.0035118525021949,1.0
2021-12-23 22:00:00+00:00,0.3307080708070807,0.0,0.0035118525021949,1.0
2021-12-23 22:15:00+00:00,0.3315800330033003,0.0,0.0035118525021949,1.0
2021-12-23 22:30:00+00:00,0.3324519951995199,0.0,0.0035118525021949,1.0
2021-12-23 22:45:00+00:00,0.33332395739573956,0.0,0.0035118525021949,1.0
2021-12-23 23:00:00+00:00,0.3341959195919592,0.0,0.0035118525021949,1.0
2021-12-23 23:15:00+00:00,0.33232073207320734,0.0,0.00348990342405615,1.0
2021-12-23 23:30:00+00:00,0.3304455445544554,0.0,0.0034679543459174,1.0
2021-12-23 23:45:00+00:00,0.3285703570357036,0.0,0.0034460052677786996,1.0
2021-12-24 00:00:00+00:00,0.3266951695169517,0.0,0.00342405618964,1.0
2021-12-24 00:15:00+00:00,0.3245855835583559,0.0,0.00342405618964,0.9841991341991342
2021-12-24 00:30:00+00:00,0.32247599759976,0.0,0.00342405618964,0.9683982683982684
2021-12-24 00:45:00+00:00,0.3203664116411641,0.0,0.00342405618964,0.9525974025974027
2021-12-24 01:00:00+00:00,0.3182568256825682,0.0,0.00342405618964,0.9367965367965368
2021-12-24 01:15:00+00:00,0.31622224722472236,0.0,0.00342405618964,0.9341991341991343
2021-12-24 01:30:00+00:00,0.3141876687668766,0.0,0.00342405618964,0.9316017316017317
2021-12-24 01:45:00+00:00,0.3121530903090308,0.0,0.00342405618964,0.929004329004329
2021-12-24 02:00:00+00:00,0.3101185118511851,0.0,0.00342405618964,0.9264069264069263
2021-12-24 02:15:00+00:00,0.3082714521452145,0.0,0.0034460052677786996,0.9266233766233766
2021-12-24 02:30:00+00:00,0.3064243924392439,0.0,0.0034679543459174,0.9268398268398268
2021-12-24 02:45:00+00:00,0.3045773327332733,0.0,0.00348990342405615,0.927056277056277
2021-12-24 03:00:00+00:00,0.3027302730273027,0.0,0.0035118525021949,0.9272727272727272
2021-12-24 03:15:00+00:00,0.2996830933093309,0.0,0.00348990342405615,0.925974025974026
2021-12-24 03:30:00+00:00,0.2966359135913591,0.0,0.0034679543459174,0.9246753246753248
2021-12-24 03:45:00+00:00,0.2935887338733873,0.0,0.0034460052677786996,0.9233766233766234
2021-12-24 04:00:00+00:00,0.2905415541554155,0.0,0.00342405618964,0.922077922077922
2021-12-24 04:15:00+00:00,0.28805693069306926,0.0,0.00342405618964,0.9235930735930736
2021-12-24 04:30:00+00:00,0.285572307230723,0.0,0.00342405618964,0.9251082251082252
2021-12-24 04:45:00+00:00,0.2830876837683768,0.0,0.00342405618964,0.9266233766233767
2021-12-24 05:00:00+00:00,0.2806030603060306,0.0,0.00342405618964,0.9281385281385282
2021-12-24 05:15:00+00:00,0.2804342934293429,0.0,0.00342405618964,0.9348484848484848
2021-12-24 05:30:00+00:00,0.2802655265526552,0.0,0.00342405618964,0.9415584415584416
2021-12-24 05:45:00+00:00,0.28009675967596753,0.0,0.00342405618964,0.9482683982683983
2021-12-24 06:00:00+00:00,0.2799279927992799,0.0,0.00342405618964,0.9549783549783548
2021-12-24 06:15:00+00:00,0.281090609060906,0.0,0.00449956101843715,0.9662337662337661
2021-12-24 06:30:00+00:00,0.2822532253225321,0.0,0.0055750658472343,0.9774891774891774
2021-12-24 06:45:00+00:00,0.28341584158415833,0.0,0.0066505706760315,0.9887445887445887
2021-12-24 07:00:00+00:00,0.2845784578457845,0.0,0.0077260755048287,1.0
2021-12-24 07:15:00+00:00,0.28252512751275116,0.0,0.014201053555750551,1.0
2021-12-24 07:30:00+00:00,0.2804717971797179,0.0,0.0206760316066724,1.0
2021-12-24 07:45:00+00:00,0.2784184668466846,0.0,0.027151009657594302,1.0
2021-12-24 08:00:00+00:00,0.2763651365136513,0.0,0.0336259877085162,1.0
2021-12-24 08:15:00+00:00,0.273608610861086,0.0,0.04747585601404735,1.0
2021-12-24 08:30:00+00:00,0.2708520852085208,0.0,0.0613257243195785,1.0
2021-12-24 08:45:00+00:00,0.26809555955595554,0.0,0.0751755926251097,1.0
2021-12-24 09:00:00+00:00,0.2653390339033903,0.0,0.0890254609306409,1.0
2021-12-24 09:15:00+00:00,0.2641389138913891,0.0,0.10711150131694465,1.0
2021-12-24 09:30:00+00:00,0.2629387938793879,0.0,0.1251975417032484,1.0
2021-12-24 09:45:00+00:00,0.2617386738673867,0.0,0.14328358208955222,1.0
2021-12-24 10:00:00+00:00,0.2605385538553855,0.0,0.161369622475856,1.0
2021-12-24 10:15:00+00:00,0.2601353885388539,0.0,0.17655838454784895,1.0
2021-12-24 10:30:00+00:00,0.2597322232223222,0.0,0.1917471466198419,1.0
2021-12-24 10:45:00+00:00,0.2593290579057906,0.0,0.2069359086918349,1.0
2021-12-24 11:00:00+00:00,0.2589258925892589,0.0,0.2221246707638279,1.0
2021-12-24 11:15:00+00:00,0.25700382538253824,0.0,0.2215539947322212,1.0
2021-12-24 11:30:00+00:00,0.2550817581758176,0.0,0.2209833187006145,1.0
2021-12-24 11:45:00+00:00,0.2531596909690969,0.0,0.22041264266900784,1.0
2021-12-24 12:00:00+00:00,0.2512376237623762,0.0,0.2198419666374012,1.0
2021-12-24 12:15:00+00:00,0.25401290129012893,0.0,0.22085162423178217,1.0
2021-12-24 12:30:00+00:00,0.2567881788178817,0.0,0.2218612818261632,1.0
2021-12-24 12:45:00+00:00,0.2595634563456345,0.0,0.22287093942054426,1.0
2021-12-24 13:00:00+00:00,0.2623387338733873,0.0,0.2238805970149253,1.0
2021-12-24 13:15:00+00:00,0.2654140414041404,0.0,0.2213564530289727,1.0
2021-12-24 13:30:00+00:00,0.2684893489348934,0.0,0.2188323090430201,1.0
2021-12-24 13:45:00+00:00,0.27156465646564654,0.0,0.21630816505706754,1.0
2021-12-24 14:00:00+00:00,0.2746399639963996,0.0,0.213784021071115,1.0
2021-12-24 14:15:00+00:00,0.27732148214821484,0.0,0.1966637401229148,1.0
2021-12-24 14:30:00+00:00,0.28000300030003,0.0,0.1795434591747146,1.0
2021-12-24 14:45:00+00:00,0.28268451845184517,0.0,0.16242317822651445,1.0
2021-12-24 15:00:00+00:00,0.2853660366036604,0.0,0.1453028972783143,1.0
2021-12-24 15:15:00+00:00,0.28560981098109806,0.0,0.11944688323090424,1.0
2021-12-24 15:30:00+00:00,0.2858535853585358,0.0,0.0935908691834942,1.0
2021-12-24 15:45:00+00:00,0.2860973597359735,0.0,0.0677348551360842,1.0
2021-12-24 16:00:00+00:00,0.2863411341134113,0.0,0.0418788410886742,1.0
2021-12-24 16:15:00+00:00,0.2891257875787578,0.0,0.0323529411764705,1.0
2021-12-24 16:30:00+00:00,0.2919104410441043,0.0,0.0228270412642668,1.0
2021-12-24 16:45:00+00:00,0.29469509450945086,0.0,0.013301141352063148,1.0
2021-12-24 17:00:00+00:00,0.2974797479747975,0.0,0.0037752414398595,1.0
2021-12-24 17:15:00+00:00,0.30181143114311426,0.0,0.0037093942054433,1.0
2021-12-24 17:30:00+00:00,0.3061431143114311,0.0,0.0036435469710271,1.0
2021-12-24 17:45:00+00:00,0.31047479747974793,0.0,0.003577699736611,1.0
2021-12-24 18:00:00+00:00,0.3148064806480648,0.0,0.0035118525021949,1.0
2021-12-24 18:15:00+00:00,0.32205408040804084,0.0,0.0035118525021949,1.0
2021-12-24 18:30:00+00:00,0.3293016801680168,0.0,0.0035118525021949,1.0
2021-12-24 18:45:00+00:00,0.3365492799279928,0.0,0.0035118525021949,1.0
2021-12-24 19:00:00+00:00,0.3437968796879688,0.0,0.0035118525021949,1.0
2021-12-24 19:15:00+00:00,0.35154140414041407,0.0,0.0035118525021949,1.0
2021-12-24 19:30:00+00:00,0.3592859285928593,0.0,0.0035118525021949,1.0
2021-12-24 19:45:00+00:00,0.36703045304530457,0.0,0.0035118525021949,1.0
2021-12-24 20:00:00+00:00,0.3747749774977498,0.0,0.0035118525021949,1.0
2021-12-24 20:15:00+00:00,0.38066306630663066,0.0,0.0035118525021949,1.0
2021-12-24 20:30:00+00:00,0.3865511551155115,0.0,0.0035118525021949,1.0
2021-12-24 20:45:00+00:00,0.39243924392439244,0.0,0.0035118525021949,1.0
2021-12-24 21:00:00+00:00,0.3983273327332733,0.0,0.0035118525021949,1.0
2021-12-24 21:15:00+00:00,0.4014213921392139,0.0,0.0035118525021949,1.0
2021-12-24 21:30:00+00:00,0.4045154515451545,0.0,0.0035118525021949,1.0
2021-12-24 21:45:00+00:00,0.4076095109510951,0.0,0.0035118525021949,1.0
2021-12-24 22:00:00+00:00,0.4107035703570357,0.0,0.0035118525021949,1.0
2021-12-24 22:15:00+00:00,0.411509900990099,0.0,0.0035118525021949,1.0
2021-12-24 22:30:00+00:00,0.4123162316231623,0.0,0.0035118525021949,1.0
2021-12-24 22:45:00+00:00,0.41312256225622557,0.0,0.0035118525021949,1.0
2021-12-24 23:00:00+00:00,0.4139288928892889,0.0,0.0035118525021949,1.0
2021-12-24 23:15:00+00:00,0.4139945244524452,0.0,0.0034460052677787,1.0
2021-12-24 23:30:00+00:00,0.4140601560156015,0.0,0.0033801580333625,1.0
2021-12-24 23:45:00+00:00,0.41412578757875784,0.0,0.00331431079894635,1.0
2021-12-25 00:00:00+00:00,0.4141914191419142,0.0,0.0032484635645302,1.0
2021-12-25 00:15:00+00:00,0.4106660666066607,0.0,0.0031167690956979003,1.0
2021-12-25 00:30:00+00:00,0.4071407140714072,0.0,0.0029850746268656,1.0
2021-12-25 00:45:00+00:00,0.4036153615361536,0.0,0.0028533801580333,1.0
2021-12-25 01:00:00+00:00,0.4000900090009001,0.0,0.002721685689201,1.0
2021-12-25 01:15:00+00:00,0.3902452745274527,0.0,0.002721685689201,0.9943722943722944
2021-12-25 01:30:00+00:00,0.3804005400540053,0.0,0.002721685689201,0.9887445887445888
2021-12-25 01:45:00+00:00,0.370555805580558,0.0,0.002721685689201,0.9831168831168833
2021-12-25 02:00:00+00:00,0.3607110711071107,0.0,0.002721685689201,0.9774891774891776
2021-12-25 02:15:00+00:00,0.35376350135013496,0.0,0.002721685689201,0.9759740259740259
2021-12-25 02:30:00+00:00,0.3468159315931592,0.0,0.002721685689201,0.9744588744588744
2021-12-25 02:45:00+00:00,0.3398683618361835,0.0,0.002721685689201,0.9729437229437229
2021-12-25 03:00:00+00:00,0.3329207920792079,0.0,0.002721685689201,0.9714285714285714
2021-12-25 03:15:00+00:00,0.3297329732973297,0.0,0.002721685689201,0.9694805194805195
2021-12-25 03:30:00+00:00,0.3265451545154515,0.0,0.002721685689201,0.9675324675324676
2021-12-25 03:45:00+00:00,0.3233573357335733,0.0,0.002721685689201,0.9655844155844155
2021-12-25 04:00:00+00:00,0.3201695169516951,0.0,0.002721685689201,0.9636363636363636
2021-12-25 04:15:00+00:00,0.3112248724872486,0.0,0.002721685689201,0.9627705627705627
2021-12-25 04:30:00+00:00,0.3022802280228022,0.0,0.002721685689201,0.9619047619047618
2021-12-25 04:45:00+00:00,0.29333558355835576,0.0,0.002721685689201,0.9610389610389609
2021-12-25 05:00:00+00:00,0.2843909390939094,0.0,0.002721685689201,0.96017316017316
2021-12-25 05:15:00+00:00,0.28335021002100214,0.0,0.002721685689201,0.9577922077922076
2021-12-25 05:30:00+00:00,0.2823094809480948,0.0,0.002721685689201,0.9554112554112552
2021-12-25 05:45:00+00:00,0.2812687518751875,0.0,0.002721685689201,0.9530303030303029
2021-12-25 06:00:00+00:00,0.2802280228022802,0.0,0.002721685689201,0.9506493506493506
2021-12-25 06:15:00+00:00,0.2736179867986799,0.0,0.0032265144863914998,0.9525974025974027
2021-12-25 06:30:00+00:00,0.2670079507950795,0.0,0.003731343283582,0.9545454545454546
2021-12-25 06:45:00+00:00,0.2603979147914791,0.0,0.00423617208077255,0.9564935064935065
2021-12-25 07:00:00+00:00,0.2537878787878788,0.0,0.0047410008779631,0.9584415584415584
2021-12-25 07:15:00+00:00,0.2535722322232223,0.0,0.01257682177348545,0.9634199134199134
2021-12-25 07:30:00+00:00,0.2533565856585658,0.0,0.0204126426690078,0.9683982683982684
2021-12-25 07:45:00+00:00,0.25314093909390933,0.0,0.028248463564530202,0.9733766233766235
2021-12-25 08:00:00+00:00,0.2529252925292529,0.0,0.0360842844600526,0.9783549783549784
2021-12-25 08:15:00+00:00,0.2537503750375037,0.0,0.05105355575065835,0.9811688311688311
2021-12-25 08:30:00+00:00,0.2545754575457545,0.0,0.0660228270412641,0.983982683982684
2021-12-25 08:45:00+00:00,0.25540054005400536,0.0,0.08099209833186995,0.9867965367965368
2021-12-25 09:00:00+00:00,0.2562256225622562,0.0,0.0959613696224758,0.9896103896103896
2021-12-25 09:15:00+00:00,0.25485673567356726,0.0,0.11472783143107984,0.9896103896103896
2021-12-25 09:30:00+00:00,0.2534878487848784,0.0,0.1334942932396839,0.9896103896103896
2021-12-25 09:45:00+00:00,0.25211896189618954,0.0,0.15226075504828795,0.9896103896103896
2021-12-25 10:00:00+00:00,0.2507500750075007,0.0,0.171027216856892,0.9896103896103896
2021-12-25 10:15:00+00:00,0.2494561956195619,0.0,0.17978489903424055,0.9922077922077922
2021-12-25 10:30:00+00:00,0.2481623162316231,0.0,0.1885425812115891,0.9948051948051948
2021-12-25 10:45:00+00:00,0.2468684368436843,0.0,0.19730026338893764,0.9974025974025974
2021-12-25 11:00:00+00:00,0.2455745574557455,0.0,0.2060579455662862,1.0
2021-12-25 11:15:00+00:00,0.24422442244224415,0.0,0.20761633011413516,0.9993506493506493
2021-12-25 11:30:00+00:00,0.2428742874287428,0.0,0.2091747146619841,0.9987012987012986
2021-12-25 11:45:00+00:00,0.2415241524152415,0.0,0.21073309920983307,0.9980519480519481
2021-12-25 12:00:00+00:00,0.2401740174017402,0.0,0.2122914837576821,0.9974025974025974
2021-12-25 12:15:00+00:00,0.2370049504950495,0.0,0.20915276558384538,0.9941558441558442
2021-12-25 12:30:00+00:00,0.2338358835883588,0.0,0.2060140474100087,0.990909090909091
2021-12-25 12:45:00+00:00,0.23066681668166816,0.0,0.20287532923617205,0.9876623376623377
2021-12-25 13:00:00+00:00,0.2274977497749775,0.0,0.1997366110623354,0.9844155844155844
2021-12-25 13:15:00+00:00,0.2225566306630663,0.0,0.18810359964881473,0.9852813852813853
2021-12-25 13:30:00+00:00,0.2176155115511551,0.0,0.1764705882352941,0.9861471861471862
2021-12-25 13:45:00+00:00,0.2126743924392439,0.0,0.16483757682177347,0.9870129870129871
2021-12-25 14:00:00+00:00,0.2077332733273327,0.0,0.1532045654082528,0.987878787878788
2021-12-25 14:15:00+00:00,0.19773852385238522,0.0,0.13566725197541696,0.9896103896103897
2021-12-25 14:30:00+00:00,0.1877437743774377,0.0,0.1181299385425811,0.9913419913419914
2021-12-25 14:45:00+00:00,0.1777490249024902,0.0,0.10059262510974529,0.9930735930735931
2021-12-25 15:00:00+00:00,0.1677542754275427,0.0,0.0830553116769095,0.9948051948051948
2021-12-25 15:15:00+00:00,0.16238186318631853,0.0,0.06784460052677775,0.9961038961038962
2021-12-25 15:30:00+00:00,0.1570094509450944,0.0,0.052633889376646,0.9974025974025974
2021-12-25 15:45:00+00:00,0.1516370387038703,0.0,0.03742317822651435,0.9987012987012986
2021-12-25 16:00:00+00:00,0.1462646264626462,0.0,0.0222124670763827,1.0
2021-12-25 16:15:00+00:00,0.14415504050405037,0.0,0.01736172080772595,1.0
2021-12-25 16:30:00+00:00,0.1420454545454545,0.0,0.0125109745390692,1.0
2021-12-25 16:45:00+00:00,0.13993586858685864,0.0,0.00766022827041255,1.0
2021-12-25 17:00:00+00:00,0.1378262826282628,0.0,0.0028094820017559,1.0
2021-12-25 17:15:00+00:00,0.13743249324932488,0.0,0.00278753292361715,1.0
2021-12-25 17:30:00+00:00,0.137038703870387,0.0,0.0027655838454784,1.0
2021-12-25 17:45:00+00:00,0.1366449144914491,0.0,0.0027436347673396996,1.0
2021-12-25 18:00:00+00:00,0.1362511251125112,0.0,0.002721685689201,1.0
2021-12-25 18:15:00+00:00,0.1360354785478547,0.0,0.002721685689201,1.0
2021-12-25 18:30:00+00:00,0.1358198319831982,0.0,0.002721685689201,1.0
2021-12-25 18:45:00+00:00,0.13560418541854175,0.0,0.002721685689201,1.0
2021-12-25 19:00:00+00:00,0.1353885388538853,0.0,0.002721685689201,1.0
2021-12-25 19:15:00+00:00,0.13705745574557443,0.0,0.002721685689201,1.0
2021-12-25 19:30:00+00:00,0.1387263726372636,0.0,0.002721685689201,1.0
2021-12-25 19:45:00+00:00,0.1403952895289528,0.0,0.002721685689201,1.0
2021-12-25 20:00:00+00:00,0.142064206420642,0.0,0.002721685689201,1.0
2021-12-25 20:15:00+00:00,0.14567394239423936,0.0,0.002721685689201,1.0
2021-12-25 20:30:00+00:00,0.1492836783678367,0.0,0.002721685689201,1.0
2021-12-25 20:45:00+00:00,0.1528934143414341,0.0,0.002721685689201,1.0
2021-12-25 21:00:00+00:00,0.1565031503150315,0.0,0.002721685689201,1.0
2021-12-25 21:15:00+00:00,0.16197869786978697,0.0,0.002721685689201,1.0
2021-12-25 21:30:00+00:00,0.1674542454245424,0.0,0.002721685689201,1.0
2021-12-25 21:45:00+00:00,0.1729297929792979,0.0,0.002721685689201,1.0
2021-12-25 22:00:00+00:00,0.1784053405340534,0.0,0.002721685689201,1.0
2021-12-25 22:15:00+00:00,0.1811899939993999,0.0,0.002721685689201,0.9872294372294372
2021-12-25 22:30:00+00:00,0.1839746474647464,0.0,0.002721685689201,0.9744588744588744
2021-12-25 22:45:00+00:00,0.18675930093009296,0.0,0.002721685689201,0.9616883116883116
2021-12-25 23:00:00+00:00,0.1895439543954395,0.0,0.002721685689201,0.9489177489177488
2021-12-25 23:15:00+00:00,0.1979166666666666,0.0,0.002721685689201,0.9437229437229436
2021-12-25 23:30:00+00:00,0.2062893789378937,0.0,0.002721685689201,0.9385281385281384
2021-12-25 23:45:00+00:00,0.21466209120912083,0.0,0.002721685689201,0.9333333333333333
2021-12-26 00:00:00+00:00,0.223034803480348,0.0,0.002721685689201,0.9281385281385282
2021-12-26 00:15:00+00:00,0.22802280228022798,0.0,0.002721685689201,0.9270562770562771
2021-12-26 00:30:00+00:00,0.233010801080108,0.0,0.002721685689201,0.925974025974026
2021-12-26 00:45:00+00:00,0.237998799879988,0.0,0.002721685689201,0.924891774891775
2021-12-26 01:00:00+00:00,0.242986798679868,0.0,0.002721685689201,0.923809523809524
2021-12-26 01:15:00+00:00,0.2424711221122112,0.0,0.002721685689201,0.9207792207792209
2021-12-26 01:30:00+00:00,0.2419554455445544,0.0,0.002721685689201,0.9177489177489178
2021-12-26 01:45:00+00:00,0.24143976897689765,0.0,0.002721685689201,0.9147186147186146
2021-12-26 02:00:00+00:00,0.2409240924092409,0.0,0.002721685689201,0.9116883116883115
2021-12-26 02:15:00+00:00,0.24137413741374136,0.0,0.002721685689201,0.9047619047619047
2021-12-26 02:30:00+00:00,0.2418241824182418,0.0,0.002721685689201,0.8978354978354978
2021-12-26 02:45:00+00:00,0.24227422742274224,0.0,0.002721685689201,0.8909090909090909
2021-12-26 03:00:00+00:00,0.2427242724272427,0.0,0.002721685689201,0.883982683982684
2021-12-26 03:15:00+00:00,0.24795604560456042,0.0,0.002721685689201,0.885930735930736
2021-12-26 03:30:00+00:00,0.2531878187818781,0.0,0.002721685689201,0.8878787878787879
2021-12-26 03:45:00+00:00,0.25841959195919584,0.0,0.002721685689201,0.8898268398268399
2021-12-26 04:00:00+00:00,0.2636513651365136,0.0,0.002721685689201,0.8917748917748918
2021-12-26 04:15:00+00:00,0.2656296879687968,0.0,0.002721685689201,0.8930735930735931
2021-12-26 04:30:00+00:00,0.2676080108010801,0.0,0.002721685689201,0.8943722943722944
2021-12-26 04:45:00+00:00,0.2695863336333634,0.0,0.002721685689201,0.8956709956709956
2021-12-26 05:00:00+00:00,0.2715646564656466,0.0,0.002721685689201,0.896969696969697
2021-12-26 05:15:00+00:00,0.2706551905190519,0.0,0.002721685689201,0.8974025974025974
2021-12-26 05:30:00+00:00,0.2697457245724572,0.0,0.002721685689201,0.8978354978354979
2021-12-26 05:45:00+00:00,0.2688362586258626,0.0,0.002721685689201,0.8982683982683983
2021-12-26 06:00:00+00:00,0.2679267926792679,0.0,0.002721685689201,0.8987012987012987
2021-12-26 06:15:00+00:00,0.2684424692469246,0.0,0.0034460052677786498,0.9021645021645022
2021-12-26 06:30:00+00:00,0.2689581458145814,0.0,0.0041703248463563,0.9056277056277056
2021-12-26 06:45:00+00:00,0.26947382238223816,0.0,0.00489464442493405,0.9090909090909091
2021-12-26 07:00:00+00:00,0.269989498949895,0.0,0.0056189640035118,0.9125541125541126
2021-12-26 07:15:00+00:00,0.27441494149414936,0.0,0.01839332748024575,0.9160173160173161
2021-12-26 07:30:00+00:00,0.2788403840384038,0.0,0.0311676909569797,0.9194805194805196
2021-12-26 07:45:00+00:00,0.2832658265826582,0.0,0.0439420544337137,0.922943722943723
2021-12-26 08:00:00+00:00,0.2876912691269127,0.0,0.0567164179104477,0.9264069264069263
2021-12-26 08:15:00+00:00,0.28906015601560153,0.0,0.0738586479367866,0.9352813852813853
2021-12-26 08:30:00+00:00,0.2904290429042904,0.0,0.0910008779631255,0.9441558441558442
2021-12-26 08:45:00+00:00,0.29179792979297925,0.0,0.1081431079894644,0.9530303030303031
2021-12-26 09:00:00+00:00,0.2931668166816681,0.0,0.1252853380158033,0.961904761904762
2021-12-26 09:15:00+00:00,0.30301155115511547,0.0,0.13746707638279185,0.9660173160173161
2021-12-26 09:30:00+00:00,0.3128562856285628,0.0,0.1496488147497804,0.9701298701298702
2021-12-26 09:45:00+00:00,0.3227010201020102,0.0,0.16183055311676903,0.9742424242424244
2021-12-26 10:00:00+00:00,0.3325457545754575,0.0,0.1740122914837577,0.9783549783549784
2021-12-26 10:15:00+00:00,0.34060906090609055,0.0,0.18022388059701488,0.9816017316017316
2021-12-26 10:30:00+00:00,0.3486723672367237,0.0,0.1864354697102721,0.9848484848484848
2021-12-26 10:45:00+00:00,0.35673567356735675,0.0,0.19264705882352934,0.9880952380952379
2021-12-26 11:00:00+00:00,0.3647989798979898,0.0,0.1988586479367866,0.9913419913419912
2021-12-26 11:15:00+00:00,0.3673586108610861,0.0,0.1974100087796312,0.9911255411255411
2021-12-26 11:30:00+00:00,0.3699182418241824,0.0,0.1959613696224758,0.9909090909090909
2021-12-26 11:45:00+00:00,0.37247787278727873,0.0,0.1945127304653204,0.9906926406926406
2021-12-26 12:00:00+00:00,0.375037503750375,0.0,0.193064091308165,0.9904761904761904
2021-12-26 12:15:00+00:00,0.3784409690969096,0.0,0.1853380158033362,0.9909090909090907
2021-12-26 12:30:00+00:00,0.3818444344434443,0.0,0.1776119402985074,0.9913419913419912
2021-12-26 12:45:00+00:00,0.385247899789979,0.0,0.16988586479367862,0.9917748917748916
2021-12-26 13:00:00+00:00,0.3886513651365136,0.0,0.1621597892888498,0.9922077922077922
2021-12-26 13:15:00+00:00,0.39453945394539447,0.0,0.14850746268656712,0.9902597402597403
2021-12-26 13:30:00+00:00,0.4004275427542754,0.0,0.1348551360842844,0.9883116883116884
2021-12-26 13:45:00+00:00,0.4063156315631563,0.0,0.1212028094820017,0.9863636363636363
2021-12-26 14:00:00+00:00,0.4122037203720372,0.0,0.107550482879719,0.9844155844155844
2021-12-26 14:15:00+00:00,0.4163291329132913,0.0,0.0936786654960491,0.9857142857142858
2021-12-26 14:30:00+00:00,0.4204545454545454,0.0,0.0798068481123792,0.987012987012987
2021-12-26 14:45:00+00:00,0.42457995799579956,0.0,0.06593503072870935,0.9883116883116883
2021-12-26 15:00:00+00:00,0.4287053705370537,0.0,0.0520632133450395,0.9896103896103896
2021-12-26 15:15:00+00:00,0.4328120312031203,0.0,0.04251536435469705,0.990909090909091
2021-12-26 15:30:00+00:00,0.4369186918691869,0.0,0.0329675153643546,0.9922077922077922
2021-12-26 15:45:00+00:00,0.44102535253525355,0.0,0.0234196663740122,0.9935064935064934
2021-12-26 16:00:00+00:00,0.4451320132013201,0.0,0.0138718173836698,0.9948051948051948
2021-12-26 16:15:00+00:00,0.44904177917791777,0.0,0.011215978928884901,0.9961038961038962
2021-12-26 16:30:00+00:00,0.4529515451545154,0.0,0.0085601404741,0.9974025974025974
2021-12-26 16:45:00+00:00,0.45686131113111306,0.0,0.0059043020193151,0.9987012987012986
2021-12-26 17:00:00+00:00,0.4607710771077107,0.0,0.0032484635645302,1.0
2021-12-26 17:15:00+00:00,0.46997824782478237,0.0,0.00318261633011405,1.0
2021-12-26 17:30:00+00:00,0.4791854185418541,0.0,0.0031167690956979,1.0
2021-12-26 17:45:00+00:00,0.4883925892589258,0.0,0.0030509218612817498,1.0
2021-12-26 18:00:00+00:00,0.4975997599759976,0.0,0.0029850746268656,1.0
2021-12-26 18:15:00+00:00,0.5038253825382538,0.0,0.0028972783143107,1.0
2021-12-26 18:30:00+00:00,0.51005100510051,0.0,0.0028094820017558,1.0
2021-12-26 18:45:00+00:00,0.5162766276627663,0.0,0.00272168568920095,1.0
2021-12-26 19:00:00+00:00,0.5225022502250225,0.0,0.0026338893766461,1.0
2021-12-26 19:15:00+00:00,0.5227460246024602,0.0,0.0026338893766461,1.0
2021-12-26 19:30:00+00:00,0.522989798979898,0.0,0.0026338893766461,1.0
2021-12-26 19:45:00+00:00,0.5232335733573357,0.0,0.0026338893766461,1.0
2021-12-26 20:00:00+00:00,0.5234773477347735,0.0,0.0026338893766461,1.0
2021-12-26 20:15:00+00:00,0.5288497599759976,0.0,0.0026338893766461,1.0
2021-12-26 20:30:00+00:00,0.5342221722172218,0.0,0.0026338893766461,1.0
2021-12-26 20:45:00+00:00,0.5395945844584459,0.0,0.0026338893766461,1.0
2021-12-26 21:00:00+00:00,0.54496699669967,0.0,0.0026338893766461,1.0
2021-12-26 21:15:00+00:00,0.5505831833183319,0.0,0.0026338893766461,1.0
2021-12-26 21:30:00+00:00,0.5561993699369937,0.0,0.0026338893766461,1.0
2021-12-26 21:45:00+00:00,0.5618155565556555,0.0,0.0026338893766461,1.0
2021-12-26 22:00:00+00:00,0.5674317431743174,0.0,0.0026338893766461,1.0
2021-12-26 22:15:00+00:00,0.5687631263126313,0.0,0.0026338893766461,1.0
2021-12-26 22:30:00+00:00,0.5700945094509451,0.0,0.0026338893766461,1.0
2021-12-26 22:45:00+00:00,0.5714258925892589,0.0,0.0026338893766461,1.0
2021-12-26 23:00:00+00:00,0.5727572757275727,0.0,0.0026338893766461,1.0
2021-12-26 23:15:00+00:00,0.5642157965796579,0.0,0.0026338893766461,0.9922077922077922
2021-12-26 23:30:00+00:00,0.5556743174317431,0.0,0.0026338893766461,0.9844155844155844
2021-12-26 23:45:00+00:00,0.5471328382838283,0.0,0.0026338893766461,0.9766233766233766
2021-12-27 00:00:00+00:00,0.5385913591359136,0.0,0.0026338893766461,0.9688311688311688
2021-12-27 00:15:00+00:00,0.5306874437443745,0.0,0.0026338893766461,0.966017316017316
2021-12-27 00:30:00+00:00,0.5227835283528353,0.0,0.0026338893766461,0.9632034632034632
2021-12-27 00:45:00+00:00,0.5148796129612961,0.0,0.0026338893766461,0.9603896103896103
2021-12-27 01:00:00+00:00,0.506975697569757,0.0,0.0026338893766461,0.9575757575757576
2021-12-27 01:15:00+00:00,0.5023439843984399,0.0,0.0026338893766461,0.9564935064935066
2021-12-27 01:30:00+00:00,0.4977122712271227,0.0,0.0026338893766461,0.9554112554112556
2021-12-27 01:45:00+00:00,0.4930805580558056,0.0,0.0026338893766461,0.9543290043290045
2021-12-27 02:00:00+00:00,0.4884488448844885,0.0,0.0026338893766461,0.9532467532467532
2021-12-27 02:15:00+00:00,0.4901458895889589,0.0,0.0026338893766461,0.9536796536796537
2021-12-27 02:30:00+00:00,0.4918429342934293,0.0,0.0026338893766461,0.954112554112554
2021-12-27 02:45:00+00:00,0.49353997899789975,0.0,0.0026338893766461,0.9545454545454544
2021-12-27 03:00:00+00:00,0.4952370237023702,0.0,0.0026338893766461,0.9549783549783548
2021-12-27 03:15:00+00:00,0.5039003900390039,0.0,0.0026338893766461,0.9593073593073592
2021-12-27 03:30:00+00:00,0.5125637563756376,0.0,0.0026338893766461,0.9636363636363636
2021-12-27 03:45:00+00:00,0.5212271227122712,0.0,0.0026338893766461,0.967965367965368
2021-12-27 04:00:00+00:00,0.5298904890489049,0.0,0.0026338893766461,0.9722943722943724
2021-12-27 04:15:00+00:00,0.541497899789979,0.0,0.0026338893766461,0.9764069264069265
2021-12-27 04:30:00+00:00,0.553105310531053,0.0,0.0026338893766461,0.9805194805194806
2021-12-27 04:45:00+00:00,0.5647127212721272,0.0,0.0026338893766461,0.9846320346320347
2021-12-27 05:00:00+00:00,0.5763201320132013,0.0,0.0026338893766461,0.9887445887445888
2021-12-27 05:15:00+00:00,0.584242799279928,0.0,0.0026338893766461,0.9915584415584415
2021-12-27 05:30:00+00:00,0.5921654665466547,0.0,0.0026338893766461,0.9943722943722944
2021-12-27 05:45:00+00:00,0.6000881338133813,0.0,0.0026338893766461,0.9971861471861472
2021-12-27 06:00:00+00:00,0.608010801080108,0.0,0.0026338893766461,1.0
2021-12-27 06:15:00+00:00,0.6047667266726673,0.0,0.0031167690956979,1.0
2021-12-27 06:30:00+00:00,0.6015226522652265,0.0,0.0035996488147497,1.0
2021-12-27 06:45:00+00:00,0.5982785778577857,0.0,0.0040825285338015,1.0
2021-12-27 07:00:00+00:00,0.595034503450345,0.0,0.0045654082528533,1.0
2021-12-27 07:15:00+00:00,0.6053667866786678,0.0,0.0256804214223002,1.0
2021-12-27 07:30:00+00:00,0.6156990699069906,0.0,0.0467954345917471,1.0
2021-12-27 07:45:00+00:00,0.6260313531353134,0.0,0.067910447761194,1.0
2021-12-27 08:00:00+00:00,0.6363636363636364,0.0,0.0890254609306409,1.0
2021-12-27 08:15:00+00:00,0.6333445844584458,0.0,0.13610623353819135,1.0
2021-12-27 08:30:00+00:00,0.6303255325532553,0.0,0.1831870061457418,1.0
2021-12-27 08:45:00+00:00,0.6273064806480648,0.0,0.2302677787532923,1.0
2021-12-27 09:00:00+00:00,0.6242874287428742,0.0,0.2773485513608428,1.0
2021-12-27 09:15:00+00:00,0.6321819681968197,0.0,0.29501755926251094,1.0
2021-12-27 09:30:00+00:00,0.6400765076507651,0.0,0.3126865671641791,1.0
2021-12-27 09:45:00+00:00,0.6479710471047104,0.0,0.33035557506584723,1.0
2021-12-27 10:00:00+00:00,0.6558655865586559,0.0,0.3480245829675154,1.0
2021-12-27 10:15:00+00:00,0.6612567506750675,0.0,0.36589113257243194,1.0
2021-12-27 10:30:00+00:00,0.6666479147914792,0.0,0.3837576821773485,1.0
2021-12-27 10:45:00+00:00,0.6720390789078908,0.0,0.40162423178226514,1.0
2021-12-27 11:00:00+00:00,0.6774302430243024,0.0,0.4194907813871817,1.0
2021-12-27 11:15:00+00:00,0.6744205670567056,0.0,0.4258121158911325,1.0
2021-12-27 11:30:00+00:00,0.6714108910891089,0.0,0.4321334503950833,1.0
2021-12-27 11:45:00+00:00,0.6684012151215122,0.0,0.4384547848990341,1.0
2021-12-27 12:00:00+00:00,0.6653915391539154,0.0,0.444776119402985,1.0
2021-12-27 12:15:00+00:00,0.6673511101110111,0.0,0.43939859525899905,1.0
2021-12-27 12:30:00+00:00,0.6693106810681069,0.0,0.4340210711150131,1.0
2021-12-27 12:45:00+00:00,0.6712702520252025,0.0,0.4286435469710272,1.0
2021-12-27 13:00:00+00:00,0.6732298229822983,0.0,0.4232660228270413,1.0
2021-12-27 13:15:00+00:00,0.6678667866786678,0.0,0.41450834064969266,1.0
2021-12-27 13:30:00+00:00,0.6625037503750375,0.0,0.4057506584723441,1.0
2021-12-27 13:45:00+00:00,0.6571407140714072,0.0,0.3969929762949955,1.0
2021-12-27 14:00:00+00:00,0.6517776777677767,0.0,0.388235294117647,1.0
2021-12-27 14:15:00+00:00,0.6409672217221722,0.0,0.3571773485513608,1.0
2021-12-27 14:30:00+00:00,0.6301567656765676,0.0,0.3261194029850746,1.0
2021-12-27 14:45:00+00:00,0.619346309630963,0.0,0.29506145741878836,1.0
2021-12-27 15:00:00+00:00,0.6085358535853586,0.0,0.2640035118525022,1.0
2021-12-27 15:15:00+00:00,0.603763501350135,0.0,0.21845917471466195,1.0
2021-12-27 15:30:00+00:00,0.5989911491149116,0.0,0.1729148375768217,1.0
2021-12-27 15:45:00+00:00,0.594218796879688,0.0,0.1273705004389815,1.0
2021-12-27 16:00:00+00:00,0.5894464446444645,0.0,0.0818261633011413,1.0
2021-12-27 16:15:00+00:00,0.5858085808580858,0.0,0.0635864793678665,1.0
2021-12-27 16:30:00+00:00,0.5821707170717072,0.0,0.0453467954345917,1.0
2021-12-27 16:45:00+00:00,0.5785328532853286,0.0,0.0271071115013169,1.0
2021-12-27 17:00:00+00:00,0.5748949894989499,0.0,0.0088674275680421,1.0
2021-12-27 17:15:00+00:00,0.5785609810981098,0.0,0.00785776997366105,1.0
2021-12-27 17:30:00+00:00,0.5822269726972698,0.0,0.00684811237928,1.0
2021-12-27 17:45:00+00:00,0.5858929642964297,0.0,0.0058384547848989495,1.0
2021-12-27 18:00:00+00:00,0.5895589558955896,0.0,0.0048287971905179,1.0
2021-12-27 18:15:00+00:00,0.5959814731473148,0.0,0.00454345917471455,1.0
2021-12-27 18:30:00+00:00,0.6024039903990399,0.0,0.0042581211589112,1.0
2021-12-27 18:45:00+00:00,0.6088265076507651,0.0,0.0039727831431079,1.0
2021-12-27 19:00:00+00:00,0.6152490249024902,0.0,0.0036874451273046,1.0
2021-12-27 19:15:00+00:00,0.6194869486948695,0.0,0.0036874451273046,1.0
2021-12-27 19:30:00+00:00,0.6237248724872487,0.0,0.0036874451273046,1.0
2021-12-27 19:45:00+00:00,0.6279627962796279,0.0,0.0036874451273046,1.0
2021-12-27 20:00:00+00:00,0.6322007200720072,0.0,0.0036874451273046,1.0
2021-12-27 20:15:00+00:00,0.6284878487848785,0.0,0.0033143107989464004,1.0
2021-12-27 20:30:00+00:00,0.6247749774977498,0.0,0.0029411764705882,1.0
2021-12-27 20:45:00+00:00,0.6210621062106211,0.0,0.00256804214223,1.0
2021-12-27 21:00:00+00:00,0.6173492349234924,0.0,0.0021949078138718,1.0
2021-12-27 21:15:00+00:00,0.6176867686768677,0.0,0.0019534679543459,1.0
2021-12-27 21:30:00+00:00,0.618024302430243,0.0,0.00171202809482,1.0
2021-12-27 21:45:00+00:00,0.6183618361836183,0.0,0.0014705882352941,1.0
2021-12-27 22:00:00+00:00,0.6186993699369937,0.0,0.0012291483757682,1.0
2021-12-27 22:15:00+00:00,0.6248874887488749,0.0,0.0010316066725197,1.0
2021-12-27 22:30:00+00:00,0.6310756075607561,0.0,0.0008340649692712,1.0
2021-12-27 22:45:00+00:00,0.6372637263726373,0.0,0.00063652326602275,1.0
2021-12-27 23:00:00+00:00,0.6434518451845185,0.0,0.0004389815627743,1.0
2021-12-27 23:15:00+00:00,0.6429642964296429,0.0,0.00037313432835815003,1.0
2021-12-27 23:30:00+00:00,0.6424767476747675,0.0,0.000307287093942,1.0
2021-12-27 23:45:00+00:00,0.641989198919892,0.0,0.00024143985952585,1.0
2021-12-28 00:00:00+00:00,0.6415016501650165,0.0,0.0001755926251097,1.0
2021-12-28 00:15:00+00:00,0.6400952595259526,0.0,0.0001755926251097,1.0
2021-12-28 00:30:00+00:00,0.6386888688868887,0.0,0.0001755926251097,1.0
2021-12-28 00:45:00+00:00,0.6372824782478248,0.0,0.0001755926251097,1.0
2021-12-28 01:00:00+00:00,0.6358760876087609,0.0,0.0001755926251097,1.0
2021-12-28 01:15:00+00:00,0.6341227872787278,0.0,0.0001755926251097,1.0
2021-12-28 01:30:00+00:00,0.6323694869486949,0.0,0.0001755926251097,1.0
2021-12-28 01:45:00+00:00,0.6306161866186619,0.0,0.0001755926251097,1.0
2021-12-28 02:00:00+00:00,0.6288628862886289,0.0,0.0001755926251097,1.0
2021-12-28 02:15:00+00:00,0.6263032553255325,0.0,0.0001755926251097,1.0
2021-12-28 02:30:00+00:00,0.6237436243624362,0.0,0.0001755926251097,1.0
2021-12-28 02:45:00+00:00,0.6211839933993399,0.0,0.0001755926251097,1.0
2021-12-28 03:00:00+00:00,0.6186243624362436,0.0,0.0001755926251097,1.0
2021-12-28 03:15:00+00:00,0.6156990699069906,0.0,0.0001755926251097,1.0
2021-12-28 03:30:00+00:00,0.6127737773777377,0.0,0.0001755926251097,1.0
2021-12-28 03:45:00+00:00,0.6098484848484849,0.0,0.0001755926251097,1.0
2021-12-28 04:00:00+00:00,0.606923192319232,0.0,0.0001755926251097,1.0
2021-12-28 04:15:00+00:00,0.6033884638463847,0.0,0.0001755926251097,1.0
2021-12-28 04:30:00+00:00,0.5998537353735374,0.0,0.0001755926251097,1.0
2021-12-28 04:45:00+00:00,0.5963190069006901,0.0,0.0001755926251097,1.0
2021-12-28 05:00:00+00:00,0.5927842784278428,0.0,0.0001755926251097,1.0
2021-12-28 05:15:00+00:00,0.5908903390339033,0.0,0.0002853380158033,1.0
2021-12-28 05:30:00+00:00,0.588996399639964,0.0,0.0003950834064969,1.0
2021-12-28 05:45:00+00:00,0.5871024602460246,0.0,0.0005048287971905,1.0
2021-12-28 06:00:00+00:00,0.5852085208520852,0.0,0.0006145741878841,1.0
2021-12-28 06:15:00+00:00,0.5820207020702071,0.0,0.0016022827041263501,1.0
2021-12-28 06:30:00+00:00,0.5788328832883288,0.0,0.0025899912203686,1.0
2021-12-28 06:45:00+00:00,0.5756450645064506,0.0,0.00357769973661095,1.0
2021-12-28 07:00:00+00:00,0.5724572457245725,0.0,0.0045654082528533,1.0
2021-12-28 07:15:00+00:00,0.571969696969697,0.0,0.02420983318700605,1.0
2021-12-28 07:30:00+00:00,0.5714821482148215,0.0,0.0438542581211588,1.0
2021-12-28 07:45:00+00:00,0.5709945994599459,0.0,0.06349868305531159,1.0
2021-12-28 08:00:00+00:00,0.5705070507050705,0.0,0.0831431079894644,1.0
2021-12-28 08:15:00+00:00,0.5652096459645964,0.0,0.1163959613696224,1.0
2021-12-28 08:30:00+00:00,0.5599122412241224,0.0,0.1496488147497804,1.0
2021-12-28 08:45:00+00:00,0.5546148364836483,0.0,0.18290166812993847,1.0
2021-12-28 09:00:00+00:00,0.5493174317431743,0.0,0.2161545215100965,1.0
2021-12-28 09:15:00+00:00,0.5472359735973598,0.0,0.24894644424934145,1.0
2021-12-28 09:30:00+00:00,0.5451545154515451,0.0,0.2817383669885864,1.0
2021-12-28 09:45:00+00:00,0.5430730573057305,0.0,0.31453028972783137,1.0
2021-12-28 10:00:00+00:00,0.540991599159916,0.0,0.3473222124670764,1.0
2021-12-28 10:15:00+00:00,0.5443856885688568,0.0,0.35943810359964884,1.0
2021-12-28 10:30:00+00:00,0.5477797779777978,0.0,0.3715539947322213,1.0
2021-12-28 10:45:00+00:00,0.5511738673867387,0.0,0.38366988586479367,1.0
2021-12-28 11:00:00+00:00,0.5545679567956796,0.0,0.3957857769973661,1.0
2021-12-28 11:15:00+00:00,0.5649189918991899,0.0,0.39317383669885864,1.0
2021-12-28 11:30:00+00:00,0.5752700270027002,0.0,0.3905618964003511,1.0
2021-12-28 11:45:00+00:00,0.5856210621062106,0.0,0.3879499561018437,1.0
2021-12-28 12:00:00+00:00,0.595972097209721,0.0,0.3853380158033362,1.0
2021-12-28 12:15:00+00:00,0.5971065856585658,0.0,0.3835162423178226,1.0
2021-12-28 12:30:00+00:00,0.5982410741074107,0.0,0.381694468832309,1.0
2021-12-28 12:45:00+00:00,0.5993755625562556,0.0,0.3798726953467954,1.0
2021-12-28 13:00:00+00:00,0.6005100510051005,0.0,0.3780509218612818,1.0
2021-12-28 13:15:00+00:00,0.5995724572457245,0.0,0.3815847234416154,1.0
2021-12-28 13:30:00+00:00,0.5986348634863485,0.0,0.385118525021949,1.0
2021-12-28 13:45:00+00:00,0.5976972697269727,0.0,0.38865232660228266,1.0
2021-12-28 14:00:00+00:00,0.5967596759675967,0.0,0.3921861281826163,1.0
2021-12-28 14:15:00+00:00,0.5919779477947795,0.0,0.3557287093942054,1.0
2021-12-28 14:30:00+00:00,0.5871962196219622,0.0,0.3192712906057945,1.0
2021-12-28 14:45:00+00:00,0.5824144914491449,0.0,0.2828138718173836,1.0
2021-12-28 15:00:00+00:00,0.5776327632763276,0.0,0.2463564530289727,1.0
2021-12-28 15:15:00+00:00,0.5789078907890789,0.0,0.20039508340649684,1.0
2021-12-28 15:30:00+00:00,0.5801830183018302,0.0,0.154433713784021,1.0
2021-12-28 15:45:00+00:00,0.5814581458145814,0.0,0.10847234416154514,1.0
2021-12-28 16:00:00+00:00,0.5827332733273327,0.0,0.0625109745390693,1.0
2021-12-28 16:15:00+00:00,0.5807924542454245,0.0,0.04762949956101835,1.0
2021-12-28 16:30:00+00:00,0.5788516351635163,0.0,0.0327480245829674,1.0
2021-12-28 16:45:00+00:00,0.5769108160816081,0.0,0.0178665496049165,1.0
2021-12-28 17:00:00+00:00,0.5749699969997,0.0,0.0029850746268656,1.0
2021-12-28 17:15:00+00:00,0.5716790429042904,0.0,0.00256804214222995,1.0
2021-12-28 17:30:00+00:00,0.5683880888088808,0.0,0.0021510096575943,1.0
2021-12-28 17:45:00+00:00,0.5650971347134712,0.0,0.0017339771729586498,1.0
2021-12-28 18:00:00+00:00,0.5618061806180618,0.0,0.001316944688323,1.0
2021-12-28 18:15:00+00:00,0.5591527902790279,0.0,0.001316944688323,1.0
2021-12-28 18:30:00+00:00,0.556499399939994,0.0,0.001316944688323,1.0
2021-12-28 18:45:00+00:00,0.5538460096009601,0.0,0.001316944688323,1.0
2021-12-28 19:00:00+00:00,0.5511926192619262,0.0,0.001316944688323,1.0
2021-12-28 19:15:00+00:00,0.5465984098409842,0.0,0.001316944688323,1.0
2021-12-28 19:30:00+00:00,0.542004200420042,0.0,0.001316944688323,1.0
2021-12-28 19:45:00+00:00,0.5374099909990999,0.0,0.001316944688323,1.0
2021-12-28 20:00:00+00:00,0.5328157815781578,0.0,0.001316944688323,1.0
2021-12-28 20:15:00+00:00,0.5319063156315631,0.0,0.001316944688323,1.0
2021-12-28 20:30:00+00:00,0.5309968496849684,0.0,0.001316944688323,1.0
2021-12-28 20:45:00+00:00,0.5300873837383737,0.0,0.001316944688323,1.0
2021-12-28 21:00:00+00:00,0.5291779177917791,0.0,0.001316944688323,1.0
2021-12-28 21:15:00+00:00,0.5271433393339333,0.0,0.001316944688323,1.0
2021-12-28 21:30:00+00:00,0.5251087608760876,0.0,0.001316944688323,1.0
2021-12-28 21:45:00+00:00,0.5230741824182419,0.0,0.001316944688323,1.0
2021-12-28 22:00:00+00:00,0.5210396039603961,0.0,0.001316944688323,1.0
2021-12-28 22:15:00+00:00,0.5183487098709871,0.0,0.001316944688323,1.0
2021-12-28 22:30:00+00:00,0.5156578157815781,0.0,0.001316944688323,1.0
2021-12-28 22:45:00+00:00,0.5129669216921692,0.0,0.001316944688323,1.0
2021-12-28 23:00:00+00:00,0.5102760276027603,0.0,0.001316944688323,1.0
2021-12-28 23:15:00+00:00,0.5072851035103509,0.0,0.001316944688323,1.0
2021-12-28 23:30:00+00:00,0.5042941794179417,0.0,0.001316944688323,1.0
2021-12-28 23:45:00+00:00,0.5013032553255325,0.0,0.001316944688323,1.0
2021-12-29 00:00:00+00:00,0.4983123312331233,0.0,0.001316944688323,1.0
2021-12-29 00:15:00+00:00,0.4942150465046504,0.0,0.001316944688323,1.0
2021-12-29 00:30:00+00:00,0.4901177617761776,0.0,0.001316944688323,1.0
2021-12-29 00:45:00+00:00,0.4860204770477048,0.0,0.001316944688323,1.0
2021-12-29 01:00:00+00:00,0.4819231923192319,0.0,0.001316944688323,1.0
2021-12-29 01:15:00+00:00,0.47621324632463247,0.0,0.001316944688323,1.0
2021-12-29 01:30:00+00:00,0.470503300330033,0.0,0.001316944688323,1.0
2021-12-29 01:45:00+00:00,0.46479335433543356,0.0,0.001316944688323,1.0
2021-12-29 02:00:00+00:00,0.4590834083408341,0.0,0.001316944688323,1.0
2021-12-29 02:15:00+00:00,0.4516670417041704,0.0,0.001316944688323,1.0
2021-12-29 02:30:00+00:00,0.4442506750675067,0.0,0.001316944688323,1.0
2021-12-29 02:45:00+00:00,0.43683430843084303,0.0,0.001316944688323,1.0
2021-12-29 03:00:00+00:00,0.4294179417941794,0.0,0.001316944688323,1.0
2021-12-29 03:15:00+00:00,0.42248912391239124,0.0,0.001316944688323,1.0
2021-12-29 03:30:00+00:00,0.415560306030603,0.0,0.001316944688323,1.0
2021-12-29 03:45:00+00:00,0.4086314881488149,0.0,0.001316944688323,1.0
2021-12-29 04:00:00+00:00,0.4017026702670267,0.0,0.001316944688323,1.0
2021-12-29 04:15:00+00:00,0.3987492499249925,0.0,0.001316944688323,1.0
2021-12-29 04:30:00+00:00,0.3957958295829583,0.0,0.001316944688323,1.0
2021-12-29 04:45:00+00:00,0.39284240924092406,0.0,0.001316944688323,1.0
2021-12-29 05:00:00+00:00,0.3898889888988899,0.0,0.001316944688323,1.0
2021-12-29 05:15:00+00:00,0.3900671317131713,0.0,0.001316944688323,1.0
2021-12-29 05:30:00+00:00,0.3902452745274527,0.0,0.001316944688323,1.0
2021-12-29 05:45:00+00:00,0.39042341734173414,0.0,0.001316944688323,1.0
2021-12-29 06:00:00+00:00,0.3906015601560156,0.0,0.001316944688323,1.0
2021-12-29 06:15:00+00:00,0.3867199219921992,0.0,0.0025680421422299496,1.0
2021-12-29 06:30:00+00:00,0.3828382838283828,0.0,0.0038191395961369,1.0
2021-12-29 06:45:00+00:00,0.37895664566456644,0.0,0.00507023705004385,1.0
2021-12-29 07:00:00+00:00,0.37507500750075,0.0,0.0063213345039508,1.0
2021-12-29 07:15:00+00:00,0.3687931293129312,0.0,0.0318042142230026,1.0
2021-12-29 07:30:00+00:00,0.3625112511251124,0.0,0.0572870939420544,1.0
2021-12-29 07:45:00+00:00,0.3562293729372936,0.0,0.0827699736611062,1.0
2021-12-29 08:00:00+00:00,0.3499474947494749,0.0,0.108252853380158,1.0
2021-12-29 08:15:00+00:00,0.3443781878187818,0.0,0.1536874451273046,1.0
2021-12-29 08:30:00+00:00,0.3388088808880887,0.0,0.1991220368744512,1.0
2021-12-29 08:45:00+00:00,0.3332395739573957,0.0,0.24455662862159783,1.0
2021-12-29 09:00:00+00:00,0.3276702670267026,0.0,0.2899912203687445,1.0
2021-12-29 09:15:00+00:00,0.3226447644764475,0.0,0.3209613696224758,1.0
2021-12-29 09:30:00+00:00,0.3176192619261925,0.0,0.3519315188762071,1.0
2021-12-29 09:45:00+00:00,0.3125937593759375,0.0,0.38290166812993853,1.0
2021-12-29 10:00:00+00:00,0.3075682568256825,0.0,0.4138718173836699,1.0
2021-12-29 10:15:00+00:00,0.30324594959495943,0.0,0.4296093064091308,1.0
2021-12-29 10:30:00+00:00,0.2989236423642363,0.0,0.4453467954345917,1.0
2021-12-29 10:45:00+00:00,0.2946013351335133,0.0,0.4610842844600527,1.0
2021-12-29 11:00:00+00:00,0.2902790279027902,0.0,0.4768217734855136,1.0
2021-12-29 11:15:00+00:00,0.28750375037503745,0.0,0.4863915715539947,1.0
2021-12-29 11:30:00+00:00,0.2847284728472847,0.0,0.4959613696224758,1.0
2021-12-29 11:45:00+00:00,0.28195319531953195,0.0,0.505531167690957,1.0
2021-12-29 12:00:00+00:00,0.2791779177917792,0.0,0.5151009657594381,1.0
2021-12-29 12:15:00+00:00,0.27620574557455746,0.0,0.5140693590869183,1.0
2021-12-29 12:30:00+00:00,0.2732335733573358,0.0,0.5130377524143985,1.0
2021-12-29 12:45:00+00:00,0.27026140114011404,0.0,0.5120061457418787,1.0
2021-12-29 13:00:00+00:00,0.2672892289228923,0.0,0.5109745390693591,1.0
2021-12-29 13:15:00+00:00,0.2666141614161416,0.0,0.5027875329236172,1.0
2021-12-29 13:30:00+00:00,0.2659390939093909,0.0,0.4946005267778753,1.0
2021-12-29 13:45:00+00:00,0.26526402640264024,0.0,0.48641352063213344,1.0
2021-12-29 14:00:00+00:00,0.2645889588958895,0.0,0.4782265144863916,1.0
2021-12-29 14:15:00+00:00,0.2603604110411041,0.0,0.44517120280948197,1.0
2021-12-29 14:30:00+00:00,0.2561318631863186,0.0,0.4121158911325724,1.0
2021-12-29 14:45:00+00:00,0.25190331533153315,0.0,0.37906057945566285,1.0
2021-12-29 15:00:00+00:00,0.2476747674767477,0.0,0.3460052677787533,1.0
2021-12-29 15:15:00+00:00,0.24902490249024906,0.0,0.2881035996488147,1.0
2021-12-29 15:30:00+00:00,0.2503750375037504,0.0,0.2302019315188762,1.0
2021-12-29 15:45:00+00:00,0.25172517251725174,0.0,0.17230026338893764,1.0
2021-12-29 16:00:00+00:00,0.2530753075307531,0.0,0.1143985952589991,1.0
2021-12-29 16:15:00+00:00,0.2559724722472247,0.0,0.09034240561896395,1.0
2021-12-29 16:30:00+00:00,0.2588696369636963,0.0,0.0662862159789288,1.0
2021-12-29 16:45:00+00:00,0.26176680168016797,0.0,0.042230026338893695,1.0
2021-12-29 17:00:00+00:00,0.2646639663966396,0.0,0.0181738366988586,1.0
2021-12-29 17:15:00+00:00,0.2622355985598559,0.0,0.015891132572431903,1.0
2021-12-29 17:30:00+00:00,0.2598072307230722,0.0,0.0136084284460052,1.0
2021-12-29 17:45:00+00:00,0.25737886288628853,0.0,0.011325724319578501,1.0
2021-12-29 18:00:00+00:00,0.2549504950495049,0.0,0.0090430201931518,1.0
2021-12-29 18:15:00+00:00,0.25184705970597054,0.0,0.00838454784899025,1.0
2021-12-29 18:30:00+00:00,0.2487436243624362,0.0,0.0077260755048287,1.0
2021-12-29 18:45:00+00:00,0.24564018901890183,0.0,0.0070676031606672005,1.0
2021-12-29 19:00:00+00:00,0.2425367536753675,0.0,0.0064091308165057,1.0
2021-12-29 19:15:00+00:00,0.24075532553255322,0.0,0.0060798946444248995,1.0
2021-12-29 19:30:00+00:00,0.2389738973897389,0.0,0.0057506584723441,1.0
2021-12-29 19:45:00+00:00,0.23719246924692466,0.0,0.00542142230026335,1.0
2021-12-29 20:00:00+00:00,0.2354110411041104,0.0,0.0050921861281826,1.0
2021-12-29 20:15:00+00:00,0.23338583858385836,0.0,0.0050921861281826,1.0
2021-12-29 20:30:00+00:00,0.2313606360636063,0.0,0.0050921861281826,1.0
2021-12-29 20:45:00+00:00,0.22933543354335428,0.0,0.0050921861281826,1.0
2021-12-29 21:00:00+00:00,0.2273102310231023,0.0,0.0050921861281826,1.0
2021-12-29 21:15:00+00:00,0.2250600060006,0.0,0.0050921861281826,1.0
2021-12-29 21:30:00+00:00,0.2228097809780977,0.0,0.0050921861281826,1.0
2021-12-29 21:45:00+00:00,0.2205595559555955,0.0,0.0050921861281826,1.0
2021-12-29 22:00:00+00:00,0.2183093309330933,0.0,0.0050921861281826,1.0
2021-12-29 22:15:00+00:00,0.2164997749774977,0.0,0.0050921861281826,1.0
2021-12-29 22:30:00+00:00,0.2146902190219021,0.0,0.0050921861281826,1.0
2021-12-29 22:45:00+00:00,0.21288066306630654,0.0,0.0050921861281826,1.0
2021-12-29 23:00:00+00:00,0.211071107110711,0.0,0.0050921861281826,1.0
2021-12-29 23:15:00+00:00,0.20542679267926783,0.0,0.0050921861281826,1.0
2021-12-29 23:30:00+00:00,0.1997824782478247,0.0,0.0050921861281826,1.0
2021-12-29 23:45:00+00:00,0.1941381638163816,0.0,0.0050921861281826,1.0
2021-12-30 00:00:00+00:00,0.1884938493849385,0.0,0.0050921861281826,1.0
2021-12-30 00:15:00+00:00,0.18446219621962195,0.0,0.0050921861281826,1.0
2021-12-30 00:30:00+00:00,0.1804305430543054,0.0,0.0050921861281826,1.0
2021-12-30 00:45:00+00:00,0.17639888988898883,0.0,0.0050921861281826,1.0
2021-12-30 01:00:00+00:00,0.1723672367236723,0.0,0.0050921861281826,1.0
2021-12-30 01:15:00+00:00,0.16871999699969992,0.0,0.0050921861281826,1.0
2021-12-30 01:30:00+00:00,0.1650727572757275,0.0,0.0050921861281826,1.0
2021-12-30 01:45:00+00:00,0.1614255175517551,0.0,0.0050921861281826,1.0
2021-12-30 02:00:00+00:00,0.1577782778277827,0.0,0.0050921861281826,1.0
2021-12-30 02:15:00+00:00,0.1551436393639363,0.0,0.0050921861281826,1.0
2021-12-30 02:30:00+00:00,0.1525090009000899,0.0,0.0050921861281826,1.0
2021-12-30 02:45:00+00:00,0.14987436243624355,0.0,0.0050921861281826,1.0
2021-12-30 03:00:00+00:00,0.1472397239723972,0.0,0.0050921861281826,1.0
2021-12-30 03:15:00+00:00,0.14458633363336332,0.0,0.0050921861281826,1.0
2021-12-30 03:30:00+00:00,0.1419329432943294,0.0,0.0050921861281826,1.0
2021-12-30 03:45:00+00:00,0.13927955295529548,0.0,0.0050921861281826,1.0
2021-12-30 04:00:00+00:00,0.1366261626162616,0.0,0.0050921861281826,1.0
2021-12-30 04:15:00+00:00,0.13551042604260422,0.0,0.0050921861281826,1.0
2021-12-30 04:30:00+00:00,0.1343946894689468,0.0,0.0050921861281826,1.0
2021-12-30 04:45:00+00:00,0.13327895289528946,0.0,0.0050921861281826,1.0
2021-12-30 05:00:00+00:00,0.1321632163216321,0.0,0.0050921861281826,1.0
2021-12-30 05:15:00+00:00,0.13089746474647462,0.0,0.0050921861281826,1.0
2021-12-30 05:30:00+00:00,0.1296317131713171,0.0,0.0050921861281826,1.0
2021-12-30 05:45:00+00:00,0.1283659615961596,0.0,0.0050921861281826,1.0
2021-12-30 06:00:00+00:00,0.1271002100210021,0.0,0.0050921861281826,1.0
2021-12-30 06:15:00+00:00,0.1280471797179718,0.0,0.006365232660228251,1.0
2021-12-30 06:30:00+00:00,0.1289941494149415,0.0,0.0076382791922739,1.0
2021-12-30 06:45:00+00:00,0.1299411191119112,0.0,0.00891132572431955,1.0
2021-12-30 07:00:00+00:00,0.1308880888088809,0.0,0.0101843722563652,1.0
2021-12-30 07:15:00+00:00,0.1314131413141314,0.0,0.04269095697980679,1.0
2021-12-30 07:30:00+00:00,0.1319381938193819,0.0,0.0751975417032484,1.0
2021-12-30 07:45:00+00:00,0.13246324632463247,0.0,0.10770412642669006,1.0
2021-12-30 08:00:00+00:00,0.132988298829883,0.0,0.1402107111501317,1.0
2021-12-30 08:15:00+00:00,0.1312256225622562,0.0,0.19664179104477608,1.0
2021-12-30 08:30:00+00:00,0.1294629462946294,0.0,0.2530728709394205,1.0
2021-12-30 08:45:00+00:00,0.12770027002700265,0.0,0.30950395083406496,1.0
2021-12-30 09:00:00+00:00,0.1259375937593759,0.0,0.3659350307287094,1.0
2021-12-30 09:15:00+00:00,0.1231623162316231,0.0,0.40103160667251975,1.0
2021-12-30 09:30:00+00:00,0.1203870387038703,0.0,0.4361281826163301,1.0
2021-12-30 09:45:00+00:00,0.11761176117611755,0.0,0.47122475856014046,1.0
2021-12-30 10:00:00+00:00,0.1148364836483648,0.0,0.5063213345039508,1.0
2021-12-30 10:15:00+00:00,0.11290504050405034,0.0,0.5270412642669008,1.0
2021-12-30 10:30:00+00:00,0.1109735973597359,0.0,0.5477611940298508,1.0
2021-12-30 10:45:00+00:00,0.1090421542154215,0.0,0.5684811237928007,1.0
2021-12-30 11:00:00+00:00,0.1071107110711071,0.0,0.5892010535557507,1.0
2021-12-30 11:15:00+00:00,0.10783265826582655,0.0,0.6030948200175593,1.0
2021-12-30 11:30:00+00:00,0.108554605460546,0.0,0.6169885864793678,1.0
2021-12-30 11:45:00+00:00,0.10927655265526551,0.0,0.6308823529411764,1.0
2021-12-30 12:00:00+00:00,0.109998499849985,0.0,0.6447761194029851,1.0
2021-12-30 12:15:00+00:00,0.11040166516651666,0.0,0.648595258999122,1.0
2021-12-30 12:30:00+00:00,0.1108048304830483,0.0,0.652414398595259,1.0
2021-12-30 12:45:00+00:00,0.11120799579957996,0.0,0.656233538191396,1.0
2021-12-30 13:00:00+00:00,0.1116111611161116,0.0,0.660052677787533,1.0
2021-12-30 13:15:00+00:00,0.1116767926792679,0.0,0.6576602282704127,1.0
2021-12-30 13:30:00+00:00,0.1117424242424242,0.0,0.6552677787532923,1.0
2021-12-30 13:45:00+00:00,0.11180805580558051,0.0,0.6528753292361721,1.0
2021-12-30 14:00:00+00:00,0.1118736873687368,0.0,0.6504828797190518,1.0
2021-12-30 14:15:00+00:00,0.1108985898589858,0.0,0.6117427568042142,1.0
2021-12-30 14:30:00+00:00,0.1099234923492348,0.0,0.5730026338893767,1.0
2021-12-30 14:45:00+00:00,0.10894839483948385,0.0,0.5342625109745391,1.0
2021-12-30 15:00:00+00:00,0.1079732973297329,0.0,0.4955223880597015,1.0
2021-12-30 15:15:00+00:00,0.1111611161116111,0.0,0.4152546093064091,1.0
2021-12-30 15:30:00+00:00,0.1143489348934893,0.0,0.3349868305531167,1.0
2021-12-30 15:45:00+00:00,0.1175367536753675,0.0,0.25471905179982435,1.0
2021-12-30 16:00:00+00:00,0.1207245724572457,0.0,0.174451273046532,1.0
2021-12-30 16:15:00+00:00,0.1264157665766576,0.0,0.1365891132572431,1.0
2021-12-30 16:30:00+00:00,0.1321069606960695,0.0,0.0987269534679542,1.0
2021-12-30 16:45:00+00:00,0.13779815481548147,0.0,0.0608647936786654,1.0
2021-12-30 17:00:00+00:00,0.1434893489348934,0.0,0.0230026338893766,1.0
2021-12-30 17:15:00+00:00,0.14747412241224112,0.0,0.01968832309043015,1.0
2021-12-30 17:30:00+00:00,0.1514588958895888,0.0,0.0163740122914837,1.0
2021-12-30 17:45:00+00:00,0.1554436693669366,0.0,0.01305970149253725,1.0
2021-12-30 18:00:00+00:00,0.1594284428442844,0.0,0.0097453906935908,1.0
2021-12-30 18:15:00+00:00,0.16075045004500443,0.0,0.0096575943810359,1.0
2021-12-30 18:30:00+00:00,0.1620724572457245,0.0,0.009569798068481,1.0
2021-12-30 18:45:00+00:00,0.1633944644464446,0.0,0.00948200175592615,1.0
2021-12-30 19:00:00+00:00,0.1647164716471647,0.0,0.0093942054433713,1.0
2021-12-30 19:15:00+00:00,0.16733235823582354,0.0,0.009262510974539,1.0
2021-12-30 19:30:00+00:00,0.1699482448244824,0.0,0.0091308165057067,1.0
2021-12-30 19:45:00+00:00,0.1725641314131413,0.0,0.008999122036874401,1.0
2021-12-30 20:00:00+00:00,0.1751800180018002,0.0,0.0088674275680421,1.0
2021-12-30 20:15:00+00:00,0.17856473147314728,0.0,0.00856014047410005,1.0
2021-12-30 20:30:00+00:00,0.1819494449444944,0.0,0.008252853380158,1.0
2021-12-30 20:45:00+00:00,0.18533415841584153,0.0,0.00794556628621595,1.0
2021-12-30 21:00:00+00:00,0.1887188718871887,0.0,0.0076382791922739,1.0
2021-12-30 21:15:00+00:00,0.19204732973297325,0.0,0.007374890254609251,1.0
2021-12-30 21:30:00+00:00,0.1953757875787578,0.0,0.0071115013169446,1.0
2021-12-30 21:45:00+00:00,0.1987042454245424,0.0,0.00684811237928,1.0
2021-12-30 22:00:00+00:00,0.202032703270327,0.0,0.0065847234416154,1.0
2021-12-30 22:15:00+00:00,0.2037109960996099,0.0,0.0064969271290605,1.0
2021-12-30 22:30:00+00:00,0.2053892889288928,0.0,0.0064091308165056,1.0
2021-12-30 22:45:00+00:00,0.20706758175817574,0.0,0.0063213345039507506,1.0
2021-12-30 23:00:00+00:00,0.2087458745874587,0.0,0.0062335381913959,1.0
2021-12-30 23:15:00+00:00,0.2099647464746474,0.0,0.00594820017559255,1.0
2021-12-30 23:30:00+00:00,0.2111836183618361,0.0,0.0056628621597892,1.0
2021-12-30 23:45:00+00:00,0.21240249024902486,0.0,0.0053775241439859,1.0
2021-12-31 00:00:00+00:00,0.2136213621362136,0.0,0.0050921861281826,1.0
2021-12-31 00:15:00+00:00,0.21395889588958888,0.0,0.00507023705004385,1.0
2021-12-31 00:30:00+00:00,0.2142964296429642,0.0,0.0050482879719051,1.0
2021-12-31 00:45:00+00:00,0.21463396339633956,0.0,0.005026338893766399,1.0
2021-12-31 01:00:00+00:00,0.2149714971497149,0.0,0.0050043898156277,1.0
2021-12-31 01:15:00+00:00,0.2122430993099309,0.0,0.0050043898156277,1.0
2021-12-31 01:30:00+00:00,0.2095147014701469,0.0,0.0050043898156277,1.0
2021-12-31 01:45:00+00:00,0.20678630363036293,0.0,0.0050043898156277,1.0
2021-12-31 02:00:00+00:00,0.204057905790579,0.0,0.0050043898156277,1.0
2021-12-31 02:15:00+00:00,0.2029234173417341,0.0,0.0050043898156277,1.0
2021-12-31 02:30:00+00:00,0.2017889288928892,0.0,0.0050043898156277,1.0
2021-12-31 02:45:00+00:00,0.20065444044404435,0.0,0.0050043898156277,1.0
2021-12-31 03:00:00+00:00,0.1995199519951995,0.0,0.0050043898156277,1.0
2021-12-31 03:15:00+00:00,0.1987511251125112,0.0,0.0050043898156277,1.0
2021-12-31 03:30:00+00:00,0.1979822982298229,0.0,0.0050043898156277,1.0
2021-12-31 03:45:00+00:00,0.19721347134713466,0.0,0.0050043898156277,1.0
2021-12-31 04:00:00+00:00,0.1964446444644464,0.0,0.0050043898156277,1.0
2021-12-31 04:15:00+00:00,0.19527265226522644,0.0,0.0050043898156277,1.0
2021-12-31 04:30:00+00:00,0.1941006600660065,0.0,0.0050043898156277,1.0
2021-12-31 04:45:00+00:00,0.19292866786678659,0.0,0.0050043898156277,1.0
2021-12-31 05:00:00+00:00,0.1917566756675667,0.0,0.0050043898156277,1.0
2021-12-31 05:15:00+00:00,0.19097847284728464,0.0,0.0050043898156277,1.0
2021-12-31 05:30:00+00:00,0.1902002700270026,0.0,0.0050043898156277,1.0
2021-12-31 05:45:00+00:00,0.1894220672067206,0.0,0.0050043898156277,1.0
2021-12-31 06:00:00+00:00,0.1886438643864386,0.0,0.0050043898156277,1.0
2021-12-31 06:15:00+00:00,0.18947832283228314,0.0,0.006431079894644349,1.0
2021-12-31 06:30:00+00:00,0.1903127812781277,0.0,0.007857769973661,1.0
2021-12-31 06:45:00+00:00,0.1911472397239723,0.0,0.0092844600526777,1.0
2021-12-31 07:00:00+00:00,0.1919816981698169,0.0,0.0107111501316944,1.0
2021-12-31 07:15:00+00:00,0.19180355535553545,0.0,0.050921861281826054,1.0
2021-12-31 07:30:00+00:00,0.191625412541254,0.0,0.0911325724319577,1.0
2021-12-31 07:45:00+00:00,0.19144726972697262,0.0,0.13134328358208944,1.0
2021-12-31 08:00:00+00:00,0.1912691269126912,0.0,0.1715539947322212,1.0
2021-12-31 08:15:00+00:00,0.18753750375037495,0.0,0.24315188762071982,1.0
2021-12-31 08:30:00+00:00,0.1838058805880587,0.0,0.3147497805092185,1.0
2021-12-31 08:45:00+00:00,0.1800742574257425,0.0,0.3863476733977172,1.0
2021-12-31 09:00:00+00:00,0.1763426342634263,0.0,0.4579455662862159,1.0
2021-12-31 09:15:00+00:00,0.17207658265826575,0.0,0.4973441615452151,1.0
2021-12-31 09:30:00+00:00,0.1678105310531052,0.0,0.5367427568042142,1.0
2021-12-31 09:45:00+00:00,0.16354447944794476,0.0,0.5761413520632134,1.0
2021-12-31 10:00:00+00:00,0.1592784278427843,0.0,0.6155399473222125,1.0
2021-12-31 10:15:00+00:00,0.15666254125412538,0.0,0.6309482001755926,1.0
2021-12-31 10:30:00+00:00,0.1540466546654665,0.0,0.6463564530289728,1.0
2021-12-31 10:45:00+00:00,0.15143076807680766,0.0,0.6617647058823529,1.0
2021-12-31 11:00:00+00:00,0.1488148814881488,0.0,0.6771729587357331,1.0
2021-12-31 11:15:00+00:00,0.14831795679567955,0.0,0.6800043898156278,0.9991341991341991
2021-12-31 11:30:00+00:00,0.1478210321032103,0.0,0.6828358208955224,0.9982683982683982
2021-12-31 11:45:00+00:00,0.14732410741074103,0.0,0.685667251975417,0.9974025974025973
2021-12-31 12:00:00+00:00,0.1468271827182718,0.0,0.6884986830553117,0.9965367965367964
2021-12-31 12:15:00+00:00,0.1469396939693969,0.0,0.6882133450395084,0.9974025974025973
2021-12-31 12:30:00+00:00,0.147052205220522,0.0,0.687928007023705,0.9982683982683982
2021-12-31 12:45:00+00:00,0.1471647164716471,0.0,0.6876426690079016,0.9991341991341991
2021-12-31 13:00:00+00:00,0.1472772277227722,0.0,0.6873573309920983,1.0
2021-12-31 13:15:00+00:00,0.1473897389738973,0.0,0.68099209833187,1.0
2021-12-31 13:30:00+00:00,0.1475022502250224,0.0,0.6746268656716418,1.0
2021-12-31 13:45:00+00:00,0.14761476147614755,0.0,0.6682616330114135,1.0
2021-12-31 14:00:00+00:00,0.1477272727272727,0.0,0.6618964003511852,1.0
2021-12-31 14:15:00+00:00,0.14720222022202217,0.0,0.6212247585601405,1.0
2021-12-31 14:30:00+00:00,0.1466771677167716,0.0,0.5805531167690957,1.0
2021-12-31 14:45:00+00:00,0.1461521152115211,0.0,0.539881474978051,1.0
2021-12-31 15:00:00+00:00,0.1456270627062706,0.0,0.4992098331870061,1.0
2021-12-31 15:15:00+00:00,0.14743661866186614,0.0,0.4175812115891132,1.0
2021-12-31 15:30:00+00:00,0.1492461746174617,0.0,0.3359525899912203,1.0
2021-12-31 15:45:00+00:00,0.15105573057305727,0.0,0.2543239683933274,1.0
2021-12-31 16:00:00+00:00,0.1528652865286528,0.0,0.1726953467954345,1.0
2021-12-31 16:15:00+00:00,0.155818706870687,0.0,0.13553555750658464,1.0
2021-12-31 16:30:00+00:00,0.1587721272127212,0.0,0.0983757682177348,1.0
2021-12-31 16:45:00+00:00,0.16172554755475538,0.0,0.06121597892888495,1.0
2021-12-31 17:00:00+00:00,0.1646789678967896,0.0,0.0240561896400351,1.0
2021-12-31 17:15:00+00:00,0.16921692169216915,0.0,0.0207199297629499,1.0
2021-12-31 17:30:00+00:00,0.1737548754875487,0.0,0.0173836698858647,1.0
2021-12-31 17:45:00+00:00,0.17829282928292825,0.0,0.01404741000877955,1.0
2021-12-31 18:00:00+00:00,0.1828307830783078,0.0,0.0107111501316944,1.0
2021-12-31 18:15:00+00:00,0.1877437743774377,0.0,0.0099868305531167,1.0
2021-12-31 18:30:00+00:00,0.1926567656765676,0.0,0.009262510974539,1.0
2021-12-31 18:45:00+00:00,0.1975697569756975,0.0,0.008538191395961299,1.0
2021-12-31 19:00:00+00:00,0.2024827482748274,0.0,0.0078138718173836,1.0
2021-12-31 19:15:00+00:00,0.20703945394539447,0.0,0.00750658472344155,1.0
2021-12-31 19:30:00+00:00,0.2115961596159615,0.0,0.0071992976294995,1.0
2021-12-31 19:45:00+00:00,0.2161528652865286,0.0,0.00689201053555745,1.0
2021-12-31 20:00:00+00:00,0.2207095709570957,0.0,0.0065847234416154,1.0
2021-12-31 20:15:00+00:00,0.22186281128112811,0.0,0.0065847234416154,1.0
2021-12-31 20:30:00+00:00,0.2230160516051605,0.0,0.0065847234416154,1.0
2021-12-31 20:45:00+00:00,0.22416929192919288,0.0,0.0065847234416154,1.0
2021-12-31 21:00:00+00:00,0.2253225322532253,0.0,0.0065847234416154,1.0
2021-12-31 21:15:00+00:00,0.22704770477047698,0.0,0.0065847234416154,1.0
2021-12-31 21:30:00+00:00,0.2287728772877287,0.0,0.0065847234416154,1.0
2021-12-31 21:45:00+00:00,0.23049804980498045,0.0,0.0065847234416154,1.0
2021-12-31 22:00:00+00:00,0.2322232223222322,0.0,0.0065847234416154,1.0
2021-12-31 22:15:00+00:00,0.23362961296129603,0.0,0.0065847234416154,0.9816017316017316
2021-12-31 22:30:00+00:00,0.2350360036003599,0.0,0.0065847234416154,0.9632034632034632
2021-12-31 22:45:00+00:00,0.23644239423942384,0.0,0.0065847234416154,0.9448051948051948
2021-12-31 23:00:00+00:00,0.2378487848784878,0.0,0.0065847234416154,0.9264069264069263
