index,AL -> EL,BA -> HR,BG -> TR,BG -> MK,BG -> RS,BY -> LT,EE -> RU,EL -> TR,EL -> MK,EL -> AL,FI -> RU,HR -> BA,HR -> RS,HU -> RS,HU -> UA,IT -> ME,IT -> MT,LT -> BY,LV -> RU,MD -> RO,ME -> IT,MK -> EL,MK -> BG,MT -> IT,PL -> UA,RO -> RS,RO -> MD,RO -> UA,RU -> FI,RU -> LV,RU -> EE,RS -> RO,RS -> HU,RS -> BG,RS -> HR,SK -> UA,TR -> EL,TR -> BG,UA -> SK,UA -> RO,UA -> HU,UA -> PL
2021-01-01 00:00:00+00:00,206.0,293.0,97.0,273.0,200.0,338.0,0.0,0.0,0.0,0.0,0.0,0.0,0.0,0.0,0.0,0.0,46.0,0.0,0.0,0.0,561.0,242.0,0.0,0.0,0.0,13.0,0.0,0.0,1458.0,17.0,44.0,0.0,129.0,0.0,121.0,224.0,235.0,6.0,0.0,52.0,208.0,0.0
2021-01-01 01:00:00+00:00,202.0,413.0,77.0,242.0,197.0,338.0,0.0,0.0,0.0,0.0,0.0,0.0,0.0,0.0,0.0,0.0,47.0,0.0,0.0,0.0,531.0,216.0,0.0,0.0,0.0,71.0,0.0,0.0,1458.0,9.0,50.0,0.0,184.0,0.0,163.0,163.0,210.0,2.0,0.0,12.0,192.0,0.0
2021-01-01 02:00:00+00:00,266.0,547.0,80.0,208.0,163.0,338.0,0.0,0.0,0.0,0.0,0.0,0.0,0.0,0.0,0.0,0.0,45.0,0.0,0.0,0.0,363.0,265.0,0.0,0.0,0.0,141.0,0.0,62.0,1458.0,9.0,59.0,0.0,267.0,0.0,214.0,64.0,207.0,5.0,0.0,0.0,148.0,0.0
2021-01-01 03:00:00+00:00,289.0,512.0,81.0,203.0,169.0,309.0,0.0,0.0,0.0,0.0,0.0,0.0,0.0,0.0,0.0,0.0,45.0,0.0,0.0,0.0,302.0,309.0,0.0,0.0,0.0,173.0,0.0,70.0,1457.0,4.0,48.0,0.0,295.0,0.0,223.0,61.0,207.0,6.0,0.0,0.0,153.0,0.0
2021-01-01 04:00:00+00:00,301.0,514.0,93.0,209.0,173.0,302.0,0.0,0.0,0.0,0.0,0.0,0.0,0.0,0.0,0.0,0.0,53.0,0.0,0.0,0.0,301.0,343.0,0.0,0.0,0.0,204.0,0.0,60.0,1457.0,3.0,49.0,0.0,312.0,0.0,231.0,67.0,210.0,2.0,0.0,0.0,182.0,0.0
2021-01-01 05:00:00+00:00,158.0,630.0,55.0,240.0,221.0,296.0,117.0,0.0,0.0,0.0,0.0,0.0,0.0,0.0,0.0,0.0,63.0,0.0,0.0,0.0,302.0,284.0,0.0,0.0,0.0,281.0,0.0,260.0,1457.0,13.0,0.0,0.0,372.0,0.0,299.0,5.0,224.0,15.0,6.0,0.0,196.0,0.0
2021-01-01 06:00:00+00:00,180.0,737.0,183.0,218.0,156.0,174.0,182.0,0.0,0.0,0.0,0.0,0.0,0.0,0.0,0.0,0.0,86.0,0.0,0.0,0.0,310.0,354.0,0.0,0.0,0.0,213.0,0.0,294.0,1458.0,8.0,0.0,0.0,429.0,0.0,342.0,1.0,167.0,2.0,11.0,0.0,152.0,0.0
2021-01-01 07:00:00+00:00,93.0,670.0,294.0,260.0,206.0,223.0,50.0,0.0,0.0,0.0,0.0,0.0,0.0,0.0,0.0,0.0,96.0,0.0,0.0,0.0,560.0,323.0,0.0,0.0,0.0,172.0,0.0,338.0,1459.0,28.0,0.0,0.0,435.0,0.0,367.0,0.0,127.0,0.0,33.0,0.0,162.0,0.0
2021-01-01 08:00:00+00:00,59.0,789.0,168.0,296.0,261.0,331.0,0.0,0.0,0.0,0.0,0.0,0.0,0.0,0.0,0.0,0.0,97.0,0.0,0.0,0.0,567.0,275.0,0.0,0.0,0.0,228.0,0.0,392.0,1458.0,29.0,60.0,0.0,425.0,0.0,415.0,0.0,196.0,2.0,110.0,0.0,140.0,0.0
2021-01-01 09:00:00+00:00,4.0,845.0,149.0,340.0,331.0,426.0,66.0,0.0,0.0,9.0,0.0,0.0,0.0,0.0,0.0,0.0,93.0,0.0,0.0,0.0,567.0,206.0,0.0,0.0,0.0,203.0,0.0,439.0,1458.0,59.0,0.0,0.0,392.0,0.0,423.0,0.0,240.0,0.0,118.0,0.0,184.0,0.0
2021-01-01 10:00:00+00:00,0.0,915.0,121.0,377.0,415.0,437.0,64.0,0.0,0.0,39.0,0.0,0.0,0.0,0.0,0.0,0.0,93.0,0.0,0.0,0.0,556.0,155.0,0.0,0.0,0.0,166.0,0.0,501.0,1458.0,61.0,0.0,0.0,412.0,0.0,447.0,0.0,287.0,1.0,275.0,0.0,225.0,0.0
2021-01-01 11:00:00+00:00,4.0,760.0,187.0,364.0,400.0,448.0,62.0,0.0,0.0,8.0,0.0,0.0,0.0,0.0,0.0,0.0,81.0,0.0,0.0,0.0,561.0,159.0,0.0,0.0,0.0,119.0,0.0,513.0,1457.0,56.0,0.0,0.0,397.0,0.0,409.0,0.0,256.0,0.0,207.0,0.0,184.0,0.0
2021-01-01 12:00:00+00:00,5.0,722.0,184.0,330.0,363.0,444.0,52.0,0.0,0.0,10.0,0.0,0.0,0.0,0.0,0.0,0.0,81.0,0.0,0.0,0.0,571.0,136.0,0.0,0.0,0.0,128.0,0.0,502.0,1443.0,52.0,0.0,0.0,433.0,0.0,417.0,0.0,211.0,0.0,184.0,0.0,181.0,0.0
2021-01-01 13:00:00+00:00,36.0,643.0,118.0,335.0,327.0,442.0,46.0,0.0,0.0,0.0,0.0,0.0,0.0,0.0,0.0,0.0,80.0,0.0,0.0,0.0,566.0,164.0,0.0,0.0,0.0,144.0,0.0,457.0,1454.0,48.0,0.0,0.0,447.0,0.0,404.0,0.0,244.0,2.0,100.0,0.0,203.0,0.0
2021-01-01 14:00:00+00:00,28.0,649.0,86.0,324.0,304.0,395.0,28.0,0.0,0.0,1.0,0.0,0.0,0.0,0.0,0.0,0.0,83.0,0.0,0.0,0.0,478.0,148.0,0.0,0.0,0.0,89.0,0.0,407.0,1456.0,66.0,0.0,0.0,457.0,0.0,404.0,0.0,255.0,9.0,105.0,0.0,243.0,0.0
2021-01-01 15:00:00+00:00,83.0,469.0,85.0,326.0,281.0,432.0,54.0,0.0,0.0,0.0,0.0,0.0,0.0,0.0,0.0,0.0,118.0,0.0,0.0,0.0,356.0,179.0,0.0,0.0,0.0,21.0,0.0,258.0,1457.0,56.0,0.0,0.0,420.0,0.0,336.0,14.0,263.0,7.0,2.0,0.0,248.0,0.0
2021-01-01 16:00:00+00:00,92.0,454.0,88.0,335.0,284.0,444.0,61.0,0.0,0.0,0.0,0.0,0.0,0.0,0.0,0.0,0.0,142.0,0.0,0.0,0.0,296.0,181.0,0.0,0.0,0.0,21.0,0.0,180.0,1471.0,54.0,0.0,0.0,362.0,0.0,294.0,94.0,248.0,6.0,0.0,0.0,255.0,0.0
2021-01-01 17:00:00+00:00,71.0,490.0,82.0,311.0,258.0,486.0,102.0,0.0,0.0,0.0,0.0,0.0,0.0,0.0,0.0,0.0,163.0,0.0,0.0,0.0,297.0,153.0,0.0,0.0,0.0,39.0,0.0,191.0,1458.0,65.0,0.0,0.0,363.0,0.0,297.0,80.0,223.0,7.0,0.0,0.0,253.0,0.0
2021-01-01 18:00:00+00:00,78.0,529.0,69.0,313.0,244.0,395.0,201.0,0.0,0.0,0.0,0.0,0.0,0.0,0.0,0.0,0.0,162.0,0.0,0.0,0.0,296.0,173.0,0.0,0.0,0.0,29.0,0.0,174.0,1458.0,48.0,0.0,0.0,328.0,0.0,283.0,120.0,213.0,13.0,0.0,0.0,282.0,0.0
2021-01-01 19:00:00+00:00,84.0,501.0,51.0,307.0,221.0,519.0,135.0,0.0,0.0,0.0,0.0,0.0,0.0,0.0,0.0,0.0,152.0,0.0,0.0,0.0,297.0,195.0,0.0,0.0,0.0,63.0,0.0,125.0,1458.0,72.0,0.0,0.0,290.0,0.0,274.0,123.0,202.0,18.0,0.0,0.0,276.0,0.0
2021-01-01 20:00:00+00:00,77.0,554.0,48.0,298.0,212.0,442.0,232.0,0.0,0.0,0.0,0.0,0.0,0.0,0.0,0.0,0.0,135.0,0.0,0.0,0.0,303.0,188.0,0.0,0.0,0.0,136.0,0.0,163.0,1457.0,59.0,0.0,0.0,335.0,0.0,305.0,88.0,205.0,18.0,0.0,0.0,282.0,0.0
2021-01-01 21:00:00+00:00,76.0,262.0,64.0,278.0,175.0,571.0,132.0,0.0,0.0,0.0,0.0,0.0,0.0,0.0,0.0,0.0,115.0,0.0,0.0,0.0,506.0,173.0,0.0,0.0,0.0,114.0,0.0,0.0,1443.0,96.0,0.0,0.0,254.0,0.0,221.0,216.0,164.0,20.0,0.0,25.0,269.0,0.0
2021-01-01 22:00:00+00:00,124.0,273.0,37.0,273.0,164.0,570.0,154.0,0.0,0.0,0.0,0.0,0.0,0.0,0.0,0.0,0.0,93.0,0.0,0.0,0.0,545.0,170.0,0.0,0.0,0.0,101.0,0.0,0.0,1472.0,95.0,0.0,0.0,230.0,0.0,211.0,238.0,156.0,22.0,0.0,51.0,249.0,0.0
2021-01-01 23:00:00+00:00,335.0,349.0,86.0,250.0,91.0,440.0,79.0,0.0,0.0,0.0,0.0,0.0,0.0,0.0,0.0,0.0,65.0,0.0,0.0,0.0,584.0,357.0,0.0,0.0,0.0,204.0,0.0,0.0,1458.0,66.0,0.0,0.0,196.0,0.0,214.0,203.0,132.0,6.0,0.0,7.0,284.0,0.0
2021-01-02 00:00:00+00:00,394.0,637.0,69.0,233.0,76.0,500.0,49.0,0.0,0.0,0.0,0.0,0.0,0.0,0.0,0.0,0.0,48.0,0.0,0.0,0.0,345.0,432.0,0.0,0.0,0.0,127.0,0.0,32.0,1457.0,66.0,0.0,0.0,298.0,0.0,291.0,152.0,137.0,14.0,0.0,0.0,277.0,0.0
2021-01-02 01:00:00+00:00,408.0,731.0,35.0,191.0,48.0,451.0,0.0,0.0,0.0,0.0,0.0,0.0,0.0,0.0,0.0,0.0,39.0,0.0,0.0,0.0,183.0,415.0,0.0,0.0,0.0,174.0,0.0,60.0,1455.0,48.0,38.0,0.0,376.0,0.0,321.0,101.0,113.0,20.0,0.0,0.0,223.0,0.0
2021-01-02 02:00:00+00:00,444.0,763.0,36.0,147.0,0.0,445.0,0.0,1.0,0.0,0.0,0.0,0.0,0.0,0.0,0.0,0.0,36.0,0.0,0.0,0.0,1.0,423.0,0.0,0.0,0.0,256.0,0.0,59.0,1451.0,48.0,40.0,0.0,431.0,1.0,343.0,71.0,55.0,24.0,0.0,0.0,190.0,0.0
2021-01-02 03:00:00+00:00,435.0,705.0,47.0,118.0,0.0,468.0,17.0,3.0,0.0,0.0,0.0,0.0,0.0,0.0,0.0,0.0,44.0,0.0,0.0,0.0,1.0,412.0,0.0,0.0,0.0,231.0,0.0,39.0,1437.0,80.0,0.0,0.0,429.0,43.0,328.0,87.0,34.0,18.0,0.0,0.0,186.0,0.0
2021-01-02 04:00:00+00:00,447.0,693.0,4.0,118.0,0.0,449.0,35.0,0.0,0.0,0.0,0.0,0.0,0.0,0.0,0.0,0.0,51.0,0.0,0.0,0.0,1.0,434.0,0.0,0.0,0.0,95.0,0.0,22.0,1451.0,90.0,0.0,0.0,428.0,64.0,332.0,104.0,68.0,71.0,0.0,0.0,188.0,0.0
2021-01-02 05:00:00+00:00,321.0,731.0,11.0,167.0,0.0,325.0,167.0,0.0,0.0,0.0,0.0,0.0,0.0,0.0,0.0,0.0,73.0,0.0,0.0,0.0,1.0,372.0,0.0,0.0,0.0,0.0,0.0,147.0,1451.0,104.0,0.0,5.0,411.0,9.0,330.0,88.0,85.0,56.0,0.0,0.0,210.0,0.0
2021-01-02 06:00:00+00:00,307.0,779.0,8.0,174.0,9.0,365.0,126.0,0.0,0.0,0.0,0.0,0.0,0.0,0.0,0.0,0.0,96.0,0.0,0.0,0.0,1.0,356.0,0.0,0.0,0.0,0.0,0.0,165.0,1452.0,133.0,0.0,5.0,456.0,0.0,362.0,104.0,82.0,66.0,0.0,0.0,197.0,0.0
2021-01-02 07:00:00+00:00,202.0,924.0,6.0,194.0,70.0,493.0,0.0,0.0,0.0,0.0,0.0,0.0,0.0,0.0,0.0,0.0,111.0,0.0,0.0,0.0,1.0,257.0,0.0,0.0,0.0,0.0,0.0,204.0,1457.0,159.0,49.0,29.0,485.0,0.0,419.0,64.0,125.0,78.0,0.0,0.0,248.0,0.0
2021-01-02 08:00:00+00:00,138.0,955.0,18.0,228.0,134.0,520.0,2.0,0.0,0.0,0.0,0.0,0.0,0.0,0.0,0.0,0.0,107.0,0.0,0.0,0.0,1.0,180.0,0.0,0.0,0.0,0.0,0.0,244.0,1456.0,161.0,0.0,64.0,460.0,0.0,435.0,10.0,151.0,40.0,16.0,0.0,236.0,0.0
2021-01-02 09:00:00+00:00,140.0,1038.0,8.0,222.0,148.0,561.0,47.0,0.0,0.0,0.0,0.0,0.0,0.0,0.0,0.0,217.0,103.0,0.0,0.0,0.0,0.0,137.0,0.0,0.0,0.0,6.0,0.0,279.0,1456.0,161.0,0.0,0.0,468.0,0.0,453.0,0.0,126.0,56.0,64.0,0.0,220.0,0.0
2021-01-02 10:00:00+00:00,151.0,1056.0,6.0,226.0,165.0,586.0,73.0,0.0,0.0,0.0,0.0,0.0,0.0,0.0,0.0,294.0,88.0,0.0,0.0,0.0,0.0,127.0,0.0,0.0,0.0,42.0,0.0,327.0,1455.0,164.0,0.0,0.0,496.0,0.0,467.0,0.0,134.0,82.0,117.0,0.0,214.0,0.0
2021-01-02 11:00:00+00:00,129.0,1069.0,10.0,218.0,154.0,603.0,87.0,0.0,0.0,0.0,0.0,0.0,0.0,0.0,0.0,294.0,130.0,0.0,0.0,0.0,0.0,157.0,0.0,0.0,0.0,81.0,0.0,335.0,1455.0,163.0,0.0,0.0,510.0,0.0,471.0,0.0,164.0,62.0,107.0,0.0,223.0,0.0
2021-01-02 12:00:00+00:00,183.0,1063.0,6.0,209.0,140.0,612.0,98.0,0.0,0.0,0.0,0.0,0.0,0.0,0.0,0.0,294.0,141.0,0.0,0.0,0.0,0.0,166.0,0.0,0.0,0.0,118.0,0.0,323.0,1454.0,168.0,0.0,0.0,535.0,0.0,482.0,0.0,161.0,74.0,82.0,0.0,234.0,0.0
2021-01-02 13:00:00+00:00,182.0,989.0,18.0,236.0,134.0,517.0,127.0,0.0,0.0,0.0,0.0,0.0,0.0,0.0,0.0,294.0,156.0,0.0,0.0,0.0,0.0,179.0,0.0,0.0,0.0,82.0,0.0,283.0,1453.0,143.0,0.0,0.0,546.0,0.0,464.0,0.0,171.0,51.0,24.0,0.0,251.0,0.0
2021-01-02 14:00:00+00:00,169.0,1003.0,34.0,234.0,159.0,498.0,124.0,0.0,0.0,0.0,0.0,0.0,0.0,0.0,0.0,294.0,158.0,0.0,0.0,0.0,0.0,130.0,0.0,0.0,0.0,0.0,0.0,328.0,1456.0,132.0,0.0,21.0,579.0,0.0,466.0,0.0,193.0,62.0,28.0,0.0,281.0,0.0
2021-01-02 15:00:00+00:00,213.0,759.0,51.0,273.0,162.0,471.0,124.0,0.0,0.0,0.0,0.0,0.0,0.0,0.0,0.0,272.0,149.0,0.0,0.0,0.0,0.0,210.0,0.0,0.0,0.0,0.0,0.0,224.0,1456.0,120.0,0.0,79.0,454.0,0.0,353.0,78.0,194.0,19.0,0.0,0.0,310.0,0.0
2021-01-02 16:00:00+00:00,139.0,351.0,73.0,340.0,202.0,526.0,88.0,0.0,0.0,0.0,0.0,0.0,0.0,0.0,0.0,0.0,146.0,0.0,0.0,0.0,384.0,245.0,0.0,0.0,0.0,0.0,0.0,91.0,1456.0,138.0,0.0,55.0,285.0,0.0,244.0,183.0,231.0,11.0,0.0,0.0,332.0,0.0
2021-01-02 17:00:00+00:00,97.0,405.0,79.0,345.0,228.0,500.0,141.0,0.0,0.0,0.0,0.0,0.0,0.0,0.0,0.0,0.0,150.0,0.0,0.0,0.0,499.0,227.0,0.0,0.0,0.0,0.0,0.0,123.0,1457.0,125.0,0.0,71.0,268.0,0.0,251.0,150.0,263.0,9.0,0.0,0.0,338.0,0.0
2021-01-02 18:00:00+00:00,77.0,472.0,115.0,335.0,224.0,604.0,104.0,0.0,0.0,0.0,0.0,0.0,0.0,0.0,0.0,0.0,145.0,0.0,0.0,0.0,514.0,220.0,0.0,0.0,0.0,0.0,0.0,146.0,1456.0,150.0,0.0,37.0,262.0,0.0,259.0,184.0,266.0,2.0,0.0,0.0,392.0,0.0
2021-01-02 19:00:00+00:00,54.0,606.0,130.0,323.0,229.0,497.0,203.0,0.0,0.0,0.0,0.0,0.0,0.0,0.0,0.0,0.0,122.0,0.0,0.0,0.0,523.0,183.0,0.0,0.0,0.0,23.0,0.0,173.0,1455.0,140.0,0.0,0.0,275.0,0.0,296.0,192.0,271.0,3.0,0.0,0.0,417.0,0.0
2021-01-02 20:00:00+00:00,51.0,639.0,100.0,303.0,209.0,438.0,272.0,0.0,0.0,0.0,0.0,0.0,0.0,0.0,0.0,0.0,94.0,0.0,0.0,0.0,537.0,186.0,0.0,0.0,0.0,130.0,0.0,224.0,1454.0,117.0,0.0,0.0,306.0,0.0,328.0,152.0,267.0,4.0,0.0,0.0,379.0,0.0
2021-01-02 21:00:00+00:00,5.0,712.0,66.0,310.0,251.0,437.0,257.0,0.0,0.0,17.0,0.0,0.0,0.0,0.0,0.0,0.0,125.0,0.0,0.0,0.0,536.0,75.0,0.0,0.0,0.0,147.0,0.0,287.0,1455.0,71.0,0.0,0.0,343.0,0.0,365.0,18.0,227.0,6.0,5.0,0.0,410.0,0.0
2021-01-02 22:00:00+00:00,2.0,766.0,128.0,285.0,264.0,390.0,314.0,0.0,18.0,36.0,0.0,0.0,0.0,0.0,0.0,0.0,139.0,0.0,0.0,0.0,549.0,20.0,0.0,0.0,0.0,169.0,0.0,344.0,1472.0,58.0,0.0,0.0,341.0,0.0,385.0,0.0,135.0,4.0,35.0,0.0,397.0,0.0
2021-01-02 23:00:00+00:00,0.0,640.0,137.0,207.0,229.0,710.0,91.0,0.0,138.0,126.0,0.0,0.0,0.0,0.0,0.0,0.0,129.0,0.0,0.0,0.0,597.0,0.0,0.0,0.0,0.0,41.0,0.0,248.0,1457.0,114.0,0.0,0.0,305.0,0.0,330.0,9.0,135.0,0.0,7.0,0.0,325.0,0.0
2021-01-03 00:00:00+00:00,114.0,473.0,215.0,229.0,144.0,699.0,63.0,0.0,5.0,4.0,0.0,0.0,0.0,0.0,0.0,0.0,111.0,0.0,0.0,0.0,524.0,230.0,0.0,0.0,0.0,84.0,0.0,154.0,1457.0,106.0,0.0,0.0,267.0,0.0,269.0,152.0,225.0,1.0,0.0,0.0,267.0,0.0
2021-01-03 01:00:00+00:00,110.0,614.0,249.0,187.0,126.0,597.0,0.0,0.0,0.0,0.0,0.0,0.0,0.0,0.0,0.0,0.0,106.0,0.0,0.0,0.0,352.0,197.0,0.0,0.0,0.0,164.0,0.0,185.0,1458.0,71.0,6.0,0.0,349.0,0.0,326.0,109.0,174.0,0.0,0.0,0.0,254.0,0.0
2021-01-03 02:00:00+00:00,70.0,775.0,263.0,162.0,139.0,581.0,0.0,0.0,0.0,0.0,0.0,0.0,0.0,0.0,0.0,0.0,104.0,0.0,0.0,0.0,301.0,140.0,0.0,0.0,0.0,251.0,0.0,247.0,1447.0,66.0,50.0,0.0,425.0,0.0,381.0,24.0,126.0,0.0,0.0,0.0,211.0,0.0
2021-01-03 03:00:00+00:00,89.0,794.0,344.0,144.0,107.0,590.0,17.0,25.0,0.0,0.0,0.0,0.0,0.0,0.0,0.0,0.0,103.0,0.0,0.0,0.0,301.0,147.0,0.0,0.0,0.0,220.0,0.0,222.0,1451.0,98.0,0.0,0.0,429.0,0.0,383.0,49.0,6.0,0.0,0.0,0.0,224.0,0.0
2021-01-03 04:00:00+00:00,92.0,836.0,303.0,179.0,154.0,603.0,42.0,19.0,0.0,0.0,0.0,0.0,0.0,0.0,0.0,0.0,117.0,0.0,0.0,0.0,302.0,170.0,0.0,0.0,0.0,220.0,0.0,226.0,1456.0,126.0,0.0,0.0,447.0,0.0,400.0,46.0,11.0,0.0,0.0,0.0,223.0,0.0
2021-01-03 05:00:00+00:00,106.0,931.0,234.0,235.0,176.0,562.0,27.0,0.0,0.0,0.0,0.0,0.0,0.0,0.0,0.0,0.0,126.0,0.0,0.0,0.0,310.0,248.0,0.0,0.0,0.0,0.0,0.0,274.0,1455.0,137.0,0.0,29.0,475.0,0.0,439.0,51.0,72.0,0.0,0.0,0.0,256.0,0.0
2021-01-03 06:00:00+00:00,74.0,747.0,114.0,262.0,171.0,526.0,17.0,0.0,0.0,0.0,0.0,0.0,0.0,0.0,0.0,0.0,150.0,0.0,0.0,0.0,591.0,267.0,0.0,0.0,0.0,0.0,0.0,215.0,1454.0,153.0,0.0,108.0,399.0,0.0,378.0,159.0,133.0,5.0,0.0,0.0,264.0,0.0
2021-01-03 07:00:00+00:00,15.0,741.0,72.0,267.0,181.0,491.0,3.0,0.0,0.0,4.0,0.0,0.0,0.0,0.0,0.0,0.0,162.0,0.0,0.0,0.0,600.0,179.0,0.0,0.0,0.0,0.0,0.0,207.0,1456.0,138.0,0.0,80.0,407.0,0.0,382.0,206.0,179.0,14.0,0.0,0.0,226.0,0.0
2021-01-03 08:00:00+00:00,0.0,698.0,55.0,280.0,226.0,511.0,0.0,0.0,0.0,45.0,0.0,0.0,0.0,0.0,0.0,0.0,151.0,0.0,0.0,0.0,599.0,93.0,0.0,0.0,0.0,0.0,0.0,206.0,1455.0,114.0,29.0,56.0,371.0,0.0,370.0,232.0,192.0,10.0,0.0,0.0,293.0,0.0
2021-01-03 09:00:00+00:00,7.0,486.0,35.0,298.0,224.0,561.0,0.0,0.0,0.0,8.0,0.0,0.0,0.0,0.0,0.0,0.0,142.0,0.0,0.0,0.0,552.0,99.0,0.0,0.0,0.0,6.0,0.0,225.0,1455.0,107.0,28.0,0.0,316.0,0.0,308.0,162.0,209.0,19.0,0.0,0.0,298.0,0.0
2021-01-03 10:00:00+00:00,24.0,433.0,50.0,291.0,211.0,561.0,0.0,0.0,0.0,2.0,0.0,0.0,0.0,0.0,0.0,0.0,138.0,0.0,0.0,0.0,551.0,112.0,0.0,0.0,0.0,0.0,0.0,228.0,1455.0,124.0,14.0,0.0,287.0,0.0,281.0,172.0,183.0,10.0,0.0,0.0,295.0,0.0
2021-01-03 11:00:00+00:00,37.0,425.0,40.0,285.0,205.0,555.0,5.0,0.0,0.0,0.0,0.0,0.0,0.0,0.0,0.0,0.0,131.0,0.0,0.0,0.0,552.0,116.0,0.0,0.0,0.0,3.0,0.0,207.0,1454.0,131.0,0.0,0.0,295.0,0.0,272.0,205.0,172.0,22.0,0.0,0.0,287.0,0.0
2021-01-03 12:00:00+00:00,50.0,560.0,30.0,262.0,183.0,583.0,44.0,0.0,0.0,0.0,0.0,0.0,0.0,0.0,0.0,0.0,128.0,0.0,0.0,0.0,333.0,95.0,0.0,0.0,0.0,0.0,0.0,214.0,1455.0,129.0,0.0,63.0,322.0,0.0,291.0,223.0,154.0,28.0,0.0,0.0,295.0,0.0
2021-01-03 13:00:00+00:00,101.0,591.0,42.0,250.0,110.0,593.0,27.0,0.0,0.0,0.0,0.0,0.0,0.0,0.0,0.0,0.0,139.0,0.0,0.0,0.0,252.0,182.0,0.0,0.0,0.0,0.0,0.0,183.0,1455.0,110.0,0.0,135.0,364.0,0.0,310.0,259.0,176.0,22.0,0.0,0.0,290.0,0.0
2021-01-03 14:00:00+00:00,89.0,547.0,70.0,228.0,63.0,554.0,3.0,0.0,0.0,0.0,0.0,0.0,0.0,0.0,0.0,0.0,158.0,0.0,0.0,0.0,251.0,149.0,0.0,0.0,0.0,0.0,0.0,54.0,1454.0,112.0,0.0,211.0,375.0,0.0,302.0,324.0,222.0,14.0,0.0,0.0,308.0,0.0
2021-01-03 15:00:00+00:00,172.0,379.0,60.0,246.0,52.0,549.0,0.0,0.0,0.0,0.0,0.0,0.0,0.0,0.0,0.0,0.0,126.0,0.0,0.0,0.0,259.0,173.0,0.0,0.0,0.0,0.0,0.0,0.0,1453.0,108.0,23.0,228.0,284.0,0.0,203.0,427.0,223.0,14.0,0.0,106.0,312.0,0.0
2021-01-03 16:00:00+00:00,90.0,405.0,124.0,278.0,116.0,547.0,0.0,0.0,0.0,0.0,0.0,0.0,0.0,0.0,0.0,0.0,84.0,0.0,0.0,0.0,501.0,133.0,0.0,0.0,0.0,0.0,0.0,0.0,1455.0,109.0,20.0,266.0,214.0,0.0,194.0,495.0,259.0,4.0,0.0,159.0,392.0,0.0
2021-01-03 17:00:00+00:00,99.0,469.0,122.0,279.0,121.0,564.0,0.0,0.0,0.0,0.0,0.0,0.0,0.0,0.0,0.0,0.0,72.0,0.0,0.0,0.0,526.0,143.0,0.0,0.0,0.0,0.0,0.0,0.0,1457.0,120.0,18.0,227.0,204.0,0.0,199.0,503.0,279.0,2.0,0.0,143.0,421.0,0.0
2021-01-03 18:00:00+00:00,64.0,403.0,108.0,255.0,80.0,579.0,27.0,0.0,0.0,0.0,0.0,0.0,0.0,0.0,0.0,0.0,64.0,0.0,0.0,0.0,557.0,190.0,0.0,0.0,0.0,0.0,0.0,0.0,1457.0,129.0,0.0,267.0,233.0,0.0,201.0,447.0,291.0,2.0,0.0,117.0,361.0,0.0
2021-01-03 19:00:00+00:00,62.0,243.0,103.0,226.0,66.0,545.0,0.0,0.0,0.0,0.0,0.0,0.0,0.0,0.0,0.0,0.0,50.0,0.0,0.0,0.0,558.0,178.0,0.0,0.0,0.0,0.0,0.0,0.0,1458.0,133.0,16.0,150.0,195.0,0.0,163.0,408.0,267.0,2.0,0.0,73.0,290.0,0.0
2021-01-03 20:00:00+00:00,44.0,313.0,83.0,229.0,90.0,543.0,0.0,0.0,0.0,0.0,0.0,0.0,0.0,0.0,0.0,0.0,55.0,0.0,0.0,0.0,559.0,153.0,0.0,0.0,0.0,0.0,0.0,0.0,1457.0,115.0,16.0,179.0,211.0,0.0,201.0,358.0,271.0,7.0,0.0,36.0,281.0,0.0
2021-01-03 21:00:00+00:00,17.0,398.0,78.0,244.0,143.0,591.0,0.0,0.0,0.0,4.0,0.0,0.0,0.0,0.0,0.0,0.0,125.0,0.0,0.0,0.0,599.0,87.0,0.0,0.0,0.0,0.0,0.0,1.0,1480.0,89.0,123.0,104.0,227.0,0.0,236.0,233.0,253.0,16.0,0.0,0.0,351.0,0.0
2021-01-03 22:00:00+00:00,20.0,555.0,119.0,254.0,176.0,563.0,0.0,0.0,0.0,7.0,0.0,0.0,0.0,0.0,0.0,0.0,107.0,0.0,0.0,0.0,558.0,88.0,0.0,0.0,0.0,0.0,0.0,85.0,1459.0,88.0,62.0,95.0,282.0,0.0,286.0,151.0,242.0,2.0,0.0,0.0,324.0,0.0
2021-01-03 23:00:00+00:00,147.0,519.0,168.0,166.0,30.0,543.0,0.0,0.0,0.0,0.0,0.0,0.0,0.0,0.0,0.0,0.0,85.0,0.0,0.0,0.0,301.0,211.0,0.0,0.0,0.0,0.0,0.0,0.0,1460.0,65.0,175.0,133.0,200.0,0.0,231.0,96.0,206.0,2.0,0.0,45.0,365.0,0.0
2021-01-04 00:00:00+00:00,150.0,610.0,244.0,133.0,0.0,555.0,0.0,0.0,0.0,0.0,0.0,0.0,0.0,0.0,0.0,0.0,73.0,0.0,0.0,0.0,438.0,262.0,0.0,0.0,0.0,0.0,0.0,0.0,1460.0,72.0,182.0,158.0,259.0,11.0,269.0,62.0,145.0,0.0,0.0,25.0,378.0,0.0
2021-01-04 01:00:00+00:00,135.0,563.0,488.0,66.0,0.0,581.0,0.0,86.0,0.0,0.0,0.0,0.0,0.0,0.0,0.0,0.0,66.0,0.0,0.0,0.0,600.0,228.0,0.0,0.0,0.0,0.0,0.0,0.0,1439.0,64.0,176.0,54.0,285.0,88.0,269.0,111.0,2.0,0.0,0.0,106.0,345.0,0.0
2021-01-04 02:00:00+00:00,97.0,673.0,451.0,32.0,0.0,529.0,0.0,163.0,0.0,0.0,0.0,0.0,0.0,0.0,0.0,0.0,66.0,0.0,0.0,0.0,600.0,131.0,1.0,0.0,0.0,0.0,0.0,0.0,1456.0,76.0,200.0,0.0,369.0,75.0,310.0,41.0,0.0,0.0,0.0,67.0,312.0,0.0
2021-01-04 03:00:00+00:00,113.0,626.0,336.0,34.0,0.0,453.0,0.0,131.0,0.0,0.0,0.0,0.0,0.0,0.0,0.0,0.0,73.0,0.0,0.0,0.0,600.0,132.0,0.0,0.0,0.0,0.0,0.0,0.0,1455.0,79.0,226.0,26.0,395.0,67.0,300.0,45.0,0.0,0.0,0.0,53.0,288.0,0.0
2021-01-04 04:00:00+00:00,151.0,570.0,53.0,72.0,0.0,409.0,0.0,22.0,0.0,0.0,0.0,0.0,0.0,0.0,0.0,0.0,98.0,0.0,0.0,0.0,600.0,190.0,0.0,0.0,0.0,0.0,0.0,0.0,1456.0,85.0,233.0,33.0,358.0,63.0,274.0,229.0,17.0,16.0,0.0,161.0,321.0,0.0
2021-01-04 05:00:00+00:00,103.0,713.0,43.0,167.0,63.0,397.0,0.0,1.0,0.0,0.0,0.0,0.0,0.0,0.0,0.0,0.0,142.0,0.0,0.0,0.0,600.0,175.0,0.0,0.0,0.0,0.0,0.0,0.0,1457.0,75.0,278.0,70.0,406.0,0.0,318.0,253.0,132.0,22.0,0.0,68.0,367.0,0.0
2021-01-04 06:00:00+00:00,86.0,457.0,35.0,137.0,5.0,436.0,0.0,0.0,0.0,0.0,0.0,0.0,0.0,0.0,0.0,0.0,159.0,0.0,0.0,0.0,600.0,142.0,0.0,0.0,0.0,0.0,0.0,0.0,1457.0,92.0,231.0,269.0,324.0,0.0,230.0,383.0,161.0,20.0,0.0,148.0,348.0,0.0
2021-01-04 07:00:00+00:00,69.0,474.0,58.0,147.0,0.0,600.0,0.0,0.0,0.0,0.0,0.0,0.0,0.0,0.0,0.0,0.0,114.0,0.0,0.0,0.0,600.0,176.0,0.0,0.0,0.0,0.0,0.0,0.0,1457.0,146.0,29.0,415.0,284.0,15.0,193.0,451.0,225.0,10.0,0.0,204.0,349.0,0.0
2021-01-04 08:00:00+00:00,34.0,300.0,47.0,142.0,0.0,684.0,22.0,0.0,0.0,0.0,0.0,0.0,0.0,0.0,0.0,0.0,55.0,0.0,0.0,0.0,600.0,87.0,0.0,0.0,0.0,0.0,0.0,0.0,1457.0,144.0,0.0,410.0,212.0,19.0,116.0,376.0,209.0,12.0,0.0,200.0,289.0,0.0
2021-01-04 09:00:00+00:00,16.0,454.0,45.0,154.0,6.0,716.0,17.0,0.0,8.0,7.0,0.0,0.0,0.0,0.0,0.0,0.0,60.0,0.0,0.0,0.0,601.0,33.0,0.0,0.0,0.0,0.0,0.0,0.0,1456.0,154.0,0.0,341.0,186.0,0.0,140.0,366.0,231.0,22.0,0.0,163.0,330.0,0.0
2021-01-04 10:00:00+00:00,22.0,491.0,64.0,178.0,33.0,703.0,0.0,0.0,2.0,1.0,0.0,0.0,0.0,0.0,0.0,0.0,101.0,0.0,0.0,0.0,601.0,36.0,0.0,0.0,0.0,0.0,0.0,0.0,1456.0,132.0,32.0,303.0,191.0,0.0,156.0,316.0,226.0,12.0,0.0,109.0,358.0,0.0
2021-01-04 11:00:00+00:00,39.0,642.0,36.0,172.0,54.0,706.0,0.0,0.0,1.0,1.0,0.0,0.0,0.0,0.0,0.0,0.0,119.0,0.0,0.0,0.0,373.0,30.0,0.0,0.0,0.0,0.0,0.0,0.0,1456.0,119.0,54.0,293.0,249.0,0.0,191.0,314.0,201.0,11.0,0.0,89.0,372.0,0.0
2021-01-04 12:00:00+00:00,2.0,739.0,30.0,158.0,75.0,699.0,0.0,0.0,34.0,17.0,0.0,0.0,0.0,0.0,0.0,0.0,121.0,0.0,0.0,0.0,302.0,1.0,0.0,0.0,0.0,0.0,0.0,7.0,1456.0,118.0,58.0,233.0,331.0,0.0,256.0,197.0,184.0,26.0,0.0,0.0,348.0,0.0
2021-01-04 13:00:00+00:00,15.0,715.0,54.0,183.0,76.0,688.0,0.0,0.0,22.0,4.0,0.0,0.0,0.0,0.0,0.0,0.0,145.0,0.0,0.0,0.0,310.0,3.0,0.0,0.0,0.0,0.0,0.0,13.0,1455.0,108.0,94.0,207.0,328.0,0.0,262.0,209.0,192.0,10.0,0.0,0.0,336.0,0.0
2021-01-04 14:00:00+00:00,12.0,663.0,69.0,214.0,127.0,597.0,0.0,0.0,11.0,2.0,0.0,0.0,0.0,0.0,0.0,0.0,120.0,0.0,0.0,0.0,591.0,8.0,0.0,0.0,0.0,0.0,0.0,0.0,1454.0,102.0,185.0,140.0,312.0,0.0,260.0,290.0,218.0,6.0,0.0,8.0,367.0,0.0
2021-01-04 15:00:00+00:00,47.0,694.0,68.0,252.0,157.0,621.0,0.0,0.0,0.0,0.0,0.0,0.0,0.0,0.0,0.0,0.0,114.0,0.0,0.0,0.0,600.0,88.0,0.0,0.0,0.0,0.0,0.0,0.0,1454.0,85.0,186.0,225.0,284.0,0.0,244.0,445.0,242.0,8.0,0.0,117.0,395.0,0.0
2021-01-04 16:00:00+00:00,94.0,649.0,138.0,324.0,212.0,589.0,0.0,0.0,0.0,0.0,0.0,0.0,0.0,0.0,0.0,0.0,109.0,0.0,0.0,0.0,600.0,203.0,0.0,0.0,0.0,0.0,0.0,0.0,1456.0,75.0,209.0,123.0,263.0,0.0,227.0,455.0,302.0,1.0,0.0,132.0,395.0,0.0
2021-01-04 17:00:00+00:00,33.0,739.0,137.0,322.0,242.0,522.0,0.0,0.0,0.0,1.0,0.0,0.0,0.0,0.0,0.0,0.0,127.0,0.0,0.0,0.0,600.0,146.0,0.0,0.0,0.0,0.0,0.0,0.0,1456.0,66.0,208.0,114.0,279.0,0.0,250.0,366.0,316.0,2.0,0.0,59.0,391.0,0.0
2021-01-04 18:00:00+00:00,47.0,737.0,175.0,324.0,233.0,636.0,0.0,0.0,0.0,0.0,0.0,0.0,0.0,0.0,0.0,0.0,126.0,0.0,0.0,0.0,600.0,190.0,0.0,0.0,0.0,0.0,0.0,0.0,1456.0,105.0,36.0,118.0,246.0,0.0,244.0,330.0,325.0,0.0,0.0,49.0,405.0,0.0
2021-01-04 19:00:00+00:00,1.0,558.0,163.0,333.0,271.0,738.0,69.0,0.0,0.0,37.0,0.0,0.0,0.0,0.0,0.0,0.0,105.0,0.0,0.0,0.0,600.0,155.0,0.0,0.0,0.0,17.0,0.0,0.0,1454.0,141.0,0.0,0.0,157.0,0.0,219.0,280.0,333.0,0.0,0.0,23.0,419.0,0.0
2021-01-04 20:00:00+00:00,0.0,756.0,130.0,320.0,317.0,702.0,0.0,0.0,0.0,96.0,0.0,0.0,0.0,0.0,0.0,0.0,117.0,0.0,0.0,0.0,600.0,61.0,0.0,0.0,0.0,140.0,0.0,55.0,1453.0,104.0,0.0,0.0,213.0,0.0,295.0,166.0,335.0,6.0,0.0,0.0,427.0,0.0
2021-01-04 21:00:00+00:00,0.0,759.0,182.0,334.0,349.0,667.0,0.0,0.0,1.0,100.0,0.0,0.0,0.0,0.0,0.0,0.0,142.0,0.0,0.0,0.0,600.0,52.0,0.0,0.0,0.0,126.0,0.0,89.0,1472.0,67.0,77.0,0.0,245.0,0.0,320.0,74.0,367.0,3.0,0.0,0.0,430.0,0.0
2021-01-04 22:00:00+00:00,0.0,706.0,209.0,294.0,289.0,631.0,0.0,0.0,6.0,55.0,0.0,0.0,0.0,0.0,0.0,0.0,123.0,0.0,0.0,0.0,600.0,101.0,0.0,0.0,0.0,111.0,0.0,157.0,1464.0,96.0,85.0,0.0,266.0,0.0,330.0,2.0,378.0,0.0,9.0,0.0,404.0,0.0
2021-01-04 23:00:00+00:00,0.0,936.0,181.0,267.0,344.0,689.0,0.0,0.0,20.0,93.0,0.0,0.0,0.0,0.0,0.0,0.0,106.0,0.0,0.0,0.0,600.0,29.0,0.0,0.0,0.0,127.0,0.0,252.0,1460.0,85.0,139.0,0.0,377.0,0.0,408.0,0.0,343.0,1.0,165.0,0.0,405.0,0.0
2021-01-05 00:00:00+00:00,0.0,960.0,251.0,238.0,298.0,824.0,44.0,0.0,0.0,44.0,0.0,0.0,0.0,0.0,0.0,0.0,90.0,0.0,0.0,0.0,600.0,78.0,0.0,0.0,0.0,216.0,0.0,224.0,1450.0,133.0,0.0,0.0,408.0,0.0,409.0,0.0,278.0,0.0,173.0,0.0,390.0,0.0
2021-01-05 01:00:00+00:00,7.0,972.0,326.0,202.0,228.0,780.0,19.0,0.0,0.0,10.0,0.0,0.0,0.0,0.0,0.0,0.0,85.0,0.0,0.0,0.0,600.0,135.0,0.0,0.0,0.0,246.0,0.0,214.0,1449.0,137.0,0.0,0.0,433.0,0.0,417.0,0.0,166.0,0.0,160.0,0.0,383.0,0.0
2021-01-05 02:00:00+00:00,32.0,1005.0,398.0,191.0,187.0,768.0,0.0,0.0,0.0,1.0,0.0,0.0,0.0,0.0,0.0,0.0,84.0,0.0,0.0,0.0,600.0,198.0,0.0,0.0,0.0,206.0,0.0,200.0,1460.0,140.0,6.0,0.0,475.0,0.0,432.0,0.0,122.0,0.0,147.0,0.0,382.0,0.0
2021-01-05 03:00:00+00:00,73.0,960.0,198.0,197.0,174.0,688.0,0.0,0.0,0.0,0.0,0.0,0.0,0.0,0.0,0.0,0.0,88.0,0.0,0.0,0.0,600.0,251.0,0.0,0.0,0.0,236.0,0.0,167.0,1459.0,123.0,1.0,0.0,498.0,0.0,430.0,0.0,229.0,0.0,108.0,0.0,343.0,0.0
2021-01-05 04:00:00+00:00,55.0,967.0,196.0,261.0,232.0,483.0,0.0,0.0,0.0,0.0,0.0,0.0,0.0,0.0,0.0,0.0,80.0,0.0,0.0,0.0,595.0,290.0,0.0,0.0,0.0,188.0,0.0,165.0,1459.0,69.0,255.0,0.0,530.0,0.0,444.0,2.0,252.0,0.0,46.0,0.0,364.0,0.0
2021-01-05 05:00:00+00:00,49.0,906.0,114.0,246.0,199.0,560.0,0.0,0.0,0.0,0.0,0.0,0.0,0.0,0.0,0.0,0.0,70.0,0.0,0.0,0.0,595.0,267.0,0.0,0.0,0.0,54.0,0.0,98.0,1457.0,110.0,158.0,0.0,494.0,0.0,416.0,126.0,305.0,5.0,0.0,0.0,379.0,0.0
2021-01-05 06:00:00+00:00,41.0,698.0,115.0,231.0,166.0,614.0,0.0,0.0,0.0,0.0,0.0,0.0,0.0,0.0,0.0,0.0,74.0,0.0,0.0,0.0,595.0,237.0,0.0,0.0,0.0,0.0,0.0,47.0,1458.0,114.0,126.0,148.0,429.0,0.0,338.0,205.0,282.0,2.0,0.0,0.0,346.0,0.0
2021-01-05 07:00:00+00:00,38.0,944.0,66.0,183.0,160.0,655.0,0.0,0.0,0.0,1.0,0.0,0.0,0.0,0.0,0.0,0.0,53.0,0.0,0.0,0.0,263.0,67.0,0.0,0.0,0.0,0.0,0.0,50.0,1459.0,105.0,175.0,293.0,478.0,0.0,357.0,192.0,215.0,7.0,0.0,0.0,336.0,0.0
2021-01-05 08:00:00+00:00,34.0,899.0,59.0,198.0,188.0,637.0,0.0,0.0,3.0,0.0,0.0,0.0,0.0,0.0,0.0,0.0,36.0,0.0,0.0,0.0,201.0,29.0,0.0,0.0,0.0,0.0,0.0,42.0,1458.0,78.0,182.0,292.0,464.0,0.0,313.0,183.0,223.0,9.0,0.0,0.0,331.0,0.0
2021-01-05 09:00:00+00:00,11.0,1050.0,34.0,198.0,228.0,619.0,0.0,0.0,46.0,12.0,0.0,0.0,0.0,0.0,0.0,0.0,58.0,0.0,0.0,0.0,124.0,1.0,0.0,0.0,0.0,0.0,0.0,99.0,1458.0,51.0,254.0,245.0,493.0,0.0,303.0,122.0,229.0,38.0,0.0,0.0,324.0,0.0
2021-01-05 10:00:00+00:00,7.0,1189.0,41.0,199.0,254.0,564.0,0.0,0.0,61.0,9.0,0.0,0.0,0.0,0.0,0.0,0.0,107.0,0.0,0.0,0.0,1.0,0.0,0.0,0.0,0.0,0.0,0.0,154.0,1458.0,38.0,318.0,255.0,545.0,0.0,346.0,62.0,198.0,22.0,0.0,0.0,327.0,0.0
2021-01-05 11:00:00+00:00,19.0,1189.0,41.0,200.0,242.0,561.0,0.0,0.0,38.0,4.0,0.0,0.0,0.0,0.0,0.0,0.0,115.0,0.0,0.0,0.0,1.0,1.0,0.0,0.0,0.0,0.0,0.0,161.0,1458.0,47.0,312.0,170.0,581.0,0.0,373.0,54.0,180.0,25.0,0.0,0.0,325.0,0.0
2021-01-05 12:00:00+00:00,27.0,1141.0,21.0,192.0,223.0,553.0,0.0,0.0,28.0,3.0,0.0,0.0,0.0,0.0,0.0,0.0,128.0,0.0,0.0,0.0,1.0,3.0,0.0,0.0,0.0,0.0,0.0,224.0,1458.0,37.0,331.0,162.0,625.0,0.0,455.0,6.0,164.0,38.0,10.0,0.0,324.0,0.0
2021-01-05 13:00:00+00:00,77.0,1072.0,24.0,182.0,161.0,544.0,0.0,0.0,10.0,0.0,0.0,0.0,0.0,0.0,0.0,0.0,155.0,0.0,0.0,0.0,1.0,19.0,0.0,0.0,0.0,0.0,0.0,210.0,1456.0,16.0,365.0,206.0,612.0,0.0,438.0,42.0,172.0,62.0,6.0,0.0,341.0,0.0
2021-01-05 14:00:00+00:00,98.0,760.0,35.0,188.0,120.0,549.0,0.0,0.0,0.0,0.0,0.0,0.0,0.0,0.0,0.0,0.0,126.0,0.0,0.0,0.0,465.0,90.0,0.0,0.0,0.0,0.0,0.0,76.0,1455.0,27.0,357.0,238.0,524.0,0.0,355.0,210.0,165.0,26.0,0.0,0.0,370.0,0.0
2021-01-05 15:00:00+00:00,91.0,618.0,56.0,250.0,192.0,544.0,0.0,0.0,0.0,0.0,0.0,0.0,0.0,0.0,0.0,0.0,117.0,0.0,0.0,0.0,597.0,119.0,0.0,0.0,0.0,0.0,0.0,0.0,1460.0,23.0,350.0,239.0,431.0,0.0,275.0,384.0,217.0,13.0,0.0,76.0,377.0,0.0
2021-01-05 16:00:00+00:00,104.0,475.0,110.0,283.0,212.0,501.0,0.0,0.0,0.0,0.0,0.0,0.0,0.0,0.0,0.0,0.0,115.0,0.0,0.0,0.0,601.0,191.0,0.0,0.0,0.0,0.0,0.0,0.0,1460.0,2.0,377.0,305.0,351.0,0.0,232.0,391.0,261.0,2.0,0.0,87.0,376.0,0.0
2021-01-05 17:00:00+00:00,75.0,576.0,142.0,324.0,265.0,503.0,0.0,0.0,0.0,0.0,0.0,0.0,0.0,0.0,0.0,0.0,130.0,0.0,0.0,0.0,600.0,204.0,0.0,0.0,0.0,0.0,0.0,0.0,1458.0,29.0,333.0,276.0,396.0,0.0,277.0,277.0,313.0,2.0,0.0,15.0,347.0,0.0
2021-01-05 18:00:00+00:00,114.0,609.0,169.0,318.0,226.0,551.0,0.0,0.0,0.0,0.0,0.0,0.0,0.0,0.0,0.0,0.0,126.0,0.0,0.0,0.0,601.0,264.0,0.0,0.0,0.0,0.0,0.0,0.0,1459.0,84.0,206.0,255.0,380.0,0.0,281.0,263.0,312.0,0.0,0.0,17.0,367.0,0.0
2021-01-05 19:00:00+00:00,50.0,564.0,177.0,302.0,227.0,615.0,0.0,0.0,0.0,0.0,0.0,0.0,0.0,0.0,0.0,0.0,105.0,0.0,0.0,0.0,591.0,239.0,0.0,0.0,0.0,0.0,0.0,25.0,1458.0,95.0,169.0,185.0,374.0,0.0,312.0,197.0,324.0,1.0,0.0,0.0,383.0,0.0
2021-01-05 20:00:00+00:00,30.0,655.0,142.0,308.0,239.0,648.0,0.0,0.0,0.0,1.0,0.0,0.0,0.0,0.0,0.0,0.0,129.0,0.0,0.0,0.0,600.0,220.0,0.0,0.0,0.0,0.0,0.0,83.0,1446.0,85.0,175.0,100.0,413.0,0.0,371.0,123.0,294.0,1.0,0.0,0.0,414.0,0.0
2021-01-05 21:00:00+00:00,64.0,847.0,90.0,308.0,261.0,601.0,0.0,0.0,0.0,0.0,0.0,0.0,0.0,0.0,0.0,0.0,146.0,0.0,0.0,0.0,343.0,174.0,0.0,0.0,0.0,0.0,0.0,171.0,1458.0,69.0,219.0,95.0,486.0,0.0,441.0,10.0,279.0,6.0,6.0,0.0,436.0,0.0
2021-01-05 22:00:00+00:00,127.0,841.0,66.0,304.0,241.0,468.0,0.0,0.0,0.0,0.0,0.0,0.0,0.0,0.0,0.0,0.0,123.0,0.0,0.0,0.0,310.0,186.0,0.0,0.0,0.0,0.0,0.0,208.0,1458.0,48.0,368.0,50.0,487.0,0.0,452.0,0.0,218.0,11.0,78.0,0.0,423.0,0.0
2021-01-05 23:00:00+00:00,113.0,909.0,86.0,217.0,171.0,578.0,0.0,0.0,0.0,0.0,0.0,0.0,0.0,0.0,0.0,0.0,100.0,0.0,0.0,0.0,514.0,169.0,0.0,0.0,0.0,2.0,0.0,225.0,1458.0,81.0,268.0,0.0,501.0,0.0,465.0,0.0,102.0,7.0,119.0,0.0,427.0,0.0
2021-01-06 00:00:00+00:00,153.0,1118.0,87.0,165.0,127.0,600.0,0.0,0.0,0.0,0.0,0.0,0.0,0.0,0.0,0.0,0.0,82.0,0.0,0.0,0.0,301.0,199.0,0.0,0.0,0.0,72.0,0.0,284.0,1459.0,93.0,243.0,0.0,602.0,0.0,519.0,0.0,97.0,2.0,234.0,0.0,389.0,0.0
2021-01-06 01:00:00+00:00,189.0,1073.0,111.0,118.0,57.0,589.0,0.0,6.0,0.0,0.0,0.0,0.0,0.0,0.0,0.0,0.0,74.0,0.0,0.0,0.0,301.0,246.0,0.0,0.0,0.0,225.0,0.0,238.0,1459.0,98.0,252.0,0.0,616.0,0.0,495.0,0.0,42.0,6.0,237.0,0.0,332.0,0.0
2021-01-06 02:00:00+00:00,205.0,1097.0,181.0,86.0,7.0,599.0,0.0,28.0,0.0,0.0,0.0,0.0,0.0,0.0,0.0,0.0,73.0,0.0,0.0,0.0,302.0,288.0,0.0,0.0,0.0,186.0,0.0,212.0,1459.0,101.0,255.0,0.0,652.0,0.0,496.0,0.0,8.0,2.0,219.0,0.0,329.0,0.0
2021-01-06 03:00:00+00:00,158.0,1145.0,10.0,61.0,12.0,553.0,0.0,3.0,0.0,0.0,0.0,0.0,0.0,0.0,0.0,0.0,85.0,0.0,0.0,0.0,302.0,213.0,0.0,0.0,0.0,172.0,0.0,208.0,1458.0,105.0,267.0,0.0,712.0,0.0,525.0,0.0,48.0,74.0,194.0,0.0,312.0,0.0
2021-01-06 04:00:00+00:00,159.0,1029.0,2.0,44.0,0.0,464.0,0.0,7.0,0.0,0.0,0.0,0.0,0.0,0.0,0.0,0.0,106.0,0.0,0.0,0.0,302.0,205.0,0.0,0.0,0.0,35.0,0.0,124.0,1440.0,111.0,344.0,0.0,683.0,34.0,475.0,0.0,33.0,135.0,61.0,0.0,309.0,0.0
2021-01-06 05:00:00+00:00,189.0,782.0,0.0,23.0,0.0,563.0,0.0,45.0,0.0,0.0,0.0,0.0,0.0,0.0,0.0,0.0,148.0,0.0,0.0,0.0,301.0,217.0,0.0,0.0,0.0,0.0,0.0,0.0,1457.0,111.0,251.0,200.0,584.0,107.0,367.0,262.0,6.0,191.0,0.0,85.0,328.0,0.0
2021-01-06 06:00:00+00:00,119.0,753.0,0.0,42.0,0.0,656.0,0.0,25.0,0.0,0.0,0.0,0.0,0.0,0.0,0.0,0.0,169.0,0.0,0.0,0.0,303.0,147.0,0.0,0.0,0.0,0.0,0.0,0.0,1458.0,118.0,194.0,324.0,545.0,51.0,347.0,300.0,15.0,168.0,0.0,52.0,356.0,0.0
2021-01-06 07:00:00+00:00,65.0,1025.0,0.0,42.0,6.0,636.0,0.0,23.0,40.0,0.0,0.0,0.0,0.0,0.0,0.0,0.0,183.0,0.0,0.0,0.0,213.0,6.0,0.0,0.0,0.0,0.0,0.0,19.0,1455.0,120.0,172.0,458.0,597.0,0.0,404.0,364.0,9.0,198.0,0.0,0.0,489.0,0.0
2021-01-06 08:00:00+00:00,69.0,1131.0,0.0,66.0,51.0,654.0,0.0,38.0,89.0,0.0,0.0,0.0,0.0,0.0,0.0,0.0,158.0,0.0,0.0,0.0,1.0,0.0,0.0,0.0,0.0,0.0,0.0,101.0,1457.0,99.0,212.0,427.0,613.0,0.0,424.0,267.0,4.0,195.0,0.0,0.0,475.0,0.0
2021-01-06 09:00:00+00:00,50.0,1106.0,1.0,74.0,75.0,728.0,0.0,32.0,114.0,0.0,0.0,0.0,0.0,0.0,0.0,0.0,133.0,0.0,0.0,0.0,1.0,0.0,0.0,0.0,0.0,0.0,0.0,126.0,1459.0,137.0,92.0,366.0,616.0,0.0,420.0,238.0,5.0,170.0,0.0,0.0,471.0,0.0
2021-01-06 10:00:00+00:00,54.0,1116.0,0.0,86.0,95.0,744.0,0.0,27.0,108.0,0.0,0.0,0.0,0.0,0.0,0.0,0.0,105.0,0.0,0.0,0.0,1.0,0.0,0.0,0.0,0.0,0.0,0.0,188.0,1458.0,135.0,83.0,373.0,599.0,0.0,411.0,84.0,7.0,182.0,0.0,0.0,384.0,0.0
2021-01-06 11:00:00+00:00,10.0,1175.0,1.0,72.0,100.0,747.0,0.0,40.0,184.0,7.0,0.0,0.0,0.0,0.0,0.0,0.0,97.0,0.0,0.0,0.0,1.0,0.0,0.0,0.0,0.0,0.0,0.0,207.0,1457.0,120.0,82.0,346.0,593.0,0.0,420.0,66.0,5.0,179.0,0.0,0.0,386.0,0.0
2021-01-06 12:00:00+00:00,41.0,1309.0,0.0,62.0,95.0,728.0,0.0,36.0,174.0,2.0,0.0,0.0,0.0,0.0,0.0,255.0,101.0,0.0,0.0,0.0,0.0,0.0,0.0,0.0,0.0,0.0,0.0,265.0,1456.0,114.0,85.0,301.0,654.0,0.0,466.0,2.0,9.0,189.0,5.0,0.0,368.0,0.0
2021-01-06 13:00:00+00:00,89.0,1299.0,0.0,80.0,91.0,738.0,0.0,3.0,123.0,0.0,0.0,0.0,0.0,0.0,0.0,294.0,128.0,0.0,0.0,0.0,0.0,0.0,0.0,0.0,0.0,0.0,0.0,250.0,1455.0,104.0,108.0,311.0,661.0,0.0,465.0,33.0,50.0,138.0,3.0,0.0,368.0,0.0
2021-01-06 14:00:00+00:00,84.0,1323.0,0.0,66.0,81.0,721.0,0.0,1.0,120.0,0.0,0.0,0.0,0.0,0.0,0.0,272.0,139.0,0.0,0.0,0.0,0.0,0.0,0.0,0.0,0.0,0.0,0.0,208.0,1456.0,96.0,142.0,355.0,644.0,0.0,442.0,87.0,63.0,145.0,0.0,0.0,350.0,0.0
2021-01-06 15:00:00+00:00,48.0,784.0,2.0,129.0,105.0,707.0,0.0,0.0,61.0,0.0,0.0,0.0,0.0,0.0,0.0,0.0,131.0,0.0,0.0,0.0,372.0,0.0,0.0,0.0,0.0,0.0,0.0,20.0,1455.0,82.0,182.0,334.0,469.0,0.0,282.0,259.0,85.0,110.0,0.0,0.0,337.0,0.0
2021-01-06 16:00:00+00:00,2.0,888.0,9.0,193.0,215.0,614.0,0.0,0.0,117.0,40.0,0.0,0.0,0.0,0.0,0.0,0.0,149.0,0.0,0.0,0.0,514.0,0.0,0.0,0.0,0.0,0.0,0.0,10.0,1455.0,59.0,285.0,269.0,465.0,0.0,311.0,279.0,127.0,62.0,0.0,0.0,382.0,0.0
2021-01-06 17:00:00+00:00,3.0,899.0,25.0,206.0,200.0,727.0,0.0,0.0,56.0,14.0,0.0,0.0,0.0,0.0,0.0,0.0,153.0,0.0,0.0,0.0,493.0,0.0,0.0,0.0,0.0,0.0,0.0,7.0,1457.0,93.0,100.0,236.0,474.0,0.0,316.0,260.0,158.0,29.0,0.0,0.0,383.0,0.0
2021-01-06 18:00:00+00:00,6.0,923.0,38.0,196.0,173.0,709.0,0.0,0.0,19.0,9.0,0.0,0.0,0.0,0.0,0.0,0.0,147.0,0.0,0.0,0.0,510.0,5.0,0.0,0.0,0.0,0.0,0.0,18.0,1458.0,94.0,139.0,165.0,477.0,0.0,320.0,188.0,146.0,16.0,0.0,0.0,346.0,0.0
2021-01-06 19:00:00+00:00,1.0,801.0,44.0,189.0,160.0,717.0,0.0,0.0,23.0,28.0,0.0,0.0,0.0,0.0,0.0,0.0,125.0,0.0,0.0,0.0,597.0,6.0,0.0,0.0,0.0,0.0,0.0,27.0,1460.0,90.0,141.0,82.0,411.0,0.0,310.0,157.0,167.0,18.0,0.0,0.0,350.0,0.0
2021-01-06 20:00:00+00:00,0.0,820.0,15.0,157.0,136.0,726.0,0.0,0.0,71.0,107.0,0.0,0.0,0.0,0.0,0.0,0.0,89.0,0.0,0.0,0.0,600.0,1.0,0.0,0.0,0.0,13.0,0.0,48.0,1474.0,56.0,164.0,0.0,380.0,0.0,327.0,156.0,107.0,44.0,0.0,0.0,399.0,0.0
2021-01-06 21:00:00+00:00,0.0,919.0,14.0,196.0,204.0,715.0,0.0,0.0,110.0,126.0,0.0,0.0,0.0,0.0,0.0,0.0,102.0,0.0,0.0,0.0,600.0,0.0,0.0,0.0,0.0,42.0,0.0,150.0,1459.0,63.0,141.0,0.0,378.0,0.0,370.0,30.0,128.0,50.0,0.0,0.0,460.0,0.0
2021-01-06 22:00:00+00:00,0.0,961.0,26.0,186.0,207.0,663.0,0.0,1.0,114.0,88.0,0.0,0.0,0.0,0.0,0.0,0.0,130.0,0.0,0.0,0.0,591.0,0.0,0.0,0.0,0.0,84.0,0.0,196.0,1458.0,56.0,212.0,0.0,381.0,0.0,391.0,0.0,128.0,42.0,39.0,0.0,446.0,0.0
2021-01-06 23:00:00+00:00,50.0,907.0,249.0,122.0,112.0,724.0,0.0,40.0,55.0,11.0,0.0,0.0,0.0,0.0,0.0,0.0,100.0,0.0,0.0,0.0,600.0,27.0,0.0,0.0,0.0,46.0,0.0,312.0,1458.0,66.0,171.0,0.0,453.0,0.0,395.0,0.0,9.0,0.0,82.0,0.0,244.0,0.0
2021-01-07 00:00:00+00:00,115.0,892.0,290.0,122.0,75.0,728.0,0.0,13.0,0.0,0.0,0.0,0.0,0.0,0.0,0.0,0.0,85.0,0.0,0.0,0.0,600.0,133.0,0.0,0.0,0.0,25.0,0.0,345.0,1458.0,71.0,129.0,0.0,504.0,0.0,418.0,0.0,28.0,0.0,153.0,0.0,212.0,0.0
2021-01-07 01:00:00+00:00,99.0,960.0,351.0,109.0,75.0,737.0,0.0,18.0,0.0,0.0,0.0,0.0,0.0,0.0,0.0,0.0,78.0,0.0,0.0,0.0,600.0,170.0,0.0,0.0,0.0,44.0,0.0,351.0,1459.0,66.0,150.0,0.0,541.0,0.0,443.0,0.0,19.0,0.0,150.0,0.0,215.0,0.0
2021-01-07 02:00:00+00:00,90.0,1001.0,366.0,94.0,73.0,741.0,0.0,34.0,0.0,0.0,0.0,0.0,0.0,0.0,0.0,0.0,79.0,0.0,0.0,0.0,600.0,167.0,0.0,0.0,0.0,93.0,0.0,337.0,1458.0,68.0,139.0,0.0,577.0,0.0,457.0,0.0,7.0,0.0,138.0,0.0,208.0,0.0
2021-01-07 03:00:00+00:00,101.0,993.0,293.0,82.0,57.0,681.0,0.0,45.0,0.0,0.0,0.0,0.0,0.0,0.0,0.0,0.0,84.0,0.0,0.0,0.0,600.0,170.0,0.0,0.0,0.0,107.0,0.0,278.0,1438.0,74.0,192.0,0.0,595.0,0.0,456.0,0.0,5.0,0.0,76.0,0.0,215.0,0.0
2021-01-07 04:00:00+00:00,125.0,1039.0,78.0,123.0,76.0,555.0,0.0,0.0,0.0,0.0,0.0,0.0,0.0,0.0,0.0,0.0,103.0,0.0,0.0,0.0,600.0,221.0,0.0,0.0,0.0,0.0,0.0,242.0,1456.0,84.0,302.0,52.0,621.0,0.0,475.0,9.0,107.0,5.0,9.0,0.0,257.0,0.0
2021-01-07 05:00:00+00:00,34.0,879.0,44.0,146.0,70.0,599.0,0.0,0.0,0.0,1.0,0.0,0.0,0.0,0.0,0.0,0.0,86.0,0.0,0.0,0.0,600.0,200.0,0.0,0.0,0.0,0.0,0.0,136.0,1456.0,92.0,236.0,152.0,562.0,0.0,422.0,183.0,160.0,18.0,0.0,0.0,328.0,0.0
2021-01-07 06:00:00+00:00,0.0,1013.0,29.0,146.0,144.0,294.0,0.0,0.0,0.0,71.0,0.0,0.0,0.0,0.0,0.0,0.0,75.0,0.0,0.0,0.0,600.0,85.0,0.0,0.0,0.0,0.0,0.0,184.0,1455.0,56.0,581.0,254.0,614.0,0.0,452.0,168.0,184.0,22.0,0.0,0.0,371.0,0.0
2021-01-07 07:00:00+00:00,0.0,1482.0,15.0,101.0,177.0,369.0,0.0,0.0,137.0,78.0,0.0,0.0,0.0,0.0,0.0,0.0,55.0,0.0,0.0,0.0,358.0,1.0,0.0,0.0,0.0,0.0,0.0,239.0,1460.0,19.0,513.0,278.0,696.0,0.0,519.0,119.0,139.0,50.0,0.0,0.0,359.0,0.0
2021-01-07 08:00:00+00:00,0.0,1454.0,10.0,118.0,204.0,439.0,0.0,0.0,214.0,97.0,0.0,0.0,0.0,0.0,0.0,0.0,33.0,0.0,0.0,0.0,301.0,0.0,0.0,0.0,0.0,0.0,0.0,224.0,1458.0,12.0,464.0,218.0,632.0,0.0,494.0,120.0,151.0,50.0,0.0,0.0,349.0,0.0
2021-01-07 09:00:00+00:00,0.0,1491.0,21.0,157.0,253.0,434.0,0.0,0.0,255.0,121.0,0.0,0.0,0.0,0.0,0.0,0.0,66.0,0.0,0.0,0.0,301.0,0.0,0.0,0.0,0.0,0.0,0.0,316.0,1457.0,13.0,463.0,196.0,671.0,0.0,529.0,6.0,183.0,41.0,38.0,0.0,289.0,0.0
2021-01-07 10:00:00+00:00,0.0,1570.0,55.0,184.0,294.0,486.0,0.0,0.0,260.0,139.0,0.0,0.0,0.0,0.0,0.0,0.0,100.0,0.0,0.0,0.0,301.0,0.0,0.0,0.0,0.0,0.0,0.0,369.0,1456.0,23.0,440.0,110.0,724.0,0.0,581.0,0.0,195.0,11.0,92.0,0.0,288.0,0.0
2021-01-07 11:00:00+00:00,0.0,1583.0,52.0,197.0,281.0,419.0,0.0,0.0,206.0,117.0,0.0,0.0,0.0,0.0,0.0,0.0,101.0,0.0,0.0,0.0,310.0,0.0,0.0,0.0,0.0,0.0,0.0,454.0,1453.0,16.0,479.0,96.0,763.0,0.0,613.0,0.0,208.0,14.0,155.0,0.0,306.0,0.0
2021-01-07 12:00:00+00:00,0.0,1425.0,50.0,196.0,240.0,416.0,0.0,0.0,127.0,118.0,0.0,0.0,0.0,0.0,0.0,0.0,112.0,0.0,0.0,0.0,591.0,0.0,0.0,0.0,0.0,0.0,0.0,452.0,1454.0,9.0,487.0,80.0,757.0,0.0,587.0,0.0,190.0,14.0,142.0,0.0,313.0,0.0
2021-01-07 13:00:00+00:00,0.0,1384.0,66.0,199.0,191.0,392.0,0.0,0.0,34.0,54.0,0.0,0.0,0.0,0.0,0.0,0.0,103.0,0.0,2.0,0.0,600.0,4.0,0.0,0.0,0.0,0.0,0.0,446.0,1456.0,0.0,492.0,90.0,761.0,0.0,580.0,0.0,226.0,22.0,113.0,0.0,341.0,0.0
2021-01-07 14:00:00+00:00,0.0,1368.0,78.0,205.0,195.0,410.0,0.0,0.0,29.0,52.0,0.0,0.0,0.0,0.0,0.0,0.0,90.0,0.0,12.0,0.0,600.0,1.0,0.0,0.0,0.0,0.0,0.0,415.0,1454.0,0.0,505.0,107.0,770.0,0.0,574.0,0.0,231.0,6.0,60.0,0.0,364.0,0.0
2021-01-07 15:00:00+00:00,0.0,1363.0,101.0,248.0,280.0,459.0,0.0,0.0,68.0,78.0,0.0,0.0,0.0,0.0,0.0,0.0,90.0,0.0,36.0,0.0,600.0,0.0,0.0,0.0,0.0,0.0,0.0,360.0,1455.0,0.0,479.0,109.0,761.0,0.0,546.0,15.0,257.0,4.0,3.0,0.0,367.0,0.0
2021-01-07 16:00:00+00:00,0.0,1275.0,136.0,294.0,317.0,467.0,0.0,0.0,15.0,38.0,0.0,0.0,0.0,0.0,0.0,0.0,120.0,0.0,0.0,0.0,600.0,11.0,0.0,0.0,0.0,0.0,0.0,270.0,1468.0,21.0,458.0,82.0,697.0,0.0,507.0,129.0,303.0,2.0,0.0,0.0,400.0,0.0
2021-01-07 17:00:00+00:00,0.0,1238.0,140.0,301.0,309.0,452.0,0.0,0.0,2.0,35.0,0.0,0.0,0.0,0.0,0.0,0.0,130.0,0.0,0.0,0.0,600.0,27.0,0.0,0.0,0.0,0.0,0.0,204.0,1442.0,20.0,461.0,62.0,645.0,0.0,479.0,177.0,308.0,2.0,0.0,0.0,380.0,0.0
2021-01-07 18:00:00+00:00,1.0,1200.0,118.0,288.0,279.0,455.0,0.0,0.0,3.0,21.0,0.0,0.0,0.0,0.0,0.0,0.0,123.0,0.0,0.0,0.0,600.0,18.0,0.0,0.0,0.0,0.0,0.0,174.0,1474.0,31.0,446.0,54.0,592.0,0.0,450.0,189.0,264.0,0.0,0.0,0.0,362.0,0.0
2021-01-07 19:00:00+00:00,1.0,1029.0,41.0,247.0,237.0,501.0,0.0,0.0,32.0,40.0,0.0,0.0,0.0,0.0,0.0,0.0,91.0,0.0,0.0,0.0,600.0,2.0,0.0,0.0,0.0,0.0,0.0,165.0,1457.0,35.0,396.0,14.0,520.0,0.0,422.0,169.0,190.0,17.0,0.0,0.0,342.0,0.0
2021-01-07 20:00:00+00:00,0.0,849.0,6.0,218.0,196.0,660.0,0.0,0.0,86.0,137.0,0.0,0.0,0.0,0.0,0.0,0.0,57.0,0.0,0.0,0.0,600.0,0.0,0.0,0.0,0.0,81.0,0.0,74.0,1456.0,54.0,236.0,0.0,451.0,0.0,379.0,234.0,131.0,65.0,0.0,0.0,313.0,0.0
2021-01-07 21:00:00+00:00,0.0,937.0,4.0,203.0,173.0,709.0,0.0,0.0,95.0,61.0,0.0,0.0,0.0,0.0,0.0,0.0,84.0,0.0,0.0,0.0,367.0,1.0,0.0,0.0,0.0,0.0,0.0,111.0,1457.0,46.0,190.0,36.0,447.0,0.0,383.0,147.0,91.0,90.0,0.0,0.0,272.0,0.0
2021-01-07 22:00:00+00:00,121.0,1052.0,2.0,144.0,92.0,704.0,0.0,5.0,35.0,0.0,0.0,0.0,0.0,0.0,0.0,0.0,118.0,0.0,0.0,0.0,310.0,5.0,0.0,0.0,0.0,0.0,0.0,121.0,1459.0,54.0,195.0,23.0,450.0,0.0,401.0,105.0,54.0,124.0,0.0,0.0,242.0,0.0
2021-01-07 23:00:00+00:00,26.0,999.0,2.0,88.0,119.0,629.0,0.0,29.0,150.0,7.0,0.0,0.0,0.0,0.0,0.0,0.0,106.0,0.0,0.0,0.0,591.0,0.0,0.0,0.0,0.0,186.0,0.0,174.0,1459.0,43.0,321.0,0.0,436.0,0.0,399.0,38.0,19.0,144.0,0.0,0.0,232.0,0.0
2021-01-08 00:00:00+00:00,34.0,1014.0,0.0,47.0,76.0,716.0,0.0,53.0,117.0,2.0,0.0,0.0,0.0,0.0,0.0,0.0,94.0,0.0,0.0,0.0,600.0,0.0,0.0,0.0,0.0,201.0,0.0,195.0,1459.0,59.0,177.0,0.0,479.0,0.0,404.0,0.0,4.0,133.0,31.0,0.0,183.0,0.0
2021-01-08 01:00:00+00:00,50.0,1105.0,6.0,17.0,41.0,729.0,0.0,116.0,74.0,0.0,0.0,0.0,0.0,0.0,0.0,0.0,87.0,0.0,0.0,0.0,600.0,0.0,0.0,0.0,0.0,149.0,0.0,237.0,1459.0,62.0,212.0,0.0,547.0,0.0,442.0,0.0,0.0,54.0,99.0,0.0,163.0,0.0
2021-01-08 02:00:00+00:00,72.0,1119.0,16.0,0.0,3.0,677.0,0.0,184.0,49.0,0.0,0.0,0.0,0.0,0.0,0.0,0.0,85.0,0.0,0.0,0.0,600.0,0.0,15.0,0.0,0.0,194.0,0.0,211.0,1459.0,59.0,207.0,0.0,586.0,0.0,451.0,0.0,0.0,38.0,84.0,0.0,150.0,0.0
2021-01-08 03:00:00+00:00,71.0,1174.0,0.0,1.0,14.0,641.0,0.0,144.0,50.0,0.0,0.0,0.0,0.0,0.0,0.0,0.0,91.0,0.0,0.0,0.0,600.0,0.0,17.0,0.0,0.0,245.0,0.0,208.0,1441.0,67.0,221.0,0.0,655.0,0.0,492.0,0.0,0.0,135.0,67.0,0.0,166.0,0.0
2021-01-08 04:00:00+00:00,104.0,1005.0,0.0,0.0,0.0,391.0,0.0,138.0,32.0,0.0,0.0,0.0,0.0,0.0,0.0,0.0,110.0,0.0,0.0,0.0,600.0,2.0,35.0,0.0,0.0,190.0,0.0,56.0,1457.0,52.0,457.0,0.0,603.0,42.0,429.0,106.0,0.0,251.0,0.0,0.0,179.0,0.0
2021-01-08 05:00:00+00:00,6.0,834.0,0.0,14.0,8.0,527.0,0.0,114.0,131.0,39.0,0.0,0.0,0.0,0.0,0.0,0.0,86.0,0.0,0.0,0.0,595.0,0.0,2.0,0.0,0.0,72.0,0.0,0.0,1455.0,94.0,293.0,0.0,528.0,0.0,363.0,364.0,1.0,228.0,0.0,52.0,317.0,0.0
2021-01-08 06:00:00+00:00,0.0,1103.0,0.0,8.0,67.0,421.0,0.0,118.0,260.0,96.0,0.0,0.0,0.0,0.0,0.0,0.0,106.0,0.0,0.0,0.0,425.0,0.0,5.0,0.0,0.0,0.0,0.0,27.0,1457.0,24.0,472.0,83.0,611.0,0.0,417.0,347.0,0.0,244.0,0.0,0.0,372.0,0.0
2021-01-08 07:00:00+00:00,0.0,1283.0,0.0,6.0,95.0,425.0,0.0,108.0,389.0,99.0,0.0,0.0,0.0,0.0,0.0,0.0,34.0,0.0,0.0,0.0,364.0,0.0,3.0,0.0,0.0,0.0,0.0,110.0,1459.0,18.0,456.0,390.0,653.0,0.0,451.0,223.0,0.0,250.0,0.0,0.0,325.0,0.0
2021-01-08 08:00:00+00:00,0.0,1417.0,0.0,13.0,151.0,500.0,0.0,114.0,499.0,142.0,0.0,0.0,0.0,0.0,0.0,0.0,15.0,0.0,0.0,0.0,184.0,0.0,1.0,0.0,0.0,0.0,0.0,173.0,1458.0,35.0,378.0,405.0,662.0,0.0,477.0,148.0,0.0,248.0,0.0,0.0,325.0,0.0
2021-01-08 09:00:00+00:00,0.0,1482.0,0.0,17.0,169.0,478.0,0.0,119.0,537.0,175.0,0.0,0.0,0.0,0.0,0.0,0.0,67.0,0.0,0.0,0.0,102.0,0.0,0.0,0.0,0.0,0.0,0.0,223.0,1457.0,23.0,418.0,346.0,670.0,0.0,493.0,87.0,0.0,228.0,0.0,0.0,324.0,0.0
2021-01-08 10:00:00+00:00,0.0,1533.0,0.0,46.0,231.0,468.0,0.0,80.0,579.0,213.0,0.0,0.0,0.0,0.0,0.0,0.0,97.0,0.0,0.0,0.0,102.0,0.0,0.0,0.0,0.0,0.0,0.0,279.0,1456.0,35.0,443.0,253.0,723.0,0.0,538.0,18.0,1.0,222.0,0.0,0.0,312.0,0.0
2021-01-08 11:00:00+00:00,0.0,1506.0,0.0,54.0,252.0,458.0,0.0,75.0,581.0,223.0,0.0,0.0,0.0,0.0,0.0,0.0,104.0,0.0,0.0,0.0,101.0,0.0,0.0,0.0,0.0,0.0,0.0,361.0,1457.0,40.0,412.0,293.0,747.0,0.0,557.0,0.0,1.0,172.0,42.0,0.0,324.0,0.0
2021-01-08 12:00:00+00:00,0.0,1539.0,1.0,46.0,258.0,486.0,0.0,68.0,606.0,245.0,0.0,0.0,0.0,0.0,0.0,0.0,99.0,0.0,0.0,0.0,101.0,0.0,0.0,0.0,0.0,0.0,0.0,458.0,1457.0,17.0,444.0,285.0,788.0,0.0,587.0,0.0,4.0,186.0,156.0,0.0,304.0,0.0
2021-01-08 13:00:00+00:00,285.0,0.0,443.0,130.0,0.0,495.0,0.0,112.0,54.0,25.0,0.0,16.0,0.0,217.0,0.0,0.0,70.0,0.0,0.0,0.0,102.0,260.0,0.0,0.0,0.0,0.0,0.0,0.0,1457.0,2.0,442.0,212.0,75.0,83.0,20.0,520.0,9.0,25.0,0.0,205.0,315.0,0.0
2021-01-08 14:00:00+00:00,129.0,681.0,88.0,157.0,134.0,532.0,0.0,9.0,130.0,33.0,0.0,0.0,0.0,35.0,0.0,0.0,55.0,0.0,0.0,0.0,102.0,71.0,0.0,0.0,0.0,0.0,0.0,280.0,1456.0,10.0,403.0,267.0,425.0,0.0,298.0,139.0,90.0,40.0,93.0,0.0,297.0,0.0
2021-01-08 15:00:00+00:00,0.0,1314.0,2.0,145.0,378.0,557.0,0.0,12.0,551.0,261.0,0.0,0.0,0.0,0.0,0.0,0.0,66.0,0.0,0.0,0.0,518.0,0.0,0.0,0.0,0.0,0.0,0.0,448.0,1456.0,3.0,375.0,332.0,678.0,0.0,568.0,0.0,41.0,114.0,106.0,0.0,307.0,0.0
2021-01-08 16:00:00+00:00,0.0,1252.0,4.0,212.0,410.0,575.0,0.0,0.0,427.0,242.0,0.0,0.0,0.0,0.0,0.0,0.0,98.0,0.0,0.0,0.0,600.0,0.0,0.0,0.0,0.0,0.0,0.0,330.0,1457.0,9.0,352.0,277.0,632.0,0.0,536.0,38.0,108.0,74.0,0.0,0.0,339.0,0.0
2021-01-08 17:00:00+00:00,0.0,1274.0,25.0,235.0,403.0,593.0,0.0,0.0,311.0,194.0,0.0,0.0,0.0,0.0,0.0,0.0,99.0,0.0,0.0,0.0,594.0,0.0,0.0,0.0,0.0,0.0,0.0,269.0,1457.0,14.0,322.0,149.0,628.0,0.0,540.0,88.0,141.0,26.0,0.0,0.0,328.0,0.0
2021-01-08 18:00:00+00:00,0.0,1309.0,22.0,229.0,371.0,612.0,0.0,0.0,257.0,123.0,0.0,0.0,0.0,0.0,0.0,0.0,106.0,0.0,0.0,0.0,419.0,0.0,0.0,0.0,0.0,0.0,0.0,312.0,1457.0,65.0,281.0,154.0,636.0,0.0,548.0,11.0,137.0,29.0,3.0,0.0,290.0,0.0
2021-01-08 19:00:00+00:00,0.0,1118.0,10.0,190.0,325.0,616.0,0.0,0.0,290.0,166.0,0.0,0.0,0.0,0.0,0.0,0.0,75.0,0.0,0.0,0.0,547.0,0.0,0.0,0.0,0.0,0.0,0.0,287.0,1476.0,53.0,285.0,87.0,590.0,0.0,518.0,41.0,93.0,57.0,0.0,0.0,296.0,0.0
2021-01-08 20:00:00+00:00,0.0,1025.0,6.0,178.0,281.0,713.0,0.0,1.0,277.0,197.0,0.0,0.0,0.0,0.0,0.0,0.0,49.0,0.0,0.0,0.0,599.0,0.0,0.0,0.0,0.0,66.0,0.0,239.0,1459.0,62.0,168.0,0.0,504.0,0.0,476.0,90.0,83.0,74.0,0.0,0.0,324.0,0.0
2021-01-08 21:00:00+00:00,0.0,887.0,32.0,194.0,302.0,663.0,0.0,14.0,322.0,216.0,0.0,0.0,0.0,0.0,0.0,0.0,112.0,0.0,0.0,0.0,600.0,0.0,0.0,0.0,0.0,30.0,0.0,234.0,1460.0,65.0,224.0,0.0,453.0,0.0,422.0,38.0,50.0,64.0,0.0,0.0,280.0,0.0
2021-01-08 22:00:00+00:00,0.0,900.0,10.0,202.0,328.0,487.0,0.0,0.0,318.0,205.0,0.0,0.0,0.0,0.0,0.0,0.0,117.0,0.0,0.0,0.0,600.0,0.0,0.0,0.0,0.0,0.0,0.0,235.0,1461.0,33.0,431.0,15.0,402.0,0.0,410.0,0.0,102.0,50.0,26.0,0.0,262.0,0.0
2021-01-08 23:00:00+00:00,0.0,1093.0,217.0,134.0,266.0,615.0,0.0,86.0,265.0,90.0,0.0,0.0,0.0,0.0,0.0,0.0,91.0,0.0,0.0,0.0,600.0,0.0,0.0,0.0,0.0,0.0,0.0,380.0,1459.0,46.0,298.0,46.0,480.0,0.0,487.0,0.0,4.0,0.0,184.0,0.0,238.0,0.0
2021-01-09 00:00:00+00:00,9.0,1161.0,267.0,109.0,213.0,585.0,0.0,111.0,137.0,15.0,0.0,0.0,0.0,0.0,0.0,0.0,90.0,0.0,0.0,0.0,600.0,0.0,0.0,0.0,0.0,0.0,0.0,409.0,1460.0,42.0,335.0,17.0,553.0,0.0,537.0,0.0,0.0,1.0,212.0,0.0,229.0,0.0
2021-01-09 01:00:00+00:00,14.0,1190.0,269.0,50.0,168.0,572.0,0.0,187.0,143.0,5.0,0.0,0.0,0.0,0.0,0.0,0.0,82.0,0.0,0.0,0.0,600.0,0.0,0.0,0.0,0.0,128.0,0.0,419.0,1460.0,39.0,344.0,0.0,585.0,0.0,541.0,0.0,0.0,0.0,191.0,0.0,178.0,0.0
2021-01-09 02:00:00+00:00,16.0,1172.0,340.0,29.0,136.0,572.0,0.0,256.0,120.0,4.0,0.0,0.0,0.0,0.0,0.0,0.0,78.0,0.0,0.0,0.0,600.0,0.0,0.0,0.0,0.0,25.0,0.0,443.0,1458.0,40.0,341.0,0.0,590.0,0.0,542.0,0.0,0.0,0.0,214.0,0.0,179.0,0.0
2021-01-09 03:00:00+00:00,28.0,1177.0,293.0,30.0,133.0,534.0,0.0,223.0,100.0,1.0,0.0,0.0,0.0,0.0,0.0,0.0,82.0,0.0,0.0,0.0,600.0,0.0,0.0,0.0,0.0,0.0,0.0,414.0,1440.0,51.0,365.0,16.0,614.0,0.0,547.0,0.0,0.0,0.0,174.0,0.0,190.0,0.0
2021-01-09 04:00:00+00:00,40.0,1193.0,85.0,55.0,153.0,501.0,0.0,90.0,97.0,1.0,0.0,0.0,0.0,0.0,0.0,0.0,92.0,0.0,0.0,0.0,600.0,0.0,0.0,0.0,0.0,29.0,0.0,341.0,1458.0,57.0,388.0,0.0,628.0,0.0,544.0,0.0,1.0,9.0,148.0,0.0,215.0,0.0
2021-01-09 05:00:00+00:00,0.0,1079.0,2.0,83.0,155.0,554.0,0.0,10.0,154.0,108.0,0.0,0.0,0.0,0.0,0.0,0.0,116.0,0.0,0.0,0.0,597.0,0.0,0.0,0.0,0.0,0.0,0.0,250.0,1459.0,76.0,293.0,18.0,571.0,0.0,497.0,2.0,40.0,122.0,20.0,0.0,189.0,0.0
2021-01-09 06:00:00+00:00,0.0,973.0,2.0,74.0,107.0,742.0,0.0,6.0,134.0,98.0,0.0,0.0,0.0,0.0,0.0,0.0,136.0,0.0,0.0,0.0,471.0,0.0,0.0,0.0,0.0,0.0,0.0,115.0,1457.0,107.0,95.0,158.0,499.0,0.0,425.0,112.0,34.0,106.0,0.0,0.0,219.0,0.0
2021-01-09 07:00:00+00:00,0.0,1066.0,2.0,72.0,133.0,680.0,0.0,1.0,241.0,103.0,0.0,0.0,0.0,0.0,0.0,0.0,147.0,0.0,0.0,0.0,258.0,0.0,0.0,0.0,0.0,0.0,0.0,97.0,1455.0,94.0,147.0,249.0,486.0,0.0,407.0,95.0,81.0,98.0,0.0,0.0,218.0,0.0
2021-01-09 08:00:00+00:00,0.0,968.0,6.0,101.0,188.0,577.0,0.0,1.0,325.0,144.0,0.0,0.0,0.0,0.0,0.0,0.0,137.0,0.0,0.0,0.0,276.0,0.0,0.0,0.0,0.0,0.0,0.0,96.0,1452.0,69.0,268.0,246.0,420.0,0.0,352.0,65.0,75.0,75.0,0.0,0.0,191.0,0.0
2021-01-09 09:00:00+00:00,0.0,916.0,6.0,137.0,207.0,637.0,0.0,1.0,245.0,88.0,0.0,0.0,0.0,0.0,0.0,0.0,130.0,0.0,0.0,0.0,214.0,0.0,0.0,0.0,0.0,0.0,0.0,37.0,1452.0,72.0,234.0,173.0,348.0,0.0,310.0,153.0,67.0,76.0,0.0,0.0,227.0,0.0
2021-01-09 10:00:00+00:00,0.0,986.0,13.0,144.0,230.0,646.0,0.0,0.0,261.0,105.0,0.0,0.0,0.0,0.0,0.0,0.0,130.0,0.0,0.0,0.0,190.0,0.0,0.0,0.0,0.0,0.0,0.0,79.0,1452.0,66.0,212.0,103.0,359.0,0.0,328.0,100.0,82.0,59.0,0.0,0.0,216.0,0.0
2021-01-09 11:00:00+00:00,0.0,956.0,8.0,154.0,233.0,663.0,0.0,0.0,237.0,89.0,0.0,0.0,0.0,0.0,0.0,0.0,131.0,0.0,0.0,0.0,205.0,0.0,0.0,0.0,0.0,0.0,0.0,88.0,1452.0,66.0,188.0,104.0,341.0,0.0,314.0,112.0,77.0,56.0,0.0,0.0,239.0,0.0
2021-01-09 12:00:00+00:00,0.0,932.0,3.0,128.0,196.0,680.0,0.0,2.0,262.0,102.0,0.0,0.0,0.0,0.0,0.0,0.0,129.0,0.0,0.0,0.0,258.0,0.0,0.0,0.0,0.0,0.0,0.0,101.0,1452.0,68.0,182.0,113.0,350.0,0.0,322.0,126.0,44.0,82.0,0.0,0.0,242.0,0.0
2021-01-09 13:00:00+00:00,0.0,1096.0,0.0,118.0,172.0,651.0,0.0,4.0,267.0,61.0,0.0,0.0,0.0,0.0,0.0,90.0,147.0,0.0,0.0,0.0,0.0,0.0,0.0,0.0,0.0,0.0,0.0,127.0,1451.0,65.0,197.0,184.0,401.0,0.0,363.0,117.0,46.0,121.0,0.0,0.0,253.0,0.0
2021-01-09 14:00:00+00:00,3.0,1025.0,3.0,130.0,160.0,690.0,0.0,1.0,217.0,39.0,0.0,0.0,0.0,0.0,0.0,97.0,157.0,0.0,0.0,0.0,0.0,0.0,0.0,0.0,0.0,0.0,0.0,73.0,1451.0,62.0,209.0,273.0,390.0,0.0,332.0,180.0,59.0,116.0,0.0,0.0,263.0,0.0
2021-01-09 15:00:00+00:00,23.0,829.0,3.0,168.0,174.0,699.0,0.0,0.0,116.0,1.0,0.0,0.0,0.0,0.0,0.0,97.0,135.0,0.0,0.0,0.0,0.0,0.0,0.0,0.0,0.0,0.0,0.0,0.0,1452.0,62.0,177.0,257.0,346.0,0.0,257.0,312.0,102.0,83.0,0.0,62.0,269.0,0.0
2021-01-09 16:00:00+00:00,94.0,827.0,11.0,199.0,211.0,626.0,0.0,0.0,100.0,0.0,0.0,0.0,0.0,0.0,0.0,91.0,128.0,0.0,0.0,0.0,0.0,1.0,0.0,0.0,0.0,0.0,0.0,0.0,1454.0,45.0,263.0,254.0,340.0,0.0,253.0,323.0,125.0,75.0,0.0,88.0,256.0,0.0
2021-01-09 17:00:00+00:00,87.0,667.0,28.0,238.0,219.0,588.0,0.0,0.0,17.0,0.0,0.0,0.0,0.0,0.0,0.0,0.0,98.0,0.0,0.0,0.0,217.0,6.0,0.0,0.0,0.0,0.0,0.0,0.0,1455.0,50.0,301.0,213.0,295.0,0.0,220.0,331.0,142.0,26.0,0.0,101.0,250.0,0.0
2021-01-09 18:00:00+00:00,20.0,690.0,36.0,223.0,208.0,531.0,0.0,0.0,36.0,1.0,0.0,0.0,0.0,0.0,0.0,0.0,84.0,0.0,0.0,0.0,355.0,1.0,0.0,0.0,0.0,0.0,0.0,0.0,1458.0,70.0,345.0,181.0,275.0,0.0,223.0,330.0,134.0,25.0,0.0,87.0,264.0,0.0
2021-01-09 19:00:00+00:00,10.0,661.0,42.0,208.0,185.0,698.0,0.0,0.0,41.0,12.0,0.0,0.0,0.0,0.0,0.0,0.0,70.0,0.0,0.0,0.0,361.0,0.0,0.0,0.0,0.0,0.0,0.0,0.0,1458.0,103.0,149.0,102.0,264.0,0.0,239.0,351.0,145.0,21.0,0.0,73.0,288.0,0.0
2021-01-09 20:00:00+00:00,0.0,705.0,20.0,150.0,167.0,785.0,0.0,0.0,152.0,81.0,0.0,0.0,0.0,0.0,0.0,0.0,123.0,0.0,0.0,0.0,362.0,0.0,0.0,0.0,0.0,4.0,0.0,1.0,1481.0,107.0,70.0,0.0,301.0,0.0,280.0,253.0,127.0,34.0,0.0,0.0,247.0,0.0
2021-01-09 21:00:00+00:00,0.0,733.0,14.0,195.0,252.0,709.0,0.0,0.0,193.0,98.0,0.0,0.0,0.0,0.0,0.0,0.0,138.0,0.0,0.0,0.0,412.0,0.0,0.0,0.0,0.0,96.0,0.0,88.0,1456.0,94.0,141.0,0.0,328.0,0.0,332.0,124.0,162.0,39.0,0.0,0.0,248.0,0.0
2021-01-09 22:00:00+00:00,0.0,732.0,65.0,202.0,262.0,739.0,0.0,1.0,165.0,87.0,0.0,0.0,0.0,0.0,0.0,0.0,116.0,0.0,0.0,0.0,440.0,0.0,0.0,0.0,0.0,24.0,0.0,166.0,1465.0,75.0,124.0,0.0,290.0,0.0,328.0,53.0,103.0,18.0,0.0,0.0,250.0,0.0
2021-01-09 23:00:00+00:00,0.0,675.0,34.0,194.0,224.0,862.0,18.0,0.0,70.0,0.0,0.0,0.0,0.0,0.0,0.0,0.0,92.0,0.0,0.0,0.0,595.0,23.0,0.0,0.0,0.0,114.0,0.0,186.0,1458.0,101.0,0.0,0.0,256.0,0.0,297.0,19.0,135.0,76.0,6.0,0.0,226.0,0.0
2021-01-10 00:00:00+00:00,92.0,682.0,79.0,178.0,192.0,909.0,90.0,0.0,0.0,0.0,0.0,0.0,0.0,0.0,0.0,0.0,80.0,0.0,0.0,0.0,600.0,88.0,0.0,0.0,0.0,114.0,0.0,235.0,1457.0,105.0,0.0,0.0,273.0,0.0,308.0,8.0,217.0,14.0,10.0,0.0,258.0,0.0
2021-01-10 01:00:00+00:00,131.0,623.0,103.0,142.0,120.0,870.0,67.0,0.0,0.0,0.0,0.0,0.0,0.0,0.0,0.0,0.0,78.0,0.0,0.0,0.0,589.0,143.0,0.0,0.0,0.0,40.0,0.0,210.0,1459.0,100.0,0.0,0.0,279.0,0.0,304.0,60.0,177.0,7.0,0.0,0.0,210.0,0.0
2021-01-10 02:00:00+00:00,211.0,669.0,69.0,94.0,62.0,886.0,66.0,0.0,0.0,0.0,0.0,0.0,0.0,0.0,0.0,0.0,73.0,0.0,0.0,0.0,555.0,161.0,0.0,0.0,0.0,66.0,0.0,209.0,1459.0,103.0,0.0,0.0,305.0,0.0,315.0,36.0,134.0,12.0,0.0,0.0,181.0,0.0
2021-01-10 03:00:00+00:00,218.0,685.0,80.0,85.0,60.0,895.0,55.0,0.0,0.0,0.0,0.0,0.0,0.0,0.0,0.0,0.0,75.0,0.0,0.0,0.0,553.0,193.0,0.0,0.0,0.0,114.0,0.0,215.0,1459.0,110.0,0.0,0.0,353.0,0.0,340.0,26.0,126.0,19.0,0.0,0.0,178.0,0.0
2021-01-10 04:00:00+00:00,187.0,711.0,18.0,79.0,61.0,857.0,46.0,0.0,0.0,0.0,0.0,0.0,0.0,0.0,0.0,0.0,83.0,0.0,0.0,0.0,589.0,179.0,0.0,0.0,0.0,181.0,0.0,156.0,1441.0,116.0,0.0,0.0,406.0,0.0,367.0,30.0,162.0,35.0,0.0,0.0,184.0,0.0
2021-01-10 05:00:00+00:00,173.0,769.0,14.0,97.0,53.0,786.0,1.0,0.0,0.0,0.0,0.0,0.0,0.0,0.0,0.0,0.0,97.0,0.0,0.0,0.0,590.0,158.0,0.0,0.0,0.0,38.0,0.0,183.0,1456.0,120.0,0.0,0.0,447.0,0.0,392.0,186.0,155.0,58.0,0.0,0.0,164.0,0.0
2021-01-10 06:00:00+00:00,68.0,562.0,10.0,100.0,31.0,745.0,0.0,0.0,0.0,0.0,0.0,0.0,0.0,0.0,0.0,0.0,111.0,0.0,0.0,0.0,590.0,102.0,0.0,0.0,0.0,0.0,0.0,69.0,1455.0,117.0,19.0,47.0,379.0,0.0,331.0,257.0,150.0,62.0,0.0,0.0,237.0,0.0
2021-01-10 07:00:00+00:00,2.0,446.0,18.0,107.0,43.0,829.0,51.0,0.0,32.0,45.0,0.0,0.0,0.0,0.0,0.0,0.0,111.0,0.0,0.0,0.0,595.0,5.0,0.0,0.0,0.0,0.0,0.0,0.0,1456.0,125.0,0.0,118.0,302.0,0.0,273.0,336.0,160.0,39.0,0.0,11.0,284.0,0.0
2021-01-10 08:00:00+00:00,0.0,424.0,29.0,150.0,118.0,874.0,44.0,0.0,110.0,111.0,0.0,0.0,0.0,0.0,0.0,0.0,121.0,0.0,0.0,0.0,595.0,0.0,0.0,0.0,0.0,0.0,0.0,0.0,1457.0,115.0,0.0,79.0,262.0,0.0,264.0,344.0,208.0,30.0,0.0,4.0,345.0,0.0
2021-01-10 09:00:00+00:00,0.0,441.0,48.0,156.0,114.0,865.0,43.0,0.0,147.0,141.0,0.0,0.0,0.0,0.0,0.0,0.0,138.0,0.0,0.0,0.0,572.0,0.0,0.0,0.0,0.0,0.0,0.0,10.0,1457.0,116.0,0.0,76.0,216.0,0.0,252.0,313.0,221.0,16.0,0.0,0.0,344.0,0.0
2021-01-10 10:00:00+00:00,0.0,561.0,66.0,154.0,125.0,811.0,4.0,0.0,201.0,180.0,0.0,0.0,0.0,0.0,0.0,0.0,139.0,0.0,0.0,0.0,551.0,0.0,0.0,0.0,0.0,0.0,0.0,26.0,1457.0,119.0,0.0,37.0,209.0,0.0,260.0,309.0,220.0,13.0,0.0,0.0,351.0,0.0
2021-01-10 11:00:00+00:00,0.0,598.0,82.0,146.0,129.0,829.0,23.0,0.0,232.0,182.0,0.0,0.0,0.0,0.0,0.0,0.0,148.0,0.0,0.0,0.0,543.0,0.0,0.0,0.0,0.0,0.0,0.0,24.0,1455.0,117.0,0.0,25.0,239.0,0.0,278.0,311.0,201.0,7.0,0.0,0.0,354.0,0.0
2021-01-10 12:00:00+00:00,0.0,547.0,63.0,154.0,142.0,803.0,0.0,0.0,210.0,173.0,0.0,0.0,0.0,0.0,0.0,0.0,140.0,0.0,0.0,0.0,548.0,0.0,0.0,0.0,0.0,0.0,0.0,47.0,1458.0,104.0,7.0,44.0,244.0,0.0,283.0,262.0,212.0,10.0,0.0,0.0,316.0,0.0
2021-01-10 13:00:00+00:00,0.0,607.0,64.0,142.0,117.0,792.0,0.0,0.0,193.0,152.0,0.0,0.0,0.0,0.0,0.0,0.0,133.0,0.0,0.0,0.0,483.0,0.0,0.0,0.0,0.0,0.0,0.0,50.0,1457.0,95.0,25.0,39.0,302.0,0.0,307.0,241.0,203.0,18.0,0.0,0.0,294.0,0.0
2021-01-10 14:00:00+00:00,0.0,530.0,56.0,156.0,120.0,783.0,0.0,0.0,171.0,106.0,0.0,0.0,0.0,0.0,0.0,0.0,147.0,0.0,0.0,0.0,467.0,0.0,0.0,0.0,0.0,0.0,0.0,12.0,1457.0,91.0,10.0,88.0,310.0,0.0,288.0,272.0,212.0,23.0,0.0,0.0,288.0,0.0
2021-01-10 15:00:00+00:00,0.0,445.0,42.0,164.0,131.0,806.0,0.0,0.0,155.0,61.0,0.0,0.0,0.0,0.0,0.0,0.0,120.0,0.0,0.0,0.0,518.0,0.0,0.0,0.0,0.0,0.0,0.0,0.0,1456.0,93.0,29.0,174.0,289.0,0.0,230.0,384.0,209.0,24.0,0.0,79.0,301.0,0.0
2021-01-10 16:00:00+00:00,1.0,637.0,82.0,262.0,270.0,724.0,0.0,0.0,110.0,90.0,0.0,0.0,0.0,0.0,0.0,0.0,97.0,0.0,0.0,0.0,560.0,0.0,0.0,0.0,0.0,0.0,0.0,16.0,1457.0,90.0,91.0,105.0,336.0,0.0,308.0,303.0,258.0,7.0,0.0,0.0,335.0,0.0
2021-01-10 17:00:00+00:00,0.0,684.0,97.0,285.0,300.0,766.0,0.0,0.0,76.0,77.0,0.0,0.0,0.0,0.0,0.0,0.0,64.0,0.0,0.0,0.0,599.0,1.0,0.0,0.0,0.0,0.0,0.0,84.0,1457.0,83.0,85.0,75.0,378.0,0.0,341.0,217.0,281.0,8.0,0.0,0.0,319.0,0.0
2021-01-10 18:00:00+00:00,0.0,681.0,120.0,282.0,287.0,819.0,0.0,0.0,30.0,45.0,0.0,0.0,0.0,0.0,0.0,0.0,58.0,0.0,0.0,0.0,591.0,2.0,0.0,0.0,0.0,0.0,0.0,105.0,1458.0,76.0,41.0,24.0,349.0,0.0,323.0,213.0,283.0,5.0,0.0,0.0,335.0,0.0
2021-01-10 19:00:00+00:00,0.0,742.0,122.0,259.0,265.0,812.0,0.0,0.0,30.0,75.0,0.0,0.0,0.0,0.0,0.0,0.0,45.0,0.0,0.0,0.0,591.0,2.0,0.0,0.0,0.0,0.0,0.0,124.0,1464.0,69.0,61.0,24.0,334.0,0.0,336.0,189.0,281.0,3.0,0.0,0.0,313.0,0.0
2021-01-10 20:00:00+00:00,0.0,767.0,76.0,250.0,280.0,866.0,29.0,0.0,91.0,132.0,0.0,0.0,0.0,0.0,0.0,0.0,22.0,0.0,0.0,0.0,600.0,0.0,0.0,0.0,0.0,121.0,0.0,182.0,1475.0,83.0,0.0,0.0,362.0,0.0,400.0,160.0,265.0,10.0,0.0,0.0,338.0,0.0
2021-01-10 21:00:00+00:00,0.0,949.0,91.0,251.0,330.0,810.0,0.0,0.0,162.0,110.0,0.0,0.0,0.0,0.0,0.0,0.0,94.0,0.0,0.0,0.0,600.0,0.0,0.0,0.0,0.0,204.0,0.0,308.0,1478.0,65.0,74.0,0.0,429.0,0.0,475.0,14.0,245.0,18.0,24.0,0.0,332.0,0.0
2021-01-10 22:00:00+00:00,9.0,1039.0,97.0,248.0,332.0,656.0,0.0,0.0,125.0,14.0,0.0,0.0,0.0,0.0,0.0,0.0,100.0,0.0,0.0,0.0,600.0,0.0,0.0,0.0,0.0,153.0,0.0,382.0,1460.0,54.0,253.0,0.0,430.0,0.0,501.0,0.0,232.0,7.0,90.0,0.0,326.0,0.0
2021-01-10 23:00:00+00:00,141.0,759.0,229.0,210.0,251.0,699.0,0.0,0.0,37.0,0.0,0.0,0.0,0.0,0.0,0.0,0.0,84.0,0.0,0.0,0.0,594.0,42.0,0.0,0.0,0.0,182.0,0.0,236.0,1442.0,59.0,200.0,0.0,348.0,0.0,402.0,0.0,161.0,0.0,28.0,0.0,293.0,0.0
2021-01-11 00:00:00+00:00,185.0,867.0,263.0,192.0,226.0,782.0,0.0,0.0,0.0,0.0,0.0,0.0,0.0,0.0,0.0,0.0,74.0,0.0,0.0,0.0,600.0,72.0,0.0,0.0,0.0,266.0,0.0,213.0,1272.0,68.0,103.0,0.0,381.0,0.0,429.0,0.0,125.0,0.0,89.0,0.0,365.0,0.0
2021-01-11 01:00:00+00:00,185.0,931.0,342.0,160.0,208.0,784.0,0.0,4.0,0.0,0.0,0.0,0.0,0.0,0.0,0.0,0.0,66.0,0.0,0.0,0.0,600.0,84.0,0.0,0.0,0.0,306.0,0.0,232.0,1270.0,68.0,73.0,0.0,428.0,0.0,449.0,0.0,44.0,0.0,148.0,0.0,351.0,0.0
2021-01-11 02:00:00+00:00,176.0,968.0,417.0,134.0,186.0,774.0,0.0,28.0,1.0,0.0,0.0,0.0,0.0,0.0,0.0,0.0,64.0,0.0,0.0,0.0,600.0,82.0,0.0,0.0,0.0,235.0,0.0,224.0,1269.0,66.0,90.0,0.0,429.0,0.0,446.0,0.0,6.0,0.0,150.0,0.0,349.0,0.0
2021-01-11 03:00:00+00:00,171.0,968.0,210.0,143.0,186.0,735.0,0.0,0.0,0.0,0.0,0.0,0.0,0.0,0.0,0.0,0.0,71.0,0.0,0.0,0.0,599.0,103.0,0.0,0.0,0.0,244.0,0.0,223.0,974.0,83.0,103.0,0.0,456.0,0.0,451.0,0.0,109.0,1.0,136.0,0.0,333.0,0.0
2021-01-11 04:00:00+00:00,249.0,783.0,26.0,158.0,151.0,278.0,314.0,0.0,0.0,0.0,0.0,0.0,0.0,0.0,0.0,0.0,94.0,0.0,0.0,0.0,541.0,182.0,0.0,0.0,0.0,173.0,0.0,62.0,693.0,66.0,0.0,0.0,399.0,0.0,371.0,49.0,230.0,36.0,5.0,0.0,333.0,0.0
2021-01-11 05:00:00+00:00,193.0,837.0,65.0,190.0,199.0,342.0,301.0,0.0,1.0,0.0,0.0,0.0,0.0,0.0,0.0,0.0,68.0,0.0,0.0,0.0,499.0,81.0,0.0,0.0,0.0,10.0,0.0,106.0,660.0,72.0,0.0,0.0,406.0,0.0,390.0,41.0,245.0,9.0,0.0,0.0,383.0,0.0
2021-01-11 06:00:00+00:00,9.0,731.0,30.0,174.0,228.0,329.0,257.0,0.0,137.0,29.0,0.0,0.0,0.0,0.0,0.0,0.0,128.0,0.0,0.0,0.0,510.0,1.0,0.0,0.0,0.0,0.0,0.0,24.0,659.0,67.0,0.0,36.0,329.0,0.0,320.0,171.0,221.0,23.0,0.0,0.0,408.0,0.0
2021-01-11 07:00:00+00:00,0.0,757.0,34.0,152.0,221.0,349.0,267.0,0.0,284.0,146.0,0.0,0.0,0.0,0.0,0.0,0.0,101.0,0.0,0.0,0.0,542.0,0.0,0.0,0.0,0.0,0.0,0.0,0.0,670.0,73.0,0.0,84.0,254.0,0.0,277.0,273.0,201.0,20.0,0.0,74.0,438.0,0.0
2021-01-11 08:00:00+00:00,0.0,707.0,48.0,164.0,236.0,384.0,303.0,0.0,370.0,189.0,0.0,0.0,0.0,0.0,0.0,0.0,111.0,0.0,0.0,0.0,599.0,0.0,0.0,0.0,0.0,0.0,0.0,0.0,670.0,71.0,0.0,72.0,219.0,0.0,268.0,245.0,170.0,17.0,0.0,116.0,443.0,0.0
2021-01-11 09:00:00+00:00,0.0,746.0,34.0,170.0,265.0,385.0,315.0,0.0,423.0,211.0,0.0,0.0,0.0,0.0,0.0,0.0,151.0,0.0,0.0,0.0,601.0,0.0,0.0,0.0,0.0,0.0,0.0,0.0,671.0,70.0,0.0,56.0,217.0,0.0,279.0,219.0,160.0,26.0,0.0,118.0,443.0,0.0
2021-01-11 10:00:00+00:00,0.0,793.0,40.0,179.0,272.0,375.0,301.0,0.0,435.0,213.0,0.0,0.0,0.0,0.0,0.0,0.0,136.0,0.0,0.0,0.0,601.0,0.0,0.0,0.0,0.0,25.0,0.0,0.0,672.0,84.0,0.0,0.0,208.0,0.0,293.0,261.0,141.0,26.0,0.0,143.0,462.0,0.0
2021-01-11 11:00:00+00:00,0.0,751.0,27.0,182.0,273.0,368.0,297.0,0.0,407.0,199.0,0.0,0.0,0.0,0.0,0.0,0.0,123.0,0.0,0.0,0.0,601.0,0.0,0.0,0.0,0.0,15.0,0.0,0.0,672.0,81.0,0.0,0.0,227.0,0.0,296.0,247.0,137.0,34.0,0.0,98.0,460.0,0.0
2021-01-11 12:00:00+00:00,0.0,787.0,22.0,187.0,266.0,365.0,310.0,0.0,373.0,182.0,0.0,0.0,0.0,0.0,0.0,0.0,116.0,0.0,0.0,0.0,601.0,0.0,0.0,0.0,0.0,32.0,0.0,0.0,671.0,81.0,0.0,0.0,227.0,0.0,301.0,271.0,137.0,38.0,0.0,78.0,471.0,0.0
2021-01-11 13:00:00+00:00,0.0,822.0,34.0,193.0,253.0,374.0,319.0,0.0,340.0,146.0,0.0,0.0,0.0,0.0,0.0,0.0,100.0,0.0,0.0,0.0,591.0,0.0,0.0,0.0,0.0,77.0,0.0,0.0,666.0,73.0,0.0,0.0,226.0,0.0,294.0,315.0,162.0,30.0,0.0,75.0,467.0,0.0
2021-01-11 14:00:00+00:00,0.0,783.0,44.0,215.0,270.0,405.0,325.0,0.0,266.0,124.0,0.0,0.0,0.0,0.0,0.0,0.0,85.0,0.0,0.0,0.0,601.0,0.0,0.0,0.0,0.0,54.0,0.0,0.0,591.0,71.0,0.0,0.0,245.0,0.0,285.0,350.0,192.0,20.0,0.0,75.0,445.0,0.0
2021-01-11 15:00:00+00:00,0.0,735.0,65.0,253.0,307.0,415.0,354.0,0.0,251.0,109.0,0.0,0.0,0.0,0.0,0.0,0.0,79.0,0.0,0.0,0.0,601.0,0.0,0.0,0.0,0.0,0.0,0.0,0.0,592.0,85.0,0.0,24.0,252.0,0.0,276.0,461.0,205.0,8.0,0.0,149.0,463.0,0.0
2021-01-11 16:00:00+00:00,0.0,792.0,74.0,298.0,375.0,410.0,359.0,0.0,245.0,120.0,0.0,0.0,0.0,0.0,0.0,0.0,115.0,0.0,0.0,0.0,601.0,0.0,0.0,0.0,0.0,26.0,0.0,0.0,665.0,88.0,0.0,0.0,271.0,0.0,311.0,467.0,218.0,6.0,0.0,157.0,472.0,0.0
2021-01-11 17:00:00+00:00,0.0,714.0,94.0,286.0,337.0,395.0,355.0,0.0,181.0,81.0,0.0,0.0,0.0,0.0,0.0,0.0,136.0,0.0,0.0,0.0,595.0,0.0,0.0,0.0,0.0,0.0,0.0,0.0,673.0,101.0,0.0,14.0,245.0,0.0,278.0,480.0,230.0,3.0,0.0,180.0,485.0,0.0
2021-01-11 18:00:00+00:00,0.0,696.0,97.0,257.0,293.0,778.0,0.0,0.0,145.0,59.0,0.0,0.0,0.0,0.0,0.0,0.0,137.0,0.0,0.0,0.0,595.0,0.0,0.0,0.0,0.0,0.0,0.0,0.0,1157.0,109.0,51.0,11.0,209.0,0.0,253.0,416.0,221.0,2.0,0.0,161.0,473.0,0.0
2021-01-11 19:00:00+00:00,0.0,605.0,126.0,258.0,287.0,823.0,3.0,0.0,137.0,96.0,0.0,0.0,0.0,0.0,0.0,0.0,119.0,0.0,0.0,0.0,595.0,0.0,0.0,0.0,0.0,92.0,0.0,0.0,1446.0,119.0,0.0,0.0,167.0,0.0,241.0,391.0,237.0,4.0,0.0,149.0,503.0,0.0
2021-01-11 20:00:00+00:00,0.0,685.0,102.0,235.0,290.0,765.0,0.0,0.0,237.0,175.0,0.0,0.0,0.0,0.0,0.0,0.0,78.0,0.0,0.0,0.0,595.0,0.0,0.0,0.0,0.0,199.0,0.0,0.0,1488.0,96.0,80.0,0.0,162.0,0.0,279.0,362.0,230.0,2.0,0.0,116.0,536.0,0.0
2021-01-11 21:00:00+00:00,0.0,651.0,86.0,248.0,308.0,465.0,530.0,0.0,238.0,105.0,0.0,0.0,0.0,0.0,0.0,0.0,92.0,0.0,0.0,0.0,595.0,0.0,0.0,0.0,0.0,145.0,0.0,0.0,1471.0,57.0,0.0,0.0,145.0,0.0,268.0,330.0,230.0,8.0,0.0,120.0,539.0,0.0
2021-01-11 22:00:00+00:00,8.0,692.0,66.0,231.0,291.0,423.0,524.0,0.0,193.0,13.0,0.0,0.0,0.0,0.0,0.0,0.0,27.0,0.0,0.0,0.0,600.0,0.0,0.0,0.0,0.0,43.0,0.0,0.0,1471.0,49.0,0.0,0.0,167.0,0.0,294.0,248.0,179.0,13.0,0.0,108.0,492.0,0.0
2021-01-11 23:00:00+00:00,124.0,958.0,150.0,155.0,254.0,933.0,46.0,1.0,246.0,0.0,0.0,0.0,0.0,0.0,0.0,0.0,0.0,0.0,0.0,0.0,600.0,0.0,0.0,3.0,0.0,122.0,0.0,0.0,1471.0,118.0,0.0,0.0,168.0,0.0,296.0,255.0,63.0,0.0,0.0,122.0,488.0,0.0
2021-01-12 00:00:00+00:00,36.0,962.0,194.0,119.0,228.0,874.0,66.0,3.0,179.0,2.0,0.0,0.0,0.0,0.0,0.0,0.0,0.0,0.0,0.0,0.0,600.0,0.0,0.0,1.0,0.0,217.0,0.0,0.0,1471.0,104.0,0.0,0.0,206.0,0.0,322.0,253.0,45.0,0.0,0.0,111.0,483.0,0.0
2021-01-12 01:00:00+00:00,21.0,971.0,152.0,90.0,230.0,855.0,61.0,4.0,173.0,2.0,0.0,0.0,0.0,0.0,0.0,0.0,0.0,0.0,0.0,0.0,600.0,0.0,0.0,0.0,0.0,284.0,0.0,0.0,1471.0,107.0,0.0,0.0,286.0,0.0,363.0,156.0,41.0,0.0,0.0,63.0,429.0,0.0
2021-01-12 02:00:00+00:00,28.0,1016.0,166.0,70.0,202.0,696.0,0.0,31.0,150.0,1.0,0.0,0.0,0.0,0.0,0.0,0.0,64.0,0.0,0.0,0.0,600.0,0.0,0.0,0.0,0.0,241.0,0.0,0.0,1363.0,108.0,78.0,0.0,332.0,0.0,383.0,134.0,7.0,1.0,0.0,57.0,418.0,0.0
2021-01-12 03:00:00+00:00,85.0,1049.0,106.0,71.0,194.0,556.0,0.0,18.0,144.0,0.0,0.0,0.0,0.0,0.0,0.0,0.0,88.0,0.0,0.0,0.0,600.0,0.0,0.0,0.0,0.0,205.0,0.0,0.0,879.0,124.0,135.0,0.0,343.0,0.0,382.0,181.0,24.0,3.0,0.0,68.0,418.0,0.0
2021-01-12 04:00:00+00:00,172.0,942.0,8.0,86.0,144.0,331.0,390.0,0.0,60.0,0.0,0.0,0.0,0.0,0.0,0.0,0.0,108.0,0.0,0.0,0.0,600.0,1.0,0.0,0.0,0.0,112.0,0.0,0.0,563.0,128.0,0.0,0.0,286.0,0.0,300.0,384.0,103.0,54.0,0.0,212.0,470.0,0.0
2021-01-12 05:00:00+00:00,241.0,763.0,58.0,126.0,111.0,445.0,471.0,0.0,4.0,0.0,0.0,0.0,0.0,0.0,0.0,0.0,91.0,0.0,0.0,0.0,600.0,29.0,0.0,0.0,0.0,91.0,0.0,0.0,512.0,133.0,0.0,0.0,245.0,0.0,243.0,494.0,139.0,14.0,0.0,252.0,454.0,0.0
2021-01-12 06:00:00+00:00,47.0,726.0,47.0,115.0,147.0,417.0,382.0,0.0,160.0,0.0,0.0,0.0,0.0,0.0,0.0,0.0,105.0,0.0,0.0,0.0,600.0,0.0,0.0,0.0,0.0,0.0,0.0,0.0,511.0,105.0,0.0,125.0,267.0,0.0,249.0,489.0,160.0,13.0,0.0,212.0,454.0,0.0
2021-01-12 07:00:00+00:00,0.0,654.0,62.0,138.0,170.0,380.0,306.0,0.0,261.0,43.0,0.0,0.0,0.0,0.0,0.0,0.0,66.0,0.0,0.0,0.0,600.0,0.0,0.0,0.0,0.0,0.0,0.0,0.0,512.0,86.0,0.0,209.0,186.0,0.0,190.0,594.0,191.0,11.0,0.0,285.0,460.0,0.0
2021-01-12 08:00:00+00:00,0.0,565.0,65.0,157.0,198.0,408.0,398.0,0.0,346.0,76.0,0.0,0.0,0.0,0.0,0.0,0.0,59.0,0.0,0.0,0.0,600.0,0.0,0.0,0.0,0.0,0.0,0.0,0.0,510.0,125.0,0.0,245.0,191.0,0.0,178.0,486.0,192.0,10.0,0.0,233.0,408.0,0.0
2021-01-12 09:00:00+00:00,0.0,580.0,85.0,158.0,198.0,402.0,395.0,0.0,375.0,73.0,0.0,0.0,0.0,0.0,0.0,0.0,42.0,0.0,0.0,0.0,587.0,0.0,0.0,0.0,0.0,0.0,0.0,0.0,511.0,135.0,0.0,235.0,194.0,0.0,187.0,452.0,226.0,4.0,0.0,217.0,404.0,0.0
2021-01-12 10:00:00+00:00,0.0,659.0,91.0,154.0,210.0,382.0,372.0,0.0,389.0,68.0,0.0,0.0,0.0,0.0,0.0,0.0,37.0,0.0,0.0,0.0,568.0,0.0,0.0,0.0,0.0,0.0,0.0,0.0,511.0,133.0,0.0,213.0,213.0,0.0,214.0,379.0,225.0,9.0,0.0,183.0,378.0,0.0
2021-01-12 11:00:00+00:00,0.0,691.0,106.0,152.0,229.0,448.0,419.0,0.0,440.0,113.0,0.0,0.0,0.0,0.0,0.0,0.0,103.0,0.0,0.0,0.0,590.0,0.0,0.0,0.0,0.0,0.0,0.0,0.0,510.0,141.0,0.0,178.0,247.0,0.0,241.0,313.0,209.0,2.0,0.0,122.0,375.0,0.0
2021-01-12 12:00:00+00:00,0.0,714.0,113.0,143.0,234.0,432.0,409.0,0.0,487.0,121.0,0.0,0.0,0.0,0.0,0.0,0.0,148.0,0.0,0.0,0.0,600.0,0.0,0.0,0.0,0.0,0.0,0.0,0.0,512.0,126.0,0.0,101.0,283.0,0.0,277.0,276.0,217.0,1.0,0.0,68.0,385.0,0.0
2021-01-12 13:00:00+00:00,0.0,741.0,136.0,160.0,238.0,431.0,430.0,0.0,454.0,75.0,0.0,0.0,0.0,0.0,0.0,0.0,164.0,0.0,0.0,0.0,552.0,0.0,0.0,0.0,0.0,0.0,0.0,0.0,508.0,130.0,0.0,95.0,281.0,0.0,270.0,317.0,244.0,2.0,0.0,94.0,392.0,0.0
2021-01-12 14:00:00+00:00,0.0,768.0,114.0,166.0,232.0,451.0,399.0,0.0,378.0,46.0,0.0,0.0,0.0,0.0,0.0,0.0,161.0,0.0,0.0,0.0,560.0,0.0,0.0,0.0,0.0,0.0,0.0,0.0,431.0,132.0,0.0,156.0,245.0,0.0,250.0,400.0,267.0,2.0,0.0,123.0,426.0,0.0
2021-01-12 15:00:00+00:00,0.0,711.0,130.0,196.0,287.0,494.0,434.0,0.0,386.0,37.0,0.0,0.0,0.0,0.0,0.0,0.0,153.0,0.0,0.0,0.0,554.0,0.0,0.0,0.0,0.0,0.0,0.0,0.0,431.0,134.0,0.0,261.0,271.0,0.0,244.0,432.0,274.0,0.0,0.0,146.0,412.0,0.0
2021-01-12 16:00:00+00:00,5.0,811.0,118.0,228.0,319.0,482.0,427.0,0.0,374.0,33.0,0.0,0.0,0.0,0.0,0.0,0.0,143.0,0.0,0.0,0.0,510.0,0.0,0.0,0.0,0.0,0.0,0.0,0.0,507.0,106.0,0.0,263.0,286.0,0.0,262.0,423.0,271.0,2.0,0.0,146.0,409.0,0.0
2021-01-12 17:00:00+00:00,11.0,748.0,166.0,234.0,286.0,533.0,453.0,0.0,262.0,7.0,0.0,0.0,0.0,0.0,0.0,0.0,161.0,0.0,0.0,0.0,535.0,0.0,0.0,0.0,0.0,0.0,0.0,0.0,512.0,115.0,0.0,186.0,284.0,0.0,247.0,421.0,320.0,0.0,0.0,176.0,396.0,0.0
2021-01-12 18:00:00+00:00,20.0,711.0,188.0,238.0,282.0,848.0,52.0,0.0,232.0,2.0,0.0,0.0,0.0,0.0,0.0,0.0,160.0,0.0,0.0,0.0,549.0,0.0,0.0,0.0,0.0,0.0,0.0,0.0,1025.0,154.0,0.0,195.0,258.0,0.0,236.0,324.0,324.0,0.0,0.0,105.0,399.0,0.0
2021-01-12 19:00:00+00:00,42.0,565.0,194.0,238.0,252.0,918.0,127.0,0.0,142.0,0.0,0.0,0.0,0.0,0.0,0.0,0.0,142.0,0.0,0.0,0.0,550.0,0.0,0.0,0.0,0.0,0.0,0.0,0.0,1427.0,142.0,0.0,28.0,177.0,0.0,188.0,288.0,323.0,2.0,0.0,101.0,412.0,0.0
2021-01-12 20:00:00+00:00,10.0,563.0,91.0,219.0,220.0,883.0,184.0,0.0,167.0,15.0,0.0,0.0,0.0,0.0,0.0,0.0,162.0,0.0,0.0,0.0,551.0,0.0,0.0,0.0,0.0,43.0,0.0,0.0,1471.0,153.0,0.0,0.0,125.0,0.0,195.0,287.0,255.0,6.0,0.0,97.0,452.0,0.0
2021-01-12 21:00:00+00:00,55.0,535.0,69.0,227.0,232.0,480.0,518.0,0.0,183.0,0.0,0.0,0.0,0.0,0.0,0.0,0.0,173.0,0.0,0.0,0.0,599.0,0.0,0.0,0.0,0.0,11.0,0.0,0.0,1485.0,71.0,0.0,0.0,114.0,0.0,181.0,324.0,211.0,8.0,0.0,182.0,475.0,0.0
2021-01-12 22:00:00+00:00,143.0,685.0,119.0,228.0,248.0,554.0,507.0,0.0,136.0,0.0,0.0,0.0,0.0,0.0,0.0,0.0,137.0,0.0,0.0,0.0,600.0,0.0,0.0,0.0,0.0,0.0,0.0,0.0,1471.0,75.0,0.0,75.0,78.0,0.0,189.0,355.0,222.0,6.0,0.0,189.0,507.0,0.0
2021-01-12 23:00:00+00:00,195.0,951.0,127.0,222.0,315.0,1001.0,151.0,0.0,171.0,0.0,0.0,0.0,0.0,0.0,0.0,0.0,112.0,0.0,0.0,0.0,600.0,0.0,0.0,0.0,0.0,126.0,0.0,0.0,1472.0,136.0,0.0,0.0,134.0,0.0,257.0,263.0,255.0,2.0,0.0,126.0,463.0,0.0
2021-01-13 00:00:00+00:00,224.0,919.0,97.0,167.0,236.0,971.0,116.0,0.0,67.0,0.0,0.0,0.0,0.0,0.0,0.0,0.0,94.0,0.0,0.0,0.0,600.0,1.0,0.0,0.0,0.0,159.0,0.0,0.0,1473.0,135.0,0.0,0.0,173.0,0.0,255.0,177.0,260.0,3.0,0.0,106.0,396.0,0.0
2021-01-13 01:00:00+00:00,260.0,787.0,54.0,128.0,147.0,946.0,128.0,0.0,27.0,0.0,0.0,0.0,0.0,0.0,0.0,0.0,80.0,0.0,0.0,0.0,600.0,7.0,0.0,0.0,0.0,131.0,0.0,0.0,1472.0,150.0,0.0,0.0,148.0,0.0,204.0,185.0,189.0,10.0,0.0,142.0,366.0,0.0
2021-01-13 02:00:00+00:00,293.0,772.0,109.0,110.0,112.0,871.0,130.0,0.0,2.0,0.0,0.0,0.0,0.0,0.0,0.0,0.0,82.0,0.0,0.0,0.0,600.0,25.0,0.0,0.0,0.0,150.0,0.0,0.0,1456.0,179.0,0.0,0.0,170.0,0.0,200.0,190.0,149.0,2.0,0.0,165.0,349.0,0.0
2021-01-13 03:00:00+00:00,339.0,1130.0,49.0,76.0,122.0,582.0,0.0,0.0,71.0,0.0,0.0,0.0,0.0,0.0,0.0,0.0,87.0,0.0,0.0,0.0,24.0,0.0,0.0,0.0,0.0,57.0,0.0,0.0,1016.0,152.0,63.0,0.0,272.0,0.0,276.0,99.0,128.0,20.0,0.0,81.0,316.0,0.0
2021-01-13 04:00:00+00:00,280.0,1217.0,24.0,121.0,209.0,132.0,264.0,0.0,95.0,0.0,0.0,0.0,0.0,0.0,0.0,0.0,109.0,0.0,0.0,0.0,1.0,0.0,0.0,0.0,0.0,0.0,0.0,0.0,714.0,83.0,0.0,33.0,319.0,0.0,305.0,136.0,136.0,34.0,0.0,98.0,300.0,0.0
2021-01-13 05:00:00+00:00,364.0,1312.0,30.0,90.0,93.0,192.0,234.0,0.0,120.0,0.0,0.0,0.0,0.0,0.0,0.0,0.0,115.0,0.0,0.0,0.0,1.0,1.0,0.0,0.0,0.0,0.0,0.0,0.0,671.0,96.0,0.0,190.0,354.0,0.0,325.0,285.0,147.0,52.0,0.0,179.0,359.0,0.0
2021-01-13 06:00:00+00:00,291.0,973.0,22.0,79.0,44.0,194.0,172.0,0.0,156.0,0.0,0.0,0.0,0.0,0.0,0.0,0.0,104.0,0.0,0.0,0.0,348.0,0.0,0.0,0.0,0.0,0.0,0.0,0.0,671.0,107.0,0.0,281.0,285.0,0.0,245.0,387.0,130.0,45.0,0.0,231.0,340.0,0.0
2021-01-13 07:00:00+00:00,192.0,772.0,8.0,72.0,43.0,227.0,178.0,0.0,323.0,0.0,0.0,0.0,0.0,0.0,0.0,0.0,76.0,0.0,0.0,0.0,511.0,0.0,0.0,0.0,0.0,0.0,0.0,0.0,672.0,122.0,0.0,307.0,192.0,0.0,157.0,520.0,110.0,51.0,0.0,353.0,314.0,0.0
2021-01-13 08:00:00+00:00,212.0,679.0,11.0,85.0,50.0,233.0,194.0,0.0,408.0,0.0,0.0,0.0,0.0,0.0,0.0,0.0,72.0,0.0,0.0,0.0,550.0,0.0,0.0,0.0,0.0,0.0,0.0,0.0,671.0,120.0,0.0,240.0,151.0,0.0,132.0,425.0,106.0,39.0,0.0,304.0,284.0,0.0
2021-01-13 09:00:00+00:00,176.0,687.0,4.0,92.0,92.0,248.0,218.0,0.0,491.0,0.0,0.0,0.0,0.0,0.0,0.0,0.0,76.0,0.0,0.0,0.0,463.0,0.0,0.0,0.0,0.0,0.0,0.0,0.0,671.0,109.0,0.0,173.0,140.0,0.0,161.0,408.0,95.0,74.0,0.0,269.0,302.0,0.0
2021-01-13 10:00:00+00:00,157.0,765.0,2.0,58.0,88.0,270.0,199.0,4.0,562.0,0.0,0.0,0.0,0.0,0.0,0.0,0.0,150.0,0.0,0.0,0.0,303.0,0.0,0.0,0.0,0.0,0.0,0.0,0.0,672.0,81.0,0.0,185.0,157.0,0.0,183.0,347.0,49.0,111.0,0.0,272.0,283.0,0.0
2021-01-13 11:00:00+00:00,102.0,522.0,3.0,67.0,68.0,220.0,171.0,1.0,507.0,0.0,0.0,0.0,0.0,0.0,0.0,0.0,170.0,0.0,0.0,0.0,586.0,0.0,0.0,0.0,0.0,0.0,0.0,0.0,671.0,72.0,0.0,227.0,122.0,0.0,139.0,387.0,65.0,83.0,0.0,320.0,277.0,0.0
2021-01-13 12:00:00+00:00,92.0,508.0,2.0,68.0,62.0,165.0,96.0,2.0,495.0,0.0,0.0,0.0,0.0,0.0,0.0,0.0,164.0,0.0,0.0,0.0,587.0,0.0,0.0,0.0,0.0,0.0,0.0,0.0,671.0,56.0,0.0,204.0,127.0,0.0,139.0,380.0,69.0,145.0,0.0,290.0,285.0,0.0
2021-01-13 13:00:00+00:00,146.0,455.0,0.0,78.0,7.0,147.0,99.0,0.0,405.0,0.0,0.0,0.0,0.0,0.0,0.0,0.0,157.0,0.0,0.0,0.0,530.0,0.0,0.0,0.0,0.0,0.0,0.0,0.0,666.0,65.0,0.0,200.0,115.0,0.0,121.0,435.0,104.0,177.0,0.0,323.0,300.0,0.0
2021-01-13 14:00:00+00:00,232.0,505.0,8.0,99.0,2.0,61.0,0.0,0.0,321.0,0.0,0.0,0.0,0.0,0.0,0.0,0.0,158.0,0.0,0.0,0.0,451.0,0.0,0.0,0.0,0.0,0.0,0.0,0.0,591.0,11.0,85.0,192.0,127.0,0.0,113.0,534.0,150.0,78.0,0.0,344.0,328.0,0.0
2021-01-13 15:00:00+00:00,300.0,567.0,45.0,168.0,60.0,0.0,0.0,0.0,218.0,0.0,0.0,0.0,0.0,0.0,0.0,0.0,149.0,29.0,23.0,0.0,337.0,0.0,0.0,0.0,0.0,0.0,0.0,0.0,590.0,0.0,197.0,312.0,157.0,0.0,110.0,548.0,204.0,14.0,0.0,337.0,324.0,0.0
2021-01-13 16:00:00+00:00,285.0,531.0,60.0,202.0,113.0,31.0,0.0,0.0,190.0,0.0,0.0,0.0,0.0,0.0,0.0,0.0,136.0,0.0,5.0,0.0,360.0,0.0,0.0,0.0,0.0,0.0,0.0,0.0,668.0,0.0,137.0,339.0,136.0,0.0,100.0,607.0,215.0,13.0,0.0,383.0,351.0,0.0
2021-01-13 17:00:00+00:00,270.0,557.0,62.0,215.0,132.0,62.0,0.0,0.0,171.0,0.0,0.0,0.0,0.0,0.0,0.0,0.0,151.0,0.0,0.0,0.0,397.0,0.0,0.0,0.0,0.0,0.0,0.0,0.0,672.0,0.0,118.0,311.0,140.0,0.0,110.0,597.0,233.0,11.0,0.0,375.0,369.0,0.0
2021-01-13 18:00:00+00:00,249.0,641.0,82.0,189.0,115.0,582.0,0.0,0.0,152.0,0.0,0.0,0.0,0.0,0.0,0.0,0.0,148.0,0.0,0.0,0.0,420.0,0.0,0.0,0.0,0.0,0.0,0.0,0.0,1158.0,133.0,155.0,305.0,143.0,0.0,135.0,499.0,202.0,12.0,0.0,308.0,364.0,0.0
2021-01-13 19:00:00+00:00,151.0,685.0,21.0,137.0,98.0,577.0,0.0,1.0,245.0,0.0,0.0,0.0,0.0,0.0,0.0,0.0,124.0,0.0,0.0,0.0,454.0,0.0,0.0,0.0,0.0,0.0,0.0,0.0,1448.0,137.0,30.0,200.0,110.0,0.0,137.0,432.0,131.0,42.0,0.0,267.0,384.0,0.0
2021-01-13 20:00:00+00:00,79.0,530.0,7.0,134.0,86.0,531.0,44.0,1.0,214.0,0.0,0.0,0.0,0.0,0.0,0.0,0.0,175.0,0.0,0.0,0.0,598.0,0.0,0.0,0.0,0.0,0.0,0.0,0.0,1480.0,103.0,0.0,107.0,95.0,0.0,136.0,417.0,92.0,74.0,0.0,291.0,387.0,0.0
2021-01-13 21:00:00+00:00,93.0,564.0,7.0,182.0,181.0,455.0,78.0,1.0,280.0,0.0,0.0,0.0,0.0,0.0,0.0,0.0,176.0,0.0,0.0,0.0,602.0,0.0,0.0,0.0,0.0,0.0,0.0,0.0,1470.0,77.0,0.0,66.0,131.0,0.0,175.0,392.0,137.0,86.0,0.0,279.0,396.0,0.0
2021-01-13 22:00:00+00:00,203.0,544.0,24.0,162.0,151.0,472.0,120.0,0.0,220.0,0.0,0.0,0.0,0.0,0.0,0.0,0.0,140.0,0.0,0.0,0.0,602.0,0.0,0.0,0.0,0.0,0.0,0.0,0.0,1469.0,95.0,0.0,170.0,79.0,0.0,159.0,354.0,114.0,57.0,0.0,266.0,386.0,0.0
2021-01-13 23:00:00+00:00,158.0,552.0,231.0,106.0,140.0,708.0,51.0,90.0,254.0,0.0,0.0,0.0,0.0,0.0,0.0,0.0,110.0,0.0,0.0,0.0,602.0,0.0,0.0,0.0,0.0,4.0,0.0,0.0,1470.0,175.0,0.0,0.0,114.0,0.0,160.0,159.0,1.0,0.0,0.0,157.0,279.0,0.0
2021-01-14 00:00:00+00:00,90.0,573.0,214.0,75.0,128.0,716.0,127.0,112.0,218.0,0.0,0.0,0.0,0.0,0.0,0.0,0.0,93.0,0.0,0.0,0.0,602.0,0.0,0.0,0.0,0.0,70.0,0.0,0.0,1470.0,189.0,0.0,0.0,188.0,0.0,210.0,55.0,0.0,0.0,0.0,91.0,247.0,0.0
2021-01-14 01:00:00+00:00,45.0,618.0,185.0,58.0,130.0,677.0,0.0,122.0,226.0,0.0,0.0,0.0,0.0,0.0,0.0,0.0,85.0,0.0,0.0,0.0,602.0,0.0,0.0,0.0,0.0,102.0,0.0,0.0,1470.0,158.0,43.0,0.0,253.0,0.0,249.0,35.0,0.0,1.0,0.0,53.0,266.0,0.0
2021-01-14 02:00:00+00:00,33.0,674.0,158.0,27.0,106.0,681.0,0.0,145.0,246.0,2.0,0.0,0.0,0.0,0.0,0.0,0.0,83.0,0.0,0.0,0.0,602.0,0.0,0.0,0.0,0.0,183.0,0.0,0.0,1457.0,176.0,11.0,0.0,309.0,0.0,280.0,36.0,0.0,0.0,0.0,54.0,266.0,0.0
2021-01-14 03:00:00+00:00,46.0,664.0,134.0,10.0,74.0,491.0,0.0,142.0,249.0,1.0,0.0,0.0,0.0,0.0,0.0,0.0,89.0,0.0,0.0,0.0,602.0,0.0,2.0,0.0,0.0,212.0,0.0,0.0,1470.0,127.0,65.0,0.0,303.0,0.0,262.0,110.0,0.0,2.0,0.0,118.0,242.0,0.0
2021-01-14 04:00:00+00:00,104.0,591.0,135.0,1.0,3.0,0.0,0.0,183.0,275.0,0.0,0.0,0.0,0.0,0.0,0.0,0.0,114.0,97.0,52.0,0.0,602.0,0.0,16.0,0.0,0.0,8.0,0.0,0.0,1282.0,0.0,125.0,0.0,234.0,0.0,173.0,245.0,0.0,2.0,0.0,221.0,232.0,0.0
2021-01-14 05:00:00+00:00,174.0,548.0,117.0,2.0,0.0,0.0,0.0,143.0,273.0,0.0,0.0,0.0,0.0,0.0,0.0,0.0,126.0,110.0,94.0,0.0,599.0,0.0,10.0,0.0,0.0,0.0,0.0,0.0,1278.0,0.0,242.0,232.0,253.0,52.0,173.0,303.0,0.0,3.0,0.0,189.0,275.0,0.0
2021-01-14 06:00:00+00:00,29.0,567.0,2.0,10.0,40.0,0.0,0.0,12.0,401.0,10.0,0.0,0.0,0.0,0.0,0.0,0.0,105.0,151.0,131.0,0.0,498.0,0.0,6.0,0.0,0.0,0.0,0.0,0.0,1271.0,0.0,391.0,310.0,296.0,0.0,206.0,368.0,48.0,138.0,0.0,148.0,303.0,0.0
2021-01-14 07:00:00+00:00,1.0,807.0,2.0,1.0,72.0,0.0,0.0,8.0,628.0,44.0,0.0,0.0,0.0,0.0,0.0,0.0,62.0,76.0,100.0,0.0,236.0,0.0,10.0,0.0,0.0,0.0,0.0,0.0,1271.0,0.0,351.0,279.0,310.0,0.0,230.0,358.0,31.0,145.0,0.0,143.0,300.0,0.0
2021-01-14 08:00:00+00:00,0.0,823.0,0.0,2.0,79.0,0.0,0.0,16.0,723.0,73.0,0.0,0.0,0.0,0.0,0.0,0.0,59.0,47.0,97.0,0.0,248.0,0.0,7.0,0.0,0.0,0.0,0.0,0.0,1270.0,0.0,308.0,247.0,276.0,0.0,209.0,338.0,15.0,119.0,0.0,139.0,283.0,0.0
2021-01-14 09:00:00+00:00,4.0,905.0,0.0,14.0,96.0,0.0,0.0,15.0,787.0,52.0,0.0,0.0,0.0,0.0,0.0,0.0,117.0,53.0,111.0,0.0,146.0,0.0,0.0,0.0,0.0,0.0,0.0,0.0,1271.0,0.0,346.0,180.0,296.0,0.0,236.0,281.0,28.0,157.0,0.0,103.0,281.0,0.0
2021-01-14 10:00:00+00:00,2.0,1029.0,2.0,24.0,125.0,0.0,0.0,13.0,797.0,42.0,0.0,0.0,0.0,0.0,0.0,0.0,177.0,111.0,126.0,0.0,191.0,0.0,0.0,0.0,0.0,0.0,0.0,0.0,1271.0,0.0,395.0,195.0,375.0,0.0,317.0,148.0,24.0,130.0,0.0,0.0,264.0,0.0
2021-01-14 11:00:00+00:00,3.0,983.0,0.0,17.0,106.0,0.0,0.0,11.0,777.0,30.0,0.0,0.0,0.0,0.0,0.0,0.0,182.0,76.0,120.0,0.0,175.0,0.0,0.0,0.0,0.0,0.0,0.0,8.0,1270.0,0.0,344.0,247.0,378.0,0.0,315.0,128.0,26.0,162.0,0.0,0.0,258.0,0.0
2021-01-14 12:00:00+00:00,0.0,951.0,0.0,7.0,82.0,0.0,0.0,6.0,727.0,121.0,0.0,0.0,0.0,0.0,0.0,0.0,183.0,102.0,126.0,0.0,199.0,0.0,3.0,0.0,0.0,0.0,0.0,17.0,1270.0,0.0,329.0,230.0,383.0,0.0,331.0,128.0,40.0,199.0,0.0,0.0,270.0,0.0
2021-01-14 13:00:00+00:00,0.0,880.0,0.0,7.0,43.0,0.0,0.0,4.0,684.0,60.0,0.0,0.0,0.0,0.0,0.0,0.0,163.0,139.0,141.0,0.0,260.0,0.0,2.0,0.0,0.0,0.0,0.0,46.0,1271.0,0.0,403.0,249.0,416.0,0.0,340.0,114.0,45.0,174.0,0.0,0.0,265.0,0.0
2021-01-14 14:00:00+00:00,8.0,857.0,2.0,35.0,74.0,0.0,0.0,1.0,548.0,14.0,0.0,0.0,0.0,0.0,0.0,0.0,131.0,171.0,174.0,0.0,301.0,0.0,0.0,0.0,0.0,0.0,0.0,36.0,1243.0,0.0,497.0,259.0,428.0,0.0,350.0,180.0,83.0,120.0,0.0,0.0,303.0,0.0
2021-01-14 15:00:00+00:00,99.0,747.0,3.0,62.0,72.0,0.0,0.0,0.0,463.0,0.0,0.0,0.0,0.0,0.0,0.0,0.0,132.0,138.0,166.0,0.0,217.0,0.0,0.0,0.0,0.0,0.0,0.0,0.0,1240.0,0.0,453.0,349.0,420.0,0.0,301.0,262.0,105.0,109.0,0.0,52.0,289.0,0.0
2021-01-14 16:00:00+00:00,60.0,620.0,16.0,127.0,132.0,0.0,0.0,0.0,423.0,1.0,0.0,0.0,0.0,0.0,0.0,0.0,116.0,93.0,155.0,0.0,258.0,0.0,0.0,0.0,0.0,0.0,0.0,0.0,1265.0,0.0,400.0,381.0,350.0,0.0,250.0,403.0,171.0,78.0,0.0,176.0,310.0,0.0
2021-01-14 17:00:00+00:00,127.0,678.0,13.0,148.0,138.0,0.0,0.0,0.0,315.0,0.0,0.0,0.0,0.0,0.0,0.0,0.0,138.0,135.0,176.0,0.0,193.0,0.0,0.0,0.0,0.0,0.0,0.0,0.0,1272.0,0.0,465.0,343.0,339.0,0.0,254.0,329.0,192.0,42.0,0.0,144.0,288.0,0.0
2021-01-14 18:00:00+00:00,68.0,638.0,61.0,186.0,183.0,244.0,0.0,0.0,283.0,0.0,0.0,0.0,0.0,0.0,0.0,0.0,137.0,0.0,72.0,0.0,274.0,0.0,0.0,0.0,0.0,0.0,0.0,0.0,1457.0,0.0,533.0,281.0,283.0,0.0,234.0,257.0,221.0,17.0,0.0,95.0,285.0,0.0
2021-01-14 19:00:00+00:00,2.0,596.0,74.0,135.0,145.0,309.0,0.0,0.0,298.0,29.0,0.0,0.0,0.0,0.0,0.0,0.0,112.0,0.0,41.0,0.0,435.0,0.0,0.0,0.0,0.0,0.0,0.0,0.0,1471.0,0.0,464.0,178.0,278.0,0.0,256.0,167.0,166.0,11.0,0.0,18.0,293.0,0.0
2021-01-14 20:00:00+00:00,0.0,673.0,46.0,97.0,165.0,245.0,0.0,8.0,469.0,92.0,0.0,0.0,0.0,0.0,0.0,0.0,77.0,0.0,106.0,0.0,524.0,0.0,0.0,0.0,0.0,0.0,0.0,16.0,1472.0,0.0,614.0,76.0,280.0,0.0,282.0,105.0,46.0,22.0,0.0,0.0,325.0,0.0
2021-01-14 21:00:00+00:00,0.0,682.0,67.0,113.0,211.0,371.0,0.0,12.0,542.0,63.0,0.0,0.0,0.0,0.0,0.0,0.0,104.0,0.0,72.0,0.0,526.0,0.0,0.0,0.0,0.0,0.0,0.0,0.0,1479.0,0.0,402.0,195.0,263.0,0.0,290.0,150.0,25.0,8.0,0.0,10.0,379.0,0.0
2021-01-14 22:00:00+00:00,32.0,674.0,114.0,148.0,246.0,426.0,0.0,1.0,432.0,2.0,0.0,0.0,0.0,0.0,0.0,0.0,131.0,0.0,55.0,0.0,583.0,0.0,0.0,0.0,0.0,0.0,0.0,9.0,1473.0,0.0,311.0,118.0,240.0,0.0,289.0,98.0,69.0,3.0,0.0,0.0,354.0,0.0
2021-01-14 23:00:00+00:00,1.0,844.0,26.0,139.0,309.0,543.0,0.0,0.0,504.0,44.0,0.0,0.0,0.0,0.0,0.0,0.0,1.0,0.0,0.0,0.0,601.0,0.0,0.0,0.0,0.0,17.0,0.0,59.0,1473.0,3.0,168.0,0.0,250.0,0.0,335.0,23.0,133.0,47.0,1.0,0.0,367.0,0.0
2021-01-15 00:00:00+00:00,16.0,766.0,7.0,105.0,270.0,552.0,0.0,1.0,403.0,6.0,0.0,0.0,0.0,0.0,0.0,0.0,0.0,0.0,0.0,0.0,563.0,0.0,0.0,2.0,0.0,191.0,0.0,75.0,1471.0,24.0,34.0,0.0,280.0,0.0,337.0,0.0,107.0,93.0,54.0,0.0,318.0,0.0
2021-01-15 01:00:00+00:00,6.0,885.0,4.0,72.0,255.0,653.0,0.0,3.0,456.0,11.0,0.0,0.0,0.0,0.0,0.0,0.0,0.0,0.0,0.0,0.0,562.0,0.0,0.0,0.0,0.0,270.0,0.0,113.0,1472.0,54.0,121.0,0.0,331.0,0.0,375.0,0.0,54.0,99.0,105.0,0.0,303.0,0.0
2021-01-15 02:00:00+00:00,16.0,785.0,2.0,58.0,225.0,541.0,0.0,7.0,430.0,5.0,0.0,0.0,0.0,0.0,0.0,0.0,77.0,0.0,0.0,0.0,563.0,0.0,0.0,0.0,0.0,146.0,0.0,61.0,1465.0,28.0,228.0,0.0,315.0,0.0,336.0,0.0,40.0,122.0,80.0,0.0,278.0,0.0
2021-01-15 03:00:00+00:00,11.0,754.0,0.0,46.0,208.0,367.0,0.0,6.0,428.0,5.0,0.0,0.0,0.0,0.0,0.0,0.0,90.0,0.0,17.0,0.0,601.0,0.0,0.0,0.0,0.0,167.0,0.0,41.0,1471.0,0.0,367.0,0.0,333.0,0.0,329.0,8.0,30.0,135.0,41.0,0.0,275.0,0.0
2021-01-15 04:00:00+00:00,67.0,792.0,4.0,85.0,199.0,0.0,0.0,0.0,369.0,0.0,0.0,0.0,0.0,0.0,0.0,0.0,89.0,100.0,163.0,0.0,600.0,0.0,0.0,0.0,0.0,61.0,0.0,0.0,1470.0,0.0,252.0,0.0,327.0,0.0,304.0,157.0,105.0,83.0,0.0,64.0,325.0,0.0
2021-01-15 05:00:00+00:00,90.0,1034.0,6.0,80.0,148.0,0.0,0.0,0.0,362.0,0.0,0.0,0.0,0.0,0.0,0.0,0.0,52.0,124.0,204.0,0.0,513.0,0.0,0.0,0.0,0.0,0.0,0.0,83.0,1470.0,0.0,401.0,134.0,467.0,0.0,420.0,85.0,97.0,82.0,0.0,0.0,352.0,0.0
2021-01-15 06:00:00+00:00,33.0,1103.0,5.0,30.0,92.0,66.0,0.0,2.0,439.0,6.0,0.0,0.0,0.0,0.0,0.0,0.0,62.0,0.0,163.0,0.0,210.0,0.0,0.0,0.0,0.0,0.0,0.0,97.0,1470.0,0.0,622.0,283.0,498.0,0.0,420.0,98.0,72.0,119.0,0.0,0.0,309.0,0.0
2021-01-15 07:00:00+00:00,1.0,1151.0,4.0,63.0,155.0,173.0,0.0,0.0,503.0,70.0,0.0,0.0,0.0,0.0,0.0,0.0,0.0,0.0,141.0,0.0,115.0,0.0,0.0,10.0,0.0,0.0,0.0,77.0,1470.0,0.0,507.0,269.0,458.0,0.0,396.0,129.0,86.0,77.0,0.0,0.0,316.0,0.0
2021-01-15 08:00:00+00:00,0.0,1245.0,2.0,70.0,217.0,196.0,0.0,2.0,641.0,133.0,0.0,0.0,0.0,0.0,0.0,0.0,0.0,0.0,129.0,0.0,1.0,0.0,0.0,13.0,0.0,0.0,0.0,117.0,1470.0,0.0,442.0,206.0,455.0,0.0,428.0,23.0,67.0,118.0,4.0,0.0,283.0,0.0
2021-01-15 09:00:00+00:00,0.0,1255.0,2.0,48.0,191.0,187.0,0.0,4.0,699.0,128.0,0.0,0.0,0.0,0.0,0.0,0.0,0.0,0.0,112.0,0.0,1.0,0.0,0.0,14.0,0.0,0.0,0.0,117.0,1470.0,0.0,432.0,117.0,431.0,0.0,430.0,3.0,65.0,146.0,27.0,0.0,271.0,0.0
2021-01-15 10:00:00+00:00,3.0,1240.0,3.0,54.0,183.0,165.0,0.0,3.0,665.0,56.0,0.0,0.0,0.0,0.0,0.0,0.0,0.0,0.0,118.0,0.0,1.0,0.0,0.0,18.0,0.0,0.0,0.0,139.0,1471.0,0.0,451.0,89.0,423.0,0.0,419.0,0.0,63.0,105.0,40.0,0.0,264.0,0.0
2021-01-15 11:00:00+00:00,63.0,1217.0,2.0,21.0,133.0,184.0,0.0,11.0,644.0,0.0,0.0,0.0,0.0,0.0,0.0,0.0,56.0,0.0,112.0,0.0,1.0,0.0,0.0,0.0,0.0,0.0,0.0,137.0,1470.0,0.0,433.0,111.0,448.0,0.0,423.0,2.0,28.0,89.0,15.0,0.0,288.0,0.0
2021-01-15 12:00:00+00:00,48.0,1233.0,2.0,58.0,215.0,132.0,0.0,8.0,630.0,0.0,0.0,0.0,0.0,0.0,0.0,0.0,95.0,0.0,128.0,0.0,54.0,0.0,0.0,0.0,0.0,0.0,0.0,172.0,1469.0,0.0,495.0,187.0,491.0,0.0,450.0,4.0,44.0,138.0,23.0,0.0,308.0,0.0
2021-01-15 13:00:00+00:00,130.0,998.0,0.0,84.0,169.0,101.0,0.0,2.0,505.0,0.0,0.0,0.0,0.0,0.0,0.0,0.0,116.0,0.0,130.0,0.0,143.0,0.0,0.0,0.0,0.0,0.0,0.0,85.0,1469.0,0.0,503.0,278.0,428.0,0.0,367.0,100.0,61.0,130.0,0.0,0.0,305.0,0.0
2021-01-15 14:00:00+00:00,193.0,788.0,2.0,89.0,130.0,163.0,0.0,0.0,440.0,0.0,0.0,0.0,0.0,0.0,0.0,0.0,104.0,0.0,106.0,0.0,74.0,0.0,0.0,0.0,0.0,0.0,0.0,0.0,1447.0,0.0,515.0,300.0,359.0,0.0,283.0,298.0,100.0,113.0,0.0,58.0,309.0,0.0
2021-01-15 15:00:00+00:00,267.0,692.0,13.0,131.0,163.0,257.0,0.0,0.0,428.0,0.0,0.0,0.0,0.0,0.0,0.0,0.0,91.0,0.0,69.0,0.0,258.0,0.0,0.0,0.0,0.0,0.0,0.0,0.0,1445.0,0.0,364.0,402.0,340.0,0.0,237.0,380.0,109.0,65.0,0.0,141.0,275.0,0.0
2021-01-15 16:00:00+00:00,285.0,746.0,19.0,169.0,178.0,170.0,0.0,0.0,300.0,0.0,0.0,0.0,0.0,0.0,0.0,0.0,59.0,0.0,70.0,0.0,1.0,0.0,0.0,0.0,0.0,0.0,0.0,0.0,1467.0,0.0,411.0,437.0,328.0,0.0,227.0,374.0,171.0,44.0,0.0,152.0,262.0,0.0
2021-01-15 17:00:00+00:00,235.0,613.0,31.0,173.0,172.0,113.0,0.0,0.0,265.0,0.0,0.0,0.0,0.0,0.0,0.0,0.0,86.0,0.0,103.0,0.0,284.0,0.0,0.0,0.0,0.0,0.0,0.0,0.0,1471.0,0.0,502.0,435.0,314.0,0.0,210.0,343.0,168.0,18.0,0.0,122.0,280.0,0.0
2021-01-15 18:00:00+00:00,188.0,614.0,55.0,191.0,208.0,316.0,0.0,0.0,265.0,0.0,0.0,0.0,0.0,0.0,0.0,0.0,72.0,0.0,45.0,0.0,388.0,0.0,0.0,0.0,0.0,0.0,0.0,0.0,1469.0,0.0,453.0,395.0,317.0,0.0,244.0,214.0,188.0,18.0,0.0,32.0,271.0,0.0
2021-01-15 19:00:00+00:00,105.0,643.0,42.0,159.0,168.0,386.0,0.0,0.0,276.0,0.0,0.0,0.0,0.0,0.0,0.0,0.0,60.0,0.0,26.0,0.0,282.0,0.0,0.0,0.0,0.0,0.0,0.0,0.0,1469.0,0.0,327.0,209.0,299.0,0.0,269.0,237.0,163.0,14.0,0.0,47.0,316.0,0.0
2021-01-15 20:00:00+00:00,84.0,693.0,36.0,158.0,141.0,517.0,0.0,0.0,242.0,0.0,0.0,0.0,0.0,0.0,0.0,0.0,82.0,0.0,13.0,0.0,493.0,0.0,0.0,0.0,0.0,0.0,0.0,0.0,1470.0,0.0,235.0,122.0,270.0,0.0,296.0,338.0,162.0,29.0,0.0,111.0,414.0,0.0
2021-01-15 21:00:00+00:00,115.0,496.0,14.0,195.0,188.0,529.0,0.0,0.0,263.0,0.0,0.0,0.0,0.0,0.0,0.0,0.0,111.0,0.0,13.0,0.0,532.0,0.0,0.0,0.0,0.0,0.0,0.0,0.0,1468.0,0.0,262.0,100.0,220.0,0.0,245.0,372.0,155.0,50.0,0.0,188.0,413.0,0.0
2021-01-15 22:00:00+00:00,150.0,715.0,35.0,206.0,277.0,643.0,0.0,0.0,329.0,0.0,0.0,0.0,0.0,0.0,0.0,0.0,75.0,0.0,0.0,0.0,508.0,0.0,0.0,0.0,0.0,0.0,0.0,0.0,1477.0,39.0,63.0,44.0,234.0,0.0,285.0,318.0,157.0,38.0,0.0,142.0,415.0,0.0
2021-01-15 23:00:00+00:00,104.0,647.0,11.0,169.0,301.0,733.0,0.0,0.0,382.0,0.0,0.0,0.0,0.0,0.0,0.0,0.0,57.0,0.0,0.0,0.0,495.0,0.0,0.0,0.0,0.0,138.0,0.0,0.0,1471.0,55.0,189.0,0.0,151.0,0.0,211.0,348.0,128.0,78.0,0.0,93.0,258.0,0.0
2021-01-16 00:00:00+00:00,149.0,666.0,7.0,142.0,236.0,647.0,0.0,0.0,263.0,0.0,0.0,0.0,0.0,0.0,0.0,0.0,96.0,0.0,0.0,0.0,508.0,0.0,0.0,0.0,0.0,185.0,0.0,0.0,1472.0,22.0,257.0,0.0,147.0,0.0,201.0,408.0,118.0,63.0,0.0,89.0,194.0,0.0
2021-01-16 01:00:00+00:00,110.0,730.0,5.0,118.0,233.0,672.0,0.0,0.0,299.0,0.0,0.0,0.0,0.0,0.0,0.0,0.0,94.0,0.0,0.0,0.0,530.0,0.0,0.0,0.0,0.0,194.0,0.0,0.0,1463.0,58.0,226.0,0.0,206.0,0.0,237.0,319.0,112.0,82.0,0.0,88.0,154.0,0.0
2021-01-16 02:00:00+00:00,144.0,721.0,2.0,94.0,187.0,602.0,0.0,0.0,277.0,0.0,0.0,0.0,0.0,0.0,0.0,0.0,92.0,0.0,0.0,0.0,461.0,0.0,0.0,0.0,0.0,235.0,0.0,0.0,1469.0,58.0,270.0,0.0,245.0,0.0,241.0,284.0,81.0,86.0,0.0,32.0,125.0,0.0
2021-01-16 03:00:00+00:00,177.0,659.0,2.0,77.0,141.0,583.0,0.0,3.0,227.0,0.0,0.0,0.0,0.0,0.0,0.0,0.0,94.0,0.0,0.0,0.0,472.0,0.0,0.0,0.0,0.0,243.0,0.0,0.0,1468.0,69.0,153.0,0.0,231.0,0.0,214.0,314.0,54.0,105.0,0.0,79.0,105.0,0.0
2021-01-16 04:00:00+00:00,215.0,605.0,2.0,76.0,124.0,554.0,0.0,1.0,218.0,0.0,0.0,0.0,0.0,0.0,0.0,0.0,104.0,0.0,0.0,0.0,483.0,0.0,0.0,0.0,0.0,244.0,0.0,0.0,1468.0,62.0,193.0,0.0,217.0,0.0,198.0,424.0,63.0,107.0,0.0,137.0,119.0,0.0
2021-01-16 05:00:00+00:00,198.0,909.0,0.0,77.0,102.0,413.0,0.0,4.0,213.0,0.0,0.0,0.0,0.0,0.0,0.0,0.0,126.0,0.0,0.0,0.0,306.0,0.0,0.0,0.0,0.0,3.0,0.0,0.0,1468.0,15.0,240.0,0.0,359.0,0.0,331.0,371.0,47.0,171.0,0.0,61.0,96.0,0.0
2021-01-16 06:00:00+00:00,269.0,647.0,0.0,54.0,7.0,511.0,0.0,16.0,153.0,0.0,0.0,0.0,0.0,0.0,0.0,0.0,142.0,0.0,0.0,0.0,223.0,0.0,0.0,0.0,0.0,0.0,0.0,0.0,1468.0,31.0,197.0,223.0,329.0,0.0,262.0,482.0,19.0,177.0,0.0,129.0,101.0,0.0
2021-01-16 07:00:00+00:00,222.0,665.0,2.0,68.0,32.0,385.0,0.0,13.0,205.0,0.0,0.0,0.0,0.0,0.0,0.0,0.0,150.0,0.0,53.0,0.0,55.0,0.0,0.0,0.0,0.0,0.0,0.0,0.0,1469.0,0.0,477.0,351.0,306.0,0.0,254.0,516.0,26.0,154.0,0.0,143.0,130.0,0.0
2021-01-16 08:00:00+00:00,127.0,794.0,0.0,71.0,77.0,462.0,0.0,13.0,356.0,0.0,0.0,0.0,0.0,0.0,0.0,93.0,138.0,0.0,77.0,0.0,0.0,0.0,0.0,0.0,0.0,0.0,0.0,0.0,1470.0,0.0,419.0,370.0,353.0,0.0,312.0,366.0,26.0,153.0,0.0,143.0,103.0,0.0
2021-01-16 09:00:00+00:00,108.0,835.0,0.0,62.0,95.0,431.0,0.0,8.0,412.0,0.0,0.0,0.0,0.0,0.0,0.0,164.0,127.0,0.0,72.0,0.0,0.0,0.0,0.0,0.0,0.0,0.0,0.0,0.0,1469.0,0.0,351.0,311.0,340.0,0.0,315.0,314.0,25.0,126.0,0.0,2.0,74.0,0.0
2021-01-16 10:00:00+00:00,58.0,884.0,0.0,78.0,131.0,440.0,0.0,6.0,434.0,0.0,0.0,0.0,0.0,0.0,0.0,171.0,107.0,0.0,64.0,0.0,0.0,0.0,0.0,0.0,0.0,0.0,0.0,56.0,1469.0,0.0,363.0,295.0,366.0,0.0,344.0,227.0,43.0,136.0,0.0,0.0,46.0,0.0
2021-01-16 11:00:00+00:00,26.0,826.0,0.0,83.0,150.0,483.0,0.0,8.0,476.0,1.0,0.0,0.0,0.0,0.0,0.0,80.0,118.0,0.0,71.0,0.0,0.0,0.0,0.0,0.0,0.0,0.0,0.0,40.0,1470.0,0.0,382.0,285.0,346.0,0.0,331.0,273.0,26.0,118.0,0.0,0.0,74.0,0.0
2021-01-16 12:00:00+00:00,24.0,872.0,2.0,83.0,148.0,455.0,0.0,5.0,451.0,2.0,0.0,0.0,0.0,0.0,0.0,79.0,132.0,0.0,65.0,0.0,0.0,0.0,0.0,0.0,0.0,0.0,0.0,47.0,1470.0,0.0,362.0,262.0,347.0,0.0,337.0,276.0,43.0,144.0,0.0,0.0,80.0,0.0
2021-01-16 13:00:00+00:00,57.0,928.0,1.0,90.0,120.0,654.0,0.0,2.0,426.0,0.0,0.0,0.0,0.0,0.0,0.0,121.0,144.0,0.0,0.0,0.0,0.0,0.0,0.0,0.0,0.0,0.0,0.0,26.0,1468.0,23.0,237.0,300.0,370.0,0.0,344.0,309.0,53.0,94.0,0.0,0.0,125.0,0.0
2021-01-16 14:00:00+00:00,31.0,894.0,2.0,93.0,144.0,580.0,0.0,2.0,441.0,1.0,0.0,0.0,0.0,0.0,0.0,56.0,159.0,0.0,0.0,0.0,0.0,0.0,0.0,0.0,0.0,0.0,0.0,0.0,1469.0,1.0,216.0,324.0,363.0,0.0,320.0,375.0,54.0,106.0,0.0,10.0,140.0,0.0
2021-01-16 15:00:00+00:00,168.0,790.0,3.0,126.0,135.0,490.0,0.0,1.0,277.0,0.0,0.0,0.0,0.0,0.0,0.0,265.0,155.0,0.0,67.0,0.0,0.0,0.0,0.0,0.0,0.0,0.0,0.0,0.0,1469.0,0.0,389.0,307.0,333.0,0.0,258.0,472.0,72.0,98.0,0.0,91.0,137.0,0.0
2021-01-16 16:00:00+00:00,148.0,769.0,28.0,198.0,194.0,330.0,0.0,1.0,170.0,0.0,0.0,0.0,0.0,0.0,0.0,63.0,155.0,0.0,3.0,0.0,0.0,0.0,0.0,0.0,0.0,0.0,0.0,0.0,1469.0,0.0,460.0,260.0,303.0,0.0,255.0,504.0,164.0,38.0,0.0,105.0,158.0,0.0
2021-01-16 17:00:00+00:00,89.0,906.0,44.0,202.0,239.0,422.0,0.0,0.0,206.0,0.0,0.0,0.0,0.0,0.0,0.0,0.0,118.0,0.0,14.0,0.0,1.0,0.0,0.0,0.0,0.0,0.0,0.0,0.0,1471.0,0.0,404.0,189.0,328.0,0.0,304.0,410.0,187.0,14.0,0.0,12.0,171.0,0.0
2021-01-16 18:00:00+00:00,89.0,932.0,30.0,213.0,242.0,394.0,0.0,0.0,173.0,0.0,0.0,0.0,0.0,0.0,0.0,0.0,112.0,0.0,2.0,0.0,52.0,0.0,0.0,0.0,0.0,0.0,0.0,10.0,1470.0,0.0,395.0,140.0,314.0,0.0,304.0,358.0,164.0,24.0,0.0,0.0,179.0,0.0
2021-01-16 19:00:00+00:00,17.0,873.0,32.0,212.0,250.0,525.0,0.0,0.0,215.0,10.0,0.0,0.0,0.0,0.0,0.0,0.0,84.0,0.0,0.0,0.0,71.0,0.0,0.0,0.0,0.0,0.0,0.0,24.0,1469.0,37.0,263.0,136.0,276.0,0.0,280.0,309.0,174.0,24.0,0.0,0.0,163.0,0.0
2021-01-16 20:00:00+00:00,0.0,935.0,34.0,224.0,323.0,510.0,0.0,0.0,297.0,69.0,0.0,0.0,0.0,0.0,0.0,0.0,144.0,0.0,14.0,0.0,351.0,0.0,0.0,0.0,0.0,0.0,0.0,115.0,1475.0,0.0,338.0,73.0,300.0,0.0,334.0,278.0,188.0,22.0,0.0,0.0,157.0,0.0
2021-01-16 21:00:00+00:00,0.0,916.0,29.0,240.0,369.0,533.0,0.0,0.0,376.0,54.0,0.0,0.0,0.0,0.0,0.0,0.0,157.0,0.0,0.0,0.0,486.0,0.0,0.0,0.0,0.0,27.0,0.0,185.0,1471.0,12.0,247.0,0.0,309.0,0.0,354.0,183.0,165.0,35.0,0.0,0.0,150.0,0.0
2021-01-16 22:00:00+00:00,39.0,879.0,56.0,290.0,432.0,604.0,0.0,0.0,290.0,1.0,0.0,0.0,0.0,0.0,0.0,0.0,115.0,0.0,0.0,0.0,558.0,0.0,0.0,0.0,0.0,9.0,0.0,180.0,1470.0,54.0,139.0,0.0,225.0,0.0,305.0,198.0,197.0,10.0,0.0,0.0,174.0,0.0
2021-01-16 23:00:00+00:00,4.0,977.0,76.0,226.0,447.0,702.0,0.0,0.0,493.0,23.0,0.0,0.0,0.0,0.0,0.0,0.0,107.0,0.0,0.0,0.0,600.0,0.0,0.0,0.0,0.0,251.0,0.0,216.0,1471.0,74.0,161.0,0.0,139.0,0.0,282.0,158.0,117.0,12.0,0.0,0.0,208.0,0.0
2021-01-17 00:00:00+00:00,8.0,1033.0,63.0,211.0,437.0,703.0,0.0,0.0,432.0,14.0,0.0,0.0,0.0,0.0,0.0,0.0,89.0,0.0,0.0,0.0,602.0,0.0,0.0,0.0,0.0,286.0,0.0,208.0,1470.0,74.0,116.0,0.0,159.0,0.0,290.0,140.0,160.0,20.0,0.0,0.0,206.0,0.0
2021-01-17 01:00:00+00:00,7.0,1022.0,38.0,158.0,371.0,740.0,0.0,1.0,445.0,9.0,0.0,0.0,0.0,0.0,0.0,0.0,78.0,0.0,0.0,0.0,602.0,0.0,0.0,0.0,0.0,280.0,0.0,216.0,1468.0,73.0,82.0,0.0,206.0,0.0,294.0,70.0,64.0,17.0,0.0,0.0,143.0,0.0
2021-01-17 02:00:00+00:00,1.0,1070.0,42.0,142.0,366.0,691.0,0.0,6.0,495.0,31.0,0.0,0.0,0.0,0.0,0.0,0.0,79.0,0.0,0.0,0.0,602.0,0.0,0.0,0.0,0.0,309.0,0.0,226.0,1465.0,69.0,103.0,0.0,264.0,0.0,326.0,26.0,40.0,20.0,0.0,0.0,110.0,0.0
2021-01-17 03:00:00+00:00,6.0,985.0,10.0,130.0,341.0,699.0,0.0,1.0,468.0,12.0,0.0,0.0,0.0,0.0,0.0,0.0,81.0,0.0,0.0,0.0,602.0,0.0,0.0,0.0,0.0,287.0,0.0,147.0,1461.0,92.0,74.0,0.0,282.0,0.0,301.0,81.0,68.0,59.0,0.0,0.0,86.0,0.0
2021-01-17 04:00:00+00:00,49.0,887.0,2.0,126.0,283.0,622.0,0.0,0.0,402.0,0.0,0.0,0.0,0.0,0.0,0.0,0.0,92.0,0.0,0.0,0.0,602.0,0.0,0.0,0.0,0.0,246.0,0.0,53.0,1462.0,93.0,95.0,0.0,221.0,0.0,246.0,195.0,93.0,102.0,0.0,0.0,103.0,0.0
2021-01-17 05:00:00+00:00,89.0,832.0,2.0,127.0,231.0,538.0,0.0,1.0,346.0,0.0,0.0,0.0,0.0,0.0,0.0,0.0,105.0,0.0,0.0,0.0,601.0,0.0,0.0,0.0,0.0,145.0,0.0,31.0,1458.0,84.0,18.0,0.0,287.0,0.0,266.0,322.0,61.0,102.0,0.0,0.0,38.0,0.0
2021-01-17 06:00:00+00:00,73.0,729.0,4.0,126.0,141.0,535.0,28.0,1.0,193.0,0.0,0.0,0.0,0.0,0.0,0.0,0.0,105.0,0.0,0.0,0.0,560.0,0.0,0.0,0.0,0.0,0.0,0.0,23.0,1458.0,94.0,0.0,61.0,266.0,0.0,250.0,385.0,67.0,77.0,0.0,0.0,43.0,0.0
2021-01-17 07:00:00+00:00,2.0,686.0,10.0,150.0,148.0,580.0,133.0,0.0,213.0,22.0,0.0,0.0,0.0,0.0,0.0,0.0,117.0,0.0,0.0,0.0,482.0,0.0,0.0,0.0,0.0,0.0,0.0,0.0,1459.0,111.0,0.0,117.0,216.0,0.0,228.0,464.0,109.0,49.0,0.0,19.0,142.0,0.0
2021-01-17 08:00:00+00:00,0.0,735.0,39.0,210.0,267.0,644.0,173.0,0.0,280.0,125.0,0.0,0.0,0.0,0.0,0.0,0.0,119.0,0.0,0.0,0.0,466.0,0.0,0.0,0.0,0.0,0.0,0.0,63.0,1461.0,119.0,0.0,79.0,252.0,0.0,273.0,379.0,152.0,17.0,0.0,0.0,166.0,0.0
2021-01-17 09:00:00+00:00,0.0,710.0,48.0,211.0,269.0,645.0,166.0,0.0,301.0,111.0,0.0,0.0,0.0,0.0,0.0,0.0,119.0,0.0,0.0,0.0,442.0,0.0,0.0,0.0,0.0,52.0,0.0,35.0,1465.0,121.0,0.0,0.0,246.0,0.0,265.0,393.0,172.0,16.0,0.0,0.0,152.0,0.0
2021-01-17 10:00:00+00:00,0.0,710.0,46.0,214.0,290.0,595.0,161.0,0.0,332.0,146.0,0.0,0.0,0.0,0.0,0.0,0.0,116.0,0.0,0.0,0.0,436.0,0.0,0.0,0.0,0.0,126.0,0.0,37.0,1465.0,118.0,0.0,0.0,260.0,0.0,286.0,409.0,173.0,14.0,0.0,0.0,169.0,0.0
2021-01-17 11:00:00+00:00,0.0,741.0,34.0,231.0,312.0,634.0,142.0,0.0,336.0,154.0,0.0,0.0,0.0,0.0,0.0,0.0,120.0,0.0,0.0,0.0,441.0,0.0,0.0,0.0,0.0,121.0,0.0,66.0,1468.0,120.0,0.0,0.0,273.0,0.0,292.0,372.0,182.0,25.0,0.0,0.0,156.0,0.0
2021-01-17 12:00:00+00:00,0.0,751.0,22.0,230.0,284.0,619.0,144.0,0.0,321.0,132.0,0.0,0.0,0.0,0.0,0.0,0.0,116.0,0.0,0.0,0.0,419.0,0.0,0.0,0.0,0.0,101.0,0.0,65.0,1473.0,125.0,0.0,0.0,258.0,0.0,270.0,406.0,162.0,29.0,0.0,0.0,119.0,0.0
2021-01-17 13:00:00+00:00,0.0,609.0,10.0,223.0,208.0,613.0,28.0,0.0,263.0,75.0,0.0,0.0,0.0,0.0,0.0,0.0,124.0,0.0,0.0,0.0,426.0,0.0,0.0,0.0,0.0,56.0,0.0,0.0,1467.0,105.0,0.0,0.0,236.0,0.0,216.0,498.0,168.0,54.0,0.0,17.0,112.0,0.0
2021-01-17 14:00:00+00:00,3.0,509.0,10.0,201.0,138.0,568.0,0.0,0.0,247.0,25.0,0.0,0.0,0.0,0.0,0.0,0.0,152.0,0.0,0.0,0.0,291.0,0.0,0.0,0.0,0.0,0.0,0.0,0.0,1472.0,64.0,16.0,77.0,220.0,0.0,167.0,578.0,159.0,75.0,0.0,108.0,101.0,0.0
2021-01-17 15:00:00+00:00,188.0,337.0,9.0,230.0,48.0,664.0,73.0,0.0,135.0,0.0,0.0,0.0,0.0,0.0,0.0,0.0,133.0,0.0,0.0,0.0,209.0,0.0,0.0,0.0,0.0,0.0,0.0,0.0,1467.0,89.0,0.0,181.0,155.0,0.0,80.0,707.0,145.0,64.0,0.0,257.0,140.0,0.0
2021-01-17 16:00:00+00:00,141.0,454.0,19.0,311.0,114.0,708.0,118.0,0.0,91.0,0.0,0.0,0.0,0.0,0.0,0.0,0.0,154.0,0.0,0.0,0.0,178.0,0.0,0.0,0.0,0.0,0.0,0.0,0.0,1459.0,108.0,0.0,304.0,173.0,0.0,135.0,692.0,258.0,40.0,0.0,217.0,175.0,0.0
2021-01-17 17:00:00+00:00,205.0,364.0,70.0,331.0,86.0,701.0,115.0,0.0,7.0,0.0,0.0,0.0,0.0,0.0,0.0,0.0,100.0,0.0,0.0,0.0,195.0,13.0,0.0,0.0,0.0,0.0,0.0,0.0,1464.0,117.0,0.0,307.0,155.0,0.0,108.0,711.0,266.0,6.0,0.0,244.0,166.0,0.0
2021-01-17 18:00:00+00:00,230.0,557.0,74.0,304.0,65.0,698.0,140.0,0.0,3.0,0.0,0.0,0.0,0.0,0.0,0.0,0.0,99.0,0.0,0.0,0.0,152.0,24.0,0.0,0.0,0.0,0.0,0.0,0.0,1467.0,131.0,0.0,273.0,209.0,0.0,156.0,615.0,243.0,8.0,0.0,177.0,149.0,0.0
2021-01-17 19:00:00+00:00,155.0,411.0,54.0,266.0,56.0,764.0,125.0,0.0,32.0,0.0,0.0,0.0,0.0,0.0,0.0,0.0,83.0,0.0,0.0,0.0,355.0,1.0,0.0,0.0,0.0,0.0,0.0,0.0,1466.0,130.0,0.0,237.0,190.0,0.0,166.0,559.0,220.0,11.0,0.0,146.0,155.0,0.0
2021-01-17 20:00:00+00:00,79.0,380.0,9.0,217.0,93.0,753.0,95.0,0.0,107.0,0.0,0.0,0.0,0.0,0.0,0.0,0.0,143.0,0.0,0.0,0.0,309.0,0.0,0.0,0.0,0.0,0.0,0.0,0.0,1479.0,89.0,0.0,68.0,139.0,0.0,161.0,576.0,168.0,50.0,0.0,196.0,118.0,0.0
2021-01-17 21:00:00+00:00,154.0,328.0,25.0,215.0,140.0,747.0,217.0,0.0,115.0,0.0,0.0,0.0,0.0,0.0,0.0,0.0,159.0,0.0,0.0,0.0,405.0,1.0,0.0,0.0,0.0,55.0,0.0,0.0,1467.0,115.0,0.0,0.0,76.0,0.0,136.0,587.0,124.0,38.0,0.0,208.0,171.0,0.0
2021-01-17 22:00:00+00:00,200.0,332.0,46.0,230.0,208.0,643.0,25.0,0.0,89.0,0.0,0.0,0.0,0.0,20.0,0.0,0.0,125.0,0.0,0.0,0.0,594.0,13.0,0.0,0.0,0.0,86.0,0.0,0.0,1467.0,91.0,0.0,0.0,21.0,0.0,108.0,530.0,170.0,11.0,0.0,137.0,203.0,0.0
2021-01-17 23:00:00+00:00,70.0,632.0,57.0,195.0,297.0,721.0,33.0,0.0,266.0,0.0,0.0,0.0,0.0,0.0,0.0,0.0,92.0,0.0,0.0,0.0,553.0,0.0,0.0,0.0,0.0,0.0,0.0,0.0,1467.0,106.0,0.0,17.0,89.0,0.0,186.0,467.0,164.0,24.0,0.0,99.0,204.0,0.0
2021-01-18 00:00:00+00:00,66.0,704.0,34.0,179.0,286.0,712.0,39.0,0.0,196.0,0.0,0.0,0.0,0.0,0.0,0.0,0.0,80.0,0.0,0.0,0.0,552.0,0.0,0.0,0.0,0.0,0.0,0.0,0.0,1466.0,121.0,0.0,33.0,130.0,0.0,209.0,423.0,152.0,20.0,0.0,79.0,205.0,0.0
2021-01-18 01:00:00+00:00,93.0,773.0,26.0,165.0,270.0,627.0,0.0,0.0,193.0,0.0,0.0,0.0,0.0,0.0,0.0,0.0,73.0,0.0,0.0,0.0,553.0,0.0,0.0,0.0,0.0,40.0,0.0,0.0,1466.0,120.0,73.0,0.0,201.0,0.0,247.0,319.0,156.0,23.0,0.0,52.0,130.0,0.0
2021-01-18 02:00:00+00:00,56.0,836.0,20.0,143.0,264.0,597.0,0.0,0.0,251.0,0.0,0.0,0.0,0.0,0.0,0.0,0.0,69.0,0.0,0.0,0.0,601.0,0.0,0.0,0.0,0.0,35.0,0.0,0.0,1458.0,133.0,31.0,0.0,233.0,0.0,267.0,295.0,141.0,27.0,0.0,46.0,113.0,0.0
2021-01-18 03:00:00+00:00,48.0,782.0,9.0,102.0,225.0,467.0,0.0,0.0,309.0,0.0,0.0,0.0,0.0,0.0,0.0,0.0,54.0,0.0,0.0,0.0,598.0,0.0,0.0,0.0,0.0,0.0,0.0,0.0,1039.0,137.0,95.0,15.0,253.0,0.0,248.0,308.0,95.0,42.0,0.0,71.0,75.0,0.0
2021-01-18 04:00:00+00:00,141.0,572.0,9.0,94.0,166.0,0.0,0.0,0.0,247.0,0.0,0.0,0.0,0.0,0.0,0.0,0.0,29.0,61.0,0.0,0.0,466.0,0.0,0.0,0.0,0.0,0.0,0.0,0.0,727.0,43.0,100.0,127.0,240.0,0.0,176.0,428.0,108.0,58.0,0.0,116.0,92.0,0.0
2021-01-18 05:00:00+00:00,280.0,501.0,7.0,16.0,0.0,0.0,0.0,10.0,171.0,0.0,0.0,0.0,0.0,0.0,0.0,0.0,39.0,136.0,0.0,0.0,260.0,0.0,3.0,0.0,0.0,0.0,0.0,0.0,699.0,16.0,246.0,131.0,255.0,3.0,162.0,524.0,23.0,140.0,0.0,123.0,155.0,0.0
2021-01-18 06:00:00+00:00,140.0,615.0,7.0,38.0,27.0,0.0,0.0,5.0,220.0,0.0,0.0,0.0,0.0,0.0,0.0,0.0,2.0,216.0,0.0,0.0,87.0,0.0,1.0,0.0,0.0,0.0,0.0,0.0,700.0,61.0,391.0,287.0,299.0,0.0,210.0,507.0,64.0,94.0,0.0,74.0,167.0,0.0
2021-01-18 07:00:00+00:00,87.0,709.0,5.0,98.0,79.0,0.0,0.0,0.0,195.0,0.0,0.0,0.0,0.0,0.0,0.0,0.0,1.0,96.0,0.0,0.0,216.0,0.0,0.0,0.0,0.0,0.0,0.0,0.0,699.0,118.0,249.0,417.0,237.0,0.0,204.0,605.0,88.0,70.0,0.0,138.0,204.0,0.0
2021-01-18 08:00:00+00:00,66.0,691.0,2.0,102.0,128.0,0.0,0.0,2.0,329.0,0.0,0.0,0.0,0.0,0.0,0.0,0.0,40.0,0.0,0.0,0.0,213.0,0.0,0.0,0.0,0.0,0.0,0.0,0.0,697.0,122.0,141.0,331.0,231.0,0.0,208.0,530.0,42.0,103.0,0.0,106.0,180.0,0.0
2021-01-18 09:00:00+00:00,31.0,918.0,1.0,68.0,141.0,36.0,0.0,7.0,467.0,1.0,0.0,0.0,0.0,0.0,0.0,0.0,26.0,0.0,0.0,0.0,2.0,0.0,0.0,0.0,0.0,0.0,0.0,26.0,697.0,110.0,130.0,241.0,310.0,0.0,286.0,361.0,26.0,112.0,0.0,0.0,159.0,0.0
2021-01-18 10:00:00+00:00,9.0,1109.0,2.0,70.0,177.0,74.0,0.0,2.0,526.0,8.0,0.0,0.0,0.0,0.0,0.0,117.0,9.0,0.0,0.0,0.0,0.0,0.0,0.0,0.0,0.0,0.0,0.0,103.0,700.0,109.0,82.0,160.0,353.0,0.0,350.0,289.0,57.0,106.0,0.0,0.0,172.0,0.0
2021-01-18 11:00:00+00:00,27.0,1150.0,0.0,60.0,158.0,43.0,0.0,3.0,502.0,2.0,0.0,0.0,0.0,0.0,0.0,174.0,11.0,0.0,0.0,0.0,0.0,0.0,0.0,0.0,0.0,0.0,0.0,158.0,702.0,99.0,65.0,122.0,398.0,0.0,378.0,235.0,56.0,136.0,0.0,0.0,172.0,0.0
2021-01-18 12:00:00+00:00,90.0,1193.0,2.0,56.0,141.0,11.0,0.0,5.0,468.0,0.0,0.0,0.0,0.0,0.0,0.0,292.0,70.0,0.0,0.0,0.0,0.0,0.0,0.0,0.0,0.0,0.0,0.0,179.0,702.0,99.0,101.0,167.0,407.0,0.0,374.0,229.0,34.0,128.0,0.0,0.0,185.0,0.0
2021-01-18 13:00:00+00:00,116.0,1067.0,2.0,63.0,97.0,16.0,0.0,4.0,378.0,0.0,0.0,0.0,0.0,0.0,0.0,236.0,62.0,0.0,0.0,0.0,0.0,0.0,0.0,0.0,0.0,0.0,0.0,79.0,701.0,29.0,174.0,255.0,377.0,0.0,328.0,377.0,55.0,125.0,0.0,0.0,228.0,0.0
2021-01-18 14:00:00+00:00,210.0,1036.0,2.0,56.0,47.0,0.0,0.0,1.0,265.0,0.0,0.0,0.0,0.0,0.0,0.0,356.0,53.0,9.0,0.0,0.0,0.0,0.0,0.0,0.0,0.0,0.0,0.0,0.0,699.0,23.0,196.0,237.0,375.0,0.0,289.0,506.0,74.0,118.0,0.0,20.0,233.0,0.0
2021-01-18 15:00:00+00:00,272.0,814.0,7.0,95.0,70.0,157.0,0.0,1.0,227.0,0.0,0.0,0.0,0.0,0.0,0.0,125.0,34.0,0.0,0.0,0.0,0.0,0.0,0.0,0.0,0.0,0.0,0.0,0.0,700.0,56.0,39.0,360.0,325.0,0.0,217.0,606.0,96.0,78.0,0.0,117.0,223.0,0.0
2021-01-18 16:00:00+00:00,276.0,704.0,14.0,154.0,99.0,214.0,54.0,0.0,154.0,0.0,0.0,0.0,0.0,0.0,0.0,205.0,77.0,0.0,0.0,0.0,0.0,0.0,0.0,0.0,0.0,0.0,0.0,0.0,701.0,56.0,0.0,487.0,209.0,0.0,139.0,756.0,153.0,50.0,0.0,248.0,267.0,0.0
2021-01-18 17:00:00+00:00,253.0,678.0,22.0,167.0,107.0,143.0,0.0,0.0,92.0,0.0,0.0,0.0,0.0,0.0,0.0,197.0,96.0,0.0,0.0,0.0,0.0,0.0,0.0,0.0,0.0,0.0,0.0,0.0,700.0,16.0,45.0,452.0,198.0,0.0,132.0,691.0,176.0,29.0,0.0,233.0,261.0,0.0
2021-01-18 18:00:00+00:00,205.0,780.0,35.0,174.0,138.0,547.0,129.0,0.0,101.0,0.0,0.0,0.0,0.0,0.0,0.0,52.0,89.0,0.0,0.0,0.0,0.0,0.0,0.0,0.0,0.0,0.0,0.0,0.0,1191.0,135.0,0.0,363.0,217.0,0.0,180.0,641.0,171.0,22.0,0.0,191.0,273.0,0.0
2021-01-18 19:00:00+00:00,192.0,861.0,31.0,138.0,126.0,589.0,155.0,0.0,143.0,0.0,0.0,0.0,0.0,0.0,0.0,46.0,69.0,0.0,0.0,0.0,0.0,0.0,0.0,0.0,0.0,0.0,0.0,0.0,1457.0,120.0,0.0,242.0,229.0,0.0,218.0,567.0,159.0,29.0,0.0,131.0,277.0,0.0
2021-01-18 20:00:00+00:00,69.0,588.0,30.0,160.0,141.0,654.0,209.0,0.0,153.0,0.0,0.0,0.0,0.0,0.0,0.0,0.0,27.0,0.0,0.0,0.0,309.0,0.0,0.0,0.0,0.0,0.0,0.0,0.0,1478.0,101.0,0.0,120.0,140.0,0.0,163.0,600.0,155.0,42.0,0.0,115.0,234.0,0.0
2021-01-18 21:00:00+00:00,172.0,467.0,7.0,150.0,137.0,467.0,386.0,0.0,251.0,0.0,0.0,0.0,0.0,0.0,0.0,0.0,74.0,0.0,0.0,0.0,265.0,0.0,0.0,0.0,0.0,0.0,0.0,0.0,1457.0,93.0,0.0,51.0,107.0,0.0,110.0,642.0,136.0,78.0,0.0,198.0,204.0,0.0
2021-01-18 22:00:00+00:00,233.0,489.0,41.0,128.0,129.0,582.0,0.0,0.0,232.0,0.0,0.0,0.0,0.0,4.0,0.0,0.0,83.0,0.0,0.0,0.0,331.0,0.0,0.0,0.0,0.0,0.0,0.0,0.0,1478.0,97.0,5.0,75.0,27.0,0.0,67.0,679.0,149.0,29.0,0.0,248.0,219.0,0.0
2021-01-18 23:00:00+00:00,193.0,381.0,23.0,98.0,110.0,615.0,0.0,0.0,248.0,0.0,0.0,0.0,0.0,55.0,0.0,0.0,56.0,0.0,0.0,0.0,593.0,0.0,0.0,0.0,0.0,0.0,0.0,0.0,1467.0,96.0,56.0,102.0,2.0,0.0,7.0,688.0,125.0,37.0,0.0,312.0,216.0,0.0
2021-01-19 00:00:00+00:00,242.0,253.0,25.0,90.0,42.0,600.0,0.0,0.0,65.0,0.0,0.0,0.0,43.0,91.0,0.0,0.0,41.0,0.0,0.0,0.0,602.0,1.0,0.0,0.0,0.0,0.0,0.0,0.0,1467.0,100.0,65.0,115.0,0.0,0.0,0.0,660.0,149.0,30.0,0.0,333.0,182.0,0.0
2021-01-19 01:00:00+00:00,237.0,344.0,9.0,52.0,21.0,535.0,0.0,0.0,84.0,0.0,0.0,0.0,12.0,44.0,0.0,0.0,31.0,0.0,0.0,0.0,602.0,0.0,0.0,0.0,0.0,0.0,0.0,0.0,1456.0,110.0,88.0,101.0,0.0,0.0,0.0,624.0,105.0,65.0,0.0,315.0,164.0,0.0
2021-01-19 02:00:00+00:00,249.0,336.0,6.0,29.0,0.0,545.0,0.0,2.0,75.0,0.0,0.0,0.0,11.0,18.0,0.0,0.0,30.0,0.0,0.0,0.0,602.0,0.0,0.0,0.0,0.0,0.0,0.0,0.0,1463.0,114.0,97.0,84.0,5.0,17.0,0.0,619.0,75.0,74.0,0.0,339.0,132.0,0.0
2021-01-19 03:00:00+00:00,273.0,224.0,14.0,5.0,0.0,353.0,0.0,7.0,77.0,0.0,0.0,0.0,33.0,4.0,0.0,0.0,38.0,0.0,0.0,0.0,601.0,1.0,2.0,0.0,0.0,0.0,0.0,0.0,1032.0,96.0,186.0,121.0,16.0,63.0,0.0,640.0,62.0,72.0,0.0,383.0,109.0,0.0
2021-01-19 04:00:00+00:00,268.0,224.0,6.0,38.0,0.0,11.0,36.0,1.0,83.0,0.0,0.0,0.0,55.0,31.0,0.0,0.0,25.0,0.0,0.0,0.0,546.0,0.0,0.0,0.0,0.0,0.0,0.0,0.0,727.0,51.0,0.0,216.0,5.0,20.0,0.0,730.0,92.0,114.0,0.0,413.0,158.0,0.0
2021-01-19 05:00:00+00:00,331.0,469.0,8.0,38.0,0.0,0.0,0.0,0.0,93.0,0.0,0.0,0.0,0.0,1.0,0.0,0.0,37.0,36.0,0.0,0.0,177.0,0.0,0.0,0.0,0.0,0.0,0.0,0.0,697.0,7.0,163.0,193.0,59.0,12.0,11.0,726.0,99.0,114.0,0.0,322.0,208.0,0.0
2021-01-19 06:00:00+00:00,283.0,557.0,2.0,24.0,0.0,0.0,0.0,4.0,128.0,0.0,0.0,0.0,0.0,0.0,0.0,199.0,2.0,40.0,0.0,0.0,0.0,0.0,0.0,0.0,0.0,0.0,0.0,0.0,698.0,40.0,183.0,349.0,87.0,12.0,35.0,720.0,65.0,126.0,0.0,283.0,211.0,0.0
2021-01-19 07:00:00+00:00,252.0,666.0,2.0,49.0,0.0,45.0,0.0,2.0,162.0,0.0,0.0,0.0,0.0,0.0,0.0,275.0,0.0,0.0,0.0,0.0,0.0,0.0,0.0,2.0,0.0,0.0,0.0,0.0,698.0,84.0,101.0,493.0,132.0,8.0,75.0,731.0,68.0,103.0,0.0,300.0,204.0,0.0
2021-01-19 08:00:00+00:00,75.0,639.0,2.0,80.0,88.0,73.0,0.0,1.0,315.0,0.0,0.0,0.0,0.0,0.0,0.0,13.0,11.0,0.0,0.0,0.0,0.0,0.0,0.0,0.0,0.0,0.0,0.0,0.0,698.0,66.0,80.0,483.0,117.0,0.0,89.0,687.0,64.0,101.0,0.0,228.0,231.0,0.0
2021-01-19 09:00:00+00:00,162.0,878.0,2.0,104.0,109.0,115.0,0.0,1.0,266.0,0.0,0.0,0.0,0.0,0.0,0.0,262.0,59.0,0.0,0.0,0.0,0.0,0.0,0.0,0.0,0.0,0.0,0.0,0.0,697.0,48.0,57.0,422.0,161.0,0.0,137.0,603.0,80.0,112.0,0.0,159.0,237.0,0.0
2021-01-19 10:00:00+00:00,148.0,968.0,2.0,64.0,96.0,173.0,0.0,2.0,345.0,0.0,0.0,0.0,0.0,0.0,0.0,305.0,72.0,0.0,0.0,0.0,0.0,0.0,0.0,0.0,0.0,0.0,0.0,0.0,700.0,53.0,16.0,363.0,229.0,0.0,188.0,498.0,58.0,111.0,0.0,73.0,220.0,0.0
2021-01-19 11:00:00+00:00,135.0,1037.0,0.0,39.0,82.0,195.0,41.0,3.0,398.0,0.0,0.0,0.0,0.0,0.0,0.0,348.0,66.0,0.0,0.0,0.0,0.0,0.0,0.0,0.0,0.0,0.0,0.0,0.0,700.0,59.0,0.0,334.0,289.0,0.0,223.0,461.0,49.0,155.0,0.0,28.0,211.0,0.0
2021-01-19 12:00:00+00:00,148.0,1049.0,1.0,45.0,80.0,144.0,0.0,27.0,366.0,0.0,0.0,0.0,0.0,0.0,0.0,367.0,71.0,0.0,0.0,0.0,0.0,0.0,0.0,0.0,0.0,0.0,0.0,0.0,698.0,37.0,28.0,325.0,290.0,0.0,227.0,474.0,25.0,169.0,0.0,38.0,212.0,0.0
2021-01-19 13:00:00+00:00,193.0,955.0,1.0,54.0,49.0,38.0,0.0,25.0,339.0,0.0,0.0,0.0,0.0,0.0,0.0,345.0,67.0,0.0,0.0,0.0,0.0,0.0,0.0,0.0,0.0,0.0,0.0,0.0,700.0,3.0,159.0,265.0,283.0,0.0,209.0,551.0,16.0,139.0,0.0,104.0,215.0,0.0
2021-01-19 14:00:00+00:00,226.0,760.0,2.0,66.0,26.0,0.0,0.0,8.0,226.0,0.0,0.0,0.0,0.0,0.0,0.0,209.0,20.0,15.0,52.0,0.0,0.0,0.0,0.0,0.0,0.0,0.0,0.0,0.0,699.0,0.0,293.0,277.0,227.0,0.0,149.0,651.0,29.0,115.0,0.0,182.0,223.0,0.0
2021-01-19 15:00:00+00:00,362.0,853.0,10.0,134.0,33.0,31.0,0.0,0.0,17.0,0.0,0.0,0.0,0.0,0.0,0.0,220.0,32.0,0.0,56.0,0.0,0.0,6.0,0.0,0.0,0.0,0.0,0.0,0.0,698.0,0.0,260.0,390.0,240.0,0.0,161.0,710.0,111.0,55.0,0.0,234.0,228.0,0.0
2021-01-19 16:00:00+00:00,330.0,759.0,3.0,182.0,54.0,91.0,0.0,0.0,0.0,0.0,0.0,0.0,0.0,0.0,0.0,266.0,67.0,0.0,38.0,0.0,0.0,57.0,0.0,0.0,0.0,0.0,0.0,0.0,698.0,0.0,168.0,340.0,181.0,0.0,117.0,764.0,237.0,157.0,0.0,298.0,219.0,0.0
2021-01-19 17:00:00+00:00,295.0,769.0,1.0,190.0,64.0,108.0,0.0,0.0,0.0,0.0,0.0,0.0,0.0,0.0,0.0,180.0,77.0,0.0,34.0,0.0,0.0,69.0,0.0,0.0,0.0,0.0,0.0,0.0,699.0,0.0,155.0,374.0,176.0,0.0,128.0,728.0,277.0,104.0,0.0,257.0,222.0,0.0
2021-01-19 18:00:00+00:00,209.0,733.0,14.0,244.0,164.0,481.0,0.0,0.0,0.0,0.0,0.0,0.0,0.0,0.0,0.0,0.0,81.0,0.0,0.0,0.0,133.0,58.0,0.0,0.0,0.0,0.0,0.0,0.0,1191.0,56.0,56.0,361.0,216.0,0.0,170.0,585.0,331.0,59.0,0.0,145.0,193.0,0.0
2021-01-19 19:00:00+00:00,134.0,648.0,54.0,210.0,153.0,562.0,86.0,0.0,23.0,0.0,0.0,0.0,0.0,0.0,0.0,0.0,68.0,0.0,0.0,0.0,439.0,4.0,0.0,0.0,0.0,0.0,0.0,0.0,1453.0,77.0,0.0,213.0,184.0,0.0,172.0,590.0,226.0,16.0,0.0,132.0,203.0,0.0
2021-01-19 20:00:00+00:00,49.0,585.0,69.0,200.0,185.0,613.0,144.0,0.0,102.0,2.0,0.0,0.0,0.0,0.0,0.0,0.0,24.0,0.0,0.0,0.0,457.0,0.0,0.0,0.0,0.0,141.0,0.0,0.0,1477.0,106.0,0.0,0.0,148.0,0.0,158.0,646.0,256.0,13.0,0.0,180.0,224.0,0.0
2021-01-19 21:00:00+00:00,169.0,340.0,92.0,198.0,149.0,543.0,95.0,0.0,145.0,0.0,0.0,0.0,0.0,1.0,0.0,0.0,0.0,0.0,0.0,0.0,548.0,0.0,0.0,0.0,0.0,236.0,0.0,0.0,1461.0,100.0,0.0,0.0,57.0,0.0,64.0,695.0,184.0,4.0,0.0,274.0,206.0,0.0
2021-01-19 22:00:00+00:00,267.0,338.0,126.0,194.0,160.0,510.0,0.0,0.0,114.0,0.0,0.0,0.0,0.0,8.0,0.0,0.0,52.0,0.0,0.0,0.0,549.0,0.0,0.0,0.0,0.0,118.0,0.0,0.0,1467.0,61.0,20.0,0.0,12.0,0.0,41.0,651.0,251.0,3.0,0.0,241.0,206.0,0.0
2021-01-19 23:00:00+00:00,351.0,282.0,142.0,154.0,98.0,755.0,90.0,0.0,19.0,0.0,0.0,0.0,3.0,42.0,0.0,0.0,106.0,0.0,0.0,0.0,488.0,17.0,0.0,0.0,0.0,49.0,0.0,0.0,1473.0,155.0,0.0,0.0,0.0,0.0,0.0,711.0,285.0,4.0,0.0,333.0,197.0,0.0
2021-01-20 00:00:00+00:00,327.0,296.0,122.0,114.0,61.0,795.0,167.0,0.0,6.0,0.0,0.0,0.0,0.0,9.0,0.0,0.0,96.0,0.0,0.0,0.0,595.0,35.0,0.0,0.0,0.0,76.0,0.0,0.0,1464.0,185.0,0.0,0.0,10.0,0.0,19.0,652.0,284.0,2.0,0.0,305.0,176.0,0.0
2021-01-20 01:00:00+00:00,331.0,352.0,106.0,104.0,44.0,754.0,172.0,0.0,6.0,0.0,0.0,0.0,0.0,0.0,0.0,0.0,83.0,0.0,0.0,0.0,561.0,52.0,0.0,0.0,0.0,83.0,0.0,0.0,1469.0,188.0,0.0,0.0,45.0,0.0,46.0,596.0,262.0,2.0,0.0,268.0,159.0,0.0
2021-01-20 02:00:00+00:00,359.0,304.0,63.0,66.0,0.0,750.0,185.0,0.0,1.0,0.0,0.0,0.0,0.0,0.0,0.0,0.0,83.0,0.0,0.0,0.0,561.0,66.0,0.0,0.0,0.0,55.0,0.0,0.0,1469.0,202.0,0.0,0.0,43.0,18.0,26.0,653.0,198.0,10.0,0.0,319.0,165.0,0.0
2021-01-20 03:00:00+00:00,353.0,239.0,60.0,84.0,14.0,491.0,0.0,0.0,0.0,0.0,0.0,0.0,0.0,0.0,0.0,0.0,92.0,0.0,0.0,0.0,599.0,67.0,0.0,0.0,0.0,37.0,0.0,0.0,1021.0,152.0,12.0,0.0,106.0,0.0,52.0,611.0,208.0,9.0,0.0,291.0,129.0,0.0
2021-01-20 04:00:00+00:00,383.0,79.0,93.0,132.0,35.0,36.0,94.0,0.0,0.0,0.0,0.0,0.0,12.0,0.0,0.0,0.0,79.0,0.0,0.0,0.0,580.0,131.0,0.0,0.0,0.0,0.0,0.0,0.0,710.0,63.0,0.0,105.0,76.0,0.0,0.0,746.0,237.0,2.0,0.0,385.0,141.0,0.0
2021-01-20 05:00:00+00:00,429.0,121.0,82.0,111.0,0.0,175.0,136.0,0.0,0.0,0.0,0.0,0.0,0.0,0.0,0.0,0.0,70.0,0.0,0.0,0.0,516.0,78.0,0.0,0.0,0.0,0.0,0.0,0.0,670.0,85.0,0.0,75.0,122.0,5.0,28.0,799.0,225.0,7.0,0.0,349.0,194.0,0.0
2021-01-20 06:00:00+00:00,245.0,552.0,30.0,93.0,43.0,86.0,0.0,0.0,79.0,0.0,0.0,0.0,0.0,0.0,0.0,0.0,80.0,0.0,0.0,0.0,427.0,1.0,0.0,0.0,0.0,0.0,0.0,0.0,671.0,66.0,15.0,329.0,230.0,0.0,167.0,752.0,194.0,25.0,0.0,216.0,236.0,0.0
2021-01-20 07:00:00+00:00,175.0,532.0,33.0,115.0,43.0,239.0,109.0,0.0,135.0,0.0,0.0,0.0,0.0,0.0,0.0,0.0,81.0,0.0,0.0,0.0,387.0,0.0,0.0,0.0,0.0,0.0,0.0,0.0,672.0,106.0,0.0,479.0,175.0,0.0,135.0,849.0,193.0,18.0,0.0,288.0,261.0,0.0
2021-01-20 08:00:00+00:00,146.0,565.0,38.0,123.0,57.0,279.0,144.0,0.0,199.0,0.0,0.0,0.0,0.0,0.0,0.0,0.0,70.0,0.0,0.0,0.0,246.0,0.0,0.0,0.0,0.0,0.0,0.0,0.0,671.0,104.0,0.0,393.0,167.0,0.0,127.0,859.0,204.0,28.0,0.0,324.0,240.0,0.0
2021-01-20 09:00:00+00:00,102.0,677.0,25.0,111.0,68.0,281.0,126.0,0.0,307.0,0.0,0.0,0.0,0.0,0.0,0.0,0.0,60.0,0.0,0.0,0.0,214.0,0.0,0.0,0.0,0.0,0.0,0.0,0.0,672.0,82.0,0.0,348.0,189.0,0.0,159.0,791.0,177.0,26.0,0.0,288.0,207.0,0.0
2021-01-20 10:00:00+00:00,90.0,738.0,10.0,87.0,49.0,277.0,134.0,0.0,324.0,0.0,0.0,0.0,0.0,0.0,0.0,0.0,90.0,0.0,0.0,0.0,197.0,0.0,0.0,0.0,0.0,0.0,0.0,0.0,673.0,68.0,0.0,273.0,168.0,0.0,146.0,756.0,116.0,43.0,0.0,299.0,159.0,0.0
2021-01-20 11:00:00+00:00,64.0,668.0,4.0,87.0,53.0,320.0,179.0,1.0,314.0,0.0,0.0,0.0,0.0,0.0,0.0,0.0,80.0,0.0,0.0,0.0,347.0,0.0,0.0,0.0,0.0,0.0,0.0,0.0,672.0,82.0,0.0,207.0,145.0,0.0,130.0,742.0,65.0,70.0,0.0,299.0,151.0,0.0
2021-01-20 12:00:00+00:00,50.0,615.0,2.0,93.0,71.0,274.0,167.0,1.0,302.0,0.0,0.0,0.0,0.0,0.0,0.0,0.0,85.0,0.0,0.0,0.0,351.0,0.0,0.0,0.0,0.0,0.0,0.0,0.0,672.0,51.0,0.0,248.0,180.0,0.0,146.0,682.0,69.0,92.0,0.0,230.0,154.0,0.0
2021-01-20 13:00:00+00:00,128.0,542.0,6.0,103.0,41.0,259.0,121.0,0.0,231.0,0.0,0.0,0.0,0.0,0.0,0.0,0.0,102.0,0.0,0.0,0.0,327.0,0.0,0.0,0.0,0.0,0.0,0.0,0.0,673.0,31.0,0.0,174.0,221.0,0.0,148.0,710.0,106.0,72.0,0.0,229.0,180.0,0.0
2021-01-20 14:00:00+00:00,162.0,573.0,16.0,141.0,51.0,206.0,24.0,0.0,133.0,0.0,0.0,0.0,0.0,0.0,0.0,0.0,79.0,0.0,0.0,0.0,450.0,0.0,0.0,0.0,0.0,0.0,0.0,0.0,672.0,21.0,0.0,237.0,283.0,0.0,199.0,655.0,136.0,44.0,0.0,215.0,240.0,0.0
2021-01-20 15:00:00+00:00,253.0,591.0,64.0,206.0,105.0,216.0,38.0,0.0,5.0,0.0,0.0,0.0,0.0,0.0,0.0,0.0,105.0,0.0,0.0,0.0,397.0,24.0,0.0,0.0,0.0,0.0,0.0,0.0,673.0,24.0,0.0,371.0,279.0,0.0,196.0,706.0,226.0,3.0,0.0,220.0,246.0,0.0
2021-01-20 16:00:00+00:00,236.0,617.0,81.0,242.0,135.0,262.0,102.0,0.0,1.0,0.0,0.0,0.0,0.0,0.0,0.0,0.0,146.0,0.0,0.0,0.0,291.0,53.0,0.0,0.0,0.0,0.0,0.0,0.0,673.0,25.0,0.0,351.0,242.0,0.0,193.0,737.0,267.0,8.0,0.0,227.0,270.0,0.0
2021-01-20 17:00:00+00:00,180.0,582.0,89.0,248.0,144.0,194.0,27.0,0.0,1.0,0.0,0.0,0.0,0.0,0.0,0.0,0.0,171.0,0.0,0.0,0.0,409.0,60.0,0.0,0.0,0.0,0.0,0.0,0.0,674.0,36.0,0.0,352.0,230.0,0.0,192.0,705.0,280.0,6.0,0.0,232.0,283.0,0.0
2021-01-20 18:00:00+00:00,161.0,560.0,124.0,272.0,175.0,585.0,85.0,0.0,0.0,0.0,0.0,0.0,0.0,0.0,0.0,0.0,173.0,0.0,0.0,0.0,514.0,88.0,0.0,0.0,0.0,0.0,0.0,0.0,1157.0,160.0,0.0,364.0,211.0,0.0,205.0,677.0,285.0,2.0,0.0,210.0,280.0,0.0
2021-01-20 19:00:00+00:00,96.0,479.0,98.0,236.0,160.0,626.0,107.0,0.0,16.0,0.0,0.0,0.0,0.0,0.0,0.0,0.0,150.0,0.0,0.0,0.0,558.0,9.0,0.0,0.0,0.0,0.0,0.0,0.0,1462.0,164.0,0.0,249.0,154.0,0.0,173.0,623.0,230.0,4.0,0.0,182.0,258.0,0.0
2021-01-20 20:00:00+00:00,118.0,246.0,63.0,206.0,127.0,631.0,56.0,0.0,38.0,0.0,0.0,0.0,0.0,0.0,0.0,0.0,143.0,0.0,0.0,0.0,527.0,7.0,0.0,0.0,0.0,49.0,0.0,0.0,1470.0,142.0,0.0,0.0,93.0,0.0,94.0,674.0,193.0,12.0,0.0,230.0,235.0,0.0
2021-01-20 21:00:00+00:00,240.0,124.0,47.0,215.0,128.0,644.0,50.0,0.0,67.0,0.0,0.0,0.0,0.0,1.0,0.0,0.0,134.0,0.0,0.0,0.0,521.0,5.0,0.0,0.0,0.0,0.0,0.0,0.0,1471.0,118.0,0.0,4.0,34.0,0.0,22.0,726.0,199.0,18.0,0.0,301.0,210.0,0.0
2021-01-20 22:00:00+00:00,353.0,178.0,74.0,214.0,131.0,695.0,103.0,1.0,40.0,0.0,0.0,0.0,0.0,0.0,0.0,0.0,138.0,0.0,0.0,0.0,593.0,5.0,0.0,0.0,0.0,0.0,0.0,0.0,1470.0,117.0,0.0,40.0,41.0,0.0,42.0,677.0,153.0,11.0,0.0,288.0,197.0,0.0
2021-01-20 23:00:00+00:00,349.0,177.0,70.0,123.0,27.0,662.0,0.0,1.0,35.0,0.0,0.0,0.0,21.0,30.0,0.0,0.0,111.0,0.0,0.0,0.0,597.0,5.0,0.0,0.0,0.0,0.0,0.0,0.0,1471.0,104.0,115.0,92.0,4.0,0.0,0.0,740.0,137.0,13.0,0.0,408.0,200.0,0.0
2021-01-21 00:00:00+00:00,353.0,303.0,48.0,94.0,8.0,555.0,0.0,0.0,9.0,0.0,0.0,0.0,0.0,1.0,0.0,0.0,92.0,0.0,0.0,0.0,600.0,20.0,0.0,0.0,0.0,0.0,0.0,0.0,1470.0,112.0,110.0,31.0,46.0,0.0,29.0,667.0,159.0,18.0,0.0,364.0,189.0,0.0
2021-01-21 01:00:00+00:00,363.0,259.0,46.0,83.0,0.0,494.0,0.0,0.0,2.0,0.0,0.0,0.0,0.0,0.0,0.0,0.0,87.0,0.0,0.0,0.0,600.0,51.0,0.0,0.0,0.0,0.0,0.0,0.0,1460.0,125.0,127.0,67.0,79.0,22.0,36.0,606.0,139.0,15.0,0.0,331.0,159.0,0.0
2021-01-21 02:00:00+00:00,365.0,243.0,26.0,65.0,0.0,465.0,0.0,0.0,1.0,0.0,0.0,0.0,0.0,0.0,0.0,0.0,82.0,0.0,0.0,0.0,599.0,58.0,0.0,0.0,0.0,0.0,0.0,0.0,1383.0,136.0,140.0,81.0,116.0,42.0,45.0,572.0,130.0,22.0,0.0,325.0,129.0,0.0
2021-01-21 03:00:00+00:00,399.0,193.0,19.0,62.0,0.0,316.0,0.0,0.0,0.0,0.0,0.0,0.0,0.0,0.0,0.0,0.0,91.0,0.0,0.0,0.0,556.0,90.0,0.0,0.0,0.0,0.0,0.0,0.0,888.0,138.0,262.0,123.0,130.0,51.0,31.0,641.0,139.0,34.0,0.0,371.0,127.0,0.0
2021-01-21 04:00:00+00:00,438.0,78.0,20.0,86.0,0.0,0.0,24.0,0.0,0.0,0.0,0.0,0.0,25.0,0.0,0.0,0.0,80.0,67.0,0.0,0.0,547.0,140.0,0.0,0.0,0.0,0.0,0.0,0.0,689.0,87.0,0.0,224.0,86.0,54.0,0.0,758.0,147.0,42.0,0.0,447.0,145.0,0.0
2021-01-21 05:00:00+00:00,421.0,478.0,40.0,77.0,0.0,0.0,43.0,0.0,0.0,0.0,0.0,0.0,0.0,0.0,0.0,0.0,71.0,1.0,0.0,0.0,503.0,101.0,0.0,0.0,0.0,0.0,0.0,0.0,652.0,91.0,0.0,470.0,232.0,86.0,148.0,705.0,154.0,41.0,0.0,280.0,190.0,0.0
2021-01-21 06:00:00+00:00,302.0,510.0,20.0,108.0,0.0,46.0,0.0,0.0,10.0,0.0,0.0,0.0,0.0,0.0,0.0,0.0,82.0,0.0,0.0,0.0,595.0,27.0,0.0,0.0,0.0,0.0,0.0,0.0,652.0,93.0,7.0,584.0,226.0,34.0,169.0,834.0,149.0,49.0,0.0,310.0,246.0,0.0
2021-01-21 07:00:00+00:00,225.0,561.0,14.0,119.0,0.0,131.0,47.0,0.0,75.0,0.0,0.0,0.0,0.0,0.0,0.0,0.0,86.0,0.0,0.0,0.0,560.0,1.0,0.0,0.0,0.0,0.0,0.0,0.0,652.0,99.0,0.0,511.0,208.0,4.0,165.0,835.0,143.0,53.0,0.0,322.0,242.0,0.0
2021-01-21 08:00:00+00:00,145.0,564.0,36.0,146.0,66.0,131.0,57.0,0.0,160.0,0.0,0.0,0.0,0.0,0.0,0.0,0.0,62.0,0.0,0.0,0.0,520.0,0.0,0.0,0.0,0.0,0.0,0.0,0.0,652.0,98.0,0.0,428.0,236.0,0.0,257.0,742.0,164.0,22.0,0.0,258.0,223.0,0.0
2021-01-21 09:00:00+00:00,130.0,494.0,46.0,160.0,97.0,141.0,78.0,0.0,166.0,0.0,0.0,0.0,0.0,0.0,0.0,0.0,86.0,0.0,0.0,0.0,502.0,0.0,0.0,0.0,0.0,0.0,0.0,0.0,652.0,93.0,0.0,385.0,276.0,0.0,392.0,715.0,176.0,21.0,0.0,236.0,204.0,0.0
2021-01-21 10:00:00+00:00,97.0,572.0,30.0,139.0,102.0,160.0,80.0,0.0,226.0,0.0,0.0,0.0,0.0,0.0,0.0,0.0,78.0,0.0,0.0,0.0,501.0,0.0,0.0,0.0,0.0,0.0,0.0,0.0,651.0,84.0,0.0,331.0,320.0,0.0,465.0,624.0,171.0,23.0,0.0,159.0,188.0,0.0
2021-01-21 11:00:00+00:00,119.0,507.0,6.0,94.0,34.0,156.0,94.0,0.0,235.0,0.0,0.0,0.0,0.0,0.0,0.0,0.0,82.0,0.0,0.0,0.0,487.0,0.0,0.0,0.0,0.0,0.0,0.0,0.0,652.0,72.0,0.0,407.0,355.0,0.0,466.0,562.0,97.0,77.0,0.0,124.0,160.0,0.0
2021-01-21 12:00:00+00:00,152.0,518.0,7.0,98.0,12.0,193.0,141.0,0.0,184.0,0.0,0.0,0.0,0.0,0.0,0.0,0.0,90.0,0.0,0.0,0.0,440.0,0.0,0.0,0.0,0.0,0.0,0.0,0.0,652.0,63.0,0.0,434.0,376.0,0.0,481.0,561.0,98.0,64.0,0.0,122.0,161.0,0.0
2021-01-21 13:00:00+00:00,219.0,598.0,9.0,101.0,0.0,171.0,133.0,0.0,126.0,0.0,0.0,0.0,0.0,0.0,0.0,0.0,96.0,0.0,0.0,0.0,460.0,0.0,0.0,0.0,0.0,0.0,0.0,0.0,652.0,51.0,0.0,363.0,350.0,30.0,316.0,649.0,103.0,57.0,0.0,188.0,182.0,0.0
2021-01-21 14:00:00+00:00,224.0,664.0,14.0,118.0,0.0,196.0,118.0,0.0,80.0,0.0,0.0,0.0,0.0,0.0,0.0,0.0,84.0,0.0,0.0,0.0,556.0,0.0,0.0,0.0,0.0,0.0,0.0,0.0,651.0,58.0,0.0,344.0,361.0,4.0,268.0,659.0,114.0,45.0,0.0,222.0,242.0,0.0
2021-01-21 15:00:00+00:00,295.0,623.0,38.0,147.0,15.0,242.0,142.0,0.0,21.0,0.0,0.0,0.0,0.0,0.0,0.0,0.0,110.0,0.0,0.0,0.0,531.0,5.0,0.0,0.0,0.0,0.0,0.0,0.0,650.0,59.0,0.0,416.0,319.0,0.0,232.0,781.0,173.0,22.0,0.0,303.0,273.0,0.0
2021-01-21 16:00:00+00:00,203.0,565.0,61.0,223.0,106.0,238.0,169.0,0.0,7.0,0.0,0.0,0.0,0.0,0.0,0.0,0.0,148.0,0.0,0.0,0.0,598.0,22.0,0.0,0.0,0.0,0.0,0.0,0.0,650.0,58.0,0.0,396.0,246.0,0.0,209.0,785.0,231.0,19.0,0.0,302.0,295.0,0.0
2021-01-21 17:00:00+00:00,179.0,677.0,74.0,245.0,153.0,259.0,158.0,0.0,7.0,0.0,0.0,0.0,0.0,0.0,0.0,0.0,171.0,0.0,0.0,0.0,584.0,26.0,0.0,0.0,0.0,0.0,0.0,0.0,651.0,48.0,0.0,365.0,291.0,0.0,254.0,708.0,252.0,12.0,0.0,237.0,306.0,0.0
2021-01-21 18:00:00+00:00,200.0,619.0,91.0,224.0,122.0,468.0,54.0,0.0,1.0,0.0,0.0,0.0,0.0,0.0,0.0,0.0,171.0,0.0,0.0,0.0,599.0,38.0,0.0,0.0,0.0,0.0,0.0,0.0,1132.0,99.0,0.0,321.0,262.0,0.0,235.0,732.0,224.0,3.0,0.0,264.0,314.0,0.0
2021-01-21 19:00:00+00:00,150.0,486.0,85.0,193.0,142.0,567.0,40.0,0.0,55.0,0.0,0.0,0.0,0.0,0.0,0.0,0.0,150.0,0.0,0.0,0.0,551.0,0.0,0.0,0.0,0.0,0.0,0.0,0.0,1448.0,102.0,0.0,35.0,210.0,0.0,190.0,699.0,177.0,5.0,0.0,253.0,285.0,0.0
2021-01-21 20:00:00+00:00,165.0,257.0,25.0,179.0,104.0,604.0,47.0,0.0,34.0,0.0,0.0,0.0,0.0,0.0,0.0,0.0,114.0,0.0,0.0,0.0,598.0,5.0,0.0,0.0,0.0,0.0,0.0,0.0,1476.0,71.0,0.0,32.0,93.0,0.0,97.0,736.0,127.0,27.0,0.0,256.0,267.0,0.0
2021-01-21 21:00:00+00:00,290.0,93.0,17.0,163.0,73.0,526.0,53.0,1.0,71.0,0.0,0.0,0.0,0.0,7.0,0.0,0.0,114.0,0.0,0.0,0.0,569.0,10.0,0.0,0.0,0.0,12.0,0.0,0.0,1469.0,63.0,0.0,0.0,17.0,0.0,9.0,745.0,114.0,48.0,0.0,340.0,231.0,0.0
2021-01-21 22:00:00+00:00,369.0,199.0,26.0,125.0,77.0,465.0,0.0,0.0,106.0,0.0,0.0,0.0,0.0,1.0,0.0,0.0,117.0,0.0,0.0,0.0,568.0,1.0,0.0,0.0,0.0,0.0,0.0,0.0,1472.0,27.0,59.0,50.0,31.0,0.0,42.0,720.0,95.0,38.0,0.0,317.0,233.0,0.0
2021-01-21 23:00:00+00:00,315.0,336.0,64.0,172.0,126.0,490.0,0.0,0.0,78.0,0.0,0.0,0.0,0.0,19.0,0.0,0.0,115.0,0.0,0.0,0.0,591.0,1.0,0.0,0.0,0.0,0.0,0.0,0.0,1362.0,42.0,133.0,54.0,52.0,0.0,63.0,682.0,193.0,30.0,0.0,325.0,248.0,0.0
2021-01-22 00:00:00+00:00,363.0,452.0,139.0,136.0,106.0,468.0,0.0,0.0,67.0,0.0,0.0,0.0,0.0,0.0,0.0,0.0,99.0,0.0,0.0,0.0,455.0,0.0,0.0,0.0,0.0,0.0,0.0,0.0,1353.0,55.0,124.0,84.0,117.0,0.0,113.0,536.0,262.0,0.0,0.0,235.0,215.0,0.0
2021-01-22 01:00:00+00:00,349.0,422.0,170.0,116.0,80.0,449.0,0.0,0.0,75.0,0.0,0.0,0.0,0.0,0.0,0.0,0.0,89.0,0.0,0.0,0.0,595.0,0.0,0.0,0.0,0.0,0.0,0.0,0.0,1295.0,62.0,167.0,67.0,143.0,0.0,119.0,489.0,252.0,1.0,0.0,228.0,176.0,0.0
2021-01-22 02:00:00+00:00,364.0,360.0,237.0,79.0,21.0,392.0,0.0,0.0,75.0,0.0,0.0,0.0,0.0,0.0,0.0,0.0,86.0,0.0,0.0,0.0,564.0,0.0,0.0,0.0,0.0,0.0,0.0,0.0,1241.0,75.0,179.0,134.0,143.0,0.0,99.0,491.0,146.0,0.0,0.0,248.0,155.0,0.0
2021-01-22 03:00:00+00:00,489.0,84.0,72.0,61.0,0.0,267.0,0.0,0.0,0.0,0.0,0.0,0.0,12.0,0.0,0.0,0.0,92.0,0.0,0.0,0.0,584.0,71.0,0.0,0.0,0.0,0.0,0.0,0.0,842.0,80.0,243.0,200.0,47.0,87.0,0.0,651.0,193.0,6.0,0.0,394.0,139.0,0.0
2021-01-22 04:00:00+00:00,380.0,137.0,62.0,56.0,0.0,5.0,134.0,0.0,47.0,0.0,0.0,0.0,0.0,0.0,0.0,0.0,84.0,0.0,0.0,0.0,573.0,1.0,0.0,0.0,0.0,0.0,0.0,0.0,689.0,42.0,0.0,322.0,107.0,30.0,22.0,643.0,199.0,19.0,0.0,376.0,121.0,0.0
2021-01-22 05:00:00+00:00,409.0,248.0,40.0,22.0,0.0,94.0,103.0,0.0,24.0,0.0,0.0,0.0,0.0,0.0,0.0,0.0,71.0,0.0,0.0,0.0,595.0,7.0,1.0,0.0,0.0,0.0,0.0,0.0,652.0,56.0,0.0,334.0,213.0,121.0,97.0,649.0,134.0,38.0,0.0,311.0,131.0,0.0
2021-01-22 06:00:00+00:00,376.0,339.0,27.0,64.0,0.0,156.0,119.0,1.0,118.0,0.0,0.0,0.0,0.0,0.0,0.0,0.0,74.0,0.0,0.0,0.0,555.0,1.0,0.0,0.0,0.0,0.0,0.0,0.0,652.0,66.0,0.0,418.0,229.0,59.0,112.0,741.0,131.0,61.0,0.0,330.0,154.0,0.0
2021-01-22 07:00:00+00:00,296.0,317.0,9.0,86.0,0.0,211.0,156.0,0.0,201.0,0.0,0.0,0.0,0.0,0.0,0.0,0.0,67.0,0.0,0.0,0.0,599.0,0.0,0.0,0.0,0.0,0.0,0.0,0.0,652.0,69.0,0.0,531.0,202.0,30.0,105.0,759.0,124.0,66.0,0.0,337.0,171.0,0.0
2021-01-22 08:00:00+00:00,225.0,380.0,16.0,78.0,9.0,214.0,136.0,0.0,320.0,0.0,0.0,0.0,0.0,0.0,0.0,0.0,43.0,0.0,0.0,0.0,600.0,0.0,0.0,0.0,0.0,0.0,0.0,0.0,652.0,68.0,0.0,449.0,237.0,0.0,130.0,700.0,139.0,60.0,0.0,311.0,138.0,0.0
2021-01-22 09:00:00+00:00,167.0,413.0,5.0,27.0,0.0,201.0,140.0,0.0,424.0,0.0,0.0,0.0,0.0,0.0,0.0,0.0,70.0,0.0,0.0,0.0,599.0,0.0,0.0,0.0,0.0,0.0,0.0,0.0,650.0,74.0,0.0,389.0,248.0,42.0,154.0,649.0,97.0,73.0,0.0,258.0,134.0,0.0
2021-01-22 10:00:00+00:00,166.0,390.0,21.0,25.0,0.0,201.0,146.0,0.0,364.0,0.0,0.0,0.0,0.0,0.0,0.0,0.0,18.0,0.0,0.0,0.0,599.0,0.0,1.0,0.0,0.0,0.0,0.0,0.0,651.0,73.0,0.0,334.0,230.0,75.0,147.0,652.0,141.0,39.0,0.0,268.0,127.0,0.0
2021-01-22 11:00:00+00:00,173.0,402.0,34.0,38.0,0.0,219.0,162.0,0.0,306.0,0.0,0.0,0.0,0.0,0.0,0.0,0.0,16.0,0.0,0.0,0.0,599.0,0.0,0.0,0.0,0.0,0.0,0.0,0.0,650.0,72.0,0.0,436.0,237.0,75.0,142.0,642.0,136.0,30.0,0.0,255.0,129.0,0.0
2021-01-22 12:00:00+00:00,180.0,373.0,26.0,68.0,0.0,221.0,201.0,0.0,305.0,0.0,0.0,0.0,0.0,0.0,0.0,0.0,37.0,0.0,0.0,0.0,599.0,0.0,0.0,0.0,0.0,0.0,0.0,0.0,650.0,71.0,0.0,394.0,251.0,123.0,138.0,609.0,162.0,41.0,0.0,228.0,109.0,0.0
2021-01-22 13:00:00+00:00,274.0,274.0,18.0,50.0,0.0,201.0,193.0,4.0,262.0,0.0,0.0,0.0,0.0,0.0,0.0,0.0,74.0,0.0,0.0,0.0,599.0,0.0,4.0,0.0,0.0,0.0,0.0,0.0,650.0,64.0,0.0,434.0,240.0,220.0,104.0,676.0,79.0,37.0,0.0,290.0,110.0,0.0
2021-01-22 14:00:00+00:00,256.0,328.0,37.0,37.0,0.0,254.0,172.0,0.0,169.0,0.0,0.0,0.0,0.0,0.0,0.0,0.0,67.0,0.0,0.0,0.0,599.0,0.0,0.0,0.0,0.0,0.0,0.0,0.0,648.0,63.0,0.0,441.0,269.0,114.0,130.0,643.0,142.0,18.0,0.0,258.0,114.0,0.0
2021-01-22 15:00:00+00:00,310.0,398.0,35.0,76.0,0.0,335.0,210.0,0.0,93.0,0.0,0.0,0.0,0.0,0.0,0.0,0.0,99.0,0.0,0.0,0.0,599.0,0.0,0.0,0.0,0.0,0.0,0.0,0.0,647.0,74.0,0.0,541.0,318.0,73.0,166.0,576.0,171.0,23.0,0.0,209.0,95.0,0.0
2021-01-22 16:00:00+00:00,257.0,427.0,29.0,140.0,0.0,285.0,229.0,0.0,40.0,0.0,0.0,0.0,0.0,0.0,0.0,0.0,120.0,0.0,0.0,0.0,595.0,3.0,0.0,0.0,0.0,0.0,0.0,0.0,649.0,105.0,0.0,551.0,303.0,21.0,190.0,591.0,258.0,34.0,0.0,198.0,137.0,0.0
2021-01-22 17:00:00+00:00,255.0,408.0,33.0,122.0,0.0,318.0,245.0,0.0,52.0,0.0,0.0,0.0,0.0,0.0,0.0,0.0,146.0,0.0,0.0,0.0,600.0,1.0,0.0,0.0,0.0,0.0,0.0,0.0,651.0,112.0,0.0,530.0,292.0,49.0,180.0,535.0,245.0,22.0,0.0,173.0,107.0,0.0
2021-01-22 18:00:00+00:00,303.0,354.0,9.0,109.0,0.0,656.0,47.0,0.0,49.0,0.0,0.0,0.0,0.0,0.0,0.0,0.0,146.0,0.0,0.0,0.0,600.0,0.0,0.0,0.0,0.0,0.0,0.0,0.0,1130.0,166.0,0.0,467.0,260.0,73.0,152.0,555.0,185.0,57.0,0.0,191.0,108.0,0.0
2021-01-22 19:00:00+00:00,214.0,114.0,30.0,122.0,0.0,780.0,177.0,0.0,19.0,0.0,0.0,0.0,0.0,0.0,0.0,0.0,120.0,0.0,0.0,0.0,598.0,11.0,0.0,0.0,0.0,0.0,0.0,0.0,1448.0,186.0,0.0,325.0,198.0,77.0,97.0,576.0,122.0,29.0,0.0,233.0,114.0,0.0
2021-01-22 20:00:00+00:00,251.0,39.0,14.0,73.0,0.0,713.0,9.0,1.0,69.0,0.0,0.0,0.0,0.0,0.0,0.0,0.0,147.0,0.0,0.0,0.0,600.0,0.0,0.0,0.0,0.0,0.0,0.0,0.0,1475.0,116.0,0.0,10.0,169.0,83.0,70.0,503.0,95.0,54.0,0.0,221.0,64.0,0.0
2021-01-22 21:00:00+00:00,336.0,0.0,7.0,70.0,0.0,687.0,0.0,2.0,195.0,0.0,0.0,74.0,0.0,0.0,0.0,0.0,174.0,0.0,0.0,0.0,600.0,0.0,0.0,0.0,0.0,0.0,0.0,0.0,1468.0,110.0,81.0,71.0,128.0,24.0,26.0,411.0,71.0,68.0,0.0,193.0,56.0,0.0
2021-01-22 22:00:00+00:00,366.0,112.0,28.0,76.0,49.0,606.0,0.0,2.0,245.0,0.0,0.0,0.0,0.0,0.0,0.0,0.0,134.0,0.0,0.0,0.0,591.0,0.0,0.0,0.0,0.0,0.0,0.0,0.0,1477.0,96.0,75.0,143.0,172.0,0.0,89.0,268.0,82.0,37.0,0.0,72.0,66.0,0.0
2021-01-22 23:00:00+00:00,336.0,562.0,13.0,60.0,121.0,610.0,0.0,1.0,320.0,0.0,0.0,0.0,0.0,0.0,0.0,0.0,105.0,0.0,0.0,0.0,290.0,0.0,0.0,0.0,0.0,0.0,0.0,91.0,1469.0,116.0,196.0,74.0,249.0,0.0,193.0,71.0,65.0,50.0,0.0,0.0,82.0,0.0
2021-01-23 00:00:00+00:00,167.0,640.0,5.0,30.0,91.0,651.0,0.0,4.0,261.0,0.0,0.0,0.0,0.0,0.0,0.0,0.0,91.0,0.0,0.0,0.0,300.0,0.0,0.0,0.0,0.0,0.0,0.0,73.0,1469.0,144.0,128.0,26.0,289.0,0.0,221.0,68.0,47.0,98.0,0.0,0.0,81.0,0.0
2021-01-23 01:00:00+00:00,247.0,751.0,6.0,5.0,51.0,694.0,0.0,8.0,232.0,0.0,0.0,0.0,0.0,0.0,0.0,0.0,83.0,0.0,0.0,0.0,86.0,0.0,4.0,0.0,0.0,0.0,0.0,121.0,1467.0,149.0,103.0,15.0,360.0,0.0,254.0,8.0,26.0,82.0,11.0,0.0,59.0,0.0
2021-01-23 02:00:00+00:00,249.0,712.0,0.0,0.0,7.0,651.0,0.0,32.0,236.0,0.0,0.0,0.0,0.0,0.0,0.0,0.0,82.0,0.0,0.0,0.0,66.0,0.0,34.0,0.0,0.0,0.0,0.0,116.0,1461.0,163.0,72.0,26.0,394.0,0.0,256.0,0.0,7.0,132.0,15.0,0.0,39.0,0.0
2021-01-23 03:00:00+00:00,244.0,683.0,0.0,0.0,0.0,608.0,0.0,40.0,256.0,0.0,0.0,0.0,0.0,0.0,0.0,0.0,88.0,0.0,0.0,0.0,78.0,0.0,46.0,0.0,0.0,0.0,0.0,81.0,1469.0,171.0,137.0,28.0,395.0,9.0,245.0,9.0,3.0,182.0,1.0,0.0,26.0,0.0
2021-01-23 04:00:00+00:00,261.0,624.0,0.0,0.0,0.0,675.0,0.0,47.0,253.0,0.0,0.0,0.0,0.0,0.0,0.0,0.0,100.0,0.0,0.0,0.0,98.0,0.0,38.0,0.0,0.0,0.0,0.0,31.0,1464.0,229.0,4.0,25.0,409.0,5.0,248.0,59.0,5.0,188.0,0.0,0.0,18.0,0.0
2021-01-23 05:00:00+00:00,232.0,492.0,0.0,14.0,1.0,669.0,21.0,18.0,144.0,0.0,0.0,0.0,0.0,0.0,10.0,0.0,87.0,0.0,0.0,0.0,60.0,0.0,1.0,0.0,0.0,0.0,0.0,0.0,1421.0,232.0,0.0,22.0,352.0,0.0,203.0,219.0,20.0,197.0,0.0,17.0,2.0,0.0
2021-01-23 06:00:00+00:00,171.0,462.0,0.0,18.0,0.0,697.0,0.0,12.0,136.0,0.0,0.0,0.0,0.0,0.0,1.0,0.0,51.0,0.0,0.0,0.0,178.0,0.0,0.0,0.0,0.0,0.0,0.0,0.0,1408.0,234.0,12.0,211.0,347.0,27.0,197.0,312.0,39.0,210.0,0.0,64.0,25.0,0.0
2021-01-23 07:00:00+00:00,86.0,656.0,1.0,51.0,45.0,644.0,128.0,24.0,219.0,0.0,0.0,0.0,0.0,0.0,0.0,0.0,33.0,0.0,0.0,0.0,228.0,0.0,1.0,0.0,0.0,0.0,0.0,0.0,1407.0,210.0,0.0,477.0,382.0,0.0,264.0,317.0,16.0,177.0,0.0,3.0,72.0,0.0
2021-01-23 08:00:00+00:00,6.0,872.0,1.0,62.0,137.0,677.0,124.0,14.0,397.0,13.0,0.0,0.0,0.0,0.0,0.0,0.0,21.0,0.0,0.0,0.0,65.0,0.0,0.0,0.0,0.0,0.0,0.0,105.0,1407.0,208.0,0.0,473.0,451.0,0.0,347.0,206.0,18.0,146.0,0.0,0.0,73.0,0.0
2021-01-23 09:00:00+00:00,1.0,963.0,0.0,54.0,161.0,628.0,101.0,25.0,470.0,25.0,0.0,0.0,0.0,0.0,0.0,71.0,75.0,0.0,0.0,0.0,0.0,0.0,0.0,0.0,0.0,0.0,0.0,164.0,1409.0,204.0,0.0,426.0,488.0,0.0,383.0,160.0,19.0,158.0,0.0,0.0,80.0,0.0
2021-01-23 10:00:00+00:00,19.0,991.0,0.0,89.0,185.0,593.0,91.0,18.0,411.0,5.0,0.0,0.0,0.0,0.0,0.0,123.0,100.0,0.0,0.0,0.0,0.0,0.0,0.0,0.0,0.0,0.0,0.0,229.0,1408.0,195.0,0.0,356.0,511.0,0.0,405.0,85.0,12.0,129.0,0.0,0.0,86.0,0.0
2021-01-23 11:00:00+00:00,35.0,1086.0,6.0,93.0,219.0,579.0,103.0,4.0,466.0,1.0,0.0,0.0,0.0,0.0,0.0,224.0,87.0,0.0,0.0,0.0,0.0,0.0,0.0,0.0,0.0,0.0,0.0,309.0,1408.0,194.0,0.0,298.0,548.0,0.0,440.0,2.0,48.0,86.0,11.0,0.0,83.0,0.0
2021-01-23 12:00:00+00:00,39.0,1046.0,3.0,53.0,183.0,561.0,113.0,16.0,501.0,2.0,0.0,0.0,0.0,0.0,0.0,197.0,67.0,0.0,0.0,0.0,0.0,0.0,0.0,0.0,0.0,0.0,0.0,271.0,1407.0,188.0,0.0,197.0,554.0,0.0,430.0,21.0,18.0,98.0,7.0,0.0,63.0,0.0
2021-01-23 13:00:00+00:00,66.0,994.0,0.0,39.0,108.0,656.0,0.0,28.0,475.0,1.0,0.0,0.0,0.0,0.0,0.0,163.0,85.0,0.0,0.0,0.0,0.0,0.0,0.0,0.0,0.0,0.0,0.0,193.0,1416.0,209.0,21.0,189.0,511.0,0.0,382.0,125.0,16.0,145.0,0.0,0.0,87.0,0.0
2021-01-23 14:00:00+00:00,67.0,1008.0,4.0,90.0,157.0,593.0,64.0,3.0,360.0,1.0,0.0,0.0,0.0,0.0,0.0,162.0,103.0,0.0,0.0,0.0,0.0,0.0,0.0,0.0,0.0,0.0,0.0,173.0,1420.0,163.0,0.0,230.0,507.0,0.0,382.0,178.0,47.0,94.0,0.0,0.0,102.0,0.0
2021-01-23 15:00:00+00:00,81.0,915.0,10.0,182.0,235.0,589.0,6.0,0.0,211.0,0.0,0.0,0.0,0.0,0.0,0.0,0.0,101.0,0.0,0.0,0.0,53.0,0.0,0.0,0.0,0.0,0.0,0.0,118.0,1430.0,139.0,0.0,329.0,465.0,0.0,344.0,269.0,104.0,50.0,0.0,0.0,124.0,0.0
2021-01-23 16:00:00+00:00,10.0,1122.0,49.0,278.0,387.0,532.0,0.0,0.0,225.0,37.0,0.0,0.0,0.0,0.0,0.0,0.0,94.0,0.0,0.0,0.0,197.0,0.0,0.0,0.0,0.0,0.0,0.0,205.0,1442.0,134.0,48.0,254.0,504.0,0.0,424.0,208.0,227.0,10.0,0.0,0.0,153.0,0.0
2021-01-23 17:00:00+00:00,0.0,1269.0,134.0,307.0,471.0,483.0,0.0,0.0,258.0,118.0,0.0,0.0,0.0,0.0,0.0,0.0,118.0,0.0,0.0,0.0,320.0,0.0,0.0,0.0,0.0,0.0,0.0,206.0,1448.0,94.0,99.0,211.0,548.0,0.0,485.0,123.0,272.0,0.0,0.0,0.0,169.0,0.0
2021-01-23 18:00:00+00:00,0.0,1340.0,120.0,278.0,452.0,612.0,0.0,0.0,259.0,128.0,0.0,0.0,0.0,0.0,0.0,0.0,115.0,0.0,0.0,0.0,332.0,0.0,0.0,0.0,0.0,0.0,0.0,322.0,1462.0,117.0,31.0,136.0,558.0,0.0,499.0,97.0,245.0,2.0,0.0,0.0,178.0,0.0
2021-01-23 19:00:00+00:00,0.0,1358.0,94.0,242.0,432.0,770.0,40.0,0.0,312.0,142.0,0.0,0.0,0.0,0.0,0.0,0.0,158.0,0.0,0.0,0.0,322.0,0.0,0.0,0.0,0.0,0.0,0.0,356.0,1470.0,166.0,0.0,10.0,559.0,0.0,513.0,13.0,204.0,4.0,0.0,0.0,224.0,0.0
2021-01-23 20:00:00+00:00,0.0,1105.0,26.0,146.0,327.0,817.0,70.0,0.0,409.0,180.0,0.0,0.0,0.0,0.0,0.0,0.0,187.0,0.0,0.0,0.0,359.0,0.0,0.0,0.0,0.0,205.0,0.0,300.0,1468.0,151.0,0.0,0.0,459.0,0.0,431.0,62.0,153.0,42.0,0.0,0.0,216.0,0.0
2021-01-23 21:00:00+00:00,0.0,1113.0,42.0,156.0,380.0,672.0,0.0,0.0,523.0,184.0,0.0,0.0,0.0,0.0,0.0,0.0,156.0,0.0,0.0,0.0,377.0,0.0,0.0,0.0,0.0,321.0,0.0,347.0,1461.0,145.0,14.0,0.0,452.0,0.0,440.0,0.0,109.0,38.0,50.0,0.0,206.0,0.0
2021-01-23 22:00:00+00:00,0.0,1111.0,35.0,201.0,429.0,577.0,0.0,0.0,446.0,118.0,0.0,0.0,0.0,0.0,0.0,0.0,121.0,0.0,0.0,0.0,405.0,0.0,0.0,0.0,0.0,284.0,0.0,429.0,1477.0,122.0,189.0,0.0,422.0,0.0,440.0,0.0,159.0,42.0,119.0,0.0,212.0,0.0
2021-01-23 23:00:00+00:00,88.0,943.0,155.0,243.0,394.0,580.0,0.0,0.0,174.0,0.0,0.0,0.0,0.0,0.0,0.0,0.0,102.0,0.0,0.0,0.0,594.0,0.0,0.0,0.0,0.0,129.0,0.0,326.0,1468.0,108.0,220.0,0.0,336.0,0.0,359.0,0.0,192.0,1.0,52.0,0.0,209.0,0.0
2021-01-24 00:00:00+00:00,157.0,864.0,212.0,181.0,291.0,566.0,0.0,0.0,74.0,0.0,0.0,0.0,0.0,0.0,0.0,0.0,86.0,0.0,0.0,0.0,600.0,0.0,0.0,0.0,0.0,137.0,0.0,248.0,1467.0,89.0,235.0,0.0,331.0,0.0,332.0,0.0,113.0,0.0,29.0,0.0,188.0,0.0
2021-01-24 01:00:00+00:00,181.0,860.0,331.0,144.0,258.0,597.0,0.0,21.0,72.0,0.0,0.0,0.0,0.0,0.0,0.0,0.0,77.0,0.0,0.0,0.0,600.0,0.0,0.0,0.0,0.0,194.0,0.0,316.0,1468.0,91.0,236.0,0.0,412.0,0.0,365.0,0.0,22.0,0.0,173.0,0.0,103.0,0.0
2021-01-24 02:00:00+00:00,193.0,823.0,340.0,136.0,246.0,582.0,0.0,39.0,63.0,0.0,0.0,0.0,0.0,0.0,0.0,0.0,71.0,0.0,0.0,0.0,600.0,0.0,0.0,0.0,0.0,163.0,0.0,317.0,1457.0,94.0,251.0,0.0,450.0,0.0,374.0,0.0,4.0,0.0,187.0,0.0,91.0,0.0
2021-01-24 03:00:00+00:00,190.0,767.0,187.0,133.0,240.0,632.0,0.0,1.0,67.0,0.0,0.0,0.0,0.0,0.0,0.0,0.0,72.0,0.0,0.0,0.0,600.0,0.0,0.0,0.0,0.0,132.0,0.0,300.0,1466.0,113.0,182.0,0.0,470.0,0.0,371.0,0.0,57.0,0.0,185.0,0.0,73.0,0.0
2021-01-24 04:00:00+00:00,162.0,807.0,178.0,147.0,258.0,565.0,0.0,0.0,88.0,0.0,0.0,0.0,0.0,0.0,0.0,0.0,79.0,0.0,0.0,0.0,600.0,0.0,0.0,0.0,0.0,186.0,0.0,328.0,1467.0,104.0,228.0,0.0,491.0,0.0,397.0,0.0,89.0,2.0,191.0,0.0,65.0,0.0
2021-01-24 05:00:00+00:00,91.0,832.0,68.0,160.0,264.0,656.0,0.0,0.0,85.0,0.0,0.0,0.0,0.0,0.0,0.0,0.0,96.0,0.0,0.0,0.0,600.0,0.0,0.0,0.0,0.0,227.0,0.0,321.0,1466.0,128.0,121.0,0.0,456.0,0.0,386.0,0.0,152.0,7.0,92.0,0.0,95.0,0.0
2021-01-24 06:00:00+00:00,27.0,836.0,54.0,205.0,282.0,644.0,0.0,0.0,32.0,1.0,0.0,0.0,0.0,0.0,0.0,0.0,114.0,0.0,0.0,0.0,600.0,1.0,0.0,0.0,0.0,185.0,0.0,289.0,1467.0,128.0,130.0,0.0,423.0,0.0,363.0,5.0,156.0,14.0,8.0,0.0,154.0,0.0
2021-01-24 07:00:00+00:00,1.0,908.0,60.0,247.0,328.0,675.0,0.0,0.0,87.0,43.0,0.0,0.0,0.0,0.0,0.0,0.0,112.0,0.0,0.0,0.0,592.0,0.0,0.0,0.0,0.0,0.0,0.0,372.0,1467.0,135.0,111.0,75.0,454.0,0.0,405.0,0.0,104.0,22.0,84.0,0.0,148.0,0.0
2021-01-24 08:00:00+00:00,0.0,987.0,10.0,263.0,356.0,722.0,0.0,0.0,117.0,61.0,0.0,0.0,0.0,0.0,0.0,0.0,118.0,0.0,0.0,0.0,590.0,0.0,0.0,0.0,0.0,0.0,0.0,398.0,1467.0,147.0,83.0,133.0,472.0,0.0,438.0,0.0,102.0,57.0,125.0,0.0,134.0,0.0
2021-01-24 09:00:00+00:00,0.0,1012.0,14.0,270.0,381.0,736.0,0.0,0.0,157.0,71.0,0.0,0.0,0.0,0.0,0.0,0.0,113.0,0.0,0.0,0.0,536.0,0.0,0.0,0.0,0.0,0.0,0.0,430.0,1466.0,142.0,82.0,145.0,453.0,0.0,441.0,0.0,98.0,53.0,135.0,0.0,154.0,0.0
2021-01-24 10:00:00+00:00,0.0,1028.0,3.0,250.0,352.0,738.0,0.0,2.0,153.0,63.0,0.0,0.0,0.0,0.0,0.0,0.0,113.0,0.0,0.0,0.0,468.0,0.0,0.0,0.0,0.0,0.0,0.0,457.0,1465.0,124.0,98.0,137.0,445.0,0.0,431.0,0.0,58.0,93.0,192.0,0.0,129.0,0.0
2021-01-24 11:00:00+00:00,0.0,1011.0,7.0,224.0,316.0,734.0,0.0,0.0,191.0,58.0,0.0,0.0,0.0,0.0,0.0,0.0,124.0,0.0,0.0,0.0,465.0,0.0,0.0,0.0,0.0,0.0,0.0,454.0,1465.0,122.0,91.0,91.0,451.0,0.0,419.0,0.0,72.0,68.0,217.0,0.0,97.0,0.0
2021-01-24 12:00:00+00:00,0.0,941.0,6.0,191.0,267.0,724.0,0.0,1.0,199.0,41.0,0.0,0.0,0.0,0.0,0.0,0.0,118.0,0.0,0.0,0.0,444.0,0.0,0.0,0.0,0.0,0.0,0.0,404.0,1466.0,110.0,115.0,110.0,480.0,0.0,408.0,0.0,63.0,70.0,201.0,0.0,82.0,0.0
2021-01-24 13:00:00+00:00,77.0,797.0,10.0,146.0,168.0,688.0,0.0,14.0,147.0,0.0,0.0,0.0,0.0,0.0,0.0,0.0,117.0,0.0,0.0,0.0,431.0,0.0,0.0,0.0,0.0,0.0,0.0,307.0,1465.0,98.0,152.0,174.0,461.0,0.0,351.0,0.0,44.0,132.0,84.0,0.0,86.0,0.0
2021-01-24 14:00:00+00:00,91.0,834.0,0.0,127.0,146.0,745.0,0.0,6.0,193.0,0.0,0.0,0.0,0.0,0.0,0.0,0.0,134.0,0.0,0.0,0.0,336.0,0.0,0.0,0.0,0.0,0.0,0.0,265.0,1464.0,92.0,130.0,284.0,509.0,0.0,360.0,3.0,44.0,186.0,42.0,0.0,79.0,0.0
2021-01-24 15:00:00+00:00,92.0,835.0,0.0,168.0,199.0,723.0,0.0,9.0,231.0,0.0,0.0,0.0,0.0,0.0,0.0,0.0,163.0,0.0,0.0,0.0,308.0,0.0,0.0,0.0,0.0,0.0,0.0,266.0,1465.0,78.0,136.0,369.0,544.0,0.0,365.0,27.0,22.0,139.0,3.0,0.0,40.0,0.0
2021-01-24 16:00:00+00:00,15.0,892.0,1.0,230.0,322.0,670.0,0.0,1.0,270.0,14.0,0.0,0.0,0.0,0.0,0.0,0.0,147.0,0.0,0.0,0.0,409.0,0.0,0.0,0.0,0.0,0.0,0.0,268.0,1466.0,22.0,249.0,341.0,574.0,0.0,413.0,1.0,68.0,126.0,24.0,0.0,125.0,0.0
2021-01-24 17:00:00+00:00,0.0,1082.0,4.0,210.0,342.0,632.0,0.0,1.0,357.0,62.0,0.0,0.0,0.0,0.0,0.0,0.0,122.0,0.0,0.0,0.0,398.0,0.0,0.0,0.0,0.0,0.0,0.0,314.0,1467.0,25.0,284.0,341.0,593.0,0.0,460.0,0.0,90.0,88.0,57.0,0.0,147.0,0.0
2021-01-24 18:00:00+00:00,0.0,1127.0,9.0,206.0,357.0,605.0,0.0,0.0,377.0,72.0,0.0,0.0,0.0,0.0,0.0,0.0,82.0,0.0,0.0,0.0,397.0,0.0,0.0,0.0,0.0,0.0,0.0,339.0,1468.0,45.0,260.0,353.0,570.0,0.0,468.0,0.0,90.0,52.0,28.0,0.0,161.0,0.0
2021-01-24 19:00:00+00:00,0.0,1054.0,6.0,190.0,321.0,614.0,0.0,6.0,352.0,47.0,0.0,0.0,0.0,0.0,0.0,0.0,69.0,0.0,0.0,0.0,395.0,0.0,0.0,0.0,0.0,0.0,0.0,339.0,1468.0,81.0,203.0,285.0,540.0,0.0,450.0,0.0,41.0,71.0,50.0,0.0,148.0,0.0
2021-01-24 20:00:00+00:00,2.0,1096.0,3.0,144.0,287.0,664.0,0.0,19.0,392.0,29.0,0.0,0.0,0.0,0.0,0.0,0.0,34.0,0.0,0.0,0.0,315.0,0.0,0.0,0.0,0.0,18.0,0.0,316.0,1474.0,79.0,204.0,0.0,527.0,0.0,445.0,0.0,18.0,106.0,109.0,0.0,165.0,0.0
2021-01-24 21:00:00+00:00,1.0,1079.0,2.0,150.0,366.0,689.0,0.0,16.0,514.0,54.0,0.0,0.0,0.0,0.0,0.0,0.0,87.0,0.0,0.0,0.0,590.0,0.0,0.0,0.0,0.0,233.0,0.0,405.0,1466.0,82.0,165.0,0.0,526.0,0.0,454.0,0.0,17.0,137.0,201.0,0.0,113.0,0.0
2021-01-24 22:00:00+00:00,36.0,1066.0,6.0,125.0,350.0,712.0,0.0,20.0,461.0,5.0,0.0,0.0,0.0,0.0,0.0,0.0,104.0,0.0,0.0,0.0,577.0,0.0,0.0,0.0,0.0,247.0,0.0,438.0,1467.0,123.0,90.0,0.0,528.0,0.0,470.0,0.0,19.0,87.0,239.0,0.0,127.0,0.0
2021-01-24 23:00:00+00:00,135.0,887.0,75.0,117.0,277.0,617.0,0.0,19.0,301.0,0.0,0.0,0.0,0.0,0.0,0.0,0.0,90.0,0.0,0.0,0.0,599.0,0.0,0.0,0.0,0.0,68.0,0.0,254.0,1467.0,103.0,195.0,0.0,435.0,0.0,385.0,0.0,27.0,24.0,111.0,0.0,89.0,0.0
2021-01-25 00:00:00+00:00,232.0,873.0,330.0,111.0,224.0,574.0,0.0,83.0,123.0,0.0,0.0,0.0,0.0,0.0,0.0,0.0,77.0,0.0,0.0,0.0,600.0,0.0,0.0,0.0,0.0,48.0,0.0,270.0,1466.0,113.0,201.0,0.0,475.0,0.0,400.0,0.0,2.0,0.0,161.0,0.0,64.0,0.0
2021-01-25 01:00:00+00:00,238.0,1006.0,431.0,92.0,214.0,609.0,0.0,152.0,139.0,0.0,0.0,0.0,0.0,0.0,0.0,0.0,70.0,0.0,0.0,0.0,600.0,0.0,0.0,0.0,0.0,78.0,0.0,314.0,1459.0,110.0,187.0,0.0,525.0,0.0,439.0,0.0,0.0,0.0,141.0,0.0,36.0,0.0
2021-01-25 02:00:00+00:00,231.0,1081.0,446.0,77.0,201.0,577.0,0.0,159.0,171.0,0.0,0.0,0.0,0.0,0.0,0.0,0.0,68.0,0.0,0.0,0.0,600.0,0.0,0.0,0.0,0.0,68.0,0.0,309.0,1467.0,111.0,203.0,0.0,554.0,0.0,452.0,0.0,0.0,0.0,129.0,0.0,43.0,0.0
2021-01-25 03:00:00+00:00,242.0,1028.0,299.0,80.0,190.0,475.0,0.0,58.0,140.0,0.0,0.0,0.0,0.0,0.0,0.0,0.0,78.0,0.0,0.0,0.0,600.0,0.0,0.0,0.0,0.0,65.0,0.0,254.0,978.0,112.0,239.0,0.0,533.0,0.0,418.0,0.0,3.0,0.0,49.0,0.0,47.0,0.0
2021-01-25 04:00:00+00:00,204.0,1077.0,30.0,110.0,228.0,91.0,74.0,1.0,157.0,0.0,0.0,0.0,0.0,0.0,0.0,0.0,102.0,0.0,0.0,0.0,599.0,0.0,0.0,0.0,0.0,27.0,0.0,221.0,698.0,22.0,0.0,0.0,513.0,0.0,403.0,11.0,153.0,73.0,5.0,0.0,107.0,0.0
2021-01-25 05:00:00+00:00,162.0,1172.0,14.0,122.0,244.0,88.0,95.0,0.0,262.0,0.0,0.0,0.0,0.0,0.0,0.0,0.0,97.0,0.0,0.0,0.0,555.0,0.0,0.0,0.0,0.0,81.0,0.0,251.0,667.0,8.0,0.0,0.0,582.0,0.0,449.0,48.0,140.0,77.0,1.0,0.0,154.0,0.0
2021-01-25 06:00:00+00:00,145.0,1312.0,5.0,137.0,282.0,94.0,0.0,0.0,358.0,0.0,0.0,0.0,0.0,0.0,0.0,0.0,95.0,0.0,10.0,0.0,427.0,0.0,0.0,0.0,0.0,19.0,0.0,339.0,657.0,0.0,26.0,0.0,588.0,0.0,485.0,59.0,130.0,82.0,0.0,0.0,191.0,0.0
2021-01-25 07:00:00+00:00,41.0,1498.0,8.0,163.0,319.0,171.0,0.0,0.0,428.0,2.0,0.0,0.0,0.0,0.0,0.0,0.0,59.0,0.0,25.0,0.0,302.0,0.0,0.0,0.0,0.0,0.0,0.0,367.0,659.0,0.0,21.0,284.0,595.0,0.0,533.0,120.0,94.0,51.0,0.0,0.0,236.0,0.0
2021-01-25 08:00:00+00:00,11.0,1615.0,2.0,154.0,359.0,277.0,76.0,0.0,559.0,8.0,0.0,0.0,0.0,0.0,0.0,0.0,49.0,0.0,35.0,0.0,203.0,0.0,0.0,0.0,0.0,0.0,0.0,404.0,662.0,0.0,0.0,262.0,601.0,0.0,561.0,112.0,73.0,86.0,0.0,0.0,256.0,0.0
2021-01-25 09:00:00+00:00,46.0,1552.0,3.0,150.0,337.0,260.0,69.0,3.0,528.0,0.0,0.0,0.0,0.0,0.0,0.0,0.0,107.0,0.0,23.0,0.0,176.0,0.0,0.0,0.0,0.0,0.0,0.0,421.0,661.0,0.0,0.0,202.0,593.0,0.0,543.0,42.0,51.0,98.0,0.0,0.0,204.0,0.0
2021-01-25 10:00:00+00:00,16.0,1552.0,1.0,138.0,354.0,238.0,68.0,17.0,541.0,1.0,0.0,0.0,0.0,0.0,0.0,0.0,133.0,0.0,18.0,0.0,173.0,0.0,0.0,0.0,0.0,0.0,0.0,488.0,662.0,0.0,0.0,146.0,614.0,0.0,556.0,0.0,14.0,130.0,93.0,0.0,138.0,0.0
2021-01-25 11:00:00+00:00,32.0,1549.0,1.0,130.0,342.0,241.0,80.0,32.0,523.0,0.0,0.0,0.0,0.0,0.0,0.0,0.0,119.0,0.0,5.0,0.0,108.0,0.0,0.0,0.0,0.0,0.0,0.0,484.0,661.0,0.0,0.0,129.0,613.0,0.0,549.0,0.0,8.0,154.0,83.0,0.0,148.0,0.0
2021-01-25 12:00:00+00:00,16.0,1552.0,0.0,117.0,356.0,250.0,108.0,31.0,566.0,4.0,0.0,0.0,0.0,0.0,0.0,0.0,122.0,0.0,0.0,0.0,110.0,0.0,0.0,0.0,0.0,0.0,0.0,483.0,661.0,5.0,0.0,109.0,632.0,0.0,574.0,0.0,6.0,144.0,40.0,0.0,188.0,0.0
2021-01-25 13:00:00+00:00,52.0,1427.0,2.0,113.0,316.0,208.0,112.0,20.0,505.0,2.0,0.0,0.0,0.0,0.0,0.0,0.0,150.0,0.0,1.0,0.0,193.0,0.0,0.0,0.0,0.0,0.0,0.0,450.0,657.0,0.0,0.0,120.0,617.0,0.0,541.0,23.0,17.0,141.0,4.0,0.0,213.0,0.0
2021-01-25 14:00:00+00:00,108.0,1240.0,0.0,151.0,313.0,193.0,54.0,6.0,397.0,0.0,0.0,0.0,0.0,0.0,0.0,0.0,112.0,0.0,14.0,0.0,313.0,0.0,0.0,0.0,0.0,0.0,0.0,398.0,580.0,0.0,0.0,134.0,589.0,0.0,489.0,66.0,41.0,134.0,0.0,0.0,207.0,0.0
2021-01-25 15:00:00+00:00,159.0,1162.0,6.0,211.0,358.0,240.0,115.0,3.0,299.0,0.0,0.0,0.0,0.0,0.0,0.0,0.0,98.0,0.0,0.0,0.0,426.0,0.0,0.0,0.0,0.0,0.0,0.0,352.0,580.0,26.0,0.0,264.0,562.0,0.0,461.0,121.0,83.0,78.0,0.0,0.0,218.0,0.0
2021-01-25 16:00:00+00:00,48.0,1259.0,37.0,303.0,500.0,214.0,76.0,0.0,329.0,2.0,0.0,0.0,0.0,0.0,0.0,0.0,134.0,0.0,3.0,0.0,472.0,0.0,0.0,0.0,0.0,0.0,0.0,380.0,656.0,0.0,0.0,176.0,539.0,0.0,477.0,128.0,173.0,27.0,0.0,0.0,250.0,0.0
2021-01-25 17:00:00+00:00,9.0,1282.0,21.0,290.0,507.0,182.0,33.0,0.0,272.0,9.0,0.0,0.0,0.0,0.0,0.0,0.0,154.0,0.0,9.0,0.0,470.0,0.0,0.0,0.0,0.0,0.0,0.0,359.0,662.0,0.0,0.0,148.0,511.0,0.0,476.0,186.0,161.0,33.0,0.0,0.0,291.0,0.0
2021-01-25 18:00:00+00:00,26.0,1390.0,22.0,276.0,479.0,750.0,0.0,0.0,239.0,3.0,0.0,0.0,0.0,0.0,0.0,0.0,156.0,0.0,0.0,0.0,386.0,0.0,0.0,0.0,0.0,0.0,0.0,380.0,1144.0,95.0,91.0,80.0,523.0,0.0,494.0,154.0,147.0,27.0,0.0,0.0,295.0,0.0
2021-01-25 19:00:00+00:00,160.0,1556.0,22.0,245.0,409.0,837.0,0.0,0.0,213.0,0.0,0.0,0.0,0.0,0.0,0.0,0.0,139.0,0.0,0.0,0.0,107.0,0.0,0.0,0.0,0.0,0.0,0.0,402.0,1440.0,107.0,6.0,24.0,545.0,0.0,527.0,88.0,118.0,34.0,0.0,0.0,292.0,0.0
2021-01-25 20:00:00+00:00,139.0,1459.0,6.0,183.0,347.0,880.0,43.0,3.0,314.0,0.0,0.0,0.0,0.0,0.0,0.0,0.0,98.0,0.0,0.0,0.0,0.0,0.0,0.0,0.0,0.0,91.0,0.0,311.0,1464.0,78.0,0.0,0.0,484.0,0.0,468.0,147.0,65.0,80.0,0.0,0.0,285.0,0.0
2021-01-25 21:00:00+00:00,231.0,1207.0,2.0,146.0,319.0,771.0,61.0,14.0,405.0,0.0,0.0,0.0,0.0,0.0,0.0,0.0,111.0,0.0,0.0,0.0,160.0,0.0,0.0,0.0,0.0,0.0,0.0,183.0,1459.0,49.0,0.0,8.0,392.0,0.0,361.0,173.0,30.0,138.0,0.0,0.0,235.0,0.0
2021-01-25 22:00:00+00:00,287.0,923.0,3.0,170.0,298.0,764.0,70.0,15.0,295.0,0.0,0.0,0.0,0.0,0.0,0.0,0.0,130.0,0.0,0.0,0.0,600.0,0.0,0.0,0.0,0.0,0.0,0.0,85.0,1459.0,56.0,0.0,35.0,324.0,0.0,293.0,220.0,33.0,118.0,0.0,0.0,228.0,0.0
2021-01-25 23:00:00+00:00,375.0,784.0,1.0,112.0,202.0,780.0,0.0,40.0,182.0,0.0,0.0,0.0,0.0,0.0,0.0,0.0,78.0,0.0,0.0,0.0,600.0,0.0,0.0,0.0,0.0,0.0,0.0,110.0,1458.0,54.0,112.0,42.0,337.0,0.0,276.0,112.0,9.0,155.0,0.0,0.0,192.0,0.0
2021-01-26 00:00:00+00:00,405.0,790.0,0.0,42.0,114.0,822.0,0.0,78.0,143.0,0.0,0.0,0.0,0.0,0.0,0.0,0.0,62.0,0.0,0.0,0.0,600.0,0.0,0.0,0.0,0.0,0.0,0.0,28.0,1457.0,67.0,62.0,29.0,338.0,0.0,270.0,116.0,1.0,230.0,0.0,0.0,135.0,0.0
2021-01-26 01:00:00+00:00,401.0,860.0,0.0,4.0,103.0,785.0,0.0,131.0,239.0,0.0,0.0,0.0,0.0,0.0,0.0,0.0,59.0,0.0,0.0,0.0,600.0,0.0,7.0,0.0,0.0,0.0,0.0,47.0,1446.0,73.0,97.0,45.0,422.0,0.0,314.0,23.0,0.0,240.0,0.0,0.0,64.0,0.0
2021-01-26 02:00:00+00:00,418.0,791.0,0.0,0.0,48.0,783.0,0.0,117.0,212.0,0.0,0.0,0.0,0.0,0.0,0.0,0.0,81.0,0.0,0.0,0.0,600.0,0.0,36.0,0.0,0.0,0.0,0.0,0.0,1457.0,78.0,89.0,43.0,426.0,0.0,298.0,69.0,0.0,222.0,0.0,5.0,56.0,0.0
2021-01-26 03:00:00+00:00,442.0,659.0,0.0,0.0,0.0,605.0,0.0,100.0,196.0,0.0,0.0,0.0,0.0,0.0,0.0,0.0,58.0,0.0,0.0,0.0,598.0,0.0,54.0,0.0,0.0,0.0,0.0,0.0,1027.0,76.0,226.0,99.0,412.0,8.0,256.0,163.0,0.0,240.0,0.0,74.0,28.0,0.0
2021-01-26 04:00:00+00:00,472.0,470.0,0.0,0.0,0.0,0.0,0.0,109.0,184.0,0.0,0.0,0.0,0.0,0.0,0.0,0.0,25.0,20.0,63.0,0.0,536.0,0.0,74.0,0.0,0.0,0.0,0.0,0.0,717.0,0.0,81.0,201.0,373.0,70.0,173.0,342.0,0.0,289.0,0.0,186.0,48.0,0.0
2021-01-26 05:00:00+00:00,342.0,614.0,0.0,7.0,14.0,0.0,0.0,53.0,226.0,0.0,0.0,0.0,0.0,0.0,0.0,0.0,27.0,60.0,104.0,0.0,530.0,0.0,6.0,0.0,0.0,0.0,0.0,0.0,687.0,0.0,231.0,347.0,407.0,0.0,254.0,379.0,5.0,260.0,0.0,83.0,129.0,0.0
2021-01-26 06:00:00+00:00,403.0,866.0,0.0,0.0,0.0,6.0,0.0,130.0,388.0,0.0,0.0,0.0,0.0,0.0,0.0,0.0,73.0,0.0,123.0,0.0,276.0,0.0,46.0,0.0,0.0,0.0,0.0,0.0,687.0,0.0,294.0,509.0,427.0,25.0,278.0,479.0,0.0,277.0,0.0,85.0,168.0,0.0
2021-01-26 07:00:00+00:00,309.0,943.0,0.0,0.0,0.0,75.0,0.0,146.0,557.0,0.0,0.0,0.0,0.0,0.0,0.0,0.0,83.0,0.0,70.0,0.0,211.0,0.0,58.0,0.0,0.0,0.0,0.0,0.0,686.0,0.0,172.0,541.0,405.0,13.0,275.0,506.0,0.0,266.0,0.0,104.0,153.0,0.0
2021-01-26 08:00:00+00:00,298.0,839.0,0.0,1.0,13.0,66.0,0.0,122.0,555.0,0.0,0.0,0.0,0.0,0.0,0.0,0.0,155.0,0.0,62.0,0.0,122.0,0.0,17.0,0.0,0.0,0.0,0.0,0.0,685.0,0.0,134.0,567.0,299.0,0.0,198.0,532.0,0.0,230.0,0.0,104.0,122.0,0.0
2021-01-26 09:00:00+00:00,257.0,885.0,0.0,0.0,34.0,59.0,0.0,94.0,592.0,0.0,0.0,0.0,0.0,0.0,0.0,0.0,202.0,0.0,90.0,0.0,104.0,0.0,23.0,0.0,0.0,0.0,0.0,0.0,681.0,0.0,173.0,557.0,305.0,0.0,214.0,439.0,1.0,240.0,0.0,124.0,85.0,0.0
2021-01-26 10:00:00+00:00,248.0,903.0,0.0,0.0,26.0,99.0,0.0,128.0,616.0,0.0,0.0,0.0,0.0,0.0,0.0,88.0,179.0,0.0,96.0,0.0,0.0,0.0,33.0,0.0,0.0,0.0,0.0,0.0,681.0,0.0,154.0,583.0,353.0,0.0,238.0,385.0,1.0,243.0,0.0,89.0,56.0,0.0
2021-01-26 11:00:00+00:00,185.0,880.0,0.0,0.0,13.0,124.0,0.0,212.0,703.0,0.0,0.0,0.0,0.0,0.0,0.0,0.0,145.0,0.0,60.0,0.0,1.0,0.0,70.0,0.0,0.0,0.0,0.0,0.0,685.0,0.0,86.0,559.0,381.0,0.0,256.0,401.0,0.0,193.0,0.0,81.0,68.0,0.0
2021-01-26 12:00:00+00:00,154.0,1013.0,0.0,0.0,39.0,112.0,0.0,244.0,715.0,0.0,0.0,0.0,0.0,0.0,0.0,46.0,133.0,0.0,40.0,0.0,0.0,0.0,73.0,0.0,0.0,0.0,0.0,0.0,687.0,0.0,78.0,461.0,446.0,0.0,322.0,339.0,0.0,143.0,0.0,9.0,74.0,0.0
2021-01-26 13:00:00+00:00,153.0,1113.0,0.0,0.0,77.0,64.0,0.0,199.0,723.0,0.0,0.0,0.0,0.0,0.0,0.0,0.0,144.0,0.0,49.0,0.0,57.0,0.0,45.0,0.0,0.0,0.0,0.0,99.0,679.0,0.0,122.0,395.0,509.0,0.0,386.0,275.0,2.0,230.0,0.0,0.0,118.0,0.0
2021-01-26 14:00:00+00:00,239.0,1058.0,0.0,0.0,74.0,27.0,0.0,123.0,579.0,0.0,0.0,0.0,0.0,0.0,0.0,0.0,131.0,0.0,67.0,0.0,56.0,0.0,17.0,0.0,0.0,0.0,0.0,85.0,607.0,0.0,173.0,354.0,510.0,0.0,371.0,321.0,0.0,266.0,0.0,0.0,156.0,0.0
2021-01-26 15:00:00+00:00,277.0,1063.0,0.0,31.0,129.0,95.0,0.0,80.0,521.0,0.0,0.0,0.0,0.0,0.0,0.0,0.0,142.0,0.0,69.0,0.0,194.0,0.0,2.0,0.0,0.0,0.0,0.0,52.0,608.0,0.0,180.0,335.0,507.0,0.0,375.0,402.0,2.0,233.0,0.0,0.0,203.0,0.0
2021-01-26 16:00:00+00:00,294.0,1052.0,2.0,126.0,195.0,80.0,0.0,8.0,385.0,0.0,0.0,0.0,0.0,0.0,0.0,0.0,140.0,0.0,70.0,0.0,111.0,0.0,0.0,0.0,0.0,0.0,0.0,11.0,684.0,0.0,111.0,320.0,453.0,0.0,345.0,463.0,42.0,159.0,0.0,0.0,221.0,0.0
2021-01-26 17:00:00+00:00,235.0,1011.0,16.0,187.0,248.0,151.0,0.0,1.0,289.0,0.0,0.0,0.0,0.0,0.0,0.0,0.0,162.0,0.0,41.0,0.0,424.0,0.0,0.0,0.0,0.0,0.0,0.0,57.0,692.0,0.0,33.0,370.0,389.0,0.0,320.0,447.0,113.0,41.0,0.0,0.0,252.0,0.0
2021-01-26 18:00:00+00:00,175.0,1122.0,26.0,190.0,279.0,631.0,0.0,0.0,308.0,0.0,0.0,0.0,0.0,0.0,0.0,0.0,164.0,0.0,0.0,0.0,494.0,0.0,0.0,0.0,0.0,0.0,0.0,126.0,1180.0,40.0,241.0,279.0,391.0,0.0,365.0,389.0,100.0,25.0,0.0,0.0,268.0,0.0
2021-01-26 19:00:00+00:00,128.0,1105.0,17.0,185.0,318.0,734.0,0.0,1.0,363.0,0.0,0.0,0.0,0.0,0.0,0.0,0.0,145.0,0.0,0.0,0.0,525.0,0.0,0.0,0.0,0.0,36.0,0.0,127.0,1438.0,49.0,146.0,0.0,373.0,0.0,370.0,390.0,102.0,50.0,0.0,0.0,289.0,0.0
2021-01-26 20:00:00+00:00,63.0,1035.0,26.0,170.0,334.0,761.0,0.0,2.0,439.0,0.0,0.0,0.0,0.0,0.0,0.0,0.0,105.0,0.0,0.0,0.0,598.0,0.0,0.0,0.0,0.0,206.0,0.0,126.0,1468.0,27.0,175.0,0.0,375.0,0.0,376.0,248.0,71.0,33.0,0.0,0.0,272.0,0.0
2021-01-26 21:00:00+00:00,97.0,941.0,10.0,170.0,352.0,764.0,0.0,0.0,505.0,0.0,0.0,0.0,0.0,0.0,0.0,0.0,117.0,0.0,0.0,0.0,591.0,0.0,0.0,0.0,0.0,172.0,0.0,206.0,1458.0,40.0,147.0,0.0,356.0,0.0,356.0,245.0,99.0,64.0,0.0,0.0,286.0,0.0
2021-01-26 22:00:00+00:00,119.0,1171.0,30.0,152.0,410.0,722.0,0.0,2.0,582.0,0.0,0.0,0.0,0.0,0.0,0.0,0.0,107.0,0.0,0.0,0.0,600.0,0.0,0.0,0.0,0.0,226.0,0.0,313.0,1458.0,64.0,141.0,0.0,436.0,0.0,452.0,66.0,82.0,42.0,0.0,0.0,296.0,0.0
2021-01-26 23:00:00+00:00,239.0,1137.0,178.0,146.0,355.0,644.0,0.0,26.0,384.0,0.0,0.0,0.0,0.0,0.0,0.0,0.0,68.0,0.0,0.0,0.0,600.0,0.0,0.0,0.0,0.0,240.0,0.0,346.0,1458.0,69.0,233.0,0.0,428.0,0.0,442.0,7.0,17.0,0.0,22.0,0.0,243.0,0.0
2021-01-27 00:00:00+00:00,279.0,1139.0,134.0,139.0,328.0,645.0,0.0,6.0,255.0,0.0,0.0,0.0,0.0,0.0,0.0,0.0,53.0,0.0,0.0,0.0,600.0,0.0,0.0,0.0,0.0,291.0,0.0,383.0,1457.0,69.0,246.0,0.0,474.0,0.0,453.0,0.0,43.0,3.0,61.0,0.0,177.0,0.0
2021-01-27 01:00:00+00:00,300.0,1143.0,159.0,98.0,270.0,616.0,0.0,55.0,283.0,0.0,0.0,0.0,0.0,0.0,0.0,0.0,61.0,0.0,0.0,0.0,600.0,0.0,0.0,0.0,0.0,241.0,0.0,389.0,1456.0,77.0,235.0,0.0,482.0,0.0,449.0,0.0,7.0,2.0,80.0,0.0,152.0,0.0
2021-01-27 02:00:00+00:00,295.0,1134.0,147.0,85.0,256.0,578.0,0.0,64.0,284.0,0.0,0.0,0.0,0.0,0.0,0.0,0.0,59.0,0.0,0.0,0.0,600.0,0.0,0.0,0.0,0.0,217.0,0.0,390.0,1445.0,71.0,270.0,0.0,460.0,0.0,434.0,0.0,3.0,2.0,82.0,0.0,161.0,0.0
2021-01-27 03:00:00+00:00,273.0,1163.0,183.0,104.0,284.0,433.0,0.0,43.0,252.0,0.0,0.0,0.0,0.0,0.0,0.0,0.0,32.0,0.0,0.0,0.0,600.0,0.0,0.0,0.0,0.0,222.0,0.0,420.0,1029.0,64.0,308.0,0.0,492.0,0.0,445.0,0.0,6.0,0.0,116.0,0.0,137.0,0.0
2021-01-27 04:00:00+00:00,307.0,1073.0,47.0,172.0,309.0,0.0,0.0,2.0,126.0,0.0,0.0,0.0,0.0,0.0,0.0,0.0,27.0,63.0,34.0,0.0,600.0,0.0,0.0,0.0,0.0,237.0,0.0,325.0,717.0,0.0,52.0,0.0,461.0,0.0,407.0,4.0,143.0,26.0,35.0,0.0,165.0,0.0
2021-01-27 05:00:00+00:00,367.0,943.0,40.0,170.0,238.0,0.0,0.0,0.0,54.0,0.0,0.0,0.0,0.0,0.0,0.0,0.0,24.0,43.0,63.0,0.0,600.0,0.0,0.0,0.0,0.0,304.0,0.0,254.0,687.0,0.0,141.0,0.0,384.0,0.0,334.0,127.0,201.0,26.0,0.0,0.0,214.0,0.0
2021-01-27 06:00:00+00:00,210.0,1083.0,35.0,145.0,282.0,0.0,0.0,0.0,264.0,0.0,0.0,0.0,0.0,0.0,0.0,0.0,57.0,10.0,41.0,0.0,600.0,0.0,0.0,0.0,0.0,161.0,0.0,211.0,688.0,0.0,171.0,0.0,362.0,0.0,350.0,264.0,250.0,38.0,0.0,0.0,256.0,0.0
2021-01-27 07:00:00+00:00,94.0,1239.0,57.0,180.0,328.0,100.0,0.0,0.0,387.0,0.0,0.0,0.0,0.0,0.0,0.0,0.0,71.0,0.0,0.0,0.0,598.0,0.0,0.0,0.0,0.0,0.0,0.0,211.0,689.0,12.0,82.0,77.0,377.0,0.0,389.0,190.0,254.0,18.0,0.0,0.0,209.0,0.0
2021-01-27 08:00:00+00:00,4.0,1387.0,35.0,148.0,359.0,13.0,0.0,0.0,599.0,19.0,0.0,0.0,0.0,0.0,0.0,0.0,62.0,0.0,28.0,0.0,532.0,0.0,0.0,0.0,0.0,0.0,0.0,311.0,691.0,0.0,182.0,116.0,391.0,0.0,420.0,39.0,183.0,13.0,0.0,0.0,149.0,0.0
2021-01-27 09:00:00+00:00,1.0,1516.0,11.0,138.0,376.0,106.0,0.0,0.0,704.0,35.0,0.0,0.0,0.0,0.0,0.0,0.0,58.0,0.0,1.0,0.0,484.0,0.0,0.0,0.0,0.0,0.0,0.0,386.0,690.0,0.0,49.0,55.0,417.0,0.0,461.0,5.0,162.0,49.0,13.0,0.0,126.0,0.0
2021-01-27 10:00:00+00:00,1.0,1576.0,2.0,122.0,365.0,35.0,0.0,0.0,724.0,35.0,0.0,0.0,0.0,0.0,0.0,0.0,102.0,0.0,21.0,0.0,467.0,0.0,0.0,0.0,0.0,0.0,0.0,422.0,692.0,0.0,132.0,34.0,438.0,0.0,481.0,0.0,98.0,94.0,64.0,0.0,105.0,0.0
2021-01-27 11:00:00+00:00,3.0,1557.0,2.0,110.0,341.0,75.0,0.0,1.0,718.0,22.0,0.0,0.0,0.0,0.0,0.0,0.0,137.0,0.0,7.0,0.0,482.0,0.0,0.0,0.0,0.0,0.0,0.0,423.0,692.0,0.0,54.0,29.0,466.0,0.0,492.0,0.0,73.0,99.0,43.0,0.0,120.0,0.0
2021-01-27 12:00:00+00:00,9.0,1449.0,1.0,109.0,324.0,141.0,0.0,1.0,696.0,9.0,0.0,0.0,0.0,0.0,0.0,0.0,135.0,0.0,0.0,0.0,484.0,0.0,0.0,0.0,0.0,0.0,0.0,464.0,690.0,1.0,2.0,31.0,511.0,0.0,506.0,0.0,64.0,110.0,84.0,0.0,117.0,0.0
2021-01-27 13:00:00+00:00,25.0,1421.0,2.0,120.0,315.0,162.0,18.0,0.0,666.0,3.0,0.0,0.0,0.0,0.0,0.0,0.0,117.0,0.0,3.0,0.0,531.0,0.0,0.0,0.0,0.0,0.0,0.0,453.0,682.0,0.0,0.0,44.0,510.0,0.0,496.0,2.0,83.0,123.0,8.0,0.0,194.0,0.0
2021-01-27 14:00:00+00:00,30.0,1428.0,3.0,121.0,321.0,89.0,0.0,0.0,630.0,1.0,0.0,0.0,0.0,0.0,0.0,0.0,112.0,0.0,39.0,0.0,534.0,0.0,0.0,0.0,0.0,0.0,0.0,423.0,608.0,0.0,120.0,12.0,535.0,0.0,500.0,74.0,119.0,98.0,0.0,0.0,234.0,0.0
2021-01-27 15:00:00+00:00,25.0,1377.0,41.0,202.0,393.0,85.0,0.0,0.0,518.0,3.0,0.0,0.0,0.0,0.0,0.0,0.0,88.0,0.0,29.0,0.0,599.0,0.0,0.0,0.0,0.0,0.0,0.0,369.0,608.0,0.0,117.0,20.0,504.0,0.0,479.0,149.0,208.0,24.0,0.0,0.0,262.0,0.0
2021-01-27 16:00:00+00:00,27.0,1265.0,103.0,298.0,468.0,184.0,30.0,0.0,394.0,11.0,0.0,0.0,0.0,0.0,0.0,0.0,131.0,0.0,3.0,0.0,600.0,0.0,0.0,0.0,0.0,0.0,0.0,287.0,686.0,0.0,0.0,47.0,435.0,0.0,432.0,259.0,308.0,4.0,0.0,0.0,287.0,0.0
2021-01-27 17:00:00+00:00,34.0,1277.0,151.0,332.0,488.0,169.0,22.0,0.0,297.0,1.0,0.0,0.0,0.0,0.0,0.0,0.0,158.0,0.0,4.0,0.0,600.0,0.0,0.0,0.0,0.0,0.0,0.0,257.0,691.0,0.0,0.0,21.0,416.0,0.0,428.0,327.0,319.0,2.0,0.0,0.0,331.0,0.0
2021-01-27 18:00:00+00:00,80.0,1166.0,212.0,329.0,449.0,462.0,0.0,0.0,225.0,0.0,0.0,0.0,0.0,0.0,0.0,0.0,154.0,0.0,0.0,0.0,600.0,0.0,0.0,0.0,0.0,0.0,0.0,242.0,1183.0,60.0,141.0,27.0,375.0,0.0,389.0,330.0,328.0,0.0,0.0,0.0,321.0,0.0
2021-01-27 19:00:00+00:00,114.0,1074.0,158.0,265.0,361.0,697.0,131.0,0.0,242.0,0.0,0.0,0.0,0.0,0.0,0.0,0.0,134.0,0.0,0.0,0.0,600.0,0.0,0.0,0.0,0.0,168.0,0.0,184.0,1455.0,125.0,0.0,0.0,284.0,0.0,321.0,362.0,270.0,0.0,0.0,0.0,318.0,0.0
2021-01-27 20:00:00+00:00,133.0,1085.0,114.0,233.0,345.0,743.0,51.0,0.0,297.0,0.0,0.0,0.0,0.0,0.0,0.0,0.0,86.0,0.0,0.0,0.0,600.0,0.0,0.0,0.0,0.0,328.0,0.0,189.0,1458.0,67.0,0.0,0.0,296.0,0.0,330.0,287.0,248.0,4.0,0.0,0.0,304.0,0.0
2021-01-27 21:00:00+00:00,226.0,996.0,83.0,244.0,357.0,675.0,0.0,0.0,333.0,0.0,0.0,0.0,0.0,0.0,0.0,0.0,54.0,0.0,0.0,0.0,600.0,0.0,0.0,0.0,0.0,270.0,0.0,154.0,1458.0,77.0,32.0,0.0,287.0,0.0,321.0,272.0,229.0,10.0,0.0,0.0,303.0,0.0
2021-01-27 22:00:00+00:00,335.0,1102.0,106.0,267.0,384.0,663.0,0.0,0.0,238.0,0.0,0.0,0.0,0.0,0.0,0.0,0.0,60.0,0.0,0.0,0.0,600.0,0.0,0.0,0.0,0.0,317.0,0.0,221.0,1422.0,70.0,38.0,0.0,335.0,0.0,373.0,176.0,233.0,6.0,0.0,0.0,287.0,0.0
2021-01-27 23:00:00+00:00,325.0,999.0,141.0,203.0,278.0,671.0,0.0,0.0,138.0,0.0,0.0,0.0,0.0,0.0,0.0,0.0,26.0,0.0,0.0,0.0,600.0,0.0,0.0,0.0,0.0,372.0,0.0,201.0,1417.0,63.0,131.0,0.0,305.0,0.0,347.0,114.0,273.0,1.0,0.0,0.0,261.0,0.0
2021-01-28 00:00:00+00:00,326.0,1120.0,108.0,179.0,270.0,660.0,0.0,0.0,105.0,0.0,0.0,0.0,0.0,0.0,0.0,0.0,10.0,0.0,0.0,0.0,601.0,0.0,0.0,0.0,0.0,392.0,0.0,285.0,1415.0,71.0,145.0,0.0,380.0,0.0,397.0,3.0,292.0,8.0,21.0,0.0,225.0,0.0
2021-01-28 01:00:00+00:00,317.0,1108.0,122.0,170.0,252.0,652.0,0.0,0.0,77.0,0.0,0.0,0.0,0.0,0.0,0.0,0.0,0.0,0.0,0.0,0.0,600.0,0.0,0.0,0.0,0.0,352.0,0.0,291.0,1417.0,78.0,164.0,0.0,399.0,0.0,396.0,0.0,287.0,2.0,28.0,0.0,212.0,0.0
2021-01-28 02:00:00+00:00,339.0,1072.0,106.0,154.0,221.0,594.0,0.0,0.0,48.0,0.0,0.0,0.0,0.0,0.0,0.0,0.0,85.0,0.0,0.0,0.0,601.0,0.0,0.0,0.0,0.0,355.0,0.0,265.0,1403.0,81.0,174.0,0.0,415.0,0.0,386.0,9.0,273.0,2.0,8.0,0.0,192.0,0.0
2021-01-28 03:00:00+00:00,362.0,897.0,79.0,130.0,165.0,494.0,0.0,0.0,40.0,0.0,0.0,0.0,0.0,0.0,0.0,0.0,0.0,0.0,0.0,0.0,601.0,1.0,0.0,0.0,0.0,260.0,0.0,194.0,992.0,87.0,171.0,0.0,388.0,0.0,330.0,53.0,251.0,6.0,0.0,0.0,172.0,0.0
2021-01-28 04:00:00+00:00,413.0,726.0,66.0,132.0,103.0,0.0,0.0,0.0,8.0,0.0,0.0,0.0,0.0,0.0,0.0,0.0,24.0,140.0,54.0,0.0,600.0,19.0,0.0,0.0,0.0,183.0,0.0,2.0,718.0,0.0,133.0,0.0,313.0,0.0,238.0,281.0,227.0,18.0,0.0,0.0,161.0,0.0
2021-01-28 05:00:00+00:00,462.0,729.0,85.0,138.0,38.0,0.0,0.0,0.0,0.0,0.0,0.0,0.0,0.0,0.0,0.0,0.0,36.0,13.0,30.0,0.0,597.0,79.0,0.0,0.0,0.0,0.0,0.0,10.0,688.0,0.0,88.0,21.0,307.0,0.0,241.0,344.0,242.0,13.0,0.0,0.0,176.0,0.0
2021-01-28 06:00:00+00:00,331.0,752.0,109.0,143.0,88.0,0.0,0.0,0.0,61.0,0.0,0.0,0.0,0.0,0.0,0.0,0.0,77.0,25.0,37.0,0.0,599.0,5.0,0.0,0.0,0.0,0.0,0.0,0.0,689.0,0.0,187.0,205.0,254.0,0.0,247.0,503.0,309.0,4.0,0.0,9.0,264.0,0.0
2021-01-28 07:00:00+00:00,247.0,917.0,180.0,138.0,123.0,9.0,0.0,0.0,198.0,0.0,0.0,0.0,0.0,0.0,0.0,0.0,82.0,0.0,44.0,0.0,536.0,0.0,0.0,0.0,0.0,0.0,0.0,0.0,689.0,0.0,205.0,218.0,221.0,0.0,239.0,520.0,332.0,0.0,0.0,35.0,283.0,0.0
2021-01-28 08:00:00+00:00,202.0,1054.0,137.0,134.0,162.0,0.0,0.0,0.0,333.0,0.0,0.0,0.0,0.0,0.0,0.0,0.0,67.0,3.0,45.0,0.0,410.0,0.0,0.0,0.0,0.0,0.0,0.0,0.0,688.0,0.0,194.0,200.0,220.0,0.0,274.0,458.0,349.0,1.0,0.0,4.0,284.0,0.0
2021-01-28 09:00:00+00:00,197.0,1172.0,106.0,91.0,138.0,8.0,0.0,0.0,428.0,0.0,0.0,0.0,0.0,0.0,0.0,0.0,38.0,0.0,42.0,0.0,342.0,0.0,0.0,0.0,0.0,0.0,0.0,18.0,689.0,0.0,167.0,84.0,251.0,0.0,316.0,402.0,284.0,2.0,0.0,0.0,293.0,0.0
2021-01-28 10:00:00+00:00,194.0,1242.0,80.0,64.0,126.0,0.0,0.0,0.0,471.0,0.0,0.0,0.0,0.0,0.0,0.0,0.0,16.0,0.0,58.0,0.0,158.0,0.0,0.0,0.0,0.0,0.0,0.0,106.0,688.0,0.0,205.0,153.0,315.0,0.0,347.0,258.0,221.0,4.0,0.0,0.0,236.0,0.0
2021-01-28 11:00:00+00:00,212.0,1251.0,31.0,46.0,103.0,1.0,0.0,0.0,468.0,0.0,0.0,0.0,0.0,0.0,0.0,0.0,48.0,0.0,60.0,0.0,151.0,0.0,0.0,0.0,0.0,0.0,0.0,117.0,691.0,0.0,191.0,168.0,339.0,0.0,351.0,253.0,162.0,23.0,0.0,0.0,237.0,0.0
2021-01-28 12:00:00+00:00,227.0,1219.0,11.0,24.0,71.0,24.0,0.0,1.0,466.0,0.0,0.0,0.0,0.0,0.0,0.0,0.0,51.0,0.0,64.0,0.0,135.0,0.0,0.0,0.0,0.0,0.0,0.0,118.0,691.0,0.0,176.0,208.0,354.0,0.0,336.0,261.0,115.0,58.0,0.0,0.0,243.0,0.0
2021-01-28 13:00:00+00:00,265.0,1160.0,10.0,22.0,31.0,91.0,0.0,0.0,443.0,0.0,0.0,0.0,0.0,0.0,0.0,0.0,36.0,0.0,57.0,0.0,135.0,0.0,0.0,0.0,0.0,0.0,0.0,96.0,685.0,0.0,113.0,209.0,370.0,0.0,322.0,338.0,115.0,60.0,0.0,0.0,249.0,0.0
2021-01-28 14:00:00+00:00,370.0,845.0,38.0,78.0,0.0,56.0,0.0,0.0,339.0,0.0,0.0,0.0,0.0,0.0,0.0,0.0,66.0,0.0,60.0,0.0,251.0,0.0,0.0,0.0,0.0,0.0,0.0,0.0,607.0,0.0,152.0,196.0,269.0,0.0,219.0,506.0,226.0,15.0,0.0,24.0,270.0,0.0
2021-01-28 15:00:00+00:00,313.0,617.0,50.0,148.0,86.0,0.0,0.0,0.0,201.0,0.0,0.0,0.0,0.0,0.0,0.0,0.0,98.0,17.0,87.0,0.0,517.0,0.0,0.0,0.0,0.0,0.0,0.0,0.0,609.0,0.0,290.0,325.0,206.0,0.0,147.0,538.0,268.0,18.0,0.0,58.0,226.0,0.0
2021-01-28 16:00:00+00:00,289.0,553.0,99.0,242.0,178.0,75.0,0.0,0.0,102.0,0.0,0.0,0.0,0.0,0.0,0.0,0.0,139.0,0.0,74.0,0.0,526.0,0.0,0.0,0.0,0.0,0.0,0.0,0.0,685.0,0.0,157.0,253.0,137.0,0.0,98.0,651.0,289.0,5.0,0.0,163.0,234.0,0.0
2021-01-28 17:00:00+00:00,296.0,563.0,118.0,266.0,180.0,48.0,0.0,0.0,29.0,0.0,0.0,0.0,0.0,0.0,0.0,0.0,159.0,0.0,91.0,0.0,366.0,2.0,0.0,0.0,0.0,0.0,0.0,0.0,686.0,0.0,217.0,261.0,128.0,0.0,96.0,649.0,316.0,3.0,0.0,176.0,222.0,0.0
2021-01-28 18:00:00+00:00,342.0,541.0,142.0,257.0,140.0,500.0,0.0,0.0,4.0,0.0,0.0,0.0,0.0,0.0,0.0,0.0,159.0,0.0,0.0,0.0,331.0,20.0,0.0,0.0,0.0,0.0,0.0,0.0,1177.0,35.0,164.0,242.0,104.0,0.0,83.0,623.0,300.0,1.0,0.0,167.0,209.0,0.0
2021-01-28 19:00:00+00:00,251.0,459.0,128.0,247.0,175.0,615.0,0.0,0.0,72.0,0.0,0.0,0.0,0.0,0.0,0.0,0.0,140.0,0.0,0.0,0.0,544.0,0.0,0.0,0.0,0.0,0.0,0.0,0.0,1452.0,17.0,62.0,119.0,97.0,0.0,105.0,549.0,286.0,2.0,0.0,111.0,230.0,0.0
2021-01-28 20:00:00+00:00,301.0,547.0,81.0,226.0,165.0,745.0,0.0,0.0,103.0,0.0,0.0,0.0,0.0,0.0,0.0,0.0,152.0,0.0,15.0,0.0,569.0,0.0,0.0,0.0,0.0,0.0,0.0,0.0,1458.0,0.0,10.0,27.0,137.0,0.0,139.0,485.0,260.0,7.0,0.0,82.0,242.0,0.0
2021-01-28 21:00:00+00:00,366.0,505.0,123.0,223.0,184.0,754.0,0.0,0.0,173.0,0.0,0.0,0.0,0.0,0.0,0.0,0.0,123.0,0.0,12.0,0.0,599.0,0.0,0.0,0.0,0.0,48.0,0.0,0.0,1457.0,0.0,3.0,0.0,174.0,0.0,151.0,405.0,236.0,2.0,0.0,58.0,226.0,0.0
2021-01-28 22:00:00+00:00,379.0,621.0,85.0,177.0,173.0,741.0,0.0,0.0,232.0,0.0,0.0,0.0,0.0,0.0,0.0,0.0,135.0,0.0,0.0,0.0,591.0,0.0,0.0,0.0,0.0,72.0,0.0,11.0,1463.0,9.0,22.0,0.0,217.0,0.0,204.0,332.0,198.0,6.0,0.0,0.0,252.0,0.0
2021-01-28 23:00:00+00:00,409.0,652.0,86.0,193.0,193.0,828.0,0.0,0.0,145.0,0.0,0.0,0.0,0.0,0.0,0.0,0.0,53.0,0.0,0.0,0.0,600.0,0.0,0.0,0.0,0.0,116.0,0.0,0.0,1459.0,24.0,64.0,0.0,144.0,0.0,165.0,337.0,261.0,7.0,0.0,29.0,276.0,0.0
2021-01-29 00:00:00+00:00,384.0,700.0,90.0,154.0,157.0,805.0,0.0,0.0,89.0,0.0,0.0,0.0,0.0,0.0,0.0,0.0,37.0,0.0,0.0,0.0,600.0,0.0,0.0,0.0,0.0,158.0,0.0,21.0,1446.0,34.0,79.0,0.0,233.0,0.0,214.0,243.0,216.0,3.0,0.0,0.0,255.0,0.0
2021-01-29 01:00:00+00:00,369.0,713.0,75.0,114.0,131.0,751.0,0.0,0.0,100.0,0.0,0.0,0.0,0.0,0.0,0.0,0.0,46.0,0.0,0.0,0.0,587.0,0.0,0.0,0.0,0.0,161.0,0.0,88.0,1458.0,42.0,106.0,0.0,310.0,0.0,247.0,152.0,170.0,8.0,0.0,0.0,230.0,0.0
2021-01-29 02:00:00+00:00,401.0,751.0,33.0,114.0,123.0,779.0,0.0,0.0,54.0,0.0,0.0,0.0,0.0,0.0,0.0,0.0,44.0,0.0,0.0,0.0,552.0,0.0,0.0,0.0,0.0,189.0,0.0,105.0,1459.0,41.0,101.0,0.0,356.0,0.0,267.0,117.0,169.0,22.0,0.0,0.0,214.0,0.0
2021-01-29 03:00:00+00:00,428.0,659.0,27.0,117.0,99.0,567.0,0.0,0.0,15.0,0.0,0.0,0.0,0.0,0.0,0.0,0.0,35.0,0.0,0.0,0.0,566.0,9.0,0.0,0.0,0.0,58.0,0.0,92.0,1030.0,11.0,242.0,0.0,354.0,0.0,237.0,106.0,143.0,22.0,0.0,0.0,154.0,0.0
2021-01-29 04:00:00+00:00,471.0,515.0,24.0,138.0,72.0,35.0,0.0,0.0,1.0,0.0,0.0,0.0,0.0,0.0,0.0,0.0,25.0,0.0,93.0,0.0,596.0,47.0,0.0,0.0,0.0,0.0,0.0,0.0,719.0,0.0,112.0,54.0,267.0,0.0,149.0,265.0,164.0,43.0,0.0,36.0,125.0,0.0
2021-01-29 05:00:00+00:00,489.0,555.0,72.0,118.0,0.0,150.0,0.0,0.0,0.0,0.0,0.0,0.0,0.0,0.0,0.0,0.0,35.0,0.0,76.0,0.0,492.0,117.0,0.0,0.0,0.0,0.0,0.0,0.0,688.0,0.0,45.0,280.0,305.0,31.0,186.0,421.0,209.0,14.0,0.0,48.0,106.0,0.0
2021-01-29 06:00:00+00:00,461.0,505.0,91.0,126.0,0.0,220.0,9.0,0.0,1.0,0.0,0.0,0.0,0.0,0.0,0.0,0.0,66.0,0.0,62.0,0.0,513.0,75.0,0.0,0.0,0.0,0.0,0.0,0.0,687.0,0.0,0.0,374.0,228.0,36.0,133.0,567.0,279.0,4.0,0.0,151.0,98.0,0.0
2021-01-29 07:00:00+00:00,347.0,522.0,94.0,163.0,40.0,338.0,92.0,0.0,42.0,0.0,0.0,0.0,0.0,0.0,0.0,0.0,52.0,0.0,30.0,0.0,597.0,2.0,0.0,0.0,0.0,0.0,0.0,0.0,689.0,0.0,0.0,384.0,201.0,0.0,122.0,583.0,325.0,8.0,0.0,192.0,126.0,0.0
2021-01-29 08:00:00+00:00,265.0,563.0,111.0,160.0,86.0,336.0,110.0,0.0,158.0,0.0,0.0,0.0,0.0,0.0,0.0,0.0,27.0,0.0,34.0,0.0,600.0,0.0,0.0,0.0,0.0,0.0,0.0,0.0,679.0,0.0,0.0,318.0,218.0,0.0,147.0,509.0,303.0,1.0,0.0,129.0,120.0,0.0
2021-01-29 09:00:00+00:00,216.0,700.0,117.0,143.0,110.0,366.0,145.0,0.0,257.0,0.0,0.0,0.0,0.0,0.0,0.0,0.0,0.0,0.0,57.0,0.0,572.0,0.0,0.0,0.0,0.0,0.0,0.0,0.0,682.0,0.0,0.0,264.0,305.0,0.0,217.0,436.0,276.0,2.0,0.0,38.0,126.0,0.0
2021-01-29 10:00:00+00:00,193.0,849.0,80.0,112.0,94.0,338.0,121.0,0.0,326.0,0.0,0.0,0.0,0.0,0.0,0.0,0.0,32.0,0.0,61.0,0.0,438.0,0.0,0.0,0.0,0.0,0.0,0.0,31.0,685.0,0.0,0.0,240.0,376.0,0.0,270.0,315.0,235.0,9.0,0.0,0.0,93.0,0.0
2021-01-29 11:00:00+00:00,250.0,840.0,46.0,92.0,58.0,315.0,116.0,0.0,297.0,0.0,0.0,0.0,0.0,0.0,0.0,0.0,32.0,0.0,63.0,0.0,392.0,0.0,0.0,0.0,0.0,0.0,0.0,30.0,685.0,0.0,0.0,256.0,392.0,0.0,271.0,342.0,187.0,14.0,0.0,0.0,101.0,0.0
2021-01-29 12:00:00+00:00,245.0,982.0,10.0,77.0,53.0,455.0,302.0,0.0,299.0,0.0,0.0,0.0,0.0,0.0,0.0,0.0,0.0,0.0,9.0,0.0,276.0,0.0,0.0,4.0,0.0,0.0,0.0,111.0,682.0,0.0,0.0,271.0,440.0,0.0,330.0,274.0,139.0,48.0,0.0,0.0,95.0,0.0
2021-01-29 13:00:00+00:00,261.0,850.0,11.0,88.0,19.0,427.0,266.0,0.0,254.0,0.0,0.0,0.0,0.0,0.0,0.0,0.0,34.0,0.0,9.0,0.0,406.0,0.0,0.0,0.0,0.0,0.0,0.0,77.0,679.0,0.0,0.0,303.0,426.0,0.0,299.0,307.0,162.0,66.0,0.0,0.0,74.0,0.0
2021-01-29 14:00:00+00:00,309.0,772.0,15.0,81.0,0.0,352.0,181.0,0.0,159.0,0.0,0.0,0.0,0.0,0.0,0.0,0.0,48.0,0.0,44.0,0.0,393.0,0.0,0.0,0.0,0.0,0.0,0.0,20.0,603.0,0.0,0.0,349.0,385.0,33.0,261.0,377.0,182.0,42.0,0.0,0.0,103.0,0.0
2021-01-29 15:00:00+00:00,316.0,715.0,27.0,132.0,12.0,354.0,109.0,0.0,91.0,0.0,0.0,0.0,0.0,0.0,0.0,0.0,73.0,0.0,56.0,0.0,422.0,1.0,0.0,0.0,0.0,0.0,0.0,0.0,601.0,0.0,0.0,360.0,319.0,0.0,214.0,468.0,160.0,27.0,0.0,71.0,120.0,0.0
2021-01-29 16:00:00+00:00,291.0,715.0,24.0,211.0,119.0,340.0,114.0,0.0,72.0,0.0,0.0,0.0,0.0,0.0,0.0,0.0,108.0,0.0,60.0,0.0,422.0,6.0,0.0,0.0,0.0,0.0,0.0,0.0,676.0,0.0,0.0,389.0,272.0,0.0,187.0,477.0,175.0,38.0,0.0,94.0,120.0,0.0
2021-01-29 17:00:00+00:00,255.0,789.0,38.0,226.0,158.0,301.0,117.0,0.0,72.0,0.0,0.0,0.0,0.0,0.0,0.0,0.0,130.0,0.0,37.0,0.0,422.0,0.0,0.0,0.0,0.0,0.0,0.0,0.0,685.0,0.0,0.0,389.0,298.0,0.0,218.0,424.0,193.0,16.0,0.0,44.0,118.0,0.0
2021-01-29 18:00:00+00:00,300.0,764.0,80.0,195.0,105.0,745.0,0.0,0.0,32.0,0.0,0.0,0.0,0.0,0.0,0.0,0.0,135.0,0.0,0.0,0.0,423.0,1.0,0.0,0.0,0.0,0.0,0.0,0.0,1183.0,104.0,118.0,392.0,257.0,0.0,182.0,379.0,154.0,4.0,0.0,41.0,86.0,0.0
2021-01-29 19:00:00+00:00,265.0,638.0,18.0,152.0,52.0,770.0,0.0,1.0,93.0,0.0,0.0,0.0,0.0,0.0,0.0,0.0,112.0,0.0,0.0,0.0,460.0,0.0,0.0,0.0,0.0,0.0,0.0,0.0,1445.0,125.0,41.0,377.0,173.0,0.0,119.0,431.0,92.0,46.0,0.0,61.0,40.0,0.0
2021-01-29 20:00:00+00:00,279.0,816.0,6.0,134.0,60.0,800.0,0.0,2.0,124.0,0.0,0.0,0.0,0.0,0.0,0.0,0.0,72.0,0.0,0.0,0.0,423.0,0.0,0.0,0.0,0.0,0.0,0.0,34.0,1458.0,121.0,54.0,273.0,201.0,0.0,161.0,310.0,66.0,71.0,0.0,0.0,73.0,0.0
2021-01-29 21:00:00+00:00,328.0,793.0,6.0,128.0,83.0,735.0,0.0,11.0,198.0,0.0,0.0,0.0,0.0,0.0,0.0,0.0,61.0,0.0,0.0,0.0,419.0,0.0,0.0,0.0,0.0,0.0,0.0,9.0,1468.0,117.0,127.0,244.0,217.0,0.0,184.0,214.0,51.0,105.0,0.0,0.0,95.0,0.0
2021-01-29 22:00:00+00:00,350.0,836.0,1.0,46.0,44.0,767.0,0.0,20.0,324.0,0.0,0.0,0.0,0.0,0.0,0.0,0.0,57.0,0.0,0.0,0.0,324.0,0.0,0.0,0.0,0.0,0.0,0.0,0.0,1474.0,96.0,115.0,317.0,207.0,0.0,181.0,135.0,18.0,126.0,0.0,15.0,35.0,0.0
2021-01-29 23:00:00+00:00,157.0,572.0,2.0,26.0,99.0,726.0,0.0,24.0,462.0,0.0,0.0,0.0,0.0,0.0,0.0,0.0,106.0,0.0,0.0,0.0,591.0,0.0,1.0,0.0,0.0,0.0,0.0,0.0,1462.0,88.0,168.0,80.0,105.0,0.0,116.0,166.0,15.0,145.0,0.0,52.0,73.0,0.0
2021-01-30 00:00:00+00:00,201.0,615.0,0.0,3.0,69.0,677.0,0.0,22.0,366.0,0.0,0.0,0.0,0.0,0.0,0.0,0.0,92.0,0.0,0.0,0.0,595.0,0.0,5.0,0.0,0.0,16.0,0.0,0.0,1464.0,97.0,210.0,0.0,154.0,0.0,146.0,115.0,16.0,161.0,0.0,31.0,47.0,0.0
2021-01-30 01:00:00+00:00,187.0,765.0,0.0,1.0,64.0,664.0,0.0,32.0,360.0,0.0,0.0,0.0,0.0,0.0,6.0,0.0,82.0,0.0,0.0,0.0,443.0,0.0,18.0,0.0,0.0,49.0,0.0,30.0,1459.0,102.0,207.0,0.0,253.0,0.0,209.0,0.0,7.0,159.0,19.0,0.0,3.0,0.0
2021-01-30 02:00:00+00:00,158.0,729.0,0.0,0.0,49.0,649.0,0.0,38.0,343.0,0.0,0.0,0.0,0.0,0.0,28.0,0.0,80.0,0.0,0.0,0.0,498.0,0.0,24.0,0.0,0.0,65.0,0.0,3.0,1459.0,107.0,222.0,0.0,263.0,0.0,200.0,4.0,4.0,144.0,11.0,0.0,0.0,0.0
2021-01-30 03:00:00+00:00,186.0,630.0,0.0,0.0,23.0,700.0,0.0,33.0,304.0,0.0,0.0,0.0,0.0,0.0,21.0,0.0,84.0,0.0,0.0,0.0,480.0,0.0,21.0,0.0,0.0,0.0,0.0,0.0,1462.0,95.0,173.0,41.0,214.0,0.0,153.0,72.0,7.0,135.0,0.0,63.0,0.0,0.0
2021-01-30 04:00:00+00:00,254.0,406.0,0.0,1.0,0.0,615.0,0.0,35.0,231.0,0.0,0.0,0.0,0.0,0.0,5.0,0.0,61.0,0.0,0.0,0.0,597.0,0.0,26.0,0.0,0.0,0.0,0.0,0.0,1467.0,106.0,177.0,79.0,138.0,35.0,71.0,272.0,8.0,182.0,0.0,212.0,4.0,0.0
2021-01-30 05:00:00+00:00,272.0,430.0,2.0,14.0,0.0,631.0,0.0,8.0,154.0,0.0,0.0,0.0,0.0,0.0,48.0,0.0,28.0,0.0,0.0,0.0,600.0,0.0,2.0,0.0,0.0,0.0,0.0,0.0,1467.0,117.0,176.0,189.0,205.0,35.0,109.0,242.0,48.0,98.0,0.0,213.0,0.0,0.0
2021-01-30 06:00:00+00:00,277.0,462.0,6.0,32.0,0.0,638.0,0.0,2.0,203.0,0.0,0.0,0.0,0.0,0.0,51.0,0.0,18.0,0.0,0.0,0.0,600.0,0.0,0.0,0.0,0.0,0.0,0.0,0.0,1466.0,129.0,156.0,412.0,218.0,7.0,110.0,262.0,95.0,74.0,0.0,120.0,0.0,0.0
2021-01-30 07:00:00+00:00,132.0,590.0,14.0,46.0,99.0,774.0,9.0,0.0,379.0,0.0,0.0,0.0,0.0,0.0,60.0,0.0,26.0,0.0,0.0,0.0,596.0,0.0,0.0,0.0,0.0,0.0,0.0,0.0,1465.0,187.0,0.0,486.0,214.0,0.0,119.0,266.0,135.0,49.0,0.0,23.0,0.0,0.0
2021-01-30 08:00:00+00:00,38.0,683.0,9.0,49.0,167.0,782.0,7.0,0.0,577.0,2.0,0.0,0.0,0.0,0.0,85.0,0.0,7.0,0.0,0.0,0.0,469.0,0.0,0.0,0.0,0.0,0.0,0.0,29.0,1467.0,199.0,0.0,330.0,218.0,0.0,136.0,183.0,108.0,47.0,0.0,0.0,0.0,0.0
2021-01-30 09:00:00+00:00,9.0,774.0,14.0,52.0,199.0,793.0,24.0,0.0,598.0,16.0,0.0,0.0,0.0,0.0,46.0,0.0,0.0,0.0,0.0,0.0,324.0,0.0,0.0,1.0,0.0,0.0,0.0,93.0,1468.0,200.0,0.0,271.0,246.0,0.0,169.0,84.0,119.0,51.0,0.0,0.0,0.0,0.0
2021-01-30 10:00:00+00:00,8.0,960.0,12.0,60.0,237.0,760.0,0.0,3.0,641.0,13.0,0.0,0.0,0.0,0.0,19.0,0.0,0.0,0.0,0.0,0.0,179.0,0.0,0.0,1.0,0.0,0.0,0.0,220.0,1470.0,167.0,22.0,201.0,317.0,0.0,234.0,0.0,68.0,49.0,28.0,0.0,0.0,0.0
2021-01-30 11:00:00+00:00,26.0,1185.0,2.0,49.0,256.0,763.0,0.0,11.0,684.0,3.0,0.0,0.0,0.0,0.0,5.0,0.0,0.0,0.0,0.0,0.0,2.0,0.0,0.0,0.0,0.0,0.0,0.0,311.0,1467.0,165.0,24.0,159.0,416.0,0.0,322.0,0.0,37.0,96.0,42.0,0.0,2.0,0.0
2021-01-30 12:00:00+00:00,29.0,1178.0,2.0,47.0,245.0,703.0,0.0,9.0,660.0,5.0,0.0,0.0,0.0,0.0,2.0,0.0,5.0,0.0,0.0,0.0,97.0,0.0,0.0,0.0,0.0,0.0,0.0,338.0,1466.0,132.0,80.0,123.0,450.0,0.0,347.0,0.0,48.0,94.0,52.0,0.0,9.0,0.0
2021-01-30 13:00:00+00:00,63.0,1078.0,1.0,71.0,226.0,645.0,0.0,6.0,566.0,0.0,0.0,0.0,0.0,0.0,1.0,0.0,1.0,0.0,0.0,0.0,220.0,0.0,0.0,0.0,0.0,0.0,0.0,317.0,1465.0,111.0,176.0,153.0,460.0,0.0,341.0,0.0,48.0,119.0,34.0,0.0,15.0,0.0
2021-01-30 14:00:00+00:00,153.0,908.0,1.0,95.0,172.0,660.0,0.0,1.0,383.0,0.0,0.0,0.0,0.0,0.0,0.0,0.0,13.0,0.0,0.0,0.0,285.0,0.0,0.0,0.0,0.0,0.0,0.0,221.0,1463.0,95.0,173.0,209.0,402.0,0.0,278.0,102.0,66.0,91.0,0.0,0.0,29.0,0.0
2021-01-30 15:00:00+00:00,204.0,905.0,9.0,186.0,258.0,654.0,0.0,0.0,297.0,0.0,0.0,0.0,0.0,0.0,0.0,0.0,46.0,0.0,0.0,0.0,194.0,0.0,0.0,0.0,0.0,0.0,0.0,199.0,1464.0,97.0,192.0,275.0,426.0,0.0,265.0,122.0,127.0,60.0,0.0,0.0,45.0,0.0
2021-01-30 16:00:00+00:00,186.0,836.0,85.0,295.0,355.0,640.0,0.0,0.0,156.0,0.0,0.0,0.0,0.0,0.0,0.0,0.0,98.0,0.0,0.0,0.0,315.0,0.0,0.0,0.0,0.0,0.0,0.0,207.0,1466.0,102.0,173.0,255.0,386.0,0.0,258.0,110.0,269.0,7.0,0.0,0.0,64.0,0.0
2021-01-30 17:00:00+00:00,189.0,812.0,157.0,314.0,354.0,669.0,0.0,0.0,73.0,0.0,0.0,0.0,0.0,0.0,0.0,0.0,121.0,0.0,0.0,0.0,441.0,0.0,0.0,0.0,0.0,0.0,0.0,213.0,1468.0,96.0,183.0,172.0,367.0,0.0,262.0,118.0,322.0,1.0,0.0,0.0,81.0,0.0
2021-01-30 18:00:00+00:00,198.0,790.0,154.0,304.0,305.0,592.0,0.0,0.0,45.0,0.0,0.0,0.0,0.0,0.0,0.0,0.0,113.0,0.0,0.0,0.0,491.0,2.0,0.0,0.0,0.0,0.0,0.0,184.0,1470.0,78.0,247.0,154.0,349.0,0.0,268.0,165.0,311.0,0.0,0.0,0.0,136.0,0.0
2021-01-30 19:00:00+00:00,200.0,732.0,134.0,267.0,237.0,638.0,0.0,0.0,10.0,0.0,0.0,0.0,0.0,0.0,0.0,0.0,86.0,0.0,0.0,0.0,547.0,23.0,0.0,0.0,0.0,0.0,0.0,238.0,1468.0,111.0,187.0,116.0,367.0,0.0,285.0,62.0,290.0,1.0,0.0,0.0,139.0,0.0
2021-01-30 20:00:00+00:00,194.0,784.0,74.0,209.0,206.0,674.0,0.0,0.0,61.0,0.0,0.0,0.0,0.0,0.0,0.0,0.0,54.0,0.0,0.0,0.0,492.0,0.0,0.0,0.0,0.0,0.0,0.0,287.0,1484.0,95.0,178.0,57.0,396.0,0.0,339.0,21.0,224.0,10.0,0.0,0.0,143.0,0.0
2021-01-30 21:00:00+00:00,176.0,810.0,73.0,219.0,257.0,607.0,0.0,0.0,137.0,0.0,0.0,0.0,0.0,0.0,0.0,0.0,30.0,0.0,0.0,0.0,466.0,0.0,0.0,0.0,0.0,23.0,0.0,335.0,1458.0,85.0,184.0,0.0,387.0,0.0,357.0,1.0,203.0,8.0,55.0,0.0,190.0,0.0
2021-01-30 22:00:00+00:00,245.0,755.0,70.0,208.0,253.0,510.0,0.0,0.0,134.0,0.0,0.0,0.0,0.0,0.0,0.0,0.0,76.0,0.0,0.0,0.0,438.0,0.0,0.0,0.0,0.0,70.0,0.0,359.0,1472.0,52.0,350.0,0.0,332.0,0.0,329.0,0.0,187.0,9.0,80.0,0.0,193.0,0.0
2021-01-30 23:00:00+00:00,411.0,628.0,119.0,234.0,235.0,578.0,0.0,0.0,15.0,0.0,0.0,0.0,0.0,0.0,0.0,0.0,101.0,0.0,0.0,0.0,303.0,64.0,0.0,0.0,0.0,104.0,0.0,308.0,1482.0,94.0,202.0,0.0,272.0,0.0,281.0,0.0,226.0,7.0,48.0,0.0,152.0,0.0
2021-01-31 00:00:00+00:00,382.0,733.0,124.0,210.0,251.0,513.0,0.0,0.0,2.0,0.0,0.0,0.0,0.0,0.0,0.0,0.0,86.0,0.0,0.0,0.0,228.0,74.0,0.0,0.0,0.0,130.0,0.0,372.0,1470.0,79.0,255.0,0.0,369.0,0.0,340.0,0.0,218.0,6.0,171.0,0.0,108.0,0.0
2021-01-31 01:00:00+00:00,363.0,821.0,88.0,130.0,177.0,597.0,0.0,0.0,6.0,0.0,0.0,0.0,0.0,0.0,0.0,0.0,75.0,0.0,0.0,0.0,152.0,21.0,0.0,0.0,0.0,202.0,0.0,403.0,1468.0,97.0,177.0,0.0,437.0,0.0,368.0,0.0,94.0,4.0,180.0,0.0,133.0,0.0
2021-01-31 02:00:00+00:00,348.0,791.0,48.0,100.0,141.0,577.0,0.0,1.0,22.0,0.0,0.0,0.0,0.0,0.0,0.0,0.0,71.0,0.0,0.0,0.0,230.0,14.0,0.0,0.0,0.0,238.0,0.0,401.0,1454.0,106.0,210.0,0.0,447.0,0.0,359.0,0.0,57.0,16.0,186.0,0.0,125.0,0.0
2021-01-31 03:00:00+00:00,388.0,779.0,117.0,57.0,93.0,606.0,0.0,33.0,39.0,0.0,0.0,0.0,0.0,0.0,0.0,0.0,73.0,0.0,0.0,0.0,80.0,1.0,0.0,0.0,0.0,158.0,0.0,329.0,1469.0,116.0,204.0,0.0,479.0,0.0,349.0,0.0,8.0,2.0,134.0,0.0,105.0,0.0
2021-01-31 04:00:00+00:00,373.0,781.0,34.0,50.0,86.0,594.0,0.0,5.0,45.0,0.0,0.0,0.0,0.0,0.0,0.0,0.0,84.0,0.0,0.0,0.0,2.0,5.0,0.0,0.0,0.0,94.0,0.0,300.0,1470.0,108.0,244.0,0.0,497.0,0.0,351.0,0.0,49.0,36.0,68.0,0.0,101.0,0.0
2021-01-31 05:00:00+00:00,402.0,793.0,9.0,55.0,52.0,490.0,0.0,1.0,38.0,0.0,0.0,0.0,0.0,0.0,0.0,0.0,98.0,0.0,0.0,0.0,95.0,14.0,0.0,0.0,0.0,0.0,0.0,315.0,1469.0,115.0,242.0,41.0,517.0,0.0,370.0,0.0,85.0,53.0,40.0,0.0,113.0,0.0
2021-01-31 06:00:00+00:00,276.0,699.0,6.0,110.0,69.0,443.0,0.0,3.0,2.0,0.0,0.0,0.0,0.0,0.0,0.0,0.0,119.0,0.0,0.0,0.0,228.0,54.0,0.0,0.0,0.0,0.0,0.0,305.0,1468.0,110.0,225.0,242.0,505.0,0.0,362.0,14.0,66.0,94.0,4.0,0.0,132.0,0.0
2021-01-31 07:00:00+00:00,269.0,682.0,2.0,113.0,66.0,362.0,0.0,0.0,5.0,0.0,0.0,0.0,0.0,0.0,0.0,0.0,98.0,0.0,0.0,0.0,152.0,22.0,0.0,0.0,0.0,0.0,0.0,208.0,1467.0,70.0,176.0,279.0,456.0,0.0,333.0,114.0,101.0,79.0,0.0,0.0,165.0,0.0
2021-01-31 08:00:00+00:00,250.0,646.0,18.0,145.0,125.0,420.0,0.0,0.0,36.0,0.0,0.0,0.0,0.0,0.0,0.0,0.0,88.0,0.0,0.0,0.0,151.0,1.0,0.0,0.0,0.0,0.0,0.0,190.0,1466.0,72.0,141.0,210.0,419.0,0.0,316.0,111.0,174.0,38.0,0.0,0.0,180.0,0.0
2021-01-31 09:00:00+00:00,108.0,901.0,122.0,192.0,265.0,404.0,0.0,0.0,145.0,0.0,0.0,0.0,0.0,0.0,0.0,0.0,96.0,0.0,0.0,0.0,151.0,0.0,0.0,0.0,0.0,0.0,0.0,270.0,1467.0,68.0,123.0,104.0,417.0,0.0,380.0,25.0,299.0,5.0,0.0,0.0,227.0,0.0
2021-01-31 10:00:00+00:00,38.0,1065.0,86.0,173.0,287.0,358.0,0.0,0.0,266.0,1.0,0.0,0.0,0.0,0.0,0.0,0.0,91.0,0.0,0.0,0.0,143.0,0.0,0.0,0.0,0.0,0.0,0.0,295.0,1469.0,71.0,168.0,2.0,411.0,0.0,409.0,16.0,261.0,4.0,15.0,0.0,235.0,0.0
2021-01-31 11:00:00+00:00,38.0,1108.0,70.0,141.0,236.0,420.0,0.0,0.0,288.0,2.0,0.0,0.0,0.0,0.0,0.0,0.0,86.0,0.0,0.0,0.0,142.0,0.0,0.0,0.0,0.0,0.0,0.0,329.0,1468.0,75.0,157.0,35.0,419.0,0.0,405.0,0.0,198.0,10.0,39.0,0.0,220.0,0.0
2021-01-31 12:00:00+00:00,63.0,1125.0,42.0,128.0,214.0,447.0,0.0,0.0,287.0,0.0,0.0,0.0,0.0,0.0,0.0,0.0,137.0,0.0,0.0,0.0,135.0,0.0,0.0,0.0,0.0,0.0,0.0,378.0,1468.0,71.0,162.0,30.0,477.0,0.0,425.0,0.0,183.0,14.0,99.0,0.0,206.0,0.0
2021-01-31 13:00:00+00:00,71.0,1124.0,30.0,99.0,192.0,466.0,0.0,0.0,333.0,0.0,0.0,0.0,0.0,0.0,0.0,0.0,131.0,0.0,0.0,0.0,102.0,0.0,0.0,0.0,0.0,0.0,0.0,419.0,1468.0,47.0,123.0,32.0,547.0,0.0,440.0,0.0,165.0,19.0,119.0,0.0,181.0,0.0
2021-01-31 14:00:00+00:00,129.0,994.0,37.0,113.0,161.0,493.0,0.0,0.0,250.0,0.0,0.0,0.0,0.0,0.0,0.0,0.0,99.0,0.0,0.0,0.0,112.0,0.0,0.0,0.0,0.0,0.0,0.0,403.0,1464.0,41.0,97.0,176.0,518.0,0.0,391.0,0.0,182.0,19.0,81.0,0.0,165.0,0.0
2021-01-31 15:00:00+00:00,113.0,819.0,18.0,147.0,184.0,463.0,0.0,0.0,253.0,0.0,0.0,0.0,0.0,0.0,0.0,0.0,73.0,0.0,0.0,0.0,209.0,0.0,0.0,0.0,0.0,0.0,0.0,337.0,1457.0,26.0,159.0,256.0,518.0,0.0,347.0,11.0,108.0,50.0,14.0,0.0,130.0,0.0
2021-01-31 16:00:00+00:00,100.0,734.0,42.0,258.0,294.0,481.0,0.0,0.0,143.0,0.0,0.0,0.0,0.0,0.0,0.0,0.0,70.0,0.0,0.0,0.0,289.0,0.0,0.0,0.0,0.0,0.0,0.0,296.0,1459.0,20.0,214.0,249.0,485.0,0.0,333.0,71.0,177.0,20.0,0.0,0.0,149.0,0.0
2021-01-31 17:00:00+00:00,84.0,685.0,73.0,293.0,336.0,457.0,0.0,0.0,112.0,0.0,0.0,0.0,0.0,0.0,0.0,0.0,93.0,0.0,3.0,0.0,358.0,0.0,0.0,0.0,0.0,0.0,0.0,319.0,1461.0,0.0,215.0,192.0,485.0,0.0,346.0,58.0,202.0,9.0,0.0,0.0,174.0,0.0
2021-01-31 18:00:00+00:00,11.0,779.0,48.0,294.0,359.0,470.0,0.0,0.0,169.0,11.0,0.0,0.0,0.0,0.0,0.0,0.0,97.0,0.0,0.0,0.0,472.0,0.0,0.0,0.0,0.0,0.0,0.0,346.0,1467.0,23.0,217.0,106.0,452.0,0.0,369.0,62.0,187.0,13.0,0.0,0.0,203.0,0.0
2021-01-31 19:00:00+00:00,34.0,690.0,95.0,233.0,258.0,504.0,0.0,0.0,149.0,3.0,0.0,0.0,0.0,0.0,0.0,0.0,81.0,0.0,0.0,0.0,587.0,0.0,0.0,0.0,0.0,0.0,0.0,320.0,1468.0,55.0,152.0,44.0,367.0,0.0,332.0,87.0,129.0,6.0,0.0,0.0,192.0,0.0
2021-01-31 20:00:00+00:00,47.0,814.0,34.0,213.0,258.0,400.0,0.0,0.0,188.0,1.0,0.0,0.0,0.0,0.0,0.0,0.0,57.0,0.0,0.0,0.0,599.0,0.0,0.0,0.0,0.0,58.0,0.0,397.0,1466.0,9.0,305.0,0.0,392.0,0.0,379.0,0.0,142.0,36.0,57.0,0.0,204.0,0.0
2021-01-31 21:00:00+00:00,20.0,845.0,24.0,204.0,305.0,435.0,0.0,0.0,291.0,8.0,0.0,0.0,0.0,0.0,0.0,0.0,15.0,0.0,0.0,0.0,553.0,0.0,0.0,0.0,0.0,90.0,0.0,476.0,1464.0,10.0,265.0,0.0,425.0,0.0,414.0,0.0,155.0,45.0,157.0,0.0,185.0,0.0
2021-01-31 22:00:00+00:00,31.0,808.0,162.0,182.0,334.0,496.0,0.0,2.0,372.0,1.0,0.0,0.0,0.0,0.0,0.0,0.0,54.0,0.0,0.0,0.0,599.0,0.0,0.0,0.0,0.0,194.0,0.0,475.0,1479.0,59.0,221.0,0.0,358.0,0.0,388.0,0.0,53.0,2.0,149.0,0.0,214.0,0.0
2021-01-31 23:00:00+00:00,82.0,1033.0,71.0,174.0,328.0,480.0,0.0,0.0,236.0,0.0,0.0,0.0,0.0,0.0,0.0,0.0,84.0,0.0,0.0,0.0,593.0,0.0,0.0,0.0,0.0,162.0,0.0,,1466.0,52.0,270.0,0.0,439.0,0.0,437.0,0.0,161.0,10.0,219.0,,171.0,0.0
2021-02-01 00:00:00+00:00,141.0,1094.0,79.0,167.0,299.0,466.0,0.0,0.0,115.0,0.0,0.0,0.0,0.0,0.0,0.0,0.0,75.0,0.0,0.0,0.0,552.0,0.0,0.0,0.0,0.0,252.0,0.0,,1465.0,58.0,259.0,0.0,512.0,0.0,460.0,0.0,163.0,7.0,255.0,,168.0,0.0
2021-02-01 01:00:00+00:00,215.0,1094.0,272.0,133.0,228.0,490.0,0.0,3.0,53.0,0.0,0.0,0.0,0.0,0.0,0.0,0.0,68.0,0.0,0.0,0.0,554.0,1.0,0.0,0.0,0.0,348.0,0.0,,1451.0,84.0,231.0,0.0,538.0,0.0,461.0,0.0,42.0,0.0,249.0,,166.0,0.0
2021-02-01 02:00:00+00:00,226.0,1119.0,342.0,123.0,213.0,422.0,0.0,17.0,36.0,0.0,0.0,0.0,0.0,0.0,0.0,0.0,67.0,0.0,0.0,0.0,508.0,1.0,0.0,0.0,0.0,369.0,0.0,,1468.0,82.0,384.0,0.0,572.0,0.0,473.0,0.0,21.0,0.0,316.0,,147.0,0.0
2021-02-01 03:00:00+00:00,212.0,1106.0,155.0,123.0,233.0,166.0,0.0,0.0,85.0,0.0,0.0,0.0,0.0,0.0,0.0,0.0,75.0,0.0,0.0,0.0,565.0,0.0,0.0,0.0,0.0,362.0,0.0,,1146.0,6.0,687.0,0.0,599.0,0.0,479.0,0.0,98.0,1.0,286.0,,145.0,0.0
2021-02-01 04:00:00+00:00,151.0,1117.0,26.0,118.0,229.0,0.0,0.0,0.0,166.0,0.0,0.0,0.0,0.0,0.0,0.0,0.0,103.0,89.0,34.0,0.0,599.0,0.0,0.0,0.0,0.0,325.0,0.0,,682.0,0.0,302.0,0.0,554.0,0.0,455.0,0.0,165.0,32.0,77.0,,157.0,0.0
2021-02-01 05:00:00+00:00,141.0,1254.0,42.0,169.0,235.0,0.0,0.0,0.0,122.0,0.0,0.0,0.0,0.0,0.0,0.0,0.0,98.0,69.0,51.0,0.0,600.0,0.0,0.0,0.0,0.0,108.0,0.0,419.0,618.0,0.0,314.0,0.0,636.0,0.0,525.0,18.0,209.0,22.0,15.0,0.0,189.0,0.0
2021-02-01 06:00:00+00:00,42.0,1405.0,45.0,134.0,231.0,56.0,0.0,0.0,217.0,1.0,0.0,0.0,0.0,0.0,0.0,0.0,110.0,0.0,22.0,0.0,585.0,0.0,0.0,0.0,0.0,0.0,0.0,383.0,609.0,0.0,227.0,84.0,628.0,0.0,528.0,112.0,227.0,14.0,0.0,0.0,227.0,0.0
2021-02-01 07:00:00+00:00,65.0,1320.0,47.0,170.0,249.0,194.0,0.0,0.0,194.0,0.0,0.0,0.0,0.0,0.0,0.0,0.0,160.0,0.0,0.0,0.0,600.0,2.0,0.0,0.0,0.0,0.0,0.0,309.0,610.0,20.0,82.0,122.0,544.0,0.0,460.0,174.0,232.0,11.0,0.0,0.0,211.0,0.0
2021-02-01 08:00:00+00:00,2.0,1318.0,33.0,159.0,275.0,212.0,0.0,0.0,380.0,95.0,0.0,0.0,0.0,0.0,0.0,0.0,128.0,0.0,0.0,0.0,599.0,0.0,0.0,0.0,0.0,0.0,0.0,299.0,610.0,10.0,75.0,166.0,489.0,0.0,437.0,171.0,167.0,11.0,0.0,0.0,198.0,0.0
2021-02-01 09:00:00+00:00,0.0,1362.0,14.0,118.0,218.0,239.0,0.0,0.0,414.0,106.0,0.0,0.0,0.0,0.0,0.0,0.0,112.0,0.0,0.0,0.0,561.0,0.0,0.0,0.0,0.0,0.0,0.0,350.0,610.0,6.0,54.0,166.0,491.0,0.0,453.0,97.0,156.0,52.0,0.0,0.0,173.0,0.0
2021-02-01 10:00:00+00:00,0.0,1389.0,12.0,97.0,178.0,641.0,0.0,0.0,374.0,69.0,0.0,0.0,0.0,0.0,0.0,0.0,98.0,0.0,0.0,0.0,502.0,0.0,0.0,0.0,0.0,0.0,0.0,327.0,1100.0,82.0,250.0,228.0,476.0,0.0,436.0,118.0,148.0,40.0,0.0,0.0,174.0,0.0
2021-02-01 11:00:00+00:00,0.0,1585.0,3.0,67.0,205.0,658.0,0.0,0.0,487.0,101.0,0.0,0.0,0.0,0.0,0.0,0.0,82.0,0.0,0.0,0.0,329.0,0.0,0.0,0.0,0.0,0.0,0.0,405.0,1365.0,68.0,196.0,290.0,574.0,0.0,494.0,45.0,125.0,69.0,0.0,0.0,177.0,0.0
2021-02-01 12:00:00+00:00,0.0,1587.0,2.0,63.0,202.0,572.0,0.0,0.0,501.0,77.0,0.0,0.0,0.0,0.0,0.0,0.0,47.0,0.0,0.0,0.0,319.0,0.0,0.0,0.0,0.0,0.0,0.0,400.0,1051.0,80.0,229.0,305.0,605.0,0.0,504.0,50.0,106.0,90.0,0.0,0.0,171.0,0.0
2021-02-01 13:00:00+00:00,13.0,1534.0,19.0,68.0,174.0,195.0,0.0,0.0,434.0,5.0,0.0,0.0,0.0,0.0,0.0,0.0,38.0,0.0,0.0,0.0,345.0,0.0,0.0,0.0,0.0,0.0,0.0,382.0,661.0,20.0,58.0,301.0,621.0,0.0,483.0,28.0,95.0,31.0,1.0,0.0,127.0,0.0
2021-02-01 14:00:00+00:00,85.0,1325.0,27.0,93.0,143.0,163.0,0.0,0.0,274.0,0.0,0.0,0.0,0.0,0.0,0.0,0.0,53.0,0.0,5.0,0.0,489.0,0.0,0.0,0.0,0.0,0.0,0.0,314.0,609.0,0.0,84.0,277.0,591.0,0.0,438.0,103.0,175.0,22.0,0.0,0.0,136.0,0.0
2021-02-01 15:00:00+00:00,121.0,1215.0,5.0,100.0,145.0,225.0,0.0,2.0,258.0,0.0,0.0,0.0,0.0,0.0,0.0,0.0,83.0,0.0,22.0,0.0,515.0,0.0,0.0,0.0,0.0,0.0,0.0,201.0,607.0,0.0,91.0,264.0,548.0,0.0,391.0,223.0,60.0,80.0,0.0,0.0,150.0,0.0
2021-02-01 16:00:00+00:00,171.0,1144.0,4.0,142.0,152.0,240.0,0.0,2.0,197.0,0.0,0.0,0.0,0.0,0.0,0.0,0.0,118.0,0.0,7.0,0.0,408.0,0.0,0.0,0.0,0.0,0.0,0.0,126.0,608.0,0.0,52.0,360.0,495.0,0.0,343.0,324.0,49.0,100.0,0.0,0.0,176.0,0.0
2021-02-01 17:00:00+00:00,129.0,1218.0,7.0,170.0,196.0,208.0,0.0,1.0,158.0,0.0,0.0,0.0,0.0,0.0,0.0,0.0,134.0,0.0,0.0,0.0,409.0,0.0,0.0,0.0,0.0,0.0,0.0,123.0,607.0,22.0,67.0,328.0,502.0,0.0,369.0,350.0,89.0,66.0,0.0,0.0,197.0,0.0
2021-02-01 18:00:00+00:00,115.0,1229.0,17.0,158.0,172.0,458.0,0.0,0.0,136.0,0.0,0.0,0.0,0.0,0.0,0.0,0.0,134.0,0.0,0.0,0.0,594.0,0.0,0.0,0.0,0.0,0.0,0.0,109.0,1101.0,91.0,363.0,285.0,463.0,0.0,365.0,379.0,108.0,40.0,0.0,0.0,212.0,0.0
2021-02-01 19:00:00+00:00,64.0,1287.0,58.0,174.0,232.0,468.0,0.0,0.0,177.0,0.0,0.0,0.0,0.0,0.0,0.0,0.0,113.0,0.0,0.0,0.0,600.0,0.0,0.0,0.0,0.0,0.0,0.0,215.0,1368.0,59.0,404.0,191.0,499.0,0.0,408.0,233.0,168.0,16.0,0.0,0.0,190.0,0.0
2021-02-01 20:00:00+00:00,26.0,1275.0,43.0,164.0,255.0,608.0,0.0,0.0,259.0,4.0,0.0,0.0,0.0,0.0,0.0,0.0,106.0,0.0,0.0,0.0,600.0,0.0,0.0,0.0,0.0,0.0,0.0,273.0,1374.0,95.0,227.0,83.0,483.0,0.0,413.0,153.0,171.0,24.0,0.0,0.0,204.0,0.0
2021-02-01 21:00:00+00:00,81.0,1175.0,19.0,146.0,220.0,516.0,0.0,0.0,277.0,0.0,0.0,0.0,0.0,0.0,0.0,0.0,94.0,0.0,0.0,0.0,600.0,0.0,0.0,0.0,0.0,0.0,0.0,264.0,1375.0,79.0,319.0,48.0,475.0,0.0,387.0,86.0,131.0,45.0,0.0,0.0,177.0,0.0
2021-02-01 22:00:00+00:00,119.0,1179.0,20.0,117.0,173.0,451.0,0.0,0.0,251.0,0.0,0.0,0.0,0.0,0.0,0.0,0.0,88.0,0.0,0.0,0.0,600.0,0.0,0.0,0.0,0.0,0.0,0.0,254.0,1375.0,83.0,394.0,8.0,440.0,0.0,392.0,60.0,103.0,38.0,0.0,0.0,189.0,0.0
2021-02-01 23:00:00+00:00,288.0,1199.0,47.0,139.0,116.0,503.0,0.0,0.0,55.0,0.0,0.0,0.0,0.0,0.0,0.0,0.0,80.0,0.0,0.0,0.0,600.0,78.0,0.0,0.0,0.0,0.0,0.0,214.0,1378.0,132.0,308.0,62.0,411.0,0.0,352.0,50.0,155.0,37.0,0.0,0.0,160.0,0.0
2021-02-02 00:00:00+00:00,381.0,1145.0,37.0,136.0,90.0,520.0,0.0,0.0,0.0,0.0,0.0,0.0,0.0,0.0,0.0,0.0,90.0,0.0,0.0,0.0,583.0,139.0,0.0,0.0,0.0,0.0,0.0,219.0,1378.0,141.0,311.0,46.0,423.0,0.0,349.0,9.0,163.0,23.0,4.0,0.0,137.0,0.0
2021-02-02 01:00:00+00:00,361.0,1155.0,32.0,102.0,61.0,508.0,0.0,0.0,0.0,0.0,0.0,0.0,0.0,0.0,0.0,0.0,84.0,0.0,0.0,0.0,583.0,122.0,0.0,0.0,0.0,27.0,0.0,204.0,1378.0,145.0,264.0,0.0,445.0,0.0,359.0,13.0,151.0,29.0,0.0,0.0,133.0,0.0
2021-02-02 02:00:00+00:00,391.0,1128.0,19.0,72.0,3.0,438.0,0.0,0.0,0.0,0.0,0.0,0.0,0.0,0.0,0.0,0.0,79.0,0.0,0.0,0.0,546.0,141.0,0.0,0.0,0.0,0.0,0.0,202.0,1366.0,157.0,346.0,5.0,471.0,0.0,348.0,0.0,133.0,43.0,25.0,0.0,91.0,0.0
2021-02-02 03:00:00+00:00,481.0,1058.0,31.0,72.0,0.0,287.0,0.0,0.0,0.0,0.0,0.0,0.0,0.0,0.0,0.0,0.0,55.0,0.0,0.0,0.0,498.0,203.0,0.0,0.0,0.0,0.0,0.0,116.0,1219.0,130.0,468.0,109.0,433.0,28.0,304.0,95.0,119.0,30.0,0.0,0.0,107.0,0.0
2021-02-02 04:00:00+00:00,513.0,960.0,9.0,74.0,0.0,0.0,0.0,0.0,0.0,0.0,0.0,0.0,0.0,0.0,0.0,0.0,46.0,347.0,14.0,0.0,514.0,240.0,0.0,0.0,0.0,0.0,0.0,8.0,858.0,0.0,477.0,245.0,422.0,72.0,272.0,254.0,115.0,82.0,0.0,0.0,85.0,0.0
2021-02-02 05:00:00+00:00,451.0,1036.0,20.0,103.0,0.0,0.0,0.0,0.0,0.0,0.0,0.0,0.0,0.0,0.0,0.0,0.0,26.0,223.0,18.0,0.0,595.0,170.0,0.0,0.0,0.0,0.0,0.0,60.0,820.0,0.0,630.0,348.0,421.0,21.0,285.0,349.0,146.0,35.0,0.0,0.0,100.0,0.0
2021-02-02 06:00:00+00:00,360.0,889.0,32.0,127.0,19.0,0.0,0.0,0.0,0.0,0.0,0.0,0.0,0.0,0.0,0.0,0.0,63.0,19.0,0.0,0.0,525.0,110.0,0.0,0.0,0.0,0.0,0.0,0.0,809.0,12.0,492.0,328.0,334.0,0.0,238.0,486.0,175.0,26.0,0.0,16.0,185.0,0.0
2021-02-02 07:00:00+00:00,340.0,849.0,37.0,145.0,31.0,70.0,0.0,0.0,1.0,0.0,0.0,0.0,0.0,0.0,0.0,0.0,64.0,0.0,0.0,0.0,451.0,62.0,0.0,0.0,0.0,0.0,0.0,0.0,805.0,24.0,449.0,303.0,308.0,0.0,204.0,551.0,178.0,14.0,0.0,96.0,190.0,0.0
2021-02-02 08:00:00+00:00,276.0,941.0,26.0,123.0,74.0,169.0,0.0,0.0,93.0,0.0,0.0,0.0,0.0,0.0,0.0,0.0,39.0,0.0,0.0,0.0,470.0,0.0,0.0,0.0,0.0,0.0,0.0,0.0,804.0,54.0,291.0,308.0,357.0,0.0,238.0,461.0,175.0,22.0,0.0,19.0,177.0,0.0
2021-02-02 09:00:00+00:00,268.0,1031.0,36.0,103.0,84.0,181.0,0.0,0.0,175.0,0.0,0.0,0.0,0.0,0.0,0.0,0.0,30.0,0.0,0.0,0.0,491.0,0.0,0.0,0.0,0.0,0.0,0.0,40.0,805.0,47.0,302.0,298.0,392.0,0.0,279.0,365.0,189.0,16.0,0.0,0.0,137.0,0.0
2021-02-02 10:00:00+00:00,255.0,1121.0,37.0,86.0,81.0,553.0,0.0,0.0,190.0,0.0,0.0,0.0,0.0,0.0,0.0,0.0,0.0,0.0,0.0,0.0,362.0,0.0,0.0,2.0,0.0,0.0,0.0,89.0,1278.0,126.0,276.0,294.0,424.0,0.0,300.0,312.0,164.0,12.0,0.0,0.0,126.0,0.0
2021-02-02 11:00:00+00:00,283.0,936.0,30.0,101.0,64.0,601.0,0.0,0.0,160.0,0.0,0.0,0.0,0.0,0.0,0.0,0.0,1.0,0.0,0.0,0.0,376.0,0.0,0.0,0.0,0.0,0.0,0.0,19.0,1373.0,108.0,263.0,274.0,355.0,0.0,247.0,406.0,177.0,13.0,0.0,0.0,145.0,0.0
2021-02-02 12:00:00+00:00,306.0,1039.0,15.0,87.0,61.0,539.0,0.0,0.0,167.0,0.0,0.0,0.0,0.0,0.0,0.0,0.0,10.0,0.0,0.0,0.0,293.0,0.0,0.0,0.0,0.0,0.0,0.0,100.0,1214.0,102.0,300.0,269.0,404.0,0.0,286.0,287.0,166.0,42.0,0.0,0.0,109.0,0.0
2021-02-02 13:00:00+00:00,353.0,873.0,30.0,95.0,6.0,122.0,0.0,0.0,55.0,0.0,0.0,0.0,0.0,0.0,0.0,0.0,10.0,0.0,0.0,0.0,494.0,2.0,0.0,0.0,0.0,0.0,0.0,52.0,858.0,27.0,342.0,283.0,375.0,0.0,241.0,304.0,166.0,40.0,0.0,0.0,76.0,0.0
2021-02-02 14:00:00+00:00,444.0,714.0,44.0,124.0,0.0,143.0,0.0,0.0,0.0,0.0,0.0,0.0,0.0,0.0,0.0,0.0,40.0,0.0,8.0,0.0,538.0,128.0,0.0,0.0,0.0,0.0,0.0,0.0,806.0,0.0,365.0,292.0,328.0,29.0,187.0,393.0,203.0,13.0,0.0,27.0,88.0,0.0
2021-02-02 15:00:00+00:00,494.0,554.0,64.0,170.0,0.0,176.0,0.0,0.0,0.0,0.0,0.0,0.0,0.0,0.0,0.0,0.0,76.0,0.0,1.0,0.0,599.0,240.0,0.0,0.0,0.0,0.0,0.0,0.0,806.0,0.0,334.0,307.0,265.0,13.0,126.0,434.0,186.0,8.0,0.0,92.0,57.0,0.0
2021-02-02 16:00:00+00:00,438.0,550.0,102.0,200.0,10.0,265.0,0.0,0.0,0.0,0.0,0.0,0.0,0.0,0.0,0.0,0.0,110.0,0.0,0.0,0.0,600.0,238.0,0.0,0.0,0.0,0.0,0.0,0.0,836.0,16.0,219.0,313.0,223.0,0.0,109.0,520.0,217.0,3.0,0.0,164.0,81.0,0.0
2021-02-02 17:00:00+00:00,392.0,654.0,81.0,214.0,53.0,178.0,0.0,0.0,0.0,0.0,0.0,0.0,0.0,0.0,0.0,0.0,134.0,0.0,0.0,0.0,600.0,237.0,0.0,0.0,0.0,0.0,0.0,0.0,809.0,19.0,318.0,271.0,231.0,0.0,137.0,510.0,251.0,6.0,0.0,137.0,104.0,0.0
2021-02-02 18:00:00+00:00,415.0,606.0,94.0,182.0,2.0,543.0,0.0,0.0,0.0,0.0,0.0,0.0,0.0,0.0,0.0,0.0,132.0,0.0,0.0,0.0,600.0,271.0,0.0,0.0,0.0,0.0,0.0,0.0,1264.0,139.0,302.0,259.0,191.0,0.0,109.0,499.0,218.0,3.0,0.0,136.0,85.0,0.0
2021-02-02 19:00:00+00:00,388.0,547.0,82.0,140.0,0.0,587.0,0.0,0.0,0.0,0.0,0.0,0.0,0.0,0.0,0.0,0.0,109.0,0.0,0.0,0.0,600.0,220.0,0.0,0.0,0.0,0.0,0.0,0.0,1380.0,150.0,250.0,235.0,158.0,40.0,89.0,460.0,210.0,6.0,0.0,123.0,75.0,0.0
2021-02-02 20:00:00+00:00,409.0,622.0,53.0,125.0,0.0,577.0,0.0,0.0,0.0,0.0,0.0,0.0,0.0,0.0,0.0,0.0,71.0,0.0,0.0,0.0,577.0,209.0,0.0,0.0,0.0,0.0,0.0,0.0,1377.0,119.0,248.0,164.0,189.0,55.0,121.0,367.0,179.0,17.0,0.0,67.0,70.0,0.0
2021-02-02 21:00:00+00:00,467.0,557.0,25.0,116.0,0.0,592.0,0.0,0.0,0.0,0.0,0.0,0.0,0.0,0.0,0.0,0.0,24.0,0.0,0.0,0.0,599.0,188.0,0.0,0.0,0.0,0.0,0.0,0.0,1378.0,115.0,226.0,213.0,160.0,75.0,103.0,365.0,153.0,36.0,0.0,94.0,98.0,0.0
2021-02-02 22:00:00+00:00,514.0,608.0,60.0,103.0,0.0,478.0,0.0,0.0,0.0,0.0,0.0,0.0,0.0,0.0,0.0,0.0,0.0,0.0,0.0,0.0,600.0,232.0,0.0,1.0,0.0,0.0,0.0,0.0,1378.0,113.0,197.0,155.0,160.0,98.0,134.0,323.0,161.0,14.0,0.0,117.0,88.0,0.0
2021-02-02 23:00:00+00:00,630.0,849.0,98.0,128.0,0.0,547.0,0.0,0.0,0.0,0.0,0.0,0.0,0.0,0.0,0.0,0.0,1.0,0.0,0.0,0.0,600.0,368.0,0.0,0.0,0.0,0.0,0.0,13.0,1377.0,125.0,288.0,89.0,263.0,80.0,243.0,202.0,242.0,6.0,0.0,0.0,158.0,0.0
2021-02-03 00:00:00+00:00,644.0,901.0,89.0,126.0,0.0,535.0,0.0,0.0,0.0,0.0,0.0,0.0,0.0,0.0,0.0,0.0,28.0,0.0,0.0,0.0,600.0,356.0,0.0,0.0,0.0,0.0,0.0,82.0,1378.0,122.0,330.0,62.0,330.0,51.0,284.0,104.0,251.0,4.0,0.0,0.0,150.0,0.0
2021-02-03 01:00:00+00:00,676.0,888.0,70.0,116.0,0.0,491.0,0.0,0.0,0.0,0.0,0.0,0.0,0.0,0.0,0.0,0.0,77.0,0.0,0.0,0.0,600.0,400.0,0.0,0.0,0.0,0.0,0.0,63.0,1378.0,135.0,303.0,26.0,358.0,69.0,289.0,88.0,241.0,7.0,0.0,0.0,119.0,0.0
2021-02-03 02:00:00+00:00,684.0,924.0,126.0,98.0,0.0,459.0,0.0,0.0,0.0,0.0,0.0,0.0,0.0,0.0,0.0,0.0,77.0,0.0,0.0,0.0,600.0,429.0,0.0,0.0,0.0,0.0,0.0,70.0,1375.0,149.0,324.0,66.0,417.0,105.0,317.0,77.0,188.0,2.0,0.0,0.0,112.0,0.0
2021-02-03 03:00:00+00:00,695.0,858.0,149.0,87.0,0.0,339.0,0.0,0.0,0.0,0.0,0.0,0.0,0.0,0.0,0.0,0.0,50.0,0.0,0.0,0.0,600.0,439.0,0.0,0.0,0.0,0.0,0.0,18.0,1049.0,152.0,399.0,144.0,417.0,131.0,293.0,128.0,152.0,2.0,0.0,0.0,84.0,0.0
2021-02-03 04:00:00+00:00,731.0,629.0,61.0,93.0,0.0,0.0,0.0,0.0,0.0,0.0,0.0,0.0,0.0,0.0,0.0,0.0,20.0,148.0,0.0,0.0,600.0,490.0,0.0,0.0,0.0,0.0,0.0,0.0,653.0,64.0,227.0,234.0,300.0,172.0,183.0,371.0,206.0,11.0,0.0,115.0,145.0,0.0
2021-02-03 05:00:00+00:00,677.0,728.0,75.0,90.0,0.0,0.0,0.0,0.0,0.0,0.0,0.0,0.0,0.0,0.0,0.0,0.0,21.0,102.0,0.0,0.0,600.0,473.0,0.0,0.0,0.0,0.0,0.0,0.0,608.0,37.0,284.0,363.0,350.0,198.0,216.0,378.0,206.0,13.0,0.0,58.0,148.0,0.0
2021-02-03 06:00:00+00:00,543.0,730.0,61.0,118.0,0.0,0.0,0.0,0.0,0.0,0.0,0.0,0.0,0.0,0.0,0.0,0.0,55.0,5.0,0.0,0.0,599.0,301.0,0.0,0.0,0.0,0.0,0.0,0.0,633.0,49.0,287.0,381.0,351.0,85.0,225.0,452.0,222.0,11.0,0.0,56.0,160.0,0.0
2021-02-03 07:00:00+00:00,520.0,811.0,102.0,224.0,16.0,40.0,0.0,0.0,0.0,0.0,0.0,0.0,0.0,0.0,0.0,0.0,45.0,0.0,0.0,0.0,554.0,327.0,0.0,0.0,0.0,0.0,0.0,0.0,631.0,49.0,209.0,282.0,373.0,0.0,257.0,437.0,267.0,2.0,0.0,17.0,167.0,0.0
2021-02-03 08:00:00+00:00,488.0,893.0,98.0,219.0,45.0,55.0,0.0,0.0,0.0,0.0,0.0,0.0,0.0,0.0,0.0,0.0,9.0,0.0,0.0,0.0,558.0,218.0,0.0,0.0,0.0,0.0,0.0,26.0,632.0,52.0,192.0,271.0,372.0,0.0,277.0,383.0,282.0,3.0,0.0,0.0,159.0,0.0
2021-02-03 09:00:00+00:00,396.0,1189.0,132.0,213.0,132.0,11.0,0.0,0.0,1.0,0.0,0.0,0.0,0.0,0.0,0.0,0.0,0.0,0.0,0.0,0.0,471.0,45.0,0.0,1.0,0.0,0.0,0.0,187.0,633.0,45.0,235.0,258.0,489.0,0.0,389.0,190.0,308.0,2.0,0.0,0.0,172.0,0.0
2021-02-03 10:00:00+00:00,357.0,1272.0,96.0,167.0,119.0,502.0,0.0,0.0,53.0,0.0,0.0,0.0,0.0,0.0,0.0,0.0,27.0,0.0,0.0,0.0,502.0,2.0,0.0,0.0,0.0,0.0,0.0,252.0,1124.0,121.0,312.0,194.0,580.0,0.0,449.0,112.0,253.0,2.0,0.0,0.0,162.0,0.0
2021-02-03 11:00:00+00:00,374.0,1310.0,106.0,131.0,87.0,546.0,0.0,0.0,80.0,0.0,0.0,0.0,0.0,0.0,0.0,0.0,61.0,0.0,0.0,0.0,426.0,0.0,0.0,0.0,0.0,0.0,0.0,252.0,1391.0,124.0,234.0,275.0,622.0,0.0,465.0,63.0,213.0,3.0,0.0,0.0,154.0,0.0
2021-02-03 12:00:00+00:00,362.0,1316.0,100.0,109.0,63.0,474.0,0.0,0.0,80.0,0.0,0.0,0.0,0.0,0.0,0.0,0.0,73.0,0.0,0.0,0.0,280.0,0.0,0.0,0.0,0.0,0.0,0.0,332.0,1073.0,136.0,307.0,295.0,659.0,0.0,489.0,1.0,240.0,3.0,10.0,0.0,108.0,0.0
2021-02-03 13:00:00+00:00,447.0,1216.0,116.0,118.0,9.0,30.0,0.0,0.0,7.0,0.0,0.0,0.0,0.0,0.0,0.0,0.0,55.0,0.0,0.0,0.0,303.0,55.0,0.0,0.0,0.0,0.0,0.0,359.0,686.0,82.0,155.0,315.0,653.0,0.0,458.0,18.0,258.0,3.0,0.0,0.0,95.0,0.0
2021-02-03 14:00:00+00:00,504.0,1040.0,93.0,97.0,0.0,49.0,0.0,0.0,0.0,0.0,0.0,0.0,0.0,0.0,0.0,0.0,29.0,0.0,0.0,0.0,412.0,147.0,0.0,0.0,0.0,0.0,0.0,256.0,635.0,78.0,152.0,356.0,607.0,77.0,397.0,110.0,241.0,2.0,0.0,0.0,69.0,0.0
2021-02-03 15:00:00+00:00,580.0,796.0,115.0,103.0,0.0,49.0,0.0,0.0,0.0,0.0,0.0,0.0,0.0,0.0,0.0,0.0,67.0,0.0,0.0,0.0,558.0,321.0,0.0,0.0,0.0,0.0,0.0,78.0,635.0,64.0,200.0,383.0,479.0,151.0,291.0,309.0,218.0,2.0,0.0,0.0,78.0,0.0
2021-02-03 16:00:00+00:00,486.0,762.0,146.0,247.0,26.0,0.0,0.0,0.0,0.0,0.0,0.0,0.0,0.0,0.0,0.0,0.0,100.0,29.0,0.0,0.0,599.0,351.0,0.0,0.0,0.0,0.0,0.0,10.0,635.0,76.0,257.0,298.0,414.0,0.0,285.0,405.0,291.0,1.0,0.0,0.0,152.0,0.0
2021-02-03 17:00:00+00:00,465.0,856.0,154.0,249.0,55.0,0.0,0.0,0.0,0.0,0.0,0.0,0.0,0.0,0.0,0.0,0.0,128.0,29.0,0.0,0.0,601.0,334.0,0.0,0.0,0.0,0.0,0.0,21.0,635.0,88.0,233.0,275.0,398.0,0.0,299.0,405.0,301.0,1.0,0.0,0.0,188.0,0.0
2021-02-03 18:00:00+00:00,446.0,992.0,156.0,246.0,67.0,526.0,0.0,0.0,0.0,0.0,0.0,0.0,0.0,0.0,0.0,0.0,124.0,0.0,0.0,0.0,600.0,325.0,0.0,0.0,0.0,0.0,0.0,108.0,1127.0,144.0,269.0,257.0,445.0,0.0,354.0,301.0,302.0,1.0,0.0,0.0,218.0,0.0
2021-02-03 19:00:00+00:00,453.0,785.0,139.0,226.0,12.0,655.0,0.0,0.0,0.0,0.0,0.0,0.0,0.0,0.0,0.0,0.0,109.0,0.0,0.0,0.0,594.0,355.0,0.0,0.0,0.0,0.0,0.0,,1398.0,136.0,168.0,198.0,375.0,0.0,303.0,326.0,262.0,1.0,0.0,,197.0,0.0
2021-02-03 20:00:00+00:00,432.0,796.0,111.0,182.0,0.0,563.0,0.0,0.0,0.0,0.0,0.0,0.0,0.0,0.0,0.0,0.0,74.0,0.0,0.0,0.0,600.0,309.0,0.0,0.0,0.0,0.0,0.0,120.0,1406.0,125.0,232.0,162.0,418.0,29.0,325.0,242.0,259.0,2.0,0.0,0.0,195.0,0.0
2021-02-03 21:00:00+00:00,456.0,881.0,86.0,182.0,0.0,113.0,0.0,0.0,0.0,0.0,0.0,0.0,0.0,0.0,0.0,0.0,31.0,0.0,0.0,0.0,595.0,278.0,0.0,0.0,0.0,0.0,0.0,164.0,1405.0,62.0,123.0,82.0,441.0,17.0,356.0,188.0,254.0,8.0,0.0,0.0,235.0,0.0
2021-02-03 22:00:00+00:00,518.0,890.0,98.0,177.0,0.0,177.0,0.0,0.0,0.0,0.0,0.0,0.0,0.0,0.0,0.0,0.0,53.0,0.0,0.0,0.0,491.0,355.0,0.0,0.0,0.0,0.0,0.0,149.0,1405.0,81.0,46.0,54.0,400.0,26.0,354.0,167.0,235.0,3.0,0.0,0.0,232.0,0.0
2021-02-03 23:00:00+00:00,490.0,872.0,95.0,170.0,0.0,481.0,0.0,0.0,0.0,0.0,0.0,0.0,0.0,0.0,0.0,0.0,100.0,0.0,0.0,0.0,335.0,389.0,0.0,0.0,0.0,4.0,0.0,129.0,1406.0,122.0,254.0,0.0,339.0,2.0,306.0,119.0,218.0,5.0,0.0,0.0,225.0,0.0
2021-02-04 00:00:00+00:00,429.0,1068.0,163.0,102.0,0.0,521.0,0.0,0.0,0.0,0.0,0.0,0.0,0.0,0.0,0.0,0.0,88.0,0.0,0.0,0.0,245.0,264.0,0.0,0.0,0.0,0.0,0.0,219.0,1406.0,133.0,283.0,15.0,477.0,17.0,391.0,6.0,117.0,1.0,22.0,0.0,196.0,0.0
2021-02-04 01:00:00+00:00,392.0,1185.0,206.0,88.0,0.0,531.0,0.0,0.0,0.0,0.0,0.0,0.0,0.0,0.0,0.0,0.0,78.0,0.0,0.0,0.0,265.0,242.0,0.0,0.0,0.0,9.0,0.0,290.0,1403.0,140.0,274.0,0.0,533.0,2.0,430.0,0.0,89.0,0.0,119.0,0.0,167.0,0.0
2021-02-04 02:00:00+00:00,369.0,1162.0,234.0,87.0,0.0,481.0,0.0,0.0,0.0,0.0,0.0,0.0,0.0,0.0,0.0,0.0,77.0,0.0,0.0,0.0,375.0,220.0,0.0,0.0,0.0,0.0,0.0,332.0,1407.0,144.0,318.0,17.0,558.0,7.0,431.0,0.0,63.0,0.0,199.0,0.0,128.0,0.0
2021-02-04 03:00:00+00:00,393.0,1146.0,217.0,64.0,0.0,333.0,0.0,3.0,0.0,0.0,0.0,0.0,0.0,0.0,0.0,0.0,82.0,0.0,0.0,0.0,376.0,237.0,0.0,0.0,0.0,0.0,0.0,320.0,1082.0,153.0,388.0,50.0,583.0,45.0,424.0,0.0,45.0,0.0,202.0,0.0,97.0,0.0
2021-02-04 04:00:00+00:00,500.0,915.0,212.0,58.0,0.0,0.0,0.0,3.0,0.0,0.0,0.0,0.0,0.0,0.0,0.0,0.0,109.0,259.0,0.0,0.0,311.0,368.0,0.0,0.0,0.0,0.0,0.0,106.0,689.0,15.0,384.0,145.0,465.0,154.0,311.0,67.0,45.0,0.0,0.0,0.0,107.0,0.0
2021-02-04 05:00:00+00:00,523.0,776.0,120.0,180.0,0.0,0.0,0.0,0.0,0.0,0.0,0.0,0.0,0.0,0.0,0.0,0.0,83.0,130.0,0.0,0.0,591.0,498.0,0.0,0.0,0.0,0.0,0.0,67.0,637.0,8.0,346.0,145.0,408.0,65.0,293.0,259.0,280.0,2.0,0.0,0.0,153.0,0.0
2021-02-04 06:00:00+00:00,418.0,885.0,147.0,250.0,88.0,0.0,0.0,0.0,0.0,0.0,0.0,0.0,0.0,0.0,0.0,0.0,80.0,171.0,16.0,0.0,600.0,354.0,0.0,0.0,0.0,0.0,0.0,106.0,638.0,0.0,501.0,161.0,411.0,0.0,309.0,260.0,359.0,2.0,0.0,0.0,150.0,0.0
2021-02-04 07:00:00+00:00,404.0,1140.0,174.0,314.0,196.0,0.0,0.0,0.0,0.0,0.0,0.0,0.0,0.0,0.0,0.0,0.0,39.0,169.0,42.0,0.0,600.0,330.0,0.0,0.0,0.0,0.0,0.0,227.0,639.0,0.0,501.0,114.0,481.0,0.0,393.0,105.0,351.0,0.0,0.0,0.0,104.0,0.0
2021-02-04 08:00:00+00:00,425.0,1208.0,228.0,314.0,213.0,0.0,0.0,0.0,0.0,0.0,0.0,0.0,0.0,0.0,0.0,0.0,9.0,90.0,7.0,0.0,600.0,300.0,0.0,0.0,0.0,0.0,0.0,346.0,638.0,0.0,406.0,43.0,469.0,0.0,408.0,0.0,314.0,0.0,59.0,0.0,69.0,0.0
2021-02-04 09:00:00+00:00,365.0,1377.0,173.0,322.0,302.0,0.0,0.0,0.0,0.0,0.0,0.0,0.0,0.0,0.0,1.0,0.0,0.0,103.0,25.0,0.0,601.0,182.0,0.0,1.0,0.0,28.0,0.0,469.0,639.0,0.0,444.0,0.0,531.0,0.0,475.0,0.0,336.0,0.0,219.0,0.0,36.0,0.0
2021-02-04 10:00:00+00:00,322.0,1492.0,164.0,317.0,317.0,423.0,0.0,0.0,0.0,0.0,0.0,0.0,0.0,0.0,1.0,0.0,0.0,0.0,0.0,0.0,601.0,147.0,0.0,2.0,0.0,86.0,0.0,544.0,1126.0,94.0,447.0,0.0,566.0,0.0,524.0,0.0,305.0,2.0,333.0,0.0,18.0,0.0
2021-02-04 11:00:00+00:00,379.0,1336.0,232.0,305.0,255.0,539.0,0.0,0.0,0.0,0.0,0.0,0.0,0.0,0.0,1.0,0.0,0.0,0.0,0.0,0.0,601.0,251.0,0.0,3.0,0.0,115.0,0.0,526.0,1393.0,109.0,297.0,0.0,538.0,0.0,489.0,0.0,391.0,0.0,321.0,0.0,16.0,0.0
2021-02-04 12:00:00+00:00,374.0,1371.0,223.0,278.0,214.0,345.0,0.0,0.0,0.0,0.0,0.0,0.0,0.0,0.0,2.0,0.0,1.0,0.0,0.0,0.0,601.0,211.0,0.0,0.0,0.0,78.0,0.0,548.0,1078.0,66.0,488.0,0.0,565.0,0.0,503.0,0.0,384.0,0.0,345.0,0.0,6.0,0.0
2021-02-04 13:00:00+00:00,426.0,1280.0,248.0,286.0,180.0,0.0,0.0,0.0,0.0,0.0,0.0,0.0,0.0,0.0,0.0,0.0,3.0,69.0,3.0,0.0,601.0,278.0,0.0,0.0,0.0,0.0,0.0,519.0,684.0,0.0,375.0,12.0,567.0,0.0,479.0,0.0,400.0,0.0,298.0,0.0,35.0,0.0
2021-02-04 14:00:00+00:00,469.0,1191.0,240.0,274.0,147.0,0.0,0.0,0.0,0.0,0.0,0.0,0.0,0.0,0.0,0.0,0.0,26.0,117.0,16.0,0.0,601.0,336.0,0.0,0.0,0.0,0.0,0.0,487.0,636.0,0.0,423.0,74.0,604.0,0.0,461.0,0.0,392.0,0.0,194.0,0.0,100.0,0.0
2021-02-04 15:00:00+00:00,463.0,1189.0,251.0,307.0,216.0,0.0,0.0,0.0,0.0,0.0,0.0,0.0,0.0,0.0,0.0,0.0,61.0,75.0,21.0,0.0,601.0,317.0,0.0,0.0,0.0,0.0,0.0,477.0,637.0,0.0,389.0,140.0,647.0,0.0,461.0,0.0,411.0,0.0,150.0,0.0,114.0,0.0
2021-02-04 16:00:00+00:00,347.0,1207.0,320.0,414.0,388.0,16.0,0.0,0.0,0.0,0.0,0.0,0.0,0.0,0.0,0.0,0.0,95.0,0.0,0.0,0.0,600.0,254.0,0.0,0.0,0.0,0.0,0.0,423.0,637.0,22.0,260.0,54.0,611.0,0.0,467.0,12.0,480.0,0.0,3.0,0.0,172.0,0.0
2021-02-04 17:00:00+00:00,288.0,1322.0,330.0,427.0,432.0,86.0,0.0,0.0,0.0,0.0,0.0,0.0,0.0,0.0,0.0,0.0,122.0,0.0,0.0,0.0,600.0,249.0,0.0,0.0,0.0,0.0,0.0,424.0,638.0,21.0,199.0,13.0,611.0,0.0,494.0,31.0,481.0,0.0,0.0,0.0,212.0,0.0
2021-02-04 18:00:00+00:00,299.0,1308.0,286.0,386.0,391.0,470.0,0.0,0.0,0.0,0.0,0.0,0.0,0.0,0.0,0.0,0.0,122.0,0.0,0.0,0.0,600.0,285.0,0.0,0.0,0.0,0.0,0.0,421.0,1127.0,148.0,332.0,35.0,578.0,0.0,478.0,2.0,457.0,0.0,5.0,0.0,220.0,0.0
2021-02-04 19:00:00+00:00,344.0,1186.0,292.0,356.0,311.0,542.0,0.0,0.0,0.0,0.0,0.0,0.0,0.0,0.0,0.0,0.0,101.0,0.0,0.0,0.0,600.0,337.0,0.0,0.0,0.0,17.0,0.0,403.0,1395.0,139.0,302.0,0.0,507.0,0.0,429.0,0.0,423.0,0.0,39.0,0.0,213.0,0.0
2021-02-04 20:00:00+00:00,363.0,1135.0,261.0,333.0,275.0,582.0,0.0,0.0,0.0,0.0,0.0,0.0,0.0,0.0,0.0,0.0,66.0,0.0,0.0,0.0,600.0,302.0,0.0,0.0,0.0,102.0,0.0,430.0,1408.0,120.0,237.0,0.0,486.0,0.0,426.0,0.0,429.0,0.0,64.0,0.0,213.0,0.0
2021-02-04 21:00:00+00:00,371.0,1159.0,218.0,310.0,241.0,586.0,0.0,0.0,0.0,0.0,0.0,0.0,0.0,0.0,0.0,0.0,25.0,0.0,0.0,0.0,600.0,234.0,0.0,0.0,0.0,94.0,0.0,415.0,1406.0,129.0,252.0,0.0,491.0,0.0,425.0,0.0,389.0,0.0,115.0,0.0,231.0,0.0
2021-02-04 22:00:00+00:00,406.0,1043.0,226.0,265.0,176.0,582.0,0.0,0.0,0.0,0.0,0.0,0.0,0.0,0.0,0.0,0.0,44.0,0.0,0.0,0.0,600.0,277.0,0.0,0.0,0.0,108.0,0.0,421.0,1406.0,137.0,243.0,0.0,468.0,0.0,398.0,0.0,365.0,0.0,131.0,0.0,224.0,0.0
2021-02-04 23:00:00+00:00,394.0,890.0,259.0,258.0,168.0,587.0,0.0,0.0,0.0,0.0,0.0,0.0,0.0,0.0,0.0,0.0,72.0,0.0,0.0,0.0,599.0,392.0,0.0,0.0,0.0,135.0,0.0,435.0,1406.0,124.0,260.0,0.0,436.0,0.0,377.0,0.0,381.0,0.0,204.0,0.0,192.0,0.0
2021-02-05 00:00:00+00:00,405.0,888.0,206.0,214.0,128.0,555.0,0.0,0.0,0.0,0.0,0.0,0.0,0.0,0.0,0.0,0.0,61.0,0.0,0.0,0.0,575.0,388.0,0.0,0.0,0.0,100.0,0.0,428.0,1406.0,133.0,276.0,0.0,438.0,0.0,372.0,0.0,360.0,0.0,232.0,0.0,174.0,0.0
2021-02-05 01:00:00+00:00,447.0,946.0,208.0,194.0,79.0,502.0,0.0,0.0,0.0,0.0,0.0,0.0,0.0,0.0,0.0,0.0,54.0,0.0,0.0,0.0,599.0,424.0,0.0,0.0,0.0,109.0,0.0,428.0,1403.0,143.0,302.0,0.0,508.0,0.0,404.0,0.0,330.0,0.0,262.0,0.0,145.0,0.0
2021-02-05 02:00:00+00:00,432.0,902.0,166.0,166.0,29.0,445.0,0.0,0.0,0.0,0.0,0.0,0.0,0.0,0.0,0.0,0.0,53.0,0.0,0.0,0.0,600.0,422.0,0.0,0.0,0.0,34.0,0.0,425.0,1406.0,153.0,349.0,0.0,565.0,0.0,420.0,0.0,303.0,0.0,276.0,0.0,131.0,0.0
2021-02-05 03:00:00+00:00,476.0,904.0,151.0,144.0,0.0,360.0,0.0,0.0,0.0,0.0,0.0,0.0,0.0,0.0,0.0,0.0,59.0,0.0,0.0,0.0,600.0,445.0,0.0,0.0,0.0,0.0,0.0,403.0,1079.0,160.0,370.0,50.0,593.0,18.0,408.0,0.0,286.0,1.0,269.0,0.0,83.0,0.0
2021-02-05 04:00:00+00:00,499.0,623.0,104.0,123.0,0.0,0.0,0.0,0.0,0.0,0.0,0.0,0.0,0.0,0.0,0.0,0.0,50.0,237.0,0.0,0.0,600.0,446.0,0.0,0.0,0.0,0.0,0.0,215.0,687.0,39.0,367.0,225.0,476.0,78.0,278.0,0.0,260.0,2.0,75.0,0.0,53.0,0.0
2021-02-05 05:00:00+00:00,518.0,593.0,130.0,138.0,0.0,0.0,0.0,0.0,0.0,0.0,0.0,0.0,0.0,0.0,0.0,0.0,59.0,155.0,0.0,0.0,600.0,428.0,0.0,0.0,0.0,0.0,0.0,103.0,636.0,21.0,377.0,365.0,416.0,83.0,249.0,148.0,270.0,0.0,0.0,0.0,97.0,0.0
2021-02-05 06:00:00+00:00,457.0,759.0,85.0,182.0,31.0,0.0,0.0,0.0,0.0,0.0,0.0,0.0,0.0,0.0,0.0,0.0,48.0,76.0,0.0,0.0,600.0,275.0,0.0,0.0,0.0,0.0,0.0,103.0,636.0,21.0,362.0,434.0,464.0,0.0,290.0,217.0,235.0,3.0,0.0,0.0,98.0,0.0
2021-02-05 07:00:00+00:00,401.0,966.0,54.0,165.0,59.0,34.0,0.0,0.0,0.0,0.0,0.0,0.0,0.0,0.0,0.0,0.0,44.0,0.0,0.0,0.0,600.0,93.0,0.0,0.0,0.0,0.0,0.0,93.0,637.0,64.0,219.0,435.0,516.0,0.0,343.0,243.0,195.0,8.0,0.0,0.0,97.0,0.0
2021-02-05 08:00:00+00:00,354.0,989.0,35.0,166.0,103.0,1.0,0.0,0.0,21.0,0.0,0.0,0.0,0.0,0.0,0.0,0.0,6.0,0.0,0.0,0.0,600.0,3.0,0.0,0.0,0.0,0.0,0.0,145.0,638.0,40.0,248.0,403.0,548.0,0.0,356.0,172.0,173.0,21.0,0.0,0.0,83.0,0.0
2021-02-05 09:00:00+00:00,351.0,1041.0,15.0,133.0,78.0,0.0,0.0,0.0,46.0,0.0,0.0,0.0,0.0,0.0,0.0,0.0,0.0,9.0,0.0,0.0,596.0,0.0,0.0,0.0,0.0,0.0,0.0,165.0,638.0,48.0,240.0,380.0,561.0,0.0,365.0,129.0,136.0,34.0,0.0,0.0,72.0,0.0
2021-02-05 10:00:00+00:00,302.0,1315.0,22.0,151.0,170.0,373.0,0.0,0.0,107.0,0.0,0.0,0.0,0.0,0.0,0.0,0.0,0.0,0.0,0.0,0.0,447.0,0.0,0.0,1.0,0.0,0.0,0.0,301.0,1130.0,121.0,388.0,292.0,664.0,0.0,473.0,0.0,147.0,35.0,35.0,0.0,70.0,0.0
2021-02-05 11:00:00+00:00,285.0,1326.0,54.0,146.0,165.0,464.0,0.0,0.0,91.0,0.0,0.0,0.0,0.0,0.0,0.0,0.0,0.0,0.0,0.0,0.0,473.0,0.0,0.0,0.0,0.0,0.0,0.0,328.0,1395.0,116.0,319.0,320.0,693.0,0.0,498.0,0.0,187.0,9.0,76.0,0.0,109.0,0.0
2021-02-05 12:00:00+00:00,291.0,1329.0,27.0,125.0,132.0,412.0,0.0,0.0,106.0,0.0,0.0,0.0,0.0,0.0,0.0,0.0,4.0,0.0,0.0,0.0,435.0,0.0,0.0,0.0,0.0,0.0,0.0,316.0,1078.0,132.0,361.0,336.0,678.0,0.0,497.0,0.0,155.0,29.0,47.0,0.0,132.0,0.0
2021-02-05 13:00:00+00:00,390.0,1293.0,10.0,92.0,20.0,0.0,0.0,0.0,9.0,0.0,0.0,0.0,0.0,0.0,0.0,0.0,1.0,147.0,0.0,0.0,499.0,25.0,0.0,0.0,0.0,0.0,0.0,279.0,687.0,1.0,392.0,373.0,660.0,0.0,457.0,0.0,127.0,52.0,36.0,0.0,104.0,0.0
2021-02-05 14:00:00+00:00,471.0,1029.0,20.0,118.0,0.0,0.0,0.0,0.0,0.0,0.0,0.0,0.0,0.0,0.0,0.0,0.0,22.0,130.0,0.0,0.0,597.0,206.0,0.0,0.0,0.0,0.0,0.0,199.0,636.0,0.0,359.0,373.0,608.0,31.0,404.0,76.0,129.0,38.0,0.0,0.0,118.0,0.0
2021-02-05 15:00:00+00:00,511.0,851.0,58.0,176.0,14.0,0.0,0.0,0.0,0.0,0.0,0.0,0.0,0.0,0.0,0.0,0.0,59.0,9.0,0.0,0.0,601.0,327.0,0.0,0.0,0.0,0.0,0.0,154.0,638.0,21.0,233.0,373.0,560.0,0.0,356.0,123.0,192.0,15.0,0.0,0.0,102.0,0.0
2021-02-05 16:00:00+00:00,368.0,973.0,82.0,287.0,214.0,112.0,0.0,0.0,0.0,0.0,0.0,0.0,0.0,0.0,0.0,0.0,72.0,0.0,0.0,0.0,601.0,201.0,0.0,0.0,0.0,0.0,0.0,197.0,638.0,44.0,121.0,311.0,557.0,0.0,388.0,142.0,246.0,5.0,0.0,0.0,100.0,0.0
2021-02-05 17:00:00+00:00,397.0,890.0,118.0,275.0,173.0,71.0,0.0,0.0,0.0,0.0,0.0,0.0,0.0,0.0,0.0,0.0,97.0,0.0,0.0,0.0,600.0,259.0,0.0,0.0,0.0,0.0,0.0,178.0,640.0,39.0,188.0,282.0,496.0,0.0,344.0,132.0,254.0,2.0,0.0,0.0,81.0,0.0
2021-02-05 18:00:00+00:00,413.0,904.0,111.0,250.0,143.0,618.0,0.0,0.0,0.0,0.0,0.0,0.0,0.0,0.0,0.0,0.0,100.0,0.0,0.0,0.0,601.0,269.0,0.0,0.0,0.0,0.0,0.0,160.0,1137.0,118.0,224.0,274.0,444.0,0.0,334.0,95.0,215.0,2.0,0.0,0.0,118.0,0.0
2021-02-05 19:00:00+00:00,385.0,974.0,154.0,271.0,166.0,738.0,0.0,0.0,0.0,0.0,0.0,0.0,0.0,0.0,0.0,0.0,76.0,0.0,0.0,0.0,601.0,289.0,0.0,0.0,0.0,0.0,0.0,233.0,1406.0,137.0,118.0,153.0,467.0,0.0,382.0,55.0,272.0,2.0,0.0,0.0,124.0,0.0
2021-02-05 20:00:00+00:00,464.0,774.0,106.0,198.0,24.0,693.0,0.0,0.0,0.0,0.0,0.0,0.0,0.0,0.0,0.0,0.0,43.0,0.0,0.0,0.0,601.0,335.0,0.0,0.0,0.0,0.0,0.0,197.0,1414.0,121.0,146.0,102.0,406.0,0.0,324.0,61.0,248.0,2.0,0.0,0.0,122.0,0.0
2021-02-05 21:00:00+00:00,435.0,722.0,150.0,254.0,114.0,657.0,0.0,0.0,0.0,0.0,0.0,0.0,0.0,0.0,0.0,0.0,6.0,0.0,0.0,0.0,601.0,317.0,0.0,0.0,0.0,0.0,0.0,204.0,1417.0,126.0,168.0,22.0,413.0,0.0,333.0,60.0,317.0,5.0,0.0,0.0,178.0,0.0
2021-02-05 22:00:00+00:00,486.0,616.0,133.0,226.0,63.0,588.0,0.0,0.0,0.0,0.0,0.0,0.0,0.0,0.0,0.0,0.0,44.0,0.0,0.0,0.0,601.0,378.0,0.0,0.0,0.0,0.0,0.0,132.0,1416.0,124.0,239.0,62.0,380.0,0.0,296.0,67.0,271.0,2.0,0.0,0.0,153.0,0.0
2021-02-05 23:00:00+00:00,497.0,661.0,72.0,161.0,0.0,628.0,0.0,0.0,0.0,0.0,0.0,0.0,0.0,0.0,0.0,0.0,0.0,0.0,0.0,0.0,601.0,384.0,0.0,0.0,0.0,0.0,0.0,57.0,1415.0,124.0,212.0,131.0,350.0,17.0,269.0,150.0,244.0,14.0,0.0,0.0,145.0,0.0
2021-02-06 00:00:00+00:00,506.0,594.0,50.0,110.0,0.0,620.0,0.0,0.0,0.0,0.0,0.0,0.0,0.0,0.0,0.0,0.0,3.0,0.0,0.0,0.0,601.0,427.0,0.0,0.0,0.0,0.0,0.0,49.0,1415.0,139.0,185.0,162.0,339.0,86.0,251.0,128.0,219.0,22.0,0.0,0.0,130.0,0.0
2021-02-06 01:00:00+00:00,511.0,610.0,58.0,76.0,0.0,573.0,0.0,0.0,0.0,0.0,0.0,0.0,0.0,0.0,0.0,0.0,50.0,0.0,0.0,0.0,601.0,457.0,0.0,0.0,0.0,0.0,0.0,53.0,1415.0,136.0,257.0,148.0,379.0,140.0,261.0,109.0,185.0,7.0,0.0,0.0,104.0,0.0
2021-02-06 02:00:00+00:00,527.0,575.0,39.0,73.0,0.0,561.0,0.0,0.0,0.0,0.0,0.0,0.0,0.0,0.0,0.0,0.0,51.0,0.0,0.0,0.0,601.0,462.0,0.0,0.0,0.0,0.0,0.0,54.0,1411.0,144.0,255.0,202.0,412.0,147.0,264.0,94.0,193.0,20.0,0.0,0.0,90.0,0.0
2021-02-06 03:00:00+00:00,544.0,549.0,40.0,55.0,0.0,509.0,0.0,0.0,0.0,0.0,0.0,0.0,0.0,0.0,0.0,0.0,13.0,0.0,0.0,0.0,601.0,505.0,0.0,0.0,0.0,0.0,0.0,23.0,1414.0,149.0,290.0,248.0,407.0,190.0,251.0,140.0,170.0,14.0,0.0,0.0,83.0,0.0
2021-02-06 04:00:00+00:00,597.0,489.0,30.0,66.0,0.0,484.0,0.0,0.0,0.0,0.0,0.0,0.0,0.0,0.0,0.0,0.0,0.0,0.0,0.0,0.0,601.0,529.0,0.0,2.0,0.0,0.0,0.0,0.0,1414.0,176.0,285.0,253.0,359.0,192.0,218.0,229.0,189.0,26.0,0.0,27.0,103.0,0.0
2021-02-06 05:00:00+00:00,538.0,369.0,32.0,114.0,0.0,485.0,0.0,0.0,0.0,0.0,0.0,0.0,0.0,0.0,0.0,0.0,1.0,0.0,0.0,0.0,601.0,520.0,0.0,0.0,0.0,0.0,0.0,0.0,1414.0,155.0,293.0,326.0,323.0,142.0,177.0,300.0,163.0,28.0,0.0,32.0,48.0,0.0
2021-02-06 06:00:00+00:00,493.0,320.0,44.0,133.0,0.0,536.0,0.0,0.0,0.0,0.0,0.0,0.0,0.0,0.0,0.0,0.0,1.0,0.0,0.0,0.0,600.0,541.0,0.0,0.0,0.0,0.0,0.0,0.0,1415.0,163.0,262.0,442.0,332.0,114.0,175.0,408.0,185.0,22.0,0.0,75.0,51.0,0.0
2021-02-06 07:00:00+00:00,446.0,576.0,23.0,126.0,0.0,604.0,0.0,0.0,0.0,0.0,0.0,0.0,0.0,0.0,0.0,0.0,0.0,0.0,0.0,0.0,600.0,303.0,0.0,2.0,0.0,0.0,0.0,0.0,1415.0,159.0,195.0,497.0,410.0,33.0,241.0,368.0,158.0,30.0,0.0,5.0,53.0,0.0
2021-02-06 08:00:00+00:00,306.0,726.0,6.0,162.0,121.0,642.0,0.0,0.0,5.0,0.0,0.0,0.0,0.0,0.0,0.0,0.0,0.0,0.0,0.0,0.0,601.0,31.0,0.0,1.0,0.0,0.0,0.0,119.0,1413.0,135.0,159.0,398.0,488.0,0.0,311.0,262.0,120.0,62.0,0.0,0.0,56.0,0.0
2021-02-06 09:00:00+00:00,299.0,768.0,6.0,143.0,129.0,630.0,0.0,0.0,35.0,0.0,0.0,0.0,0.0,0.0,0.0,0.0,0.0,0.0,0.0,0.0,601.0,3.0,0.0,1.0,0.0,0.0,0.0,152.0,1415.0,132.0,160.0,312.0,531.0,0.0,344.0,209.0,97.0,72.0,0.0,0.0,66.0,0.0
2021-02-06 10:00:00+00:00,307.0,881.0,5.0,120.0,140.0,612.0,0.0,2.0,95.0,0.0,0.0,0.0,0.0,0.0,0.0,0.0,0.0,0.0,0.0,0.0,601.0,0.0,0.0,1.0,0.0,0.0,0.0,238.0,1415.0,128.0,188.0,308.0,594.0,0.0,401.0,151.0,53.0,82.0,0.0,0.0,93.0,0.0
2021-02-06 11:00:00+00:00,349.0,961.0,5.0,140.0,156.0,632.0,0.0,0.0,49.0,0.0,0.0,0.0,0.0,0.0,0.0,0.0,0.0,0.0,0.0,0.0,601.0,0.0,0.0,2.0,0.0,0.0,0.0,287.0,1415.0,121.0,206.0,359.0,616.0,0.0,438.0,94.0,88.0,93.0,0.0,0.0,65.0,0.0
2021-02-06 12:00:00+00:00,314.0,909.0,7.0,109.0,92.0,633.0,0.0,0.0,7.0,0.0,0.0,0.0,0.0,0.0,0.0,0.0,0.0,0.0,0.0,0.0,601.0,23.0,0.0,0.0,0.0,0.0,0.0,291.0,1415.0,117.0,210.0,354.0,611.0,0.0,421.0,67.0,96.0,74.0,0.0,0.0,36.0,0.0
2021-02-06 13:00:00+00:00,379.0,741.0,9.0,118.0,0.0,625.0,0.0,0.0,1.0,0.0,0.0,0.0,0.0,0.0,0.0,0.0,2.0,0.0,0.0,0.0,601.0,234.0,0.0,0.0,0.0,0.0,0.0,199.0,1414.0,126.0,196.0,395.0,551.0,22.0,350.0,152.0,83.0,61.0,0.0,0.0,24.0,0.0
2021-02-06 14:00:00+00:00,531.0,584.0,16.0,90.0,0.0,589.0,0.0,0.0,0.0,0.0,0.0,0.0,0.0,0.0,0.0,0.0,1.0,0.0,0.0,0.0,601.0,300.0,0.0,0.0,0.0,0.0,0.0,74.0,1414.0,71.0,258.0,447.0,503.0,108.0,284.0,273.0,90.0,42.0,0.0,0.0,19.0,0.0
2021-02-06 15:00:00+00:00,566.0,468.0,27.0,101.0,0.0,539.0,0.0,0.0,0.0,0.0,0.0,0.0,0.0,0.0,0.0,0.0,25.0,0.0,0.0,0.0,601.0,370.0,0.0,0.0,0.0,0.0,0.0,0.0,1394.0,42.0,336.0,499.0,424.0,132.0,206.0,412.0,119.0,32.0,0.0,54.0,20.0,0.0
2021-02-06 16:00:00+00:00,443.0,579.0,25.0,186.0,3.0,627.0,0.0,0.0,0.0,0.0,0.0,0.0,0.0,0.0,0.0,0.0,63.0,0.0,0.0,0.0,601.0,340.0,0.0,0.0,0.0,0.0,0.0,0.0,1407.0,80.0,249.0,485.0,416.0,0.0,234.0,451.0,175.0,47.0,0.0,75.0,55.0,0.0
2021-02-06 17:00:00+00:00,483.0,609.0,35.0,195.0,3.0,652.0,0.0,0.0,0.0,0.0,0.0,0.0,0.0,0.0,0.0,0.0,93.0,0.0,0.0,0.0,601.0,370.0,0.0,0.0,0.0,0.0,0.0,0.0,1416.0,96.0,191.0,475.0,383.0,0.0,228.0,460.0,140.0,18.0,0.0,92.0,60.0,0.0
2021-02-06 18:00:00+00:00,532.0,498.0,21.0,166.0,0.0,638.0,0.0,0.0,0.0,0.0,0.0,0.0,0.0,0.0,0.0,0.0,88.0,0.0,0.0,0.0,601.0,443.0,0.0,0.0,0.0,0.0,0.0,0.0,1416.0,117.0,183.0,464.0,312.0,68.0,176.0,486.0,123.0,30.0,0.0,152.0,78.0,0.0
2021-02-06 19:00:00+00:00,505.0,510.0,14.0,126.0,0.0,679.0,0.0,0.0,0.0,0.0,0.0,0.0,0.0,0.0,0.0,0.0,68.0,0.0,0.0,0.0,601.0,360.0,0.0,0.0,0.0,0.0,0.0,0.0,1415.0,167.0,133.0,424.0,335.0,84.0,210.0,431.0,96.0,63.0,0.0,83.0,85.0,0.0
2021-02-06 20:00:00+00:00,535.0,521.0,21.0,118.0,0.0,752.0,0.0,0.0,0.0,0.0,0.0,0.0,0.0,0.0,0.0,0.0,35.0,0.0,0.0,0.0,601.0,382.0,0.0,0.0,0.0,0.0,0.0,,1416.0,154.0,75.0,345.0,301.0,106.0,231.0,456.0,121.0,42.0,0.0,,143.0,0.0
2021-02-06 21:00:00+00:00,435.0,442.0,88.0,178.0,0.0,666.0,0.0,0.0,0.0,0.0,0.0,0.0,0.0,0.0,0.0,0.0,69.0,0.0,0.0,0.0,601.0,470.0,0.0,0.0,0.0,0.0,0.0,0.0,1409.0,124.0,178.0,217.0,234.0,68.0,220.0,411.0,187.0,13.0,0.0,103.0,190.0,0.0
2021-02-06 22:00:00+00:00,483.0,458.0,194.0,158.0,0.0,755.0,0.0,0.0,0.0,0.0,0.0,0.0,0.0,0.0,0.0,0.0,100.0,0.0,0.0,0.0,601.0,404.0,0.0,0.0,0.0,0.0,0.0,0.0,1424.0,113.0,84.0,180.0,230.0,52.0,227.0,318.0,92.0,0.0,0.0,50.0,173.0,0.0
2021-02-06 23:00:00+00:00,469.0,279.0,351.0,126.0,0.0,647.0,0.0,12.0,0.0,0.0,0.0,0.0,0.0,0.0,0.0,0.0,35.0,0.0,0.0,0.0,601.0,453.0,0.0,0.0,0.0,0.0,0.0,0.0,1416.0,106.0,175.0,202.0,94.0,126.0,100.0,454.0,33.0,1.0,0.0,213.0,105.0,0.0
2021-02-07 00:00:00+00:00,452.0,377.0,423.0,54.0,0.0,603.0,0.0,74.0,0.0,0.0,0.0,0.0,0.0,0.0,0.0,0.0,76.0,0.0,0.0,0.0,601.0,436.0,0.0,0.0,0.0,0.0,0.0,0.0,1417.0,120.0,255.0,256.0,170.0,206.0,143.0,404.0,1.0,0.0,0.0,185.0,72.0,0.0
2021-02-07 01:00:00+00:00,443.0,531.0,521.0,44.0,0.0,570.0,0.0,99.0,0.0,0.0,0.0,0.0,0.0,0.0,0.0,0.0,69.0,0.0,0.0,0.0,601.0,442.0,0.0,0.0,0.0,0.0,0.0,0.0,1417.0,122.0,288.0,247.0,277.0,210.0,218.0,327.0,1.0,0.0,0.0,108.0,76.0,0.0
2021-02-07 02:00:00+00:00,397.0,486.0,564.0,42.0,0.0,559.0,0.0,121.0,0.0,0.0,0.0,0.0,0.0,0.0,0.0,0.0,69.0,0.0,0.0,0.0,601.0,424.0,0.0,0.0,0.0,0.0,0.0,0.0,1416.0,124.0,291.0,192.0,276.0,202.0,212.0,327.0,0.0,0.0,0.0,90.0,60.0,0.0
2021-02-07 03:00:00+00:00,421.0,449.0,554.0,55.0,0.0,542.0,0.0,112.0,0.0,0.0,0.0,0.0,0.0,0.0,0.0,0.0,71.0,0.0,0.0,0.0,600.0,480.0,0.0,0.0,0.0,0.0,0.0,0.0,1405.0,125.0,292.0,203.0,288.0,222.0,208.0,330.0,0.0,0.0,0.0,95.0,50.0,0.0
2021-02-07 04:00:00+00:00,434.0,506.0,521.0,45.0,0.0,512.0,0.0,110.0,0.0,0.0,0.0,0.0,0.0,0.0,0.0,0.0,80.0,0.0,0.0,0.0,601.0,478.0,0.0,0.0,0.0,0.0,0.0,0.0,1415.0,135.0,298.0,221.0,315.0,240.0,228.0,339.0,0.0,0.0,0.0,96.0,56.0,0.0
2021-02-07 05:00:00+00:00,448.0,526.0,558.0,42.0,0.0,477.0,0.0,153.0,0.0,0.0,0.0,0.0,0.0,0.0,0.0,0.0,96.0,0.0,0.0,0.0,600.0,477.0,0.0,0.0,0.0,0.0,0.0,0.0,1414.0,148.0,309.0,278.0,314.0,257.0,236.0,417.0,0.0,0.0,0.0,126.0,109.0,0.0
2021-02-07 06:00:00+00:00,487.0,376.0,299.0,113.0,0.0,419.0,0.0,16.0,0.0,0.0,0.0,0.0,0.0,0.0,0.0,0.0,116.0,0.0,0.0,0.0,600.0,576.0,0.0,0.0,0.0,0.0,0.0,0.0,1415.0,146.0,385.0,309.0,258.0,216.0,185.0,497.0,23.0,0.0,0.0,161.0,120.0,0.0
2021-02-07 07:00:00+00:00,556.0,394.0,327.0,93.0,0.0,415.0,0.0,17.0,0.0,0.0,0.0,0.0,0.0,0.0,0.0,0.0,72.0,0.0,0.0,0.0,601.0,449.0,0.0,0.0,0.0,0.0,0.0,0.0,1414.0,170.0,395.0,277.0,322.0,187.0,210.0,435.0,15.0,0.0,0.0,20.0,152.0,0.0
2021-02-07 08:00:00+00:00,465.0,547.0,152.0,63.0,0.0,504.0,0.0,55.0,0.0,0.0,0.0,0.0,0.0,0.0,0.0,0.0,50.0,0.0,0.0,0.0,601.0,227.0,0.0,0.0,0.0,0.0,0.0,60.0,1413.0,161.0,261.0,260.0,378.0,136.0,273.0,394.0,2.0,0.0,0.0,0.0,196.0,0.0
2021-02-07 09:00:00+00:00,424.0,570.0,71.0,64.0,0.0,546.0,0.0,43.0,0.0,0.0,0.0,0.0,0.0,0.0,0.0,0.0,57.0,0.0,0.0,0.0,601.0,157.0,0.0,0.0,0.0,0.0,0.0,123.0,1415.0,153.0,241.0,179.0,419.0,94.0,293.0,314.0,5.0,10.0,0.0,0.0,187.0,0.0
2021-02-07 10:00:00+00:00,414.0,683.0,50.0,84.0,0.0,511.0,0.0,6.0,0.0,0.0,0.0,0.0,0.0,0.0,0.0,0.0,58.0,0.0,0.0,0.0,601.0,122.0,0.0,0.0,0.0,0.0,0.0,191.0,1415.0,144.0,295.0,203.0,483.0,45.0,340.0,223.0,32.0,17.0,0.0,0.0,173.0,0.0
2021-02-07 11:00:00+00:00,409.0,738.0,41.0,92.0,0.0,488.0,0.0,2.0,0.0,0.0,0.0,0.0,0.0,0.0,0.0,0.0,50.0,0.0,0.0,0.0,601.0,142.0,0.0,0.0,0.0,0.0,0.0,236.0,1415.0,137.0,276.0,223.0,527.0,34.0,369.0,164.0,41.0,25.0,0.0,0.0,163.0,0.0
2021-02-07 12:00:00+00:00,430.0,690.0,191.0,54.0,0.0,508.0,0.0,75.0,0.0,0.0,0.0,0.0,0.0,0.0,0.0,0.0,84.0,0.0,0.0,0.0,601.0,171.0,0.0,0.0,0.0,0.0,0.0,252.0,1415.0,138.0,280.0,252.0,559.0,113.0,365.0,123.0,1.0,2.0,0.0,0.0,137.0,0.0
2021-02-07 13:00:00+00:00,478.0,640.0,237.0,65.0,0.0,476.0,0.0,70.0,0.0,0.0,0.0,0.0,0.0,0.0,0.0,0.0,115.0,0.0,0.0,0.0,601.0,281.0,0.0,0.0,0.0,0.0,0.0,228.0,1416.0,133.0,291.0,317.0,562.0,151.0,358.0,158.0,1.0,0.0,0.0,0.0,138.0,0.0
2021-02-07 14:00:00+00:00,545.0,538.0,198.0,107.0,0.0,490.0,0.0,9.0,0.0,0.0,0.0,0.0,0.0,0.0,0.0,0.0,122.0,0.0,0.0,0.0,601.0,427.0,0.0,0.0,0.0,0.0,0.0,156.0,1415.0,130.0,276.0,310.0,528.0,151.0,327.0,248.0,27.0,0.0,0.0,0.0,152.0,0.0
2021-02-07 15:00:00+00:00,501.0,579.0,157.0,92.0,0.0,506.0,0.0,51.0,0.0,0.0,0.0,0.0,0.0,0.0,0.0,0.0,84.0,0.0,0.0,0.0,601.0,280.0,0.0,0.0,0.0,0.0,0.0,156.0,1414.0,124.0,302.0,413.0,542.0,112.0,321.0,245.0,4.0,1.0,0.0,0.0,141.0,0.0
2021-02-07 16:00:00+00:00,488.0,540.0,28.0,175.0,0.0,547.0,0.0,0.0,0.0,0.0,0.0,0.0,0.0,0.0,0.0,0.0,75.0,0.0,0.0,0.0,601.0,318.0,0.0,0.0,0.0,0.0,0.0,91.0,1414.0,127.0,254.0,403.0,445.0,16.0,247.0,326.0,116.0,48.0,0.0,0.0,143.0,0.0
2021-02-07 17:00:00+00:00,416.0,562.0,13.0,182.0,24.0,538.0,0.0,0.0,0.0,0.0,0.0,0.0,0.0,0.0,0.0,0.0,76.0,0.0,0.0,0.0,601.0,243.0,0.0,0.0,0.0,0.0,0.0,98.0,1416.0,118.0,272.0,342.0,439.0,0.0,253.0,330.0,126.0,62.0,0.0,0.0,156.0,0.0
2021-02-07 18:00:00+00:00,415.0,546.0,26.0,210.0,64.0,555.0,0.0,0.0,0.0,0.0,0.0,0.0,0.0,0.0,0.0,0.0,83.0,0.0,0.0,0.0,601.0,274.0,0.0,0.0,0.0,0.0,0.0,100.0,1415.0,121.0,280.0,252.0,401.0,0.0,237.0,323.0,164.0,34.0,0.0,0.0,160.0,0.0
2021-02-07 19:00:00+00:00,433.0,651.0,62.0,158.0,29.0,522.0,0.0,0.0,0.0,0.0,0.0,0.0,0.0,0.0,0.0,0.0,67.0,0.0,0.0,0.0,601.0,253.0,0.0,0.0,0.0,0.0,0.0,129.0,1417.0,129.0,298.0,215.0,416.0,0.0,268.0,258.0,100.0,10.0,0.0,0.0,140.0,0.0
2021-02-07 20:00:00+00:00,418.0,677.0,61.0,170.0,55.0,557.0,0.0,0.0,0.0,0.0,0.0,0.0,0.0,0.0,0.0,0.0,36.0,0.0,0.0,0.0,601.0,229.0,0.0,0.0,0.0,0.0,0.0,146.0,1425.0,125.0,283.0,126.0,441.0,0.0,320.0,214.0,103.0,21.0,0.0,0.0,152.0,0.0
2021-02-07 21:00:00+00:00,410.0,749.0,106.0,171.0,78.0,483.0,0.0,1.0,0.0,0.0,0.0,0.0,0.0,0.0,0.0,0.0,59.0,0.0,0.0,0.0,600.0,197.0,0.0,0.0,0.0,0.0,0.0,184.0,1421.0,139.0,323.0,123.0,499.0,0.0,371.0,79.0,106.0,5.0,0.0,0.0,187.0,0.0
2021-02-07 22:00:00+00:00,362.0,755.0,315.0,81.0,6.0,429.0,0.0,88.0,0.0,0.0,0.0,0.0,0.0,0.0,0.0,0.0,77.0,0.0,0.0,0.0,600.0,69.0,0.0,0.0,0.0,0.0,0.0,182.0,1421.0,121.0,353.0,169.0,492.0,0.0,364.0,51.0,1.0,0.0,0.0,0.0,164.0,0.0
2021-02-07 23:00:00+00:00,301.0,977.0,271.0,68.0,19.0,94.0,0.0,92.0,0.0,0.0,0.0,0.0,0.0,0.0,0.0,0.0,84.0,0.0,0.0,0.0,600.0,86.0,0.0,0.0,0.0,0.0,0.0,277.0,1421.0,70.0,182.0,78.0,506.0,0.0,399.0,5.0,0.0,0.0,8.0,0.0,177.0,0.0
2021-02-08 00:00:00+00:00,356.0,1043.0,386.0,8.0,0.0,107.0,0.0,229.0,0.0,0.0,0.0,0.0,0.0,0.0,0.0,0.0,73.0,0.0,0.0,0.0,433.0,121.0,6.0,0.0,0.0,0.0,0.0,268.0,1421.0,52.0,181.0,164.0,559.0,73.0,420.0,3.0,0.0,0.0,25.0,0.0,150.0,0.0
2021-02-08 01:00:00+00:00,344.0,1056.0,334.0,1.0,0.0,114.0,0.0,248.0,0.0,0.0,0.0,0.0,0.0,0.0,0.0,0.0,71.0,0.0,0.0,0.0,401.0,94.0,18.0,0.0,0.0,0.0,0.0,268.0,1421.0,58.0,189.0,166.0,610.0,83.0,446.0,0.0,0.0,0.0,54.0,0.0,116.0,0.0
2021-02-08 02:00:00+00:00,360.0,1002.0,332.0,0.0,0.0,152.0,0.0,275.0,0.0,0.0,0.0,0.0,0.0,0.0,0.0,0.0,70.0,0.0,0.0,0.0,401.0,126.0,38.0,0.0,0.0,0.0,0.0,227.0,1411.0,52.0,179.0,220.0,612.0,133.0,423.0,0.0,0.0,0.0,65.0,0.0,63.0,0.0
2021-02-08 03:00:00+00:00,340.0,983.0,247.0,0.0,0.0,59.0,0.0,259.0,0.0,0.0,0.0,0.0,0.0,0.0,0.0,0.0,78.0,0.0,0.0,0.0,401.0,97.0,68.0,0.0,0.0,0.0,0.0,143.0,1098.0,56.0,240.0,282.0,597.0,166.0,398.0,16.0,0.0,0.0,0.0,0.0,42.0,0.0
2021-02-08 04:00:00+00:00,344.0,1008.0,24.0,0.0,0.0,0.0,0.0,149.0,5.0,0.0,0.0,0.0,0.0,0.0,0.0,0.0,69.0,183.0,0.0,0.0,401.0,54.0,60.0,0.0,0.0,0.0,0.0,74.0,703.0,22.0,283.0,384.0,567.0,144.0,353.0,172.0,0.0,50.0,0.0,0.0,118.0,0.0
2021-02-08 05:00:00+00:00,476.0,1035.0,7.0,53.0,0.0,0.0,0.0,16.0,0.0,0.0,0.0,0.0,0.0,0.0,0.0,0.0,55.0,180.0,36.0,0.0,407.0,128.0,0.0,0.0,0.0,0.0,0.0,157.0,652.0,0.0,389.0,448.0,633.0,28.0,388.0,136.0,42.0,122.0,0.0,0.0,181.0,0.0
2021-02-08 06:00:00+00:00,361.0,1110.0,3.0,87.0,37.0,0.0,0.0,0.0,8.0,0.0,0.0,0.0,0.0,0.0,0.0,0.0,61.0,120.0,29.0,0.0,594.0,19.0,0.0,0.0,0.0,0.0,0.0,157.0,652.0,0.0,481.0,526.0,675.0,0.0,411.0,209.0,71.0,121.0,0.0,0.0,193.0,0.0
2021-02-08 07:00:00+00:00,339.0,1175.0,10.0,121.0,76.0,0.0,0.0,2.0,49.0,0.0,0.0,0.0,0.0,0.0,0.0,0.0,51.0,70.0,5.0,0.0,600.0,1.0,0.0,0.0,0.0,0.0,0.0,164.0,653.0,0.0,394.0,490.0,660.0,0.0,424.0,294.0,65.0,80.0,0.0,0.0,167.0,0.0
2021-02-08 08:00:00+00:00,303.0,1203.0,5.0,102.0,84.0,0.0,0.0,4.0,129.0,0.0,0.0,0.0,0.0,0.0,0.0,0.0,31.0,44.0,18.0,0.0,480.0,0.0,0.0,0.0,0.0,0.0,0.0,261.0,655.0,0.0,380.0,477.0,705.0,0.0,448.0,194.0,53.0,95.0,0.0,0.0,136.0,0.0
2021-02-08 09:00:00+00:00,290.0,1410.0,10.0,76.0,108.0,0.0,0.0,54.0,229.0,0.0,0.0,0.0,0.0,0.0,0.0,0.0,50.0,46.0,48.0,0.0,352.0,0.0,0.0,0.0,0.0,0.0,0.0,403.0,651.0,0.0,411.0,395.0,746.0,0.0,540.0,43.0,5.0,59.0,3.0,0.0,148.0,0.0
2021-02-08 10:00:00+00:00,300.0,1326.0,4.0,43.0,78.0,172.0,0.0,7.0,235.0,0.0,0.0,0.0,0.0,0.0,0.0,0.0,80.0,0.0,0.0,0.0,340.0,0.0,0.0,0.0,0.0,0.0,0.0,373.0,1142.0,8.0,238.0,466.0,713.0,0.0,544.0,7.0,35.0,96.0,21.0,0.0,182.0,0.0
2021-02-08 11:00:00+00:00,283.0,1375.0,74.0,30.0,96.0,248.0,0.0,91.0,302.0,0.0,0.0,0.0,0.0,0.0,0.0,0.0,68.0,0.0,0.0,0.0,237.0,0.0,0.0,0.0,0.0,0.0,0.0,426.0,1410.0,37.0,121.0,446.0,762.0,0.0,587.0,0.0,2.0,14.0,49.0,0.0,206.0,0.0
2021-02-08 12:00:00+00:00,302.0,1419.0,26.0,18.0,61.0,245.0,0.0,111.0,291.0,0.0,0.0,0.0,0.0,0.0,0.0,0.0,75.0,0.0,0.0,0.0,182.0,0.0,0.0,0.0,0.0,0.0,0.0,488.0,1095.0,62.0,103.0,353.0,771.0,0.0,594.0,0.0,0.0,30.0,135.0,0.0,181.0,0.0
2021-02-08 13:00:00+00:00,358.0,1401.0,3.0,51.0,41.0,66.0,0.0,7.0,173.0,0.0,0.0,0.0,0.0,0.0,0.0,0.0,59.0,0.0,7.0,0.0,318.0,0.0,0.0,0.0,0.0,0.0,0.0,541.0,701.0,0.0,216.0,236.0,776.0,0.0,614.0,0.0,41.0,107.0,157.0,0.0,208.0,0.0
2021-02-08 14:00:00+00:00,362.0,1342.0,14.0,88.0,62.0,17.0,0.0,1.0,74.0,0.0,0.0,0.0,0.0,0.0,0.0,0.0,46.0,0.0,38.0,0.0,543.0,1.0,0.0,0.0,0.0,0.0,0.0,543.0,651.0,0.0,275.0,119.0,775.0,0.0,605.0,0.0,92.0,46.0,136.0,0.0,214.0,0.0
2021-02-08 15:00:00+00:00,374.0,1332.0,60.0,117.0,86.0,0.0,0.0,0.0,18.0,0.0,0.0,0.0,0.0,0.0,0.0,0.0,66.0,63.0,84.0,0.0,552.0,6.0,0.0,0.0,0.0,0.0,0.0,455.0,651.0,0.0,407.0,84.0,745.0,0.0,570.0,2.0,88.0,14.0,41.0,0.0,218.0,0.0
2021-02-08 16:00:00+00:00,316.0,1424.0,59.0,248.0,243.0,0.0,0.0,0.0,2.0,0.0,0.0,0.0,0.0,0.0,0.0,0.0,94.0,31.0,75.0,0.0,599.0,36.0,0.0,0.0,0.0,0.0,0.0,445.0,651.0,0.0,367.0,23.0,705.0,0.0,579.0,79.0,225.0,11.0,0.0,0.0,253.0,0.0
2021-02-08 17:00:00+00:00,289.0,1389.0,82.0,263.0,273.0,0.0,0.0,0.0,0.0,0.0,0.0,0.0,0.0,0.0,0.0,0.0,122.0,69.0,94.0,0.0,600.0,51.0,0.0,0.0,0.0,0.0,0.0,463.0,651.0,0.0,451.0,46.0,674.0,0.0,559.0,67.0,226.0,6.0,0.0,0.0,231.0,0.0
2021-02-08 18:00:00+00:00,308.0,1361.0,61.0,244.0,239.0,145.0,0.0,0.0,0.0,0.0,0.0,0.0,0.0,0.0,0.0,0.0,123.0,0.0,2.0,0.0,600.0,82.0,0.0,0.0,0.0,0.0,0.0,487.0,1142.0,0.0,194.0,34.0,645.0,0.0,544.0,19.0,215.0,11.0,15.0,0.0,234.0,0.0
2021-02-08 19:00:00+00:00,326.0,1311.0,105.0,255.0,249.0,358.0,84.0,0.0,0.0,0.0,0.0,0.0,0.0,0.0,0.0,0.0,102.0,0.0,0.0,0.0,600.0,131.0,0.0,0.0,0.0,46.0,0.0,507.0,1408.0,63.0,0.0,0.0,605.0,0.0,528.0,0.0,202.0,9.0,108.0,0.0,246.0,0.0
2021-02-08 20:00:00+00:00,331.0,1286.0,142.0,232.0,226.0,404.0,133.0,1.0,0.0,0.0,0.0,0.0,0.0,0.0,0.0,0.0,67.0,0.0,0.0,0.0,600.0,65.0,0.0,0.0,0.0,134.0,0.0,507.0,1418.0,76.0,0.0,0.0,587.0,0.0,542.0,0.0,107.0,2.0,133.0,0.0,286.0,0.0
2021-02-08 21:00:00+00:00,384.0,1208.0,240.0,232.0,199.0,399.0,102.0,4.0,0.0,0.0,0.0,0.0,0.0,0.0,0.0,0.0,84.0,0.0,0.0,0.0,600.0,106.0,0.0,0.0,0.0,158.0,0.0,542.0,1428.0,26.0,0.0,0.0,593.0,0.0,541.0,0.0,61.0,1.0,178.0,0.0,257.0,0.0
2021-02-08 22:00:00+00:00,333.0,1185.0,349.0,174.0,176.0,444.0,61.0,89.0,14.0,0.0,0.0,0.0,0.0,0.0,0.0,0.0,110.0,0.0,0.0,0.0,591.0,31.0,0.0,0.0,0.0,121.0,0.0,568.0,1420.0,21.0,0.0,0.0,588.0,0.0,545.0,0.0,1.0,0.0,256.0,0.0,218.0,0.0
2021-02-08 23:00:00+00:00,285.0,1208.0,470.0,140.0,179.0,359.0,0.0,155.0,27.0,0.0,0.0,0.0,0.0,0.0,0.0,0.0,14.0,0.0,0.0,0.0,310.0,5.0,0.0,0.0,0.0,172.0,0.0,646.0,1419.0,13.0,79.0,0.0,604.0,0.0,542.0,0.0,0.0,0.0,367.0,0.0,161.0,0.0
2021-02-09 00:00:00+00:00,309.0,1224.0,523.0,139.0,177.0,630.0,292.0,138.0,2.0,0.0,0.0,0.0,0.0,0.0,0.0,0.0,55.0,0.0,0.0,0.0,301.0,43.0,0.0,0.0,0.0,99.0,0.0,627.0,1418.0,101.0,0.0,0.0,643.0,0.0,559.0,0.0,0.0,0.0,367.0,0.0,161.0,0.0
2021-02-09 01:00:00+00:00,298.0,1245.0,527.0,129.0,172.0,683.0,372.0,133.0,2.0,0.0,0.0,0.0,0.0,0.0,0.0,0.0,52.0,0.0,0.0,0.0,301.0,54.0,0.0,0.0,0.0,139.0,0.0,645.0,1418.0,106.0,0.0,0.0,676.0,0.0,574.0,0.0,0.0,0.0,426.0,0.0,122.0,0.0
2021-02-09 02:00:00+00:00,285.0,1270.0,531.0,116.0,156.0,511.0,246.0,134.0,0.0,0.0,0.0,0.0,0.0,0.0,0.0,0.0,50.0,0.0,0.0,0.0,301.0,86.0,0.0,0.0,0.0,81.0,0.0,665.0,1410.0,75.0,0.0,0.0,722.0,0.0,597.0,0.0,0.0,0.0,478.0,0.0,82.0,0.0
2021-02-09 03:00:00+00:00,328.0,1160.0,450.0,95.0,110.0,154.0,0.0,123.0,0.0,0.0,0.0,0.0,0.0,0.0,0.0,0.0,56.0,0.0,0.0,0.0,301.0,67.0,0.0,0.0,0.0,13.0,0.0,653.0,1093.0,15.0,97.0,0.0,752.0,0.0,580.0,0.0,1.0,0.0,496.0,0.0,38.0,0.0
2021-02-09 04:00:00+00:00,317.0,1197.0,400.0,65.0,59.0,0.0,0.0,141.0,2.0,0.0,0.0,0.0,0.0,0.0,0.0,0.0,37.0,234.0,91.0,0.0,301.0,51.0,0.0,0.0,0.0,0.0,0.0,583.0,704.0,0.0,444.0,9.0,746.0,0.0,575.0,0.0,0.0,0.0,360.0,0.0,47.0,0.0
2021-02-09 05:00:00+00:00,449.0,1245.0,65.0,171.0,137.0,0.0,0.0,3.0,0.0,0.0,0.0,0.0,0.0,0.0,0.0,0.0,42.0,221.0,135.0,0.0,309.0,148.0,0.0,0.0,0.0,1.0,0.0,613.0,648.0,0.0,546.0,0.0,758.0,0.0,613.0,0.0,149.0,22.0,303.0,0.0,105.0,0.0
2021-02-09 06:00:00+00:00,397.0,1229.0,44.0,202.0,195.0,0.0,0.0,0.0,0.0,0.0,0.0,0.0,0.0,0.0,0.0,0.0,44.0,132.0,118.0,0.0,544.0,84.0,0.0,0.0,0.0,0.0,0.0,543.0,649.0,0.0,524.0,11.0,727.0,0.0,609.0,0.0,202.0,18.0,120.0,0.0,151.0,0.0
2021-02-09 07:00:00+00:00,336.0,1256.0,33.0,201.0,204.0,0.0,0.0,0.0,7.0,0.0,0.0,0.0,0.0,0.0,0.0,0.0,34.0,3.0,112.0,0.0,599.0,27.0,0.0,0.0,0.0,0.0,0.0,496.0,650.0,0.0,427.0,36.0,705.0,0.0,599.0,0.0,204.0,34.0,35.0,0.0,186.0,0.0
2021-02-09 08:00:00+00:00,304.0,1241.0,10.0,195.0,233.0,82.0,0.0,0.0,115.0,0.0,0.0,0.0,0.0,0.0,0.0,0.0,0.0,0.0,80.0,0.0,596.0,0.0,0.0,0.0,0.0,0.0,0.0,515.0,652.0,0.0,332.0,20.0,708.0,0.0,589.0,0.0,139.0,54.0,80.0,0.0,159.0,0.0
2021-02-09 09:00:00+00:00,245.0,1224.0,0.0,130.0,221.0,77.0,0.0,9.0,294.0,0.0,0.0,0.0,0.0,0.0,0.0,0.0,1.0,0.0,61.0,0.0,578.0,0.0,0.0,0.0,0.0,0.0,0.0,520.0,650.0,0.0,318.0,20.0,715.0,0.0,574.0,0.0,31.0,154.0,88.0,0.0,161.0,0.0
2021-02-09 10:00:00+00:00,212.0,1253.0,1.0,88.0,192.0,289.0,0.0,28.0,362.0,0.0,0.0,0.0,0.0,0.0,0.0,0.0,0.0,0.0,0.0,0.0,518.0,0.0,0.0,1.0,0.0,0.0,0.0,570.0,1144.0,24.0,162.0,39.0,724.0,0.0,585.0,0.0,13.0,166.0,155.0,0.0,149.0,0.0
2021-02-09 11:00:00+00:00,194.0,1248.0,0.0,66.0,143.0,389.0,0.0,48.0,325.0,0.0,0.0,0.0,0.0,0.0,0.0,0.0,0.0,0.0,0.0,0.0,498.0,0.0,0.0,0.0,0.0,0.0,0.0,552.0,1409.0,25.0,33.0,80.0,683.0,0.0,551.0,0.0,5.0,186.0,110.0,0.0,158.0,0.0
2021-02-09 12:00:00+00:00,205.0,1318.0,0.0,41.0,86.0,372.0,0.0,68.0,317.0,0.0,0.0,0.0,0.0,0.0,0.0,0.0,0.0,0.0,0.0,0.0,512.0,0.0,0.0,0.0,0.0,0.0,0.0,519.0,1098.0,34.0,43.0,199.0,676.0,0.0,548.0,0.0,3.0,218.0,79.0,0.0,157.0,0.0
2021-02-09 13:00:00+00:00,260.0,1387.0,0.0,66.0,87.0,282.0,0.0,42.0,283.0,0.0,0.0,0.0,0.0,0.0,0.0,0.0,0.0,0.0,0.0,0.0,513.0,0.0,0.0,0.0,0.0,0.0,0.0,463.0,701.0,2.0,38.0,280.0,703.0,0.0,564.0,9.0,7.0,169.0,4.0,0.0,186.0,0.0
2021-02-09 14:00:00+00:00,281.0,1382.0,0.0,72.0,103.0,227.0,0.0,20.0,242.0,0.0,0.0,0.0,0.0,0.0,0.0,0.0,0.0,0.0,10.0,0.0,559.0,0.0,0.0,0.0,0.0,0.0,0.0,471.0,649.0,0.0,99.0,311.0,718.0,0.0,572.0,0.0,12.0,158.0,9.0,0.0,178.0,0.0
2021-02-09 15:00:00+00:00,281.0,1378.0,1.0,123.0,160.0,103.0,0.0,19.0,188.0,0.0,0.0,0.0,0.0,0.0,0.0,0.0,34.0,0.0,70.0,0.0,591.0,0.0,0.0,0.0,0.0,0.0,0.0,441.0,650.0,0.0,287.0,311.0,716.0,0.0,569.0,44.0,19.0,142.0,4.0,0.0,195.0,0.0
2021-02-09 16:00:00+00:00,298.0,1322.0,1.0,202.0,307.0,99.0,0.0,4.0,246.0,0.0,0.0,0.0,0.0,0.0,0.0,0.0,78.0,0.0,85.0,0.0,600.0,0.0,0.0,0.0,0.0,0.0,0.0,435.0,649.0,0.0,320.0,219.0,668.0,0.0,546.0,37.0,63.0,148.0,0.0,0.0,193.0,0.0
2021-02-09 17:00:00+00:00,88.0,1344.0,3.0,229.0,328.0,83.0,0.0,1.0,185.0,1.0,0.0,0.0,0.0,0.0,0.0,0.0,113.0,0.0,96.0,0.0,600.0,0.0,0.0,0.0,0.0,0.0,0.0,429.0,648.0,0.0,347.0,130.0,631.0,0.0,532.0,42.0,70.0,113.0,0.0,0.0,199.0,0.0
2021-02-09 18:00:00+00:00,183.0,1394.0,6.0,187.0,284.0,252.0,0.0,6.0,195.0,0.0,0.0,0.0,0.0,0.0,0.0,0.0,111.0,0.0,0.0,0.0,600.0,0.0,0.0,0.0,0.0,0.0,0.0,458.0,1138.0,17.0,168.0,106.0,617.0,0.0,533.0,16.0,55.0,102.0,0.0,0.0,203.0,0.0
2021-02-09 19:00:00+00:00,239.0,1417.0,7.0,181.0,243.0,419.0,43.0,4.0,125.0,0.0,0.0,0.0,0.0,0.0,0.0,0.0,96.0,0.0,0.0,0.0,600.0,0.0,0.0,0.0,0.0,0.0,0.0,515.0,1409.0,55.0,0.0,42.0,631.0,0.0,541.0,0.0,53.0,77.0,95.0,0.0,155.0,0.0
2021-02-09 20:00:00+00:00,249.0,1453.0,25.0,158.0,203.0,290.0,0.0,27.0,125.0,0.0,0.0,0.0,0.0,0.0,0.0,0.0,55.0,0.0,0.0,0.0,600.0,1.0,0.0,0.0,0.0,9.0,0.0,532.0,1420.0,38.0,68.0,0.0,634.0,0.0,555.0,0.0,22.0,49.0,178.0,0.0,157.0,0.0
2021-02-09 21:00:00+00:00,318.0,1382.0,95.0,170.0,190.0,374.0,10.0,15.0,58.0,0.0,0.0,0.0,0.0,0.0,0.0,0.0,17.0,0.0,0.0,0.0,600.0,5.0,0.0,0.0,0.0,0.0,0.0,525.0,1428.0,40.0,0.0,1.0,602.0,0.0,524.0,0.0,33.0,10.0,213.0,0.0,155.0,0.0
2021-02-09 22:00:00+00:00,355.0,1377.0,173.0,161.0,189.0,392.0,59.0,18.0,30.0,0.0,0.0,0.0,0.0,0.0,0.0,0.0,1.0,0.0,0.0,0.0,600.0,16.0,0.0,0.0,0.0,50.0,0.0,533.0,1419.0,54.0,0.0,0.0,571.0,0.0,528.0,0.0,15.0,2.0,206.0,0.0,174.0,0.0
2021-02-09 23:00:00+00:00,299.0,1472.0,142.0,134.0,180.0,691.0,0.0,22.0,59.0,0.0,0.0,0.0,0.0,0.0,0.0,0.0,1.0,0.0,0.0,0.0,417.0,2.0,0.0,0.0,0.0,0.0,0.0,534.0,1417.0,101.0,211.0,6.0,602.0,0.0,545.0,0.0,21.0,2.0,188.0,0.0,115.0,0.0
2021-02-10 00:00:00+00:00,286.0,1459.0,233.0,122.0,180.0,682.0,0.0,55.0,41.0,0.0,0.0,0.0,0.0,0.0,0.0,0.0,33.0,0.0,0.0,0.0,338.0,6.0,0.0,0.0,0.0,85.0,0.0,586.0,1416.0,100.0,239.0,0.0,628.0,0.0,549.0,0.0,4.0,0.0,291.0,0.0,85.0,0.0
2021-02-10 01:00:00+00:00,225.0,1428.0,437.0,76.0,127.0,686.0,0.0,218.0,58.0,0.0,0.0,0.0,0.0,0.0,0.0,0.0,45.0,0.0,0.0,0.0,398.0,1.0,0.0,0.0,0.0,111.0,0.0,586.0,1407.0,96.0,242.0,0.0,635.0,0.0,547.0,0.0,0.0,0.0,287.0,0.0,84.0,0.0
2021-02-10 02:00:00+00:00,199.0,1516.0,430.0,62.0,110.0,663.0,0.0,207.0,51.0,0.0,0.0,0.0,0.0,0.0,0.0,0.0,43.0,0.0,0.0,0.0,398.0,2.0,0.0,0.0,0.0,0.0,0.0,600.0,1415.0,109.0,268.0,53.0,684.0,0.0,581.0,0.0,0.0,0.0,309.0,0.0,73.0,0.0
2021-02-10 03:00:00+00:00,227.0,1434.0,324.0,46.0,105.0,584.0,0.0,173.0,77.0,0.0,0.0,0.0,0.0,0.0,0.0,0.0,43.0,0.0,0.0,0.0,332.0,0.0,0.0,0.0,0.0,0.0,0.0,565.0,1256.0,110.0,273.0,97.0,724.0,0.0,580.0,0.0,0.0,0.0,296.0,0.0,58.0,0.0
2021-02-10 04:00:00+00:00,262.0,1307.0,202.0,95.0,128.0,0.0,0.0,36.0,22.0,0.0,0.0,0.0,0.0,0.0,0.0,0.0,20.0,43.0,52.0,0.0,349.0,8.0,0.0,0.0,0.0,0.0,0.0,515.0,904.0,0.0,236.0,140.0,699.0,0.0,562.0,0.0,9.0,0.0,220.0,0.0,92.0,0.0
2021-02-10 05:00:00+00:00,435.0,1356.0,167.0,223.0,221.0,42.0,0.0,0.0,0.0,0.0,0.0,0.0,0.0,0.0,0.0,0.0,0.0,0.0,61.0,0.0,416.0,164.0,0.0,0.0,0.0,0.0,0.0,537.0,900.0,0.0,269.0,61.0,735.0,0.0,594.0,0.0,194.0,2.0,174.0,0.0,105.0,0.0
2021-02-10 06:00:00+00:00,347.0,1173.0,147.0,281.0,305.0,168.0,0.0,0.0,0.0,0.0,0.0,0.0,0.0,0.0,0.0,0.0,0.0,0.0,55.0,0.0,593.0,140.0,0.0,0.0,0.0,31.0,0.0,542.0,853.0,0.0,255.0,0.0,688.0,0.0,573.0,0.0,319.0,2.0,101.0,0.0,160.0,0.0
2021-02-10 07:00:00+00:00,307.0,1334.0,121.0,250.0,294.0,223.0,0.0,0.0,33.0,0.0,0.0,0.0,0.0,0.0,0.0,0.0,0.0,0.0,41.0,0.0,577.0,8.0,0.0,2.0,0.0,0.0,0.0,510.0,851.0,0.0,196.0,3.0,710.0,0.0,602.0,0.0,279.0,1.0,69.0,0.0,157.0,0.0
2021-02-10 08:00:00+00:00,273.0,1263.0,20.0,193.0,273.0,215.0,0.0,0.0,214.0,0.0,0.0,0.0,0.0,0.0,0.0,0.0,0.0,0.0,34.0,0.0,563.0,0.0,0.0,2.0,0.0,0.0,0.0,535.0,852.0,0.0,207.0,50.0,713.0,0.0,576.0,0.0,163.0,30.0,126.0,0.0,128.0,0.0
2021-02-10 09:00:00+00:00,214.0,1322.0,3.0,161.0,277.0,260.0,0.0,0.0,318.0,0.0,0.0,0.0,0.0,0.0,0.0,0.0,0.0,0.0,47.0,0.0,598.0,0.0,0.0,3.0,0.0,0.0,0.0,576.0,853.0,0.0,168.0,48.0,734.0,0.0,604.0,0.0,110.0,107.0,93.0,0.0,117.0,0.0
2021-02-10 10:00:00+00:00,222.0,1304.0,9.0,145.0,258.0,625.0,0.0,0.0,305.0,0.0,0.0,0.0,0.0,0.0,0.0,0.0,0.0,0.0,0.0,0.0,554.0,0.0,0.0,2.0,0.0,0.0,0.0,541.0,1325.0,32.0,349.0,53.0,721.0,0.0,600.0,0.0,92.0,50.0,26.0,0.0,143.0,0.0
2021-02-10 11:00:00+00:00,217.0,1334.0,2.0,134.0,266.0,597.0,0.0,4.0,337.0,0.0,0.0,0.0,0.0,0.0,0.0,0.0,0.0,0.0,0.0,0.0,470.0,0.0,0.0,1.0,0.0,0.0,0.0,577.0,1420.0,65.0,295.0,107.0,754.0,0.0,619.0,0.0,57.0,74.0,74.0,0.0,132.0,0.0
2021-02-10 12:00:00+00:00,196.0,1324.0,0.0,108.0,243.0,517.0,0.0,18.0,354.0,0.0,0.0,0.0,0.0,0.0,0.0,0.0,0.0,0.0,0.0,0.0,491.0,0.0,0.0,3.0,0.0,0.0,0.0,597.0,1260.0,55.0,336.0,142.0,766.0,0.0,622.0,0.0,29.0,129.0,90.0,0.0,133.0,0.0
2021-02-10 13:00:00+00:00,221.0,1328.0,2.0,114.0,224.0,187.0,0.0,25.0,348.0,0.0,0.0,0.0,0.0,0.0,0.0,0.0,0.0,0.0,56.0,0.0,568.0,0.0,0.0,6.0,0.0,0.0,0.0,565.0,899.0,0.0,164.0,182.0,756.0,0.0,607.0,0.0,16.0,138.0,39.0,0.0,146.0,0.0
2021-02-10 14:00:00+00:00,271.0,1356.0,2.0,141.0,230.0,169.0,0.0,2.0,214.0,0.0,0.0,0.0,0.0,0.0,0.0,0.0,4.0,0.0,54.0,0.0,577.0,0.0,0.0,0.0,0.0,0.0,0.0,557.0,851.0,0.0,149.0,198.0,758.0,0.0,606.0,0.0,78.0,100.0,30.0,0.0,152.0,0.0
2021-02-10 15:00:00+00:00,351.0,1319.0,10.0,190.0,215.0,177.0,0.0,0.0,53.0,0.0,0.0,0.0,0.0,0.0,0.0,0.0,12.0,0.0,63.0,0.0,578.0,2.0,0.0,0.0,0.0,0.0,0.0,453.0,851.0,0.0,161.0,244.0,725.0,0.0,579.0,18.0,110.0,58.0,6.0,0.0,182.0,0.0
2021-02-10 16:00:00+00:00,314.0,1235.0,11.0,240.0,267.0,156.0,0.0,0.0,32.0,0.0,0.0,0.0,0.0,0.0,0.0,0.0,47.0,0.0,78.0,0.0,491.0,3.0,0.0,0.0,0.0,0.0,0.0,354.0,850.0,0.0,222.0,231.0,664.0,0.0,520.0,99.0,139.0,61.0,0.0,0.0,175.0,0.0
2021-02-10 17:00:00+00:00,281.0,1247.0,18.0,222.0,256.0,143.0,0.0,0.0,51.0,0.0,0.0,0.0,0.0,0.0,0.0,0.0,67.0,0.0,76.0,0.0,533.0,1.0,0.0,0.0,0.0,0.0,0.0,339.0,851.0,0.0,233.0,230.0,619.0,0.0,502.0,131.0,131.0,44.0,0.0,0.0,197.0,0.0
2021-02-10 18:00:00+00:00,246.0,1399.0,21.0,217.0,286.0,488.0,0.0,0.0,107.0,0.0,0.0,0.0,0.0,0.0,0.0,0.0,67.0,0.0,0.0,0.0,598.0,0.0,0.0,0.0,0.0,0.0,0.0,398.0,1310.0,52.0,379.0,193.0,632.0,0.0,541.0,58.0,126.0,43.0,0.0,0.0,190.0,0.0
2021-02-10 19:00:00+00:00,249.0,1486.0,40.0,227.0,277.0,606.0,0.0,0.0,44.0,0.0,0.0,0.0,0.0,0.0,0.0,0.0,51.0,0.0,0.0,0.0,596.0,1.0,0.0,0.0,0.0,0.0,0.0,471.0,1418.0,89.0,210.0,54.0,615.0,0.0,546.0,0.0,166.0,22.0,45.0,0.0,152.0,0.0
2021-02-10 20:00:00+00:00,226.0,1421.0,34.0,206.0,233.0,569.0,0.0,1.0,31.0,0.0,0.0,0.0,0.0,0.0,0.0,0.0,23.0,0.0,0.0,0.0,595.0,4.0,0.0,0.0,0.0,0.0,0.0,468.0,1429.0,41.0,311.0,18.0,603.0,0.0,544.0,0.0,112.0,30.0,80.0,0.0,131.0,0.0
2021-02-10 21:00:00+00:00,328.0,1511.0,37.0,230.0,236.0,748.0,0.0,0.0,3.0,0.0,0.0,0.0,0.0,0.0,0.0,0.0,0.0,0.0,0.0,0.0,549.0,61.0,0.0,1.0,0.0,7.0,0.0,493.0,1420.0,22.0,129.0,0.0,616.0,0.0,556.0,0.0,187.0,36.0,185.0,0.0,142.0,0.0
2021-02-10 22:00:00+00:00,307.0,1461.0,171.0,143.0,164.0,788.0,0.0,16.0,47.0,0.0,0.0,0.0,0.0,0.0,0.0,0.0,0.0,0.0,0.0,0.0,598.0,3.0,0.0,0.0,0.0,0.0,0.0,478.0,1420.0,56.0,80.0,21.0,593.0,0.0,546.0,0.0,25.0,2.0,188.0,0.0,143.0,0.0
2021-02-10 23:00:00+00:00,309.0,1344.0,172.0,146.0,172.0,729.0,0.0,8.0,31.0,0.0,0.0,0.0,0.0,0.0,0.0,0.0,2.0,0.0,0.0,0.0,564.0,32.0,0.0,0.0,0.0,82.0,0.0,504.0,1420.0,52.0,144.0,0.0,494.0,0.0,476.0,0.0,43.0,2.0,196.0,0.0,113.0,0.0
2021-02-11 00:00:00+00:00,264.0,1368.0,274.0,108.0,131.0,695.0,0.0,63.0,19.0,0.0,0.0,0.0,0.0,0.0,0.0,0.0,42.0,0.0,0.0,0.0,535.0,12.0,0.0,0.0,0.0,140.0,0.0,510.0,1419.0,60.0,185.0,0.0,516.0,0.0,481.0,0.0,7.0,0.0,254.0,0.0,84.0,0.0
2021-02-11 01:00:00+00:00,181.0,1410.0,394.0,44.0,84.0,668.0,0.0,248.0,111.0,0.0,0.0,0.0,0.0,0.0,0.0,0.0,41.0,0.0,0.0,0.0,598.0,0.0,0.0,0.0,0.0,90.0,0.0,540.0,1410.0,61.0,199.0,0.0,581.0,0.0,512.0,0.0,0.0,0.0,238.0,0.0,49.0,0.0
2021-02-11 02:00:00+00:00,190.0,1401.0,375.0,27.0,77.0,647.0,0.0,269.0,111.0,0.0,0.0,0.0,0.0,0.0,0.0,0.0,41.0,0.0,0.0,0.0,599.0,0.0,0.0,0.0,0.0,0.0,0.0,564.0,1418.0,80.0,222.0,27.0,611.0,0.0,525.0,0.0,0.0,0.0,259.0,0.0,45.0,0.0
2021-02-11 03:00:00+00:00,196.0,1423.0,246.0,10.0,79.0,556.0,0.0,239.0,150.0,0.0,0.0,0.0,0.0,0.0,0.0,0.0,35.0,0.0,0.0,0.0,558.0,0.0,2.0,0.0,0.0,0.0,0.0,567.0,1425.0,79.0,250.0,75.0,666.0,0.0,544.0,0.0,0.0,2.0,258.0,0.0,28.0,0.0
2021-02-11 04:00:00+00:00,287.0,1326.0,91.0,17.0,12.0,0.0,0.0,141.0,34.0,0.0,0.0,0.0,0.0,0.0,0.0,0.0,25.0,103.0,102.0,0.0,493.0,5.0,0.0,0.0,0.0,0.0,0.0,452.0,1288.0,0.0,309.0,131.0,669.0,0.0,522.0,0.0,0.0,9.0,192.0,0.0,67.0,0.0
2021-02-11 05:00:00+00:00,305.0,1403.0,6.0,77.0,100.0,0.0,0.0,25.0,90.0,0.0,0.0,0.0,0.0,0.0,0.0,0.0,29.0,7.0,133.0,0.0,505.0,0.0,0.0,0.0,0.0,0.0,0.0,433.0,1278.0,0.0,404.0,160.0,722.0,0.0,585.0,0.0,16.0,136.0,67.0,0.0,145.0,0.0
2021-02-11 06:00:00+00:00,225.0,1294.0,2.0,72.0,154.0,298.0,0.0,25.0,214.0,0.0,0.0,0.0,0.0,0.0,0.0,0.0,45.0,0.0,60.0,0.0,570.0,0.0,0.0,0.0,0.0,0.0,0.0,391.0,1278.0,0.0,279.0,227.0,674.0,0.0,557.0,74.0,31.0,189.0,0.0,0.0,193.0,0.0
2021-02-11 07:00:00+00:00,158.0,1241.0,1.0,141.0,324.0,417.0,0.0,12.0,299.0,0.0,0.0,0.0,0.0,0.0,0.0,0.0,34.0,0.0,12.0,0.0,599.0,0.0,0.0,0.0,0.0,0.0,0.0,337.0,1280.0,0.0,150.0,434.0,677.0,0.0,536.0,139.0,28.0,188.0,0.0,0.0,166.0,0.0
2021-02-11 08:00:00+00:00,119.0,1238.0,0.0,102.0,291.0,408.0,0.0,21.0,419.0,0.0,0.0,0.0,0.0,0.0,0.0,0.0,0.0,0.0,34.0,0.0,580.0,0.0,0.0,0.0,0.0,0.0,0.0,364.0,1281.0,0.0,181.0,445.0,679.0,0.0,535.0,99.0,12.0,170.0,0.0,0.0,126.0,0.0
2021-02-11 09:00:00+00:00,104.0,1262.0,0.0,89.0,267.0,414.0,0.0,22.0,485.0,0.0,0.0,0.0,0.0,0.0,0.0,0.0,9.0,0.0,15.0,0.0,516.0,0.0,0.0,0.0,0.0,0.0,0.0,368.0,1280.0,0.0,108.0,368.0,664.0,0.0,541.0,125.0,16.0,189.0,0.0,0.0,162.0,0.0
2021-02-11 10:00:00+00:00,168.0,1358.0,2.0,45.0,160.0,542.0,0.0,28.0,476.0,0.0,0.0,0.0,0.0,0.0,0.0,0.0,3.0,0.0,0.0,0.0,272.0,0.0,0.0,0.0,0.0,0.0,0.0,440.0,1413.0,72.0,286.0,191.0,656.0,0.0,567.0,66.0,11.0,164.0,0.0,0.0,171.0,0.0
2021-02-11 11:00:00+00:00,210.0,1387.0,0.0,30.0,147.0,547.0,0.0,40.0,471.0,0.0,0.0,0.0,0.0,0.0,0.0,0.0,0.0,0.0,0.0,0.0,201.0,0.0,0.0,0.0,0.0,0.0,0.0,464.0,1420.0,64.0,298.0,205.0,694.0,0.0,589.0,31.0,7.0,155.0,0.0,0.0,158.0,0.0
2021-02-11 12:00:00+00:00,211.0,1428.0,0.0,26.0,148.0,588.0,0.0,29.0,490.0,0.0,0.0,0.0,0.0,0.0,0.0,0.0,6.0,0.0,0.0,0.0,202.0,0.0,0.0,0.0,0.0,0.0,0.0,486.0,1421.0,68.0,261.0,113.0,577.0,0.0,626.0,11.0,17.0,236.0,15.0,0.0,155.0,0.0
2021-02-11 13:00:00+00:00,254.0,1281.0,2.0,21.0,102.0,361.0,0.0,73.0,463.0,0.0,0.0,0.0,0.0,0.0,0.0,0.0,0.0,0.0,22.0,0.0,371.0,0.0,0.0,0.0,0.0,0.0,0.0,471.0,1289.0,0.0,149.0,162.0,576.0,0.0,601.0,5.0,1.0,151.0,3.0,0.0,144.0,0.0
2021-02-11 14:00:00+00:00,228.0,1366.0,0.0,46.0,164.0,340.0,0.0,56.0,471.0,0.0,0.0,0.0,0.0,0.0,0.0,0.0,11.0,0.0,43.0,0.0,402.0,0.0,0.0,0.0,0.0,0.0,0.0,501.0,1282.0,0.0,178.0,140.0,731.0,0.0,606.0,2.0,4.0,155.0,18.0,0.0,164.0,0.0
2021-02-11 15:00:00+00:00,245.0,1274.0,27.0,66.0,170.0,297.0,0.0,114.0,384.0,0.0,0.0,0.0,0.0,0.0,0.0,0.0,40.0,0.0,75.0,0.0,406.0,0.0,0.0,0.0,0.0,0.0,0.0,444.0,1281.0,0.0,239.0,266.0,715.0,0.0,577.0,41.0,1.0,62.0,0.0,0.0,144.0,0.0
2021-02-11 16:00:00+00:00,180.0,1136.0,8.0,144.0,258.0,227.0,0.0,16.0,351.0,0.0,0.0,0.0,0.0,0.0,0.0,0.0,78.0,0.0,98.0,0.0,565.0,0.0,0.0,0.0,0.0,0.0,0.0,369.0,1282.0,0.0,370.0,215.0,632.0,0.0,531.0,171.0,57.0,115.0,0.0,0.0,192.0,0.0
2021-02-11 17:00:00+00:00,171.0,1167.0,2.0,154.0,262.0,253.0,0.0,6.0,303.0,0.0,0.0,0.0,0.0,0.0,0.0,0.0,110.0,0.0,92.0,0.0,595.0,0.0,0.0,0.0,0.0,0.0,0.0,407.0,1282.0,0.0,328.0,170.0,605.0,0.0,532.0,132.0,48.0,117.0,0.0,0.0,198.0,0.0
2021-02-11 18:00:00+00:00,184.0,1214.0,15.0,156.0,236.0,426.0,0.0,0.0,221.0,0.0,0.0,0.0,0.0,0.0,0.0,0.0,110.0,0.0,0.0,0.0,600.0,0.0,0.0,0.0,0.0,0.0,0.0,421.0,1409.0,5.0,499.0,108.0,593.0,0.0,537.0,106.0,100.0,55.0,0.0,0.0,207.0,0.0
2021-02-11 19:00:00+00:00,176.0,1256.0,74.0,214.0,316.0,407.0,0.0,0.0,164.0,0.0,0.0,0.0,0.0,0.0,0.0,0.0,93.0,0.0,0.0,0.0,600.0,0.0,0.0,0.0,0.0,0.0,0.0,486.0,1421.0,32.0,520.0,22.0,596.0,0.0,556.0,43.0,206.0,25.0,0.0,0.0,179.0,0.0
2021-02-11 20:00:00+00:00,257.0,1197.0,170.0,258.0,297.0,422.0,0.0,0.0,9.0,0.0,0.0,0.0,0.0,0.0,0.0,0.0,52.0,0.0,11.0,0.0,600.0,23.0,0.0,0.0,0.0,86.0,0.0,525.0,1429.0,0.0,557.0,0.0,585.0,0.0,553.0,6.0,242.0,2.0,28.0,0.0,191.0,0.0
2021-02-11 21:00:00+00:00,355.0,1128.0,410.0,282.0,293.0,376.0,0.0,0.0,0.0,0.0,0.0,0.0,0.0,0.0,0.0,0.0,16.0,0.0,43.0,0.0,600.0,68.0,0.0,0.0,0.0,135.0,0.0,548.0,1421.0,0.0,645.0,0.0,574.0,0.0,532.0,0.0,159.0,0.0,118.0,0.0,161.0,0.0
2021-02-11 22:00:00+00:00,382.0,1159.0,445.0,239.0,270.0,520.0,0.0,0.0,0.0,0.0,0.0,0.0,0.0,0.0,0.0,0.0,0.0,0.0,0.0,0.0,600.0,66.0,0.0,1.0,0.0,109.0,0.0,571.0,1421.0,21.0,437.0,0.0,586.0,0.0,549.0,0.0,81.0,0.0,212.0,0.0,122.0,0.0
2021-02-11 23:00:00+00:00,372.0,1007.0,598.0,276.0,316.0,661.0,0.0,0.0,0.0,0.0,0.0,0.0,0.0,0.0,0.0,0.0,0.0,0.0,0.0,0.0,600.0,120.0,0.0,2.0,0.0,197.0,0.0,576.0,1420.0,63.0,253.0,0.0,525.0,0.0,517.0,0.0,84.0,0.0,199.0,0.0,170.0,0.0
2021-02-12 00:00:00+00:00,353.0,898.0,603.0,282.0,303.0,676.0,0.0,0.0,0.0,0.0,0.0,0.0,0.0,0.0,0.0,0.0,0.0,0.0,0.0,0.0,601.0,256.0,0.0,1.0,0.0,190.0,0.0,587.0,1419.0,80.0,184.0,0.0,531.0,0.0,493.0,0.0,127.0,0.0,229.0,0.0,151.0,0.0
2021-02-12 01:00:00+00:00,402.0,875.0,606.0,266.0,244.0,654.0,0.0,0.0,0.0,0.0,0.0,0.0,0.0,0.0,0.0,0.0,0.0,0.0,0.0,0.0,601.0,309.0,0.0,2.0,0.0,145.0,0.0,574.0,1411.0,88.0,201.0,0.0,552.0,0.0,483.0,0.0,129.0,0.0,225.0,0.0,138.0,0.0
2021-02-12 02:00:00+00:00,439.0,839.0,593.0,242.0,174.0,639.0,0.0,0.0,0.0,0.0,0.0,0.0,0.0,0.0,0.0,0.0,0.0,0.0,0.0,0.0,600.0,359.0,0.0,1.0,0.0,88.0,0.0,543.0,1418.0,102.0,202.0,0.0,565.0,0.0,468.0,0.0,135.0,0.0,201.0,0.0,132.0,0.0
2021-02-12 03:00:00+00:00,441.0,836.0,477.0,246.0,172.0,638.0,0.0,0.0,0.0,0.0,0.0,0.0,0.0,0.0,0.0,0.0,4.0,0.0,0.0,0.0,600.0,373.0,0.0,0.0,0.0,49.0,0.0,553.0,1426.0,68.0,201.0,0.0,597.0,0.0,479.0,0.0,208.0,0.0,179.0,0.0,134.0,0.0
2021-02-12 04:00:00+00:00,390.0,919.0,347.0,266.0,210.0,8.0,0.0,0.0,0.0,0.0,0.0,0.0,0.0,0.0,0.0,0.0,0.0,0.0,91.0,0.0,599.0,323.0,0.0,0.0,0.0,0.0,0.0,505.0,1090.0,0.0,293.0,20.0,587.0,0.0,477.0,0.0,230.0,0.0,148.0,0.0,143.0,0.0
2021-02-12 05:00:00+00:00,398.0,1068.0,156.0,206.0,175.0,110.0,0.0,0.0,0.0,0.0,0.0,0.0,0.0,0.0,0.0,0.0,13.0,0.0,87.0,0.0,543.0,179.0,0.0,0.0,0.0,0.0,0.0,474.0,1097.0,0.0,262.0,113.0,592.0,0.0,499.0,0.0,318.0,0.0,71.0,0.0,168.0,0.0
2021-02-12 06:00:00+00:00,305.0,1144.0,157.0,254.0,319.0,303.0,0.0,0.0,10.0,0.0,0.0,0.0,0.0,0.0,0.0,0.0,45.0,0.0,75.0,0.0,599.0,28.0,0.0,0.0,0.0,0.0,0.0,523.0,1050.0,0.0,590.0,58.0,615.0,0.0,535.0,0.0,315.0,2.0,24.0,0.0,193.0,0.0
2021-02-12 07:00:00+00:00,257.0,1180.0,119.0,227.0,301.0,473.0,0.0,0.0,108.0,0.0,0.0,0.0,0.0,0.0,0.0,0.0,27.0,0.0,0.0,0.0,601.0,0.0,0.0,0.0,0.0,32.0,0.0,474.0,1049.0,2.0,339.0,0.0,603.0,0.0,535.0,46.0,248.0,2.0,0.0,0.0,176.0,0.0
2021-02-12 08:00:00+00:00,206.0,1173.0,135.0,234.0,326.0,492.0,0.0,0.0,187.0,0.0,0.0,0.0,0.0,0.0,0.0,0.0,8.0,0.0,0.0,0.0,598.0,0.0,0.0,0.0,0.0,16.0,0.0,505.0,1049.0,36.0,229.0,0.0,576.0,0.0,526.0,0.0,262.0,2.0,21.0,0.0,138.0,0.0
2021-02-12 09:00:00+00:00,188.0,1154.0,102.0,195.0,303.0,445.0,0.0,0.0,268.0,0.0,0.0,0.0,0.0,0.0,0.0,0.0,0.0,0.0,0.0,0.0,525.0,0.0,0.0,1.0,0.0,10.0,0.0,515.0,1051.0,14.0,310.0,0.0,558.0,0.0,506.0,0.0,209.0,2.0,101.0,0.0,69.0,0.0
2021-02-12 10:00:00+00:00,167.0,1196.0,102.0,195.0,317.0,504.0,0.0,0.0,282.0,0.0,0.0,0.0,0.0,0.0,3.0,0.0,0.0,0.0,0.0,0.0,532.0,0.0,0.0,2.0,0.0,0.0,0.0,559.0,1377.0,116.0,292.0,23.0,589.0,0.0,527.0,0.0,207.0,3.0,216.0,0.0,11.0,0.0
2021-02-12 11:00:00+00:00,202.0,1281.0,93.0,177.0,287.0,594.0,0.0,0.0,247.0,0.0,0.0,0.0,0.0,0.0,1.0,0.0,1.0,0.0,0.0,0.0,426.0,0.0,0.0,0.0,0.0,0.0,0.0,520.0,1419.0,128.0,232.0,37.0,591.0,0.0,529.0,0.0,194.0,6.0,161.0,0.0,14.0,0.0
2021-02-12 12:00:00+00:00,204.0,1066.0,56.0,164.0,239.0,694.0,0.0,0.0,210.0,0.0,0.0,0.0,0.0,0.0,0.0,0.0,0.0,0.0,0.0,0.0,568.0,0.0,0.0,2.0,0.0,5.0,0.0,466.0,1419.0,164.0,30.0,0.0,551.0,0.0,484.0,0.0,163.0,14.0,97.0,0.0,21.0,0.0
2021-02-12 13:00:00+00:00,365.0,818.0,55.0,193.0,148.0,648.0,53.0,0.0,68.0,0.0,0.0,0.0,0.0,0.0,0.0,0.0,2.0,0.0,0.0,0.0,599.0,0.0,0.0,0.0,0.0,0.0,0.0,,1094.0,116.0,0.0,12.0,440.0,0.0,375.0,101.0,170.0,18.0,0.0,,50.0,0.0
2021-02-12 14:00:00+00:00,380.0,880.0,30.0,217.0,187.0,677.0,133.0,0.0,37.0,0.0,0.0,0.0,0.0,0.0,0.0,0.0,1.0,0.0,0.0,0.0,601.0,3.0,0.0,0.0,0.0,0.0,0.0,,1050.0,139.0,0.0,50.0,492.0,0.0,404.0,145.0,198.0,37.0,0.0,,93.0,0.0
2021-02-12 15:00:00+00:00,349.0,883.0,48.0,235.0,234.0,568.0,0.0,0.0,87.0,0.0,0.0,0.0,0.0,0.0,0.0,0.0,34.0,0.0,0.0,0.0,598.0,0.0,0.0,0.0,0.0,0.0,0.0,,1050.0,106.0,58.0,101.0,473.0,0.0,403.0,232.0,185.0,29.0,0.0,,170.0,0.0
2021-02-12 16:00:00+00:00,311.0,827.0,58.0,256.0,246.0,536.0,0.0,0.0,106.0,0.0,0.0,0.0,0.0,0.0,0.0,0.0,69.0,0.0,0.0,0.0,512.0,0.0,0.0,0.0,0.0,0.0,0.0,,1050.0,126.0,84.0,44.0,415.0,0.0,379.0,400.0,189.0,23.0,0.0,,261.0,0.0
2021-02-12 17:00:00+00:00,292.0,934.0,102.0,283.0,280.0,458.0,0.0,0.0,47.0,0.0,0.0,0.0,0.0,0.0,0.0,0.0,103.0,0.0,0.0,0.0,539.0,1.0,0.0,0.0,0.0,5.0,0.0,,1051.0,99.0,194.0,0.0,412.0,0.0,405.0,389.0,223.0,10.0,0.0,,282.0,0.0
2021-02-12 18:00:00+00:00,309.0,1005.0,137.0,322.0,329.0,633.0,0.0,0.0,2.0,0.0,0.0,0.0,0.0,0.0,0.0,0.0,103.0,0.0,0.0,0.0,555.0,28.0,0.0,0.0,0.0,28.0,0.0,,1370.0,137.0,130.0,0.0,428.0,0.0,416.0,274.0,257.0,2.0,0.0,,249.0,0.0
2021-02-12 19:00:00+00:00,312.0,977.0,146.0,322.0,323.0,697.0,0.0,0.0,1.0,0.0,0.0,0.0,0.0,0.0,0.0,0.0,84.0,0.0,0.0,0.0,599.0,73.0,0.0,0.0,0.0,55.0,0.0,,1417.0,156.0,103.0,0.0,410.0,0.0,399.0,201.0,270.0,2.0,0.0,,199.0,0.0
2021-02-12 20:00:00+00:00,369.0,871.0,170.0,311.0,282.0,605.0,0.0,0.0,0.0,0.0,0.0,0.0,0.0,0.0,0.0,0.0,52.0,0.0,0.0,0.0,600.0,116.0,0.0,0.0,0.0,131.0,0.0,,1419.0,138.0,177.0,0.0,348.0,0.0,353.0,161.0,288.0,1.0,0.0,,205.0,0.0
2021-02-12 21:00:00+00:00,466.0,671.0,223.0,329.0,251.0,654.0,0.0,0.0,0.0,0.0,0.0,0.0,0.0,0.0,0.0,0.0,19.0,0.0,0.0,0.0,600.0,174.0,0.0,0.0,0.0,171.0,0.0,,1418.0,134.0,168.0,0.0,297.0,0.0,295.0,182.0,270.0,1.0,0.0,,234.0,0.0
2021-02-12 22:00:00+00:00,463.0,815.0,202.0,319.0,295.0,639.0,0.0,0.0,0.0,0.0,0.0,0.0,0.0,0.0,0.0,0.0,0.0,0.0,0.0,0.0,600.0,120.0,0.0,0.0,0.0,173.0,0.0,,1418.0,124.0,152.0,0.0,363.0,0.0,373.0,58.0,219.0,0.0,0.0,,251.0,0.0
2021-02-12 23:00:00+00:00,550.0,631.0,163.0,256.0,158.0,674.0,85.0,0.0,0.0,0.0,0.0,0.0,0.0,0.0,0.0,0.0,41.0,0.0,0.0,0.0,600.0,295.0,0.0,0.0,0.0,101.0,0.0,,1416.0,130.0,0.0,0.0,266.0,0.0,258.0,174.0,183.0,0.0,0.0,,246.0,0.0
2021-02-13 00:00:00+00:00,477.0,734.0,98.0,223.0,158.0,712.0,92.0,0.0,0.0,0.0,0.0,0.0,0.0,0.0,0.0,0.0,63.0,0.0,0.0,0.0,600.0,260.0,0.0,0.0,0.0,150.0,0.0,,1418.0,130.0,0.0,0.0,342.0,0.0,317.0,118.0,169.0,12.0,0.0,,231.0,0.0
2021-02-13 01:00:00+00:00,458.0,751.0,136.0,200.0,138.0,581.0,0.0,0.0,0.0,0.0,0.0,0.0,0.0,0.0,0.0,0.0,55.0,0.0,0.0,0.0,600.0,246.0,0.0,0.0,0.0,169.0,0.0,,1418.0,89.0,77.0,0.0,410.0,0.0,357.0,37.0,158.0,1.0,0.0,,210.0,0.0
2021-02-13 02:00:00+00:00,448.0,789.0,158.0,191.0,140.0,551.0,0.0,0.0,0.0,0.0,0.0,0.0,0.0,0.0,0.0,0.0,51.0,0.0,0.0,0.0,600.0,227.0,0.0,0.0,0.0,203.0,0.0,,1417.0,90.0,130.0,0.0,432.0,0.0,362.0,11.0,172.0,2.0,0.0,,207.0,0.0
2021-02-13 03:00:00+00:00,428.0,836.0,188.0,205.0,157.0,630.0,0.0,0.0,0.0,0.0,0.0,0.0,0.0,0.0,0.0,0.0,54.0,0.0,0.0,0.0,600.0,225.0,0.0,0.0,0.0,145.0,0.0,,1417.0,143.0,38.0,0.0,468.0,0.0,396.0,0.0,201.0,1.0,14.0,,222.0,0.0
2021-02-13 04:00:00+00:00,440.0,863.0,152.0,199.0,139.0,546.0,0.0,0.0,0.0,0.0,0.0,0.0,0.0,0.0,0.0,0.0,36.0,0.0,0.0,0.0,600.0,263.0,0.0,0.0,0.0,69.0,0.0,,1417.0,125.0,122.0,0.0,470.0,0.0,397.0,38.0,218.0,0.0,0.0,,214.0,0.0
2021-02-13 05:00:00+00:00,507.0,924.0,87.0,205.0,137.0,502.0,0.0,0.0,0.0,0.0,0.0,0.0,0.0,0.0,0.0,0.0,23.0,0.0,0.0,0.0,600.0,235.0,0.0,0.0,0.0,0.0,0.0,,1430.0,111.0,120.0,68.0,468.0,0.0,405.0,128.0,240.0,6.0,0.0,,173.0,0.0
2021-02-13 06:00:00+00:00,447.0,839.0,92.0,247.0,180.0,484.0,0.0,0.0,0.0,0.0,0.0,0.0,0.0,0.0,0.0,0.0,17.0,0.0,0.0,0.0,600.0,245.0,0.0,0.0,0.0,0.0,0.0,,1469.0,120.0,131.0,107.0,429.0,0.0,374.0,160.0,310.0,6.0,0.0,,190.0,0.0
2021-02-13 07:00:00+00:00,374.0,745.0,216.0,310.0,268.0,474.0,0.0,0.0,0.0,0.0,0.0,0.0,0.0,0.0,0.0,0.0,21.0,0.0,0.0,0.0,600.0,168.0,0.0,0.0,0.0,61.0,0.0,,1472.0,110.0,114.0,0.0,343.0,0.0,328.0,133.0,375.0,0.0,0.0,,122.0,0.0
2021-02-13 08:00:00+00:00,342.0,660.0,306.0,333.0,307.0,567.0,36.0,0.0,0.0,0.0,0.0,0.0,0.0,0.0,0.0,0.0,19.0,0.0,0.0,0.0,572.0,109.0,0.0,0.0,0.0,107.0,0.0,,1471.0,144.0,0.0,0.0,281.0,0.0,288.0,48.0,468.0,0.0,0.0,,74.0,0.0
2021-02-13 09:00:00+00:00,275.0,680.0,352.0,348.0,351.0,600.0,79.0,0.0,0.0,0.0,0.0,0.0,0.0,0.0,0.0,0.0,7.0,0.0,0.0,0.0,599.0,50.0,0.0,0.0,0.0,152.0,0.0,,1474.0,153.0,0.0,0.0,273.0,0.0,293.0,4.0,510.0,0.0,28.0,,47.0,0.0
2021-02-13 10:00:00+00:00,245.0,750.0,390.0,366.0,366.0,633.0,103.0,0.0,4.0,0.0,0.0,0.0,0.0,0.0,0.0,0.0,13.0,0.0,0.0,0.0,597.0,69.0,0.0,0.0,0.0,182.0,0.0,,1481.0,145.0,0.0,0.0,240.0,0.0,300.0,0.0,516.0,0.0,128.0,,79.0,0.0
2021-02-13 11:00:00+00:00,283.0,737.0,350.0,361.0,328.0,568.0,108.0,0.0,0.0,0.0,0.0,0.0,0.0,0.0,0.0,0.0,20.0,0.0,0.0,0.0,594.0,123.0,0.0,0.0,0.0,182.0,0.0,,1467.0,136.0,0.0,0.0,241.0,0.0,290.0,0.0,508.0,0.0,117.0,,55.0,0.0
2021-02-13 12:00:00+00:00,294.0,721.0,310.0,337.0,294.0,568.0,72.0,0.0,0.0,0.0,0.0,0.0,0.0,0.0,0.0,0.0,0.0,0.0,0.0,0.0,598.0,113.0,0.0,15.0,0.0,227.0,0.0,,1464.0,139.0,0.0,0.0,261.0,0.0,291.0,0.0,458.0,0.0,79.0,,45.0,0.0
2021-02-13 13:00:00+00:00,371.0,676.0,341.0,350.0,266.0,514.0,19.0,0.0,0.0,0.0,0.0,0.0,0.0,0.0,0.0,0.0,0.0,0.0,0.0,0.0,518.0,101.0,0.0,3.0,0.0,149.0,0.0,,1469.0,144.0,0.0,0.0,275.0,0.0,276.0,26.0,495.0,0.0,1.0,,79.0,0.0
2021-02-13 14:00:00+00:00,420.0,659.0,274.0,309.0,216.0,474.0,31.0,0.0,0.0,0.0,0.0,0.0,0.0,0.0,0.0,0.0,7.0,0.0,0.0,0.0,371.0,104.0,0.0,0.0,0.0,0.0,0.0,,1479.0,153.0,0.0,11.0,299.0,0.0,260.0,141.0,423.0,0.0,0.0,,139.0,0.0
2021-02-13 15:00:00+00:00,343.0,657.0,146.0,254.0,210.0,466.0,0.0,0.0,26.0,0.0,0.0,0.0,0.0,0.0,0.0,0.0,39.0,0.0,0.0,0.0,463.0,7.0,0.0,0.0,0.0,0.0,0.0,,1473.0,117.0,84.0,125.0,358.0,0.0,269.0,244.0,269.0,3.0,0.0,,155.0,0.0
2021-02-13 16:00:00+00:00,331.0,552.0,84.0,231.0,174.0,377.0,0.0,0.0,46.0,0.0,0.0,0.0,0.0,0.0,0.0,0.0,76.0,0.0,0.0,0.0,442.0,4.0,0.0,0.0,0.0,0.0,0.0,,1473.0,112.0,133.0,214.0,309.0,0.0,213.0,510.0,237.0,8.0,0.0,,196.0,0.0
2021-02-13 17:00:00+00:00,329.0,574.0,138.0,273.0,209.0,361.0,0.0,0.0,1.0,0.0,0.0,0.0,0.0,0.0,0.0,0.0,94.0,0.0,0.0,0.0,442.0,40.0,0.0,0.0,0.0,0.0,0.0,,1473.0,117.0,160.0,214.0,258.0,0.0,194.0,598.0,272.0,2.0,0.0,,228.0,0.0
2021-02-13 18:00:00+00:00,337.0,617.0,68.0,198.0,135.0,469.0,0.0,0.0,30.0,0.0,0.0,0.0,0.0,0.0,0.0,0.0,87.0,0.0,0.0,0.0,426.0,3.0,0.0,0.0,0.0,0.0,0.0,,1472.0,122.0,138.0,203.0,226.0,0.0,182.0,603.0,223.0,6.0,0.0,,234.0,0.0
2021-02-13 19:00:00+00:00,273.0,622.0,134.0,234.0,173.0,516.0,0.0,0.0,24.0,0.0,0.0,0.0,0.0,0.0,0.0,0.0,68.0,0.0,0.0,0.0,528.0,13.0,0.0,0.0,0.0,0.0,0.0,,1472.0,119.0,244.0,142.0,228.0,0.0,202.0,466.0,239.0,4.0,0.0,,210.0,0.0
2021-02-13 20:00:00+00:00,289.0,707.0,111.0,211.0,168.0,453.0,0.0,0.0,66.0,0.0,0.0,0.0,0.0,0.0,0.0,0.0,38.0,0.0,0.0,0.0,512.0,1.0,0.0,0.0,0.0,0.0,0.0,,1484.0,118.0,171.0,86.0,263.0,0.0,252.0,377.0,228.0,6.0,0.0,,243.0,0.0
2021-02-13 21:00:00+00:00,344.0,819.0,125.0,246.0,219.0,479.0,0.0,0.0,87.0,0.0,0.0,0.0,0.0,0.0,0.0,0.0,66.0,0.0,0.0,0.0,477.0,2.0,0.0,0.0,0.0,0.0,0.0,,1460.0,111.0,245.0,11.0,288.0,0.0,296.0,291.0,236.0,4.0,0.0,,225.0,0.0
2021-02-13 22:00:00+00:00,342.0,833.0,64.0,229.0,224.0,476.0,0.0,0.0,138.0,0.0,0.0,0.0,0.0,0.0,0.0,0.0,85.0,0.0,0.0,0.0,426.0,0.0,0.0,0.0,0.0,68.0,0.0,,1478.0,107.0,186.0,0.0,267.0,0.0,298.0,199.0,206.0,7.0,0.0,,234.0,0.0
2021-02-13 23:00:00+00:00,334.0,1056.0,10.0,141.0,184.0,504.0,0.0,0.0,237.0,0.0,0.0,0.0,0.0,0.0,0.0,0.0,98.0,0.0,0.0,0.0,213.0,0.0,0.0,0.0,0.0,0.0,0.0,,1469.0,128.0,223.0,82.0,362.0,0.0,346.0,92.0,135.0,54.0,0.0,,193.0,0.0
2021-02-14 00:00:00+00:00,338.0,1055.0,8.0,122.0,160.0,537.0,0.0,0.0,196.0,0.0,0.0,0.0,0.0,0.0,0.0,0.0,85.0,0.0,0.0,0.0,89.0,0.0,0.0,0.0,0.0,0.0,0.0,,1469.0,137.0,192.0,70.0,396.0,0.0,362.0,63.0,121.0,74.0,0.0,,183.0,0.0
2021-02-14 01:00:00+00:00,308.0,1103.0,2.0,86.0,141.0,607.0,0.0,1.0,237.0,0.0,0.0,0.0,0.0,0.0,0.0,0.0,77.0,0.0,0.0,0.0,126.0,0.0,0.0,0.0,0.0,0.0,0.0,,1468.0,172.0,127.0,20.0,474.0,0.0,407.0,1.0,100.0,139.0,18.0,,158.0,0.0
2021-02-14 02:00:00+00:00,264.0,1136.0,46.0,34.0,100.0,571.0,0.0,32.0,287.0,0.0,0.0,0.0,0.0,0.0,0.0,0.0,73.0,0.0,0.0,0.0,224.0,0.0,0.0,0.0,0.0,0.0,0.0,,1458.0,176.0,153.0,47.0,519.0,0.0,428.0,0.0,8.0,20.0,101.0,,99.0,0.0
2021-02-14 03:00:00+00:00,273.0,1060.0,66.0,18.0,84.0,503.0,0.0,52.0,290.0,0.0,0.0,0.0,0.0,0.0,0.0,0.0,74.0,0.0,0.0,0.0,238.0,0.0,0.0,0.0,0.0,0.0,0.0,,1468.0,143.0,214.0,87.0,503.0,0.0,402.0,0.0,6.0,16.0,72.0,,85.0,0.0
2021-02-14 04:00:00+00:00,307.0,1065.0,2.0,34.0,86.0,412.0,0.0,0.0,250.0,0.0,0.0,0.0,0.0,0.0,0.0,0.0,84.0,0.0,0.0,0.0,231.0,0.0,0.0,0.0,0.0,0.0,0.0,,1467.0,125.0,289.0,188.0,518.0,0.0,414.0,0.0,75.0,99.0,40.0,,85.0,0.0
2021-02-14 05:00:00+00:00,330.0,1019.0,7.0,80.0,65.0,330.0,0.0,0.0,119.0,0.0,0.0,0.0,0.0,0.0,0.0,0.0,102.0,0.0,0.0,0.0,148.0,0.0,0.0,0.0,0.0,0.0,0.0,,1467.0,139.0,320.0,149.0,464.0,0.0,376.0,108.0,98.0,70.0,0.0,,137.0,0.0
2021-02-14 06:00:00+00:00,409.0,843.0,40.0,122.0,59.0,382.0,0.0,0.0,27.0,0.0,0.0,0.0,0.0,0.0,0.0,0.0,108.0,0.0,0.0,0.0,2.0,6.0,0.0,0.0,0.0,0.0,0.0,,1465.0,163.0,333.0,161.0,368.0,0.0,284.0,259.0,138.0,26.0,0.0,,123.0,0.0
2021-02-14 07:00:00+00:00,423.0,786.0,86.0,129.0,55.0,393.0,0.0,0.0,76.0,0.0,0.0,0.0,0.0,0.0,0.0,0.0,119.0,0.0,0.0,0.0,110.0,0.0,0.0,0.0,0.0,0.0,0.0,,1465.0,142.0,335.0,118.0,315.0,0.0,245.0,232.0,185.0,6.0,0.0,,108.0,0.0
2021-02-14 08:00:00+00:00,366.0,842.0,62.0,164.0,121.0,411.0,0.0,0.0,140.0,0.0,0.0,0.0,0.0,0.0,0.0,0.0,102.0,0.0,0.0,0.0,155.0,0.0,0.0,0.0,0.0,0.0,0.0,,1465.0,144.0,296.0,50.0,311.0,0.0,269.0,132.0,215.0,8.0,0.0,,85.0,0.0
2021-02-14 09:00:00+00:00,329.0,841.0,96.0,174.0,123.0,426.0,0.0,0.0,146.0,0.0,0.0,0.0,0.0,0.0,0.0,0.0,83.0,0.0,0.0,0.0,152.0,0.0,0.0,0.0,0.0,0.0,0.0,,1471.0,136.0,311.0,40.0,316.0,0.0,290.0,54.0,221.0,5.0,0.0,,74.0,0.0
2021-02-14 10:00:00+00:00,290.0,902.0,82.0,178.0,157.0,422.0,0.0,0.0,216.0,0.0,0.0,0.0,0.0,0.0,0.0,0.0,89.0,0.0,0.0,0.0,207.0,0.0,0.0,0.0,0.0,3.0,0.0,,1472.0,141.0,276.0,0.0,338.0,0.0,323.0,0.0,202.0,6.0,50.0,,41.0,0.0
2021-02-14 11:00:00+00:00,307.0,929.0,81.0,163.0,135.0,435.0,0.0,0.0,256.0,0.0,0.0,0.0,0.0,0.0,0.0,0.0,76.0,0.0,0.0,0.0,95.0,0.0,0.0,0.0,0.0,0.0,0.0,,1471.0,145.0,250.0,19.0,350.0,0.0,334.0,1.0,168.0,9.0,56.0,,48.0,0.0
2021-02-14 12:00:00+00:00,254.0,1007.0,66.0,114.0,130.0,407.0,0.0,2.0,380.0,0.0,0.0,0.0,0.0,0.0,0.0,0.0,88.0,0.0,0.0,0.0,35.0,0.0,0.0,0.0,0.0,0.0,0.0,,1473.0,149.0,314.0,24.0,409.0,0.0,371.0,0.0,74.0,11.0,115.0,,52.0,0.0
2021-02-14 13:00:00+00:00,325.0,993.0,49.0,95.0,48.0,332.0,0.0,2.0,249.0,0.0,0.0,0.0,0.0,0.0,0.0,0.0,107.0,0.0,0.0,0.0,73.0,0.0,0.0,0.0,0.0,0.0,0.0,,1473.0,166.0,381.0,140.0,466.0,0.0,385.0,0.0,70.0,19.0,55.0,,82.0,0.0
2021-02-14 14:00:00+00:00,387.0,959.0,27.0,101.0,15.0,382.0,0.0,0.0,133.0,0.0,0.0,0.0,0.0,0.0,0.0,0.0,147.0,0.0,0.0,0.0,94.0,0.0,0.0,0.0,0.0,0.0,0.0,,1473.0,156.0,342.0,243.0,491.0,0.0,384.0,58.0,127.0,42.0,0.0,,121.0,0.0
2021-02-14 15:00:00+00:00,420.0,798.0,26.0,105.0,0.0,406.0,0.0,0.0,92.0,0.0,0.0,0.0,0.0,0.0,0.0,0.0,159.0,0.0,0.0,0.0,135.0,1.0,0.0,0.0,0.0,0.0,0.0,,1471.0,138.0,372.0,315.0,475.0,3.0,334.0,205.0,110.0,40.0,0.0,,134.0,0.0
2021-02-14 16:00:00+00:00,385.0,601.0,32.0,148.0,53.0,439.0,0.0,2.0,135.0,0.0,0.0,0.0,0.0,0.0,0.0,0.0,154.0,0.0,0.0,0.0,57.0,2.0,0.0,0.0,0.0,0.0,0.0,,1471.0,184.0,287.0,353.0,400.0,0.0,241.0,392.0,159.0,54.0,0.0,,153.0,0.0
2021-02-14 17:00:00+00:00,339.0,495.0,41.0,178.0,84.0,384.0,0.0,0.0,88.0,0.0,0.0,0.0,0.0,0.0,0.0,0.0,119.0,0.0,0.0,0.0,150.0,0.0,0.0,0.0,0.0,0.0,0.0,,1472.0,154.0,356.0,330.0,334.0,0.0,192.0,463.0,211.0,18.0,0.0,,166.0,0.0
2021-02-14 18:00:00+00:00,324.0,534.0,53.0,178.0,97.0,425.0,0.0,0.0,47.0,0.0,0.0,0.0,0.0,0.0,0.0,0.0,118.0,0.0,0.0,0.0,233.0,0.0,0.0,0.0,0.0,0.0,0.0,,1472.0,155.0,330.0,301.0,307.0,0.0,191.0,469.0,218.0,13.0,0.0,,204.0,0.0
2021-02-14 19:00:00+00:00,321.0,616.0,73.0,178.0,114.0,454.0,0.0,0.0,75.0,0.0,0.0,0.0,0.0,0.0,0.0,0.0,99.0,0.0,0.0,0.0,226.0,0.0,0.0,0.0,0.0,0.0,0.0,,1484.0,152.0,317.0,236.0,319.0,0.0,226.0,312.0,214.0,10.0,0.0,,190.0,0.0
2021-02-14 20:00:00+00:00,364.0,722.0,83.0,162.0,93.0,507.0,0.0,0.0,54.0,0.0,0.0,0.0,0.0,0.0,0.0,0.0,146.0,0.0,0.0,0.0,260.0,1.0,0.0,0.0,0.0,0.0,0.0,,1473.0,138.0,287.0,124.0,348.0,0.0,283.0,210.0,220.0,11.0,0.0,,143.0,0.0
2021-02-14 21:00:00+00:00,400.0,851.0,86.0,178.0,153.0,541.0,0.0,0.0,90.0,0.0,0.0,0.0,0.0,0.0,0.0,0.0,156.0,0.0,0.0,0.0,297.0,0.0,0.0,0.0,0.0,0.0,0.0,,1463.0,136.0,260.0,31.0,384.0,0.0,336.0,135.0,177.0,10.0,0.0,,157.0,0.0
2021-02-14 22:00:00+00:00,304.0,998.0,47.0,182.0,233.0,533.0,0.0,0.0,212.0,0.0,0.0,0.0,0.0,0.0,0.0,0.0,126.0,0.0,0.0,0.0,218.0,0.0,0.0,0.0,0.0,23.0,0.0,,1486.0,126.0,260.0,0.0,438.0,0.0,416.0,20.0,141.0,22.0,0.0,,183.0,0.0
2021-02-14 23:00:00+00:00,195.0,893.0,9.0,114.0,190.0,500.0,0.0,1.0,338.0,0.0,0.0,0.0,0.0,0.0,0.0,0.0,90.0,0.0,0.0,0.0,550.0,0.0,0.0,0.0,0.0,13.0,0.0,,1474.0,121.0,240.0,0.0,386.0,0.0,376.0,79.0,72.0,66.0,0.0,,199.0,0.0
2021-02-15 00:00:00+00:00,267.0,995.0,58.0,87.0,136.0,484.0,0.0,5.0,223.0,0.0,0.0,0.0,0.0,0.0,0.0,0.0,74.0,0.0,0.0,0.0,372.0,0.0,0.0,0.0,0.0,0.0,0.0,,1473.0,122.0,263.0,1.0,441.0,0.0,407.0,32.0,38.0,16.0,0.0,,179.0,0.0
2021-02-15 01:00:00+00:00,240.0,1165.0,126.0,37.0,90.0,479.0,0.0,75.0,264.0,0.0,0.0,0.0,0.0,0.0,0.0,0.0,69.0,0.0,0.0,0.0,311.0,0.0,0.0,0.0,0.0,0.0,0.0,,1462.0,130.0,298.0,21.0,530.0,0.0,467.0,0.0,1.0,1.0,32.0,,149.0,0.0
2021-02-15 02:00:00+00:00,201.0,1240.0,254.0,2.0,51.0,476.0,0.0,188.0,295.0,0.0,0.0,0.0,0.0,0.0,0.0,0.0,69.0,0.0,0.0,0.0,328.0,0.0,11.0,0.0,0.0,0.0,0.0,,1472.0,127.0,308.0,63.0,600.0,0.0,501.0,0.0,0.0,0.0,72.0,,115.0,0.0
2021-02-15 03:00:00+00:00,267.0,1209.0,164.0,10.0,30.0,427.0,0.0,118.0,187.0,0.0,0.0,0.0,0.0,0.0,0.0,0.0,78.0,0.0,0.0,0.0,191.0,0.0,2.0,0.0,0.0,0.0,0.0,,1145.0,128.0,332.0,157.0,595.0,0.0,474.0,47.0,0.0,0.0,0.0,,142.0,0.0
2021-02-15 04:00:00+00:00,412.0,887.0,28.0,38.0,0.0,0.0,0.0,16.0,6.0,0.0,0.0,0.0,0.0,0.0,0.0,0.0,70.0,35.0,16.0,0.0,200.0,26.0,0.0,0.0,0.0,0.0,0.0,,745.0,0.0,179.0,257.0,474.0,62.0,327.0,367.0,45.0,61.0,0.0,,179.0,0.0
2021-02-15 05:00:00+00:00,420.0,670.0,15.0,100.0,0.0,100.0,0.0,0.0,7.0,0.0,0.0,0.0,0.0,0.0,0.0,0.0,84.0,0.0,0.0,0.0,588.0,31.0,0.0,0.0,0.0,0.0,0.0,,694.0,14.0,110.0,316.0,409.0,19.0,248.0,505.0,116.0,52.0,0.0,,230.0,0.0
2021-02-15 06:00:00+00:00,398.0,705.0,43.0,148.0,22.0,173.0,0.0,0.0,4.0,0.0,0.0,0.0,0.0,0.0,0.0,0.0,42.0,0.0,0.0,0.0,601.0,33.0,0.0,0.0,0.0,0.0,0.0,,696.0,21.0,14.0,324.0,391.0,0.0,247.0,578.0,167.0,18.0,0.0,,223.0,0.0
2021-02-15 07:00:00+00:00,348.0,670.0,66.0,182.0,44.0,211.0,20.0,0.0,54.0,0.0,0.0,0.0,0.0,0.0,0.0,0.0,30.0,0.0,0.0,0.0,600.0,1.0,0.0,0.0,0.0,0.0,0.0,,727.0,3.0,0.0,261.0,293.0,0.0,209.0,624.0,180.0,9.0,0.0,,173.0,0.0
2021-02-15 08:00:00+00:00,262.0,879.0,83.0,189.0,95.0,267.0,22.0,0.0,182.0,0.0,0.0,0.0,0.0,0.0,0.0,0.0,4.0,0.0,0.0,0.0,599.0,0.0,0.0,0.0,0.0,0.0,0.0,38.0,681.0,6.0,0.0,122.0,308.0,0.0,275.0,381.0,200.0,8.0,0.0,3.0,114.0,0.0
2021-02-15 09:00:00+00:00,151.0,1102.0,34.0,170.0,158.0,234.0,47.0,0.0,324.0,0.0,0.0,0.0,0.0,0.0,0.0,0.0,8.0,0.0,0.0,0.0,559.0,0.0,0.0,0.0,0.0,0.0,0.0,,699.0,27.0,0.0,23.0,351.0,0.0,344.0,221.0,165.0,23.0,0.0,,88.0,0.0
2021-02-15 10:00:00+00:00,91.0,1215.0,26.0,172.0,198.0,369.0,75.0,0.0,371.0,0.0,0.0,0.0,0.0,0.0,0.0,0.0,18.0,0.0,0.0,0.0,572.0,0.0,0.0,0.0,0.0,22.0,0.0,194.0,1188.0,77.0,0.0,0.0,398.0,0.0,382.0,146.0,139.0,27.0,0.0,0.0,88.0,0.0
2021-02-15 11:00:00+00:00,87.0,1345.0,36.0,168.0,183.0,455.0,197.0,0.0,315.0,0.0,0.0,0.0,0.0,0.0,0.0,0.0,19.0,0.0,0.0,0.0,567.0,0.0,0.0,0.0,0.0,49.0,0.0,264.0,1462.0,97.0,0.0,0.0,479.0,0.0,442.0,72.0,128.0,18.0,0.0,0.0,84.0,0.0
2021-02-15 12:00:00+00:00,100.0,1307.0,14.0,153.0,156.0,450.0,195.0,0.0,316.0,0.0,0.0,0.0,0.0,0.0,0.0,0.0,28.0,0.0,0.0,0.0,576.0,0.0,0.0,0.0,0.0,37.0,0.0,,1145.0,101.0,0.0,0.0,484.0,0.0,442.0,84.0,118.0,50.0,0.0,,97.0,0.0
2021-02-15 13:00:00+00:00,163.0,1273.0,27.0,173.0,131.0,383.0,212.0,0.0,262.0,0.0,0.0,0.0,0.0,0.0,0.0,0.0,30.0,0.0,0.0,0.0,600.0,0.0,0.0,0.0,0.0,0.0,0.0,246.0,755.0,73.0,0.0,69.0,492.0,0.0,436.0,131.0,154.0,31.0,0.0,0.0,120.0,0.0
2021-02-15 14:00:00+00:00,201.0,1189.0,18.0,172.0,119.0,405.0,228.0,0.0,198.0,0.0,0.0,0.0,0.0,0.0,0.0,0.0,77.0,0.0,0.0,0.0,600.0,0.0,0.0,0.0,0.0,0.0,0.0,195.0,701.0,73.0,0.0,170.0,502.0,0.0,410.0,246.0,181.0,41.0,0.0,0.0,166.0,0.0
2021-02-15 15:00:00+00:00,277.0,920.0,71.0,180.0,96.0,395.0,192.0,0.0,78.0,0.0,0.0,0.0,0.0,0.0,0.0,0.0,102.0,0.0,0.0,0.0,600.0,0.0,0.0,0.0,0.0,0.0,0.0,65.0,700.0,82.0,0.0,258.0,465.0,0.0,336.0,459.0,191.0,9.0,0.0,0.0,202.0,0.0
2021-02-15 16:00:00+00:00,210.0,893.0,82.0,245.0,176.0,335.0,137.0,0.0,85.0,0.0,0.0,0.0,0.0,0.0,0.0,0.0,117.0,0.0,0.0,0.0,575.0,8.0,0.0,0.0,0.0,0.0,0.0,25.0,702.0,77.0,0.0,194.0,396.0,0.0,297.0,599.0,261.0,11.0,0.0,0.0,257.0,0.0
2021-02-15 17:00:00+00:00,150.0,961.0,155.0,286.0,255.0,314.0,114.0,0.0,74.0,0.0,0.0,0.0,0.0,0.0,0.0,0.0,146.0,0.0,0.0,0.0,558.0,0.0,0.0,0.0,0.0,0.0,0.0,17.0,702.0,81.0,0.0,101.0,353.0,0.0,306.0,647.0,307.0,2.0,0.0,0.0,318.0,0.0
2021-02-15 18:00:00+00:00,145.0,1047.0,214.0,316.0,297.0,372.0,159.0,0.0,37.0,0.0,0.0,0.0,0.0,0.0,0.0,0.0,141.0,0.0,0.0,0.0,589.0,2.0,0.0,0.0,0.0,0.0,0.0,98.0,1197.0,138.0,0.0,36.0,388.0,0.0,344.0,543.0,329.0,0.0,0.0,0.0,318.0,0.0
2021-02-15 19:00:00+00:00,66.0,1265.0,198.0,295.0,325.0,434.0,189.0,0.0,148.0,0.0,0.0,0.0,0.0,0.0,0.0,0.0,128.0,0.0,0.0,0.0,599.0,0.0,0.0,0.0,0.0,0.0,0.0,251.0,1465.0,140.0,0.0,10.0,474.0,0.0,433.0,332.0,334.0,0.0,0.0,0.0,294.0,0.0
2021-02-15 20:00:00+00:00,26.0,1366.0,179.0,253.0,295.0,547.0,352.0,0.0,228.0,0.0,0.0,0.0,0.0,0.0,0.0,0.0,87.0,0.0,0.0,0.0,542.0,0.0,0.0,0.0,0.0,64.0,0.0,,1483.0,152.0,0.0,0.0,491.0,0.0,475.0,156.0,323.0,2.0,0.0,,335.0,0.0
2021-02-15 21:00:00+00:00,176.0,1379.0,131.0,272.0,307.0,597.0,354.0,0.0,191.0,0.0,0.0,0.0,0.0,0.0,0.0,0.0,92.0,0.0,0.0,0.0,552.0,0.0,0.0,0.0,0.0,150.0,0.0,405.0,1474.0,120.0,0.0,0.0,494.0,0.0,477.0,74.0,336.0,4.0,0.0,0.0,286.0,0.0
2021-02-15 22:00:00+00:00,245.0,1375.0,142.0,265.0,325.0,396.0,123.0,0.0,200.0,0.0,0.0,0.0,0.0,0.0,0.0,0.0,114.0,0.0,0.0,0.0,599.0,0.0,0.0,0.0,0.0,123.0,0.0,433.0,1475.0,62.0,0.0,0.0,491.0,0.0,486.0,13.0,285.0,3.0,6.0,0.0,305.0,0.0
2021-02-15 23:00:00+00:00,315.0,1259.0,164.0,271.0,302.0,499.0,312.0,0.0,46.0,0.0,0.0,0.0,0.0,0.0,0.0,0.0,111.0,0.0,0.0,0.0,601.0,6.0,0.0,0.0,0.0,223.0,0.0,323.0,1472.0,167.0,0.0,0.0,377.0,0.0,399.0,102.0,317.0,0.0,0.0,0.0,315.0,0.0
2021-02-16 00:00:00+00:00,256.0,1236.0,182.0,256.0,278.0,443.0,201.0,0.0,12.0,0.0,0.0,0.0,0.0,0.0,0.0,0.0,97.0,0.0,0.0,0.0,601.0,19.0,0.0,0.0,0.0,285.0,0.0,307.0,1474.0,129.0,0.0,0.0,379.0,0.0,397.0,99.0,355.0,0.0,0.0,0.0,311.0,0.0
2021-02-16 01:00:00+00:00,234.0,1278.0,205.0,237.0,259.0,394.0,123.0,0.0,6.0,0.0,0.0,0.0,0.0,0.0,0.0,0.0,87.0,0.0,0.0,0.0,601.0,32.0,0.0,0.0,0.0,289.0,0.0,342.0,1462.0,107.0,0.0,0.0,425.0,0.0,419.0,37.0,305.0,0.0,0.0,0.0,280.0,0.0
2021-02-16 02:00:00+00:00,231.0,1362.0,154.0,231.0,253.0,382.0,111.0,0.0,7.0,0.0,0.0,0.0,0.0,0.0,0.0,0.0,87.0,0.0,0.0,0.0,600.0,23.0,0.0,0.0,0.0,240.0,0.0,384.0,1472.0,114.0,0.0,0.0,504.0,0.0,466.0,0.0,317.0,2.0,31.0,0.0,253.0,0.0
2021-02-16 03:00:00+00:00,259.0,1355.0,153.0,210.0,215.0,298.0,28.0,0.0,4.0,0.0,0.0,0.0,0.0,0.0,0.0,0.0,60.0,0.0,0.0,0.0,557.0,49.0,0.0,0.0,0.0,201.0,0.0,363.0,1482.0,92.0,0.0,0.0,534.0,0.0,474.0,21.0,306.0,0.0,4.0,0.0,266.0,0.0
2021-02-16 04:00:00+00:00,301.0,1056.0,125.0,222.0,174.0,231.0,104.0,0.0,0.0,0.0,0.0,0.0,0.0,0.0,0.0,0.0,42.0,0.0,0.0,0.0,597.0,89.0,0.0,0.0,0.0,23.0,0.0,266.0,1115.0,79.0,0.0,0.0,441.0,0.0,362.0,122.0,331.0,6.0,0.0,0.0,231.0,0.0
2021-02-16 05:00:00+00:00,432.0,999.0,118.0,202.0,91.0,367.0,298.0,0.0,0.0,0.0,0.0,0.0,0.0,0.0,0.0,0.0,25.0,0.0,0.0,0.0,530.0,136.0,0.0,0.0,0.0,0.0,0.0,232.0,1073.0,150.0,0.0,45.0,419.0,0.0,356.0,275.0,263.0,3.0,0.0,0.0,310.0,0.0
2021-02-16 06:00:00+00:00,370.0,1029.0,114.0,246.0,168.0,251.0,46.0,0.0,0.0,0.0,0.0,0.0,0.0,0.0,0.0,0.0,63.0,0.0,0.0,0.0,536.0,57.0,0.0,0.0,0.0,0.0,0.0,222.0,1072.0,96.0,0.0,63.0,417.0,0.0,371.0,362.0,258.0,2.0,0.0,0.0,329.0,0.0
2021-02-16 07:00:00+00:00,242.0,1035.0,116.0,270.0,205.0,279.0,44.0,0.0,11.0,0.0,0.0,0.0,0.0,0.0,0.0,0.0,49.0,0.0,0.0,0.0,555.0,15.0,0.0,0.0,0.0,0.0,0.0,223.0,1072.0,63.0,0.0,7.0,409.0,0.0,391.0,338.0,274.0,2.0,0.0,0.0,292.0,0.0
2021-02-16 08:00:00+00:00,190.0,1088.0,110.0,286.0,259.0,284.0,56.0,0.0,48.0,0.0,0.0,0.0,0.0,0.0,0.0,0.0,3.0,0.0,0.0,0.0,507.0,1.0,0.0,0.0,0.0,51.0,0.0,268.0,1074.0,51.0,0.0,0.0,393.0,0.0,409.0,261.0,280.0,4.0,0.0,0.0,260.0,0.0
2021-02-16 09:00:00+00:00,119.0,1089.0,146.0,290.0,322.0,282.0,59.0,0.0,152.0,0.0,0.0,0.0,0.0,0.0,0.0,0.0,0.0,0.0,0.0,0.0,586.0,0.0,0.0,1.0,0.0,67.0,0.0,,1074.0,42.0,0.0,0.0,427.0,0.0,424.0,174.0,269.0,1.0,0.0,,246.0,0.0
2021-02-16 10:00:00+00:00,119.0,1015.0,131.0,287.0,320.0,319.0,39.0,0.0,160.0,0.0,0.0,0.0,0.0,0.0,0.0,0.0,0.0,0.0,0.0,0.0,537.0,0.0,0.0,1.0,0.0,51.0,0.0,256.0,1423.0,70.0,0.0,0.0,438.0,0.0,409.0,161.0,248.0,0.0,0.0,0.0,251.0,0.0
2021-02-16 11:00:00+00:00,89.0,979.0,112.0,256.0,292.0,408.0,140.0,0.0,218.0,0.0,0.0,0.0,0.0,0.0,0.0,0.0,3.0,0.0,0.0,0.0,541.0,0.0,0.0,0.0,0.0,11.0,0.0,281.0,1472.0,94.0,0.0,0.0,461.0,0.0,421.0,139.0,203.0,2.0,0.0,0.0,252.0,0.0
2021-02-16 12:00:00+00:00,81.0,958.0,88.0,253.0,281.0,432.0,197.0,0.0,192.0,0.0,0.0,0.0,0.0,0.0,0.0,0.0,0.0,0.0,0.0,0.0,547.0,0.0,0.0,0.0,0.0,0.0,0.0,252.0,1472.0,103.0,0.0,52.0,436.0,0.0,397.0,192.0,225.0,3.0,0.0,0.0,246.0,0.0
2021-02-16 13:00:00+00:00,211.0,927.0,116.0,266.0,219.0,400.0,193.0,0.0,66.0,0.0,0.0,0.0,0.0,0.0,0.0,0.0,1.0,0.0,0.0,0.0,530.0,5.0,0.0,0.0,0.0,0.0,0.0,171.0,1124.0,54.0,0.0,117.0,429.0,0.0,338.0,325.0,252.0,2.0,0.0,0.0,241.0,0.0
2021-02-16 14:00:00+00:00,263.0,956.0,92.0,250.0,185.0,402.0,181.0,0.0,29.0,0.0,0.0,0.0,0.0,0.0,0.0,0.0,26.0,0.0,0.0,0.0,506.0,12.0,0.0,0.0,0.0,0.0,0.0,125.0,1073.0,33.0,0.0,154.0,429.0,0.0,326.0,415.0,254.0,4.0,0.0,0.0,255.0,0.0
2021-02-16 15:00:00+00:00,233.0,943.0,48.0,216.0,164.0,330.0,54.0,0.0,101.0,0.0,0.0,0.0,0.0,0.0,0.0,0.0,87.0,0.0,7.0,0.0,497.0,0.0,0.0,0.0,0.0,0.0,0.0,34.0,1073.0,0.0,0.0,262.0,405.0,0.0,285.0,565.0,217.0,20.0,0.0,21.0,240.0,0.0
2021-02-16 16:00:00+00:00,280.0,700.0,50.0,201.0,106.0,332.0,61.0,0.0,71.0,0.0,0.0,0.0,0.0,0.0,0.0,0.0,132.0,0.0,0.0,0.0,354.0,0.0,0.0,0.0,0.0,0.0,0.0,0.0,1074.0,3.0,0.0,320.0,317.0,0.0,184.0,729.0,190.0,24.0,0.0,142.0,230.0,0.0
2021-02-16 17:00:00+00:00,258.0,730.0,46.0,205.0,100.0,338.0,81.0,0.0,43.0,0.0,0.0,0.0,0.0,0.0,0.0,0.0,161.0,0.0,0.0,0.0,316.0,1.0,0.0,0.0,0.0,0.0,0.0,0.0,1073.0,12.0,0.0,310.0,294.0,0.0,182.0,732.0,174.0,18.0,0.0,162.0,213.0,0.0
2021-02-16 18:00:00+00:00,292.0,783.0,71.0,213.0,98.0,445.0,195.0,0.0,8.0,0.0,0.0,0.0,0.0,0.0,0.0,0.0,165.0,0.0,0.0,0.0,313.0,19.0,0.0,0.0,0.0,0.0,0.0,0.0,1415.0,107.0,0.0,281.0,274.0,0.0,190.0,684.0,172.0,6.0,0.0,134.0,230.0,0.0
2021-02-16 19:00:00+00:00,217.0,918.0,82.0,223.0,136.0,508.0,245.0,0.0,28.0,0.0,0.0,0.0,0.0,0.0,0.0,0.0,130.0,0.0,0.0,0.0,466.0,6.0,0.0,0.0,0.0,0.0,0.0,0.0,1484.0,136.0,0.0,199.0,256.0,0.0,237.0,580.0,195.0,4.0,0.0,66.0,274.0,0.0
2021-02-16 20:00:00+00:00,330.0,749.0,134.0,234.0,95.0,482.0,256.0,0.0,1.0,0.0,0.0,0.0,0.0,0.0,0.0,0.0,93.0,0.0,0.0,0.0,597.0,118.0,0.0,0.0,0.0,0.0,0.0,0.0,1463.0,148.0,0.0,132.0,217.0,0.0,206.0,550.0,251.0,3.0,0.0,51.0,269.0,0.0
2021-02-16 21:00:00+00:00,429.0,673.0,101.0,219.0,69.0,548.0,325.0,0.0,0.0,0.0,0.0,0.0,0.0,0.0,0.0,0.0,104.0,0.0,0.0,0.0,593.0,86.0,0.0,0.0,0.0,0.0,0.0,0.0,1485.0,148.0,0.0,126.0,235.0,0.0,190.0,473.0,250.0,3.0,0.0,52.0,241.0,0.0
2021-02-16 22:00:00+00:00,504.0,737.0,150.0,236.0,95.0,597.0,387.0,0.0,0.0,0.0,0.0,0.0,0.0,0.0,0.0,0.0,91.0,0.0,0.0,0.0,506.0,121.0,0.0,0.0,0.0,0.0,0.0,0.0,1473.0,148.0,0.0,59.0,212.0,0.0,187.0,426.0,249.0,2.0,0.0,46.0,244.0,0.0
2021-02-16 23:00:00+00:00,580.0,456.0,166.0,230.0,18.0,512.0,300.0,0.0,0.0,0.0,0.0,0.0,0.0,0.0,0.0,0.0,85.0,0.0,0.0,0.0,598.0,155.0,0.0,0.0,0.0,0.0,0.0,0.0,1473.0,128.0,0.0,17.0,87.0,0.0,69.0,472.0,268.0,2.0,0.0,169.0,212.0,0.0
2021-02-17 00:00:00+00:00,554.0,507.0,138.0,212.0,0.0,557.0,330.0,0.0,0.0,0.0,0.0,0.0,0.0,0.0,0.0,0.0,68.0,0.0,0.0,0.0,601.0,169.0,0.0,0.0,0.0,0.0,0.0,0.0,1471.0,152.0,0.0,21.0,111.0,7.0,80.0,411.0,284.0,1.0,0.0,148.0,175.0,0.0
2021-02-17 01:00:00+00:00,594.0,589.0,148.0,202.0,0.0,490.0,266.0,0.0,0.0,0.0,0.0,0.0,0.0,0.0,0.0,0.0,59.0,0.0,0.0,0.0,601.0,246.0,0.0,0.0,0.0,0.0,0.0,0.0,1461.0,128.0,0.0,0.0,164.0,39.0,119.0,355.0,259.0,2.0,0.0,127.0,139.0,0.0
2021-02-17 02:00:00+00:00,613.0,620.0,146.0,174.0,0.0,478.0,234.0,0.0,0.0,0.0,0.0,0.0,0.0,0.0,0.0,0.0,57.0,0.0,0.0,0.0,601.0,272.0,0.0,0.0,0.0,0.0,0.0,0.0,1472.0,132.0,0.0,32.0,223.0,88.0,145.0,334.0,251.0,0.0,0.0,131.0,115.0,0.0
2021-02-17 03:00:00+00:00,599.0,602.0,98.0,142.0,0.0,267.0,45.0,0.0,0.0,0.0,0.0,0.0,0.0,0.0,0.0,0.0,60.0,0.0,0.0,0.0,601.0,245.0,0.0,0.0,0.0,0.0,0.0,0.0,1149.0,72.0,0.0,109.0,269.0,135.0,153.0,375.0,248.0,6.0,0.0,162.0,102.0,0.0
2021-02-17 04:00:00+00:00,620.0,394.0,106.0,150.0,0.0,0.0,0.0,0.0,0.0,0.0,0.0,0.0,0.0,0.0,0.0,0.0,82.0,8.0,89.0,0.0,600.0,283.0,0.0,0.0,0.0,0.0,0.0,0.0,751.0,0.0,239.0,317.0,229.0,165.0,83.0,460.0,240.0,2.0,0.0,186.0,124.0,0.0
2021-02-17 05:00:00+00:00,627.0,591.0,110.0,174.0,0.0,15.0,0.0,0.0,0.0,0.0,0.0,0.0,0.0,0.0,0.0,0.0,54.0,0.0,133.0,0.0,572.0,217.0,0.0,0.0,0.0,0.0,0.0,0.0,699.0,0.0,349.0,369.0,227.0,86.0,139.0,469.0,252.0,2.0,0.0,110.0,217.0,0.0
2021-02-17 06:00:00+00:00,484.0,757.0,61.0,169.0,0.0,21.0,0.0,0.0,1.0,0.0,0.0,0.0,0.0,0.0,0.0,0.0,58.0,0.0,137.0,0.0,432.0,56.0,0.0,0.0,0.0,0.0,0.0,0.0,700.0,0.0,382.0,339.0,219.0,13.0,168.0,661.0,191.0,8.0,0.0,125.0,260.0,0.0
2021-02-17 07:00:00+00:00,394.0,811.0,71.0,163.0,0.0,68.0,0.0,0.0,0.0,0.0,0.0,0.0,0.0,0.0,0.0,0.0,43.0,0.0,176.0,0.0,407.0,58.0,0.0,0.0,0.0,0.0,0.0,0.0,699.0,0.0,397.0,293.0,219.0,12.0,182.0,733.0,182.0,4.0,0.0,141.0,256.0,0.0
2021-02-17 08:00:00+00:00,339.0,831.0,82.0,197.0,57.0,75.0,0.0,0.0,28.0,0.0,0.0,0.0,0.0,0.0,0.0,0.0,28.0,0.0,161.0,0.0,382.0,5.0,0.0,0.0,0.0,0.0,0.0,0.0,699.0,0.0,377.0,250.0,218.0,0.0,184.0,681.0,199.0,6.0,0.0,123.0,223.0,0.0
2021-02-17 09:00:00+00:00,341.0,894.0,111.0,222.0,120.0,95.0,0.0,0.0,52.0,0.0,0.0,0.0,0.0,0.0,0.0,0.0,8.0,0.0,126.0,0.0,332.0,2.0,0.0,0.0,0.0,0.0,0.0,,700.0,0.0,289.0,158.0,232.0,0.0,211.0,602.0,212.0,4.0,0.0,,201.0,0.0
2021-02-17 10:00:00+00:00,363.0,978.0,132.0,236.0,144.0,357.0,0.0,0.0,23.0,0.0,0.0,0.0,0.0,0.0,0.0,0.0,1.0,0.0,9.0,0.0,289.0,3.0,0.0,0.0,0.0,0.0,0.0,0.0,1192.0,0.0,22.0,132.0,260.0,0.0,226.0,511.0,239.0,2.0,0.0,26.0,168.0,0.0
2021-02-17 11:00:00+00:00,414.0,856.0,116.0,218.0,83.0,550.0,271.0,0.0,1.0,0.0,0.0,0.0,0.0,0.0,0.0,0.0,0.0,0.0,0.0,0.0,283.0,43.0,0.0,0.0,0.0,0.0,0.0,0.0,1462.0,88.0,0.0,165.0,254.0,0.0,203.0,526.0,229.0,6.0,0.0,52.0,165.0,0.0
2021-02-17 12:00:00+00:00,428.0,811.0,89.0,210.0,37.0,472.0,202.0,0.0,0.0,0.0,0.0,0.0,0.0,0.0,0.0,0.0,2.0,0.0,0.0,0.0,292.0,98.0,0.0,0.0,0.0,0.0,0.0,0.0,1141.0,61.0,0.0,170.0,246.0,0.0,197.0,533.0,229.0,2.0,0.0,67.0,189.0,0.0
2021-02-17 13:00:00+00:00,403.0,702.0,91.0,209.0,3.0,346.0,86.0,0.0,0.0,0.0,0.0,0.0,0.0,0.0,0.0,0.0,1.0,0.0,24.0,0.0,400.0,130.0,0.0,0.0,0.0,0.0,0.0,0.0,751.0,0.0,0.0,214.0,235.0,0.0,173.0,521.0,250.0,15.0,0.0,51.0,192.0,0.0
2021-02-17 14:00:00+00:00,374.0,667.0,78.0,202.0,0.0,320.0,37.0,0.0,0.0,0.0,0.0,0.0,0.0,0.0,0.0,0.0,16.0,0.0,47.0,0.0,486.0,145.0,0.0,0.0,0.0,0.0,0.0,0.0,701.0,0.0,0.0,251.0,262.0,1.0,185.0,505.0,247.0,6.0,0.0,21.0,201.0,0.0
2021-02-17 15:00:00+00:00,390.0,683.0,90.0,186.0,0.0,158.0,0.0,0.0,0.0,0.0,0.0,0.0,0.0,0.0,0.0,0.0,63.0,0.0,138.0,0.0,475.0,138.0,0.0,0.0,0.0,0.0,0.0,,699.0,0.0,249.0,298.0,266.0,13.0,172.0,540.0,231.0,9.0,0.0,,197.0,0.0
2021-02-17 16:00:00+00:00,355.0,693.0,108.0,240.0,59.0,131.0,0.0,0.0,0.0,0.0,0.0,0.0,0.0,0.0,0.0,0.0,132.0,0.0,171.0,0.0,483.0,123.0,0.0,0.0,0.0,0.0,0.0,0.0,700.0,0.0,334.0,277.0,218.0,0.0,152.0,681.0,254.0,4.0,0.0,97.0,227.0,0.0
2021-02-17 17:00:00+00:00,322.0,726.0,135.0,269.0,108.0,117.0,0.0,0.0,0.0,0.0,0.0,0.0,0.0,0.0,0.0,0.0,154.0,0.0,192.0,0.0,538.0,147.0,0.0,0.0,0.0,0.0,0.0,0.0,700.0,0.0,354.0,232.0,206.0,0.0,155.0,633.0,273.0,3.0,0.0,64.0,212.0,0.0
2021-02-17 18:00:00+00:00,320.0,814.0,162.0,258.0,104.0,284.0,0.0,0.0,0.0,0.0,0.0,0.0,0.0,0.0,0.0,0.0,156.0,0.0,45.0,0.0,530.0,146.0,0.0,0.0,0.0,0.0,0.0,0.0,1188.0,0.0,199.0,221.0,220.0,0.0,182.0,583.0,270.0,0.0,0.0,48.0,221.0,0.0
2021-02-17 19:00:00+00:00,331.0,862.0,176.0,276.0,111.0,419.0,22.0,0.0,0.0,0.0,0.0,0.0,0.0,0.0,0.0,0.0,125.0,0.0,0.0,0.0,552.0,211.0,0.0,0.0,0.0,0.0,0.0,5.0,1462.0,13.0,0.0,147.0,228.0,0.0,213.0,498.0,322.0,2.0,0.0,11.0,221.0,0.0
2021-02-17 20:00:00+00:00,384.0,886.0,170.0,237.0,53.0,353.0,0.0,0.0,0.0,0.0,0.0,0.0,0.0,0.0,0.0,0.0,89.0,0.0,1.0,0.0,599.0,219.0,0.0,0.0,0.0,0.0,0.0,51.0,1486.0,0.0,28.0,83.0,282.0,0.0,262.0,334.0,284.0,2.0,0.0,0.0,239.0,0.0
2021-02-17 21:00:00+00:00,420.0,834.0,131.0,233.0,56.0,473.0,64.0,0.0,0.0,0.0,0.0,0.0,0.0,0.0,0.0,0.0,97.0,0.0,12.0,0.0,600.0,145.0,0.0,0.0,0.0,0.0,0.0,54.0,1474.0,0.0,0.0,71.0,309.0,0.0,264.0,325.0,297.0,2.0,0.0,6.0,190.0,0.0
2021-02-17 22:00:00+00:00,481.0,794.0,151.0,234.0,97.0,544.0,154.0,0.0,0.0,0.0,0.0,0.0,0.0,0.0,0.0,0.0,85.0,0.0,0.0,0.0,598.0,148.0,0.0,0.0,0.0,0.0,0.0,115.0,1473.0,4.0,0.0,7.0,306.0,0.0,269.0,201.0,282.0,2.0,0.0,0.0,195.0,0.0
2021-02-17 23:00:00+00:00,513.0,620.0,163.0,261.0,111.0,640.0,252.0,0.0,0.0,0.0,0.0,0.0,0.0,0.0,0.0,0.0,77.0,0.0,0.0,0.0,516.0,285.0,0.0,0.0,0.0,109.0,0.0,24.0,1473.0,62.0,0.0,0.0,135.0,0.0,147.0,258.0,327.0,2.0,0.0,12.0,161.0,0.0
2021-02-18 00:00:00+00:00,504.0,666.0,134.0,245.0,86.0,652.0,330.0,0.0,0.0,0.0,0.0,0.0,0.0,0.0,0.0,0.0,65.0,0.0,0.0,0.0,595.0,321.0,0.0,0.0,0.0,135.0,0.0,0.0,1473.0,95.0,0.0,0.0,155.0,0.0,163.0,294.0,312.0,0.0,0.0,23.0,160.0,0.0
2021-02-18 01:00:00+00:00,567.0,668.0,101.0,219.0,34.0,686.0,340.0,0.0,0.0,0.0,0.0,0.0,0.0,0.0,0.0,0.0,56.0,0.0,0.0,0.0,514.0,379.0,0.0,0.0,0.0,47.0,0.0,0.0,1460.0,114.0,0.0,0.0,205.0,0.0,173.0,238.0,277.0,4.0,0.0,26.0,100.0,0.0
2021-02-18 02:00:00+00:00,605.0,574.0,83.0,201.0,0.0,612.0,320.0,0.0,0.0,0.0,0.0,0.0,0.0,0.0,0.0,0.0,55.0,0.0,0.0,0.0,598.0,442.0,0.0,0.0,0.0,0.0,0.0,0.0,1470.0,112.0,0.0,9.0,243.0,17.0,166.0,189.0,262.0,5.0,0.0,41.0,36.0,0.0
2021-02-18 03:00:00+00:00,627.0,430.0,98.0,211.0,0.0,311.0,0.0,0.0,0.0,0.0,0.0,0.0,0.0,0.0,0.0,0.0,61.0,0.0,0.0,0.0,599.0,430.0,0.0,0.0,0.0,0.0,0.0,0.0,1148.0,16.0,37.0,67.0,248.0,24.0,138.0,258.0,245.0,2.0,0.0,111.0,24.0,0.0
2021-02-18 04:00:00+00:00,627.0,400.0,82.0,233.0,3.0,0.0,0.0,0.0,0.0,0.0,0.0,0.0,0.0,0.0,0.0,0.0,39.0,68.0,109.0,0.0,559.0,425.0,0.0,0.0,0.0,0.0,0.0,0.0,752.0,0.0,346.0,210.0,250.0,0.0,123.0,387.0,269.0,7.0,0.0,138.0,80.0,0.0
2021-02-18 05:00:00+00:00,674.0,508.0,79.0,205.0,0.0,0.0,0.0,0.0,0.0,0.0,0.0,0.0,0.0,0.0,0.0,0.0,14.0,31.0,144.0,0.0,597.0,372.0,0.0,0.0,0.0,0.0,0.0,0.0,696.0,0.0,434.0,317.0,260.0,35.0,143.0,499.0,231.0,11.0,0.0,132.0,144.0,0.0
2021-02-18 06:00:00+00:00,563.0,426.0,36.0,256.0,59.0,63.0,0.0,0.0,0.0,0.0,0.0,0.0,0.0,0.0,0.0,0.0,44.0,0.0,124.0,0.0,509.0,286.0,0.0,0.0,0.0,0.0,0.0,0.0,683.0,0.0,391.0,276.0,171.0,0.0,88.0,661.0,245.0,26.0,0.0,191.0,178.0,0.0
2021-02-18 07:00:00+00:00,487.0,380.0,68.0,253.0,30.0,164.0,0.0,0.0,0.0,0.0,0.0,0.0,0.0,0.0,0.0,0.0,25.0,0.0,83.0,0.0,440.0,233.0,0.0,0.0,0.0,0.0,0.0,0.0,682.0,0.0,244.0,284.0,115.0,0.0,38.0,720.0,219.0,14.0,0.0,246.0,137.0,0.0
2021-02-18 08:00:00+00:00,442.0,387.0,82.0,292.0,85.0,227.0,0.0,0.0,0.0,0.0,0.0,0.0,0.0,0.0,0.0,0.0,0.0,0.0,66.0,0.0,491.0,172.0,0.0,1.0,0.0,0.0,0.0,0.0,683.0,0.0,151.0,191.0,66.0,0.0,33.0,719.0,264.0,12.0,0.0,251.0,133.0,0.0
2021-02-18 09:00:00+00:00,418.0,444.0,103.0,275.0,77.0,284.0,0.0,0.0,0.0,0.0,0.0,0.0,0.0,0.0,0.0,0.0,0.0,0.0,48.0,0.0,563.0,137.0,0.0,0.0,0.0,0.0,0.0,0.0,681.0,0.0,53.0,146.0,78.0,0.0,64.0,616.0,244.0,4.0,0.0,192.0,112.0,0.0
2021-02-18 10:00:00+00:00,396.0,580.0,139.0,292.0,119.0,478.0,105.0,0.0,0.0,0.0,0.0,0.0,0.0,0.0,0.0,0.0,0.0,0.0,0.0,0.0,544.0,120.0,0.0,1.0,0.0,0.0,0.0,0.0,1171.0,44.0,0.0,67.0,122.0,0.0,125.0,437.0,276.0,3.0,0.0,75.0,90.0,0.0
2021-02-18 11:00:00+00:00,407.0,588.0,190.0,307.0,113.0,558.0,239.0,0.0,0.0,0.0,0.0,0.0,0.0,0.0,0.0,0.0,45.0,0.0,0.0,0.0,565.0,183.0,0.0,0.0,0.0,0.0,0.0,0.0,1442.0,61.0,0.0,38.0,157.0,0.0,145.0,340.0,306.0,0.0,0.0,28.0,100.0,0.0
2021-02-18 12:00:00+00:00,410.0,640.0,187.0,293.0,95.0,456.0,136.0,0.0,0.0,0.0,0.0,0.0,0.0,0.0,0.0,0.0,27.0,0.0,0.0,0.0,548.0,192.0,0.0,0.0,0.0,0.0,0.0,43.0,1123.0,46.0,0.0,20.0,201.0,0.0,182.0,299.0,312.0,0.0,0.0,7.0,89.0,0.0
2021-02-18 13:00:00+00:00,401.0,592.0,206.0,302.0,79.0,256.0,66.0,0.0,0.0,0.0,0.0,0.0,0.0,0.0,0.0,0.0,2.0,0.0,36.0,0.0,599.0,261.0,0.0,0.0,0.0,0.0,0.0,,730.0,0.0,0.0,31.0,232.0,0.0,195.0,315.0,340.0,1.0,0.0,,96.0,0.0
2021-02-18 14:00:00+00:00,431.0,545.0,202.0,305.0,86.0,225.0,55.0,0.0,0.0,0.0,0.0,0.0,0.0,0.0,0.0,0.0,0.0,0.0,37.0,0.0,601.0,274.0,0.0,0.0,0.0,0.0,0.0,57.0,679.0,0.0,0.0,69.0,267.0,0.0,203.0,368.0,352.0,0.0,0.0,0.0,130.0,0.0
2021-02-18 15:00:00+00:00,398.0,532.0,178.0,309.0,106.0,117.0,0.0,0.0,0.0,0.0,0.0,0.0,0.0,0.0,0.0,0.0,40.0,0.0,78.0,0.0,600.0,272.0,0.0,0.0,0.0,0.0,0.0,55.0,681.0,0.0,179.0,74.0,269.0,0.0,198.0,420.0,346.0,1.0,0.0,0.0,142.0,0.0
2021-02-18 16:00:00+00:00,358.0,510.0,225.0,348.0,169.0,172.0,0.0,0.0,0.0,0.0,0.0,0.0,0.0,0.0,0.0,0.0,93.0,0.0,66.0,0.0,577.0,236.0,0.0,0.0,0.0,0.0,0.0,0.0,680.0,0.0,163.0,81.0,202.0,0.0,147.0,585.0,355.0,0.0,0.0,42.0,172.0,0.0
2021-02-18 17:00:00+00:00,279.0,668.0,298.0,408.0,290.0,152.0,0.0,0.0,0.0,0.0,0.0,0.0,0.0,0.0,0.0,0.0,127.0,0.0,67.0,0.0,581.0,202.0,0.0,0.0,0.0,0.0,0.0,0.0,681.0,0.0,172.0,8.0,185.0,0.0,178.0,620.0,417.0,0.0,0.0,39.0,219.0,0.0
2021-02-18 18:00:00+00:00,280.0,642.0,314.0,390.0,265.0,292.0,0.0,0.0,0.0,0.0,0.0,0.0,0.0,0.0,0.0,0.0,132.0,0.0,0.0,0.0,600.0,223.0,0.0,0.0,0.0,1.0,0.0,,1183.0,21.0,59.0,0.0,170.0,0.0,165.0,589.0,399.0,0.0,0.0,,208.0,0.0
2021-02-18 19:00:00+00:00,277.0,704.0,318.0,376.0,239.0,499.0,153.0,0.0,0.0,0.0,0.0,0.0,0.0,0.0,0.0,0.0,114.0,0.0,0.0,0.0,600.0,245.0,0.0,0.0,0.0,55.0,0.0,,1460.0,73.0,0.0,0.0,194.0,0.0,204.0,444.0,406.0,0.0,0.0,,204.0,0.0
2021-02-18 20:00:00+00:00,313.0,809.0,339.0,388.0,275.0,433.0,80.0,0.0,0.0,0.0,0.0,0.0,0.0,0.0,0.0,0.0,75.0,0.0,0.0,0.0,600.0,233.0,0.0,0.0,0.0,88.0,0.0,168.0,1481.0,25.0,0.0,0.0,256.0,0.0,276.0,345.0,442.0,0.0,0.0,0.0,202.0,0.0
2021-02-18 21:00:00+00:00,396.0,833.0,263.0,370.0,263.0,271.0,36.0,0.0,0.0,0.0,0.0,0.0,0.0,0.0,0.0,0.0,118.0,0.0,43.0,0.0,571.0,178.0,0.0,0.0,0.0,85.0,0.0,110.0,1472.0,0.0,0.0,0.0,250.0,0.0,268.0,329.0,468.0,0.0,0.0,0.0,238.0,0.0
2021-02-18 22:00:00+00:00,498.0,681.0,226.0,342.0,224.0,202.0,131.0,0.0,0.0,0.0,0.0,0.0,0.0,0.0,0.0,0.0,105.0,0.0,57.0,0.0,553.0,191.0,0.0,0.0,0.0,95.0,0.0,,1470.0,0.0,0.0,0.0,159.0,0.0,196.0,439.0,372.0,0.0,0.0,,272.0,0.0
2021-02-18 23:00:00+00:00,419.0,678.0,247.0,306.0,209.0,484.0,138.0,0.0,0.0,0.0,0.0,0.0,0.0,0.0,0.0,0.0,77.0,0.0,0.0,0.0,599.0,207.0,0.0,0.0,0.0,167.0,0.0,0.0,1469.0,27.0,0.0,0.0,86.0,0.0,144.0,437.0,346.0,0.0,0.0,37.0,286.0,0.0
2021-02-19 00:00:00+00:00,488.0,666.0,243.0,282.0,148.0,478.0,95.0,0.0,0.0,0.0,0.0,0.0,0.0,0.0,0.0,0.0,60.0,0.0,0.0,0.0,601.0,319.0,0.0,0.0,0.0,161.0,0.0,0.0,1470.0,21.0,0.0,0.0,122.0,0.0,140.0,354.0,340.0,0.0,0.0,16.0,231.0,0.0
2021-02-19 01:00:00+00:00,531.0,682.0,218.0,266.0,104.0,458.0,122.0,0.0,0.0,0.0,0.0,0.0,0.0,0.0,0.0,0.0,51.0,0.0,0.0,0.0,601.0,376.0,0.0,0.0,0.0,153.0,0.0,0.0,1459.0,35.0,0.0,0.0,161.0,0.0,153.0,337.0,331.0,0.0,0.0,27.0,200.0,0.0
2021-02-19 02:00:00+00:00,559.0,674.0,201.0,244.0,49.0,396.0,54.0,0.0,0.0,0.0,0.0,0.0,0.0,0.0,0.0,0.0,49.0,0.0,0.0,0.0,601.0,434.0,0.0,0.0,0.0,77.0,0.0,,1470.0,39.0,0.0,0.0,198.0,0.0,159.0,341.0,295.0,0.0,0.0,,182.0,0.0
2021-02-19 03:00:00+00:00,588.0,554.0,117.0,207.0,0.0,272.0,0.0,0.0,0.0,0.0,0.0,0.0,0.0,0.0,0.0,0.0,56.0,0.0,0.0,0.0,601.0,433.0,0.0,0.0,0.0,0.0,0.0,,1143.0,18.0,48.0,1.0,187.0,20.0,117.0,461.0,284.0,2.0,0.0,,183.0,0.0
2021-02-19 04:00:00+00:00,609.0,351.0,106.0,208.0,0.0,43.0,0.0,0.0,0.0,0.0,0.0,0.0,0.0,0.0,0.0,0.0,38.0,0.0,32.0,0.0,598.0,423.0,0.0,0.0,0.0,0.0,0.0,0.0,748.0,0.0,137.0,242.0,125.0,56.0,51.0,670.0,285.0,2.0,0.0,305.0,205.0,0.0
2021-02-19 05:00:00+00:00,571.0,638.0,102.0,218.0,2.0,70.0,0.0,0.0,0.0,0.0,0.0,0.0,0.0,0.0,0.0,0.0,20.0,0.0,32.0,0.0,506.0,307.0,0.0,0.0,0.0,0.0,0.0,,696.0,0.0,225.0,299.0,249.0,0.0,169.0,575.0,269.0,7.0,0.0,,260.0,0.0
2021-02-19 06:00:00+00:00,492.0,608.0,22.0,185.0,15.0,58.0,0.0,0.0,1.0,0.0,0.0,0.0,0.0,0.0,0.0,0.0,46.0,0.0,25.0,0.0,386.0,97.0,0.0,0.0,0.0,0.0,0.0,,696.0,0.0,290.0,391.0,250.0,0.0,143.0,661.0,179.0,39.0,0.0,,222.0,0.0
2021-02-19 07:00:00+00:00,369.0,734.0,22.0,162.0,25.0,139.0,0.0,0.0,77.0,0.0,0.0,0.0,0.0,0.0,0.0,0.0,30.0,0.0,28.0,0.0,479.0,0.0,0.0,0.0,0.0,0.0,0.0,,697.0,0.0,207.0,373.0,299.0,0.0,182.0,697.0,150.0,33.0,0.0,,207.0,0.0
2021-02-19 08:00:00+00:00,346.0,757.0,20.0,177.0,46.0,214.0,0.0,0.0,97.0,0.0,0.0,0.0,0.0,0.0,0.0,0.0,16.0,0.0,30.0,0.0,402.0,0.0,0.0,0.0,0.0,0.0,0.0,,696.0,0.0,115.0,335.0,250.0,0.0,159.0,751.0,170.0,35.0,0.0,,211.0,0.0
2021-02-19 09:00:00+00:00,334.0,810.0,19.0,170.0,54.0,212.0,0.0,0.0,127.0,0.0,0.0,0.0,0.0,0.0,0.0,0.0,5.0,0.0,29.0,0.0,367.0,0.0,0.0,0.0,0.0,0.0,0.0,,695.0,0.0,98.0,328.0,261.0,0.0,172.0,698.0,143.0,42.0,0.0,,202.0,0.0
2021-02-19 10:00:00+00:00,401.0,912.0,10.0,153.0,34.0,403.0,56.0,0.0,107.0,0.0,0.0,0.0,0.0,0.0,0.0,0.0,3.0,0.0,0.0,0.0,189.0,0.0,0.0,0.0,0.0,0.0,0.0,0.0,1182.0,57.0,0.0,332.0,307.0,0.0,200.0,574.0,114.0,50.0,0.0,97.0,183.0,0.0
2021-02-19 11:00:00+00:00,318.0,1074.0,10.0,131.0,9.0,473.0,169.0,0.0,66.0,0.0,0.0,0.0,0.0,0.0,0.0,0.0,0.0,0.0,0.0,0.0,174.0,0.0,0.0,1.0,0.0,0.0,0.0,0.0,1456.0,68.0,0.0,353.0,349.0,0.0,250.0,462.0,106.0,56.0,0.0,47.0,219.0,0.0
2021-02-19 12:00:00+00:00,313.0,1031.0,18.0,131.0,0.0,469.0,160.0,0.0,40.0,0.0,0.0,0.0,0.0,0.0,0.0,0.0,1.0,0.0,0.0,0.0,214.0,1.0,0.0,0.0,0.0,0.0,0.0,,1138.0,74.0,0.0,334.0,371.0,9.0,268.0,398.0,114.0,51.0,0.0,,188.0,0.0
2021-02-19 13:00:00+00:00,291.0,858.0,13.0,153.0,0.0,376.0,182.0,0.0,15.0,0.0,0.0,0.0,0.0,0.0,0.0,0.0,1.0,0.0,0.0,0.0,443.0,8.0,0.0,0.0,0.0,0.0,0.0,0.0,750.0,33.0,0.0,311.0,368.0,20.0,257.0,414.0,151.0,48.0,0.0,29.0,177.0,0.0
2021-02-19 14:00:00+00:00,282.0,732.0,19.0,171.0,0.0,337.0,102.0,0.0,1.0,0.0,0.0,0.0,0.0,0.0,0.0,0.0,19.0,0.0,0.0,0.0,591.0,41.0,0.0,0.0,0.0,0.0,0.0,6.0,698.0,18.0,0.0,309.0,396.0,0.0,261.0,400.0,202.0,38.0,0.0,3.0,197.0,0.0
2021-02-19 15:00:00+00:00,298.0,769.0,67.0,190.0,13.0,240.0,0.0,0.0,0.0,0.0,0.0,0.0,0.0,0.0,0.0,0.0,49.0,0.0,31.0,0.0,601.0,166.0,0.0,0.0,0.0,0.0,0.0,,695.0,0.0,61.0,316.0,412.0,0.0,274.0,431.0,218.0,11.0,0.0,,211.0,0.0
2021-02-19 16:00:00+00:00,311.0,758.0,122.0,266.0,90.0,200.0,0.0,0.0,0.0,0.0,0.0,0.0,0.0,0.0,0.0,0.0,92.0,0.0,14.0,0.0,601.0,168.0,0.0,0.0,0.0,0.0,0.0,14.0,695.0,0.0,104.0,325.0,414.0,0.0,250.0,490.0,293.0,3.0,0.0,1.0,147.0,0.0
2021-02-19 17:00:00+00:00,298.0,767.0,169.0,285.0,127.0,236.0,0.0,0.0,0.0,0.0,0.0,0.0,0.0,0.0,0.0,0.0,126.0,0.0,0.0,0.0,600.0,178.0,0.0,0.0,0.0,0.0,0.0,22.0,697.0,7.0,24.0,254.0,371.0,0.0,245.0,496.0,310.0,0.0,0.0,0.0,158.0,0.0
2021-02-19 18:00:00+00:00,301.0,819.0,198.0,274.0,106.0,399.0,144.0,0.0,0.0,0.0,0.0,0.0,0.0,0.0,0.0,0.0,131.0,0.0,0.0,0.0,601.0,209.0,0.0,0.0,0.0,0.0,0.0,,1169.0,109.0,0.0,197.0,334.0,0.0,253.0,511.0,292.0,0.0,0.0,,182.0,0.0
2021-02-19 19:00:00+00:00,243.0,857.0,188.0,291.0,131.0,412.0,166.0,0.0,0.0,0.0,0.0,0.0,0.0,0.0,0.0,0.0,112.0,0.0,0.0,0.0,600.0,227.0,0.0,0.0,0.0,0.0,0.0,68.0,1447.0,121.0,0.0,138.0,369.0,0.0,310.0,396.0,316.0,0.0,0.0,0.0,203.0,0.0
2021-02-19 20:00:00+00:00,302.0,889.0,193.0,268.0,84.0,415.0,228.0,0.0,0.0,0.0,0.0,0.0,0.0,0.0,0.0,0.0,78.0,0.0,0.0,0.0,600.0,245.0,0.0,0.0,0.0,0.0,0.0,151.0,1475.0,121.0,0.0,96.0,412.0,0.0,344.0,297.0,313.0,2.0,0.0,0.0,176.0,0.0
2021-02-19 21:00:00+00:00,379.0,870.0,194.0,283.0,92.0,483.0,291.0,0.0,0.0,0.0,0.0,0.0,0.0,0.0,0.0,0.0,104.0,0.0,0.0,0.0,600.0,267.0,0.0,0.0,0.0,0.0,0.0,,1458.0,117.0,0.0,76.0,420.0,0.0,343.0,175.0,355.0,0.0,0.0,,187.0,0.0
2021-02-19 22:00:00+00:00,372.0,857.0,216.0,305.0,157.0,494.0,230.0,0.0,0.0,0.0,0.0,0.0,0.0,0.0,0.0,0.0,98.0,0.0,0.0,0.0,600.0,231.0,0.0,0.0,0.0,46.0,0.0,,1461.0,97.0,0.0,0.0,380.0,0.0,324.0,100.0,363.0,0.0,0.0,,176.0,0.0
2021-02-19 23:00:00+00:00,427.0,621.0,206.0,299.0,147.0,572.0,326.0,0.0,0.0,0.0,0.0,0.0,0.0,0.0,0.0,0.0,11.0,0.0,0.0,0.0,593.0,335.0,0.0,0.0,0.0,54.0,0.0,26.0,1470.0,122.0,0.0,0.0,204.0,0.0,194.0,263.0,384.0,0.0,0.0,6.0,163.0,0.0
2021-02-20 00:00:00+00:00,463.0,685.0,218.0,292.0,150.0,481.0,275.0,0.0,0.0,0.0,0.0,0.0,0.0,0.0,0.0,0.0,0.0,0.0,0.0,0.0,600.0,387.0,0.0,0.0,0.0,114.0,0.0,16.0,1470.0,94.0,0.0,0.0,204.0,0.0,203.0,269.0,389.0,0.0,0.0,1.0,177.0,0.0
2021-02-20 01:00:00+00:00,465.0,793.0,230.0,266.0,105.0,472.0,277.0,0.0,0.0,0.0,0.0,0.0,0.0,0.0,0.0,0.0,48.0,0.0,0.0,0.0,600.0,456.0,0.0,0.0,0.0,58.0,0.0,,1459.0,97.0,0.0,0.0,270.0,0.0,239.0,220.0,366.0,0.0,0.0,,154.0,0.0
2021-02-20 02:00:00+00:00,460.0,886.0,208.0,254.0,83.0,481.0,294.0,0.0,0.0,0.0,0.0,0.0,0.0,0.0,0.0,0.0,49.0,0.0,0.0,0.0,600.0,477.0,0.0,0.0,0.0,40.0,0.0,80.0,1469.0,118.0,0.0,0.0,333.0,0.0,283.0,178.0,358.0,0.0,0.0,0.0,150.0,0.0
2021-02-20 03:00:00+00:00,475.0,857.0,233.0,254.0,75.0,457.0,275.0,0.0,0.0,0.0,0.0,0.0,0.0,0.0,0.0,0.0,51.0,0.0,0.0,0.0,600.0,485.0,0.0,0.0,0.0,25.0,0.0,49.0,972.0,149.0,0.0,0.0,347.0,0.0,283.0,211.0,332.0,0.0,0.0,0.0,154.0,0.0
2021-02-20 04:00:00+00:00,481.0,703.0,192.0,244.0,68.0,254.0,279.0,0.0,0.0,0.0,0.0,0.0,0.0,0.0,0.0,0.0,31.0,0.0,0.0,0.0,600.0,455.0,0.0,0.0,0.0,0.0,0.0,,564.0,100.0,0.0,58.0,335.0,0.0,241.0,240.0,349.0,0.0,0.0,,112.0,0.0
2021-02-20 05:00:00+00:00,485.0,667.0,167.0,247.0,54.0,347.0,239.0,0.0,0.0,0.0,0.0,0.0,0.0,0.0,0.0,0.0,1.0,0.0,0.0,0.0,600.0,462.0,0.0,0.0,0.0,0.0,0.0,74.0,513.0,126.0,0.0,142.0,374.0,0.0,251.0,249.0,317.0,1.0,0.0,0.0,103.0,0.0
2021-02-20 06:00:00+00:00,507.0,498.0,170.0,246.0,52.0,451.0,204.0,0.0,0.0,0.0,0.0,0.0,0.0,0.0,0.0,0.0,6.0,0.0,0.0,0.0,600.0,440.0,0.0,0.0,0.0,0.0,0.0,,512.0,126.0,0.0,218.0,374.0,0.0,220.0,390.0,307.0,1.0,0.0,,90.0,0.0
2021-02-20 07:00:00+00:00,434.0,451.0,186.0,251.0,35.0,459.0,240.0,0.0,0.0,0.0,0.0,0.0,0.0,0.0,0.0,0.0,10.0,0.0,0.0,0.0,600.0,388.0,0.0,0.0,0.0,0.0,0.0,0.0,511.0,107.0,0.0,171.0,323.0,0.0,186.0,508.0,311.0,0.0,0.0,54.0,108.0,0.0
2021-02-20 08:00:00+00:00,407.0,501.0,160.0,263.0,65.0,415.0,230.0,0.0,0.0,0.0,0.0,0.0,0.0,0.0,0.0,0.0,1.0,0.0,0.0,0.0,600.0,320.0,0.0,0.0,0.0,0.0,0.0,0.0,511.0,105.0,0.0,149.0,266.0,0.0,159.0,519.0,335.0,0.0,0.0,77.0,114.0,0.0
2021-02-20 09:00:00+00:00,403.0,514.0,163.0,242.0,43.0,420.0,238.0,0.0,0.0,0.0,0.0,0.0,0.0,0.0,0.0,0.0,1.0,0.0,0.0,0.0,601.0,297.0,0.0,0.0,0.0,0.0,0.0,0.0,512.0,105.0,0.0,174.0,270.0,0.0,152.0,475.0,316.0,1.0,0.0,110.0,121.0,0.0
2021-02-20 10:00:00+00:00,416.0,584.0,200.0,222.0,29.0,347.0,125.0,0.0,0.0,0.0,0.0,0.0,0.0,0.0,0.0,0.0,1.0,0.0,0.0,0.0,601.0,266.0,0.0,0.0,0.0,0.0,0.0,,1025.0,171.0,0.0,188.0,297.0,0.0,171.0,398.0,322.0,0.0,0.0,,104.0,0.0
2021-02-20 11:00:00+00:00,436.0,533.0,157.0,198.0,0.0,416.0,146.0,0.0,0.0,0.0,0.0,0.0,0.0,0.0,0.0,0.0,30.0,0.0,0.0,0.0,601.0,309.0,0.0,0.0,0.0,0.0,0.0,,1430.0,165.0,0.0,275.0,248.0,27.0,136.0,473.0,307.0,0.0,0.0,,100.0,0.0
2021-02-20 12:00:00+00:00,429.0,532.0,142.0,185.0,0.0,338.0,113.0,0.0,0.0,0.0,0.0,0.0,0.0,0.0,0.0,0.0,29.0,0.0,0.0,0.0,601.0,324.0,0.0,0.0,0.0,0.0,0.0,0.0,977.0,185.0,0.0,302.0,243.0,43.0,132.0,421.0,287.0,6.0,0.0,122.0,52.0,0.0
2021-02-20 13:00:00+00:00,415.0,483.0,139.0,206.0,0.0,255.0,196.0,0.0,0.0,0.0,0.0,0.0,0.0,0.0,1.0,0.0,42.0,0.0,0.0,0.0,601.0,328.0,0.0,0.0,0.0,0.0,0.0,0.0,567.0,144.0,0.0,293.0,255.0,56.0,133.0,400.0,310.0,2.0,0.0,77.0,15.0,0.0
2021-02-20 14:00:00+00:00,453.0,504.0,127.0,196.0,0.0,289.0,202.0,0.0,0.0,0.0,0.0,0.0,0.0,0.0,0.0,0.0,14.0,0.0,0.0,0.0,601.0,398.0,0.0,0.0,0.0,0.0,0.0,,512.0,139.0,0.0,275.0,322.0,72.0,162.0,436.0,309.0,1.0,0.0,,30.0,0.0
2021-02-20 15:00:00+00:00,452.0,545.0,142.0,200.0,0.0,187.0,59.0,0.0,0.0,0.0,0.0,0.0,0.0,0.0,0.0,0.0,31.0,0.0,0.0,0.0,601.0,420.0,0.0,0.0,0.0,0.0,0.0,,512.0,94.0,0.0,206.0,354.0,55.0,175.0,446.0,288.0,2.0,0.0,,27.0,0.0
2021-02-20 16:00:00+00:00,425.0,553.0,198.0,241.0,19.0,229.0,64.0,0.0,0.0,0.0,0.0,0.0,0.0,0.0,0.0,0.0,74.0,0.0,0.0,0.0,601.0,377.0,0.0,0.0,0.0,0.0,0.0,,511.0,107.0,0.0,216.0,351.0,0.0,191.0,510.0,320.0,0.0,0.0,,57.0,0.0
2021-02-20 17:00:00+00:00,351.0,650.0,230.0,297.0,118.0,283.0,154.0,0.0,0.0,0.0,0.0,0.0,0.0,0.0,0.0,0.0,108.0,0.0,0.0,0.0,601.0,374.0,0.0,0.0,0.0,0.0,0.0,0.0,512.0,143.0,0.0,184.0,293.0,0.0,195.0,532.0,336.0,0.0,0.0,56.0,115.0,0.0
2021-02-20 18:00:00+00:00,345.0,675.0,206.0,286.0,94.0,354.0,117.0,0.0,0.0,0.0,0.0,0.0,0.0,0.0,0.0,0.0,97.0,0.0,0.0,0.0,601.0,424.0,0.0,0.0,0.0,0.0,0.0,,1025.0,202.0,0.0,189.0,256.0,0.0,186.0,533.0,319.0,0.0,0.0,,127.0,0.0
2021-02-20 19:00:00+00:00,411.0,507.0,123.0,218.0,0.0,402.0,202.0,0.0,0.0,0.0,0.0,0.0,0.0,0.0,0.0,0.0,74.0,0.0,0.0,0.0,601.0,484.0,0.0,0.0,0.0,0.0,0.0,0.0,1434.0,177.0,0.0,191.0,207.0,53.0,138.0,592.0,264.0,2.0,0.0,173.0,139.0,0.0
2021-02-20 20:00:00+00:00,460.0,401.0,119.0,214.0,0.0,522.0,235.0,0.0,0.0,0.0,0.0,0.0,0.0,0.0,0.0,0.0,41.0,0.0,0.0,0.0,600.0,471.0,0.0,0.0,0.0,0.0,0.0,0.0,1469.0,152.0,0.0,184.0,186.0,53.0,122.0,591.0,212.0,3.0,0.0,242.0,109.0,0.0
2021-02-20 21:00:00+00:00,494.0,533.0,170.0,263.0,21.0,506.0,266.0,0.0,0.0,0.0,0.0,0.0,0.0,0.0,0.0,0.0,6.0,0.0,0.0,0.0,600.0,422.0,0.0,0.0,0.0,0.0,0.0,,1459.0,137.0,0.0,103.0,161.0,0.0,161.0,576.0,227.0,0.0,0.0,,182.0,0.0
2021-02-20 22:00:00+00:00,536.0,601.0,225.0,252.0,1.0,362.0,222.0,0.0,0.0,0.0,0.0,0.0,0.0,0.0,0.0,0.0,0.0,0.0,0.0,0.0,600.0,432.0,0.0,0.0,0.0,0.0,0.0,0.0,1470.0,66.0,0.0,178.0,124.0,0.0,153.0,532.0,182.0,0.0,0.0,206.0,180.0,0.0
2021-02-20 23:00:00+00:00,472.0,255.0,263.0,204.0,0.0,404.0,0.0,1.0,0.0,0.0,0.0,0.0,0.0,19.0,0.0,0.0,0.0,0.0,0.0,0.0,600.0,407.0,0.0,2.0,0.0,0.0,0.0,0.0,1470.0,52.0,40.0,100.0,7.0,53.0,31.0,591.0,93.0,0.0,0.0,377.0,140.0,0.0
2021-02-21 00:00:00+00:00,567.0,238.0,326.0,186.0,0.0,337.0,0.0,6.0,0.0,0.0,0.0,0.0,0.0,6.0,0.0,0.0,0.0,0.0,0.0,0.0,600.0,604.0,0.0,1.0,0.0,0.0,0.0,0.0,1471.0,31.0,28.0,196.0,20.0,140.0,26.0,587.0,59.0,0.0,0.0,400.0,88.0,0.0
2021-02-21 01:00:00+00:00,519.0,374.0,349.0,159.0,0.0,337.0,0.0,19.0,0.0,0.0,0.0,0.0,0.0,0.0,0.0,0.0,19.0,0.0,0.0,0.0,601.0,579.0,0.0,0.0,0.0,0.0,0.0,0.0,1454.0,30.0,28.0,250.0,107.0,150.0,83.0,500.0,25.0,1.0,0.0,307.0,45.0,0.0
2021-02-21 02:00:00+00:00,478.0,448.0,418.0,117.0,0.0,308.0,0.0,80.0,0.0,0.0,0.0,0.0,0.0,0.0,1.0,0.0,0.0,0.0,0.0,0.0,600.0,530.0,0.0,0.0,0.0,0.0,0.0,0.0,1464.0,32.0,17.0,207.0,187.0,178.0,128.0,463.0,3.0,0.0,0.0,277.0,12.0,0.0
2021-02-21 03:00:00+00:00,463.0,462.0,491.0,82.0,0.0,295.0,0.0,131.0,0.0,0.0,0.0,0.0,0.0,0.0,14.0,0.0,76.0,0.0,0.0,0.0,601.0,529.0,0.0,0.0,0.0,0.0,0.0,0.0,1463.0,41.0,32.0,252.0,218.0,218.0,138.0,452.0,0.0,0.0,0.0,279.0,0.0,0.0
2021-02-21 04:00:00+00:00,493.0,425.0,434.0,94.0,0.0,283.0,0.0,102.0,0.0,0.0,0.0,0.0,0.0,0.0,1.0,0.0,32.0,0.0,0.0,0.0,600.0,573.0,0.0,0.0,0.0,0.0,0.0,0.0,1464.0,49.0,59.0,207.0,202.0,225.0,131.0,498.0,1.0,0.0,0.0,321.0,18.0,0.0
2021-02-21 05:00:00+00:00,447.0,575.0,221.0,158.0,0.0,226.0,0.0,6.0,0.0,0.0,0.0,0.0,0.0,0.0,0.0,0.0,35.0,0.0,0.0,0.0,600.0,588.0,0.0,0.0,0.0,0.0,0.0,0.0,1465.0,62.0,91.0,252.0,230.0,132.0,176.0,517.0,34.0,1.0,0.0,257.0,109.0,0.0
2021-02-21 06:00:00+00:00,377.0,672.0,34.0,162.0,0.0,302.0,2.0,0.0,0.0,0.0,0.0,0.0,0.0,0.0,0.0,0.0,9.0,0.0,0.0,0.0,600.0,411.0,0.0,0.0,0.0,0.0,0.0,,1467.0,93.0,0.0,368.0,273.0,51.0,195.0,493.0,118.0,23.0,0.0,,112.0,0.0
2021-02-21 07:00:00+00:00,351.0,417.0,26.0,206.0,0.0,238.0,0.0,0.0,0.0,0.0,0.0,0.0,0.0,0.0,0.0,0.0,0.0,0.0,0.0,0.0,601.0,428.0,0.0,1.0,0.0,0.0,0.0,0.0,1470.0,60.0,92.0,273.0,168.0,31.0,112.0,619.0,163.0,26.0,0.0,287.0,127.0,0.0
2021-02-21 08:00:00+00:00,313.0,450.0,16.0,198.0,8.0,252.0,0.0,0.0,0.0,0.0,0.0,0.0,0.0,0.0,0.0,0.0,25.0,0.0,0.0,0.0,600.0,254.0,0.0,0.0,0.0,0.0,0.0,0.0,1469.0,58.0,108.0,174.0,131.0,0.0,104.0,592.0,158.0,49.0,0.0,274.0,126.0,0.0
2021-02-21 09:00:00+00:00,295.0,386.0,19.0,198.0,29.0,364.0,31.0,0.0,0.0,0.0,0.0,0.0,0.0,0.0,0.0,0.0,56.0,0.0,0.0,0.0,601.0,188.0,0.0,0.0,0.0,0.0,0.0,0.0,1469.0,101.0,0.0,132.0,115.0,0.0,99.0,538.0,145.0,43.0,0.0,263.0,147.0,0.0
2021-02-21 10:00:00+00:00,239.0,482.0,33.0,177.0,47.0,391.0,81.0,0.0,0.0,0.0,0.0,0.0,0.0,0.0,0.0,0.0,49.0,0.0,0.0,0.0,601.0,97.0,0.0,0.0,0.0,0.0,0.0,0.0,1470.0,123.0,0.0,157.0,109.0,0.0,112.0,471.0,123.0,22.0,0.0,224.0,147.0,0.0
2021-02-21 11:00:00+00:00,204.0,496.0,62.0,166.0,50.0,410.0,106.0,0.0,22.0,0.0,0.0,0.0,0.0,0.0,0.0,0.0,44.0,0.0,0.0,0.0,601.0,74.0,0.0,0.0,0.0,0.0,0.0,0.0,1469.0,121.0,0.0,184.0,150.0,0.0,132.0,377.0,119.0,10.0,0.0,161.0,104.0,0.0
2021-02-21 12:00:00+00:00,226.0,359.0,66.0,155.0,17.0,359.0,111.0,0.0,2.0,0.0,0.0,0.0,0.0,0.0,13.0,0.0,31.0,0.0,0.0,0.0,601.0,91.0,0.0,0.0,0.0,0.0,0.0,0.0,1470.0,125.0,0.0,202.0,184.0,0.0,120.0,255.0,95.0,10.0,0.0,125.0,2.0,0.0
2021-02-21 13:00:00+00:00,221.0,300.0,44.0,166.0,8.0,374.0,63.0,0.0,0.0,0.0,0.0,0.0,0.0,0.0,26.0,0.0,41.0,0.0,0.0,0.0,601.0,139.0,0.0,0.0,0.0,0.0,0.0,,1469.0,144.0,0.0,293.0,189.0,0.0,112.0,301.0,118.0,24.0,0.0,,0.0,0.0
2021-02-21 14:00:00+00:00,319.0,281.0,50.0,158.0,6.0,351.0,120.0,0.0,0.0,0.0,0.0,0.0,0.0,0.0,27.0,0.0,68.0,0.0,0.0,0.0,600.0,147.0,0.0,0.0,0.0,0.0,0.0,0.0,1472.0,130.0,0.0,378.0,191.0,0.0,92.0,391.0,112.0,16.0,0.0,196.0,0.0,0.0
2021-02-21 15:00:00+00:00,383.0,385.0,26.0,178.0,8.0,478.0,169.0,0.0,0.0,0.0,0.0,0.0,0.0,0.0,7.0,0.0,91.0,0.0,0.0,0.0,561.0,200.0,0.0,0.0,0.0,0.0,0.0,0.0,1470.0,136.0,0.0,417.0,245.0,0.0,106.0,535.0,161.0,27.0,0.0,245.0,3.0,0.0
2021-02-21 16:00:00+00:00,445.0,317.0,52.0,227.0,11.0,470.0,217.0,0.0,0.0,0.0,0.0,0.0,0.0,0.0,4.0,0.0,102.0,0.0,0.0,0.0,499.0,327.0,0.0,0.0,0.0,0.0,0.0,,1470.0,110.0,0.0,473.0,265.0,0.0,82.0,630.0,240.0,22.0,0.0,,32.0,0.0
2021-02-21 17:00:00+00:00,374.0,305.0,120.0,265.0,77.0,552.0,228.0,0.0,0.0,0.0,0.0,0.0,0.0,0.0,0.0,0.0,91.0,0.0,0.0,0.0,598.0,296.0,0.0,0.0,0.0,0.0,0.0,0.0,1471.0,131.0,0.0,451.0,274.0,0.0,103.0,597.0,298.0,2.0,0.0,231.0,52.0,0.0
2021-02-21 18:00:00+00:00,379.0,306.0,147.0,279.0,84.0,527.0,276.0,0.0,0.0,0.0,0.0,0.0,0.0,0.0,0.0,0.0,95.0,0.0,0.0,0.0,601.0,360.0,0.0,0.0,0.0,0.0,0.0,0.0,1471.0,113.0,0.0,406.0,243.0,0.0,92.0,646.0,312.0,1.0,0.0,265.0,93.0,0.0
2021-02-21 19:00:00+00:00,381.0,417.0,167.0,286.0,111.0,546.0,224.0,0.0,0.0,0.0,0.0,0.0,0.0,0.0,0.0,0.0,80.0,0.0,0.0,0.0,600.0,374.0,0.0,0.0,0.0,0.0,0.0,0.0,1471.0,137.0,0.0,363.0,231.0,0.0,122.0,519.0,332.0,1.0,0.0,190.0,120.0,0.0
2021-02-21 20:00:00+00:00,435.0,495.0,131.0,262.0,86.0,577.0,244.0,0.0,0.0,0.0,0.0,0.0,0.0,0.0,0.0,0.0,51.0,0.0,0.0,0.0,600.0,361.0,0.0,0.0,0.0,0.0,0.0,0.0,1484.0,110.0,0.0,306.0,216.0,0.0,123.0,371.0,297.0,3.0,0.0,97.0,112.0,0.0
2021-02-21 21:00:00+00:00,442.0,561.0,118.0,257.0,113.0,596.0,347.0,0.0,0.0,0.0,0.0,0.0,0.0,0.0,0.0,0.0,53.0,0.0,0.0,0.0,600.0,306.0,0.0,0.0,0.0,0.0,0.0,,1459.0,128.0,0.0,175.0,212.0,0.0,144.0,314.0,287.0,5.0,0.0,,134.0,0.0
2021-02-21 22:00:00+00:00,499.0,523.0,100.0,246.0,109.0,546.0,270.0,0.0,0.0,0.0,0.0,0.0,0.0,0.0,0.0,0.0,51.0,0.0,0.0,0.0,600.0,330.0,0.0,0.0,0.0,0.0,0.0,,1480.0,111.0,0.0,106.0,159.0,0.0,125.0,299.0,268.0,2.0,0.0,,139.0,0.0
2021-02-21 23:00:00+00:00,371.0,145.0,136.0,219.0,52.0,356.0,0.0,0.0,0.0,0.0,0.0,0.0,24.0,26.0,0.0,0.0,88.0,0.0,0.0,0.0,599.0,368.0,0.0,0.0,0.0,0.0,0.0,0.0,1470.0,25.0,16.0,224.0,8.0,0.0,0.0,402.0,242.0,3.0,0.0,218.0,112.0,0.0
2021-02-22 00:00:00+00:00,418.0,213.0,126.0,195.0,0.0,334.0,0.0,0.0,0.0,0.0,0.0,0.0,24.0,11.0,0.0,0.0,79.0,0.0,0.0,0.0,562.0,440.0,0.0,0.0,0.0,0.0,0.0,0.0,1469.0,11.0,44.0,188.0,7.0,3.0,0.0,365.0,248.0,2.0,0.0,212.0,98.0,0.0
2021-02-22 01:00:00+00:00,364.0,254.0,104.0,178.0,0.0,342.0,0.0,0.0,0.0,0.0,0.0,0.0,0.0,0.0,0.0,0.0,71.0,0.0,0.0,0.0,561.0,440.0,0.0,0.0,0.0,0.0,0.0,0.0,1468.0,15.0,17.0,141.0,54.0,6.0,4.0,314.0,254.0,4.0,0.0,187.0,70.0,0.0
2021-02-22 02:00:00+00:00,377.0,201.0,98.0,156.0,0.0,305.0,0.0,0.0,0.0,0.0,0.0,0.0,4.0,0.0,0.0,0.0,69.0,0.0,0.0,0.0,562.0,462.0,0.0,0.0,0.0,0.0,0.0,0.0,1454.0,22.0,37.0,116.0,79.0,43.0,0.0,320.0,227.0,5.0,0.0,204.0,62.0,0.0
2021-02-22 03:00:00+00:00,379.0,118.0,66.0,155.0,0.0,299.0,0.0,0.0,0.0,0.0,0.0,0.0,28.0,0.0,0.0,0.0,79.0,0.0,0.0,0.0,599.0,483.0,0.0,0.0,0.0,0.0,0.0,0.0,1462.0,26.0,51.0,123.0,65.0,74.0,0.0,464.0,224.0,7.0,0.0,336.0,45.0,0.0
2021-02-22 04:00:00+00:00,372.0,28.0,89.0,158.0,0.0,308.0,0.0,0.0,0.0,0.0,0.0,0.0,38.0,0.0,0.0,0.0,64.0,0.0,0.0,0.0,600.0,464.0,0.0,0.0,0.0,0.0,0.0,0.0,1462.0,41.0,72.0,129.0,63.0,85.0,0.0,680.0,234.0,6.0,0.0,459.0,87.0,0.0
2021-02-22 05:00:00+00:00,487.0,363.0,131.0,155.0,0.0,432.0,162.0,0.0,0.0,0.0,0.0,0.0,0.0,0.0,0.0,0.0,47.0,0.0,0.0,0.0,601.0,503.0,0.0,0.0,0.0,0.0,0.0,0.0,1469.0,156.0,0.0,356.0,281.0,121.0,120.0,640.0,178.0,10.0,0.0,270.0,79.0,0.0
2021-02-22 06:00:00+00:00,481.0,575.0,73.0,162.0,0.0,445.0,176.0,0.0,0.0,0.0,0.0,0.0,0.0,0.0,0.0,0.0,62.0,0.0,0.0,0.0,566.0,397.0,0.0,0.0,0.0,0.0,0.0,0.0,1466.0,158.0,0.0,511.0,314.0,89.0,174.0,647.0,213.0,6.0,0.0,225.0,88.0,0.0
2021-02-22 07:00:00+00:00,524.0,785.0,106.0,184.0,0.0,451.0,162.0,0.0,0.0,0.0,0.0,0.0,0.0,0.0,0.0,0.0,57.0,0.0,0.0,0.0,2.0,365.0,0.0,0.0,0.0,0.0,0.0,,1469.0,123.0,0.0,450.0,295.0,58.0,198.0,630.0,211.0,6.0,0.0,,78.0,0.0
2021-02-22 08:00:00+00:00,496.0,801.0,54.0,165.0,0.0,479.0,163.0,0.0,0.0,0.0,0.0,0.0,0.0,0.0,0.0,0.0,36.0,0.0,0.0,0.0,1.0,289.0,0.0,0.0,0.0,0.0,0.0,,1469.0,105.0,0.0,392.0,231.0,60.0,182.0,557.0,190.0,11.0,0.0,,60.0,0.0
2021-02-22 09:00:00+00:00,498.0,807.0,51.0,172.0,0.0,481.0,164.0,0.0,0.0,0.0,0.0,0.0,0.0,0.0,0.0,0.0,20.0,0.0,0.0,0.0,1.0,327.0,0.0,0.0,0.0,0.0,0.0,0.0,1468.0,97.0,0.0,285.0,232.0,66.0,202.0,469.0,204.0,16.0,0.0,185.0,76.0,0.0
2021-02-22 10:00:00+00:00,489.0,870.0,68.0,162.0,0.0,454.0,139.0,0.0,0.0,0.0,0.0,0.0,0.0,0.0,1.0,0.0,13.0,0.0,0.0,0.0,1.0,331.0,0.0,0.0,0.0,0.0,0.0,,1469.0,105.0,0.0,266.0,273.0,70.0,233.0,319.0,222.0,8.0,0.0,,14.0,0.0
2021-02-22 11:00:00+00:00,514.0,808.0,70.0,140.0,0.0,416.0,83.0,0.0,0.0,0.0,0.0,0.0,0.0,0.0,24.0,0.0,0.0,0.0,0.0,0.0,1.0,381.0,0.0,0.0,0.0,0.0,0.0,,1469.0,76.0,0.0,340.0,264.0,128.0,211.0,327.0,178.0,8.0,0.0,,0.0,0.0
2021-02-22 12:00:00+00:00,488.0,851.0,58.0,130.0,0.0,445.0,100.0,0.0,0.0,0.0,0.0,0.0,0.0,0.0,39.0,0.0,0.0,0.0,0.0,0.0,1.0,378.0,0.0,0.0,0.0,0.0,0.0,0.0,1468.0,82.0,0.0,345.0,345.0,132.0,253.0,296.0,159.0,12.0,0.0,92.0,0.0,0.0
2021-02-22 13:00:00+00:00,520.0,764.0,49.0,134.0,0.0,450.0,153.0,0.0,0.0,0.0,0.0,0.0,0.0,0.0,49.0,0.0,23.0,0.0,0.0,0.0,1.0,428.0,0.0,0.0,0.0,0.0,0.0,,1470.0,97.0,0.0,356.0,377.0,162.0,244.0,306.0,159.0,20.0,0.0,,0.0,0.0
2021-02-22 14:00:00+00:00,526.0,567.0,80.0,153.0,0.0,519.0,200.0,0.0,0.0,0.0,0.0,0.0,0.0,0.0,9.0,0.0,76.0,0.0,0.0,0.0,473.0,467.0,0.0,0.0,0.0,0.0,0.0,0.0,1469.0,95.0,0.0,387.0,339.0,154.0,212.0,421.0,198.0,9.0,0.0,107.0,5.0,0.0
2021-02-22 15:00:00+00:00,458.0,608.0,126.0,171.0,0.0,529.0,213.0,0.0,0.0,0.0,0.0,0.0,0.0,0.0,1.0,0.0,107.0,0.0,0.0,0.0,564.0,437.0,0.0,0.0,0.0,0.0,0.0,,1470.0,81.0,0.0,432.0,378.0,89.0,219.0,369.0,213.0,2.0,0.0,,40.0,0.0
2021-02-22 16:00:00+00:00,480.0,400.0,112.0,182.0,0.0,528.0,211.0,0.0,0.0,0.0,0.0,0.0,0.0,0.0,1.0,0.0,103.0,0.0,0.0,0.0,599.0,363.0,0.0,0.0,0.0,0.0,0.0,0.0,1469.0,93.0,0.0,446.0,325.0,70.0,137.0,567.0,137.0,16.0,0.0,164.0,12.0,0.0
2021-02-22 17:00:00+00:00,404.0,523.0,73.0,228.0,30.0,539.0,209.0,0.0,0.0,0.0,0.0,0.0,0.0,0.0,0.0,0.0,132.0,0.0,0.0,0.0,600.0,327.0,0.0,0.0,0.0,0.0,0.0,,1470.0,100.0,0.0,357.0,291.0,0.0,159.0,603.0,178.0,10.0,0.0,,48.0,0.0
2021-02-22 18:00:00+00:00,435.0,507.0,92.0,227.0,0.0,570.0,253.0,0.0,0.0,0.0,0.0,0.0,0.0,0.0,0.0,0.0,136.0,0.0,0.0,0.0,600.0,412.0,0.0,0.0,0.0,0.0,0.0,0.0,1471.0,110.0,0.0,345.0,255.0,1.0,145.0,618.0,165.0,4.0,0.0,197.0,47.0,0.0
2021-02-22 19:00:00+00:00,402.0,707.0,122.0,254.0,54.0,572.0,260.0,0.0,0.0,0.0,0.0,0.0,0.0,0.0,0.0,0.0,125.0,0.0,0.0,0.0,600.0,424.0,0.0,0.0,0.0,0.0,0.0,,1469.0,125.0,0.0,255.0,295.0,0.0,222.0,340.0,202.0,3.0,0.0,,117.0,0.0
2021-02-22 20:00:00+00:00,466.0,672.0,74.0,238.0,15.0,597.0,284.0,0.0,0.0,0.0,0.0,0.0,0.0,0.0,0.0,0.0,88.0,0.0,0.0,0.0,600.0,453.0,0.0,0.0,0.0,0.0,0.0,0.0,1470.0,120.0,0.0,207.0,296.0,0.0,229.0,411.0,217.0,20.0,0.0,47.0,86.0,0.0
2021-02-22 21:00:00+00:00,470.0,431.0,82.0,246.0,20.0,644.0,344.0,0.0,0.0,0.0,0.0,0.0,0.0,0.0,0.0,0.0,48.0,0.0,0.0,0.0,600.0,405.0,0.0,0.0,0.0,0.0,0.0,,1482.0,103.0,0.0,193.0,170.0,0.0,131.0,444.0,244.0,10.0,0.0,,140.0,0.0
2021-02-22 22:00:00+00:00,485.0,416.0,118.0,232.0,22.0,673.0,347.0,0.0,0.0,0.0,0.0,0.0,0.0,0.0,0.0,0.0,44.0,0.0,0.0,0.0,600.0,390.0,0.0,0.0,0.0,0.0,0.0,,1473.0,93.0,0.0,280.0,105.0,0.0,104.0,429.0,244.0,6.0,0.0,,165.0,0.0
2021-02-22 23:00:00+00:00,362.0,374.0,126.0,225.0,12.0,651.0,305.0,0.0,0.0,0.0,0.0,0.0,0.0,0.0,0.0,0.0,22.0,0.0,0.0,0.0,600.0,471.0,0.0,0.0,0.0,0.0,0.0,0.0,1471.0,102.0,0.0,210.0,57.0,0.0,77.0,409.0,274.0,2.0,0.0,164.0,169.0,0.0
2021-02-23 00:00:00+00:00,385.0,364.0,146.0,216.0,0.0,610.0,317.0,0.0,0.0,0.0,0.0,0.0,0.0,0.0,0.0,0.0,27.0,0.0,0.0,0.0,600.0,588.0,0.0,0.0,0.0,0.0,0.0,0.0,1471.0,119.0,0.0,67.0,60.0,19.0,69.0,438.0,285.0,1.0,0.0,194.0,186.0,0.0
2021-02-23 01:00:00+00:00,354.0,447.0,143.0,212.0,0.0,583.0,294.0,0.0,0.0,0.0,0.0,0.0,0.0,0.0,0.0,0.0,41.0,0.0,0.0,0.0,600.0,591.0,0.0,0.0,0.0,0.0,0.0,,1470.0,128.0,0.0,36.0,110.0,0.0,97.0,375.0,292.0,2.0,0.0,,166.0,0.0
2021-02-23 02:00:00+00:00,411.0,345.0,106.0,190.0,0.0,546.0,267.0,0.0,0.0,0.0,0.0,0.0,0.0,0.0,0.0,0.0,44.0,0.0,0.0,0.0,601.0,603.0,0.0,0.0,0.0,0.0,0.0,0.0,1458.0,130.0,0.0,7.0,122.0,43.0,65.0,358.0,279.0,2.0,0.0,177.0,123.0,0.0
2021-02-23 03:00:00+00:00,443.0,293.0,92.0,183.0,0.0,488.0,197.0,0.0,0.0,0.0,0.0,0.0,0.0,0.0,0.0,0.0,52.0,0.0,0.0,0.0,601.0,602.0,0.0,0.0,0.0,0.0,0.0,0.0,1470.0,146.0,0.0,44.0,106.0,64.0,38.0,380.0,261.0,6.0,0.0,206.0,98.0,0.0
2021-02-23 04:00:00+00:00,439.0,154.0,88.0,155.0,0.0,383.0,130.0,0.0,0.0,0.0,0.0,0.0,0.0,0.0,0.0,0.0,35.0,0.0,0.0,0.0,601.0,616.0,0.0,0.0,0.0,0.0,0.0,0.0,1469.0,164.0,0.0,373.0,99.0,130.0,10.0,525.0,225.0,6.0,0.0,307.0,85.0,0.0
2021-02-23 05:00:00+00:00,573.0,640.0,86.0,125.0,0.0,356.0,119.0,0.0,0.0,0.0,0.0,0.0,0.0,0.0,0.0,0.0,78.0,0.0,0.0,0.0,600.0,564.0,0.0,0.0,0.0,0.0,0.0,,1470.0,187.0,0.0,404.0,276.0,158.0,165.0,497.0,163.0,8.0,0.0,,84.0,0.0
2021-02-23 06:00:00+00:00,543.0,811.0,94.0,182.0,0.0,360.0,102.0,0.0,0.0,0.0,0.0,0.0,0.0,0.0,0.0,0.0,108.0,0.0,0.0,0.0,600.0,505.0,0.0,0.0,0.0,0.0,0.0,0.0,1469.0,187.0,0.0,453.0,342.0,43.0,232.0,426.0,223.0,3.0,0.0,128.0,100.0,0.0
2021-02-23 07:00:00+00:00,476.0,764.0,116.0,197.0,0.0,329.0,88.0,0.0,0.0,0.0,0.0,0.0,0.0,0.0,0.0,0.0,89.0,0.0,0.0,0.0,567.0,443.0,0.0,0.0,0.0,0.0,0.0,,1470.0,187.0,0.0,389.0,345.0,27.0,235.0,360.0,202.0,3.0,0.0,,80.0,0.0
2021-02-23 08:00:00+00:00,407.0,807.0,59.0,173.0,0.0,375.0,128.0,0.0,0.0,0.0,0.0,0.0,0.0,0.0,0.0,0.0,67.0,0.0,0.0,0.0,600.0,328.0,0.0,0.0,0.0,0.0,0.0,,1471.0,170.0,0.0,368.0,355.0,32.0,242.0,238.0,176.0,17.0,0.0,,23.0,0.0
2021-02-23 09:00:00+00:00,405.0,775.0,74.0,181.0,0.0,398.0,126.0,0.0,0.0,0.0,0.0,0.0,0.0,0.0,28.0,0.0,39.0,0.0,0.0,0.0,601.0,355.0,0.0,0.0,0.0,0.0,0.0,0.0,1471.0,166.0,0.0,315.0,336.0,28.0,234.0,224.0,173.0,15.0,0.0,90.0,1.0,0.0
2021-02-23 10:00:00+00:00,415.0,809.0,96.0,166.0,0.0,402.0,134.0,0.0,0.0,0.0,0.0,0.0,0.0,0.0,52.0,0.0,29.0,0.0,0.0,0.0,601.0,358.0,0.0,0.0,0.0,0.0,0.0,0.0,1471.0,166.0,0.0,309.0,343.0,64.0,239.0,159.0,168.0,6.0,0.0,68.0,0.0,0.0
2021-02-23 11:00:00+00:00,391.0,820.0,57.0,144.0,0.0,395.0,128.0,0.0,0.0,0.0,0.0,0.0,0.0,0.0,57.0,0.0,47.0,0.0,0.0,0.0,601.0,351.0,0.0,0.0,0.0,0.0,0.0,0.0,1471.0,177.0,0.0,324.0,374.0,77.0,265.0,142.0,186.0,16.0,0.0,47.0,0.0,0.0
2021-02-23 12:00:00+00:00,393.0,782.0,49.0,129.0,0.0,363.0,94.0,0.0,0.0,0.0,0.0,0.0,0.0,0.0,81.0,0.0,47.0,0.0,0.0,0.0,601.0,374.0,0.0,0.0,0.0,0.0,0.0,0.0,1470.0,160.0,0.0,308.0,407.0,94.0,278.0,127.0,141.0,16.0,0.0,39.0,0.0,0.0
2021-02-23 13:00:00+00:00,427.0,746.0,37.0,137.0,0.0,367.0,103.0,0.0,0.0,0.0,0.0,0.0,0.0,0.0,68.0,0.0,46.0,0.0,0.0,0.0,601.0,430.0,0.0,0.0,0.0,0.0,0.0,0.0,1470.0,148.0,0.0,307.0,408.0,121.0,262.0,212.0,134.0,26.0,0.0,85.0,0.0,0.0
2021-02-23 14:00:00+00:00,497.0,641.0,106.0,201.0,0.0,441.0,164.0,0.0,0.0,0.0,0.0,0.0,0.0,0.0,32.0,0.0,69.0,0.0,0.0,0.0,601.0,590.0,0.0,0.0,0.0,0.0,0.0,,1470.0,150.0,0.0,372.0,404.0,112.0,240.0,316.0,216.0,10.0,0.0,,0.0,0.0
2021-02-23 15:00:00+00:00,545.0,752.0,114.0,253.0,0.0,412.0,154.0,0.0,0.0,0.0,0.0,0.0,0.0,0.0,22.0,0.0,60.0,0.0,0.0,0.0,601.0,653.0,0.0,0.0,0.0,0.0,0.0,0.0,1469.0,146.0,0.0,422.0,472.0,53.0,268.0,352.0,236.0,6.0,0.0,50.0,1.0,0.0
2021-02-23 16:00:00+00:00,538.0,649.0,87.0,287.0,0.0,385.0,131.0,0.0,0.0,0.0,0.0,0.0,0.0,0.0,1.0,0.0,106.0,0.0,0.0,0.0,600.0,611.0,0.0,0.0,0.0,0.0,0.0,,1470.0,162.0,0.0,455.0,429.0,15.0,224.0,475.0,221.0,14.0,0.0,,20.0,0.0
2021-02-23 17:00:00+00:00,406.0,780.0,82.0,270.0,72.0,395.0,158.0,0.0,0.0,0.0,0.0,0.0,0.0,0.0,0.0,0.0,133.0,0.0,0.0,0.0,601.0,435.0,0.0,0.0,0.0,0.0,0.0,0.0,1469.0,166.0,0.0,404.0,421.0,0.0,268.0,480.0,227.0,9.0,0.0,90.0,102.0,0.0
2021-02-23 18:00:00+00:00,437.0,736.0,127.0,249.0,19.0,391.0,146.0,0.0,0.0,0.0,0.0,0.0,0.0,0.0,0.0,0.0,177.0,0.0,0.0,0.0,600.0,474.0,0.0,0.0,0.0,0.0,0.0,,1470.0,171.0,0.0,385.0,366.0,0.0,247.0,449.0,232.0,3.0,0.0,,145.0,0.0
2021-02-23 19:00:00+00:00,441.0,635.0,133.0,246.0,30.0,394.0,145.0,0.0,0.0,0.0,0.0,0.0,0.0,0.0,0.0,0.0,137.0,0.0,0.0,0.0,600.0,488.0,0.0,0.0,0.0,0.0,0.0,,1481.0,166.0,0.0,308.0,353.0,0.0,236.0,404.0,225.0,1.0,0.0,,86.0,0.0
2021-02-23 20:00:00+00:00,457.0,687.0,118.0,220.0,21.0,394.0,154.0,0.0,0.0,0.0,0.0,0.0,0.0,0.0,0.0,0.0,94.0,0.0,0.0,0.0,600.0,455.0,0.0,0.0,0.0,0.0,0.0,0.0,1473.0,157.0,0.0,194.0,356.0,0.0,258.0,331.0,235.0,7.0,0.0,26.0,103.0,0.0
2021-02-23 21:00:00+00:00,489.0,314.0,109.0,218.0,0.0,378.0,70.0,0.0,0.0,0.0,0.0,0.0,0.0,0.0,0.0,0.0,43.0,0.0,0.0,0.0,600.0,460.0,0.0,0.0,0.0,0.0,0.0,0.0,1472.0,103.0,0.0,186.0,199.0,1.0,122.0,473.0,240.0,2.0,0.0,183.0,147.0,0.0
2021-02-23 22:00:00+00:00,483.0,526.0,81.0,179.0,24.0,301.0,0.0,0.0,0.0,0.0,0.0,0.0,0.0,0.0,0.0,0.0,53.0,0.0,0.0,0.0,600.0,357.0,0.0,0.0,0.0,0.0,0.0,0.0,1470.0,71.0,52.0,252.0,184.0,0.0,158.0,372.0,191.0,11.0,0.0,131.0,157.0,0.0
2021-02-23 23:00:00+00:00,427.0,184.0,160.0,191.0,0.0,354.0,20.0,0.0,0.0,0.0,0.0,0.0,0.0,20.0,0.0,0.0,66.0,0.0,0.0,0.0,600.0,522.0,0.0,0.0,0.0,0.0,0.0,,1470.0,94.0,0.0,135.0,9.0,19.0,2.0,612.0,241.0,2.0,0.0,,199.0,0.0
2021-02-24 00:00:00+00:00,410.0,292.0,126.0,174.0,0.0,383.0,52.0,0.0,0.0,0.0,0.0,0.0,0.0,1.0,0.0,0.0,54.0,0.0,0.0,0.0,600.0,598.0,0.0,0.0,0.0,0.0,0.0,0.0,1469.0,111.0,0.0,7.0,41.0,22.0,35.0,576.0,284.0,1.0,0.0,282.0,197.0,0.0
2021-02-24 01:00:00+00:00,389.0,369.0,111.0,150.0,0.0,399.0,107.0,0.0,0.0,0.0,0.0,0.0,0.0,0.0,0.0,0.0,48.0,0.0,0.0,0.0,600.0,571.0,0.0,0.0,0.0,64.0,0.0,0.0,1461.0,130.0,0.0,0.0,95.0,24.0,66.0,543.0,252.0,4.0,0.0,263.0,183.0,0.0
2021-02-24 02:00:00+00:00,424.0,332.0,102.0,154.0,0.0,429.0,162.0,0.0,0.0,0.0,0.0,0.0,0.0,0.0,0.0,0.0,46.0,0.0,0.0,0.0,600.0,621.0,0.0,0.0,0.0,58.0,0.0,0.0,1464.0,161.0,0.0,0.0,124.0,50.0,63.0,540.0,244.0,2.0,0.0,273.0,168.0,0.0
2021-02-24 03:00:00+00:00,465.0,206.0,94.0,143.0,0.0,173.0,0.0,0.0,0.0,0.0,0.0,0.0,0.0,0.0,0.0,0.0,49.0,0.0,0.0,0.0,599.0,612.0,0.0,0.0,0.0,0.0,0.0,,998.0,141.0,61.0,14.0,129.0,88.0,22.0,527.0,213.0,2.0,0.0,,107.0,0.0
2021-02-24 04:00:00+00:00,499.0,61.0,46.0,132.0,0.0,0.0,0.0,0.0,0.0,0.0,0.0,0.0,5.0,0.0,0.0,0.0,39.0,133.0,0.0,0.0,558.0,602.0,0.0,0.0,0.0,0.0,0.0,0.0,625.0,66.0,151.0,161.0,141.0,129.0,0.0,635.0,195.0,14.0,0.0,364.0,120.0,0.0
2021-02-24 05:00:00+00:00,514.0,515.0,50.0,192.0,0.0,45.0,0.0,0.0,0.0,0.0,0.0,0.0,0.0,0.0,0.0,0.0,34.0,0.0,0.0,0.0,599.0,557.0,0.0,0.0,0.0,0.0,0.0,0.0,589.0,108.0,50.0,221.0,376.0,27.0,193.0,524.0,188.0,22.0,0.0,149.0,166.0,0.0
2021-02-24 06:00:00+00:00,530.0,550.0,26.0,211.0,6.0,267.0,116.0,0.0,0.0,0.0,0.0,0.0,0.0,0.0,0.0,0.0,54.0,0.0,0.0,0.0,600.0,507.0,0.0,0.0,0.0,0.0,0.0,0.0,589.0,155.0,0.0,301.0,400.0,0.0,204.0,536.0,142.0,44.0,0.0,156.0,160.0,0.0
2021-02-24 07:00:00+00:00,417.0,549.0,39.0,214.0,50.0,320.0,202.0,0.0,0.0,0.0,0.0,0.0,0.0,0.0,0.0,0.0,29.0,0.0,0.0,0.0,601.0,362.0,0.0,0.0,0.0,0.0,0.0,,576.0,153.0,0.0,353.0,340.0,0.0,189.0,546.0,143.0,18.0,0.0,,106.0,0.0
2021-02-24 08:00:00+00:00,374.0,570.0,19.0,176.0,39.0,302.0,195.0,1.0,0.0,0.0,0.0,0.0,0.0,0.0,0.0,0.0,0.0,0.0,0.0,0.0,601.0,248.0,0.0,1.0,0.0,0.0,0.0,0.0,576.0,151.0,0.0,402.0,325.0,0.0,182.0,424.0,86.0,35.0,0.0,201.0,70.0,0.0
2021-02-24 09:00:00+00:00,337.0,614.0,17.0,98.0,0.0,319.0,238.0,38.0,0.0,0.0,0.0,0.0,0.0,0.0,0.0,0.0,11.0,0.0,0.0,0.0,601.0,142.0,0.0,0.0,0.0,0.0,0.0,0.0,592.0,156.0,0.0,403.0,302.0,30.0,175.0,397.0,10.0,46.0,0.0,218.0,41.0,0.0
2021-02-24 10:00:00+00:00,381.0,525.0,20.0,104.0,0.0,419.0,198.0,10.0,0.0,0.0,0.0,0.0,0.0,0.0,1.0,0.0,38.0,0.0,0.0,0.0,601.0,274.0,0.0,0.0,0.0,0.0,0.0,,1078.0,189.0,0.0,424.0,274.0,80.0,156.0,355.0,30.0,36.0,0.0,,11.0,0.0
2021-02-24 11:00:00+00:00,345.0,582.0,7.0,46.0,0.0,444.0,242.0,38.0,0.0,0.0,0.0,0.0,0.0,0.0,203.0,0.0,38.0,0.0,0.0,0.0,601.0,231.0,0.0,0.0,0.0,0.0,0.0,,1376.0,180.0,0.0,447.0,308.0,136.0,158.0,29.0,6.0,56.0,0.0,,1.0,0.0
2021-02-24 12:00:00+00:00,335.0,574.0,46.0,10.0,0.0,427.0,251.0,124.0,0.0,0.0,0.0,0.0,0.0,0.0,215.0,0.0,41.0,0.0,0.0,0.0,601.0,200.0,1.0,0.0,0.0,0.0,0.0,,899.0,192.0,0.0,430.0,320.0,179.0,155.0,0.0,0.0,15.0,0.0,,0.0,0.0
2021-02-24 13:00:00+00:00,361.0,547.0,14.0,48.0,0.0,341.0,307.0,36.0,0.0,0.0,0.0,0.0,0.0,0.0,223.0,0.0,54.0,0.0,0.0,0.0,600.0,225.0,1.0,0.0,0.0,0.0,0.0,0.0,621.0,165.0,0.0,447.0,346.0,145.0,156.0,0.0,5.0,39.0,0.0,41.0,0.0,0.0
2021-02-24 14:00:00+00:00,453.0,499.0,14.0,71.0,0.0,327.0,303.0,4.0,0.0,0.0,0.0,0.0,0.0,0.0,111.0,0.0,48.0,0.0,0.0,0.0,558.0,343.0,0.0,0.0,0.0,0.0,0.0,0.0,591.0,154.0,0.0,436.0,389.0,162.0,161.0,242.0,69.0,54.0,0.0,102.0,33.0,0.0
2021-02-24 15:00:00+00:00,436.0,544.0,6.0,126.0,0.0,324.0,262.0,0.0,0.0,0.0,0.0,0.0,0.0,0.0,0.0,0.0,49.0,0.0,0.0,0.0,599.0,386.0,0.0,0.0,0.0,0.0,0.0,,565.0,143.0,0.0,442.0,486.0,76.0,214.0,398.0,108.0,106.0,0.0,,20.0,0.0
2021-02-24 16:00:00+00:00,403.0,560.0,14.0,178.0,9.0,367.0,277.0,1.0,0.0,0.0,0.0,0.0,0.0,0.0,0.0,0.0,99.0,0.0,0.0,0.0,601.0,326.0,0.0,0.0,0.0,0.0,0.0,0.0,568.0,158.0,0.0,442.0,467.0,0.0,202.0,482.0,94.0,70.0,0.0,113.0,102.0,0.0
2021-02-24 17:00:00+00:00,355.0,580.0,66.0,254.0,107.0,368.0,273.0,0.0,0.0,0.0,0.0,0.0,0.0,0.0,0.0,0.0,136.0,0.0,0.0,0.0,601.0,364.0,0.0,0.0,0.0,0.0,0.0,,593.0,155.0,0.0,400.0,384.0,0.0,186.0,572.0,198.0,9.0,0.0,,178.0,0.0
2021-02-24 18:00:00+00:00,357.0,577.0,76.0,246.0,89.0,389.0,163.0,0.0,0.0,0.0,0.0,0.0,0.0,0.0,0.0,0.0,139.0,0.0,0.0,0.0,600.0,393.0,0.0,0.0,0.0,0.0,0.0,0.0,1075.0,170.0,0.0,355.0,336.0,0.0,170.0,599.0,180.0,6.0,0.0,161.0,201.0,0.0
2021-02-24 19:00:00+00:00,346.0,695.0,63.0,242.0,104.0,437.0,171.0,0.0,0.0,0.0,0.0,0.0,0.0,0.0,0.0,0.0,117.0,0.0,0.0,0.0,577.0,381.0,0.0,0.0,0.0,0.0,0.0,0.0,1380.0,170.0,0.0,275.0,326.0,0.0,195.0,495.0,143.0,16.0,0.0,122.0,189.0,0.0
2021-02-24 20:00:00+00:00,383.0,537.0,32.0,161.0,5.0,432.0,174.0,0.0,0.0,0.0,0.0,0.0,0.0,0.0,0.0,0.0,79.0,0.0,0.0,0.0,592.0,336.0,0.0,0.0,0.0,0.0,0.0,0.0,1386.0,145.0,0.0,187.0,267.0,0.0,154.0,564.0,106.0,36.0,0.0,165.0,197.0,0.0
2021-02-24 21:00:00+00:00,336.0,425.0,16.0,135.0,11.0,394.0,132.0,0.0,0.0,0.0,0.0,0.0,0.0,0.0,0.0,0.0,39.0,0.0,0.0,0.0,600.0,197.0,0.0,0.0,0.0,0.0,0.0,0.0,1396.0,89.0,0.0,156.0,224.0,0.0,118.0,522.0,84.0,50.0,0.0,174.0,180.0,0.0
2021-02-24 22:00:00+00:00,264.0,543.0,88.0,81.0,0.0,358.0,163.0,40.0,0.0,0.0,0.0,0.0,0.0,0.0,0.0,0.0,54.0,0.0,0.0,0.0,600.0,70.0,0.0,0.0,0.0,0.0,0.0,0.0,1392.0,76.0,0.0,231.0,166.0,5.0,112.0,504.0,4.0,6.0,0.0,198.0,198.0,0.0
2021-02-24 23:00:00+00:00,184.0,403.0,6.0,96.0,30.0,430.0,212.0,3.0,0.0,0.0,0.0,0.0,0.0,0.0,0.0,0.0,32.0,0.0,0.0,0.0,600.0,125.0,0.0,0.0,0.0,0.0,0.0,0.0,1392.0,116.0,0.0,129.0,58.0,0.0,62.0,566.0,42.0,70.0,0.0,248.0,231.0,0.0
2021-02-25 00:00:00+00:00,174.0,550.0,2.0,86.0,41.0,439.0,212.0,0.0,0.0,0.0,0.0,0.0,0.0,0.0,0.0,0.0,66.0,0.0,0.0,0.0,600.0,162.0,0.0,0.0,0.0,0.0,0.0,0.0,1391.0,113.0,0.0,74.0,108.0,0.0,104.0,495.0,71.0,115.0,0.0,207.0,221.0,0.0
2021-02-25 01:00:00+00:00,81.0,769.0,1.0,52.0,70.0,420.0,209.0,6.0,2.0,0.0,0.0,0.0,0.0,0.0,0.0,0.0,64.0,0.0,0.0,0.0,600.0,34.0,0.0,0.0,0.0,0.0,0.0,0.0,1389.0,127.0,0.0,14.0,203.0,0.0,175.0,406.0,37.0,149.0,0.0,123.0,217.0,0.0
2021-02-25 02:00:00+00:00,59.0,841.0,0.0,35.0,87.0,383.0,211.0,38.0,60.0,0.0,0.0,0.0,0.0,0.0,0.0,0.0,62.0,0.0,0.0,0.0,601.0,0.0,0.0,0.0,0.0,0.0,0.0,0.0,1390.0,142.0,0.0,39.0,261.0,0.0,200.0,391.0,5.0,154.0,0.0,96.0,226.0,0.0
2021-02-25 03:00:00+00:00,86.0,732.0,6.0,3.0,21.0,243.0,119.0,81.0,66.0,0.0,0.0,0.0,0.0,0.0,0.0,0.0,67.0,0.0,0.0,0.0,600.0,0.0,5.0,0.0,0.0,0.0,0.0,,903.0,146.0,0.0,71.0,252.0,0.0,164.0,428.0,0.0,84.0,0.0,,191.0,0.0
2021-02-25 04:00:00+00:00,152.0,567.0,0.0,19.0,0.0,174.0,215.0,21.0,13.0,0.0,0.0,0.0,0.0,0.0,0.0,0.0,45.0,0.0,0.0,0.0,600.0,12.0,0.0,0.0,0.0,0.0,0.0,,513.0,168.0,0.0,188.0,239.0,7.0,111.0,563.0,17.0,229.0,0.0,,192.0,0.0
2021-02-25 05:00:00+00:00,228.0,900.0,2.0,59.0,21.0,259.0,247.0,31.0,2.0,0.0,0.0,0.0,0.0,0.0,0.0,0.0,70.0,0.0,0.0,0.0,600.0,55.0,0.0,0.0,0.0,0.0,0.0,0.0,492.0,191.0,0.0,283.0,401.0,0.0,241.0,467.0,8.0,170.0,0.0,64.0,217.0,0.0
2021-02-25 06:00:00+00:00,263.0,956.0,1.0,90.0,53.0,254.0,169.0,13.0,19.0,0.0,0.0,0.0,0.0,0.0,0.0,0.0,62.0,0.0,0.0,0.0,600.0,7.0,0.0,0.0,0.0,0.0,0.0,0.0,491.0,174.0,0.0,399.0,395.0,0.0,254.0,484.0,20.0,159.0,0.0,96.0,221.0,0.0
2021-02-25 07:00:00+00:00,169.0,967.0,2.0,106.0,98.0,267.0,155.0,13.0,119.0,0.0,0.0,0.0,0.0,0.0,0.0,0.0,45.0,0.0,0.0,0.0,601.0,0.0,0.0,0.0,0.0,0.0,0.0,0.0,492.0,144.0,0.0,411.0,376.0,0.0,268.0,441.0,17.0,114.0,0.0,105.0,187.0,0.0
2021-02-25 08:00:00+00:00,75.0,1087.0,0.0,113.0,173.0,267.0,171.0,14.0,231.0,0.0,0.0,0.0,0.0,0.0,0.0,0.0,20.0,0.0,0.0,0.0,601.0,0.0,0.0,0.0,0.0,0.0,0.0,13.0,492.0,137.0,0.0,353.0,398.0,0.0,313.0,282.0,25.0,158.0,0.0,3.0,191.0,0.0
2021-02-25 09:00:00+00:00,101.0,970.0,0.0,57.0,74.0,281.0,179.0,58.0,218.0,0.0,0.0,0.0,0.0,0.0,0.0,0.0,0.0,0.0,0.0,0.0,602.0,0.0,0.0,4.0,0.0,0.0,0.0,,492.0,148.0,0.0,292.0,362.0,0.0,275.0,274.0,3.0,197.0,0.0,,150.0,0.0
2021-02-25 10:00:00+00:00,111.0,883.0,1.0,34.0,20.0,282.0,179.0,47.0,148.0,0.0,0.0,0.0,0.0,0.0,0.0,0.0,36.0,0.0,0.0,0.0,602.0,0.0,0.0,0.0,0.0,0.0,0.0,13.0,1024.0,147.0,0.0,268.0,316.0,0.0,249.0,213.0,5.0,142.0,0.0,2.0,110.0,0.0
2021-02-25 11:00:00+00:00,110.0,870.0,0.0,1.0,0.0,331.0,253.0,68.0,208.0,0.0,0.0,0.0,0.0,0.0,0.0,0.0,64.0,0.0,0.0,0.0,601.0,0.0,27.0,0.0,0.0,0.0,0.0,,1363.0,141.0,0.0,269.0,359.0,34.0,249.0,208.0,2.0,195.0,0.0,,79.0,0.0
2021-02-25 12:00:00+00:00,84.0,927.0,0.0,0.0,0.0,259.0,171.0,60.0,211.0,0.0,0.0,0.0,0.0,0.0,0.0,0.0,69.0,0.0,0.0,0.0,601.0,0.0,45.0,0.0,0.0,0.0,0.0,34.0,896.0,149.0,0.0,222.0,405.0,52.0,290.0,187.0,1.0,185.0,0.0,0.0,93.0,0.0
2021-02-25 13:00:00+00:00,97.0,878.0,2.0,8.0,0.0,239.0,186.0,27.0,97.0,0.0,0.0,0.0,0.0,0.0,0.0,0.0,79.0,0.0,0.0,0.0,601.0,0.0,3.0,0.0,0.0,0.0,0.0,35.0,514.0,128.0,0.0,227.0,433.0,40.0,295.0,228.0,8.0,98.0,0.0,0.0,91.0,0.0
2021-02-25 14:00:00+00:00,122.0,920.0,6.0,24.0,0.0,259.0,197.0,26.0,88.0,0.0,0.0,0.0,0.0,0.0,0.0,0.0,71.0,0.0,0.0,0.0,601.0,0.0,0.0,0.0,0.0,0.0,0.0,60.0,490.0,132.0,0.0,255.0,517.0,8.0,326.0,211.0,10.0,101.0,0.0,0.0,46.0,0.0
2021-02-25 15:00:00+00:00,188.0,926.0,15.0,78.0,30.0,269.0,203.0,2.0,4.0,0.0,0.0,0.0,0.0,0.0,0.0,0.0,109.0,0.0,0.0,0.0,601.0,39.0,0.0,0.0,0.0,0.0,0.0,91.0,463.0,123.0,0.0,350.0,519.0,0.0,317.0,263.0,42.0,49.0,0.0,0.0,107.0,0.0
2021-02-25 16:00:00+00:00,259.0,755.0,52.0,130.0,57.0,264.0,174.0,6.0,3.0,0.0,0.0,0.0,0.0,0.0,0.0,0.0,107.0,0.0,0.0,0.0,601.0,60.0,0.0,0.0,0.0,0.0,0.0,,463.0,118.0,0.0,384.0,438.0,0.0,232.0,475.0,57.0,32.0,0.0,,127.0,0.0
2021-02-25 17:00:00+00:00,252.0,833.0,58.0,234.0,173.0,239.0,142.0,0.0,0.0,0.0,0.0,0.0,0.0,0.0,0.0,0.0,146.0,0.0,0.0,0.0,601.0,141.0,0.0,0.0,0.0,0.0,0.0,,489.0,128.0,0.0,300.0,388.0,0.0,245.0,594.0,176.0,20.0,0.0,,219.0,0.0
2021-02-25 18:00:00+00:00,231.0,890.0,86.0,234.0,175.0,277.0,182.0,0.0,0.0,0.0,0.0,0.0,0.0,0.0,0.0,0.0,142.0,0.0,0.0,0.0,601.0,139.0,0.0,0.0,0.0,0.0,0.0,,1011.0,139.0,0.0,216.0,388.0,0.0,266.0,600.0,168.0,3.0,0.0,,254.0,0.0
2021-02-25 19:00:00+00:00,199.0,853.0,59.0,240.0,202.0,356.0,198.0,0.0,0.0,0.0,0.0,0.0,0.0,0.0,0.0,0.0,127.0,0.0,0.0,0.0,601.0,118.0,0.0,0.0,0.0,0.0,0.0,0.0,1363.0,121.0,0.0,179.0,375.0,0.0,269.0,532.0,169.0,15.0,0.0,71.0,254.0,0.0
2021-02-25 20:00:00+00:00,183.0,932.0,35.0,203.0,190.0,370.0,240.0,0.0,3.0,0.0,0.0,0.0,0.0,0.0,0.0,0.0,88.0,0.0,0.0,0.0,601.0,40.0,0.0,0.0,0.0,0.0,0.0,2.0,1388.0,110.0,0.0,79.0,407.0,0.0,308.0,493.0,149.0,35.0,0.0,21.0,280.0,0.0
2021-02-25 21:00:00+00:00,129.0,812.0,5.0,170.0,195.0,352.0,182.0,0.0,95.0,0.0,0.0,0.0,0.0,0.0,0.0,0.0,90.0,0.0,0.0,0.0,601.0,0.0,0.0,0.0,0.0,0.0,0.0,,1386.0,78.0,0.0,114.0,363.0,0.0,285.0,456.0,171.0,106.0,0.0,,303.0,0.0
2021-02-25 22:00:00+00:00,113.0,769.0,7.0,157.0,139.0,353.0,213.0,0.0,48.0,0.0,0.0,0.0,0.0,0.0,0.0,0.0,87.0,0.0,0.0,0.0,601.0,12.0,0.0,0.0,0.0,0.0,0.0,0.0,1391.0,84.0,0.0,46.0,276.0,0.0,239.0,462.0,126.0,89.0,0.0,53.0,303.0,0.0
2021-02-25 23:00:00+00:00,75.0,861.0,8.0,156.0,147.0,316.0,109.0,0.0,4.0,0.0,0.0,0.0,0.0,0.0,0.0,0.0,96.0,0.0,0.0,0.0,601.0,47.0,0.0,0.0,0.0,0.0,0.0,,1389.0,89.0,0.0,182.0,287.0,0.0,252.0,381.0,133.0,86.0,0.0,,296.0,0.0
2021-02-26 00:00:00+00:00,111.0,941.0,6.0,116.0,113.0,284.0,90.0,0.0,0.0,0.0,0.0,0.0,0.0,0.0,0.0,0.0,84.0,0.0,0.0,0.0,601.0,66.0,0.0,0.0,0.0,46.0,0.0,0.0,1389.0,73.0,0.0,0.0,310.0,0.0,259.0,360.0,129.0,102.0,0.0,49.0,274.0,0.0
2021-02-26 01:00:00+00:00,97.0,1018.0,7.0,91.0,104.0,268.0,91.0,1.0,0.0,0.0,0.0,0.0,0.0,0.0,0.0,0.0,77.0,0.0,0.0,0.0,601.0,57.0,0.0,0.0,0.0,142.0,0.0,0.0,1389.0,74.0,0.0,0.0,327.0,0.0,274.0,356.0,90.0,100.0,0.0,69.0,252.0,0.0
2021-02-26 02:00:00+00:00,90.0,1046.0,6.0,90.0,88.0,254.0,0.0,0.0,1.0,0.0,0.0,0.0,0.0,0.0,0.0,0.0,76.0,0.0,0.0,0.0,601.0,53.0,0.0,0.0,0.0,67.0,0.0,0.0,1204.0,101.0,107.0,0.0,368.0,0.0,297.0,306.0,90.0,101.0,0.0,39.0,229.0,0.0
2021-02-26 03:00:00+00:00,124.0,964.0,5.0,102.0,62.0,105.0,0.0,1.0,0.0,0.0,0.0,0.0,0.0,0.0,0.0,0.0,83.0,0.0,0.0,0.0,601.0,122.0,0.0,0.0,0.0,45.0,0.0,,707.0,111.0,226.0,0.0,346.0,0.0,264.0,414.0,69.0,106.0,0.0,,238.0,0.0
2021-02-26 04:00:00+00:00,198.0,762.0,2.0,63.0,0.0,0.0,0.0,2.0,0.0,0.0,0.0,0.0,0.0,0.0,0.0,0.0,105.0,66.0,0.0,0.0,601.0,149.0,0.0,0.0,0.0,0.0,0.0,,423.0,79.0,146.0,142.0,330.0,42.0,198.0,497.0,71.0,182.0,0.0,,183.0,0.0
2021-02-26 05:00:00+00:00,217.0,1257.0,2.0,89.0,15.0,59.0,33.0,0.0,0.0,0.0,0.0,0.0,0.0,0.0,0.0,0.0,111.0,0.0,0.0,0.0,601.0,145.0,0.0,0.0,0.0,0.0,0.0,82.0,404.0,120.0,0.0,253.0,598.0,0.0,418.0,310.0,107.0,125.0,0.0,0.0,229.0,0.0
2021-02-26 06:00:00+00:00,211.0,1294.0,3.0,142.0,111.0,218.0,56.0,0.0,1.0,0.0,0.0,0.0,0.0,0.0,0.0,0.0,121.0,0.0,0.0,0.0,601.0,62.0,0.0,0.0,0.0,0.0,0.0,,406.0,138.0,0.0,348.0,615.0,0.0,451.0,220.0,92.0,124.0,0.0,,256.0,0.0
2021-02-26 07:00:00+00:00,136.0,1239.0,4.0,145.0,151.0,244.0,64.0,0.0,57.0,0.0,0.0,0.0,0.0,0.0,0.0,0.0,71.0,0.0,0.0,0.0,601.0,1.0,0.0,0.0,0.0,0.0,0.0,,406.0,129.0,0.0,322.0,529.0,0.0,407.0,153.0,86.0,102.0,0.0,,206.0,0.0
2021-02-26 08:00:00+00:00,113.0,1228.0,6.0,151.0,181.0,188.0,48.0,0.0,99.0,0.0,0.0,0.0,0.0,0.0,0.0,0.0,65.0,0.0,0.0,0.0,601.0,0.0,0.0,0.0,0.0,0.0,0.0,174.0,407.0,118.0,0.0,266.0,539.0,0.0,455.0,24.0,111.0,112.0,29.0,0.0,194.0,0.0
2021-02-26 09:00:00+00:00,182.0,953.0,6.0,128.0,122.0,141.0,0.0,2.0,59.0,0.0,0.0,0.0,0.0,0.0,0.0,0.0,42.0,0.0,0.0,0.0,602.0,0.0,0.0,0.0,0.0,0.0,0.0,207.0,407.0,109.0,1.0,236.0,489.0,0.0,427.0,0.0,77.0,104.0,24.0,0.0,103.0,0.0
2021-02-26 10:00:00+00:00,222.0,937.0,3.0,131.0,115.0,280.0,0.0,0.0,13.0,0.0,0.0,0.0,0.0,0.0,0.0,0.0,57.0,0.0,0.0,0.0,602.0,13.0,0.0,0.0,0.0,0.0,0.0,,920.0,118.0,6.0,214.0,499.0,0.0,431.0,0.0,138.0,134.0,139.0,,36.0,0.0
2021-02-26 11:00:00+00:00,245.0,836.0,6.0,104.0,55.0,331.0,0.0,0.0,5.0,0.0,0.0,0.0,0.0,0.0,0.0,0.0,35.0,0.0,0.0,0.0,601.0,70.0,0.0,0.0,0.0,0.0,0.0,,1158.0,108.0,5.0,248.0,467.0,0.0,385.0,0.0,129.0,110.0,100.0,,26.0,0.0
2021-02-26 12:00:00+00:00,248.0,784.0,6.0,52.0,0.0,273.0,0.0,0.0,0.0,0.0,0.0,0.0,0.0,0.0,0.0,0.0,46.0,0.0,0.0,0.0,601.0,84.0,0.0,0.0,0.0,0.0,0.0,189.0,784.0,147.0,8.0,260.0,479.0,18.0,370.0,0.0,99.0,92.0,83.0,0.0,26.0,0.0
2021-02-26 13:00:00+00:00,318.0,647.0,6.0,76.0,0.0,202.0,96.0,0.0,0.0,0.0,0.0,0.0,0.0,0.0,0.0,0.0,17.0,0.0,0.0,0.0,601.0,244.0,0.0,0.0,0.0,0.0,0.0,,455.0,151.0,0.0,223.0,457.0,85.0,325.0,45.0,160.0,100.0,0.0,,17.0,0.0
2021-02-26 14:00:00+00:00,380.0,589.0,48.0,134.0,0.0,238.0,138.0,0.0,0.0,0.0,0.0,0.0,0.0,0.0,0.0,0.0,27.0,0.0,0.0,0.0,601.0,416.0,0.0,0.0,0.0,0.0,0.0,,407.0,147.0,0.0,292.0,480.0,78.0,311.0,168.0,168.0,26.0,0.0,,33.0,0.0
2021-02-26 15:00:00+00:00,415.0,664.0,44.0,158.0,0.0,250.0,112.0,0.0,0.0,0.0,0.0,0.0,0.0,0.0,0.0,0.0,90.0,0.0,0.0,0.0,601.0,531.0,0.0,0.0,0.0,0.0,0.0,0.0,407.0,131.0,0.0,316.0,433.0,93.0,229.0,381.0,214.0,28.0,0.0,53.0,96.0,0.0
2021-02-26 16:00:00+00:00,441.0,562.0,44.0,225.0,0.0,208.0,85.0,0.0,0.0,0.0,0.0,0.0,0.0,0.0,0.0,0.0,108.0,0.0,0.0,0.0,601.0,508.0,0.0,0.0,0.0,0.0,0.0,0.0,407.0,136.0,0.0,331.0,432.0,34.0,228.0,468.0,231.0,42.0,0.0,58.0,166.0,0.0
2021-02-26 17:00:00+00:00,385.0,716.0,133.0,294.0,87.0,250.0,101.0,0.0,0.0,0.0,0.0,0.0,0.0,0.0,0.0,0.0,139.0,0.0,0.0,0.0,601.0,462.0,0.0,0.0,0.0,0.0,0.0,,407.0,138.0,0.0,156.0,400.0,0.0,257.0,452.0,272.0,4.0,0.0,,214.0,0.0
2021-02-26 18:00:00+00:00,383.0,779.0,145.0,310.0,121.0,359.0,83.0,0.0,0.0,0.0,0.0,0.0,0.0,0.0,0.0,0.0,140.0,0.0,0.0,0.0,601.0,474.0,0.0,0.0,0.0,0.0,0.0,1.0,936.0,150.0,0.0,180.0,372.0,0.0,266.0,499.0,262.0,3.0,0.0,17.0,251.0,0.0
2021-02-26 19:00:00+00:00,384.0,864.0,116.0,296.0,105.0,441.0,111.0,0.0,0.0,0.0,0.0,0.0,0.0,0.0,0.0,0.0,117.0,0.0,0.0,0.0,601.0,492.0,0.0,0.0,0.0,0.0,0.0,0.0,1309.0,149.0,0.0,115.0,390.0,0.0,294.0,451.0,259.0,6.0,0.0,28.0,304.0,0.0
2021-02-26 20:00:00+00:00,435.0,861.0,92.0,248.0,54.0,448.0,158.0,0.0,0.0,0.0,0.0,0.0,0.0,0.0,0.0,0.0,81.0,0.0,0.0,0.0,601.0,487.0,0.0,0.0,0.0,0.0,0.0,33.0,1364.0,158.0,0.0,89.0,428.0,0.0,303.0,387.0,271.0,7.0,0.0,0.0,259.0,0.0
2021-02-26 21:00:00+00:00,442.0,592.0,93.0,271.0,74.0,441.0,168.0,0.0,0.0,0.0,0.0,0.0,0.0,0.0,0.0,0.0,107.0,0.0,0.0,0.0,601.0,498.0,0.0,0.0,0.0,0.0,0.0,,1366.0,150.0,0.0,116.0,298.0,0.0,208.0,442.0,276.0,14.0,0.0,,256.0,0.0
2021-02-26 22:00:00+00:00,458.0,533.0,82.0,255.0,61.0,438.0,138.0,0.0,0.0,0.0,0.0,0.0,0.0,0.0,0.0,0.0,97.0,0.0,0.0,0.0,601.0,501.0,0.0,0.0,0.0,0.0,0.0,0.0,1366.0,149.0,0.0,54.0,187.0,0.0,150.0,439.0,272.0,20.0,0.0,100.0,257.0,0.0
2021-02-26 23:00:00+00:00,421.0,205.0,111.0,230.0,4.0,411.0,84.0,0.0,0.0,0.0,0.0,0.0,0.0,9.0,0.0,0.0,53.0,0.0,0.0,0.0,601.0,583.0,0.0,0.0,0.0,0.0,0.0,,1366.0,126.0,0.0,153.0,34.0,0.0,23.0,516.0,239.0,6.0,0.0,,228.0,0.0
2021-02-27 00:00:00+00:00,395.0,416.0,66.0,200.0,5.0,361.0,17.0,0.0,0.0,0.0,0.0,0.0,0.0,0.0,0.0,0.0,70.0,0.0,0.0,0.0,601.0,588.0,0.0,0.0,0.0,0.0,0.0,0.0,1365.0,102.0,0.0,33.0,79.0,0.0,67.0,419.0,248.0,18.0,0.0,155.0,207.0,0.0
2021-02-27 01:00:00+00:00,380.0,438.0,85.0,190.0,0.0,339.0,0.0,0.0,0.0,0.0,0.0,0.0,0.0,0.0,0.0,0.0,63.0,0.0,0.0,0.0,601.0,630.0,0.0,0.0,0.0,16.0,0.0,0.0,1364.0,85.0,30.0,0.0,136.0,5.0,89.0,355.0,265.0,18.0,0.0,118.0,182.0,0.0
2021-02-27 02:00:00+00:00,365.0,520.0,78.0,186.0,0.0,353.0,0.0,0.0,0.0,0.0,0.0,0.0,0.0,0.0,0.0,0.0,74.0,0.0,0.0,0.0,601.0,659.0,0.0,0.0,0.0,0.0,0.0,0.0,1359.0,100.0,1.0,10.0,202.0,18.0,129.0,295.0,276.0,7.0,0.0,77.0,161.0,0.0
2021-02-27 03:00:00+00:00,366.0,500.0,66.0,185.0,0.0,373.0,40.0,0.0,0.0,0.0,0.0,0.0,0.0,0.0,0.0,0.0,80.0,0.0,0.0,0.0,601.0,663.0,0.0,0.0,0.0,0.0,0.0,0.0,1364.0,125.0,0.0,35.0,234.0,27.0,138.0,256.0,275.0,20.0,0.0,61.0,135.0,0.0
2021-02-27 04:00:00+00:00,363.0,378.0,37.0,176.0,0.0,363.0,37.0,0.0,0.0,0.0,0.0,0.0,0.0,0.0,0.0,0.0,93.0,0.0,0.0,0.0,601.0,669.0,0.0,0.0,0.0,0.0,0.0,0.0,1364.0,138.0,0.0,70.0,218.0,56.0,124.0,308.0,279.0,31.0,0.0,90.0,129.0,0.0
2021-02-27 05:00:00+00:00,355.0,604.0,50.0,180.0,0.0,363.0,102.0,0.0,0.0,0.0,0.0,0.0,0.0,0.0,0.0,0.0,89.0,0.0,0.0,0.0,601.0,632.0,0.0,0.0,0.0,0.0,0.0,37.0,1362.0,195.0,0.0,209.0,404.0,32.0,254.0,239.0,260.0,21.0,0.0,0.0,90.0,0.0
2021-02-27 06:00:00+00:00,344.0,688.0,46.0,240.0,77.0,354.0,133.0,0.0,0.0,0.0,0.0,0.0,0.0,0.0,0.0,0.0,69.0,0.0,0.0,0.0,601.0,595.0,0.0,0.0,0.0,0.0,0.0,151.0,1364.0,209.0,0.0,312.0,510.0,0.0,320.0,167.0,300.0,36.0,0.0,0.0,72.0,0.0
2021-02-27 07:00:00+00:00,312.0,671.0,97.0,296.0,148.0,388.0,183.0,0.0,0.0,0.0,0.0,0.0,0.0,0.0,0.0,0.0,15.0,0.0,0.0,0.0,601.0,579.0,0.0,0.0,0.0,0.0,0.0,,1365.0,207.0,0.0,240.0,497.0,0.0,315.0,95.0,297.0,6.0,0.0,,56.0,0.0
2021-02-27 08:00:00+00:00,244.0,649.0,86.0,327.0,222.0,418.0,169.0,0.0,0.0,0.0,0.0,0.0,0.0,0.0,0.0,0.0,50.0,0.0,0.0,0.0,601.0,519.0,0.0,0.0,0.0,0.0,0.0,219.0,1365.0,196.0,0.0,186.0,459.0,0.0,306.0,20.0,314.0,7.0,12.0,0.0,41.0,0.0
2021-02-27 09:00:00+00:00,225.0,599.0,73.0,325.0,233.0,409.0,168.0,0.0,0.0,0.0,0.0,0.0,0.0,0.0,0.0,0.0,61.0,0.0,0.0,0.0,601.0,498.0,0.0,0.0,0.0,0.0,0.0,,1361.0,191.0,0.0,69.0,464.0,0.0,324.0,0.0,297.0,15.0,99.0,,19.0,0.0
2021-02-27 10:00:00+00:00,229.0,608.0,142.0,314.0,206.0,411.0,138.0,0.0,0.0,0.0,0.0,0.0,0.0,0.0,20.0,0.0,48.0,0.0,0.0,0.0,602.0,546.0,0.0,0.0,0.0,0.0,0.0,297.0,1364.0,193.0,0.0,72.0,454.0,0.0,333.0,0.0,330.0,6.0,175.0,0.0,1.0,0.0
2021-02-27 11:00:00+00:00,198.0,660.0,167.0,295.0,226.0,436.0,210.0,0.0,0.0,0.0,0.0,0.0,0.0,0.0,12.0,0.0,35.0,0.0,0.0,0.0,602.0,467.0,0.0,0.0,0.0,0.0,0.0,323.0,1364.0,189.0,0.0,125.0,475.0,0.0,353.0,0.0,320.0,0.0,198.0,0.0,2.0,0.0
2021-02-27 12:00:00+00:00,171.0,641.0,162.0,286.0,248.0,417.0,171.0,0.0,0.0,0.0,0.0,0.0,0.0,0.0,27.0,0.0,37.0,0.0,0.0,0.0,601.0,440.0,0.0,0.0,0.0,0.0,0.0,377.0,1364.0,192.0,0.0,125.0,501.0,0.0,368.0,0.0,334.0,2.0,267.0,0.0,0.0,0.0
2021-02-27 13:00:00+00:00,179.0,581.0,186.0,302.0,232.0,370.0,120.0,0.0,0.0,0.0,0.0,0.0,0.0,0.0,18.0,0.0,51.0,0.0,0.0,0.0,601.0,467.0,0.0,0.0,0.0,0.0,0.0,,1364.0,187.0,0.0,183.0,496.0,0.0,349.0,0.0,341.0,0.0,224.0,,1.0,0.0
2021-02-27 14:00:00+00:00,221.0,478.0,170.0,295.0,190.0,395.0,139.0,0.0,0.0,0.0,0.0,0.0,0.0,0.0,21.0,0.0,76.0,0.0,0.0,0.0,601.0,510.0,0.0,0.0,0.0,0.0,0.0,,1363.0,173.0,0.0,302.0,483.0,0.0,307.0,0.0,363.0,3.0,104.0,,0.0,0.0
2021-02-27 15:00:00+00:00,343.0,533.0,128.0,279.0,160.0,425.0,116.0,0.0,0.0,0.0,0.0,0.0,0.0,0.0,27.0,0.0,114.0,0.0,0.0,0.0,601.0,502.0,0.0,0.0,0.0,0.0,0.0,,1363.0,160.0,0.0,364.0,524.0,0.0,306.0,0.0,378.0,6.0,60.0,,0.0,0.0
2021-02-27 16:00:00+00:00,396.0,616.0,123.0,311.0,194.0,400.0,121.0,0.0,0.0,0.0,0.0,0.0,0.0,0.0,6.0,0.0,131.0,0.0,0.0,0.0,600.0,464.0,0.0,0.0,0.0,0.0,0.0,,1364.0,159.0,0.0,332.0,552.0,0.0,310.0,84.0,353.0,4.0,0.0,,7.0,0.0
2021-02-27 17:00:00+00:00,325.0,727.0,199.0,382.0,312.0,446.0,148.0,0.0,0.0,0.0,0.0,0.0,0.0,0.0,0.0,0.0,127.0,0.0,0.0,0.0,568.0,417.0,0.0,0.0,0.0,0.0,0.0,271.0,1364.0,154.0,0.0,302.0,564.0,0.0,345.0,83.0,396.0,2.0,0.0,0.0,26.0,0.0
2021-02-27 18:00:00+00:00,335.0,707.0,175.0,369.0,290.0,466.0,170.0,0.0,0.0,0.0,0.0,0.0,0.0,0.0,0.0,0.0,130.0,0.0,0.0,0.0,600.0,438.0,0.0,0.0,0.0,0.0,0.0,244.0,1366.0,161.0,0.0,281.0,536.0,0.0,332.0,75.0,379.0,0.0,0.0,0.0,26.0,0.0
2021-02-27 19:00:00+00:00,371.0,690.0,130.0,357.0,241.0,466.0,172.0,0.0,0.0,0.0,0.0,0.0,0.0,0.0,0.0,0.0,108.0,0.0,0.0,0.0,601.0,505.0,0.0,0.0,0.0,0.0,0.0,255.0,1374.0,168.0,0.0,175.0,509.0,0.0,336.0,55.0,357.0,5.0,0.0,0.0,62.0,0.0
2021-02-27 20:00:00+00:00,377.0,731.0,99.0,321.0,211.0,469.0,150.0,0.0,0.0,0.0,0.0,0.0,0.0,0.0,0.0,0.0,75.0,0.0,0.0,0.0,601.0,449.0,0.0,0.0,0.0,0.0,0.0,,1364.0,144.0,0.0,97.0,522.0,0.0,355.0,5.0,345.0,6.0,8.0,,90.0,0.0
2021-02-27 21:00:00+00:00,364.0,726.0,74.0,364.0,283.0,478.0,167.0,0.0,0.0,0.0,0.0,0.0,0.0,0.0,0.0,0.0,103.0,0.0,0.0,0.0,601.0,431.0,0.0,0.0,0.0,0.0,0.0,,1364.0,138.0,0.0,32.0,488.0,0.0,351.0,0.0,332.0,17.0,63.0,,131.0,0.0
2021-02-27 22:00:00+00:00,406.0,652.0,144.0,386.0,276.0,447.0,149.0,0.0,0.0,0.0,0.0,0.0,0.0,0.0,0.0,0.0,117.0,0.0,0.0,0.0,600.0,411.0,0.0,0.0,0.0,69.0,0.0,,1365.0,148.0,0.0,0.0,414.0,0.0,318.0,0.0,295.0,3.0,37.0,,154.0,0.0
2021-02-27 23:00:00+00:00,314.0,518.0,66.0,377.0,310.0,483.0,217.0,0.0,0.0,0.0,0.0,0.0,0.0,0.0,0.0,0.0,67.0,0.0,0.0,0.0,572.0,351.0,0.0,0.0,0.0,298.0,0.0,,1360.0,168.0,0.0,0.0,288.0,0.0,241.0,83.0,321.0,24.0,0.0,,208.0,0.0
2021-02-28 00:00:00+00:00,225.0,693.0,54.0,330.0,321.0,538.0,251.0,0.0,0.0,0.0,0.0,0.0,0.0,0.0,0.0,0.0,78.0,0.0,0.0,0.0,584.0,262.0,0.0,0.0,0.0,232.0,0.0,273.0,1358.0,178.0,0.0,0.0,349.0,0.0,281.0,2.0,247.0,24.0,16.0,0.0,214.0,0.0
2021-02-28 01:00:00+00:00,191.0,780.0,62.0,287.0,310.0,548.0,244.0,0.0,0.0,0.0,0.0,0.0,0.0,0.0,0.0,0.0,70.0,0.0,0.0,0.0,572.0,209.0,0.0,0.0,0.0,271.0,0.0,308.0,1360.0,174.0,0.0,0.0,419.0,0.0,316.0,0.0,196.0,26.0,86.0,0.0,180.0,0.0
2021-02-28 02:00:00+00:00,197.0,819.0,71.0,266.0,284.0,558.0,240.0,0.0,0.0,0.0,0.0,0.0,0.0,0.0,0.0,0.0,67.0,0.0,0.0,0.0,597.0,204.0,0.0,0.0,0.0,236.0,0.0,,1363.0,180.0,0.0,0.0,486.0,0.0,349.0,0.0,168.0,11.0,93.0,,167.0,0.0
2021-02-28 03:00:00+00:00,139.0,739.0,85.0,243.0,291.0,564.0,247.0,0.0,0.0,0.0,0.0,0.0,0.0,0.0,0.0,0.0,69.0,0.0,0.0,0.0,599.0,119.0,0.0,0.0,0.0,220.0,0.0,,1364.0,177.0,0.0,0.0,512.0,0.0,359.0,0.0,144.0,15.0,109.0,,159.0,0.0
2021-02-28 04:00:00+00:00,85.0,763.0,9.0,235.0,327.0,495.0,228.0,0.0,0.0,0.0,0.0,0.0,0.0,0.0,0.0,0.0,78.0,0.0,0.0,0.0,601.0,86.0,0.0,0.0,0.0,170.0,0.0,,1354.0,180.0,0.0,0.0,505.0,0.0,371.0,0.0,230.0,124.0,68.0,,173.0,0.0
2021-02-28 05:00:00+00:00,47.0,968.0,182.0,190.0,262.0,447.0,186.0,3.0,0.0,0.0,0.0,0.0,0.0,0.0,0.0,0.0,93.0,0.0,0.0,0.0,601.0,85.0,0.0,0.0,0.0,0.0,0.0,402.0,1364.0,180.0,0.0,16.0,565.0,0.0,441.0,0.0,50.0,1.0,49.0,0.0,186.0,0.0
2021-02-28 06:00:00+00:00,0.0,1041.0,18.0,198.0,342.0,385.0,108.0,2.0,104.0,50.0,0.0,0.0,0.0,0.0,0.0,0.0,88.0,0.0,0.0,0.0,601.0,1.0,0.0,0.0,0.0,0.0,0.0,,1364.0,166.0,0.0,70.0,619.0,0.0,507.0,0.0,56.0,54.0,139.0,,150.0,0.0
2021-02-28 07:00:00+00:00,0.0,1187.0,54.0,226.0,350.0,387.0,121.0,2.0,68.0,67.0,0.0,0.0,0.0,0.0,0.0,0.0,84.0,0.0,0.0,0.0,601.0,0.0,0.0,0.0,0.0,1.0,0.0,531.0,1364.0,173.0,0.0,0.0,570.0,0.0,497.0,0.0,53.0,20.0,230.0,0.0,81.0,0.0
2021-02-28 08:00:00+00:00,2.0,1017.0,224.0,255.0,346.0,454.0,179.0,9.0,4.0,34.0,0.0,0.0,0.0,0.0,0.0,0.0,71.0,0.0,0.0,0.0,601.0,22.0,0.0,0.0,0.0,59.0,0.0,540.0,1364.0,170.0,0.0,0.0,507.0,0.0,472.0,0.0,28.0,0.0,290.0,0.0,66.0,0.0
2021-02-28 09:00:00+00:00,43.0,955.0,242.0,295.0,353.0,491.0,197.0,0.0,0.0,1.0,0.0,0.0,0.0,0.0,2.0,0.0,62.0,0.0,0.0,0.0,601.0,135.0,0.0,0.0,0.0,94.0,0.0,,1364.0,179.0,0.0,0.0,448.0,0.0,420.0,0.0,147.0,1.0,373.0,,10.0,0.0
2021-02-28 10:00:00+00:00,6.0,932.0,218.0,302.0,358.0,501.0,200.0,0.0,0.0,14.0,0.0,0.0,0.0,0.0,1.0,0.0,48.0,0.0,0.0,0.0,602.0,149.0,0.0,0.0,0.0,122.0,0.0,,1364.0,170.0,0.0,0.0,443.0,0.0,430.0,0.0,163.0,1.0,374.0,,10.0,0.0
2021-02-28 11:00:00+00:00,4.0,708.0,262.0,294.0,327.0,352.0,9.0,0.0,0.0,17.0,0.0,0.0,0.0,0.0,0.0,0.0,36.0,0.0,0.0,0.0,601.0,174.0,0.0,0.0,0.0,167.0,0.0,454.0,1364.0,120.0,0.0,0.0,381.0,0.0,379.0,0.0,144.0,0.0,270.0,0.0,28.0,0.0
2021-02-28 12:00:00+00:00,0.0,742.0,335.0,234.0,274.0,392.0,57.0,2.0,0.0,55.0,0.0,0.0,0.0,0.0,11.0,0.0,26.0,0.0,0.0,0.0,601.0,79.0,0.0,0.0,0.0,193.0,0.0,423.0,1364.0,135.0,0.0,0.0,419.0,0.0,374.0,0.0,52.0,0.0,287.0,0.0,4.0,0.0
2021-02-28 13:00:00+00:00,0.0,640.0,190.0,183.0,191.0,340.0,0.0,1.0,2.0,68.0,0.0,0.0,0.0,0.0,11.0,0.0,29.0,0.0,0.0,0.0,601.0,47.0,0.0,0.0,0.0,210.0,0.0,,1364.0,107.0,23.0,0.0,439.0,0.0,346.0,0.0,82.0,6.0,169.0,,2.0,0.0
2021-02-28 14:00:00+00:00,43.0,405.0,92.0,136.0,65.0,443.0,125.0,16.0,1.0,6.0,0.0,0.0,0.0,0.0,6.0,0.0,55.0,0.0,0.0,0.0,601.0,100.0,0.0,0.0,0.0,0.0,0.0,167.0,1363.0,139.0,0.0,30.0,421.0,0.0,264.0,35.0,34.0,23.0,0.0,0.0,3.0,0.0
2021-02-28 15:00:00+00:00,228.0,252.0,0.0,145.0,0.0,443.0,132.0,0.0,0.0,0.0,0.0,0.0,0.0,0.0,0.0,0.0,81.0,0.0,0.0,0.0,601.0,236.0,0.0,0.0,0.0,0.0,0.0,39.0,1362.0,126.0,0.0,164.0,417.0,6.0,208.0,215.0,151.0,194.0,0.0,3.0,25.0,0.0
2021-02-28 16:00:00+00:00,276.0,323.0,3.0,162.0,45.0,435.0,115.0,0.0,0.0,0.0,0.0,0.0,0.0,0.0,0.0,0.0,87.0,0.0,0.0,0.0,601.0,145.0,0.0,0.0,0.0,0.0,0.0,,1363.0,132.0,0.0,330.0,438.0,0.0,188.0,311.0,161.0,166.0,0.0,,55.0,0.0
2021-02-28 17:00:00+00:00,263.0,284.0,4.0,224.0,120.0,434.0,70.0,0.0,0.0,0.0,0.0,0.0,0.0,0.0,0.0,0.0,101.0,0.0,0.0,0.0,601.0,163.0,0.0,0.0,0.0,0.0,0.0,,1369.0,118.0,0.0,432.0,384.0,0.0,150.0,322.0,243.0,113.0,0.0,,79.0,0.0
2021-02-28 18:00:00+00:00,288.0,288.0,6.0,221.0,113.0,443.0,76.0,0.0,0.0,0.0,0.0,0.0,0.0,0.0,0.0,0.0,113.0,0.0,0.0,0.0,600.0,173.0,0.0,0.0,0.0,0.0,0.0,,1390.0,101.0,0.0,374.0,327.0,0.0,121.0,368.0,190.0,96.0,0.0,,78.0,0.0
2021-02-28 19:00:00+00:00,317.0,333.0,21.0,222.0,103.0,461.0,109.0,0.0,0.0,0.0,0.0,0.0,0.0,0.0,0.0,0.0,88.0,0.0,0.0,0.0,554.0,228.0,0.0,0.0,0.0,0.0,0.0,,1391.0,112.0,0.0,318.0,234.0,0.0,114.0,387.0,234.0,55.0,0.0,,130.0,0.0
2021-02-28 20:00:00+00:00,364.0,253.0,27.0,213.0,88.0,480.0,131.0,0.0,0.0,0.0,0.0,0.0,0.0,0.0,0.0,0.0,116.0,0.0,0.0,0.0,599.0,230.0,0.0,0.0,0.0,0.0,0.0,,1391.0,122.0,0.0,258.0,168.0,0.0,100.0,427.0,250.0,46.0,0.0,,104.0,0.0
2021-02-28 21:00:00+00:00,348.0,354.0,14.0,218.0,125.0,490.0,191.0,0.0,0.0,0.0,0.0,0.0,0.0,0.0,0.0,0.0,125.0,0.0,0.0,0.0,601.0,198.0,0.0,0.0,0.0,0.0,0.0,,1393.0,109.0,0.0,102.0,214.0,0.0,148.0,316.0,265.0,94.0,0.0,,115.0,0.0
2021-02-28 22:00:00+00:00,274.0,481.0,16.0,190.0,119.0,458.0,203.0,0.0,0.0,0.0,0.0,0.0,0.0,0.0,0.0,0.0,97.0,0.0,0.0,0.0,600.0,155.0,0.0,0.0,0.0,0.0,0.0,,1393.0,132.0,0.0,34.0,200.0,0.0,152.0,232.0,218.0,66.0,0.0,,94.0,0.0
2021-02-28 23:00:00+00:00,115.0,246.0,0.0,170.0,124.0,419.0,129.0,0.0,0.0,0.0,0.0,0.0,0.0,1.0,0.0,0.0,120.0,0.0,0.0,0.0,580.0,226.0,0.0,0.0,0.0,0.0,0.0,,1394.0,156.0,0.0,73.0,67.0,0.0,49.0,257.0,299.0,288.0,0.0,,237.0,77.0
2021-03-01 00:00:00+00:00,184.0,257.0,1.0,162.0,81.0,446.0,141.0,0.0,0.0,0.0,0.0,0.0,0.0,0.0,0.0,0.0,119.0,0.0,0.0,0.0,579.0,350.0,0.0,0.0,0.0,45.0,0.0,,1394.0,154.0,0.0,0.0,63.0,0.0,36.0,268.0,296.0,222.0,0.0,,234.0,116.0
2021-03-01 01:00:00+00:00,166.0,344.0,0.0,167.0,105.0,421.0,126.0,0.0,0.0,0.0,0.0,0.0,0.0,0.0,0.0,0.0,115.0,0.0,0.0,0.0,585.0,349.0,0.0,0.0,0.0,58.0,0.0,,1393.0,152.0,0.0,0.0,111.0,0.0,72.0,227.0,314.0,244.0,0.0,,206.0,211.0
2021-03-01 02:00:00+00:00,185.0,336.0,0.0,153.0,60.0,373.0,109.0,0.0,0.0,0.0,0.0,0.0,0.0,0.0,0.0,0.0,115.0,0.0,0.0,0.0,587.0,376.0,0.0,0.0,0.0,0.0,0.0,,1077.0,175.0,0.0,18.0,162.0,0.0,89.0,173.0,275.0,196.0,0.0,,167.0,216.0
2021-03-01 03:00:00+00:00,198.0,251.0,0.0,134.0,16.0,300.0,67.0,0.0,0.0,0.0,0.0,0.0,0.0,0.0,0.0,0.0,120.0,0.0,0.0,0.0,591.0,393.0,0.0,0.0,0.0,0.0,0.0,,500.0,212.0,0.0,61.0,123.0,0.0,54.0,288.0,251.0,198.0,0.0,,193.0,214.0
2021-03-01 04:00:00+00:00,179.0,188.0,1.0,138.0,24.0,0.0,112.0,0.0,0.0,0.0,0.0,0.0,0.0,0.0,0.0,0.0,112.0,4.0,0.0,0.0,580.0,335.0,0.0,0.0,0.0,0.0,0.0,,108.0,140.0,0.0,206.0,178.0,0.0,54.0,290.0,266.0,254.0,0.0,,163.0,215.0
2021-03-01 05:00:00+00:00,236.0,667.0,2.0,119.0,34.0,65.0,50.0,0.0,0.0,0.0,0.0,0.0,0.0,0.0,0.0,0.0,125.0,0.0,0.0,0.0,600.0,249.0,0.0,0.0,0.0,0.0,0.0,,91.0,122.0,0.0,370.0,357.0,0.0,195.0,229.0,195.0,190.0,0.0,,202.0,219.0
2021-03-01 06:00:00+00:00,305.0,777.0,1.0,113.0,73.0,111.0,100.0,0.0,0.0,0.0,0.0,0.0,0.0,0.0,0.0,0.0,112.0,0.0,0.0,0.0,601.0,159.0,0.0,0.0,0.0,0.0,0.0,,86.0,124.0,0.0,474.0,387.0,0.0,243.0,138.0,146.0,187.0,0.0,,190.0,219.0
2021-03-01 07:00:00+00:00,320.0,779.0,0.0,139.0,61.0,183.0,144.0,0.0,0.0,0.0,0.0,0.0,0.0,0.0,0.0,0.0,102.0,0.0,0.0,0.0,601.0,133.0,0.0,0.0,0.0,0.0,0.0,,36.0,118.0,0.0,452.0,317.0,0.0,243.0,122.0,110.0,188.0,0.0,,154.0,218.0
2021-03-01 08:00:00+00:00,325.0,653.0,0.0,150.0,45.0,187.0,182.0,1.0,0.0,0.0,0.0,0.0,0.0,0.0,0.0,0.0,137.0,0.0,0.0,0.0,601.0,121.0,0.0,0.0,0.0,0.0,0.0,0.0,35.0,105.0,0.0,424.0,271.0,0.0,206.0,19.0,80.0,209.0,1.0,43.0,38.0,215.0
2021-03-01 09:00:00+00:00,344.0,641.0,0.0,156.0,27.0,181.0,195.0,0.0,0.0,0.0,0.0,0.0,0.0,0.0,0.0,0.0,154.0,0.0,0.0,0.0,601.0,134.0,0.0,0.0,0.0,0.0,0.0,0.0,61.0,105.0,0.0,321.0,232.0,0.0,194.0,65.0,75.0,214.0,0.0,54.0,44.0,214.0
2021-03-01 10:00:00+00:00,285.0,615.0,5.0,174.0,45.0,180.0,188.0,0.0,0.0,0.0,0.0,0.0,0.0,0.0,9.0,0.0,143.0,0.0,0.0,0.0,602.0,169.0,0.0,0.0,0.0,0.0,0.0,0.0,61.0,115.0,0.0,169.0,257.0,0.0,201.0,172.0,169.0,98.0,0.0,65.0,8.0,214.0
2021-03-01 11:00:00+00:00,268.0,601.0,6.0,173.0,38.0,215.0,202.0,0.0,0.0,0.0,0.0,0.0,0.0,0.0,1.0,0.0,119.0,0.0,0.0,0.0,601.0,255.0,0.0,0.0,0.0,0.0,0.0,0.0,61.0,120.0,0.0,179.0,259.0,0.0,200.0,188.0,203.0,71.0,0.0,48.0,13.0,216.0
2021-03-01 12:00:00+00:00,271.0,670.0,15.0,173.0,48.0,205.0,200.0,0.0,0.0,0.0,0.0,0.0,0.0,0.0,1.0,0.0,130.0,0.0,0.0,0.0,601.0,318.0,0.0,0.0,0.0,0.0,0.0,5.0,62.0,120.0,0.0,188.0,284.0,0.0,228.0,158.0,234.0,50.0,0.0,11.0,21.0,216.0
2021-03-01 13:00:00+00:00,286.0,720.0,9.0,184.0,55.0,189.0,170.0,0.0,0.0,0.0,0.0,0.0,0.0,0.0,0.0,0.0,143.0,0.0,0.0,0.0,601.0,314.0,0.0,0.0,0.0,0.0,0.0,40.0,61.0,119.0,0.0,194.0,335.0,0.0,265.0,157.0,223.0,68.0,0.0,0.0,60.0,215.0
2021-03-01 14:00:00+00:00,317.0,674.0,4.0,198.0,74.0,206.0,196.0,0.0,0.0,0.0,0.0,0.0,0.0,0.0,0.0,0.0,160.0,0.0,0.0,0.0,601.0,356.0,0.0,0.0,0.0,0.0,0.0,50.0,61.0,113.0,0.0,237.0,367.0,0.0,275.0,198.0,208.0,118.0,0.0,0.0,123.0,214.0
2021-03-01 15:00:00+00:00,451.0,563.0,3.0,189.0,47.0,197.0,181.0,0.0,0.0,0.0,0.0,0.0,0.0,0.0,0.0,0.0,155.0,0.0,0.0,0.0,601.0,390.0,0.0,0.0,0.0,0.0,0.0,14.0,61.0,94.0,0.0,335.0,415.0,0.0,262.0,147.0,205.0,113.0,0.0,5.0,191.0,216.0
2021-03-01 16:00:00+00:00,465.0,507.0,4.0,215.0,75.0,209.0,165.0,0.0,0.0,0.0,0.0,0.0,0.0,0.0,0.0,0.0,157.0,0.0,0.0,0.0,601.0,366.0,0.0,0.0,0.0,0.0,0.0,0.0,61.0,93.0,0.0,479.0,442.0,0.0,258.0,190.0,153.0,149.0,0.0,62.0,271.0,218.0
2021-03-01 17:00:00+00:00,392.0,711.0,3.0,293.0,212.0,195.0,188.0,0.0,0.0,0.0,0.0,0.0,0.0,0.0,0.0,0.0,183.0,0.0,0.0,0.0,601.0,320.0,0.0,0.0,0.0,0.0,0.0,0.0,61.0,98.0,0.0,388.0,397.0,0.0,308.0,360.0,173.0,124.0,0.0,133.0,448.0,216.0
2021-03-01 18:00:00+00:00,405.0,718.0,4.0,278.0,194.0,368.0,71.0,0.0,0.0,0.0,0.0,0.0,0.0,0.0,0.0,0.0,183.0,0.0,0.0,0.0,601.0,339.0,0.0,0.0,0.0,0.0,0.0,0.0,591.0,172.0,0.0,351.0,399.0,0.0,305.0,307.0,164.0,81.0,0.0,103.0,418.0,215.0
2021-03-01 19:00:00+00:00,363.0,765.0,15.0,274.0,218.0,421.0,93.0,0.0,0.0,0.0,0.0,0.0,0.0,0.0,0.0,0.0,163.0,0.0,0.0,0.0,601.0,333.0,0.0,0.0,0.0,0.0,0.0,93.0,921.0,132.0,0.0,272.0,481.0,0.0,362.0,61.0,170.0,54.0,0.0,0.0,326.0,215.0
2021-03-01 20:00:00+00:00,329.0,635.0,16.0,272.0,216.0,506.0,148.0,0.0,0.0,0.0,0.0,0.0,0.0,0.0,0.0,0.0,127.0,0.0,0.0,0.0,601.0,306.0,0.0,0.0,0.0,0.0,0.0,88.0,968.0,112.0,0.0,86.0,467.0,0.0,332.0,107.0,190.0,70.0,0.0,0.0,302.0,217.0
2021-03-01 21:00:00+00:00,121.0,448.0,9.0,283.0,249.0,499.0,120.0,0.0,0.0,0.0,0.0,0.0,0.0,0.0,0.0,0.0,153.0,0.0,0.0,0.0,601.0,185.0,0.0,0.0,0.0,0.0,0.0,9.0,955.0,116.0,0.0,48.0,343.0,0.0,247.0,146.0,212.0,70.0,0.0,4.0,331.0,214.0
2021-03-01 22:00:00+00:00,84.0,476.0,5.0,267.0,268.0,508.0,180.0,0.0,0.0,0.0,0.0,0.0,0.0,0.0,0.0,0.0,149.0,0.0,0.0,0.0,601.0,164.0,0.0,0.0,0.0,0.0,0.0,28.0,964.0,138.0,0.0,25.0,285.0,0.0,239.0,147.0,176.0,86.0,0.0,7.0,351.0,213.0
2021-03-01 23:00:00+00:00,10.0,606.0,3.0,263.0,323.0,494.0,176.0,0.0,0.0,10.0,0.0,0.0,0.0,0.0,0.0,0.0,140.0,0.0,0.0,0.0,601.0,129.0,0.0,0.0,0.0,180.0,0.0,76.0,963.0,133.0,0.0,0.0,294.0,0.0,271.0,0.0,162.0,121.0,42.0,0.0,428.0,214.0
2021-03-02 00:00:00+00:00,29.0,622.0,1.0,251.0,298.0,491.0,174.0,0.0,0.0,1.0,0.0,0.0,0.0,0.0,0.0,0.0,134.0,0.0,0.0,0.0,601.0,188.0,0.0,0.0,0.0,234.0,0.0,87.0,965.0,139.0,0.0,0.0,347.0,0.0,293.0,0.0,148.0,169.0,167.0,0.0,442.0,216.0
2021-03-02 01:00:00+00:00,5.0,768.0,0.0,221.0,284.0,492.0,191.0,0.0,0.0,13.0,0.0,0.0,0.0,0.0,0.0,0.0,127.0,0.0,0.0,0.0,601.0,114.0,0.0,0.0,0.0,240.0,0.0,108.0,965.0,147.0,0.0,0.0,400.0,0.0,325.0,0.0,132.0,190.0,223.0,0.0,421.0,213.0
2021-03-02 02:00:00+00:00,21.0,779.0,0.0,195.0,224.0,458.0,174.0,0.0,0.0,2.0,0.0,0.0,0.0,0.0,0.0,0.0,124.0,0.0,0.0,0.0,601.0,143.0,0.0,0.0,0.0,223.0,0.0,,964.0,161.0,0.0,0.0,439.0,0.0,333.0,0.0,154.0,171.0,240.0,,387.0,211.0
2021-03-02 03:00:00+00:00,47.0,658.0,2.0,157.0,157.0,332.0,114.0,0.0,0.0,0.0,0.0,0.0,0.0,0.0,0.0,0.0,100.0,0.0,0.0,0.0,601.0,142.0,0.0,0.0,0.0,181.0,0.0,9.0,471.0,169.0,0.0,0.0,422.0,0.0,293.0,0.0,145.0,174.0,140.0,5.0,368.0,212.0
2021-03-02 04:00:00+00:00,71.0,485.0,0.0,146.0,130.0,83.0,133.0,0.0,0.0,0.0,0.0,0.0,0.0,0.0,0.0,0.0,89.0,0.0,0.0,0.0,601.0,130.0,0.0,0.0,0.0,40.0,0.0,0.0,87.0,94.0,0.0,0.0,387.0,0.0,248.0,64.0,150.0,167.0,4.0,135.0,372.0,212.0
2021-03-02 05:00:00+00:00,101.0,1076.0,2.0,128.0,179.0,147.0,97.0,0.0,18.0,0.0,0.0,0.0,0.0,0.0,0.0,0.0,87.0,0.0,0.0,0.0,596.0,10.0,0.0,0.0,0.0,0.0,0.0,100.0,61.0,80.0,0.0,280.0,551.0,0.0,411.0,0.0,122.0,181.0,50.0,0.0,396.0,211.0
2021-03-02 06:00:00+00:00,138.0,1136.0,0.0,147.0,201.0,199.0,139.0,0.0,46.0,0.0,0.0,0.0,0.0,0.0,0.0,0.0,106.0,0.0,0.0,0.0,596.0,2.0,0.0,0.0,0.0,0.0,0.0,110.0,59.0,70.0,0.0,318.0,498.0,0.0,423.0,0.0,121.0,203.0,40.0,0.0,438.0,216.0
2021-03-02 07:00:00+00:00,107.0,1199.0,0.0,134.0,235.0,210.0,168.0,0.0,193.0,0.0,0.0,0.0,0.0,0.0,0.0,0.0,84.0,0.0,0.0,0.0,596.0,0.0,0.0,0.0,0.0,0.0,0.0,107.0,35.0,77.0,0.0,279.0,452.0,0.0,418.0,0.0,81.0,175.0,152.0,0.0,386.0,217.0
2021-03-02 08:00:00+00:00,131.0,1161.0,0.0,110.0,172.0,223.0,195.0,0.0,172.0,0.0,0.0,0.0,0.0,0.0,0.0,0.0,47.0,0.0,0.0,0.0,596.0,0.0,0.0,0.0,0.0,0.0,0.0,101.0,34.0,81.0,0.0,220.0,421.0,0.0,389.0,0.0,91.0,192.0,246.0,0.0,298.0,216.0
2021-03-02 09:00:00+00:00,175.0,1050.0,0.0,129.0,161.0,234.0,207.0,0.0,71.0,0.0,0.0,0.0,0.0,0.0,0.0,0.0,61.0,0.0,0.0,0.0,597.0,0.0,0.0,0.0,0.0,0.0,0.0,49.0,60.0,81.0,0.0,223.0,336.0,0.0,343.0,0.0,97.0,195.0,207.0,0.0,248.0,216.0
2021-03-02 10:00:00+00:00,125.0,992.0,0.0,133.0,132.0,228.0,203.0,2.0,21.0,0.0,0.0,0.0,0.0,0.0,0.0,0.0,64.0,0.0,0.0,0.0,601.0,9.0,0.0,0.0,0.0,0.0,0.0,14.0,61.0,87.0,0.0,174.0,320.0,0.0,328.0,0.0,79.0,205.0,171.0,3.0,186.0,216.0
2021-03-02 11:00:00+00:00,143.0,910.0,0.0,115.0,65.0,233.0,218.0,2.0,2.0,0.0,0.0,0.0,0.0,0.0,0.0,0.0,68.0,0.0,0.0,0.0,601.0,33.0,0.0,0.0,0.0,0.0,0.0,9.0,61.0,87.0,0.0,254.0,295.0,0.0,301.0,0.0,71.0,198.0,164.0,11.0,151.0,216.0
2021-03-02 12:00:00+00:00,151.0,912.0,0.0,110.0,47.0,247.0,223.0,0.0,0.0,0.0,0.0,0.0,0.0,0.0,0.0,0.0,84.0,0.0,0.0,0.0,601.0,54.0,0.0,0.0,0.0,0.0,0.0,41.0,61.0,83.0,0.0,256.0,342.0,0.0,329.0,0.0,81.0,183.0,190.0,0.0,157.0,216.0
2021-03-02 13:00:00+00:00,214.0,873.0,1.0,118.0,2.0,258.0,213.0,0.0,0.0,0.0,0.0,0.0,0.0,0.0,0.0,0.0,96.0,0.0,0.0,0.0,601.0,108.0,0.0,0.0,0.0,0.0,0.0,64.0,61.0,73.0,0.0,260.0,375.0,0.0,334.0,0.0,108.0,170.0,163.0,0.0,178.0,216.0
2021-03-02 14:00:00+00:00,262.0,951.0,1.0,163.0,23.0,270.0,219.0,0.0,0.0,0.0,0.0,0.0,0.0,0.0,0.0,0.0,121.0,0.0,0.0,0.0,601.0,201.0,0.0,0.0,0.0,0.0,0.0,74.0,61.0,77.0,0.0,160.0,440.0,0.0,355.0,0.0,148.0,114.0,67.0,0.0,222.0,217.0
2021-03-02 15:00:00+00:00,288.0,1024.0,6.0,214.0,124.0,256.0,202.0,0.0,0.0,0.0,0.0,0.0,0.0,0.0,0.0,0.0,119.0,0.0,0.0,0.0,601.0,225.0,0.0,0.0,0.0,0.0,0.0,147.0,60.0,79.0,0.0,290.0,526.0,0.0,390.0,0.0,210.0,104.0,74.0,0.0,245.0,213.0
2021-03-02 16:00:00+00:00,320.0,1051.0,41.0,290.0,216.0,250.0,173.0,0.0,0.0,0.0,0.0,0.0,0.0,0.0,0.0,0.0,149.0,0.0,0.0,0.0,601.0,253.0,0.0,0.0,0.0,0.0,0.0,136.0,60.0,63.0,0.0,325.0,539.0,0.0,401.0,6.0,317.0,18.0,89.0,0.0,356.0,214.0
2021-03-02 17:00:00+00:00,285.0,1062.0,106.0,346.0,286.0,252.0,184.0,0.0,0.0,0.0,0.0,0.0,0.0,0.0,0.0,0.0,190.0,0.0,0.0,0.0,601.0,286.0,0.0,0.0,0.0,0.0,0.0,12.0,61.0,50.0,0.0,214.0,438.0,0.0,389.0,176.0,381.0,6.0,0.0,3.0,515.0,214.0
2021-03-02 18:00:00+00:00,251.0,1160.0,150.0,370.0,354.0,419.0,67.0,0.0,0.0,0.0,0.0,0.0,0.0,0.0,0.0,0.0,187.0,0.0,0.0,0.0,601.0,289.0,0.0,0.0,0.0,0.0,0.0,80.0,590.0,121.0,0.0,160.0,454.0,0.0,424.0,76.0,405.0,2.0,0.0,0.0,525.0,214.0
2021-03-02 19:00:00+00:00,219.0,1121.0,148.0,364.0,363.0,487.0,146.0,0.0,0.0,0.0,0.0,0.0,0.0,0.0,0.0,0.0,164.0,0.0,0.0,0.0,601.0,308.0,0.0,0.0,0.0,0.0,0.0,178.0,937.0,113.0,0.0,146.0,474.0,0.0,431.0,9.0,431.0,2.0,67.0,0.0,455.0,214.0
2021-03-02 20:00:00+00:00,187.0,1139.0,114.0,334.0,346.0,521.0,159.0,0.0,0.0,0.0,0.0,0.0,0.0,0.0,0.0,0.0,129.0,0.0,0.0,0.0,601.0,279.0,0.0,0.0,0.0,13.0,0.0,210.0,963.0,124.0,0.0,0.0,462.0,0.0,427.0,0.0,381.0,2.0,156.0,0.0,449.0,214.0
2021-03-02 21:00:00+00:00,64.0,990.0,157.0,355.0,359.0,529.0,186.0,0.0,0.0,0.0,0.0,0.0,0.0,0.0,0.0,0.0,143.0,0.0,0.0,0.0,601.0,266.0,0.0,0.0,0.0,0.0,0.0,201.0,964.0,127.0,0.0,64.0,380.0,0.0,383.0,0.0,432.0,4.0,209.0,0.0,482.0,214.0
2021-03-02 22:00:00+00:00,23.0,840.0,144.0,359.0,415.0,512.0,186.0,0.0,0.0,4.0,0.0,0.0,0.0,0.0,0.0,0.0,135.0,0.0,0.0,0.0,601.0,239.0,0.0,0.0,0.0,73.0,0.0,152.0,964.0,133.0,0.0,0.0,266.0,0.0,310.0,0.0,439.0,3.0,181.0,0.0,477.0,213.0
2021-03-02 23:00:00+00:00,134.0,594.0,190.0,360.0,385.0,538.0,169.0,0.0,0.0,0.0,0.0,0.0,0.0,0.0,0.0,0.0,114.0,0.0,0.0,0.0,601.0,361.0,0.0,0.0,0.0,437.0,0.0,108.0,965.0,129.0,0.0,0.0,174.0,0.0,232.0,0.0,446.0,0.0,131.0,0.0,447.0,212.0
2021-03-03 00:00:00+00:00,116.0,690.0,178.0,364.0,376.0,534.0,185.0,0.0,0.0,0.0,0.0,0.0,0.0,0.0,0.0,0.0,99.0,0.0,0.0,0.0,601.0,394.0,0.0,0.0,0.0,471.0,0.0,132.0,963.0,128.0,0.0,0.0,220.0,0.0,263.0,0.0,466.0,2.0,174.0,0.0,441.0,214.0
2021-03-03 01:00:00+00:00,85.0,764.0,151.0,333.0,356.0,511.0,196.0,0.0,0.0,0.0,0.0,0.0,0.0,0.0,0.0,0.0,95.0,0.0,0.0,0.0,601.0,333.0,0.0,0.0,0.0,470.0,0.0,163.0,963.0,127.0,0.0,0.0,276.0,0.0,285.0,0.0,435.0,2.0,253.0,0.0,396.0,213.0
2021-03-03 02:00:00+00:00,51.0,901.0,137.0,314.0,345.0,495.0,166.0,0.0,0.0,1.0,0.0,0.0,0.0,0.0,0.0,0.0,93.0,0.0,0.0,0.0,601.0,300.0,0.0,0.0,0.0,434.0,0.0,207.0,961.0,139.0,0.0,0.0,341.0,0.0,331.0,0.0,387.0,1.0,304.0,0.0,386.0,213.0
2021-03-03 03:00:00+00:00,55.0,881.0,140.0,316.0,337.0,330.0,75.0,0.0,0.0,0.0,0.0,0.0,0.0,0.0,0.0,0.0,99.0,0.0,0.0,0.0,601.0,296.0,0.0,0.0,0.0,449.0,0.0,159.0,468.0,181.0,0.0,0.0,361.0,0.0,330.0,0.0,346.0,1.0,203.0,0.0,407.0,214.0
2021-03-03 04:00:00+00:00,140.0,608.0,108.0,342.0,310.0,41.0,135.0,0.0,0.0,0.0,0.0,0.0,0.0,0.0,0.0,0.0,78.0,0.0,0.0,0.0,601.0,376.0,0.0,0.0,0.0,257.0,0.0,65.0,82.0,129.0,0.0,0.0,331.0,0.0,260.0,0.0,387.0,2.0,94.0,0.0,373.0,214.0
2021-03-03 05:00:00+00:00,254.0,1075.0,75.0,295.0,271.0,78.0,133.0,0.0,0.0,0.0,0.0,0.0,0.0,0.0,0.0,0.0,83.0,0.0,0.0,0.0,601.0,298.0,0.0,0.0,0.0,32.0,0.0,205.0,60.0,122.0,0.0,0.0,503.0,0.0,403.0,0.0,287.0,16.0,137.0,0.0,350.0,214.0
2021-03-03 06:00:00+00:00,194.0,1092.0,59.0,282.0,280.0,125.0,127.0,0.0,0.0,0.0,0.0,0.0,0.0,0.0,0.0,0.0,105.0,0.0,0.0,0.0,601.0,203.0,0.0,0.0,0.0,0.0,0.0,130.0,59.0,104.0,0.0,55.0,431.0,0.0,403.0,0.0,262.0,13.0,66.0,0.0,446.0,214.0
2021-03-03 07:00:00+00:00,115.0,1147.0,47.0,250.0,308.0,149.0,139.0,0.0,0.0,0.0,0.0,0.0,0.0,0.0,0.0,0.0,84.0,0.0,0.0,0.0,601.0,66.0,0.0,0.0,0.0,0.0,0.0,165.0,34.0,102.0,0.0,24.0,412.0,0.0,421.0,0.0,197.0,14.0,225.0,0.0,382.0,216.0
2021-03-03 08:00:00+00:00,42.0,1203.0,18.0,202.0,330.0,174.0,181.0,0.0,75.0,6.0,0.0,0.0,0.0,0.0,0.0,0.0,71.0,0.0,0.0,0.0,601.0,0.0,0.0,0.0,0.0,0.0,0.0,240.0,35.0,110.0,0.0,54.0,443.0,0.0,442.0,0.0,148.0,60.0,414.0,0.0,320.0,217.0
2021-03-03 09:00:00+00:00,68.0,1216.0,113.0,177.0,290.0,151.0,161.0,1.0,67.0,0.0,0.0,0.0,0.0,0.0,0.0,0.0,48.0,0.0,0.0,0.0,602.0,0.0,0.0,0.0,0.0,0.0,0.0,247.0,59.0,111.0,0.0,18.0,449.0,0.0,437.0,0.0,63.0,4.0,313.0,0.0,195.0,215.0
2021-03-03 10:00:00+00:00,32.0,1168.0,101.0,162.0,271.0,181.0,181.0,3.0,74.0,1.0,0.0,0.0,0.0,0.0,0.0,0.0,89.0,0.0,0.0,0.0,602.0,0.0,0.0,0.0,0.0,0.0,0.0,238.0,61.0,105.0,0.0,53.0,430.0,0.0,425.0,0.0,54.0,3.0,297.0,0.0,169.0,215.0
2021-03-03 11:00:00+00:00,22.0,1155.0,65.0,162.0,265.0,194.0,188.0,0.0,50.0,3.0,0.0,0.0,0.0,0.0,0.0,0.0,118.0,0.0,0.0,0.0,601.0,0.0,0.0,0.0,0.0,0.0,0.0,243.0,61.0,109.0,0.0,136.0,441.0,0.0,432.0,0.0,86.0,10.0,310.0,0.0,172.0,216.0
2021-03-03 12:00:00+00:00,147.0,1038.0,117.0,208.0,213.0,188.0,203.0,0.0,2.0,0.0,0.0,0.0,0.0,0.0,0.0,0.0,139.0,0.0,0.0,0.0,601.0,124.0,0.0,0.0,0.0,0.0,0.0,214.0,61.0,106.0,0.0,114.0,415.0,0.0,407.0,0.0,165.0,4.0,269.0,0.0,173.0,216.0
2021-03-03 13:00:00+00:00,255.0,904.0,110.0,210.0,121.0,193.0,209.0,0.0,0.0,0.0,0.0,0.0,0.0,0.0,0.0,0.0,149.0,0.0,0.0,0.0,601.0,207.0,0.0,0.0,0.0,0.0,0.0,144.0,60.0,111.0,0.0,158.0,393.0,0.0,359.0,0.0,181.0,3.0,177.0,0.0,150.0,215.0
2021-03-03 14:00:00+00:00,277.0,1043.0,50.0,254.0,162.0,206.0,225.0,0.0,0.0,0.0,0.0,0.0,0.0,0.0,0.0,0.0,117.0,0.0,0.0,0.0,601.0,283.0,0.0,0.0,0.0,0.0,0.0,123.0,61.0,108.0,0.0,65.0,436.0,0.0,379.0,2.0,310.0,14.0,52.0,0.0,204.0,216.0
2021-03-03 15:00:00+00:00,315.0,969.0,80.0,269.0,142.0,246.0,218.0,0.0,0.0,0.0,0.0,0.0,0.0,0.0,0.0,0.0,112.0,0.0,0.0,0.0,601.0,318.0,0.0,0.0,0.0,0.0,0.0,71.0,60.0,94.0,0.0,119.0,471.0,0.0,361.0,44.0,329.0,10.0,7.0,0.0,291.0,215.0
2021-03-03 16:00:00+00:00,453.0,825.0,79.0,301.0,129.0,273.0,253.0,0.0,0.0,0.0,0.0,0.0,0.0,0.0,0.0,0.0,127.0,0.0,0.0,0.0,601.0,371.0,0.0,0.0,0.0,0.0,0.0,0.0,60.0,81.0,0.0,237.0,451.0,0.0,320.0,142.0,311.0,19.0,0.0,47.0,375.0,215.0
2021-03-03 17:00:00+00:00,274.0,808.0,53.0,297.0,236.0,246.0,218.0,0.0,0.0,0.0,0.0,0.0,0.0,0.0,0.0,0.0,164.0,0.0,0.0,0.0,601.0,204.0,0.0,0.0,0.0,0.0,0.0,0.0,60.0,73.0,0.0,227.0,372.0,0.0,301.0,294.0,301.0,18.0,0.0,123.0,479.0,214.0
2021-03-03 18:00:00+00:00,373.0,764.0,123.0,370.0,238.0,429.0,113.0,0.0,0.0,0.0,0.0,0.0,0.0,0.0,0.0,0.0,165.0,0.0,0.0,0.0,601.0,387.0,0.0,0.0,0.0,0.0,0.0,0.0,589.0,135.0,0.0,161.0,357.0,0.0,294.0,352.0,379.0,3.0,0.0,166.0,510.0,215.0
2021-03-03 19:00:00+00:00,353.0,820.0,114.0,374.0,269.0,507.0,197.0,0.0,0.0,0.0,0.0,0.0,0.0,0.0,0.0,0.0,146.0,0.0,0.0,0.0,601.0,397.0,0.0,0.0,0.0,0.0,0.0,4.0,1254.0,116.0,0.0,188.0,436.0,0.0,338.0,81.0,377.0,4.0,0.0,12.0,403.0,215.0
2021-03-03 20:00:00+00:00,304.0,732.0,79.0,348.0,230.0,560.0,197.0,0.0,0.0,0.0,0.0,0.0,0.0,0.0,0.0,0.0,107.0,0.0,0.0,0.0,600.0,403.0,0.0,0.0,0.0,0.0,0.0,0.0,1332.0,99.0,0.0,29.0,371.0,0.0,315.0,170.0,352.0,10.0,0.0,51.0,432.0,216.0
2021-03-03 21:00:00+00:00,263.0,710.0,71.0,375.0,245.0,584.0,225.0,0.0,0.0,0.0,0.0,0.0,0.0,0.0,0.0,0.0,135.0,0.0,0.0,0.0,593.0,401.0,0.0,0.0,0.0,0.0,0.0,0.0,1363.0,114.0,0.0,8.0,283.0,0.0,291.0,215.0,402.0,12.0,0.0,130.0,550.0,216.0
2021-03-03 22:00:00+00:00,231.0,513.0,74.0,349.0,236.0,566.0,202.0,0.0,0.0,0.0,0.0,0.0,0.0,0.0,0.0,0.0,134.0,0.0,0.0,0.0,600.0,370.0,0.0,0.0,0.0,109.0,0.0,0.0,1363.0,131.0,0.0,0.0,170.0,0.0,211.0,182.0,360.0,10.0,0.0,122.0,549.0,215.0
2021-03-03 23:00:00+00:00,273.0,297.0,138.0,387.0,260.0,730.0,86.0,0.0,0.0,0.0,0.0,0.0,0.0,0.0,0.0,0.0,76.0,0.0,0.0,0.0,601.0,485.0,0.0,0.0,0.0,324.0,0.0,0.0,1363.0,178.0,0.0,0.0,50.0,0.0,106.0,253.0,450.0,4.0,0.0,204.0,571.0,215.0
2021-03-04 00:00:00+00:00,265.0,310.0,169.0,369.0,220.0,773.0,83.0,0.0,0.0,0.0,0.0,0.0,0.0,0.0,0.0,0.0,68.0,0.0,0.0,0.0,601.0,523.0,0.0,0.0,0.0,317.0,0.0,,1364.0,182.0,0.0,0.0,56.0,0.0,102.0,195.0,470.0,2.0,0.0,,542.0,215.0
2021-03-04 01:00:00+00:00,235.0,411.0,163.0,370.0,222.0,745.0,83.0,0.0,0.0,0.0,0.0,0.0,0.0,0.0,0.0,0.0,76.0,0.0,0.0,0.0,601.0,530.0,0.0,0.0,0.0,313.0,0.0,0.0,1353.0,187.0,0.0,0.0,111.0,0.0,148.0,134.0,476.0,2.0,0.0,138.0,541.0,215.0
2021-03-04 02:00:00+00:00,274.0,365.0,143.0,345.0,157.0,707.0,42.0,0.0,0.0,0.0,0.0,0.0,0.0,0.0,0.0,0.0,77.0,0.0,0.0,0.0,601.0,530.0,0.0,0.0,0.0,273.0,0.0,0.0,1364.0,193.0,0.0,0.0,132.0,0.0,134.0,136.0,450.0,2.0,0.0,192.0,489.0,216.0
2021-03-04 03:00:00+00:00,298.0,263.0,117.0,343.0,125.0,584.0,0.0,0.0,0.0,0.0,0.0,0.0,0.0,0.0,0.0,0.0,79.0,0.0,0.0,0.0,601.0,535.0,0.0,0.0,0.0,255.0,0.0,0.0,872.0,202.0,19.0,0.0,135.0,0.0,110.0,198.0,430.0,4.0,0.0,235.0,466.0,217.0
2021-03-04 04:00:00+00:00,261.0,316.0,142.0,345.0,175.0,34.0,24.0,0.0,0.0,0.0,0.0,0.0,0.0,0.0,0.0,0.0,61.0,0.0,14.0,0.0,601.0,468.0,0.0,0.0,0.0,242.0,0.0,0.0,598.0,0.0,0.0,0.0,169.0,0.0,141.0,224.0,453.0,3.0,0.0,203.0,467.0,216.0
2021-03-04 05:00:00+00:00,418.0,748.0,119.0,337.0,182.0,103.0,99.0,0.0,0.0,0.0,0.0,0.0,0.0,0.0,0.0,0.0,61.0,0.0,0.0,0.0,601.0,432.0,0.0,0.0,0.0,8.0,0.0,0.0,577.0,22.0,0.0,0.0,346.0,0.0,287.0,185.0,406.0,2.0,0.0,96.0,513.0,215.0
2021-03-04 06:00:00+00:00,406.0,781.0,94.0,336.0,164.0,219.0,189.0,0.0,0.0,0.0,0.0,0.0,0.0,0.0,0.0,0.0,86.0,0.0,0.0,0.0,601.0,389.0,0.0,0.0,0.0,0.0,0.0,0.0,575.0,51.0,0.0,123.0,329.0,0.0,304.0,185.0,395.0,6.0,0.0,54.0,507.0,217.0
2021-03-04 07:00:00+00:00,384.0,863.0,78.0,326.0,177.0,171.0,59.0,0.0,0.0,0.0,0.0,0.0,0.0,0.0,0.0,0.0,82.0,0.0,3.0,0.0,601.0,337.0,0.0,0.0,0.0,0.0,0.0,0.0,552.0,0.0,0.0,172.0,293.0,0.0,316.0,45.0,350.0,9.0,0.0,30.0,419.0,215.0
2021-03-04 08:00:00+00:00,324.0,1024.0,78.0,326.0,252.0,121.0,0.0,0.0,0.0,0.0,0.0,0.0,0.0,0.0,0.0,0.0,63.0,0.0,36.0,0.0,601.0,283.0,0.0,0.0,0.0,0.0,0.0,110.0,552.0,0.0,14.0,18.0,386.0,0.0,392.0,0.0,369.0,6.0,137.0,0.0,335.0,215.0
2021-03-04 09:00:00+00:00,288.0,1030.0,69.0,314.0,248.0,235.0,161.0,0.0,0.0,0.0,0.0,0.0,0.0,0.0,0.0,0.0,55.0,0.0,0.0,0.0,601.0,285.0,0.0,0.0,0.0,1.0,0.0,208.0,576.0,14.0,0.0,0.0,436.0,0.0,416.0,0.0,360.0,7.0,274.0,0.0,246.0,216.0
2021-03-04 10:00:00+00:00,242.0,1031.0,63.0,334.0,308.0,265.0,195.0,0.0,0.0,0.0,0.0,0.0,0.0,0.0,0.0,0.0,106.0,0.0,0.0,0.0,601.0,287.0,0.0,0.0,0.0,28.0,0.0,260.0,579.0,34.0,0.0,0.0,475.0,0.0,438.0,0.0,368.0,18.0,307.0,0.0,298.0,214.0
2021-03-04 11:00:00+00:00,207.0,957.0,70.0,338.0,310.0,336.0,295.0,0.0,0.0,0.0,0.0,0.0,0.0,0.0,0.0,0.0,112.0,0.0,0.0,0.0,601.0,317.0,0.0,0.0,0.0,76.0,0.0,254.0,578.0,63.0,0.0,0.0,459.0,0.0,429.0,0.0,362.0,14.0,309.0,0.0,291.0,213.0
2021-03-04 12:00:00+00:00,239.0,931.0,86.0,330.0,272.0,339.0,316.0,0.0,0.0,0.0,0.0,0.0,0.0,0.0,0.0,0.0,107.0,0.0,0.0,0.0,601.0,361.0,0.0,0.0,0.0,93.0,0.0,,578.0,65.0,0.0,0.0,466.0,0.0,435.0,0.0,332.0,14.0,322.0,,302.0,214.0
2021-03-04 13:00:00+00:00,294.0,904.0,80.0,326.0,212.0,350.0,338.0,0.0,0.0,0.0,0.0,0.0,0.0,0.0,0.0,0.0,117.0,0.0,0.0,0.0,601.0,393.0,0.0,0.0,0.0,52.0,0.0,259.0,577.0,78.0,0.0,0.0,477.0,0.0,423.0,0.0,334.0,6.0,188.0,0.0,358.0,215.0
2021-03-04 14:00:00+00:00,326.0,985.0,83.0,337.0,208.0,360.0,335.0,0.0,0.0,0.0,0.0,0.0,0.0,0.0,0.0,0.0,85.0,0.0,0.0,0.0,601.0,442.0,0.0,0.0,0.0,0.0,0.0,243.0,578.0,59.0,0.0,33.0,512.0,0.0,435.0,0.0,377.0,7.0,112.0,0.0,358.0,216.0
2021-03-04 15:00:00+00:00,375.0,965.0,114.0,330.0,177.0,345.0,302.0,0.0,0.0,0.0,0.0,0.0,0.0,0.0,0.0,0.0,104.0,0.0,0.0,0.0,601.0,461.0,0.0,0.0,0.0,0.0,0.0,198.0,578.0,57.0,0.0,111.0,520.0,0.0,389.0,0.0,382.0,3.0,50.0,0.0,311.0,216.0
2021-03-04 16:00:00+00:00,473.0,895.0,106.0,314.0,109.0,338.0,288.0,0.0,0.0,0.0,0.0,0.0,0.0,0.0,0.0,0.0,126.0,0.0,0.0,0.0,601.0,453.0,0.0,0.0,0.0,0.0,0.0,,577.0,36.0,0.0,219.0,482.0,0.0,334.0,23.0,351.0,9.0,1.0,,345.0,216.0
2021-03-04 17:00:00+00:00,405.0,789.0,62.0,346.0,203.0,329.0,256.0,0.0,0.0,0.0,0.0,0.0,0.0,0.0,0.0,0.0,165.0,0.0,0.0,0.0,601.0,399.0,0.0,0.0,0.0,0.0,0.0,0.0,578.0,44.0,0.0,172.0,420.0,0.0,298.0,93.0,346.0,14.0,0.0,17.0,388.0,215.0
2021-03-04 18:00:00+00:00,400.0,868.0,107.0,374.0,232.0,635.0,0.0,0.0,0.0,0.0,0.0,0.0,0.0,0.0,0.0,0.0,164.0,0.0,0.0,0.0,600.0,453.0,0.0,0.0,0.0,0.0,0.0,45.0,1036.0,194.0,18.0,162.0,402.0,0.0,312.0,40.0,341.0,6.0,0.0,0.0,394.0,216.0
2021-03-04 19:00:00+00:00,386.0,881.0,135.0,369.0,226.0,710.0,30.0,0.0,0.0,0.0,0.0,0.0,0.0,0.0,0.0,0.0,149.0,0.0,0.0,0.0,580.0,463.0,0.0,0.0,0.0,0.0,0.0,105.0,1346.0,168.0,0.0,75.0,386.0,0.0,324.0,0.0,402.0,2.0,36.0,0.0,375.0,215.0
2021-03-04 20:00:00+00:00,322.0,748.0,134.0,378.0,247.0,835.0,120.0,0.0,0.0,0.0,0.0,0.0,0.0,0.0,0.0,0.0,112.0,0.0,0.0,0.0,600.0,473.0,0.0,0.0,0.0,21.0,0.0,,1373.0,151.0,0.0,0.0,329.0,0.0,306.0,0.0,408.0,2.0,57.0,,397.0,214.0
2021-03-04 21:00:00+00:00,247.0,668.0,86.0,390.0,271.0,854.0,140.0,0.0,0.0,0.0,0.0,0.0,0.0,0.0,0.0,0.0,141.0,0.0,0.0,0.0,598.0,462.0,0.0,0.0,0.0,0.0,0.0,68.0,1363.0,150.0,0.0,54.0,285.0,0.0,278.0,0.0,385.0,9.0,106.0,0.0,426.0,214.0
2021-03-04 22:00:00+00:00,232.0,526.0,99.0,402.0,277.0,844.0,137.0,0.0,0.0,0.0,0.0,0.0,0.0,0.0,0.0,0.0,136.0,0.0,0.0,0.0,601.0,502.0,0.0,0.0,0.0,37.0,0.0,38.0,1363.0,150.0,0.0,0.0,210.0,0.0,227.0,0.0,373.0,6.0,123.0,0.0,420.0,213.0
2021-03-04 23:00:00+00:00,180.0,549.0,84.0,410.0,336.0,825.0,119.0,0.0,0.0,0.0,0.0,0.0,0.0,0.0,0.0,0.0,112.0,0.0,0.0,0.0,601.0,502.0,0.0,0.0,0.0,280.0,0.0,0.0,1363.0,156.0,0.0,0.0,136.0,0.0,193.0,12.0,378.0,8.0,2.0,22.0,476.0,214.0
2021-03-05 00:00:00+00:00,185.0,563.0,78.0,382.0,302.0,792.0,87.0,0.0,0.0,0.0,0.0,0.0,0.0,0.0,0.0,0.0,99.0,0.0,0.0,0.0,601.0,507.0,0.0,0.0,0.0,351.0,0.0,6.0,1362.0,158.0,0.0,0.0,142.0,0.0,192.0,0.0,357.0,10.0,50.0,5.0,464.0,215.0
2021-03-05 01:00:00+00:00,184.0,681.0,43.0,357.0,282.0,773.0,32.0,0.0,0.0,0.0,0.0,0.0,0.0,0.0,0.0,0.0,91.0,0.0,0.0,0.0,601.0,475.0,0.0,0.0,0.0,363.0,0.0,48.0,1352.0,177.0,0.0,0.0,190.0,0.0,230.0,0.0,354.0,16.0,114.0,0.0,450.0,215.0
2021-03-05 02:00:00+00:00,187.0,745.0,48.0,354.0,267.0,695.0,43.0,0.0,0.0,0.0,0.0,0.0,0.0,0.0,0.0,0.0,90.0,0.0,0.0,0.0,601.0,489.0,0.0,0.0,0.0,300.0,0.0,112.0,1363.0,197.0,0.0,0.0,238.0,0.0,263.0,0.0,345.0,15.0,199.0,0.0,425.0,216.0
2021-03-05 03:00:00+00:00,219.0,645.0,24.0,329.0,199.0,655.0,23.0,0.0,0.0,0.0,0.0,0.0,0.0,0.0,0.0,0.0,99.0,0.0,0.0,0.0,601.0,499.0,0.0,0.0,0.0,231.0,0.0,49.0,975.0,200.0,0.0,0.0,214.0,0.0,228.0,0.0,307.0,41.0,94.0,0.0,441.0,216.0
2021-03-05 04:00:00+00:00,268.0,565.0,54.0,334.0,156.0,114.0,166.0,0.0,0.0,0.0,0.0,0.0,0.0,0.0,0.0,0.0,77.0,0.0,0.0,0.0,601.0,510.0,0.0,0.0,0.0,167.0,0.0,14.0,636.0,39.0,0.0,0.0,240.0,0.0,199.0,10.0,308.0,17.0,43.0,18.0,387.0,216.0
2021-03-05 05:00:00+00:00,356.0,954.0,67.0,316.0,157.0,143.0,110.0,0.0,0.0,0.0,0.0,0.0,0.0,0.0,0.0,0.0,80.0,0.0,0.0,0.0,601.0,441.0,0.0,0.0,0.0,0.0,0.0,199.0,595.0,37.0,0.0,24.0,438.0,0.0,343.0,0.0,333.0,19.0,178.0,0.0,346.0,216.0
2021-03-05 06:00:00+00:00,267.0,1185.0,77.0,325.0,274.0,154.0,62.0,0.0,0.0,0.0,0.0,0.0,0.0,0.0,0.0,0.0,87.0,0.0,0.0,0.0,601.0,291.0,0.0,0.0,0.0,0.0,0.0,281.0,595.0,6.0,0.0,106.0,515.0,0.0,434.0,0.0,362.0,4.0,220.0,0.0,394.0,216.0
2021-03-05 07:00:00+00:00,239.0,1204.0,25.0,275.0,258.0,61.0,0.0,0.0,0.0,0.0,0.0,0.0,0.0,0.0,0.0,0.0,101.0,0.0,12.0,0.0,601.0,168.0,0.0,0.0,0.0,0.0,0.0,235.0,570.0,0.0,54.0,48.0,524.0,0.0,438.0,0.0,253.0,34.0,209.0,0.0,375.0,215.0
2021-03-05 08:00:00+00:00,227.0,1220.0,47.0,288.0,316.0,123.0,39.0,0.0,0.0,0.0,0.0,0.0,0.0,0.0,0.0,0.0,91.0,0.0,8.0,0.0,601.0,162.0,0.0,0.0,0.0,0.0,0.0,255.0,570.0,0.0,0.0,69.0,501.0,0.0,440.0,0.0,292.0,17.0,187.0,0.0,356.0,215.0
2021-03-05 09:00:00+00:00,275.0,1254.0,42.0,260.0,273.0,130.0,69.0,0.0,0.0,0.0,0.0,0.0,0.0,0.0,0.0,0.0,72.0,0.0,0.0,0.0,601.0,162.0,0.0,0.0,0.0,0.0,0.0,258.0,591.0,8.0,0.0,93.0,556.0,0.0,458.0,0.0,281.0,16.0,153.0,0.0,293.0,215.0
2021-03-05 10:00:00+00:00,222.0,1117.0,36.0,273.0,239.0,183.0,115.0,0.0,0.0,0.0,0.0,0.0,0.0,0.0,0.0,0.0,60.0,0.0,0.0,0.0,602.0,235.0,0.0,0.0,0.0,0.0,0.0,213.0,596.0,12.0,0.0,96.0,530.0,0.0,424.0,0.0,311.0,22.0,53.0,0.0,297.0,215.0
2021-03-05 11:00:00+00:00,226.0,1103.0,40.0,282.0,226.0,222.0,184.0,0.0,0.0,0.0,0.0,0.0,0.0,0.0,0.0,0.0,59.0,0.0,0.0,0.0,601.0,286.0,0.0,0.0,0.0,0.0,0.0,,596.0,37.0,0.0,130.0,547.0,0.0,441.0,0.0,316.0,19.0,36.0,,310.0,215.0
2021-03-05 12:00:00+00:00,230.0,1069.0,18.0,264.0,191.0,233.0,203.0,0.0,0.0,0.0,0.0,0.0,0.0,0.0,0.0,0.0,59.0,0.0,0.0,0.0,601.0,255.0,0.0,0.0,0.0,0.0,0.0,218.0,596.0,50.0,0.0,126.0,548.0,0.0,450.0,0.0,276.0,34.0,37.0,0.0,307.0,214.0
2021-03-05 13:00:00+00:00,304.0,1049.0,25.0,276.0,141.0,256.0,213.0,0.0,0.0,0.0,0.0,0.0,0.0,0.0,0.0,0.0,80.0,0.0,0.0,0.0,601.0,336.0,0.0,0.0,0.0,0.0,0.0,185.0,623.0,50.0,0.0,65.0,546.0,0.0,442.0,23.0,308.0,33.0,0.0,0.0,321.0,213.0
2021-03-05 14:00:00+00:00,409.0,1048.0,61.0,286.0,63.0,259.0,215.0,0.0,0.0,0.0,0.0,0.0,0.0,0.0,0.0,0.0,92.0,0.0,0.0,0.0,601.0,483.0,0.0,0.0,0.0,0.0,0.0,191.0,579.0,46.0,0.0,172.0,536.0,0.0,418.0,18.0,344.0,10.0,5.0,0.0,309.0,214.0
2021-03-05 15:00:00+00:00,466.0,974.0,93.0,284.0,46.0,154.0,112.0,0.0,0.0,0.0,0.0,0.0,0.0,0.0,0.0,0.0,99.0,0.0,0.0,0.0,601.0,508.0,0.0,0.0,0.0,0.0,0.0,223.0,583.0,45.0,0.0,198.0,524.0,0.0,396.0,0.0,372.0,4.0,34.0,0.0,272.0,215.0
2021-03-05 16:00:00+00:00,397.0,1025.0,105.0,305.0,129.0,27.0,0.0,0.0,0.0,0.0,0.0,0.0,0.0,0.0,0.0,0.0,127.0,0.0,1.0,0.0,601.0,421.0,0.0,0.0,0.0,0.0,0.0,267.0,596.0,0.0,120.0,221.0,551.0,0.0,422.0,0.0,364.0,5.0,182.0,0.0,310.0,216.0
2021-03-05 17:00:00+00:00,282.0,1058.0,83.0,306.0,213.0,1.0,0.0,0.0,0.0,0.0,0.0,0.0,0.0,0.0,0.0,0.0,159.0,0.0,0.0,0.0,600.0,289.0,0.0,0.0,0.0,0.0,0.0,241.0,624.0,5.0,105.0,139.0,549.0,0.0,434.0,0.0,351.0,6.0,156.0,0.0,391.0,215.0
2021-03-05 18:00:00+00:00,304.0,1032.0,152.0,347.0,253.0,507.0,0.0,0.0,0.0,0.0,0.0,0.0,0.0,0.0,0.0,0.0,164.0,0.0,0.0,0.0,600.0,373.0,0.0,0.0,0.0,0.0,0.0,,1105.0,184.0,170.0,61.0,528.0,0.0,438.0,0.0,404.0,1.0,222.0,,377.0,215.0
2021-03-05 19:00:00+00:00,274.0,930.0,202.0,343.0,248.0,593.0,0.0,0.0,0.0,0.0,0.0,0.0,0.0,0.0,0.0,0.0,140.0,0.0,0.0,0.0,601.0,382.0,0.0,0.0,0.0,6.0,0.0,,1398.0,161.0,90.0,0.0,482.0,0.0,405.0,0.0,452.0,0.0,155.0,,345.0,215.0
2021-03-05 20:00:00+00:00,197.0,964.0,247.0,368.0,316.0,691.0,0.0,0.0,0.0,0.0,0.0,0.0,0.0,0.0,0.0,0.0,112.0,0.0,0.0,0.0,601.0,416.0,0.0,0.0,0.0,138.0,0.0,,1399.0,152.0,50.0,0.0,537.0,0.0,465.0,0.0,488.0,1.0,296.0,,335.0,214.0
2021-03-05 21:00:00+00:00,169.0,812.0,197.0,398.0,342.0,678.0,0.0,0.0,0.0,0.0,0.0,0.0,0.0,0.0,0.0,0.0,132.0,0.0,0.0,0.0,601.0,391.0,0.0,0.0,0.0,110.0,0.0,253.0,1385.0,163.0,42.0,0.0,476.0,0.0,416.0,0.0,497.0,0.0,341.0,0.0,379.0,214.0
2021-03-05 22:00:00+00:00,154.0,706.0,224.0,408.0,380.0,642.0,0.0,0.0,0.0,0.0,0.0,0.0,0.0,0.0,0.0,0.0,124.0,0.0,0.0,0.0,600.0,386.0,0.0,0.0,0.0,196.0,0.0,237.0,1412.0,158.0,131.0,0.0,412.0,0.0,391.0,0.0,498.0,0.0,317.0,0.0,410.0,214.0
2021-03-05 23:00:00+00:00,142.0,176.0,232.0,425.0,369.0,622.0,0.0,0.0,0.0,0.0,0.0,0.0,0.0,0.0,0.0,0.0,58.0,0.0,0.0,0.0,601.0,404.0,0.0,0.0,0.0,266.0,0.0,,1399.0,146.0,128.0,0.0,179.0,0.0,210.0,0.0,515.0,0.0,139.0,,382.0,215.0
2021-03-06 00:00:00+00:00,176.0,180.0,206.0,407.0,317.0,636.0,0.0,0.0,0.0,0.0,0.0,0.0,0.0,0.0,0.0,0.0,67.0,0.0,0.0,0.0,600.0,497.0,0.0,0.0,0.0,335.0,0.0,77.0,1399.0,148.0,107.0,0.0,200.0,0.0,229.0,0.0,513.0,0.0,166.0,0.0,400.0,215.0
2021-03-06 01:00:00+00:00,156.0,380.0,225.0,407.0,322.0,638.0,0.0,0.0,0.0,0.0,0.0,0.0,0.0,0.0,0.0,0.0,60.0,0.0,0.0,0.0,600.0,508.0,0.0,0.0,0.0,392.0,0.0,,1399.0,147.0,87.0,0.0,273.0,0.0,294.0,0.0,508.0,0.0,245.0,,376.0,212.0
2021-03-06 02:00:00+00:00,134.0,378.0,204.0,382.0,289.0,623.0,0.0,0.0,0.0,0.0,0.0,0.0,0.0,0.0,0.0,0.0,58.0,0.0,0.0,0.0,601.0,498.0,0.0,0.0,0.0,310.0,0.0,154.0,1390.0,142.0,96.0,0.0,322.0,0.0,312.0,0.0,509.0,0.0,292.0,0.0,352.0,213.0
2021-03-06 03:00:00+00:00,179.0,289.0,220.0,367.0,248.0,606.0,0.0,0.0,0.0,0.0,0.0,0.0,0.0,0.0,0.0,0.0,63.0,0.0,0.0,0.0,600.0,527.0,0.0,0.0,0.0,283.0,0.0,131.0,1398.0,148.0,108.0,0.0,327.0,0.0,286.0,0.0,517.0,0.0,281.0,0.0,320.0,214.0
2021-03-06 04:00:00+00:00,184.0,310.0,206.0,378.0,261.0,517.0,0.0,0.0,0.0,0.0,0.0,0.0,0.0,0.0,0.0,0.0,46.0,0.0,0.0,0.0,600.0,505.0,0.0,0.0,0.0,253.0,0.0,69.0,1398.0,142.0,186.0,0.0,332.0,0.0,275.0,0.0,543.0,0.0,186.0,0.0,323.0,213.0
2021-03-06 05:00:00+00:00,126.0,468.0,256.0,381.0,266.0,512.0,0.0,0.0,0.0,0.0,0.0,0.0,0.0,0.0,0.0,0.0,28.0,0.0,0.0,0.0,600.0,506.0,0.0,0.0,0.0,134.0,0.0,190.0,1393.0,166.0,170.0,0.0,428.0,0.0,334.0,0.0,503.0,0.0,184.0,0.0,217.0,215.0
2021-03-06 06:00:00+00:00,141.0,426.0,237.0,379.0,274.0,543.0,0.0,0.0,0.0,0.0,0.0,0.0,0.0,0.0,0.0,0.0,38.0,0.0,0.0,0.0,600.0,435.0,0.0,0.0,0.0,0.0,0.0,160.0,1393.0,171.0,101.0,27.0,397.0,0.0,337.0,0.0,470.0,0.0,128.0,0.0,201.0,215.0
2021-03-06 07:00:00+00:00,137.0,396.0,226.0,381.0,299.0,494.0,0.0,0.0,0.0,0.0,0.0,0.0,0.0,0.0,0.0,0.0,33.0,0.0,0.0,0.0,600.0,348.0,0.0,0.0,0.0,15.0,0.0,,1390.0,156.0,44.0,0.0,336.0,0.0,312.0,0.0,476.0,1.0,126.0,,150.0,216.0
2021-03-06 08:00:00+00:00,132.0,315.0,212.0,370.0,286.0,489.0,0.0,0.0,0.0,0.0,0.0,0.0,0.0,0.0,0.0,0.0,6.0,0.0,0.0,0.0,601.0,317.0,0.0,0.0,0.0,17.0,0.0,68.0,1389.0,161.0,72.0,0.0,274.0,0.0,268.0,0.0,506.0,1.0,118.0,0.0,90.0,216.0
2021-03-06 09:00:00+00:00,192.0,251.0,173.0,338.0,231.0,493.0,0.0,0.0,0.0,0.0,0.0,0.0,0.0,0.0,0.0,0.0,0.0,0.0,0.0,0.0,601.0,294.0,0.0,5.0,0.0,51.0,0.0,,1396.0,153.0,69.0,0.0,238.0,0.0,232.0,0.0,461.0,0.0,30.0,,107.0,215.0
2021-03-06 10:00:00+00:00,178.0,127.0,140.0,349.0,228.0,497.0,0.0,0.0,0.0,0.0,0.0,0.0,0.0,0.0,0.0,0.0,0.0,0.0,0.0,0.0,597.0,320.0,0.0,6.0,0.0,0.0,0.0,0.0,1390.0,149.0,59.0,39.0,171.0,0.0,185.0,39.0,441.0,2.0,3.0,66.0,123.0,216.0
2021-03-06 11:00:00+00:00,191.0,135.0,138.0,350.0,222.0,481.0,0.0,0.0,0.0,0.0,0.0,0.0,0.0,0.0,0.0,0.0,0.0,0.0,0.0,0.0,601.0,343.0,0.0,1.0,0.0,0.0,0.0,0.0,1395.0,164.0,91.0,70.0,152.0,0.0,179.0,126.0,412.0,11.0,0.0,121.0,184.0,215.0
2021-03-06 12:00:00+00:00,237.0,78.0,164.0,348.0,189.0,494.0,0.0,0.0,0.0,0.0,0.0,0.0,0.0,0.0,0.0,0.0,24.0,0.0,0.0,0.0,600.0,388.0,0.0,0.0,0.0,0.0,0.0,0.0,1391.0,168.0,85.0,120.0,115.0,0.0,145.0,160.0,341.0,1.0,0.0,133.0,211.0,215.0
2021-03-06 13:00:00+00:00,273.0,60.0,91.0,349.0,156.0,481.0,0.0,0.0,0.0,0.0,0.0,0.0,0.0,0.0,0.0,0.0,44.0,0.0,0.0,0.0,580.0,386.0,0.0,0.0,0.0,0.0,0.0,0.0,1257.0,183.0,105.0,98.0,116.0,0.0,129.0,283.0,328.0,6.0,0.0,195.0,241.0,216.0
2021-03-06 14:00:00+00:00,368.0,0.0,90.0,343.0,78.0,507.0,0.0,0.0,0.0,0.0,0.0,63.0,0.0,0.0,0.0,0.0,37.0,0.0,0.0,0.0,583.0,488.0,0.0,0.0,0.0,0.0,0.0,0.0,1254.0,170.0,69.0,168.0,98.0,0.0,84.0,427.0,341.0,4.0,0.0,275.0,261.0,215.0
2021-03-06 15:00:00+00:00,451.0,0.0,73.0,309.0,15.0,483.0,0.0,0.0,0.0,0.0,0.0,38.0,0.0,0.0,0.0,0.0,39.0,0.0,0.0,0.0,562.0,502.0,0.0,0.0,0.0,0.0,0.0,0.0,1386.0,140.0,40.0,314.0,199.0,0.0,100.0,399.0,325.0,6.0,0.0,252.0,223.0,215.0
2021-03-06 16:00:00+00:00,492.0,205.0,52.0,308.0,134.0,459.0,0.0,0.0,0.0,0.0,0.0,0.0,0.0,0.0,0.0,0.0,43.0,0.0,0.0,0.0,557.0,357.0,0.0,0.0,0.0,0.0,0.0,,1391.0,139.0,103.0,416.0,327.0,0.0,164.0,370.0,324.0,16.0,0.0,,220.0,217.0
2021-03-06 17:00:00+00:00,436.0,273.0,37.0,349.0,207.0,496.0,0.0,0.0,0.0,0.0,0.0,0.0,0.0,0.0,0.0,0.0,127.0,0.0,0.0,0.0,570.0,339.0,0.0,0.0,0.0,0.0,0.0,,1391.0,136.0,73.0,414.0,351.0,0.0,183.0,383.0,329.0,26.0,0.0,,271.0,215.0
2021-03-06 18:00:00+00:00,416.0,336.0,76.0,362.0,225.0,558.0,0.0,0.0,0.0,0.0,0.0,0.0,0.0,0.0,0.0,0.0,87.0,0.0,0.0,0.0,571.0,378.0,0.0,0.0,0.0,0.0,0.0,,1391.0,145.0,39.0,422.0,326.0,0.0,200.0,422.0,338.0,6.0,0.0,,351.0,214.0
2021-03-06 19:00:00+00:00,380.0,351.0,101.0,374.0,240.0,605.0,0.0,0.0,0.0,0.0,0.0,0.0,0.0,0.0,0.0,0.0,68.0,0.0,0.0,0.0,600.0,419.0,0.0,0.0,0.0,0.0,0.0,,1404.0,147.0,52.0,320.0,284.0,0.0,219.0,430.0,369.0,2.0,0.0,,413.0,215.0
2021-03-06 20:00:00+00:00,284.0,271.0,82.0,358.0,223.0,658.0,0.0,0.0,0.0,0.0,0.0,0.0,0.0,0.0,0.0,0.0,81.0,0.0,0.0,0.0,601.0,411.0,0.0,0.0,0.0,0.0,0.0,0.0,1397.0,131.0,14.0,177.0,219.0,0.0,207.0,443.0,360.0,8.0,0.0,243.0,432.0,217.0
2021-03-06 21:00:00+00:00,216.0,26.0,32.0,344.0,141.0,316.0,254.0,0.0,0.0,0.0,0.0,0.0,0.0,0.0,0.0,0.0,87.0,0.0,0.0,0.0,600.0,428.0,0.0,0.0,0.0,0.0,0.0,0.0,1398.0,36.0,0.0,92.0,107.0,0.0,140.0,428.0,331.0,30.0,0.0,314.0,469.0,217.0
2021-03-06 22:00:00+00:00,255.0,0.0,41.0,337.0,96.0,319.0,309.0,0.0,0.0,0.0,0.0,54.0,0.0,5.0,0.0,0.0,97.0,0.0,0.0,0.0,597.0,470.0,0.0,0.0,0.0,0.0,0.0,,1397.0,43.0,0.0,6.0,39.0,0.0,87.0,419.0,329.0,20.0,0.0,,536.0,216.0
2021-03-06 23:00:00+00:00,237.0,0.0,34.0,306.0,131.0,581.0,0.0,0.0,0.0,0.0,0.0,291.0,29.0,148.0,0.0,0.0,71.0,0.0,0.0,0.0,505.0,404.0,0.0,0.0,0.0,0.0,0.0,,1399.0,105.0,206.0,44.0,0.0,0.0,0.0,498.0,308.0,26.0,0.0,,538.0,214.0
2021-03-07 00:00:00+00:00,195.0,0.0,27.0,268.0,118.0,549.0,0.0,0.0,0.0,0.0,0.0,372.0,51.0,169.0,0.0,0.0,56.0,0.0,0.0,0.0,597.0,359.0,0.0,0.0,0.0,0.0,0.0,0.0,1397.0,94.0,211.0,6.0,0.0,0.0,0.0,487.0,293.0,28.0,0.0,471.0,524.0,214.0
2021-03-07 01:00:00+00:00,102.0,0.0,17.0,230.0,148.0,530.0,0.0,0.0,0.0,0.0,0.0,161.0,0.0,100.0,0.0,0.0,49.0,0.0,0.0,0.0,600.0,273.0,0.0,0.0,0.0,16.0,0.0,,1398.0,90.0,209.0,0.0,0.0,0.0,8.0,409.0,264.0,38.0,0.0,,516.0,213.0
2021-03-07 02:00:00+00:00,92.0,0.0,19.0,192.0,98.0,535.0,0.0,0.0,0.0,0.0,0.0,132.0,0.0,50.0,0.0,0.0,42.0,0.0,0.0,0.0,600.0,250.0,0.0,0.0,0.0,104.0,0.0,,1398.0,98.0,225.0,0.0,0.0,0.0,15.0,399.0,252.0,32.0,0.0,,459.0,213.0
2021-03-07 03:00:00+00:00,69.0,0.0,18.0,166.0,90.0,539.0,0.0,0.0,0.0,0.0,0.0,111.0,0.0,22.0,0.0,0.0,42.0,0.0,0.0,0.0,600.0,208.0,0.0,0.0,0.0,126.0,0.0,0.0,1397.0,100.0,209.0,0.0,3.0,0.0,27.0,414.0,223.0,48.0,0.0,468.0,453.0,213.0
2021-03-07 04:00:00+00:00,31.0,0.0,1.0,178.0,126.0,503.0,0.0,0.0,0.0,1.0,0.0,87.0,0.0,6.0,0.0,0.0,53.0,0.0,0.0,0.0,600.0,155.0,0.0,0.0,0.0,164.0,0.0,0.0,1393.0,107.0,210.0,0.0,9.0,0.0,50.0,466.0,190.0,142.0,0.0,463.0,495.0,216.0
2021-03-07 05:00:00+00:00,24.0,120.0,11.0,218.0,130.0,491.0,0.0,0.0,0.0,6.0,0.0,0.0,0.0,0.0,0.0,0.0,65.0,0.0,0.0,0.0,600.0,260.0,0.0,0.0,0.0,191.0,0.0,0.0,1396.0,152.0,204.0,0.0,57.0,0.0,108.0,454.0,184.0,53.0,0.0,308.0,428.0,216.0
2021-03-07 06:00:00+00:00,61.0,123.0,17.0,275.0,172.0,501.0,0.0,0.0,0.0,0.0,0.0,0.0,0.0,3.0,0.0,0.0,91.0,0.0,0.0,0.0,600.0,296.0,0.0,0.0,0.0,93.0,0.0,0.0,1395.0,173.0,197.0,0.0,45.0,0.0,99.0,457.0,231.0,58.0,0.0,311.0,404.0,216.0
2021-03-07 07:00:00+00:00,111.0,60.0,32.0,330.0,178.0,511.0,0.0,0.0,0.0,0.0,0.0,0.0,0.0,16.0,0.0,0.0,104.0,0.0,0.0,0.0,601.0,362.0,0.0,0.0,0.0,14.0,0.0,0.0,1397.0,172.0,178.0,0.0,9.0,0.0,88.0,338.0,316.0,22.0,0.0,263.0,326.0,215.0
2021-03-07 08:00:00+00:00,174.0,0.0,108.0,386.0,177.0,536.0,0.0,0.0,0.0,0.0,0.0,71.0,0.0,110.0,0.0,0.0,98.0,0.0,0.0,0.0,599.0,455.0,0.0,0.0,0.0,33.0,0.0,,1397.0,166.0,158.0,0.0,0.0,0.0,39.0,209.0,398.0,1.0,0.0,,309.0,216.0
2021-03-07 09:00:00+00:00,191.0,0.0,142.0,394.0,204.0,558.0,0.0,0.0,0.0,0.0,0.0,38.0,0.0,102.0,0.0,0.0,91.0,0.0,0.0,0.0,519.0,457.0,0.0,0.0,0.0,122.0,0.0,,1396.0,172.0,147.0,0.0,0.0,0.0,54.0,64.0,419.0,2.0,0.0,,271.0,214.0
2021-03-07 10:00:00+00:00,211.0,15.0,165.0,410.0,235.0,559.0,0.0,0.0,0.0,0.0,0.0,0.0,0.0,80.0,0.0,0.0,78.0,0.0,0.0,0.0,473.0,490.0,0.0,0.0,0.0,146.0,0.0,0.0,1398.0,168.0,140.0,0.0,0.0,0.0,68.0,26.0,437.0,1.0,0.0,167.0,276.0,215.0
2021-03-07 11:00:00+00:00,182.0,33.0,182.0,415.0,269.0,564.0,0.0,0.0,0.0,0.0,0.0,0.0,0.0,106.0,0.0,0.0,68.0,0.0,0.0,0.0,463.0,461.0,0.0,0.0,0.0,201.0,0.0,0.0,1398.0,171.0,124.0,0.0,0.0,0.0,67.0,45.0,440.0,0.0,0.0,169.0,293.0,213.0
2021-03-07 12:00:00+00:00,200.0,0.0,209.0,422.0,255.0,627.0,0.0,0.0,0.0,0.0,0.0,92.0,0.0,136.0,0.0,0.0,57.0,0.0,0.0,0.0,568.0,494.0,0.0,0.0,0.0,231.0,0.0,0.0,1398.0,207.0,25.0,0.0,0.0,0.0,49.0,90.0,440.0,0.0,0.0,175.0,330.0,217.0
2021-03-07 13:00:00+00:00,216.0,0.0,207.0,414.0,210.0,618.0,0.0,0.0,0.0,0.0,0.0,121.0,0.0,142.0,0.0,0.0,56.0,0.0,0.0,0.0,558.0,515.0,0.0,0.0,0.0,208.0,0.0,,1398.0,197.0,20.0,0.0,0.0,0.0,20.0,186.0,440.0,0.0,0.0,,350.0,216.0
2021-03-07 14:00:00+00:00,277.0,0.0,174.0,382.0,165.0,637.0,0.0,0.0,0.0,0.0,0.0,141.0,0.0,94.0,0.0,0.0,27.0,0.0,0.0,0.0,590.0,494.0,0.0,0.0,0.0,146.0,0.0,0.0,1397.0,185.0,15.0,0.0,0.0,0.0,19.0,366.0,430.0,2.0,0.0,293.0,381.0,214.0
2021-03-07 15:00:00+00:00,334.0,178.0,133.0,338.0,81.0,664.0,3.0,0.0,0.0,0.0,0.0,0.0,0.0,0.0,0.0,0.0,15.0,0.0,0.0,0.0,600.0,460.0,0.0,0.0,0.0,0.0,0.0,0.0,1398.0,170.0,0.0,169.0,110.0,0.0,129.0,371.0,410.0,0.0,0.0,243.0,361.0,213.0
2021-03-07 16:00:00+00:00,399.0,170.0,143.0,351.0,83.0,670.0,0.0,0.0,0.0,0.0,0.0,0.0,0.0,0.0,0.0,0.0,17.0,0.0,0.0,0.0,600.0,457.0,0.0,0.0,0.0,0.0,0.0,,1398.0,146.0,26.0,230.0,141.0,0.0,98.0,407.0,441.0,2.0,0.0,,419.0,216.0
2021-03-07 17:00:00+00:00,323.0,260.0,148.0,410.0,224.0,730.0,14.0,0.0,0.0,0.0,0.0,0.0,0.0,0.0,0.0,0.0,57.0,0.0,0.0,0.0,580.0,409.0,0.0,0.0,0.0,0.0,0.0,0.0,1399.0,134.0,0.0,226.0,197.0,0.0,137.0,364.0,449.0,0.0,0.0,240.0,439.0,217.0
2021-03-07 18:00:00+00:00,259.0,315.0,193.0,421.0,308.0,730.0,26.0,0.0,0.0,0.0,0.0,0.0,0.0,0.0,0.0,0.0,69.0,0.0,0.0,0.0,546.0,350.0,0.0,0.0,0.0,0.0,0.0,,1407.0,135.0,0.0,116.0,231.0,0.0,170.0,292.0,441.0,1.0,0.0,,450.0,217.0
2021-03-07 19:00:00+00:00,266.0,279.0,174.0,418.0,313.0,703.0,26.0,0.0,0.0,0.0,0.0,0.0,0.0,0.0,0.0,0.0,53.0,0.0,0.0,0.0,546.0,369.0,0.0,0.0,0.0,0.0,0.0,,1398.0,155.0,0.0,71.0,190.0,0.0,161.0,295.0,460.0,1.0,0.0,,430.0,218.0
2021-03-07 20:00:00+00:00,178.0,319.0,147.0,410.0,305.0,702.0,15.0,0.0,0.0,0.0,0.0,0.0,0.0,0.0,0.0,0.0,25.0,0.0,0.0,0.0,545.0,357.0,0.0,0.0,0.0,51.0,0.0,,1397.0,147.0,0.0,0.0,157.0,0.0,193.0,194.0,445.0,1.0,0.0,,468.0,217.0
2021-03-07 21:00:00+00:00,95.0,206.0,151.0,398.0,330.0,677.0,0.0,0.0,0.0,0.0,0.0,0.0,0.0,0.0,0.0,0.0,55.0,0.0,0.0,0.0,532.0,365.0,0.0,0.0,0.0,66.0,0.0,,1386.0,147.0,12.0,0.0,116.0,0.0,172.0,148.0,437.0,1.0,0.0,,474.0,214.0
2021-03-07 22:00:00+00:00,142.0,142.0,141.0,393.0,304.0,605.0,0.0,0.0,0.0,0.0,0.0,0.0,0.0,1.0,0.0,0.0,78.0,0.0,0.0,0.0,554.0,402.0,0.0,0.0,0.0,217.0,0.0,,1397.0,182.0,30.0,0.0,38.0,0.0,123.0,152.0,408.0,1.0,0.0,,476.0,216.0
2021-03-07 23:00:00+00:00,155.0,0.0,181.0,391.0,274.0,563.0,0.0,0.0,0.0,0.0,0.0,21.0,0.0,148.0,0.0,0.0,62.0,0.0,0.0,0.0,494.0,478.0,0.0,0.0,0.0,191.0,0.0,,1410.0,126.0,88.0,0.0,0.0,0.0,6.0,301.0,379.0,0.0,0.0,,487.0,215.0
2021-03-08 00:00:00+00:00,154.0,22.0,172.0,351.0,230.0,610.0,0.0,0.0,0.0,0.0,0.0,0.0,5.0,142.0,0.0,0.0,50.0,0.0,0.0,0.0,465.0,469.0,0.0,0.0,0.0,225.0,0.0,,1397.0,131.0,106.0,0.0,0.0,0.0,0.0,240.0,359.0,2.0,0.0,,449.0,216.0
2021-03-08 01:00:00+00:00,184.0,53.0,171.0,335.0,190.0,591.0,0.0,0.0,0.0,0.0,0.0,0.0,0.0,114.0,0.0,0.0,46.0,0.0,0.0,0.0,469.0,505.0,0.0,0.0,0.0,298.0,0.0,,1397.0,126.0,113.0,0.0,0.0,0.0,6.0,207.0,338.0,0.0,0.0,,417.0,216.0
2021-03-08 02:00:00+00:00,180.0,62.0,154.0,301.0,156.0,618.0,0.0,0.0,0.0,0.0,0.0,0.0,0.0,85.0,0.0,0.0,46.0,0.0,0.0,0.0,463.0,480.0,0.0,0.0,0.0,327.0,0.0,,1397.0,128.0,114.0,0.0,0.0,0.0,10.0,196.0,314.0,2.0,0.0,,400.0,216.0
2021-03-08 03:00:00+00:00,261.0,31.0,93.0,311.0,123.0,642.0,0.0,0.0,0.0,0.0,0.0,0.0,1.0,62.0,0.0,0.0,57.0,0.0,0.0,0.0,346.0,524.0,0.0,0.0,0.0,337.0,0.0,0.0,1397.0,122.0,83.0,0.0,0.0,0.0,0.0,250.0,277.0,9.0,0.0,290.0,398.0,215.0
2021-03-08 04:00:00+00:00,268.0,0.0,52.0,322.0,136.0,564.0,0.0,0.0,0.0,0.0,0.0,156.0,12.0,5.0,0.0,0.0,39.0,0.0,0.0,0.0,361.0,502.0,0.0,0.0,0.0,175.0,0.0,,1386.0,126.0,136.0,0.0,15.0,0.0,0.0,336.0,208.0,22.0,0.0,,364.0,216.0
2021-03-08 05:00:00+00:00,355.0,276.0,128.0,302.0,101.0,554.0,0.0,0.0,0.0,0.0,0.0,0.0,0.0,0.0,0.0,0.0,44.0,0.0,0.0,0.0,334.0,435.0,0.0,0.0,0.0,89.0,0.0,,1398.0,133.0,118.0,0.0,233.0,0.0,151.0,162.0,265.0,5.0,0.0,,340.0,215.0
2021-03-08 06:00:00+00:00,365.0,196.0,93.0,318.0,166.0,359.0,0.0,0.0,0.0,0.0,0.0,0.0,0.0,0.0,0.0,0.0,33.0,0.0,0.0,0.0,591.0,347.0,0.0,0.0,0.0,0.0,0.0,0.0,1400.0,36.0,428.0,126.0,172.0,0.0,127.0,234.0,280.0,3.0,0.0,236.0,399.0,215.0
2021-03-08 07:00:00+00:00,399.0,180.0,116.0,352.0,173.0,360.0,0.0,0.0,0.0,0.0,0.0,0.0,0.0,0.0,0.0,0.0,39.0,0.0,0.0,0.0,556.0,365.0,0.0,0.0,0.0,0.0,0.0,0.0,1397.0,9.0,443.0,137.0,101.0,0.0,98.0,246.0,285.0,1.0,0.0,310.0,358.0,216.0
2021-03-08 08:00:00+00:00,355.0,235.0,136.0,370.0,244.0,370.0,0.0,0.0,0.0,0.0,0.0,0.0,0.0,0.0,0.0,0.0,50.0,0.0,0.0,0.0,574.0,359.0,0.0,0.0,0.0,0.0,0.0,0.0,1399.0,15.0,445.0,116.0,92.0,0.0,103.0,6.0,327.0,1.0,16.0,191.0,219.0,216.0
2021-03-08 09:00:00+00:00,330.0,400.0,172.0,370.0,245.0,498.0,0.0,0.0,0.0,0.0,0.0,0.0,0.0,0.0,0.0,0.0,93.0,0.0,0.0,0.0,549.0,361.0,0.0,0.0,0.0,0.0,0.0,0.0,1399.0,67.0,258.0,59.0,91.0,0.0,138.0,0.0,327.0,0.0,8.0,108.0,143.0,217.0
2021-03-08 10:00:00+00:00,294.0,384.0,170.0,367.0,212.0,508.0,0.0,0.0,0.0,0.0,0.0,0.0,0.0,0.0,0.0,0.0,79.0,0.0,0.0,0.0,480.0,404.0,0.0,0.0,0.0,2.0,0.0,,1398.0,82.0,223.0,0.0,68.0,0.0,137.0,18.0,312.0,1.0,0.0,,145.0,215.0
2021-03-08 11:00:00+00:00,335.0,336.0,169.0,352.0,165.0,503.0,0.0,0.0,0.0,0.0,0.0,0.0,0.0,0.0,0.0,0.0,65.0,0.0,0.0,0.0,431.0,431.0,0.0,0.0,0.0,1.0,0.0,0.0,1398.0,76.0,181.0,0.0,91.0,0.0,142.0,47.0,324.0,0.0,0.0,142.0,147.0,215.0
2021-03-08 12:00:00+00:00,367.0,372.0,113.0,331.0,171.0,519.0,0.0,0.0,0.0,0.0,0.0,0.0,0.0,0.0,0.0,0.0,63.0,0.0,0.0,0.0,399.0,327.0,0.0,0.0,0.0,26.0,0.0,0.0,1399.0,80.0,141.0,0.0,123.0,0.0,155.0,83.0,310.0,0.0,0.0,155.0,161.0,216.0
2021-03-08 13:00:00+00:00,378.0,225.0,111.0,322.0,102.0,520.0,0.0,0.0,0.0,0.0,0.0,0.0,0.0,0.0,0.0,0.0,71.0,0.0,0.0,0.0,452.0,393.0,0.0,0.0,0.0,16.0,0.0,0.0,1397.0,62.0,163.0,0.0,96.0,0.0,107.0,172.0,305.0,2.0,0.0,193.0,196.0,217.0
2021-03-08 14:00:00+00:00,405.0,235.0,112.0,307.0,75.0,512.0,0.0,0.0,0.0,0.0,0.0,0.0,0.0,0.0,0.0,0.0,67.0,0.0,0.0,0.0,349.0,420.0,0.0,0.0,0.0,0.0,0.0,0.0,1399.0,47.0,185.0,28.0,129.0,0.0,108.0,198.0,304.0,1.0,0.0,169.0,218.0,216.0
2021-03-08 15:00:00+00:00,413.0,371.0,106.0,267.0,63.0,461.0,0.0,0.0,0.0,0.0,0.0,0.0,0.0,0.0,0.0,0.0,45.0,0.0,0.0,0.0,321.0,387.0,0.0,0.0,0.0,0.0,0.0,0.0,1398.0,16.0,275.0,247.0,224.0,0.0,147.0,197.0,306.0,2.0,0.0,125.0,224.0,214.0
2021-03-08 16:00:00+00:00,452.0,444.0,102.0,256.0,62.0,449.0,0.0,0.0,0.0,0.0,0.0,0.0,0.0,0.0,0.0,0.0,69.0,0.0,0.0,0.0,228.0,330.0,0.0,0.0,0.0,0.0,0.0,0.0,1398.0,8.0,289.0,374.0,303.0,0.0,146.0,228.0,279.0,2.0,0.0,179.0,305.0,215.0
2021-03-08 17:00:00+00:00,412.0,393.0,109.0,279.0,149.0,458.0,0.0,0.0,0.0,0.0,0.0,0.0,0.0,0.0,0.0,0.0,105.0,0.0,1.0,0.0,220.0,276.0,0.0,0.0,0.0,0.0,0.0,0.0,1413.0,0.0,372.0,355.0,286.0,0.0,150.0,398.0,289.0,3.0,0.0,245.0,444.0,214.0
2021-03-08 18:00:00+00:00,420.0,434.0,149.0,294.0,156.0,453.0,0.0,0.0,0.0,0.0,0.0,0.0,0.0,0.0,0.0,0.0,111.0,0.0,15.0,0.0,262.0,309.0,0.0,0.0,0.0,0.0,0.0,0.0,1400.0,0.0,285.0,317.0,284.0,0.0,165.0,372.0,279.0,1.0,0.0,211.0,447.0,215.0
2021-03-08 19:00:00+00:00,373.0,464.0,134.0,306.0,174.0,486.0,0.0,0.0,0.0,0.0,0.0,0.0,0.0,0.0,0.0,0.0,89.0,0.0,0.0,0.0,386.0,336.0,0.0,0.0,0.0,0.0,0.0,0.0,1400.0,28.0,160.0,364.0,234.0,0.0,177.0,239.0,304.0,2.0,0.0,142.0,396.0,217.0
2021-03-08 20:00:00+00:00,273.0,376.0,176.0,329.0,217.0,531.0,0.0,0.0,0.0,0.0,0.0,0.0,0.0,0.0,0.0,0.0,53.0,0.0,0.0,0.0,497.0,319.0,0.0,0.0,0.0,0.0,0.0,0.0,1400.0,46.0,85.0,246.0,233.0,0.0,212.0,110.0,351.0,2.0,0.0,61.0,370.0,215.0
2021-03-08 21:00:00+00:00,240.0,101.0,192.0,349.0,241.0,556.0,0.0,0.0,0.0,0.0,0.0,0.0,0.0,0.0,0.0,0.0,66.0,0.0,0.0,0.0,491.0,295.0,0.0,0.0,0.0,0.0,0.0,0.0,1399.0,39.0,63.0,120.0,149.0,0.0,136.0,184.0,357.0,0.0,0.0,163.0,415.0,217.0
2021-03-08 22:00:00+00:00,189.0,175.0,261.0,388.0,320.0,498.0,0.0,0.0,0.0,0.0,0.0,0.0,0.0,0.0,0.0,0.0,68.0,0.0,0.0,0.0,570.0,328.0,0.0,0.0,0.0,0.0,0.0,0.0,1400.0,41.0,114.0,2.0,141.0,0.0,162.0,165.0,405.0,0.0,0.0,164.0,415.0,217.0
2021-03-08 23:00:00+00:00,77.0,91.0,327.0,396.0,374.0,628.0,0.0,0.0,0.0,0.0,0.0,0.0,0.0,0.0,0.0,0.0,31.0,0.0,0.0,0.0,477.0,359.0,0.0,0.0,0.0,390.0,0.0,0.0,1400.0,88.0,119.0,0.0,70.0,0.0,118.0,122.0,467.0,0.0,0.0,126.0,444.0,217.0
2021-03-09 00:00:00+00:00,112.0,105.0,353.0,404.0,376.0,596.0,0.0,0.0,0.0,0.0,0.0,0.0,0.0,0.0,0.0,0.0,1.0,0.0,0.0,0.0,453.0,406.0,0.0,0.0,0.0,356.0,0.0,0.0,1400.0,98.0,148.0,0.0,95.0,0.0,113.0,8.0,518.0,0.0,12.0,55.0,413.0,215.0
2021-03-09 01:00:00+00:00,73.0,217.0,366.0,406.0,373.0,587.0,0.0,0.0,0.0,0.0,0.0,0.0,0.0,0.0,0.0,0.0,0.0,0.0,0.0,0.0,524.0,439.0,0.0,1.0,0.0,337.0,0.0,33.0,1400.0,97.0,172.0,0.0,124.0,0.0,157.0,0.0,537.0,0.0,97.0,0.0,408.0,216.0
2021-03-09 02:00:00+00:00,135.0,259.0,362.0,386.0,300.0,570.0,0.0,0.0,0.0,0.0,0.0,0.0,0.0,0.0,0.0,0.0,0.0,0.0,0.0,0.0,489.0,486.0,0.0,1.0,0.0,378.0,0.0,10.0,1396.0,103.0,177.0,0.0,149.0,0.0,172.0,0.0,521.0,0.0,108.0,5.0,367.0,217.0
2021-03-09 03:00:00+00:00,139.0,151.0,316.0,364.0,271.0,560.0,0.0,0.0,0.0,0.0,0.0,0.0,0.0,0.0,0.0,0.0,0.0,0.0,0.0,0.0,554.0,457.0,0.0,0.0,0.0,343.0,0.0,0.0,1276.0,110.0,168.0,0.0,172.0,0.0,146.0,0.0,483.0,0.0,99.0,35.0,313.0,217.0
2021-03-09 04:00:00+00:00,149.0,0.0,288.0,356.0,237.0,206.0,261.0,0.0,0.0,0.0,0.0,27.0,0.0,0.0,0.0,0.0,0.0,0.0,0.0,0.0,571.0,433.0,0.0,1.0,0.0,86.0,0.0,0.0,1023.0,36.0,0.0,0.0,125.0,0.0,95.0,185.0,445.0,0.0,0.0,198.0,369.0,216.0
2021-03-09 05:00:00+00:00,283.0,394.0,206.0,312.0,178.0,204.0,212.0,0.0,0.0,0.0,0.0,0.0,0.0,0.0,0.0,0.0,12.0,0.0,0.0,0.0,581.0,358.0,0.0,0.0,0.0,0.0,0.0,0.0,1050.0,46.0,0.0,174.0,284.0,0.0,219.0,109.0,376.0,0.0,0.0,80.0,370.0,216.0
2021-03-09 06:00:00+00:00,283.0,487.0,133.0,290.0,206.0,64.0,0.0,0.0,0.0,0.0,0.0,0.0,0.0,0.0,0.0,0.0,36.0,0.0,35.0,0.0,506.0,224.0,0.0,0.0,0.0,0.0,0.0,0.0,1001.0,0.0,55.0,254.0,243.0,0.0,226.0,87.0,342.0,1.0,0.0,95.0,418.0,215.0
2021-03-09 07:00:00+00:00,271.0,436.0,163.0,320.0,252.0,136.0,0.0,0.0,0.0,0.0,0.0,0.0,0.0,0.0,0.0,0.0,37.0,0.0,39.0,0.0,511.0,169.0,0.0,0.0,0.0,0.0,0.0,0.0,974.0,0.0,20.0,175.0,216.0,0.0,209.0,46.0,326.0,0.0,2.0,143.0,371.0,216.0
2021-03-09 08:00:00+00:00,290.0,399.0,110.0,308.0,263.0,188.0,77.0,0.0,0.0,0.0,0.0,0.0,0.0,0.0,0.0,0.0,8.0,0.0,22.0,0.0,532.0,120.0,0.0,0.0,0.0,0.0,0.0,0.0,974.0,0.0,0.0,109.0,224.0,0.0,195.0,0.0,308.0,2.0,129.0,94.0,243.0,215.0
2021-03-09 09:00:00+00:00,326.0,411.0,58.0,252.0,154.0,193.0,89.0,0.0,0.0,0.0,0.0,0.0,0.0,0.0,0.0,0.0,0.0,0.0,23.0,0.0,370.0,104.0,0.0,1.0,0.0,0.0,0.0,0.0,999.0,0.0,0.0,153.0,177.0,0.0,173.0,0.0,255.0,12.0,54.0,140.0,193.0,215.0
2021-03-09 10:00:00+00:00,286.0,359.0,55.0,245.0,140.0,272.0,132.0,0.0,0.0,0.0,0.0,0.0,0.0,0.0,0.0,0.0,12.0,0.0,29.0,0.0,365.0,102.0,0.0,0.0,0.0,0.0,0.0,0.0,1001.0,0.0,0.0,172.0,124.0,0.0,160.0,0.0,241.0,8.0,7.0,177.0,202.0,215.0
2021-03-09 11:00:00+00:00,297.0,177.0,28.0,212.0,89.0,352.0,254.0,0.0,0.0,0.0,0.0,0.0,0.0,0.0,0.0,0.0,35.0,0.0,0.0,0.0,365.0,93.0,0.0,0.0,0.0,0.0,0.0,0.0,1001.0,0.0,0.0,120.0,104.0,0.0,119.0,38.0,217.0,25.0,0.0,247.0,177.0,216.0
2021-03-09 12:00:00+00:00,325.0,148.0,15.0,194.0,65.0,324.0,210.0,0.0,0.0,0.0,0.0,0.0,0.0,0.0,0.0,0.0,25.0,0.0,10.0,0.0,365.0,87.0,0.0,0.0,0.0,0.0,0.0,0.0,1001.0,0.0,0.0,102.0,109.0,0.0,114.0,44.0,187.0,37.0,0.0,241.0,186.0,214.0
2021-03-09 13:00:00+00:00,373.0,159.0,16.0,199.0,36.0,319.0,201.0,0.0,0.0,0.0,0.0,0.0,0.0,0.0,0.0,0.0,24.0,0.0,14.0,0.0,362.0,89.0,0.0,0.0,0.0,0.0,0.0,0.0,1001.0,0.0,0.0,48.0,132.0,0.0,105.0,117.0,190.0,34.0,0.0,264.0,216.0,213.0
2021-03-09 14:00:00+00:00,378.0,246.0,19.0,191.0,36.0,334.0,241.0,0.0,0.0,0.0,0.0,0.0,0.0,0.0,0.0,0.0,39.0,0.0,20.0,0.0,357.0,136.0,0.0,0.0,0.0,0.0,0.0,0.0,1001.0,0.0,0.0,87.0,172.0,0.0,123.0,137.0,194.0,23.0,0.0,227.0,253.0,214.0
2021-03-09 15:00:00+00:00,351.0,310.0,41.0,201.0,54.0,318.0,249.0,0.0,0.0,0.0,0.0,0.0,0.0,0.0,0.0,0.0,61.0,0.0,35.0,0.0,410.0,152.0,0.0,0.0,0.0,0.0,0.0,0.0,1001.0,0.0,0.0,217.0,247.0,0.0,170.0,141.0,224.0,17.0,0.0,155.0,288.0,215.0
2021-03-09 16:00:00+00:00,305.0,526.0,86.0,241.0,155.0,337.0,186.0,0.0,0.0,0.0,0.0,0.0,0.0,0.0,0.0,0.0,78.0,0.0,39.0,0.0,403.0,117.0,0.0,0.0,0.0,0.0,0.0,0.0,1033.0,0.0,0.0,230.0,411.0,0.0,264.0,83.0,257.0,2.0,0.0,35.0,316.0,214.0
2021-03-09 17:00:00+00:00,320.0,468.0,101.0,264.0,195.0,235.0,88.0,0.0,0.0,0.0,0.0,0.0,0.0,0.0,0.0,0.0,121.0,0.0,59.0,0.0,407.0,126.0,0.0,0.0,0.0,0.0,0.0,0.0,971.0,0.0,0.0,232.0,386.0,0.0,240.0,265.0,275.0,4.0,0.0,123.0,433.0,217.0
2021-03-09 18:00:00+00:00,268.0,475.0,120.0,284.0,239.0,553.0,0.0,0.0,0.0,0.0,0.0,0.0,0.0,0.0,0.0,0.0,122.0,0.0,5.0,0.0,549.0,150.0,0.0,0.0,0.0,0.0,0.0,0.0,1351.0,0.0,303.0,184.0,384.0,0.0,266.0,266.0,292.0,1.0,0.0,90.0,469.0,218.0
2021-03-09 19:00:00+00:00,301.0,442.0,158.0,315.0,216.0,645.0,0.0,0.0,0.0,0.0,0.0,0.0,0.0,0.0,0.0,0.0,97.0,0.0,0.0,0.0,568.0,274.0,0.0,0.0,0.0,0.0,0.0,0.0,1395.0,27.0,226.0,111.0,361.0,0.0,270.0,103.0,335.0,0.0,0.0,10.0,407.0,214.0
2021-03-09 20:00:00+00:00,230.0,507.0,114.0,292.0,234.0,680.0,0.0,0.0,0.0,0.0,0.0,0.0,0.0,0.0,0.0,0.0,62.0,0.0,0.0,0.0,419.0,232.0,0.0,0.0,0.0,61.0,0.0,23.0,1401.0,13.0,173.0,0.0,356.0,0.0,290.0,13.0,294.0,3.0,7.0,0.0,376.0,215.0
2021-03-09 21:00:00+00:00,226.0,305.0,134.0,335.0,287.0,685.0,0.0,0.0,0.0,0.0,0.0,0.0,0.0,0.0,0.0,0.0,41.0,0.0,4.0,0.0,412.0,239.0,0.0,0.0,0.0,40.0,0.0,0.0,1408.0,0.0,165.0,0.0,268.0,0.0,221.0,43.0,346.0,2.0,0.0,58.0,401.0,213.0
2021-03-09 22:00:00+00:00,173.0,89.0,141.0,334.0,306.0,641.0,0.0,0.0,0.0,0.0,0.0,0.0,0.0,0.0,0.0,0.0,23.0,0.0,14.0,0.0,406.0,223.0,0.0,0.0,0.0,108.0,0.0,0.0,1399.0,0.0,188.0,0.0,98.0,0.0,120.0,119.0,322.0,1.0,0.0,129.0,441.0,215.0
2021-03-09 23:00:00+00:00,167.0,4.0,208.0,391.0,361.0,620.0,0.0,0.0,0.0,0.0,0.0,0.0,0.0,13.0,0.0,0.0,66.0,0.0,0.0,0.0,583.0,357.0,0.0,0.0,0.0,324.0,0.0,0.0,1392.0,1.0,156.0,0.0,8.0,0.0,80.0,118.0,408.0,0.0,0.0,128.0,418.0,215.0
2021-03-10 00:00:00+00:00,187.0,0.0,276.0,396.0,331.0,610.0,0.0,0.0,0.0,0.0,0.0,63.0,0.0,32.0,0.0,0.0,59.0,0.0,0.0,0.0,600.0,427.0,0.0,0.0,0.0,422.0,0.0,,1398.0,0.0,193.0,0.0,5.0,0.0,67.0,114.0,470.0,0.0,0.0,,416.0,216.0
2021-03-10 01:00:00+00:00,138.0,0.0,265.0,373.0,316.0,610.0,0.0,0.0,0.0,0.0,0.0,50.0,0.0,12.0,0.0,0.0,54.0,0.0,0.0,0.0,600.0,421.0,0.0,0.0,0.0,392.0,0.0,0.0,1397.0,3.0,164.0,0.0,3.0,0.0,85.0,31.0,478.0,0.0,0.0,91.0,390.0,216.0
2021-03-10 02:00:00+00:00,154.0,0.0,254.0,350.0,300.0,574.0,0.0,0.0,0.0,0.0,0.0,4.0,0.0,0.0,0.0,0.0,77.0,0.0,0.0,0.0,599.0,402.0,0.0,0.0,0.0,388.0,0.0,0.0,1397.0,9.0,205.0,0.0,39.0,0.0,109.0,0.0,459.0,0.0,35.0,54.0,356.0,216.0
2021-03-10 03:00:00+00:00,197.0,0.0,295.0,364.0,286.0,533.0,0.0,0.0,0.0,0.0,0.0,82.0,0.0,0.0,0.0,0.0,86.0,0.0,0.0,0.0,562.0,446.0,0.0,0.0,0.0,363.0,0.0,0.0,996.0,18.0,305.0,0.0,67.0,0.0,96.0,0.0,491.0,0.0,12.0,78.0,339.0,214.0
2021-03-10 04:00:00+00:00,157.0,0.0,290.0,369.0,330.0,0.0,0.0,0.0,0.0,0.0,0.0,84.0,0.0,0.0,0.0,0.0,53.0,51.0,112.0,0.0,588.0,369.0,0.0,0.0,0.0,328.0,0.0,0.0,667.0,0.0,137.0,0.0,105.0,0.0,96.0,141.0,526.0,0.0,0.0,150.0,360.0,216.0
2021-03-10 05:00:00+00:00,274.0,336.0,338.0,352.0,313.0,28.0,0.0,0.0,0.0,0.0,0.0,0.0,0.0,0.0,0.0,0.0,94.0,0.0,106.0,0.0,600.0,329.0,0.0,0.0,0.0,191.0,0.0,12.0,631.0,0.0,132.0,0.0,308.0,0.0,231.0,49.0,517.0,0.0,0.0,10.0,370.0,215.0
2021-03-10 06:00:00+00:00,314.0,359.0,302.0,355.0,313.0,0.0,0.0,0.0,0.0,0.0,0.0,0.0,0.0,0.0,0.0,0.0,124.0,64.0,161.0,0.0,598.0,243.0,0.0,0.0,0.0,0.0,0.0,,630.0,0.0,351.0,32.0,263.0,0.0,235.0,110.0,481.0,0.0,0.0,,402.0,216.0
2021-03-10 07:00:00+00:00,295.0,391.0,326.0,368.0,317.0,0.0,0.0,0.0,0.0,0.0,0.0,0.0,0.0,0.0,0.0,0.0,120.0,55.0,141.0,0.0,519.0,196.0,0.0,0.0,0.0,0.0,0.0,0.0,605.0,0.0,326.0,142.0,241.0,0.0,243.0,116.0,480.0,0.0,0.0,84.0,400.0,214.0
2021-03-10 08:00:00+00:00,222.0,419.0,326.0,374.0,336.0,0.0,0.0,0.0,0.0,0.0,0.0,0.0,0.0,0.0,0.0,0.0,141.0,170.0,138.0,0.0,520.0,175.0,0.0,0.0,0.0,28.0,0.0,0.0,605.0,0.0,419.0,0.0,214.0,0.0,227.0,36.0,518.0,0.0,0.0,99.0,326.0,216.0
2021-03-10 09:00:00+00:00,218.0,452.0,334.0,370.0,338.0,0.0,0.0,0.0,0.0,0.0,0.0,0.0,0.0,0.0,0.0,0.0,150.0,84.0,150.0,0.0,481.0,146.0,0.0,0.0,0.0,17.0,0.0,0.0,631.0,0.0,311.0,0.0,204.0,0.0,245.0,30.0,484.0,0.0,0.0,91.0,309.0,213.0
2021-03-10 10:00:00+00:00,175.0,419.0,306.0,342.0,337.0,0.0,0.0,0.0,5.0,0.0,0.0,0.0,0.0,0.0,0.0,0.0,128.0,4.0,106.0,0.0,403.0,109.0,0.0,0.0,0.0,58.0,0.0,,632.0,0.0,189.0,0.0,243.0,0.0,250.0,28.0,447.0,0.0,7.0,,278.0,213.0
2021-03-10 11:00:00+00:00,198.0,275.0,273.0,304.0,287.0,6.0,0.0,0.0,0.0,0.0,0.0,0.0,0.0,0.0,0.0,0.0,141.0,0.0,73.0,0.0,317.0,111.0,0.0,0.0,0.0,133.0,0.0,,631.0,0.0,168.0,0.0,246.0,0.0,219.0,41.0,421.0,0.0,0.0,,269.0,214.0
2021-03-10 12:00:00+00:00,226.0,226.0,267.0,301.0,273.0,42.0,0.0,0.0,0.0,0.0,0.0,0.0,0.0,0.0,0.0,0.0,133.0,0.0,30.0,0.0,296.0,121.0,0.0,0.0,0.0,181.0,0.0,0.0,630.0,0.0,81.0,0.0,260.0,0.0,234.0,4.0,428.0,0.0,9.0,52.0,265.0,213.0
2021-03-10 13:00:00+00:00,220.0,187.0,264.0,305.0,254.0,96.0,0.0,0.0,0.0,0.0,0.0,0.0,0.0,0.0,0.0,0.0,143.0,0.0,7.0,0.0,399.0,76.0,0.0,0.0,0.0,255.0,0.0,0.0,631.0,0.0,10.0,0.0,265.0,0.0,222.0,36.0,467.0,0.0,0.0,77.0,279.0,214.0
2021-03-10 14:00:00+00:00,248.0,227.0,307.0,312.0,261.0,111.0,12.0,0.0,0.0,0.0,0.0,0.0,0.0,0.0,0.0,0.0,130.0,0.0,3.0,0.0,423.0,154.0,0.0,0.0,0.0,197.0,0.0,0.0,632.0,0.0,0.0,0.0,261.0,0.0,217.0,109.0,483.0,0.0,0.0,62.0,327.0,215.0
2021-03-10 15:00:00+00:00,238.0,373.0,335.0,318.0,305.0,156.0,50.0,0.0,0.0,0.0,0.0,0.0,0.0,0.0,0.0,0.0,133.0,0.0,16.0,0.0,413.0,162.0,0.0,0.0,0.0,69.0,0.0,,632.0,0.0,0.0,0.0,332.0,0.0,263.0,62.0,539.0,0.0,0.0,,363.0,215.0
2021-03-10 16:00:00+00:00,308.0,300.0,357.0,364.0,289.0,249.0,61.0,0.0,0.0,0.0,0.0,0.0,0.0,0.0,0.0,0.0,125.0,0.0,55.0,0.0,592.0,255.0,0.0,0.0,0.0,0.0,0.0,,632.0,0.0,0.0,92.0,247.0,0.0,211.0,236.0,569.0,0.0,0.0,,424.0,214.0
2021-03-10 17:00:00+00:00,263.0,478.0,365.0,395.0,373.0,219.0,70.0,0.0,0.0,0.0,0.0,0.0,0.0,0.0,0.0,0.0,118.0,0.0,4.0,0.0,539.0,250.0,0.0,0.0,0.0,0.0,0.0,0.0,633.0,0.0,0.0,121.0,306.0,0.0,260.0,218.0,570.0,0.0,0.0,31.0,470.0,212.0
2021-03-10 18:00:00+00:00,252.0,540.0,419.0,411.0,399.0,580.0,0.0,0.0,0.0,0.0,0.0,0.0,0.0,0.0,0.0,0.0,122.0,0.0,0.0,0.0,598.0,276.0,0.0,0.0,0.0,0.0,0.0,7.0,1119.0,115.0,177.0,86.0,294.0,0.0,272.0,232.0,566.0,0.0,0.0,22.0,512.0,211.0
2021-03-10 19:00:00+00:00,226.0,392.0,418.0,404.0,407.0,637.0,0.0,0.0,0.0,0.0,0.0,0.0,0.0,0.0,0.0,0.0,142.0,0.0,0.0,0.0,600.0,283.0,0.0,0.0,0.0,38.0,0.0,,1394.0,93.0,137.0,0.0,243.0,0.0,247.0,176.0,579.0,0.0,0.0,,514.0,215.0
2021-03-10 20:00:00+00:00,194.0,354.0,386.0,398.0,412.0,744.0,0.0,0.0,0.0,0.0,0.0,0.0,0.0,0.0,0.0,0.0,122.0,0.0,0.0,0.0,600.0,285.0,0.0,0.0,0.0,266.0,0.0,0.0,1405.0,108.0,25.0,0.0,203.0,0.0,240.0,150.0,574.0,0.0,0.0,31.0,529.0,213.0
2021-03-10 21:00:00+00:00,123.0,110.0,341.0,415.0,458.0,678.0,0.0,0.0,0.0,0.0,0.0,0.0,0.0,0.0,0.0,0.0,107.0,0.0,0.0,0.0,600.0,258.0,0.0,0.0,0.0,361.0,0.0,0.0,1400.0,77.0,80.0,0.0,125.0,0.0,164.0,214.0,545.0,0.0,0.0,93.0,525.0,213.0
2021-03-10 22:00:00+00:00,175.0,70.0,302.0,362.0,386.0,685.0,0.0,0.0,0.0,0.0,0.0,0.0,0.0,1.0,0.0,0.0,94.0,0.0,0.0,0.0,600.0,256.0,0.0,0.0,0.0,390.0,0.0,0.0,1400.0,70.0,128.0,0.0,27.0,0.0,108.0,305.0,452.0,0.0,0.0,181.0,545.0,214.0
2021-03-10 23:00:00+00:00,37.0,0.0,291.0,345.0,389.0,690.0,0.0,0.0,0.0,3.0,0.0,45.0,0.0,52.0,0.0,0.0,72.0,0.0,0.0,0.0,600.0,242.0,0.0,0.0,0.0,348.0,0.0,,1398.0,86.0,128.0,0.0,1.0,0.0,71.0,296.0,392.0,0.0,0.0,,567.0,213.0
2021-03-11 00:00:00+00:00,25.0,78.0,266.0,354.0,387.0,562.0,0.0,0.0,0.0,3.0,0.0,0.0,0.0,68.0,0.0,0.0,59.0,0.0,0.0,0.0,600.0,289.0,0.0,0.0,0.0,390.0,0.0,0.0,1399.0,56.0,257.0,0.0,0.0,0.0,79.0,289.0,399.0,0.0,0.0,220.0,572.0,214.0
2021-03-11 01:00:00+00:00,61.0,69.0,393.0,361.0,348.0,536.0,0.0,0.0,0.0,0.0,0.0,0.0,0.0,84.0,0.0,0.0,54.0,0.0,0.0,0.0,601.0,364.0,0.0,0.0,0.0,370.0,0.0,0.0,1328.0,69.0,273.0,0.0,0.0,0.0,58.0,240.0,370.0,0.0,0.0,227.0,516.0,214.0
2021-03-11 02:00:00+00:00,57.0,29.0,360.0,335.0,316.0,477.0,0.0,0.0,0.0,0.0,0.0,0.0,0.0,68.0,0.0,0.0,51.0,0.0,0.0,0.0,601.0,355.0,0.0,0.0,0.0,356.0,0.0,0.0,1221.0,67.0,311.0,0.0,0.0,0.0,58.0,228.0,338.0,0.0,0.0,231.0,503.0,214.0
2021-03-11 03:00:00+00:00,71.0,1.0,247.0,309.0,271.0,304.0,0.0,0.0,0.0,0.0,0.0,0.0,0.0,57.0,0.0,0.0,57.0,0.0,0.0,0.0,596.0,345.0,0.0,0.0,0.0,271.0,0.0,0.0,727.0,70.0,426.0,0.0,0.0,0.0,50.0,281.0,354.0,0.0,0.0,275.0,489.0,213.0
2021-03-11 04:00:00+00:00,103.0,4.0,191.0,301.0,264.0,0.0,0.0,0.0,0.0,0.0,0.0,0.0,0.0,33.0,0.0,0.0,49.0,237.0,36.0,0.0,461.0,288.0,0.0,0.0,0.0,167.0,0.0,,591.0,0.0,248.0,0.0,1.0,0.0,39.0,347.0,377.0,0.0,0.0,,441.0,214.0
2021-03-11 05:00:00+00:00,175.0,153.0,187.0,314.0,274.0,0.0,0.0,0.0,0.0,0.0,0.0,0.0,0.0,1.0,0.0,0.0,55.0,112.0,0.0,0.0,530.0,292.0,0.0,0.0,0.0,147.0,0.0,,564.0,6.0,155.0,0.0,61.0,0.0,103.0,422.0,412.0,1.0,0.0,,439.0,214.0
2021-03-11 06:00:00+00:00,192.0,225.0,182.0,305.0,246.0,0.0,0.0,0.0,0.0,0.0,0.0,0.0,0.0,9.0,0.0,0.0,32.0,39.0,0.0,0.0,599.0,235.0,0.0,0.0,0.0,0.0,0.0,0.0,565.0,2.0,162.0,90.0,18.0,0.0,97.0,376.0,388.0,0.0,0.0,366.0,539.0,214.0
2021-03-11 07:00:00+00:00,175.0,294.0,136.0,278.0,222.0,82.0,0.0,0.0,0.0,0.0,0.0,0.0,0.0,38.0,0.0,0.0,9.0,0.0,0.0,0.0,600.0,141.0,0.0,0.0,0.0,0.0,0.0,,566.0,24.0,37.0,85.0,0.0,0.0,99.0,425.0,354.0,2.0,0.0,,524.0,214.0
2021-03-11 08:00:00+00:00,128.0,230.0,134.0,266.0,241.0,37.0,0.0,0.0,0.0,0.0,0.0,0.0,0.0,28.0,0.0,0.0,0.0,0.0,0.0,0.0,595.0,81.0,0.0,1.0,0.0,0.0,0.0,0.0,565.0,5.0,46.0,38.0,1.0,0.0,91.0,407.0,332.0,2.0,0.0,346.0,351.0,214.0
2021-03-11 09:00:00+00:00,49.0,229.0,102.0,242.0,260.0,39.0,0.0,0.0,7.0,0.0,0.0,0.0,0.0,9.0,0.0,0.0,36.0,0.0,0.0,0.0,425.0,10.0,0.0,0.0,0.0,0.0,0.0,0.0,564.0,13.0,73.0,38.0,6.0,0.0,106.0,370.0,298.0,2.0,0.0,303.0,319.0,214.0
2021-03-11 10:00:00+00:00,105.0,335.0,98.0,203.0,221.0,18.0,0.0,0.0,42.0,0.0,0.0,0.0,0.0,0.0,0.0,0.0,62.0,0.0,0.0,0.0,74.0,1.0,0.0,0.0,0.0,0.0,0.0,0.0,563.0,15.0,92.0,120.0,43.0,0.0,131.0,263.0,224.0,9.0,0.0,246.0,293.0,214.0
2021-03-11 11:00:00+00:00,117.0,258.0,36.0,176.0,194.0,29.0,0.0,0.0,57.0,0.0,0.0,0.0,0.0,0.0,0.0,53.0,70.0,0.0,0.0,0.0,0.0,0.0,0.0,0.0,0.0,0.0,0.0,,564.0,30.0,75.0,88.0,76.0,0.0,125.0,264.0,219.0,18.0,0.0,,302.0,215.0
2021-03-11 12:00:00+00:00,94.0,256.0,22.0,175.0,205.0,110.0,42.0,0.0,75.0,0.0,0.0,0.0,0.0,0.0,0.0,0.0,82.0,0.0,0.0,0.0,1.0,0.0,0.0,0.0,0.0,0.0,0.0,0.0,563.0,52.0,0.0,85.0,118.0,0.0,153.0,283.0,207.0,37.0,0.0,203.0,320.0,216.0
2021-03-11 13:00:00+00:00,144.0,265.0,30.0,168.0,150.0,128.0,36.0,0.0,38.0,0.0,0.0,0.0,0.0,0.0,0.0,0.0,107.0,0.0,0.0,0.0,69.0,1.0,0.0,0.0,0.0,0.0,0.0,,563.0,69.0,0.0,84.0,141.0,0.0,143.0,414.0,179.0,30.0,0.0,,365.0,215.0
2021-03-11 14:00:00+00:00,146.0,302.0,14.0,156.0,142.0,140.0,84.0,0.0,25.0,0.0,0.0,0.0,0.0,0.0,0.0,0.0,104.0,0.0,0.0,0.0,152.0,3.0,0.0,0.0,0.0,0.0,0.0,0.0,563.0,88.0,0.0,111.0,189.0,0.0,139.0,456.0,183.0,46.0,0.0,256.0,378.0,216.0
2021-03-11 15:00:00+00:00,173.0,180.0,13.0,179.0,128.0,164.0,118.0,0.0,0.0,0.0,0.0,0.0,0.0,0.0,0.0,0.0,70.0,0.0,0.0,0.0,365.0,61.0,0.0,0.0,0.0,0.0,0.0,0.0,564.0,85.0,0.0,149.0,141.0,0.0,91.0,493.0,218.0,51.0,0.0,340.0,398.0,215.0
2021-03-11 16:00:00+00:00,320.0,127.0,82.0,267.0,118.0,258.0,185.0,0.0,0.0,0.0,0.0,0.0,0.0,0.0,0.0,0.0,73.0,0.0,0.0,0.0,404.0,231.0,0.0,0.0,0.0,0.0,0.0,,566.0,74.0,0.0,375.0,129.0,0.0,77.0,432.0,296.0,2.0,0.0,,459.0,213.0
2021-03-11 17:00:00+00:00,377.0,182.0,114.0,280.0,111.0,221.0,167.0,0.0,0.0,0.0,0.0,0.0,0.0,0.0,0.0,0.0,106.0,0.0,0.0,0.0,367.0,259.0,0.0,0.0,0.0,0.0,0.0,,570.0,89.0,0.0,329.0,70.0,0.0,52.0,493.0,313.0,3.0,0.0,,564.0,215.0
2021-03-11 18:00:00+00:00,371.0,239.0,128.0,315.0,158.0,499.0,0.0,0.0,0.0,0.0,0.0,0.0,0.0,0.0,0.0,0.0,114.0,0.0,0.0,0.0,395.0,299.0,0.0,0.0,0.0,0.0,0.0,0.0,1040.0,153.0,216.0,292.0,78.0,0.0,76.0,420.0,312.0,2.0,0.0,454.0,549.0,216.0
2021-03-11 19:00:00+00:00,304.0,197.0,98.0,307.0,204.0,506.0,0.0,0.0,0.0,0.0,0.0,0.0,0.0,0.0,0.0,0.0,100.0,0.0,0.0,0.0,459.0,270.0,0.0,0.0,0.0,0.0,0.0,,1386.0,109.0,267.0,118.0,65.0,0.0,72.0,366.0,303.0,5.0,0.0,,441.0,216.0
2021-03-11 20:00:00+00:00,285.0,97.0,139.0,290.0,160.0,584.0,0.0,0.0,0.0,0.0,0.0,0.0,0.0,4.0,0.0,0.0,68.0,0.0,0.0,0.0,313.0,291.0,0.0,0.0,0.0,63.0,0.0,,1399.0,95.0,201.0,0.0,19.0,0.0,37.0,457.0,294.0,1.0,0.0,,401.0,216.0
2021-03-11 21:00:00+00:00,215.0,0.0,172.0,314.0,199.0,506.0,0.0,0.0,0.0,0.0,0.0,104.0,17.0,48.0,0.0,0.0,81.0,0.0,0.0,0.0,145.0,269.0,0.0,0.0,0.0,22.0,0.0,,1400.0,53.0,302.0,0.0,3.0,0.0,0.0,510.0,332.0,2.0,0.0,,481.0,216.0
2021-03-11 22:00:00+00:00,264.0,0.0,186.0,290.0,148.0,133.0,0.0,0.0,0.0,0.0,0.0,198.0,32.0,71.0,0.0,0.0,97.0,0.0,17.0,0.0,286.0,330.0,0.0,0.0,0.0,147.0,0.0,0.0,1398.0,0.0,6.0,0.0,0.0,0.0,0.0,417.0,305.0,0.0,0.0,434.0,458.0,215.0
2021-03-11 23:00:00+00:00,297.0,0.0,174.0,260.0,109.0,494.0,0.0,0.0,0.0,0.0,0.0,298.0,105.0,158.0,0.0,0.0,73.0,0.0,0.0,0.0,210.0,349.0,0.0,0.0,0.0,166.0,0.0,0.0,1398.0,75.0,302.0,0.0,0.0,0.0,0.0,411.0,317.0,2.0,0.0,489.0,384.0,216.0
2021-03-12 00:00:00+00:00,298.0,0.0,179.0,278.0,104.0,430.0,0.0,0.0,0.0,0.0,0.0,237.0,95.0,165.0,0.0,0.0,62.0,0.0,0.0,0.0,261.0,401.0,0.0,0.0,0.0,200.0,0.0,0.0,1399.0,53.0,400.0,0.0,0.0,0.0,0.0,401.0,362.0,0.0,0.0,503.0,370.0,216.0
2021-03-12 01:00:00+00:00,298.0,0.0,182.0,280.0,98.0,403.0,0.0,0.0,0.0,0.0,0.0,175.0,72.0,145.0,0.0,0.0,53.0,0.0,0.0,0.0,277.0,423.0,0.0,0.0,0.0,223.0,0.0,0.0,1389.0,49.0,435.0,0.0,0.0,0.0,0.0,425.0,365.0,1.0,0.0,507.0,374.0,215.0
2021-03-12 02:00:00+00:00,300.0,0.0,198.0,261.0,54.0,279.0,0.0,0.0,0.0,0.0,0.0,235.0,86.0,139.0,0.0,0.0,51.0,0.0,0.0,0.0,348.0,447.0,0.0,0.0,0.0,217.0,0.0,0.0,1225.0,52.0,541.0,0.0,0.0,0.0,0.0,441.0,356.0,1.0,0.0,528.0,366.0,215.0
2021-03-12 03:00:00+00:00,303.0,0.0,186.0,256.0,44.0,154.0,0.0,0.0,0.0,0.0,0.0,269.0,91.0,125.0,0.0,0.0,60.0,0.0,0.0,0.0,311.0,440.0,0.0,0.0,0.0,236.0,0.0,0.0,728.0,62.0,597.0,0.0,0.0,0.0,0.0,468.0,368.0,0.0,0.0,555.0,368.0,215.0
2021-03-12 04:00:00+00:00,292.0,0.0,256.0,294.0,100.0,0.0,0.0,0.0,0.0,0.0,0.0,192.0,46.0,54.0,0.0,0.0,46.0,314.0,16.0,0.0,237.0,425.0,0.0,0.0,0.0,277.0,0.0,,454.0,0.0,359.0,0.0,0.0,0.0,0.0,463.0,373.0,0.0,0.0,,360.0,216.0
2021-03-12 05:00:00+00:00,307.0,161.0,225.0,310.0,187.0,0.0,0.0,0.0,0.0,0.0,0.0,0.0,0.0,3.0,0.0,0.0,49.0,197.0,0.0,0.0,183.0,348.0,0.0,0.0,0.0,121.0,0.0,0.0,422.0,7.0,256.0,0.0,24.0,0.0,57.0,469.0,375.0,0.0,0.0,379.0,382.0,216.0
2021-03-12 06:00:00+00:00,384.0,105.0,197.0,297.0,172.0,0.0,0.0,0.0,0.0,0.0,0.0,0.0,0.0,26.0,0.0,43.0,22.0,55.0,0.0,0.0,0.0,304.0,0.0,0.0,0.0,0.0,0.0,0.0,422.0,63.0,84.0,133.0,20.0,0.0,42.0,509.0,371.0,0.0,0.0,395.0,429.0,215.0
2021-03-12 07:00:00+00:00,253.0,287.0,190.0,306.0,240.0,75.0,37.0,0.0,0.0,0.0,0.0,0.0,0.0,158.0,0.0,0.0,5.0,0.0,0.0,0.0,221.0,185.0,0.0,0.0,0.0,0.0,0.0,0.0,423.0,85.0,0.0,291.0,1.0,0.0,131.0,418.0,340.0,0.0,0.0,328.0,411.0,214.0
2021-03-12 08:00:00+00:00,176.0,387.0,222.0,321.0,339.0,62.0,25.0,0.0,0.0,0.0,0.0,0.0,0.0,135.0,0.0,0.0,0.0,0.0,0.0,0.0,301.0,141.0,0.0,8.0,0.0,0.0,0.0,0.0,424.0,84.0,0.0,147.0,0.0,0.0,200.0,343.0,379.0,0.0,0.0,252.0,315.0,217.0
2021-03-12 09:00:00+00:00,155.0,372.0,196.0,296.0,360.0,0.0,0.0,0.0,0.0,0.0,0.0,0.0,0.0,144.0,0.0,0.0,0.0,20.0,0.0,0.0,368.0,113.0,0.0,1.0,0.0,3.0,0.0,0.0,424.0,30.0,84.0,0.0,0.0,0.0,208.0,442.0,394.0,0.0,0.0,318.0,271.0,213.0
2021-03-12 10:00:00+00:00,101.0,478.0,190.0,290.0,396.0,0.0,0.0,0.0,0.0,0.0,0.0,0.0,0.0,139.0,0.0,0.0,53.0,64.0,0.0,0.0,356.0,65.0,0.0,0.0,0.0,44.0,0.0,0.0,424.0,2.0,176.0,0.0,0.0,0.0,249.0,342.0,374.0,0.0,0.0,230.0,262.0,213.0
2021-03-12 11:00:00+00:00,95.0,486.0,143.0,266.0,363.0,35.0,0.0,0.0,0.0,0.0,0.0,0.0,0.0,146.0,0.0,0.0,53.0,0.0,0.0,0.0,91.0,65.0,0.0,0.0,0.0,54.0,0.0,0.0,423.0,40.0,40.0,0.0,0.0,0.0,246.0,347.0,336.0,0.0,0.0,229.0,261.0,215.0
2021-03-12 12:00:00+00:00,68.0,507.0,94.0,242.0,325.0,88.0,36.0,0.0,5.0,0.0,0.0,0.0,0.0,138.0,0.0,0.0,54.0,0.0,0.0,0.0,83.0,14.0,0.0,0.0,0.0,47.0,0.0,0.0,423.0,77.0,0.0,0.0,0.0,0.0,257.0,265.0,269.0,2.0,0.0,188.0,219.0,214.0
2021-03-12 13:00:00+00:00,154.0,421.0,90.0,280.0,273.0,85.0,28.0,0.0,0.0,0.0,0.0,0.0,0.0,135.0,0.0,0.0,66.0,0.0,0.0,0.0,108.0,115.0,0.0,0.0,0.0,27.0,0.0,0.0,424.0,72.0,0.0,0.0,0.0,0.0,217.0,307.0,298.0,8.0,0.0,219.0,229.0,214.0
2021-03-12 14:00:00+00:00,283.0,241.0,107.0,275.0,182.0,0.0,0.0,0.0,0.0,0.0,0.0,0.0,0.0,95.0,0.0,0.0,57.0,0.0,0.0,0.0,147.0,221.0,0.0,0.0,0.0,0.0,0.0,0.0,423.0,33.0,69.0,10.0,14.0,0.0,110.0,420.0,275.0,2.0,0.0,316.0,239.0,214.0
2021-03-12 15:00:00+00:00,356.0,154.0,134.0,298.0,215.0,0.0,0.0,0.0,0.0,0.0,0.0,0.0,0.0,0.0,0.0,0.0,52.0,60.0,0.0,0.0,281.0,264.0,0.0,0.0,0.0,0.0,0.0,0.0,423.0,0.0,160.0,31.0,102.0,0.0,82.0,346.0,322.0,7.0,0.0,323.0,309.0,214.0
2021-03-12 16:00:00+00:00,392.0,172.0,187.0,326.0,215.0,0.0,0.0,0.0,0.0,0.0,0.0,0.0,0.0,0.0,0.0,0.0,53.0,30.0,30.0,0.0,195.0,314.0,0.0,0.0,0.0,0.0,0.0,0.0,423.0,0.0,190.0,187.0,137.0,0.0,79.0,460.0,347.0,1.0,0.0,356.0,336.0,217.0
2021-03-12 17:00:00+00:00,341.0,80.0,128.0,298.0,224.0,0.0,0.0,0.0,0.0,0.0,0.0,0.0,0.0,0.0,0.0,0.0,98.0,37.0,4.0,0.0,217.0,220.0,0.0,0.0,0.0,0.0,0.0,0.0,424.0,0.0,150.0,359.0,159.0,0.0,63.0,528.0,326.0,3.0,0.0,373.0,376.0,215.0
2021-03-12 18:00:00+00:00,331.0,173.0,194.0,318.0,260.0,410.0,0.0,0.0,0.0,0.0,0.0,0.0,0.0,0.0,0.0,0.0,108.0,0.0,0.0,0.0,202.0,244.0,0.0,0.0,0.0,0.0,0.0,,932.0,122.0,313.0,311.0,180.0,0.0,105.0,510.0,344.0,0.0,0.0,,402.0,215.0
2021-03-12 19:00:00+00:00,319.0,98.0,227.0,325.0,260.0,463.0,0.0,0.0,0.0,0.0,0.0,0.0,0.0,0.0,0.0,0.0,86.0,0.0,0.0,0.0,212.0,297.0,0.0,0.0,0.0,0.0,0.0,0.0,1195.0,127.0,249.0,117.0,115.0,0.0,83.0,480.0,380.0,0.0,0.0,367.0,401.0,215.0
2021-03-12 20:00:00+00:00,302.0,92.0,220.0,298.0,243.0,425.0,0.0,0.0,0.0,0.0,0.0,0.0,0.0,0.0,0.0,0.0,97.0,0.0,0.0,0.0,201.0,272.0,0.0,0.0,0.0,66.0,0.0,0.0,1204.0,76.0,351.0,0.0,109.0,0.0,94.0,491.0,382.0,0.0,0.0,368.0,386.0,215.0
2021-03-12 21:00:00+00:00,137.0,0.0,189.0,306.0,272.0,494.0,0.0,0.0,0.0,0.0,0.0,6.0,0.0,0.0,0.0,0.0,107.0,0.0,0.0,0.0,174.0,209.0,0.0,0.0,0.0,27.0,0.0,0.0,1205.0,83.0,292.0,0.0,49.0,0.0,59.0,416.0,394.0,2.0,0.0,379.0,447.0,217.0
2021-03-12 22:00:00+00:00,131.0,0.0,234.0,308.0,243.0,394.0,0.0,0.0,0.0,0.0,0.0,213.0,15.0,72.0,0.0,0.0,114.0,0.0,0.0,0.0,219.0,243.0,0.0,0.0,0.0,21.0,0.0,0.0,1208.0,27.0,447.0,0.0,0.0,0.0,0.0,458.0,339.0,0.0,0.0,422.0,468.0,213.0
2021-03-12 23:00:00+00:00,102.0,0.0,78.0,282.0,197.0,344.0,0.0,0.0,0.0,0.0,0.0,156.0,60.0,143.0,0.0,0.0,75.0,0.0,0.0,0.0,274.0,262.0,0.0,0.0,0.0,0.0,0.0,0.0,1394.0,24.0,497.0,15.0,0.0,0.0,0.0,486.0,352.0,7.0,0.0,410.0,394.0,214.0
2021-03-13 00:00:00+00:00,105.0,0.0,82.0,274.0,164.0,380.0,0.0,0.0,0.0,0.0,0.0,198.0,83.0,156.0,0.0,0.0,76.0,0.0,0.0,0.0,384.0,324.0,0.0,0.0,0.0,53.0,0.0,0.0,1395.0,34.0,464.0,0.0,0.0,0.0,0.0,508.0,372.0,6.0,0.0,453.0,365.0,216.0
2021-03-13 01:00:00+00:00,112.0,0.0,73.0,250.0,129.0,387.0,0.0,0.0,0.0,0.0,0.0,158.0,75.0,132.0,0.0,0.0,73.0,0.0,0.0,0.0,399.0,344.0,0.0,0.0,0.0,76.0,0.0,0.0,1398.0,53.0,436.0,0.0,0.0,0.0,0.0,493.0,338.0,6.0,0.0,458.0,345.0,215.0
2021-03-13 02:00:00+00:00,160.0,0.0,46.0,219.0,36.0,343.0,0.0,0.0,0.0,0.0,0.0,233.0,100.0,134.0,0.0,0.0,68.0,0.0,0.0,0.0,399.0,391.0,0.0,0.0,0.0,168.0,0.0,0.0,1398.0,66.0,446.0,0.0,0.0,0.0,0.0,516.0,319.0,17.0,0.0,537.0,298.0,215.0
2021-03-13 03:00:00+00:00,154.0,0.0,30.0,218.0,24.0,323.0,0.0,0.0,0.0,0.0,0.0,220.0,114.0,141.0,0.0,0.0,77.0,0.0,0.0,0.0,381.0,388.0,0.0,0.0,0.0,161.0,0.0,,1393.0,73.0,461.0,0.0,0.0,0.0,0.0,500.0,302.0,23.0,0.0,,261.0,215.0
2021-03-13 04:00:00+00:00,128.0,0.0,33.0,225.0,49.0,327.0,0.0,0.0,0.0,0.0,0.0,192.0,100.0,127.0,0.0,0.0,84.0,0.0,0.0,0.0,376.0,355.0,0.0,0.0,0.0,156.0,0.0,0.0,1391.0,100.0,409.0,0.0,0.0,0.0,0.0,555.0,316.0,28.0,0.0,559.0,291.0,216.0
2021-03-13 05:00:00+00:00,110.0,0.0,49.0,222.0,41.0,297.0,0.0,0.0,0.0,0.0,0.0,210.0,71.0,108.0,0.0,0.0,54.0,0.0,0.0,0.0,428.0,353.0,0.0,0.0,0.0,67.0,0.0,0.0,1394.0,89.0,455.0,0.0,0.0,0.0,0.0,609.0,311.0,12.0,0.0,578.0,312.0,214.0
2021-03-13 06:00:00+00:00,78.0,0.0,63.0,285.0,170.0,365.0,0.0,0.0,0.0,0.0,0.0,148.0,34.0,105.0,0.0,0.0,43.0,0.0,0.0,0.0,508.0,304.0,0.0,0.0,0.0,0.0,0.0,0.0,1392.0,77.0,480.0,48.0,0.0,0.0,0.0,504.0,367.0,10.0,0.0,490.0,288.0,215.0
2021-03-13 07:00:00+00:00,82.0,0.0,70.0,304.0,203.0,422.0,0.0,0.0,0.0,0.0,0.0,171.0,34.0,147.0,0.0,0.0,69.0,0.0,0.0,0.0,488.0,245.0,0.0,0.0,0.0,0.0,0.0,0.0,1394.0,83.0,368.0,170.0,0.0,0.0,0.0,489.0,332.0,7.0,0.0,506.0,261.0,215.0
2021-03-13 08:00:00+00:00,75.0,0.0,34.0,298.0,212.0,401.0,0.0,0.0,0.0,0.0,0.0,253.0,67.0,179.0,0.0,0.0,76.0,0.0,0.0,0.0,524.0,191.0,0.0,0.0,0.0,0.0,0.0,0.0,1397.0,83.0,376.0,162.0,0.0,0.0,0.0,438.0,300.0,18.0,0.0,469.0,142.0,211.0
2021-03-13 09:00:00+00:00,72.0,0.0,38.0,274.0,209.0,418.0,0.0,0.0,0.0,0.0,0.0,290.0,75.0,158.0,0.0,0.0,75.0,0.0,0.0,0.0,489.0,145.0,0.0,0.0,0.0,0.0,0.0,0.0,1398.0,89.0,379.0,194.0,0.0,0.0,0.0,351.0,274.0,23.0,0.0,444.0,68.0,214.0
2021-03-13 10:00:00+00:00,52.0,0.0,7.0,246.0,203.0,390.0,0.0,0.0,0.0,0.0,0.0,225.0,79.0,158.0,0.0,0.0,109.0,0.0,0.0,0.0,390.0,116.0,0.0,0.0,0.0,0.0,0.0,0.0,1397.0,69.0,414.0,14.0,0.0,0.0,0.0,319.0,236.0,62.0,0.0,434.0,68.0,216.0
2021-03-13 11:00:00+00:00,97.0,0.0,7.0,250.0,170.0,376.0,0.0,0.0,0.0,0.0,0.0,213.0,75.0,152.0,0.0,0.0,111.0,0.0,0.0,0.0,291.0,180.0,0.0,0.0,0.0,42.0,0.0,0.0,1397.0,73.0,407.0,0.0,0.0,0.0,0.0,360.0,227.0,74.0,0.0,445.0,107.0,213.0
2021-03-13 12:00:00+00:00,135.0,0.0,8.0,243.0,135.0,353.0,0.0,0.0,0.0,0.0,0.0,322.0,99.0,157.0,0.0,0.0,116.0,0.0,0.0,0.0,307.0,208.0,0.0,0.0,0.0,29.0,0.0,0.0,1397.0,68.0,440.0,0.0,0.0,0.0,0.0,376.0,209.0,67.0,0.0,469.0,95.0,214.0
2021-03-13 13:00:00+00:00,181.0,0.0,6.0,240.0,87.0,322.0,0.0,0.0,0.0,0.0,0.0,323.0,104.0,135.0,0.0,0.0,127.0,0.0,0.0,0.0,271.0,251.0,0.0,0.0,0.0,104.0,0.0,0.0,1397.0,71.0,467.0,0.0,0.0,0.0,0.0,418.0,237.0,58.0,0.0,496.0,108.0,214.0
2021-03-13 14:00:00+00:00,203.0,0.0,14.0,223.0,57.0,337.0,0.0,0.0,0.0,0.0,0.0,285.0,104.0,109.0,0.0,0.0,137.0,0.0,0.0,0.0,273.0,281.0,0.0,0.0,0.0,113.0,0.0,0.0,1396.0,75.0,442.0,0.0,0.0,0.0,0.0,490.0,256.0,49.0,0.0,519.0,137.0,214.0
2021-03-13 15:00:00+00:00,250.0,0.0,30.0,243.0,72.0,309.0,0.0,0.0,0.0,0.0,0.0,203.0,54.0,30.0,0.0,0.0,109.0,0.0,0.0,0.0,542.0,324.0,0.0,0.0,0.0,0.0,0.0,0.0,1397.0,55.0,500.0,59.0,1.0,0.0,0.0,475.0,280.0,32.0,0.0,471.0,154.0,214.0
2021-03-13 16:00:00+00:00,308.0,0.0,57.0,306.0,110.0,330.0,0.0,0.0,0.0,0.0,0.0,35.0,0.0,0.0,0.0,0.0,96.0,0.0,0.0,0.0,531.0,389.0,0.0,0.0,0.0,0.0,0.0,0.0,1397.0,64.0,466.0,267.0,41.0,0.0,0.0,458.0,334.0,8.0,0.0,426.0,174.0,213.0
2021-03-13 17:00:00+00:00,277.0,0.0,55.0,302.0,161.0,290.0,0.0,0.0,0.0,0.0,0.0,28.0,0.0,3.0,0.0,0.0,123.0,0.0,0.0,0.0,440.0,292.0,0.0,0.0,0.0,0.0,0.0,,1399.0,48.0,475.0,405.0,62.0,0.0,13.0,442.0,328.0,21.0,0.0,,218.0,213.0
2021-03-13 18:00:00+00:00,288.0,9.0,78.0,316.0,187.0,271.0,0.0,0.0,0.0,0.0,0.0,0.0,0.0,0.0,0.0,0.0,129.0,0.0,0.0,0.0,473.0,329.0,0.0,0.0,0.0,0.0,0.0,0.0,1399.0,53.0,409.0,409.0,92.0,0.0,38.0,458.0,341.0,6.0,0.0,336.0,247.0,213.0
2021-03-13 19:00:00+00:00,254.0,15.0,63.0,318.0,177.0,351.0,0.0,0.0,0.0,0.0,0.0,0.0,0.0,0.0,0.0,0.0,104.0,0.0,0.0,0.0,557.0,353.0,0.0,0.0,0.0,0.0,0.0,0.0,1399.0,84.0,368.0,352.0,83.0,0.0,75.0,506.0,335.0,8.0,0.0,331.0,252.0,214.0
2021-03-13 20:00:00+00:00,187.0,0.0,66.0,310.0,163.0,430.0,0.0,0.0,0.0,0.0,0.0,65.0,0.0,26.0,0.0,0.0,73.0,0.0,0.0,0.0,555.0,381.0,0.0,0.0,0.0,0.0,0.0,0.0,1403.0,77.0,325.0,268.0,3.0,0.0,49.0,568.0,341.0,13.0,0.0,460.0,419.0,215.0
2021-03-13 21:00:00+00:00,166.0,0.0,51.0,334.0,210.0,338.0,0.0,0.0,0.0,0.0,0.0,282.0,0.0,90.0,0.0,0.0,88.0,0.0,0.0,0.0,515.0,319.0,0.0,0.0,0.0,0.0,0.0,0.0,1400.0,19.0,430.0,202.0,0.0,0.0,10.0,520.0,355.0,14.0,0.0,418.0,397.0,215.0
2021-03-13 22:00:00+00:00,91.0,0.0,105.0,320.0,194.0,294.0,0.0,0.0,0.0,0.0,0.0,382.0,61.0,191.0,0.0,0.0,108.0,0.0,0.0,0.0,438.0,334.0,0.0,0.0,0.0,0.0,0.0,0.0,1400.0,20.0,534.0,16.0,0.0,0.0,0.0,542.0,354.0,6.0,0.0,449.0,381.0,215.0
2021-03-13 23:00:00+00:00,191.0,0.0,32.0,209.0,45.0,389.0,0.0,0.0,0.0,0.0,0.0,261.0,84.0,166.0,0.0,0.0,91.0,0.0,0.0,0.0,119.0,303.0,0.0,0.0,0.0,0.0,0.0,0.0,1401.0,41.0,456.0,31.0,0.0,0.0,0.0,491.0,252.0,20.0,0.0,525.0,271.0,214.0
2021-03-14 00:00:00+00:00,300.0,0.0,62.0,202.0,0.0,377.0,0.0,0.0,0.0,0.0,0.0,287.0,115.0,188.0,0.0,0.0,89.0,0.0,0.0,0.0,68.0,420.0,0.0,0.0,0.0,48.0,0.0,0.0,1401.0,45.0,452.0,0.0,0.0,49.0,0.0,526.0,274.0,18.0,0.0,594.0,255.0,215.0
2021-03-14 01:00:00+00:00,263.0,0.0,34.0,178.0,0.0,362.0,0.0,0.0,0.0,0.0,0.0,229.0,79.0,136.0,0.0,0.0,85.0,0.0,0.0,0.0,210.0,408.0,0.0,0.0,0.0,169.0,0.0,0.0,1400.0,55.0,442.0,0.0,0.0,59.0,0.0,506.0,256.0,22.0,0.0,594.0,228.0,215.0
2021-03-14 02:00:00+00:00,277.0,0.0,41.0,160.0,0.0,345.0,0.0,0.0,0.0,0.0,0.0,175.0,66.0,97.0,0.0,0.0,82.0,0.0,0.0,0.0,138.0,400.0,0.0,0.0,0.0,220.0,0.0,0.0,1400.0,60.0,414.0,0.0,0.0,80.0,0.0,472.0,231.0,18.0,0.0,577.0,206.0,214.0
2021-03-14 03:00:00+00:00,276.0,0.0,37.0,162.0,0.0,314.0,0.0,0.0,0.0,0.0,0.0,340.0,112.0,141.0,0.0,0.0,83.0,0.0,0.0,0.0,150.0,426.0,0.0,0.0,0.0,179.0,0.0,0.0,1399.0,59.0,449.0,0.0,0.0,100.0,0.0,489.0,230.0,22.0,0.0,600.0,196.0,214.0
2021-03-14 04:00:00+00:00,256.0,0.0,30.0,171.0,0.0,289.0,0.0,0.0,0.0,0.0,0.0,328.0,97.0,124.0,0.0,0.0,91.0,0.0,0.0,0.0,96.0,407.0,0.0,0.0,0.0,184.0,0.0,0.0,1399.0,64.0,463.0,0.0,0.0,82.0,0.0,494.0,229.0,26.0,0.0,571.0,198.0,214.0
2021-03-14 05:00:00+00:00,203.0,0.0,80.0,201.0,0.0,187.0,0.0,0.0,0.0,0.0,0.0,510.0,111.0,124.0,0.0,0.0,88.0,0.0,0.0,0.0,384.0,440.0,0.0,0.0,0.0,226.0,0.0,0.0,1394.0,73.0,563.0,0.0,0.0,56.0,0.0,496.0,225.0,6.0,0.0,585.0,238.0,214.0
2021-03-14 06:00:00+00:00,125.0,0.0,50.0,232.0,37.0,201.0,0.0,0.0,0.0,0.0,0.0,373.0,75.0,68.0,0.0,0.0,89.0,0.0,0.0,0.0,388.0,375.0,0.0,0.0,0.0,208.0,0.0,0.0,1399.0,90.0,537.0,0.0,0.0,0.0,0.0,498.0,276.0,14.0,0.0,502.0,268.0,215.0
2021-03-14 07:00:00+00:00,54.0,0.0,62.0,246.0,134.0,195.0,0.0,0.0,0.0,0.0,0.0,272.0,25.0,41.0,0.0,0.0,91.0,0.0,0.0,0.0,403.0,261.0,0.0,0.0,0.0,175.0,0.0,0.0,1399.0,102.0,512.0,0.0,1.0,0.0,0.0,430.0,294.0,14.0,0.0,422.0,277.0,215.0
2021-03-14 08:00:00+00:00,106.0,0.0,38.0,241.0,150.0,241.0,0.0,0.0,0.0,0.0,0.0,145.0,0.0,11.0,0.0,0.0,86.0,0.0,0.0,0.0,2.0,231.0,0.0,0.0,0.0,94.0,0.0,0.0,1399.0,101.0,491.0,0.0,13.0,0.0,3.0,381.0,297.0,15.0,0.0,291.0,197.0,216.0
2021-03-14 09:00:00+00:00,38.0,27.0,37.0,256.0,242.0,266.0,0.0,0.0,0.0,2.0,0.0,0.0,0.0,29.0,0.0,129.0,74.0,0.0,0.0,0.0,0.0,159.0,0.0,0.0,0.0,37.0,0.0,0.0,1398.0,102.0,482.0,0.0,6.0,0.0,47.0,355.0,295.0,26.0,0.0,218.0,272.0,217.0
2021-03-14 10:00:00+00:00,13.0,192.0,22.0,258.0,288.0,311.0,0.0,0.0,0.0,4.0,0.0,0.0,0.0,5.0,0.0,142.0,65.0,0.0,0.0,0.0,0.0,136.0,0.0,0.0,0.0,103.0,0.0,0.0,1398.0,105.0,449.0,0.0,14.0,0.0,102.0,361.0,290.0,40.0,0.0,175.0,320.0,216.0
2021-03-14 11:00:00+00:00,11.0,160.0,26.0,251.0,289.0,276.0,0.0,0.0,0.0,9.0,0.0,0.0,0.0,14.0,0.0,175.0,50.0,0.0,0.0,0.0,0.0,144.0,0.0,0.0,0.0,134.0,0.0,,1399.0,86.0,493.0,0.0,3.0,0.0,102.0,396.0,250.0,29.0,0.0,,339.0,217.0
2021-03-14 12:00:00+00:00,48.0,177.0,196.0,216.0,211.0,307.0,0.0,0.0,0.0,3.0,0.0,0.0,0.0,27.0,0.0,312.0,42.0,0.0,0.0,0.0,0.0,152.0,0.0,0.0,0.0,169.0,0.0,0.0,1397.0,80.0,465.0,0.0,1.0,0.0,88.0,425.0,106.0,1.0,0.0,265.0,316.0,216.0
2021-03-14 13:00:00+00:00,118.0,232.0,104.0,238.0,207.0,308.0,0.0,0.0,0.0,0.0,0.0,0.0,0.0,0.0,0.0,400.0,59.0,0.0,0.0,0.0,0.0,230.0,0.0,0.0,0.0,239.0,0.0,0.0,1394.0,82.0,479.0,0.0,43.0,0.0,115.0,405.0,192.0,4.0,0.0,242.0,319.0,215.0
2021-03-14 14:00:00+00:00,185.0,214.0,35.0,221.0,165.0,338.0,0.0,0.0,0.0,0.0,0.0,0.0,0.0,0.0,0.0,210.0,77.0,0.0,0.0,0.0,0.0,236.0,0.0,0.0,0.0,219.0,0.0,0.0,1397.0,56.0,475.0,0.0,58.0,0.0,88.0,392.0,216.0,25.0,0.0,261.0,253.0,216.0
2021-03-14 15:00:00+00:00,139.0,85.0,23.0,236.0,162.0,403.0,0.0,0.0,0.0,0.0,0.0,0.0,0.0,0.0,0.0,0.0,119.0,0.0,0.0,0.0,231.0,245.0,0.0,0.0,0.0,214.0,0.0,0.0,1398.0,53.0,417.0,0.0,32.0,0.0,61.0,499.0,275.0,37.0,0.0,309.0,248.0,216.0
2021-03-14 16:00:00+00:00,122.0,216.0,50.0,294.0,246.0,554.0,0.0,0.0,0.0,0.0,0.0,0.0,0.0,0.0,0.0,0.0,113.0,0.0,0.0,0.0,381.0,242.0,0.0,0.0,0.0,66.0,0.0,0.0,1398.0,72.0,231.0,0.0,151.0,0.0,138.0,370.0,335.0,19.0,0.0,177.0,222.0,215.0
2021-03-14 17:00:00+00:00,93.0,179.0,62.0,356.0,299.0,631.0,0.0,0.0,0.0,0.0,0.0,0.0,0.0,0.0,0.0,0.0,93.0,0.0,0.0,0.0,536.0,262.0,0.0,0.0,0.0,0.0,0.0,0.0,1399.0,67.0,170.0,63.0,178.0,0.0,166.0,303.0,398.0,14.0,0.0,163.0,302.0,216.0
2021-03-14 18:00:00+00:00,108.0,102.0,96.0,378.0,345.0,639.0,0.0,0.0,0.0,0.0,0.0,0.0,0.0,0.0,0.0,0.0,99.0,0.0,0.0,0.0,531.0,299.0,0.0,0.0,0.0,0.0,0.0,0.0,1398.0,56.0,153.0,150.0,130.0,0.0,132.0,315.0,382.0,5.0,0.0,170.0,314.0,215.0
2021-03-14 19:00:00+00:00,149.0,32.0,80.0,353.0,313.0,646.0,0.0,0.0,0.0,0.0,0.0,0.0,0.0,0.0,0.0,0.0,84.0,0.0,0.0,0.0,402.0,326.0,0.0,0.0,0.0,0.0,0.0,0.0,1404.0,45.0,175.0,92.0,93.0,0.0,123.0,346.0,328.0,12.0,0.0,146.0,268.0,216.0
2021-03-14 20:00:00+00:00,71.0,30.0,62.0,335.0,307.0,646.0,0.0,0.0,0.0,0.0,0.0,0.0,0.0,0.0,0.0,0.0,110.0,0.0,0.0,0.0,434.0,265.0,0.0,0.0,0.0,18.0,0.0,0.0,1398.0,4.0,214.0,0.0,95.0,0.0,143.0,142.0,328.0,18.0,0.0,104.0,307.0,214.0
2021-03-14 21:00:00+00:00,38.0,3.0,40.0,314.0,325.0,587.0,0.0,0.0,0.0,2.0,0.0,0.0,0.0,0.0,0.0,0.0,125.0,0.0,0.0,0.0,394.0,183.0,0.0,0.0,0.0,123.0,0.0,0.0,1399.0,11.0,255.0,0.0,65.0,0.0,133.0,91.0,302.0,31.0,0.0,73.0,298.0,214.0
2021-03-14 22:00:00+00:00,36.0,0.0,42.0,276.0,256.0,577.0,0.0,0.0,0.0,2.0,0.0,96.0,0.0,47.0,0.0,0.0,100.0,0.0,0.0,0.0,325.0,215.0,0.0,0.0,0.0,181.0,0.0,0.0,1399.0,1.0,281.0,0.0,22.0,0.0,60.0,153.0,253.0,19.0,0.0,138.0,314.0,215.0
2021-03-14 23:00:00+00:00,0.0,92.0,122.0,248.0,262.0,636.0,0.0,0.0,0.0,116.0,0.0,0.0,0.0,65.0,0.0,0.0,95.0,0.0,0.0,0.0,493.0,180.0,0.0,0.0,0.0,206.0,0.0,0.0,1398.0,66.0,160.0,0.0,0.0,0.0,82.0,129.0,178.0,2.0,0.0,170.0,465.0,216.0
2021-03-15 00:00:00+00:00,0.0,144.0,114.0,249.0,263.0,656.0,0.0,0.0,0.0,113.0,0.0,0.0,0.0,15.0,0.0,0.0,78.0,0.0,0.0,0.0,597.0,207.0,0.0,0.0,0.0,287.0,0.0,0.0,1398.0,67.0,127.0,0.0,7.0,0.0,108.0,71.0,203.0,2.0,0.0,142.0,457.0,218.0
2021-03-15 01:00:00+00:00,0.0,260.0,102.0,222.0,290.0,670.0,0.0,0.0,0.0,152.0,0.0,0.0,0.0,0.0,0.0,0.0,22.0,0.0,0.0,0.0,599.0,159.0,0.0,0.0,0.0,310.0,0.0,0.0,1398.0,72.0,119.0,0.0,74.0,0.0,148.0,7.0,197.0,2.0,5.0,108.0,406.0,216.0
2021-03-15 02:00:00+00:00,0.0,250.0,156.0,204.0,247.0,636.0,0.0,0.0,0.0,111.0,0.0,0.0,0.0,0.0,0.0,0.0,20.0,0.0,0.0,0.0,561.0,184.0,0.0,0.0,0.0,354.0,0.0,0.0,1392.0,76.0,146.0,0.0,82.0,0.0,140.0,12.0,135.0,1.0,8.0,145.0,383.0,215.0
2021-03-15 03:00:00+00:00,0.0,292.0,121.0,194.0,253.0,453.0,0.0,0.0,0.0,134.0,0.0,0.0,0.0,0.0,0.0,0.0,24.0,0.0,0.0,0.0,524.0,143.0,0.0,0.0,0.0,348.0,0.0,0.0,899.0,50.0,323.0,0.0,112.0,0.0,157.0,20.0,111.0,3.0,3.0,141.0,368.0,215.0
2021-03-15 04:00:00+00:00,0.0,204.0,24.0,186.0,252.0,0.0,0.0,0.0,0.0,172.0,0.0,0.0,0.0,0.0,0.0,0.0,24.0,69.0,50.0,0.0,574.0,60.0,0.0,0.0,0.0,299.0,0.0,0.0,617.0,0.0,97.0,0.0,112.0,0.0,147.0,38.0,92.0,47.0,11.0,216.0,257.0,215.0
2021-03-15 05:00:00+00:00,1.0,709.0,2.0,206.0,342.0,60.0,22.0,0.0,37.0,58.0,0.0,0.0,0.0,0.0,0.0,0.0,21.0,0.0,3.0,0.0,582.0,1.0,0.0,0.0,0.0,149.0,0.0,21.0,599.0,0.0,0.0,0.0,315.0,0.0,330.0,0.0,114.0,106.0,179.0,1.0,159.0,214.0
2021-03-15 06:00:00+00:00,4.0,744.0,3.0,245.0,413.0,98.0,0.0,0.0,110.0,27.0,0.0,0.0,0.0,0.0,0.0,0.0,19.0,0.0,10.0,0.0,587.0,0.0,0.0,0.0,0.0,0.0,0.0,28.0,602.0,0.0,2.0,56.0,354.0,0.0,347.0,0.0,178.0,78.0,203.0,0.0,191.0,214.0
2021-03-15 07:00:00+00:00,0.0,747.0,6.0,212.0,415.0,141.0,10.0,0.0,238.0,112.0,0.0,0.0,0.0,0.0,0.0,0.0,70.0,0.0,9.0,0.0,561.0,0.0,0.0,0.0,0.0,0.0,0.0,15.0,603.0,0.0,0.0,142.0,347.0,0.0,327.0,0.0,161.0,66.0,181.0,1.0,190.0,214.0
2021-03-15 08:00:00+00:00,0.0,713.0,13.0,179.0,416.0,216.0,117.0,0.0,349.0,159.0,0.0,0.0,0.0,0.0,0.0,0.0,129.0,0.0,0.0,0.0,520.0,0.0,0.0,0.0,0.0,0.0,0.0,42.0,604.0,14.0,0.0,99.0,307.0,0.0,294.0,0.0,175.0,52.0,162.0,0.0,145.0,214.0
2021-03-15 09:00:00+00:00,0.0,860.0,39.0,141.0,478.0,215.0,128.0,3.0,521.0,329.0,0.0,0.0,0.0,0.0,0.0,0.0,119.0,0.0,0.0,0.0,495.0,0.0,0.0,0.0,0.0,0.0,0.0,47.0,604.0,6.0,0.0,96.0,387.0,0.0,371.0,0.0,63.0,14.0,206.0,0.0,191.0,215.0
2021-03-15 10:00:00+00:00,0.0,825.0,38.0,129.0,499.0,233.0,164.0,8.0,539.0,361.0,0.0,0.0,0.0,0.0,0.0,0.0,113.0,0.0,0.0,0.0,494.0,0.0,0.0,0.0,0.0,0.0,0.0,74.0,605.0,15.0,0.0,149.0,367.0,0.0,370.0,0.0,31.0,17.0,189.0,0.0,234.0,215.0
2021-03-15 11:00:00+00:00,0.0,689.0,35.0,120.0,467.0,237.0,143.0,17.0,515.0,366.0,0.0,0.0,0.0,0.0,0.0,0.0,98.0,0.0,0.0,0.0,494.0,0.0,0.0,0.0,0.0,0.0,0.0,49.0,603.0,18.0,0.0,176.0,322.0,0.0,339.0,0.0,20.0,18.0,149.0,0.0,246.0,214.0
2021-03-15 12:00:00+00:00,0.0,552.0,6.0,55.0,324.0,211.0,161.0,58.0,526.0,308.0,0.0,0.0,0.0,0.0,0.0,0.0,97.0,0.0,0.0,0.0,486.0,0.0,0.0,0.0,0.0,0.0,0.0,0.0,601.0,19.0,0.0,192.0,242.0,0.0,260.0,1.0,8.0,69.0,25.0,81.0,249.0,215.0
2021-03-15 13:00:00+00:00,0.0,678.0,8.0,78.0,351.0,217.0,113.0,25.0,544.0,309.0,0.0,0.0,0.0,0.0,0.0,0.0,107.0,0.0,0.0,0.0,430.0,0.0,0.0,0.0,0.0,0.0,0.0,0.0,600.0,17.0,0.0,126.0,271.0,0.0,306.0,0.0,13.0,66.0,39.0,56.0,253.0,215.0
2021-03-15 14:00:00+00:00,0.0,632.0,6.0,145.0,293.0,185.0,145.0,0.0,304.0,84.0,0.0,0.0,0.0,0.0,0.0,0.0,99.0,0.0,0.0,0.0,285.0,0.0,0.0,0.0,0.0,0.0,0.0,0.0,600.0,15.0,0.0,38.0,276.0,0.0,264.0,38.0,106.0,53.0,0.0,131.0,253.0,211.0
2021-03-15 15:00:00+00:00,2.0,765.0,4.0,206.0,361.0,208.0,166.0,0.0,195.0,29.0,0.0,0.0,0.0,0.0,0.0,0.0,139.0,0.0,0.0,0.0,600.0,0.0,0.0,0.0,0.0,0.0,0.0,0.0,611.0,6.0,0.0,69.0,338.0,0.0,324.0,3.0,210.0,86.0,21.0,41.0,293.0,216.0
2021-03-15 16:00:00+00:00,37.0,742.0,70.0,254.0,352.0,246.0,144.0,0.0,73.0,1.0,0.0,0.0,0.0,0.0,0.0,0.0,178.0,0.0,1.0,0.0,600.0,0.0,0.0,0.0,0.0,0.0,0.0,0.0,590.0,0.0,0.0,199.0,306.0,0.0,302.0,16.0,222.0,7.0,6.0,98.0,380.0,215.0
2021-03-15 17:00:00+00:00,11.0,746.0,77.0,298.0,444.0,288.0,148.0,0.0,60.0,21.0,0.0,0.0,0.0,0.0,0.0,0.0,168.0,0.0,3.0,0.0,600.0,3.0,0.0,0.0,0.0,0.0,0.0,0.0,629.0,0.0,0.0,142.0,295.0,0.0,325.0,36.0,301.0,10.0,0.0,49.0,432.0,217.0
2021-03-15 18:00:00+00:00,40.0,742.0,222.0,318.0,434.0,620.0,0.0,0.0,11.0,1.0,0.0,0.0,0.0,0.0,0.0,0.0,153.0,0.0,0.0,0.0,601.0,11.0,0.0,0.0,0.0,0.0,0.0,0.0,1074.0,94.0,127.0,71.0,283.0,0.0,325.0,63.0,284.0,0.0,0.0,82.0,470.0,216.0
2021-03-15 19:00:00+00:00,3.0,847.0,195.0,351.0,512.0,667.0,0.0,0.0,2.0,21.0,0.0,0.0,0.0,0.0,0.0,0.0,129.0,0.0,0.0,0.0,601.0,26.0,0.0,0.0,0.0,61.0,0.0,0.0,1371.0,95.0,81.0,0.0,294.0,0.0,374.0,0.0,328.0,1.0,102.0,26.0,500.0,215.0
2021-03-15 20:00:00+00:00,7.0,745.0,121.0,298.0,450.0,743.0,0.0,0.0,27.0,18.0,0.0,0.0,0.0,0.0,0.0,0.0,122.0,0.0,0.0,0.0,601.0,2.0,0.0,0.0,0.0,278.0,0.0,14.0,1370.0,92.0,20.0,0.0,252.0,0.0,332.0,0.0,300.0,6.0,69.0,3.0,370.0,217.0
2021-03-15 21:00:00+00:00,0.0,432.0,106.0,276.0,469.0,675.0,0.0,0.0,136.0,111.0,0.0,0.0,0.0,0.0,0.0,0.0,117.0,0.0,0.0,0.0,600.0,0.0,0.0,0.0,0.0,280.0,0.0,0.0,1365.0,93.0,80.0,0.0,122.0,0.0,214.0,0.0,264.0,8.0,95.0,100.0,392.0,216.0
2021-03-15 22:00:00+00:00,0.0,428.0,99.0,254.0,427.0,638.0,0.0,0.0,112.0,152.0,0.0,0.0,0.0,0.0,0.0,0.0,84.0,0.0,0.0,0.0,592.0,0.0,0.0,0.0,0.0,317.0,0.0,0.0,1370.0,97.0,121.0,0.0,70.0,0.0,197.0,0.0,222.0,19.0,128.0,96.0,389.0,216.0
2021-03-15 23:00:00+00:00,0.0,364.0,112.0,267.0,344.0,662.0,0.0,0.0,1.0,111.0,0.0,0.0,0.0,2.0,0.0,0.0,109.0,0.0,0.0,0.0,600.0,82.0,0.0,0.0,0.0,276.0,0.0,0.0,1370.0,116.0,70.0,0.0,42.0,0.0,162.0,0.0,271.0,2.0,81.0,68.0,231.0,217.0
2021-03-16 00:00:00+00:00,0.0,390.0,86.0,252.0,307.0,652.0,0.0,0.0,0.0,77.0,0.0,0.0,0.0,0.0,0.0,0.0,101.0,0.0,0.0,0.0,601.0,114.0,0.0,0.0,0.0,201.0,0.0,0.0,1370.0,110.0,80.0,0.0,86.0,0.0,159.0,0.0,251.0,7.0,70.0,106.0,191.0,216.0
2021-03-16 01:00:00+00:00,0.0,418.0,79.0,228.0,278.0,635.0,0.0,0.0,0.0,72.0,0.0,0.0,0.0,0.0,0.0,0.0,95.0,0.0,0.0,0.0,601.0,107.0,0.0,0.0,0.0,54.0,0.0,0.0,1370.0,114.0,102.0,0.0,96.0,0.0,162.0,0.0,216.0,6.0,58.0,133.0,180.0,217.0
2021-03-16 02:00:00+00:00,1.0,395.0,71.0,203.0,214.0,642.0,0.0,0.0,0.0,40.0,0.0,0.0,0.0,0.0,0.0,0.0,95.0,0.0,0.0,0.0,600.0,100.0,0.0,0.0,0.0,0.0,0.0,0.0,1370.0,113.0,91.0,30.0,136.0,0.0,165.0,0.0,205.0,6.0,46.0,171.0,152.0,216.0
2021-03-16 03:00:00+00:00,15.0,290.0,57.0,206.0,166.0,607.0,0.0,0.0,0.0,5.0,0.0,0.0,0.0,0.0,0.0,0.0,101.0,0.0,0.0,0.0,601.0,161.0,0.0,0.0,0.0,0.0,0.0,0.0,975.0,140.0,105.0,14.0,130.0,0.0,133.0,25.0,217.0,14.0,2.0,203.0,133.0,217.0
2021-03-16 04:00:00+00:00,3.0,316.0,36.0,222.0,208.0,88.0,145.0,0.0,0.0,25.0,0.0,0.0,0.0,0.0,0.0,0.0,91.0,0.0,0.0,0.0,599.0,126.0,0.0,0.0,0.0,0.0,0.0,0.0,635.0,14.0,0.0,59.0,187.0,0.0,144.0,21.0,248.0,37.0,20.0,198.0,93.0,216.0
2021-03-16 05:00:00+00:00,156.0,737.0,68.0,199.0,207.0,122.0,136.0,0.0,0.0,0.0,0.0,0.0,0.0,0.0,0.0,0.0,99.0,0.0,0.0,0.0,539.0,85.0,0.0,0.0,0.0,0.0,0.0,0.0,602.0,18.0,0.0,130.0,377.0,0.0,285.0,0.0,237.0,12.0,50.0,73.0,174.0,217.0
2021-03-16 06:00:00+00:00,116.0,785.0,39.0,162.0,219.0,161.0,118.0,0.0,92.0,0.0,0.0,0.0,0.0,0.0,0.0,0.0,89.0,0.0,0.0,0.0,595.0,1.0,0.0,0.0,0.0,0.0,0.0,0.0,603.0,4.0,0.0,475.0,495.0,0.0,267.0,0.0,217.0,16.0,35.0,74.0,168.0,217.0
2021-03-16 07:00:00+00:00,94.0,699.0,30.0,138.0,173.0,170.0,83.0,0.0,157.0,0.0,0.0,0.0,0.0,0.0,0.0,0.0,100.0,0.0,1.0,0.0,504.0,0.0,0.0,0.0,0.0,0.0,0.0,0.0,602.0,0.0,0.0,509.0,515.0,0.0,220.0,1.0,184.0,22.0,12.0,133.0,128.0,215.0
2021-03-16 08:00:00+00:00,151.0,616.0,19.0,108.0,154.0,151.0,73.0,0.0,212.0,0.0,0.0,0.0,0.0,0.0,0.0,0.0,94.0,0.0,12.0,0.0,499.0,0.0,0.0,0.0,0.0,0.0,0.0,0.0,603.0,0.0,0.0,533.0,468.0,0.0,187.0,15.0,185.0,38.0,0.0,171.0,107.0,215.0
2021-03-16 09:00:00+00:00,123.0,552.0,16.0,78.0,112.0,170.0,87.0,0.0,258.0,0.0,0.0,0.0,0.0,0.0,0.0,0.0,107.0,0.0,27.0,0.0,431.0,0.0,0.0,0.0,0.0,0.0,0.0,0.0,604.0,0.0,0.0,483.0,456.0,0.0,186.0,16.0,141.0,41.0,1.0,165.0,90.0,214.0
2021-03-16 10:00:00+00:00,46.0,495.0,17.0,82.0,175.0,174.0,89.0,0.0,292.0,0.0,0.0,0.0,0.0,0.0,0.0,0.0,91.0,0.0,21.0,0.0,371.0,0.0,0.0,0.0,0.0,0.0,0.0,0.0,604.0,0.0,0.0,417.0,439.0,0.0,175.0,24.0,138.0,34.0,0.0,186.0,98.0,215.0
2021-03-16 11:00:00+00:00,33.0,454.0,4.0,72.0,189.0,172.0,114.0,0.0,336.0,4.0,0.0,0.0,0.0,0.0,0.0,0.0,89.0,0.0,13.0,0.0,298.0,0.0,0.0,0.0,0.0,0.0,0.0,0.0,604.0,0.0,0.0,359.0,413.0,0.0,171.0,115.0,126.0,61.0,0.0,222.0,147.0,214.0
2021-03-16 12:00:00+00:00,53.0,315.0,2.0,82.0,167.0,157.0,145.0,0.0,299.0,0.0,0.0,0.0,0.0,0.0,0.0,0.0,88.0,0.0,13.0,0.0,392.0,0.0,0.0,0.0,0.0,0.0,0.0,0.0,604.0,0.0,0.0,293.0,402.0,0.0,131.0,159.0,152.0,90.0,0.0,240.0,142.0,214.0
2021-03-16 13:00:00+00:00,108.0,375.0,10.0,122.0,165.0,207.0,135.0,0.0,239.0,0.0,0.0,0.0,0.0,0.0,0.0,0.0,85.0,0.0,0.0,0.0,396.0,0.0,0.0,0.0,0.0,0.0,0.0,0.0,604.0,0.0,0.0,191.0,397.0,0.0,145.0,174.0,166.0,47.0,0.0,218.0,173.0,215.0
2021-03-16 14:00:00+00:00,149.0,475.0,45.0,182.0,182.0,239.0,194.0,0.0,48.0,0.0,0.0,0.0,0.0,0.0,0.0,0.0,59.0,0.0,6.0,0.0,415.0,3.0,0.0,0.0,0.0,0.0,0.0,0.0,603.0,0.0,0.0,167.0,409.0,0.0,183.0,177.0,240.0,14.0,0.0,175.0,229.0,215.0
2021-03-16 15:00:00+00:00,285.0,470.0,98.0,244.0,148.0,256.0,195.0,0.0,0.0,0.0,0.0,0.0,0.0,0.0,0.0,0.0,84.0,0.0,12.0,0.0,439.0,142.0,0.0,0.0,0.0,0.0,0.0,0.0,604.0,0.0,0.0,243.0,427.0,0.0,140.0,130.0,301.0,2.0,0.0,192.0,212.0,216.0
2021-03-16 16:00:00+00:00,292.0,530.0,140.0,265.0,136.0,276.0,175.0,0.0,0.0,0.0,0.0,0.0,0.0,0.0,0.0,0.0,121.0,0.0,17.0,0.0,534.0,185.0,0.0,0.0,0.0,0.0,0.0,0.0,603.0,0.0,0.0,373.0,464.0,0.0,148.0,34.0,314.0,1.0,0.0,130.0,199.0,216.0
2021-03-16 17:00:00+00:00,266.0,613.0,58.0,262.0,190.0,333.0,175.0,0.0,0.0,0.0,0.0,0.0,0.0,0.0,0.0,0.0,162.0,0.0,29.0,0.0,550.0,113.0,0.0,0.0,0.0,0.0,0.0,0.0,630.0,0.0,0.0,385.0,483.0,0.0,206.0,124.0,289.0,14.0,0.0,133.0,298.0,216.0
2021-03-16 18:00:00+00:00,289.0,706.0,134.0,281.0,213.0,685.0,0.0,0.0,0.0,0.0,0.0,0.0,0.0,0.0,0.0,0.0,165.0,0.0,0.0,0.0,550.0,154.0,0.0,0.0,0.0,0.0,0.0,0.0,1078.0,66.0,8.0,368.0,490.0,0.0,242.0,89.0,274.0,3.0,0.0,99.0,346.0,216.0
2021-03-16 19:00:00+00:00,279.0,733.0,198.0,301.0,243.0,712.0,2.0,0.0,0.0,0.0,0.0,0.0,0.0,0.0,0.0,0.0,141.0,0.0,0.0,0.0,524.0,230.0,0.0,0.0,0.0,0.0,0.0,0.0,1361.0,54.0,0.0,240.0,457.0,0.0,268.0,9.0,297.0,0.0,3.0,62.0,318.0,215.0
2021-03-16 20:00:00+00:00,240.0,522.0,231.0,293.0,209.0,781.0,18.0,0.0,0.0,0.0,0.0,0.0,0.0,0.0,0.0,0.0,102.0,0.0,0.0,0.0,565.0,264.0,0.0,0.0,0.0,11.0,0.0,0.0,1385.0,73.0,0.0,0.0,370.0,0.0,215.0,0.0,316.0,0.0,33.0,110.0,380.0,216.0
2021-03-16 21:00:00+00:00,188.0,463.0,174.0,282.0,255.0,713.0,0.0,0.0,0.0,0.0,0.0,0.0,0.0,0.0,0.0,0.0,100.0,0.0,0.0,0.0,551.0,140.0,0.0,0.0,0.0,187.0,0.0,0.0,1371.0,74.0,33.0,0.0,376.0,0.0,192.0,0.0,345.0,1.0,42.0,102.0,325.0,217.0
2021-03-16 22:00:00+00:00,170.0,378.0,202.0,286.0,283.0,676.0,0.0,0.0,0.0,0.0,0.0,0.0,0.0,0.0,0.0,0.0,102.0,0.0,0.0,0.0,552.0,136.0,0.0,0.0,0.0,286.0,0.0,0.0,1370.0,64.0,47.0,0.0,317.0,0.0,168.0,0.0,392.0,1.0,73.0,80.0,329.0,216.0
2021-03-16 23:00:00+00:00,145.0,253.0,259.0,319.0,288.0,721.0,22.0,0.0,0.0,0.0,0.0,0.0,0.0,0.0,0.0,0.0,110.0,0.0,0.0,0.0,599.0,259.0,0.0,0.0,0.0,511.0,0.0,0.0,1371.0,75.0,0.0,0.0,224.0,0.0,137.0,0.0,416.0,0.0,159.0,81.0,373.0,216.0
2021-03-17 00:00:00+00:00,47.0,277.0,251.0,335.0,301.0,685.0,2.0,0.0,0.0,1.0,0.0,0.0,0.0,0.0,0.0,0.0,101.0,0.0,0.0,0.0,600.0,321.0,0.0,0.0,0.0,542.0,0.0,0.0,1371.0,82.0,0.0,0.0,218.0,0.0,153.0,0.0,453.0,0.0,176.0,68.0,383.0,216.0
2021-03-17 01:00:00+00:00,39.0,415.0,237.0,332.0,294.0,684.0,7.0,0.0,0.0,1.0,0.0,0.0,0.0,0.0,0.0,0.0,95.0,0.0,0.0,0.0,600.0,339.0,0.0,0.0,0.0,471.0,0.0,0.0,1371.0,77.0,0.0,0.0,229.0,0.0,196.0,0.0,427.0,0.0,184.0,53.0,390.0,216.0
2021-03-17 02:00:00+00:00,23.0,392.0,231.0,332.0,288.0,663.0,0.0,0.0,0.0,2.0,0.0,0.0,0.0,0.0,0.0,0.0,94.0,0.0,0.0,0.0,587.0,350.0,0.0,0.0,0.0,387.0,0.0,0.0,1355.0,86.0,29.0,0.0,230.0,0.0,202.0,0.0,433.0,0.0,196.0,52.0,376.0,216.0
2021-03-17 03:00:00+00:00,17.0,402.0,266.0,330.0,300.0,641.0,0.0,0.0,0.0,7.0,0.0,0.0,0.0,0.0,0.0,0.0,98.0,0.0,0.0,0.0,600.0,316.0,0.0,0.0,0.0,371.0,0.0,0.0,1249.0,94.0,31.0,0.0,256.0,0.0,212.0,0.0,466.0,0.0,177.0,59.0,383.0,217.0
2021-03-17 04:00:00+00:00,118.0,241.0,306.0,351.0,249.0,193.0,187.0,0.0,0.0,0.0,0.0,0.0,0.0,0.0,0.0,0.0,89.0,0.0,19.0,0.0,600.0,386.0,0.0,0.0,0.0,374.0,0.0,0.0,995.0,0.0,0.0,0.0,272.0,0.0,155.0,0.0,490.0,0.0,89.0,119.0,368.0,216.0
2021-03-17 05:00:00+00:00,303.0,660.0,260.0,306.0,187.0,199.0,163.0,0.0,0.0,0.0,0.0,0.0,0.0,0.0,0.0,0.0,86.0,0.0,16.0,0.0,600.0,352.0,0.0,0.0,0.0,122.0,0.0,0.0,995.0,0.0,0.0,0.0,394.0,0.0,288.0,0.0,443.0,0.0,123.0,43.0,350.0,217.0
2021-03-17 06:00:00+00:00,309.0,613.0,191.0,284.0,151.0,177.0,79.0,0.0,0.0,0.0,0.0,0.0,0.0,0.0,0.0,0.0,57.0,0.0,41.0,0.0,598.0,281.0,0.0,0.0,0.0,0.0,0.0,0.0,973.0,0.0,0.0,159.0,422.0,0.0,270.0,0.0,383.0,0.0,111.0,54.0,323.0,214.0
2021-03-17 07:00:00+00:00,294.0,569.0,155.0,246.0,125.0,203.0,55.0,0.0,0.0,0.0,0.0,0.0,0.0,0.0,0.0,0.0,38.0,0.0,32.0,0.0,523.0,135.0,0.0,0.0,0.0,0.0,0.0,0.0,972.0,0.0,0.0,214.0,410.0,0.0,232.0,0.0,317.0,0.0,105.0,124.0,269.0,214.0
2021-03-17 08:00:00+00:00,260.0,443.0,154.0,257.0,157.0,212.0,81.0,0.0,0.0,0.0,0.0,0.0,0.0,0.0,0.0,0.0,6.0,0.0,36.0,0.0,598.0,109.0,0.0,0.0,0.0,0.0,0.0,0.0,972.0,0.0,0.0,193.0,403.0,0.0,216.0,0.0,325.0,1.0,172.0,84.0,188.0,215.0
2021-03-17 09:00:00+00:00,221.0,412.0,122.0,274.0,222.0,223.0,106.0,0.0,0.0,0.0,0.0,0.0,0.0,0.0,0.0,0.0,0.0,0.0,50.0,0.0,600.0,63.0,0.0,1.0,0.0,0.0,0.0,0.0,971.0,0.0,0.0,157.0,389.0,0.0,224.0,0.0,323.0,1.0,179.0,63.0,208.0,216.0
2021-03-17 10:00:00+00:00,169.0,414.0,127.0,270.0,250.0,221.0,95.0,0.0,3.0,0.0,0.0,0.0,0.0,0.0,0.0,0.0,0.0,0.0,54.0,0.0,544.0,21.0,0.0,1.0,0.0,0.0,0.0,0.0,972.0,0.0,0.0,49.0,404.0,0.0,233.0,0.0,286.0,1.0,180.0,48.0,226.0,214.0
2021-03-17 11:00:00+00:00,159.0,258.0,124.0,284.0,238.0,267.0,203.0,0.0,0.0,0.0,0.0,0.0,0.0,0.0,0.0,0.0,1.0,0.0,9.0,0.0,599.0,71.0,0.0,0.0,0.0,25.0,0.0,0.0,972.0,0.0,0.0,0.0,375.0,0.0,175.0,0.0,317.0,0.0,54.0,108.0,213.0,214.0
2021-03-17 12:00:00+00:00,131.0,349.0,139.0,273.0,250.0,257.0,206.0,0.0,2.0,0.0,0.0,0.0,0.0,0.0,0.0,0.0,0.0,0.0,0.0,0.0,601.0,48.0,0.0,1.0,0.0,28.0,0.0,0.0,972.0,0.0,0.0,0.0,381.0,0.0,189.0,0.0,346.0,1.0,57.0,74.0,186.0,217.0
2021-03-17 13:00:00+00:00,174.0,479.0,162.0,281.0,220.0,262.0,195.0,0.0,0.0,0.0,0.0,0.0,0.0,0.0,0.0,0.0,0.0,0.0,8.0,0.0,601.0,58.0,0.0,0.0,0.0,51.0,0.0,0.0,973.0,0.0,0.0,0.0,393.0,0.0,222.0,0.0,373.0,1.0,44.0,37.0,229.0,217.0
2021-03-17 14:00:00+00:00,163.0,603.0,206.0,302.0,267.0,261.0,190.0,0.0,0.0,0.0,0.0,0.0,0.0,0.0,0.0,0.0,10.0,0.0,22.0,0.0,600.0,103.0,0.0,0.0,0.0,144.0,0.0,93.0,973.0,0.0,0.0,0.0,414.0,0.0,292.0,0.0,432.0,2.0,166.0,0.0,233.0,214.0
2021-03-17 15:00:00+00:00,187.0,813.0,255.0,344.0,329.0,267.0,185.0,0.0,0.0,0.0,0.0,0.0,0.0,0.0,0.0,0.0,50.0,0.0,29.0,0.0,601.0,164.0,0.0,0.0,0.0,40.0,0.0,155.0,971.0,0.0,0.0,0.0,377.0,0.0,363.0,0.0,437.0,0.0,242.0,0.0,321.0,216.0
2021-03-17 16:00:00+00:00,183.0,907.0,283.0,398.0,399.0,289.0,149.0,0.0,0.0,0.0,0.0,0.0,0.0,0.0,0.0,0.0,105.0,0.0,44.0,0.0,601.0,180.0,0.0,0.0,0.0,0.0,0.0,184.0,972.0,0.0,0.0,120.0,407.0,0.0,406.0,0.0,458.0,0.0,245.0,0.0,356.0,216.0
2021-03-17 17:00:00+00:00,194.0,787.0,235.0,417.0,403.0,293.0,172.0,0.0,0.0,0.0,0.0,0.0,0.0,0.0,0.0,0.0,151.0,0.0,37.0,0.0,600.0,210.0,0.0,0.0,0.0,0.0,0.0,33.0,972.0,0.0,0.0,47.0,342.0,0.0,364.0,9.0,446.0,0.0,14.0,0.0,490.0,215.0
2021-03-17 18:00:00+00:00,188.0,927.0,323.0,440.0,445.0,610.0,0.0,0.0,0.0,0.0,0.0,0.0,0.0,0.0,0.0,0.0,160.0,0.0,0.0,0.0,600.0,239.0,0.0,0.0,0.0,18.0,0.0,48.0,1319.0,97.0,71.0,0.0,368.0,0.0,414.0,16.0,481.0,0.0,13.0,0.0,548.0,214.0
2021-03-17 19:00:00+00:00,179.0,917.0,306.0,424.0,435.0,637.0,0.0,0.0,0.0,0.0,0.0,0.0,0.0,0.0,0.0,0.0,142.0,0.0,0.0,0.0,600.0,248.0,0.0,0.0,0.0,15.0,0.0,200.0,1369.0,93.0,78.0,0.0,385.0,0.0,436.0,0.0,470.0,0.0,230.0,0.0,465.0,213.0
2021-03-17 20:00:00+00:00,171.0,808.0,297.0,417.0,426.0,650.0,0.0,0.0,0.0,0.0,0.0,0.0,0.0,0.0,0.0,0.0,102.0,0.0,0.0,0.0,600.0,245.0,0.0,0.0,0.0,199.0,0.0,223.0,1387.0,107.0,33.0,0.0,364.0,0.0,408.0,0.0,487.0,0.0,249.0,0.0,421.0,214.0
2021-03-17 21:00:00+00:00,169.0,669.0,314.0,415.0,429.0,678.0,0.0,0.0,0.0,0.0,0.0,0.0,0.0,0.0,0.0,0.0,68.0,0.0,0.0,0.0,600.0,225.0,0.0,0.0,0.0,302.0,0.0,141.0,1372.0,80.0,47.0,0.0,294.0,0.0,347.0,0.0,476.0,0.0,260.0,0.0,485.0,214.0
2021-03-17 22:00:00+00:00,168.0,502.0,346.0,422.0,455.0,670.0,0.0,0.0,0.0,0.0,0.0,0.0,0.0,0.0,0.0,0.0,84.0,0.0,0.0,0.0,600.0,231.0,0.0,0.0,0.0,489.0,0.0,108.0,1372.0,53.0,25.0,0.0,223.0,0.0,307.0,0.0,488.0,0.0,253.0,0.0,460.0,213.0
2021-03-17 23:00:00+00:00,1.0,487.0,256.0,368.0,446.0,728.0,29.0,0.0,0.0,58.0,0.0,0.0,0.0,0.0,0.0,0.0,23.0,0.0,0.0,0.0,600.0,153.0,0.0,0.0,0.0,557.0,0.0,79.0,1372.0,87.0,0.0,0.0,143.0,0.0,270.0,0.0,399.0,0.0,263.0,0.0,440.0,214.0
2021-03-18 00:00:00+00:00,0.0,600.0,333.0,374.0,427.0,698.0,33.0,0.0,0.0,52.0,0.0,0.0,0.0,0.0,0.0,0.0,36.0,0.0,0.0,0.0,600.0,212.0,0.0,0.0,0.0,530.0,0.0,127.0,1371.0,84.0,0.0,0.0,186.0,0.0,307.0,0.0,354.0,0.0,357.0,0.0,401.0,213.0
2021-03-18 01:00:00+00:00,0.0,718.0,352.0,374.0,399.0,708.0,10.0,0.0,0.0,53.0,0.0,0.0,0.0,0.0,0.0,0.0,47.0,0.0,0.0,0.0,600.0,258.0,0.0,0.0,0.0,474.0,0.0,,1371.0,83.0,0.0,0.0,241.0,0.0,349.0,0.0,370.0,0.0,403.0,,390.0,215.0
2021-03-18 02:00:00+00:00,4.0,689.0,341.0,371.0,380.0,666.0,0.0,0.0,0.0,57.0,0.0,0.0,0.0,0.0,0.0,0.0,45.0,0.0,0.0,0.0,600.0,277.0,0.0,0.0,0.0,307.0,0.0,195.0,1356.0,95.0,18.0,0.0,262.0,0.0,356.0,0.0,383.0,0.0,466.0,0.0,362.0,214.0
2021-03-18 03:00:00+00:00,2.0,651.0,257.0,368.0,359.0,583.0,0.0,0.0,0.0,28.0,0.0,0.0,0.0,0.0,0.0,0.0,36.0,0.0,0.0,0.0,601.0,285.0,0.0,0.0,0.0,266.0,0.0,183.0,957.0,121.0,46.0,0.0,264.0,0.0,345.0,0.0,438.0,0.0,450.0,0.0,365.0,214.0
2021-03-18 04:00:00+00:00,41.0,592.0,246.0,371.0,310.0,145.0,200.0,0.0,0.0,2.0,0.0,0.0,0.0,0.0,0.0,0.0,27.0,0.0,0.0,0.0,601.0,303.0,0.0,0.0,0.0,363.0,0.0,89.0,631.0,1.0,0.0,0.0,298.0,0.0,339.0,0.0,421.0,0.0,312.0,0.0,396.0,214.0
2021-03-18 05:00:00+00:00,179.0,863.0,229.0,318.0,290.0,174.0,163.0,0.0,0.0,0.0,0.0,0.0,0.0,0.0,0.0,0.0,59.0,0.0,0.0,0.0,600.0,201.0,0.0,0.0,0.0,106.0,0.0,223.0,600.0,4.0,0.0,0.0,487.0,0.0,447.0,0.0,396.0,0.0,390.0,0.0,372.0,214.0
2021-03-18 06:00:00+00:00,208.0,852.0,225.0,323.0,291.0,204.0,127.0,0.0,0.0,0.0,0.0,0.0,0.0,0.0,0.0,0.0,93.0,0.0,2.0,0.0,586.0,151.0,0.0,0.0,0.0,0.0,0.0,164.0,583.0,0.0,0.0,25.0,471.0,0.0,445.0,0.0,365.0,0.0,257.0,0.0,418.0,214.0
2021-03-18 07:00:00+00:00,179.0,757.0,191.0,321.0,307.0,196.0,79.0,0.0,0.0,0.0,0.0,0.0,0.0,0.0,0.0,0.0,93.0,0.0,25.0,0.0,533.0,61.0,0.0,0.0,0.0,46.0,0.0,66.0,583.0,0.0,0.0,0.0,384.0,0.0,392.0,0.0,358.0,0.0,192.0,0.0,392.0,214.0
2021-03-18 08:00:00+00:00,72.0,786.0,165.0,291.0,374.0,213.0,164.0,0.0,75.0,0.0,0.0,0.0,0.0,0.0,0.0,0.0,85.0,0.0,0.0,0.0,517.0,0.0,0.0,0.0,0.0,34.0,0.0,119.0,581.0,18.0,0.0,0.0,397.0,0.0,369.0,0.0,334.0,0.0,287.0,0.0,317.0,216.0
2021-03-18 09:00:00+00:00,104.0,664.0,138.0,263.0,327.0,229.0,177.0,0.0,106.0,0.0,0.0,0.0,0.0,0.0,0.0,0.0,79.0,0.0,0.0,0.0,456.0,0.0,0.0,0.0,0.0,0.0,0.0,92.0,582.0,33.0,0.0,48.0,416.0,0.0,314.0,0.0,330.0,1.0,284.0,0.0,263.0,216.0
2021-03-18 10:00:00+00:00,79.0,618.0,123.0,270.0,353.0,276.0,215.0,0.0,113.0,0.0,0.0,0.0,0.0,0.0,0.0,0.0,82.0,0.0,0.0,0.0,464.0,0.0,0.0,0.0,0.0,0.0,0.0,83.0,583.0,30.0,0.0,86.0,402.0,0.0,310.0,0.0,305.0,1.0,271.0,0.0,281.0,215.0
2021-03-18 11:00:00+00:00,93.0,542.0,110.0,256.0,323.0,271.0,241.0,0.0,86.0,0.0,0.0,0.0,0.0,0.0,0.0,0.0,16.0,0.0,0.0,0.0,464.0,0.0,0.0,0.0,0.0,0.0,0.0,19.0,583.0,43.0,0.0,41.0,380.0,0.0,268.0,0.0,300.0,3.0,105.0,25.0,343.0,215.0
2021-03-18 12:00:00+00:00,55.0,471.0,78.0,257.0,314.0,284.0,250.0,0.0,99.0,0.0,0.0,0.0,0.0,0.0,0.0,0.0,82.0,0.0,0.0,0.0,466.0,0.0,0.0,0.0,0.0,0.0,0.0,,583.0,45.0,0.0,36.0,299.0,0.0,251.0,0.0,279.0,5.0,58.0,,358.0,216.0
2021-03-18 13:00:00+00:00,122.0,423.0,85.0,252.0,246.0,293.0,230.0,0.0,74.0,0.0,0.0,0.0,0.0,0.0,0.0,0.0,74.0,0.0,0.0,0.0,515.0,0.0,0.0,0.0,0.0,11.0,0.0,,598.0,34.0,0.0,0.0,191.0,0.0,228.0,28.0,277.0,11.0,2.0,,378.0,215.0
2021-03-18 14:00:00+00:00,204.0,529.0,79.0,239.0,190.0,327.0,267.0,0.0,1.0,0.0,0.0,0.0,0.0,0.0,0.0,0.0,72.0,0.0,0.0,0.0,462.0,36.0,0.0,0.0,0.0,0.0,0.0,0.0,598.0,26.0,0.0,47.0,253.0,0.0,253.0,31.0,245.0,3.0,0.0,106.0,400.0,213.0
2021-03-18 15:00:00+00:00,232.0,515.0,70.0,234.0,183.0,377.0,302.0,0.0,1.0,0.0,0.0,0.0,0.0,0.0,0.0,0.0,70.0,0.0,0.0,0.0,505.0,50.0,0.0,0.0,0.0,0.0,0.0,0.0,602.0,11.0,0.0,81.0,289.0,0.0,237.0,52.0,265.0,7.0,0.0,101.0,386.0,213.0
2021-03-18 16:00:00+00:00,391.0,404.0,148.0,260.0,92.0,346.0,253.0,0.0,0.0,0.0,0.0,0.0,0.0,0.0,0.0,0.0,111.0,0.0,0.0,0.0,418.0,193.0,0.0,0.0,0.0,0.0,0.0,0.0,603.0,18.0,0.0,208.0,242.0,0.0,161.0,213.0,304.0,2.0,0.0,241.0,384.0,214.0
2021-03-18 17:00:00+00:00,326.0,359.0,136.0,269.0,139.0,348.0,266.0,0.0,0.0,0.0,0.0,0.0,0.0,0.0,0.0,0.0,155.0,0.0,0.0,0.0,422.0,130.0,0.0,0.0,0.0,0.0,0.0,0.0,603.0,19.0,0.0,334.0,207.0,0.0,135.0,330.0,299.0,1.0,0.0,327.0,457.0,215.0
2021-03-18 18:00:00+00:00,289.0,432.0,186.0,288.0,197.0,622.0,0.0,0.0,0.0,0.0,0.0,0.0,0.0,0.0,0.0,0.0,159.0,0.0,0.0,0.0,480.0,154.0,0.0,0.0,0.0,0.0,0.0,0.0,1114.0,110.0,51.0,285.0,219.0,0.0,168.0,254.0,307.0,0.0,0.0,285.0,461.0,216.0
2021-03-18 19:00:00+00:00,234.0,549.0,157.0,290.0,236.0,603.0,0.0,0.0,0.0,0.0,0.0,0.0,0.0,0.0,0.0,0.0,140.0,0.0,0.0,0.0,502.0,127.0,0.0,0.0,0.0,0.0,0.0,0.0,1383.0,86.0,70.0,157.0,254.0,0.0,230.0,55.0,340.0,0.0,0.0,144.0,407.0,215.0
2021-03-18 20:00:00+00:00,258.0,526.0,150.0,278.0,191.0,703.0,6.0,0.0,0.0,0.0,0.0,0.0,0.0,0.0,0.0,0.0,107.0,0.0,0.0,0.0,415.0,168.0,0.0,0.0,0.0,0.0,0.0,0.0,1398.0,95.0,0.0,39.0,239.0,0.0,234.0,19.0,319.0,2.0,13.0,131.0,414.0,216.0
2021-03-18 21:00:00+00:00,129.0,443.0,78.0,262.0,287.0,724.0,0.0,0.0,26.0,0.0,0.0,0.0,0.0,0.0,0.0,0.0,100.0,0.0,0.0,0.0,545.0,13.0,0.0,0.0,0.0,77.0,0.0,,1399.0,69.0,27.0,0.0,175.0,0.0,201.0,5.0,307.0,12.0,43.0,,446.0,213.0
2021-03-18 22:00:00+00:00,95.0,397.0,96.0,263.0,296.0,688.0,0.0,0.0,10.0,0.0,0.0,0.0,0.0,0.0,0.0,0.0,92.0,0.0,0.0,0.0,599.0,21.0,0.0,0.0,0.0,271.0,0.0,0.0,1399.0,64.0,57.0,0.0,98.0,0.0,173.0,0.0,292.0,6.0,64.0,135.0,434.0,212.0
2021-03-18 23:00:00+00:00,58.0,230.0,155.0,259.0,210.0,655.0,0.0,0.0,0.0,1.0,0.0,0.0,0.0,13.0,0.0,0.0,27.0,0.0,0.0,0.0,600.0,186.0,0.0,0.0,0.0,450.0,0.0,0.0,1415.0,72.0,51.0,0.0,11.0,0.0,87.0,74.0,318.0,0.0,0.0,201.0,405.0,213.0
2021-03-19 00:00:00+00:00,53.0,327.0,192.0,274.0,189.0,649.0,0.0,0.0,0.0,0.0,0.0,0.0,0.0,2.0,0.0,0.0,0.0,0.0,0.0,0.0,600.0,261.0,0.0,0.0,0.0,516.0,0.0,0.0,1381.0,66.0,77.0,0.0,21.0,0.0,117.0,70.0,335.0,1.0,0.0,193.0,428.0,213.0
2021-03-19 01:00:00+00:00,74.0,431.0,126.0,266.0,186.0,624.0,0.0,0.0,0.0,0.0,0.0,0.0,0.0,0.0,0.0,0.0,0.0,0.0,0.0,0.0,600.0,267.0,0.0,1.0,0.0,512.0,0.0,0.0,1397.0,73.0,90.0,0.0,83.0,0.0,160.0,9.0,317.0,1.0,3.0,157.0,400.0,213.0
2021-03-19 02:00:00+00:00,80.0,486.0,120.0,249.0,167.0,599.0,0.0,0.0,0.0,0.0,0.0,0.0,0.0,0.0,0.0,0.0,1.0,0.0,0.0,0.0,601.0,248.0,0.0,0.0,0.0,426.0,0.0,0.0,1397.0,96.0,116.0,0.0,121.0,0.0,183.0,0.0,301.0,2.0,36.0,133.0,377.0,215.0
2021-03-19 03:00:00+00:00,126.0,328.0,93.0,230.0,96.0,557.0,0.0,0.0,0.0,0.0,0.0,0.0,0.0,0.0,0.0,0.0,0.0,0.0,0.0,0.0,600.0,266.0,0.0,0.0,0.0,395.0,0.0,,1010.0,125.0,105.0,0.0,129.0,0.0,133.0,12.0,307.0,2.0,8.0,,325.0,214.0
2021-03-19 04:00:00+00:00,126.0,284.0,128.0,249.0,106.0,192.0,226.0,0.0,0.0,0.0,0.0,0.0,0.0,0.0,0.0,0.0,1.0,0.0,0.0,0.0,601.0,292.0,0.0,0.0,0.0,266.0,0.0,0.0,661.0,26.0,0.0,0.0,113.0,0.0,129.0,149.0,332.0,2.0,0.0,262.0,389.0,213.0
2021-03-19 05:00:00+00:00,253.0,579.0,77.0,211.0,59.0,119.0,72.0,0.0,0.0,0.0,0.0,0.0,0.0,0.0,0.0,0.0,0.0,0.0,21.0,0.0,600.0,233.0,0.0,0.0,0.0,0.0,0.0,0.0,627.0,0.0,0.0,115.0,305.0,0.0,257.0,82.0,287.0,7.0,0.0,137.0,376.0,214.0
2021-03-19 06:00:00+00:00,287.0,580.0,26.0,200.0,85.0,188.0,21.0,0.0,0.0,0.0,0.0,0.0,0.0,0.0,0.0,0.0,22.0,0.0,48.0,0.0,600.0,116.0,0.0,0.0,0.0,0.0,0.0,0.0,627.0,0.0,0.0,292.0,332.0,0.0,276.0,115.0,278.0,38.0,0.0,159.0,406.0,214.0
2021-03-19 07:00:00+00:00,318.0,417.0,56.0,197.0,61.0,164.0,7.0,0.0,0.0,0.0,0.0,0.0,0.0,0.0,0.0,0.0,32.0,0.0,39.0,0.0,599.0,119.0,0.0,0.0,0.0,0.0,0.0,0.0,602.0,0.0,0.0,295.0,204.0,0.0,187.0,222.0,230.0,6.0,0.0,323.0,349.0,215.0
2021-03-19 08:00:00+00:00,305.0,536.0,70.0,198.0,104.0,104.0,0.0,0.0,0.0,0.0,0.0,0.0,0.0,0.0,0.0,0.0,44.0,0.0,21.0,0.0,539.0,75.0,0.0,0.0,0.0,0.0,0.0,0.0,602.0,0.0,28.0,279.0,187.0,0.0,183.0,128.0,233.0,6.0,0.0,294.0,284.0,214.0
2021-03-19 09:00:00+00:00,296.0,478.0,61.0,212.0,116.0,77.0,0.0,0.0,0.0,0.0,0.0,0.0,0.0,0.0,0.0,0.0,47.0,0.0,11.0,0.0,599.0,86.0,0.0,0.0,0.0,0.0,0.0,,626.0,0.0,40.0,206.0,178.0,0.0,180.0,94.0,237.0,5.0,0.0,,250.0,214.0
2021-03-19 10:00:00+00:00,252.0,597.0,61.0,213.0,140.0,94.0,0.0,0.0,0.0,0.0,0.0,0.0,0.0,0.0,0.0,0.0,46.0,0.0,9.0,0.0,601.0,69.0,0.0,0.0,0.0,0.0,0.0,0.0,628.0,0.0,47.0,148.0,182.0,0.0,220.0,111.0,229.0,5.0,0.0,238.0,311.0,214.0
2021-03-19 11:00:00+00:00,254.0,539.0,45.0,219.0,149.0,63.0,0.0,0.0,0.0,0.0,0.0,0.0,0.0,0.0,0.0,0.0,38.0,0.0,4.0,0.0,591.0,86.0,0.0,0.0,0.0,0.0,0.0,,628.0,0.0,48.0,84.0,197.0,0.0,222.0,71.0,210.0,8.0,0.0,,329.0,215.0
2021-03-19 12:00:00+00:00,193.0,503.0,41.0,213.0,129.0,90.0,0.0,0.0,0.0,0.0,0.0,0.0,0.0,0.0,0.0,0.0,32.0,0.0,7.0,0.0,600.0,89.0,0.0,0.0,0.0,0.0,0.0,,628.0,0.0,37.0,108.0,164.0,0.0,216.0,105.0,224.0,8.0,0.0,,343.0,215.0
2021-03-19 13:00:00+00:00,251.0,523.0,62.0,218.0,64.0,134.0,46.0,0.0,0.0,0.0,0.0,0.0,0.0,0.0,0.0,0.0,36.0,0.0,0.0,0.0,601.0,142.0,0.0,0.0,0.0,0.0,0.0,,629.0,21.0,0.0,54.0,168.0,0.0,210.0,196.0,239.0,13.0,0.0,,370.0,215.0
2021-03-19 14:00:00+00:00,287.0,549.0,112.0,246.0,61.0,129.0,37.0,0.0,0.0,0.0,0.0,0.0,0.0,0.0,0.0,0.0,48.0,0.0,0.0,0.0,599.0,178.0,0.0,0.0,0.0,0.0,0.0,,632.0,19.0,0.0,140.0,181.0,0.0,216.0,224.0,294.0,2.0,0.0,,403.0,216.0
2021-03-19 15:00:00+00:00,316.0,712.0,123.0,247.0,73.0,80.0,23.0,0.0,0.0,0.0,0.0,0.0,0.0,0.0,0.0,0.0,57.0,0.0,0.0,0.0,563.0,211.0,0.0,0.0,0.0,0.0,0.0,,631.0,38.0,0.0,219.0,248.0,0.0,239.0,239.0,303.0,0.0,0.0,,401.0,217.0
2021-03-19 16:00:00+00:00,365.0,556.0,122.0,259.0,26.0,117.0,26.0,0.0,0.0,0.0,0.0,0.0,0.0,0.0,0.0,0.0,76.0,0.0,0.0,0.0,587.0,277.0,0.0,0.0,0.0,0.0,0.0,,631.0,50.0,0.0,333.0,247.0,0.0,180.0,387.0,324.0,2.0,0.0,,402.0,216.0
2021-03-19 17:00:00+00:00,377.0,378.0,77.0,254.0,33.0,195.0,129.0,0.0,0.0,0.0,0.0,0.0,0.0,0.0,0.0,0.0,125.0,0.0,0.0,0.0,507.0,243.0,0.0,0.0,0.0,0.0,0.0,0.0,630.0,62.0,0.0,377.0,211.0,0.0,109.0,418.0,298.0,6.0,0.0,367.0,412.0,216.0
2021-03-19 18:00:00+00:00,329.0,573.0,116.0,280.0,114.0,518.0,0.0,0.0,0.0,0.0,0.0,0.0,0.0,0.0,0.0,0.0,151.0,0.0,0.0,0.0,511.0,235.0,0.0,0.0,0.0,0.0,0.0,0.0,1116.0,138.0,200.0,307.0,240.0,0.0,179.0,380.0,286.0,2.0,0.0,305.0,437.0,215.0
2021-03-19 19:00:00+00:00,300.0,565.0,137.0,280.0,112.0,529.0,0.0,0.0,0.0,0.0,0.0,0.0,0.0,0.0,0.0,0.0,133.0,0.0,0.0,0.0,598.0,250.0,0.0,0.0,0.0,0.0,0.0,,1389.0,132.0,205.0,213.0,213.0,0.0,202.0,305.0,317.0,2.0,0.0,,454.0,217.0
2021-03-19 20:00:00+00:00,242.0,565.0,164.0,321.0,143.0,587.0,0.0,0.0,0.0,0.0,0.0,0.0,0.0,0.0,0.0,0.0,100.0,0.0,0.0,0.0,600.0,322.0,0.0,0.0,0.0,0.0,0.0,,1396.0,171.0,118.0,173.0,200.0,0.0,218.0,184.0,386.0,2.0,0.0,,450.0,215.0
2021-03-19 21:00:00+00:00,219.0,340.0,194.0,337.0,161.0,574.0,0.0,0.0,0.0,0.0,0.0,0.0,0.0,0.0,0.0,0.0,72.0,0.0,0.0,0.0,600.0,315.0,0.0,0.0,0.0,0.0,0.0,0.0,1398.0,152.0,155.0,77.0,123.0,0.0,145.0,176.0,382.0,0.0,0.0,215.0,459.0,217.0
2021-03-19 22:00:00+00:00,185.0,261.0,229.0,358.0,242.0,549.0,0.0,0.0,0.0,0.0,0.0,0.0,0.0,2.0,0.0,0.0,72.0,0.0,0.0,0.0,599.0,316.0,0.0,0.0,0.0,161.0,0.0,0.0,1417.0,162.0,189.0,0.0,23.0,0.0,100.0,188.0,383.0,0.0,0.0,191.0,500.0,218.0
2021-03-19 23:00:00+00:00,209.0,193.0,139.0,349.0,194.0,541.0,0.0,0.0,0.0,0.0,0.0,0.0,0.0,74.0,0.0,0.0,27.0,0.0,0.0,0.0,555.0,399.0,0.0,0.0,0.0,299.0,0.0,,1379.0,171.0,166.0,0.0,0.0,0.0,44.0,379.0,412.0,2.0,0.0,,495.0,218.0
2021-03-20 00:00:00+00:00,150.0,281.0,195.0,348.0,204.0,489.0,0.0,0.0,0.0,0.0,0.0,0.0,0.0,47.0,0.0,0.0,13.0,0.0,0.0,0.0,548.0,425.0,0.0,0.0,0.0,372.0,0.0,0.0,1398.0,180.0,185.0,0.0,0.0,0.0,64.0,340.0,451.0,1.0,0.0,247.0,499.0,218.0
2021-03-20 01:00:00+00:00,130.0,361.0,158.0,330.0,193.0,450.0,0.0,0.0,0.0,0.0,0.0,0.0,0.0,6.0,0.0,0.0,8.0,0.0,0.0,0.0,545.0,424.0,0.0,0.0,0.0,448.0,0.0,0.0,1397.0,182.0,205.0,0.0,10.0,0.0,101.0,284.0,442.0,1.0,0.0,220.0,474.0,217.0
2021-03-20 02:00:00+00:00,118.0,414.0,120.0,317.0,175.0,444.0,0.0,0.0,0.0,0.0,0.0,0.0,0.0,0.0,0.0,0.0,11.0,0.0,0.0,0.0,556.0,413.0,0.0,0.0,0.0,432.0,0.0,0.0,1397.0,195.0,248.0,0.0,62.0,0.0,145.0,206.0,436.0,2.0,0.0,186.0,432.0,217.0
2021-03-20 03:00:00+00:00,152.0,359.0,105.0,308.0,136.0,474.0,0.0,0.0,0.0,0.0,0.0,0.0,0.0,0.0,0.0,0.0,10.0,0.0,0.0,0.0,545.0,409.0,0.0,0.0,0.0,387.0,0.0,,1396.0,195.0,231.0,0.0,72.0,0.0,128.0,251.0,412.0,2.0,0.0,,404.0,216.0
2021-03-20 04:00:00+00:00,140.0,347.0,102.0,323.0,137.0,433.0,0.0,0.0,0.0,0.0,0.0,0.0,0.0,0.0,0.0,0.0,21.0,0.0,0.0,0.0,561.0,423.0,0.0,0.0,0.0,339.0,0.0,0.0,1397.0,205.0,236.0,0.0,79.0,0.0,128.0,292.0,404.0,3.0,0.0,226.0,400.0,215.0
2021-03-20 05:00:00+00:00,148.0,693.0,133.0,324.0,122.0,421.0,0.0,0.0,0.0,0.0,0.0,0.0,0.0,0.0,0.0,0.0,32.0,0.0,0.0,0.0,599.0,424.0,0.0,0.0,0.0,41.0,0.0,,1396.0,216.0,216.0,0.0,241.0,0.0,248.0,55.0,414.0,2.0,0.0,,316.0,215.0
2021-03-20 06:00:00+00:00,264.0,727.0,164.0,352.0,181.0,496.0,0.0,0.0,0.0,0.0,0.0,0.0,0.0,0.0,0.0,0.0,55.0,0.0,0.0,0.0,600.0,403.0,0.0,0.0,0.0,0.0,0.0,0.0,1393.0,224.0,128.0,148.0,214.0,0.0,259.0,0.0,441.0,2.0,37.0,28.0,297.0,214.0
2021-03-20 07:00:00+00:00,307.0,632.0,182.0,350.0,182.0,448.0,0.0,0.0,0.0,0.0,0.0,0.0,0.0,0.0,0.0,0.0,71.0,0.0,0.0,0.0,599.0,337.0,0.0,0.0,0.0,0.0,0.0,0.0,1393.0,233.0,136.0,113.0,129.0,0.0,209.0,0.0,446.0,0.0,40.0,100.0,283.0,214.0
2021-03-20 08:00:00+00:00,325.0,408.0,178.0,358.0,164.0,372.0,0.0,0.0,0.0,0.0,0.0,0.0,0.0,5.0,0.0,0.0,88.0,0.0,0.0,0.0,553.0,349.0,0.0,0.0,0.0,0.0,0.0,0.0,1392.0,222.0,233.0,48.0,16.0,0.0,122.0,21.0,464.0,1.0,0.0,210.0,266.0,216.0
2021-03-20 09:00:00+00:00,340.0,233.0,187.0,359.0,129.0,351.0,0.0,0.0,0.0,0.0,0.0,0.0,0.0,71.0,0.0,0.0,90.0,0.0,0.0,0.0,496.0,359.0,0.0,0.0,0.0,0.0,0.0,0.0,1399.0,193.0,282.0,14.0,0.0,0.0,52.0,77.0,466.0,1.0,0.0,289.0,283.0,216.0
2021-03-20 10:00:00+00:00,299.0,261.0,178.0,345.0,142.0,326.0,0.0,0.0,0.0,0.0,0.0,0.0,0.0,81.0,0.0,0.0,85.0,0.0,0.0,0.0,592.0,304.0,0.0,0.0,0.0,82.0,0.0,0.0,1397.0,157.0,351.0,0.0,0.0,0.0,50.0,179.0,455.0,1.0,0.0,314.0,348.0,215.0
2021-03-20 11:00:00+00:00,267.0,164.0,205.0,371.0,157.0,346.0,0.0,0.0,0.0,0.0,0.0,0.0,0.0,108.0,0.0,0.0,84.0,0.0,0.0,0.0,432.0,340.0,0.0,0.0,0.0,92.0,0.0,,1398.0,140.0,355.0,0.0,0.0,0.0,36.0,229.0,501.0,1.0,0.0,,388.0,217.0
2021-03-20 12:00:00+00:00,273.0,28.0,159.0,360.0,134.0,336.0,0.0,0.0,0.0,0.0,0.0,0.0,0.0,137.0,0.0,0.0,65.0,0.0,0.0,0.0,485.0,348.0,0.0,0.0,0.0,96.0,0.0,,1397.0,133.0,372.0,0.0,0.0,0.0,3.0,223.0,476.0,0.0,0.0,,350.0,217.0
2021-03-20 13:00:00+00:00,312.0,0.0,122.0,354.0,71.0,300.0,0.0,0.0,0.0,0.0,0.0,26.0,17.0,142.0,0.0,0.0,53.0,0.0,0.0,0.0,461.0,347.0,0.0,0.0,0.0,98.0,0.0,0.0,1397.0,147.0,407.0,0.0,0.0,0.0,0.0,265.0,460.0,2.0,0.0,393.0,336.0,214.0
2021-03-20 14:00:00+00:00,317.0,0.0,163.0,348.0,89.0,285.0,0.0,0.0,0.0,0.0,0.0,5.0,0.0,68.0,0.0,0.0,58.0,0.0,0.0,0.0,476.0,343.0,0.0,0.0,0.0,55.0,0.0,0.0,1394.0,145.0,424.0,0.0,0.0,0.0,9.0,245.0,471.0,1.0,0.0,338.0,285.0,215.0
2021-03-20 15:00:00+00:00,358.0,143.0,138.0,322.0,71.0,350.0,0.0,0.0,0.0,0.0,0.0,0.0,0.0,1.0,0.0,0.0,90.0,0.0,0.0,0.0,530.0,363.0,0.0,0.0,0.0,0.0,0.0,0.0,1395.0,121.0,383.0,103.0,34.0,0.0,57.0,255.0,435.0,2.0,0.0,285.0,278.0,216.0
2021-03-20 16:00:00+00:00,359.0,313.0,114.0,306.0,28.0,411.0,0.0,0.0,0.0,0.0,0.0,0.0,0.0,0.0,0.0,0.0,119.0,0.0,0.0,0.0,537.0,359.0,0.0,0.0,0.0,0.0,0.0,,1394.0,115.0,322.0,206.0,126.0,0.0,94.0,377.0,405.0,2.0,0.0,,293.0,217.0
2021-03-20 17:00:00+00:00,282.0,447.0,100.0,336.0,149.0,481.0,0.0,0.0,0.0,0.0,0.0,0.0,0.0,0.0,0.0,0.0,161.0,0.0,0.0,0.0,598.0,268.0,0.0,0.0,0.0,0.0,0.0,0.0,1394.0,121.0,241.0,273.0,184.0,0.0,152.0,449.0,396.0,3.0,0.0,275.0,374.0,216.0
2021-03-20 18:00:00+00:00,322.0,452.0,130.0,345.0,148.0,421.0,0.0,0.0,0.0,0.0,0.0,0.0,0.0,0.0,0.0,0.0,154.0,0.0,0.0,0.0,590.0,319.0,0.0,0.0,0.0,0.0,0.0,0.0,1392.0,148.0,288.0,203.0,198.0,0.0,168.0,426.0,395.0,2.0,0.0,240.0,396.0,216.0
2021-03-20 19:00:00+00:00,320.0,493.0,124.0,338.0,141.0,494.0,0.0,0.0,0.0,0.0,0.0,0.0,0.0,0.0,0.0,0.0,99.0,0.0,0.0,0.0,599.0,329.0,0.0,0.0,0.0,0.0,0.0,0.0,1395.0,189.0,171.0,42.0,158.0,0.0,183.0,427.0,401.0,1.0,0.0,253.0,430.0,217.0
2021-03-20 20:00:00+00:00,179.0,400.0,124.0,344.0,174.0,612.0,0.0,0.0,0.0,0.0,0.0,0.0,0.0,0.0,0.0,0.0,67.0,0.0,0.0,0.0,571.0,320.0,0.0,0.0,0.0,166.0,0.0,,1403.0,164.0,81.0,0.0,159.0,0.0,199.0,446.0,398.0,4.0,0.0,,486.0,217.0
2021-03-20 21:00:00+00:00,130.0,296.0,131.0,386.0,224.0,583.0,0.0,0.0,0.0,0.0,0.0,0.0,0.0,0.0,0.0,0.0,53.0,0.0,0.0,0.0,491.0,345.0,0.0,0.0,0.0,310.0,0.0,0.0,1386.0,157.0,119.0,0.0,57.0,0.0,162.0,456.0,434.0,3.0,0.0,275.0,546.0,216.0
2021-03-20 22:00:00+00:00,140.0,365.0,128.0,390.0,261.0,297.0,310.0,0.0,0.0,0.0,0.0,0.0,0.0,11.0,0.0,0.0,72.0,0.0,0.0,0.0,565.0,348.0,0.0,0.0,0.0,383.0,0.0,0.0,1397.0,115.0,0.0,0.0,13.0,0.0,155.0,408.0,423.0,2.0,0.0,188.0,580.0,215.0
2021-03-20 23:00:00+00:00,219.0,0.0,89.0,333.0,158.0,296.0,319.0,0.0,0.0,0.0,0.0,123.0,43.0,195.0,0.0,0.0,9.0,0.0,0.0,0.0,565.0,378.0,0.0,0.0,0.0,132.0,0.0,,1016.0,132.0,0.0,0.0,0.0,0.0,0.0,652.0,391.0,4.0,0.0,,537.0,214.0
2021-03-21 00:00:00+00:00,208.0,0.0,75.0,322.0,137.0,224.0,274.0,0.0,0.0,0.0,0.0,0.0,34.0,217.0,0.0,0.0,23.0,0.0,0.0,0.0,560.0,408.0,0.0,0.0,0.0,163.0,0.0,0.0,761.0,140.0,0.0,0.0,0.0,0.0,0.0,672.0,381.0,10.0,0.0,532.0,548.0,214.0
2021-03-21 01:00:00+00:00,167.0,0.0,82.0,312.0,139.0,217.0,263.0,0.0,0.0,0.0,0.0,14.0,6.0,185.0,0.0,0.0,40.0,0.0,0.0,0.0,554.0,419.0,0.0,0.0,0.0,243.0,0.0,,727.0,146.0,0.0,0.0,0.0,0.0,0.0,608.0,354.0,6.0,0.0,,521.0,215.0
2021-03-21 02:00:00+00:00,171.0,0.0,86.0,316.0,124.0,178.0,231.0,0.0,0.0,0.0,0.0,65.0,10.0,179.0,0.0,0.0,44.0,0.0,0.0,0.0,580.0,423.0,0.0,0.0,0.0,208.0,0.0,0.0,634.0,156.0,0.0,0.0,0.0,0.0,0.0,629.0,361.0,6.0,0.0,518.0,512.0,215.0
2021-03-21 03:00:00+00:00,167.0,0.0,70.0,310.0,118.0,272.0,29.0,0.0,0.0,0.0,0.0,93.0,14.0,162.0,0.0,0.0,44.0,0.0,0.0,0.0,553.0,398.0,0.0,0.0,0.0,169.0,0.0,0.0,710.0,154.0,0.0,0.0,0.0,0.0,0.0,642.0,374.0,12.0,0.0,522.0,517.0,214.0
2021-03-21 04:00:00+00:00,157.0,0.0,102.0,323.0,134.0,409.0,0.0,0.0,0.0,0.0,0.0,98.0,2.0,140.0,0.0,0.0,17.0,0.0,0.0,0.0,599.0,409.0,0.0,0.0,0.0,229.0,0.0,,735.0,210.0,230.0,0.0,0.0,0.0,0.0,653.0,390.0,1.0,0.0,,512.0,215.0
2021-03-21 05:00:00+00:00,207.0,0.0,102.0,302.0,68.0,294.0,0.0,0.0,0.0,0.0,0.0,20.0,0.0,45.0,0.0,0.0,0.0,0.0,0.0,0.0,586.0,408.0,0.0,0.0,0.0,207.0,0.0,0.0,857.0,206.0,338.0,0.0,2.0,0.0,5.0,597.0,352.0,2.0,0.0,471.0,348.0,215.0
2021-03-21 06:00:00+00:00,227.0,43.0,90.0,298.0,69.0,358.0,0.0,0.0,0.0,0.0,0.0,0.0,0.0,62.0,0.0,0.0,0.0,0.0,0.0,0.0,595.0,335.0,0.0,1.0,0.0,254.0,0.0,,858.0,227.0,247.0,0.0,3.0,0.0,21.0,483.0,389.0,4.0,0.0,,342.0,214.0
2021-03-21 07:00:00+00:00,256.0,0.0,120.0,317.0,43.0,416.0,0.0,0.0,0.0,0.0,0.0,54.0,20.0,177.0,0.0,0.0,0.0,0.0,0.0,0.0,444.0,366.0,0.0,0.0,0.0,201.0,0.0,0.0,993.0,234.0,205.0,0.0,0.0,0.0,0.0,484.0,426.0,2.0,0.0,443.0,338.0,214.0
2021-03-21 08:00:00+00:00,202.0,0.0,109.0,315.0,38.0,424.0,0.0,0.0,0.0,0.0,0.0,161.0,58.0,252.0,0.0,0.0,0.0,0.0,0.0,0.0,498.0,361.0,0.0,0.0,0.0,140.0,0.0,0.0,930.0,225.0,198.0,0.0,0.0,0.0,0.0,414.0,401.0,2.0,0.0,433.0,321.0,217.0
2021-03-21 09:00:00+00:00,189.0,0.0,105.0,342.0,63.0,425.0,0.0,0.0,0.0,0.0,0.0,234.0,84.0,323.0,0.0,0.0,4.0,0.0,0.0,0.0,450.0,337.0,0.0,0.0,0.0,45.0,0.0,0.0,995.0,221.0,210.0,0.0,0.0,0.0,0.0,442.0,419.0,2.0,0.0,457.0,340.0,218.0
2021-03-21 10:00:00+00:00,197.0,0.0,133.0,346.0,58.0,424.0,0.0,0.0,0.0,0.0,0.0,244.0,87.0,318.0,0.0,0.0,0.0,0.0,0.0,0.0,402.0,343.0,0.0,5.0,0.0,73.0,0.0,,996.0,216.0,216.0,0.0,0.0,0.0,0.0,416.0,412.0,1.0,0.0,,321.0,217.0
2021-03-21 11:00:00+00:00,160.0,0.0,142.0,358.0,86.0,465.0,0.0,0.0,0.0,0.0,0.0,410.0,95.0,303.0,0.0,0.0,0.0,0.0,0.0,0.0,389.0,324.0,0.0,5.0,0.0,105.0,0.0,0.0,997.0,216.0,231.0,0.0,0.0,0.0,0.0,390.0,433.0,2.0,0.0,458.0,295.0,215.0
2021-03-21 12:00:00+00:00,206.0,0.0,140.0,359.0,56.0,373.0,0.0,0.0,0.0,0.0,0.0,414.0,81.0,236.0,0.0,0.0,3.0,0.0,0.0,0.0,310.0,319.0,0.0,0.0,0.0,170.0,0.0,,997.0,192.0,287.0,0.0,0.0,0.0,0.0,279.0,421.0,2.0,0.0,,242.0,217.0
2021-03-21 13:00:00+00:00,211.0,0.0,137.0,356.0,55.0,371.0,0.0,0.0,0.0,0.0,0.0,388.0,73.0,197.0,0.0,0.0,0.0,0.0,0.0,0.0,287.0,317.0,0.0,4.0,0.0,193.0,0.0,,1242.0,151.0,295.0,0.0,0.0,0.0,0.0,284.0,439.0,2.0,0.0,,258.0,214.0
2021-03-21 14:00:00+00:00,252.0,0.0,173.0,346.0,9.0,334.0,0.0,0.0,0.0,0.0,0.0,445.0,106.0,226.0,0.0,0.0,2.0,0.0,0.0,0.0,299.0,347.0,0.0,0.0,0.0,177.0,0.0,,1257.0,113.0,392.0,0.0,0.0,0.0,0.0,457.0,434.0,1.0,0.0,,320.0,215.0
2021-03-21 15:00:00+00:00,288.0,0.0,162.0,336.0,14.0,302.0,0.0,0.0,0.0,0.0,0.0,135.0,48.0,98.0,0.0,0.0,1.0,0.0,0.0,0.0,327.0,353.0,0.0,0.0,0.0,0.0,0.0,0.0,1257.0,109.0,392.0,24.0,0.0,0.0,0.0,438.0,435.0,0.0,0.0,384.0,362.0,214.0
2021-03-21 16:00:00+00:00,274.0,36.0,149.0,328.0,77.0,379.0,0.0,0.0,0.0,0.0,0.0,0.0,0.0,4.0,0.0,0.0,9.0,0.0,0.0,0.0,535.0,308.0,0.0,0.0,0.0,0.0,0.0,0.0,1389.0,113.0,316.0,125.0,23.0,0.0,24.0,417.0,429.0,1.0,0.0,315.0,356.0,215.0
2021-03-21 17:00:00+00:00,308.0,0.0,146.0,354.0,108.0,479.0,0.0,0.0,0.0,0.0,0.0,79.0,14.0,7.0,0.0,0.0,52.0,0.0,0.0,0.0,506.0,309.0,0.0,0.0,0.0,0.0,0.0,0.0,1397.0,118.0,307.0,229.0,42.0,0.0,0.0,498.0,441.0,1.0,0.0,387.0,353.0,215.0
2021-03-21 18:00:00+00:00,261.0,115.0,150.0,380.0,175.0,481.0,0.0,0.0,0.0,0.0,0.0,0.0,0.0,0.0,0.0,0.0,63.0,0.0,0.0,0.0,520.0,310.0,0.0,0.0,0.0,0.0,0.0,,1399.0,110.0,276.0,177.0,50.0,0.0,54.0,502.0,431.0,0.0,0.0,,418.0,213.0
2021-03-21 19:00:00+00:00,236.0,69.0,146.0,388.0,227.0,487.0,0.0,0.0,0.0,0.0,0.0,0.0,0.0,1.0,0.0,0.0,47.0,0.0,0.0,0.0,440.0,297.0,0.0,0.0,0.0,0.0,0.0,,1398.0,95.0,257.0,48.0,28.0,0.0,46.0,416.0,447.0,2.0,0.0,,391.0,213.0
2021-03-21 20:00:00+00:00,172.0,0.0,138.0,388.0,249.0,548.0,0.0,0.0,0.0,0.0,0.0,28.0,0.0,21.0,0.0,0.0,19.0,0.0,0.0,0.0,429.0,265.0,0.0,0.0,0.0,2.0,0.0,0.0,1404.0,64.0,223.0,0.0,6.0,0.0,39.0,339.0,452.0,2.0,0.0,275.0,390.0,215.0
2021-03-21 21:00:00+00:00,80.0,70.0,150.0,404.0,344.0,536.0,0.0,0.0,0.0,1.0,0.0,0.0,0.0,4.0,0.0,0.0,44.0,0.0,0.0,0.0,526.0,197.0,0.0,0.0,0.0,82.0,0.0,,1393.0,54.0,237.0,0.0,27.0,0.0,96.0,197.0,474.0,14.0,0.0,,380.0,215.0
2021-03-21 22:00:00+00:00,127.0,155.0,126.0,353.0,295.0,454.0,0.0,0.0,0.0,0.0,0.0,0.0,0.0,5.0,0.0,0.0,47.0,0.0,0.0,0.0,492.0,164.0,0.0,0.0,0.0,143.0,0.0,0.0,1404.0,57.0,274.0,0.0,26.0,0.0,98.0,135.0,406.0,2.0,0.0,155.0,369.0,215.0
2021-03-21 23:00:00+00:00,17.0,357.0,62.0,222.0,284.0,537.0,0.0,0.0,73.0,6.0,0.0,0.0,0.0,0.0,0.0,0.0,53.0,0.0,0.0,0.0,269.0,0.0,0.0,0.0,0.0,98.0,0.0,0.0,1397.0,113.0,212.0,0.0,51.0,0.0,107.0,114.0,198.0,10.0,0.0,170.0,360.0,215.0
2021-03-22 00:00:00+00:00,13.0,395.0,58.0,213.0,245.0,547.0,0.0,0.0,19.0,8.0,0.0,0.0,0.0,1.0,0.0,0.0,43.0,0.0,0.0,0.0,283.0,10.0,0.0,0.0,0.0,174.0,0.0,0.0,1398.0,127.0,195.0,0.0,26.0,0.0,94.0,129.0,209.0,14.0,0.0,196.0,370.0,215.0
2021-03-22 01:00:00+00:00,35.0,475.0,45.0,224.0,226.0,500.0,0.0,0.0,0.0,1.0,0.0,0.0,0.0,0.0,0.0,0.0,39.0,0.0,0.0,0.0,289.0,78.0,0.0,0.0,0.0,312.0,0.0,0.0,1390.0,144.0,217.0,0.0,66.0,0.0,117.0,143.0,230.0,20.0,0.0,230.0,351.0,215.0
2021-03-22 02:00:00+00:00,52.0,550.0,38.0,230.0,229.0,452.0,0.0,0.0,0.0,0.0,0.0,0.0,0.0,0.0,0.0,0.0,37.0,0.0,0.0,0.0,260.0,83.0,0.0,0.0,0.0,415.0,0.0,0.0,1397.0,157.0,250.0,0.0,132.0,0.0,151.0,95.0,224.0,24.0,0.0,208.0,325.0,216.0
2021-03-22 03:00:00+00:00,79.0,528.0,27.0,212.0,196.0,359.0,0.0,0.0,0.0,0.0,0.0,0.0,0.0,0.0,0.0,0.0,45.0,0.0,0.0,0.0,183.0,65.0,0.0,0.0,0.0,413.0,0.0,0.0,908.0,196.0,277.0,0.0,147.0,0.0,138.0,157.0,187.0,50.0,0.0,249.0,320.0,216.0
2021-03-22 04:00:00+00:00,58.0,505.0,40.0,195.0,201.0,0.0,184.0,0.0,20.0,0.0,0.0,0.0,0.0,0.0,0.0,0.0,34.0,15.0,0.0,0.0,244.0,11.0,0.0,0.0,0.0,221.0,0.0,0.0,619.0,155.0,0.0,0.0,192.0,0.0,181.0,167.0,197.0,26.0,0.0,210.0,351.0,213.0
2021-03-22 05:00:00+00:00,112.0,686.0,47.0,162.0,159.0,86.0,203.0,0.0,47.0,0.0,0.0,0.0,0.0,0.0,0.0,0.0,29.0,0.0,0.0,0.0,440.0,0.0,0.0,0.0,0.0,0.0,0.0,,605.0,144.0,0.0,130.0,323.0,0.0,253.0,131.0,219.0,21.0,0.0,,363.0,214.0
2021-03-22 06:00:00+00:00,228.0,651.0,54.0,146.0,109.0,199.0,232.0,0.0,91.0,0.0,0.0,0.0,0.0,0.0,0.0,0.0,12.0,0.0,0.0,0.0,348.0,0.0,0.0,0.0,0.0,0.0,0.0,,605.0,133.0,0.0,380.0,295.0,0.0,228.0,181.0,241.0,18.0,0.0,,391.0,213.0
2021-03-22 07:00:00+00:00,234.0,689.0,93.0,134.0,116.0,272.0,109.0,0.0,183.0,0.0,0.0,0.0,0.0,0.0,0.0,0.0,0.0,0.0,0.0,0.0,61.0,0.0,0.0,0.0,0.0,0.0,0.0,0.0,604.0,116.0,0.0,325.0,273.0,0.0,222.0,111.0,251.0,6.0,0.0,114.0,383.0,216.0
2021-03-22 08:00:00+00:00,168.0,656.0,78.0,128.0,144.0,258.0,211.0,0.0,269.0,0.0,0.0,0.0,0.0,0.0,0.0,0.0,0.0,0.0,0.0,0.0,2.0,0.0,0.0,0.0,0.0,0.0,0.0,,604.0,130.0,0.0,299.0,264.0,0.0,216.0,55.0,255.0,8.0,0.0,,360.0,216.0
2021-03-22 09:00:00+00:00,78.0,713.0,77.0,146.0,194.0,146.0,128.0,0.0,295.0,0.0,0.0,0.0,0.0,0.0,0.0,0.0,0.0,0.0,0.0,0.0,51.0,0.0,0.0,0.0,0.0,0.0,0.0,0.0,604.0,75.0,0.0,243.0,250.0,0.0,244.0,74.0,295.0,11.0,0.0,123.0,404.0,215.0
2021-03-22 10:00:00+00:00,25.0,828.0,96.0,178.0,272.0,91.0,48.0,0.0,292.0,3.0,0.0,0.0,0.0,0.0,0.0,0.0,43.0,0.0,0.0,0.0,54.0,0.0,0.0,0.0,0.0,0.0,0.0,0.0,602.0,56.0,0.0,181.0,291.0,0.0,306.0,0.0,309.0,7.0,31.0,43.0,409.0,215.0
2021-03-22 11:00:00+00:00,12.0,714.0,91.0,184.0,293.0,127.0,123.0,0.0,289.0,11.0,0.0,0.0,0.0,0.0,0.0,0.0,0.0,0.0,0.0,0.0,2.0,0.0,0.0,0.0,0.0,0.0,0.0,0.0,602.0,103.0,0.0,52.0,301.0,0.0,304.0,0.0,305.0,8.0,82.0,22.0,386.0,215.0
2021-03-22 12:00:00+00:00,2.0,783.0,95.0,195.0,320.0,138.0,210.0,0.0,292.0,23.0,0.0,0.0,0.0,0.0,0.0,0.0,0.0,0.0,0.0,0.0,1.0,0.0,0.0,0.0,0.0,35.0,0.0,9.0,602.0,141.0,0.0,0.0,330.0,0.0,351.0,0.0,307.0,6.0,131.0,6.0,378.0,215.0
2021-03-22 13:00:00+00:00,8.0,805.0,128.0,218.0,300.0,105.0,228.0,0.0,264.0,9.0,0.0,0.0,0.0,0.0,0.0,0.0,7.0,0.0,0.0,0.0,1.0,0.0,0.0,0.0,0.0,63.0,0.0,3.0,601.0,137.0,0.0,0.0,342.0,0.0,355.0,0.0,330.0,1.0,78.0,3.0,380.0,215.0
2021-03-22 14:00:00+00:00,18.0,797.0,170.0,231.0,288.0,192.0,249.0,0.0,186.0,4.0,0.0,0.0,0.0,0.0,0.0,0.0,8.0,0.0,0.0,0.0,127.0,0.0,0.0,0.0,0.0,27.0,0.0,37.0,601.0,131.0,0.0,0.0,393.0,0.0,376.0,0.0,354.0,1.0,49.0,0.0,367.0,214.0
2021-03-22 15:00:00+00:00,24.0,852.0,138.0,239.0,301.0,174.0,246.0,0.0,93.0,3.0,0.0,0.0,0.0,0.0,0.0,0.0,29.0,0.0,0.0,0.0,214.0,0.0,0.0,0.0,0.0,0.0,0.0,29.0,601.0,130.0,0.0,15.0,434.0,0.0,391.0,41.0,339.0,2.0,0.0,0.0,391.0,214.0
2021-03-22 16:00:00+00:00,33.0,932.0,87.0,266.0,314.0,195.0,225.0,0.0,56.0,3.0,0.0,0.0,0.0,0.0,0.0,0.0,60.0,0.0,0.0,0.0,420.0,0.0,0.0,0.0,0.0,0.0,0.0,90.0,601.0,123.0,0.0,195.0,511.0,0.0,416.0,58.0,334.0,10.0,0.0,0.0,397.0,213.0
2021-03-22 17:00:00+00:00,100.0,748.0,78.0,264.0,272.0,187.0,151.0,0.0,42.0,0.0,0.0,0.0,0.0,0.0,0.0,0.0,104.0,0.0,0.0,0.0,469.0,1.0,0.0,0.0,0.0,0.0,0.0,37.0,602.0,77.0,0.0,209.0,430.0,0.0,346.0,162.0,276.0,16.0,0.0,0.0,444.0,214.0
2021-03-22 18:00:00+00:00,126.0,702.0,124.0,298.0,298.0,456.0,0.0,0.0,11.0,0.0,0.0,0.0,0.0,0.0,0.0,0.0,120.0,0.0,0.0,0.0,542.0,15.0,0.0,0.0,0.0,0.0,0.0,27.0,1095.0,197.0,181.0,209.0,399.0,0.0,334.0,183.0,306.0,2.0,0.0,0.0,458.0,215.0
2021-03-22 19:00:00+00:00,123.0,711.0,146.0,286.0,275.0,458.0,0.0,0.0,19.0,0.0,0.0,0.0,0.0,0.0,0.0,0.0,91.0,0.0,0.0,0.0,538.0,8.0,0.0,0.0,0.0,0.0,0.0,44.0,1359.0,203.0,190.0,141.0,373.0,0.0,335.0,112.0,353.0,2.0,0.0,0.0,465.0,215.0
2021-03-22 20:00:00+00:00,61.0,817.0,158.0,294.0,315.0,511.0,0.0,0.0,12.0,1.0,0.0,0.0,0.0,0.0,0.0,0.0,54.0,0.0,0.0,0.0,493.0,8.0,0.0,0.0,0.0,27.0,0.0,102.0,1379.0,185.0,149.0,0.0,411.0,0.0,395.0,25.0,360.0,2.0,0.0,0.0,470.0,213.0
2021-03-22 21:00:00+00:00,57.0,686.0,154.0,306.0,368.0,504.0,0.0,0.0,119.0,2.0,0.0,0.0,0.0,0.0,0.0,0.0,64.0,0.0,0.0,0.0,443.0,0.0,0.0,0.0,0.0,163.0,0.0,60.0,1371.0,163.0,199.0,0.0,374.0,0.0,360.0,25.0,335.0,3.0,8.0,0.0,446.0,213.0
2021-03-22 22:00:00+00:00,97.0,656.0,157.0,319.0,393.0,528.0,0.0,0.0,70.0,0.0,0.0,0.0,0.0,0.0,0.0,0.0,58.0,0.0,0.0,0.0,435.0,0.0,0.0,0.0,0.0,217.0,0.0,117.0,1371.0,128.0,172.0,0.0,286.0,0.0,346.0,4.0,357.0,2.0,28.0,0.0,486.0,213.0
2021-03-22 23:00:00+00:00,46.0,491.0,202.0,340.0,433.0,582.0,0.0,0.0,33.0,29.0,0.0,0.0,0.0,0.0,0.0,0.0,0.0,0.0,0.0,0.0,414.0,85.0,0.0,0.0,0.0,421.0,0.0,8.0,1371.0,133.0,178.0,0.0,156.0,0.0,233.0,117.0,395.0,1.0,0.0,38.0,482.0,213.0
2021-03-23 00:00:00+00:00,48.0,549.0,204.0,361.0,421.0,558.0,0.0,0.0,0.0,1.0,0.0,0.0,0.0,0.0,0.0,0.0,0.0,0.0,0.0,0.0,487.0,195.0,0.0,0.0,0.0,490.0,0.0,20.0,1371.0,134.0,183.0,0.0,194.0,0.0,273.0,38.0,432.0,0.0,0.0,2.0,470.0,215.0
2021-03-23 01:00:00+00:00,5.0,693.0,224.0,353.0,427.0,544.0,0.0,0.0,0.0,10.0,0.0,0.0,0.0,0.0,0.0,0.0,0.0,0.0,0.0,0.0,571.0,169.0,0.0,3.0,0.0,463.0,0.0,72.0,1355.0,131.0,188.0,0.0,245.0,0.0,324.0,0.0,411.0,0.0,32.0,0.0,455.0,217.0
2021-03-23 02:00:00+00:00,0.0,833.0,194.0,336.0,430.0,518.0,0.0,0.0,0.0,45.0,0.0,0.0,0.0,0.0,0.0,0.0,1.0,0.0,0.0,0.0,590.0,139.0,0.0,0.0,0.0,495.0,0.0,125.0,1196.0,141.0,210.0,0.0,335.0,0.0,393.0,0.0,382.0,0.0,94.0,0.0,444.0,211.0
2021-03-23 03:00:00+00:00,0.0,854.0,144.0,320.0,423.0,367.0,0.0,0.0,0.0,64.0,0.0,0.0,0.0,0.0,0.0,0.0,0.0,0.0,0.0,0.0,590.0,95.0,0.0,1.0,0.0,504.0,0.0,107.0,699.0,198.0,261.0,0.0,364.0,0.0,405.0,0.0,402.0,3.0,55.0,0.0,437.0,214.0
2021-03-23 04:00:00+00:00,17.0,647.0,194.0,330.0,356.0,0.0,100.0,0.0,0.0,13.0,0.0,0.0,0.0,0.0,0.0,0.0,0.0,62.0,0.0,0.0,562.0,169.0,0.0,1.0,0.0,390.0,0.0,40.0,415.0,138.0,0.0,0.0,385.0,0.0,345.0,50.0,428.0,2.0,5.0,12.0,397.0,214.0
2021-03-23 05:00:00+00:00,70.0,930.0,238.0,318.0,279.0,72.0,226.0,0.0,0.0,0.0,0.0,0.0,0.0,0.0,0.0,0.0,0.0,0.0,0.0,0.0,513.0,205.0,0.0,1.0,0.0,80.0,0.0,96.0,375.0,158.0,0.0,0.0,429.0,0.0,432.0,25.0,413.0,0.0,0.0,0.0,481.0,214.0
2021-03-23 06:00:00+00:00,199.0,1003.0,198.0,300.0,226.0,119.0,199.0,0.0,0.0,0.0,0.0,0.0,0.0,0.0,0.0,0.0,10.0,0.0,0.0,0.0,452.0,132.0,0.0,0.0,0.0,0.0,0.0,121.0,375.0,147.0,0.0,119.0,441.0,0.0,435.0,2.0,399.0,0.0,24.0,0.0,446.0,214.0
2021-03-23 07:00:00+00:00,302.0,1137.0,48.0,404.0,277.0,125.0,192.0,0.0,0.0,0.0,0.0,0.0,0.0,0.0,0.0,0.0,5.0,0.0,0.0,0.0,2.0,257.0,0.0,0.0,0.0,0.0,0.0,195.0,375.0,144.0,0.0,62.0,427.0,0.0,428.0,0.0,86.0,126.0,171.0,0.0,395.0,213.0
2021-03-23 08:00:00+00:00,276.0,1106.0,5.0,398.0,298.0,120.0,188.0,0.0,0.0,0.0,0.0,0.0,0.0,0.0,0.0,0.0,75.0,0.0,0.0,0.0,1.0,193.0,0.0,0.0,0.0,0.0,0.0,279.0,375.0,164.0,0.0,12.0,450.0,0.0,436.0,0.0,0.0,139.0,344.0,0.0,319.0,216.0
2021-03-23 09:00:00+00:00,157.0,1183.0,4.0,394.0,364.0,108.0,203.0,0.0,1.0,0.0,0.0,0.0,0.0,0.0,0.0,0.0,160.0,0.0,0.0,0.0,1.0,94.0,0.0,0.0,0.0,0.0,0.0,286.0,375.0,172.0,0.0,13.0,413.0,0.0,460.0,0.0,0.0,182.0,323.0,0.0,337.0,214.0
2021-03-23 10:00:00+00:00,87.0,1070.0,77.0,360.0,408.0,135.0,292.0,0.0,35.0,0.0,0.0,0.0,0.0,0.0,0.0,0.0,140.0,0.0,0.0,0.0,1.0,34.0,0.0,0.0,0.0,0.0,0.0,253.0,375.0,225.0,0.0,4.0,384.0,0.0,430.0,0.0,141.0,121.0,253.0,0.0,361.0,215.0
2021-03-23 11:00:00+00:00,84.0,912.0,184.0,298.0,339.0,160.0,255.0,0.0,68.0,0.0,0.0,0.0,0.0,0.0,0.0,0.0,98.0,0.0,0.0,0.0,1.0,0.0,0.0,0.0,0.0,1.0,0.0,206.0,375.0,242.0,0.0,0.0,378.0,0.0,378.0,0.0,394.0,0.0,206.0,0.0,332.0,215.0
2021-03-23 12:00:00+00:00,71.0,805.0,130.0,259.0,289.0,163.0,162.0,0.0,106.0,0.0,0.0,0.0,0.0,0.0,0.0,0.0,98.0,0.0,0.0,0.0,1.0,0.0,0.0,0.0,0.0,13.0,0.0,224.0,375.0,261.0,0.0,0.0,388.0,0.0,382.0,0.0,323.0,1.0,199.0,0.0,327.0,215.0
2021-03-23 13:00:00+00:00,104.0,784.0,57.0,237.0,220.0,94.0,234.0,0.0,137.0,0.0,0.0,0.0,0.0,0.0,0.0,0.0,129.0,0.0,0.0,0.0,1.0,0.0,0.0,0.0,0.0,0.0,0.0,150.0,375.0,224.0,0.0,37.0,387.0,0.0,361.0,0.0,265.0,10.0,84.0,0.0,349.0,213.0
2021-03-23 14:00:00+00:00,194.0,632.0,40.0,222.0,143.0,116.0,252.0,0.0,62.0,0.0,0.0,0.0,0.0,0.0,0.0,0.0,102.0,0.0,0.0,0.0,1.0,1.0,0.0,0.0,0.0,0.0,0.0,68.0,375.0,201.0,0.0,155.0,386.0,0.0,316.0,1.0,241.0,18.0,8.0,0.0,335.0,216.0
2021-03-23 15:00:00+00:00,283.0,674.0,40.0,222.0,97.0,107.0,222.0,0.0,0.0,0.0,0.0,0.0,0.0,0.0,0.0,0.0,94.0,0.0,0.0,0.0,1.0,88.0,0.0,0.0,0.0,0.0,0.0,1.0,375.0,180.0,0.0,258.0,362.0,0.0,279.0,91.0,246.0,25.0,0.0,10.0,339.0,215.0
2021-03-23 16:00:00+00:00,249.0,909.0,37.0,235.0,146.0,138.0,225.0,0.0,0.0,0.0,0.0,0.0,0.0,0.0,0.0,0.0,99.0,0.0,0.0,0.0,1.0,41.0,0.0,0.0,0.0,0.0,0.0,52.0,375.0,168.0,0.0,450.0,482.0,0.0,351.0,65.0,218.0,24.0,0.0,0.0,318.0,214.0
2021-03-23 17:00:00+00:00,221.0,645.0,43.0,248.0,160.0,138.0,212.0,0.0,4.0,0.0,0.0,0.0,0.0,0.0,0.0,0.0,107.0,0.0,0.0,0.0,531.0,31.0,0.0,0.0,0.0,0.0,0.0,0.0,376.0,157.0,0.0,396.0,365.0,0.0,261.0,242.0,238.0,29.0,0.0,62.0,366.0,214.0
2021-03-23 18:00:00+00:00,205.0,701.0,126.0,318.0,252.0,375.0,0.0,0.0,0.0,0.0,0.0,0.0,0.0,0.0,0.0,0.0,115.0,0.0,0.0,0.0,575.0,99.0,0.0,0.0,0.0,0.0,0.0,10.0,872.0,201.0,253.0,332.0,366.0,0.0,294.0,220.0,325.0,2.0,0.0,21.0,405.0,214.0
2021-03-23 19:00:00+00:00,127.0,898.0,166.0,301.0,304.0,364.0,0.0,0.0,0.0,0.0,0.0,0.0,0.0,0.0,0.0,0.0,92.0,0.0,0.0,0.0,513.0,62.0,0.0,0.0,0.0,0.0,0.0,218.0,1319.0,188.0,267.0,198.0,473.0,0.0,401.0,0.0,363.0,4.0,54.0,0.0,404.0,214.0
2021-03-23 20:00:00+00:00,18.0,975.0,151.0,279.0,319.0,478.0,0.0,0.0,6.0,7.0,0.0,0.0,0.0,0.0,0.0,0.0,53.0,0.0,0.0,0.0,571.0,15.0,0.0,0.0,0.0,0.0,0.0,274.0,1387.0,205.0,176.0,7.0,479.0,0.0,446.0,0.0,358.0,2.0,147.0,0.0,438.0,215.0
2021-03-23 21:00:00+00:00,12.0,735.0,212.0,322.0,379.0,416.0,126.0,0.0,37.0,18.0,0.0,0.0,0.0,0.0,0.0,0.0,68.0,0.0,0.0,0.0,561.0,3.0,0.0,0.0,0.0,152.0,0.0,177.0,1355.0,182.0,0.0,0.0,367.0,0.0,375.0,0.0,416.0,0.0,79.0,0.0,436.0,215.0
2021-03-23 22:00:00+00:00,35.0,511.0,250.0,353.0,397.0,384.0,229.0,0.0,3.0,1.0,0.0,0.0,0.0,0.0,0.0,0.0,47.0,0.0,0.0,0.0,473.0,38.0,0.0,0.0,0.0,365.0,0.0,66.0,1385.0,172.0,0.0,0.0,254.0,0.0,288.0,0.0,446.0,1.0,19.0,0.0,436.0,216.0
2021-03-23 23:00:00+00:00,0.0,544.0,215.0,338.0,456.0,510.0,0.0,0.0,3.0,104.0,0.0,0.0,0.0,0.0,0.0,0.0,21.0,0.0,0.0,0.0,513.0,30.0,0.0,0.0,0.0,548.0,0.0,2.0,1356.0,162.0,175.0,0.0,167.0,0.0,254.0,0.0,450.0,1.0,32.0,8.0,544.0,214.0
2021-03-24 00:00:00+00:00,0.0,645.0,229.0,303.0,417.0,500.0,0.0,0.0,3.0,124.0,0.0,0.0,0.0,0.0,0.0,0.0,10.0,0.0,0.0,0.0,588.0,35.0,0.0,0.0,0.0,561.0,0.0,6.0,1368.0,174.0,189.0,0.0,163.0,0.0,280.0,0.0,406.0,0.0,76.0,5.0,558.0,215.0
2021-03-24 01:00:00+00:00,0.0,792.0,211.0,285.0,373.0,480.0,0.0,0.0,1.0,128.0,0.0,0.0,0.0,0.0,0.0,0.0,0.0,0.0,0.0,0.0,600.0,58.0,0.0,1.0,0.0,491.0,0.0,38.0,1380.0,196.0,199.0,0.0,213.0,0.0,323.0,0.0,376.0,0.0,118.0,0.0,550.0,216.0
2021-03-24 02:00:00+00:00,0.0,882.0,222.0,283.0,372.0,374.0,0.0,0.0,1.0,146.0,0.0,0.0,0.0,0.0,0.0,0.0,20.0,0.0,0.0,0.0,600.0,56.0,0.0,0.0,0.0,462.0,0.0,65.0,1073.0,219.0,266.0,0.0,265.0,0.0,363.0,0.0,402.0,0.0,157.0,0.0,546.0,215.0
2021-03-24 03:00:00+00:00,0.0,738.0,202.0,296.0,321.0,303.0,0.0,0.0,0.0,58.0,0.0,0.0,0.0,0.0,0.0,0.0,22.0,0.0,0.0,0.0,600.0,125.0,0.0,0.0,0.0,439.0,0.0,0.0,476.0,256.0,263.0,0.0,225.0,0.0,310.0,0.0,411.0,0.0,73.0,11.0,545.0,215.0
2021-03-24 04:00:00+00:00,1.0,602.0,210.0,315.0,312.0,0.0,180.0,0.0,0.0,46.0,0.0,0.0,0.0,0.0,0.0,0.0,11.0,19.0,0.0,0.0,600.0,134.0,0.0,0.0,0.0,369.0,0.0,0.0,93.0,175.0,0.0,0.0,188.0,0.0,264.0,33.0,415.0,0.0,2.0,113.0,551.0,215.0
2021-03-24 05:00:00+00:00,34.0,890.0,214.0,338.0,297.0,49.0,213.0,0.0,0.0,6.0,0.0,0.0,0.0,0.0,0.0,0.0,3.0,0.0,0.0,0.0,577.0,185.0,0.0,0.0,0.0,78.0,0.0,45.0,69.0,194.0,0.0,0.0,344.0,0.0,366.0,0.0,335.0,67.0,65.0,0.0,517.0,214.0
2021-03-24 06:00:00+00:00,211.0,800.0,6.0,389.0,278.0,70.0,190.0,0.0,0.0,0.0,0.0,0.0,0.0,0.0,0.0,0.0,12.0,0.0,0.0,0.0,599.0,270.0,0.0,0.0,0.0,0.0,0.0,56.0,69.0,195.0,0.0,63.0,343.0,0.0,351.0,0.0,0.0,161.0,155.0,0.0,504.0,214.0
2021-03-24 07:00:00+00:00,77.0,772.0,6.0,384.0,297.0,91.0,208.0,0.0,0.0,0.0,0.0,0.0,0.0,0.0,0.0,0.0,0.0,0.0,0.0,0.0,600.0,160.0,0.0,0.0,0.0,0.0,0.0,1.0,70.0,213.0,0.0,46.0,318.0,0.0,299.0,0.0,0.0,151.0,156.0,20.0,436.0,214.0
2021-03-24 08:00:00+00:00,29.0,784.0,7.0,331.0,308.0,100.0,215.0,0.0,4.0,10.0,0.0,0.0,0.0,0.0,0.0,0.0,19.0,0.0,0.0,0.0,397.0,16.0,0.0,0.0,0.0,0.0,0.0,15.0,70.0,225.0,0.0,53.0,311.0,0.0,299.0,0.0,0.0,163.0,178.0,16.0,367.0,213.0
2021-03-24 09:00:00+00:00,53.0,816.0,5.0,296.0,294.0,75.0,216.0,0.0,50.0,1.0,0.0,0.0,0.0,0.0,0.0,0.0,8.0,0.0,0.0,0.0,316.0,3.0,0.0,0.0,0.0,0.0,0.0,6.0,69.0,232.0,0.0,77.0,313.0,0.0,316.0,0.0,0.0,179.0,184.0,5.0,351.0,212.0
2021-03-24 10:00:00+00:00,43.0,821.0,6.0,284.0,284.0,136.0,252.0,0.0,48.0,0.0,0.0,0.0,0.0,0.0,0.0,0.0,0.0,0.0,0.0,0.0,350.0,0.0,0.0,3.0,0.0,0.0,0.0,0.0,69.0,227.0,0.0,41.0,285.0,0.0,303.0,0.0,0.0,146.0,124.0,78.0,325.0,213.0
2021-03-24 11:00:00+00:00,35.0,662.0,6.0,259.0,282.0,133.0,208.0,0.0,97.0,3.0,0.0,0.0,0.0,0.0,0.0,0.0,0.0,0.0,0.0,0.0,176.0,0.0,0.0,1.0,0.0,0.0,0.0,0.0,69.0,221.0,0.0,49.0,262.0,0.0,265.0,0.0,0.0,134.0,59.0,157.0,304.0,214.0
2021-03-24 12:00:00+00:00,21.0,726.0,3.0,249.0,284.0,65.0,185.0,0.0,124.0,4.0,0.0,0.0,0.0,0.0,0.0,0.0,8.0,0.0,0.0,0.0,176.0,0.0,0.0,0.0,0.0,0.0,0.0,0.0,69.0,214.0,0.0,68.0,265.0,0.0,273.0,3.0,0.0,163.0,21.0,120.0,290.0,214.0
2021-03-24 13:00:00+00:00,94.0,696.0,2.0,250.0,218.0,88.0,199.0,0.0,117.0,0.0,0.0,0.0,0.0,0.0,0.0,0.0,24.0,0.0,0.0,0.0,184.0,0.0,0.0,0.0,0.0,0.0,0.0,0.0,69.0,207.0,0.0,56.0,260.0,0.0,269.0,17.0,0.0,223.0,7.0,177.0,347.0,215.0
2021-03-24 14:00:00+00:00,84.0,690.0,2.0,239.0,195.0,175.0,238.0,0.0,100.0,0.0,0.0,0.0,0.0,0.0,0.0,0.0,0.0,0.0,0.0,0.0,247.0,0.0,0.0,0.0,0.0,0.0,0.0,0.0,69.0,183.0,0.0,99.0,309.0,0.0,277.0,30.0,0.0,204.0,0.0,204.0,366.0,214.0
2021-03-24 15:00:00+00:00,16.0,654.0,30.0,216.0,206.0,167.0,204.0,0.0,84.0,8.0,0.0,0.0,0.0,0.0,0.0,0.0,4.0,0.0,0.0,0.0,529.0,0.0,0.0,0.0,0.0,0.0,0.0,0.0,69.0,178.0,0.0,208.0,359.0,0.0,285.0,21.0,172.0,59.0,0.0,166.0,380.0,213.0
2021-03-24 16:00:00+00:00,166.0,682.0,61.0,229.0,135.0,138.0,203.0,0.0,5.0,0.0,0.0,0.0,0.0,0.0,0.0,0.0,40.0,0.0,0.0,0.0,445.0,24.0,0.0,0.0,0.0,0.0,0.0,0.0,69.0,188.0,0.0,454.0,414.0,0.0,259.0,15.0,233.0,14.0,13.0,69.0,390.0,214.0
2021-03-24 17:00:00+00:00,175.0,481.0,51.0,238.0,108.0,129.0,190.0,0.0,3.0,0.0,0.0,0.0,0.0,0.0,0.0,0.0,82.0,0.0,0.0,0.0,398.0,29.0,0.0,0.0,0.0,0.0,0.0,0.0,69.0,177.0,0.0,450.0,299.0,0.0,164.0,263.0,248.0,25.0,0.0,295.0,500.0,213.0
2021-03-24 18:00:00+00:00,132.0,554.0,98.0,276.0,190.0,431.0,0.0,0.0,14.0,0.0,0.0,0.0,0.0,0.0,0.0,0.0,98.0,0.0,0.0,0.0,478.0,35.0,0.0,0.0,0.0,0.0,0.0,0.0,593.0,268.0,157.0,373.0,285.0,0.0,198.0,228.0,263.0,2.0,0.0,242.0,521.0,215.0
2021-03-24 19:00:00+00:00,97.0,685.0,110.0,301.0,258.0,387.0,0.0,0.0,4.0,0.0,0.0,0.0,0.0,0.0,0.0,0.0,79.0,0.0,0.0,0.0,471.0,47.0,0.0,0.0,0.0,0.0,0.0,0.0,941.0,269.0,184.0,350.0,277.0,0.0,239.0,110.0,308.0,8.0,0.0,131.0,533.0,216.0
2021-03-24 20:00:00+00:00,21.0,745.0,133.0,291.0,317.0,467.0,0.0,0.0,15.0,4.0,0.0,0.0,0.0,0.0,0.0,0.0,39.0,0.0,0.0,0.0,423.0,9.0,0.0,0.0,0.0,0.0,0.0,0.0,971.0,245.0,153.0,174.0,288.0,0.0,292.0,12.0,321.0,2.0,0.0,16.0,531.0,218.0
2021-03-24 21:00:00+00:00,1.0,552.0,142.0,314.0,369.0,502.0,0.0,0.0,89.0,43.0,0.0,0.0,0.0,0.0,0.0,0.0,46.0,0.0,0.0,0.0,447.0,0.0,0.0,0.0,0.0,0.0,0.0,0.0,972.0,212.0,145.0,12.0,207.0,0.0,245.0,15.0,339.0,4.0,1.0,75.0,570.0,215.0
2021-03-24 22:00:00+00:00,0.0,424.0,207.0,323.0,393.0,482.0,0.0,0.0,55.0,89.0,0.0,0.0,0.0,0.0,0.0,0.0,48.0,0.0,0.0,0.0,436.0,0.0,0.0,0.0,0.0,233.0,0.0,0.0,971.0,197.0,186.0,0.0,71.0,0.0,177.0,62.0,402.0,0.0,0.0,115.0,582.0,205.0
2021-03-24 23:00:00+00:00,0.0,277.0,199.0,281.0,314.0,368.0,0.0,0.0,4.0,100.0,0.0,0.0,0.0,36.0,0.0,0.0,0.0,0.0,0.0,0.0,511.0,26.0,0.0,0.0,0.0,260.0,0.0,0.0,971.0,193.0,213.0,0.0,0.0,0.0,93.0,262.0,390.0,0.0,0.0,271.0,562.0,207.0
2021-03-25 00:00:00+00:00,0.0,330.0,203.0,276.0,317.0,346.0,0.0,0.0,3.0,122.0,0.0,0.0,0.0,6.0,0.0,0.0,0.0,0.0,0.0,0.0,597.0,32.0,0.0,1.0,0.0,362.0,0.0,0.0,972.0,189.0,223.0,0.0,6.0,0.0,113.0,217.0,404.0,0.0,0.0,251.0,541.0,209.0
2021-03-25 01:00:00+00:00,0.0,441.0,194.0,268.0,286.0,344.0,0.0,0.0,0.0,111.0,0.0,0.0,0.0,0.0,0.0,0.0,0.0,0.0,0.0,0.0,601.0,63.0,0.0,1.0,0.0,420.0,0.0,0.0,971.0,211.0,278.0,0.0,47.0,0.0,141.0,173.0,387.0,0.0,0.0,232.0,518.0,206.0
2021-03-25 02:00:00+00:00,0.0,474.0,202.0,266.0,275.0,306.0,0.0,0.0,0.0,92.0,0.0,0.0,0.0,0.0,0.0,0.0,1.0,0.0,0.0,0.0,600.0,89.0,0.0,0.0,0.0,410.0,0.0,0.0,971.0,221.0,292.0,0.0,104.0,0.0,172.0,111.0,383.0,0.0,0.0,206.0,486.0,207.0
2021-03-25 03:00:00+00:00,0.0,460.0,162.0,266.0,279.0,241.0,0.0,0.0,0.0,109.0,0.0,0.0,0.0,0.0,0.0,0.0,1.0,0.0,0.0,0.0,600.0,74.0,0.0,0.0,0.0,374.0,0.0,0.0,476.0,248.0,318.0,0.0,78.0,0.0,148.0,188.0,378.0,0.0,0.0,245.0,491.0,209.0
2021-03-25 04:00:00+00:00,0.0,543.0,138.0,256.0,317.0,0.0,191.0,0.0,16.0,173.0,0.0,0.0,0.0,0.0,0.0,0.0,0.0,22.0,0.0,0.0,600.0,5.0,0.0,1.0,0.0,256.0,0.0,0.0,97.0,195.0,0.0,0.0,113.0,0.0,174.0,228.0,349.0,2.0,0.0,239.0,498.0,211.0
2021-03-25 05:00:00+00:00,0.0,781.0,19.0,218.0,246.0,36.0,248.0,0.0,42.0,98.0,0.0,0.0,0.0,0.0,0.0,0.0,0.0,0.0,0.0,0.0,600.0,1.0,0.0,0.0,0.0,19.0,0.0,0.0,69.0,209.0,0.0,0.0,268.0,0.0,278.0,54.0,16.0,174.0,0.0,82.0,513.0,214.0
2021-03-25 06:00:00+00:00,5.0,978.0,13.0,198.0,282.0,55.0,182.0,0.0,193.0,60.0,0.0,0.0,0.0,0.0,0.0,0.0,0.0,0.0,0.0,0.0,600.0,0.0,0.0,0.0,0.0,0.0,0.0,0.0,69.0,207.0,0.0,126.0,298.0,0.0,344.0,7.0,0.0,171.0,19.0,23.0,545.0,212.0
2021-03-25 07:00:00+00:00,0.0,969.0,6.0,194.0,350.0,149.0,243.0,0.0,241.0,68.0,0.0,0.0,0.0,0.0,0.0,0.0,0.0,0.0,0.0,0.0,601.0,0.0,0.0,0.0,0.0,0.0,0.0,0.0,69.0,190.0,0.0,129.0,272.0,0.0,358.0,0.0,0.0,149.0,107.0,9.0,527.0,213.0
2021-03-25 08:00:00+00:00,0.0,956.0,2.0,246.0,414.0,146.0,231.0,0.0,206.0,192.0,0.0,0.0,0.0,0.0,0.0,0.0,0.0,0.0,0.0,0.0,576.0,0.0,0.0,0.0,0.0,0.0,0.0,30.0,69.0,166.0,0.0,84.0,246.0,0.0,357.0,0.0,0.0,201.0,209.0,0.0,453.0,213.0
2021-03-25 09:00:00+00:00,0.0,846.0,2.0,277.0,390.0,24.0,85.0,0.0,143.0,138.0,0.0,0.0,0.0,0.0,0.0,0.0,1.0,0.0,0.0,0.0,493.0,0.0,0.0,0.0,0.0,149.0,0.0,6.0,70.0,151.0,0.0,0.0,169.0,0.0,313.0,0.0,0.0,206.0,135.0,4.0,416.0,209.0
2021-03-25 10:00:00+00:00,0.0,705.0,2.0,310.0,399.0,51.0,137.0,0.0,100.0,144.0,0.0,0.0,0.0,0.0,0.0,0.0,2.0,0.0,0.0,0.0,482.0,0.0,0.0,0.0,0.0,119.0,0.0,30.0,70.0,175.0,0.0,0.0,176.0,0.0,306.0,0.0,0.0,194.0,161.0,0.0,394.0,210.0
2021-03-25 11:00:00+00:00,0.0,739.0,0.0,316.0,434.0,88.0,197.0,0.0,119.0,187.0,0.0,0.0,0.0,0.0,0.0,0.0,1.0,0.0,0.0,0.0,451.0,0.0,0.0,0.0,0.0,97.0,0.0,106.0,70.0,197.0,0.0,0.0,215.0,0.0,342.0,0.0,0.0,202.0,235.0,0.0,392.0,214.0
2021-03-25 12:00:00+00:00,0.0,644.0,2.0,273.0,395.0,93.0,221.0,0.0,170.0,206.0,0.0,0.0,0.0,0.0,0.0,0.0,3.0,0.0,0.0,0.0,527.0,0.0,0.0,0.0,0.0,101.0,0.0,129.0,70.0,218.0,0.0,0.0,209.0,0.0,316.0,0.0,0.0,206.0,289.0,0.0,362.0,217.0
2021-03-25 13:00:00+00:00,0.0,452.0,2.0,291.0,333.0,99.0,254.0,0.0,106.0,121.0,0.0,0.0,0.0,0.0,0.0,0.0,0.0,0.0,0.0,0.0,552.0,0.0,0.0,0.0,0.0,73.0,0.0,101.0,69.0,256.0,0.0,0.0,219.0,0.0,261.0,0.0,0.0,190.0,262.0,0.0,360.0,217.0
2021-03-25 14:00:00+00:00,0.0,431.0,1.0,292.0,310.0,68.0,230.0,0.0,32.0,80.0,0.0,0.0,0.0,0.0,0.0,0.0,0.0,0.0,0.0,0.0,573.0,0.0,0.0,0.0,0.0,64.0,0.0,74.0,69.0,227.0,0.0,0.0,251.0,0.0,252.0,0.0,0.0,181.0,233.0,0.0,364.0,216.0
2021-03-25 15:00:00+00:00,0.0,638.0,2.0,258.0,262.0,134.0,256.0,0.0,11.0,39.0,0.0,0.0,0.0,0.0,0.0,0.0,1.0,0.0,0.0,0.0,522.0,6.0,0.0,0.0,0.0,0.0,0.0,70.0,69.0,217.0,0.0,170.0,351.0,0.0,287.0,0.0,0.0,193.0,142.0,0.0,359.0,216.0
2021-03-25 16:00:00+00:00,66.0,693.0,4.0,247.0,206.0,125.0,229.0,0.0,7.0,0.0,0.0,0.0,0.0,0.0,0.0,0.0,35.0,0.0,0.0,0.0,516.0,19.0,0.0,0.0,0.0,0.0,0.0,9.0,69.0,211.0,0.0,272.0,392.0,0.0,269.0,13.0,0.0,167.0,26.0,14.0,382.0,216.0
2021-03-25 17:00:00+00:00,161.0,517.0,33.0,264.0,176.0,50.0,82.0,0.0,0.0,0.0,0.0,0.0,0.0,0.0,0.0,0.0,91.0,0.0,0.0,0.0,383.0,43.0,0.0,0.0,0.0,0.0,0.0,0.0,69.0,149.0,0.0,344.0,227.0,0.0,151.0,314.0,205.0,46.0,0.0,264.0,470.0,215.0
2021-03-25 18:00:00+00:00,98.0,576.0,61.0,276.0,249.0,341.0,0.0,0.0,7.0,0.0,0.0,0.0,0.0,0.0,0.0,0.0,92.0,0.0,0.0,0.0,441.0,17.0,0.0,0.0,0.0,0.0,0.0,0.0,621.0,235.0,257.0,270.0,229.0,0.0,181.0,263.0,223.0,14.0,0.0,197.0,490.0,215.0
2021-03-25 19:00:00+00:00,91.0,636.0,110.0,302.0,262.0,406.0,0.0,0.0,0.0,0.0,0.0,0.0,0.0,0.0,0.0,0.0,67.0,0.0,0.0,0.0,447.0,102.0,0.0,0.0,0.0,0.0,0.0,0.0,968.0,238.0,193.0,193.0,210.0,0.0,209.0,167.0,273.0,3.0,0.0,123.0,497.0,215.0
2021-03-25 20:00:00+00:00,63.0,639.0,122.0,318.0,304.0,493.0,0.0,0.0,0.0,1.0,0.0,0.0,0.0,0.0,0.0,0.0,39.0,0.0,0.0,0.0,528.0,113.0,0.0,0.0,0.0,0.0,0.0,0.0,995.0,219.0,154.0,68.0,270.0,0.0,248.0,33.0,314.0,7.0,6.0,40.0,522.0,216.0
2021-03-25 21:00:00+00:00,54.0,432.0,169.0,337.0,343.0,525.0,0.0,0.0,0.0,1.0,0.0,0.0,0.0,0.0,0.0,0.0,7.0,0.0,0.0,0.0,460.0,51.0,0.0,0.0,0.0,111.0,0.0,,995.0,188.0,152.0,0.0,143.0,0.0,167.0,160.0,304.0,2.0,0.0,,546.0,216.0
2021-03-25 22:00:00+00:00,7.0,347.0,151.0,369.0,434.0,499.0,0.0,0.0,2.0,26.0,0.0,0.0,0.0,0.0,0.0,0.0,0.0,0.0,0.0,0.0,566.0,40.0,0.0,0.0,0.0,396.0,0.0,0.0,993.0,175.0,208.0,0.0,72.0,0.0,151.0,130.0,343.0,2.0,0.0,127.0,564.0,214.0
2021-03-25 23:00:00+00:00,14.0,415.0,170.0,374.0,387.0,570.0,0.0,0.0,0.0,25.0,0.0,0.0,0.0,36.0,0.0,0.0,0.0,0.0,0.0,0.0,470.0,196.0,0.0,0.0,0.0,414.0,0.0,0.0,1356.0,145.0,169.0,0.0,2.0,0.0,101.0,265.0,377.0,0.0,0.0,209.0,610.0,214.0
2021-03-26 00:00:00+00:00,3.0,489.0,169.0,383.0,381.0,561.0,0.0,0.0,0.0,22.0,0.0,0.0,0.0,5.0,0.0,0.0,0.0,0.0,0.0,0.0,476.0,226.0,0.0,2.0,0.0,511.0,0.0,0.0,1398.0,139.0,165.0,0.0,15.0,0.0,135.0,260.0,381.0,2.0,0.0,207.0,634.0,214.0
2021-03-26 01:00:00+00:00,3.0,497.0,183.0,375.0,369.0,536.0,0.0,0.0,0.0,26.0,0.0,0.0,0.0,0.0,0.0,0.0,0.0,0.0,0.0,0.0,562.0,236.0,0.0,1.0,0.0,584.0,0.0,0.0,1380.0,153.0,168.0,0.0,55.0,0.0,153.0,219.0,373.0,0.0,0.0,191.0,603.0,214.0
2021-03-26 02:00:00+00:00,3.0,523.0,179.0,365.0,342.0,489.0,0.0,0.0,0.0,18.0,0.0,0.0,0.0,0.0,0.0,0.0,0.0,0.0,0.0,0.0,577.0,248.0,0.0,1.0,0.0,574.0,0.0,0.0,1396.0,178.0,191.0,0.0,115.0,0.0,179.0,174.0,363.0,0.0,0.0,172.0,579.0,214.0
2021-03-26 03:00:00+00:00,12.0,450.0,128.0,350.0,311.0,391.0,0.0,0.0,0.0,12.0,0.0,0.0,0.0,0.0,0.0,0.0,1.0,0.0,0.0,0.0,582.0,237.0,0.0,0.0,0.0,545.0,0.0,0.0,926.0,211.0,224.0,0.0,116.0,0.0,160.0,236.0,378.0,6.0,0.0,218.0,560.0,216.0
2021-03-26 04:00:00+00:00,45.0,416.0,175.0,358.0,303.0,0.0,163.0,0.0,0.0,1.0,0.0,0.0,0.0,0.0,0.0,0.0,1.0,1.0,0.0,0.0,579.0,246.0,0.0,0.0,0.0,419.0,0.0,0.0,633.0,141.0,0.0,0.0,89.0,0.0,137.0,347.0,367.0,0.0,0.0,321.0,519.0,217.0
2021-03-26 05:00:00+00:00,154.0,694.0,132.0,327.0,245.0,42.0,182.0,0.0,0.0,0.0,0.0,0.0,0.0,0.0,0.0,0.0,0.0,0.0,0.0,0.0,600.0,235.0,0.0,1.0,0.0,169.0,0.0,0.0,612.0,161.0,0.0,0.0,258.0,0.0,242.0,189.0,295.0,28.0,0.0,164.0,469.0,219.0
2021-03-26 06:00:00+00:00,213.0,741.0,2.0,414.0,314.0,89.0,185.0,0.0,0.0,0.0,0.0,0.0,0.0,0.0,0.0,0.0,0.0,0.0,0.0,0.0,601.0,308.0,0.0,0.0,0.0,0.0,0.0,0.0,611.0,161.0,0.0,44.0,225.0,0.0,275.0,146.0,0.0,187.0,0.0,144.0,519.0,218.0
2021-03-26 07:00:00+00:00,152.0,707.0,2.0,377.0,287.0,86.0,146.0,0.0,0.0,0.0,0.0,0.0,0.0,0.0,0.0,0.0,0.0,0.0,0.0,0.0,601.0,187.0,0.0,0.0,0.0,0.0,0.0,,586.0,153.0,0.0,77.0,178.0,0.0,255.0,88.0,0.0,169.0,0.0,,491.0,217.0
2021-03-26 08:00:00+00:00,140.0,697.0,2.0,382.0,299.0,86.0,173.0,0.0,0.0,0.0,0.0,0.0,0.0,0.0,0.0,0.0,0.0,0.0,0.0,0.0,602.0,165.0,0.0,0.0,0.0,45.0,0.0,0.0,586.0,150.0,0.0,0.0,159.0,0.0,259.0,13.0,0.0,184.0,2.0,145.0,405.0,216.0
2021-03-26 09:00:00+00:00,86.0,649.0,10.0,376.0,318.0,140.0,216.0,0.0,0.0,0.0,0.0,0.0,0.0,0.0,0.0,0.0,0.0,0.0,0.0,0.0,600.0,146.0,0.0,0.0,0.0,59.0,0.0,0.0,609.0,160.0,0.0,0.0,106.0,0.0,244.0,43.0,0.0,148.0,0.0,164.0,421.0,217.0
2021-03-26 10:00:00+00:00,60.0,527.0,4.0,368.0,334.0,140.0,209.0,0.0,0.0,0.0,0.0,0.0,0.0,0.0,0.0,0.0,0.0,0.0,0.0,0.0,567.0,160.0,0.0,1.0,0.0,178.0,0.0,0.0,612.0,137.0,0.0,0.0,116.0,0.0,238.0,8.0,0.0,162.0,5.0,126.0,398.0,217.0
2021-03-26 11:00:00+00:00,57.0,361.0,4.0,353.0,306.0,118.0,236.0,0.0,0.0,0.0,0.0,0.0,0.0,0.0,0.0,0.0,0.0,0.0,0.0,0.0,600.0,182.0,0.0,1.0,0.0,243.0,0.0,0.0,613.0,133.0,0.0,0.0,87.0,0.0,219.0,12.0,0.0,193.0,0.0,153.0,392.0,218.0
2021-03-26 12:00:00+00:00,119.0,314.0,2.0,310.0,248.0,116.0,206.0,0.0,0.0,0.0,0.0,0.0,0.0,0.0,0.0,0.0,0.0,0.0,0.0,0.0,601.0,139.0,0.0,2.0,0.0,240.0,0.0,0.0,612.0,149.0,0.0,0.0,82.0,0.0,199.0,65.0,0.0,199.0,1.0,207.0,375.0,217.0
2021-03-26 13:00:00+00:00,96.0,267.0,1.0,348.0,233.0,58.0,139.0,0.0,0.0,0.0,0.0,0.0,0.0,0.0,0.0,0.0,1.0,0.0,0.0,0.0,600.0,149.0,0.0,0.0,0.0,172.0,0.0,0.0,614.0,147.0,0.0,0.0,57.0,0.0,187.0,122.0,0.0,214.0,0.0,208.0,434.0,216.0
2021-03-26 14:00:00+00:00,142.0,261.0,2.0,330.0,222.0,83.0,159.0,0.0,0.0,0.0,0.0,0.0,0.0,0.0,0.0,0.0,0.0,0.0,0.0,0.0,601.0,200.0,0.0,0.0,0.0,32.0,0.0,0.0,613.0,134.0,0.0,0.0,99.0,0.0,168.0,167.0,0.0,185.0,0.0,232.0,452.0,215.0
2021-03-26 15:00:00+00:00,229.0,472.0,4.0,344.0,183.0,118.0,199.0,0.0,0.0,0.0,0.0,0.0,0.0,0.0,0.0,0.0,4.0,0.0,0.0,0.0,600.0,294.0,0.0,0.0,0.0,0.0,0.0,0.0,613.0,137.0,0.0,290.0,191.0,0.0,195.0,241.0,0.0,198.0,0.0,219.0,464.0,214.0
2021-03-26 16:00:00+00:00,288.0,570.0,2.0,352.0,198.0,106.0,202.0,0.0,0.0,0.0,0.0,0.0,0.0,0.0,0.0,0.0,28.0,0.0,0.0,0.0,579.0,301.0,0.0,0.0,0.0,0.0,0.0,0.0,613.0,138.0,0.0,371.0,254.0,0.0,203.0,243.0,0.0,194.0,0.0,199.0,444.0,217.0
2021-03-26 17:00:00+00:00,269.0,502.0,105.0,306.0,179.0,153.0,172.0,0.0,0.0,0.0,0.0,0.0,0.0,0.0,0.0,0.0,72.0,0.0,0.0,0.0,333.0,182.0,0.0,0.0,0.0,0.0,0.0,0.0,612.0,140.0,0.0,401.0,198.0,0.0,134.0,378.0,277.0,20.0,0.0,283.0,495.0,217.0
2021-03-26 18:00:00+00:00,201.0,543.0,172.0,293.0,224.0,485.0,0.0,0.0,0.0,0.0,0.0,0.0,0.0,0.0,0.0,0.0,78.0,0.0,0.0,0.0,376.0,123.0,0.0,0.0,0.0,0.0,0.0,0.0,1092.0,218.0,139.0,363.0,232.0,0.0,155.0,325.0,359.0,0.0,0.0,252.0,469.0,217.0
2021-03-26 19:00:00+00:00,107.0,602.0,194.0,299.0,268.0,528.0,0.0,0.0,0.0,0.0,0.0,0.0,0.0,0.0,0.0,0.0,62.0,0.0,0.0,0.0,553.0,104.0,0.0,0.0,0.0,0.0,0.0,0.0,1400.0,187.0,101.0,284.0,194.0,0.0,194.0,321.0,366.0,2.0,0.0,218.0,519.0,216.0
2021-03-26 20:00:00+00:00,81.0,617.0,168.0,290.0,256.0,545.0,0.0,0.0,0.0,0.0,0.0,0.0,0.0,0.0,0.0,0.0,27.0,0.0,0.0,0.0,512.0,114.0,0.0,0.0,0.0,0.0,0.0,0.0,1396.0,165.0,94.0,157.0,254.0,0.0,243.0,254.0,379.0,0.0,0.0,153.0,530.0,217.0
2021-03-26 21:00:00+00:00,44.0,348.0,197.0,308.0,282.0,525.0,0.0,0.0,0.0,1.0,0.0,0.0,0.0,0.0,0.0,0.0,0.0,0.0,0.0,0.0,539.0,65.0,0.0,0.0,0.0,51.0,0.0,0.0,1374.0,180.0,153.0,0.0,140.0,0.0,158.0,325.0,377.0,0.0,0.0,280.0,576.0,215.0
2021-03-26 22:00:00+00:00,29.0,314.0,222.0,344.0,357.0,510.0,0.0,0.0,0.0,2.0,0.0,0.0,0.0,0.0,0.0,0.0,1.0,0.0,0.0,0.0,515.0,108.0,0.0,0.0,0.0,309.0,0.0,0.0,1400.0,172.0,188.0,0.0,50.0,0.0,126.0,323.0,408.0,1.0,0.0,268.0,598.0,216.0
2021-03-26 23:00:00+00:00,2.0,0.0,212.0,312.0,265.0,553.0,0.0,0.0,0.0,45.0,0.0,66.0,0.0,98.0,0.0,0.0,0.0,0.0,0.0,0.0,470.0,211.0,0.0,0.0,0.0,301.0,0.0,0.0,1415.0,180.0,111.0,0.0,16.0,0.0,11.0,411.0,395.0,0.0,0.0,401.0,577.0,216.0
2021-03-27 00:00:00+00:00,11.0,0.0,202.0,300.0,203.0,538.0,0.0,0.0,0.0,14.0,0.0,166.0,38.0,158.0,0.0,0.0,0.0,0.0,0.0,0.0,530.0,275.0,0.0,0.0,0.0,310.0,0.0,0.0,1396.0,180.0,74.0,0.0,0.0,0.0,0.0,495.0,395.0,0.0,0.0,478.0,602.0,217.0
2021-03-27 01:00:00+00:00,31.0,0.0,185.0,287.0,154.0,533.0,0.0,0.0,0.0,2.0,0.0,128.0,34.0,148.0,0.0,0.0,0.0,0.0,0.0,0.0,598.0,329.0,0.0,0.0,0.0,302.0,0.0,0.0,1388.0,180.0,101.0,0.0,0.0,0.0,0.0,518.0,357.0,0.0,0.0,515.0,587.0,216.0
2021-03-27 02:00:00+00:00,50.0,0.0,150.0,267.0,112.0,496.0,0.0,0.0,0.0,1.0,0.0,88.0,19.0,114.0,0.0,0.0,0.0,0.0,0.0,0.0,600.0,349.0,0.0,0.0,0.0,233.0,0.0,0.0,1380.0,209.0,134.0,0.0,0.0,0.0,0.0,523.0,345.0,2.0,0.0,540.0,574.0,215.0
2021-03-27 03:00:00+00:00,64.0,0.0,142.0,270.0,96.0,447.0,0.0,0.0,0.0,0.0,0.0,112.0,11.0,74.0,0.0,0.0,0.0,0.0,0.0,0.0,600.0,350.0,0.0,2.0,0.0,279.0,0.0,0.0,1396.0,221.0,164.0,0.0,0.0,0.0,0.0,536.0,332.0,1.0,0.0,549.0,555.0,217.0
2021-03-27 04:00:00+00:00,29.0,0.0,157.0,266.0,93.0,395.0,0.0,0.0,0.0,3.0,0.0,36.0,0.0,48.0,0.0,0.0,0.0,0.0,0.0,0.0,598.0,335.0,0.0,1.0,0.0,258.0,0.0,0.0,1399.0,228.0,181.0,0.0,0.0,0.0,20.0,636.0,337.0,1.0,0.0,517.0,499.0,218.0
2021-03-27 05:00:00+00:00,95.0,136.0,102.0,245.0,21.0,339.0,0.0,0.0,0.0,0.0,0.0,0.0,0.0,11.0,0.0,0.0,0.0,0.0,0.0,0.0,600.0,352.0,0.0,1.0,0.0,47.0,0.0,,1399.0,223.0,68.0,0.0,7.0,0.0,76.0,680.0,281.0,9.0,0.0,,451.0,215.0
2021-03-27 06:00:00+00:00,110.0,274.0,26.0,354.0,150.0,411.0,0.0,0.0,0.0,1.0,0.0,0.0,0.0,0.0,0.0,0.0,0.0,0.0,0.0,0.0,601.0,420.0,0.0,1.0,0.0,0.0,0.0,0.0,1398.0,214.0,100.0,86.0,67.0,0.0,165.0,480.0,65.0,166.0,0.0,401.0,415.0,215.0
2021-03-27 07:00:00+00:00,98.0,278.0,6.0,392.0,221.0,434.0,0.0,0.0,0.0,0.0,0.0,0.0,0.0,0.0,0.0,0.0,0.0,0.0,0.0,0.0,601.0,386.0,0.0,0.0,0.0,0.0,0.0,0.0,1397.0,203.0,27.0,25.0,70.0,0.0,182.0,355.0,8.0,172.0,0.0,357.0,359.0,215.0
2021-03-27 08:00:00+00:00,30.0,205.0,121.0,345.0,242.0,414.0,0.0,0.0,0.0,1.0,0.0,0.0,0.0,4.0,0.0,0.0,0.0,0.0,0.0,0.0,583.0,249.0,0.0,3.0,0.0,0.0,0.0,,1262.0,200.0,14.0,127.0,29.0,0.0,144.0,319.0,311.0,2.0,0.0,,345.0,216.0
2021-03-27 09:00:00+00:00,25.0,134.0,142.0,342.0,259.0,367.0,0.0,0.0,0.0,2.0,0.0,0.0,0.0,5.0,0.0,0.0,0.0,0.0,0.0,0.0,556.0,227.0,0.0,1.0,0.0,0.0,0.0,0.0,1257.0,141.0,131.0,104.0,10.0,0.0,122.0,237.0,304.0,2.0,0.0,326.0,333.0,216.0
2021-03-27 10:00:00+00:00,37.0,179.0,86.0,322.0,259.0,364.0,0.0,0.0,0.0,1.0,0.0,0.0,0.0,4.0,0.0,0.0,0.0,0.0,0.0,0.0,600.0,203.0,0.0,2.0,0.0,22.0,0.0,0.0,1258.0,129.0,152.0,0.0,14.0,0.0,129.0,183.0,267.0,9.0,0.0,291.0,340.0,216.0
2021-03-27 11:00:00+00:00,21.0,0.0,55.0,318.0,257.0,240.0,0.0,0.0,0.0,9.0,0.0,48.0,0.0,71.0,0.0,0.0,12.0,0.0,0.0,0.0,601.0,208.0,0.0,0.0,0.0,66.0,0.0,0.0,1259.0,64.0,316.0,0.0,5.0,0.0,73.0,250.0,261.0,26.0,0.0,336.0,361.0,216.0
2021-03-27 12:00:00+00:00,13.0,0.0,53.0,309.0,230.0,233.0,0.0,0.0,0.0,7.0,0.0,152.0,0.0,113.0,0.0,0.0,12.0,0.0,0.0,0.0,599.0,242.0,0.0,0.0,0.0,58.0,0.0,0.0,1259.0,46.0,363.0,0.0,0.0,0.0,62.0,308.0,258.0,23.0,0.0,383.0,381.0,216.0
2021-03-27 13:00:00+00:00,60.0,0.0,57.0,294.0,173.0,219.0,0.0,0.0,0.0,0.0,0.0,203.0,0.0,80.0,0.0,0.0,12.0,0.0,0.0,0.0,539.0,255.0,0.0,0.0,0.0,14.0,0.0,0.0,1258.0,45.0,373.0,0.0,0.0,0.0,36.0,397.0,242.0,19.0,0.0,419.0,395.0,214.0
2021-03-27 14:00:00+00:00,88.0,0.0,47.0,301.0,158.0,215.0,0.0,0.0,0.0,0.0,0.0,281.0,0.0,41.0,0.0,0.0,0.0,0.0,0.0,0.0,597.0,278.0,0.0,5.0,0.0,9.0,0.0,0.0,1257.0,59.0,349.0,0.0,0.0,0.0,17.0,466.0,272.0,39.0,0.0,447.0,379.0,216.0
2021-03-27 15:00:00+00:00,145.0,0.0,52.0,282.0,117.0,279.0,0.0,0.0,0.0,0.0,0.0,188.0,0.0,4.0,0.0,0.0,0.0,0.0,0.0,0.0,525.0,293.0,0.0,6.0,0.0,0.0,0.0,0.0,1384.0,84.0,256.0,66.0,15.0,0.0,12.0,538.0,264.0,22.0,0.0,464.0,400.0,217.0
2021-03-27 16:00:00+00:00,187.0,157.0,53.0,284.0,84.0,330.0,0.0,0.0,0.0,0.0,0.0,0.0,0.0,0.0,0.0,0.0,3.0,0.0,0.0,0.0,548.0,303.0,0.0,0.0,0.0,0.0,0.0,0.0,1391.0,99.0,250.0,391.0,123.0,0.0,102.0,423.0,246.0,24.0,0.0,390.0,363.0,215.0
2021-03-27 17:00:00+00:00,196.0,282.0,85.0,310.0,137.0,404.0,0.0,0.0,0.0,0.0,0.0,0.0,0.0,0.0,0.0,0.0,0.0,0.0,0.0,0.0,556.0,266.0,0.0,1.0,0.0,0.0,0.0,0.0,1389.0,91.0,334.0,380.0,156.0,0.0,106.0,490.0,254.0,18.0,0.0,428.0,400.0,215.0
2021-03-27 18:00:00+00:00,205.0,261.0,76.0,323.0,169.0,435.0,0.0,0.0,0.0,0.0,0.0,0.0,0.0,0.0,0.0,0.0,0.0,0.0,0.0,0.0,536.0,301.0,0.0,1.0,0.0,0.0,0.0,0.0,1393.0,81.0,294.0,287.0,161.0,0.0,108.0,477.0,258.0,10.0,0.0,410.0,433.0,215.0
2021-03-27 19:00:00+00:00,191.0,345.0,93.0,322.0,213.0,421.0,0.0,0.0,0.0,0.0,0.0,0.0,0.0,0.0,0.0,0.0,0.0,0.0,0.0,0.0,569.0,292.0,0.0,2.0,0.0,0.0,0.0,0.0,1396.0,78.0,334.0,213.0,160.0,0.0,137.0,482.0,246.0,4.0,0.0,362.0,451.0,216.0
2021-03-27 20:00:00+00:00,126.0,378.0,77.0,322.0,209.0,464.0,0.0,0.0,0.0,0.0,0.0,0.0,0.0,0.0,0.0,0.0,0.0,0.0,0.0,0.0,466.0,296.0,0.0,2.0,0.0,0.0,0.0,0.0,1415.0,128.0,178.0,202.0,153.0,0.0,164.0,403.0,280.0,14.0,0.0,320.0,527.0,106.0
2021-03-27 21:00:00+00:00,27.0,121.0,91.0,363.0,311.0,488.0,0.0,0.0,0.0,3.0,0.0,0.0,0.0,2.0,0.0,0.0,0.0,0.0,0.0,0.0,596.0,240.0,0.0,2.0,0.0,0.0,0.0,,1381.0,117.0,194.0,30.0,33.0,0.0,110.0,369.0,270.0,7.0,0.0,,600.0,76.0
2021-03-27 22:00:00+00:00,78.0,0.0,42.0,350.0,274.0,530.0,0.0,0.0,0.0,0.0,0.0,45.0,0.0,67.0,0.0,0.0,0.0,0.0,0.0,0.0,596.0,281.0,0.0,0.0,0.0,108.0,0.0,,1416.0,122.0,121.0,0.0,0.0,0.0,39.0,399.0,202.0,18.0,0.0,,602.0,78.0
2021-03-27 23:00:00+00:00,81.0,0.0,37.0,352.0,221.0,342.0,0.0,0.0,0.0,0.0,0.0,177.0,20.0,146.0,0.0,0.0,0.0,0.0,0.0,0.0,465.0,363.0,0.0,1.0,0.0,209.0,0.0,,1147.0,45.0,378.0,0.0,0.0,0.0,0.0,452.0,214.0,25.0,0.0,,457.0,79.0
2021-03-28 00:00:00+00:00,118.0,0.0,44.0,333.0,0.0,278.0,0.0,0.0,0.0,0.0,0.0,172.0,45.0,186.0,0.0,0.0,0.0,0.0,0.0,0.0,517.0,413.0,0.0,0.0,0.0,0.0,0.0,,1098.0,16.0,320.0,0.0,0.0,0.0,0.0,510.0,215.0,27.0,0.0,,455.0,79.0
2021-03-28 01:00:00+00:00,159.0,0.0,29.0,315.0,142.0,258.0,0.0,0.0,0.0,0.0,0.0,124.0,58.0,169.0,0.0,0.0,0.0,0.0,0.0,0.0,486.0,459.0,0.0,0.0,0.0,290.0,0.0,,1098.0,6.0,403.0,0.0,0.0,0.0,0.0,521.0,246.0,54.0,0.0,,433.0,79.0
2021-03-28 02:00:00+00:00,181.0,0.0,56.0,287.0,146.0,215.0,0.0,0.0,0.0,0.0,0.0,181.0,80.0,167.0,0.0,0.0,0.0,0.0,0.0,0.0,517.0,484.0,0.0,0.0,0.0,281.0,0.0,,762.0,27.0,489.0,0.0,0.0,0.0,0.0,551.0,191.0,10.0,0.0,,395.0,80.0
2021-03-28 03:00:00+00:00,181.0,0.0,29.0,284.0,58.0,273.0,0.0,0.0,0.0,0.0,0.0,112.0,44.0,139.0,0.0,0.0,0.0,0.0,0.0,0.0,552.0,484.0,0.0,0.0,0.0,349.0,0.0,,751.0,55.0,485.0,0.0,0.0,0.0,0.0,572.0,191.0,51.0,0.0,,420.0,148.0
2021-03-28 04:00:00+00:00,167.0,0.0,34.0,283.0,48.0,263.0,0.0,0.0,0.0,0.0,0.0,185.0,64.0,166.0,0.0,0.0,0.0,0.0,0.0,0.0,599.0,441.0,0.0,0.0,0.0,424.0,0.0,,750.0,53.0,372.0,0.0,0.0,0.0,0.0,598.0,206.0,22.0,0.0,,431.0,218.0
2021-03-28 05:00:00+00:00,184.0,0.0,76.0,272.0,47.0,241.0,0.0,0.0,0.0,0.0,0.0,266.0,62.0,132.0,0.0,0.0,0.0,0.0,0.0,0.0,600.0,410.0,0.0,0.0,0.0,355.0,0.0,,750.0,83.0,354.0,0.0,0.0,0.0,0.0,572.0,242.0,8.0,0.0,,374.0,214.0
2021-03-28 06:00:00+00:00,122.0,0.0,62.0,287.0,18.0,258.0,0.0,0.0,0.0,0.0,0.0,195.0,25.0,94.0,0.0,0.0,0.0,0.0,0.0,0.0,600.0,345.0,0.0,0.0,0.0,296.0,0.0,,749.0,101.0,282.0,0.0,0.0,0.0,0.0,517.0,290.0,13.0,0.0,,341.0,215.0
2021-03-28 07:00:00+00:00,136.0,0.0,80.0,303.0,84.0,300.0,0.0,0.0,0.0,0.0,0.0,304.0,34.0,97.0,0.0,0.0,0.0,0.0,0.0,0.0,592.0,348.0,0.0,2.0,0.0,255.0,0.0,,750.0,106.0,260.0,0.0,0.0,0.0,0.0,499.0,267.0,10.0,0.0,,246.0,216.0
2021-03-28 08:00:00+00:00,111.0,0.0,175.0,325.0,120.0,295.0,0.0,0.0,0.0,0.0,0.0,351.0,18.0,149.0,0.0,0.0,0.0,0.0,0.0,0.0,601.0,326.0,0.0,0.0,0.0,202.0,0.0,,753.0,76.0,302.0,0.0,0.0,0.0,0.0,460.0,238.0,0.0,0.0,,280.0,213.0
2021-03-28 09:00:00+00:00,82.0,0.0,242.0,326.0,168.0,161.0,0.0,0.0,0.0,0.0,0.0,351.0,9.0,203.0,0.0,0.0,0.0,0.0,0.0,0.0,594.0,334.0,0.0,4.0,0.0,191.0,0.0,0.0,619.0,1.0,505.0,0.0,0.0,0.0,0.0,471.0,201.0,0.0,0.0,475.0,298.0,213.0
2021-03-28 10:00:00+00:00,73.0,0.0,190.0,346.0,187.0,139.0,0.0,0.0,0.0,0.0,0.0,257.0,0.0,176.0,0.0,0.0,0.0,0.0,0.0,0.0,601.0,357.0,0.0,14.0,0.0,179.0,0.0,0.0,611.0,11.0,471.0,0.0,0.0,0.0,29.0,381.0,216.0,1.0,0.0,383.0,313.0,214.0
2021-03-28 11:00:00+00:00,83.0,0.0,194.0,355.0,235.0,184.0,0.0,0.0,0.0,0.0,0.0,287.0,0.0,171.0,0.0,0.0,0.0,0.0,0.0,0.0,601.0,423.0,0.0,32.0,0.0,190.0,0.0,0.0,611.0,27.0,481.0,0.0,0.0,0.0,32.0,302.0,209.0,1.0,0.0,353.0,315.0,214.0
2021-03-28 12:00:00+00:00,94.0,0.0,210.0,346.0,236.0,161.0,0.0,0.0,0.0,0.0,0.0,299.0,0.0,151.0,0.0,0.0,0.0,0.0,0.0,0.0,601.0,447.0,0.0,47.0,0.0,219.0,0.0,0.0,610.0,22.0,475.0,0.0,0.0,0.0,12.0,372.0,219.0,2.0,0.0,379.0,344.0,211.0
2021-03-28 13:00:00+00:00,113.0,0.0,250.0,318.0,203.0,179.0,0.0,0.0,0.0,0.0,0.0,322.0,13.0,164.0,0.0,0.0,0.0,0.0,0.0,0.0,601.0,459.0,0.0,38.0,0.0,219.0,0.0,0.0,610.0,32.0,478.0,0.0,0.0,0.0,0.0,387.0,196.0,0.0,0.0,477.0,399.0,214.0
2021-03-28 14:00:00+00:00,133.0,0.0,173.0,308.0,132.0,194.0,0.0,0.0,0.0,0.0,0.0,371.0,37.0,160.0,0.0,0.0,0.0,0.0,0.0,0.0,601.0,434.0,0.0,10.0,0.0,265.0,0.0,0.0,611.0,49.0,417.0,0.0,0.0,0.0,0.0,527.0,227.0,2.0,0.0,532.0,430.0,213.0
2021-03-28 15:00:00+00:00,195.0,0.0,64.0,282.0,112.0,269.0,0.0,0.0,0.0,0.0,0.0,83.0,0.0,15.0,0.0,0.0,0.0,0.0,0.0,0.0,599.0,389.0,0.0,0.0,0.0,210.0,0.0,0.0,612.0,74.0,300.0,0.0,12.0,0.0,28.0,468.0,216.0,13.0,0.0,491.0,379.0,213.0
2021-03-28 16:00:00+00:00,211.0,183.0,68.0,293.0,47.0,402.0,0.0,0.0,0.0,0.0,0.0,0.0,0.0,0.0,0.0,0.0,2.0,0.0,0.0,0.0,552.0,358.0,0.0,0.0,0.0,0.0,0.0,0.0,745.0,143.0,118.0,18.0,119.0,0.0,89.0,550.0,219.0,14.0,0.0,412.0,303.0,215.0
2021-03-28 17:00:00+00:00,128.0,162.0,115.0,366.0,71.0,495.0,0.0,0.0,0.0,0.0,0.0,0.0,0.0,0.0,0.0,0.0,0.0,0.0,0.0,0.0,551.0,302.0,0.0,12.0,0.0,0.0,0.0,0.0,752.0,156.0,203.0,148.0,107.0,0.0,73.0,532.0,308.0,2.0,0.0,357.0,394.0,214.0
2021-03-28 18:00:00+00:00,29.0,286.0,163.0,402.0,265.0,478.0,0.0,0.0,0.0,4.0,0.0,0.0,0.0,0.0,0.0,0.0,0.0,0.0,0.0,0.0,550.0,311.0,0.0,35.0,0.0,0.0,0.0,0.0,752.0,139.0,204.0,329.0,149.0,0.0,135.0,485.0,369.0,2.0,0.0,174.0,305.0,215.0
2021-03-28 19:00:00+00:00,0.0,376.0,206.0,423.0,380.0,496.0,0.0,0.0,0.0,69.0,0.0,0.0,0.0,0.0,0.0,0.0,0.0,0.0,0.0,0.0,528.0,273.0,0.0,56.0,0.0,0.0,0.0,0.0,752.0,112.0,214.0,248.0,106.0,0.0,185.0,293.0,386.0,0.0,0.0,102.0,491.0,213.0
2021-03-28 20:00:00+00:00,0.0,290.0,191.0,432.0,456.0,531.0,0.0,0.0,0.0,106.0,0.0,0.0,0.0,0.0,0.0,0.0,0.0,0.0,0.0,0.0,515.0,271.0,0.0,1.0,0.0,0.0,0.0,1.0,752.0,112.0,181.0,110.0,87.0,0.0,212.0,161.0,391.0,0.0,0.0,14.0,524.0,213.0
2021-03-28 21:00:00+00:00,1.0,315.0,187.0,416.0,483.0,536.0,0.0,0.0,0.0,79.0,0.0,0.0,0.0,0.0,0.0,0.0,0.0,0.0,0.0,0.0,492.0,308.0,0.0,1.0,0.0,55.0,0.0,0.0,752.0,81.0,193.0,0.0,58.0,0.0,179.0,146.0,354.0,2.0,0.0,14.0,526.0,215.0
2021-03-28 22:00:00+00:00,19.0,215.0,146.0,450.0,451.0,456.0,0.0,0.0,0.0,6.0,0.0,0.0,0.0,32.0,0.0,0.0,0.0,0.0,0.0,0.0,545.0,480.0,0.0,0.0,0.0,362.0,0.0,2.0,979.0,37.0,113.0,0.0,2.0,0.0,129.0,211.0,425.0,1.0,0.0,33.0,583.0,213.0
2021-03-28 23:00:00+00:00,47.0,158.0,133.0,436.0,397.0,401.0,0.0,0.0,0.0,0.0,0.0,0.0,0.0,37.0,0.0,0.0,0.0,0.0,0.0,0.0,599.0,549.0,0.0,1.0,0.0,380.0,0.0,0.0,999.0,16.0,182.0,0.0,0.0,0.0,102.0,197.0,417.0,2.0,0.0,66.0,547.0,215.0
2021-03-29 00:00:00+00:00,13.0,240.0,99.0,416.0,334.0,372.0,0.0,0.0,0.0,9.0,0.0,0.0,0.0,18.0,0.0,0.0,0.0,0.0,0.0,0.0,600.0,586.0,0.0,2.0,0.0,345.0,0.0,0.0,998.0,19.0,222.0,0.0,7.0,0.0,118.0,192.0,397.0,3.0,0.0,95.0,514.0,214.0
2021-03-29 01:00:00+00:00,38.0,222.0,94.0,395.0,283.0,390.0,0.0,0.0,0.0,1.0,0.0,0.0,0.0,8.0,0.0,0.0,0.0,0.0,0.0,0.0,600.0,622.0,0.0,2.0,0.0,273.0,0.0,0.0,998.0,35.0,180.0,0.0,11.0,0.0,111.0,261.0,368.0,5.0,0.0,173.0,503.0,216.0
2021-03-29 02:00:00+00:00,26.0,173.0,92.0,400.0,268.0,406.0,0.0,0.0,0.0,2.0,0.0,0.0,0.0,4.0,0.0,0.0,0.0,0.0,0.0,0.0,600.0,647.0,0.0,0.0,0.0,273.0,0.0,0.0,998.0,47.0,169.0,0.0,13.0,0.0,105.0,291.0,366.0,6.0,0.0,185.0,504.0,215.0
2021-03-29 03:00:00+00:00,44.0,182.0,121.0,417.0,302.0,362.0,0.0,0.0,0.0,1.0,0.0,0.0,0.0,6.0,0.0,0.0,0.0,0.0,0.0,0.0,600.0,587.0,0.0,2.0,0.0,205.0,0.0,0.0,504.0,110.0,169.0,0.0,20.0,0.0,99.0,429.0,413.0,2.0,0.0,284.0,488.0,213.0
2021-03-29 04:00:00+00:00,66.0,470.0,212.0,416.0,349.0,0.0,126.0,0.0,0.0,0.0,0.0,0.0,0.0,0.0,0.0,0.0,0.0,21.0,0.0,0.0,600.0,486.0,0.0,3.0,0.0,170.0,0.0,0.0,119.0,54.0,0.0,0.0,181.0,0.0,222.0,293.0,508.0,0.0,0.0,124.0,475.0,214.0
2021-03-29 05:00:00+00:00,120.0,779.0,204.0,414.0,355.0,41.0,121.0,0.0,0.0,0.0,0.0,0.0,0.0,0.0,0.0,0.0,0.0,0.0,0.0,0.0,600.0,395.0,0.0,1.0,0.0,0.0,0.0,0.0,96.0,57.0,0.0,49.0,304.0,0.0,301.0,275.0,517.0,0.0,0.0,90.0,474.0,216.0
2021-03-29 06:00:00+00:00,176.0,828.0,196.0,401.0,311.0,87.0,96.0,0.0,0.0,0.0,0.0,0.0,0.0,0.0,0.0,0.0,0.0,0.0,0.0,0.0,601.0,414.0,0.0,4.0,0.0,0.0,0.0,7.0,96.0,75.0,0.0,54.0,393.0,0.0,297.0,113.0,503.0,0.0,0.0,17.0,400.0,214.0
2021-03-29 07:00:00+00:00,150.0,889.0,198.0,403.0,376.0,117.0,93.0,0.0,0.0,0.0,0.0,0.0,0.0,0.0,0.0,0.0,0.0,0.0,0.0,0.0,601.0,388.0,0.0,4.0,0.0,21.0,0.0,45.0,70.0,84.0,0.0,0.0,390.0,0.0,321.0,34.0,507.0,2.0,0.0,0.0,398.0,215.0
2021-03-29 08:00:00+00:00,107.0,781.0,202.0,385.0,387.0,117.0,118.0,0.0,0.0,0.0,0.0,0.0,0.0,0.0,0.0,0.0,0.0,0.0,0.0,0.0,601.0,346.0,0.0,2.0,0.0,210.0,0.0,42.0,70.0,86.0,0.0,0.0,346.0,0.0,281.0,0.0,483.0,1.0,24.0,0.0,365.0,212.0
2021-03-29 09:00:00+00:00,84.0,694.0,194.0,383.0,411.0,156.0,151.0,0.0,0.0,0.0,0.0,0.0,0.0,0.0,0.0,0.0,0.0,0.0,0.0,0.0,601.0,342.0,0.0,0.0,0.0,255.0,0.0,96.0,93.0,92.0,0.0,0.0,278.0,0.0,297.0,0.0,500.0,0.0,126.0,0.0,318.0,214.0
2021-03-29 10:00:00+00:00,80.0,633.0,227.0,394.0,391.0,170.0,165.0,0.0,0.0,0.0,0.0,0.0,0.0,0.0,0.0,0.0,0.0,0.0,0.0,0.0,601.0,345.0,0.0,4.0,0.0,340.0,0.0,100.0,95.0,89.0,0.0,0.0,284.0,0.0,292.0,0.0,495.0,0.0,108.0,0.0,264.0,213.0
2021-03-29 11:00:00+00:00,75.0,561.0,225.0,379.0,368.0,154.0,158.0,0.0,0.0,0.0,0.0,0.0,0.0,0.0,0.0,0.0,0.0,0.0,0.0,0.0,601.0,353.0,0.0,12.0,0.0,374.0,0.0,77.0,96.0,97.0,0.0,0.0,230.0,0.0,289.0,0.0,481.0,0.0,103.0,0.0,237.0,214.0
2021-03-29 12:00:00+00:00,61.0,556.0,276.0,389.0,359.0,100.0,123.0,0.0,0.0,0.0,0.0,0.0,0.0,0.0,0.0,0.0,0.0,0.0,0.0,0.0,601.0,383.0,0.0,9.0,0.0,309.0,0.0,105.0,96.0,92.0,0.0,0.0,237.0,0.0,282.0,0.0,486.0,0.0,101.0,0.0,247.0,213.0
2021-03-29 13:00:00+00:00,75.0,624.0,243.0,384.0,355.0,97.0,119.0,0.0,0.0,0.0,0.0,0.0,0.0,0.0,0.0,0.0,0.0,0.0,0.0,0.0,601.0,394.0,0.0,0.0,0.0,365.0,0.0,110.0,96.0,104.0,0.0,0.0,317.0,0.0,288.0,0.0,501.0,0.0,65.0,0.0,291.0,215.0
2021-03-29 14:00:00+00:00,106.0,686.0,188.0,359.0,333.0,96.0,109.0,0.0,0.0,0.0,0.0,0.0,0.0,0.0,0.0,0.0,1.0,0.0,0.0,0.0,601.0,375.0,0.0,0.0,0.0,264.0,0.0,62.0,96.0,109.0,0.0,0.0,346.0,0.0,275.0,70.0,467.0,1.0,0.0,0.0,355.0,216.0
2021-03-29 15:00:00+00:00,162.0,887.0,182.0,366.0,291.0,106.0,122.0,0.0,0.0,0.0,0.0,0.0,0.0,0.0,0.0,0.0,0.0,0.0,0.0,0.0,601.0,413.0,0.0,2.0,0.0,0.0,0.0,133.0,96.0,108.0,0.0,89.0,481.0,0.0,299.0,18.0,445.0,0.0,5.0,0.0,385.0,217.0
2021-03-29 16:00:00+00:00,200.0,973.0,194.0,393.0,330.0,97.0,133.0,0.0,0.0,0.0,0.0,0.0,0.0,0.0,0.0,0.0,5.0,0.0,0.0,0.0,600.0,390.0,0.0,0.0,0.0,0.0,0.0,128.0,96.0,100.0,0.0,149.0,562.0,0.0,280.0,55.0,462.0,1.0,0.0,0.0,404.0,215.0
2021-03-29 17:00:00+00:00,172.0,907.0,204.0,445.0,418.0,146.0,138.0,0.0,0.0,0.0,0.0,0.0,0.0,0.0,0.0,0.0,45.0,0.0,0.0,0.0,601.0,369.0,0.0,0.0,0.0,0.0,0.0,86.0,96.0,94.0,0.0,151.0,551.0,0.0,249.0,140.0,521.0,0.0,0.0,0.0,425.0,213.0
2021-03-29 18:00:00+00:00,148.0,872.0,206.0,434.0,402.0,508.0,28.0,0.0,0.0,0.0,0.0,0.0,0.0,0.0,0.0,0.0,24.0,0.0,0.0,0.0,601.0,389.0,0.0,0.0,0.0,0.0,0.0,51.0,624.0,166.0,0.0,28.0,467.0,0.0,252.0,166.0,468.0,0.0,0.0,0.0,466.0,213.0
2021-03-29 19:00:00+00:00,105.0,815.0,225.0,431.0,419.0,531.0,77.0,0.0,0.0,2.0,0.0,0.0,0.0,0.0,0.0,0.0,0.0,0.0,0.0,0.0,600.0,370.0,0.0,11.0,0.0,282.0,0.0,19.0,843.0,165.0,0.0,0.0,338.0,0.0,243.0,180.0,489.0,2.0,0.0,0.0,477.0,215.0
2021-03-29 20:00:00+00:00,120.0,526.0,183.0,426.0,433.0,598.0,126.0,0.0,0.0,0.0,0.0,0.0,0.0,0.0,0.0,0.0,0.0,0.0,0.0,0.0,600.0,331.0,0.0,0.0,0.0,442.0,0.0,0.0,886.0,153.0,0.0,0.0,145.0,0.0,202.0,287.0,511.0,0.0,0.0,87.0,515.0,215.0
2021-03-29 21:00:00+00:00,76.0,456.0,224.0,430.0,449.0,474.0,309.0,0.0,0.0,0.0,0.0,0.0,0.0,0.0,0.0,0.0,0.0,0.0,0.0,0.0,600.0,337.0,0.0,1.0,0.0,466.0,0.0,0.0,881.0,105.0,0.0,0.0,88.0,0.0,205.0,268.0,498.0,0.0,0.0,86.0,541.0,213.0
2021-03-29 22:00:00+00:00,1.0,507.0,234.0,398.0,478.0,439.0,286.0,0.0,0.0,76.0,0.0,0.0,0.0,0.0,0.0,0.0,0.0,0.0,0.0,0.0,600.0,288.0,0.0,0.0,0.0,469.0,0.0,0.0,632.0,129.0,0.0,0.0,63.0,0.0,228.0,176.0,490.0,0.0,0.0,27.0,540.0,214.0
2021-03-29 23:00:00+00:00,0.0,547.0,238.0,378.0,459.0,449.0,290.0,0.0,0.0,82.0,0.0,0.0,0.0,0.0,0.0,0.0,1.0,0.0,0.0,0.0,600.0,307.0,0.0,0.0,0.0,463.0,0.0,3.0,609.0,135.0,0.0,0.0,90.0,0.0,220.0,109.0,511.0,0.0,0.0,3.0,520.0,214.0
2021-03-30 00:00:00+00:00,0.0,690.0,182.0,338.0,495.0,438.0,286.0,0.0,0.0,182.0,0.0,0.0,0.0,0.0,0.0,0.0,0.0,0.0,0.0,0.0,601.0,222.0,0.0,0.0,0.0,466.0,0.0,58.0,609.0,130.0,0.0,0.0,183.0,0.0,278.0,22.0,483.0,1.0,5.0,0.0,490.0,212.0
2021-03-30 01:00:00+00:00,0.0,792.0,133.0,291.0,463.0,434.0,245.0,0.0,0.0,203.0,0.0,0.0,0.0,0.0,0.0,0.0,0.0,0.0,0.0,0.0,601.0,176.0,0.0,1.0,0.0,513.0,0.0,84.0,610.0,131.0,0.0,0.0,260.0,0.0,289.0,0.0,424.0,1.0,46.0,0.0,453.0,209.0
2021-03-30 02:00:00+00:00,0.0,820.0,94.0,276.0,432.0,523.0,106.0,0.0,0.0,183.0,0.0,0.0,0.0,0.0,0.0,0.0,0.0,0.0,0.0,0.0,601.0,178.0,0.0,0.0,0.0,537.0,0.0,88.0,610.0,168.0,0.0,0.0,311.0,0.0,280.0,0.0,374.0,4.0,57.0,0.0,416.0,212.0
2021-03-30 03:00:00+00:00,0.0,768.0,121.0,323.0,447.0,420.0,15.0,0.0,0.0,156.0,0.0,0.0,0.0,0.0,0.0,0.0,0.0,0.0,0.0,0.0,600.0,216.0,0.0,0.0,0.0,489.0,0.0,51.0,413.0,159.0,0.0,0.0,308.0,0.0,256.0,7.0,411.0,2.0,32.0,0.0,399.0,216.0
2021-03-30 04:00:00+00:00,0.0,1024.0,71.0,309.0,416.0,82.0,147.0,0.0,0.0,79.0,0.0,0.0,0.0,0.0,0.0,0.0,0.0,0.0,0.0,0.0,600.0,212.0,0.0,2.0,0.0,304.0,0.0,165.0,121.0,57.0,0.0,0.0,492.0,0.0,280.0,0.0,365.0,10.0,76.0,0.0,430.0,216.0
2021-03-30 05:00:00+00:00,86.0,907.0,78.0,314.0,347.0,28.0,51.0,0.0,0.0,0.0,0.0,0.0,0.0,0.0,0.0,0.0,0.0,0.0,0.0,0.0,601.0,237.0,0.0,0.0,0.0,131.0,0.0,71.0,96.0,52.0,0.0,0.0,404.0,0.0,224.0,107.0,332.0,7.0,0.0,0.0,450.0,214.0
2021-03-30 06:00:00+00:00,126.0,1099.0,7.0,323.0,361.0,48.0,15.0,0.0,0.0,0.0,0.0,0.0,0.0,0.0,0.0,0.0,0.0,0.0,0.0,0.0,600.0,161.0,0.0,2.0,0.0,34.0,0.0,202.0,95.0,43.0,0.0,0.0,545.0,0.0,314.0,0.0,229.0,66.0,51.0,0.0,421.0,216.0
2021-03-30 07:00:00+00:00,21.0,1039.0,3.0,286.0,390.0,105.0,34.0,0.0,5.0,17.0,0.0,0.0,0.0,0.0,0.0,0.0,0.0,0.0,0.0,0.0,601.0,36.0,0.0,3.0,0.0,63.0,0.0,296.0,70.0,35.0,0.0,0.0,579.0,0.0,350.0,0.0,208.0,130.0,214.0,0.0,352.0,214.0
2021-03-30 08:00:00+00:00,0.0,1009.0,0.0,261.0,425.0,110.0,60.0,0.0,71.0,71.0,0.0,0.0,0.0,0.0,0.0,0.0,0.0,0.0,0.0,0.0,601.0,1.0,0.0,3.0,0.0,170.0,0.0,353.0,70.0,26.0,0.0,0.0,558.0,0.0,368.0,0.0,168.0,149.0,301.0,0.0,302.0,214.0
2021-03-30 09:00:00+00:00,0.0,904.0,0.0,242.0,464.0,108.0,64.0,0.0,143.0,132.0,0.0,0.0,0.0,0.0,0.0,0.0,0.0,0.0,0.0,0.0,601.0,0.0,0.0,1.0,0.0,141.0,0.0,312.0,95.0,34.0,0.0,0.0,519.0,0.0,366.0,0.0,148.0,160.0,315.0,0.0,263.0,214.0
2021-03-30 10:00:00+00:00,0.0,769.0,0.0,220.0,436.0,144.0,96.0,0.0,155.0,191.0,0.0,0.0,0.0,0.0,0.0,0.0,0.0,0.0,0.0,0.0,602.0,0.0,0.0,6.0,0.0,117.0,0.0,280.0,96.0,21.0,0.0,0.0,442.0,0.0,333.0,0.0,101.0,169.0,280.0,0.0,226.0,214.0
2021-03-30 11:00:00+00:00,0.0,802.0,0.0,231.0,461.0,173.0,128.0,0.0,139.0,219.0,0.0,0.0,0.0,0.0,0.0,0.0,0.0,0.0,0.0,0.0,602.0,0.0,0.0,11.0,0.0,109.0,0.0,331.0,97.0,32.0,0.0,0.0,494.0,0.0,352.0,0.0,123.0,158.0,331.0,0.0,211.0,214.0
2021-03-30 12:00:00+00:00,0.0,659.0,2.0,225.0,398.0,153.0,118.0,0.0,86.0,192.0,0.0,0.0,0.0,0.0,0.0,0.0,0.0,0.0,0.0,0.0,601.0,0.0,0.0,13.0,0.0,102.0,0.0,280.0,97.0,38.0,0.0,0.0,462.0,0.0,315.0,0.0,115.0,118.0,281.0,0.0,197.0,216.0
2021-03-30 13:00:00+00:00,0.0,742.0,0.0,206.0,368.0,144.0,131.0,0.0,88.0,181.0,0.0,0.0,0.0,0.0,0.0,0.0,0.0,0.0,0.0,0.0,601.0,0.0,0.0,1.0,0.0,88.0,0.0,238.0,97.0,49.0,0.0,0.0,450.0,0.0,308.0,0.0,122.0,143.0,213.0,0.0,235.0,214.0
2021-03-30 14:00:00+00:00,0.0,880.0,0.0,212.0,369.0,162.0,152.0,0.0,21.0,142.0,0.0,0.0,0.0,0.0,0.0,0.0,3.0,0.0,0.0,0.0,601.0,5.0,0.0,0.0,0.0,73.0,0.0,206.0,97.0,54.0,0.0,0.0,514.0,0.0,297.0,0.0,158.0,151.0,131.0,0.0,263.0,212.0
2021-03-30 15:00:00+00:00,0.0,1001.0,3.0,201.0,323.0,128.0,124.0,0.0,16.0,68.0,0.0,0.0,0.0,0.0,0.0,0.0,0.0,0.0,0.0,0.0,601.0,8.0,0.0,1.0,0.0,0.0,0.0,168.0,96.0,55.0,0.0,62.0,574.0,0.0,293.0,0.0,184.0,94.0,112.0,0.0,314.0,213.0
2021-03-30 16:00:00+00:00,17.0,1105.0,7.0,262.0,359.0,96.0,110.0,0.0,0.0,4.0,0.0,0.0,0.0,0.0,0.0,0.0,0.0,0.0,0.0,0.0,601.0,45.0,0.0,0.0,0.0,0.0,0.0,150.0,96.0,51.0,0.0,113.0,658.0,0.0,299.0,9.0,238.0,70.0,7.0,0.0,366.0,215.0
2021-03-30 17:00:00+00:00,91.0,1023.0,32.0,307.0,338.0,116.0,100.0,0.0,0.0,0.0,0.0,0.0,0.0,0.0,0.0,0.0,0.0,0.0,0.0,0.0,601.0,122.0,0.0,2.0,0.0,0.0,0.0,80.0,96.0,45.0,0.0,202.0,626.0,0.0,267.0,103.0,277.0,27.0,0.0,0.0,394.0,214.0
2021-03-30 18:00:00+00:00,82.0,912.0,32.0,322.0,381.0,487.0,0.0,0.0,0.0,0.0,0.0,0.0,0.0,0.0,0.0,0.0,0.0,0.0,0.0,0.0,601.0,160.0,0.0,1.0,0.0,24.0,0.0,4.0,628.0,109.0,33.0,0.0,493.0,0.0,235.0,191.0,294.0,25.0,0.0,16.0,427.0,214.0
2021-03-30 19:00:00+00:00,24.0,982.0,12.0,290.0,379.0,540.0,4.0,0.0,0.0,4.0,0.0,0.0,0.0,0.0,0.0,0.0,0.0,0.0,0.0,0.0,600.0,91.0,0.0,1.0,0.0,117.0,0.0,61.0,969.0,101.0,0.0,0.0,506.0,0.0,283.0,58.0,246.0,50.0,0.0,0.0,436.0,215.0
2021-03-30 20:00:00+00:00,0.0,811.0,8.0,264.0,374.0,616.0,21.0,0.0,19.0,53.0,0.0,0.0,0.0,0.0,0.0,0.0,0.0,0.0,0.0,0.0,601.0,8.0,0.0,2.0,0.0,142.0,0.0,71.0,998.0,93.0,0.0,0.0,488.0,0.0,246.0,29.0,228.0,78.0,13.0,0.0,430.0,212.0
2021-03-30 21:00:00+00:00,0.0,617.0,49.0,226.0,335.0,614.0,32.0,0.0,19.0,91.0,0.0,0.0,0.0,0.0,0.0,0.0,0.0,0.0,0.0,0.0,601.0,9.0,0.0,1.0,0.0,306.0,0.0,0.0,998.0,105.0,0.0,0.0,338.0,0.0,201.0,151.0,150.0,48.0,0.0,40.0,478.0,210.0
2021-03-30 22:00:00+00:00,0.0,661.0,10.0,273.0,378.0,601.0,74.0,0.0,1.0,152.0,0.0,0.0,0.0,0.0,0.0,0.0,0.0,0.0,0.0,0.0,601.0,84.0,0.0,0.0,0.0,338.0,0.0,0.0,999.0,119.0,0.0,0.0,141.0,0.0,191.0,105.0,221.0,58.0,0.0,61.0,446.0,215.0
2021-03-30 23:00:00+00:00,0.0,720.0,5.0,254.0,328.0,603.0,103.0,0.0,0.0,108.0,0.0,0.0,0.0,0.0,0.0,0.0,0.0,0.0,0.0,0.0,601.0,160.0,0.0,0.0,0.0,406.0,0.0,0.0,999.0,126.0,0.0,0.0,151.0,0.0,200.0,51.0,230.0,95.0,0.0,54.0,426.0,214.0
2021-03-31 00:00:00+00:00,0.0,864.0,0.0,202.0,325.0,624.0,114.0,0.0,0.0,187.0,0.0,0.0,0.0,0.0,0.0,0.0,0.0,0.0,0.0,0.0,601.0,92.0,0.0,1.0,0.0,358.0,0.0,10.0,999.0,132.0,0.0,0.0,214.0,0.0,235.0,0.0,166.0,118.0,44.0,0.0,391.0,212.0
2021-03-31 01:00:00+00:00,0.0,842.0,0.0,167.0,315.0,604.0,110.0,0.0,0.0,233.0,0.0,0.0,0.0,0.0,0.0,0.0,0.0,0.0,0.0,0.0,601.0,40.0,0.0,1.0,0.0,322.0,0.0,34.0,998.0,139.0,0.0,0.0,266.0,0.0,226.0,0.0,145.0,160.0,99.0,0.0,365.0,216.0
2021-03-31 02:00:00+00:00,0.0,836.0,2.0,166.0,317.0,512.0,186.0,0.0,1.0,225.0,0.0,0.0,0.0,0.0,0.0,0.0,1.0,0.0,0.0,0.0,601.0,35.0,0.0,0.0,0.0,316.0,0.0,23.0,998.0,121.0,0.0,0.0,284.0,0.0,224.0,0.0,117.0,147.0,77.0,2.0,342.0,217.0
2021-03-31 03:00:00+00:00,0.0,746.0,0.0,202.0,336.0,404.0,146.0,0.0,1.0,215.0,0.0,0.0,0.0,0.0,0.0,0.0,0.0,0.0,0.0,0.0,601.0,51.0,0.0,0.0,0.0,216.0,0.0,0.0,506.0,152.0,0.0,0.0,250.0,0.0,200.0,113.0,181.0,114.0,0.0,105.0,374.0,213.0
2021-03-31 04:00:00+00:00,0.0,1101.0,3.0,174.0,271.0,175.0,309.0,0.0,1.0,78.0,0.0,0.0,0.0,0.0,0.0,0.0,0.0,0.0,0.0,0.0,601.0,38.0,0.0,1.0,0.0,0.0,0.0,65.0,116.0,104.0,0.0,12.0,526.0,0.0,253.0,12.0,206.0,121.0,5.0,0.0,413.0,210.0
2021-03-31 05:00:00+00:00,35.0,1005.0,1.0,169.0,255.0,125.0,205.0,0.0,20.0,1.0,0.0,0.0,0.0,0.0,0.0,0.0,3.0,0.0,0.0,0.0,601.0,6.0,0.0,0.0,0.0,0.0,0.0,0.0,96.0,101.0,0.0,159.0,518.0,0.0,224.0,144.0,165.0,143.0,0.0,10.0,433.0,212.0
2021-03-31 06:00:00+00:00,62.0,1123.0,2.0,204.0,267.0,132.0,157.0,0.0,17.0,0.0,0.0,0.0,0.0,0.0,0.0,0.0,0.0,0.0,0.0,0.0,601.0,9.0,0.0,0.0,0.0,0.0,0.0,29.0,95.0,86.0,0.0,269.0,542.0,0.0,264.0,68.0,168.0,160.0,0.0,0.0,401.0,212.0
2021-03-31 07:00:00+00:00,0.0,980.0,2.0,185.0,287.0,197.0,179.0,0.0,70.0,60.0,0.0,0.0,0.0,0.0,0.0,0.0,0.0,0.0,0.0,0.0,602.0,0.0,0.0,1.0,0.0,0.0,0.0,84.0,69.0,75.0,0.0,233.0,538.0,0.0,283.0,0.0,155.0,120.0,54.0,0.0,334.0,212.0
2021-03-31 08:00:00+00:00,0.0,918.0,0.0,189.0,321.0,145.0,162.0,0.0,100.0,78.0,0.0,0.0,0.0,0.0,0.0,0.0,0.0,0.0,0.0,0.0,601.0,0.0,0.0,3.0,0.0,0.0,0.0,79.0,69.0,83.0,0.0,112.0,454.0,0.0,290.0,0.0,175.0,142.0,123.0,0.0,245.0,211.0
2021-03-31 09:00:00+00:00,0.0,892.0,2.0,156.0,343.0,161.0,175.0,4.0,198.0,178.0,0.0,0.0,0.0,0.0,0.0,0.0,0.0,0.0,0.0,0.0,601.0,0.0,0.0,20.0,0.0,0.0,0.0,137.0,95.0,80.0,0.0,110.0,423.0,0.0,309.0,0.0,47.0,113.0,207.0,0.0,198.0,212.0
2021-03-31 10:00:00+00:00,0.0,733.0,6.0,138.0,328.0,173.0,195.0,46.0,217.0,246.0,0.0,0.0,0.0,0.0,0.0,0.0,0.0,0.0,0.0,0.0,601.0,0.0,0.0,33.0,0.0,0.0,0.0,138.0,96.0,79.0,0.0,121.0,348.0,0.0,289.0,0.0,7.0,78.0,186.0,0.0,103.0,214.0
2021-03-31 11:00:00+00:00,0.0,795.0,1.0,106.0,313.0,189.0,201.0,86.0,249.0,206.0,0.0,0.0,0.0,0.0,0.0,0.0,0.0,0.0,0.0,0.0,559.0,0.0,0.0,42.0,0.0,0.0,0.0,146.0,96.0,79.0,0.0,76.0,359.0,0.0,296.0,0.0,1.0,122.0,220.0,0.0,95.0,210.0
2021-03-31 12:00:00+00:00,0.0,702.0,1.0,109.0,265.0,188.0,210.0,85.0,229.0,155.0,0.0,0.0,0.0,0.0,0.0,0.0,0.0,0.0,0.0,0.0,599.0,0.0,0.0,42.0,0.0,0.0,0.0,93.0,97.0,83.0,0.0,16.0,330.0,0.0,274.0,0.0,1.0,137.0,189.0,0.0,57.0,211.0
2021-03-31 13:00:00+00:00,0.0,691.0,0.0,132.0,271.0,200.0,227.0,55.0,191.0,147.0,0.0,0.0,0.0,0.0,0.0,0.0,0.0,0.0,0.0,0.0,601.0,0.0,0.0,33.0,0.0,36.0,0.0,100.0,97.0,102.0,0.0,0.0,348.0,0.0,275.0,0.0,1.0,158.0,160.0,0.0,74.0,213.0
2021-03-31 14:00:00+00:00,0.0,809.0,0.0,121.0,237.0,253.0,272.0,6.0,152.0,99.0,0.0,0.0,0.0,0.0,0.0,0.0,0.0,0.0,0.0,0.0,601.0,0.0,0.0,9.0,0.0,0.0,0.0,59.0,97.0,87.0,0.0,17.0,363.0,0.0,247.0,0.0,28.0,261.0,129.0,0.0,102.0,214.0
2021-03-31 15:00:00+00:00,11.0,944.0,1.0,158.0,224.0,245.0,249.0,1.0,47.0,11.0,0.0,0.0,0.0,0.0,0.0,0.0,2.0,0.0,0.0,0.0,601.0,0.0,0.0,0.0,0.0,0.0,0.0,53.0,96.0,70.0,0.0,161.0,414.0,0.0,251.0,0.0,123.0,153.0,153.0,0.0,162.0,213.0
2021-03-31 16:00:00+00:00,81.0,1194.0,6.0,249.0,288.0,284.0,283.0,0.0,0.0,0.0,0.0,0.0,0.0,0.0,0.0,0.0,2.0,0.0,0.0,0.0,601.0,59.0,0.0,0.0,0.0,0.0,0.0,137.0,97.0,70.0,0.0,370.0,578.0,0.0,274.0,0.0,227.0,84.0,149.0,0.0,242.0,214.0
2021-03-31 17:00:00+00:00,188.0,868.0,10.0,263.0,284.0,296.0,256.0,0.0,0.0,0.0,0.0,0.0,0.0,0.0,0.0,0.0,0.0,0.0,0.0,0.0,601.0,67.0,0.0,17.0,0.0,0.0,0.0,1.0,96.0,56.0,0.0,438.0,423.0,0.0,175.0,24.0,200.0,62.0,0.0,4.0,245.0,216.0
2021-03-31 18:00:00+00:00,104.0,869.0,9.0,266.0,345.0,402.0,277.0,0.0,0.0,0.0,0.0,0.0,0.0,0.0,0.0,0.0,0.0,0.0,0.0,0.0,601.0,47.0,0.0,29.0,0.0,0.0,0.0,1.0,620.0,65.0,0.0,274.0,325.0,0.0,184.0,48.0,220.0,58.0,0.0,24.0,272.0,215.0
2021-03-31 19:00:00+00:00,0.0,748.0,11.0,263.0,373.0,417.0,327.0,0.0,2.0,77.0,0.0,0.0,0.0,0.0,0.0,0.0,0.0,0.0,0.0,0.0,601.0,26.0,0.0,1.0,0.0,16.0,0.0,6.0,971.0,77.0,0.0,0.0,264.0,0.0,190.0,2.0,234.0,55.0,32.0,16.0,285.0,216.0
2021-03-31 20:00:00+00:00,0.0,688.0,5.0,261.0,410.0,468.0,361.0,0.0,50.0,144.0,0.0,0.0,0.0,0.0,0.0,0.0,0.0,0.0,0.0,0.0,601.0,0.0,0.0,1.0,0.0,52.0,0.0,17.0,999.0,88.0,0.0,0.0,319.0,0.0,189.0,0.0,234.0,106.0,83.0,15.0,281.0,214.0
2021-03-31 21:00:00+00:00,0.0,556.0,10.0,262.0,387.0,637.0,150.0,0.0,16.0,162.0,0.0,0.0,0.0,0.0,0.0,0.0,0.0,0.0,0.0,0.0,601.0,8.0,0.0,2.0,0.0,250.0,0.0,0.0,1000.0,149.0,0.0,0.0,217.0,0.0,184.0,9.0,194.0,66.0,5.0,54.0,339.0,209.0
2021-03-31 22:00:00+00:00,0.0,387.0,10.0,265.0,398.0,638.0,103.0,0.0,32.0,204.0,0.0,0.0,0.0,12.0,0.0,0.0,2.0,0.0,0.0,0.0,600.0,25.0,0.0,0.0,0.0,390.0,0.0,0.0,1000.0,160.0,0.0,0.0,29.0,0.0,191.0,54.0,234.0,74.0,0.0,168.0,317.0,183.0
2021-03-31 23:00:00+00:00,0.0,454.0,10.0,275.0,364.0,627.0,126.0,0.0,0.0,153.0,0.0,0.0,0.0,16.0,0.0,0.0,0.0,0.0,0.0,0.0,600.0,136.0,0.0,0.0,0.0,440.0,0.0,0.0,998.0,160.0,0.0,0.0,9.0,0.0,217.0,67.0,268.0,48.0,0.0,196.0,322.0,179.0
2021-04-01 00:00:00+00:00,0.0,653.0,11.0,250.0,377.0,609.0,120.0,0.0,0.0,202.0,0.0,0.0,0.0,0.0,0.0,0.0,0.0,0.0,0.0,0.0,601.0,135.0,0.0,1.0,0.0,360.0,0.0,0.0,999.0,159.0,0.0,0.0,102.0,0.0,276.0,1.0,251.0,54.0,10.0,105.0,337.0,181.0
2021-04-01 01:00:00+00:00,0.0,651.0,10.0,237.0,345.0,639.0,153.0,0.0,0.0,201.0,0.0,0.0,0.0,0.0,0.0,0.0,0.0,0.0,0.0,0.0,600.0,167.0,0.0,0.0,0.0,306.0,0.0,0.0,998.0,155.0,0.0,0.0,157.0,0.0,276.0,0.0,239.0,65.0,30.0,98.0,323.0,182.0
2021-04-01 02:00:00+00:00,0.0,601.0,6.0,244.0,312.0,573.0,137.0,0.0,0.0,148.0,0.0,0.0,0.0,0.0,0.0,0.0,0.0,0.0,0.0,0.0,600.0,222.0,0.0,0.0,0.0,265.0,0.0,0.0,998.0,193.0,0.0,0.0,137.0,0.0,249.0,15.0,244.0,63.0,1.0,158.0,281.0,184.0
2021-04-01 03:00:00+00:00,0.0,448.0,12.0,270.0,310.0,505.0,77.0,0.0,0.0,117.0,0.0,0.0,0.0,1.0,0.0,0.0,0.0,0.0,0.0,0.0,600.0,251.0,0.0,0.0,0.0,178.0,0.0,0.0,506.0,190.0,0.0,0.0,52.0,0.0,199.0,147.0,282.0,66.0,0.0,282.0,255.0,181.0
2021-04-01 04:00:00+00:00,23.0,800.0,22.0,281.0,304.0,125.0,304.0,0.0,0.0,52.0,0.0,0.0,0.0,0.0,0.0,0.0,0.0,0.0,0.0,0.0,600.0,267.0,0.0,3.0,0.0,0.0,0.0,0.0,121.0,69.0,0.0,60.0,325.0,0.0,264.0,0.0,303.0,47.0,8.0,61.0,290.0,182.0
2021-04-01 05:00:00+00:00,147.0,750.0,87.0,286.0,220.0,212.0,250.0,0.0,0.0,0.0,0.0,0.0,0.0,0.0,0.0,0.0,0.0,0.0,0.0,0.0,600.0,293.0,0.0,1.0,0.0,0.0,0.0,0.0,96.0,81.0,0.0,247.0,285.0,0.0,236.0,102.0,286.0,6.0,0.0,145.0,309.0,181.0
2021-04-01 06:00:00+00:00,231.0,664.0,54.0,319.0,241.0,240.0,282.0,0.0,0.0,0.0,0.0,0.0,0.0,0.0,0.0,0.0,0.0,0.0,0.0,0.0,600.0,152.0,0.0,0.0,0.0,0.0,0.0,0.0,96.0,79.0,0.0,227.0,199.0,0.0,224.0,75.0,317.0,15.0,0.0,181.0,251.0,184.0
2021-04-01 07:00:00+00:00,160.0,452.0,45.0,336.0,254.0,274.0,284.0,0.0,0.0,0.0,0.0,0.0,0.0,0.0,0.0,0.0,0.0,0.0,0.0,0.0,578.0,183.0,0.0,2.0,0.0,0.0,0.0,0.0,57.0,89.0,0.0,193.0,78.0,0.0,176.0,9.0,310.0,21.0,19.0,203.0,146.0,182.0
2021-04-01 08:00:00+00:00,88.0,370.0,47.0,344.0,303.0,239.0,254.0,0.0,0.0,0.0,0.0,0.0,0.0,35.0,0.0,0.0,0.0,0.0,0.0,0.0,601.0,148.0,0.0,1.0,0.0,1.0,0.0,0.0,57.0,90.0,0.0,0.0,5.0,0.0,194.0,0.0,317.0,20.0,31.0,200.0,93.0,179.0
2021-04-01 09:00:00+00:00,1.0,262.0,35.0,328.0,349.0,238.0,260.0,0.0,0.0,46.0,0.0,0.0,0.0,25.0,0.0,0.0,0.0,0.0,0.0,0.0,602.0,60.0,0.0,12.0,0.0,13.0,0.0,0.0,81.0,110.0,0.0,0.0,3.0,0.0,209.0,0.0,288.0,16.0,90.0,145.0,107.0,182.0
2021-04-01 10:00:00+00:00,0.0,202.0,12.0,300.0,340.0,246.0,340.0,0.0,18.0,91.0,0.0,0.0,0.0,7.0,0.0,0.0,0.0,0.0,0.0,0.0,603.0,6.0,0.0,23.0,0.0,0.0,0.0,0.0,83.0,112.0,0.0,85.0,26.0,0.0,201.0,0.0,230.0,53.0,131.0,48.0,42.0,182.0
2021-04-01 11:00:00+00:00,0.0,223.0,4.0,281.0,347.0,285.0,365.0,0.0,57.0,114.0,0.0,0.0,0.0,8.0,1.0,0.0,0.0,0.0,0.0,0.0,602.0,0.0,0.0,28.0,0.0,113.0,0.0,0.0,84.0,128.0,0.0,0.0,24.0,0.0,212.0,0.0,185.0,77.0,132.0,63.0,14.0,181.0
2021-04-01 12:00:00+00:00,0.0,246.0,2.0,277.0,327.0,486.0,0.0,0.0,72.0,117.0,0.0,0.0,0.0,0.0,0.0,0.0,0.0,0.0,0.0,0.0,601.0,0.0,0.0,27.0,0.0,153.0,0.0,0.0,611.0,129.0,19.0,0.0,90.0,0.0,175.0,0.0,184.0,94.0,85.0,81.0,38.0,180.0
2021-04-01 13:00:00+00:00,0.0,183.0,7.0,279.0,323.0,456.0,0.0,0.0,37.0,113.0,0.0,0.0,0.0,0.0,0.0,0.0,0.0,0.0,0.0,0.0,601.0,2.0,0.0,15.0,0.0,143.0,0.0,0.0,426.0,135.0,72.0,0.0,170.0,0.0,147.0,0.0,222.0,68.0,61.0,140.0,85.0,179.0
2021-04-01 14:00:00+00:00,0.0,178.0,26.0,295.0,321.0,230.0,283.0,0.0,0.0,67.0,0.0,0.0,0.0,0.0,0.0,0.0,0.0,0.0,0.0,0.0,601.0,61.0,0.0,0.0,0.0,153.0,0.0,0.0,119.0,102.0,0.0,0.0,261.0,0.0,125.0,49.0,259.0,27.0,0.0,194.0,118.0,181.0
2021-04-01 15:00:00+00:00,105.0,226.0,75.0,334.0,241.0,198.0,304.0,0.0,0.0,0.0,0.0,0.0,0.0,0.0,0.0,0.0,0.0,0.0,0.0,0.0,601.0,265.0,0.0,4.0,0.0,0.0,0.0,0.0,96.0,101.0,0.0,52.0,285.0,0.0,117.0,159.0,328.0,9.0,0.0,232.0,126.0,182.0
2021-04-01 16:00:00+00:00,145.0,621.0,110.0,396.0,268.0,181.0,288.0,0.0,0.0,0.0,0.0,0.0,0.0,0.0,0.0,0.0,0.0,0.0,0.0,0.0,601.0,357.0,0.0,1.0,0.0,0.0,0.0,0.0,97.0,91.0,0.0,228.0,319.0,0.0,230.0,118.0,386.0,3.0,0.0,180.0,226.0,175.0
2021-04-01 17:00:00+00:00,296.0,687.0,81.0,413.0,274.0,241.0,258.0,0.0,0.0,0.0,0.0,0.0,0.0,0.0,0.0,0.0,3.0,0.0,0.0,0.0,601.0,280.0,0.0,0.0,0.0,0.0,0.0,0.0,96.0,88.0,0.0,320.0,192.0,0.0,223.0,182.0,375.0,6.0,0.0,199.0,297.0,177.0
2021-04-01 18:00:00+00:00,231.0,707.0,103.0,428.0,324.0,592.0,69.0,0.0,0.0,0.0,0.0,0.0,0.0,0.0,0.0,0.0,0.0,0.0,0.0,0.0,601.0,288.0,0.0,2.0,0.0,0.0,0.0,0.0,630.0,159.0,0.0,184.0,180.0,0.0,235.0,125.0,371.0,2.0,0.0,159.0,291.0,174.0
2021-04-01 19:00:00+00:00,68.0,689.0,138.0,453.0,363.0,563.0,39.0,0.0,0.0,0.0,0.0,0.0,0.0,0.0,0.0,0.0,0.0,0.0,0.0,0.0,600.0,303.0,0.0,0.0,0.0,0.0,0.0,0.0,970.0,137.0,0.0,36.0,216.0,0.0,291.0,1.0,384.0,2.0,25.0,70.0,302.0,181.0
2021-04-01 20:00:00+00:00,49.0,430.0,117.0,440.0,378.0,606.0,46.0,0.0,0.0,2.0,0.0,0.0,0.0,0.0,0.0,0.0,0.0,0.0,0.0,0.0,577.0,251.0,0.0,1.0,0.0,0.0,0.0,0.0,1000.0,156.0,0.0,10.0,176.0,0.0,226.0,0.0,434.0,6.0,61.0,83.0,255.0,180.0
2021-04-01 21:00:00+00:00,16.0,329.0,104.0,446.0,409.0,574.0,81.0,0.0,0.0,7.0,0.0,0.0,0.0,0.0,0.0,0.0,1.0,0.0,0.0,0.0,597.0,260.0,0.0,0.0,0.0,260.0,0.0,0.0,999.0,144.0,0.0,0.0,105.0,0.0,186.0,3.0,418.0,13.0,13.0,101.0,303.0,179.0
2021-04-01 22:00:00+00:00,0.0,212.0,105.0,407.0,356.0,558.0,52.0,0.0,0.0,2.0,0.0,0.0,0.0,1.0,0.0,0.0,0.0,0.0,0.0,0.0,503.0,255.0,0.0,0.0,0.0,200.0,0.0,0.0,1003.0,156.0,0.0,0.0,32.0,0.0,149.0,10.0,417.0,7.0,0.0,111.0,360.0,176.0
2021-04-01 23:00:00+00:00,0.0,386.0,158.0,392.0,307.0,540.0,34.0,0.0,0.0,0.0,0.0,0.0,0.0,0.0,0.0,0.0,0.0,0.0,0.0,,476.0,348.0,0.0,0.0,0.0,269.0,,0.0,1007.0,160.0,0.0,0.0,73.0,0.0,193.0,0.0,442.0,2.0,24.0,90.0,367.0,179.0
2021-04-02 00:00:00+00:00,1.0,401.0,158.0,391.0,274.0,529.0,28.0,0.0,0.0,0.0,0.0,0.0,0.0,0.0,0.0,0.0,0.0,0.0,0.0,,595.0,417.0,0.0,0.0,0.0,329.0,,0.0,999.0,157.0,0.0,0.0,102.0,0.0,232.0,0.0,448.0,2.0,64.0,69.0,342.0,179.0
2021-04-02 01:00:00+00:00,45.0,473.0,98.0,366.0,231.0,522.0,19.0,0.0,0.0,1.0,0.0,0.0,0.0,0.0,0.0,0.0,0.0,0.0,0.0,,537.0,429.0,0.0,1.0,0.0,294.0,,0.0,999.0,158.0,0.0,0.0,154.0,0.0,250.0,0.0,415.0,4.0,136.0,39.0,307.0,180.0
2021-04-02 02:00:00+00:00,59.0,473.0,112.0,347.0,192.0,514.0,11.0,0.0,0.0,0.0,0.0,0.0,0.0,0.0,0.0,0.0,1.0,0.0,0.0,,535.0,434.0,0.0,0.0,0.0,308.0,,0.0,999.0,158.0,0.0,0.0,166.0,0.0,242.0,0.0,404.0,2.0,132.0,62.0,256.0,182.0
2021-04-02 03:00:00+00:00,41.0,379.0,138.0,384.0,248.0,444.0,0.0,0.0,0.0,0.0,0.0,0.0,0.0,0.0,0.0,0.0,0.0,0.0,0.0,,575.0,398.0,0.0,1.0,0.0,303.0,,0.0,511.0,142.0,57.0,0.0,110.0,0.0,212.0,0.0,429.0,2.0,33.0,150.0,224.0,180.0
2021-04-02 04:00:00+00:00,84.0,484.0,177.0,399.0,276.0,117.0,255.0,0.0,0.0,0.0,0.0,0.0,0.0,0.0,0.0,0.0,0.0,0.0,0.0,,599.0,355.0,0.0,0.0,0.0,177.0,,3.0,117.0,41.0,0.0,0.0,252.0,0.0,298.0,0.0,449.0,0.0,152.0,9.0,193.0,180.0
2021-04-02 05:00:00+00:00,90.0,467.0,206.0,422.0,310.0,151.0,185.0,0.0,0.0,0.0,0.0,0.0,0.0,0.0,0.0,0.0,0.0,0.0,0.0,0.0,600.0,297.0,0.0,0.0,0.0,1.0,0.0,0.0,96.0,63.0,0.0,0.0,202.0,0.0,276.0,0.0,422.0,0.0,128.0,52.0,203.0,177.0
2021-04-02 06:00:00+00:00,111.0,425.0,129.0,393.0,271.0,188.0,177.0,0.0,0.0,0.0,0.0,0.0,0.0,0.0,0.0,0.0,0.0,0.0,0.0,0.0,576.0,249.0,0.0,3.0,0.0,0.0,0.0,0.0,94.0,70.0,0.0,150.0,222.0,0.0,266.0,0.0,409.0,0.0,95.0,49.0,76.0,176.0
2021-04-02 07:00:00+00:00,113.0,297.0,120.0,341.0,218.0,240.0,209.0,0.0,0.0,0.0,0.0,0.0,0.0,0.0,0.0,0.0,0.0,0.0,0.0,,523.0,177.0,0.0,2.0,0.0,0.0,,0.0,69.0,60.0,0.0,96.0,182.0,0.0,237.0,0.0,383.0,2.0,84.0,117.0,74.0,178.0
2021-04-02 08:00:00+00:00,14.0,320.0,63.0,343.0,293.0,205.0,185.0,0.0,0.0,4.0,0.0,0.0,0.0,0.0,0.0,0.0,0.0,0.0,0.0,,597.0,89.0,0.0,11.0,0.0,0.0,,0.0,70.0,54.0,0.0,119.0,186.0,0.0,252.0,0.0,384.0,9.0,203.0,35.0,149.0,176.0
2021-04-02 09:00:00+00:00,0.0,301.0,50.0,337.0,341.0,222.0,199.0,0.0,4.0,133.0,0.0,0.0,0.0,0.0,0.0,0.0,0.0,0.0,0.0,0.0,554.0,28.0,0.0,30.0,0.0,0.0,0.0,5.0,94.0,57.0,0.0,29.0,154.0,0.0,269.0,0.0,358.0,21.0,254.0,9.0,165.0,174.0
2021-04-02 10:00:00+00:00,0.0,115.0,83.0,302.0,252.0,132.0,138.0,0.0,1.0,111.0,0.0,0.0,0.0,0.0,0.0,0.0,0.0,0.0,0.0,0.0,600.0,55.0,0.0,43.0,0.0,0.0,0.0,0.0,97.0,21.0,0.0,29.0,63.0,0.0,197.0,0.0,234.0,5.0,231.0,63.0,144.0,178.0
2021-04-02 11:00:00+00:00,0.0,253.0,46.0,268.0,244.0,139.0,216.0,0.0,26.0,183.0,0.0,0.0,0.0,0.0,0.0,0.0,0.0,0.0,0.0,0.0,600.0,7.0,0.0,54.0,0.0,55.0,0.0,0.0,96.0,56.0,0.0,0.0,82.0,0.0,240.0,0.0,154.0,18.0,257.0,16.0,193.0,176.0
2021-04-02 12:00:00+00:00,0.0,236.0,35.0,256.0,245.0,374.0,0.0,0.0,67.0,177.0,0.0,0.0,0.0,0.0,0.0,0.0,0.0,0.0,0.0,0.0,600.0,0.0,0.0,58.0,0.0,183.0,0.0,0.0,514.0,100.0,161.0,0.0,49.0,0.0,210.0,0.0,110.0,20.0,167.0,85.0,211.0,176.0
2021-04-02 13:00:00+00:00,0.0,227.0,32.0,282.0,268.0,371.0,0.0,0.0,7.0,102.0,0.0,0.0,0.0,0.0,0.0,0.0,0.0,0.0,0.0,0.0,600.0,10.0,0.0,45.0,0.0,227.0,0.0,0.0,406.0,82.0,194.0,0.0,107.0,0.0,210.0,0.0,180.0,26.0,159.0,108.0,165.0,176.0
2021-04-02 14:00:00+00:00,0.0,258.0,29.0,291.0,227.0,123.0,205.0,0.0,0.0,45.0,0.0,0.0,0.0,0.0,0.0,0.0,0.0,0.0,0.0,0.0,600.0,113.0,0.0,14.0,0.0,39.0,0.0,0.0,119.0,48.0,0.0,0.0,157.0,0.0,226.0,0.0,230.0,19.0,99.0,127.0,149.0,178.0
2021-04-02 15:00:00+00:00,50.0,382.0,48.0,341.0,245.0,148.0,194.0,0.0,0.0,0.0,0.0,0.0,0.0,0.0,0.0,0.0,2.0,0.0,0.0,0.0,600.0,227.0,0.0,0.0,0.0,16.0,0.0,0.0,96.0,61.0,0.0,0.0,261.0,0.0,268.0,0.0,363.0,21.0,78.0,51.0,121.0,177.0
2021-04-02 16:00:00+00:00,134.0,451.0,182.0,396.0,312.0,135.0,190.0,0.0,0.0,0.0,0.0,0.0,0.0,0.0,0.0,0.0,0.0,0.0,0.0,0.0,600.0,284.0,0.0,1.0,0.0,0.0,0.0,10.0,96.0,42.0,0.0,194.0,348.0,0.0,288.0,2.0,391.0,0.0,36.0,9.0,102.0,177.0
2021-04-02 17:00:00+00:00,164.0,488.0,163.0,434.0,396.0,228.0,186.0,0.0,0.0,0.0,0.0,0.0,0.0,0.0,0.0,0.0,0.0,0.0,0.0,0.0,600.0,226.0,0.0,2.0,0.0,0.0,0.0,0.0,96.0,37.0,0.0,262.0,333.0,0.0,287.0,14.0,431.0,1.0,0.0,8.0,137.0,177.0
2021-04-02 18:00:00+00:00,56.0,517.0,177.0,457.0,427.0,527.0,0.0,0.0,0.0,0.0,0.0,0.0,0.0,0.0,0.0,0.0,0.0,0.0,0.0,0.0,599.0,253.0,0.0,49.0,0.0,0.0,0.0,,628.0,126.0,3.0,29.0,329.0,0.0,330.0,0.0,443.0,0.0,119.0,,239.0,179.0
2021-04-02 19:00:00+00:00,0.0,570.0,174.0,454.0,460.0,537.0,21.0,0.0,0.0,66.0,0.0,0.0,0.0,0.0,0.0,0.0,0.0,0.0,0.0,0.0,581.0,205.0,0.0,1.0,0.0,49.0,0.0,174.0,970.0,137.0,0.0,0.0,382.0,0.0,376.0,0.0,448.0,1.0,234.0,0.0,245.0,179.0
2021-04-02 20:00:00+00:00,0.0,436.0,186.0,466.0,515.0,563.0,0.0,0.0,0.0,139.0,0.0,0.0,0.0,0.0,0.0,0.0,0.0,0.0,0.0,0.0,581.0,156.0,0.0,2.0,0.0,102.0,0.0,,998.0,156.0,8.0,0.0,314.0,0.0,344.0,0.0,488.0,0.0,279.0,,278.0,83.0
2021-04-02 21:00:00+00:00,0.0,273.0,173.0,438.0,441.0,561.0,61.0,0.0,0.0,77.0,0.0,0.0,0.0,0.0,0.0,0.0,0.0,0.0,0.0,0.0,581.0,196.0,0.0,2.0,0.0,225.0,0.0,,998.0,144.0,0.0,0.0,156.0,0.0,233.0,0.0,452.0,1.0,237.0,,253.0,41.0
2021-04-02 22:00:00+00:00,2.0,0.0,116.0,407.0,375.0,507.0,141.0,0.0,0.0,56.0,0.0,145.0,0.0,117.0,0.0,0.0,0.0,0.0,0.0,0.0,600.0,261.0,0.0,0.0,0.0,301.0,0.0,0.0,728.0,116.0,0.0,0.0,1.0,0.0,18.0,0.0,369.0,3.0,87.0,120.0,227.0,0.0
2021-04-02 23:00:00+00:00,8.0,0.0,146.0,381.0,305.0,525.0,156.0,0.0,0.0,14.0,0.0,118.0,7.0,174.0,0.0,0.0,0.0,0.0,0.0,0.0,601.0,328.0,0.0,1.0,0.0,303.0,0.0,0.0,700.0,106.0,0.0,0.0,0.0,0.0,0.0,27.0,415.0,1.0,4.0,210.0,254.0,0.0
2021-04-03 00:00:00+00:00,42.0,0.0,150.0,353.0,257.0,518.0,156.0,0.0,0.0,1.0,0.0,92.0,23.0,185.0,0.0,0.0,0.0,0.0,0.0,0.0,601.0,380.0,0.0,0.0,0.0,326.0,0.0,0.0,699.0,111.0,0.0,0.0,0.0,0.0,0.0,67.0,417.0,0.0,0.0,278.0,227.0,0.0
2021-04-03 01:00:00+00:00,65.0,0.0,114.0,310.0,187.0,535.0,163.0,0.0,0.0,0.0,0.0,176.0,46.0,169.0,0.0,0.0,0.0,0.0,0.0,0.0,600.0,387.0,0.0,1.0,0.0,301.0,0.0,0.0,699.0,108.0,0.0,0.0,0.0,0.0,0.0,116.0,393.0,2.0,0.0,374.0,186.0,0.0
2021-04-03 02:00:00+00:00,83.0,0.0,70.0,271.0,122.0,536.0,146.0,0.0,0.0,0.0,0.0,242.0,60.0,167.0,0.0,0.0,1.0,0.0,0.0,0.0,582.0,374.0,0.0,0.0,0.0,325.0,0.0,0.0,699.0,113.0,0.0,0.0,0.0,0.0,0.0,216.0,359.0,7.0,0.0,457.0,184.0,0.0
2021-04-03 03:00:00+00:00,73.0,0.0,102.0,315.0,165.0,515.0,168.0,0.0,0.0,0.0,0.0,228.0,59.0,176.0,0.0,0.0,1.0,0.0,0.0,0.0,600.0,388.0,0.0,0.0,0.0,333.0,0.0,0.0,699.0,103.0,0.0,0.0,0.0,0.0,0.0,266.0,399.0,4.0,0.0,461.0,200.0,0.0
2021-04-03 04:00:00+00:00,125.0,0.0,79.0,298.0,89.0,466.0,132.0,0.0,0.0,0.0,0.0,143.0,18.0,90.0,0.0,0.0,0.0,0.0,0.0,0.0,601.0,417.0,0.0,1.0,0.0,133.0,0.0,0.0,699.0,115.0,0.0,0.0,0.0,0.0,0.0,321.0,343.0,5.0,0.0,466.0,139.0,0.0
2021-04-03 05:00:00+00:00,89.0,0.0,73.0,314.0,143.0,437.0,90.0,0.0,0.0,0.0,0.0,241.0,0.0,24.0,0.0,0.0,0.0,0.0,0.0,0.0,601.0,413.0,0.0,2.0,0.0,0.0,0.0,0.0,699.0,106.0,0.0,246.0,3.0,0.0,7.0,237.0,319.0,10.0,0.0,400.0,129.0,0.0
2021-04-03 06:00:00+00:00,73.0,0.0,23.0,310.0,189.0,476.0,97.0,0.0,0.0,0.0,0.0,322.0,1.0,8.0,0.0,0.0,0.0,0.0,0.0,0.0,601.0,296.0,0.0,78.0,0.0,0.0,0.0,0.0,699.0,103.0,0.0,223.0,13.0,0.0,0.0,163.0,275.0,26.0,0.0,394.0,59.0,0.0
2021-04-03 07:00:00+00:00,45.0,0.0,45.0,310.0,216.0,482.0,99.0,0.0,0.0,1.0,0.0,372.0,26.0,36.0,0.0,0.0,0.0,0.0,0.0,0.0,601.0,258.0,0.0,90.0,0.0,0.0,0.0,0.0,699.0,97.0,0.0,199.0,1.0,0.0,0.0,98.0,285.0,18.0,0.0,407.0,47.0,0.0
2021-04-03 08:00:00+00:00,45.0,0.0,50.0,320.0,245.0,500.0,104.0,0.0,0.0,0.0,0.0,459.0,30.0,60.0,0.0,0.0,0.0,0.0,0.0,0.0,600.0,207.0,0.0,24.0,0.0,0.0,0.0,0.0,700.0,99.0,0.0,230.0,0.0,0.0,0.0,66.0,265.0,18.0,0.0,405.0,49.0,0.0
2021-04-03 09:00:00+00:00,16.0,0.0,14.0,316.0,240.0,522.0,128.0,0.0,0.0,6.0,0.0,628.0,94.0,189.0,0.0,0.0,3.0,0.0,0.0,0.0,569.0,188.0,0.0,0.0,0.0,0.0,0.0,0.0,700.0,105.0,0.0,62.0,0.0,0.0,0.0,94.0,270.0,46.0,0.0,461.0,46.0,0.0
2021-04-03 10:00:00+00:00,0.0,0.0,13.0,296.0,328.0,537.0,185.0,0.0,0.0,91.0,0.0,421.0,27.0,128.0,0.0,0.0,0.0,0.0,0.0,0.0,489.0,59.0,0.0,5.0,0.0,96.0,0.0,0.0,700.0,99.0,0.0,0.0,0.0,0.0,0.0,18.0,222.0,66.0,2.0,364.0,47.0,0.0
2021-04-03 11:00:00+00:00,0.0,0.0,2.0,270.0,314.0,501.0,97.0,0.0,16.0,113.0,0.0,440.0,36.0,147.0,0.0,0.0,0.0,0.0,0.0,0.0,597.0,13.0,0.0,18.0,0.0,97.0,0.0,0.0,700.0,72.0,0.0,0.0,0.0,0.0,0.0,63.0,113.0,110.0,0.0,369.0,77.0,0.0
2021-04-03 12:00:00+00:00,0.0,0.0,11.0,275.0,282.0,313.0,0.0,1.0,0.0,51.0,0.0,554.0,61.0,158.0,0.0,0.0,0.0,0.0,3.0,0.0,600.0,42.0,0.0,17.0,0.0,113.0,0.0,0.0,566.0,0.0,135.0,0.0,0.0,0.0,0.0,110.0,69.0,56.0,0.0,389.0,91.0,0.0
2021-04-03 13:00:00+00:00,8.0,0.0,14.0,271.0,266.0,278.0,0.0,1.0,0.0,32.0,0.0,516.0,53.0,123.0,0.0,0.0,0.0,0.0,1.0,0.0,600.0,83.0,0.0,5.0,0.0,161.0,0.0,0.0,558.0,0.0,234.0,0.0,0.0,0.0,0.0,159.0,82.0,54.0,0.0,392.0,108.0,0.0
2021-04-03 14:00:00+00:00,23.0,0.0,5.0,273.0,226.0,363.0,0.0,0.0,0.0,4.0,0.0,460.0,15.0,54.0,0.0,0.0,1.0,0.0,0.0,0.0,600.0,145.0,0.0,0.0,0.0,214.0,0.0,0.0,641.0,26.0,119.0,0.0,0.0,0.0,0.0,154.0,130.0,86.0,0.0,347.0,133.0,0.0
2021-04-03 15:00:00+00:00,82.0,0.0,3.0,281.0,210.0,510.0,76.0,0.0,0.0,0.0,0.0,220.0,0.0,1.0,0.0,0.0,0.0,0.0,0.0,0.0,601.0,167.0,0.0,1.0,0.0,0.0,0.0,0.0,698.0,82.0,0.0,50.0,28.0,0.0,52.0,107.0,154.0,102.0,0.0,209.0,183.0,0.0
2021-04-03 16:00:00+00:00,146.0,0.0,44.0,371.0,271.0,498.0,95.0,0.0,0.0,0.0,0.0,110.0,0.0,0.0,0.0,0.0,0.0,0.0,0.0,0.0,600.0,312.0,0.0,27.0,0.0,0.0,0.0,0.0,700.0,99.0,0.0,129.0,83.0,0.0,64.0,56.0,245.0,33.0,0.0,143.0,187.0,0.0
2021-04-03 17:00:00+00:00,105.0,0.0,34.0,424.0,388.0,555.0,113.0,0.0,0.0,0.0,0.0,99.0,0.0,0.0,0.0,0.0,0.0,0.0,0.0,0.0,600.0,269.0,0.0,2.0,0.0,0.0,0.0,0.0,699.0,79.0,0.0,186.0,112.0,0.0,61.0,85.0,279.0,38.0,0.0,181.0,215.0,0.0
2021-04-03 18:00:00+00:00,61.0,0.0,16.0,430.0,414.0,514.0,129.0,0.0,0.0,0.0,0.0,148.0,0.0,0.0,0.0,0.0,0.0,0.0,0.0,0.0,600.0,281.0,0.0,43.0,0.0,0.0,0.0,0.0,700.0,71.0,0.0,200.0,109.0,0.0,65.0,52.0,247.0,48.0,0.0,155.0,217.0,0.0
2021-04-03 19:00:00+00:00,100.0,0.0,38.0,415.0,351.0,434.0,62.0,0.0,0.0,0.0,0.0,196.0,0.0,0.0,0.0,0.0,0.0,0.0,0.0,0.0,598.0,331.0,0.0,67.0,0.0,0.0,0.0,0.0,582.0,127.0,0.0,189.0,85.0,0.0,68.0,65.0,259.0,30.0,0.0,177.0,220.0,0.0
2021-04-03 20:00:00+00:00,147.0,0.0,24.0,416.0,350.0,467.0,128.0,0.0,0.0,0.0,0.0,355.0,1.0,19.0,0.0,0.0,0.0,0.0,0.0,0.0,510.0,317.0,0.0,31.0,0.0,65.0,0.0,0.0,691.0,109.0,0.0,0.0,4.0,0.0,0.0,92.0,295.0,27.0,0.0,246.0,228.0,0.0
2021-04-03 21:00:00+00:00,90.0,0.0,19.0,381.0,337.0,539.0,54.0,0.0,0.0,0.0,0.0,369.0,0.0,48.0,0.0,0.0,0.0,0.0,0.0,0.0,597.0,234.0,0.0,45.0,0.0,309.0,0.0,0.0,700.0,131.0,0.0,0.0,0.0,0.0,2.0,96.0,261.0,36.0,0.0,254.0,262.0,0.0
2021-04-03 22:00:00+00:00,48.0,0.0,7.0,325.0,296.0,418.0,210.0,0.0,0.0,2.0,0.0,214.0,0.0,5.0,0.0,0.0,0.0,0.0,0.0,0.0,600.0,177.0,0.0,0.0,0.0,331.0,0.0,0.0,407.0,106.0,0.0,0.0,36.0,0.0,52.0,0.0,200.0,69.0,68.0,164.0,206.0,0.0
2021-04-03 23:00:00+00:00,50.0,0.0,10.0,317.0,300.0,382.0,177.0,0.0,0.0,1.0,0.0,0.0,0.0,0.0,0.0,0.0,0.0,0.0,0.0,0.0,600.0,214.0,0.0,0.0,0.0,366.0,0.0,0.0,248.0,102.0,0.0,0.0,61.0,0.0,91.0,0.0,207.0,68.0,133.0,122.0,249.0,0.0
2021-04-04 00:00:00+00:00,50.0,104.0,11.0,298.0,293.0,361.0,192.0,0.0,0.0,1.0,0.0,0.0,0.0,0.0,0.0,0.0,0.0,0.0,0.0,0.0,601.0,240.0,0.0,1.0,0.0,401.0,0.0,0.0,241.0,102.0,0.0,0.0,58.0,0.0,95.0,0.0,210.0,58.0,98.0,130.0,275.0,0.0
2021-04-04 01:00:00+00:00,34.0,116.0,4.0,299.0,310.0,357.0,155.0,0.0,0.0,0.0,0.0,0.0,0.0,0.0,0.0,0.0,0.0,0.0,0.0,0.0,601.0,249.0,0.0,1.0,0.0,410.0,0.0,0.0,241.0,91.0,0.0,0.0,37.0,0.0,92.0,0.0,199.0,76.0,41.0,137.0,279.0,0.0
2021-04-04 02:00:00+00:00,22.0,197.0,10.0,284.0,301.0,375.0,167.0,0.0,0.0,8.0,0.0,0.0,0.0,0.0,0.0,0.0,0.0,0.0,0.0,0.0,601.0,222.0,0.0,0.0,0.0,357.0,0.0,0.0,241.0,78.0,0.0,0.0,35.0,0.0,94.0,0.0,245.0,43.0,19.0,157.0,284.0,0.0
2021-04-04 03:00:00+00:00,6.0,178.0,18.0,313.0,357.0,357.0,138.0,0.0,0.0,20.0,0.0,0.0,0.0,0.0,0.0,0.0,0.0,0.0,0.0,0.0,601.0,198.0,0.0,0.0,0.0,299.0,0.0,0.0,241.0,60.0,0.0,0.0,54.0,0.0,107.0,0.0,265.0,39.0,42.0,117.0,286.0,0.0
2021-04-04 04:00:00+00:00,31.0,24.0,38.0,322.0,313.0,306.0,95.0,0.0,0.0,9.0,0.0,0.0,0.0,15.0,0.0,0.0,0.0,0.0,0.0,0.0,601.0,255.0,0.0,0.0,0.0,196.0,0.0,0.0,241.0,51.0,0.0,0.0,9.0,0.0,63.0,55.0,316.0,29.0,0.0,170.0,285.0,0.0
2021-04-04 05:00:00+00:00,1.0,59.0,90.0,297.0,308.0,345.0,148.0,0.0,0.0,53.0,0.0,0.0,0.0,4.0,0.0,0.0,1.0,0.0,0.0,0.0,601.0,141.0,0.0,0.0,0.0,238.0,0.0,0.0,259.0,82.0,0.0,0.0,34.0,0.0,74.0,9.0,291.0,19.0,5.0,150.0,242.0,0.0
2021-04-04 06:00:00+00:00,0.0,0.0,82.0,324.0,330.0,438.0,88.0,0.0,0.0,60.0,0.0,67.0,0.0,32.0,0.0,0.0,9.0,0.0,0.0,0.0,594.0,115.0,0.0,0.0,0.0,259.0,0.0,0.0,317.0,114.0,0.0,0.0,2.0,0.0,37.0,0.0,312.0,13.0,67.0,218.0,199.0,0.0
2021-04-04 07:00:00+00:00,0.0,0.0,92.0,365.0,351.0,465.0,128.0,0.0,0.0,58.0,0.0,335.0,16.0,144.0,0.0,0.0,31.0,0.0,0.0,0.0,595.0,128.0,0.0,0.0,0.0,175.0,0.0,0.0,321.0,108.0,0.0,0.0,0.0,0.0,0.0,0.0,364.0,7.0,77.0,260.0,200.0,0.0
2021-04-04 08:00:00+00:00,0.0,0.0,98.0,305.0,302.0,447.0,169.0,0.0,9.0,111.0,0.0,319.0,20.0,198.0,0.0,0.0,24.0,0.0,0.0,0.0,595.0,35.0,0.0,0.0,0.0,159.0,0.0,0.0,320.0,116.0,0.0,0.0,0.0,0.0,0.0,0.0,306.0,8.0,36.0,316.0,230.0,0.0
2021-04-04 09:00:00+00:00,0.0,0.0,86.0,276.0,314.0,446.0,183.0,0.0,52.0,177.0,0.0,407.0,16.0,221.0,0.0,0.0,49.0,0.0,0.0,0.0,593.0,0.0,0.0,0.0,0.0,129.0,0.0,0.0,322.0,119.0,0.0,0.0,0.0,0.0,0.0,5.0,290.0,12.0,12.0,325.0,231.0,0.0
2021-04-04 10:00:00+00:00,0.0,0.0,106.0,262.0,277.0,418.0,156.0,0.0,43.0,147.0,0.0,361.0,26.0,236.0,0.0,0.0,52.0,0.0,0.0,0.0,543.0,0.0,0.0,0.0,0.0,152.0,0.0,0.0,181.0,117.0,0.0,0.0,0.0,0.0,0.0,93.0,239.0,6.0,0.0,365.0,233.0,0.0
2021-04-04 11:00:00+00:00,0.0,0.0,404.0,215.0,192.0,453.0,176.0,1.0,67.0,115.0,0.0,422.0,72.0,270.0,0.0,0.0,30.0,0.0,0.0,0.0,401.0,0.0,0.0,0.0,0.0,80.0,0.0,0.0,176.0,117.0,0.0,0.0,0.0,0.0,0.0,78.0,65.0,0.0,0.0,389.0,178.0,0.0
2021-04-04 12:00:00+00:00,0.0,0.0,484.0,188.0,137.0,427.0,182.0,10.0,66.0,38.0,0.0,299.0,79.0,255.0,0.0,0.0,35.0,0.0,0.0,0.0,141.0,0.0,0.0,0.0,0.0,0.0,0.0,0.0,176.0,153.0,0.0,31.0,0.0,0.0,0.0,101.0,20.0,0.0,0.0,416.0,148.0,0.0
2021-04-04 13:00:00+00:00,1.0,0.0,371.0,197.0,127.0,334.0,181.0,1.0,30.0,32.0,0.0,478.0,107.0,255.0,0.0,0.0,35.0,0.0,0.0,0.0,369.0,1.0,0.0,0.0,0.0,0.0,0.0,0.0,176.0,129.0,0.0,2.0,0.0,0.0,0.0,126.0,64.0,0.0,0.0,444.0,136.0,0.0
2021-04-04 14:00:00+00:00,2.0,0.0,305.0,195.0,118.0,305.0,201.0,0.0,12.0,25.0,0.0,561.0,111.0,226.0,0.0,0.0,38.0,0.0,0.0,0.0,474.0,7.0,0.0,0.0,0.0,25.0,0.0,0.0,177.0,122.0,0.0,0.0,0.0,0.0,0.0,188.0,109.0,0.0,0.0,476.0,148.0,0.0
2021-04-04 15:00:00+00:00,31.0,0.0,214.0,223.0,114.0,286.0,0.0,0.0,0.0,1.0,0.0,558.0,114.0,167.0,0.0,0.0,48.0,0.0,0.0,0.0,596.0,74.0,0.0,0.0,0.0,42.0,0.0,0.0,178.0,38.0,39.0,0.0,0.0,0.0,0.0,248.0,185.0,0.0,0.0,450.0,160.0,0.0
2021-04-04 16:00:00+00:00,151.0,0.0,116.0,302.0,166.0,380.0,6.0,0.0,0.0,0.0,0.0,373.0,53.0,85.0,0.0,0.0,10.0,0.0,0.0,0.0,600.0,202.0,0.0,0.0,0.0,0.0,0.0,0.0,319.0,71.0,0.0,81.0,0.0,0.0,0.0,312.0,356.0,4.0,0.0,415.0,197.0,0.0
2021-04-04 17:00:00+00:00,126.0,0.0,96.0,369.0,267.0,415.0,2.0,0.0,0.0,0.0,0.0,373.0,73.0,101.0,0.0,0.0,1.0,0.0,0.0,0.0,595.0,200.0,0.0,0.0,0.0,0.0,0.0,0.0,321.0,61.0,0.0,75.0,0.0,0.0,0.0,430.0,405.0,3.0,0.0,480.0,235.0,0.0
2021-04-04 18:00:00+00:00,80.0,0.0,100.0,351.0,286.0,387.0,0.0,0.0,0.0,0.0,0.0,339.0,62.0,93.0,0.0,0.0,0.0,0.0,0.0,0.0,456.0,200.0,0.0,36.0,0.0,0.0,0.0,0.0,323.0,4.0,79.0,34.0,0.0,0.0,0.0,372.0,409.0,3.0,0.0,441.0,244.0,0.0
2021-04-04 19:00:00+00:00,114.0,0.0,118.0,370.0,306.0,351.0,0.0,0.0,0.0,0.0,0.0,370.0,80.0,124.0,0.0,0.0,0.0,0.0,0.0,0.0,426.0,219.0,0.0,75.0,0.0,16.0,0.0,0.0,322.0,10.0,38.0,0.0,0.0,0.0,0.0,313.0,394.0,2.0,0.0,382.0,201.0,0.0
2021-04-04 20:00:00+00:00,24.0,0.0,101.0,366.0,359.0,274.0,0.0,0.0,0.0,8.0,0.0,254.0,24.0,141.0,0.0,0.0,0.0,0.0,4.0,0.0,441.0,132.0,0.0,0.0,0.0,103.0,0.0,0.0,181.0,0.0,108.0,0.0,0.0,0.0,0.0,284.0,374.0,8.0,0.0,384.0,310.0,0.0
2021-04-04 21:00:00+00:00,13.0,0.0,93.0,340.0,328.0,287.0,247.0,0.0,0.0,17.0,0.0,182.0,8.0,142.0,0.0,0.0,0.0,0.0,0.0,0.0,488.0,133.0,0.0,0.0,0.0,200.0,0.0,0.0,175.0,27.0,0.0,0.0,0.0,0.0,0.0,257.0,316.0,7.0,0.0,353.0,339.0,0.0
2021-04-04 22:00:00+00:00,120.0,0.0,122.0,247.0,125.0,51.0,83.0,0.0,0.0,0.0,0.0,402.0,146.0,254.0,0.0,0.0,0.0,0.0,16.0,0.0,489.0,191.0,0.0,1.0,0.0,48.0,0.0,0.0,178.0,0.0,0.0,0.0,0.0,0.0,0.0,332.0,122.0,3.0,0.0,516.0,241.0,0.0
2021-04-04 23:00:00+00:00,182.0,0.0,99.0,250.0,85.0,24.0,28.0,0.0,0.0,0.0,0.0,484.0,156.0,237.0,0.0,0.0,10.0,0.0,0.0,0.0,570.0,299.0,0.0,0.0,0.0,113.0,0.0,0.0,177.0,3.0,0.0,0.0,0.0,0.0,0.0,419.0,139.0,7.0,0.0,493.0,95.0,0.0
2021-04-05 00:00:00+00:00,166.0,0.0,123.0,234.0,82.0,43.0,45.0,0.0,0.0,0.0,0.0,411.0,150.0,223.0,0.0,0.0,6.0,0.0,0.0,0.0,596.0,318.0,0.0,0.0,0.0,168.0,0.0,0.0,175.0,0.0,0.0,0.0,0.0,0.0,0.0,385.0,130.0,2.0,0.0,475.0,75.0,0.0
2021-04-05 01:00:00+00:00,167.0,0.0,151.0,228.0,86.0,0.0,23.0,0.0,0.0,0.0,0.0,347.0,143.0,208.0,0.0,0.0,5.0,8.0,7.0,0.0,597.0,317.0,0.0,0.0,0.0,215.0,0.0,0.0,175.0,0.0,0.0,0.0,0.0,0.0,0.0,369.0,138.0,0.0,0.0,475.0,57.0,0.0
2021-04-05 02:00:00+00:00,195.0,0.0,146.0,218.0,40.0,0.0,0.0,0.0,0.0,0.0,0.0,416.0,173.0,230.0,0.0,0.0,8.0,37.0,26.0,0.0,595.0,339.0,0.0,0.0,0.0,213.0,0.0,0.0,175.0,0.0,240.0,0.0,0.0,0.0,0.0,422.0,150.0,2.0,0.0,520.0,34.0,0.0
2021-04-05 03:00:00+00:00,215.0,0.0,48.0,231.0,45.0,0.0,0.0,0.0,0.0,0.0,0.0,508.0,214.0,273.0,5.0,0.0,0.0,58.0,5.0,0.0,552.0,327.0,0.0,0.0,0.0,24.0,0.0,0.0,171.0,0.0,287.0,0.0,0.0,0.0,0.0,485.0,188.0,13.0,0.0,581.0,5.0,0.0
2021-04-05 04:00:00+00:00,283.0,0.0,34.0,217.0,0.0,0.0,0.0,0.0,0.0,0.0,0.0,528.0,249.0,269.0,266.0,0.0,0.0,42.0,0.0,0.0,560.0,268.0,0.0,2.0,0.0,0.0,0.0,0.0,96.0,2.0,137.0,69.0,0.0,10.0,0.0,152.0,180.0,42.0,0.0,544.0,5.0,0.0
2021-04-05 05:00:00+00:00,214.0,0.0,44.0,268.0,87.0,78.0,0.0,0.0,0.0,0.0,0.0,648.0,252.0,270.0,273.0,0.0,0.0,0.0,0.0,0.0,539.0,217.0,0.0,6.0,0.0,0.0,0.0,0.0,86.0,4.0,86.0,154.0,0.0,0.0,0.0,0.0,214.0,26.0,0.0,466.0,0.0,0.0
2021-04-05 06:00:00+00:00,145.0,0.0,49.0,258.0,55.0,110.0,0.0,0.0,0.0,0.0,0.0,786.0,315.0,388.0,347.0,0.0,0.0,0.0,42.0,0.0,489.0,179.0,0.0,0.0,0.0,0.0,0.0,0.0,84.0,0.0,174.0,219.0,0.0,0.0,0.0,0.0,231.0,13.0,0.0,536.0,0.0,0.0
2021-04-05 07:00:00+00:00,136.0,0.0,107.0,258.0,40.0,24.0,0.0,0.0,0.0,0.0,0.0,796.0,332.0,455.0,312.0,0.0,0.0,0.0,87.0,0.0,441.0,188.0,0.0,1.0,0.0,0.0,0.0,0.0,58.0,0.0,258.0,222.0,0.0,0.0,0.0,0.0,234.0,7.0,0.0,588.0,0.0,0.0
2021-04-05 08:00:00+00:00,138.0,0.0,57.0,255.0,31.0,30.0,0.0,0.0,0.0,0.0,0.0,814.0,338.0,486.0,247.0,0.0,0.0,0.0,78.0,0.0,408.0,199.0,0.0,1.0,0.0,0.0,0.0,0.0,58.0,0.0,239.0,223.0,0.0,0.0,0.0,0.0,248.0,13.0,0.0,627.0,0.0,0.0
2021-04-05 09:00:00+00:00,237.0,0.0,74.0,223.0,0.0,79.0,0.0,0.0,0.0,0.0,0.0,777.0,329.0,500.0,197.0,0.0,48.0,0.0,78.0,0.0,133.0,164.0,0.0,0.0,0.0,0.0,0.0,0.0,83.0,0.0,184.0,193.0,0.0,5.0,0.0,0.0,204.0,5.0,0.0,642.0,0.0,0.0
2021-04-05 10:00:00+00:00,200.0,0.0,106.0,237.0,27.0,68.0,0.0,0.0,0.0,0.0,0.0,750.0,319.0,501.0,182.0,0.0,68.0,0.0,96.0,0.0,148.0,163.0,0.0,0.0,0.0,0.0,0.0,0.0,84.0,0.0,233.0,203.0,0.0,0.0,0.0,0.0,230.0,6.0,0.0,612.0,0.0,0.0
2021-04-05 11:00:00+00:00,193.0,0.0,183.0,254.0,21.0,45.0,0.0,0.0,0.0,0.0,0.0,906.0,338.0,551.0,160.0,0.0,69.0,0.0,101.0,0.0,219.0,210.0,0.0,0.0,0.0,0.0,0.0,0.0,84.0,0.0,261.0,183.0,0.0,0.0,0.0,0.0,187.0,0.0,0.0,626.0,0.0,0.0
2021-04-05 12:00:00+00:00,180.0,0.0,158.0,286.0,65.0,115.0,0.0,0.0,0.0,0.0,0.0,897.0,330.0,456.0,118.0,0.0,65.0,0.0,74.0,0.0,369.0,219.0,0.0,0.0,0.0,0.0,0.0,0.0,83.0,0.0,445.0,74.0,0.0,0.0,0.0,0.0,215.0,0.0,0.0,555.0,0.0,0.0
2021-04-05 13:00:00+00:00,158.0,0.0,182.0,286.0,86.0,81.0,0.0,0.0,0.0,0.0,0.0,842.0,303.0,366.0,108.0,0.0,63.0,0.0,60.0,0.0,427.0,229.0,0.0,0.0,0.0,0.0,0.0,0.0,83.0,0.0,482.0,0.0,0.0,0.0,0.0,0.0,199.0,1.0,0.0,504.0,0.0,0.0
2021-04-05 14:00:00+00:00,127.0,0.0,166.0,301.0,142.0,0.0,0.0,0.0,0.0,0.0,0.0,723.0,253.0,315.0,80.0,0.0,27.0,11.0,94.0,0.0,451.0,240.0,0.0,0.0,0.0,59.0,0.0,0.0,83.0,0.0,326.0,0.0,0.0,0.0,0.0,0.0,239.0,1.0,0.0,435.0,0.0,0.0
2021-04-05 15:00:00+00:00,116.0,0.0,80.0,303.0,167.0,28.0,0.0,0.0,0.0,0.0,0.0,507.0,206.0,230.0,86.0,0.0,0.0,0.0,78.0,0.0,467.0,211.0,0.0,2.0,0.0,77.0,0.0,0.0,83.0,0.0,269.0,0.0,0.0,0.0,0.0,0.0,280.0,6.0,0.0,398.0,0.0,0.0
2021-04-05 16:00:00+00:00,142.0,0.0,55.0,322.0,209.0,47.0,0.0,0.0,0.0,0.0,0.0,514.0,167.0,138.0,76.0,0.0,0.0,0.0,60.0,0.0,520.0,188.0,0.0,13.0,0.0,0.0,0.0,0.0,81.0,0.0,239.0,5.0,0.0,0.0,0.0,0.0,302.0,14.0,0.0,323.0,0.0,0.0
2021-04-05 17:00:00+00:00,143.0,0.0,63.0,359.0,287.0,150.0,0.0,0.0,0.0,0.0,0.0,497.0,163.0,101.0,127.0,0.0,0.0,0.0,0.0,0.0,554.0,123.0,0.0,1.0,0.0,0.0,0.0,0.0,82.0,6.0,49.0,258.0,0.0,0.0,0.0,0.0,333.0,12.0,0.0,294.0,0.0,0.0
2021-04-05 18:00:00+00:00,91.0,0.0,93.0,368.0,343.0,420.0,0.0,0.0,0.0,0.0,0.0,350.0,88.0,44.0,61.0,0.0,0.0,0.0,0.0,0.0,435.0,100.0,0.0,3.0,0.0,0.0,0.0,0.0,364.0,71.0,15.0,161.0,1.0,0.0,0.0,0.0,326.0,8.0,0.0,200.0,0.0,0.0
2021-04-05 19:00:00+00:00,72.0,0.0,74.0,361.0,324.0,265.0,0.0,0.0,0.0,0.0,0.0,290.0,45.0,79.0,18.0,0.0,0.0,0.0,0.0,0.0,533.0,115.0,0.0,35.0,0.0,109.0,0.0,0.0,242.0,11.0,182.0,0.0,0.0,0.0,0.0,0.0,307.0,7.0,0.0,179.0,5.0,0.0
2021-04-05 20:00:00+00:00,97.0,0.0,74.0,337.0,261.0,214.0,0.0,0.0,0.0,0.0,0.0,351.0,59.0,117.0,91.0,0.0,0.0,0.0,27.0,0.0,493.0,161.0,0.0,33.0,0.0,226.0,0.0,0.0,370.0,0.0,255.0,0.0,0.0,0.0,0.0,0.0,297.0,11.0,0.0,207.0,0.0,0.0
2021-04-05 21:00:00+00:00,101.0,0.0,201.0,332.0,254.0,0.0,0.0,0.0,0.0,0.0,0.0,284.0,64.0,159.0,41.0,0.0,0.0,4.0,97.0,0.0,523.0,188.0,0.0,27.0,0.0,270.0,0.0,0.0,113.0,0.0,194.0,0.0,0.0,0.0,0.0,0.0,255.0,2.0,0.0,191.0,1.0,0.0
2021-04-05 22:00:00+00:00,162.0,62.0,301.0,352.0,288.0,58.0,0.0,0.0,0.0,0.0,0.0,0.0,12.0,184.0,0.0,0.0,0.0,0.0,12.0,0.0,433.0,234.0,0.0,0.0,0.0,311.0,0.0,0.0,91.0,0.0,112.0,0.0,0.0,0.0,0.0,0.0,255.0,0.0,0.0,277.0,148.0,0.0
2021-04-05 23:00:00+00:00,159.0,180.0,313.0,354.0,281.0,51.0,0.0,0.0,0.0,0.0,0.0,0.0,13.0,202.0,0.0,0.0,0.0,0.0,0.0,0.0,486.0,285.0,0.0,0.0,0.0,377.0,0.0,0.0,93.0,9.0,76.0,0.0,0.0,0.0,0.0,0.0,251.0,0.0,0.0,276.0,141.0,0.0
2021-04-06 00:00:00+00:00,170.0,190.0,335.0,333.0,253.0,42.0,0.0,0.0,0.0,0.0,0.0,0.0,4.0,175.0,0.0,0.0,0.0,0.0,2.0,0.0,480.0,329.0,0.0,2.0,0.0,350.0,0.0,0.0,92.0,0.0,106.0,0.0,0.0,0.0,0.0,0.0,213.0,0.0,0.0,273.0,143.0,0.0
2021-04-06 01:00:00+00:00,161.0,129.0,288.0,320.0,234.0,57.0,0.0,0.0,0.0,0.0,0.0,0.0,15.0,171.0,0.0,0.0,0.0,0.0,0.0,0.0,520.0,343.0,0.0,1.0,0.0,303.0,0.0,0.0,90.0,8.0,141.0,0.0,0.0,0.0,0.0,0.0,210.0,0.0,0.0,295.0,122.0,0.0
2021-04-06 02:00:00+00:00,178.0,97.0,271.0,318.0,233.0,162.0,0.0,0.0,0.0,0.0,0.0,0.0,12.0,152.0,0.0,0.0,0.0,0.0,0.0,0.0,522.0,334.0,0.0,0.0,0.0,297.0,0.0,0.0,364.0,22.0,198.0,0.0,0.0,0.0,0.0,0.0,218.0,0.0,0.0,317.0,80.0,0.0
2021-04-06 03:00:00+00:00,124.0,227.0,86.0,342.0,290.0,164.0,0.0,0.0,0.0,0.0,0.0,0.0,0.0,37.0,0.0,0.0,2.0,0.0,0.0,0.0,546.0,264.0,0.0,0.0,0.0,318.0,0.0,0.0,242.0,52.0,144.0,0.0,11.0,0.0,76.0,0.0,338.0,4.0,0.0,253.0,128.0,0.0
2021-04-06 04:00:00+00:00,76.0,312.0,145.0,389.0,393.0,89.0,0.0,0.0,0.0,0.0,0.0,0.0,0.0,0.0,0.0,0.0,0.0,0.0,0.0,0.0,551.0,226.0,0.0,0.0,0.0,412.0,0.0,0.0,94.0,25.0,86.0,0.0,156.0,0.0,200.0,0.0,379.0,0.0,0.0,92.0,273.0,0.0
2021-04-06 05:00:00+00:00,133.0,432.0,172.0,351.0,365.0,107.0,0.0,0.0,0.0,0.0,0.0,0.0,0.0,0.0,0.0,0.0,0.0,0.0,0.0,0.0,532.0,121.0,0.0,0.0,0.0,90.0,0.0,0.0,85.0,9.0,65.0,0.0,175.0,0.0,218.0,0.0,434.0,1.0,0.0,35.0,252.0,0.0
2021-04-06 06:00:00+00:00,66.0,414.0,250.0,405.0,453.0,211.0,11.0,0.0,0.0,0.0,0.0,0.0,0.0,0.0,0.0,0.0,0.0,0.0,0.0,0.0,569.0,83.0,0.0,0.0,0.0,155.0,0.0,0.0,85.0,27.0,0.0,0.0,112.0,0.0,214.0,0.0,527.0,0.0,0.0,19.0,277.0,0.0
2021-04-06 07:00:00+00:00,146.0,400.0,242.0,383.0,454.0,220.0,59.0,0.0,1.0,1.0,0.0,0.0,0.0,0.0,0.0,0.0,0.0,0.0,0.0,0.0,466.0,43.0,0.0,2.0,0.0,237.0,0.0,2.0,59.0,46.0,0.0,0.0,122.0,0.0,224.0,0.0,512.0,0.0,0.0,10.0,289.0,0.0
2021-04-06 08:00:00+00:00,94.0,332.0,287.0,377.0,482.0,170.0,37.0,0.0,16.0,0.0,0.0,0.0,0.0,0.0,0.0,0.0,0.0,0.0,0.0,0.0,393.0,13.0,0.0,0.0,0.0,367.0,0.0,0.0,59.0,44.0,0.0,0.0,70.0,0.0,225.0,0.0,495.0,0.0,0.0,35.0,289.0,0.0
2021-04-06 09:00:00+00:00,59.0,470.0,243.0,355.0,432.0,138.0,0.0,0.0,7.0,0.0,0.0,0.0,0.0,0.0,0.0,48.0,1.0,0.0,0.0,0.0,0.0,18.0,0.0,0.0,0.0,313.0,0.0,0.0,84.0,6.0,13.0,0.0,85.0,0.0,248.0,0.0,461.0,1.0,0.0,33.0,307.0,0.0
2021-04-06 10:00:00+00:00,50.0,508.0,230.0,337.0,430.0,133.0,0.0,0.0,16.0,0.0,0.0,0.0,0.0,0.0,0.0,150.0,0.0,0.0,2.0,0.0,0.0,18.0,0.0,0.0,0.0,258.0,0.0,0.0,85.0,0.0,37.0,0.0,114.0,0.0,248.0,0.0,473.0,0.0,0.0,8.0,351.0,0.0
2021-04-06 11:00:00+00:00,2.0,564.0,125.0,277.0,469.0,259.0,130.0,0.0,172.0,29.0,0.0,0.0,0.0,0.0,0.0,0.0,0.0,0.0,0.0,0.0,86.0,0.0,0.0,3.0,0.0,326.0,0.0,7.0,86.0,34.0,0.0,0.0,144.0,0.0,292.0,0.0,406.0,2.0,0.0,9.0,357.0,0.0
2021-04-06 12:00:00+00:00,2.0,519.0,122.0,270.0,479.0,422.0,0.0,0.0,214.0,17.0,0.0,0.0,0.0,0.0,0.0,0.0,0.0,0.0,0.0,0.0,169.0,0.0,0.0,2.0,0.0,309.0,0.0,3.0,358.0,52.0,158.0,0.0,161.0,0.0,297.0,0.0,414.0,6.0,0.0,38.0,312.0,0.0
2021-04-06 13:00:00+00:00,0.0,501.0,25.0,271.0,425.0,398.0,0.0,0.0,100.0,73.0,0.0,0.0,0.0,0.0,0.0,0.0,0.0,0.0,0.0,0.0,118.0,0.0,0.0,0.0,0.0,218.0,0.0,0.0,237.0,58.0,187.0,0.0,146.0,0.0,271.0,0.0,245.0,36.0,0.0,54.0,274.0,0.0
2021-04-06 14:00:00+00:00,0.0,303.0,59.0,283.0,421.0,257.0,111.0,0.0,29.0,118.0,0.0,0.0,0.0,0.0,0.0,0.0,26.0,0.0,0.0,0.0,464.0,3.0,0.0,0.0,0.0,159.0,0.0,0.0,87.0,40.0,0.0,0.0,69.0,0.0,232.0,0.0,276.0,9.0,0.0,61.0,265.0,0.0
2021-04-06 15:00:00+00:00,52.0,160.0,105.0,301.0,361.0,251.0,119.0,0.0,0.0,1.0,0.0,0.0,0.0,1.0,0.0,0.0,3.0,0.0,0.0,0.0,446.0,102.0,0.0,0.0,0.0,103.0,0.0,0.0,84.0,41.0,0.0,0.0,58.0,0.0,168.0,0.0,328.0,4.0,0.0,122.0,195.0,0.0
2021-04-06 16:00:00+00:00,158.0,168.0,93.0,306.0,314.0,138.0,6.0,0.0,0.0,0.0,0.0,0.0,0.0,0.0,0.0,0.0,0.0,0.0,0.0,0.0,472.0,143.0,0.0,0.0,0.0,0.0,0.0,0.0,84.0,33.0,0.0,142.0,112.0,0.0,164.0,0.0,322.0,6.0,0.0,74.0,168.0,0.0
2021-04-06 17:00:00+00:00,196.0,71.0,81.0,329.0,336.0,200.0,63.0,0.0,0.0,0.0,0.0,0.0,0.0,0.0,0.0,0.0,1.0,0.0,0.0,0.0,472.0,68.0,0.0,0.0,0.0,0.0,0.0,0.0,82.0,34.0,0.0,191.0,73.0,0.0,82.0,0.0,333.0,8.0,0.0,130.0,90.0,0.0
2021-04-06 18:00:00+00:00,133.0,83.0,106.0,334.0,355.0,453.0,0.0,0.0,0.0,0.0,0.0,0.0,0.0,0.0,0.0,0.0,0.0,0.0,0.0,0.0,551.0,48.0,0.0,1.0,0.0,0.0,0.0,0.0,620.0,43.0,144.0,161.0,59.0,0.0,92.0,0.0,330.0,2.0,0.0,107.0,147.0,0.0
2021-04-06 19:00:00+00:00,128.0,228.0,98.0,348.0,369.0,518.0,0.0,0.0,0.0,0.0,0.0,0.0,0.0,0.0,0.0,0.0,0.0,0.0,0.0,0.0,572.0,114.0,0.0,2.0,0.0,0.0,0.0,0.0,964.0,121.0,2.0,40.0,76.0,0.0,149.0,0.0,348.0,9.0,0.0,79.0,189.0,0.0
2021-04-06 20:00:00+00:00,69.0,76.0,98.0,367.0,417.0,593.0,70.0,0.0,0.0,0.0,0.0,0.0,0.0,2.0,0.0,0.0,0.0,0.0,0.0,0.0,508.0,105.0,0.0,2.0,0.0,81.0,0.0,0.0,995.0,169.0,0.0,0.0,38.0,0.0,112.0,0.0,363.0,4.0,0.0,105.0,233.0,0.0
2021-04-06 21:00:00+00:00,71.0,36.0,100.0,346.0,362.0,612.0,115.0,0.0,0.0,0.0,0.0,0.0,0.0,8.0,0.0,0.0,0.0,0.0,0.0,0.0,515.0,123.0,0.0,2.0,0.0,192.0,0.0,0.0,996.0,160.0,0.0,0.0,9.0,0.0,88.0,0.0,325.0,5.0,0.0,137.0,241.0,0.0
2021-04-06 22:00:00+00:00,32.0,190.0,12.0,264.0,306.0,467.0,0.0,0.0,1.0,3.0,0.0,0.0,0.0,50.0,0.0,0.0,0.0,0.0,0.0,0.0,470.0,36.0,0.0,2.0,0.0,331.0,0.0,0.0,845.0,123.0,47.0,0.0,0.0,0.0,76.0,0.0,237.0,46.0,0.0,160.0,122.0,0.0
2021-04-06 23:00:00+00:00,8.0,305.0,9.0,243.0,315.0,498.0,0.0,0.0,2.0,12.0,0.0,0.0,0.0,8.0,0.0,0.0,0.0,0.0,0.0,0.0,516.0,39.0,0.0,0.0,0.0,397.0,0.0,0.0,835.0,137.0,42.0,0.0,11.0,0.0,102.0,0.0,233.0,57.0,0.0,100.0,40.0,0.0
2021-04-07 00:00:00+00:00,2.0,337.0,7.0,232.0,304.0,528.0,0.0,0.0,0.0,28.0,0.0,0.0,0.0,0.0,1.0,0.0,0.0,0.0,0.0,0.0,581.0,82.0,0.0,2.0,0.0,386.0,0.0,0.0,835.0,153.0,4.0,0.0,45.0,0.0,117.0,0.0,205.0,62.0,0.0,97.0,31.0,0.0
2021-04-07 01:00:00+00:00,0.0,419.0,29.0,238.0,303.0,515.0,33.0,0.0,0.0,39.0,0.0,0.0,0.0,0.0,1.0,0.0,0.0,0.0,0.0,0.0,584.0,121.0,0.0,0.0,0.0,425.0,0.0,0.0,835.0,161.0,0.0,0.0,56.0,0.0,143.0,0.0,223.0,23.0,0.0,94.0,33.0,0.0
2021-04-07 02:00:00+00:00,3.0,402.0,15.0,226.0,271.0,510.0,46.0,0.0,0.0,22.0,0.0,0.0,0.0,0.0,23.0,0.0,2.0,0.0,0.0,0.0,557.0,119.0,0.0,0.0,0.0,435.0,0.0,0.0,835.0,171.0,0.0,0.0,41.0,0.0,133.0,0.0,225.0,34.0,0.0,116.0,4.0,0.0
2021-04-07 03:00:00+00:00,2.0,344.0,21.0,246.0,294.0,393.0,0.0,0.0,0.0,26.0,0.0,0.0,0.0,0.0,38.0,0.0,1.0,0.0,0.0,0.0,588.0,84.0,0.0,0.0,0.0,246.0,0.0,0.0,438.0,164.0,91.0,0.0,101.0,0.0,150.0,0.0,243.0,30.0,0.0,104.0,1.0,0.0
2021-04-07 04:00:00+00:00,9.0,314.0,29.0,241.0,304.0,91.0,0.0,0.0,3.0,21.0,0.0,0.0,0.0,0.0,6.0,0.0,0.0,0.0,0.0,0.0,510.0,22.0,0.0,2.0,0.0,0.0,0.0,0.0,112.0,25.0,41.0,31.0,148.0,0.0,188.0,0.0,246.0,37.0,0.0,41.0,21.0,0.0
2021-04-07 05:00:00+00:00,55.0,352.0,13.0,246.0,300.0,0.0,0.0,0.0,76.0,1.0,0.0,0.0,0.0,0.0,2.0,0.0,0.0,24.0,34.0,0.0,445.0,2.0,0.0,3.0,0.0,0.0,0.0,0.0,86.0,0.0,248.0,192.0,149.0,0.0,189.0,0.0,228.0,68.0,0.0,48.0,29.0,0.0
2021-04-07 06:00:00+00:00,0.0,336.0,45.0,229.0,315.0,46.0,0.0,0.0,214.0,47.0,0.0,0.0,0.0,1.0,0.0,0.0,0.0,0.0,9.0,0.0,535.0,0.0,0.0,32.0,0.0,0.0,0.0,0.0,85.0,0.0,155.0,133.0,40.0,0.0,165.0,0.0,336.0,61.0,0.0,136.0,96.0,0.0
2021-04-07 07:00:00+00:00,0.0,339.0,120.0,244.0,364.0,89.0,0.0,0.0,236.0,68.0,0.0,0.0,0.0,16.0,0.0,0.0,0.0,0.0,17.0,0.0,550.0,0.0,0.0,5.0,0.0,0.0,0.0,0.0,59.0,0.0,94.0,112.0,6.0,0.0,139.0,0.0,331.0,1.0,0.0,173.0,125.0,0.0
2021-04-07 08:00:00+00:00,0.0,313.0,171.0,256.0,398.0,143.0,0.0,0.0,240.0,67.0,0.0,0.0,0.0,60.0,0.0,0.0,11.0,0.0,13.0,0.0,539.0,0.0,0.0,0.0,0.0,0.0,0.0,0.0,58.0,0.0,75.0,143.0,0.0,0.0,112.0,0.0,394.0,1.0,0.0,199.0,107.0,0.0
2021-04-07 09:00:00+00:00,0.0,502.0,166.0,242.0,440.0,146.0,0.0,0.0,341.0,196.0,0.0,0.0,0.0,30.0,0.0,0.0,0.0,0.0,4.0,0.0,491.0,0.0,0.0,4.0,0.0,34.0,0.0,0.0,85.0,0.0,20.0,0.0,1.0,0.0,199.0,0.0,388.0,0.0,0.0,122.0,189.0,0.0
2021-04-07 10:00:00+00:00,0.0,598.0,165.0,232.0,493.0,192.0,0.0,0.0,395.0,272.0,0.0,0.0,0.0,1.0,0.0,0.0,0.0,0.0,0.0,0.0,516.0,0.0,0.0,10.0,0.0,261.0,0.0,0.0,86.0,2.0,14.0,0.0,23.0,0.0,253.0,0.0,395.0,0.0,0.0,48.0,258.0,0.0
2021-04-07 11:00:00+00:00,0.0,740.0,42.0,227.0,501.0,221.0,61.0,0.0,400.0,274.0,0.0,0.0,0.0,0.0,0.0,0.0,0.0,0.0,0.0,0.0,519.0,0.0,0.0,15.0,0.0,298.0,0.0,24.0,86.0,12.0,0.0,0.0,46.0,0.0,297.0,0.0,270.0,36.0,0.0,6.0,319.0,0.0
2021-04-07 12:00:00+00:00,0.0,696.0,4.0,231.0,465.0,426.0,0.0,0.0,373.0,234.0,0.0,0.0,0.0,0.0,0.0,0.0,0.0,0.0,0.0,0.0,516.0,0.0,0.0,9.0,0.0,347.0,0.0,69.0,479.0,41.0,141.0,0.0,49.0,0.0,313.0,0.0,152.0,90.0,0.0,0.0,351.0,0.0
2021-04-07 13:00:00+00:00,0.0,662.0,3.0,244.0,472.0,365.0,0.0,0.0,322.0,195.0,0.0,0.0,0.0,0.0,0.0,0.0,0.0,0.0,0.0,0.0,524.0,0.0,0.0,2.0,0.0,367.0,0.0,49.0,377.0,59.0,204.0,0.0,70.0,0.0,310.0,0.0,179.0,87.0,0.0,0.0,323.0,0.0
2021-04-07 14:00:00+00:00,0.0,620.0,2.0,213.0,390.0,153.0,0.0,0.0,241.0,163.0,0.0,0.0,0.0,0.0,0.0,0.0,0.0,0.0,0.0,0.0,549.0,0.0,0.0,1.0,0.0,178.0,0.0,14.0,104.0,22.0,14.0,0.0,125.0,0.0,293.0,0.0,172.0,103.0,0.0,2.0,260.0,0.0
2021-04-07 15:00:00+00:00,41.0,538.0,19.0,246.0,289.0,122.0,0.0,0.0,61.0,6.0,0.0,0.0,0.0,0.0,0.0,0.0,0.0,0.0,0.0,0.0,574.0,1.0,0.0,3.0,0.0,0.0,0.0,0.0,86.0,25.0,17.0,4.0,147.0,0.0,242.0,0.0,226.0,42.0,0.0,44.0,176.0,0.0
2021-04-07 16:00:00+00:00,78.0,655.0,46.0,265.0,301.0,27.0,0.0,0.0,44.0,0.0,0.0,0.0,0.0,0.0,0.0,0.0,0.0,0.0,1.0,0.0,468.0,1.0,0.0,0.0,0.0,0.0,0.0,1.0,86.0,0.0,140.0,187.0,189.0,0.0,245.0,0.0,218.0,25.0,0.0,19.0,155.0,0.0
2021-04-07 17:00:00+00:00,144.0,466.0,15.0,254.0,304.0,13.0,0.0,0.0,96.0,0.0,0.0,0.0,0.0,0.0,0.0,0.0,5.0,0.0,0.0,0.0,372.0,0.0,0.0,0.0,0.0,0.0,0.0,0.0,85.0,5.0,195.0,212.0,138.0,0.0,149.0,0.0,218.0,56.0,0.0,97.0,54.0,0.0
2021-04-07 18:00:00+00:00,61.0,480.0,18.0,254.0,367.0,344.0,0.0,0.0,170.0,0.0,0.0,0.0,0.0,0.0,0.0,0.0,0.0,0.0,0.0,0.0,394.0,0.0,0.0,3.0,0.0,0.0,0.0,0.0,617.0,109.0,180.0,180.0,124.0,0.0,169.0,0.0,203.0,46.0,0.0,61.0,107.0,0.0
2021-04-07 19:00:00+00:00,56.0,450.0,47.0,277.0,404.0,474.0,0.0,0.0,137.0,2.0,0.0,0.0,0.0,0.0,0.0,0.0,0.0,0.0,0.0,0.0,488.0,0.0,0.0,23.0,0.0,0.0,0.0,0.0,692.0,153.0,46.0,60.0,142.0,0.0,200.0,0.0,238.0,20.0,0.0,67.0,131.0,0.0
2021-04-07 20:00:00+00:00,90.0,422.0,13.0,270.0,387.0,464.0,0.0,0.0,149.0,0.0,0.0,0.0,0.0,0.0,0.0,0.0,0.0,0.0,0.0,0.0,444.0,0.0,0.0,1.0,0.0,46.0,0.0,0.0,693.0,150.0,26.0,0.0,156.0,0.0,186.0,0.0,219.0,58.0,0.0,113.0,130.0,0.0
2021-04-07 21:00:00+00:00,32.0,337.0,12.0,304.0,434.0,130.0,214.0,0.0,104.0,5.0,0.0,0.0,0.0,3.0,0.0,0.0,0.0,0.0,0.0,0.0,426.0,0.0,0.0,1.0,0.0,100.0,0.0,0.0,693.0,75.0,0.0,0.0,64.0,0.0,136.0,0.0,177.0,66.0,0.0,82.0,195.0,0.0
2021-04-07 22:00:00+00:00,0.0,444.0,0.0,260.0,483.0,0.0,38.0,1.0,259.0,117.0,0.0,0.0,0.0,8.0,0.0,0.0,0.0,2.0,0.0,0.0,595.0,0.0,0.0,0.0,0.0,226.0,0.0,0.0,962.0,88.0,0.0,0.0,17.0,0.0,131.0,0.0,83.0,166.0,0.0,114.0,312.0,0.0
2021-04-07 23:00:00+00:00,0.0,510.0,0.0,234.0,448.0,0.0,45.0,0.0,233.0,126.0,0.0,0.0,0.0,0.0,0.0,0.0,0.0,2.0,0.0,0.0,600.0,0.0,0.0,0.0,0.0,334.0,0.0,0.0,992.0,125.0,0.0,0.0,63.0,0.0,162.0,0.0,104.0,172.0,0.0,123.0,327.0,0.0
2021-04-08 00:00:00+00:00,0.0,618.0,2.0,237.0,484.0,0.0,45.0,0.0,224.0,173.0,0.0,0.0,0.0,0.0,0.0,0.0,0.0,2.0,0.0,0.0,600.0,0.0,0.0,1.0,0.0,439.0,0.0,0.0,992.0,138.0,0.0,0.0,154.0,0.0,228.0,0.0,135.0,134.0,0.0,65.0,382.0,0.0
2021-04-08 01:00:00+00:00,0.0,645.0,3.0,228.0,500.0,0.0,48.0,0.0,232.0,207.0,0.0,0.0,0.0,0.0,0.0,0.0,0.0,2.0,0.0,0.0,579.0,0.0,0.0,0.0,0.0,391.0,0.0,0.0,991.0,137.0,0.0,0.0,165.0,0.0,239.0,0.0,161.0,84.0,0.0,71.0,375.0,0.0
2021-04-08 02:00:00+00:00,0.0,624.0,6.0,225.0,471.0,0.0,41.0,0.0,213.0,199.0,0.0,0.0,0.0,0.0,0.0,0.0,0.0,2.0,0.0,0.0,599.0,0.0,0.0,0.0,0.0,371.0,0.0,0.0,991.0,105.0,0.0,0.0,133.0,0.0,214.0,0.0,169.0,86.0,0.0,108.0,301.0,0.0
2021-04-08 03:00:00+00:00,0.0,672.0,3.0,226.0,456.0,0.0,39.0,0.0,226.0,124.0,0.0,0.0,0.0,0.0,0.0,0.0,0.0,2.0,0.0,0.0,572.0,0.0,0.0,0.0,0.0,253.0,0.0,0.0,848.0,5.0,0.0,0.0,139.0,0.0,213.0,0.0,165.0,152.0,0.0,137.0,232.0,0.0
2021-04-08 04:00:00+00:00,0.0,777.0,2.0,226.0,392.0,0.0,9.0,0.0,204.0,89.0,0.0,0.0,0.0,0.0,0.0,0.0,0.0,1.0,44.0,0.0,600.0,0.0,0.0,0.0,0.0,0.0,0.0,0.0,448.0,0.0,0.0,45.0,169.0,0.0,252.0,0.0,133.0,135.0,0.0,49.0,317.0,0.0
2021-04-08 05:00:00+00:00,6.0,829.0,4.0,183.0,343.0,0.0,0.0,0.0,256.0,17.0,0.0,0.0,0.0,0.0,0.0,0.0,4.0,0.0,45.0,0.0,579.0,0.0,0.0,0.0,0.0,0.0,0.0,0.0,425.0,0.0,10.0,123.0,138.0,0.0,232.0,0.0,155.0,124.0,0.0,74.0,276.0,0.0
2021-04-08 06:00:00+00:00,0.0,708.0,0.0,143.0,349.0,0.0,0.0,0.0,397.0,95.0,0.0,0.0,0.0,0.0,0.0,0.0,0.0,0.0,4.0,0.0,575.0,0.0,0.0,3.0,0.0,0.0,0.0,0.0,386.0,0.0,18.0,151.0,103.0,0.0,184.0,0.0,116.0,182.0,0.0,53.0,185.0,0.0
2021-04-08 07:00:00+00:00,0.0,679.0,0.0,159.0,368.0,0.0,24.0,0.0,461.0,126.0,0.0,0.0,0.0,0.0,0.0,0.0,0.0,0.0,0.0,0.0,570.0,0.0,0.0,2.0,0.0,0.0,0.0,2.0,360.0,5.0,0.0,96.0,79.0,0.0,164.0,0.0,105.0,162.0,0.0,42.0,86.0,0.0
2021-04-08 08:00:00+00:00,0.0,583.0,0.0,156.0,389.0,0.0,86.0,0.0,488.0,178.0,0.0,0.0,0.0,0.0,0.0,0.0,6.0,0.0,0.0,0.0,573.0,0.0,0.0,0.0,0.0,0.0,0.0,0.0,360.0,41.0,0.0,53.0,75.0,0.0,174.0,0.0,84.0,142.0,0.0,49.0,89.0,0.0
2021-04-08 09:00:00+00:00,0.0,634.0,1.0,149.0,400.0,0.0,162.0,0.0,515.0,170.0,0.0,0.0,0.0,0.0,0.0,0.0,1.0,0.0,0.0,0.0,566.0,0.0,0.0,0.0,0.0,0.0,0.0,0.0,385.0,100.0,0.0,72.0,83.0,0.0,192.0,0.0,86.0,156.0,0.0,40.0,99.0,0.0
2021-04-08 10:00:00+00:00,0.0,579.0,1.0,151.0,381.0,0.0,192.0,0.0,487.0,167.0,0.0,0.0,0.0,0.0,0.0,0.0,0.0,0.0,0.0,0.0,571.0,0.0,0.0,1.0,0.0,60.0,0.0,0.0,386.0,97.0,0.0,0.0,58.0,0.0,172.0,0.0,90.0,137.0,0.0,56.0,82.0,0.0
2021-04-08 11:00:00+00:00,0.0,616.0,0.0,157.0,379.0,0.0,199.0,0.0,450.0,167.0,0.0,0.0,0.0,0.0,0.0,0.0,0.0,0.0,0.0,0.0,571.0,0.0,0.0,3.0,0.0,99.0,0.0,0.0,386.0,142.0,0.0,0.0,46.0,0.0,179.0,0.0,83.0,122.0,0.0,72.0,144.0,0.0
2021-04-08 12:00:00+00:00,0.0,534.0,2.0,150.0,340.0,0.0,160.0,2.0,450.0,153.0,0.0,0.0,0.0,13.0,0.0,0.0,0.0,0.0,0.0,0.0,574.0,0.0,0.0,2.0,0.0,71.0,0.0,0.0,882.0,150.0,0.0,0.0,15.0,0.0,142.0,0.0,69.0,130.0,0.0,156.0,205.0,0.0
2021-04-08 13:00:00+00:00,0.0,577.0,1.0,159.0,399.0,0.0,177.0,0.0,455.0,185.0,0.0,0.0,0.0,0.0,0.0,0.0,0.0,0.0,0.0,0.0,574.0,0.0,0.0,2.0,0.0,56.0,0.0,0.0,837.0,89.0,0.0,0.0,44.0,0.0,164.0,0.0,100.0,134.0,0.0,131.0,260.0,0.0
2021-04-08 14:00:00+00:00,0.0,609.0,4.0,165.0,403.0,0.0,81.0,0.0,410.0,191.0,0.0,0.0,0.0,0.0,0.0,0.0,2.0,0.0,0.0,0.0,559.0,0.0,0.0,0.0,0.0,0.0,0.0,0.0,448.0,1.0,0.0,19.0,120.0,0.0,201.0,0.0,115.0,95.0,0.0,101.0,264.0,0.0
2021-04-08 15:00:00+00:00,2.0,706.0,6.0,201.0,349.0,0.0,58.0,0.0,266.0,38.0,0.0,0.0,0.0,0.0,0.0,0.0,4.0,0.0,0.0,0.0,508.0,0.0,0.0,0.0,0.0,0.0,0.0,0.0,385.0,64.0,0.0,74.0,132.0,0.0,206.0,0.0,178.0,95.0,0.0,96.0,229.0,0.0
2021-04-08 16:00:00+00:00,105.0,629.0,16.0,204.0,270.0,0.0,118.0,0.0,167.0,0.0,0.0,0.0,0.0,0.0,0.0,0.0,1.0,0.0,0.0,0.0,509.0,0.0,0.0,0.0,0.0,0.0,0.0,0.0,386.0,78.0,0.0,144.0,114.0,0.0,140.0,0.0,212.0,72.0,0.0,94.0,174.0,0.0
2021-04-08 17:00:00+00:00,118.0,534.0,14.0,221.0,277.0,14.0,145.0,0.0,185.0,0.0,0.0,0.0,0.0,2.0,0.0,0.0,0.0,0.0,0.0,0.0,408.0,0.0,0.0,7.0,0.0,0.0,0.0,0.0,388.0,114.0,0.0,202.0,62.0,0.0,73.0,0.0,230.0,58.0,0.0,141.0,93.0,0.0
2021-04-08 18:00:00+00:00,24.0,548.0,16.0,234.0,336.0,189.0,277.0,0.0,207.0,3.0,0.0,0.0,0.0,5.0,0.0,0.0,0.0,0.0,0.0,0.0,431.0,0.0,0.0,1.0,0.0,0.0,0.0,0.0,909.0,54.0,0.0,156.0,17.0,0.0,86.0,0.0,235.0,54.0,0.0,123.0,145.0,0.0
2021-04-08 19:00:00+00:00,13.0,640.0,35.0,249.0,373.0,132.0,231.0,0.0,178.0,9.0,0.0,0.0,0.0,1.0,0.0,0.0,0.0,0.0,0.0,0.0,562.0,0.0,0.0,34.0,0.0,0.0,0.0,0.0,1020.0,27.0,0.0,40.0,39.0,0.0,134.0,0.0,217.0,26.0,0.0,84.0,223.0,0.0
2021-04-08 20:00:00+00:00,2.0,572.0,35.0,286.0,429.0,133.0,148.0,0.0,197.0,38.0,0.0,0.0,0.0,1.0,0.0,0.0,0.0,0.0,18.0,0.0,582.0,0.0,0.0,4.0,0.0,156.0,0.0,0.0,1021.0,0.0,0.0,0.0,46.0,0.0,164.0,0.0,252.0,42.0,0.0,132.0,248.0,0.0
2021-04-08 21:00:00+00:00,0.0,597.0,41.0,280.0,476.0,192.0,103.0,0.0,251.0,218.0,0.0,0.0,0.0,3.0,0.0,0.0,0.0,0.0,33.0,0.0,581.0,0.0,0.0,1.0,0.0,290.0,0.0,0.0,1021.0,0.0,0.0,0.0,38.0,0.0,184.0,0.0,230.0,27.0,0.0,110.0,296.0,0.0
2021-04-08 22:00:00+00:00,5.0,509.0,67.0,275.0,360.0,402.0,180.0,0.0,88.0,61.0,0.0,0.0,0.0,23.0,0.0,0.0,0.0,0.0,0.0,0.0,487.0,4.0,0.0,2.0,0.0,297.0,0.0,0.0,1020.0,65.0,0.0,0.0,7.0,0.0,123.0,0.0,210.0,20.0,0.0,210.0,214.0,0.0
2021-04-08 23:00:00+00:00,2.0,436.0,72.0,345.0,372.0,364.0,157.0,0.0,0.0,32.0,0.0,0.0,0.0,57.0,0.0,0.0,1.0,0.0,0.0,0.0,523.0,108.0,0.0,0.0,0.0,401.0,0.0,0.0,870.0,57.0,0.0,0.0,0.0,0.0,104.0,0.0,312.0,13.0,0.0,211.0,222.0,0.0
2021-04-09 00:00:00+00:00,0.0,443.0,121.0,332.0,387.0,325.0,92.0,0.0,0.0,54.0,0.0,0.0,0.0,46.0,0.0,0.0,0.0,0.0,0.0,0.0,598.0,117.0,0.0,0.0,0.0,340.0,0.0,0.0,861.0,45.0,0.0,0.0,1.0,0.0,104.0,0.0,332.0,9.0,0.0,179.0,255.0,0.0
2021-04-09 01:00:00+00:00,0.0,477.0,122.0,318.0,368.0,286.0,95.0,0.0,0.0,42.0,0.0,0.0,0.0,34.0,0.0,0.0,0.0,0.0,0.0,0.0,598.0,134.0,0.0,1.0,0.0,346.0,0.0,0.0,861.0,41.0,0.0,0.0,2.0,0.0,112.0,0.0,324.0,0.0,0.0,199.0,234.0,0.0
2021-04-09 02:00:00+00:00,13.0,446.0,94.0,284.0,299.0,224.0,10.0,0.0,0.0,7.0,0.0,0.0,0.0,11.0,0.0,0.0,0.0,0.0,0.0,0.0,509.0,139.0,0.0,0.0,0.0,369.0,0.0,0.0,861.0,21.0,0.0,0.0,7.0,0.0,100.0,0.0,290.0,3.0,0.0,251.0,152.0,0.0
2021-04-09 03:00:00+00:00,27.0,466.0,74.0,324.0,347.0,3.0,0.0,0.0,0.0,4.0,0.0,0.0,0.0,6.0,0.0,0.0,2.0,0.0,13.0,0.0,532.0,118.0,0.0,0.0,0.0,242.0,0.0,0.0,372.0,0.0,224.0,0.0,19.0,0.0,121.0,0.0,352.0,11.0,0.0,230.0,115.0,0.0
2021-04-09 04:00:00+00:00,76.0,570.0,42.0,301.0,281.0,0.0,0.0,0.0,0.0,0.0,0.0,0.0,0.0,1.0,0.0,0.0,0.0,59.0,13.0,0.0,580.0,96.0,0.0,2.0,0.0,67.0,0.0,0.0,121.0,0.0,211.0,0.0,57.0,0.0,168.0,0.0,263.0,14.0,0.0,166.0,153.0,0.0
2021-04-09 05:00:00+00:00,98.0,534.0,46.0,278.0,279.0,0.0,0.0,0.0,27.0,0.0,0.0,0.0,0.0,6.0,0.0,0.0,0.0,71.0,7.0,0.0,600.0,6.0,0.0,1.0,0.0,0.0,0.0,0.0,112.0,0.0,233.0,20.0,12.0,0.0,145.0,0.0,259.0,18.0,0.0,206.0,104.0,0.0
2021-04-09 06:00:00+00:00,83.0,553.0,56.0,236.0,275.0,2.0,0.0,0.0,151.0,0.0,0.0,0.0,0.0,40.0,0.0,0.0,0.0,0.0,0.0,0.0,584.0,0.0,0.0,1.0,0.0,5.0,0.0,0.0,109.0,18.0,175.0,0.0,2.0,0.0,126.0,0.0,270.0,9.0,0.0,280.0,99.0,0.0
2021-04-09 07:00:00+00:00,9.0,468.0,60.0,204.0,305.0,0.0,0.0,0.0,260.0,11.0,0.0,0.0,0.0,51.0,0.0,0.0,0.0,36.0,2.0,0.0,554.0,0.0,0.0,0.0,0.0,80.0,0.0,0.0,59.0,0.0,197.0,0.0,1.0,0.0,111.0,0.0,256.0,14.0,0.0,268.0,112.0,0.0
2021-04-09 08:00:00+00:00,0.0,432.0,39.0,214.0,332.0,72.0,0.0,0.0,297.0,86.0,0.0,0.0,0.0,92.0,0.0,0.0,0.0,0.0,0.0,0.0,599.0,0.0,0.0,0.0,0.0,97.0,0.0,0.0,57.0,33.0,74.0,0.0,0.0,0.0,107.0,0.0,258.0,18.0,0.0,294.0,79.0,0.0
2021-04-09 09:00:00+00:00,0.0,543.0,10.0,182.0,337.0,107.0,0.0,0.0,380.0,153.0,0.0,0.0,0.0,80.0,0.0,0.0,0.0,0.0,0.0,0.0,584.0,0.0,0.0,0.0,0.0,165.0,0.0,0.0,104.0,39.0,34.0,0.0,0.0,0.0,151.0,0.0,216.0,59.0,0.0,281.0,84.0,0.0
2021-04-09 10:00:00+00:00,0.0,505.0,12.0,174.0,321.0,41.0,0.0,0.0,363.0,149.0,0.0,0.0,0.0,79.0,0.0,0.0,0.0,0.0,0.0,0.0,572.0,0.0,0.0,0.0,0.0,189.0,0.0,0.0,111.0,30.0,77.0,0.0,0.0,0.0,148.0,0.0,153.0,45.0,0.0,290.0,75.0,0.0
2021-04-09 11:00:00+00:00,0.0,600.0,2.0,166.0,344.0,91.0,0.0,0.0,382.0,202.0,0.0,0.0,0.0,45.0,0.0,0.0,0.0,0.0,0.0,0.0,571.0,0.0,0.0,9.0,0.0,208.0,0.0,0.0,108.0,35.0,21.0,0.0,0.0,0.0,191.0,0.0,133.0,100.0,0.0,251.0,104.0,0.0
2021-04-09 12:00:00+00:00,0.0,537.0,2.0,166.0,338.0,204.0,0.0,0.0,391.0,212.0,0.0,0.0,0.0,51.0,0.0,0.0,0.0,0.0,0.0,0.0,599.0,0.0,0.0,10.0,0.0,273.0,0.0,0.0,380.0,37.0,194.0,0.0,0.0,0.0,177.0,0.0,135.0,110.0,0.0,236.0,113.0,0.0
2021-04-09 13:00:00+00:00,0.0,507.0,0.0,167.0,317.0,195.0,0.0,1.0,339.0,184.0,0.0,0.0,0.0,50.0,0.0,0.0,0.0,0.0,0.0,0.0,599.0,0.0,0.0,1.0,0.0,196.0,0.0,0.0,258.0,56.0,192.0,0.0,1.0,0.0,172.0,153.0,80.0,150.0,0.0,253.0,207.0,0.0
2021-04-09 14:00:00+00:00,0.0,477.0,5.0,244.0,323.0,117.0,0.0,0.0,122.0,41.0,0.0,0.0,0.0,14.0,0.0,0.0,0.0,0.0,0.0,0.0,538.0,0.0,0.0,0.0,0.0,130.0,0.0,0.0,113.0,54.0,4.0,0.0,2.0,0.0,170.0,215.0,163.0,82.0,0.0,269.0,246.0,0.0
2021-04-09 15:00:00+00:00,14.0,576.0,20.0,268.0,286.0,141.0,67.0,0.0,39.0,6.0,0.0,0.0,0.0,2.0,0.0,0.0,1.0,0.0,0.0,0.0,558.0,1.0,0.0,0.0,0.0,0.0,0.0,0.0,109.0,67.0,0.0,72.0,52.0,0.0,210.0,202.0,242.0,35.0,0.0,209.0,287.0,0.0
2021-04-09 16:00:00+00:00,129.0,731.0,29.0,280.0,272.0,181.0,87.0,0.0,10.0,0.0,0.0,0.0,0.0,0.0,0.0,0.0,0.0,0.0,0.0,0.0,504.0,16.0,0.0,0.0,0.0,0.0,0.0,0.0,109.0,65.0,0.0,156.0,127.0,0.0,229.0,216.0,242.0,27.0,0.0,168.0,309.0,0.0
2021-04-09 17:00:00+00:00,198.0,521.0,27.0,284.0,253.0,222.0,129.0,0.0,28.0,0.0,0.0,0.0,0.0,3.0,0.0,0.0,0.0,0.0,0.0,0.0,414.0,4.0,0.0,0.0,0.0,0.0,0.0,0.0,111.0,84.0,0.0,212.0,23.0,0.0,113.0,414.0,231.0,30.0,0.0,326.0,316.0,0.0
2021-04-09 18:00:00+00:00,173.0,508.0,62.0,294.0,291.0,465.0,34.0,0.0,22.0,0.0,0.0,0.0,0.0,12.0,0.0,0.0,0.0,0.0,0.0,0.0,389.0,2.0,0.0,8.0,0.0,0.0,0.0,0.0,646.0,116.0,0.0,163.0,7.0,0.0,107.0,381.0,212.0,14.0,0.0,307.0,334.0,0.0
2021-04-09 19:00:00+00:00,143.0,602.0,78.0,330.0,338.0,532.0,114.0,0.0,4.0,0.0,0.0,0.0,0.0,0.0,0.0,0.0,1.0,0.0,0.0,0.0,555.0,34.0,0.0,0.0,0.0,0.0,0.0,0.0,721.0,125.0,0.0,59.0,51.0,0.0,172.0,238.0,233.0,9.0,0.0,189.0,367.0,0.0
2021-04-09 20:00:00+00:00,107.0,545.0,57.0,325.0,349.0,529.0,124.0,0.0,16.0,0.0,0.0,0.0,0.0,0.0,0.0,0.0,0.0,0.0,0.0,0.0,568.0,6.0,0.0,1.0,0.0,13.0,0.0,0.0,722.0,85.0,0.0,0.0,104.0,0.0,209.0,186.0,295.0,16.0,0.0,189.0,375.0,0.0
2021-04-09 21:00:00+00:00,5.0,175.0,78.0,315.0,320.0,489.0,0.0,0.0,14.0,56.0,0.0,0.0,0.0,26.0,0.0,0.0,0.0,0.0,0.0,0.0,542.0,19.0,0.0,1.0,0.0,205.0,0.0,0.0,723.0,57.0,225.0,0.0,4.0,0.0,89.0,256.0,281.0,6.0,0.0,327.0,336.0,0.0
2021-04-09 22:00:00+00:00,228.0,170.0,74.0,346.0,243.0,354.0,165.0,0.0,0.0,1.0,0.0,0.0,0.0,165.0,0.0,0.0,0.0,0.0,0.0,0.0,540.0,228.0,0.0,1.0,0.0,292.0,0.0,0.0,854.0,51.0,0.0,0.0,0.0,0.0,13.0,403.0,284.0,14.0,0.0,487.0,334.0,0.0
2021-04-09 23:00:00+00:00,204.0,290.0,88.0,379.0,254.0,414.0,338.0,0.0,0.0,0.0,0.0,0.0,0.0,184.0,0.0,0.0,0.0,0.0,0.0,0.0,494.0,311.0,0.0,1.0,0.0,415.0,0.0,0.0,861.0,84.0,0.0,0.0,0.0,0.0,19.0,412.0,326.0,16.0,0.0,509.0,345.0,0.0
2021-04-10 00:00:00+00:00,178.0,360.0,77.0,387.0,267.0,437.0,318.0,0.0,0.0,0.0,0.0,0.0,0.0,135.0,0.0,0.0,0.0,0.0,0.0,0.0,552.0,356.0,0.0,2.0,0.0,438.0,0.0,0.0,862.0,89.0,0.0,0.0,0.0,0.0,54.0,368.0,355.0,9.0,0.0,460.0,345.0,0.0
2021-04-10 01:00:00+00:00,216.0,346.0,115.0,375.0,211.0,440.0,325.0,0.0,0.0,0.0,0.0,0.0,0.0,92.0,0.0,0.0,0.0,0.0,0.0,0.0,492.0,419.0,0.0,1.0,0.0,418.0,0.0,0.0,1013.0,84.0,0.0,0.0,0.0,0.0,66.0,332.0,341.0,4.0,0.0,453.0,320.0,0.0
2021-04-10 02:00:00+00:00,213.0,275.0,70.0,362.0,183.0,447.0,305.0,0.0,0.0,0.0,0.0,0.0,0.0,86.0,0.0,0.0,1.0,0.0,0.0,0.0,530.0,419.0,0.0,0.0,0.0,409.0,0.0,0.0,1021.0,92.0,0.0,0.0,0.0,0.0,61.0,335.0,339.0,10.0,0.0,449.0,310.0,0.0
2021-04-10 03:00:00+00:00,191.0,340.0,114.0,394.0,267.0,508.0,233.0,0.0,0.0,0.0,0.0,0.0,0.0,17.0,0.0,0.0,0.0,0.0,0.0,0.0,592.0,380.0,0.0,0.0,0.0,417.0,0.0,0.0,1021.0,124.0,0.0,0.0,6.0,0.0,127.0,292.0,434.0,5.0,0.0,355.0,338.0,0.0
2021-04-10 04:00:00+00:00,142.0,410.0,160.0,382.0,255.0,490.0,244.0,0.0,0.0,0.0,0.0,0.0,0.0,8.0,0.0,0.0,0.0,0.0,0.0,0.0,592.0,356.0,0.0,0.0,0.0,165.0,0.0,0.0,1021.0,121.0,0.0,0.0,36.0,0.0,179.0,260.0,451.0,0.0,0.0,262.0,443.0,0.0
2021-04-10 05:00:00+00:00,227.0,345.0,112.0,363.0,271.0,529.0,190.0,0.0,0.0,0.0,0.0,0.0,0.0,18.0,0.0,0.0,1.0,0.0,0.0,0.0,600.0,257.0,0.0,0.0,0.0,0.0,0.0,0.0,1015.0,132.0,0.0,65.0,8.0,0.0,144.0,265.0,363.0,4.0,0.0,233.0,431.0,0.0
2021-04-10 06:00:00+00:00,238.0,304.0,101.0,392.0,354.0,498.0,203.0,0.0,0.0,0.0,0.0,0.0,0.0,28.0,0.0,0.0,0.0,0.0,0.0,0.0,600.0,189.0,0.0,2.0,0.0,0.0,0.0,0.0,1014.0,120.0,0.0,88.0,1.0,0.0,121.0,91.0,381.0,3.0,0.0,139.0,370.0,0.0
2021-04-10 07:00:00+00:00,137.0,359.0,127.0,421.0,447.0,562.0,223.0,0.0,0.0,0.0,0.0,0.0,0.0,41.0,0.0,0.0,0.0,0.0,0.0,0.0,601.0,135.0,0.0,1.0,0.0,57.0,0.0,0.0,1015.0,138.0,0.0,0.0,0.0,0.0,134.0,0.0,393.0,3.0,28.0,81.0,345.0,0.0
2021-04-10 08:00:00+00:00,88.0,305.0,143.0,449.0,486.0,585.0,259.0,0.0,0.0,0.0,0.0,0.0,0.0,49.0,0.0,0.0,0.0,0.0,0.0,0.0,601.0,172.0,0.0,0.0,0.0,132.0,0.0,0.0,1015.0,131.0,0.0,0.0,0.0,0.0,142.0,0.0,436.0,4.0,90.0,61.0,353.0,0.0
2021-04-10 09:00:00+00:00,107.0,259.0,115.0,418.0,451.0,612.0,261.0,0.0,0.0,0.0,0.0,0.0,0.0,72.0,0.0,0.0,0.0,0.0,0.0,0.0,601.0,147.0,0.0,5.0,0.0,189.0,0.0,0.0,1016.0,135.0,0.0,0.0,0.0,0.0,136.0,0.0,405.0,2.0,84.0,55.0,328.0,0.0
2021-04-10 10:00:00+00:00,9.0,306.0,106.0,426.0,499.0,664.0,298.0,0.0,0.0,9.0,0.0,0.0,0.0,71.0,0.0,0.0,0.0,0.0,0.0,0.0,601.0,111.0,0.0,23.0,0.0,246.0,0.0,3.0,1015.0,126.0,0.0,0.0,0.0,0.0,171.0,0.0,387.0,2.0,113.0,5.0,328.0,0.0
2021-04-10 11:00:00+00:00,12.0,173.0,66.0,410.0,467.0,656.0,305.0,0.0,0.0,10.0,0.0,0.0,0.0,106.0,0.0,0.0,0.0,0.0,0.0,0.0,601.0,121.0,0.0,28.0,0.0,299.0,0.0,16.0,1016.0,126.0,0.0,0.0,0.0,0.0,141.0,0.0,397.0,10.0,142.0,8.0,294.0,0.0
2021-04-10 12:00:00+00:00,5.0,144.0,96.0,406.0,454.0,635.0,291.0,0.0,0.0,14.0,0.0,0.0,0.0,105.0,0.0,0.0,0.0,0.0,0.0,0.0,601.0,129.0,0.0,16.0,0.0,382.0,0.0,0.0,1016.0,129.0,0.0,0.0,0.0,0.0,144.0,0.0,420.0,9.0,63.0,48.0,296.0,0.0
2021-04-10 13:00:00+00:00,10.0,157.0,130.0,402.0,441.0,617.0,255.0,0.0,0.0,9.0,0.0,0.0,0.0,78.0,0.0,0.0,0.0,0.0,0.0,0.0,601.0,165.0,0.0,0.0,0.0,370.0,0.0,0.0,1015.0,135.0,0.0,0.0,0.0,0.0,139.0,14.0,433.0,2.0,9.0,87.0,301.0,0.0
2021-04-10 14:00:00+00:00,19.0,133.0,143.0,395.0,403.0,595.0,227.0,0.0,0.0,6.0,0.0,0.0,0.0,24.0,0.0,0.0,0.0,0.0,0.0,0.0,601.0,218.0,0.0,3.0,0.0,157.0,0.0,0.0,1015.0,126.0,0.0,0.0,3.0,0.0,136.0,86.0,446.0,2.0,0.0,69.0,276.0,0.0
2021-04-10 15:00:00+00:00,53.0,322.0,182.0,426.0,415.0,576.0,192.0,0.0,0.0,0.0,0.0,0.0,0.0,0.0,0.0,0.0,0.0,0.0,0.0,0.0,601.0,280.0,0.0,6.0,0.0,0.0,0.0,2.0,1015.0,114.0,0.0,12.0,89.0,0.0,186.0,23.0,471.0,0.0,0.0,21.0,366.0,0.0
2021-04-10 16:00:00+00:00,222.0,529.0,179.0,445.0,419.0,534.0,135.0,0.0,0.0,0.0,0.0,0.0,0.0,0.0,0.0,0.0,0.0,0.0,0.0,0.0,601.0,296.0,0.0,3.0,0.0,0.0,0.0,44.0,1015.0,108.0,0.0,63.0,193.0,0.0,231.0,57.0,418.0,1.0,0.0,0.0,390.0,0.0
2021-04-10 17:00:00+00:00,252.0,297.0,163.0,462.0,402.0,530.0,114.0,0.0,0.0,0.0,0.0,0.0,0.0,0.0,0.0,0.0,3.0,0.0,0.0,0.0,600.0,304.0,0.0,0.0,0.0,0.0,0.0,0.0,1014.0,98.0,0.0,83.0,75.0,0.0,114.0,286.0,435.0,1.0,0.0,140.0,417.0,88.0
2021-04-10 18:00:00+00:00,234.0,231.0,190.0,455.0,397.0,536.0,138.0,0.0,0.0,0.0,0.0,0.0,0.0,2.0,0.0,0.0,0.0,0.0,0.0,0.0,586.0,306.0,0.0,0.0,0.0,0.0,0.0,0.0,1018.0,85.0,0.0,58.0,19.0,0.0,83.0,331.0,435.0,0.0,0.0,156.0,393.0,116.0
2021-04-10 19:00:00+00:00,215.0,232.0,198.0,437.0,380.0,575.0,150.0,0.0,0.0,0.0,0.0,0.0,0.0,10.0,0.0,0.0,0.0,0.0,0.0,0.0,600.0,296.0,0.0,0.0,0.0,0.0,0.0,0.0,1020.0,109.0,0.0,17.0,9.0,0.0,90.0,261.0,446.0,0.0,0.0,147.0,378.0,157.0
2021-04-10 20:00:00+00:00,123.0,260.0,136.0,411.0,363.0,567.0,194.0,0.0,0.0,0.0,0.0,0.0,0.0,9.0,0.0,0.0,0.0,0.0,0.0,0.0,600.0,223.0,0.0,0.0,0.0,120.0,0.0,0.0,1021.0,109.0,0.0,0.0,15.0,0.0,131.0,194.0,455.0,2.0,0.0,133.0,435.0,179.0
2021-04-10 21:00:00+00:00,77.0,227.0,112.0,384.0,367.0,126.0,246.0,0.0,0.0,2.0,0.0,0.0,0.0,31.0,0.0,0.0,0.0,0.0,0.0,0.0,600.0,158.0,0.0,1.0,0.0,237.0,0.0,0.0,1021.0,125.0,0.0,0.0,8.0,0.0,113.0,152.0,476.0,40.0,0.0,130.0,420.0,178.0
2021-04-10 22:00:00+00:00,166.0,0.0,125.0,362.0,254.0,0.0,164.0,0.0,0.0,0.0,0.0,116.0,38.0,222.0,0.0,0.0,0.0,0.0,0.0,0.0,569.0,274.0,0.0,1.0,0.0,249.0,0.0,0.0,1019.0,178.0,0.0,0.0,0.0,0.0,0.0,289.0,442.0,1.0,0.0,329.0,361.0,178.0
2021-04-10 23:00:00+00:00,200.0,0.0,156.0,355.0,200.0,0.0,170.0,0.0,0.0,0.0,0.0,18.0,51.0,223.0,0.0,0.0,0.0,0.0,0.0,0.0,599.0,354.0,0.0,0.0,0.0,331.0,0.0,0.0,1018.0,175.0,0.0,0.0,0.0,0.0,0.0,322.0,433.0,1.0,0.0,408.0,327.0,179.0
2021-04-11 00:00:00+00:00,221.0,29.0,140.0,350.0,206.0,0.0,157.0,0.0,0.0,0.0,0.0,0.0,27.0,176.0,0.0,0.0,0.0,0.0,0.0,0.0,600.0,386.0,0.0,2.0,0.0,324.0,0.0,0.0,1019.0,183.0,0.0,0.0,0.0,0.0,0.0,297.0,440.0,2.0,0.0,369.0,329.0,177.0
2021-04-11 01:00:00+00:00,203.0,35.0,132.0,345.0,196.0,0.0,132.0,0.0,0.0,0.0,0.0,0.0,20.0,191.0,0.0,0.0,0.0,0.0,0.0,0.0,600.0,412.0,0.0,0.0,0.0,296.0,0.0,0.0,1024.0,187.0,0.0,0.0,0.0,0.0,0.0,336.0,434.0,2.0,0.0,397.0,340.0,178.0
2021-04-11 02:00:00+00:00,232.0,0.0,98.0,326.0,142.0,0.0,151.0,0.0,0.0,0.0,0.0,60.0,47.0,210.0,0.0,0.0,1.0,0.0,0.0,0.0,600.0,431.0,0.0,0.0,0.0,286.0,0.0,0.0,1025.0,175.0,0.0,0.0,0.0,0.0,0.0,384.0,402.0,2.0,0.0,451.0,334.0,178.0
2021-04-11 03:00:00+00:00,228.0,0.0,83.0,350.0,183.0,0.0,168.0,0.0,0.0,0.0,0.0,52.0,21.0,168.0,0.0,0.0,1.0,0.0,0.0,0.0,599.0,404.0,0.0,0.0,0.0,280.0,0.0,0.0,1017.0,175.0,0.0,0.0,0.0,0.0,0.0,342.0,399.0,14.0,0.0,370.0,336.0,179.0
2021-04-11 04:00:00+00:00,130.0,0.0,83.0,341.0,120.0,0.0,175.0,0.0,0.0,0.0,0.0,81.0,6.0,153.0,0.0,0.0,0.0,0.0,0.0,0.0,538.0,439.0,0.0,2.0,0.0,346.0,0.0,0.0,1020.0,150.0,0.0,0.0,0.0,0.0,0.0,377.0,385.0,9.0,0.0,359.0,309.0,179.0
2021-04-11 05:00:00+00:00,121.0,0.0,57.0,383.0,177.0,0.0,164.0,0.0,0.0,0.0,0.0,64.0,0.0,141.0,0.0,0.0,2.0,0.0,0.0,0.0,493.0,425.0,0.0,0.0,0.0,259.0,0.0,0.0,1020.0,149.0,0.0,0.0,0.0,0.0,21.0,336.0,314.0,22.0,0.0,319.0,323.0,179.0
2021-04-11 06:00:00+00:00,15.0,69.0,50.0,442.0,313.0,0.0,173.0,0.0,0.0,12.0,0.0,0.0,0.0,154.0,0.0,0.0,0.0,0.0,0.0,0.0,537.0,374.0,0.0,0.0,0.0,184.0,0.0,0.0,1019.0,154.0,0.0,0.0,0.0,0.0,93.0,260.0,328.0,17.0,0.0,259.0,347.0,179.0
2021-04-11 07:00:00+00:00,0.0,31.0,82.0,470.0,398.0,0.0,206.0,0.0,0.0,82.0,0.0,0.0,0.0,187.0,0.0,0.0,0.0,0.0,0.0,0.0,599.0,335.0,0.0,1.0,0.0,223.0,0.0,0.0,1020.0,157.0,0.0,0.0,0.0,0.0,102.0,178.0,324.0,7.0,0.0,213.0,366.0,181.0
2021-04-11 08:00:00+00:00,0.0,154.0,106.0,475.0,437.0,0.0,207.0,0.0,0.0,56.0,0.0,0.0,0.0,186.0,0.0,0.0,0.0,0.0,0.0,0.0,600.0,313.0,0.0,2.0,0.0,299.0,0.0,0.0,1019.0,180.0,0.0,0.0,0.0,0.0,137.0,139.0,392.0,6.0,0.0,193.0,399.0,182.0
2021-04-11 09:00:00+00:00,0.0,140.0,84.0,498.0,506.0,0.0,184.0,0.0,0.0,54.0,0.0,0.0,0.0,192.0,0.0,0.0,0.0,0.0,0.0,0.0,600.0,295.0,0.0,5.0,0.0,388.0,0.0,0.0,1020.0,191.0,0.0,0.0,0.0,0.0,151.0,61.0,410.0,7.0,0.0,157.0,455.0,181.0
2021-04-11 10:00:00+00:00,0.0,91.0,122.0,494.0,470.0,0.0,183.0,0.0,0.0,47.0,0.0,0.0,0.0,218.0,0.0,0.0,0.0,0.0,0.0,0.0,600.0,349.0,0.0,9.0,0.0,460.0,0.0,0.0,1020.0,174.0,0.0,0.0,0.0,0.0,136.0,70.0,411.0,4.0,0.0,184.0,450.0,181.0
2021-04-11 11:00:00+00:00,0.0,26.0,95.0,487.0,488.0,0.0,176.0,0.0,0.0,110.0,0.0,0.0,0.0,215.0,0.0,0.0,0.0,0.0,0.0,0.0,594.0,312.0,0.0,18.0,0.0,392.0,0.0,0.0,1020.0,194.0,0.0,0.0,0.0,0.0,152.0,29.0,395.0,5.0,0.0,139.0,449.0,181.0
2021-04-11 12:00:00+00:00,0.0,0.0,70.0,470.0,428.0,0.0,170.0,0.0,0.0,64.0,0.0,41.0,0.0,205.0,0.0,0.0,0.0,0.0,0.0,0.0,600.0,364.0,0.0,23.0,0.0,372.0,0.0,0.0,1020.0,177.0,0.0,0.0,0.0,0.0,120.0,74.0,374.0,11.0,0.0,174.0,436.0,180.0
2021-04-11 13:00:00+00:00,21.0,0.0,65.0,435.0,336.0,0.0,165.0,0.0,0.0,9.0,0.0,169.0,0.0,203.0,0.0,0.0,0.0,0.0,0.0,0.0,601.0,400.0,0.0,0.0,0.0,360.0,0.0,0.0,1020.0,140.0,0.0,0.0,0.0,0.0,58.0,161.0,365.0,9.0,0.0,234.0,405.0,180.0
2021-04-11 14:00:00+00:00,48.0,0.0,80.0,429.0,333.0,0.0,159.0,0.0,0.0,1.0,0.0,218.0,0.0,171.0,0.0,0.0,2.0,0.0,0.0,0.0,601.0,379.0,0.0,0.0,0.0,359.0,0.0,0.0,1019.0,139.0,0.0,0.0,0.0,0.0,43.0,282.0,405.0,9.0,0.0,268.0,399.0,179.0
2021-04-11 15:00:00+00:00,146.0,0.0,62.0,399.0,271.0,0.0,144.0,0.0,0.0,0.0,0.0,122.0,0.0,108.0,0.0,0.0,0.0,0.0,0.0,0.0,601.0,382.0,0.0,0.0,0.0,350.0,0.0,0.0,1019.0,118.0,0.0,0.0,0.0,0.0,38.0,350.0,386.0,16.0,0.0,306.0,380.0,179.0
2021-04-11 16:00:00+00:00,162.0,183.0,60.0,423.0,285.0,0.0,135.0,0.0,0.0,0.0,0.0,0.0,0.0,0.0,0.0,0.0,1.0,0.0,0.0,0.0,600.0,411.0,0.0,0.0,0.0,65.0,0.0,0.0,1020.0,124.0,0.0,0.0,101.0,0.0,177.0,296.0,353.0,14.0,0.0,211.0,358.0,182.0
2021-04-11 17:00:00+00:00,214.0,16.0,83.0,433.0,254.0,0.0,141.0,0.0,0.0,0.0,0.0,0.0,0.0,42.0,0.0,0.0,0.0,0.0,0.0,0.0,586.0,375.0,0.0,1.0,0.0,5.0,0.0,0.0,1019.0,116.0,0.0,0.0,13.0,0.0,54.0,470.0,373.0,9.0,0.0,355.0,395.0,180.0
2021-04-11 18:00:00+00:00,166.0,0.0,95.0,444.0,310.0,0.0,117.0,0.0,0.0,0.0,0.0,64.0,0.0,84.0,0.0,0.0,0.0,0.0,0.0,0.0,585.0,309.0,0.0,0.0,0.0,0.0,0.0,0.0,1020.0,89.0,0.0,97.0,0.0,0.0,27.0,459.0,381.0,6.0,0.0,340.0,402.0,179.0
2021-04-11 19:00:00+00:00,105.0,112.0,103.0,421.0,342.0,0.0,129.0,0.0,0.0,0.0,0.0,0.0,0.0,6.0,0.0,0.0,0.0,0.0,0.0,0.0,586.0,239.0,0.0,4.0,0.0,0.0,0.0,0.0,1019.0,96.0,0.0,2.0,15.0,0.0,112.0,354.0,410.0,3.0,0.0,271.0,389.0,181.0
2021-04-11 20:00:00+00:00,91.0,108.0,102.0,425.0,362.0,120.0,198.0,0.0,0.0,0.0,0.0,0.0,0.0,8.0,0.0,0.0,0.0,0.0,0.0,0.0,585.0,262.0,0.0,2.0,0.0,183.0,0.0,0.0,1020.0,71.0,0.0,0.0,13.0,0.0,144.0,282.0,412.0,4.0,0.0,239.0,408.0,179.0
2021-04-11 21:00:00+00:00,74.0,23.0,110.0,434.0,410.0,454.0,0.0,0.0,0.0,0.0,0.0,0.0,0.0,51.0,0.0,0.0,0.0,0.0,0.0,0.0,565.0,234.0,0.0,1.0,0.0,190.0,0.0,0.0,1021.0,124.0,58.0,0.0,1.0,0.0,105.0,333.0,425.0,7.0,0.0,307.0,401.0,180.0
2021-04-11 22:00:00+00:00,173.0,12.0,107.0,427.0,351.0,248.0,0.0,0.0,0.0,0.0,0.0,0.0,0.0,114.0,0.0,0.0,0.0,0.0,0.0,0.0,599.0,351.0,0.0,1.0,0.0,393.0,0.0,0.0,1022.0,36.0,39.0,0.0,0.0,0.0,58.0,307.0,422.0,7.0,0.0,324.0,416.0,180.0
2021-04-11 23:00:00+00:00,128.0,142.0,122.0,414.0,344.0,328.0,30.0,0.0,0.0,0.0,0.0,0.0,0.0,104.0,0.0,0.0,0.0,0.0,0.0,0.0,600.0,378.0,0.0,1.0,0.0,467.0,0.0,0.0,1020.0,84.0,0.0,0.0,0.0,0.0,90.0,274.0,429.0,2.0,0.0,277.0,454.0,178.0
2021-04-12 00:00:00+00:00,101.0,175.0,134.0,414.0,353.0,375.0,126.0,0.0,0.0,0.0,0.0,0.0,0.0,91.0,0.0,0.0,0.0,0.0,0.0,0.0,601.0,412.0,0.0,1.0,0.0,404.0,0.0,0.0,1018.0,134.0,0.0,0.0,0.0,0.0,105.0,223.0,437.0,1.0,0.0,223.0,456.0,179.0
2021-04-12 01:00:00+00:00,73.0,251.0,131.0,412.0,381.0,333.0,82.0,0.0,0.0,0.0,0.0,0.0,0.0,58.0,0.0,0.0,0.0,0.0,0.0,0.0,600.0,398.0,0.0,0.0,0.0,416.0,0.0,0.0,1022.0,128.0,0.0,0.0,0.0,0.0,126.0,233.0,441.0,2.0,0.0,229.0,460.0,179.0
2021-04-12 02:00:00+00:00,81.0,230.0,138.0,421.0,389.0,320.0,0.0,0.0,0.0,0.0,0.0,0.0,0.0,50.0,0.0,0.0,0.0,0.0,0.0,0.0,600.0,399.0,0.0,0.0,0.0,387.0,0.0,0.0,1020.0,124.0,14.0,0.0,0.0,0.0,117.0,308.0,416.0,3.0,0.0,285.0,458.0,179.0
2021-04-12 03:00:00+00:00,169.0,158.0,80.0,374.0,309.0,227.0,0.0,0.0,0.0,0.0,0.0,0.0,0.0,8.0,0.0,0.0,0.0,0.0,0.0,0.0,600.0,336.0,0.0,0.0,0.0,269.0,0.0,0.0,524.0,153.0,95.0,0.0,12.0,0.0,107.0,402.0,392.0,10.0,0.0,358.0,437.0,179.0
2021-04-12 04:00:00+00:00,108.0,471.0,76.0,354.0,299.0,10.0,33.0,0.0,0.0,0.0,0.0,0.0,0.0,0.0,0.0,0.0,0.0,0.0,0.0,0.0,600.0,266.0,0.0,3.0,0.0,98.0,0.0,0.0,114.0,113.0,0.0,0.0,186.0,0.0,236.0,209.0,344.0,6.0,0.0,28.0,523.0,178.0
2021-04-12 05:00:00+00:00,210.0,506.0,96.0,350.0,299.0,0.0,0.0,0.0,0.0,0.0,0.0,0.0,0.0,0.0,0.0,0.0,0.0,67.0,0.0,0.0,600.0,227.0,0.0,10.0,0.0,0.0,0.0,0.0,91.0,42.0,162.0,123.0,149.0,0.0,216.0,174.0,343.0,9.0,0.0,0.0,536.0,180.0
2021-04-12 06:00:00+00:00,171.0,368.0,88.0,346.0,313.0,0.0,0.0,0.0,0.0,0.0,0.0,0.0,0.0,0.0,0.0,0.0,0.0,144.0,0.0,0.0,600.0,146.0,0.0,27.0,0.0,0.0,0.0,0.0,92.0,3.0,285.0,152.0,72.0,0.0,166.0,112.0,367.0,2.0,0.0,0.0,541.0,181.0
2021-04-12 07:00:00+00:00,56.0,475.0,92.0,332.0,398.0,0.0,0.0,0.0,35.0,0.0,0.0,0.0,0.0,0.0,0.0,0.0,0.0,28.0,45.0,0.0,600.0,4.0,0.0,3.0,0.0,0.0,0.0,0.0,87.0,0.0,222.0,129.0,127.0,0.0,239.0,34.0,339.0,5.0,0.0,0.0,461.0,175.0
2021-04-12 08:00:00+00:00,57.0,532.0,58.0,312.0,389.0,49.0,0.0,0.0,68.0,0.0,0.0,0.0,0.0,0.0,0.0,0.0,0.0,0.0,53.0,0.0,601.0,0.0,0.0,5.0,0.0,0.0,0.0,0.0,87.0,0.0,117.0,41.0,118.0,0.0,276.0,30.0,317.0,13.0,0.0,0.0,418.0,181.0
2021-04-12 09:00:00+00:00,2.0,409.0,54.0,318.0,382.0,124.0,0.0,0.0,23.0,22.0,0.0,0.0,0.0,0.0,0.0,0.0,12.0,0.0,61.0,0.0,601.0,3.0,0.0,0.0,0.0,19.0,0.0,0.0,88.0,0.0,58.0,0.0,51.0,0.0,262.0,54.0,319.0,12.0,0.0,0.0,418.0,181.0
2021-04-12 10:00:00+00:00,0.0,416.0,59.0,302.0,372.0,115.0,0.0,0.0,34.0,41.0,0.0,0.0,0.0,0.0,0.0,0.0,3.0,0.0,60.0,0.0,601.0,15.0,0.0,0.0,0.0,97.0,0.0,0.0,88.0,0.0,58.0,0.0,69.0,0.0,264.0,54.0,286.0,11.0,0.0,0.0,401.0,179.0
2021-04-12 11:00:00+00:00,0.0,502.0,36.0,289.0,385.0,102.0,0.0,0.0,54.0,74.0,0.0,0.0,0.0,0.0,0.0,0.0,0.0,0.0,62.0,0.0,595.0,0.0,0.0,0.0,0.0,177.0,0.0,0.0,87.0,0.0,78.0,0.0,110.0,0.0,297.0,53.0,323.0,16.0,0.0,0.0,388.0,180.0
2021-04-12 12:00:00+00:00,0.0,475.0,38.0,290.0,341.0,330.0,0.0,0.0,33.0,49.0,0.0,0.0,0.0,0.0,0.0,0.0,0.0,0.0,37.0,0.0,600.0,4.0,0.0,1.0,0.0,202.0,0.0,0.0,621.0,0.0,241.0,0.0,105.0,0.0,273.0,95.0,304.0,18.0,0.0,0.0,404.0,182.0
2021-04-12 13:00:00+00:00,15.0,360.0,34.0,298.0,286.0,271.0,0.0,0.0,1.0,11.0,0.0,0.0,0.0,0.0,0.0,0.0,0.0,0.0,31.0,0.0,601.0,55.0,0.0,1.0,0.0,147.0,0.0,0.0,418.0,0.0,272.0,0.0,68.0,0.0,219.0,113.0,287.0,19.0,0.0,0.0,428.0,181.0
2021-04-12 14:00:00+00:00,10.0,351.0,29.0,300.0,286.0,164.0,0.0,0.0,0.0,9.0,0.0,0.0,0.0,0.0,0.0,0.0,0.0,0.0,50.0,0.0,600.0,121.0,0.0,0.0,0.0,185.0,0.0,0.0,110.0,0.0,69.0,0.0,94.0,0.0,219.0,127.0,285.0,29.0,0.0,0.0,437.0,181.0
2021-04-12 15:00:00+00:00,57.0,385.0,46.0,291.0,262.0,163.0,0.0,0.0,0.0,0.0,0.0,0.0,0.0,0.0,0.0,0.0,1.0,0.0,41.0,0.0,598.0,142.0,0.0,0.0,0.0,93.0,0.0,0.0,89.0,0.0,68.0,0.0,131.0,0.0,222.0,200.0,315.0,24.0,0.0,86.0,427.0,181.0
2021-04-12 16:00:00+00:00,171.0,554.0,84.0,334.0,279.0,116.0,0.0,0.0,0.0,0.0,0.0,0.0,0.0,0.0,0.0,0.0,0.0,0.0,38.0,0.0,504.0,218.0,0.0,1.0,0.0,0.0,0.0,0.0,89.0,0.0,104.0,140.0,175.0,0.0,240.0,259.0,312.0,9.0,0.0,109.0,434.0,181.0
2021-04-12 17:00:00+00:00,200.0,501.0,84.0,378.0,327.0,187.0,0.0,0.0,0.0,0.0,0.0,0.0,0.0,0.0,0.0,0.0,2.0,0.0,24.0,0.0,501.0,161.0,0.0,0.0,0.0,0.0,0.0,0.0,88.0,0.0,66.0,244.0,160.0,0.0,202.0,326.0,353.0,6.0,0.0,154.0,431.0,182.0
2021-04-12 18:00:00+00:00,143.0,473.0,102.0,387.0,364.0,435.0,0.0,0.0,0.0,0.0,0.0,0.0,0.0,0.0,0.0,0.0,0.0,0.0,0.0,0.0,508.0,154.0,0.0,5.0,0.0,0.0,0.0,0.0,620.0,8.0,86.0,101.0,157.0,0.0,212.0,253.0,373.0,4.0,0.0,97.0,439.0,182.0
2021-04-12 19:00:00+00:00,66.0,502.0,164.0,396.0,387.0,490.0,0.0,0.0,0.0,0.0,0.0,0.0,0.0,0.0,0.0,0.0,0.0,0.0,0.0,0.0,563.0,172.0,0.0,1.0,0.0,0.0,0.0,4.0,959.0,0.0,15.0,11.0,173.0,0.0,260.0,131.0,427.0,2.0,0.0,18.0,436.0,181.0
2021-04-12 20:00:00+00:00,57.0,395.0,86.0,405.0,424.0,494.0,0.0,0.0,0.0,0.0,0.0,0.0,0.0,0.0,0.0,0.0,0.0,0.0,2.0,0.0,555.0,119.0,0.0,2.0,0.0,25.0,0.0,0.0,991.0,0.0,10.0,0.0,160.0,0.0,224.0,115.0,452.0,11.0,0.0,51.0,437.0,180.0
2021-04-12 21:00:00+00:00,138.0,173.0,110.0,410.0,423.0,567.0,0.0,0.0,0.0,0.0,0.0,0.0,0.0,0.0,0.0,0.0,0.0,0.0,0.0,0.0,599.0,162.0,0.0,1.0,0.0,66.0,0.0,0.0,992.0,0.0,125.0,0.0,53.0,0.0,144.0,112.0,471.0,11.0,0.0,50.0,473.0,178.0
2021-04-12 22:00:00+00:00,57.0,151.0,50.0,354.0,364.0,699.0,0.0,0.0,0.0,2.0,0.0,0.0,0.0,83.0,0.0,0.0,2.0,0.0,0.0,0.0,601.0,129.0,0.0,0.0,0.0,216.0,0.0,0.0,991.0,16.0,13.0,0.0,0.0,0.0,62.0,243.0,349.0,18.0,0.0,202.0,464.0,180.0
2021-04-12 23:00:00+00:00,69.0,182.0,28.0,338.0,331.0,709.0,0.0,0.0,0.0,0.0,0.0,0.0,0.0,41.0,0.0,0.0,0.0,0.0,0.0,0.0,601.0,172.0,0.0,2.0,0.0,298.0,0.0,0.0,991.0,11.0,16.0,0.0,1.0,0.0,74.0,239.0,284.0,31.0,0.0,218.0,468.0,180.0
2021-04-13 00:00:00+00:00,67.0,147.0,21.0,331.0,302.0,727.0,0.0,0.0,0.0,0.0,0.0,0.0,0.0,34.0,0.0,0.0,0.0,0.0,0.0,0.0,600.0,224.0,0.0,1.0,0.0,338.0,0.0,0.0,991.0,11.0,6.0,0.0,1.0,0.0,72.0,234.0,242.0,49.0,0.0,237.0,443.0,181.0
2021-04-13 01:00:00+00:00,74.0,64.0,12.0,312.0,267.0,710.0,18.0,0.0,0.0,0.0,0.0,0.0,0.0,73.0,0.0,0.0,0.0,0.0,0.0,0.0,601.0,211.0,0.0,1.0,0.0,312.0,0.0,0.0,990.0,3.0,0.0,0.0,0.0,0.0,33.0,279.0,252.0,64.0,0.0,296.0,428.0,178.0
2021-04-13 02:00:00+00:00,96.0,8.0,4.0,290.0,221.0,724.0,37.0,0.0,0.0,0.0,0.0,0.0,0.0,70.0,0.0,0.0,1.0,0.0,0.0,0.0,601.0,226.0,0.0,0.0,0.0,274.0,0.0,0.0,990.0,5.0,0.0,0.0,0.0,0.0,12.0,333.0,231.0,83.0,0.0,342.0,400.0,178.0
2021-04-13 03:00:00+00:00,143.0,143.0,11.0,290.0,253.0,473.0,0.0,0.0,0.0,0.0,0.0,0.0,0.0,5.0,0.0,0.0,0.0,0.0,13.0,0.0,601.0,212.0,0.0,1.0,0.0,264.0,0.0,0.0,572.0,0.0,199.0,0.0,24.0,0.0,75.0,325.0,283.0,66.0,0.0,287.0,404.0,180.0
2021-04-13 04:00:00+00:00,98.0,297.0,15.0,237.0,239.0,129.0,0.0,0.0,0.0,0.0,0.0,0.0,0.0,0.0,0.0,0.0,0.0,0.0,76.0,0.0,601.0,101.0,0.0,4.0,0.0,200.0,0.0,0.0,127.0,0.0,68.0,0.0,139.0,0.0,129.0,190.0,222.0,61.0,0.0,60.0,424.0,179.0
2021-04-13 05:00:00+00:00,178.0,379.0,5.0,242.0,283.0,236.0,22.0,0.0,5.0,0.0,0.0,0.0,0.0,0.0,0.0,0.0,0.0,0.0,72.0,0.0,597.0,19.0,0.0,25.0,0.0,0.0,0.0,0.0,89.0,0.0,0.0,92.0,209.0,0.0,162.0,124.0,196.0,94.0,0.0,0.0,454.0,179.0
2021-04-13 06:00:00+00:00,137.0,529.0,63.0,273.0,344.0,317.0,41.0,0.0,45.0,0.0,0.0,0.0,0.0,0.0,0.0,0.0,0.0,0.0,74.0,0.0,503.0,1.0,0.0,58.0,0.0,0.0,0.0,0.0,88.0,0.0,0.0,124.0,182.0,0.0,215.0,88.0,329.0,16.0,0.0,0.0,468.0,180.0
2021-04-13 07:00:00+00:00,41.0,535.0,50.0,262.0,385.0,308.0,22.0,0.0,136.0,1.0,0.0,0.0,0.0,0.0,0.0,0.0,0.0,0.0,78.0,0.0,458.0,0.0,0.0,2.0,0.0,0.0,0.0,0.0,88.0,0.0,0.0,84.0,151.0,0.0,219.0,56.0,304.0,12.0,0.0,0.0,472.0,179.0
2021-04-13 08:00:00+00:00,0.0,613.0,39.0,254.0,421.0,270.0,36.0,0.0,213.0,68.0,0.0,0.0,0.0,0.0,0.0,0.0,1.0,0.0,78.0,0.0,459.0,0.0,0.0,0.0,0.0,59.0,0.0,0.0,89.0,0.0,0.0,0.0,159.0,0.0,255.0,87.0,311.0,22.0,0.0,0.0,437.0,180.0
2021-04-13 09:00:00+00:00,0.0,570.0,41.0,262.0,464.0,287.0,21.0,0.0,248.0,90.0,0.0,0.0,0.0,0.0,0.0,0.0,52.0,0.0,85.0,0.0,438.0,0.0,0.0,0.0,0.0,107.0,0.0,0.0,87.0,0.0,0.0,0.0,142.0,0.0,280.0,104.0,303.0,17.0,0.0,0.0,433.0,180.0
2021-04-13 10:00:00+00:00,0.0,648.0,56.0,267.0,513.0,339.0,62.0,0.0,312.0,117.0,0.0,0.0,0.0,0.0,0.0,0.0,26.0,0.0,85.0,0.0,455.0,0.0,0.0,0.0,0.0,147.0,0.0,0.0,77.0,0.0,0.0,0.0,178.0,0.0,319.0,103.0,308.0,9.0,0.0,0.0,430.0,180.0
2021-04-13 11:00:00+00:00,0.0,638.0,38.0,245.0,485.0,423.0,204.0,0.0,341.0,161.0,0.0,0.0,0.0,0.0,0.0,0.0,8.0,0.0,64.0,0.0,418.0,0.0,0.0,0.0,0.0,156.0,0.0,0.0,78.0,0.0,0.0,0.0,129.0,0.0,309.0,77.0,297.0,23.0,0.0,0.0,401.0,181.0
2021-04-13 12:00:00+00:00,0.0,569.0,27.0,228.0,431.0,650.0,0.0,0.0,327.0,130.0,0.0,0.0,0.0,0.0,0.0,0.0,1.0,0.0,0.0,0.0,429.0,0.0,0.0,0.0,0.0,114.0,0.0,0.0,610.0,16.0,34.0,0.0,138.0,0.0,258.0,128.0,294.0,32.0,0.0,0.0,434.0,181.0
2021-04-13 13:00:00+00:00,0.0,536.0,38.0,240.0,424.0,618.0,0.0,0.0,265.0,154.0,0.0,0.0,0.0,0.0,0.0,0.0,41.0,0.0,0.0,0.0,503.0,0.0,0.0,0.0,0.0,141.0,0.0,0.0,490.0,24.0,57.0,0.0,142.0,0.0,251.0,144.0,289.0,16.0,0.0,0.0,451.0,181.0
2021-04-13 14:00:00+00:00,0.0,644.0,21.0,252.0,473.0,353.0,174.0,0.0,256.0,184.0,0.0,0.0,0.0,0.0,0.0,0.0,0.0,0.0,16.0,0.0,481.0,0.0,0.0,9.0,0.0,210.0,0.0,0.0,121.0,0.0,0.0,0.0,196.0,0.0,302.0,132.0,296.0,32.0,0.0,0.0,419.0,180.0
2021-04-13 15:00:00+00:00,0.0,522.0,38.0,299.0,450.0,360.0,172.0,0.0,98.0,73.0,0.0,0.0,0.0,0.0,0.0,0.0,0.0,0.0,18.0,0.0,580.0,0.0,0.0,2.0,0.0,148.0,0.0,0.0,88.0,0.0,0.0,0.0,159.0,0.0,252.0,152.0,286.0,20.0,0.0,0.0,408.0,179.0
2021-04-13 16:00:00+00:00,5.0,545.0,21.0,318.0,505.0,307.0,142.0,0.0,139.0,18.0,0.0,0.0,0.0,0.0,0.0,0.0,0.0,0.0,8.0,0.0,599.0,0.0,0.0,0.0,0.0,134.0,0.0,0.0,88.0,0.0,0.0,0.0,196.0,0.0,258.0,153.0,308.0,58.0,0.0,0.0,413.0,180.0
2021-04-13 17:00:00+00:00,77.0,519.0,58.0,371.0,517.0,313.0,125.0,0.0,42.0,0.0,0.0,0.0,0.0,0.0,0.0,0.0,0.0,0.0,0.0,0.0,579.0,0.0,0.0,5.0,0.0,33.0,0.0,0.0,89.0,2.0,0.0,0.0,174.0,0.0,226.0,179.0,319.0,16.0,0.0,0.0,426.0,181.0
2021-04-13 18:00:00+00:00,37.0,681.0,56.0,397.0,575.0,643.0,0.0,0.0,51.0,0.0,0.0,0.0,0.0,0.0,0.0,0.0,0.0,0.0,0.0,0.0,565.0,1.0,0.0,5.0,0.0,169.0,0.0,0.0,620.0,52.0,2.0,0.0,201.0,0.0,289.0,146.0,326.0,13.0,0.0,0.0,407.0,182.0
2021-04-13 19:00:00+00:00,35.0,774.0,89.0,402.0,567.0,666.0,0.0,0.0,16.0,1.0,0.0,0.0,0.0,0.0,0.0,0.0,0.0,0.0,0.0,0.0,593.0,8.0,0.0,0.0,0.0,214.0,0.0,0.0,964.0,34.0,9.0,0.0,231.0,0.0,338.0,94.0,329.0,10.0,0.0,0.0,386.0,183.0
2021-04-13 20:00:00+00:00,37.0,463.0,54.0,407.0,543.0,559.0,114.0,0.0,1.0,2.0,0.0,0.0,0.0,0.0,0.0,0.0,0.0,0.0,15.0,0.0,600.0,34.0,0.0,1.0,0.0,339.0,0.0,0.0,990.0,0.0,0.0,0.0,149.0,0.0,243.0,81.0,365.0,24.0,0.0,0.0,443.0,180.0
2021-04-13 21:00:00+00:00,58.0,656.0,86.0,422.0,638.0,773.0,0.0,0.0,42.0,0.0,0.0,0.0,0.0,0.0,0.0,0.0,0.0,0.0,0.0,0.0,600.0,1.0,0.0,1.0,0.0,409.0,0.0,0.0,991.0,28.0,87.0,0.0,169.0,0.0,296.0,45.0,358.0,9.0,0.0,0.0,436.0,180.0
2021-04-13 22:00:00+00:00,9.0,520.0,66.0,390.0,556.0,737.0,0.0,0.0,15.0,30.0,0.0,0.0,0.0,0.0,0.0,0.0,0.0,0.0,0.0,0.0,600.0,24.0,0.0,0.0,0.0,460.0,0.0,0.0,990.0,32.0,97.0,0.0,87.0,0.0,241.0,123.0,330.0,12.0,0.0,0.0,412.0,180.0
2021-04-13 23:00:00+00:00,0.0,678.0,121.0,422.0,609.0,703.0,0.0,0.0,0.0,101.0,0.0,0.0,0.0,0.0,0.0,0.0,0.0,0.0,0.0,0.0,600.0,87.0,0.0,1.0,0.0,476.0,0.0,0.0,990.0,22.0,86.0,0.0,145.0,0.0,300.0,95.0,391.0,3.0,0.0,0.0,388.0,179.0
2021-04-14 00:00:00+00:00,0.0,774.0,129.0,426.0,655.0,683.0,0.0,0.0,0.0,99.0,0.0,0.0,0.0,0.0,0.0,0.0,0.0,0.0,0.0,0.0,600.0,79.0,0.0,0.0,0.0,460.0,0.0,0.0,990.0,24.0,68.0,0.0,194.0,0.0,338.0,69.0,438.0,2.0,0.0,0.0,363.0,180.0
2021-04-14 01:00:00+00:00,0.0,564.0,155.0,411.0,578.0,679.0,0.0,0.0,0.0,51.0,0.0,0.0,0.0,0.0,0.0,0.0,1.0,0.0,0.0,0.0,600.0,113.0,0.0,0.0,0.0,454.0,0.0,0.0,991.0,31.0,106.0,0.0,143.0,0.0,265.0,82.0,444.0,0.0,0.0,0.0,374.0,181.0
2021-04-14 02:00:00+00:00,2.0,476.0,67.0,370.0,508.0,637.0,0.0,0.0,0.0,31.0,0.0,0.0,0.0,0.0,0.0,0.0,0.0,0.0,0.0,0.0,600.0,121.0,0.0,0.0,0.0,414.0,0.0,0.0,990.0,46.0,157.0,0.0,139.0,0.0,228.0,119.0,376.0,8.0,0.0,0.0,372.0,180.0
2021-04-14 03:00:00+00:00,1.0,604.0,39.0,350.0,521.0,560.0,0.0,0.0,0.0,54.0,0.0,0.0,0.0,0.0,0.0,0.0,0.0,0.0,0.0,0.0,600.0,86.0,0.0,0.0,0.0,405.0,0.0,0.0,838.0,54.0,173.0,0.0,195.0,0.0,273.0,159.0,341.0,30.0,0.0,0.0,368.0,180.0
2021-04-14 04:00:00+00:00,5.0,709.0,9.0,258.0,412.0,217.0,148.0,0.0,32.0,21.0,0.0,0.0,0.0,0.0,0.0,0.0,0.0,0.0,24.0,0.0,568.0,2.0,0.0,1.0,0.0,241.0,0.0,0.0,445.0,0.0,0.0,0.0,285.0,0.0,325.0,172.0,224.0,86.0,0.0,0.0,345.0,182.0
2021-04-14 05:00:00+00:00,18.0,627.0,3.0,190.0,352.0,35.0,0.0,0.0,201.0,10.0,0.0,0.0,0.0,0.0,0.0,0.0,0.0,0.0,55.0,0.0,481.0,0.0,0.0,32.0,0.0,31.0,0.0,0.0,426.0,0.0,118.0,0.0,276.0,0.0,273.0,202.0,112.0,146.0,0.0,0.0,329.0,179.0
2021-04-14 06:00:00+00:00,3.0,582.0,2.0,162.0,353.0,0.0,0.0,0.0,345.0,29.0,0.0,0.0,0.0,0.0,0.0,0.0,0.0,12.0,54.0,0.0,377.0,0.0,0.0,66.0,0.0,0.0,0.0,0.0,391.0,0.0,168.0,11.0,273.0,0.0,314.0,209.0,78.0,129.0,0.0,0.0,306.0,181.0
2021-04-14 07:00:00+00:00,7.0,325.0,1.0,141.0,351.0,7.0,0.0,0.0,405.0,22.0,0.0,0.0,0.0,0.0,0.0,0.0,0.0,0.0,77.0,0.0,371.0,0.0,0.0,34.0,0.0,0.0,0.0,0.0,389.0,0.0,204.0,118.0,230.0,0.0,374.0,221.0,104.0,138.0,0.0,0.0,319.0,180.0
2021-04-14 08:00:00+00:00,0.0,291.0,0.0,93.0,345.0,89.0,0.0,4.0,550.0,68.0,0.0,0.0,0.0,0.0,0.0,0.0,0.0,0.0,67.0,0.0,431.0,0.0,0.0,4.0,0.0,0.0,0.0,0.0,388.0,0.0,57.0,124.0,238.0,0.0,376.0,195.0,72.0,193.0,0.0,0.0,301.0,180.0
2021-04-14 09:00:00+00:00,0.0,383.0,0.0,96.0,348.0,231.0,85.0,2.0,563.0,63.0,0.0,0.0,0.0,0.0,0.0,0.0,0.0,0.0,43.0,0.0,323.0,0.0,0.0,3.0,0.0,0.0,0.0,0.0,389.0,0.0,0.0,103.0,222.0,0.0,402.0,210.0,76.0,229.0,0.0,0.0,321.0,179.0
2021-04-14 10:00:00+00:00,0.0,443.0,0.0,84.0,328.0,330.0,243.0,11.0,576.0,105.0,0.0,0.0,0.0,0.0,0.0,0.0,0.0,0.0,18.0,0.0,293.0,0.0,0.0,11.0,0.0,0.0,0.0,0.0,388.0,0.0,0.0,62.0,182.0,0.0,292.0,237.0,31.0,218.0,0.0,0.0,336.0,181.0
2021-04-14 11:00:00+00:00,0.0,605.0,0.0,109.0,402.0,341.0,315.0,7.0,600.0,155.0,0.0,0.0,0.0,0.0,0.0,0.0,0.0,0.0,7.0,0.0,278.0,0.0,0.0,11.0,0.0,0.0,0.0,0.0,388.0,0.0,0.0,11.0,232.0,0.0,243.0,236.0,28.0,254.0,0.0,0.0,328.0,180.0
2021-04-14 12:00:00+00:00,0.0,540.0,0.0,130.0,440.0,529.0,0.0,6.0,598.0,171.0,0.0,0.0,0.0,0.0,0.0,0.0,0.0,0.0,0.0,0.0,314.0,0.0,0.0,7.0,0.0,0.0,0.0,0.0,892.0,25.0,20.0,84.0,223.0,0.0,234.0,247.0,39.0,294.0,0.0,0.0,337.0,178.0
2021-04-14 13:00:00+00:00,0.0,607.0,0.0,152.0,464.0,525.0,0.0,2.0,543.0,207.0,0.0,0.0,0.0,0.0,0.0,0.0,0.0,0.0,0.0,0.0,439.0,0.0,0.0,0.0,0.0,41.0,0.0,0.0,839.0,20.0,59.0,0.0,239.0,0.0,269.0,243.0,53.0,252.0,0.0,0.0,333.0,177.0
2021-04-14 14:00:00+00:00,0.0,617.0,0.0,160.0,503.0,274.0,122.0,0.0,534.0,222.0,0.0,0.0,0.0,0.0,0.0,0.0,1.0,0.0,32.0,0.0,516.0,0.0,0.0,0.0,0.0,27.0,0.0,0.0,444.0,0.0,0.0,0.0,267.0,0.0,291.0,258.0,110.0,227.0,0.0,0.0,349.0,178.0
2021-04-14 15:00:00+00:00,0.0,656.0,14.0,233.0,531.0,267.0,116.0,0.0,387.0,165.0,0.0,0.0,0.0,0.0,0.0,0.0,1.0,0.0,28.0,0.0,579.0,0.0,0.0,0.0,0.0,136.0,0.0,0.0,388.0,0.0,0.0,0.0,248.0,0.0,296.0,284.0,232.0,67.0,0.0,0.0,375.0,179.0
2021-04-14 16:00:00+00:00,0.0,620.0,13.0,277.0,538.0,262.0,129.0,0.0,305.0,98.0,0.0,0.0,0.0,0.0,0.0,0.0,0.0,0.0,6.0,0.0,589.0,0.0,0.0,0.0,0.0,137.0,0.0,0.0,388.0,0.0,0.0,0.0,229.0,0.0,274.0,325.0,281.0,59.0,0.0,0.0,400.0,179.0
2021-04-14 17:00:00+00:00,25.0,503.0,88.0,329.0,502.0,297.0,145.0,0.0,202.0,4.0,0.0,0.0,0.0,0.0,0.0,0.0,0.0,0.0,5.0,0.0,502.0,0.0,0.0,6.0,0.0,0.0,0.0,0.0,388.0,0.0,0.0,41.0,158.0,0.0,191.0,372.0,346.0,7.0,0.0,0.0,437.0,178.0
2021-04-14 18:00:00+00:00,5.0,556.0,52.0,335.0,522.0,557.0,38.0,0.0,143.0,16.0,0.0,0.0,0.0,0.0,0.0,0.0,0.0,0.0,0.0,0.0,503.0,0.0,0.0,6.0,0.0,0.0,0.0,0.0,883.0,30.0,0.0,10.0,148.0,0.0,212.0,336.0,330.0,10.0,0.0,0.0,429.0,180.0
2021-04-14 19:00:00+00:00,0.0,699.0,101.0,375.0,592.0,608.0,73.0,0.0,116.0,92.0,0.0,0.0,0.0,0.0,0.0,0.0,0.0,0.0,0.0,0.0,568.0,0.0,0.0,1.0,0.0,172.0,0.0,0.0,991.0,42.0,0.0,0.0,165.0,0.0,284.0,253.0,355.0,5.0,0.0,0.0,415.0,180.0
2021-04-14 20:00:00+00:00,0.0,662.0,155.0,437.0,658.0,598.0,153.0,0.0,69.0,157.0,0.0,0.0,0.0,0.0,0.0,0.0,0.0,0.0,0.0,0.0,571.0,0.0,0.0,3.0,0.0,246.0,0.0,0.0,992.0,27.0,0.0,0.0,158.0,0.0,314.0,217.0,445.0,2.0,0.0,0.0,449.0,178.0
2021-04-14 21:00:00+00:00,0.0,769.0,182.0,449.0,720.0,669.0,0.0,0.0,88.0,160.0,0.0,0.0,0.0,0.0,0.0,0.0,0.0,0.0,0.0,0.0,590.0,0.0,0.0,2.0,0.0,336.0,0.0,0.0,991.0,28.0,107.0,0.0,157.0,0.0,340.0,192.0,460.0,0.0,0.0,0.0,450.0,176.0
2021-04-14 22:00:00+00:00,1.0,622.0,199.0,466.0,616.0,675.0,0.0,0.0,0.0,49.0,0.0,0.0,0.0,15.0,0.0,0.0,1.0,0.0,0.0,0.0,600.0,131.0,0.0,0.0,0.0,376.0,0.0,0.0,990.0,24.0,142.0,0.0,7.0,0.0,231.0,159.0,517.0,2.0,0.0,0.0,561.0,179.0
2021-04-14 23:00:00+00:00,3.0,753.0,239.0,482.0,607.0,633.0,0.0,0.0,0.0,22.0,0.0,0.0,0.0,8.0,0.0,0.0,0.0,0.0,0.0,0.0,600.0,211.0,0.0,0.0,0.0,504.0,0.0,0.0,990.0,21.0,173.0,0.0,15.0,0.0,249.0,140.0,537.0,0.0,0.0,0.0,556.0,180.0
2021-04-15 00:00:00+00:00,4.0,778.0,274.0,479.0,579.0,615.0,0.0,0.0,0.0,16.0,0.0,0.0,0.0,2.0,0.0,0.0,0.0,0.0,0.0,0.0,600.0,283.0,0.0,1.0,0.0,598.0,0.0,0.0,991.0,20.0,218.0,0.0,16.0,0.0,251.0,142.0,533.0,0.0,0.0,0.0,559.0,180.0
2021-04-15 01:00:00+00:00,3.0,780.0,234.0,467.0,575.0,625.0,0.0,0.0,0.0,31.0,0.0,0.0,0.0,3.0,0.0,0.0,0.0,0.0,0.0,0.0,600.0,265.0,0.0,0.0,0.0,632.0,0.0,0.0,990.0,22.0,228.0,0.0,13.0,0.0,245.0,144.0,536.0,0.0,0.0,0.0,562.0,179.0
2021-04-15 02:00:00+00:00,11.0,724.0,182.0,421.0,513.0,492.0,0.0,0.0,0.0,8.0,0.0,0.0,0.0,1.0,0.0,0.0,0.0,0.0,0.0,0.0,600.0,215.0,0.0,0.0,0.0,581.0,0.0,0.0,991.0,16.0,312.0,0.0,27.0,0.0,239.0,165.0,468.0,0.0,0.0,0.0,554.0,179.0
2021-04-15 03:00:00+00:00,27.0,735.0,136.0,391.0,485.0,338.0,0.0,0.0,0.0,6.0,0.0,0.0,0.0,0.0,0.0,0.0,0.0,0.0,0.0,0.0,600.0,199.0,0.0,1.0,0.0,512.0,0.0,0.0,932.0,3.0,394.0,0.0,110.0,0.0,255.0,258.0,443.0,2.0,0.0,0.0,480.0,181.0
2021-04-15 04:00:00+00:00,90.0,964.0,74.0,326.0,432.0,0.0,0.0,0.0,3.0,0.0,0.0,0.0,0.0,0.0,0.0,0.0,0.0,119.0,99.0,0.0,344.0,94.0,0.0,45.0,0.0,419.0,0.0,0.0,550.0,0.0,247.0,0.0,291.0,0.0,363.0,233.0,371.0,8.0,0.0,0.0,367.0,180.0
2021-04-15 05:00:00+00:00,55.0,1175.0,14.0,236.0,466.0,0.0,0.0,0.0,265.0,0.0,0.0,0.0,0.0,0.0,0.0,0.0,0.0,79.0,72.0,0.0,1.0,0.0,0.0,39.0,0.0,115.0,0.0,0.0,529.0,0.0,265.0,0.0,352.0,0.0,405.0,236.0,246.0,52.0,0.0,0.0,310.0,180.0
2021-04-15 06:00:00+00:00,13.0,838.0,3.0,234.0,485.0,22.0,0.0,0.0,381.0,12.0,0.0,0.0,0.0,0.0,0.0,0.0,0.0,0.0,72.0,0.0,429.0,0.0,0.0,26.0,0.0,0.0,0.0,0.0,491.0,0.0,215.0,7.0,219.0,0.0,303.0,280.0,225.0,80.0,0.0,0.0,310.0,179.0
2021-04-15 07:00:00+00:00,52.0,416.0,45.0,240.0,442.0,164.0,0.0,0.0,325.0,0.0,0.0,0.0,0.0,0.0,0.0,0.0,0.0,0.0,45.0,0.0,571.0,0.0,0.0,0.0,0.0,0.0,0.0,0.0,490.0,0.0,13.0,74.0,159.0,0.0,293.0,287.0,307.0,18.0,0.0,0.0,329.0,180.0
2021-04-15 08:00:00+00:00,22.0,406.0,30.0,225.0,441.0,250.0,56.0,0.0,350.0,4.0,0.0,0.0,0.0,0.0,0.0,0.0,1.0,0.0,33.0,0.0,571.0,0.0,0.0,0.0,0.0,0.0,0.0,0.0,491.0,0.0,0.0,35.0,150.0,0.0,299.0,274.0,328.0,25.0,0.0,0.0,316.0,182.0
2021-04-15 09:00:00+00:00,5.0,454.0,20.0,219.0,468.0,361.0,143.0,0.0,397.0,18.0,0.0,0.0,0.0,0.0,0.0,0.0,0.0,0.0,25.0,0.0,571.0,0.0,0.0,1.0,0.0,0.0,0.0,0.0,491.0,0.0,0.0,83.0,136.0,0.0,317.0,262.0,321.0,39.0,0.0,0.0,308.0,181.0
2021-04-15 10:00:00+00:00,0.0,405.0,39.0,224.0,464.0,281.0,93.0,0.0,381.0,94.0,0.0,0.0,0.0,0.0,0.0,0.0,2.0,0.0,37.0,0.0,572.0,0.0,0.0,0.0,0.0,0.0,0.0,0.0,491.0,0.0,0.0,24.0,108.0,0.0,295.0,257.0,307.0,13.0,0.0,0.0,303.0,183.0
2021-04-15 11:00:00+00:00,0.0,478.0,15.0,207.0,449.0,262.0,67.0,0.0,383.0,114.0,0.0,0.0,0.0,0.0,0.0,0.0,1.0,0.0,27.0,0.0,572.0,0.0,0.0,0.0,0.0,22.0,0.0,0.0,490.0,0.0,0.0,0.0,87.0,0.0,261.0,251.0,272.0,36.0,0.0,0.0,294.0,185.0
2021-04-15 12:00:00+00:00,0.0,501.0,20.0,234.0,427.0,489.0,0.0,0.0,330.0,120.0,0.0,0.0,0.0,0.0,0.0,0.0,0.0,0.0,0.0,0.0,572.0,0.0,0.0,2.0,0.0,69.0,0.0,0.0,918.0,11.0,175.0,0.0,76.0,0.0,191.0,270.0,297.0,34.0,0.0,0.0,317.0,179.0
2021-04-15 13:00:00+00:00,0.0,487.0,20.0,248.0,405.0,495.0,0.0,0.0,225.0,128.0,0.0,0.0,0.0,0.0,0.0,0.0,0.0,0.0,0.0,0.0,600.0,0.0,0.0,2.0,0.0,117.0,0.0,0.0,931.0,23.0,167.0,0.0,98.0,0.0,185.0,254.0,280.0,36.0,0.0,0.0,296.0,178.0
2021-04-15 14:00:00+00:00,0.0,450.0,51.0,294.0,384.0,169.0,0.0,0.0,52.0,64.0,0.0,0.0,0.0,0.0,0.0,0.0,0.0,0.0,30.0,0.0,591.0,1.0,0.0,0.0,0.0,188.0,0.0,0.0,547.0,0.0,54.0,0.0,43.0,0.0,160.0,277.0,298.0,16.0,0.0,0.0,312.0,181.0
2021-04-15 15:00:00+00:00,31.0,492.0,95.0,334.0,394.0,64.0,0.0,0.0,1.0,4.0,0.0,0.0,0.0,3.0,0.0,0.0,1.0,0.0,43.0,0.0,579.0,46.0,0.0,0.0,0.0,117.0,0.0,0.0,490.0,0.0,115.0,0.0,16.0,0.0,136.0,332.0,356.0,4.0,0.0,0.0,354.0,179.0
2021-04-15 16:00:00+00:00,156.0,458.0,68.0,330.0,348.0,29.0,0.0,0.0,0.0,0.0,0.0,0.0,0.0,1.0,0.0,0.0,0.0,0.0,44.0,0.0,495.0,80.0,0.0,0.0,0.0,6.0,0.0,0.0,490.0,0.0,150.0,0.0,26.0,0.0,85.0,362.0,389.0,10.0,0.0,0.0,373.0,179.0
2021-04-15 17:00:00+00:00,190.0,461.0,64.0,303.0,336.0,0.0,0.0,0.0,0.0,0.0,0.0,0.0,0.0,0.0,0.0,0.0,1.0,123.0,61.0,0.0,350.0,47.0,0.0,0.0,0.0,0.0,0.0,0.0,491.0,0.0,339.0,210.0,70.0,0.0,69.0,379.0,321.0,13.0,0.0,0.0,386.0,179.0
2021-04-15 18:00:00+00:00,141.0,534.0,54.0,336.0,400.0,419.0,0.0,0.0,1.0,0.0,0.0,0.0,0.0,1.0,0.0,0.0,0.0,0.0,0.0,0.0,386.0,35.0,0.0,6.0,0.0,0.0,0.0,0.0,933.0,21.0,238.0,168.0,25.0,0.0,85.0,379.0,316.0,16.0,0.0,0.0,416.0,179.0
2021-04-15 19:00:00+00:00,41.0,560.0,173.0,378.0,448.0,619.0,0.0,0.0,0.0,1.0,0.0,0.0,0.0,30.0,0.0,0.0,0.0,0.0,0.0,0.0,577.0,85.0,0.0,2.0,0.0,45.0,0.0,0.0,1017.0,47.0,187.0,0.0,1.0,0.0,132.0,341.0,413.0,1.0,0.0,0.0,438.0,178.0
2021-04-15 20:00:00+00:00,9.0,513.0,199.0,464.0,543.0,653.0,0.0,0.0,0.0,12.0,0.0,0.0,0.0,55.0,0.0,0.0,0.0,0.0,0.0,0.0,567.0,148.0,0.0,3.0,0.0,102.0,0.0,0.0,1018.0,37.0,160.0,0.0,1.0,0.0,136.0,288.0,510.0,2.0,0.0,0.0,464.0,178.0
2021-04-15 21:00:00+00:00,143.0,310.0,153.0,424.0,414.0,666.0,0.0,0.0,0.0,0.0,0.0,0.0,0.0,169.0,0.0,0.0,0.0,0.0,0.0,0.0,441.0,246.0,0.0,1.0,0.0,42.0,0.0,0.0,1019.0,16.0,132.0,0.0,0.0,0.0,24.0,219.0,444.0,0.0,0.0,0.0,556.0,179.0
2021-04-15 22:00:00+00:00,0.0,466.0,121.0,427.0,502.0,696.0,0.0,0.0,0.0,0.0,0.0,0.0,0.0,139.0,0.0,0.0,2.0,0.0,0.0,0.0,548.0,163.0,0.0,0.0,0.0,144.0,0.0,0.0,1019.0,24.0,165.0,0.0,0.0,0.0,90.0,104.0,411.0,2.0,0.0,0.0,535.0,151.0
2021-04-15 23:00:00+00:00,0.0,573.0,116.0,407.0,460.0,662.0,0.0,0.0,0.0,8.0,0.0,0.0,0.0,89.0,0.0,0.0,0.0,0.0,0.0,0.0,565.0,194.0,0.0,0.0,0.0,281.0,0.0,0.0,1017.0,18.0,185.0,0.0,0.0,0.0,121.0,73.0,414.0,2.0,0.0,0.0,518.0,147.0
2021-04-16 00:00:00+00:00,0.0,584.0,79.0,378.0,443.0,629.0,0.0,0.0,0.0,115.0,0.0,0.0,0.0,73.0,0.0,0.0,0.0,0.0,0.0,0.0,589.0,190.0,0.0,1.0,0.0,342.0,0.0,0.0,1017.0,20.0,174.0,0.0,0.0,0.0,120.0,58.0,380.0,6.0,0.0,0.0,503.0,149.0
2021-04-16 01:00:00+00:00,0.0,531.0,106.0,386.0,450.0,628.0,0.0,0.0,0.0,66.0,0.0,0.0,0.0,50.0,0.0,0.0,1.0,0.0,0.0,0.0,543.0,199.0,0.0,0.0,0.0,341.0,0.0,0.0,1017.0,22.0,182.0,0.0,0.0,0.0,117.0,52.0,394.0,2.0,0.0,0.0,499.0,149.0
2021-04-16 02:00:00+00:00,5.0,495.0,82.0,357.0,418.0,557.0,0.0,0.0,0.0,24.0,0.0,0.0,0.0,36.0,0.0,0.0,0.0,0.0,0.0,0.0,542.0,185.0,0.0,0.0,0.0,274.0,0.0,0.0,1018.0,33.0,207.0,0.0,1.0,0.0,99.0,49.0,367.0,8.0,0.0,0.0,530.0,149.0
2021-04-16 03:00:00+00:00,3.0,580.0,78.0,339.0,406.0,551.0,0.0,0.0,0.0,48.0,0.0,0.0,0.0,39.0,0.0,0.0,0.0,0.0,0.0,0.0,542.0,170.0,0.0,2.0,0.0,182.0,0.0,0.0,960.0,45.0,228.0,0.0,3.0,0.0,106.0,148.0,361.0,8.0,0.0,0.0,507.0,149.0
2021-04-16 04:00:00+00:00,1.0,821.0,11.0,261.0,385.0,0.0,0.0,0.0,27.0,36.0,0.0,0.0,0.0,0.0,0.0,0.0,2.0,10.0,45.0,0.0,542.0,4.0,0.0,0.0,0.0,80.0,0.0,0.0,581.0,0.0,75.0,0.0,117.0,0.0,224.0,155.0,251.0,66.0,0.0,0.0,500.0,149.0
2021-04-16 05:00:00+00:00,8.0,959.0,2.0,230.0,409.0,37.0,0.0,0.0,142.0,15.0,0.0,0.0,0.0,0.0,0.0,0.0,0.0,0.0,49.0,0.0,522.0,0.0,0.0,2.0,0.0,0.0,0.0,0.0,559.0,0.0,124.0,36.0,165.0,0.0,273.0,126.0,190.0,111.0,0.0,0.0,436.0,149.0
2021-04-16 06:00:00+00:00,46.0,884.0,2.0,215.0,401.0,65.0,0.0,0.0,222.0,3.0,0.0,0.0,0.0,0.0,0.0,0.0,0.0,0.0,45.0,0.0,484.0,0.0,0.0,1.0,0.0,0.0,0.0,0.0,518.0,0.0,133.0,102.0,93.0,0.0,226.0,110.0,210.0,75.0,0.0,0.0,408.0,148.0
2021-04-16 07:00:00+00:00,106.0,752.0,10.0,230.0,402.0,161.0,0.0,0.0,207.0,0.0,0.0,0.0,0.0,0.0,0.0,0.0,0.0,0.0,45.0,0.0,448.0,0.0,0.0,1.0,0.0,0.0,0.0,0.0,517.0,0.0,47.0,50.0,79.0,0.0,258.0,63.0,232.0,54.0,0.0,0.0,388.0,148.0
2021-04-16 08:00:00+00:00,111.0,538.0,66.0,257.0,404.0,135.0,0.0,0.0,183.0,0.0,0.0,0.0,0.0,0.0,0.0,0.0,0.0,0.0,46.0,0.0,407.0,0.0,0.0,2.0,0.0,0.0,0.0,0.0,518.0,0.0,44.0,21.0,91.0,0.0,315.0,31.0,296.0,16.0,0.0,0.0,372.0,148.0
2021-04-16 09:00:00+00:00,67.0,566.0,64.0,290.0,441.0,272.0,67.0,0.0,147.0,0.0,0.0,0.0,0.0,0.0,0.0,0.0,0.0,0.0,47.0,0.0,387.0,0.0,0.0,0.0,0.0,23.0,0.0,0.0,517.0,0.0,0.0,0.0,84.0,0.0,344.0,41.0,330.0,7.0,0.0,0.0,392.0,148.0
2021-04-16 10:00:00+00:00,1.0,644.0,84.0,296.0,455.0,281.0,87.0,0.0,169.0,7.0,0.0,0.0,0.0,0.0,0.0,0.0,1.0,0.0,38.0,0.0,350.0,0.0,0.0,0.0,0.0,67.0,0.0,0.0,518.0,0.0,0.0,0.0,75.0,0.0,329.0,75.0,320.0,3.0,0.0,0.0,423.0,148.0
2021-04-16 11:00:00+00:00,0.0,818.0,65.0,325.0,495.0,251.0,55.0,0.0,138.0,105.0,0.0,0.0,0.0,0.0,0.0,0.0,0.0,0.0,49.0,0.0,368.0,0.0,0.0,4.0,0.0,139.0,0.0,0.0,516.0,0.0,0.0,0.0,93.0,0.0,268.0,51.0,334.0,11.0,0.0,0.0,381.0,148.0
2021-04-16 12:00:00+00:00,0.0,745.0,71.0,328.0,484.0,495.0,0.0,0.0,140.0,123.0,0.0,0.0,0.0,0.0,0.0,0.0,0.0,0.0,0.0,0.0,431.0,0.0,0.0,0.0,0.0,223.0,0.0,0.0,944.0,4.0,190.0,0.0,108.0,0.0,262.0,56.0,338.0,5.0,0.0,0.0,374.0,148.0
2021-04-16 13:00:00+00:00,0.0,791.0,26.0,322.0,476.0,476.0,0.0,0.0,165.0,170.0,0.0,0.0,0.0,0.0,0.0,0.0,14.0,0.0,0.0,0.0,402.0,0.0,0.0,0.0,0.0,272.0,0.0,0.0,958.0,9.0,192.0,0.0,130.0,0.0,277.0,68.0,309.0,27.0,0.0,0.0,366.0,148.0
2021-04-16 14:00:00+00:00,0.0,863.0,27.0,322.0,506.0,248.0,21.0,0.0,163.0,197.0,0.0,0.0,0.0,0.0,0.0,0.0,0.0,0.0,39.0,0.0,401.0,0.0,0.0,0.0,0.0,263.0,0.0,0.0,574.0,0.0,0.0,0.0,134.0,0.0,309.0,95.0,344.0,30.0,0.0,0.0,384.0,148.0
2021-04-16 15:00:00+00:00,0.0,749.0,57.0,319.0,463.0,137.0,0.0,0.0,146.0,107.0,0.0,0.0,0.0,0.0,0.0,0.0,0.0,0.0,48.0,0.0,384.0,0.0,0.0,0.0,0.0,115.0,0.0,36.0,517.0,0.0,63.0,0.0,108.0,0.0,230.0,116.0,329.0,10.0,0.0,0.0,414.0,149.0
2021-04-16 16:00:00+00:00,0.0,659.0,48.0,294.0,442.0,140.0,0.0,0.0,185.0,79.0,0.0,0.0,0.0,0.0,0.0,0.0,0.0,0.0,32.0,0.0,420.0,0.0,0.0,0.0,0.0,0.0,0.0,8.0,517.0,0.0,71.0,59.0,73.0,0.0,185.0,177.0,324.0,37.0,0.0,0.0,433.0,148.0
2021-04-16 17:00:00+00:00,9.0,660.0,32.0,260.0,394.0,120.0,0.0,0.0,213.0,10.0,0.0,0.0,0.0,0.0,0.0,0.0,0.0,0.0,34.0,0.0,345.0,0.0,0.0,0.0,0.0,0.0,0.0,0.0,517.0,0.0,77.0,241.0,92.0,0.0,153.0,303.0,283.0,26.0,0.0,96.0,424.0,148.0
2021-04-16 18:00:00+00:00,7.0,718.0,21.0,282.0,458.0,464.0,0.0,0.0,228.0,19.0,0.0,0.0,0.0,0.0,0.0,0.0,0.0,0.0,0.0,0.0,369.0,0.0,0.0,1.0,0.0,0.0,0.0,0.0,998.0,116.0,119.0,231.0,101.0,0.0,182.0,292.0,274.0,38.0,0.0,91.0,447.0,148.0
2021-04-16 19:00:00+00:00,0.0,602.0,87.0,317.0,474.0,565.0,86.0,0.0,151.0,72.0,0.0,0.0,0.0,0.0,0.0,0.0,0.0,0.0,0.0,0.0,524.0,0.0,0.0,1.0,0.0,0.0,0.0,0.0,1071.0,151.0,0.0,61.0,75.0,0.0,196.0,213.0,325.0,6.0,0.0,49.0,476.0,148.0
2021-04-16 20:00:00+00:00,0.0,449.0,30.0,330.0,462.0,577.0,84.0,0.0,130.0,143.0,0.0,0.0,0.0,0.0,0.0,0.0,1.0,0.0,0.0,0.0,598.0,0.0,0.0,0.0,0.0,41.0,0.0,0.0,1074.0,122.0,0.0,0.0,60.0,0.0,168.0,187.0,304.0,30.0,0.0,64.0,506.0,148.0
2021-04-16 21:00:00+00:00,0.0,275.0,49.0,304.0,377.0,596.0,38.0,0.0,79.0,77.0,0.0,0.0,0.0,51.0,0.0,0.0,1.0,0.0,0.0,0.0,598.0,0.0,0.0,0.0,0.0,125.0,0.0,0.0,1073.0,104.0,0.0,0.0,2.0,0.0,98.0,183.0,314.0,16.0,0.0,170.0,560.0,148.0
2021-04-16 22:00:00+00:00,0.0,382.0,54.0,230.0,274.0,496.0,277.0,0.0,109.0,124.0,0.0,0.0,0.0,181.0,0.0,0.0,0.0,0.0,0.0,0.0,504.0,0.0,0.0,0.0,0.0,307.0,0.0,0.0,1072.0,102.0,0.0,0.0,0.0,0.0,33.0,305.0,325.0,31.0,0.0,316.0,624.0,148.0
2021-04-16 23:00:00+00:00,0.0,401.0,18.0,175.0,171.0,588.0,255.0,0.0,87.0,67.0,0.0,0.0,0.0,162.0,0.0,0.0,0.0,0.0,0.0,0.0,500.0,0.0,0.0,1.0,0.0,416.0,0.0,0.0,1073.0,130.0,0.0,0.0,0.0,0.0,15.0,316.0,290.0,39.0,0.0,349.0,594.0,148.0
2021-04-17 00:00:00+00:00,3.0,364.0,9.0,151.0,121.0,586.0,251.0,0.0,64.0,25.0,0.0,0.0,0.0,137.0,0.0,0.0,0.0,0.0,0.0,0.0,472.0,0.0,0.0,0.0,0.0,462.0,0.0,0.0,1072.0,133.0,0.0,0.0,0.0,0.0,7.0,292.0,279.0,80.0,0.0,362.0,559.0,148.0
2021-04-17 01:00:00+00:00,18.0,202.0,7.0,127.0,67.0,583.0,245.0,0.0,69.0,3.0,0.0,0.0,45.0,162.0,0.0,0.0,0.0,0.0,0.0,0.0,467.0,0.0,0.0,0.0,0.0,405.0,0.0,0.0,1070.0,142.0,0.0,0.0,0.0,0.0,0.0,330.0,239.0,66.0,0.0,426.0,530.0,148.0
2021-04-17 02:00:00+00:00,19.0,240.0,6.0,102.0,41.0,574.0,241.0,0.0,72.0,3.0,0.0,0.0,42.0,162.0,0.0,0.0,1.0,0.0,0.0,0.0,440.0,0.0,0.0,0.0,0.0,375.0,0.0,0.0,1068.0,139.0,0.0,0.0,0.0,0.0,0.0,388.0,222.0,93.0,0.0,472.0,514.0,148.0
2021-04-17 03:00:00+00:00,2.0,421.0,4.0,138.0,136.0,468.0,279.0,0.0,70.0,41.0,0.0,0.0,0.0,76.0,0.0,0.0,0.0,0.0,0.0,0.0,469.0,0.0,0.0,1.0,0.0,384.0,0.0,0.0,1067.0,122.0,0.0,0.0,0.0,0.0,45.0,381.0,212.0,97.0,0.0,387.0,470.0,148.0
2021-04-17 04:00:00+00:00,0.0,461.0,3.0,150.0,175.0,403.0,190.0,0.0,84.0,53.0,0.0,0.0,0.0,13.0,0.0,0.0,1.0,0.0,0.0,0.0,523.0,0.0,0.0,0.0,0.0,334.0,0.0,0.0,1066.0,136.0,0.0,0.0,7.0,0.0,83.0,319.0,206.0,78.0,0.0,263.0,425.0,148.0
2021-04-17 05:00:00+00:00,0.0,320.0,2.0,116.0,201.0,379.0,133.0,0.0,257.0,103.0,0.0,0.0,0.0,7.0,0.0,0.0,0.0,0.0,0.0,0.0,573.0,0.0,0.0,2.0,0.0,185.0,0.0,0.0,1066.0,138.0,0.0,0.0,22.0,0.0,87.0,276.0,142.0,162.0,0.0,216.0,398.0,148.0
2021-04-17 06:00:00+00:00,6.0,451.0,0.0,138.0,193.0,361.0,165.0,0.0,290.0,14.0,0.0,0.0,0.0,9.0,0.0,0.0,0.0,0.0,0.0,0.0,174.0,0.0,0.0,2.0,0.0,20.0,0.0,0.0,1453.0,122.0,0.0,0.0,16.0,0.0,89.0,173.0,161.0,149.0,0.0,149.0,354.0,148.0
2021-04-17 07:00:00+00:00,19.0,309.0,13.0,178.0,194.0,375.0,202.0,0.0,234.0,3.0,0.0,0.0,0.0,56.0,0.0,0.0,0.0,0.0,0.0,0.0,207.0,0.0,0.0,35.0,0.0,10.0,0.0,0.0,1452.0,128.0,0.0,0.0,0.0,0.0,36.0,123.0,248.0,52.0,0.0,151.0,322.0,148.0
2021-04-17 08:00:00+00:00,102.0,240.0,54.0,224.0,183.0,348.0,257.0,0.0,110.0,0.0,0.0,0.0,23.0,133.0,0.0,0.0,0.0,0.0,0.0,0.0,117.0,0.0,0.0,75.0,0.0,28.0,0.0,0.0,1458.0,140.0,0.0,0.0,0.0,0.0,0.0,165.0,279.0,13.0,0.0,212.0,303.0,148.0
2021-04-17 09:00:00+00:00,4.0,267.0,34.0,200.0,237.0,356.0,317.0,0.0,245.0,24.0,0.0,0.0,7.0,149.0,0.0,0.0,2.0,0.0,0.0,0.0,189.0,0.0,0.0,0.0,0.0,80.0,0.0,0.0,1462.0,133.0,0.0,0.0,0.0,0.0,0.0,169.0,257.0,24.0,0.0,226.0,314.0,148.0
2021-04-17 10:00:00+00:00,1.0,288.0,42.0,193.0,229.0,391.0,310.0,0.0,247.0,33.0,0.0,0.0,5.0,173.0,0.0,0.0,0.0,0.0,0.0,0.0,190.0,0.0,0.0,3.0,0.0,143.0,0.0,0.0,1462.0,138.0,0.0,0.0,0.0,0.0,0.0,220.0,265.0,18.0,0.0,268.0,306.0,148.0
2021-04-17 11:00:00+00:00,1.0,353.0,41.0,209.0,244.0,388.0,312.0,0.0,210.0,32.0,0.0,0.0,0.0,164.0,0.0,0.0,0.0,0.0,0.0,0.0,150.0,0.0,0.0,5.0,0.0,194.0,0.0,0.0,1460.0,140.0,0.0,0.0,0.0,0.0,15.0,174.0,292.0,16.0,0.0,231.0,289.0,148.0
2021-04-17 12:00:00+00:00,7.0,265.0,30.0,222.0,239.0,367.0,307.0,0.0,238.0,17.0,0.0,0.0,0.0,121.0,0.0,0.0,0.0,0.0,0.0,0.0,160.0,0.0,0.0,9.0,0.0,265.0,0.0,0.0,1460.0,138.0,0.0,0.0,0.0,0.0,16.0,154.0,319.0,25.0,0.0,212.0,281.0,148.0
2021-04-17 13:00:00+00:00,83.0,201.0,48.0,232.0,201.0,371.0,283.0,0.0,124.0,0.0,0.0,0.0,11.0,127.0,0.0,0.0,0.0,0.0,0.0,0.0,101.0,0.0,0.0,0.0,0.0,289.0,0.0,0.0,1460.0,147.0,0.0,0.0,0.0,0.0,0.0,225.0,337.0,14.0,0.0,262.0,296.0,148.0
2021-04-17 14:00:00+00:00,62.0,193.0,46.0,211.0,200.0,341.0,279.0,0.0,130.0,0.0,0.0,0.0,29.0,162.0,0.0,0.0,0.0,0.0,0.0,0.0,151.0,0.0,0.0,2.0,0.0,200.0,0.0,0.0,1458.0,141.0,0.0,0.0,0.0,0.0,0.0,310.0,313.0,13.0,0.0,294.0,325.0,148.0
2021-04-17 15:00:00+00:00,45.0,191.0,61.0,213.0,221.0,301.0,250.0,0.0,167.0,0.0,0.0,0.0,21.0,135.0,0.0,0.0,0.0,0.0,0.0,0.0,195.0,0.0,0.0,1.0,0.0,171.0,0.0,0.0,1459.0,135.0,0.0,0.0,0.0,0.0,0.0,352.0,304.0,11.0,0.0,302.0,327.0,148.0
2021-04-17 16:00:00+00:00,33.0,253.0,36.0,201.0,232.0,340.0,199.0,0.0,213.0,2.0,0.0,0.0,5.0,86.0,0.0,0.0,1.0,0.0,0.0,0.0,334.0,0.0,0.0,0.0,0.0,126.0,0.0,0.0,1460.0,127.0,0.0,0.0,0.0,0.0,0.0,376.0,325.0,31.0,0.0,295.0,338.0,149.0
2021-04-17 17:00:00+00:00,89.0,295.0,7.0,170.0,184.0,333.0,213.0,0.0,224.0,0.0,0.0,0.0,0.0,52.0,0.0,0.0,0.0,0.0,0.0,0.0,328.0,0.0,0.0,16.0,0.0,39.0,0.0,0.0,1461.0,124.0,0.0,0.0,0.0,0.0,7.0,502.0,266.0,84.0,0.0,372.0,361.0,149.0
2021-04-17 18:00:00+00:00,142.0,120.0,22.0,199.0,144.0,350.0,211.0,0.0,89.0,0.0,0.0,0.0,55.0,127.0,0.0,0.0,0.0,0.0,0.0,0.0,377.0,0.0,0.0,20.0,0.0,39.0,0.0,0.0,1462.0,111.0,0.0,0.0,0.0,0.0,0.0,603.0,287.0,40.0,0.0,463.0,401.0,149.0
2021-04-17 19:00:00+00:00,168.0,176.0,34.0,214.0,151.0,409.0,224.0,0.0,44.0,0.0,0.0,0.0,30.0,117.0,0.0,0.0,0.0,0.0,0.0,0.0,385.0,0.0,0.0,50.0,0.0,123.0,0.0,0.0,1467.0,115.0,0.0,0.0,0.0,0.0,0.0,526.0,280.0,30.0,0.0,423.0,415.0,149.0
2021-04-17 20:00:00+00:00,84.0,176.0,52.0,220.0,161.0,442.0,246.0,0.0,92.0,0.0,0.0,0.0,37.0,164.0,0.0,0.0,0.0,0.0,0.0,0.0,448.0,0.0,0.0,74.0,0.0,274.0,0.0,0.0,1468.0,126.0,0.0,0.0,0.0,0.0,0.0,501.0,328.0,22.0,0.0,449.0,433.0,149.0
2021-04-17 21:00:00+00:00,115.0,66.0,42.0,252.0,196.0,503.0,294.0,0.0,58.0,0.0,0.0,0.0,56.0,257.0,0.0,0.0,0.0,0.0,0.0,0.0,466.0,0.0,0.0,30.0,0.0,368.0,0.0,0.0,1467.0,120.0,0.0,0.0,0.0,0.0,0.0,435.0,324.0,22.0,0.0,465.0,523.0,148.0
2021-04-17 22:00:00+00:00,119.0,0.0,42.0,258.0,115.0,479.0,306.0,0.0,1.0,0.0,0.0,74.0,163.0,400.0,0.0,0.0,0.0,0.0,0.0,0.0,526.0,85.0,0.0,52.0,0.0,406.0,0.0,0.0,1470.0,124.0,0.0,0.0,0.0,0.0,0.0,508.0,358.0,19.0,0.0,582.0,521.0,149.0
2021-04-17 23:00:00+00:00,84.0,38.0,64.0,250.0,136.0,498.0,330.0,0.0,0.0,0.0,0.0,0.0,130.0,374.0,0.0,0.0,0.0,0.0,0.0,0.0,539.0,71.0,0.0,3.0,0.0,497.0,0.0,0.0,1467.0,118.0,0.0,0.0,0.0,0.0,0.0,411.0,368.0,11.0,0.0,518.0,514.0,149.0
2021-04-18 00:00:00+00:00,82.0,122.0,76.0,268.0,162.0,555.0,277.0,0.0,0.0,0.0,0.0,0.0,107.0,364.0,0.0,0.0,0.0,0.0,0.0,0.0,544.0,99.0,0.0,1.0,0.0,533.0,0.0,0.0,1470.0,139.0,0.0,0.0,0.0,0.0,0.0,392.0,383.0,9.0,0.0,496.0,520.0,149.0
2021-04-18 01:00:00+00:00,17.0,212.0,61.0,252.0,193.0,571.0,262.0,0.0,2.0,4.0,0.0,0.0,69.0,306.0,0.0,0.0,1.0,0.0,0.0,0.0,553.0,26.0,0.0,0.0,0.0,541.0,0.0,0.0,1477.0,146.0,0.0,0.0,0.0,0.0,0.0,320.0,372.0,14.0,0.0,438.0,502.0,149.0
2021-04-18 02:00:00+00:00,3.0,269.0,28.0,250.0,219.0,535.0,255.0,0.0,3.0,24.0,0.0,0.0,42.0,276.0,0.0,0.0,0.0,0.0,0.0,0.0,555.0,25.0,0.0,1.0,0.0,542.0,0.0,0.0,1469.0,149.0,0.0,0.0,0.0,0.0,0.0,285.0,418.0,58.0,0.0,401.0,504.0,149.0
2021-04-18 03:00:00+00:00,16.0,232.0,108.0,293.0,231.0,443.0,276.0,0.0,0.0,5.0,0.0,0.0,24.0,239.0,0.0,0.0,0.0,0.0,0.0,0.0,599.0,142.0,0.0,1.0,0.0,546.0,0.0,0.0,1460.0,143.0,0.0,0.0,0.0,0.0,0.0,311.0,428.0,7.0,0.0,335.0,427.0,149.0
2021-04-18 04:00:00+00:00,42.0,193.0,81.0,270.0,212.0,394.0,230.0,0.0,0.0,1.0,0.0,0.0,17.0,211.0,0.0,0.0,0.0,0.0,0.0,0.0,599.0,117.0,0.0,0.0,0.0,534.0,0.0,0.0,1470.0,134.0,0.0,0.0,0.0,0.0,0.0,396.0,414.0,6.0,0.0,345.0,379.0,148.0
2021-04-18 05:00:00+00:00,69.0,176.0,89.0,279.0,209.0,375.0,213.0,0.0,0.0,0.0,0.0,0.0,29.0,215.0,0.0,0.0,0.0,0.0,0.0,0.0,563.0,95.0,0.0,0.0,0.0,463.0,0.0,0.0,1473.0,137.0,0.0,0.0,0.0,0.0,0.0,389.0,377.0,7.0,0.0,362.0,425.0,148.0
2021-04-18 06:00:00+00:00,42.0,193.0,90.0,283.0,227.0,309.0,198.0,0.0,3.0,0.0,0.0,0.0,41.0,242.0,0.0,0.0,0.0,0.0,0.0,0.0,553.0,21.0,0.0,1.0,0.0,382.0,0.0,0.0,1463.0,142.0,0.0,0.0,0.0,0.0,0.0,367.0,363.0,5.0,0.0,372.0,475.0,148.0
2021-04-18 07:00:00+00:00,2.0,88.0,110.0,317.0,281.0,342.0,219.0,0.0,1.0,30.0,0.0,0.0,73.0,317.0,0.0,0.0,0.0,0.0,0.0,0.0,575.0,31.0,0.0,51.0,0.0,309.0,0.0,0.0,1459.0,155.0,0.0,0.0,0.0,0.0,0.0,356.0,391.0,6.0,0.0,385.0,512.0,148.0
2021-04-18 08:00:00+00:00,30.0,0.0,134.0,328.0,252.0,303.0,283.0,0.0,0.0,2.0,0.0,17.0,114.0,375.0,0.0,0.0,0.0,0.0,0.0,0.0,597.0,75.0,0.0,59.0,0.0,310.0,0.0,0.0,1456.0,147.0,0.0,0.0,0.0,0.0,0.0,400.0,420.0,2.0,0.0,422.0,482.0,148.0
2021-04-18 09:00:00+00:00,2.0,199.0,116.0,307.0,284.0,329.0,269.0,0.0,9.0,25.0,0.0,0.0,67.0,308.0,0.0,0.0,0.0,0.0,0.0,0.0,528.0,12.0,0.0,69.0,0.0,186.0,0.0,0.0,1455.0,156.0,0.0,0.0,0.0,0.0,0.0,315.0,389.0,5.0,0.0,337.0,506.0,148.0
2021-04-18 10:00:00+00:00,14.0,155.0,91.0,299.0,252.0,348.0,281.0,0.0,2.0,7.0,0.0,0.0,99.0,328.0,0.0,0.0,0.0,0.0,0.0,0.0,456.0,33.0,0.0,85.0,0.0,175.0,0.0,0.0,1456.0,153.0,0.0,0.0,0.0,0.0,0.0,328.0,380.0,6.0,0.0,364.0,480.0,148.0
2021-04-18 11:00:00+00:00,18.0,90.0,52.0,256.0,214.0,353.0,311.0,0.0,30.0,10.0,0.0,0.0,120.0,319.0,0.0,0.0,0.0,0.0,0.0,0.0,474.0,9.0,0.0,37.0,0.0,167.0,0.0,0.0,1455.0,164.0,0.0,0.0,0.0,0.0,0.0,302.0,315.0,14.0,0.0,350.0,438.0,148.0
2021-04-18 12:00:00+00:00,36.0,0.0,49.0,236.0,176.0,353.0,308.0,0.0,11.0,1.0,0.0,24.0,128.0,286.0,0.0,0.0,0.0,0.0,0.0,0.0,474.0,4.0,0.0,30.0,0.0,192.0,0.0,0.0,1455.0,170.0,0.0,0.0,0.0,0.0,0.0,331.0,310.0,14.0,0.0,372.0,399.0,148.0
2021-04-18 13:00:00+00:00,45.0,0.0,38.0,230.0,159.0,309.0,289.0,0.0,13.0,0.0,0.0,126.0,150.0,269.0,0.0,0.0,0.0,0.0,0.0,0.0,476.0,6.0,0.0,29.0,0.0,127.0,0.0,0.0,1459.0,165.0,0.0,0.0,0.0,0.0,0.0,316.0,314.0,23.0,0.0,365.0,361.0,148.0
2021-04-18 14:00:00+00:00,54.0,0.0,66.0,251.0,152.0,357.0,287.0,0.0,1.0,0.0,0.0,256.0,175.0,284.0,0.0,0.0,0.0,0.0,0.0,0.0,542.0,34.0,0.0,4.0,0.0,170.0,0.0,0.0,1459.0,146.0,0.0,0.0,0.0,0.0,0.0,386.0,348.0,11.0,0.0,403.0,358.0,148.0
2021-04-18 15:00:00+00:00,39.0,0.0,74.0,274.0,180.0,350.0,263.0,0.0,1.0,1.0,0.0,198.0,165.0,279.0,0.0,0.0,0.0,0.0,0.0,0.0,545.0,43.0,0.0,1.0,0.0,249.0,0.0,0.0,1459.0,129.0,0.0,0.0,0.0,0.0,0.0,448.0,357.0,19.0,0.0,425.0,354.0,148.0
2021-04-18 16:00:00+00:00,9.0,0.0,46.0,265.0,212.0,316.0,175.0,0.0,34.0,17.0,0.0,18.0,133.0,289.0,0.0,0.0,0.0,0.0,0.0,0.0,599.0,2.0,0.0,3.0,0.0,148.0,0.0,0.0,1459.0,127.0,0.0,0.0,0.0,0.0,0.0,569.0,362.0,26.0,0.0,482.0,418.0,148.0
2021-04-18 17:00:00+00:00,0.0,0.0,25.0,247.0,219.0,353.0,162.0,0.0,116.0,59.0,0.0,80.0,161.0,286.0,0.0,0.0,0.0,0.0,0.0,0.0,600.0,0.0,0.0,32.0,0.0,0.0,0.0,0.0,1460.0,121.0,0.0,90.0,0.0,0.0,0.0,645.0,341.0,49.0,0.0,509.0,434.0,148.0
2021-04-18 18:00:00+00:00,2.0,0.0,52.0,260.0,208.0,368.0,174.0,0.0,77.0,29.0,0.0,121.0,165.0,282.0,0.0,0.0,0.0,0.0,0.0,0.0,575.0,0.0,0.0,29.0,0.0,0.0,0.0,0.0,1463.0,102.0,0.0,90.0,0.0,0.0,0.0,637.0,344.0,22.0,0.0,504.0,449.0,148.0
2021-04-18 19:00:00+00:00,7.0,17.0,48.0,245.0,200.0,440.0,253.0,0.0,63.0,16.0,0.0,0.0,119.0,269.0,0.0,0.0,0.0,0.0,0.0,0.0,523.0,0.0,0.0,55.0,0.0,68.0,0.0,0.0,1467.0,108.0,0.0,0.0,0.0,0.0,0.0,545.0,321.0,18.0,0.0,447.0,446.0,148.0
2021-04-18 20:00:00+00:00,3.0,0.0,54.0,280.0,240.0,470.0,296.0,0.0,37.0,26.0,0.0,26.0,119.0,314.0,0.0,0.0,0.0,0.0,0.0,0.0,598.0,1.0,0.0,85.0,0.0,180.0,0.0,0.0,1471.0,119.0,0.0,0.0,0.0,0.0,0.0,527.0,348.0,18.0,0.0,466.0,476.0,148.0
2021-04-18 21:00:00+00:00,61.0,0.0,96.0,314.0,239.0,459.0,332.0,0.0,1.0,2.0,0.0,123.0,147.0,381.0,0.0,0.0,0.0,0.0,0.0,0.0,575.0,72.0,0.0,63.0,0.0,184.0,0.0,0.0,1471.0,116.0,0.0,0.0,0.0,0.0,0.0,444.0,377.0,10.0,0.0,461.0,548.0,148.0
2021-04-18 22:00:00+00:00,8.0,236.0,85.0,297.0,226.0,496.0,350.0,0.0,0.0,14.0,0.0,0.0,78.0,346.0,0.0,0.0,0.0,0.0,0.0,0.0,314.0,61.0,0.0,44.0,0.0,51.0,0.0,0.0,1470.0,123.0,0.0,0.0,0.0,0.0,0.0,353.0,369.0,10.0,0.0,397.0,552.0,148.0
2021-04-18 23:00:00+00:00,2.0,340.0,61.0,272.0,233.0,528.0,324.0,0.0,4.0,27.0,0.0,0.0,37.0,287.0,0.0,0.0,0.0,0.0,0.0,0.0,286.0,22.0,0.0,2.0,0.0,206.0,0.0,0.0,1478.0,130.0,0.0,0.0,0.0,0.0,0.0,284.0,366.0,16.0,0.0,347.0,553.0,148.0
2021-04-19 00:00:00+00:00,0.0,433.0,72.0,250.0,224.0,597.0,268.0,0.0,3.0,55.0,0.0,0.0,9.0,238.0,0.0,0.0,0.0,0.0,0.0,0.0,315.0,14.0,0.0,1.0,0.0,330.0,0.0,0.0,1457.0,150.0,0.0,0.0,0.0,0.0,0.0,260.0,344.0,8.0,0.0,336.0,540.0,148.0
2021-04-19 01:00:00+00:00,0.0,475.0,67.0,246.0,221.0,589.0,285.0,0.0,5.0,68.0,0.0,0.0,0.0,232.0,0.0,0.0,0.0,0.0,0.0,0.0,339.0,11.0,0.0,1.0,0.0,421.0,0.0,0.0,1467.0,136.0,0.0,0.0,0.0,0.0,7.0,261.0,341.0,9.0,0.0,344.0,535.0,148.0
2021-04-19 02:00:00+00:00,0.0,474.0,46.0,218.0,182.0,452.0,265.0,0.0,1.0,46.0,0.0,0.0,7.0,225.0,0.0,0.0,1.0,0.0,0.0,0.0,287.0,22.0,0.0,0.0,0.0,377.0,0.0,0.0,1383.0,138.0,0.0,0.0,0.0,0.0,0.0,311.0,337.0,14.0,0.0,381.0,523.0,148.0
2021-04-19 03:00:00+00:00,3.0,434.0,58.0,196.0,176.0,273.0,149.0,0.0,12.0,33.0,0.0,0.0,0.0,108.0,0.0,0.0,0.0,0.0,0.0,0.0,292.0,6.0,0.0,4.0,0.0,253.0,0.0,0.0,996.0,149.0,0.0,0.0,0.0,0.0,49.0,368.0,346.0,18.0,0.0,316.0,477.0,148.0
2021-04-19 04:00:00+00:00,39.0,588.0,22.0,126.0,145.0,50.0,166.0,0.0,159.0,2.0,0.0,0.0,0.0,1.0,0.0,0.0,0.0,0.0,0.0,0.0,285.0,0.0,0.0,23.0,0.0,160.0,0.0,,584.0,119.0,0.0,0.0,42.0,0.0,135.0,375.0,241.0,53.0,0.0,,468.0,148.0
2021-04-19 05:00:00+00:00,118.0,655.0,11.0,40.0,145.0,101.0,104.0,0.0,464.0,0.0,0.0,0.0,0.0,0.0,0.0,0.0,0.0,0.0,0.0,0.0,78.0,0.0,0.0,26.0,0.0,0.0,0.0,,524.0,101.0,0.0,131.0,109.0,0.0,117.0,362.0,133.0,137.0,0.0,,433.0,149.0
2021-04-19 06:00:00+00:00,111.0,723.0,0.0,20.0,183.0,159.0,112.0,0.0,649.0,0.0,0.0,0.0,0.0,0.0,0.0,164.0,0.0,0.0,0.0,0.0,0.0,0.0,1.0,33.0,0.0,0.0,0.0,0.0,524.0,86.0,0.0,239.0,93.0,0.0,110.0,352.0,130.0,147.0,0.0,262.0,442.0,149.0
2021-04-19 07:00:00+00:00,115.0,623.0,2.0,12.0,184.0,143.0,154.0,0.0,679.0,0.0,0.0,0.0,0.0,0.0,0.0,160.0,0.0,0.0,0.0,0.0,0.0,0.0,0.0,46.0,0.0,0.0,0.0,0.0,511.0,91.0,0.0,259.0,82.0,0.0,68.0,337.0,152.0,128.0,0.0,281.0,436.0,149.0
2021-04-19 08:00:00+00:00,252.0,543.0,3.0,19.0,122.0,115.0,175.0,0.0,610.0,0.0,0.0,0.0,0.0,9.0,0.0,291.0,0.0,0.0,0.0,0.0,0.0,0.0,0.0,54.0,0.0,0.0,0.0,0.0,511.0,72.0,0.0,228.0,13.0,0.0,31.0,348.0,205.0,92.0,0.0,330.0,421.0,149.0
2021-04-19 09:00:00+00:00,173.0,457.0,2.0,2.0,125.0,171.0,114.0,0.0,677.0,0.0,0.0,0.0,0.0,5.0,0.0,157.0,0.0,0.0,0.0,0.0,0.0,0.0,9.0,1.0,0.0,0.0,0.0,0.0,510.0,88.0,0.0,221.0,21.0,0.0,33.0,302.0,204.0,105.0,0.0,292.0,412.0,149.0
2021-04-19 10:00:00+00:00,154.0,455.0,8.0,1.0,126.0,199.0,197.0,0.0,663.0,0.0,0.0,0.0,0.0,1.0,0.0,247.0,0.0,0.0,0.0,0.0,0.0,0.0,8.0,2.0,0.0,0.0,0.0,0.0,509.0,95.0,0.0,165.0,33.0,0.0,34.0,285.0,199.0,73.0,0.0,274.0,421.0,148.0
2021-04-19 11:00:00+00:00,143.0,560.0,6.0,1.0,156.0,216.0,242.0,0.0,714.0,0.0,0.0,0.0,0.0,0.0,0.0,333.0,0.0,0.0,0.0,0.0,0.0,0.0,7.0,2.0,0.0,0.0,0.0,0.0,509.0,116.0,0.0,132.0,42.0,0.0,44.0,245.0,203.0,87.0,0.0,225.0,412.0,149.0
2021-04-19 12:00:00+00:00,35.0,654.0,3.0,0.0,175.0,355.0,299.0,0.0,755.0,1.0,0.0,0.0,0.0,0.0,0.0,237.0,0.0,0.0,0.0,0.0,0.0,0.0,6.0,1.0,0.0,0.0,0.0,0.0,1031.0,129.0,0.0,76.0,61.0,0.0,55.0,241.0,199.0,84.0,0.0,205.0,429.0,149.0
2021-04-19 13:00:00+00:00,9.0,633.0,13.0,28.0,228.0,317.0,310.0,0.0,701.0,14.0,0.0,0.0,0.0,0.0,0.0,152.0,0.0,0.0,0.0,0.0,0.0,0.0,0.0,2.0,0.0,0.0,0.0,0.0,923.0,153.0,0.0,38.0,113.0,0.0,68.0,201.0,243.0,54.0,0.0,142.0,445.0,149.0
2021-04-19 14:00:00+00:00,1.0,659.0,14.0,50.0,252.0,181.0,202.0,0.0,649.0,32.0,0.0,0.0,0.0,0.0,0.0,186.0,0.0,0.0,0.0,0.0,0.0,0.0,0.0,2.0,0.0,0.0,0.0,0.0,560.0,121.0,0.0,37.0,107.0,0.0,68.0,268.0,267.0,51.0,0.0,179.0,447.0,149.0
2021-04-19 15:00:00+00:00,9.0,552.0,18.0,81.0,259.0,197.0,261.0,0.0,567.0,41.0,0.0,0.0,0.0,0.0,0.0,50.0,0.0,0.0,0.0,0.0,0.0,0.0,0.0,2.0,0.0,0.0,0.0,0.0,506.0,133.0,0.0,31.0,144.0,0.0,72.0,273.0,278.0,52.0,0.0,169.0,433.0,149.0
2021-04-19 16:00:00+00:00,0.0,554.0,7.0,86.0,270.0,199.0,239.0,0.0,567.0,88.0,0.0,0.0,0.0,0.0,0.0,0.0,0.0,0.0,0.0,0.0,120.0,0.0,0.0,33.0,0.0,0.0,0.0,0.0,507.0,135.0,0.0,32.0,174.0,0.0,77.0,322.0,242.0,113.0,0.0,175.0,421.0,149.0
2021-04-19 17:00:00+00:00,1.0,284.0,9.0,83.0,214.0,214.0,243.0,0.0,497.0,50.0,0.0,0.0,0.0,0.0,0.0,0.0,0.0,0.0,0.0,0.0,175.0,0.0,0.0,7.0,0.0,0.0,0.0,0.0,507.0,133.0,0.0,177.0,95.0,0.0,32.0,393.0,209.0,72.0,0.0,229.0,396.0,149.0
2021-04-19 18:00:00+00:00,0.0,407.0,10.0,78.0,212.0,331.0,196.0,0.0,492.0,71.0,0.0,0.0,0.0,0.0,0.0,0.0,0.0,0.0,0.0,0.0,94.0,0.0,0.0,5.0,0.0,0.0,0.0,0.0,1017.0,142.0,0.0,220.0,77.0,0.0,36.0,383.0,212.0,62.0,0.0,229.0,418.0,149.0
2021-04-19 19:00:00+00:00,0.0,516.0,18.0,94.0,227.0,378.0,241.0,0.0,464.0,102.0,0.0,0.0,0.0,0.0,0.0,0.0,0.0,0.0,0.0,0.0,256.0,0.0,0.0,35.0,0.0,0.0,0.0,0.0,1404.0,135.0,0.0,18.0,100.0,0.0,58.0,313.0,213.0,46.0,0.0,181.0,443.0,149.0
2021-04-19 20:00:00+00:00,0.0,491.0,32.0,149.0,247.0,406.0,281.0,0.0,368.0,129.0,0.0,0.0,0.0,0.0,0.0,0.0,0.0,0.0,0.0,0.0,208.0,0.0,0.0,69.0,0.0,87.0,0.0,0.0,1452.0,130.0,0.0,0.0,55.0,0.0,18.0,330.0,291.0,34.0,0.0,261.0,463.0,149.0
2021-04-19 21:00:00+00:00,0.0,433.0,33.0,182.0,306.0,494.0,321.0,0.0,339.0,150.0,0.0,0.0,0.0,1.0,0.0,0.0,0.0,0.0,0.0,0.0,328.0,0.0,0.0,1.0,0.0,199.0,0.0,0.0,1460.0,144.0,0.0,0.0,44.0,0.0,4.0,184.0,281.0,33.0,0.0,202.0,524.0,149.0
2021-04-19 22:00:00+00:00,0.0,460.0,110.0,188.0,276.0,537.0,255.0,0.0,266.0,195.0,0.0,0.0,29.0,58.0,0.0,0.0,0.0,0.0,0.0,0.0,341.0,0.0,0.0,1.0,0.0,211.0,0.0,0.0,1442.0,155.0,0.0,0.0,0.0,0.0,0.0,217.0,246.0,3.0,0.0,264.0,567.0,149.0
2021-04-19 23:00:00+00:00,0.0,385.0,96.0,157.0,241.0,567.0,290.0,0.0,264.0,226.0,0.0,0.0,49.0,38.0,0.0,0.0,0.0,0.0,0.0,0.0,341.0,0.0,0.0,0.0,0.0,278.0,0.0,0.0,1468.0,163.0,0.0,0.0,1.0,0.0,0.0,193.0,230.0,3.0,0.0,250.0,564.0,149.0
2021-04-20 00:00:00+00:00,0.0,447.0,112.0,159.0,250.0,558.0,259.0,0.0,239.0,221.0,0.0,0.0,35.0,5.0,0.0,0.0,0.0,0.0,0.0,0.0,341.0,0.0,0.0,0.0,0.0,367.0,0.0,0.0,1454.0,174.0,0.0,0.0,17.0,0.0,0.0,158.0,257.0,1.0,0.0,229.0,565.0,149.0
2021-04-20 01:00:00+00:00,0.0,416.0,142.0,162.0,254.0,554.0,270.0,0.0,233.0,240.0,0.0,0.0,44.0,7.0,0.0,0.0,0.0,0.0,0.0,0.0,341.0,0.0,0.0,0.0,0.0,306.0,0.0,0.0,1454.0,163.0,0.0,0.0,20.0,0.0,0.0,150.0,273.0,4.0,0.0,231.0,556.0,149.0
2021-04-20 02:00:00+00:00,0.0,387.0,150.0,181.0,273.0,505.0,268.0,0.0,189.0,227.0,0.0,0.0,49.0,5.0,0.0,0.0,1.0,0.0,0.0,0.0,341.0,0.0,0.0,0.0,0.0,197.0,0.0,0.0,1371.0,168.0,0.0,0.0,25.0,0.0,0.0,159.0,303.0,1.0,0.0,211.0,539.0,149.0
2021-04-20 03:00:00+00:00,0.0,548.0,158.0,160.0,252.0,429.0,194.0,0.0,178.0,118.0,0.0,0.0,0.0,0.0,0.0,0.0,0.0,0.0,0.0,0.0,334.0,0.0,0.0,30.0,0.0,106.0,0.0,0.0,990.0,176.0,0.0,0.0,110.0,0.0,14.0,257.0,268.0,1.0,0.0,195.0,485.0,149.0
2021-04-20 04:00:00+00:00,1.0,821.0,87.0,98.0,265.0,116.0,235.0,0.0,385.0,39.0,0.0,0.0,0.0,0.0,0.0,0.0,0.0,0.0,0.0,0.0,114.0,0.0,0.0,31.0,0.0,12.0,0.0,0.0,548.0,131.0,0.0,0.0,295.0,0.0,140.0,171.0,221.0,4.0,0.0,40.0,475.0,149.0
2021-04-20 05:00:00+00:00,22.0,817.0,36.0,46.0,254.0,74.0,143.0,0.0,582.0,4.0,0.0,0.0,0.0,0.0,0.0,0.0,0.0,0.0,0.0,0.0,55.0,0.0,0.0,59.0,0.0,0.0,0.0,0.0,509.0,118.0,0.0,144.0,256.0,0.0,141.0,220.0,142.0,28.0,0.0,81.0,459.0,149.0
2021-04-20 06:00:00+00:00,2.0,1047.0,2.0,14.0,294.0,83.0,135.0,1.0,791.0,32.0,0.0,0.0,0.0,0.0,0.0,217.0,0.0,0.0,0.0,0.0,0.0,0.0,1.0,5.0,0.0,0.0,0.0,0.0,510.0,124.0,0.0,162.0,256.0,0.0,171.0,177.0,77.0,97.0,0.0,72.0,472.0,149.0
2021-04-20 07:00:00+00:00,14.0,967.0,9.0,13.0,277.0,120.0,181.0,2.0,803.0,19.0,0.0,0.0,0.0,0.0,0.0,280.0,0.0,0.0,0.0,0.0,0.0,0.0,1.0,5.0,0.0,0.0,0.0,0.0,509.0,134.0,0.0,184.0,189.0,0.0,133.0,105.0,67.0,94.0,0.0,70.0,445.0,149.0
2021-04-20 08:00:00+00:00,17.0,941.0,9.0,3.0,263.0,137.0,236.0,0.0,802.0,10.0,0.0,0.0,0.0,0.0,0.0,245.0,0.0,0.0,0.0,0.0,0.0,0.0,8.0,4.0,0.0,0.0,0.0,0.0,509.0,148.0,0.0,185.0,165.0,0.0,122.0,104.0,77.0,67.0,0.0,92.0,423.0,149.0
2021-04-20 09:00:00+00:00,0.0,998.0,13.0,1.0,276.0,225.0,250.0,0.0,808.0,49.0,0.0,0.0,0.0,0.0,0.0,245.0,0.0,0.0,0.0,0.0,0.0,0.0,10.0,3.0,0.0,0.0,0.0,0.0,508.0,141.0,0.0,154.0,200.0,0.0,148.0,61.0,84.0,62.0,0.0,63.0,407.0,149.0
2021-04-20 10:00:00+00:00,0.0,912.0,30.0,1.0,239.0,227.0,280.0,1.0,773.0,116.0,0.0,0.0,0.0,0.0,0.0,245.0,0.0,0.0,0.0,0.0,0.0,0.0,18.0,0.0,0.0,0.0,0.0,0.0,509.0,145.0,0.0,116.0,211.0,0.0,138.0,17.0,85.0,39.0,0.0,36.0,382.0,149.0
2021-04-20 11:00:00+00:00,0.0,820.0,14.0,0.0,183.0,236.0,274.0,0.0,770.0,86.0,0.0,0.0,0.0,0.0,0.0,245.0,0.0,0.0,0.0,0.0,0.0,0.0,38.0,6.0,0.0,6.0,0.0,0.0,510.0,157.0,0.0,0.0,217.0,0.0,133.0,19.0,101.0,59.0,0.0,31.0,390.0,149.0
2021-04-20 12:00:00+00:00,0.0,832.0,6.0,0.0,176.0,348.0,235.0,1.0,814.0,104.0,0.0,0.0,0.0,0.0,0.0,245.0,0.0,0.0,0.0,0.0,0.0,0.0,51.0,3.0,0.0,48.0,0.0,1.0,1029.0,181.0,0.0,0.0,215.0,0.0,132.0,21.0,79.0,96.0,0.0,12.0,391.0,149.0
2021-04-20 13:00:00+00:00,0.0,851.0,7.0,0.0,191.0,329.0,214.0,0.0,776.0,111.0,0.0,0.0,0.0,0.0,0.0,244.0,9.0,0.0,0.0,0.0,0.0,0.0,43.0,0.0,0.0,37.0,0.0,5.0,897.0,185.0,0.0,0.0,243.0,0.0,135.0,34.0,79.0,80.0,0.0,15.0,390.0,149.0
2021-04-20 14:00:00+00:00,0.0,797.0,26.0,10.0,227.0,219.0,272.0,0.0,669.0,95.0,0.0,0.0,0.0,0.0,0.0,205.0,4.0,0.0,0.0,0.0,0.0,0.0,3.0,0.0,0.0,26.0,0.0,6.0,557.0,157.0,0.0,0.0,263.0,0.0,137.0,50.0,137.0,34.0,0.0,8.0,397.0,149.0
2021-04-20 15:00:00+00:00,2.0,807.0,90.0,77.0,207.0,197.0,264.0,0.0,492.0,36.0,0.0,0.0,0.0,0.0,0.0,125.0,0.0,0.0,0.0,0.0,0.0,0.0,0.0,1.0,0.0,80.0,0.0,0.0,509.0,130.0,0.0,0.0,217.0,0.0,118.0,154.0,208.0,6.0,0.0,81.0,417.0,149.0
2021-04-20 16:00:00+00:00,53.0,795.0,89.0,124.0,226.0,183.0,236.0,0.0,373.0,3.0,0.0,0.0,0.0,0.0,0.0,0.0,0.0,0.0,0.0,0.0,1.0,0.0,0.0,1.0,0.0,37.0,0.0,0.0,508.0,128.0,0.0,0.0,215.0,0.0,116.0,274.0,236.0,9.0,0.0,105.0,443.0,149.0
2021-04-20 17:00:00+00:00,82.0,619.0,104.0,122.0,169.0,186.0,216.0,0.0,321.0,0.0,0.0,0.0,0.0,0.0,0.0,94.0,0.0,0.0,0.0,0.0,0.0,0.0,0.0,11.0,0.0,0.0,0.0,0.0,508.0,128.0,0.0,153.0,113.0,0.0,55.0,407.0,228.0,10.0,0.0,216.0,426.0,149.0
2021-04-20 18:00:00+00:00,3.0,639.0,133.0,138.0,202.0,345.0,183.0,0.0,333.0,38.0,0.0,0.0,0.0,0.0,0.0,0.0,0.0,0.0,0.0,0.0,80.0,0.0,0.0,10.0,0.0,0.0,0.0,0.0,1024.0,139.0,0.0,124.0,59.0,0.0,48.0,383.0,246.0,1.0,0.0,186.0,467.0,149.0
2021-04-20 19:00:00+00:00,5.0,475.0,214.0,179.0,227.0,474.0,201.0,0.0,233.0,32.0,0.0,0.0,0.0,6.0,0.0,0.0,0.0,0.0,0.0,0.0,332.0,0.0,0.0,42.0,0.0,0.0,0.0,0.0,1416.0,134.0,0.0,77.0,30.0,0.0,34.0,314.0,283.0,0.0,0.0,138.0,494.0,149.0
2021-04-20 20:00:00+00:00,22.0,368.0,202.0,207.0,206.0,651.0,317.0,0.0,156.0,5.0,0.0,0.0,0.0,4.0,0.0,0.0,0.0,0.0,0.0,0.0,313.0,0.0,0.0,26.0,0.0,0.0,0.0,0.0,1451.0,120.0,0.0,19.0,36.0,0.0,17.0,314.0,344.0,1.0,0.0,198.0,510.0,149.0
2021-04-20 21:00:00+00:00,1.0,422.0,221.0,224.0,232.0,725.0,368.0,0.0,127.0,43.0,0.0,0.0,0.0,1.0,0.0,0.0,0.0,0.0,0.0,0.0,339.0,0.0,0.0,3.0,0.0,130.0,0.0,0.0,1460.0,105.0,0.0,0.0,56.0,0.0,27.0,199.0,340.0,0.0,0.0,143.0,599.0,149.0
2021-04-20 22:00:00+00:00,3.0,281.0,230.0,231.0,151.0,707.0,379.0,0.0,6.0,32.0,0.0,0.0,67.0,107.0,0.0,0.0,0.0,0.0,0.0,0.0,280.0,50.0,0.0,0.0,0.0,228.0,0.0,0.0,1063.0,121.0,0.0,0.0,0.0,0.0,0.0,352.0,384.0,1.0,0.0,254.0,515.0,149.0
2021-04-20 23:00:00+00:00,0.0,398.0,231.0,215.0,140.0,652.0,317.0,0.0,0.0,44.0,0.0,0.0,50.0,66.0,0.0,0.0,0.0,0.0,0.0,0.0,339.0,52.0,0.0,1.0,0.0,344.0,0.0,0.0,774.0,133.0,0.0,0.0,0.0,0.0,0.0,311.0,369.0,0.0,0.0,245.0,485.0,149.0
2021-04-21 00:00:00+00:00,3.0,494.0,226.0,206.0,126.0,606.0,300.0,0.0,0.0,25.0,0.0,0.0,33.0,19.0,0.0,0.0,0.0,0.0,0.0,0.0,341.0,64.0,0.0,0.0,0.0,425.0,0.0,0.0,755.0,134.0,0.0,0.0,8.0,0.0,0.0,284.0,361.0,2.0,0.0,238.0,480.0,149.0
2021-04-21 01:00:00+00:00,0.0,390.0,214.0,202.0,123.0,612.0,297.0,0.0,0.0,58.0,0.0,0.0,51.0,29.0,0.0,0.0,0.0,0.0,0.0,0.0,340.0,63.0,0.0,1.0,0.0,448.0,0.0,0.0,756.0,131.0,0.0,0.0,3.0,0.0,0.0,305.0,354.0,0.0,0.0,272.0,466.0,149.0
2021-04-21 02:00:00+00:00,28.0,313.0,238.0,186.0,54.0,561.0,283.0,0.0,0.0,5.0,0.0,0.0,70.0,63.0,0.0,0.0,14.0,0.0,0.0,0.0,287.0,146.0,0.0,0.0,0.0,430.0,0.0,0.0,757.0,125.0,0.0,0.0,0.0,0.0,0.0,385.0,339.0,0.0,0.0,328.0,446.0,149.0
2021-04-21 03:00:00+00:00,101.0,345.0,254.0,213.0,80.0,528.0,251.0,0.0,0.0,0.0,0.0,0.0,41.0,40.0,0.0,0.0,0.0,0.0,0.0,0.0,251.0,185.0,0.0,0.0,0.0,270.0,0.0,0.0,476.0,142.0,0.0,0.0,2.0,0.0,0.0,500.0,392.0,1.0,0.0,308.0,390.0,149.0
2021-04-21 04:00:00+00:00,104.0,550.0,220.0,178.0,118.0,270.0,365.0,0.0,3.0,0.0,0.0,0.0,0.0,0.0,0.0,0.0,0.0,0.0,0.0,0.0,167.0,28.0,0.0,1.0,0.0,89.0,0.0,0.0,291.0,75.0,0.0,0.0,90.0,0.0,44.0,418.0,338.0,0.0,0.0,164.0,396.0,149.0
2021-04-21 05:00:00+00:00,27.0,735.0,109.0,111.0,162.0,282.0,321.0,0.0,273.0,8.0,0.0,0.0,0.0,0.0,0.0,0.0,0.0,0.0,0.0,0.0,185.0,0.0,0.0,9.0,0.0,0.0,0.0,0.0,310.0,64.0,0.0,75.0,161.0,0.0,94.0,337.0,221.0,3.0,0.0,109.0,384.0,149.0
2021-04-21 06:00:00+00:00,18.0,998.0,38.0,60.0,170.0,300.0,281.0,0.0,476.0,10.0,0.0,0.0,0.0,0.0,0.0,82.0,0.0,0.0,0.0,0.0,0.0,0.0,0.0,18.0,0.0,0.0,0.0,0.0,285.0,90.0,0.0,111.0,165.0,0.0,119.0,303.0,137.0,19.0,0.0,127.0,362.0,149.0
2021-04-21 07:00:00+00:00,67.0,942.0,66.0,106.0,206.0,285.0,300.0,0.0,396.0,2.0,0.0,0.0,0.0,0.0,0.0,173.0,0.0,0.0,0.0,0.0,0.0,0.0,0.0,35.0,0.0,0.0,0.0,0.0,285.0,104.0,0.0,91.0,146.0,0.0,102.0,148.0,203.0,26.0,0.0,67.0,305.0,149.0
2021-04-21 08:00:00+00:00,44.0,880.0,40.0,67.0,181.0,324.0,363.0,0.0,480.0,7.0,0.0,0.0,0.0,0.0,0.0,120.0,0.0,0.0,0.0,0.0,0.0,0.0,0.0,0.0,0.0,0.0,0.0,0.0,285.0,102.0,0.0,87.0,133.0,0.0,84.0,98.0,153.0,21.0,0.0,81.0,270.0,149.0
2021-04-21 09:00:00+00:00,2.0,821.0,40.0,72.0,208.0,341.0,341.0,0.0,539.0,29.0,0.0,0.0,0.0,0.0,0.0,0.0,0.0,0.0,0.0,0.0,1.0,0.0,0.0,0.0,0.0,0.0,0.0,0.0,286.0,110.0,0.0,4.0,173.0,0.0,96.0,106.0,148.0,18.0,0.0,92.0,283.0,149.0
2021-04-21 10:00:00+00:00,0.0,826.0,22.0,46.0,191.0,320.0,298.0,0.0,562.0,172.0,0.0,0.0,0.0,0.0,0.0,0.0,3.0,0.0,0.0,0.0,1.0,0.0,0.0,0.0,0.0,44.0,0.0,0.0,287.0,102.0,0.0,0.0,156.0,0.0,88.0,171.0,132.0,39.0,0.0,122.0,319.0,149.0
2021-04-21 11:00:00+00:00,0.0,799.0,15.0,39.0,210.0,320.0,291.0,0.0,602.0,291.0,0.0,0.0,0.0,0.0,0.0,0.0,0.0,0.0,0.0,0.0,1.0,0.0,0.0,2.0,0.0,0.0,0.0,0.0,286.0,104.0,0.0,38.0,150.0,0.0,81.0,156.0,91.0,46.0,0.0,74.0,348.0,149.0
2021-04-21 12:00:00+00:00,0.0,734.0,5.0,60.0,216.0,307.0,134.0,0.0,590.0,282.0,0.0,0.0,0.0,0.0,0.0,0.0,13.0,0.0,0.0,0.0,1.0,0.0,0.0,0.0,0.0,0.0,0.0,0.0,776.0,54.0,0.0,34.0,186.0,0.0,89.0,130.0,142.0,76.0,0.0,29.0,359.0,149.0
2021-04-21 13:00:00+00:00,0.0,632.0,44.0,72.0,152.0,385.0,258.0,0.0,446.0,201.0,0.0,0.0,0.0,0.0,0.0,0.0,56.0,0.0,0.0,0.0,1.0,0.0,0.0,0.0,0.0,0.0,0.0,0.0,501.0,101.0,0.0,12.0,142.0,0.0,64.0,209.0,152.0,42.0,0.0,72.0,372.0,149.0
2021-04-21 14:00:00+00:00,1.0,627.0,131.0,111.0,136.0,327.0,324.0,0.0,273.0,44.0,0.0,0.0,0.0,0.0,0.0,207.0,35.0,0.0,0.0,0.0,0.0,0.0,0.0,0.0,0.0,0.0,0.0,0.0,293.0,100.0,0.0,15.0,123.0,0.0,54.0,263.0,223.0,2.0,0.0,94.0,376.0,149.0
2021-04-21 15:00:00+00:00,5.0,612.0,209.0,130.0,130.0,326.0,332.0,0.0,199.0,20.0,0.0,0.0,0.0,0.0,0.0,127.0,0.0,0.0,0.0,0.0,0.0,0.0,0.0,0.0,0.0,0.0,0.0,0.0,284.0,102.0,0.0,47.0,103.0,0.0,49.0,342.0,258.0,0.0,0.0,121.0,361.0,149.0
2021-04-21 16:00:00+00:00,150.0,570.0,157.0,135.0,112.0,327.0,336.0,0.0,183.0,0.0,0.0,0.0,0.0,0.0,0.0,0.0,0.0,0.0,0.0,0.0,0.0,0.0,0.0,1.0,0.0,13.0,0.0,0.0,284.0,124.0,0.0,0.0,78.0,0.0,35.0,483.0,260.0,1.0,0.0,224.0,349.0,149.0
2021-04-21 17:00:00+00:00,157.0,454.0,128.0,146.0,132.0,275.0,300.0,0.0,200.0,0.0,0.0,0.0,0.0,0.0,0.0,0.0,0.0,0.0,0.0,0.0,113.0,0.0,0.0,7.0,0.0,0.0,0.0,0.0,285.0,131.0,0.0,44.0,82.0,0.0,32.0,520.0,240.0,2.0,0.0,236.0,329.0,149.0
2021-04-21 18:00:00+00:00,140.0,442.0,157.0,182.0,162.0,452.0,254.0,0.0,164.0,0.0,0.0,0.0,0.0,0.0,0.0,0.0,0.0,0.0,0.0,0.0,135.0,0.0,0.0,11.0,0.0,0.0,0.0,0.0,777.0,114.0,0.0,82.0,52.0,0.0,28.0,545.0,280.0,1.0,0.0,258.0,353.0,149.0
2021-04-21 19:00:00+00:00,218.0,275.0,260.0,250.0,135.0,594.0,259.0,0.0,8.0,0.0,0.0,0.0,0.0,6.0,0.0,0.0,0.0,0.0,0.0,0.0,286.0,91.0,0.0,13.0,0.0,72.0,0.0,0.0,1048.0,108.0,0.0,0.0,15.0,0.0,0.0,552.0,347.0,0.0,0.0,306.0,375.0,149.0
2021-04-21 20:00:00+00:00,57.0,183.0,304.0,294.0,167.0,577.0,156.0,0.0,0.0,0.0,0.0,0.0,11.0,6.0,0.0,0.0,0.0,0.0,0.0,0.0,293.0,204.0,0.0,2.0,0.0,120.0,0.0,0.0,1056.0,64.0,0.0,0.0,19.0,0.0,0.0,579.0,444.0,0.0,0.0,361.0,429.0,149.0
2021-04-21 21:00:00+00:00,30.0,248.0,283.0,312.0,179.0,321.0,382.0,0.0,0.0,8.0,0.0,0.0,30.0,39.0,0.0,0.0,32.0,0.0,0.0,0.0,340.0,228.0,0.0,0.0,0.0,269.0,0.0,0.0,785.0,40.0,0.0,0.0,4.0,0.0,0.0,497.0,456.0,0.0,0.0,348.0,511.0,149.0
2021-04-21 22:00:00+00:00,0.0,342.0,219.0,238.0,159.0,591.0,267.0,0.0,0.0,90.0,0.0,0.0,58.0,81.0,0.0,0.0,0.0,0.0,0.0,0.0,341.0,88.0,0.0,0.0,0.0,258.0,0.0,0.0,468.0,131.0,0.0,0.0,0.0,0.0,0.0,434.0,397.0,2.0,0.0,345.0,540.0,149.0
2021-04-21 23:00:00+00:00,0.0,386.0,239.0,222.0,99.0,480.0,285.0,0.0,0.0,95.0,0.0,0.0,54.0,51.0,0.0,0.0,0.0,0.0,0.0,0.0,341.0,149.0,0.0,1.0,0.0,362.0,0.0,0.0,437.0,110.0,0.0,0.0,0.0,0.0,0.0,400.0,398.0,0.0,0.0,341.0,533.0,149.0
2021-04-22 00:00:00+00:00,0.0,413.0,246.0,211.0,87.0,365.0,249.0,0.0,0.0,102.0,0.0,0.0,46.0,10.0,0.0,0.0,0.0,0.0,0.0,0.0,341.0,145.0,0.0,1.0,0.0,390.0,0.0,0.0,438.0,89.0,0.0,0.0,13.0,0.0,0.0,375.0,392.0,0.0,0.0,324.0,526.0,149.0
2021-04-22 01:00:00+00:00,0.0,323.0,273.0,215.0,54.0,462.0,116.0,0.0,0.0,64.0,0.0,0.0,73.0,56.0,0.0,0.0,1.0,0.0,0.0,0.0,341.0,193.0,0.0,0.0,0.0,396.0,0.0,0.0,434.0,93.0,0.0,0.0,1.0,0.0,0.0,427.0,396.0,0.0,0.0,388.0,513.0,149.0
2021-04-22 02:00:00+00:00,0.0,328.0,225.0,171.0,29.0,418.0,0.0,0.0,0.0,76.0,0.0,0.0,75.0,56.0,0.0,0.0,9.0,0.0,0.0,0.0,316.0,145.0,0.0,0.0,0.0,375.0,0.0,0.0,439.0,58.0,6.0,0.0,0.0,0.0,0.0,447.0,362.0,0.0,0.0,391.0,494.0,149.0
2021-04-22 03:00:00+00:00,0.0,308.0,227.0,175.0,44.0,202.0,0.0,0.0,0.0,61.0,0.0,0.0,57.0,41.0,0.0,0.0,25.0,0.0,0.0,0.0,316.0,134.0,0.0,0.0,0.0,240.0,0.0,0.0,322.0,35.0,33.0,0.0,0.0,0.0,0.0,459.0,389.0,0.0,0.0,350.0,498.0,149.0
2021-04-22 04:00:00+00:00,13.0,425.0,210.0,144.0,25.0,59.0,102.0,0.0,2.0,7.0,0.0,0.0,0.0,0.0,0.0,0.0,0.0,0.0,0.0,0.0,341.0,45.0,0.0,0.0,0.0,113.0,0.0,0.0,157.0,51.0,0.0,0.0,69.0,0.0,12.0,430.0,354.0,0.0,0.0,296.0,480.0,149.0
2021-04-22 05:00:00+00:00,131.0,526.0,174.0,150.0,73.0,58.0,7.0,0.0,55.0,0.0,0.0,0.0,0.0,0.0,0.0,0.0,0.0,0.0,0.0,0.0,341.0,0.0,0.0,1.0,0.0,0.0,0.0,0.0,156.0,18.0,0.0,54.0,89.0,0.0,47.0,373.0,281.0,2.0,0.0,244.0,480.0,149.0
2021-04-22 06:00:00+00:00,137.0,476.0,175.0,198.0,81.0,153.0,64.0,0.0,33.0,0.0,0.0,0.0,0.0,4.0,0.0,0.0,0.0,0.0,0.0,0.0,341.0,0.0,0.0,0.0,0.0,0.0,0.0,0.0,155.0,47.0,0.0,81.0,20.0,0.0,19.0,361.0,284.0,0.0,0.0,278.0,454.0,149.0
2021-04-22 07:00:00+00:00,67.0,382.0,208.0,211.0,68.0,165.0,79.0,0.0,9.0,0.0,0.0,0.0,0.0,19.0,0.0,0.0,0.0,0.0,0.0,0.0,341.0,12.0,0.0,2.0,0.0,22.0,0.0,0.0,155.0,34.0,0.0,0.0,5.0,0.0,0.0,314.0,295.0,0.0,0.0,310.0,414.0,149.0
2021-04-22 08:00:00+00:00,1.0,321.0,238.0,221.0,77.0,130.0,67.0,0.0,10.0,39.0,0.0,0.0,14.0,16.0,0.0,0.0,0.0,0.0,0.0,0.0,341.0,9.0,0.0,1.0,0.0,128.0,0.0,0.0,155.0,43.0,0.0,0.0,7.0,0.0,0.0,266.0,373.0,0.0,0.0,292.0,398.0,149.0
2021-04-22 09:00:00+00:00,0.0,248.0,286.0,240.0,80.0,161.0,79.0,0.0,1.0,77.0,0.0,0.0,40.0,48.0,0.0,0.0,0.0,0.0,0.0,0.0,341.0,47.0,0.0,13.0,0.0,186.0,0.0,0.0,155.0,62.0,0.0,0.0,1.0,0.0,0.0,233.0,398.0,0.0,0.0,260.0,405.0,149.0
2021-04-22 10:00:00+00:00,0.0,277.0,290.0,250.0,109.0,241.0,187.0,0.0,1.0,133.0,0.0,0.0,21.0,23.0,0.0,0.0,42.0,0.0,0.0,0.0,341.0,35.0,0.0,0.0,0.0,233.0,0.0,0.0,155.0,101.0,0.0,0.0,2.0,0.0,0.0,176.0,416.0,0.0,0.0,197.0,400.0,149.0
2021-04-22 11:00:00+00:00,0.0,306.0,272.0,261.0,128.0,233.0,176.0,0.0,1.0,161.0,0.0,0.0,5.0,7.0,0.0,0.0,20.0,0.0,0.0,0.0,341.0,39.0,0.0,0.0,0.0,268.0,0.0,0.0,155.0,102.0,0.0,0.0,15.0,0.0,0.0,135.0,403.0,0.0,0.0,139.0,399.0,149.0
2021-04-22 12:00:00+00:00,0.0,307.0,272.0,265.0,128.0,323.0,72.0,0.0,2.0,101.0,0.0,0.0,6.0,4.0,0.0,0.0,44.0,0.0,0.0,0.0,341.0,27.0,0.0,0.0,0.0,311.0,0.0,0.0,546.0,93.0,0.0,0.0,20.0,0.0,0.0,193.0,416.0,0.0,0.0,130.0,432.0,149.0
2021-04-22 13:00:00+00:00,0.0,302.0,266.0,248.0,146.0,209.0,0.0,0.0,9.0,89.0,0.0,0.0,11.0,1.0,0.0,0.0,44.0,0.0,0.0,0.0,341.0,9.0,0.0,0.0,0.0,292.0,0.0,0.0,335.0,73.0,41.0,0.0,28.0,0.0,0.0,259.0,369.0,0.0,0.0,146.0,464.0,149.0
2021-04-22 14:00:00+00:00,0.0,358.0,263.0,230.0,167.0,114.0,2.0,0.0,16.0,94.0,0.0,0.0,0.0,0.0,0.0,0.0,17.0,0.0,0.0,0.0,318.0,4.0,0.0,0.0,0.0,275.0,0.0,0.0,158.0,38.0,0.0,0.0,59.0,0.0,4.0,344.0,379.0,0.0,0.0,202.0,510.0,149.0
2021-04-22 15:00:00+00:00,0.0,375.0,310.0,234.0,173.0,249.0,180.0,0.0,43.0,94.0,0.0,0.0,0.0,1.0,0.0,0.0,1.0,0.0,0.0,0.0,339.0,1.0,0.0,0.0,0.0,266.0,0.0,0.0,153.0,89.0,0.0,0.0,59.0,0.0,3.0,420.0,383.0,0.0,0.0,251.0,498.0,149.0
2021-04-22 16:00:00+00:00,23.0,514.0,218.0,247.0,206.0,221.0,124.0,0.0,60.0,9.0,0.0,0.0,0.0,0.0,0.0,0.0,1.0,0.0,0.0,0.0,279.0,1.0,0.0,0.0,0.0,171.0,0.0,0.0,154.0,69.0,0.0,0.0,102.0,0.0,27.0,423.0,384.0,6.0,0.0,229.0,481.0,149.0
2021-04-22 17:00:00+00:00,3.0,585.0,202.0,221.0,243.0,202.0,153.0,0.0,145.0,40.0,0.0,0.0,0.0,0.0,0.0,0.0,0.0,0.0,0.0,0.0,282.0,0.0,0.0,0.0,0.0,0.0,0.0,0.0,155.0,95.0,0.0,6.0,119.0,0.0,40.0,457.0,310.0,0.0,0.0,222.0,472.0,149.0
2021-04-22 18:00:00+00:00,1.0,527.0,212.0,252.0,277.0,408.0,170.0,0.0,110.0,31.0,0.0,0.0,0.0,0.0,0.0,0.0,0.0,0.0,0.0,0.0,339.0,0.0,0.0,0.0,0.0,0.0,0.0,0.0,686.0,86.0,0.0,56.0,88.0,0.0,41.0,385.0,333.0,0.0,0.0,157.0,485.0,149.0
2021-04-22 19:00:00+00:00,44.0,459.0,306.0,278.0,224.0,566.0,197.0,0.0,18.0,14.0,0.0,0.0,0.0,1.0,0.0,0.0,0.0,0.0,0.0,0.0,317.0,69.0,0.0,0.0,0.0,120.0,0.0,0.0,757.0,97.0,0.0,0.0,50.0,0.0,20.0,361.0,345.0,0.0,0.0,173.0,511.0,149.0
2021-04-22 20:00:00+00:00,19.0,337.0,314.0,307.0,218.0,610.0,230.0,0.0,0.0,11.0,0.0,0.0,3.0,1.0,0.0,0.0,0.0,0.0,0.0,0.0,341.0,93.0,0.0,1.0,0.0,236.0,0.0,0.0,592.0,107.0,0.0,0.0,50.0,0.0,0.0,346.0,438.0,0.0,0.0,211.0,526.0,149.0
2021-04-22 21:00:00+00:00,1.0,457.0,288.0,313.0,276.0,640.0,264.0,0.0,2.0,38.0,0.0,0.0,0.0,0.0,0.0,0.0,0.0,0.0,0.0,0.0,339.0,53.0,0.0,1.0,0.0,359.0,0.0,0.0,581.0,98.0,0.0,0.0,97.0,0.0,18.0,203.0,435.0,0.0,0.0,147.0,619.0,149.0
2021-04-22 22:00:00+00:00,28.0,177.0,298.0,298.0,126.0,682.0,315.0,0.0,0.0,12.0,0.0,0.0,108.0,142.0,0.0,0.0,0.0,0.0,0.0,0.0,276.0,212.0,0.0,0.0,0.0,297.0,0.0,0.0,447.0,128.0,0.0,0.0,0.0,0.0,0.0,319.0,403.0,0.0,0.0,340.0,610.0,149.0
2021-04-22 23:00:00+00:00,15.0,266.0,307.0,326.0,135.0,656.0,310.0,0.0,0.0,11.0,0.0,0.0,133.0,184.0,0.0,0.0,25.0,0.0,0.0,0.0,339.0,288.0,0.0,0.0,0.0,317.0,0.0,0.0,440.0,136.0,0.0,0.0,0.0,0.0,0.0,337.0,466.0,0.0,0.0,367.0,605.0,149.0
2021-04-23 00:00:00+00:00,47.0,188.0,310.0,312.0,86.0,619.0,294.0,0.0,0.0,1.0,0.0,0.0,131.0,135.0,0.0,0.0,21.0,0.0,0.0,0.0,341.0,325.0,0.0,0.0,0.0,380.0,0.0,0.0,440.0,129.0,0.0,0.0,0.0,0.0,0.0,330.0,454.0,0.0,0.0,384.0,581.0,149.0
2021-04-23 01:00:00+00:00,80.0,91.0,276.0,289.0,48.0,599.0,273.0,0.0,0.0,0.0,0.0,0.0,138.0,136.0,0.0,0.0,21.0,0.0,0.0,0.0,337.0,303.0,0.0,0.0,0.0,390.0,0.0,0.0,440.0,130.0,0.0,0.0,0.0,0.0,0.0,363.0,426.0,0.0,0.0,439.0,558.0,149.0
2021-04-23 02:00:00+00:00,136.0,91.0,251.0,249.0,0.0,607.0,269.0,0.0,0.0,0.0,0.0,0.0,142.0,145.0,0.0,0.0,26.0,0.0,0.0,0.0,206.0,296.0,0.0,0.0,0.0,380.0,0.0,0.0,440.0,139.0,0.0,0.0,0.0,30.0,0.0,465.0,388.0,0.0,0.0,526.0,546.0,149.0
2021-04-23 03:00:00+00:00,132.0,60.0,290.0,285.0,59.0,427.0,157.0,0.0,0.0,0.0,0.0,0.0,99.0,49.0,0.0,0.0,30.0,0.0,0.0,0.0,336.0,299.0,0.0,0.0,0.0,218.0,0.0,0.0,305.0,132.0,0.0,0.0,0.0,0.0,0.0,489.0,463.0,0.0,0.0,432.0,484.0,149.0
2021-04-23 04:00:00+00:00,182.0,272.0,258.0,214.0,62.0,164.0,187.0,0.0,0.0,0.0,0.0,0.0,0.0,0.0,0.0,0.0,0.0,0.0,0.0,0.0,319.0,101.0,0.0,1.0,0.0,99.0,0.0,0.0,157.0,91.0,0.0,0.0,97.0,0.0,2.0,416.0,384.0,0.0,0.0,318.0,500.0,149.0
2021-04-23 05:00:00+00:00,288.0,296.0,232.0,215.0,48.0,213.0,182.0,0.0,0.0,0.0,0.0,0.0,0.0,1.0,0.0,0.0,0.0,0.0,0.0,0.0,262.0,78.0,0.0,3.0,0.0,0.0,0.0,,155.0,82.0,0.0,119.0,56.0,0.0,8.0,404.0,363.0,0.0,0.0,,496.0,149.0
2021-04-23 06:00:00+00:00,309.0,248.0,267.0,235.0,26.0,241.0,199.0,0.0,0.0,0.0,0.0,0.0,37.0,59.0,0.0,0.0,0.0,0.0,0.0,0.0,168.0,97.0,0.0,38.0,0.0,0.0,0.0,,155.0,83.0,0.0,185.0,1.0,0.0,0.0,423.0,392.0,0.0,0.0,,468.0,149.0
2021-04-23 07:00:00+00:00,333.0,178.0,278.0,234.0,0.0,223.0,206.0,0.0,0.0,0.0,0.0,0.0,52.0,140.0,0.0,0.0,1.0,0.0,0.0,0.0,238.0,147.0,0.0,0.0,0.0,0.0,0.0,0.0,154.0,86.0,0.0,43.0,0.0,10.0,0.0,325.0,415.0,0.0,0.0,449.0,436.0,149.0
2021-04-23 08:00:00+00:00,341.0,30.0,334.0,239.0,0.0,225.0,231.0,0.0,0.0,0.0,0.0,0.0,84.0,192.0,0.0,0.0,34.0,0.0,0.0,0.0,169.0,190.0,0.0,0.0,0.0,0.0,0.0,0.0,155.0,82.0,0.0,16.0,0.0,20.0,0.0,331.0,426.0,0.0,0.0,491.0,396.0,149.0
2021-04-23 09:00:00+00:00,165.0,0.0,401.0,283.0,69.0,305.0,250.0,0.0,0.0,0.0,0.0,36.0,107.0,225.0,0.0,0.0,50.0,0.0,0.0,0.0,297.0,177.0,0.0,0.0,0.0,54.0,0.0,0.0,154.0,86.0,0.0,0.0,0.0,0.0,0.0,309.0,466.0,0.0,0.0,447.0,390.0,150.0
2021-04-23 10:00:00+00:00,102.0,0.0,368.0,275.0,67.0,294.0,267.0,0.0,0.0,0.0,0.0,155.0,131.0,228.0,0.0,0.0,66.0,0.0,0.0,0.0,317.0,146.0,0.0,0.0,0.0,78.0,0.0,0.0,153.0,78.0,0.0,0.0,0.0,0.0,0.0,300.0,477.0,0.0,0.0,421.0,404.0,150.0
2021-04-23 11:00:00+00:00,103.0,0.0,344.0,250.0,28.0,255.0,241.0,0.0,0.0,0.0,0.0,138.0,141.0,244.0,0.0,0.0,54.0,0.0,0.0,0.0,308.0,157.0,0.0,0.0,0.0,166.0,0.0,0.0,153.0,70.0,0.0,0.0,0.0,0.0,0.0,288.0,456.0,0.0,0.0,393.0,410.0,151.0
2021-04-23 12:00:00+00:00,105.0,0.0,330.0,238.0,23.0,461.0,227.0,0.0,0.0,0.0,0.0,72.0,125.0,197.0,0.0,0.0,46.0,0.0,0.0,0.0,313.0,129.0,0.0,0.0,0.0,253.0,0.0,0.0,547.0,104.0,0.0,0.0,0.0,0.0,0.0,291.0,430.0,0.0,0.0,378.0,406.0,150.0
2021-04-23 13:00:00+00:00,89.0,0.0,341.0,231.0,21.0,421.0,194.0,0.0,0.0,0.0,0.0,80.0,126.0,186.0,0.0,0.0,62.0,0.0,0.0,0.0,321.0,150.0,0.0,0.0,0.0,274.0,0.0,0.0,320.0,119.0,0.0,0.0,0.0,0.0,0.0,306.0,427.0,0.0,0.0,366.0,417.0,151.0
2021-04-23 14:00:00+00:00,96.0,52.0,340.0,238.0,73.0,275.0,242.0,0.0,0.0,0.0,0.0,0.0,84.0,135.0,0.0,0.0,90.0,0.0,0.0,0.0,296.0,142.0,0.0,0.0,0.0,324.0,0.0,0.0,155.0,94.0,0.0,0.0,0.0,0.0,0.0,374.0,433.0,0.0,0.0,380.0,438.0,151.0
2021-04-23 15:00:00+00:00,54.0,265.0,378.0,261.0,179.0,266.0,247.0,0.0,0.0,0.0,0.0,0.0,40.0,72.0,0.0,0.0,59.0,0.0,0.0,0.0,219.0,96.0,0.0,0.0,0.0,147.0,0.0,0.0,154.0,90.0,0.0,0.0,0.0,0.0,0.0,392.0,465.0,0.0,0.0,359.0,465.0,150.0
2021-04-23 16:00:00+00:00,180.0,322.0,260.0,231.0,161.0,246.0,229.0,0.0,0.0,0.0,0.0,0.0,1.0,1.0,0.0,0.0,26.0,0.0,0.0,0.0,223.0,46.0,0.0,0.0,0.0,202.0,0.0,0.0,154.0,96.0,0.0,0.0,35.0,0.0,0.0,402.0,408.0,0.0,0.0,305.0,458.0,151.0
2021-04-23 17:00:00+00:00,201.0,445.0,190.0,176.0,136.0,219.0,244.0,0.0,66.0,0.0,0.0,0.0,0.0,0.0,0.0,0.0,0.0,0.0,0.0,0.0,92.0,1.0,0.0,1.0,0.0,40.0,0.0,0.0,154.0,111.0,0.0,0.0,87.0,0.0,34.0,395.0,336.0,0.0,0.0,240.0,453.0,151.0
2021-04-23 18:00:00+00:00,176.0,433.0,230.0,195.0,180.0,483.0,142.0,0.0,72.0,0.0,0.0,0.0,0.0,0.0,0.0,0.0,0.0,0.0,0.0,0.0,92.0,0.0,0.0,11.0,0.0,0.0,0.0,0.0,683.0,124.0,0.0,58.0,80.0,0.0,47.0,366.0,358.0,0.0,0.0,199.0,489.0,150.0
2021-04-23 19:00:00+00:00,207.0,372.0,260.0,201.0,148.0,531.0,183.0,0.0,8.0,0.0,0.0,0.0,0.0,0.0,0.0,0.0,0.0,0.0,0.0,0.0,198.0,20.0,0.0,1.0,0.0,49.0,0.0,0.0,588.0,127.0,0.0,0.0,58.0,0.0,29.0,348.0,331.0,0.0,0.0,224.0,498.0,151.0
2021-04-23 20:00:00+00:00,49.0,208.0,274.0,233.0,152.0,609.0,239.0,0.0,0.0,2.0,0.0,0.0,4.0,13.0,0.0,0.0,22.0,0.0,0.0,0.0,299.0,74.0,0.0,0.0,0.0,132.0,0.0,0.0,579.0,117.0,0.0,0.0,17.0,0.0,0.0,400.0,394.0,0.0,0.0,324.0,520.0,150.0
2021-04-23 21:00:00+00:00,39.0,224.0,301.0,296.0,212.0,587.0,277.0,0.0,0.0,4.0,0.0,0.0,20.0,70.0,0.0,0.0,50.0,0.0,0.0,0.0,329.0,148.0,0.0,0.0,0.0,191.0,0.0,0.0,447.0,125.0,0.0,0.0,1.0,0.0,0.0,310.0,431.0,0.0,0.0,321.0,604.0,151.0
2021-04-23 22:00:00+00:00,18.0,47.0,222.0,240.0,151.0,567.0,322.0,0.0,0.0,7.0,0.0,0.0,98.0,194.0,0.0,0.0,38.0,0.0,0.0,0.0,583.0,90.0,0.0,0.0,0.0,139.0,0.0,0.0,441.0,126.0,0.0,0.0,0.0,0.0,0.0,467.0,344.0,0.0,0.0,404.0,510.0,150.0
2021-04-23 23:00:00+00:00,9.0,123.0,229.0,216.0,158.0,580.0,333.0,0.0,0.0,10.0,0.0,0.0,85.0,153.0,0.0,0.0,27.0,0.0,0.0,0.0,600.0,104.0,0.0,0.0,0.0,219.0,0.0,0.0,440.0,119.0,0.0,0.0,0.0,0.0,0.0,391.0,357.0,0.0,0.0,359.0,499.0,151.0
2021-04-24 00:00:00+00:00,2.0,230.0,221.0,192.0,166.0,393.0,398.0,0.0,0.0,40.0,0.0,0.0,58.0,91.0,0.0,0.0,21.0,0.0,0.0,0.0,600.0,74.0,0.0,0.0,0.0,277.0,0.0,0.0,173.0,105.0,0.0,0.0,0.0,0.0,0.0,363.0,341.0,0.0,0.0,339.0,489.0,151.0
2021-04-24 01:00:00+00:00,1.0,172.0,206.0,178.0,143.0,417.0,387.0,0.0,0.0,34.0,0.0,0.0,66.0,79.0,0.0,0.0,20.0,0.0,0.0,0.0,600.0,82.0,0.0,0.0,0.0,290.0,0.0,0.0,154.0,116.0,0.0,0.0,0.0,0.0,0.0,324.0,322.0,0.0,0.0,326.0,460.0,151.0
2021-04-24 02:00:00+00:00,1.0,163.0,152.0,162.0,115.0,420.0,438.0,0.0,0.0,0.0,0.0,0.0,63.0,81.0,0.0,0.0,23.0,0.0,0.0,0.0,601.0,96.0,0.0,0.0,0.0,272.0,0.0,0.0,154.0,120.0,0.0,0.0,0.0,0.0,0.0,361.0,312.0,3.0,0.0,355.0,447.0,151.0
2021-04-24 03:00:00+00:00,0.0,359.0,178.0,198.0,234.0,622.0,312.0,0.0,0.0,9.0,0.0,0.0,0.0,8.0,0.0,0.0,32.0,0.0,0.0,0.0,601.0,62.0,0.0,0.0,0.0,270.0,0.0,0.0,153.0,166.0,0.0,0.0,45.0,0.0,9.0,334.0,288.0,0.0,0.0,273.0,470.0,150.0
2021-04-24 04:00:00+00:00,0.0,286.0,166.0,201.0,193.0,560.0,270.0,0.0,0.0,2.0,0.0,0.0,4.0,14.0,0.0,0.0,47.0,0.0,0.0,0.0,601.0,138.0,0.0,0.0,0.0,191.0,0.0,0.0,154.0,172.0,0.0,0.0,8.0,0.0,0.0,394.0,291.0,1.0,0.0,312.0,431.0,151.0
2021-04-24 05:00:00+00:00,0.0,206.0,150.0,186.0,208.0,472.0,264.0,0.0,7.0,103.0,0.0,0.0,17.0,59.0,0.0,0.0,47.0,0.0,0.0,0.0,600.0,26.0,0.0,0.0,0.0,65.0,0.0,0.0,428.0,146.0,0.0,0.0,1.0,0.0,0.0,371.0,253.0,1.0,0.0,326.0,419.0,150.0
2021-04-24 06:00:00+00:00,0.0,20.0,166.0,216.0,184.0,410.0,337.0,0.0,0.0,44.0,0.0,0.0,65.0,175.0,0.0,0.0,58.0,0.0,0.0,0.0,600.0,50.0,0.0,0.0,0.0,7.0,0.0,0.0,356.0,108.0,0.0,0.0,0.0,0.0,0.0,300.0,288.0,1.0,0.0,337.0,379.0,151.0
2021-04-24 07:00:00+00:00,37.0,0.0,225.0,276.0,172.0,514.0,286.0,0.0,0.0,2.0,0.0,182.0,121.0,287.0,0.0,0.0,39.0,0.0,0.0,0.0,566.0,156.0,0.0,0.0,0.0,0.0,0.0,0.0,299.0,131.0,0.0,49.0,0.0,0.0,0.0,286.0,339.0,0.0,0.0,378.0,327.0,150.0
2021-04-24 08:00:00+00:00,143.0,0.0,258.0,294.0,118.0,520.0,288.0,0.0,0.0,0.0,0.0,231.0,149.0,334.0,0.0,0.0,22.0,0.0,0.0,0.0,253.0,250.0,0.0,0.0,0.0,0.0,0.0,0.0,301.0,136.0,0.0,18.0,0.0,0.0,0.0,248.0,400.0,0.0,0.0,387.0,317.0,151.0
2021-04-24 09:00:00+00:00,145.0,0.0,242.0,291.0,124.0,477.0,359.0,0.0,0.0,0.0,0.0,140.0,144.0,311.0,0.0,0.0,0.0,0.0,0.0,0.0,68.0,231.0,0.0,2.0,0.0,59.0,0.0,0.0,298.0,103.0,0.0,0.0,0.0,0.0,0.0,197.0,381.0,0.0,0.0,333.0,327.0,151.0
2021-04-24 10:00:00+00:00,132.0,0.0,294.0,274.0,93.0,470.0,399.0,0.0,0.0,0.0,0.0,121.0,149.0,311.0,0.0,0.0,0.0,0.0,0.0,0.0,2.0,225.0,0.0,37.0,0.0,90.0,0.0,0.0,298.0,96.0,0.0,0.0,0.0,0.0,0.0,212.0,414.0,5.0,0.0,319.0,315.0,150.0
2021-04-24 11:00:00+00:00,112.0,0.0,278.0,230.0,40.0,458.0,372.0,0.0,0.0,0.0,0.0,231.0,173.0,333.0,0.0,0.0,0.0,0.0,0.0,0.0,59.0,164.0,0.0,48.0,0.0,57.0,0.0,0.0,298.0,90.0,0.0,0.0,0.0,0.0,0.0,224.0,365.0,0.0,0.0,329.0,293.0,150.0
2021-04-24 12:00:00+00:00,97.0,0.0,242.0,236.0,56.0,464.0,367.0,0.0,0.0,0.0,0.0,238.0,158.0,285.0,0.0,0.0,0.0,0.0,0.0,0.0,64.0,139.0,0.0,44.0,0.0,104.0,0.0,0.0,298.0,97.0,0.0,0.0,0.0,0.0,0.0,230.0,375.0,0.0,0.0,305.0,269.0,150.0
2021-04-24 13:00:00+00:00,101.0,0.0,276.0,231.0,51.0,464.0,342.0,0.0,0.0,0.0,0.0,216.0,157.0,279.0,0.0,0.0,0.0,0.0,0.0,0.0,57.0,173.0,0.0,14.0,0.0,99.0,0.0,0.0,297.0,100.0,0.0,0.0,0.0,0.0,0.0,290.0,363.0,0.0,0.0,331.0,271.0,150.0
2021-04-24 14:00:00+00:00,69.0,0.0,285.0,242.0,79.0,431.0,281.0,0.0,0.0,0.0,0.0,204.0,149.0,272.0,0.0,0.0,9.0,0.0,0.0,0.0,220.0,145.0,0.0,0.0,0.0,115.0,0.0,0.0,297.0,107.0,0.0,0.0,0.0,0.0,0.0,360.0,387.0,0.0,0.0,382.0,321.0,151.0
2021-04-24 15:00:00+00:00,61.0,0.0,282.0,272.0,116.0,450.0,243.0,0.0,0.0,0.0,0.0,167.0,133.0,232.0,0.0,0.0,32.0,0.0,0.0,0.0,361.0,191.0,0.0,0.0,0.0,85.0,0.0,0.0,435.0,95.0,0.0,0.0,0.0,0.0,0.0,382.0,413.0,0.0,0.0,374.0,350.0,151.0
2021-04-24 16:00:00+00:00,36.0,0.0,237.0,263.0,181.0,539.0,200.0,0.0,1.0,5.0,0.0,151.0,122.0,194.0,0.0,0.0,30.0,0.0,0.0,0.0,477.0,76.0,0.0,0.0,0.0,58.0,0.0,0.0,440.0,101.0,0.0,0.0,0.0,0.0,0.0,440.0,343.0,1.0,0.0,372.0,374.0,150.0
2021-04-24 17:00:00+00:00,4.0,18.0,180.0,227.0,211.0,494.0,176.0,0.0,50.0,36.0,0.0,0.0,54.0,96.0,0.0,0.0,0.0,0.0,0.0,0.0,498.0,1.0,0.0,0.0,0.0,0.0,0.0,0.0,442.0,102.0,0.0,109.0,0.0,0.0,0.0,483.0,261.0,0.0,0.0,346.0,397.0,150.0
2021-04-24 18:00:00+00:00,0.0,96.0,140.0,215.0,242.0,522.0,194.0,0.0,121.0,87.0,0.0,0.0,36.0,103.0,0.0,0.0,0.0,0.0,0.0,0.0,486.0,0.0,0.0,13.0,0.0,0.0,0.0,0.0,442.0,96.0,0.0,204.0,0.0,0.0,0.0,507.0,249.0,0.0,0.0,359.0,436.0,150.0
2021-04-24 19:00:00+00:00,0.0,85.0,165.0,242.0,272.0,557.0,222.0,0.0,76.0,109.0,0.0,0.0,36.0,111.0,0.0,0.0,0.0,0.0,0.0,0.0,597.0,3.0,0.0,1.0,0.0,0.0,0.0,0.0,441.0,97.0,0.0,123.0,0.0,0.0,0.0,420.0,246.0,0.0,0.0,310.0,470.0,150.0
2021-04-24 20:00:00+00:00,0.0,73.0,204.0,280.0,286.0,596.0,228.0,0.0,21.0,130.0,0.0,0.0,33.0,102.0,0.0,0.0,42.0,0.0,0.0,0.0,600.0,4.0,0.0,0.0,0.0,28.0,0.0,0.0,443.0,64.0,0.0,0.0,0.0,0.0,0.0,347.0,338.0,0.0,0.0,262.0,493.0,151.0
2021-04-24 21:00:00+00:00,0.0,142.0,162.0,295.0,348.0,686.0,300.0,0.0,47.0,201.0,0.0,0.0,29.0,59.0,0.0,0.0,46.0,0.0,0.0,0.0,600.0,1.0,0.0,0.0,0.0,155.0,0.0,0.0,442.0,97.0,0.0,0.0,1.0,0.0,0.0,236.0,294.0,2.0,0.0,153.0,515.0,151.0
2021-04-24 22:00:00+00:00,0.0,108.0,87.0,215.0,262.0,688.0,335.0,0.0,115.0,225.0,0.0,0.0,72.0,122.0,0.0,0.0,55.0,0.0,0.0,0.0,600.0,0.0,0.0,0.0,0.0,77.0,0.0,0.0,573.0,111.0,0.0,0.0,0.0,0.0,0.0,270.0,183.0,11.0,0.0,235.0,495.0,150.0
2021-04-24 23:00:00+00:00,0.0,159.0,81.0,198.0,231.0,680.0,308.0,0.0,90.0,234.0,0.0,0.0,77.0,115.0,0.0,0.0,43.0,0.0,0.0,0.0,600.0,0.0,0.0,0.0,0.0,66.0,0.0,0.0,580.0,102.0,0.0,0.0,0.0,0.0,0.0,281.0,189.0,5.0,0.0,247.0,515.0,150.0
2021-04-25 00:00:00+00:00,0.0,193.0,66.0,179.0,216.0,633.0,287.0,0.0,75.0,218.0,0.0,0.0,65.0,70.0,0.0,0.0,63.0,0.0,0.0,0.0,600.0,0.0,0.0,0.0,0.0,163.0,0.0,0.0,580.0,110.0,0.0,0.0,0.0,0.0,0.0,253.0,185.0,12.0,0.0,238.0,498.0,150.0
2021-04-25 01:00:00+00:00,0.0,175.0,39.0,174.0,216.0,624.0,276.0,0.0,79.0,248.0,0.0,0.0,74.0,27.0,0.0,0.0,60.0,0.0,0.0,0.0,600.0,0.0,0.0,0.0,0.0,216.0,0.0,0.0,579.0,114.0,0.0,0.0,3.0,0.0,0.0,261.0,173.0,26.0,0.0,259.0,482.0,151.0
2021-04-25 02:00:00+00:00,0.0,181.0,36.0,158.0,181.0,597.0,276.0,0.0,50.0,227.0,0.0,0.0,70.0,9.0,0.0,0.0,66.0,0.0,0.0,0.0,600.0,0.0,0.0,0.0,0.0,228.0,0.0,0.0,525.0,122.0,0.0,0.0,15.0,0.0,0.0,276.0,160.0,25.0,0.0,285.0,469.0,150.0
2021-04-25 03:00:00+00:00,0.0,271.0,44.0,146.0,184.0,640.0,270.0,0.0,29.0,226.0,0.0,0.0,28.0,0.0,0.0,0.0,44.0,0.0,0.0,0.0,600.0,0.0,0.0,0.0,0.0,224.0,0.0,0.0,568.0,124.0,0.0,0.0,106.0,0.0,0.0,239.0,168.0,18.0,0.0,227.0,462.0,150.0
2021-04-25 04:00:00+00:00,0.0,209.0,34.0,136.0,168.0,639.0,277.0,0.0,23.0,207.0,0.0,0.0,44.0,0.0,0.0,0.0,51.0,0.0,0.0,0.0,577.0,0.0,0.0,0.0,0.0,162.0,0.0,0.0,578.0,109.0,0.0,0.0,79.0,0.0,0.0,354.0,149.0,19.0,0.0,207.0,336.0,150.0
2021-04-25 05:00:00+00:00,0.0,65.0,38.0,152.0,175.0,540.0,229.0,0.0,43.0,250.0,0.0,0.0,89.0,34.0,0.0,0.0,84.0,0.0,0.0,0.0,599.0,0.0,0.0,0.0,0.0,36.0,0.0,0.0,578.0,106.0,0.0,0.0,9.0,0.0,0.0,351.0,155.0,26.0,0.0,223.0,327.0,150.0
2021-04-25 06:00:00+00:00,0.0,33.0,72.0,197.0,219.0,514.0,200.0,0.0,40.0,256.0,0.0,0.0,94.0,77.0,0.0,0.0,83.0,0.0,0.0,0.0,601.0,0.0,0.0,0.0,0.0,12.0,0.0,0.0,447.0,116.0,0.0,0.0,0.0,0.0,0.0,239.0,201.0,7.0,0.0,195.0,359.0,150.0
2021-04-25 07:00:00+00:00,0.0,26.0,109.0,232.0,298.0,485.0,191.0,0.0,56.0,290.0,0.0,0.0,81.0,32.0,0.0,0.0,69.0,0.0,0.0,0.0,602.0,2.0,0.0,0.0,0.0,3.0,0.0,0.0,440.0,100.0,0.0,0.0,2.0,0.0,0.0,132.0,253.0,2.0,0.0,58.0,307.0,150.0
2021-04-25 08:00:00+00:00,0.0,0.0,98.0,198.0,243.0,530.0,199.0,0.0,83.0,246.0,0.0,61.0,113.0,86.0,0.0,0.0,50.0,0.0,0.0,0.0,602.0,0.0,0.0,0.0,0.0,0.0,0.0,0.0,367.0,91.0,0.0,11.0,2.0,0.0,0.0,73.0,217.0,7.0,0.0,71.0,338.0,149.0
2021-04-25 09:00:00+00:00,0.0,0.0,59.0,198.0,269.0,405.0,163.0,0.0,110.0,278.0,0.0,197.0,121.0,88.0,0.0,0.0,36.0,0.0,0.0,0.0,600.0,0.0,0.0,0.0,0.0,0.0,0.0,0.0,296.0,40.0,0.0,13.0,0.0,0.0,0.0,27.0,209.0,9.0,3.0,37.0,333.0,150.0
2021-04-25 10:00:00+00:00,0.0,0.0,81.0,200.0,249.0,452.0,245.0,0.0,74.0,293.0,0.0,218.0,131.0,109.0,0.0,0.0,26.0,0.0,0.0,0.0,555.0,0.0,0.0,0.0,0.0,60.0,0.0,1.0,296.0,99.0,0.0,0.0,0.0,0.0,0.0,40.0,193.0,6.0,2.0,47.0,334.0,149.0
2021-04-25 11:00:00+00:00,0.0,0.0,102.0,137.0,69.0,471.0,258.0,0.0,3.0,162.0,0.0,549.0,218.0,249.0,0.0,0.0,16.0,0.0,0.0,0.0,601.0,20.0,0.0,0.0,0.0,56.0,0.0,0.0,297.0,110.0,0.0,0.0,0.0,0.0,0.0,133.0,148.0,2.0,0.0,194.0,277.0,150.0
2021-04-25 12:00:00+00:00,0.0,0.0,113.0,117.0,21.0,434.0,266.0,0.0,6.0,127.0,0.0,597.0,233.0,258.0,0.0,0.0,9.0,0.0,0.0,0.0,601.0,13.0,0.0,0.0,0.0,61.0,0.0,0.0,296.0,109.0,0.0,0.0,0.0,0.0,0.0,179.0,117.0,2.0,0.0,229.0,280.0,149.0
2021-04-25 13:00:00+00:00,0.0,0.0,62.0,128.0,38.0,438.0,233.0,0.0,2.0,116.0,0.0,592.0,215.0,215.0,0.0,0.0,11.0,0.0,0.0,0.0,601.0,42.0,0.0,0.0,0.0,124.0,0.0,0.0,296.0,129.0,0.0,0.0,0.0,0.0,0.0,221.0,163.0,14.0,0.0,227.0,300.0,150.0
2021-04-25 14:00:00+00:00,0.0,0.0,53.0,175.0,67.0,371.0,138.0,0.0,0.0,67.0,0.0,527.0,206.0,226.0,0.0,0.0,44.0,0.0,0.0,0.0,601.0,114.0,0.0,0.0,0.0,56.0,0.0,0.0,296.0,98.0,0.0,0.0,0.0,0.0,0.0,296.0,199.0,13.0,0.0,257.0,327.0,150.0
2021-04-25 15:00:00+00:00,0.0,0.0,150.0,219.0,150.0,376.0,50.0,0.0,0.0,64.0,0.0,289.0,163.0,158.0,0.0,0.0,46.0,0.0,0.0,0.0,601.0,111.0,0.0,0.0,0.0,22.0,0.0,0.0,793.0,13.0,0.0,0.0,0.0,0.0,0.0,342.0,207.0,2.0,0.0,237.0,327.0,150.0
2021-04-25 16:00:00+00:00,0.0,0.0,144.0,288.0,258.0,576.0,201.0,0.0,0.0,96.0,0.0,142.0,125.0,87.0,0.0,0.0,33.0,0.0,0.0,0.0,601.0,93.0,0.0,0.0,0.0,73.0,0.0,0.0,1045.0,94.0,0.0,0.0,0.0,0.0,0.0,349.0,317.0,2.0,0.0,185.0,349.0,150.0
2021-04-25 17:00:00+00:00,15.0,0.0,235.0,322.0,275.0,596.0,247.0,0.0,0.0,12.0,0.0,53.0,96.0,87.0,0.0,0.0,36.0,0.0,0.0,0.0,601.0,112.0,0.0,0.0,0.0,4.0,0.0,0.0,1054.0,116.0,0.0,0.0,0.0,0.0,0.0,383.0,366.0,0.0,0.0,265.0,451.0,150.0
2021-04-25 18:00:00+00:00,12.0,0.0,243.0,333.0,298.0,625.0,276.0,0.0,0.0,4.0,0.0,30.0,58.0,71.0,0.0,0.0,48.0,0.0,0.0,0.0,601.0,98.0,0.0,0.0,0.0,22.0,0.0,0.0,1055.0,94.0,0.0,0.0,0.0,0.0,0.0,361.0,387.0,0.0,0.0,229.0,479.0,149.0
2021-04-25 19:00:00+00:00,0.0,42.0,230.0,321.0,332.0,707.0,322.0,0.0,0.0,56.0,0.0,0.0,38.0,30.0,0.0,0.0,25.0,0.0,0.0,0.0,600.0,44.0,0.0,0.0,0.0,51.0,0.0,0.0,1055.0,101.0,0.0,0.0,2.0,0.0,0.0,306.0,350.0,0.0,0.0,160.0,492.0,150.0
2021-04-25 20:00:00+00:00,0.0,136.0,227.0,366.0,425.0,706.0,322.0,0.0,1.0,102.0,0.0,0.0,1.0,4.0,0.0,0.0,40.0,0.0,0.0,0.0,601.0,38.0,0.0,0.0,0.0,204.0,0.0,0.0,1056.0,92.0,0.0,0.0,30.0,0.0,0.0,235.0,371.0,0.0,0.0,116.0,535.0,150.0
2021-04-25 21:00:00+00:00,0.0,42.0,232.0,358.0,372.0,695.0,313.0,0.0,0.0,53.0,0.0,0.0,50.0,57.0,0.0,0.0,64.0,0.0,0.0,0.0,600.0,97.0,0.0,0.0,0.0,226.0,0.0,0.0,1056.0,85.0,0.0,0.0,1.0,0.0,0.0,261.0,340.0,0.0,0.0,161.0,544.0,150.0
2021-04-25 22:00:00+00:00,0.0,120.0,288.0,374.0,370.0,639.0,291.0,0.0,0.0,118.0,0.0,0.0,51.0,38.0,0.0,0.0,74.0,0.0,0.0,0.0,595.0,168.0,0.0,0.0,0.0,324.0,0.0,0.0,1057.0,100.0,0.0,0.0,1.0,0.0,0.0,151.0,421.0,0.0,0.0,93.0,494.0,150.0
2021-04-25 23:00:00+00:00,0.0,251.0,272.0,334.0,333.0,656.0,292.0,0.0,0.0,109.0,0.0,0.0,23.0,5.0,0.0,0.0,61.0,0.0,0.0,0.0,600.0,194.0,0.0,0.0,0.0,421.0,0.0,0.0,1057.0,122.0,0.0,0.0,27.0,0.0,0.0,126.0,405.0,0.0,0.0,84.0,489.0,150.0
2021-04-26 00:00:00+00:00,0.0,240.0,278.0,337.0,333.0,641.0,298.0,0.0,0.0,117.0,0.0,0.0,30.0,1.0,0.0,0.0,58.0,0.0,0.0,0.0,600.0,219.0,0.0,0.0,0.0,384.0,0.0,0.0,1057.0,119.0,0.0,0.0,37.0,0.0,0.0,106.0,416.0,0.0,0.0,76.0,476.0,150.0
2021-04-26 01:00:00+00:00,0.0,215.0,303.0,337.0,333.0,660.0,302.0,0.0,0.0,105.0,0.0,0.0,26.0,1.0,0.0,0.0,58.0,0.0,0.0,0.0,600.0,231.0,0.0,0.0,0.0,393.0,0.0,0.0,1057.0,125.0,0.0,0.0,48.0,0.0,0.0,122.0,437.0,0.0,0.0,94.0,478.0,149.0
2021-04-26 02:00:00+00:00,0.0,182.0,221.0,299.0,289.0,597.0,258.0,0.0,0.0,90.0,0.0,0.0,32.0,0.0,0.0,0.0,64.0,0.0,0.0,0.0,600.0,222.0,0.0,0.0,0.0,380.0,0.0,0.0,1058.0,148.0,0.0,0.0,62.0,0.0,0.0,185.0,423.0,0.0,0.0,149.0,465.0,150.0
2021-04-26 03:00:00+00:00,0.0,150.0,224.0,261.0,257.0,590.0,243.0,0.0,0.0,79.0,0.0,0.0,26.0,0.0,0.0,0.0,30.0,0.0,0.0,0.0,600.0,191.0,0.0,0.0,0.0,228.0,0.0,0.0,906.0,156.0,0.0,0.0,58.0,0.0,0.0,295.0,367.0,2.0,0.0,217.0,461.0,149.0
2021-04-26 04:00:00+00:00,7.0,456.0,162.0,221.0,307.0,265.0,280.0,0.0,16.0,22.0,0.0,0.0,0.0,0.0,0.0,0.0,0.0,0.0,0.0,0.0,600.0,15.0,0.0,3.0,0.0,118.0,0.0,0.0,516.0,14.0,0.0,0.0,241.0,0.0,94.0,251.0,315.0,2.0,0.0,30.0,464.0,150.0
2021-04-26 05:00:00+00:00,11.0,427.0,132.0,170.0,249.0,216.0,138.0,0.0,129.0,11.0,0.0,0.0,0.0,0.0,0.0,0.0,0.0,0.0,13.0,0.0,600.0,0.0,0.0,29.0,0.0,0.0,0.0,0.0,495.0,0.0,0.0,21.0,195.0,0.0,92.0,255.0,261.0,3.0,0.0,43.0,455.0,150.0
2021-04-26 06:00:00+00:00,0.0,484.0,140.0,172.0,296.0,179.0,0.0,0.0,244.0,89.0,0.0,0.0,0.0,0.0,0.0,0.0,0.0,0.0,43.0,0.0,601.0,0.0,0.0,60.0,0.0,0.0,0.0,25.0,450.0,0.0,19.0,47.0,152.0,0.0,106.0,142.0,252.0,2.0,0.0,0.0,411.0,150.0
2021-04-26 07:00:00+00:00,0.0,347.0,138.0,204.0,338.0,248.0,119.0,0.0,256.0,206.0,0.0,0.0,0.0,0.0,0.0,0.0,0.0,0.0,16.0,0.0,602.0,0.0,0.0,87.0,0.0,26.0,0.0,86.0,345.0,0.0,0.0,0.0,101.0,0.0,75.0,10.0,260.0,2.0,4.0,0.0,328.0,149.0
2021-04-26 08:00:00+00:00,0.0,148.0,96.0,242.0,257.0,253.0,140.0,0.0,47.0,72.0,0.0,0.0,0.0,21.0,0.0,0.0,0.0,0.0,5.0,0.0,602.0,0.0,0.0,87.0,0.0,76.0,0.0,1.0,345.0,0.0,0.0,0.0,7.0,0.0,9.0,51.0,233.0,6.0,0.0,14.0,292.0,149.0
2021-04-26 09:00:00+00:00,0.0,197.0,114.0,250.0,271.0,290.0,199.0,0.0,49.0,109.0,0.0,0.0,0.0,4.0,0.0,0.0,0.0,0.0,0.0,0.0,602.0,0.0,0.0,20.0,0.0,207.0,0.0,28.0,444.0,19.0,0.0,0.0,25.0,0.0,21.0,3.0,196.0,2.0,11.0,0.0,277.0,150.0
2021-04-26 10:00:00+00:00,0.0,203.0,163.0,251.0,315.0,265.0,220.0,0.0,83.0,144.0,0.0,0.0,0.0,0.0,0.0,0.0,0.0,0.0,0.0,0.0,602.0,0.0,0.0,11.0,0.0,172.0,0.0,106.0,455.0,34.0,0.0,0.0,64.0,0.0,33.0,0.0,268.0,3.0,74.0,0.0,283.0,150.0
2021-04-26 11:00:00+00:00,0.0,206.0,191.0,234.0,305.0,265.0,225.0,0.0,120.0,148.0,0.0,0.0,0.0,0.0,0.0,0.0,0.0,0.0,0.0,0.0,602.0,0.0,0.0,13.0,0.0,157.0,0.0,96.0,455.0,66.0,0.0,0.0,78.0,0.0,38.0,0.0,322.0,2.0,67.0,0.0,283.0,150.0
2021-04-26 12:00:00+00:00,0.0,113.0,170.0,208.0,238.0,558.0,193.0,0.0,126.0,131.0,0.0,0.0,0.0,0.0,0.0,0.0,0.0,0.0,0.0,0.0,601.0,0.0,0.0,6.0,0.0,177.0,0.0,30.0,953.0,101.0,0.0,0.0,71.0,0.0,14.0,24.0,299.0,0.0,2.0,6.0,297.0,150.0
2021-04-26 13:00:00+00:00,0.0,188.0,190.0,220.0,260.0,542.0,171.0,0.0,85.0,149.0,0.0,0.0,0.0,0.0,0.0,0.0,0.0,0.0,0.0,0.0,601.0,0.0,0.0,2.0,0.0,239.0,0.0,20.0,916.0,121.0,0.0,0.0,95.0,0.0,31.0,77.0,326.0,0.0,0.0,1.0,346.0,150.0
2021-04-26 14:00:00+00:00,0.0,158.0,238.0,240.0,267.0,313.0,281.0,0.0,22.0,115.0,0.0,0.0,0.0,0.0,0.0,0.0,1.0,0.0,0.0,0.0,601.0,1.0,0.0,0.0,0.0,263.0,0.0,3.0,502.0,62.0,0.0,0.0,108.0,0.0,24.0,151.0,360.0,0.0,0.0,17.0,385.0,150.0
2021-04-26 15:00:00+00:00,0.0,245.0,266.0,262.0,321.0,345.0,306.0,0.0,37.0,159.0,0.0,0.0,0.0,0.0,0.0,0.0,0.0,0.0,0.0,0.0,601.0,1.0,0.0,0.0,0.0,319.0,0.0,35.0,453.0,64.0,0.0,0.0,156.0,0.0,52.0,151.0,408.0,0.0,0.0,0.0,419.0,150.0
2021-04-26 16:00:00+00:00,0.0,275.0,267.0,262.0,329.0,358.0,300.0,0.0,82.0,122.0,0.0,0.0,0.0,0.0,0.0,0.0,0.0,0.0,0.0,0.0,601.0,0.0,0.0,38.0,0.0,260.0,0.0,33.0,453.0,65.0,0.0,0.0,169.0,0.0,63.0,216.0,405.0,0.0,0.0,0.0,428.0,150.0
2021-04-26 17:00:00+00:00,1.0,410.0,275.0,274.0,344.0,323.0,260.0,0.0,85.0,43.0,0.0,0.0,0.0,0.0,0.0,0.0,0.0,0.0,0.0,0.0,601.0,0.0,0.0,8.0,0.0,92.0,0.0,15.0,458.0,75.0,0.0,0.0,203.0,0.0,94.0,299.0,372.0,0.0,0.0,0.0,457.0,150.0
2021-04-26 18:00:00+00:00,1.0,396.0,365.0,343.0,421.0,517.0,156.0,0.0,43.0,27.0,0.0,0.0,0.0,0.0,0.0,0.0,0.0,0.0,0.0,0.0,601.0,0.0,0.0,8.0,0.0,67.0,0.0,87.0,955.0,113.0,0.0,0.0,214.0,0.0,107.0,242.0,451.0,0.0,0.0,0.0,476.0,150.0
2021-04-26 19:00:00+00:00,0.0,480.0,363.0,346.0,434.0,546.0,115.0,0.0,28.0,151.0,0.0,0.0,0.0,0.0,0.0,0.0,0.0,0.0,0.0,0.0,600.0,3.0,0.0,37.0,0.0,190.0,0.0,176.0,1058.0,63.0,0.0,0.0,222.0,0.0,130.0,132.0,468.0,0.0,0.0,0.0,486.0,150.0
2021-04-26 20:00:00+00:00,0.0,332.0,371.0,392.0,449.0,695.0,270.0,0.0,1.0,114.0,0.0,0.0,0.0,0.0,0.0,0.0,0.0,0.0,0.0,0.0,601.0,44.0,0.0,72.0,0.0,345.0,0.0,115.0,1052.0,101.0,0.0,0.0,194.0,0.0,93.0,117.0,509.0,0.0,0.0,0.0,485.0,150.0
2021-04-26 21:00:00+00:00,0.0,338.0,390.0,372.0,413.0,697.0,326.0,0.0,2.0,83.0,0.0,0.0,0.0,0.0,0.0,0.0,0.0,0.0,0.0,0.0,601.0,62.0,0.0,28.0,0.0,500.0,0.0,104.0,1052.0,85.0,0.0,0.0,162.0,0.0,72.0,102.0,502.0,0.0,0.0,0.0,495.0,150.0
2021-04-26 22:00:00+00:00,19.0,314.0,447.0,416.0,388.0,756.0,371.0,0.0,0.0,11.0,0.0,0.0,0.0,0.0,0.0,0.0,30.0,0.0,0.0,0.0,600.0,273.0,0.0,0.0,0.0,577.0,0.0,16.0,1054.0,88.0,0.0,0.0,83.0,0.0,52.0,181.0,563.0,0.0,0.0,0.0,519.0,150.0
2021-04-26 23:00:00+00:00,33.0,430.0,452.0,394.0,363.0,752.0,339.0,0.0,0.0,2.0,0.0,0.0,0.0,0.0,0.0,0.0,25.0,0.0,0.0,0.0,601.0,322.0,0.0,0.0,0.0,572.0,0.0,18.0,1055.0,97.0,0.0,0.0,84.0,0.0,60.0,180.0,554.0,0.0,0.0,2.0,528.0,150.0
2021-04-27 00:00:00+00:00,21.0,498.0,445.0,384.0,380.0,697.0,312.0,0.0,0.0,4.0,0.0,0.0,0.0,0.0,0.0,0.0,21.0,0.0,0.0,0.0,600.0,310.0,0.0,0.0,0.0,597.0,0.0,57.0,1054.0,100.0,0.0,0.0,135.0,0.0,93.0,128.0,578.0,0.0,0.0,0.0,518.0,150.0
2021-04-27 01:00:00+00:00,29.0,433.0,446.0,371.0,367.0,701.0,318.0,0.0,0.0,2.0,0.0,0.0,0.0,0.0,0.0,0.0,21.0,0.0,0.0,0.0,601.0,308.0,0.0,0.0,0.0,598.0,0.0,28.0,1054.0,100.0,0.0,0.0,124.0,0.0,79.0,143.0,567.0,0.0,0.0,0.0,503.0,150.0
2021-04-27 02:00:00+00:00,38.0,477.0,403.0,352.0,346.0,685.0,374.0,0.0,0.0,1.0,0.0,0.0,0.0,0.0,0.0,0.0,22.0,0.0,0.0,0.0,599.0,310.0,0.0,0.0,0.0,600.0,0.0,18.0,1054.0,106.0,0.0,0.0,155.0,0.0,90.0,171.0,558.0,0.0,0.0,0.0,481.0,150.0
2021-04-27 03:00:00+00:00,44.0,431.0,389.0,340.0,331.0,625.0,228.0,0.0,0.0,1.0,0.0,0.0,0.0,0.0,0.0,0.0,14.0,0.0,0.0,0.0,590.0,299.0,0.0,0.0,0.0,523.0,0.0,8.0,994.0,91.0,0.0,0.0,190.0,0.0,102.0,200.0,527.0,0.0,0.0,7.0,462.0,150.0
2021-04-27 04:00:00+00:00,52.0,599.0,363.0,305.0,334.0,349.0,357.0,0.0,0.0,1.0,0.0,0.0,0.0,0.0,0.0,0.0,0.0,0.0,0.0,0.0,600.0,188.0,0.0,39.0,0.0,363.0,0.0,54.0,611.0,67.0,0.0,0.0,250.0,0.0,149.0,179.0,506.0,0.0,0.0,0.0,484.0,150.0
2021-04-27 05:00:00+00:00,37.0,718.0,295.0,250.0,313.0,302.0,233.0,0.0,10.0,5.0,0.0,0.0,0.0,0.0,0.0,0.0,0.0,0.0,0.0,0.0,601.0,26.0,0.0,60.0,0.0,84.0,0.0,71.0,593.0,36.0,0.0,0.0,253.0,0.0,162.0,148.0,429.0,0.0,0.0,0.0,471.0,150.0
2021-04-27 06:00:00+00:00,84.0,593.0,274.0,245.0,269.0,288.0,166.0,0.0,4.0,0.0,0.0,0.0,0.0,0.0,0.0,0.0,0.0,0.0,0.0,0.0,599.0,14.0,0.0,68.0,0.0,40.0,0.0,0.0,547.0,31.0,0.0,0.0,125.0,0.0,115.0,241.0,408.0,0.0,0.0,58.0,435.0,150.0
2021-04-27 07:00:00+00:00,70.0,423.0,273.0,246.0,220.0,289.0,210.0,0.0,1.0,0.0,0.0,0.0,0.0,16.0,0.0,0.0,0.0,0.0,0.0,0.0,537.0,51.0,0.0,81.0,0.0,104.0,0.0,0.0,448.0,30.0,0.0,0.0,16.0,0.0,68.0,196.0,398.0,0.0,0.0,100.0,339.0,150.0
2021-04-27 08:00:00+00:00,78.0,267.0,334.0,247.0,203.0,271.0,186.0,0.0,0.0,0.0,0.0,0.0,0.0,58.0,0.0,0.0,0.0,0.0,0.0,0.0,470.0,81.0,0.0,92.0,0.0,97.0,0.0,0.0,447.0,38.0,0.0,0.0,0.0,0.0,29.0,209.0,387.0,0.0,0.0,198.0,293.0,150.0
2021-04-27 09:00:00+00:00,1.0,386.0,295.0,263.0,286.0,391.0,311.0,0.0,6.0,34.0,0.0,0.0,0.0,10.0,0.0,0.0,0.0,0.0,0.0,0.0,444.0,16.0,0.0,108.0,0.0,127.0,0.0,0.0,548.0,47.0,0.0,0.0,18.0,0.0,63.0,97.0,399.0,0.0,0.0,120.0,262.0,150.0
2021-04-27 10:00:00+00:00,0.0,463.0,264.0,236.0,263.0,383.0,315.0,0.0,35.0,75.0,0.0,0.0,0.0,2.0,0.0,0.0,0.0,0.0,0.0,0.0,471.0,1.0,0.0,130.0,0.0,232.0,0.0,0.0,555.0,51.0,0.0,0.0,41.0,0.0,80.0,63.0,368.0,0.0,0.0,65.0,267.0,150.0
2021-04-27 11:00:00+00:00,0.0,359.0,166.0,198.0,222.0,375.0,309.0,0.0,93.0,86.0,0.0,0.0,0.0,13.0,0.0,0.0,0.0,0.0,0.0,0.0,520.0,0.0,0.0,139.0,0.0,235.0,0.0,0.0,553.0,53.0,0.0,0.0,9.0,0.0,60.0,60.0,281.0,1.0,0.0,49.0,275.0,149.0
2021-04-27 12:00:00+00:00,0.0,330.0,121.0,205.0,249.0,533.0,277.0,0.0,130.0,121.0,0.0,0.0,0.0,1.0,0.0,0.0,0.0,0.0,0.0,0.0,560.0,0.0,0.0,143.0,0.0,233.0,0.0,5.0,983.0,60.0,0.0,0.0,42.0,0.0,69.0,29.0,269.0,2.0,0.0,6.0,293.0,150.0
2021-04-27 13:00:00+00:00,0.0,376.0,116.0,186.0,270.0,571.0,286.0,0.0,177.0,173.0,0.0,0.0,0.0,0.0,0.0,0.0,0.0,0.0,0.0,0.0,588.0,0.0,0.0,137.0,0.0,243.0,0.0,7.0,1008.0,62.0,0.0,0.0,60.0,0.0,76.0,35.0,291.0,2.0,0.0,2.0,305.0,150.0
2021-04-27 14:00:00+00:00,0.0,425.0,170.0,189.0,293.0,427.0,357.0,0.0,145.0,139.0,0.0,0.0,0.0,0.0,0.0,0.0,0.0,0.0,0.0,0.0,592.0,0.0,0.0,113.0,0.0,276.0,0.0,9.0,612.0,52.0,0.0,0.0,101.0,0.0,94.0,83.0,298.0,0.0,0.0,11.0,361.0,150.0
2021-04-27 15:00:00+00:00,0.0,485.0,249.0,234.0,328.0,445.0,384.0,0.0,73.0,87.0,0.0,0.0,0.0,0.0,0.0,0.0,0.0,0.0,0.0,0.0,582.0,0.0,0.0,85.0,0.0,297.0,0.0,5.0,553.0,52.0,0.0,0.0,155.0,0.0,111.0,143.0,344.0,0.0,0.0,1.0,394.0,150.0
2021-04-27 16:00:00+00:00,0.0,619.0,199.0,238.0,383.0,472.0,387.0,0.0,150.0,108.0,0.0,0.0,0.0,0.0,0.0,0.0,0.0,0.0,0.0,0.0,562.0,0.0,0.0,50.0,0.0,300.0,0.0,87.0,553.0,53.0,0.0,0.0,223.0,0.0,143.0,125.0,351.0,2.0,0.0,0.0,409.0,150.0
2021-04-27 17:00:00+00:00,0.0,816.0,206.0,247.0,420.0,406.0,375.0,0.0,222.0,72.0,0.0,0.0,0.0,0.0,0.0,0.0,0.0,0.0,0.0,0.0,590.0,0.0,0.0,27.0,0.0,203.0,0.0,114.0,555.0,55.0,0.0,0.0,280.0,0.0,183.0,171.0,345.0,0.0,0.0,0.0,428.0,150.0
2021-04-27 18:00:00+00:00,0.0,850.0,233.0,290.0,471.0,626.0,266.0,0.0,183.0,91.0,0.0,0.0,0.0,0.0,0.0,0.0,0.0,0.0,0.0,0.0,600.0,0.0,0.0,28.0,0.0,166.0,0.0,156.0,979.0,73.0,0.0,0.0,275.0,0.0,192.0,161.0,391.0,0.0,0.0,0.0,462.0,150.0
2021-04-27 19:00:00+00:00,0.0,720.0,245.0,297.0,481.0,718.0,320.0,0.0,187.0,239.0,0.0,0.0,0.0,0.0,0.0,0.0,0.0,0.0,0.0,0.0,601.0,0.0,0.0,56.0,0.0,297.0,0.0,160.0,1058.0,69.0,0.0,0.0,211.0,0.0,157.0,128.0,364.0,1.0,0.0,0.0,484.0,150.0
2021-04-27 20:00:00+00:00,0.0,449.0,302.0,329.0,439.0,752.0,365.0,0.0,42.0,168.0,0.0,0.0,0.0,0.0,0.0,0.0,0.0,0.0,0.0,0.0,601.0,0.0,0.0,91.0,0.0,349.0,0.0,24.0,1050.0,56.0,0.0,0.0,109.0,0.0,81.0,216.0,465.0,0.0,0.0,3.0,491.0,150.0
2021-04-27 21:00:00+00:00,0.0,612.0,343.0,330.0,450.0,782.0,321.0,0.0,33.0,163.0,0.0,0.0,0.0,0.0,0.0,0.0,0.0,0.0,0.0,0.0,601.0,2.0,0.0,117.0,0.0,449.0,0.0,79.0,1040.0,46.0,0.0,0.0,143.0,0.0,97.0,144.0,443.0,0.0,0.0,0.0,514.0,150.0
2021-04-27 22:00:00+00:00,0.0,537.0,354.0,331.0,423.0,778.0,346.0,0.0,2.0,164.0,0.0,0.0,0.0,0.0,0.0,0.0,0.0,0.0,0.0,0.0,600.0,67.0,0.0,134.0,0.0,528.0,0.0,138.0,1053.0,49.0,0.0,0.0,146.0,0.0,85.0,54.0,490.0,0.0,0.0,0.0,505.0,150.0
2021-04-27 23:00:00+00:00,0.0,630.0,375.0,336.0,410.0,759.0,343.0,0.0,0.0,124.0,0.0,0.0,0.0,0.0,0.0,0.0,0.0,0.0,0.0,0.0,601.0,153.0,0.0,141.0,0.0,530.0,0.0,115.0,1053.0,49.0,0.0,0.0,130.0,0.0,75.0,59.0,502.0,0.0,0.0,0.0,500.0,150.0
2021-04-28 00:00:00+00:00,0.0,690.0,372.0,339.0,402.0,752.0,332.0,0.0,0.0,110.0,0.0,0.0,0.0,0.0,0.0,0.0,0.0,0.0,0.0,0.0,601.0,187.0,0.0,145.0,0.0,555.0,0.0,94.0,1052.0,48.0,0.0,0.0,171.0,0.0,75.0,72.0,516.0,0.0,0.0,0.0,495.0,150.0
2021-04-28 01:00:00+00:00,0.0,654.0,379.0,330.0,399.0,762.0,324.0,0.0,0.0,127.0,0.0,0.0,0.0,0.0,0.0,0.0,0.0,0.0,0.0,0.0,601.0,168.0,0.0,146.0,0.0,586.0,0.0,88.0,1052.0,51.0,0.0,0.0,164.0,0.0,60.0,73.0,508.0,0.0,0.0,0.0,489.0,150.0
2021-04-28 02:00:00+00:00,0.0,676.0,370.0,329.0,385.0,747.0,348.0,0.0,0.0,110.0,0.0,0.0,0.0,0.0,0.0,0.0,0.0,0.0,0.0,0.0,601.0,202.0,0.0,139.0,0.0,609.0,0.0,102.0,1072.0,54.0,0.0,0.0,194.0,0.0,67.0,67.0,535.0,0.0,0.0,0.0,481.0,150.0
2021-04-28 03:00:00+00:00,0.0,719.0,388.0,335.0,438.0,714.0,326.0,0.0,0.0,162.0,0.0,0.0,0.0,0.0,0.0,0.0,0.0,0.0,0.0,0.0,601.0,164.0,0.0,121.0,0.0,456.0,0.0,125.0,1051.0,63.0,0.0,0.0,257.0,0.0,94.0,77.0,519.0,0.0,0.0,0.0,475.0,150.0
2021-04-28 04:00:00+00:00,0.0,792.0,349.0,302.0,423.0,374.0,409.0,0.0,0.0,65.0,0.0,0.0,0.0,0.0,0.0,0.0,0.0,0.0,0.0,0.0,599.0,78.0,0.0,90.0,0.0,405.0,0.0,194.0,702.0,44.0,0.0,0.0,358.0,0.0,161.0,27.0,465.0,0.0,0.0,0.0,473.0,150.0
2021-04-28 05:00:00+00:00,0.0,865.0,235.0,246.0,446.0,354.0,347.0,0.0,137.0,154.0,0.0,0.0,0.0,0.0,0.0,0.0,0.0,0.0,0.0,0.0,558.0,0.0,0.0,60.0,0.0,174.0,0.0,247.0,694.0,42.0,0.0,0.0,418.0,0.0,211.0,0.0,359.0,0.0,38.0,0.0,441.0,150.0
2021-04-28 06:00:00+00:00,0.0,775.0,234.0,235.0,431.0,416.0,359.0,0.0,192.0,159.0,0.0,0.0,0.0,0.0,0.0,0.0,0.0,0.0,0.0,0.0,599.0,0.0,0.0,68.0,0.0,180.0,0.0,153.0,651.0,48.0,0.0,0.0,342.0,0.0,180.0,7.0,343.0,0.0,3.0,0.0,394.0,150.0
2021-04-28 07:00:00+00:00,0.0,447.0,307.0,262.0,363.0,403.0,400.0,0.0,63.0,83.0,0.0,0.0,0.0,0.0,0.0,0.0,0.0,0.0,0.0,0.0,601.0,0.0,0.0,75.0,0.0,153.0,0.0,75.0,560.0,52.0,0.0,0.0,226.0,0.0,99.0,13.0,431.0,0.0,9.0,0.0,310.0,150.0
2021-04-28 08:00:00+00:00,0.0,372.0,283.0,262.0,358.0,422.0,404.0,0.0,80.0,96.0,0.0,0.0,0.0,0.0,0.0,0.0,0.0,0.0,0.0,0.0,600.0,0.0,0.0,92.0,0.0,236.0,0.0,0.0,560.0,47.0,0.0,0.0,157.0,0.0,59.0,44.0,406.0,0.0,0.0,4.0,291.0,150.0
2021-04-28 09:00:00+00:00,0.0,494.0,305.0,272.0,368.0,424.0,383.0,0.0,70.0,140.0,0.0,0.0,0.0,0.0,0.0,0.0,0.0,0.0,0.0,0.0,574.0,0.0,0.0,116.0,0.0,179.0,0.0,55.0,651.0,41.0,0.0,0.0,158.0,0.0,66.0,0.0,411.0,0.0,22.0,0.0,299.0,150.0
2021-04-28 10:00:00+00:00,0.0,510.0,290.0,259.0,354.0,394.0,389.0,0.0,73.0,214.0,0.0,0.0,0.0,0.0,0.0,0.0,0.0,0.0,0.0,0.0,479.0,0.0,0.0,126.0,0.0,174.0,0.0,108.0,656.0,50.0,0.0,0.0,170.0,0.0,57.0,0.0,375.0,0.0,70.0,0.0,302.0,150.0
2021-04-28 11:00:00+00:00,0.0,424.0,232.0,224.0,321.0,379.0,386.0,0.0,103.0,221.0,0.0,0.0,0.0,0.0,0.0,0.0,0.0,0.0,0.0,0.0,485.0,0.0,0.0,133.0,0.0,161.0,0.0,86.0,655.0,55.0,0.0,0.0,128.0,0.0,26.0,0.0,350.0,0.0,41.0,0.0,309.0,150.0
2021-04-28 12:00:00+00:00,0.0,307.0,199.0,228.0,300.0,526.0,325.0,0.0,132.0,221.0,0.0,0.0,0.0,0.0,0.0,0.0,0.0,0.0,0.0,0.0,487.0,0.0,0.0,130.0,0.0,239.0,0.0,68.0,1008.0,68.0,0.0,0.0,111.0,0.0,9.0,6.0,339.0,0.0,5.0,0.0,322.0,150.0
2021-04-28 13:00:00+00:00,0.0,390.0,212.0,222.0,294.0,545.0,327.0,0.0,149.0,243.0,0.0,0.0,0.0,0.0,0.0,0.0,0.0,0.0,0.0,0.0,523.0,0.0,0.0,115.0,0.0,257.0,0.0,61.0,1054.0,68.0,0.0,0.0,106.0,0.0,13.0,24.0,357.0,0.0,0.0,0.0,339.0,150.0
2021-04-28 14:00:00+00:00,0.0,457.0,249.0,264.0,349.0,366.0,335.0,0.0,66.0,202.0,0.0,0.0,0.0,0.0,0.0,0.0,0.0,0.0,0.0,0.0,472.0,0.0,0.0,97.0,0.0,210.0,0.0,115.0,702.0,57.0,0.0,0.0,131.0,0.0,37.0,9.0,437.0,0.0,11.0,0.0,379.0,150.0
2021-04-28 15:00:00+00:00,0.0,449.0,290.0,278.0,361.0,352.0,364.0,0.0,55.0,136.0,0.0,0.0,0.0,0.0,0.0,0.0,0.0,0.0,0.0,0.0,597.0,0.0,0.0,84.0,0.0,184.0,0.0,100.0,655.0,51.0,0.0,0.0,128.0,0.0,47.0,66.0,450.0,0.0,0.0,0.0,411.0,150.0
2021-04-28 16:00:00+00:00,0.0,446.0,317.0,297.0,359.0,389.0,347.0,0.0,22.0,101.0,0.0,0.0,0.0,0.0,0.0,0.0,0.0,0.0,0.0,0.0,601.0,3.0,0.0,51.0,0.0,210.0,0.0,56.0,655.0,50.0,0.0,0.0,162.0,0.0,71.0,179.0,424.0,0.0,0.0,0.0,430.0,150.0
2021-04-28 17:00:00+00:00,0.0,519.0,283.0,264.0,353.0,355.0,342.0,0.0,117.0,87.0,0.0,0.0,0.0,0.0,0.0,0.0,0.0,0.0,0.0,0.0,601.0,0.0,0.0,31.0,0.0,91.0,0.0,39.0,656.0,49.0,0.0,0.0,191.0,0.0,102.0,236.0,311.0,0.0,0.0,0.0,421.0,150.0
2021-04-28 18:00:00+00:00,0.0,480.0,261.0,305.0,365.0,643.0,256.0,0.0,59.0,69.0,0.0,0.0,0.0,0.0,0.0,0.0,0.0,0.0,0.0,0.0,600.0,0.0,0.0,29.0,0.0,61.0,0.0,19.0,1001.0,59.0,0.0,0.0,144.0,0.0,87.0,274.0,403.0,0.0,0.0,0.0,441.0,150.0
2021-04-28 19:00:00+00:00,0.0,433.0,335.0,309.0,342.0,752.0,346.0,0.0,10.0,102.0,0.0,0.0,0.0,0.0,0.0,0.0,0.0,0.0,0.0,0.0,585.0,24.0,0.0,62.0,0.0,192.0,0.0,34.0,1059.0,53.0,0.0,0.0,145.0,0.0,82.0,225.0,442.0,0.0,0.0,0.0,458.0,150.0
2021-04-28 20:00:00+00:00,0.0,283.0,318.0,333.0,329.0,767.0,381.0,0.0,0.0,94.0,0.0,0.0,0.0,0.0,0.0,0.0,0.0,0.0,0.0,0.0,554.0,92.0,0.0,91.0,0.0,267.0,0.0,0.0,1039.0,47.0,0.0,0.0,87.0,0.0,36.0,293.0,458.0,0.0,0.0,82.0,460.0,150.0
2021-04-28 21:00:00+00:00,0.0,314.0,314.0,346.0,345.0,754.0,352.0,0.0,0.0,91.0,0.0,0.0,0.0,3.0,0.0,0.0,0.0,0.0,0.0,0.0,555.0,125.0,0.0,119.0,0.0,284.0,0.0,0.0,1053.0,42.0,0.0,0.0,36.0,0.0,33.0,254.0,466.0,0.0,0.0,51.0,496.0,150.0
2021-04-28 22:00:00+00:00,0.0,386.0,308.0,315.0,305.0,752.0,344.0,0.0,0.0,136.0,0.0,0.0,0.0,1.0,0.0,0.0,0.0,0.0,0.0,0.0,599.0,155.0,0.0,135.0,0.0,409.0,0.0,0.0,1056.0,40.0,0.0,0.0,32.0,0.0,41.0,239.0,446.0,0.0,0.0,58.0,493.0,150.0
2021-04-28 23:00:00+00:00,0.0,451.0,345.0,300.0,241.0,752.0,331.0,0.0,0.0,64.0,0.0,0.0,0.0,2.0,0.0,0.0,0.0,0.0,0.0,0.0,601.0,271.0,0.0,142.0,0.0,511.0,0.0,0.0,1056.0,42.0,0.0,0.0,39.0,0.0,46.0,241.0,458.0,0.0,0.0,78.0,493.0,150.0
2021-04-29 00:00:00+00:00,0.0,462.0,357.0,304.0,244.0,725.0,333.0,0.0,0.0,53.0,0.0,0.0,0.0,0.0,0.0,0.0,0.0,0.0,0.0,0.0,600.0,301.0,0.0,72.0,0.0,550.0,0.0,0.0,1056.0,42.0,0.0,0.0,72.0,0.0,45.0,202.0,485.0,0.0,0.0,57.0,479.0,150.0
2021-04-29 01:00:00+00:00,11.0,408.0,375.0,300.0,204.0,729.0,328.0,0.0,0.0,6.0,0.0,0.0,0.0,0.0,0.0,0.0,0.0,0.0,0.0,0.0,601.0,346.0,0.0,146.0,0.0,577.0,0.0,0.0,1056.0,45.0,0.0,0.0,65.0,0.0,30.0,234.0,475.0,0.0,0.0,97.0,465.0,150.0
2021-04-29 02:00:00+00:00,12.0,449.0,366.0,311.0,218.0,694.0,313.0,0.0,0.0,12.0,0.0,0.0,0.0,0.0,0.0,0.0,0.0,0.0,0.0,0.0,600.0,347.0,0.0,141.0,0.0,548.0,0.0,0.0,1055.0,50.0,0.0,0.0,90.0,0.0,39.0,271.0,495.0,0.0,0.0,107.0,454.0,150.0
2021-04-29 03:00:00+00:00,10.0,385.0,319.0,299.0,209.0,610.0,260.0,0.0,0.0,16.0,0.0,0.0,0.0,0.0,0.0,0.0,0.0,0.0,0.0,0.0,601.0,334.0,0.0,123.0,0.0,517.0,0.0,0.0,998.0,55.0,0.0,0.0,93.0,0.0,38.0,333.0,470.0,0.0,0.0,151.0,432.0,150.0
2021-04-29 04:00:00+00:00,103.0,527.0,279.0,250.0,247.0,258.0,286.0,0.0,0.0,0.0,0.0,0.0,0.0,0.0,0.0,0.0,0.0,0.0,0.0,0.0,600.0,153.0,0.0,88.0,0.0,372.0,0.0,54.0,612.0,34.0,0.0,0.0,287.0,0.0,121.0,167.0,421.0,0.0,0.0,0.0,452.0,150.0
2021-04-29 05:00:00+00:00,15.0,697.0,170.0,214.0,319.0,288.0,266.0,0.0,68.0,8.0,0.0,0.0,0.0,0.0,0.0,0.0,0.0,0.0,0.0,0.0,600.0,1.0,0.0,60.0,0.0,88.0,0.0,84.0,595.0,30.0,0.0,0.0,319.0,0.0,153.0,188.0,307.0,1.0,0.0,0.0,502.0,150.0
2021-04-29 06:00:00+00:00,8.0,699.0,167.0,217.0,348.0,156.0,64.0,0.0,92.0,18.0,0.0,0.0,0.0,0.0,0.0,0.0,0.0,0.0,0.0,0.0,568.0,0.0,0.0,60.0,0.0,20.0,0.0,19.0,551.0,17.0,0.0,0.0,296.0,0.0,77.0,240.0,304.0,2.0,0.0,2.0,486.0,150.0
2021-04-29 07:00:00+00:00,33.0,544.0,230.0,236.0,307.0,382.0,315.0,0.0,13.0,1.0,0.0,0.0,0.0,0.0,0.0,0.0,0.0,0.0,0.0,0.0,601.0,11.0,0.0,53.0,0.0,42.0,0.0,8.0,447.0,44.0,0.0,0.0,242.0,0.0,11.0,214.0,369.0,0.0,0.0,5.0,448.0,149.0
2021-04-29 08:00:00+00:00,3.0,453.0,228.0,271.0,377.0,396.0,368.0,0.0,5.0,32.0,0.0,0.0,0.0,0.0,0.0,0.0,0.0,0.0,0.0,0.0,602.0,18.0,0.0,102.0,0.0,96.0,0.0,0.0,448.0,54.0,0.0,0.0,196.0,0.0,14.0,251.0,364.0,0.0,0.0,54.0,446.0,150.0
2021-04-29 09:00:00+00:00,1.0,417.0,209.0,299.0,388.0,452.0,423.0,0.0,2.0,34.0,0.0,0.0,0.0,0.0,0.0,0.0,0.0,0.0,0.0,0.0,602.0,30.0,0.0,119.0,0.0,72.0,0.0,48.0,548.0,58.0,0.0,0.0,167.0,0.0,17.0,143.0,369.0,1.0,0.0,0.0,447.0,150.0
2021-04-29 10:00:00+00:00,1.0,457.0,220.0,294.0,373.0,435.0,391.0,0.0,1.0,32.0,0.0,0.0,0.0,0.0,0.0,0.0,0.0,0.0,0.0,0.0,602.0,39.0,0.0,146.0,0.0,123.0,0.0,76.0,554.0,65.0,0.0,0.0,170.0,0.0,19.0,106.0,356.0,0.0,0.0,0.0,432.0,150.0
2021-04-29 11:00:00+00:00,0.0,500.0,164.0,268.0,385.0,385.0,397.0,0.0,41.0,82.0,0.0,0.0,0.0,0.0,0.0,0.0,0.0,0.0,0.0,0.0,602.0,0.0,0.0,161.0,0.0,160.0,0.0,145.0,555.0,55.0,0.0,0.0,212.0,0.0,23.0,58.0,331.0,0.0,0.0,0.0,441.0,149.0
2021-04-29 12:00:00+00:00,0.0,412.0,151.0,272.0,362.0,541.0,364.0,0.0,42.0,75.0,0.0,0.0,0.0,0.0,0.0,0.0,0.0,0.0,0.0,0.0,601.0,0.0,0.0,157.0,0.0,239.0,0.0,108.0,982.0,68.0,0.0,0.0,190.0,0.0,25.0,94.0,330.0,1.0,0.0,0.0,433.0,149.0
2021-04-29 13:00:00+00:00,0.0,564.0,194.0,278.0,392.0,541.0,371.0,0.0,36.0,68.0,0.0,0.0,0.0,0.0,0.0,0.0,0.0,0.0,0.0,0.0,601.0,0.0,0.0,146.0,0.0,201.0,0.0,93.0,1005.0,66.0,0.0,0.0,170.0,0.0,22.0,127.0,342.0,4.0,0.0,0.0,454.0,150.0
2021-04-29 14:00:00+00:00,20.0,464.0,208.0,285.0,367.0,385.0,343.0,0.0,0.0,3.0,0.0,0.0,0.0,0.0,0.0,0.0,0.0,0.0,0.0,0.0,601.0,58.0,0.0,122.0,0.0,275.0,0.0,28.0,614.0,89.0,0.0,0.0,93.0,0.0,200.0,191.0,372.0,0.0,0.0,0.0,455.0,149.0
2021-04-29 15:00:00+00:00,110.0,470.0,252.0,302.0,320.0,419.0,374.0,0.0,0.0,0.0,0.0,0.0,0.0,0.0,0.0,0.0,0.0,0.0,0.0,0.0,601.0,159.0,0.0,93.0,0.0,338.0,0.0,0.0,554.0,105.0,0.0,0.0,87.0,0.0,215.0,245.0,404.0,0.0,0.0,9.0,464.0,150.0
2021-04-29 16:00:00+00:00,133.0,466.0,286.0,325.0,349.0,406.0,402.0,0.0,0.0,0.0,0.0,0.0,0.0,0.0,0.0,0.0,0.0,0.0,0.0,0.0,601.0,159.0,0.0,54.0,0.0,312.0,0.0,10.0,555.0,97.0,0.0,0.0,108.0,0.0,214.0,260.0,420.0,0.0,0.0,8.0,460.0,150.0
2021-04-29 17:00:00+00:00,117.0,629.0,234.0,322.0,394.0,385.0,402.0,0.0,1.0,0.0,0.0,0.0,0.0,0.0,0.0,0.0,0.0,0.0,0.0,0.0,601.0,50.0,0.0,33.0,0.0,176.0,0.0,38.0,555.0,107.0,0.0,0.0,173.0,0.0,246.0,257.0,329.0,1.0,0.0,0.0,443.0,150.0
2021-04-29 18:00:00+00:00,111.0,578.0,251.0,359.0,410.0,568.0,340.0,0.0,0.0,0.0,0.0,0.0,0.0,0.0,0.0,0.0,0.0,0.0,0.0,0.0,601.0,85.0,0.0,30.0,0.0,80.0,0.0,68.0,985.0,97.0,0.0,0.0,106.0,0.0,220.0,238.0,363.0,0.0,0.0,0.0,453.0,149.0
2021-04-29 19:00:00+00:00,103.0,536.0,362.0,370.0,393.0,690.0,393.0,0.0,0.0,0.0,0.0,0.0,0.0,0.0,0.0,0.0,0.0,0.0,0.0,0.0,601.0,155.0,0.0,59.0,0.0,181.0,0.0,83.0,1055.0,132.0,0.0,0.0,77.0,0.0,223.0,193.0,443.0,0.0,0.0,0.0,474.0,150.0
2021-04-29 20:00:00+00:00,49.0,415.0,342.0,375.0,410.0,664.0,387.0,0.0,0.0,0.0,0.0,0.0,0.0,1.0,0.0,0.0,0.0,0.0,0.0,0.0,601.0,155.0,0.0,89.0,0.0,267.0,0.0,0.0,1054.0,95.0,0.0,0.0,49.0,0.0,182.0,238.0,480.0,0.0,0.0,24.0,465.0,150.0
2021-04-29 21:00:00+00:00,60.0,374.0,374.0,339.0,387.0,690.0,320.0,0.0,0.0,0.0,0.0,0.0,0.0,2.0,0.0,0.0,0.0,0.0,0.0,0.0,589.0,130.0,0.0,115.0,0.0,313.0,0.0,0.0,1056.0,67.0,0.0,0.0,45.0,0.0,183.0,260.0,423.0,0.0,0.0,76.0,472.0,150.0
2021-04-29 22:00:00+00:00,186.0,408.0,242.0,247.0,211.0,793.0,437.0,0.0,0.0,0.0,0.0,0.0,0.0,1.0,0.0,0.0,0.0,0.0,0.0,0.0,241.0,229.0,0.0,132.0,0.0,369.0,0.0,0.0,1055.0,117.0,0.0,0.0,26.0,0.0,165.0,279.0,378.0,0.0,0.0,133.0,459.0,150.0
2021-04-29 23:00:00+00:00,184.0,448.0,238.0,230.0,197.0,794.0,436.0,0.0,0.0,0.0,0.0,0.0,0.0,0.0,0.0,0.0,0.0,0.0,0.0,0.0,224.0,270.0,0.0,141.0,0.0,359.0,0.0,0.0,1055.0,142.0,0.0,0.0,46.0,0.0,193.0,263.0,357.0,0.0,0.0,128.0,467.0,150.0
2021-04-30 00:00:00+00:00,122.0,491.0,191.0,226.0,231.0,776.0,443.0,0.0,0.0,0.0,0.0,0.0,0.0,0.0,0.0,0.0,0.0,0.0,0.0,0.0,290.0,216.0,0.0,146.0,0.0,370.0,0.0,0.0,1055.0,142.0,0.0,0.0,80.0,0.0,219.0,226.0,351.0,0.0,0.0,97.0,460.0,150.0
2021-04-30 01:00:00+00:00,103.0,446.0,213.0,218.0,218.0,720.0,418.0,0.0,0.0,0.0,0.0,0.0,0.0,0.0,0.0,0.0,0.0,0.0,0.0,0.0,320.0,204.0,0.0,146.0,0.0,350.0,0.0,0.0,1055.0,146.0,0.0,0.0,61.0,0.0,201.0,200.0,330.0,0.0,0.0,94.0,435.0,151.0
2021-04-30 02:00:00+00:00,81.0,491.0,182.0,198.0,213.0,679.0,383.0,0.0,0.0,0.0,0.0,0.0,0.0,0.0,0.0,0.0,0.0,0.0,0.0,0.0,330.0,183.0,0.0,140.0,0.0,302.0,0.0,0.0,1054.0,151.0,0.0,0.0,64.0,0.0,227.0,203.0,321.0,0.0,0.0,68.0,426.0,151.0
2021-04-30 03:00:00+00:00,2.0,604.0,240.0,277.0,381.0,626.0,368.0,0.0,0.0,28.0,0.0,0.0,0.0,0.0,0.0,0.0,0.0,0.0,0.0,0.0,592.0,202.0,0.0,123.0,0.0,247.0,0.0,65.0,996.0,166.0,0.0,0.0,159.0,0.0,314.0,118.0,324.0,0.0,0.0,0.0,431.0,151.0
2021-04-30 04:00:00+00:00,0.0,958.0,114.0,212.0,350.0,282.0,341.0,0.0,0.0,69.0,0.0,0.0,0.0,0.0,0.0,0.0,0.0,0.0,0.0,0.0,600.0,87.0,0.0,92.0,0.0,6.0,0.0,321.0,614.0,72.0,0.0,0.0,363.0,0.0,471.0,0.0,260.0,5.0,96.0,0.0,456.0,151.0
2021-04-30 05:00:00+00:00,0.0,1043.0,82.0,200.0,358.0,168.0,87.0,0.0,5.0,63.0,0.0,0.0,0.0,0.0,0.0,0.0,0.0,0.0,20.0,0.0,600.0,19.0,0.0,66.0,0.0,0.0,0.0,319.0,595.0,0.0,0.0,162.0,393.0,0.0,492.0,0.0,206.0,10.0,75.0,0.0,472.0,150.0
2021-04-30 06:00:00+00:00,0.0,1052.0,76.0,199.0,381.0,170.0,29.0,0.0,50.0,44.0,0.0,0.0,0.0,0.0,0.0,0.0,0.0,0.0,20.0,0.0,601.0,0.0,0.0,70.0,0.0,0.0,0.0,335.0,553.0,0.0,0.0,158.0,358.0,0.0,466.0,0.0,205.0,6.0,106.0,0.0,457.0,150.0
2021-04-30 07:00:00+00:00,0.0,986.0,130.0,190.0,397.0,297.0,266.0,0.0,133.0,174.0,0.0,0.0,0.0,0.0,0.0,0.0,0.0,0.0,0.0,0.0,602.0,0.0,0.0,79.0,0.0,0.0,0.0,328.0,448.0,67.0,0.0,160.0,249.0,0.0,419.0,0.0,238.0,2.0,120.0,0.0,437.0,150.0
2021-04-30 08:00:00+00:00,0.0,959.0,134.0,194.0,425.0,426.0,436.0,0.0,181.0,212.0,0.0,0.0,0.0,0.0,0.0,0.0,0.0,0.0,0.0,0.0,595.0,0.0,0.0,86.0,0.0,0.0,0.0,350.0,448.0,124.0,0.0,72.0,216.0,0.0,425.0,0.0,225.0,2.0,138.0,0.0,428.0,150.0
2021-04-30 09:00:00+00:00,0.0,924.0,106.0,206.0,447.0,451.0,495.0,0.0,181.0,262.0,0.0,0.0,0.0,0.0,0.0,0.0,0.0,0.0,0.0,0.0,582.0,0.0,0.0,84.0,0.0,33.0,0.0,329.0,547.0,124.0,0.0,0.0,178.0,0.0,424.0,0.0,251.0,6.0,125.0,0.0,416.0,150.0
2021-04-30 10:00:00+00:00,0.0,938.0,109.0,199.0,444.0,445.0,500.0,0.0,197.0,285.0,0.0,0.0,0.0,0.0,0.0,0.0,0.0,0.0,0.0,0.0,600.0,0.0,0.0,82.0,0.0,115.0,0.0,342.0,553.0,155.0,0.0,0.0,169.0,0.0,414.0,0.0,226.0,2.0,145.0,0.0,412.0,150.0
2021-04-30 11:00:00+00:00,0.0,954.0,86.0,202.0,446.0,427.0,496.0,0.0,186.0,307.0,0.0,0.0,0.0,0.0,0.0,0.0,0.0,0.0,0.0,0.0,567.0,0.0,0.0,81.0,0.0,172.0,0.0,333.0,554.0,163.0,0.0,0.0,137.0,0.0,400.0,0.0,207.0,8.0,149.0,0.0,394.0,149.0
2021-04-30 12:00:00+00:00,0.0,883.0,87.0,190.0,443.0,669.0,425.0,0.0,234.0,328.0,0.0,0.0,0.0,0.0,0.0,0.0,0.0,0.0,0.0,0.0,565.0,0.0,0.0,59.0,0.0,196.0,0.0,323.0,975.0,202.0,0.0,0.0,154.0,0.0,392.0,0.0,228.0,7.0,151.0,0.0,376.0,149.0
2021-04-30 13:00:00+00:00,0.0,913.0,80.0,201.0,441.0,645.0,517.0,0.0,206.0,325.0,0.0,0.0,0.0,0.0,0.0,0.0,0.0,0.0,0.0,0.0,531.0,0.0,0.0,82.0,0.0,238.0,0.0,303.0,997.0,183.0,0.0,0.0,186.0,0.0,403.0,0.0,232.0,10.0,128.0,0.0,379.0,150.0
2021-04-30 14:00:00+00:00,0.0,904.0,131.0,242.0,483.0,508.0,554.0,0.0,126.0,318.0,0.0,0.0,0.0,0.0,0.0,0.0,0.0,0.0,0.0,0.0,573.0,0.0,0.0,69.0,0.0,266.0,0.0,293.0,616.0,167.0,0.0,0.0,220.0,0.0,416.0,0.0,284.0,12.0,98.0,0.0,416.0,150.0
2021-04-30 15:00:00+00:00,0.0,918.0,157.0,222.0,428.0,459.0,509.0,0.0,110.0,256.0,0.0,0.0,0.0,0.0,0.0,0.0,0.0,0.0,0.0,0.0,601.0,0.0,0.0,62.0,0.0,217.0,0.0,296.0,556.0,160.0,0.0,0.0,249.0,0.0,406.0,0.0,270.0,0.0,101.0,0.0,411.0,150.0
2021-04-30 16:00:00+00:00,0.0,1000.0,129.0,206.0,348.0,416.0,467.0,0.0,61.0,84.0,0.0,0.0,0.0,0.0,0.0,0.0,0.0,0.0,0.0,0.0,601.0,0.0,0.0,42.0,0.0,0.0,0.0,294.0,556.0,176.0,0.0,47.0,352.0,0.0,435.0,0.0,264.0,3.0,111.0,0.0,446.0,150.0
2021-04-30 17:00:00+00:00,0.0,1039.0,115.0,210.0,394.0,344.0,423.0,0.0,129.0,128.0,0.0,0.0,0.0,0.0,0.0,0.0,0.0,0.0,0.0,0.0,600.0,0.0,0.0,34.0,0.0,0.0,0.0,270.0,556.0,185.0,0.0,137.0,369.0,0.0,437.0,0.0,223.0,4.0,98.0,0.0,480.0,150.0
2021-04-30 18:00:00+00:00,0.0,918.0,119.0,218.0,393.0,700.0,257.0,0.0,128.0,94.0,0.0,0.0,0.0,0.0,0.0,0.0,0.0,0.0,0.0,0.0,581.0,0.0,0.0,34.0,0.0,0.0,0.0,228.0,1109.0,218.0,0.0,93.0,298.0,0.0,377.0,0.0,230.0,2.0,74.0,0.0,480.0,150.0
2021-04-30 19:00:00+00:00,0.0,922.0,219.0,253.0,399.0,802.0,174.0,0.0,48.0,117.0,0.0,0.0,0.0,0.0,0.0,0.0,0.0,0.0,0.0,0.0,581.0,1.0,0.0,61.0,0.0,0.0,0.0,288.0,1443.0,187.0,0.0,45.0,304.0,0.0,401.0,0.0,337.0,1.0,167.0,0.0,480.0,150.0
2021-04-30 20:00:00+00:00,0.0,698.0,234.0,268.0,369.0,830.0,195.0,0.0,0.0,94.0,0.0,0.0,0.0,0.0,0.0,0.0,0.0,0.0,0.0,0.0,576.0,52.0,0.0,90.0,0.0,46.0,0.0,159.0,1454.0,153.0,0.0,0.0,235.0,0.0,341.0,0.0,365.0,0.0,107.0,0.0,467.0,150.0
2021-04-30 21:00:00+00:00,0.0,602.0,246.0,264.0,408.0,885.0,179.0,0.0,0.0,104.0,0.0,0.0,0.0,0.0,0.0,0.0,0.0,0.0,0.0,0.0,577.0,39.0,0.0,112.0,0.0,239.0,0.0,191.0,1456.0,154.0,0.0,0.0,285.0,0.0,413.0,0.0,333.0,0.0,140.0,0.0,512.0,91.0
2021-04-30 22:00:00+00:00,2.0,528.0,166.0,244.0,357.0,804.0,487.0,0.0,3.0,48.0,0.0,0.0,0.0,0.0,0.0,0.0,0.0,0.0,0.0,0.0,450.0,44.0,0.0,34.0,0.0,434.0,0.0,166.0,1454.0,142.0,0.0,0.0,240.0,0.0,350.0,0.0,349.0,2.0,112.0,0.0,559.0,0.0
2021-04-30 23:00:00+00:00,4.0,460.0,193.0,244.0,307.0,794.0,491.0,0.0,0.0,13.0,0.0,0.0,0.0,0.0,0.0,0.0,0.0,0.0,0.0,0.0,479.0,81.0,0.0,16.0,0.0,424.0,0.0,116.0,1460.0,143.0,0.0,0.0,225.0,0.0,316.0,0.0,330.0,0.0,83.0,0.0,563.0,0.0
2021-05-01 00:00:00+00:00,1.0,446.0,194.0,251.0,318.0,797.0,495.0,0.0,0.0,40.0,0.0,0.0,0.0,0.0,0.0,0.0,11.0,0.0,0.0,0.0,525.0,81.0,0.0,0.0,0.0,430.0,0.0,94.0,1462.0,154.0,0.0,0.0,226.0,0.0,311.0,0.0,338.0,0.0,69.0,0.0,554.0,0.0
2021-05-01 01:00:00+00:00,15.0,407.0,200.0,251.0,286.0,768.0,470.0,0.0,0.0,3.0,0.0,0.0,0.0,0.0,0.0,0.0,8.0,0.0,0.0,0.0,491.0,135.0,0.0,0.0,0.0,351.0,0.0,80.0,1474.0,153.0,0.0,0.0,230.0,0.0,300.0,0.0,345.0,0.0,86.0,0.0,519.0,0.0
2021-05-01 02:00:00+00:00,35.0,451.0,151.0,237.0,256.0,751.0,483.0,0.0,0.0,2.0,0.0,0.0,0.0,0.0,0.0,0.0,11.0,0.0,0.0,0.0,458.0,150.0,0.0,0.0,0.0,311.0,0.0,103.0,1475.0,155.0,0.0,0.0,255.0,0.0,313.0,0.0,356.0,4.0,114.0,0.0,487.0,0.0
2021-05-01 03:00:00+00:00,19.0,439.0,253.0,292.0,332.0,705.0,421.0,0.0,0.0,3.0,0.0,0.0,0.0,0.0,0.0,0.0,19.0,0.0,0.0,0.0,596.0,203.0,0.0,0.0,0.0,313.0,0.0,135.0,1453.0,159.0,0.0,0.0,284.0,0.0,339.0,0.0,364.0,0.0,133.0,0.0,469.0,0.0
2021-05-01 04:00:00+00:00,0.0,510.0,190.0,237.0,337.0,690.0,430.0,0.0,1.0,50.0,0.0,0.0,0.0,0.0,0.0,0.0,32.0,0.0,0.0,0.0,601.0,75.0,0.0,0.0,0.0,256.0,0.0,240.0,1445.0,163.0,0.0,0.0,384.0,0.0,400.0,0.0,311.0,1.0,228.0,0.0,457.0,0.0
2021-05-01 05:00:00+00:00,0.0,586.0,138.0,235.0,376.0,564.0,443.0,0.0,26.0,120.0,0.0,0.0,0.0,0.0,0.0,0.0,30.0,0.0,0.0,0.0,601.0,2.0,0.0,0.0,0.0,0.0,0.0,253.0,1440.0,167.0,0.0,26.0,364.0,0.0,396.0,0.0,251.0,0.0,236.0,0.0,462.0,0.0
2021-05-01 06:00:00+00:00,0.0,563.0,134.0,254.0,402.0,550.0,475.0,0.0,26.0,122.0,0.0,0.0,0.0,0.0,0.0,0.0,1.0,0.0,0.0,0.0,601.0,2.0,0.0,0.0,0.0,0.0,0.0,241.0,1436.0,171.0,0.0,140.0,323.0,0.0,355.0,0.0,280.0,1.0,246.0,0.0,459.0,0.0
2021-05-01 07:00:00+00:00,0.0,478.0,217.0,265.0,401.0,561.0,489.0,0.0,35.0,143.0,0.0,0.0,0.0,0.0,0.0,0.0,0.0,0.0,0.0,0.0,599.0,0.0,0.0,0.0,0.0,0.0,0.0,206.0,1444.0,168.0,0.0,94.0,228.0,0.0,306.0,0.0,320.0,0.0,223.0,0.0,453.0,0.0
2021-05-01 08:00:00+00:00,0.0,497.0,212.0,295.0,421.0,603.0,471.0,0.0,1.0,108.0,0.0,0.0,0.0,0.0,0.0,0.0,0.0,0.0,0.0,0.0,527.0,26.0,0.0,0.0,0.0,0.0,0.0,204.0,1442.0,163.0,0.0,18.0,214.0,0.0,304.0,0.0,346.0,0.0,212.0,0.0,391.0,0.0
2021-05-01 09:00:00+00:00,0.0,588.0,169.0,283.0,436.0,632.0,490.0,0.0,16.0,145.0,0.0,0.0,0.0,0.0,0.0,0.0,0.0,0.0,0.0,0.0,552.0,11.0,0.0,0.0,0.0,25.0,0.0,275.0,1433.0,167.0,0.0,0.0,251.0,0.0,329.0,0.0,338.0,2.0,295.0,0.0,355.0,0.0
2021-05-01 10:00:00+00:00,0.0,626.0,174.0,303.0,475.0,628.0,488.0,0.0,14.0,167.0,0.0,0.0,0.0,0.0,0.0,0.0,0.0,0.0,0.0,0.0,554.0,4.0,0.0,0.0,0.0,64.0,0.0,285.0,1425.0,175.0,0.0,0.0,258.0,0.0,340.0,0.0,347.0,1.0,308.0,0.0,343.0,0.0
2021-05-01 11:00:00+00:00,0.0,631.0,178.0,305.0,471.0,613.0,475.0,0.0,34.0,171.0,0.0,0.0,0.0,0.0,0.0,0.0,0.0,0.0,0.0,0.0,586.0,12.0,0.0,5.0,0.0,71.0,0.0,293.0,1446.0,186.0,0.0,0.0,258.0,0.0,347.0,0.0,311.0,0.0,347.0,0.0,304.0,0.0
2021-05-01 12:00:00+00:00,0.0,522.0,162.0,316.0,460.0,601.0,459.0,0.0,17.0,146.0,0.0,0.0,0.0,0.0,0.0,0.0,2.0,0.0,0.0,0.0,592.0,4.0,0.0,0.0,0.0,171.0,0.0,306.0,1447.0,184.0,0.0,0.0,306.0,0.0,362.0,0.0,313.0,1.0,345.0,0.0,307.0,0.0
2021-05-01 13:00:00+00:00,0.0,543.0,183.0,298.0,418.0,626.0,493.0,0.0,5.0,141.0,0.0,0.0,0.0,0.0,0.0,0.0,10.0,0.0,0.0,0.0,548.0,14.0,0.0,0.0,0.0,112.0,0.0,284.0,1441.0,157.0,0.0,0.0,305.0,0.0,373.0,0.0,311.0,0.0,269.0,0.0,331.0,0.0
2021-05-01 14:00:00+00:00,0.0,565.0,221.0,285.0,364.0,604.0,457.0,0.0,0.0,77.0,0.0,0.0,0.0,0.0,0.0,0.0,44.0,0.0,0.0,0.0,509.0,68.0,0.0,0.0,0.0,73.0,0.0,260.0,1461.0,152.0,0.0,0.0,333.0,0.0,367.0,0.0,349.0,0.0,212.0,0.0,334.0,0.0
2021-05-01 15:00:00+00:00,0.0,639.0,201.0,310.0,403.0,597.0,459.0,0.0,0.0,88.0,0.0,0.0,0.0,0.0,0.0,0.0,60.0,0.0,0.0,0.0,564.0,51.0,0.0,0.0,0.0,0.0,0.0,262.0,1457.0,139.0,0.0,1.0,356.0,0.0,393.0,0.0,359.0,0.0,205.0,0.0,394.0,0.0
2021-05-01 16:00:00+00:00,0.0,816.0,255.0,318.0,428.0,613.0,462.0,0.0,9.0,120.0,0.0,0.0,0.0,0.0,0.0,0.0,46.0,0.0,0.0,0.0,600.0,17.0,0.0,0.0,0.0,0.0,0.0,325.0,1443.0,143.0,0.0,149.0,454.0,0.0,471.0,0.0,393.0,1.0,214.0,0.0,422.0,0.0
2021-05-01 17:00:00+00:00,0.0,807.0,212.0,292.0,422.0,580.0,434.0,0.0,50.0,132.0,0.0,0.0,0.0,0.0,0.0,0.0,23.0,0.0,0.0,0.0,599.0,2.0,0.0,0.0,0.0,0.0,0.0,302.0,1450.0,141.0,0.0,186.0,500.0,0.0,495.0,0.0,331.0,0.0,162.0,0.0,448.0,0.0
2021-05-01 18:00:00+00:00,0.0,782.0,218.0,286.0,424.0,609.0,448.0,0.0,68.0,85.0,0.0,0.0,0.0,0.0,0.0,0.0,0.0,0.0,0.0,0.0,544.0,0.0,0.0,43.0,0.0,0.0,0.0,264.0,1454.0,121.0,0.0,147.0,444.0,0.0,460.0,0.0,361.0,0.0,104.0,0.0,489.0,0.0
2021-05-01 19:00:00+00:00,0.0,875.0,326.0,263.0,437.0,688.0,345.0,0.0,125.0,172.0,0.0,0.0,0.0,0.0,0.0,0.0,0.0,0.0,0.0,0.0,599.0,0.0,0.0,60.0,0.0,0.0,0.0,354.0,1469.0,93.0,0.0,113.0,465.0,0.0,505.0,0.0,384.0,0.0,212.0,0.0,503.0,0.0
2021-05-01 20:00:00+00:00,0.0,911.0,246.0,233.0,432.0,691.0,335.0,0.0,219.0,279.0,0.0,0.0,0.0,0.0,0.0,0.0,0.0,0.0,0.0,0.0,600.0,0.0,0.0,68.0,0.0,74.0,0.0,375.0,1459.0,74.0,0.0,0.0,456.0,0.0,517.0,0.0,346.0,0.0,291.0,0.0,524.0,0.0
2021-05-01 21:00:00+00:00,0.0,697.0,259.0,253.0,400.0,714.0,382.0,0.0,89.0,137.0,0.0,0.0,0.0,0.0,0.0,0.0,0.0,0.0,0.0,0.0,567.0,0.0,0.0,0.0,0.0,245.0,0.0,272.0,1457.0,82.0,0.0,0.0,377.0,0.0,447.0,0.0,340.0,1.0,233.0,0.0,523.0,0.0
2021-05-01 22:00:00+00:00,45.0,278.0,219.0,243.0,275.0,876.0,198.0,0.0,0.0,1.0,0.0,0.0,0.0,0.0,0.0,0.0,52.0,0.0,0.0,0.0,600.0,107.0,0.0,0.0,0.0,337.0,0.0,124.0,1453.0,147.0,0.0,0.0,218.0,0.0,255.0,0.0,319.0,0.0,143.0,0.0,462.0,0.0
2021-05-01 23:00:00+00:00,1.0,405.0,127.0,190.0,285.0,735.0,33.0,0.0,20.0,27.0,0.0,0.0,0.0,0.0,0.0,0.0,67.0,0.0,0.0,0.0,601.0,8.0,0.0,0.0,0.0,249.0,0.0,195.0,1454.0,99.0,0.0,0.0,285.0,0.0,301.0,0.0,215.0,5.0,225.0,0.0,470.0,0.0
2021-05-02 00:00:00+00:00,50.0,420.0,86.0,190.0,219.0,635.0,0.0,0.0,0.0,1.0,0.0,0.0,0.0,0.0,0.0,0.0,64.0,0.0,0.0,0.0,601.0,101.0,0.0,0.0,0.0,261.0,0.0,119.0,1454.0,68.0,133.0,0.0,214.0,0.0,240.0,0.0,236.0,10.0,162.0,0.0,456.0,0.0
2021-05-02 01:00:00+00:00,79.0,399.0,95.0,166.0,140.0,607.0,0.0,0.0,0.0,0.0,0.0,0.0,0.0,0.0,0.0,0.0,62.0,0.0,0.0,0.0,601.0,140.0,0.0,0.0,0.0,295.0,0.0,30.0,1455.0,49.0,194.0,0.0,229.0,0.0,246.0,0.0,237.0,5.0,116.0,0.0,413.0,0.0
2021-05-02 02:00:00+00:00,104.0,444.0,75.0,151.0,107.0,602.0,0.0,0.0,0.0,0.0,0.0,0.0,0.0,0.0,0.0,0.0,64.0,0.0,0.0,0.0,601.0,178.0,0.0,0.0,0.0,308.0,0.0,19.0,1454.0,43.0,148.0,0.0,238.0,0.0,245.0,0.0,263.0,25.0,118.0,0.0,403.0,0.0
2021-05-02 03:00:00+00:00,41.0,727.0,30.0,170.0,183.0,581.0,0.0,0.0,0.0,1.0,0.0,0.0,0.0,0.0,0.0,0.0,73.0,0.0,0.0,0.0,600.0,154.0,0.0,0.0,0.0,357.0,0.0,97.0,1454.0,55.0,171.0,0.0,295.0,0.0,330.0,0.0,314.0,74.0,174.0,0.0,401.0,0.0
2021-05-02 04:00:00+00:00,70.0,725.0,80.0,158.0,134.0,583.0,0.0,0.0,0.0,0.0,0.0,0.0,0.0,0.0,0.0,0.0,79.0,0.0,0.0,0.0,582.0,171.0,0.0,0.0,0.0,240.0,0.0,77.0,1454.0,74.0,167.0,0.0,264.0,0.0,323.0,0.0,237.0,6.0,127.0,0.0,392.0,0.0
2021-05-02 05:00:00+00:00,27.0,761.0,90.0,213.0,218.0,654.0,64.0,0.0,0.0,3.0,0.0,0.0,0.0,0.0,0.0,0.0,91.0,0.0,0.0,0.0,577.0,152.0,0.0,0.0,0.0,34.0,0.0,265.0,1446.0,139.0,0.0,0.0,269.0,0.0,351.0,0.0,213.0,6.0,270.0,0.0,455.0,0.0
2021-05-02 06:00:00+00:00,28.0,641.0,75.0,235.0,265.0,693.0,233.0,0.0,0.0,2.0,0.0,0.0,0.0,0.0,0.0,0.0,97.0,0.0,0.0,0.0,508.0,118.0,0.0,0.0,0.0,32.0,0.0,273.0,1455.0,165.0,0.0,0.0,206.0,0.0,293.0,0.0,204.0,9.0,345.0,0.0,483.0,0.0
2021-05-02 07:00:00+00:00,27.0,574.0,96.0,258.0,280.0,607.0,40.0,0.0,0.0,1.0,0.0,0.0,0.0,0.0,0.0,0.0,86.0,0.0,0.0,0.0,490.0,128.0,0.0,0.0,0.0,67.0,0.0,339.0,1446.0,93.0,0.0,0.0,172.0,0.0,278.0,0.0,225.0,5.0,406.0,0.0,490.0,0.0
2021-05-02 08:00:00+00:00,3.0,606.0,79.0,235.0,276.0,546.0,0.0,0.0,0.0,14.0,0.0,0.0,0.0,0.0,0.0,0.0,67.0,0.0,0.0,0.0,453.0,70.0,0.0,0.0,0.0,85.0,0.0,388.0,1444.0,46.0,80.0,0.0,182.0,0.0,312.0,0.0,229.0,6.0,507.0,0.0,473.0,0.0
2021-05-02 09:00:00+00:00,0.0,728.0,61.0,189.0,315.0,530.0,0.0,0.0,95.0,155.0,0.0,0.0,0.0,0.0,0.0,0.0,77.0,0.0,0.0,0.0,382.0,2.0,0.0,0.0,0.0,83.0,0.0,469.0,1449.0,35.0,120.0,0.0,236.0,0.0,375.0,0.0,197.0,10.0,582.0,0.0,455.0,0.0
2021-05-02 10:00:00+00:00,0.0,694.0,53.0,174.0,317.0,576.0,0.0,0.0,126.0,204.0,0.0,0.0,0.0,0.0,0.0,0.0,64.0,0.0,0.0,0.0,335.0,0.0,0.0,0.0,0.0,146.0,0.0,483.0,1444.0,50.0,43.0,0.0,227.0,0.0,392.0,0.0,178.0,23.0,591.0,0.0,453.0,0.0
2021-05-02 11:00:00+00:00,0.0,616.0,436.0,67.0,225.0,574.0,0.0,128.0,264.0,296.0,0.0,0.0,0.0,0.0,0.0,0.0,49.0,0.0,0.0,0.0,461.0,0.0,0.0,0.0,0.0,206.0,0.0,481.0,1438.0,57.0,34.0,0.0,225.0,0.0,369.0,0.0,1.0,0.0,620.0,0.0,428.0,0.0
2021-05-02 12:00:00+00:00,0.0,439.0,506.0,106.0,159.0,663.0,88.0,106.0,68.0,158.0,0.0,0.0,0.0,0.0,0.0,0.0,84.0,0.0,0.0,0.0,475.0,0.0,0.0,0.0,0.0,300.0,0.0,333.0,1443.0,96.0,0.0,0.0,153.0,0.0,299.0,0.0,0.0,0.0,499.0,0.0,407.0,0.0
2021-05-02 13:00:00+00:00,0.0,327.0,516.0,102.0,100.0,668.0,65.0,102.0,10.0,67.0,0.0,0.0,0.0,0.0,0.0,0.0,92.0,0.0,0.0,0.0,402.0,10.0,0.0,0.0,0.0,324.0,0.0,202.0,1450.0,114.0,0.0,0.0,122.0,0.0,250.0,0.0,0.0,0.0,368.0,0.0,408.0,0.0
2021-05-02 14:00:00+00:00,0.0,371.0,349.0,97.0,103.0,565.0,0.0,37.0,39.0,59.0,0.0,0.0,0.0,0.0,0.0,0.0,112.0,0.0,0.0,0.0,358.0,1.0,0.0,0.0,0.0,307.0,0.0,180.0,1439.0,86.0,98.0,0.0,185.0,0.0,259.0,0.0,4.0,0.0,312.0,0.0,431.0,0.0
2021-05-02 15:00:00+00:00,5.0,490.0,54.0,184.0,191.0,500.0,0.0,0.0,5.0,21.0,0.0,0.0,0.0,0.0,0.0,0.0,121.0,0.0,0.0,0.0,466.0,44.0,0.0,0.0,0.0,282.0,0.0,200.0,1444.0,58.0,175.0,0.0,265.0,0.0,288.0,0.0,200.0,18.0,270.0,0.0,443.0,0.0
2021-05-02 16:00:00+00:00,75.0,665.0,142.0,262.0,268.0,552.0,0.0,0.0,0.0,0.0,0.0,0.0,0.0,0.0,0.0,0.0,109.0,0.0,0.0,0.0,573.0,129.0,0.0,0.0,0.0,290.0,0.0,195.0,1443.0,72.0,131.0,0.0,322.0,0.0,339.0,0.0,280.0,2.0,198.0,0.0,502.0,0.0
2021-05-02 17:00:00+00:00,6.0,847.0,110.0,295.0,403.0,657.0,62.0,0.0,1.0,39.0,0.0,0.0,0.0,0.0,0.0,0.0,79.0,0.0,0.0,0.0,600.0,32.0,0.0,0.0,0.0,145.0,0.0,332.0,1458.0,154.0,0.0,0.0,442.0,0.0,440.0,0.0,250.0,6.0,261.0,0.0,534.0,0.0
2021-05-02 18:00:00+00:00,3.0,856.0,130.0,309.0,424.0,695.0,83.0,0.0,2.0,28.0,0.0,0.0,0.0,0.0,0.0,0.0,26.0,0.0,0.0,0.0,601.0,32.0,0.0,0.0,0.0,38.0,0.0,302.0,1453.0,104.0,0.0,0.0,391.0,0.0,406.0,0.0,291.0,3.0,220.0,0.0,557.0,0.0
2021-05-02 19:00:00+00:00,0.0,884.0,166.0,302.0,401.0,773.0,8.0,0.0,0.0,33.0,0.0,0.0,0.0,0.0,0.0,0.0,5.0,0.0,0.0,0.0,601.0,53.0,0.0,0.0,0.0,1.0,0.0,340.0,1453.0,83.0,0.0,0.0,388.0,0.0,420.0,0.0,317.0,1.0,292.0,0.0,575.0,0.0
2021-05-02 20:00:00+00:00,0.0,650.0,240.0,345.0,361.0,747.0,0.0,0.0,0.0,1.0,0.0,0.0,0.0,0.0,0.0,0.0,0.0,0.0,0.0,0.0,601.0,194.0,0.0,13.0,0.0,158.0,0.0,249.0,1454.0,75.0,4.0,0.0,293.0,0.0,366.0,0.0,368.0,0.0,275.0,0.0,564.0,0.0
2021-05-02 21:00:00+00:00,23.0,522.0,213.0,302.0,346.0,638.0,0.0,0.0,0.0,5.0,0.0,0.0,0.0,0.0,0.0,0.0,14.0,0.0,0.0,0.0,601.0,133.0,0.0,0.0,0.0,168.0,0.0,247.0,1455.0,48.0,127.0,0.0,269.0,0.0,348.0,0.0,357.0,1.0,304.0,0.0,554.0,0.0
2021-05-02 22:00:00+00:00,0.0,567.0,153.0,248.0,349.0,602.0,0.0,0.0,2.0,124.0,0.0,0.0,0.0,0.0,0.0,0.0,67.0,0.0,0.0,0.0,600.0,44.0,0.0,0.0,0.0,400.0,0.0,226.0,1456.0,33.0,220.0,0.0,179.0,0.0,309.0,0.0,314.0,1.0,256.0,0.0,596.0,0.0
2021-05-02 23:00:00+00:00,0.0,621.0,163.0,254.0,311.0,530.0,0.0,0.0,0.0,81.0,0.0,0.0,0.0,0.0,0.0,0.0,58.0,0.0,0.0,0.0,601.0,133.0,0.0,0.0,0.0,448.0,0.0,256.0,1464.0,9.0,314.0,0.0,211.0,0.0,324.0,0.0,325.0,2.0,292.0,0.0,600.0,0.0
2021-05-03 00:00:00+00:00,0.0,668.0,140.0,241.0,288.0,542.0,0.0,0.0,0.0,71.0,0.0,0.0,0.0,0.0,0.0,0.0,54.0,0.0,0.0,0.0,601.0,134.0,0.0,0.0,0.0,474.0,0.0,251.0,1456.0,32.0,320.0,0.0,242.0,0.0,346.0,0.0,300.0,1.0,299.0,0.0,587.0,0.0
2021-05-03 01:00:00+00:00,0.0,625.0,115.0,211.0,239.0,500.0,0.0,0.0,0.0,68.0,0.0,0.0,0.0,0.0,0.0,0.0,57.0,0.0,0.0,0.0,601.0,135.0,0.0,0.0,0.0,417.0,0.0,199.0,1455.0,46.0,309.0,0.0,231.0,0.0,315.0,0.0,282.0,1.0,270.0,0.0,565.0,0.0
2021-05-03 02:00:00+00:00,1.0,652.0,136.0,223.0,233.0,475.0,0.0,0.0,0.0,32.0,0.0,0.0,0.0,0.0,0.0,0.0,62.0,0.0,0.0,0.0,600.0,182.0,0.0,0.0,0.0,318.0,0.0,194.0,1455.0,55.0,286.0,0.0,224.0,0.0,321.0,0.0,323.0,2.0,264.0,0.0,565.0,0.0
2021-05-03 03:00:00+00:00,0.0,737.0,171.0,235.0,289.0,516.0,0.0,0.0,0.0,44.0,0.0,0.0,0.0,0.0,0.0,0.0,26.0,0.0,0.0,0.0,600.0,178.0,0.0,0.0,0.0,300.0,0.0,267.0,1454.0,91.0,245.0,0.0,308.0,0.0,386.0,0.0,320.0,0.0,290.0,0.0,605.0,0.0
2021-05-03 04:00:00+00:00,38.0,917.0,122.0,174.0,211.0,436.0,0.0,0.0,0.0,5.0,0.0,0.0,0.0,0.0,0.0,0.0,0.0,0.0,0.0,0.0,600.0,151.0,0.0,1.0,0.0,220.0,0.0,288.0,1454.0,57.0,359.0,0.0,375.0,0.0,479.0,0.0,219.0,3.0,267.0,0.0,655.0,0.0
2021-05-03 05:00:00+00:00,0.0,894.0,238.0,138.0,220.0,488.0,0.0,10.0,4.0,50.0,0.0,0.0,0.0,0.0,0.0,0.0,0.0,0.0,0.0,0.0,600.0,22.0,0.0,51.0,0.0,91.0,0.0,232.0,1440.0,90.0,338.0,0.0,352.0,0.0,483.0,0.0,28.0,0.0,195.0,0.0,665.0,0.0
2021-05-03 06:00:00+00:00,0.0,1116.0,323.0,133.0,249.0,452.0,0.0,60.0,71.0,74.0,0.0,0.0,0.0,0.0,0.0,0.0,0.0,0.0,0.0,0.0,601.0,0.0,0.0,47.0,0.0,39.0,0.0,233.0,1445.0,79.0,335.0,0.0,312.0,0.0,249.0,0.0,1.0,0.0,214.0,0.0,652.0,0.0
2021-05-03 07:00:00+00:00,0.0,1251.0,402.0,171.0,255.0,501.0,0.0,7.0,26.0,80.0,0.0,0.0,0.0,0.0,0.0,0.0,0.0,0.0,0.0,0.0,601.0,4.0,0.0,63.0,0.0,12.0,0.0,293.0,1445.0,145.0,240.0,0.0,274.0,0.0,24.0,0.0,38.0,0.0,305.0,0.0,622.0,0.0
2021-05-03 08:00:00+00:00,0.0,1229.0,280.0,183.0,258.0,481.0,0.0,0.0,33.0,103.0,0.0,0.0,0.0,0.0,0.0,0.0,0.0,0.0,0.0,0.0,601.0,3.0,0.0,74.0,0.0,160.0,0.0,374.0,1444.0,128.0,253.0,0.0,291.0,0.0,24.0,0.0,106.0,0.0,423.0,0.0,565.0,0.0
2021-05-03 09:00:00+00:00,0.0,1232.0,192.0,202.0,300.0,485.0,0.0,0.0,46.0,158.0,0.0,0.0,0.0,0.0,0.0,0.0,0.0,0.0,0.0,0.0,601.0,0.0,0.0,13.0,0.0,262.0,0.0,412.0,1443.0,135.0,225.0,0.0,267.0,0.0,27.0,0.0,166.0,0.0,455.0,0.0,554.0,0.0
2021-05-03 10:00:00+00:00,0.0,1172.0,214.0,201.0,279.0,442.0,0.0,0.0,24.0,143.0,0.0,0.0,0.0,0.0,0.0,0.0,32.0,0.0,0.0,0.0,602.0,1.0,0.0,0.0,0.0,298.0,0.0,430.0,1443.0,112.0,275.0,0.0,245.0,0.0,28.0,0.0,171.0,1.0,452.0,0.0,562.0,0.0
2021-05-03 11:00:00+00:00,0.0,1149.0,208.0,188.0,282.0,430.0,0.0,0.0,42.0,159.0,0.0,0.0,0.0,0.0,0.0,0.0,33.0,0.0,0.0,0.0,602.0,0.0,0.0,0.0,0.0,280.0,0.0,481.0,1445.0,84.0,334.0,0.0,237.0,0.0,28.0,0.0,163.0,0.0,495.0,0.0,550.0,0.0
2021-05-03 12:00:00+00:00,0.0,1133.0,217.0,198.0,287.0,459.0,0.0,0.0,39.0,152.0,0.0,0.0,0.0,0.0,0.0,0.0,37.0,0.0,0.0,0.0,600.0,0.0,0.0,0.0,0.0,315.0,0.0,441.0,1443.0,97.0,236.0,0.0,253.0,0.0,26.0,0.0,171.0,0.0,463.0,0.0,543.0,0.0
2021-05-03 13:00:00+00:00,0.0,1099.0,167.0,242.0,349.0,469.0,0.0,0.0,2.0,94.0,0.0,0.0,0.0,0.0,0.0,0.0,64.0,0.0,0.0,0.0,567.0,20.0,0.0,0.0,0.0,261.0,0.0,379.0,1443.0,100.0,270.0,0.0,292.0,0.0,19.0,0.0,276.0,1.0,427.0,0.0,527.0,0.0
2021-05-03 14:00:00+00:00,6.0,933.0,178.0,263.0,275.0,494.0,0.0,0.0,0.0,11.0,0.0,0.0,0.0,0.0,0.0,0.0,82.0,0.0,0.0,0.0,600.0,149.0,0.0,0.0,0.0,258.0,0.0,297.0,1441.0,112.0,287.0,0.0,252.0,0.0,19.0,0.0,251.0,0.0,324.0,0.0,554.0,0.0
2021-05-03 15:00:00+00:00,4.0,1031.0,191.0,258.0,264.0,482.0,0.0,0.0,0.0,21.0,0.0,0.0,0.0,0.0,0.0,0.0,64.0,0.0,0.0,0.0,601.0,141.0,0.0,0.0,0.0,174.0,0.0,328.0,1443.0,109.0,251.0,0.0,320.0,0.0,18.0,0.0,251.0,1.0,326.0,0.0,590.0,0.0
2021-05-03 16:00:00+00:00,31.0,1012.0,148.0,258.0,277.0,507.0,0.0,0.0,0.0,2.0,0.0,0.0,0.0,0.0,0.0,0.0,31.0,0.0,0.0,0.0,601.0,106.0,0.0,0.0,0.0,133.0,0.0,263.0,1445.0,123.0,259.0,0.0,327.0,0.0,13.0,0.0,292.0,2.0,216.0,0.0,591.0,0.0
2021-05-03 17:00:00+00:00,2.0,1095.0,66.0,235.0,319.0,466.0,0.0,0.0,15.0,36.0,0.0,0.0,0.0,0.0,0.0,0.0,0.0,0.0,0.0,0.0,601.0,10.0,0.0,16.0,0.0,56.0,0.0,294.0,1454.0,128.0,279.0,0.0,371.0,0.0,13.0,0.0,280.0,17.0,191.0,0.0,618.0,0.0
2021-05-03 18:00:00+00:00,2.0,1082.0,66.0,260.0,342.0,522.0,0.0,0.0,7.0,37.0,0.0,0.0,0.0,0.0,0.0,0.0,0.0,0.0,0.0,0.0,601.0,15.0,0.0,23.0,0.0,32.0,0.0,319.0,1451.0,118.0,266.0,0.0,331.0,0.0,14.0,0.0,262.0,9.0,197.0,0.0,637.0,0.0
2021-05-03 19:00:00+00:00,17.0,1051.0,156.0,285.0,323.0,703.0,0.0,0.0,2.0,14.0,0.0,0.0,0.0,0.0,0.0,0.0,0.0,0.0,0.0,0.0,601.0,102.0,0.0,54.0,0.0,0.0,0.0,331.0,1453.0,163.0,5.0,16.0,296.0,0.0,15.0,0.0,286.0,2.0,230.0,0.0,622.0,0.0
2021-05-03 20:00:00+00:00,10.0,974.0,178.0,340.0,379.0,682.0,0.0,0.0,0.0,11.0,0.0,0.0,0.0,0.0,0.0,0.0,22.0,0.0,0.0,0.0,601.0,170.0,0.0,0.0,0.0,0.0,0.0,219.0,1461.0,122.0,73.0,5.0,275.0,0.0,16.0,0.0,289.0,3.0,145.0,0.0,638.0,0.0
2021-05-03 21:00:00+00:00,25.0,727.0,186.0,305.0,285.0,680.0,0.0,0.0,0.0,2.0,0.0,0.0,0.0,0.0,0.0,0.0,23.0,0.0,0.0,0.0,601.0,232.0,0.0,0.0,0.0,59.0,0.0,162.0,1448.0,95.0,82.0,0.0,224.0,0.0,11.0,0.0,235.0,1.0,130.0,0.0,624.0,0.0
2021-05-03 22:00:00+00:00,178.0,418.0,156.0,274.0,207.0,670.0,0.0,0.0,0.0,0.0,0.0,0.0,0.0,0.0,0.0,0.0,0.0,0.0,0.0,0.0,601.0,290.0,0.0,43.0,0.0,376.0,0.0,48.0,1454.0,79.0,125.0,0.0,77.0,0.0,0.0,10.0,203.0,5.0,46.0,0.0,549.0,78.0
2021-05-03 23:00:00+00:00,226.0,384.0,75.0,234.0,129.0,682.0,0.0,0.0,0.0,0.0,0.0,0.0,0.0,0.0,0.0,0.0,0.0,0.0,0.0,0.0,601.0,342.0,0.0,1.0,0.0,383.0,0.0,0.0,1459.0,78.0,97.0,0.0,55.0,0.0,1.0,31.0,200.0,6.0,0.0,31.0,514.0,116.0
2021-05-04 00:00:00+00:00,201.0,245.0,166.0,201.0,67.0,670.0,0.0,0.0,0.0,0.0,0.0,0.0,0.0,1.0,0.0,0.0,0.0,0.0,0.0,0.0,601.0,348.0,0.0,58.0,0.0,355.0,0.0,0.0,1456.0,91.0,87.0,0.0,26.0,0.0,4.0,84.0,223.0,1.0,0.0,108.0,486.0,179.0
2021-05-04 01:00:00+00:00,212.0,188.0,162.0,194.0,39.0,605.0,0.0,0.0,0.0,0.0,0.0,0.0,0.0,1.0,0.0,0.0,0.0,0.0,0.0,0.0,600.0,358.0,0.0,60.0,0.0,306.0,0.0,0.0,1457.0,109.0,152.0,0.0,33.0,0.0,3.0,108.0,201.0,2.0,0.0,151.0,465.0,194.0
2021-05-04 02:00:00+00:00,233.0,230.0,117.0,193.0,47.0,582.0,0.0,0.0,0.0,0.0,0.0,0.0,0.0,0.0,0.0,0.0,0.0,0.0,0.0,0.0,600.0,366.0,0.0,98.0,0.0,279.0,0.0,0.0,1425.0,110.0,176.0,0.0,48.0,0.0,3.0,141.0,181.0,10.0,0.0,175.0,462.0,191.0
2021-05-04 03:00:00+00:00,189.0,506.0,138.0,222.0,134.0,416.0,0.0,0.0,0.0,0.0,0.0,0.0,0.0,0.0,0.0,0.0,0.0,0.0,0.0,0.0,600.0,328.0,0.0,28.0,0.0,238.0,0.0,0.0,898.0,69.0,350.0,0.0,158.0,0.0,4.0,126.0,196.0,3.0,0.0,135.0,473.0,191.0
2021-05-04 04:00:00+00:00,79.0,717.0,110.0,233.0,252.0,63.0,76.0,0.0,0.0,0.0,0.0,0.0,0.0,0.0,0.0,0.0,0.0,0.0,13.0,0.0,600.0,171.0,0.0,74.0,0.0,197.0,0.0,112.0,514.0,0.0,0.0,0.0,332.0,0.0,5.0,0.0,204.0,5.0,72.0,0.0,483.0,191.0
2021-05-04 05:00:00+00:00,27.0,817.0,106.0,226.0,281.0,35.0,0.0,0.0,1.0,2.0,0.0,0.0,0.0,0.0,0.0,0.0,0.0,0.0,0.0,0.0,600.0,45.0,0.0,67.0,0.0,0.0,0.0,178.0,489.0,2.0,37.0,60.0,325.0,0.0,8.0,0.0,161.0,9.0,143.0,0.0,518.0,190.0
2021-05-04 06:00:00+00:00,7.0,796.0,58.0,260.0,330.0,107.0,0.0,0.0,2.0,1.0,0.0,0.0,0.0,0.0,0.0,0.0,0.0,0.0,0.0,0.0,600.0,25.0,0.0,80.0,0.0,0.0,0.0,216.0,489.0,35.0,26.0,218.0,239.0,0.0,7.0,0.0,161.0,10.0,231.0,0.0,473.0,195.0
2021-05-04 07:00:00+00:00,4.0,733.0,109.0,237.0,293.0,116.0,6.0,0.0,34.0,0.0,0.0,0.0,0.0,0.0,0.0,0.0,0.0,0.0,0.0,0.0,553.0,3.0,0.0,25.0,0.0,0.0,0.0,205.0,488.0,57.0,0.0,217.0,164.0,0.0,3.0,0.0,196.0,6.0,212.0,0.0,393.0,192.0
2021-05-04 08:00:00+00:00,4.0,582.0,126.0,222.0,240.0,127.0,30.0,0.0,16.0,1.0,0.0,0.0,1.0,0.0,0.0,0.0,0.0,0.0,0.0,0.0,575.0,13.0,0.0,2.0,0.0,0.0,0.0,138.0,489.0,57.0,0.0,139.0,101.0,0.0,0.0,0.0,235.0,3.0,218.0,0.0,367.0,192.0
2021-05-04 09:00:00+00:00,12.0,510.0,127.0,230.0,212.0,206.0,124.0,0.0,1.0,0.0,0.0,0.0,1.0,0.0,0.0,0.0,0.0,0.0,0.0,0.0,581.0,51.0,0.0,1.0,0.0,0.0,0.0,108.0,488.0,89.0,0.0,72.0,70.0,0.0,0.0,0.0,259.0,2.0,226.0,0.0,380.0,192.0
2021-05-04 10:00:00+00:00,11.0,519.0,161.0,241.0,265.0,242.0,201.0,0.0,19.0,0.0,0.0,0.0,0.0,0.0,0.0,0.0,0.0,0.0,0.0,0.0,601.0,18.0,0.0,4.0,0.0,0.0,0.0,171.0,489.0,113.0,0.0,18.0,67.0,0.0,1.0,0.0,253.0,2.0,286.0,0.0,374.0,197.0
2021-05-04 11:00:00+00:00,14.0,415.0,135.0,229.0,228.0,261.0,220.0,0.0,24.0,0.0,0.0,0.0,1.0,1.0,0.0,0.0,0.0,0.0,0.0,0.0,599.0,5.0,0.0,7.0,0.0,70.0,0.0,99.0,489.0,133.0,0.0,0.0,21.0,0.0,0.0,0.0,256.0,2.0,203.0,0.0,371.0,196.0
2021-05-04 12:00:00+00:00,38.0,357.0,138.0,232.0,169.0,442.0,0.0,0.0,1.0,0.0,0.0,0.0,2.0,29.0,0.0,0.0,0.0,0.0,0.0,0.0,505.0,66.0,0.0,0.0,0.0,64.0,0.0,11.0,1006.0,112.0,122.0,0.0,2.0,0.0,0.0,0.0,282.0,2.0,89.0,11.0,365.0,192.0
2021-05-04 13:00:00+00:00,103.0,408.0,132.0,241.0,217.0,471.0,0.0,0.0,0.0,0.0,0.0,0.0,0.0,4.0,0.0,0.0,9.0,0.0,0.0,0.0,550.0,86.0,0.0,0.0,0.0,182.0,0.0,0.0,1405.0,100.0,116.0,0.0,10.0,0.0,1.0,0.0,289.0,2.0,21.0,24.0,392.0,194.0
2021-05-04 14:00:00+00:00,59.0,562.0,135.0,259.0,286.0,440.0,0.0,0.0,0.0,0.0,0.0,0.0,0.0,0.0,0.0,0.0,37.0,0.0,0.0,0.0,563.0,67.0,0.0,0.0,0.0,180.0,0.0,52.0,1392.0,106.0,172.0,0.0,86.0,0.0,4.0,0.0,349.0,0.0,48.0,0.0,443.0,195.0
2021-05-04 15:00:00+00:00,98.0,549.0,199.0,280.0,298.0,327.0,0.0,0.0,0.0,0.0,0.0,0.0,0.0,0.0,0.0,0.0,0.0,0.0,0.0,0.0,567.0,104.0,0.0,1.0,0.0,170.0,0.0,111.0,906.0,109.0,247.0,0.0,174.0,0.0,0.0,0.0,402.0,0.0,36.0,0.0,452.0,195.0
2021-05-04 16:00:00+00:00,113.0,549.0,204.0,309.0,325.0,85.0,40.0,0.0,0.0,0.0,0.0,0.0,4.0,0.0,0.0,0.0,0.0,0.0,0.0,0.0,600.0,124.0,0.0,2.0,0.0,71.0,0.0,124.0,526.0,93.0,0.0,0.0,212.0,0.0,0.0,3.0,391.0,2.0,13.0,0.0,470.0,194.0
2021-05-04 17:00:00+00:00,185.0,477.0,265.0,354.0,342.0,74.0,39.0,0.0,0.0,0.0,0.0,0.0,5.0,0.0,0.0,0.0,0.0,0.0,0.0,0.0,601.0,200.0,0.0,30.0,0.0,14.0,0.0,47.0,489.0,102.0,0.0,0.0,163.0,0.0,0.0,101.0,402.0,0.0,0.0,0.0,500.0,195.0
2021-05-04 18:00:00+00:00,118.0,684.0,253.0,386.0,412.0,492.0,0.0,0.0,0.0,0.0,0.0,0.0,2.0,0.0,0.0,0.0,0.0,0.0,0.0,0.0,596.0,173.0,0.0,29.0,0.0,0.0,0.0,142.0,1002.0,142.0,230.0,94.0,185.0,0.0,0.0,29.0,441.0,0.0,0.0,0.0,538.0,196.0
2021-05-04 19:00:00+00:00,80.0,723.0,295.0,387.0,404.0,571.0,0.0,0.0,0.0,0.0,0.0,0.0,0.0,0.0,0.0,0.0,0.0,0.0,0.0,0.0,601.0,208.0,0.0,57.0,0.0,0.0,0.0,226.0,1407.0,95.0,142.0,13.0,195.0,0.0,1.0,0.0,467.0,0.0,74.0,0.0,552.0,194.0
2021-05-04 20:00:00+00:00,63.0,590.0,344.0,345.0,358.0,624.0,0.0,0.0,0.0,0.0,0.0,0.0,0.0,0.0,0.0,0.0,0.0,0.0,0.0,0.0,600.0,172.0,0.0,2.0,0.0,108.0,0.0,155.0,1448.0,90.0,136.0,0.0,194.0,0.0,3.0,0.0,496.0,0.0,35.0,0.0,558.0,194.0
2021-05-04 21:00:00+00:00,112.0,486.0,320.0,317.0,282.0,627.0,0.0,0.0,0.0,0.0,0.0,0.0,0.0,0.0,0.0,0.0,0.0,0.0,0.0,0.0,588.0,237.0,0.0,1.0,0.0,198.0,0.0,75.0,1453.0,79.0,89.0,0.0,189.0,0.0,1.0,25.0,439.0,0.0,0.0,0.0,578.0,196.0
2021-05-04 22:00:00+00:00,299.0,206.0,276.0,307.0,145.0,696.0,0.0,0.0,0.0,0.0,0.0,0.0,1.0,27.0,0.0,0.0,0.0,0.0,0.0,0.0,600.0,444.0,0.0,0.0,0.0,313.0,0.0,0.0,1453.0,110.0,61.0,0.0,21.0,0.0,0.0,223.0,469.0,0.0,0.0,160.0,561.0,197.0
2021-05-04 23:00:00+00:00,300.0,292.0,288.0,310.0,148.0,658.0,0.0,0.0,0.0,0.0,0.0,0.0,0.0,1.0,0.0,0.0,0.0,0.0,0.0,0.0,601.0,467.0,0.0,0.0,0.0,346.0,0.0,0.0,1453.0,94.0,70.0,0.0,49.0,0.0,1.0,170.0,469.0,0.0,0.0,120.0,566.0,196.0
2021-05-05 00:00:00+00:00,312.0,278.0,298.0,290.0,114.0,629.0,0.0,0.0,0.0,0.0,0.0,0.0,0.0,2.0,0.0,0.0,0.0,0.0,0.0,0.0,601.0,468.0,0.0,2.0,0.0,381.0,0.0,0.0,1454.0,85.0,103.0,0.0,25.0,0.0,3.0,190.0,458.0,0.0,0.0,147.0,545.0,196.0
2021-05-05 01:00:00+00:00,308.0,328.0,244.0,273.0,87.0,609.0,0.0,0.0,0.0,0.0,0.0,0.0,0.0,3.0,0.0,0.0,19.0,0.0,0.0,0.0,601.0,457.0,0.0,0.0,0.0,413.0,0.0,0.0,1454.0,116.0,135.0,0.0,36.0,0.0,5.0,197.0,431.0,0.0,0.0,149.0,549.0,195.0
2021-05-05 02:00:00+00:00,285.0,425.0,311.0,310.0,154.0,516.0,0.0,0.0,0.0,0.0,0.0,0.0,0.0,0.0,0.0,0.0,27.0,0.0,0.0,0.0,601.0,473.0,0.0,0.0,0.0,365.0,0.0,0.0,1455.0,115.0,195.0,0.0,63.0,0.0,5.0,151.0,500.0,0.0,0.0,79.0,559.0,197.0
2021-05-05 03:00:00+00:00,265.0,410.0,306.0,306.0,158.0,397.0,0.0,0.0,0.0,0.0,0.0,0.0,0.0,0.0,0.0,0.0,27.0,0.0,0.0,0.0,601.0,448.0,0.0,0.0,0.0,357.0,0.0,0.0,1037.0,99.0,329.0,0.0,84.0,0.0,1.0,192.0,508.0,0.0,0.0,105.0,542.0,195.0
2021-05-05 04:00:00+00:00,265.0,663.0,336.0,322.0,256.0,17.0,34.0,0.0,0.0,0.0,0.0,0.0,0.0,0.0,0.0,0.0,0.0,0.0,0.0,0.0,601.0,345.0,0.0,3.0,0.0,245.0,0.0,122.0,706.0,18.0,0.0,0.0,204.0,0.0,2.0,34.0,525.0,0.0,0.0,0.0,561.0,195.0
2021-05-05 05:00:00+00:00,277.0,632.0,320.0,305.0,285.0,0.0,0.0,0.0,0.0,0.0,0.0,0.0,4.0,0.0,0.0,0.0,0.0,34.0,0.0,0.0,600.0,280.0,0.0,49.0,0.0,6.0,0.0,102.0,667.0,18.0,65.0,0.0,158.0,0.0,0.0,53.0,478.0,0.0,0.0,0.0,564.0,194.0
2021-05-05 06:00:00+00:00,236.0,621.0,344.0,338.0,336.0,0.0,0.0,0.0,0.0,0.0,0.0,0.0,0.0,0.0,0.0,0.0,0.0,25.0,0.0,0.0,601.0,268.0,0.0,39.0,0.0,0.0,0.0,104.0,666.0,36.0,125.0,1.0,174.0,0.0,0.0,3.0,494.0,0.0,4.0,0.0,548.0,195.0
2021-05-05 07:00:00+00:00,231.0,331.0,405.0,360.0,343.0,0.0,0.0,0.0,0.0,0.0,0.0,0.0,3.0,0.0,0.0,0.0,0.0,14.0,0.0,0.0,601.0,250.0,0.0,42.0,0.0,53.0,0.0,104.0,666.0,23.0,145.0,0.0,124.0,0.0,0.0,0.0,470.0,0.0,56.0,0.0,550.0,194.0
2021-05-05 08:00:00+00:00,211.0,462.0,421.0,381.0,355.0,0.0,0.0,0.0,0.0,0.0,0.0,0.0,3.0,0.0,0.0,0.0,4.0,23.0,0.0,0.0,601.0,271.0,0.0,0.0,0.0,135.0,0.0,114.0,665.0,76.0,96.0,0.0,67.0,0.0,0.0,0.0,513.0,0.0,106.0,0.0,555.0,194.0
2021-05-05 09:00:00+00:00,181.0,517.0,426.0,388.0,383.0,0.0,0.0,0.0,0.0,0.0,0.0,0.0,1.0,0.0,0.0,0.0,27.0,12.0,0.0,0.0,601.0,272.0,0.0,0.0,0.0,207.0,0.0,141.0,665.0,83.0,86.0,0.0,57.0,0.0,0.0,0.0,567.0,0.0,135.0,0.0,561.0,194.0
2021-05-05 10:00:00+00:00,180.0,595.0,423.0,387.0,359.0,0.0,0.0,0.0,0.0,0.0,0.0,0.0,0.0,14.0,0.0,0.0,81.0,15.0,0.0,0.0,601.0,286.0,0.0,0.0,0.0,200.0,0.0,89.0,665.0,86.0,92.0,0.0,11.0,0.0,3.0,0.0,536.0,0.0,66.0,0.0,566.0,194.0
2021-05-05 11:00:00+00:00,137.0,601.0,391.0,360.0,344.0,16.0,0.0,0.0,0.0,0.0,0.0,0.0,0.0,6.0,0.0,0.0,65.0,0.0,0.0,0.0,493.0,225.0,0.0,0.0,0.0,239.0,0.0,127.0,665.0,104.0,76.0,0.0,17.0,0.0,5.0,0.0,505.0,0.0,87.0,0.0,559.0,195.0
2021-05-05 12:00:00+00:00,85.0,569.0,383.0,342.0,347.0,247.0,0.0,0.0,0.0,0.0,0.0,0.0,0.0,0.0,0.0,0.0,74.0,0.0,0.0,0.0,601.0,169.0,0.0,0.0,0.0,274.0,0.0,181.0,1156.0,131.0,296.0,0.0,53.0,0.0,5.0,0.0,473.0,0.0,135.0,0.0,557.0,194.0
2021-05-05 13:00:00+00:00,102.0,544.0,385.0,352.0,359.0,286.0,0.0,0.0,0.0,0.0,0.0,0.0,0.0,0.0,0.0,0.0,86.0,0.0,0.0,0.0,601.0,196.0,0.0,0.0,0.0,309.0,0.0,166.0,1435.0,129.0,245.0,0.0,72.0,0.0,5.0,0.0,480.0,0.0,94.0,0.0,578.0,194.0
2021-05-05 14:00:00+00:00,120.0,500.0,336.0,362.0,396.0,280.0,0.0,0.0,0.0,0.0,0.0,0.0,0.0,0.0,0.0,0.0,91.0,0.0,0.0,0.0,601.0,177.0,0.0,0.0,0.0,331.0,0.0,153.0,1445.0,130.0,242.0,0.0,96.0,0.0,4.0,0.0,518.0,0.0,44.0,0.0,589.0,194.0
2021-05-05 15:00:00+00:00,210.0,385.0,365.0,378.0,390.0,232.0,0.0,0.0,0.0,0.0,0.0,0.0,1.0,0.0,0.0,0.0,93.0,0.0,0.0,0.0,601.0,244.0,0.0,0.0,0.0,239.0,0.0,156.0,1032.0,139.0,275.0,0.0,109.0,0.0,0.0,0.0,545.0,0.0,8.0,0.0,589.0,195.0
2021-05-05 16:00:00+00:00,293.0,221.0,381.0,380.0,369.0,39.0,0.0,0.0,0.0,0.0,0.0,0.0,8.0,0.0,0.0,0.0,53.0,0.0,0.0,0.0,601.0,262.0,0.0,0.0,0.0,120.0,0.0,129.0,696.0,91.0,21.0,0.0,116.0,0.0,0.0,94.0,503.0,0.0,0.0,0.0,551.0,197.0
2021-05-05 17:00:00+00:00,318.0,230.0,361.0,376.0,353.0,0.0,0.0,0.0,0.0,0.0,0.0,0.0,7.0,0.0,0.0,0.0,0.0,27.0,0.0,0.0,601.0,253.0,0.0,1.0,0.0,60.0,0.0,60.0,665.0,101.0,33.0,0.0,126.0,0.0,0.0,187.0,527.0,0.0,0.0,0.0,528.0,196.0
2021-05-05 18:00:00+00:00,318.0,360.0,354.0,401.0,388.0,353.0,0.0,0.0,0.0,0.0,0.0,0.0,2.0,0.0,0.0,0.0,0.0,0.0,0.0,0.0,601.0,252.0,0.0,0.0,0.0,0.0,0.0,61.0,1152.0,107.0,200.0,22.0,126.0,0.0,0.0,207.0,545.0,0.0,0.0,0.0,555.0,194.0
2021-05-05 19:00:00+00:00,261.0,316.0,378.0,383.0,386.0,478.0,0.0,0.0,0.0,0.0,0.0,0.0,0.0,0.0,0.0,0.0,0.0,0.0,0.0,0.0,601.0,251.0,0.0,0.0,0.0,185.0,0.0,141.0,1438.0,102.0,60.0,0.0,186.0,0.0,2.0,63.0,521.0,0.0,0.0,0.0,552.0,195.0
2021-05-05 20:00:00+00:00,179.0,328.0,422.0,384.0,383.0,460.0,0.0,0.0,0.0,0.0,0.0,0.0,0.0,0.0,0.0,0.0,0.0,0.0,0.0,0.0,600.0,271.0,0.0,0.0,0.0,284.0,0.0,120.0,1452.0,51.0,111.0,0.0,253.0,0.0,3.0,29.0,547.0,0.0,2.0,0.0,574.0,193.0
2021-05-05 21:00:00+00:00,224.0,319.0,423.0,407.0,364.0,479.0,0.0,0.0,0.0,0.0,0.0,0.0,0.0,0.0,0.0,0.0,0.0,0.0,0.0,0.0,588.0,381.0,0.0,0.0,0.0,330.0,0.0,132.0,1454.0,59.0,126.0,0.0,211.0,0.0,3.0,0.0,527.0,0.0,47.0,0.0,564.0,193.0
2021-05-05 22:00:00+00:00,208.0,518.0,299.0,343.0,293.0,633.0,0.0,0.0,0.0,0.0,0.0,0.0,0.0,0.0,0.0,0.0,1.0,0.0,0.0,0.0,600.0,344.0,0.0,0.0,0.0,294.0,0.0,82.0,1451.0,102.0,149.0,0.0,247.0,0.0,4.0,0.0,464.0,1.0,118.0,0.0,601.0,193.0
2021-05-05 23:00:00+00:00,239.0,562.0,265.0,327.0,239.0,635.0,45.0,0.0,0.0,0.0,0.0,0.0,0.0,0.0,0.0,0.0,23.0,0.0,0.0,0.0,601.0,401.0,0.0,0.0,0.0,280.0,0.0,36.0,1451.0,115.0,0.0,0.0,236.0,0.0,6.0,0.0,436.0,1.0,47.0,0.0,632.0,192.0
2021-05-06 00:00:00+00:00,237.0,673.0,248.0,321.0,224.0,597.0,0.0,0.0,0.0,0.0,0.0,0.0,0.0,0.0,0.0,0.0,18.0,0.0,0.0,0.0,601.0,406.0,0.0,0.0,0.0,262.0,0.0,31.0,1450.0,96.0,77.0,0.0,285.0,0.0,8.0,0.0,437.0,0.0,42.0,2.0,631.0,192.0
2021-05-06 01:00:00+00:00,255.0,658.0,270.0,286.0,157.0,535.0,0.0,0.0,0.0,0.0,0.0,0.0,0.0,0.0,0.0,0.0,17.0,0.0,0.0,0.0,601.0,415.0,0.0,0.0,0.0,305.0,0.0,6.0,1457.0,105.0,114.0,0.0,312.0,0.0,8.0,0.0,402.0,0.0,17.0,14.0,616.0,190.0
2021-05-06 02:00:00+00:00,239.0,635.0,252.0,279.0,143.0,476.0,0.0,0.0,0.0,0.0,0.0,0.0,0.0,0.0,0.0,0.0,25.0,0.0,0.0,0.0,600.0,440.0,0.0,0.0,0.0,285.0,0.0,1.0,1448.0,103.0,155.0,0.0,311.0,0.0,7.0,0.0,411.0,0.0,43.0,11.0,589.0,191.0
2021-05-06 03:00:00+00:00,211.0,643.0,299.0,284.0,186.0,322.0,0.0,0.0,0.0,0.0,0.0,0.0,0.0,0.0,0.0,0.0,25.0,0.0,0.0,0.0,600.0,394.0,0.0,0.0,0.0,175.0,0.0,0.0,1135.0,101.0,173.0,0.0,349.0,0.0,6.0,5.0,423.0,0.0,33.0,45.0,566.0,190.0
2021-05-06 04:00:00+00:00,176.0,1085.0,198.0,258.0,245.0,0.0,37.0,0.0,0.0,0.0,0.0,0.0,0.0,0.0,0.0,0.0,0.0,6.0,0.0,0.0,600.0,217.0,0.0,0.0,0.0,44.0,0.0,26.0,732.0,27.0,0.0,0.0,465.0,0.0,12.0,0.0,373.0,1.0,53.0,0.0,615.0,189.0
2021-05-06 05:00:00+00:00,190.0,1158.0,193.0,201.0,194.0,0.0,0.0,0.0,0.0,0.0,0.0,0.0,0.0,0.0,0.0,0.0,0.0,19.0,0.0,0.0,601.0,79.0,0.0,50.0,0.0,0.0,0.0,0.0,664.0,26.0,46.0,108.0,470.0,0.0,10.0,4.0,292.0,0.0,8.0,35.0,607.0,190.0
2021-05-06 06:00:00+00:00,140.0,1130.0,178.0,228.0,269.0,61.0,0.0,0.0,7.0,0.0,0.0,0.0,0.0,0.0,0.0,0.0,0.0,0.0,0.0,0.0,601.0,16.0,0.0,46.0,0.0,0.0,0.0,1.0,665.0,44.0,39.0,99.0,418.0,0.0,9.0,0.0,310.0,2.0,46.0,22.0,574.0,196.0
2021-05-06 07:00:00+00:00,132.0,916.0,191.0,246.0,260.0,86.0,0.0,0.0,1.0,0.0,0.0,0.0,0.0,0.0,0.0,0.0,0.0,0.0,0.0,0.0,601.0,61.0,0.0,1.0,0.0,0.0,0.0,15.0,651.0,47.0,34.0,5.0,342.0,0.0,9.0,0.0,332.0,0.0,102.0,1.0,547.0,194.0
2021-05-06 08:00:00+00:00,115.0,922.0,236.0,250.0,262.0,163.0,76.0,0.0,1.0,0.0,0.0,0.0,0.0,0.0,0.0,0.0,0.0,0.0,0.0,0.0,601.0,74.0,0.0,2.0,0.0,134.0,0.0,0.0,650.0,68.0,0.0,0.0,240.0,0.0,10.0,0.0,400.0,0.0,56.0,27.0,536.0,196.0
2021-05-06 09:00:00+00:00,54.0,1092.0,221.0,246.0,313.0,179.0,76.0,0.0,9.0,1.0,0.0,0.0,0.0,0.0,0.0,0.0,30.0,0.0,0.0,0.0,601.0,11.0,0.0,0.0,0.0,184.0,0.0,44.0,651.0,67.0,0.0,0.0,283.0,0.0,14.0,0.0,409.0,1.0,120.0,0.0,537.0,192.0
2021-05-06 10:00:00+00:00,36.0,1137.0,226.0,223.0,321.0,222.0,134.0,0.0,62.0,1.0,0.0,0.0,0.0,0.0,0.0,0.0,33.0,0.0,0.0,0.0,600.0,0.0,0.0,0.0,0.0,200.0,0.0,101.0,650.0,79.0,0.0,0.0,320.0,0.0,13.0,0.0,375.0,1.0,168.0,0.0,536.0,192.0
2021-05-06 11:00:00+00:00,15.0,1146.0,212.0,204.0,317.0,200.0,120.0,0.0,108.0,9.0,0.0,0.0,0.0,0.0,0.0,0.0,66.0,0.0,0.0,0.0,542.0,0.0,0.0,0.0,0.0,199.0,0.0,106.0,650.0,70.0,0.0,0.0,325.0,0.0,13.0,0.0,319.0,0.0,171.0,0.0,533.0,194.0
2021-05-06 12:00:00+00:00,33.0,1125.0,114.0,202.0,282.0,435.0,0.0,0.0,83.0,5.0,0.0,0.0,0.0,0.0,0.0,0.0,34.0,0.0,0.0,0.0,526.0,0.0,0.0,0.0,0.0,288.0,0.0,128.0,1143.0,69.0,196.0,0.0,361.0,0.0,12.0,0.0,275.0,4.0,185.0,0.0,536.0,194.0
2021-05-06 13:00:00+00:00,70.0,1146.0,75.0,217.0,318.0,413.0,0.0,0.0,67.0,1.0,0.0,0.0,0.0,0.0,0.0,0.0,48.0,0.0,0.0,0.0,545.0,0.0,0.0,0.0,0.0,302.0,0.0,160.0,1433.0,78.0,240.0,0.0,388.0,0.0,12.0,0.0,276.0,30.0,201.0,0.0,552.0,196.0
2021-05-06 14:00:00+00:00,130.0,1110.0,82.0,206.0,295.0,397.0,0.0,0.0,62.0,0.0,0.0,0.0,0.0,0.0,0.0,0.0,76.0,0.0,0.0,0.0,547.0,0.0,0.0,0.0,0.0,306.0,0.0,179.0,1446.0,76.0,216.0,0.0,413.0,0.0,10.0,0.0,303.0,13.0,220.0,0.0,561.0,195.0
2021-05-06 15:00:00+00:00,186.0,1193.0,178.0,230.0,320.0,421.0,0.0,0.0,24.0,0.0,0.0,0.0,0.0,0.0,0.0,0.0,47.0,0.0,0.0,0.0,594.0,2.0,0.0,0.0,0.0,48.0,0.0,283.0,1141.0,79.0,214.0,0.0,505.0,0.0,10.0,0.0,335.0,1.0,248.0,0.0,601.0,193.0
2021-05-06 16:00:00+00:00,183.0,1083.0,202.0,223.0,299.0,112.0,0.0,0.0,32.0,0.0,0.0,0.0,0.0,0.0,0.0,0.0,0.0,0.0,0.0,0.0,576.0,4.0,0.0,1.0,0.0,0.0,0.0,309.0,727.0,5.0,30.0,86.0,531.0,0.0,4.0,0.0,347.0,0.0,195.0,0.0,630.0,194.0
2021-05-06 17:00:00+00:00,189.0,1022.0,184.0,192.0,276.0,138.0,0.0,0.0,89.0,0.0,0.0,0.0,2.0,0.0,0.0,0.0,0.0,0.0,0.0,0.0,576.0,0.0,0.0,27.0,0.0,0.0,0.0,263.0,665.0,6.0,22.0,279.0,510.0,0.0,0.0,0.0,340.0,0.0,123.0,0.0,610.0,197.0
2021-05-06 18:00:00+00:00,159.0,880.0,182.0,193.0,297.0,442.0,0.0,0.0,115.0,0.0,0.0,0.0,5.0,0.0,0.0,0.0,0.0,0.0,0.0,0.0,581.0,0.0,0.0,27.0,0.0,0.0,0.0,232.0,1151.0,73.0,191.0,278.0,445.0,0.0,0.0,0.0,339.0,0.0,98.0,0.0,609.0,192.0
2021-05-06 19:00:00+00:00,181.0,922.0,222.0,204.0,273.0,645.0,65.0,0.0,39.0,0.0,0.0,0.0,1.0,0.0,0.0,0.0,0.0,0.0,0.0,0.0,593.0,1.0,0.0,49.0,0.0,0.0,0.0,263.0,1438.0,86.0,0.0,152.0,446.0,0.0,0.0,0.0,333.0,0.0,180.0,0.0,616.0,193.0
2021-05-06 20:00:00+00:00,100.0,872.0,248.0,237.0,329.0,672.0,91.0,0.0,27.0,0.0,0.0,0.0,0.0,0.0,0.0,0.0,0.0,0.0,0.0,0.0,600.0,3.0,0.0,36.0,0.0,0.0,0.0,297.0,1451.0,102.0,0.0,147.0,470.0,0.0,2.0,0.0,392.0,0.0,244.0,0.0,649.0,192.0
2021-05-06 21:00:00+00:00,142.0,696.0,253.0,260.0,274.0,736.0,223.0,0.0,2.0,0.0,0.0,0.0,0.0,0.0,0.0,0.0,0.0,0.0,0.0,0.0,600.0,104.0,0.0,2.0,0.0,0.0,0.0,308.0,1451.0,156.0,0.0,42.0,448.0,0.0,2.0,0.0,413.0,1.0,294.0,0.0,655.0,194.0
2021-05-06 22:00:00+00:00,165.0,566.0,230.0,277.0,220.0,713.0,0.0,0.0,0.0,0.0,0.0,0.0,0.0,0.0,0.0,0.0,0.0,0.0,0.0,0.0,600.0,246.0,0.0,1.0,0.0,166.0,0.0,257.0,1453.0,112.0,7.0,0.0,330.0,0.0,5.0,0.0,424.0,0.0,242.0,0.0,662.0,193.0
2021-05-06 23:00:00+00:00,188.0,462.0,288.0,266.0,197.0,699.0,0.0,0.0,0.0,0.0,0.0,0.0,0.0,0.0,0.0,0.0,23.0,0.0,0.0,0.0,600.0,285.0,0.0,0.0,0.0,92.0,0.0,140.0,1451.0,101.0,27.0,0.0,340.0,0.0,3.0,0.0,420.0,0.0,162.0,0.0,623.0,193.0
2021-05-07 00:00:00+00:00,183.0,511.0,255.0,250.0,176.0,669.0,0.0,0.0,0.0,0.0,0.0,0.0,0.0,0.0,0.0,0.0,19.0,0.0,0.0,0.0,601.0,280.0,0.0,0.0,0.0,96.0,0.0,98.0,1452.0,96.0,62.0,0.0,364.0,0.0,5.0,0.0,423.0,0.0,149.0,0.0,591.0,193.0
2021-05-07 01:00:00+00:00,177.0,543.0,225.0,232.0,157.0,630.0,0.0,0.0,0.0,0.0,0.0,0.0,0.0,0.0,0.0,0.0,19.0,0.0,0.0,0.0,601.0,252.0,0.0,0.0,0.0,88.0,0.0,115.0,1459.0,123.0,80.0,0.0,394.0,0.0,5.0,0.0,397.0,0.0,177.0,0.0,579.0,194.0
2021-05-07 02:00:00+00:00,177.0,541.0,193.0,230.0,144.0,610.0,0.0,0.0,0.0,0.0,0.0,0.0,0.0,0.0,0.0,0.0,25.0,0.0,0.0,0.0,600.0,281.0,0.0,0.0,0.0,14.0,0.0,84.0,1450.0,118.0,80.0,0.0,398.0,0.0,5.0,0.0,398.0,1.0,136.0,0.0,593.0,194.0
2021-05-07 03:00:00+00:00,148.0,632.0,254.0,256.0,184.0,652.0,0.0,0.0,0.0,0.0,0.0,0.0,0.0,0.0,0.0,0.0,0.0,0.0,0.0,0.0,600.0,304.0,0.0,0.0,0.0,0.0,0.0,67.0,1138.0,144.0,70.0,138.0,430.0,0.0,6.0,0.0,426.0,0.0,73.0,0.0,606.0,194.0
2021-05-07 04:00:00+00:00,236.0,758.0,158.0,248.0,208.0,271.0,280.0,0.0,0.0,0.0,0.0,0.0,0.0,0.0,0.0,0.0,0.0,0.0,0.0,0.0,600.0,229.0,0.0,19.0,0.0,0.0,0.0,251.0,730.0,21.0,0.0,144.0,534.0,0.0,5.0,0.0,414.0,2.0,192.0,0.0,617.0,193.0
2021-05-07 05:00:00+00:00,198.0,831.0,207.0,239.0,213.0,119.0,28.0,0.0,0.0,0.0,0.0,0.0,0.0,0.0,0.0,0.0,0.0,0.0,36.0,0.0,600.0,157.0,0.0,65.0,0.0,0.0,0.0,275.0,666.0,0.0,0.0,221.0,545.0,0.0,2.0,0.0,388.0,0.0,170.0,0.0,619.0,193.0
2021-05-07 06:00:00+00:00,196.0,908.0,235.0,245.0,264.0,131.0,2.0,0.0,0.0,0.0,0.0,0.0,0.0,0.0,0.0,0.0,0.0,0.0,24.0,0.0,601.0,75.0,0.0,76.0,0.0,0.0,0.0,258.0,666.0,0.0,0.0,156.0,507.0,0.0,2.0,0.0,389.0,0.0,134.0,0.0,617.0,191.0
2021-05-07 07:00:00+00:00,178.0,894.0,263.0,281.0,341.0,197.0,27.0,0.0,1.0,0.0,0.0,0.0,0.0,0.0,0.0,0.0,0.0,0.0,23.0,0.0,601.0,46.0,0.0,38.0,0.0,0.0,0.0,362.0,666.0,0.0,0.0,162.0,509.0,0.0,3.0,0.0,412.0,0.0,237.0,0.0,615.0,193.0
2021-05-07 08:00:00+00:00,178.0,916.0,318.0,328.0,390.0,166.0,27.0,0.0,1.0,0.0,0.0,0.0,0.0,0.0,0.0,0.0,0.0,0.0,21.0,0.0,601.0,100.0,0.0,14.0,0.0,32.0,0.0,371.0,665.0,0.0,0.0,0.0,503.0,0.0,6.0,0.0,449.0,0.0,257.0,0.0,625.0,194.0
2021-05-07 09:00:00+00:00,174.0,926.0,348.0,350.0,390.0,267.0,151.0,0.0,0.0,0.0,0.0,0.0,0.0,0.0,0.0,0.0,13.0,0.0,0.0,0.0,601.0,163.0,0.0,0.0,0.0,182.0,0.0,400.0,664.0,26.0,0.0,0.0,507.0,0.0,9.0,0.0,530.0,0.0,301.0,0.0,624.0,195.0
2021-05-07 10:00:00+00:00,85.0,962.0,382.0,348.0,436.0,265.0,161.0,0.0,0.0,0.0,0.0,0.0,0.0,0.0,0.0,0.0,2.0,0.0,0.0,0.0,600.0,101.0,0.0,0.0,0.0,192.0,0.0,354.0,665.0,23.0,0.0,0.0,447.0,0.0,8.0,0.0,522.0,0.0,258.0,0.0,592.0,195.0
2021-05-07 11:00:00+00:00,8.0,1074.0,309.0,302.0,451.0,235.0,128.0,0.0,27.0,13.0,0.0,0.0,0.0,0.0,0.0,0.0,0.0,0.0,0.0,0.0,560.0,1.0,0.0,1.0,0.0,152.0,0.0,363.0,664.0,30.0,0.0,0.0,450.0,0.0,13.0,0.0,453.0,0.0,235.0,0.0,610.0,196.0
2021-05-07 12:00:00+00:00,32.0,1031.0,321.0,265.0,381.0,412.0,0.0,0.0,31.0,3.0,0.0,0.0,0.0,0.0,0.0,0.0,5.0,0.0,0.0,0.0,495.0,1.0,0.0,0.0,0.0,178.0,0.0,380.0,1152.0,47.0,168.0,0.0,453.0,0.0,10.0,0.0,367.0,0.0,266.0,0.0,580.0,195.0
2021-05-07 13:00:00+00:00,108.0,856.0,299.0,290.0,346.0,434.0,0.0,0.0,0.0,0.0,0.0,0.0,0.0,0.0,0.0,0.0,19.0,0.0,0.0,0.0,580.0,94.0,0.0,0.0,0.0,274.0,0.0,356.0,1433.0,33.0,183.0,0.0,394.0,0.0,7.0,0.0,448.0,0.0,244.0,0.0,575.0,193.0
2021-05-07 14:00:00+00:00,205.0,762.0,343.0,327.0,304.0,419.0,0.0,0.0,0.0,0.0,0.0,0.0,0.0,0.0,0.0,0.0,42.0,0.0,0.0,0.0,600.0,248.0,0.0,0.0,0.0,254.0,0.0,354.0,1445.0,36.0,187.0,0.0,360.0,0.0,7.0,0.0,496.0,0.0,222.0,0.0,583.0,194.0
2021-05-07 15:00:00+00:00,239.0,767.0,327.0,306.0,235.0,380.0,0.0,0.0,0.0,0.0,0.0,0.0,0.0,0.0,0.0,0.0,64.0,0.0,0.0,0.0,601.0,272.0,0.0,0.0,0.0,93.0,0.0,311.0,1140.0,49.0,206.0,0.0,367.0,0.0,9.0,0.0,442.0,0.0,221.0,0.0,580.0,193.0
2021-05-07 16:00:00+00:00,234.0,819.0,298.0,324.0,288.0,213.0,69.0,0.0,0.0,0.0,0.0,0.0,0.0,0.0,0.0,0.0,26.0,0.0,5.0,0.0,601.0,238.0,0.0,0.0,0.0,0.0,0.0,330.0,734.0,0.0,0.0,30.0,418.0,0.0,144.0,0.0,456.0,0.0,225.0,0.0,589.0,193.0
2021-05-07 17:00:00+00:00,195.0,773.0,254.0,302.0,315.0,259.0,190.0,0.0,0.0,0.0,0.0,0.0,0.0,0.0,0.0,0.0,0.0,0.0,0.0,0.0,601.0,155.0,0.0,1.0,0.0,0.0,0.0,318.0,652.0,72.0,0.0,60.0,474.0,0.0,404.0,0.0,461.0,0.0,171.0,0.0,606.0,194.0
2021-05-07 18:00:00+00:00,208.0,634.0,262.0,311.0,315.0,552.0,35.0,0.0,0.0,0.0,0.0,0.0,0.0,0.0,0.0,0.0,0.0,0.0,0.0,0.0,601.0,169.0,0.0,29.0,0.0,2.0,0.0,296.0,1151.0,158.0,0.0,0.0,401.0,0.0,337.0,0.0,445.0,0.0,162.0,0.0,597.0,194.0
2021-05-07 19:00:00+00:00,190.0,736.0,270.0,312.0,330.0,785.0,136.0,0.0,0.0,0.0,0.0,0.0,0.0,0.0,0.0,0.0,0.0,0.0,0.0,0.0,601.0,181.0,0.0,3.0,0.0,74.0,0.0,342.0,1442.0,190.0,0.0,0.0,426.0,0.0,375.0,0.0,437.0,0.0,224.0,0.0,619.0,194.0
2021-05-07 20:00:00+00:00,146.0,589.0,298.0,354.0,374.0,751.0,85.0,0.0,0.0,0.0,0.0,0.0,0.0,0.0,0.0,0.0,0.0,0.0,0.0,0.0,601.0,224.0,0.0,3.0,0.0,15.0,0.0,401.0,1453.0,182.0,0.0,0.0,485.0,0.0,387.0,0.0,461.0,0.0,344.0,0.0,630.0,195.0
2021-05-07 21:00:00+00:00,176.0,665.0,311.0,332.0,327.0,687.0,0.0,0.0,0.0,0.0,0.0,0.0,0.0,0.0,0.0,0.0,0.0,0.0,0.0,0.0,601.0,239.0,0.0,1.0,0.0,70.0,0.0,301.0,1455.0,140.0,51.0,0.0,462.0,0.0,378.0,0.0,439.0,0.0,277.0,0.0,657.0,195.0
2021-05-07 22:00:00+00:00,135.0,314.0,309.0,330.0,288.0,561.0,0.0,0.0,0.0,0.0,0.0,0.0,0.0,0.0,0.0,0.0,0.0,0.0,0.0,0.0,601.0,306.0,0.0,2.0,0.0,451.0,0.0,162.0,1456.0,81.0,211.0,0.0,225.0,0.0,275.0,0.0,460.0,0.0,121.0,0.0,637.0,194.0
2021-05-07 23:00:00+00:00,170.0,284.0,330.0,329.0,244.0,589.0,0.0,0.0,0.0,0.0,0.0,0.0,0.0,0.0,0.0,0.0,19.0,0.0,0.0,0.0,601.0,372.0,0.0,0.0,0.0,469.0,0.0,120.0,1457.0,84.0,166.0,0.0,193.0,0.0,249.0,0.0,454.0,0.0,93.0,0.0,619.0,195.0
2021-05-08 00:00:00+00:00,182.0,255.0,296.0,318.0,233.0,595.0,0.0,0.0,0.0,0.0,0.0,0.0,0.0,0.0,0.0,0.0,14.0,0.0,0.0,0.0,601.0,368.0,0.0,0.0,0.0,470.0,0.0,140.0,1455.0,72.0,170.0,0.0,232.0,0.0,250.0,0.0,452.0,0.0,146.0,0.0,589.0,195.0
2021-05-08 01:00:00+00:00,189.0,230.0,283.0,294.0,215.0,559.0,0.0,0.0,0.0,0.0,0.0,0.0,0.0,0.0,0.0,0.0,13.0,0.0,0.0,0.0,601.0,335.0,0.0,0.0,0.0,415.0,0.0,117.0,1460.0,77.0,195.0,0.0,279.0,0.0,240.0,0.0,437.0,0.0,143.0,0.0,566.0,195.0
2021-05-08 02:00:00+00:00,197.0,271.0,332.0,314.0,245.0,552.0,0.0,0.0,0.0,0.0,0.0,0.0,0.0,0.0,0.0,0.0,16.0,0.0,0.0,0.0,601.0,362.0,0.0,0.0,0.0,388.0,0.0,165.0,1449.0,66.0,192.0,0.0,302.0,0.0,257.0,0.0,481.0,0.0,192.0,0.0,565.0,195.0
2021-05-08 03:00:00+00:00,169.0,488.0,378.0,357.0,346.0,541.0,0.0,0.0,0.0,0.0,0.0,0.0,0.0,0.0,0.0,0.0,0.0,0.0,0.0,0.0,601.0,392.0,0.0,45.0,0.0,260.0,0.0,304.0,1450.0,79.0,194.0,0.0,420.0,0.0,386.0,0.0,541.0,0.0,307.0,0.0,586.0,191.0
2021-05-08 04:00:00+00:00,165.0,526.0,414.0,390.0,374.0,508.0,0.0,0.0,0.0,0.0,0.0,0.0,0.0,0.0,0.0,0.0,0.0,0.0,0.0,0.0,601.0,437.0,0.0,87.0,0.0,136.0,0.0,319.0,1450.0,86.0,235.0,0.0,434.0,0.0,419.0,0.0,541.0,0.0,289.0,0.0,569.0,193.0
2021-05-08 05:00:00+00:00,56.0,489.0,429.0,375.0,439.0,475.0,0.0,0.0,0.0,0.0,0.0,0.0,0.0,0.0,0.0,0.0,0.0,0.0,0.0,0.0,601.0,270.0,0.0,105.0,0.0,172.0,0.0,350.0,1448.0,113.0,268.0,0.0,366.0,0.0,393.0,0.0,545.0,0.0,315.0,0.0,529.0,196.0
2021-05-08 06:00:00+00:00,14.0,393.0,434.0,388.0,495.0,551.0,0.0,0.0,0.0,4.0,0.0,0.0,0.0,0.0,0.0,0.0,0.0,0.0,0.0,0.0,602.0,204.0,0.0,71.0,0.0,152.0,0.0,355.0,1444.0,166.0,98.0,0.0,240.0,0.0,333.0,0.0,573.0,0.0,355.0,0.0,489.0,196.0
2021-05-08 07:00:00+00:00,22.0,241.0,458.0,399.0,490.0,489.0,0.0,0.0,0.0,2.0,0.0,0.0,0.0,0.0,0.0,0.0,0.0,0.0,0.0,0.0,602.0,198.0,0.0,0.0,0.0,178.0,0.0,358.0,1449.0,80.0,231.0,0.0,145.0,0.0,265.0,0.0,580.0,0.0,386.0,0.0,439.0,195.0
2021-05-08 08:00:00+00:00,50.0,150.0,474.0,418.0,465.0,528.0,0.0,0.0,0.0,0.0,0.0,0.0,0.0,0.0,0.0,0.0,0.0,0.0,0.0,0.0,602.0,259.0,0.0,11.0,0.0,224.0,0.0,329.0,1438.0,88.0,224.0,0.0,61.0,0.0,202.0,0.0,563.0,0.0,327.0,0.0,334.0,193.0
2021-05-08 09:00:00+00:00,40.0,82.0,485.0,418.0,416.0,508.0,0.0,0.0,0.0,1.0,0.0,0.0,0.0,23.0,0.0,0.0,0.0,0.0,,0.0,602.0,317.0,0.0,23.0,0.0,292.0,0.0,273.0,1444.0,,251.0,0.0,5.0,0.0,164.0,0.0,555.0,0.0,265.0,0.0,327.0,197.0
2021-05-08 10:00:00+00:00,14.0,0.0,378.0,390.0,334.0,420.0,0.0,0.0,0.0,8.0,0.0,38.0,0.0,102.0,0.0,0.0,0.0,0.0,0.0,0.0,602.0,329.0,0.0,39.0,0.0,305.0,0.0,189.0,1444.0,64.0,145.0,0.0,0.0,0.0,108.0,0.0,521.0,0.0,154.0,0.0,314.0,195.0
2021-05-08 11:00:00+00:00,88.0,0.0,398.0,329.0,181.0,488.0,0.0,0.0,0.0,0.0,0.0,214.0,0.0,219.0,0.0,0.0,0.0,0.0,0.0,0.0,602.0,375.0,0.0,39.0,0.0,220.0,0.0,45.0,1444.0,110.0,51.0,0.0,0.0,0.0,3.0,0.0,442.0,0.0,41.0,0.0,302.0,197.0
2021-05-08 12:00:00+00:00,138.0,0.0,326.0,278.0,82.0,455.0,0.0,0.0,0.0,0.0,0.0,357.0,74.0,273.0,0.0,0.0,0.0,0.0,0.0,0.0,601.0,369.0,0.0,38.0,0.0,137.0,0.0,0.0,1444.0,111.0,86.0,0.0,0.0,0.0,0.0,109.0,363.0,0.0,0.0,132.0,267.0,196.0
2021-05-08 13:00:00+00:00,174.0,0.0,280.0,270.0,68.0,459.0,0.0,0.0,0.0,0.0,0.0,395.0,84.0,247.0,0.0,0.0,0.0,0.0,0.0,0.0,600.0,384.0,0.0,31.0,0.0,133.0,0.0,0.0,1445.0,113.0,91.0,0.0,0.0,0.0,0.0,168.0,360.0,0.0,0.0,210.0,246.0,197.0
2021-05-08 14:00:00+00:00,223.0,0.0,240.0,298.0,113.0,403.0,0.0,0.0,0.0,0.0,0.0,347.0,56.0,171.0,0.0,0.0,0.0,0.0,0.0,0.0,601.0,397.0,0.0,9.0,0.0,0.0,0.0,0.0,1444.0,91.0,146.0,17.0,0.0,0.0,0.0,206.0,374.0,0.0,0.0,213.0,232.0,196.0
2021-05-08 15:00:00+00:00,205.0,0.0,231.0,314.0,195.0,377.0,0.0,0.0,0.0,0.0,0.0,198.0,0.0,73.0,0.0,0.0,0.0,0.0,0.0,0.0,601.0,344.0,0.0,2.0,0.0,0.0,0.0,0.0,1443.0,94.0,221.0,6.0,0.0,0.0,20.0,179.0,416.0,0.0,0.0,117.0,271.0,196.0
2021-05-08 16:00:00+00:00,237.0,47.0,234.0,333.0,230.0,377.0,0.0,0.0,0.0,0.0,0.0,0.0,0.0,2.0,0.0,0.0,0.0,0.0,0.0,0.0,602.0,322.0,0.0,47.0,0.0,0.0,0.0,0.0,1443.0,70.0,256.0,127.0,38.0,0.0,94.0,79.0,414.0,0.0,0.0,68.0,403.0,195.0
2021-05-08 17:00:00+00:00,224.0,60.0,242.0,362.0,302.0,450.0,0.0,0.0,0.0,0.0,0.0,0.0,0.0,0.0,0.0,0.0,0.0,0.0,0.0,0.0,602.0,292.0,0.0,59.0,0.0,0.0,0.0,0.0,1451.0,83.0,148.0,147.0,50.0,0.0,99.0,80.0,431.0,0.0,0.0,74.0,483.0,196.0
2021-05-08 18:00:00+00:00,262.0,0.0,278.0,366.0,264.0,468.0,0.0,0.0,0.0,0.0,0.0,61.0,0.0,46.0,0.0,0.0,0.0,0.0,0.0,0.0,602.0,333.0,0.0,53.0,0.0,0.0,0.0,0.0,1454.0,93.0,131.0,110.0,1.0,0.0,40.0,168.0,415.0,0.0,0.0,172.0,469.0,197.0
2021-05-08 19:00:00+00:00,154.0,74.0,290.0,362.0,335.0,599.0,0.0,0.0,0.0,0.0,0.0,0.0,0.0,8.0,0.0,0.0,0.0,0.0,0.0,0.0,602.0,270.0,0.0,73.0,0.0,0.0,0.0,0.0,1454.0,114.0,147.0,2.0,10.0,0.0,120.0,24.0,388.0,0.0,2.0,33.0,500.0,197.0
2021-05-08 20:00:00+00:00,97.0,235.0,306.0,379.0,362.0,547.0,0.0,0.0,0.0,0.0,0.0,0.0,0.0,4.0,0.0,0.0,0.0,0.0,0.0,0.0,601.0,268.0,0.0,97.0,0.0,143.0,0.0,73.0,1460.0,79.0,227.0,0.0,36.0,0.0,202.0,0.0,405.0,0.0,99.0,0.0,562.0,195.0
2021-05-08 21:00:00+00:00,136.0,145.0,329.0,324.0,251.0,583.0,0.0,0.0,0.0,0.0,0.0,0.0,0.0,17.0,0.0,0.0,0.0,0.0,0.0,0.0,602.0,313.0,0.0,118.0,0.0,152.0,0.0,20.0,1457.0,82.0,212.0,0.0,8.0,0.0,129.0,0.0,334.0,0.0,77.0,1.0,537.0,195.0
2021-05-08 22:00:00+00:00,249.0,0.0,294.0,248.0,0.0,562.0,0.0,0.0,0.0,0.0,0.0,219.0,92.0,192.0,0.0,0.0,0.0,0.0,0.0,0.0,601.0,431.0,0.0,84.0,0.0,238.0,0.0,0.0,1457.0,83.0,220.0,0.0,0.0,7.0,0.0,139.0,222.0,0.0,0.0,264.0,462.0,196.0
2021-05-08 23:00:00+00:00,281.0,0.0,342.0,200.0,0.0,537.0,0.0,0.0,0.0,0.0,0.0,292.0,124.0,204.0,0.0,0.0,0.0,0.0,0.0,0.0,601.0,457.0,0.0,1.0,0.0,304.0,0.0,0.0,1457.0,43.0,333.0,0.0,0.0,122.0,0.0,182.0,132.0,0.0,0.0,274.0,447.0,196.0
2021-05-09 00:00:00+00:00,286.0,0.0,343.0,168.0,0.0,529.0,0.0,2.0,0.0,0.0,0.0,366.0,173.0,238.0,0.0,0.0,0.0,0.0,0.0,0.0,601.0,448.0,0.0,30.0,0.0,273.0,0.0,0.0,1456.0,40.0,306.0,0.0,0.0,176.0,0.0,273.0,69.0,0.0,0.0,320.0,369.0,193.0
2021-05-09 01:00:00+00:00,342.0,0.0,326.0,158.0,0.0,558.0,0.0,4.0,0.0,0.0,0.0,458.0,216.0,292.0,0.0,0.0,0.0,0.0,0.0,0.0,601.0,515.0,0.0,2.0,0.0,288.0,0.0,0.0,1456.0,59.0,262.0,0.0,0.0,244.0,0.0,332.0,69.0,0.0,0.0,361.0,371.0,197.0
2021-05-09 02:00:00+00:00,285.0,0.0,281.0,152.0,0.0,522.0,0.0,3.0,0.0,0.0,0.0,497.0,186.0,261.0,0.0,0.0,1.0,0.0,0.0,0.0,601.0,477.0,0.0,0.0,0.0,326.0,0.0,0.0,1456.0,47.0,271.0,0.0,0.0,224.0,0.0,343.0,86.0,3.0,0.0,388.0,370.0,195.0
2021-05-09 03:00:00+00:00,283.0,0.0,385.0,138.0,0.0,476.0,0.0,7.0,0.0,0.0,0.0,473.0,169.0,213.0,0.0,0.0,0.0,0.0,0.0,0.0,601.0,482.0,0.0,16.0,0.0,292.0,0.0,0.0,1451.0,53.0,157.0,0.0,0.0,231.0,0.0,439.0,43.0,0.0,0.0,539.0,308.0,196.0
2021-05-09 04:00:00+00:00,237.0,0.0,250.0,139.0,0.0,449.0,0.0,0.0,0.0,0.0,0.0,463.0,161.0,214.0,0.0,0.0,0.0,0.0,0.0,0.0,601.0,404.0,0.0,2.0,0.0,211.0,0.0,0.0,1453.0,40.0,169.0,0.0,0.0,189.0,0.0,503.0,101.0,0.0,0.0,498.0,205.0,194.0
2021-05-09 05:00:00+00:00,205.0,0.0,250.0,160.0,0.0,288.0,0.0,0.0,0.0,0.0,0.0,570.0,200.0,297.0,0.0,0.0,0.0,0.0,7.0,0.0,601.0,396.0,0.0,40.0,0.0,75.0,0.0,0.0,1450.0,0.0,319.0,0.0,0.0,159.0,0.0,458.0,92.0,0.0,0.0,540.0,257.0,195.0
2021-05-09 06:00:00+00:00,157.0,0.0,169.0,174.0,0.0,312.0,0.0,0.0,0.0,0.0,0.0,615.0,213.0,342.0,0.0,0.0,0.0,0.0,0.0,0.0,568.0,331.0,0.0,1.0,0.0,0.0,0.0,0.0,1444.0,0.0,332.0,75.0,0.0,102.0,0.0,363.0,139.0,1.0,0.0,483.0,260.0,195.0
2021-05-09 07:00:00+00:00,121.0,0.0,314.0,82.0,0.0,311.0,0.0,58.0,0.0,0.0,0.0,368.0,173.0,343.0,0.0,0.0,0.0,0.0,16.0,0.0,2.0,188.0,0.0,2.0,0.0,0.0,0.0,0.0,1445.0,0.0,320.0,148.0,0.0,166.0,0.0,286.0,11.0,0.0,0.0,425.0,255.0,195.0
2021-05-09 08:00:00+00:00,121.0,0.0,287.0,99.0,0.0,281.0,0.0,23.0,0.0,0.0,0.0,422.0,179.0,354.0,0.0,0.0,0.0,0.0,11.0,0.0,1.0,201.0,0.0,12.0,0.0,0.0,0.0,0.0,1445.0,0.0,313.0,122.0,0.0,148.0,0.0,204.0,14.0,0.0,0.0,393.0,238.0,195.0
2021-05-09 09:00:00+00:00,142.0,0.0,392.0,84.0,0.0,313.0,0.0,87.0,0.0,0.0,0.0,473.0,214.0,391.0,0.0,0.0,0.0,0.0,0.0,0.0,1.0,206.0,0.0,22.0,0.0,0.0,0.0,0.0,1189.0,11.0,305.0,129.0,0.0,195.0,0.0,209.0,1.0,0.0,0.0,419.0,229.0,194.0
2021-05-09 10:00:00+00:00,114.0,0.0,487.0,49.0,0.0,389.0,0.0,138.0,0.0,0.0,0.0,547.0,231.0,397.0,0.0,0.0,0.0,0.0,0.0,0.0,1.0,161.0,0.0,40.0,0.0,0.0,0.0,0.0,749.0,74.0,370.0,151.0,0.0,217.0,0.0,158.0,0.0,0.0,0.0,400.0,225.0,194.0
2021-05-09 11:00:00+00:00,84.0,0.0,483.0,11.0,0.0,342.0,0.0,191.0,0.0,0.0,0.0,600.0,250.0,380.0,0.0,0.0,0.0,0.0,0.0,0.0,1.0,80.0,10.0,53.0,0.0,0.0,0.0,0.0,662.0,100.0,81.0,206.0,0.0,258.0,0.0,192.0,0.0,0.0,0.0,369.0,148.0,194.0
2021-05-09 12:00:00+00:00,87.0,0.0,463.0,0.0,0.0,293.0,0.0,199.0,1.0,0.0,0.0,625.0,252.0,357.0,0.0,0.0,0.0,0.0,0.0,0.0,1.0,52.0,31.0,55.0,0.0,0.0,0.0,0.0,664.0,74.0,148.0,208.0,0.0,293.0,0.0,220.0,0.0,0.0,0.0,385.0,156.0,195.0
2021-05-09 13:00:00+00:00,123.0,0.0,449.0,5.0,0.0,253.0,0.0,134.0,0.0,0.0,0.0,655.0,264.0,345.0,0.0,0.0,0.0,0.0,0.0,0.0,1.0,98.0,14.0,41.0,0.0,0.0,0.0,0.0,664.0,55.0,226.0,231.0,0.0,285.0,0.0,248.0,0.0,0.0,0.0,392.0,163.0,195.0
2021-05-09 14:00:00+00:00,162.0,0.0,390.0,48.0,0.0,326.0,0.0,62.0,0.0,0.0,0.0,698.0,281.0,341.0,0.0,0.0,0.0,0.0,0.0,0.0,1.0,184.0,0.0,14.0,0.0,0.0,0.0,0.0,665.0,56.0,406.0,272.0,0.0,240.0,0.0,276.0,2.0,0.0,0.0,414.0,219.0,195.0
2021-05-09 15:00:00+00:00,224.0,0.0,278.0,121.0,0.0,278.0,0.0,10.0,0.0,0.0,0.0,619.0,232.0,257.0,0.0,0.0,0.0,0.0,0.0,0.0,1.0,241.0,0.0,19.0,0.0,0.0,0.0,0.0,1148.0,33.0,425.0,256.0,0.0,147.0,0.0,318.0,65.0,0.0,0.0,429.0,241.0,195.0
2021-05-09 16:00:00+00:00,171.0,0.0,117.0,252.0,34.0,346.0,0.0,0.0,0.0,0.0,0.0,561.0,170.0,166.0,0.0,0.0,0.0,0.0,0.0,0.0,565.0,304.0,0.0,24.0,0.0,0.0,0.0,0.0,1431.0,50.0,281.0,52.0,0.0,0.0,0.0,284.0,273.0,8.0,0.0,340.0,305.0,195.0
2021-05-09 17:00:00+00:00,89.0,0.0,151.0,307.0,170.0,321.0,0.0,0.0,0.0,0.0,0.0,444.0,113.0,125.0,0.0,0.0,0.0,0.0,0.0,0.0,601.0,245.0,0.0,66.0,0.0,0.0,0.0,0.0,1447.0,42.0,312.0,90.0,0.0,0.0,0.0,346.0,282.0,1.0,0.0,299.0,316.0,196.0
2021-05-09 18:00:00+00:00,85.0,0.0,216.0,339.0,236.0,354.0,0.0,0.0,0.0,0.0,0.0,402.0,105.0,156.0,0.0,0.0,0.0,0.0,0.0,0.0,601.0,232.0,0.0,59.0,0.0,0.0,0.0,0.0,1451.0,33.0,285.0,249.0,0.0,0.0,0.0,331.0,378.0,0.0,0.0,274.0,370.0,197.0
2021-05-09 19:00:00+00:00,77.0,0.0,262.0,338.0,240.0,374.0,0.0,0.0,0.0,0.0,0.0,301.0,62.0,148.0,0.0,0.0,0.0,0.0,9.0,0.0,601.0,245.0,0.0,75.0,0.0,0.0,0.0,0.0,1459.0,0.0,231.0,176.0,0.0,0.0,0.0,282.0,408.0,0.0,0.0,281.0,442.0,190.0
2021-05-09 20:00:00+00:00,20.0,0.0,258.0,321.0,239.0,423.0,0.0,0.0,0.0,5.0,0.0,242.0,22.0,142.0,0.0,0.0,0.0,0.0,0.0,0.0,601.0,222.0,0.0,100.0,0.0,0.0,0.0,0.0,1455.0,20.0,162.0,35.0,0.0,0.0,0.0,175.0,412.0,0.0,0.0,244.0,502.0,122.0
2021-05-09 21:00:00+00:00,121.0,0.0,235.0,274.0,132.0,417.0,0.0,0.0,0.0,0.0,0.0,321.0,66.0,164.0,0.0,0.0,0.0,0.0,0.0,0.0,601.0,267.0,0.0,50.0,0.0,0.0,0.0,0.0,1452.0,11.0,198.0,18.0,0.0,0.0,0.0,218.0,328.0,0.0,0.0,316.0,472.0,90.0
2021-05-09 22:00:00+00:00,206.0,0.0,179.0,193.0,20.0,388.0,0.0,0.0,0.0,0.0,0.0,110.0,44.0,141.0,0.0,0.0,1.0,0.0,0.0,0.0,601.0,254.0,0.0,0.0,0.0,0.0,0.0,0.0,1461.0,5.0,204.0,7.0,0.0,0.0,0.0,245.0,209.0,0.0,0.0,304.0,385.0,0.0
2021-05-09 23:00:00+00:00,229.0,0.0,105.0,162.0,0.0,391.0,0.0,0.0,0.0,0.0,0.0,62.0,13.0,57.0,0.0,0.0,0.0,0.0,0.0,0.0,601.0,233.0,0.0,0.0,0.0,40.0,0.0,0.0,1457.0,13.0,225.0,0.0,0.0,19.0,0.0,199.0,252.0,3.0,0.0,261.0,357.0,0.0
2021-05-10 00:00:00+00:00,227.0,0.0,66.0,135.0,0.0,375.0,0.0,0.0,0.0,0.0,0.0,44.0,12.0,35.0,0.0,0.0,1.0,0.0,0.0,0.0,601.0,203.0,0.0,0.0,0.0,96.0,0.0,0.0,1457.0,14.0,277.0,0.0,0.0,45.0,0.0,191.0,232.0,10.0,0.0,279.0,334.0,0.0
2021-05-10 01:00:00+00:00,245.0,0.0,54.0,118.0,0.0,360.0,0.0,0.0,0.0,0.0,0.0,101.0,25.0,19.0,0.0,0.0,0.0,0.0,0.0,0.0,601.0,199.0,0.0,1.0,0.0,59.0,0.0,0.0,1457.0,10.0,203.0,0.0,2.0,83.0,0.0,176.0,206.0,9.0,0.0,279.0,321.0,0.0
2021-05-10 02:00:00+00:00,238.0,0.0,30.0,124.0,0.0,339.0,0.0,0.0,0.0,0.0,0.0,50.0,0.0,3.0,0.0,0.0,1.0,0.0,0.0,0.0,601.0,225.0,0.0,0.0,0.0,52.0,0.0,0.0,1457.0,0.0,240.0,0.0,17.0,69.0,0.0,170.0,210.0,18.0,0.0,265.0,329.0,0.0
2021-05-10 03:00:00+00:00,261.0,0.0,97.0,178.0,0.0,379.0,0.0,0.0,0.0,0.0,0.0,38.0,0.0,0.0,0.0,0.0,1.0,0.0,0.0,0.0,601.0,283.0,0.0,0.0,0.0,0.0,0.0,0.0,1456.0,29.0,201.0,108.0,43.0,10.0,27.0,194.0,233.0,4.0,0.0,251.0,361.0,0.0
2021-05-10 04:00:00+00:00,194.0,289.0,58.0,173.0,77.0,457.0,0.0,0.0,0.0,0.0,0.0,0.0,0.0,0.0,0.0,0.0,0.0,0.0,0.0,0.0,601.0,151.0,0.0,15.0,0.0,0.0,0.0,0.0,1453.0,69.0,130.0,428.0,209.0,0.0,200.0,40.0,248.0,14.0,0.0,15.0,442.0,0.0
2021-05-10 05:00:00+00:00,140.0,227.0,21.0,137.0,54.0,404.0,0.0,0.0,3.0,0.0,0.0,0.0,0.0,0.0,0.0,0.0,0.0,0.0,0.0,0.0,601.0,24.0,0.0,66.0,0.0,0.0,0.0,0.0,1449.0,40.0,116.0,481.0,137.0,0.0,151.0,60.0,231.0,51.0,0.0,0.0,491.0,0.0
2021-05-10 06:00:00+00:00,169.0,130.0,10.0,91.0,0.0,462.0,0.0,0.0,47.0,0.0,0.0,0.0,0.0,1.0,0.0,0.0,0.0,0.0,11.0,0.0,602.0,0.0,0.0,81.0,0.0,0.0,0.0,0.0,1443.0,0.0,69.0,328.0,50.0,2.0,91.0,33.0,144.0,68.0,0.0,0.0,483.0,0.0
2021-05-10 07:00:00+00:00,87.0,125.0,23.0,107.0,75.0,522.0,0.0,0.0,111.0,0.0,0.0,0.0,0.0,3.0,0.0,0.0,0.0,0.0,25.0,0.0,603.0,0.0,0.0,108.0,0.0,0.0,0.0,0.0,1445.0,0.0,38.0,264.0,18.0,0.0,98.0,0.0,175.0,50.0,33.0,0.0,396.0,0.0
2021-05-10 08:00:00+00:00,57.0,75.0,19.0,104.0,105.0,428.0,0.0,0.0,155.0,0.0,0.0,0.0,0.0,38.0,0.0,0.0,0.0,0.0,60.0,0.0,602.0,0.0,0.0,61.0,0.0,0.0,0.0,0.0,1444.0,0.0,19.0,121.0,1.0,0.0,67.0,0.0,150.0,50.0,48.0,0.0,339.0,0.0
2021-05-10 09:00:00+00:00,3.0,74.0,14.0,126.0,172.0,493.0,58.0,0.0,183.0,21.0,0.0,0.0,0.0,91.0,0.0,0.0,0.0,0.0,38.0,0.0,602.0,0.0,0.0,10.0,0.0,0.0,0.0,0.0,1441.0,0.0,0.0,43.0,0.0,0.0,61.0,0.0,187.0,45.0,40.0,0.0,332.0,0.0
2021-05-10 10:00:00+00:00,0.0,154.0,30.0,114.0,131.0,435.0,0.0,0.0,196.0,58.0,0.0,0.0,0.0,67.0,0.0,0.0,0.0,0.0,53.0,0.0,602.0,0.0,0.0,16.0,0.0,0.0,0.0,0.0,1441.0,0.0,10.0,80.0,0.0,0.0,94.0,0.0,143.0,30.0,50.0,0.0,306.0,0.0
2021-05-10 11:00:00+00:00,0.0,188.0,29.0,123.0,182.0,393.0,0.0,0.0,229.0,89.0,0.0,0.0,0.0,53.0,0.0,0.0,0.0,0.0,59.0,0.0,602.0,0.0,0.0,16.0,0.0,0.0,0.0,0.0,1442.0,0.0,91.0,73.0,0.0,0.0,116.0,0.0,162.0,27.0,57.0,0.0,291.0,0.0
2021-05-10 12:00:00+00:00,0.0,118.0,43.0,123.0,189.0,383.0,0.0,0.0,246.0,84.0,0.0,0.0,0.0,64.0,0.0,0.0,0.0,0.0,70.0,0.0,602.0,0.0,0.0,11.0,0.0,0.0,0.0,0.0,1442.0,0.0,117.0,53.0,0.0,0.0,103.0,0.0,180.0,22.0,52.0,0.0,292.0,0.0
2021-05-10 13:00:00+00:00,0.0,194.0,84.0,153.0,232.0,438.0,0.0,0.0,201.0,73.0,0.0,0.0,0.0,23.0,0.0,0.0,0.0,0.0,18.0,0.0,601.0,0.0,0.0,1.0,0.0,0.0,0.0,0.0,1437.0,0.0,4.0,236.0,0.0,0.0,137.0,0.0,227.0,2.0,56.0,0.0,293.0,0.0
2021-05-10 14:00:00+00:00,29.0,183.0,100.0,156.0,182.0,420.0,0.0,0.0,131.0,3.0,0.0,0.0,0.0,3.0,0.0,0.0,0.0,0.0,31.0,0.0,601.0,0.0,0.0,1.0,0.0,0.0,0.0,0.0,1441.0,0.0,44.0,279.0,31.0,0.0,119.0,4.0,251.0,2.0,13.0,0.0,335.0,0.0
2021-05-10 15:00:00+00:00,126.0,122.0,147.0,164.0,118.0,387.0,0.0,0.0,30.0,0.0,0.0,0.0,0.0,0.0,0.0,0.0,0.0,0.0,33.0,0.0,601.0,2.0,0.0,1.0,0.0,0.0,0.0,0.0,1439.0,0.0,69.0,452.0,96.0,0.0,121.0,23.0,281.0,2.0,0.0,0.0,435.0,0.0
2021-05-10 16:00:00+00:00,34.0,386.0,70.0,170.0,230.0,416.0,0.0,0.0,154.0,3.0,0.0,0.0,0.0,0.0,0.0,0.0,0.0,0.0,3.0,0.0,601.0,0.0,0.0,0.0,0.0,0.0,0.0,0.0,1444.0,0.0,147.0,442.0,217.0,0.0,225.0,50.0,234.0,9.0,0.0,0.0,504.0,0.0
2021-05-10 17:00:00+00:00,57.0,298.0,78.0,154.0,203.0,416.0,0.0,0.0,170.0,0.0,0.0,0.0,0.0,0.0,0.0,0.0,0.0,0.0,0.0,0.0,601.0,0.0,0.0,22.0,0.0,0.0,0.0,0.0,1438.0,35.0,123.0,545.0,215.0,0.0,175.0,85.0,223.0,6.0,0.0,0.0,526.0,0.0
2021-05-10 18:00:00+00:00,112.0,159.0,96.0,186.0,199.0,577.0,140.0,0.0,101.0,0.0,0.0,0.0,0.0,0.0,0.0,0.0,0.0,0.0,0.0,0.0,601.0,0.0,0.0,26.0,0.0,0.0,0.0,0.0,1439.0,105.0,0.0,542.0,117.0,0.0,91.0,118.0,249.0,3.0,0.0,0.0,566.0,0.0
2021-05-10 19:00:00+00:00,25.0,359.0,113.0,202.0,283.0,621.0,119.0,0.0,146.0,6.0,0.0,0.0,0.0,0.0,0.0,0.0,0.0,0.0,0.0,0.0,601.0,0.0,0.0,52.0,0.0,0.0,0.0,0.0,1440.0,36.0,0.0,383.0,152.0,0.0,186.0,53.0,247.0,6.0,0.0,0.0,506.0,0.0
2021-05-10 20:00:00+00:00,21.0,142.0,142.0,194.0,205.0,589.0,29.0,0.0,61.0,6.0,0.0,0.0,0.0,0.0,0.0,0.0,0.0,0.0,26.0,0.0,601.0,1.0,0.0,3.0,0.0,0.0,0.0,0.0,1453.0,0.0,0.0,259.0,128.0,0.0,118.0,90.0,307.0,2.0,0.0,0.0,539.0,0.0
2021-05-10 21:00:00+00:00,20.0,180.0,179.0,206.0,202.0,591.0,78.0,0.0,25.0,11.0,0.0,0.0,0.0,0.0,0.0,0.0,23.0,0.0,19.0,0.0,601.0,10.0,0.0,0.0,0.0,0.0,0.0,0.0,1455.0,0.0,0.0,120.0,116.0,0.0,122.0,118.0,257.0,0.0,0.0,0.0,550.0,0.0
2021-05-10 22:00:00+00:00,63.0,149.0,92.0,156.0,184.0,577.0,20.0,0.0,54.0,0.0,0.0,0.0,0.0,0.0,0.0,0.0,0.0,0.0,29.0,0.0,601.0,0.0,0.0,1.0,0.0,108.0,0.0,0.0,1454.0,0.0,0.0,0.0,60.0,0.0,90.0,2.0,234.0,7.0,9.0,0.0,627.0,0.0
2021-05-10 23:00:00+00:00,96.0,71.0,78.0,146.0,129.0,571.0,0.0,0.0,28.0,0.0,0.0,0.0,0.0,0.0,0.0,0.0,0.0,0.0,18.0,0.0,601.0,2.0,0.0,0.0,0.0,147.0,0.0,0.0,1456.0,0.0,94.0,0.0,73.0,0.0,73.0,0.0,250.0,6.0,45.0,0.0,597.0,0.0
2021-05-11 00:00:00+00:00,82.0,51.0,80.0,156.0,146.0,515.0,0.0,0.0,27.0,0.0,0.0,0.0,0.0,0.0,0.0,0.0,0.0,0.0,42.0,0.0,601.0,4.0,0.0,55.0,0.0,109.0,0.0,0.0,1455.0,0.0,104.0,0.0,72.0,0.0,70.0,0.0,243.0,6.0,69.0,0.0,573.0,0.0
2021-05-11 01:00:00+00:00,92.0,7.0,52.0,152.0,129.0,543.0,0.0,0.0,15.0,0.0,0.0,0.0,0.0,0.0,0.0,0.0,0.0,0.0,21.0,0.0,601.0,11.0,0.0,92.0,0.0,69.0,0.0,0.0,1454.0,0.0,133.0,0.0,66.0,0.0,52.0,0.0,234.0,20.0,83.0,0.0,558.0,0.0
2021-05-11 02:00:00+00:00,102.0,21.0,58.0,140.0,112.0,477.0,0.0,0.0,8.0,0.0,0.0,0.0,0.0,0.0,0.0,0.0,0.0,0.0,51.0,0.0,601.0,13.0,0.0,63.0,0.0,38.0,0.0,0.0,1454.0,0.0,112.0,0.0,90.0,0.0,58.0,0.0,250.0,23.0,68.0,0.0,572.0,0.0
2021-05-11 03:00:00+00:00,85.0,92.0,81.0,148.0,143.0,420.0,0.0,0.0,21.0,0.0,0.0,0.0,0.0,0.0,0.0,0.0,0.0,0.0,13.0,0.0,601.0,6.0,0.0,6.0,0.0,0.0,0.0,0.0,1045.0,0.0,109.0,5.0,111.0,0.0,76.0,0.0,228.0,7.0,18.0,0.0,623.0,0.0
2021-05-11 04:00:00+00:00,12.0,466.0,22.0,97.0,212.0,238.0,257.0,0.0,235.0,12.0,0.0,0.0,0.0,0.0,0.0,0.0,0.0,0.0,0.0,0.0,582.0,0.0,0.0,18.0,0.0,0.0,0.0,0.0,580.0,0.0,0.0,326.0,299.0,0.0,300.0,0.0,162.0,58.0,68.0,0.0,577.0,0.0
2021-05-11 05:00:00+00:00,0.0,528.0,22.0,75.0,227.0,291.0,353.0,0.0,317.0,67.0,0.0,0.0,0.0,0.0,0.0,0.0,0.0,0.0,0.0,0.0,581.0,0.0,0.0,64.0,0.0,0.0,0.0,0.0,556.0,55.0,0.0,248.0,238.0,0.0,285.0,0.0,117.0,44.0,63.0,0.0,583.0,0.0
2021-05-11 06:00:00+00:00,0.0,644.0,10.0,98.0,325.0,291.0,320.0,0.0,371.0,147.0,0.0,0.0,0.0,0.0,0.0,0.0,0.0,0.0,0.0,0.0,602.0,0.0,0.0,78.0,0.0,0.0,0.0,0.0,556.0,86.0,0.0,127.0,208.0,0.0,329.0,0.0,98.0,60.0,119.0,0.0,523.0,0.0
2021-05-11 07:00:00+00:00,0.0,605.0,21.0,122.0,370.0,339.0,282.0,0.0,375.0,156.0,0.0,0.0,0.0,0.0,0.0,0.0,0.0,0.0,0.0,0.0,602.0,0.0,0.0,104.0,0.0,0.0,0.0,0.0,556.0,78.0,0.0,48.0,177.0,0.0,328.0,0.0,117.0,39.0,206.0,0.0,431.0,0.0
2021-05-11 08:00:00+00:00,0.0,599.0,40.0,120.0,325.0,283.0,246.0,0.0,330.0,141.0,0.0,0.0,0.0,0.0,0.0,0.0,0.0,0.0,0.0,0.0,602.0,0.0,0.0,54.0,0.0,47.0,0.0,0.0,557.0,62.0,0.0,0.0,113.0,0.0,337.0,0.0,145.0,21.0,207.0,0.0,437.0,0.0
2021-05-11 09:00:00+00:00,0.0,517.0,47.0,154.0,337.0,300.0,241.0,0.0,293.0,124.0,0.0,0.0,0.0,0.0,0.0,0.0,0.0,0.0,0.0,0.0,602.0,0.0,0.0,49.0,0.0,119.0,0.0,0.0,557.0,53.0,0.0,0.0,101.0,0.0,297.0,0.0,203.0,13.0,202.0,0.0,412.0,0.0
2021-05-11 10:00:00+00:00,0.0,337.0,83.0,170.0,299.0,303.0,258.0,0.0,243.0,85.0,0.0,0.0,0.0,0.0,0.0,0.0,0.0,0.0,0.0,0.0,600.0,0.0,0.0,2.0,0.0,177.0,0.0,0.0,557.0,56.0,0.0,0.0,29.0,0.0,230.0,0.0,210.0,3.0,172.0,0.0,421.0,0.0
2021-05-11 11:00:00+00:00,0.0,353.0,67.0,162.0,321.0,336.0,269.0,0.0,291.0,104.0,0.0,0.0,0.0,0.0,0.0,0.0,2.0,0.0,0.0,0.0,536.0,0.0,0.0,0.0,0.0,205.0,0.0,0.0,569.0,74.0,0.0,0.0,55.0,0.0,249.0,0.0,228.0,11.0,197.0,0.0,385.0,0.0
2021-05-11 12:00:00+00:00,0.0,186.0,54.0,159.0,293.0,420.0,212.0,0.0,279.0,87.0,0.0,0.0,0.0,0.0,0.0,0.0,0.0,0.0,0.0,0.0,600.0,0.0,0.0,2.0,0.0,226.0,0.0,0.0,1031.0,102.0,0.0,0.0,38.0,0.0,216.0,0.0,238.0,14.0,163.0,0.0,409.0,0.0
2021-05-11 13:00:00+00:00,3.0,41.0,110.0,160.0,252.0,359.0,136.0,0.0,205.0,26.0,0.0,0.0,0.0,0.0,0.0,0.0,1.0,0.0,0.0,0.0,601.0,0.0,0.0,0.0,0.0,163.0,0.0,0.0,1129.0,90.0,0.0,0.0,31.0,0.0,174.0,0.0,240.0,2.0,131.0,0.0,440.0,0.0
2021-05-11 14:00:00+00:00,50.0,5.0,150.0,216.0,258.0,306.0,9.0,0.0,53.0,1.0,0.0,0.0,0.0,0.0,0.0,0.0,2.0,0.0,0.0,0.0,599.0,0.0,0.0,0.0,0.0,115.0,0.0,0.0,1130.0,35.0,0.0,0.0,44.0,0.0,168.0,0.0,305.0,2.0,107.0,0.0,512.0,0.0
2021-05-11 15:00:00+00:00,141.0,237.0,203.0,226.0,234.0,346.0,0.0,0.0,9.0,0.0,0.0,0.0,0.0,0.0,0.0,0.0,0.0,0.0,11.0,0.0,513.0,10.0,0.0,0.0,0.0,0.0,0.0,0.0,896.0,0.0,101.0,109.0,177.0,0.0,263.0,0.0,332.0,1.0,114.0,0.0,526.0,0.0
2021-05-11 16:00:00+00:00,134.0,452.0,122.0,182.0,216.0,307.0,167.0,0.0,86.0,0.0,0.0,0.0,0.0,0.0,0.0,0.0,0.0,0.0,25.0,0.0,345.0,0.0,0.0,2.0,0.0,0.0,0.0,0.0,586.0,0.0,0.0,292.0,297.0,0.0,312.0,0.0,311.0,2.0,108.0,0.0,534.0,0.0
2021-05-11 17:00:00+00:00,81.0,432.0,82.0,141.0,213.0,278.0,207.0,0.0,213.0,0.0,0.0,0.0,0.0,0.0,0.0,0.0,0.0,0.0,0.0,0.0,369.0,0.0,0.0,1.0,0.0,0.0,0.0,0.0,546.0,2.0,0.0,331.0,278.0,0.0,277.0,0.0,239.0,6.0,43.0,0.0,596.0,0.0
2021-05-11 18:00:00+00:00,33.0,432.0,41.0,143.0,247.0,471.0,0.0,0.0,267.0,1.0,0.0,0.0,0.0,0.0,0.0,0.0,0.0,0.0,0.0,0.0,395.0,0.0,0.0,1.0,0.0,0.0,0.0,0.0,1091.0,18.0,33.0,331.0,198.0,0.0,235.0,0.0,208.0,16.0,11.0,0.0,630.0,0.0
2021-05-11 19:00:00+00:00,124.0,422.0,130.0,199.0,250.0,537.0,0.0,0.0,98.0,0.0,0.0,0.0,0.0,0.0,0.0,0.0,0.0,0.0,54.0,0.0,317.0,0.0,0.0,2.0,0.0,0.0,0.0,0.0,1371.0,0.0,66.0,228.0,196.0,0.0,263.0,0.0,279.0,2.0,46.0,0.0,592.0,0.0
2021-05-11 20:00:00+00:00,49.0,421.0,190.0,239.0,282.0,578.0,0.0,0.0,42.0,1.0,0.0,0.0,0.0,0.0,0.0,0.0,0.0,0.0,66.0,0.0,360.0,3.0,0.0,1.0,0.0,0.0,0.0,0.0,1395.0,0.0,7.0,154.0,290.0,0.0,294.0,0.0,366.0,2.0,55.0,0.0,592.0,0.0
2021-05-11 21:00:00+00:00,125.0,245.0,262.0,254.0,266.0,539.0,0.0,0.0,5.0,0.0,0.0,0.0,0.0,0.0,0.0,0.0,43.0,0.0,45.0,0.0,419.0,55.0,0.0,0.0,0.0,18.0,0.0,0.0,1397.0,0.0,4.0,0.0,256.0,0.0,253.0,0.0,335.0,0.0,41.0,0.0,599.0,0.0
2021-05-11 22:00:00+00:00,275.0,0.0,283.0,260.0,164.0,624.0,0.0,0.0,0.0,0.0,0.0,44.0,0.0,0.0,0.0,0.0,39.0,0.0,39.0,0.0,512.0,233.0,0.0,0.0,0.0,376.0,0.0,0.0,1398.0,0.0,61.0,0.0,91.0,0.0,101.0,0.0,397.0,0.0,31.0,0.0,619.0,0.0
2021-05-11 23:00:00+00:00,170.0,113.0,216.0,262.0,231.0,603.0,0.0,0.0,0.0,0.0,0.0,0.0,0.0,0.0,0.0,0.0,31.0,0.0,14.0,0.0,597.0,164.0,0.0,0.0,0.0,430.0,0.0,0.0,1401.0,0.0,68.0,0.0,170.0,0.0,169.0,0.0,429.0,0.0,87.0,0.0,563.0,0.0
2021-05-12 00:00:00+00:00,182.0,129.0,240.0,274.0,239.0,600.0,0.0,0.0,0.0,0.0,0.0,0.0,0.0,0.0,0.0,0.0,26.0,0.0,24.0,0.0,551.0,188.0,0.0,0.0,0.0,436.0,0.0,0.0,1402.0,0.0,77.0,0.0,174.0,0.0,170.0,0.0,437.0,0.0,95.0,0.0,553.0,0.0
2021-05-12 01:00:00+00:00,163.0,149.0,212.0,263.0,238.0,581.0,0.0,0.0,0.0,0.0,0.0,0.0,0.0,0.0,0.0,0.0,28.0,0.0,32.0,0.0,549.0,169.0,0.0,0.0,0.0,401.0,0.0,0.0,1402.0,0.0,78.0,0.0,189.0,0.0,174.0,0.0,445.0,0.0,129.0,0.0,518.0,0.0
2021-05-12 02:00:00+00:00,186.0,78.0,231.0,245.0,193.0,483.0,0.0,0.0,0.0,0.0,0.0,0.0,0.0,0.0,0.0,0.0,33.0,0.0,54.0,0.0,549.0,191.0,0.0,0.0,0.0,317.0,0.0,0.0,1051.0,0.0,210.0,0.0,184.0,0.0,142.0,0.0,417.0,0.0,118.0,0.0,530.0,0.0
2021-05-12 03:00:00+00:00,229.0,0.0,222.0,266.0,197.0,363.0,0.0,0.0,0.0,0.0,0.0,9.0,0.0,0.0,0.0,0.0,49.0,0.0,22.0,0.0,546.0,245.0,0.0,0.0,0.0,228.0,0.0,0.0,510.0,0.0,241.0,0.0,186.0,0.0,124.0,0.0,391.0,0.0,82.0,0.0,561.0,0.0
2021-05-12 04:00:00+00:00,185.0,685.0,148.0,175.0,171.0,163.0,42.0,0.0,4.0,0.0,0.0,0.0,0.0,0.0,0.0,0.0,0.0,0.0,59.0,0.0,413.0,55.0,0.0,2.0,0.0,0.0,0.0,0.0,72.0,0.0,0.0,42.0,443.0,0.0,403.0,0.0,311.0,2.0,161.0,0.0,487.0,0.0
2021-05-12 05:00:00+00:00,17.0,876.0,51.0,122.0,238.0,198.0,99.0,0.0,204.0,7.0,0.0,0.0,0.0,0.0,0.0,0.0,0.0,0.0,14.0,0.0,389.0,0.0,0.0,3.0,0.0,0.0,0.0,0.0,47.0,0.0,0.0,166.0,412.0,0.0,451.0,0.0,210.0,18.0,166.0,0.0,491.0,0.0
2021-05-12 06:00:00+00:00,0.0,915.0,40.0,118.0,277.0,214.0,143.0,0.0,286.0,50.0,0.0,0.0,0.0,0.0,0.0,0.0,0.0,0.0,12.0,0.0,350.0,0.0,0.0,68.0,0.0,0.0,0.0,0.0,47.0,0.0,0.0,112.0,371.0,0.0,455.0,0.0,161.0,18.0,204.0,0.0,444.0,0.0
2021-05-12 07:00:00+00:00,1.0,989.0,70.0,158.0,314.0,233.0,150.0,0.0,253.0,28.0,0.0,0.0,0.0,0.0,0.0,0.0,0.0,0.0,24.0,0.0,196.0,0.0,0.0,0.0,0.0,0.0,0.0,0.0,48.0,0.0,0.0,23.0,323.0,0.0,464.0,0.0,198.0,10.0,235.0,0.0,409.0,0.0
2021-05-12 08:00:00+00:00,2.0,1072.0,114.0,152.0,286.0,256.0,149.0,0.0,218.0,23.0,0.0,0.0,0.0,0.0,0.0,103.0,18.0,0.0,24.0,0.0,0.0,0.0,0.0,0.0,0.0,1.0,0.0,0.0,48.0,0.0,0.0,0.0,314.0,0.0,504.0,0.0,241.0,2.0,262.0,0.0,391.0,0.0
2021-05-12 09:00:00+00:00,0.0,1073.0,138.0,166.0,317.0,304.0,194.0,0.0,227.0,66.0,0.0,0.0,0.0,0.0,0.0,230.0,8.0,0.0,39.0,0.0,0.0,0.0,0.0,0.0,0.0,2.0,0.0,0.0,47.0,0.0,0.0,0.0,297.0,0.0,511.0,0.0,275.0,2.0,287.0,0.0,365.0,0.0
2021-05-12 10:00:00+00:00,0.0,1012.0,179.0,172.0,326.0,267.0,190.0,0.0,210.0,51.0,0.0,0.0,0.0,0.0,0.0,343.0,0.0,0.0,11.0,0.0,0.0,0.0,0.0,3.0,0.0,167.0,0.0,0.0,47.0,0.0,0.0,0.0,255.0,0.0,481.0,0.0,311.0,0.0,281.0,0.0,364.0,0.0
2021-05-12 11:00:00+00:00,0.0,978.0,144.0,181.0,362.0,334.0,277.0,0.0,254.0,84.0,0.0,0.0,0.0,0.0,0.0,384.0,0.0,0.0,0.0,0.0,0.0,0.0,0.0,6.0,0.0,174.0,0.0,0.0,47.0,29.0,0.0,0.0,261.0,0.0,486.0,0.0,352.0,8.0,314.0,0.0,336.0,0.0
2021-05-12 12:00:00+00:00,2.0,818.0,134.0,158.0,322.0,479.0,114.0,0.0,288.0,65.0,0.0,0.0,0.0,0.0,0.0,358.0,0.0,0.0,0.0,0.0,0.0,0.0,0.0,2.0,0.0,138.0,0.0,0.0,576.0,67.0,0.0,0.0,258.0,0.0,452.0,0.0,337.0,1.0,294.0,0.0,351.0,0.0
2021-05-12 13:00:00+00:00,11.0,674.0,226.0,239.0,383.0,498.0,103.0,0.0,152.0,11.0,0.0,0.0,0.0,0.0,0.0,263.0,14.0,0.0,0.0,0.0,0.0,0.0,0.0,0.0,0.0,162.0,0.0,0.0,920.0,48.0,0.0,0.0,221.0,0.0,440.0,0.0,393.0,0.0,235.0,0.0,408.0,0.0
2021-05-12 14:00:00+00:00,11.0,700.0,253.0,277.0,408.0,499.0,82.0,0.0,59.0,14.0,0.0,0.0,0.0,0.0,0.0,96.0,40.0,0.0,0.0,0.0,0.0,0.0,0.0,0.0,0.0,241.0,0.0,0.0,949.0,37.0,0.0,0.0,341.0,0.0,457.0,0.0,422.0,0.0,206.0,0.0,445.0,0.0
2021-05-12 15:00:00+00:00,0.0,771.0,302.0,286.0,419.0,476.0,91.0,0.0,51.0,4.0,0.0,0.0,0.0,0.0,0.0,0.0,0.0,0.0,0.0,0.0,106.0,0.0,0.0,1.0,0.0,2.0,0.0,0.0,478.0,69.0,0.0,0.0,421.0,0.0,496.0,0.0,440.0,0.0,211.0,0.0,440.0,0.0
2021-05-12 16:00:00+00:00,0.0,902.0,275.0,277.0,392.0,298.0,198.0,0.0,56.0,1.0,0.0,0.0,0.0,0.0,0.0,0.0,0.0,0.0,0.0,0.0,393.0,0.0,0.0,2.0,0.0,29.0,0.0,0.0,70.0,1.0,0.0,0.0,457.0,0.0,510.0,0.0,441.0,0.0,208.0,0.0,441.0,0.0
2021-05-12 17:00:00+00:00,0.0,978.0,134.0,194.0,366.0,189.0,106.0,0.0,248.0,69.0,0.0,0.0,0.0,0.0,0.0,0.0,0.0,0.0,0.0,0.0,418.0,0.0,0.0,27.0,0.0,21.0,0.0,0.0,47.0,3.0,0.0,0.0,483.0,0.0,508.0,0.0,322.0,3.0,184.0,0.0,442.0,0.0
2021-05-12 18:00:00+00:00,0.0,831.0,180.0,251.0,426.0,402.0,62.0,0.0,186.0,72.0,0.0,0.0,0.0,0.0,0.0,0.0,0.0,0.0,0.0,0.0,429.0,0.0,0.0,24.0,0.0,19.0,0.0,0.0,628.0,81.0,0.0,0.0,394.0,0.0,435.0,0.0,349.0,0.0,143.0,0.0,456.0,0.0
2021-05-12 19:00:00+00:00,30.0,718.0,234.0,310.0,419.0,618.0,109.0,0.0,25.0,3.0,0.0,0.0,0.0,0.0,0.0,0.0,0.0,0.0,0.0,0.0,434.0,11.0,0.0,49.0,0.0,133.0,0.0,0.0,975.0,70.0,0.0,0.0,341.0,0.0,407.0,0.0,385.0,0.0,172.0,0.0,471.0,0.0
2021-05-12 20:00:00+00:00,6.0,673.0,302.0,314.0,409.0,545.0,29.0,0.0,5.0,16.0,0.0,0.0,0.0,0.0,0.0,0.0,0.0,0.0,0.0,0.0,451.0,24.0,0.0,81.0,0.0,77.0,0.0,0.0,1005.0,5.0,0.0,0.0,376.0,0.0,416.0,0.0,454.0,0.0,211.0,0.0,443.0,0.0
2021-05-12 21:00:00+00:00,3.0,363.0,310.0,317.0,402.0,519.0,0.0,0.0,2.0,28.0,0.0,0.0,0.0,0.0,0.0,0.0,0.0,0.0,0.0,0.0,485.0,49.0,0.0,2.0,0.0,351.0,0.0,0.0,1005.0,0.0,57.0,0.0,264.0,0.0,310.0,0.0,441.0,0.0,161.0,0.0,484.0,0.0
2021-05-12 22:00:00+00:00,145.0,160.0,296.0,291.0,246.0,670.0,49.0,0.0,1.0,0.0,0.0,0.0,0.0,0.0,0.0,0.0,23.0,0.0,0.0,0.0,560.0,196.0,0.0,0.0,0.0,517.0,0.0,0.0,1004.0,61.0,0.0,0.0,77.0,0.0,133.0,0.0,477.0,0.0,118.0,0.0,531.0,0.0
2021-05-12 23:00:00+00:00,216.0,158.0,337.0,285.0,191.0,667.0,36.0,0.0,0.0,0.0,0.0,0.0,0.0,3.0,0.0,0.0,26.0,0.0,0.0,0.0,559.0,292.0,0.0,0.0,0.0,476.0,0.0,0.0,1004.0,55.0,0.0,0.0,33.0,0.0,90.0,0.0,494.0,0.0,142.0,0.0,506.0,0.0
2021-05-13 00:00:00+00:00,272.0,131.0,324.0,262.0,119.0,651.0,43.0,0.0,0.0,0.0,0.0,0.0,0.0,1.0,0.0,0.0,26.0,0.0,0.0,0.0,498.0,364.0,0.0,0.0,0.0,479.0,0.0,0.0,1004.0,36.0,0.0,0.0,36.0,0.0,70.0,0.0,489.0,0.0,150.0,0.0,497.0,0.0
2021-05-13 01:00:00+00:00,292.0,60.0,300.0,238.0,74.0,620.0,103.0,0.0,0.0,0.0,0.0,0.0,0.0,1.0,0.0,0.0,25.0,0.0,0.0,0.0,520.0,371.0,0.0,0.0,0.0,462.0,0.0,0.0,1003.0,55.0,0.0,0.0,24.0,0.0,46.0,0.0,455.0,0.0,150.0,0.0,500.0,0.0
2021-05-13 02:00:00+00:00,316.0,0.0,297.0,222.0,23.0,602.0,49.0,0.0,0.0,0.0,0.0,27.0,0.0,17.0,0.0,0.0,29.0,0.0,0.0,0.0,497.0,370.0,0.0,0.0,0.0,412.0,0.0,0.0,1002.0,56.0,0.0,0.0,3.0,0.0,5.0,0.0,449.0,0.0,116.0,0.0,530.0,0.0
2021-05-13 03:00:00+00:00,296.0,0.0,329.0,269.0,93.0,437.0,0.0,0.0,0.0,0.0,0.0,23.0,16.0,50.0,0.0,0.0,0.0,0.0,0.0,0.0,522.0,348.0,0.0,0.0,0.0,300.0,0.0,0.0,509.0,3.0,140.0,0.0,0.0,0.0,0.0,0.0,478.0,0.0,82.0,0.0,561.0,0.0
2021-05-13 04:00:00+00:00,289.0,122.0,284.0,281.0,128.0,281.0,184.0,0.0,0.0,0.0,0.0,0.0,0.0,9.0,0.0,0.0,0.0,0.0,7.0,0.0,599.0,328.0,0.0,4.0,0.0,0.0,0.0,0.0,72.0,0.0,0.0,124.0,28.0,0.0,95.0,0.0,512.0,0.0,88.0,0.0,525.0,0.0
2021-05-13 05:00:00+00:00,228.0,177.0,200.0,206.0,108.0,250.0,197.0,0.0,0.0,0.0,0.0,0.0,0.0,0.0,0.0,0.0,0.0,0.0,0.0,0.0,601.0,158.0,0.0,47.0,0.0,0.0,0.0,0.0,47.0,10.0,0.0,167.0,65.0,0.0,120.0,0.0,362.0,0.0,129.0,0.0,483.0,0.0
2021-05-13 06:00:00+00:00,175.0,178.0,158.0,190.0,131.0,259.0,204.0,0.0,0.0,0.0,0.0,0.0,0.0,2.0,0.0,0.0,0.0,0.0,0.0,0.0,598.0,84.0,0.0,63.0,0.0,0.0,0.0,0.0,47.0,4.0,0.0,134.0,46.0,0.0,110.0,0.0,310.0,0.0,166.0,0.0,479.0,0.0
2021-05-13 07:00:00+00:00,261.0,114.0,218.0,250.0,138.0,284.0,209.0,0.0,0.0,0.0,0.0,0.0,0.0,17.0,0.0,0.0,0.0,0.0,0.0,0.0,510.0,225.0,0.0,42.0,0.0,0.0,0.0,0.0,47.0,22.0,0.0,137.0,5.0,0.0,66.0,0.0,358.0,0.0,182.0,0.0,438.0,0.0
2021-05-13 08:00:00+00:00,152.0,252.0,213.0,242.0,179.0,301.0,237.0,0.0,0.0,0.0,0.0,0.0,0.0,18.0,0.0,0.0,0.0,0.0,0.0,0.0,327.0,162.0,0.0,2.0,0.0,0.0,0.0,0.0,47.0,18.0,0.0,54.0,2.0,0.0,114.0,0.0,396.0,0.0,194.0,0.0,431.0,0.0
2021-05-13 09:00:00+00:00,223.0,391.0,207.0,245.0,179.0,354.0,272.0,0.0,0.0,0.0,0.0,0.0,0.0,36.0,0.0,51.0,0.0,0.0,0.0,0.0,0.0,192.0,0.0,0.0,0.0,0.0,0.0,0.0,47.0,19.0,0.0,26.0,0.0,0.0,118.0,0.0,408.0,0.0,204.0,0.0,407.0,0.0
2021-05-13 10:00:00+00:00,184.0,414.0,188.0,230.0,176.0,328.0,297.0,0.0,0.0,0.0,0.0,0.0,0.0,26.0,0.0,133.0,0.0,0.0,0.0,0.0,0.0,149.0,0.0,4.0,0.0,21.0,0.0,0.0,47.0,30.0,0.0,0.0,1.0,0.0,104.0,0.0,393.0,3.0,214.0,0.0,373.0,0.0
2021-05-13 11:00:00+00:00,52.0,349.0,159.0,193.0,200.0,351.0,290.0,0.0,4.0,0.0,0.0,0.0,0.0,6.0,0.0,0.0,0.0,0.0,0.0,0.0,58.0,26.0,0.0,7.0,0.0,8.0,0.0,0.0,47.0,26.0,0.0,0.0,9.0,0.0,121.0,0.0,326.0,0.0,223.0,0.0,334.0,0.0
2021-05-13 12:00:00+00:00,41.0,413.0,111.0,153.0,169.0,559.0,190.0,0.0,48.0,2.0,0.0,0.0,0.0,0.0,0.0,0.0,0.0,0.0,0.0,0.0,110.0,0.0,0.0,0.0,0.0,2.0,0.0,0.0,594.0,74.0,0.0,0.0,26.0,0.0,145.0,0.0,284.0,4.0,169.0,0.0,347.0,0.0
2021-05-13 13:00:00+00:00,10.0,402.0,126.0,144.0,185.0,600.0,237.0,0.0,47.0,7.0,0.0,0.0,0.0,8.0,0.0,0.0,16.0,0.0,0.0,0.0,235.0,0.0,0.0,0.0,0.0,0.0,0.0,0.0,932.0,62.0,0.0,54.0,5.0,0.0,144.0,0.0,215.0,0.0,156.0,0.0,372.0,0.0
2021-05-13 14:00:00+00:00,6.0,454.0,159.0,225.0,293.0,593.0,207.0,0.0,2.0,14.0,0.0,0.0,0.0,2.0,0.0,0.0,40.0,0.0,0.0,0.0,304.0,19.0,0.0,0.0,0.0,0.0,0.0,0.0,953.0,61.0,0.0,20.0,18.0,0.0,184.0,0.0,284.0,2.0,157.0,0.0,362.0,0.0
2021-05-13 15:00:00+00:00,164.0,343.0,209.0,263.0,238.0,508.0,113.0,0.0,0.0,0.0,0.0,0.0,0.0,2.0,0.0,0.0,46.0,0.0,0.0,0.0,431.0,188.0,0.0,0.0,0.0,0.0,0.0,0.0,459.0,27.0,0.0,93.0,26.0,0.0,142.0,0.0,325.0,0.0,182.0,0.0,439.0,0.0
2021-05-13 16:00:00+00:00,257.0,432.0,302.0,265.0,194.0,364.0,238.0,0.0,0.0,0.0,0.0,0.0,0.0,0.0,0.0,0.0,0.0,0.0,0.0,0.0,595.0,233.0,0.0,6.0,0.0,0.0,0.0,0.0,69.0,0.0,0.0,210.0,144.0,0.0,228.0,0.0,387.0,0.0,182.0,0.0,407.0,0.0
2021-05-13 17:00:00+00:00,210.0,563.0,253.0,270.0,253.0,303.0,225.0,0.0,0.0,0.0,0.0,0.0,0.0,0.0,0.0,0.0,0.0,0.0,0.0,0.0,600.0,168.0,0.0,9.0,0.0,0.0,0.0,0.0,48.0,4.0,0.0,195.0,160.0,0.0,266.0,0.0,356.0,0.0,168.0,0.0,371.0,0.0
2021-05-13 18:00:00+00:00,138.0,557.0,182.0,256.0,275.0,490.0,9.0,0.0,0.0,0.0,0.0,0.0,0.0,0.0,0.0,0.0,0.0,0.0,0.0,0.0,601.0,63.0,0.0,6.0,0.0,0.0,0.0,0.0,677.0,62.0,0.0,150.0,109.0,0.0,236.0,0.0,341.0,0.0,116.0,0.0,399.0,0.0
2021-05-13 19:00:00+00:00,205.0,481.0,222.0,277.0,238.0,653.0,16.0,0.0,0.0,0.0,0.0,0.0,0.0,0.0,0.0,0.0,0.0,0.0,0.0,0.0,601.0,174.0,0.0,31.0,0.0,0.0,0.0,0.0,1027.0,47.0,0.0,2.0,88.0,0.0,225.0,0.0,355.0,0.0,181.0,0.0,415.0,0.0
2021-05-13 20:00:00+00:00,246.0,219.0,294.0,322.0,208.0,635.0,0.0,0.0,0.0,0.0,0.0,0.0,0.0,3.0,0.0,0.0,0.0,0.0,17.0,0.0,601.0,316.0,0.0,59.0,0.0,9.0,0.0,0.0,1058.0,0.0,67.0,0.0,39.0,0.0,140.0,0.0,432.0,0.0,178.0,0.0,470.0,0.0
2021-05-13 21:00:00+00:00,156.0,101.0,310.0,333.0,285.0,636.0,0.0,0.0,0.0,0.0,0.0,0.0,0.0,29.0,0.0,0.0,0.0,0.0,20.0,0.0,598.0,270.0,0.0,1.0,0.0,57.0,0.0,0.0,1057.0,0.0,88.0,0.0,4.0,0.0,81.0,0.0,448.0,0.0,146.0,0.0,502.0,0.0
2021-05-13 22:00:00+00:00,186.0,120.0,232.0,213.0,127.0,700.0,0.0,0.0,0.0,0.0,0.0,0.0,0.0,35.0,0.0,0.0,0.0,0.0,13.0,0.0,514.0,224.0,0.0,0.0,0.0,199.0,0.0,0.0,1057.0,0.0,1.0,0.0,1.0,0.0,36.0,0.0,356.0,0.0,186.0,0.0,464.0,0.0
2021-05-13 23:00:00+00:00,185.0,180.0,227.0,182.0,88.0,774.0,92.0,0.0,0.0,0.0,0.0,0.0,0.0,23.0,0.0,0.0,0.0,0.0,0.0,0.0,559.0,234.0,0.0,1.0,0.0,356.0,0.0,0.0,1056.0,10.0,0.0,0.0,3.0,0.0,54.0,0.0,325.0,0.0,187.0,0.0,457.0,0.0
2021-05-14 00:00:00+00:00,206.0,206.0,198.0,186.0,84.0,779.0,125.0,0.0,0.0,0.0,0.0,0.0,0.0,13.0,0.0,0.0,20.0,0.0,0.0,0.0,554.0,286.0,0.0,0.0,0.0,414.0,0.0,0.0,1057.0,11.0,0.0,0.0,4.0,0.0,69.0,0.0,312.0,0.0,192.0,0.0,456.0,0.0
2021-05-14 01:00:00+00:00,233.0,149.0,181.0,194.0,71.0,718.0,92.0,0.0,0.0,0.0,0.0,0.0,0.0,20.0,0.0,0.0,21.0,0.0,0.0,0.0,558.0,298.0,0.0,0.0,0.0,384.0,0.0,0.0,1057.0,22.0,0.0,0.0,3.0,0.0,44.0,0.0,315.0,0.0,192.0,0.0,458.0,0.0
2021-05-14 02:00:00+00:00,227.0,201.0,150.0,190.0,76.0,642.0,0.0,0.0,0.0,0.0,0.0,0.0,0.0,10.0,0.0,0.0,27.0,0.0,0.0,0.0,481.0,266.0,0.0,0.0,0.0,352.0,0.0,0.0,1056.0,10.0,6.0,0.0,19.0,0.0,63.0,0.0,331.0,2.0,172.0,0.0,470.0,0.0
2021-05-14 03:00:00+00:00,275.0,107.0,254.0,207.0,58.0,404.0,0.0,0.0,0.0,0.0,0.0,0.0,0.0,12.0,0.0,0.0,0.0,0.0,0.0,0.0,492.0,330.0,0.0,1.0,0.0,262.0,0.0,0.0,566.0,11.0,115.0,0.0,13.0,0.0,25.0,0.0,300.0,0.0,130.0,0.0,512.0,25.0
2021-05-14 04:00:00+00:00,81.0,418.0,111.0,117.0,136.0,200.0,228.0,0.0,24.0,0.0,0.0,0.0,0.0,0.0,0.0,0.0,0.0,0.0,0.0,0.0,536.0,9.0,0.0,1.0,0.0,189.0,0.0,0.0,67.0,7.0,0.0,0.0,159.0,0.0,222.0,0.0,228.0,3.0,172.0,0.0,429.0,124.0
2021-05-14 05:00:00+00:00,29.0,310.0,93.0,106.0,129.0,240.0,217.0,0.0,105.0,3.0,0.0,0.0,0.0,0.0,0.0,0.0,0.0,0.0,0.0,0.0,592.0,0.0,0.0,46.0,0.0,25.0,0.0,0.0,45.0,11.0,0.0,0.0,96.0,0.0,202.0,0.0,197.0,5.0,125.0,0.0,473.0,167.0
2021-05-14 06:00:00+00:00,0.0,543.0,72.0,82.0,184.0,272.0,218.0,0.0,238.0,44.0,0.0,0.0,0.0,0.0,0.0,0.0,0.0,0.0,0.0,0.0,366.0,0.0,0.0,62.0,0.0,1.0,0.0,0.0,45.0,19.0,0.0,0.0,134.0,0.0,288.0,0.0,151.0,9.0,186.0,0.0,458.0,194.0
2021-05-14 07:00:00+00:00,0.0,545.0,81.0,107.0,228.0,291.0,201.0,0.0,251.0,64.0,0.0,0.0,0.0,0.0,0.0,0.0,0.0,0.0,0.0,0.0,442.0,0.0,0.0,88.0,0.0,53.0,0.0,0.0,45.0,46.0,0.0,0.0,122.0,0.0,270.0,0.0,175.0,6.0,253.0,0.0,396.0,193.0
2021-05-14 08:00:00+00:00,54.0,569.0,138.0,186.0,243.0,287.0,190.0,0.0,73.0,1.0,0.0,0.0,0.0,0.0,0.0,0.0,0.0,0.0,0.0,0.0,349.0,0.0,0.0,101.0,0.0,140.0,0.0,0.0,46.0,36.0,0.0,0.0,66.0,0.0,235.0,0.0,262.0,2.0,240.0,0.0,401.0,194.0
2021-05-14 09:00:00+00:00,78.0,655.0,141.0,210.0,248.0,263.0,166.0,0.0,21.0,0.0,0.0,0.0,0.0,0.0,0.0,0.0,0.0,0.0,0.0,0.0,231.0,3.0,0.0,76.0,0.0,153.0,0.0,0.0,47.0,33.0,0.0,0.0,49.0,0.0,244.0,0.0,284.0,1.0,317.0,0.0,326.0,196.0
2021-05-14 10:00:00+00:00,0.0,679.0,90.0,199.0,309.0,250.0,154.0,0.0,122.0,73.0,0.0,0.0,0.0,2.0,0.0,0.0,0.0,0.0,0.0,0.0,290.0,0.0,0.0,2.0,0.0,183.0,0.0,0.0,46.0,19.0,0.0,0.0,27.0,0.0,253.0,0.0,225.0,4.0,389.0,0.0,254.0,194.0
2021-05-14 11:00:00+00:00,2.0,618.0,66.0,238.0,337.0,277.0,167.0,0.0,51.0,35.0,0.0,0.0,0.0,2.0,0.0,0.0,0.0,0.0,0.0,0.0,259.0,0.0,0.0,2.0,0.0,189.0,0.0,0.0,46.0,16.0,0.0,0.0,17.0,0.0,250.0,0.0,239.0,14.0,368.0,0.0,244.0,193.0
2021-05-14 12:00:00+00:00,1.0,616.0,56.0,242.0,339.0,525.0,21.0,0.0,54.0,31.0,0.0,0.0,0.0,0.0,0.0,0.0,1.0,0.0,0.0,0.0,300.0,0.0,0.0,0.0,0.0,206.0,0.0,0.0,574.0,61.0,0.0,0.0,51.0,0.0,274.0,0.0,233.0,20.0,387.0,0.0,228.0,192.0
2021-05-14 13:00:00+00:00,1.0,523.0,98.0,254.0,339.0,478.0,88.0,0.0,29.0,37.0,0.0,0.0,0.0,0.0,0.0,0.0,0.0,0.0,0.0,0.0,431.0,3.0,0.0,1.0,0.0,261.0,0.0,0.0,926.0,35.0,0.0,0.0,46.0,0.0,264.0,0.0,216.0,8.0,367.0,0.0,245.0,195.0
2021-05-14 14:00:00+00:00,25.0,543.0,92.0,264.0,349.0,485.0,93.0,0.0,4.0,2.0,0.0,0.0,0.0,0.0,0.0,0.0,0.0,0.0,0.0,0.0,510.0,23.0,0.0,56.0,0.0,286.0,0.0,206.0,955.0,39.0,0.0,0.0,99.0,0.0,277.0,0.0,253.0,8.0,444.0,0.0,387.0,196.0
2021-05-14 15:00:00+00:00,23.0,407.0,102.0,204.0,285.0,420.0,57.0,0.0,55.0,3.0,0.0,0.0,0.0,0.0,0.0,0.0,0.0,0.0,0.0,0.0,563.0,0.0,0.0,63.0,0.0,341.0,0.0,197.0,466.0,54.0,0.0,0.0,100.0,0.0,256.0,0.0,233.0,4.0,395.0,0.0,441.0,195.0
2021-05-14 16:00:00+00:00,29.0,501.0,78.0,158.0,234.0,219.0,148.0,0.0,103.0,1.0,0.0,0.0,0.0,0.0,0.0,0.0,0.0,0.0,0.0,0.0,599.0,0.0,0.0,35.0,0.0,221.0,0.0,201.0,68.0,15.0,0.0,0.0,151.0,0.0,278.0,0.0,208.0,5.0,368.0,0.0,442.0,193.0
2021-05-14 17:00:00+00:00,34.0,601.0,97.0,167.0,254.0,187.0,143.0,0.0,115.0,1.0,0.0,0.0,0.0,0.0,0.0,0.0,0.0,0.0,0.0,0.0,600.0,0.0,0.0,18.0,0.0,153.0,0.0,197.0,47.0,23.0,0.0,0.0,186.0,0.0,294.0,0.0,234.0,5.0,319.0,0.0,432.0,192.0
2021-05-14 18:00:00+00:00,49.0,499.0,125.0,228.0,288.0,438.0,11.0,0.0,67.0,0.0,0.0,0.0,0.0,0.0,0.0,0.0,0.0,0.0,0.0,0.0,564.0,0.0,0.0,13.0,0.0,12.0,0.0,164.0,650.0,96.0,0.0,0.0,128.0,0.0,248.0,0.0,288.0,1.0,259.0,0.0,427.0,195.0
2021-05-14 19:00:00+00:00,80.0,484.0,174.0,232.0,275.0,580.0,97.0,0.0,14.0,0.0,0.0,0.0,0.0,0.0,0.0,0.0,0.0,0.0,0.0,0.0,548.0,6.0,0.0,34.0,0.0,95.0,0.0,237.0,1290.0,79.0,0.0,0.0,129.0,0.0,267.0,0.0,311.0,1.0,347.0,0.0,460.0,193.0
2021-05-14 20:00:00+00:00,76.0,320.0,138.0,231.0,256.0,632.0,101.0,0.0,1.0,0.0,0.0,0.0,0.0,0.0,0.0,0.0,0.0,0.0,0.0,0.0,560.0,30.0,0.0,61.0,0.0,192.0,0.0,116.0,1411.0,91.0,0.0,0.0,89.0,0.0,229.0,0.0,283.0,2.0,329.0,0.0,434.0,195.0
2021-05-14 21:00:00+00:00,39.0,252.0,214.0,274.0,279.0,585.0,25.0,0.0,0.0,1.0,0.0,0.0,0.0,0.0,0.0,0.0,0.0,0.0,0.0,0.0,540.0,114.0,0.0,32.0,0.0,345.0,0.0,98.0,1421.0,27.0,0.0,0.0,45.0,0.0,204.0,0.0,333.0,0.0,301.0,0.0,449.0,193.0
2021-05-14 22:00:00+00:00,161.0,280.0,171.0,250.0,179.0,702.0,93.0,0.0,0.0,0.0,0.0,0.0,0.0,0.0,0.0,0.0,0.0,0.0,0.0,0.0,599.0,215.0,0.0,0.0,0.0,521.0,0.0,70.0,1434.0,86.0,0.0,0.0,35.0,0.0,191.0,0.0,307.0,1.0,229.0,0.0,378.0,195.0
2021-05-14 23:00:00+00:00,167.0,367.0,166.0,242.0,167.0,686.0,88.0,0.0,0.0,0.0,0.0,0.0,0.0,0.0,0.0,0.0,0.0,0.0,0.0,0.0,601.0,216.0,0.0,0.0,0.0,579.0,0.0,87.0,1429.0,68.0,0.0,0.0,96.0,0.0,218.0,0.0,309.0,1.0,258.0,0.0,376.0,192.0
2021-05-15 00:00:00+00:00,223.0,335.0,186.0,250.0,123.0,675.0,96.0,0.0,0.0,0.0,0.0,0.0,0.0,0.0,0.0,0.0,0.0,0.0,0.0,0.0,601.0,286.0,0.0,0.0,0.0,585.0,0.0,49.0,1429.0,65.0,0.0,0.0,89.0,0.0,194.0,0.0,328.0,1.0,237.0,0.0,360.0,193.0
2021-05-15 01:00:00+00:00,232.0,271.0,169.0,226.0,88.0,652.0,64.0,0.0,0.0,0.0,0.0,0.0,0.0,0.0,0.0,0.0,19.0,0.0,0.0,0.0,601.0,277.0,0.0,0.0,0.0,494.0,0.0,27.0,1413.0,69.0,0.0,0.0,61.0,0.0,159.0,0.0,312.0,1.0,234.0,0.0,342.0,192.0
2021-05-15 02:00:00+00:00,221.0,284.0,162.0,234.0,102.0,632.0,55.0,0.0,0.0,0.0,0.0,0.0,0.0,0.0,0.0,0.0,21.0,0.0,0.0,0.0,600.0,267.0,0.0,0.0,0.0,456.0,0.0,48.0,1325.0,68.0,0.0,0.0,63.0,0.0,159.0,0.0,329.0,0.0,237.0,0.0,341.0,196.0
2021-05-15 03:00:00+00:00,220.0,302.0,149.0,218.0,98.0,554.0,43.0,0.0,0.0,0.0,0.0,0.0,0.0,0.0,0.0,0.0,32.0,0.0,0.0,0.0,600.0,251.0,0.0,0.0,0.0,443.0,0.0,10.0,1239.0,55.0,0.0,0.0,48.0,0.0,155.0,0.0,306.0,2.0,169.0,3.0,321.0,197.0
2021-05-15 04:00:00+00:00,325.0,129.0,184.0,228.0,35.0,440.0,0.0,0.0,0.0,0.0,0.0,0.0,0.0,11.0,0.0,0.0,47.0,0.0,0.0,0.0,600.0,331.0,0.0,0.0,0.0,464.0,0.0,0.0,1281.0,17.0,71.0,0.0,10.0,0.0,111.0,0.0,340.0,1.0,126.0,38.0,271.0,193.0
2021-05-15 05:00:00+00:00,233.0,162.0,212.0,253.0,137.0,419.0,0.0,0.0,0.0,0.0,0.0,0.0,0.0,22.0,0.0,0.0,57.0,0.0,0.0,0.0,600.0,275.0,0.0,0.0,0.0,174.0,0.0,83.0,1415.0,7.0,140.0,0.0,11.0,0.0,144.0,0.0,337.0,0.0,191.0,0.0,278.0,193.0
2021-05-15 06:00:00+00:00,208.0,212.0,227.0,286.0,196.0,503.0,113.0,0.0,0.0,0.0,0.0,0.0,0.0,47.0,0.0,0.0,5.0,0.0,0.0,0.0,600.0,237.0,0.0,0.0,0.0,21.0,0.0,94.0,1444.0,71.0,0.0,0.0,1.0,0.0,145.0,0.0,349.0,0.0,235.0,0.0,281.0,196.0
2021-05-15 07:00:00+00:00,175.0,166.0,246.0,310.0,218.0,538.0,183.0,0.0,0.0,0.0,0.0,0.0,0.0,102.0,0.0,0.0,16.0,0.0,0.0,0.0,600.0,244.0,0.0,0.0,0.0,105.0,0.0,86.0,1454.0,76.0,0.0,0.0,0.0,0.0,123.0,0.0,376.0,0.0,278.0,0.0,270.0,197.0
2021-05-15 08:00:00+00:00,146.0,93.0,250.0,289.0,195.0,551.0,200.0,0.0,0.0,0.0,0.0,0.0,0.0,150.0,0.0,0.0,0.0,0.0,0.0,0.0,600.0,204.0,0.0,3.0,0.0,194.0,0.0,44.0,1414.0,71.0,0.0,0.0,0.0,0.0,94.0,0.0,364.0,0.0,284.0,0.0,271.0,195.0
2021-05-15 09:00:00+00:00,154.0,0.0,322.0,312.0,175.0,566.0,207.0,0.0,0.0,0.0,0.0,18.0,0.0,217.0,0.0,0.0,0.0,0.0,0.0,0.0,600.0,282.0,0.0,15.0,0.0,263.0,0.0,5.0,1410.0,77.0,0.0,0.0,0.0,0.0,32.0,0.0,444.0,0.0,229.0,5.0,238.0,197.0
2021-05-15 10:00:00+00:00,155.0,0.0,302.0,280.0,130.0,557.0,205.0,0.0,0.0,0.0,0.0,13.0,0.0,222.0,0.0,0.0,0.0,0.0,0.0,0.0,600.0,260.0,0.0,27.0,0.0,314.0,0.0,15.0,1419.0,83.0,0.0,0.0,0.0,0.0,27.0,0.0,418.0,0.0,244.0,0.0,222.0,196.0
2021-05-15 11:00:00+00:00,115.0,0.0,203.0,226.0,107.0,593.0,215.0,0.0,0.0,0.0,0.0,50.0,0.0,188.0,0.0,0.0,0.0,0.0,0.0,0.0,601.0,147.0,0.0,35.0,0.0,254.0,0.0,84.0,1415.0,72.0,0.0,0.0,0.0,0.0,27.0,0.0,346.0,0.0,270.0,0.0,178.0,196.0
2021-05-15 12:00:00+00:00,28.0,93.0,134.0,205.0,149.0,537.0,133.0,0.0,8.0,3.0,0.0,0.0,0.0,135.0,0.0,0.0,0.0,0.0,0.0,0.0,601.0,20.0,0.0,26.0,0.0,240.0,0.0,144.0,1360.0,57.0,0.0,0.0,0.0,0.0,88.0,0.0,325.0,2.0,298.0,0.0,205.0,196.0
2021-05-15 13:00:00+00:00,108.0,11.0,79.0,218.0,102.0,525.0,125.0,0.0,0.0,0.0,0.0,0.0,0.0,167.0,0.0,0.0,1.0,0.0,0.0,0.0,601.0,116.0,0.0,0.0,0.0,225.0,0.0,78.0,1102.0,51.0,0.0,0.0,0.0,0.0,40.0,0.0,276.0,6.0,249.0,0.0,205.0,193.0
2021-05-15 14:00:00+00:00,209.0,5.0,294.0,359.0,208.0,555.0,152.0,0.0,0.0,0.0,0.0,0.0,0.0,165.0,0.0,0.0,12.0,0.0,0.0,0.0,601.0,344.0,0.0,0.0,0.0,274.0,0.0,50.0,1077.0,65.0,0.0,0.0,0.0,0.0,46.0,0.0,436.0,0.0,189.0,0.0,228.0,194.0
2021-05-15 15:00:00+00:00,120.0,187.0,230.0,326.0,243.0,548.0,147.0,0.0,0.0,0.0,0.0,0.0,0.0,49.0,0.0,0.0,35.0,0.0,0.0,0.0,600.0,225.0,0.0,0.0,0.0,235.0,0.0,86.0,1079.0,55.0,0.0,0.0,0.0,0.0,130.0,0.0,404.0,0.0,280.0,0.0,317.0,196.0
2021-05-15 16:00:00+00:00,143.0,535.0,241.0,314.0,292.0,573.0,24.0,0.0,0.0,0.0,0.0,0.0,0.0,0.0,0.0,0.0,0.0,0.0,0.0,0.0,600.0,165.0,0.0,2.0,0.0,83.0,0.0,222.0,1068.0,54.0,0.0,0.0,91.0,0.0,247.0,0.0,415.0,1.0,306.0,0.0,306.0,192.0
2021-05-15 17:00:00+00:00,143.0,542.0,222.0,270.0,250.0,597.0,84.0,0.0,0.0,0.0,0.0,0.0,0.0,0.0,0.0,0.0,0.0,0.0,0.0,0.0,600.0,111.0,0.0,0.0,0.0,21.0,0.0,160.0,1102.0,85.0,0.0,0.0,95.0,0.0,220.0,0.0,360.0,0.0,210.0,0.0,311.0,196.0
2021-05-15 18:00:00+00:00,136.0,446.0,204.0,298.0,278.0,593.0,101.0,0.0,0.0,0.0,0.0,0.0,0.0,4.0,0.0,0.0,0.0,0.0,0.0,0.0,572.0,118.0,0.0,33.0,0.0,21.0,0.0,59.0,1143.0,82.0,0.0,0.0,14.0,0.0,161.0,0.0,384.0,0.0,83.0,0.0,318.0,196.0
2021-05-15 19:00:00+00:00,24.0,566.0,138.0,251.0,308.0,659.0,105.0,0.0,23.0,3.0,0.0,0.0,0.0,0.0,0.0,0.0,0.0,0.0,0.0,0.0,600.0,6.0,0.0,16.0,0.0,94.0,0.0,172.0,1172.0,89.0,0.0,0.0,53.0,0.0,221.0,0.0,334.0,3.0,209.0,0.0,346.0,195.0
2021-05-15 20:00:00+00:00,111.0,323.0,258.0,310.0,289.0,692.0,93.0,0.0,0.0,0.0,0.0,0.0,0.0,3.0,0.0,0.0,0.0,0.0,0.0,0.0,600.0,142.0,0.0,0.0,0.0,239.0,0.0,177.0,1220.0,93.0,0.0,0.0,27.0,0.0,266.0,0.0,388.0,0.0,272.0,0.0,360.0,195.0
2021-05-15 21:00:00+00:00,102.0,198.0,300.0,331.0,283.0,646.0,53.0,0.0,0.0,1.0,0.0,0.0,0.0,37.0,0.0,0.0,33.0,0.0,0.0,0.0,600.0,210.0,0.0,0.0,0.0,271.0,0.0,121.0,1329.0,71.0,0.0,0.0,3.0,0.0,178.0,0.0,398.0,0.0,256.0,0.0,359.0,194.0
2021-05-15 22:00:00+00:00,181.0,160.0,206.0,239.0,117.0,443.0,225.0,0.0,0.0,0.0,0.0,0.0,0.0,63.0,0.0,0.0,52.0,0.0,1.0,0.0,580.0,209.0,0.0,0.0,0.0,290.0,0.0,21.0,1453.0,0.0,0.0,0.0,3.0,0.0,137.0,0.0,305.0,0.0,243.0,12.0,321.0,192.0
2021-05-15 23:00:00+00:00,193.0,232.0,113.0,170.0,4.0,370.0,275.0,0.0,0.0,0.0,0.0,0.0,0.0,50.0,0.0,0.0,70.0,0.0,20.0,0.0,600.0,209.0,0.0,0.0,0.0,295.0,0.0,0.0,1321.0,0.0,0.0,0.0,0.0,0.0,132.0,0.0,219.0,4.0,213.0,42.0,321.0,194.0
2021-05-16 00:00:00+00:00,241.0,222.0,94.0,137.0,0.0,251.0,104.0,0.0,0.0,0.0,0.0,0.0,0.0,87.0,0.0,0.0,68.0,0.0,64.0,0.0,598.0,248.0,0.0,0.0,0.0,365.0,0.0,0.0,871.0,0.0,0.0,0.0,0.0,82.0,75.0,0.0,221.0,2.0,180.0,84.0,312.0,192.0
2021-05-16 01:00:00+00:00,259.0,300.0,63.0,97.0,0.0,222.0,73.0,0.0,0.0,0.0,0.0,0.0,0.0,119.0,0.0,0.0,63.0,0.0,69.0,0.0,508.0,239.0,0.0,0.0,0.0,349.0,0.0,0.0,813.0,0.0,0.0,0.0,0.0,138.0,42.0,0.0,191.0,9.0,165.0,104.0,306.0,195.0
2021-05-16 02:00:00+00:00,276.0,302.0,90.0,120.0,0.0,203.0,103.0,0.0,0.0,0.0,0.0,0.0,0.0,112.0,0.0,0.0,66.0,0.0,67.0,0.0,507.0,267.0,0.0,0.0,0.0,369.0,0.0,0.0,798.0,0.0,0.0,0.0,0.0,119.0,55.0,0.0,195.0,9.0,180.0,98.0,300.0,196.0
2021-05-16 03:00:00+00:00,265.0,271.0,137.0,102.0,0.0,207.0,74.0,0.0,0.0,0.0,0.0,0.0,0.0,96.0,0.0,0.0,71.0,0.0,67.0,0.0,561.0,266.0,0.0,0.0,0.0,441.0,0.0,0.0,815.0,0.0,0.0,0.0,0.0,151.0,63.0,0.0,148.0,1.0,148.0,147.0,262.0,194.0
2021-05-16 04:00:00+00:00,226.0,209.0,169.0,62.0,0.0,271.0,105.0,0.0,0.0,0.0,0.0,0.0,0.0,67.0,0.0,0.0,73.0,0.0,78.0,0.0,468.0,172.0,0.0,0.0,0.0,344.0,0.0,0.0,1208.0,0.0,0.0,0.0,0.0,153.0,75.0,0.0,87.0,1.0,65.0,174.0,204.0,196.0
2021-05-16 05:00:00+00:00,193.0,158.0,148.0,90.0,0.0,479.0,91.0,0.0,0.0,0.0,0.0,0.0,0.0,92.0,0.0,0.0,82.0,0.0,0.0,0.0,458.0,146.0,0.0,0.0,0.0,282.0,0.0,0.0,1395.0,3.0,0.0,0.0,0.0,100.0,69.0,0.0,143.0,2.0,24.0,173.0,249.0,195.0
2021-05-16 06:00:00+00:00,111.0,81.0,66.0,127.0,23.0,567.0,147.0,0.0,1.0,0.0,0.0,0.0,0.0,94.0,0.0,0.0,75.0,0.0,0.0,0.0,507.0,63.0,0.0,0.0,0.0,115.0,0.0,0.0,1454.0,35.0,0.0,0.0,0.0,0.0,71.0,0.0,194.0,10.0,67.0,96.0,249.0,194.0
2021-05-16 07:00:00+00:00,62.0,16.0,83.0,190.0,117.0,595.0,259.0,0.0,0.0,0.0,0.0,0.0,0.0,130.0,0.0,0.0,60.0,0.0,0.0,0.0,598.0,66.0,0.0,0.0,0.0,96.0,0.0,0.0,1454.0,84.0,0.0,0.0,0.0,0.0,60.0,0.0,235.0,4.0,45.0,21.0,228.0,196.0
2021-05-16 08:00:00+00:00,145.0,0.0,162.0,251.0,135.0,465.0,52.0,0.0,0.0,0.0,0.0,155.0,12.0,188.0,0.0,0.0,37.0,0.0,0.0,0.0,599.0,207.0,0.0,0.0,0.0,123.0,0.0,3.0,1402.0,5.0,0.0,0.0,0.0,0.0,0.0,0.0,271.0,1.0,82.0,1.0,212.0,196.0
2021-05-16 09:00:00+00:00,158.0,0.0,141.0,242.0,130.0,573.0,216.0,0.0,0.0,0.0,0.0,108.0,0.0,174.0,0.0,0.0,21.0,0.0,0.0,0.0,528.0,190.0,0.0,0.0,0.0,277.0,0.0,8.0,1436.0,85.0,0.0,0.0,0.0,0.0,2.0,0.0,271.0,1.0,102.0,21.0,195.0,193.0
2021-05-16 10:00:00+00:00,227.0,0.0,203.0,279.0,103.0,446.0,26.0,0.0,0.0,0.0,0.0,274.0,120.0,265.0,0.0,0.0,8.0,0.0,0.0,0.0,487.0,308.0,0.0,0.0,0.0,275.0,0.0,0.0,1444.0,11.0,0.0,0.0,0.0,0.0,0.0,0.0,282.0,1.0,55.0,99.0,155.0,194.0
2021-05-16 11:00:00+00:00,225.0,0.0,200.0,156.0,0.0,480.0,89.0,0.0,0.0,0.0,0.0,367.0,244.0,367.0,0.0,0.0,0.0,0.0,0.0,0.0,459.0,232.0,0.0,1.0,0.0,175.0,0.0,0.0,1310.0,51.0,0.0,0.0,0.0,86.0,0.0,6.0,167.0,0.0,1.0,250.0,96.0,196.0
2021-05-16 12:00:00+00:00,251.0,0.0,261.0,98.0,0.0,491.0,106.0,2.0,0.0,0.0,0.0,497.0,310.0,373.0,0.0,0.0,1.0,0.0,0.0,0.0,483.0,194.0,0.0,0.0,0.0,130.0,0.0,0.0,1326.0,41.0,0.0,0.0,0.0,181.0,0.0,84.0,56.0,0.0,0.0,359.0,54.0,195.0
2021-05-16 13:00:00+00:00,259.0,0.0,251.0,82.0,0.0,494.0,100.0,1.0,0.0,0.0,0.0,533.0,304.0,350.0,0.0,0.0,4.0,0.0,0.0,0.0,480.0,197.0,0.0,0.0,0.0,113.0,0.0,0.0,1472.0,31.0,0.0,0.0,0.0,204.0,0.0,102.0,56.0,0.0,0.0,365.0,54.0,194.0
2021-05-16 14:00:00+00:00,249.0,0.0,130.0,119.0,0.0,386.0,0.0,0.0,0.0,0.0,0.0,589.0,298.0,314.0,0.0,0.0,34.0,0.0,12.0,0.0,588.0,224.0,0.0,0.0,0.0,93.0,0.0,0.0,1455.0,0.0,77.0,0.0,0.0,160.0,0.0,119.0,140.0,1.0,0.0,360.0,53.0,196.0
2021-05-16 15:00:00+00:00,309.0,0.0,143.0,206.0,0.0,441.0,0.0,0.0,0.0,0.0,0.0,283.0,104.0,145.0,0.0,0.0,60.0,0.0,2.0,0.0,600.0,304.0,0.0,0.0,0.0,123.0,0.0,0.0,1468.0,0.0,93.0,0.0,0.0,48.0,0.0,28.0,276.0,2.0,6.0,204.0,49.0,195.0
2021-05-16 16:00:00+00:00,232.0,0.0,130.0,228.0,66.0,496.0,105.0,0.0,0.0,0.0,0.0,31.0,0.0,50.0,0.0,0.0,42.0,0.0,0.0,0.0,601.0,218.0,0.0,0.0,0.0,108.0,0.0,0.0,1459.0,56.0,0.0,0.0,1.0,0.0,50.0,0.0,268.0,2.0,53.0,113.0,142.0,192.0
2021-05-16 17:00:00+00:00,217.0,38.0,146.0,239.0,109.0,468.0,89.0,0.0,0.0,0.0,0.0,0.0,0.0,7.0,0.0,0.0,41.0,0.0,0.0,0.0,599.0,163.0,0.0,0.0,0.0,0.0,0.0,0.0,1447.0,90.0,0.0,12.0,9.0,0.0,73.0,0.0,275.0,0.0,89.0,107.0,210.0,193.0
2021-05-16 18:00:00+00:00,211.0,0.0,108.0,220.0,100.0,473.0,113.0,0.0,0.0,0.0,0.0,51.0,0.0,35.0,0.0,0.0,34.0,0.0,0.0,0.0,540.0,117.0,0.0,0.0,0.0,0.0,0.0,0.0,1438.0,96.0,0.0,56.0,0.0,0.0,42.0,3.0,273.0,3.0,4.0,155.0,228.0,194.0
2021-05-16 19:00:00+00:00,212.0,0.0,122.0,208.0,102.0,547.0,180.0,0.0,0.0,0.0,0.0,49.0,0.0,30.0,0.0,0.0,15.0,0.0,0.0,0.0,526.0,116.0,0.0,0.0,0.0,0.0,0.0,0.0,1466.0,74.0,0.0,31.0,12.0,0.0,69.0,0.0,260.0,2.0,69.0,72.0,267.0,196.0
2021-05-16 20:00:00+00:00,128.0,0.0,79.0,222.0,164.0,525.0,193.0,0.0,0.0,0.0,0.0,42.0,0.0,0.0,0.0,0.0,0.0,0.0,0.0,0.0,560.0,68.0,0.0,0.0,0.0,124.0,0.0,57.0,1462.0,46.0,0.0,0.0,53.0,0.0,169.0,0.0,248.0,6.0,258.0,0.0,293.0,190.0
2021-05-16 21:00:00+00:00,103.0,9.0,120.0,239.0,165.0,573.0,53.0,0.0,0.0,0.0,0.0,0.0,0.0,6.0,0.0,0.0,36.0,0.0,0.0,0.0,597.0,113.0,0.0,0.0,0.0,248.0,0.0,69.0,1456.0,42.0,0.0,0.0,31.0,0.0,161.0,0.0,243.0,2.0,292.0,1.0,314.0,195.0
2021-05-16 22:00:00+00:00,188.0,210.0,98.0,213.0,108.0,468.0,0.0,0.0,0.0,0.0,0.0,0.0,0.0,2.0,0.0,0.0,76.0,0.0,15.0,0.0,512.0,178.0,0.0,0.0,0.0,311.0,0.0,0.0,1452.0,0.0,186.0,0.0,35.0,0.0,182.0,0.0,239.0,5.0,140.0,99.0,342.0,197.0
2021-05-16 23:00:00+00:00,213.0,238.0,62.0,173.0,35.0,464.0,0.0,0.0,0.0,0.0,0.0,0.0,0.0,0.0,0.0,0.0,72.0,0.0,27.0,0.0,510.0,206.0,0.0,0.0,0.0,469.0,0.0,0.0,1453.0,0.0,269.0,0.0,77.0,0.0,189.0,0.0,237.0,10.0,118.0,168.0,315.0,193.0
2021-05-17 00:00:00+00:00,168.0,251.0,54.0,154.0,42.0,433.0,0.0,0.0,0.0,0.0,0.0,0.0,0.0,0.0,0.0,0.0,69.0,0.0,29.0,0.0,529.0,170.0,0.0,0.0,0.0,441.0,0.0,0.0,1459.0,0.0,297.0,0.0,133.0,0.0,219.0,0.0,217.0,15.0,179.0,111.0,314.0,194.0
2021-05-17 01:00:00+00:00,240.0,235.0,139.0,131.0,0.0,380.0,0.0,0.0,0.0,0.0,0.0,0.0,0.0,0.0,0.0,0.0,69.0,0.0,19.0,0.0,385.0,204.0,0.0,0.0,0.0,451.0,0.0,0.0,1453.0,0.0,252.0,0.0,150.0,20.0,209.0,0.0,179.0,2.0,188.0,123.0,282.0,192.0
2021-05-17 02:00:00+00:00,235.0,229.0,80.0,156.0,19.0,374.0,0.0,0.0,0.0,0.0,0.0,0.0,0.0,0.0,0.0,0.0,71.0,0.0,8.0,0.0,385.0,205.0,0.0,0.0,0.0,453.0,0.0,0.0,1444.0,0.0,268.0,0.0,172.0,0.0,225.0,0.0,245.0,4.0,184.0,102.0,279.0,192.0
2021-05-17 03:00:00+00:00,250.0,0.0,83.0,162.0,9.0,372.0,0.0,0.0,0.0,0.0,0.0,7.0,0.0,0.0,0.0,0.0,45.0,0.0,0.0,0.0,539.0,226.0,0.0,0.0,0.0,316.0,0.0,0.0,1139.0,60.0,153.0,0.0,151.0,0.0,171.0,0.0,239.0,5.0,95.0,119.0,137.0,192.0
2021-05-17 04:00:00+00:00,259.0,202.0,46.0,131.0,16.0,7.0,0.0,0.0,0.0,0.0,0.0,0.0,0.0,0.0,0.0,0.0,14.0,0.0,45.0,0.0,380.0,146.0,0.0,0.0,0.0,0.0,0.0,157.0,630.0,0.0,56.0,7.0,354.0,0.0,436.0,0.0,227.0,22.0,292.0,0.0,192.0,193.0
2021-05-17 05:00:00+00:00,278.0,210.0,64.0,116.0,37.0,16.0,0.0,0.0,0.0,0.0,0.0,0.0,0.0,0.0,0.0,0.0,13.0,0.0,63.0,0.0,130.0,102.0,0.0,0.0,0.0,0.0,0.0,187.0,558.0,0.0,105.0,309.0,308.0,0.0,448.0,0.0,217.0,12.0,227.0,0.0,263.0,194.0
2021-05-17 06:00:00+00:00,308.0,134.0,42.0,121.0,43.0,65.0,0.0,0.0,1.0,0.0,0.0,0.0,0.0,0.0,0.0,0.0,0.0,0.0,81.0,0.0,106.0,68.0,0.0,0.0,0.0,0.0,0.0,115.0,558.0,0.0,124.0,374.0,212.0,0.0,365.0,0.0,198.0,20.0,167.0,0.0,255.0,195.0
2021-05-17 07:00:00+00:00,267.0,116.0,30.0,114.0,84.0,141.0,0.0,0.0,27.0,0.0,0.0,0.0,0.0,0.0,0.0,0.0,0.0,0.0,71.0,0.0,58.0,22.0,0.0,0.0,0.0,0.0,0.0,188.0,513.0,0.0,77.0,355.0,221.0,0.0,394.0,0.0,149.0,34.0,246.0,0.0,241.0,196.0
2021-05-17 08:00:00+00:00,164.0,179.0,2.0,70.0,71.0,134.0,0.0,0.0,130.0,0.0,0.0,0.0,0.0,0.0,0.0,0.0,33.0,0.0,33.0,0.0,218.0,0.0,0.0,0.0,0.0,0.0,0.0,233.0,511.0,0.0,36.0,236.0,216.0,0.0,420.0,0.0,102.0,115.0,297.0,0.0,259.0,195.0
2021-05-17 09:00:00+00:00,138.0,156.0,1.0,68.0,70.0,144.0,0.0,2.0,138.0,0.0,0.0,0.0,0.0,0.0,0.0,0.0,54.0,0.0,24.0,0.0,227.0,0.0,0.0,0.0,0.0,0.0,0.0,279.0,511.0,0.0,14.0,182.0,207.0,0.0,422.0,0.0,76.0,119.0,361.0,0.0,249.0,194.0
2021-05-17 10:00:00+00:00,200.0,156.0,4.0,59.0,19.0,184.0,70.0,1.0,86.0,0.0,0.0,0.0,0.0,0.0,0.0,55.0,54.0,0.0,0.0,0.0,0.0,0.0,0.0,0.0,0.0,0.0,0.0,220.0,511.0,3.0,0.0,113.0,177.0,0.0,360.0,0.0,62.0,86.0,298.0,0.0,244.0,195.0
2021-05-17 11:00:00+00:00,144.0,233.0,37.0,20.0,15.0,198.0,96.0,51.0,179.0,0.0,0.0,0.0,0.0,0.0,0.0,138.0,49.0,0.0,0.0,0.0,0.0,0.0,1.0,0.0,0.0,0.0,0.0,230.0,511.0,18.0,0.0,67.0,159.0,0.0,364.0,0.0,4.0,26.0,292.0,0.0,268.0,196.0
2021-05-17 12:00:00+00:00,142.0,189.0,50.0,37.0,3.0,425.0,115.0,41.0,187.0,0.0,0.0,0.0,0.0,0.0,0.0,50.0,56.0,0.0,0.0,0.0,0.0,0.0,0.0,0.0,0.0,0.0,0.0,178.0,990.0,108.0,0.0,43.0,143.0,0.0,329.0,0.0,6.0,15.0,223.0,0.0,248.0,197.0
2021-05-17 13:00:00+00:00,152.0,208.0,46.0,50.0,44.0,498.0,75.0,47.0,164.0,0.0,0.0,0.0,0.0,0.0,0.0,0.0,69.0,0.0,0.0,0.0,1.0,0.0,0.0,0.0,0.0,0.0,0.0,229.0,1264.0,118.0,0.0,89.0,164.0,0.0,349.0,0.0,4.0,19.0,276.0,0.0,241.0,195.0
2021-05-17 14:00:00+00:00,179.0,101.0,16.0,150.0,141.0,532.0,47.0,0.0,47.0,0.0,0.0,0.0,0.0,0.0,0.0,0.0,69.0,0.0,0.0,0.0,266.0,14.0,0.0,0.0,0.0,0.0,0.0,367.0,1293.0,127.0,0.0,85.0,225.0,0.0,379.0,0.0,146.0,80.0,425.0,0.0,234.0,194.0
2021-05-17 15:00:00+00:00,193.0,75.0,31.0,153.0,131.0,475.0,48.0,0.0,11.0,0.0,0.0,0.0,0.0,0.0,0.0,0.0,37.0,0.0,0.0,0.0,499.0,9.0,0.0,0.0,0.0,8.0,0.0,371.0,997.0,94.0,0.0,0.0,264.0,0.0,406.0,0.0,168.0,22.0,446.0,0.0,252.0,192.0
2021-05-17 16:00:00+00:00,111.0,435.0,46.0,146.0,184.0,321.0,269.0,0.0,79.0,0.0,0.0,0.0,0.0,0.0,0.0,0.0,0.0,0.0,0.0,0.0,437.0,0.0,0.0,0.0,0.0,0.0,0.0,520.0,575.0,43.0,0.0,176.0,423.0,0.0,540.0,0.0,189.0,18.0,559.0,0.0,259.0,193.0
2021-05-17 17:00:00+00:00,173.0,575.0,107.0,181.0,181.0,298.0,278.0,0.0,8.0,0.0,0.0,0.0,0.0,0.0,0.0,0.0,0.0,0.0,0.0,0.0,384.0,8.0,0.0,0.0,0.0,0.0,0.0,399.0,511.0,45.0,0.0,140.0,348.0,0.0,336.0,0.0,218.0,2.0,430.0,0.0,229.0,193.0
2021-05-17 18:00:00+00:00,142.0,419.0,92.0,197.0,202.0,442.0,0.0,0.0,16.0,0.0,0.0,0.0,0.0,0.0,0.0,0.0,0.0,0.0,0.0,0.0,400.0,5.0,0.0,1.0,0.0,0.0,0.0,332.0,1068.0,91.0,16.0,147.0,248.0,0.0,265.0,0.0,237.0,4.0,369.0,0.0,212.0,195.0
2021-05-17 19:00:00+00:00,160.0,500.0,95.0,213.0,204.0,552.0,111.0,0.0,0.0,0.0,0.0,0.0,0.0,0.0,0.0,0.0,0.0,0.0,0.0,0.0,467.0,51.0,0.0,22.0,0.0,0.0,0.0,414.0,1375.0,121.0,0.0,23.0,233.0,0.0,309.0,0.0,243.0,4.0,428.0,0.0,237.0,195.0
2021-05-17 20:00:00+00:00,117.0,440.0,103.0,256.0,255.0,607.0,134.0,0.0,0.0,0.0,0.0,0.0,0.0,0.0,0.0,0.0,0.0,0.0,0.0,0.0,572.0,80.0,0.0,52.0,0.0,119.0,0.0,422.0,1411.0,100.0,0.0,0.0,186.0,0.0,295.0,0.0,314.0,5.0,448.0,0.0,270.0,194.0
2021-05-17 21:00:00+00:00,163.0,469.0,138.0,263.0,219.0,545.0,79.0,0.0,0.0,0.0,0.0,0.0,0.0,0.0,0.0,0.0,0.0,0.0,0.0,0.0,574.0,174.0,0.0,1.0,0.0,143.0,0.0,401.0,1384.0,76.0,0.0,0.0,181.0,0.0,300.0,0.0,272.0,3.0,450.0,0.0,292.0,195.0
2021-05-17 22:00:00+00:00,38.0,503.0,66.0,211.0,194.0,639.0,109.0,0.0,0.0,2.0,0.0,0.0,0.0,0.0,0.0,0.0,0.0,0.0,0.0,0.0,502.0,59.0,0.0,2.0,0.0,390.0,0.0,176.0,1409.0,96.0,0.0,0.0,70.0,0.0,221.0,0.0,227.0,18.0,272.0,0.0,248.0,196.0
2021-05-17 23:00:00+00:00,25.0,529.0,117.0,222.0,203.0,633.0,37.0,0.0,0.0,3.0,0.0,0.0,0.0,0.0,0.0,0.0,29.0,0.0,0.0,0.0,495.0,88.0,0.0,0.0,0.0,409.0,0.0,242.0,1403.0,92.0,0.0,0.0,125.0,0.0,257.0,0.0,285.0,3.0,337.0,0.0,249.0,197.0
2021-05-18 00:00:00+00:00,23.0,590.0,154.0,224.0,205.0,612.0,22.0,0.0,0.0,3.0,0.0,0.0,0.0,0.0,0.0,0.0,26.0,0.0,0.0,0.0,541.0,101.0,0.0,0.0,0.0,474.0,0.0,222.0,1407.0,94.0,0.0,0.0,142.0,0.0,265.0,0.0,295.0,0.0,337.0,0.0,229.0,195.0
2021-05-18 01:00:00+00:00,20.0,618.0,150.0,224.0,215.0,620.0,69.0,0.0,0.0,8.0,0.0,0.0,0.0,0.0,0.0,0.0,27.0,0.0,0.0,0.0,598.0,88.0,0.0,0.0,0.0,505.0,0.0,247.0,1409.0,92.0,0.0,0.0,153.0,0.0,283.0,0.0,322.0,1.0,353.0,0.0,236.0,194.0
2021-05-18 02:00:00+00:00,6.0,659.0,210.0,233.0,246.0,525.0,130.0,0.0,0.0,21.0,0.0,0.0,0.0,0.0,0.0,0.0,32.0,0.0,0.0,0.0,598.0,79.0,0.0,0.0,0.0,507.0,0.0,247.0,1396.0,90.0,0.0,0.0,157.0,0.0,300.0,0.0,349.0,1.0,322.0,0.0,268.0,195.0
2021-05-18 03:00:00+00:00,6.0,628.0,190.0,242.0,286.0,369.0,0.0,0.0,0.0,17.0,0.0,0.0,0.0,0.0,0.0,0.0,0.0,0.0,0.0,0.0,542.0,66.0,0.0,0.0,0.0,449.0,0.0,266.0,1088.0,40.0,146.0,0.0,207.0,0.0,320.0,0.0,335.0,0.0,304.0,0.0,302.0,196.0
2021-05-18 04:00:00+00:00,47.0,806.0,172.0,235.0,266.0,132.0,118.0,0.0,0.0,2.0,0.0,0.0,0.0,0.0,0.0,0.0,0.0,0.0,15.0,0.0,539.0,85.0,0.0,48.0,0.0,241.0,0.0,457.0,586.0,0.0,0.0,0.0,342.0,0.0,445.0,0.0,343.0,1.0,456.0,0.0,312.0,197.0
2021-05-18 05:00:00+00:00,44.0,783.0,231.0,319.0,344.0,62.0,0.0,0.0,0.0,0.0,0.0,0.0,0.0,0.0,0.0,0.0,0.0,0.0,73.0,0.0,483.0,125.0,0.0,46.0,0.0,171.0,0.0,448.0,511.0,0.0,60.0,0.0,268.0,0.0,422.0,0.0,398.0,0.0,389.0,0.0,333.0,195.0
2021-05-18 06:00:00+00:00,5.0,760.0,205.0,289.0,361.0,106.0,0.0,0.0,12.0,14.0,0.0,0.0,0.0,0.0,0.0,0.0,0.0,0.0,93.0,0.0,478.0,9.0,0.0,57.0,0.0,233.0,0.0,424.0,510.0,0.0,85.0,0.0,238.0,0.0,408.0,0.0,335.0,0.0,370.0,0.0,323.0,196.0
2021-05-18 07:00:00+00:00,25.0,732.0,211.0,289.0,358.0,85.0,0.0,0.0,14.0,5.0,0.0,0.0,0.0,0.0,0.0,0.0,0.0,0.0,103.0,0.0,372.0,13.0,0.0,82.0,0.0,225.0,0.0,452.0,511.0,0.0,163.0,0.0,235.0,0.0,402.0,0.0,329.0,1.0,419.0,0.0,303.0,197.0
2021-05-18 08:00:00+00:00,9.0,765.0,194.0,262.0,313.0,94.0,0.0,0.0,13.0,16.0,0.0,0.0,0.0,0.0,0.0,0.0,0.0,0.0,93.0,0.0,365.0,14.0,0.0,30.0,0.0,263.0,0.0,461.0,511.0,0.0,125.0,0.0,205.0,0.0,419.0,0.0,336.0,1.0,424.0,0.0,307.0,197.0
2021-05-18 09:00:00+00:00,0.0,737.0,182.0,242.0,310.0,94.0,0.0,0.0,42.0,88.0,0.0,0.0,0.0,0.0,0.0,0.0,0.0,0.0,81.0,0.0,224.0,4.0,0.0,38.0,0.0,289.0,0.0,462.0,510.0,0.0,141.0,0.0,208.0,0.0,403.0,0.0,311.0,0.0,442.0,0.0,293.0,198.0
2021-05-18 10:00:00+00:00,0.0,705.0,201.0,248.0,315.0,83.0,0.0,0.0,39.0,78.0,0.0,0.0,0.0,0.0,0.0,0.0,0.0,0.0,58.0,0.0,142.0,1.0,0.0,0.0,0.0,259.0,0.0,523.0,510.0,0.0,95.0,0.0,234.0,0.0,398.0,0.0,323.0,0.0,503.0,0.0,288.0,196.0
2021-05-18 11:00:00+00:00,0.0,681.0,206.0,239.0,318.0,120.0,0.0,0.0,67.0,93.0,0.0,0.0,0.0,0.0,0.0,0.0,0.0,0.0,61.0,0.0,85.0,1.0,0.0,1.0,0.0,286.0,0.0,483.0,510.0,0.0,73.0,0.0,185.0,0.0,386.0,0.0,291.0,1.0,454.0,0.0,298.0,196.0
2021-05-18 12:00:00+00:00,0.0,733.0,168.0,234.0,302.0,466.0,0.0,0.0,60.0,78.0,0.0,0.0,0.0,0.0,0.0,0.0,13.0,0.0,0.0,0.0,2.0,0.0,0.0,0.0,0.0,314.0,0.0,484.0,1005.0,91.0,20.0,0.0,186.0,0.0,396.0,0.0,305.0,1.0,462.0,0.0,294.0,197.0
2021-05-18 13:00:00+00:00,0.0,701.0,145.0,239.0,308.0,465.0,141.0,0.0,26.0,90.0,0.0,0.0,0.0,0.0,0.0,0.0,25.0,0.0,0.0,0.0,126.0,20.0,0.0,0.0,0.0,325.0,0.0,499.0,1279.0,112.0,0.0,0.0,193.0,0.0,393.0,0.0,312.0,1.0,493.0,0.0,279.0,196.0
2021-05-18 14:00:00+00:00,13.0,555.0,182.0,278.0,269.0,482.0,147.0,0.0,0.0,10.0,0.0,0.0,0.0,0.0,0.0,0.0,0.0,0.0,0.0,0.0,332.0,128.0,0.0,1.0,0.0,381.0,0.0,441.0,1299.0,103.0,0.0,0.0,131.0,0.0,348.0,0.0,369.0,0.0,412.0,0.0,301.0,197.0
2021-05-18 15:00:00+00:00,102.0,703.0,182.0,249.0,236.0,328.0,0.0,0.0,0.0,0.0,0.0,0.0,0.0,0.0,0.0,0.0,1.0,0.0,0.0,0.0,363.0,111.0,0.0,0.0,0.0,335.0,0.0,408.0,978.0,63.0,28.0,0.0,211.0,0.0,371.0,0.0,332.0,0.0,372.0,0.0,309.0,196.0
2021-05-18 16:00:00+00:00,79.0,849.0,214.0,223.0,259.0,66.0,0.0,0.0,5.0,0.0,0.0,0.0,0.0,0.0,0.0,0.0,0.0,0.0,28.0,0.0,387.0,31.0,0.0,3.0,0.0,195.0,0.0,457.0,573.0,0.0,65.0,0.0,283.0,0.0,419.0,0.0,303.0,0.0,370.0,0.0,354.0,196.0
2021-05-18 17:00:00+00:00,92.0,814.0,262.0,246.0,294.0,76.0,0.0,0.0,10.0,0.0,0.0,0.0,0.0,0.0,0.0,0.0,0.0,0.0,2.0,0.0,418.0,15.0,0.0,8.0,0.0,104.0,0.0,481.0,509.0,0.0,7.0,0.0,342.0,0.0,419.0,0.0,335.0,0.0,389.0,0.0,345.0,198.0
2021-05-18 18:00:00+00:00,50.0,806.0,221.0,263.0,358.0,472.0,7.0,0.0,54.0,1.0,0.0,0.0,0.0,0.0,0.0,0.0,0.0,0.0,0.0,0.0,419.0,0.0,0.0,1.0,0.0,97.0,0.0,403.0,1089.0,125.0,0.0,0.0,247.0,0.0,391.0,0.0,371.0,0.0,292.0,0.0,364.0,198.0
2021-05-18 19:00:00+00:00,70.0,856.0,177.0,229.0,294.0,541.0,97.0,0.0,39.0,0.0,0.0,0.0,0.0,0.0,0.0,0.0,0.0,0.0,0.0,0.0,373.0,2.0,0.0,26.0,0.0,221.0,0.0,421.0,1376.0,135.0,0.0,0.0,231.0,0.0,405.0,0.0,329.0,1.0,307.0,0.0,371.0,197.0
2021-05-18 20:00:00+00:00,32.0,736.0,211.0,236.0,278.0,569.0,59.0,0.0,12.0,2.0,0.0,0.0,0.0,0.0,0.0,0.0,0.0,0.0,0.0,0.0,364.0,13.0,0.0,56.0,0.0,254.0,0.0,381.0,1410.0,92.0,0.0,0.0,195.0,0.0,374.0,0.0,358.0,0.0,293.0,0.0,382.0,196.0
2021-05-18 21:00:00+00:00,84.0,778.0,245.0,226.0,248.0,513.0,0.0,0.0,2.0,0.0,0.0,0.0,0.0,0.0,0.0,0.0,0.0,0.0,0.0,0.0,419.0,54.0,0.0,12.0,0.0,313.0,0.0,359.0,1407.0,38.0,30.0,0.0,190.0,0.0,355.0,0.0,354.0,0.0,320.0,0.0,381.0,198.0
2021-05-18 22:00:00+00:00,165.0,610.0,274.0,257.0,206.0,545.0,0.0,0.0,0.0,0.0,0.0,0.0,0.0,0.0,0.0,0.0,0.0,0.0,0.0,0.0,503.0,198.0,0.0,0.0,0.0,463.0,0.0,249.0,1406.0,74.0,54.0,0.0,101.0,0.0,255.0,0.0,388.0,0.0,248.0,0.0,356.0,197.0
2021-05-18 23:00:00+00:00,145.0,638.0,246.0,250.0,201.0,588.0,4.0,0.0,0.0,0.0,0.0,0.0,0.0,0.0,0.0,0.0,21.0,0.0,0.0,0.0,532.0,211.0,0.0,0.0,0.0,530.0,0.0,264.0,1406.0,93.0,0.0,0.0,128.0,0.0,263.0,0.0,393.0,0.0,276.0,0.0,341.0,197.0
2021-05-19 00:00:00+00:00,152.0,596.0,231.0,246.0,183.0,639.0,112.0,0.0,0.0,0.0,0.0,0.0,0.0,0.0,0.0,0.0,27.0,0.0,0.0,0.0,539.0,226.0,0.0,0.0,0.0,550.0,0.0,244.0,1406.0,146.0,0.0,0.0,156.0,0.0,281.0,0.0,393.0,0.0,249.0,0.0,347.0,197.0
2021-05-19 01:00:00+00:00,140.0,551.0,244.0,251.0,204.0,677.0,194.0,0.0,0.0,0.0,0.0,0.0,0.0,0.0,0.0,0.0,27.0,0.0,0.0,0.0,550.0,232.0,0.0,0.0,0.0,499.0,0.0,252.0,1408.0,176.0,0.0,0.0,157.0,0.0,271.0,0.0,389.0,0.0,255.0,0.0,352.0,195.0
2021-05-19 02:00:00+00:00,146.0,542.0,233.0,260.0,218.0,628.0,107.0,0.0,0.0,0.0,0.0,0.0,0.0,0.0,0.0,0.0,32.0,0.0,0.0,0.0,539.0,224.0,0.0,0.0,0.0,513.0,0.0,267.0,1399.0,161.0,0.0,0.0,186.0,0.0,282.0,0.0,400.0,1.0,266.0,0.0,352.0,196.0
2021-05-19 03:00:00+00:00,142.0,599.0,266.0,282.0,239.0,457.0,0.0,0.0,0.0,0.0,0.0,0.0,0.0,0.0,0.0,0.0,0.0,0.0,0.0,0.0,549.0,221.0,0.0,1.0,0.0,473.0,0.0,221.0,1095.0,114.0,103.0,0.0,189.0,0.0,308.0,0.0,402.0,0.0,230.0,0.0,342.0,198.0
2021-05-19 04:00:00+00:00,87.0,888.0,175.0,239.0,243.0,156.0,213.0,0.0,0.0,0.0,0.0,0.0,0.0,0.0,0.0,0.0,0.0,0.0,0.0,0.0,495.0,103.0,0.0,38.0,0.0,238.0,0.0,378.0,621.0,65.0,0.0,0.0,376.0,0.0,482.0,0.0,367.0,0.0,329.0,0.0,372.0,196.0
2021-05-19 05:00:00+00:00,111.0,773.0,182.0,250.0,268.0,102.0,99.0,0.0,0.0,0.0,0.0,0.0,0.0,0.0,0.0,0.0,0.0,0.0,0.0,0.0,343.0,59.0,0.0,48.0,0.0,62.0,0.0,378.0,488.0,53.0,0.0,0.0,318.0,0.0,419.0,0.0,305.0,1.0,338.0,0.0,341.0,197.0
2021-05-19 06:00:00+00:00,137.0,745.0,199.0,292.0,302.0,174.0,132.0,0.0,1.0,0.0,0.0,0.0,0.0,0.0,0.0,0.0,0.0,0.0,0.0,0.0,206.0,51.0,0.0,65.0,0.0,95.0,0.0,360.0,526.0,54.0,0.0,0.0,240.0,0.0,398.0,0.0,338.0,1.0,333.0,0.0,327.0,196.0
2021-05-19 07:00:00+00:00,116.0,786.0,206.0,287.0,311.0,193.0,98.0,0.0,8.0,0.0,0.0,0.0,0.0,0.0,0.0,0.0,0.0,0.0,0.0,0.0,183.0,25.0,0.0,53.0,0.0,128.0,0.0,329.0,522.0,29.0,0.0,0.0,199.0,0.0,397.0,0.0,328.0,1.0,328.0,0.0,300.0,194.0
2021-05-19 08:00:00+00:00,51.0,960.0,130.0,228.0,295.0,175.0,104.0,0.0,84.0,0.0,0.0,0.0,0.0,0.0,0.0,0.0,0.0,0.0,0.0,0.0,2.0,0.0,0.0,4.0,0.0,141.0,0.0,300.0,517.0,22.0,0.0,0.0,156.0,0.0,408.0,0.0,248.0,1.0,320.0,0.0,300.0,194.0
2021-05-19 09:00:00+00:00,38.0,919.0,79.0,224.0,303.0,265.0,220.0,0.0,106.0,1.0,0.0,0.0,0.0,0.0,0.0,96.0,0.0,0.0,0.0,0.0,0.0,0.0,0.0,2.0,0.0,148.0,0.0,352.0,514.0,71.0,0.0,0.0,174.0,0.0,403.0,0.0,231.0,7.0,361.0,0.0,313.0,195.0
2021-05-19 10:00:00+00:00,57.0,935.0,74.0,215.0,277.0,244.0,248.0,0.0,89.0,2.0,0.0,0.0,0.0,0.0,0.0,169.0,0.0,0.0,0.0,0.0,0.0,1.0,0.0,0.0,0.0,170.0,0.0,334.0,512.0,90.0,0.0,0.0,171.0,0.0,392.0,0.0,196.0,18.0,331.0,0.0,326.0,194.0
2021-05-19 11:00:00+00:00,54.0,972.0,42.0,200.0,258.0,234.0,201.0,0.0,93.0,1.0,0.0,0.0,0.0,0.0,0.0,346.0,0.0,0.0,0.0,0.0,0.0,0.0,0.0,2.0,0.0,231.0,0.0,329.0,510.0,81.0,0.0,0.0,156.0,0.0,384.0,0.0,159.0,20.0,313.0,0.0,332.0,193.0
2021-05-19 12:00:00+00:00,1.0,1057.0,16.0,141.0,256.0,511.0,60.0,0.0,237.0,55.0,0.0,0.0,0.0,0.0,0.0,314.0,10.0,0.0,0.0,0.0,0.0,0.0,0.0,0.0,0.0,218.0,0.0,369.0,1000.0,133.0,0.0,0.0,190.0,0.0,414.0,0.0,107.0,61.0,336.0,0.0,356.0,194.0
2021-05-19 13:00:00+00:00,22.0,840.0,142.0,143.0,185.0,521.0,45.0,8.0,129.0,3.0,0.0,0.0,0.0,0.0,0.0,181.0,27.0,0.0,0.0,0.0,0.0,0.0,0.0,0.0,0.0,150.0,0.0,278.0,1270.0,114.0,0.0,0.0,133.0,0.0,324.0,0.0,30.0,1.0,243.0,0.0,356.0,194.0
2021-05-19 14:00:00+00:00,54.0,703.0,108.0,200.0,221.0,578.0,133.0,0.0,25.0,0.0,0.0,0.0,0.0,0.0,0.0,0.0,2.0,0.0,0.0,0.0,49.0,2.0,0.0,0.0,0.0,143.0,0.0,240.0,1278.0,130.0,0.0,0.0,102.0,0.0,283.0,0.0,129.0,2.0,229.0,0.0,339.0,194.0
2021-05-19 15:00:00+00:00,130.0,768.0,51.0,158.0,159.0,459.0,0.0,0.0,47.0,0.0,0.0,0.0,0.0,0.0,0.0,0.0,0.0,0.0,0.0,0.0,60.0,1.0,0.0,6.0,0.0,99.0,0.0,217.0,989.0,87.0,43.0,0.0,170.0,0.0,298.0,0.0,184.0,12.0,197.0,0.0,339.0,196.0
2021-05-19 16:00:00+00:00,132.0,882.0,32.0,121.0,130.0,323.0,311.0,0.0,100.0,0.0,0.0,0.0,0.0,0.0,0.0,0.0,0.0,0.0,0.0,0.0,2.0,0.0,0.0,1.0,0.0,0.0,0.0,168.0,613.0,80.0,0.0,69.0,209.0,0.0,324.0,0.0,167.0,36.0,127.0,0.0,341.0,196.0
2021-05-19 17:00:00+00:00,125.0,753.0,42.0,132.0,140.0,324.0,229.0,0.0,116.0,0.0,0.0,0.0,0.0,0.0,0.0,0.0,0.0,0.0,0.0,0.0,109.0,0.0,0.0,13.0,0.0,0.0,0.0,186.0,488.0,90.0,0.0,238.0,228.0,0.0,303.0,0.0,169.0,15.0,126.0,0.0,320.0,196.0
2021-05-19 18:00:00+00:00,136.0,718.0,33.0,134.0,147.0,596.0,0.0,0.0,143.0,0.0,0.0,0.0,0.0,0.0,0.0,0.0,0.0,0.0,0.0,0.0,15.0,0.0,0.0,10.0,0.0,0.0,0.0,116.0,1091.0,171.0,10.0,213.0,171.0,0.0,263.0,0.0,169.0,27.0,71.0,0.0,304.0,195.0
2021-05-19 19:00:00+00:00,103.0,779.0,58.0,133.0,153.0,651.0,102.0,0.0,136.0,0.0,0.0,0.0,0.0,0.0,0.0,0.0,0.0,0.0,0.0,0.0,113.0,0.0,0.0,31.0,0.0,0.0,0.0,238.0,1395.0,153.0,0.0,124.0,206.0,0.0,312.0,0.0,159.0,10.0,190.0,0.0,314.0,196.0
2021-05-19 20:00:00+00:00,49.0,626.0,76.0,165.0,205.0,634.0,66.0,0.0,113.0,0.0,0.0,0.0,0.0,0.0,0.0,0.0,0.0,0.0,0.0,0.0,289.0,0.0,0.0,47.0,0.0,0.0,0.0,165.0,1413.0,124.0,0.0,12.0,149.0,0.0,268.0,0.0,222.0,9.0,149.0,0.0,317.0,196.0
2021-05-19 21:00:00+00:00,106.0,731.0,121.0,166.0,169.0,595.0,38.0,0.0,37.0,0.0,0.0,0.0,0.0,0.0,0.0,0.0,0.0,0.0,0.0,0.0,231.0,2.0,0.0,2.0,0.0,213.0,0.0,229.0,1404.0,108.0,0.0,0.0,189.0,0.0,303.0,0.0,249.0,8.0,235.0,0.0,348.0,196.0
2021-05-19 22:00:00+00:00,51.0,557.0,117.0,161.0,134.0,686.0,135.0,0.0,11.0,3.0,0.0,0.0,0.0,0.0,0.0,0.0,0.0,0.0,0.0,0.0,514.0,29.0,0.0,2.0,0.0,296.0,0.0,192.0,1409.0,156.0,0.0,0.0,101.0,0.0,237.0,0.0,260.0,5.0,226.0,0.0,318.0,197.0
2021-05-19 23:00:00+00:00,20.0,461.0,124.0,164.0,112.0,670.0,141.0,0.0,0.0,4.0,0.0,0.0,0.0,0.0,0.0,0.0,0.0,0.0,0.0,0.0,598.0,78.0,0.0,0.0,0.0,310.0,0.0,179.0,1332.0,156.0,0.0,0.0,91.0,0.0,214.0,0.0,272.0,2.0,223.0,0.0,308.0,197.0
2021-05-20 00:00:00+00:00,5.0,560.0,115.0,159.0,141.0,658.0,124.0,0.0,0.0,13.0,0.0,0.0,0.0,0.0,0.0,0.0,24.0,0.0,0.0,0.0,600.0,67.0,0.0,0.0,0.0,310.0,0.0,224.0,1265.0,130.0,0.0,0.0,143.0,0.0,251.0,0.0,262.0,4.0,279.0,0.0,296.0,195.0
2021-05-20 01:00:00+00:00,23.0,528.0,113.0,154.0,131.0,605.0,121.0,0.0,0.0,8.0,0.0,0.0,0.0,0.0,0.0,0.0,29.0,0.0,0.0,0.0,601.0,62.0,0.0,0.0,0.0,286.0,0.0,184.0,1263.0,107.0,0.0,0.0,172.0,0.0,245.0,0.0,266.0,2.0,268.0,0.0,266.0,196.0
2021-05-20 02:00:00+00:00,8.0,547.0,133.0,172.0,184.0,577.0,52.0,0.0,2.0,17.0,0.0,0.0,0.0,0.0,0.0,0.0,33.0,0.0,0.0,0.0,600.0,42.0,0.0,0.0,0.0,218.0,0.0,195.0,1257.0,95.0,0.0,0.0,163.0,0.0,246.0,0.0,315.0,3.0,252.0,0.0,293.0,198.0
2021-05-20 03:00:00+00:00,0.0,600.0,172.0,181.0,257.0,466.0,0.0,0.0,19.0,70.0,0.0,0.0,0.0,0.0,0.0,0.0,0.0,0.0,0.0,0.0,600.0,5.0,0.0,1.0,0.0,85.0,0.0,156.0,961.0,82.0,83.0,0.0,164.0,0.0,254.0,0.0,304.0,0.0,176.0,0.0,327.0,196.0
2021-05-20 04:00:00+00:00,1.0,835.0,64.0,124.0,217.0,167.0,182.0,0.0,134.0,62.0,0.0,0.0,0.0,0.0,0.0,0.0,0.0,0.0,0.0,0.0,594.0,0.0,0.0,2.0,0.0,0.0,0.0,304.0,557.0,41.0,0.0,165.0,405.0,0.0,430.0,0.0,239.0,22.0,291.0,0.0,338.0,196.0
2021-05-20 05:00:00+00:00,6.0,715.0,44.0,98.0,184.0,146.0,149.0,0.0,184.0,17.0,0.0,0.0,0.0,0.0,0.0,0.0,0.0,0.0,0.0,0.0,408.0,0.0,0.0,41.0,0.0,0.0,0.0,293.0,512.0,50.0,0.0,111.0,367.0,0.0,391.0,0.0,166.0,18.0,252.0,0.0,342.0,194.0
2021-05-20 06:00:00+00:00,16.0,556.0,38.0,112.0,191.0,178.0,125.0,0.0,224.0,8.0,0.0,0.0,0.0,0.0,0.0,0.0,0.0,0.0,0.0,0.0,411.0,0.0,0.0,55.0,0.0,0.0,0.0,226.0,512.0,43.0,0.0,59.0,291.0,0.0,356.0,0.0,186.0,26.0,195.0,0.0,331.0,193.0
2021-05-20 07:00:00+00:00,21.0,403.0,72.0,114.0,196.0,168.0,50.0,0.0,221.0,6.0,0.0,0.0,0.0,0.0,0.0,0.0,0.0,0.0,3.0,0.0,287.0,0.0,0.0,51.0,0.0,0.0,0.0,158.0,512.0,0.0,0.0,73.0,267.0,0.0,336.0,0.0,163.0,11.0,158.0,0.0,303.0,194.0
2021-05-20 08:00:00+00:00,91.0,412.0,28.0,97.0,148.0,141.0,7.0,0.0,238.0,0.0,0.0,0.0,0.0,0.0,0.0,0.0,0.0,0.0,22.0,0.0,108.0,0.0,0.0,1.0,0.0,0.0,0.0,101.0,512.0,0.0,0.0,46.0,204.0,0.0,304.0,0.0,147.0,33.0,129.0,0.0,293.0,193.0
2021-05-20 09:00:00+00:00,4.0,385.0,30.0,110.0,223.0,134.0,14.0,0.0,289.0,21.0,0.0,0.0,0.0,0.0,0.0,0.0,9.0,0.0,22.0,0.0,80.0,0.0,0.0,0.0,0.0,0.0,0.0,146.0,511.0,0.0,0.0,97.0,193.0,0.0,296.0,0.0,153.0,27.0,187.0,0.0,287.0,193.0
2021-05-20 10:00:00+00:00,9.0,408.0,44.0,132.0,200.0,103.0,2.0,0.0,218.0,13.0,0.0,0.0,0.0,0.0,0.0,0.0,0.0,0.0,29.0,0.0,2.0,0.0,0.0,1.0,0.0,0.0,0.0,142.0,511.0,0.0,0.0,54.0,129.0,0.0,262.0,0.0,135.0,20.0,202.0,0.0,265.0,195.0
2021-05-20 11:00:00+00:00,1.0,529.0,18.0,101.0,179.0,148.0,61.0,2.0,269.0,47.0,0.0,0.0,0.0,0.0,0.0,99.0,0.0,0.0,1.0,0.0,0.0,0.0,0.0,3.0,0.0,42.0,0.0,201.0,511.0,0.0,0.0,0.0,105.0,0.0,284.0,0.0,83.0,50.0,250.0,0.0,265.0,194.0
2021-05-20 12:00:00+00:00,4.0,451.0,13.0,92.0,143.0,417.0,0.0,5.0,277.0,29.0,0.0,0.0,0.0,0.0,0.0,70.0,1.0,0.0,0.0,0.0,0.0,0.0,0.0,0.0,0.0,60.0,0.0,158.0,995.0,51.0,209.0,0.0,88.0,0.0,259.0,0.0,52.0,54.0,241.0,0.0,231.0,193.0
2021-05-20 13:00:00+00:00,1.0,481.0,7.0,74.0,141.0,384.0,0.0,1.0,270.0,30.0,0.0,0.0,0.0,0.0,0.0,97.0,18.0,0.0,0.0,0.0,0.0,0.0,0.0,0.0,0.0,18.0,0.0,196.0,1285.0,18.0,197.0,0.0,131.0,0.0,279.0,0.0,77.0,87.0,280.0,0.0,236.0,193.0
2021-05-20 14:00:00+00:00,0.0,332.0,33.0,139.0,192.0,443.0,0.0,0.0,158.0,54.0,0.0,0.0,0.0,0.0,0.0,0.0,45.0,0.0,0.0,0.0,369.0,0.0,0.0,0.0,0.0,58.0,0.0,172.0,1299.0,10.0,149.0,0.0,79.0,0.0,228.0,0.0,153.0,26.0,253.0,0.0,239.0,195.0
2021-05-20 15:00:00+00:00,60.0,283.0,80.0,182.0,191.0,455.0,0.0,0.0,47.0,0.0,0.0,0.0,0.0,0.0,0.0,0.0,40.0,0.0,6.0,0.0,533.0,1.0,0.0,0.0,0.0,1.0,0.0,192.0,991.0,0.0,149.0,0.0,111.0,0.0,242.0,0.0,240.0,7.0,251.0,0.0,251.0,195.0
2021-05-20 16:00:00+00:00,9.0,598.0,42.0,144.0,245.0,234.0,108.0,0.0,206.0,18.0,0.0,0.0,0.0,0.0,0.0,0.0,0.0,0.0,58.0,0.0,599.0,0.0,0.0,1.0,0.0,0.0,0.0,316.0,579.0,0.0,0.0,67.0,259.0,0.0,365.0,0.0,203.0,26.0,304.0,0.0,308.0,194.0
2021-05-20 17:00:00+00:00,30.0,616.0,39.0,145.0,223.0,273.0,183.0,0.0,195.0,1.0,0.0,0.0,0.0,0.0,0.0,0.0,0.0,0.0,13.0,0.0,600.0,0.0,0.0,28.0,0.0,0.0,0.0,274.0,507.0,0.0,0.0,113.0,261.0,0.0,330.0,0.0,179.0,15.0,239.0,0.0,305.0,194.0
2021-05-20 18:00:00+00:00,48.0,532.0,37.0,163.0,228.0,535.0,0.0,0.0,177.0,0.0,0.0,0.0,0.0,0.0,0.0,0.0,0.0,0.0,0.0,0.0,592.0,0.0,0.0,20.0,0.0,0.0,0.0,207.0,1077.0,83.0,78.0,60.0,169.0,0.0,261.0,0.0,174.0,22.0,169.0,0.0,298.0,194.0
2021-05-20 19:00:00+00:00,57.0,468.0,35.0,156.0,188.0,584.0,0.0,0.0,136.0,0.0,0.0,0.0,0.0,0.0,0.0,0.0,0.0,0.0,0.0,0.0,595.0,0.0,0.0,46.0,0.0,0.0,0.0,197.0,1388.0,46.0,78.0,20.0,149.0,0.0,261.0,0.0,127.0,29.0,182.0,0.0,283.0,195.0
2021-05-20 20:00:00+00:00,17.0,607.0,38.0,166.0,244.0,583.0,0.0,0.0,146.0,10.0,0.0,0.0,0.0,0.0,0.0,0.0,0.0,0.0,0.0,0.0,601.0,0.0,0.0,2.0,0.0,35.0,0.0,329.0,1417.0,30.0,125.0,0.0,196.0,0.0,339.0,0.0,168.0,28.0,319.0,0.0,314.0,193.0
2021-05-20 21:00:00+00:00,32.0,532.0,74.0,190.0,224.0,594.0,0.0,0.0,57.0,9.0,0.0,0.0,0.0,0.0,0.0,0.0,0.0,0.0,0.0,0.0,601.0,1.0,0.0,4.0,0.0,223.0,0.0,256.0,1404.0,22.0,43.0,0.0,159.0,0.0,311.0,0.0,198.0,20.0,274.0,0.0,329.0,193.0
2021-05-20 22:00:00+00:00,111.0,267.0,113.0,132.0,33.0,637.0,38.0,1.0,1.0,0.0,0.0,0.0,0.0,25.0,0.0,0.0,0.0,0.0,0.0,0.0,600.0,72.0,0.0,21.0,0.0,278.0,0.0,0.0,1406.0,19.0,0.0,0.0,8.0,0.0,114.0,8.0,98.0,2.0,19.0,72.0,260.0,192.0
2021-05-20 23:00:00+00:00,149.0,331.0,121.0,94.0,0.0,600.0,0.0,7.0,0.0,0.0,0.0,0.0,0.0,70.0,0.0,0.0,0.0,0.0,0.0,0.0,601.0,117.0,0.0,0.0,0.0,266.0,0.0,0.0,1098.0,29.0,63.0,0.0,1.0,57.0,71.0,35.0,46.0,3.0,0.0,116.0,267.0,194.0
2021-05-21 00:00:00+00:00,140.0,426.0,65.0,83.0,0.0,572.0,0.0,0.0,0.0,0.0,0.0,0.0,0.0,84.0,0.0,0.0,0.0,0.0,0.0,0.0,600.0,117.0,0.0,1.0,0.0,244.0,0.0,0.0,922.0,34.0,95.0,0.0,0.0,81.0,70.0,45.0,76.0,7.0,0.0,124.0,270.0,193.0
2021-05-21 01:00:00+00:00,141.0,402.0,110.0,76.0,0.0,565.0,0.0,2.0,0.0,0.0,0.0,0.0,0.0,84.0,0.0,0.0,0.0,0.0,0.0,0.0,601.0,117.0,0.0,2.0,0.0,154.0,0.0,0.0,853.0,31.0,100.0,0.0,0.0,80.0,56.0,52.0,59.0,2.0,0.0,127.0,271.0,194.0
2021-05-21 02:00:00+00:00,174.0,365.0,81.0,87.0,0.0,568.0,0.0,0.0,0.0,0.0,0.0,0.0,0.0,90.0,0.0,0.0,0.0,0.0,0.0,0.0,601.0,147.0,0.0,2.0,0.0,197.0,0.0,0.0,1103.0,22.0,120.0,0.0,0.0,88.0,43.0,78.0,94.0,13.0,0.0,137.0,288.0,195.0
2021-05-21 03:00:00+00:00,233.0,281.0,21.0,162.0,0.0,465.0,0.0,0.0,0.0,0.0,0.0,0.0,0.0,75.0,0.0,0.0,0.0,0.0,4.0,0.0,600.0,219.0,0.0,2.0,0.0,123.0,0.0,0.0,774.0,0.0,240.0,0.0,0.0,16.0,34.0,113.0,161.0,51.0,0.0,187.0,274.0,196.0
2021-05-21 04:00:00+00:00,180.0,500.0,34.0,198.0,127.0,206.0,179.0,0.0,0.0,0.0,0.0,0.0,0.0,1.0,0.0,0.0,0.0,0.0,28.0,0.0,601.0,122.0,0.0,19.0,0.0,19.0,0.0,10.0,369.0,0.0,0.0,0.0,64.0,0.0,179.0,0.0,178.0,29.0,54.0,11.0,256.0,194.0
2021-05-21 05:00:00+00:00,75.0,554.0,18.0,172.0,142.0,268.0,236.0,0.0,21.0,0.0,0.0,0.0,0.0,0.0,0.0,0.0,0.0,0.0,0.0,0.0,600.0,11.0,0.0,67.0,0.0,6.0,0.0,129.0,298.0,14.0,0.0,0.0,100.0,0.0,276.0,0.0,155.0,43.0,180.0,0.0,250.0,192.0
2021-05-21 06:00:00+00:00,16.0,557.0,12.0,160.0,183.0,273.0,182.0,0.0,113.0,6.0,0.0,0.0,0.0,0.0,0.0,0.0,0.0,0.0,0.0,0.0,602.0,0.0,0.0,74.0,0.0,0.0,0.0,116.0,298.0,5.0,0.0,31.0,50.0,0.0,258.0,0.0,114.0,55.0,206.0,0.0,206.0,196.0
2021-05-21 07:00:00+00:00,6.0,539.0,21.0,172.0,212.0,232.0,78.0,0.0,127.0,17.0,0.0,0.0,0.0,16.0,0.0,0.0,0.0,0.0,36.0,0.0,602.0,0.0,0.0,59.0,0.0,66.0,0.0,143.0,298.0,0.0,0.0,0.0,14.0,0.0,221.0,0.0,140.0,74.0,291.0,0.0,157.0,197.0
2021-05-21 08:00:00+00:00,31.0,548.0,58.0,169.0,149.0,261.0,110.0,0.0,27.0,1.0,0.0,0.0,0.0,96.0,0.0,0.0,1.0,0.0,25.0,0.0,602.0,2.0,0.0,0.0,0.0,113.0,0.0,93.0,299.0,0.0,0.0,0.0,0.0,0.0,186.0,0.0,157.0,18.0,258.0,0.0,154.0,195.0
2021-05-21 09:00:00+00:00,1.0,554.0,65.0,218.0,215.0,235.0,86.0,0.0,5.0,46.0,0.0,0.0,0.0,98.0,0.0,0.0,17.0,0.0,38.0,0.0,602.0,21.0,0.0,0.0,0.0,153.0,0.0,141.0,299.0,0.0,0.0,0.0,0.0,0.0,211.0,0.0,220.0,10.0,305.0,0.0,157.0,195.0
2021-05-21 10:00:00+00:00,2.0,538.0,155.0,270.0,262.0,266.0,163.0,0.0,0.0,25.0,0.0,0.0,0.0,100.0,0.0,0.0,7.0,0.0,16.0,0.0,602.0,79.0,0.0,0.0,0.0,163.0,0.0,154.0,299.0,0.0,0.0,0.0,0.0,0.0,204.0,0.0,270.0,2.0,315.0,0.0,161.0,196.0
2021-05-21 11:00:00+00:00,0.0,575.0,130.0,205.0,240.0,250.0,120.0,0.0,85.0,100.0,0.0,0.0,0.0,58.0,0.0,0.0,0.0,0.0,34.0,0.0,586.0,0.0,0.0,0.0,0.0,148.0,0.0,164.0,299.0,0.0,0.0,0.0,1.0,0.0,229.0,0.0,214.0,2.0,283.0,0.0,176.0,196.0
2021-05-21 12:00:00+00:00,2.0,583.0,71.0,178.0,202.0,519.0,6.0,0.0,80.0,48.0,0.0,0.0,0.0,30.0,0.0,0.0,0.0,0.0,0.0,0.0,496.0,0.0,0.0,0.0,0.0,121.0,0.0,152.0,708.0,68.0,0.0,0.0,1.0,0.0,239.0,0.0,231.0,11.0,246.0,0.0,198.0,197.0
2021-05-21 13:00:00+00:00,6.0,606.0,103.0,238.0,0.0,544.0,0.0,0.0,3.0,11.0,0.0,0.0,0.0,9.0,0.0,0.0,0.0,0.0,0.0,0.0,568.0,25.0,0.0,2.0,0.0,0.0,0.0,179.0,1084.0,54.0,7.0,0.0,5.0,0.0,234.0,0.0,247.0,4.0,231.0,0.0,240.0,196.0
2021-05-21 14:00:00+00:00,57.0,524.0,95.0,216.0,161.0,505.0,0.0,0.0,0.0,0.0,0.0,0.0,0.0,2.0,0.0,0.0,0.0,0.0,0.0,0.0,566.0,54.0,0.0,0.0,0.0,134.0,0.0,159.0,1115.0,33.0,28.0,0.0,18.0,0.0,218.0,0.0,269.0,5.0,195.0,0.0,258.0,197.0
2021-05-21 15:00:00+00:00,137.0,504.0,112.0,210.0,115.0,443.0,0.0,0.0,0.0,0.0,0.0,0.0,0.0,6.0,0.0,0.0,0.0,0.0,0.0,0.0,562.0,100.0,0.0,0.0,0.0,115.0,0.0,68.0,765.0,9.0,133.0,0.0,12.0,0.0,195.0,0.0,295.0,3.0,114.0,0.0,266.0,197.0
2021-05-21 16:00:00+00:00,262.0,508.0,79.0,197.0,78.0,138.0,0.0,0.0,0.0,0.0,0.0,0.0,0.0,0.0,0.0,0.0,0.0,0.0,89.0,0.0,599.0,122.0,0.0,1.0,0.0,0.0,0.0,23.0,406.0,0.0,37.0,18.0,58.0,0.0,171.0,0.0,257.0,6.0,93.0,2.0,230.0,194.0
2021-05-21 17:00:00+00:00,350.0,470.0,102.0,201.0,47.0,113.0,0.0,0.0,0.0,0.0,0.0,0.0,0.0,0.0,0.0,0.0,0.0,0.0,96.0,0.0,570.0,155.0,0.0,34.0,0.0,0.0,0.0,0.0,346.0,0.0,59.0,117.0,58.0,0.0,124.0,20.0,250.0,3.0,5.0,87.0,204.0,194.0
2021-05-21 18:00:00+00:00,313.0,299.0,113.0,238.0,106.0,403.0,0.0,0.0,0.0,0.0,0.0,0.0,0.0,15.0,0.0,0.0,0.0,0.0,23.0,0.0,592.0,134.0,0.0,33.0,0.0,0.0,0.0,0.0,938.0,0.0,326.0,221.0,7.0,0.0,73.0,66.0,241.0,4.0,0.0,130.0,197.0,194.0
2021-05-21 19:00:00+00:00,293.0,176.0,108.0,214.0,72.0,578.0,0.0,0.0,0.0,0.0,0.0,0.0,0.0,46.0,0.0,0.0,0.0,0.0,3.0,0.0,600.0,138.0,0.0,56.0,0.0,0.0,0.0,0.0,1417.0,0.0,130.0,158.0,0.0,0.0,55.0,34.0,220.0,2.0,0.0,114.0,164.0,195.0
2021-05-21 20:00:00+00:00,199.0,243.0,102.0,248.0,143.0,594.0,0.0,0.0,0.0,0.0,0.0,0.0,0.0,20.0,0.0,0.0,0.0,0.0,0.0,0.0,600.0,146.0,0.0,1.0,0.0,0.0,0.0,0.0,1461.0,21.0,125.0,88.0,9.0,0.0,101.0,17.0,246.0,3.0,5.0,69.0,243.0,194.0
2021-05-21 21:00:00+00:00,235.0,70.0,79.0,205.0,20.0,504.0,0.0,0.0,0.0,0.0,0.0,0.0,0.0,84.0,0.0,0.0,34.0,0.0,0.0,0.0,589.0,191.0,0.0,0.0,0.0,0.0,0.0,0.0,1094.0,26.0,162.0,44.0,0.0,0.0,26.0,74.0,211.0,7.0,0.0,191.0,233.0,194.0
2021-05-21 22:00:00+00:00,340.0,0.0,132.0,258.0,0.0,153.0,106.0,0.0,0.0,0.0,0.0,555.0,200.0,289.0,0.0,0.0,0.0,0.0,13.0,0.0,600.0,437.0,0.0,0.0,0.0,0.0,0.0,0.0,675.0,0.0,0.0,93.0,0.0,84.0,0.0,271.0,292.0,3.0,0.0,463.0,123.0,195.0
2021-05-21 23:00:00+00:00,373.0,0.0,246.0,250.0,0.0,200.0,153.0,0.0,0.0,0.0,0.0,493.0,209.0,301.0,0.0,0.0,45.0,0.0,0.0,0.0,600.0,509.0,0.0,0.0,0.0,0.0,0.0,0.0,203.0,66.0,0.0,57.0,0.0,131.0,0.0,306.0,276.0,0.0,0.0,489.0,137.0,196.0
2021-05-22 00:00:00+00:00,391.0,0.0,277.0,242.0,0.0,189.0,183.0,0.0,0.0,0.0,0.0,388.0,158.0,251.0,0.0,0.0,79.0,0.0,0.0,0.0,600.0,539.0,0.0,0.0,0.0,84.0,0.0,0.0,155.0,72.0,0.0,0.0,0.0,143.0,0.0,295.0,254.0,0.0,0.0,443.0,135.0,193.0
2021-05-22 01:00:00+00:00,414.0,0.0,280.0,224.0,0.0,235.0,206.0,0.0,0.0,0.0,0.0,376.0,157.0,244.0,0.0,0.0,79.0,0.0,0.0,0.0,600.0,544.0,0.0,0.0,0.0,127.0,0.0,0.0,155.0,76.0,0.0,0.0,0.0,176.0,0.0,318.0,269.0,0.0,0.0,472.0,116.0,195.0
2021-05-22 02:00:00+00:00,385.0,0.0,290.0,221.0,0.0,245.0,206.0,0.0,0.0,0.0,0.0,357.0,124.0,220.0,0.0,0.0,81.0,0.0,0.0,0.0,600.0,511.0,0.0,0.0,0.0,178.0,0.0,0.0,154.0,81.0,0.0,0.0,0.0,162.0,0.0,289.0,306.0,0.0,0.0,432.0,129.0,196.0
2021-05-22 03:00:00+00:00,417.0,0.0,270.0,203.0,0.0,215.0,212.0,0.0,0.0,0.0,0.0,424.0,161.0,270.0,0.0,0.0,85.0,0.0,0.0,0.0,586.0,541.0,0.0,0.0,0.0,161.0,0.0,0.0,153.0,79.0,0.0,0.0,0.0,222.0,0.0,372.0,274.0,0.0,0.0,510.0,119.0,196.0
2021-05-22 04:00:00+00:00,363.0,0.0,174.0,262.0,0.0,252.0,142.0,0.0,0.0,0.0,0.0,469.0,139.0,250.0,0.0,0.0,85.0,0.0,0.0,0.0,532.0,485.0,0.0,0.0,0.0,76.0,0.0,0.0,152.0,99.0,0.0,0.0,0.0,100.0,0.0,340.0,352.0,0.0,0.0,457.0,107.0,194.0
2021-05-22 05:00:00+00:00,241.0,0.0,250.0,356.0,92.0,180.0,48.0,0.0,0.0,0.0,0.0,445.0,112.0,273.0,0.0,0.0,38.0,0.0,0.0,0.0,535.0,392.0,0.0,0.0,0.0,10.0,0.0,0.0,128.0,72.0,0.0,0.0,0.0,0.0,0.0,235.0,366.0,0.0,0.0,371.0,137.0,195.0
2021-05-22 06:00:00+00:00,142.0,0.0,250.0,359.0,215.0,223.0,98.0,0.0,0.0,0.0,0.0,500.0,110.0,306.0,0.0,0.0,0.0,0.0,0.0,0.0,519.0,292.0,0.0,1.0,0.0,71.0,0.0,0.0,79.0,81.0,0.0,0.0,0.0,0.0,0.0,126.0,399.0,0.0,0.0,297.0,151.0,196.0
2021-05-22 07:00:00+00:00,68.0,0.0,228.0,330.0,275.0,207.0,67.0,0.0,0.0,0.0,0.0,372.0,54.0,257.0,0.0,0.0,0.0,0.0,0.0,0.0,462.0,172.0,0.0,0.0,0.0,68.0,0.0,0.0,75.0,54.0,0.0,0.0,0.0,0.0,0.0,15.0,362.0,1.0,1.0,150.0,185.0,196.0
2021-05-22 08:00:00+00:00,146.0,0.0,233.0,319.0,234.0,163.0,0.0,0.0,0.0,0.0,0.0,186.0,36.0,247.0,0.0,0.0,24.0,0.0,0.0,0.0,267.0,212.0,0.0,0.0,0.0,75.0,0.0,0.0,74.0,28.0,1.0,0.0,0.0,0.0,0.0,18.0,369.0,0.0,4.0,110.0,219.0,193.0
2021-05-22 09:00:00+00:00,116.0,0.0,316.0,292.0,196.0,146.0,0.0,0.0,0.0,0.0,0.0,195.0,35.0,224.0,0.0,0.0,27.0,0.0,0.0,0.0,199.0,185.0,0.0,0.0,0.0,47.0,0.0,0.0,74.0,16.0,16.0,0.0,0.0,0.0,0.0,0.0,308.0,0.0,55.0,80.0,189.0,195.0
2021-05-22 10:00:00+00:00,184.0,0.0,411.0,299.0,158.0,151.0,10.0,0.0,0.0,0.0,0.0,339.0,109.0,265.0,0.0,0.0,15.0,0.0,0.0,0.0,164.0,261.0,0.0,0.0,0.0,89.0,0.0,0.0,74.0,39.0,0.0,0.0,0.0,0.0,0.0,0.0,297.0,0.0,48.0,138.0,156.0,196.0
2021-05-22 11:00:00+00:00,157.0,0.0,407.0,298.0,195.0,158.0,109.0,0.0,0.0,0.0,0.0,301.0,92.0,237.0,0.0,0.0,9.0,0.0,0.0,0.0,119.0,222.0,0.0,0.0,0.0,147.0,0.0,0.0,74.0,28.0,0.0,0.0,0.0,0.0,0.0,0.0,281.0,0.0,107.0,65.0,179.0,198.0
2021-05-22 12:00:00+00:00,124.0,0.0,351.0,261.0,121.0,137.0,122.0,0.0,0.0,0.0,0.0,455.0,122.0,269.0,0.0,0.0,10.0,0.0,0.0,0.0,394.0,162.0,0.0,0.0,0.0,137.0,0.0,0.0,75.0,51.0,0.0,0.0,0.0,0.0,0.0,12.0,239.0,0.0,32.0,126.0,162.0,195.0
2021-05-22 13:00:00+00:00,167.0,0.0,344.0,244.0,66.0,118.0,65.0,0.0,0.0,0.0,0.0,536.0,157.0,306.0,0.0,0.0,28.0,0.0,0.0,0.0,361.0,198.0,0.0,0.0,0.0,160.0,0.0,0.0,74.0,16.0,0.0,0.0,0.0,0.0,0.0,85.0,230.0,0.0,0.0,210.0,150.0,194.0
2021-05-22 14:00:00+00:00,181.0,0.0,367.0,291.0,111.0,28.0,0.0,0.0,0.0,0.0,0.0,499.0,150.0,316.0,0.0,0.0,45.0,0.0,39.0,0.0,476.0,285.0,0.0,0.0,0.0,147.0,0.0,0.0,74.0,0.0,101.0,0.0,0.0,0.0,0.0,116.0,334.0,0.0,0.0,205.0,143.0,197.0
2021-05-22 15:00:00+00:00,177.0,0.0,299.0,346.0,194.0,1.0,0.0,0.0,0.0,0.0,0.0,388.0,85.0,253.0,0.0,0.0,36.0,0.0,56.0,0.0,597.0,338.0,0.0,0.0,0.0,93.0,0.0,0.0,99.0,0.0,135.0,0.0,0.0,0.0,0.0,92.0,459.0,0.0,0.0,167.0,142.0,197.0
2021-05-22 16:00:00+00:00,136.0,0.0,298.0,346.0,230.0,111.0,0.0,0.0,0.0,0.0,0.0,359.0,57.0,192.0,0.0,0.0,62.0,0.0,43.0,0.0,600.0,298.0,0.0,0.0,0.0,71.0,0.0,0.0,593.0,0.0,144.0,0.0,0.0,0.0,0.0,78.0,458.0,0.0,0.0,124.0,134.0,195.0
2021-05-22 17:00:00+00:00,182.0,0.0,304.0,352.0,204.0,156.0,0.0,0.0,0.0,0.0,0.0,338.0,76.0,197.0,0.0,0.0,22.0,0.0,9.0,0.0,582.0,329.0,0.0,0.0,0.0,44.0,0.0,0.0,648.0,0.0,45.0,0.0,0.0,0.0,0.0,140.0,432.0,0.0,0.0,212.0,165.0,194.0
2021-05-22 18:00:00+00:00,145.0,0.0,301.0,396.0,278.0,166.0,0.0,0.0,0.0,0.0,0.0,259.0,48.0,197.0,0.0,0.0,28.0,0.0,0.0,0.0,593.0,325.0,0.0,0.0,0.0,0.0,0.0,0.0,653.0,11.0,0.0,2.0,0.0,0.0,0.0,178.0,466.0,0.0,0.0,211.0,217.0,195.0
2021-05-22 19:00:00+00:00,169.0,0.0,307.0,373.0,239.0,225.0,18.0,0.0,0.0,0.0,0.0,340.0,46.0,164.0,0.0,0.0,8.0,0.0,29.0,0.0,600.0,338.0,0.0,0.0,0.0,38.0,0.0,0.0,661.0,0.0,0.0,0.0,0.0,0.0,0.0,93.0,459.0,0.0,0.0,139.0,199.0,198.0
2021-05-22 20:00:00+00:00,161.0,0.0,306.0,371.0,230.0,170.0,52.0,0.0,0.0,0.0,0.0,340.0,37.0,162.0,0.0,0.0,1.0,0.0,47.0,0.0,588.0,344.0,0.0,0.0,0.0,113.0,0.0,0.0,223.0,0.0,0.0,0.0,0.0,0.0,0.0,21.0,488.0,0.0,0.0,104.0,219.0,196.0
2021-05-22 21:00:00+00:00,257.0,0.0,281.0,334.0,89.0,398.0,0.0,0.0,0.0,0.0,0.0,420.0,116.0,253.0,0.0,0.0,19.0,0.0,0.0,0.0,513.0,429.0,0.0,0.0,0.0,122.0,0.0,0.0,154.0,58.0,204.0,0.0,0.0,0.0,0.0,85.0,429.0,0.0,0.0,168.0,256.0,195.0
2021-05-22 22:00:00+00:00,362.0,0.0,295.0,248.0,0.0,326.0,19.0,0.0,0.0,0.0,0.0,767.0,250.0,400.0,0.0,0.0,85.0,0.0,0.0,0.0,594.0,466.0,0.0,0.0,0.0,106.0,0.0,0.0,681.0,31.0,0.0,0.0,0.0,107.0,0.0,329.0,301.0,0.0,0.0,247.0,128.0,195.0
2021-05-22 23:00:00+00:00,409.0,0.0,334.0,225.0,0.0,322.0,89.0,0.0,0.0,0.0,0.0,717.0,299.0,455.0,0.0,0.0,69.0,0.0,0.0,0.0,600.0,554.0,0.0,0.0,0.0,93.0,0.0,0.0,655.0,55.0,0.0,0.0,0.0,191.0,0.0,364.0,202.0,0.0,0.0,284.0,120.0,196.0
2021-05-23 00:00:00+00:00,406.0,0.0,290.0,219.0,0.0,258.0,223.0,0.0,0.0,0.0,0.0,755.0,287.0,423.0,5.0,0.0,57.0,0.0,0.0,0.0,600.0,570.0,0.0,0.0,0.0,208.0,0.0,0.0,683.0,48.0,0.0,0.0,0.0,203.0,0.0,445.0,214.0,0.0,0.0,421.0,25.0,197.0
2021-05-23 01:00:00+00:00,394.0,0.0,302.0,217.0,0.0,244.0,208.0,0.0,0.0,0.0,0.0,717.0,274.0,391.0,26.0,0.0,54.0,0.0,0.0,0.0,600.0,556.0,0.0,0.0,0.0,290.0,0.0,0.0,506.0,52.0,0.0,0.0,0.0,183.0,0.0,461.0,212.0,0.0,0.0,472.0,0.0,197.0
2021-05-23 02:00:00+00:00,379.0,0.0,338.0,223.0,0.0,204.0,214.0,0.0,0.0,0.0,0.0,693.0,272.0,402.0,16.0,0.0,54.0,0.0,0.0,0.0,600.0,543.0,0.0,0.0,0.0,280.0,0.0,0.0,490.0,40.0,0.0,0.0,0.0,173.0,0.0,458.0,208.0,0.0,0.0,465.0,0.0,196.0
2021-05-23 03:00:00+00:00,396.0,0.0,321.0,213.0,0.0,227.0,207.0,0.0,0.0,0.0,0.0,700.0,258.0,376.0,42.0,0.0,61.0,0.0,0.0,0.0,600.0,556.0,0.0,0.0,0.0,295.0,0.0,0.0,498.0,55.0,0.0,0.0,0.0,210.0,0.0,449.0,179.0,0.0,0.0,478.0,0.0,197.0
2021-05-23 04:00:00+00:00,412.0,0.0,285.0,214.0,0.0,319.0,13.0,0.0,0.0,0.0,0.0,654.0,228.0,368.0,26.0,0.0,69.0,0.0,0.0,0.0,600.0,582.0,0.0,0.0,0.0,31.0,0.0,0.0,502.0,86.0,0.0,0.0,0.0,257.0,0.0,435.0,196.0,0.0,0.0,449.0,0.0,198.0
2021-05-23 05:00:00+00:00,361.0,0.0,301.0,242.0,0.0,359.0,50.0,0.0,0.0,0.0,0.0,751.0,251.0,420.0,10.0,0.0,70.0,0.0,0.0,0.0,600.0,565.0,0.0,0.0,0.0,0.0,0.0,0.0,759.0,103.0,0.0,27.0,0.0,195.0,0.0,469.0,225.0,0.0,0.0,472.0,1.0,197.0
2021-05-23 06:00:00+00:00,239.0,0.0,206.0,257.0,0.0,287.0,0.0,0.0,0.0,0.0,0.0,780.0,247.0,448.0,0.0,0.0,67.0,0.0,0.0,0.0,602.0,405.0,0.0,0.0,0.0,51.0,0.0,0.0,684.0,57.0,176.0,0.0,0.0,63.0,0.0,454.0,276.0,0.0,0.0,416.0,29.0,196.0
2021-05-23 07:00:00+00:00,201.0,0.0,298.0,325.0,87.0,341.0,0.0,0.0,0.0,0.0,0.0,559.0,185.0,417.0,0.0,0.0,53.0,0.0,0.0,0.0,602.0,415.0,0.0,0.0,0.0,168.0,0.0,0.0,677.0,55.0,107.0,0.0,0.0,0.0,0.0,375.0,319.0,0.0,0.0,271.0,94.0,197.0
2021-05-23 08:00:00+00:00,241.0,0.0,413.0,360.0,103.0,419.0,0.0,0.0,0.0,0.0,0.0,588.0,168.0,398.0,0.0,0.0,29.0,0.0,0.0,0.0,602.0,469.0,0.0,0.0,0.0,154.0,0.0,0.0,680.0,79.0,11.0,0.0,0.0,0.0,0.0,306.0,294.0,0.0,0.0,210.0,92.0,196.0
2021-05-23 09:00:00+00:00,233.0,0.0,379.0,370.0,118.0,387.0,0.0,0.0,0.0,0.0,0.0,571.0,157.0,391.0,0.0,0.0,18.0,0.0,0.0,0.0,600.0,467.0,0.0,0.0,0.0,203.0,0.0,0.0,672.0,68.0,34.0,0.0,0.0,0.0,0.0,270.0,312.0,0.0,0.0,168.0,96.0,197.0
2021-05-23 10:00:00+00:00,223.0,0.0,450.0,382.0,101.0,357.0,42.0,0.0,0.0,0.0,0.0,570.0,176.0,429.0,0.0,0.0,0.0,0.0,0.0,0.0,548.0,515.0,0.0,1.0,0.0,165.0,0.0,0.0,674.0,56.0,0.0,0.0,0.0,0.0,0.0,233.0,274.0,0.0,0.0,173.0,57.0,197.0
2021-05-23 11:00:00+00:00,181.0,0.0,447.0,320.0,66.0,349.0,22.0,0.0,0.0,0.0,0.0,738.0,258.0,488.0,0.0,0.0,4.0,0.0,0.0,0.0,583.0,407.0,0.0,0.0,0.0,251.0,0.0,0.0,527.0,64.0,0.0,0.0,0.0,0.0,0.0,269.0,182.0,0.0,0.0,234.0,28.0,197.0
2021-05-23 12:00:00+00:00,236.0,0.0,434.0,255.0,0.0,319.0,20.0,0.0,0.0,0.0,0.0,840.0,297.0,490.0,11.0,0.0,2.0,0.0,0.0,0.0,544.0,396.0,0.0,0.0,0.0,169.0,0.0,0.0,509.0,39.0,0.0,0.0,0.0,39.0,0.0,299.0,105.0,0.0,0.0,296.0,7.0,196.0
2021-05-23 13:00:00+00:00,272.0,0.0,439.0,252.0,0.0,299.0,0.0,1.0,0.0,0.0,0.0,872.0,315.0,480.0,8.0,0.0,15.0,0.0,0.0,0.0,544.0,429.0,0.0,0.0,0.0,104.0,0.0,0.0,539.0,19.0,73.0,0.0,0.0,82.0,0.0,323.0,103.0,0.0,0.0,317.0,4.0,196.0
2021-05-23 14:00:00+00:00,307.0,0.0,427.0,290.0,0.0,279.0,0.0,0.0,0.0,0.0,0.0,878.0,318.0,459.0,16.0,0.0,4.0,0.0,0.0,0.0,569.0,506.0,0.0,0.0,0.0,121.0,0.0,0.0,532.0,19.0,95.0,0.0,0.0,73.0,0.0,291.0,188.0,0.0,0.0,300.0,1.0,196.0
2021-05-23 15:00:00+00:00,293.0,0.0,412.0,322.0,0.0,241.0,0.0,0.0,0.0,0.0,0.0,770.0,275.0,412.0,4.0,0.0,3.0,0.0,44.0,0.0,560.0,522.0,0.0,0.0,0.0,161.0,0.0,0.0,782.0,0.0,266.0,0.0,0.0,21.0,0.0,298.0,281.0,0.0,0.0,281.0,9.0,197.0
2021-05-23 16:00:00+00:00,244.0,0.0,255.0,333.0,63.0,294.0,0.0,0.0,0.0,0.0,0.0,476.0,123.0,239.0,0.0,0.0,0.0,0.0,36.0,0.0,599.0,449.0,0.0,10.0,0.0,198.0,0.0,0.0,1037.0,0.0,228.0,0.0,0.0,0.0,0.0,186.0,402.0,0.0,0.0,134.0,43.0,196.0
2021-05-23 17:00:00+00:00,174.0,0.0,347.0,413.0,246.0,426.0,0.0,0.0,0.0,0.0,0.0,146.0,0.0,91.0,0.0,0.0,12.0,0.0,0.0,0.0,601.0,412.0,0.0,0.0,0.0,184.0,0.0,34.0,1072.0,48.0,24.0,0.0,0.0,0.0,36.0,117.0,464.0,0.0,0.0,0.0,134.0,197.0
2021-05-23 18:00:00+00:00,166.0,0.0,345.0,434.0,296.0,457.0,45.0,0.0,0.0,0.0,0.0,284.0,0.0,53.0,0.0,0.0,0.0,0.0,0.0,0.0,601.0,375.0,0.0,35.0,0.0,69.0,0.0,53.0,1077.0,79.0,0.0,0.0,0.0,0.0,30.0,101.0,495.0,0.0,0.0,0.0,129.0,196.0
2021-05-23 19:00:00+00:00,152.0,0.0,368.0,434.0,316.0,491.0,52.0,0.0,0.0,0.0,0.0,218.0,0.0,37.0,0.0,0.0,0.0,0.0,0.0,0.0,601.0,369.0,0.0,46.0,0.0,139.0,0.0,128.0,1072.0,46.0,0.0,0.0,0.0,0.0,65.0,42.0,510.0,0.0,0.0,0.0,152.0,195.0
2021-05-23 20:00:00+00:00,113.0,0.0,431.0,410.0,290.0,481.0,115.0,0.0,0.0,0.0,0.0,216.0,0.0,52.0,0.0,0.0,0.0,0.0,0.0,0.0,601.0,354.0,0.0,0.0,0.0,196.0,0.0,123.0,1049.0,9.0,0.0,0.0,0.0,0.0,64.0,1.0,512.0,0.0,16.0,0.0,202.0,195.0
2021-05-23 21:00:00+00:00,165.0,0.0,413.0,412.0,278.0,483.0,0.0,0.0,0.0,0.0,0.0,148.0,0.0,69.0,0.0,0.0,0.0,0.0,0.0,0.0,601.0,407.0,0.0,2.0,0.0,216.0,0.0,127.0,804.0,27.0,57.0,0.0,0.0,0.0,45.0,0.0,482.0,0.0,36.0,0.0,168.0,196.0
2021-05-23 22:00:00+00:00,236.0,0.0,318.0,336.0,116.0,581.0,0.0,0.0,0.0,0.0,0.0,383.0,103.0,230.0,0.0,0.0,0.0,0.0,0.0,0.0,600.0,465.0,0.0,34.0,0.0,405.0,0.0,0.0,1032.0,71.0,5.0,0.0,0.0,0.0,0.0,154.0,433.0,0.0,0.0,111.0,145.0,197.0
2021-05-23 23:00:00+00:00,261.0,0.0,275.0,310.0,21.0,377.0,0.0,0.0,0.0,0.0,0.0,481.0,143.0,304.0,0.0,0.0,19.0,0.0,0.0,0.0,600.0,537.0,0.0,0.0,0.0,400.0,0.0,0.0,1042.0,19.0,125.0,0.0,0.0,0.0,0.0,167.0,411.0,0.0,0.0,235.0,141.0,196.0
2021-05-24 00:00:00+00:00,306.0,0.0,374.0,264.0,0.0,320.0,0.0,0.0,0.0,0.0,0.0,496.0,156.0,342.0,0.0,0.0,20.0,0.0,4.0,0.0,600.0,593.0,0.0,0.0,0.0,322.0,0.0,0.0,1047.0,0.0,264.0,0.0,0.0,93.0,0.0,182.0,314.0,0.0,0.0,307.0,151.0,197.0
2021-05-24 01:00:00+00:00,349.0,0.0,395.0,239.0,0.0,347.0,0.0,0.0,0.0,0.0,0.0,564.0,182.0,363.0,0.0,0.0,20.0,0.0,24.0,0.0,600.0,607.0,0.0,0.0,0.0,193.0,0.0,0.0,1053.0,0.0,302.0,0.0,0.0,165.0,0.0,235.0,272.0,0.0,0.0,380.0,122.0,194.0
2021-05-24 02:00:00+00:00,341.0,0.0,358.0,231.0,0.0,339.0,0.0,0.0,0.0,0.0,0.0,598.0,204.0,382.0,0.0,0.0,25.0,0.0,6.0,0.0,600.0,589.0,0.0,0.0,0.0,145.0,0.0,0.0,1010.0,0.0,335.0,0.0,0.0,171.0,0.0,277.0,297.0,0.0,0.0,444.0,92.0,197.0
2021-05-24 03:00:00+00:00,318.0,0.0,304.0,253.0,0.0,363.0,0.0,0.0,0.0,0.0,0.0,592.0,213.0,367.0,0.0,0.0,30.0,0.0,0.0,0.0,600.0,569.0,0.0,0.0,0.0,107.0,0.0,0.0,925.0,24.0,304.0,0.0,0.0,106.0,0.0,321.0,352.0,0.0,0.0,502.0,79.0,195.0
2021-05-24 04:00:00+00:00,314.0,0.0,276.0,274.0,0.0,130.0,100.0,0.0,0.0,0.0,0.0,264.0,106.0,255.0,0.0,0.0,0.0,0.0,41.0,0.0,600.0,519.0,0.0,38.0,0.0,23.0,0.0,0.0,685.0,0.0,0.0,0.0,0.0,19.0,0.0,175.0,413.0,1.0,0.0,380.0,76.0,195.0
2021-05-24 05:00:00+00:00,210.0,0.0,328.0,337.0,144.0,156.0,63.0,0.0,0.0,0.0,0.0,174.0,54.0,258.0,0.0,0.0,0.0,0.0,63.0,0.0,600.0,478.0,0.0,48.0,0.0,0.0,0.0,0.0,665.0,0.0,0.0,70.0,0.0,0.0,0.0,68.0,428.0,0.0,0.0,237.0,81.0,196.0
2021-05-24 06:00:00+00:00,214.0,0.0,310.0,345.0,191.0,183.0,57.0,0.0,0.0,0.0,0.0,66.0,10.0,251.0,0.0,0.0,0.0,0.0,72.0,0.0,601.0,405.0,0.0,52.0,0.0,0.0,0.0,0.0,666.0,0.0,0.0,7.0,0.0,0.0,0.0,2.0,461.0,0.0,35.0,153.0,65.0,195.0
2021-05-24 07:00:00+00:00,198.0,42.0,368.0,382.0,264.0,227.0,47.0,0.0,0.0,0.0,0.0,0.0,0.0,237.0,0.0,0.0,0.0,0.0,77.0,0.0,602.0,401.0,0.0,73.0,0.0,99.0,0.0,0.0,620.0,0.0,0.0,0.0,0.0,0.0,38.0,0.0,509.0,0.0,67.0,112.0,74.0,193.0
2021-05-24 08:00:00+00:00,96.0,52.0,382.0,388.0,292.0,208.0,35.0,0.0,0.0,0.0,0.0,0.0,0.0,282.0,0.0,0.0,0.0,0.0,85.0,0.0,602.0,383.0,0.0,90.0,0.0,143.0,0.0,0.0,623.0,0.0,0.0,0.0,0.0,0.0,28.0,0.0,568.0,0.0,45.0,155.0,85.0,193.0
2021-05-24 09:00:00+00:00,113.0,66.0,382.0,380.0,248.0,261.0,109.0,0.0,0.0,0.0,0.0,0.0,0.0,315.0,0.0,0.0,0.0,0.0,53.0,0.0,602.0,408.0,0.0,102.0,0.0,226.0,0.0,0.0,624.0,0.0,0.0,0.0,0.0,0.0,36.0,0.0,571.0,0.0,56.0,128.0,115.0,194.0
2021-05-24 10:00:00+00:00,96.0,78.0,429.0,387.0,246.0,246.0,136.0,0.0,0.0,0.0,0.0,0.0,0.0,341.0,0.0,0.0,0.0,0.0,32.0,0.0,602.0,415.0,0.0,56.0,0.0,214.0,0.0,0.0,624.0,0.0,0.0,0.0,0.0,0.0,31.0,0.0,556.0,0.0,20.0,132.0,138.0,194.0
2021-05-24 11:00:00+00:00,103.0,0.0,368.0,338.0,182.0,251.0,124.0,0.0,0.0,0.0,0.0,84.0,9.0,331.0,0.0,0.0,0.0,0.0,28.0,0.0,602.0,405.0,0.0,16.0,0.0,229.0,0.0,0.0,624.0,0.0,0.0,0.0,0.0,0.0,0.0,22.0,514.0,0.0,0.0,187.0,125.0,195.0
2021-05-24 12:00:00+00:00,67.0,0.0,320.0,318.0,193.0,432.0,0.0,0.0,0.0,0.0,0.0,65.0,0.0,243.0,0.0,0.0,0.0,0.0,0.0,0.0,601.0,350.0,0.0,71.0,0.0,147.0,0.0,0.0,972.0,9.0,140.0,0.0,0.0,0.0,23.0,1.0,513.0,0.0,16.0,100.0,167.0,196.0
2021-05-24 13:00:00+00:00,70.0,0.0,334.0,328.0,229.0,418.0,0.0,0.0,0.0,0.0,0.0,70.0,0.0,184.0,0.0,0.0,0.0,0.0,4.0,0.0,601.0,367.0,0.0,58.0,0.0,115.0,0.0,0.0,1023.0,0.0,166.0,0.0,0.0,0.0,32.0,0.0,501.0,0.0,61.0,43.0,187.0,195.0
2021-05-24 14:00:00+00:00,99.0,0.0,343.0,301.0,197.0,424.0,0.0,0.0,0.0,0.0,0.0,135.0,0.0,159.0,0.0,0.0,0.0,0.0,5.0,0.0,601.0,379.0,0.0,53.0,0.0,160.0,0.0,0.0,1021.0,0.0,211.0,0.0,0.0,0.0,26.0,0.0,477.0,0.0,42.0,63.0,199.0,196.0
2021-05-24 15:00:00+00:00,163.0,0.0,314.0,286.0,137.0,458.0,0.0,0.0,0.0,0.0,0.0,198.0,0.0,151.0,0.0,0.0,0.0,0.0,16.0,0.0,601.0,447.0,0.0,24.0,0.0,146.0,0.0,0.0,1022.0,0.0,179.0,0.0,0.0,0.0,4.0,12.0,499.0,0.0,0.0,110.0,194.0,197.0
2021-05-24 16:00:00+00:00,182.0,0.0,227.0,238.0,131.0,184.0,53.0,0.0,0.0,0.0,0.0,92.0,0.0,88.0,0.0,0.0,0.0,0.0,108.0,0.0,601.0,365.0,0.0,1.0,0.0,60.0,0.0,0.0,679.0,0.0,0.0,0.0,0.0,0.0,47.0,13.0,424.0,0.0,21.0,89.0,188.0,194.0
2021-05-24 17:00:00+00:00,199.0,0.0,231.0,250.0,138.0,184.0,92.0,0.0,0.0,0.0,0.0,94.0,0.0,37.0,0.0,0.0,0.0,0.0,77.0,0.0,601.0,361.0,0.0,1.0,0.0,0.0,0.0,0.0,623.0,0.0,0.0,23.0,0.0,0.0,61.0,2.0,419.0,0.0,11.0,49.0,191.0,196.0
2021-05-24 18:00:00+00:00,135.0,0.0,227.0,246.0,164.0,508.0,0.0,0.0,0.0,0.0,0.0,93.0,0.0,66.0,0.0,0.0,1.0,0.0,0.0,0.0,601.0,269.0,0.0,0.0,0.0,0.0,0.0,0.0,1109.0,64.0,74.0,112.0,0.0,0.0,56.0,104.0,405.0,0.0,0.0,120.0,212.0,197.0
2021-05-24 19:00:00+00:00,118.0,0.0,242.0,257.0,198.0,436.0,0.0,0.0,0.0,0.0,0.0,32.0,0.0,68.0,0.0,0.0,0.0,0.0,0.0,0.0,601.0,249.0,0.0,2.0,0.0,0.0,0.0,0.0,1158.0,62.0,182.0,21.0,0.0,0.0,94.0,66.0,393.0,0.0,0.0,73.0,232.0,197.0
2021-05-24 20:00:00+00:00,5.0,0.0,286.0,295.0,234.0,579.0,0.0,0.0,0.0,24.0,0.0,155.0,0.0,114.0,0.0,0.0,0.0,0.0,0.0,0.0,601.0,237.0,0.0,3.0,0.0,103.0,0.0,0.0,1163.0,118.0,53.0,0.0,0.0,0.0,78.0,33.0,439.0,0.0,0.0,51.0,256.0,195.0
2021-05-24 21:00:00+00:00,20.0,0.0,249.0,278.0,169.0,578.0,56.0,0.0,0.0,10.0,0.0,121.0,0.0,120.0,0.0,0.0,46.0,0.0,0.0,0.0,600.0,216.0,0.0,0.0,0.0,162.0,0.0,0.0,1154.0,130.0,0.0,0.0,0.0,0.0,67.0,2.0,377.0,0.0,18.0,50.0,243.0,195.0
2021-05-24 22:00:00+00:00,258.0,0.0,238.0,245.0,0.0,596.0,68.0,0.0,0.0,0.0,0.0,316.0,80.0,209.0,0.0,0.0,25.0,0.0,0.0,0.0,562.0,389.0,0.0,0.0,0.0,57.0,0.0,0.0,1169.0,155.0,0.0,0.0,0.0,23.0,0.0,154.0,373.0,0.0,0.0,333.0,159.0,196.0
2021-05-24 23:00:00+00:00,349.0,0.0,174.0,203.0,0.0,606.0,84.0,0.0,0.0,0.0,0.0,401.0,113.0,224.0,0.0,0.0,30.0,0.0,0.0,0.0,594.0,470.0,0.0,0.0,0.0,111.0,0.0,0.0,1180.0,169.0,0.0,0.0,0.0,129.0,0.0,200.0,343.0,0.0,0.0,412.0,127.0,198.0
2021-05-25 00:00:00+00:00,327.0,0.0,201.0,197.0,0.0,585.0,79.0,0.0,0.0,0.0,0.0,304.0,102.0,208.0,0.0,0.0,29.0,0.0,0.0,0.0,601.0,462.0,0.0,0.0,0.0,138.0,0.0,0.0,1171.0,173.0,0.0,0.0,0.0,125.0,0.0,191.0,360.0,0.0,0.0,408.0,123.0,196.0
2021-05-25 01:00:00+00:00,316.0,0.0,165.0,166.0,0.0,568.0,55.0,0.0,0.0,0.0,0.0,297.0,122.0,231.0,0.0,0.0,27.0,0.0,0.0,0.0,601.0,434.0,0.0,0.0,0.0,83.0,0.0,0.0,1158.0,167.0,0.0,0.0,0.0,158.0,0.0,222.0,328.0,0.0,0.0,441.0,115.0,193.0
2021-05-25 02:00:00+00:00,326.0,0.0,166.0,174.0,0.0,415.0,0.0,0.0,0.0,0.0,0.0,231.0,107.0,218.0,0.0,0.0,32.0,0.0,0.0,0.0,601.0,429.0,0.0,0.0,0.0,72.0,0.0,0.0,1158.0,99.0,134.0,0.0,0.0,138.0,0.0,230.0,350.0,2.0,0.0,432.0,136.0,195.0
2021-05-25 03:00:00+00:00,300.0,0.0,149.0,170.0,0.0,329.0,0.0,0.0,0.0,0.0,0.0,231.0,100.0,203.0,0.0,0.0,41.0,0.0,0.0,0.0,601.0,367.0,0.0,0.0,0.0,0.0,0.0,0.0,1077.0,44.0,327.0,10.0,0.0,102.0,0.0,250.0,317.0,2.0,0.0,428.0,157.0,195.0
2021-05-25 04:00:00+00:00,97.0,0.0,103.0,147.0,40.0,47.0,79.0,0.0,0.0,0.0,0.0,1.0,0.0,77.0,0.0,0.0,0.0,0.0,0.0,0.0,601.0,120.0,0.0,2.0,0.0,0.0,0.0,0.0,707.0,12.0,0.0,84.0,0.0,0.0,34.0,110.0,278.0,4.0,0.0,209.0,216.0,195.0
2021-05-25 05:00:00+00:00,15.0,127.0,62.0,94.0,52.0,0.0,0.0,0.0,73.0,6.0,0.0,0.0,0.0,20.0,0.0,0.0,0.0,10.0,44.0,0.0,601.0,1.0,0.0,32.0,0.0,0.0,0.0,0.0,639.0,0.0,78.0,192.0,3.0,0.0,60.0,56.0,200.0,9.0,0.0,143.0,231.0,195.0
2021-05-25 06:00:00+00:00,22.0,124.0,42.0,65.0,41.0,20.0,0.0,0.0,148.0,2.0,0.0,0.0,0.0,69.0,0.0,0.0,0.0,0.0,57.0,0.0,601.0,0.0,0.0,4.0,0.0,0.0,0.0,0.0,638.0,0.0,107.0,207.0,0.0,0.0,40.0,47.0,163.0,11.0,0.0,163.0,196.0,197.0
2021-05-25 07:00:00+00:00,25.0,174.0,72.0,58.0,45.0,32.0,0.0,0.0,116.0,3.0,0.0,0.0,0.0,53.0,0.0,0.0,7.0,0.0,54.0,0.0,568.0,0.0,0.0,0.0,0.0,0.0,0.0,0.0,637.0,0.0,128.0,88.0,0.0,0.0,57.0,0.0,164.0,9.0,58.0,106.0,157.0,197.0
2021-05-25 08:00:00+00:00,35.0,287.0,54.0,26.0,1.0,74.0,0.0,0.0,77.0,3.0,0.0,0.0,0.0,92.0,0.0,0.0,0.0,0.0,46.0,0.0,181.0,0.0,4.0,1.0,0.0,0.0,0.0,0.0,637.0,0.0,118.0,23.0,0.0,0.0,46.0,1.0,197.0,18.0,29.0,135.0,177.0,197.0
2021-05-25 09:00:00+00:00,28.0,259.0,91.0,46.0,14.0,81.0,0.0,0.0,30.0,1.0,0.0,0.0,0.0,110.0,0.0,0.0,0.0,0.0,41.0,0.0,75.0,1.0,0.0,1.0,0.0,0.0,0.0,0.0,638.0,0.0,78.0,13.0,0.0,0.0,44.0,0.0,278.0,2.0,76.0,92.0,178.0,196.0
2021-05-25 10:00:00+00:00,61.0,243.0,125.0,66.0,26.0,74.0,0.0,0.0,20.0,1.0,0.0,0.0,0.0,127.0,0.0,45.0,8.0,0.0,17.0,0.0,0.0,4.0,0.0,0.0,0.0,0.0,0.0,0.0,638.0,0.0,37.0,106.0,0.0,0.0,31.0,0.0,265.0,1.0,108.0,55.0,186.0,196.0
2021-05-25 11:00:00+00:00,69.0,148.0,144.0,82.0,16.0,101.0,0.0,0.0,11.0,0.0,0.0,0.0,0.0,180.0,0.0,45.0,8.0,0.0,18.0,0.0,0.0,8.0,0.0,0.0,0.0,0.0,0.0,0.0,639.0,0.0,48.0,44.0,0.0,0.0,3.0,0.0,285.0,1.0,83.0,59.0,171.0,197.0
2021-05-25 12:00:00+00:00,49.0,118.0,171.0,118.0,69.0,345.0,0.0,0.0,27.0,1.0,0.0,0.0,0.0,160.0,0.0,0.0,14.0,0.0,0.0,0.0,49.0,2.0,0.0,0.0,0.0,0.0,0.0,0.0,1047.0,93.0,183.0,24.0,0.0,0.0,10.0,0.0,348.0,0.0,61.0,84.0,168.0,196.0
2021-05-25 13:00:00+00:00,81.0,138.0,169.0,124.0,58.0,377.0,0.0,0.0,3.0,0.0,0.0,0.0,0.0,166.0,0.0,0.0,28.0,0.0,0.0,0.0,55.0,28.0,0.0,0.0,0.0,7.0,0.0,0.0,1150.0,117.0,236.0,0.0,0.0,0.0,9.0,1.0,352.0,0.0,18.0,97.0,199.0,195.0
2021-05-25 14:00:00+00:00,64.0,177.0,227.0,178.0,100.0,447.0,0.0,0.0,0.0,0.0,0.0,0.0,0.0,141.0,0.0,0.0,1.0,0.0,0.0,0.0,184.0,124.0,0.0,0.0,0.0,112.0,0.0,0.0,1141.0,93.0,167.0,0.0,0.0,0.0,37.0,0.0,394.0,0.0,53.0,23.0,236.0,196.0
2021-05-25 15:00:00+00:00,143.0,167.0,234.0,188.0,63.0,473.0,0.0,0.0,0.0,0.0,0.0,0.0,0.0,120.0,0.0,0.0,0.0,0.0,0.0,0.0,231.0,200.0,0.0,1.0,0.0,129.0,0.0,0.0,1089.0,125.0,10.0,0.0,0.0,0.0,27.0,28.0,408.0,1.0,0.0,93.0,248.0,197.0
2021-05-25 16:00:00+00:00,173.0,196.0,226.0,209.0,103.0,181.0,53.0,0.0,0.0,0.0,0.0,0.0,0.0,39.0,0.0,0.0,0.0,0.0,3.0,0.0,553.0,190.0,0.0,1.0,0.0,90.0,0.0,0.0,700.0,0.0,0.0,0.0,0.0,0.0,62.0,40.0,455.0,0.0,0.0,67.0,292.0,195.0
2021-05-25 17:00:00+00:00,172.0,380.0,224.0,194.0,104.0,170.0,90.0,0.0,0.0,0.0,0.0,0.0,0.0,0.0,0.0,0.0,0.0,0.0,0.0,0.0,600.0,79.0,0.0,4.0,0.0,4.0,0.0,0.0,637.0,6.0,0.0,0.0,52.0,0.0,94.0,43.0,378.0,0.0,0.0,31.0,307.0,196.0
2021-05-25 18:00:00+00:00,176.0,227.0,242.0,223.0,121.0,429.0,0.0,0.0,0.0,0.0,0.0,0.0,0.0,23.0,0.0,0.0,0.0,0.0,0.0,0.0,600.0,94.0,0.0,1.0,0.0,0.0,0.0,0.0,1061.0,105.0,53.0,117.0,3.0,0.0,56.0,126.0,378.0,0.0,0.0,95.0,301.0,197.0
2021-05-25 19:00:00+00:00,173.0,143.0,284.0,238.0,112.0,534.0,98.0,0.0,0.0,0.0,0.0,0.0,0.0,23.0,0.0,0.0,0.0,0.0,0.0,0.0,600.0,153.0,0.0,21.0,0.0,0.0,0.0,0.0,1159.0,157.0,0.0,8.0,3.0,0.0,72.0,47.0,424.0,0.0,0.0,32.0,288.0,194.0
2021-05-25 20:00:00+00:00,70.0,53.0,313.0,253.0,132.0,591.0,147.0,0.0,0.0,0.0,0.0,0.0,0.0,77.0,0.0,0.0,0.0,0.0,0.0,0.0,584.0,158.0,0.0,0.0,0.0,52.0,0.0,0.0,1171.0,173.0,0.0,0.0,0.0,0.0,35.0,92.0,454.0,0.0,0.0,77.0,315.0,195.0
2021-05-25 21:00:00+00:00,87.0,0.0,347.0,259.0,82.0,625.0,197.0,0.0,0.0,0.0,0.0,193.0,15.0,157.0,0.0,0.0,1.0,0.0,0.0,0.0,599.0,262.0,0.0,0.0,0.0,229.0,0.0,0.0,1365.0,172.0,0.0,0.0,0.0,0.0,0.0,133.0,465.0,0.0,0.0,133.0,332.0,195.0
2021-05-25 22:00:00+00:00,135.0,0.0,286.0,202.0,14.0,672.0,127.0,0.0,0.0,0.0,0.0,128.0,12.0,142.0,0.0,0.0,0.0,0.0,0.0,0.0,575.0,261.0,0.0,39.0,0.0,308.0,0.0,0.0,1428.0,173.0,0.0,0.0,0.0,0.0,0.0,88.0,429.0,0.0,0.0,125.0,310.0,195.0
2021-05-25 23:00:00+00:00,144.0,0.0,298.0,230.0,35.0,638.0,98.0,0.0,0.0,0.0,0.0,70.0,12.0,133.0,0.0,0.0,0.0,0.0,0.0,0.0,579.0,330.0,0.0,1.0,0.0,386.0,0.0,0.0,1406.0,191.0,0.0,0.0,0.0,0.0,0.0,63.0,461.0,0.0,0.0,110.0,298.0,195.0
2021-05-26 00:00:00+00:00,158.0,0.0,286.0,225.0,14.0,631.0,53.0,0.0,0.0,0.0,0.0,44.0,16.0,129.0,0.0,0.0,0.0,0.0,0.0,0.0,598.0,364.0,0.0,1.0,0.0,403.0,0.0,0.0,1411.0,192.0,0.0,0.0,0.0,0.0,0.0,74.0,485.0,0.0,0.0,130.0,288.0,195.0
2021-05-26 01:00:00+00:00,215.0,0.0,285.0,214.0,0.0,641.0,80.0,0.0,0.0,0.0,0.0,102.0,33.0,121.0,0.0,0.0,0.0,0.0,0.0,0.0,550.0,421.0,0.0,0.0,0.0,436.0,0.0,0.0,1415.0,184.0,0.0,0.0,0.0,53.0,0.0,125.0,470.0,0.0,0.0,208.0,260.0,195.0
2021-05-26 02:00:00+00:00,187.0,0.0,221.0,190.0,0.0,624.0,69.0,0.0,0.0,0.0,0.0,112.0,37.0,130.0,0.0,0.0,0.0,0.0,0.0,0.0,557.0,360.0,0.0,1.0,0.0,420.0,0.0,0.0,1394.0,202.0,0.0,0.0,0.0,58.0,0.0,165.0,409.0,1.0,0.0,243.0,262.0,196.0
2021-05-26 03:00:00+00:00,178.0,0.0,195.0,166.0,0.0,562.0,70.0,0.0,0.0,0.0,0.0,83.0,25.0,92.0,0.0,0.0,0.0,0.0,0.0,0.0,597.0,279.0,0.0,2.0,0.0,283.0,0.0,0.0,1121.0,214.0,0.0,0.0,0.0,40.0,0.0,199.0,330.0,0.0,0.0,265.0,270.0,196.0
2021-05-26 04:00:00+00:00,141.0,161.0,134.0,138.0,0.0,189.0,298.0,0.0,1.0,0.0,0.0,0.0,0.0,30.0,0.0,0.0,0.0,0.0,0.0,0.0,526.0,147.0,0.0,48.0,0.0,89.0,0.0,0.0,696.0,98.0,0.0,0.0,5.0,9.0,43.0,124.0,311.0,4.0,0.0,153.0,288.0,197.0
2021-05-26 05:00:00+00:00,18.0,432.0,74.0,75.0,57.0,132.0,159.0,0.0,124.0,6.0,0.0,0.0,0.0,1.0,0.0,0.0,0.0,0.0,0.0,0.0,596.0,0.0,0.0,40.0,0.0,0.0,0.0,0.0,625.0,40.0,0.0,40.0,50.0,0.0,114.0,41.0,203.0,7.0,0.0,72.0,288.0,197.0
2021-05-26 06:00:00+00:00,9.0,357.0,58.0,46.0,18.0,165.0,123.0,0.0,180.0,13.0,0.0,0.0,0.0,43.0,0.0,0.0,0.0,0.0,0.0,0.0,595.0,0.0,0.0,51.0,0.0,0.0,0.0,0.0,623.0,38.0,0.0,75.0,1.0,0.0,63.0,66.0,176.0,13.0,0.0,149.0,236.0,196.0
2021-05-26 07:00:00+00:00,50.0,255.0,89.0,94.0,23.0,245.0,193.0,0.0,53.0,1.0,0.0,0.0,0.0,122.0,0.0,0.0,0.0,0.0,0.0,0.0,505.0,0.0,0.0,1.0,0.0,0.0,0.0,0.0,622.0,60.0,0.0,7.0,0.0,0.0,26.0,63.0,232.0,14.0,0.0,171.0,205.0,194.0
2021-05-26 08:00:00+00:00,96.0,145.0,84.0,114.0,0.0,267.0,235.0,0.0,1.0,1.0,0.0,0.0,49.0,239.0,0.0,0.0,0.0,0.0,0.0,0.0,315.0,99.0,0.0,85.0,0.0,80.0,0.0,0.0,623.0,71.0,0.0,0.0,0.0,43.0,0.0,104.0,285.0,7.0,0.0,277.0,159.0,195.0
2021-05-26 09:00:00+00:00,100.0,147.0,110.0,144.0,0.0,334.0,220.0,0.0,0.0,0.0,0.0,0.0,55.0,272.0,0.0,0.0,0.0,0.0,0.0,0.0,216.0,128.0,0.0,71.0,0.0,65.0,0.0,0.0,624.0,88.0,0.0,0.0,0.0,15.0,0.0,47.0,329.0,2.0,0.0,242.0,139.0,195.0
2021-05-26 10:00:00+00:00,74.0,98.0,141.0,144.0,0.0,293.0,257.0,0.0,0.0,0.0,0.0,0.0,55.0,283.0,0.0,0.0,0.0,0.0,0.0,0.0,178.0,105.0,0.0,0.0,0.0,114.0,0.0,0.0,623.0,91.0,0.0,0.0,0.0,4.0,0.0,33.0,296.0,3.0,0.0,229.0,137.0,197.0
2021-05-26 11:00:00+00:00,23.0,0.0,142.0,155.0,19.0,288.0,257.0,0.0,0.0,1.0,0.0,50.0,67.0,303.0,0.0,0.0,0.0,0.0,0.0,0.0,332.0,113.0,0.0,0.0,0.0,157.0,0.0,0.0,622.0,98.0,0.0,0.0,0.0,0.0,0.0,18.0,282.0,1.0,0.0,224.0,126.0,194.0
2021-05-26 12:00:00+00:00,11.0,0.0,88.0,146.0,5.0,602.0,69.0,0.0,0.0,14.0,0.0,156.0,84.0,326.0,0.0,0.0,0.0,0.0,0.0,0.0,513.0,76.0,0.0,0.0,0.0,158.0,0.0,0.0,1112.0,175.0,0.0,0.0,0.0,0.0,0.0,51.0,254.0,5.0,0.0,256.0,128.0,195.0
2021-05-26 13:00:00+00:00,94.0,0.0,101.0,145.0,0.0,647.0,125.0,0.0,0.0,0.0,0.0,162.0,88.0,307.0,0.0,0.0,0.0,0.0,0.0,0.0,366.0,106.0,0.0,63.0,0.0,120.0,0.0,0.0,1413.0,155.0,0.0,0.0,0.0,36.0,0.0,74.0,266.0,2.0,0.0,269.0,137.0,195.0
2021-05-26 14:00:00+00:00,134.0,0.0,117.0,209.0,15.0,655.0,134.0,0.0,0.0,0.0,0.0,156.0,78.0,284.0,0.0,0.0,0.0,0.0,0.0,0.0,359.0,170.0,0.0,66.0,0.0,118.0,0.0,0.0,1425.0,119.0,0.0,0.0,0.0,0.0,0.0,93.0,349.0,4.0,0.0,260.0,171.0,196.0
2021-05-26 15:00:00+00:00,226.0,0.0,172.0,215.0,0.0,584.0,0.0,0.0,0.0,0.0,0.0,0.0,56.0,224.0,0.0,0.0,0.0,0.0,0.0,0.0,253.0,251.0,0.0,37.0,0.0,114.0,0.0,0.0,1098.0,61.0,37.0,0.0,0.0,4.0,0.0,93.0,375.0,1.0,0.0,232.0,200.0,197.0
2021-05-26 16:00:00+00:00,274.0,307.0,164.0,198.0,0.0,385.0,320.0,0.0,0.0,0.0,0.0,0.0,0.0,66.0,0.0,0.0,0.0,0.0,0.0,0.0,388.0,282.0,0.0,19.0,0.0,38.0,0.0,0.0,681.0,16.0,0.0,0.0,0.0,3.0,31.0,4.0,353.0,1.0,2.0,77.0,242.0,195.0
2021-05-26 17:00:00+00:00,215.0,424.0,118.0,171.0,71.0,372.0,326.0,0.0,0.0,0.0,0.0,0.0,0.0,0.0,0.0,0.0,0.0,0.0,0.0,0.0,446.0,201.0,0.0,1.0,0.0,0.0,0.0,24.0,623.0,35.0,0.0,36.0,49.0,0.0,102.0,0.0,290.0,1.0,42.0,0.0,281.0,195.0
2021-05-26 18:00:00+00:00,216.0,282.0,114.0,174.0,58.0,520.0,0.0,0.0,0.0,0.0,0.0,0.0,0.0,15.0,0.0,0.0,0.0,0.0,0.0,0.0,499.0,192.0,0.0,1.0,0.0,0.0,0.0,0.0,1111.0,88.0,64.0,67.0,4.0,0.0,65.0,50.0,250.0,2.0,0.0,59.0,263.0,195.0
2021-05-26 19:00:00+00:00,206.0,350.0,141.0,174.0,65.0,626.0,34.0,0.0,0.0,0.0,0.0,0.0,0.0,19.0,0.0,0.0,0.0,0.0,0.0,0.0,500.0,209.0,0.0,18.0,0.0,23.0,0.0,0.0,1403.0,87.0,0.0,0.0,3.0,0.0,89.0,20.0,260.0,2.0,0.0,10.0,292.0,195.0
2021-05-26 20:00:00+00:00,114.0,115.0,158.0,201.0,68.0,642.0,89.0,0.0,0.0,0.0,0.0,0.0,0.0,89.0,0.0,0.0,0.0,0.0,0.0,0.0,499.0,260.0,0.0,41.0,0.0,28.0,0.0,0.0,1411.0,112.0,0.0,0.0,0.0,0.0,28.0,71.0,323.0,0.0,0.0,98.0,272.0,196.0
2021-05-26 21:00:00+00:00,62.0,0.0,166.0,202.0,52.0,667.0,181.0,0.0,0.0,1.0,0.0,108.0,21.0,168.0,0.0,0.0,0.0,0.0,0.0,0.0,457.0,288.0,0.0,25.0,0.0,162.0,0.0,0.0,1414.0,151.0,0.0,0.0,0.0,0.0,0.0,149.0,292.0,3.0,0.0,195.0,289.0,196.0
2021-05-26 22:00:00+00:00,161.0,0.0,198.0,230.0,20.0,591.0,298.0,0.0,0.0,0.0,0.0,83.0,58.0,211.0,0.0,0.0,0.0,0.0,0.0,0.0,596.0,428.0,0.0,3.0,0.0,185.0,0.0,0.0,1427.0,132.0,0.0,0.0,0.0,0.0,0.0,204.0,361.0,1.0,0.0,253.0,293.0,197.0
2021-05-26 23:00:00+00:00,229.0,0.0,195.0,238.0,0.0,602.0,336.0,0.0,0.0,0.0,0.0,184.0,71.0,198.0,0.0,0.0,0.0,0.0,0.0,0.0,600.0,485.0,0.0,1.0,0.0,234.0,0.0,0.0,1397.0,129.0,0.0,0.0,0.0,15.0,0.0,181.0,360.0,1.0,0.0,283.0,243.0,197.0
2021-05-27 00:00:00+00:00,265.0,0.0,210.0,259.0,0.0,609.0,323.0,0.0,0.0,0.0,0.0,118.0,77.0,195.0,0.0,0.0,0.0,0.0,0.0,0.0,600.0,525.0,0.0,2.0,0.0,320.0,0.0,0.0,1427.0,125.0,0.0,0.0,0.0,25.0,0.0,207.0,356.0,0.0,0.0,321.0,233.0,195.0
2021-05-27 01:00:00+00:00,214.0,0.0,187.0,233.0,0.0,616.0,341.0,0.0,0.0,0.0,0.0,43.0,56.0,165.0,0.0,0.0,0.0,0.0,0.0,0.0,600.0,454.0,0.0,0.0,0.0,330.0,0.0,0.0,1442.0,119.0,0.0,0.0,0.0,13.0,0.0,207.0,334.0,0.0,0.0,314.0,238.0,196.0
2021-05-27 02:00:00+00:00,222.0,0.0,178.0,226.0,0.0,575.0,273.0,0.0,0.0,0.0,0.0,81.0,68.0,173.0,0.0,0.0,0.0,0.0,0.0,0.0,600.0,447.0,0.0,0.0,0.0,299.0,0.0,0.0,1436.0,109.0,0.0,0.0,0.0,24.0,0.0,229.0,338.0,0.0,0.0,337.0,230.0,196.0
2021-05-27 03:00:00+00:00,121.0,27.0,102.0,154.0,0.0,511.0,226.0,0.0,0.0,0.0,0.0,0.0,25.0,91.0,0.0,0.0,0.0,0.0,0.0,0.0,600.0,271.0,0.0,0.0,0.0,216.0,0.0,0.0,1036.0,118.0,0.0,0.0,0.0,10.0,0.0,208.0,252.0,5.0,0.0,287.0,222.0,196.0
2021-05-27 04:00:00+00:00,81.0,492.0,60.0,108.0,33.0,290.0,318.0,0.0,0.0,0.0,0.0,0.0,0.0,0.0,0.0,0.0,0.0,0.0,0.0,0.0,600.0,162.0,0.0,34.0,0.0,96.0,0.0,3.0,677.0,31.0,0.0,0.0,94.0,0.0,133.0,0.0,228.0,13.0,13.0,6.0,286.0,195.0
2021-05-27 05:00:00+00:00,3.0,584.0,29.0,45.0,69.0,305.0,279.0,0.0,88.0,53.0,0.0,0.0,0.0,0.0,0.0,0.0,0.0,0.0,0.0,0.0,600.0,1.0,0.0,20.0,0.0,0.0,0.0,12.0,635.0,12.0,0.0,116.0,110.0,0.0,166.0,0.0,139.0,34.0,24.0,3.0,291.0,195.0
2021-05-27 06:00:00+00:00,0.0,517.0,10.0,32.0,48.0,253.0,177.0,0.0,127.0,56.0,0.0,0.0,0.0,3.0,0.0,0.0,0.0,0.0,0.0,0.0,601.0,0.0,0.0,34.0,0.0,0.0,0.0,0.0,636.0,0.0,0.0,23.0,27.0,0.0,118.0,0.0,130.0,49.0,28.0,39.0,239.0,192.0
2021-05-27 07:00:00+00:00,8.0,350.0,26.0,66.0,34.0,224.0,130.0,0.0,45.0,18.0,0.0,0.0,0.0,63.0,0.0,0.0,0.0,0.0,0.0,0.0,597.0,1.0,0.0,52.0,0.0,0.0,0.0,0.0,631.0,0.0,0.0,5.0,0.0,0.0,59.0,0.0,153.0,24.0,87.0,51.0,209.0,194.0
2021-05-27 08:00:00+00:00,64.0,178.0,18.0,114.0,0.0,146.0,73.0,0.0,0.0,2.0,0.0,0.0,16.0,175.0,0.0,0.0,0.0,0.0,0.0,0.0,455.0,113.0,0.0,62.0,0.0,63.0,0.0,0.0,649.0,0.0,0.0,0.0,0.0,26.0,0.0,0.0,185.0,40.0,19.0,159.0,170.0,192.0
2021-05-27 09:00:00+00:00,63.0,252.0,69.0,192.0,63.0,89.0,24.0,0.0,0.0,0.0,0.0,0.0,1.0,195.0,0.0,0.0,0.0,0.0,0.0,0.0,281.0,181.0,0.0,44.0,0.0,114.0,0.0,0.0,650.0,0.0,0.0,0.0,0.0,0.0,0.0,0.0,250.0,11.0,71.0,105.0,172.0,192.0
2021-05-27 10:00:00+00:00,14.0,273.0,83.0,215.0,97.0,81.0,34.0,0.0,0.0,6.0,0.0,0.0,10.0,215.0,0.0,0.0,15.0,0.0,0.0,0.0,232.0,183.0,0.0,0.0,0.0,138.0,0.0,0.0,649.0,0.0,0.0,0.0,0.0,0.0,0.0,0.0,242.0,9.0,52.0,125.0,167.0,196.0
2021-05-27 11:00:00+00:00,5.0,73.0,86.0,232.0,130.0,150.0,77.0,0.0,0.0,13.0,0.0,0.0,34.0,244.0,0.0,0.0,14.0,0.0,0.0,0.0,358.0,155.0,0.0,0.0,0.0,164.0,0.0,0.0,650.0,0.0,0.0,0.0,0.0,0.0,0.0,0.0,222.0,5.0,96.0,101.0,144.0,195.0
2021-05-27 12:00:00+00:00,0.0,0.0,62.0,238.0,143.0,534.0,32.0,0.0,0.0,35.0,0.0,19.0,33.0,237.0,0.0,0.0,19.0,0.0,0.0,0.0,496.0,95.0,0.0,0.0,0.0,184.0,0.0,0.0,1141.0,0.0,0.0,0.0,0.0,0.0,0.0,0.0,233.0,10.0,98.0,102.0,142.0,193.0
2021-05-27 13:00:00+00:00,3.0,43.0,103.0,247.0,157.0,601.0,108.0,0.0,0.0,19.0,0.0,0.0,7.0,189.0,0.0,0.0,26.0,0.0,0.0,0.0,473.0,120.0,0.0,0.0,0.0,222.0,0.0,0.0,1403.0,0.0,0.0,0.0,0.0,0.0,0.0,0.0,273.0,3.0,121.0,58.0,167.0,193.0
2021-05-27 14:00:00+00:00,122.0,136.0,136.0,287.0,162.0,652.0,53.0,0.0,0.0,0.0,0.0,0.0,0.0,133.0,0.0,0.0,0.0,0.0,0.0,0.0,377.0,232.0,0.0,17.0,0.0,168.0,0.0,0.0,1422.0,0.0,0.0,0.0,0.0,0.0,28.0,0.0,327.0,2.0,122.0,25.0,195.0,198.0
2021-05-27 15:00:00+00:00,227.0,255.0,177.0,299.0,127.0,626.0,48.0,0.0,0.0,0.0,0.0,0.0,0.0,104.0,0.0,0.0,0.0,0.0,0.0,0.0,298.0,326.0,0.0,16.0,0.0,133.0,0.0,0.0,1126.0,78.0,0.0,0.0,0.0,0.0,68.0,0.0,365.0,1.0,82.0,45.0,218.0,195.0
2021-05-27 16:00:00+00:00,265.0,449.0,111.0,282.0,160.0,215.0,90.0,0.0,0.0,0.0,0.0,0.0,0.0,0.0,0.0,0.0,0.0,0.0,86.0,0.0,591.0,257.0,0.0,3.0,0.0,63.0,0.0,51.0,708.0,0.0,0.0,0.0,34.0,0.0,151.0,0.0,266.0,2.0,122.0,0.0,273.0,194.0
2021-05-27 17:00:00+00:00,197.0,653.0,86.0,260.0,219.0,242.0,110.0,0.0,0.0,0.0,0.0,0.0,0.0,0.0,0.0,0.0,7.0,0.0,45.0,0.0,600.0,196.0,0.0,0.0,0.0,33.0,0.0,131.0,647.0,0.0,0.0,0.0,129.0,0.0,206.0,0.0,218.0,5.0,154.0,0.0,293.0,194.0
2021-05-27 18:00:00+00:00,194.0,541.0,99.0,254.0,208.0,473.0,130.0,0.0,0.0,0.0,0.0,0.0,0.0,0.0,0.0,0.0,9.0,0.0,0.0,0.0,587.0,246.0,0.0,0.0,0.0,0.0,0.0,21.0,1144.0,51.0,0.0,24.0,57.0,0.0,154.0,0.0,230.0,2.0,33.0,0.0,288.0,194.0
2021-05-27 19:00:00+00:00,114.0,551.0,134.0,224.0,225.0,518.0,181.0,0.0,0.0,0.0,0.0,0.0,0.0,0.0,0.0,0.0,0.0,0.0,0.0,0.0,600.0,187.0,0.0,13.0,0.0,34.0,0.0,105.0,1409.0,46.0,0.0,0.0,50.0,0.0,178.0,0.0,251.0,2.0,104.0,0.0,304.0,194.0
2021-05-27 20:00:00+00:00,79.0,390.0,142.0,260.0,236.0,573.0,230.0,0.0,0.0,0.0,0.0,0.0,0.0,6.0,0.0,0.0,0.0,0.0,0.0,0.0,601.0,274.0,0.0,39.0,0.0,84.0,0.0,17.0,1436.0,49.0,0.0,0.0,13.0,0.0,137.0,0.0,321.0,2.0,50.0,0.0,314.0,194.0
2021-05-27 21:00:00+00:00,80.0,224.0,179.0,270.0,213.0,686.0,73.0,0.0,0.0,0.0,0.0,0.0,0.0,19.0,0.0,0.0,0.0,0.0,0.0,0.0,601.0,346.0,0.0,53.0,0.0,92.0,0.0,17.0,1399.0,80.0,0.0,0.0,6.0,0.0,120.0,0.0,302.0,1.0,56.0,5.0,295.0,195.0
2021-05-27 22:00:00+00:00,36.0,89.0,178.0,326.0,320.0,731.0,153.0,0.0,0.0,1.0,0.0,0.0,0.0,129.0,0.0,0.0,0.0,0.0,0.0,0.0,600.0,372.0,0.0,0.0,0.0,47.0,0.0,134.0,1424.0,128.0,0.0,0.0,0.0,0.0,75.0,0.0,338.0,0.0,151.0,0.0,304.0,197.0
2021-05-27 23:00:00+00:00,85.0,120.0,153.0,295.0,219.0,716.0,180.0,0.0,0.0,0.0,0.0,0.0,0.0,36.0,0.0,0.0,40.0,0.0,0.0,0.0,601.0,426.0,0.0,0.0,0.0,382.0,0.0,104.0,1420.0,117.0,0.0,0.0,2.0,0.0,122.0,0.0,322.0,0.0,179.0,0.0,269.0,194.0
2021-05-28 00:00:00+00:00,126.0,182.0,146.0,287.0,178.0,716.0,154.0,0.0,0.0,0.0,0.0,0.0,0.0,1.0,0.0,0.0,40.0,0.0,0.0,0.0,601.0,468.0,0.0,0.0,0.0,532.0,0.0,96.0,1406.0,123.0,0.0,0.0,36.0,0.0,149.0,0.0,334.0,2.0,201.0,0.0,241.0,197.0
2021-05-28 01:00:00+00:00,162.0,128.0,138.0,281.0,159.0,704.0,154.0,0.0,0.0,0.0,0.0,0.0,0.0,0.0,0.0,0.0,39.0,0.0,0.0,0.0,601.0,494.0,0.0,0.0,0.0,563.0,0.0,81.0,1431.0,119.0,0.0,0.0,53.0,0.0,146.0,0.0,322.0,2.0,197.0,0.0,229.0,196.0
2021-05-28 02:00:00+00:00,166.0,82.0,137.0,258.0,123.0,679.0,153.0,0.0,0.0,0.0,0.0,0.0,0.0,0.0,0.0,0.0,25.0,0.0,0.0,0.0,601.0,481.0,0.0,0.0,0.0,561.0,0.0,39.0,1425.0,131.0,0.0,0.0,49.0,0.0,135.0,0.0,297.0,3.0,154.0,0.0,203.0,196.0
2021-05-28 03:00:00+00:00,135.0,47.0,106.0,208.0,98.0,657.0,78.0,0.0,0.0,0.0,0.0,0.0,0.0,0.0,0.0,0.0,0.0,0.0,0.0,0.0,601.0,387.0,0.0,2.0,0.0,511.0,0.0,0.0,1435.0,96.0,0.0,0.0,67.0,0.0,136.0,0.0,251.0,2.0,72.0,28.0,194.0,197.0
2021-05-28 04:00:00+00:00,124.0,265.0,54.0,152.0,72.0,417.0,258.0,0.0,0.0,0.0,0.0,0.0,0.0,0.0,0.0,0.0,0.0,0.0,0.0,0.0,601.0,245.0,0.0,50.0,0.0,257.0,0.0,48.0,1069.0,20.0,0.0,0.0,183.0,0.0,224.0,0.0,220.0,14.0,143.0,0.0,205.0,196.0
2021-05-28 05:00:00+00:00,99.0,252.0,66.0,122.0,79.0,297.0,20.0,0.0,0.0,0.0,0.0,0.0,0.0,0.0,0.0,0.0,0.0,0.0,67.0,0.0,601.0,122.0,0.0,27.0,0.0,0.0,0.0,98.0,1077.0,0.0,0.0,29.0,232.0,0.0,316.0,0.0,172.0,14.0,213.0,0.0,186.0,196.0
2021-05-28 06:00:00+00:00,118.0,11.0,60.0,118.0,58.0,352.0,30.0,0.0,0.0,0.0,0.0,0.0,0.0,0.0,0.0,0.0,0.0,0.0,51.0,0.0,602.0,90.0,0.0,23.0,0.0,0.0,0.0,6.0,1033.0,0.0,0.0,83.0,115.0,0.0,309.0,0.0,171.0,9.0,149.0,35.0,140.0,196.0
2021-05-28 07:00:00+00:00,88.0,0.0,121.0,169.0,103.0,368.0,9.0,0.0,0.0,0.0,0.0,72.0,0.0,39.0,0.0,0.0,0.0,0.0,55.0,0.0,598.0,143.0,0.0,36.0,0.0,0.0,0.0,0.0,1034.0,0.0,0.0,83.0,2.0,0.0,180.0,0.0,245.0,3.0,47.0,170.0,125.0,196.0
2021-05-28 08:00:00+00:00,191.0,0.0,137.0,180.0,0.0,361.0,13.0,0.0,0.0,0.0,0.0,156.0,6.0,182.0,0.0,0.0,0.0,0.0,53.0,0.0,467.0,313.0,0.0,35.0,0.0,0.0,0.0,0.0,1034.0,0.0,0.0,59.0,0.0,3.0,0.0,67.0,271.0,0.0,0.0,355.0,60.0,197.0
2021-05-28 09:00:00+00:00,150.0,0.0,116.0,205.0,38.0,379.0,27.0,0.0,0.0,0.0,0.0,107.0,15.0,228.0,0.0,0.0,0.0,0.0,48.0,0.0,459.0,344.0,0.0,1.0,0.0,59.0,0.0,0.0,1034.0,0.0,0.0,0.0,0.0,0.0,0.0,22.0,298.0,1.0,0.0,291.0,81.0,195.0
2021-05-28 10:00:00+00:00,127.0,0.0,146.0,190.0,39.0,425.0,150.0,0.0,0.0,0.0,0.0,106.0,36.0,221.0,0.0,0.0,9.0,0.0,0.0,0.0,431.0,329.0,0.0,0.0,0.0,111.0,0.0,0.0,1034.0,20.0,0.0,0.0,0.0,0.0,0.0,0.0,272.0,1.0,22.0,246.0,79.0,193.0
2021-05-28 11:00:00+00:00,125.0,0.0,139.0,205.0,20.0,449.0,211.0,0.0,0.0,0.0,0.0,231.0,86.0,269.0,0.0,0.0,0.0,0.0,0.0,0.0,519.0,363.0,0.0,0.0,0.0,133.0,0.0,0.0,1034.0,49.0,0.0,0.0,0.0,0.0,0.0,10.0,280.0,2.0,16.0,259.0,79.0,190.0
2021-05-28 12:00:00+00:00,106.0,0.0,101.0,190.0,0.0,634.0,136.0,0.0,0.0,0.0,0.0,230.0,72.0,272.0,0.0,0.0,1.0,0.0,0.0,0.0,549.0,320.0,0.0,0.0,0.0,145.0,0.0,0.0,1404.0,95.0,0.0,0.0,0.0,2.0,0.0,17.0,224.0,3.0,9.0,262.0,85.0,192.0
2021-05-28 13:00:00+00:00,99.0,0.0,84.0,213.0,40.0,673.0,200.0,0.0,0.0,0.0,0.0,177.0,21.0,223.0,0.0,0.0,14.0,0.0,0.0,0.0,565.0,319.0,0.0,0.0,0.0,203.0,0.0,0.0,1461.0,95.0,0.0,0.0,0.0,0.0,0.0,0.0,224.0,3.0,53.0,211.0,103.0,194.0
2021-05-28 14:00:00+00:00,123.0,0.0,136.0,261.0,103.0,692.0,221.0,0.0,0.0,0.0,0.0,145.0,0.0,175.0,0.0,0.0,27.0,0.0,0.0,0.0,600.0,374.0,0.0,0.0,0.0,215.0,0.0,0.0,1472.0,94.0,0.0,0.0,0.0,0.0,22.0,0.0,273.0,2.0,69.0,133.0,137.0,197.0
2021-05-28 15:00:00+00:00,156.0,0.0,156.0,280.0,126.0,620.0,182.0,0.0,0.0,0.0,0.0,14.0,0.0,113.0,0.0,0.0,1.0,0.0,0.0,0.0,601.0,420.0,0.0,0.0,0.0,227.0,0.0,0.0,1474.0,114.0,0.0,0.0,0.0,0.0,122.0,0.0,343.0,1.0,86.0,47.0,209.0,197.0
2021-05-28 16:00:00+00:00,175.0,353.0,185.0,280.0,226.0,453.0,267.0,0.0,0.0,0.0,0.0,0.0,0.0,0.0,0.0,0.0,0.0,0.0,0.0,0.0,601.0,334.0,0.0,12.0,0.0,142.0,0.0,156.0,1119.0,75.0,0.0,0.0,138.0,0.0,426.0,0.0,354.0,0.0,209.0,0.0,295.0,195.0
2021-05-28 17:00:00+00:00,133.0,527.0,147.0,263.0,296.0,415.0,246.0,0.0,0.0,0.0,0.0,0.0,0.0,0.0,0.0,0.0,0.0,0.0,0.0,0.0,601.0,238.0,0.0,2.0,0.0,133.0,0.0,301.0,1061.0,91.0,0.0,0.0,284.0,0.0,577.0,0.0,346.0,2.0,297.0,0.0,324.0,193.0
2021-05-28 18:00:00+00:00,154.0,388.0,210.0,280.0,300.0,545.0,138.0,0.0,0.0,0.0,0.0,0.0,0.0,0.0,0.0,0.0,0.0,0.0,0.0,0.0,601.0,260.0,0.0,0.0,0.0,136.0,0.0,220.0,1420.0,138.0,0.0,0.0,182.0,0.0,458.0,0.0,350.0,0.0,209.0,0.0,313.0,194.0
2021-05-28 19:00:00+00:00,132.0,357.0,208.0,292.0,317.0,668.0,118.0,0.0,0.0,0.0,0.0,0.0,0.0,0.0,0.0,0.0,0.0,0.0,0.0,0.0,601.0,280.0,0.0,21.0,0.0,207.0,0.0,291.0,1481.0,143.0,0.0,0.0,157.0,0.0,469.0,0.0,347.0,0.0,266.0,0.0,328.0,196.0
2021-05-28 20:00:00+00:00,78.0,313.0,217.0,310.0,306.0,704.0,154.0,0.0,0.0,0.0,0.0,0.0,0.0,0.0,0.0,0.0,0.0,0.0,0.0,0.0,599.0,315.0,0.0,46.0,0.0,258.0,0.0,305.0,1467.0,143.0,0.0,0.0,163.0,0.0,465.0,0.0,359.0,1.0,266.0,0.0,384.0,193.0
2021-05-28 21:00:00+00:00,31.0,209.0,241.0,348.0,325.0,707.0,162.0,0.0,0.0,4.0,0.0,0.0,0.0,0.0,0.0,0.0,0.0,0.0,0.0,0.0,541.0,391.0,0.0,2.0,0.0,311.0,0.0,285.0,1467.0,136.0,0.0,0.0,70.0,0.0,354.0,0.0,371.0,1.0,239.0,0.0,388.0,195.0
2021-05-28 22:00:00+00:00,14.0,296.0,253.0,345.0,366.0,666.0,128.0,0.0,0.0,10.0,0.0,0.0,0.0,2.0,0.0,0.0,0.0,0.0,0.0,0.0,599.0,393.0,0.0,0.0,0.0,327.0,0.0,202.0,1458.0,153.0,0.0,0.0,22.0,0.0,267.0,0.0,406.0,0.0,189.0,0.0,360.0,193.0
2021-05-28 23:00:00+00:00,61.0,300.0,274.0,333.0,319.0,681.0,140.0,0.0,0.0,0.0,0.0,0.0,0.0,1.0,0.0,0.0,0.0,0.0,0.0,0.0,601.0,437.0,0.0,5.0,0.0,390.0,0.0,190.0,1465.0,140.0,0.0,0.0,61.0,0.0,273.0,0.0,428.0,0.0,207.0,0.0,302.0,194.0
2021-05-29 00:00:00+00:00,31.0,361.0,239.0,315.0,330.0,669.0,129.0,0.0,0.0,3.0,0.0,0.0,0.0,0.0,0.0,0.0,0.0,0.0,0.0,0.0,601.0,402.0,0.0,0.0,0.0,463.0,0.0,215.0,1473.0,130.0,0.0,0.0,135.0,0.0,323.0,0.0,417.0,0.0,259.0,0.0,271.0,193.0
2021-05-29 01:00:00+00:00,67.0,335.0,253.0,314.0,304.0,683.0,103.0,0.0,0.0,0.0,0.0,0.0,0.0,0.0,0.0,0.0,0.0,0.0,0.0,0.0,601.0,432.0,0.0,2.0,0.0,488.0,0.0,233.0,1475.0,124.0,0.0,0.0,135.0,0.0,317.0,0.0,407.0,0.0,285.0,0.0,263.0,195.0
2021-05-29 02:00:00+00:00,80.0,308.0,279.0,325.0,309.0,663.0,130.0,0.0,0.0,0.0,0.0,0.0,0.0,0.0,0.0,0.0,0.0,0.0,0.0,0.0,601.0,451.0,0.0,2.0,0.0,449.0,0.0,245.0,1469.0,129.0,0.0,0.0,107.0,0.0,291.0,0.0,409.0,0.0,281.0,0.0,263.0,195.0
2021-05-29 03:00:00+00:00,106.0,290.0,247.0,306.0,252.0,676.0,113.0,0.0,0.0,0.0,0.0,0.0,0.0,0.0,0.0,0.0,0.0,0.0,0.0,0.0,601.0,469.0,0.0,5.0,0.0,452.0,0.0,252.0,1475.0,136.0,0.0,0.0,72.0,0.0,269.0,0.0,387.0,0.0,291.0,0.0,260.0,194.0
2021-05-29 04:00:00+00:00,108.0,392.0,202.0,278.0,257.0,642.0,84.0,0.0,0.0,0.0,0.0,0.0,0.0,0.0,0.0,0.0,0.0,0.0,0.0,0.0,602.0,393.0,0.0,71.0,0.0,370.0,0.0,335.0,1460.0,141.0,0.0,0.0,97.0,0.0,348.0,0.0,379.0,0.0,327.0,0.0,277.0,195.0
2021-05-29 05:00:00+00:00,30.0,378.0,204.0,263.0,293.0,645.0,91.0,0.0,0.0,2.0,0.0,0.0,0.0,0.0,0.0,0.0,0.0,0.0,0.0,0.0,602.0,270.0,0.0,71.0,0.0,276.0,0.0,369.0,1468.0,155.0,0.0,0.0,72.0,0.0,371.0,0.0,339.0,0.0,354.0,0.0,302.0,195.0
2021-05-29 06:00:00+00:00,9.0,363.0,214.0,279.0,341.0,623.0,53.0,0.0,0.0,13.0,0.0,0.0,0.0,0.0,0.0,0.0,0.0,0.0,0.0,0.0,603.0,251.0,0.0,66.0,0.0,301.0,0.0,393.0,1463.0,116.0,0.0,0.0,53.0,0.0,361.0,0.0,368.0,0.0,422.0,0.0,266.0,196.0
2021-05-29 07:00:00+00:00,29.0,345.0,247.0,305.0,336.0,657.0,72.0,0.0,0.0,2.0,0.0,0.0,0.0,33.0,0.0,0.0,0.0,0.0,0.0,0.0,603.0,298.0,0.0,37.0,0.0,358.0,0.0,312.0,1462.0,104.0,0.0,0.0,4.0,0.0,289.0,0.0,386.0,0.0,361.0,0.0,241.0,196.0
2021-05-29 08:00:00+00:00,61.0,332.0,278.0,330.0,328.0,614.0,149.0,0.0,0.0,0.0,0.0,0.0,0.0,96.0,0.0,0.0,0.0,0.0,0.0,0.0,603.0,372.0,0.0,17.0,0.0,351.0,0.0,302.0,1456.0,125.0,0.0,0.0,0.0,0.0,219.0,0.0,416.0,0.0,299.0,0.0,178.0,195.0
2021-05-29 09:00:00+00:00,59.0,296.0,262.0,327.0,291.0,595.0,134.0,0.0,0.0,0.0,0.0,0.0,0.0,135.0,0.0,0.0,0.0,0.0,0.0,0.0,603.0,408.0,0.0,2.0,0.0,398.0,0.0,303.0,1454.0,132.0,0.0,0.0,0.0,0.0,173.0,0.0,425.0,0.0,316.0,0.0,147.0,195.0
2021-05-29 10:00:00+00:00,60.0,253.0,265.0,335.0,280.0,475.0,0.0,0.0,0.0,0.0,0.0,0.0,0.0,202.0,0.0,0.0,0.0,0.0,0.0,0.0,603.0,431.0,0.0,39.0,0.0,416.0,0.0,249.0,1454.0,93.0,14.0,0.0,0.0,0.0,121.0,0.0,414.0,0.0,244.0,0.0,160.0,197.0
2021-05-29 11:00:00+00:00,38.0,225.0,293.0,304.0,241.0,546.0,71.0,0.0,0.0,6.0,0.0,0.0,0.0,212.0,0.0,0.0,0.0,0.0,0.0,0.0,603.0,369.0,0.0,2.0,0.0,448.0,0.0,236.0,1456.0,137.0,0.0,0.0,0.0,0.0,100.0,0.0,354.0,0.0,252.0,0.0,156.0,196.0
2021-05-29 12:00:00+00:00,40.0,145.0,287.0,308.0,219.0,531.0,81.0,0.0,0.0,0.0,0.0,0.0,0.0,210.0,0.0,0.0,0.0,0.0,0.0,0.0,603.0,367.0,0.0,4.0,0.0,437.0,0.0,158.0,1460.0,130.0,0.0,0.0,0.0,0.0,71.0,0.0,340.0,0.0,190.0,0.0,141.0,194.0
2021-05-29 13:00:00+00:00,72.0,87.0,378.0,326.0,200.0,513.0,60.0,0.0,0.0,0.0,0.0,0.0,0.0,252.0,0.0,0.0,0.0,0.0,0.0,0.0,602.0,424.0,0.0,2.0,0.0,335.0,0.0,84.0,1456.0,135.0,0.0,0.0,0.0,0.0,14.0,0.0,366.0,0.0,112.0,0.0,133.0,195.0
2021-05-29 14:00:00+00:00,88.0,108.0,302.0,330.0,201.0,401.0,0.0,0.0,0.0,0.0,0.0,0.0,0.0,214.0,0.0,0.0,23.0,0.0,0.0,0.0,602.0,442.0,0.0,0.0,0.0,338.0,0.0,32.0,1468.0,84.0,107.0,0.0,0.0,0.0,33.0,0.0,379.0,0.0,36.0,0.0,158.0,195.0
2021-05-29 15:00:00+00:00,125.0,171.0,263.0,342.0,205.0,385.0,0.0,0.0,0.0,0.0,0.0,0.0,0.0,164.0,0.0,0.0,36.0,0.0,0.0,0.0,602.0,504.0,0.0,0.0,0.0,295.0,0.0,35.0,1467.0,59.0,138.0,0.0,0.0,0.0,82.0,1.0,430.0,0.0,14.0,0.0,184.0,196.0
2021-05-29 16:00:00+00:00,118.0,261.0,270.0,333.0,244.0,461.0,0.0,0.0,0.0,0.0,0.0,0.0,0.0,44.0,0.0,0.0,0.0,0.0,0.0,0.0,602.0,444.0,0.0,0.0,0.0,179.0,0.0,59.0,1469.0,93.0,142.0,0.0,1.0,0.0,192.0,0.0,416.0,0.0,115.0,0.0,251.0,194.0
2021-05-29 17:00:00+00:00,48.0,305.0,206.0,309.0,308.0,474.0,0.0,0.0,0.0,0.0,0.0,0.0,0.0,0.0,0.0,0.0,0.0,0.0,0.0,0.0,602.0,301.0,0.0,16.0,0.0,88.0,0.0,147.0,1466.0,98.0,133.0,0.0,91.0,0.0,332.0,0.0,366.0,0.0,167.0,0.0,274.0,195.0
2021-05-29 18:00:00+00:00,71.0,170.0,182.0,280.0,272.0,456.0,0.0,0.0,0.0,0.0,0.0,0.0,0.0,0.0,0.0,0.0,0.0,0.0,0.0,0.0,602.0,243.0,0.0,15.0,0.0,58.0,0.0,13.0,1466.0,118.0,98.0,0.0,45.0,0.0,261.0,0.0,319.0,0.0,31.0,6.0,271.0,197.0
2021-05-29 19:00:00+00:00,55.0,155.0,194.0,273.0,268.0,526.0,0.0,0.0,0.0,0.0,0.0,0.0,0.0,0.0,0.0,0.0,0.0,0.0,0.0,0.0,602.0,235.0,0.0,39.0,0.0,114.0,0.0,21.0,1467.0,135.0,22.0,0.0,55.0,0.0,271.0,0.0,320.0,0.0,47.0,4.0,268.0,196.0
2021-05-29 20:00:00+00:00,116.0,75.0,227.0,305.0,246.0,578.0,41.0,0.0,0.0,0.0,0.0,0.0,0.0,7.0,0.0,0.0,1.0,0.0,0.0,0.0,602.0,353.0,0.0,0.0,0.0,117.0,0.0,38.0,1467.0,130.0,0.0,0.0,16.0,0.0,223.0,0.0,363.0,1.0,88.0,0.0,268.0,193.0
2021-05-29 21:00:00+00:00,136.0,0.0,284.0,358.0,220.0,572.0,55.0,0.0,0.0,0.0,0.0,48.0,0.0,109.0,0.0,0.0,0.0,0.0,0.0,0.0,602.0,502.0,0.0,0.0,0.0,234.0,0.0,13.0,1468.0,147.0,0.0,0.0,0.0,0.0,95.0,0.0,405.0,0.0,72.0,1.0,281.0,195.0
2021-05-29 22:00:00+00:00,156.0,0.0,242.0,378.0,186.0,549.0,71.0,0.0,0.0,0.0,0.0,132.0,0.0,176.0,0.0,0.0,0.0,0.0,0.0,0.0,602.0,504.0,0.0,0.0,0.0,261.0,0.0,4.0,1467.0,140.0,0.0,0.0,0.0,0.0,14.0,0.0,382.0,0.0,63.0,6.0,271.0,197.0
2021-05-29 23:00:00+00:00,205.0,0.0,243.0,349.0,133.0,565.0,34.0,0.0,0.0,0.0,0.0,121.0,0.0,122.0,0.0,0.0,1.0,0.0,0.0,0.0,602.0,534.0,0.0,0.0,0.0,299.0,0.0,28.0,1468.0,137.0,0.0,0.0,0.0,0.0,35.0,0.0,373.0,0.0,149.0,0.0,223.0,193.0
2021-05-30 00:00:00+00:00,211.0,0.0,261.0,354.0,141.0,543.0,0.0,0.0,0.0,0.0,0.0,116.0,0.0,99.0,0.0,0.0,25.0,0.0,0.0,0.0,593.0,552.0,0.0,0.0,0.0,293.0,0.0,59.0,1477.0,132.0,6.0,0.0,0.0,0.0,48.0,0.0,371.0,0.0,190.0,0.0,185.0,194.0
2021-05-30 01:00:00+00:00,234.0,0.0,270.0,346.0,129.0,524.0,0.0,0.0,0.0,0.0,0.0,177.0,0.0,122.0,0.0,0.0,26.0,0.0,0.0,0.0,602.0,573.0,0.0,0.0,0.0,376.0,0.0,24.0,1462.0,129.0,31.0,0.0,0.0,0.0,12.0,0.0,375.0,0.0,180.0,0.0,162.0,195.0
2021-05-30 02:00:00+00:00,237.0,0.0,255.0,336.0,124.0,496.0,0.0,0.0,0.0,0.0,0.0,224.0,22.0,143.0,0.0,0.0,28.0,0.0,0.0,0.0,602.0,563.0,0.0,0.0,0.0,493.0,0.0,15.0,1469.0,128.0,55.0,0.0,0.0,0.0,0.0,0.0,383.0,1.0,179.0,0.0,151.0,197.0
2021-05-30 03:00:00+00:00,256.0,0.0,198.0,311.0,87.0,517.0,0.0,0.0,0.0,0.0,0.0,277.0,64.0,174.0,0.0,0.0,29.0,0.0,0.0,0.0,602.0,572.0,0.0,0.0,0.0,702.0,0.0,11.0,1449.0,147.0,49.0,0.0,0.0,0.0,0.0,0.0,359.0,0.0,185.0,2.0,139.0,193.0
2021-05-30 04:00:00+00:00,290.0,0.0,191.0,322.0,116.0,532.0,8.0,0.0,0.0,0.0,0.0,174.0,0.0,139.0,0.0,0.0,38.0,0.0,0.0,0.0,602.0,550.0,0.0,0.0,0.0,579.0,0.0,58.0,1467.0,160.0,0.0,0.0,0.0,0.0,3.0,0.0,383.0,0.0,243.0,0.0,141.0,194.0
2021-05-30 05:00:00+00:00,218.0,0.0,262.0,360.0,169.0,555.0,43.0,0.0,0.0,0.0,0.0,159.0,0.0,146.0,0.0,0.0,40.0,0.0,0.0,0.0,602.0,549.0,0.0,0.0,0.0,332.0,0.0,95.0,1464.0,167.0,0.0,0.0,0.0,0.0,38.0,0.0,375.0,0.0,265.0,0.0,132.0,197.0
2021-05-30 06:00:00+00:00,211.0,0.0,229.0,358.0,165.0,574.0,23.0,0.0,0.0,0.0,0.0,326.0,105.0,291.0,0.0,0.0,5.0,0.0,0.0,0.0,602.0,492.0,0.0,0.0,0.0,329.0,0.0,76.0,1466.0,142.0,0.0,0.0,0.0,0.0,0.0,0.0,370.0,0.0,191.0,0.0,114.0,196.0
2021-05-30 07:00:00+00:00,244.0,0.0,258.0,354.0,129.0,605.0,30.0,0.0,0.0,0.0,0.0,417.0,197.0,389.0,0.0,0.0,8.0,0.0,0.0,0.0,602.0,483.0,0.0,0.0,0.0,305.0,0.0,10.0,1463.0,0.0,0.0,0.0,0.0,0.0,0.0,0.0,351.0,0.0,162.0,18.0,81.0,193.0
2021-05-30 08:00:00+00:00,293.0,0.0,422.0,342.0,61.0,605.0,36.0,0.0,0.0,0.0,0.0,540.0,294.0,460.0,0.0,0.0,0.0,0.0,0.0,0.0,602.0,525.0,0.0,2.0,0.0,331.0,0.0,0.0,1460.0,0.0,0.0,0.0,0.0,0.0,0.0,0.0,247.0,0.0,105.0,117.0,43.0,195.0
2021-05-30 09:00:00+00:00,254.0,0.0,442.0,352.0,90.0,633.0,69.0,0.0,0.0,0.0,0.0,599.0,291.0,447.0,0.0,0.0,0.0,0.0,0.0,0.0,599.0,491.0,0.0,4.0,0.0,322.0,0.0,0.0,1327.0,0.0,0.0,0.0,0.0,0.0,0.0,0.0,269.0,0.0,136.0,97.0,48.0,195.0
2021-05-30 10:00:00+00:00,309.0,0.0,518.0,351.0,48.0,643.0,95.0,0.0,0.0,0.0,0.0,716.0,376.0,492.0,2.0,0.0,0.0,0.0,0.0,0.0,469.0,528.0,0.0,16.0,0.0,302.0,0.0,0.0,1320.0,0.0,0.0,0.0,0.0,0.0,0.0,0.0,229.0,0.0,154.0,123.0,8.0,195.0
2021-05-30 11:00:00+00:00,243.0,0.0,496.0,298.0,16.0,631.0,60.0,0.0,0.0,0.0,0.0,755.0,434.0,515.0,13.0,0.0,0.0,0.0,0.0,0.0,550.0,427.0,0.0,28.0,0.0,250.0,0.0,0.0,969.0,0.0,0.0,0.0,0.0,0.0,0.0,0.0,141.0,0.0,31.0,258.0,0.0,194.0
2021-05-30 12:00:00+00:00,297.0,0.0,587.0,225.0,0.0,573.0,0.0,25.0,0.0,0.0,0.0,895.0,569.0,593.0,56.0,0.0,0.0,0.0,0.0,0.0,552.0,426.0,0.0,30.0,0.0,121.0,0.0,0.0,712.0,0.0,3.0,0.0,0.0,123.0,0.0,129.0,15.0,0.0,0.0,462.0,0.0,194.0
2021-05-30 13:00:00+00:00,297.0,0.0,616.0,234.0,0.0,465.0,0.0,14.0,0.0,0.0,0.0,899.0,552.0,560.0,49.0,0.0,0.0,0.0,0.0,0.0,551.0,447.0,0.0,18.0,0.0,151.0,0.0,0.0,700.0,0.0,87.0,0.0,0.0,121.0,0.0,121.0,24.0,0.0,0.0,447.0,0.0,197.0
2021-05-30 14:00:00+00:00,376.0,0.0,530.0,302.0,0.0,477.0,0.0,0.0,0.0,0.0,0.0,894.0,539.0,557.0,3.0,0.0,0.0,0.0,0.0,0.0,511.0,581.0,0.0,0.0,0.0,222.0,0.0,0.0,904.0,0.0,97.0,0.0,0.0,81.0,0.0,63.0,163.0,0.0,0.0,333.0,23.0,196.0
2021-05-30 15:00:00+00:00,321.0,0.0,288.0,303.0,0.0,535.0,0.0,0.0,0.0,0.0,0.0,703.0,399.0,462.0,0.0,0.0,35.0,0.0,0.0,0.0,552.0,545.0,0.0,0.0,0.0,219.0,0.0,0.0,1383.0,0.0,47.0,0.0,0.0,36.0,0.0,14.0,298.0,0.0,13.0,235.0,104.0,196.0
2021-05-30 16:00:00+00:00,183.0,0.0,190.0,353.0,163.0,583.0,0.0,0.0,0.0,0.0,0.0,108.0,0.0,144.0,0.0,0.0,0.0,0.0,0.0,0.0,601.0,418.0,0.0,3.0,0.0,231.0,0.0,37.0,1461.0,0.0,105.0,0.0,0.0,0.0,15.0,0.0,400.0,1.0,151.0,2.0,191.0,196.0
2021-05-30 17:00:00+00:00,92.0,8.0,159.0,316.0,210.0,598.0,0.0,0.0,0.0,0.0,0.0,0.0,0.0,90.0,0.0,0.0,0.0,0.0,0.0,0.0,602.0,269.0,0.0,0.0,0.0,195.0,0.0,56.0,1463.0,0.0,107.0,0.0,0.0,0.0,88.0,0.0,303.0,1.0,106.0,0.0,249.0,196.0
2021-05-30 18:00:00+00:00,119.0,0.0,158.0,348.0,241.0,583.0,0.0,0.0,0.0,0.0,0.0,42.0,0.0,88.0,0.0,0.0,0.0,0.0,0.0,0.0,584.0,282.0,0.0,19.0,0.0,74.0,0.0,15.0,1461.0,0.0,102.0,0.0,0.0,0.0,107.0,0.0,333.0,0.0,38.0,0.0,279.0,195.0
2021-05-30 19:00:00+00:00,122.0,0.0,151.0,294.0,176.0,609.0,0.0,0.0,0.0,0.0,0.0,34.0,0.0,85.0,0.0,0.0,0.0,0.0,0.0,0.0,570.0,246.0,0.0,29.0,0.0,131.0,0.0,0.0,1453.0,0.0,80.0,0.0,0.0,0.0,121.0,2.0,285.0,11.0,18.0,29.0,265.0,197.0
2021-05-30 20:00:00+00:00,175.0,0.0,303.0,322.0,149.0,672.0,0.0,0.0,0.0,0.0,0.0,103.0,0.0,153.0,0.0,0.0,0.0,0.0,0.0,0.0,535.0,367.0,0.0,0.0,0.0,159.0,0.0,3.0,1464.0,0.0,4.0,0.0,0.0,0.0,47.0,25.0,267.0,0.0,29.0,67.0,277.0,194.0
2021-05-30 21:00:00+00:00,170.0,0.0,275.0,374.0,200.0,575.0,192.0,0.0,0.0,0.0,0.0,16.0,0.0,152.0,0.0,0.0,0.0,0.0,0.0,0.0,509.0,456.0,0.0,0.0,0.0,322.0,0.0,0.0,1482.0,0.0,0.0,0.0,0.0,0.0,57.0,9.0,381.0,1.0,9.0,55.0,288.0,195.0
2021-05-30 22:00:00+00:00,192.0,56.0,222.0,346.0,179.0,623.0,134.0,0.0,0.0,0.0,0.0,0.0,0.0,83.0,0.0,0.0,37.0,0.0,0.0,0.0,599.0,453.0,0.0,0.0,0.0,397.0,0.0,26.0,1479.0,0.0,0.0,0.0,0.0,0.0,97.0,0.0,358.0,0.0,114.0,3.0,256.0,196.0
2021-05-30 23:00:00+00:00,196.0,77.0,206.0,337.0,177.0,609.0,134.0,0.0,0.0,0.0,0.0,0.0,0.0,56.0,0.0,0.0,28.0,0.0,0.0,0.0,602.0,499.0,0.0,0.0,0.0,416.0,0.0,88.0,1497.0,0.0,0.0,0.0,0.0,0.0,107.0,0.0,351.0,1.0,178.0,0.0,253.0,196.0
2021-05-31 00:00:00+00:00,201.0,77.0,190.0,311.0,145.0,547.0,269.0,0.0,0.0,0.0,0.0,0.0,0.0,42.0,0.0,0.0,21.0,0.0,0.0,0.0,602.0,506.0,0.0,0.0,0.0,430.0,0.0,80.0,1456.0,0.0,0.0,0.0,0.0,0.0,110.0,0.0,356.0,0.0,178.0,0.0,248.0,195.0
2021-05-31 01:00:00+00:00,178.0,114.0,188.0,282.0,136.0,551.0,281.0,0.0,0.0,0.0,0.0,0.0,0.0,11.0,0.0,0.0,20.0,0.0,0.0,0.0,602.0,448.0,0.0,0.0,0.0,451.0,0.0,84.0,1447.0,0.0,0.0,0.0,7.0,0.0,142.0,0.0,342.0,0.0,200.0,0.0,231.0,195.0
2021-05-31 02:00:00+00:00,174.0,176.0,202.0,292.0,157.0,542.0,280.0,0.0,0.0,0.0,0.0,0.0,0.0,2.0,0.0,0.0,25.0,0.0,0.0,0.0,602.0,426.0,0.0,0.0,0.0,600.0,0.0,59.0,1475.0,0.0,0.0,0.0,32.0,0.0,185.0,0.0,355.0,0.0,174.0,0.0,229.0,195.0
2021-05-31 03:00:00+00:00,129.0,178.0,207.0,296.0,204.0,600.0,0.0,0.0,0.0,0.0,0.0,0.0,0.0,0.0,0.0,0.0,36.0,0.0,0.0,0.0,601.0,420.0,0.0,0.0,0.0,485.0,0.0,42.0,1075.0,0.0,82.0,0.0,48.0,0.0,208.0,0.0,359.0,2.0,128.0,0.0,258.0,194.0
2021-05-31 04:00:00+00:00,130.0,216.0,143.0,238.0,207.0,217.0,252.0,0.0,0.0,0.0,0.0,0.0,0.0,0.0,0.0,0.0,0.0,0.0,0.0,0.0,578.0,302.0,0.0,0.0,0.0,135.0,0.0,76.0,724.0,0.0,0.0,0.0,86.0,0.0,283.0,0.0,314.0,1.0,139.0,0.0,261.0,195.0
2021-05-31 05:00:00+00:00,39.0,264.0,105.0,187.0,193.0,219.0,217.0,0.0,0.0,1.0,0.0,0.0,0.0,0.0,0.0,0.0,0.0,0.0,0.0,0.0,601.0,190.0,0.0,2.0,0.0,89.0,0.0,90.0,676.0,0.0,0.0,0.0,64.0,0.0,324.0,0.0,254.0,2.0,99.0,0.0,310.0,197.0
2021-05-31 06:00:00+00:00,4.0,290.0,85.0,151.0,168.0,181.0,108.0,0.0,0.0,25.0,0.0,0.0,0.0,33.0,0.0,0.0,0.0,0.0,0.0,0.0,602.0,87.0,0.0,24.0,0.0,46.0,0.0,50.0,677.0,0.0,0.0,0.0,5.0,0.0,277.0,0.0,197.0,7.0,61.0,0.0,309.0,197.0
2021-05-31 07:00:00+00:00,1.0,242.0,94.0,197.0,203.0,279.0,168.0,0.0,0.0,47.0,0.0,0.0,0.0,139.0,0.0,0.0,0.0,0.0,0.0,0.0,588.0,135.0,0.0,9.0,0.0,0.0,0.0,32.0,684.0,0.0,0.0,44.0,0.0,0.0,188.0,0.0,229.0,6.0,72.0,0.0,273.0,196.0
2021-05-31 08:00:00+00:00,0.0,208.0,71.0,192.0,173.0,326.0,232.0,0.0,0.0,78.0,0.0,0.0,0.0,239.0,0.0,0.0,0.0,0.0,0.0,0.0,588.0,143.0,0.0,0.0,0.0,29.0,0.0,0.0,684.0,0.0,0.0,0.0,0.0,0.0,73.0,0.0,213.0,5.0,37.0,52.0,222.0,195.0
2021-05-31 09:00:00+00:00,6.0,92.0,95.0,199.0,122.0,365.0,268.0,0.0,0.0,16.0,0.0,0.0,0.0,275.0,0.0,0.0,0.0,0.0,0.0,0.0,587.0,209.0,0.0,1.0,0.0,174.0,0.0,0.0,684.0,0.0,0.0,0.0,0.0,0.0,5.0,13.0,216.0,10.0,5.0,127.0,199.0,193.0
2021-05-31 10:00:00+00:00,0.0,109.0,96.0,198.0,134.0,326.0,240.0,0.0,0.0,64.0,0.0,0.0,0.0,264.0,0.0,0.0,4.0,0.0,0.0,0.0,560.0,193.0,0.0,0.0,0.0,200.0,0.0,0.0,683.0,0.0,0.0,0.0,0.0,0.0,21.0,3.0,218.0,6.0,1.0,85.0,231.0,193.0
2021-05-31 11:00:00+00:00,0.0,17.0,64.0,207.0,159.0,319.0,234.0,0.0,0.0,97.0,0.0,0.0,3.0,256.0,0.0,0.0,0.0,0.0,0.0,0.0,587.0,182.0,0.0,0.0,0.0,221.0,0.0,0.0,684.0,0.0,0.0,0.0,0.0,0.0,0.0,5.0,242.0,10.0,10.0,60.0,244.0,196.0
2021-05-31 12:00:00+00:00,0.0,0.0,31.0,184.0,129.0,597.0,22.0,0.0,0.0,110.0,0.0,28.0,20.0,219.0,0.0,0.0,6.0,0.0,0.0,0.0,602.0,118.0,0.0,0.0,0.0,218.0,0.0,0.0,1163.0,0.0,0.0,0.0,0.0,0.0,0.0,5.0,179.0,26.0,7.0,51.0,244.0,193.0
2021-05-31 13:00:00+00:00,0.0,0.0,26.0,166.0,125.0,657.0,84.0,0.0,0.0,122.0,0.0,26.0,0.0,164.0,0.0,0.0,35.0,0.0,0.0,0.0,602.0,98.0,0.0,0.0,0.0,297.0,0.0,11.0,1465.0,0.0,0.0,0.0,0.0,0.0,18.0,0.0,167.0,47.0,79.0,1.0,227.0,192.0
2021-05-31 14:00:00+00:00,10.0,0.0,72.0,222.0,148.0,652.0,75.0,0.0,0.0,8.0,0.0,36.0,0.0,143.0,0.0,0.0,46.0,0.0,0.0,0.0,602.0,231.0,0.0,0.0,0.0,319.0,0.0,22.0,1486.0,0.0,0.0,0.0,0.0,0.0,35.0,0.0,214.0,10.0,103.0,0.0,236.0,193.0
2021-05-31 15:00:00+00:00,6.0,46.0,58.0,236.0,190.0,610.0,59.0,0.0,0.0,11.0,0.0,0.0,0.0,90.0,0.0,0.0,38.0,0.0,0.0,0.0,588.0,228.0,0.0,0.0,0.0,307.0,0.0,77.0,1182.0,0.0,0.0,0.0,0.0,0.0,95.0,0.0,237.0,11.0,160.0,0.0,248.0,197.0
2021-05-31 16:00:00+00:00,23.0,186.0,38.0,203.0,197.0,318.0,257.0,0.0,0.0,5.0,0.0,0.0,0.0,5.0,0.0,0.0,0.0,0.0,0.0,0.0,602.0,158.0,0.0,2.0,0.0,234.0,0.0,115.0,776.0,0.0,0.0,0.0,30.0,0.0,247.0,0.0,200.0,31.0,144.0,0.0,296.0,196.0
2021-05-31 17:00:00+00:00,0.0,261.0,15.0,189.0,262.0,272.0,216.0,0.0,1.0,88.0,0.0,0.0,0.0,0.0,0.0,0.0,0.0,0.0,0.0,0.0,602.0,23.0,0.0,9.0,0.0,178.0,0.0,153.0,649.0,0.0,0.0,0.0,102.0,0.0,347.0,0.0,138.0,38.0,137.0,0.0,315.0,195.0
2021-05-31 18:00:00+00:00,0.0,286.0,16.0,202.0,278.0,590.0,24.0,0.0,4.0,77.0,0.0,0.0,0.0,0.0,0.0,0.0,0.0,0.0,0.0,0.0,587.0,18.0,0.0,12.0,0.0,152.0,0.0,146.0,1143.0,0.0,0.0,0.0,92.0,0.0,341.0,0.0,140.0,50.0,119.0,0.0,323.0,196.0
2021-05-31 19:00:00+00:00,1.0,295.0,62.0,234.0,312.0,709.0,15.0,0.0,0.0,73.0,0.0,0.0,0.0,0.0,0.0,0.0,0.0,0.0,0.0,0.0,587.0,67.0,0.0,34.0,0.0,274.0,0.0,227.0,1441.0,0.0,0.0,0.0,103.0,0.0,393.0,0.0,152.0,13.0,204.0,0.0,326.0,195.0
2021-05-31 20:00:00+00:00,3.0,134.0,121.0,301.0,311.0,739.0,26.0,0.0,0.0,29.0,0.0,0.0,0.0,0.0,0.0,0.0,0.0,0.0,0.0,0.0,587.0,232.0,0.0,2.0,0.0,365.0,0.0,188.0,1477.0,0.0,0.0,0.0,61.0,0.0,296.0,0.0,203.0,1.0,194.0,0.0,321.0,194.0
2021-05-31 21:00:00+00:00,54.0,74.0,139.0,333.0,262.0,713.0,55.0,0.0,0.0,2.0,0.0,0.0,0.0,23.0,0.0,0.0,0.0,0.0,0.0,0.0,586.0,387.0,0.0,1.0,0.0,505.0,0.0,159.0,1476.0,0.0,0.0,0.0,3.0,0.0,164.0,0.0,270.0,2.0,177.0,0.0,324.0,187.0
2021-05-31 22:00:00+00:00,71.0,154.0,109.0,278.0,205.0,708.0,19.0,0.0,0.0,0.0,0.0,0.0,0.0,5.0,0.0,0.0,0.0,0.0,0.0,0.0,553.0,403.0,0.0,59.0,0.0,529.0,0.0,136.0,1494.0,0.0,0.0,0.0,18.0,0.0,171.0,0.0,275.0,4.0,195.0,0.0,289.0,148.0
2021-05-31 23:00:00+00:00,49.0,241.0,110.0,283.0,234.0,666.0,4.0,0.0,0.0,0.0,0.0,0.0,0.0,0.0,0.0,0.0,0.0,0.0,0.0,0.0,552.0,413.0,0.0,82.0,0.0,557.0,0.0,211.0,1491.0,0.0,0.0,0.0,72.0,0.0,239.0,0.0,291.0,9.0,280.0,0.0,275.0,150.0
2021-06-01 00:00:00+00:00,50.0,277.0,131.0,282.0,241.0,593.0,0.0,0.0,0.0,0.0,0.0,0.0,0.0,0.0,0.0,0.0,0.0,0.0,0.0,0.0,562.0,423.0,0.0,44.0,0.0,624.0,0.0,245.0,1466.0,0.0,38.0,0.0,111.0,0.0,277.0,0.0,288.0,2.0,318.0,0.0,272.0,150.0
2021-06-01 01:00:00+00:00,42.0,293.0,121.0,270.0,238.0,603.0,0.0,0.0,0.0,0.0,0.0,0.0,0.0,0.0,0.0,0.0,0.0,0.0,0.0,0.0,562.0,425.0,0.0,0.0,0.0,625.0,0.0,249.0,1451.0,0.0,25.0,0.0,129.0,0.0,296.0,0.0,282.0,2.0,319.0,0.0,272.0,150.0
2021-06-01 02:00:00+00:00,52.0,241.0,142.0,276.0,231.0,596.0,0.0,0.0,0.0,0.0,0.0,0.0,0.0,0.0,0.0,0.0,0.0,0.0,0.0,,549.0,440.0,0.0,1.0,0.0,613.0,,261.0,1472.0,0.0,37.0,0.0,128.0,0.0,294.0,0.0,300.0,1.0,324.0,0.0,280.0,150.0
2021-06-01 03:00:00+00:00,118.0,252.0,110.0,266.0,185.0,571.0,0.0,0.0,0.0,0.0,0.0,0.0,0.0,0.0,0.0,0.0,0.0,0.0,0.0,0.0,457.0,467.0,0.0,51.0,0.0,696.0,0.0,212.0,1189.0,0.0,79.0,0.0,141.0,0.0,301.0,0.0,281.0,5.0,266.0,0.0,286.0,149.0
2021-06-01 04:00:00+00:00,125.0,348.0,78.0,226.0,203.0,206.0,222.0,0.0,0.0,0.0,0.0,0.0,0.0,0.0,0.0,0.0,0.0,0.0,0.0,0.0,534.0,330.0,0.0,52.0,0.0,498.0,0.0,358.0,753.0,0.0,0.0,0.0,234.0,0.0,469.0,0.0,248.0,7.0,377.0,0.0,311.0,150.0
2021-06-01 05:00:00+00:00,4.0,529.0,54.0,174.0,237.0,127.0,110.0,0.0,0.0,49.0,0.0,0.0,0.0,0.0,0.0,0.0,0.0,0.0,0.0,0.0,562.0,103.0,0.0,1.0,0.0,309.0,0.0,362.0,693.0,0.0,0.0,0.0,202.0,0.0,521.0,0.0,165.0,10.0,406.0,0.0,277.0,149.0
2021-06-01 06:00:00+00:00,0.0,648.0,30.0,170.0,265.0,107.0,24.0,0.0,1.0,69.0,0.0,0.0,0.0,0.0,0.0,0.0,0.0,0.0,0.0,0.0,242.0,32.0,0.0,1.0,0.0,176.0,0.0,377.0,693.0,0.0,0.0,0.0,158.0,0.0,522.0,0.0,171.0,22.0,483.0,0.0,224.0,149.0
2021-06-01 07:00:00+00:00,0.0,637.0,51.0,179.0,282.0,194.0,54.0,0.0,3.0,59.0,0.0,0.0,0.0,0.0,0.0,0.0,4.0,0.0,0.0,0.0,1.0,35.0,0.0,0.0,0.0,130.0,0.0,384.0,693.0,0.0,0.0,0.0,101.0,0.0,472.0,0.0,192.0,28.0,535.0,0.0,171.0,149.0
2021-06-01 08:00:00+00:00,31.0,513.0,75.0,228.0,231.0,161.0,51.0,0.0,0.0,3.0,0.0,0.0,0.0,57.0,0.0,0.0,0.0,0.0,0.0,0.0,0.0,189.0,0.0,1.0,0.0,214.0,0.0,229.0,693.0,0.0,0.0,0.0,1.0,0.0,270.0,0.0,251.0,10.0,392.0,0.0,152.0,148.0
2021-06-01 09:00:00+00:00,76.0,437.0,133.0,264.0,222.0,205.0,91.0,0.0,0.0,0.0,0.0,0.0,0.0,63.0,0.0,0.0,39.0,0.0,0.0,0.0,0.0,274.0,0.0,0.0,0.0,290.0,0.0,228.0,692.0,0.0,0.0,0.0,0.0,0.0,239.0,0.0,302.0,2.0,342.0,0.0,131.0,147.0
2021-06-01 10:00:00+00:00,19.0,509.0,152.0,275.0,255.0,216.0,101.0,0.0,0.0,5.0,0.0,0.0,0.0,49.0,0.0,0.0,40.0,0.0,0.0,0.0,0.0,247.0,0.0,0.0,0.0,345.0,0.0,298.0,692.0,0.0,0.0,0.0,0.0,0.0,287.0,0.0,301.0,0.0,371.0,0.0,173.0,150.0
2021-06-01 11:00:00+00:00,1.0,513.0,190.0,295.0,295.0,305.0,188.0,0.0,0.0,20.0,0.0,0.0,0.0,23.0,0.0,0.0,42.0,0.0,0.0,0.0,0.0,243.0,0.0,0.0,0.0,379.0,0.0,360.0,692.0,0.0,0.0,0.0,0.0,0.0,306.0,0.0,325.0,0.0,391.0,0.0,195.0,147.0
2021-06-01 12:00:00+00:00,0.0,510.0,173.0,286.0,288.0,358.0,207.0,0.0,0.0,53.0,0.0,0.0,0.0,34.0,0.0,0.0,43.0,0.0,0.0,0.0,0.0,196.0,0.0,0.0,0.0,364.0,0.0,361.0,693.0,0.0,0.0,0.0,1.0,0.0,293.0,0.0,323.0,0.0,379.0,0.0,202.0,146.0
2021-06-01 13:00:00+00:00,0.0,558.0,185.0,292.0,318.0,568.0,54.0,0.0,0.0,70.0,0.0,0.0,0.0,5.0,0.0,0.0,44.0,0.0,0.0,0.0,0.0,207.0,0.0,0.0,0.0,386.0,0.0,386.0,1190.0,0.0,0.0,0.0,8.0,0.0,341.0,0.0,308.0,0.0,389.0,0.0,209.0,149.0
2021-06-01 14:00:00+00:00,1.0,527.0,183.0,322.0,333.0,673.0,28.0,0.0,0.0,23.0,0.0,0.0,0.0,1.0,0.0,0.0,0.0,0.0,0.0,0.0,0.0,269.0,0.0,1.0,0.0,405.0,0.0,389.0,1450.0,0.0,0.0,0.0,29.0,0.0,340.0,0.0,337.0,2.0,385.0,0.0,222.0,150.0
2021-06-01 15:00:00+00:00,2.0,632.0,148.0,297.0,355.0,630.0,6.0,0.0,0.0,22.0,0.0,0.0,0.0,0.0,0.0,0.0,0.0,0.0,0.0,0.0,0.0,210.0,0.0,2.0,0.0,398.0,0.0,460.0,1188.0,0.0,0.0,0.0,126.0,0.0,434.0,0.0,317.0,0.0,427.0,0.0,274.0,148.0
2021-06-01 16:00:00+00:00,7.0,701.0,116.0,283.0,377.0,297.0,152.0,0.0,0.0,33.0,0.0,0.0,0.0,0.0,0.0,0.0,0.0,0.0,0.0,0.0,0.0,162.0,0.0,23.0,0.0,361.0,0.0,472.0,775.0,0.0,0.0,0.0,223.0,0.0,554.0,0.0,289.0,8.0,439.0,0.0,355.0,146.0
2021-06-01 17:00:00+00:00,2.0,710.0,81.0,275.0,387.0,288.0,161.0,0.0,0.0,34.0,0.0,0.0,0.0,0.0,0.0,0.0,0.0,0.0,0.0,0.0,102.0,125.0,0.0,14.0,0.0,349.0,0.0,458.0,659.0,0.0,0.0,0.0,269.0,0.0,594.0,0.0,219.0,9.0,376.0,0.0,377.0,150.0
2021-06-01 18:00:00+00:00,0.0,660.0,62.0,284.0,412.0,602.0,0.0,0.0,0.0,84.0,0.0,0.0,0.0,0.0,0.0,0.0,0.0,0.0,0.0,0.0,252.0,127.0,0.0,13.0,0.0,338.0,0.0,411.0,1162.0,0.0,24.0,0.0,235.0,0.0,558.0,0.0,241.0,13.0,314.0,0.0,392.0,150.0
2021-06-01 19:00:00+00:00,0.0,679.0,81.0,290.0,395.0,702.0,0.0,0.0,0.0,36.0,0.0,0.0,0.0,0.0,0.0,0.0,0.0,0.0,0.0,0.0,252.0,194.0,0.0,33.0,0.0,418.0,0.0,426.0,1471.0,0.0,28.0,0.0,216.0,0.0,555.0,0.0,231.0,5.0,338.0,0.0,387.0,154.0
2021-06-01 20:00:00+00:00,22.0,659.0,91.0,334.0,400.0,702.0,0.0,0.0,0.0,12.0,0.0,0.0,0.0,0.0,0.0,0.0,0.0,0.0,0.0,0.0,252.0,289.0,0.0,61.0,0.0,489.0,0.0,389.0,1468.0,0.0,11.0,0.0,157.0,0.0,471.0,0.0,250.0,7.0,335.0,0.0,376.0,149.0
2021-06-01 21:00:00+00:00,33.0,532.0,177.0,356.0,368.0,704.0,0.0,0.0,0.0,3.0,0.0,0.0,0.0,0.0,0.0,0.0,0.0,0.0,0.0,0.0,252.0,378.0,0.0,16.0,0.0,524.0,0.0,327.0,1475.0,0.0,31.0,0.0,77.0,0.0,347.0,0.0,304.0,1.0,314.0,0.0,359.0,149.0
2021-06-01 22:00:00+00:00,87.0,517.0,206.0,393.0,352.0,681.0,0.0,0.0,0.0,4.0,0.0,0.0,0.0,0.0,0.0,0.0,0.0,0.0,0.0,0.0,252.0,473.0,0.0,47.0,0.0,518.0,0.0,251.0,1475.0,0.0,80.0,0.0,60.0,0.0,288.0,0.0,364.0,1.0,255.0,0.0,331.0,151.0
2021-06-01 23:00:00+00:00,114.0,537.0,166.0,354.0,303.0,692.0,0.0,0.0,0.0,0.0,0.0,0.0,0.0,0.0,0.0,0.0,0.0,0.0,0.0,0.0,252.0,481.0,0.0,24.0,0.0,609.0,0.0,288.0,1472.0,0.0,48.0,0.0,98.0,0.0,323.0,0.0,345.0,1.0,302.0,0.0,312.0,150.0
2021-06-02 00:00:00+00:00,105.0,593.0,155.0,332.0,290.0,675.0,0.0,0.0,0.0,0.0,0.0,0.0,0.0,0.0,0.0,0.0,0.0,0.0,0.0,0.0,252.0,448.0,0.0,46.0,0.0,690.0,0.0,296.0,1482.0,0.0,78.0,0.0,136.0,0.0,367.0,0.0,330.0,0.0,321.0,0.0,309.0,150.0
2021-06-02 01:00:00+00:00,104.0,577.0,156.0,321.0,286.0,686.0,0.0,0.0,0.0,0.0,0.0,0.0,0.0,0.0,0.0,0.0,0.0,0.0,0.0,0.0,252.0,442.0,0.0,0.0,0.0,715.0,0.0,316.0,1487.0,0.0,59.0,0.0,174.0,0.0,394.0,0.0,325.0,2.0,364.0,0.0,284.0,150.0
2021-06-02 02:00:00+00:00,99.0,603.0,153.0,333.0,301.0,636.0,0.0,0.0,0.0,0.0,0.0,0.0,0.0,0.0,0.0,0.0,0.0,0.0,0.0,0.0,252.0,444.0,0.0,2.0,0.0,754.0,0.0,265.0,1465.0,0.0,126.0,0.0,178.0,0.0,404.0,0.0,341.0,2.0,299.0,0.0,299.0,152.0
2021-06-02 03:00:00+00:00,113.0,490.0,169.0,335.0,295.0,605.0,0.0,0.0,0.0,0.0,0.0,0.0,0.0,0.0,0.0,0.0,0.0,0.0,0.0,0.0,247.0,457.0,0.0,0.0,0.0,568.0,0.0,274.0,1176.0,0.0,42.0,0.0,158.0,0.0,353.0,0.0,340.0,0.0,302.0,0.0,291.0,152.0
2021-06-02 04:00:00+00:00,222.0,550.0,125.0,297.0,260.0,201.0,156.0,0.0,0.0,0.0,0.0,0.0,0.0,0.0,0.0,0.0,41.0,0.0,0.0,0.0,103.0,437.0,0.0,0.0,0.0,357.0,0.0,384.0,762.0,0.0,0.0,0.0,223.0,0.0,465.0,0.0,343.0,2.0,380.0,0.0,312.0,150.0
2021-06-02 05:00:00+00:00,105.0,514.0,116.0,47.0,333.0,132.0,33.0,0.0,0.0,0.0,0.0,0.0,0.0,0.0,0.0,0.0,1.0,0.0,0.0,0.0,202.0,155.0,0.0,0.0,0.0,296.0,0.0,398.0,693.0,0.0,0.0,0.0,195.0,0.0,469.0,0.0,281.0,2.0,446.0,0.0,267.0,149.0
2021-06-02 06:00:00+00:00,41.0,511.0,86.0,25.0,370.0,133.0,0.0,0.0,0.0,0.0,0.0,0.0,0.0,0.0,0.0,0.0,0.0,0.0,0.0,0.0,204.0,99.0,0.0,1.0,0.0,248.0,0.0,350.0,693.0,0.0,17.0,0.0,196.0,0.0,392.0,0.0,281.0,4.0,490.0,0.0,175.0,150.0
2021-06-02 07:00:00+00:00,98.0,520.0,124.0,26.0,383.0,204.0,25.0,0.0,0.0,0.0,0.0,0.0,0.0,0.0,0.0,0.0,0.0,0.0,0.0,0.0,1.0,122.0,0.0,1.0,0.0,310.0,0.0,351.0,692.0,0.0,0.0,0.0,137.0,0.0,347.0,0.0,305.0,2.0,541.0,0.0,140.0,150.0
2021-06-02 08:00:00+00:00,185.0,444.0,226.0,32.0,361.0,210.0,28.0,0.0,0.0,0.0,0.0,0.0,0.0,31.0,0.0,0.0,0.0,0.0,0.0,0.0,0.0,263.0,0.0,1.0,0.0,401.0,0.0,190.0,693.0,0.0,0.0,0.0,1.0,0.0,160.0,0.0,386.0,0.0,372.0,0.0,131.0,150.0
2021-06-02 09:00:00+00:00,204.0,339.0,266.0,35.0,341.0,164.0,0.0,0.0,0.0,0.0,0.0,0.0,0.0,118.0,0.0,0.0,0.0,0.0,0.0,0.0,0.0,354.0,0.0,5.0,0.0,410.0,0.0,122.0,693.0,0.0,13.0,0.0,0.0,0.0,78.0,0.0,454.0,0.0,260.0,0.0,173.0,150.0
2021-06-02 10:00:00+00:00,192.0,359.0,298.0,34.0,342.0,190.0,33.0,0.0,0.0,0.0,0.0,0.0,0.0,86.0,0.0,0.0,37.0,0.0,0.0,0.0,0.0,347.0,0.0,0.0,0.0,439.0,0.0,156.0,693.0,0.0,0.0,0.0,0.0,0.0,107.0,0.0,466.0,0.0,247.0,0.0,151.0,149.0
2021-06-02 11:00:00+00:00,143.0,316.0,246.0,33.0,343.0,231.0,65.0,0.0,0.0,0.0,0.0,0.0,0.0,18.0,0.0,0.0,28.0,0.0,0.0,0.0,0.0,285.0,0.0,0.0,0.0,446.0,0.0,221.0,693.0,0.0,0.0,0.0,3.0,0.0,152.0,0.0,420.0,0.0,303.0,0.0,149.0,150.0
2021-06-02 12:00:00+00:00,124.0,259.0,213.0,31.0,321.0,272.0,98.0,0.0,0.0,0.0,0.0,0.0,0.0,5.0,0.0,0.0,18.0,0.0,0.0,0.0,0.0,262.0,0.0,0.0,0.0,473.0,0.0,240.0,692.0,0.0,0.0,0.0,10.0,0.0,170.0,0.0,374.0,0.0,295.0,0.0,169.0,150.0
2021-06-02 13:00:00+00:00,135.0,277.0,243.0,32.0,346.0,572.0,0.0,0.0,0.0,0.0,0.0,0.0,0.0,41.0,0.0,0.0,31.0,0.0,0.0,0.0,0.0,292.0,0.0,0.0,0.0,474.0,0.0,332.0,1189.0,0.0,76.0,0.0,0.0,0.0,217.0,0.0,385.0,0.0,329.0,0.0,226.0,151.0
2021-06-02 14:00:00+00:00,173.0,266.0,303.0,37.0,383.0,548.0,0.0,0.0,0.0,0.0,0.0,0.0,0.0,14.0,0.0,0.0,55.0,0.0,0.0,0.0,0.0,342.0,0.0,0.0,0.0,452.0,0.0,308.0,1461.0,0.0,113.0,0.0,15.0,0.0,237.0,0.0,434.0,0.0,317.0,0.0,226.0,151.0
2021-06-02 15:00:00+00:00,170.0,301.0,257.0,341.0,280.0,518.0,0.0,0.0,0.0,0.0,0.0,0.0,0.0,0.0,0.0,0.0,41.0,0.0,0.0,0.0,0.0,493.0,0.0,0.0,0.0,423.0,0.0,336.0,1159.0,0.0,127.0,0.0,106.0,0.0,299.0,0.0,399.0,0.0,347.0,0.0,221.0,150.0
2021-06-02 16:00:00+00:00,105.0,508.0,204.0,298.0,294.0,211.0,78.0,0.0,0.0,0.0,0.0,0.0,0.0,0.0,0.0,0.0,0.0,0.0,0.0,0.0,16.0,331.0,0.0,2.0,0.0,381.0,0.0,406.0,774.0,0.0,0.0,0.0,247.0,0.0,495.0,0.0,342.0,1.0,376.0,0.0,315.0,150.0
2021-06-02 17:00:00+00:00,31.0,563.0,172.0,292.0,339.0,226.0,99.0,0.0,0.0,2.0,0.0,0.0,0.0,0.0,0.0,0.0,0.0,0.0,0.0,0.0,237.0,245.0,0.0,3.0,0.0,335.0,0.0,422.0,669.0,0.0,0.0,0.0,264.0,0.0,519.0,0.0,292.0,1.0,359.0,0.0,335.0,149.0
2021-06-02 18:00:00+00:00,32.0,509.0,163.0,315.0,347.0,559.0,0.0,0.0,0.0,1.0,0.0,0.0,0.0,0.0,0.0,0.0,0.0,0.0,0.0,0.0,252.0,256.0,0.0,15.0,0.0,282.0,0.0,374.0,1172.0,0.0,76.0,0.0,211.0,0.0,463.0,0.0,340.0,2.0,313.0,0.0,345.0,151.0
2021-06-02 19:00:00+00:00,11.0,613.0,192.0,325.0,377.0,681.0,0.0,0.0,0.0,9.0,0.0,0.0,0.0,0.0,0.0,0.0,0.0,0.0,0.0,0.0,252.0,256.0,0.0,32.0,0.0,320.0,0.0,367.0,1463.0,0.0,51.0,0.0,184.0,0.0,487.0,0.0,336.0,0.0,282.0,0.0,373.0,150.0
2021-06-02 20:00:00+00:00,40.0,530.0,242.0,392.0,379.0,704.0,0.0,0.0,0.0,3.0,0.0,0.0,0.0,0.0,0.0,0.0,0.0,0.0,0.0,0.0,252.0,398.0,0.0,46.0,0.0,417.0,0.0,347.0,1470.0,0.0,34.0,0.0,110.0,0.0,373.0,0.0,382.0,0.0,288.0,0.0,357.0,149.0
2021-06-02 21:00:00+00:00,116.0,356.0,338.0,421.0,321.0,668.0,0.0,0.0,0.0,0.0,0.0,0.0,0.0,8.0,0.0,0.0,0.0,0.0,0.0,0.0,252.0,536.0,0.0,2.0,0.0,476.0,0.0,216.0,1477.0,0.0,15.0,0.0,10.0,0.0,218.0,0.0,434.0,0.0,180.0,0.0,363.0,150.0
2021-06-02 22:00:00+00:00,101.0,364.0,267.0,416.0,332.0,688.0,3.0,0.0,0.0,0.0,0.0,0.0,0.0,17.0,0.0,0.0,0.0,0.0,0.0,0.0,252.0,522.0,0.0,1.0,0.0,443.0,0.0,85.0,1482.0,0.0,0.0,0.0,6.0,0.0,132.0,0.0,458.0,1.0,130.0,0.0,299.0,150.0
2021-06-02 23:00:00+00:00,81.0,430.0,290.0,410.0,332.0,697.0,9.0,0.0,0.0,0.0,0.0,0.0,0.0,0.0,0.0,0.0,1.0,0.0,0.0,0.0,252.0,535.0,0.0,0.0,0.0,570.0,0.0,233.0,1473.0,0.0,0.0,0.0,48.0,0.0,237.0,0.0,436.0,0.0,267.0,0.0,308.0,150.0
2021-06-03 00:00:00+00:00,86.0,456.0,295.0,403.0,315.0,681.0,0.0,0.0,0.0,0.0,0.0,0.0,0.0,0.0,0.0,0.0,0.0,0.0,0.0,0.0,252.0,557.0,0.0,48.0,0.0,635.0,0.0,225.0,1489.0,0.0,11.0,0.0,64.0,0.0,245.0,0.0,429.0,0.0,276.0,0.0,291.0,150.0
2021-06-03 01:00:00+00:00,94.0,457.0,299.0,399.0,311.0,663.0,0.0,0.0,0.0,0.0,0.0,0.0,0.0,0.0,0.0,0.0,0.0,0.0,0.0,0.0,252.0,564.0,0.0,3.0,0.0,639.0,0.0,220.0,1487.0,0.0,22.0,0.0,84.0,0.0,261.0,0.0,420.0,0.0,268.0,0.0,295.0,151.0
2021-06-03 02:00:00+00:00,102.0,459.0,270.0,393.0,297.0,652.0,0.0,0.0,0.0,0.0,0.0,0.0,0.0,0.0,0.0,0.0,0.0,0.0,0.0,0.0,252.0,571.0,0.0,48.0,0.0,676.0,0.0,183.0,1478.0,0.0,51.0,0.0,88.0,0.0,263.0,0.0,436.0,0.0,219.0,0.0,305.0,150.0
2021-06-03 03:00:00+00:00,109.0,401.0,253.0,377.0,268.0,467.0,0.0,0.0,0.0,0.0,0.0,0.0,0.0,0.0,0.0,0.0,0.0,0.0,0.0,0.0,252.0,565.0,0.0,2.0,0.0,631.0,0.0,153.0,1178.0,0.0,120.0,0.0,113.0,0.0,258.0,0.0,403.0,0.0,220.0,0.0,280.0,151.0
2021-06-03 04:00:00+00:00,175.0,402.0,237.0,371.0,257.0,64.0,0.0,0.0,0.0,0.0,0.0,0.0,0.0,0.0,0.0,0.0,0.0,0.0,0.0,0.0,252.0,570.0,0.0,50.0,0.0,585.0,0.0,157.0,761.0,0.0,5.0,0.0,116.0,0.0,297.0,0.0,397.0,0.0,202.0,0.0,299.0,150.0
2021-06-03 05:00:00+00:00,177.0,432.0,274.0,99.0,342.0,20.0,0.0,0.0,0.0,0.0,0.0,0.0,0.0,0.0,0.0,0.0,0.0,0.0,0.0,0.0,252.0,343.0,0.0,50.0,0.0,453.0,0.0,118.0,692.0,0.0,61.0,0.0,79.0,0.0,288.0,0.0,385.0,0.0,140.0,0.0,307.0,150.0
2021-06-03 06:00:00+00:00,151.0,431.0,226.0,30.0,366.0,13.0,0.0,0.0,0.0,0.0,0.0,0.0,0.0,0.0,0.0,0.0,0.0,0.0,0.0,0.0,252.0,251.0,0.0,53.0,0.0,413.0,0.0,58.0,692.0,0.0,122.0,0.0,52.0,0.0,205.0,0.0,403.0,0.0,153.0,0.0,252.0,150.0
2021-06-03 07:00:00+00:00,136.0,425.0,246.0,31.0,354.0,0.0,0.0,0.0,0.0,0.0,0.0,0.0,0.0,6.0,0.0,0.0,0.0,9.0,0.0,0.0,252.0,237.0,0.0,2.0,0.0,466.0,0.0,96.0,692.0,0.0,186.0,0.0,21.0,0.0,188.0,0.0,377.0,0.0,229.0,0.0,212.0,150.0
2021-06-03 08:00:00+00:00,88.0,361.0,214.0,34.0,340.0,0.0,0.0,0.0,0.0,0.0,0.0,0.0,0.0,71.0,0.0,0.0,29.0,36.0,0.0,0.0,252.0,255.0,0.0,0.0,0.0,512.0,0.0,57.0,692.0,0.0,210.0,0.0,0.0,0.0,101.0,0.0,412.0,0.0,215.0,0.0,181.0,150.0
2021-06-03 09:00:00+00:00,133.0,297.0,263.0,37.0,344.0,150.0,0.0,0.0,0.0,0.0,0.0,0.0,0.0,96.0,0.0,0.0,18.0,0.0,0.0,0.0,252.0,342.0,0.0,0.0,0.0,490.0,0.0,45.0,691.0,0.0,99.0,0.0,0.0,0.0,63.0,0.0,467.0,0.0,176.0,0.0,140.0,150.0
2021-06-03 10:00:00+00:00,156.0,161.0,316.0,33.0,293.0,151.0,0.0,0.0,0.0,0.0,0.0,0.0,0.0,105.0,0.0,0.0,21.0,0.0,0.0,0.0,252.0,355.0,0.0,0.0,0.0,406.0,0.0,17.0,692.0,0.0,30.0,0.0,0.0,0.0,4.0,0.0,418.0,0.0,159.0,0.0,112.0,151.0
2021-06-03 11:00:00+00:00,98.0,171.0,262.0,32.0,316.0,76.0,0.0,0.0,0.0,0.0,0.0,0.0,0.0,68.0,0.0,0.0,10.0,0.0,0.0,0.0,252.0,274.0,0.0,0.0,0.0,466.0,0.0,62.0,692.0,0.0,76.0,0.0,0.0,0.0,48.0,0.0,407.0,0.0,174.0,0.0,129.0,152.0
2021-06-03 12:00:00+00:00,72.0,189.0,210.0,33.0,314.0,103.0,0.0,0.0,0.0,0.0,0.0,0.0,0.0,47.0,0.0,0.0,23.0,0.0,0.0,0.0,252.0,225.0,0.0,0.0,0.0,507.0,0.0,76.0,691.0,0.0,87.0,0.0,0.0,0.0,75.0,0.0,366.0,0.0,146.0,0.0,162.0,149.0
2021-06-03 13:00:00+00:00,111.0,166.0,252.0,33.0,308.0,431.0,26.0,0.0,0.0,0.0,0.0,0.0,0.0,80.0,0.0,0.0,22.0,0.0,0.0,0.0,252.0,268.0,0.0,0.0,0.0,515.0,0.0,86.0,1189.0,0.0,0.0,0.0,1.0,0.0,91.0,0.0,398.0,0.0,134.0,0.0,182.0,151.0
2021-06-03 14:00:00+00:00,152.0,142.0,277.0,33.0,303.0,400.0,0.0,0.0,0.0,0.0,0.0,0.0,0.0,94.0,0.0,0.0,37.0,0.0,0.0,0.0,252.0,313.0,0.0,0.0,0.0,483.0,0.0,81.0,1449.0,0.0,8.0,0.0,0.0,0.0,92.0,0.0,421.0,0.0,145.0,0.0,225.0,150.0
2021-06-03 15:00:00+00:00,161.0,248.0,258.0,32.0,309.0,395.0,0.0,0.0,0.0,0.0,0.0,0.0,0.0,24.0,0.0,0.0,0.0,0.0,0.0,0.0,252.0,291.0,0.0,1.0,0.0,462.0,0.0,97.0,1191.0,0.0,12.0,0.0,3.0,0.0,176.0,0.0,406.0,0.0,123.0,0.0,278.0,150.0
2021-06-03 16:00:00+00:00,76.0,438.0,190.0,23.0,290.0,135.0,16.0,0.0,0.0,0.0,0.0,0.0,0.0,0.0,0.0,0.0,0.0,0.0,0.0,0.0,252.0,203.0,0.0,2.0,0.0,448.0,0.0,106.0,764.0,0.0,0.0,0.0,96.0,0.0,321.0,0.0,341.0,0.0,99.0,0.0,349.0,148.0
2021-06-03 17:00:00+00:00,5.0,527.0,53.0,188.0,236.0,102.0,0.0,0.0,0.0,25.0,0.0,0.0,0.0,0.0,0.0,0.0,0.0,0.0,0.0,0.0,252.0,169.0,0.0,17.0,0.0,325.0,0.0,169.0,693.0,0.0,31.0,0.0,199.0,0.0,419.0,0.0,190.0,14.0,134.0,0.0,351.0,150.0
2021-06-03 18:00:00+00:00,8.0,464.0,54.0,244.0,247.0,435.0,0.0,0.0,0.0,12.0,0.0,0.0,0.0,0.0,0.0,0.0,0.0,0.0,0.0,0.0,252.0,216.0,0.0,13.0,0.0,220.0,0.0,133.0,1176.0,0.0,124.0,0.0,134.0,0.0,355.0,0.0,217.0,9.0,51.0,0.0,395.0,151.0
2021-06-03 19:00:00+00:00,1.0,564.0,73.0,257.0,281.0,498.0,0.0,0.0,0.0,34.0,0.0,0.0,0.0,0.0,0.0,0.0,0.0,0.0,0.0,0.0,252.0,209.0,0.0,29.0,0.0,320.0,0.0,211.0,1464.0,0.0,74.0,0.0,131.0,0.0,413.0,0.0,225.0,5.0,111.0,0.0,417.0,151.0
2021-06-03 20:00:00+00:00,3.0,578.0,72.0,278.0,314.0,612.0,41.0,0.0,0.0,50.0,0.0,0.0,0.0,0.0,0.0,0.0,0.0,0.0,0.0,0.0,252.0,226.0,0.0,50.0,0.0,429.0,0.0,189.0,1489.0,0.0,0.0,0.0,135.0,0.0,409.0,0.0,244.0,12.0,97.0,0.0,435.0,147.0
2021-06-03 21:00:00+00:00,66.0,282.0,200.0,381.0,283.0,652.0,65.0,0.0,0.0,1.0,0.0,0.0,0.0,1.0,0.0,0.0,0.0,0.0,0.0,0.0,252.0,461.0,0.0,1.0,0.0,475.0,0.0,165.0,1474.0,0.0,0.0,0.0,33.0,0.0,232.0,0.0,369.0,1.0,91.0,0.0,418.0,151.0
2021-06-03 22:00:00+00:00,65.0,329.0,152.0,337.0,273.0,549.0,70.0,0.0,0.0,1.0,0.0,0.0,0.0,0.0,0.0,0.0,0.0,0.0,0.0,0.0,252.0,413.0,0.0,2.0,0.0,420.0,0.0,205.0,1480.0,0.0,0.0,0.0,48.0,0.0,239.0,0.0,312.0,2.0,123.0,0.0,405.0,151.0
2021-06-03 23:00:00+00:00,96.0,348.0,145.0,312.0,236.0,557.0,71.0,0.0,0.0,0.0,0.0,0.0,0.0,0.0,0.0,0.0,0.0,0.0,0.0,0.0,252.0,418.0,0.0,40.0,0.0,545.0,0.0,239.0,1486.0,0.0,0.0,0.0,111.0,0.0,285.0,0.0,316.0,1.0,189.0,0.0,383.0,153.0
2021-06-04 00:00:00+00:00,72.0,445.0,152.0,295.0,241.0,525.0,35.0,0.0,0.0,0.0,0.0,0.0,0.0,0.0,0.0,0.0,0.0,0.0,0.0,0.0,252.0,392.0,0.0,2.0,0.0,608.0,0.0,248.0,1490.0,0.0,0.0,0.0,140.0,0.0,315.0,0.0,310.0,2.0,210.0,0.0,371.0,153.0
2021-06-04 01:00:00+00:00,26.0,454.0,120.0,270.0,248.0,519.0,34.0,0.0,0.0,1.0,0.0,0.0,0.0,0.0,0.0,0.0,0.0,0.0,0.0,0.0,252.0,340.0,0.0,0.0,0.0,547.0,0.0,249.0,1485.0,0.0,0.0,0.0,148.0,0.0,314.0,0.0,290.0,1.0,217.0,0.0,365.0,152.0
2021-06-04 02:00:00+00:00,18.0,444.0,110.0,279.0,258.0,502.0,0.0,0.0,0.0,4.0,0.0,0.0,0.0,0.0,0.0,0.0,0.0,0.0,0.0,0.0,252.0,327.0,0.0,2.0,0.0,462.0,0.0,253.0,1470.0,0.0,33.0,0.0,139.0,0.0,305.0,0.0,296.0,5.0,208.0,0.0,353.0,153.0
2021-06-04 03:00:00+00:00,67.0,311.0,102.0,270.0,208.0,493.0,0.0,0.0,0.0,0.0,0.0,0.0,0.0,0.0,0.0,0.0,0.0,0.0,0.0,0.0,252.0,372.0,0.0,2.0,0.0,449.0,0.0,219.0,1175.0,0.0,6.0,0.0,123.0,0.0,262.0,0.0,241.0,6.0,129.0,0.0,377.0,151.0
2021-06-04 04:00:00+00:00,83.0,386.0,44.0,168.0,132.0,255.0,174.0,0.0,0.0,0.0,0.0,0.0,0.0,0.0,0.0,0.0,0.0,0.0,0.0,0.0,252.0,230.0,0.0,5.0,0.0,327.0,0.0,196.0,753.0,0.0,0.0,0.0,201.0,0.0,346.0,0.0,174.0,27.0,134.0,0.0,351.0,152.0
2021-06-04 05:00:00+00:00,2.0,450.0,7.0,72.0,154.0,164.0,32.0,1.0,46.0,70.0,0.0,0.0,0.0,0.0,0.0,0.0,0.0,0.0,0.0,0.0,252.0,6.0,15.0,25.0,0.0,189.0,0.0,170.0,693.0,0.0,0.0,0.0,243.0,0.0,410.0,0.0,66.0,91.0,119.0,0.0,340.0,153.0
2021-06-04 06:00:00+00:00,0.0,436.0,2.0,72.0,182.0,156.0,0.0,6.0,102.0,130.0,0.0,0.0,0.0,0.0,0.0,0.0,0.0,0.0,0.0,0.0,252.0,0.0,18.0,53.0,0.0,180.0,0.0,228.0,692.0,0.0,31.0,0.0,261.0,0.0,375.0,0.0,36.0,114.0,273.0,0.0,266.0,153.0
2021-06-04 07:00:00+00:00,0.0,489.0,2.0,72.0,185.0,191.0,0.0,8.0,107.0,143.0,0.0,0.0,0.0,0.0,0.0,0.0,0.0,0.0,0.0,0.0,247.0,0.0,18.0,6.0,0.0,277.0,0.0,,691.0,0.0,37.0,0.0,240.0,0.0,384.0,0.0,27.0,109.0,333.0,,243.0,153.0
2021-06-04 08:00:00+00:00,0.0,564.0,6.0,117.0,215.0,156.0,0.0,1.0,37.0,117.0,0.0,0.0,0.0,0.0,0.0,0.0,0.0,0.0,0.0,0.0,106.0,1.0,18.0,4.0,0.0,392.0,0.0,,691.0,0.0,60.0,0.0,198.0,0.0,368.0,0.0,70.0,78.0,341.0,,241.0,153.0
2021-06-04 09:00:00+00:00,0.0,520.0,15.0,186.0,261.0,109.0,0.0,0.0,0.0,62.0,0.0,0.0,0.0,0.0,0.0,0.0,0.0,0.0,0.0,0.0,101.0,85.0,17.0,3.0,0.0,439.0,0.0,,691.0,0.0,103.0,0.0,164.0,0.0,340.0,0.0,161.0,51.0,365.0,,233.0,153.0
2021-06-04 10:00:00+00:00,0.0,436.0,17.0,186.0,239.0,144.0,0.0,0.0,0.0,47.0,0.0,0.0,0.0,0.0,0.0,0.0,0.0,0.0,0.0,0.0,105.0,111.0,18.0,3.0,0.0,379.0,0.0,,692.0,0.0,85.0,0.0,108.0,0.0,264.0,0.0,150.0,49.0,341.0,,215.0,153.0
2021-06-04 11:00:00+00:00,0.0,314.0,29.0,200.0,247.0,171.0,0.0,0.0,0.0,106.0,0.0,0.0,0.0,0.0,0.0,0.0,0.0,0.0,0.0,0.0,247.0,118.0,17.0,1.0,0.0,386.0,0.0,,691.0,0.0,26.0,0.0,66.0,0.0,205.0,0.0,172.0,26.0,393.0,,190.0,153.0
2021-06-04 12:00:00+00:00,0.0,254.0,25.0,202.0,213.0,225.0,14.0,0.0,0.0,82.0,0.0,0.0,0.0,0.0,0.0,0.0,0.0,0.0,0.0,0.0,251.0,122.0,17.0,2.0,0.0,429.0,0.0,,691.0,0.0,0.0,0.0,77.0,0.0,191.0,0.0,157.0,31.0,321.0,,179.0,153.0
2021-06-04 13:00:00+00:00,0.0,230.0,29.0,198.0,207.0,381.0,55.0,0.0,0.0,64.0,0.0,0.0,0.0,5.0,0.0,0.0,1.0,0.0,0.0,0.0,251.0,149.0,17.0,0.0,0.0,374.0,0.0,,1183.0,0.0,0.0,0.0,72.0,0.0,192.0,0.0,157.0,28.0,295.0,,195.0,153.0
2021-06-04 14:00:00+00:00,3.0,195.0,28.0,199.0,174.0,393.0,62.0,0.0,0.0,17.0,0.0,0.0,0.0,1.0,0.0,0.0,0.0,0.0,0.0,0.0,251.0,193.0,16.0,3.0,0.0,392.0,0.0,,1457.0,0.0,0.0,0.0,32.0,0.0,202.0,0.0,198.0,24.0,267.0,,216.0,153.0
2021-06-04 15:00:00+00:00,18.0,361.0,12.0,146.0,156.0,390.0,3.0,0.0,0.0,4.0,0.0,0.0,0.0,0.0,0.0,0.0,0.0,0.0,0.0,0.0,251.0,118.0,17.0,1.0,0.0,341.0,0.0,,1204.0,0.0,0.0,0.0,164.0,0.0,345.0,0.0,157.0,82.0,307.0,,278.0,153.0
2021-06-04 16:00:00+00:00,57.0,268.0,10.0,110.0,87.0,215.0,0.0,0.0,0.0,0.0,0.0,0.0,0.0,0.0,0.0,0.0,0.0,0.0,0.0,0.0,251.0,102.0,10.0,36.0,0.0,214.0,0.0,,756.0,0.0,56.0,0.0,198.0,0.0,334.0,0.0,125.0,75.0,217.0,,298.0,153.0
2021-06-04 17:00:00+00:00,25.0,336.0,3.0,98.0,98.0,256.0,0.0,0.0,0.0,1.0,0.0,0.0,0.0,0.0,0.0,0.0,0.0,0.0,0.0,0.0,251.0,51.0,0.0,23.0,0.0,154.0,0.0,,692.0,0.0,42.0,0.0,232.0,0.0,365.0,0.0,73.0,83.0,162.0,,314.0,152.0
2021-06-04 18:00:00+00:00,65.0,277.0,6.0,133.0,92.0,350.0,0.0,0.0,0.0,0.0,0.0,0.0,0.0,0.0,0.0,0.0,0.0,0.0,0.0,0.0,251.0,111.0,0.0,20.0,0.0,76.0,0.0,,1184.0,0.0,29.0,0.0,158.0,0.0,275.0,0.0,100.0,78.0,97.0,,299.0,153.0
2021-06-04 19:00:00+00:00,19.0,323.0,10.0,138.0,128.0,483.0,0.0,0.0,0.0,2.0,0.0,0.0,0.0,0.0,0.0,0.0,0.0,0.0,0.0,0.0,251.0,85.0,0.0,35.0,0.0,116.0,0.0,117.0,1452.0,0.0,38.0,0.0,150.0,0.0,298.0,0.0,82.0,62.0,120.0,0.0,306.0,153.0
2021-06-04 20:00:00+00:00,6.0,446.0,14.0,154.0,179.0,562.0,37.0,0.0,0.0,19.0,0.0,0.0,0.0,0.0,0.0,0.0,0.0,0.0,0.0,0.0,251.0,88.0,0.0,55.0,0.0,234.0,0.0,191.0,1482.0,0.0,0.0,0.0,202.0,0.0,366.0,0.0,114.0,59.0,194.0,0.0,338.0,153.0
2021-06-04 21:00:00+00:00,24.0,306.0,89.0,255.0,182.0,604.0,84.0,0.0,0.0,5.0,0.0,0.0,0.0,0.0,0.0,0.0,0.0,0.0,0.0,0.0,251.0,309.0,0.0,80.0,0.0,408.0,0.0,147.0,1482.0,0.0,0.0,0.0,91.0,0.0,226.0,0.0,208.0,19.0,152.0,0.0,335.0,153.0
2021-06-04 22:00:00+00:00,166.0,0.0,141.0,334.0,92.0,578.0,0.0,0.0,0.0,0.0,0.0,4.0,41.0,68.0,0.0,0.0,0.0,0.0,0.0,0.0,252.0,480.0,0.0,2.0,0.0,404.0,0.0,0.0,1473.0,0.0,31.0,0.0,0.0,0.0,0.0,5.0,298.0,2.0,9.0,74.0,249.0,154.0
2021-06-04 23:00:00+00:00,99.0,83.0,159.0,316.0,113.0,578.0,0.0,0.0,0.0,0.0,0.0,0.0,4.0,28.0,0.0,0.0,0.0,0.0,0.0,0.0,252.0,433.0,0.0,1.0,0.0,421.0,0.0,0.0,1463.0,0.0,40.0,0.0,2.0,0.0,0.0,0.0,275.0,1.0,39.0,45.0,248.0,153.0
2021-06-05 00:00:00+00:00,132.0,80.0,145.0,329.0,120.0,574.0,0.0,0.0,0.0,0.0,0.0,0.0,0.0,11.0,0.0,0.0,0.0,0.0,0.0,0.0,252.0,536.0,0.0,2.0,0.0,474.0,0.0,0.0,1470.0,0.0,45.0,0.0,5.0,0.0,5.0,0.0,294.0,1.0,64.0,34.0,235.0,152.0
2021-06-05 01:00:00+00:00,143.0,123.0,153.0,327.0,122.0,603.0,0.0,0.0,0.0,0.0,0.0,0.0,0.0,1.0,0.0,0.0,0.0,0.0,0.0,0.0,252.0,568.0,0.0,1.0,0.0,515.0,0.0,4.0,1469.0,0.0,2.0,0.0,23.0,0.0,44.0,0.0,292.0,1.0,94.0,5.0,236.0,153.0
2021-06-05 02:00:00+00:00,174.0,73.0,153.0,343.0,121.0,546.0,66.0,0.0,0.0,0.0,0.0,0.0,0.0,8.0,0.0,0.0,0.0,0.0,0.0,0.0,252.0,619.0,0.0,2.0,0.0,506.0,0.0,0.0,1479.0,0.0,0.0,0.0,12.0,0.0,11.0,0.0,317.0,2.0,59.0,28.0,227.0,153.0
2021-06-05 03:00:00+00:00,204.0,8.0,190.0,345.0,97.0,486.0,108.0,0.0,0.0,0.0,0.0,0.0,45.0,35.0,0.0,0.0,0.0,0.0,0.0,0.0,252.0,633.0,0.0,1.0,0.0,426.0,0.0,0.0,1503.0,0.0,0.0,0.0,1.0,0.0,0.0,0.0,289.0,0.0,23.0,67.0,202.0,152.0
2021-06-05 04:00:00+00:00,250.0,72.0,131.0,345.0,83.0,483.0,104.0,0.0,0.0,0.0,0.0,0.0,37.0,87.0,0.0,0.0,0.0,0.0,0.0,0.0,252.0,543.0,0.0,2.0,0.0,327.0,0.0,0.0,1494.0,0.0,0.0,0.0,0.0,0.0,0.0,0.0,284.0,2.0,58.0,41.0,194.0,152.0
2021-06-05 05:00:00+00:00,124.0,87.0,71.0,312.0,136.0,546.0,156.0,0.0,0.0,0.0,0.0,0.0,28.0,106.0,0.0,0.0,0.0,0.0,0.0,0.0,252.0,360.0,3.0,37.0,0.0,191.0,0.0,0.0,1471.0,0.0,0.0,0.0,0.0,0.0,0.0,0.0,189.0,15.0,91.0,29.0,173.0,151.0
2021-06-05 06:00:00+00:00,60.0,74.0,40.0,319.0,177.0,545.0,154.0,0.0,0.0,0.0,0.0,0.0,34.0,144.0,0.0,0.0,0.0,0.0,0.0,0.0,252.0,340.0,17.0,68.0,0.0,183.0,0.0,1.0,1481.0,0.0,0.0,0.0,0.0,0.0,0.0,0.0,239.0,30.0,161.0,9.0,161.0,152.0
2021-06-05 07:00:00+00:00,79.0,83.0,82.0,310.0,151.0,559.0,168.0,0.0,0.0,0.0,0.0,0.0,78.0,182.0,0.0,0.0,0.0,0.0,0.0,0.0,252.0,336.0,16.0,74.0,0.0,205.0,0.0,0.0,1468.0,0.0,0.0,0.0,0.0,0.0,0.0,0.0,235.0,7.0,125.0,84.0,126.0,153.0
2021-06-05 08:00:00+00:00,112.0,46.0,88.0,330.0,141.0,563.0,173.0,0.0,0.0,0.0,0.0,0.0,76.0,165.0,0.0,0.0,0.0,0.0,0.0,0.0,252.0,414.0,16.0,78.0,0.0,353.0,0.0,0.0,1456.0,0.0,0.0,0.0,0.0,0.0,0.0,0.0,257.0,3.0,184.0,47.0,100.0,152.0
2021-06-05 09:00:00+00:00,124.0,0.0,118.0,358.0,154.0,519.0,126.0,0.0,0.0,0.0,0.0,46.0,105.0,193.0,0.0,0.0,0.0,0.0,0.0,0.0,252.0,470.0,16.0,48.0,0.0,363.0,0.0,0.0,1461.0,0.0,0.0,0.0,0.0,0.0,0.0,0.0,299.0,4.0,138.0,64.0,108.0,153.0
2021-06-05 10:00:00+00:00,123.0,0.0,142.0,367.0,157.0,306.0,52.0,0.0,0.0,0.0,0.0,97.0,132.0,217.0,0.0,0.0,0.0,0.0,0.0,0.0,248.0,507.0,15.0,12.0,0.0,341.0,0.0,0.0,1461.0,0.0,0.0,0.0,0.0,0.0,0.0,0.0,321.0,7.0,126.0,57.0,126.0,152.0
2021-06-05 11:00:00+00:00,117.0,0.0,164.0,366.0,144.0,324.0,72.0,0.0,0.0,0.0,0.0,116.0,143.0,224.0,0.0,0.0,0.0,0.0,0.0,0.0,236.0,518.0,14.0,10.0,0.0,338.0,0.0,0.0,1456.0,0.0,0.0,0.0,0.0,0.0,0.0,0.0,331.0,0.0,102.0,52.0,155.0,152.0
2021-06-05 12:00:00+00:00,115.0,0.0,114.0,352.0,152.0,345.0,95.0,0.0,0.0,0.0,0.0,144.0,121.0,179.0,0.0,0.0,0.0,0.0,0.0,0.0,251.0,430.0,14.0,4.0,0.0,330.0,0.0,0.0,1445.0,0.0,0.0,0.0,0.0,0.0,0.0,0.0,308.0,3.0,127.0,33.0,147.0,150.0
2021-06-05 13:00:00+00:00,196.0,0.0,127.0,346.0,94.0,502.0,131.0,0.0,0.0,0.0,0.0,233.0,161.0,174.0,0.0,0.0,0.0,0.0,0.0,0.0,200.0,481.0,14.0,1.0,0.0,324.0,0.0,0.0,1473.0,0.0,0.0,0.0,0.0,0.0,0.0,0.0,302.0,4.0,83.0,108.0,116.0,151.0
2021-06-05 14:00:00+00:00,269.0,0.0,120.0,357.0,34.0,517.0,133.0,0.0,0.0,0.0,0.0,270.0,200.0,188.0,0.0,0.0,0.0,0.0,0.0,0.0,137.0,554.0,3.0,2.0,0.0,278.0,0.0,0.0,1475.0,0.0,0.0,0.0,0.0,0.0,0.0,1.0,316.0,3.0,11.0,197.0,104.0,151.0
2021-06-05 15:00:00+00:00,219.0,0.0,99.0,318.0,22.0,450.0,52.0,0.0,0.0,0.0,0.0,210.0,175.0,159.0,0.0,0.0,2.0,0.0,0.0,0.0,183.0,475.0,0.0,0.0,0.0,212.0,0.0,0.0,1465.0,0.0,0.0,0.0,0.0,0.0,0.0,7.0,261.0,4.0,19.0,171.0,116.0,150.0
2021-06-05 16:00:00+00:00,148.0,0.0,83.0,293.0,46.0,450.0,55.0,0.0,0.0,0.0,0.0,141.0,123.0,110.0,0.0,0.0,0.0,0.0,0.0,0.0,250.0,390.0,0.0,4.0,0.0,164.0,0.0,0.0,1464.0,0.0,0.0,0.0,0.0,0.0,0.0,41.0,244.0,9.0,0.0,182.0,200.0,151.0
2021-06-05 17:00:00+00:00,133.0,0.0,53.0,246.0,43.0,428.0,42.0,0.0,0.0,0.0,0.0,13.0,53.0,44.0,0.0,0.0,0.0,0.0,0.0,0.0,252.0,283.0,0.0,40.0,0.0,153.0,0.0,0.0,1466.0,0.0,0.0,0.0,0.0,0.0,0.0,73.0,158.0,16.0,0.0,176.0,214.0,149.0
2021-06-05 18:00:00+00:00,146.0,0.0,26.0,263.0,50.0,441.0,61.0,0.0,0.0,0.0,0.0,27.0,94.0,77.0,0.0,0.0,0.0,0.0,0.0,0.0,252.0,290.0,0.0,34.0,0.0,96.0,0.0,0.0,1471.0,0.0,0.0,0.0,0.0,0.0,0.0,138.0,157.0,35.0,0.0,222.0,210.0,150.0
2021-06-05 19:00:00+00:00,137.0,12.0,40.0,273.0,49.0,502.0,97.0,0.0,0.0,0.0,0.0,0.0,74.0,83.0,0.0,0.0,0.0,0.0,0.0,0.0,252.0,323.0,0.0,53.0,0.0,134.0,0.0,0.0,1464.0,110.0,0.0,0.0,0.0,0.0,0.0,101.0,161.0,24.0,0.0,197.0,201.0,153.0
2021-06-05 20:00:00+00:00,180.0,128.0,85.0,322.0,103.0,540.0,142.0,0.0,0.0,0.0,0.0,0.0,4.0,51.0,0.0,0.0,0.0,0.0,0.0,0.0,252.0,382.0,0.0,4.0,0.0,284.0,0.0,0.0,1479.0,122.0,0.0,0.0,0.0,0.0,0.0,1.0,216.0,9.0,16.0,88.0,239.0,150.0
2021-06-05 21:00:00+00:00,126.0,57.0,142.0,375.0,149.0,533.0,154.0,0.0,0.0,0.0,0.0,0.0,38.0,94.0,0.0,0.0,0.0,0.0,0.0,0.0,252.0,443.0,0.0,1.0,0.0,402.0,0.0,3.0,1478.0,141.0,0.0,0.0,0.0,0.0,0.0,0.0,286.0,6.0,74.0,14.0,253.0,150.0
2021-06-05 22:00:00+00:00,236.0,0.0,146.0,348.0,89.0,563.0,145.0,0.0,0.0,0.0,0.0,26.0,122.0,151.0,0.0,0.0,0.0,0.0,0.0,0.0,252.0,472.0,0.0,5.0,0.0,168.0,0.0,0.0,1478.0,152.0,0.0,0.0,0.0,0.0,0.0,33.0,285.0,2.0,2.0,127.0,248.0,151.0
2021-06-05 23:00:00+00:00,285.0,0.0,140.0,318.0,45.0,524.0,125.0,0.0,0.0,0.0,0.0,5.0,106.0,106.0,0.0,0.0,0.0,0.0,0.0,0.0,252.0,498.0,0.0,1.0,0.0,277.0,0.0,0.0,1469.0,157.0,0.0,0.0,0.0,0.0,0.0,0.0,269.0,2.0,43.0,113.0,187.0,154.0
2021-06-06 00:00:00+00:00,371.0,0.0,123.0,326.0,0.0,517.0,146.0,0.0,0.0,0.0,0.0,37.0,158.0,127.0,0.0,0.0,0.0,0.0,0.0,0.0,252.0,597.0,0.0,0.0,0.0,356.0,0.0,0.0,1482.0,161.0,0.0,0.0,0.0,17.0,0.0,0.0,273.0,2.0,33.0,133.0,175.0,151.0
2021-06-06 01:00:00+00:00,373.0,0.0,121.0,317.0,0.0,543.0,163.0,0.0,0.0,0.0,0.0,20.0,173.0,140.0,0.0,0.0,23.0,0.0,0.0,0.0,252.0,601.0,0.0,0.0,0.0,339.0,0.0,0.0,1474.0,158.0,0.0,0.0,0.0,39.0,0.0,0.0,253.0,2.0,26.0,143.0,171.0,149.0
2021-06-06 02:00:00+00:00,369.0,0.0,101.0,324.0,0.0,488.0,160.0,0.0,0.0,0.0,0.0,12.0,148.0,122.0,0.0,0.0,0.0,0.0,0.0,0.0,252.0,596.0,0.0,8.0,0.0,382.0,0.0,0.0,1463.0,156.0,0.0,0.0,0.0,19.0,0.0,0.0,251.0,3.0,28.0,136.0,178.0,150.0
2021-06-06 03:00:00+00:00,380.0,0.0,87.0,315.0,0.0,525.0,177.0,0.0,0.0,0.0,0.0,63.0,162.0,105.0,0.0,0.0,0.0,0.0,0.0,0.0,252.0,612.0,0.0,15.0,0.0,451.0,0.0,0.0,1463.0,144.0,0.0,0.0,0.0,41.0,0.0,9.0,225.0,6.0,0.0,204.0,146.0,149.0
2021-06-06 04:00:00+00:00,397.0,0.0,84.0,322.0,0.0,389.0,248.0,0.0,0.0,0.0,0.0,7.0,97.0,80.0,0.0,0.0,36.0,0.0,0.0,0.0,252.0,621.0,0.0,0.0,0.0,388.0,0.0,0.0,1467.0,119.0,0.0,0.0,0.0,21.0,0.0,0.0,222.0,8.0,14.0,139.0,134.0,149.0
2021-06-06 05:00:00+00:00,140.0,127.0,18.0,287.0,115.0,401.0,201.0,0.0,0.0,0.0,0.0,0.0,0.0,17.0,0.0,0.0,12.0,0.0,0.0,0.0,252.0,354.0,0.0,0.0,0.0,340.0,0.0,0.0,1469.0,118.0,0.0,0.0,10.0,0.0,49.0,0.0,138.0,38.0,120.0,52.0,124.0,147.0
2021-06-06 06:00:00+00:00,86.0,56.0,35.0,311.0,184.0,350.0,136.0,0.0,0.0,0.0,0.0,0.0,0.0,63.0,0.0,0.0,0.0,0.0,0.0,0.0,252.0,315.0,0.0,39.0,0.0,243.0,0.0,0.0,1475.0,118.0,0.0,0.0,0.0,0.0,9.0,0.0,154.0,13.0,189.0,31.0,81.0,146.0
2021-06-06 07:00:00+00:00,52.0,51.0,34.0,335.0,236.0,374.0,185.0,0.0,0.0,0.0,0.0,0.0,0.0,98.0,0.0,0.0,0.0,0.0,0.0,0.0,252.0,286.0,0.0,98.0,0.0,247.0,0.0,5.0,1467.0,119.0,0.0,0.0,0.0,0.0,17.0,0.0,157.0,29.0,218.0,0.0,91.0,149.0
2021-06-06 08:00:00+00:00,112.0,0.0,58.0,382.0,212.0,425.0,233.0,0.0,0.0,0.0,0.0,91.0,79.0,206.0,0.0,0.0,0.0,0.0,0.0,0.0,252.0,396.0,0.0,109.0,0.0,264.0,0.0,0.0,1465.0,122.0,0.0,0.0,0.0,0.0,0.0,0.0,210.0,11.0,140.0,60.0,94.0,149.0
2021-06-06 09:00:00+00:00,167.0,0.0,61.0,409.0,185.0,407.0,226.0,0.0,0.0,0.0,0.0,150.0,108.0,231.0,0.0,0.0,0.0,0.0,0.0,0.0,252.0,494.0,0.0,87.0,0.0,302.0,0.0,0.0,1472.0,113.0,0.0,0.0,0.0,0.0,0.0,0.0,240.0,10.0,140.0,88.0,77.0,146.0
2021-06-06 10:00:00+00:00,115.0,0.0,49.0,391.0,201.0,262.0,193.0,0.0,0.0,0.0,0.0,84.0,93.0,218.0,0.0,0.0,0.0,0.0,0.0,0.0,252.0,416.0,0.0,62.0,0.0,304.0,0.0,0.0,1459.0,59.0,0.0,0.0,0.0,0.0,0.0,0.0,204.0,14.0,151.0,78.0,72.0,147.0
2021-06-06 11:00:00+00:00,122.0,0.0,89.0,393.0,185.0,286.0,188.0,0.0,0.0,0.0,0.0,321.0,243.0,305.0,0.0,0.0,0.0,0.0,0.0,0.0,252.0,453.0,0.0,23.0,0.0,423.0,0.0,0.0,1459.0,60.0,0.0,0.0,0.0,0.0,0.0,0.0,272.0,4.0,116.0,141.0,30.0,149.0
2021-06-06 12:00:00+00:00,50.0,0.0,70.0,354.0,201.0,313.0,176.0,0.0,0.0,1.0,0.0,323.0,223.0,263.0,0.0,0.0,0.0,0.0,0.0,0.0,252.0,357.0,0.0,9.0,0.0,406.0,0.0,0.0,1460.0,61.0,0.0,0.0,0.0,0.0,0.0,0.0,226.0,8.0,143.0,89.0,47.0,152.0
2021-06-06 13:00:00+00:00,81.0,0.0,69.0,332.0,143.0,288.0,196.0,0.0,0.0,0.0,0.0,391.0,286.0,294.0,0.0,0.0,0.0,0.0,0.0,0.0,252.0,351.0,0.0,1.0,0.0,436.0,0.0,0.0,1458.0,63.0,0.0,0.0,0.0,0.0,0.0,0.0,217.0,10.0,100.0,142.0,40.0,150.0
2021-06-06 14:00:00+00:00,185.0,0.0,118.0,338.0,63.0,297.0,146.0,0.0,0.0,0.0,0.0,522.0,388.0,341.0,0.0,0.0,20.0,0.0,0.0,0.0,252.0,477.0,0.0,0.0,0.0,297.0,0.0,0.0,1459.0,66.0,0.0,0.0,0.0,0.0,0.0,0.0,286.0,3.0,26.0,216.0,41.0,150.0
2021-06-06 15:00:00+00:00,129.0,0.0,62.0,259.0,40.0,208.0,190.0,0.0,0.0,0.0,0.0,94.0,119.0,123.0,0.0,0.0,42.0,0.0,0.0,0.0,252.0,329.0,0.0,0.0,0.0,201.0,0.0,0.0,1462.0,48.0,0.0,0.0,0.0,0.0,0.0,0.0,197.0,10.0,87.0,131.0,71.0,150.0
2021-06-06 16:00:00+00:00,109.0,0.0,22.0,237.0,52.0,344.0,163.0,0.0,0.0,0.0,0.0,51.0,75.0,68.0,0.0,0.0,10.0,0.0,0.0,0.0,263.0,264.0,0.0,0.0,0.0,149.0,0.0,0.0,1473.0,93.0,0.0,0.0,0.0,0.0,0.0,2.0,136.0,38.0,9.0,161.0,135.0,150.0
2021-06-06 17:00:00+00:00,2.0,0.0,13.0,209.0,84.0,299.0,177.0,0.0,0.0,28.0,0.0,107.0,80.0,64.0,0.0,0.0,0.0,0.0,0.0,0.0,591.0,137.0,0.0,1.0,0.0,168.0,0.0,0.0,1466.0,87.0,0.0,0.0,0.0,0.0,0.0,66.0,102.0,54.0,0.0,208.0,170.0,151.0
2021-06-06 18:00:00+00:00,0.0,0.0,3.0,192.0,104.0,353.0,126.0,0.0,0.0,89.0,0.0,129.0,112.0,113.0,0.0,0.0,0.0,0.0,0.0,0.0,602.0,75.0,0.0,48.0,0.0,39.0,0.0,0.0,1456.0,100.0,0.0,0.0,0.0,0.0,0.0,120.0,78.0,108.0,0.0,243.0,184.0,151.0
2021-06-06 19:00:00+00:00,1.0,0.0,16.0,195.0,101.0,442.0,98.0,1.0,0.0,86.0,0.0,65.0,101.0,125.0,0.0,0.0,0.0,0.0,0.0,0.0,602.0,83.0,0.0,52.0,0.0,77.0,0.0,0.0,1475.0,130.0,0.0,0.0,0.0,0.0,0.0,97.0,95.0,59.0,0.0,220.0,193.0,151.0
2021-06-06 20:00:00+00:00,0.0,50.0,25.0,233.0,135.0,514.0,132.0,0.0,0.0,60.0,0.0,0.0,31.0,73.0,0.0,0.0,0.0,0.0,0.0,0.0,602.0,123.0,0.0,52.0,0.0,63.0,0.0,0.0,1476.0,124.0,0.0,0.0,0.0,0.0,0.0,5.0,136.0,43.0,26.0,126.0,195.0,149.0
2021-06-06 21:00:00+00:00,32.0,0.0,60.0,264.0,73.0,507.0,174.0,0.0,0.0,4.0,0.0,102.0,143.0,149.0,0.0,0.0,0.0,0.0,0.0,0.0,602.0,289.0,0.0,2.0,0.0,200.0,0.0,0.0,1461.0,128.0,0.0,0.0,0.0,0.0,0.0,68.0,199.0,17.0,0.0,205.0,196.0,149.0
2021-06-06 22:00:00+00:00,10.0,0.0,38.0,235.0,85.0,484.0,181.0,0.0,0.0,18.0,0.0,63.0,140.0,129.0,0.0,0.0,27.0,0.0,0.0,0.0,602.0,240.0,0.0,0.0,0.0,213.0,0.0,0.0,1452.0,148.0,0.0,0.0,0.0,0.0,0.0,23.0,184.0,28.0,0.0,194.0,175.0,151.0
2021-06-06 23:00:00+00:00,13.0,0.0,39.0,208.0,67.0,532.0,210.0,0.0,0.0,6.0,0.0,28.0,98.0,70.0,0.0,0.0,40.0,0.0,0.0,0.0,602.0,223.0,0.0,0.0,0.0,309.0,0.0,0.0,1460.0,166.0,0.0,0.0,0.0,0.0,0.0,4.0,164.0,21.0,21.0,174.0,153.0,151.0
2021-06-07 00:00:00+00:00,16.0,26.0,34.0,200.0,77.0,528.0,192.0,0.0,0.0,6.0,0.0,0.0,52.0,14.0,0.0,0.0,30.0,0.0,0.0,0.0,602.0,225.0,0.0,0.0,0.0,375.0,0.0,0.0,1497.0,183.0,0.0,0.0,5.0,0.0,0.0,0.0,161.0,32.0,14.0,168.0,160.0,149.0
2021-06-07 01:00:00+00:00,53.0,0.0,24.0,196.0,50.0,547.0,223.0,0.0,0.0,0.0,0.0,5.0,66.0,13.0,0.0,0.0,24.0,0.0,0.0,0.0,602.0,238.0,0.0,0.0,0.0,392.0,0.0,0.0,1501.0,183.0,0.0,0.0,6.0,0.0,0.0,1.0,136.0,34.0,6.0,188.0,149.0,151.0
2021-06-07 02:00:00+00:00,88.0,0.0,10.0,200.0,22.0,511.0,199.0,0.0,0.0,0.0,0.0,68.0,118.0,46.0,0.0,0.0,21.0,0.0,0.0,0.0,602.0,276.0,0.0,0.0,0.0,357.0,0.0,0.0,1460.0,187.0,0.0,0.0,0.0,0.0,0.0,47.0,121.0,59.0,0.0,221.0,144.0,153.0
2021-06-07 03:00:00+00:00,111.0,0.0,12.0,161.0,0.0,374.0,18.0,1.0,0.0,0.0,0.0,158.0,136.0,20.0,0.0,0.0,28.0,0.0,0.0,0.0,602.0,294.0,0.0,0.0,0.0,261.0,0.0,0.0,1178.0,133.0,0.0,0.0,2.0,30.0,0.0,103.0,67.0,64.0,0.0,328.0,71.0,150.0
2021-06-07 04:00:00+00:00,5.0,55.0,1.0,81.0,44.0,80.0,70.0,5.0,1.0,35.0,0.0,0.0,0.0,0.0,0.0,0.0,0.0,0.0,0.0,0.0,602.0,109.0,0.0,1.0,0.0,66.0,0.0,0.0,753.0,56.0,0.0,0.0,69.0,0.0,69.0,21.0,31.0,131.0,0.0,151.0,172.0,150.0
2021-06-07 05:00:00+00:00,0.0,272.0,0.0,3.0,130.0,31.0,0.0,110.0,203.0,259.0,0.0,0.0,0.0,0.0,0.0,0.0,0.0,0.0,0.0,0.0,600.0,0.0,12.0,49.0,0.0,0.0,0.0,1.0,693.0,15.0,83.0,71.0,135.0,0.0,233.0,0.0,0.0,250.0,54.0,15.0,230.0,150.0
2021-06-07 06:00:00+00:00,0.0,367.0,0.0,21.0,140.0,87.0,0.0,80.0,182.0,249.0,0.0,0.0,0.0,5.0,0.0,0.0,0.0,0.0,1.0,0.0,540.0,0.0,2.0,82.0,0.0,0.0,0.0,0.0,637.0,0.0,54.0,104.0,25.0,0.0,58.0,0.0,1.0,239.0,44.0,64.0,207.0,151.0
2021-06-07 07:00:00+00:00,0.0,359.0,0.0,58.0,181.0,60.0,0.0,43.0,140.0,277.0,0.0,0.0,0.0,17.0,0.0,0.0,0.0,0.0,25.0,0.0,584.0,0.0,0.0,48.0,0.0,69.0,0.0,13.0,634.0,0.0,29.0,0.0,4.0,0.0,110.0,0.0,6.0,146.0,151.0,2.0,218.0,151.0
2021-06-07 08:00:00+00:00,0.0,459.0,0.0,97.0,206.0,72.0,88.0,15.0,81.0,279.0,0.0,0.0,0.0,65.0,0.0,0.0,0.0,0.0,17.0,0.0,511.0,0.0,0.0,2.0,0.0,147.0,0.0,3.0,633.0,0.0,0.0,0.0,0.0,0.0,125.0,0.0,17.0,152.0,136.0,4.0,214.0,149.0
2021-06-07 09:00:00+00:00,0.0,437.0,0.0,120.0,220.0,111.0,132.0,6.0,59.0,288.0,0.0,0.0,0.0,111.0,0.0,0.0,0.0,0.0,0.0,0.0,505.0,0.0,0.0,0.0,0.0,131.0,0.0,0.0,632.0,7.0,0.0,0.0,0.0,0.0,120.0,0.0,38.0,150.0,102.0,18.0,220.0,149.0
2021-06-07 10:00:00+00:00,0.0,293.0,2.0,143.0,133.0,139.0,143.0,6.0,1.0,142.0,0.0,0.0,0.0,166.0,0.0,0.0,0.0,0.0,0.0,0.0,391.0,62.0,0.0,16.0,0.0,131.0,0.0,0.0,633.0,23.0,0.0,0.0,0.0,0.0,50.0,0.0,32.0,131.0,69.0,55.0,207.0,150.0
2021-06-07 11:00:00+00:00,0.0,250.0,0.0,130.0,141.0,142.0,142.0,19.0,0.0,203.0,0.0,0.0,0.0,164.0,0.0,0.0,0.0,0.0,0.0,0.0,484.0,39.0,0.0,26.0,0.0,170.0,0.0,0.0,633.0,11.0,0.0,0.0,0.0,0.0,64.0,0.0,13.0,171.0,106.0,37.0,192.0,147.0
2021-06-07 12:00:00+00:00,0.0,259.0,0.0,105.0,156.0,172.0,169.0,32.0,18.0,261.0,0.0,0.0,0.0,122.0,0.0,0.0,0.0,0.0,0.0,0.0,536.0,4.0,0.0,21.0,0.0,212.0,0.0,0.0,634.0,22.0,0.0,0.0,0.0,0.0,91.0,0.0,11.0,186.0,81.0,27.0,230.0,148.0
2021-06-07 13:00:00+00:00,0.0,216.0,0.0,112.0,116.0,221.0,127.0,10.0,1.0,186.0,0.0,0.0,0.0,82.0,0.0,0.0,0.0,0.0,0.0,0.0,526.0,31.0,0.0,10.0,0.0,252.0,0.0,0.0,1153.0,39.0,0.0,0.0,0.0,0.0,89.0,0.0,28.0,142.0,56.0,41.0,246.0,151.0
2021-06-07 14:00:00+00:00,0.0,212.0,0.0,113.0,123.0,284.0,176.0,3.0,0.0,178.0,0.0,0.0,0.0,59.0,0.0,0.0,0.0,0.0,0.0,0.0,487.0,45.0,0.0,1.0,0.0,193.0,0.0,0.0,1398.0,55.0,0.0,0.0,0.0,0.0,81.0,0.0,38.0,142.0,40.0,34.0,262.0,151.0
2021-06-07 15:00:00+00:00,0.0,168.0,2.0,88.0,112.0,199.0,168.0,7.0,1.0,193.0,0.0,0.0,0.0,20.0,0.0,0.0,0.0,0.0,0.0,0.0,532.0,28.0,0.0,1.0,0.0,87.0,0.0,0.0,1114.0,50.0,0.0,0.0,5.0,0.0,70.0,7.0,24.0,136.0,6.0,16.0,286.0,151.0
2021-06-07 16:00:00+00:00,0.0,207.0,0.0,70.0,152.0,180.0,79.0,23.0,61.0,209.0,0.0,0.0,0.0,0.0,0.0,0.0,0.0,0.0,0.0,0.0,551.0,0.0,0.0,0.0,0.0,34.0,0.0,49.0,706.0,50.0,0.0,0.0,97.0,0.0,109.0,0.0,6.0,182.0,83.0,0.0,309.0,151.0
2021-06-07 17:00:00+00:00,0.0,140.0,0.0,63.0,144.0,150.0,66.0,30.0,88.0,188.0,0.0,0.0,0.0,0.0,0.0,0.0,0.0,0.0,0.0,0.0,551.0,0.0,0.0,2.0,0.0,7.0,0.0,19.0,635.0,65.0,0.0,0.0,124.0,0.0,102.0,0.0,5.0,180.0,17.0,0.0,329.0,152.0
2021-06-07 18:00:00+00:00,0.0,130.0,0.0,72.0,170.0,250.0,27.0,44.0,126.0,203.0,0.0,0.0,0.0,0.0,0.0,0.0,0.0,0.0,0.0,0.0,553.0,0.0,0.0,26.0,0.0,0.0,0.0,21.0,1119.0,87.0,0.0,32.0,133.0,0.0,105.0,1.0,1.0,201.0,16.0,0.0,304.0,151.0
2021-06-07 19:00:00+00:00,0.0,180.0,1.0,109.0,194.0,383.0,17.0,25.0,23.0,175.0,0.0,0.0,0.0,0.0,0.0,0.0,0.0,0.0,0.0,0.0,597.0,2.0,0.0,25.0,0.0,73.0,0.0,39.0,1394.0,118.0,0.0,0.0,105.0,0.0,118.0,0.0,8.0,149.0,34.0,0.0,307.0,152.0
2021-06-07 20:00:00+00:00,4.0,102.0,10.0,192.0,172.0,474.0,71.0,0.0,0.0,23.0,0.0,0.0,0.0,0.0,0.0,0.0,0.0,0.0,0.0,0.0,505.0,181.0,0.0,2.0,0.0,69.0,0.0,23.0,1417.0,108.0,0.0,0.0,84.0,0.0,76.0,0.0,78.0,74.0,61.0,5.0,298.0,152.0
2021-06-07 21:00:00+00:00,0.0,0.0,31.0,194.0,160.0,477.0,109.0,0.0,0.0,76.0,0.0,65.0,2.0,3.0,0.0,0.0,0.0,0.0,0.0,0.0,527.0,198.0,0.0,3.0,0.0,61.0,0.0,0.0,1402.0,101.0,0.0,0.0,25.0,0.0,0.0,0.0,91.0,38.0,23.0,53.0,269.0,151.0
2021-06-07 22:00:00+00:00,90.0,0.0,124.0,294.0,135.0,506.0,112.0,1.0,0.0,2.0,0.0,119.0,15.0,46.0,0.0,0.0,11.0,0.0,0.0,0.0,599.0,356.0,0.0,0.0,0.0,294.0,0.0,19.0,1414.0,120.0,0.0,0.0,2.0,0.0,0.0,0.0,152.0,15.0,57.0,19.0,270.0,151.0
2021-06-07 23:00:00+00:00,131.0,0.0,106.0,299.0,119.0,489.0,111.0,0.0,0.0,0.0,0.0,194.0,37.0,52.0,0.0,0.0,13.0,0.0,0.0,0.0,601.0,356.0,0.0,0.0,0.0,261.0,0.0,0.0,1421.0,129.0,0.0,0.0,0.0,0.0,0.0,0.0,180.0,6.0,50.0,52.0,232.0,152.0
2021-06-08 00:00:00+00:00,141.0,0.0,91.0,289.0,114.0,485.0,105.0,0.0,0.0,0.0,0.0,129.0,8.0,18.0,0.0,0.0,0.0,0.0,0.0,0.0,602.0,363.0,0.0,0.0,0.0,340.0,0.0,0.0,1408.0,136.0,0.0,0.0,6.0,0.0,0.0,0.0,177.0,12.0,79.0,30.0,228.0,152.0
2021-06-08 01:00:00+00:00,150.0,0.0,46.0,282.0,116.0,522.0,143.0,0.0,0.0,0.0,0.0,130.0,7.0,3.0,0.0,0.0,0.0,0.0,0.0,0.0,602.0,361.0,0.0,1.0,0.0,308.0,0.0,0.0,1409.0,139.0,0.0,0.0,13.0,0.0,0.0,0.0,192.0,21.0,93.0,37.0,200.0,152.0
2021-06-08 02:00:00+00:00,168.0,0.0,38.0,284.0,100.0,501.0,122.0,0.0,0.0,0.0,0.0,127.0,9.0,4.0,0.0,0.0,0.0,0.0,0.0,0.0,602.0,372.0,0.0,0.0,0.0,332.0,0.0,0.0,1405.0,146.0,0.0,0.0,16.0,0.0,0.0,0.0,188.0,31.0,50.0,69.0,196.0,152.0
2021-06-08 03:00:00+00:00,201.0,0.0,18.0,255.0,33.0,411.0,82.0,0.0,0.0,0.0,0.0,177.0,31.0,4.0,0.0,0.0,36.0,0.0,0.0,0.0,594.0,374.0,0.0,0.0,0.0,319.0,0.0,0.0,1269.0,123.0,0.0,0.0,17.0,0.0,0.0,9.0,133.0,41.0,7.0,121.0,175.0,153.0
2021-06-08 04:00:00+00:00,103.0,247.0,2.0,178.0,86.0,152.0,179.0,0.0,0.0,0.0,0.0,0.0,0.0,0.0,0.0,0.0,0.0,0.0,0.0,0.0,364.0,129.0,0.0,26.0,0.0,125.0,0.0,50.0,877.0,30.0,0.0,0.0,177.0,0.0,118.0,0.0,74.0,112.0,130.0,0.0,222.0,152.0
2021-06-08 05:00:00+00:00,0.0,415.0,0.0,95.0,147.0,132.0,70.0,47.0,132.0,88.0,0.0,0.0,0.0,0.0,0.0,0.0,0.0,0.0,0.0,0.0,408.0,0.0,0.0,36.0,0.0,0.0,0.0,78.0,830.0,32.0,0.0,65.0,196.0,0.0,143.0,0.0,5.0,218.0,165.0,0.0,218.0,151.0
2021-06-08 06:00:00+00:00,0.0,354.0,0.0,118.0,113.0,125.0,44.0,34.0,101.0,74.0,0.0,0.0,0.0,0.0,0.0,0.0,0.0,0.0,0.0,0.0,338.0,0.0,0.0,44.0,0.0,0.0,0.0,0.0,819.0,41.0,0.0,71.0,55.0,0.0,51.0,0.0,8.0,179.0,98.0,21.0,198.0,150.0
2021-06-08 07:00:00+00:00,0.0,329.0,0.0,132.0,98.0,175.0,93.0,22.0,81.0,77.0,0.0,0.0,0.0,27.0,0.0,0.0,0.0,0.0,0.0,0.0,280.0,0.0,0.0,35.0,0.0,0.0,0.0,4.0,818.0,68.0,0.0,1.0,8.0,0.0,49.0,0.0,25.0,153.0,118.0,44.0,187.0,151.0
2021-06-08 08:00:00+00:00,26.0,236.0,2.0,156.0,16.0,173.0,108.0,16.0,0.0,7.0,0.0,0.0,33.0,135.0,0.0,0.0,0.0,0.0,0.0,0.0,278.0,41.0,0.0,3.0,0.0,7.0,0.0,0.0,818.0,61.0,0.0,0.0,0.0,0.0,0.0,0.0,26.0,118.0,81.0,124.0,143.0,150.0
2021-06-08 09:00:00+00:00,18.0,175.0,3.0,219.0,73.0,169.0,53.0,1.0,0.0,3.0,0.0,0.0,45.0,197.0,0.0,0.0,0.0,0.0,0.0,0.0,279.0,111.0,0.0,6.0,0.0,21.0,0.0,0.0,818.0,52.0,0.0,0.0,0.0,0.0,0.0,0.0,72.0,81.0,75.0,118.0,152.0,151.0
2021-06-08 10:00:00+00:00,67.0,0.0,2.0,203.0,27.0,133.0,144.0,2.0,0.0,0.0,0.0,23.0,91.0,244.0,0.0,0.0,0.0,0.0,0.0,0.0,325.0,161.0,0.0,2.0,0.0,0.0,0.0,0.0,818.0,51.0,0.0,20.0,0.0,0.0,0.0,0.0,61.0,98.0,35.0,176.0,136.0,151.0
2021-06-08 11:00:00+00:00,50.0,0.0,2.0,202.0,22.0,149.0,153.0,0.0,0.0,0.0,0.0,56.0,70.0,225.0,0.0,0.0,0.0,0.0,0.0,0.0,432.0,160.0,0.0,4.0,0.0,81.0,0.0,0.0,818.0,46.0,0.0,0.0,0.0,0.0,0.0,0.0,88.0,102.0,61.0,156.0,123.0,150.0
2021-06-08 12:00:00+00:00,60.0,0.0,0.0,193.0,0.0,167.0,134.0,1.0,0.0,0.0,0.0,130.0,69.0,205.0,0.0,0.0,0.0,0.0,0.0,0.0,522.0,162.0,0.0,3.0,0.0,160.0,0.0,0.0,818.0,57.0,0.0,0.0,0.0,1.0,0.0,0.0,71.0,114.0,22.0,192.0,123.0,148.0
2021-06-08 13:00:00+00:00,82.0,0.0,3.0,176.0,7.0,274.0,107.0,1.0,0.0,0.0,0.0,159.0,34.0,163.0,0.0,0.0,2.0,0.0,0.0,0.0,488.0,162.0,0.0,0.0,0.0,230.0,0.0,0.0,1306.0,70.0,0.0,0.0,0.0,0.0,0.0,0.0,66.0,88.0,51.0,142.0,151.0,149.0
2021-06-08 14:00:00+00:00,131.0,0.0,3.0,186.0,8.0,253.0,133.0,0.0,0.0,0.0,0.0,142.0,44.0,133.0,0.0,0.0,0.0,0.0,0.0,0.0,485.0,188.0,0.0,1.0,0.0,196.0,0.0,0.0,1412.0,49.0,0.0,0.0,0.0,0.0,0.0,6.0,100.0,83.0,1.0,163.0,182.0,150.0
2021-06-08 15:00:00+00:00,110.0,0.0,8.0,175.0,28.0,228.0,97.0,1.0,0.0,0.0,0.0,11.0,0.0,11.0,0.0,0.0,0.0,0.0,0.0,0.0,434.0,154.0,0.0,0.0,0.0,178.0,0.0,0.0,1262.0,65.0,0.0,0.0,10.0,0.0,41.0,0.0,97.0,64.0,50.0,77.0,214.0,150.0
2021-06-08 16:00:00+00:00,16.0,93.0,2.0,147.0,100.0,167.0,78.0,4.0,3.0,5.0,0.0,0.0,0.0,0.0,0.0,0.0,0.0,0.0,0.0,0.0,432.0,24.0,0.0,2.0,0.0,100.0,0.0,48.0,868.0,49.0,0.0,0.0,130.0,0.0,106.0,0.0,47.0,125.0,154.0,0.0,235.0,149.0
2021-06-08 17:00:00+00:00,26.0,162.0,33.0,122.0,69.0,152.0,65.0,51.0,18.0,5.0,0.0,0.0,0.0,0.0,0.0,0.0,0.0,0.0,0.0,0.0,436.0,10.0,0.0,10.0,0.0,50.0,0.0,17.0,819.0,67.0,0.0,0.0,152.0,0.0,105.0,0.0,14.0,107.0,68.0,15.0,251.0,150.0
2021-06-08 18:00:00+00:00,3.0,179.0,3.0,181.0,172.0,180.0,34.0,7.0,35.0,32.0,0.0,0.0,0.0,0.0,0.0,0.0,0.0,0.0,0.0,0.0,415.0,1.0,0.0,2.0,0.0,0.0,0.0,30.0,1303.0,89.0,0.0,68.0,142.0,0.0,124.0,0.0,52.0,110.0,62.0,0.0,263.0,152.0
2021-06-08 19:00:00+00:00,1.0,99.0,6.0,182.0,168.0,328.0,30.0,1.0,19.0,41.0,0.0,0.0,0.0,0.0,0.0,0.0,0.0,0.0,0.0,0.0,486.0,5.0,0.0,2.0,0.0,0.0,0.0,48.0,1422.0,111.0,0.0,6.0,106.0,0.0,124.0,0.0,65.0,67.0,82.0,0.0,267.0,149.0
2021-06-08 20:00:00+00:00,27.0,83.0,11.0,216.0,151.0,389.0,62.0,0.0,0.0,3.0,0.0,0.0,0.0,0.0,0.0,0.0,0.0,0.0,0.0,0.0,524.0,88.0,0.0,3.0,0.0,98.0,0.0,36.0,1420.0,107.0,0.0,0.0,94.0,0.0,109.0,0.0,102.0,74.0,68.0,0.0,311.0,150.0
2021-06-08 21:00:00+00:00,5.0,85.0,54.0,284.0,232.0,422.0,75.0,0.0,0.0,25.0,0.0,0.0,0.0,0.0,0.0,0.0,0.0,0.0,0.0,0.0,572.0,182.0,0.0,3.0,0.0,301.0,0.0,59.0,1410.0,119.0,0.0,0.0,65.0,0.0,117.0,0.0,159.0,22.0,85.0,0.0,318.0,151.0
2021-06-08 22:00:00+00:00,23.0,116.0,50.0,310.0,239.0,477.0,86.0,0.0,0.0,6.0,0.0,0.0,0.0,0.0,0.0,0.0,19.0,0.0,0.0,0.0,568.0,244.0,0.0,0.0,0.0,306.0,0.0,0.0,1418.0,144.0,0.0,0.0,56.0,0.0,110.0,0.0,196.0,14.0,22.0,50.0,255.0,150.0
2021-06-08 23:00:00+00:00,35.0,43.0,30.0,280.0,215.0,530.0,38.0,0.0,0.0,4.0,0.0,0.0,0.0,0.0,0.0,0.0,17.0,0.0,0.0,0.0,600.0,237.0,0.0,0.0,0.0,251.0,0.0,0.0,1412.0,174.0,0.0,0.0,78.0,0.0,89.0,0.0,184.0,22.0,45.0,85.0,202.0,148.0
2021-06-09 00:00:00+00:00,94.0,66.0,46.0,295.0,186.0,492.0,60.0,0.0,0.0,0.0,0.0,0.0,0.0,0.0,0.0,0.0,6.0,0.0,0.0,0.0,601.0,317.0,0.0,0.0,0.0,349.0,0.0,0.0,1414.0,172.0,0.0,0.0,98.0,0.0,99.0,0.0,206.0,25.0,60.0,86.0,185.0,145.0
2021-06-09 01:00:00+00:00,116.0,69.0,54.0,304.0,178.0,473.0,77.0,0.0,0.0,0.0,0.0,0.0,0.0,0.0,0.0,0.0,12.0,0.0,0.0,0.0,601.0,342.0,0.0,0.0,0.0,421.0,0.0,0.0,1402.0,172.0,0.0,0.0,116.0,0.0,105.0,0.0,211.0,14.0,90.0,86.0,155.0,146.0
2021-06-09 02:00:00+00:00,109.0,77.0,30.0,288.0,165.0,439.0,63.0,0.0,0.0,0.0,0.0,0.0,0.0,0.0,0.0,0.0,15.0,0.0,0.0,0.0,600.0,323.0,0.0,0.0,0.0,415.0,0.0,0.0,1393.0,164.0,0.0,0.0,119.0,0.0,105.0,0.0,190.0,26.0,66.0,101.0,145.0,150.0
2021-06-09 03:00:00+00:00,68.0,19.0,10.0,215.0,132.0,390.0,19.0,0.0,0.0,0.0,0.0,0.0,0.0,0.0,0.0,0.0,10.0,0.0,0.0,0.0,569.0,234.0,0.0,0.0,0.0,260.0,0.0,0.0,1267.0,154.0,0.0,0.0,125.0,0.0,74.0,3.0,93.0,75.0,17.0,152.0,129.0,150.0
2021-06-09 04:00:00+00:00,45.0,376.0,2.0,153.0,135.0,105.0,150.0,7.0,1.0,0.0,0.0,0.0,0.0,0.0,0.0,0.0,0.0,0.0,0.0,0.0,490.0,61.0,0.0,1.0,0.0,146.0,0.0,69.0,871.0,33.0,0.0,0.0,251.0,0.0,199.0,0.0,32.0,126.0,167.0,0.0,201.0,148.0
2021-06-09 05:00:00+00:00,0.0,569.0,0.0,124.0,194.0,135.0,96.0,88.0,122.0,83.0,0.0,0.0,0.0,0.0,0.0,0.0,0.0,0.0,0.0,0.0,357.0,0.0,0.0,2.0,0.0,0.0,0.0,166.0,879.0,49.0,0.0,134.0,275.0,0.0,240.0,0.0,2.0,206.0,257.0,0.0,207.0,149.0
2021-06-09 06:00:00+00:00,0.0,626.0,0.0,131.0,177.0,185.0,86.0,69.0,127.0,80.0,0.0,0.0,0.0,0.0,0.0,0.0,0.0,0.0,0.0,0.0,299.0,0.0,0.0,1.0,0.0,0.0,0.0,118.0,821.0,57.0,0.0,177.0,149.0,0.0,150.0,0.0,5.0,198.0,249.0,0.0,182.0,151.0
2021-06-09 07:00:00+00:00,0.0,657.0,0.0,126.0,156.0,203.0,112.0,27.0,118.0,112.0,0.0,0.0,0.0,0.0,0.0,0.0,0.0,0.0,0.0,0.0,231.0,0.0,0.0,6.0,0.0,0.0,0.0,80.0,819.0,56.0,0.0,164.0,61.0,0.0,130.0,0.0,16.0,167.0,228.0,0.0,188.0,152.0
2021-06-09 08:00:00+00:00,2.0,476.0,1.0,166.0,118.0,219.0,123.0,9.0,6.0,36.0,0.0,0.0,0.0,69.0,0.0,0.0,0.0,0.0,0.0,0.0,250.0,19.0,0.0,4.0,0.0,31.0,0.0,0.0,819.0,63.0,0.0,0.0,0.0,0.0,43.0,0.0,39.0,135.0,179.0,17.0,147.0,149.0
2021-06-09 09:00:00+00:00,11.0,264.0,4.0,202.0,74.0,231.0,129.0,2.0,0.0,10.0,0.0,0.0,37.0,190.0,0.0,0.0,0.0,0.0,0.0,0.0,246.0,116.0,0.0,2.0,0.0,65.0,0.0,0.0,818.0,64.0,0.0,0.0,0.0,0.0,0.0,0.0,70.0,97.0,86.0,114.0,139.0,150.0
2021-06-09 10:00:00+00:00,38.0,117.0,4.0,213.0,52.0,185.0,131.0,2.0,0.0,1.0,0.0,0.0,70.0,215.0,0.0,0.0,0.0,0.0,0.0,0.0,176.0,149.0,0.0,3.0,0.0,31.0,0.0,0.0,818.0,64.0,0.0,0.0,0.0,0.0,0.0,0.0,63.0,70.0,80.0,131.0,127.0,150.0
2021-06-09 11:00:00+00:00,70.0,0.0,5.0,218.0,17.0,227.0,154.0,1.0,0.0,0.0,0.0,49.0,122.0,239.0,0.0,0.0,0.0,0.0,0.0,0.0,259.0,195.0,0.0,1.0,0.0,41.0,0.0,0.0,818.0,61.0,0.0,0.0,0.0,0.0,0.0,0.0,93.0,78.0,46.0,173.0,116.0,151.0
2021-06-09 12:00:00+00:00,78.0,0.0,7.0,229.0,17.0,205.0,104.0,0.0,0.0,0.0,0.0,138.0,118.0,225.0,0.0,0.0,1.0,0.0,0.0,0.0,308.0,199.0,0.0,0.0,0.0,60.0,0.0,0.0,820.0,55.0,0.0,0.0,0.0,0.0,0.0,13.0,96.0,70.0,2.0,240.0,121.0,150.0
2021-06-09 13:00:00+00:00,102.0,0.0,7.0,220.0,0.0,293.0,142.0,0.0,0.0,0.0,0.0,122.0,101.0,199.0,0.0,0.0,2.0,0.0,0.0,0.0,304.0,224.0,0.0,0.0,0.0,116.0,0.0,0.0,1307.0,72.0,0.0,0.0,0.0,0.0,0.0,52.0,111.0,72.0,0.0,242.0,152.0,148.0
2021-06-09 14:00:00+00:00,61.0,0.0,8.0,214.0,51.0,285.0,100.0,0.0,0.0,0.0,0.0,37.0,36.0,119.0,0.0,0.0,0.0,0.0,0.0,0.0,304.0,182.0,0.0,1.0,0.0,152.0,0.0,0.0,1416.0,65.0,0.0,0.0,0.0,0.0,0.0,36.0,124.0,69.0,0.0,171.0,205.0,152.0
2021-06-09 15:00:00+00:00,62.0,316.0,13.0,209.0,134.0,217.0,43.0,0.0,0.0,0.0,0.0,0.0,0.0,1.0,0.0,0.0,0.0,0.0,0.0,0.0,322.0,103.0,0.0,0.0,0.0,155.0,0.0,13.0,1272.0,46.0,0.0,0.0,89.0,0.0,121.0,0.0,104.0,56.0,54.0,8.0,289.0,150.0
2021-06-09 16:00:00+00:00,0.0,618.0,5.0,161.0,189.0,128.0,20.0,6.0,71.0,71.0,0.0,0.0,0.0,0.0,0.0,0.0,1.0,0.0,0.0,0.0,350.0,0.0,0.0,0.0,0.0,0.0,0.0,159.0,875.0,30.0,0.0,96.0,235.0,0.0,236.0,0.0,42.0,121.0,161.0,0.0,340.0,149.0
2021-06-09 17:00:00+00:00,1.0,855.0,2.0,173.0,235.0,97.0,15.0,6.0,99.0,31.0,0.0,0.0,0.0,0.0,0.0,0.0,0.0,0.0,0.0,0.0,123.0,0.0,0.0,1.0,0.0,0.0,0.0,279.0,869.0,38.0,0.0,74.0,347.0,0.0,307.0,0.0,36.0,126.0,262.0,0.0,332.0,149.0
2021-06-09 18:00:00+00:00,17.0,832.0,2.0,202.0,262.0,220.0,0.0,3.0,86.0,8.0,0.0,0.0,0.0,0.0,0.0,43.0,0.0,0.0,0.0,0.0,0.0,0.0,0.0,1.0,0.0,0.0,0.0,285.0,1316.0,92.0,54.0,183.0,344.0,0.0,303.0,0.0,50.0,129.0,250.0,0.0,331.0,149.0
2021-06-09 19:00:00+00:00,3.0,632.0,11.0,216.0,280.0,311.0,0.0,1.0,46.0,25.0,0.0,0.0,0.0,0.0,0.0,0.0,0.0,0.0,0.0,0.0,104.0,0.0,0.0,3.0,0.0,0.0,0.0,295.0,1424.0,110.0,58.0,98.0,262.0,0.0,264.0,0.0,70.0,60.0,260.0,0.0,335.0,149.0
2021-06-09 20:00:00+00:00,0.0,469.0,30.0,264.0,258.0,364.0,0.0,1.0,1.0,66.0,0.0,0.0,0.0,0.0,0.0,0.0,0.0,0.0,0.0,0.0,493.0,51.0,0.0,3.0,0.0,24.0,0.0,190.0,1421.0,83.0,32.0,0.0,202.0,0.0,221.0,0.0,111.0,40.0,185.0,0.0,351.0,149.0
2021-06-09 21:00:00+00:00,3.0,183.0,94.0,292.0,238.0,400.0,12.0,0.0,0.0,31.0,0.0,0.0,0.0,0.0,0.0,0.0,0.0,0.0,0.0,0.0,436.0,172.0,0.0,4.0,0.0,315.0,0.0,67.0,1415.0,109.0,0.0,0.0,114.0,0.0,142.0,0.0,174.0,13.0,91.0,0.0,323.0,148.0
2021-06-09 22:00:00+00:00,9.0,159.0,74.0,312.0,247.0,398.0,18.0,0.0,0.0,19.0,0.0,0.0,0.0,0.0,0.0,0.0,0.0,0.0,0.0,0.0,577.0,220.0,0.0,3.0,0.0,290.0,0.0,56.0,1401.0,129.0,0.0,0.0,70.0,0.0,118.0,0.0,204.0,13.0,156.0,0.0,392.0,150.0
2021-06-09 23:00:00+00:00,10.0,174.0,70.0,293.0,244.0,432.0,19.0,0.0,0.0,10.0,0.0,0.0,0.0,0.0,0.0,0.0,0.0,0.0,0.0,0.0,600.0,215.0,0.0,1.0,0.0,318.0,0.0,46.0,1409.0,141.0,0.0,0.0,119.0,0.0,142.0,0.0,207.0,9.0,213.0,0.0,400.0,150.0
2021-06-10 00:00:00+00:00,28.0,230.0,62.0,286.0,230.0,454.0,5.0,0.0,0.0,3.0,0.0,0.0,0.0,0.0,0.0,0.0,42.0,0.0,0.0,0.0,601.0,277.0,0.0,0.0,0.0,410.0,0.0,72.0,1403.0,169.0,0.0,0.0,155.0,0.0,173.0,0.0,226.0,10.0,288.0,0.0,423.0,148.0
2021-06-10 01:00:00+00:00,44.0,234.0,63.0,299.0,231.0,413.0,29.0,0.0,0.0,0.0,0.0,0.0,0.0,0.0,0.0,0.0,43.0,0.0,0.0,0.0,601.0,309.0,0.0,0.0,0.0,425.0,0.0,65.0,1412.0,149.0,0.0,0.0,138.0,0.0,163.0,0.0,211.0,12.0,300.0,0.0,409.0,149.0
2021-06-10 02:00:00+00:00,32.0,276.0,30.0,311.0,258.0,405.0,51.0,0.0,0.0,3.0,0.0,0.0,0.0,0.0,0.0,0.0,47.0,0.0,0.0,0.0,601.0,295.0,0.0,0.0,0.0,406.0,0.0,89.0,1398.0,150.0,0.0,0.0,150.0,0.0,174.0,0.0,203.0,44.0,306.0,0.0,423.0,151.0
2021-06-10 03:00:00+00:00,28.0,145.0,22.0,241.0,181.0,416.0,52.0,0.0,0.0,3.0,0.0,0.0,0.0,0.0,0.0,0.0,43.0,0.0,0.0,0.0,598.0,229.0,0.0,0.0,0.0,293.0,0.0,6.0,1268.0,143.0,0.0,0.0,127.0,0.0,118.0,0.0,116.0,40.0,194.0,32.0,382.0,151.0
2021-06-10 04:00:00+00:00,0.0,717.0,2.0,199.0,242.0,113.0,137.0,3.0,7.0,59.0,0.0,0.0,0.0,0.0,0.0,0.0,0.0,0.0,0.0,0.0,491.0,26.0,0.0,4.0,0.0,268.0,0.0,164.0,873.0,43.0,0.0,0.0,297.0,0.0,296.0,0.0,38.0,130.0,339.0,0.0,453.0,148.0
2021-06-10 05:00:00+00:00,0.0,875.0,0.0,101.0,215.0,129.0,83.0,73.0,221.0,97.0,0.0,0.0,0.0,0.0,0.0,0.0,0.0,0.0,0.0,0.0,1.0,0.0,0.0,24.0,0.0,21.0,0.0,158.0,876.0,25.0,0.0,0.0,307.0,0.0,298.0,0.0,3.0,213.0,343.0,0.0,455.0,151.0
2021-06-10 06:00:00+00:00,0.0,875.0,0.0,107.0,205.0,138.0,40.0,35.0,239.0,111.0,0.0,0.0,0.0,0.0,0.0,0.0,0.0,0.0,0.0,0.0,0.0,0.0,0.0,30.0,0.0,0.0,0.0,77.0,821.0,21.0,0.0,46.0,159.0,0.0,193.0,0.0,10.0,236.0,276.0,0.0,447.0,148.0
2021-06-10 07:00:00+00:00,0.0,885.0,0.0,123.0,207.0,106.0,9.0,24.0,228.0,126.0,0.0,0.0,0.0,0.0,0.0,0.0,0.0,0.0,0.0,0.0,0.0,0.0,0.0,2.0,0.0,0.0,0.0,59.0,819.0,15.0,0.0,10.0,105.0,0.0,186.0,0.0,18.0,158.0,273.0,0.0,428.0,150.0
2021-06-10 08:00:00+00:00,0.0,726.0,2.0,177.0,176.0,116.0,0.0,3.0,82.0,74.0,0.0,0.0,0.0,15.0,0.0,0.0,0.0,0.0,0.0,0.0,0.0,1.0,0.0,1.0,0.0,52.0,0.0,1.0,818.0,5.0,16.0,0.0,11.0,0.0,127.0,0.0,59.0,130.0,222.0,10.0,410.0,150.0
2021-06-10 09:00:00+00:00,8.0,540.0,11.0,230.0,149.0,148.0,16.0,0.0,0.0,16.0,0.0,0.0,0.0,117.0,0.0,0.0,0.0,0.0,0.0,0.0,0.0,55.0,0.0,6.0,0.0,57.0,0.0,0.0,817.0,22.0,0.0,0.0,0.0,0.0,47.0,0.0,113.0,53.0,222.0,44.0,365.0,150.0
2021-06-10 10:00:00+00:00,16.0,315.0,14.0,214.0,106.0,148.0,48.0,1.0,0.0,7.0,0.0,0.0,8.0,169.0,0.0,0.0,0.0,0.0,0.0,0.0,0.0,61.0,0.0,2.0,0.0,52.0,0.0,0.0,815.0,35.0,0.0,0.0,0.0,0.0,0.0,0.0,96.0,42.0,192.0,103.0,334.0,149.0
2021-06-10 11:00:00+00:00,44.0,208.0,2.0,190.0,46.0,193.0,92.0,1.0,0.0,1.0,0.0,0.0,47.0,211.0,0.0,0.0,0.0,0.0,0.0,0.0,0.0,71.0,0.0,1.0,0.0,28.0,0.0,0.0,815.0,33.0,0.0,0.0,0.0,0.0,0.0,0.0,86.0,74.0,101.0,221.0,315.0,152.0
2021-06-10 12:00:00+00:00,58.0,122.0,1.0,185.0,36.0,155.0,102.0,1.0,0.0,1.0,0.0,0.0,0.0,169.0,0.0,0.0,0.0,0.0,0.0,0.0,0.0,74.0,0.0,1.0,0.0,141.0,0.0,0.0,815.0,45.0,0.0,0.0,0.0,0.0,6.0,0.0,75.0,102.0,77.0,233.0,322.0,151.0
2021-06-10 13:00:00+00:00,73.0,101.0,6.0,196.0,64.0,256.0,154.0,2.0,0.0,0.0,0.0,0.0,0.0,143.0,0.0,0.0,0.0,0.0,0.0,0.0,0.0,92.0,0.0,1.0,0.0,94.0,0.0,0.0,1299.0,58.0,0.0,0.0,0.0,0.0,12.0,0.0,76.0,64.0,56.0,230.0,351.0,151.0
2021-06-10 14:00:00+00:00,45.0,266.0,5.0,186.0,66.0,313.0,147.0,1.0,0.0,1.0,0.0,0.0,0.0,55.0,0.0,0.0,1.0,0.0,0.0,0.0,0.0,75.0,0.0,0.0,0.0,74.0,0.0,0.0,1413.0,63.0,0.0,0.0,0.0,0.0,62.0,0.0,86.0,72.0,102.0,141.0,390.0,151.0
2021-06-10 15:00:00+00:00,2.0,593.0,7.0,202.0,181.0,219.0,145.0,1.0,12.0,35.0,0.0,0.0,0.0,0.0,0.0,0.0,0.0,0.0,0.0,0.0,0.0,13.0,0.0,3.0,0.0,121.0,0.0,24.0,1270.0,52.0,0.0,0.0,106.0,0.0,198.0,0.0,89.0,77.0,209.0,7.0,447.0,150.0
2021-06-10 16:00:00+00:00,0.0,828.0,1.0,135.0,231.0,156.0,62.0,24.0,203.0,107.0,0.0,0.0,0.0,0.0,0.0,4.0,0.0,0.0,0.0,0.0,0.0,0.0,0.0,0.0,0.0,52.0,0.0,146.0,874.0,29.0,0.0,0.0,257.0,0.0,285.0,0.0,13.0,167.0,290.0,0.0,430.0,149.0
2021-06-10 17:00:00+00:00,0.0,761.0,1.0,150.0,253.0,205.0,125.0,18.0,207.0,133.0,0.0,0.0,0.0,0.0,0.0,0.0,15.0,0.0,0.0,0.0,292.0,0.0,0.0,0.0,0.0,0.0,0.0,160.0,867.0,44.0,0.0,3.0,258.0,0.0,266.0,0.0,19.0,141.0,261.0,0.0,421.0,150.0
2021-06-10 18:00:00+00:00,0.0,621.0,2.0,225.0,313.0,297.0,91.0,3.0,151.0,128.0,0.0,0.0,0.0,0.0,0.0,0.0,19.0,0.0,0.0,0.0,424.0,0.0,0.0,0.0,0.0,0.0,0.0,159.0,1318.0,71.0,0.0,122.0,195.0,0.0,221.0,0.0,68.0,111.0,222.0,0.0,406.0,150.0
2021-06-10 19:00:00+00:00,0.0,541.0,4.0,233.0,315.0,366.0,21.0,0.0,101.0,128.0,0.0,0.0,0.0,0.0,0.0,0.0,0.0,0.0,0.0,0.0,488.0,0.0,0.0,1.0,0.0,0.0,0.0,162.0,1410.0,112.0,0.0,35.0,174.0,0.0,225.0,0.0,73.0,82.0,239.0,0.0,420.0,149.0
2021-06-10 20:00:00+00:00,0.0,416.0,6.0,280.0,322.0,397.0,48.0,0.0,21.0,137.0,0.0,0.0,0.0,0.0,0.0,0.0,0.0,0.0,0.0,0.0,573.0,5.0,0.0,11.0,0.0,6.0,0.0,121.0,1409.0,119.0,0.0,0.0,122.0,0.0,179.0,0.0,109.0,70.0,214.0,0.0,438.0,150.0
2021-06-10 21:00:00+00:00,0.0,284.0,47.0,288.0,302.0,441.0,83.0,0.0,1.0,149.0,0.0,0.0,0.0,0.0,0.0,0.0,0.0,0.0,0.0,0.0,576.0,62.0,0.0,2.0,0.0,145.0,0.0,103.0,1379.0,131.0,0.0,0.0,71.0,0.0,142.0,0.0,145.0,31.0,196.0,0.0,493.0,150.0
2021-06-10 22:00:00+00:00,116.0,30.0,83.0,347.0,193.0,482.0,78.0,0.0,0.0,6.0,0.0,0.0,0.0,32.0,0.0,0.0,0.0,0.0,0.0,0.0,600.0,349.0,0.0,2.0,0.0,233.0,0.0,31.0,1413.0,143.0,0.0,0.0,4.0,0.0,37.0,0.0,190.0,10.0,181.0,0.0,428.0,150.0
2021-06-10 23:00:00+00:00,180.0,0.0,101.0,335.0,138.0,506.0,43.0,0.0,0.0,0.0,0.0,89.0,0.0,31.0,0.0,0.0,0.0,0.0,0.0,0.0,601.0,436.0,0.0,0.0,0.0,281.0,0.0,0.0,1410.0,169.0,0.0,0.0,1.0,0.0,15.0,0.0,207.0,3.0,119.0,71.0,388.0,150.0
2021-06-11 00:00:00+00:00,212.0,11.0,74.0,339.0,136.0,531.0,57.0,0.0,0.0,0.0,0.0,0.0,0.0,2.0,0.0,0.0,0.0,0.0,0.0,0.0,601.0,493.0,0.0,1.0,0.0,377.0,0.0,0.0,1423.0,169.0,0.0,0.0,16.0,0.0,50.0,0.0,216.0,10.0,162.0,60.0,369.0,150.0
2021-06-11 01:00:00+00:00,229.0,0.0,95.0,346.0,113.0,504.0,119.0,0.0,0.0,0.0,0.0,83.0,0.0,11.0,0.0,0.0,0.0,0.0,0.0,0.0,601.0,531.0,0.0,2.0,0.0,322.0,0.0,0.0,1409.0,146.0,0.0,0.0,6.0,0.0,24.0,0.0,225.0,5.0,179.0,64.0,358.0,152.0
2021-06-11 02:00:00+00:00,214.0,0.0,54.0,352.0,134.0,464.0,100.0,0.0,0.0,0.0,0.0,35.0,0.0,19.0,0.0,0.0,0.0,0.0,0.0,0.0,600.0,515.0,0.0,30.0,0.0,337.0,0.0,0.0,1412.0,147.0,0.0,0.0,11.0,0.0,32.0,0.0,250.0,26.0,166.0,56.0,368.0,150.0
2021-06-11 03:00:00+00:00,240.0,0.0,46.0,289.0,42.0,412.0,29.0,0.0,0.0,0.0,0.0,167.0,27.0,27.0,0.0,0.0,0.0,0.0,0.0,0.0,600.0,487.0,0.0,2.0,0.0,253.0,0.0,0.0,1124.0,153.0,0.0,0.0,1.0,0.0,0.0,0.0,174.0,17.0,44.0,173.0,334.0,150.0
2021-06-11 04:00:00+00:00,161.0,174.0,15.0,249.0,103.0,108.0,136.0,0.0,0.0,0.0,0.0,0.0,0.0,0.0,0.0,0.0,0.0,0.0,0.0,0.0,600.0,306.0,0.0,16.0,0.0,157.0,0.0,,694.0,20.0,0.0,0.0,100.0,0.0,92.0,0.0,106.0,60.0,203.0,,351.0,150.0
2021-06-11 05:00:00+00:00,8.0,485.0,2.0,168.0,148.0,96.0,28.0,35.0,0.0,18.0,0.0,0.0,0.0,0.0,0.0,0.0,0.0,0.0,0.0,0.0,601.0,57.0,0.0,30.0,0.0,57.0,0.0,,634.0,7.0,0.0,0.0,123.0,0.0,151.0,0.0,5.0,154.0,260.0,,355.0,151.0
2021-06-11 06:00:00+00:00,1.0,495.0,0.0,183.0,150.0,123.0,54.0,15.0,3.0,42.0,0.0,0.0,0.0,47.0,0.0,0.0,0.0,0.0,0.0,0.0,601.0,20.0,0.0,32.0,0.0,1.0,0.0,0.0,634.0,30.0,0.0,0.0,8.0,0.0,52.0,0.0,23.0,152.0,191.0,76.0,367.0,151.0
2021-06-11 07:00:00+00:00,0.0,313.0,2.0,197.0,143.0,224.0,120.0,4.0,4.0,77.0,0.0,0.0,0.0,153.0,0.0,0.0,0.0,0.0,0.0,0.0,602.0,22.0,0.0,46.0,0.0,0.0,0.0,0.0,634.0,26.0,0.0,3.0,0.0,0.0,8.0,0.0,47.0,104.0,173.0,143.0,322.0,151.0
2021-06-11 08:00:00+00:00,2.0,63.0,2.0,203.0,67.0,177.0,76.0,1.0,0.0,26.0,0.0,0.0,99.0,280.0,0.0,0.0,0.0,0.0,0.0,0.0,602.0,105.0,0.0,5.0,0.0,24.0,0.0,0.0,633.0,22.0,0.0,0.0,0.0,0.0,0.0,0.0,72.0,96.0,99.0,267.0,270.0,150.0
2021-06-11 09:00:00+00:00,50.0,0.0,6.0,262.0,53.0,183.0,70.0,0.0,0.0,0.0,0.0,80.0,153.0,364.0,0.0,0.0,0.0,0.0,0.0,0.0,601.0,240.0,0.0,2.0,0.0,17.0,0.0,0.0,633.0,42.0,0.0,0.0,0.0,0.0,0.0,0.0,139.0,67.0,57.0,321.0,263.0,150.0
2021-06-11 10:00:00+00:00,73.0,0.0,10.0,262.0,28.0,234.0,175.0,0.0,0.0,0.0,0.0,240.0,167.0,387.0,0.0,0.0,0.0,0.0,0.0,0.0,602.0,249.0,0.0,4.0,0.0,57.0,0.0,0.0,633.0,51.0,0.0,0.0,0.0,0.0,0.0,0.0,103.0,52.0,30.0,349.0,256.0,150.0
2021-06-11 11:00:00+00:00,128.0,0.0,17.0,252.0,0.0,226.0,202.0,0.0,0.0,0.0,0.0,294.0,184.0,408.0,0.0,0.0,3.0,0.0,0.0,0.0,602.0,306.0,0.0,0.0,0.0,56.0,0.0,0.0,634.0,55.0,0.0,0.0,0.0,12.0,0.0,9.0,81.0,43.0,0.0,412.0,231.0,151.0
2021-06-11 12:00:00+00:00,148.0,0.0,5.0,247.0,0.0,240.0,212.0,1.0,0.0,0.0,0.0,303.0,177.0,382.0,0.0,0.0,0.0,0.0,0.0,0.0,601.0,269.0,0.0,3.0,0.0,76.0,0.0,0.0,634.0,52.0,0.0,0.0,0.0,34.0,0.0,0.0,74.0,87.0,13.0,421.0,200.0,150.0
2021-06-11 13:00:00+00:00,153.0,0.0,16.0,262.0,0.0,294.0,193.0,0.0,0.0,0.0,0.0,307.0,158.0,323.0,0.0,0.0,2.0,0.0,0.0,0.0,601.0,265.0,0.0,0.0,0.0,124.0,0.0,0.0,1131.0,62.0,0.0,0.0,0.0,11.0,0.0,0.0,119.0,43.0,11.0,413.0,216.0,150.0
2021-06-11 14:00:00+00:00,170.0,0.0,38.0,306.0,54.0,396.0,215.0,0.0,0.0,0.0,0.0,259.0,123.0,251.0,0.0,0.0,0.0,0.0,0.0,0.0,601.0,345.0,0.0,20.0,0.0,181.0,0.0,0.0,1399.0,55.0,0.0,0.0,0.0,0.0,0.0,0.0,183.0,20.0,26.0,332.0,271.0,150.0
2021-06-11 15:00:00+00:00,113.0,0.0,13.0,284.0,93.0,317.0,211.0,0.0,0.0,0.0,0.0,122.0,73.0,140.0,0.0,0.0,0.0,0.0,0.0,0.0,601.0,251.0,0.0,22.0,0.0,123.0,0.0,0.0,1118.0,47.0,0.0,0.0,0.0,0.0,0.0,0.0,91.0,59.0,74.0,253.0,269.0,150.0
2021-06-11 16:00:00+00:00,124.0,118.0,2.0,248.0,139.0,258.0,191.0,1.0,0.0,0.0,0.0,0.0,0.0,15.0,0.0,0.0,1.0,0.0,0.0,0.0,601.0,145.0,0.0,0.0,0.0,52.0,0.0,0.0,692.0,47.0,0.0,0.0,3.0,0.0,25.0,0.0,58.0,103.0,47.0,166.0,290.0,146.0
2021-06-11 17:00:00+00:00,83.0,182.0,5.0,245.0,161.0,221.0,159.0,0.0,0.0,0.0,0.0,0.0,0.0,0.0,0.0,0.0,12.0,0.0,0.0,0.0,601.0,90.0,0.0,0.0,0.0,9.0,0.0,0.0,635.0,52.0,0.0,0.0,35.0,0.0,65.0,0.0,71.0,70.0,77.0,71.0,306.0,143.0
2021-06-11 18:00:00+00:00,125.0,67.0,7.0,282.0,161.0,388.0,115.0,0.0,0.0,0.0,0.0,0.0,0.0,20.0,0.0,0.0,16.0,0.0,0.0,0.0,601.0,138.0,0.0,0.0,0.0,0.0,0.0,0.0,1117.0,94.0,0.0,50.0,7.0,0.0,25.0,31.0,121.0,71.0,5.0,138.0,315.0,148.0
2021-06-11 19:00:00+00:00,149.0,65.0,28.0,289.0,158.0,531.0,233.0,0.0,0.0,0.0,0.0,0.0,0.0,14.0,0.0,0.0,0.0,0.0,0.0,0.0,601.0,192.0,0.0,0.0,0.0,0.0,0.0,0.0,1382.0,165.0,0.0,41.0,7.0,0.0,22.0,32.0,122.0,26.0,0.0,121.0,365.0,145.0
2021-06-11 20:00:00+00:00,140.0,3.0,18.0,279.0,126.0,611.0,283.0,0.0,0.0,0.0,0.0,0.0,0.0,2.0,0.0,0.0,0.0,0.0,0.0,0.0,601.0,219.0,0.0,18.0,0.0,19.0,0.0,0.0,1395.0,154.0,0.0,0.0,22.0,0.0,18.0,31.0,131.0,42.0,0.0,159.0,360.0,145.0
2021-06-11 21:00:00+00:00,138.0,0.0,76.0,343.0,129.0,652.0,299.0,0.0,0.0,0.0,0.0,123.0,31.0,86.0,0.0,0.0,0.0,0.0,0.0,0.0,601.0,365.0,0.0,12.0,0.0,213.0,0.0,0.0,1335.0,163.0,0.0,0.0,0.0,0.0,0.0,25.0,218.0,9.0,0.0,174.0,398.0,146.0
2021-06-11 22:00:00+00:00,249.0,0.0,80.0,313.0,0.0,598.0,193.0,0.0,0.0,0.0,0.0,548.0,155.0,225.0,0.0,0.0,0.0,0.0,0.0,0.0,600.0,486.0,0.0,17.0,0.0,220.0,0.0,0.0,898.0,207.0,0.0,0.0,0.0,8.0,0.0,186.0,241.0,8.0,0.0,406.0,321.0,147.0
2021-06-11 23:00:00+00:00,297.0,0.0,87.0,287.0,0.0,613.0,201.0,0.0,0.0,0.0,0.0,612.0,184.0,239.0,0.0,0.0,0.0,0.0,0.0,0.0,600.0,497.0,0.0,3.0,0.0,168.0,0.0,0.0,459.0,219.0,0.0,0.0,0.0,44.0,0.0,236.0,210.0,6.0,0.0,466.0,313.0,147.0
2021-06-12 00:00:00+00:00,333.0,0.0,88.0,296.0,0.0,602.0,218.0,0.0,0.0,0.0,0.0,577.0,171.0,216.0,0.0,0.0,0.0,0.0,0.0,0.0,600.0,572.0,0.0,2.0,0.0,216.0,0.0,0.0,412.0,221.0,0.0,0.0,0.0,49.0,0.0,206.0,232.0,9.0,0.0,428.0,327.0,146.0
2021-06-12 01:00:00+00:00,360.0,0.0,90.0,292.0,0.0,611.0,219.0,0.0,0.0,0.0,0.0,617.0,194.0,223.0,0.0,0.0,0.0,0.0,0.0,0.0,600.0,608.0,0.0,19.0,0.0,180.0,0.0,0.0,412.0,221.0,0.0,0.0,0.0,79.0,0.0,156.0,223.0,3.0,0.0,419.0,291.0,147.0
2021-06-12 02:00:00+00:00,340.0,0.0,74.0,307.0,0.0,572.0,258.0,0.0,0.0,0.0,0.0,548.0,170.0,220.0,0.0,0.0,0.0,0.0,0.0,0.0,600.0,600.0,0.0,0.0,0.0,222.0,0.0,0.0,411.0,203.0,0.0,0.0,0.0,50.0,0.0,172.0,248.0,11.0,0.0,420.0,311.0,147.0
2021-06-12 03:00:00+00:00,363.0,0.0,75.0,272.0,0.0,577.0,260.0,0.0,0.0,0.0,0.0,566.0,171.0,202.0,0.0,0.0,0.0,0.0,0.0,0.0,601.0,603.0,0.0,2.0,0.0,314.0,0.0,0.0,411.0,199.0,0.0,0.0,0.0,124.0,0.0,239.0,202.0,6.0,0.0,490.0,282.0,147.0
2021-06-12 04:00:00+00:00,311.0,0.0,67.0,308.0,0.0,481.0,331.0,0.0,0.0,0.0,0.0,476.0,150.0,179.0,0.0,0.0,0.0,0.0,0.0,0.0,600.0,580.0,0.0,0.0,0.0,226.0,0.0,0.0,466.0,154.0,0.0,0.0,0.0,40.0,0.0,211.0,207.0,7.0,0.0,490.0,234.0,146.0
2021-06-12 05:00:00+00:00,239.0,0.0,38.0,313.0,50.0,497.0,282.0,0.0,0.0,0.0,0.0,533.0,162.0,207.0,0.0,0.0,0.0,0.0,0.0,0.0,600.0,509.0,0.0,3.0,0.0,11.0,0.0,0.0,633.0,175.0,0.0,0.0,0.0,0.0,0.0,138.0,140.0,20.0,0.0,440.0,213.0,147.0
2021-06-12 06:00:00+00:00,153.0,0.0,48.0,320.0,83.0,498.0,283.0,0.0,0.0,0.0,0.0,664.0,195.0,298.0,0.0,0.0,0.0,0.0,0.0,0.0,602.0,435.0,0.0,29.0,0.0,0.0,0.0,0.0,640.0,172.0,0.0,70.0,0.0,0.0,0.0,81.0,193.0,14.0,0.0,417.0,189.0,146.0
2021-06-12 07:00:00+00:00,119.0,0.0,72.0,332.0,90.0,370.0,249.0,0.0,0.0,0.0,0.0,762.0,221.0,364.0,0.0,0.0,0.0,0.0,0.0,0.0,602.0,416.0,0.0,67.0,0.0,0.0,0.0,0.0,639.0,110.0,0.0,51.0,0.0,0.0,0.0,63.0,222.0,7.0,0.0,435.0,175.0,145.0
2021-06-12 08:00:00+00:00,140.0,0.0,79.0,331.0,61.0,389.0,261.0,0.0,0.0,0.0,0.0,808.0,244.0,392.0,0.0,0.0,0.0,0.0,0.0,0.0,602.0,416.0,0.0,6.0,0.0,0.0,0.0,0.0,634.0,107.0,0.0,12.0,0.0,0.0,0.0,94.0,242.0,3.0,0.0,479.0,145.0,144.0
2021-06-12 09:00:00+00:00,147.0,0.0,126.0,357.0,63.0,568.0,341.0,0.0,0.0,0.0,0.0,831.0,257.0,437.0,0.0,0.0,0.0,0.0,0.0,0.0,597.0,455.0,0.0,1.0,0.0,0.0,0.0,0.0,636.0,161.0,0.0,1.0,0.0,0.0,0.0,110.0,247.0,2.0,0.0,496.0,147.0,145.0
2021-06-12 10:00:00+00:00,120.0,0.0,99.0,353.0,78.0,569.0,342.0,0.0,0.0,0.0,0.0,696.0,236.0,443.0,0.0,0.0,0.0,0.0,0.0,0.0,592.0,437.0,0.0,3.0,0.0,0.0,0.0,0.0,633.0,164.0,0.0,38.0,0.0,0.0,0.0,129.0,254.0,2.0,0.0,474.0,136.0,144.0
2021-06-12 11:00:00+00:00,121.0,0.0,124.0,356.0,71.0,568.0,281.0,0.0,0.0,0.0,0.0,698.0,242.0,438.0,0.0,0.0,4.0,0.0,0.0,0.0,593.0,416.0,0.0,0.0,0.0,0.0,0.0,0.0,627.0,162.0,0.0,58.0,0.0,0.0,0.0,145.0,248.0,2.0,0.0,484.0,125.0,143.0
2021-06-12 12:00:00+00:00,124.0,0.0,141.0,351.0,63.0,550.0,285.0,0.0,0.0,0.0,0.0,744.0,234.0,438.0,0.0,0.0,14.0,0.0,0.0,0.0,591.0,424.0,0.0,0.0,0.0,0.0,0.0,0.0,621.0,133.0,0.0,48.0,0.0,0.0,0.0,170.0,221.0,2.0,0.0,473.0,160.0,149.0
2021-06-12 13:00:00+00:00,127.0,0.0,122.0,343.0,43.0,468.0,148.0,0.0,0.0,0.0,0.0,750.0,236.0,423.0,0.0,0.0,32.0,0.0,0.0,0.0,586.0,440.0,0.0,0.0,0.0,0.0,0.0,0.0,626.0,98.0,0.0,40.0,0.0,0.0,0.0,217.0,242.0,0.0,0.0,492.0,185.0,164.0
2021-06-12 14:00:00+00:00,139.0,0.0,170.0,329.0,37.0,470.0,157.0,0.0,0.0,0.0,0.0,750.0,232.0,381.0,0.0,0.0,0.0,0.0,0.0,0.0,572.0,433.0,0.0,2.0,0.0,0.0,0.0,0.0,641.0,82.0,0.0,75.0,0.0,0.0,0.0,246.0,207.0,0.0,0.0,467.0,222.0,141.0
2021-06-12 15:00:00+00:00,142.0,0.0,153.0,343.0,50.0,609.0,309.0,0.0,0.0,0.0,0.0,680.0,222.0,361.0,0.0,0.0,0.0,0.0,0.0,0.0,595.0,432.0,0.0,1.0,0.0,0.0,0.0,0.0,969.0,90.0,0.0,104.0,0.0,0.0,0.0,331.0,219.0,2.0,0.0,511.0,239.0,136.0
2021-06-12 16:00:00+00:00,121.0,0.0,46.0,310.0,69.0,629.0,343.0,0.0,0.0,0.0,0.0,514.0,166.0,270.0,0.0,0.0,0.0,0.0,0.0,0.0,601.0,364.0,0.0,2.0,0.0,0.0,0.0,0.0,1107.0,101.0,0.0,59.0,0.0,0.0,0.0,292.0,163.0,17.0,0.0,427.0,252.0,135.0
2021-06-12 17:00:00+00:00,95.0,0.0,26.0,304.0,83.0,590.0,323.0,0.0,0.0,0.0,0.0,312.0,105.0,180.0,0.0,0.0,0.0,0.0,0.0,0.0,601.0,321.0,0.0,3.0,0.0,0.0,0.0,0.0,1123.0,102.0,0.0,126.0,0.0,0.0,0.0,236.0,140.0,30.0,0.0,363.0,239.0,136.0
2021-06-12 18:00:00+00:00,130.0,0.0,46.0,328.0,80.0,536.0,294.0,0.0,0.0,0.0,0.0,472.0,161.0,218.0,0.0,0.0,0.0,0.0,0.0,0.0,601.0,364.0,0.0,1.0,0.0,0.0,0.0,0.0,1027.0,101.0,0.0,177.0,0.0,0.0,0.0,275.0,179.0,17.0,0.0,416.0,219.0,137.0
2021-06-12 19:00:00+00:00,130.0,0.0,77.0,322.0,71.0,655.0,259.0,0.0,0.0,0.0,0.0,521.0,191.0,275.0,0.0,0.0,0.0,0.0,0.0,0.0,601.0,376.0,0.0,12.0,0.0,0.0,0.0,0.0,1072.0,119.0,0.0,226.0,0.0,0.0,0.0,292.0,194.0,7.0,0.0,480.0,223.0,138.0
2021-06-12 20:00:00+00:00,172.0,0.0,93.0,349.0,69.0,551.0,120.0,0.0,0.0,0.0,0.0,434.0,171.0,287.0,0.0,0.0,0.0,0.0,0.0,0.0,601.0,450.0,0.0,14.0,0.0,0.0,0.0,0.0,803.0,78.0,0.0,133.0,0.0,0.0,0.0,165.0,207.0,4.0,0.0,404.0,209.0,140.0
2021-06-12 21:00:00+00:00,180.0,0.0,102.0,330.0,42.0,438.0,227.0,0.0,0.0,0.0,0.0,510.0,197.0,350.0,0.0,0.0,0.0,0.0,0.0,0.0,597.0,450.0,0.0,4.0,0.0,94.0,0.0,0.0,754.0,72.0,0.0,0.0,0.0,0.0,0.0,207.0,201.0,6.0,0.0,444.0,271.0,140.0
2021-06-12 22:00:00+00:00,195.0,0.0,154.0,327.0,0.0,456.0,0.0,0.0,0.0,0.0,0.0,680.0,234.0,392.0,0.0,0.0,0.0,0.0,0.0,0.0,495.0,512.0,0.0,2.0,0.0,171.0,0.0,0.0,763.0,47.0,75.0,0.0,0.0,6.0,0.0,217.0,215.0,2.0,0.0,488.0,272.0,139.0
2021-06-12 23:00:00+00:00,211.0,0.0,194.0,292.0,0.0,404.0,0.0,0.0,0.0,0.0,0.0,706.0,235.0,384.0,0.0,0.0,0.0,0.0,0.0,0.0,597.0,525.0,0.0,0.0,0.0,192.0,0.0,0.0,630.0,28.0,103.0,0.0,0.0,39.0,0.0,200.0,194.0,0.0,0.0,491.0,274.0,142.0
2021-06-13 00:00:00+00:00,227.0,0.0,259.0,299.0,0.0,378.0,0.0,0.0,0.0,0.0,0.0,705.0,215.0,374.0,0.0,0.0,0.0,0.0,0.0,0.0,600.0,572.0,0.0,2.0,0.0,294.0,0.0,0.0,421.0,46.0,69.0,0.0,0.0,35.0,0.0,201.0,175.0,0.0,0.0,485.0,281.0,142.0
2021-06-13 01:00:00+00:00,147.0,0.0,274.0,280.0,0.0,410.0,0.0,0.0,0.0,0.0,0.0,703.0,204.0,354.0,0.0,0.0,0.0,0.0,0.0,0.0,600.0,546.0,0.0,1.0,0.0,325.0,0.0,0.0,411.0,51.0,81.0,0.0,0.0,41.0,0.0,180.0,157.0,0.0,0.0,477.0,261.0,143.0
2021-06-13 02:00:00+00:00,120.0,0.0,254.0,300.0,6.0,448.0,0.0,0.0,0.0,0.0,0.0,621.0,162.0,305.0,0.0,0.0,0.0,0.0,0.0,0.0,600.0,533.0,0.0,0.0,0.0,385.0,0.0,0.0,412.0,71.0,6.0,0.0,0.0,0.0,0.0,111.0,179.0,0.0,0.0,417.0,251.0,142.0
2021-06-13 03:00:00+00:00,139.0,0.0,232.0,269.0,0.0,477.0,25.0,0.0,0.0,0.0,0.0,699.0,190.0,324.0,0.0,0.0,0.0,0.0,0.0,0.0,601.0,547.0,0.0,2.0,0.0,388.0,0.0,0.0,412.0,89.0,0.0,0.0,0.0,54.0,0.0,155.0,141.0,0.0,0.0,447.0,211.0,140.0
2021-06-13 04:00:00+00:00,134.0,0.0,225.0,311.0,0.0,485.0,105.0,0.0,0.0,0.0,0.0,694.0,197.0,290.0,0.0,0.0,36.0,0.0,0.0,0.0,600.0,550.0,0.0,0.0,0.0,313.0,0.0,0.0,412.0,107.0,0.0,0.0,0.0,2.0,0.0,228.0,162.0,1.0,0.0,421.0,80.0,138.0
2021-06-13 05:00:00+00:00,152.0,0.0,222.0,346.0,20.0,305.0,3.0,0.0,0.0,0.0,0.0,782.0,211.0,312.0,0.0,0.0,50.0,0.0,0.0,0.0,600.0,559.0,0.0,0.0,0.0,294.0,0.0,0.0,544.0,39.0,0.0,0.0,0.0,0.0,0.0,233.0,127.0,0.0,0.0,388.0,18.0,139.0
2021-06-13 06:00:00+00:00,149.0,0.0,262.0,372.0,54.0,260.0,0.0,0.0,0.0,0.0,0.0,798.0,209.0,341.0,52.0,0.0,43.0,0.0,0.0,0.0,601.0,558.0,0.0,0.0,0.0,254.0,0.0,0.0,545.0,42.0,51.0,0.0,0.0,0.0,0.0,231.0,154.0,0.0,0.0,319.0,0.0,140.0
2021-06-13 07:00:00+00:00,134.0,0.0,348.0,385.0,68.0,247.0,0.0,0.0,0.0,0.0,0.0,861.0,238.0,399.0,86.0,0.0,29.0,0.0,0.0,0.0,602.0,540.0,0.0,0.0,0.0,160.0,0.0,0.0,546.0,18.0,157.0,0.0,0.0,0.0,0.0,208.0,162.0,0.0,0.0,323.0,0.0,137.0
2021-06-13 08:00:00+00:00,153.0,0.0,397.0,399.0,78.0,281.0,0.0,0.0,0.0,0.0,0.0,932.0,256.0,419.0,98.0,0.0,20.0,0.0,0.0,0.0,596.0,548.0,0.0,0.0,0.0,83.0,0.0,0.0,546.0,8.0,210.0,0.0,0.0,0.0,0.0,179.0,174.0,0.0,0.0,304.0,0.0,138.0
2021-06-13 09:00:00+00:00,171.0,0.0,433.0,408.0,73.0,292.0,0.0,0.0,0.0,0.0,0.0,1022.0,275.0,439.0,104.0,0.0,4.0,0.0,0.0,0.0,591.0,553.0,0.0,0.0,0.0,41.0,0.0,0.0,577.0,10.0,124.0,0.0,0.0,0.0,0.0,171.0,159.0,0.0,0.0,305.0,0.0,138.0
2021-06-13 10:00:00+00:00,217.0,0.0,418.0,376.0,2.0,368.0,25.0,0.0,0.0,0.0,0.0,1134.0,302.0,434.0,122.0,0.0,0.0,0.0,0.0,0.0,591.0,550.0,0.0,1.0,0.0,133.0,0.0,0.0,576.0,38.0,0.0,0.0,0.0,0.0,0.0,181.0,101.0,0.0,0.0,332.0,0.0,139.0
2021-06-13 11:00:00+00:00,249.0,0.0,427.0,371.0,0.0,369.0,31.0,1.0,0.0,0.0,0.0,1188.0,295.0,390.0,120.0,0.0,0.0,0.0,0.0,0.0,572.0,574.0,0.0,4.0,0.0,251.0,0.0,0.0,544.0,46.0,0.0,0.0,0.0,27.0,0.0,187.0,64.0,0.0,0.0,337.0,0.0,140.0
2021-06-13 12:00:00+00:00,220.0,0.0,477.0,383.0,33.0,361.0,0.0,0.0,0.0,0.0,0.0,1153.0,271.0,346.0,90.0,0.0,0.0,0.0,0.0,0.0,589.0,561.0,0.0,3.0,0.0,243.0,0.0,0.0,546.0,17.0,23.0,0.0,0.0,0.0,0.0,182.0,107.0,0.0,0.0,303.0,0.0,134.0
2021-06-13 13:00:00+00:00,224.0,0.0,474.0,369.0,0.0,316.0,71.0,1.0,0.0,0.0,0.0,1176.0,292.0,365.0,85.0,0.0,0.0,0.0,0.0,0.0,591.0,571.0,0.0,1.0,0.0,209.0,0.0,0.0,545.0,20.0,0.0,0.0,0.0,6.0,0.0,225.0,87.0,0.0,0.0,340.0,0.0,143.0
2021-06-13 14:00:00+00:00,203.0,0.0,405.0,363.0,14.0,333.0,42.0,0.0,0.0,0.0,0.0,1112.0,269.0,336.0,52.0,0.0,18.0,0.0,0.0,0.0,596.0,554.0,0.0,0.0,0.0,216.0,0.0,0.0,545.0,25.0,0.0,0.0,0.0,0.0,0.0,215.0,135.0,0.0,0.0,296.0,0.0,145.0
2021-06-13 15:00:00+00:00,130.0,0.0,375.0,403.0,113.0,436.0,61.0,0.0,0.0,0.0,0.0,756.0,143.0,246.0,1.0,0.0,0.0,0.0,0.0,0.0,601.0,533.0,0.0,0.0,0.0,352.0,0.0,0.0,811.0,31.0,0.0,0.0,0.0,0.0,0.0,138.0,236.0,0.0,0.0,154.0,13.0,143.0
2021-06-13 16:00:00+00:00,59.0,0.0,173.0,458.0,276.0,754.0,314.0,0.0,0.0,0.0,0.0,205.0,0.0,69.0,0.0,0.0,0.0,0.0,0.0,0.0,601.0,489.0,0.0,0.0,0.0,427.0,0.0,39.0,1323.0,108.0,0.0,0.0,0.0,0.0,13.0,0.0,335.0,2.0,60.0,0.0,160.0,143.0
2021-06-13 17:00:00+00:00,15.0,86.0,166.0,462.0,318.0,736.0,328.0,0.0,0.0,6.0,0.0,0.0,0.0,0.0,0.0,0.0,0.0,0.0,0.0,0.0,601.0,458.0,0.0,2.0,0.0,322.0,0.0,118.0,1402.0,130.0,0.0,0.0,62.0,0.0,137.0,0.0,326.0,0.0,189.0,0.0,256.0,142.0
2021-06-13 18:00:00+00:00,13.0,41.0,190.0,490.0,360.0,757.0,356.0,0.0,0.0,14.0,0.0,0.0,0.0,2.0,0.0,0.0,0.0,0.0,0.0,0.0,601.0,433.0,0.0,4.0,0.0,262.0,0.0,34.0,1406.0,118.0,0.0,0.0,30.0,0.0,136.0,0.0,347.0,0.0,132.0,0.0,333.0,143.0
2021-06-13 19:00:00+00:00,11.0,0.0,193.0,462.0,326.0,809.0,315.0,0.0,0.0,11.0,0.0,25.0,0.0,13.0,0.0,0.0,0.0,0.0,0.0,0.0,601.0,426.0,0.0,13.0,0.0,228.0,0.0,0.0,1411.0,138.0,0.0,0.0,5.0,0.0,98.0,0.0,355.0,0.0,82.0,31.0,354.0,140.0
2021-06-13 20:00:00+00:00,14.0,80.0,185.0,458.0,326.0,843.0,334.0,0.0,0.0,17.0,0.0,0.0,0.0,1.0,0.0,0.0,0.0,0.0,0.0,0.0,601.0,455.0,0.0,33.0,0.0,386.0,0.0,75.0,1409.0,135.0,0.0,0.0,50.0,0.0,144.0,0.0,349.0,1.0,196.0,0.0,377.0,144.0
2021-06-13 21:00:00+00:00,21.0,0.0,211.0,458.0,348.0,791.0,390.0,0.0,0.0,10.0,0.0,114.0,0.0,30.0,0.0,0.0,0.0,0.0,0.0,0.0,601.0,474.0,0.0,5.0,0.0,392.0,0.0,35.0,1405.0,107.0,0.0,0.0,3.0,0.0,56.0,0.0,349.0,0.0,191.0,0.0,373.0,140.0
2021-06-13 22:00:00+00:00,7.0,183.0,191.0,366.0,359.0,805.0,389.0,0.0,0.0,67.0,0.0,0.0,0.0,1.0,0.0,0.0,0.0,0.0,0.0,0.0,601.0,391.0,0.0,3.0,0.0,399.0,0.0,87.0,1406.0,128.0,0.0,0.0,84.0,0.0,144.0,0.0,251.0,2.0,283.0,0.0,389.0,141.0
2021-06-13 23:00:00+00:00,1.0,279.0,167.0,371.0,375.0,853.0,369.0,0.0,0.0,53.0,0.0,0.0,0.0,0.0,0.0,0.0,50.0,0.0,0.0,0.0,601.0,449.0,0.0,0.0,0.0,384.0,0.0,173.0,1405.0,139.0,0.0,0.0,144.0,0.0,184.0,0.0,309.0,2.0,377.0,0.0,400.0,144.0
2021-06-14 00:00:00+00:00,0.0,379.0,202.0,345.0,391.0,848.0,362.0,0.0,0.0,91.0,0.0,0.0,0.0,0.0,0.0,0.0,27.0,0.0,0.0,0.0,601.0,433.0,0.0,0.0,0.0,369.0,0.0,205.0,1415.0,153.0,0.0,0.0,177.0,0.0,205.0,0.0,288.0,0.0,416.0,0.0,391.0,143.0
2021-06-14 01:00:00+00:00,0.0,407.0,184.0,333.0,377.0,880.0,382.0,0.0,0.0,103.0,0.0,0.0,0.0,0.0,0.0,0.0,24.0,0.0,0.0,0.0,601.0,408.0,0.0,0.0,0.0,404.0,0.0,182.0,1420.0,156.0,0.0,0.0,190.0,0.0,221.0,0.0,289.0,0.0,388.0,0.0,397.0,144.0
2021-06-14 02:00:00+00:00,0.0,338.0,141.0,301.0,331.0,865.0,395.0,0.0,0.0,86.0,0.0,0.0,0.0,0.0,0.0,0.0,26.0,0.0,0.0,0.0,600.0,394.0,0.0,0.0,0.0,392.0,0.0,118.0,1421.0,152.0,0.0,0.0,169.0,0.0,197.0,0.0,231.0,0.0,334.0,0.0,376.0,143.0
2021-06-14 03:00:00+00:00,0.0,203.0,38.0,234.0,247.0,774.0,375.0,0.0,0.0,78.0,0.0,0.0,0.0,0.0,0.0,0.0,39.0,0.0,0.0,0.0,601.0,306.0,0.0,0.0,0.0,269.0,0.0,10.0,1407.0,128.0,0.0,0.0,160.0,0.0,157.0,0.0,150.0,40.0,232.0,33.0,320.0,143.0
2021-06-14 04:00:00+00:00,0.0,209.0,2.0,180.0,230.0,519.0,62.0,2.0,0.0,150.0,0.0,0.0,0.0,0.0,0.0,0.0,0.0,0.0,0.0,0.0,566.0,163.0,0.0,4.0,0.0,161.0,0.0,70.0,1408.0,35.0,0.0,0.0,232.0,0.0,213.0,0.0,61.0,118.0,215.0,0.0,246.0,144.0
2021-06-14 05:00:00+00:00,0.0,660.0,0.0,122.0,225.0,535.0,57.0,83.0,9.0,101.0,0.0,0.0,0.0,0.0,0.0,0.0,0.0,0.0,0.0,0.0,1.0,21.0,0.0,20.0,0.0,23.0,0.0,223.0,1406.0,40.0,0.0,0.0,318.0,0.0,311.0,0.0,1.0,201.0,234.0,0.0,191.0,140.0
2021-06-14 06:00:00+00:00,0.0,505.0,2.0,129.0,216.0,503.0,148.0,12.0,2.0,108.0,0.0,0.0,0.0,0.0,0.0,0.0,0.0,0.0,0.0,0.0,0.0,38.0,0.0,24.0,0.0,5.0,0.0,90.0,1408.0,43.0,0.0,0.0,213.0,0.0,266.0,0.0,31.0,205.0,0.0,0.0,292.0,140.0
2021-06-14 07:00:00+00:00,0.0,411.0,3.0,163.0,238.0,581.0,260.0,2.0,2.0,133.0,0.0,0.0,0.0,0.0,0.0,0.0,0.0,0.0,0.0,0.0,0.0,47.0,0.0,3.0,0.0,172.0,0.0,112.0,1411.0,53.0,0.0,0.0,205.0,0.0,248.0,0.0,56.0,104.0,0.0,0.0,306.0,142.0
2021-06-14 08:00:00+00:00,38.0,228.0,23.0,247.0,172.0,654.0,298.0,0.0,0.0,1.0,0.0,0.0,0.0,8.0,0.0,0.0,0.0,0.0,0.0,0.0,0.0,284.0,0.0,2.0,0.0,183.0,0.0,0.0,1407.0,58.0,0.0,0.0,13.0,0.0,103.0,0.0,187.0,38.0,0.0,56.0,131.0,142.0
2021-06-14 09:00:00+00:00,88.0,63.0,42.0,254.0,112.0,613.0,239.0,0.0,0.0,0.0,0.0,0.0,0.0,71.0,0.0,0.0,50.0,0.0,0.0,0.0,0.0,358.0,0.0,0.0,0.0,187.0,0.0,0.0,1406.0,46.0,0.0,0.0,0.0,0.0,5.0,0.0,222.0,22.0,0.0,137.0,54.0,142.0
2021-06-14 10:00:00+00:00,84.0,0.0,60.0,228.0,73.0,613.0,302.0,0.0,0.0,0.0,0.0,57.0,51.0,72.0,3.0,0.0,43.0,0.0,0.0,0.0,0.0,335.0,0.0,0.0,0.0,142.0,0.0,0.0,1409.0,53.0,0.0,0.0,0.0,0.0,0.0,0.0,162.0,7.0,0.0,170.0,18.0,141.0
2021-06-14 11:00:00+00:00,86.0,0.0,30.0,220.0,69.0,653.0,390.0,0.0,0.0,0.0,0.0,106.0,66.0,71.0,1.0,0.0,40.0,0.0,0.0,0.0,0.0,320.0,0.0,0.0,0.0,107.0,0.0,0.0,1411.0,63.0,0.0,0.0,0.0,0.0,0.0,0.0,159.0,18.0,0.0,160.0,27.0,142.0
2021-06-14 12:00:00+00:00,122.0,0.0,9.0,197.0,23.0,605.0,287.0,0.0,0.0,0.0,0.0,157.0,98.0,67.0,10.0,0.0,47.0,0.0,0.0,0.0,0.0,340.0,0.0,0.0,0.0,104.0,0.0,0.0,1409.0,50.0,0.0,0.0,0.0,0.0,0.0,0.0,127.0,56.0,0.0,190.0,9.0,143.0
2021-06-14 13:00:00+00:00,142.0,0.0,27.0,219.0,37.0,600.0,313.0,0.0,0.0,0.0,0.0,181.0,73.0,46.0,3.0,0.0,43.0,0.0,0.0,0.0,0.0,372.0,0.0,0.0,0.0,135.0,0.0,0.0,1404.0,51.0,0.0,0.0,0.0,0.0,0.0,0.0,136.0,27.0,0.0,171.0,21.0,142.0
2021-06-14 14:00:00+00:00,99.0,0.0,24.0,234.0,95.0,613.0,299.0,0.0,0.0,0.0,0.0,103.0,0.0,7.0,0.0,0.0,0.0,0.0,0.0,0.0,0.0,345.0,0.0,1.0,0.0,165.0,0.0,0.0,1407.0,57.0,0.0,0.0,11.0,0.0,5.0,0.0,155.0,34.0,0.0,88.0,106.0,142.0
2021-06-14 15:00:00+00:00,26.0,181.0,21.0,211.0,165.0,670.0,322.0,0.0,0.0,4.0,0.0,0.0,0.0,0.0,0.0,0.0,0.0,0.0,0.0,0.0,0.0,277.0,0.0,1.0,0.0,153.0,0.0,27.0,1404.0,65.0,0.0,0.0,191.0,0.0,133.0,0.0,132.0,38.0,0.0,0.0,222.0,144.0
2021-06-14 16:00:00+00:00,0.0,455.0,3.0,203.0,269.0,679.0,336.0,0.0,0.0,82.0,0.0,0.0,0.0,0.0,0.0,0.0,119.0,0.0,0.0,0.0,0.0,110.0,0.0,0.0,0.0,125.0,0.0,136.0,1404.0,80.0,0.0,0.0,391.0,0.0,267.0,0.0,92.0,97.0,0.0,0.0,327.0,141.0
2021-06-14 17:00:00+00:00,0.0,775.0,2.0,185.0,307.0,618.0,311.0,2.0,65.0,147.0,0.0,0.0,0.0,0.0,0.0,0.0,189.0,0.0,0.0,0.0,1.0,0.0,0.0,0.0,0.0,69.0,0.0,200.0,1406.0,98.0,0.0,0.0,514.0,0.0,363.0,0.0,54.0,116.0,0.0,0.0,383.0,143.0
2021-06-14 18:00:00+00:00,0.0,422.0,7.0,237.0,345.0,626.0,345.0,0.0,37.0,183.0,0.0,0.0,0.0,0.0,0.0,0.0,161.0,0.0,0.0,0.0,445.0,3.0,0.0,0.0,0.0,171.0,0.0,129.0,1412.0,124.0,0.0,0.0,400.0,0.0,259.0,0.0,102.0,63.0,0.0,0.0,291.0,142.0
2021-06-14 19:00:00+00:00,0.0,330.0,56.0,295.0,386.0,647.0,247.0,0.0,0.0,166.0,0.0,0.0,0.0,0.0,0.0,0.0,117.0,0.0,0.0,0.0,600.0,72.0,0.0,0.0,0.0,170.0,0.0,95.0,1409.0,118.0,0.0,0.0,348.0,0.0,235.0,0.0,192.0,13.0,0.0,0.0,274.0,142.0
2021-06-14 20:00:00+00:00,0.0,174.0,70.0,317.0,382.0,737.0,330.0,0.0,0.0,158.0,0.0,0.0,0.0,0.0,0.0,0.0,56.0,0.0,0.0,0.0,601.0,143.0,0.0,0.0,0.0,143.0,0.0,144.0,1412.0,121.0,0.0,0.0,280.0,0.0,203.0,0.0,227.0,10.0,0.0,0.0,343.0,141.0
2021-06-14 21:00:00+00:00,0.0,182.0,102.0,333.0,385.0,726.0,369.0,0.0,0.0,172.0,0.0,0.0,0.0,0.0,0.0,0.0,27.0,0.0,0.0,0.0,601.0,189.0,0.0,0.0,0.0,312.0,0.0,144.0,1074.0,153.0,0.0,0.0,187.0,0.0,188.0,0.0,215.0,7.0,0.0,0.0,326.0,142.0
2021-06-14 22:00:00+00:00,0.0,317.0,94.0,326.0,397.0,783.0,354.0,0.0,0.0,173.0,0.0,0.0,0.0,0.0,0.0,0.0,0.0,0.0,0.0,0.0,601.0,218.0,0.0,1.0,0.0,428.0,0.0,176.0,1053.0,160.0,0.0,0.0,163.0,0.0,218.0,0.0,225.0,9.0,0.0,0.0,337.0,142.0
2021-06-14 23:00:00+00:00,0.0,343.0,83.0,330.0,393.0,766.0,313.0,0.0,0.0,162.0,0.0,0.0,0.0,0.0,0.0,0.0,5.0,0.0,0.0,0.0,601.0,270.0,0.0,0.0,0.0,463.0,0.0,186.0,884.0,173.0,0.0,0.0,200.0,0.0,242.0,0.0,259.0,7.0,0.0,0.0,361.0,142.0
2021-06-15 00:00:00+00:00,0.0,467.0,94.0,325.0,414.0,733.0,287.0,0.0,0.0,177.0,0.0,0.0,0.0,0.0,0.0,0.0,2.0,0.0,0.0,0.0,601.0,237.0,0.0,0.0,0.0,503.0,0.0,190.0,877.0,171.0,0.0,0.0,254.0,0.0,284.0,0.0,239.0,3.0,0.0,0.0,368.0,141.0
2021-06-15 01:00:00+00:00,0.0,542.0,78.0,305.0,416.0,705.0,357.0,0.0,0.0,219.0,0.0,0.0,0.0,0.0,0.0,0.0,10.0,0.0,0.0,0.0,601.0,158.0,0.0,0.0,0.0,477.0,0.0,205.0,877.0,159.0,0.0,0.0,275.0,0.0,305.0,0.0,222.0,8.0,0.0,0.0,381.0,141.0
2021-06-15 02:00:00+00:00,0.0,407.0,86.0,305.0,357.0,735.0,322.0,0.0,0.0,157.0,0.0,0.0,0.0,0.0,0.0,0.0,87.0,0.0,0.0,0.0,601.0,245.0,0.0,0.0,0.0,548.0,0.0,156.0,877.0,178.0,0.0,0.0,245.0,0.0,266.0,0.0,250.0,8.0,0.0,0.0,314.0,142.0
2021-06-15 03:00:00+00:00,0.0,256.0,67.0,286.0,295.0,767.0,310.0,0.0,0.0,118.0,0.0,0.0,0.0,0.0,0.0,0.0,101.0,0.0,0.0,0.0,600.0,306.0,0.0,0.0,0.0,489.0,0.0,84.0,1187.0,184.0,0.0,0.0,204.0,0.0,210.0,0.0,224.0,10.0,0.0,0.0,219.0,142.0
2021-06-15 04:00:00+00:00,0.0,497.0,10.0,212.0,312.0,292.0,368.0,0.0,2.0,208.0,0.0,0.0,0.0,0.0,0.0,0.0,132.0,0.0,0.0,0.0,562.0,73.0,0.0,0.0,0.0,466.0,0.0,247.0,865.0,94.0,0.0,0.0,334.0,0.0,313.0,0.0,104.0,58.0,0.0,0.0,365.0,142.0
2021-06-15 05:00:00+00:00,0.0,1006.0,2.0,136.0,312.0,328.0,386.0,6.0,162.0,257.0,0.0,0.0,0.0,0.0,0.0,0.0,145.0,0.0,0.0,0.0,1.0,0.0,0.0,0.0,0.0,207.0,0.0,313.0,874.0,97.0,0.0,0.0,415.0,0.0,394.0,0.0,40.0,128.0,0.0,0.0,417.0,142.0
2021-06-15 06:00:00+00:00,0.0,979.0,0.0,116.0,296.0,349.0,356.0,5.0,249.0,310.0,0.0,0.0,0.0,0.0,0.0,0.0,26.0,0.0,0.0,0.0,0.0,0.0,0.0,0.0,0.0,197.0,0.0,250.0,821.0,113.0,0.0,0.0,332.0,0.0,371.0,0.0,39.0,162.0,0.0,0.0,388.0,139.0
2021-06-15 07:00:00+00:00,0.0,807.0,4.0,163.0,284.0,357.0,351.0,1.0,116.0,285.0,0.0,0.0,0.0,0.0,0.0,0.0,122.0,0.0,0.0,0.0,0.0,0.0,0.0,0.0,0.0,286.0,0.0,175.0,820.0,116.0,0.0,0.0,221.0,0.0,321.0,0.0,86.0,119.0,0.0,0.0,363.0,139.0
2021-06-15 08:00:00+00:00,0.0,619.0,10.0,226.0,254.0,363.0,347.0,0.0,0.0,192.0,0.0,0.0,0.0,0.0,0.0,0.0,89.0,0.0,0.0,0.0,0.0,84.0,0.0,0.0,0.0,390.0,0.0,85.0,820.0,117.0,0.0,0.0,77.0,0.0,239.0,0.0,131.0,42.0,0.0,0.0,274.0,140.0
2021-06-15 09:00:00+00:00,0.0,520.0,35.0,265.0,267.0,367.0,339.0,0.0,0.0,155.0,0.0,0.0,0.0,1.0,0.0,0.0,75.0,0.0,0.0,0.0,0.0,173.0,0.0,0.0,0.0,403.0,0.0,52.0,821.0,121.0,0.0,0.0,32.0,0.0,217.0,0.0,198.0,19.0,0.0,0.0,248.0,140.0
2021-06-15 10:00:00+00:00,0.0,424.0,105.0,168.0,255.0,373.0,386.0,0.0,0.0,152.0,0.0,0.0,0.0,23.0,0.0,0.0,94.0,0.0,0.0,0.0,0.0,63.0,0.0,0.0,0.0,336.0,0.0,1.0,821.0,118.0,0.0,0.0,1.0,0.0,172.0,0.0,212.0,2.0,0.0,7.0,178.0,141.0
2021-06-15 11:00:00+00:00,0.0,409.0,57.0,149.0,217.0,405.0,394.0,0.0,0.0,154.0,0.0,0.0,0.0,31.0,0.0,0.0,72.0,0.0,0.0,0.0,0.0,57.0,0.0,0.0,0.0,316.0,0.0,0.0,821.0,105.0,0.0,0.0,1.0,0.0,162.0,0.0,189.0,7.0,0.0,7.0,179.0,141.0
2021-06-15 12:00:00+00:00,0.0,336.0,29.0,164.0,199.0,387.0,376.0,0.0,0.0,152.0,0.0,0.0,0.0,43.0,0.0,0.0,75.0,0.0,0.0,0.0,0.0,67.0,0.0,0.0,0.0,296.0,0.0,1.0,823.0,104.0,0.0,0.0,0.0,0.0,149.0,0.0,174.0,27.0,0.0,16.0,177.0,140.0
2021-06-15 13:00:00+00:00,0.0,379.0,34.0,240.0,240.0,640.0,349.0,0.0,0.0,143.0,0.0,0.0,0.0,3.0,0.0,0.0,86.0,0.0,0.0,0.0,0.0,137.0,0.0,0.0,0.0,349.0,0.0,36.0,1309.0,143.0,0.0,0.0,27.0,0.0,184.0,0.0,158.0,26.0,0.0,0.0,223.0,141.0
2021-06-15 14:00:00+00:00,0.0,474.0,48.0,293.0,327.0,638.0,349.0,0.0,0.0,142.0,0.0,0.0,0.0,0.0,0.0,0.0,26.0,0.0,0.0,0.0,0.0,169.0,0.0,0.0,0.0,397.0,0.0,116.0,1431.0,151.0,0.0,0.0,111.0,0.0,244.0,0.0,205.0,13.0,0.0,0.0,309.0,141.0
2021-06-15 15:00:00+00:00,0.0,674.0,34.0,284.0,344.0,608.0,316.0,0.0,0.0,163.0,0.0,0.0,0.0,0.0,0.0,0.0,1.0,0.0,0.0,0.0,0.0,86.0,0.0,0.0,0.0,365.0,0.0,221.0,1330.0,154.0,0.0,0.0,237.0,0.0,306.0,0.0,148.0,28.0,0.0,0.0,409.0,141.0
2021-06-15 16:00:00+00:00,0.0,951.0,30.0,330.0,460.0,339.0,323.0,0.0,1.0,192.0,0.0,0.0,0.0,0.0,0.0,0.0,0.0,0.0,0.0,0.0,0.0,52.0,0.0,2.0,0.0,373.0,0.0,354.0,936.0,91.0,0.0,0.0,388.0,0.0,404.0,0.0,191.0,22.0,0.0,0.0,542.0,141.0
2021-06-15 17:00:00+00:00,0.0,1142.0,26.0,314.0,471.0,350.0,339.0,0.0,4.0,182.0,0.0,0.0,0.0,0.0,0.0,0.0,11.0,0.0,0.0,0.0,0.0,18.0,0.0,0.0,0.0,341.0,0.0,421.0,922.0,98.0,0.0,0.0,478.0,0.0,446.0,0.0,186.0,36.0,0.0,0.0,578.0,142.0
2021-06-15 18:00:00+00:00,0.0,1035.0,36.0,326.0,477.0,612.0,176.0,0.0,3.0,154.0,0.0,0.0,0.0,0.0,0.0,0.0,82.0,0.0,0.0,0.0,0.0,20.0,0.0,0.0,0.0,401.0,0.0,406.0,1369.0,147.0,0.0,0.0,435.0,0.0,402.0,0.0,199.0,19.0,0.0,0.0,535.0,140.0
2021-06-15 19:00:00+00:00,0.0,1031.0,86.0,364.0,529.0,677.0,138.0,0.0,1.0,136.0,0.0,0.0,0.0,0.0,0.0,0.0,70.0,0.0,0.0,0.0,0.0,59.0,0.0,0.0,0.0,425.0,0.0,430.0,1465.0,152.0,0.0,0.0,425.0,0.0,447.0,0.0,221.0,12.0,0.0,0.0,570.0,139.0
2021-06-15 20:00:00+00:00,0.0,901.0,108.0,355.0,508.0,747.0,222.0,0.0,0.0,159.0,0.0,0.0,0.0,0.0,0.0,0.0,41.0,0.0,0.0,0.0,0.0,81.0,0.0,0.0,0.0,399.0,0.0,404.0,1481.0,145.0,0.0,0.0,393.0,0.0,408.0,0.0,258.0,2.0,0.0,0.0,597.0,139.0
2021-06-15 21:00:00+00:00,0.0,723.0,142.0,383.0,471.0,792.0,318.0,0.0,0.0,109.0,0.0,0.0,0.0,0.0,0.0,0.0,92.0,0.0,0.0,0.0,0.0,225.0,0.0,0.0,0.0,470.0,0.0,341.0,1473.0,140.0,0.0,0.0,262.0,0.0,339.0,0.0,290.0,11.0,0.0,0.0,534.0,140.0
2021-06-15 22:00:00+00:00,0.0,756.0,77.0,357.0,452.0,817.0,256.0,0.0,0.0,103.0,0.0,0.0,0.0,0.0,0.0,0.0,97.0,0.0,0.0,0.0,0.0,248.0,0.0,0.0,0.0,585.0,0.0,347.0,1479.0,139.0,0.0,0.0,243.0,0.0,351.0,0.0,312.0,11.0,0.0,0.0,475.0,140.0
2021-06-15 23:00:00+00:00,0.0,807.0,40.0,342.0,446.0,777.0,247.0,0.0,0.0,99.0,0.0,0.0,0.0,0.0,0.0,0.0,85.0,0.0,0.0,0.0,0.0,261.0,0.0,0.0,0.0,633.0,0.0,354.0,1231.0,151.0,0.0,0.0,298.0,0.0,375.0,0.0,330.0,20.0,0.0,0.0,500.0,140.0
2021-06-16 00:00:00+00:00,0.0,836.0,44.0,340.0,456.0,714.0,209.0,0.0,0.0,100.0,0.0,0.0,0.0,0.0,0.0,0.0,79.0,0.0,0.0,0.0,0.0,269.0,0.0,0.0,0.0,629.0,0.0,351.0,1174.0,159.0,0.0,0.0,322.0,0.0,390.0,0.0,328.0,16.0,0.0,0.0,500.0,140.0
2021-06-16 01:00:00+00:00,0.0,810.0,42.0,339.0,458.0,694.0,227.0,0.0,0.0,106.0,0.0,0.0,0.0,0.0,0.0,0.0,71.0,0.0,0.0,0.0,0.0,267.0,0.0,0.0,0.0,566.0,0.0,341.0,1183.0,155.0,0.0,0.0,335.0,0.0,384.0,0.0,343.0,24.0,0.0,0.0,492.0,139.0
2021-06-16 02:00:00+00:00,0.0,767.0,26.0,339.0,453.0,639.0,179.0,0.0,0.0,112.0,0.0,0.0,0.0,0.0,0.0,0.0,13.0,0.0,0.0,0.0,0.0,228.0,0.0,0.0,0.0,527.0,0.0,315.0,1160.0,162.0,0.0,0.0,309.0,0.0,361.0,0.0,339.0,52.0,0.0,0.0,447.0,139.0
2021-06-16 03:00:00+00:00,0.0,720.0,26.0,291.0,418.0,602.0,125.0,0.0,0.0,130.0,0.0,0.0,0.0,0.0,0.0,0.0,14.0,0.0,0.0,0.0,0.0,203.0,0.0,0.0,0.0,438.0,0.0,290.0,1414.0,140.0,0.0,0.0,341.0,0.0,346.0,0.0,265.0,47.0,0.0,0.0,388.0,139.0
2021-06-16 04:00:00+00:00,0.0,844.0,5.0,246.0,410.0,69.0,134.0,0.0,1.0,146.0,0.0,0.0,0.0,0.0,0.0,0.0,33.0,0.0,0.0,0.0,0.0,64.0,0.0,0.0,0.0,460.0,0.0,372.0,1195.0,38.0,0.0,0.0,467.0,0.0,434.0,0.0,212.0,116.0,0.0,0.0,447.0,138.0
2021-06-16 05:00:00+00:00,0.0,899.0,0.0,198.0,361.0,71.0,64.0,0.0,43.0,166.0,0.0,0.0,0.0,0.0,0.0,0.0,0.0,0.0,0.0,0.0,0.0,1.0,0.0,14.0,0.0,417.0,0.0,431.0,1212.0,14.0,0.0,0.0,434.0,0.0,445.0,0.0,150.0,162.0,0.0,0.0,513.0,138.0
2021-06-16 06:00:00+00:00,0.0,843.0,0.0,199.0,361.0,69.0,39.0,0.0,111.0,223.0,0.0,0.0,0.0,0.0,0.0,0.0,0.0,0.0,5.0,0.0,0.0,0.0,0.0,17.0,0.0,400.0,0.0,359.0,1175.0,0.0,0.0,0.0,304.0,0.0,424.0,0.0,141.0,200.0,0.0,0.0,500.0,141.0
2021-06-16 07:00:00+00:00,0.0,723.0,0.0,170.0,304.0,131.0,7.0,0.0,73.0,264.0,0.0,0.0,0.0,0.0,0.0,0.0,37.0,0.0,0.0,0.0,0.0,0.0,0.0,0.0,0.0,432.0,0.0,253.0,1172.0,1.0,0.0,0.0,205.0,0.0,374.0,0.0,88.0,236.0,0.0,0.0,447.0,139.0
2021-06-16 08:00:00+00:00,0.0,610.0,0.0,186.0,287.0,158.0,31.0,0.0,18.0,269.0,0.0,0.0,0.0,0.0,0.0,0.0,12.0,0.0,0.0,0.0,0.0,9.0,0.0,0.0,0.0,406.0,0.0,144.0,1171.0,3.0,0.0,0.0,82.0,0.0,284.0,0.0,96.0,234.0,0.0,0.0,334.0,138.0
2021-06-16 09:00:00+00:00,0.0,619.0,1.0,223.0,296.0,191.0,62.0,0.0,0.0,267.0,0.0,0.0,0.0,1.0,0.0,0.0,0.0,0.0,0.0,0.0,0.0,53.0,0.0,2.0,0.0,421.0,0.0,132.0,1171.0,0.0,0.0,0.0,27.0,0.0,269.0,0.0,119.0,198.0,0.0,0.0,322.0,139.0
2021-06-16 10:00:00+00:00,0.0,551.0,0.0,208.0,247.0,208.0,106.0,0.0,0.0,235.0,0.0,0.0,0.0,7.0,0.0,0.0,46.0,0.0,0.0,0.0,0.0,59.0,0.0,0.0,0.0,389.0,0.0,51.0,1172.0,5.0,0.0,0.0,11.0,0.0,227.0,0.0,119.0,178.0,0.0,0.0,241.0,145.0
2021-06-16 11:00:00+00:00,0.0,537.0,0.0,203.0,283.0,204.0,113.0,0.0,0.0,274.0,0.0,0.0,0.0,0.0,0.0,0.0,45.0,0.0,0.0,0.0,0.0,44.0,0.0,0.0,0.0,396.0,0.0,102.0,1171.0,13.0,0.0,0.0,49.0,0.0,256.0,0.0,130.0,189.0,0.0,0.0,290.0,144.0
2021-06-16 12:00:00+00:00,0.0,511.0,0.0,180.0,271.0,189.0,95.0,0.0,1.0,268.0,0.0,0.0,0.0,0.0,0.0,0.0,0.0,0.0,0.0,0.0,0.0,31.0,0.0,2.0,0.0,359.0,0.0,74.0,1176.0,24.0,0.0,0.0,75.0,0.0,250.0,0.0,102.0,217.0,0.0,0.0,261.0,147.0
2021-06-16 13:00:00+00:00,0.0,534.0,0.0,185.0,305.0,430.0,61.0,0.0,5.0,272.0,0.0,0.0,0.0,0.0,0.0,0.0,0.0,0.0,0.0,0.0,0.0,16.0,0.0,0.0,0.0,334.0,0.0,89.0,1439.0,71.0,0.0,0.0,109.0,0.0,265.0,0.0,111.0,250.0,0.0,0.0,275.0,148.0
2021-06-16 14:00:00+00:00,0.0,546.0,0.0,202.0,335.0,478.0,120.0,0.0,5.0,231.0,0.0,0.0,0.0,0.0,0.0,0.0,18.0,0.0,0.0,0.0,0.0,16.0,0.0,0.0,0.0,279.0,0.0,89.0,1462.0,90.0,0.0,0.0,154.0,0.0,253.0,0.0,101.0,225.0,0.0,0.0,280.0,152.0
2021-06-16 15:00:00+00:00,0.0,609.0,0.0,182.0,343.0,515.0,168.0,3.0,56.0,238.0,0.0,0.0,0.0,0.0,0.0,0.0,32.0,0.0,0.0,0.0,0.0,0.0,0.0,0.0,0.0,299.0,0.0,197.0,1462.0,113.0,0.0,0.0,290.0,0.0,313.0,0.0,55.0,268.0,0.0,0.0,386.0,150.0
2021-06-16 16:00:00+00:00,0.0,618.0,0.0,161.0,361.0,296.0,238.0,6.0,141.0,236.0,0.0,0.0,0.0,0.0,0.0,0.0,56.0,0.0,0.0,0.0,0.0,0.0,0.0,0.0,0.0,220.0,0.0,265.0,1210.0,64.0,0.0,0.0,414.0,0.0,352.0,0.0,41.0,246.0,0.0,0.0,456.0,151.0
2021-06-16 17:00:00+00:00,0.0,782.0,0.0,169.0,389.0,282.0,239.0,3.0,178.0,263.0,0.0,0.0,0.0,0.0,0.0,0.0,79.0,0.0,0.0,0.0,0.0,0.0,0.0,0.0,0.0,172.0,0.0,310.0,1206.0,59.0,0.0,0.0,458.0,0.0,384.0,0.0,43.0,217.0,0.0,0.0,484.0,152.0
2021-06-16 18:00:00+00:00,0.0,768.0,0.0,209.0,377.0,451.0,222.0,0.0,106.0,216.0,0.0,0.0,0.0,0.0,0.0,0.0,87.0,0.0,0.0,0.0,0.0,0.0,0.0,0.0,0.0,139.0,0.0,262.0,1442.0,133.0,0.0,0.0,381.0,0.0,300.0,0.0,97.0,226.0,0.0,0.0,396.0,151.0
2021-06-16 19:00:00+00:00,0.0,816.0,1.0,211.0,416.0,563.0,142.0,0.0,137.0,248.0,0.0,0.0,0.0,0.0,0.0,0.0,72.0,0.0,0.0,0.0,0.0,0.0,0.0,0.0,0.0,217.0,0.0,,1467.0,148.0,0.0,0.0,366.0,0.0,340.0,0.0,79.0,210.0,0.0,,408.0,149.0
2021-06-16 20:00:00+00:00,0.0,614.0,2.0,262.0,360.0,646.0,204.0,0.0,1.0,152.0,0.0,0.0,0.0,0.0,0.0,0.0,49.0,0.0,0.0,0.0,0.0,88.0,0.0,0.0,0.0,285.0,0.0,,1482.0,147.0,0.0,0.0,240.0,0.0,265.0,0.0,209.0,150.0,0.0,,317.0,151.0
2021-06-16 21:00:00+00:00,0.0,462.0,12.0,278.0,368.0,589.0,170.0,0.0,0.0,150.0,0.0,0.0,0.0,0.0,0.0,0.0,21.0,0.0,0.0,0.0,0.0,123.0,0.0,0.0,0.0,259.0,0.0,,1477.0,104.0,0.0,0.0,168.0,0.0,218.0,0.0,214.0,83.0,0.0,,341.0,151.0
2021-06-16 22:00:00+00:00,49.0,0.0,47.0,310.0,252.0,757.0,163.0,0.0,0.0,3.0,0.0,10.0,0.0,9.0,0.0,0.0,60.0,0.0,0.0,0.0,0.0,461.0,0.0,0.0,0.0,287.0,0.0,,1482.0,137.0,0.0,0.0,12.0,0.0,32.0,0.0,303.0,20.0,0.0,,121.0,150.0
2021-06-16 23:00:00+00:00,58.0,111.0,60.0,303.0,256.0,724.0,161.0,0.0,0.0,0.0,0.0,0.0,0.0,0.0,0.0,0.0,63.0,0.0,0.0,0.0,0.0,488.0,0.0,0.0,0.0,369.0,0.0,,1491.0,142.0,0.0,0.0,72.0,0.0,82.0,0.0,344.0,10.0,0.0,,202.0,150.0
2021-06-17 00:00:00+00:00,90.0,213.0,64.0,314.0,262.0,688.0,155.0,0.0,0.0,0.0,0.0,0.0,0.0,0.0,0.0,0.0,61.0,0.0,0.0,0.0,0.0,546.0,0.0,0.0,0.0,472.0,0.0,,1494.0,145.0,0.0,0.0,89.0,0.0,105.0,0.0,367.0,10.0,0.0,,219.0,150.0
2021-06-17 01:00:00+00:00,117.0,193.0,85.0,318.0,255.0,704.0,160.0,0.0,0.0,0.0,0.0,0.0,0.0,0.0,0.0,0.0,85.0,0.0,0.0,0.0,0.0,577.0,0.0,0.0,0.0,477.0,0.0,,1483.0,140.0,0.0,0.0,103.0,0.0,96.0,0.0,381.0,4.0,0.0,,225.0,150.0
2021-06-17 02:00:00+00:00,95.0,210.0,45.0,299.0,251.0,658.0,139.0,0.0,0.0,0.0,0.0,0.0,0.0,0.0,0.0,0.0,44.0,0.0,0.0,0.0,0.0,542.0,0.0,0.0,0.0,473.0,0.0,,1462.0,145.0,0.0,0.0,110.0,0.0,108.0,0.0,369.0,16.0,0.0,,223.0,150.0
2021-06-17 03:00:00+00:00,104.0,75.0,42.0,252.0,181.0,492.0,0.0,0.0,0.0,0.0,0.0,0.0,0.0,0.0,0.0,0.0,29.0,0.0,0.0,0.0,0.0,515.0,0.0,0.0,0.0,401.0,0.0,,1468.0,113.0,92.0,0.0,99.0,0.0,58.0,0.0,270.0,17.0,0.0,,81.0,150.0
2021-06-17 04:00:00+00:00,9.0,440.0,2.0,226.0,276.0,0.0,0.0,0.0,0.0,21.0,0.0,0.0,0.0,0.0,0.0,0.0,61.0,2.0,0.0,0.0,0.0,270.0,0.0,0.0,0.0,436.0,0.0,,1198.0,15.0,60.0,0.0,265.0,0.0,242.0,0.0,241.0,182.0,0.0,,215.0,150.0
2021-06-17 05:00:00+00:00,0.0,427.0,6.0,211.0,271.0,97.0,0.0,0.0,0.0,51.0,0.0,0.0,0.0,0.0,0.0,0.0,37.0,0.0,0.0,0.0,0.0,173.0,11.0,0.0,0.0,305.0,0.0,,1215.0,8.0,44.0,0.0,217.0,0.0,259.0,0.0,198.0,106.0,0.0,,299.0,150.0
2021-06-17 06:00:00+00:00,0.0,410.0,0.0,195.0,254.0,135.0,0.0,0.0,0.0,101.0,0.0,0.0,0.0,0.0,0.0,0.0,28.0,0.0,0.0,0.0,0.0,122.0,17.0,0.0,0.0,314.0,0.0,73.0,1177.0,17.0,31.0,0.0,132.0,0.0,241.0,0.0,224.0,138.0,0.0,0.0,267.0,150.0
2021-06-17 07:00:00+00:00,0.0,342.0,2.0,193.0,209.0,175.0,0.0,0.0,0.0,110.0,0.0,0.0,0.0,0.0,0.0,0.0,10.0,0.0,0.0,0.0,0.0,179.0,18.0,0.0,0.0,325.0,0.0,19.0,1132.0,26.0,35.0,0.0,44.0,0.0,191.0,0.0,233.0,113.0,0.0,0.0,212.0,150.0
2021-06-17 08:00:00+00:00,0.0,241.0,3.0,230.0,202.0,198.0,11.0,0.0,0.0,87.0,0.0,0.0,0.0,48.0,0.0,0.0,0.0,0.0,0.0,0.0,0.0,278.0,18.0,1.0,0.0,371.0,0.0,0.0,1130.0,21.0,0.0,0.0,2.0,0.0,128.0,0.0,265.0,90.0,0.0,70.0,123.0,152.0
2021-06-17 09:00:00+00:00,0.0,188.0,9.0,250.0,176.0,241.0,33.0,0.0,0.0,46.0,0.0,0.0,0.0,102.0,0.0,0.0,0.0,0.0,0.0,0.0,0.0,360.0,17.0,1.0,0.0,406.0,0.0,0.0,1131.0,26.0,0.0,0.0,0.0,0.0,109.0,0.0,295.0,59.0,0.0,108.0,93.0,151.0
2021-06-17 10:00:00+00:00,0.0,168.0,11.0,226.0,204.0,271.0,80.0,0.0,0.0,92.0,0.0,0.0,0.0,44.0,0.0,0.0,45.0,0.0,0.0,0.0,0.0,267.0,17.0,0.0,0.0,366.0,0.0,0.0,1131.0,34.0,0.0,0.0,0.0,0.0,133.0,0.0,255.0,56.0,0.0,74.0,115.0,151.0
2021-06-17 11:00:00+00:00,0.0,175.0,13.0,222.0,223.0,278.0,106.0,0.0,0.0,117.0,0.0,0.0,0.0,25.0,0.0,0.0,66.0,0.0,0.0,0.0,0.0,242.0,17.0,0.0,0.0,336.0,0.0,0.0,1131.0,43.0,0.0,0.0,1.0,0.0,155.0,0.0,246.0,37.0,0.0,42.0,147.0,150.0
2021-06-17 12:00:00+00:00,0.0,150.0,2.0,210.0,223.0,294.0,114.0,0.0,0.0,131.0,0.0,0.0,0.0,29.0,0.0,0.0,59.0,0.0,0.0,0.0,0.0,183.0,16.0,0.0,0.0,317.0,0.0,0.0,1170.0,52.0,0.0,0.0,1.0,0.0,159.0,0.0,227.0,79.0,0.0,37.0,151.0,152.0
2021-06-17 13:00:00+00:00,0.0,199.0,9.0,232.0,255.0,433.0,201.0,0.0,0.0,144.0,0.0,0.0,0.0,11.0,0.0,0.0,36.0,0.0,0.0,0.0,0.0,185.0,16.0,0.0,0.0,341.0,0.0,6.0,1432.0,87.0,0.0,0.0,10.0,0.0,168.0,0.0,249.0,60.0,0.0,7.0,189.0,153.0
2021-06-17 14:00:00+00:00,0.0,210.0,6.0,266.0,289.0,459.0,202.0,0.0,0.0,90.0,0.0,0.0,0.0,0.0,0.0,0.0,11.0,0.0,0.0,0.0,0.0,219.0,16.0,0.0,0.0,325.0,0.0,8.0,1462.0,93.0,0.0,0.0,34.0,0.0,173.0,0.0,278.0,81.0,0.0,4.0,195.0,153.0
2021-06-17 15:00:00+00:00,0.0,294.0,6.0,258.0,302.0,443.0,188.0,0.0,0.0,109.0,0.0,0.0,0.0,0.0,0.0,0.0,37.0,0.0,0.0,0.0,0.0,193.0,17.0,0.0,0.0,370.0,0.0,87.0,1462.0,84.0,0.0,0.0,105.0,0.0,214.0,0.0,244.0,79.0,0.0,0.0,274.0,149.0
2021-06-17 16:00:00+00:00,0.0,525.0,10.0,276.0,398.0,424.0,246.0,0.0,0.0,132.0,0.0,0.0,0.0,0.0,0.0,0.0,60.0,0.0,0.0,0.0,0.0,98.0,11.0,0.0,0.0,315.0,0.0,214.0,1198.0,71.0,0.0,0.0,269.0,0.0,325.0,0.0,253.0,82.0,0.0,0.0,413.0,149.0
2021-06-17 17:00:00+00:00,0.0,734.0,46.0,317.0,453.0,428.0,277.0,0.0,0.0,183.0,0.0,0.0,0.0,0.0,0.0,0.0,68.0,0.0,0.0,0.0,65.0,87.0,0.0,0.0,0.0,345.0,0.0,262.0,1177.0,84.0,0.0,0.0,317.0,0.0,351.0,0.0,265.0,30.0,0.0,0.0,450.0,153.0
2021-06-17 18:00:00+00:00,0.0,515.0,31.0,364.0,503.0,546.0,229.0,0.0,0.0,245.0,0.0,0.0,0.0,0.0,0.0,0.0,80.0,0.0,0.0,0.0,601.0,78.0,0.0,0.0,0.0,383.0,0.0,205.0,1430.0,116.0,0.0,0.0,232.0,0.0,270.0,0.0,303.0,26.0,0.0,0.0,365.0,152.0
2021-06-17 19:00:00+00:00,0.0,452.0,50.0,383.0,552.0,661.0,185.0,0.0,1.0,291.0,0.0,0.0,0.0,0.0,0.0,0.0,70.0,0.0,0.0,0.0,600.0,51.0,0.0,0.0,0.0,400.0,0.0,139.0,1455.0,142.0,0.0,0.0,196.0,0.0,265.0,0.0,338.0,19.0,0.0,0.0,312.0,149.0
2021-06-17 20:00:00+00:00,0.0,357.0,98.0,423.0,489.0,699.0,234.0,0.0,0.0,151.0,0.0,0.0,0.0,0.0,0.0,0.0,48.0,0.0,0.0,0.0,582.0,289.0,0.0,0.0,0.0,410.0,0.0,71.0,1459.0,121.0,0.0,0.0,87.0,0.0,209.0,0.0,440.0,6.0,0.0,0.0,271.0,151.0
2021-06-17 21:00:00+00:00,0.0,124.0,157.0,454.0,489.0,700.0,242.0,0.0,0.0,139.0,0.0,0.0,0.0,38.0,0.0,0.0,13.0,0.0,0.0,,600.0,379.0,0.0,0.0,0.0,378.0,,103.0,1461.0,113.0,0.0,0.0,1.0,0.0,130.0,0.0,453.0,1.0,0.0,0.0,294.0,152.0
2021-06-17 22:00:00+00:00,0.0,139.0,149.0,455.0,528.0,601.0,370.0,0.0,0.0,162.0,0.0,0.0,0.0,15.0,0.0,0.0,45.0,0.0,0.0,0.0,569.0,328.0,0.0,0.0,0.0,528.0,0.0,160.0,1131.0,127.0,0.0,0.0,11.0,0.0,163.0,0.0,482.0,2.0,0.0,0.0,290.0,153.0
2021-06-17 23:00:00+00:00,0.0,40.0,164.0,448.0,514.0,560.0,287.0,0.0,0.0,170.0,0.0,0.0,0.0,15.0,0.0,0.0,42.0,0.0,0.0,0.0,589.0,332.0,0.0,0.0,0.0,635.0,0.0,138.0,851.0,143.0,0.0,0.0,4.0,0.0,137.0,0.0,495.0,0.0,0.0,0.0,274.0,152.0
2021-06-18 00:00:00+00:00,0.0,52.0,164.0,432.0,499.0,507.0,277.0,0.0,0.0,164.0,0.0,0.0,0.0,1.0,0.0,0.0,36.0,0.0,0.0,0.0,601.0,321.0,0.0,0.0,0.0,707.0,0.0,130.0,845.0,142.0,0.0,0.0,31.0,0.0,147.0,0.0,493.0,2.0,0.0,0.0,269.0,151.0
2021-06-18 01:00:00+00:00,0.0,118.0,153.0,411.0,476.0,545.0,327.0,0.0,0.0,143.0,0.0,0.0,0.0,0.0,0.0,0.0,32.0,0.0,0.0,0.0,595.0,334.0,0.0,0.0,0.0,667.0,0.0,149.0,840.0,141.0,0.0,0.0,65.0,0.0,165.0,0.0,477.0,1.0,0.0,0.0,287.0,150.0
2021-06-18 02:00:00+00:00,0.0,120.0,104.0,409.0,475.0,527.0,308.0,0.0,0.0,146.0,0.0,0.0,0.0,0.0,0.0,0.0,33.0,0.0,0.0,0.0,602.0,336.0,0.0,0.0,0.0,677.0,0.0,140.0,806.0,145.0,0.0,0.0,69.0,0.0,169.0,0.0,479.0,5.0,0.0,0.0,261.0,152.0
2021-06-18 03:00:00+00:00,0.0,76.0,116.0,422.0,471.0,503.0,224.0,0.0,0.0,122.0,0.0,0.0,0.0,0.0,0.0,0.0,16.0,0.0,0.0,0.0,601.0,387.0,0.0,0.0,0.0,650.0,0.0,94.0,1019.0,131.0,0.0,0.0,78.0,0.0,153.0,0.0,439.0,4.0,0.0,0.0,182.0,151.0
2021-06-18 04:00:00+00:00,0.0,459.0,59.0,372.0,472.0,192.0,261.0,0.0,0.0,121.0,0.0,0.0,0.0,0.0,0.0,0.0,13.0,0.0,0.0,,567.0,294.0,0.0,0.0,0.0,630.0,,197.0,736.0,68.0,0.0,0.0,200.0,0.0,268.0,0.0,367.0,7.0,0.0,0.0,280.0,151.0
2021-06-18 05:00:00+00:00,0.0,668.0,22.0,281.0,409.0,98.0,87.0,0.0,0.0,108.0,0.0,0.0,0.0,0.0,0.0,0.0,31.0,0.0,0.0,0.0,1.0,177.0,0.0,0.0,0.0,472.0,0.0,271.0,687.0,46.0,0.0,0.0,280.0,0.0,306.0,0.0,297.0,42.0,0.0,0.0,400.0,151.0
2021-06-18 06:00:00+00:00,0.0,621.0,18.0,268.0,390.0,81.0,0.0,0.0,0.0,137.0,0.0,0.0,0.0,0.0,0.0,0.0,26.0,0.0,0.0,0.0,0.0,164.0,0.0,0.0,0.0,475.0,0.0,214.0,687.0,33.0,1.0,0.0,170.0,0.0,273.0,0.0,309.0,35.0,0.0,0.0,388.0,152.0
2021-06-18 07:00:00+00:00,0.0,437.0,24.0,293.0,358.0,146.0,69.0,0.0,0.0,101.0,0.0,0.0,0.0,1.0,0.0,0.0,12.0,0.0,0.0,0.0,0.0,248.0,0.0,0.0,0.0,388.0,0.0,99.0,687.0,51.0,0.0,0.0,41.0,0.0,187.0,0.0,317.0,33.0,0.0,0.0,302.0,150.0
2021-06-18 08:00:00+00:00,0.0,437.0,31.0,310.0,339.0,210.0,136.0,0.0,0.0,117.0,0.0,0.0,0.0,62.0,0.0,0.0,0.0,0.0,0.0,0.0,0.0,288.0,0.0,6.0,0.0,411.0,0.0,8.0,688.0,62.0,0.0,0.0,0.0,0.0,135.0,0.0,332.0,30.0,0.0,13.0,216.0,151.0
2021-06-18 09:00:00+00:00,0.0,423.0,74.0,361.0,372.0,155.0,149.0,0.0,0.0,96.0,0.0,0.0,0.0,114.0,0.0,0.0,0.0,0.0,0.0,0.0,0.0,389.0,0.0,19.0,0.0,432.0,0.0,11.0,686.0,52.0,0.0,0.0,0.0,0.0,131.0,0.0,394.0,10.0,0.0,7.0,249.0,151.0
2021-06-18 10:00:00+00:00,0.0,173.0,105.0,341.0,327.0,283.0,208.0,0.0,0.0,109.0,0.0,0.0,0.0,184.0,0.0,0.0,0.0,0.0,0.0,0.0,0.0,370.0,0.0,28.0,0.0,449.0,0.0,0.0,685.0,86.0,0.0,0.0,0.0,0.0,72.0,0.0,370.0,2.0,0.0,31.0,220.0,151.0
2021-06-18 11:00:00+00:00,0.0,103.0,60.0,302.0,269.0,294.0,253.0,0.0,0.0,81.0,0.0,0.0,0.0,184.0,0.0,0.0,0.0,0.0,0.0,0.0,0.0,312.0,0.0,27.0,0.0,471.0,0.0,0.0,687.0,90.0,0.0,0.0,0.0,0.0,61.0,2.0,330.0,8.0,1.0,39.0,196.0,151.0
2021-06-18 12:00:00+00:00,0.0,108.0,73.0,307.0,252.0,297.0,243.0,0.0,0.0,113.0,0.0,0.0,0.0,132.0,0.0,0.0,0.0,0.0,0.0,0.0,0.0,260.0,0.0,20.0,0.0,484.0,0.0,1.0,693.0,87.0,0.0,0.0,0.0,0.0,82.0,1.0,334.0,13.0,32.0,19.0,184.0,151.0
2021-06-18 13:00:00+00:00,0.0,143.0,82.0,325.0,348.0,414.0,225.0,0.0,0.0,87.0,0.0,0.0,0.0,55.0,0.0,0.0,0.0,0.0,0.0,0.0,0.0,264.0,0.0,11.0,0.0,497.0,0.0,48.0,1183.0,86.0,0.0,0.0,0.0,0.0,114.0,0.0,369.0,5.0,85.0,0.0,204.0,151.0
2021-06-18 14:00:00+00:00,0.0,220.0,80.0,336.0,363.0,481.0,266.0,0.0,0.0,63.0,0.0,0.0,0.0,5.0,0.0,0.0,11.0,0.0,0.0,0.0,0.0,308.0,0.0,0.0,0.0,484.0,0.0,75.0,1445.0,87.0,0.0,0.0,16.0,0.0,139.0,0.0,376.0,6.0,65.0,0.0,225.0,151.0
2021-06-18 15:00:00+00:00,0.0,378.0,65.0,362.0,424.0,392.0,271.0,0.0,0.0,92.0,0.0,0.0,0.0,0.0,0.0,0.0,38.0,0.0,0.0,0.0,0.0,298.0,0.0,0.0,0.0,467.0,0.0,66.0,1117.0,88.0,0.0,0.0,99.0,0.0,179.0,0.0,403.0,10.0,35.0,0.0,224.0,151.0
2021-06-18 16:00:00+00:00,0.0,704.0,54.0,380.0,480.0,274.0,220.0,0.0,0.0,90.0,0.0,0.0,0.0,0.0,0.0,0.0,60.0,0.0,0.0,0.0,0.0,210.0,0.0,0.0,0.0,426.0,0.0,170.0,738.0,74.0,0.0,0.0,270.0,0.0,298.0,0.0,354.0,14.0,80.0,0.0,287.0,151.0
2021-06-18 17:00:00+00:00,0.0,684.0,30.0,323.0,441.0,240.0,205.0,0.0,0.0,161.0,0.0,0.0,0.0,0.0,0.0,0.0,72.0,0.0,0.0,0.0,404.0,107.0,0.0,0.0,0.0,394.0,0.0,287.0,694.0,60.0,0.0,0.0,286.0,0.0,298.0,0.0,261.0,24.0,128.0,0.0,336.0,151.0
2021-06-18 18:00:00+00:00,0.0,500.0,25.0,347.0,437.0,389.0,279.0,0.0,0.0,161.0,0.0,0.0,0.0,0.0,0.0,0.0,74.0,0.0,0.0,0.0,602.0,149.0,0.0,0.0,0.0,393.0,0.0,255.0,1185.0,75.0,0.0,0.0,204.0,0.0,249.0,0.0,296.0,28.0,67.0,0.0,331.0,151.0
2021-06-18 19:00:00+00:00,0.0,463.0,56.0,375.0,465.0,523.0,277.0,0.0,0.0,170.0,0.0,0.0,0.0,0.0,0.0,0.0,59.0,0.0,0.0,0.0,602.0,189.0,0.0,0.0,0.0,448.0,0.0,229.0,1457.0,83.0,0.0,0.0,146.0,0.0,250.0,3.0,309.0,14.0,15.0,0.0,369.0,151.0
2021-06-18 20:00:00+00:00,0.0,372.0,74.0,400.0,433.0,608.0,330.0,0.0,0.0,83.0,0.0,0.0,0.0,0.0,0.0,0.0,39.0,0.0,0.0,0.0,599.0,344.0,0.0,0.0,0.0,449.0,0.0,124.0,1475.0,78.0,0.0,0.0,109.0,0.0,195.0,25.0,408.0,9.0,0.0,0.0,345.0,150.0
2021-06-18 21:00:00+00:00,0.0,278.0,65.0,414.0,436.0,680.0,276.0,0.0,0.0,114.0,0.0,0.0,0.0,4.0,0.0,0.0,18.0,0.0,0.0,0.0,507.0,373.0,0.0,0.0,0.0,491.0,0.0,61.0,1449.0,91.0,0.0,0.0,20.0,0.0,157.0,107.0,399.0,14.0,0.0,0.0,361.0,152.0
2021-06-18 22:00:00+00:00,1.0,134.0,86.0,445.0,409.0,683.0,337.0,0.0,0.0,45.0,0.0,0.0,0.0,7.0,0.0,0.0,0.0,0.0,0.0,0.0,550.0,427.0,0.0,1.0,0.0,610.0,0.0,73.0,1468.0,100.0,0.0,0.0,11.0,0.0,128.0,150.0,424.0,6.0,0.0,0.0,358.0,150.0
2021-06-18 23:00:00+00:00,1.0,185.0,138.0,450.0,407.0,715.0,379.0,0.0,0.0,27.0,0.0,0.0,0.0,0.0,0.0,0.0,0.0,0.0,0.0,0.0,593.0,425.0,0.0,7.0,0.0,718.0,0.0,131.0,1473.0,98.0,0.0,0.0,72.0,0.0,148.0,68.0,389.0,1.0,0.0,0.0,349.0,150.0
2021-06-19 00:00:00+00:00,10.0,216.0,117.0,459.0,417.0,698.0,351.0,0.0,0.0,16.0,0.0,0.0,0.0,0.0,0.0,0.0,0.0,0.0,0.0,0.0,599.0,485.0,0.0,16.0,0.0,727.0,0.0,155.0,1470.0,103.0,0.0,0.0,88.0,0.0,160.0,47.0,428.0,1.0,0.0,0.0,351.0,151.0
2021-06-19 01:00:00+00:00,13.0,201.0,148.0,443.0,398.0,717.0,358.0,0.0,0.0,9.0,0.0,0.0,0.0,0.0,0.0,0.0,0.0,0.0,0.0,0.0,533.0,500.0,0.0,27.0,0.0,635.0,0.0,161.0,1470.0,93.0,0.0,0.0,88.0,0.0,148.0,34.0,393.0,1.0,0.0,0.0,342.0,151.0
2021-06-19 02:00:00+00:00,4.0,185.0,134.0,446.0,403.0,713.0,354.0,0.0,0.0,17.0,0.0,0.0,0.0,0.0,0.0,0.0,0.0,0.0,0.0,0.0,600.0,491.0,0.0,22.0,0.0,648.0,0.0,162.0,1471.0,102.0,0.0,0.0,74.0,0.0,146.0,47.0,397.0,2.0,0.0,0.0,339.0,151.0
2021-06-19 03:00:00+00:00,12.0,184.0,106.0,445.0,392.0,666.0,323.0,0.0,0.0,13.0,0.0,0.0,0.0,0.0,0.0,0.0,0.0,0.0,0.0,0.0,602.0,518.0,0.0,11.0,0.0,652.0,0.0,123.0,1461.0,116.0,0.0,0.0,61.0,0.0,138.0,95.0,401.0,2.0,0.0,0.0,321.0,151.0
2021-06-19 04:00:00+00:00,0.0,313.0,82.0,442.0,438.0,413.0,209.0,0.0,0.0,83.0,0.0,0.0,0.0,0.0,0.0,0.0,0.0,0.0,0.0,0.0,568.0,387.0,0.0,5.0,0.0,715.0,0.0,126.0,1468.0,77.0,0.0,0.0,105.0,0.0,200.0,7.0,377.0,6.0,1.0,0.0,285.0,151.0
2021-06-19 05:00:00+00:00,0.0,597.0,74.0,436.0,471.0,432.0,188.0,0.0,0.0,87.0,0.0,0.0,0.0,0.0,0.0,0.0,0.0,0.0,0.0,0.0,0.0,300.0,0.0,2.0,0.0,536.0,0.0,245.0,1489.0,82.0,0.0,0.0,154.0,0.0,252.0,0.0,357.0,6.0,150.0,0.0,234.0,151.0
2021-06-19 06:00:00+00:00,0.0,445.0,86.0,464.0,485.0,431.0,212.0,0.0,0.0,105.0,0.0,0.0,0.0,1.0,0.0,0.0,0.0,0.0,0.0,0.0,0.0,292.0,0.0,2.0,0.0,395.0,0.0,244.0,1482.0,80.0,0.0,0.0,47.0,0.0,193.0,0.0,397.0,4.0,226.0,0.0,191.0,151.0
2021-06-19 07:00:00+00:00,0.0,436.0,102.0,470.0,501.0,461.0,188.0,0.0,0.0,128.0,0.0,0.0,0.0,27.0,0.0,0.0,0.0,0.0,0.0,0.0,0.0,276.0,0.0,13.0,0.0,381.0,0.0,206.0,1461.0,73.0,0.0,0.0,5.0,0.0,170.0,0.0,428.0,6.0,207.0,0.0,194.0,151.0
2021-06-19 08:00:00+00:00,2.0,271.0,157.0,514.0,478.0,468.0,228.0,0.0,0.0,30.0,0.0,0.0,0.0,113.0,0.0,0.0,0.0,0.0,0.0,0.0,0.0,443.0,0.0,28.0,0.0,429.0,0.0,134.0,1453.0,55.0,0.0,0.0,0.0,0.0,105.0,0.0,484.0,1.0,160.0,0.0,170.0,151.0
2021-06-19 09:00:00+00:00,2.0,284.0,190.0,532.0,463.0,459.0,220.0,0.0,0.0,10.0,0.0,0.0,0.0,93.0,0.0,0.0,0.0,0.0,0.0,0.0,0.0,512.0,0.0,44.0,0.0,544.0,0.0,108.0,1451.0,47.0,0.0,0.0,0.0,0.0,120.0,0.0,533.0,1.0,139.0,0.0,160.0,151.0
2021-06-19 10:00:00+00:00,0.0,229.0,217.0,513.0,428.0,502.0,222.0,0.0,0.0,0.0,0.0,0.0,0.0,110.0,0.0,0.0,0.0,0.0,0.0,0.0,1.0,512.0,0.0,55.0,0.0,535.0,0.0,137.0,1452.0,47.0,0.0,0.0,0.0,0.0,111.0,0.0,524.0,0.0,162.0,0.0,170.0,150.0
2021-06-19 11:00:00+00:00,1.0,175.0,230.0,498.0,411.0,505.0,242.0,0.0,0.0,0.0,0.0,0.0,0.0,85.0,0.0,0.0,0.0,0.0,0.0,0.0,1.0,506.0,0.0,55.0,0.0,573.0,0.0,192.0,1457.0,43.0,0.0,0.0,0.0,0.0,112.0,0.0,495.0,0.0,208.0,0.0,173.0,151.0
2021-06-19 12:00:00+00:00,1.0,138.0,154.0,482.0,389.0,512.0,243.0,0.0,0.0,0.0,0.0,0.0,0.0,63.0,0.0,0.0,0.0,0.0,0.0,0.0,1.0,464.0,0.0,55.0,0.0,598.0,0.0,200.0,1451.0,46.0,0.0,0.0,0.0,0.0,121.0,0.0,480.0,0.0,210.0,0.0,179.0,150.0
2021-06-19 13:00:00+00:00,35.0,55.0,146.0,477.0,349.0,491.0,234.0,0.0,0.0,1.0,0.0,0.0,0.0,63.0,0.0,0.0,0.0,0.0,0.0,0.0,1.0,519.0,0.0,45.0,0.0,575.0,0.0,158.0,1449.0,49.0,0.0,0.0,0.0,0.0,102.0,0.0,466.0,0.0,171.0,0.0,152.0,150.0
2021-06-19 14:00:00+00:00,38.0,36.0,133.0,458.0,334.0,500.0,232.0,0.0,0.0,1.0,0.0,0.0,0.0,36.0,0.0,0.0,0.0,0.0,0.0,0.0,1.0,510.0,0.0,21.0,0.0,490.0,0.0,143.0,1451.0,50.0,0.0,0.0,0.0,0.0,82.0,0.0,441.0,2.0,135.0,0.0,195.0,149.0
2021-06-19 15:00:00+00:00,4.0,149.0,117.0,446.0,375.0,503.0,237.0,0.0,0.0,19.0,0.0,0.0,0.0,0.0,0.0,0.0,15.0,0.0,0.0,0.0,1.0,416.0,0.0,0.0,0.0,430.0,0.0,162.0,1452.0,55.0,0.0,0.0,38.0,0.0,125.0,0.0,396.0,2.0,119.0,0.0,243.0,148.0
2021-06-19 16:00:00+00:00,1.0,297.0,61.0,423.0,372.0,493.0,264.0,0.0,0.0,32.0,0.0,0.0,0.0,0.0,0.0,0.0,47.0,0.0,0.0,0.0,1.0,362.0,0.0,0.0,0.0,431.0,0.0,183.0,1457.0,56.0,0.0,0.0,104.0,0.0,170.0,0.0,359.0,9.0,71.0,0.0,301.0,148.0
2021-06-19 17:00:00+00:00,0.0,50.0,75.0,419.0,360.0,508.0,345.0,0.0,0.0,100.0,0.0,0.0,0.0,0.0,0.0,0.0,68.0,0.0,0.0,0.0,538.0,324.0,0.0,0.0,0.0,405.0,0.0,81.0,1455.0,60.0,0.0,0.0,62.0,0.0,129.0,63.0,308.0,6.0,0.0,0.0,337.0,150.0
2021-06-19 18:00:00+00:00,0.0,0.0,72.0,432.0,332.0,475.0,288.0,0.0,0.0,57.0,0.0,86.0,0.0,10.0,0.0,0.0,50.0,0.0,0.0,0.0,580.0,380.0,0.0,0.0,0.0,400.0,0.0,0.0,1458.0,58.0,0.0,0.0,16.0,0.0,73.0,179.0,316.0,10.0,0.0,28.0,308.0,150.0
2021-06-19 19:00:00+00:00,0.0,0.0,72.0,451.0,407.0,647.0,317.0,0.0,0.0,83.0,0.0,93.0,0.0,53.0,0.0,0.0,21.0,0.0,0.0,0.0,599.0,362.0,0.0,0.0,0.0,217.0,0.0,0.0,1455.0,93.0,0.0,0.0,5.0,0.0,38.0,225.0,379.0,8.0,0.0,58.0,333.0,149.0
2021-06-19 20:00:00+00:00,0.0,104.0,82.0,477.0,486.0,675.0,331.0,0.0,0.0,117.0,0.0,0.0,0.0,134.0,0.0,0.0,0.0,0.0,0.0,0.0,515.0,337.0,0.0,3.0,0.0,55.0,0.0,29.0,1471.0,78.0,0.0,0.0,0.0,0.0,38.0,166.0,424.0,9.0,0.0,3.0,387.0,150.0
2021-06-19 21:00:00+00:00,0.0,187.0,90.0,459.0,416.0,716.0,402.0,0.0,0.0,116.0,0.0,0.0,0.0,32.0,0.0,0.0,0.0,0.0,0.0,0.0,518.0,374.0,0.0,35.0,0.0,510.0,0.0,129.0,1470.0,95.0,0.0,0.0,16.0,0.0,108.0,50.0,418.0,10.0,0.0,0.0,375.0,150.0
2021-06-19 22:00:00+00:00,13.0,0.0,72.0,428.0,297.0,603.0,335.0,0.0,0.0,9.0,0.0,151.0,37.0,161.0,0.0,0.0,0.0,0.0,0.0,0.0,513.0,450.0,0.0,58.0,0.0,427.0,0.0,0.0,1487.0,79.0,0.0,0.0,0.0,0.0,0.0,299.0,392.0,13.0,0.0,173.0,275.0,150.0
2021-06-19 23:00:00+00:00,51.0,0.0,90.0,430.0,284.0,629.0,345.0,0.0,0.0,0.0,0.0,104.0,18.0,127.0,0.0,0.0,0.0,0.0,0.0,0.0,537.0,544.0,0.0,76.0,0.0,466.0,0.0,0.0,1476.0,87.0,0.0,0.0,0.0,0.0,0.0,277.0,369.0,5.0,0.0,201.0,248.0,150.0
2021-06-20 00:00:00+00:00,55.0,0.0,72.0,418.0,285.0,628.0,336.0,0.0,0.0,0.0,0.0,49.0,0.0,59.0,0.0,0.0,0.0,0.0,0.0,0.0,561.0,550.0,0.0,85.0,0.0,544.0,0.0,0.0,1475.0,103.0,0.0,0.0,0.0,0.0,19.0,187.0,353.0,11.0,0.0,144.0,209.0,150.0
2021-06-20 01:00:00+00:00,37.0,0.0,51.0,420.0,293.0,622.0,348.0,0.0,0.0,0.0,0.0,231.0,0.0,41.0,0.0,0.0,0.0,0.0,0.0,0.0,562.0,560.0,0.0,87.0,0.0,570.0,0.0,0.0,1446.0,105.0,0.0,0.0,0.0,0.0,8.0,133.0,365.0,16.0,0.0,137.0,170.0,150.0
2021-06-20 02:00:00+00:00,33.0,0.0,46.0,439.0,326.0,538.0,278.0,0.0,0.0,2.0,0.0,201.0,0.0,33.0,0.0,0.0,0.0,0.0,0.0,0.0,539.0,569.0,0.0,86.0,0.0,581.0,0.0,0.0,1441.0,93.0,0.0,0.0,6.0,0.0,22.0,96.0,369.0,22.0,0.0,107.0,156.0,150.0
2021-06-20 03:00:00+00:00,46.0,0.0,35.0,434.0,328.0,467.0,267.0,0.0,0.0,0.0,0.0,175.0,0.0,22.0,0.0,0.0,0.0,0.0,0.0,0.0,561.0,563.0,0.0,88.0,0.0,601.0,0.0,0.0,1469.0,77.0,0.0,0.0,4.0,0.0,14.0,92.0,351.0,18.0,0.0,95.0,149.0,149.0
2021-06-20 04:00:00+00:00,48.0,0.0,23.0,433.0,315.0,340.0,289.0,0.0,0.0,1.0,0.0,205.0,0.0,40.0,0.0,0.0,0.0,0.0,0.0,0.0,531.0,561.0,0.0,84.0,0.0,610.0,0.0,0.0,1460.0,66.0,0.0,0.0,1.0,0.0,3.0,39.0,346.0,30.0,0.0,99.0,119.0,150.0
2021-06-20 05:00:00+00:00,107.0,0.0,26.0,411.0,267.0,322.0,255.0,0.0,0.0,0.0,0.0,90.0,0.0,41.0,0.0,0.0,0.0,0.0,0.0,0.0,1.0,569.0,0.0,83.0,0.0,533.0,0.0,0.0,1464.0,74.0,0.0,0.0,4.0,0.0,19.0,5.0,328.0,31.0,11.0,86.0,88.0,150.0
2021-06-20 06:00:00+00:00,66.0,0.0,41.0,425.0,282.0,360.0,256.0,0.0,0.0,0.0,0.0,161.0,21.0,132.0,0.0,0.0,0.0,0.0,0.0,0.0,1.0,507.0,0.0,85.0,0.0,421.0,0.0,0.0,1463.0,72.0,0.0,0.0,0.0,0.0,0.0,0.0,336.0,20.0,47.0,58.0,121.0,150.0
2021-06-20 07:00:00+00:00,35.0,0.0,67.0,445.0,316.0,387.0,276.0,0.0,0.0,1.0,0.0,159.0,32.0,194.0,0.0,0.0,0.0,0.0,0.0,0.0,1.0,490.0,0.0,97.0,0.0,381.0,0.0,0.0,1467.0,67.0,0.0,0.0,0.0,0.0,0.0,0.0,378.0,10.0,56.0,50.0,144.0,150.0
2021-06-20 08:00:00+00:00,57.0,0.0,94.0,446.0,291.0,411.0,289.0,0.0,0.0,0.0,0.0,270.0,73.0,265.0,0.0,0.0,0.0,0.0,0.0,0.0,1.0,532.0,0.0,107.0,0.0,385.0,0.0,0.0,1455.0,62.0,0.0,0.0,0.0,0.0,0.0,0.0,374.0,6.0,24.0,110.0,126.0,150.0
2021-06-20 09:00:00+00:00,43.0,0.0,78.0,456.0,307.0,410.0,286.0,0.0,0.0,0.0,0.0,245.0,75.0,294.0,0.0,0.0,0.0,0.0,0.0,0.0,1.0,510.0,0.0,118.0,0.0,368.0,0.0,0.0,1452.0,63.0,0.0,0.0,0.0,0.0,0.0,12.0,397.0,6.0,6.0,123.0,142.0,150.0
2021-06-20 10:00:00+00:00,38.0,0.0,90.0,457.0,310.0,419.0,277.0,0.0,0.0,1.0,0.0,270.0,97.0,327.0,0.0,0.0,0.0,0.0,0.0,0.0,1.0,510.0,0.0,51.0,0.0,390.0,0.0,0.0,1442.0,61.0,0.0,0.0,0.0,0.0,0.0,33.0,394.0,2.0,0.0,139.0,144.0,150.0
2021-06-20 11:00:00+00:00,32.0,0.0,117.0,441.0,302.0,409.0,234.0,0.0,0.0,1.0,0.0,362.0,106.0,321.0,0.0,0.0,0.0,0.0,0.0,0.0,1.0,466.0,0.0,18.0,0.0,495.0,0.0,0.0,1432.0,53.0,0.0,0.0,0.0,0.0,0.0,2.0,359.0,2.0,0.0,124.0,119.0,150.0
2021-06-20 12:00:00+00:00,43.0,0.0,106.0,426.0,283.0,370.0,220.0,0.0,0.0,1.0,0.0,451.0,117.0,277.0,0.0,0.0,0.0,0.0,0.0,0.0,1.0,459.0,0.0,17.0,0.0,512.0,0.0,0.0,1436.0,52.0,0.0,0.0,0.0,0.0,0.0,13.0,357.0,3.0,0.0,132.0,117.0,150.0
2021-06-20 13:00:00+00:00,75.0,0.0,92.0,418.0,252.0,367.0,195.0,0.0,0.0,0.0,0.0,500.0,116.0,229.0,0.0,0.0,0.0,0.0,0.0,0.0,1.0,476.0,0.0,38.0,0.0,457.0,0.0,0.0,1454.0,52.0,0.0,0.0,0.0,0.0,0.0,5.0,358.0,2.0,0.0,136.0,111.0,150.0
2021-06-20 14:00:00+00:00,59.0,0.0,37.0,415.0,251.0,403.0,228.0,0.0,0.0,0.0,0.0,391.0,63.0,174.0,0.0,0.0,0.0,0.0,0.0,0.0,1.0,483.0,0.0,87.0,0.0,355.0,0.0,0.0,1432.0,45.0,0.0,0.0,0.0,0.0,0.0,73.0,394.0,24.0,0.0,116.0,155.0,150.0
2021-06-20 15:00:00+00:00,127.0,0.0,35.0,390.0,184.0,475.0,294.0,0.0,0.0,0.0,0.0,365.0,91.0,170.0,0.0,0.0,0.0,0.0,0.0,0.0,1.0,541.0,0.0,59.0,0.0,314.0,0.0,0.0,1443.0,64.0,0.0,0.0,0.0,0.0,0.0,184.0,348.0,22.0,0.0,155.0,214.0,150.0
2021-06-20 16:00:00+00:00,98.0,0.0,26.0,374.0,221.0,464.0,312.0,0.0,0.0,0.0,0.0,160.0,42.0,65.0,0.0,0.0,0.0,0.0,0.0,0.0,1.0,510.0,0.0,32.0,0.0,256.0,0.0,0.0,1443.0,61.0,0.0,0.0,0.0,0.0,0.0,214.0,329.0,31.0,0.0,140.0,259.0,150.0
2021-06-20 17:00:00+00:00,11.0,0.0,37.0,388.0,272.0,513.0,318.0,0.0,0.0,9.0,0.0,212.0,34.0,82.0,0.0,0.0,0.0,0.0,0.0,0.0,508.0,506.0,0.0,13.0,0.0,207.0,0.0,0.0,1452.0,60.0,0.0,0.0,0.0,0.0,0.0,303.0,311.0,18.0,0.0,152.0,341.0,150.0
2021-06-20 18:00:00+00:00,9.0,0.0,23.0,385.0,253.0,460.0,297.0,0.0,0.0,5.0,0.0,315.0,84.0,160.0,0.0,0.0,1.0,0.0,0.0,0.0,557.0,486.0,0.0,0.0,0.0,158.0,0.0,0.0,1450.0,49.0,0.0,0.0,0.0,0.0,0.0,380.0,310.0,25.0,0.0,209.0,361.0,150.0
2021-06-20 19:00:00+00:00,12.0,0.0,24.0,375.0,248.0,463.0,239.0,0.0,0.0,9.0,0.0,288.0,85.0,169.0,0.0,0.0,0.0,0.0,0.0,0.0,557.0,477.0,0.0,2.0,0.0,208.0,0.0,0.0,1459.0,59.0,0.0,0.0,0.0,0.0,0.0,368.0,309.0,26.0,0.0,204.0,355.0,150.0
2021-06-20 20:00:00+00:00,12.0,0.0,31.0,367.0,255.0,486.0,308.0,0.0,0.0,8.0,0.0,222.0,77.0,175.0,0.0,0.0,0.0,0.0,0.0,0.0,538.0,491.0,0.0,17.0,0.0,193.0,0.0,0.0,1468.0,49.0,0.0,0.0,0.0,0.0,0.0,353.0,335.0,33.0,0.0,229.0,318.0,149.0
2021-06-20 21:00:00+00:00,25.0,0.0,67.0,359.0,222.0,487.0,289.0,0.0,0.0,10.0,0.0,239.0,73.0,192.0,0.0,0.0,0.0,0.0,0.0,0.0,486.0,525.0,0.0,40.0,0.0,336.0,0.0,0.0,1450.0,59.0,0.0,0.0,0.0,0.0,0.0,345.0,352.0,16.0,0.0,227.0,306.0,150.0
2021-06-20 22:00:00+00:00,76.0,0.0,72.0,351.0,189.0,632.0,288.0,0.0,0.0,0.0,0.0,315.0,152.0,292.0,0.0,0.0,0.0,0.0,0.0,0.0,534.0,597.0,0.0,4.0,0.0,224.0,0.0,0.0,1471.0,97.0,0.0,0.0,0.0,0.0,0.0,403.0,387.0,14.0,0.0,287.0,303.0,149.0
2021-06-20 23:00:00+00:00,100.0,0.0,65.0,343.0,192.0,634.0,296.0,0.0,0.0,0.0,0.0,231.0,110.0,210.0,0.0,0.0,7.0,0.0,0.0,0.0,476.0,603.0,0.0,0.0,0.0,238.0,0.0,0.0,1467.0,106.0,0.0,0.0,0.0,0.0,0.0,352.0,378.0,6.0,0.0,238.0,257.0,149.0
2021-06-21 00:00:00+00:00,67.0,0.0,64.0,343.0,217.0,621.0,316.0,0.0,0.0,0.0,0.0,134.0,70.0,167.0,0.0,0.0,22.0,0.0,0.0,0.0,583.0,587.0,0.0,0.0,0.0,324.0,0.0,0.0,1382.0,111.0,0.0,0.0,0.0,0.0,0.0,291.0,378.0,23.0,0.0,207.0,223.0,150.0
2021-06-21 01:00:00+00:00,65.0,0.0,31.0,327.0,221.0,639.0,282.0,0.0,0.0,0.0,0.0,28.0,34.0,119.0,0.0,0.0,65.0,0.0,0.0,0.0,554.0,590.0,0.0,0.0,0.0,366.0,0.0,0.0,1340.0,108.0,0.0,0.0,0.0,0.0,0.0,259.0,345.0,24.0,0.0,185.0,208.0,150.0
2021-06-21 02:00:00+00:00,64.0,30.0,7.0,313.0,205.0,525.0,316.0,0.0,0.0,0.0,0.0,0.0,11.0,95.0,0.0,0.0,24.0,0.0,0.0,0.0,528.0,595.0,0.0,0.0,0.0,369.0,0.0,0.0,1324.0,89.0,0.0,0.0,0.0,0.0,0.0,256.0,272.0,66.0,0.0,178.0,214.0,151.0
2021-06-21 03:00:00+00:00,55.0,0.0,5.0,276.0,173.0,418.0,297.0,0.0,0.0,0.0,0.0,1.0,15.0,52.0,0.0,0.0,0.0,0.0,0.0,0.0,473.0,541.0,0.0,2.0,0.0,293.0,0.0,0.0,998.0,95.0,0.0,0.0,0.0,0.0,0.0,241.0,192.0,103.0,0.0,171.0,194.0,149.0
2021-06-21 04:00:00+00:00,0.0,316.0,2.0,270.0,251.0,212.0,266.0,0.0,0.0,80.0,0.0,0.0,0.0,0.0,0.0,0.0,0.0,0.0,0.0,0.0,446.0,366.0,0.0,1.0,0.0,534.0,0.0,7.0,664.0,85.0,0.0,0.0,112.0,0.0,156.0,58.0,173.0,147.0,0.0,3.0,220.0,150.0
2021-06-21 05:00:00+00:00,0.0,545.0,1.0,211.0,241.0,171.0,155.0,0.0,0.0,67.0,0.0,0.0,0.0,0.0,0.0,0.0,0.0,0.0,0.0,0.0,1.0,203.0,0.0,0.0,0.0,284.0,0.0,173.0,628.0,78.0,0.0,0.0,152.0,0.0,202.0,0.0,85.0,182.0,101.0,0.0,236.0,150.0
2021-06-21 06:00:00+00:00,0.0,604.0,0.0,233.0,299.0,204.0,168.0,0.0,0.0,116.0,0.0,0.0,0.0,0.0,0.0,0.0,2.0,0.0,0.0,0.0,1.0,142.0,0.0,0.0,0.0,265.0,0.0,212.0,628.0,66.0,0.0,0.0,69.0,0.0,200.0,0.0,127.0,192.0,160.0,0.0,243.0,149.0
2021-06-21 07:00:00+00:00,0.0,690.0,0.0,247.0,322.0,168.0,76.0,0.0,1.0,149.0,0.0,0.0,0.0,0.0,0.0,0.0,0.0,0.0,0.0,0.0,1.0,31.0,0.0,2.0,0.0,307.0,0.0,235.0,613.0,59.0,0.0,0.0,54.0,0.0,217.0,0.0,132.0,188.0,199.0,0.0,226.0,150.0
2021-06-21 08:00:00+00:00,0.0,671.0,0.0,292.0,331.0,213.0,148.0,0.0,0.0,99.0,0.0,0.0,0.0,25.0,0.0,0.0,0.0,0.0,0.0,0.0,1.0,133.0,0.0,2.0,0.0,384.0,0.0,180.0,611.0,56.0,0.0,0.0,4.0,0.0,205.0,0.0,162.0,180.0,112.0,0.0,267.0,150.0
2021-06-21 09:00:00+00:00,0.0,587.0,2.0,350.0,364.0,234.0,149.0,0.0,0.0,99.0,0.0,0.0,0.0,72.0,0.0,0.0,27.0,0.0,0.0,0.0,1.0,216.0,0.0,0.0,0.0,398.0,0.0,216.0,610.0,57.0,0.0,0.0,0.0,0.0,224.0,0.0,236.0,121.0,81.0,0.0,327.0,150.0
2021-06-21 10:00:00+00:00,0.0,481.0,14.0,350.0,319.0,203.0,156.0,0.0,0.0,104.0,0.0,0.0,0.0,64.0,0.0,0.0,12.0,0.0,0.0,0.0,1.0,266.0,0.0,0.0,0.0,413.0,0.0,263.0,607.0,90.0,0.0,0.0,0.0,0.0,237.0,0.0,270.0,49.0,175.0,0.0,281.0,150.0
2021-06-21 11:00:00+00:00,0.0,360.0,18.0,358.0,336.0,238.0,158.0,0.0,0.0,179.0,0.0,0.0,0.0,108.0,0.0,0.0,0.0,0.0,0.0,0.0,1.0,243.0,0.0,1.0,0.0,308.0,0.0,253.0,607.0,86.0,0.0,0.0,0.0,0.0,215.0,0.0,272.0,41.0,182.0,0.0,290.0,150.0
2021-06-21 12:00:00+00:00,0.0,217.0,7.0,348.0,309.0,229.0,181.0,0.0,0.0,186.0,0.0,0.0,0.0,101.0,0.0,0.0,3.0,0.0,0.0,0.0,1.0,246.0,0.0,0.0,0.0,260.0,0.0,247.0,608.0,89.0,0.0,0.0,0.0,0.0,217.0,0.0,260.0,64.0,120.0,0.0,318.0,150.0
2021-06-21 13:00:00+00:00,0.0,237.0,21.0,350.0,302.0,274.0,225.0,0.0,0.0,178.0,0.0,0.0,0.0,22.0,0.0,0.0,31.0,0.0,0.0,0.0,1.0,388.0,0.0,0.0,0.0,469.0,0.0,217.0,1114.0,74.0,0.0,0.0,2.0,0.0,264.0,0.0,285.0,38.0,36.0,0.0,370.0,150.0
2021-06-21 14:00:00+00:00,0.0,299.0,19.0,352.0,300.0,392.0,305.0,0.0,0.0,132.0,0.0,0.0,0.0,13.0,0.0,0.0,29.0,0.0,0.0,0.0,1.0,420.0,0.0,0.0,0.0,449.0,0.0,169.0,1379.0,86.0,0.0,0.0,3.0,0.0,237.0,111.0,293.0,32.0,0.0,0.0,471.0,150.0
2021-06-21 15:00:00+00:00,6.0,371.0,26.0,360.0,302.0,320.0,233.0,0.0,0.0,15.0,0.0,0.0,0.0,2.0,0.0,0.0,42.0,0.0,0.0,0.0,1.0,434.0,0.0,0.0,0.0,469.0,0.0,156.0,1092.0,84.0,0.0,0.0,36.0,0.0,207.0,134.0,317.0,30.0,0.0,0.0,485.0,149.0
2021-06-21 16:00:00+00:00,0.0,561.0,6.0,309.0,344.0,232.0,149.0,0.0,0.0,74.0,0.0,0.0,0.0,0.0,0.0,0.0,61.0,0.0,0.0,0.0,1.0,254.0,0.0,0.0,0.0,349.0,0.0,245.0,682.0,46.0,0.0,0.0,144.0,0.0,269.0,43.0,238.0,99.0,3.0,0.0,478.0,148.0
2021-06-21 17:00:00+00:00,0.0,644.0,13.0,269.0,318.0,216.0,131.0,0.0,0.0,64.0,0.0,0.0,0.0,0.0,0.0,0.0,65.0,0.0,0.0,0.0,1.0,185.0,0.0,0.0,0.0,286.0,0.0,312.0,624.0,50.0,0.0,0.0,194.0,0.0,285.0,6.0,160.0,102.0,3.0,0.0,507.0,151.0
2021-06-21 18:00:00+00:00,0.0,645.0,1.0,245.0,315.0,269.0,221.0,0.0,0.0,90.0,0.0,0.0,0.0,0.0,0.0,0.0,70.0,0.0,0.0,0.0,1.0,118.0,0.0,0.0,0.0,210.0,0.0,297.0,1128.0,65.0,0.0,0.0,203.0,0.0,282.0,0.0,163.0,157.0,29.0,0.0,455.0,151.0
2021-06-21 19:00:00+00:00,0.0,543.0,0.0,215.0,304.0,330.0,280.0,0.0,0.0,125.0,0.0,0.0,0.0,0.0,0.0,0.0,66.0,0.0,0.0,0.0,1.0,71.0,0.0,0.0,0.0,151.0,0.0,227.0,1385.0,70.0,0.0,0.0,158.0,0.0,259.0,12.0,109.0,146.0,2.0,0.0,428.0,148.0
2021-06-21 20:00:00+00:00,0.0,407.0,2.0,253.0,303.0,329.0,264.0,0.0,0.0,144.0,0.0,0.0,0.0,0.0,0.0,0.0,44.0,0.0,0.0,0.0,1.0,168.0,0.0,0.0,0.0,279.0,0.0,78.0,1398.0,61.0,0.0,0.0,103.0,0.0,191.0,147.0,178.0,122.0,0.0,0.0,421.0,149.0
2021-06-21 21:00:00+00:00,0.0,138.0,14.0,314.0,295.0,379.0,332.0,0.0,0.0,129.0,0.0,0.0,0.0,12.0,0.0,0.0,17.0,0.0,0.0,0.0,253.0,333.0,0.0,0.0,0.0,487.0,0.0,4.0,1399.0,76.0,0.0,0.0,15.0,0.0,92.0,156.0,265.0,56.0,0.0,15.0,339.0,151.0
2021-06-21 22:00:00+00:00,39.0,0.0,57.0,386.0,252.0,388.0,364.0,0.0,0.0,1.0,0.0,92.0,0.0,64.0,0.0,0.0,0.0,0.0,0.0,0.0,495.0,532.0,0.0,2.0,0.0,476.0,0.0,0.0,1402.0,101.0,0.0,0.0,1.0,0.0,6.0,187.0,359.0,18.0,0.0,70.0,273.0,151.0
2021-06-21 23:00:00+00:00,28.0,0.0,70.0,399.0,297.0,378.0,359.0,0.0,0.0,1.0,0.0,78.0,0.0,18.0,0.0,0.0,33.0,0.0,0.0,0.0,517.0,504.0,0.0,0.0,0.0,428.0,0.0,0.0,1399.0,126.0,0.0,0.0,6.0,0.0,9.0,134.0,375.0,9.0,0.0,63.0,244.0,151.0
2021-06-22 00:00:00+00:00,25.0,6.0,72.0,402.0,318.0,338.0,363.0,0.0,0.0,1.0,0.0,0.0,0.0,5.0,0.0,0.0,50.0,0.0,0.0,0.0,543.0,527.0,0.0,0.0,0.0,432.0,0.0,0.0,1114.0,141.0,0.0,0.0,15.0,0.0,29.0,109.0,379.0,6.0,0.0,51.0,224.0,150.0
2021-06-22 01:00:00+00:00,56.0,0.0,83.0,405.0,298.0,393.0,393.0,0.0,0.0,0.0,0.0,34.0,0.0,5.0,0.0,0.0,45.0,0.0,0.0,0.0,544.0,568.0,0.0,0.0,0.0,421.0,0.0,0.0,1034.0,126.0,0.0,0.0,16.0,0.0,16.0,114.0,400.0,4.0,0.0,67.0,220.0,151.0
2021-06-22 02:00:00+00:00,45.0,0.0,60.0,383.0,284.0,333.0,327.0,0.0,0.0,0.0,0.0,41.0,0.0,2.0,0.0,0.0,53.0,0.0,0.0,0.0,544.0,525.0,0.0,0.0,0.0,399.0,0.0,0.0,1032.0,106.0,0.0,0.0,28.0,0.0,16.0,145.0,379.0,18.0,0.0,73.0,226.0,152.0
2021-06-22 03:00:00+00:00,42.0,0.0,31.0,329.0,222.0,268.0,258.0,0.0,0.0,0.0,0.0,101.0,6.0,6.0,0.0,0.0,28.0,0.0,0.0,0.0,553.0,477.0,0.0,0.0,0.0,372.0,0.0,0.0,1018.0,96.0,0.0,0.0,26.0,0.0,0.0,142.0,284.0,27.0,0.0,61.0,200.0,150.0
2021-06-22 04:00:00+00:00,93.0,0.0,14.0,309.0,174.0,0.0,74.0,0.0,0.0,0.0,0.0,68.0,0.0,1.0,0.0,0.0,20.0,34.0,0.0,0.0,445.0,476.0,0.0,0.0,0.0,405.0,0.0,3.0,688.0,27.0,0.0,0.0,66.0,0.0,37.0,22.0,261.0,43.0,3.0,7.0,157.0,150.0
2021-06-22 05:00:00+00:00,125.0,263.0,2.0,199.0,147.0,0.0,51.0,0.0,0.0,0.0,0.0,0.0,0.0,0.0,0.0,0.0,25.0,24.0,0.0,0.0,2.0,294.0,0.0,0.0,0.0,185.0,0.0,74.0,625.0,14.0,0.0,0.0,153.0,0.0,101.0,0.0,155.0,129.0,68.0,0.0,125.0,151.0
2021-06-22 06:00:00+00:00,87.0,163.0,1.0,210.0,160.0,15.0,13.0,0.0,0.0,0.0,0.0,0.0,0.0,0.0,0.0,0.0,34.0,0.0,0.0,0.0,1.0,273.0,0.0,0.0,0.0,177.0,0.0,34.0,626.0,9.0,0.0,0.0,68.0,0.0,78.0,0.0,183.0,130.0,89.0,0.0,104.0,149.0
2021-06-22 07:00:00+00:00,72.0,129.0,2.0,254.0,112.0,57.0,0.0,0.0,0.0,1.0,0.0,0.0,0.0,5.0,0.0,0.0,30.0,0.0,0.0,0.0,1.0,102.0,0.0,0.0,0.0,72.0,0.0,29.0,625.0,9.0,21.0,0.0,18.0,0.0,69.0,0.0,197.0,123.0,115.0,0.0,114.0,150.0
2021-06-22 08:00:00+00:00,108.0,44.0,4.0,379.0,61.0,43.0,0.0,0.0,0.0,0.0,0.0,0.0,0.0,86.0,0.0,0.0,19.0,0.0,0.0,0.0,1.0,128.0,0.0,0.0,0.0,93.0,0.0,4.0,623.0,6.0,13.0,0.0,0.0,0.0,37.0,0.0,272.0,69.0,70.0,10.0,123.0,148.0
2021-06-22 09:00:00+00:00,76.0,0.0,11.0,357.0,137.0,32.0,0.0,0.0,0.0,0.0,0.0,175.0,5.0,170.0,0.0,0.0,12.0,0.0,0.0,0.0,1.0,223.0,0.0,0.0,0.0,158.0,0.0,0.0,622.0,21.0,48.0,0.0,0.0,0.0,0.0,3.0,301.0,43.0,11.0,62.0,134.0,148.0
2021-06-22 10:00:00+00:00,63.0,0.0,13.0,339.0,137.0,8.0,0.0,0.0,0.0,0.0,0.0,191.0,28.0,219.0,0.0,0.0,16.0,0.0,0.0,0.0,1.0,230.0,0.0,0.0,0.0,141.0,0.0,0.0,621.0,38.0,28.0,0.0,0.0,0.0,0.0,39.0,278.0,39.0,0.0,89.0,143.0,150.0
2021-06-22 11:00:00+00:00,34.0,0.0,19.0,348.0,153.0,46.0,0.0,0.0,0.0,1.0,0.0,199.0,42.0,249.0,0.0,0.0,22.0,0.0,0.0,0.0,1.0,242.0,0.0,0.0,0.0,147.0,0.0,0.0,623.0,47.0,44.0,0.0,0.0,0.0,0.0,111.0,286.0,35.0,0.0,145.0,154.0,151.0
2021-06-22 12:00:00+00:00,22.0,0.0,12.0,324.0,142.0,105.0,15.0,0.0,0.0,2.0,0.0,174.0,20.0,199.0,0.0,0.0,32.0,0.0,0.0,0.0,1.0,175.0,0.0,0.0,0.0,188.0,0.0,0.0,623.0,62.0,0.0,0.0,0.0,0.0,0.0,132.0,271.0,50.0,0.0,143.0,182.0,148.0
2021-06-22 13:00:00+00:00,7.0,0.0,13.0,330.0,169.0,344.0,229.0,0.0,0.0,21.0,0.0,123.0,11.0,182.0,0.0,0.0,43.0,0.0,0.0,0.0,1.0,248.0,0.0,0.0,0.0,210.0,0.0,0.0,1114.0,101.0,0.0,0.0,0.0,0.0,0.0,169.0,287.0,44.0,0.0,145.0,222.0,149.0
2021-06-22 14:00:00+00:00,67.0,0.0,12.0,341.0,204.0,472.0,251.0,0.0,0.0,0.0,0.0,32.0,0.0,135.0,0.0,0.0,61.0,0.0,0.0,0.0,1.0,380.0,0.0,0.0,0.0,215.0,0.0,0.0,1378.0,100.0,0.0,0.0,0.0,0.0,7.0,205.0,327.0,47.0,0.0,146.0,244.0,152.0
2021-06-22 15:00:00+00:00,14.0,53.0,18.0,324.0,233.0,364.0,280.0,0.0,0.0,6.0,0.0,0.0,0.0,52.0,0.0,0.0,79.0,0.0,0.0,0.0,1.0,275.0,0.0,0.0,0.0,217.0,0.0,0.0,1099.0,88.0,0.0,0.0,0.0,0.0,41.0,212.0,278.0,42.0,0.0,117.0,285.0,152.0
2021-06-22 16:00:00+00:00,18.0,182.0,2.0,276.0,233.0,265.0,247.0,0.0,0.0,7.0,0.0,0.0,0.0,0.0,0.0,0.0,98.0,0.0,0.0,0.0,1.0,183.0,0.0,0.0,0.0,174.0,0.0,39.0,682.0,40.0,0.0,0.0,70.0,0.0,91.0,35.0,204.0,123.0,6.0,3.0,261.0,150.0
2021-06-22 17:00:00+00:00,3.0,0.0,3.0,274.0,232.0,259.0,263.0,0.0,0.0,21.0,0.0,45.0,0.0,0.0,0.0,0.0,103.0,0.0,0.0,0.0,503.0,149.0,0.0,0.0,0.0,185.0,0.0,0.0,623.0,53.0,0.0,0.0,72.0,0.0,56.0,112.0,200.0,110.0,0.0,25.0,275.0,150.0
2021-06-22 18:00:00+00:00,0.0,0.0,0.0,257.0,218.0,402.0,357.0,0.0,0.0,55.0,0.0,102.0,0.0,0.0,0.0,0.0,103.0,0.0,0.0,0.0,535.0,107.0,0.0,0.0,0.0,171.0,0.0,0.0,1122.0,99.0,0.0,0.0,70.0,0.0,43.0,242.0,186.0,142.0,0.0,87.0,306.0,150.0
2021-06-22 19:00:00+00:00,0.0,0.0,3.0,263.0,242.0,337.0,272.0,0.0,0.0,97.0,0.0,151.0,0.0,1.0,0.0,0.0,95.0,0.0,0.0,0.0,543.0,80.0,0.0,0.0,0.0,176.0,0.0,0.0,1388.0,111.0,0.0,0.0,53.0,0.0,47.0,202.0,170.0,100.0,0.0,60.0,301.0,150.0
2021-06-22 20:00:00+00:00,1.0,0.0,12.0,324.0,252.0,358.0,343.0,0.0,0.0,34.0,0.0,165.0,0.0,32.0,0.0,0.0,73.0,0.0,0.0,0.0,472.0,260.0,0.0,0.0,0.0,215.0,0.0,0.0,1401.0,92.0,0.0,0.0,2.0,0.0,18.0,322.0,270.0,66.0,0.0,104.0,410.0,150.0
2021-06-22 21:00:00+00:00,7.0,0.0,81.0,401.0,287.0,406.0,413.0,0.0,0.0,14.0,0.0,169.0,21.0,119.0,0.0,0.0,59.0,0.0,0.0,0.0,449.0,426.0,0.0,0.0,0.0,350.0,0.0,0.0,1401.0,75.0,0.0,0.0,0.0,0.0,0.0,437.0,336.0,14.0,0.0,118.0,515.0,150.0
2021-06-22 22:00:00+00:00,0.0,0.0,31.0,356.0,287.0,415.0,402.0,0.0,0.0,78.0,0.0,229.0,46.0,121.0,0.0,0.0,30.0,0.0,0.0,0.0,598.0,328.0,0.0,0.0,0.0,350.0,0.0,0.0,1406.0,116.0,0.0,0.0,0.0,0.0,0.0,289.0,323.0,35.0,0.0,89.0,358.0,150.0
2021-06-22 23:00:00+00:00,1.0,0.0,26.0,351.0,278.0,425.0,419.0,0.0,0.0,33.0,0.0,198.0,25.0,55.0,0.0,0.0,54.0,0.0,0.0,0.0,602.0,379.0,0.0,0.0,0.0,443.0,0.0,0.0,1406.0,126.0,0.0,0.0,0.0,0.0,0.0,166.0,330.0,33.0,0.0,32.0,297.0,146.0
2021-06-23 00:00:00+00:00,0.0,0.0,12.0,327.0,267.0,454.0,437.0,0.0,0.0,46.0,0.0,81.0,14.0,34.0,0.0,0.0,82.0,0.0,0.0,0.0,602.0,375.0,0.0,0.0,0.0,462.0,0.0,0.0,1401.0,130.0,0.0,0.0,1.0,0.0,0.0,160.0,319.0,59.0,0.0,77.0,251.0,138.0
2021-06-23 01:00:00+00:00,1.0,0.0,31.0,319.0,237.0,462.0,423.0,0.0,0.0,27.0,0.0,102.0,27.0,50.0,0.0,0.0,77.0,0.0,0.0,0.0,602.0,432.0,0.0,0.0,0.0,461.0,0.0,0.0,1400.0,131.0,0.0,0.0,0.0,0.0,0.0,165.0,329.0,24.0,0.0,92.0,247.0,148.0
2021-06-23 02:00:00+00:00,0.0,0.0,34.0,329.0,264.0,396.0,350.0,0.0,0.0,48.0,0.0,57.0,0.0,23.0,0.0,0.0,77.0,0.0,0.0,0.0,602.0,419.0,0.0,0.0,0.0,532.0,0.0,0.0,1407.0,87.0,0.0,0.0,3.0,0.0,4.0,147.0,344.0,23.0,0.0,21.0,278.0,149.0
2021-06-23 03:00:00+00:00,2.0,0.0,26.0,302.0,208.0,377.0,356.0,0.0,0.0,21.0,0.0,221.0,48.0,49.0,0.0,0.0,68.0,0.0,0.0,0.0,602.0,418.0,0.0,0.0,0.0,401.0,0.0,0.0,1002.0,76.0,0.0,0.0,0.0,0.0,0.0,263.0,297.0,31.0,0.0,133.0,256.0,153.0
2021-06-23 04:00:00+00:00,15.0,0.0,4.0,236.0,145.0,243.0,410.0,0.0,0.0,5.0,0.0,134.0,0.0,1.0,0.0,0.0,58.0,0.0,0.0,0.0,568.0,284.0,0.0,0.0,0.0,402.0,0.0,0.0,662.0,61.0,0.0,0.0,37.0,0.0,10.0,258.0,224.0,74.0,0.0,163.0,223.0,150.0
2021-06-23 05:00:00+00:00,48.0,114.0,14.0,172.0,129.0,281.0,361.0,2.0,0.0,1.0,0.0,0.0,0.0,0.0,0.0,0.0,49.0,0.0,0.0,0.0,2.0,130.0,0.0,0.0,0.0,201.0,0.0,0.0,629.0,59.0,0.0,0.0,130.0,0.0,71.0,64.0,112.0,94.0,0.0,32.0,166.0,150.0
2021-06-23 06:00:00+00:00,5.0,27.0,0.0,214.0,192.0,288.0,298.0,0.0,0.0,14.0,0.0,0.0,0.0,0.0,0.0,0.0,53.0,0.0,0.0,0.0,1.0,109.0,0.0,0.0,0.0,153.0,0.0,22.0,627.0,34.0,0.0,0.0,75.0,0.0,84.0,0.0,190.0,141.0,65.0,0.0,149.0,140.0
2021-06-23 07:00:00+00:00,36.0,0.0,2.0,235.0,176.0,255.0,236.0,0.0,0.0,0.0,0.0,74.0,0.0,49.0,0.0,0.0,56.0,0.0,0.0,0.0,1.0,167.0,0.0,0.0,0.0,120.0,0.0,0.0,561.0,19.0,0.0,0.0,1.0,0.0,28.0,43.0,213.0,107.0,0.0,95.0,144.0,135.0
2021-06-23 08:00:00+00:00,108.0,0.0,3.0,237.0,148.0,219.0,238.0,0.0,0.0,0.0,0.0,257.0,69.0,189.0,0.0,0.0,58.0,0.0,0.0,0.0,1.0,252.0,0.0,0.0,0.0,153.0,0.0,0.0,554.0,31.0,0.0,0.0,0.0,0.0,0.0,194.0,241.0,109.0,0.0,281.0,114.0,137.0
2021-06-23 09:00:00+00:00,108.0,0.0,6.0,271.0,171.0,151.0,147.0,0.0,0.0,0.0,0.0,219.0,50.0,211.0,0.0,0.0,49.0,0.0,0.0,0.0,1.0,312.0,0.0,0.0,0.0,162.0,0.0,0.0,552.0,21.0,0.0,0.0,0.0,0.0,0.0,207.0,277.0,64.0,0.0,278.0,125.0,149.0
2021-06-23 10:00:00+00:00,86.0,0.0,16.0,298.0,206.0,144.0,98.0,0.0,0.0,0.0,0.0,329.0,79.0,277.0,0.0,0.0,56.0,0.0,0.0,0.0,1.0,309.0,0.0,0.0,0.0,223.0,0.0,0.0,551.0,17.0,0.0,0.0,0.0,0.0,0.0,227.0,301.0,36.0,0.0,249.0,171.0,149.0
2021-06-23 11:00:00+00:00,58.0,0.0,7.0,275.0,175.0,110.0,51.0,0.0,0.0,0.0,0.0,256.0,72.0,291.0,0.0,0.0,62.0,0.0,0.0,0.0,1.0,267.0,0.0,0.0,0.0,262.0,0.0,0.0,553.0,7.0,0.0,0.0,0.0,0.0,0.0,236.0,258.0,60.0,0.0,221.0,208.0,147.0
2021-06-23 12:00:00+00:00,21.0,0.0,3.0,269.0,190.0,121.0,52.0,0.0,0.0,4.0,0.0,266.0,36.0,218.0,0.0,0.0,61.0,0.0,0.0,0.0,1.0,230.0,0.0,0.0,0.0,240.0,0.0,0.0,553.0,1.0,0.0,0.0,0.0,0.0,0.0,197.0,236.0,84.0,0.0,186.0,201.0,148.0
2021-06-23 13:00:00+00:00,42.0,0.0,7.0,300.0,232.0,396.0,325.0,0.0,0.0,1.0,0.0,268.0,28.0,210.0,0.0,0.0,68.0,0.0,0.0,0.0,1.0,261.0,0.0,0.0,0.0,160.0,0.0,0.0,948.0,37.0,0.0,0.0,0.0,0.0,0.0,233.0,283.0,54.0,0.0,189.0,237.0,142.0
2021-06-23 14:00:00+00:00,82.0,0.0,41.0,329.0,221.0,442.0,435.0,0.0,0.0,0.0,0.0,188.0,4.0,167.0,0.0,0.0,83.0,0.0,0.0,0.0,1.0,344.0,0.0,0.0,0.0,314.0,0.0,0.0,1200.0,40.0,0.0,0.0,0.0,0.0,0.0,275.0,365.0,14.0,0.0,183.0,287.0,145.0
2021-06-23 15:00:00+00:00,43.0,0.0,14.0,300.0,234.0,443.0,448.0,0.0,0.0,0.0,0.0,88.0,0.0,84.0,0.0,0.0,101.0,0.0,0.0,0.0,1.0,258.0,0.0,0.0,0.0,302.0,0.0,0.0,1012.0,50.0,0.0,0.0,0.0,0.0,19.0,232.0,331.0,47.0,0.0,114.0,309.0,149.0
2021-06-23 16:00:00+00:00,107.0,0.0,7.0,274.0,187.0,350.0,408.0,0.0,0.0,0.0,0.0,105.0,0.0,44.0,0.0,0.0,118.0,0.0,0.0,0.0,1.0,264.0,0.0,0.0,0.0,270.0,0.0,0.0,617.0,79.0,0.0,0.0,0.0,0.0,3.0,323.0,269.0,71.0,0.0,163.0,351.0,148.0
2021-06-23 17:00:00+00:00,11.0,0.0,45.0,298.0,251.0,306.0,397.0,0.0,0.0,14.0,0.0,75.0,0.0,45.0,0.0,0.0,110.0,0.0,0.0,0.0,450.0,253.0,0.0,0.0,0.0,343.0,0.0,0.0,563.0,79.0,0.0,0.0,0.0,0.0,43.0,334.0,253.0,28.0,0.0,78.0,443.0,151.0
2021-06-23 18:00:00+00:00,10.0,0.0,5.0,289.0,254.0,335.0,359.0,0.0,0.0,6.0,0.0,147.0,0.0,47.0,0.0,0.0,87.0,0.0,0.0,0.0,498.0,201.0,0.0,0.0,0.0,279.0,0.0,0.0,1053.0,97.0,0.0,0.0,0.0,0.0,13.0,381.0,284.0,81.0,0.0,139.0,396.0,151.0
2021-06-23 19:00:00+00:00,0.0,0.0,21.0,290.0,292.0,367.0,406.0,0.0,0.0,64.0,0.0,206.0,0.0,59.0,0.0,0.0,125.0,0.0,0.0,0.0,599.0,141.0,0.0,0.0,0.0,214.0,0.0,0.0,1323.0,148.0,0.0,0.0,0.0,0.0,4.0,363.0,284.0,42.0,0.0,129.0,397.0,148.0
2021-06-23 20:00:00+00:00,20.0,0.0,109.0,342.0,283.0,422.0,462.0,0.0,0.0,6.0,0.0,354.0,34.0,112.0,0.0,0.0,108.0,0.0,0.0,0.0,583.0,304.0,0.0,0.0,0.0,241.0,0.0,0.0,1343.0,116.0,0.0,0.0,0.0,0.0,0.0,351.0,409.0,5.0,0.0,184.0,360.0,149.0
2021-06-23 21:00:00+00:00,16.0,0.0,136.0,358.0,310.0,482.0,506.0,0.0,0.0,14.0,0.0,267.0,37.0,154.0,0.0,0.0,76.0,0.0,0.0,0.0,458.0,366.0,0.0,0.0,0.0,253.0,0.0,0.0,1343.0,95.0,0.0,0.0,0.0,0.0,0.0,480.0,458.0,2.0,0.0,257.0,417.0,150.0
2021-06-23 22:00:00+00:00,5.0,0.0,108.0,330.0,294.0,518.0,478.0,0.0,0.0,25.0,0.0,405.0,108.0,227.0,0.0,0.0,53.0,0.0,0.0,0.0,328.0,339.0,0.0,0.0,0.0,556.0,0.0,0.0,1031.0,102.0,0.0,0.0,0.0,0.0,0.0,479.0,425.0,3.0,0.0,242.0,380.0,149.0
2021-06-23 23:00:00+00:00,1.0,0.0,95.0,325.0,311.0,546.0,505.0,0.0,0.0,46.0,0.0,330.0,59.0,153.0,0.0,0.0,32.0,0.0,0.0,0.0,486.0,323.0,0.0,0.0,0.0,583.0,0.0,0.0,944.0,104.0,0.0,0.0,0.0,0.0,0.0,358.0,403.0,2.0,0.0,165.0,354.0,150.0
2021-06-24 00:00:00+00:00,0.0,0.0,82.0,320.0,310.0,476.0,525.0,0.0,0.0,44.0,0.0,222.0,33.0,106.0,0.0,0.0,22.0,0.0,0.0,0.0,474.0,323.0,0.0,0.0,0.0,573.0,0.0,0.0,959.0,96.0,0.0,0.0,0.0,0.0,0.0,277.0,393.0,9.0,0.0,123.0,315.0,150.0
2021-06-24 01:00:00+00:00,0.0,0.0,70.0,325.0,318.0,528.0,497.0,0.0,0.0,48.0,0.0,162.0,24.0,95.0,0.0,0.0,16.0,0.0,0.0,0.0,521.0,321.0,0.0,0.0,0.0,603.0,0.0,0.0,957.0,122.0,0.0,0.0,0.0,0.0,0.0,256.0,370.0,7.0,0.0,120.0,299.0,150.0
2021-06-24 02:00:00+00:00,0.0,0.0,43.0,318.0,313.0,516.0,521.0,0.0,0.0,46.0,0.0,134.0,17.0,95.0,0.0,0.0,16.0,0.0,0.0,0.0,527.0,318.0,0.0,0.0,0.0,606.0,0.0,0.0,947.0,110.0,0.0,0.0,0.0,0.0,0.0,310.0,366.0,25.0,0.0,138.0,315.0,150.0
2021-06-24 03:00:00+00:00,2.0,0.0,38.0,306.0,277.0,501.0,545.0,0.0,0.0,25.0,0.0,165.0,43.0,88.0,0.0,0.0,19.0,0.0,0.0,0.0,508.0,324.0,0.0,0.0,0.0,567.0,0.0,0.0,960.0,103.0,0.0,0.0,0.0,0.0,0.0,399.0,319.0,25.0,0.0,205.0,309.0,150.0
2021-06-24 04:00:00+00:00,104.0,37.0,9.0,232.0,206.0,424.0,536.0,0.0,0.0,0.0,0.0,0.0,0.0,0.0,0.0,0.0,43.0,0.0,0.0,0.0,71.0,257.0,0.0,0.0,0.0,479.0,0.0,0.0,773.0,97.0,0.0,0.0,70.0,0.0,25.0,311.0,240.0,61.0,0.0,138.0,286.0,150.0
2021-06-24 05:00:00+00:00,94.0,33.0,2.0,182.0,196.0,424.0,484.0,0.0,0.0,0.0,0.0,0.0,0.0,0.0,0.0,108.0,71.0,0.0,0.0,0.0,0.0,102.0,0.0,0.0,0.0,408.0,0.0,0.0,757.0,114.0,0.0,0.0,67.0,0.0,16.0,265.0,175.0,138.0,0.0,146.0,246.0,150.0
2021-06-24 06:00:00+00:00,86.0,34.0,0.0,183.0,191.0,459.0,485.0,0.0,0.0,0.0,0.0,0.0,0.0,1.0,0.0,213.0,91.0,0.0,0.0,0.0,0.0,81.0,0.0,0.0,0.0,387.0,0.0,0.0,757.0,100.0,0.0,0.0,26.0,0.0,6.0,231.0,174.0,135.0,0.0,192.0,214.0,150.0
2021-06-24 07:00:00+00:00,95.0,107.0,0.0,170.0,179.0,393.0,391.0,0.0,1.0,0.0,0.0,0.0,0.0,0.0,0.0,490.0,73.0,0.0,0.0,0.0,0.0,39.0,0.0,0.0,0.0,304.0,0.0,0.0,756.0,65.0,0.0,0.0,37.0,0.0,22.0,108.0,124.0,168.0,0.0,126.0,175.0,150.0
2021-06-24 08:00:00+00:00,64.0,128.0,0.0,177.0,198.0,348.0,378.0,0.0,3.0,0.0,0.0,0.0,0.0,3.0,0.0,456.0,77.0,0.0,0.0,0.0,0.0,28.0,0.0,0.0,0.0,252.0,0.0,0.0,757.0,67.0,0.0,0.0,19.0,0.0,24.0,111.0,160.0,190.0,0.0,99.0,204.0,150.0
2021-06-24 09:00:00+00:00,62.0,45.0,1.0,214.0,225.0,377.0,395.0,0.0,1.0,0.0,0.0,0.0,0.0,65.0,0.0,459.0,66.0,0.0,0.0,0.0,0.0,73.0,0.0,0.0,0.0,197.0,0.0,0.0,757.0,76.0,0.0,0.0,1.0,0.0,4.0,221.0,167.0,177.0,0.0,157.0,260.0,150.0
2021-06-24 10:00:00+00:00,77.0,0.0,0.0,192.0,190.0,373.0,384.0,0.0,0.0,0.0,0.0,41.0,22.0,129.0,0.0,531.0,62.0,0.0,0.0,0.0,0.0,62.0,0.0,0.0,0.0,222.0,0.0,0.0,757.0,79.0,0.0,0.0,0.0,0.0,0.0,252.0,133.0,138.0,0.0,194.0,249.0,150.0
2021-06-24 11:00:00+00:00,33.0,9.0,1.0,218.0,240.0,385.0,385.0,0.0,2.0,0.0,0.0,0.0,32.0,186.0,0.0,461.0,69.0,0.0,0.0,0.0,0.0,41.0,0.0,0.0,0.0,145.0,0.0,0.0,753.0,82.0,0.0,0.0,0.0,0.0,0.0,292.0,182.0,141.0,0.0,178.0,305.0,150.0
2021-06-24 12:00:00+00:00,47.0,0.0,1.0,204.0,225.0,387.0,393.0,0.0,5.0,0.0,0.0,25.0,1.0,151.0,0.0,450.0,76.0,0.0,0.0,0.0,0.0,19.0,0.0,0.0,0.0,235.0,0.0,0.0,818.0,86.0,0.0,0.0,0.0,0.0,0.0,316.0,172.0,129.0,0.0,195.0,312.0,150.0
2021-06-24 13:00:00+00:00,43.0,0.0,1.0,199.0,223.0,371.0,442.0,0.0,2.0,0.0,0.0,33.0,0.0,130.0,0.0,415.0,98.0,0.0,0.0,0.0,0.0,30.0,0.0,0.0,0.0,268.0,0.0,0.0,1007.0,85.0,0.0,0.0,0.0,0.0,19.0,272.0,189.0,143.0,0.0,139.0,323.0,150.0
2021-06-24 14:00:00+00:00,62.0,0.0,6.0,245.0,248.0,347.0,431.0,0.0,0.0,0.0,0.0,46.0,0.0,75.0,0.0,416.0,113.0,0.0,0.0,0.0,0.0,121.0,0.0,0.0,0.0,248.0,0.0,0.0,1022.0,82.0,0.0,0.0,0.0,0.0,39.0,276.0,278.0,86.0,0.0,124.0,341.0,150.0
2021-06-24 15:00:00+00:00,45.0,0.0,7.0,230.0,232.0,346.0,388.0,0.0,0.0,0.0,0.0,39.0,0.0,43.0,0.0,378.0,131.0,0.0,0.0,0.0,0.0,81.0,0.0,0.0,0.0,190.0,0.0,0.0,1021.0,92.0,0.0,0.0,0.0,0.0,30.0,248.0,257.0,74.0,0.0,78.0,366.0,150.0
2021-06-24 16:00:00+00:00,118.0,146.0,6.0,224.0,203.0,373.0,337.0,0.0,0.0,0.0,0.0,0.0,0.0,6.0,0.0,290.0,143.0,0.0,0.0,0.0,0.0,145.0,0.0,0.0,0.0,167.0,0.0,0.0,835.0,90.0,0.0,0.0,24.0,0.0,52.0,232.0,239.0,90.0,0.0,48.0,376.0,150.0
2021-06-24 17:00:00+00:00,55.0,161.0,5.0,210.0,206.0,327.0,344.0,0.0,0.0,0.0,0.0,0.0,0.0,2.0,0.0,0.0,158.0,0.0,0.0,0.0,1.0,88.0,0.0,0.0,0.0,267.0,0.0,0.0,838.0,82.0,0.0,0.0,31.0,0.0,52.0,349.0,201.0,84.0,0.0,139.0,390.0,150.0
2021-06-24 18:00:00+00:00,48.0,139.0,2.0,203.0,202.0,325.0,308.0,0.0,0.0,0.0,0.0,0.0,0.0,0.0,0.0,0.0,156.0,0.0,0.0,0.0,1.0,63.0,0.0,0.0,0.0,247.0,0.0,0.0,1011.0,96.0,0.0,0.0,53.0,0.0,37.0,363.0,205.0,112.0,0.0,161.0,357.0,149.0
2021-06-24 19:00:00+00:00,20.0,149.0,3.0,198.0,212.0,331.0,373.0,0.0,1.0,3.0,0.0,0.0,0.0,2.0,0.0,84.0,152.0,0.0,0.0,0.0,0.0,41.0,0.0,0.0,0.0,222.0,0.0,0.0,1025.0,117.0,0.0,0.0,29.0,0.0,36.0,340.0,185.0,101.0,0.0,158.0,337.0,148.0
2021-06-24 20:00:00+00:00,63.0,0.0,41.0,275.0,251.0,439.0,430.0,0.0,0.0,0.0,0.0,9.0,42.0,78.0,0.0,0.0,132.0,0.0,0.0,0.0,1.0,224.0,0.0,0.0,0.0,227.0,0.0,0.0,1024.0,108.0,0.0,0.0,0.0,0.0,0.0,356.0,310.0,23.0,0.0,178.0,369.0,148.0
2021-06-24 21:00:00+00:00,71.0,0.0,92.0,306.0,285.0,446.0,445.0,0.0,0.0,0.0,0.0,129.0,83.0,151.0,0.0,0.0,105.0,0.0,0.0,0.0,60.0,305.0,0.0,0.0,0.0,371.0,0.0,0.0,1022.0,97.0,0.0,0.0,0.0,0.0,0.0,458.0,323.0,4.0,0.0,249.0,404.0,151.0
2021-06-24 22:00:00+00:00,113.0,0.0,152.0,374.0,274.0,446.0,407.0,0.0,0.0,0.0,0.0,110.0,64.0,184.0,0.0,0.0,64.0,0.0,0.0,0.0,335.0,552.0,0.0,0.0,0.0,366.0,0.0,0.0,1024.0,111.0,0.0,0.0,0.0,0.0,0.0,350.0,456.0,3.0,0.0,181.0,327.0,147.0
2021-06-24 23:00:00+00:00,45.0,81.0,150.0,377.0,312.0,463.0,460.0,0.0,0.0,0.0,0.0,0.0,0.0,71.0,0.0,0.0,44.0,0.0,0.0,0.0,449.0,558.0,0.0,0.0,0.0,416.0,0.0,0.0,1020.0,109.0,0.0,0.0,0.0,0.0,20.0,191.0,463.0,1.0,0.0,21.0,335.0,148.0
2021-06-25 00:00:00+00:00,39.0,212.0,151.0,374.0,324.0,410.0,437.0,0.0,0.0,1.0,0.0,0.0,0.0,7.0,0.0,0.0,29.0,0.0,0.0,0.0,434.0,556.0,0.0,0.0,0.0,440.0,0.0,41.0,1027.0,115.0,0.0,0.0,13.0,0.0,75.0,83.0,451.0,1.0,0.0,0.0,301.0,148.0
2021-06-25 01:00:00+00:00,64.0,265.0,122.0,375.0,318.0,427.0,457.0,0.0,0.0,0.0,0.0,0.0,0.0,0.0,0.0,0.0,20.0,0.0,0.0,0.0,409.0,544.0,0.0,0.0,0.0,486.0,0.0,90.0,1028.0,109.0,0.0,0.0,65.0,0.0,101.0,6.0,463.0,2.0,5.0,0.0,268.0,148.0
2021-06-25 02:00:00+00:00,79.0,220.0,114.0,363.0,282.0,430.0,454.0,0.0,0.0,0.0,0.0,0.0,0.0,0.0,0.0,0.0,14.0,0.0,0.0,0.0,430.0,536.0,0.0,0.0,0.0,510.0,0.0,63.0,1029.0,117.0,0.0,0.0,55.0,0.0,87.0,43.0,437.0,2.0,0.0,0.0,261.0,150.0
2021-06-25 03:00:00+00:00,107.0,62.0,104.0,350.0,238.0,344.0,397.0,0.0,0.0,0.0,0.0,0.0,0.0,12.0,0.0,0.0,18.0,0.0,0.0,0.0,386.0,548.0,0.0,0.0,0.0,453.0,0.0,0.0,530.0,131.0,0.0,0.0,18.0,0.0,22.0,221.0,409.0,3.0,0.0,88.0,255.0,150.0
2021-06-25 04:00:00+00:00,172.0,0.0,79.0,308.0,184.0,277.0,411.0,0.0,0.0,0.0,0.0,1.0,0.0,6.0,0.0,0.0,29.0,0.0,0.0,0.0,384.0,507.0,0.0,0.0,0.0,433.0,0.0,0.0,141.0,127.0,0.0,0.0,18.0,0.0,2.0,323.0,390.0,5.0,0.0,157.0,279.0,149.0
2021-06-25 05:00:00+00:00,24.0,181.0,5.0,169.0,150.0,277.0,364.0,0.0,1.0,9.0,0.0,0.0,0.0,0.0,0.0,0.0,56.0,0.0,0.0,0.0,348.0,97.0,0.0,0.0,0.0,247.0,0.0,0.0,120.0,131.0,0.0,0.0,125.0,0.0,79.0,225.0,178.0,135.0,0.0,89.0,250.0,149.0
2021-06-25 06:00:00+00:00,13.0,206.0,2.0,181.0,159.0,298.0,307.0,0.0,0.0,6.0,0.0,0.0,0.0,1.0,0.0,0.0,71.0,0.0,0.0,0.0,199.0,96.0,0.0,0.0,0.0,71.0,0.0,0.0,120.0,133.0,0.0,0.0,38.0,0.0,61.0,183.0,184.0,102.0,0.0,94.0,248.0,146.0
2021-06-25 07:00:00+00:00,44.0,90.0,22.0,222.0,169.0,248.0,246.0,0.0,0.0,2.0,0.0,0.0,0.0,42.0,0.0,0.0,68.0,0.0,0.0,0.0,195.0,170.0,0.0,0.0,0.0,51.0,0.0,0.0,61.0,113.0,0.0,0.0,3.0,0.0,5.0,143.0,218.0,48.0,0.0,130.0,206.0,146.0
2021-06-25 08:00:00+00:00,166.0,94.0,13.0,244.0,127.0,288.0,284.0,0.0,0.0,0.0,0.0,0.0,43.0,120.0,0.0,223.0,53.0,0.0,0.0,0.0,0.0,325.0,0.0,0.0,0.0,112.0,0.0,0.0,54.0,103.0,0.0,0.0,0.0,0.0,0.0,227.0,242.0,45.0,0.0,214.0,206.0,147.0
2021-06-25 09:00:00+00:00,212.0,14.0,129.0,290.0,128.0,319.0,289.0,9.0,0.0,0.0,0.0,0.0,95.0,207.0,0.0,379.0,49.0,0.0,0.0,0.0,0.0,446.0,0.0,0.0,0.0,103.0,0.0,0.0,54.0,88.0,0.0,0.0,0.0,0.0,0.0,320.0,283.0,11.0,0.0,313.0,202.0,149.0
2021-06-25 10:00:00+00:00,252.0,0.0,124.0,296.0,117.0,310.0,305.0,0.0,0.0,0.0,0.0,23.0,125.0,260.0,0.0,512.0,54.0,0.0,0.0,0.0,0.0,472.0,0.0,0.0,0.0,110.0,0.0,0.0,54.0,83.0,0.0,0.0,0.0,0.0,0.0,286.0,289.0,10.0,0.0,333.0,146.0,149.0
2021-06-25 11:00:00+00:00,270.0,14.0,91.0,289.0,102.0,302.0,277.0,0.0,0.0,0.0,0.0,0.0,124.0,269.0,0.0,519.0,62.0,0.0,0.0,0.0,0.0,496.0,0.0,0.0,0.0,108.0,0.0,0.0,118.0,83.0,0.0,0.0,0.0,0.0,0.0,305.0,269.0,11.0,0.0,334.0,162.0,149.0
2021-06-25 12:00:00+00:00,262.0,0.0,10.0,263.0,72.0,293.0,312.0,0.0,0.0,0.0,0.0,10.0,114.0,236.0,0.0,487.0,71.0,0.0,0.0,0.0,0.0,431.0,0.0,0.0,0.0,135.0,0.0,0.0,121.0,77.0,0.0,0.0,0.0,0.0,0.0,285.0,268.0,50.0,0.0,300.0,180.0,149.0
2021-06-25 13:00:00+00:00,287.0,1.0,22.0,254.0,54.0,352.0,312.0,0.0,0.0,0.0,0.0,0.0,108.0,215.0,0.0,503.0,82.0,0.0,0.0,0.0,0.0,456.0,0.0,0.0,0.0,191.0,0.0,0.0,651.0,71.0,0.0,0.0,0.0,0.0,0.0,290.0,279.0,43.0,0.0,270.0,210.0,150.0
2021-06-25 14:00:00+00:00,290.0,63.0,34.0,274.0,108.0,388.0,344.0,0.0,0.0,0.0,0.0,0.0,37.0,95.0,0.0,483.0,114.0,0.0,0.0,0.0,0.0,442.0,0.0,0.0,0.0,248.0,0.0,0.0,995.0,69.0,0.0,0.0,0.0,0.0,0.0,273.0,342.0,22.0,0.0,214.0,251.0,150.0
2021-06-25 15:00:00+00:00,264.0,4.0,37.0,278.0,116.0,314.0,307.0,0.0,0.0,0.0,0.0,0.0,0.0,10.0,0.0,315.0,130.0,0.0,0.0,0.0,0.0,438.0,0.0,0.0,0.0,222.0,0.0,0.0,526.0,93.0,0.0,0.0,25.0,0.0,2.0,267.0,319.0,24.0,0.0,201.0,260.0,148.0
2021-06-25 16:00:00+00:00,277.0,59.0,19.0,279.0,112.0,320.0,304.0,0.0,0.0,0.0,0.0,0.0,0.0,2.0,0.0,185.0,139.0,0.0,0.0,0.0,0.0,462.0,0.0,0.0,0.0,160.0,0.0,0.0,144.0,96.0,0.0,0.0,18.0,0.0,3.0,279.0,290.0,46.0,0.0,167.0,301.0,150.0
2021-06-25 17:00:00+00:00,226.0,176.0,14.0,244.0,117.0,326.0,306.0,0.0,0.0,0.0,0.0,0.0,0.0,0.0,0.0,52.0,148.0,0.0,0.0,0.0,0.0,371.0,0.0,0.0,0.0,102.0,0.0,0.0,120.0,86.0,0.0,0.0,55.0,0.0,31.0,249.0,232.0,62.0,0.0,129.0,303.0,150.0
2021-06-25 18:00:00+00:00,232.0,147.0,6.0,248.0,121.0,396.0,363.0,0.0,0.0,0.0,0.0,0.0,0.0,0.0,0.0,74.0,141.0,0.0,0.0,0.0,0.0,370.0,0.0,0.0,0.0,39.0,0.0,0.0,677.0,62.0,0.0,0.0,38.0,0.0,8.0,273.0,256.0,60.0,0.0,151.0,259.0,151.0
2021-06-25 19:00:00+00:00,264.0,0.0,28.0,262.0,108.0,502.0,431.0,0.0,0.0,0.0,0.0,7.0,28.0,18.0,0.0,125.0,139.0,0.0,0.0,0.0,0.0,437.0,0.0,0.0,0.0,33.0,0.0,0.0,999.0,62.0,0.0,0.0,3.0,0.0,0.0,261.0,297.0,22.0,0.0,173.0,243.0,150.0
2021-06-25 20:00:00+00:00,267.0,43.0,30.0,283.0,121.0,515.0,467.0,0.0,0.0,0.0,0.0,0.0,54.0,47.0,0.0,199.0,116.0,0.0,0.0,0.0,0.0,497.0,0.0,0.0,0.0,0.0,0.0,0.0,1074.0,52.0,0.0,32.0,1.0,0.0,0.0,274.0,352.0,30.0,0.0,246.0,223.0,149.0
2021-06-25 21:00:00+00:00,207.0,0.0,98.0,321.0,160.0,504.0,463.0,0.0,0.0,0.0,0.0,169.0,128.0,134.0,0.0,0.0,93.0,0.0,0.0,0.0,128.0,534.0,0.0,0.0,0.0,243.0,0.0,0.0,1072.0,35.0,0.0,0.0,0.0,0.0,0.0,352.0,358.0,7.0,0.0,297.0,248.0,145.0
2021-06-25 22:00:00+00:00,143.0,0.0,102.0,342.0,187.0,445.0,366.0,0.0,0.0,0.0,0.0,219.0,167.0,0.0,0.0,0.0,71.0,0.0,0.0,0.0,455.0,558.0,0.0,0.0,0.0,366.0,0.0,0.0,1071.0,44.0,0.0,0.0,0.0,0.0,0.0,365.0,417.0,6.0,0.0,281.0,275.0,149.0
2021-06-25 23:00:00+00:00,145.0,0.0,105.0,350.0,206.0,488.0,415.0,0.0,0.0,0.0,0.0,91.0,76.0,0.0,0.0,0.0,62.0,0.0,0.0,0.0,498.0,595.0,0.0,0.0,0.0,460.0,0.0,0.0,1073.0,54.0,0.0,0.0,0.0,0.0,0.0,306.0,416.0,3.0,0.0,228.0,234.0,151.0
2021-06-26 00:00:00+00:00,100.0,0.0,126.0,363.0,234.0,495.0,435.0,0.0,0.0,0.0,0.0,19.0,39.0,0.0,0.0,0.0,45.0,0.0,0.0,0.0,451.0,588.0,0.0,0.0,0.0,431.0,0.0,0.0,1067.0,56.0,0.0,0.0,0.0,0.0,0.0,205.0,434.0,0.0,0.0,144.0,220.0,149.0
2021-06-26 01:00:00+00:00,100.0,0.0,128.0,372.0,259.0,503.0,454.0,0.0,0.0,0.0,0.0,22.0,25.0,0.0,0.0,0.0,19.0,0.0,0.0,0.0,466.0,587.0,0.0,0.0,0.0,438.0,0.0,0.0,1062.0,57.0,0.0,0.0,0.0,0.0,0.0,113.0,427.0,2.0,0.0,81.0,193.0,149.0
2021-06-26 02:00:00+00:00,49.0,122.0,218.0,409.0,367.0,498.0,452.0,0.0,0.0,0.0,0.0,0.0,0.0,0.0,0.0,0.0,19.0,0.0,0.0,0.0,448.0,538.0,0.0,0.0,0.0,362.0,0.0,29.0,1065.0,62.0,0.0,0.0,0.0,0.0,44.0,53.0,512.0,0.0,0.0,1.0,235.0,151.0
2021-06-26 03:00:00+00:00,78.0,73.0,219.0,370.0,307.0,468.0,433.0,0.0,0.0,0.0,0.0,0.0,0.0,0.0,0.0,0.0,39.0,0.0,0.0,0.0,458.0,551.0,0.0,0.0,0.0,424.0,0.0,6.0,1102.0,65.0,0.0,0.0,0.0,0.0,19.0,104.0,500.0,0.0,0.0,36.0,196.0,150.0
2021-06-26 04:00:00+00:00,57.0,166.0,153.0,346.0,288.0,372.0,341.0,0.0,0.0,0.0,0.0,0.0,0.0,0.0,0.0,0.0,67.0,0.0,0.0,0.0,482.0,490.0,0.0,0.0,0.0,493.0,0.0,0.0,1076.0,66.0,0.0,0.0,0.0,0.0,84.0,96.0,468.0,2.0,0.0,33.0,182.0,151.0
2021-06-26 05:00:00+00:00,1.0,58.0,112.0,328.0,298.0,415.0,331.0,0.0,0.0,45.0,0.0,0.0,0.0,0.0,0.0,0.0,105.0,0.0,0.0,0.0,549.0,339.0,0.0,0.0,0.0,458.0,0.0,0.0,1077.0,66.0,0.0,0.0,0.0,0.0,40.0,101.0,386.0,3.0,0.0,61.0,144.0,148.0
2021-06-26 06:00:00+00:00,0.0,0.0,134.0,367.0,344.0,385.0,320.0,0.0,0.0,64.0,0.0,5.0,22.0,0.0,0.0,0.0,115.0,0.0,0.0,0.0,494.0,341.0,0.0,0.0,0.0,393.0,0.0,0.0,1077.0,57.0,0.0,0.0,0.0,0.0,0.0,124.0,425.0,1.0,0.0,124.0,141.0,150.0
2021-06-26 07:00:00+00:00,1.0,0.0,172.0,384.0,334.0,352.0,316.0,0.0,0.0,29.0,0.0,56.0,90.0,0.0,0.0,0.0,65.0,0.0,0.0,0.0,353.0,390.0,0.0,0.0,0.0,366.0,0.0,0.0,1075.0,49.0,0.0,0.0,0.0,0.0,0.0,132.0,430.0,0.0,0.0,197.0,123.0,150.0
2021-06-26 08:00:00+00:00,49.0,0.0,99.0,413.0,344.0,361.0,312.0,0.0,0.0,0.0,0.0,94.0,115.0,0.0,0.0,0.0,103.0,0.0,0.0,0.0,183.0,454.0,0.0,0.0,0.0,344.0,0.0,0.0,1076.0,42.0,0.0,0.0,0.0,0.0,0.0,54.0,411.0,5.0,0.0,162.0,82.0,150.0
2021-06-26 09:00:00+00:00,91.0,0.0,143.0,426.0,332.0,419.0,337.0,0.0,0.0,0.0,0.0,136.0,165.0,0.0,0.0,0.0,108.0,0.0,0.0,0.0,2.0,494.0,0.0,0.0,0.0,302.0,0.0,0.0,1076.0,36.0,0.0,0.0,0.0,0.0,0.0,80.0,454.0,2.0,0.0,203.0,73.0,150.0
2021-06-26 10:00:00+00:00,81.0,0.0,168.0,422.0,330.0,424.0,358.0,0.0,0.0,0.0,0.0,158.0,178.0,0.0,0.0,59.0,93.0,0.0,0.0,0.0,0.0,489.0,0.0,0.0,0.0,280.0,0.0,0.0,1077.0,32.0,0.0,0.0,0.0,0.0,0.0,62.0,487.0,1.0,0.0,189.0,68.0,150.0
2021-06-26 11:00:00+00:00,81.0,0.0,175.0,426.0,336.0,445.0,379.0,0.0,0.0,0.0,0.0,132.0,144.0,0.0,0.0,83.0,87.0,0.0,0.0,0.0,0.0,486.0,0.0,0.0,0.0,300.0,0.0,0.0,1079.0,26.0,0.0,0.0,0.0,0.0,0.0,2.0,482.0,1.0,10.0,118.0,56.0,150.0
2021-06-26 12:00:00+00:00,84.0,0.0,158.0,415.0,316.0,415.0,395.0,0.0,0.0,0.0,0.0,123.0,141.0,0.0,0.0,82.0,61.0,0.0,0.0,0.0,0.0,493.0,0.0,0.0,0.0,309.0,0.0,0.0,1077.0,31.0,0.0,0.0,0.0,0.0,0.0,40.0,467.0,0.0,0.0,137.0,85.0,150.0
2021-06-26 13:00:00+00:00,105.0,0.0,136.0,396.0,287.0,376.0,364.0,0.0,0.0,0.0,0.0,173.0,154.0,0.0,0.0,90.0,42.0,0.0,0.0,0.0,0.0,500.0,0.0,0.0,0.0,242.0,0.0,0.0,1075.0,38.0,0.0,0.0,0.0,0.0,0.0,68.0,448.0,1.0,0.0,148.0,103.0,149.0
2021-06-26 14:00:00+00:00,92.0,0.0,158.0,409.0,301.0,405.0,325.0,0.0,0.0,0.0,0.0,57.0,121.0,0.0,0.0,47.0,86.0,0.0,0.0,0.0,0.0,516.0,0.0,0.0,0.0,264.0,0.0,0.0,1075.0,46.0,0.0,0.0,0.0,0.0,0.0,106.0,435.0,1.0,0.0,135.0,152.0,150.0
2021-06-26 15:00:00+00:00,103.0,0.0,169.0,396.0,276.0,417.0,337.0,0.0,0.0,0.0,0.0,121.0,129.0,0.0,0.0,0.0,114.0,0.0,0.0,0.0,228.0,493.0,0.0,0.0,0.0,275.0,0.0,0.0,1075.0,37.0,0.0,0.0,0.0,0.0,0.0,169.0,436.0,1.0,0.0,171.0,191.0,150.0
2021-06-26 16:00:00+00:00,42.0,29.0,119.0,394.0,314.0,396.0,313.0,0.0,0.0,0.0,0.0,0.0,54.0,0.0,0.0,0.0,137.0,0.0,0.0,0.0,382.0,418.0,0.0,0.0,0.0,322.0,0.0,0.0,1075.0,27.0,0.0,0.0,0.0,0.0,0.0,157.0,427.0,2.0,0.0,158.0,358.0,150.0
2021-06-26 17:00:00+00:00,64.0,70.0,134.0,397.0,291.0,415.0,334.0,0.0,0.0,0.0,0.0,0.0,15.0,93.0,0.0,0.0,132.0,0.0,0.0,0.0,516.0,467.0,0.0,0.0,0.0,295.0,0.0,0.0,1074.0,34.0,0.0,0.0,0.0,0.0,0.0,254.0,428.0,1.0,0.0,240.0,462.0,150.0
2021-06-26 18:00:00+00:00,89.0,12.0,122.0,363.0,251.0,450.0,386.0,0.0,0.0,0.0,0.0,0.0,21.0,126.0,0.0,0.0,134.0,0.0,0.0,0.0,593.0,458.0,0.0,0.0,0.0,310.0,0.0,0.0,1075.0,36.0,0.0,0.0,0.0,0.0,0.0,345.0,421.0,3.0,0.0,327.0,432.0,152.0
2021-06-26 19:00:00+00:00,64.0,8.0,94.0,374.0,285.0,501.0,405.0,0.0,0.0,0.0,0.0,0.0,13.0,115.0,0.0,0.0,126.0,0.0,0.0,0.0,594.0,447.0,0.0,0.0,0.0,335.0,0.0,0.0,1077.0,45.0,0.0,0.0,0.0,0.0,0.0,375.0,389.0,4.0,0.0,335.0,461.0,153.0
2021-06-26 20:00:00+00:00,77.0,81.0,121.0,434.0,378.0,477.0,436.0,0.0,0.0,0.0,0.0,0.0,0.0,83.0,0.0,0.0,118.0,0.0,0.0,0.0,599.0,490.0,0.0,0.0,0.0,359.0,0.0,0.0,1077.0,26.0,0.0,0.0,0.0,0.0,27.0,246.0,454.0,8.0,0.0,183.0,520.0,151.0
2021-06-26 21:00:00+00:00,53.0,76.0,191.0,447.0,399.0,499.0,434.0,0.0,0.0,1.0,0.0,0.0,0.0,93.0,0.0,0.0,100.0,0.0,0.0,0.0,469.0,509.0,0.0,0.0,0.0,376.0,0.0,0.0,1076.0,31.0,0.0,0.0,0.0,0.0,35.0,128.0,497.0,2.0,0.0,108.0,546.0,149.0
2021-06-26 22:00:00+00:00,3.0,0.0,176.0,407.0,375.0,606.0,416.0,0.0,0.0,50.0,0.0,45.0,0.0,127.0,0.0,0.0,138.0,0.0,0.0,0.0,487.0,429.0,0.0,0.0,0.0,346.0,0.0,0.0,1075.0,55.0,0.0,0.0,0.0,0.0,1.0,43.0,457.0,0.0,0.0,135.0,532.0,151.0
2021-06-26 23:00:00+00:00,0.0,78.0,150.0,402.0,393.0,616.0,427.0,0.0,0.0,89.0,0.0,0.0,0.0,52.0,0.0,0.0,146.0,0.0,0.0,0.0,517.0,413.0,0.0,0.0,0.0,454.0,0.0,0.0,1071.0,52.0,0.0,0.0,0.0,0.0,57.0,0.0,465.0,0.0,37.0,61.0,530.0,152.0
2021-06-27 00:00:00+00:00,0.0,193.0,142.0,375.0,385.0,591.0,421.0,0.0,0.0,90.0,0.0,0.0,0.0,4.0,0.0,0.0,25.0,0.0,0.0,0.0,526.0,397.0,0.0,0.0,0.0,507.0,0.0,0.0,1077.0,64.0,0.0,0.0,16.0,0.0,98.0,0.0,466.0,3.0,83.0,43.0,513.0,151.0
2021-06-27 01:00:00+00:00,0.0,305.0,138.0,377.0,413.0,514.0,387.0,0.0,0.0,109.0,0.0,0.0,0.0,0.0,0.0,0.0,49.0,0.0,0.0,0.0,565.0,375.0,0.0,0.0,0.0,547.0,0.0,8.0,1074.0,59.0,0.0,0.0,39.0,0.0,129.0,0.0,466.0,1.0,137.0,4.0,506.0,149.0
2021-06-27 02:00:00+00:00,0.0,205.0,160.0,377.0,425.0,520.0,376.0,0.0,0.0,141.0,0.0,0.0,0.0,0.0,0.0,0.0,24.0,0.0,0.0,0.0,573.0,362.0,0.0,0.0,0.0,567.0,0.0,14.0,1076.0,59.0,0.0,0.0,37.0,0.0,124.0,0.0,488.0,0.0,167.0,0.0,487.0,151.0
2021-06-27 03:00:00+00:00,0.0,207.0,150.0,381.0,413.0,552.0,398.0,0.0,0.0,128.0,0.0,0.0,0.0,0.0,0.0,0.0,70.0,0.0,0.0,0.0,578.0,400.0,0.0,0.0,0.0,602.0,0.0,17.0,1075.0,64.0,0.0,0.0,54.0,0.0,128.0,0.0,449.0,0.0,165.0,4.0,487.0,151.0
2021-06-27 04:00:00+00:00,0.0,144.0,205.0,407.0,408.0,487.0,443.0,0.0,0.0,105.0,0.0,0.0,0.0,8.0,0.0,0.0,64.0,0.0,0.0,0.0,505.0,454.0,0.0,0.0,0.0,622.0,0.0,0.0,1078.0,61.0,0.0,0.0,20.0,0.0,95.0,0.0,485.0,1.0,128.0,39.0,453.0,148.0
2021-06-27 05:00:00+00:00,0.0,80.0,150.0,409.0,448.0,451.0,374.0,0.0,0.0,122.0,0.0,0.0,0.0,7.0,0.0,0.0,131.0,0.0,0.0,0.0,551.0,407.0,0.0,0.0,0.0,508.0,0.0,20.0,1080.0,74.0,0.0,0.0,20.0,0.0,93.0,0.0,440.0,1.0,215.0,0.0,421.0,149.0
2021-06-27 06:00:00+00:00,0.0,128.0,105.0,402.0,453.0,376.0,346.0,0.0,0.0,103.0,0.0,0.0,0.0,25.0,0.0,0.0,90.0,0.0,0.0,0.0,543.0,364.0,0.0,0.0,0.0,486.0,0.0,26.0,1079.0,76.0,0.0,0.0,20.0,0.0,108.0,0.0,435.0,2.0,237.0,1.0,399.0,150.0
2021-06-27 07:00:00+00:00,0.0,50.0,90.0,418.0,445.0,380.0,349.0,0.0,0.0,100.0,0.0,0.0,0.0,81.0,0.0,0.0,87.0,0.0,0.0,0.0,477.0,356.0,0.0,0.0,0.0,439.0,0.0,12.0,1077.0,69.0,0.0,0.0,0.0,0.0,70.0,0.0,398.0,4.0,257.0,5.0,357.0,150.0
2021-06-27 08:00:00+00:00,3.0,0.0,102.0,424.0,388.0,389.0,347.0,0.0,0.0,17.0,0.0,54.0,0.0,144.0,0.0,0.0,80.0,0.0,0.0,0.0,277.0,429.0,0.0,0.0,0.0,380.0,0.0,0.0,1081.0,58.0,0.0,0.0,0.0,0.0,13.0,0.0,400.0,0.0,251.0,21.0,302.0,150.0
2021-06-27 09:00:00+00:00,28.0,0.0,126.0,422.0,344.0,453.0,379.0,0.0,0.0,1.0,0.0,147.0,39.0,226.0,0.0,0.0,109.0,0.0,0.0,0.0,190.0,486.0,0.0,0.0,0.0,375.0,0.0,0.0,1079.0,65.0,0.0,0.0,0.0,0.0,0.0,0.0,431.0,2.0,174.0,110.0,293.0,149.0
2021-06-27 10:00:00+00:00,6.0,0.0,120.0,407.0,324.0,450.0,384.0,0.0,0.0,10.0,0.0,201.0,58.0,259.0,0.0,0.0,113.0,0.0,0.0,0.0,226.0,486.0,0.0,0.0,0.0,413.0,0.0,0.0,1077.0,68.0,0.0,0.0,0.0,0.0,0.0,0.0,421.0,0.0,148.0,129.0,293.0,149.0
2021-06-27 11:00:00+00:00,29.0,0.0,156.0,392.0,278.0,413.0,359.0,0.0,0.0,1.0,0.0,331.0,107.0,281.0,0.0,0.0,100.0,0.0,0.0,0.0,195.0,516.0,0.0,0.0,0.0,407.0,0.0,0.0,1080.0,63.0,0.0,0.0,0.0,0.0,0.0,0.0,369.0,2.0,147.0,173.0,254.0,148.0
2021-06-27 12:00:00+00:00,43.0,0.0,130.0,382.0,265.0,425.0,379.0,0.0,0.0,0.0,0.0,351.0,110.0,257.0,0.0,0.0,101.0,0.0,0.0,0.0,192.0,498.0,0.0,0.0,0.0,400.0,0.0,0.0,1081.0,62.0,0.0,0.0,0.0,0.0,0.0,0.0,355.0,0.0,128.0,184.0,262.0,149.0
2021-06-27 13:00:00+00:00,68.0,0.0,112.0,378.0,252.0,390.0,339.0,0.0,0.0,0.0,0.0,405.0,118.0,204.0,0.0,0.0,124.0,0.0,0.0,0.0,141.0,512.0,0.0,0.0,0.0,438.0,0.0,0.0,1079.0,62.0,0.0,0.0,0.0,0.0,0.0,0.0,382.0,2.0,99.0,202.0,269.0,151.0
2021-06-27 14:00:00+00:00,61.0,0.0,138.0,391.0,295.0,408.0,350.0,0.0,0.0,0.0,0.0,143.0,26.0,87.0,0.0,0.0,147.0,0.0,0.0,0.0,96.0,509.0,0.0,0.0,0.0,473.0,0.0,0.0,1072.0,69.0,0.0,0.0,0.0,0.0,0.0,0.0,422.0,2.0,99.0,111.0,364.0,150.0
2021-06-27 15:00:00+00:00,27.0,133.0,80.0,404.0,355.0,400.0,322.0,0.0,0.0,2.0,0.0,0.0,0.0,26.0,0.0,0.0,171.0,0.0,0.0,0.0,289.0,445.0,0.0,0.0,0.0,441.0,0.0,0.0,1076.0,60.0,0.0,0.0,2.0,0.0,42.0,0.0,468.0,10.0,73.0,89.0,445.0,151.0
2021-06-27 16:00:00+00:00,28.0,193.0,79.0,386.0,316.0,393.0,325.0,0.0,0.0,1.0,0.0,0.0,0.0,12.0,0.0,0.0,142.0,0.0,0.0,0.0,389.0,447.0,0.0,0.0,0.0,452.0,0.0,0.0,1078.0,56.0,0.0,0.0,4.0,0.0,52.0,15.0,416.0,5.0,3.0,119.0,508.0,150.0
2021-06-27 17:00:00+00:00,38.0,257.0,95.0,372.0,296.0,374.0,305.0,0.0,0.0,1.0,0.0,0.0,0.0,6.0,0.0,0.0,113.0,0.0,0.0,0.0,444.0,434.0,0.0,0.0,0.0,430.0,0.0,0.0,1079.0,52.0,0.0,0.0,9.0,0.0,59.0,159.0,385.0,3.0,0.0,174.0,564.0,151.0
2021-06-27 18:00:00+00:00,71.0,200.0,82.0,366.0,267.0,350.0,290.0,0.0,0.0,0.0,0.0,0.0,0.0,36.0,0.0,0.0,110.0,0.0,0.0,0.0,390.0,448.0,0.0,0.0,0.0,335.0,0.0,0.0,1080.0,58.0,0.0,0.0,1.0,0.0,21.0,264.0,392.0,4.0,0.0,260.0,538.0,150.0
2021-06-27 19:00:00+00:00,77.0,101.0,72.0,370.0,271.0,431.0,252.0,0.0,0.0,0.0,0.0,0.0,15.0,54.0,0.0,0.0,106.0,0.0,0.0,0.0,380.0,448.0,0.0,0.0,0.0,254.0,0.0,0.0,1080.0,69.0,0.0,0.0,0.0,0.0,0.0,252.0,401.0,10.0,0.0,252.0,531.0,150.0
2021-06-27 20:00:00+00:00,62.0,248.0,98.0,378.0,295.0,459.0,362.0,0.0,0.0,0.0,0.0,0.0,0.0,16.0,0.0,0.0,103.0,0.0,0.0,0.0,359.0,435.0,0.0,0.0,0.0,356.0,0.0,0.0,1078.0,47.0,0.0,0.0,6.0,0.0,31.0,195.0,436.0,4.0,0.0,228.0,549.0,150.0
2021-06-27 21:00:00+00:00,89.0,346.0,134.0,418.0,349.0,513.0,392.0,0.0,0.0,1.0,0.0,0.0,0.0,9.0,0.0,0.0,114.0,0.0,0.0,0.0,251.0,486.0,0.0,0.0,0.0,387.0,0.0,0.0,1074.0,43.0,0.0,0.0,12.0,0.0,74.0,68.0,420.0,5.0,0.0,99.0,602.0,151.0
2021-06-27 22:00:00+00:00,107.0,283.0,142.0,426.0,339.0,512.0,389.0,0.0,0.0,0.0,0.0,0.0,0.0,17.0,0.0,0.0,119.0,0.0,0.0,0.0,502.0,552.0,0.0,0.0,0.0,423.0,0.0,0.0,1078.0,53.0,0.0,0.0,3.0,0.0,60.0,38.0,445.0,2.0,0.0,94.0,567.0,149.0
2021-06-27 23:00:00+00:00,110.0,407.0,138.0,414.0,329.0,575.0,401.0,0.0,0.0,0.0,0.0,0.0,0.0,4.0,0.0,0.0,98.0,0.0,0.0,0.0,452.0,585.0,0.0,0.0,0.0,467.0,0.0,0.0,1070.0,56.0,0.0,0.0,12.0,0.0,93.0,0.0,474.0,1.0,26.0,65.0,551.0,150.0
2021-06-28 00:00:00+00:00,101.0,417.0,144.0,385.0,318.0,540.0,388.0,0.0,0.0,0.0,0.0,0.0,0.0,0.0,0.0,0.0,113.0,0.0,0.0,0.0,503.0,576.0,0.0,0.0,0.0,463.0,0.0,0.0,1075.0,67.0,0.0,0.0,49.0,0.0,104.0,0.0,476.0,2.0,36.0,73.0,528.0,150.0
2021-06-28 01:00:00+00:00,107.0,426.0,131.0,357.0,275.0,601.0,375.0,0.0,0.0,0.0,0.0,0.0,0.0,0.0,0.0,0.0,76.0,0.0,0.0,0.0,513.0,578.0,0.0,0.0,0.0,509.0,0.0,0.0,1081.0,76.0,0.0,0.0,44.0,0.0,97.0,0.0,455.0,2.0,16.0,106.0,517.0,149.0
2021-06-28 02:00:00+00:00,97.0,401.0,124.0,345.0,260.0,579.0,365.0,0.0,0.0,0.0,0.0,0.0,0.0,1.0,0.0,0.0,24.0,0.0,0.0,0.0,559.0,560.0,0.0,0.0,0.0,497.0,0.0,0.0,1080.0,71.0,0.0,0.0,29.0,0.0,86.0,29.0,443.0,2.0,0.0,156.0,512.0,150.0
2021-06-28 03:00:00+00:00,91.0,392.0,106.0,318.0,224.0,483.0,279.0,0.0,0.0,0.0,0.0,0.0,0.0,3.0,0.0,0.0,35.0,0.0,0.0,0.0,515.0,526.0,0.0,0.0,0.0,438.0,0.0,0.0,608.0,74.0,0.0,0.0,31.0,0.0,71.0,62.0,395.0,7.0,0.0,209.0,487.0,150.0
2021-06-28 04:00:00+00:00,0.0,446.0,3.0,174.0,183.0,241.0,190.0,0.0,0.0,102.0,0.0,0.0,0.0,0.0,0.0,0.0,50.0,0.0,0.0,0.0,600.0,113.0,0.0,0.0,0.0,420.0,0.0,,202.0,43.0,0.0,0.0,102.0,0.0,114.0,76.0,181.0,117.0,6.0,,500.0,150.0
2021-06-28 05:00:00+00:00,0.0,217.0,1.0,146.0,139.0,139.0,92.0,1.0,1.0,90.0,0.0,0.0,0.0,0.0,0.0,0.0,64.0,0.0,0.0,0.0,602.0,50.0,0.0,0.0,0.0,155.0,0.0,0.0,174.0,30.0,0.0,0.0,62.0,0.0,60.0,40.0,95.0,163.0,0.0,262.0,408.0,150.0
2021-06-28 06:00:00+00:00,0.0,90.0,6.0,186.0,164.0,165.0,107.0,2.0,0.0,82.0,0.0,0.0,48.0,2.0,0.0,0.0,85.0,0.0,0.0,0.0,602.0,59.0,0.0,0.0,0.0,143.0,0.0,0.0,174.0,9.0,0.0,0.0,68.0,0.0,0.0,33.0,137.0,126.0,0.0,335.0,340.0,150.0
2021-06-28 07:00:00+00:00,0.0,0.0,1.0,215.0,169.0,230.0,109.0,0.0,0.0,60.0,0.0,46.0,137.0,0.0,0.0,0.0,84.0,0.0,0.0,0.0,595.0,121.0,0.0,0.0,0.0,172.0,0.0,0.0,173.0,11.0,0.0,0.0,64.0,0.0,0.0,67.0,191.0,114.0,0.0,426.0,275.0,149.0
2021-06-28 08:00:00+00:00,63.0,0.0,4.0,266.0,155.0,234.0,103.0,0.0,0.0,0.0,0.0,86.0,211.0,10.0,0.0,0.0,129.0,0.0,0.0,0.0,339.0,299.0,0.0,0.0,0.0,216.0,0.0,0.0,175.0,0.0,0.0,0.0,3.0,0.0,0.0,149.0,284.0,72.0,0.0,536.0,258.0,150.0
2021-06-28 09:00:00+00:00,162.0,0.0,19.0,291.0,133.0,284.0,153.0,0.0,0.0,0.0,0.0,50.0,237.0,23.0,0.0,0.0,117.0,0.0,0.0,0.0,1.0,417.0,0.0,0.0,0.0,153.0,0.0,0.0,174.0,13.0,0.0,0.0,0.0,0.0,0.0,189.0,328.0,36.0,0.0,581.0,253.0,150.0
2021-06-28 10:00:00+00:00,199.0,0.0,22.0,290.0,101.0,295.0,202.0,0.0,0.0,0.0,0.0,115.0,282.0,39.0,0.0,84.0,117.0,0.0,0.0,0.0,0.0,463.0,0.0,0.0,0.0,148.0,0.0,0.0,175.0,36.0,0.0,0.0,0.0,0.0,0.0,213.0,298.0,38.0,0.0,607.0,247.0,151.0
2021-06-28 11:00:00+00:00,194.0,0.0,16.0,296.0,115.0,339.0,274.0,0.0,0.0,0.0,0.0,124.0,262.0,48.0,0.0,68.0,126.0,0.0,0.0,0.0,0.0,443.0,0.0,0.0,0.0,167.0,0.0,0.0,174.0,44.0,0.0,0.0,0.0,0.0,0.0,188.0,306.0,42.0,0.0,557.0,270.0,149.0
2021-06-28 12:00:00+00:00,211.0,0.0,16.0,291.0,106.0,415.0,285.0,0.0,0.0,0.0,0.0,147.0,264.0,30.0,0.0,94.0,94.0,0.0,0.0,0.0,0.0,425.0,0.0,0.0,0.0,156.0,0.0,0.0,175.0,65.0,0.0,0.0,0.0,0.0,0.0,176.0,300.0,42.0,0.0,544.0,273.0,150.0
2021-06-28 13:00:00+00:00,211.0,0.0,25.0,280.0,92.0,489.0,353.0,0.0,0.0,0.0,0.0,125.0,253.0,2.0,0.0,103.0,94.0,0.0,0.0,0.0,0.0,439.0,0.0,0.0,0.0,203.0,0.0,0.0,678.0,74.0,0.0,0.0,18.0,0.0,0.0,154.0,294.0,32.0,0.0,503.0,288.0,150.0
2021-06-28 14:00:00+00:00,229.0,0.0,36.0,307.0,128.0,500.0,434.0,0.0,0.0,0.0,0.0,130.0,223.0,0.0,0.0,56.0,112.0,0.0,0.0,0.0,0.0,491.0,0.0,0.0,0.0,172.0,0.0,0.0,1052.0,46.0,0.0,0.0,45.0,0.0,0.0,156.0,351.0,17.0,0.0,458.0,339.0,147.0
2021-06-28 15:00:00+00:00,139.0,25.0,11.0,270.0,149.0,518.0,413.0,0.0,0.0,0.0,0.0,0.0,121.0,0.0,0.0,0.0,115.0,0.0,0.0,0.0,1.0,342.0,0.0,0.0,0.0,0.0,0.0,0.0,678.0,67.0,0.0,19.0,108.0,0.0,0.0,207.0,327.0,76.0,0.0,415.0,419.0,150.0
2021-06-28 16:00:00+00:00,205.0,69.0,18.0,277.0,152.0,453.0,377.0,0.0,0.0,0.0,0.0,0.0,87.0,0.0,0.0,0.0,121.0,0.0,0.0,0.0,82.0,380.0,0.0,0.0,0.0,0.0,0.0,0.0,224.0,59.0,0.0,23.0,135.0,0.0,0.0,267.0,329.0,54.0,0.0,380.0,452.0,145.0
2021-06-28 17:00:00+00:00,186.0,160.0,30.0,274.0,167.0,379.0,337.0,0.0,0.0,0.0,0.0,0.0,48.0,0.0,0.0,0.0,125.0,0.0,0.0,0.0,121.0,375.0,0.0,0.0,0.0,0.0,0.0,0.0,175.0,65.0,0.0,2.0,169.0,0.0,0.0,290.0,291.0,26.0,0.0,329.0,473.0,148.0
2021-06-28 18:00:00+00:00,199.0,183.0,15.0,266.0,154.0,434.0,380.0,0.0,0.0,0.0,0.0,0.0,58.0,0.0,0.0,0.0,134.0,0.0,0.0,0.0,123.0,397.0,0.0,0.0,0.0,0.0,0.0,0.0,700.0,72.0,0.0,52.0,192.0,0.0,0.0,306.0,304.0,44.0,0.0,354.0,438.0,150.0
2021-06-28 19:00:00+00:00,192.0,167.0,39.0,256.0,144.0,539.0,392.0,0.0,0.0,0.0,0.0,0.0,58.0,0.0,0.0,0.0,138.0,0.0,0.0,0.0,166.0,445.0,0.0,0.0,0.0,0.0,0.0,0.0,1047.0,78.0,0.0,3.0,164.0,0.0,0.0,282.0,284.0,26.0,0.0,332.0,434.0,151.0
2021-06-28 20:00:00+00:00,200.0,174.0,46.0,274.0,165.0,593.0,485.0,0.0,0.0,0.0,0.0,0.0,85.0,0.0,0.0,0.0,113.0,0.0,0.0,0.0,145.0,508.0,0.0,0.0,0.0,18.0,0.0,0.0,1078.0,60.0,0.0,0.0,170.0,0.0,0.0,235.0,314.0,15.0,0.0,316.0,469.0,150.0
2021-06-28 21:00:00+00:00,197.0,8.0,46.0,281.0,155.0,649.0,469.0,0.0,0.0,0.0,0.0,0.0,153.0,0.0,0.0,0.0,91.0,0.0,0.0,0.0,172.0,555.0,0.0,0.0,0.0,273.0,0.0,0.0,1080.0,63.0,0.0,0.0,82.0,0.0,0.0,267.0,340.0,18.0,0.0,375.0,480.0,102.0
2021-06-28 22:00:00+00:00,32.0,123.0,66.0,334.0,257.0,617.0,457.0,0.0,0.0,1.0,0.0,0.0,87.0,0.0,0.0,0.0,72.0,0.0,0.0,0.0,528.0,535.0,0.0,0.0,0.0,408.0,0.0,0.0,1077.0,71.0,0.0,0.0,51.0,0.0,0.0,256.0,412.0,23.0,0.0,321.0,561.0,0.0
2021-06-28 23:00:00+00:00,26.0,140.0,84.0,328.0,255.0,631.0,469.0,0.0,0.0,0.0,0.0,0.0,61.0,0.0,0.0,0.0,98.0,0.0,0.0,0.0,591.0,568.0,0.0,0.0,0.0,410.0,0.0,0.0,1075.0,72.0,0.0,0.0,87.0,0.0,0.0,151.0,417.0,4.0,0.0,257.0,535.0,0.0
2021-06-29 00:00:00+00:00,24.0,170.0,82.0,318.0,253.0,617.0,486.0,0.0,0.0,2.0,0.0,0.0,30.0,0.0,0.0,0.0,97.0,0.0,0.0,0.0,602.0,584.0,0.0,0.0,0.0,403.0,0.0,0.0,1070.0,78.0,0.0,0.0,133.0,0.0,0.0,52.0,410.0,5.0,0.0,202.0,493.0,0.0
2021-06-29 01:00:00+00:00,45.0,162.0,95.0,324.0,253.0,679.0,468.0,0.0,0.0,0.0,0.0,0.0,32.0,0.0,0.0,0.0,89.0,0.0,0.0,0.0,593.0,598.0,0.0,0.0,0.0,363.0,0.0,0.0,1078.0,88.0,0.0,0.0,139.0,0.0,0.0,31.0,401.0,2.0,0.0,184.0,492.0,0.0
2021-06-29 02:00:00+00:00,35.0,154.0,74.0,311.0,244.0,642.0,414.0,0.0,0.0,1.0,0.0,0.0,24.0,0.0,0.0,0.0,81.0,0.0,0.0,0.0,593.0,564.0,0.0,0.0,0.0,369.0,0.0,0.0,1089.0,103.0,0.0,0.0,155.0,0.0,0.0,40.0,389.0,10.0,0.0,191.0,487.0,0.0
2021-06-29 03:00:00+00:00,54.0,42.0,51.0,274.0,168.0,559.0,358.0,0.0,0.0,1.0,0.0,0.0,71.0,0.0,0.0,0.0,73.0,0.0,0.0,0.0,599.0,558.0,0.0,0.0,0.0,308.0,0.0,0.0,1078.0,102.0,0.0,0.0,142.0,0.0,0.0,200.0,314.0,18.0,0.0,377.0,426.0,0.0
2021-06-29 04:00:00+00:00,2.0,189.0,3.0,209.0,169.0,312.0,290.0,0.0,0.0,40.0,0.0,0.0,0.0,0.0,0.0,0.0,35.0,0.0,0.0,0.0,593.0,343.0,0.0,0.0,0.0,304.0,0.0,0.0,889.0,45.0,0.0,0.0,212.0,0.0,28.0,173.0,242.0,102.0,0.0,316.0,451.0,0.0
2021-06-29 05:00:00+00:00,2.0,343.0,3.0,140.0,142.0,248.0,207.0,1.0,0.0,42.0,0.0,0.0,0.0,0.0,0.0,0.0,5.0,0.0,0.0,0.0,297.0,163.0,0.0,0.0,0.0,182.0,0.0,0.0,891.0,4.0,0.0,0.0,269.0,0.0,51.0,117.0,121.0,163.0,0.0,303.0,409.0,0.0
2021-06-29 06:00:00+00:00,18.0,403.0,1.0,158.0,154.0,278.0,192.0,0.0,0.0,4.0,0.0,0.0,0.0,0.0,0.0,0.0,29.0,0.0,0.0,0.0,2.0,174.0,0.0,0.0,0.0,192.0,0.0,0.0,876.0,8.0,0.0,0.0,274.0,0.0,62.0,0.0,147.0,190.0,30.0,241.0,364.0,0.0
2021-06-29 07:00:00+00:00,38.0,168.0,0.0,166.0,129.0,282.0,119.0,0.0,0.0,0.0,0.0,0.0,51.0,0.0,0.0,0.0,31.0,0.0,11.0,0.0,1.0,209.0,0.0,0.0,0.0,164.0,0.0,0.0,837.0,0.0,0.0,0.0,193.0,0.0,0.0,0.0,152.0,168.0,24.0,313.0,308.0,0.0
2021-06-29 08:00:00+00:00,106.0,0.0,2.0,219.0,133.0,239.0,104.0,0.0,0.0,0.0,0.0,48.0,134.0,0.0,0.0,0.0,23.0,0.0,7.0,0.0,1.0,337.0,0.0,0.0,0.0,138.0,0.0,0.0,835.0,0.0,0.0,0.0,110.0,0.0,0.0,16.0,218.0,106.0,0.0,378.0,282.0,0.0
2021-06-29 09:00:00+00:00,189.0,0.0,14.0,281.0,142.0,233.0,129.0,0.0,0.0,0.0,0.0,82.0,191.0,2.0,0.0,80.0,29.0,0.0,17.0,0.0,0.0,485.0,0.0,0.0,0.0,135.0,0.0,0.0,837.0,0.0,0.0,0.0,20.0,0.0,0.0,111.0,317.0,41.0,0.0,490.0,261.0,0.0
2021-06-29 10:00:00+00:00,253.0,119.0,34.0,275.0,126.0,265.0,145.0,0.0,0.0,0.0,0.0,0.0,189.0,12.0,0.0,365.0,35.0,0.0,8.0,0.0,0.0,517.0,0.0,0.0,0.0,0.0,0.0,0.0,836.0,0.0,0.0,23.0,2.0,0.0,0.0,139.0,313.0,20.0,0.0,504.0,274.0,0.0
2021-06-29 11:00:00+00:00,241.0,142.0,26.0,298.0,152.0,286.0,163.0,0.0,0.0,0.0,0.0,0.0,173.0,53.0,0.0,332.0,41.0,0.0,5.0,0.0,0.0,531.0,0.0,0.0,0.0,0.0,0.0,0.0,876.0,0.0,0.0,11.0,0.0,0.0,0.0,120.0,326.0,34.0,0.0,466.0,298.0,0.0
2021-06-29 12:00:00+00:00,232.0,47.0,22.0,282.0,127.0,280.0,157.0,0.0,0.0,0.0,0.0,0.0,186.0,74.0,0.0,230.0,41.0,0.0,4.0,0.0,0.0,497.0,0.0,0.0,0.0,0.0,0.0,0.0,876.0,0.0,0.0,17.0,0.0,0.0,0.0,100.0,345.0,43.0,0.0,422.0,317.0,0.0
2021-06-29 13:00:00+00:00,267.0,75.0,54.0,266.0,85.0,347.0,228.0,0.0,0.0,0.0,0.0,0.0,170.0,6.0,0.0,247.0,44.0,0.0,0.0,0.0,0.0,527.0,0.0,0.0,0.0,0.0,0.0,0.0,1066.0,43.0,0.0,36.0,7.0,0.0,0.0,119.0,329.0,20.0,0.0,401.0,365.0,0.0
2021-06-29 14:00:00+00:00,256.0,142.0,19.0,257.0,105.0,338.0,252.0,0.0,0.0,0.0,0.0,0.0,112.0,0.0,0.0,289.0,59.0,0.0,0.0,0.0,0.0,499.0,0.0,0.0,0.0,3.0,0.0,0.0,1079.0,46.0,0.0,0.0,94.0,0.0,0.0,175.0,337.0,54.0,0.0,402.0,410.0,0.0
2021-06-29 15:00:00+00:00,201.0,126.0,10.0,262.0,150.0,395.0,337.0,0.0,0.0,0.0,0.0,0.0,57.0,0.0,0.0,0.0,60.0,0.0,0.0,0.0,1.0,426.0,0.0,0.0,0.0,53.0,0.0,0.0,1079.0,48.0,0.0,0.0,160.0,0.0,0.0,194.0,298.0,69.0,0.0,339.0,440.0,0.0
2021-06-29 16:00:00+00:00,236.0,150.0,9.0,246.0,146.0,394.0,278.0,0.0,0.0,0.0,0.0,0.0,42.0,0.0,0.0,0.0,86.0,0.0,0.0,0.0,163.0,428.0,0.0,0.0,0.0,0.0,0.0,0.0,889.0,48.0,0.0,44.0,205.0,0.0,0.0,188.0,261.0,90.0,0.0,263.0,462.0,0.0
2021-06-29 17:00:00+00:00,216.0,210.0,18.0,258.0,185.0,399.0,341.0,0.0,0.0,0.0,0.0,0.0,13.0,0.0,0.0,0.0,95.0,0.0,0.0,0.0,241.0,418.0,0.0,0.0,0.0,0.0,0.0,0.0,891.0,70.0,0.0,57.0,237.0,0.0,0.0,186.0,291.0,56.0,0.0,215.0,477.0,0.0
2021-06-29 18:00:00+00:00,231.0,224.0,18.0,245.0,157.0,466.0,319.0,0.0,0.0,0.0,0.0,0.0,24.0,0.0,0.0,0.0,100.0,0.0,0.0,0.0,303.0,429.0,0.0,0.0,0.0,0.0,0.0,0.0,1061.0,105.0,0.0,64.0,272.0,0.0,0.0,209.0,290.0,42.0,0.0,248.0,429.0,0.0
2021-06-29 19:00:00+00:00,223.0,149.0,64.0,249.0,140.0,446.0,314.0,0.0,0.0,0.0,0.0,0.0,41.0,0.0,0.0,0.0,112.0,0.0,0.0,0.0,312.0,470.0,0.0,0.0,0.0,0.0,0.0,0.0,1076.0,83.0,0.0,70.0,228.0,0.0,0.0,191.0,323.0,10.0,0.0,250.0,409.0,0.0
2021-06-29 20:00:00+00:00,159.0,5.0,147.0,296.0,174.0,486.0,383.0,0.0,0.0,0.0,0.0,0.0,86.0,0.0,0.0,0.0,108.0,0.0,0.0,0.0,417.0,530.0,0.0,0.0,0.0,86.0,0.0,0.0,1075.0,71.0,0.0,0.0,152.0,0.0,0.0,164.0,410.0,0.0,0.0,249.0,438.0,0.0
2021-06-29 21:00:00+00:00,166.0,0.0,182.0,310.0,169.0,578.0,396.0,0.0,0.0,0.0,0.0,61.0,129.0,0.0,0.0,0.0,88.0,0.0,0.0,0.0,342.0,587.0,0.0,0.0,0.0,264.0,0.0,0.0,1071.0,79.0,0.0,0.0,111.0,0.0,0.0,218.0,390.0,1.0,0.0,323.0,472.0,0.0
2021-06-29 22:00:00+00:00,106.0,103.0,186.0,343.0,218.0,551.0,450.0,0.0,0.0,0.0,0.0,0.0,87.0,0.0,0.0,0.0,62.0,0.0,0.0,0.0,399.0,624.0,0.0,0.0,0.0,347.0,0.0,0.0,1067.0,72.0,0.0,0.0,89.0,0.0,0.0,168.0,488.0,1.0,0.0,283.0,499.0,0.0
2021-06-29 23:00:00+00:00,67.0,126.0,175.0,334.0,232.0,601.0,487.0,0.0,0.0,0.0,0.0,0.0,60.0,0.0,0.0,0.0,76.0,0.0,0.0,0.0,504.0,626.0,0.0,0.0,0.0,353.0,0.0,0.0,1075.0,68.0,0.0,0.0,114.0,0.0,0.0,81.0,490.0,0.0,0.0,218.0,498.0,0.0
2021-06-30 00:00:00+00:00,65.0,298.0,170.0,328.0,245.0,566.0,477.0,0.0,0.0,0.0,0.0,0.0,14.0,0.0,0.0,0.0,99.0,0.0,0.0,0.0,506.0,632.0,0.0,0.0,0.0,402.0,0.0,0.0,1069.0,81.0,0.0,0.0,145.0,0.0,0.0,33.0,495.0,0.0,0.0,175.0,493.0,0.0
2021-06-30 01:00:00+00:00,64.0,346.0,150.0,333.0,247.0,592.0,471.0,0.0,0.0,1.0,0.0,0.0,7.0,0.0,0.0,0.0,86.0,0.0,0.0,0.0,521.0,632.0,0.0,0.0,0.0,395.0,0.0,0.0,1069.0,81.0,0.0,0.0,140.0,0.0,0.0,22.0,500.0,2.0,0.0,173.0,482.0,0.0
2021-06-30 02:00:00+00:00,82.0,307.0,149.0,331.0,241.0,589.0,463.0,0.0,0.0,0.0,0.0,0.0,27.0,0.0,0.0,0.0,82.0,0.0,0.0,0.0,525.0,646.0,0.0,0.0,0.0,352.0,0.0,0.0,1089.0,85.0,0.0,0.0,126.0,0.0,0.0,88.0,465.0,1.0,0.0,212.0,512.0,0.0
2021-06-30 03:00:00+00:00,103.0,194.0,94.0,298.0,186.0,402.0,400.0,0.0,0.0,0.0,0.0,0.0,70.0,0.0,0.0,0.0,85.0,0.0,0.0,0.0,522.0,632.0,0.0,0.0,0.0,307.0,0.0,0.0,703.0,66.0,0.0,0.0,154.0,0.0,0.0,180.0,396.0,2.0,0.0,322.0,453.0,0.0
2021-06-30 04:00:00+00:00,95.0,126.0,22.0,219.0,87.0,141.0,146.0,0.0,0.0,0.0,0.0,0.0,46.0,0.0,0.0,0.0,70.0,0.0,0.0,0.0,512.0,529.0,0.0,0.0,0.0,399.0,0.0,0.0,226.0,10.0,0.0,0.0,217.0,0.0,0.0,166.0,313.0,41.0,0.0,402.0,374.0,0.0
2021-06-30 05:00:00+00:00,148.0,51.0,11.0,162.0,21.0,134.0,82.0,0.0,0.0,0.0,0.0,0.0,116.0,0.0,0.0,0.0,69.0,0.0,0.0,0.0,298.0,444.0,0.0,0.0,0.0,222.0,0.0,0.0,175.0,7.0,0.0,0.0,227.0,0.0,0.0,194.0,182.0,64.0,0.0,388.0,267.0,0.0
2021-06-30 06:00:00+00:00,123.0,63.0,3.0,191.0,87.0,148.0,104.0,0.0,0.0,0.0,0.0,0.0,145.0,0.0,0.0,0.0,81.0,0.0,4.0,0.0,249.0,359.0,0.0,0.0,0.0,67.0,0.0,0.0,174.0,0.0,0.0,0.0,172.0,0.0,0.0,195.0,226.0,86.0,0.0,328.0,164.0,0.0
2021-06-30 07:00:00+00:00,92.0,0.0,12.0,213.0,107.0,251.0,140.0,0.0,0.0,0.0,0.0,36.0,183.0,0.0,0.0,0.0,98.0,0.0,0.0,0.0,350.0,334.0,0.0,0.0,0.0,42.0,0.0,0.0,174.0,13.0,0.0,0.0,105.0,0.0,0.0,188.0,259.0,52.0,0.0,327.0,151.0,0.0
2021-06-30 08:00:00+00:00,137.0,0.0,46.0,269.0,144.0,331.0,233.0,0.0,0.0,0.0,0.0,28.0,200.0,0.0,0.0,0.0,81.0,0.0,0.0,0.0,219.0,418.0,0.0,0.0,0.0,0.0,0.0,0.0,173.0,48.0,0.0,13.0,41.0,0.0,0.0,224.0,355.0,16.0,0.0,362.0,151.0,0.0
2021-06-30 09:00:00+00:00,220.0,0.0,112.0,331.0,170.0,263.0,210.0,0.0,0.0,0.0,0.0,53.0,229.0,10.0,0.0,0.0,102.0,0.0,0.0,0.0,121.0,558.0,0.0,0.0,0.0,0.0,0.0,0.0,175.0,49.0,0.0,36.0,7.0,0.0,0.0,221.0,447.0,4.0,0.0,394.0,125.0,0.0
2021-06-30 10:00:00+00:00,244.0,0.0,171.0,327.0,138.0,211.0,127.0,0.0,0.0,0.0,0.0,64.0,244.0,50.0,0.0,0.0,78.0,0.0,0.0,0.0,57.0,585.0,0.0,0.0,0.0,0.0,0.0,0.0,175.0,38.0,0.0,14.0,0.0,0.0,0.0,158.0,413.0,1.0,0.0,410.0,200.0,0.0
2021-06-30 11:00:00+00:00,176.0,0.0,168.0,347.0,168.0,225.0,130.0,0.0,0.0,0.0,0.0,32.0,214.0,91.0,0.0,0.0,100.0,0.0,0.0,0.0,167.0,558.0,0.0,0.0,0.0,52.0,0.0,0.0,175.0,20.0,0.0,0.0,0.0,0.0,0.0,164.0,471.0,1.0,0.0,445.0,346.0,0.0
2021-06-30 12:00:00+00:00,198.0,0.0,180.0,340.0,167.0,236.0,183.0,0.0,0.0,0.0,0.0,32.0,196.0,62.0,0.0,0.0,124.0,0.0,0.0,0.0,115.0,563.0,0.0,0.0,0.0,82.0,0.0,0.0,175.0,45.0,0.0,0.0,0.0,0.0,0.0,136.0,461.0,0.0,0.0,412.0,359.0,0.0
2021-06-30 13:00:00+00:00,210.0,19.0,202.0,338.0,176.0,376.0,314.0,0.0,0.0,0.0,0.0,0.0,151.0,1.0,0.0,0.0,138.0,0.0,0.0,0.0,109.0,592.0,0.0,0.0,0.0,148.0,0.0,0.0,703.0,52.0,0.0,0.0,20.0,0.0,0.0,157.0,448.0,0.0,0.0,400.0,395.0,0.0
2021-06-30 14:00:00+00:00,239.0,157.0,175.0,341.0,206.0,401.0,302.0,0.0,0.0,0.0,0.0,0.0,85.0,0.0,0.0,0.0,141.0,0.0,0.0,0.0,156.0,564.0,0.0,0.0,0.0,142.0,0.0,0.0,1056.0,52.0,0.0,0.0,50.0,0.0,0.0,162.0,467.0,0.0,0.0,343.0,452.0,0.0
2021-06-30 15:00:00+00:00,236.0,184.0,146.0,326.0,200.0,406.0,314.0,0.0,0.0,0.0,0.0,0.0,56.0,0.0,0.0,0.0,128.0,0.0,0.0,0.0,125.0,550.0,0.0,0.0,0.0,167.0,0.0,0.0,688.0,43.0,0.0,0.0,104.0,0.0,0.0,182.0,454.0,2.0,0.0,318.0,493.0,0.0
2021-06-30 16:00:00+00:00,287.0,295.0,150.0,310.0,180.0,393.0,312.0,0.0,0.0,0.0,0.0,0.0,35.0,0.0,0.0,0.0,141.0,0.0,0.0,0.0,175.0,562.0,0.0,0.0,0.0,145.0,0.0,0.0,225.0,37.0,0.0,0.0,154.0,0.0,0.0,194.0,442.0,1.0,0.0,276.0,476.0,0.0
2021-06-30 17:00:00+00:00,307.0,379.0,210.0,310.0,174.0,399.0,289.0,0.0,0.0,0.0,0.0,0.0,29.0,0.0,0.0,0.0,145.0,0.0,0.0,0.0,168.0,593.0,0.0,0.0,0.0,132.0,0.0,0.0,174.0,40.0,0.0,0.0,197.0,0.0,0.0,201.0,430.0,0.0,0.0,263.0,455.0,0.0
2021-06-30 18:00:00+00:00,282.0,448.0,158.0,317.0,187.0,539.0,277.0,0.0,0.0,0.0,0.0,0.0,18.0,0.0,0.0,0.0,147.0,0.0,0.0,0.0,191.0,568.0,0.0,0.0,0.0,173.0,0.0,0.0,709.0,46.0,0.0,0.0,200.0,0.0,0.0,234.0,462.0,2.0,0.0,283.0,426.0,0.0
2021-06-30 19:00:00+00:00,241.0,379.0,198.0,336.0,216.0,671.0,330.0,0.0,0.0,0.0,0.0,0.0,16.0,0.0,0.0,0.0,145.0,0.0,0.0,0.0,196.0,576.0,0.0,0.0,0.0,186.0,0.0,0.0,1053.0,46.0,0.0,0.0,156.0,0.0,0.0,198.0,473.0,0.0,0.0,240.0,435.0,0.0
2021-06-30 20:00:00+00:00,174.0,202.0,189.0,366.0,271.0,766.0,392.0,0.0,0.0,0.0,0.0,0.0,57.0,0.0,0.0,0.0,124.0,0.0,0.0,0.0,337.0,567.0,0.0,0.0,0.0,188.0,0.0,0.0,1078.0,40.0,0.0,0.0,94.0,0.0,0.0,182.0,540.0,0.0,0.0,261.0,437.0,0.0
2021-06-30 21:00:00+00:00,90.0,373.0,242.0,392.0,311.0,730.0,396.0,0.0,0.0,0.0,0.0,0.0,0.0,0.0,0.0,0.0,98.0,0.0,0.0,0.0,305.0,569.0,0.0,0.0,0.0,473.0,0.0,0.0,656.0,41.0,0.0,0.0,72.0,0.0,31.0,139.0,541.0,0.0,0.0,171.0,539.0,0.0
2021-06-30 22:00:00+00:00,16.0,560.0,160.0,388.0,367.0,690.0,500.0,0.0,0.0,6.0,0.0,0.0,0.0,0.0,0.0,0.0,100.0,0.0,0.0,0.0,375.0,543.0,0.0,0.0,0.0,539.0,0.0,0.0,1010.0,33.0,0.0,0.0,130.0,0.0,103.0,19.0,596.0,2.0,20.0,93.0,514.0,0.0
2021-06-30 23:00:00+00:00,8.0,647.0,174.0,393.0,388.0,706.0,532.0,0.0,0.0,9.0,0.0,0.0,0.0,0.0,0.0,0.0,74.0,0.0,0.0,0.0,457.0,532.0,0.0,0.0,0.0,511.0,0.0,0.0,1080.0,33.0,0.0,0.0,169.0,0.0,149.0,0.0,595.0,2.0,85.0,28.0,525.0,0.0
2021-07-01 00:00:00+00:00,10.0,658.0,163.0,394.0,390.0,670.0,527.0,0.0,0.0,10.0,0.0,0.0,0.0,0.0,0.0,0.0,84.0,0.0,0.0,0.0,467.0,532.0,0.0,0.0,0.0,496.0,0.0,0.0,1089.0,36.0,0.0,0.0,174.0,0.0,159.0,0.0,589.0,0.0,32.0,53.0,553.0,0.0
2021-07-01 01:00:00+00:00,5.0,704.0,189.0,397.0,394.0,695.0,527.0,0.0,0.0,14.0,0.0,0.0,0.0,0.0,0.0,0.0,109.0,0.0,0.0,0.0,468.0,543.0,0.0,0.0,0.0,463.0,0.0,0.0,1083.0,62.0,0.0,0.0,149.0,0.0,163.0,16.0,587.0,1.0,2.0,92.0,576.0,0.0
2021-07-01 02:00:00+00:00,11.0,641.0,122.0,380.0,350.0,639.0,580.0,0.0,0.0,8.0,0.0,0.0,0.0,0.0,0.0,0.0,105.0,0.0,0.0,0.0,517.0,557.0,0.0,0.0,0.0,506.0,0.0,0.0,1091.0,43.0,0.0,0.0,128.0,0.0,160.0,59.0,565.0,1.0,0.0,102.0,590.0,0.0
2021-07-01 03:00:00+00:00,58.0,451.0,96.0,326.0,236.0,501.0,482.0,0.0,0.0,0.0,0.0,0.0,0.0,0.0,0.0,0.0,103.0,0.0,0.0,0.0,513.0,595.0,0.0,0.0,0.0,519.0,0.0,0.0,689.0,65.0,0.0,0.0,119.0,0.0,109.0,159.0,477.0,4.0,0.0,190.0,570.0,0.0
2021-07-01 04:00:00+00:00,16.0,645.0,69.0,328.0,314.0,286.0,265.0,0.0,0.0,5.0,0.0,0.0,0.0,0.0,0.0,0.0,129.0,0.0,0.0,0.0,527.0,452.0,0.0,0.0,0.0,511.0,0.0,0.0,228.0,41.0,0.0,0.0,181.0,0.0,189.0,123.0,477.0,11.0,0.0,110.0,612.0,0.0
2021-07-01 05:00:00+00:00,42.0,323.0,156.0,310.0,237.0,161.0,111.0,0.0,0.0,8.0,0.0,0.0,0.0,0.0,0.0,0.0,120.0,0.0,0.0,0.0,581.0,441.0,0.0,0.0,0.0,348.0,0.0,0.0,174.0,3.0,0.0,0.0,149.0,0.0,41.0,148.0,349.0,19.0,0.0,229.0,477.0,0.0
2021-07-01 06:00:00+00:00,24.0,290.0,61.0,327.0,240.0,190.0,137.0,0.0,0.0,6.0,0.0,0.0,4.0,0.0,0.0,0.0,92.0,0.0,1.0,0.0,580.0,418.0,0.0,0.0,0.0,302.0,0.0,0.0,175.0,0.0,0.0,0.0,102.0,0.0,0.0,95.0,422.0,13.0,0.0,290.0,389.0,0.0
2021-07-01 07:00:00+00:00,27.0,292.0,94.0,345.0,252.0,259.0,102.0,0.0,0.0,2.0,0.0,0.0,30.0,0.0,0.0,0.0,98.0,0.0,4.0,0.0,484.0,432.0,0.0,0.0,0.0,240.0,0.0,0.0,175.0,0.0,0.0,0.0,57.0,0.0,0.0,18.0,449.0,5.0,1.0,263.0,383.0,0.0
2021-07-01 08:00:00+00:00,91.0,144.0,106.0,364.0,249.0,283.0,148.0,0.0,0.0,0.0,0.0,0.0,88.0,0.0,0.0,0.0,89.0,0.0,11.0,0.0,365.0,499.0,0.0,0.0,0.0,182.0,0.0,0.0,176.0,0.0,0.0,0.0,32.0,0.0,0.0,54.0,510.0,3.0,0.0,337.0,354.0,0.0
2021-07-01 09:00:00+00:00,80.0,289.0,147.0,408.0,337.0,263.0,129.0,0.0,0.0,0.0,0.0,0.0,7.0,0.0,0.0,0.0,136.0,0.0,2.0,0.0,324.0,486.0,0.0,0.0,0.0,223.0,0.0,0.0,177.0,0.0,0.0,0.0,51.0,0.0,0.0,25.0,567.0,2.0,0.0,314.0,361.0,0.0
2021-07-01 10:00:00+00:00,52.0,377.0,214.0,421.0,382.0,215.0,99.0,0.0,0.0,0.0,0.0,0.0,0.0,0.0,0.0,0.0,152.0,0.0,0.0,0.0,284.0,479.0,0.0,0.0,0.0,226.0,0.0,0.0,175.0,4.0,0.0,0.0,35.0,0.0,21.0,0.0,564.0,0.0,13.0,257.0,360.0,0.0
2021-07-01 11:00:00+00:00,38.0,335.0,314.0,402.0,329.0,234.0,116.0,0.0,0.0,0.0,0.0,0.0,0.0,17.0,0.0,0.0,169.0,0.0,0.0,0.0,284.0,521.0,0.0,0.0,0.0,262.0,0.0,0.0,174.0,10.0,0.0,0.0,7.0,0.0,11.0,4.0,514.0,0.0,12.0,236.0,377.0,0.0
2021-07-01 12:00:00+00:00,95.0,255.0,322.0,393.0,299.0,257.0,144.0,0.0,0.0,0.0,0.0,0.0,2.0,54.0,0.0,0.0,163.0,0.0,0.0,0.0,309.0,552.0,0.0,0.0,0.0,235.0,0.0,0.0,174.0,4.0,0.0,0.0,0.0,0.0,0.0,12.0,476.0,0.0,0.0,197.0,443.0,0.0
2021-07-01 13:00:00+00:00,68.0,193.0,194.0,370.0,275.0,372.0,238.0,0.0,0.0,0.0,0.0,0.0,8.0,21.0,0.0,0.0,166.0,0.0,2.0,0.0,438.0,538.0,0.0,0.0,0.0,231.0,0.0,0.0,175.0,0.0,0.0,0.0,0.0,0.0,0.0,20.0,517.0,0.0,4.0,198.0,425.0,0.0
2021-07-01 14:00:00+00:00,64.0,287.0,237.0,370.0,287.0,355.0,208.0,0.0,0.0,0.0,0.0,0.0,0.0,2.0,0.0,0.0,157.0,0.0,0.0,0.0,441.0,541.0,0.0,0.0,0.0,233.0,0.0,0.0,174.0,10.0,0.0,0.0,30.0,0.0,8.0,97.0,519.0,0.0,0.0,226.0,474.0,0.0
2021-07-01 15:00:00+00:00,47.0,439.0,105.0,363.0,342.0,276.0,152.0,0.0,0.0,0.0,0.0,0.0,0.0,0.0,0.0,0.0,138.0,0.0,0.0,0.0,485.0,462.0,0.0,0.0,0.0,247.0,0.0,0.0,175.0,15.0,0.0,0.0,178.0,0.0,84.0,29.0,518.0,2.0,0.0,168.0,451.0,0.0
2021-07-01 16:00:00+00:00,126.0,451.0,100.0,353.0,299.0,274.0,143.0,0.0,0.0,0.0,0.0,0.0,0.0,0.0,0.0,0.0,166.0,0.0,0.0,0.0,377.0,528.0,0.0,0.0,0.0,273.0,0.0,0.0,175.0,0.0,0.0,0.0,230.0,0.0,73.0,114.0,466.0,6.0,0.0,192.0,458.0,0.0
2021-07-01 17:00:00+00:00,118.0,580.0,94.0,335.0,306.0,318.0,193.0,0.0,0.0,0.0,0.0,0.0,0.0,0.0,0.0,0.0,163.0,0.0,0.0,0.0,376.0,465.0,0.0,0.0,0.0,243.0,0.0,,174.0,6.0,0.0,0.0,303.0,0.0,112.0,68.0,440.0,3.0,0.0,,464.0,0.0
2021-07-01 18:00:00+00:00,153.0,544.0,65.0,311.0,262.0,399.0,303.0,0.0,0.0,0.0,0.0,0.0,0.0,0.0,0.0,0.0,172.0,0.0,0.0,0.0,316.0,472.0,0.0,0.0,0.0,207.0,0.0,,175.0,36.0,0.0,0.0,304.0,0.0,81.0,84.0,444.0,7.0,0.0,,425.0,0.0
2021-07-01 19:00:00+00:00,183.0,490.0,73.0,300.0,226.0,424.0,319.0,0.0,0.0,0.0,0.0,0.0,0.0,0.0,0.0,0.0,166.0,0.0,0.0,0.0,230.0,508.0,0.0,0.0,0.0,209.0,0.0,,176.0,32.0,0.0,0.0,254.0,0.0,65.0,150.0,439.0,6.0,0.0,,450.0,0.0
2021-07-01 20:00:00+00:00,159.0,440.0,71.0,316.0,258.0,491.0,391.0,0.0,0.0,0.0,0.0,0.0,0.0,0.0,0.0,0.0,140.0,0.0,0.0,0.0,165.0,564.0,0.0,0.0,0.0,152.0,0.0,,176.0,26.0,0.0,0.0,245.0,0.0,32.0,179.0,464.0,9.0,0.0,,483.0,0.0
2021-07-01 21:00:00+00:00,94.0,309.0,158.0,369.0,357.0,501.0,438.0,0.0,0.0,0.0,0.0,0.0,0.0,0.0,0.0,0.0,125.0,0.0,0.0,0.0,343.0,567.0,0.0,0.0,0.0,194.0,0.0,,177.0,19.0,0.0,0.0,215.0,0.0,23.0,190.0,515.0,2.0,0.0,,588.0,0.0
2021-07-01 22:00:00+00:00,0.0,356.0,78.0,325.0,388.0,632.0,458.0,0.0,0.0,83.0,0.0,0.0,0.0,0.0,0.0,0.0,141.0,0.0,0.0,0.0,593.0,401.0,0.0,0.0,0.0,242.0,0.0,,177.0,40.0,0.0,0.0,203.0,0.0,64.0,101.0,449.0,8.0,0.0,,605.0,0.0
2021-07-01 23:00:00+00:00,0.0,533.0,43.0,305.0,415.0,662.0,481.0,0.0,0.0,140.0,0.0,0.0,0.0,0.0,0.0,0.0,149.0,0.0,0.0,0.0,602.0,317.0,0.0,0.0,0.0,310.0,0.0,,176.0,61.0,0.0,0.0,269.0,0.0,167.0,0.0,428.0,16.0,36.0,,623.0,0.0
2021-07-02 00:00:00+00:00,0.0,592.0,18.0,280.0,368.0,654.0,505.0,0.0,0.0,126.0,0.0,0.0,0.0,0.0,0.0,0.0,136.0,0.0,0.0,0.0,603.0,322.0,0.0,0.0,0.0,325.0,0.0,,176.0,65.0,0.0,0.0,312.0,0.0,203.0,0.0,389.0,31.0,95.0,,602.0,0.0
2021-07-02 01:00:00+00:00,0.0,618.0,15.0,262.0,351.0,596.0,538.0,0.0,0.0,133.0,0.0,0.0,0.0,0.0,0.0,0.0,117.0,0.0,0.0,0.0,602.0,303.0,0.0,0.0,0.0,289.0,0.0,,177.0,37.0,0.0,0.0,344.0,0.0,217.0,0.0,390.0,46.0,113.0,,576.0,0.0
2021-07-02 02:00:00+00:00,0.0,658.0,26.0,253.0,352.0,553.0,502.0,0.0,0.0,148.0,0.0,0.0,0.0,0.0,0.0,0.0,113.0,0.0,0.0,0.0,602.0,277.0,0.0,0.0,0.0,285.0,0.0,,177.0,51.0,0.0,0.0,355.0,0.0,236.0,0.0,363.0,51.0,110.0,,581.0,0.0
2021-07-02 03:00:00+00:00,0.0,612.0,2.0,210.0,297.0,408.0,308.0,0.0,0.0,150.0,0.0,0.0,0.0,0.0,0.0,0.0,109.0,0.0,0.0,0.0,602.0,245.0,0.0,0.0,0.0,346.0,0.0,,178.0,15.0,0.0,0.0,362.0,0.0,210.0,0.0,329.0,96.0,35.0,,542.0,0.0
2021-07-02 04:00:00+00:00,0.0,756.0,2.0,198.0,328.0,287.0,137.0,0.0,0.0,158.0,0.0,0.0,0.0,0.0,0.0,0.0,81.0,0.0,44.0,0.0,572.0,145.0,0.0,0.0,0.0,323.0,0.0,,178.0,0.0,0.0,0.0,402.0,0.0,267.0,0.0,277.0,158.0,106.0,,545.0,0.0
2021-07-02 05:00:00+00:00,0.0,631.0,0.0,189.0,267.0,390.0,172.0,0.0,0.0,79.0,0.0,0.0,0.0,0.0,0.0,0.0,73.0,0.0,48.0,0.0,397.0,177.0,0.0,0.0,0.0,83.0,0.0,34.0,177.0,0.0,0.0,0.0,378.0,0.0,185.0,0.0,207.0,146.0,135.0,0.0,477.0,0.0
2021-07-02 06:00:00+00:00,0.0,447.0,1.0,209.0,257.0,287.0,125.0,0.0,0.0,37.0,0.0,0.0,0.0,0.0,0.0,0.0,79.0,0.0,83.0,0.0,389.0,229.0,0.0,0.0,0.0,0.0,0.0,5.0,177.0,0.0,0.0,13.0,328.0,0.0,126.0,0.0,239.0,175.0,170.0,6.0,407.0,0.0
2021-07-02 07:00:00+00:00,7.0,391.0,2.0,246.0,258.0,332.0,128.0,0.0,0.0,13.0,0.0,0.0,0.0,0.0,0.0,0.0,87.0,0.0,73.0,0.0,442.0,329.0,0.0,0.0,0.0,6.0,0.0,0.0,177.0,0.0,0.0,0.0,245.0,0.0,59.0,0.0,273.0,117.0,125.0,78.0,390.0,0.0
2021-07-02 08:00:00+00:00,46.0,277.0,4.0,297.0,265.0,311.0,99.0,0.0,0.0,1.0,0.0,0.0,24.0,0.0,0.0,0.0,69.0,0.0,73.0,0.0,467.0,450.0,0.0,0.0,0.0,41.0,0.0,0.0,177.0,0.0,0.0,0.0,140.0,0.0,0.0,6.0,363.0,72.0,10.0,195.0,397.0,0.0
2021-07-02 09:00:00+00:00,120.0,353.0,11.0,312.0,248.0,322.0,129.0,0.0,0.0,0.0,0.0,0.0,29.0,0.0,0.0,0.0,72.0,0.0,62.0,0.0,401.0,525.0,0.0,0.0,0.0,56.0,0.0,0.0,177.0,0.0,0.0,0.0,108.0,0.0,0.0,35.0,399.0,50.0,0.0,226.0,405.0,0.0
2021-07-02 10:00:00+00:00,168.0,273.0,57.0,311.0,203.0,351.0,151.0,0.0,0.0,0.0,0.0,0.0,99.0,0.0,0.0,0.0,81.0,0.0,54.0,0.0,339.0,603.0,0.0,0.0,0.0,2.0,0.0,0.0,176.0,0.0,0.0,0.0,46.0,0.0,0.0,108.0,394.0,13.0,0.0,329.0,375.0,0.0
2021-07-02 11:00:00+00:00,145.0,301.0,70.0,308.0,218.0,395.0,260.0,0.0,0.0,0.0,0.0,0.0,86.0,0.0,0.0,0.0,87.0,0.0,45.0,0.0,314.0,584.0,0.0,0.0,0.0,38.0,0.0,0.0,175.0,0.0,0.0,0.0,53.0,0.0,0.0,146.0,404.0,10.0,0.0,343.0,385.0,0.0
2021-07-02 12:00:00+00:00,97.0,325.0,82.0,306.0,241.0,393.0,235.0,0.0,0.0,0.0,0.0,0.0,49.0,0.0,0.0,0.0,100.0,0.0,46.0,0.0,317.0,529.0,0.0,0.0,0.0,89.0,0.0,0.0,176.0,0.0,0.0,0.0,86.0,0.0,0.0,155.0,441.0,9.0,0.0,340.0,394.0,0.0
2021-07-02 13:00:00+00:00,85.0,293.0,106.0,330.0,273.0,418.0,250.0,0.0,0.0,0.0,0.0,0.0,33.0,0.0,0.0,0.0,96.0,0.0,51.0,0.0,436.0,528.0,0.0,0.0,0.0,148.0,0.0,0.0,176.0,0.0,0.0,0.0,101.0,0.0,0.0,165.0,493.0,2.0,0.0,340.0,384.0,0.0
2021-07-02 14:00:00+00:00,84.0,354.0,92.0,348.0,291.0,371.0,205.0,0.0,0.0,0.0,0.0,0.0,0.0,0.0,0.0,0.0,103.0,0.0,37.0,0.0,479.0,557.0,0.0,0.0,0.0,243.0,0.0,0.0,176.0,0.0,0.0,0.0,131.0,0.0,29.0,147.0,506.0,4.0,0.0,229.0,452.0,0.0
2021-07-02 15:00:00+00:00,64.0,562.0,50.0,331.0,314.0,372.0,224.0,0.0,0.0,0.0,0.0,0.0,0.0,0.0,0.0,0.0,121.0,0.0,27.0,0.0,555.0,484.0,0.0,0.0,0.0,254.0,0.0,0.0,176.0,0.0,0.0,0.0,226.0,0.0,142.0,33.0,464.0,25.0,0.0,55.0,488.0,0.0
2021-07-02 16:00:00+00:00,64.0,796.0,36.0,316.0,298.0,372.0,219.0,0.0,0.0,0.0,0.0,0.0,0.0,0.0,0.0,0.0,135.0,0.0,38.0,0.0,558.0,470.0,0.0,0.0,0.0,62.0,0.0,54.0,176.0,0.0,0.0,0.0,297.0,0.0,253.0,0.0,440.0,35.0,53.0,0.0,476.0,0.0
2021-07-02 17:00:00+00:00,43.0,788.0,26.0,288.0,283.0,391.0,227.0,0.0,0.0,0.0,0.0,0.0,0.0,0.0,0.0,0.0,144.0,0.0,34.0,0.0,562.0,412.0,0.0,0.0,0.0,0.0,0.0,68.0,176.0,0.0,0.0,28.0,299.0,0.0,256.0,0.0,375.0,24.0,63.0,0.0,459.0,0.0
2021-07-02 18:00:00+00:00,55.0,704.0,8.0,282.0,284.0,552.0,433.0,0.0,0.0,0.0,0.0,0.0,0.0,0.0,0.0,0.0,148.0,0.0,0.0,0.0,563.0,392.0,0.0,0.0,0.0,0.0,0.0,0.0,518.0,19.0,0.0,65.0,270.0,0.0,216.0,28.0,368.0,56.0,0.0,23.0,443.0,0.0
2021-07-02 19:00:00+00:00,53.0,606.0,14.0,290.0,305.0,554.0,469.0,0.0,0.0,0.0,0.0,0.0,0.0,0.0,0.0,0.0,143.0,0.0,0.0,0.0,589.0,378.0,0.0,0.0,0.0,0.0,0.0,0.0,569.0,45.0,0.0,59.0,209.0,0.0,180.0,68.0,365.0,62.0,0.0,69.0,457.0,0.0
2021-07-02 20:00:00+00:00,41.0,580.0,27.0,331.0,336.0,540.0,483.0,0.0,0.0,2.0,0.0,0.0,0.0,0.0,0.0,0.0,130.0,0.0,0.0,0.0,525.0,434.0,0.0,0.0,0.0,0.0,0.0,0.0,581.0,32.0,0.0,29.0,155.0,0.0,174.0,61.0,408.0,37.0,0.0,70.0,490.0,0.0
2021-07-02 21:00:00+00:00,110.0,272.0,74.0,352.0,296.0,636.0,440.0,0.0,0.0,0.0,0.0,0.0,0.0,5.0,0.0,0.0,101.0,0.0,0.0,0.0,491.0,555.0,0.0,0.0,0.0,92.0,0.0,0.0,557.0,31.0,0.0,0.0,16.0,0.0,66.0,148.0,447.0,14.0,0.0,174.0,535.0,0.0
2021-07-02 22:00:00+00:00,74.0,38.0,76.0,358.0,298.0,858.0,346.0,0.0,0.0,0.0,0.0,0.0,0.0,58.0,0.0,0.0,69.0,0.0,0.0,0.0,591.0,593.0,0.0,0.0,0.0,159.0,0.0,0.0,552.0,87.0,0.0,0.0,0.0,0.0,16.0,243.0,497.0,9.0,0.0,263.0,562.0,0.0
2021-07-02 23:00:00+00:00,63.0,169.0,70.0,342.0,305.0,888.0,406.0,0.0,0.0,0.0,0.0,0.0,0.0,2.0,0.0,0.0,52.0,0.0,0.0,0.0,602.0,557.0,0.0,0.0,0.0,267.0,0.0,0.0,571.0,87.0,0.0,0.0,27.0,0.0,79.0,140.0,487.0,9.0,0.0,176.0,578.0,0.0
2021-07-03 00:00:00+00:00,44.0,200.0,81.0,328.0,314.0,910.0,451.0,0.0,0.0,0.0,0.0,0.0,0.0,0.0,0.0,0.0,32.0,0.0,0.0,0.0,603.0,527.0,0.0,0.0,0.0,270.0,0.0,0.0,572.0,80.0,0.0,0.0,58.0,0.0,101.0,80.0,477.0,8.0,0.0,144.0,547.0,0.0
2021-07-03 01:00:00+00:00,12.0,314.0,96.0,311.0,324.0,919.0,466.0,0.0,0.0,11.0,0.0,0.0,0.0,0.0,0.0,0.0,20.0,0.0,0.0,0.0,603.0,462.0,0.0,0.0,0.0,276.0,0.0,0.0,573.0,76.0,0.0,0.0,110.0,0.0,138.0,13.0,401.0,9.0,0.0,81.0,546.0,0.0
2021-07-03 02:00:00+00:00,0.0,417.0,35.0,327.0,376.0,896.0,399.0,0.0,0.0,47.0,0.0,0.0,0.0,0.0,0.0,0.0,0.0,0.0,0.0,0.0,602.0,415.0,0.0,0.0,0.0,295.0,0.0,0.0,573.0,85.0,0.0,0.0,132.0,0.0,184.0,9.0,448.0,18.0,1.0,26.0,578.0,0.0
2021-07-03 03:00:00+00:00,0.0,540.0,42.0,314.0,413.0,804.0,436.0,0.0,0.0,113.0,0.0,0.0,0.0,0.0,0.0,0.0,1.0,0.0,0.0,0.0,602.0,336.0,0.0,0.0,0.0,321.0,0.0,44.0,573.0,78.0,0.0,0.0,178.0,0.0,236.0,0.0,417.0,18.0,22.0,0.0,591.0,0.0
2021-07-03 04:00:00+00:00,0.0,608.0,34.0,311.0,426.0,754.0,454.0,0.0,0.0,148.0,0.0,0.0,0.0,0.0,0.0,0.0,2.0,0.0,0.0,0.0,603.0,275.0,0.0,0.0,0.0,414.0,0.0,52.0,568.0,88.0,0.0,0.0,240.0,0.0,286.0,0.0,433.0,24.0,74.0,1.0,537.0,0.0
2021-07-03 05:00:00+00:00,0.0,425.0,90.0,325.0,409.0,753.0,421.0,0.0,0.0,131.0,0.0,0.0,0.0,0.0,0.0,0.0,14.0,0.0,0.0,0.0,602.0,297.0,0.0,0.0,0.0,256.0,0.0,0.0,562.0,90.0,0.0,0.0,144.0,0.0,201.0,0.0,402.0,14.0,13.0,53.0,467.0,0.0
2021-07-03 06:00:00+00:00,0.0,408.0,42.0,358.0,467.0,666.0,351.0,0.0,0.0,183.0,0.0,0.0,0.0,0.0,0.0,0.0,13.0,0.0,0.0,0.0,602.0,236.0,0.0,0.0,0.0,156.0,0.0,0.0,561.0,61.0,0.0,0.0,97.0,0.0,188.0,0.0,444.0,19.0,115.0,12.0,432.0,0.0
2021-07-03 07:00:00+00:00,0.0,309.0,77.0,387.0,465.0,558.0,330.0,0.0,0.0,136.0,0.0,0.0,0.0,2.0,0.0,0.0,16.0,0.0,0.0,0.0,598.0,303.0,0.0,0.0,0.0,85.0,0.0,0.0,561.0,14.0,0.0,0.0,27.0,0.0,134.0,0.0,480.0,4.0,152.0,59.0,398.0,0.0
2021-07-03 08:00:00+00:00,0.0,221.0,90.0,407.0,454.0,585.0,316.0,0.0,0.0,123.0,0.0,0.0,0.0,58.0,0.0,0.0,21.0,0.0,0.0,0.0,592.0,368.0,0.0,0.0,0.0,93.0,0.0,0.0,561.0,16.0,0.0,0.0,0.0,0.0,98.0,0.0,525.0,3.0,97.0,128.0,394.0,0.0
2021-07-03 09:00:00+00:00,0.0,171.0,132.0,423.0,414.0,539.0,268.0,0.0,0.0,34.0,0.0,0.0,0.0,98.0,0.0,0.0,14.0,0.0,0.0,0.0,428.0,508.0,0.0,0.0,0.0,162.0,0.0,0.0,561.0,27.0,0.0,0.0,0.0,0.0,78.0,0.0,557.0,2.0,107.0,136.0,384.0,0.0
2021-07-03 10:00:00+00:00,7.0,164.0,145.0,402.0,358.0,551.0,289.0,0.0,0.0,11.0,0.0,0.0,0.0,108.0,0.0,0.0,40.0,0.0,0.0,0.0,393.0,541.0,0.0,0.0,0.0,165.0,0.0,0.0,561.0,28.0,0.0,0.0,0.0,0.0,60.0,0.0,547.0,0.0,88.0,166.0,371.0,0.0
2021-07-03 11:00:00+00:00,18.0,158.0,139.0,406.0,362.0,576.0,332.0,0.0,0.0,4.0,0.0,0.0,0.0,82.0,0.0,0.0,67.0,0.0,0.0,0.0,375.0,559.0,0.0,0.0,0.0,191.0,0.0,0.0,562.0,13.0,0.0,0.0,0.0,0.0,68.0,0.0,548.0,2.0,111.0,130.0,387.0,0.0
2021-07-03 12:00:00+00:00,6.0,32.0,127.0,410.0,375.0,560.0,332.0,0.0,0.0,13.0,0.0,0.0,0.0,92.0,0.0,0.0,76.0,0.0,0.0,0.0,402.0,555.0,0.0,0.0,0.0,252.0,0.0,0.0,562.0,1.0,0.0,0.0,0.0,0.0,48.0,0.0,558.0,1.0,80.0,143.0,388.0,0.0
2021-07-03 13:00:00+00:00,33.0,58.0,115.0,383.0,330.0,545.0,293.0,0.0,0.0,0.0,0.0,0.0,0.0,57.0,0.0,0.0,89.0,0.0,20.0,0.0,424.0,583.0,0.0,0.0,0.0,330.0,0.0,0.0,562.0,0.0,0.0,0.0,0.0,0.0,53.0,0.0,530.0,2.0,36.0,202.0,366.0,0.0
2021-07-03 14:00:00+00:00,27.0,64.0,115.0,372.0,324.0,510.0,200.0,0.0,0.0,1.0,0.0,0.0,0.0,12.0,0.0,0.0,72.0,0.0,24.0,0.0,456.0,563.0,0.0,0.0,0.0,370.0,0.0,0.0,562.0,0.0,0.0,0.0,10.0,0.0,64.0,12.0,524.0,2.0,0.0,224.0,375.0,0.0
2021-07-03 15:00:00+00:00,12.0,166.0,114.0,391.0,367.0,532.0,238.0,0.0,0.0,9.0,0.0,0.0,0.0,0.0,0.0,0.0,56.0,0.0,0.0,0.0,536.0,524.0,0.0,0.0,0.0,442.0,0.0,0.0,560.0,9.0,0.0,0.0,115.0,0.0,117.0,0.0,516.0,2.0,35.0,128.0,372.0,0.0
2021-07-03 16:00:00+00:00,72.0,336.0,90.0,397.0,359.0,735.0,342.0,0.0,0.0,0.0,0.0,0.0,0.0,0.0,0.0,0.0,82.0,0.0,0.0,0.0,591.0,582.0,0.0,0.0,0.0,432.0,0.0,0.0,561.0,54.0,0.0,0.0,151.0,0.0,151.0,105.0,507.0,10.0,0.0,151.0,454.0,0.0
2021-07-03 17:00:00+00:00,74.0,362.0,157.0,406.0,387.0,738.0,369.0,0.0,0.0,0.0,0.0,0.0,0.0,0.0,0.0,0.0,76.0,0.0,0.0,0.0,603.0,571.0,0.0,0.0,0.0,400.0,0.0,0.0,561.0,57.0,0.0,0.0,192.0,0.0,161.0,104.0,499.0,0.0,0.0,99.0,469.0,0.0
2021-07-03 18:00:00+00:00,92.0,310.0,144.0,409.0,374.0,742.0,399.0,0.0,0.0,0.0,0.0,0.0,0.0,0.0,0.0,0.0,82.0,0.0,0.0,0.0,603.0,573.0,0.0,0.0,0.0,318.0,0.0,0.0,562.0,60.0,0.0,0.0,157.0,0.0,118.0,165.0,531.0,2.0,0.0,149.0,454.0,0.0
2021-07-03 19:00:00+00:00,89.0,305.0,122.0,411.0,384.0,755.0,409.0,0.0,0.0,0.0,0.0,0.0,0.0,0.0,0.0,0.0,76.0,0.0,0.0,0.0,600.0,568.0,0.0,0.0,0.0,311.0,0.0,0.0,567.0,56.0,0.0,0.0,152.0,0.0,126.0,155.0,529.0,2.0,0.0,95.0,497.0,0.0
2021-07-03 20:00:00+00:00,62.0,440.0,117.0,438.0,448.0,835.0,453.0,0.0,0.0,0.0,0.0,0.0,0.0,0.0,0.0,0.0,69.0,0.0,0.0,0.0,506.0,547.0,0.0,0.0,0.0,342.0,0.0,13.0,573.0,48.0,0.0,0.0,169.0,0.0,184.0,92.0,546.0,2.0,0.0,10.0,598.0,0.0
2021-07-03 21:00:00+00:00,59.0,459.0,172.0,452.0,466.0,782.0,426.0,0.0,0.0,0.0,0.0,0.0,0.0,0.0,0.0,0.0,60.0,0.0,0.0,0.0,506.0,571.0,0.0,0.0,0.0,380.0,0.0,64.0,573.0,39.0,0.0,0.0,131.0,0.0,189.0,94.0,548.0,1.0,0.0,0.0,590.0,0.0
2021-07-03 22:00:00+00:00,7.0,288.0,146.0,422.0,445.0,883.0,371.0,0.0,0.0,35.0,0.0,0.0,0.0,0.0,0.0,0.0,49.0,0.0,0.0,0.0,600.0,506.0,0.0,0.0,0.0,426.0,0.0,0.0,573.0,70.0,0.0,0.0,80.0,0.0,140.0,167.0,542.0,1.0,0.0,59.0,562.0,0.0
2021-07-03 23:00:00+00:00,0.0,474.0,177.0,438.0,500.0,874.0,376.0,0.0,0.0,90.0,0.0,0.0,0.0,0.0,0.0,0.0,33.0,0.0,0.0,0.0,602.0,474.0,0.0,0.0,0.0,481.0,0.0,43.0,573.0,87.0,0.0,0.0,130.0,0.0,200.0,70.0,589.0,2.0,0.0,2.0,601.0,0.0
2021-07-04 00:00:00+00:00,0.0,599.0,158.0,418.0,496.0,886.0,382.0,0.0,0.0,137.0,0.0,0.0,0.0,0.0,0.0,0.0,30.0,0.0,0.0,0.0,603.0,451.0,0.0,0.0,0.0,428.0,0.0,111.0,573.0,94.0,0.0,0.0,199.0,0.0,254.0,4.0,529.0,0.0,17.0,0.0,592.0,0.0
2021-07-04 01:00:00+00:00,0.0,637.0,162.0,422.0,488.0,917.0,428.0,0.0,0.0,124.0,0.0,0.0,0.0,0.0,0.0,0.0,86.0,0.0,0.0,0.0,602.0,491.0,0.0,0.0,0.0,394.0,0.0,152.0,573.0,92.0,0.0,0.0,247.0,0.0,290.0,0.0,555.0,1.0,63.0,0.0,579.0,0.0
2021-07-04 02:00:00+00:00,0.0,778.0,145.0,424.0,509.0,811.0,442.0,0.0,0.0,162.0,0.0,0.0,0.0,0.0,0.0,0.0,81.0,0.0,0.0,0.0,602.0,460.0,0.0,0.0,0.0,416.0,0.0,153.0,573.0,70.0,0.0,0.0,253.0,0.0,326.0,0.0,585.0,2.0,26.0,0.0,617.0,0.0
2021-07-04 03:00:00+00:00,0.0,707.0,140.0,402.0,479.0,795.0,430.0,0.0,0.0,140.0,0.0,0.0,0.0,0.0,0.0,0.0,69.0,0.0,0.0,0.0,603.0,481.0,0.0,0.0,0.0,436.0,0.0,138.0,573.0,75.0,0.0,0.0,256.0,0.0,330.0,0.0,546.0,4.0,19.0,0.0,603.0,0.0
2021-07-04 04:00:00+00:00,0.0,503.0,64.0,398.0,446.0,770.0,425.0,0.0,0.0,95.0,0.0,0.0,0.0,0.0,0.0,0.0,90.0,0.0,0.0,0.0,603.0,503.0,0.0,0.0,0.0,536.0,0.0,100.0,565.0,88.0,0.0,0.0,241.0,0.0,297.0,0.0,477.0,10.0,35.0,0.0,553.0,0.0
2021-07-04 05:00:00+00:00,0.0,417.0,110.0,415.0,491.0,762.0,413.0,0.0,0.0,138.0,0.0,0.0,0.0,0.0,0.0,0.0,91.0,0.0,0.0,0.0,603.0,429.0,0.0,0.0,0.0,534.0,0.0,80.0,556.0,101.0,0.0,0.0,191.0,0.0,271.0,0.0,524.0,2.0,36.0,0.0,539.0,0.0
2021-07-04 06:00:00+00:00,0.0,301.0,146.0,425.0,498.0,587.0,343.0,0.0,0.0,128.0,0.0,0.0,0.0,0.0,0.0,0.0,57.0,0.0,0.0,0.0,602.0,412.0,0.0,0.0,0.0,493.0,0.0,42.0,556.0,41.0,0.0,0.0,126.0,0.0,233.0,0.0,532.0,2.0,63.0,1.0,477.0,0.0
2021-07-04 07:00:00+00:00,0.0,192.0,150.0,432.0,492.0,573.0,326.0,0.0,0.0,123.0,0.0,0.0,0.0,1.0,0.0,0.0,51.0,0.0,0.0,0.0,602.0,415.0,0.0,0.0,0.0,452.0,0.0,0.0,555.0,35.0,0.0,0.0,37.0,0.0,194.0,0.0,544.0,0.0,98.0,7.0,436.0,0.0
2021-07-04 08:00:00+00:00,0.0,89.0,201.0,467.0,516.0,572.0,287.0,0.0,0.0,127.0,0.0,0.0,0.0,34.0,0.0,0.0,44.0,0.0,0.0,0.0,572.0,459.0,0.0,0.0,0.0,442.0,0.0,0.0,555.0,44.0,0.0,0.0,1.0,0.0,168.0,0.0,601.0,0.0,104.0,28.0,457.0,0.0
2021-07-04 09:00:00+00:00,0.0,72.0,210.0,465.0,509.0,547.0,287.0,0.0,0.0,108.0,0.0,0.0,0.0,55.0,0.0,0.0,44.0,0.0,0.0,0.0,523.0,472.0,0.0,0.0,0.0,478.0,0.0,0.0,555.0,40.0,0.0,0.0,0.0,0.0,150.0,0.0,595.0,0.0,111.0,38.0,448.0,0.0
2021-07-04 10:00:00+00:00,0.0,71.0,201.0,456.0,477.0,544.0,276.0,0.0,0.0,114.0,0.0,0.0,0.0,61.0,0.0,0.0,54.0,0.0,0.0,0.0,538.0,498.0,0.0,0.0,0.0,548.0,0.0,0.0,555.0,45.0,0.0,0.0,0.0,0.0,144.0,0.0,573.0,0.0,83.0,53.0,438.0,0.0
2021-07-04 11:00:00+00:00,0.0,12.0,158.0,438.0,440.0,584.0,277.0,0.0,0.0,107.0,0.0,0.0,0.0,28.0,0.0,0.0,81.0,0.0,0.0,0.0,539.0,499.0,0.0,0.0,0.0,600.0,0.0,0.0,555.0,44.0,0.0,0.0,0.0,0.0,142.0,0.0,564.0,2.0,132.0,19.0,388.0,0.0
2021-07-04 12:00:00+00:00,0.0,0.0,156.0,435.0,426.0,614.0,312.0,0.0,0.0,119.0,0.0,21.0,0.0,4.0,0.0,0.0,77.0,0.0,0.0,0.0,558.0,493.0,0.0,0.0,0.0,593.0,0.0,5.0,555.0,45.0,0.0,0.0,17.0,0.0,155.0,0.0,563.0,2.0,127.0,4.0,389.0,0.0
2021-07-04 13:00:00+00:00,0.0,0.0,150.0,434.0,427.0,615.0,299.0,0.0,0.0,103.0,0.0,69.0,0.0,1.0,0.0,0.0,79.0,0.0,0.0,0.0,565.0,491.0,0.0,0.0,0.0,552.0,0.0,12.0,554.0,47.0,0.0,0.0,21.0,0.0,142.0,0.0,554.0,0.0,138.0,0.0,405.0,0.0
2021-07-04 14:00:00+00:00,0.0,36.0,178.0,441.0,445.0,613.0,310.0,0.0,0.0,97.0,0.0,0.0,0.0,0.0,0.0,0.0,101.0,0.0,0.0,0.0,585.0,490.0,0.0,0.0,0.0,480.0,0.0,21.0,555.0,41.0,0.0,0.0,54.0,0.0,163.0,0.0,542.0,2.0,92.0,0.0,436.0,0.0
2021-07-04 15:00:00+00:00,0.0,333.0,166.0,435.0,459.0,574.0,280.0,0.0,0.0,128.0,0.0,0.0,0.0,0.0,0.0,0.0,117.0,0.0,0.0,0.0,594.0,454.0,0.0,0.0,0.0,294.0,0.0,133.0,555.0,40.0,0.0,0.0,191.0,0.0,243.0,0.0,539.0,0.0,179.0,0.0,443.0,0.0
2021-07-04 16:00:00+00:00,0.0,713.0,160.0,426.0,457.0,677.0,235.0,0.0,0.0,149.0,0.0,0.0,0.0,0.0,0.0,0.0,103.0,0.0,0.0,0.0,603.0,440.0,0.0,0.0,0.0,176.0,0.0,155.0,555.0,60.0,0.0,0.0,273.0,0.0,332.0,0.0,525.0,2.0,68.0,0.0,545.0,0.0
2021-07-04 17:00:00+00:00,0.0,844.0,134.0,404.0,457.0,726.0,312.0,0.0,0.0,182.0,0.0,0.0,0.0,0.0,0.0,0.0,58.0,0.0,0.0,0.0,588.0,365.0,0.0,0.0,0.0,156.0,0.0,161.0,555.0,67.0,0.0,0.0,319.0,0.0,370.0,25.0,499.0,2.0,0.0,0.0,575.0,0.0
2021-07-04 18:00:00+00:00,0.0,747.0,118.0,419.0,463.0,735.0,333.0,0.0,0.0,128.0,0.0,0.0,0.0,0.0,0.0,0.0,70.0,0.0,0.0,0.0,581.0,396.0,0.0,0.0,0.0,111.0,0.0,107.0,555.0,75.0,0.0,0.0,283.0,0.0,322.0,98.0,545.0,2.0,0.0,0.0,571.0,0.0
2021-07-04 19:00:00+00:00,0.0,727.0,125.0,414.0,459.0,779.0,368.0,0.0,0.0,124.0,0.0,0.0,0.0,0.0,0.0,0.0,86.0,0.0,0.0,0.0,566.0,394.0,0.0,0.0,0.0,124.0,0.0,72.0,563.0,76.0,0.0,0.0,233.0,0.0,289.0,122.0,547.0,2.0,0.0,0.0,577.0,0.0
2021-07-04 20:00:00+00:00,0.0,743.0,173.0,442.0,484.0,805.0,420.0,0.0,0.0,98.0,0.0,0.0,0.0,0.0,0.0,0.0,86.0,0.0,0.0,0.0,561.0,446.0,0.0,0.0,0.0,223.0,0.0,105.0,572.0,64.0,0.0,0.0,232.0,0.0,300.0,84.0,585.0,0.0,0.0,0.0,601.0,0.0
2021-07-04 21:00:00+00:00,0.0,655.0,203.0,453.0,515.0,829.0,446.0,0.0,0.0,97.0,0.0,0.0,0.0,0.0,0.0,0.0,66.0,0.0,0.0,0.0,544.0,448.0,0.0,0.0,0.0,273.0,0.0,101.0,573.0,61.0,0.0,0.0,157.0,0.0,254.0,87.0,596.0,2.0,0.0,0.0,628.0,0.0
2021-07-04 22:00:00+00:00,0.0,480.0,227.0,445.0,526.0,864.0,423.0,0.0,0.0,108.0,0.0,0.0,0.0,0.0,0.0,0.0,100.0,0.0,0.0,0.0,601.0,431.0,0.0,0.0,0.0,374.0,0.0,106.0,572.0,82.0,0.0,0.0,137.0,0.0,227.0,5.0,618.0,0.0,4.0,0.0,577.0,0.0
2021-07-04 23:00:00+00:00,0.0,569.0,220.0,437.0,501.0,920.0,489.0,0.0,0.0,75.0,0.0,0.0,0.0,0.0,0.0,0.0,149.0,0.0,0.0,0.0,602.0,466.0,0.0,0.0,0.0,427.0,0.0,139.0,572.0,97.0,0.0,0.0,197.0,0.0,265.0,0.0,612.0,0.0,78.0,0.0,563.0,0.0
2021-07-05 00:00:00+00:00,0.0,693.0,297.0,439.0,470.0,916.0,453.0,0.0,0.0,51.0,0.0,0.0,0.0,0.0,0.0,0.0,133.0,0.0,0.0,0.0,583.0,543.0,0.0,0.0,0.0,432.0,0.0,124.0,572.0,119.0,0.0,0.0,200.0,0.0,282.0,0.0,569.0,0.0,63.0,0.0,567.0,0.0
2021-07-05 01:00:00+00:00,0.0,724.0,281.0,434.0,470.0,985.0,488.0,0.0,0.0,53.0,0.0,0.0,0.0,0.0,0.0,0.0,130.0,0.0,0.0,0.0,583.0,541.0,0.0,0.0,0.0,421.0,0.0,166.0,573.0,115.0,0.0,0.0,250.0,0.0,308.0,0.0,578.0,0.0,128.0,0.0,543.0,0.0
2021-07-05 02:00:00+00:00,0.0,714.0,213.0,421.0,471.0,863.0,491.0,0.0,0.0,56.0,0.0,0.0,0.0,0.0,0.0,0.0,130.0,0.0,0.0,0.0,583.0,501.0,0.0,0.0,0.0,393.0,0.0,171.0,573.0,83.0,0.0,0.0,271.0,0.0,321.0,0.0,603.0,0.0,131.0,0.0,523.0,94.0
2021-07-05 03:00:00+00:00,0.0,796.0,156.0,364.0,441.0,735.0,392.0,0.0,0.0,105.0,0.0,0.0,0.0,0.0,0.0,0.0,135.0,0.0,0.0,0.0,602.0,387.0,0.0,0.0,0.0,406.0,0.0,157.0,572.0,60.0,0.0,0.0,326.0,0.0,344.0,0.0,555.0,0.0,128.0,0.0,491.0,131.0
2021-07-05 04:00:00+00:00,0.0,914.0,69.0,318.0,436.0,614.0,235.0,0.0,0.0,146.0,0.0,0.0,0.0,0.0,0.0,0.0,99.0,0.0,0.0,0.0,603.0,227.0,0.0,0.0,0.0,492.0,0.0,87.0,565.0,22.0,0.0,0.0,299.0,0.0,372.0,3.0,486.0,12.0,31.0,0.0,510.0,130.0
2021-07-05 05:00:00+00:00,0.0,741.0,60.0,322.0,427.0,561.0,242.0,0.0,0.0,127.0,0.0,0.0,0.0,0.0,0.0,0.0,92.0,0.0,0.0,0.0,598.0,197.0,0.0,0.0,0.0,453.0,0.0,41.0,557.0,1.0,0.0,0.0,220.0,0.0,298.0,1.0,466.0,20.0,11.0,0.0,472.0,131.0
2021-07-05 06:00:00+00:00,0.0,640.0,66.0,325.0,407.0,587.0,275.0,0.0,0.0,69.0,0.0,0.0,0.0,0.0,0.0,0.0,69.0,0.0,13.0,0.0,597.0,188.0,0.0,0.0,0.0,390.0,0.0,3.0,539.0,0.0,0.0,0.0,113.0,0.0,246.0,1.0,460.0,9.0,22.0,13.0,466.0,132.0
2021-07-05 07:00:00+00:00,0.0,528.0,110.0,373.0,433.0,681.0,365.0,0.0,0.0,85.0,0.0,0.0,0.0,1.0,0.0,0.0,57.0,0.0,4.0,0.0,598.0,238.0,0.0,0.0,0.0,320.0,0.0,0.0,539.0,0.0,0.0,0.0,25.0,0.0,199.0,10.0,513.0,3.0,6.0,55.0,463.0,131.0
2021-07-05 08:00:00+00:00,0.0,481.0,169.0,419.0,439.0,684.0,367.0,0.0,0.0,38.0,0.0,0.0,0.0,32.0,0.0,0.0,88.0,0.0,2.0,0.0,598.0,373.0,0.0,0.0,0.0,338.0,0.0,0.0,538.0,0.0,0.0,0.0,1.0,0.0,180.0,1.0,591.0,1.0,14.0,79.0,475.0,131.0
2021-07-05 09:00:00+00:00,4.0,380.0,173.0,418.0,412.0,645.0,350.0,0.0,0.0,15.0,0.0,0.0,0.0,96.0,0.0,0.0,120.0,0.0,0.0,0.0,588.0,418.0,0.0,0.0,0.0,282.0,0.0,0.0,539.0,1.0,0.0,0.0,0.0,0.0,141.0,24.0,584.0,0.0,0.0,124.0,480.0,133.0
2021-07-05 10:00:00+00:00,44.0,363.0,162.0,400.0,349.0,643.0,346.0,0.0,0.0,0.0,0.0,0.0,0.0,150.0,0.0,0.0,146.0,0.0,0.0,0.0,438.0,467.0,0.0,0.0,0.0,257.0,0.0,0.0,539.0,2.0,0.0,0.0,0.0,0.0,101.0,68.0,533.0,2.0,0.0,166.0,481.0,129.0
2021-07-05 11:00:00+00:00,36.0,390.0,158.0,398.0,375.0,665.0,372.0,0.0,0.0,0.0,0.0,0.0,0.0,171.0,0.0,0.0,153.0,0.0,0.0,0.0,494.0,448.0,0.0,0.0,0.0,264.0,0.0,0.0,539.0,3.0,0.0,0.0,0.0,0.0,95.0,100.0,548.0,0.0,0.0,169.0,484.0,133.0
2021-07-05 12:00:00+00:00,3.0,351.0,134.0,388.0,388.0,649.0,363.0,0.0,0.0,14.0,0.0,0.0,0.0,168.0,0.0,0.0,128.0,0.0,0.0,0.0,576.0,396.0,0.0,0.0,0.0,232.0,0.0,0.0,538.0,8.0,0.0,0.0,0.0,0.0,106.0,117.0,553.0,2.0,0.0,187.0,473.0,133.0
2021-07-05 13:00:00+00:00,2.0,363.0,167.0,376.0,372.0,644.0,344.0,0.0,0.0,20.0,0.0,0.0,0.0,95.0,0.0,0.0,136.0,0.0,0.0,0.0,597.0,395.0,0.0,0.0,0.0,344.0,0.0,0.0,539.0,5.0,0.0,0.0,0.0,0.0,127.0,72.0,529.0,0.0,0.0,120.0,484.0,136.0
2021-07-05 14:00:00+00:00,4.0,374.0,158.0,390.0,401.0,602.0,297.0,0.0,0.0,13.0,0.0,0.0,0.0,30.0,0.0,0.0,147.0,0.0,0.0,0.0,603.0,408.0,0.0,0.0,0.0,357.0,0.0,0.0,539.0,2.0,0.0,0.0,1.0,0.0,148.0,121.0,573.0,0.0,0.0,113.0,501.0,134.0
2021-07-05 15:00:00+00:00,0.0,471.0,140.0,386.0,437.0,555.0,253.0,0.0,0.0,56.0,0.0,0.0,0.0,0.0,0.0,0.0,129.0,0.0,8.0,0.0,603.0,356.0,0.0,0.0,0.0,434.0,0.0,0.0,539.0,0.0,0.0,0.0,82.0,0.0,211.0,157.0,553.0,0.0,0.0,64.0,523.0,134.0
2021-07-05 16:00:00+00:00,30.0,536.0,172.0,390.0,437.0,673.0,377.0,0.0,0.0,1.0,0.0,0.0,0.0,0.0,0.0,0.0,116.0,0.0,0.0,0.0,602.0,401.0,0.0,0.0,0.0,422.0,0.0,1.0,539.0,14.0,0.0,0.0,171.0,0.0,243.0,139.0,576.0,0.0,0.0,18.0,502.0,132.0
2021-07-05 17:00:00+00:00,96.0,553.0,231.0,386.0,408.0,689.0,417.0,0.0,0.0,0.0,0.0,0.0,0.0,0.0,0.0,0.0,119.0,0.0,0.0,0.0,566.0,455.0,0.0,0.0,0.0,402.0,0.0,0.0,540.0,21.0,0.0,0.0,215.0,0.0,245.0,183.0,579.0,1.0,0.0,24.0,506.0,133.0
2021-07-05 18:00:00+00:00,79.0,549.0,210.0,394.0,430.0,624.0,358.0,0.0,0.0,0.0,0.0,0.0,0.0,0.0,0.0,0.0,118.0,0.0,0.0,0.0,557.0,436.0,0.0,0.0,0.0,399.0,0.0,3.0,540.0,42.0,0.0,0.0,224.0,0.0,254.0,185.0,601.0,0.0,0.0,6.0,483.0,133.0
2021-07-05 19:00:00+00:00,31.0,558.0,195.0,395.0,472.0,719.0,346.0,0.0,0.0,1.0,0.0,0.0,0.0,0.0,0.0,0.0,113.0,0.0,0.0,0.0,601.0,379.0,0.0,0.0,0.0,341.0,0.0,19.0,547.0,71.0,0.0,0.0,196.0,0.0,268.0,163.0,593.0,0.0,0.0,0.0,504.0,132.0
2021-07-05 20:00:00+00:00,10.0,515.0,219.0,435.0,517.0,709.0,390.0,0.0,0.0,12.0,0.0,0.0,0.0,0.0,0.0,0.0,100.0,0.0,0.0,0.0,597.0,437.0,0.0,0.0,0.0,352.0,0.0,32.0,555.0,61.0,0.0,0.0,174.0,0.0,261.0,141.0,646.0,0.0,0.0,0.0,544.0,132.0
2021-07-05 21:00:00+00:00,0.0,379.0,242.0,458.0,522.0,694.0,310.0,0.0,0.0,39.0,0.0,0.0,0.0,0.0,0.0,0.0,77.0,0.0,0.0,0.0,579.0,468.0,0.0,0.0,0.0,332.0,0.0,0.0,555.0,46.0,0.0,0.0,80.0,0.0,211.0,228.0,619.0,0.0,0.0,63.0,592.0,131.0
2021-07-05 22:00:00+00:00,0.0,478.0,320.0,428.0,486.0,745.0,373.0,0.0,0.0,76.0,0.0,0.0,0.0,0.0,0.0,0.0,69.0,0.0,0.0,0.0,602.0,446.0,0.0,0.0,0.0,449.0,0.0,26.0,555.0,67.0,0.0,0.0,111.0,0.0,236.0,154.0,543.0,1.0,0.0,0.0,663.0,133.0
2021-07-05 23:00:00+00:00,0.0,374.0,278.0,408.0,444.0,699.0,348.0,0.0,0.0,33.0,0.0,0.0,0.0,0.0,0.0,0.0,49.0,0.0,0.0,0.0,602.0,487.0,0.0,0.0,0.0,496.0,0.0,70.0,556.0,73.0,0.0,0.0,150.0,0.0,228.0,14.0,566.0,0.0,1.0,0.0,589.0,131.0
2021-07-06 00:00:00+00:00,1.0,347.0,338.0,402.0,416.0,704.0,338.0,0.0,0.0,34.0,0.0,0.0,0.0,0.0,0.0,0.0,31.0,0.0,0.0,0.0,603.0,540.0,0.0,0.0,0.0,530.0,0.0,65.0,555.0,95.0,0.0,0.0,132.0,0.0,223.0,6.0,552.0,0.0,2.0,0.0,578.0,133.0
2021-07-06 01:00:00+00:00,0.0,364.0,381.0,415.0,424.0,750.0,428.0,0.0,0.0,31.0,0.0,0.0,0.0,0.0,0.0,0.0,21.0,0.0,0.0,0.0,603.0,564.0,0.0,0.0,0.0,470.0,0.0,78.0,555.0,96.0,0.0,0.0,119.0,0.0,219.0,5.0,537.0,0.0,1.0,0.0,586.0,134.0
2021-07-06 02:00:00+00:00,2.0,330.0,338.0,409.0,407.0,754.0,400.0,0.0,0.0,20.0,0.0,0.0,0.0,0.0,0.0,0.0,17.0,0.0,0.0,0.0,603.0,573.0,0.0,0.0,0.0,480.0,0.0,39.0,555.0,99.0,0.0,0.0,118.0,0.0,211.0,61.0,526.0,0.0,0.0,0.0,584.0,133.0
2021-07-06 03:00:00+00:00,15.0,424.0,179.0,390.0,410.0,679.0,332.0,0.0,0.0,5.0,0.0,0.0,0.0,0.0,0.0,0.0,13.0,0.0,0.0,0.0,603.0,527.0,0.0,0.0,0.0,495.0,0.0,34.0,554.0,84.0,0.0,0.0,214.0,0.0,282.0,56.0,576.0,0.0,0.0,0.0,554.0,131.0
2021-07-06 04:00:00+00:00,1.0,646.0,139.0,366.0,443.0,536.0,165.0,0.0,0.0,59.0,0.0,0.0,0.0,0.0,0.0,0.0,32.0,0.0,0.0,0.0,603.0,348.0,0.0,0.0,0.0,520.0,0.0,79.0,546.0,35.0,0.0,0.0,299.0,0.0,370.0,13.0,495.0,1.0,2.0,0.0,556.0,134.0
2021-07-06 05:00:00+00:00,0.0,615.0,166.0,362.0,475.0,421.0,173.0,0.0,0.0,151.0,0.0,0.0,0.0,0.0,0.0,0.0,59.0,0.0,0.0,0.0,602.0,259.0,0.0,0.0,0.0,474.0,0.0,107.0,539.0,49.0,0.0,0.0,208.0,0.0,344.0,27.0,423.0,1.0,0.0,0.0,588.0,132.0
2021-07-06 06:00:00+00:00,0.0,454.0,74.0,394.0,510.0,423.0,161.0,0.0,0.0,157.0,0.0,0.0,0.0,0.0,0.0,0.0,89.0,0.0,0.0,0.0,602.0,234.0,0.0,0.0,0.0,422.0,0.0,90.0,538.0,42.0,0.0,0.0,110.0,0.0,370.0,0.0,518.0,6.0,18.0,0.0,578.0,130.0
2021-07-06 07:00:00+00:00,0.0,352.0,151.0,422.0,501.0,391.0,126.0,0.0,0.0,128.0,0.0,0.0,0.0,5.0,0.0,0.0,78.0,0.0,0.0,0.0,603.0,315.0,0.0,0.0,0.0,469.0,0.0,46.0,538.0,28.0,0.0,0.0,18.0,0.0,284.0,0.0,502.0,3.0,78.0,0.0,493.0,131.0
2021-07-06 08:00:00+00:00,0.0,313.0,237.0,451.0,497.0,401.0,136.0,0.0,0.0,85.0,0.0,0.0,0.0,86.0,0.0,0.0,69.0,0.0,0.0,0.0,603.0,408.0,0.0,0.0,0.0,388.0,0.0,8.0,538.0,49.0,0.0,0.0,0.0,0.0,237.0,0.0,578.0,0.0,28.0,17.0,513.0,123.0
2021-07-06 09:00:00+00:00,0.0,297.0,224.0,476.0,526.0,383.0,125.0,0.0,0.0,108.0,0.0,0.0,0.0,113.0,0.0,0.0,58.0,0.0,0.0,0.0,602.0,413.0,0.0,0.0,0.0,399.0,0.0,0.0,539.0,48.0,0.0,0.0,0.0,0.0,220.0,18.0,653.0,0.0,5.0,78.0,489.0,125.0
2021-07-06 10:00:00+00:00,0.0,307.0,221.0,473.0,521.0,397.0,160.0,0.0,0.0,100.0,0.0,0.0,0.0,121.0,0.0,0.0,124.0,0.0,0.0,0.0,591.0,413.0,0.0,0.0,0.0,394.0,0.0,0.0,538.0,53.0,0.0,0.0,0.0,0.0,210.0,10.0,630.0,0.0,0.0,70.0,491.0,132.0
2021-07-06 11:00:00+00:00,0.0,328.0,186.0,470.0,503.0,460.0,198.0,0.0,0.0,69.0,0.0,0.0,0.0,98.0,0.0,0.0,137.0,0.0,0.0,0.0,541.0,441.0,0.0,0.0,0.0,440.0,0.0,0.0,539.0,66.0,0.0,0.0,0.0,0.0,220.0,0.0,615.0,0.0,16.0,57.0,477.0,133.0
2021-07-06 12:00:00+00:00,0.0,334.0,171.0,461.0,480.0,433.0,145.0,0.0,0.0,39.0,0.0,0.0,0.0,69.0,0.0,0.0,75.0,0.0,0.0,0.0,532.0,461.0,0.0,0.0,0.0,433.0,0.0,0.0,539.0,46.0,0.0,0.0,0.0,0.0,199.0,0.0,594.0,0.0,22.0,55.0,474.0,131.0
2021-07-06 13:00:00+00:00,2.0,280.0,230.0,454.0,454.0,355.0,109.0,0.0,0.0,22.0,0.0,0.0,0.0,46.0,0.0,0.0,89.0,0.0,0.0,0.0,528.0,496.0,0.0,0.0,0.0,455.0,0.0,0.0,539.0,30.0,0.0,0.0,0.0,0.0,189.0,0.0,597.0,0.0,28.0,40.0,483.0,133.0
2021-07-06 14:00:00+00:00,4.0,252.0,182.0,451.0,444.0,323.0,86.0,0.0,0.0,16.0,0.0,0.0,0.0,39.0,0.0,0.0,88.0,0.0,0.0,0.0,526.0,498.0,0.0,0.0,0.0,466.0,0.0,0.0,537.0,50.0,0.0,0.0,0.0,0.0,179.0,19.0,616.0,1.0,0.0,42.0,480.0,133.0
2021-07-06 15:00:00+00:00,8.0,260.0,166.0,437.0,424.0,394.0,122.0,0.0,0.0,11.0,0.0,0.0,0.0,14.0,0.0,0.0,100.0,0.0,0.0,0.0,600.0,496.0,0.0,0.0,0.0,475.0,0.0,0.0,538.0,59.0,0.0,0.0,4.0,0.0,135.0,85.0,592.0,1.0,0.0,49.0,489.0,133.0
2021-07-06 16:00:00+00:00,81.0,437.0,149.0,406.0,375.0,370.0,123.0,0.0,0.0,0.0,0.0,0.0,0.0,0.0,0.0,0.0,120.0,0.0,0.0,0.0,603.0,525.0,0.0,0.0,0.0,402.0,0.0,7.0,538.0,38.0,0.0,0.0,88.0,0.0,158.0,91.0,560.0,1.0,0.0,3.0,478.0,133.0
2021-07-06 17:00:00+00:00,67.0,575.0,214.0,420.0,424.0,401.0,168.0,0.0,0.0,0.0,0.0,0.0,0.0,0.0,0.0,0.0,121.0,0.0,0.0,0.0,603.0,503.0,0.0,0.0,0.0,358.0,0.0,11.0,538.0,67.0,0.0,0.0,122.0,0.0,190.0,179.0,593.0,0.0,0.0,0.0,523.0,135.0
2021-07-06 18:00:00+00:00,50.0,556.0,210.0,430.0,442.0,384.0,158.0,0.0,0.0,0.0,0.0,0.0,0.0,0.0,0.0,0.0,126.0,0.0,0.0,0.0,603.0,487.0,0.0,0.0,0.0,320.0,0.0,0.0,538.0,92.0,0.0,0.0,134.0,0.0,188.0,212.0,617.0,0.0,0.0,25.0,490.0,134.0
2021-07-06 19:00:00+00:00,31.0,569.0,233.0,446.0,467.0,515.0,178.0,0.0,0.0,0.0,0.0,0.0,0.0,0.0,0.0,0.0,120.0,0.0,0.0,0.0,603.0,486.0,0.0,0.0,0.0,327.0,0.0,11.0,544.0,118.0,0.0,0.0,115.0,0.0,196.0,180.0,632.0,0.0,0.0,6.0,516.0,133.0
2021-07-06 20:00:00+00:00,0.0,573.0,190.0,451.0,491.0,621.0,271.0,0.0,0.0,46.0,0.0,0.0,0.0,0.0,0.0,0.0,107.0,0.0,0.0,0.0,603.0,465.0,0.0,0.0,0.0,365.0,0.0,5.0,548.0,99.0,0.0,0.0,79.0,0.0,186.0,235.0,641.0,0.0,0.0,11.0,605.0,103.0
2021-07-06 21:00:00+00:00,0.0,516.0,182.0,442.0,475.0,606.0,320.0,0.0,0.0,69.0,0.0,0.0,0.0,5.0,0.0,0.0,84.0,0.0,0.0,0.0,603.0,468.0,0.0,0.0,0.0,434.0,0.0,0.0,550.0,112.0,0.0,0.0,15.0,0.0,175.0,288.0,621.0,2.0,0.0,43.0,679.0,98.0
2021-07-06 22:00:00+00:00,0.0,543.0,194.0,425.0,486.0,580.0,290.0,0.0,0.0,134.0,0.0,0.0,0.0,0.0,0.0,0.0,53.0,0.0,0.0,0.0,603.0,403.0,0.0,0.0,0.0,458.0,0.0,5.0,551.0,127.0,0.0,0.0,54.0,0.0,206.0,237.0,593.0,2.0,0.0,3.0,563.0,99.0
2021-07-06 23:00:00+00:00,0.0,501.0,195.0,428.0,470.0,600.0,319.0,0.0,0.0,126.0,0.0,0.0,0.0,0.0,0.0,0.0,33.0,0.0,0.0,0.0,602.0,453.0,0.0,0.0,0.0,510.0,0.0,2.0,553.0,119.0,0.0,0.0,61.0,0.0,201.0,212.0,582.0,0.0,0.0,6.0,547.0,98.0
2021-07-07 00:00:00+00:00,0.0,509.0,209.0,422.0,454.0,605.0,296.0,0.0,0.0,121.0,0.0,0.0,0.0,0.0,0.0,0.0,85.0,0.0,0.0,0.0,603.0,483.0,0.0,0.0,0.0,505.0,0.0,25.0,554.0,134.0,0.0,0.0,74.0,0.0,205.0,151.0,582.0,2.0,0.0,2.0,518.0,97.0
2021-07-07 01:00:00+00:00,0.0,499.0,163.0,418.0,446.0,633.0,337.0,0.0,0.0,115.0,0.0,0.0,0.0,0.0,0.0,0.0,94.0,0.0,0.0,0.0,603.0,487.0,0.0,0.0,0.0,477.0,0.0,18.0,555.0,124.0,0.0,0.0,81.0,0.0,195.0,131.0,575.0,0.0,0.0,0.0,496.0,96.0
2021-07-07 02:00:00+00:00,0.0,528.0,139.0,418.0,459.0,597.0,314.0,0.0,0.0,143.0,0.0,0.0,0.0,0.0,0.0,0.0,90.0,0.0,0.0,0.0,603.0,450.0,0.0,0.0,0.0,455.0,0.0,52.0,554.0,124.0,0.0,0.0,85.0,0.0,208.0,128.0,567.0,2.0,0.0,0.0,510.0,97.0
2021-07-07 03:00:00+00:00,0.0,479.0,120.0,374.0,394.0,490.0,160.0,0.0,0.0,101.0,0.0,0.0,0.0,0.0,0.0,0.0,56.0,0.0,0.0,0.0,603.0,444.0,0.0,0.0,0.0,460.0,0.0,6.0,553.0,92.0,0.0,0.0,115.0,0.0,207.0,158.0,529.0,2.0,0.0,14.0,461.0,98.0
2021-07-07 04:00:00+00:00,0.0,690.0,44.0,302.0,365.0,209.0,0.0,0.0,0.0,96.0,0.0,0.0,0.0,0.0,0.0,0.0,49.0,0.0,0.0,0.0,603.0,265.0,0.0,0.0,0.0,429.0,0.0,38.0,548.0,0.0,25.0,0.0,206.0,0.0,272.0,112.0,474.0,15.0,0.0,0.0,468.0,97.0
2021-07-07 05:00:00+00:00,0.0,512.0,31.0,262.0,348.0,165.0,0.0,0.0,0.0,136.0,0.0,0.0,0.0,0.0,0.0,0.0,64.0,0.0,12.0,0.0,603.0,141.0,0.0,0.0,0.0,288.0,0.0,51.0,540.0,0.0,144.0,0.0,159.0,0.0,229.0,31.0,401.0,23.0,0.0,0.0,416.0,129.0
2021-07-07 06:00:00+00:00,0.0,405.0,52.0,281.0,352.0,187.0,0.0,0.0,0.0,91.0,0.0,0.0,0.0,0.0,0.0,0.0,77.0,0.0,29.0,0.0,603.0,159.0,0.0,0.0,0.0,197.0,0.0,13.0,539.0,0.0,142.0,0.0,65.0,0.0,170.0,10.0,434.0,9.0,1.0,4.0,381.0,127.0
2021-07-07 07:00:00+00:00,0.0,384.0,112.0,319.0,373.0,238.0,0.0,0.0,0.0,81.0,0.0,0.0,0.0,1.0,0.0,0.0,64.0,0.0,41.0,0.0,603.0,227.0,0.0,0.0,0.0,265.0,0.0,1.0,539.0,0.0,159.0,0.0,32.0,0.0,164.0,5.0,443.0,2.0,1.0,16.0,392.0,129.0
2021-07-07 08:00:00+00:00,1.0,272.0,130.0,358.0,365.0,229.0,0.0,0.0,0.0,30.0,0.0,0.0,0.0,29.0,0.0,0.0,52.0,0.0,44.0,0.0,602.0,353.0,0.0,0.0,0.0,359.0,0.0,0.0,539.0,0.0,153.0,0.0,2.0,0.0,124.0,6.0,516.0,2.0,1.0,78.0,380.0,132.0
2021-07-07 09:00:00+00:00,4.0,253.0,153.0,394.0,391.0,243.0,0.0,0.0,0.0,15.0,0.0,0.0,0.0,89.0,0.0,0.0,41.0,0.0,32.0,0.0,571.0,396.0,0.0,0.0,0.0,316.0,0.0,0.0,538.0,0.0,151.0,0.0,0.0,0.0,114.0,15.0,572.0,0.0,1.0,96.0,379.0,130.0
2021-07-07 10:00:00+00:00,66.0,290.0,217.0,386.0,338.0,256.0,0.0,0.0,0.0,0.0,0.0,0.0,0.0,123.0,0.0,0.0,33.0,0.0,23.0,0.0,325.0,439.0,0.0,0.0,0.0,241.0,0.0,0.0,536.0,0.0,96.0,0.0,0.0,0.0,60.0,66.0,541.0,0.0,0.0,155.0,373.0,131.0
2021-07-07 11:00:00+00:00,58.0,301.0,200.0,386.0,338.0,306.0,0.0,0.0,0.0,0.0,0.0,0.0,0.0,134.0,0.0,0.0,34.0,0.0,9.0,0.0,339.0,433.0,0.0,0.0,0.0,239.0,0.0,0.0,535.0,0.0,50.0,0.0,0.0,0.0,65.0,120.0,538.0,2.0,0.0,197.0,371.0,131.0
2021-07-07 12:00:00+00:00,19.0,305.0,146.0,377.0,346.0,309.0,0.0,0.0,0.0,2.0,0.0,0.0,0.0,101.0,0.0,0.0,46.0,0.0,0.0,0.0,414.0,378.0,0.0,0.0,0.0,240.0,0.0,0.0,535.0,3.0,36.0,0.0,0.0,0.0,68.0,175.0,549.0,0.0,0.0,230.0,366.0,130.0
2021-07-07 13:00:00+00:00,52.0,237.0,142.0,366.0,322.0,315.0,0.0,0.0,0.0,0.0,0.0,0.0,0.0,78.0,0.0,0.0,56.0,0.0,0.0,0.0,349.0,405.0,0.0,0.0,0.0,141.0,0.0,0.0,535.0,8.0,17.0,0.0,0.0,0.0,48.0,156.0,563.0,2.0,0.0,195.0,360.0,129.0
2021-07-07 14:00:00+00:00,40.0,284.0,112.0,382.0,419.0,431.0,158.0,0.0,0.0,0.0,0.0,0.0,0.0,48.0,0.0,0.0,70.0,0.0,0.0,0.0,371.0,350.0,0.0,0.0,0.0,0.0,0.0,0.0,535.0,73.0,0.0,26.0,3.0,0.0,92.0,159.0,560.0,2.0,0.0,134.0,394.0,130.0
2021-07-07 15:00:00+00:00,19.0,363.0,91.0,365.0,381.0,415.0,169.0,0.0,0.0,2.0,0.0,0.0,0.0,8.0,0.0,0.0,83.0,0.0,0.0,0.0,473.0,338.0,0.0,0.0,0.0,120.0,0.0,2.0,536.0,80.0,0.0,0.0,16.0,0.0,117.0,191.0,519.0,7.0,0.0,39.0,449.0,130.0
2021-07-07 16:00:00+00:00,67.0,485.0,61.0,350.0,359.0,487.0,243.0,0.0,0.0,0.0,0.0,0.0,0.0,0.0,0.0,0.0,102.0,0.0,0.0,0.0,340.0,372.0,0.0,0.0,0.0,47.0,0.0,1.0,537.0,72.0,0.0,0.0,72.0,0.0,124.0,231.0,508.0,14.0,0.0,28.0,457.0,129.0
2021-07-07 17:00:00+00:00,73.0,471.0,66.0,337.0,347.0,471.0,232.0,0.0,0.0,0.0,0.0,0.0,0.0,0.0,0.0,0.0,116.0,0.0,0.0,0.0,518.0,365.0,0.0,0.0,0.0,42.0,0.0,0.0,538.0,80.0,0.0,0.0,149.0,0.0,126.0,247.0,475.0,10.0,0.0,28.0,437.0,131.0
2021-07-07 18:00:00+00:00,85.0,402.0,48.0,326.0,308.0,450.0,209.0,0.0,0.0,0.0,0.0,0.0,0.0,0.0,0.0,0.0,118.0,0.0,0.0,0.0,590.0,372.0,0.0,0.0,0.0,0.0,0.0,0.0,538.0,95.0,0.0,16.0,120.0,0.0,76.0,329.0,471.0,11.0,0.0,117.0,395.0,130.0
2021-07-07 19:00:00+00:00,43.0,444.0,31.0,327.0,338.0,573.0,199.0,0.0,0.0,0.0,0.0,0.0,0.0,0.0,0.0,0.0,119.0,0.0,0.0,0.0,546.0,329.0,0.0,0.0,0.0,0.0,0.0,0.0,542.0,125.0,0.0,23.0,100.0,0.0,98.0,310.0,465.0,26.0,0.0,76.0,418.0,128.0
2021-07-07 20:00:00+00:00,18.0,325.0,39.0,330.0,324.0,572.0,246.0,0.0,0.0,5.0,0.0,0.0,0.0,1.0,0.0,0.0,105.0,0.0,0.0,0.0,573.0,359.0,0.0,0.0,0.0,57.0,0.0,0.0,545.0,90.0,0.0,0.0,37.0,0.0,69.0,349.0,479.0,34.0,0.0,132.0,436.0,101.0
2021-07-07 21:00:00+00:00,1.0,337.0,116.0,364.0,340.0,505.0,337.0,0.0,0.0,45.0,0.0,0.0,0.0,7.0,0.0,0.0,80.0,0.0,0.0,0.0,578.0,408.0,0.0,0.0,0.0,215.0,0.0,0.0,547.0,110.0,0.0,0.0,15.0,0.0,82.0,288.0,488.0,5.0,0.0,116.0,472.0,98.0
2021-07-07 22:00:00+00:00,0.0,242.0,72.0,366.0,398.0,466.0,339.0,0.0,0.0,192.0,0.0,0.0,0.0,34.0,0.0,0.0,54.0,0.0,0.0,0.0,602.0,297.0,0.0,0.0,0.0,305.0,0.0,0.0,549.0,123.0,0.0,0.0,2.0,0.0,86.0,227.0,511.0,10.0,0.0,110.0,536.0,128.0
2021-07-07 23:00:00+00:00,0.0,242.0,47.0,344.0,395.0,449.0,366.0,0.0,0.0,263.0,0.0,0.0,0.0,3.0,0.0,0.0,82.0,0.0,0.0,0.0,603.0,226.0,0.0,0.0,0.0,356.0,0.0,0.0,551.0,128.0,0.0,0.0,19.0,0.0,109.0,159.0,453.0,15.0,0.0,122.0,508.0,128.0
2021-07-08 00:00:00+00:00,0.0,439.0,25.0,322.0,438.0,389.0,370.0,0.0,0.0,337.0,0.0,0.0,0.0,0.0,0.0,0.0,100.0,0.0,0.0,0.0,603.0,106.0,0.0,0.0,0.0,377.0,0.0,0.0,553.0,132.0,0.0,0.0,101.0,0.0,180.0,61.0,426.0,27.0,0.0,20.0,513.0,132.0
2021-07-08 01:00:00+00:00,0.0,581.0,23.0,322.0,470.0,450.0,387.0,0.0,1.0,366.0,0.0,0.0,0.0,0.0,0.0,0.0,89.0,0.0,0.0,0.0,603.0,71.0,0.0,0.0,0.0,423.0,0.0,11.0,553.0,128.0,0.0,0.0,148.0,0.0,222.0,21.0,454.0,67.0,0.0,2.0,483.0,125.0
2021-07-08 02:00:00+00:00,0.0,538.0,34.0,324.0,481.0,459.0,366.0,0.0,4.0,393.0,0.0,0.0,0.0,0.0,0.0,0.0,78.0,0.0,0.0,0.0,603.0,42.0,0.0,0.0,0.0,344.0,0.0,20.0,553.0,128.0,0.0,0.0,138.0,0.0,216.0,36.0,423.0,35.0,0.0,0.0,521.0,132.0
2021-07-08 03:00:00+00:00,0.0,528.0,25.0,297.0,452.0,270.0,249.0,0.0,9.0,375.0,0.0,0.0,0.0,0.0,0.0,0.0,46.0,0.0,0.0,0.0,603.0,21.0,0.0,0.0,0.0,291.0,0.0,0.0,551.0,88.0,0.0,0.0,146.0,0.0,216.0,124.0,417.0,46.0,0.0,52.0,511.0,131.0
2021-07-08 04:00:00+00:00,0.0,653.0,23.0,227.0,391.0,216.0,280.0,0.0,95.0,336.0,0.0,0.0,0.0,0.0,0.0,0.0,20.0,0.0,0.0,0.0,601.0,0.0,0.0,0.0,0.0,429.0,0.0,93.0,547.0,67.0,0.0,0.0,298.0,0.0,292.0,0.0,300.0,66.0,22.0,0.0,516.0,132.0
2021-07-08 05:00:00+00:00,0.0,642.0,0.0,153.0,377.0,262.0,260.0,0.0,277.0,363.0,0.0,0.0,0.0,0.0,0.0,0.0,50.0,0.0,0.0,0.0,536.0,0.0,0.0,0.0,0.0,290.0,0.0,177.0,538.0,82.0,0.0,0.0,286.0,0.0,329.0,0.0,257.0,188.0,87.0,0.0,541.0,133.0
2021-07-08 06:00:00+00:00,0.0,559.0,0.0,164.0,396.0,255.0,261.0,0.0,328.0,382.0,0.0,0.0,0.0,0.0,0.0,0.0,62.0,0.0,0.0,0.0,601.0,0.0,0.0,0.0,0.0,228.0,0.0,136.0,538.0,89.0,0.0,0.0,171.0,0.0,328.0,0.0,281.0,204.0,78.0,0.0,542.0,132.0
2021-07-08 07:00:00+00:00,0.0,626.0,2.0,185.0,426.0,364.0,305.0,0.0,343.0,393.0,0.0,0.0,0.0,0.0,0.0,0.0,60.0,0.0,0.0,0.0,602.0,0.0,0.0,0.0,0.0,197.0,0.0,119.0,538.0,89.0,0.0,0.0,64.0,0.0,345.0,0.0,297.0,161.0,91.0,0.0,579.0,127.0
2021-07-08 08:00:00+00:00,0.0,443.0,7.0,246.0,426.0,403.0,336.0,0.0,168.0,341.0,0.0,0.0,0.0,30.0,0.0,0.0,46.0,0.0,0.0,0.0,593.0,0.0,0.0,0.0,0.0,195.0,0.0,1.0,535.0,79.0,0.0,0.0,1.0,0.0,266.0,8.0,394.0,63.0,6.0,19.0,555.0,133.0
2021-07-08 09:00:00+00:00,0.0,360.0,25.0,292.0,452.0,422.0,320.0,0.0,80.0,297.0,0.0,0.0,0.0,75.0,0.0,0.0,39.0,0.0,0.0,0.0,593.0,0.0,0.0,0.0,0.0,140.0,0.0,0.0,533.0,82.0,0.0,0.0,0.0,0.0,244.0,47.0,437.0,41.0,0.0,72.0,577.0,130.0
2021-07-08 10:00:00+00:00,0.0,256.0,42.0,318.0,443.0,432.0,323.0,0.0,4.0,228.0,0.0,0.0,0.0,110.0,0.0,0.0,39.0,0.0,0.0,0.0,588.0,30.0,0.0,0.0,0.0,139.0,0.0,0.0,531.0,84.0,0.0,0.0,0.0,0.0,215.0,49.0,450.0,22.0,0.0,112.0,540.0,132.0
2021-07-08 11:00:00+00:00,0.0,313.0,61.0,341.0,473.0,445.0,314.0,0.0,1.0,227.0,0.0,0.0,0.0,126.0,0.0,0.0,42.0,0.0,0.0,0.0,588.0,47.0,0.0,0.0,0.0,102.0,0.0,0.0,530.0,73.0,0.0,0.0,0.0,0.0,205.0,19.0,451.0,12.0,2.0,112.0,503.0,131.0
2021-07-08 12:00:00+00:00,0.0,323.0,26.0,290.0,410.0,465.0,338.0,0.0,9.0,234.0,0.0,0.0,0.0,143.0,0.0,0.0,50.0,0.0,0.0,0.0,593.0,14.0,0.0,0.0,0.0,99.0,0.0,0.0,531.0,67.0,0.0,0.0,0.0,0.0,194.0,88.0,434.0,27.0,0.0,158.0,489.0,130.0
2021-07-08 13:00:00+00:00,0.0,312.0,28.0,280.0,392.0,446.0,332.0,0.0,1.0,214.0,0.0,0.0,0.0,52.0,0.0,0.0,62.0,0.0,0.0,0.0,593.0,34.0,0.0,0.0,0.0,148.0,0.0,0.0,527.0,73.0,0.0,0.0,0.0,0.0,163.0,87.0,424.0,26.0,0.0,99.0,503.0,130.0
2021-07-08 14:00:00+00:00,0.0,298.0,22.0,289.0,393.0,436.0,332.0,0.0,0.0,181.0,0.0,0.0,0.0,6.0,0.0,0.0,79.0,0.0,0.0,0.0,590.0,55.0,0.0,0.0,0.0,116.0,0.0,0.0,535.0,91.0,0.0,0.0,12.0,0.0,155.0,156.0,445.0,34.0,0.0,89.0,533.0,133.0
2021-07-08 15:00:00+00:00,0.0,495.0,42.0,277.0,408.0,416.0,339.0,0.0,2.0,178.0,0.0,0.0,0.0,0.0,0.0,0.0,98.0,0.0,0.0,0.0,478.0,29.0,0.0,0.0,0.0,140.0,0.0,17.0,538.0,90.0,0.0,0.0,90.0,0.0,209.0,135.0,378.0,24.0,0.0,1.0,551.0,127.0
2021-07-08 16:00:00+00:00,0.0,882.0,14.0,266.0,389.0,408.0,367.0,0.0,0.0,69.0,0.0,0.0,0.0,0.0,0.0,0.0,115.0,0.0,0.0,0.0,303.0,90.0,0.0,0.0,0.0,28.0,0.0,67.0,539.0,82.0,0.0,0.0,0.0,0.0,310.0,151.0,378.0,42.0,0.0,0.0,556.0,130.0
2021-07-08 17:00:00+00:00,14.0,966.0,19.0,252.0,353.0,384.0,351.0,0.0,0.0,7.0,0.0,0.0,0.0,0.0,0.0,0.0,119.0,0.0,0.0,0.0,229.0,116.0,0.0,0.0,0.0,27.0,0.0,58.0,538.0,94.0,0.0,0.0,0.0,0.0,348.0,173.0,300.0,43.0,0.0,0.0,550.0,129.0
2021-07-08 18:00:00+00:00,4.0,835.0,4.0,254.0,346.0,327.0,296.0,0.0,0.0,14.0,0.0,0.0,0.0,0.0,0.0,0.0,121.0,0.0,0.0,0.0,384.0,102.0,0.0,0.0,0.0,34.0,0.0,16.0,538.0,100.0,0.0,0.0,0.0,0.0,318.0,183.0,323.0,85.0,0.0,0.0,494.0,131.0
2021-07-08 19:00:00+00:00,0.0,612.0,3.0,250.0,372.0,290.0,251.0,0.0,0.0,74.0,0.0,0.0,0.0,0.0,0.0,0.0,126.0,0.0,0.0,0.0,525.0,49.0,0.0,0.0,0.0,21.0,0.0,31.0,545.0,86.0,0.0,0.0,0.0,0.0,302.0,156.0,328.0,92.0,0.0,0.0,490.0,132.0
2021-07-08 20:00:00+00:00,0.0,427.0,5.0,271.0,382.0,404.0,270.0,0.0,0.0,150.0,0.0,0.0,0.0,0.0,0.0,0.0,105.0,0.0,0.0,0.0,596.0,83.0,0.0,0.0,0.0,69.0,0.0,0.0,551.0,73.0,0.0,0.0,0.0,0.0,216.0,203.0,347.0,88.0,0.0,51.0,503.0,130.0
2021-07-08 21:00:00+00:00,0.0,316.0,35.0,302.0,365.0,455.0,309.0,0.0,0.0,176.0,0.0,0.0,0.0,0.0,0.0,0.0,78.0,0.0,0.0,0.0,603.0,167.0,0.0,0.0,0.0,281.0,0.0,0.0,553.0,68.0,0.0,0.0,0.0,0.0,167.0,222.0,357.0,34.0,0.0,80.0,546.0,130.0
2021-07-08 22:00:00+00:00,0.0,372.0,26.0,323.0,400.0,513.0,415.0,0.0,0.0,227.0,0.0,0.0,0.0,0.0,0.0,0.0,66.0,0.0,0.0,0.0,603.0,181.0,0.0,0.0,0.0,363.0,0.0,0.0,554.0,108.0,0.0,0.0,0.0,0.0,157.0,233.0,401.0,36.0,0.0,38.0,458.0,132.0
2021-07-08 23:00:00+00:00,0.0,348.0,13.0,331.0,409.0,472.0,418.0,0.0,0.0,277.0,0.0,0.0,0.0,0.0,0.0,0.0,42.0,0.0,0.0,0.0,603.0,160.0,0.0,0.0,0.0,364.0,0.0,0.0,553.0,122.0,0.0,0.0,0.0,0.0,146.0,263.0,401.0,62.0,0.0,68.0,364.0,132.0
2021-07-09 00:00:00+00:00,0.0,444.0,9.0,302.0,405.0,442.0,420.0,0.0,0.0,302.0,0.0,0.0,0.0,0.0,0.0,0.0,66.0,0.0,0.0,0.0,603.0,93.0,0.0,0.0,0.0,380.0,0.0,9.0,555.0,126.0,0.0,0.0,0.0,0.0,213.0,166.0,376.0,67.0,0.0,5.0,337.0,132.0
2021-07-09 01:00:00+00:00,0.0,578.0,3.0,285.0,427.0,501.0,340.0,0.0,3.0,362.0,0.0,0.0,0.0,0.0,0.0,0.0,128.0,0.0,0.0,0.0,603.0,25.0,0.0,0.0,0.0,364.0,0.0,83.0,555.0,118.0,0.0,0.0,0.0,0.0,255.0,73.0,358.0,83.0,0.0,0.0,326.0,131.0
2021-07-09 02:00:00+00:00,0.0,637.0,2.0,274.0,441.0,449.0,287.0,0.0,39.0,405.0,0.0,0.0,0.0,0.0,0.0,0.0,124.0,0.0,0.0,0.0,603.0,2.0,0.0,0.0,0.0,336.0,0.0,120.0,554.0,102.0,0.0,0.0,0.0,0.0,300.0,70.0,333.0,130.0,0.0,0.0,331.0,128.0
2021-07-09 03:00:00+00:00,0.0,616.0,0.0,214.0,382.0,231.0,243.0,0.0,105.0,401.0,0.0,0.0,0.0,0.0,0.0,0.0,130.0,0.0,0.0,0.0,603.0,0.0,0.0,0.0,0.0,266.0,0.0,68.0,554.0,54.0,0.0,0.0,0.0,0.0,293.0,115.0,245.0,168.0,0.0,0.0,309.0,131.0
2021-07-09 04:00:00+00:00,0.0,894.0,0.0,180.0,398.0,88.0,120.0,0.0,217.0,418.0,0.0,0.0,0.0,0.0,0.0,0.0,116.0,0.0,0.0,0.0,603.0,0.0,0.0,0.0,0.0,290.0,0.0,224.0,546.0,36.0,0.0,0.0,0.0,0.0,417.0,20.0,244.0,185.0,0.0,0.0,373.0,131.0
2021-07-09 05:00:00+00:00,0.0,650.0,0.0,127.0,334.0,60.0,0.0,0.0,304.0,424.0,0.0,0.0,0.0,0.0,0.0,0.0,96.0,0.0,0.0,0.0,600.0,0.0,0.0,0.0,0.0,161.0,0.0,133.0,539.0,52.0,3.0,0.0,0.0,0.0,395.0,74.0,154.0,243.0,0.0,0.0,333.0,132.0
2021-07-09 06:00:00+00:00,0.0,585.0,0.0,147.0,347.0,151.0,0.0,0.0,300.0,414.0,0.0,0.0,0.0,0.0,0.0,0.0,79.0,0.0,0.0,0.0,529.0,0.0,0.0,0.0,0.0,106.0,0.0,74.0,538.0,49.0,37.0,0.0,0.0,0.0,341.0,81.0,198.0,229.0,0.0,0.0,318.0,131.0
2021-07-09 07:00:00+00:00,0.0,399.0,0.0,179.0,362.0,127.0,0.0,0.0,233.0,402.0,0.0,0.0,0.0,0.0,0.0,0.0,69.0,0.0,0.0,0.0,599.0,0.0,0.0,0.0,0.0,115.0,0.0,30.0,539.0,28.0,2.0,0.0,0.0,0.0,264.0,67.0,223.0,177.0,0.0,0.0,322.0,131.0
2021-07-09 08:00:00+00:00,0.0,339.0,0.0,208.0,357.0,130.0,20.0,0.0,135.0,345.0,0.0,0.0,0.0,0.0,0.0,0.0,56.0,0.0,0.0,0.0,536.0,0.0,0.0,0.0,0.0,150.0,0.0,0.0,539.0,37.0,0.0,0.0,0.0,0.0,225.0,53.0,293.0,129.0,0.0,37.0,272.0,132.0
2021-07-09 09:00:00+00:00,0.0,313.0,14.0,240.0,369.0,126.0,56.0,0.0,72.0,292.0,0.0,0.0,0.0,0.0,0.0,0.0,46.0,0.0,0.0,0.0,393.0,3.0,0.0,0.0,0.0,76.0,0.0,0.0,538.0,48.0,0.0,0.0,0.0,0.0,149.0,42.0,334.0,94.0,0.0,43.0,279.0,132.0
2021-07-09 10:00:00+00:00,0.0,47.0,27.0,273.0,365.0,145.0,102.0,0.0,4.0,247.0,0.0,0.0,11.0,0.0,0.0,0.0,47.0,0.0,0.0,0.0,448.0,32.0,0.0,0.0,0.0,26.0,0.0,0.0,539.0,69.0,0.0,0.0,0.0,0.0,0.0,93.0,376.0,39.0,0.0,114.0,263.0,130.0
2021-07-09 11:00:00+00:00,0.0,74.0,26.0,292.0,378.0,218.0,144.0,0.0,0.0,225.0,0.0,0.0,0.0,0.0,0.0,0.0,57.0,0.0,0.0,0.0,363.0,60.0,0.0,0.0,0.0,57.0,0.0,0.0,539.0,90.0,0.0,0.0,0.0,0.0,10.0,109.0,407.0,26.0,0.0,123.0,250.0,131.0
2021-07-09 12:00:00+00:00,0.0,0.0,22.0,291.0,350.0,119.0,75.0,0.0,1.0,215.0,0.0,48.0,30.0,0.0,0.0,0.0,92.0,0.0,0.0,0.0,477.0,52.0,0.0,0.0,0.0,70.0,0.0,0.0,539.0,70.0,0.0,0.0,0.0,0.0,0.0,110.0,383.0,42.0,0.0,142.0,193.0,129.0
2021-07-09 13:00:00+00:00,0.0,0.0,41.0,312.0,373.0,122.0,51.0,0.0,0.0,218.0,0.0,26.0,0.0,23.0,0.0,0.0,83.0,0.0,0.0,0.0,559.0,106.0,0.0,0.0,0.0,81.0,0.0,0.0,537.0,69.0,0.0,0.0,0.0,0.0,2.0,70.0,418.0,24.0,0.0,87.0,188.0,129.0
2021-07-09 14:00:00+00:00,0.0,68.0,21.0,310.0,412.0,146.0,24.0,0.0,2.0,219.0,0.0,0.0,0.0,68.0,0.0,0.0,77.0,0.0,0.0,0.0,601.0,44.0,0.0,0.0,0.0,7.0,0.0,0.0,537.0,63.0,0.0,0.0,0.0,0.0,30.0,83.0,417.0,42.0,0.0,65.0,169.0,129.0
2021-07-09 15:00:00+00:00,0.0,456.0,9.0,272.0,406.0,76.0,0.0,0.0,7.0,185.0,0.0,0.0,0.0,0.0,0.0,0.0,93.0,0.0,0.0,0.0,579.0,15.0,0.0,0.0,0.0,104.0,0.0,70.0,538.0,48.0,10.0,0.0,71.0,0.0,151.0,32.0,363.0,58.0,0.0,0.0,184.0,129.0
2021-07-09 16:00:00+00:00,0.0,551.0,13.0,278.0,410.0,134.0,88.0,0.0,10.0,179.0,0.0,0.0,0.0,0.0,0.0,0.0,117.0,0.0,0.0,0.0,571.0,20.0,0.0,0.0,0.0,116.0,0.0,56.0,538.0,63.0,0.0,0.0,126.0,0.0,170.0,118.0,361.0,60.0,0.0,0.0,203.0,128.0
2021-07-09 17:00:00+00:00,0.0,661.0,6.0,246.0,390.0,158.0,165.0,0.0,22.0,158.0,0.0,0.0,0.0,0.0,0.0,0.0,121.0,0.0,0.0,0.0,524.0,3.0,0.0,0.0,0.0,27.0,0.0,74.0,538.0,80.0,0.0,0.0,175.0,0.0,180.0,130.0,328.0,72.0,0.0,0.0,204.0,129.0
2021-07-09 18:00:00+00:00,0.0,596.0,5.0,258.0,381.0,233.0,328.0,0.0,2.0,130.0,0.0,0.0,0.0,0.0,0.0,0.0,126.0,0.0,0.0,0.0,509.0,29.0,0.0,0.0,0.0,0.0,0.0,18.0,539.0,99.0,0.0,49.0,142.0,0.0,155.0,189.0,364.0,72.0,0.0,2.0,198.0,129.0
2021-07-09 19:00:00+00:00,0.0,630.0,6.0,252.0,398.0,204.0,336.0,0.0,21.0,165.0,0.0,0.0,0.0,0.0,0.0,0.0,124.0,0.0,0.0,0.0,507.0,7.0,0.0,0.0,0.0,46.0,0.0,0.0,545.0,89.0,0.0,0.0,190.0,0.0,183.0,222.0,344.0,90.0,0.0,20.0,198.0,128.0
2021-07-09 20:00:00+00:00,0.0,500.0,11.0,294.0,422.0,362.0,291.0,0.0,2.0,219.0,0.0,0.0,0.0,0.0,0.0,0.0,109.0,0.0,0.0,0.0,535.0,33.0,0.0,0.0,0.0,34.0,0.0,0.0,549.0,101.0,0.0,0.0,107.0,0.0,131.0,284.0,391.0,54.0,0.0,69.0,244.0,129.0
2021-07-09 21:00:00+00:00,0.0,244.0,6.0,286.0,342.0,355.0,307.0,0.0,0.0,196.0,0.0,0.0,0.0,48.0,0.0,0.0,89.0,0.0,0.0,0.0,526.0,115.0,0.0,0.0,0.0,44.0,0.0,0.0,551.0,89.0,0.0,0.0,1.0,0.0,40.0,393.0,345.0,71.0,0.0,163.0,328.0,130.0
2021-07-09 22:00:00+00:00,0.0,0.0,66.0,354.0,315.0,477.0,332.0,0.0,0.0,130.0,0.0,68.0,47.0,157.0,0.0,0.0,55.0,0.0,0.0,0.0,600.0,366.0,0.0,0.0,0.0,191.0,0.0,0.0,554.0,141.0,0.0,0.0,0.0,0.0,0.0,405.0,461.0,11.0,0.0,260.0,387.0,130.0
2021-07-09 23:00:00+00:00,0.0,0.0,59.0,362.0,312.0,468.0,377.0,0.0,0.0,153.0,0.0,134.0,58.0,143.0,0.0,0.0,108.0,0.0,0.0,0.0,602.0,418.0,0.0,0.0,0.0,205.0,0.0,0.0,555.0,143.0,0.0,0.0,0.0,0.0,0.0,384.0,474.0,11.0,0.0,294.0,357.0,131.0
2021-07-10 00:00:00+00:00,0.0,0.0,86.0,378.0,341.0,474.0,323.0,0.0,0.0,151.0,0.0,80.0,21.0,92.0,0.0,0.0,67.0,0.0,0.0,0.0,603.0,423.0,0.0,0.0,0.0,185.0,0.0,0.0,555.0,147.0,0.0,0.0,0.0,0.0,0.0,253.0,535.0,28.0,0.0,180.0,349.0,130.0
2021-07-10 01:00:00+00:00,0.0,5.0,80.0,369.0,352.0,397.0,348.0,0.0,0.0,160.0,0.0,0.0,0.0,37.0,0.0,0.0,87.0,0.0,0.0,0.0,603.0,405.0,0.0,0.0,0.0,221.0,0.0,0.0,555.0,133.0,0.0,0.0,0.0,0.0,18.0,193.0,509.0,6.0,0.0,126.0,338.0,128.0
2021-07-10 02:00:00+00:00,0.0,79.0,99.0,377.0,382.0,294.0,313.0,0.0,0.0,184.0,0.0,0.0,0.0,19.0,0.0,0.0,81.0,0.0,0.0,0.0,603.0,375.0,0.0,0.0,0.0,241.0,0.0,0.0,555.0,118.0,0.0,0.0,3.0,0.0,52.0,210.0,517.0,3.0,0.0,97.0,376.0,129.0
2021-07-10 03:00:00+00:00,0.0,98.0,113.0,356.0,371.0,309.0,313.0,0.0,0.0,204.0,0.0,0.0,0.0,19.0,0.0,0.0,76.0,0.0,0.0,0.0,603.0,351.0,0.0,0.0,0.0,230.0,0.0,0.0,554.0,104.0,0.0,0.0,6.0,0.0,56.0,223.0,481.0,6.0,0.0,99.0,372.0,129.0
2021-07-10 04:00:00+00:00,0.0,163.0,42.0,299.0,343.0,223.0,305.0,0.0,0.0,236.0,0.0,0.0,0.0,1.0,0.0,0.0,42.0,0.0,0.0,0.0,603.0,215.0,0.0,0.0,0.0,301.0,0.0,0.0,546.0,105.0,0.0,0.0,67.0,0.0,117.0,141.0,439.0,23.0,0.0,98.0,341.0,132.0
2021-07-10 05:00:00+00:00,0.0,88.0,24.0,260.0,314.0,157.0,183.0,0.0,0.0,255.0,0.0,0.0,0.0,19.0,0.0,0.0,66.0,0.0,0.0,0.0,603.0,101.0,0.0,0.0,0.0,271.0,0.0,0.0,538.0,101.0,0.0,0.0,6.0,0.0,70.0,170.0,369.0,37.0,0.0,207.0,300.0,132.0
2021-07-10 06:00:00+00:00,0.0,94.0,10.0,270.0,357.0,173.0,237.0,0.0,6.0,321.0,0.0,0.0,0.0,45.0,0.0,0.0,87.0,0.0,0.0,0.0,603.0,28.0,0.0,0.0,0.0,230.0,0.0,0.0,538.0,88.0,0.0,0.0,1.0,0.0,64.0,105.0,382.0,50.0,0.0,250.0,248.0,125.0
2021-07-10 07:00:00+00:00,0.0,63.0,34.0,314.0,394.0,90.0,297.0,0.0,1.0,313.0,0.0,0.0,0.0,93.0,0.0,0.0,80.0,0.0,0.0,0.0,603.0,83.0,0.0,0.0,0.0,185.0,0.0,0.0,537.0,58.0,0.0,0.0,0.0,0.0,45.0,71.0,425.0,25.0,0.0,286.0,221.0,126.0
2021-07-10 08:00:00+00:00,0.0,0.0,36.0,319.0,370.0,70.0,286.0,0.0,0.0,274.0,0.0,55.0,15.0,178.0,0.0,0.0,70.0,0.0,0.0,0.0,602.0,130.0,0.0,0.0,0.0,98.0,0.0,0.0,536.0,67.0,0.0,0.0,0.0,0.0,0.0,40.0,437.0,18.0,0.0,305.0,178.0,129.0
2021-07-10 09:00:00+00:00,0.0,0.0,73.0,343.0,314.0,79.0,273.0,0.0,0.0,176.0,0.0,310.0,121.0,306.0,0.0,0.0,67.0,0.0,0.0,0.0,583.0,289.0,0.0,0.0,0.0,0.0,0.0,0.0,535.0,56.0,0.0,32.0,0.0,0.0,0.0,98.0,478.0,6.0,0.0,396.0,140.0,128.0
2021-07-10 10:00:00+00:00,0.0,0.0,106.0,356.0,301.0,48.0,250.0,0.0,0.0,125.0,0.0,351.0,149.0,359.0,0.0,0.0,85.0,0.0,0.0,0.0,562.0,395.0,0.0,0.0,0.0,0.0,0.0,0.0,533.0,55.0,0.0,51.0,0.0,0.0,0.0,120.0,505.0,2.0,0.0,410.0,146.0,129.0
2021-07-10 11:00:00+00:00,0.0,0.0,111.0,371.0,301.0,60.0,259.0,0.0,0.0,129.0,0.0,339.0,156.0,374.0,0.0,0.0,86.0,0.0,0.0,0.0,556.0,415.0,0.0,0.0,0.0,0.0,0.0,0.0,532.0,41.0,0.0,18.0,0.0,0.0,0.0,125.0,514.0,3.0,0.0,401.0,159.0,128.0
2021-07-10 12:00:00+00:00,0.0,0.0,86.0,371.0,316.0,39.0,235.0,0.0,0.0,142.0,0.0,268.0,133.0,331.0,0.0,0.0,91.0,0.0,0.0,0.0,561.0,397.0,0.0,0.0,0.0,35.0,0.0,0.0,531.0,34.0,0.0,0.0,0.0,0.0,0.0,99.0,520.0,6.0,0.0,353.0,167.0,127.0
2021-07-10 13:00:00+00:00,0.0,0.0,60.0,342.0,274.0,18.0,237.0,0.0,0.0,125.0,0.0,308.0,149.0,315.0,0.0,0.0,103.0,0.0,0.0,0.0,562.0,406.0,0.0,0.0,0.0,1.0,0.0,0.0,535.0,37.0,0.0,0.0,0.0,0.0,0.0,128.0,474.0,10.0,0.0,376.0,184.0,129.0
2021-07-10 14:00:00+00:00,0.0,0.0,50.0,317.0,268.0,0.0,209.0,0.0,0.0,126.0,0.0,239.0,139.0,251.0,0.0,0.0,127.0,26.0,0.0,0.0,582.0,367.0,0.0,0.0,0.0,0.0,0.0,0.0,533.0,51.0,0.0,40.0,0.0,0.0,0.0,153.0,447.0,14.0,0.0,369.0,210.0,126.0
2021-07-10 15:00:00+00:00,0.0,0.0,34.0,302.0,252.0,0.0,166.0,0.0,0.0,124.0,0.0,214.0,125.0,222.0,0.0,0.0,96.0,59.0,0.0,0.0,602.0,346.0,0.0,0.0,0.0,0.0,0.0,0.0,534.0,51.0,0.0,23.0,0.0,0.0,0.0,260.0,391.0,23.0,0.0,385.0,257.0,129.0
2021-07-10 16:00:00+00:00,0.0,0.0,31.0,307.0,275.0,0.0,141.0,0.0,0.0,64.0,0.0,0.0,28.0,127.0,0.0,0.0,69.0,43.0,0.0,0.0,603.0,352.0,0.0,0.0,0.0,102.0,0.0,0.0,534.0,40.0,0.0,0.0,0.0,0.0,0.0,298.0,409.0,26.0,0.0,275.0,350.0,129.0
2021-07-10 17:00:00+00:00,0.0,198.0,7.0,242.0,240.0,147.0,185.0,0.0,0.0,50.0,0.0,0.0,10.0,40.0,0.0,0.0,76.0,0.0,0.0,0.0,603.0,220.0,0.0,0.0,0.0,0.0,0.0,0.0,535.0,98.0,0.0,55.0,1.0,0.0,0.0,400.0,329.0,69.0,0.0,314.0,396.0,129.0
2021-07-10 18:00:00+00:00,0.0,145.0,3.0,251.0,250.0,134.0,190.0,0.0,0.0,38.0,0.0,0.0,5.0,29.0,0.0,0.0,76.0,0.0,0.0,0.0,603.0,220.0,0.0,0.0,0.0,0.0,0.0,0.0,537.0,104.0,0.0,86.0,1.0,0.0,0.0,406.0,341.0,104.0,0.0,300.0,408.0,129.0
2021-07-10 19:00:00+00:00,1.0,130.0,3.0,240.0,249.0,49.0,275.0,0.0,0.0,43.0,0.0,0.0,13.0,26.0,0.0,0.0,65.0,0.0,0.0,0.0,603.0,227.0,0.0,0.0,0.0,0.0,0.0,0.0,542.0,79.0,0.0,165.0,3.0,0.0,0.0,417.0,336.0,83.0,0.0,310.0,401.0,128.0
2021-07-10 20:00:00+00:00,1.0,0.0,5.0,256.0,254.0,179.0,167.0,0.0,0.0,35.0,0.0,14.0,4.0,30.0,0.0,0.0,63.0,0.0,0.0,0.0,603.0,269.0,0.0,0.0,0.0,0.0,0.0,0.0,543.0,106.0,0.0,15.0,1.0,0.0,0.0,406.0,331.0,86.0,0.0,328.0,420.0,128.0
2021-07-10 21:00:00+00:00,0.0,0.0,11.0,254.0,234.0,202.0,233.0,0.0,0.0,82.0,0.0,33.0,4.0,72.0,0.0,0.0,50.0,0.0,0.0,0.0,603.0,269.0,0.0,0.0,0.0,155.0,0.0,0.0,546.0,101.0,0.0,0.0,0.0,0.0,0.0,357.0,323.0,63.0,0.0,284.0,480.0,128.0
2021-07-10 22:00:00+00:00,0.0,0.0,24.0,310.0,281.0,369.0,241.0,0.0,0.0,77.0,0.0,16.0,0.0,122.0,0.0,0.0,39.0,0.0,0.0,0.0,603.0,397.0,0.0,0.0,0.0,251.0,0.0,0.0,548.0,142.0,0.0,0.0,0.0,0.0,1.0,323.0,410.0,35.0,0.0,208.0,523.0,128.0
2021-07-10 23:00:00+00:00,0.0,0.0,51.0,351.0,299.0,421.0,268.0,0.0,0.0,88.0,0.0,92.0,14.0,138.0,0.0,0.0,22.0,0.0,0.0,0.0,603.0,469.0,0.0,0.0,0.0,262.0,0.0,0.0,548.0,152.0,0.0,0.0,0.0,0.0,0.0,294.0,457.0,14.0,0.0,237.0,487.0,128.0
2021-07-11 00:00:00+00:00,0.0,0.0,117.0,368.0,340.0,397.0,300.0,0.0,0.0,127.0,0.0,22.0,0.0,121.0,0.0,0.0,9.0,0.0,0.0,0.0,603.0,428.0,0.0,0.0,0.0,290.0,0.0,0.0,550.0,148.0,0.0,0.0,0.0,0.0,8.0,253.0,455.0,6.0,0.0,203.0,479.0,128.0
2021-07-11 01:00:00+00:00,0.0,69.0,63.0,379.0,370.0,397.0,314.0,0.0,0.0,146.0,0.0,0.0,0.0,80.0,0.0,0.0,0.0,0.0,0.0,0.0,603.0,426.0,0.0,0.0,0.0,309.0,0.0,0.0,553.0,142.0,0.0,0.0,0.0,0.0,52.0,215.0,504.0,10.0,0.0,158.0,490.0,128.0
2021-07-11 02:00:00+00:00,0.0,171.0,70.0,385.0,402.0,339.0,305.0,0.0,0.0,175.0,0.0,0.0,0.0,46.0,0.0,0.0,0.0,0.0,0.0,0.0,603.0,414.0,0.0,1.0,0.0,361.0,0.0,0.0,553.0,126.0,0.0,0.0,0.0,0.0,95.0,168.0,493.0,8.0,0.0,92.0,508.0,128.0
2021-07-11 03:00:00+00:00,0.0,296.0,80.0,379.0,406.0,252.0,258.0,0.0,0.0,194.0,0.0,0.0,0.0,8.0,0.0,0.0,0.0,0.0,0.0,0.0,603.0,394.0,0.0,8.0,0.0,498.0,0.0,0.0,548.0,106.0,0.0,0.0,10.0,0.0,143.0,112.0,457.0,7.0,0.0,23.0,518.0,129.0
2021-07-11 04:00:00+00:00,0.0,280.0,15.0,326.0,360.0,160.0,206.0,0.0,0.0,182.0,0.0,0.0,0.0,9.0,0.0,0.0,9.0,0.0,0.0,0.0,603.0,304.0,0.0,0.0,0.0,419.0,0.0,0.0,543.0,95.0,0.0,0.0,19.0,0.0,140.0,132.0,403.0,47.0,0.0,72.0,493.0,126.0
2021-07-11 05:00:00+00:00,0.0,171.0,2.0,255.0,318.0,108.0,193.0,0.0,0.0,257.0,0.0,0.0,0.0,91.0,0.0,0.0,0.0,0.0,0.0,0.0,603.0,131.0,0.0,18.0,0.0,377.0,0.0,0.0,538.0,99.0,0.0,0.0,1.0,0.0,84.0,115.0,292.0,125.0,0.0,128.0,426.0,121.0
2021-07-11 06:00:00+00:00,0.0,138.0,0.0,260.0,367.0,31.0,176.0,0.0,6.0,342.0,0.0,0.0,0.0,104.0,0.0,0.0,63.0,0.0,0.0,0.0,603.0,20.0,0.0,0.0,0.0,261.0,0.0,0.0,535.0,86.0,0.0,0.0,0.0,0.0,87.0,77.0,306.0,143.0,0.0,191.0,350.0,120.0
2021-07-11 07:00:00+00:00,0.0,48.0,0.0,267.0,392.0,90.0,142.0,0.0,18.0,356.0,0.0,0.0,0.0,153.0,0.0,0.0,73.0,0.0,0.0,0.0,603.0,5.0,0.0,0.0,0.0,336.0,0.0,0.0,532.0,68.0,0.0,0.0,0.0,0.0,59.0,76.0,281.0,133.0,0.0,232.0,360.0,122.0
2021-07-11 08:00:00+00:00,0.0,0.0,4.0,303.0,399.0,51.0,162.0,0.0,1.0,363.0,0.0,75.0,0.0,246.0,0.0,0.0,63.0,0.0,0.0,0.0,599.0,53.0,0.0,0.0,0.0,410.0,0.0,0.0,529.0,82.0,0.0,0.0,0.0,0.0,25.0,172.0,331.0,72.0,0.0,326.0,413.0,122.0
2021-07-11 09:00:00+00:00,0.0,0.0,19.0,356.0,409.0,63.0,118.0,0.0,0.0,304.0,0.0,219.0,4.0,327.0,0.0,0.0,59.0,0.0,0.0,0.0,461.0,188.0,0.0,0.0,0.0,427.0,0.0,0.0,527.0,81.0,0.0,0.0,0.0,0.0,0.0,222.0,413.0,33.0,0.0,354.0,451.0,123.0
2021-07-11 10:00:00+00:00,0.0,0.0,26.0,356.0,354.0,86.0,163.0,0.0,0.0,214.0,0.0,209.0,53.0,362.0,0.0,0.0,55.0,0.0,0.0,0.0,281.0,288.0,0.0,0.0,0.0,334.0,0.0,0.0,528.0,92.0,0.0,0.0,0.0,0.0,0.0,208.0,424.0,28.0,0.0,368.0,426.0,124.0
2021-07-11 11:00:00+00:00,0.0,0.0,49.0,366.0,336.0,87.0,176.0,0.0,0.0,157.0,0.0,351.0,105.0,380.0,0.0,0.0,54.0,0.0,0.0,0.0,264.0,358.0,0.0,0.0,0.0,385.0,0.0,0.0,434.0,88.0,0.0,0.0,0.0,0.0,0.0,106.0,446.0,18.0,0.0,287.0,412.0,125.0
2021-07-11 12:00:00+00:00,0.0,0.0,46.0,355.0,289.0,65.0,138.0,0.0,0.0,102.0,0.0,421.0,131.0,364.0,0.0,0.0,59.0,0.0,0.0,0.0,236.0,401.0,0.0,0.0,0.0,461.0,0.0,0.0,159.0,88.0,0.0,0.0,0.0,0.0,0.0,112.0,450.0,16.0,0.0,293.0,379.0,123.0
2021-07-11 13:00:00+00:00,0.0,0.0,40.0,334.0,254.0,36.0,123.0,0.0,0.0,112.0,0.0,473.0,139.0,348.0,0.0,0.0,72.0,0.0,0.0,0.0,301.0,403.0,0.0,0.0,0.0,413.0,0.0,0.0,156.0,86.0,0.0,0.0,0.0,0.0,0.0,125.0,443.0,18.0,0.0,291.0,359.0,122.0
2021-07-11 14:00:00+00:00,0.0,0.0,84.0,357.0,270.0,46.0,142.0,0.0,0.0,104.0,0.0,564.0,159.0,359.0,0.0,0.0,95.0,0.0,0.0,0.0,421.0,439.0,0.0,0.0,0.0,279.0,0.0,0.0,180.0,88.0,0.0,0.0,0.0,0.0,0.0,264.0,474.0,6.0,0.0,367.0,377.0,121.0
2021-07-11 15:00:00+00:00,0.0,0.0,28.0,293.0,204.0,74.0,157.0,0.0,0.0,64.0,0.0,159.0,53.0,183.0,0.0,0.0,125.0,0.0,0.0,0.0,456.0,372.0,0.0,0.0,0.0,121.0,0.0,0.0,236.0,87.0,0.0,0.0,0.0,0.0,0.0,199.0,405.0,22.0,0.0,274.0,361.0,124.0
2021-07-11 16:00:00+00:00,0.0,0.0,11.0,263.0,214.0,38.0,141.0,0.0,0.0,131.0,0.0,91.0,11.0,134.0,0.0,0.0,100.0,0.0,0.0,0.0,599.0,273.0,0.0,0.0,0.0,140.0,0.0,0.0,406.0,106.0,0.0,0.0,0.0,0.0,0.0,255.0,365.0,58.0,0.0,230.0,390.0,123.0
2021-07-11 17:00:00+00:00,0.0,220.0,10.0,262.0,262.0,39.0,132.0,0.0,0.0,147.0,0.0,0.0,0.0,49.0,0.0,0.0,71.0,0.0,0.0,0.0,603.0,204.0,0.0,0.0,0.0,121.0,0.0,0.0,538.0,115.0,0.0,0.0,0.0,0.0,69.0,326.0,320.0,66.0,0.0,206.0,430.0,122.0
2021-07-11 18:00:00+00:00,0.0,35.0,9.0,290.0,243.0,12.0,118.0,0.0,0.0,84.0,0.0,0.0,0.0,103.0,0.0,0.0,87.0,0.0,0.0,0.0,603.0,303.0,0.0,0.0,0.0,89.0,0.0,0.0,539.0,128.0,0.0,0.0,0.0,0.0,9.0,400.0,387.0,54.0,0.0,287.0,406.0,121.0
2021-07-11 19:00:00+00:00,0.0,68.0,22.0,313.0,292.0,8.0,28.0,0.0,0.0,87.0,0.0,0.0,0.0,115.0,0.0,0.0,93.0,0.0,0.0,0.0,603.0,309.0,0.0,0.0,0.0,0.0,0.0,0.0,543.0,112.0,0.0,38.0,0.0,0.0,0.0,381.0,406.0,33.0,0.0,295.0,402.0,123.0
2021-07-11 20:00:00+00:00,9.0,0.0,47.0,344.0,276.0,94.0,76.0,0.0,0.0,11.0,0.0,6.0,22.0,131.0,0.0,0.0,95.0,0.0,0.0,0.0,603.0,440.0,0.0,0.0,0.0,71.0,0.0,0.0,547.0,111.0,0.0,0.0,0.0,0.0,0.0,377.0,448.0,13.0,0.0,329.0,397.0,124.0
2021-07-11 21:00:00+00:00,0.0,0.0,20.0,318.0,238.0,269.0,212.0,0.0,0.0,43.0,0.0,198.0,60.0,187.0,0.0,0.0,82.0,0.0,0.0,0.0,601.0,408.0,0.0,0.0,0.0,81.0,0.0,0.0,550.0,130.0,0.0,0.0,0.0,0.0,0.0,336.0,401.0,48.0,0.0,318.0,392.0,125.0
2021-07-11 22:00:00+00:00,1.0,37.0,63.0,329.0,264.0,369.0,272.0,0.0,0.0,44.0,0.0,0.0,9.0,158.0,0.0,0.0,42.0,0.0,0.0,0.0,543.0,438.0,0.0,0.0,0.0,123.0,0.0,0.0,551.0,146.0,0.0,0.0,0.0,0.0,0.0,262.0,453.0,36.0,0.0,273.0,472.0,150.0
2021-07-11 23:00:00+00:00,0.0,61.0,78.0,320.0,276.0,370.0,302.0,0.0,0.0,140.0,0.0,0.0,0.0,140.0,0.0,0.0,100.0,0.0,0.0,0.0,513.0,389.0,0.0,0.0,0.0,218.0,0.0,0.0,552.0,150.0,0.0,0.0,0.0,0.0,2.0,261.0,422.0,29.0,0.0,277.0,490.0,147.0
2021-07-12 00:00:00+00:00,0.0,248.0,18.0,316.0,316.0,338.0,296.0,0.0,0.0,162.0,0.0,0.0,0.0,87.0,0.0,0.0,111.0,0.0,0.0,0.0,502.0,368.0,0.0,0.0,0.0,259.0,0.0,0.0,554.0,163.0,0.0,0.0,0.0,0.0,54.0,177.0,485.0,66.0,0.0,173.0,507.0,147.0
2021-07-12 01:00:00+00:00,0.0,250.0,32.0,328.0,328.0,351.0,315.0,0.0,0.0,153.0,0.0,0.0,0.0,69.0,0.0,0.0,103.0,0.0,0.0,0.0,483.0,379.0,0.0,0.0,0.0,263.0,0.0,0.0,554.0,156.0,0.0,0.0,0.0,0.0,65.0,141.0,446.0,27.0,0.0,153.0,492.0,147.0
2021-07-12 02:00:00+00:00,0.0,227.0,22.0,326.0,307.0,249.0,368.0,0.0,0.0,122.0,0.0,0.0,0.0,48.0,0.0,0.0,99.0,0.0,0.0,0.0,482.0,409.0,0.0,0.0,0.0,266.0,0.0,0.0,552.0,143.0,0.0,0.0,0.0,0.0,70.0,198.0,422.0,32.0,0.0,197.0,493.0,147.0
2021-07-12 03:00:00+00:00,0.0,26.0,7.0,257.0,199.0,84.0,231.0,0.0,0.0,89.0,0.0,0.0,0.0,46.0,0.0,0.0,106.0,0.0,0.0,0.0,485.0,393.0,0.0,0.0,0.0,222.0,0.0,0.0,548.0,98.0,0.0,0.0,0.0,0.0,11.0,261.0,342.0,65.0,0.0,327.0,422.0,147.0
2021-07-12 04:00:00+00:00,0.0,27.0,0.0,207.0,200.0,30.0,172.0,0.0,0.0,55.0,0.0,0.0,0.0,1.0,0.0,0.0,97.0,0.0,0.0,0.0,561.0,233.0,0.0,0.0,0.0,239.0,0.0,0.0,544.0,84.0,0.0,0.0,71.0,0.0,74.0,219.0,281.0,122.0,0.0,217.0,347.0,148.0
2021-07-12 05:00:00+00:00,0.0,42.0,1.0,162.0,214.0,68.0,180.0,0.0,1.0,142.0,0.0,0.0,0.0,0.0,0.0,0.0,94.0,0.0,0.0,0.0,575.0,60.0,0.0,0.0,0.0,0.0,0.0,0.0,539.0,70.0,0.0,29.0,47.0,0.0,36.0,198.0,247.0,180.0,0.0,233.0,282.0,148.0
2021-07-12 06:00:00+00:00,0.0,170.0,2.0,222.0,348.0,148.0,131.0,0.0,0.0,129.0,0.0,0.0,0.0,44.0,0.0,0.0,58.0,0.0,0.0,0.0,494.0,46.0,0.0,0.0,0.0,0.0,0.0,0.0,539.0,95.0,0.0,228.0,6.0,0.0,75.0,241.0,295.0,110.0,0.0,299.0,239.0,147.0
2021-07-12 07:00:00+00:00,0.0,203.0,0.0,230.0,364.0,169.0,133.0,0.0,21.0,144.0,0.0,0.0,0.0,121.0,0.0,0.0,99.0,0.0,0.0,0.0,418.0,41.0,0.0,0.0,0.0,0.0,0.0,0.0,491.0,134.0,0.0,255.0,1.0,0.0,81.0,233.0,323.0,225.0,0.0,311.0,224.0,145.0
2021-07-12 08:00:00+00:00,0.0,219.0,2.0,239.0,306.0,102.0,135.0,0.0,0.0,73.0,0.0,0.0,0.0,238.0,0.0,0.0,103.0,0.0,0.0,0.0,294.0,126.0,0.0,0.0,0.0,0.0,0.0,0.0,489.0,134.0,0.0,229.0,0.0,0.0,71.0,306.0,329.0,102.0,0.0,365.0,239.0,142.0
2021-07-12 09:00:00+00:00,13.0,205.0,7.0,253.0,257.0,58.0,91.0,0.0,0.0,9.0,0.0,0.0,0.0,343.0,0.0,0.0,83.0,0.0,0.0,0.0,179.0,238.0,0.0,0.0,0.0,0.0,0.0,0.0,534.0,136.0,0.0,203.0,0.0,0.0,67.0,352.0,355.0,69.0,0.0,411.0,242.0,146.0
2021-07-12 10:00:00+00:00,79.0,123.0,47.0,270.0,226.0,0.0,0.0,0.0,0.0,0.0,0.0,0.0,0.0,410.0,0.0,0.0,86.0,158.0,0.0,0.0,2.0,347.0,0.0,0.0,0.0,0.0,0.0,0.0,535.0,208.0,54.0,158.0,0.0,0.0,60.0,357.0,408.0,22.0,0.0,431.0,227.0,147.0
2021-07-12 11:00:00+00:00,114.0,80.0,34.0,282.0,210.0,26.0,58.0,0.0,0.0,0.0,0.0,0.0,0.0,408.0,0.0,0.0,84.0,0.0,0.0,0.0,1.0,396.0,0.0,0.0,0.0,0.0,0.0,0.0,536.0,167.0,0.0,120.0,0.0,0.0,50.0,309.0,433.0,17.0,0.0,404.0,205.0,146.0
2021-07-12 12:00:00+00:00,119.0,43.0,18.0,265.0,195.0,23.0,69.0,0.0,0.0,0.0,0.0,0.0,0.0,367.0,0.0,0.0,50.0,0.0,0.0,0.0,1.0,381.0,0.0,0.0,0.0,0.0,0.0,0.0,536.0,152.0,0.0,108.0,0.0,0.0,41.0,287.0,418.0,42.0,0.0,381.0,201.0,147.0
2021-07-12 13:00:00+00:00,124.0,0.0,20.0,272.0,198.0,0.0,111.0,0.0,0.0,0.0,0.0,10.0,0.0,337.0,0.0,0.0,61.0,10.0,0.0,0.0,54.0,379.0,0.0,0.0,0.0,0.0,0.0,,536.0,139.0,0.0,102.0,0.0,0.0,42.0,299.0,413.0,30.0,0.0,,230.0,148.0
2021-07-12 14:00:00+00:00,93.0,14.0,10.0,279.0,250.0,0.0,59.0,0.0,0.0,0.0,0.0,0.0,0.0,278.0,0.0,0.0,76.0,18.0,0.0,0.0,85.0,340.0,0.0,0.0,0.0,0.0,0.0,,537.0,135.0,0.0,146.0,0.0,0.0,45.0,324.0,415.0,51.0,0.0,,289.0,148.0
2021-07-12 15:00:00+00:00,47.0,141.0,6.0,259.0,279.0,0.0,53.0,0.0,0.0,1.0,0.0,0.0,0.0,178.0,0.0,0.0,94.0,102.0,0.0,0.0,107.0,244.0,0.0,0.0,0.0,0.0,0.0,,537.0,130.0,0.0,192.0,0.0,0.0,49.0,336.0,366.0,70.0,0.0,,319.0,151.0
2021-07-12 16:00:00+00:00,57.0,164.0,10.0,266.0,290.0,0.0,85.0,0.0,0.0,0.0,0.0,0.0,0.0,119.0,0.0,0.0,110.0,18.0,0.0,0.0,152.0,270.0,0.0,0.0,0.0,0.0,0.0,,537.0,123.0,0.0,142.0,0.0,0.0,47.0,402.0,363.0,58.0,0.0,,322.0,148.0
2021-07-12 17:00:00+00:00,46.0,201.0,7.0,238.0,242.0,0.0,148.0,0.0,0.0,1.0,0.0,0.0,0.0,80.0,0.0,0.0,113.0,3.0,0.0,0.0,264.0,250.0,0.0,0.0,0.0,0.0,0.0,,537.0,128.0,0.0,89.0,0.0,0.0,44.0,406.0,329.0,63.0,0.0,,339.0,152.0
2021-07-12 18:00:00+00:00,85.0,72.0,15.0,271.0,213.0,0.0,189.0,0.0,0.0,0.0,0.0,0.0,0.0,167.0,0.0,0.0,122.0,3.0,0.0,0.0,410.0,373.0,0.0,0.0,0.0,2.0,0.0,,537.0,168.0,0.0,0.0,0.0,0.0,28.0,447.0,411.0,38.0,0.0,,322.0,150.0
2021-07-12 19:00:00+00:00,60.0,31.0,16.0,257.0,208.0,0.0,48.0,0.0,0.0,0.0,0.0,0.0,0.0,135.0,0.0,0.0,122.0,67.0,0.0,0.0,358.0,343.0,0.0,0.0,0.0,23.0,0.0,,545.0,134.0,0.0,0.0,0.0,0.0,38.0,386.0,402.0,47.0,0.0,,288.0,151.0
2021-07-12 20:00:00+00:00,123.0,85.0,31.0,295.0,222.0,0.0,16.0,0.0,0.0,0.0,0.0,0.0,0.0,159.0,0.0,0.0,104.0,72.0,0.0,0.0,228.0,465.0,0.0,0.0,0.0,66.0,0.0,,553.0,152.0,0.0,0.0,0.0,0.0,42.0,438.0,441.0,30.0,0.0,,305.0,148.0
2021-07-12 21:00:00+00:00,73.0,0.0,42.0,288.0,197.0,23.0,102.0,0.0,0.0,1.0,0.0,53.0,0.0,274.0,0.0,0.0,78.0,0.0,0.0,0.0,192.0,470.0,0.0,0.0,0.0,170.0,0.0,,552.0,152.0,0.0,0.0,0.0,0.0,49.0,480.0,431.0,32.0,0.0,,357.0,149.0
2021-07-12 22:00:00+00:00,1.0,0.0,36.0,304.0,261.0,58.0,147.0,0.0,0.0,45.0,0.0,4.0,0.0,298.0,0.0,0.0,48.0,0.0,0.0,0.0,517.0,398.0,0.0,0.0,0.0,218.0,0.0,,551.0,171.0,0.0,0.0,0.0,0.0,101.0,378.0,440.0,18.0,0.0,,391.0,145.0
2021-07-12 23:00:00+00:00,0.0,0.0,27.0,306.0,286.0,19.0,167.0,0.0,0.0,138.0,0.0,173.0,0.0,300.0,0.0,0.0,26.0,0.0,0.0,0.0,541.0,361.0,0.0,0.0,0.0,298.0,0.0,,551.0,167.0,0.0,0.0,0.0,0.0,109.0,306.0,422.0,29.0,0.0,,344.0,148.0
2021-07-13 00:00:00+00:00,0.0,0.0,30.0,306.0,269.0,32.0,197.0,0.0,0.0,105.0,0.0,267.0,0.0,269.0,0.0,0.0,90.0,0.0,0.0,0.0,507.0,391.0,0.0,0.0,0.0,236.0,0.0,,551.0,181.0,0.0,0.0,0.0,0.0,87.0,300.0,413.0,22.0,0.0,,301.0,148.0
2021-07-13 01:00:00+00:00,0.0,0.0,16.0,310.0,289.0,52.0,197.0,0.0,0.0,130.0,0.0,183.0,0.0,225.0,0.0,0.0,114.0,0.0,0.0,0.0,515.0,392.0,0.0,0.0,0.0,248.0,0.0,,551.0,183.0,0.0,0.0,0.0,0.0,119.0,253.0,438.0,42.0,0.0,,313.0,148.0
2021-07-13 02:00:00+00:00,0.0,0.0,21.0,310.0,295.0,0.0,121.0,0.0,0.0,138.0,0.0,183.0,0.0,202.0,0.0,0.0,109.0,40.0,0.0,0.0,531.0,376.0,0.0,0.0,0.0,309.0,0.0,,551.0,148.0,0.0,0.0,0.0,0.0,128.0,242.0,437.0,58.0,0.0,,317.0,148.0
2021-07-13 03:00:00+00:00,0.0,0.0,24.0,281.0,276.0,0.0,0.0,0.0,0.0,164.0,0.0,140.0,0.0,140.0,0.0,0.0,117.0,164.0,0.0,0.0,537.0,331.0,0.0,0.0,0.0,357.0,0.0,,551.0,86.0,63.0,0.0,0.0,0.0,142.0,272.0,403.0,59.0,0.0,,327.0,149.0
2021-07-13 04:00:00+00:00,0.0,98.0,11.0,304.0,374.0,0.0,0.0,0.0,0.0,126.0,0.0,0.0,0.0,6.0,0.0,0.0,139.0,206.0,0.0,0.0,591.0,257.0,0.0,0.0,0.0,242.0,0.0,,543.0,79.0,68.0,0.0,26.0,0.0,157.0,165.0,488.0,109.0,0.0,,332.0,147.0
2021-07-13 05:00:00+00:00,0.0,261.0,4.0,231.0,340.0,0.0,0.0,0.0,0.0,119.0,0.0,0.0,0.0,1.0,0.0,0.0,82.0,183.0,0.0,0.0,271.0,156.0,0.0,0.0,0.0,32.0,0.0,,534.0,61.0,134.0,0.0,68.0,0.0,144.0,139.0,380.0,90.0,0.0,,279.0,145.0
2021-07-13 06:00:00+00:00,0.0,211.0,6.0,239.0,311.0,0.0,0.0,0.0,0.0,82.0,0.0,0.0,0.0,80.0,0.0,0.0,76.0,132.0,0.0,0.0,247.0,150.0,0.0,0.0,0.0,1.0,0.0,0.0,534.0,62.0,70.0,0.0,2.0,0.0,116.0,198.0,393.0,61.0,0.0,250.0,252.0,147.0
2021-07-13 07:00:00+00:00,0.0,244.0,10.0,246.0,333.0,0.0,0.0,0.0,0.0,120.0,0.0,0.0,0.0,157.0,0.0,0.0,64.0,106.0,0.0,0.0,146.0,77.0,0.0,0.0,0.0,0.0,0.0,0.0,534.0,61.0,85.0,29.0,0.0,0.0,125.0,179.0,373.0,48.0,0.0,245.0,205.0,149.0
2021-07-13 08:00:00+00:00,0.0,247.0,12.0,259.0,335.0,0.0,0.0,0.0,0.0,136.0,0.0,0.0,0.0,217.0,0.0,0.0,54.0,116.0,0.0,0.0,166.0,59.0,0.0,0.0,0.0,0.0,0.0,0.0,533.0,86.0,110.0,34.0,0.0,0.0,138.0,254.0,402.0,43.0,0.0,300.0,231.0,146.0
2021-07-13 09:00:00+00:00,0.0,370.0,16.0,274.0,310.0,0.0,0.0,0.0,0.0,71.0,0.0,0.0,0.0,202.0,0.0,49.0,47.0,157.0,0.0,0.0,0.0,133.0,0.0,0.0,0.0,60.0,0.0,0.0,531.0,52.0,106.0,0.0,0.0,0.0,159.0,189.0,443.0,39.0,0.0,263.0,201.0,149.0
2021-07-13 10:00:00+00:00,31.0,236.0,34.0,266.0,244.0,0.0,0.0,0.0,0.0,2.0,0.0,0.0,0.0,281.0,0.0,49.0,50.0,98.0,0.0,0.0,0.0,212.0,0.0,0.0,0.0,13.0,0.0,0.0,531.0,60.0,79.0,0.0,0.0,0.0,123.0,271.0,430.0,20.0,0.0,353.0,190.0,136.0
2021-07-13 11:00:00+00:00,46.0,281.0,19.0,266.0,248.0,0.0,0.0,0.0,0.0,1.0,0.0,0.0,0.0,237.0,0.0,100.0,46.0,84.0,0.0,0.0,0.0,233.0,0.0,0.0,0.0,16.0,0.0,0.0,531.0,49.0,57.0,0.0,0.0,0.0,129.0,273.0,424.0,41.0,0.0,344.0,202.0,147.0
2021-07-13 12:00:00+00:00,6.0,237.0,6.0,248.0,265.0,0.0,7.0,0.0,0.0,16.0,0.0,0.0,0.0,230.0,0.0,0.0,54.0,56.0,0.0,0.0,49.0,147.0,0.0,0.0,0.0,0.0,0.0,0.0,530.0,49.0,0.0,29.0,0.0,0.0,130.0,305.0,360.0,73.0,0.0,348.0,226.0,144.0
2021-07-13 13:00:00+00:00,0.0,271.0,3.0,235.0,271.0,0.0,0.0,0.0,0.0,44.0,0.0,0.0,0.0,194.0,0.0,0.0,64.0,73.0,0.0,0.0,2.0,114.0,0.0,0.0,0.0,0.0,0.0,0.0,530.0,25.0,66.0,27.0,0.0,0.0,127.0,287.0,348.0,85.0,0.0,312.0,251.0,145.0
2021-07-13 14:00:00+00:00,0.0,281.0,1.0,253.0,328.0,0.0,0.0,0.0,0.0,63.0,0.0,0.0,0.0,140.0,0.0,0.0,83.0,119.0,0.0,0.0,54.0,101.0,0.0,0.0,0.0,0.0,0.0,0.0,531.0,31.0,103.0,76.0,0.0,0.0,119.0,313.0,363.0,110.0,0.0,301.0,286.0,146.0
2021-07-13 15:00:00+00:00,0.0,290.0,5.0,265.0,368.0,0.0,0.0,0.0,0.0,90.0,0.0,0.0,0.0,59.0,0.0,0.0,99.0,150.0,0.0,0.0,130.0,95.0,0.0,0.0,0.0,0.0,0.0,0.0,532.0,61.0,89.0,80.0,1.0,0.0,120.0,255.0,354.0,81.0,0.0,206.0,314.0,147.0
2021-07-13 16:00:00+00:00,93.0,115.0,36.0,307.0,309.0,0.0,0.0,0.0,0.0,0.0,0.0,0.0,0.0,35.0,0.0,0.0,112.0,166.0,0.0,0.0,52.0,358.0,0.0,0.0,0.0,0.0,0.0,0.0,533.0,65.0,80.0,64.0,2.0,0.0,49.0,281.0,470.0,22.0,0.0,254.0,292.0,148.0
2021-07-13 17:00:00+00:00,134.0,256.0,52.0,297.0,304.0,0.0,27.0,0.0,0.0,0.0,0.0,0.0,0.0,1.0,0.0,65.0,120.0,124.0,0.0,0.0,0.0,365.0,0.0,0.0,0.0,0.0,0.0,0.0,535.0,84.0,0.0,134.0,44.0,0.0,57.0,314.0,421.0,13.0,0.0,245.0,296.0,147.0
2021-07-13 18:00:00+00:00,145.0,289.0,26.0,294.0,320.0,0.0,0.0,0.0,0.0,0.0,0.0,0.0,0.0,0.0,0.0,180.0,126.0,156.0,0.0,0.0,0.0,341.0,0.0,0.0,0.0,0.0,0.0,0.0,517.0,88.0,52.0,203.0,84.0,0.0,71.0,353.0,420.0,29.0,0.0,253.0,291.0,147.0
2021-07-13 19:00:00+00:00,126.0,218.0,26.0,286.0,306.0,0.0,0.0,0.0,0.0,0.0,0.0,0.0,0.0,1.0,0.0,123.0,124.0,225.0,0.0,0.0,0.0,347.0,0.0,0.0,0.0,0.0,0.0,0.0,515.0,96.0,127.0,131.0,55.0,0.0,82.0,366.0,424.0,42.0,0.0,258.0,296.0,148.0
2021-07-13 20:00:00+00:00,114.0,163.0,50.0,298.0,261.0,0.0,0.0,0.0,0.0,0.0,0.0,0.0,0.0,34.0,0.0,0.0,107.0,199.0,0.0,0.0,139.0,419.0,0.0,0.0,0.0,177.0,0.0,0.0,526.0,88.0,93.0,0.0,3.0,0.0,122.0,381.0,468.0,24.0,0.0,247.0,356.0,147.0
2021-07-13 21:00:00+00:00,95.0,0.0,81.0,307.0,237.0,0.0,20.0,0.0,0.0,0.0,0.0,70.0,0.0,193.0,0.0,0.0,84.0,87.0,0.0,0.0,261.0,448.0,0.0,0.0,0.0,175.0,0.0,0.0,548.0,89.0,0.0,0.0,0.0,0.0,100.0,471.0,462.0,9.0,0.0,332.0,418.0,148.0
2021-07-13 22:00:00+00:00,71.0,0.0,54.0,282.0,137.0,0.0,62.0,0.0,0.0,0.0,0.0,402.0,0.0,293.0,0.0,0.0,56.0,92.0,0.0,0.0,468.0,513.0,0.0,0.0,0.0,237.0,0.0,0.0,549.0,100.0,0.0,0.0,0.0,0.0,41.0,392.0,450.0,13.0,0.0,373.0,339.0,146.0
2021-07-13 23:00:00+00:00,7.0,0.0,46.0,306.0,185.0,0.0,168.0,0.0,0.0,13.0,0.0,349.0,0.0,248.0,0.0,0.0,37.0,35.0,0.0,0.0,537.0,483.0,0.0,0.0,0.0,351.0,0.0,0.0,550.0,148.0,0.0,0.0,0.0,0.0,75.0,291.0,458.0,12.0,0.0,292.0,340.0,147.0
2021-07-14 00:00:00+00:00,4.0,0.0,66.0,314.0,198.0,0.0,212.0,0.0,0.0,20.0,0.0,288.0,0.0,223.0,0.0,0.0,96.0,14.0,0.0,0.0,538.0,489.0,0.0,0.0,0.0,357.0,0.0,0.0,550.0,188.0,0.0,0.0,0.0,0.0,101.0,263.0,481.0,8.0,0.0,267.0,337.0,149.0
2021-07-14 01:00:00+00:00,3.0,0.0,86.0,318.0,219.0,87.0,296.0,0.0,0.0,31.0,0.0,230.0,0.0,205.0,0.0,0.0,127.0,0.0,0.0,0.0,568.0,503.0,0.0,0.0,0.0,363.0,0.0,0.0,551.0,211.0,0.0,0.0,0.0,0.0,116.0,249.0,481.0,6.0,0.0,243.0,346.0,147.0
2021-07-14 02:00:00+00:00,0.0,0.0,46.0,322.0,273.0,26.0,282.0,0.0,0.0,86.0,0.0,173.0,0.0,135.0,0.0,0.0,126.0,0.0,0.0,0.0,587.0,440.0,0.0,0.0,0.0,370.0,0.0,0.0,551.0,187.0,0.0,0.0,0.0,0.0,143.0,226.0,509.0,29.0,0.0,179.0,372.0,149.0
2021-07-14 03:00:00+00:00,0.0,0.0,68.0,298.0,210.0,0.0,33.0,0.0,0.0,45.0,0.0,270.0,0.0,192.0,0.0,0.0,126.0,132.0,0.0,0.0,557.0,466.0,0.0,0.0,0.0,284.0,0.0,0.0,549.0,129.0,0.0,0.0,0.0,0.0,88.0,315.0,452.0,11.0,0.0,318.0,316.0,149.0
2021-07-14 04:00:00+00:00,1.0,24.0,11.0,274.0,256.0,0.0,0.0,0.0,0.0,62.0,0.0,0.0,0.0,46.0,0.0,0.0,66.0,244.0,0.0,0.0,542.0,295.0,0.0,0.0,0.0,306.0,0.0,0.0,543.0,83.0,105.0,0.0,6.0,0.0,155.0,229.0,434.0,75.0,0.0,219.0,350.0,146.0
2021-07-14 05:00:00+00:00,16.0,135.0,24.0,241.0,243.0,0.0,0.0,0.0,0.0,9.0,0.0,0.0,0.0,5.0,0.0,0.0,55.0,189.0,0.0,0.0,86.0,247.0,0.0,0.0,0.0,64.0,0.0,0.0,535.0,107.0,60.0,0.0,28.0,0.0,123.0,172.0,355.0,38.0,0.0,206.0,283.0,146.0
2021-07-14 06:00:00+00:00,13.0,91.0,2.0,228.0,254.0,0.0,0.0,0.0,0.0,6.0,0.0,0.0,0.0,1.0,0.0,0.0,69.0,224.0,0.0,0.0,106.0,150.0,0.0,0.0,0.0,0.0,0.0,0.0,533.0,42.0,149.0,16.0,32.0,0.0,96.0,160.0,339.0,89.0,0.0,222.0,218.0,149.0
2021-07-14 07:00:00+00:00,3.0,98.0,2.0,236.0,279.0,0.0,0.0,0.0,0.0,15.0,0.0,0.0,0.0,26.0,0.0,0.0,64.0,193.0,0.0,0.0,95.0,116.0,0.0,0.0,0.0,0.0,0.0,0.0,547.0,44.0,147.0,58.0,3.0,0.0,92.0,161.0,338.0,80.0,0.0,214.0,216.0,147.0
2021-07-14 08:00:00+00:00,48.0,35.0,10.0,250.0,238.0,0.0,0.0,0.0,0.0,0.0,0.0,0.0,0.0,122.0,0.0,0.0,77.0,180.0,0.0,0.0,2.0,218.0,0.0,0.0,0.0,0.0,0.0,0.0,545.0,64.0,86.0,45.0,0.0,0.0,66.0,247.0,407.0,46.0,0.0,302.0,216.0,146.0
2021-07-14 09:00:00+00:00,95.0,142.0,11.0,270.0,259.0,0.0,0.0,0.0,0.0,0.0,0.0,0.0,0.0,188.0,0.0,149.0,97.0,133.0,0.0,0.0,0.0,225.0,0.0,0.0,0.0,0.0,0.0,0.0,542.0,48.0,69.0,30.0,0.0,0.0,89.0,262.0,439.0,36.0,0.0,301.0,228.0,148.0
2021-07-14 10:00:00+00:00,196.0,38.0,48.0,261.0,178.0,0.0,0.0,0.0,0.0,0.0,0.0,0.0,0.0,258.0,0.0,316.0,96.0,168.0,0.0,0.0,0.0,343.0,0.0,0.0,0.0,0.0,0.0,0.0,545.0,48.0,95.0,81.0,0.0,0.0,43.0,330.0,402.0,16.0,0.0,367.0,231.0,145.0
2021-07-14 11:00:00+00:00,257.0,229.0,22.0,265.0,186.0,0.0,0.0,0.0,0.0,0.0,0.0,0.0,0.0,159.0,0.0,515.0,90.0,238.0,0.0,0.0,0.0,368.0,0.0,0.0,0.0,0.0,0.0,0.0,549.0,7.0,202.0,114.0,0.0,0.0,45.0,269.0,417.0,36.0,0.0,311.0,224.0,143.0
2021-07-14 12:00:00+00:00,239.0,144.0,18.0,258.0,166.0,0.0,0.0,0.0,0.0,0.0,0.0,0.0,0.0,178.0,0.0,365.0,71.0,208.0,0.0,0.0,0.0,372.0,0.0,0.0,0.0,0.0,0.0,0.0,541.0,2.0,224.0,42.0,0.0,0.0,49.0,336.0,408.0,34.0,0.0,344.0,258.0,141.0
2021-07-14 13:00:00+00:00,250.0,151.0,23.0,269.0,175.0,0.0,0.0,0.0,0.0,0.0,0.0,0.0,0.0,142.0,0.0,376.0,103.0,237.0,0.0,0.0,0.0,439.0,0.0,0.0,0.0,0.0,0.0,0.0,542.0,30.0,190.0,19.0,0.0,0.0,49.0,332.0,410.0,36.0,0.0,330.0,269.0,139.0
2021-07-14 14:00:00+00:00,235.0,56.0,13.0,279.0,173.0,0.0,0.0,0.0,0.0,0.0,0.0,0.0,0.0,148.0,0.0,362.0,85.0,217.0,0.0,0.0,0.0,441.0,0.0,0.0,0.0,18.0,0.0,0.0,544.0,26.0,216.0,0.0,0.0,0.0,38.0,322.0,421.0,44.0,0.0,310.0,281.0,16.0
2021-07-14 15:00:00+00:00,174.0,168.0,3.0,276.0,202.0,0.0,0.0,0.0,0.0,0.0,0.0,0.0,0.0,110.0,0.0,325.0,113.0,201.0,0.0,0.0,0.0,387.0,0.0,0.0,0.0,0.0,0.0,0.0,549.0,48.0,161.0,57.0,0.0,0.0,36.0,357.0,389.0,74.0,0.0,316.0,312.0,0.0
2021-07-14 16:00:00+00:00,220.0,103.0,3.0,283.0,190.0,0.0,0.0,0.0,0.0,0.0,0.0,0.0,2.0,50.0,0.0,230.0,106.0,175.0,0.0,0.0,0.0,447.0,0.0,0.0,0.0,0.0,0.0,0.0,546.0,61.0,116.0,107.0,0.0,0.0,0.0,296.0,393.0,86.0,0.0,282.0,259.0,0.0
2021-07-14 17:00:00+00:00,215.0,138.0,10.0,269.0,182.0,0.0,0.0,0.0,0.0,0.0,0.0,0.0,15.0,17.0,0.0,142.0,109.0,237.0,0.0,0.0,0.0,429.0,0.0,0.0,0.0,0.0,0.0,0.0,546.0,38.0,182.0,166.0,6.0,0.0,0.0,281.0,329.0,59.0,0.0,262.0,229.0,0.0
2021-07-14 18:00:00+00:00,238.0,153.0,2.0,282.0,192.0,0.0,0.0,0.0,0.0,0.0,0.0,0.0,15.0,16.0,0.0,229.0,115.0,206.0,0.0,0.0,0.0,459.0,0.0,0.0,0.0,0.0,0.0,0.0,549.0,61.0,114.0,213.0,6.0,0.0,0.0,292.0,369.0,89.0,0.0,264.0,215.0,0.0
2021-07-14 19:00:00+00:00,206.0,125.0,3.0,267.0,189.0,0.0,0.0,0.0,0.0,0.0,0.0,0.0,3.0,65.0,0.0,159.0,113.0,163.0,0.0,0.0,0.0,438.0,0.0,0.0,0.0,0.0,0.0,0.0,556.0,70.0,107.0,201.0,0.0,0.0,0.0,247.0,356.0,74.0,0.0,243.0,189.0,0.0
2021-07-14 20:00:00+00:00,189.0,18.0,16.0,285.0,188.0,0.0,0.0,0.0,0.0,0.0,0.0,0.0,3.0,139.0,0.0,0.0,100.0,195.0,0.0,0.0,1.0,476.0,0.0,0.0,0.0,0.0,0.0,0.0,560.0,54.0,143.0,122.0,0.0,0.0,0.0,231.0,378.0,62.0,0.0,272.0,174.0,40.0
2021-07-14 21:00:00+00:00,184.0,0.0,32.0,284.0,121.0,0.0,0.0,0.0,0.0,0.0,0.0,204.0,27.0,263.0,0.0,0.0,86.0,68.0,0.0,0.0,1.0,543.0,0.0,0.0,0.0,0.0,0.0,0.0,562.0,72.0,44.0,6.0,0.0,0.0,0.0,277.0,366.0,21.0,0.0,347.0,201.0,130.0
2021-07-14 22:00:00+00:00,203.0,0.0,55.0,298.0,108.0,0.0,0.0,0.0,0.0,0.0,0.0,348.0,42.0,375.0,0.0,0.0,154.0,90.0,0.0,0.0,56.0,602.0,0.0,0.0,0.0,38.0,0.0,0.0,564.0,64.0,69.0,0.0,0.0,0.0,0.0,254.0,437.0,14.0,0.0,383.0,149.0,149.0
2021-07-14 23:00:00+00:00,57.0,0.0,66.0,301.0,161.0,69.0,78.0,0.0,0.0,0.0,0.0,388.0,20.0,355.0,0.0,0.0,148.0,0.0,0.0,0.0,195.0,498.0,0.0,0.0,0.0,141.0,0.0,0.0,566.0,119.0,0.0,0.0,0.0,0.0,0.0,285.0,449.0,18.0,0.0,388.0,207.0,148.0
2021-07-15 00:00:00+00:00,0.0,0.0,36.0,300.0,206.0,106.0,176.0,0.0,0.0,62.0,0.0,392.0,7.0,360.0,0.0,0.0,135.0,0.0,0.0,0.0,381.0,416.0,0.0,0.0,0.0,130.0,0.0,0.0,567.0,151.0,0.0,0.0,0.0,0.0,0.0,276.0,443.0,19.0,0.0,353.0,231.0,149.0
2021-07-15 01:00:00+00:00,0.0,0.0,40.0,298.0,217.0,186.0,256.0,0.0,0.0,71.0,0.0,327.0,1.0,332.0,0.0,0.0,126.0,0.0,0.0,0.0,314.0,430.0,0.0,0.0,0.0,112.0,0.0,0.0,567.0,173.0,0.0,0.0,0.0,0.0,0.0,257.0,418.0,20.0,0.0,332.0,233.0,149.0
2021-07-15 02:00:00+00:00,0.0,0.0,18.0,286.0,210.0,95.0,184.0,0.0,0.0,61.0,0.0,349.0,0.0,327.0,0.0,0.0,122.0,0.0,0.0,0.0,448.0,416.0,0.0,0.0,0.0,146.0,0.0,0.0,567.0,143.0,0.0,0.0,0.0,0.0,1.0,273.0,421.0,39.0,0.0,342.0,220.0,144.0
2021-07-15 03:00:00+00:00,0.0,0.0,2.0,244.0,156.0,0.0,19.0,0.0,0.0,62.0,0.0,403.0,21.0,339.0,0.0,0.0,124.0,96.0,0.0,0.0,370.0,355.0,0.0,0.0,0.0,60.0,0.0,0.0,563.0,104.0,0.0,0.0,0.0,0.0,0.0,436.0,359.0,98.0,0.0,506.0,192.0,148.0
2021-07-15 04:00:00+00:00,19.0,0.0,3.0,241.0,211.0,0.0,0.0,0.0,0.0,4.0,0.0,209.0,0.0,171.0,0.0,0.0,136.0,167.0,0.0,0.0,217.0,273.0,0.0,0.0,0.0,0.0,0.0,0.0,557.0,84.0,30.0,91.0,0.0,0.0,10.0,332.0,346.0,91.0,0.0,414.0,211.0,147.0
2021-07-15 05:00:00+00:00,7.0,0.0,12.0,223.0,225.0,0.0,0.0,0.0,0.0,19.0,0.0,61.0,0.0,101.0,0.0,0.0,106.0,141.0,0.0,0.0,282.0,157.0,0.0,0.0,0.0,0.0,0.0,0.0,552.0,91.0,45.0,48.0,0.0,0.0,34.0,268.0,309.0,51.0,0.0,336.0,210.0,147.0
2021-07-15 06:00:00+00:00,44.0,0.0,10.0,227.0,249.0,0.0,0.0,0.0,0.0,1.0,0.0,11.0,0.0,135.0,0.0,0.0,63.0,128.0,0.0,0.0,69.0,139.0,0.0,0.0,0.0,0.0,0.0,0.0,550.0,76.0,39.0,135.0,0.0,0.0,10.0,152.0,349.0,73.0,0.0,162.0,277.0,147.0
2021-07-15 07:00:00+00:00,20.0,63.0,3.0,236.0,264.0,0.0,0.0,0.0,0.0,5.0,0.0,0.0,0.0,217.0,0.0,0.0,113.0,128.0,0.0,0.0,81.0,124.0,0.0,0.0,0.0,0.0,0.0,0.0,546.0,41.0,53.0,65.0,0.0,0.0,41.0,255.0,361.0,106.0,0.0,368.0,149.0,146.0
2021-07-15 08:00:00+00:00,86.0,56.0,34.0,270.0,259.0,0.0,0.0,0.0,0.0,0.0,0.0,0.0,0.0,296.0,0.0,51.0,117.0,149.0,0.0,0.0,0.0,235.0,0.0,0.0,0.0,0.0,0.0,0.0,544.0,32.0,108.0,113.0,0.0,0.0,39.0,256.0,440.0,34.0,0.0,379.0,129.0,145.0
2021-07-15 09:00:00+00:00,188.0,15.0,58.0,294.0,222.0,0.0,0.0,0.0,0.0,0.0,0.0,0.0,0.0,373.0,0.0,251.0,109.0,165.0,0.0,0.0,0.0,349.0,0.0,0.0,0.0,0.0,0.0,0.0,542.0,25.0,117.0,123.0,0.0,0.0,18.0,283.0,476.0,15.0,0.0,418.0,125.0,147.0
2021-07-15 10:00:00+00:00,226.0,0.0,66.0,310.0,207.0,0.0,0.0,0.0,0.0,0.0,0.0,95.0,18.0,420.0,0.0,445.0,91.0,121.0,0.0,0.0,0.0,412.0,0.0,0.0,0.0,0.0,0.0,0.0,540.0,55.0,25.0,93.0,0.0,0.0,0.0,271.0,500.0,10.0,0.0,429.0,98.0,143.0
2021-07-15 11:00:00+00:00,197.0,0.0,82.0,314.0,212.0,0.0,45.0,0.0,0.0,0.0,0.0,140.0,20.0,445.0,0.0,396.0,90.0,51.0,0.0,0.0,0.0,413.0,0.0,0.0,0.0,0.0,0.0,0.0,542.0,80.0,0.0,47.0,0.0,0.0,0.0,304.0,502.0,6.0,0.0,447.0,114.0,143.0
2021-07-15 12:00:00+00:00,219.0,0.0,56.0,294.0,189.0,0.0,24.0,0.0,0.0,0.0,0.0,133.0,17.0,438.0,0.0,457.0,88.0,64.0,0.0,0.0,0.0,416.0,0.0,0.0,0.0,0.0,0.0,0.0,540.0,70.0,0.0,84.0,0.0,0.0,0.0,326.0,492.0,14.0,0.0,454.0,127.0,143.0
2021-07-15 13:00:00+00:00,223.0,0.0,54.0,305.0,233.0,0.0,14.0,0.0,0.0,0.0,0.0,68.0,18.0,350.0,0.0,466.0,92.0,88.0,0.0,0.0,0.0,412.0,0.0,0.0,0.0,0.0,0.0,0.0,539.0,55.0,0.0,173.0,0.0,0.0,0.0,278.0,491.0,11.0,0.0,390.0,149.0,142.0
2021-07-15 14:00:00+00:00,234.0,0.0,70.0,322.0,280.0,0.0,0.0,0.0,0.0,0.0,0.0,34.0,22.0,231.0,0.0,528.0,107.0,179.0,0.0,0.0,0.0,408.0,0.0,0.0,0.0,0.0,0.0,0.0,549.0,56.0,97.0,210.0,0.0,0.0,0.0,299.0,503.0,4.0,0.0,369.0,185.0,142.0
2021-07-15 15:00:00+00:00,284.0,0.0,54.0,318.0,255.0,0.0,0.0,0.0,0.0,0.0,0.0,21.0,56.0,190.0,0.0,502.0,130.0,146.0,0.0,0.0,0.0,452.0,0.0,0.0,0.0,0.0,0.0,0.0,548.0,59.0,121.0,245.0,0.0,0.0,0.0,311.0,483.0,14.0,0.0,357.0,196.0,143.0
2021-07-15 16:00:00+00:00,327.0,124.0,31.0,317.0,274.0,0.0,0.0,0.0,0.0,0.0,0.0,0.0,49.0,89.0,0.0,493.0,94.0,117.0,0.0,0.0,0.0,446.0,0.0,0.0,0.0,0.0,0.0,0.0,549.0,50.0,78.0,279.0,0.0,0.0,0.0,303.0,473.0,34.0,0.0,325.0,199.0,146.0
2021-07-15 17:00:00+00:00,323.0,183.0,38.0,322.0,285.0,0.0,0.0,0.0,0.0,0.0,0.0,0.0,38.0,58.0,0.0,426.0,97.0,78.0,0.0,0.0,0.0,454.0,0.0,0.0,0.0,0.0,0.0,0.0,549.0,54.0,26.0,254.0,0.0,0.0,0.0,322.0,446.0,17.0,0.0,321.0,176.0,144.0
2021-07-15 18:00:00+00:00,331.0,89.0,31.0,322.0,269.0,0.0,0.0,0.0,0.0,0.0,0.0,0.0,54.0,68.0,0.0,393.0,106.0,98.0,0.0,0.0,0.0,457.0,0.0,0.0,0.0,0.0,0.0,0.0,553.0,59.0,34.0,269.0,0.0,0.0,0.0,339.0,441.0,17.0,0.0,340.0,144.0,144.0
2021-07-15 19:00:00+00:00,319.0,0.0,58.0,303.0,214.0,0.0,0.0,0.0,0.0,0.0,0.0,80.0,56.0,159.0,0.0,273.0,100.0,216.0,0.0,0.0,0.0,475.0,0.0,0.0,0.0,0.0,0.0,0.0,557.0,96.0,83.0,132.0,0.0,0.0,0.0,337.0,462.0,10.0,0.0,335.0,158.0,140.0
2021-07-15 20:00:00+00:00,253.0,0.0,59.0,310.0,219.0,0.0,0.0,0.0,0.0,0.0,0.0,193.0,55.0,234.0,0.0,244.0,123.0,169.0,0.0,0.0,0.0,492.0,0.0,0.0,0.0,0.0,0.0,0.0,557.0,84.0,106.0,1.0,0.0,0.0,0.0,342.0,490.0,14.0,0.0,394.0,134.0,145.0
2021-07-15 21:00:00+00:00,181.0,0.0,62.0,330.0,224.0,0.0,16.0,0.0,0.0,0.0,0.0,261.0,31.0,339.0,0.0,90.0,152.0,89.0,0.0,0.0,0.0,517.0,0.0,0.0,0.0,115.0,0.0,0.0,561.0,94.0,0.0,0.0,0.0,0.0,0.0,419.0,482.0,16.0,0.0,438.0,226.0,144.0
2021-07-15 22:00:00+00:00,129.0,0.0,78.0,352.0,221.0,138.0,225.0,0.0,0.0,0.0,0.0,210.0,0.0,374.0,0.0,0.0,115.0,0.0,0.0,0.0,146.0,561.0,0.0,0.0,0.0,211.0,0.0,0.0,563.0,162.0,0.0,0.0,0.0,0.0,4.0,389.0,497.0,10.0,0.0,419.0,249.0,149.0
2021-07-15 23:00:00+00:00,29.0,0.0,66.0,330.0,203.0,95.0,245.0,0.0,0.0,2.0,0.0,357.0,0.0,377.0,0.0,0.0,132.0,0.0,0.0,0.0,162.0,498.0,0.0,0.0,0.0,274.0,0.0,0.0,562.0,169.0,0.0,0.0,0.0,0.0,7.0,350.0,488.0,13.0,0.0,397.0,264.0,145.0
2021-07-16 00:00:00+00:00,16.0,0.0,74.0,329.0,216.0,82.0,248.0,0.0,0.0,5.0,0.0,303.0,0.0,340.0,0.0,0.0,115.0,0.0,0.0,0.0,197.0,501.0,0.0,0.0,0.0,304.0,0.0,0.0,560.0,177.0,0.0,0.0,0.0,0.0,31.0,323.0,504.0,8.0,0.0,376.0,256.0,142.0
2021-07-16 01:00:00+00:00,17.0,0.0,91.0,325.0,205.0,99.0,261.0,0.0,0.0,4.0,0.0,371.0,0.0,352.0,0.0,0.0,108.0,0.0,0.0,0.0,246.0,511.0,0.0,0.0,0.0,284.0,0.0,0.0,558.0,176.0,0.0,0.0,0.0,0.0,18.0,327.0,468.0,4.0,0.0,397.0,242.0,147.0
2021-07-16 02:00:00+00:00,0.0,0.0,45.0,315.0,235.0,50.0,208.0,0.0,0.0,45.0,0.0,355.0,0.0,329.0,0.0,0.0,94.0,0.0,0.0,0.0,349.0,424.0,0.0,0.0,0.0,288.0,0.0,0.0,556.0,173.0,0.0,0.0,0.0,0.0,37.0,334.0,460.0,19.0,0.0,380.0,255.0,148.0
2021-07-16 03:00:00+00:00,1.0,0.0,9.0,268.0,195.0,0.0,87.0,0.0,0.0,42.0,0.0,395.0,0.0,279.0,0.0,0.0,105.0,32.0,0.0,0.0,297.0,381.0,0.0,0.0,0.0,236.0,0.0,0.0,557.0,167.0,0.0,0.0,0.0,0.0,28.0,348.0,390.0,58.0,0.0,416.0,203.0,149.0
2021-07-16 04:00:00+00:00,2.0,0.0,6.0,251.0,225.0,0.0,25.0,0.0,0.0,33.0,0.0,269.0,0.0,109.0,0.0,0.0,96.0,102.0,0.0,0.0,425.0,301.0,0.0,0.0,0.0,228.0,0.0,0.0,554.0,135.0,0.0,0.0,0.0,0.0,60.0,296.0,366.0,76.0,0.0,361.0,233.0,146.0
2021-07-16 05:00:00+00:00,62.0,0.0,4.0,198.0,233.0,0.0,4.0,0.0,0.0,0.0,0.0,44.0,0.0,38.0,0.0,0.0,92.0,118.0,0.0,0.0,1.0,199.0,0.0,0.0,0.0,0.0,0.0,0.0,551.0,120.0,0.0,18.0,2.0,0.0,64.0,261.0,323.0,107.0,0.0,333.0,214.0,146.0
2021-07-16 06:00:00+00:00,76.0,0.0,2.0,198.0,213.0,0.0,50.0,0.0,0.0,0.0,0.0,107.0,0.0,176.0,0.0,0.0,49.0,69.0,0.0,0.0,1.0,201.0,0.0,0.0,0.0,0.0,0.0,0.0,549.0,129.0,0.0,76.0,0.0,0.0,45.0,269.0,347.0,102.0,0.0,358.0,173.0,146.0
2021-07-16 07:00:00+00:00,94.0,0.0,13.0,253.0,245.0,0.0,31.0,0.0,0.0,0.0,0.0,142.0,0.0,237.0,0.0,0.0,39.0,72.0,0.0,0.0,1.0,251.0,0.0,0.0,0.0,0.0,0.0,0.0,547.0,82.0,0.0,86.0,0.0,0.0,15.0,266.0,392.0,38.0,0.0,366.0,157.0,143.0
2021-07-16 08:00:00+00:00,136.0,0.0,115.0,283.0,248.0,0.0,0.0,0.0,0.0,0.0,0.0,183.0,95.0,202.0,0.0,0.0,25.0,62.0,0.0,0.0,0.0,346.0,0.0,0.0,0.0,0.0,0.0,0.0,547.0,67.0,5.0,110.0,0.0,0.0,0.0,301.0,364.0,3.0,0.0,385.0,173.0,149.0
2021-07-16 09:00:00+00:00,113.0,0.0,26.0,301.0,264.0,0.0,0.0,0.0,0.0,0.0,0.0,172.0,95.0,238.0,0.0,0.0,14.0,82.0,0.0,0.0,1.0,327.0,0.0,0.0,0.0,0.0,0.0,0.0,547.0,68.0,5.0,173.0,0.0,0.0,0.0,288.0,447.0,26.0,0.0,379.0,168.0,147.0
2021-07-16 10:00:00+00:00,190.0,0.0,59.0,303.0,202.0,0.0,8.0,0.0,0.0,0.0,0.0,312.0,132.0,272.0,0.0,0.0,60.0,100.0,0.0,0.0,1.0,428.0,0.0,0.0,0.0,0.0,0.0,0.0,548.0,74.0,0.0,110.0,0.0,0.0,0.0,326.0,449.0,11.0,0.0,422.0,159.0,146.0
2021-07-16 11:00:00+00:00,178.0,0.0,224.0,334.0,236.0,0.0,21.0,0.0,0.0,0.0,0.0,308.0,109.0,282.0,0.0,0.0,60.0,60.0,0.0,0.0,1.0,455.0,0.0,0.0,0.0,0.0,0.0,0.0,548.0,70.0,0.0,69.0,0.0,0.0,0.0,333.0,440.0,0.0,0.0,404.0,198.0,146.0
2021-07-16 12:00:00+00:00,181.0,0.0,82.0,322.0,245.0,0.0,0.0,0.0,0.0,0.0,0.0,229.0,81.0,233.0,0.0,0.0,56.0,95.0,0.0,0.0,1.0,446.0,0.0,0.0,0.0,0.0,0.0,0.0,547.0,64.0,32.0,88.0,0.0,0.0,0.0,306.0,483.0,3.0,0.0,387.0,185.0,145.0
2021-07-16 13:00:00+00:00,173.0,0.0,200.0,349.0,293.0,0.0,0.0,0.0,0.0,0.0,0.0,224.0,66.0,132.0,0.0,0.0,65.0,120.0,0.0,0.0,1.0,443.0,0.0,0.0,0.0,0.0,0.0,0.0,548.0,65.0,48.0,55.0,0.0,0.0,0.0,290.0,416.0,0.0,0.0,360.0,191.0,147.0
2021-07-16 14:00:00+00:00,231.0,0.0,80.0,340.0,243.0,0.0,0.0,0.0,0.0,0.0,0.0,236.0,105.0,127.0,0.0,0.0,82.0,150.0,0.0,0.0,1.0,508.0,0.0,0.0,0.0,0.0,0.0,0.0,549.0,61.0,60.0,56.0,0.0,0.0,0.0,321.0,476.0,6.0,0.0,378.0,196.0,146.0
2021-07-16 15:00:00+00:00,246.0,0.0,74.0,333.0,241.0,0.0,0.0,0.0,0.0,0.0,0.0,250.0,118.0,92.0,0.0,0.0,110.0,119.0,0.0,0.0,1.0,524.0,0.0,0.0,0.0,0.0,0.0,0.0,551.0,66.0,54.0,109.0,0.0,0.0,0.0,364.0,456.0,7.0,0.0,430.0,186.0,147.0
2021-07-16 16:00:00+00:00,282.0,0.0,46.0,337.0,249.0,0.0,52.0,0.0,0.0,0.0,0.0,160.0,104.0,39.0,0.0,0.0,107.0,45.0,0.0,0.0,1.0,493.0,0.0,0.0,0.0,0.0,0.0,0.0,552.0,60.0,0.0,214.0,1.0,0.0,0.0,349.0,453.0,17.0,0.0,377.0,180.0,147.0
2021-07-16 17:00:00+00:00,304.0,0.0,93.0,316.0,220.0,0.0,21.0,0.0,0.0,0.0,0.0,160.0,118.0,34.0,0.0,0.0,75.0,56.0,0.0,0.0,1.0,531.0,0.0,0.0,0.0,0.0,0.0,0.0,554.0,62.0,0.0,208.0,1.0,0.0,0.0,433.0,409.0,12.0,0.0,405.0,194.0,147.0
2021-07-16 18:00:00+00:00,263.0,0.0,72.0,350.0,299.0,0.0,37.0,0.0,0.0,0.0,0.0,130.0,96.0,18.0,0.0,0.0,72.0,28.0,0.0,0.0,1.0,497.0,0.0,0.0,0.0,0.0,0.0,0.0,557.0,67.0,0.0,254.0,4.0,0.0,0.0,436.0,448.0,10.0,0.0,392.0,186.0,147.0
2021-07-16 19:00:00+00:00,255.0,0.0,60.0,338.0,261.0,0.0,99.0,0.0,0.0,0.0,0.0,161.0,79.0,45.0,0.0,4.0,68.0,141.0,0.0,0.0,0.0,519.0,0.0,0.0,0.0,0.0,0.0,0.0,562.0,125.0,0.0,109.0,0.0,0.0,0.0,356.0,455.0,10.0,0.0,378.0,140.0,147.0
2021-07-16 20:00:00+00:00,268.0,0.0,35.0,322.0,212.0,0.0,100.0,0.0,0.0,0.0,0.0,156.0,83.0,75.0,0.0,118.0,55.0,41.0,0.0,0.0,0.0,525.0,0.0,0.0,0.0,12.0,0.0,0.0,566.0,131.0,0.0,0.0,0.0,0.0,0.0,405.0,453.0,18.0,0.0,435.0,166.0,147.0
2021-07-16 21:00:00+00:00,144.0,0.0,73.0,369.0,283.0,60.0,235.0,0.0,0.0,0.0,0.0,245.0,89.0,111.0,0.0,48.0,93.0,0.0,0.0,0.0,0.0,519.0,0.0,0.0,0.0,44.0,0.0,0.0,573.0,169.0,0.0,0.0,0.0,0.0,0.0,299.0,477.0,11.0,0.0,320.0,239.0,147.0
2021-07-16 22:00:00+00:00,101.0,0.0,49.0,387.0,326.0,100.0,176.0,0.0,0.0,0.0,0.0,477.0,121.0,144.0,0.0,0.0,26.0,0.0,0.0,0.0,265.0,511.0,0.0,0.0,0.0,62.0,0.0,0.0,574.0,205.0,0.0,0.0,0.0,0.0,0.0,289.0,472.0,18.0,0.0,289.0,280.0,147.0
2021-07-16 23:00:00+00:00,2.0,0.0,53.0,382.0,363.0,120.0,156.0,0.0,0.0,22.0,0.0,498.0,117.0,131.0,0.0,0.0,87.0,0.0,0.0,0.0,225.0,409.0,0.0,0.0,0.0,109.0,0.0,0.0,573.0,210.0,0.0,0.0,0.0,0.0,0.0,256.0,472.0,16.0,0.0,257.0,296.0,147.0
2021-07-17 00:00:00+00:00,0.0,0.0,59.0,386.0,424.0,120.0,222.0,0.0,0.0,92.0,0.0,364.0,65.0,86.0,0.0,0.0,73.0,0.0,0.0,0.0,383.0,360.0,0.0,0.0,0.0,171.0,0.0,0.0,573.0,206.0,0.0,0.0,0.0,0.0,0.0,218.0,482.0,10.0,0.0,205.0,315.0,147.0
2021-07-17 01:00:00+00:00,0.0,0.0,48.0,394.0,448.0,102.0,232.0,0.0,0.0,103.0,0.0,218.0,22.0,33.0,0.0,0.0,90.0,0.0,0.0,0.0,401.0,346.0,0.0,0.0,0.0,144.0,0.0,0.0,574.0,192.0,0.0,0.0,1.0,0.0,0.0,133.0,508.0,18.0,0.0,144.0,289.0,147.0
2021-07-17 02:00:00+00:00,0.0,0.0,79.0,406.0,474.0,47.0,206.0,0.0,0.0,110.0,0.0,178.0,0.0,17.0,0.0,0.0,37.0,0.0,0.0,0.0,416.0,347.0,0.0,0.0,0.0,138.0,0.0,0.0,573.0,186.0,0.0,0.0,3.0,0.0,0.0,109.0,503.0,6.0,0.0,98.0,306.0,147.0
2021-07-17 03:00:00+00:00,0.0,0.0,70.0,397.0,468.0,0.0,180.0,0.0,0.0,137.0,0.0,204.0,5.0,9.0,0.0,0.0,34.0,3.0,0.0,0.0,464.0,332.0,0.0,0.0,0.0,137.0,0.0,0.0,573.0,177.0,0.0,0.0,8.0,0.0,0.0,96.0,476.0,9.0,0.0,83.0,293.0,147.0
2021-07-17 04:00:00+00:00,0.0,0.0,42.0,365.0,387.0,0.0,98.0,0.0,0.0,59.0,0.0,224.0,51.0,26.0,0.0,0.0,36.0,120.0,0.0,0.0,328.0,372.0,0.0,0.0,0.0,176.0,0.0,0.0,561.0,179.0,0.0,0.0,9.0,0.0,0.0,159.0,462.0,17.0,0.0,196.0,230.0,147.0
2021-07-17 05:00:00+00:00,0.0,0.0,6.0,308.0,349.0,0.0,91.0,0.0,0.0,93.0,0.0,216.0,91.0,65.0,0.0,0.0,13.0,128.0,0.0,0.0,1.0,247.0,0.0,0.0,0.0,99.0,0.0,0.0,549.0,174.0,0.0,0.0,3.0,0.0,0.0,199.0,395.0,79.0,0.0,263.0,189.0,147.0
2021-07-17 06:00:00+00:00,0.0,0.0,37.0,326.0,377.0,0.0,42.0,0.0,0.0,136.0,0.0,286.0,120.0,128.0,0.0,0.0,0.0,152.0,0.0,0.0,1.0,208.0,0.0,3.0,0.0,19.0,0.0,0.0,548.0,152.0,0.0,0.0,0.0,0.0,0.0,178.0,410.0,22.0,0.0,253.0,177.0,146.0
2021-07-17 07:00:00+00:00,0.0,0.0,18.0,324.0,391.0,0.0,0.0,0.0,0.0,194.0,0.0,277.0,132.0,160.0,0.0,0.0,62.0,114.0,0.0,0.0,1.0,147.0,0.0,0.0,0.0,0.0,0.0,0.0,547.0,75.0,23.0,25.0,0.0,0.0,0.0,156.0,390.0,30.0,0.0,227.0,161.0,146.0
2021-07-17 08:00:00+00:00,0.0,0.0,54.0,339.0,422.0,0.0,0.0,0.0,0.0,197.0,0.0,230.0,125.0,143.0,0.0,0.0,69.0,99.0,0.0,0.0,1.0,155.0,0.0,0.0,0.0,0.0,0.0,0.0,547.0,75.0,20.0,66.0,0.0,0.0,0.0,130.0,420.0,23.0,0.0,217.0,145.0,146.0
2021-07-17 09:00:00+00:00,0.0,0.0,62.0,364.0,433.0,0.0,0.0,0.0,0.0,153.0,0.0,338.0,177.0,207.0,0.0,0.0,63.0,84.0,0.0,0.0,1.0,219.0,0.0,0.0,0.0,57.0,0.0,0.0,547.0,73.0,11.0,0.0,0.0,0.0,0.0,227.0,470.0,11.0,0.0,316.0,142.0,146.0
2021-07-17 10:00:00+00:00,0.0,0.0,107.0,379.0,396.0,0.0,0.0,0.0,0.0,91.0,0.0,411.0,204.0,260.0,0.0,0.0,61.0,63.0,0.0,0.0,1.0,302.0,0.0,0.0,0.0,89.0,0.0,0.0,548.0,74.0,40.0,0.0,0.0,0.0,0.0,301.0,484.0,3.0,0.0,407.0,124.0,146.0
2021-07-17 11:00:00+00:00,0.0,0.0,112.0,386.0,418.0,0.0,3.0,0.0,0.0,97.0,0.0,349.0,195.0,274.0,0.0,0.0,54.0,49.0,0.0,0.0,1.0,300.0,0.0,0.0,0.0,144.0,0.0,0.0,548.0,71.0,0.0,0.0,0.0,0.0,0.0,295.0,497.0,4.0,0.0,393.0,130.0,146.0
2021-07-17 12:00:00+00:00,0.0,0.0,93.0,381.0,385.0,0.0,0.0,0.0,0.0,75.0,0.0,390.0,200.0,268.0,0.0,0.0,46.0,60.0,0.0,0.0,1.0,347.0,0.0,0.0,0.0,154.0,0.0,0.0,547.0,69.0,1.0,0.0,0.0,0.0,0.0,262.0,513.0,6.0,0.0,369.0,121.0,146.0
2021-07-17 13:00:00+00:00,0.0,0.0,59.0,346.0,330.0,0.0,6.0,0.0,0.0,67.0,0.0,485.0,245.0,295.0,0.0,0.0,56.0,70.0,0.0,0.0,1.0,347.0,0.0,0.0,0.0,55.0,0.0,0.0,546.0,67.0,0.0,0.0,0.0,0.0,0.0,226.0,462.0,8.0,0.0,250.0,205.0,146.0
2021-07-17 14:00:00+00:00,26.0,0.0,69.0,361.0,327.0,0.0,0.0,0.0,0.0,1.0,0.0,491.0,248.0,302.0,0.0,0.0,63.0,95.0,0.0,0.0,1.0,423.0,0.0,0.0,0.0,84.0,0.0,0.0,547.0,66.0,13.0,0.0,0.0,0.0,0.0,349.0,478.0,6.0,0.0,450.0,132.0,146.0
2021-07-17 15:00:00+00:00,46.0,0.0,50.0,343.0,312.0,0.0,0.0,0.0,0.0,0.0,0.0,417.0,207.0,220.0,0.0,0.0,49.0,92.0,0.0,0.0,1.0,425.0,0.0,0.0,0.0,0.0,0.0,0.0,547.0,71.0,16.0,120.0,0.0,0.0,0.0,336.0,448.0,14.0,0.0,386.0,160.0,143.0
2021-07-17 16:00:00+00:00,100.0,0.0,21.0,322.0,263.0,0.0,3.0,0.0,0.0,0.0,0.0,418.0,199.0,143.0,0.0,0.0,46.0,103.0,0.0,0.0,1.0,449.0,0.0,0.0,0.0,0.0,0.0,0.0,547.0,69.0,0.0,213.0,0.0,0.0,0.0,336.0,456.0,38.0,0.0,369.0,175.0,147.0
2021-07-17 17:00:00+00:00,94.0,0.0,28.0,307.0,272.0,0.0,0.0,0.0,0.0,0.0,0.0,382.0,188.0,73.0,0.0,0.0,1.0,83.0,0.0,0.0,1.0,411.0,0.0,0.0,0.0,0.0,0.0,0.0,548.0,68.0,22.0,266.0,0.0,0.0,0.0,305.0,407.0,32.0,0.0,319.0,141.0,149.0
2021-07-17 18:00:00+00:00,110.0,0.0,12.0,330.0,281.0,0.0,0.0,0.0,0.0,0.0,0.0,443.0,194.0,77.0,0.0,0.0,0.0,68.0,0.0,0.0,1.0,425.0,0.0,5.0,0.0,0.0,0.0,0.0,548.0,74.0,1.0,308.0,0.0,0.0,0.0,407.0,413.0,42.0,0.0,381.0,149.0,141.0
2021-07-17 19:00:00+00:00,113.0,0.0,31.0,324.0,255.0,0.0,32.0,0.0,0.0,0.0,0.0,413.0,190.0,105.0,0.0,0.0,0.0,62.0,0.0,0.0,1.0,443.0,0.0,20.0,0.0,0.0,0.0,0.0,560.0,163.0,0.0,285.0,0.0,0.0,0.0,406.0,404.0,25.0,0.0,355.0,181.0,145.0
2021-07-17 20:00:00+00:00,188.0,0.0,34.0,330.0,196.0,60.0,27.0,0.0,0.0,0.0,0.0,402.0,179.0,132.0,0.0,0.0,0.0,0.0,0.0,0.0,1.0,543.0,0.0,25.0,0.0,0.0,0.0,0.0,573.0,196.0,0.0,143.0,0.0,0.0,0.0,345.0,419.0,18.0,0.0,342.0,185.0,147.0
2021-07-17 21:00:00+00:00,169.0,0.0,78.0,342.0,252.0,102.0,142.0,0.0,0.0,0.0,0.0,262.0,124.0,138.0,0.0,0.0,26.0,0.0,0.0,0.0,1.0,506.0,0.0,0.0,0.0,0.0,0.0,0.0,573.0,182.0,0.0,104.0,0.0,0.0,0.0,249.0,455.0,11.0,0.0,232.0,268.0,146.0
2021-07-17 22:00:00+00:00,249.0,0.0,32.0,294.0,160.0,145.0,243.0,0.0,0.0,0.0,0.0,564.0,304.0,328.0,0.0,0.0,0.0,0.0,0.0,0.0,1.0,580.0,0.0,1.0,0.0,10.0,0.0,0.0,567.0,171.0,0.0,0.0,0.0,0.0,0.0,407.0,430.0,29.0,0.0,507.0,199.0,146.0
2021-07-17 23:00:00+00:00,100.0,0.0,19.0,282.0,184.0,125.0,189.0,0.0,0.0,0.0,0.0,771.0,294.0,283.0,0.0,0.0,48.0,0.0,0.0,0.0,1.0,512.0,0.0,0.0,0.0,70.0,0.0,0.0,562.0,157.0,0.0,0.0,0.0,0.0,0.0,234.0,419.0,30.0,0.0,425.0,136.0,146.0
2021-07-18 00:00:00+00:00,113.0,0.0,42.0,289.0,187.0,59.0,163.0,0.0,0.0,0.0,0.0,714.0,263.0,245.0,0.0,0.0,69.0,0.0,0.0,0.0,1.0,528.0,0.0,0.0,0.0,67.0,0.0,0.0,562.0,144.0,0.0,0.0,0.0,0.0,0.0,176.0,410.0,22.0,0.0,379.0,127.0,146.0
2021-07-18 01:00:00+00:00,113.0,0.0,46.0,292.0,202.0,115.0,202.0,0.0,0.0,0.0,0.0,593.0,216.0,193.0,0.0,0.0,60.0,0.0,0.0,0.0,1.0,517.0,0.0,0.0,0.0,67.0,0.0,0.0,562.0,160.0,0.0,0.0,0.0,0.0,0.0,137.0,429.0,18.0,0.0,325.0,140.0,146.0
2021-07-18 02:00:00+00:00,96.0,0.0,40.0,306.0,252.0,100.0,221.0,0.0,0.0,0.0,0.0,514.0,170.0,151.0,0.0,0.0,51.0,0.0,0.0,0.0,1.0,506.0,0.0,0.0,0.0,59.0,0.0,0.0,562.0,160.0,0.0,0.0,0.0,0.0,0.0,114.0,451.0,14.0,0.0,272.0,170.0,146.0
2021-07-18 03:00:00+00:00,100.0,0.0,45.0,303.0,254.0,63.0,221.0,0.0,0.0,0.0,0.0,537.0,180.0,156.0,0.0,0.0,24.0,0.0,0.0,0.0,1.0,513.0,0.0,0.0,0.0,118.0,0.0,0.0,561.0,161.0,0.0,0.0,0.0,0.0,0.0,140.0,426.0,15.0,0.0,318.0,153.0,146.0
2021-07-18 04:00:00+00:00,129.0,0.0,22.0,323.0,262.0,59.0,170.0,0.0,0.0,0.0,0.0,563.0,194.0,161.0,0.0,0.0,35.0,0.0,0.0,0.0,1.0,538.0,0.0,0.0,0.0,39.0,0.0,0.0,554.0,182.0,0.0,0.0,0.0,0.0,0.0,141.0,408.0,30.0,0.0,333.0,116.0,146.0
2021-07-18 05:00:00+00:00,122.0,0.0,12.0,310.0,219.0,0.0,119.0,0.0,0.0,0.0,0.0,665.0,208.0,185.0,0.0,0.0,42.0,110.0,0.0,0.0,1.0,527.0,0.0,0.0,0.0,98.0,0.0,0.0,547.0,160.0,0.0,0.0,0.0,0.0,0.0,129.0,386.0,62.0,0.0,364.0,71.0,146.0
2021-07-18 06:00:00+00:00,110.0,0.0,15.0,322.0,199.0,0.0,74.0,0.0,0.0,0.0,0.0,810.0,246.0,283.0,0.0,0.0,38.0,125.0,0.0,0.0,1.0,548.0,0.0,0.0,0.0,13.0,0.0,0.0,546.0,161.0,0.0,0.0,0.0,0.0,0.0,150.0,396.0,46.0,0.0,374.0,74.0,146.0
2021-07-18 07:00:00+00:00,66.0,0.0,22.0,341.0,247.0,0.0,0.0,0.0,0.0,0.0,0.0,849.0,244.0,303.0,0.0,0.0,33.0,157.0,0.0,0.0,1.0,500.0,0.0,0.0,0.0,0.0,0.0,0.0,546.0,76.0,12.0,62.0,0.0,0.0,0.0,155.0,405.0,45.0,0.0,352.0,81.0,146.0
2021-07-18 08:00:00+00:00,68.0,0.0,59.0,350.0,252.0,0.0,0.0,0.0,0.0,0.0,0.0,881.0,250.0,357.0,0.0,0.0,25.0,166.0,0.0,0.0,1.0,503.0,0.0,0.0,0.0,0.0,0.0,0.0,525.0,62.0,9.0,53.0,0.0,0.0,0.0,233.0,421.0,14.0,0.0,385.0,128.0,146.0
2021-07-18 09:00:00+00:00,54.0,0.0,51.0,350.0,266.0,0.0,0.0,0.0,0.0,0.0,0.0,808.0,238.0,375.0,0.0,0.0,18.0,137.0,0.0,0.0,1.0,514.0,0.0,0.0,0.0,0.0,0.0,0.0,513.0,60.0,25.0,7.0,0.0,0.0,0.0,242.0,417.0,21.0,0.0,385.0,132.0,146.0
2021-07-18 10:00:00+00:00,74.0,0.0,62.0,342.0,248.0,0.0,0.0,0.0,0.0,0.0,0.0,757.0,267.0,416.0,0.0,0.0,9.0,162.0,0.0,0.0,1.0,527.0,0.0,0.0,0.0,44.0,0.0,0.0,546.0,60.0,10.0,0.0,0.0,0.0,0.0,239.0,398.0,10.0,0.0,382.0,127.0,146.0
2021-07-18 11:00:00+00:00,98.0,0.0,38.0,335.0,273.0,0.0,0.0,0.0,0.0,0.0,0.0,695.0,314.0,412.0,0.0,0.0,6.0,123.0,0.0,0.0,1.0,516.0,0.0,0.0,0.0,22.0,0.0,0.0,546.0,65.0,49.0,0.0,0.0,0.0,0.0,243.0,400.0,28.0,0.0,431.0,87.0,146.0
2021-07-18 12:00:00+00:00,122.0,0.0,55.0,318.0,233.0,0.0,16.0,0.0,0.0,0.0,0.0,754.0,328.0,367.0,0.0,0.0,7.0,98.0,0.0,0.0,1.0,537.0,0.0,0.0,0.0,0.0,0.0,0.0,547.0,64.0,0.0,13.0,0.0,0.0,0.0,224.0,388.0,10.0,0.0,431.0,71.0,146.0
2021-07-18 13:00:00+00:00,160.0,0.0,100.0,299.0,187.0,0.0,0.0,0.0,0.0,0.0,0.0,744.0,329.0,344.0,0.0,0.0,20.0,115.0,0.0,0.0,1.0,557.0,0.0,0.0,0.0,0.0,0.0,0.0,547.0,66.0,8.0,44.0,0.0,0.0,0.0,241.0,375.0,2.0,0.0,448.0,83.0,146.0
2021-07-18 14:00:00+00:00,169.0,0.0,88.0,294.0,201.0,0.0,0.0,0.0,0.0,0.0,0.0,688.0,311.0,285.0,0.0,0.0,34.0,76.0,0.0,0.0,1.0,561.0,0.0,0.0,0.0,0.0,0.0,0.0,547.0,69.0,27.0,61.0,0.0,0.0,0.0,241.0,352.0,3.0,0.0,439.0,110.0,147.0
2021-07-18 15:00:00+00:00,177.0,0.0,42.0,254.0,149.0,0.0,8.0,0.0,0.0,0.0,0.0,627.0,282.0,237.0,0.0,0.0,64.0,72.0,0.0,0.0,1.0,533.0,0.0,0.0,0.0,0.0,0.0,0.0,547.0,65.0,0.0,135.0,0.0,0.0,0.0,279.0,303.0,42.0,0.0,431.0,134.0,147.0
2021-07-18 16:00:00+00:00,91.0,0.0,2.0,293.0,263.0,0.0,7.0,0.0,0.0,0.0,0.0,344.0,184.0,122.0,0.0,0.0,92.0,62.0,0.0,0.0,1.0,471.0,0.0,0.0,0.0,0.0,0.0,0.0,548.0,63.0,0.0,304.0,0.0,0.0,0.0,277.0,343.0,109.0,0.0,365.0,164.0,146.0
2021-07-18 17:00:00+00:00,91.0,0.0,7.0,320.0,288.0,0.0,0.0,0.0,0.0,0.0,0.0,308.0,161.0,72.0,0.0,0.0,76.0,50.0,0.0,0.0,1.0,471.0,0.0,0.0,0.0,0.0,0.0,0.0,548.0,65.0,2.0,298.0,0.0,0.0,0.0,318.0,328.0,70.0,0.0,355.0,185.0,146.0
2021-07-18 18:00:00+00:00,89.0,0.0,5.0,330.0,326.0,0.0,44.0,0.0,0.0,0.0,0.0,265.0,158.0,103.0,0.0,0.0,46.0,50.0,0.0,0.0,1.0,456.0,0.0,0.0,0.0,0.0,0.0,0.0,548.0,76.0,0.0,334.0,0.0,0.0,0.0,484.0,369.0,74.0,0.0,444.0,247.0,147.0
2021-07-18 19:00:00+00:00,114.0,0.0,14.0,325.0,298.0,69.0,68.0,0.0,0.0,0.0,0.0,257.0,157.0,108.0,0.0,0.0,15.0,0.0,0.0,0.0,1.0,498.0,0.0,0.0,0.0,0.0,0.0,0.0,555.0,117.0,0.0,263.0,0.0,0.0,0.0,505.0,375.0,47.0,0.0,460.0,276.0,148.0
2021-07-18 20:00:00+00:00,209.0,0.0,8.0,287.0,145.0,88.0,156.0,0.0,0.0,0.0,0.0,359.0,202.0,224.0,0.0,0.0,48.0,0.0,0.0,0.0,1.0,599.0,0.0,0.0,0.0,0.0,0.0,0.0,562.0,202.0,0.0,95.0,0.0,0.0,0.0,539.0,378.0,60.0,0.0,520.0,275.0,146.0
2021-07-18 21:00:00+00:00,236.0,0.0,25.0,271.0,93.0,168.0,202.0,0.0,0.0,0.0,0.0,321.0,216.0,269.0,0.0,0.0,54.0,0.0,0.0,0.0,1.0,627.0,0.0,0.0,0.0,0.0,0.0,0.0,567.0,198.0,0.0,83.0,0.0,0.0,0.0,492.0,348.0,48.0,0.0,501.0,265.0,146.0
2021-07-18 22:00:00+00:00,207.0,0.0,50.0,263.0,137.0,282.0,212.0,0.0,0.0,0.0,0.0,220.0,141.0,178.0,0.0,0.0,0.0,0.0,0.0,0.0,1.0,576.0,0.0,3.0,0.0,0.0,0.0,0.0,570.0,208.0,0.0,33.0,0.0,0.0,0.0,352.0,376.0,32.0,0.0,369.0,296.0,146.0
2021-07-18 23:00:00+00:00,128.0,0.0,30.0,279.0,200.0,263.0,216.0,0.0,0.0,0.0,0.0,121.0,80.0,94.0,0.0,0.0,0.0,0.0,0.0,0.0,1.0,539.0,0.0,55.0,0.0,17.0,0.0,0.0,572.0,209.0,0.0,0.0,0.0,0.0,0.0,264.0,417.0,39.0,0.0,302.0,296.0,146.0
2021-07-19 00:00:00+00:00,102.0,0.0,10.0,266.0,213.0,210.0,199.0,0.0,0.0,0.0,0.0,8.0,43.0,45.0,0.0,0.0,0.0,0.0,0.0,0.0,1.0,503.0,0.0,35.0,0.0,37.0,0.0,0.0,573.0,209.0,0.0,0.0,0.0,0.0,0.0,223.0,392.0,53.0,0.0,259.0,300.0,146.0
2021-07-19 01:00:00+00:00,130.0,0.0,18.0,262.0,194.0,200.0,194.0,0.0,0.0,0.0,0.0,48.0,60.0,44.0,0.0,0.0,14.0,0.0,0.0,0.0,1.0,525.0,0.0,0.0,0.0,38.0,0.0,0.0,573.0,204.0,0.0,0.0,0.0,0.0,0.0,208.0,400.0,34.0,0.0,253.0,291.0,146.0
2021-07-19 02:00:00+00:00,123.0,0.0,16.0,249.0,180.0,225.0,178.0,0.0,0.0,0.0,0.0,40.0,62.0,53.0,0.0,0.0,1.0,0.0,0.0,0.0,1.0,512.0,0.0,0.0,0.0,35.0,0.0,0.0,573.0,202.0,0.0,0.0,0.0,0.0,0.0,240.0,381.0,33.0,0.0,269.0,296.0,146.0
2021-07-19 03:00:00+00:00,120.0,0.0,5.0,210.0,137.0,60.0,119.0,0.0,0.0,0.0,0.0,123.0,81.0,36.0,0.0,0.0,0.0,0.0,0.0,0.0,1.0,472.0,0.0,45.0,0.0,0.0,0.0,0.0,572.0,192.0,0.0,27.0,1.0,0.0,0.0,278.0,324.0,57.0,0.0,320.0,260.0,146.0
2021-07-19 04:00:00+00:00,136.0,0.0,4.0,231.0,186.0,0.0,0.0,0.0,0.0,0.0,0.0,2.0,25.0,4.0,0.0,0.0,0.0,63.0,0.0,0.0,1.0,433.0,0.0,37.0,0.0,8.0,0.0,0.0,566.0,159.0,22.0,0.0,33.0,0.0,0.0,218.0,375.0,58.0,0.0,236.0,265.0,145.0
2021-07-19 05:00:00+00:00,146.0,0.0,2.0,166.0,133.0,0.0,0.0,0.0,0.0,0.0,0.0,74.0,74.0,25.0,0.0,0.0,35.0,96.0,0.0,0.0,1.0,318.0,0.0,0.0,0.0,0.0,0.0,0.0,556.0,168.0,29.0,226.0,6.0,0.0,0.0,228.0,287.0,154.0,0.0,273.0,219.0,146.0
2021-07-19 06:00:00+00:00,146.0,0.0,2.0,182.0,113.0,0.0,0.0,0.0,0.0,0.0,0.0,144.0,100.0,107.0,0.0,0.0,15.0,85.0,0.0,0.0,1.0,338.0,0.0,0.0,0.0,0.0,0.0,0.0,557.0,121.0,78.0,201.0,0.0,0.0,0.0,227.0,329.0,106.0,0.0,282.0,203.0,148.0
2021-07-19 07:00:00+00:00,151.0,0.0,8.0,214.0,124.0,0.0,0.0,0.0,0.0,0.0,0.0,263.0,152.0,145.0,0.0,0.0,6.0,106.0,0.0,0.0,1.0,352.0,0.0,0.0,0.0,0.0,0.0,0.0,556.0,75.0,94.0,217.0,0.0,0.0,0.0,258.0,342.0,43.0,0.0,344.0,181.0,146.0
2021-07-19 08:00:00+00:00,198.0,0.0,7.0,214.0,65.0,0.0,0.0,0.0,0.0,0.0,0.0,324.0,189.0,190.0,0.0,0.0,0.0,91.0,0.0,0.0,1.0,396.0,0.0,1.0,0.0,0.0,0.0,0.0,557.0,78.0,51.0,126.0,0.0,0.0,0.0,334.0,365.0,39.0,0.0,433.0,171.0,145.0
2021-07-19 09:00:00+00:00,225.0,0.0,12.0,218.0,35.0,0.0,0.0,0.0,0.0,0.0,0.0,348.0,186.0,219.0,0.0,0.0,19.0,25.0,0.0,0.0,1.0,454.0,0.0,0.0,0.0,0.0,0.0,0.0,557.0,83.0,36.0,126.0,0.0,0.0,0.0,330.0,371.0,29.0,0.0,454.0,146.0,147.0
2021-07-19 10:00:00+00:00,218.0,0.0,7.0,207.0,40.0,0.0,12.0,0.0,0.0,0.0,0.0,295.0,172.0,205.0,0.0,0.0,79.0,41.0,0.0,0.0,1.0,425.0,0.0,0.0,0.0,0.0,0.0,0.0,557.0,85.0,0.0,153.0,0.0,0.0,0.0,329.0,371.0,45.0,0.0,485.0,121.0,146.0
2021-07-19 11:00:00+00:00,219.0,0.0,9.0,212.0,40.0,0.0,35.0,0.0,0.0,0.0,0.0,249.0,153.0,191.0,0.0,0.0,83.0,9.0,0.0,0.0,1.0,411.0,0.0,0.0,0.0,0.0,0.0,0.0,556.0,87.0,0.0,145.0,0.0,0.0,0.0,302.0,373.0,54.0,0.0,472.0,104.0,145.0
2021-07-19 12:00:00+00:00,203.0,0.0,2.0,202.0,31.0,0.0,42.0,0.0,0.0,0.0,0.0,303.0,161.0,182.0,0.0,0.0,89.0,3.0,0.0,0.0,1.0,376.0,0.0,0.0,0.0,0.0,0.0,0.0,557.0,91.0,0.0,151.0,0.0,0.0,0.0,275.0,346.0,74.0,0.0,455.0,89.0,147.0
2021-07-19 13:00:00+00:00,208.0,0.0,3.0,209.0,68.0,0.0,40.0,0.0,0.0,0.0,0.0,280.0,141.0,137.0,0.0,0.0,104.0,17.0,0.0,0.0,1.0,383.0,0.0,0.0,0.0,0.0,0.0,0.0,557.0,89.0,0.0,160.0,0.0,0.0,0.0,249.0,360.0,71.0,0.0,399.0,93.0,144.0
2021-07-19 14:00:00+00:00,208.0,0.0,4.0,226.0,87.0,0.0,20.0,0.0,0.0,0.0,0.0,254.0,128.0,112.0,0.0,0.0,56.0,1.0,0.0,0.0,1.0,414.0,0.0,0.0,0.0,0.0,0.0,0.0,557.0,92.0,0.0,136.0,0.0,0.0,0.0,332.0,365.0,50.0,0.0,393.0,144.0,147.0
2021-07-19 15:00:00+00:00,180.0,0.0,5.0,238.0,143.0,23.0,49.0,0.0,0.0,0.0,0.0,272.0,119.0,43.0,0.0,0.0,48.0,0.0,0.0,0.0,1.0,383.0,0.0,0.0,0.0,0.0,0.0,0.0,557.0,87.0,0.0,188.0,0.0,0.0,0.0,356.0,336.0,61.0,0.0,396.0,182.0,147.0
2021-07-19 16:00:00+00:00,213.0,0.0,7.0,254.0,176.0,97.0,78.0,0.0,0.0,0.0,0.0,190.0,101.0,7.0,0.0,0.0,58.0,0.0,0.0,0.0,1.0,393.0,0.0,0.0,0.0,0.0,0.0,0.0,557.0,84.0,0.0,258.0,10.0,0.0,0.0,380.0,319.0,66.0,0.0,375.0,203.0,147.0
2021-07-19 17:00:00+00:00,178.0,0.0,2.0,262.0,222.0,67.0,97.0,0.0,0.0,0.0,0.0,70.0,76.0,3.0,0.0,0.0,66.0,0.0,0.0,0.0,1.0,345.0,0.0,0.0,0.0,0.0,0.0,0.0,557.0,81.0,0.0,332.0,16.0,0.0,0.0,355.0,331.0,86.0,0.0,318.0,200.0,147.0
2021-07-19 18:00:00+00:00,192.0,0.0,2.0,278.0,227.0,120.0,53.0,0.0,0.0,0.0,0.0,81.0,79.0,0.0,0.0,0.0,79.0,0.0,0.0,0.0,1.0,373.0,0.0,0.0,0.0,0.0,0.0,0.0,557.0,86.0,0.0,346.0,29.0,0.0,0.0,357.0,356.0,81.0,0.0,318.0,180.0,143.0
2021-07-19 19:00:00+00:00,167.0,0.0,11.0,302.0,275.0,210.0,64.0,0.0,0.0,0.0,0.0,41.0,57.0,4.0,0.0,0.0,73.0,0.0,0.0,0.0,1.0,369.0,0.0,0.0,0.0,0.0,0.0,0.0,564.0,88.0,0.0,326.0,15.0,0.0,0.0,317.0,381.0,55.0,0.0,263.0,206.0,143.0
2021-07-19 20:00:00+00:00,231.0,0.0,35.0,307.0,226.0,296.0,88.0,0.0,0.0,0.0,0.0,228.0,105.0,39.0,0.0,0.0,62.0,0.0,0.0,0.0,1.0,478.0,0.0,0.0,0.0,0.0,0.0,0.0,572.0,87.0,0.0,256.0,1.0,0.0,0.0,406.0,417.0,18.0,0.0,400.0,222.0,145.0
2021-07-19 21:00:00+00:00,177.0,0.0,34.0,297.0,199.0,335.0,77.0,0.0,0.0,0.0,0.0,304.0,106.0,84.0,0.0,0.0,28.0,0.0,0.0,0.0,1.0,464.0,0.0,0.0,0.0,0.0,0.0,0.0,572.0,86.0,0.0,42.0,0.0,0.0,0.0,358.0,418.0,28.0,0.0,353.0,276.0,145.0
2021-07-19 22:00:00+00:00,148.0,0.0,18.0,268.0,130.0,331.0,87.0,0.0,0.0,0.0,0.0,169.0,72.0,104.0,0.0,0.0,15.0,0.0,0.0,0.0,1.0,495.0,0.0,0.0,0.0,157.0,0.0,0.0,572.0,86.0,0.0,0.0,0.0,0.0,0.0,369.0,419.0,24.0,0.0,342.0,347.0,146.0
2021-07-19 23:00:00+00:00,107.0,0.0,28.0,286.0,140.0,400.0,81.0,0.0,0.0,0.0,0.0,255.0,68.0,69.0,0.0,0.0,0.0,0.0,0.0,0.0,1.0,565.0,0.0,2.0,0.0,199.0,0.0,0.0,572.0,84.0,0.0,0.0,0.0,0.0,0.0,268.0,458.0,15.0,0.0,270.0,341.0,144.0
2021-07-20 00:00:00+00:00,78.0,0.0,28.0,289.0,175.0,383.0,97.0,0.0,0.0,0.0,0.0,176.0,39.0,18.0,0.0,0.0,0.0,0.0,0.0,0.0,1.0,544.0,0.0,18.0,0.0,204.0,0.0,0.0,572.0,78.0,0.0,0.0,2.0,0.0,0.0,155.0,463.0,23.0,0.0,192.0,305.0,144.0
2021-07-20 01:00:00+00:00,72.0,0.0,27.0,280.0,176.0,368.0,76.0,0.0,0.0,0.0,0.0,153.0,29.0,3.0,0.0,0.0,0.0,0.0,0.0,0.0,1.0,544.0,0.0,29.0,0.0,206.0,0.0,0.0,573.0,76.0,0.0,0.0,17.0,0.0,0.0,107.0,447.0,13.0,0.0,176.0,272.0,143.0
2021-07-20 02:00:00+00:00,84.0,0.0,22.0,276.0,159.0,327.0,123.0,0.0,0.0,0.0,0.0,229.0,39.0,4.0,0.0,0.0,0.0,0.0,0.0,0.0,1.0,536.0,0.0,29.0,0.0,231.0,0.0,0.0,573.0,75.0,0.0,0.0,14.0,0.0,0.0,170.0,456.0,21.0,0.0,219.0,276.0,143.0
2021-07-20 03:00:00+00:00,111.0,0.0,12.0,265.0,109.0,248.0,115.0,0.0,0.0,0.0,0.0,354.0,88.0,49.0,0.0,0.0,0.0,0.0,0.0,0.0,1.0,535.0,0.0,28.0,0.0,212.0,0.0,0.0,573.0,79.0,0.0,0.0,0.0,0.0,0.0,348.0,436.0,27.0,0.0,366.0,280.0,145.0
2021-07-20 04:00:00+00:00,167.0,0.0,16.0,276.0,154.0,228.0,130.0,0.0,0.0,0.0,0.0,182.0,33.0,0.0,0.0,0.0,0.0,0.0,0.0,0.0,1.0,477.0,0.0,19.0,0.0,144.0,0.0,0.0,565.0,82.0,0.0,0.0,67.0,0.0,0.0,273.0,426.0,40.0,0.0,295.0,256.0,144.0
2021-07-20 05:00:00+00:00,140.0,0.0,0.0,213.0,167.0,211.0,109.0,0.0,0.0,0.0,0.0,1.0,23.0,0.0,0.0,0.0,10.0,0.0,0.0,0.0,1.0,273.0,0.0,0.0,0.0,0.0,0.0,0.0,558.0,82.0,0.0,69.0,83.0,0.0,0.0,238.0,328.0,125.0,0.0,285.0,205.0,144.0
2021-07-20 06:00:00+00:00,150.0,0.0,0.0,202.0,115.0,211.0,121.0,0.0,0.0,0.0,0.0,46.0,53.0,25.0,0.0,0.0,13.0,0.0,0.0,0.0,1.0,290.0,0.0,0.0,0.0,0.0,0.0,0.0,558.0,79.0,0.0,71.0,2.0,0.0,0.0,284.0,297.0,130.0,0.0,370.0,164.0,146.0
2021-07-20 07:00:00+00:00,162.0,0.0,0.0,229.0,119.0,140.0,92.0,0.0,0.0,0.0,0.0,94.0,95.0,102.0,0.0,0.0,14.0,0.0,0.0,0.0,1.0,364.0,0.0,0.0,0.0,0.0,0.0,0.0,558.0,81.0,0.0,115.0,0.0,0.0,0.0,303.0,345.0,94.0,0.0,419.0,159.0,147.0
2021-07-20 08:00:00+00:00,161.0,0.0,3.0,239.0,116.0,167.0,101.0,0.0,0.0,0.0,0.0,43.0,103.0,147.0,0.0,0.0,13.0,0.0,0.0,0.0,1.0,394.0,0.0,0.0,0.0,0.0,0.0,0.0,558.0,82.0,0.0,88.0,0.0,0.0,0.0,324.0,372.0,59.0,0.0,453.0,156.0,143.0
2021-07-20 09:00:00+00:00,188.0,0.0,4.0,255.0,115.0,167.0,69.0,0.0,0.0,0.0,0.0,29.0,114.0,172.0,0.0,0.0,0.0,0.0,0.0,0.0,1.0,445.0,0.0,9.0,0.0,0.0,0.0,0.0,558.0,82.0,0.0,86.0,0.0,0.0,0.0,328.0,388.0,52.0,0.0,461.0,147.0,146.0
2021-07-20 10:00:00+00:00,228.0,0.0,6.0,249.0,73.0,76.0,96.0,0.0,0.0,0.0,0.0,104.0,144.0,194.0,0.0,0.0,0.0,0.0,0.0,0.0,1.0,490.0,0.0,2.0,0.0,0.0,0.0,0.0,558.0,86.0,0.0,36.0,0.0,0.0,0.0,302.0,383.0,44.0,0.0,478.0,104.0,145.0
2021-07-20 11:00:00+00:00,223.0,0.0,10.0,246.0,73.0,97.0,101.0,0.0,0.0,0.0,0.0,63.0,132.0,210.0,0.0,0.0,0.0,0.0,0.0,0.0,1.0,468.0,0.0,16.0,0.0,0.0,0.0,0.0,557.0,84.0,0.0,50.0,0.0,0.0,0.0,295.0,367.0,43.0,0.0,467.0,114.0,146.0
2021-07-20 12:00:00+00:00,215.0,0.0,10.0,242.0,82.0,99.0,59.0,0.0,0.0,0.0,0.0,17.0,119.0,209.0,0.0,0.0,0.0,0.0,0.0,0.0,1.0,466.0,0.0,1.0,0.0,0.0,0.0,0.0,558.0,85.0,0.0,60.0,0.0,0.0,0.0,284.0,375.0,36.0,0.0,449.0,118.0,146.0
2021-07-20 13:00:00+00:00,186.0,0.0,10.0,230.0,100.0,82.0,70.0,0.0,0.0,0.0,0.0,9.0,94.0,167.0,0.0,0.0,0.0,0.0,0.0,0.0,1.0,423.0,0.0,2.0,0.0,0.0,0.0,0.0,557.0,84.0,0.0,94.0,0.0,0.0,0.0,246.0,366.0,34.0,0.0,402.0,128.0,146.0
2021-07-20 14:00:00+00:00,188.0,32.0,34.0,260.0,148.0,88.0,103.0,0.0,0.0,0.0,0.0,0.0,73.0,121.0,0.0,0.0,24.0,0.0,0.0,0.0,1.0,469.0,0.0,0.0,0.0,0.0,0.0,0.0,557.0,79.0,0.0,107.0,0.0,0.0,0.0,260.0,410.0,10.0,0.0,380.0,142.0,145.0
2021-07-20 15:00:00+00:00,157.0,79.0,38.0,280.0,236.0,126.0,99.0,0.0,0.0,0.0,0.0,0.0,55.0,41.0,0.0,0.0,48.0,0.0,0.0,0.0,1.0,418.0,0.0,0.0,0.0,0.0,0.0,0.0,558.0,84.0,0.0,197.0,0.0,0.0,0.0,316.0,406.0,13.0,0.0,370.0,178.0,147.0
2021-07-20 16:00:00+00:00,182.0,228.0,42.0,307.0,255.0,163.0,107.0,0.0,0.0,0.0,0.0,0.0,6.0,1.0,0.0,0.0,60.0,0.0,0.0,0.0,1.0,479.0,0.0,0.0,0.0,0.0,0.0,0.0,558.0,79.0,0.0,91.0,62.0,0.0,0.0,289.0,429.0,14.0,0.0,296.0,197.0,146.0
2021-07-20 17:00:00+00:00,207.0,277.0,21.0,294.0,223.0,150.0,98.0,0.0,0.0,0.0,0.0,0.0,0.0,0.0,0.0,0.0,74.0,0.0,0.0,0.0,1.0,488.0,0.0,0.0,0.0,0.0,0.0,0.0,558.0,78.0,0.0,47.0,96.0,0.0,18.0,291.0,406.0,20.0,0.0,232.0,216.0,148.0
2021-07-20 18:00:00+00:00,200.0,139.0,29.0,309.0,246.0,171.0,53.0,0.0,0.0,0.0,0.0,0.0,0.0,0.0,0.0,0.0,77.0,0.0,0.0,0.0,1.0,470.0,0.0,0.0,0.0,0.0,0.0,0.0,558.0,82.0,0.0,83.0,70.0,0.0,7.0,337.0,418.0,13.0,0.0,237.0,243.0,149.0
2021-07-20 19:00:00+00:00,110.0,146.0,44.0,326.0,324.0,268.0,16.0,0.0,0.0,0.0,0.0,0.0,0.0,0.0,0.0,0.0,78.0,0.0,0.0,0.0,1.0,395.0,0.0,0.0,0.0,0.0,0.0,0.0,565.0,90.0,0.0,103.0,81.0,0.0,43.0,337.0,421.0,9.0,0.0,215.0,282.0,148.0
2021-07-20 20:00:00+00:00,173.0,0.0,41.0,304.0,222.0,328.0,10.0,0.0,0.0,0.0,0.0,34.0,45.0,27.0,0.0,0.0,60.0,0.0,0.0,0.0,1.0,486.0,0.0,0.0,0.0,0.0,0.0,0.0,574.0,91.0,0.0,111.0,4.0,0.0,0.0,391.0,439.0,16.0,0.0,326.0,281.0,147.0
2021-07-20 21:00:00+00:00,171.0,7.0,31.0,324.0,209.0,332.0,0.0,0.0,0.0,0.0,0.0,0.0,20.0,79.0,0.0,0.0,39.0,0.0,0.0,0.0,1.0,527.0,0.0,0.0,0.0,160.0,0.0,0.0,574.0,84.0,1.0,0.0,0.0,0.0,0.0,351.0,439.0,24.0,0.0,251.0,374.0,147.0
2021-07-20 22:00:00+00:00,126.0,167.0,65.0,366.0,276.0,328.0,13.0,0.0,0.0,0.0,0.0,0.0,0.0,21.0,0.0,0.0,0.0,0.0,0.0,0.0,1.0,581.0,0.0,7.0,0.0,270.0,0.0,0.0,578.0,81.0,0.0,0.0,5.0,0.0,39.0,256.0,486.0,14.0,0.0,128.0,374.0,145.0
2021-07-20 23:00:00+00:00,17.0,267.0,63.0,379.0,338.0,375.0,0.0,0.0,0.0,5.0,0.0,0.0,0.0,1.0,0.0,0.0,0.0,0.0,0.0,0.0,1.0,529.0,0.0,21.0,0.0,372.0,0.0,0.0,583.0,81.0,1.0,0.0,35.0,0.0,83.0,169.0,479.0,9.0,0.0,38.0,389.0,145.0
2021-07-21 00:00:00+00:00,0.0,427.0,90.0,380.0,387.0,433.0,0.0,0.0,0.0,31.0,0.0,0.0,0.0,0.0,0.0,0.0,0.0,0.0,0.0,0.0,1.0,511.0,0.0,34.0,0.0,376.0,0.0,31.0,583.0,86.0,5.0,0.0,101.0,0.0,139.0,103.0,505.0,3.0,0.0,0.0,391.0,144.0
2021-07-21 01:00:00+00:00,0.0,465.0,110.0,389.0,407.0,418.0,25.0,0.0,0.0,34.0,0.0,0.0,0.0,0.0,0.0,0.0,0.0,0.0,0.0,0.0,1.0,498.0,0.0,41.0,0.0,347.0,0.0,63.0,584.0,89.0,0.0,0.0,127.0,0.0,160.0,45.0,509.0,0.0,0.0,0.0,377.0,145.0
2021-07-21 02:00:00+00:00,0.0,533.0,106.0,401.0,453.0,304.0,32.0,0.0,0.0,66.0,0.0,0.0,0.0,0.0,0.0,0.0,0.0,0.0,0.0,0.0,1.0,466.0,0.0,37.0,0.0,360.0,0.0,114.0,584.0,82.0,0.0,0.0,189.0,0.0,200.0,37.0,528.0,1.0,0.0,0.0,409.0,148.0
2021-07-21 03:00:00+00:00,0.0,515.0,86.0,358.0,409.0,262.0,35.0,0.0,0.0,78.0,0.0,0.0,0.0,0.0,0.0,0.0,0.0,0.0,0.0,0.0,1.0,425.0,0.0,31.0,0.0,357.0,0.0,44.0,583.0,82.0,0.0,0.0,200.0,0.0,193.0,123.0,474.0,5.0,0.0,0.0,392.0,146.0
2021-07-21 04:00:00+00:00,0.0,637.0,26.0,319.0,432.0,95.0,93.0,0.0,0.0,99.0,0.0,0.0,0.0,0.0,0.0,0.0,0.0,0.0,0.0,0.0,1.0,255.0,0.0,13.0,0.0,345.0,0.0,149.0,573.0,84.0,0.0,0.0,246.0,0.0,243.0,18.0,418.0,17.0,0.0,0.0,392.0,145.0
2021-07-21 05:00:00+00:00,0.0,617.0,14.0,307.0,481.0,21.0,41.0,0.0,0.0,126.0,0.0,0.0,0.0,0.0,0.0,0.0,13.0,0.0,0.0,0.0,1.0,112.0,0.0,0.0,0.0,49.0,0.0,228.0,562.0,84.0,0.0,0.0,258.0,0.0,246.0,0.0,382.0,26.0,137.0,0.0,274.0,147.0
2021-07-21 06:00:00+00:00,0.0,495.0,25.0,320.0,453.0,67.0,100.0,0.0,0.0,110.0,0.0,0.0,0.0,0.0,0.0,0.0,16.0,0.0,0.0,0.0,1.0,152.0,0.0,0.0,0.0,0.0,0.0,161.0,562.0,79.0,0.0,46.0,109.0,0.0,190.0,0.0,415.0,17.0,103.0,0.0,245.0,145.0
2021-07-21 07:00:00+00:00,0.0,394.0,16.0,316.0,414.0,111.0,95.0,0.0,0.0,105.0,0.0,0.0,0.0,0.0,0.0,0.0,12.0,0.0,0.0,0.0,1.0,165.0,0.0,0.0,0.0,43.0,0.0,38.0,561.0,73.0,0.0,0.0,23.0,0.0,139.0,0.0,407.0,26.0,35.0,0.0,214.0,146.0
2021-07-21 08:00:00+00:00,0.0,334.0,33.0,329.0,377.0,126.0,61.0,0.0,0.0,50.0,0.0,0.0,0.0,32.0,0.0,0.0,0.0,0.0,0.0,0.0,1.0,231.0,0.0,3.0,0.0,109.0,0.0,8.0,562.0,73.0,0.0,0.0,2.0,0.0,120.0,0.0,434.0,23.0,25.0,3.0,206.0,143.0
2021-07-21 09:00:00+00:00,19.0,227.0,64.0,342.0,309.0,103.0,78.0,0.0,0.0,2.0,0.0,0.0,0.0,102.0,0.0,0.0,14.0,0.0,0.0,0.0,1.0,340.0,0.0,0.0,0.0,169.0,0.0,0.0,562.0,80.0,0.0,0.0,0.0,0.0,55.0,10.0,474.0,2.0,0.0,73.0,178.0,145.0
2021-07-21 10:00:00+00:00,49.0,162.0,53.0,334.0,271.0,29.0,110.0,0.0,0.0,0.0,0.0,0.0,0.0,162.0,0.0,0.0,58.0,0.0,0.0,0.0,1.0,382.0,0.0,0.0,0.0,173.0,0.0,0.0,562.0,80.0,0.0,0.0,0.0,0.0,8.0,71.0,459.0,6.0,0.0,178.0,153.0,146.0
2021-07-21 11:00:00+00:00,33.0,122.0,34.0,323.0,247.0,65.0,95.0,0.0,0.0,4.0,0.0,0.0,17.0,198.0,0.0,0.0,65.0,0.0,0.0,0.0,1.0,380.0,0.0,0.0,0.0,153.0,0.0,0.0,563.0,75.0,0.0,0.0,0.0,0.0,0.0,63.0,460.0,14.0,0.0,197.0,124.0,145.0
2021-07-21 12:00:00+00:00,63.0,162.0,16.0,291.0,211.0,40.0,92.0,0.0,0.0,0.0,0.0,0.0,0.0,148.0,0.0,0.0,78.0,0.0,0.0,0.0,1.0,377.0,0.0,0.0,0.0,288.0,0.0,0.0,562.0,78.0,0.0,0.0,0.0,0.0,6.0,73.0,424.0,23.0,0.0,185.0,159.0,143.0
2021-07-21 13:00:00+00:00,94.0,94.0,21.0,280.0,197.0,0.0,45.0,0.0,0.0,0.0,0.0,0.0,11.0,110.0,0.0,0.0,53.0,2.0,0.0,0.0,1.0,407.0,0.0,0.0,0.0,270.0,0.0,0.0,561.0,82.0,0.0,0.0,0.0,0.0,0.0,54.0,404.0,31.0,0.0,176.0,131.0,142.0
2021-07-21 14:00:00+00:00,110.0,148.0,46.0,312.0,240.0,77.0,64.0,0.0,0.0,0.0,0.0,0.0,0.0,60.0,0.0,0.0,31.0,0.0,0.0,0.0,1.0,463.0,0.0,0.0,0.0,288.0,0.0,0.0,561.0,87.0,0.0,0.0,0.0,0.0,9.0,70.0,465.0,8.0,0.0,107.0,189.0,131.0
2021-07-21 15:00:00+00:00,57.0,309.0,94.0,354.0,359.0,114.0,125.0,0.0,0.0,0.0,0.0,0.0,0.0,4.0,0.0,0.0,44.0,0.0,0.0,0.0,1.0,428.0,0.0,0.0,0.0,145.0,0.0,0.0,561.0,85.0,0.0,0.0,61.0,0.0,86.0,111.0,505.0,2.0,0.0,30.0,276.0,134.0
2021-07-21 16:00:00+00:00,43.0,543.0,122.0,383.0,490.0,190.0,127.0,0.0,0.0,0.0,0.0,0.0,0.0,0.0,0.0,0.0,62.0,0.0,0.0,0.0,1.0,362.0,0.0,0.0,0.0,15.0,0.0,86.0,562.0,81.0,0.0,0.0,234.0,0.0,184.0,64.0,512.0,2.0,0.0,0.0,304.0,143.0
2021-07-21 17:00:00+00:00,4.0,739.0,163.0,430.0,639.0,184.0,117.0,0.0,0.0,17.0,0.0,0.0,0.0,0.0,0.0,0.0,70.0,0.0,0.0,0.0,1.0,289.0,0.0,0.0,0.0,0.0,0.0,221.0,562.0,77.0,0.0,27.0,373.0,0.0,273.0,0.0,524.0,0.0,20.0,0.0,325.0,142.0
2021-07-21 18:00:00+00:00,1.0,729.0,105.0,432.0,646.0,168.0,84.0,0.0,0.0,21.0,0.0,0.0,0.0,0.0,0.0,0.0,69.0,0.0,0.0,0.0,1.0,275.0,0.0,0.0,0.0,0.0,0.0,223.0,562.0,81.0,0.0,9.0,353.0,0.0,281.0,2.0,527.0,1.0,12.0,0.0,309.0,140.0
2021-07-21 19:00:00+00:00,0.0,719.0,118.0,429.0,635.0,338.0,31.0,0.0,0.0,63.0,0.0,0.0,0.0,0.0,0.0,0.0,65.0,0.0,0.0,0.0,1.0,262.0,0.0,0.0,0.0,158.0,0.0,282.0,571.0,89.0,0.0,0.0,285.0,0.0,290.0,0.0,512.0,1.0,30.0,0.0,363.0,144.0
2021-07-21 20:00:00+00:00,9.0,510.0,112.0,434.0,590.0,410.0,84.0,0.0,0.0,14.0,0.0,0.0,0.0,0.0,0.0,0.0,47.0,0.0,0.0,0.0,1.0,338.0,0.0,0.0,0.0,107.0,0.0,219.0,581.0,84.0,0.0,0.0,169.0,0.0,210.0,5.0,521.0,2.0,4.0,0.0,377.0,142.0
2021-07-21 21:00:00+00:00,0.0,498.0,98.0,436.0,581.0,410.0,99.0,0.0,0.0,52.0,0.0,0.0,0.0,0.0,0.0,0.0,27.0,0.0,0.0,0.0,1.0,333.0,0.0,0.0,0.0,268.0,0.0,208.0,582.0,80.0,0.0,0.0,122.0,0.0,226.0,59.0,493.0,9.0,0.0,0.0,474.0,147.0
2021-07-21 22:00:00+00:00,0.0,379.0,146.0,446.0,592.0,397.0,122.0,0.0,0.0,52.0,0.0,0.0,0.0,0.0,0.0,0.0,1.0,0.0,0.0,0.0,1.0,392.0,0.0,0.0,0.0,324.0,0.0,169.0,583.0,78.0,0.0,0.0,104.0,0.0,205.0,59.0,547.0,0.0,0.0,0.0,473.0,148.0
2021-07-21 23:00:00+00:00,0.0,365.0,180.0,432.0,603.0,412.0,133.0,0.0,0.0,134.0,0.0,0.0,0.0,0.0,0.0,0.0,0.0,0.0,0.0,0.0,1.0,361.0,0.0,15.0,0.0,364.0,0.0,156.0,583.0,78.0,0.0,0.0,149.0,0.0,214.0,10.0,527.0,1.0,2.0,0.0,436.0,146.0
2021-07-22 00:00:00+00:00,0.0,510.0,89.0,395.0,613.0,362.0,93.0,0.0,0.0,208.0,0.0,0.0,0.0,0.0,0.0,0.0,0.0,0.0,0.0,0.0,1.0,283.0,0.0,27.0,0.0,384.0,0.0,192.0,583.0,79.0,0.0,0.0,202.0,0.0,268.0,0.0,511.0,3.0,31.0,0.0,439.0,146.0
2021-07-22 01:00:00+00:00,0.0,616.0,88.0,371.0,622.0,356.0,78.0,0.0,0.0,250.0,0.0,0.0,0.0,0.0,0.0,0.0,0.0,0.0,0.0,0.0,1.0,203.0,0.0,35.0,0.0,365.0,0.0,240.0,583.0,78.0,0.0,0.0,256.0,0.0,304.0,0.0,476.0,2.0,102.0,0.0,416.0,144.0
2021-07-22 02:00:00+00:00,0.0,627.0,46.0,352.0,634.0,371.0,125.0,0.0,0.0,283.0,0.0,0.0,0.0,0.0,0.0,0.0,0.0,0.0,0.0,0.0,1.0,128.0,0.0,39.0,0.0,367.0,0.0,253.0,582.0,78.0,0.0,0.0,304.0,0.0,325.0,0.0,454.0,9.0,103.0,0.0,408.0,147.0
2021-07-22 03:00:00+00:00,0.0,711.0,50.0,337.0,631.0,244.0,92.0,0.0,0.0,322.0,0.0,0.0,0.0,0.0,0.0,0.0,0.0,0.0,0.0,0.0,1.0,74.0,0.0,34.0,0.0,398.0,0.0,235.0,582.0,79.0,0.0,0.0,321.0,0.0,349.0,0.0,417.0,7.0,28.0,0.0,433.0,146.0
2021-07-22 04:00:00+00:00,0.0,995.0,14.0,291.0,600.0,75.0,136.0,0.0,58.0,320.0,0.0,0.0,0.0,0.0,0.0,0.0,0.0,0.0,0.0,0.0,1.0,3.0,0.0,17.0,0.0,229.0,0.0,347.0,572.0,77.0,0.0,0.0,467.0,0.0,456.0,0.0,364.0,39.0,120.0,0.0,476.0,147.0
2021-07-22 05:00:00+00:00,0.0,1061.0,2.0,242.0,625.0,56.0,109.0,0.0,269.0,363.0,0.0,0.0,0.0,0.0,0.0,0.0,14.0,0.0,0.0,0.0,1.0,0.0,0.0,0.0,0.0,128.0,0.0,439.0,553.0,82.0,0.0,0.0,518.0,0.0,461.0,0.0,291.0,118.0,291.0,0.0,385.0,147.0
2021-07-22 06:00:00+00:00,0.0,1019.0,0.0,266.0,631.0,68.0,113.0,0.0,284.0,379.0,0.0,0.0,0.0,0.0,0.0,0.0,25.0,0.0,0.0,0.0,1.0,0.0,0.0,0.0,0.0,116.0,0.0,408.0,552.0,83.0,0.0,0.0,393.0,0.0,517.0,0.0,291.0,109.0,289.0,0.0,366.0,145.0
2021-07-22 07:00:00+00:00,0.0,790.0,3.0,270.0,600.0,47.0,120.0,0.0,297.0,395.0,0.0,0.0,0.0,0.0,0.0,0.0,18.0,0.0,0.0,0.0,1.0,0.0,0.0,0.0,0.0,207.0,0.0,297.0,552.0,86.0,0.0,0.0,256.0,0.0,525.0,0.0,300.0,114.0,205.0,0.0,381.0,145.0
2021-07-22 08:00:00+00:00,0.0,637.0,31.0,294.0,561.0,41.0,120.0,0.0,172.0,358.0,0.0,0.0,0.0,0.0,0.0,0.0,5.0,0.0,0.0,0.0,1.0,0.0,0.0,0.0,0.0,248.0,0.0,178.0,552.0,86.0,0.0,0.0,101.0,0.0,452.0,0.0,406.0,38.0,105.0,0.0,352.0,145.0
2021-07-22 09:00:00+00:00,0.0,498.0,56.0,354.0,555.0,0.0,21.0,0.0,35.0,302.0,0.0,0.0,0.0,3.0,0.0,0.0,0.0,61.0,0.0,0.0,1.0,3.0,0.0,1.0,0.0,241.0,0.0,137.0,552.0,69.0,0.0,0.0,19.0,0.0,407.0,0.0,452.0,7.0,116.0,0.0,311.0,148.0
2021-07-22 10:00:00+00:00,0.0,306.0,77.0,366.0,485.0,0.0,45.0,0.0,0.0,215.0,0.0,0.0,0.0,49.0,0.0,0.0,0.0,92.0,0.0,0.0,1.0,116.0,0.0,2.0,0.0,262.0,0.0,83.0,552.0,111.0,0.0,0.0,0.0,0.0,336.0,0.0,490.0,3.0,82.0,0.0,287.0,147.0
2021-07-22 11:00:00+00:00,0.0,218.0,84.0,367.0,448.0,0.0,46.0,0.0,0.0,186.0,0.0,0.0,0.0,49.0,0.0,0.0,0.0,79.0,0.0,0.0,1.0,165.0,0.0,2.0,0.0,282.0,0.0,136.0,552.0,123.0,0.0,0.0,0.0,0.0,307.0,0.0,500.0,3.0,159.0,0.0,255.0,145.0
2021-07-22 12:00:00+00:00,0.0,330.0,62.0,352.0,434.0,0.0,13.0,0.0,0.0,178.0,0.0,0.0,0.0,58.0,0.0,0.0,1.0,100.0,0.0,0.0,1.0,185.0,0.0,0.0,0.0,282.0,0.0,115.0,553.0,119.0,0.0,0.0,0.0,0.0,174.0,0.0,484.0,6.0,129.0,0.0,250.0,141.0
2021-07-22 13:00:00+00:00,0.0,371.0,55.0,368.0,436.0,0.0,0.0,0.0,0.0,136.0,0.0,0.0,0.0,17.0,0.0,0.0,8.0,109.0,0.0,0.0,1.0,244.0,0.0,0.0,0.0,327.0,0.0,154.0,553.0,129.0,1.0,0.0,11.0,0.0,169.0,0.0,468.0,7.0,145.0,0.0,274.0,141.0
2021-07-22 14:00:00+00:00,0.0,339.0,74.0,372.0,433.0,0.0,11.0,0.0,0.0,110.0,0.0,0.0,0.0,0.0,0.0,0.0,31.0,98.0,0.0,0.0,1.0,291.0,0.0,0.0,0.0,321.0,0.0,150.0,553.0,139.0,0.0,0.0,35.0,0.0,152.0,0.0,487.0,3.0,94.0,0.0,295.0,141.0
2021-07-22 15:00:00+00:00,0.0,552.0,26.0,339.0,470.0,0.0,62.0,0.0,0.0,183.0,0.0,0.0,0.0,0.0,0.0,0.0,52.0,79.0,0.0,0.0,1.0,147.0,0.0,0.0,0.0,171.0,0.0,177.0,553.0,131.0,0.0,0.0,133.0,0.0,232.0,17.0,424.0,24.0,13.0,0.0,356.0,141.0
2021-07-22 16:00:00+00:00,0.0,797.0,14.0,333.0,491.0,80.0,206.0,0.0,0.0,91.0,0.0,0.0,0.0,0.0,0.0,0.0,74.0,0.0,0.0,0.0,1.0,157.0,0.0,0.0,0.0,15.0,0.0,228.0,553.0,157.0,0.0,0.0,259.0,0.0,296.0,14.0,393.0,58.0,7.0,0.0,373.0,142.0
2021-07-22 17:00:00+00:00,0.0,882.0,6.0,335.0,551.0,33.0,216.0,0.0,0.0,99.0,0.0,0.0,0.0,0.0,0.0,0.0,81.0,0.0,0.0,0.0,1.0,99.0,0.0,0.0,0.0,0.0,0.0,278.0,560.0,162.0,0.0,69.0,357.0,0.0,309.0,0.0,345.0,70.0,35.0,0.0,350.0,140.0
2021-07-22 18:00:00+00:00,0.0,787.0,1.0,347.0,572.0,31.0,171.0,0.0,0.0,93.0,0.0,0.0,0.0,0.0,0.0,0.0,89.0,0.0,0.0,0.0,1.0,93.0,0.0,0.0,0.0,0.0,0.0,243.0,561.0,182.0,0.0,126.0,336.0,0.0,274.0,0.0,383.0,118.0,11.0,0.0,318.0,142.0
2021-07-22 19:00:00+00:00,0.0,712.0,10.0,344.0,513.0,87.0,176.0,0.0,0.0,78.0,0.0,0.0,0.0,0.0,0.0,0.0,88.0,0.0,0.0,0.0,1.0,153.0,0.0,0.0,0.0,0.0,0.0,190.0,571.0,180.0,0.0,8.0,268.0,0.0,254.0,19.0,389.0,73.0,0.0,0.0,336.0,142.0
2021-07-22 20:00:00+00:00,0.0,552.0,41.0,355.0,462.0,199.0,217.0,0.0,0.0,51.0,0.0,0.0,0.0,0.0,0.0,0.0,66.0,0.0,0.0,0.0,1.0,250.0,0.0,0.0,0.0,84.0,0.0,99.0,581.0,184.0,0.0,0.0,179.0,0.0,204.0,102.0,405.0,18.0,0.0,0.0,381.0,142.0
2021-07-22 21:00:00+00:00,0.0,430.0,46.0,359.0,430.0,237.0,273.0,0.0,0.0,66.0,0.0,0.0,0.0,0.0,0.0,0.0,43.0,0.0,0.0,0.0,1.0,296.0,0.0,0.0,0.0,178.0,0.0,56.0,582.0,178.0,0.0,0.0,96.0,0.0,180.0,173.0,434.0,22.0,0.0,0.0,449.0,144.0
2021-07-22 22:00:00+00:00,60.0,332.0,86.0,382.0,352.0,355.0,213.0,0.0,0.0,2.0,0.0,0.0,0.0,0.0,0.0,0.0,25.0,0.0,0.0,0.0,1.0,530.0,0.0,0.0,0.0,435.0,0.0,34.0,582.0,184.0,0.0,0.0,43.0,0.0,132.0,203.0,505.0,5.0,0.0,0.0,375.0,144.0
2021-07-22 23:00:00+00:00,4.0,324.0,104.0,373.0,364.0,362.0,199.0,0.0,0.0,17.0,0.0,0.0,0.0,0.0,0.0,0.0,6.0,0.0,0.0,0.0,1.0,506.0,0.0,0.0,0.0,520.0,0.0,102.0,583.0,192.0,0.0,0.0,70.0,0.0,152.0,98.0,534.0,1.0,0.0,0.0,358.0,141.0
2021-07-23 00:00:00+00:00,2.0,402.0,152.0,375.0,389.0,324.0,191.0,0.0,0.0,26.0,0.0,0.0,0.0,0.0,0.0,0.0,0.0,0.0,0.0,0.0,1.0,513.0,0.0,7.0,0.0,503.0,0.0,146.0,582.0,181.0,0.0,0.0,119.0,0.0,192.0,40.0,533.0,2.0,0.0,0.0,352.0,145.0
2021-07-23 01:00:00+00:00,0.0,487.0,115.0,366.0,400.0,288.0,192.0,0.0,0.0,37.0,0.0,0.0,0.0,0.0,0.0,0.0,0.0,0.0,0.0,0.0,1.0,486.0,0.0,15.0,0.0,471.0,0.0,192.0,582.0,185.0,0.0,0.0,168.0,0.0,222.0,0.0,538.0,1.0,24.0,0.0,331.0,146.0
2021-07-23 02:00:00+00:00,0.0,526.0,67.0,354.0,420.0,311.0,214.0,0.0,0.0,80.0,0.0,0.0,0.0,0.0,0.0,0.0,0.0,0.0,0.0,0.0,1.0,421.0,0.0,18.0,0.0,481.0,0.0,206.0,582.0,185.0,0.0,0.0,198.0,0.0,246.0,0.0,528.0,14.0,22.0,0.0,339.0,148.0
2021-07-23 03:00:00+00:00,0.0,485.0,29.0,305.0,365.0,213.0,205.0,0.0,0.0,96.0,0.0,0.0,0.0,0.0,0.0,0.0,0.0,0.0,0.0,0.0,1.0,373.0,0.0,12.0,0.0,406.0,0.0,85.0,581.0,183.0,0.0,0.0,180.0,0.0,220.0,120.0,451.0,24.0,0.0,0.0,334.0,146.0
2021-07-23 04:00:00+00:00,0.0,731.0,3.0,249.0,382.0,69.0,262.0,0.0,0.0,153.0,0.0,0.0,0.0,0.0,0.0,0.0,7.0,0.0,0.0,0.0,1.0,145.0,0.0,0.0,0.0,122.0,0.0,116.0,572.0,171.0,0.0,0.0,309.0,0.0,298.0,74.0,355.0,99.0,0.0,0.0,338.0,143.0
2021-07-23 05:00:00+00:00,0.0,591.0,0.0,206.0,336.0,59.0,240.0,0.0,20.0,208.0,0.0,0.0,0.0,0.0,0.0,0.0,68.0,0.0,0.0,0.0,1.0,12.0,0.0,0.0,0.0,0.0,0.0,84.0,554.0,166.0,0.0,63.0,262.0,0.0,240.0,18.0,269.0,166.0,9.0,0.0,234.0,145.0
2021-07-23 06:00:00+00:00,0.0,536.0,0.0,197.0,340.0,82.0,262.0,0.0,123.0,265.0,0.0,0.0,0.0,0.0,0.0,0.0,46.0,0.0,0.0,0.0,1.0,0.0,0.0,0.0,0.0,0.0,0.0,7.0,553.0,153.0,0.0,118.0,126.0,0.0,195.0,48.0,244.0,204.0,0.0,18.0,184.0,148.0
2021-07-23 07:00:00+00:00,0.0,458.0,0.0,218.0,303.0,162.0,284.0,0.0,92.0,248.0,0.0,0.0,0.0,9.0,0.0,0.0,47.0,0.0,0.0,0.0,1.0,0.0,0.0,0.0,0.0,0.0,0.0,0.0,553.0,137.0,0.0,82.0,21.0,0.0,132.0,146.0,228.0,218.0,0.0,142.0,182.0,147.0
2021-07-23 08:00:00+00:00,0.0,215.0,0.0,265.0,262.0,129.0,264.0,0.0,11.0,213.0,0.0,0.0,0.0,87.0,0.0,0.0,36.0,0.0,0.0,0.0,1.0,18.0,0.0,0.0,0.0,0.0,0.0,0.0,553.0,151.0,0.0,30.0,0.0,0.0,54.0,137.0,291.0,142.0,0.0,208.0,133.0,145.0
2021-07-23 09:00:00+00:00,0.0,121.0,3.0,330.0,198.0,133.0,252.0,0.0,0.0,83.0,0.0,0.0,0.0,148.0,0.0,0.0,24.0,0.0,0.0,0.0,1.0,177.0,0.0,0.0,0.0,141.0,0.0,0.0,553.0,160.0,0.0,0.0,0.0,0.0,30.0,171.0,365.0,90.0,0.0,228.0,125.0,142.0
2021-07-23 10:00:00+00:00,1.0,77.0,2.0,330.0,139.0,106.0,267.0,0.0,0.0,31.0,0.0,0.0,12.0,213.0,0.0,0.0,29.0,0.0,0.0,0.0,1.0,214.0,0.0,0.0,0.0,79.0,0.0,0.0,553.0,155.0,0.0,0.0,0.0,0.0,0.0,251.0,354.0,90.0,0.0,291.0,137.0,145.0
2021-07-23 11:00:00+00:00,7.0,4.0,3.0,338.0,126.0,62.0,244.0,0.0,0.0,11.0,0.0,0.0,41.0,231.0,0.0,0.0,29.0,0.0,0.0,0.0,1.0,264.0,0.0,0.0,0.0,39.0,0.0,0.0,553.0,164.0,0.0,0.0,0.0,0.0,0.0,229.0,388.0,93.0,0.0,280.0,122.0,146.0
2021-07-23 12:00:00+00:00,6.0,0.0,6.0,342.0,91.0,73.0,254.0,0.0,0.0,9.0,0.0,126.0,63.0,243.0,0.0,0.0,35.0,0.0,0.0,0.0,1.0,271.0,0.0,0.0,0.0,111.0,0.0,0.0,554.0,170.0,0.0,0.0,0.0,0.0,0.0,267.0,386.0,52.0,0.0,303.0,124.0,146.0
2021-07-23 13:00:00+00:00,22.0,0.0,15.0,378.0,155.0,71.0,225.0,0.0,0.0,2.0,0.0,130.0,46.0,186.0,0.0,0.0,36.0,0.0,0.0,0.0,1.0,341.0,0.0,0.0,0.0,87.0,0.0,0.0,553.0,162.0,0.0,0.0,0.0,0.0,0.0,237.0,438.0,40.0,0.0,249.0,153.0,147.0
2021-07-23 14:00:00+00:00,15.0,0.0,17.0,361.0,211.0,73.0,219.0,0.0,0.0,7.0,0.0,158.0,49.0,146.0,0.0,0.0,52.0,0.0,0.0,0.0,1.0,366.0,0.0,0.0,0.0,46.0,0.0,0.0,554.0,156.0,0.0,0.0,0.0,0.0,0.0,261.0,423.0,31.0,0.0,245.0,160.0,147.0
2021-07-23 15:00:00+00:00,6.0,0.0,8.0,309.0,265.0,0.0,0.0,0.0,0.0,11.0,0.0,86.0,14.0,35.0,0.0,0.0,102.0,136.0,0.0,0.0,1.0,337.0,0.0,0.0,0.0,28.0,0.0,0.0,554.0,143.0,1.0,0.0,1.0,0.0,0.0,176.0,384.0,62.0,0.0,122.0,133.0,147.0
2021-07-23 16:00:00+00:00,19.0,343.0,3.0,291.0,309.0,0.0,54.0,0.0,0.0,5.0,0.0,0.0,0.0,0.0,0.0,0.0,81.0,98.0,0.0,0.0,1.0,283.0,0.0,0.0,0.0,0.0,0.0,5.0,554.0,152.0,0.0,86.0,133.0,0.0,125.0,163.0,357.0,94.0,0.0,0.0,219.0,146.0
2021-07-23 17:00:00+00:00,60.0,312.0,10.0,298.0,299.0,0.0,95.0,0.0,0.0,0.0,0.0,0.0,0.0,0.0,0.0,0.0,86.0,68.0,0.0,0.0,1.0,338.0,0.0,0.0,0.0,0.0,0.0,0.0,563.0,167.0,0.0,109.0,158.0,0.0,107.0,195.0,344.0,62.0,0.0,16.0,208.0,149.0
2021-07-23 18:00:00+00:00,68.0,222.0,14.0,316.0,314.0,0.0,136.0,0.0,0.0,0.0,0.0,0.0,0.0,0.0,0.0,0.0,92.0,58.0,0.0,0.0,1.0,355.0,0.0,0.0,0.0,0.0,0.0,0.0,563.0,185.0,0.0,119.0,112.0,0.0,62.0,249.0,394.0,42.0,0.0,64.0,181.0,149.0
2021-07-23 19:00:00+00:00,57.0,105.0,10.0,295.0,264.0,38.0,137.0,0.0,0.0,0.0,0.0,0.0,0.0,0.0,0.0,0.0,88.0,0.0,0.0,0.0,1.0,367.0,0.0,0.0,0.0,6.0,0.0,0.0,572.0,185.0,0.0,0.0,58.0,0.0,33.0,285.0,372.0,56.0,0.0,97.0,189.0,145.0
2021-07-23 20:00:00+00:00,88.0,44.0,25.0,307.0,223.0,184.0,171.0,0.0,0.0,0.0,0.0,0.0,1.0,17.0,0.0,0.0,72.0,0.0,0.0,0.0,1.0,459.0,0.0,0.0,0.0,16.0,0.0,0.0,582.0,200.0,0.0,0.0,5.0,0.0,0.0,353.0,408.0,30.0,0.0,185.0,235.0,144.0
2021-07-23 21:00:00+00:00,70.0,0.0,38.0,322.0,191.0,134.0,269.0,0.0,0.0,0.0,0.0,123.0,38.0,82.0,0.0,0.0,49.0,0.0,0.0,0.0,1.0,515.0,0.0,0.0,0.0,174.0,0.0,0.0,582.0,162.0,0.0,0.0,0.0,0.0,0.0,422.0,412.0,18.0,0.0,252.0,279.0,146.0
2021-07-23 22:00:00+00:00,73.0,0.0,29.0,293.0,168.0,416.0,225.0,0.0,0.0,0.0,0.0,47.0,32.0,89.0,0.0,0.0,26.0,0.0,0.0,0.0,1.0,505.0,0.0,0.0,0.0,427.0,0.0,0.0,582.0,173.0,0.0,0.0,0.0,0.0,0.0,400.0,418.0,25.0,0.0,293.0,349.0,146.0
2021-07-23 23:00:00+00:00,16.0,0.0,40.0,304.0,210.0,434.0,162.0,0.0,0.0,7.0,0.0,142.0,65.0,107.0,0.0,0.0,7.0,0.0,0.0,0.0,1.0,504.0,0.0,0.0,0.0,453.0,0.0,0.0,582.0,176.0,0.0,0.0,0.0,0.0,0.0,328.0,429.0,22.0,0.0,303.0,338.0,144.0
2021-07-24 00:00:00+00:00,25.0,0.0,54.0,306.0,214.0,413.0,177.0,0.0,0.0,3.0,0.0,50.0,27.0,51.0,0.0,0.0,0.0,0.0,0.0,0.0,1.0,543.0,0.0,5.0,0.0,508.0,0.0,0.0,582.0,166.0,0.0,0.0,0.0,0.0,0.0,233.0,436.0,14.0,0.0,244.0,304.0,148.0
2021-07-24 01:00:00+00:00,16.0,18.0,54.0,306.0,217.0,390.0,175.0,0.0,0.0,6.0,0.0,0.0,5.0,22.0,0.0,0.0,0.0,0.0,0.0,0.0,1.0,533.0,0.0,1.0,0.0,499.0,0.0,0.0,582.0,166.0,0.0,0.0,2.0,0.0,0.0,178.0,440.0,10.0,0.0,213.0,282.0,149.0
2021-07-24 02:00:00+00:00,8.0,105.0,50.0,331.0,257.0,347.0,211.0,0.0,0.0,16.0,0.0,0.0,0.0,7.0,0.0,0.0,28.0,0.0,0.0,0.0,1.0,532.0,0.0,0.0,0.0,540.0,0.0,,581.0,164.0,0.0,0.0,11.0,0.0,31.0,180.0,453.0,12.0,0.0,,308.0,150.0
2021-07-24 03:00:00+00:00,4.0,153.0,58.0,330.0,254.0,172.0,322.0,0.0,0.0,18.0,0.0,0.0,0.0,12.0,0.0,0.0,30.0,0.0,0.0,0.0,1.0,548.0,0.0,0.0,0.0,519.0,0.0,,581.0,152.0,0.0,0.0,9.0,0.0,39.0,218.0,440.0,9.0,0.0,,329.0,144.0
2021-07-24 04:00:00+00:00,17.0,158.0,23.0,312.0,257.0,111.0,291.0,0.0,0.0,8.0,0.0,0.0,0.0,5.0,0.0,0.0,28.0,0.0,0.0,0.0,1.0,493.0,0.0,0.0,0.0,481.0,0.0,0.0,571.0,160.0,0.0,0.0,31.0,0.0,57.0,180.0,415.0,28.0,0.0,189.0,288.0,148.0
2021-07-24 05:00:00+00:00,0.0,0.0,21.0,329.0,348.0,70.0,222.0,0.0,0.0,167.0,0.0,13.0,0.0,46.0,0.0,0.0,31.0,0.0,0.0,0.0,1.0,307.0,0.0,0.0,0.0,351.0,0.0,0.0,552.0,175.0,0.0,0.0,7.0,0.0,10.0,159.0,414.0,51.0,0.0,205.0,254.0,148.0
2021-07-24 06:00:00+00:00,0.0,0.0,14.0,348.0,397.0,20.0,187.0,0.0,0.0,234.0,0.0,76.0,0.0,95.0,0.0,0.0,30.0,0.0,0.0,0.0,1.0,212.0,0.0,0.0,0.0,277.0,0.0,0.0,552.0,174.0,0.0,0.0,0.0,0.0,9.0,113.0,418.0,38.0,0.0,204.0,227.0,147.0
2021-07-24 07:00:00+00:00,0.0,0.0,9.0,347.0,403.0,35.0,160.0,0.0,0.0,291.0,0.0,94.0,19.0,187.0,0.0,0.0,29.0,0.0,0.0,0.0,1.0,149.0,0.0,0.0,0.0,182.0,0.0,0.0,552.0,174.0,0.0,0.0,0.0,0.0,0.0,160.0,371.0,45.0,0.0,258.0,214.0,147.0
2021-07-24 08:00:00+00:00,0.0,0.0,30.0,362.0,394.0,0.0,113.0,0.0,0.0,288.0,0.0,233.0,76.0,271.0,0.0,0.0,0.0,8.0,0.0,0.0,1.0,194.0,0.0,24.0,0.0,272.0,0.0,0.0,552.0,154.0,0.0,0.0,0.0,0.0,0.0,190.0,430.0,25.0,0.0,324.0,163.0,146.0
2021-07-24 09:00:00+00:00,0.0,0.0,33.0,360.0,357.0,0.0,83.0,0.0,0.0,232.0,0.0,299.0,112.0,327.0,0.0,0.0,0.0,43.0,0.0,0.0,1.0,253.0,0.0,24.0,0.0,358.0,0.0,0.0,553.0,141.0,0.0,0.0,0.0,0.0,0.0,187.0,447.0,26.0,0.0,372.0,116.0,144.0
2021-07-24 10:00:00+00:00,0.0,0.0,49.0,370.0,352.0,0.0,101.0,0.0,0.0,227.0,0.0,320.0,125.0,369.0,0.0,0.0,0.0,21.0,0.0,0.0,1.0,283.0,0.0,32.0,0.0,401.0,0.0,0.0,552.0,146.0,0.0,0.0,0.0,0.0,0.0,198.0,470.0,13.0,0.0,384.0,113.0,146.0
2021-07-24 11:00:00+00:00,0.0,0.0,46.0,376.0,353.0,0.0,85.0,0.0,0.0,202.0,0.0,365.0,148.0,368.0,0.0,0.0,16.0,21.0,0.0,0.0,1.0,310.0,0.0,0.0,0.0,381.0,0.0,0.0,552.0,141.0,0.0,0.0,0.0,0.0,0.0,192.0,464.0,10.0,0.0,374.0,88.0,147.0
2021-07-24 12:00:00+00:00,0.0,0.0,41.0,366.0,327.0,0.0,26.0,0.0,0.0,195.0,0.0,357.0,135.0,329.0,0.0,0.0,43.0,48.0,0.0,0.0,1.0,313.0,0.0,0.0,0.0,358.0,0.0,0.0,552.0,115.0,0.0,0.0,0.0,0.0,0.0,176.0,450.0,16.0,0.0,345.0,96.0,143.0
2021-07-24 13:00:00+00:00,0.0,0.0,22.0,346.0,308.0,0.0,13.0,0.0,0.0,188.0,0.0,305.0,114.0,275.0,0.0,0.0,43.0,87.0,0.0,0.0,1.0,304.0,0.0,0.0,0.0,333.0,0.0,0.0,553.0,112.0,0.0,0.0,0.0,0.0,0.0,153.0,421.0,26.0,0.0,331.0,107.0,144.0
2021-07-24 14:00:00+00:00,0.0,0.0,55.0,346.0,306.0,0.0,11.0,0.0,0.0,183.0,0.0,389.0,121.0,229.0,0.0,0.0,17.0,89.0,0.0,0.0,1.0,313.0,0.0,0.0,0.0,251.0,0.0,0.0,553.0,121.0,0.0,0.0,0.0,0.0,0.0,157.0,394.0,20.0,0.0,308.0,132.0,145.0
2021-07-24 15:00:00+00:00,0.0,0.0,14.0,345.0,326.0,0.0,131.0,0.0,0.0,180.0,0.0,176.0,43.0,133.0,0.0,0.0,1.0,17.0,0.0,0.0,1.0,293.0,0.0,0.0,0.0,181.0,0.0,0.0,553.0,147.0,0.0,0.0,0.0,0.0,0.0,205.0,396.0,45.0,0.0,257.0,196.0,143.0
2021-07-24 16:00:00+00:00,0.0,226.0,2.0,294.0,302.0,74.0,160.0,0.0,0.0,161.0,0.0,0.0,0.0,5.0,0.0,0.0,22.0,0.0,0.0,0.0,1.0,233.0,0.0,0.0,0.0,65.0,0.0,0.0,553.0,156.0,0.0,0.0,34.0,0.0,89.0,195.0,339.0,99.0,0.0,137.0,258.0,144.0
2021-07-24 17:00:00+00:00,0.0,216.0,10.0,332.0,404.0,64.0,181.0,0.0,0.0,185.0,0.0,0.0,0.0,0.0,0.0,0.0,34.0,0.0,0.0,0.0,391.0,199.0,0.0,0.0,0.0,0.0,0.0,0.0,561.0,156.0,0.0,13.0,89.0,0.0,108.0,198.0,346.0,52.0,0.0,95.0,265.0,147.0
2021-07-24 18:00:00+00:00,0.0,0.0,2.0,336.0,385.0,5.0,170.0,0.0,0.0,183.0,0.0,3.0,0.0,21.0,0.0,0.0,30.0,0.0,0.0,0.0,603.0,214.0,0.0,0.0,0.0,0.0,0.0,0.0,562.0,170.0,0.0,29.0,3.0,0.0,20.0,365.0,352.0,74.0,0.0,263.0,237.0,148.0
2021-07-24 19:00:00+00:00,0.0,0.0,1.0,310.0,354.0,80.0,208.0,0.0,0.0,183.0,0.0,14.0,0.0,29.0,0.0,0.0,16.0,0.0,0.0,0.0,603.0,188.0,0.0,0.0,0.0,101.0,0.0,0.0,571.0,167.0,0.0,0.0,6.0,0.0,15.0,389.0,327.0,116.0,0.0,315.0,254.0,146.0
2021-07-24 20:00:00+00:00,0.0,0.0,6.0,320.0,294.0,183.0,225.0,0.0,0.0,128.0,0.0,26.0,0.0,59.0,0.0,0.0,11.0,0.0,0.0,0.0,603.0,288.0,0.0,0.0,0.0,206.0,0.0,0.0,581.0,175.0,0.0,0.0,0.0,0.0,17.0,416.0,368.0,75.0,0.0,369.0,271.0,145.0
2021-07-24 21:00:00+00:00,0.0,0.0,28.0,331.0,240.0,257.0,232.0,0.0,0.0,52.0,0.0,262.0,66.0,182.0,0.0,0.0,0.0,0.0,0.0,0.0,602.0,406.0,0.0,8.0,0.0,286.0,0.0,0.0,582.0,161.0,0.0,0.0,0.0,0.0,0.0,305.0,399.0,30.0,0.0,316.0,243.0,146.0
2021-07-24 22:00:00+00:00,0.0,0.0,25.0,318.0,256.0,291.0,189.0,0.0,0.0,138.0,0.0,301.0,89.0,166.0,0.0,0.0,0.0,0.0,0.0,0.0,593.0,364.0,0.0,14.0,0.0,134.0,0.0,0.0,583.0,176.0,0.0,0.0,0.0,0.0,0.0,324.0,399.0,36.0,0.0,374.0,120.0,146.0
2021-07-24 23:00:00+00:00,0.0,0.0,58.0,305.0,247.0,298.0,203.0,0.0,0.0,170.0,0.0,274.0,78.0,155.0,0.0,0.0,36.0,0.0,0.0,0.0,601.0,362.0,0.0,0.0,0.0,211.0,0.0,0.0,583.0,166.0,0.0,0.0,0.0,0.0,0.0,276.0,429.0,22.0,0.0,335.0,145.0,144.0
2021-07-25 00:00:00+00:00,0.0,0.0,30.0,300.0,270.0,375.0,134.0,0.0,0.0,201.0,0.0,112.0,39.0,133.0,0.0,0.0,78.0,0.0,0.0,0.0,602.0,337.0,0.0,0.0,0.0,274.0,0.0,0.0,582.0,151.0,0.0,0.0,0.0,0.0,0.0,290.0,435.0,26.0,0.0,276.0,218.0,144.0
2021-07-25 01:00:00+00:00,0.0,0.0,38.0,300.0,262.0,277.0,175.0,0.0,0.0,201.0,0.0,87.0,7.0,84.0,0.0,0.0,70.0,0.0,0.0,0.0,602.0,364.0,0.0,0.0,0.0,288.0,0.0,0.0,583.0,158.0,0.0,0.0,0.0,0.0,0.0,270.0,459.0,31.0,0.0,253.0,225.0,145.0
2021-07-25 02:00:00+00:00,0.0,0.0,53.0,300.0,247.0,282.0,219.0,0.0,0.0,190.0,0.0,87.0,0.0,51.0,0.0,0.0,67.0,0.0,0.0,0.0,602.0,383.0,0.0,0.0,0.0,311.0,0.0,0.0,583.0,166.0,0.0,0.0,0.0,0.0,14.0,235.0,436.0,11.0,0.0,221.0,221.0,146.0
2021-07-25 03:00:00+00:00,0.0,115.0,38.0,310.0,310.0,220.0,249.0,0.0,0.0,255.0,0.0,0.0,0.0,2.0,0.0,0.0,65.0,0.0,0.0,0.0,602.0,346.0,0.0,0.0,0.0,404.0,0.0,0.0,583.0,163.0,0.0,0.0,36.0,0.0,104.0,169.0,434.0,23.0,0.0,158.0,208.0,146.0
2021-07-25 04:00:00+00:00,0.0,50.0,26.0,310.0,270.0,0.0,261.0,0.0,0.0,178.0,0.0,0.0,0.0,2.0,0.0,0.0,66.0,35.0,0.0,0.0,568.0,407.0,0.0,0.0,0.0,435.0,0.0,0.0,574.0,122.0,0.0,0.0,25.0,0.0,84.0,163.0,431.0,22.0,0.0,176.0,163.0,147.0
2021-07-25 05:00:00+00:00,0.0,184.0,22.0,326.0,369.0,0.0,143.0,0.0,0.0,279.0,0.0,0.0,0.0,0.0,0.0,0.0,38.0,119.0,0.0,0.0,1.0,248.0,0.0,0.0,0.0,325.0,0.0,0.0,555.0,117.0,0.0,0.0,53.0,0.0,98.0,47.0,407.0,36.0,0.0,94.0,142.0,146.0
2021-07-25 06:00:00+00:00,0.0,225.0,10.0,318.0,447.0,0.0,0.0,0.0,0.0,410.0,0.0,0.0,0.0,1.0,0.0,0.0,32.0,140.0,0.0,0.0,1.0,62.0,0.0,0.0,0.0,212.0,0.0,0.0,555.0,112.0,6.0,0.0,41.0,0.0,111.0,0.0,374.0,46.0,41.0,31.0,142.0,147.0
2021-07-25 07:00:00+00:00,0.0,239.0,10.0,332.0,481.0,0.0,84.0,0.0,9.0,462.0,0.0,0.0,0.0,11.0,0.0,0.0,20.0,140.0,0.0,0.0,1.0,12.0,0.0,0.0,0.0,154.0,0.0,0.0,555.0,108.0,0.0,0.0,10.0,0.0,110.0,0.0,361.0,49.0,67.0,27.0,181.0,148.0
2021-07-25 08:00:00+00:00,0.0,94.0,20.0,346.0,461.0,0.0,87.0,0.0,0.0,452.0,0.0,0.0,0.0,58.0,0.0,0.0,35.0,108.0,0.0,0.0,1.0,60.0,0.0,0.0,0.0,201.0,0.0,0.0,555.0,108.0,0.0,0.0,0.0,0.0,88.0,2.0,414.0,43.0,14.0,92.0,192.0,147.0
2021-07-25 09:00:00+00:00,0.0,40.0,17.0,345.0,451.0,0.0,81.0,0.0,0.0,444.0,0.0,0.0,0.0,108.0,0.0,0.0,23.0,83.0,0.0,0.0,1.0,60.0,0.0,0.0,0.0,183.0,0.0,0.0,555.0,108.0,0.0,0.0,0.0,0.0,63.0,8.0,417.0,34.0,1.0,136.0,186.0,145.0
2021-07-25 10:00:00+00:00,0.0,0.0,31.0,338.0,419.0,0.0,73.0,0.0,0.0,385.0,0.0,101.0,0.0,176.0,0.0,0.0,18.0,72.0,0.0,0.0,1.0,116.0,0.0,0.0,0.0,172.0,0.0,0.0,554.0,113.0,0.0,0.0,0.0,0.0,8.0,6.0,397.0,21.0,2.0,161.0,156.0,147.0
2021-07-25 11:00:00+00:00,0.0,0.0,22.0,344.0,392.0,0.0,66.0,0.0,0.0,325.0,0.0,215.0,21.0,179.0,0.0,0.0,18.0,67.0,0.0,0.0,1.0,186.0,0.0,0.0,0.0,145.0,0.0,0.0,555.0,106.0,0.0,0.0,0.0,0.0,0.0,0.0,420.0,32.0,47.0,167.0,92.0,140.0
2021-07-25 12:00:00+00:00,0.0,0.0,13.0,338.0,373.0,0.0,63.0,0.0,0.0,307.0,0.0,259.0,25.0,137.0,0.0,0.0,27.0,67.0,0.0,0.0,1.0,205.0,0.0,0.0,0.0,131.0,0.0,0.0,554.0,109.0,0.0,0.0,0.0,0.0,0.0,0.0,427.0,42.0,34.0,161.0,84.0,141.0
2021-07-25 13:00:00+00:00,0.0,0.0,33.0,346.0,349.0,0.0,36.0,0.0,0.0,265.0,0.0,294.0,22.0,122.0,0.0,0.0,36.0,66.0,0.0,0.0,1.0,264.0,0.0,0.0,0.0,207.0,0.0,0.0,554.0,118.0,0.0,0.0,0.0,0.0,0.0,0.0,451.0,22.0,25.0,147.0,90.0,146.0
2021-07-25 14:00:00+00:00,0.0,0.0,19.0,346.0,351.0,0.0,45.0,0.0,0.0,262.0,0.0,300.0,18.0,100.0,0.0,0.0,45.0,90.0,0.0,0.0,1.0,274.0,0.0,0.0,0.0,163.0,0.0,0.0,554.0,122.0,0.0,0.0,0.0,0.0,0.0,78.0,456.0,34.0,0.0,177.0,119.0,147.0
2021-07-25 15:00:00+00:00,0.0,0.0,15.0,322.0,303.0,0.0,65.0,0.0,0.0,244.0,0.0,389.0,61.0,92.0,0.0,0.0,39.0,54.0,0.0,0.0,1.0,285.0,0.0,0.0,0.0,124.0,0.0,0.0,553.0,126.0,0.0,0.0,0.0,0.0,0.0,206.0,395.0,46.0,0.0,248.0,132.0,148.0
2021-07-25 16:00:00+00:00,0.0,54.0,3.0,266.0,320.0,0.0,57.0,0.0,0.0,237.0,0.0,0.0,0.0,3.0,0.0,0.0,2.0,55.0,0.0,0.0,15.0,146.0,0.0,0.0,0.0,149.0,0.0,0.0,552.0,126.0,0.0,0.0,30.0,0.0,35.0,258.0,308.0,132.0,0.0,208.0,195.0,149.0
2021-07-25 17:00:00+00:00,0.0,0.0,10.0,266.0,298.0,0.0,53.0,0.0,0.0,209.0,0.0,66.0,0.0,11.0,0.0,0.0,22.0,91.0,0.0,0.0,539.0,160.0,0.0,0.0,0.0,64.0,0.0,0.0,561.0,130.0,0.0,0.0,13.0,0.0,25.0,395.0,260.0,79.0,0.0,256.0,241.0,147.0
2021-07-25 18:00:00+00:00,0.0,0.0,5.0,336.0,331.0,14.0,158.0,0.0,0.0,155.0,0.0,195.0,24.0,42.0,0.0,0.0,32.0,0.0,0.0,0.0,562.0,278.0,0.0,0.0,0.0,0.0,0.0,0.0,560.0,161.0,0.0,24.0,1.0,0.0,0.0,481.0,337.0,105.0,0.0,341.0,197.0,143.0
2021-07-25 19:00:00+00:00,0.0,0.0,2.0,306.0,323.0,31.0,182.0,0.0,0.0,186.0,0.0,156.0,21.0,67.0,0.0,0.0,41.0,0.0,0.0,0.0,562.0,215.0,0.0,0.0,0.0,0.0,0.0,0.0,570.0,156.0,0.0,15.0,0.0,0.0,0.0,490.0,319.0,114.0,0.0,350.0,204.0,143.0
2021-07-25 20:00:00+00:00,0.0,0.0,0.0,289.0,280.0,70.0,203.0,0.0,0.0,164.0,0.0,99.0,0.0,100.0,0.0,0.0,30.0,0.0,0.0,0.0,561.0,235.0,0.0,0.0,0.0,65.0,0.0,0.0,580.0,154.0,0.0,0.0,0.0,0.0,0.0,482.0,290.0,135.0,0.0,344.0,254.0,145.0
2021-07-25 21:00:00+00:00,0.0,0.0,7.0,317.0,262.0,100.0,201.0,0.0,0.0,186.0,0.0,228.0,36.0,142.0,0.0,0.0,10.0,0.0,0.0,0.0,530.0,321.0,0.0,0.0,0.0,154.0,0.0,0.0,580.0,152.0,0.0,0.0,0.0,0.0,0.0,498.0,342.0,75.0,0.0,378.0,257.0,146.0
2021-07-25 22:00:00+00:00,0.0,0.0,19.0,267.0,160.0,339.0,67.0,0.0,0.0,89.0,0.0,244.0,47.0,137.0,0.0,0.0,0.0,0.0,0.0,0.0,586.0,413.0,0.0,5.0,0.0,72.0,0.0,0.0,580.0,164.0,0.0,0.0,0.0,0.0,0.0,426.0,328.0,48.0,0.0,417.0,283.0,146.0
2021-07-25 23:00:00+00:00,0.0,0.0,38.0,294.0,212.0,408.0,122.0,0.0,0.0,44.0,0.0,190.0,10.0,118.0,0.0,0.0,76.0,0.0,0.0,0.0,602.0,414.0,0.0,0.0,0.0,81.0,0.0,0.0,581.0,173.0,0.0,0.0,0.0,0.0,0.0,406.0,359.0,22.0,0.0,385.0,324.0,144.0
2021-07-26 00:00:00+00:00,0.0,0.0,29.0,290.0,262.0,350.0,43.0,0.0,0.0,158.0,0.0,70.0,0.0,44.0,0.0,0.0,82.0,0.0,0.0,0.0,602.0,376.0,0.0,0.0,0.0,100.0,0.0,0.0,582.0,168.0,0.0,0.0,1.0,0.0,37.0,351.0,335.0,27.0,0.0,330.0,329.0,145.0
2021-07-26 01:00:00+00:00,0.0,45.0,6.0,278.0,291.0,311.0,0.0,0.0,0.0,232.0,0.0,0.0,0.0,1.0,0.0,0.0,73.0,0.0,0.0,0.0,602.0,309.0,0.0,0.0,0.0,148.0,0.0,0.0,581.0,158.0,13.0,0.0,28.0,0.0,83.0,261.0,319.0,66.0,0.0,258.0,312.0,142.0
2021-07-26 02:00:00+00:00,0.0,38.0,9.0,269.0,275.0,301.0,29.0,0.0,0.0,245.0,0.0,0.0,0.0,6.0,0.0,0.0,68.0,0.0,0.0,0.0,603.0,280.0,0.0,0.0,0.0,157.0,0.0,0.0,580.0,151.0,0.0,0.0,21.0,0.0,77.0,297.0,339.0,79.0,0.0,264.0,328.0,144.0
2021-07-26 03:00:00+00:00,0.0,0.0,14.0,251.0,215.0,157.0,126.0,0.0,0.0,223.0,0.0,16.0,0.0,17.0,0.0,0.0,25.0,0.0,0.0,0.0,602.0,319.0,0.0,0.0,0.0,222.0,0.0,0.0,580.0,166.0,0.0,0.0,12.0,0.0,64.0,390.0,303.0,83.0,0.0,308.0,351.0,144.0
2021-07-26 04:00:00+00:00,0.0,353.0,1.0,191.0,233.0,0.0,82.0,0.0,0.0,273.0,0.0,0.0,0.0,0.0,0.0,0.0,67.0,31.0,0.0,0.0,564.0,93.0,0.0,0.0,0.0,115.0,0.0,0.0,572.0,134.0,0.0,0.0,216.0,0.0,209.0,302.0,227.0,141.0,0.0,208.0,333.0,144.0
2021-07-26 05:00:00+00:00,0.0,709.0,0.0,164.0,322.0,0.0,63.0,0.0,85.0,276.0,0.0,0.0,0.0,0.0,0.0,0.0,56.0,3.0,0.0,0.0,1.0,0.0,0.0,0.0,0.0,0.0,0.0,1.0,561.0,121.0,0.0,129.0,343.0,0.0,289.0,70.0,157.0,230.0,0.0,10.0,274.0,144.0
2021-07-26 06:00:00+00:00,0.0,677.0,0.0,163.0,363.0,0.0,0.0,0.0,188.0,354.0,0.0,0.0,0.0,0.0,0.0,0.0,36.0,106.0,0.0,0.0,0.0,0.0,0.0,0.0,0.0,0.0,0.0,0.0,561.0,86.0,58.0,148.0,224.0,0.0,209.0,91.0,136.0,259.0,0.0,54.0,272.0,142.0
2021-07-26 07:00:00+00:00,0.0,592.0,0.0,143.0,336.0,0.0,0.0,0.0,214.0,370.0,0.0,0.0,0.0,0.0,0.0,0.0,34.0,91.0,0.0,0.0,0.0,0.0,0.0,0.0,0.0,0.0,0.0,0.0,562.0,76.0,71.0,105.0,116.0,0.0,129.0,215.0,92.0,256.0,0.0,155.0,325.0,143.0
2021-07-26 08:00:00+00:00,0.0,412.0,0.0,180.0,327.0,0.0,0.0,0.0,149.0,349.0,0.0,0.0,0.0,22.0,0.0,0.0,20.0,162.0,0.0,0.0,0.0,0.0,0.0,0.0,0.0,0.0,0.0,0.0,562.0,62.0,117.0,2.0,10.0,0.0,58.0,277.0,188.0,182.0,0.0,278.0,332.0,146.0
2021-07-26 09:00:00+00:00,0.0,348.0,4.0,240.0,345.0,0.0,0.0,0.0,22.0,270.0,0.0,0.0,0.0,76.0,0.0,0.0,17.0,139.0,0.0,0.0,0.0,4.0,0.0,0.0,0.0,0.0,0.0,0.0,561.0,78.0,122.0,17.0,0.0,0.0,32.0,297.0,283.0,86.0,0.0,300.0,332.0,146.0
2021-07-26 10:00:00+00:00,0.0,242.0,19.0,238.0,289.0,0.0,0.0,0.0,1.0,193.0,0.0,0.0,27.0,135.0,0.0,0.0,15.0,155.0,0.0,0.0,0.0,59.0,0.0,0.0,0.0,0.0,0.0,0.0,562.0,67.0,96.0,83.0,0.0,0.0,0.0,344.0,247.0,54.0,0.0,360.0,338.0,142.0
2021-07-26 11:00:00+00:00,0.0,223.0,2.0,234.0,304.0,0.0,0.0,0.0,1.0,205.0,0.0,0.0,31.0,127.0,0.0,0.0,19.0,131.0,0.0,0.0,0.0,41.0,0.0,0.0,0.0,0.0,0.0,0.0,561.0,77.0,95.0,103.0,0.0,0.0,0.0,283.0,284.0,82.0,0.0,312.0,319.0,143.0
2021-07-26 12:00:00+00:00,0.0,111.0,5.0,228.0,281.0,0.0,0.0,0.0,2.0,192.0,0.0,0.0,30.0,128.0,0.0,0.0,26.0,116.0,0.0,0.0,0.0,33.0,0.0,0.0,0.0,0.0,0.0,0.0,561.0,84.0,90.0,50.0,0.0,0.0,0.0,275.0,279.0,87.0,0.0,366.0,241.0,145.0
2021-07-26 13:00:00+00:00,0.0,85.0,3.0,219.0,270.0,0.0,0.0,0.0,1.0,151.0,0.0,0.0,20.0,83.0,0.0,0.0,32.0,153.0,0.0,0.0,0.0,46.0,0.0,0.0,0.0,0.0,0.0,0.0,561.0,73.0,91.0,107.0,0.0,0.0,0.0,274.0,285.0,102.0,0.0,349.0,213.0,142.0
2021-07-26 14:00:00+00:00,0.0,26.0,3.0,238.0,268.0,0.0,0.0,0.0,0.0,90.0,0.0,0.0,21.0,36.0,0.0,0.0,47.0,245.0,0.0,0.0,0.0,119.0,0.0,0.0,0.0,0.0,0.0,0.0,562.0,44.0,188.0,120.0,0.0,0.0,0.0,294.0,313.0,78.0,0.0,318.0,218.0,140.0
2021-07-26 15:00:00+00:00,0.0,92.0,2.0,242.0,326.0,0.0,0.0,0.0,0.0,148.0,0.0,0.0,0.0,0.0,0.0,0.0,64.0,268.0,0.0,0.0,1.0,66.0,0.0,0.0,0.0,0.0,0.0,0.0,561.0,49.0,211.0,133.0,47.0,0.0,21.0,259.0,292.0,108.0,0.0,210.0,234.0,145.0
2021-07-26 16:00:00+00:00,1.0,124.0,3.0,249.0,296.0,0.0,0.0,0.0,0.0,35.0,0.0,0.0,0.0,0.0,0.0,0.0,83.0,183.0,0.0,0.0,2.0,161.0,0.0,0.0,0.0,0.0,0.0,0.0,561.0,58.0,129.0,181.0,73.0,0.0,16.0,299.0,301.0,98.0,0.0,196.0,250.0,140.0
2021-07-26 17:00:00+00:00,0.0,184.0,3.0,270.0,370.0,0.0,0.0,0.0,0.0,93.0,0.0,0.0,0.0,0.0,0.0,0.0,92.0,149.0,0.0,0.0,324.0,91.0,0.0,0.0,0.0,0.0,0.0,0.0,561.0,94.0,36.0,151.0,101.0,0.0,53.0,334.0,286.0,94.0,0.0,167.0,284.0,144.0
2021-07-26 18:00:00+00:00,0.0,110.0,2.0,275.0,387.0,0.0,19.0,0.0,0.0,127.0,0.0,0.0,0.0,0.0,0.0,0.0,96.0,106.0,0.0,0.0,425.0,60.0,0.0,0.0,0.0,0.0,0.0,0.0,561.0,135.0,0.0,194.0,78.0,0.0,43.0,352.0,311.0,115.0,0.0,189.0,267.0,141.0
2021-07-26 19:00:00+00:00,0.0,211.0,1.0,234.0,372.0,0.0,0.0,0.0,14.0,185.0,0.0,0.0,0.0,0.0,0.0,0.0,94.0,81.0,0.0,0.0,461.0,8.0,0.0,0.0,0.0,0.0,0.0,0.0,569.0,99.0,62.0,141.0,86.0,0.0,64.0,269.0,275.0,111.0,0.0,138.0,282.0,145.0
2021-07-26 20:00:00+00:00,0.0,130.0,6.0,237.0,288.0,45.0,0.0,0.0,0.0,91.0,0.0,0.0,0.0,2.0,0.0,0.0,133.0,0.0,0.0,0.0,397.0,120.0,0.0,0.0,0.0,0.0,0.0,0.0,577.0,105.0,34.0,47.0,47.0,0.0,34.0,331.0,315.0,99.0,0.0,222.0,323.0,144.0
2021-07-26 21:00:00+00:00,0.0,0.0,18.0,266.0,251.0,152.0,27.0,0.0,0.0,110.0,0.0,116.0,23.0,80.0,0.0,0.0,80.0,0.0,0.0,0.0,518.0,233.0,0.0,0.0,0.0,58.0,0.0,0.0,580.0,102.0,0.0,0.0,0.0,0.0,0.0,457.0,342.0,44.0,0.0,323.0,393.0,146.0
2021-07-26 22:00:00+00:00,0.0,0.0,19.0,269.0,253.0,445.0,109.0,0.0,0.0,212.0,0.0,332.0,46.0,145.0,0.0,0.0,107.0,0.0,0.0,0.0,598.0,225.0,0.0,0.0,0.0,161.0,0.0,0.0,580.0,142.0,0.0,0.0,0.0,0.0,0.0,415.0,361.0,38.0,0.0,307.0,325.0,146.0
2021-07-26 23:00:00+00:00,0.0,0.0,26.0,258.0,204.0,481.0,184.0,0.0,0.0,195.0,0.0,387.0,60.0,130.0,0.0,0.0,100.0,0.0,0.0,0.0,549.0,293.0,0.0,0.0,0.0,261.0,0.0,0.0,581.0,162.0,0.0,0.0,0.0,0.0,0.0,401.0,387.0,34.0,0.0,364.0,261.0,144.0
2021-07-27 00:00:00+00:00,0.0,0.0,38.0,269.0,204.0,478.0,181.0,0.0,0.0,156.0,0.0,354.0,59.0,137.0,0.0,0.0,111.0,0.0,0.0,0.0,565.0,357.0,0.0,0.0,0.0,362.0,0.0,0.0,581.0,159.0,0.0,0.0,0.0,0.0,0.0,448.0,399.0,23.0,0.0,407.0,266.0,144.0
2021-07-27 01:00:00+00:00,0.0,0.0,42.0,261.0,200.0,469.0,135.0,0.0,0.0,151.0,0.0,346.0,45.0,97.0,0.0,0.0,104.0,0.0,0.0,0.0,583.0,368.0,0.0,0.0,0.0,346.0,0.0,0.0,581.0,167.0,0.0,0.0,0.0,0.0,0.0,412.0,372.0,17.0,0.0,383.0,253.0,146.0
2021-07-27 02:00:00+00:00,0.0,0.0,16.0,250.0,236.0,414.0,272.0,0.0,0.0,206.0,0.0,286.0,21.0,74.0,0.0,0.0,101.0,0.0,0.0,0.0,602.0,283.0,0.0,0.0,0.0,315.0,0.0,0.0,580.0,171.0,0.0,0.0,0.0,0.0,0.0,430.0,368.0,40.0,0.0,375.0,269.0,147.0
2021-07-27 03:00:00+00:00,0.0,0.0,7.0,218.0,203.0,230.0,96.0,0.0,0.0,220.0,0.0,332.0,42.0,79.0,0.0,0.0,111.0,0.0,0.0,0.0,603.0,239.0,0.0,0.0,0.0,230.0,0.0,0.0,580.0,130.0,0.0,0.0,0.0,0.0,0.0,500.0,307.0,54.0,0.0,447.0,250.0,143.0
2021-07-27 04:00:00+00:00,0.0,0.0,0.0,186.0,231.0,29.0,126.0,0.0,0.0,212.0,0.0,131.0,0.0,0.0,0.0,0.0,70.0,0.0,0.0,0.0,568.0,106.0,0.0,0.0,0.0,90.0,0.0,0.0,570.0,104.0,0.0,0.0,56.0,0.0,44.0,387.0,248.0,130.0,0.0,335.0,239.0,144.0
2021-07-27 05:00:00+00:00,0.0,114.0,0.0,136.0,218.0,10.0,90.0,0.0,58.0,187.0,0.0,0.0,0.0,0.0,0.0,0.0,60.0,0.0,0.0,0.0,1.0,1.0,0.0,0.0,0.0,0.0,0.0,0.0,560.0,96.0,0.0,80.0,78.0,0.0,42.0,352.0,147.0,211.0,0.0,320.0,207.0,148.0
2021-07-27 06:00:00+00:00,0.0,221.0,0.0,165.0,295.0,0.0,37.0,0.0,168.0,267.0,0.0,0.0,0.0,5.0,0.0,0.0,69.0,50.0,0.0,0.0,0.0,0.0,0.0,0.0,0.0,0.0,0.0,0.0,540.0,71.0,0.0,221.0,26.0,0.0,34.0,261.0,164.0,195.0,0.0,294.0,150.0,147.0
2021-07-27 07:00:00+00:00,0.0,153.0,0.0,138.0,274.0,0.0,76.0,1.0,244.0,299.0,0.0,0.0,0.0,38.0,0.0,0.0,69.0,8.0,0.0,0.0,0.0,0.0,0.0,0.0,0.0,0.0,0.0,0.0,535.0,75.0,0.0,223.0,0.0,0.0,0.0,231.0,108.0,238.0,0.0,337.0,152.0,146.0
2021-07-27 08:00:00+00:00,0.0,171.0,0.0,205.0,348.0,0.0,51.0,0.0,144.0,309.0,0.0,0.0,0.0,97.0,0.0,0.0,47.0,5.0,0.0,0.0,0.0,0.0,0.0,0.0,0.0,0.0,0.0,0.0,533.0,59.0,0.0,147.0,0.0,0.0,6.0,257.0,243.0,153.0,0.0,366.0,190.0,146.0
2021-07-27 09:00:00+00:00,0.0,148.0,3.0,222.0,321.0,0.0,38.0,0.0,66.0,249.0,0.0,0.0,20.0,146.0,0.0,0.0,38.0,23.0,0.0,0.0,0.0,1.0,0.0,0.0,0.0,0.0,0.0,0.0,531.0,52.0,0.0,131.0,0.0,0.0,0.0,283.0,273.0,110.0,0.0,403.0,182.0,148.0
2021-07-27 10:00:00+00:00,0.0,54.0,16.0,222.0,261.0,0.0,54.0,0.0,3.0,180.0,0.0,0.0,63.0,194.0,0.0,0.0,34.0,3.0,0.0,0.0,0.0,36.0,0.0,0.0,0.0,0.0,0.0,0.0,529.0,68.0,0.0,117.0,0.0,0.0,0.0,302.0,281.0,54.0,0.0,457.0,151.0,146.0
2021-07-27 11:00:00+00:00,0.0,96.0,6.0,223.0,278.0,0.0,44.0,0.0,2.0,189.0,0.0,0.0,53.0,166.0,0.0,0.0,42.0,17.0,0.0,0.0,0.0,29.0,0.0,0.0,0.0,0.0,0.0,0.0,528.0,66.0,0.0,102.0,0.0,0.0,0.0,265.0,300.0,64.0,0.0,409.0,136.0,144.0
2021-07-27 12:00:00+00:00,0.0,108.0,4.0,242.0,265.0,0.0,29.0,0.0,1.0,207.0,0.0,0.0,30.0,135.0,0.0,0.0,51.0,35.0,0.0,0.0,0.0,39.0,0.0,0.0,0.0,0.0,0.0,0.0,529.0,63.0,0.0,81.0,0.0,0.0,0.0,275.0,348.0,74.0,0.0,362.0,145.0,144.0
2021-07-27 13:00:00+00:00,0.0,93.0,36.0,274.0,244.0,0.0,0.0,0.0,0.0,227.0,0.0,0.0,14.0,99.0,0.0,0.0,63.0,49.0,0.0,0.0,0.0,81.0,0.0,0.0,0.0,0.0,0.0,0.0,528.0,52.0,11.0,78.0,0.0,0.0,0.0,275.0,361.0,26.0,0.0,311.0,172.0,145.0
2021-07-27 14:00:00+00:00,0.0,3.0,81.0,325.0,250.0,0.0,0.0,0.0,0.0,157.0,0.0,0.0,26.0,80.0,0.0,0.0,68.0,59.0,0.0,0.0,0.0,235.0,0.0,0.0,0.0,0.0,0.0,0.0,553.0,60.0,1.0,68.0,0.0,0.0,0.0,302.0,437.0,6.0,0.0,298.0,189.0,143.0
2021-07-27 15:00:00+00:00,0.0,27.0,42.0,295.0,263.0,0.0,20.0,0.0,0.0,177.0,0.0,0.0,38.0,30.0,0.0,0.0,86.0,72.0,0.0,0.0,0.0,167.0,0.0,0.0,0.0,0.0,0.0,0.0,554.0,67.0,0.0,174.0,3.0,0.0,0.0,347.0,382.0,22.0,0.0,294.0,190.0,142.0
2021-07-27 16:00:00+00:00,0.0,139.0,25.0,266.0,281.0,0.0,37.0,0.0,0.0,57.0,0.0,0.0,8.0,0.0,0.0,0.0,102.0,32.0,0.0,0.0,3.0,158.0,0.0,0.0,0.0,0.0,0.0,0.0,554.0,63.0,0.0,209.0,59.0,0.0,0.0,327.0,355.0,39.0,0.0,237.0,185.0,145.0
2021-07-27 17:00:00+00:00,0.0,8.0,65.0,287.0,318.0,43.0,123.0,0.0,0.0,91.0,0.0,0.0,11.0,0.0,0.0,0.0,111.0,0.0,0.0,0.0,398.0,140.0,0.0,0.0,0.0,0.0,0.0,0.0,557.0,91.0,0.0,156.0,69.0,0.0,0.0,352.0,354.0,15.0,0.0,227.0,178.0,146.0
2021-07-27 18:00:00+00:00,0.0,30.0,24.0,303.0,412.0,95.0,202.0,0.0,0.0,110.0,0.0,0.0,6.0,0.0,0.0,0.0,118.0,0.0,0.0,0.0,436.0,110.0,0.0,0.0,0.0,0.0,0.0,0.0,559.0,121.0,0.0,202.0,64.0,0.0,0.0,371.0,386.0,32.0,0.0,239.0,158.0,144.0
2021-07-27 19:00:00+00:00,0.0,21.0,29.0,286.0,442.0,168.0,252.0,0.0,1.0,168.0,0.0,0.0,0.0,1.0,0.0,0.0,116.0,0.0,0.0,0.0,573.0,46.0,0.0,0.0,0.0,0.0,0.0,0.0,561.0,125.0,0.0,194.0,45.0,0.0,1.0,355.0,344.0,34.0,0.0,229.0,189.0,145.0
2021-07-27 20:00:00+00:00,0.0,0.0,35.0,296.0,407.0,317.0,274.0,0.0,0.0,166.0,0.0,4.0,0.0,9.0,0.0,0.0,101.0,0.0,0.0,0.0,574.0,95.0,0.0,0.0,0.0,0.0,0.0,0.0,566.0,153.0,0.0,35.0,9.0,0.0,0.0,320.0,384.0,27.0,0.0,215.0,219.0,147.0
2021-07-27 21:00:00+00:00,0.0,0.0,110.0,324.0,373.0,286.0,335.0,0.0,0.0,203.0,0.0,180.0,30.0,95.0,0.0,0.0,124.0,0.0,0.0,0.0,473.0,188.0,0.0,0.0,0.0,81.0,0.0,0.0,570.0,145.0,0.0,0.0,0.0,0.0,0.0,394.0,453.0,15.0,0.0,256.0,298.0,144.0
2021-07-27 22:00:00+00:00,0.0,0.0,94.0,294.0,325.0,445.0,287.0,0.0,0.0,256.0,0.0,179.0,22.0,146.0,0.0,0.0,32.0,0.0,0.0,0.0,590.0,170.0,0.0,0.0,0.0,266.0,0.0,0.0,573.0,149.0,0.0,0.0,0.0,0.0,0.0,417.0,447.0,4.0,0.0,259.0,355.0,140.0
2021-07-27 23:00:00+00:00,0.0,0.0,53.0,290.0,347.0,445.0,348.0,0.0,0.0,308.0,0.0,168.0,12.0,78.0,0.0,0.0,22.0,0.0,0.0,0.0,474.0,152.0,0.0,0.0,0.0,253.0,0.0,0.0,575.0,142.0,0.0,0.0,0.0,0.0,0.0,284.0,430.0,16.0,0.0,240.0,266.0,142.0
2021-07-28 00:00:00+00:00,0.0,0.0,50.0,271.0,324.0,470.0,313.0,0.0,0.0,291.0,0.0,254.0,43.0,91.0,0.0,0.0,88.0,0.0,0.0,0.0,515.0,180.0,0.0,0.0,0.0,319.0,0.0,0.0,576.0,146.0,0.0,0.0,0.0,0.0,0.0,281.0,397.0,10.0,0.0,269.0,239.0,141.0
2021-07-28 01:00:00+00:00,0.0,0.0,48.0,265.0,301.0,471.0,269.0,0.0,0.0,273.0,0.0,263.0,51.0,102.0,0.0,0.0,76.0,0.0,0.0,0.0,507.0,211.0,0.0,0.0,0.0,389.0,0.0,0.0,577.0,144.0,0.0,0.0,0.0,0.0,0.0,313.0,388.0,14.0,0.0,303.0,224.0,141.0
2021-07-28 02:00:00+00:00,0.0,0.0,17.0,243.0,278.0,425.0,227.0,0.0,0.0,280.0,0.0,285.0,52.0,99.0,0.0,0.0,70.0,0.0,0.0,0.0,511.0,161.0,0.0,0.0,0.0,373.0,0.0,0.0,579.0,138.0,0.0,0.0,0.0,0.0,0.0,342.0,376.0,31.0,0.0,322.0,220.0,143.0
2021-07-28 03:00:00+00:00,0.0,0.0,3.0,189.0,229.0,310.0,128.0,0.0,0.0,309.0,0.0,246.0,44.0,70.0,0.0,0.0,74.0,0.0,0.0,0.0,513.0,92.0,0.0,0.0,0.0,244.0,0.0,0.0,576.0,134.0,0.0,0.0,0.0,0.0,0.0,460.0,302.0,99.0,0.0,405.0,232.0,141.0
2021-07-28 04:00:00+00:00,0.0,30.0,0.0,148.0,274.0,37.0,145.0,0.0,126.0,360.0,0.0,0.0,0.0,0.0,0.0,0.0,67.0,0.0,0.0,0.0,565.0,1.0,0.0,0.0,0.0,275.0,0.0,0.0,569.0,87.0,0.0,0.0,78.0,0.0,64.0,427.0,201.0,206.0,0.0,332.0,251.0,144.0
2021-07-28 05:00:00+00:00,0.0,255.0,0.0,122.0,306.0,6.0,84.0,0.0,266.0,355.0,0.0,0.0,0.0,0.0,0.0,0.0,59.0,0.0,0.0,0.0,1.0,0.0,0.0,0.0,0.0,1.0,0.0,0.0,560.0,80.0,0.0,0.0,152.0,0.0,80.0,299.0,142.0,223.0,0.0,263.0,185.0,143.0
2021-07-28 06:00:00+00:00,0.0,177.0,0.0,132.0,302.0,0.0,34.0,0.0,311.0,357.0,0.0,0.0,0.0,1.0,0.0,0.0,78.0,24.0,0.0,0.0,0.0,0.0,0.0,0.0,0.0,0.0,0.0,0.0,560.0,53.0,0.0,117.0,74.0,0.0,43.0,264.0,169.0,210.0,0.0,271.0,147.0,145.0
2021-07-28 07:00:00+00:00,0.0,123.0,1.0,126.0,300.0,0.0,0.0,1.0,360.0,386.0,0.0,0.0,3.0,33.0,0.0,0.0,75.0,64.0,0.0,0.0,0.0,0.0,0.0,0.0,0.0,0.0,0.0,0.0,561.0,49.0,41.0,216.0,3.0,0.0,0.0,258.0,125.0,206.0,0.0,324.0,177.0,140.0
2021-07-28 08:00:00+00:00,0.0,31.0,0.0,142.0,271.0,0.0,0.0,0.0,240.0,322.0,0.0,0.0,49.0,105.0,0.0,0.0,57.0,89.0,0.0,0.0,0.0,0.0,0.0,0.0,0.0,0.0,0.0,0.0,559.0,53.0,76.0,194.0,0.0,0.0,0.0,307.0,216.0,160.0,0.0,396.0,184.0,142.0
2021-07-28 09:00:00+00:00,0.0,0.0,2.0,172.0,227.0,0.0,15.0,0.0,92.0,235.0,0.0,29.0,82.0,169.0,0.0,0.0,48.0,30.0,0.0,0.0,1.0,0.0,0.0,0.0,0.0,0.0,0.0,0.0,557.0,71.0,0.0,123.0,0.0,0.0,0.0,376.0,268.0,96.0,0.0,474.0,182.0,142.0
2021-07-28 10:00:00+00:00,0.0,0.0,6.0,182.0,191.0,0.0,58.0,0.0,19.0,185.0,0.0,115.0,112.0,215.0,0.0,0.0,41.0,4.0,0.0,0.0,0.0,6.0,0.0,0.0,0.0,0.0,0.0,0.0,557.0,73.0,0.0,108.0,0.0,0.0,0.0,380.0,283.0,85.0,0.0,505.0,151.0,143.0
2021-07-28 11:00:00+00:00,0.0,0.0,2.0,184.0,204.0,47.0,116.0,0.0,65.0,225.0,0.0,66.0,104.0,219.0,0.0,0.0,49.0,0.0,0.0,0.0,0.0,0.0,0.0,0.0,0.0,0.0,0.0,0.0,559.0,89.0,0.0,152.0,0.0,0.0,0.0,349.0,283.0,120.0,0.0,472.0,145.0,141.0
2021-07-28 12:00:00+00:00,0.0,0.0,2.0,195.0,188.0,40.0,94.0,0.0,60.0,232.0,0.0,97.0,109.0,207.0,0.0,0.0,54.0,0.0,0.0,0.0,0.0,0.0,0.0,0.0,0.0,0.0,0.0,0.0,557.0,94.0,0.0,206.0,0.0,0.0,0.0,348.0,285.0,103.0,0.0,449.0,117.0,144.0
2021-07-28 13:00:00+00:00,0.0,0.0,2.0,212.0,222.0,2.0,71.0,0.0,59.0,241.0,0.0,75.0,81.0,158.0,0.0,0.0,69.0,0.0,0.0,0.0,1.0,0.0,0.0,0.0,0.0,0.0,0.0,0.0,559.0,80.0,0.0,213.0,0.0,0.0,0.0,334.0,267.0,109.0,0.0,412.0,123.0,144.0
2021-07-28 14:00:00+00:00,0.0,0.0,1.0,216.0,312.0,0.0,23.0,0.0,47.0,204.0,0.0,2.0,72.0,116.0,0.0,0.0,78.0,43.0,0.0,0.0,0.0,0.0,0.0,0.0,0.0,0.0,0.0,0.0,558.0,78.0,0.0,267.0,0.0,0.0,0.0,309.0,273.0,102.0,0.0,354.0,136.0,142.0
2021-07-28 15:00:00+00:00,0.0,27.0,5.0,222.0,304.0,0.0,0.0,0.0,1.0,145.0,0.0,0.0,56.0,83.0,0.0,0.0,87.0,18.0,0.0,0.0,0.0,45.0,0.0,0.0,0.0,0.0,0.0,0.0,559.0,86.0,6.0,242.0,0.0,0.0,0.0,352.0,298.0,78.0,0.0,345.0,145.0,148.0
2021-07-28 16:00:00+00:00,0.0,59.0,10.0,236.0,321.0,36.0,0.0,0.0,0.0,129.0,0.0,0.0,50.0,43.0,0.0,0.0,111.0,0.0,0.0,0.0,0.0,64.0,0.0,0.0,0.0,0.0,0.0,0.0,560.0,51.0,87.0,255.0,0.0,0.0,0.0,299.0,332.0,53.0,0.0,262.0,126.0,146.0
2021-07-28 17:00:00+00:00,0.0,94.0,18.0,234.0,336.0,47.0,0.0,0.0,0.0,143.0,0.0,0.0,28.0,13.0,0.0,0.0,104.0,0.0,0.0,0.0,1.0,48.0,0.0,0.0,0.0,0.0,0.0,0.0,561.0,71.0,40.0,252.0,7.0,0.0,0.0,310.0,319.0,38.0,0.0,221.0,135.0,145.0
2021-07-28 18:00:00+00:00,0.0,113.0,6.0,224.0,343.0,69.0,58.0,0.0,4.0,145.0,0.0,0.0,30.0,11.0,0.0,117.0,116.0,0.0,0.0,0.0,0.0,23.0,0.0,0.0,0.0,0.0,0.0,0.0,561.0,104.0,0.0,319.0,9.0,0.0,0.0,338.0,335.0,70.0,0.0,227.0,129.0,145.0
2021-07-28 19:00:00+00:00,0.0,194.0,24.0,240.0,377.0,20.0,0.0,0.0,5.0,199.0,0.0,0.0,0.0,13.0,0.0,50.0,121.0,0.0,0.0,0.0,0.0,26.0,0.0,0.0,0.0,0.0,0.0,0.0,570.0,69.0,2.0,214.0,8.0,0.0,16.0,286.0,319.0,42.0,0.0,176.0,175.0,144.0
2021-07-28 20:00:00+00:00,0.0,27.0,27.0,240.0,264.0,240.0,132.0,0.0,0.0,176.0,0.0,0.0,70.0,118.0,0.0,66.0,92.0,0.0,0.0,0.0,0.0,152.0,0.0,0.0,0.0,0.0,0.0,0.0,574.0,103.0,0.0,42.0,0.0,0.0,0.0,435.0,340.0,33.0,0.0,366.0,199.0,143.0
2021-07-28 21:00:00+00:00,0.0,0.0,82.0,278.0,267.0,396.0,244.0,0.0,0.0,170.0,0.0,67.0,72.0,166.0,0.0,0.0,68.0,0.0,0.0,0.0,80.0,243.0,0.0,0.0,0.0,155.0,0.0,0.0,575.0,125.0,0.0,0.0,0.0,0.0,0.0,320.0,354.0,9.0,0.0,286.0,210.0,144.0
2021-07-28 22:00:00+00:00,0.0,0.0,53.0,275.0,223.0,584.0,239.0,0.0,0.0,165.0,0.0,187.0,92.0,248.0,0.0,0.0,36.0,0.0,0.0,0.0,512.0,285.0,0.0,0.0,0.0,266.0,0.0,0.0,575.0,152.0,0.0,0.0,0.0,0.0,0.0,279.0,408.0,24.0,0.0,343.0,225.0,147.0
2021-07-28 23:00:00+00:00,0.0,0.0,51.0,283.0,243.0,596.0,264.0,0.0,0.0,212.0,0.0,259.0,94.0,227.0,0.0,0.0,20.0,0.0,0.0,0.0,506.0,299.0,0.0,0.0,0.0,339.0,0.0,0.0,574.0,152.0,0.0,0.0,0.0,0.0,0.0,302.0,417.0,11.0,0.0,410.0,259.0,140.0
2021-07-29 00:00:00+00:00,0.0,0.0,74.0,249.0,175.0,612.0,257.0,0.0,0.0,194.0,0.0,274.0,107.0,242.0,0.0,0.0,28.0,0.0,0.0,0.0,532.0,332.0,0.0,0.0,0.0,319.0,0.0,0.0,575.0,153.0,0.0,0.0,0.0,0.0,0.0,347.0,335.0,18.0,0.0,453.0,264.0,142.0
2021-07-29 01:00:00+00:00,0.0,0.0,34.0,247.0,151.0,577.0,291.0,0.0,0.0,175.0,0.0,349.0,125.0,251.0,0.0,0.0,80.0,0.0,0.0,0.0,542.0,353.0,0.0,0.0,0.0,342.0,0.0,0.0,574.0,151.0,0.0,0.0,0.0,0.0,0.0,355.0,352.0,19.0,0.0,483.0,243.0,146.0
2021-07-29 02:00:00+00:00,0.0,0.0,12.0,231.0,155.0,478.0,331.0,0.0,0.0,191.0,0.0,312.0,112.0,247.0,0.0,0.0,73.0,0.0,0.0,0.0,542.0,306.0,0.0,0.0,0.0,327.0,0.0,0.0,574.0,144.0,0.0,0.0,0.0,0.0,0.0,333.0,343.0,47.0,0.0,427.0,254.0,146.0
2021-07-29 03:00:00+00:00,0.0,0.0,6.0,195.0,127.0,371.0,204.0,0.0,0.0,204.0,0.0,324.0,117.0,235.0,0.0,0.0,80.0,0.0,0.0,0.0,520.0,264.0,0.0,0.0,0.0,237.0,0.0,0.0,573.0,120.0,0.0,0.0,0.0,0.0,0.0,345.0,316.0,78.0,0.0,474.0,191.0,146.0
2021-07-29 04:00:00+00:00,0.0,0.0,2.0,171.0,160.0,65.0,149.0,0.0,0.0,161.0,0.0,237.0,67.0,95.0,0.0,0.0,69.0,0.0,0.0,0.0,494.0,154.0,0.0,0.0,0.0,179.0,0.0,0.0,572.0,70.0,0.0,0.0,0.0,0.0,0.0,286.0,269.0,113.0,0.0,465.0,120.0,147.0
2021-07-29 05:00:00+00:00,0.0,0.0,1.0,128.0,137.0,55.0,119.0,0.0,0.0,151.0,0.0,66.0,0.0,224.0,0.0,0.0,51.0,0.0,0.0,0.0,1.0,57.0,0.0,0.0,0.0,0.0,0.0,0.0,560.0,81.0,0.0,48.0,0.0,0.0,37.0,262.0,195.0,145.0,0.0,452.0,110.0,147.0
2021-07-29 06:00:00+00:00,0.0,0.0,4.0,140.0,126.0,33.0,107.0,0.0,2.0,156.0,0.0,103.0,0.0,346.0,0.0,0.0,74.0,0.0,0.0,0.0,0.0,35.0,0.0,0.0,0.0,0.0,0.0,0.0,560.0,69.0,0.0,49.0,0.0,0.0,38.0,262.0,193.0,123.0,0.0,452.0,122.0,140.0
2021-07-29 07:00:00+00:00,0.0,0.0,2.0,138.0,139.0,3.0,95.0,0.0,31.0,180.0,0.0,88.0,0.0,375.0,0.0,0.0,70.0,0.0,0.0,0.0,0.0,4.0,0.0,0.0,0.0,5.0,0.0,0.0,560.0,55.0,0.0,0.0,0.0,0.0,31.0,228.0,173.0,126.0,0.0,462.0,111.0,135.0
2021-07-29 08:00:00+00:00,0.0,0.0,2.0,160.0,156.0,0.0,45.0,0.0,15.0,155.0,0.0,76.0,0.0,432.0,0.0,0.0,57.0,13.0,0.0,0.0,0.0,8.0,0.0,0.0,0.0,0.0,0.0,0.0,561.0,54.0,0.0,23.0,0.0,0.0,40.0,257.0,230.0,120.0,0.0,526.0,134.0,141.0
2021-07-29 09:00:00+00:00,0.0,0.0,0.0,184.0,147.0,21.0,104.0,0.0,0.0,119.0,0.0,112.0,0.0,483.0,0.0,0.0,51.0,0.0,0.0,0.0,1.0,62.0,0.0,0.0,0.0,0.0,0.0,0.0,560.0,75.0,0.0,10.0,0.0,0.0,40.0,283.0,269.0,122.0,0.0,599.0,109.0,147.0
2021-07-29 10:00:00+00:00,1.0,0.0,26.0,209.0,125.0,62.0,181.0,0.0,0.0,65.0,0.0,237.0,0.0,576.0,0.0,0.0,48.0,0.0,0.0,0.0,1.0,155.0,0.0,0.0,0.0,0.0,0.0,0.0,559.0,94.0,0.0,47.0,0.0,0.0,29.0,311.0,283.0,50.0,0.0,639.0,89.0,145.0
2021-07-29 11:00:00+00:00,0.0,0.0,3.0,208.0,164.0,51.0,156.0,0.0,0.0,70.0,0.0,265.0,0.0,554.0,0.0,0.0,50.0,0.0,0.0,0.0,1.0,119.0,0.0,0.0,0.0,0.0,0.0,0.0,558.0,81.0,0.0,124.0,0.0,0.0,19.0,303.0,298.0,86.0,0.0,612.0,106.0,142.0
2021-07-29 12:00:00+00:00,0.0,0.0,3.0,197.0,121.0,54.0,174.0,0.0,0.0,48.0,0.0,291.0,172.0,349.0,0.0,0.0,59.0,0.0,0.0,0.0,1.0,130.0,0.0,0.0,0.0,0.0,0.0,0.0,560.0,95.0,0.0,127.0,0.0,0.0,0.0,352.0,261.0,117.0,0.0,618.0,132.0,144.0
2021-07-29 13:00:00+00:00,3.0,0.0,2.0,194.0,101.0,40.0,144.0,0.0,0.0,21.0,0.0,258.0,156.0,301.0,0.0,0.0,65.0,0.0,0.0,0.0,1.0,189.0,0.0,0.0,0.0,0.0,0.0,0.0,558.0,116.0,0.0,106.0,0.0,0.0,0.0,343.0,252.0,105.0,0.0,568.0,144.0,144.0
2021-07-29 14:00:00+00:00,6.0,0.0,2.0,206.0,129.0,36.0,124.0,0.0,0.0,12.0,0.0,209.0,139.0,280.0,0.0,0.0,82.0,0.0,0.0,0.0,1.0,205.0,0.0,0.0,0.0,0.0,0.0,0.0,557.0,107.0,0.0,104.0,0.0,0.0,0.0,363.0,281.0,139.0,0.0,498.0,191.0,143.0
2021-07-29 15:00:00+00:00,12.0,0.0,2.0,219.0,137.0,3.0,65.0,0.0,0.0,6.0,0.0,225.0,147.0,256.0,0.0,0.0,108.0,0.0,0.0,0.0,1.0,251.0,0.0,0.0,0.0,0.0,0.0,0.0,559.0,83.0,0.0,126.0,0.0,0.0,0.0,391.0,265.0,106.0,0.0,462.0,210.0,145.0
2021-07-29 16:00:00+00:00,6.0,0.0,2.0,226.0,177.0,0.0,89.0,0.0,0.0,22.0,0.0,97.0,101.0,155.0,0.0,0.0,127.0,12.0,0.0,0.0,1.0,213.0,0.0,0.0,0.0,0.0,0.0,0.0,560.0,92.0,0.0,95.0,0.0,0.0,0.0,407.0,298.0,126.0,0.0,403.0,211.0,143.0
2021-07-29 17:00:00+00:00,34.0,0.0,6.0,234.0,169.0,0.0,73.0,0.0,0.0,0.0,0.0,177.0,123.0,135.0,0.0,3.0,112.0,34.0,0.0,0.0,0.0,283.0,0.0,0.0,0.0,0.0,0.0,0.0,560.0,108.0,0.0,119.0,0.0,0.0,0.0,363.0,304.0,83.0,0.0,352.0,183.0,146.0
2021-07-29 18:00:00+00:00,2.0,0.0,1.0,212.0,187.0,0.0,72.0,0.0,0.0,21.0,0.0,21.0,95.0,113.0,0.0,307.0,121.0,9.0,0.0,0.0,0.0,184.0,0.0,0.0,0.0,0.0,0.0,0.0,560.0,136.0,0.0,223.0,0.0,0.0,0.0,315.0,289.0,131.0,0.0,282.0,181.0,146.0
2021-07-29 19:00:00+00:00,67.0,0.0,14.0,221.0,137.0,89.0,194.0,0.0,0.0,1.0,0.0,185.0,156.0,185.0,0.0,319.0,121.0,0.0,0.0,0.0,0.0,313.0,0.0,0.0,0.0,0.0,0.0,0.0,565.0,146.0,0.0,239.0,0.0,0.0,0.0,361.0,326.0,54.0,0.0,381.0,193.0,145.0
2021-07-29 20:00:00+00:00,121.0,0.0,30.0,258.0,134.0,288.0,262.0,0.0,0.0,0.0,0.0,221.0,166.0,216.0,0.0,280.0,101.0,0.0,0.0,0.0,0.0,431.0,0.0,0.0,0.0,0.0,0.0,0.0,569.0,176.0,0.0,142.0,0.0,0.0,0.0,444.0,372.0,29.0,0.0,461.0,259.0,144.0
2021-07-29 21:00:00+00:00,40.0,0.0,81.0,310.0,199.0,304.0,293.0,0.0,0.0,0.0,0.0,208.0,120.0,237.0,0.0,127.0,74.0,0.0,0.0,0.0,0.0,446.0,0.0,0.0,0.0,24.0,0.0,0.0,570.0,180.0,0.0,0.0,0.0,0.0,0.0,454.0,433.0,13.0,0.0,449.0,322.0,144.0
2021-07-29 22:00:00+00:00,1.0,0.0,36.0,260.0,157.0,522.0,257.0,0.0,0.0,50.0,0.0,355.0,159.0,238.0,0.0,0.0,48.0,0.0,0.0,0.0,330.0,385.0,0.0,0.0,0.0,119.0,0.0,0.0,571.0,213.0,0.0,0.0,0.0,0.0,0.0,381.0,379.0,23.0,0.0,510.0,263.0,145.0
2021-07-29 23:00:00+00:00,0.0,0.0,29.0,260.0,159.0,569.0,261.0,0.0,0.0,134.0,0.0,413.0,146.0,234.0,0.0,0.0,74.0,0.0,0.0,0.0,343.0,362.0,0.0,0.0,0.0,197.0,0.0,0.0,572.0,200.0,0.0,0.0,0.0,0.0,0.0,386.0,376.0,27.0,0.0,546.0,290.0,145.0
2021-07-30 00:00:00+00:00,0.0,0.0,40.0,265.0,198.0,543.0,247.0,0.0,0.0,143.0,0.0,423.0,157.0,248.0,0.0,0.0,132.0,0.0,0.0,0.0,368.0,373.0,0.0,0.0,0.0,257.0,0.0,0.0,570.0,202.0,0.0,0.0,0.0,0.0,0.0,360.0,381.0,19.0,0.0,513.0,302.0,144.0
2021-07-30 01:00:00+00:00,0.0,0.0,47.0,270.0,218.0,515.0,249.0,0.0,0.0,155.0,0.0,394.0,139.0,225.0,0.0,0.0,122.0,0.0,0.0,0.0,398.0,362.0,0.0,0.0,0.0,256.0,0.0,0.0,572.0,206.0,0.0,0.0,0.0,0.0,0.0,382.0,398.0,22.0,0.0,511.0,324.0,141.0
2021-07-30 02:00:00+00:00,0.0,0.0,54.0,266.0,220.0,487.0,259.0,0.0,0.0,151.0,0.0,415.0,163.0,258.0,0.0,0.0,118.0,0.0,0.0,0.0,412.0,379.0,0.0,0.0,0.0,271.0,0.0,0.0,574.0,202.0,0.0,0.0,0.0,0.0,0.0,399.0,378.0,14.0,0.0,508.0,335.0,141.0
2021-07-30 03:00:00+00:00,0.0,0.0,43.0,237.0,165.0,317.0,250.0,0.0,0.0,105.0,0.0,393.0,186.0,269.0,0.0,0.0,121.0,0.0,0.0,0.0,312.0,395.0,0.0,0.0,0.0,166.0,0.0,0.0,574.0,165.0,0.0,0.0,0.0,0.0,0.0,406.0,356.0,14.0,0.0,511.0,307.0,143.0
2021-07-30 04:00:00+00:00,2.0,0.0,22.0,202.0,116.0,35.0,180.0,0.0,0.0,38.0,0.0,226.0,121.0,163.0,0.0,0.0,101.0,0.0,0.0,0.0,340.0,389.0,0.0,0.0,0.0,196.0,0.0,0.0,572.0,127.0,0.0,0.0,0.0,0.0,0.0,301.0,333.0,48.0,0.0,438.0,256.0,148.0
2021-07-30 05:00:00+00:00,85.0,0.0,3.0,142.0,7.0,0.0,94.0,0.0,0.0,0.0,0.0,224.0,172.0,184.0,0.0,0.0,86.0,31.0,0.0,0.0,1.0,361.0,0.0,0.0,0.0,76.0,0.0,0.0,561.0,122.0,0.0,0.0,0.0,0.0,0.0,303.0,252.0,106.0,0.0,525.0,198.0,146.0
2021-07-30 06:00:00+00:00,95.0,0.0,4.0,158.0,8.0,0.0,70.0,0.0,0.0,0.0,0.0,379.0,228.0,294.0,0.0,0.0,108.0,69.0,0.0,0.0,1.0,334.0,0.0,0.0,0.0,0.0,0.0,0.0,561.0,99.0,0.0,108.0,0.0,0.0,0.0,292.0,260.0,82.0,0.0,586.0,186.0,146.0
2021-07-30 07:00:00+00:00,53.0,0.0,19.0,202.0,5.0,0.0,90.0,0.0,0.0,0.0,0.0,422.0,250.0,370.0,0.0,0.0,60.0,61.0,0.0,0.0,1.0,323.0,0.0,0.0,0.0,0.0,0.0,0.0,561.0,102.0,0.0,138.0,0.0,0.0,0.0,269.0,286.0,43.0,0.0,624.0,172.0,145.0
2021-07-30 08:00:00+00:00,24.0,0.0,32.0,221.0,16.0,0.0,61.0,0.0,0.0,3.0,0.0,406.0,250.0,381.0,0.0,0.0,62.0,27.0,0.0,0.0,1.0,324.0,0.0,0.0,0.0,0.0,0.0,0.0,561.0,90.0,0.0,146.0,0.0,0.0,0.0,266.0,318.0,28.0,0.0,662.0,151.0,146.0
2021-07-30 09:00:00+00:00,65.0,0.0,18.0,227.0,47.0,18.0,90.0,0.0,0.0,0.0,0.0,340.0,224.0,364.0,0.0,0.0,48.0,0.0,0.0,0.0,1.0,325.0,0.0,0.0,0.0,0.0,0.0,0.0,560.0,94.0,0.0,154.0,0.0,0.0,0.0,288.0,323.0,36.0,0.0,682.0,149.0,147.0
2021-07-30 10:00:00+00:00,84.0,0.0,19.0,228.0,29.0,0.0,77.0,0.0,0.0,0.0,0.0,374.0,229.0,392.0,0.0,0.0,77.0,9.0,0.0,0.0,1.0,332.0,0.0,0.0,0.0,0.0,0.0,0.0,561.0,105.0,0.0,132.0,0.0,0.0,0.0,298.0,299.0,43.0,0.0,683.0,159.0,146.0
2021-07-30 11:00:00+00:00,92.0,0.0,15.0,242.0,44.0,0.0,22.0,0.0,0.0,0.0,0.0,424.0,280.0,410.0,0.0,0.0,39.0,27.0,0.0,0.0,1.0,343.0,0.0,0.0,0.0,0.0,0.0,0.0,561.0,97.0,0.0,260.0,0.0,0.0,0.0,204.0,325.0,54.0,0.0,439.0,321.0,146.0
2021-07-30 12:00:00+00:00,81.0,0.0,24.0,246.0,22.0,0.0,0.0,0.0,0.0,0.0,0.0,410.0,330.0,385.0,0.0,0.0,49.0,83.0,0.0,0.0,1.0,349.0,0.0,0.0,0.0,0.0,0.0,0.0,561.0,100.0,8.0,216.0,0.0,0.0,0.0,295.0,314.0,34.0,0.0,678.0,142.0,147.0
2021-07-30 13:00:00+00:00,79.0,0.0,31.0,258.0,21.0,0.0,0.0,0.0,0.0,0.0,0.0,367.0,322.0,345.0,0.0,0.0,54.0,62.0,0.0,0.0,1.0,379.0,0.0,0.0,0.0,0.0,0.0,0.0,561.0,81.0,9.0,170.0,0.0,0.0,0.0,354.0,327.0,27.0,0.0,676.0,166.0,138.0
2021-07-30 14:00:00+00:00,71.0,0.0,46.0,289.0,72.0,0.0,0.0,0.0,0.0,0.0,0.0,341.0,270.0,265.0,0.0,0.0,68.0,83.0,0.0,0.0,1.0,408.0,0.0,0.0,0.0,0.0,0.0,0.0,561.0,107.0,119.0,160.0,0.0,0.0,0.0,356.0,373.0,18.0,0.0,604.0,174.0,144.0
2021-07-30 15:00:00+00:00,75.0,0.0,40.0,323.0,137.0,0.0,0.0,0.0,0.0,0.0,0.0,328.0,239.0,196.0,0.0,0.0,81.0,226.0,0.0,0.0,1.0,404.0,0.0,0.0,0.0,0.0,0.0,0.0,561.0,71.0,217.0,205.0,0.0,0.0,0.0,356.0,399.0,18.0,0.0,549.0,173.0,144.0
2021-07-30 16:00:00+00:00,62.0,0.0,19.0,286.0,231.0,0.0,0.0,0.0,0.0,0.0,0.0,269.0,208.0,115.0,0.0,0.0,104.0,174.0,0.0,0.0,1.0,312.0,0.0,0.0,0.0,0.0,0.0,0.0,561.0,43.0,110.0,278.0,0.0,0.0,0.0,313.0,326.0,43.0,0.0,464.0,173.0,142.0
2021-07-30 17:00:00+00:00,108.0,0.0,18.0,250.0,166.0,0.0,89.0,0.0,0.0,0.0,0.0,147.0,175.0,84.0,0.0,200.0,108.0,13.0,0.0,0.0,0.0,318.0,0.0,0.0,0.0,0.0,0.0,0.0,560.0,98.0,0.0,209.0,0.0,0.0,0.0,376.0,288.0,48.0,0.0,467.0,187.0,144.0
2021-07-30 18:00:00+00:00,111.0,0.0,9.0,244.0,166.0,120.0,84.0,0.0,0.0,0.0,0.0,100.0,154.0,113.0,0.0,277.0,108.0,0.0,0.0,0.0,0.0,313.0,0.0,0.0,0.0,0.0,0.0,0.0,561.0,149.0,0.0,239.0,0.0,0.0,0.0,418.0,288.0,58.0,0.0,496.0,175.0,144.0
2021-07-30 19:00:00+00:00,117.0,0.0,14.0,246.0,164.0,131.0,0.0,0.0,0.0,0.0,0.0,91.0,154.0,111.0,0.0,384.0,104.0,0.0,0.0,0.0,0.0,345.0,0.0,0.0,0.0,0.0,0.0,0.0,569.0,114.0,36.0,201.0,0.0,0.0,0.0,376.0,309.0,50.0,0.0,499.0,187.0,144.0
2021-07-30 20:00:00+00:00,183.0,0.0,28.0,254.0,129.0,197.0,0.0,0.0,0.0,0.0,0.0,144.0,158.0,119.0,0.0,373.0,87.0,0.0,0.0,0.0,0.0,442.0,0.0,0.0,0.0,0.0,0.0,0.0,577.0,119.0,94.0,104.0,0.0,0.0,0.0,343.0,348.0,38.0,0.0,528.0,174.0,145.0
2021-07-30 21:00:00+00:00,155.0,0.0,62.0,272.0,119.0,293.0,0.0,0.0,0.0,0.0,0.0,346.0,190.0,185.0,0.0,228.0,68.0,0.0,0.0,0.0,0.0,495.0,0.0,0.0,0.0,0.0,0.0,0.0,577.0,123.0,34.0,111.0,0.0,0.0,0.0,340.0,367.0,17.0,0.0,522.0,215.0,144.0
2021-07-30 22:00:00+00:00,42.0,0.0,76.0,312.0,192.0,399.0,67.0,0.0,0.0,0.0,0.0,443.0,172.0,213.0,0.0,0.0,49.0,0.0,0.0,0.0,106.0,474.0,0.0,0.0,0.0,117.0,0.0,0.0,576.0,165.0,0.0,0.0,0.0,0.0,0.0,182.0,455.0,7.0,0.0,401.0,167.0,144.0
2021-07-30 23:00:00+00:00,17.0,0.0,73.0,279.0,134.0,397.0,52.0,0.0,0.0,4.0,0.0,485.0,197.0,266.0,0.0,0.0,57.0,0.0,0.0,0.0,121.0,468.0,0.0,0.0,0.0,153.0,0.0,0.0,576.0,155.0,0.0,0.0,0.0,0.0,0.0,249.0,389.0,10.0,0.0,496.0,159.0,143.0
2021-07-31 00:00:00+00:00,14.0,0.0,54.0,269.0,131.0,304.0,0.0,0.0,0.0,4.0,0.0,464.0,185.0,249.0,0.0,0.0,33.0,0.0,0.0,0.0,202.0,504.0,0.0,0.0,0.0,159.0,0.0,0.0,576.0,112.0,70.0,0.0,0.0,0.0,0.0,185.0,376.0,10.0,0.0,458.0,132.0,142.0
2021-07-31 01:00:00+00:00,20.0,0.0,38.0,268.0,137.0,278.0,0.0,0.0,0.0,1.0,0.0,479.0,182.0,221.0,0.0,0.0,18.0,0.0,0.0,0.0,215.0,496.0,0.0,0.0,0.0,206.0,0.0,0.0,575.0,72.0,171.0,0.0,0.0,0.0,0.0,239.0,376.0,15.0,0.0,472.0,171.0,140.0
2021-07-31 02:00:00+00:00,20.0,0.0,37.0,269.0,149.0,260.0,0.0,0.0,0.0,3.0,0.0,465.0,176.0,197.0,0.0,0.0,8.0,0.0,0.0,0.0,210.0,500.0,0.0,0.0,0.0,207.0,0.0,0.0,578.0,85.0,117.0,0.0,0.0,0.0,0.0,276.0,387.0,22.0,0.0,465.0,203.0,143.0
2021-07-31 03:00:00+00:00,21.0,0.0,31.0,265.0,148.0,150.0,0.0,0.0,0.0,3.0,0.0,439.0,173.0,201.0,0.0,0.0,12.0,0.0,0.0,0.0,219.0,506.0,0.0,0.0,0.0,143.0,0.0,0.0,579.0,80.0,211.0,0.0,0.0,0.0,0.0,277.0,380.0,26.0,0.0,481.0,180.0,142.0
2021-07-31 04:00:00+00:00,77.0,0.0,20.0,258.0,113.0,89.0,0.0,0.0,0.0,0.0,0.0,517.0,167.0,129.0,0.0,0.0,52.0,0.0,0.0,0.0,238.0,527.0,0.0,0.0,0.0,222.0,0.0,0.0,570.0,92.0,103.0,0.0,0.0,0.0,0.0,222.0,383.0,42.0,0.0,476.0,134.0,142.0
2021-07-31 05:00:00+00:00,23.0,0.0,30.0,248.0,114.0,47.0,0.0,0.0,0.0,5.0,0.0,472.0,174.0,141.0,0.0,0.0,30.0,0.0,0.0,0.0,1.0,434.0,0.0,0.0,0.0,234.0,0.0,0.0,559.0,100.0,21.0,0.0,0.0,0.0,0.0,218.0,348.0,26.0,0.0,480.0,123.0,145.0
2021-07-31 06:00:00+00:00,6.0,0.0,44.0,269.0,147.0,44.0,42.0,0.0,0.0,12.0,0.0,516.0,216.0,230.0,0.0,0.0,27.0,0.0,0.0,0.0,1.0,383.0,0.0,0.0,0.0,72.0,0.0,0.0,559.0,104.0,0.0,0.0,0.0,0.0,0.0,256.0,346.0,22.0,0.0,534.0,142.0,142.0
2021-07-31 07:00:00+00:00,0.0,0.0,72.0,306.0,212.0,45.0,43.0,0.0,0.0,49.0,0.0,448.0,204.0,306.0,0.0,0.0,31.0,0.0,0.0,0.0,1.0,372.0,0.0,0.0,0.0,31.0,0.0,0.0,559.0,113.0,0.0,0.0,0.0,0.0,0.0,282.0,386.0,9.0,0.0,538.0,208.0,143.0
2021-07-31 08:00:00+00:00,0.0,0.0,86.0,338.0,259.0,85.0,81.0,0.0,0.0,81.0,0.0,350.0,177.0,327.0,0.0,0.0,54.0,0.0,0.0,0.0,1.0,368.0,0.0,0.0,0.0,85.0,0.0,0.0,558.0,124.0,0.0,0.0,0.0,0.0,0.0,238.0,432.0,5.0,0.0,485.0,229.0,143.0
2021-07-31 09:00:00+00:00,0.0,0.0,111.0,350.0,294.0,89.0,64.0,0.0,0.0,91.0,0.0,302.0,166.0,345.0,0.0,0.0,87.0,0.0,0.0,0.0,1.0,367.0,0.0,0.0,0.0,82.0,0.0,0.0,557.0,128.0,0.0,0.0,0.0,0.0,0.0,242.0,459.0,4.0,0.0,475.0,241.0,142.0
2021-07-31 10:00:00+00:00,0.0,0.0,132.0,360.0,314.0,28.0,11.0,0.0,0.0,128.0,0.0,263.0,141.0,340.0,0.0,0.0,82.0,0.0,0.0,0.0,1.0,359.0,0.0,0.0,0.0,164.0,0.0,0.0,558.0,108.0,0.0,0.0,0.0,0.0,0.0,181.0,492.0,1.0,0.0,404.0,250.0,143.0
2021-07-31 11:00:00+00:00,0.0,0.0,143.0,358.0,306.0,44.0,11.0,0.0,0.0,120.0,0.0,317.0,145.0,329.0,0.0,0.0,82.0,0.0,0.0,0.0,1.0,365.0,0.0,0.0,0.0,152.0,0.0,0.0,558.0,103.0,0.0,0.0,0.0,0.0,0.0,191.0,489.0,1.0,0.0,408.0,209.0,146.0
2021-07-31 12:00:00+00:00,0.0,0.0,117.0,353.0,284.0,27.0,3.0,0.0,0.0,118.0,0.0,344.0,142.0,334.0,0.0,0.0,90.0,0.0,0.0,0.0,1.0,360.0,0.0,0.0,0.0,163.0,0.0,0.0,558.0,102.0,0.0,0.0,0.0,0.0,0.0,233.0,506.0,3.0,0.0,448.0,201.0,146.0
2021-07-31 13:00:00+00:00,0.0,0.0,131.0,345.0,265.0,15.0,3.0,0.0,0.0,109.0,0.0,341.0,145.0,327.0,0.0,0.0,69.0,0.0,0.0,0.0,1.0,391.0,0.0,0.0,0.0,170.0,0.0,0.0,557.0,113.0,0.0,0.0,0.0,0.0,0.0,237.0,482.0,1.0,0.0,485.0,194.0,146.0
2021-07-31 14:00:00+00:00,0.0,0.0,153.0,360.0,311.0,120.0,0.0,0.0,0.0,63.0,0.0,273.0,125.0,288.0,0.0,0.0,67.0,0.0,0.0,0.0,1.0,394.0,0.0,0.0,0.0,99.0,0.0,0.0,1090.0,88.0,22.0,0.0,0.0,0.0,0.0,268.0,489.0,0.0,0.0,435.0,229.0,144.0
2021-07-31 15:00:00+00:00,0.0,0.0,129.0,366.0,335.0,216.0,0.0,0.0,0.0,68.0,0.0,334.0,128.0,225.0,0.0,0.0,88.0,0.0,0.0,0.0,1.0,373.0,0.0,0.0,0.0,69.0,0.0,0.0,1246.0,80.0,23.0,0.0,0.0,0.0,0.0,289.0,502.0,2.0,0.0,393.0,193.0,147.0
2021-07-31 16:00:00+00:00,15.0,0.0,159.0,364.0,319.0,203.0,0.0,0.0,0.0,5.0,0.0,270.0,126.0,150.0,0.0,0.0,111.0,0.0,0.0,0.0,13.0,438.0,0.0,0.0,0.0,49.0,0.0,0.0,1270.0,66.0,28.0,0.0,0.0,0.0,0.0,311.0,485.0,1.0,0.0,383.0,184.0,145.0
2021-07-31 17:00:00+00:00,7.0,0.0,157.0,382.0,366.0,241.0,26.0,0.0,0.0,9.0,0.0,257.0,108.0,112.0,0.0,0.0,109.0,0.0,0.0,0.0,95.0,446.0,0.0,0.0,0.0,35.0,0.0,0.0,1469.0,66.0,0.0,0.0,0.0,0.0,0.0,267.0,521.0,1.0,0.0,285.0,196.0,146.0
2021-07-31 18:00:00+00:00,2.0,0.0,168.0,414.0,418.0,365.0,151.0,0.0,0.0,31.0,0.0,243.0,113.0,94.0,0.0,0.0,101.0,0.0,0.0,0.0,113.0,421.0,0.0,0.0,0.0,0.0,0.0,0.0,1466.0,114.0,0.0,55.0,0.0,0.0,0.0,316.0,555.0,1.0,0.0,330.0,179.0,145.0
2021-07-31 19:00:00+00:00,15.0,0.0,158.0,378.0,339.0,439.0,77.0,0.0,0.0,5.0,0.0,255.0,109.0,102.0,0.0,0.0,97.0,0.0,0.0,0.0,110.0,461.0,0.0,0.0,0.0,43.0,0.0,0.0,1473.0,107.0,0.0,0.0,0.0,0.0,0.0,279.0,526.0,0.0,0.0,315.0,215.0,146.0
2021-07-31 20:00:00+00:00,39.0,0.0,90.0,337.0,216.0,502.0,163.0,0.0,0.0,1.0,0.0,220.0,83.0,112.0,0.0,0.0,92.0,0.0,0.0,0.0,154.0,492.0,0.0,0.0,0.0,267.0,0.0,0.0,1473.0,124.0,0.0,0.0,0.0,0.0,0.0,311.0,468.0,5.0,0.0,335.0,287.0,146.0
2021-07-31 21:00:00+00:00,34.0,0.0,77.0,322.0,183.0,572.0,208.0,0.0,0.0,6.0,0.0,382.0,127.0,183.0,0.0,0.0,84.0,0.0,0.0,0.0,56.0,498.0,0.0,0.0,0.0,289.0,0.0,0.0,1471.0,129.0,0.0,0.0,0.0,0.0,0.0,320.0,456.0,10.0,0.0,375.0,291.0,146.0
2021-07-31 22:00:00+00:00,67.0,0.0,54.0,310.0,155.0,562.0,206.0,0.0,0.0,0.0,0.0,558.0,219.0,282.0,0.0,0.0,72.0,0.0,0.0,0.0,102.0,541.0,0.0,0.0,0.0,115.0,0.0,0.0,1478.0,133.0,0.0,0.0,0.0,0.0,0.0,357.0,434.0,14.0,0.0,525.0,175.0,146.0
2021-07-31 23:00:00+00:00,92.0,0.0,30.0,310.0,180.0,507.0,115.0,0.0,0.0,0.0,0.0,702.0,263.0,309.0,0.0,0.0,54.0,0.0,0.0,0.0,116.0,549.0,0.0,0.0,0.0,264.0,0.0,0.0,1476.0,113.0,0.0,0.0,0.0,0.0,0.0,438.0,428.0,22.0,0.0,597.0,211.0,146.0
2021-08-01 00:00:00+00:00,71.0,0.0,13.0,288.0,166.0,515.0,114.0,0.0,0.0,0.0,0.0,607.0,217.0,247.0,0.0,0.0,38.0,0.0,0.0,0.0,136.0,551.0,0.0,0.0,0.0,209.0,0.0,0.0,1476.0,98.0,0.0,0.0,0.0,0.0,0.0,404.0,379.0,80.0,0.0,566.0,216.0,145.0
2021-08-01 01:00:00+00:00,77.0,0.0,14.0,277.0,131.0,498.0,70.0,0.0,0.0,0.0,0.0,569.0,197.0,230.0,0.0,0.0,22.0,0.0,0.0,0.0,175.0,567.0,0.0,0.0,0.0,208.0,0.0,0.0,1476.0,72.0,0.0,0.0,0.0,0.0,0.0,401.0,340.0,50.0,0.0,560.0,221.0,146.0
2021-08-01 02:00:00+00:00,66.0,0.0,9.0,266.0,126.0,551.0,163.0,0.0,0.0,0.0,0.0,526.0,174.0,185.0,0.0,0.0,12.0,0.0,0.0,0.0,179.0,553.0,0.0,0.0,0.0,186.0,0.0,0.0,1472.0,84.0,0.0,0.0,0.0,0.0,0.0,368.0,351.0,56.0,0.0,529.0,218.0,145.0
2021-08-01 03:00:00+00:00,41.0,0.0,18.0,266.0,140.0,465.0,219.0,0.0,0.0,1.0,0.0,423.0,137.0,151.0,0.0,0.0,7.0,0.0,0.0,0.0,168.0,538.0,0.0,0.0,0.0,192.0,0.0,0.0,1474.0,98.0,0.0,0.0,0.0,0.0,0.0,361.0,387.0,62.0,0.0,532.0,203.0,146.0
2021-08-01 04:00:00+00:00,57.0,0.0,30.0,260.0,113.0,358.0,244.0,0.0,0.0,0.0,0.0,471.0,151.0,141.0,0.0,0.0,12.0,0.0,0.0,0.0,134.0,544.0,0.0,0.0,0.0,266.0,0.0,0.0,1474.0,122.0,0.0,0.0,0.0,0.0,0.0,361.0,391.0,24.0,0.0,552.0,153.0,146.0
2021-08-01 05:00:00+00:00,48.0,0.0,26.0,264.0,167.0,346.0,199.0,0.0,0.0,0.0,0.0,501.0,188.0,205.0,0.0,0.0,8.0,0.0,0.0,0.0,1.0,503.0,0.0,0.0,0.0,194.0,0.0,0.0,1463.0,128.0,0.0,0.0,0.0,0.0,0.0,345.0,381.0,25.0,0.0,557.0,163.0,144.0
2021-08-01 06:00:00+00:00,34.0,0.0,42.0,304.0,190.0,394.0,233.0,0.0,0.0,1.0,0.0,693.0,257.0,302.0,0.0,0.0,10.0,0.0,0.0,0.0,1.0,490.0,0.0,0.0,0.0,241.0,0.0,0.0,1460.0,142.0,0.0,0.0,0.0,0.0,0.0,299.0,445.0,14.0,0.0,563.0,153.0,141.0
2021-08-01 07:00:00+00:00,23.0,0.0,54.0,326.0,235.0,385.0,286.0,0.0,0.0,4.0,0.0,699.0,238.0,288.0,0.0,0.0,0.0,0.0,0.0,0.0,1.0,456.0,0.0,0.0,0.0,129.0,0.0,0.0,1465.0,133.0,0.0,0.0,0.0,0.0,0.0,212.0,458.0,13.0,0.0,523.0,158.0,144.0
2021-08-01 08:00:00+00:00,15.0,0.0,69.0,346.0,236.0,420.0,244.0,0.0,0.0,5.0,0.0,744.0,248.0,337.0,0.0,0.0,2.0,0.0,0.0,0.0,1.0,426.0,0.0,0.0,0.0,56.0,0.0,0.0,1463.0,144.0,0.0,0.0,0.0,0.0,0.0,212.0,485.0,7.0,0.0,516.0,205.0,145.0
2021-08-01 09:00:00+00:00,48.0,0.0,90.0,346.0,227.0,395.0,212.0,0.0,0.0,0.0,0.0,773.0,274.0,384.0,0.0,0.0,4.0,0.0,0.0,0.0,1.0,439.0,0.0,0.0,0.0,0.0,0.0,0.0,1462.0,145.0,0.0,26.0,0.0,0.0,0.0,149.0,487.0,3.0,0.0,491.0,193.0,142.0
2021-08-01 10:00:00+00:00,63.0,0.0,95.0,337.0,214.0,352.0,167.0,0.0,0.0,0.0,0.0,814.0,272.0,378.0,0.0,0.0,6.0,0.0,0.0,0.0,1.0,455.0,0.0,0.0,0.0,0.0,0.0,0.0,1459.0,132.0,0.0,17.0,0.0,0.0,0.0,155.0,459.0,3.0,0.0,493.0,174.0,139.0
2021-08-01 11:00:00+00:00,68.0,0.0,75.0,342.0,227.0,381.0,227.0,0.0,0.0,0.0,0.0,839.0,277.0,382.0,0.0,0.0,8.0,0.0,0.0,0.0,1.0,450.0,0.0,0.0,0.0,44.0,0.0,0.0,1464.0,141.0,0.0,0.0,0.0,0.0,0.0,161.0,470.0,3.0,0.0,515.0,148.0,144.0
2021-08-01 12:00:00+00:00,81.0,0.0,78.0,335.0,213.0,360.0,234.0,0.0,0.0,0.0,0.0,884.0,311.0,340.0,0.0,0.0,13.0,0.0,0.0,0.0,1.0,455.0,0.0,0.0,0.0,0.0,0.0,0.0,1464.0,135.0,0.0,61.0,0.0,0.0,0.0,176.0,466.0,10.0,0.0,510.0,112.0,142.0
2021-08-01 13:00:00+00:00,87.0,0.0,70.0,325.0,185.0,200.0,214.0,0.0,0.0,0.0,0.0,832.0,293.0,336.0,0.0,0.0,25.0,0.0,0.0,0.0,1.0,470.0,0.0,0.0,0.0,33.0,0.0,0.0,1464.0,105.0,0.0,0.0,0.0,0.0,0.0,256.0,452.0,7.0,0.0,508.0,129.0,144.0
2021-08-01 14:00:00+00:00,55.0,0.0,97.0,337.0,182.0,193.0,184.0,0.0,0.0,0.0,0.0,717.0,286.0,320.0,0.0,0.0,44.0,0.0,0.0,0.0,1.0,471.0,0.0,0.0,0.0,0.0,0.0,0.0,1460.0,115.0,0.0,29.0,0.0,0.0,0.0,257.0,451.0,7.0,0.0,451.0,158.0,143.0
2021-08-01 15:00:00+00:00,36.0,0.0,76.0,338.0,194.0,215.0,166.0,0.0,0.0,1.0,0.0,610.0,284.0,267.0,0.0,0.0,61.0,0.0,0.0,0.0,1.0,452.0,0.0,0.0,0.0,0.0,0.0,0.0,1461.0,108.0,0.0,95.0,0.0,0.0,0.0,225.0,469.0,6.0,0.0,418.0,118.0,143.0
2021-08-01 16:00:00+00:00,67.0,0.0,74.0,324.0,152.0,263.0,142.0,0.0,0.0,0.0,0.0,691.0,237.0,259.0,0.0,0.0,85.0,0.0,0.0,0.0,1.0,476.0,0.0,0.0,0.0,0.0,0.0,0.0,1470.0,130.0,0.0,163.0,0.0,0.0,0.0,218.0,430.0,9.0,0.0,406.0,97.0,144.0
2021-08-01 17:00:00+00:00,42.0,0.0,96.0,350.0,219.0,294.0,160.0,0.0,0.0,1.0,0.0,635.0,141.0,232.0,0.0,0.0,101.0,0.0,0.0,0.0,1.0,464.0,0.0,0.0,0.0,0.0,0.0,0.0,1470.0,138.0,0.0,232.0,0.0,0.0,0.0,203.0,464.0,6.0,0.0,365.0,99.0,141.0
2021-08-01 18:00:00+00:00,34.0,0.0,84.0,358.0,231.0,305.0,134.0,0.0,0.0,1.0,0.0,589.0,153.0,240.0,0.0,0.0,115.0,0.0,0.0,0.0,92.0,473.0,0.0,0.0,0.0,0.0,0.0,0.0,1451.0,148.0,0.0,194.0,0.0,0.0,0.0,259.0,469.0,4.0,0.0,395.0,93.0,143.0
2021-08-01 19:00:00+00:00,53.0,0.0,82.0,329.0,177.0,431.0,139.0,0.0,0.0,0.0,0.0,536.0,163.0,246.0,0.0,0.0,125.0,0.0,0.0,0.0,143.0,490.0,0.0,0.0,0.0,0.0,0.0,0.0,1467.0,145.0,0.0,73.0,0.0,0.0,0.0,303.0,459.0,4.0,0.0,457.0,91.0,144.0
2021-08-01 20:00:00+00:00,72.0,0.0,92.0,298.0,109.0,489.0,170.0,0.0,0.0,0.0,0.0,604.0,188.0,305.0,0.0,0.0,121.0,0.0,0.0,0.0,151.0,501.0,0.0,0.0,0.0,2.0,0.0,0.0,1461.0,147.0,0.0,0.0,0.0,0.0,0.0,350.0,463.0,5.0,0.0,544.0,104.0,143.0
2021-08-01 21:00:00+00:00,69.0,0.0,106.0,327.0,170.0,515.0,177.0,0.0,0.0,0.0,0.0,578.0,179.0,290.0,0.0,0.0,105.0,0.0,0.0,0.0,163.0,497.0,0.0,0.0,0.0,0.0,0.0,0.0,1473.0,156.0,0.0,16.0,0.0,0.0,0.0,253.0,477.0,4.0,0.0,440.0,136.0,143.0
2021-08-01 22:00:00+00:00,73.0,0.0,122.0,324.0,152.0,561.0,211.0,0.0,0.0,0.0,0.0,537.0,180.0,275.0,0.0,0.0,93.0,0.0,0.0,0.0,195.0,529.0,0.0,0.0,0.0,0.0,0.0,0.0,1475.0,162.0,0.0,20.0,0.0,0.0,0.0,271.0,483.0,2.0,0.0,383.0,46.0,145.0
2021-08-01 23:00:00+00:00,102.0,0.0,108.0,313.0,155.0,537.0,214.0,0.0,0.0,0.0,0.0,478.0,187.0,266.0,0.0,0.0,76.0,0.0,0.0,0.0,187.0,543.0,0.0,0.0,0.0,138.0,0.0,0.0,1483.0,164.0,0.0,0.0,0.0,0.0,0.0,290.0,479.0,5.0,0.0,329.0,119.0,145.0
2021-08-02 00:00:00+00:00,106.0,0.0,98.0,303.0,134.0,510.0,169.0,0.0,0.0,0.0,0.0,410.0,168.0,225.0,0.0,0.0,71.0,0.0,0.0,0.0,246.0,574.0,0.0,0.0,0.0,121.0,0.0,0.0,1490.0,156.0,0.0,0.0,0.0,0.0,0.0,239.0,446.0,2.0,0.0,264.0,146.0,146.0
2021-08-02 01:00:00+00:00,106.0,0.0,82.0,292.0,127.0,499.0,160.0,0.0,0.0,0.0,0.0,362.0,142.0,167.0,0.0,0.0,58.0,0.0,0.0,0.0,260.0,589.0,0.0,0.0,0.0,128.0,0.0,0.0,1465.0,146.0,0.0,0.0,0.0,0.0,0.0,232.0,426.0,6.0,0.0,262.0,139.0,145.0
2021-08-02 02:00:00+00:00,87.0,0.0,96.0,289.0,138.0,490.0,157.0,0.0,0.0,0.0,0.0,390.0,142.0,180.0,0.0,0.0,52.0,0.0,0.0,0.0,300.0,584.0,0.0,0.0,0.0,165.0,0.0,0.0,1475.0,168.0,0.0,0.0,0.0,0.0,0.0,265.0,432.0,2.0,0.0,269.0,154.0,145.0
2021-08-02 03:00:00+00:00,117.0,0.0,74.0,264.0,84.0,437.0,118.0,0.0,0.0,0.0,0.0,453.0,152.0,156.0,0.0,0.0,51.0,0.0,0.0,0.0,299.0,593.0,0.0,0.0,0.0,136.0,0.0,0.0,1348.0,172.0,0.0,0.0,0.0,0.0,0.0,334.0,420.0,9.0,0.0,372.0,106.0,145.0
2021-08-02 04:00:00+00:00,116.0,0.0,106.0,274.0,111.0,119.0,0.0,0.0,0.0,0.0,0.0,186.0,67.0,15.0,0.0,0.0,77.0,0.0,0.0,0.0,195.0,578.0,0.0,0.0,0.0,150.0,0.0,0.0,947.0,117.0,35.0,0.0,9.0,0.0,0.0,241.0,458.0,6.0,0.0,287.0,58.0,143.0
2021-08-02 05:00:00+00:00,146.0,0.0,60.0,230.0,52.0,35.0,0.0,0.0,0.0,0.0,0.0,317.0,106.0,22.0,0.0,0.0,105.0,0.0,0.0,0.0,1.0,510.0,0.0,0.0,0.0,105.0,0.0,0.0,925.0,88.0,136.0,0.0,2.0,0.0,0.0,430.0,409.0,7.0,0.0,338.0,174.0,142.0
2021-08-02 06:00:00+00:00,134.0,0.0,130.0,275.0,62.0,88.0,0.0,0.0,0.0,0.0,0.0,501.0,185.0,45.0,0.0,0.0,126.0,0.0,0.0,0.0,1.0,511.0,0.0,0.0,0.0,79.0,0.0,0.0,879.0,109.0,79.0,0.0,0.0,0.0,0.0,506.0,460.0,4.0,0.0,410.0,235.0,139.0
2021-08-02 07:00:00+00:00,134.0,0.0,177.0,286.0,56.0,39.0,0.0,0.0,0.0,0.0,0.0,521.0,164.0,203.0,0.0,0.0,130.0,0.0,0.0,0.0,0.0,513.0,0.0,0.0,0.0,28.0,0.0,0.0,878.0,94.0,180.0,0.0,0.0,0.0,0.0,329.0,441.0,2.0,0.0,375.0,148.0,132.0
2021-08-02 08:00:00+00:00,164.0,0.0,126.0,291.0,69.0,15.0,0.0,0.0,0.0,0.0,0.0,475.0,176.0,214.0,0.0,0.0,125.0,0.0,0.0,0.0,0.0,497.0,0.0,0.0,0.0,66.0,0.0,0.0,878.0,90.0,231.0,0.0,0.0,0.0,0.0,223.0,477.0,4.0,0.0,373.0,91.0,130.0
2021-08-02 09:00:00+00:00,157.0,0.0,127.0,295.0,73.0,0.0,0.0,0.0,0.0,0.0,0.0,469.0,191.0,257.0,0.0,0.0,120.0,16.0,0.0,0.0,0.0,488.0,0.0,0.0,0.0,0.0,0.0,0.0,877.0,75.0,236.0,37.0,0.0,0.0,0.0,246.0,495.0,3.0,0.0,398.0,89.0,127.0
2021-08-02 10:00:00+00:00,189.0,0.0,124.0,275.0,32.0,0.0,0.0,0.0,0.0,0.0,0.0,450.0,212.0,303.0,0.0,0.0,122.0,11.0,0.0,0.0,0.0,503.0,0.0,0.0,0.0,0.0,0.0,0.0,877.0,82.0,204.0,72.0,0.0,0.0,0.0,360.0,462.0,2.0,0.0,459.0,128.0,127.0
2021-08-02 11:00:00+00:00,204.0,0.0,237.0,274.0,23.0,21.0,0.0,0.0,0.0,0.0,0.0,461.0,213.0,294.0,0.0,0.0,131.0,0.0,0.0,0.0,0.0,532.0,0.0,0.0,0.0,0.0,0.0,0.0,877.0,78.0,146.0,43.0,0.0,0.0,0.0,387.0,400.0,0.0,0.0,473.0,108.0,128.0
2021-08-02 12:00:00+00:00,193.0,0.0,112.0,274.0,34.0,66.0,0.0,0.0,0.0,0.0,0.0,413.0,205.0,265.0,0.0,0.0,127.0,0.0,0.0,0.0,0.0,504.0,0.0,0.0,0.0,0.0,0.0,0.0,876.0,97.0,111.0,41.0,0.0,0.0,0.0,383.0,433.0,2.0,0.0,473.0,89.0,130.0
2021-08-02 13:00:00+00:00,219.0,0.0,251.0,289.0,52.0,3.0,0.0,0.0,0.0,0.0,0.0,407.0,185.0,217.0,0.0,0.0,132.0,0.0,0.0,0.0,0.0,535.0,0.0,0.0,0.0,19.0,0.0,0.0,878.0,72.0,203.0,0.0,0.0,0.0,0.0,442.0,367.0,0.0,0.0,478.0,116.0,133.0
2021-08-02 14:00:00+00:00,164.0,0.0,92.0,311.0,142.0,0.0,0.0,0.0,0.0,0.0,0.0,357.0,156.0,162.0,0.0,0.0,143.0,21.0,0.0,0.0,0.0,510.0,0.0,0.0,0.0,0.0,0.0,0.0,878.0,32.0,256.0,80.0,0.0,0.0,0.0,458.0,434.0,4.0,0.0,411.0,163.0,135.0
2021-08-02 15:00:00+00:00,157.0,0.0,74.0,294.0,100.0,44.0,0.0,0.0,0.0,0.0,0.0,297.0,127.0,109.0,0.0,0.0,155.0,0.0,0.0,0.0,0.0,521.0,0.0,0.0,0.0,0.0,0.0,0.0,877.0,41.0,186.0,108.0,0.0,0.0,0.0,474.0,432.0,6.0,0.0,348.0,185.0,136.0
2021-08-02 16:00:00+00:00,145.0,0.0,55.0,313.0,140.0,148.0,0.0,0.0,0.0,0.0,0.0,220.0,103.0,81.0,0.0,0.0,169.0,0.0,0.0,0.0,1.0,519.0,0.0,0.0,0.0,0.0,0.0,0.0,873.0,78.0,35.0,130.0,0.0,0.0,0.0,551.0,437.0,10.0,0.0,309.0,272.0,137.0
2021-08-02 17:00:00+00:00,149.0,0.0,82.0,327.0,173.0,153.0,3.0,0.0,0.0,0.0,0.0,144.0,80.0,30.0,0.0,56.0,169.0,0.0,0.0,0.0,0.0,516.0,0.0,0.0,0.0,0.0,0.0,0.0,916.0,89.0,0.0,150.0,2.0,0.0,0.0,584.0,434.0,5.0,0.0,279.0,303.0,138.0
2021-08-02 18:00:00+00:00,139.0,0.0,74.0,337.0,192.0,369.0,11.0,0.0,0.0,0.0,0.0,136.0,76.0,36.0,0.0,133.0,179.0,0.0,0.0,0.0,0.0,500.0,0.0,0.0,0.0,0.0,0.0,0.0,1368.0,135.0,0.0,218.0,1.0,0.0,0.0,570.0,452.0,7.0,0.0,267.0,303.0,139.0
2021-08-02 19:00:00+00:00,126.0,0.0,69.0,308.0,183.0,377.0,22.0,0.0,0.0,0.0,0.0,106.0,64.0,23.0,0.0,129.0,183.0,0.0,0.0,0.0,0.0,471.0,0.0,0.0,0.0,0.0,0.0,0.0,1467.0,141.0,0.0,200.0,2.0,0.0,0.0,565.0,420.0,6.0,0.0,277.0,296.0,141.0
2021-08-02 20:00:00+00:00,166.0,0.0,72.0,302.0,154.0,399.0,57.0,0.0,0.0,0.0,0.0,129.0,65.0,13.0,0.0,53.0,161.0,0.0,0.0,0.0,0.0,508.0,0.0,0.0,0.0,0.0,0.0,0.0,1464.0,156.0,0.0,8.0,13.0,0.0,0.0,524.0,445.0,16.0,0.0,295.0,293.0,141.0
2021-08-02 21:00:00+00:00,150.0,0.0,82.0,290.0,101.0,427.0,115.0,0.0,0.0,0.0,0.0,339.0,85.0,51.0,0.0,0.0,132.0,0.0,0.0,0.0,182.0,541.0,0.0,0.0,0.0,188.0,0.0,0.0,1470.0,141.0,0.0,0.0,0.0,0.0,0.0,556.0,430.0,10.0,0.0,373.0,290.0,144.0
2021-08-02 22:00:00+00:00,73.0,0.0,54.0,288.0,127.0,435.0,133.0,0.0,0.0,0.0,0.0,368.0,108.0,74.0,0.0,63.0,112.0,0.0,0.0,0.0,0.0,501.0,0.0,0.0,0.0,233.0,0.0,0.0,1463.0,157.0,0.0,0.0,0.0,0.0,0.0,523.0,422.0,18.0,0.0,399.0,315.0,155.0
2021-08-02 23:00:00+00:00,79.0,0.0,121.0,313.0,171.0,492.0,166.0,0.0,0.0,0.0,0.0,493.0,132.0,98.0,0.0,0.0,93.0,0.0,0.0,0.0,1.0,516.0,0.0,0.0,0.0,173.0,0.0,0.0,1489.0,165.0,0.0,0.0,0.0,0.0,0.0,475.0,468.0,6.0,0.0,397.0,301.0,154.0
2021-08-03 00:00:00+00:00,40.0,0.0,107.0,331.0,226.0,501.0,175.0,0.0,0.0,0.0,0.0,459.0,136.0,122.0,0.0,0.0,124.0,0.0,0.0,0.0,102.0,507.0,0.0,0.0,0.0,149.0,0.0,0.0,1484.0,178.0,0.0,0.0,0.0,0.0,0.0,463.0,517.0,3.0,0.0,370.0,323.0,157.0
2021-08-03 01:00:00+00:00,3.0,0.0,144.0,334.0,285.0,516.0,179.0,0.0,0.0,20.0,0.0,461.0,122.0,101.0,0.0,0.0,137.0,0.0,0.0,0.0,178.0,459.0,0.0,0.0,0.0,217.0,0.0,0.0,1472.0,189.0,0.0,0.0,0.0,0.0,0.0,397.0,508.0,1.0,0.0,298.0,323.0,153.0
2021-08-03 02:00:00+00:00,7.0,0.0,96.0,318.0,267.0,510.0,212.0,0.0,0.0,10.0,0.0,458.0,119.0,90.0,0.0,0.0,96.0,0.0,0.0,0.0,130.0,457.0,0.0,0.0,0.0,252.0,0.0,0.0,1479.0,192.0,0.0,0.0,0.0,0.0,0.0,398.0,494.0,6.0,0.0,288.0,324.0,154.0
2021-08-03 03:00:00+00:00,1.0,0.0,70.0,296.0,254.0,340.0,164.0,0.0,0.0,28.0,0.0,354.0,64.0,9.0,0.0,0.0,63.0,0.0,0.0,0.0,159.0,415.0,0.0,0.0,0.0,258.0,0.0,0.0,1184.0,182.0,0.0,0.0,14.0,0.0,0.0,362.0,465.0,17.0,0.0,237.0,306.0,154.0
2021-08-03 04:00:00+00:00,9.0,0.0,94.0,315.0,227.0,103.0,183.0,0.0,0.0,7.0,0.0,227.0,35.0,1.0,0.0,0.0,68.0,0.0,0.0,0.0,126.0,441.0,0.0,0.0,0.0,409.0,0.0,,765.0,156.0,0.0,0.0,51.0,0.0,0.0,265.0,470.0,4.0,0.0,,228.0,157.0
2021-08-03 05:00:00+00:00,114.0,0.0,95.0,260.0,114.0,92.0,159.0,0.0,0.0,0.0,0.0,223.0,78.0,19.0,0.0,0.0,103.0,0.0,0.0,0.0,1.0,407.0,0.0,0.0,0.0,199.0,0.0,0.0,686.0,156.0,0.0,0.0,17.0,0.0,0.0,277.0,340.0,18.0,0.0,241.0,177.0,155.0
2021-08-03 06:00:00+00:00,74.0,0.0,35.0,254.0,95.0,71.0,157.0,0.0,0.0,0.0,0.0,280.0,110.0,84.0,0.0,0.0,129.0,0.0,0.0,0.0,1.0,314.0,0.0,0.0,0.0,162.0,0.0,0.0,687.0,163.0,0.0,0.0,0.0,0.0,0.0,324.0,347.0,19.0,0.0,346.0,173.0,155.0
2021-08-03 07:00:00+00:00,54.0,0.0,50.0,271.0,91.0,54.0,96.0,0.0,0.0,0.0,0.0,378.0,154.0,191.0,0.0,0.0,133.0,0.0,0.0,0.0,1.0,303.0,0.0,0.0,0.0,106.0,0.0,0.0,688.0,154.0,0.0,0.0,0.0,0.0,0.0,367.0,366.0,20.0,0.0,437.0,187.0,153.0
2021-08-03 08:00:00+00:00,38.0,0.0,19.0,296.0,137.0,15.0,115.0,0.0,0.0,0.0,0.0,420.0,173.0,206.0,0.0,0.0,128.0,0.0,0.0,0.0,1.0,303.0,0.0,0.0,0.0,40.0,0.0,0.0,688.0,150.0,0.0,0.0,0.0,0.0,0.0,381.0,367.0,38.0,0.0,496.0,174.0,153.0
2021-08-03 09:00:00+00:00,50.0,0.0,25.0,300.0,132.0,0.0,101.0,0.0,0.0,0.0,0.0,442.0,184.0,262.0,0.0,0.0,125.0,16.0,0.0,0.0,1.0,318.0,0.0,0.0,0.0,0.0,0.0,0.0,688.0,165.0,0.0,17.0,0.0,0.0,0.0,391.0,373.0,38.0,0.0,514.0,167.0,156.0
2021-08-03 10:00:00+00:00,65.0,0.0,62.0,295.0,109.0,15.0,95.0,0.0,0.0,0.0,0.0,497.0,209.0,306.0,0.0,0.0,122.0,0.0,0.0,0.0,1.0,332.0,0.0,0.0,0.0,0.0,0.0,0.0,688.0,154.0,0.0,47.0,0.0,0.0,0.0,461.0,332.0,25.0,0.0,548.0,198.0,157.0
2021-08-03 11:00:00+00:00,48.0,0.0,69.0,286.0,127.0,16.0,104.0,0.0,0.0,2.0,0.0,484.0,207.0,303.0,0.0,0.0,130.0,0.0,0.0,0.0,1.0,304.0,0.0,0.0,0.0,0.0,0.0,0.0,688.0,146.0,0.0,85.0,0.0,0.0,0.0,453.0,359.0,13.0,0.0,506.0,191.0,157.0
2021-08-03 12:00:00+00:00,63.0,0.0,75.0,281.0,97.0,47.0,135.0,0.0,0.0,0.0,0.0,505.0,213.0,300.0,0.0,0.0,139.0,0.0,0.0,0.0,1.0,279.0,0.0,0.0,0.0,0.0,0.0,0.0,689.0,146.0,0.0,32.0,0.0,0.0,0.0,454.0,356.0,9.0,0.0,509.0,177.0,159.0
2021-08-03 13:00:00+00:00,82.0,0.0,70.0,280.0,97.0,78.0,163.0,0.0,1.0,4.0,0.0,552.0,216.0,277.0,0.0,0.0,141.0,0.0,0.0,0.0,1.0,281.0,0.0,0.0,0.0,0.0,0.0,0.0,688.0,150.0,0.0,66.0,0.0,0.0,0.0,454.0,347.0,10.0,0.0,504.0,163.0,159.0
2021-08-03 14:00:00+00:00,127.0,0.0,43.0,315.0,146.0,101.0,176.0,0.0,0.0,0.0,0.0,489.0,183.0,200.0,0.0,0.0,153.0,0.0,0.0,0.0,1.0,369.0,0.0,0.0,0.0,0.0,0.0,0.0,689.0,148.0,0.0,46.0,0.0,0.0,0.0,441.0,439.0,18.0,0.0,427.0,186.0,157.0
2021-08-03 15:00:00+00:00,137.0,0.0,41.0,315.0,170.0,102.0,161.0,0.0,0.0,0.0,0.0,415.0,156.0,145.0,0.0,0.0,161.0,0.0,0.0,0.0,1.0,370.0,0.0,0.0,0.0,0.0,0.0,0.0,688.0,145.0,0.0,75.0,0.0,0.0,0.0,454.0,433.0,22.0,0.0,355.0,215.0,158.0
2021-08-03 16:00:00+00:00,143.0,0.0,62.0,334.0,199.0,98.0,163.0,0.0,0.0,0.0,0.0,291.0,111.0,54.0,0.0,14.0,175.0,0.0,0.0,0.0,0.0,402.0,0.0,0.0,0.0,0.0,0.0,0.0,687.0,145.0,0.0,21.0,0.0,0.0,0.0,433.0,412.0,10.0,0.0,276.0,234.0,158.0
2021-08-03 17:00:00+00:00,219.0,0.0,26.0,306.0,199.0,87.0,146.0,0.0,0.0,0.0,0.0,92.0,102.0,15.0,0.0,466.0,183.0,0.0,0.0,0.0,0.0,400.0,0.0,0.0,0.0,0.0,0.0,0.0,688.0,149.0,0.0,196.0,28.0,0.0,0.0,438.0,375.0,32.0,0.0,291.0,196.0,157.0
2021-08-03 18:00:00+00:00,218.0,0.0,14.0,309.0,210.0,381.0,55.0,0.0,0.0,0.0,0.0,18.0,88.0,1.0,0.0,571.0,190.0,0.0,0.0,0.0,0.0,385.0,0.0,0.0,0.0,0.0,0.0,0.0,1166.0,170.0,0.0,227.0,29.0,0.0,0.0,438.0,365.0,50.0,0.0,277.0,188.0,157.0
2021-08-03 19:00:00+00:00,211.0,0.0,51.0,303.0,190.0,398.0,25.0,0.0,0.0,0.0,0.0,104.0,115.0,29.0,0.0,582.0,189.0,0.0,0.0,0.0,0.0,414.0,0.0,0.0,0.0,0.0,0.0,0.0,1466.0,154.0,0.0,225.0,3.0,0.0,0.0,462.0,325.0,17.0,0.0,324.0,185.0,158.0
2021-08-03 20:00:00+00:00,206.0,0.0,28.0,297.0,197.0,440.0,69.0,0.0,0.0,0.0,0.0,46.0,115.0,22.0,0.0,557.0,164.0,0.0,0.0,0.0,0.0,403.0,0.0,0.0,0.0,0.0,0.0,0.0,1479.0,158.0,0.0,250.0,4.0,0.0,0.0,443.0,373.0,34.0,0.0,368.0,194.0,157.0
2021-08-03 21:00:00+00:00,180.0,0.0,68.0,319.0,204.0,465.0,151.0,0.0,0.0,0.0,0.0,201.0,135.0,91.0,0.0,448.0,138.0,0.0,0.0,0.0,0.0,465.0,0.0,0.0,0.0,0.0,0.0,0.0,1467.0,153.0,0.0,104.0,0.0,0.0,0.0,499.0,433.0,18.0,0.0,368.0,300.0,158.0
2021-08-03 22:00:00+00:00,66.0,0.0,74.0,306.0,169.0,573.0,112.0,0.0,0.0,0.0,0.0,562.0,173.0,184.0,0.0,124.0,156.0,0.0,0.0,0.0,0.0,464.0,0.0,0.0,0.0,96.0,0.0,0.0,1496.0,180.0,0.0,0.0,0.0,0.0,0.0,551.0,438.0,13.0,0.0,431.0,322.0,162.0
2021-08-03 23:00:00+00:00,83.0,0.0,31.0,274.0,140.0,617.0,139.0,0.0,0.0,0.0,0.0,567.0,153.0,123.0,0.0,73.0,137.0,0.0,0.0,0.0,0.0,442.0,0.0,0.0,0.0,148.0,0.0,0.0,1474.0,180.0,0.0,0.0,0.0,0.0,0.0,459.0,379.0,22.0,0.0,421.0,262.0,161.0
2021-08-04 00:00:00+00:00,90.0,0.0,35.0,271.0,127.0,690.0,196.0,0.0,0.0,0.0,0.0,486.0,133.0,98.0,0.0,71.0,134.0,0.0,0.0,0.0,0.0,504.0,0.0,0.0,0.0,216.0,0.0,0.0,1479.0,169.0,0.0,0.0,0.0,0.0,0.0,424.0,389.0,25.0,0.0,389.0,255.0,160.0
2021-08-04 01:00:00+00:00,97.0,0.0,46.0,259.0,118.0,716.0,207.0,0.0,0.0,0.0,0.0,530.0,141.0,102.0,0.0,48.0,156.0,0.0,0.0,0.0,0.0,520.0,0.0,0.0,0.0,172.0,0.0,0.0,1499.0,167.0,0.0,0.0,0.0,0.0,0.0,425.0,366.0,17.0,0.0,408.0,236.0,161.0
2021-08-04 02:00:00+00:00,87.0,0.0,29.0,255.0,121.0,687.0,242.0,0.0,0.0,0.0,0.0,542.0,143.0,117.0,0.0,47.0,135.0,0.0,0.0,0.0,0.0,505.0,0.0,0.0,0.0,161.0,0.0,0.0,1439.0,156.0,0.0,0.0,0.0,0.0,0.0,446.0,384.0,22.0,0.0,402.0,251.0,165.0
2021-08-04 03:00:00+00:00,96.0,0.0,38.0,253.0,98.0,477.0,187.0,0.0,0.0,0.0,0.0,629.0,150.0,102.0,0.0,50.0,106.0,0.0,0.0,0.0,0.0,501.0,0.0,0.0,0.0,106.0,0.0,0.0,1139.0,158.0,0.0,0.0,0.0,0.0,0.0,493.0,377.0,28.0,0.0,442.0,235.0,162.0
2021-08-04 04:00:00+00:00,105.0,0.0,42.0,246.0,55.0,133.0,171.0,0.0,0.0,0.0,0.0,522.0,137.0,69.0,0.0,146.0,85.0,0.0,0.0,0.0,0.0,479.0,0.0,0.0,0.0,167.0,0.0,0.0,720.0,148.0,0.0,0.0,0.0,0.0,0.0,469.0,366.0,18.0,0.0,407.0,209.0,162.0
2021-08-04 05:00:00+00:00,117.0,0.0,57.0,242.0,25.0,64.0,115.0,0.0,0.0,0.0,0.0,536.0,161.0,49.0,0.0,0.0,122.0,0.0,0.0,0.0,1.0,431.0,0.0,0.0,0.0,228.0,0.0,0.0,644.0,151.0,0.0,0.0,0.0,0.0,0.0,402.0,343.0,16.0,0.0,341.0,66.0,164.0
2021-08-04 06:00:00+00:00,130.0,0.0,69.0,294.0,94.0,96.0,156.0,0.0,0.0,0.0,0.0,574.0,218.0,0.0,0.0,0.0,145.0,0.0,0.0,0.0,1.0,403.0,0.0,0.0,0.0,147.0,0.0,0.0,644.0,140.0,0.0,0.0,0.0,0.0,0.0,374.0,400.0,8.0,0.0,351.0,43.0,163.0
2021-08-04 07:00:00+00:00,122.0,0.0,128.0,318.0,97.0,77.0,121.0,0.0,0.0,0.0,0.0,676.0,288.0,0.0,3.0,0.0,147.0,0.0,0.0,0.0,1.0,412.0,0.0,0.0,0.0,138.0,0.0,0.0,644.0,141.0,0.0,0.0,0.0,0.0,0.0,369.0,423.0,2.0,0.0,435.0,13.0,162.0
2021-08-04 08:00:00+00:00,110.0,0.0,89.0,334.0,138.0,26.0,124.0,0.0,0.0,0.0,0.0,665.0,288.0,0.0,0.0,0.0,142.0,0.0,0.0,0.0,1.0,394.0,0.0,0.0,0.0,59.0,0.0,0.0,654.0,138.0,0.0,0.0,0.0,0.0,0.0,311.0,466.0,3.0,0.0,445.0,50.0,161.0
2021-08-04 09:00:00+00:00,108.0,0.0,106.0,327.0,115.0,36.0,160.0,0.0,0.0,0.0,0.0,708.0,308.0,0.0,0.0,0.0,133.0,0.0,0.0,0.0,1.0,379.0,0.0,0.0,0.0,49.0,0.0,0.0,689.0,145.0,0.0,0.0,0.0,0.0,0.0,351.0,464.0,2.0,0.0,483.0,85.0,160.0
2021-08-04 10:00:00+00:00,84.0,0.0,94.0,340.0,127.0,41.0,166.0,0.0,0.0,0.0,0.0,757.0,345.0,0.0,0.0,0.0,171.0,0.0,0.0,0.0,1.0,377.0,0.0,0.0,0.0,38.0,0.0,0.0,688.0,146.0,0.0,0.0,0.0,0.0,0.0,371.0,458.0,2.0,0.0,484.0,96.0,162.0
2021-08-04 11:00:00+00:00,68.0,0.0,123.0,361.0,171.0,47.0,161.0,0.0,0.0,0.0,0.0,743.0,354.0,0.0,0.0,0.0,178.0,0.0,0.0,0.0,1.0,388.0,0.0,0.0,0.0,5.0,0.0,0.0,689.0,148.0,0.0,0.0,0.0,0.0,0.0,385.0,440.0,1.0,0.0,460.0,141.0,162.0
2021-08-04 12:00:00+00:00,45.0,0.0,146.0,386.0,211.0,55.0,140.0,0.0,0.0,0.0,0.0,766.0,361.0,0.0,0.0,0.0,185.0,0.0,0.0,0.0,1.0,338.0,0.0,0.0,0.0,0.0,0.0,0.0,688.0,151.0,0.0,50.0,0.0,0.0,0.0,397.0,447.0,1.0,0.0,480.0,135.0,161.0
2021-08-04 13:00:00+00:00,49.0,0.0,185.0,385.0,202.0,46.0,144.0,0.0,0.0,0.0,0.0,617.0,250.0,200.0,0.0,0.0,188.0,0.0,0.0,0.0,1.0,349.0,0.0,0.0,0.0,0.0,0.0,0.0,688.0,157.0,0.0,81.0,0.0,0.0,0.0,404.0,464.0,0.0,0.0,462.0,161.0,160.0
2021-08-04 14:00:00+00:00,41.0,0.0,98.0,371.0,207.0,58.0,103.0,0.0,0.0,1.0,0.0,546.0,228.0,180.0,0.0,0.0,196.0,0.0,0.0,0.0,1.0,368.0,0.0,0.0,0.0,0.0,0.0,0.0,687.0,164.0,0.0,151.0,0.0,0.0,0.0,457.0,489.0,5.0,0.0,444.0,203.0,159.0
2021-08-04 15:00:00+00:00,25.0,0.0,84.0,388.0,304.0,78.0,134.0,0.0,0.0,2.0,0.0,394.0,169.0,96.0,0.0,0.0,173.0,0.0,0.0,0.0,1.0,319.0,0.0,0.0,0.0,0.0,0.0,0.0,687.0,148.0,0.0,230.0,0.0,0.0,0.0,427.0,486.0,3.0,0.0,348.0,207.0,161.0
2021-08-04 16:00:00+00:00,36.0,0.0,118.0,377.0,308.0,80.0,121.0,0.0,0.0,0.0,0.0,308.0,139.0,27.0,0.0,0.0,190.0,0.0,0.0,0.0,1.0,322.0,0.0,0.0,0.0,0.0,0.0,0.0,688.0,150.0,0.0,200.0,6.0,0.0,0.0,416.0,460.0,2.0,0.0,300.0,196.0,160.0
2021-08-04 17:00:00+00:00,150.0,0.0,84.0,343.0,281.0,59.0,128.0,0.0,0.0,0.0,0.0,47.0,90.0,1.0,0.0,532.0,191.0,0.0,0.0,0.0,0.0,347.0,0.0,0.0,0.0,0.0,0.0,0.0,688.0,162.0,0.0,239.0,77.0,0.0,0.0,446.0,451.0,7.0,0.0,286.0,207.0,159.0
2021-08-04 18:00:00+00:00,111.0,0.0,69.0,365.0,351.0,279.0,0.0,0.0,0.0,0.0,0.0,46.0,72.0,0.0,0.0,583.0,199.0,0.0,0.0,0.0,0.0,298.0,0.0,0.0,0.0,0.0,0.0,0.0,1180.0,188.0,4.0,335.0,82.0,0.0,0.0,442.0,481.0,9.0,0.0,262.0,209.0,161.0
2021-08-04 19:00:00+00:00,135.0,0.0,98.0,353.0,331.0,314.0,40.0,0.0,0.0,0.0,0.0,52.0,79.0,0.0,0.0,583.0,194.0,0.0,0.0,0.0,0.0,329.0,0.0,0.0,0.0,0.0,0.0,0.0,1463.0,151.0,0.0,329.0,61.0,0.0,0.0,435.0,450.0,3.0,0.0,269.0,237.0,161.0
2021-08-04 20:00:00+00:00,197.0,0.0,80.0,318.0,238.0,437.0,67.0,0.0,0.0,0.0,0.0,205.0,114.0,2.0,0.0,583.0,178.0,0.0,0.0,0.0,0.0,389.0,0.0,0.0,0.0,0.0,0.0,0.0,1484.0,164.0,0.0,247.0,28.0,0.0,0.0,506.0,467.0,4.0,0.0,353.0,295.0,161.0
2021-08-04 21:00:00+00:00,210.0,0.0,113.0,314.0,193.0,405.0,162.0,0.0,0.0,0.0,0.0,140.0,91.0,3.0,0.0,577.0,153.0,0.0,0.0,0.0,0.0,486.0,0.0,0.0,0.0,0.0,0.0,0.0,1471.0,162.0,0.0,41.0,36.0,0.0,0.0,511.0,450.0,3.0,0.0,303.0,376.0,159.0
2021-08-04 22:00:00+00:00,91.0,0.0,60.0,282.0,179.0,533.0,90.0,0.0,0.0,0.0,0.0,402.0,137.0,29.0,0.0,386.0,119.0,0.0,0.0,0.0,0.0,425.0,0.0,0.0,0.0,33.0,0.0,0.0,1486.0,184.0,0.0,0.0,1.0,0.0,0.0,532.0,423.0,19.0,0.0,368.0,290.0,160.0
2021-08-04 23:00:00+00:00,69.0,0.0,71.0,291.0,183.0,574.0,155.0,0.0,0.0,0.0,0.0,593.0,141.0,34.0,0.0,98.0,95.0,0.0,0.0,0.0,0.0,443.0,0.0,0.0,0.0,67.0,0.0,0.0,1488.0,185.0,0.0,0.0,2.0,0.0,0.0,467.0,432.0,10.0,0.0,353.0,252.0,162.0
2021-08-05 00:00:00+00:00,68.0,0.0,47.0,287.0,174.0,619.0,152.0,0.0,0.0,0.0,0.0,558.0,117.0,13.0,0.0,127.0,139.0,0.0,0.0,0.0,0.0,481.0,0.0,0.0,0.0,117.0,0.0,0.0,1492.0,190.0,0.0,0.0,10.0,0.0,0.0,428.0,422.0,18.0,0.0,304.0,265.0,160.0
2021-08-05 01:00:00+00:00,78.0,0.0,37.0,270.0,147.0,620.0,105.0,0.0,0.0,0.0,0.0,497.0,96.0,1.0,0.0,154.0,167.0,0.0,0.0,0.0,0.0,501.0,0.0,0.0,0.0,189.0,0.0,0.0,1485.0,183.0,0.0,0.0,32.0,0.0,0.0,353.0,388.0,22.0,0.0,276.0,219.0,163.0
2021-08-05 02:00:00+00:00,87.0,0.0,22.0,257.0,112.0,573.0,121.0,0.0,0.0,0.0,0.0,543.0,118.0,6.0,0.0,147.0,159.0,0.0,0.0,0.0,0.0,503.0,0.0,0.0,0.0,192.0,0.0,0.0,1470.0,193.0,0.0,0.0,12.0,0.0,0.0,422.0,389.0,42.0,0.0,318.0,234.0,163.0
2021-08-05 03:00:00+00:00,96.0,0.0,17.0,252.0,74.0,361.0,94.0,0.0,0.0,0.0,0.0,646.0,129.0,9.0,0.0,85.0,135.0,0.0,0.0,0.0,0.0,513.0,0.0,0.0,0.0,181.0,0.0,0.0,1329.0,166.0,0.0,0.0,10.0,0.0,0.0,503.0,369.0,38.0,0.0,343.0,254.0,158.0
2021-08-05 04:00:00+00:00,131.0,0.0,23.0,232.0,18.0,70.0,109.0,0.0,0.0,0.0,0.0,283.0,45.0,0.0,0.0,239.0,115.0,0.0,0.0,0.0,0.0,490.0,0.0,0.0,0.0,125.0,0.0,0.0,936.0,138.0,0.0,0.0,149.0,0.0,0.0,483.0,360.0,27.0,0.0,301.0,260.0,159.0
2021-08-05 05:00:00+00:00,190.0,0.0,21.0,212.0,0.0,114.0,177.0,0.0,0.0,0.0,0.0,429.0,111.0,0.0,0.0,0.0,119.0,0.0,0.0,0.0,1.0,446.0,0.0,0.0,0.0,0.0,0.0,0.0,925.0,161.0,0.0,18.0,84.0,25.0,0.0,467.0,343.0,40.0,0.0,357.0,158.0,160.0
2021-08-05 06:00:00+00:00,207.0,0.0,54.0,258.0,0.0,102.0,180.0,0.0,0.0,0.0,0.0,504.0,150.0,0.0,0.0,0.0,127.0,0.0,0.0,0.0,1.0,451.0,0.0,0.0,0.0,0.0,0.0,0.0,879.0,167.0,0.0,55.0,0.0,5.0,0.0,469.0,386.0,10.0,0.0,381.0,147.0,162.0
2021-08-05 07:00:00+00:00,201.0,0.0,100.0,281.0,7.0,113.0,176.0,0.0,0.0,0.0,0.0,576.0,221.0,0.0,0.0,0.0,134.0,0.0,0.0,0.0,1.0,491.0,0.0,0.0,0.0,0.0,0.0,0.0,877.0,154.0,0.0,12.0,0.0,0.0,0.0,518.0,409.0,10.0,0.0,463.0,158.0,160.0
2021-08-05 08:00:00+00:00,219.0,0.0,63.0,269.0,19.0,87.0,159.0,0.0,0.0,0.0,0.0,522.0,229.0,0.0,0.0,0.0,132.0,0.0,0.0,0.0,1.0,459.0,0.0,0.0,0.0,0.0,0.0,0.0,876.0,149.0,0.0,4.0,0.0,0.0,0.0,513.0,400.0,9.0,0.0,462.0,181.0,161.0
2021-08-05 09:00:00+00:00,228.0,0.0,70.0,289.0,56.0,77.0,122.0,0.0,0.0,0.0,0.0,526.0,251.0,0.0,0.0,0.0,132.0,0.0,0.0,0.0,1.0,431.0,0.0,0.0,0.0,0.0,0.0,0.0,876.0,153.0,0.0,6.0,0.0,0.0,0.0,440.0,421.0,6.0,0.0,398.0,160.0,159.0
2021-08-05 10:00:00+00:00,222.0,0.0,74.0,277.0,53.0,43.0,153.0,0.0,0.0,0.0,0.0,452.0,211.0,0.0,0.0,0.0,130.0,0.0,0.0,0.0,1.0,422.0,0.0,0.0,0.0,0.0,0.0,0.0,877.0,149.0,0.0,36.0,0.0,0.0,0.0,398.0,393.0,8.0,0.0,374.0,143.0,157.0
2021-08-05 11:00:00+00:00,245.0,0.0,156.0,294.0,93.0,34.0,149.0,0.0,0.0,0.0,0.0,436.0,204.0,0.0,0.0,0.0,134.0,0.0,0.0,0.0,1.0,421.0,0.0,0.0,0.0,0.0,0.0,0.0,877.0,156.0,0.0,71.0,0.0,0.0,0.0,388.0,393.0,1.0,0.0,358.0,153.0,157.0
2021-08-05 12:00:00+00:00,238.0,0.0,210.0,308.0,117.0,26.0,133.0,0.0,0.0,0.0,0.0,556.0,221.0,0.0,0.0,0.0,137.0,0.0,0.0,0.0,1.0,436.0,0.0,0.0,0.0,0.0,0.0,0.0,877.0,157.0,0.0,35.0,0.0,0.0,0.0,342.0,406.0,1.0,0.0,371.0,68.0,155.0
2021-08-05 13:00:00+00:00,210.0,0.0,253.0,328.0,123.0,18.0,129.0,0.0,0.0,0.0,0.0,627.0,263.0,25.0,0.0,0.0,140.0,0.0,0.0,0.0,1.0,475.0,0.0,0.0,0.0,0.0,0.0,0.0,876.0,153.0,0.0,23.0,0.0,0.0,0.0,315.0,424.0,1.0,0.0,351.0,74.0,159.0
2021-08-05 14:00:00+00:00,145.0,0.0,218.0,341.0,154.0,34.0,118.0,0.0,0.0,0.0,0.0,481.0,194.0,85.0,0.0,0.0,147.0,0.0,0.0,0.0,1.0,465.0,0.0,0.0,0.0,0.0,0.0,0.0,878.0,144.0,0.0,0.0,0.0,0.0,0.0,305.0,475.0,0.0,0.0,292.0,98.0,159.0
2021-08-05 15:00:00+00:00,93.0,0.0,153.0,366.0,230.0,45.0,127.0,0.0,0.0,0.0,0.0,340.0,150.0,54.0,0.0,0.0,155.0,0.0,0.0,0.0,1.0,442.0,0.0,0.0,0.0,0.0,0.0,0.0,879.0,145.0,0.0,6.0,0.0,0.0,0.0,294.0,526.0,0.0,0.0,216.0,115.0,163.0
2021-08-05 16:00:00+00:00,78.0,0.0,163.0,385.0,288.0,98.0,131.0,0.0,0.0,0.0,0.0,275.0,127.0,12.0,0.0,0.0,168.0,0.0,0.0,0.0,1.0,451.0,0.0,0.0,0.0,0.0,0.0,0.0,878.0,140.0,0.0,11.0,12.0,0.0,0.0,338.0,537.0,0.0,0.0,209.0,133.0,159.0
2021-08-05 17:00:00+00:00,191.0,0.0,233.0,364.0,261.0,78.0,120.0,0.0,0.0,0.0,0.0,73.0,90.0,1.0,0.0,441.0,175.0,0.0,0.0,0.0,0.0,473.0,0.0,0.0,0.0,0.0,0.0,0.0,927.0,138.0,0.0,22.0,59.0,0.0,0.0,292.0,451.0,0.0,0.0,163.0,126.0,152.0
2021-08-05 18:00:00+00:00,151.0,0.0,204.0,376.0,311.0,328.0,33.0,0.0,0.0,0.0,0.0,12.0,72.0,0.0,0.0,555.0,179.0,0.0,0.0,0.0,0.0,445.0,0.0,0.0,0.0,0.0,0.0,0.0,1362.0,158.0,0.0,92.0,43.0,0.0,0.0,307.0,513.0,1.0,0.0,146.0,153.0,157.0
2021-08-05 19:00:00+00:00,129.0,53.0,222.0,380.0,314.0,335.0,38.0,0.0,0.0,0.0,0.0,0.0,49.0,1.0,0.0,512.0,181.0,0.0,0.0,0.0,0.0,467.0,0.0,0.0,0.0,50.0,0.0,0.0,1465.0,147.0,0.0,0.0,48.0,0.0,0.0,248.0,517.0,0.0,0.0,79.0,172.0,161.0
2021-08-05 20:00:00+00:00,92.0,59.0,156.0,346.0,294.0,478.0,130.0,0.0,0.0,0.0,0.0,0.0,45.0,0.0,0.0,464.0,164.0,0.0,0.0,0.0,0.0,388.0,0.0,0.0,0.0,38.0,0.0,0.0,1467.0,151.0,0.0,0.0,41.0,0.0,0.0,319.0,503.0,1.0,0.0,117.0,260.0,161.0
2021-08-05 21:00:00+00:00,46.0,0.0,185.0,364.0,335.0,444.0,258.0,0.0,0.0,0.0,0.0,1.0,30.0,0.0,0.0,420.0,137.0,0.0,0.0,0.0,0.0,405.0,0.0,0.0,0.0,58.0,0.0,23.0,1476.0,139.0,0.0,0.0,89.0,0.0,0.0,123.0,493.0,1.0,0.0,7.0,235.0,159.0
2021-08-05 22:00:00+00:00,0.0,0.0,184.0,391.0,354.0,631.0,161.0,0.0,0.0,58.0,0.0,352.0,80.0,11.0,0.0,0.0,120.0,0.0,0.0,0.0,1.0,444.0,0.0,0.0,0.0,190.0,0.0,0.0,1476.0,162.0,0.0,0.0,16.0,0.0,0.0,149.0,519.0,1.0,0.0,33.0,240.0,162.0
2021-08-05 23:00:00+00:00,3.0,0.0,171.0,384.0,350.0,631.0,174.0,0.0,0.0,44.0,0.0,402.0,81.0,10.0,0.0,48.0,98.0,0.0,0.0,0.0,0.0,458.0,0.0,0.0,0.0,350.0,0.0,0.0,1468.0,167.0,0.0,0.0,12.0,0.0,0.0,153.0,534.0,0.0,0.0,40.0,261.0,154.0
2021-08-06 00:00:00+00:00,3.0,0.0,102.0,362.0,297.0,627.0,158.0,0.0,0.0,26.0,0.0,346.0,77.0,12.0,0.0,0.0,79.0,0.0,0.0,0.0,1.0,510.0,0.0,0.0,0.0,455.0,0.0,,1479.0,170.0,0.0,0.0,10.0,0.0,0.0,172.0,508.0,6.0,0.0,,290.0,154.0
2021-08-06 01:00:00+00:00,0.0,0.0,144.0,354.0,302.0,603.0,184.0,0.0,0.0,52.0,0.0,375.0,96.0,25.0,0.0,0.0,66.0,0.0,0.0,0.0,56.0,509.0,0.0,0.0,0.0,378.0,0.0,,1471.0,160.0,0.0,0.0,1.0,0.0,0.0,219.0,492.0,0.0,0.0,,310.0,163.0
2021-08-06 02:00:00+00:00,2.0,0.0,104.0,325.0,245.0,574.0,200.0,0.0,0.0,26.0,0.0,474.0,130.0,55.0,0.0,0.0,61.0,0.0,0.0,0.0,76.0,516.0,0.0,0.0,0.0,318.0,0.0,,1493.0,160.0,0.0,0.0,2.0,0.0,0.0,313.0,466.0,4.0,0.0,,295.0,162.0
2021-08-06 03:00:00+00:00,14.0,0.0,70.0,290.0,172.0,455.0,208.0,0.0,0.0,8.0,0.0,572.0,147.0,42.0,0.0,0.0,61.0,0.0,0.0,0.0,79.0,524.0,0.0,0.0,0.0,229.0,0.0,,1340.0,153.0,0.0,0.0,1.0,0.0,0.0,408.0,440.0,7.0,0.0,,241.0,163.0
2021-08-06 04:00:00+00:00,28.0,0.0,47.0,245.0,116.0,78.0,215.0,0.0,0.0,1.0,0.0,405.0,110.0,2.0,0.0,0.0,78.0,0.0,0.0,0.0,53.0,453.0,0.0,0.0,0.0,204.0,0.0,,959.0,124.0,0.0,0.0,35.0,0.0,0.0,389.0,374.0,13.0,0.0,,199.0,166.0
2021-08-06 05:00:00+00:00,97.0,0.0,36.0,204.0,104.0,46.0,191.0,0.0,0.0,0.0,0.0,153.0,119.0,0.0,0.0,0.0,109.0,0.0,0.0,0.0,1.0,394.0,0.0,0.0,0.0,0.0,0.0,,926.0,127.0,0.0,47.0,57.0,0.0,0.0,422.0,337.0,25.0,0.0,,156.0,164.0
2021-08-06 06:00:00+00:00,47.0,0.0,42.0,186.0,84.0,35.0,180.0,0.0,0.0,1.0,0.0,372.0,195.0,0.0,0.0,0.0,130.0,0.0,0.0,0.0,1.0,277.0,0.0,0.0,0.0,0.0,0.0,0.0,879.0,112.0,0.0,206.0,0.0,0.0,0.0,424.0,269.0,47.0,0.0,345.0,102.0,163.0
2021-08-06 07:00:00+00:00,20.0,0.0,13.0,217.0,129.0,59.0,165.0,0.0,0.0,3.0,0.0,363.0,230.0,0.0,0.0,0.0,139.0,0.0,0.0,0.0,1.0,254.0,0.0,0.0,0.0,0.0,0.0,,878.0,123.0,0.0,165.0,0.0,0.0,0.0,357.0,319.0,48.0,0.0,,34.0,164.0
2021-08-06 08:00:00+00:00,39.0,0.0,20.0,224.0,123.0,0.0,118.0,0.0,0.0,2.0,0.0,370.0,255.0,0.0,2.0,0.0,130.0,1.0,0.0,0.0,1.0,283.0,0.0,0.0,0.0,0.0,0.0,,879.0,107.0,0.0,172.0,0.0,0.0,0.0,294.0,329.0,39.0,0.0,,5.0,162.0
2021-08-06 09:00:00+00:00,50.0,0.0,21.0,253.0,156.0,0.0,87.0,0.0,0.0,3.0,0.0,395.0,262.0,0.0,0.0,0.0,125.0,19.0,0.0,0.0,1.0,292.0,0.0,0.0,0.0,0.0,0.0,,879.0,106.0,0.0,151.0,0.0,0.0,0.0,287.0,354.0,40.0,0.0,,18.0,164.0
2021-08-06 10:00:00+00:00,52.0,0.0,63.0,259.0,166.0,0.0,88.0,0.0,0.0,0.0,0.0,379.0,265.0,0.0,0.0,0.0,159.0,49.0,0.0,0.0,1.0,299.0,0.0,0.0,0.0,0.0,0.0,,853.0,112.0,0.0,106.0,0.0,0.0,0.0,286.0,352.0,13.0,0.0,,25.0,162.0
2021-08-06 11:00:00+00:00,101.0,0.0,170.0,254.0,93.0,0.0,96.0,0.0,0.0,0.0,0.0,472.0,283.0,0.0,0.0,0.0,129.0,25.0,0.0,0.0,1.0,383.0,0.0,0.0,0.0,0.0,0.0,,850.0,126.0,0.0,96.0,0.0,0.0,0.0,308.0,276.0,2.0,0.0,,17.0,163.0
2021-08-06 12:00:00+00:00,82.0,0.0,97.0,272.0,137.0,0.0,94.0,0.0,0.0,0.0,0.0,489.0,270.0,0.0,12.0,0.0,170.0,11.0,0.0,0.0,1.0,338.0,0.0,0.0,0.0,0.0,0.0,,876.0,117.0,0.0,131.0,0.0,0.0,0.0,283.0,337.0,3.0,0.0,,3.0,164.0
2021-08-06 13:00:00+00:00,68.0,0.0,74.0,282.0,164.0,0.0,96.0,0.0,0.0,0.0,0.0,447.0,242.0,0.0,7.0,0.0,178.0,16.0,0.0,0.0,1.0,332.0,0.0,0.0,0.0,0.0,0.0,,877.0,123.0,0.0,209.0,0.0,0.0,0.0,266.0,340.0,6.0,0.0,,4.0,160.0
2021-08-06 14:00:00+00:00,99.0,0.0,38.0,282.0,160.0,0.0,65.0,0.0,0.0,0.0,0.0,323.0,193.0,32.0,0.0,0.0,151.0,35.0,0.0,0.0,1.0,398.0,0.0,0.0,0.0,0.0,0.0,,877.0,111.0,0.0,211.0,0.0,0.0,0.0,315.0,358.0,23.0,0.0,,65.0,159.0
2021-08-06 15:00:00+00:00,70.0,0.0,17.0,290.0,244.0,0.0,67.0,0.0,0.0,0.0,0.0,147.0,117.0,2.0,0.0,0.0,144.0,7.0,0.0,0.0,1.0,331.0,0.0,0.0,0.0,0.0,0.0,,877.0,106.0,0.0,263.0,32.0,0.0,0.0,305.0,370.0,42.0,0.0,,93.0,160.0
2021-08-06 16:00:00+00:00,95.0,0.0,48.0,314.0,263.0,6.0,125.0,0.0,0.0,0.0,0.0,108.0,94.0,0.0,0.0,0.0,162.0,0.0,0.0,0.0,1.0,402.0,0.0,0.0,0.0,0.0,0.0,,876.0,118.0,0.0,263.0,60.0,0.0,0.0,340.0,401.0,24.0,0.0,,129.0,164.0
2021-08-06 17:00:00+00:00,128.0,0.0,21.0,283.0,171.0,37.0,188.0,0.0,0.0,0.0,0.0,205.0,113.0,1.0,0.0,0.0,165.0,0.0,0.0,0.0,1.0,439.0,0.0,0.0,0.0,0.0,0.0,,927.0,156.0,0.0,185.0,37.0,0.0,0.0,422.0,342.0,37.0,0.0,,170.0,161.0
2021-08-06 18:00:00+00:00,171.0,0.0,28.0,298.0,182.0,245.0,165.0,0.0,0.0,0.0,0.0,278.0,146.0,28.0,0.0,0.0,158.0,0.0,0.0,0.0,1.0,465.0,0.0,0.0,0.0,0.0,0.0,,1363.0,164.0,0.0,157.0,1.0,0.0,0.0,510.0,372.0,26.0,0.0,,202.0,162.0
2021-08-06 19:00:00+00:00,176.0,0.0,47.0,308.0,189.0,422.0,99.0,0.0,0.0,0.0,0.0,288.0,132.0,36.0,0.0,0.0,154.0,0.0,0.0,0.0,1.0,500.0,0.0,0.0,0.0,0.0,0.0,,1473.0,175.0,0.0,131.0,1.0,0.0,0.0,525.0,375.0,17.0,0.0,,248.0,160.0
2021-08-06 20:00:00+00:00,256.0,0.0,42.0,287.0,147.0,442.0,96.0,0.0,0.0,0.0,0.0,53.0,87.0,4.0,0.0,364.0,145.0,0.0,0.0,0.0,0.0,532.0,0.0,0.0,0.0,0.0,0.0,,1484.0,163.0,0.0,196.0,49.0,0.0,0.0,446.0,360.0,26.0,0.0,,232.0,161.0
2021-08-06 21:00:00+00:00,254.0,0.0,229.0,286.0,113.0,445.0,124.0,3.0,0.0,0.0,0.0,354.0,182.0,80.0,0.0,328.0,113.0,0.0,0.0,0.0,0.0,581.0,0.0,0.0,0.0,0.0,0.0,,1463.0,168.0,0.0,38.0,1.0,0.0,0.0,462.0,234.0,5.0,0.0,,201.0,162.0
2021-08-06 22:00:00+00:00,16.0,0.0,106.0,322.0,283.0,467.0,144.0,0.0,0.0,7.0,0.0,320.0,129.0,25.0,0.0,55.0,96.0,0.0,0.0,0.0,0.0,423.0,0.0,0.0,0.0,32.0,0.0,,1476.0,187.0,0.0,0.0,5.0,0.0,0.0,252.0,431.0,8.0,0.0,,195.0,160.0
2021-08-06 23:00:00+00:00,0.0,0.0,101.0,327.0,316.0,501.0,176.0,0.0,0.0,49.0,0.0,306.0,113.0,13.0,0.0,0.0,76.0,0.0,0.0,0.0,172.0,395.0,0.0,0.0,0.0,120.0,0.0,,1453.0,195.0,0.0,0.0,9.0,0.0,0.0,249.0,460.0,5.0,0.0,,212.0,160.0
2021-08-07 00:00:00+00:00,0.0,0.0,104.0,350.0,416.0,524.0,195.0,0.0,0.0,185.0,0.0,364.0,86.0,13.0,0.0,0.0,97.0,0.0,0.0,0.0,359.0,330.0,0.0,0.0,0.0,194.0,0.0,,1474.0,184.0,0.0,0.0,14.0,0.0,0.0,228.0,496.0,2.0,0.0,,273.0,162.0
2021-08-07 01:00:00+00:00,0.0,0.0,154.0,371.0,468.0,513.0,221.0,0.0,0.0,214.0,0.0,368.0,79.0,9.0,0.0,0.0,84.0,0.0,0.0,0.0,408.0,318.0,0.0,0.0,0.0,287.0,0.0,,1503.0,178.0,0.0,0.0,7.0,0.0,0.0,188.0,501.0,1.0,0.0,,304.0,159.0
2021-08-07 02:00:00+00:00,0.0,0.0,134.0,369.0,493.0,513.0,218.0,0.0,0.0,253.0,0.0,307.0,50.0,1.0,0.0,0.0,34.0,0.0,0.0,0.0,506.0,276.0,0.0,0.0,0.0,291.0,0.0,,1492.0,175.0,0.0,0.0,28.0,0.0,0.0,197.0,518.0,1.0,0.0,,339.0,159.0
2021-08-07 03:00:00+00:00,0.0,0.0,158.0,369.0,500.0,414.0,265.0,0.0,0.0,259.0,0.0,289.0,44.0,1.0,0.0,0.0,24.0,0.0,0.0,0.0,540.0,282.0,0.0,0.0,0.0,278.0,0.0,,1494.0,168.0,0.0,0.0,34.0,0.0,0.0,197.0,512.0,2.0,0.0,,329.0,160.0
2021-08-07 04:00:00+00:00,0.0,0.0,99.0,365.0,479.0,243.0,241.0,0.0,0.0,214.0,0.0,202.0,27.0,0.0,0.0,0.0,28.0,0.0,0.0,0.0,434.0,304.0,0.0,0.0,0.0,181.0,0.0,,1462.0,167.0,0.0,0.0,74.0,0.0,0.0,189.0,501.0,7.0,0.0,,240.0,162.0
2021-08-07 05:00:00+00:00,0.0,57.0,104.0,362.0,458.0,231.0,169.0,0.0,0.0,187.0,0.0,0.0,13.0,0.0,0.0,0.0,33.0,0.0,0.0,0.0,1.0,273.0,0.0,0.0,0.0,166.0,0.0,,1429.0,163.0,0.0,0.0,97.0,0.0,0.0,122.0,419.0,3.0,0.0,,134.0,163.0
2021-08-07 06:00:00+00:00,0.0,0.0,102.0,389.0,488.0,227.0,125.0,0.0,0.0,207.0,0.0,12.0,43.0,4.0,0.0,0.0,30.0,0.0,0.0,0.0,1.0,221.0,0.0,0.0,0.0,50.0,0.0,,1419.0,145.0,0.0,0.0,22.0,0.0,0.0,23.0,438.0,2.0,0.0,,74.0,160.0
2021-08-07 07:00:00+00:00,0.0,0.0,157.0,422.0,537.0,227.0,93.0,0.0,0.0,214.0,0.0,43.0,50.0,24.0,0.0,0.0,26.0,0.0,0.0,0.0,1.0,243.0,0.0,0.0,0.0,23.0,0.0,,1408.0,138.0,0.0,0.0,8.0,0.0,0.0,0.0,490.0,2.0,37.0,,77.0,161.0
2021-08-07 08:00:00+00:00,0.0,0.0,198.0,417.0,490.0,209.0,106.0,0.0,0.0,192.0,0.0,103.0,91.0,92.0,0.0,0.0,19.0,0.0,0.0,0.0,1.0,275.0,0.0,0.0,0.0,43.0,0.0,,1401.0,133.0,0.0,0.0,0.0,0.0,0.0,36.0,494.0,0.0,0.0,,97.0,160.0
2021-08-07 09:00:00+00:00,0.0,0.0,183.0,390.0,423.0,230.0,102.0,0.0,0.0,150.0,0.0,139.0,113.0,124.0,0.0,0.0,68.0,0.0,0.0,0.0,1.0,292.0,0.0,0.0,0.0,48.0,0.0,,1399.0,129.0,0.0,0.0,0.0,0.0,0.0,61.0,484.0,0.0,0.0,,105.0,162.0
2021-08-07 10:00:00+00:00,0.0,0.0,135.0,394.0,429.0,194.0,129.0,0.0,0.0,167.0,0.0,117.0,103.0,122.0,0.0,0.0,107.0,0.0,0.0,0.0,1.0,272.0,0.0,0.0,0.0,85.0,0.0,,1399.0,117.0,0.0,0.0,0.0,0.0,0.0,3.0,521.0,2.0,28.0,,71.0,157.0
2021-08-07 11:00:00+00:00,0.0,0.0,102.0,381.0,386.0,150.0,117.0,0.0,0.0,137.0,0.0,193.0,143.0,155.0,0.0,0.0,110.0,0.0,0.0,0.0,1.0,294.0,0.0,0.0,0.0,10.0,0.0,,1419.0,136.0,0.0,0.0,0.0,0.0,0.0,14.0,504.0,3.0,1.0,,41.0,158.0
2021-08-07 12:00:00+00:00,0.0,0.0,58.0,382.0,362.0,151.0,108.0,0.0,0.0,118.0,0.0,276.0,156.0,154.0,0.0,0.0,116.0,0.0,0.0,0.0,1.0,288.0,0.0,0.0,0.0,12.0,0.0,,1403.0,143.0,0.0,0.0,0.0,0.0,0.0,30.0,510.0,13.0,0.0,,28.0,160.0
2021-08-07 13:00:00+00:00,0.0,0.0,65.0,362.0,317.0,174.0,104.0,0.0,0.0,97.0,0.0,380.0,185.0,164.0,3.0,0.0,111.0,0.0,0.0,0.0,1.0,305.0,0.0,0.0,0.0,0.0,0.0,,1394.0,144.0,0.0,59.0,0.0,0.0,0.0,103.0,471.0,10.0,0.0,,16.0,161.0
2021-08-07 14:00:00+00:00,0.0,0.0,89.0,367.0,330.0,122.0,99.0,0.0,0.0,87.0,0.0,339.0,171.0,117.0,0.0,0.0,100.0,0.0,0.0,0.0,1.0,336.0,0.0,0.0,0.0,0.0,0.0,,1405.0,136.0,0.0,126.0,0.0,0.0,0.0,157.0,479.0,7.0,0.0,,17.0,163.0
2021-08-07 15:00:00+00:00,0.0,0.0,97.0,363.0,357.0,155.0,64.0,0.0,0.0,88.0,0.0,231.0,137.0,28.0,19.0,0.0,92.0,0.0,0.0,0.0,1.0,311.0,0.0,0.0,0.0,0.0,0.0,,1413.0,137.0,0.0,202.0,1.0,0.0,0.0,136.0,483.0,3.0,0.0,,0.0,163.0
2021-08-07 16:00:00+00:00,0.0,0.0,114.0,356.0,361.0,257.0,0.0,0.0,0.0,78.0,0.0,123.0,111.0,3.0,8.0,0.0,109.0,0.0,0.0,0.0,1.0,326.0,0.0,0.0,0.0,0.0,0.0,,1408.0,158.0,15.0,197.0,26.0,0.0,0.0,168.0,448.0,2.0,0.0,,4.0,163.0
2021-08-07 17:00:00+00:00,0.0,181.0,38.0,302.0,355.0,287.0,0.0,0.0,0.0,31.0,0.0,0.0,71.0,0.0,12.0,562.0,110.0,0.0,0.0,0.0,0.0,245.0,0.0,0.0,0.0,0.0,0.0,,1421.0,148.0,4.0,387.0,129.0,0.0,0.0,171.0,340.0,22.0,0.0,,0.0,161.0
2021-08-07 18:00:00+00:00,0.0,195.0,16.0,320.0,414.0,339.0,0.0,0.0,0.0,65.0,0.0,0.0,53.0,0.0,38.0,584.0,100.0,0.0,0.0,0.0,0.0,190.0,0.0,0.0,0.0,0.0,0.0,,1451.0,159.0,37.0,415.0,143.0,0.0,0.0,113.0,368.0,40.0,0.0,,0.0,164.0
2021-08-07 19:00:00+00:00,0.0,177.0,11.0,308.0,417.0,392.0,8.0,0.0,0.0,61.0,0.0,0.0,51.0,0.0,62.0,584.0,94.0,0.0,0.0,0.0,0.0,180.0,0.0,0.0,0.0,0.0,0.0,,1469.0,134.0,0.0,471.0,155.0,0.0,0.0,67.0,357.0,49.0,0.0,,0.0,164.0
2021-08-07 20:00:00+00:00,29.0,0.0,32.0,291.0,326.0,436.0,81.0,0.0,0.0,2.0,0.0,32.0,104.0,0.0,24.0,560.0,90.0,0.0,0.0,0.0,0.0,285.0,0.0,0.0,0.0,0.0,0.0,,1474.0,150.0,0.0,371.0,69.0,0.0,0.0,122.0,371.0,30.0,0.0,,0.0,161.0
2021-08-07 21:00:00+00:00,13.0,0.0,54.0,285.0,256.0,343.0,64.0,0.0,0.0,12.0,0.0,236.0,136.0,17.0,0.0,391.0,83.0,0.0,0.0,0.0,0.0,330.0,0.0,0.0,0.0,0.0,0.0,,1457.0,130.0,0.0,109.0,8.0,0.0,0.0,178.0,374.0,22.0,0.0,,44.0,161.0
2021-08-07 22:00:00+00:00,27.0,0.0,98.0,275.0,172.0,228.0,0.0,0.0,0.0,4.0,0.0,668.0,209.0,104.0,7.0,0.0,95.0,0.0,0.0,0.0,159.0,429.0,0.0,0.0,0.0,44.0,0.0,,1233.0,56.0,122.0,0.0,0.0,0.0,0.0,201.0,365.0,4.0,0.0,,6.0,161.0
2021-08-07 23:00:00+00:00,69.0,0.0,92.0,265.0,136.0,273.0,0.0,0.0,0.0,0.0,0.0,742.0,223.0,101.0,9.0,0.0,75.0,0.0,0.0,0.0,143.0,466.0,0.0,0.0,0.0,14.0,0.0,,1130.0,44.0,142.0,0.0,0.0,0.0,0.0,233.0,333.0,3.0,0.0,,4.0,164.0
2021-08-08 00:00:00+00:00,44.0,0.0,138.0,254.0,130.0,363.0,0.0,0.0,0.0,1.0,0.0,839.0,242.0,129.0,0.0,0.0,54.0,0.0,0.0,0.0,337.0,471.0,0.0,0.0,0.0,38.0,0.0,,1235.0,21.0,51.0,0.0,0.0,0.0,0.0,288.0,276.0,1.0,0.0,,29.0,164.0
2021-08-08 01:00:00+00:00,1.0,0.0,114.0,261.0,163.0,410.0,0.0,0.0,0.0,37.0,0.0,910.0,224.0,114.0,0.0,0.0,39.0,0.0,0.0,0.0,357.0,416.0,0.0,0.0,0.0,33.0,0.0,,1190.0,32.0,27.0,0.0,0.0,0.0,0.0,265.0,283.0,2.0,0.0,,40.0,161.0
2021-08-08 02:00:00+00:00,0.0,0.0,90.0,255.0,146.0,438.0,40.0,0.0,0.0,31.0,0.0,898.0,214.0,102.0,0.0,0.0,52.0,0.0,0.0,0.0,359.0,412.0,0.0,0.0,0.0,61.0,0.0,,1187.0,54.0,0.0,0.0,0.0,0.0,0.0,254.0,287.0,4.0,0.0,,36.0,162.0
2021-08-08 03:00:00+00:00,0.0,0.0,90.0,245.0,128.0,341.0,128.0,0.0,0.0,31.0,0.0,900.0,211.0,103.0,0.0,0.0,27.0,0.0,0.0,0.0,397.0,430.0,0.0,0.0,0.0,90.0,0.0,,1136.0,95.0,0.0,0.0,0.0,0.0,0.0,291.0,272.0,1.0,0.0,,66.0,161.0
2021-08-08 04:00:00+00:00,0.0,0.0,9.0,260.0,194.0,111.0,229.0,0.0,0.0,74.0,0.0,821.0,179.0,58.0,0.0,0.0,60.0,0.0,0.0,0.0,351.0,384.0,0.0,0.0,0.0,24.0,0.0,,1132.0,84.0,0.0,0.0,1.0,0.0,0.0,198.0,345.0,63.0,0.0,,62.0,161.0
2021-08-08 05:00:00+00:00,1.0,0.0,23.0,273.0,170.0,131.0,140.0,0.0,0.0,30.0,0.0,797.0,199.0,109.0,0.0,0.0,29.0,0.0,0.0,0.0,1.0,444.0,0.0,0.0,0.0,33.0,0.0,,1172.0,92.0,0.0,0.0,0.0,0.0,0.0,193.0,388.0,39.0,0.0,,34.0,164.0
2021-08-08 06:00:00+00:00,0.0,0.0,92.0,287.0,203.0,139.0,131.0,0.0,0.0,43.0,0.0,598.0,205.0,166.0,0.0,0.0,32.0,0.0,0.0,0.0,1.0,404.0,0.0,0.0,0.0,102.0,0.0,,1182.0,79.0,0.0,0.0,0.0,0.0,0.0,218.0,356.0,2.0,0.0,,55.0,163.0
2021-08-08 07:00:00+00:00,0.0,0.0,62.0,323.0,287.0,132.0,123.0,0.0,0.0,117.0,0.0,644.0,228.0,242.0,0.0,0.0,21.0,0.0,0.0,0.0,1.0,346.0,0.0,0.0,0.0,60.0,0.0,,1190.0,78.0,0.0,0.0,0.0,0.0,0.0,175.0,408.0,8.0,0.0,,65.0,162.0
2021-08-08 08:00:00+00:00,0.0,0.0,108.0,334.0,307.0,183.0,145.0,0.0,0.0,143.0,0.0,676.0,229.0,287.0,0.0,0.0,16.0,0.0,0.0,0.0,1.0,335.0,0.0,0.0,0.0,74.0,0.0,,1185.0,103.0,0.0,0.0,0.0,0.0,0.0,157.0,412.0,2.0,0.0,,110.0,162.0
2021-08-08 09:00:00+00:00,0.0,0.0,117.0,345.0,313.0,177.0,147.0,0.0,0.0,141.0,0.0,770.0,254.0,340.0,0.0,0.0,12.0,0.0,0.0,0.0,1.0,350.0,0.0,0.0,0.0,85.0,0.0,,1299.0,99.0,0.0,0.0,0.0,0.0,0.0,217.0,421.0,2.0,0.0,,137.0,161.0
2021-08-08 10:00:00+00:00,0.0,0.0,82.0,339.0,316.0,3.0,24.0,0.0,0.0,148.0,0.0,773.0,254.0,336.0,0.0,0.0,11.0,0.0,0.0,0.0,1.0,331.0,0.0,0.0,0.0,42.0,0.0,,924.0,99.0,0.0,0.0,0.0,0.0,0.0,183.0,435.0,3.0,0.0,,109.0,161.0
2021-08-08 11:00:00+00:00,0.0,0.0,46.0,330.0,295.0,0.0,109.0,0.0,0.0,126.0,0.0,848.0,285.0,357.0,0.0,0.0,13.0,56.0,0.0,0.0,1.0,347.0,0.0,0.0,0.0,91.0,0.0,,714.0,101.0,0.0,0.0,0.0,0.0,0.0,215.0,407.0,12.0,0.0,,93.0,163.0
2021-08-08 12:00:00+00:00,0.0,0.0,58.0,324.0,277.0,0.0,122.0,0.0,0.0,114.0,0.0,900.0,285.0,338.0,0.0,0.0,39.0,55.0,0.0,0.0,1.0,353.0,0.0,0.0,0.0,24.0,0.0,,695.0,97.0,0.0,0.0,0.0,0.0,0.0,217.0,400.0,6.0,0.0,,102.0,161.0
2021-08-08 13:00:00+00:00,0.0,0.0,29.0,298.0,268.0,0.0,80.0,0.0,0.0,117.0,0.0,649.0,232.0,237.0,0.0,0.0,98.0,87.0,0.0,0.0,1.0,297.0,0.0,0.0,0.0,0.0,0.0,,697.0,93.0,0.0,70.0,0.0,0.0,0.0,245.0,382.0,27.0,0.0,,116.0,161.0
2021-08-08 14:00:00+00:00,0.0,0.0,43.0,306.0,244.0,0.0,0.0,0.0,0.0,40.0,0.0,533.0,183.0,149.0,0.0,0.0,118.0,5.0,0.0,0.0,1.0,349.0,0.0,0.0,0.0,0.0,0.0,,1098.0,71.0,15.0,33.0,0.0,0.0,0.0,271.0,396.0,16.0,0.0,,118.0,160.0
2021-08-08 15:00:00+00:00,0.0,0.0,3.0,259.0,270.0,32.0,68.0,0.0,0.0,136.0,0.0,358.0,120.0,38.0,0.0,0.0,112.0,0.0,0.0,0.0,1.0,165.0,0.0,0.0,0.0,0.0,0.0,,1438.0,75.0,0.0,110.0,0.0,0.0,0.0,308.0,324.0,82.0,0.0,,145.0,161.0
2021-08-08 16:00:00+00:00,0.0,0.0,3.0,266.0,287.0,218.0,29.0,0.0,0.0,133.0,0.0,112.0,78.0,2.0,0.0,0.0,91.0,0.0,0.0,0.0,1.0,182.0,0.0,0.0,0.0,0.0,0.0,,1462.0,129.0,0.0,170.0,55.0,0.0,0.0,376.0,322.0,78.0,0.0,,192.0,162.0
2021-08-08 17:00:00+00:00,0.0,0.0,2.0,266.0,288.0,274.0,0.0,0.0,0.0,111.0,0.0,129.0,80.0,0.0,0.0,0.0,124.0,0.0,0.0,0.0,1.0,202.0,0.0,0.0,0.0,0.0,0.0,,1457.0,136.0,11.0,248.0,67.0,0.0,0.0,446.0,306.0,107.0,0.0,,193.0,163.0
2021-08-08 18:00:00+00:00,0.0,0.0,2.0,283.0,329.0,289.0,101.0,0.0,0.0,88.0,0.0,84.0,59.0,0.0,0.0,204.0,141.0,0.0,0.0,0.0,0.0,215.0,0.0,0.0,0.0,0.0,0.0,,1453.0,115.0,0.0,265.0,100.0,0.0,0.0,425.0,320.0,89.0,0.0,,180.0,161.0
2021-08-08 19:00:00+00:00,0.0,0.0,2.0,244.0,286.0,487.0,124.0,0.0,0.0,71.0,0.0,30.0,55.0,0.0,0.0,347.0,148.0,0.0,0.0,0.0,0.0,176.0,0.0,0.0,0.0,0.0,0.0,,1475.0,115.0,0.0,327.0,105.0,0.0,0.0,347.0,275.0,97.0,0.0,,135.0,162.0
2021-08-08 20:00:00+00:00,0.0,0.0,9.0,246.0,270.0,466.0,120.0,0.0,0.0,84.0,0.0,62.0,66.0,0.0,0.0,226.0,140.0,0.0,0.0,0.0,0.0,189.0,0.0,0.0,0.0,0.0,0.0,,1469.0,119.0,0.0,127.0,66.0,0.0,0.0,270.0,323.0,68.0,0.0,,134.0,163.0
2021-08-08 21:00:00+00:00,63.0,0.0,150.0,277.0,169.0,305.0,73.0,0.0,0.0,2.0,0.0,458.0,168.0,69.0,0.0,189.0,125.0,0.0,0.0,0.0,0.0,435.0,0.0,0.0,0.0,0.0,0.0,,1470.0,77.0,0.0,1.0,1.0,0.0,0.0,297.0,350.0,6.0,0.0,,89.0,160.0
2021-08-08 22:00:00+00:00,25.0,0.0,157.0,281.0,184.0,374.0,0.0,0.0,0.0,4.0,0.0,673.0,224.0,140.0,0.0,0.0,108.0,0.0,0.0,0.0,110.0,447.0,0.0,0.0,0.0,2.0,0.0,,1467.0,58.0,68.0,0.0,0.0,0.0,0.0,290.0,392.0,1.0,0.0,,91.0,161.0
2021-08-08 23:00:00+00:00,5.0,0.0,123.0,264.0,161.0,281.0,0.0,0.0,0.0,12.0,0.0,619.0,219.0,125.0,0.0,0.0,127.0,0.0,0.0,0.0,173.0,439.0,0.0,0.0,0.0,55.0,0.0,,1468.0,29.0,169.0,0.0,0.0,0.0,0.0,247.0,354.0,2.0,0.0,,60.0,164.0
2021-08-09 00:00:00+00:00,0.0,0.0,53.0,272.0,215.0,299.0,0.0,0.0,0.0,49.0,0.0,603.0,216.0,130.0,0.0,0.0,129.0,0.0,0.0,0.0,279.0,413.0,0.0,0.0,0.0,82.0,0.0,,1468.0,13.0,197.0,0.0,0.0,0.0,0.0,254.0,408.0,12.0,0.0,,77.0,162.0
2021-08-09 01:00:00+00:00,0.0,0.0,58.0,267.0,215.0,313.0,0.0,0.0,0.0,61.0,0.0,630.0,224.0,136.0,0.0,0.0,142.0,0.0,3.0,0.0,387.0,410.0,0.0,0.0,0.0,97.0,0.0,,1494.0,0.0,209.0,0.0,0.0,0.0,0.0,288.0,394.0,16.0,0.0,,97.0,159.0
2021-08-09 02:00:00+00:00,0.0,0.0,44.0,272.0,225.0,262.0,0.0,0.0,0.0,69.0,0.0,639.0,216.0,121.0,0.0,0.0,71.0,0.0,13.0,0.0,396.0,388.0,0.0,0.0,0.0,102.0,0.0,,1481.0,0.0,177.0,0.0,0.0,0.0,0.0,287.0,423.0,14.0,0.0,,90.0,161.0
2021-08-09 03:00:00+00:00,0.0,0.0,21.0,242.0,206.0,212.0,0.0,0.0,0.0,65.0,0.0,556.0,192.0,72.0,0.0,0.0,64.0,0.0,0.0,0.0,214.0,347.0,0.0,0.0,0.0,0.0,0.0,,1177.0,41.0,91.0,4.0,3.0,0.0,0.0,350.0,373.0,34.0,0.0,,85.0,161.0
2021-08-09 04:00:00+00:00,0.0,0.0,6.0,218.0,192.0,68.0,118.0,0.0,0.0,65.0,0.0,284.0,142.0,7.0,0.0,0.0,69.0,0.0,0.0,0.0,1.0,267.0,0.0,0.0,0.0,30.0,0.0,,715.0,67.0,0.0,0.0,26.0,0.0,0.0,372.0,333.0,76.0,0.0,,154.0,161.0
2021-08-09 05:00:00+00:00,0.0,0.0,2.0,198.0,195.0,76.0,149.0,0.0,0.0,55.0,0.0,139.0,120.0,14.0,0.0,0.0,158.0,0.0,0.0,0.0,1.0,182.0,0.0,0.0,0.0,0.0,0.0,,633.0,87.0,0.0,92.0,32.0,0.0,0.0,395.0,305.0,138.0,0.0,,175.0,160.0
2021-08-09 06:00:00+00:00,0.0,0.0,2.0,181.0,152.0,112.0,191.0,0.0,0.0,124.0,0.0,124.0,116.0,22.0,0.0,0.0,198.0,0.0,0.0,0.0,1.0,91.0,0.0,0.0,0.0,0.0,0.0,,635.0,92.0,0.0,19.0,8.0,0.0,0.0,417.0,233.0,111.0,0.0,,139.0,163.0
2021-08-09 07:00:00+00:00,0.0,0.0,3.0,206.0,182.0,122.0,174.0,0.0,0.0,116.0,0.0,197.0,138.0,51.0,1.0,0.0,194.0,0.0,0.0,0.0,1.0,145.0,0.0,0.0,0.0,1.0,0.0,,636.0,91.0,0.0,0.0,1.0,0.0,0.0,241.0,277.0,74.0,0.0,,23.0,163.0
2021-08-09 08:00:00+00:00,0.0,0.0,11.0,218.0,204.0,82.0,156.0,0.0,0.0,138.0,0.0,214.0,139.0,91.0,0.0,43.0,146.0,0.0,0.0,0.0,0.0,127.0,0.0,0.0,0.0,13.0,0.0,,636.0,95.0,0.0,0.0,0.0,0.0,0.0,226.0,314.0,61.0,0.0,,35.0,160.0
2021-08-09 09:00:00+00:00,0.0,0.0,32.0,214.0,174.0,104.0,164.0,0.0,0.0,114.0,0.0,204.0,161.0,139.0,0.0,134.0,132.0,0.0,0.0,0.0,0.0,138.0,0.0,0.0,0.0,12.0,0.0,0.0,636.0,105.0,0.0,0.0,0.0,0.0,0.0,251.0,274.0,22.0,0.0,433.0,43.0,159.0
2021-08-09 10:00:00+00:00,0.0,0.0,3.0,211.0,202.0,46.0,157.0,0.0,0.0,140.0,0.0,125.0,143.0,117.0,0.0,181.0,124.0,0.0,0.0,0.0,0.0,92.0,0.0,0.0,0.0,0.0,0.0,0.0,636.0,112.0,0.0,32.0,0.0,0.0,0.0,204.0,315.0,72.0,0.0,393.0,37.0,161.0
2021-08-09 11:00:00+00:00,0.0,0.0,4.0,210.0,195.0,59.0,186.0,0.0,0.0,149.0,0.0,164.0,151.0,123.0,0.0,116.0,132.0,0.0,0.0,0.0,0.0,94.0,0.0,0.0,0.0,0.0,0.0,0.0,636.0,109.0,0.0,21.0,0.0,0.0,0.0,206.0,314.0,76.0,0.0,404.0,27.0,161.0
2021-08-09 12:00:00+00:00,0.0,0.0,3.0,206.0,263.0,43.0,172.0,0.0,0.0,154.0,0.0,168.0,162.0,107.0,0.0,170.0,137.0,0.0,0.0,0.0,0.0,57.0,0.0,0.0,0.0,0.0,0.0,0.0,635.0,108.0,0.0,209.0,0.0,0.0,0.0,200.0,319.0,83.0,0.0,368.0,33.0,159.0
2021-08-09 13:00:00+00:00,0.0,0.0,6.0,194.0,266.0,29.0,167.0,0.0,0.0,109.0,0.0,74.0,141.0,62.0,0.0,382.0,143.0,0.0,0.0,0.0,0.0,53.0,0.0,0.0,0.0,0.0,0.0,0.0,635.0,108.0,0.0,300.0,0.0,0.0,0.0,233.0,297.0,68.0,0.0,343.0,65.0,161.0
2021-08-09 14:00:00+00:00,0.0,0.0,9.0,227.0,301.0,34.0,114.0,0.0,0.0,53.0,0.0,28.0,133.0,42.0,0.0,377.0,145.0,0.0,0.0,0.0,0.0,120.0,0.0,0.0,0.0,0.0,0.0,0.0,634.0,99.0,0.0,326.0,0.0,0.0,0.0,269.0,342.0,62.0,0.0,331.0,106.0,161.0
2021-08-09 15:00:00+00:00,24.0,33.0,7.0,228.0,296.0,72.0,164.0,0.0,0.0,2.0,0.0,0.0,108.0,3.0,0.0,410.0,150.0,0.0,0.0,0.0,0.0,166.0,0.0,0.0,0.0,0.0,0.0,0.0,635.0,100.0,0.0,317.0,29.0,0.0,0.0,308.0,353.0,78.0,0.0,312.0,130.0,161.0
2021-08-09 16:00:00+00:00,68.0,264.0,8.0,250.0,297.0,84.0,174.0,0.0,0.0,0.0,0.0,0.0,68.0,0.0,0.0,528.0,181.0,0.0,0.0,0.0,0.0,236.0,0.0,0.0,0.0,0.0,0.0,0.0,635.0,94.0,0.0,249.0,89.0,0.0,0.0,400.0,381.0,66.0,0.0,283.0,213.0,159.0
2021-08-09 17:00:00+00:00,77.0,350.0,6.0,218.0,197.0,113.0,218.0,0.0,0.0,0.0,0.0,0.0,39.0,0.0,0.0,527.0,183.0,0.0,0.0,0.0,0.0,269.0,0.0,0.0,0.0,0.0,0.0,0.0,635.0,103.0,0.0,43.0,133.0,0.0,0.0,479.0,342.0,89.0,0.0,272.0,263.0,159.0
2021-08-09 18:00:00+00:00,57.0,306.0,6.0,211.0,199.0,295.0,192.0,0.0,0.0,0.0,0.0,0.0,47.0,0.0,0.0,529.0,188.0,0.0,0.0,0.0,0.0,241.0,0.0,0.0,0.0,0.0,0.0,0.0,1118.0,114.0,0.0,72.0,102.0,0.0,0.0,479.0,332.0,71.0,0.0,265.0,246.0,162.0
2021-08-09 19:00:00+00:00,48.0,329.0,13.0,212.0,197.0,523.0,143.0,0.0,0.0,0.0,0.0,0.0,40.0,0.0,0.0,466.0,176.0,0.0,0.0,0.0,0.0,258.0,0.0,0.0,0.0,0.0,0.0,0.0,1405.0,114.0,0.0,3.0,96.0,0.0,0.0,514.0,335.0,54.0,0.0,281.0,318.0,162.0
2021-08-09 20:00:00+00:00,25.0,304.0,16.0,205.0,191.0,576.0,204.0,0.0,0.0,2.0,0.0,0.0,49.0,0.0,0.0,443.0,177.0,0.0,0.0,0.0,0.0,248.0,0.0,0.0,0.0,37.0,0.0,0.0,1413.0,113.0,0.0,0.0,86.0,0.0,0.0,555.0,349.0,62.0,0.0,317.0,385.0,161.0
2021-08-09 21:00:00+00:00,1.0,52.0,91.0,249.0,238.0,580.0,306.0,0.0,0.0,36.0,0.0,0.0,80.0,3.0,0.0,86.0,125.0,0.0,0.0,0.0,0.0,284.0,0.0,0.0,0.0,118.0,0.0,0.0,1410.0,104.0,0.0,0.0,30.0,0.0,0.0,486.0,410.0,8.0,0.0,271.0,394.0,159.0
2021-08-09 22:00:00+00:00,6.0,0.0,164.0,318.0,246.0,658.0,310.0,0.0,0.0,16.0,0.0,291.0,162.0,117.0,0.0,46.0,94.0,0.0,0.0,0.0,0.0,484.0,0.0,0.0,0.0,161.0,0.0,0.0,1431.0,115.0,0.0,0.0,0.0,0.0,0.0,540.0,522.0,0.0,0.0,324.0,345.0,159.0
2021-08-09 23:00:00+00:00,0.0,0.0,137.0,322.0,266.0,707.0,321.0,0.0,0.0,59.0,0.0,349.0,154.0,119.0,0.0,0.0,68.0,0.0,0.0,0.0,183.0,434.0,0.0,0.0,0.0,204.0,0.0,0.0,1436.0,129.0,0.0,0.0,0.0,0.0,0.0,498.0,506.0,2.0,0.0,301.0,340.0,158.0
2021-08-10 00:00:00+00:00,0.0,0.0,112.0,311.0,281.0,754.0,355.0,0.0,0.0,152.0,0.0,343.0,130.0,70.0,0.0,0.0,56.0,0.0,0.0,0.0,308.0,402.0,0.0,0.0,0.0,280.0,0.0,0.0,1434.0,120.0,0.0,0.0,0.0,0.0,0.0,439.0,509.0,3.0,0.0,269.0,318.0,158.0
2021-08-10 01:00:00+00:00,0.0,0.0,106.0,304.0,272.0,751.0,352.0,0.0,0.0,141.0,0.0,373.0,137.0,78.0,0.0,0.0,39.0,0.0,0.0,0.0,345.0,416.0,0.0,0.0,0.0,322.0,0.0,0.0,1444.0,125.0,0.0,0.0,0.0,0.0,0.0,473.0,501.0,2.0,0.0,290.0,325.0,159.0
2021-08-10 02:00:00+00:00,0.0,0.0,131.0,303.0,262.0,714.0,316.0,0.0,0.0,136.0,0.0,386.0,128.0,59.0,0.0,0.0,37.0,0.0,0.0,0.0,356.0,433.0,0.0,0.0,0.0,343.0,0.0,0.0,1430.0,135.0,0.0,0.0,0.0,0.0,0.0,468.0,486.0,6.0,0.0,277.0,320.0,162.0
2021-08-10 03:00:00+00:00,0.0,0.0,77.0,273.0,245.0,630.0,244.0,0.0,0.0,160.0,0.0,408.0,114.0,31.0,0.0,0.0,39.0,0.0,0.0,0.0,334.0,385.0,0.0,0.0,0.0,299.0,0.0,0.0,1418.0,126.0,0.0,0.0,3.0,0.0,0.0,500.0,450.0,5.0,0.0,292.0,303.0,161.0
2021-08-10 04:00:00+00:00,0.0,0.0,59.0,262.0,237.0,338.0,226.0,0.0,0.0,101.0,0.0,213.0,63.0,13.0,0.0,0.0,61.0,0.0,0.0,0.0,93.0,367.0,0.0,0.0,0.0,341.0,0.0,0.0,1083.0,96.0,0.0,0.0,26.0,0.0,0.0,503.0,446.0,15.0,0.0,241.0,343.0,160.0
2021-08-10 05:00:00+00:00,53.0,44.0,29.0,216.0,169.0,304.0,195.0,0.0,0.0,1.0,0.0,0.0,67.0,2.0,0.0,431.0,94.0,0.0,0.0,0.0,0.0,349.0,0.0,0.0,0.0,85.0,0.0,0.0,1061.0,86.0,0.0,0.0,49.0,0.0,0.0,351.0,392.0,35.0,0.0,224.0,199.0,160.0
2021-08-10 06:00:00+00:00,80.0,0.0,30.0,219.0,157.0,332.0,218.0,0.0,0.0,0.0,0.0,5.0,104.0,16.0,0.0,547.0,122.0,0.0,0.0,0.0,0.0,339.0,0.0,0.0,0.0,46.0,0.0,0.0,1024.0,96.0,0.0,0.0,9.0,0.0,0.0,332.0,373.0,24.0,0.0,296.0,139.0,161.0
2021-08-10 07:00:00+00:00,81.0,0.0,58.0,240.0,158.0,321.0,129.0,0.0,0.0,0.0,0.0,90.0,138.0,82.0,0.0,464.0,118.0,0.0,0.0,0.0,0.0,355.0,0.0,0.0,0.0,74.0,0.0,0.0,1024.0,89.0,0.0,0.0,1.0,0.0,0.0,361.0,372.0,21.0,0.0,380.0,131.0,162.0
2021-08-10 08:00:00+00:00,34.0,0.0,56.0,270.0,223.0,248.0,116.0,0.0,0.0,1.0,0.0,95.0,125.0,102.0,0.0,419.0,118.0,0.0,0.0,0.0,0.0,311.0,0.0,0.0,0.0,73.0,0.0,0.0,1024.0,78.0,0.0,0.0,0.0,0.0,0.0,329.0,441.0,20.0,0.0,381.0,106.0,161.0
2021-08-10 09:00:00+00:00,74.0,0.0,78.0,282.0,218.0,275.0,138.0,0.0,0.0,0.0,0.0,11.0,124.0,125.0,0.0,509.0,114.0,0.0,0.0,0.0,0.0,352.0,0.0,0.0,0.0,86.0,0.0,0.0,1025.0,78.0,0.0,0.0,0.0,0.0,0.0,317.0,469.0,7.0,0.0,389.0,106.0,160.0
2021-08-10 10:00:00+00:00,120.0,0.0,94.0,268.0,162.0,251.0,131.0,0.0,0.0,0.0,0.0,46.0,142.0,151.0,0.0,582.0,115.0,0.0,0.0,0.0,0.0,388.0,0.0,0.0,0.0,79.0,0.0,0.0,1023.0,84.0,0.0,0.0,0.0,0.0,0.0,355.0,441.0,3.0,0.0,421.0,125.0,162.0
2021-08-10 11:00:00+00:00,92.0,0.0,93.0,278.0,174.0,231.0,113.0,0.0,0.0,0.0,0.0,100.0,149.0,168.0,0.0,584.0,126.0,0.0,0.0,0.0,0.0,384.0,0.0,0.0,0.0,103.0,0.0,0.0,1023.0,85.0,0.0,0.0,0.0,0.0,0.0,331.0,469.0,7.0,0.0,401.0,115.0,159.0
2021-08-10 12:00:00+00:00,83.0,0.0,78.0,283.0,167.0,250.0,141.0,0.0,0.0,0.0,0.0,160.0,148.0,163.0,0.0,584.0,129.0,0.0,0.0,0.0,0.0,381.0,0.0,0.0,0.0,123.0,0.0,0.0,1024.0,99.0,0.0,0.0,0.0,0.0,0.0,334.0,486.0,7.0,0.0,390.0,102.0,160.0
2021-08-10 13:00:00+00:00,66.0,0.0,83.0,293.0,198.0,202.0,119.0,0.0,0.0,0.0,0.0,128.0,130.0,109.0,0.0,584.0,140.0,0.0,0.0,0.0,0.0,388.0,0.0,0.0,0.0,155.0,0.0,0.0,1024.0,103.0,0.0,0.0,0.0,0.0,0.0,313.0,494.0,4.0,0.0,349.0,122.0,159.0
2021-08-10 14:00:00+00:00,98.0,0.0,58.0,289.0,230.0,205.0,83.0,0.0,0.0,0.0,0.0,31.0,107.0,34.0,0.0,584.0,155.0,0.0,0.0,0.0,0.0,378.0,0.0,0.0,0.0,71.0,0.0,0.0,1024.0,98.0,0.0,0.0,1.0,0.0,0.0,310.0,460.0,13.0,0.0,310.0,119.0,162.0
2021-08-10 15:00:00+00:00,122.0,162.0,34.0,268.0,254.0,127.0,20.0,0.0,0.0,0.0,0.0,0.0,43.0,48.0,0.0,583.0,162.0,0.0,0.0,0.0,0.0,331.0,0.0,0.0,0.0,0.0,0.0,0.0,1023.0,90.0,0.0,22.0,43.0,0.0,0.0,361.0,420.0,22.0,0.0,259.0,149.0,163.0
2021-08-10 16:00:00+00:00,110.0,216.0,68.0,302.0,308.0,70.0,0.0,0.0,0.0,0.0,0.0,0.0,34.0,0.0,0.0,550.0,182.0,0.0,0.0,0.0,0.0,354.0,0.0,0.0,0.0,0.0,0.0,0.0,1023.0,92.0,9.0,16.0,119.0,0.0,0.0,345.0,457.0,8.0,0.0,209.0,203.0,162.0
2021-08-10 17:00:00+00:00,24.0,352.0,46.0,254.0,280.0,105.0,37.0,0.0,0.0,4.0,0.0,0.0,0.0,0.0,0.0,439.0,192.0,0.0,0.0,0.0,0.0,240.0,0.0,0.0,0.0,108.0,0.0,0.0,1063.0,118.0,0.0,0.0,178.0,0.0,11.0,414.0,384.0,22.0,0.0,179.0,260.0,162.0
2021-08-10 18:00:00+00:00,2.0,438.0,27.0,255.0,305.0,220.0,46.0,0.0,0.0,24.0,0.0,0.0,0.0,0.0,0.0,470.0,190.0,0.0,0.0,0.0,0.0,191.0,0.0,0.0,0.0,94.0,0.0,0.0,1364.0,131.0,0.0,0.0,183.0,0.0,27.0,424.0,400.0,25.0,0.0,172.0,260.0,162.0
2021-08-10 19:00:00+00:00,2.0,343.0,45.0,249.0,293.0,308.0,0.0,0.0,0.0,22.0,0.0,0.0,0.0,0.0,0.0,433.0,189.0,0.0,0.0,0.0,0.0,206.0,0.0,0.0,0.0,81.0,0.0,0.0,1421.0,137.0,27.0,0.0,160.0,0.0,19.0,393.0,388.0,14.0,0.0,186.0,262.0,161.0
2021-08-10 20:00:00+00:00,68.0,343.0,79.0,276.0,276.0,360.0,0.0,0.0,0.0,1.0,0.0,0.0,5.0,0.0,0.0,506.0,178.0,0.0,0.0,0.0,0.0,338.0,0.0,0.0,0.0,81.0,0.0,0.0,1427.0,129.0,22.0,0.0,123.0,0.0,0.0,503.0,470.0,8.0,0.0,222.0,337.0,160.0
2021-08-10 21:00:00+00:00,110.0,35.0,191.0,341.0,282.0,404.0,89.0,0.0,0.0,0.0,0.0,0.0,65.0,10.0,0.0,305.0,145.0,0.0,0.0,0.0,0.0,517.0,0.0,0.0,0.0,185.0,0.0,0.0,1416.0,135.0,0.0,0.0,16.0,0.0,0.0,583.0,559.0,2.0,0.0,252.0,435.0,160.0
2021-08-10 22:00:00+00:00,1.0,0.0,202.0,378.0,319.0,454.0,114.0,0.0,0.0,42.0,0.0,106.0,108.0,90.0,0.0,0.0,102.0,0.0,0.0,0.0,1.0,534.0,0.0,0.0,0.0,325.0,0.0,0.0,1429.0,141.0,0.0,0.0,0.0,0.0,0.0,636.0,566.0,0.0,0.0,269.0,477.0,160.0
2021-08-10 23:00:00+00:00,0.0,0.0,171.0,361.0,320.0,529.0,170.0,0.0,0.0,117.0,0.0,285.0,107.0,102.0,0.0,0.0,75.0,0.0,0.0,0.0,58.0,483.0,0.0,0.0,0.0,457.0,0.0,0.0,1425.0,142.0,0.0,0.0,0.0,0.0,0.0,575.0,538.0,1.0,0.0,254.0,455.0,161.0
2021-08-11 00:00:00+00:00,0.0,0.0,148.0,346.0,333.0,558.0,205.0,0.0,0.0,198.0,0.0,276.0,89.0,74.0,0.0,0.0,58.0,0.0,0.0,0.0,270.0,435.0,0.0,0.0,0.0,508.0,0.0,0.0,1423.0,143.0,0.0,0.0,0.0,0.0,0.0,548.0,507.0,0.0,0.0,235.0,446.0,162.0
2021-08-11 01:00:00+00:00,0.0,0.0,122.0,346.0,324.0,583.0,220.0,0.0,0.0,190.0,0.0,281.0,83.0,57.0,0.0,0.0,41.0,0.0,0.0,0.0,325.0,424.0,0.0,0.0,0.0,552.0,0.0,0.0,1430.0,157.0,0.0,0.0,0.0,0.0,0.0,472.0,512.0,2.0,0.0,208.0,394.0,163.0
2021-08-11 02:00:00+00:00,0.0,0.0,126.0,339.0,308.0,512.0,179.0,0.0,0.0,194.0,0.0,303.0,86.0,60.0,0.0,0.0,37.0,0.0,0.0,0.0,349.0,414.0,0.0,0.0,0.0,539.0,0.0,0.0,1425.0,156.0,0.0,0.0,0.0,0.0,0.0,504.0,508.0,0.0,0.0,223.0,410.0,163.0
2021-08-11 03:00:00+00:00,0.0,0.0,102.0,301.0,268.0,402.0,79.0,0.0,0.0,185.0,0.0,235.0,76.0,27.0,0.0,0.0,40.0,0.0,0.0,0.0,326.0,417.0,0.0,0.0,0.0,467.0,0.0,0.0,1420.0,146.0,0.0,0.0,2.0,0.0,0.0,588.0,483.0,3.0,0.0,249.0,424.0,162.0
2021-08-11 04:00:00+00:00,0.0,0.0,115.0,313.0,309.0,204.0,156.0,0.0,0.0,156.0,0.0,47.0,14.0,0.0,0.0,0.0,64.0,0.0,0.0,0.0,2.0,380.0,0.0,0.0,0.0,389.0,0.0,0.0,1416.0,118.0,0.0,0.0,84.0,0.0,0.0,425.0,490.0,1.0,0.0,153.0,327.0,162.0
2021-08-11 05:00:00+00:00,4.0,144.0,94.0,216.0,191.0,195.0,128.0,0.0,0.0,38.0,0.0,0.0,15.0,0.0,0.0,526.0,94.0,0.0,0.0,0.0,0.0,280.0,0.0,0.0,0.0,95.0,0.0,0.0,1383.0,110.0,0.0,0.0,122.0,0.0,0.0,313.0,338.0,16.0,0.0,177.0,183.0,162.0
2021-08-11 06:00:00+00:00,0.0,31.0,42.0,238.0,208.0,152.0,157.0,0.0,0.0,49.0,0.0,0.0,47.0,22.0,0.0,464.0,113.0,0.0,0.0,0.0,0.0,220.0,0.0,0.0,0.0,50.0,0.0,0.0,1381.0,118.0,0.0,0.0,30.0,0.0,0.0,362.0,379.0,19.0,0.0,267.0,161.0,162.0
2021-08-11 07:00:00+00:00,0.0,0.0,70.0,272.0,216.0,46.0,0.0,0.0,0.0,71.0,0.0,73.0,79.0,148.0,0.0,264.0,120.0,0.0,0.0,0.0,0.0,266.0,0.0,0.0,0.0,102.0,0.0,0.0,1381.0,89.0,10.0,0.0,0.0,0.0,0.0,312.0,421.0,13.0,0.0,310.0,135.0,162.0
2021-08-11 08:00:00+00:00,3.0,4.0,78.0,283.0,201.0,30.0,0.0,0.0,0.0,14.0,0.0,0.0,74.0,162.0,0.0,407.0,117.0,0.0,0.0,0.0,0.0,322.0,0.0,0.0,0.0,155.0,0.0,0.0,1381.0,92.0,39.0,0.0,0.0,0.0,0.0,253.0,470.0,6.0,0.0,294.0,113.0,163.0
2021-08-11 09:00:00+00:00,50.0,101.0,88.0,301.0,199.0,46.0,0.0,0.0,0.0,0.0,0.0,0.0,72.0,177.0,0.0,517.0,108.0,0.0,0.0,0.0,0.0,362.0,0.0,0.0,0.0,185.0,0.0,0.0,1379.0,99.0,7.0,0.0,0.0,0.0,0.0,338.0,487.0,6.0,0.0,321.0,149.0,162.0
2021-08-11 10:00:00+00:00,79.0,0.0,101.0,292.0,185.0,55.0,25.0,0.0,0.0,0.0,0.0,0.0,111.0,126.0,0.0,514.0,106.0,0.0,0.0,0.0,0.0,337.0,0.0,0.0,0.0,176.0,0.0,0.0,1379.0,92.0,0.0,0.0,0.0,0.0,0.0,376.0,460.0,2.0,0.0,365.0,134.0,164.0
2021-08-11 11:00:00+00:00,78.0,0.0,134.0,309.0,189.0,110.0,54.0,0.0,0.0,0.0,0.0,14.0,113.0,134.0,0.0,492.0,110.0,0.0,0.0,0.0,0.0,363.0,0.0,0.0,0.0,167.0,0.0,0.0,1380.0,90.0,0.0,0.0,0.0,0.0,0.0,445.0,487.0,2.0,0.0,366.0,170.0,163.0
2021-08-11 12:00:00+00:00,26.0,35.0,104.0,292.0,206.0,129.0,85.0,0.0,0.0,1.0,0.0,0.0,114.0,96.0,0.0,534.0,121.0,0.0,0.0,0.0,0.0,287.0,0.0,0.0,0.0,137.0,0.0,0.0,1379.0,92.0,0.0,0.0,0.0,0.0,0.0,451.0,479.0,2.0,0.0,349.0,164.0,162.0
2021-08-11 13:00:00+00:00,68.0,0.0,122.0,302.0,205.0,132.0,62.0,0.0,0.0,0.0,0.0,23.0,102.0,59.0,0.0,432.0,130.0,0.0,0.0,0.0,0.0,341.0,0.0,0.0,0.0,156.0,0.0,0.0,1380.0,79.0,0.0,0.0,0.0,0.0,0.0,421.0,481.0,1.0,0.0,287.0,185.0,160.0
2021-08-11 14:00:00+00:00,127.0,96.0,101.0,314.0,225.0,107.0,43.0,0.0,0.0,0.0,0.0,0.0,72.0,17.0,0.0,415.0,142.0,0.0,0.0,0.0,0.0,395.0,0.0,0.0,0.0,173.0,0.0,0.0,1379.0,82.0,0.0,0.0,4.0,0.0,0.0,446.0,482.0,3.0,0.0,253.0,226.0,160.0
2021-08-11 15:00:00+00:00,143.0,278.0,73.0,293.0,249.0,167.0,144.0,0.0,0.0,0.0,0.0,0.0,15.0,0.0,0.0,497.0,161.0,0.0,0.0,0.0,0.0,372.0,0.0,0.0,0.0,109.0,0.0,0.0,1380.0,122.0,0.0,0.0,88.0,0.0,0.0,444.0,451.0,5.0,0.0,200.0,264.0,161.0
2021-08-11 16:00:00+00:00,110.0,345.0,46.0,315.0,333.0,168.0,164.0,0.0,0.0,0.0,0.0,0.0,0.0,0.0,0.0,448.0,159.0,0.0,0.0,0.0,0.0,324.0,0.0,0.0,0.0,34.0,0.0,0.0,1380.0,133.0,0.0,0.0,166.0,0.0,31.0,467.0,425.0,16.0,0.0,164.0,309.0,161.0
2021-08-11 17:00:00+00:00,76.0,417.0,34.0,318.0,394.0,134.0,121.0,0.0,0.0,0.0,0.0,0.0,0.0,0.0,0.0,534.0,163.0,0.0,0.0,0.0,0.0,255.0,0.0,0.0,0.0,0.0,0.0,0.0,1381.0,143.0,0.0,69.0,232.0,0.0,60.0,444.0,393.0,31.0,0.0,142.0,297.0,161.0
2021-08-11 18:00:00+00:00,12.0,429.0,26.0,317.0,441.0,170.0,77.0,0.0,0.0,6.0,0.0,0.0,0.0,0.0,0.0,557.0,173.0,0.0,0.0,0.0,0.0,161.0,0.0,0.0,0.0,0.0,0.0,0.0,1374.0,157.0,0.0,131.0,232.0,0.0,72.0,461.0,382.0,27.0,0.0,143.0,312.0,163.0
2021-08-11 19:00:00+00:00,0.0,374.0,11.0,298.0,448.0,323.0,34.0,0.0,0.0,82.0,0.0,0.0,0.0,0.0,0.0,324.0,172.0,0.0,0.0,0.0,0.0,103.0,0.0,0.0,0.0,0.0,0.0,0.0,1393.0,159.0,0.0,79.0,238.0,0.0,75.0,400.0,329.0,54.0,0.0,120.0,292.0,162.0
2021-08-11 20:00:00+00:00,30.0,182.0,91.0,314.0,346.0,393.0,53.0,0.0,0.0,3.0,0.0,0.0,0.0,0.0,0.0,467.0,164.0,0.0,0.0,0.0,0.0,302.0,0.0,0.0,0.0,0.0,0.0,0.0,1390.0,162.0,0.0,22.0,150.0,0.0,16.0,461.0,465.0,13.0,0.0,174.0,330.0,160.0
2021-08-11 21:00:00+00:00,3.0,84.0,140.0,346.0,370.0,385.0,111.0,0.0,0.0,53.0,0.0,0.0,0.0,0.0,0.0,250.0,132.0,0.0,0.0,0.0,0.0,323.0,0.0,0.0,0.0,143.0,0.0,0.0,1387.0,170.0,0.0,0.0,87.0,0.0,8.0,511.0,477.0,4.0,0.0,174.0,419.0,161.0
2021-08-11 22:00:00+00:00,0.0,0.0,115.0,337.0,390.0,372.0,62.0,0.0,0.0,242.0,0.0,175.0,19.0,9.0,0.0,0.0,95.0,0.0,0.0,0.0,310.0,216.0,0.0,0.0,0.0,264.0,0.0,0.0,1401.0,181.0,0.0,0.0,16.0,0.0,0.0,538.0,467.0,4.0,0.0,202.0,445.0,163.0
2021-08-11 23:00:00+00:00,0.0,0.0,129.0,338.0,365.0,432.0,117.0,0.0,0.0,294.0,0.0,407.0,59.0,55.0,0.0,0.0,69.0,0.0,0.0,0.0,513.0,251.0,0.0,0.0,0.0,370.0,0.0,0.0,1384.0,177.0,0.0,0.0,0.0,0.0,0.0,565.0,497.0,3.0,0.0,243.0,445.0,162.0
2021-08-12 00:00:00+00:00,0.0,0.0,142.0,342.0,384.0,447.0,130.0,0.0,0.0,277.0,0.0,360.0,33.0,8.0,0.0,0.0,50.0,0.0,0.0,0.0,564.0,284.0,0.0,0.0,0.0,416.0,0.0,0.0,1402.0,162.0,0.0,0.0,11.0,0.0,0.0,488.0,507.0,0.0,0.0,194.0,418.0,163.0
2021-08-12 01:00:00+00:00,0.0,0.0,158.0,345.0,386.0,515.0,173.0,0.0,0.0,285.0,0.0,330.0,31.0,18.0,0.0,0.0,33.0,0.0,0.0,0.0,554.0,280.0,0.0,0.0,0.0,381.0,0.0,0.0,1409.0,172.0,0.0,0.0,9.0,0.0,0.0,471.0,482.0,1.0,0.0,167.0,434.0,162.0
2021-08-12 02:00:00+00:00,0.0,0.0,98.0,325.0,412.0,487.0,151.0,0.0,0.0,349.0,0.0,249.0,4.0,1.0,0.0,0.0,29.0,0.0,0.0,0.0,559.0,161.0,0.0,0.0,0.0,326.0,0.0,0.0,1406.0,184.0,0.0,0.0,30.0,0.0,0.0,424.0,455.0,3.0,0.0,124.0,413.0,161.0
2021-08-12 03:00:00+00:00,0.0,0.0,74.0,296.0,387.0,333.0,86.0,0.0,0.0,328.0,0.0,136.0,0.0,0.0,0.0,0.0,29.0,0.0,0.0,0.0,533.0,164.0,0.0,0.0,0.0,338.0,0.0,0.0,1398.0,173.0,0.0,0.0,76.0,0.0,13.0,476.0,416.0,7.0,0.0,136.0,409.0,160.0
2021-08-12 04:00:00+00:00,0.0,159.0,22.0,261.0,407.0,128.0,109.0,0.0,2.0,372.0,0.0,0.0,0.0,0.0,0.0,0.0,46.0,0.0,0.0,0.0,298.0,38.0,0.0,0.0,0.0,269.0,0.0,0.0,1388.0,124.0,0.0,0.0,12.0,0.0,130.0,459.0,329.0,42.0,0.0,113.0,406.0,162.0
2021-08-12 05:00:00+00:00,0.0,322.0,5.0,218.0,369.0,121.0,71.0,0.0,31.0,325.0,0.0,0.0,0.0,0.0,0.0,52.0,76.0,0.0,0.0,0.0,0.0,2.0,0.0,0.0,0.0,140.0,0.0,0.0,1379.0,112.0,0.0,0.0,0.0,0.0,159.0,295.0,307.0,81.0,0.0,89.0,284.0,162.0
2021-08-12 06:00:00+00:00,0.0,220.0,4.0,216.0,370.0,150.0,84.0,0.0,98.0,351.0,0.0,0.0,0.0,0.0,0.0,130.0,93.0,0.0,0.0,0.0,0.0,0.0,0.0,0.0,0.0,80.0,0.0,0.0,1354.0,96.0,0.0,0.0,0.0,0.0,111.0,198.0,283.0,90.0,0.0,118.0,208.0,163.0
2021-08-12 07:00:00+00:00,0.0,310.0,0.0,218.0,415.0,84.0,23.0,0.0,233.0,428.0,0.0,0.0,0.0,0.0,0.0,241.0,96.0,0.0,0.0,0.0,0.0,0.0,0.0,0.0,0.0,110.0,0.0,0.0,1353.0,89.0,0.0,0.0,51.0,0.0,87.0,205.0,246.0,129.0,0.0,164.0,204.0,163.0
2021-08-12 08:00:00+00:00,0.0,262.0,6.0,231.0,423.0,84.0,25.0,0.0,221.0,418.0,0.0,0.0,0.0,2.0,0.0,249.0,85.0,0.0,0.0,0.0,0.0,0.0,0.0,0.0,0.0,84.0,0.0,0.0,1353.0,85.0,0.0,0.0,35.0,0.0,42.0,256.0,286.0,95.0,0.0,236.0,217.0,163.0
2021-08-12 09:00:00+00:00,0.0,103.0,2.0,230.0,336.0,111.0,75.0,0.0,109.0,328.0,0.0,0.0,19.0,54.0,0.0,335.0,81.0,0.0,0.0,0.0,0.0,0.0,0.0,0.0,0.0,55.0,0.0,0.0,1352.0,101.0,0.0,0.0,2.0,0.0,0.0,261.0,302.0,78.0,0.0,295.0,180.0,160.0
2021-08-12 10:00:00+00:00,0.0,120.0,17.0,224.0,277.0,67.0,112.0,0.0,23.0,230.0,0.0,0.0,48.0,62.0,0.0,562.0,81.0,0.0,0.0,0.0,0.0,8.0,0.0,0.0,0.0,71.0,0.0,0.0,1353.0,101.0,0.0,0.0,0.0,0.0,0.0,284.0,311.0,54.0,0.0,358.0,144.0,161.0
2021-08-12 11:00:00+00:00,0.0,119.0,7.0,231.0,277.0,89.0,70.0,0.0,9.0,227.0,0.0,0.0,70.0,69.0,0.0,568.0,88.0,0.0,0.0,0.0,0.0,14.0,0.0,0.0,0.0,39.0,0.0,0.0,1353.0,84.0,0.0,0.0,0.0,0.0,0.0,262.0,324.0,67.0,0.0,343.0,126.0,163.0
2021-08-12 12:00:00+00:00,0.0,110.0,7.0,247.0,315.0,104.0,48.0,0.0,7.0,243.0,0.0,0.0,62.0,65.0,0.0,512.0,99.0,0.0,0.0,0.0,0.0,25.0,0.0,0.0,0.0,17.0,0.0,0.0,1352.0,87.0,0.0,0.0,0.0,0.0,0.0,328.0,334.0,60.0,0.0,337.0,180.0,161.0
2021-08-12 13:00:00+00:00,0.0,175.0,12.0,254.0,321.0,132.0,90.0,0.0,1.0,201.0,0.0,0.0,44.0,32.0,0.0,551.0,102.0,0.0,0.0,0.0,0.0,39.0,0.0,0.0,0.0,23.0,0.0,0.0,1353.0,92.0,0.0,0.0,1.0,0.0,0.0,389.0,323.0,52.0,0.0,308.0,234.0,163.0
2021-08-12 14:00:00+00:00,0.0,260.0,16.0,274.0,365.0,160.0,96.0,0.0,0.0,155.0,0.0,0.0,7.0,1.0,0.0,396.0,117.0,0.0,0.0,0.0,0.0,67.0,0.0,0.0,0.0,12.0,0.0,0.0,1374.0,98.0,0.0,0.0,46.0,0.0,0.0,446.0,357.0,33.0,0.0,256.0,294.0,164.0
2021-08-12 15:00:00+00:00,0.0,350.0,22.0,276.0,414.0,136.0,138.0,0.0,0.0,115.0,0.0,0.0,0.0,0.0,0.0,356.0,137.0,0.0,0.0,0.0,0.0,57.0,0.0,0.0,0.0,0.0,0.0,0.0,1380.0,100.0,0.0,92.0,144.0,0.0,48.0,363.0,408.0,38.0,0.0,139.0,264.0,164.0
2021-08-12 16:00:00+00:00,0.0,382.0,24.0,287.0,449.0,208.0,187.0,0.0,2.0,133.0,0.0,0.0,0.0,0.0,0.0,271.0,147.0,0.0,0.0,0.0,0.0,33.0,0.0,0.0,0.0,0.0,0.0,0.0,1380.0,113.0,0.0,91.0,194.0,0.0,79.0,379.0,367.0,30.0,0.0,110.0,283.0,163.0
2021-08-12 17:00:00+00:00,0.0,413.0,18.0,282.0,466.0,221.0,218.0,0.0,8.0,126.0,0.0,0.0,0.0,0.0,0.0,300.0,152.0,0.0,0.0,0.0,0.0,14.0,0.0,0.0,0.0,0.0,0.0,0.0,1381.0,119.0,0.0,191.0,217.0,0.0,86.0,418.0,330.0,45.0,0.0,115.0,293.0,161.0
2021-08-12 18:00:00+00:00,0.0,471.0,15.0,307.0,505.0,294.0,124.0,0.0,5.0,125.0,0.0,0.0,0.0,0.0,0.0,451.0,162.0,0.0,0.0,0.0,0.0,18.0,0.0,0.0,0.0,0.0,0.0,0.0,1373.0,146.0,0.0,257.0,231.0,0.0,106.0,372.0,351.0,38.0,0.0,89.0,264.0,163.0
2021-08-12 19:00:00+00:00,0.0,371.0,16.0,286.0,506.0,309.0,131.0,0.0,53.0,197.0,0.0,0.0,0.0,0.0,0.0,258.0,158.0,0.0,0.0,0.0,0.0,1.0,0.0,0.0,0.0,0.0,0.0,2.0,1385.0,149.0,0.0,243.0,207.0,0.0,104.0,314.0,346.0,33.0,0.0,35.0,288.0,162.0
2021-08-12 20:00:00+00:00,0.0,199.0,75.0,322.0,464.0,361.0,176.0,0.0,0.0,156.0,0.0,0.0,0.0,0.0,0.0,206.0,147.0,0.0,0.0,0.0,0.0,89.0,0.0,0.0,0.0,0.0,0.0,0.0,1389.0,132.0,0.0,205.0,119.0,0.0,47.0,416.0,460.0,10.0,0.0,97.0,329.0,159.0
2021-08-12 21:00:00+00:00,0.0,0.0,135.0,352.0,405.0,392.0,265.0,0.0,0.0,178.0,0.0,11.0,0.0,4.0,0.0,94.0,121.0,0.0,0.0,0.0,0.0,207.0,0.0,0.0,0.0,113.0,0.0,0.0,1384.0,132.0,0.0,0.0,38.0,0.0,11.0,558.0,459.0,3.0,0.0,154.0,462.0,159.0
2021-08-12 22:00:00+00:00,0.0,0.0,53.0,308.0,393.0,484.0,228.0,0.0,0.0,291.0,0.0,85.0,29.0,30.0,0.0,0.0,102.0,0.0,0.0,0.0,521.0,113.0,0.0,0.0,0.0,138.0,0.0,0.0,1407.0,125.0,0.0,0.0,5.0,0.0,0.0,650.0,428.0,16.0,0.0,246.0,505.0,161.0
2021-08-12 23:00:00+00:00,0.0,0.0,90.0,314.0,402.0,533.0,236.0,0.0,0.0,330.0,0.0,188.0,31.0,21.0,0.0,0.0,79.0,0.0,0.0,0.0,563.0,101.0,0.0,0.0,0.0,191.0,0.0,0.0,1403.0,157.0,0.0,0.0,7.0,0.0,0.0,603.0,415.0,7.0,0.0,232.0,501.0,163.0
2021-08-13 00:00:00+00:00,0.0,0.0,73.0,322.0,434.0,548.0,248.0,0.0,0.0,344.0,0.0,104.0,2.0,1.0,0.0,0.0,60.0,0.0,0.0,0.0,576.0,145.0,0.0,0.0,0.0,199.0,0.0,0.0,1389.0,160.0,0.0,0.0,38.0,0.0,0.0,501.0,446.0,5.0,0.0,164.0,444.0,162.0
2021-08-13 01:00:00+00:00,0.0,0.0,58.0,304.0,428.0,548.0,225.0,0.0,0.0,360.0,0.0,88.0,0.0,0.0,0.0,0.0,50.0,0.0,0.0,0.0,576.0,120.0,0.0,0.0,0.0,182.0,0.0,0.0,1403.0,162.0,0.0,0.0,61.0,0.0,9.0,472.0,414.0,6.0,0.0,166.0,423.0,160.0
2021-08-13 02:00:00+00:00,0.0,0.0,39.0,292.0,426.0,479.0,218.0,0.0,0.0,372.0,0.0,68.0,0.0,0.0,0.0,0.0,42.0,0.0,0.0,0.0,576.0,98.0,0.0,0.0,0.0,183.0,0.0,0.0,1408.0,161.0,0.0,0.0,75.0,0.0,14.0,522.0,398.0,19.0,0.0,184.0,442.0,163.0
2021-08-13 03:00:00+00:00,0.0,0.0,28.0,257.0,396.0,366.0,136.0,0.0,2.0,389.0,0.0,106.0,2.0,0.0,0.0,0.0,46.0,0.0,0.0,0.0,579.0,51.0,0.0,0.0,0.0,109.0,0.0,0.0,1406.0,151.0,0.0,0.0,56.0,0.0,0.0,616.0,366.0,28.0,0.0,257.0,439.0,160.0
2021-08-13 04:00:00+00:00,0.0,117.0,3.0,224.0,442.0,254.0,119.0,0.0,157.0,482.0,0.0,0.0,0.0,0.0,0.0,0.0,59.0,0.0,0.0,0.0,563.0,0.0,0.0,0.0,0.0,216.0,0.0,0.0,1387.0,132.0,0.0,0.0,238.0,0.0,112.0,352.0,251.0,113.0,0.0,85.0,328.0,159.0
2021-08-13 05:00:00+00:00,0.0,394.0,0.0,199.0,439.0,219.0,68.0,0.0,213.0,426.0,0.0,0.0,0.0,0.0,0.0,0.0,86.0,0.0,0.0,0.0,138.0,0.0,0.0,0.0,0.0,114.0,0.0,0.0,1380.0,112.0,0.0,0.0,329.0,0.0,152.0,181.0,235.0,146.0,0.0,49.0,198.0,159.0
2021-08-13 06:00:00+00:00,0.0,300.0,0.0,212.0,459.0,260.0,94.0,0.0,273.0,445.0,0.0,0.0,0.0,0.0,0.0,0.0,101.0,0.0,0.0,0.0,125.0,0.0,0.0,0.0,0.0,0.0,0.0,0.0,1354.0,105.0,0.0,17.0,253.0,0.0,132.0,129.0,252.0,132.0,0.0,74.0,146.0,164.0
2021-08-13 07:00:00+00:00,0.0,184.0,2.0,251.0,500.0,280.0,134.0,0.0,294.0,503.0,0.0,0.0,0.0,0.0,0.0,0.0,98.0,0.0,0.0,0.0,252.0,0.0,0.0,0.0,0.0,0.0,0.0,0.0,1353.0,111.0,0.0,19.0,160.0,0.0,97.0,106.0,278.0,87.0,0.0,118.0,132.0,157.0
2021-08-13 08:00:00+00:00,0.0,184.0,5.0,265.0,499.0,281.0,168.0,0.0,333.0,539.0,0.0,0.0,0.0,0.0,0.0,0.0,86.0,0.0,0.0,0.0,284.0,0.0,0.0,0.0,0.0,25.0,0.0,0.0,1353.0,111.0,0.0,0.0,79.0,0.0,80.0,172.0,298.0,72.0,0.0,173.0,189.0,158.0
2021-08-13 09:00:00+00:00,0.0,211.0,14.0,284.0,485.0,290.0,177.0,0.0,262.0,505.0,0.0,0.0,0.0,1.0,0.0,0.0,77.0,0.0,0.0,0.0,194.0,0.0,0.0,0.0,0.0,59.0,0.0,0.0,1353.0,112.0,0.0,0.0,32.0,0.0,74.0,171.0,322.0,46.0,0.0,177.0,202.0,158.0
2021-08-13 10:00:00+00:00,0.0,254.0,30.0,304.0,496.0,116.0,194.0,0.0,203.0,467.0,0.0,0.0,0.0,10.0,0.0,0.0,76.0,0.0,0.0,0.0,61.0,0.0,0.0,0.0,0.0,15.0,0.0,0.0,1354.0,71.0,0.0,0.0,16.0,0.0,62.0,177.0,382.0,22.0,0.0,175.0,202.0,160.0
2021-08-13 11:00:00+00:00,0.0,244.0,42.0,317.0,498.0,94.0,166.0,0.0,146.0,419.0,0.0,0.0,0.0,31.0,0.0,0.0,76.0,0.0,0.0,0.0,2.0,0.0,0.0,0.0,0.0,0.0,0.0,0.0,1353.0,71.0,0.0,76.0,2.0,0.0,18.0,200.0,410.0,15.0,0.0,169.0,214.0,158.0
2021-08-13 12:00:00+00:00,0.0,222.0,31.0,318.0,495.0,109.0,136.0,0.0,146.0,390.0,0.0,0.0,0.0,31.0,0.0,0.0,90.0,0.0,0.0,0.0,128.0,0.0,0.0,0.0,0.0,0.0,0.0,0.0,1353.0,77.0,0.0,92.0,2.0,0.0,22.0,264.0,419.0,29.0,0.0,184.0,241.0,159.0
2021-08-13 13:00:00+00:00,0.0,239.0,33.0,313.0,488.0,277.0,215.0,0.0,103.0,354.0,0.0,0.0,0.0,18.0,0.0,0.0,97.0,0.0,0.0,0.0,59.0,0.0,0.0,0.0,0.0,0.0,0.0,0.0,1352.0,111.0,0.0,73.0,2.0,0.0,27.0,327.0,392.0,16.0,0.0,176.0,285.0,159.0
2021-08-13 14:00:00+00:00,0.0,392.0,21.0,300.0,499.0,339.0,230.0,0.0,98.0,309.0,0.0,0.0,0.0,0.0,0.0,0.0,107.0,0.0,0.0,0.0,1.0,0.0,0.0,0.0,0.0,0.0,0.0,0.0,1377.0,111.0,0.0,144.0,73.0,0.0,61.0,348.0,382.0,34.0,0.0,126.0,324.0,160.0
2021-08-13 15:00:00+00:00,0.0,280.0,14.0,301.0,502.0,306.0,229.0,0.0,108.0,327.0,0.0,0.0,0.0,0.0,0.0,0.0,122.0,0.0,0.0,0.0,325.0,0.0,0.0,0.0,0.0,0.0,0.0,0.0,1380.0,94.0,0.0,156.0,61.0,0.0,42.0,476.0,375.0,46.0,0.0,173.0,341.0,158.0
2021-08-13 16:00:00+00:00,0.0,354.0,19.0,324.0,560.0,325.0,193.0,0.0,121.0,339.0,0.0,0.0,0.0,0.0,0.0,0.0,141.0,0.0,0.0,0.0,375.0,0.0,0.0,0.0,0.0,0.0,0.0,0.0,1380.0,102.0,0.0,169.0,112.0,0.0,69.0,614.0,332.0,38.0,0.0,203.0,411.0,162.0
2021-08-13 17:00:00+00:00,0.0,261.0,6.0,320.0,590.0,325.0,182.0,0.0,160.0,362.0,0.0,0.0,0.0,0.0,0.0,0.0,138.0,0.0,0.0,0.0,394.0,0.0,0.0,0.0,0.0,0.0,0.0,0.0,1380.0,103.0,0.0,230.0,155.0,0.0,86.0,582.0,305.0,65.0,0.0,172.0,402.0,161.0
2021-08-13 18:00:00+00:00,0.0,247.0,2.0,297.0,561.0,484.0,119.0,0.0,185.0,335.0,0.0,0.0,0.0,0.0,0.0,0.0,141.0,0.0,0.0,0.0,196.0,0.0,0.0,0.0,0.0,0.0,0.0,0.0,1380.0,133.0,0.0,353.0,133.0,0.0,75.0,647.0,282.0,110.0,0.0,211.0,407.0,158.0
2021-08-13 19:00:00+00:00,0.0,281.0,8.0,298.0,599.0,505.0,200.0,0.0,244.0,410.0,0.0,0.0,0.0,0.0,0.0,0.0,136.0,0.0,0.0,0.0,478.0,0.0,0.0,0.0,0.0,0.0,0.0,0.0,1393.0,122.0,0.0,237.0,142.0,0.0,91.0,620.0,278.0,63.0,0.0,189.0,444.0,159.0
2021-08-13 20:00:00+00:00,0.0,274.0,22.0,306.0,543.0,529.0,248.0,0.0,122.0,359.0,0.0,0.0,0.0,0.0,0.0,0.0,125.0,0.0,0.0,0.0,381.0,0.0,0.0,0.0,0.0,0.0,0.0,0.0,1395.0,127.0,0.0,115.0,78.0,0.0,55.0,767.0,338.0,37.0,0.0,276.0,533.0,160.0
2021-08-13 21:00:00+00:00,0.0,76.0,35.0,326.0,493.0,517.0,232.0,0.0,17.0,354.0,0.0,0.0,0.0,15.0,0.0,0.0,108.0,0.0,0.0,0.0,485.0,7.0,0.0,0.0,0.0,113.0,0.0,0.0,1397.0,130.0,0.0,0.0,5.0,0.0,13.0,828.0,379.0,22.0,0.0,318.0,599.0,160.0
2021-08-13 22:00:00+00:00,0.0,0.0,18.0,327.0,428.0,550.0,229.0,0.0,0.0,326.0,0.0,153.0,21.0,46.0,0.0,0.0,84.0,0.0,0.0,0.0,540.0,88.0,0.0,0.0,0.0,284.0,0.0,0.0,1401.0,138.0,0.0,0.0,1.0,0.0,0.0,598.0,384.0,49.0,0.0,265.0,508.0,164.0
2021-08-13 23:00:00+00:00,0.0,0.0,37.0,327.0,419.0,571.0,205.0,0.0,0.0,337.0,0.0,254.0,39.0,58.0,0.0,0.0,64.0,0.0,0.0,0.0,595.0,135.0,0.0,0.0,0.0,207.0,0.0,0.0,1401.0,147.0,0.0,0.0,0.0,0.0,0.0,544.0,395.0,17.0,0.0,270.0,511.0,163.0
2021-08-14 00:00:00+00:00,0.0,0.0,41.0,322.0,404.0,569.0,217.0,0.0,0.0,330.0,0.0,259.0,51.0,66.0,0.0,0.0,48.0,0.0,0.0,0.0,597.0,186.0,0.0,0.0,0.0,164.0,0.0,0.0,1382.0,139.0,0.0,0.0,0.0,0.0,0.0,528.0,430.0,30.0,0.0,239.0,523.0,160.0
2021-08-14 01:00:00+00:00,0.0,0.0,74.0,326.0,403.0,593.0,208.0,0.0,0.0,334.0,0.0,230.0,58.0,72.0,0.0,0.0,76.0,0.0,0.0,0.0,597.0,197.0,0.0,0.0,0.0,186.0,0.0,0.0,1395.0,136.0,0.0,0.0,0.0,0.0,0.0,495.0,439.0,8.0,0.0,226.0,513.0,160.0
2021-08-14 02:00:00+00:00,0.0,0.0,58.0,327.0,406.0,570.0,198.0,0.0,0.0,333.0,0.0,186.0,59.0,83.0,0.0,0.0,31.0,0.0,0.0,0.0,597.0,200.0,0.0,0.0,0.0,197.0,0.0,0.0,1404.0,139.0,0.0,0.0,0.0,0.0,0.0,513.0,433.0,9.0,0.0,222.0,526.0,163.0
2021-08-14 03:00:00+00:00,0.0,0.0,75.0,333.0,409.0,548.0,221.0,0.0,0.0,342.0,0.0,211.0,59.0,83.0,0.0,0.0,33.0,0.0,0.0,0.0,597.0,197.0,0.0,0.0,0.0,218.0,0.0,0.0,1413.0,148.0,0.0,0.0,0.0,0.0,0.0,526.0,453.0,11.0,0.0,237.0,510.0,163.0
2021-08-14 04:00:00+00:00,0.0,9.0,22.0,309.0,444.0,482.0,235.0,0.0,0.0,401.0,0.0,0.0,0.0,4.0,0.0,0.0,30.0,0.0,0.0,0.0,593.0,67.0,0.0,0.0,0.0,225.0,0.0,0.0,1401.0,166.0,0.0,0.0,19.0,0.0,10.0,458.0,368.0,30.0,0.0,211.0,453.0,161.0
2021-08-14 05:00:00+00:00,0.0,22.0,8.0,296.0,504.0,500.0,190.0,0.0,100.0,501.0,0.0,0.0,0.0,2.0,0.0,0.0,37.0,0.0,0.0,0.0,482.0,0.0,0.0,0.0,0.0,141.0,0.0,0.0,1371.0,169.0,0.0,0.0,27.0,0.0,20.0,381.0,338.0,54.0,0.0,185.0,389.0,159.0
2021-08-14 06:00:00+00:00,0.0,66.0,8.0,309.0,577.0,502.0,142.0,0.0,208.0,544.0,0.0,0.0,0.0,17.0,0.0,0.0,57.0,0.0,0.0,0.0,358.0,0.0,0.0,0.0,0.0,13.0,0.0,0.0,1362.0,156.0,0.0,0.0,17.0,0.0,26.0,283.0,339.0,58.0,0.0,187.0,349.0,159.0
2021-08-14 07:00:00+00:00,0.0,64.0,4.0,305.0,568.0,384.0,175.0,0.0,241.0,561.0,0.0,0.0,23.0,100.0,0.0,0.0,52.0,0.0,0.0,0.0,242.0,0.0,0.0,0.0,0.0,0.0,0.0,0.0,1358.0,146.0,0.0,56.0,0.0,0.0,0.0,284.0,315.0,66.0,0.0,245.0,334.0,163.0
2021-08-14 08:00:00+00:00,0.0,100.0,7.0,330.0,599.0,384.0,235.0,0.0,249.0,589.0,0.0,0.0,23.0,132.0,0.0,0.0,73.0,0.0,0.0,0.0,225.0,0.0,0.0,0.0,0.0,0.0,0.0,0.0,1357.0,144.0,0.0,53.0,0.0,0.0,0.0,298.0,342.0,62.0,0.0,257.0,374.0,159.0
2021-08-14 09:00:00+00:00,0.0,95.0,26.0,351.0,597.0,412.0,251.0,0.0,189.0,568.0,0.0,0.0,22.0,161.0,0.0,0.0,99.0,0.0,0.0,0.0,166.0,0.0,0.0,0.0,0.0,22.0,0.0,0.0,1341.0,147.0,0.0,0.0,0.0,0.0,0.0,304.0,374.0,30.0,0.0,250.0,391.0,160.0
2021-08-14 10:00:00+00:00,0.0,39.0,25.0,362.0,593.0,345.0,256.0,0.0,139.0,533.0,0.0,0.0,29.0,167.0,0.0,0.0,98.0,0.0,0.0,0.0,138.0,0.0,0.0,0.0,0.0,34.0,0.0,0.0,1343.0,139.0,0.0,0.0,0.0,0.0,0.0,282.0,397.0,22.0,0.0,246.0,375.0,162.0
2021-08-14 11:00:00+00:00,0.0,21.0,28.0,365.0,599.0,341.0,255.0,0.0,135.0,541.0,0.0,0.0,31.0,163.0,0.0,0.0,102.0,0.0,0.0,0.0,200.0,0.0,0.0,0.0,0.0,5.0,0.0,0.0,1163.0,149.0,0.0,0.0,0.0,0.0,0.0,216.0,410.0,30.0,0.0,215.0,339.0,163.0
2021-08-14 12:00:00+00:00,0.0,0.0,30.0,350.0,570.0,372.0,273.0,0.0,131.0,531.0,0.0,58.0,38.0,151.0,0.0,0.0,73.0,0.0,0.0,0.0,195.0,0.0,0.0,0.0,0.0,0.0,0.0,0.0,1342.0,141.0,0.0,3.0,0.0,0.0,0.0,276.0,390.0,26.0,0.0,245.0,339.0,161.0
2021-08-14 13:00:00+00:00,0.0,0.0,10.0,307.0,542.0,351.0,265.0,0.0,187.0,546.0,0.0,48.0,28.0,102.0,0.0,0.0,57.0,0.0,0.0,0.0,132.0,0.0,0.0,0.0,0.0,0.0,0.0,0.0,1356.0,169.0,0.0,59.0,0.0,0.0,0.0,274.0,335.0,49.0,0.0,242.0,306.0,161.0
2021-08-14 14:00:00+00:00,0.0,47.0,2.0,274.0,544.0,323.0,257.0,0.0,273.0,563.0,0.0,0.0,6.0,33.0,0.0,0.0,104.0,0.0,0.0,0.0,212.0,0.0,0.0,0.0,0.0,0.0,0.0,0.0,1350.0,158.0,0.0,178.0,1.0,0.0,0.0,343.0,284.0,107.0,0.0,243.0,311.0,162.0
2021-08-14 15:00:00+00:00,0.0,171.0,2.0,262.0,528.0,314.0,227.0,0.0,273.0,543.0,0.0,0.0,0.0,2.0,0.0,0.0,93.0,0.0,0.0,0.0,119.0,0.0,0.0,0.0,0.0,0.0,0.0,0.0,1382.0,156.0,0.0,209.0,33.0,0.0,27.0,408.0,308.0,98.0,0.0,222.0,341.0,162.0
2021-08-14 16:00:00+00:00,0.0,365.0,4.0,281.0,591.0,459.0,126.0,0.0,324.0,589.0,0.0,0.0,0.0,0.0,0.0,0.0,105.0,0.0,0.0,0.0,213.0,0.0,0.0,0.0,0.0,0.0,0.0,0.0,1384.0,183.0,0.0,170.0,83.0,0.0,75.0,521.0,290.0,97.0,0.0,199.0,420.0,158.0
2021-08-14 17:00:00+00:00,0.0,483.0,0.0,275.0,627.0,457.0,125.0,0.0,373.0,597.0,0.0,0.0,0.0,0.0,0.0,0.0,114.0,0.0,0.0,0.0,162.0,0.0,0.0,0.0,0.0,0.0,0.0,0.0,1381.0,185.0,0.0,212.0,117.0,0.0,94.0,629.0,249.0,155.0,0.0,209.0,462.0,158.0
2021-08-14 18:00:00+00:00,0.0,529.0,0.0,293.0,671.0,510.0,161.0,0.0,380.0,575.0,0.0,0.0,0.0,0.0,0.0,0.0,107.0,0.0,0.0,0.0,1.0,0.0,0.0,0.0,0.0,0.0,0.0,0.0,1382.0,170.0,0.0,301.0,144.0,0.0,111.0,611.0,268.0,157.0,0.0,187.0,443.0,159.0
2021-08-14 19:00:00+00:00,0.0,496.0,0.0,270.0,609.0,506.0,170.0,0.0,354.0,565.0,0.0,0.0,0.0,0.0,0.0,0.0,99.0,0.0,0.0,0.0,102.0,0.0,0.0,0.0,0.0,0.0,0.0,0.0,1393.0,173.0,0.0,189.0,132.0,0.0,97.0,598.0,260.0,154.0,0.0,190.0,469.0,161.0
2021-08-14 20:00:00+00:00,0.0,292.0,18.0,327.0,584.0,532.0,227.0,0.0,150.0,505.0,0.0,0.0,0.0,2.0,0.0,0.0,100.0,0.0,0.0,0.0,299.0,0.0,0.0,0.0,0.0,0.0,0.0,0.0,1393.0,169.0,0.0,85.0,30.0,0.0,37.0,638.0,359.0,49.0,0.0,242.0,532.0,160.0
2021-08-14 21:00:00+00:00,0.0,208.0,37.0,342.0,548.0,509.0,246.0,0.0,51.0,482.0,0.0,0.0,0.0,5.0,0.0,0.0,94.0,0.0,0.0,0.0,364.0,2.0,0.0,0.0,0.0,163.0,0.0,0.0,1391.0,159.0,0.0,0.0,18.0,0.0,43.0,595.0,368.0,24.0,0.0,205.0,569.0,158.0
2021-08-14 22:00:00+00:00,0.0,0.0,26.0,292.0,364.0,555.0,242.0,0.0,0.0,337.0,0.0,271.0,68.0,110.0,0.0,0.0,85.0,0.0,0.0,0.0,558.0,140.0,0.0,0.0,0.0,191.0,0.0,0.0,1421.0,169.0,0.0,0.0,0.0,0.0,0.0,688.0,349.0,31.0,0.0,368.0,520.0,159.0
2021-08-14 23:00:00+00:00,0.0,0.0,19.0,314.0,351.0,572.0,235.0,0.0,0.0,315.0,0.0,314.0,89.0,132.0,0.0,0.0,69.0,0.0,0.0,0.0,600.0,233.0,0.0,0.0,0.0,180.0,0.0,0.0,1415.0,160.0,0.0,0.0,0.0,0.0,0.0,659.0,370.0,34.0,0.0,354.0,521.0,161.0
2021-08-15 00:00:00+00:00,0.0,0.0,101.0,317.0,319.0,607.0,252.0,0.0,0.0,295.0,0.0,315.0,129.0,195.0,0.0,0.0,57.0,0.0,0.0,0.0,601.0,306.0,0.0,0.0,0.0,198.0,0.0,0.0,1390.0,149.0,0.0,0.0,0.0,0.0,0.0,668.0,400.0,7.0,0.0,305.0,595.0,158.0
2021-08-15 01:00:00+00:00,0.0,0.0,80.0,334.0,341.0,633.0,244.0,0.0,0.0,293.0,0.0,275.0,107.0,155.0,0.0,0.0,44.0,0.0,0.0,0.0,601.0,332.0,0.0,0.0,0.0,173.0,0.0,0.0,1395.0,157.0,0.0,0.0,0.0,0.0,0.0,553.0,409.0,7.0,0.0,266.0,524.0,159.0
2021-08-15 02:00:00+00:00,0.0,0.0,56.0,342.0,356.0,587.0,289.0,0.0,0.0,294.0,0.0,360.0,106.0,163.0,0.0,0.0,35.0,0.0,0.0,0.0,601.0,342.0,0.0,0.0,0.0,196.0,0.0,0.0,1395.0,158.0,0.0,0.0,0.0,0.0,0.0,529.0,418.0,9.0,0.0,253.0,501.0,159.0
2021-08-15 03:00:00+00:00,0.0,0.0,46.0,345.0,366.0,537.0,286.0,0.0,0.0,297.0,0.0,393.0,119.0,177.0,0.0,0.0,26.0,0.0,0.0,0.0,601.0,326.0,0.0,0.0,0.0,135.0,0.0,0.0,1401.0,173.0,0.0,0.0,0.0,0.0,0.0,576.0,418.0,14.0,0.0,275.0,524.0,159.0
2021-08-15 04:00:00+00:00,0.0,0.0,38.0,346.0,475.0,502.0,288.0,0.0,0.0,420.0,0.0,158.0,40.0,63.0,0.0,0.0,12.0,0.0,0.0,0.0,599.0,157.0,0.0,0.0,0.0,134.0,0.0,0.0,1394.0,191.0,0.0,0.0,0.0,0.0,0.0,527.0,422.0,29.0,0.0,215.0,490.0,159.0
2021-08-15 05:00:00+00:00,0.0,0.0,14.0,321.0,505.0,470.0,206.0,0.0,22.0,553.0,0.0,206.0,44.0,101.0,0.0,0.0,12.0,0.0,0.0,0.0,589.0,8.0,0.0,0.0,0.0,134.0,0.0,0.0,1384.0,196.0,0.0,0.0,0.0,0.0,0.0,510.0,358.0,37.0,0.0,205.0,509.0,162.0
2021-08-15 06:00:00+00:00,0.0,0.0,2.0,314.0,594.0,403.0,63.0,0.0,218.0,687.0,0.0,185.0,27.0,108.0,0.0,0.0,16.0,0.0,0.0,0.0,468.0,0.0,0.0,0.0,0.0,158.0,0.0,0.0,1381.0,167.0,0.0,0.0,0.0,0.0,0.0,399.0,302.0,73.0,0.0,179.0,491.0,162.0
2021-08-15 07:00:00+00:00,0.0,0.0,1.0,314.0,592.0,126.0,32.0,0.0,249.0,682.0,0.0,164.0,29.0,133.0,0.0,0.0,13.0,0.0,0.0,0.0,403.0,0.0,0.0,0.0,0.0,129.0,0.0,0.0,1380.0,107.0,0.0,0.0,0.0,0.0,0.0,277.0,289.0,98.0,0.0,198.0,421.0,160.0
2021-08-15 08:00:00+00:00,0.0,0.0,2.0,310.0,593.0,138.0,0.0,0.0,271.0,694.0,0.0,129.0,27.0,151.0,0.0,0.0,15.0,0.0,0.0,0.0,344.0,0.0,0.0,0.0,0.0,55.0,0.0,0.0,1373.0,97.0,10.0,0.0,0.0,0.0,0.0,177.0,276.0,110.0,0.0,152.0,384.0,162.0
2021-08-15 09:00:00+00:00,0.0,0.0,1.0,306.0,591.0,362.0,206.0,0.0,286.0,693.0,0.0,174.0,41.0,177.0,0.0,0.0,62.0,0.0,0.0,0.0,290.0,0.0,0.0,0.0,0.0,65.0,0.0,0.0,1384.0,164.0,0.0,0.0,0.0,0.0,0.0,192.0,263.0,102.0,0.0,159.0,392.0,162.0
2021-08-15 10:00:00+00:00,0.0,0.0,2.0,306.0,580.0,265.0,194.0,0.0,253.0,669.0,0.0,189.0,35.0,163.0,0.0,0.0,81.0,0.0,0.0,0.0,255.0,0.0,0.0,0.0,0.0,116.0,0.0,0.0,1384.0,139.0,0.0,0.0,0.0,0.0,0.0,220.0,263.0,97.0,0.0,171.0,400.0,162.0
2021-08-15 11:00:00+00:00,0.0,0.0,1.0,310.0,599.0,188.0,91.0,0.0,267.0,669.0,0.0,245.0,31.0,131.0,0.0,0.0,83.0,0.0,0.0,0.0,178.0,0.0,0.0,0.0,0.0,134.0,0.0,0.0,1133.0,135.0,0.0,0.0,0.0,0.0,0.0,180.0,274.0,123.0,0.0,166.0,369.0,163.0
2021-08-15 12:00:00+00:00,0.0,0.0,0.0,295.0,589.0,195.0,86.0,0.0,299.0,690.0,0.0,272.0,9.0,89.0,0.0,0.0,87.0,0.0,0.0,0.0,195.0,0.0,0.0,0.0,0.0,38.0,0.0,0.0,1357.0,124.0,0.0,0.0,0.0,0.0,0.0,202.0,270.0,140.0,0.0,125.0,391.0,163.0
2021-08-15 13:00:00+00:00,0.0,0.0,1.0,256.0,610.0,160.0,0.0,0.0,435.0,755.0,0.0,235.0,0.0,24.0,0.0,0.0,27.0,0.0,0.0,0.0,318.0,0.0,0.0,0.0,0.0,0.0,0.0,0.0,1383.0,109.0,83.0,80.0,5.0,0.0,50.0,245.0,239.0,198.0,0.0,107.0,426.0,163.0
2021-08-15 14:00:00+00:00,0.0,0.0,0.0,242.0,592.0,229.0,29.0,0.0,442.0,732.0,0.0,32.0,0.0,12.0,0.0,0.0,44.0,0.0,0.0,0.0,289.0,0.0,0.0,0.0,0.0,0.0,0.0,0.0,1381.0,125.0,0.0,170.0,9.0,0.0,27.0,380.0,221.0,148.0,0.0,151.0,489.0,163.0
2021-08-15 15:00:00+00:00,0.0,98.0,0.0,210.0,554.0,187.0,0.0,0.0,478.0,727.0,0.0,0.0,0.0,0.0,0.0,0.0,69.0,0.0,0.0,0.0,275.0,0.0,0.0,0.0,0.0,0.0,0.0,0.0,1381.0,103.0,62.0,147.0,60.0,0.0,54.0,418.0,203.0,180.0,0.0,156.0,474.0,159.0
2021-08-15 16:00:00+00:00,0.0,148.0,0.0,230.0,565.0,408.0,72.0,0.0,414.0,676.0,0.0,0.0,0.0,0.0,0.0,0.0,72.0,0.0,0.0,0.0,494.0,0.0,0.0,0.0,0.0,0.0,0.0,0.0,1386.0,176.0,0.0,169.0,82.0,0.0,69.0,529.0,215.0,152.0,0.0,169.0,492.0,160.0
2021-08-15 17:00:00+00:00,0.0,250.0,0.0,269.0,608.0,407.0,110.0,0.0,364.0,670.0,0.0,0.0,0.0,0.0,0.0,0.0,81.0,0.0,0.0,0.0,514.0,0.0,0.0,0.0,0.0,0.0,0.0,0.0,1384.0,179.0,0.0,146.0,108.0,0.0,85.0,589.0,246.0,110.0,0.0,148.0,531.0,160.0
2021-08-15 18:00:00+00:00,0.0,522.0,2.0,259.0,541.0,474.0,141.0,0.0,315.0,604.0,0.0,0.0,0.0,0.0,0.0,0.0,101.0,0.0,0.0,0.0,193.0,0.0,0.0,0.0,0.0,0.0,0.0,0.0,1382.0,173.0,0.0,44.0,135.0,0.0,122.0,562.0,307.0,104.0,0.0,86.0,545.0,161.0
2021-08-15 19:00:00+00:00,0.0,427.0,8.0,246.0,511.0,501.0,190.0,0.0,301.0,602.0,0.0,0.0,0.0,0.0,0.0,0.0,107.0,0.0,0.0,0.0,358.0,0.0,0.0,0.0,0.0,0.0,0.0,0.0,1384.0,173.0,0.0,12.0,94.0,0.0,95.0,528.0,301.0,65.0,0.0,110.0,527.0,158.0
2021-08-15 20:00:00+00:00,0.0,338.0,54.0,310.0,516.0,507.0,197.0,0.0,125.0,530.0,0.0,0.0,0.0,0.0,0.0,0.0,103.0,0.0,0.0,0.0,487.0,0.0,0.0,0.0,0.0,147.0,0.0,0.0,1392.0,182.0,0.0,0.0,55.0,0.0,73.0,444.0,400.0,19.0,0.0,100.0,492.0,162.0
2021-08-15 21:00:00+00:00,0.0,272.0,34.0,303.0,496.0,520.0,256.0,0.0,109.0,517.0,0.0,0.0,0.0,3.0,0.0,0.0,88.0,0.0,0.0,0.0,487.0,1.0,0.0,0.0,0.0,224.0,0.0,0.0,1385.0,171.0,0.0,0.0,28.0,0.0,49.0,415.0,357.0,22.0,0.0,127.0,458.0,161.0
2021-08-15 22:00:00+00:00,0.0,0.0,56.0,310.0,350.0,548.0,283.0,0.0,0.0,304.0,0.0,181.0,86.0,140.0,0.0,0.0,122.0,0.0,0.0,0.0,597.0,212.0,0.0,0.0,0.0,243.0,0.0,0.0,1398.0,164.0,0.0,0.0,0.0,0.0,0.0,614.0,391.0,23.0,0.0,274.0,564.0,161.0
2021-08-15 23:00:00+00:00,0.0,0.0,59.0,293.0,333.0,592.0,256.0,0.0,0.0,344.0,0.0,284.0,118.0,170.0,0.0,0.0,101.0,0.0,0.0,0.0,601.0,184.0,0.0,0.0,0.0,239.0,0.0,0.0,1397.0,154.0,0.0,0.0,0.0,0.0,0.0,622.0,372.0,11.0,0.0,288.0,581.0,157.0
2021-08-16 00:00:00+00:00,0.0,0.0,43.0,298.0,324.0,551.0,249.0,0.0,0.0,298.0,0.0,297.0,121.0,160.0,0.0,0.0,42.0,0.0,0.0,0.0,601.0,271.0,0.0,0.0,0.0,199.0,0.0,0.0,1392.0,157.0,0.0,0.0,0.0,0.0,0.0,593.0,401.0,13.0,0.0,283.0,563.0,161.0
2021-08-16 01:00:00+00:00,0.0,0.0,33.0,282.0,293.0,466.0,118.0,0.0,0.0,280.0,0.0,295.0,120.0,153.0,0.0,0.0,73.0,0.0,0.0,0.0,601.0,274.0,0.0,0.0,0.0,161.0,0.0,0.0,1395.0,118.0,0.0,0.0,0.0,0.0,0.0,608.0,388.0,25.0,0.0,297.0,565.0,162.0
2021-08-16 02:00:00+00:00,0.0,0.0,22.0,259.0,263.0,397.0,120.0,0.0,0.0,278.0,0.0,315.0,116.0,141.0,0.0,0.0,101.0,0.0,0.0,0.0,595.0,260.0,0.0,0.0,0.0,163.0,0.0,0.0,1395.0,106.0,0.0,0.0,0.0,0.0,0.0,617.0,358.0,32.0,0.0,300.0,555.0,164.0
2021-08-16 03:00:00+00:00,0.0,0.0,18.0,227.0,257.0,391.0,210.0,0.0,0.0,349.0,0.0,238.0,82.0,105.0,0.0,0.0,84.0,0.0,0.0,0.0,595.0,147.0,0.0,0.0,0.0,195.0,0.0,0.0,1391.0,150.0,0.0,0.0,0.0,0.0,0.0,724.0,299.0,42.0,0.0,432.0,500.0,159.0
2021-08-16 04:00:00+00:00,0.0,0.0,2.0,190.0,253.0,151.0,227.0,0.0,7.0,380.0,0.0,183.0,1.0,0.0,0.0,0.0,49.0,0.0,0.0,0.0,425.0,16.0,0.0,0.0,0.0,208.0,0.0,0.0,1389.0,129.0,0.0,0.0,42.0,0.0,0.0,603.0,267.0,102.0,0.0,356.0,414.0,162.0
2021-08-16 05:00:00+00:00,0.0,46.0,0.0,114.0,223.0,184.0,175.0,0.0,121.0,348.0,0.0,0.0,0.0,0.0,0.0,0.0,79.0,0.0,0.0,0.0,197.0,0.0,0.0,0.0,0.0,95.0,0.0,0.0,1379.0,123.0,0.0,0.0,129.0,0.0,41.0,547.0,169.0,167.0,0.0,319.0,354.0,161.0
2021-08-16 06:00:00+00:00,0.0,59.0,1.0,129.0,263.0,109.0,128.0,0.0,179.0,389.0,0.0,0.0,0.0,0.0,0.0,0.0,98.0,0.0,0.0,0.0,144.0,0.0,0.0,0.0,0.0,53.0,0.0,0.0,1355.0,94.0,0.0,0.0,78.0,0.0,17.0,433.0,220.0,167.0,0.0,301.0,311.0,163.0
2021-08-16 07:00:00+00:00,0.0,130.0,1.0,170.0,346.0,223.0,234.0,0.0,230.0,469.0,0.0,0.0,0.0,7.0,0.0,0.0,99.0,0.0,0.0,0.0,247.0,0.0,0.0,0.0,0.0,78.0,0.0,0.0,1353.0,113.0,0.0,0.0,23.0,0.0,19.0,386.0,236.0,130.0,0.0,299.0,336.0,162.0
2021-08-16 08:00:00+00:00,0.0,138.0,2.0,197.0,398.0,117.0,145.0,0.0,259.0,501.0,0.0,0.0,0.0,52.0,0.0,0.0,86.0,0.0,0.0,0.0,255.0,0.0,0.0,0.0,0.0,36.0,0.0,0.0,1354.0,84.0,0.0,0.0,0.0,0.0,2.0,407.0,259.0,135.0,0.0,357.0,376.0,162.0
2021-08-16 09:00:00+00:00,0.0,138.0,0.0,214.0,415.0,112.0,109.0,0.0,245.0,500.0,0.0,0.0,3.0,91.0,0.0,0.0,82.0,0.0,0.0,0.0,205.0,0.0,0.0,0.0,0.0,0.0,0.0,0.0,1353.0,89.0,0.0,8.0,0.0,0.0,0.0,424.0,272.0,136.0,0.0,370.0,403.0,162.0
2021-08-16 10:00:00+00:00,0.0,112.0,3.0,211.0,392.0,104.0,170.0,0.0,202.0,448.0,0.0,0.0,10.0,92.0,0.0,2.0,79.0,0.0,0.0,0.0,0.0,0.0,0.0,0.0,0.0,0.0,0.0,0.0,1353.0,101.0,0.0,57.0,0.0,0.0,0.0,395.0,282.0,95.0,0.0,350.0,390.0,163.0
2021-08-16 11:00:00+00:00,0.0,80.0,5.0,227.0,401.0,43.0,136.0,0.0,162.0,419.0,0.0,0.0,10.0,85.0,0.0,45.0,87.0,0.0,0.0,0.0,0.0,0.0,0.0,0.0,0.0,0.0,0.0,0.0,1124.0,120.0,0.0,65.0,0.0,0.0,0.0,363.0,314.0,78.0,0.0,323.0,394.0,164.0
2021-08-16 12:00:00+00:00,0.0,84.0,11.0,246.0,430.0,45.0,134.0,0.0,158.0,414.0,0.0,0.0,0.0,68.0,0.0,30.0,97.0,0.0,0.0,0.0,0.0,0.0,0.0,0.0,0.0,0.0,0.0,0.0,1301.0,115.0,0.0,101.0,0.0,0.0,6.0,358.0,337.0,48.0,0.0,311.0,414.0,161.0
2021-08-16 13:00:00+00:00,0.0,91.0,5.0,219.0,354.0,83.0,111.0,0.0,74.0,273.0,0.0,0.0,12.0,38.0,0.0,377.0,101.0,0.0,0.0,0.0,0.0,0.0,0.0,0.0,0.0,0.0,0.0,0.0,1350.0,124.0,0.0,156.0,0.0,0.0,0.0,409.0,305.0,79.0,0.0,301.0,374.0,165.0
2021-08-16 14:00:00+00:00,0.0,229.0,22.0,259.0,394.0,62.0,97.0,0.0,15.0,238.0,0.0,0.0,0.0,5.0,0.0,412.0,112.0,0.0,0.0,0.0,0.0,5.0,0.0,0.0,0.0,0.0,0.0,0.0,1374.0,129.0,0.0,151.0,13.0,0.0,24.0,459.0,397.0,35.0,0.0,271.0,391.0,164.0
2021-08-16 15:00:00+00:00,0.0,357.0,76.0,282.0,394.0,54.0,107.0,0.0,0.0,143.0,0.0,0.0,0.0,0.0,0.0,430.0,132.0,0.0,0.0,0.0,0.0,95.0,0.0,0.0,0.0,0.0,0.0,0.0,1376.0,127.0,0.0,116.0,56.0,0.0,58.0,503.0,470.0,6.0,0.0,238.0,419.0,163.0
2021-08-16 16:00:00+00:00,0.0,371.0,99.0,288.0,387.0,50.0,115.0,0.0,0.0,114.0,0.0,0.0,0.0,0.0,0.0,440.0,148.0,0.0,0.0,0.0,0.0,128.0,0.0,0.0,0.0,0.0,0.0,0.0,1379.0,127.0,0.0,66.0,113.0,0.0,86.0,472.0,451.0,2.0,0.0,170.0,409.0,161.0
2021-08-16 17:00:00+00:00,0.0,426.0,83.0,296.0,415.0,63.0,129.0,0.0,0.0,133.0,0.0,0.0,0.0,0.0,0.0,411.0,152.0,0.0,0.0,0.0,0.0,114.0,0.0,0.0,0.0,0.0,0.0,0.0,1380.0,134.0,0.0,92.0,153.0,0.0,105.0,433.0,448.0,6.0,0.0,99.0,371.0,160.0
2021-08-16 18:00:00+00:00,0.0,356.0,96.0,306.0,425.0,136.0,109.0,0.0,0.0,120.0,0.0,0.0,0.0,0.0,0.0,403.0,160.0,0.0,0.0,0.0,0.0,119.0,0.0,0.0,0.0,0.0,0.0,0.0,1382.0,141.0,0.0,163.0,144.0,0.0,98.0,373.0,471.0,3.0,0.0,79.0,323.0,163.0
2021-08-16 19:00:00+00:00,0.0,264.0,121.0,314.0,435.0,313.0,94.0,0.0,0.0,140.0,0.0,0.0,0.0,0.0,0.0,168.0,157.0,0.0,0.0,0.0,0.0,140.0,0.0,0.0,0.0,6.0,0.0,0.0,1388.0,169.0,0.0,0.0,161.0,0.0,110.0,287.0,474.0,2.0,0.0,31.0,326.0,165.0
2021-08-16 20:00:00+00:00,0.0,143.0,175.0,366.0,449.0,289.0,201.0,0.0,0.0,154.0,0.0,0.0,0.0,0.0,0.0,0.0,137.0,0.0,0.0,0.0,1.0,261.0,0.0,0.0,0.0,61.0,0.0,0.0,1395.0,164.0,0.0,0.0,92.0,0.0,60.0,293.0,556.0,2.0,0.0,93.0,342.0,158.0
2021-08-16 21:00:00+00:00,0.0,0.0,186.0,379.0,440.0,269.0,144.0,0.0,0.0,204.0,0.0,153.0,0.0,0.0,0.0,0.0,111.0,0.0,0.0,0.0,163.0,293.0,0.0,0.0,0.0,189.0,0.0,0.0,1372.0,139.0,0.0,0.0,51.0,0.0,23.0,230.0,492.0,0.0,0.0,66.0,356.0,162.0
2021-08-16 22:00:00+00:00,0.0,0.0,184.0,366.0,380.0,416.0,228.0,0.0,0.0,169.0,0.0,159.0,30.0,27.0,0.0,0.0,90.0,0.0,0.0,0.0,340.0,379.0,0.0,0.0,0.0,298.0,0.0,0.0,1400.0,153.0,0.0,0.0,7.0,0.0,0.0,325.0,441.0,2.0,0.0,169.0,375.0,162.0
2021-08-16 23:00:00+00:00,0.0,0.0,87.0,358.0,383.0,422.0,213.0,0.0,0.0,221.0,0.0,99.0,27.0,15.0,0.0,0.0,64.0,0.0,0.0,0.0,401.0,307.0,0.0,0.0,0.0,313.0,0.0,0.0,1395.0,133.0,0.0,0.0,4.0,0.0,0.0,297.0,464.0,5.0,0.0,179.0,361.0,164.0
2021-08-17 00:00:00+00:00,0.0,0.0,110.0,349.0,372.0,437.0,73.0,0.0,0.0,228.0,0.0,146.0,34.0,10.0,0.0,0.0,49.0,0.0,0.0,0.0,437.0,327.0,0.0,0.0,0.0,246.0,0.0,0.0,1396.0,95.0,0.0,0.0,7.0,0.0,0.0,226.0,456.0,2.0,0.0,151.0,322.0,163.0
2021-08-17 01:00:00+00:00,0.0,0.0,128.0,326.0,328.0,430.0,103.0,0.0,0.0,204.0,0.0,190.0,56.0,26.0,0.0,0.0,45.0,0.0,0.0,0.0,436.0,355.0,0.0,0.0,0.0,181.0,0.0,0.0,1396.0,98.0,0.0,0.0,2.0,0.0,0.0,247.0,427.0,2.0,0.0,192.0,306.0,165.0
2021-08-17 02:00:00+00:00,0.0,0.0,116.0,314.0,303.0,392.0,72.0,0.0,0.0,200.0,0.0,202.0,64.0,32.0,0.0,0.0,70.0,0.0,0.0,0.0,444.0,369.0,0.0,0.0,0.0,184.0,0.0,0.0,1391.0,115.0,0.0,0.0,0.0,0.0,0.0,294.0,415.0,0.0,0.0,222.0,304.0,164.0
2021-08-17 03:00:00+00:00,0.0,0.0,35.0,298.0,295.0,185.0,0.0,0.0,0.0,209.0,0.0,219.0,60.0,18.0,0.0,0.0,32.0,0.0,0.0,0.0,411.0,326.0,0.0,0.0,0.0,198.0,0.0,0.0,1395.0,68.0,34.0,0.0,6.0,0.0,0.0,347.0,416.0,26.0,0.0,248.0,287.0,161.0
2021-08-17 04:00:00+00:00,0.0,0.0,16.0,252.0,287.0,63.0,54.0,0.0,0.0,228.0,0.0,12.0,0.0,0.0,0.0,0.0,50.0,0.0,0.0,0.0,424.0,181.0,0.0,0.0,0.0,272.0,0.0,0.0,1130.0,80.0,0.0,0.0,85.0,0.0,12.0,318.0,371.0,47.0,0.0,191.0,278.0,159.0
2021-08-17 05:00:00+00:00,0.0,0.0,23.0,243.0,269.0,99.0,86.0,0.0,0.0,195.0,0.0,16.0,36.0,3.0,0.0,0.0,77.0,0.0,0.0,0.0,265.0,142.0,0.0,0.0,0.0,98.0,0.0,0.0,1125.0,119.0,0.0,0.0,21.0,0.0,0.0,410.0,360.0,30.0,0.0,239.0,255.0,160.0
2021-08-17 06:00:00+00:00,0.0,0.0,58.0,294.0,399.0,91.0,67.0,0.0,0.0,197.0,0.0,153.0,68.0,54.0,0.0,0.0,97.0,0.0,0.0,0.0,182.0,122.0,0.0,0.0,0.0,0.0,0.0,0.0,1072.0,119.0,0.0,248.0,0.0,0.0,0.0,485.0,396.0,14.0,0.0,307.0,293.0,162.0
2021-08-17 07:00:00+00:00,0.0,0.0,86.0,294.0,353.0,91.0,128.0,0.0,0.0,212.0,0.0,199.0,68.0,56.0,0.0,0.0,90.0,0.0,0.0,0.0,147.0,139.0,0.0,0.0,0.0,0.0,0.0,0.0,1069.0,129.0,0.0,109.0,0.0,0.0,0.0,509.0,402.0,10.0,0.0,335.0,312.0,162.0
2021-08-17 08:00:00+00:00,0.0,0.0,36.0,270.0,278.0,104.0,85.0,0.0,0.0,194.0,0.0,193.0,63.0,44.0,0.0,0.0,85.0,0.0,0.0,0.0,1.0,149.0,0.0,0.0,0.0,59.0,0.0,0.0,1069.0,119.0,0.0,0.0,0.0,0.0,0.0,531.0,399.0,20.0,0.0,334.0,321.0,158.0
2021-08-17 09:00:00+00:00,0.0,0.0,120.0,313.0,321.0,130.0,120.0,0.0,0.0,176.0,0.0,137.0,52.0,48.0,0.0,81.0,82.0,0.0,0.0,0.0,0.0,200.0,0.0,0.0,0.0,55.0,0.0,0.0,1068.0,127.0,0.0,0.0,0.0,0.0,0.0,571.0,469.0,2.0,0.0,350.0,351.0,160.0
2021-08-17 10:00:00+00:00,0.0,0.0,153.0,310.0,299.0,95.0,96.0,0.0,0.0,124.0,0.0,54.0,67.0,60.0,0.0,291.0,82.0,0.0,0.0,0.0,0.0,229.0,0.0,0.0,0.0,0.0,0.0,0.0,1069.0,113.0,0.0,6.0,0.0,0.0,0.0,560.0,492.0,0.0,0.0,360.0,317.0,162.0
2021-08-17 11:00:00+00:00,0.0,0.0,134.0,317.0,320.0,101.0,124.0,0.0,0.0,143.0,0.0,124.0,72.0,44.0,0.0,280.0,102.0,0.0,0.0,0.0,0.0,216.0,0.0,0.0,0.0,0.0,0.0,0.0,1068.0,105.0,0.0,16.0,0.0,0.0,0.0,505.0,506.0,2.0,0.0,316.0,314.0,162.0
2021-08-17 12:00:00+00:00,0.0,0.0,107.0,320.0,321.0,59.0,76.0,0.0,0.0,168.0,0.0,218.0,75.0,45.0,0.0,175.0,100.0,0.0,0.0,0.0,0.0,228.0,0.0,0.0,0.0,13.0,0.0,0.0,1069.0,100.0,0.0,0.0,0.0,0.0,0.0,464.0,509.0,3.0,0.0,290.0,298.0,162.0
2021-08-17 13:00:00+00:00,0.0,0.0,135.0,333.0,309.0,30.0,69.0,0.0,0.0,134.0,0.0,228.0,84.0,58.0,0.0,148.0,98.0,0.0,0.0,0.0,0.0,283.0,0.0,0.0,0.0,10.0,0.0,0.0,1068.0,96.0,0.0,0.0,0.0,0.0,0.0,454.0,504.0,1.0,0.0,298.0,299.0,162.0
2021-08-17 14:00:00+00:00,0.0,0.0,166.0,332.0,297.0,68.0,119.0,0.0,0.0,123.0,0.0,206.0,81.0,56.0,0.0,173.0,113.0,0.0,0.0,0.0,0.0,305.0,0.0,0.0,0.0,24.0,0.0,0.0,1094.0,114.0,0.0,0.0,0.0,0.0,0.0,559.0,493.0,1.0,0.0,368.0,326.0,160.0
2021-08-17 15:00:00+00:00,5.0,0.0,166.0,331.0,270.0,66.0,157.0,0.0,0.0,16.0,0.0,189.0,74.0,28.0,0.0,0.0,125.0,0.0,0.0,0.0,51.0,383.0,0.0,0.0,0.0,40.0,0.0,0.0,1096.0,122.0,0.0,0.0,1.0,0.0,0.0,535.0,546.0,0.0,0.0,356.0,304.0,161.0
2021-08-17 16:00:00+00:00,0.0,0.0,138.0,331.0,291.0,143.0,190.0,0.0,0.0,47.0,0.0,11.0,20.0,3.0,0.0,0.0,142.0,0.0,0.0,0.0,114.0,325.0,0.0,0.0,0.0,0.0,0.0,0.0,1096.0,142.0,0.0,78.0,25.0,0.0,0.0,556.0,546.0,2.0,0.0,319.0,332.0,162.0
2021-08-17 17:00:00+00:00,0.0,6.0,150.0,313.0,288.0,116.0,172.0,0.0,0.0,65.0,0.0,0.0,7.0,1.0,0.0,0.0,144.0,0.0,0.0,0.0,59.0,283.0,0.0,0.0,0.0,0.0,0.0,0.0,1096.0,136.0,0.0,135.0,44.0,0.0,0.0,587.0,491.0,1.0,0.0,302.0,323.0,159.0
2021-08-17 18:00:00+00:00,0.0,0.0,137.0,328.0,319.0,358.0,70.0,0.0,0.0,70.0,0.0,24.0,2.0,0.0,0.0,58.0,147.0,0.0,0.0,0.0,0.0,279.0,0.0,0.0,0.0,0.0,0.0,0.0,1353.0,172.0,0.0,186.0,22.0,0.0,0.0,583.0,535.0,2.0,0.0,272.0,327.0,163.0
2021-08-17 19:00:00+00:00,0.0,0.0,170.0,358.0,391.0,422.0,140.0,0.0,0.0,192.0,0.0,37.0,0.0,17.0,0.0,0.0,142.0,0.0,0.0,0.0,385.0,232.0,0.0,0.0,0.0,0.0,0.0,0.0,1374.0,186.0,0.0,86.0,9.0,0.0,11.0,541.0,523.0,2.0,0.0,227.0,386.0,164.0
2021-08-17 20:00:00+00:00,0.0,0.0,162.0,376.0,369.0,480.0,212.0,0.0,0.0,175.0,0.0,59.0,20.0,26.0,0.0,0.0,127.0,0.0,0.0,0.0,235.0,335.0,0.0,0.0,0.0,0.0,0.0,0.0,1373.0,197.0,0.0,20.0,2.0,0.0,0.0,533.0,544.0,0.0,0.0,262.0,407.0,165.0
2021-08-17 21:00:00+00:00,0.0,0.0,126.0,370.0,362.0,457.0,246.0,0.0,0.0,169.0,0.0,101.0,24.0,28.0,0.0,0.0,102.0,0.0,0.0,0.0,132.0,353.0,0.0,0.0,0.0,213.0,0.0,0.0,1387.0,188.0,0.0,0.0,1.0,0.0,0.0,472.0,506.0,2.0,0.0,224.0,446.0,163.0
2021-08-17 22:00:00+00:00,0.0,0.0,111.0,370.0,371.0,458.0,213.0,0.0,0.0,226.0,0.0,369.0,41.0,55.0,0.0,0.0,81.0,0.0,0.0,0.0,477.0,350.0,0.0,0.0,0.0,362.0,0.0,0.0,1394.0,176.0,0.0,0.0,0.0,0.0,0.0,406.0,523.0,3.0,0.0,240.0,482.0,165.0
2021-08-17 23:00:00+00:00,0.0,0.0,103.0,358.0,351.0,545.0,228.0,0.0,0.0,263.0,0.0,442.0,70.0,88.0,0.0,0.0,58.0,0.0,0.0,0.0,522.0,340.0,0.0,0.0,0.0,325.0,0.0,0.0,1315.0,189.0,0.0,0.0,0.0,0.0,0.0,401.0,497.0,2.0,0.0,273.0,486.0,162.0
2021-08-18 00:00:00+00:00,0.0,0.0,106.0,361.0,344.0,507.0,198.0,0.0,0.0,242.0,0.0,464.0,91.0,114.0,0.0,0.0,81.0,0.0,0.0,0.0,562.0,404.0,0.0,0.0,0.0,343.0,0.0,0.0,1007.0,201.0,0.0,0.0,0.0,0.0,0.0,377.0,501.0,2.0,0.0,280.0,483.0,160.0
2021-08-18 01:00:00+00:00,0.0,0.0,100.0,362.0,333.0,484.0,212.0,0.0,0.0,210.0,0.0,480.0,99.0,124.0,0.0,0.0,76.0,0.0,0.0,0.0,560.0,444.0,0.0,0.0,0.0,323.0,0.0,0.0,973.0,203.0,0.0,0.0,0.0,0.0,0.0,432.0,481.0,2.0,0.0,312.0,490.0,162.0
2021-08-18 02:00:00+00:00,0.0,0.0,68.0,336.0,298.0,417.0,162.0,0.0,0.0,176.0,0.0,495.0,84.0,96.0,0.0,0.0,74.0,0.0,0.0,0.0,564.0,439.0,0.0,0.0,0.0,287.0,0.0,0.0,979.0,202.0,0.0,0.0,0.0,0.0,0.0,434.0,439.0,7.0,0.0,308.0,479.0,164.0
2021-08-18 03:00:00+00:00,0.0,0.0,45.0,314.0,265.0,234.0,159.0,0.0,0.0,182.0,0.0,516.0,100.0,118.0,0.0,0.0,42.0,0.0,0.0,0.0,596.0,411.0,0.0,0.0,0.0,279.0,0.0,0.0,852.0,188.0,0.0,0.0,0.0,0.0,0.0,534.0,405.0,17.0,0.0,381.0,470.0,165.0
2021-08-18 04:00:00+00:00,0.0,0.0,18.0,254.0,257.0,14.0,197.0,0.0,0.0,176.0,0.0,149.0,15.0,7.0,0.0,0.0,46.0,0.0,0.0,0.0,406.0,253.0,0.0,0.0,0.0,235.0,0.0,0.0,640.0,156.0,0.0,0.0,16.0,0.0,0.0,461.0,358.0,36.0,0.0,308.0,441.0,162.0
2021-08-18 05:00:00+00:00,0.0,0.0,18.0,211.0,270.0,0.0,110.0,0.0,0.0,183.0,0.0,43.0,0.0,2.0,0.0,0.0,77.0,70.0,0.0,0.0,65.0,159.0,0.0,0.0,0.0,51.0,0.0,0.0,606.0,153.0,0.0,0.0,45.0,0.0,8.0,443.0,354.0,47.0,0.0,265.0,427.0,161.0
2021-08-18 06:00:00+00:00,0.0,0.0,67.0,264.0,391.0,0.0,60.0,0.0,0.0,192.0,0.0,102.0,0.0,24.0,0.0,78.0,94.0,95.0,0.0,0.0,0.0,117.0,0.0,0.0,0.0,0.0,0.0,0.0,583.0,154.0,0.0,201.0,2.0,0.0,6.0,467.0,416.0,11.0,0.0,303.0,429.0,162.0
2021-08-18 07:00:00+00:00,0.0,0.0,82.0,297.0,441.0,0.0,83.0,0.0,0.0,225.0,0.0,164.0,22.0,74.0,0.0,59.0,88.0,71.0,0.0,0.0,0.0,99.0,0.0,0.0,0.0,0.0,0.0,0.0,580.0,153.0,0.0,272.0,0.0,0.0,0.0,444.0,435.0,6.0,0.0,327.0,410.0,164.0
2021-08-18 08:00:00+00:00,0.0,0.0,73.0,325.0,463.0,0.0,51.0,0.0,0.0,219.0,0.0,204.0,52.0,129.0,0.0,0.0,73.0,59.0,0.0,0.0,1.0,100.0,0.0,0.0,0.0,0.0,0.0,0.0,580.0,98.0,0.0,290.0,0.0,0.0,0.0,445.0,479.0,11.0,0.0,373.0,394.0,162.0
2021-08-18 09:00:00+00:00,0.0,0.0,130.0,365.0,478.0,0.0,86.0,0.0,0.0,171.0,0.0,284.0,77.0,178.0,0.0,105.0,91.0,8.0,0.0,0.0,0.0,200.0,0.0,0.0,0.0,0.0,0.0,0.0,581.0,87.0,0.0,337.0,0.0,0.0,0.0,430.0,508.0,2.0,0.0,412.0,363.0,163.0
2021-08-18 10:00:00+00:00,0.0,0.0,199.0,377.0,440.0,0.0,88.0,0.0,0.0,77.0,0.0,261.0,133.0,200.0,0.0,245.0,96.0,14.0,0.0,0.0,0.0,314.0,0.0,0.0,0.0,0.0,0.0,0.0,581.0,91.0,0.0,429.0,0.0,0.0,0.0,454.0,495.0,0.0,0.0,448.0,335.0,161.0
2021-08-18 11:00:00+00:00,0.0,0.0,150.0,377.0,443.0,0.0,47.0,0.0,0.0,67.0,0.0,169.0,119.0,179.0,0.0,291.0,100.0,94.0,0.0,0.0,0.0,307.0,0.0,0.0,0.0,0.0,0.0,0.0,582.0,85.0,0.0,393.0,0.0,0.0,0.0,403.0,518.0,2.0,0.0,396.0,328.0,129.0
2021-08-18 12:00:00+00:00,0.0,0.0,135.0,372.0,416.0,0.0,87.0,0.0,0.0,63.0,0.0,227.0,148.0,220.0,0.0,257.0,104.0,50.0,0.0,0.0,0.0,323.0,0.0,0.0,0.0,0.0,0.0,0.0,605.0,89.0,0.0,401.0,0.0,0.0,0.0,472.0,501.0,0.0,0.0,440.0,334.0,79.0
2021-08-18 13:00:00+00:00,4.0,0.0,151.0,351.0,337.0,0.0,37.0,0.0,0.0,13.0,0.0,251.0,141.0,175.0,0.0,175.0,112.0,120.0,0.0,0.0,0.0,390.0,0.0,0.0,0.0,0.0,0.0,0.0,607.0,103.0,0.0,292.0,0.0,0.0,0.0,446.0,502.0,1.0,0.0,401.0,342.0,80.0
2021-08-18 14:00:00+00:00,6.0,0.0,148.0,325.0,241.0,0.0,53.0,0.0,0.0,8.0,0.0,170.0,119.0,124.0,0.0,176.0,91.0,76.0,0.0,0.0,0.0,411.0,0.0,0.0,0.0,0.0,0.0,0.0,608.0,104.0,0.0,101.0,0.0,0.0,0.0,459.0,521.0,1.0,0.0,356.0,348.0,78.0
2021-08-18 15:00:00+00:00,46.0,0.0,176.0,321.0,237.0,0.0,49.0,0.0,0.0,0.0,0.0,0.0,62.0,29.0,0.0,303.0,113.0,65.0,0.0,0.0,0.0,435.0,0.0,0.0,0.0,0.0,0.0,0.0,608.0,106.0,0.0,83.0,1.0,0.0,0.0,460.0,554.0,0.0,0.0,288.0,353.0,78.0
2021-08-18 16:00:00+00:00,40.0,0.0,150.0,320.0,255.0,0.0,46.0,0.0,0.0,0.0,0.0,3.0,12.0,4.0,0.0,0.0,130.0,71.0,0.0,0.0,1.0,415.0,0.0,0.0,0.0,0.0,0.0,0.0,607.0,109.0,0.0,8.0,33.0,0.0,0.0,496.0,522.0,0.0,0.0,250.0,378.0,79.0
2021-08-18 17:00:00+00:00,1.0,23.0,88.0,296.0,282.0,0.0,40.0,0.0,0.0,35.0,0.0,0.0,0.0,0.0,0.0,0.0,136.0,77.0,0.0,0.0,80.0,305.0,0.0,0.0,0.0,0.0,0.0,0.0,607.0,108.0,0.0,4.0,67.0,0.0,24.0,497.0,477.0,10.0,0.0,221.0,416.0,80.0
2021-08-18 18:00:00+00:00,0.0,46.0,109.0,314.0,323.0,267.0,12.0,0.0,0.0,37.0,0.0,0.0,0.0,0.0,0.0,0.0,135.0,0.0,0.0,0.0,2.0,285.0,0.0,0.0,0.0,0.0,0.0,0.0,1100.0,125.0,0.0,87.0,59.0,0.0,27.0,569.0,489.0,2.0,0.0,225.0,395.0,78.0
2021-08-18 19:00:00+00:00,0.0,55.0,165.0,335.0,381.0,376.0,52.0,0.0,0.0,162.0,0.0,0.0,0.0,0.0,0.0,0.0,129.0,0.0,0.0,0.0,237.0,245.0,0.0,0.0,0.0,99.0,0.0,0.0,1379.0,120.0,0.0,0.0,73.0,0.0,41.0,481.0,486.0,0.0,0.0,231.0,460.0,76.0
2021-08-18 20:00:00+00:00,0.0,0.0,221.0,368.0,390.0,463.0,80.0,0.0,0.0,95.0,0.0,8.0,0.0,0.0,0.0,0.0,118.0,0.0,0.0,0.0,103.0,353.0,0.0,0.0,0.0,96.0,0.0,0.0,1389.0,128.0,0.0,0.0,72.0,0.0,33.0,413.0,573.0,1.0,0.0,224.0,470.0,77.0
2021-08-18 21:00:00+00:00,0.0,0.0,246.0,404.0,433.0,451.0,141.0,0.0,0.0,96.0,0.0,104.0,0.0,1.0,0.0,0.0,96.0,0.0,0.0,0.0,167.0,413.0,0.0,0.0,0.0,184.0,0.0,0.0,1400.0,120.0,0.0,0.0,55.0,0.0,34.0,362.0,578.0,0.0,0.0,198.0,494.0,77.0
2021-08-18 22:00:00+00:00,0.0,0.0,179.0,406.0,497.0,555.0,176.0,0.0,0.0,204.0,0.0,161.0,0.0,11.0,0.0,0.0,69.0,0.0,0.0,0.0,344.0,358.0,0.0,0.0,0.0,113.0,0.0,0.0,1398.0,127.0,0.0,0.0,10.0,0.0,13.0,388.0,601.0,1.0,0.0,252.0,547.0,74.0
2021-08-18 23:00:00+00:00,0.0,0.0,222.0,426.0,558.0,535.0,196.0,0.0,0.0,297.0,0.0,92.0,0.0,3.0,0.0,0.0,52.0,0.0,0.0,0.0,400.0,292.0,0.0,0.0,0.0,152.0,0.0,0.0,1393.0,117.0,0.0,0.0,17.0,0.0,31.0,301.0,611.0,0.0,0.0,183.0,545.0,75.0
2021-08-19 00:00:00+00:00,0.0,111.0,273.0,433.0,598.0,560.0,176.0,0.0,0.0,316.0,0.0,0.0,0.0,0.0,0.0,0.0,39.0,0.0,0.0,0.0,407.0,295.0,0.0,0.0,0.0,237.0,0.0,0.0,1412.0,115.0,0.0,0.0,74.0,0.0,79.0,188.0,639.0,0.0,0.0,91.0,524.0,75.0
2021-08-19 01:00:00+00:00,0.0,99.0,238.0,428.0,591.0,551.0,178.0,0.0,0.0,320.0,0.0,0.0,0.0,0.0,0.0,0.0,24.0,0.0,0.0,0.0,480.0,294.0,0.0,0.0,0.0,254.0,0.0,0.0,1409.0,116.0,0.0,0.0,81.0,0.0,82.0,191.0,607.0,0.0,0.0,93.0,512.0,74.0
2021-08-19 02:00:00+00:00,0.0,0.0,174.0,389.0,502.0,498.0,160.0,0.0,0.0,284.0,0.0,66.0,0.0,0.0,0.0,0.0,38.0,0.0,0.0,0.0,521.0,312.0,0.0,0.0,0.0,241.0,0.0,0.0,1397.0,133.0,0.0,0.0,57.0,0.0,48.0,242.0,542.0,0.0,0.0,143.0,508.0,74.0
2021-08-19 03:00:00+00:00,0.0,0.0,140.0,374.0,459.0,355.0,105.0,0.0,0.0,288.0,0.0,127.0,0.0,16.0,0.0,0.0,44.0,0.0,0.0,0.0,523.0,316.0,0.0,0.0,0.0,199.0,0.0,0.0,1391.0,113.0,0.0,0.0,6.0,0.0,13.0,405.0,524.0,2.0,0.0,250.0,549.0,74.0
2021-08-19 04:00:00+00:00,0.0,262.0,109.0,323.0,454.0,123.0,117.0,0.0,0.0,372.0,0.0,0.0,0.0,0.0,0.0,0.0,62.0,0.0,0.0,0.0,497.0,123.0,0.0,0.0,0.0,368.0,0.0,,1050.0,87.0,0.0,0.0,103.0,0.0,122.0,269.0,497.0,2.0,0.0,,551.0,74.0
2021-08-19 05:00:00+00:00,0.0,294.0,67.0,278.0,453.0,25.0,6.0,0.0,29.0,408.0,0.0,0.0,0.0,0.0,0.0,0.0,89.0,0.0,0.0,0.0,460.0,4.0,0.0,0.0,0.0,299.0,0.0,,1035.0,80.0,0.0,0.0,157.0,0.0,150.0,209.0,457.0,6.0,0.0,,524.0,75.0
2021-08-19 06:00:00+00:00,0.0,267.0,81.0,320.0,597.0,21.0,0.0,0.0,91.0,430.0,0.0,0.0,0.0,0.0,0.0,0.0,104.0,0.0,0.0,0.0,349.0,0.0,0.0,0.0,0.0,0.0,0.0,,974.0,78.0,18.0,11.0,96.0,0.0,131.0,138.0,474.0,6.0,0.0,,521.0,75.0
2021-08-19 07:00:00+00:00,0.0,395.0,153.0,354.0,652.0,60.0,38.0,0.0,98.0,456.0,0.0,0.0,0.0,0.0,0.0,0.0,99.0,0.0,0.0,0.0,283.0,0.0,0.0,0.0,0.0,0.0,0.0,0.0,969.0,75.0,0.0,22.0,65.0,0.0,122.0,111.0,498.0,3.0,0.0,96.0,513.0,73.0
2021-08-19 08:00:00+00:00,0.0,406.0,185.0,393.0,692.0,46.0,59.0,0.0,39.0,429.0,0.0,0.0,0.0,1.0,0.0,0.0,87.0,0.0,0.0,0.0,278.0,0.0,0.0,0.0,0.0,0.0,0.0,0.0,968.0,80.0,0.0,62.0,25.0,0.0,101.0,104.0,564.0,1.0,0.0,113.0,512.0,71.0
2021-08-19 09:00:00+00:00,0.0,340.0,255.0,426.0,705.0,77.0,80.0,0.0,1.0,380.0,0.0,0.0,0.0,15.0,0.0,0.0,78.0,0.0,0.0,0.0,241.0,41.0,0.0,0.0,0.0,0.0,0.0,0.0,968.0,86.0,0.0,106.0,5.0,0.0,75.0,75.0,609.0,0.0,0.0,56.0,530.0,70.0
2021-08-19 10:00:00+00:00,0.0,326.0,234.0,406.0,667.0,56.0,63.0,0.0,0.0,345.0,0.0,0.0,0.0,47.0,0.0,0.0,81.0,0.0,0.0,0.0,135.0,78.0,0.0,0.0,0.0,0.0,0.0,0.0,969.0,87.0,0.0,169.0,0.0,0.0,37.0,44.0,574.0,0.0,0.0,0.0,544.0,69.0
2021-08-19 11:00:00+00:00,0.0,309.0,188.0,409.0,656.0,76.0,97.0,0.0,0.0,291.0,0.0,0.0,0.0,21.0,0.0,0.0,74.0,0.0,0.0,0.0,99.0,133.0,0.0,0.0,0.0,0.0,0.0,0.0,970.0,80.0,0.0,142.0,2.0,0.0,37.0,64.0,551.0,1.0,0.0,0.0,535.0,70.0
2021-08-19 12:00:00+00:00,0.0,258.0,174.0,412.0,635.0,92.0,106.0,0.0,0.0,272.0,0.0,0.0,0.0,36.0,0.0,0.0,65.0,0.0,0.0,0.0,104.0,158.0,0.0,0.0,0.0,0.0,0.0,0.0,995.0,86.0,0.0,119.0,1.0,0.0,27.0,93.0,560.0,0.0,0.0,0.0,560.0,70.0
2021-08-19 13:00:00+00:00,0.0,233.0,176.0,402.0,605.0,60.0,126.0,0.0,0.0,233.0,0.0,0.0,0.0,35.0,0.0,0.0,66.0,0.0,0.0,0.0,95.0,169.0,0.0,0.0,0.0,0.0,0.0,0.0,995.0,84.0,0.0,135.0,0.0,0.0,8.0,141.0,534.0,0.0,0.0,0.0,584.0,70.0
2021-08-19 14:00:00+00:00,0.0,224.0,112.0,370.0,593.0,92.0,116.0,0.0,0.0,275.0,0.0,0.0,0.0,1.0,0.0,0.0,83.0,0.0,0.0,0.0,192.0,81.0,0.0,0.0,0.0,0.0,0.0,0.0,996.0,87.0,0.0,129.0,21.0,0.0,39.0,163.0,508.0,2.0,0.0,27.0,561.0,70.0
2021-08-19 15:00:00+00:00,0.0,283.0,149.0,355.0,501.0,95.0,106.0,0.0,0.0,241.0,0.0,0.0,0.0,0.0,0.0,0.0,89.0,0.0,0.0,0.0,270.0,133.0,0.0,0.0,0.0,46.0,0.0,0.0,997.0,85.0,0.0,0.0,50.0,0.0,52.0,282.0,529.0,2.0,0.0,156.0,499.0,70.0
2021-08-19 16:00:00+00:00,0.0,312.0,114.0,322.0,445.0,58.0,87.0,0.0,0.0,210.0,0.0,0.0,0.0,0.0,0.0,0.0,99.0,0.0,0.0,0.0,350.0,128.0,0.0,0.0,0.0,47.0,0.0,0.0,997.0,84.0,0.0,0.0,88.0,0.0,60.0,316.0,481.0,4.0,0.0,158.0,501.0,71.0
2021-08-19 17:00:00+00:00,0.0,265.0,67.0,294.0,410.0,125.0,114.0,0.0,0.0,201.0,0.0,0.0,0.0,0.0,0.0,0.0,106.0,0.0,0.0,0.0,339.0,101.0,0.0,0.0,0.0,0.0,0.0,0.0,1036.0,78.0,0.0,40.0,92.0,0.0,44.0,390.0,431.0,10.0,0.0,198.0,485.0,71.0
2021-08-19 18:00:00+00:00,0.0,236.0,54.0,302.0,437.0,394.0,34.0,0.0,0.0,236.0,0.0,0.0,0.0,0.0,0.0,0.0,111.0,0.0,0.0,0.0,298.0,67.0,0.0,0.0,0.0,0.0,0.0,0.0,1345.0,110.0,0.0,119.0,63.0,0.0,34.0,430.0,439.0,14.0,0.0,217.0,476.0,72.0
2021-08-19 19:00:00+00:00,0.0,355.0,71.0,300.0,472.0,383.0,55.0,0.0,8.0,329.0,0.0,0.0,0.0,0.0,0.0,0.0,107.0,0.0,0.0,0.0,422.0,16.0,0.0,0.0,0.0,102.0,0.0,0.0,1386.0,99.0,0.0,0.0,115.0,0.0,83.0,405.0,430.0,10.0,0.0,206.0,517.0,72.0
2021-08-19 20:00:00+00:00,0.0,156.0,83.0,324.0,425.0,438.0,83.0,0.0,0.0,219.0,0.0,0.0,0.0,0.0,0.0,0.0,94.0,0.0,0.0,0.0,414.0,171.0,0.0,0.0,0.0,133.0,0.0,0.0,1400.0,108.0,0.0,0.0,57.0,0.0,30.0,399.0,488.0,10.0,0.0,249.0,520.0,71.0
2021-08-19 21:00:00+00:00,0.0,21.0,98.0,346.0,415.0,441.0,152.0,0.0,0.0,177.0,0.0,0.0,4.0,18.0,0.0,0.0,68.0,0.0,0.0,0.0,303.0,247.0,0.0,0.0,0.0,104.0,0.0,0.0,1386.0,101.0,0.0,0.0,4.0,0.0,0.0,395.0,433.0,6.0,0.0,247.0,546.0,72.0
2021-08-19 22:00:00+00:00,0.0,0.0,120.0,367.0,475.0,398.0,172.0,0.0,0.0,272.0,0.0,23.0,0.0,15.0,0.0,0.0,48.0,0.0,0.0,0.0,556.0,209.0,0.0,0.0,0.0,154.0,0.0,0.0,1400.0,93.0,0.0,0.0,7.0,0.0,3.0,443.0,490.0,10.0,0.0,219.0,466.0,69.0
2021-08-19 23:00:00+00:00,0.0,0.0,135.0,371.0,476.0,363.0,251.0,0.0,0.0,271.0,0.0,10.0,0.0,2.0,0.0,0.0,73.0,0.0,0.0,0.0,582.0,235.0,0.0,0.0,0.0,215.0,0.0,0.0,1408.0,79.0,0.0,0.0,25.0,0.0,23.0,368.0,481.0,2.0,0.0,180.0,446.0,72.0
2021-08-20 00:00:00+00:00,0.0,53.0,149.0,388.0,512.0,391.0,227.0,0.0,0.0,280.0,0.0,0.0,0.0,1.0,0.0,0.0,103.0,0.0,0.0,0.0,602.0,263.0,0.0,0.0,0.0,226.0,0.0,0.0,1421.0,94.0,0.0,0.0,40.0,0.0,38.0,337.0,536.0,2.0,0.0,147.0,446.0,71.0
2021-08-20 01:00:00+00:00,0.0,118.0,158.0,378.0,510.0,411.0,223.0,0.0,0.0,292.0,0.0,0.0,0.0,0.0,0.0,0.0,98.0,0.0,0.0,0.0,602.0,248.0,0.0,0.0,0.0,235.0,0.0,0.0,1412.0,99.0,0.0,0.0,59.0,0.0,49.0,285.0,528.0,0.0,0.0,126.0,427.0,72.0
2021-08-20 02:00:00+00:00,0.0,109.0,122.0,353.0,498.0,359.0,215.0,0.0,0.0,307.0,0.0,0.0,0.0,0.0,0.0,0.0,94.0,0.0,0.0,0.0,602.0,183.0,0.0,0.0,0.0,221.0,0.0,0.0,1389.0,98.0,0.0,0.0,77.0,0.0,56.0,283.0,497.0,2.0,0.0,116.0,401.0,70.0
2021-08-20 03:00:00+00:00,0.0,46.0,76.0,313.0,444.0,285.0,158.0,0.0,0.0,331.0,0.0,0.0,0.0,0.0,0.0,0.0,100.0,0.0,0.0,0.0,603.0,154.0,0.0,0.0,0.0,227.0,0.0,0.0,1388.0,102.0,0.0,0.0,50.0,0.0,50.0,331.0,459.0,7.0,0.0,141.0,378.0,70.0
2021-08-20 04:00:00+00:00,0.0,147.0,42.0,270.0,453.0,217.0,154.0,0.0,28.0,415.0,0.0,0.0,0.0,0.0,0.0,0.0,116.0,0.0,0.0,0.0,602.0,4.0,0.0,0.0,0.0,266.0,0.0,0.0,1388.0,94.0,0.0,0.0,130.0,0.0,112.0,211.0,427.0,17.0,0.0,56.0,332.0,72.0
2021-08-20 05:00:00+00:00,0.0,7.0,18.0,209.0,383.0,143.0,103.0,0.0,150.0,431.0,0.0,0.0,0.0,0.0,0.0,0.0,114.0,0.0,0.0,0.0,583.0,0.0,0.0,0.0,0.0,72.0,0.0,0.0,1379.0,92.0,0.0,0.0,101.0,0.0,58.0,141.0,338.0,60.0,0.0,66.0,245.0,71.0
2021-08-20 06:00:00+00:00,0.0,37.0,14.0,254.0,530.0,173.0,106.0,0.0,275.0,484.0,0.0,0.0,0.0,0.0,0.0,0.0,108.0,0.0,0.0,0.0,585.0,0.0,0.0,0.0,0.0,0.0,0.0,0.0,1354.0,85.0,0.0,153.0,74.0,0.0,61.0,91.0,355.0,46.0,0.0,38.0,237.0,72.0
2021-08-20 07:00:00+00:00,0.0,71.0,49.0,314.0,601.0,183.0,126.0,0.0,244.0,507.0,0.0,0.0,0.0,4.0,0.0,0.0,104.0,0.0,0.0,0.0,517.0,0.0,0.0,0.0,0.0,0.0,0.0,0.0,1353.0,79.0,0.0,137.0,23.0,0.0,37.0,67.0,422.0,34.0,0.0,65.0,240.0,70.0
2021-08-20 08:00:00+00:00,0.0,81.0,71.0,348.0,625.0,192.0,146.0,0.0,160.0,486.0,0.0,0.0,0.0,52.0,0.0,0.0,131.0,0.0,0.0,0.0,525.0,0.0,0.0,0.0,0.0,0.0,0.0,0.0,1353.0,84.0,0.0,148.0,1.0,0.0,7.0,106.0,448.0,12.0,0.0,126.0,255.0,71.0
2021-08-20 09:00:00+00:00,0.0,108.0,118.0,370.0,637.0,181.0,136.0,0.0,69.0,464.0,0.0,0.0,10.0,104.0,0.0,0.0,124.0,0.0,0.0,0.0,525.0,0.0,0.0,0.0,0.0,0.0,0.0,0.0,1354.0,95.0,0.0,107.0,0.0,0.0,0.0,129.0,493.0,2.0,0.0,154.0,286.0,72.0
2021-08-20 10:00:00+00:00,0.0,46.0,131.0,367.0,619.0,156.0,153.0,0.0,62.0,449.0,0.0,0.0,37.0,143.0,0.0,0.0,123.0,0.0,0.0,0.0,530.0,0.0,0.0,0.0,0.0,0.0,0.0,0.0,1355.0,88.0,0.0,162.0,0.0,0.0,0.0,179.0,484.0,0.0,0.0,168.0,299.0,73.0
2021-08-20 11:00:00+00:00,0.0,47.0,71.0,347.0,595.0,177.0,138.0,0.0,72.0,446.0,0.0,0.0,25.0,114.0,0.0,0.0,129.0,0.0,0.0,0.0,560.0,0.0,0.0,0.0,0.0,0.0,0.0,0.0,1355.0,74.0,0.0,148.0,0.0,0.0,0.0,171.0,470.0,8.0,0.0,156.0,303.0,74.0
2021-08-20 12:00:00+00:00,0.0,3.0,74.0,334.0,579.0,206.0,176.0,0.0,79.0,446.0,0.0,0.0,34.0,104.0,0.0,0.0,135.0,0.0,0.0,0.0,533.0,0.0,0.0,0.0,0.0,0.0,0.0,0.0,1375.0,66.0,0.0,177.0,0.0,0.0,0.0,183.0,438.0,6.0,0.0,144.0,289.0,73.0
2021-08-20 13:00:00+00:00,0.0,0.0,76.0,340.0,567.0,161.0,142.0,0.0,24.0,414.0,0.0,55.0,50.0,109.0,0.0,0.0,144.0,0.0,0.0,0.0,563.0,3.0,0.0,0.0,0.0,0.0,0.0,0.0,1381.0,74.0,0.0,199.0,0.0,0.0,0.0,232.0,449.0,6.0,0.0,197.0,290.0,72.0
2021-08-20 14:00:00+00:00,0.0,0.0,51.0,306.0,508.0,132.0,92.0,0.0,7.0,320.0,0.0,31.0,34.0,75.0,0.0,0.0,162.0,0.0,0.0,0.0,601.0,12.0,0.0,0.0,0.0,0.0,0.0,0.0,1381.0,78.0,0.0,225.0,0.0,0.0,0.0,368.0,422.0,10.0,0.0,247.0,333.0,71.0
2021-08-20 15:00:00+00:00,0.0,51.0,57.0,274.0,423.0,120.0,78.0,0.0,6.0,317.0,0.0,0.0,4.0,16.0,0.0,0.0,103.0,0.0,0.0,0.0,577.0,17.0,0.0,0.0,0.0,0.0,0.0,0.0,1381.0,69.0,0.0,119.0,6.0,0.0,0.0,389.0,393.0,16.0,0.0,220.0,344.0,73.0
2021-08-20 16:00:00+00:00,0.0,144.0,64.0,250.0,384.0,127.0,61.0,0.0,10.0,271.0,0.0,0.0,0.0,2.0,0.0,0.0,96.0,0.0,0.0,0.0,530.0,18.0,0.0,0.0,0.0,0.0,0.0,0.0,1381.0,68.0,0.0,129.0,65.0,0.0,28.0,356.0,405.0,14.0,0.0,141.0,323.0,74.0
2021-08-20 17:00:00+00:00,0.0,128.0,56.0,258.0,414.0,145.0,73.0,0.0,33.0,297.0,0.0,0.0,0.0,0.0,0.0,0.0,106.0,0.0,0.0,0.0,572.0,3.0,0.0,0.0,0.0,0.0,0.0,0.0,1382.0,61.0,0.0,187.0,95.0,0.0,38.0,426.0,429.0,10.0,0.0,149.0,312.0,73.0
2021-08-20 18:00:00+00:00,0.0,163.0,53.0,269.0,437.0,249.0,14.0,0.0,35.0,284.0,0.0,0.0,0.0,0.0,0.0,0.0,95.0,0.0,0.0,0.0,510.0,1.0,0.0,0.0,0.0,0.0,0.0,0.0,1382.0,78.0,0.0,270.0,76.0,0.0,43.0,458.0,420.0,13.0,0.0,147.0,336.0,71.0
2021-08-20 19:00:00+00:00,0.0,178.0,70.0,275.0,467.0,264.0,39.0,0.0,59.0,357.0,0.0,0.0,0.0,0.0,0.0,0.0,83.0,0.0,0.0,0.0,550.0,4.0,0.0,0.0,0.0,0.0,0.0,0.0,1387.0,75.0,0.0,135.0,92.0,0.0,54.0,384.0,400.0,14.0,0.0,130.0,362.0,74.0
2021-08-20 20:00:00+00:00,0.0,78.0,56.0,308.0,424.0,318.0,79.0,0.0,0.0,231.0,0.0,0.0,12.0,4.0,0.0,0.0,70.0,0.0,0.0,0.0,502.0,139.0,0.0,0.0,0.0,0.0,0.0,0.0,1394.0,69.0,0.0,67.0,19.0,0.0,0.0,532.0,433.0,13.0,0.0,282.0,423.0,73.0
2021-08-20 21:00:00+00:00,0.0,0.0,73.0,294.0,383.0,254.0,83.0,0.0,0.0,267.0,0.0,93.0,36.0,31.0,0.0,0.0,65.0,0.0,0.0,0.0,590.0,142.0,0.0,0.0,0.0,91.0,0.0,0.0,1390.0,69.0,0.0,0.0,2.0,0.0,0.0,519.0,382.0,18.0,0.0,295.0,443.0,73.0
2021-08-20 22:00:00+00:00,0.0,0.0,76.0,310.0,364.0,183.0,0.0,0.0,0.0,219.0,0.0,158.0,53.0,57.0,0.0,0.0,99.0,0.0,0.0,0.0,558.0,258.0,0.0,0.0,0.0,151.0,0.0,0.0,1402.0,95.0,34.0,0.0,0.0,0.0,0.0,485.0,477.0,13.0,0.0,291.0,427.0,71.0
2021-08-20 23:00:00+00:00,0.0,0.0,170.0,308.0,352.0,190.0,0.0,0.0,0.0,208.0,0.0,91.0,35.0,19.0,0.0,0.0,107.0,0.0,0.0,0.0,601.0,296.0,0.0,0.0,0.0,170.0,0.0,0.0,1413.0,104.0,40.0,0.0,8.0,0.0,0.0,403.0,488.0,3.0,0.0,240.0,424.0,70.0
2021-08-21 00:00:00+00:00,0.0,0.0,140.0,312.0,374.0,156.0,0.0,0.0,0.0,249.0,0.0,2.0,8.0,5.0,0.0,0.0,92.0,0.0,0.0,0.0,602.0,300.0,0.0,0.0,0.0,199.0,0.0,0.0,1416.0,104.0,25.0,0.0,13.0,0.0,0.0,350.0,492.0,2.0,0.0,175.0,426.0,70.0
2021-08-21 01:00:00+00:00,0.0,106.0,127.0,324.0,399.0,175.0,0.0,0.0,0.0,273.0,0.0,0.0,0.0,4.0,0.0,0.0,83.0,0.0,0.0,0.0,602.0,288.0,0.0,0.0,0.0,219.0,0.0,0.0,1413.0,108.0,25.0,0.0,15.0,0.0,4.0,337.0,513.0,1.0,0.0,158.0,437.0,73.0
2021-08-21 02:00:00+00:00,0.0,128.0,94.0,321.0,407.0,142.0,0.0,0.0,0.0,282.0,0.0,0.0,0.0,0.0,0.0,0.0,74.0,0.0,0.0,0.0,602.0,285.0,0.0,0.0,0.0,211.0,0.0,0.0,1413.0,104.0,19.0,0.0,35.0,0.0,20.0,268.0,528.0,10.0,0.0,97.0,413.0,74.0
2021-08-21 03:00:00+00:00,0.0,37.0,99.0,299.0,367.0,30.0,33.0,0.0,0.0,262.0,0.0,0.0,0.0,0.0,0.0,0.0,72.0,0.0,0.0,0.0,603.0,302.0,0.0,0.0,0.0,183.0,0.0,0.0,1394.0,88.0,0.0,0.0,36.0,0.0,9.0,358.0,474.0,4.0,0.0,155.0,420.0,73.0
2021-08-21 04:00:00+00:00,0.0,53.0,46.0,237.0,341.0,0.0,0.0,0.0,0.0,357.0,0.0,0.0,0.0,0.0,0.0,0.0,74.0,52.0,0.0,0.0,603.0,131.0,0.0,0.0,0.0,155.0,0.0,0.0,1383.0,90.0,37.0,0.0,83.0,0.0,35.0,368.0,394.0,11.0,0.0,177.0,390.0,72.0
2021-08-21 05:00:00+00:00,0.0,0.0,30.0,224.0,365.0,0.0,0.0,0.0,12.0,454.0,0.0,87.0,0.0,1.0,0.0,0.0,83.0,67.0,0.0,0.0,603.0,12.0,0.0,0.0,0.0,94.0,0.0,0.0,1375.0,93.0,70.0,0.0,69.0,0.0,20.0,348.0,355.0,22.0,0.0,192.0,357.0,71.0
2021-08-21 06:00:00+00:00,0.0,0.0,16.0,234.0,381.0,0.0,0.0,0.0,55.0,485.0,0.0,204.0,26.0,18.0,0.0,0.0,79.0,35.0,0.0,0.0,598.0,0.0,0.0,0.0,0.0,0.0,0.0,0.0,1380.0,111.0,61.0,41.0,9.0,0.0,0.0,325.0,363.0,32.0,0.0,235.0,305.0,71.0
2021-08-21 07:00:00+00:00,0.0,0.0,18.0,248.0,389.0,0.0,0.0,0.0,66.0,481.0,0.0,208.0,74.0,80.0,0.0,0.0,68.0,8.0,0.0,0.0,450.0,0.0,0.0,0.0,0.0,0.0,0.0,0.0,1382.0,105.0,16.0,69.0,0.0,0.0,0.0,293.0,343.0,36.0,0.0,269.0,257.0,70.0
2021-08-21 08:00:00+00:00,0.0,0.0,42.0,274.0,399.0,0.0,2.0,0.0,22.0,424.0,0.0,227.0,95.0,124.0,0.0,0.0,65.0,8.0,0.0,0.0,385.0,4.0,0.0,0.0,0.0,0.0,0.0,0.0,1384.0,102.0,0.0,59.0,0.0,0.0,0.0,212.0,365.0,15.0,0.0,249.0,232.0,71.0
2021-08-21 09:00:00+00:00,0.0,0.0,61.0,294.0,415.0,16.0,0.0,0.0,6.0,410.0,0.0,242.0,133.0,186.0,0.0,0.0,57.0,0.0,0.0,0.0,334.0,15.0,0.0,0.0,0.0,0.0,0.0,,1380.0,105.0,11.0,146.0,0.0,0.0,0.0,225.0,399.0,13.0,0.0,,214.0,71.0
2021-08-21 10:00:00+00:00,0.0,0.0,46.0,292.0,402.0,0.0,45.0,0.0,1.0,390.0,0.0,251.0,151.0,203.0,0.0,0.0,60.0,30.0,0.0,0.0,312.0,33.0,0.0,0.0,0.0,0.0,0.0,,1379.0,96.0,0.0,186.0,0.0,0.0,0.0,265.0,392.0,11.0,0.0,,222.0,70.0
2021-08-21 11:00:00+00:00,0.0,0.0,54.0,306.0,400.0,0.0,36.0,0.0,0.0,367.0,0.0,294.0,157.0,194.0,0.0,0.0,59.0,25.0,0.0,0.0,313.0,82.0,0.0,0.0,0.0,0.0,0.0,,1379.0,99.0,0.0,165.0,0.0,0.0,0.0,288.0,408.0,7.0,0.0,,238.0,71.0
2021-08-21 12:00:00+00:00,0.0,0.0,46.0,292.0,390.0,0.0,30.0,0.0,0.0,362.0,0.0,240.0,100.0,169.0,0.0,0.0,61.0,14.0,0.0,0.0,270.0,72.0,0.0,0.0,0.0,0.0,0.0,0.0,1380.0,105.0,0.0,73.0,0.0,0.0,0.0,330.0,406.0,13.0,0.0,289.0,262.0,71.0
2021-08-21 13:00:00+00:00,0.0,0.0,28.0,269.0,367.0,0.0,24.0,0.0,0.0,334.0,0.0,271.0,93.0,138.0,0.0,0.0,73.0,8.0,0.0,0.0,332.0,62.0,0.0,0.0,0.0,0.0,0.0,0.0,1379.0,105.0,0.0,86.0,0.0,0.0,0.0,372.0,377.0,22.0,0.0,310.0,270.0,72.0
2021-08-21 14:00:00+00:00,0.0,0.0,4.0,204.0,331.0,0.0,38.0,0.0,70.0,379.0,0.0,202.0,63.0,64.0,0.0,0.0,97.0,22.0,0.0,0.0,278.0,0.0,0.0,0.0,0.0,0.0,0.0,0.0,1379.0,96.0,0.0,104.0,0.0,0.0,0.0,426.0,309.0,70.0,0.0,308.0,287.0,71.0
2021-08-21 15:00:00+00:00,0.0,0.0,16.0,191.0,339.0,0.0,0.0,0.0,104.0,371.0,0.0,49.0,12.0,2.0,0.0,0.0,95.0,0.0,0.0,0.0,446.0,0.0,0.0,0.0,0.0,0.0,0.0,0.0,1380.0,100.0,17.0,103.0,37.0,0.0,0.0,425.0,303.0,54.0,0.0,250.0,313.0,72.0
2021-08-21 16:00:00+00:00,0.0,164.0,7.0,190.0,367.0,80.0,0.0,0.0,147.0,393.0,0.0,0.0,0.0,0.0,0.0,0.0,68.0,0.0,0.0,0.0,418.0,0.0,0.0,0.0,0.0,0.0,0.0,0.0,1380.0,122.0,73.0,138.0,118.0,0.0,33.0,473.0,296.0,74.0,0.0,221.0,339.0,70.0
2021-08-21 17:00:00+00:00,0.0,100.0,2.0,191.0,392.0,112.0,0.0,0.0,191.0,394.0,0.0,0.0,0.0,0.0,0.0,0.0,69.0,0.0,0.0,0.0,512.0,0.0,0.0,0.0,0.0,0.0,0.0,0.0,1380.0,119.0,71.0,206.0,164.0,0.0,28.0,482.0,296.0,124.0,0.0,196.0,323.0,71.0
2021-08-21 18:00:00+00:00,0.0,109.0,0.0,182.0,386.0,129.0,0.0,0.0,194.0,377.0,0.0,0.0,0.0,0.0,0.0,0.0,64.0,0.0,0.0,0.0,353.0,0.0,0.0,0.0,0.0,0.0,0.0,0.0,1381.0,106.0,38.0,250.0,181.0,0.0,29.0,479.0,296.0,138.0,0.0,183.0,323.0,71.0
2021-08-21 19:00:00+00:00,0.0,125.0,0.0,134.0,309.0,190.0,0.0,0.0,231.0,407.0,0.0,0.0,0.0,0.0,0.0,0.0,54.0,0.0,0.0,0.0,513.0,0.0,0.0,0.0,0.0,0.0,0.0,0.0,1384.0,111.0,52.0,85.0,161.0,0.0,43.0,541.0,214.0,171.0,0.0,277.0,361.0,70.0
2021-08-21 20:00:00+00:00,0.0,0.0,2.0,186.0,302.0,243.0,0.0,0.0,62.0,354.0,0.0,11.0,3.0,2.0,0.0,0.0,46.0,0.0,0.0,0.0,594.0,0.0,0.0,0.0,0.0,19.0,0.0,0.0,1394.0,105.0,7.0,0.0,28.0,0.0,0.0,569.0,281.0,115.0,0.0,326.0,404.0,71.0
2021-08-21 21:00:00+00:00,0.0,0.0,18.0,234.0,375.0,167.0,0.0,0.0,8.0,380.0,0.0,36.0,0.0,17.0,0.0,0.0,40.0,0.0,0.0,0.0,599.0,30.0,0.0,0.0,0.0,120.0,0.0,0.0,1394.0,99.0,6.0,0.0,6.0,0.0,25.0,507.0,310.0,46.0,0.0,249.0,457.0,73.0
2021-08-21 22:00:00+00:00,0.0,0.0,95.0,278.0,297.0,170.0,14.0,0.0,0.0,215.0,0.0,142.0,44.0,93.0,0.0,0.0,117.0,0.0,0.0,0.0,487.0,227.0,0.0,0.0,0.0,98.0,0.0,0.0,1399.0,96.0,0.0,0.0,0.0,0.0,0.0,481.0,345.0,11.0,0.0,273.0,438.0,73.0
2021-08-21 23:00:00+00:00,0.0,0.0,88.0,302.0,335.0,223.0,36.0,0.0,0.0,223.0,0.0,97.0,9.0,84.0,0.0,0.0,99.0,0.0,0.0,0.0,514.0,274.0,0.0,0.0,0.0,157.0,0.0,0.0,1396.0,99.0,0.0,0.0,0.0,0.0,0.0,441.0,431.0,4.0,0.0,242.0,449.0,73.0
2021-08-22 00:00:00+00:00,0.0,0.0,74.0,312.0,342.0,277.0,40.0,0.0,0.0,207.0,0.0,260.0,63.0,171.0,0.0,0.0,90.0,0.0,0.0,0.0,567.0,329.0,0.0,0.0,0.0,182.0,0.0,0.0,1390.0,96.0,0.0,0.0,0.0,0.0,0.0,489.0,452.0,10.0,0.0,275.0,474.0,72.0
2021-08-22 01:00:00+00:00,0.0,0.0,69.0,299.0,341.0,315.0,21.0,0.0,0.0,229.0,0.0,140.0,41.0,128.0,0.0,0.0,80.0,0.0,0.0,0.0,568.0,335.0,0.0,0.0,0.0,185.0,0.0,0.0,1388.0,101.0,0.0,0.0,0.0,0.0,0.0,433.0,430.0,10.0,0.0,241.0,443.0,70.0
2021-08-22 02:00:00+00:00,0.0,0.0,50.0,272.0,325.0,291.0,19.0,0.0,0.0,262.0,0.0,57.0,0.0,59.0,0.0,0.0,75.0,0.0,0.0,0.0,568.0,294.0,0.0,0.0,0.0,242.0,0.0,0.0,1402.0,106.0,0.0,0.0,0.0,0.0,0.0,351.0,369.0,10.0,0.0,208.0,396.0,72.0
2021-08-22 03:00:00+00:00,0.0,0.0,47.0,292.0,341.0,192.0,13.0,0.0,0.0,250.0,0.0,63.0,0.0,59.0,0.0,0.0,68.0,0.0,0.0,0.0,568.0,336.0,0.0,0.0,0.0,256.0,0.0,0.0,1383.0,106.0,0.0,0.0,1.0,0.0,10.0,337.0,404.0,21.0,0.0,190.0,398.0,72.0
2021-08-22 04:00:00+00:00,0.0,1.0,56.0,270.0,355.0,66.0,73.0,0.0,0.0,299.0,0.0,0.0,0.0,17.0,0.0,0.0,65.0,0.0,0.0,0.0,568.0,279.0,0.0,0.0,0.0,314.0,0.0,0.0,1384.0,85.0,0.0,0.0,8.0,0.0,37.0,295.0,347.0,13.0,0.0,173.0,362.0,88.0
2021-08-22 05:00:00+00:00,0.0,0.0,11.0,242.0,354.0,66.0,14.0,0.0,0.0,432.0,0.0,132.0,0.0,67.0,0.0,0.0,52.0,0.0,0.0,0.0,531.0,166.0,0.0,0.0,0.0,230.0,0.0,0.0,1382.0,86.0,0.0,0.0,0.0,0.0,17.0,298.0,316.0,46.0,0.0,215.0,359.0,101.0
2021-08-22 06:00:00+00:00,0.0,0.0,26.0,264.0,367.0,25.0,0.0,0.0,0.0,463.0,0.0,155.0,7.0,117.0,0.0,0.0,50.0,0.0,0.0,0.0,405.0,146.0,0.0,0.0,0.0,178.0,0.0,0.0,1360.0,88.0,38.0,0.0,0.0,0.0,0.0,239.0,366.0,33.0,0.0,204.0,341.0,113.0
2021-08-22 07:00:00+00:00,0.0,0.0,40.0,309.0,443.0,42.0,1.0,0.0,0.0,502.0,0.0,270.0,72.0,222.0,0.0,0.0,47.0,0.0,0.0,0.0,399.0,139.0,0.0,0.0,0.0,173.0,0.0,0.0,1357.0,82.0,0.0,0.0,0.0,0.0,0.0,216.0,393.0,17.0,0.0,235.0,367.0,140.0
2021-08-22 08:00:00+00:00,0.0,0.0,42.0,314.0,470.0,20.0,0.0,0.0,0.0,529.0,0.0,223.0,74.0,280.0,0.0,0.0,84.0,0.0,0.0,0.0,331.0,146.0,0.0,0.0,0.0,100.0,0.0,0.0,1352.0,90.0,17.0,0.0,0.0,0.0,0.0,235.0,369.0,18.0,0.0,248.0,377.0,160.0
2021-08-22 09:00:00+00:00,0.0,0.0,26.0,306.0,463.0,25.0,0.0,0.0,0.0,504.0,0.0,128.0,67.0,276.0,0.0,0.0,80.0,0.0,0.0,0.0,143.0,133.0,0.0,0.0,0.0,113.0,0.0,0.0,1351.0,100.0,39.0,0.0,0.0,0.0,0.0,256.0,377.0,29.0,0.0,266.0,379.0,161.0
2021-08-22 10:00:00+00:00,0.0,0.0,27.0,299.0,432.0,8.0,0.0,0.0,0.0,476.0,0.0,212.0,100.0,286.0,0.0,0.0,64.0,0.0,0.0,0.0,127.0,149.0,0.0,0.0,0.0,123.0,0.0,0.0,1351.0,96.0,11.0,0.0,0.0,0.0,0.0,252.0,356.0,33.0,0.0,299.0,354.0,160.0
2021-08-22 11:00:00+00:00,0.0,0.0,30.0,297.0,439.0,37.0,42.0,0.0,0.0,478.0,0.0,186.0,92.0,259.0,0.0,0.0,38.0,0.0,0.0,0.0,83.0,109.0,0.0,0.0,0.0,104.0,0.0,0.0,1353.0,94.0,0.0,0.0,0.0,0.0,0.0,243.0,347.0,33.0,0.0,269.0,333.0,162.0
2021-08-22 12:00:00+00:00,0.0,0.0,26.0,282.0,380.0,34.0,38.0,0.0,0.0,400.0,0.0,181.0,82.0,189.0,0.0,0.0,47.0,0.0,0.0,0.0,2.0,98.0,0.0,0.0,0.0,111.0,0.0,0.0,1378.0,92.0,0.0,0.0,0.0,0.0,0.0,248.0,331.0,25.0,0.0,256.0,328.0,165.0
2021-08-22 13:00:00+00:00,0.0,0.0,26.0,263.0,324.0,23.0,21.0,0.0,0.0,392.0,0.0,175.0,40.0,105.0,0.0,0.0,56.0,0.0,0.0,0.0,101.0,119.0,0.0,0.0,0.0,89.0,0.0,0.0,1378.0,94.0,0.0,0.0,0.0,0.0,0.0,296.0,342.0,26.0,0.0,262.0,341.0,164.0
2021-08-22 14:00:00+00:00,0.0,0.0,130.0,215.0,250.0,39.0,0.0,0.0,0.0,379.0,0.0,166.0,36.0,71.0,0.0,0.0,77.0,0.0,0.0,0.0,267.0,96.0,0.0,0.0,0.0,46.0,0.0,0.0,1381.0,91.0,2.0,0.0,0.0,0.0,0.0,402.0,206.0,4.0,0.0,300.0,370.0,166.0
2021-08-22 15:00:00+00:00,0.0,20.0,122.0,188.0,242.0,13.0,0.0,0.0,1.0,395.0,0.0,0.0,0.0,12.0,0.0,0.0,98.0,0.0,0.0,0.0,397.0,39.0,0.0,0.0,0.0,51.0,0.0,0.0,1380.0,83.0,35.0,0.0,3.0,0.0,5.0,410.0,232.0,2.0,0.0,263.0,386.0,163.0
2021-08-22 16:00:00+00:00,0.0,113.0,128.0,157.0,261.0,186.0,0.0,0.0,101.0,466.0,0.0,0.0,0.0,0.0,0.0,0.0,76.0,0.0,0.0,0.0,529.0,0.0,0.0,0.0,0.0,8.0,0.0,0.0,1380.0,94.0,109.0,0.0,61.0,0.0,36.0,467.0,210.0,2.0,0.0,235.0,386.0,161.0
2021-08-22 17:00:00+00:00,0.0,104.0,118.0,178.0,267.0,235.0,0.0,0.0,38.0,412.0,0.0,0.0,0.0,0.0,0.0,0.0,61.0,0.0,0.0,0.0,472.0,1.0,0.0,0.0,0.0,0.0,0.0,0.0,1380.0,95.0,104.0,68.0,45.0,0.0,11.0,560.0,252.0,2.0,0.0,287.0,387.0,162.0
2021-08-22 18:00:00+00:00,0.0,0.0,172.0,204.0,247.0,242.0,0.0,0.0,0.0,329.0,0.0,5.0,36.0,3.0,0.0,0.0,75.0,0.0,0.0,0.0,465.0,74.0,0.0,0.0,0.0,0.0,0.0,0.0,1380.0,85.0,75.0,167.0,14.0,0.0,0.0,627.0,243.0,0.0,0.0,338.0,393.0,162.0
2021-08-22 19:00:00+00:00,0.0,22.0,141.0,193.0,260.0,231.0,0.0,0.0,1.0,342.0,0.0,0.0,7.0,0.0,0.0,0.0,76.0,0.0,0.0,0.0,435.0,36.0,0.0,0.0,0.0,0.0,0.0,0.0,1383.0,88.0,61.0,107.0,59.0,0.0,0.0,541.0,234.0,2.0,0.0,290.0,411.0,162.0
2021-08-22 20:00:00+00:00,0.0,2.0,86.0,245.0,267.0,289.0,0.0,0.0,0.0,266.0,0.0,0.0,0.0,5.0,0.0,0.0,71.0,0.0,0.0,0.0,449.0,174.0,0.0,0.0,0.0,69.0,0.0,0.0,1392.0,86.0,10.0,0.0,15.0,0.0,6.0,555.0,400.0,7.0,0.0,315.0,448.0,161.0
2021-08-22 21:00:00+00:00,0.0,88.0,80.0,267.0,345.0,276.0,15.0,0.0,0.0,353.0,0.0,0.0,0.0,14.0,0.0,0.0,52.0,0.0,0.0,0.0,528.0,136.0,0.0,0.0,0.0,143.0,0.0,0.0,1388.0,84.0,0.0,0.0,13.0,0.0,36.0,465.0,398.0,9.0,0.0,226.0,467.0,163.0
2021-08-22 22:00:00+00:00,0.0,0.0,154.0,267.0,276.0,309.0,46.0,0.0,0.0,265.0,0.0,46.0,14.0,97.0,0.0,0.0,28.0,0.0,0.0,0.0,599.0,298.0,0.0,0.0,0.0,84.0,0.0,0.0,1395.0,81.0,0.0,0.0,0.0,0.0,0.0,468.0,362.0,2.0,0.0,273.0,539.0,164.0
2021-08-22 23:00:00+00:00,0.0,142.0,154.0,264.0,296.0,358.0,59.0,0.0,0.0,268.0,0.0,0.0,0.0,50.0,0.0,0.0,24.0,0.0,0.0,0.0,555.0,313.0,0.0,0.0,0.0,125.0,0.0,0.0,1384.0,92.0,0.0,0.0,1.0,0.0,46.0,404.0,355.0,2.0,0.0,237.0,536.0,163.0
2021-08-23 00:00:00+00:00,0.0,138.0,144.0,250.0,326.0,374.0,53.0,0.0,0.0,333.0,0.0,0.0,0.0,55.0,0.0,0.0,89.0,0.0,0.0,0.0,601.0,263.0,0.0,0.0,0.0,213.0,0.0,,1409.0,91.0,0.0,0.0,0.0,0.0,36.0,393.0,334.0,0.0,0.0,,528.0,160.0
2021-08-23 01:00:00+00:00,0.0,190.0,90.0,219.0,334.0,348.0,29.0,0.0,0.0,384.0,0.0,0.0,0.0,10.0,0.0,0.0,83.0,0.0,0.0,0.0,602.0,222.0,0.0,0.0,0.0,216.0,0.0,,1386.0,93.0,0.0,0.0,9.0,0.0,69.0,356.0,298.0,6.0,0.0,,509.0,161.0
2021-08-23 02:00:00+00:00,0.0,157.0,77.0,207.0,317.0,308.0,0.0,0.0,0.0,375.0,0.0,0.0,0.0,2.0,0.0,0.0,80.0,0.0,0.0,0.0,598.0,218.0,0.0,0.0,0.0,223.0,0.0,,1375.0,100.0,13.0,0.0,21.0,0.0,71.0,377.0,274.0,6.0,0.0,,506.0,163.0
2021-08-23 03:00:00+00:00,0.0,174.0,58.0,182.0,256.0,207.0,0.0,0.0,0.0,355.0,0.0,0.0,0.0,0.0,0.0,0.0,93.0,0.0,0.0,0.0,553.0,226.0,0.0,0.0,0.0,201.0,0.0,,1406.0,94.0,21.0,0.0,56.0,0.0,86.0,464.0,274.0,13.0,0.0,,492.0,163.0
2021-08-23 04:00:00+00:00,0.0,371.0,21.0,166.0,364.0,203.0,9.0,0.0,1.0,446.0,0.0,0.0,0.0,0.0,0.0,0.0,115.0,0.0,0.0,0.0,526.0,64.0,0.0,0.0,0.0,87.0,0.0,,1389.0,73.0,0.0,0.0,136.0,0.0,172.0,441.0,224.0,46.0,0.0,,512.0,160.0
2021-08-23 05:00:00+00:00,0.0,346.0,30.0,138.0,412.0,171.0,0.0,0.0,88.0,514.0,0.0,0.0,0.0,0.0,0.0,0.0,146.0,0.0,0.0,0.0,337.0,0.0,0.0,0.0,0.0,0.0,0.0,0.0,1379.0,71.0,28.0,70.0,212.0,0.0,163.0,260.0,191.0,26.0,0.0,123.0,432.0,161.0
2021-08-23 06:00:00+00:00,0.0,295.0,17.0,142.0,451.0,275.0,32.0,0.0,136.0,537.0,0.0,0.0,0.0,0.0,0.0,0.0,153.0,0.0,0.0,0.0,343.0,0.0,0.0,0.0,0.0,0.0,0.0,0.0,1355.0,71.0,0.0,212.0,185.0,0.0,150.0,230.0,220.0,42.0,0.0,135.0,417.0,163.0
2021-08-23 07:00:00+00:00,0.0,347.0,15.0,147.0,482.0,237.0,79.0,0.0,184.0,569.0,0.0,0.0,0.0,0.0,0.0,0.0,162.0,0.0,0.0,0.0,256.0,0.0,0.0,0.0,0.0,0.0,0.0,0.0,1352.0,66.0,0.0,182.0,157.0,0.0,153.0,190.0,153.0,35.0,0.0,127.0,413.0,164.0
2021-08-23 08:00:00+00:00,0.0,272.0,16.0,178.0,521.0,261.0,87.0,0.0,164.0,558.0,0.0,0.0,0.0,0.0,0.0,0.0,152.0,0.0,0.0,0.0,192.0,0.0,0.0,0.0,0.0,0.0,0.0,0.0,1352.0,70.0,0.0,258.0,93.0,0.0,137.0,171.0,189.0,42.0,0.0,153.0,408.0,160.0
2021-08-23 09:00:00+00:00,0.0,301.0,21.0,186.0,528.0,264.0,92.0,0.0,166.0,511.0,0.0,0.0,0.0,0.0,0.0,68.0,147.0,0.0,0.0,0.0,0.0,0.0,0.0,0.0,0.0,0.0,0.0,0.0,1352.0,76.0,0.0,431.0,65.0,0.0,128.0,156.0,135.0,46.0,0.0,151.0,391.0,161.0
2021-08-23 10:00:00+00:00,0.0,208.0,68.0,243.0,523.0,235.0,88.0,0.0,54.0,393.0,0.0,0.0,0.0,5.0,0.0,204.0,146.0,0.0,0.0,0.0,0.0,0.0,0.0,0.0,0.0,0.0,0.0,0.0,1353.0,67.0,0.0,440.0,16.0,0.0,86.0,201.0,235.0,11.0,0.0,186.0,383.0,162.0
2021-08-23 11:00:00+00:00,0.0,216.0,32.0,234.0,513.0,271.0,122.0,0.0,47.0,388.0,0.0,0.0,0.0,2.0,0.0,217.0,148.0,0.0,0.0,0.0,0.0,0.0,0.0,0.0,0.0,0.0,0.0,0.0,1353.0,65.0,0.0,421.0,21.0,0.0,85.0,224.0,213.0,22.0,0.0,197.0,398.0,161.0
2021-08-23 12:00:00+00:00,0.0,213.0,46.0,228.0,475.0,281.0,125.0,0.0,22.0,349.0,0.0,0.0,0.0,0.0,0.0,231.0,151.0,0.0,0.0,0.0,0.0,2.0,0.0,0.0,0.0,0.0,0.0,0.0,1378.0,62.0,0.0,457.0,39.0,0.0,60.0,234.0,224.0,18.0,0.0,175.0,381.0,160.0
2021-08-23 13:00:00+00:00,0.0,240.0,36.0,234.0,459.0,300.0,102.0,0.0,21.0,307.0,0.0,0.0,0.0,0.0,0.0,249.0,157.0,0.0,0.0,0.0,0.0,6.0,0.0,0.0,0.0,0.0,0.0,0.0,1379.0,61.0,0.0,443.0,58.0,0.0,57.0,259.0,250.0,18.0,0.0,154.0,407.0,158.0
2021-08-23 14:00:00+00:00,0.0,239.0,17.0,202.0,423.0,236.0,52.0,0.0,99.0,342.0,0.0,0.0,0.0,0.0,0.0,190.0,161.0,0.0,0.0,0.0,0.0,0.0,0.0,0.0,0.0,0.0,0.0,0.0,1379.0,54.0,0.0,388.0,84.0,0.0,60.0,289.0,237.0,34.0,0.0,137.0,425.0,159.0
2021-08-23 15:00:00+00:00,0.0,257.0,32.0,194.0,386.0,239.0,44.0,0.0,38.0,275.0,0.0,0.0,0.0,0.0,0.0,132.0,170.0,0.0,0.0,0.0,0.0,3.0,0.0,0.0,0.0,0.0,0.0,0.0,1380.0,49.0,0.0,343.0,132.0,0.0,64.0,397.0,266.0,26.0,0.0,207.0,456.0,159.0
2021-08-23 16:00:00+00:00,0.0,280.0,62.0,207.0,369.0,241.0,70.0,0.0,3.0,232.0,0.0,0.0,0.0,0.0,0.0,51.0,124.0,0.0,0.0,0.0,0.0,37.0,0.0,0.0,0.0,0.0,0.0,0.0,1379.0,57.0,0.0,275.0,167.0,0.0,71.0,402.0,267.0,10.0,0.0,195.0,436.0,159.0
2021-08-23 17:00:00+00:00,0.0,260.0,64.0,208.0,344.0,285.0,100.0,0.0,0.0,184.0,0.0,0.0,0.0,0.0,0.0,48.0,134.0,0.0,0.0,0.0,0.0,75.0,0.0,0.0,0.0,0.0,0.0,0.0,1380.0,58.0,0.0,278.0,172.0,0.0,62.0,418.0,267.0,9.0,0.0,186.0,412.0,158.0
2021-08-23 18:00:00+00:00,0.0,215.0,56.0,238.0,402.0,424.0,40.0,0.0,1.0,206.0,0.0,0.0,0.0,0.0,0.0,0.0,121.0,0.0,0.0,0.0,1.0,41.0,0.0,0.0,0.0,0.0,0.0,0.0,1381.0,73.0,0.0,373.0,146.0,0.0,69.0,407.0,262.0,13.0,0.0,177.0,425.0,160.0
2021-08-23 19:00:00+00:00,0.0,203.0,66.0,252.0,427.0,428.0,76.0,0.0,2.0,239.0,0.0,0.0,0.0,0.0,0.0,0.0,114.0,0.0,0.0,0.0,204.0,41.0,0.0,0.0,0.0,0.0,0.0,0.0,1390.0,78.0,0.0,262.0,131.0,0.0,78.0,380.0,246.0,12.0,0.0,168.0,447.0,160.0
2021-08-23 20:00:00+00:00,0.0,167.0,97.0,268.0,418.0,454.0,58.0,0.0,0.0,185.0,0.0,0.0,0.0,0.0,0.0,0.0,100.0,0.0,0.0,0.0,93.0,111.0,0.0,0.0,0.0,0.0,0.0,0.0,1390.0,85.0,0.0,285.0,88.0,0.0,55.0,399.0,287.0,10.0,0.0,198.0,495.0,159.0
2021-08-23 21:00:00+00:00,0.0,24.0,146.0,309.0,450.0,422.0,101.0,0.0,0.0,239.0,0.0,0.0,0.0,0.0,0.0,0.0,71.0,0.0,0.0,0.0,201.0,180.0,0.0,0.0,0.0,0.0,0.0,0.0,1401.0,76.0,0.0,108.0,56.0,0.0,52.0,349.0,333.0,5.0,0.0,162.0,504.0,161.0
2021-08-23 22:00:00+00:00,0.0,0.0,98.0,298.0,385.0,394.0,100.0,0.0,0.0,203.0,0.0,162.0,11.0,24.0,0.0,0.0,45.0,0.0,0.0,0.0,568.0,278.0,0.0,0.0,0.0,0.0,0.0,0.0,1398.0,77.0,0.0,36.0,2.0,0.0,0.0,418.0,320.0,6.0,0.0,294.0,476.0,97.0
2021-08-23 23:00:00+00:00,0.0,0.0,141.0,317.0,388.0,453.0,135.0,0.0,0.0,174.0,0.0,134.0,0.0,39.0,0.0,0.0,21.0,0.0,0.0,0.0,602.0,376.0,0.0,0.0,0.0,5.0,0.0,0.0,1412.0,78.0,0.0,0.0,1.0,0.0,6.0,420.0,370.0,1.0,0.0,307.0,488.0,137.0
2021-08-24 00:00:00+00:00,0.0,0.0,145.0,310.0,418.0,488.0,143.0,0.0,0.0,242.0,0.0,118.0,0.0,24.0,0.0,0.0,4.0,0.0,0.0,0.0,602.0,326.0,0.0,0.0,0.0,40.0,0.0,0.0,1410.0,79.0,0.0,0.0,2.0,0.0,22.0,367.0,353.0,1.0,0.0,253.0,499.0,162.0
2021-08-24 01:00:00+00:00,0.0,0.0,129.0,287.0,411.0,467.0,158.0,0.0,0.0,276.0,0.0,46.0,0.0,4.0,0.0,0.0,0.0,0.0,0.0,0.0,603.0,282.0,0.0,1.0,0.0,56.0,0.0,0.0,1417.0,81.0,0.0,0.0,11.0,0.0,51.0,336.0,326.0,2.0,0.0,230.0,488.0,161.0
2021-08-24 02:00:00+00:00,0.0,0.0,92.0,270.0,381.0,480.0,119.0,0.0,0.0,263.0,0.0,124.0,0.0,21.0,0.0,0.0,0.0,0.0,0.0,0.0,603.0,277.0,0.0,3.0,0.0,17.0,0.0,0.0,1401.0,81.0,0.0,0.0,5.0,0.0,17.0,386.0,313.0,4.0,0.0,263.0,480.0,162.0
2021-08-24 03:00:00+00:00,0.0,0.0,79.0,214.0,290.0,376.0,130.0,0.0,0.0,242.0,0.0,40.0,0.0,2.0,0.0,0.0,2.0,0.0,0.0,0.0,603.0,244.0,0.0,0.0,0.0,18.0,0.0,0.0,1397.0,62.0,0.0,0.0,32.0,0.0,42.0,419.0,235.0,6.0,0.0,270.0,472.0,161.0
2021-08-24 04:00:00+00:00,0.0,118.0,12.0,168.0,334.0,290.0,47.0,0.0,22.0,365.0,0.0,0.0,0.0,0.0,0.0,0.0,23.0,0.0,0.0,0.0,602.0,10.0,0.0,0.0,0.0,0.0,0.0,0.0,1390.0,53.0,0.0,15.0,91.0,0.0,95.0,365.0,212.0,64.0,0.0,207.0,462.0,161.0
2021-08-24 05:00:00+00:00,0.0,149.0,8.0,129.0,347.0,226.0,0.0,0.0,140.0,385.0,0.0,0.0,0.0,0.0,0.0,0.0,94.0,0.0,0.0,0.0,566.0,0.0,0.0,0.0,0.0,0.0,0.0,0.0,1381.0,43.0,18.0,221.0,152.0,0.0,83.0,265.0,166.0,59.0,0.0,134.0,374.0,162.0
2021-08-24 06:00:00+00:00,0.0,182.0,3.0,114.0,377.0,120.0,0.0,0.0,240.0,446.0,0.0,0.0,0.0,0.0,0.0,0.0,162.0,0.0,0.0,0.0,445.0,0.0,0.0,0.0,0.0,0.0,0.0,0.0,1356.0,34.0,99.0,321.0,180.0,0.0,89.0,153.0,140.0,76.0,0.0,71.0,329.0,163.0
2021-08-24 07:00:00+00:00,0.0,146.0,20.0,178.0,456.0,145.0,0.0,0.0,266.0,468.0,0.0,0.0,0.0,0.0,0.0,0.0,157.0,0.0,0.0,0.0,479.0,0.0,0.0,0.0,0.0,0.0,0.0,0.0,1354.0,32.0,137.0,348.0,90.0,0.0,69.0,156.0,176.0,36.0,0.0,104.0,332.0,162.0
2021-08-24 08:00:00+00:00,0.0,89.0,46.0,205.0,460.0,107.0,0.0,0.0,196.0,438.0,0.0,0.0,0.0,3.0,0.0,0.0,145.0,0.0,0.0,0.0,516.0,0.0,0.0,0.0,0.0,0.0,0.0,0.0,1354.0,26.0,170.0,257.0,27.0,0.0,45.0,259.0,217.0,15.0,0.0,239.0,332.0,161.0
2021-08-24 09:00:00+00:00,0.0,54.0,117.0,254.0,492.0,133.0,0.0,0.0,100.0,424.0,0.0,0.0,0.0,62.0,0.0,0.0,138.0,0.0,0.0,0.0,497.0,0.0,0.0,0.0,0.0,0.0,0.0,0.0,1354.0,26.0,154.0,300.0,0.0,0.0,19.0,311.0,279.0,5.0,0.0,300.0,333.0,161.0
2021-08-24 10:00:00+00:00,0.0,70.0,151.0,274.0,451.0,164.0,0.0,0.0,1.0,292.0,0.0,0.0,3.0,92.0,0.0,0.0,141.0,0.0,0.0,0.0,177.0,45.0,0.0,0.0,0.0,0.0,0.0,0.0,1354.0,30.0,124.0,326.0,0.0,0.0,0.0,325.0,331.0,1.0,0.0,327.0,325.0,161.0
2021-08-24 11:00:00+00:00,0.0,26.0,135.0,293.0,471.0,193.0,0.0,0.0,1.0,295.0,0.0,0.0,0.0,69.0,0.0,0.0,141.0,0.0,0.0,0.0,235.0,50.0,0.0,0.0,0.0,0.0,0.0,0.0,1353.0,37.0,90.0,272.0,0.0,0.0,4.0,261.0,377.0,0.0,0.0,254.0,320.0,163.0
2021-08-24 12:00:00+00:00,0.0,0.0,154.0,303.0,463.0,157.0,0.0,0.0,0.0,280.0,0.0,54.0,4.0,50.0,0.0,0.0,142.0,0.0,0.0,0.0,262.0,95.0,0.0,0.0,0.0,0.0,0.0,0.0,1379.0,50.0,93.0,232.0,0.0,0.0,0.0,249.0,386.0,0.0,0.0,241.0,312.0,164.0
2021-08-24 13:00:00+00:00,0.0,0.0,194.0,299.0,404.0,168.0,0.0,0.0,0.0,201.0,0.0,101.0,35.0,62.0,0.0,0.0,156.0,0.0,0.0,0.0,213.0,209.0,0.0,0.0,0.0,0.0,0.0,0.0,1380.0,53.0,72.0,217.0,0.0,0.0,0.0,310.0,379.0,0.0,0.0,282.0,323.0,163.0
2021-08-24 14:00:00+00:00,0.0,0.0,167.0,287.0,420.0,171.0,0.0,0.0,0.0,200.0,0.0,14.0,7.0,24.0,0.0,0.0,171.0,0.0,0.0,0.0,276.0,164.0,0.0,0.0,0.0,0.0,0.0,0.0,1381.0,48.0,61.0,317.0,5.0,0.0,0.0,369.0,360.0,0.0,0.0,270.0,370.0,162.0
2021-08-24 15:00:00+00:00,1.0,124.0,166.0,269.0,342.0,136.0,0.0,0.0,0.0,24.0,0.0,0.0,2.0,0.0,0.0,45.0,166.0,0.0,0.0,0.0,0.0,291.0,0.0,0.0,0.0,0.0,0.0,0.0,1381.0,36.0,71.0,339.0,80.0,0.0,0.0,307.0,365.0,1.0,0.0,259.0,363.0,163.0
2021-08-24 16:00:00+00:00,37.0,109.0,150.0,252.0,308.0,208.0,0.0,0.0,0.0,1.0,0.0,0.0,9.0,0.0,0.0,0.0,122.0,0.0,0.0,0.0,1.0,322.0,0.0,0.0,0.0,0.0,0.0,0.0,1381.0,48.0,68.0,355.0,130.0,0.0,0.0,359.0,342.0,1.0,0.0,200.0,336.0,164.0
2021-08-24 17:00:00+00:00,81.0,0.0,158.0,262.0,304.0,194.0,0.0,0.0,0.0,0.0,0.0,33.0,47.0,0.0,0.0,56.0,129.0,0.0,0.0,0.0,0.0,355.0,0.0,0.0,0.0,0.0,0.0,0.0,1380.0,49.0,91.0,506.0,115.0,0.0,0.0,344.0,352.0,0.0,0.0,185.0,325.0,162.0
2021-08-24 18:00:00+00:00,47.0,8.0,158.0,290.0,370.0,365.0,0.0,0.0,0.0,0.0,0.0,0.0,21.0,0.0,0.0,61.0,122.0,0.0,0.0,0.0,0.0,325.0,0.0,0.0,0.0,0.0,0.0,0.0,1362.0,84.0,67.0,543.0,106.0,0.0,0.0,316.0,382.0,0.0,0.0,154.0,338.0,163.0
2021-08-24 19:00:00+00:00,1.0,0.0,169.0,298.0,399.0,350.0,0.0,0.0,0.0,38.0,0.0,15.0,0.0,0.0,0.0,0.0,122.0,0.0,0.0,0.0,323.0,298.0,0.0,0.0,0.0,0.0,0.0,0.0,1373.0,83.0,35.0,340.0,70.0,0.0,9.0,287.0,355.0,1.0,0.0,154.0,367.0,162.0
2021-08-24 20:00:00+00:00,5.0,57.0,242.0,342.0,428.0,550.0,27.0,0.0,0.0,15.0,0.0,0.0,0.0,0.0,0.0,0.0,107.0,0.0,0.0,0.0,253.0,362.0,0.0,0.0,0.0,0.0,0.0,0.0,1379.0,91.0,0.0,257.0,55.0,0.0,26.0,350.0,440.0,0.0,0.0,231.0,424.0,162.0
2021-08-24 21:00:00+00:00,0.0,0.0,239.0,379.0,450.0,478.0,83.0,0.0,0.0,52.0,0.0,184.0,0.0,4.0,0.0,0.0,68.0,0.0,0.0,0.0,345.0,429.0,0.0,0.0,0.0,0.0,0.0,0.0,1384.0,70.0,0.0,120.0,18.0,0.0,11.0,364.0,466.0,0.0,0.0,245.0,465.0,163.0
2021-08-24 22:00:00+00:00,0.0,0.0,190.0,364.0,429.0,447.0,84.0,0.0,0.0,129.0,0.0,234.0,2.0,51.0,0.0,0.0,41.0,0.0,0.0,0.0,594.0,413.0,0.0,0.0,0.0,4.0,0.0,0.0,1160.0,72.0,0.0,0.0,0.0,0.0,0.0,313.0,430.0,1.0,0.0,263.0,457.0,161.0
2021-08-24 23:00:00+00:00,0.0,0.0,184.0,349.0,404.0,357.0,49.0,0.0,0.0,108.0,0.0,149.0,0.0,28.0,0.0,0.0,40.0,0.0,0.0,0.0,602.0,452.0,0.0,0.0,0.0,56.0,0.0,0.0,860.0,95.0,0.0,0.0,2.0,0.0,24.0,257.0,416.0,2.0,0.0,232.0,438.0,161.0
2021-08-25 00:00:00+00:00,0.0,0.0,183.0,351.0,420.0,323.0,34.0,0.0,0.0,127.0,0.0,157.0,0.0,24.0,0.0,0.0,94.0,0.0,0.0,0.0,602.0,458.0,0.0,0.0,0.0,48.0,0.0,0.0,836.0,98.0,0.0,0.0,2.0,0.0,28.0,221.0,418.0,0.0,0.0,206.0,429.0,158.0
2021-08-25 01:00:00+00:00,0.0,0.0,190.0,340.0,400.0,347.0,33.0,0.0,0.0,133.0,0.0,71.0,0.0,3.0,0.0,0.0,88.0,0.0,0.0,0.0,583.0,458.0,0.0,0.0,0.0,55.0,0.0,0.0,852.0,104.0,0.0,0.0,16.0,0.0,44.0,183.0,410.0,0.0,0.0,189.0,415.0,155.0
2021-08-25 02:00:00+00:00,0.0,0.0,165.0,311.0,354.0,317.0,15.0,0.0,0.0,103.0,0.0,161.0,0.0,24.0,0.0,0.0,88.0,0.0,0.0,0.0,582.0,454.0,0.0,0.0,0.0,32.0,0.0,0.0,843.0,108.0,0.0,0.0,2.0,0.0,13.0,239.0,378.0,2.0,0.0,238.0,404.0,157.0
2021-08-25 03:00:00+00:00,0.0,0.0,74.0,255.0,301.0,165.0,0.0,0.0,0.0,135.0,0.0,80.0,0.0,10.0,0.0,0.0,99.0,0.0,0.0,0.0,581.0,363.0,0.0,0.0,0.0,5.0,0.0,0.0,775.0,98.0,9.0,0.0,8.0,0.0,26.0,350.0,307.0,10.0,0.0,307.0,398.0,159.0
2021-08-25 04:00:00+00:00,0.0,0.0,49.0,211.0,297.0,211.0,5.0,0.0,0.0,168.0,0.0,66.0,0.0,0.0,0.0,0.0,117.0,0.0,0.0,0.0,529.0,227.0,0.0,0.0,0.0,0.0,0.0,0.0,632.0,90.0,0.0,86.0,49.0,0.0,46.0,379.0,272.0,22.0,0.0,299.0,401.0,161.0
2021-08-25 05:00:00+00:00,0.0,0.0,109.0,208.0,312.0,155.0,0.0,0.0,0.0,184.0,0.0,84.0,0.0,0.0,0.0,0.0,114.0,0.0,0.0,0.0,425.0,173.0,0.0,0.0,0.0,0.0,0.0,0.0,607.0,95.0,76.0,234.0,45.0,0.0,25.0,359.0,308.0,7.0,0.0,298.0,393.0,158.0
2021-08-25 06:00:00+00:00,0.0,0.0,124.0,222.0,326.0,117.0,0.0,0.0,0.0,189.0,0.0,119.0,0.0,15.0,0.0,0.0,124.0,0.0,0.0,0.0,417.0,157.0,0.0,0.0,0.0,0.0,0.0,0.0,582.0,83.0,69.0,286.0,10.0,0.0,2.0,338.0,318.0,2.0,0.0,366.0,373.0,159.0
2021-08-25 07:00:00+00:00,0.0,0.0,116.0,238.0,363.0,146.0,0.0,0.0,0.0,221.0,0.0,97.0,1.0,68.0,0.0,0.0,120.0,0.0,0.0,0.0,378.0,103.0,0.0,0.0,0.0,0.0,0.0,0.0,581.0,77.0,62.0,272.0,0.0,0.0,0.0,364.0,307.0,1.0,0.0,444.0,379.0,159.0
2021-08-25 08:00:00+00:00,0.0,0.0,135.0,256.0,352.0,153.0,0.0,0.0,0.0,177.0,0.0,136.0,18.0,86.0,0.0,0.0,141.0,0.0,0.0,0.0,328.0,161.0,0.0,0.0,0.0,0.0,0.0,0.0,581.0,69.0,22.0,162.0,0.0,0.0,0.0,268.0,332.0,1.0,0.0,414.0,307.0,156.0
2021-08-25 09:00:00+00:00,0.0,0.0,194.0,296.0,372.0,167.0,0.0,0.0,0.0,106.0,0.0,255.0,70.0,147.0,0.0,0.0,133.0,0.0,0.0,0.0,316.0,271.0,0.0,0.0,0.0,0.0,0.0,0.0,580.0,70.0,20.0,300.0,0.0,0.0,0.0,254.0,337.0,0.0,0.0,440.0,297.0,159.0
2021-08-25 10:00:00+00:00,4.0,0.0,233.0,332.0,363.0,148.0,0.0,0.0,0.0,15.0,0.0,333.0,124.0,216.0,0.0,0.0,128.0,0.0,0.0,0.0,185.0,404.0,0.0,0.0,0.0,0.0,0.0,0.0,580.0,69.0,20.0,438.0,0.0,0.0,0.0,313.0,379.0,0.0,0.0,461.0,320.0,153.0
2021-08-25 11:00:00+00:00,4.0,0.0,203.0,354.0,411.0,180.0,0.0,0.0,0.0,19.0,0.0,256.0,112.0,210.0,0.0,0.0,128.0,0.0,0.0,0.0,110.0,372.0,0.0,0.0,0.0,0.0,0.0,0.0,579.0,69.0,16.0,554.0,0.0,0.0,0.0,306.0,386.0,2.0,0.0,426.0,332.0,159.0
2021-08-25 12:00:00+00:00,1.0,0.0,189.0,349.0,397.0,168.0,0.0,0.0,0.0,19.0,0.0,254.0,101.0,206.0,0.0,0.0,140.0,0.0,0.0,0.0,84.0,357.0,0.0,0.0,0.0,0.0,0.0,0.0,604.0,75.0,23.0,516.0,0.0,0.0,0.0,344.0,402.0,0.0,0.0,429.0,336.0,161.0
2021-08-25 13:00:00+00:00,41.0,0.0,195.0,338.0,371.0,138.0,0.0,0.0,0.0,0.0,0.0,225.0,90.0,164.0,0.0,0.0,149.0,0.0,0.0,0.0,98.0,392.0,0.0,0.0,0.0,0.0,0.0,0.0,606.0,83.0,24.0,488.0,0.0,0.0,0.0,319.0,409.0,0.0,0.0,384.0,328.0,158.0
2021-08-25 14:00:00+00:00,32.0,0.0,203.0,329.0,391.0,132.0,0.0,0.0,0.0,1.0,0.0,125.0,48.0,103.0,0.0,0.0,125.0,0.0,0.0,0.0,85.0,347.0,0.0,0.0,0.0,0.0,0.0,0.0,606.0,82.0,53.0,437.0,0.0,0.0,0.0,360.0,408.0,0.0,0.0,350.0,365.0,157.0
2021-08-25 15:00:00+00:00,120.0,4.0,240.0,334.0,359.0,137.0,0.0,0.0,0.0,0.0,0.0,0.0,26.0,47.0,0.0,0.0,102.0,0.0,0.0,0.0,99.0,472.0,0.0,0.0,0.0,0.0,0.0,0.0,606.0,77.0,68.0,345.0,0.0,0.0,0.0,433.0,451.0,0.0,0.0,363.0,385.0,157.0
2021-08-25 16:00:00+00:00,71.0,138.0,223.0,320.0,377.0,138.0,0.0,0.0,0.0,0.0,0.0,0.0,0.0,7.0,0.0,0.0,117.0,0.0,0.0,0.0,197.0,400.0,0.0,0.0,0.0,0.0,0.0,0.0,607.0,73.0,82.0,349.0,14.0,0.0,9.0,460.0,416.0,0.0,0.0,295.0,415.0,159.0
2021-08-25 17:00:00+00:00,61.0,153.0,209.0,318.0,390.0,143.0,0.0,0.0,0.0,0.0,0.0,0.0,0.0,2.0,0.0,0.0,131.0,0.0,0.0,0.0,138.0,366.0,0.0,0.0,0.0,0.0,0.0,0.0,606.0,72.0,84.0,474.0,20.0,0.0,2.0,492.0,440.0,1.0,0.0,271.0,405.0,162.0
2021-08-25 18:00:00+00:00,27.0,169.0,207.0,300.0,402.0,363.0,0.0,0.0,0.0,2.0,0.0,0.0,0.0,12.0,0.0,0.0,135.0,0.0,0.0,0.0,80.0,308.0,0.0,0.0,0.0,0.0,0.0,0.0,1107.0,101.0,200.0,587.0,3.0,0.0,4.0,489.0,430.0,0.0,0.0,266.0,422.0,163.0
2021-08-25 19:00:00+00:00,0.0,239.0,246.0,320.0,451.0,426.0,0.0,0.0,0.0,50.0,0.0,0.0,0.0,5.0,0.0,0.0,129.0,0.0,0.0,0.0,200.0,270.0,0.0,0.0,0.0,0.0,0.0,0.0,1377.0,91.0,119.0,372.0,14.0,0.0,46.0,398.0,442.0,0.0,0.0,212.0,451.0,162.0
2021-08-25 20:00:00+00:00,1.0,5.0,266.0,346.0,432.0,498.0,0.0,0.0,0.0,37.0,0.0,0.0,19.0,43.0,0.0,0.0,110.0,0.0,0.0,0.0,228.0,370.0,0.0,0.0,0.0,0.0,0.0,0.0,1391.0,90.0,54.0,283.0,0.0,0.0,0.0,398.0,483.0,1.0,0.0,290.0,442.0,161.0
2021-08-25 21:00:00+00:00,0.0,8.0,257.0,366.0,451.0,478.0,0.0,0.0,0.0,89.0,0.0,0.0,0.0,56.0,0.0,0.0,82.0,0.0,0.0,0.0,372.0,396.0,0.0,0.0,0.0,0.0,0.0,0.0,1391.0,95.0,12.0,60.0,1.0,0.0,16.0,422.0,458.0,0.0,0.0,301.0,493.0,160.0
2021-08-25 22:00:00+00:00,0.0,0.0,238.0,367.0,445.0,438.0,95.0,0.0,0.0,146.0,0.0,142.0,13.0,100.0,0.0,0.0,81.0,0.0,0.0,0.0,594.0,390.0,0.0,0.0,0.0,1.0,0.0,0.0,1386.0,77.0,0.0,0.0,0.0,0.0,0.0,482.0,458.0,0.0,0.0,380.0,481.0,158.0
2021-08-25 23:00:00+00:00,0.0,0.0,238.0,358.0,424.0,444.0,97.0,0.0,0.0,121.0,0.0,159.0,16.0,109.0,0.0,0.0,83.0,0.0,0.0,0.0,602.0,437.0,0.0,0.0,0.0,15.0,0.0,0.0,1171.0,84.0,0.0,0.0,0.0,0.0,0.0,444.0,447.0,0.0,0.0,378.0,462.0,161.0
2021-08-26 00:00:00+00:00,0.0,0.0,243.0,355.0,440.0,340.0,183.0,0.0,0.0,152.0,0.0,181.0,23.0,109.0,0.0,0.0,78.0,0.0,0.0,0.0,602.0,432.0,0.0,0.0,0.0,1.0,0.0,0.0,1107.0,67.0,0.0,0.0,0.0,0.0,0.0,410.0,457.0,0.0,0.0,346.0,463.0,162.0
2021-08-26 01:00:00+00:00,0.0,0.0,240.0,347.0,431.0,347.0,188.0,0.0,0.0,145.0,0.0,182.0,32.0,125.0,0.0,0.0,101.0,0.0,0.0,0.0,601.0,439.0,0.0,0.0,0.0,4.0,0.0,0.0,1122.0,73.0,0.0,0.0,0.0,0.0,0.0,388.0,460.0,0.0,0.0,339.0,459.0,161.0
2021-08-26 02:00:00+00:00,0.0,0.0,200.0,335.0,415.0,282.0,175.0,0.0,0.0,142.0,0.0,218.0,47.0,140.0,0.0,0.0,71.0,0.0,0.0,0.0,602.0,424.0,0.0,0.0,0.0,4.0,0.0,0.0,1071.0,74.0,0.0,0.0,0.0,0.0,0.0,461.0,451.0,14.0,0.0,432.0,426.0,160.0
2021-08-26 03:00:00+00:00,0.0,0.0,199.0,316.0,372.0,241.0,120.0,0.0,0.0,142.0,0.0,103.0,0.0,91.0,0.0,0.0,73.0,0.0,0.0,0.0,602.0,421.0,0.0,0.0,0.0,0.0,0.0,0.0,1287.0,72.0,0.0,0.0,0.0,0.0,5.0,562.0,422.0,0.0,0.0,483.0,425.0,162.0
2021-08-26 04:00:00+00:00,0.0,56.0,213.0,289.0,394.0,180.0,20.0,0.0,0.0,181.0,0.0,0.0,0.0,17.0,0.0,0.0,82.0,0.0,0.0,0.0,589.0,285.0,0.0,0.0,0.0,15.0,0.0,0.0,1034.0,67.0,0.0,0.0,8.0,0.0,50.0,463.0,434.0,0.0,0.0,336.0,447.0,158.0
2021-08-26 05:00:00+00:00,0.0,118.0,165.0,239.0,336.0,186.0,0.0,0.0,0.0,98.0,0.0,0.0,0.0,0.0,0.0,0.0,81.0,0.0,0.0,0.0,247.0,255.0,0.0,0.0,0.0,0.0,0.0,0.0,1024.0,58.0,5.0,165.0,56.0,0.0,31.0,329.0,420.0,0.0,0.0,251.0,371.0,157.0
2021-08-26 06:00:00+00:00,0.0,72.0,180.0,240.0,316.0,230.0,0.0,0.0,0.0,107.0,0.0,0.0,9.0,22.0,0.0,0.0,95.0,0.0,0.0,0.0,214.0,226.0,0.0,0.0,0.0,0.0,0.0,0.0,971.0,52.0,10.0,283.0,7.0,0.0,0.0,277.0,404.0,0.0,0.0,291.0,330.0,159.0
2021-08-26 07:00:00+00:00,0.0,13.0,200.0,266.0,327.0,239.0,4.0,0.0,0.0,124.0,0.0,0.0,46.0,117.0,0.0,0.0,130.0,0.0,0.0,0.0,257.0,250.0,0.0,0.0,0.0,0.0,0.0,0.0,968.0,48.0,0.0,335.0,0.0,0.0,0.0,253.0,392.0,0.0,0.0,318.0,305.0,158.0
2021-08-26 08:00:00+00:00,0.0,0.0,210.0,292.0,338.0,236.0,4.0,0.0,0.0,100.0,0.0,26.0,65.0,184.0,0.0,0.0,131.0,0.0,0.0,0.0,228.0,300.0,0.0,0.0,0.0,0.0,0.0,0.0,967.0,47.0,0.0,333.0,0.0,0.0,0.0,281.0,405.0,0.0,0.0,383.0,317.0,158.0
2021-08-26 09:00:00+00:00,0.0,0.0,229.0,322.0,378.0,224.0,2.0,0.0,0.0,149.0,0.0,146.0,81.0,229.0,0.0,0.0,83.0,0.0,0.0,0.0,209.0,310.0,0.0,0.0,0.0,0.0,0.0,0.0,967.0,51.0,0.0,336.0,0.0,0.0,0.0,308.0,435.0,0.0,0.0,411.0,324.0,159.0
2021-08-26 10:00:00+00:00,0.0,0.0,223.0,336.0,384.0,231.0,0.0,0.0,0.0,89.0,0.0,151.0,92.0,269.0,0.0,0.0,98.0,0.0,0.0,0.0,58.0,370.0,0.0,0.0,0.0,0.0,0.0,0.0,968.0,47.0,1.0,370.0,0.0,0.0,0.0,333.0,459.0,1.0,0.0,436.0,354.0,160.0
2021-08-26 11:00:00+00:00,0.0,0.0,208.0,345.0,444.0,204.0,0.0,0.0,0.0,135.0,0.0,99.0,57.0,248.0,0.0,0.0,110.0,0.0,0.0,0.0,92.0,307.0,0.0,0.0,0.0,0.0,0.0,0.0,968.0,52.0,0.0,397.0,0.0,0.0,0.0,324.0,429.0,0.0,0.0,392.0,365.0,158.0
2021-08-26 12:00:00+00:00,0.0,0.0,143.0,308.0,421.0,206.0,0.0,0.0,0.0,177.0,0.0,38.0,20.0,170.0,0.0,0.0,110.0,0.0,0.0,0.0,140.0,229.0,0.0,0.0,0.0,0.0,0.0,0.0,992.0,61.0,12.0,359.0,0.0,0.0,0.0,292.0,355.0,0.0,0.0,321.0,360.0,159.0
2021-08-26 13:00:00+00:00,0.0,0.0,108.0,284.0,407.0,204.0,9.0,0.0,0.0,180.0,0.0,0.0,1.0,109.0,0.0,0.0,117.0,0.0,0.0,0.0,130.0,188.0,0.0,0.0,0.0,0.0,0.0,0.0,996.0,58.0,0.0,334.0,0.0,0.0,0.0,321.0,302.0,2.0,0.0,274.0,388.0,161.0
2021-08-26 14:00:00+00:00,0.0,68.0,109.0,260.0,410.0,195.0,0.0,0.0,0.0,206.0,0.0,0.0,0.0,54.0,0.0,0.0,118.0,0.0,0.0,0.0,154.0,103.0,0.0,0.0,0.0,0.0,0.0,0.0,996.0,63.0,17.0,301.0,1.0,0.0,23.0,329.0,285.0,5.0,0.0,211.0,396.0,159.0
2021-08-26 15:00:00+00:00,2.0,247.0,102.0,230.0,307.0,211.0,29.0,0.0,0.0,18.0,0.0,0.0,0.0,0.0,0.0,0.0,119.0,0.0,0.0,0.0,59.0,228.0,0.0,0.0,0.0,0.0,0.0,0.0,995.0,60.0,0.0,323.0,92.0,0.0,37.0,282.0,317.0,2.0,0.0,168.0,371.0,160.0
2021-08-26 16:00:00+00:00,4.0,259.0,106.0,214.0,279.0,227.0,26.0,0.0,0.0,21.0,0.0,0.0,0.0,0.0,0.0,0.0,134.0,0.0,0.0,0.0,120.0,210.0,0.0,0.0,0.0,0.0,0.0,0.0,995.0,67.0,0.0,318.0,136.0,0.0,31.0,327.0,292.0,1.0,0.0,193.0,349.0,158.0
2021-08-26 17:00:00+00:00,40.0,196.0,96.0,209.0,271.0,231.0,22.0,0.0,0.0,0.0,0.0,0.0,0.0,0.0,0.0,0.0,134.0,0.0,0.0,0.0,137.0,205.0,0.0,0.0,0.0,0.0,0.0,0.0,996.0,71.0,0.0,485.0,129.0,0.0,5.0,371.0,299.0,4.0,0.0,195.0,350.0,160.0
2021-08-26 18:00:00+00:00,14.0,126.0,78.0,233.0,332.0,229.0,0.0,0.0,0.0,3.0,0.0,0.0,0.0,0.0,0.0,0.0,140.0,0.0,0.0,0.0,213.0,181.0,0.0,0.0,0.0,0.0,0.0,0.0,1330.0,86.0,9.0,591.0,98.0,0.0,1.0,338.0,298.0,6.0,0.0,166.0,355.0,159.0
2021-08-26 19:00:00+00:00,0.0,141.0,132.0,270.0,402.0,213.0,51.0,0.0,0.0,67.0,0.0,0.0,0.0,0.0,0.0,0.0,130.0,0.0,0.0,0.0,449.0,164.0,0.0,0.0,0.0,0.0,0.0,0.0,1380.0,78.0,0.0,477.0,48.0,0.0,21.0,331.0,306.0,6.0,0.0,179.0,408.0,159.0
2021-08-26 20:00:00+00:00,0.0,125.0,190.0,302.0,418.0,287.0,84.0,0.0,0.0,112.0,0.0,0.0,0.0,32.0,0.0,0.0,111.0,0.0,0.0,0.0,302.0,210.0,0.0,0.0,0.0,0.0,0.0,0.0,1389.0,75.0,0.0,339.0,5.0,0.0,8.0,475.0,409.0,0.0,0.0,322.0,477.0,161.0
2021-08-26 21:00:00+00:00,0.0,0.0,214.0,322.0,409.0,218.0,119.0,0.0,0.0,113.0,0.0,68.0,10.0,78.0,0.0,0.0,84.0,0.0,0.0,0.0,384.0,291.0,0.0,0.0,0.0,0.0,0.0,0.0,1364.0,71.0,0.0,166.0,0.0,0.0,0.0,465.0,391.0,0.0,0.0,318.0,500.0,159.0
2021-08-26 22:00:00+00:00,0.0,0.0,174.0,306.0,346.0,324.0,76.0,0.0,0.0,82.0,0.0,172.0,63.0,161.0,0.0,0.0,77.0,0.0,0.0,0.0,549.0,368.0,0.0,0.0,0.0,0.0,0.0,0.0,1399.0,89.0,0.0,104.0,0.0,0.0,0.0,528.0,350.0,1.0,0.0,410.0,462.0,95.0
2021-08-26 23:00:00+00:00,0.0,0.0,198.0,326.0,348.0,374.0,77.0,0.0,0.0,77.0,0.0,205.0,59.0,145.0,0.0,0.0,120.0,0.0,0.0,0.0,601.0,457.0,0.0,0.0,0.0,6.0,0.0,0.0,1393.0,97.0,0.0,0.0,0.0,0.0,0.0,473.0,420.0,1.0,0.0,386.0,458.0,146.0
2021-08-27 00:00:00+00:00,0.0,0.0,186.0,326.0,367.0,357.0,59.0,0.0,0.0,81.0,0.0,230.0,53.0,128.0,0.0,0.0,163.0,0.0,0.0,0.0,602.0,465.0,0.0,0.0,0.0,17.0,0.0,0.0,1393.0,94.0,0.0,0.0,0.0,0.0,0.0,447.0,421.0,0.0,0.0,352.0,448.0,163.0
2021-08-27 01:00:00+00:00,0.0,0.0,222.0,323.0,357.0,373.0,80.0,0.0,0.0,76.0,0.0,316.0,66.0,133.0,0.0,0.0,155.0,0.0,0.0,0.0,602.0,475.0,0.0,0.0,0.0,0.0,0.0,0.0,1393.0,93.0,0.0,17.0,0.0,0.0,0.0,430.0,398.0,0.0,0.0,353.0,435.0,163.0
2021-08-27 02:00:00+00:00,0.0,0.0,174.0,298.0,331.0,310.0,74.0,0.0,0.0,82.0,0.0,296.0,49.0,100.0,0.0,0.0,151.0,0.0,0.0,0.0,598.0,445.0,0.0,0.0,0.0,0.0,0.0,0.0,1394.0,91.0,0.0,26.0,0.0,0.0,0.0,440.0,386.0,0.0,0.0,357.0,432.0,164.0
2021-08-27 03:00:00+00:00,0.0,0.0,102.0,246.0,255.0,203.0,59.0,0.0,0.0,59.0,0.0,133.0,16.0,45.0,0.0,0.0,137.0,0.0,0.0,0.0,438.0,403.0,0.0,0.0,0.0,0.0,0.0,0.0,1395.0,91.0,0.0,60.0,1.0,0.0,0.0,533.0,310.0,6.0,0.0,402.0,417.0,162.0
2021-08-27 04:00:00+00:00,0.0,134.0,74.0,205.0,302.0,331.0,0.0,0.0,0.0,140.0,0.0,0.0,0.0,0.0,0.0,0.0,106.0,0.0,0.0,0.0,328.0,195.0,0.0,0.0,0.0,0.0,0.0,0.0,1387.0,103.0,15.0,20.0,74.0,0.0,78.0,435.0,278.0,7.0,0.0,253.0,456.0,161.0
2021-08-27 05:00:00+00:00,0.0,23.0,106.0,226.0,340.0,313.0,0.0,0.0,0.0,113.0,0.0,0.0,0.0,0.0,0.0,0.0,74.0,0.0,0.0,0.0,510.0,171.0,0.0,0.0,0.0,0.0,0.0,0.0,1378.0,89.0,55.0,210.0,119.0,0.0,46.0,346.0,309.0,3.0,0.0,171.0,420.0,162.0
2021-08-27 06:00:00+00:00,0.0,23.0,107.0,238.0,352.0,357.0,0.0,0.0,0.0,86.0,0.0,0.0,0.0,0.0,0.0,0.0,81.0,0.0,0.0,0.0,197.0,186.0,0.0,0.0,0.0,0.0,0.0,0.0,1355.0,88.0,56.0,318.0,167.0,0.0,51.0,291.0,320.0,2.0,0.0,139.0,409.0,163.0
2021-08-27 07:00:00+00:00,0.0,0.0,121.0,246.0,380.0,381.0,0.0,0.0,0.0,165.0,0.0,104.0,0.0,0.0,0.0,0.0,81.0,0.0,0.0,0.0,264.0,144.0,0.0,0.0,0.0,0.0,0.0,0.0,1353.0,87.0,42.0,280.0,152.0,0.0,25.0,256.0,309.0,1.0,0.0,131.0,406.0,165.0
2021-08-27 08:00:00+00:00,0.0,0.0,129.0,261.0,384.0,398.0,0.0,0.0,0.0,119.0,0.0,117.0,20.0,0.0,0.0,0.0,126.0,0.0,0.0,0.0,69.0,195.0,0.0,0.0,0.0,0.0,0.0,0.0,1352.0,77.0,11.0,348.0,69.0,0.0,0.0,293.0,338.0,0.0,0.0,176.0,418.0,161.0
2021-08-27 09:00:00+00:00,0.0,0.0,133.0,272.0,406.0,381.0,0.0,0.0,0.0,151.0,0.0,81.0,15.0,1.0,0.0,91.0,145.0,0.0,0.0,0.0,0.0,168.0,0.0,0.0,0.0,0.0,0.0,0.0,1353.0,86.0,46.0,329.0,40.0,0.0,0.0,334.0,364.0,1.0,0.0,230.0,409.0,162.0
2021-08-27 10:00:00+00:00,0.0,0.0,157.0,278.0,386.0,360.0,0.0,0.0,0.0,102.0,0.0,75.0,33.0,12.0,0.0,220.0,183.0,0.0,0.0,0.0,0.0,212.0,0.0,0.0,0.0,0.0,0.0,0.0,1353.0,85.0,36.0,319.0,3.0,0.0,0.0,372.0,349.0,0.0,0.0,278.0,387.0,163.0
2021-08-27 11:00:00+00:00,0.0,19.0,152.0,282.0,409.0,363.0,0.0,0.0,0.0,131.0,0.0,0.0,13.0,13.0,0.0,208.0,191.0,0.0,0.0,0.0,0.0,177.0,0.0,0.0,0.0,0.0,0.0,0.0,1352.0,88.0,30.0,298.0,4.0,0.0,0.0,381.0,342.0,0.0,0.0,296.0,385.0,163.0
2021-08-27 12:00:00+00:00,0.0,0.0,125.0,275.0,390.0,298.0,0.0,0.0,0.0,194.0,0.0,109.0,36.0,67.0,0.0,0.0,197.0,0.0,0.0,0.0,70.0,159.0,0.0,0.0,0.0,0.0,0.0,0.0,1377.0,95.0,74.0,262.0,0.0,0.0,0.0,360.0,333.0,1.0,0.0,283.0,359.0,163.0
2021-08-27 13:00:00+00:00,0.0,0.0,118.0,269.0,384.0,311.0,0.0,0.0,0.0,181.0,0.0,140.0,33.0,71.0,0.0,0.0,180.0,0.0,0.0,0.0,105.0,179.0,0.0,0.0,0.0,0.0,0.0,0.0,1379.0,94.0,58.0,235.0,0.0,0.0,0.0,317.0,312.0,2.0,0.0,247.0,318.0,154.0
2021-08-27 14:00:00+00:00,0.0,0.0,113.0,278.0,391.0,308.0,0.0,0.0,0.0,124.0,0.0,14.0,16.0,31.0,0.0,0.0,129.0,0.0,0.0,0.0,54.0,208.0,0.0,0.0,0.0,0.0,0.0,0.0,1379.0,94.0,40.0,217.0,1.0,0.0,0.0,325.0,338.0,2.0,0.0,251.0,326.0,164.0
2021-08-27 15:00:00+00:00,58.0,74.0,149.0,286.0,352.0,312.0,0.0,0.0,0.0,1.0,0.0,0.0,14.0,3.0,0.0,74.0,105.0,0.0,0.0,0.0,0.0,352.0,0.0,0.0,0.0,0.0,0.0,0.0,1379.0,96.0,61.0,255.0,24.0,0.0,0.0,335.0,391.0,0.0,0.0,252.0,306.0,164.0
2021-08-27 16:00:00+00:00,113.0,102.0,172.0,274.0,321.0,315.0,0.0,0.0,0.0,0.0,0.0,0.0,13.0,0.0,0.0,0.0,120.0,0.0,0.0,0.0,61.0,373.0,0.0,0.0,0.0,0.0,0.0,0.0,1379.0,99.0,69.0,298.0,75.0,0.0,0.0,365.0,368.0,0.0,0.0,265.0,296.0,163.0
2021-08-27 17:00:00+00:00,166.0,119.0,206.0,262.0,281.0,327.0,0.0,0.0,0.0,0.0,0.0,0.0,25.0,0.0,0.0,0.0,120.0,0.0,0.0,0.0,2.0,397.0,0.0,0.0,0.0,0.0,0.0,0.0,1380.0,103.0,84.0,415.0,98.0,0.0,0.0,361.0,390.0,0.0,0.0,237.0,273.0,162.0
2021-08-27 18:00:00+00:00,105.0,83.0,181.0,244.0,236.0,240.0,0.0,0.0,0.0,0.0,0.0,0.0,13.0,0.0,0.0,0.0,120.0,0.0,0.0,0.0,115.0,357.0,0.0,0.0,0.0,0.0,0.0,0.0,1379.0,117.0,120.0,290.0,94.0,0.0,0.0,309.0,400.0,2.0,0.0,204.0,296.0,163.0
2021-08-27 19:00:00+00:00,57.0,30.0,189.0,276.0,275.0,231.0,0.0,0.0,0.0,0.0,0.0,0.0,13.0,3.0,0.0,0.0,108.0,0.0,0.0,0.0,336.0,362.0,0.0,0.0,0.0,0.0,0.0,0.0,1379.0,125.0,100.0,85.0,19.0,0.0,0.0,347.0,384.0,0.0,0.0,218.0,386.0,159.0
2021-08-27 20:00:00+00:00,46.0,0.0,214.0,311.0,275.0,265.0,0.0,0.0,0.0,1.0,0.0,96.0,58.0,57.0,0.0,0.0,92.0,0.0,0.0,0.0,285.0,462.0,0.0,0.0,0.0,0.0,0.0,0.0,1388.0,131.0,63.0,28.0,0.0,0.0,0.0,453.0,446.0,1.0,0.0,321.0,419.0,162.0
2021-08-27 21:00:00+00:00,4.0,0.0,174.0,290.0,238.0,283.0,8.0,0.0,0.0,23.0,0.0,230.0,55.0,94.0,0.0,0.0,71.0,0.0,0.0,0.0,339.0,442.0,0.0,0.0,0.0,177.0,0.0,0.0,1400.0,125.0,0.0,0.0,0.0,0.0,0.0,472.0,394.0,1.0,0.0,323.0,473.0,164.0
2021-08-27 22:00:00+00:00,13.0,0.0,158.0,323.0,244.0,215.0,2.0,0.0,0.0,10.0,0.0,320.0,56.0,139.0,0.0,0.0,62.0,0.0,0.0,0.0,505.0,552.0,0.0,0.0,0.0,309.0,0.0,0.0,1401.0,111.0,0.0,0.0,0.0,0.0,0.0,459.0,450.0,2.0,0.0,334.0,501.0,163.0
2021-08-27 23:00:00+00:00,0.0,0.0,138.0,303.0,229.0,139.0,0.0,0.0,0.0,38.0,0.0,312.0,57.0,142.0,0.0,0.0,101.0,0.0,0.0,0.0,549.0,553.0,0.0,0.0,0.0,287.0,0.0,0.0,1396.0,100.0,77.0,0.0,0.0,0.0,0.0,461.0,412.0,1.0,0.0,396.0,464.0,163.0
2021-08-28 00:00:00+00:00,0.0,0.0,127.0,299.0,247.0,129.0,0.0,0.0,0.0,58.0,0.0,390.0,88.0,181.0,0.0,0.0,142.0,0.0,0.0,0.0,601.0,544.0,0.0,0.0,0.0,306.0,0.0,0.0,1386.0,111.0,98.0,0.0,0.0,0.0,0.0,482.0,397.0,1.0,0.0,416.0,467.0,163.0
2021-08-28 01:00:00+00:00,0.0,0.0,134.0,290.0,230.0,109.0,0.0,0.0,0.0,52.0,0.0,416.0,76.0,143.0,0.0,0.0,133.0,0.0,0.0,0.0,603.0,554.0,0.0,0.0,0.0,327.0,0.0,0.0,1388.0,106.0,107.0,0.0,0.0,0.0,0.0,428.0,379.0,2.0,0.0,391.0,436.0,164.0
2021-08-28 02:00:00+00:00,0.0,0.0,110.0,286.0,227.0,150.0,0.0,0.0,0.0,46.0,0.0,424.0,69.0,130.0,0.0,0.0,110.0,0.0,0.0,0.0,603.0,558.0,0.0,0.0,0.0,315.0,0.0,0.0,1389.0,109.0,93.0,0.0,0.0,0.0,0.0,439.0,376.0,1.0,0.0,380.0,442.0,163.0
2021-08-28 03:00:00+00:00,0.0,0.0,84.0,280.0,217.0,73.0,0.0,0.0,0.0,60.0,0.0,388.0,65.0,132.0,0.0,0.0,119.0,0.0,0.0,0.0,603.0,546.0,0.0,0.0,0.0,325.0,0.0,0.0,1389.0,105.0,82.0,0.0,0.0,0.0,0.0,491.0,381.0,5.0,0.0,415.0,434.0,164.0
2021-08-28 04:00:00+00:00,0.0,0.0,73.0,239.0,197.0,110.0,0.0,0.0,0.0,52.0,0.0,133.0,9.0,47.0,0.0,0.0,122.0,0.0,0.0,0.0,338.0,474.0,0.0,0.0,0.0,206.0,0.0,0.0,1390.0,122.0,138.0,0.0,2.0,0.0,0.0,426.0,341.0,8.0,0.0,363.0,388.0,165.0
2021-08-28 05:00:00+00:00,0.0,0.0,68.0,252.0,276.0,19.0,0.0,0.0,0.0,111.0,0.0,89.0,11.0,50.0,0.0,0.0,114.0,0.0,0.0,0.0,0.0,401.0,0.0,0.0,0.0,0.0,0.0,0.0,1383.0,128.0,217.0,25.0,3.0,0.0,0.0,385.0,328.0,6.0,0.0,314.0,372.0,163.0
2021-08-28 06:00:00+00:00,0.0,0.0,97.0,316.0,424.0,0.0,0.0,0.0,0.0,124.0,0.0,315.0,69.0,143.0,0.0,0.0,119.0,1.0,0.0,0.0,0.0,360.0,0.0,0.0,0.0,0.0,0.0,0.0,1359.0,125.0,269.0,373.0,0.0,0.0,0.0,401.0,351.0,2.0,0.0,330.0,387.0,163.0
2021-08-28 07:00:00+00:00,0.0,0.0,124.0,338.0,422.0,0.0,0.0,0.0,0.0,129.0,0.0,432.0,114.0,229.0,0.0,0.0,127.0,205.0,0.0,0.0,126.0,389.0,0.0,0.0,0.0,0.0,0.0,0.0,1361.0,98.0,161.0,401.0,0.0,0.0,0.0,388.0,366.0,1.0,0.0,361.0,363.0,163.0
2021-08-28 08:00:00+00:00,0.0,0.0,142.0,379.0,466.0,0.0,0.0,0.0,0.0,154.0,0.0,675.0,159.0,316.0,0.0,0.0,134.0,180.0,0.0,0.0,350.0,418.0,0.0,0.0,0.0,0.0,0.0,0.0,1359.0,96.0,112.0,415.0,0.0,0.0,0.0,353.0,423.0,1.0,0.0,404.0,301.0,161.0
2021-08-28 09:00:00+00:00,0.0,0.0,138.0,375.0,439.0,0.0,0.0,0.0,0.0,88.0,0.0,535.0,143.0,301.0,0.0,0.0,124.0,185.0,0.0,0.0,161.0,456.0,0.0,0.0,0.0,0.0,0.0,0.0,1356.0,95.0,55.0,338.0,0.0,0.0,0.0,387.0,439.0,0.0,0.0,447.0,314.0,161.0
2021-08-28 10:00:00+00:00,0.0,0.0,147.0,371.0,417.0,0.0,0.0,0.0,0.0,57.0,0.0,588.0,158.0,305.0,0.0,0.0,123.0,182.0,0.0,0.0,74.0,492.0,0.0,0.0,0.0,0.0,0.0,0.0,1355.0,96.0,39.0,321.0,0.0,0.0,0.0,415.0,441.0,1.0,0.0,469.0,324.0,161.0
2021-08-28 11:00:00+00:00,0.0,0.0,130.0,378.0,451.0,0.0,0.0,0.0,0.0,109.0,0.0,493.0,114.0,258.0,0.0,0.0,125.0,180.0,0.0,0.0,158.0,454.0,0.0,0.0,0.0,0.0,0.0,0.0,1352.0,91.0,20.0,235.0,0.0,0.0,0.0,339.0,468.0,1.0,0.0,392.0,324.0,161.0
2021-08-28 12:00:00+00:00,0.0,0.0,155.0,369.0,437.0,0.0,0.0,0.0,0.0,105.0,0.0,508.0,109.0,234.0,0.0,0.0,131.0,183.0,0.0,0.0,103.0,444.0,0.0,0.0,0.0,0.0,0.0,0.0,1381.0,91.0,20.0,262.0,0.0,0.0,0.0,388.0,437.0,1.0,0.0,405.0,352.0,160.0
2021-08-28 13:00:00+00:00,0.0,0.0,165.0,370.0,432.0,0.0,0.0,0.0,0.0,74.0,0.0,493.0,102.0,185.0,0.0,0.0,147.0,178.0,0.0,0.0,129.0,461.0,0.0,0.0,0.0,0.0,0.0,0.0,1373.0,96.0,57.0,239.0,0.0,0.0,0.0,332.0,450.0,0.0,0.0,361.0,309.0,160.0
2021-08-28 14:00:00+00:00,0.0,0.0,194.0,362.0,398.0,0.0,0.0,0.0,0.0,61.0,0.0,526.0,107.0,158.0,0.0,0.0,131.0,184.0,0.0,0.0,130.0,500.0,0.0,0.0,0.0,0.0,0.0,0.0,1380.0,94.0,85.0,216.0,0.0,0.0,0.0,404.0,466.0,0.0,0.0,379.0,354.0,164.0
2021-08-28 15:00:00+00:00,0.0,0.0,233.0,370.0,415.0,0.0,0.0,0.0,0.0,12.0,0.0,411.0,74.0,115.0,0.0,0.0,96.0,170.0,0.0,0.0,331.0,511.0,0.0,0.0,0.0,0.0,0.0,0.0,1381.0,95.0,142.0,155.0,0.0,0.0,0.0,401.0,496.0,0.0,0.0,333.0,391.0,164.0
2021-08-28 16:00:00+00:00,0.0,0.0,198.0,348.0,361.0,0.0,0.0,0.0,0.0,21.0,0.0,468.0,95.0,86.0,0.0,0.0,79.0,154.0,0.0,0.0,504.0,510.0,0.0,0.0,0.0,0.0,0.0,0.0,1382.0,99.0,166.0,111.0,0.0,0.0,0.0,465.0,449.0,0.0,0.0,366.0,378.0,163.0
2021-08-28 17:00:00+00:00,14.0,0.0,176.0,326.0,275.0,0.0,0.0,0.0,0.0,6.0,0.0,345.0,83.0,35.0,0.0,0.0,80.0,120.0,0.0,0.0,395.0,535.0,0.0,0.0,0.0,0.0,0.0,0.0,1383.0,103.0,194.0,45.0,1.0,0.0,0.0,507.0,467.0,2.0,0.0,366.0,370.0,162.0
2021-08-28 18:00:00+00:00,1.0,0.0,204.0,348.0,314.0,0.0,0.0,0.0,0.0,22.0,0.0,368.0,94.0,56.0,0.0,0.0,75.0,129.0,0.0,0.0,440.0,509.0,0.0,0.0,0.0,0.0,0.0,0.0,1383.0,93.0,165.0,160.0,0.0,0.0,0.0,474.0,466.0,0.0,0.0,336.0,373.0,164.0
2021-08-28 19:00:00+00:00,0.0,0.0,194.0,334.0,314.0,75.0,0.0,0.0,0.0,66.0,0.0,252.0,52.0,43.0,0.0,0.0,69.0,0.0,0.0,0.0,553.0,458.0,0.0,0.0,0.0,20.0,0.0,0.0,1388.0,114.0,184.0,0.0,0.0,0.0,0.0,475.0,450.0,0.0,0.0,323.0,422.0,163.0
2021-08-28 20:00:00+00:00,18.0,0.0,218.0,342.0,283.0,158.0,0.0,0.0,0.0,5.0,0.0,212.0,40.0,56.0,0.0,0.0,63.0,0.0,0.0,0.0,439.0,548.0,0.0,0.0,0.0,121.0,0.0,0.0,1398.0,113.0,132.0,0.0,0.0,0.0,0.0,459.0,480.0,0.0,0.0,329.0,443.0,161.0
2021-08-28 21:00:00+00:00,1.0,0.0,230.0,367.0,346.0,161.0,0.0,0.0,0.0,36.0,0.0,244.0,19.0,46.0,0.0,0.0,54.0,0.0,0.0,0.0,439.0,536.0,0.0,0.0,0.0,176.0,0.0,0.0,1394.0,114.0,97.0,0.0,2.0,0.0,0.0,262.0,487.0,4.0,0.0,158.0,450.0,162.0
2021-08-28 22:00:00+00:00,49.0,0.0,168.0,312.0,229.0,108.0,0.0,0.0,0.0,2.0,0.0,504.0,109.0,107.0,0.0,0.0,62.0,0.0,0.0,0.0,482.0,589.0,0.0,0.0,0.0,96.0,0.0,0.0,1404.0,102.0,34.0,0.0,0.0,0.0,0.0,267.0,411.0,1.0,0.0,258.0,389.0,164.0
2021-08-28 23:00:00+00:00,33.0,0.0,162.0,306.0,230.0,169.0,0.0,0.0,0.0,1.0,0.0,533.0,132.0,162.0,0.0,0.0,80.0,0.0,0.0,0.0,451.0,594.0,0.0,0.0,0.0,124.0,0.0,0.0,1406.0,101.0,26.0,0.0,0.0,0.0,0.0,297.0,399.0,0.0,0.0,268.0,420.0,164.0
2021-08-29 00:00:00+00:00,12.0,0.0,160.0,305.0,238.0,142.0,0.0,0.0,0.0,9.0,0.0,440.0,89.0,123.0,0.0,0.0,108.0,0.0,0.0,0.0,480.0,595.0,0.0,0.0,0.0,123.0,0.0,0.0,1407.0,102.0,24.0,0.0,0.0,0.0,0.0,258.0,426.0,1.0,0.0,240.0,408.0,163.0
2021-08-29 01:00:00+00:00,15.0,0.0,140.0,297.0,230.0,150.0,0.0,0.0,0.0,7.0,0.0,525.0,74.0,104.0,0.0,0.0,150.0,0.0,0.0,0.0,478.0,604.0,0.0,0.0,0.0,130.0,0.0,0.0,1408.0,101.0,16.0,0.0,0.0,0.0,0.0,218.0,426.0,1.0,0.0,237.0,373.0,163.0
2021-08-29 02:00:00+00:00,11.0,0.0,134.0,302.0,235.0,117.0,0.0,0.0,0.0,5.0,0.0,490.0,49.0,88.0,0.0,0.0,146.0,0.0,0.0,0.0,498.0,613.0,0.0,0.0,0.0,191.0,0.0,0.0,1382.0,95.0,6.0,0.0,0.0,0.0,0.0,220.0,396.0,1.0,0.0,232.0,380.0,162.0
2021-08-29 03:00:00+00:00,5.0,0.0,146.0,303.0,235.0,31.0,0.0,0.0,0.0,12.0,0.0,515.0,55.0,100.0,0.0,0.0,143.0,0.0,0.0,0.0,527.0,600.0,0.0,0.0,0.0,154.0,0.0,0.0,1382.0,93.0,30.0,0.0,0.0,0.0,0.0,282.0,399.0,1.0,0.0,281.0,375.0,164.0
2021-08-29 04:00:00+00:00,4.0,0.0,115.0,286.0,191.0,2.0,0.0,0.0,0.0,17.0,0.0,597.0,81.0,128.0,0.0,0.0,134.0,0.0,0.0,0.0,528.0,612.0,0.0,0.0,0.0,142.0,0.0,0.0,1376.0,110.0,104.0,0.0,0.0,0.0,0.0,380.0,408.0,1.0,0.0,401.0,331.0,160.0
2021-08-29 05:00:00+00:00,0.0,0.0,101.0,246.0,159.0,24.0,0.0,0.0,0.0,85.0,0.0,809.0,152.0,205.0,0.0,0.0,126.0,0.0,0.0,0.0,561.0,565.0,0.0,0.0,0.0,73.0,0.0,0.0,1385.0,118.0,156.0,0.0,0.0,0.0,0.0,477.0,332.0,3.0,0.0,505.0,319.0,162.0
2021-08-29 06:00:00+00:00,0.0,0.0,95.0,285.0,274.0,0.0,0.0,0.0,0.0,165.0,0.0,771.0,155.0,221.0,0.0,0.0,122.0,32.0,0.0,0.0,544.0,414.0,0.0,0.0,0.0,132.0,0.0,0.0,1389.0,115.0,184.0,0.0,0.0,0.0,0.0,320.0,354.0,2.0,0.0,416.0,247.0,161.0
2021-08-29 07:00:00+00:00,0.0,0.0,84.0,308.0,308.0,0.0,0.0,0.0,0.0,210.0,0.0,825.0,174.0,265.0,0.0,0.0,101.0,51.0,0.0,0.0,521.0,371.0,0.0,0.0,0.0,142.0,0.0,0.0,1382.0,115.0,192.0,0.0,0.0,0.0,0.0,240.0,333.0,7.0,0.0,420.0,172.0,160.0
2021-08-29 08:00:00+00:00,0.0,0.0,83.0,317.0,306.0,0.0,0.0,0.0,0.0,176.0,0.0,860.0,197.0,317.0,0.0,0.0,119.0,64.0,0.0,0.0,413.0,409.0,0.0,0.0,0.0,106.0,0.0,0.0,1379.0,112.0,147.0,0.0,0.0,0.0,0.0,217.0,360.0,2.0,0.0,447.0,138.0,161.0
2021-08-29 09:00:00+00:00,0.0,0.0,94.0,329.0,319.0,0.0,0.0,0.0,0.0,181.0,0.0,820.0,183.0,330.0,0.0,0.0,121.0,154.0,0.0,0.0,376.0,426.0,0.0,0.0,0.0,0.0,0.0,0.0,1371.0,101.0,87.0,14.0,0.0,0.0,0.0,256.0,367.0,2.0,0.0,453.0,171.0,162.0
2021-08-29 10:00:00+00:00,0.0,0.0,117.0,344.0,332.0,0.0,0.0,0.0,0.0,184.0,0.0,929.0,203.0,353.0,0.0,0.0,130.0,158.0,0.0,0.0,375.0,448.0,0.0,0.0,0.0,2.0,0.0,0.0,1379.0,104.0,91.0,0.0,0.0,0.0,0.0,343.0,385.0,2.0,0.0,469.0,243.0,161.0
2021-08-29 11:00:00+00:00,0.0,0.0,107.0,334.0,334.0,0.0,0.0,0.0,0.0,173.0,0.0,929.0,212.0,341.0,0.0,0.0,120.0,167.0,0.0,0.0,367.0,432.0,0.0,0.0,0.0,92.0,0.0,0.0,1374.0,105.0,92.0,0.0,0.0,0.0,0.0,320.0,366.0,1.0,0.0,451.0,236.0,162.0
2021-08-29 12:00:00+00:00,0.0,0.0,89.0,316.0,294.0,0.0,0.0,0.0,0.0,141.0,0.0,997.0,204.0,302.0,0.0,0.0,120.0,163.0,0.0,0.0,379.0,444.0,0.0,0.0,0.0,134.0,0.0,0.0,1377.0,105.0,85.0,0.0,0.0,0.0,0.0,309.0,339.0,2.0,0.0,433.0,236.0,161.0
2021-08-29 13:00:00+00:00,0.0,0.0,90.0,291.0,247.0,0.0,0.0,0.0,0.0,134.0,0.0,943.0,170.0,225.0,0.0,0.0,87.0,213.0,0.0,0.0,400.0,448.0,0.0,0.0,0.0,112.0,0.0,0.0,1376.0,112.0,125.0,0.0,0.0,0.0,0.0,289.0,331.0,3.0,0.0,426.0,208.0,162.0
2021-08-29 14:00:00+00:00,0.0,0.0,83.0,244.0,176.0,0.0,0.0,0.0,0.0,124.0,0.0,786.0,154.0,171.0,0.0,0.0,122.0,239.0,0.0,0.0,408.0,417.0,0.0,0.0,0.0,54.0,0.0,0.0,1383.0,109.0,156.0,0.0,0.0,0.0,0.0,339.0,263.0,9.0,0.0,437.0,244.0,160.0
2021-08-29 15:00:00+00:00,0.0,0.0,89.0,258.0,187.0,0.0,0.0,0.0,0.0,41.0,0.0,555.0,116.0,103.0,0.0,0.0,149.0,241.0,0.0,0.0,416.0,473.0,0.0,0.0,0.0,40.0,0.0,0.0,1383.0,102.0,167.0,0.0,0.0,0.0,0.0,431.0,346.0,2.0,0.0,438.0,323.0,163.0
2021-08-29 16:00:00+00:00,10.0,0.0,87.0,251.0,169.0,0.0,0.0,0.0,0.0,11.0,0.0,424.0,120.0,80.0,0.0,0.0,145.0,118.0,0.0,0.0,336.0,490.0,0.0,0.0,0.0,0.0,0.0,0.0,1381.0,139.0,204.0,33.0,0.0,0.0,0.0,544.0,330.0,4.0,0.0,478.0,355.0,161.0
2021-08-29 17:00:00+00:00,15.0,0.0,123.0,281.0,209.0,0.0,0.0,0.0,0.0,9.0,0.0,442.0,141.0,83.0,0.0,0.0,103.0,54.0,0.0,0.0,385.0,511.0,0.0,0.0,0.0,0.0,0.0,0.0,1376.0,189.0,149.0,176.0,0.0,0.0,0.0,673.0,381.0,2.0,0.0,514.0,390.0,162.0
2021-08-29 18:00:00+00:00,4.0,0.0,118.0,302.0,267.0,0.0,0.0,0.0,0.0,16.0,0.0,301.0,107.0,69.0,0.0,0.0,69.0,26.0,0.0,0.0,288.0,489.0,0.0,0.0,0.0,0.0,0.0,0.0,1383.0,166.0,106.0,198.0,0.0,0.0,0.0,655.0,418.0,2.0,0.0,488.0,420.0,163.0
2021-08-29 19:00:00+00:00,4.0,0.0,161.0,316.0,277.0,17.0,0.0,0.0,0.0,17.0,0.0,282.0,89.0,91.0,0.0,0.0,72.0,0.0,0.0,0.0,394.0,510.0,0.0,0.0,0.0,0.0,0.0,0.0,1390.0,164.0,44.0,79.0,0.0,0.0,0.0,618.0,411.0,1.0,0.0,460.0,458.0,162.0
2021-08-29 20:00:00+00:00,23.0,0.0,150.0,322.0,246.0,80.0,0.0,0.0,0.0,6.0,0.0,361.0,78.0,122.0,0.0,0.0,61.0,0.0,0.0,0.0,487.0,578.0,0.0,0.0,0.0,152.0,0.0,0.0,1396.0,155.0,14.0,0.0,0.0,0.0,0.0,557.0,419.0,0.0,0.0,425.0,457.0,161.0
2021-08-29 21:00:00+00:00,14.0,0.0,204.0,335.0,277.0,46.0,47.0,0.0,0.0,6.0,0.0,334.0,39.0,120.0,0.0,0.0,67.0,0.0,0.0,0.0,496.0,577.0,0.0,0.0,0.0,245.0,0.0,0.0,1402.0,146.0,0.0,0.0,0.0,0.0,0.0,462.0,421.0,0.0,0.0,340.0,483.0,162.0
2021-08-29 22:00:00+00:00,0.0,0.0,210.0,372.0,374.0,68.0,22.0,0.0,0.0,69.0,0.0,124.0,0.0,60.0,0.0,0.0,37.0,0.0,0.0,0.0,599.0,558.0,0.0,0.0,0.0,423.0,0.0,0.0,1401.0,165.0,0.0,0.0,0.0,0.0,42.0,222.0,475.0,1.0,0.0,167.0,468.0,161.0
2021-08-29 23:00:00+00:00,0.0,0.0,271.0,394.0,428.0,27.0,102.0,0.0,0.0,116.0,0.0,168.0,0.0,66.0,0.0,0.0,85.0,0.0,0.0,0.0,603.0,528.0,0.0,0.0,0.0,500.0,0.0,0.0,1396.0,153.0,0.0,0.0,0.0,0.0,32.0,175.0,482.0,0.0,0.0,128.0,474.0,161.0
2021-08-30 00:00:00+00:00,0.0,0.0,275.0,398.0,459.0,33.0,97.0,0.0,0.0,134.0,0.0,123.0,0.0,21.0,0.0,0.0,133.0,0.0,0.0,0.0,603.0,536.0,0.0,0.0,0.0,478.0,0.0,0.0,1388.0,155.0,0.0,0.0,4.0,0.0,51.0,174.0,501.0,0.0,0.0,118.0,483.0,162.0
2021-08-30 01:00:00+00:00,0.0,0.0,230.0,379.0,424.0,62.0,63.0,0.0,0.0,122.0,0.0,143.0,0.0,21.0,0.0,0.0,127.0,0.0,0.0,0.0,603.0,540.0,0.0,0.0,0.0,444.0,0.0,0.0,1392.0,173.0,0.0,0.0,3.0,0.0,42.0,162.0,485.0,0.0,0.0,135.0,457.0,163.0
2021-08-30 02:00:00+00:00,0.0,0.0,198.0,374.0,397.0,0.0,56.0,0.0,0.0,110.0,0.0,203.0,0.0,28.0,0.0,0.0,111.0,3.0,0.0,0.0,603.0,536.0,0.0,0.0,0.0,480.0,0.0,0.0,1400.0,184.0,0.0,0.0,2.0,0.0,24.0,209.0,478.0,1.0,0.0,169.0,453.0,163.0
2021-08-30 03:00:00+00:00,0.0,0.0,170.0,354.0,353.0,0.0,6.0,0.0,0.0,93.0,0.0,214.0,0.0,34.0,0.0,0.0,142.0,79.0,0.0,0.0,603.0,546.0,0.0,0.0,0.0,508.0,0.0,0.0,1396.0,178.0,0.0,0.0,7.0,0.0,22.0,301.0,449.0,0.0,0.0,207.0,466.0,162.0
2021-08-30 04:00:00+00:00,0.0,5.0,120.0,339.0,421.0,0.0,21.0,0.0,0.0,133.0,0.0,0.0,0.0,0.0,0.0,0.0,123.0,136.0,0.0,0.0,603.0,415.0,0.0,0.0,0.0,260.0,0.0,0.0,1382.0,148.0,0.0,0.0,92.0,0.0,107.0,220.0,413.0,3.0,0.0,118.0,435.0,161.0
2021-08-30 05:00:00+00:00,0.0,0.0,149.0,317.0,439.0,0.0,0.0,0.0,0.0,61.0,0.0,55.0,0.0,0.0,0.0,0.0,173.0,171.0,0.0,0.0,601.0,397.0,0.0,0.0,0.0,0.0,0.0,0.0,1378.0,130.0,69.0,113.0,67.0,0.0,33.0,215.0,378.0,1.0,0.0,151.0,362.0,161.0
2021-08-30 06:00:00+00:00,0.0,5.0,182.0,346.0,491.0,0.0,0.0,0.0,0.0,76.0,0.0,0.0,0.0,1.0,0.0,0.0,189.0,182.0,0.0,0.0,554.0,354.0,0.0,0.0,0.0,0.0,0.0,0.0,1347.0,108.0,105.0,183.0,49.0,0.0,43.0,214.0,412.0,1.0,0.0,177.0,343.0,162.0
2021-08-30 07:00:00+00:00,0.0,87.0,210.0,373.0,545.0,0.0,0.0,0.0,0.0,125.0,0.0,0.0,0.0,0.0,0.0,0.0,189.0,140.0,0.0,0.0,553.0,299.0,0.0,0.0,0.0,0.0,0.0,0.0,1345.0,130.0,56.0,148.0,53.0,0.0,58.0,87.0,461.0,0.0,0.0,81.0,323.0,161.0
2021-08-30 08:00:00+00:00,0.0,178.0,235.0,416.0,637.0,0.0,54.0,0.0,0.0,184.0,0.0,0.0,0.0,1.0,0.0,0.0,180.0,103.0,0.0,0.0,566.0,262.0,0.0,0.0,0.0,0.0,0.0,1.0,1344.0,175.0,0.0,77.0,27.0,0.0,105.0,29.0,499.0,0.0,0.0,9.0,366.0,162.0
2021-08-30 09:00:00+00:00,0.0,130.0,258.0,437.0,654.0,0.0,76.0,0.0,0.0,174.0,0.0,0.0,0.0,22.0,0.0,0.0,193.0,81.0,0.0,0.0,528.0,290.0,0.0,0.0,0.0,0.0,0.0,1.0,1345.0,184.0,0.0,103.0,4.0,0.0,95.0,69.0,526.0,0.0,0.0,35.0,386.0,162.0
2021-08-30 10:00:00+00:00,0.0,45.0,287.0,450.0,645.0,0.0,107.0,0.0,0.0,159.0,0.0,0.0,0.0,81.0,0.0,0.0,200.0,80.0,0.0,0.0,518.0,336.0,0.0,0.0,0.0,0.0,0.0,0.0,1344.0,181.0,0.0,118.0,0.0,0.0,73.0,133.0,535.0,0.0,0.0,87.0,418.0,162.0
2021-08-30 11:00:00+00:00,0.0,83.0,274.0,417.0,640.0,0.0,107.0,0.0,0.0,216.0,0.0,0.0,0.0,69.0,0.0,0.0,197.0,102.0,0.0,0.0,527.0,237.0,0.0,0.0,0.0,0.0,0.0,0.0,1170.0,202.0,0.0,120.0,0.0,0.0,92.0,118.0,535.0,0.0,0.0,66.0,429.0,163.0
2021-08-30 12:00:00+00:00,0.0,1.0,266.0,414.0,618.0,0.0,114.0,0.0,0.0,263.0,0.0,0.0,0.0,110.0,0.0,0.0,199.0,68.0,0.0,0.0,542.0,256.0,0.0,0.0,0.0,0.0,0.0,0.0,1359.0,187.0,0.0,90.0,0.0,0.0,81.0,233.0,498.0,0.0,0.0,138.0,463.0,161.0
2021-08-30 13:00:00+00:00,0.0,0.0,272.0,418.0,618.0,0.0,123.0,0.0,0.0,247.0,0.0,12.0,0.0,113.0,0.0,0.0,197.0,65.0,0.0,0.0,532.0,277.0,0.0,0.0,0.0,0.0,0.0,0.0,1371.0,181.0,0.0,177.0,0.0,0.0,75.0,287.0,508.0,0.0,0.0,146.0,480.0,162.0
2021-08-30 14:00:00+00:00,0.0,18.0,258.0,397.0,588.0,0.0,109.0,0.0,0.0,249.0,0.0,0.0,0.0,80.0,0.0,0.0,168.0,54.0,0.0,0.0,520.0,267.0,0.0,0.0,0.0,0.0,0.0,0.0,1372.0,178.0,0.0,185.0,0.0,0.0,75.0,335.0,498.0,0.0,0.0,142.0,501.0,161.0
2021-08-30 15:00:00+00:00,0.0,0.0,279.0,386.0,537.0,0.0,77.0,0.0,0.0,116.0,0.0,28.0,0.0,44.0,0.0,0.0,156.0,88.0,0.0,0.0,590.0,343.0,0.0,0.0,0.0,0.0,0.0,0.0,1372.0,174.0,0.0,244.0,0.0,0.0,55.0,324.0,535.0,0.0,0.0,132.0,490.0,162.0
2021-08-30 16:00:00+00:00,0.0,141.0,302.0,398.0,537.0,0.0,50.0,0.0,0.0,35.0,0.0,0.0,0.0,3.0,0.0,0.0,132.0,123.0,0.0,0.0,563.0,404.0,0.0,0.0,0.0,0.0,0.0,0.0,1372.0,171.0,0.0,240.0,34.0,0.0,87.0,284.0,540.0,0.0,0.0,62.0,472.0,162.0
2021-08-30 17:00:00+00:00,0.0,191.0,258.0,372.0,457.0,0.0,57.0,0.0,0.0,44.0,0.0,0.0,0.0,0.0,0.0,0.0,135.0,74.0,0.0,0.0,537.0,395.0,0.0,0.0,0.0,0.0,0.0,0.0,1372.0,160.0,0.0,65.0,47.0,0.0,90.0,379.0,542.0,0.0,0.0,106.0,485.0,163.0
2021-08-30 18:00:00+00:00,0.0,266.0,252.0,376.0,478.0,0.0,0.0,0.0,0.0,94.0,0.0,0.0,0.0,0.0,0.0,0.0,140.0,47.0,0.0,0.0,526.0,345.0,0.0,0.0,0.0,0.0,0.0,0.0,1375.0,183.0,0.0,17.0,49.0,0.0,117.0,324.0,517.0,0.0,0.0,40.0,519.0,161.0
2021-08-30 19:00:00+00:00,0.0,380.0,258.0,382.0,487.0,0.0,42.0,0.0,0.0,114.0,0.0,0.0,0.0,0.0,0.0,0.0,132.0,37.0,0.0,0.0,600.0,355.0,0.0,0.0,0.0,182.0,0.0,45.0,1376.0,192.0,0.0,0.0,81.0,0.0,153.0,218.0,487.0,0.0,0.0,9.0,537.0,161.0
2021-08-30 20:00:00+00:00,2.0,157.0,274.0,414.0,454.0,0.0,90.0,0.0,0.0,26.0,0.0,0.0,0.0,27.0,0.0,0.0,113.0,22.0,0.0,0.0,602.0,502.0,0.0,0.0,0.0,299.0,0.0,0.0,1383.0,191.0,0.0,0.0,4.0,0.0,88.0,435.0,551.0,0.0,0.0,198.0,567.0,162.0
2021-08-30 21:00:00+00:00,0.0,94.0,273.0,420.0,462.0,25.0,143.0,0.0,0.0,136.0,0.0,0.0,0.0,56.0,0.0,0.0,103.0,0.0,0.0,0.0,602.0,492.0,0.0,0.0,0.0,430.0,0.0,0.0,1384.0,188.0,0.0,0.0,1.0,0.0,102.0,479.0,511.0,0.0,0.0,226.0,652.0,163.0
2021-08-30 22:00:00+00:00,0.0,118.0,262.0,433.0,495.0,72.0,112.0,0.0,0.0,168.0,0.0,0.0,0.0,42.0,0.0,0.0,49.0,0.0,0.0,0.0,599.0,494.0,0.0,0.0,0.0,469.0,0.0,0.0,1391.0,201.0,0.0,0.0,0.0,0.0,123.0,440.0,528.0,0.0,0.0,213.0,634.0,161.0
2021-08-30 23:00:00+00:00,0.0,233.0,258.0,426.0,494.0,90.0,174.0,0.0,0.0,178.0,0.0,0.0,0.0,5.0,0.0,0.0,106.0,0.0,0.0,0.0,602.0,518.0,0.0,0.0,0.0,499.0,0.0,0.0,1393.0,210.0,0.0,0.0,13.0,0.0,168.0,387.0,512.0,0.0,0.0,191.0,610.0,161.0
2021-08-31 00:00:00+00:00,0.0,239.0,260.0,421.0,481.0,110.0,187.0,0.0,0.0,163.0,0.0,0.0,0.0,1.0,0.0,0.0,148.0,0.0,0.0,0.0,603.0,539.0,0.0,0.0,0.0,494.0,0.0,0.0,1397.0,216.0,0.0,0.0,40.0,0.0,181.0,305.0,520.0,0.0,0.0,159.0,557.0,161.0
2021-08-31 01:00:00+00:00,0.0,192.0,252.0,397.0,440.0,125.0,181.0,0.0,0.0,169.0,0.0,0.0,0.0,0.0,0.0,0.0,143.0,0.0,0.0,0.0,601.0,532.0,0.0,0.0,0.0,452.0,0.0,0.0,1377.0,217.0,0.0,0.0,35.0,0.0,166.0,289.0,498.0,0.0,0.0,174.0,530.0,163.0
2021-08-31 02:00:00+00:00,0.0,131.0,223.0,382.0,412.0,9.0,147.0,0.0,0.0,161.0,0.0,0.0,0.0,3.0,0.0,0.0,139.0,0.0,0.0,0.0,601.0,534.0,0.0,0.0,0.0,447.0,0.0,0.0,1366.0,208.0,0.0,0.0,32.0,0.0,146.0,302.0,480.0,0.0,0.0,192.0,505.0,162.0
2021-08-31 03:00:00+00:00,0.0,86.0,185.0,368.0,382.0,0.0,176.0,0.0,0.0,145.0,0.0,0.0,0.0,10.0,0.0,0.0,149.0,12.0,0.0,0.0,603.0,527.0,0.0,0.0,0.0,434.0,0.0,0.0,1107.0,194.0,0.0,0.0,7.0,0.0,113.0,471.0,497.0,2.0,0.0,280.0,563.0,163.0
2021-08-31 04:00:00+00:00,0.0,266.0,206.0,357.0,521.0,19.0,155.0,0.0,0.0,290.0,0.0,0.0,0.0,2.0,0.0,0.0,173.0,0.0,0.0,0.0,602.0,292.0,0.0,0.0,0.0,219.0,0.0,0.0,984.0,176.0,0.0,0.0,52.0,0.0,175.0,436.0,499.0,0.0,0.0,185.0,591.0,163.0
2021-08-31 05:00:00+00:00,0.0,243.0,132.0,313.0,488.0,0.0,0.0,0.0,0.0,171.0,0.0,0.0,0.0,0.0,0.0,0.0,165.0,91.0,0.0,0.0,600.0,273.0,0.0,0.0,0.0,0.0,0.0,0.0,984.0,118.0,23.0,187.0,84.0,0.0,126.0,290.0,406.0,1.0,0.0,135.0,457.0,164.0
2021-08-31 06:00:00+00:00,0.0,253.0,122.0,316.0,500.0,0.0,0.0,0.0,0.0,180.0,0.0,0.0,0.0,0.0,0.0,0.0,146.0,106.0,0.0,0.0,523.0,222.0,0.0,0.0,0.0,0.0,0.0,0.0,960.0,118.0,25.0,175.0,46.0,0.0,109.0,241.0,395.0,2.0,0.0,161.0,396.0,163.0
2021-08-31 07:00:00+00:00,0.0,195.0,154.0,341.0,518.0,0.0,13.0,0.0,0.0,189.0,0.0,0.0,0.0,32.0,0.0,0.0,166.0,78.0,0.0,0.0,481.0,224.0,0.0,0.0,0.0,0.0,0.0,0.0,958.0,146.0,0.0,204.0,4.0,0.0,73.0,213.0,404.0,0.0,0.0,216.0,359.0,163.0
2021-08-31 08:00:00+00:00,0.0,102.0,158.0,352.0,524.0,0.0,67.0,0.0,0.0,190.0,0.0,0.0,0.0,111.0,0.0,0.0,153.0,62.0,0.0,0.0,543.0,232.0,0.0,0.0,0.0,0.0,0.0,0.0,957.0,181.0,0.0,215.0,0.0,0.0,36.0,213.0,407.0,2.0,0.0,260.0,320.0,162.0
2021-08-31 09:00:00+00:00,0.0,55.0,159.0,366.0,517.0,0.0,120.0,0.0,0.0,154.0,0.0,0.0,0.0,143.0,0.0,0.0,163.0,41.0,0.0,0.0,551.0,278.0,0.0,0.0,0.0,0.0,0.0,0.0,958.0,190.0,0.0,233.0,0.0,0.0,21.0,260.0,425.0,0.0,0.0,293.0,341.0,162.0
2021-08-31 10:00:00+00:00,0.0,0.0,187.0,362.0,519.0,0.0,117.0,0.0,0.0,246.0,0.0,41.0,10.0,164.0,0.0,0.0,168.0,34.0,0.0,0.0,567.0,226.0,0.0,0.0,0.0,0.0,0.0,0.0,957.0,185.0,0.0,210.0,0.0,0.0,0.0,368.0,409.0,0.0,0.0,333.0,396.0,163.0
2021-08-31 11:00:00+00:00,0.0,0.0,173.0,369.0,549.0,0.0,121.0,0.0,0.0,281.0,0.0,56.0,0.0,171.0,0.0,0.0,167.0,15.0,0.0,0.0,549.0,200.0,0.0,0.0,0.0,0.0,0.0,0.0,958.0,192.0,0.0,176.0,0.0,0.0,1.0,421.0,408.0,1.0,0.0,333.0,446.0,161.0
2021-08-31 12:00:00+00:00,0.0,0.0,151.0,352.0,549.0,0.0,35.0,0.0,0.0,319.0,0.0,27.0,0.0,142.0,0.0,0.0,176.0,86.0,0.0,0.0,547.0,145.0,0.0,0.0,0.0,0.0,0.0,0.0,958.0,172.0,0.0,161.0,0.0,0.0,25.0,447.0,407.0,1.0,0.0,288.0,495.0,160.0
2021-08-31 13:00:00+00:00,0.0,21.0,149.0,340.0,539.0,0.0,31.0,0.0,0.0,294.0,0.0,0.0,0.0,86.0,0.0,0.0,156.0,125.0,0.0,0.0,562.0,138.0,0.0,0.0,0.0,0.0,0.0,0.0,958.0,167.0,0.0,125.0,0.0,0.0,57.0,437.0,403.0,1.0,0.0,276.0,478.0,162.0
2021-08-31 14:00:00+00:00,0.0,74.0,110.0,308.0,505.0,0.0,0.0,0.0,0.0,298.0,0.0,0.0,0.0,46.0,0.0,0.0,147.0,85.0,0.0,0.0,556.0,105.0,0.0,0.0,0.0,0.0,0.0,0.0,958.0,170.0,2.0,133.0,0.0,0.0,72.0,432.0,375.0,2.0,0.0,246.0,487.0,163.0
2021-08-31 15:00:00+00:00,0.0,202.0,139.0,311.0,445.0,0.0,0.0,0.0,0.0,119.0,0.0,0.0,0.0,22.0,0.0,0.0,138.0,118.0,0.0,0.0,502.0,257.0,0.0,0.0,0.0,0.0,0.0,0.0,958.0,157.0,10.0,136.0,2.0,0.0,77.0,381.0,428.0,0.0,0.0,207.0,470.0,163.0
2021-08-31 16:00:00+00:00,0.0,322.0,118.0,291.0,400.0,0.0,4.0,0.0,0.0,57.0,0.0,0.0,0.0,1.0,0.0,0.0,139.0,74.0,0.0,0.0,439.0,284.0,0.0,0.0,0.0,0.0,0.0,0.0,958.0,157.0,0.0,125.0,55.0,0.0,90.0,380.0,402.0,3.0,0.0,185.0,441.0,163.0
2021-08-31 17:00:00+00:00,0.0,243.0,100.0,271.0,313.0,0.0,0.0,0.0,0.0,48.0,0.0,0.0,0.0,1.0,0.0,0.0,129.0,49.0,0.0,0.0,459.0,297.0,0.0,0.0,0.0,0.0,0.0,0.0,984.0,131.0,15.0,96.0,39.0,0.0,38.0,441.0,420.0,3.0,0.0,245.0,407.0,163.0
2021-08-31 18:00:00+00:00,0.0,330.0,114.0,263.0,335.0,53.0,0.0,0.0,0.0,78.0,0.0,0.0,0.0,1.0,0.0,0.0,132.0,0.0,0.0,0.0,418.0,238.0,0.0,0.0,0.0,0.0,0.0,0.0,1237.0,143.0,44.0,88.0,30.0,0.0,63.0,402.0,380.0,3.0,0.0,202.0,432.0,163.0
2021-08-31 19:00:00+00:00,0.0,324.0,166.0,309.0,357.0,1.0,13.0,0.0,0.0,52.0,0.0,0.0,0.0,5.0,0.0,0.0,124.0,0.0,0.0,0.0,534.0,333.0,0.0,0.0,0.0,147.0,0.0,0.0,1404.0,166.0,0.0,0.0,17.0,0.0,80.0,377.0,404.0,2.0,0.0,209.0,464.0,162.0
2021-08-31 20:00:00+00:00,0.0,212.0,189.0,347.0,372.0,55.0,7.0,0.0,0.0,58.0,0.0,0.0,0.0,22.0,0.0,0.0,107.0,0.0,0.0,0.0,601.0,424.0,0.0,0.0,0.0,332.0,0.0,0.0,1416.0,200.0,0.0,0.0,2.0,0.0,72.0,502.0,485.0,2.0,0.0,280.0,536.0,164.0
2021-08-31 21:00:00+00:00,0.0,0.0,232.0,366.0,384.0,101.0,49.0,0.0,0.0,161.0,0.0,26.0,0.0,50.0,0.0,0.0,79.0,0.0,0.0,0.0,602.0,429.0,0.0,0.0,0.0,430.0,0.0,0.0,1404.0,207.0,0.0,0.0,0.0,0.0,46.0,475.0,438.0,1.0,0.0,264.0,587.0,158.0
2021-08-31 22:00:00+00:00,0.0,5.0,249.0,394.0,422.0,16.0,158.0,0.0,0.0,166.0,0.0,0.0,0.0,46.0,0.0,0.0,46.0,0.0,0.0,0.0,603.0,438.0,0.0,0.0,0.0,495.0,0.0,0.0,1403.0,193.0,0.0,0.0,1.0,0.0,78.0,358.0,500.0,0.0,0.0,214.0,551.0,72.0
2021-08-31 23:00:00+00:00,0.0,0.0,248.0,410.0,424.0,320.0,121.0,0.0,0.0,118.0,0.0,6.0,0.0,28.0,0.0,0.0,75.0,0.0,0.0,0.0,602.0,485.0,0.0,0.0,0.0,482.0,0.0,0.0,1415.0,194.0,0.0,0.0,2.0,0.0,84.0,301.0,524.0,0.0,0.0,196.0,523.0,73.0
2021-09-01 00:00:00+00:00,0.0,59.0,266.0,393.0,422.0,372.0,170.0,0.0,0.0,128.0,0.0,0.0,0.0,5.0,0.0,0.0,125.0,0.0,0.0,0.0,603.0,498.0,0.0,0.0,0.0,464.0,0.0,0.0,1422.0,185.0,0.0,0.0,13.0,0.0,105.0,278.0,514.0,0.0,0.0,187.0,507.0,73.0
2021-09-01 01:00:00+00:00,0.0,44.0,291.0,393.0,423.0,325.0,131.0,0.0,0.0,116.0,0.0,0.0,0.0,9.0,0.0,0.0,139.0,0.0,0.0,0.0,603.0,505.0,0.0,0.0,0.0,432.0,0.0,0.0,1409.0,197.0,0.0,0.0,15.0,0.0,105.0,308.0,513.0,0.0,0.0,194.0,531.0,72.0
2021-09-01 02:00:00+00:00,0.0,0.0,258.0,382.0,401.0,248.0,194.0,0.0,0.0,107.0,0.0,13.0,0.0,2.0,0.0,0.0,136.0,0.0,0.0,0.0,602.0,509.0,0.0,0.0,0.0,417.0,0.0,0.0,1419.0,172.0,0.0,0.0,21.0,0.0,100.0,277.0,513.0,0.0,0.0,189.0,475.0,73.0
2021-09-01 03:00:00+00:00,0.0,0.0,251.0,368.0,384.0,106.0,141.0,0.0,0.0,114.0,0.0,2.0,0.0,9.0,0.0,0.0,143.0,0.0,0.0,0.0,603.0,474.0,0.0,0.0,0.0,401.0,0.0,0.0,1209.0,166.0,0.0,0.0,19.0,0.0,82.0,414.0,546.0,0.0,0.0,260.0,505.0,73.0
2021-09-01 04:00:00+00:00,0.0,191.0,282.0,386.0,518.0,119.0,63.0,0.0,0.0,168.0,0.0,0.0,0.0,0.0,0.0,0.0,163.0,0.0,0.0,0.0,598.0,332.0,0.0,0.0,0.0,171.0,0.0,0.0,992.0,193.0,0.0,0.0,105.0,0.0,157.0,306.0,566.0,0.0,0.0,124.0,487.0,73.0
2021-09-01 05:00:00+00:00,0.0,174.0,231.0,365.0,570.0,166.0,86.0,0.0,0.0,197.0,0.0,0.0,0.0,0.0,0.0,0.0,130.0,0.0,0.0,0.0,527.0,222.0,0.0,0.0,0.0,0.0,0.0,2.0,1052.0,130.0,0.0,144.0,149.0,0.0,142.0,98.0,497.0,0.0,0.0,16.0,346.0,74.0
2021-09-01 06:00:00+00:00,0.0,155.0,254.0,390.0,606.0,113.0,4.0,0.0,0.0,208.0,0.0,0.0,0.0,0.0,0.0,0.0,144.0,0.0,0.0,0.0,431.0,215.0,0.0,0.0,0.0,0.0,0.0,3.0,962.0,85.0,0.0,258.0,97.0,0.0,106.0,33.0,504.0,0.0,0.0,12.0,282.0,73.0
2021-09-01 07:00:00+00:00,0.0,140.0,281.0,422.0,674.0,193.0,58.0,0.0,0.0,269.0,0.0,0.0,0.0,0.0,0.0,0.0,139.0,0.0,0.0,0.0,576.0,177.0,0.0,0.0,0.0,0.0,0.0,28.0,956.0,91.0,0.0,273.0,58.0,0.0,86.0,3.0,524.0,0.0,20.0,1.0,290.0,74.0
2021-09-01 08:00:00+00:00,0.0,179.0,327.0,478.0,725.0,196.0,79.0,0.0,0.0,233.0,0.0,0.0,0.0,4.0,0.0,0.0,174.0,0.0,0.0,0.0,577.0,241.0,0.0,0.0,0.0,0.0,0.0,23.0,953.0,91.0,0.0,217.0,17.0,0.0,82.0,0.0,604.0,0.0,31.0,0.0,290.0,75.0
2021-09-01 09:00:00+00:00,0.0,33.0,439.0,518.0,740.0,196.0,59.0,0.0,0.0,224.0,0.0,0.0,0.0,96.0,0.0,0.0,178.0,0.0,0.0,0.0,458.0,318.0,0.0,0.0,0.0,0.0,0.0,0.0,954.0,107.0,0.0,242.0,0.0,0.0,29.0,69.0,592.0,0.0,0.0,83.0,293.0,76.0
2021-09-01 10:00:00+00:00,0.0,147.0,435.0,517.0,743.0,183.0,107.0,0.0,0.0,218.0,0.0,0.0,0.0,75.0,0.0,0.0,172.0,0.0,0.0,0.0,319.0,313.0,0.0,0.0,0.0,0.0,0.0,0.0,952.0,103.0,0.0,230.0,0.0,0.0,62.0,83.0,631.0,0.0,0.0,66.0,337.0,74.0
2021-09-01 11:00:00+00:00,0.0,124.0,426.0,522.0,765.0,181.0,140.0,0.0,0.0,272.0,0.0,0.0,0.0,65.0,0.0,0.0,188.0,0.0,0.0,0.0,429.0,289.0,0.0,0.0,0.0,0.0,0.0,0.0,951.0,103.0,0.0,181.0,0.0,0.0,86.0,15.0,676.0,0.0,0.0,20.0,339.0,75.0
2021-09-01 12:00:00+00:00,0.0,136.0,410.0,526.0,762.0,189.0,112.0,0.0,0.0,255.0,0.0,0.0,0.0,44.0,0.0,0.0,187.0,0.0,0.0,0.0,414.0,307.0,0.0,0.0,0.0,0.0,0.0,19.0,1305.0,100.0,0.0,110.0,0.0,0.0,109.0,4.0,673.0,0.0,2.0,0.0,365.0,76.0
2021-09-01 13:00:00+00:00,0.0,131.0,395.0,489.0,697.0,205.0,167.0,0.0,0.0,217.0,0.0,0.0,0.0,7.0,0.0,0.0,191.0,0.0,0.0,0.0,463.0,325.0,0.0,0.0,0.0,113.0,0.0,24.0,1361.0,101.0,0.0,0.0,8.0,0.0,136.0,12.0,636.0,0.0,7.0,0.0,339.0,75.0
2021-09-01 14:00:00+00:00,0.0,202.0,390.0,498.0,732.0,219.0,90.0,0.0,0.0,231.0,0.0,0.0,0.0,0.0,0.0,0.0,181.0,0.0,0.0,0.0,476.0,301.0,0.0,0.0,0.0,128.0,0.0,58.0,1022.0,105.0,0.0,0.0,35.0,0.0,170.0,48.0,663.0,0.0,0.0,0.0,403.0,75.0
2021-09-01 15:00:00+00:00,0.0,251.0,394.0,486.0,720.0,222.0,123.0,0.0,0.0,214.0,0.0,0.0,0.0,0.0,0.0,0.0,170.0,0.0,0.0,0.0,580.0,302.0,0.0,0.0,0.0,122.0,0.0,46.0,957.0,98.0,0.0,0.0,98.0,0.0,178.0,77.0,688.0,0.0,0.0,0.0,404.0,74.0
2021-09-01 16:00:00+00:00,0.0,442.0,314.0,394.0,530.0,233.0,96.0,0.0,0.0,170.0,0.0,0.0,0.0,0.0,0.0,0.0,155.0,0.0,0.0,0.0,507.0,276.0,0.0,0.0,0.0,253.0,0.0,66.0,956.0,97.0,0.0,0.0,209.0,0.0,200.0,91.0,570.0,0.0,0.0,0.0,384.0,74.0
2021-09-01 17:00:00+00:00,0.0,350.0,289.0,383.0,498.0,302.0,105.0,0.0,0.0,104.0,0.0,0.0,0.0,0.0,0.0,0.0,123.0,0.0,0.0,0.0,340.0,295.0,0.0,0.0,0.0,70.0,0.0,27.0,982.0,97.0,0.0,0.0,211.0,0.0,153.0,152.0,545.0,0.0,0.0,0.0,373.0,75.0
2021-09-01 18:00:00+00:00,0.0,354.0,243.0,379.0,528.0,391.0,66.0,0.0,0.0,174.0,0.0,0.0,0.0,0.0,0.0,0.0,124.0,0.0,0.0,0.0,400.0,221.0,0.0,0.0,0.0,71.0,0.0,67.0,1350.0,96.0,0.0,0.0,195.0,0.0,178.0,136.0,503.0,0.0,0.0,0.0,403.0,74.0
2021-09-01 19:00:00+00:00,0.0,375.0,287.0,406.0,564.0,409.0,113.0,0.0,0.0,186.0,0.0,0.0,0.0,0.0,0.0,0.0,113.0,0.0,0.0,0.0,562.0,245.0,0.0,0.0,0.0,162.0,0.0,73.0,1398.0,94.0,0.0,0.0,143.0,0.0,182.0,85.0,526.0,0.0,0.0,0.0,434.0,75.0
2021-09-01 20:00:00+00:00,0.0,400.0,286.0,430.0,557.0,549.0,217.0,0.0,0.0,135.0,0.0,0.0,0.0,0.0,0.0,0.0,98.0,0.0,0.0,0.0,576.0,374.0,0.0,0.0,0.0,277.0,0.0,2.0,1400.0,87.0,0.0,0.0,86.0,0.0,188.0,273.0,588.0,0.0,0.0,25.0,560.0,73.0
2021-09-01 21:00:00+00:00,0.0,377.0,348.0,430.0,546.0,528.0,161.0,0.0,0.0,127.0,0.0,0.0,0.0,0.0,0.0,0.0,70.0,0.0,0.0,0.0,559.0,415.0,0.0,0.0,0.0,363.0,0.0,10.0,1396.0,83.0,0.0,0.0,81.0,0.0,206.0,253.0,530.0,0.0,0.0,12.0,610.0,73.0
2021-09-01 22:00:00+00:00,0.0,291.0,287.0,433.0,607.0,494.0,276.0,0.0,0.0,296.0,0.0,0.0,0.0,1.0,0.0,0.0,99.0,0.0,0.0,0.0,601.0,326.0,0.0,0.0,0.0,513.0,0.0,2.0,1418.0,79.0,0.0,0.0,37.0,0.0,212.0,238.0,544.0,0.0,0.0,9.0,625.0,74.0
2021-09-01 23:00:00+00:00,0.0,401.0,327.0,450.0,614.0,482.0,281.0,0.0,0.0,260.0,0.0,0.0,0.0,0.0,0.0,0.0,163.0,0.0,0.0,0.0,602.0,395.0,0.0,0.0,0.0,553.0,0.0,35.0,1423.0,78.0,0.0,0.0,78.0,0.0,256.0,138.0,575.0,0.0,0.0,0.0,590.0,76.0
2021-09-02 00:00:00+00:00,0.0,438.0,318.0,443.0,624.0,522.0,278.0,0.0,0.0,260.0,0.0,0.0,0.0,0.0,0.0,0.0,153.0,0.0,0.0,0.0,603.0,390.0,0.0,0.0,0.0,535.0,0.0,90.0,1425.0,80.0,0.0,0.0,114.0,0.0,273.0,20.0,580.0,0.0,1.0,0.0,527.0,76.0
2021-09-02 01:00:00+00:00,0.0,454.0,314.0,433.0,631.0,457.0,218.0,0.0,0.0,289.0,0.0,0.0,0.0,0.0,0.0,0.0,145.0,0.0,0.0,0.0,602.0,348.0,0.0,0.0,0.0,465.0,0.0,138.0,1421.0,84.0,0.0,0.0,136.0,0.0,281.0,0.0,549.0,0.0,85.0,0.0,469.0,75.0
2021-09-02 02:00:00+00:00,0.0,475.0,286.0,427.0,639.0,406.0,165.0,0.0,0.0,312.0,0.0,0.0,0.0,0.0,0.0,0.0,142.0,0.0,0.0,0.0,602.0,313.0,0.0,0.0,0.0,487.0,0.0,140.0,1424.0,88.0,0.0,0.0,154.0,0.0,294.0,0.0,542.0,0.0,32.0,0.0,484.0,75.0
2021-09-02 03:00:00+00:00,0.0,465.0,299.0,419.0,626.0,305.0,172.0,0.0,0.0,317.0,0.0,0.0,0.0,0.0,0.0,0.0,148.0,0.0,0.0,0.0,603.0,302.0,0.0,0.0,0.0,506.0,0.0,42.0,1424.0,82.0,0.0,0.0,125.0,0.0,278.0,165.0,582.0,0.0,0.0,0.0,556.0,74.0
2021-09-02 04:00:00+00:00,0.0,632.0,241.0,383.0,718.0,285.0,134.0,0.0,1.0,447.0,0.0,0.0,0.0,0.0,0.0,0.0,175.0,0.0,0.0,0.0,602.0,74.0,0.0,0.0,0.0,307.0,0.0,200.0,1408.0,85.0,0.0,0.0,253.0,0.0,351.0,1.0,538.0,2.0,2.0,0.0,508.0,76.0
2021-09-02 05:00:00+00:00,0.0,673.0,227.0,361.0,746.0,279.0,118.0,0.0,40.0,422.0,0.0,0.0,0.0,0.0,0.0,0.0,127.0,0.0,0.0,0.0,602.0,4.0,0.0,0.0,0.0,47.0,0.0,315.0,1408.0,90.0,0.0,0.0,317.0,0.0,366.0,0.0,475.0,0.0,184.0,0.0,442.0,75.0
2021-09-02 06:00:00+00:00,0.0,628.0,210.0,374.0,773.0,249.0,87.0,0.0,110.0,473.0,0.0,0.0,0.0,0.0,0.0,0.0,118.0,0.0,0.0,0.0,602.0,0.0,0.0,0.0,0.0,0.0,0.0,357.0,1409.0,93.0,0.0,17.0,255.0,0.0,339.0,0.0,506.0,1.0,304.0,0.0,398.0,75.0
2021-09-02 07:00:00+00:00,0.0,576.0,266.0,410.0,805.0,224.0,121.0,0.0,78.0,468.0,0.0,0.0,0.0,0.0,0.0,0.0,112.0,0.0,0.0,0.0,602.0,0.0,0.0,0.0,0.0,0.0,0.0,274.0,1408.0,93.0,0.0,50.0,148.0,0.0,292.0,0.0,514.0,0.0,259.0,0.0,439.0,74.0
2021-09-02 08:00:00+00:00,0.0,449.0,266.0,410.0,749.0,263.0,142.0,0.0,16.0,409.0,0.0,0.0,0.0,0.0,0.0,0.0,132.0,0.0,0.0,0.0,603.0,9.0,0.0,0.0,0.0,110.0,0.0,187.0,1409.0,87.0,0.0,0.0,70.0,0.0,241.0,0.0,537.0,0.0,225.0,0.0,398.0,74.0
2021-09-02 09:00:00+00:00,0.0,419.0,323.0,453.0,783.0,435.0,305.0,0.0,2.0,395.0,0.0,0.0,0.0,29.0,0.0,0.0,177.0,0.0,0.0,0.0,602.0,72.0,0.0,0.0,0.0,151.0,0.0,118.0,1409.0,75.0,0.0,0.0,4.0,0.0,224.0,0.0,621.0,0.0,193.0,0.0,364.0,75.0
2021-09-02 10:00:00+00:00,0.0,379.0,391.0,470.0,772.0,699.0,523.0,0.0,0.0,351.0,0.0,0.0,0.0,94.0,0.0,0.0,177.0,0.0,0.0,0.0,579.0,156.0,0.0,0.0,0.0,131.0,0.0,39.0,1410.0,52.0,0.0,0.0,0.0,0.0,190.0,0.0,590.0,0.0,79.0,0.0,381.0,75.0
2021-09-02 11:00:00+00:00,0.0,385.0,348.0,478.0,771.0,645.0,498.0,0.0,0.0,339.0,0.0,0.0,0.0,90.0,0.0,0.0,181.0,0.0,0.0,0.0,568.0,172.0,0.0,0.0,0.0,205.0,0.0,20.0,1410.0,57.0,0.0,0.0,0.0,0.0,195.0,27.0,608.0,0.0,20.0,5.0,423.0,75.0
2021-09-02 12:00:00+00:00,0.0,327.0,330.0,480.0,747.0,593.0,432.0,0.0,0.0,312.0,0.0,0.0,0.0,151.0,0.0,0.0,187.0,0.0,0.0,0.0,590.0,215.0,0.0,0.0,0.0,180.0,0.0,0.0,1409.0,62.0,0.0,0.0,0.0,0.0,163.0,185.0,581.0,0.0,0.0,91.0,474.0,76.0
2021-09-02 13:00:00+00:00,0.0,250.0,300.0,458.0,722.0,587.0,455.0,0.0,0.0,321.0,0.0,0.0,0.0,108.0,0.0,0.0,191.0,0.0,0.0,0.0,591.0,211.0,0.0,0.0,0.0,147.0,0.0,0.0,1428.0,67.0,0.0,0.0,0.0,0.0,149.0,239.0,547.0,0.0,0.0,107.0,481.0,75.0
2021-09-02 14:00:00+00:00,0.0,256.0,333.0,440.0,576.0,524.0,357.0,0.0,0.0,212.0,0.0,0.0,0.0,22.0,0.0,0.0,156.0,0.0,0.0,0.0,588.0,345.0,0.0,0.0,0.0,413.0,0.0,0.0,1423.0,74.0,0.0,0.0,7.0,0.0,137.0,247.0,561.0,0.0,0.0,115.0,447.0,77.0
2021-09-02 15:00:00+00:00,0.0,350.0,306.0,423.0,545.0,454.0,306.0,0.0,0.0,143.0,0.0,0.0,0.0,0.0,0.0,0.0,141.0,0.0,0.0,0.0,601.0,372.0,0.0,0.0,0.0,409.0,0.0,0.0,1408.0,75.0,0.0,0.0,73.0,0.0,173.0,236.0,597.0,0.0,0.0,40.0,450.0,76.0
2021-09-02 16:00:00+00:00,0.0,391.0,264.0,383.0,498.0,438.0,306.0,0.0,0.0,133.0,0.0,0.0,0.0,0.0,0.0,0.0,119.0,0.0,0.0,0.0,551.0,327.0,0.0,0.0,0.0,305.0,0.0,0.0,1409.0,76.0,0.0,0.0,144.0,0.0,181.0,251.0,547.0,0.0,0.0,22.0,449.0,76.0
2021-09-02 17:00:00+00:00,0.0,406.0,206.0,344.0,511.0,470.0,307.0,0.0,0.0,200.0,0.0,0.0,0.0,0.0,0.0,0.0,131.0,0.0,0.0,0.0,529.0,175.0,0.0,0.0,0.0,160.0,0.0,0.0,1409.0,77.0,0.0,0.0,178.0,0.0,193.0,258.0,488.0,0.0,0.0,11.0,427.0,74.0
2021-09-02 18:00:00+00:00,0.0,392.0,252.0,353.0,545.0,468.0,263.0,0.0,0.0,217.0,0.0,0.0,0.0,0.0,0.0,0.0,129.0,0.0,0.0,0.0,553.0,152.0,0.0,0.0,0.0,71.0,0.0,0.0,1422.0,84.0,0.0,0.0,145.0,0.0,185.0,278.0,487.0,0.0,0.0,24.0,452.0,75.0
2021-09-02 19:00:00+00:00,0.0,473.0,269.0,349.0,532.0,528.0,308.0,0.0,0.0,232.0,0.0,0.0,0.0,0.0,0.0,0.0,119.0,0.0,0.0,0.0,601.0,153.0,0.0,0.0,0.0,220.0,0.0,15.0,1421.0,82.0,0.0,0.0,127.0,0.0,213.0,209.0,479.0,0.0,0.0,7.0,473.0,73.0
2021-09-02 20:00:00+00:00,0.0,273.0,307.0,422.0,549.0,629.0,351.0,0.0,0.0,127.0,0.0,0.0,0.0,1.0,0.0,0.0,100.0,0.0,0.0,0.0,585.0,351.0,0.0,0.0,0.0,284.0,0.0,0.0,1399.0,77.0,0.0,0.0,26.0,0.0,147.0,364.0,549.0,0.0,0.0,116.0,555.0,75.0
2021-09-02 21:00:00+00:00,0.0,154.0,327.0,431.0,535.0,591.0,393.0,0.0,0.0,118.0,0.0,0.0,0.0,4.0,0.0,0.0,161.0,0.0,0.0,0.0,602.0,411.0,0.0,0.0,0.0,308.0,0.0,0.0,1411.0,80.0,0.0,0.0,14.0,0.0,141.0,409.0,549.0,0.0,0.0,136.0,640.0,75.0
2021-09-02 22:00:00+00:00,0.0,167.0,287.0,425.0,574.0,622.0,401.0,0.0,0.0,209.0,0.0,0.0,0.0,1.0,0.0,0.0,120.0,0.0,0.0,0.0,602.0,374.0,0.0,0.0,0.0,372.0,0.0,0.0,1433.0,88.0,0.0,0.0,39.0,0.0,187.0,270.0,554.0,0.0,0.0,69.0,593.0,76.0
2021-09-02 23:00:00+00:00,0.0,257.0,286.0,426.0,582.0,661.0,395.0,0.0,0.0,247.0,0.0,0.0,0.0,0.0,0.0,0.0,160.0,0.0,0.0,0.0,602.0,379.0,0.0,0.0,0.0,438.0,0.0,0.0,1426.0,86.0,0.0,0.0,81.0,0.0,233.0,181.0,525.0,0.0,0.0,34.0,562.0,75.0
2021-09-03 00:00:00+00:00,0.0,277.0,254.0,423.0,577.0,634.0,384.0,0.0,0.0,256.0,0.0,0.0,0.0,0.0,0.0,0.0,148.0,0.0,0.0,0.0,602.0,388.0,0.0,0.0,0.0,434.0,0.0,2.0,1421.0,85.0,0.0,0.0,86.0,0.0,248.0,152.0,530.0,0.0,0.0,12.0,557.0,76.0
2021-09-03 01:00:00+00:00,0.0,316.0,216.0,396.0,560.0,619.0,337.0,0.0,0.0,284.0,0.0,0.0,0.0,0.0,0.0,0.0,140.0,0.0,0.0,0.0,603.0,334.0,0.0,0.0,0.0,430.0,0.0,5.0,1406.0,90.0,0.0,0.0,93.0,0.0,260.0,159.0,487.0,0.0,0.0,15.0,562.0,75.0
2021-09-03 02:00:00+00:00,0.0,241.0,192.0,382.0,526.0,610.0,349.0,0.0,0.0,274.0,0.0,0.0,0.0,0.0,0.0,0.0,137.0,0.0,0.0,0.0,603.0,338.0,0.0,0.0,0.0,405.0,0.0,0.0,1405.0,94.0,0.0,0.0,74.0,0.0,221.0,244.0,473.0,0.0,0.0,73.0,550.0,75.0
2021-09-03 03:00:00+00:00,0.0,69.0,201.0,361.0,451.0,499.0,229.0,0.0,0.0,225.0,0.0,0.0,0.0,6.0,0.0,0.0,145.0,0.0,0.0,0.0,603.0,379.0,0.0,0.0,0.0,336.0,0.0,0.0,1210.0,98.0,0.0,0.0,14.0,0.0,121.0,474.0,462.0,1.0,0.0,248.0,560.0,76.0
2021-09-03 04:00:00+00:00,0.0,431.0,136.0,326.0,558.0,482.0,274.0,0.0,0.0,304.0,0.0,0.0,0.0,0.0,0.0,0.0,163.0,0.0,0.0,0.0,602.0,157.0,0.0,0.0,0.0,180.0,0.0,0.0,874.0,98.0,0.0,0.0,158.0,0.0,249.0,313.0,440.0,0.0,0.0,74.0,541.0,75.0
2021-09-03 05:00:00+00:00,0.0,307.0,74.0,262.0,513.0,471.0,224.0,0.0,5.0,294.0,0.0,0.0,0.0,0.0,0.0,0.0,127.0,0.0,0.0,0.0,602.0,45.0,0.0,0.0,0.0,0.0,0.0,0.0,820.0,97.0,0.0,88.0,163.0,0.0,196.0,133.0,364.0,8.0,0.0,37.0,396.0,74.0
2021-09-03 06:00:00+00:00,0.0,359.0,73.0,277.0,563.0,493.0,227.0,0.0,79.0,375.0,0.0,0.0,0.0,0.0,0.0,0.0,90.0,0.0,0.0,0.0,603.0,0.0,0.0,0.0,0.0,0.0,0.0,0.0,813.0,96.0,0.0,105.0,101.0,0.0,181.0,112.0,383.0,16.0,0.0,86.0,363.0,75.0
2021-09-03 07:00:00+00:00,0.0,323.0,127.0,314.0,616.0,440.0,216.0,0.0,121.0,403.0,0.0,0.0,0.0,5.0,0.0,0.0,111.0,0.0,0.0,0.0,602.0,0.0,0.0,0.0,0.0,0.0,0.0,0.0,813.0,101.0,0.0,77.0,22.0,0.0,160.0,114.0,378.0,2.0,0.0,126.0,346.0,75.0
2021-09-03 08:00:00+00:00,0.0,140.0,127.0,333.0,554.0,440.0,241.0,0.0,8.0,299.0,0.0,0.0,0.0,157.0,0.0,0.0,148.0,0.0,0.0,0.0,603.0,30.0,0.0,0.0,0.0,0.0,0.0,0.0,840.0,101.0,0.0,86.0,0.0,0.0,58.0,332.0,367.0,2.0,0.0,330.0,389.0,76.0
2021-09-03 09:00:00+00:00,0.0,49.0,130.0,357.0,554.0,414.0,221.0,0.0,0.0,292.0,0.0,0.0,0.0,235.0,0.0,0.0,141.0,0.0,0.0,0.0,602.0,82.0,0.0,0.0,0.0,0.0,0.0,0.0,811.0,101.0,0.0,101.0,0.0,0.0,19.0,365.0,435.0,0.0,0.0,368.0,388.0,74.0
2021-09-03 10:00:00+00:00,0.0,0.0,196.0,358.0,541.0,363.0,197.0,0.0,0.0,297.0,0.0,42.0,12.0,270.0,0.0,0.0,149.0,0.0,0.0,0.0,599.0,107.0,0.0,0.0,0.0,0.0,0.0,0.0,790.0,101.0,0.0,139.0,0.0,0.0,0.0,373.0,459.0,0.0,0.0,374.0,392.0,74.0
2021-09-03 11:00:00+00:00,0.0,0.0,202.0,362.0,522.0,346.0,176.0,0.0,0.0,279.0,0.0,133.0,33.0,276.0,0.0,0.0,147.0,0.0,0.0,0.0,603.0,154.0,0.0,0.0,0.0,0.0,0.0,0.0,827.0,128.0,0.0,127.0,0.0,0.0,0.0,408.0,472.0,0.0,0.0,380.0,387.0,74.0
2021-09-03 12:00:00+00:00,0.0,0.0,219.0,369.0,520.0,391.0,261.0,0.0,0.0,265.0,0.0,187.0,42.0,297.0,0.0,0.0,153.0,0.0,0.0,0.0,603.0,172.0,0.0,0.0,0.0,0.0,0.0,0.0,1294.0,176.0,0.0,149.0,0.0,0.0,0.0,505.0,476.0,0.0,0.0,418.0,419.0,73.0
2021-09-03 13:00:00+00:00,0.0,0.0,204.0,354.0,457.0,408.0,242.0,0.0,0.0,243.0,0.0,227.0,55.0,262.0,0.0,0.0,176.0,0.0,0.0,0.0,603.0,237.0,0.0,0.0,0.0,0.0,0.0,0.0,1212.0,186.0,0.0,63.0,0.0,0.0,0.0,467.0,451.0,0.0,0.0,438.0,334.0,75.0
2021-09-03 14:00:00+00:00,0.0,0.0,234.0,354.0,390.0,301.0,230.0,0.0,0.0,188.0,0.0,146.0,35.0,181.0,0.0,0.0,124.0,0.0,0.0,0.0,603.0,308.0,0.0,0.0,0.0,97.0,0.0,0.0,865.0,176.0,0.0,0.0,0.0,0.0,0.0,406.0,490.0,0.0,0.0,432.0,281.0,74.0
2021-09-03 15:00:00+00:00,0.0,0.0,242.0,346.0,363.0,347.0,222.0,0.0,0.0,121.0,0.0,130.0,40.0,128.0,0.0,0.0,108.0,0.0,0.0,0.0,602.0,354.0,0.0,0.0,0.0,75.0,0.0,0.0,813.0,171.0,0.0,0.0,0.0,0.0,0.0,370.0,495.0,0.0,0.0,372.0,257.0,74.0
2021-09-03 16:00:00+00:00,0.0,33.0,210.0,317.0,340.0,280.0,177.0,0.0,0.0,92.0,0.0,0.0,15.0,31.0,0.0,0.0,82.0,0.0,0.0,0.0,602.0,332.0,0.0,0.0,0.0,34.0,0.0,0.0,814.0,182.0,0.0,0.0,1.0,0.0,0.0,335.0,436.0,1.0,0.0,321.0,232.0,73.0
2021-09-03 17:00:00+00:00,0.0,0.0,185.0,322.0,360.0,349.0,185.0,0.0,0.0,107.0,0.0,13.0,42.0,37.0,0.0,0.0,88.0,0.0,0.0,0.0,585.0,283.0,0.0,0.0,0.0,0.0,0.0,0.0,814.0,175.0,0.0,119.0,1.0,0.0,0.0,408.0,470.0,0.0,0.0,367.0,214.0,74.0
2021-09-03 18:00:00+00:00,0.0,95.0,218.0,347.0,438.0,372.0,232.0,0.0,0.0,163.0,0.0,0.0,0.0,46.0,0.0,0.0,81.0,0.0,0.0,0.0,592.0,223.0,0.0,0.0,0.0,0.0,0.0,0.0,1264.0,166.0,0.0,146.0,0.0,0.0,12.0,370.0,491.0,0.0,0.0,285.0,266.0,75.0
2021-09-03 19:00:00+00:00,0.0,274.0,247.0,381.0,500.0,329.0,215.0,0.0,0.0,167.0,0.0,0.0,0.0,4.0,0.0,0.0,70.0,0.0,0.0,0.0,592.0,249.0,0.0,0.0,0.0,69.0,0.0,0.0,1374.0,189.0,0.0,0.0,21.0,0.0,101.0,218.0,507.0,0.0,0.0,137.0,329.0,76.0
2021-09-03 20:00:00+00:00,0.0,73.0,274.0,423.0,509.0,385.0,292.0,0.0,0.0,123.0,0.0,0.0,0.0,64.0,0.0,0.0,134.0,0.0,0.0,0.0,594.0,361.0,0.0,0.0,0.0,145.0,0.0,0.0,1437.0,196.0,0.0,0.0,0.0,0.0,59.0,371.0,559.0,0.0,0.0,277.0,393.0,74.0
2021-09-03 21:00:00+00:00,0.0,86.0,332.0,436.0,508.0,379.0,274.0,0.0,0.0,90.0,0.0,0.0,0.0,52.0,0.0,0.0,140.0,0.0,0.0,0.0,602.0,414.0,0.0,0.0,0.0,276.0,0.0,0.0,1397.0,209.0,0.0,0.0,1.0,0.0,108.0,315.0,532.0,2.0,0.0,207.0,464.0,74.0
2021-09-03 22:00:00+00:00,0.0,0.0,263.0,423.0,489.0,315.0,240.0,0.0,0.0,166.0,0.0,15.0,0.0,93.0,0.0,0.0,25.0,0.0,0.0,0.0,602.0,409.0,0.0,0.0,0.0,297.0,0.0,0.0,1419.0,202.0,0.0,0.0,0.0,0.0,78.0,307.0,511.0,0.0,0.0,255.0,475.0,75.0
2021-09-03 23:00:00+00:00,0.0,73.0,270.0,414.0,460.0,283.0,183.0,0.0,0.0,147.0,0.0,0.0,0.0,82.0,0.0,0.0,75.0,0.0,0.0,0.0,602.0,478.0,0.0,0.0,0.0,381.0,0.0,0.0,1416.0,208.0,0.0,0.0,0.0,0.0,106.0,267.0,500.0,0.0,0.0,222.0,493.0,74.0
2021-09-04 00:00:00+00:00,0.0,92.0,221.0,398.0,421.0,340.0,208.0,0.0,0.0,132.0,0.0,0.0,0.0,70.0,0.0,0.0,130.0,0.0,0.0,0.0,591.0,499.0,0.0,0.0,0.0,423.0,0.0,0.0,1406.0,204.0,0.0,0.0,0.0,0.0,119.0,261.0,488.0,0.0,0.0,226.0,483.0,75.0
2021-09-04 01:00:00+00:00,0.0,71.0,229.0,391.0,416.0,368.0,223.0,0.0,0.0,152.0,0.0,0.0,0.0,69.0,0.0,0.0,133.0,0.0,0.0,0.0,602.0,492.0,0.0,0.0,0.0,346.0,0.0,0.0,1409.0,196.0,0.0,0.0,0.0,0.0,111.0,254.0,496.0,0.0,0.0,223.0,477.0,76.0
2021-09-04 02:00:00+00:00,0.0,4.0,206.0,380.0,388.0,346.0,213.0,0.0,0.0,134.0,0.0,0.0,0.0,90.0,0.0,0.0,130.0,0.0,0.0,0.0,602.0,501.0,0.0,0.0,0.0,329.0,0.0,0.0,1414.0,192.0,0.0,0.0,0.0,0.0,80.0,267.0,472.0,0.0,0.0,244.0,460.0,75.0
2021-09-04 03:00:00+00:00,0.0,0.0,179.0,366.0,373.0,300.0,217.0,0.0,0.0,122.0,0.0,31.0,0.0,115.0,0.0,0.0,134.0,0.0,0.0,0.0,603.0,492.0,0.0,0.0,0.0,315.0,0.0,0.0,1411.0,193.0,0.0,0.0,0.0,0.0,49.0,368.0,451.0,0.0,0.0,338.0,425.0,75.0
2021-09-04 04:00:00+00:00,0.0,0.0,187.0,360.0,359.0,249.0,151.0,0.0,0.0,103.0,0.0,76.0,0.0,114.0,0.0,0.0,141.0,0.0,0.0,0.0,602.0,502.0,0.0,0.0,0.0,274.0,0.0,0.0,1407.0,204.0,0.0,0.0,0.0,0.0,31.0,380.0,470.0,0.0,0.0,376.0,382.0,75.0
2021-09-04 05:00:00+00:00,0.0,62.0,190.0,358.0,399.0,226.0,138.0,0.0,0.0,153.0,0.0,0.0,0.0,62.0,0.0,0.0,115.0,0.0,0.0,0.0,602.0,428.0,0.0,0.0,0.0,223.0,0.0,0.0,1423.0,198.0,0.0,0.0,0.0,0.0,54.0,235.0,457.0,0.0,0.0,277.0,346.0,75.0
2021-09-04 06:00:00+00:00,0.0,101.0,194.0,364.0,427.0,292.0,185.0,0.0,0.0,219.0,0.0,0.0,0.0,90.0,0.0,0.0,122.0,0.0,0.0,0.0,575.0,342.0,0.0,0.0,0.0,158.0,0.0,0.0,1445.0,185.0,0.0,0.0,0.0,0.0,55.0,148.0,488.0,1.0,0.0,258.0,308.0,73.0
2021-09-04 07:00:00+00:00,0.0,6.0,209.0,387.0,449.0,284.0,235.0,0.0,0.0,239.0,0.0,0.0,0.0,185.0,0.0,0.0,114.0,0.0,0.0,0.0,536.0,304.0,0.0,0.0,0.0,80.0,0.0,0.0,1388.0,174.0,0.0,0.0,0.0,0.0,6.0,96.0,477.0,0.0,0.0,288.0,283.0,74.0
2021-09-04 08:00:00+00:00,0.0,0.0,174.0,394.0,445.0,268.0,174.0,0.0,0.0,238.0,0.0,153.0,21.0,241.0,0.0,0.0,121.0,0.0,0.0,0.0,527.0,316.0,0.0,0.0,0.0,88.0,0.0,0.0,1410.0,174.0,0.0,0.0,0.0,0.0,0.0,11.0,457.0,0.0,4.0,279.0,228.0,74.0
2021-09-04 09:00:00+00:00,0.0,0.0,151.0,391.0,462.0,279.0,245.0,0.0,0.0,305.0,0.0,214.0,29.0,268.0,0.0,0.0,109.0,0.0,0.0,0.0,535.0,265.0,0.0,0.0,0.0,102.0,0.0,0.0,1411.0,167.0,0.0,0.0,0.0,0.0,0.0,31.0,440.0,2.0,6.0,320.0,213.0,75.0
2021-09-04 10:00:00+00:00,0.0,0.0,151.0,395.0,459.0,230.0,252.0,0.0,0.0,295.0,0.0,222.0,34.0,273.0,0.0,0.0,83.0,0.0,0.0,0.0,535.0,277.0,0.0,0.0,0.0,106.0,0.0,0.0,1419.0,172.0,0.0,0.0,0.0,0.0,0.0,63.0,420.0,2.0,0.0,328.0,250.0,74.0
2021-09-04 11:00:00+00:00,0.0,0.0,181.0,399.0,463.0,237.0,268.0,0.0,0.0,276.0,0.0,223.0,34.0,257.0,0.0,0.0,111.0,0.0,0.0,0.0,517.0,294.0,0.0,0.0,0.0,87.0,0.0,0.0,1417.0,172.0,0.0,0.0,0.0,0.0,0.0,44.0,418.0,0.0,0.0,297.0,241.0,76.0
2021-09-04 12:00:00+00:00,0.0,0.0,163.0,394.0,444.0,233.0,227.0,0.0,0.0,263.0,0.0,278.0,41.0,246.0,0.0,0.0,114.0,0.0,0.0,0.0,517.0,296.0,0.0,0.0,0.0,113.0,0.0,0.0,1421.0,173.0,0.0,0.0,0.0,0.0,0.0,80.0,414.0,0.0,0.0,325.0,232.0,74.0
2021-09-04 13:00:00+00:00,0.0,0.0,165.0,373.0,412.0,236.0,211.0,0.0,0.0,235.0,0.0,316.0,60.0,232.0,0.0,0.0,131.0,0.0,0.0,0.0,517.0,305.0,0.0,0.0,0.0,103.0,0.0,0.0,1417.0,169.0,0.0,0.0,0.0,0.0,0.0,164.0,401.0,0.0,0.0,370.0,237.0,75.0
2021-09-04 14:00:00+00:00,0.0,0.0,164.0,360.0,375.0,295.0,170.0,0.0,0.0,214.0,0.0,356.0,91.0,207.0,0.0,0.0,88.0,0.0,0.0,0.0,517.0,316.0,0.0,0.0,0.0,81.0,0.0,0.0,1445.0,172.0,0.0,0.0,0.0,0.0,0.0,208.0,395.0,0.0,0.0,386.0,209.0,74.0
2021-09-04 15:00:00+00:00,0.0,0.0,176.0,358.0,371.0,314.0,172.0,0.0,0.0,161.0,0.0,79.0,31.0,160.0,0.0,0.0,99.0,0.0,0.0,0.0,519.0,368.0,0.0,0.0,0.0,97.0,0.0,0.0,1441.0,166.0,0.0,0.0,0.0,0.0,0.0,342.0,433.0,1.0,0.0,358.0,300.0,75.0
2021-09-04 16:00:00+00:00,0.0,58.0,186.0,370.0,402.0,275.0,123.0,0.0,0.0,131.0,0.0,0.0,0.0,55.0,0.0,0.0,77.0,0.0,0.0,0.0,577.0,365.0,0.0,0.0,0.0,59.0,0.0,0.0,1396.0,166.0,0.0,0.0,0.0,0.0,6.0,345.0,473.0,1.0,0.0,311.0,296.0,74.0
2021-09-04 17:00:00+00:00,0.0,117.0,200.0,362.0,395.0,358.0,163.0,0.0,0.0,124.0,0.0,0.0,3.0,36.0,0.0,0.0,76.0,0.0,0.0,0.0,454.0,353.0,0.0,0.0,0.0,0.0,0.0,0.0,1409.0,159.0,0.0,49.0,0.0,0.0,0.0,433.0,481.0,0.0,0.0,341.0,298.0,74.0
2021-09-04 18:00:00+00:00,0.0,174.0,186.0,380.0,444.0,361.0,228.0,0.0,0.0,129.0,0.0,0.0,0.0,21.0,0.0,0.0,73.0,0.0,0.0,0.0,487.0,337.0,0.0,0.0,0.0,0.0,0.0,0.0,1442.0,154.0,0.0,9.0,5.0,0.0,32.0,373.0,489.0,0.0,0.0,295.0,308.0,75.0
2021-09-04 19:00:00+00:00,0.0,176.0,199.0,378.0,421.0,308.0,199.0,0.0,0.0,126.0,0.0,0.0,0.0,16.0,0.0,0.0,63.0,0.0,0.0,0.0,580.0,360.0,0.0,0.0,0.0,223.0,0.0,0.0,1430.0,162.0,0.0,0.0,7.0,0.0,54.0,328.0,482.0,2.0,0.0,291.0,326.0,77.0
2021-09-04 20:00:00+00:00,0.0,220.0,190.0,386.0,428.0,349.0,225.0,0.0,0.0,125.0,0.0,0.0,0.0,29.0,0.0,0.0,53.0,0.0,0.0,0.0,583.0,372.0,0.0,0.0,0.0,344.0,0.0,0.0,1432.0,159.0,0.0,0.0,2.0,0.0,94.0,354.0,463.0,0.0,0.0,287.0,410.0,75.0
2021-09-04 21:00:00+00:00,0.0,93.0,207.0,396.0,422.0,383.0,238.0,0.0,0.0,113.0,0.0,0.0,0.0,69.0,0.0,0.0,41.0,0.0,0.0,0.0,582.0,407.0,0.0,0.0,0.0,453.0,0.0,0.0,1451.0,162.0,0.0,0.0,0.0,0.0,99.0,302.0,447.0,2.0,0.0,251.0,439.0,75.0
2021-09-04 22:00:00+00:00,0.0,0.0,185.0,369.0,375.0,357.0,193.0,0.0,0.0,130.0,0.0,110.0,0.0,133.0,0.0,0.0,32.0,0.0,0.0,0.0,572.0,456.0,0.0,0.0,0.0,383.0,0.0,0.0,1471.0,172.0,0.0,0.0,0.0,0.0,38.0,378.0,449.0,0.0,0.0,386.0,417.0,75.0
2021-09-04 23:00:00+00:00,0.0,0.0,166.0,354.0,370.0,373.0,227.0,0.0,0.0,169.0,0.0,78.0,0.0,118.0,0.0,0.0,75.0,0.0,0.0,0.0,586.0,439.0,0.0,0.0,0.0,375.0,0.0,0.0,1431.0,169.0,0.0,0.0,0.0,0.0,55.0,357.0,419.0,1.0,0.0,385.0,406.0,73.0
2021-09-05 00:00:00+00:00,0.0,0.0,153.0,347.0,351.0,410.0,249.0,0.0,0.0,137.0,0.0,71.0,0.0,114.0,0.0,0.0,125.0,0.0,0.0,0.0,602.0,469.0,0.0,0.0,0.0,377.0,0.0,0.0,1436.0,161.0,0.0,0.0,0.0,0.0,59.0,315.0,390.0,0.0,0.0,287.0,462.0,76.0
2021-09-05 01:00:00+00:00,0.0,0.0,134.0,355.0,353.0,423.0,247.0,0.0,0.0,130.0,0.0,106.0,0.0,113.0,0.0,0.0,129.0,0.0,0.0,0.0,603.0,481.0,0.0,0.0,0.0,334.0,0.0,0.0,1445.0,161.0,0.0,0.0,0.0,0.0,59.0,278.0,407.0,2.0,0.0,265.0,446.0,77.0
2021-09-05 02:00:00+00:00,0.0,0.0,149.0,365.0,368.0,412.0,229.0,0.0,0.0,153.0,0.0,108.0,0.0,107.0,0.0,0.0,125.0,0.0,0.0,0.0,602.0,484.0,0.0,0.0,0.0,342.0,0.0,0.0,1438.0,169.0,0.0,0.0,0.0,0.0,64.0,284.0,444.0,0.0,0.0,256.0,460.0,76.0
2021-09-05 03:00:00+00:00,0.0,0.0,158.0,366.0,376.0,400.0,219.0,0.0,0.0,170.0,0.0,124.0,0.0,108.0,0.0,0.0,122.0,0.0,0.0,0.0,603.0,464.0,0.0,0.0,0.0,326.0,0.0,0.0,1447.0,164.0,0.0,0.0,0.0,0.0,60.0,265.0,429.0,2.0,0.0,243.0,442.0,74.0
2021-09-05 04:00:00+00:00,0.0,0.0,189.0,372.0,368.0,375.0,198.0,0.0,0.0,111.0,0.0,101.0,0.0,93.0,0.0,0.0,125.0,0.0,0.0,0.0,602.0,511.0,0.0,0.0,0.0,321.0,0.0,0.0,1446.0,160.0,0.0,0.0,0.0,0.0,69.0,226.0,457.0,0.0,0.0,223.0,414.0,75.0
2021-09-05 05:00:00+00:00,0.0,0.0,190.0,397.0,463.0,338.0,171.0,0.0,0.0,254.0,0.0,72.0,0.0,111.0,0.0,0.0,128.0,0.0,0.0,0.0,568.0,409.0,0.0,0.0,0.0,262.0,0.0,0.0,1464.0,166.0,0.0,0.0,0.0,0.0,88.0,225.0,454.0,0.0,0.0,213.0,437.0,76.0
2021-09-05 06:00:00+00:00,0.0,0.0,213.0,417.0,486.0,304.0,171.0,0.0,0.0,276.0,0.0,65.0,0.0,158.0,0.0,0.0,127.0,0.0,0.0,0.0,539.0,368.0,0.0,0.0,0.0,212.0,0.0,0.0,1486.0,176.0,0.0,0.0,0.0,0.0,73.0,196.0,457.0,0.0,0.0,245.0,399.0,77.0
2021-09-05 07:00:00+00:00,0.0,0.0,250.0,451.0,532.0,305.0,201.0,0.0,0.0,307.0,0.0,189.0,0.0,255.0,0.0,0.0,122.0,0.0,0.0,0.0,439.0,329.0,0.0,0.0,0.0,182.0,0.0,0.0,1461.0,170.0,0.0,0.0,0.0,0.0,38.0,192.0,481.0,0.0,0.0,307.0,381.0,76.0
2021-09-05 08:00:00+00:00,0.0,0.0,258.0,471.0,578.0,323.0,248.0,0.0,0.0,344.0,0.0,201.0,0.0,304.0,0.0,0.0,114.0,0.0,0.0,0.0,496.0,296.0,0.0,0.0,0.0,252.0,0.0,0.0,1455.0,169.0,0.0,0.0,0.0,0.0,25.0,111.0,527.0,0.0,0.0,261.0,382.0,75.0
2021-09-05 09:00:00+00:00,0.0,0.0,258.0,478.0,593.0,321.0,170.0,0.0,0.0,340.0,0.0,254.0,26.0,376.0,0.0,0.0,107.0,0.0,0.0,0.0,483.0,307.0,0.0,0.0,0.0,402.0,0.0,0.0,1468.0,160.0,0.0,0.0,0.0,0.0,0.0,115.0,521.0,0.0,0.0,296.0,382.0,75.0
2021-09-05 10:00:00+00:00,0.0,0.0,256.0,474.0,580.0,280.0,194.0,0.0,0.0,322.0,0.0,256.0,30.0,376.0,0.0,0.0,101.0,0.0,0.0,0.0,407.0,323.0,0.0,0.0,0.0,413.0,0.0,0.0,1452.0,155.0,0.0,0.0,0.0,0.0,0.0,88.0,508.0,0.0,0.0,287.0,372.0,76.0
2021-09-05 11:00:00+00:00,0.0,0.0,241.0,461.0,600.0,327.0,238.0,0.0,0.0,385.0,0.0,463.0,93.0,343.0,0.0,0.0,86.0,0.0,0.0,0.0,380.0,240.0,0.0,0.0,0.0,437.0,0.0,0.0,1447.0,164.0,0.0,0.0,0.0,0.0,0.0,0.0,482.0,0.0,25.0,258.0,289.0,77.0
2021-09-05 12:00:00+00:00,0.0,0.0,199.0,435.0,602.0,308.0,250.0,0.0,0.0,427.0,0.0,439.0,72.0,281.0,0.0,0.0,86.0,0.0,0.0,0.0,365.0,164.0,0.0,0.0,0.0,451.0,0.0,0.0,1446.0,166.0,0.0,0.0,0.0,0.0,0.0,0.0,471.0,0.0,45.0,225.0,288.0,76.0
2021-09-05 13:00:00+00:00,0.0,0.0,242.0,440.0,566.0,278.0,246.0,0.0,0.0,369.0,0.0,471.0,96.0,301.0,0.0,0.0,94.0,0.0,0.0,0.0,389.0,241.0,0.0,0.0,0.0,454.0,0.0,0.0,1444.0,163.0,0.0,0.0,0.0,0.0,0.0,65.0,464.0,0.0,0.0,279.0,287.0,76.0
2021-09-05 14:00:00+00:00,0.0,0.0,210.0,442.0,523.0,268.0,142.0,0.0,0.0,285.0,0.0,287.0,14.0,231.0,0.0,0.0,117.0,0.0,0.0,0.0,418.0,332.0,0.0,0.0,0.0,410.0,0.0,0.0,1413.0,162.0,0.0,0.0,0.0,0.0,0.0,142.0,477.0,0.0,0.0,244.0,354.0,76.0
2021-09-05 15:00:00+00:00,0.0,7.0,202.0,439.0,517.0,247.0,93.0,0.0,0.0,264.0,0.0,0.0,0.0,64.0,0.0,0.0,118.0,0.0,0.0,0.0,450.0,334.0,0.0,0.0,0.0,243.0,0.0,0.0,1475.0,166.0,0.0,0.0,0.0,0.0,91.0,151.0,488.0,1.0,0.0,148.0,403.0,77.0
2021-09-05 16:00:00+00:00,0.0,24.0,275.0,404.0,490.0,215.0,64.0,0.0,0.0,277.0,0.0,0.0,0.0,6.0,0.0,0.0,83.0,0.0,0.0,0.0,598.0,275.0,0.0,0.0,0.0,134.0,0.0,0.0,1432.0,172.0,0.0,0.0,31.0,0.0,84.0,233.0,431.0,0.0,0.0,171.0,397.0,76.0
2021-09-05 17:00:00+00:00,0.0,0.0,207.0,390.0,520.0,276.0,75.0,0.0,0.0,310.0,0.0,72.0,0.0,0.0,0.0,0.0,62.0,0.0,0.0,0.0,583.0,193.0,0.0,0.0,0.0,0.0,0.0,0.0,1459.0,156.0,0.0,78.0,54.0,0.0,54.0,267.0,477.0,0.0,0.0,187.0,343.0,76.0
2021-09-05 18:00:00+00:00,0.0,14.0,162.0,366.0,553.0,268.0,93.0,0.0,0.0,385.0,0.0,0.0,0.0,0.0,0.0,0.0,72.0,0.0,0.0,0.0,580.0,52.0,0.0,0.0,0.0,0.0,0.0,0.0,1486.0,154.0,0.0,76.0,66.0,0.0,98.0,226.0,423.0,0.0,0.0,136.0,361.0,76.0
2021-09-05 19:00:00+00:00,0.0,118.0,182.0,390.0,567.0,268.0,149.0,0.0,0.0,397.0,0.0,0.0,0.0,1.0,0.0,0.0,69.0,0.0,0.0,0.0,491.0,84.0,0.0,0.0,0.0,55.0,0.0,0.0,1431.0,156.0,0.0,0.0,48.0,0.0,144.0,252.0,449.0,2.0,0.0,156.0,416.0,75.0
2021-09-05 20:00:00+00:00,0.0,148.0,223.0,443.0,626.0,318.0,191.0,0.0,0.0,388.0,0.0,0.0,0.0,1.0,0.0,0.0,65.0,0.0,0.0,0.0,487.0,144.0,0.0,0.0,0.0,197.0,0.0,0.0,1418.0,155.0,0.0,0.0,60.0,0.0,188.0,228.0,513.0,0.0,0.0,139.0,451.0,75.0
2021-09-05 21:00:00+00:00,0.0,138.0,231.0,434.0,586.0,381.0,209.0,0.0,0.0,354.0,0.0,0.0,0.0,1.0,0.0,0.0,138.0,0.0,0.0,0.0,564.0,179.0,0.0,0.0,0.0,365.0,0.0,0.0,1464.0,158.0,0.0,0.0,44.0,0.0,205.0,215.0,448.0,0.0,0.0,126.0,484.0,76.0
2021-09-05 22:00:00+00:00,0.0,252.0,218.0,382.0,592.0,365.0,242.0,0.0,0.0,409.0,0.0,0.0,0.0,0.0,0.0,0.0,154.0,0.0,0.0,0.0,588.0,119.0,0.0,0.0,0.0,382.0,0.0,0.0,1448.0,141.0,0.0,0.0,137.0,0.0,279.0,113.0,387.0,0.0,0.0,61.0,471.0,77.0
2021-09-05 23:00:00+00:00,0.0,308.0,182.0,387.0,600.0,445.0,248.0,0.0,0.0,373.0,0.0,0.0,0.0,0.0,0.0,0.0,137.0,0.0,0.0,0.0,554.0,183.0,0.0,0.0,0.0,415.0,0.0,0.0,1461.0,147.0,0.0,0.0,177.0,0.0,311.0,47.0,431.0,0.0,0.0,34.0,452.0,75.0
2021-09-06 00:00:00+00:00,0.0,350.0,174.0,379.0,576.0,463.0,257.0,0.0,0.0,350.0,0.0,0.0,0.0,0.0,0.0,0.0,121.0,0.0,0.0,0.0,561.0,216.0,0.0,0.0,0.0,487.0,0.0,0.0,1456.0,155.0,0.0,0.0,194.0,0.0,331.0,42.0,439.0,0.0,0.0,30.0,454.0,75.0
2021-09-06 01:00:00+00:00,0.0,413.0,141.0,362.0,578.0,462.0,237.0,0.0,0.0,356.0,0.0,0.0,0.0,0.0,0.0,0.0,111.0,0.0,0.0,0.0,504.0,180.0,0.0,0.0,0.0,502.0,0.0,0.0,1465.0,163.0,0.0,0.0,243.0,0.0,359.0,20.0,421.0,2.0,0.0,20.0,442.0,77.0
2021-09-06 02:00:00+00:00,0.0,399.0,142.0,372.0,615.0,410.0,250.0,0.0,0.0,376.0,0.0,0.0,0.0,0.0,0.0,0.0,111.0,0.0,0.0,0.0,502.0,160.0,0.0,0.0,0.0,403.0,0.0,0.0,1435.0,160.0,0.0,0.0,241.0,0.0,344.0,25.0,419.0,1.0,0.0,24.0,412.0,76.0
2021-09-06 03:00:00+00:00,0.0,424.0,106.0,368.0,617.0,350.0,212.0,0.0,0.0,383.0,0.0,0.0,0.0,0.0,0.0,0.0,123.0,0.0,0.0,0.0,505.0,120.0,0.0,0.0,0.0,310.0,0.0,0.0,1462.0,152.0,0.0,0.0,201.0,0.0,327.0,159.0,432.0,6.0,0.0,62.0,472.0,76.0
2021-09-06 04:00:00+00:00,0.0,453.0,145.0,330.0,598.0,398.0,232.0,0.0,3.0,431.0,0.0,0.0,0.0,0.0,0.0,0.0,152.0,0.0,0.0,0.0,586.0,30.0,0.0,0.0,0.0,251.0,0.0,38.0,1392.0,140.0,0.0,0.0,275.0,0.0,335.0,27.0,391.0,1.0,0.0,0.0,408.0,76.0
2021-09-06 05:00:00+00:00,0.0,607.0,116.0,333.0,613.0,388.0,196.0,0.0,13.0,413.0,0.0,0.0,0.0,0.0,0.0,0.0,179.0,0.0,0.0,0.0,161.0,13.0,0.0,0.0,0.0,42.0,0.0,43.0,1389.0,122.0,0.0,0.0,270.0,0.0,354.0,0.0,407.0,5.0,80.0,0.0,339.0,75.0
2021-09-06 06:00:00+00:00,0.0,657.0,158.0,359.0,627.0,278.0,32.0,0.0,22.0,436.0,0.0,0.0,0.0,0.0,0.0,0.0,182.0,0.0,0.0,0.0,142.0,6.0,0.0,0.0,0.0,0.0,0.0,4.0,1344.0,67.0,0.0,3.0,161.0,0.0,300.0,0.0,378.0,1.0,104.0,8.0,323.0,76.0
2021-09-06 07:00:00+00:00,0.0,558.0,178.0,418.0,729.0,275.0,93.0,0.0,95.0,540.0,0.0,0.0,0.0,1.0,0.0,0.0,188.0,0.0,0.0,0.0,404.0,0.0,0.0,0.0,0.0,0.0,0.0,50.0,1343.0,82.0,0.0,3.0,46.0,0.0,271.0,0.0,420.0,0.0,214.0,0.0,326.0,75.0
2021-09-06 08:00:00+00:00,0.0,524.0,189.0,438.0,740.0,338.0,206.0,0.0,111.0,561.0,0.0,0.0,0.0,72.0,0.0,0.0,180.0,0.0,0.0,0.0,538.0,0.0,0.0,0.0,0.0,0.0,0.0,7.0,1343.0,113.0,0.0,3.0,0.0,0.0,236.0,0.0,440.0,0.0,134.0,49.0,361.0,75.0
2021-09-06 09:00:00+00:00,0.0,505.0,170.0,440.0,736.0,348.0,226.0,0.0,98.0,575.0,0.0,0.0,0.0,146.0,0.0,0.0,164.0,0.0,0.0,0.0,555.0,0.0,0.0,0.0,0.0,0.0,0.0,0.0,1344.0,117.0,0.0,3.0,0.0,0.0,198.0,0.0,444.0,0.0,72.0,119.0,355.0,75.0
2021-09-06 10:00:00+00:00,0.0,461.0,158.0,417.0,696.0,354.0,230.0,0.0,90.0,542.0,0.0,0.0,0.0,186.0,0.0,0.0,158.0,0.0,0.0,0.0,582.0,0.0,0.0,0.0,0.0,0.0,0.0,,1344.0,109.0,0.0,3.0,0.0,0.0,156.0,0.0,389.0,0.0,53.0,,334.0,75.0
2021-09-06 11:00:00+00:00,0.0,408.0,130.0,405.0,671.0,326.0,219.0,0.0,103.0,518.0,0.0,0.0,0.0,187.0,0.0,0.0,174.0,0.0,0.0,0.0,585.0,0.0,0.0,0.0,0.0,0.0,0.0,,1344.0,120.0,0.0,3.0,0.0,0.0,141.0,0.0,395.0,0.0,61.0,,325.0,76.0
2021-09-06 12:00:00+00:00,0.0,318.0,131.0,399.0,652.0,328.0,192.0,0.0,105.0,524.0,0.0,0.0,0.0,174.0,0.0,0.0,171.0,0.0,0.0,0.0,576.0,0.0,0.0,0.0,0.0,0.0,0.0,,1342.0,131.0,0.0,3.0,0.0,0.0,128.0,0.0,394.0,1.0,19.0,,321.0,74.0
2021-09-06 13:00:00+00:00,0.0,429.0,135.0,381.0,648.0,281.0,208.0,0.0,123.0,524.0,0.0,0.0,0.0,102.0,0.0,0.0,181.0,0.0,0.0,0.0,583.0,0.0,0.0,0.0,0.0,0.0,0.0,0.0,1347.0,131.0,0.0,3.0,0.0,0.0,154.0,1.0,390.0,0.0,3.0,134.0,304.0,75.0
2021-09-06 14:00:00+00:00,0.0,349.0,115.0,358.0,617.0,258.0,191.0,0.0,129.0,514.0,0.0,0.0,0.0,38.0,0.0,0.0,150.0,0.0,0.0,0.0,599.0,0.0,0.0,0.0,0.0,0.0,0.0,0.0,1344.0,138.0,0.0,0.0,1.0,0.0,155.0,24.0,395.0,1.0,0.0,100.0,320.0,75.0
2021-09-06 15:00:00+00:00,0.0,424.0,108.0,317.0,577.0,266.0,180.0,0.0,172.0,482.0,0.0,0.0,0.0,0.0,0.0,0.0,118.0,0.0,0.0,0.0,488.0,0.0,0.0,0.0,0.0,0.0,0.0,0.0,1344.0,142.0,0.0,0.0,76.0,0.0,187.0,56.0,371.0,1.0,0.0,35.0,325.0,76.0
2021-09-06 16:00:00+00:00,0.0,522.0,59.0,290.0,530.0,365.0,220.0,0.0,177.0,443.0,0.0,0.0,0.0,0.0,0.0,0.0,95.0,0.0,0.0,0.0,383.0,0.0,0.0,0.0,0.0,0.0,0.0,7.0,1344.0,146.0,0.0,0.0,204.0,0.0,227.0,92.0,332.0,10.0,0.0,0.0,364.0,75.0
2021-09-06 17:00:00+00:00,0.0,632.0,50.0,274.0,513.0,396.0,224.0,0.0,199.0,404.0,0.0,0.0,0.0,0.0,0.0,0.0,104.0,0.0,0.0,0.0,63.0,0.0,0.0,0.0,0.0,0.0,0.0,0.0,1344.0,135.0,0.0,0.0,239.0,0.0,255.0,181.0,335.0,15.0,0.0,26.0,362.0,73.0
2021-09-06 18:00:00+00:00,0.0,572.0,48.0,269.0,507.0,385.0,223.0,0.0,197.0,405.0,0.0,0.0,0.0,0.0,0.0,0.0,102.0,0.0,0.0,0.0,108.0,0.0,0.0,0.0,0.0,0.0,0.0,0.0,1373.0,148.0,0.0,0.0,203.0,0.0,242.0,185.0,315.0,22.0,0.0,46.0,368.0,72.0
2021-09-06 19:00:00+00:00,0.0,515.0,49.0,250.0,535.0,351.0,253.0,0.0,297.0,503.0,0.0,0.0,0.0,0.0,0.0,0.0,88.0,0.0,0.0,0.0,455.0,0.0,0.0,0.0,0.0,0.0,0.0,14.0,1334.0,151.0,0.0,0.0,161.0,0.0,244.0,92.0,258.0,18.0,0.0,0.0,383.0,70.0
2021-09-06 20:00:00+00:00,0.0,426.0,68.0,306.0,598.0,411.0,261.0,0.0,212.0,522.0,0.0,0.0,0.0,0.0,0.0,0.0,71.0,0.0,0.0,0.0,598.0,0.0,0.0,0.0,0.0,0.0,0.0,0.0,1346.0,153.0,0.0,0.0,84.0,0.0,211.0,224.0,327.0,11.0,0.0,85.0,493.0,74.0
2021-09-06 21:00:00+00:00,0.0,465.0,91.0,322.0,655.0,455.0,299.0,0.0,241.0,538.0,0.0,0.0,0.0,0.0,0.0,0.0,103.0,0.0,0.0,0.0,602.0,0.0,0.0,0.0,0.0,0.0,0.0,0.0,1338.0,160.0,0.0,0.0,49.0,0.0,249.0,276.0,339.0,11.0,0.0,61.0,609.0,76.0
2021-09-06 22:00:00+00:00,0.0,413.0,171.0,372.0,659.0,424.0,266.0,0.0,37.0,421.0,0.0,0.0,0.0,7.0,0.0,0.0,151.0,0.0,0.0,0.0,602.0,10.0,0.0,0.0,0.0,0.0,0.0,0.0,1403.0,160.0,0.0,0.0,8.0,0.0,215.0,330.0,444.0,2.0,0.0,115.0,594.0,77.0
2021-09-06 23:00:00+00:00,0.0,477.0,250.0,382.0,679.0,332.0,211.0,0.0,43.0,428.0,0.0,0.0,0.0,0.0,0.0,0.0,147.0,0.0,0.0,0.0,602.0,2.0,0.0,0.0,0.0,0.0,0.0,0.0,1387.0,183.0,0.0,0.0,44.0,0.0,239.0,203.0,416.0,0.0,0.0,46.0,541.0,76.0
2021-09-07 00:00:00+00:00,0.0,546.0,168.0,388.0,717.0,313.0,193.0,0.0,41.0,437.0,0.0,0.0,0.0,0.0,0.0,0.0,137.0,0.0,0.0,0.0,602.0,1.0,0.0,0.0,0.0,0.0,0.0,23.0,1376.0,182.0,0.0,0.0,87.0,0.0,279.0,116.0,448.0,0.0,0.0,0.0,523.0,75.0
2021-09-07 01:00:00+00:00,0.0,493.0,273.0,372.0,666.0,311.0,195.0,0.0,30.0,411.0,0.0,0.0,0.0,0.0,0.0,0.0,130.0,0.0,0.0,0.0,603.0,14.0,0.0,0.0,0.0,0.0,0.0,6.0,1380.0,181.0,0.0,0.0,73.0,0.0,251.0,136.0,344.0,0.0,0.0,21.0,505.0,75.0
2021-09-07 02:00:00+00:00,0.0,500.0,211.0,383.0,687.0,309.0,160.0,0.0,32.0,421.0,0.0,0.0,0.0,0.0,0.0,0.0,128.0,0.0,0.0,0.0,602.0,2.0,0.0,0.0,0.0,0.0,0.0,0.0,1368.0,186.0,0.0,0.0,64.0,0.0,255.0,183.0,420.0,0.0,0.0,21.0,516.0,76.0
2021-09-07 03:00:00+00:00,0.0,453.0,122.0,333.0,638.0,217.0,170.0,0.0,125.0,459.0,0.0,0.0,0.0,0.0,0.0,0.0,138.0,0.0,0.0,0.0,602.0,0.0,0.0,0.0,0.0,0.0,0.0,0.0,1348.0,182.0,0.0,0.0,65.0,0.0,245.0,267.0,367.0,5.0,0.0,85.0,486.0,75.0
2021-09-07 04:00:00+00:00,0.0,584.0,99.0,312.0,641.0,304.0,235.0,0.0,201.0,460.0,0.0,0.0,0.0,0.0,0.0,0.0,159.0,0.0,0.0,0.0,570.0,0.0,0.0,0.0,0.0,0.0,0.0,150.0,1369.0,139.0,0.0,0.0,225.0,0.0,326.0,9.0,380.0,11.0,41.0,0.0,383.0,75.0
2021-09-07 05:00:00+00:00,0.0,711.0,35.0,242.0,530.0,330.0,223.0,0.0,286.0,440.0,0.0,0.0,0.0,0.0,0.0,0.0,185.0,0.0,0.0,0.0,93.0,0.0,0.0,0.0,0.0,0.0,0.0,145.0,1370.0,123.0,0.0,0.0,277.0,0.0,347.0,0.0,288.0,17.0,149.0,0.0,313.0,74.0
2021-09-07 06:00:00+00:00,0.0,688.0,27.0,260.0,544.0,349.0,248.0,0.0,277.0,462.0,0.0,0.0,0.0,0.0,0.0,0.0,193.0,0.0,0.0,0.0,169.0,0.0,0.0,0.0,0.0,0.0,0.0,,1345.0,114.0,0.0,0.0,179.0,0.0,322.0,0.0,320.0,21.0,193.0,,295.0,75.0
2021-09-07 07:00:00+00:00,0.0,496.0,75.0,306.0,593.0,344.0,251.0,0.0,257.0,501.0,0.0,0.0,0.0,1.0,0.0,0.0,174.0,0.0,0.0,0.0,489.0,0.0,0.0,0.0,0.0,0.0,0.0,,1343.0,111.0,0.0,0.0,39.0,0.0,263.0,0.0,336.0,8.0,117.0,,293.0,76.0
2021-09-07 08:00:00+00:00,0.0,530.0,65.0,327.0,639.0,388.0,211.0,0.0,259.0,524.0,0.0,0.0,0.0,60.0,0.0,0.0,155.0,0.0,0.0,0.0,565.0,0.0,0.0,0.0,0.0,0.0,0.0,0.0,1343.0,59.0,0.0,0.0,1.0,0.0,250.0,0.0,341.0,5.0,91.0,83.0,300.0,76.0
2021-09-07 09:00:00+00:00,0.0,638.0,109.0,380.0,713.0,425.0,199.0,0.0,229.0,596.0,0.0,0.0,0.0,174.0,0.0,0.0,144.0,0.0,0.0,0.0,497.0,0.0,0.0,0.0,0.0,0.0,0.0,0.0,1344.0,0.0,0.0,0.0,0.0,0.0,219.0,53.0,377.0,2.0,0.0,175.0,367.0,75.0
2021-09-07 10:00:00+00:00,0.0,504.0,90.0,351.0,655.0,388.0,186.0,0.0,225.0,557.0,0.0,0.0,0.0,208.0,0.0,0.0,146.0,0.0,0.0,0.0,562.0,0.0,0.0,0.0,0.0,0.0,0.0,0.0,1344.0,0.0,0.0,0.0,0.0,0.0,183.0,146.0,319.0,2.0,0.0,235.0,387.0,76.0
2021-09-07 11:00:00+00:00,0.0,429.0,62.0,338.0,647.0,396.0,162.0,0.0,246.0,569.0,0.0,0.0,0.0,180.0,0.0,0.0,128.0,0.0,0.0,0.0,568.0,0.0,0.0,0.0,0.0,0.0,0.0,0.0,1344.0,0.0,0.0,0.0,0.0,0.0,186.0,125.0,325.0,7.0,0.0,201.0,385.0,75.0
2021-09-07 12:00:00+00:00,0.0,373.0,46.0,323.0,620.0,310.0,83.0,0.0,240.0,573.0,0.0,0.0,0.0,169.0,0.0,0.0,129.0,0.0,0.0,0.0,547.0,0.0,0.0,0.0,0.0,0.0,0.0,0.0,1337.0,0.0,0.0,0.0,0.0,0.0,188.0,173.0,321.0,9.0,0.0,201.0,408.0,76.0
2021-09-07 13:00:00+00:00,0.0,351.0,86.0,322.0,634.0,309.0,123.0,0.0,246.0,588.0,0.0,0.0,0.0,127.0,0.0,0.0,141.0,0.0,0.0,0.0,578.0,0.0,0.0,0.0,0.0,0.0,0.0,0.0,1375.0,0.0,0.0,0.0,0.0,0.0,198.0,221.0,328.0,4.0,0.0,185.0,414.0,75.0
2021-09-07 14:00:00+00:00,0.0,408.0,116.0,338.0,646.0,398.0,173.0,0.0,200.0,564.0,0.0,0.0,0.0,65.0,0.0,0.0,131.0,0.0,0.0,0.0,579.0,0.0,0.0,0.0,0.0,0.0,0.0,0.0,1344.0,0.0,0.0,0.0,0.0,0.0,209.0,191.0,382.0,2.0,0.0,135.0,388.0,76.0
2021-09-07 15:00:00+00:00,0.0,555.0,97.0,328.0,607.0,407.0,187.0,0.0,273.0,510.0,0.0,0.0,0.0,0.0,0.0,0.0,101.0,0.0,0.0,0.0,575.0,0.0,0.0,0.0,0.0,0.0,0.0,0.0,1344.0,0.0,0.0,0.0,71.0,0.0,253.0,174.0,366.0,2.0,0.0,56.0,387.0,76.0
2021-09-07 16:00:00+00:00,0.0,709.0,66.0,290.0,580.0,439.0,232.0,0.0,313.0,521.0,0.0,0.0,0.0,0.0,0.0,0.0,79.0,0.0,0.0,0.0,432.0,0.0,0.0,0.0,0.0,0.0,0.0,0.0,1344.0,0.0,0.0,0.0,169.0,0.0,294.0,215.0,335.0,6.0,0.0,17.0,407.0,76.0
2021-09-07 17:00:00+00:00,0.0,1019.0,36.0,219.0,484.0,455.0,227.0,0.0,332.0,412.0,0.0,0.0,0.0,0.0,0.0,206.0,83.0,0.0,0.0,0.0,0.0,0.0,0.0,0.0,0.0,0.0,0.0,7.0,1344.0,0.0,0.0,0.0,304.0,0.0,359.0,214.0,300.0,19.0,0.0,7.0,362.0,75.0
2021-09-07 18:00:00+00:00,0.0,936.0,25.0,209.0,473.0,384.0,169.0,0.0,346.0,423.0,0.0,0.0,0.0,0.0,0.0,103.0,81.0,0.0,0.0,0.0,0.0,0.0,0.0,0.0,0.0,0.0,0.0,40.0,1382.0,0.0,0.0,0.0,302.0,0.0,355.0,148.0,280.0,31.0,0.0,0.0,358.0,76.0
2021-09-07 19:00:00+00:00,0.0,662.0,92.0,293.0,611.0,462.0,146.0,0.0,340.0,512.0,0.0,0.0,0.0,0.0,0.0,0.0,63.0,0.0,0.0,0.0,503.0,0.0,0.0,0.0,0.0,0.0,0.0,82.0,1373.0,0.0,0.0,0.0,179.0,0.0,310.0,111.0,329.0,8.0,0.0,0.0,416.0,76.0
2021-09-07 20:00:00+00:00,0.0,559.0,54.0,308.0,625.0,468.0,170.0,0.0,338.0,563.0,0.0,0.0,0.0,0.0,0.0,0.0,51.0,0.0,0.0,0.0,576.0,0.0,0.0,0.0,0.0,0.0,0.0,0.0,1339.0,0.0,0.0,0.0,76.0,0.0,267.0,208.0,327.0,15.0,0.0,18.0,480.0,76.0
2021-09-07 21:00:00+00:00,0.0,498.0,70.0,342.0,677.0,481.0,142.0,0.0,306.0,562.0,0.0,0.0,0.0,1.0,0.0,0.0,82.0,0.0,0.0,0.0,601.0,0.0,0.0,0.0,0.0,0.0,0.0,3.0,1338.0,0.0,0.0,0.0,26.0,0.0,256.0,267.0,313.0,8.0,0.0,19.0,573.0,76.0
2021-09-07 22:00:00+00:00,0.0,304.0,174.0,430.0,688.0,419.0,225.0,0.0,38.0,404.0,0.0,0.0,0.0,24.0,0.0,0.0,131.0,0.0,0.0,0.0,602.0,44.0,0.0,0.0,0.0,0.0,0.0,0.0,1340.0,0.0,0.0,0.0,1.0,0.0,188.0,225.0,436.0,2.0,0.0,78.0,526.0,75.0
2021-09-07 23:00:00+00:00,0.0,328.0,227.0,447.0,680.0,442.0,234.0,0.0,1.0,383.0,0.0,0.0,0.0,13.0,0.0,0.0,128.0,0.0,0.0,0.0,603.0,74.0,0.0,0.0,0.0,0.0,0.0,0.0,1362.0,0.0,0.0,0.0,6.0,0.0,202.0,172.0,436.0,0.0,0.0,54.0,501.0,76.0
2021-09-08 00:00:00+00:00,0.0,393.0,146.0,423.0,671.0,448.0,239.0,0.0,3.0,412.0,0.0,0.0,0.0,1.0,0.0,0.0,117.0,0.0,0.0,0.0,603.0,39.0,0.0,0.0,0.0,0.0,0.0,0.0,1372.0,0.0,0.0,0.0,21.0,0.0,229.0,158.0,416.0,2.0,0.0,23.0,514.0,76.0
2021-09-08 01:00:00+00:00,0.0,397.0,137.0,401.0,653.0,428.0,227.0,0.0,7.0,416.0,0.0,0.0,0.0,0.0,0.0,0.0,109.0,0.0,0.0,0.0,603.0,20.0,0.0,0.0,0.0,0.0,0.0,0.0,1378.0,0.0,0.0,0.0,30.0,0.0,231.0,147.0,383.0,0.0,0.0,21.0,502.0,76.0
2021-09-08 02:00:00+00:00,0.0,387.0,144.0,407.0,654.0,448.0,162.0,0.0,3.0,395.0,0.0,0.0,0.0,2.0,0.0,0.0,99.0,0.0,0.0,0.0,603.0,43.0,0.0,0.0,0.0,0.0,0.0,0.0,1382.0,0.0,0.0,0.0,16.0,0.0,218.0,189.0,417.0,2.0,0.0,49.0,508.0,75.0
2021-09-08 03:00:00+00:00,0.0,339.0,103.0,360.0,591.0,357.0,150.0,0.0,34.0,433.0,0.0,0.0,0.0,8.0,0.0,0.0,97.0,0.0,0.0,0.0,600.0,3.0,0.0,0.0,0.0,0.0,0.0,0.0,1399.0,0.0,0.0,0.0,8.0,0.0,199.0,299.0,367.0,4.0,0.0,141.0,469.0,76.0
2021-09-08 04:00:00+00:00,0.0,606.0,67.0,349.0,618.0,385.0,239.0,0.0,91.0,412.0,0.0,0.0,0.0,0.0,0.0,0.0,86.0,0.0,0.0,0.0,518.0,0.0,0.0,0.0,0.0,0.0,0.0,63.0,1363.0,0.0,0.0,0.0,156.0,0.0,296.0,87.0,404.0,12.0,0.0,0.0,418.0,76.0
2021-09-08 05:00:00+00:00,0.0,640.0,39.0,284.0,515.0,364.0,187.0,0.0,177.0,428.0,0.0,0.0,0.0,0.0,0.0,0.0,30.0,0.0,0.0,0.0,378.0,0.0,0.0,0.0,0.0,0.0,0.0,45.0,1369.0,0.0,0.0,0.0,220.0,0.0,301.0,5.0,296.0,15.0,27.0,0.0,346.0,76.0
2021-09-08 06:00:00+00:00,0.0,739.0,30.0,293.0,548.0,361.0,218.0,0.0,270.0,486.0,0.0,0.0,0.0,0.0,0.0,0.0,0.0,0.0,0.0,0.0,333.0,0.0,0.0,2.0,0.0,0.0,0.0,,1354.0,0.0,0.0,0.0,130.0,0.0,288.0,0.0,290.0,16.0,66.0,,334.0,76.0
2021-09-08 07:00:00+00:00,0.0,593.0,119.0,354.0,622.0,303.0,189.0,0.0,270.0,561.0,0.0,0.0,0.0,15.0,0.0,0.0,44.0,0.0,0.0,0.0,549.0,0.0,0.0,0.0,0.0,0.0,0.0,,1393.0,0.0,0.0,0.0,8.0,0.0,235.0,0.0,360.0,4.0,99.0,,335.0,75.0
2021-09-08 08:00:00+00:00,0.0,622.0,123.0,417.0,697.0,327.0,233.0,0.0,202.0,508.0,0.0,0.0,0.0,105.0,0.0,0.0,62.0,0.0,0.0,0.0,589.0,0.0,0.0,0.0,0.0,0.0,0.0,,1395.0,0.0,0.0,0.0,0.0,0.0,235.0,0.0,418.0,2.0,46.0,,362.0,75.0
2021-09-08 09:00:00+00:00,0.0,346.0,112.0,441.0,655.0,343.0,220.0,0.0,65.0,454.0,0.0,0.0,0.0,231.0,0.0,0.0,55.0,0.0,0.0,0.0,548.0,0.0,0.0,0.0,0.0,0.0,0.0,,1394.0,0.0,0.0,0.0,0.0,0.0,139.0,65.0,365.0,2.0,0.0,,342.0,76.0
2021-09-08 10:00:00+00:00,0.0,298.0,91.0,428.0,609.0,320.0,228.0,0.0,33.0,436.0,0.0,0.0,0.0,280.0,0.0,0.0,65.0,0.0,0.0,0.0,410.0,3.0,0.0,0.0,0.0,0.0,0.0,,1394.0,0.0,0.0,0.0,0.0,0.0,107.0,120.0,348.0,2.0,0.0,,342.0,77.0
2021-09-08 11:00:00+00:00,0.0,274.0,78.0,422.0,616.0,313.0,224.0,0.0,37.0,457.0,0.0,0.0,0.0,283.0,0.0,0.0,75.0,0.0,0.0,0.0,404.0,3.0,0.0,0.0,0.0,0.0,0.0,,1393.0,0.0,0.0,0.0,0.0,0.0,102.0,88.0,359.0,4.0,0.0,,338.0,78.0
2021-09-08 12:00:00+00:00,0.0,173.0,116.0,437.0,612.0,256.0,166.0,0.0,5.0,432.0,0.0,0.0,0.0,272.0,0.0,0.0,64.0,0.0,0.0,0.0,377.0,23.0,0.0,0.0,0.0,0.0,0.0,0.0,1361.0,0.0,0.0,0.0,0.0,0.0,84.0,99.0,392.0,0.0,0.0,256.0,320.0,78.0
2021-09-08 13:00:00+00:00,0.0,105.0,147.0,428.0,594.0,274.0,165.0,0.0,1.0,427.0,0.0,0.0,0.0,252.0,0.0,0.0,73.0,0.0,0.0,0.0,553.0,51.0,0.0,0.0,0.0,0.0,0.0,,1416.0,0.0,0.0,0.0,0.0,0.0,71.0,154.0,398.0,1.0,0.0,,316.0,77.0
2021-09-08 14:00:00+00:00,0.0,228.0,130.0,417.0,616.0,324.0,203.0,0.0,26.0,451.0,0.0,0.0,0.0,150.0,0.0,0.0,64.0,0.0,0.0,0.0,568.0,4.0,0.0,0.0,0.0,0.0,0.0,,1391.0,0.0,0.0,0.0,0.0,0.0,121.0,138.0,384.0,1.0,0.0,,316.0,76.0
2021-09-08 15:00:00+00:00,0.0,374.0,93.0,381.0,604.0,340.0,256.0,0.0,97.0,420.0,0.0,0.0,0.0,10.0,0.0,0.0,64.0,0.0,0.0,0.0,601.0,0.0,0.0,0.0,0.0,0.0,0.0,0.0,1391.0,0.0,0.0,0.0,8.0,0.0,174.0,138.0,378.0,4.0,0.0,89.0,334.0,76.0
2021-09-08 16:00:00+00:00,0.0,479.0,56.0,348.0,584.0,394.0,286.0,0.0,159.0,426.0,0.0,0.0,0.0,0.0,0.0,0.0,62.0,0.0,0.0,0.0,567.0,0.0,0.0,0.0,0.0,0.0,0.0,1.0,1394.0,0.0,0.0,0.0,109.0,0.0,208.0,174.0,376.0,9.0,0.0,19.0,364.0,75.0
2021-09-08 17:00:00+00:00,0.0,534.0,42.0,308.0,520.0,407.0,246.0,0.0,167.0,397.0,0.0,0.0,0.0,0.0,0.0,0.0,33.0,0.0,0.0,0.0,336.0,0.0,0.0,0.0,0.0,0.0,0.0,0.0,1394.0,0.0,0.0,0.0,153.0,0.0,223.0,214.0,312.0,18.0,0.0,22.0,337.0,76.0
2021-09-08 18:00:00+00:00,0.0,649.0,69.0,327.0,569.0,404.0,144.0,0.0,195.0,443.0,0.0,0.0,0.0,0.0,0.0,0.0,39.0,0.0,0.0,0.0,361.0,0.0,0.0,0.0,0.0,0.0,0.0,0.0,1405.0,0.0,0.0,0.0,114.0,0.0,247.0,229.0,308.0,7.0,0.0,28.0,377.0,77.0
2021-09-08 19:00:00+00:00,0.0,515.0,146.0,398.0,676.0,305.0,130.0,0.0,188.0,479.0,0.0,0.0,0.0,0.0,0.0,0.0,33.0,0.0,0.0,0.0,594.0,0.0,0.0,0.0,0.0,0.0,0.0,4.0,1383.0,0.0,0.0,0.0,48.0,0.0,228.0,178.0,357.0,3.0,0.0,25.0,395.0,77.0
2021-09-08 20:00:00+00:00,0.0,520.0,152.0,419.0,682.0,339.0,179.0,0.0,137.0,445.0,0.0,0.0,0.0,24.0,0.0,0.0,23.0,0.0,0.0,0.0,588.0,0.0,0.0,0.0,0.0,0.0,0.0,0.0,1411.0,0.0,0.0,0.0,2.0,0.0,207.0,323.0,440.0,1.0,0.0,150.0,476.0,76.0
2021-09-08 21:00:00+00:00,0.0,368.0,171.0,430.0,684.0,375.0,191.0,0.0,109.0,469.0,0.0,0.0,0.0,66.0,0.0,0.0,61.0,0.0,0.0,0.0,543.0,0.0,0.0,0.0,0.0,0.0,0.0,0.0,1396.0,0.0,0.0,0.0,0.0,0.0,180.0,320.0,380.0,0.0,0.0,148.0,524.0,76.0
2021-09-08 22:00:00+00:00,0.0,399.0,213.0,478.0,753.0,434.0,229.0,0.0,35.0,451.0,0.0,0.0,0.0,61.0,0.0,0.0,111.0,0.0,0.0,0.0,601.0,3.0,0.0,0.0,0.0,0.0,0.0,0.0,1409.0,0.0,0.0,0.0,0.0,0.0,197.0,262.0,479.0,0.0,0.0,134.0,563.0,75.0
2021-09-08 23:00:00+00:00,0.0,458.0,243.0,465.0,742.0,430.0,249.0,0.0,24.0,437.0,0.0,0.0,0.0,42.0,0.0,0.0,105.0,0.0,0.0,0.0,603.0,6.0,0.0,0.0,0.0,0.0,0.0,0.0,1424.0,0.0,0.0,0.0,0.0,0.0,213.0,232.0,463.0,0.0,0.0,114.0,565.0,77.0
2021-09-09 00:00:00+00:00,0.0,438.0,249.0,447.0,705.0,442.0,223.0,0.0,4.0,426.0,0.0,0.0,0.0,17.0,0.0,0.0,97.0,0.0,0.0,0.0,602.0,35.0,0.0,0.0,0.0,0.0,0.0,0.0,1434.0,0.0,0.0,0.0,2.0,0.0,215.0,172.0,492.0,0.0,0.0,88.0,532.0,77.0
2021-09-09 01:00:00+00:00,0.0,395.0,245.0,448.0,691.0,433.0,245.0,0.0,1.0,402.0,0.0,0.0,0.0,6.0,0.0,0.0,92.0,0.0,0.0,0.0,602.0,47.0,0.0,0.0,0.0,0.0,0.0,0.0,1432.0,0.0,0.0,0.0,7.0,0.0,209.0,146.0,473.0,0.0,0.0,75.0,517.0,77.0
2021-09-09 02:00:00+00:00,0.0,415.0,226.0,458.0,711.0,428.0,245.0,0.0,1.0,404.0,0.0,0.0,0.0,3.0,0.0,0.0,84.0,0.0,0.0,0.0,602.0,39.0,0.0,0.0,0.0,0.0,0.0,0.0,1431.0,0.0,0.0,0.0,20.0,0.0,218.0,190.0,452.0,0.0,0.0,87.0,522.0,77.0
2021-09-09 03:00:00+00:00,0.0,376.0,232.0,454.0,692.0,379.0,202.0,0.0,8.0,400.0,0.0,0.0,0.0,5.0,0.0,0.0,99.0,0.0,0.0,0.0,602.0,29.0,0.0,0.0,0.0,0.0,0.0,0.0,1441.0,0.0,0.0,0.0,18.0,0.0,220.0,269.0,485.0,0.0,0.0,109.0,523.0,75.0
2021-09-09 04:00:00+00:00,0.0,617.0,194.0,425.0,704.0,332.0,249.0,0.0,62.0,380.0,0.0,0.0,0.0,0.0,0.0,0.0,81.0,0.0,0.0,0.0,597.0,0.0,0.0,0.0,0.0,0.0,0.0,15.0,1423.0,0.0,0.0,0.0,124.0,0.0,276.0,103.0,462.0,2.0,0.0,0.0,437.0,73.0
2021-09-09 05:00:00+00:00,0.0,629.0,203.0,350.0,575.0,361.0,228.0,0.0,50.0,311.0,0.0,0.0,0.0,0.0,0.0,0.0,48.0,0.0,0.0,0.0,438.0,2.0,0.0,0.0,0.0,0.0,0.0,0.0,1422.0,0.0,0.0,0.0,73.0,0.0,223.0,139.0,482.0,0.0,0.0,104.0,401.0,75.0
2021-09-09 06:00:00+00:00,0.0,542.0,242.0,369.0,546.0,363.0,259.0,0.0,15.0,278.0,0.0,0.0,0.0,22.0,0.0,0.0,78.0,0.0,0.0,0.0,477.0,21.0,0.0,0.0,0.0,0.0,0.0,0.0,1392.0,0.0,0.0,0.0,8.0,0.0,173.0,95.0,541.0,0.0,0.0,164.0,370.0,76.0
2021-09-09 07:00:00+00:00,0.0,533.0,342.0,417.0,629.0,394.0,286.0,0.0,70.0,295.0,0.0,0.0,0.0,101.0,0.0,0.0,136.0,0.0,0.0,0.0,514.0,0.0,0.0,0.0,0.0,0.0,0.0,0.0,1390.0,0.0,0.0,0.0,0.0,0.0,170.0,51.0,577.0,0.0,0.0,168.0,384.0,76.0
2021-09-09 08:00:00+00:00,0.0,580.0,330.0,459.0,728.0,360.0,252.0,0.0,138.0,294.0,0.0,0.0,0.0,156.0,0.0,0.0,128.0,0.0,0.0,0.0,598.0,0.0,0.0,0.0,0.0,0.0,0.0,0.0,1390.0,0.0,0.0,0.0,0.0,0.0,188.0,22.0,623.0,0.0,0.0,137.0,436.0,76.0
2021-09-09 09:00:00+00:00,0.0,314.0,338.0,498.0,751.0,340.0,229.0,0.0,100.0,321.0,0.0,0.0,0.0,283.0,0.0,0.0,138.0,0.0,0.0,0.0,547.0,0.0,0.0,0.0,0.0,0.0,0.0,0.0,1390.0,0.0,0.0,0.0,0.0,0.0,128.0,67.0,607.0,0.0,0.0,215.0,425.0,76.0
2021-09-09 10:00:00+00:00,0.0,294.0,358.0,482.0,723.0,346.0,225.0,0.0,102.0,373.0,0.0,0.0,0.0,297.0,0.0,0.0,153.0,0.0,0.0,0.0,542.0,0.0,0.0,0.0,0.0,0.0,0.0,0.0,1395.0,0.0,0.0,0.0,0.0,0.0,131.0,81.0,587.0,0.0,0.0,220.0,443.0,76.0
2021-09-09 11:00:00+00:00,0.0,319.0,311.0,462.0,723.0,319.0,222.0,0.0,148.0,398.0,0.0,0.0,0.0,254.0,0.0,0.0,157.0,0.0,0.0,0.0,540.0,0.0,0.0,0.0,0.0,0.0,0.0,0.0,1394.0,0.0,0.0,0.0,0.0,0.0,161.0,35.0,602.0,0.0,0.0,176.0,452.0,76.0
2021-09-09 12:00:00+00:00,0.0,246.0,300.0,458.0,730.0,277.0,179.0,0.0,150.0,395.0,0.0,0.0,0.0,231.0,0.0,0.0,147.0,0.0,0.0,0.0,552.0,0.0,0.0,0.0,0.0,0.0,0.0,0.0,1430.0,0.0,0.0,0.0,0.0,0.0,155.0,97.0,588.0,0.0,0.0,196.0,444.0,75.0
2021-09-09 13:00:00+00:00,0.0,192.0,293.0,435.0,640.0,253.0,148.0,0.0,90.0,391.0,0.0,0.0,0.0,170.0,0.0,0.0,149.0,0.0,0.0,0.0,569.0,0.0,0.0,0.0,0.0,0.0,0.0,0.0,1424.0,0.0,0.0,0.0,0.0,0.0,145.0,97.0,552.0,0.0,0.0,196.0,425.0,75.0
2021-09-09 14:00:00+00:00,0.0,217.0,283.0,426.0,581.0,346.0,239.0,0.0,14.0,375.0,0.0,0.0,0.0,113.0,0.0,0.0,138.0,0.0,0.0,0.0,585.0,12.0,0.0,0.0,0.0,0.0,0.0,0.0,1395.0,0.0,0.0,0.0,0.0,0.0,126.0,199.0,541.0,0.0,0.0,217.0,425.0,75.0
2021-09-09 15:00:00+00:00,0.0,321.0,207.0,367.0,515.0,427.0,317.0,0.0,41.0,324.0,0.0,0.0,0.0,2.0,0.0,0.0,94.0,0.0,0.0,0.0,516.0,3.0,0.0,0.0,0.0,0.0,0.0,0.0,1394.0,0.0,0.0,0.0,27.0,0.0,164.0,140.0,503.0,0.0,0.0,115.0,383.0,76.0
2021-09-09 16:00:00+00:00,0.0,617.0,110.0,307.0,483.0,479.0,369.0,0.0,117.0,277.0,0.0,0.0,0.0,0.0,0.0,0.0,73.0,0.0,0.0,0.0,202.0,0.0,0.0,0.0,0.0,0.0,0.0,1.0,1394.0,0.0,0.0,0.0,177.0,0.0,247.0,99.0,409.0,1.0,0.0,7.0,355.0,76.0
2021-09-09 17:00:00+00:00,0.0,413.0,119.0,301.0,417.0,497.0,386.0,0.0,56.0,217.0,0.0,0.0,0.0,0.0,0.0,0.0,74.0,0.0,0.0,0.0,184.0,1.0,0.0,0.0,0.0,0.0,0.0,0.0,1394.0,0.0,0.0,0.0,154.0,0.0,182.0,229.0,406.0,3.0,0.0,129.0,319.0,77.0
2021-09-09 18:00:00+00:00,0.0,527.0,138.0,318.0,453.0,458.0,282.0,0.0,44.0,231.0,0.0,0.0,0.0,0.0,0.0,0.0,63.0,0.0,0.0,0.0,166.0,1.0,0.0,0.0,0.0,0.0,0.0,0.0,1422.0,0.0,0.0,0.0,121.0,0.0,205.0,242.0,417.0,2.0,0.0,107.0,363.0,76.0
2021-09-09 19:00:00+00:00,0.0,561.0,199.0,332.0,517.0,509.0,300.0,0.0,90.0,291.0,0.0,0.0,0.0,0.0,0.0,0.0,64.0,0.0,0.0,0.0,283.0,0.0,0.0,0.0,0.0,0.0,0.0,0.0,1400.0,0.0,0.0,0.0,71.0,0.0,216.0,198.0,433.0,0.0,0.0,79.0,413.0,75.0
2021-09-09 20:00:00+00:00,0.0,322.0,254.0,384.0,512.0,474.0,300.0,0.0,2.0,256.0,0.0,0.0,0.0,59.0,0.0,0.0,57.0,0.0,0.0,0.0,502.0,64.0,0.0,0.0,0.0,0.0,0.0,0.0,1438.0,0.0,0.0,0.0,0.0,0.0,117.0,404.0,528.0,0.0,0.0,270.0,490.0,74.0
2021-09-09 21:00:00+00:00,0.0,241.0,329.0,438.0,615.0,450.0,247.0,0.0,3.0,340.0,0.0,0.0,0.0,57.0,0.0,0.0,102.0,0.0,0.0,0.0,594.0,41.0,0.0,0.0,0.0,0.0,0.0,0.0,1446.0,0.0,0.0,0.0,0.0,0.0,149.0,354.0,557.0,0.0,0.0,154.0,598.0,60.0
2021-09-09 22:00:00+00:00,0.0,225.0,330.0,450.0,626.0,502.0,264.0,0.0,0.0,281.0,0.0,0.0,0.0,69.0,0.0,0.0,130.0,0.0,0.0,0.0,603.0,113.0,0.0,0.0,0.0,0.0,0.0,0.0,1435.0,0.0,0.0,0.0,0.0,0.0,130.0,421.0,605.0,0.0,0.0,128.0,470.0,0.0
2021-09-09 23:00:00+00:00,0.0,291.0,332.0,471.0,671.0,457.0,233.0,0.0,0.0,294.0,0.0,0.0,0.0,63.0,0.0,0.0,120.0,0.0,0.0,0.0,603.0,114.0,0.0,0.0,0.0,0.0,0.0,0.0,1435.0,0.0,0.0,0.0,0.0,0.0,156.0,378.0,596.0,0.0,0.0,72.0,485.0,0.0
2021-09-10 00:00:00+00:00,0.0,305.0,320.0,465.0,670.0,458.0,210.0,0.0,0.0,295.0,0.0,0.0,0.0,91.0,0.0,0.0,113.0,0.0,0.0,0.0,603.0,134.0,0.0,0.0,0.0,0.0,0.0,0.0,1436.0,0.0,0.0,0.0,0.0,0.0,132.0,387.0,562.0,0.0,0.0,85.0,478.0,0.0
2021-09-10 01:00:00+00:00,0.0,358.0,302.0,460.0,675.0,493.0,228.0,0.0,0.0,298.0,0.0,0.0,0.0,45.0,0.0,0.0,103.0,0.0,0.0,0.0,603.0,138.0,0.0,0.0,0.0,0.0,0.0,0.0,1428.0,0.0,0.0,0.0,0.0,0.0,154.0,321.0,595.0,1.0,0.0,54.0,446.0,0.0
2021-09-10 02:00:00+00:00,0.0,328.0,335.0,468.0,688.0,454.0,204.0,0.0,0.0,301.0,0.0,0.0,0.0,33.0,0.0,0.0,102.0,0.0,0.0,0.0,603.0,136.0,0.0,0.0,0.0,0.0,0.0,0.0,1434.0,0.0,0.0,0.0,0.0,0.0,150.0,339.0,613.0,0.0,0.0,56.0,452.0,0.0
2021-09-10 03:00:00+00:00,0.0,204.0,294.0,418.0,601.0,389.0,135.0,0.0,0.0,290.0,0.0,0.0,0.0,45.0,0.0,0.0,111.0,0.0,0.0,0.0,602.0,106.0,0.0,0.0,0.0,0.0,0.0,0.0,1434.0,0.0,0.0,0.0,0.0,0.0,126.0,450.0,585.0,0.0,0.0,177.0,381.0,0.0
2021-09-10 04:00:00+00:00,0.0,532.0,238.0,375.0,629.0,362.0,252.0,0.0,62.0,327.0,0.0,0.0,0.0,0.0,0.0,0.0,135.0,0.0,0.0,0.0,575.0,1.0,0.0,0.0,0.0,0.0,0.0,0.0,1423.0,0.0,0.0,0.0,99.0,0.0,233.0,294.0,537.0,0.0,0.0,23.0,350.0,0.0
2021-09-10 05:00:00+00:00,0.0,576.0,127.0,286.0,527.0,371.0,264.0,0.0,203.0,343.0,0.0,0.0,0.0,0.0,0.0,0.0,108.0,0.0,0.0,0.0,497.0,0.0,0.0,0.0,0.0,0.0,0.0,0.0,1399.0,0.0,0.0,0.0,131.0,0.0,232.0,253.0,431.0,2.0,0.0,93.0,287.0,0.0
2021-09-10 06:00:00+00:00,0.0,565.0,94.0,272.0,496.0,304.0,201.0,0.0,208.0,350.0,0.0,0.0,0.0,0.0,0.0,0.0,57.0,0.0,0.0,0.0,420.0,0.0,0.0,0.0,0.0,0.0,0.0,0.0,1354.0,0.0,0.0,0.0,93.0,0.0,216.0,144.0,397.0,1.0,0.0,104.0,250.0,0.0
2021-09-10 07:00:00+00:00,0.0,568.0,160.0,339.0,569.0,356.0,258.0,0.0,188.0,309.0,0.0,0.0,0.0,15.0,0.0,0.0,122.0,0.0,0.0,0.0,530.0,0.0,0.0,0.0,0.0,0.0,0.0,0.0,1349.0,0.0,0.0,0.0,9.0,0.0,196.0,96.0,437.0,1.0,0.0,104.0,276.0,0.0
2021-09-10 08:00:00+00:00,0.0,564.0,202.0,390.0,613.0,367.0,251.0,0.0,130.0,300.0,0.0,0.0,0.0,114.0,0.0,0.0,140.0,0.0,0.0,0.0,506.0,0.0,0.0,0.0,0.0,0.0,0.0,0.0,1353.0,0.0,0.0,0.0,0.0,0.0,187.0,87.0,493.0,0.0,0.0,145.0,265.0,0.0
2021-09-10 09:00:00+00:00,0.0,515.0,269.0,431.0,636.0,354.0,229.0,0.0,29.0,284.0,0.0,0.0,0.0,191.0,0.0,0.0,142.0,0.0,0.0,0.0,490.0,11.0,0.0,0.0,0.0,0.0,0.0,0.0,1355.0,0.0,0.0,0.0,0.0,0.0,160.0,122.0,501.0,0.0,0.0,187.0,265.0,0.0
2021-09-10 10:00:00+00:00,0.0,377.0,165.0,437.0,597.0,344.0,216.0,0.0,6.0,278.0,0.0,0.0,0.0,234.0,0.0,0.0,135.0,0.0,0.0,0.0,476.0,31.0,0.0,0.0,0.0,0.0,0.0,0.0,1355.0,0.0,0.0,0.0,0.0,0.0,115.0,194.0,417.0,0.0,0.0,265.0,269.0,0.0
2021-09-10 11:00:00+00:00,0.0,304.0,165.0,442.0,604.0,308.0,201.0,0.0,2.0,303.0,0.0,0.0,0.0,253.0,0.0,0.0,149.0,0.0,0.0,0.0,520.0,41.0,0.0,0.0,0.0,0.0,0.0,0.0,1352.0,0.0,0.0,0.0,0.0,0.0,92.0,218.0,431.0,0.0,0.0,282.0,260.0,0.0
2021-09-10 12:00:00+00:00,0.0,237.0,159.0,426.0,569.0,236.0,123.0,0.0,5.0,293.0,0.0,0.0,0.0,206.0,0.0,0.0,141.0,0.0,0.0,0.0,509.0,39.0,0.0,0.0,0.0,109.0,0.0,0.0,1355.0,0.0,0.0,0.0,0.0,0.0,93.0,245.0,458.0,1.0,0.0,300.0,244.0,0.0
2021-09-10 13:00:00+00:00,0.0,216.0,158.0,387.0,483.0,240.0,136.0,0.0,0.0,274.0,0.0,0.0,0.0,138.0,0.0,0.0,126.0,0.0,0.0,0.0,541.0,93.0,0.0,0.0,0.0,193.0,0.0,0.0,1388.0,0.0,0.0,0.0,0.0,0.0,90.0,291.0,412.0,0.0,0.0,322.0,215.0,0.0
2021-09-10 14:00:00+00:00,0.0,252.0,102.0,352.0,436.0,324.0,221.0,0.0,0.0,245.0,0.0,0.0,0.0,60.0,0.0,0.0,76.0,0.0,0.0,0.0,533.0,88.0,0.0,0.0,0.0,152.0,0.0,0.0,1389.0,0.0,0.0,0.0,0.0,0.0,94.0,352.0,393.0,2.0,0.0,311.0,209.0,0.0
2021-09-10 15:00:00+00:00,0.0,370.0,70.0,331.0,434.0,391.0,280.0,0.0,1.0,220.0,0.0,0.0,0.0,2.0,0.0,0.0,63.0,0.0,0.0,0.0,472.0,57.0,0.0,0.0,0.0,139.0,0.0,0.0,1392.0,0.0,0.0,0.0,39.0,0.0,134.0,401.0,335.0,5.0,0.0,261.0,256.0,0.0
2021-09-10 16:00:00+00:00,0.0,360.0,40.0,302.0,413.0,395.0,288.0,0.0,2.0,182.0,0.0,0.0,0.0,0.0,0.0,0.0,83.0,0.0,0.0,0.0,356.0,32.0,0.0,0.0,0.0,0.0,0.0,0.0,1386.0,0.0,0.0,13.0,117.0,0.0,147.0,424.0,304.0,14.0,0.0,205.0,228.0,0.0
2021-09-10 17:00:00+00:00,0.0,343.0,37.0,280.0,392.0,402.0,277.0,0.0,17.0,207.0,0.0,0.0,0.0,0.0,0.0,0.0,102.0,0.0,0.0,0.0,204.0,15.0,0.0,0.0,0.0,0.0,0.0,0.0,1389.0,0.0,0.0,172.0,88.0,0.0,114.0,522.0,330.0,17.0,0.0,296.0,218.0,0.0
2021-09-10 18:00:00+00:00,0.0,392.0,70.0,295.0,419.0,434.0,184.0,0.0,12.0,217.0,0.0,0.0,0.0,0.0,0.0,0.0,84.0,0.0,0.0,0.0,267.0,8.0,0.0,0.0,0.0,0.0,0.0,,1479.0,0.0,0.0,155.0,67.0,0.0,128.0,489.0,319.0,6.0,0.0,,231.0,0.0
2021-09-10 19:00:00+00:00,0.0,373.0,95.0,334.0,450.0,358.0,181.0,0.0,3.0,252.0,0.0,0.0,0.0,1.0,0.0,0.0,65.0,0.0,0.0,0.0,505.0,29.0,0.0,0.0,0.0,59.0,0.0,,1479.0,0.0,0.0,0.0,28.0,0.0,128.0,453.0,348.0,6.0,0.0,,271.0,0.0
2021-09-10 20:00:00+00:00,0.0,249.0,105.0,375.0,464.0,383.0,182.0,0.0,0.0,180.0,0.0,0.0,0.0,25.0,0.0,0.0,45.0,0.0,0.0,0.0,483.0,157.0,0.0,0.0,0.0,105.0,0.0,,1495.0,0.0,0.0,0.0,2.0,0.0,81.0,496.0,395.0,4.0,0.0,,276.0,0.0
2021-09-10 21:00:00+00:00,0.0,255.0,149.0,401.0,483.0,405.0,187.0,0.0,0.0,218.0,0.0,0.0,0.0,35.0,0.0,0.0,81.0,0.0,0.0,0.0,574.0,187.0,0.0,0.0,0.0,308.0,0.0,,1475.0,0.0,0.0,0.0,1.0,0.0,111.0,505.0,403.0,4.0,0.0,,323.0,0.0
2021-09-10 22:00:00+00:00,0.0,277.0,134.0,487.0,574.0,369.0,166.0,0.0,0.0,192.0,0.0,0.0,0.0,28.0,0.0,0.0,119.0,0.0,0.0,0.0,601.0,304.0,0.0,0.0,0.0,391.0,0.0,,1419.0,0.0,0.0,0.0,5.0,0.0,151.0,364.0,540.0,4.0,0.0,,401.0,49.0
2021-09-10 23:00:00+00:00,0.0,265.0,126.0,495.0,570.0,320.0,171.0,0.0,0.0,198.0,0.0,0.0,0.0,19.0,0.0,0.0,117.0,0.0,0.0,0.0,601.0,334.0,0.0,0.0,0.0,420.0,0.0,,1440.0,0.0,0.0,0.0,3.0,0.0,156.0,327.0,543.0,3.0,0.0,,400.0,72.0
2021-09-11 00:00:00+00:00,0.0,342.0,166.0,514.0,603.0,317.0,161.0,0.0,0.0,234.0,0.0,0.0,0.0,20.0,0.0,0.0,108.0,0.0,0.0,0.0,602.0,329.0,0.0,0.0,0.0,443.0,0.0,,1437.0,0.0,0.0,0.0,2.0,0.0,183.0,336.0,593.0,3.0,0.0,,439.0,74.0
2021-09-11 01:00:00+00:00,0.0,386.0,170.0,508.0,592.0,317.0,138.0,0.0,0.0,229.0,0.0,0.0,0.0,27.0,0.0,0.0,105.0,0.0,0.0,0.0,603.0,343.0,0.0,0.0,0.0,466.0,0.0,,1453.0,0.0,0.0,0.0,1.0,0.0,184.0,361.0,587.0,0.0,0.0,,453.0,73.0
2021-09-11 02:00:00+00:00,0.0,323.0,217.0,499.0,568.0,311.0,150.0,0.0,0.0,234.0,0.0,0.0,0.0,31.0,0.0,0.0,99.0,0.0,0.0,0.0,602.0,325.0,0.0,0.0,0.0,405.0,0.0,,1454.0,0.0,0.0,0.0,3.0,0.0,163.0,377.0,625.0,1.0,0.0,,431.0,73.0
2021-09-11 03:00:00+00:00,0.0,223.0,187.0,476.0,542.0,286.0,142.0,0.0,0.0,228.0,0.0,0.0,0.0,37.0,0.0,0.0,99.0,0.0,0.0,0.0,602.0,300.0,0.0,0.0,0.0,347.0,0.0,,1457.0,0.0,0.0,0.0,0.0,0.0,142.0,380.0,615.0,0.0,0.0,,386.0,74.0
2021-09-11 04:00:00+00:00,0.0,134.0,170.0,378.0,365.0,321.0,120.0,0.0,0.0,122.0,0.0,0.0,0.0,57.0,0.0,0.0,103.0,0.0,0.0,0.0,596.0,352.0,0.0,0.0,0.0,381.0,0.0,,1443.0,0.0,0.0,0.0,0.0,0.0,80.0,422.0,587.0,1.0,0.0,,249.0,74.0
2021-09-11 05:00:00+00:00,0.0,146.0,133.0,372.0,402.0,192.0,98.0,0.0,0.0,202.0,0.0,0.0,0.0,56.0,0.0,0.0,113.0,0.0,0.0,0.0,602.0,210.0,0.0,0.0,0.0,265.0,0.0,,1432.0,0.0,0.0,0.0,0.0,0.0,70.0,429.0,539.0,1.0,0.0,,208.0,73.0
2021-09-11 06:00:00+00:00,0.0,162.0,101.0,382.0,447.0,195.0,80.0,0.0,0.0,277.0,0.0,0.0,0.0,69.0,0.0,0.0,87.0,0.0,0.0,0.0,585.0,114.0,0.0,0.0,0.0,238.0,0.0,,1441.0,0.0,0.0,0.0,0.0,0.0,80.0,320.0,538.0,2.0,0.0,,199.0,74.0
2021-09-11 07:00:00+00:00,0.0,250.0,139.0,400.0,476.0,192.0,102.0,0.0,0.0,290.0,0.0,0.0,0.0,89.0,0.0,0.0,94.0,0.0,0.0,0.0,481.0,103.0,0.0,0.0,0.0,253.0,0.0,0.0,1458.0,0.0,0.0,0.0,0.0,0.0,85.0,238.0,531.0,2.0,0.0,297.0,204.0,74.0
2021-09-11 08:00:00+00:00,0.0,173.0,150.0,425.0,506.0,212.0,123.0,0.0,0.0,316.0,0.0,0.0,0.0,148.0,0.0,0.0,82.0,0.0,0.0,0.0,485.0,110.0,0.0,0.0,0.0,258.0,0.0,0.0,1420.0,0.0,0.0,0.0,0.0,0.0,72.0,206.0,564.0,0.0,0.0,304.0,203.0,75.0
2021-09-11 09:00:00+00:00,0.0,185.0,173.0,461.0,548.0,213.0,109.0,0.0,0.0,354.0,0.0,0.0,0.0,199.0,0.0,0.0,82.0,0.0,0.0,0.0,412.0,132.0,0.0,0.0,0.0,248.0,0.0,0.0,1414.0,0.0,0.0,0.0,0.0,0.0,65.0,231.0,598.0,0.0,0.0,323.0,217.0,76.0
2021-09-11 10:00:00+00:00,0.0,94.0,181.0,486.0,584.0,167.0,105.0,0.0,0.0,381.0,0.0,0.0,0.0,249.0,0.0,0.0,71.0,0.0,0.0,0.0,417.0,128.0,0.0,0.0,0.0,284.0,0.0,0.0,1123.0,0.0,0.0,0.0,0.0,0.0,48.0,245.0,600.0,0.0,0.0,345.0,212.0,75.0
2021-09-11 11:00:00+00:00,0.0,104.0,195.0,483.0,576.0,145.0,99.0,0.0,0.0,371.0,0.0,0.0,0.0,242.0,0.0,0.0,55.0,0.0,0.0,0.0,394.0,146.0,0.0,0.0,0.0,313.0,0.0,0.0,1009.0,0.0,0.0,0.0,0.0,0.0,47.0,235.0,602.0,1.0,0.0,336.0,206.0,74.0
2021-09-11 12:00:00+00:00,0.0,0.0,154.0,458.0,529.0,135.0,94.0,0.0,0.0,339.0,0.0,6.0,0.0,236.0,0.0,0.0,60.0,0.0,0.0,0.0,398.0,160.0,0.0,0.0,0.0,283.0,0.0,0.0,1002.0,0.0,0.0,0.0,0.0,0.0,27.0,260.0,579.0,1.0,0.0,338.0,195.0,74.0
2021-09-11 13:00:00+00:00,0.0,0.0,161.0,450.0,508.0,153.0,79.0,0.0,0.0,318.0,0.0,45.0,0.0,187.0,0.0,0.0,63.0,0.0,0.0,0.0,439.0,165.0,0.0,0.0,0.0,310.0,0.0,0.0,1008.0,0.0,0.0,0.0,0.0,0.0,36.0,333.0,576.0,0.0,0.0,354.0,192.0,73.0
2021-09-11 14:00:00+00:00,0.0,0.0,118.0,418.0,480.0,161.0,45.0,0.0,0.0,285.0,0.0,88.0,0.0,163.0,0.0,0.0,86.0,0.0,0.0,0.0,509.0,173.0,0.0,0.0,0.0,301.0,0.0,0.0,1040.0,0.0,0.0,0.0,0.0,0.0,21.0,437.0,553.0,2.0,0.0,401.0,213.0,74.0
2021-09-11 15:00:00+00:00,0.0,82.0,106.0,365.0,388.0,171.0,52.0,0.0,0.0,182.0,0.0,0.0,0.0,48.0,0.0,0.0,92.0,0.0,0.0,0.0,470.0,221.0,0.0,0.0,0.0,227.0,0.0,0.0,1041.0,0.0,0.0,0.0,1.0,0.0,32.0,426.0,502.0,4.0,0.0,362.0,169.0,75.0
2021-09-11 16:00:00+00:00,0.0,269.0,73.0,337.0,361.0,262.0,13.0,0.0,0.0,109.0,0.0,0.0,0.0,0.0,0.0,0.0,65.0,0.0,0.0,0.0,155.0,245.0,0.0,0.0,0.0,91.0,0.0,0.0,1027.0,0.0,0.0,0.0,82.0,0.0,55.0,436.0,475.0,7.0,0.0,324.0,118.0,73.0
2021-09-11 17:00:00+00:00,0.0,171.0,60.0,350.0,377.0,274.0,24.0,0.0,0.0,74.0,0.0,0.0,0.0,0.0,0.0,0.0,59.0,0.0,0.0,0.0,87.0,264.0,0.0,0.0,0.0,0.0,0.0,0.0,1068.0,0.0,0.0,71.0,43.0,0.0,19.0,526.0,493.0,13.0,0.0,383.0,141.0,74.0
2021-09-11 18:00:00+00:00,0.0,264.0,54.0,358.0,416.0,336.0,78.0,0.0,0.0,107.0,0.0,0.0,0.0,0.0,0.0,0.0,42.0,0.0,0.0,0.0,111.0,215.0,0.0,0.0,0.0,0.0,0.0,0.0,1216.0,0.0,0.0,89.0,47.0,0.0,51.0,512.0,463.0,14.0,0.0,348.0,167.0,73.0
2021-09-11 19:00:00+00:00,0.0,380.0,55.0,359.0,445.0,321.0,91.0,0.0,0.0,147.0,0.0,0.0,0.0,0.0,0.0,0.0,73.0,0.0,0.0,0.0,107.0,172.0,0.0,0.0,0.0,0.0,0.0,0.0,1200.0,0.0,0.0,13.0,64.0,0.0,90.0,403.0,449.0,23.0,0.0,255.0,188.0,73.0
2021-09-11 20:00:00+00:00,0.0,125.0,106.0,410.0,464.0,340.0,121.0,0.0,0.0,160.0,0.0,0.0,0.0,13.0,0.0,0.0,112.0,0.0,0.0,0.0,524.0,258.0,0.0,0.0,0.0,136.0,0.0,0.0,1222.0,0.0,0.0,0.0,10.0,0.0,58.0,415.0,545.0,6.0,0.0,306.0,212.0,72.0
2021-09-11 21:00:00+00:00,0.0,94.0,186.0,440.0,503.0,306.0,154.0,0.0,0.0,166.0,0.0,0.0,0.0,34.0,0.0,0.0,135.0,0.0,0.0,0.0,584.0,275.0,0.0,0.0,0.0,292.0,0.0,0.0,1205.0,0.0,0.0,0.0,1.0,0.0,81.0,402.0,585.0,0.0,0.0,261.0,284.0,74.0
2021-09-11 22:00:00+00:00,0.0,202.0,201.0,449.0,515.0,320.0,118.0,0.0,0.0,161.0,0.0,0.0,0.0,27.0,0.0,0.0,126.0,0.0,0.0,0.0,602.0,319.0,0.0,0.0,0.0,398.0,0.0,0.0,1228.0,0.0,0.0,0.0,2.0,0.0,119.0,448.0,625.0,2.0,0.0,282.0,350.0,74.0
2021-09-11 23:00:00+00:00,0.0,321.0,182.0,450.0,530.0,339.0,131.0,0.0,0.0,242.0,0.0,0.0,0.0,17.0,0.0,0.0,113.0,0.0,0.0,0.0,602.0,275.0,0.0,0.0,0.0,447.0,0.0,0.0,1221.0,0.0,0.0,0.0,4.0,0.0,156.0,420.0,611.0,0.0,0.0,232.0,396.0,74.0
2021-09-12 00:00:00+00:00,0.0,395.0,206.0,466.0,549.0,368.0,152.0,0.0,0.0,239.0,0.0,0.0,0.0,2.0,0.0,0.0,110.0,0.0,0.0,0.0,603.0,309.0,0.0,0.0,0.0,471.0,0.0,0.0,1233.0,0.0,0.0,0.0,27.0,0.0,196.0,375.0,632.0,0.0,0.0,188.0,389.0,75.0
2021-09-12 01:00:00+00:00,0.0,415.0,225.0,468.0,551.0,373.0,158.0,0.0,0.0,238.0,0.0,0.0,0.0,0.0,0.0,0.0,101.0,0.0,0.0,0.0,603.0,334.0,0.0,0.0,0.0,480.0,0.0,0.0,1245.0,0.0,0.0,0.0,40.0,0.0,207.0,363.0,633.0,0.0,0.0,167.0,401.0,74.0
2021-09-12 02:00:00+00:00,0.0,395.0,222.0,473.0,562.0,363.0,147.0,0.0,0.0,248.0,0.0,0.0,0.0,0.0,0.0,0.0,97.0,0.0,0.0,0.0,602.0,311.0,0.0,0.0,0.0,450.0,0.0,0.0,1250.0,0.0,0.0,0.0,42.0,0.0,209.0,349.0,631.0,0.0,0.0,136.0,398.0,76.0
2021-09-12 03:00:00+00:00,0.0,378.0,196.0,462.0,557.0,332.0,127.0,0.0,0.0,263.0,0.0,0.0,0.0,0.0,0.0,0.0,95.0,0.0,0.0,0.0,603.0,285.0,0.0,0.0,0.0,432.0,0.0,0.0,1239.0,0.0,0.0,0.0,35.0,0.0,206.0,356.0,622.0,0.0,0.0,117.0,406.0,75.0
2021-09-12 04:00:00+00:00,0.0,494.0,121.0,407.0,519.0,321.0,90.0,0.0,0.0,237.0,0.0,0.0,0.0,0.0,0.0,0.0,101.0,0.0,0.0,0.0,602.0,238.0,0.0,0.0,0.0,492.0,0.0,0.0,1228.0,0.0,0.0,0.0,75.0,0.0,241.0,350.0,556.0,2.0,0.0,98.0,407.0,74.0
2021-09-12 05:00:00+00:00,0.0,338.0,65.0,410.0,529.0,312.0,79.0,0.0,0.0,291.0,0.0,0.0,0.0,8.0,0.0,0.0,91.0,0.0,0.0,0.0,603.0,189.0,0.0,0.0,0.0,456.0,0.0,0.0,1248.0,0.0,0.0,0.0,22.0,0.0,192.0,351.0,490.0,10.0,0.0,157.0,391.0,75.0
2021-09-12 06:00:00+00:00,0.0,290.0,74.0,430.0,560.0,166.0,131.0,0.0,0.0,336.0,0.0,0.0,0.0,18.0,0.0,0.0,58.0,0.0,0.0,0.0,602.0,131.0,0.0,0.0,0.0,482.0,0.0,0.0,1254.0,0.0,0.0,0.0,10.0,0.0,183.0,263.0,477.0,10.0,0.0,154.0,361.0,75.0
2021-09-12 07:00:00+00:00,0.0,276.0,86.0,470.0,620.0,200.0,93.0,0.0,0.0,377.0,0.0,0.0,0.0,59.0,0.0,0.0,59.0,0.0,0.0,0.0,599.0,87.0,0.0,0.0,0.0,445.0,0.0,0.0,1268.0,0.0,0.0,0.0,0.0,0.0,183.0,222.0,492.0,6.0,0.0,129.0,416.0,74.0
2021-09-12 08:00:00+00:00,0.0,282.0,159.0,486.0,611.0,201.0,107.0,0.0,0.0,337.0,0.0,0.0,0.0,118.0,0.0,0.0,70.0,0.0,0.0,0.0,532.0,153.0,0.0,0.0,0.0,468.0,0.0,0.0,1266.0,0.0,0.0,0.0,0.0,0.0,152.0,243.0,547.0,1.0,0.0,202.0,388.0,74.0
2021-09-12 09:00:00+00:00,0.0,190.0,165.0,508.0,644.0,224.0,111.0,0.0,0.0,411.0,0.0,0.0,0.0,189.0,0.0,0.0,65.0,0.0,0.0,0.0,440.0,130.0,0.0,0.0,0.0,478.0,0.0,0.0,1245.0,0.0,0.0,0.0,0.0,0.0,127.0,227.0,584.0,1.0,0.0,206.0,377.0,74.0
2021-09-12 10:00:00+00:00,0.0,158.0,147.0,506.0,644.0,220.0,114.0,0.0,0.0,426.0,0.0,0.0,0.0,171.0,0.0,0.0,59.0,0.0,0.0,0.0,466.0,132.0,0.0,0.0,0.0,459.0,0.0,0.0,1244.0,0.0,0.0,0.0,0.0,0.0,115.0,147.0,573.0,1.0,0.0,164.0,325.0,74.0
2021-09-12 11:00:00+00:00,0.0,0.0,115.0,473.0,618.0,195.0,88.0,0.0,0.0,442.0,0.0,30.0,0.0,179.0,0.0,0.0,57.0,0.0,0.0,0.0,526.0,96.0,0.0,0.0,0.0,441.0,0.0,0.0,1235.0,0.0,0.0,0.0,0.0,0.0,77.0,121.0,513.0,3.0,0.0,191.0,270.0,74.0
2021-09-12 12:00:00+00:00,0.0,0.0,78.0,429.0,567.0,153.0,81.0,0.0,0.0,426.0,0.0,170.0,0.0,177.0,0.0,0.0,53.0,0.0,0.0,0.0,532.0,60.0,0.0,0.0,0.0,312.0,0.0,0.0,1238.0,0.0,0.0,0.0,0.0,0.0,37.0,77.0,491.0,4.0,0.0,188.0,203.0,76.0
2021-09-12 13:00:00+00:00,0.0,0.0,123.0,434.0,539.0,188.0,74.0,0.0,0.0,412.0,0.0,202.0,0.0,153.0,0.0,0.0,62.0,0.0,0.0,0.0,518.0,116.0,0.0,0.0,0.0,424.0,0.0,0.0,1243.0,0.0,0.0,0.0,0.0,0.0,38.0,165.0,538.0,1.0,0.0,206.0,219.0,74.0
2021-09-12 14:00:00+00:00,0.0,0.0,93.0,387.0,495.0,206.0,99.0,0.0,2.0,438.0,0.0,235.0,0.0,136.0,0.0,0.0,91.0,0.0,0.0,0.0,552.0,35.0,0.0,0.0,0.0,361.0,0.0,0.0,1251.0,0.0,0.0,0.0,0.0,0.0,29.0,305.0,496.0,4.0,0.0,263.0,232.0,72.0
2021-09-12 15:00:00+00:00,0.0,89.0,117.0,377.0,494.0,184.0,110.0,0.0,4.0,415.0,0.0,0.0,0.0,32.0,0.0,0.0,82.0,0.0,0.0,0.0,601.0,33.0,0.0,0.0,0.0,405.0,0.0,0.0,1260.0,0.0,0.0,0.0,2.0,0.0,113.0,387.0,500.0,4.0,0.0,214.0,303.0,71.0
2021-09-12 16:00:00+00:00,0.0,379.0,93.0,356.0,501.0,342.0,38.0,0.0,45.0,411.0,0.0,0.0,0.0,0.0,0.0,0.0,52.0,0.0,0.0,0.0,565.0,1.0,0.0,0.0,0.0,291.0,0.0,0.0,1267.0,0.0,0.0,0.0,76.0,0.0,165.0,409.0,439.0,11.0,0.0,201.0,276.0,71.0
2021-09-12 17:00:00+00:00,0.0,296.0,45.0,355.0,483.0,302.0,87.0,0.0,13.0,344.0,0.0,0.0,0.0,0.0,0.0,0.0,30.0,0.0,0.0,0.0,346.0,9.0,0.0,0.0,0.0,41.0,0.0,0.0,1269.0,0.0,0.0,0.0,49.0,0.0,101.0,488.0,463.0,18.0,0.0,248.0,248.0,71.0
2021-09-12 18:00:00+00:00,0.0,372.0,46.0,358.0,526.0,376.0,144.0,0.0,46.0,379.0,0.0,0.0,0.0,0.0,0.0,0.0,33.0,0.0,0.0,0.0,371.0,0.0,0.0,0.0,0.0,38.0,0.0,0.0,1246.0,0.0,0.0,0.0,32.0,0.0,133.0,461.0,453.0,17.0,0.0,218.0,282.0,72.0
2021-09-12 19:00:00+00:00,0.0,290.0,56.0,361.0,539.0,411.0,197.0,0.0,77.0,424.0,0.0,0.0,0.0,2.0,0.0,0.0,27.0,0.0,0.0,0.0,563.0,0.0,0.0,0.0,0.0,147.0,0.0,0.0,1238.0,0.0,0.0,0.0,28.0,0.0,144.0,415.0,448.0,20.0,0.0,221.0,271.0,71.0
2021-09-12 20:00:00+00:00,0.0,300.0,96.0,386.0,545.0,419.0,250.0,0.0,20.0,404.0,0.0,0.0,0.0,12.0,0.0,0.0,71.0,0.0,0.0,0.0,602.0,5.0,0.0,0.0,0.0,195.0,0.0,0.0,1236.0,0.0,0.0,0.0,3.0,0.0,146.0,412.0,495.0,4.0,0.0,218.0,309.0,71.0
2021-09-12 21:00:00+00:00,0.0,240.0,108.0,393.0,551.0,437.0,243.0,0.0,18.0,399.0,0.0,0.0,0.0,30.0,0.0,0.0,101.0,0.0,0.0,0.0,602.0,16.0,0.0,0.0,0.0,380.0,0.0,0.0,1268.0,0.0,0.0,0.0,1.0,0.0,164.0,435.0,473.0,6.0,0.0,219.0,368.0,73.0
2021-09-12 22:00:00+00:00,0.0,348.0,123.0,403.0,550.0,408.0,204.0,0.0,0.0,324.0,0.0,0.0,0.0,9.0,0.0,0.0,120.0,0.0,0.0,0.0,603.0,112.0,0.0,0.0,0.0,494.0,0.0,0.0,1258.0,0.0,0.0,0.0,15.0,0.0,208.0,366.0,511.0,5.0,0.0,191.0,374.0,75.0
2021-09-12 23:00:00+00:00,0.0,435.0,94.0,422.0,600.0,440.0,251.0,0.0,0.0,390.0,0.0,0.0,0.0,0.0,0.0,0.0,106.0,0.0,0.0,0.0,602.0,85.0,0.0,0.0,0.0,473.0,0.0,0.0,1242.0,0.0,0.0,0.0,41.0,0.0,243.0,303.0,523.0,3.0,0.0,125.0,394.0,74.0
2021-09-13 00:00:00+00:00,0.0,520.0,115.0,429.0,622.0,455.0,262.0,0.0,0.0,390.0,0.0,0.0,0.0,0.0,0.0,0.0,100.0,0.0,0.0,0.0,602.0,97.0,0.0,0.0,0.0,499.0,0.0,0.0,1245.0,0.0,0.0,0.0,75.0,0.0,279.0,272.0,513.0,1.0,0.0,74.0,415.0,73.0
2021-09-13 01:00:00+00:00,0.0,525.0,86.0,426.0,616.0,452.0,281.0,0.0,0.0,399.0,0.0,0.0,0.0,0.0,0.0,0.0,93.0,0.0,0.0,0.0,602.0,90.0,0.0,0.0,0.0,497.0,0.0,0.0,1246.0,0.0,0.0,0.0,98.0,0.0,292.0,249.0,509.0,12.0,0.0,53.0,412.0,76.0
2021-09-13 02:00:00+00:00,0.0,435.0,82.0,410.0,579.0,404.0,227.0,0.0,0.0,368.0,0.0,0.0,0.0,0.0,0.0,0.0,77.0,0.0,0.0,0.0,602.0,122.0,0.0,0.0,0.0,528.0,0.0,0.0,1277.0,0.0,0.0,0.0,99.0,0.0,272.0,286.0,504.0,4.0,0.0,88.0,386.0,76.0
2021-09-13 03:00:00+00:00,0.0,314.0,27.0,358.0,533.0,350.0,171.0,0.0,7.0,395.0,0.0,0.0,0.0,0.0,0.0,0.0,92.0,0.0,0.0,0.0,600.0,29.0,0.0,0.0,0.0,415.0,0.0,0.0,1278.0,0.0,0.0,0.0,74.0,0.0,215.0,414.0,432.0,53.0,0.0,196.0,350.0,75.0
2021-09-13 04:00:00+00:00,0.0,534.0,11.0,332.0,563.0,443.0,235.0,0.0,111.0,400.0,0.0,0.0,0.0,0.0,0.0,0.0,107.0,0.0,0.0,0.0,513.0,1.0,0.0,0.0,0.0,342.0,0.0,0.0,947.0,0.0,0.0,0.0,185.0,0.0,296.0,279.0,378.0,66.0,0.0,42.0,328.0,75.0
2021-09-13 05:00:00+00:00,0.0,475.0,2.0,292.0,504.0,345.0,110.0,0.0,131.0,419.0,0.0,0.0,0.0,0.0,0.0,0.0,58.0,0.0,0.0,0.0,513.0,0.0,0.0,0.0,0.0,175.0,0.0,0.0,852.0,0.0,0.0,0.0,155.0,0.0,242.0,229.0,336.0,111.0,0.0,96.0,267.0,74.0
2021-09-13 06:00:00+00:00,0.0,370.0,15.0,241.0,521.0,265.0,53.0,0.0,169.0,399.0,0.0,0.0,0.0,0.0,0.0,0.0,30.0,0.0,0.0,0.0,506.0,0.0,0.0,0.0,0.0,0.0,0.0,0.0,820.0,0.0,0.0,67.0,48.0,0.0,159.0,118.0,392.0,54.0,0.0,83.0,226.0,76.0
2021-09-13 07:00:00+00:00,0.0,368.0,11.0,246.0,536.0,290.0,99.0,0.0,236.0,459.0,0.0,0.0,0.0,41.0,0.0,0.0,63.0,0.0,0.0,0.0,536.0,0.0,0.0,0.0,0.0,38.0,0.0,0.0,822.0,0.0,0.0,0.0,1.0,0.0,152.0,106.0,374.0,54.0,0.0,143.0,243.0,76.0
2021-09-13 08:00:00+00:00,0.0,217.0,25.0,264.0,577.0,312.0,131.0,0.0,272.0,528.0,0.0,0.0,0.0,148.0,0.0,0.0,111.0,0.0,0.0,0.0,569.0,0.0,0.0,0.0,0.0,41.0,0.0,0.0,823.0,0.0,0.0,0.0,0.0,0.0,110.0,100.0,417.0,36.0,0.0,169.0,234.0,75.0
2021-09-13 09:00:00+00:00,0.0,178.0,8.0,269.0,585.0,339.0,124.0,0.0,289.0,555.0,0.0,0.0,0.0,210.0,0.0,0.0,115.0,0.0,0.0,0.0,602.0,0.0,0.0,0.0,0.0,18.0,0.0,,822.0,0.0,0.0,0.0,0.0,0.0,98.0,124.0,405.0,61.0,0.0,,239.0,74.0
2021-09-13 10:00:00+00:00,0.0,149.0,8.0,253.0,542.0,346.0,125.0,0.0,278.0,540.0,0.0,0.0,0.0,202.0,0.0,0.0,111.0,0.0,0.0,0.0,603.0,0.0,0.0,0.0,0.0,34.0,0.0,,823.0,0.0,0.0,0.0,0.0,0.0,83.0,154.0,330.0,74.0,0.0,,217.0,75.0
2021-09-13 11:00:00+00:00,0.0,171.0,0.0,242.0,519.0,351.0,162.0,0.0,299.0,552.0,0.0,0.0,0.0,181.0,0.0,0.0,106.0,0.0,0.0,0.0,603.0,0.0,0.0,0.0,0.0,92.0,0.0,0.0,822.0,0.0,0.0,0.0,0.0,0.0,99.0,197.0,313.0,138.0,0.0,270.0,239.0,76.0
2021-09-13 12:00:00+00:00,0.0,89.0,0.0,233.0,494.0,324.0,119.0,0.0,320.0,561.0,0.0,0.0,0.0,171.0,0.0,0.0,112.0,0.0,0.0,0.0,603.0,0.0,0.0,0.0,0.0,121.0,0.0,0.0,1170.0,0.0,0.0,0.0,0.0,0.0,87.0,264.0,299.0,134.0,0.0,301.0,254.0,77.0
2021-09-13 13:00:00+00:00,0.0,19.0,6.0,302.0,521.0,314.0,144.0,0.0,222.0,553.0,0.0,0.0,0.0,165.0,0.0,0.0,122.0,0.0,0.0,0.0,601.0,0.0,0.0,0.0,0.0,0.0,0.0,0.0,1219.0,0.0,0.0,10.0,0.0,0.0,59.0,351.0,356.0,77.0,0.0,299.0,271.0,73.0
2021-09-13 14:00:00+00:00,0.0,54.0,4.0,297.0,507.0,417.0,162.0,0.0,211.0,519.0,0.0,0.0,0.0,102.0,0.0,0.0,102.0,0.0,0.0,0.0,591.0,0.0,0.0,0.0,0.0,0.0,0.0,0.0,859.0,0.0,0.0,60.0,0.0,0.0,68.0,380.0,354.0,93.0,0.0,295.0,266.0,73.0
2021-09-13 15:00:00+00:00,0.0,185.0,7.0,287.0,498.0,390.0,172.0,0.0,172.0,433.0,0.0,0.0,0.0,5.0,0.0,0.0,72.0,0.0,0.0,0.0,500.0,0.0,0.0,0.0,0.0,0.0,0.0,0.0,823.0,0.0,0.0,30.0,13.0,0.0,110.0,343.0,370.0,64.0,0.0,181.0,272.0,76.0
2021-09-13 16:00:00+00:00,0.0,497.0,7.0,268.0,480.0,346.0,130.0,0.0,147.0,334.0,0.0,0.0,0.0,0.0,0.0,0.0,59.0,0.0,0.0,0.0,129.0,0.0,0.0,0.0,0.0,0.0,0.0,0.0,821.0,0.0,0.0,131.0,156.0,0.0,167.0,285.0,395.0,117.0,0.0,74.0,236.0,74.0
2021-09-13 17:00:00+00:00,0.0,493.0,3.0,264.0,478.0,340.0,122.0,0.0,141.0,322.0,0.0,0.0,0.0,0.0,0.0,0.0,67.0,0.0,0.0,0.0,54.0,0.0,0.0,0.0,0.0,0.0,0.0,0.0,821.0,0.0,0.0,266.0,125.0,0.0,140.0,339.0,388.0,109.0,0.0,102.0,232.0,74.0
2021-09-13 18:00:00+00:00,0.0,520.0,13.0,277.0,487.0,385.0,89.0,0.0,115.0,303.0,0.0,0.0,0.0,0.0,0.0,0.0,63.0,0.0,0.0,0.0,63.0,0.0,0.0,0.0,0.0,0.0,0.0,0.0,1185.0,0.0,0.0,267.0,111.0,0.0,136.0,281.0,389.0,62.0,0.0,57.0,223.0,74.0
2021-09-13 19:00:00+00:00,0.0,494.0,38.0,292.0,515.0,369.0,93.0,0.0,145.0,394.0,0.0,0.0,0.0,0.0,0.0,0.0,53.0,0.0,0.0,0.0,402.0,0.0,0.0,0.0,0.0,0.0,0.0,0.0,1230.0,0.0,0.0,118.0,67.0,0.0,137.0,247.0,369.0,36.0,0.0,62.0,246.0,75.0
2021-09-13 20:00:00+00:00,0.0,206.0,42.0,354.0,552.0,367.0,113.0,0.0,75.0,439.0,0.0,0.0,0.0,16.0,0.0,0.0,72.0,0.0,0.0,0.0,565.0,0.0,0.0,0.0,0.0,81.0,0.0,0.0,1231.0,0.0,0.0,0.0,7.0,0.0,83.0,338.0,411.0,26.0,0.0,223.0,245.0,74.0
2021-09-13 21:00:00+00:00,0.0,331.0,65.0,384.0,590.0,394.0,103.0,0.0,28.0,404.0,0.0,0.0,0.0,3.0,0.0,0.0,124.0,0.0,0.0,0.0,549.0,3.0,0.0,0.0,0.0,143.0,0.0,0.0,1239.0,0.0,0.0,0.0,16.0,0.0,153.0,324.0,465.0,13.0,0.0,181.0,324.0,76.0
2021-09-13 22:00:00+00:00,0.0,378.0,76.0,420.0,668.0,392.0,94.0,0.0,78.0,542.0,0.0,0.0,0.0,3.0,0.0,0.0,120.0,0.0,0.0,0.0,601.0,0.0,0.0,0.0,0.0,289.0,0.0,0.0,1245.0,0.0,0.0,0.0,18.0,0.0,217.0,362.0,489.0,9.0,0.0,146.0,408.0,75.0
2021-09-13 23:00:00+00:00,0.0,512.0,38.0,395.0,657.0,396.0,104.0,0.0,108.0,553.0,0.0,0.0,0.0,0.0,0.0,0.0,107.0,0.0,0.0,0.0,602.0,0.0,0.0,0.0,0.0,353.0,0.0,0.0,1243.0,0.0,0.0,0.0,57.0,0.0,259.0,301.0,438.0,27.0,0.0,104.0,399.0,76.0
2021-09-14 00:00:00+00:00,0.0,534.0,41.0,413.0,673.0,410.0,111.0,0.0,81.0,535.0,0.0,0.0,0.0,0.0,0.0,0.0,102.0,0.0,0.0,0.0,602.0,0.0,0.0,0.0,0.0,324.0,0.0,0.0,1227.0,0.0,0.0,0.0,69.0,0.0,270.0,272.0,454.0,29.0,0.0,73.0,401.0,74.0
2021-09-14 01:00:00+00:00,0.0,546.0,30.0,410.0,671.0,407.0,106.0,0.0,67.0,528.0,0.0,0.0,0.0,0.0,0.0,0.0,98.0,0.0,0.0,0.0,603.0,0.0,0.0,0.0,0.0,299.0,0.0,0.0,1237.0,0.0,0.0,0.0,83.0,0.0,278.0,283.0,444.0,34.0,0.0,67.0,383.0,74.0
2021-09-14 02:00:00+00:00,0.0,536.0,18.0,390.0,655.0,389.0,73.0,0.0,97.0,543.0,0.0,0.0,0.0,0.0,0.0,0.0,100.0,0.0,0.0,0.0,602.0,0.0,0.0,0.0,0.0,272.0,0.0,0.0,1239.0,0.0,0.0,0.0,66.0,0.0,261.0,347.0,417.0,45.0,0.0,95.0,377.0,74.0
2021-09-14 03:00:00+00:00,0.0,443.0,36.0,381.0,629.0,347.0,46.0,0.0,78.0,520.0,0.0,0.0,0.0,0.0,0.0,0.0,109.0,0.0,0.0,0.0,595.0,0.0,0.0,0.0,0.0,269.0,0.0,0.0,1245.0,0.0,0.0,0.0,62.0,0.0,216.0,403.0,426.0,26.0,0.0,177.0,352.0,75.0
2021-09-14 04:00:00+00:00,0.0,652.0,6.0,336.0,603.0,441.0,151.0,0.0,112.0,448.0,0.0,0.0,0.0,0.0,0.0,0.0,98.0,0.0,0.0,0.0,361.0,0.0,0.0,0.0,0.0,108.0,0.0,4.0,1238.0,0.0,0.0,0.0,161.0,0.0,257.0,159.0,387.0,107.0,0.0,6.0,336.0,76.0
2021-09-14 05:00:00+00:00,0.0,715.0,10.0,281.0,569.0,434.0,108.0,0.0,182.0,497.0,0.0,0.0,0.0,0.0,0.0,0.0,58.0,0.0,0.0,0.0,223.0,0.0,0.0,0.0,0.0,5.0,0.0,54.0,1236.0,0.0,0.0,0.0,153.0,0.0,275.0,36.0,357.0,87.0,0.0,0.0,301.0,76.0
2021-09-14 06:00:00+00:00,0.0,678.0,3.0,275.0,636.0,410.0,127.0,0.0,407.0,163.0,0.0,0.0,0.0,5.0,0.0,0.0,33.0,0.0,0.0,0.0,177.0,0.0,0.0,0.0,0.0,0.0,0.0,45.0,1208.0,0.0,0.0,64.0,22.0,0.0,251.0,0.0,328.0,99.0,26.0,0.0,292.0,75.0
2021-09-14 07:00:00+00:00,0.0,435.0,9.0,293.0,671.0,473.0,155.0,0.0,454.0,139.0,0.0,0.0,0.0,93.0,0.0,0.0,65.0,0.0,0.0,0.0,346.0,0.0,0.0,0.0,0.0,0.0,0.0,13.0,1208.0,0.0,0.0,6.0,0.0,0.0,193.0,0.0,345.0,62.0,17.0,1.0,265.0,75.0
2021-09-14 08:00:00+00:00,0.0,322.0,2.0,302.0,691.0,457.0,178.0,0.0,524.0,117.0,0.0,0.0,0.0,177.0,0.0,0.0,112.0,0.0,0.0,0.0,559.0,0.0,0.0,0.0,0.0,104.0,0.0,0.0,1207.0,0.0,0.0,0.0,0.0,0.0,163.0,105.0,345.0,100.0,0.0,119.0,278.0,74.0
2021-09-14 09:00:00+00:00,0.0,151.0,2.0,306.0,694.0,432.0,156.0,0.0,573.0,52.0,0.0,0.0,0.0,236.0,0.0,0.0,113.0,0.0,0.0,0.0,528.0,0.0,0.0,0.0,0.0,74.0,0.0,0.0,1206.0,0.0,0.0,0.0,0.0,0.0,118.0,116.0,282.0,136.0,0.0,141.0,269.0,74.0
2021-09-14 10:00:00+00:00,0.0,99.0,2.0,306.0,685.0,395.0,177.0,0.0,572.0,50.0,0.0,0.0,0.0,254.0,0.0,0.0,115.0,0.0,0.0,0.0,575.0,0.0,0.0,0.0,0.0,26.0,0.0,0.0,1205.0,0.0,0.0,0.0,0.0,0.0,87.0,105.0,307.0,116.0,0.0,150.0,244.0,75.0
2021-09-14 11:00:00+00:00,0.0,128.0,0.0,307.0,690.0,411.0,,0.0,595.0,53.0,0.0,0.0,0.0,268.0,0.0,0.0,113.0,0.0,0.0,0.0,577.0,0.0,0.0,0.0,0.0,44.0,0.0,0.0,1206.0,0.0,,0.0,0.0,0.0,96.0,143.0,304.0,133.0,0.0,167.0,261.0,74.0
2021-09-14 12:00:00+00:00,0.0,94.0,1.0,308.0,690.0,345.0,146.0,0.0,604.0,51.0,0.0,0.0,0.0,237.0,0.0,0.0,111.0,0.0,0.0,0.0,600.0,0.0,0.0,0.0,0.0,127.0,0.0,0.0,1208.0,0.0,0.0,0.0,0.0,0.0,99.0,176.0,316.0,141.0,0.0,176.0,263.0,73.0
2021-09-14 13:00:00+00:00,0.0,181.0,8.0,302.0,564.0,410.0,100.0,0.0,243.0,569.0,0.0,0.0,0.0,160.0,0.0,0.0,122.0,0.0,0.0,0.0,603.0,0.0,0.0,0.0,0.0,153.0,0.0,0.0,1200.0,0.0,0.0,0.0,0.0,0.0,120.0,265.0,393.0,82.0,0.0,239.0,264.0,74.0
2021-09-14 14:00:00+00:00,0.0,146.0,10.0,313.0,522.0,460.0,148.0,0.0,144.0,500.0,0.0,0.0,0.0,93.0,0.0,0.0,73.0,0.0,0.0,0.0,484.0,0.0,0.0,0.0,0.0,136.0,0.0,0.0,1211.0,0.0,0.0,0.0,0.0,0.0,89.0,329.0,429.0,54.0,0.0,250.0,255.0,76.0
2021-09-14 15:00:00+00:00,0.0,310.0,14.0,277.0,496.0,419.0,142.0,0.0,104.0,393.0,0.0,0.0,0.0,0.0,0.0,0.0,54.0,0.0,0.0,0.0,192.0,0.0,0.0,0.0,0.0,34.0,0.0,0.0,1216.0,0.0,0.0,0.0,73.0,0.0,133.0,258.0,410.0,45.0,0.0,105.0,249.0,74.0
2021-09-14 16:00:00+00:00,0.0,614.0,12.0,249.0,469.0,401.0,95.0,0.0,121.0,344.0,0.0,0.0,0.0,0.0,0.0,0.0,75.0,0.0,0.0,0.0,56.0,0.0,0.0,0.0,0.0,0.0,0.0,3.0,1214.0,0.0,0.0,84.0,194.0,0.0,184.0,222.0,417.0,64.0,0.0,27.0,234.0,72.0
2021-09-14 17:00:00+00:00,0.0,513.0,3.0,245.0,465.0,414.0,80.0,0.0,116.0,332.0,0.0,0.0,0.0,0.0,0.0,0.0,87.0,0.0,0.0,0.0,2.0,0.0,0.0,0.0,0.0,0.0,0.0,0.0,1212.0,0.0,0.0,226.0,156.0,0.0,144.0,292.0,431.0,94.0,0.0,83.0,202.0,72.0
2021-09-14 18:00:00+00:00,0.0,610.0,26.0,257.0,457.0,309.0,11.0,0.0,83.0,308.0,0.0,0.0,0.0,0.0,0.0,0.0,89.0,0.0,0.0,0.0,64.0,0.0,0.0,0.0,0.0,0.0,0.0,0.0,1228.0,0.0,0.0,120.0,112.0,0.0,156.0,310.0,385.0,35.0,0.0,122.0,210.0,74.0
2021-09-14 19:00:00+00:00,0.0,567.0,53.0,350.0,587.0,314.0,15.0,0.0,80.0,444.0,0.0,0.0,0.0,34.0,0.0,0.0,75.0,0.0,0.0,0.0,451.0,0.0,0.0,0.0,0.0,0.0,0.0,0.0,1247.0,0.0,0.0,13.0,5.0,0.0,157.0,325.0,456.0,26.0,0.0,78.0,335.0,74.0
2021-09-14 20:00:00+00:00,0.0,375.0,60.0,366.0,558.0,345.0,44.0,0.0,10.0,422.0,0.0,0.0,0.0,51.0,0.0,0.0,107.0,0.0,0.0,0.0,584.0,16.0,0.0,0.0,0.0,86.0,0.0,0.0,1226.0,0.0,0.0,0.0,0.0,0.0,103.0,447.0,481.0,11.0,0.0,269.0,338.0,73.0
2021-09-14 21:00:00+00:00,0.0,479.0,130.0,394.0,578.0,316.0,34.0,0.0,3.0,362.0,0.0,0.0,0.0,50.0,0.0,0.0,149.0,0.0,0.0,0.0,434.0,87.0,0.0,0.0,0.0,224.0,0.0,0.0,1236.0,0.0,0.0,0.0,0.0,0.0,143.0,477.0,519.0,9.0,0.0,228.0,452.0,74.0
2021-09-14 22:00:00+00:00,0.0,478.0,101.0,404.0,573.0,208.0,136.0,0.0,0.0,365.0,0.0,0.0,0.0,52.0,0.0,0.0,133.0,0.0,0.0,0.0,597.0,118.0,0.0,0.0,0.0,261.0,0.0,0.0,1241.0,0.0,0.0,0.0,0.0,0.0,140.0,437.0,518.0,4.0,0.0,165.0,368.0,76.0
2021-09-14 23:00:00+00:00,0.0,568.0,122.0,427.0,622.0,229.0,154.0,0.0,0.0,412.0,0.0,0.0,0.0,18.0,0.0,0.0,117.0,0.0,0.0,0.0,602.0,111.0,0.0,0.0,0.0,252.0,0.0,0.0,1252.0,0.0,0.0,0.0,3.0,0.0,181.0,340.0,553.0,2.0,0.0,86.0,356.0,76.0
2021-09-15 00:00:00+00:00,0.0,638.0,124.0,442.0,652.0,207.0,133.0,0.0,0.0,432.0,0.0,0.0,0.0,17.0,0.0,0.0,107.0,0.0,0.0,0.0,596.0,111.0,0.0,0.0,0.0,205.0,0.0,0.0,1252.0,0.0,0.0,0.0,2.0,0.0,194.0,314.0,558.0,3.0,0.0,36.0,381.0,76.0
2021-09-15 01:00:00+00:00,0.0,654.0,110.0,432.0,640.0,186.0,130.0,0.0,0.0,423.0,0.0,0.0,0.0,4.0,0.0,0.0,101.0,0.0,0.0,0.0,593.0,121.0,0.0,0.0,0.0,232.0,0.0,0.0,1238.0,0.0,0.0,0.0,10.0,0.0,197.0,312.0,563.0,2.0,0.0,54.0,358.0,76.0
2021-09-15 02:00:00+00:00,0.0,573.0,122.0,416.0,607.0,167.0,128.0,0.0,0.0,407.0,0.0,0.0,0.0,6.0,0.0,0.0,101.0,0.0,0.0,0.0,593.0,137.0,0.0,0.0,0.0,234.0,0.0,0.0,1239.0,0.0,0.0,0.0,8.0,0.0,173.0,364.0,547.0,2.0,0.0,99.0,335.0,75.0
2021-09-15 03:00:00+00:00,0.0,317.0,82.0,382.0,520.0,120.0,119.0,0.0,0.0,316.0,0.0,0.0,0.0,24.0,0.0,0.0,112.0,0.0,0.0,0.0,597.0,171.0,0.0,0.0,0.0,124.0,0.0,0.0,1265.0,0.0,0.0,0.0,3.0,0.0,109.0,489.0,533.0,6.0,0.0,223.0,274.0,76.0
2021-09-15 04:00:00+00:00,0.0,538.0,60.0,334.0,525.0,205.0,217.0,0.0,8.0,370.0,0.0,0.0,0.0,0.0,0.0,0.0,109.0,0.0,0.0,0.0,422.0,21.0,0.0,0.0,0.0,134.0,0.0,0.0,1241.0,0.0,0.0,0.0,85.0,0.0,196.0,287.0,458.0,17.0,0.0,24.0,258.0,76.0
2021-09-15 05:00:00+00:00,0.0,585.0,48.0,258.0,451.0,134.0,137.0,0.0,84.0,337.0,0.0,0.0,0.0,0.0,0.0,0.0,68.0,0.0,0.0,0.0,76.0,2.0,0.0,0.0,0.0,0.0,0.0,2.0,1243.0,0.0,0.0,20.0,157.0,0.0,213.0,201.0,387.0,36.0,0.0,1.0,201.0,75.0
2021-09-15 06:00:00+00:00,0.0,608.0,9.0,248.0,518.0,137.0,128.0,0.0,263.0,110.0,0.0,0.0,0.0,0.0,0.0,0.0,39.0,0.0,0.0,0.0,2.0,0.0,0.0,0.0,0.0,16.0,0.0,16.0,1219.0,0.0,0.0,0.0,137.0,0.0,230.0,135.0,367.0,68.0,0.0,2.0,181.0,76.0
2021-09-15 07:00:00+00:00,0.0,693.0,7.0,278.0,595.0,147.0,169.0,0.0,327.0,114.0,0.0,0.0,0.0,0.0,0.0,47.0,36.0,0.0,0.0,0.0,0.0,0.0,0.0,0.0,0.0,111.0,0.0,76.0,1215.0,0.0,0.0,0.0,124.0,0.0,282.0,20.0,407.0,70.0,0.0,0.0,189.0,75.0
2021-09-15 08:00:00+00:00,0.0,755.0,9.0,293.0,634.0,93.0,110.0,0.0,344.0,116.0,0.0,0.0,0.0,2.0,0.0,45.0,96.0,0.0,0.0,0.0,0.0,0.0,0.0,0.0,0.0,123.0,0.0,52.0,1216.0,0.0,0.0,0.0,28.0,0.0,265.0,39.0,408.0,68.0,0.0,0.0,254.0,75.0
2021-09-15 09:00:00+00:00,0.0,552.0,6.0,305.0,653.0,89.0,74.0,0.0,420.0,127.0,0.0,0.0,0.0,47.0,0.0,0.0,124.0,0.0,0.0,0.0,125.0,0.0,0.0,0.0,0.0,114.0,0.0,0.0,1217.0,0.0,0.0,0.0,0.0,0.0,199.0,87.0,386.0,75.0,0.0,27.0,252.0,76.0
2021-09-15 10:00:00+00:00,0.0,483.0,43.0,278.0,595.0,126.0,122.0,0.0,437.0,99.0,0.0,0.0,0.0,64.0,0.0,0.0,117.0,0.0,0.0,0.0,172.0,0.0,0.0,0.0,0.0,132.0,0.0,0.0,1215.0,0.0,0.0,0.0,0.0,0.0,170.0,135.0,424.0,41.0,0.0,75.0,228.0,74.0
2021-09-15 11:00:00+00:00,0.0,518.0,3.0,286.0,604.0,247.0,245.0,0.0,415.0,98.0,0.0,0.0,0.0,34.0,0.0,0.0,117.0,0.0,0.0,0.0,160.0,0.0,0.0,0.0,0.0,153.0,0.0,0.0,1215.0,0.0,0.0,0.0,0.0,0.0,185.0,157.0,363.0,89.0,0.0,88.0,231.0,74.0
2021-09-15 12:00:00+00:00,0.0,476.0,8.0,294.0,616.0,172.0,170.0,0.0,380.0,95.0,0.0,0.0,0.0,31.0,0.0,0.0,124.0,0.0,0.0,0.0,66.0,0.0,0.0,0.0,0.0,108.0,0.0,0.0,1204.0,0.0,0.0,0.0,0.0,0.0,183.0,204.0,377.0,69.0,0.0,104.0,234.0,75.0
2021-09-15 13:00:00+00:00,0.0,521.0,10.0,310.0,580.0,134.0,157.0,0.0,254.0,294.0,0.0,0.0,0.0,47.0,0.0,0.0,127.0,0.0,0.0,0.0,105.0,0.0,0.0,0.0,0.0,35.0,0.0,0.0,1227.0,0.0,0.0,0.0,0.0,0.0,165.0,316.0,390.0,63.0,0.0,137.0,261.0,72.0
2021-09-15 14:00:00+00:00,0.0,517.0,12.0,314.0,507.0,179.0,195.0,0.0,84.0,403.0,0.0,0.0,0.0,15.0,0.0,0.0,77.0,0.0,0.0,0.0,126.0,0.0,0.0,0.0,0.0,4.0,0.0,0.0,1216.0,0.0,0.0,0.0,4.0,0.0,129.0,351.0,402.0,75.0,0.0,135.0,235.0,73.0
2021-09-15 15:00:00+00:00,0.0,787.0,19.0,299.0,480.0,163.0,187.0,0.0,39.0,326.0,0.0,0.0,0.0,0.0,0.0,164.0,61.0,0.0,0.0,0.0,0.0,1.0,0.0,0.0,0.0,12.0,0.0,0.0,1214.0,0.0,0.0,0.0,103.0,0.0,200.0,352.0,393.0,51.0,0.0,83.0,261.0,74.0
2021-09-15 16:00:00+00:00,0.0,789.0,30.0,274.0,453.0,163.0,161.0,0.0,52.0,286.0,0.0,0.0,0.0,0.0,0.0,155.0,88.0,0.0,0.0,0.0,0.0,12.0,0.0,0.0,0.0,0.0,0.0,0.0,1213.0,0.0,0.0,50.0,157.0,0.0,219.0,385.0,397.0,49.0,0.0,92.0,284.0,74.0
2021-09-15 17:00:00+00:00,0.0,686.0,22.0,286.0,467.0,220.0,223.0,0.0,47.0,307.0,0.0,0.0,0.0,0.0,0.0,134.0,102.0,0.0,0.0,0.0,0.0,0.0,0.0,0.0,0.0,0.0,0.0,0.0,1214.0,0.0,0.0,241.0,62.0,0.0,152.0,505.0,419.0,31.0,0.0,201.0,272.0,75.0
2021-09-15 18:00:00+00:00,0.0,753.0,58.0,298.0,477.0,213.0,210.0,0.0,29.0,307.0,0.0,0.0,0.0,4.0,0.0,76.0,88.0,0.0,0.0,0.0,0.0,2.0,0.0,0.0,0.0,0.0,0.0,0.0,1234.0,0.0,0.0,186.0,11.0,0.0,152.0,517.0,432.0,9.0,0.0,225.0,286.0,74.0
2021-09-15 19:00:00+00:00,0.0,680.0,125.0,378.0,567.0,234.0,232.0,0.0,12.0,378.0,0.0,0.0,0.0,56.0,0.0,0.0,63.0,0.0,0.0,0.0,260.0,19.0,0.0,0.0,0.0,0.0,0.0,0.0,1240.0,0.0,0.0,0.0,1.0,0.0,143.0,451.0,502.0,6.0,0.0,138.0,315.0,74.0
2021-09-15 20:00:00+00:00,0.0,530.0,116.0,407.0,600.0,240.0,209.0,0.0,7.0,418.0,0.0,0.0,0.0,85.0,0.0,0.0,120.0,0.0,0.0,0.0,378.0,24.0,0.0,0.0,0.0,17.0,0.0,0.0,1226.0,0.0,0.0,0.0,0.0,0.0,119.0,558.0,546.0,2.0,0.0,230.0,363.0,73.0
2021-09-15 21:00:00+00:00,0.0,510.0,122.0,406.0,602.0,262.0,214.0,0.0,4.0,402.0,0.0,0.0,0.0,29.0,0.0,0.0,158.0,0.0,0.0,0.0,396.0,38.0,0.0,0.0,0.0,159.0,0.0,0.0,1235.0,0.0,0.0,0.0,4.0,0.0,155.0,443.0,558.0,5.0,0.0,146.0,358.0,74.0
2021-09-15 22:00:00+00:00,0.0,417.0,167.0,432.0,591.0,281.0,225.0,0.0,0.0,339.0,0.0,0.0,0.0,84.0,0.0,0.0,134.0,0.0,0.0,0.0,594.0,178.0,0.0,0.0,0.0,267.0,0.0,0.0,1237.0,0.0,0.0,0.0,0.0,0.0,131.0,522.0,572.0,2.0,0.0,211.0,372.0,74.0
2021-09-15 23:00:00+00:00,0.0,450.0,209.0,421.0,576.0,273.0,,0.0,0.0,338.0,0.0,0.0,0.0,66.0,0.0,0.0,119.0,0.0,0.0,0.0,602.0,214.0,0.0,0.0,0.0,317.0,0.0,0.0,1232.0,0.0,,0.0,0.0,0.0,147.0,491.0,556.0,2.0,0.0,196.0,374.0,74.0
2021-09-16 00:00:00+00:00,0.0,497.0,142.0,422.0,585.0,264.0,,0.0,0.0,343.0,0.0,0.0,0.0,23.0,0.0,0.0,106.0,0.0,0.0,0.0,602.0,214.0,0.0,0.0,0.0,330.0,0.0,0.0,1231.0,0.0,,0.0,1.0,0.0,178.0,424.0,595.0,1.0,0.0,154.0,352.0,75.0
2021-09-16 01:00:00+00:00,0.0,495.0,165.0,400.0,568.0,266.0,213.0,0.0,0.0,360.0,0.0,0.0,0.0,13.0,0.0,0.0,98.0,0.0,0.0,0.0,602.0,182.0,0.0,0.0,0.0,285.0,0.0,0.0,1244.0,0.0,0.0,0.0,3.0,0.0,183.0,423.0,548.0,1.0,0.0,166.0,333.0,74.0
2021-09-16 02:00:00+00:00,0.0,376.0,139.0,380.0,521.0,244.0,201.0,0.0,0.0,328.0,0.0,0.0,0.0,22.0,0.0,0.0,99.0,0.0,0.0,0.0,602.0,203.0,0.0,0.0,0.0,282.0,0.0,0.0,1248.0,0.0,0.0,0.0,2.0,0.0,144.0,479.0,546.0,0.0,0.0,229.0,303.0,75.0
2021-09-16 03:00:00+00:00,0.0,175.0,104.0,342.0,418.0,211.0,144.0,0.0,0.0,241.0,0.0,0.0,0.0,99.0,0.0,0.0,109.0,0.0,0.0,0.0,602.0,253.0,0.0,0.0,0.0,163.0,0.0,0.0,1235.0,0.0,0.0,0.0,0.0,0.0,44.0,630.0,509.0,4.0,0.0,359.0,269.0,74.0
2021-09-16 04:00:00+00:00,0.0,296.0,28.0,274.0,412.0,311.0,291.0,0.0,2.0,349.0,0.0,0.0,0.0,40.0,0.0,0.0,127.0,0.0,0.0,0.0,602.0,54.0,0.0,0.0,0.0,104.0,0.0,0.0,1240.0,0.0,0.0,0.0,0.0,0.0,94.0,551.0,439.0,31.0,0.0,265.0,284.0,73.0
2021-09-16 05:00:00+00:00,0.0,404.0,10.0,249.0,396.0,313.0,303.0,0.0,18.0,353.0,0.0,0.0,0.0,16.0,0.0,0.0,129.0,0.0,0.0,0.0,578.0,8.0,0.0,0.0,0.0,51.0,0.0,0.0,1240.0,0.0,0.0,0.0,9.0,0.0,132.0,429.0,405.0,62.0,0.0,204.0,227.0,76.0
2021-09-16 06:00:00+00:00,0.0,319.0,25.0,275.0,432.0,301.0,290.0,0.0,39.0,136.0,0.0,0.0,0.0,29.0,0.0,0.0,48.0,0.0,0.0,,574.0,19.0,0.0,0.0,0.0,33.0,,0.0,1201.0,0.0,0.0,0.0,0.0,0.0,101.0,393.0,416.0,36.0,0.0,221.0,193.0,74.0
2021-09-16 07:00:00+00:00,0.0,397.0,30.0,309.0,493.0,294.0,295.0,0.0,95.0,103.0,0.0,0.0,0.0,49.0,0.0,0.0,40.0,0.0,0.0,0.0,553.0,2.0,0.0,0.0,0.0,103.0,0.0,0.0,1199.0,0.0,0.0,0.0,0.0,0.0,125.0,315.0,411.0,30.0,0.0,176.0,224.0,74.0
2021-09-16 08:00:00+00:00,0.0,447.0,10.0,308.0,540.0,275.0,259.0,0.0,226.0,120.0,0.0,0.0,0.0,76.0,0.0,0.0,96.0,0.0,0.0,0.0,595.0,0.0,0.0,0.0,0.0,134.0,0.0,0.0,1200.0,0.0,0.0,0.0,0.0,0.0,148.0,297.0,395.0,66.0,0.0,145.0,245.0,76.0
2021-09-16 09:00:00+00:00,0.0,332.0,21.0,326.0,559.0,138.0,152.0,0.0,241.0,127.0,0.0,0.0,0.0,135.0,0.0,0.0,124.0,0.0,0.0,0.0,556.0,0.0,0.0,0.0,0.0,108.0,0.0,0.0,1202.0,0.0,0.0,0.0,0.0,0.0,119.0,315.0,402.0,41.0,0.0,167.0,243.0,76.0
2021-09-16 10:00:00+00:00,0.0,234.0,14.0,316.0,539.0,206.0,225.0,0.0,258.0,126.0,0.0,0.0,0.0,154.0,0.0,0.0,123.0,0.0,0.0,0.0,516.0,0.0,0.0,0.0,0.0,82.0,0.0,0.0,1199.0,0.0,0.0,0.0,0.0,0.0,87.0,368.0,401.0,50.0,0.0,222.0,244.0,76.0
2021-09-16 11:00:00+00:00,0.0,171.0,27.0,346.0,579.0,289.0,279.0,0.0,231.0,133.0,0.0,0.0,0.0,170.0,0.0,0.0,124.0,0.0,0.0,0.0,536.0,0.0,0.0,0.0,0.0,62.0,0.0,0.0,1199.0,0.0,0.0,0.0,0.0,0.0,73.0,405.0,425.0,30.0,0.0,253.0,244.0,76.0
2021-09-16 12:00:00+00:00,0.0,167.0,13.0,339.0,590.0,221.0,175.0,0.0,291.0,141.0,0.0,0.0,0.0,156.0,0.0,0.0,132.0,0.0,0.0,0.0,525.0,0.0,0.0,0.0,0.0,68.0,0.0,0.0,1181.0,0.0,0.0,0.0,0.0,0.0,74.0,419.0,428.0,46.0,0.0,246.0,248.0,75.0
2021-09-16 13:00:00+00:00,0.0,256.0,50.0,342.0,551.0,158.0,124.0,0.0,147.0,419.0,0.0,0.0,0.0,111.0,0.0,0.0,110.0,0.0,0.0,0.0,522.0,0.0,0.0,0.0,0.0,92.0,0.0,0.0,1194.0,0.0,0.0,0.0,0.0,0.0,94.0,456.0,468.0,19.0,0.0,247.0,258.0,76.0
2021-09-16 14:00:00+00:00,0.0,298.0,85.0,365.0,515.0,226.0,188.0,0.0,8.0,421.0,0.0,0.0,0.0,89.0,0.0,0.0,68.0,0.0,0.0,0.0,582.0,18.0,0.0,0.0,0.0,96.0,0.0,0.0,1236.0,0.0,0.0,0.0,0.0,0.0,93.0,478.0,526.0,8.0,0.0,229.0,251.0,72.0
2021-09-16 15:00:00+00:00,0.0,376.0,100.0,371.0,523.0,245.0,228.0,0.0,0.0,361.0,0.0,0.0,0.0,42.0,0.0,0.0,66.0,0.0,0.0,0.0,578.0,55.0,0.0,0.0,0.0,29.0,0.0,0.0,1244.0,0.0,0.0,0.0,0.0,0.0,97.0,450.0,538.0,2.0,0.0,186.0,268.0,69.0
2021-09-16 16:00:00+00:00,0.0,526.0,101.0,348.0,496.0,268.0,221.0,0.0,0.0,305.0,0.0,0.0,0.0,0.0,0.0,0.0,95.0,0.0,0.0,0.0,431.0,55.0,0.0,0.0,0.0,0.0,0.0,0.0,1244.0,0.0,0.0,62.0,31.0,0.0,110.0,424.0,527.0,4.0,0.0,161.0,259.0,71.0
2021-09-16 17:00:00+00:00,0.0,414.0,136.0,369.0,505.0,262.0,234.0,0.0,0.0,271.0,0.0,0.0,0.0,5.0,0.0,0.0,105.0,0.0,0.0,0.0,317.0,105.0,0.0,0.0,0.0,0.0,0.0,0.0,1244.0,0.0,0.0,171.0,9.0,0.0,77.0,431.0,568.0,0.0,0.0,186.0,244.0,69.0
2021-09-16 18:00:00+00:00,0.0,482.0,130.0,373.0,533.0,265.0,118.0,0.0,0.0,295.0,0.0,0.0,0.0,1.0,0.0,0.0,101.0,0.0,0.0,0.0,339.0,69.0,0.0,0.0,0.0,0.0,0.0,0.0,1239.0,0.0,0.0,51.0,34.0,0.0,118.0,367.0,545.0,2.0,0.0,133.0,235.0,70.0
2021-09-16 19:00:00+00:00,0.0,525.0,169.0,414.0,598.0,292.0,125.0,0.0,1.0,347.0,0.0,0.0,0.0,22.0,0.0,0.0,83.0,0.0,0.0,0.0,439.0,74.0,0.0,0.0,0.0,239.0,0.0,0.0,1237.0,0.0,0.0,0.0,4.0,0.0,170.0,321.0,586.0,3.0,0.0,48.0,283.0,69.0
2021-09-16 20:00:00+00:00,0.0,528.0,186.0,434.0,630.0,341.0,130.0,0.0,0.0,397.0,0.0,0.0,0.0,33.0,0.0,0.0,112.0,0.0,0.0,0.0,312.0,75.0,0.0,0.0,0.0,278.0,0.0,0.0,1223.0,0.0,0.0,0.0,1.0,0.0,175.0,400.0,595.0,0.0,0.0,93.0,326.0,70.0
2021-09-16 21:00:00+00:00,0.0,535.0,200.0,452.0,627.0,322.0,175.0,0.0,0.0,310.0,0.0,0.0,0.0,22.0,0.0,0.0,160.0,0.0,0.0,0.0,352.0,155.0,0.0,0.0,0.0,341.0,0.0,0.0,1226.0,0.0,0.0,0.0,3.0,0.0,198.0,424.0,589.0,0.0,0.0,108.0,371.0,72.0
2021-09-16 22:00:00+00:00,0.0,503.0,208.0,466.0,641.0,270.0,168.0,0.0,0.0,295.0,0.0,0.0,0.0,24.0,0.0,0.0,131.0,0.0,0.0,0.0,561.0,228.0,0.0,0.0,0.0,353.0,0.0,0.0,1257.0,0.0,0.0,0.0,3.0,0.0,191.0,315.0,607.0,1.0,0.0,101.0,364.0,76.0
2021-09-16 23:00:00+00:00,0.0,550.0,178.0,462.0,647.0,276.0,194.0,0.0,0.0,321.0,0.0,0.0,0.0,2.0,0.0,0.0,112.0,0.0,0.0,0.0,543.0,237.0,0.0,0.0,0.0,386.0,0.0,0.0,1259.0,0.0,0.0,0.0,15.0,0.0,223.0,232.0,609.0,0.0,0.0,81.0,402.0,75.0
2021-09-17 00:00:00+00:00,0.0,595.0,182.0,462.0,643.0,293.0,178.0,0.0,0.0,307.0,0.0,0.0,0.0,4.0,0.0,0.0,102.0,0.0,0.0,0.0,551.0,260.0,0.0,0.0,0.0,359.0,0.0,0.0,1263.0,0.0,0.0,0.0,14.0,0.0,218.0,206.0,599.0,1.0,0.0,72.0,395.0,76.0
2021-09-17 01:00:00+00:00,0.0,638.0,174.0,461.0,648.0,292.0,149.0,0.0,0.0,325.0,0.0,0.0,0.0,1.0,0.0,0.0,97.0,0.0,0.0,0.0,600.0,247.0,0.0,0.0,0.0,380.0,0.0,0.0,1276.0,0.0,0.0,0.0,18.0,0.0,228.0,210.0,593.0,0.0,0.0,77.0,397.0,75.0
2021-09-17 02:00:00+00:00,0.0,559.0,178.0,442.0,597.0,279.0,140.0,0.0,0.0,275.0,0.0,0.0,0.0,1.0,0.0,0.0,100.0,0.0,0.0,0.0,564.0,289.0,0.0,0.0,0.0,400.0,0.0,0.0,1255.0,0.0,0.0,0.0,21.0,0.0,203.0,244.0,592.0,0.0,0.0,116.0,360.0,77.0
2021-09-17 03:00:00+00:00,0.0,387.0,269.0,372.0,516.0,212.0,143.0,0.0,0.0,274.0,0.0,0.0,0.0,8.0,0.0,0.0,110.0,0.0,0.0,0.0,578.0,223.0,0.0,0.0,0.0,322.0,0.0,0.0,1277.0,0.0,0.0,0.0,5.0,0.0,154.0,365.0,686.0,1.0,0.0,216.0,314.0,75.0
2021-09-17 04:00:00+00:00,0.0,448.0,211.0,333.0,504.0,267.0,173.0,0.0,0.0,307.0,0.0,0.0,0.0,0.0,0.0,0.0,97.0,0.0,0.0,0.0,549.0,129.0,0.0,0.0,0.0,255.0,0.0,0.0,1271.0,0.0,0.0,0.0,58.0,0.0,192.0,308.0,642.0,0.0,0.0,112.0,298.0,75.0
2021-09-17 05:00:00+00:00,0.0,642.0,49.0,294.0,498.0,241.0,163.0,0.0,14.0,361.0,0.0,0.0,0.0,0.0,0.0,0.0,45.0,0.0,0.0,0.0,601.0,11.0,0.0,0.0,0.0,141.0,0.0,0.0,1271.0,0.0,0.0,0.0,143.0,0.0,233.0,169.0,473.0,15.0,0.0,31.0,233.0,75.0
2021-09-17 06:00:00+00:00,0.0,556.0,54.0,279.0,579.0,243.0,165.0,0.0,183.0,121.0,0.0,0.0,0.0,0.0,0.0,0.0,28.0,0.0,0.0,0.0,592.0,1.0,0.0,0.0,0.0,26.0,0.0,0.0,1272.0,0.0,0.0,0.0,93.0,0.0,188.0,138.0,476.0,16.0,0.0,29.0,230.0,74.0
2021-09-17 07:00:00+00:00,0.0,612.0,112.0,322.0,687.0,286.0,193.0,0.0,280.0,120.0,0.0,0.0,0.0,0.0,0.0,0.0,53.0,0.0,0.0,0.0,593.0,0.0,0.0,0.0,0.0,16.0,0.0,18.0,1272.0,0.0,0.0,0.0,51.0,0.0,207.0,115.0,532.0,6.0,0.0,0.0,284.0,76.0
2021-09-17 08:00:00+00:00,0.0,537.0,166.0,349.0,744.0,324.0,216.0,0.0,297.0,172.0,0.0,0.0,0.0,65.0,0.0,0.0,69.0,0.0,0.0,0.0,602.0,0.0,0.0,0.0,0.0,65.0,0.0,25.0,1272.0,0.0,0.0,0.0,0.0,0.0,185.0,117.0,588.0,0.0,0.0,0.0,320.0,75.0
2021-09-17 09:00:00+00:00,0.0,506.0,246.0,342.0,714.0,289.0,209.0,0.0,195.0,448.0,0.0,0.0,0.0,162.0,0.0,0.0,108.0,0.0,0.0,0.0,601.0,0.0,0.0,0.0,0.0,26.0,0.0,7.0,1272.0,0.0,0.0,0.0,0.0,0.0,147.0,145.0,676.0,0.0,0.0,1.0,350.0,76.0
2021-09-17 10:00:00+00:00,0.0,480.0,255.0,314.0,638.0,260.0,200.0,0.0,159.0,440.0,0.0,0.0,0.0,202.0,0.0,0.0,115.0,0.0,0.0,0.0,602.0,0.0,0.0,0.0,0.0,86.0,0.0,17.0,1273.0,0.0,0.0,0.0,0.0,0.0,124.0,148.0,652.0,0.0,0.0,0.0,349.0,76.0
2021-09-17 11:00:00+00:00,0.0,400.0,222.0,311.0,629.0,324.0,217.0,0.0,162.0,443.0,0.0,0.0,0.0,151.0,0.0,0.0,110.0,0.0,0.0,0.0,593.0,0.0,0.0,0.0,0.0,182.0,0.0,12.0,1272.0,0.0,0.0,0.0,0.0,0.0,158.0,148.0,643.0,0.0,0.0,4.0,337.0,76.0
2021-09-17 12:00:00+00:00,0.0,341.0,171.0,350.0,632.0,228.0,128.0,0.0,117.0,428.0,0.0,0.0,0.0,122.0,0.0,0.0,118.0,0.0,0.0,0.0,582.0,1.0,0.0,0.0,0.0,270.0,0.0,1.0,1253.0,0.0,0.0,0.0,0.0,0.0,176.0,189.0,621.0,0.0,0.0,8.0,361.0,75.0
2021-09-17 13:00:00+00:00,0.0,453.0,172.0,438.0,672.0,200.0,84.0,0.0,48.0,501.0,0.0,0.0,0.0,62.0,0.0,0.0,97.0,0.0,0.0,0.0,592.0,1.0,0.0,0.0,0.0,350.0,0.0,37.0,1267.0,0.0,0.0,0.0,0.0,0.0,216.0,183.0,593.0,0.0,0.0,0.0,394.0,74.0
2021-09-17 14:00:00+00:00,0.0,532.0,210.0,450.0,661.0,219.0,163.0,0.0,1.0,416.0,0.0,0.0,0.0,7.0,0.0,0.0,65.0,0.0,0.0,0.0,571.0,43.0,0.0,0.0,0.0,377.0,0.0,29.0,1279.0,20.0,0.0,0.0,18.0,0.0,228.0,216.0,619.0,0.0,0.0,0.0,388.0,72.0
2021-09-17 15:00:00+00:00,0.0,598.0,189.0,434.0,671.0,108.0,209.0,0.0,8.0,425.0,0.0,0.0,0.0,0.0,0.0,0.0,64.0,0.0,0.0,0.0,602.0,11.0,0.0,0.0,0.0,362.0,0.0,63.0,1279.0,164.0,0.0,0.0,108.0,0.0,245.0,215.0,592.0,0.0,0.0,0.0,372.0,72.0
2021-09-17 16:00:00+00:00,0.0,728.0,180.0,435.0,680.0,120.0,184.0,0.0,19.0,414.0,0.0,0.0,0.0,0.0,0.0,0.0,85.0,0.0,0.0,0.0,599.0,7.0,0.0,0.0,0.0,258.0,0.0,109.0,1278.0,160.0,0.0,0.0,157.0,0.0,263.0,172.0,603.0,2.0,0.0,0.0,342.0,59.0
2021-09-17 17:00:00+00:00,0.0,757.0,166.0,443.0,684.0,80.0,225.0,0.0,1.0,350.0,0.0,0.0,0.0,0.0,0.0,0.0,96.0,0.0,0.0,0.0,486.0,28.0,0.0,0.0,0.0,156.0,0.0,64.0,1279.0,144.0,0.0,0.0,136.0,0.0,246.0,231.0,592.0,0.0,0.0,0.0,330.0,72.0
2021-09-17 18:00:00+00:00,0.0,777.0,179.0,438.0,707.0,80.0,227.0,0.0,32.0,428.0,0.0,0.0,0.0,0.0,0.0,0.0,93.0,0.0,0.0,0.0,599.0,1.0,0.0,0.0,0.0,252.0,0.0,98.0,1274.0,152.0,0.0,0.0,151.0,0.0,270.0,177.0,561.0,0.0,0.0,0.0,328.0,73.0
2021-09-17 19:00:00+00:00,0.0,653.0,157.0,437.0,706.0,65.0,204.0,0.0,66.0,475.0,0.0,0.0,0.0,0.0,0.0,0.0,70.0,0.0,0.0,0.0,599.0,0.0,0.0,0.0,0.0,352.0,0.0,87.0,1072.0,172.0,0.0,0.0,88.0,0.0,253.0,130.0,568.0,0.0,0.0,0.0,338.0,71.0
2021-09-17 20:00:00+00:00,0.0,503.0,187.0,447.0,683.0,80.0,174.0,0.0,11.0,470.0,0.0,0.0,0.0,1.0,0.0,0.0,130.0,0.0,0.0,0.0,488.0,10.0,0.0,0.0,0.0,355.0,0.0,0.0,1078.0,157.0,0.0,0.0,27.0,0.0,215.0,214.0,576.0,0.0,0.0,19.0,369.0,72.0
2021-09-17 21:00:00+00:00,0.0,522.0,158.0,438.0,658.0,37.0,143.0,0.0,3.0,427.0,0.0,0.0,0.0,3.0,0.0,0.0,161.0,0.0,0.0,0.0,571.0,39.0,0.0,0.0,0.0,387.0,0.0,19.0,1066.0,165.0,0.0,0.0,29.0,0.0,249.0,224.0,495.0,2.0,0.0,8.0,452.0,73.0
2021-09-17 22:00:00+00:00,0.0,520.0,186.0,471.0,713.0,131.0,132.0,0.0,0.0,443.0,0.0,0.0,0.0,2.0,0.0,0.0,146.0,0.0,0.0,0.0,602.0,95.0,0.0,0.0,0.0,421.0,0.0,27.0,1107.0,182.0,0.0,0.0,60.0,0.0,270.0,203.0,605.0,0.0,0.0,8.0,469.0,74.0
2021-09-17 23:00:00+00:00,0.0,495.0,189.0,421.0,625.0,30.0,90.0,0.0,0.0,387.0,0.0,0.0,0.0,0.0,0.0,0.0,131.0,0.0,0.0,0.0,603.0,155.0,0.0,0.0,0.0,416.0,0.0,0.0,1074.0,219.0,0.0,0.0,74.0,0.0,250.0,188.0,579.0,1.0,0.0,32.0,415.0,74.0
2021-09-18 00:00:00+00:00,0.0,485.0,137.0,406.0,591.0,0.0,99.0,0.0,0.0,365.0,0.0,0.0,0.0,0.0,0.0,0.0,118.0,17.0,0.0,0.0,603.0,176.0,0.0,0.0,0.0,413.0,0.0,25.0,1076.0,227.0,0.0,0.0,84.0,0.0,265.0,157.0,581.0,1.0,0.0,3.0,437.0,74.0
2021-09-18 01:00:00+00:00,0.0,443.0,146.0,398.0,587.0,0.0,93.0,0.0,0.0,363.0,0.0,0.0,0.0,0.0,0.0,0.0,114.0,32.0,0.0,0.0,603.0,158.0,0.0,0.0,0.0,357.0,0.0,11.0,1063.0,218.0,0.0,0.0,77.0,0.0,248.0,159.0,571.0,1.0,0.0,4.0,423.0,73.0
2021-09-18 02:00:00+00:00,0.0,397.0,163.0,398.0,583.0,0.0,81.0,0.0,0.0,360.0,0.0,0.0,0.0,0.0,0.0,0.0,112.0,52.0,0.0,0.0,603.0,172.0,0.0,0.0,0.0,327.0,0.0,0.0,1063.0,217.0,0.0,0.0,92.0,0.0,230.0,201.0,581.0,2.0,0.0,59.0,390.0,74.0
2021-09-18 03:00:00+00:00,0.0,399.0,151.0,402.0,586.0,0.0,31.0,0.0,0.0,367.0,0.0,0.0,0.0,0.0,0.0,0.0,115.0,88.0,0.0,0.0,603.0,165.0,0.0,0.0,0.0,310.0,0.0,0.0,1072.0,217.0,0.0,0.0,56.0,0.0,221.0,268.0,593.0,0.0,0.0,100.0,419.0,75.0
2021-09-18 04:00:00+00:00,0.0,482.0,95.0,348.0,558.0,0.0,61.0,0.0,0.0,398.0,0.0,0.0,0.0,0.0,0.0,0.0,109.0,17.0,0.0,0.0,601.0,67.0,0.0,0.0,0.0,330.0,0.0,0.0,1434.0,210.0,0.0,0.0,92.0,0.0,249.0,254.0,518.0,6.0,0.0,103.0,427.0,76.0
2021-09-18 05:00:00+00:00,0.0,402.0,73.0,336.0,561.0,0.0,29.0,0.0,46.0,496.0,0.0,0.0,0.0,0.0,0.0,0.0,56.0,34.0,0.0,0.0,544.0,1.0,0.0,0.0,0.0,245.0,0.0,0.0,1441.0,230.0,0.0,0.0,53.0,0.0,211.0,197.0,487.0,4.0,0.0,97.0,379.0,75.0
2021-09-18 06:00:00+00:00,0.0,365.0,94.0,367.0,600.0,0.0,61.0,0.0,77.0,543.0,0.0,0.0,0.0,24.0,0.0,0.0,0.0,2.0,0.0,0.0,541.0,0.0,0.0,1.0,0.0,238.0,0.0,0.0,1496.0,234.0,0.0,0.0,8.0,0.0,191.0,136.0,515.0,3.0,0.0,104.0,337.0,74.0
2021-09-18 07:00:00+00:00,0.0,442.0,122.0,398.0,634.0,26.0,97.0,0.0,77.0,552.0,0.0,0.0,0.0,64.0,0.0,0.0,0.0,0.0,0.0,0.0,483.0,0.0,0.0,0.0,0.0,315.0,0.0,0.0,1512.0,228.0,0.0,0.0,0.0,0.0,199.0,87.0,535.0,3.0,0.0,113.0,335.0,74.0
2021-09-18 08:00:00+00:00,0.0,402.0,151.0,421.0,650.0,49.0,130.0,0.0,80.0,559.0,0.0,0.0,0.0,111.0,0.0,0.0,46.0,0.0,0.0,0.0,500.0,0.0,0.0,0.0,0.0,342.0,0.0,0.0,1476.0,228.0,0.0,0.0,0.0,0.0,192.0,70.0,563.0,2.0,0.0,138.0,311.0,74.0
2021-09-18 09:00:00+00:00,0.0,391.0,198.0,444.0,682.0,27.0,110.0,0.0,80.0,578.0,0.0,0.0,0.0,143.0,0.0,0.0,96.0,0.0,0.0,0.0,469.0,0.0,0.0,0.0,0.0,299.0,0.0,0.0,1475.0,221.0,0.0,0.0,0.0,0.0,179.0,97.0,619.0,0.0,0.0,147.0,330.0,74.0
2021-09-18 10:00:00+00:00,0.0,326.0,202.0,426.0,657.0,15.0,92.0,0.0,73.0,551.0,0.0,0.0,0.0,162.0,0.0,0.0,97.0,0.0,0.0,0.0,487.0,0.0,0.0,0.0,0.0,265.0,0.0,0.0,1464.0,230.0,0.0,0.0,0.0,0.0,167.0,173.0,589.0,0.0,0.0,189.0,378.0,74.0
2021-09-18 11:00:00+00:00,0.0,240.0,118.0,405.0,641.0,14.0,98.0,0.0,102.0,576.0,0.0,0.0,0.0,141.0,0.0,0.0,95.0,0.0,0.0,0.0,508.0,0.0,0.0,0.0,0.0,300.0,0.0,0.0,1463.0,214.0,0.0,0.0,0.0,0.0,165.0,167.0,550.0,2.0,0.0,168.0,363.0,74.0
2021-09-18 12:00:00+00:00,0.0,180.0,82.0,396.0,619.0,38.0,122.0,0.0,93.0,565.0,0.0,0.0,0.0,142.0,0.0,0.0,104.0,0.0,0.0,0.0,532.0,0.0,0.0,0.0,0.0,349.0,0.0,0.0,1469.0,221.0,0.0,0.0,0.0,0.0,155.0,239.0,509.0,5.0,0.0,217.0,347.0,75.0
2021-09-18 13:00:00+00:00,0.0,89.0,122.0,393.0,587.0,37.0,124.0,0.0,26.0,505.0,0.0,0.0,0.0,135.0,0.0,0.0,120.0,0.0,0.0,0.0,518.0,2.0,0.0,0.0,0.0,356.0,0.0,0.0,1467.0,222.0,0.0,0.0,0.0,0.0,130.0,313.0,558.0,2.0,0.0,280.0,325.0,76.0
2021-09-18 14:00:00+00:00,0.0,18.0,149.0,398.0,534.0,13.0,90.0,0.0,0.0,414.0,0.0,0.0,0.0,169.0,0.0,0.0,114.0,0.0,0.0,0.0,549.0,76.0,0.0,0.0,0.0,309.0,0.0,0.0,1484.0,227.0,0.0,0.0,0.0,0.0,76.0,474.0,527.0,2.0,0.0,406.0,308.0,75.0
2021-09-18 15:00:00+00:00,0.0,62.0,135.0,386.0,502.0,3.0,23.0,0.0,0.0,343.0,0.0,0.0,0.0,127.0,0.0,0.0,90.0,0.0,0.0,0.0,550.0,116.0,0.0,0.0,0.0,229.0,0.0,0.0,1512.0,228.0,0.0,0.0,0.0,0.0,58.0,485.0,526.0,2.0,0.0,400.0,292.0,74.0
2021-09-18 16:00:00+00:00,0.0,155.0,141.0,358.0,455.0,0.0,1.0,0.0,0.0,275.0,0.0,0.0,0.0,63.0,0.0,0.0,78.0,24.0,0.0,0.0,540.0,129.0,0.0,0.0,0.0,101.0,0.0,0.0,1463.0,216.0,0.0,0.0,1.0,0.0,48.0,495.0,515.0,7.0,0.0,394.0,254.0,75.0
2021-09-18 17:00:00+00:00,0.0,136.0,109.0,340.0,425.0,0.0,37.0,0.0,0.0,236.0,0.0,0.0,0.0,55.0,0.0,0.0,83.0,18.0,0.0,0.0,382.0,118.0,0.0,0.0,0.0,0.0,0.0,0.0,1497.0,208.0,0.0,39.0,0.0,0.0,21.0,522.0,530.0,3.0,0.0,425.0,247.0,76.0
2021-09-18 18:00:00+00:00,0.0,214.0,143.0,370.0,502.0,18.0,99.0,0.0,0.0,314.0,0.0,0.0,0.0,35.0,0.0,0.0,76.0,0.0,0.0,0.0,534.0,78.0,0.0,0.0,0.0,33.0,0.0,0.0,1440.0,192.0,0.0,0.0,1.0,0.0,70.0,455.0,544.0,1.0,0.0,341.0,294.0,73.0
2021-09-18 19:00:00+00:00,0.0,229.0,161.0,382.0,514.0,126.0,140.0,0.0,1.0,364.0,0.0,0.0,0.0,86.0,0.0,0.0,63.0,0.0,0.0,0.0,569.0,81.0,0.0,0.0,0.0,195.0,0.0,0.0,1471.0,185.0,0.0,0.0,0.0,0.0,93.0,469.0,564.0,3.0,0.0,319.0,389.0,75.0
2021-09-18 20:00:00+00:00,0.0,266.0,169.0,428.0,555.0,51.0,79.0,0.0,0.0,347.0,0.0,0.0,0.0,96.0,0.0,0.0,123.0,0.0,0.0,0.0,570.0,136.0,0.0,0.0,0.0,346.0,0.0,0.0,1447.0,192.0,0.0,0.0,0.0,0.0,130.0,409.0,583.0,0.0,0.0,247.0,448.0,76.0
2021-09-18 21:00:00+00:00,0.0,203.0,168.0,430.0,541.0,114.0,39.0,0.0,0.0,281.0,0.0,0.0,0.0,126.0,0.0,0.0,158.0,0.0,0.0,0.0,598.0,201.0,0.0,0.0,0.0,339.0,0.0,0.0,1434.0,202.0,0.0,0.0,0.0,0.0,125.0,382.0,570.0,2.0,0.0,263.0,455.0,75.0
2021-09-18 22:00:00+00:00,0.0,0.0,144.0,354.0,345.0,42.0,27.0,0.0,0.0,123.0,0.0,66.0,16.0,230.0,0.0,0.0,87.0,0.0,0.0,0.0,602.0,368.0,0.0,0.0,0.0,174.0,0.0,0.0,1421.0,180.0,0.0,0.0,0.0,0.0,0.0,583.0,518.0,6.0,0.0,501.0,281.0,75.0
2021-09-18 23:00:00+00:00,0.0,42.0,129.0,343.0,340.0,50.0,57.0,0.0,0.0,119.0,0.0,0.0,0.0,180.0,0.0,0.0,71.0,0.0,0.0,0.0,602.0,405.0,0.0,0.0,0.0,237.0,0.0,0.0,1447.0,179.0,0.0,0.0,0.0,0.0,20.0,539.0,538.0,2.0,0.0,454.0,307.0,75.0
2021-09-19 00:00:00+00:00,0.0,78.0,133.0,354.0,374.0,56.0,89.0,0.0,0.0,167.0,0.0,0.0,0.0,143.0,0.0,0.0,123.0,0.0,0.0,0.0,602.0,380.0,0.0,0.0,0.0,204.0,0.0,0.0,1447.0,177.0,0.0,0.0,0.0,0.0,36.0,469.0,539.0,0.0,0.0,389.0,307.0,77.0
2021-09-19 01:00:00+00:00,0.0,137.0,117.0,350.0,375.0,45.0,87.0,0.0,0.0,167.0,0.0,0.0,0.0,110.0,0.0,0.0,112.0,0.0,0.0,0.0,602.0,393.0,0.0,0.0,0.0,263.0,0.0,0.0,1451.0,181.0,0.0,0.0,0.0,0.0,50.0,429.0,535.0,2.0,0.0,370.0,281.0,77.0
2021-09-19 02:00:00+00:00,0.0,142.0,115.0,342.0,359.0,60.0,76.0,0.0,0.0,168.0,0.0,0.0,0.0,112.0,0.0,0.0,56.0,0.0,0.0,0.0,602.0,394.0,0.0,0.0,0.0,292.0,0.0,0.0,1457.0,188.0,0.0,0.0,0.0,0.0,51.0,425.0,523.0,2.0,0.0,370.0,281.0,77.0
2021-09-19 03:00:00+00:00,0.0,77.0,104.0,342.0,352.0,41.0,76.0,0.0,0.0,174.0,0.0,0.0,0.0,122.0,0.0,0.0,43.0,0.0,0.0,0.0,602.0,378.0,0.0,0.0,0.0,290.0,0.0,0.0,1463.0,182.0,0.0,0.0,0.0,0.0,44.0,403.0,527.0,2.0,0.0,280.0,323.0,76.0
2021-09-19 04:00:00+00:00,0.0,28.0,84.0,311.0,292.0,41.0,21.0,0.0,0.0,153.0,0.0,0.0,0.0,115.0,0.0,0.0,52.0,0.0,0.0,0.0,602.0,382.0,0.0,0.0,0.0,342.0,0.0,0.0,1451.0,185.0,0.0,0.0,0.0,0.0,38.0,480.0,505.0,3.0,0.0,371.0,274.0,75.0
2021-09-19 05:00:00+00:00,0.0,0.0,88.0,340.0,351.0,51.0,0.0,0.0,0.0,189.0,0.0,42.0,0.0,130.0,0.0,0.0,57.0,0.0,0.0,0.0,602.0,318.0,0.0,0.0,0.0,390.0,0.0,0.0,1478.0,199.0,15.0,0.0,0.0,0.0,36.0,491.0,516.0,10.0,0.0,381.0,249.0,75.0
2021-09-19 06:00:00+00:00,0.0,0.0,69.0,338.0,418.0,1.0,4.0,0.0,0.0,35.0,0.0,128.0,0.0,182.0,0.0,0.0,45.0,0.0,0.0,0.0,601.0,141.0,0.0,0.0,0.0,378.0,0.0,0.0,1478.0,188.0,0.0,0.0,0.0,0.0,23.0,466.0,502.0,6.0,0.0,369.0,234.0,75.0
2021-09-19 07:00:00+00:00,0.0,0.0,54.0,363.0,479.0,7.0,29.0,0.0,9.0,47.0,0.0,119.0,0.0,222.0,0.0,0.0,36.0,0.0,0.0,0.0,555.0,28.0,0.0,0.0,0.0,340.0,0.0,0.0,1451.0,182.0,0.0,0.0,0.0,0.0,24.0,376.0,483.0,15.0,0.0,304.0,235.0,75.0
2021-09-19 08:00:00+00:00,0.0,2.0,74.0,406.0,556.0,32.0,68.0,0.0,68.0,54.0,0.0,0.0,0.0,233.0,0.0,0.0,36.0,0.0,0.0,0.0,547.0,0.0,0.0,0.0,0.0,379.0,0.0,0.0,1459.0,187.0,0.0,0.0,0.0,0.0,48.0,313.0,512.0,6.0,0.0,222.0,275.0,73.0
2021-09-19 09:00:00+00:00,0.0,83.0,94.0,444.0,629.0,59.0,49.0,0.0,73.0,54.0,0.0,0.0,0.0,208.0,0.0,0.0,83.0,0.0,0.0,0.0,554.0,0.0,0.0,0.0,0.0,392.0,0.0,0.0,1465.0,201.0,0.0,0.0,0.0,0.0,78.0,276.0,539.0,5.0,0.0,143.0,312.0,74.0
2021-09-19 10:00:00+00:00,0.0,0.0,76.0,454.0,634.0,15.0,30.0,0.0,52.0,50.0,0.0,22.0,0.0,206.0,0.0,0.0,87.0,0.0,0.0,0.0,572.0,0.0,0.0,0.0,0.0,469.0,0.0,0.0,1468.0,203.0,0.0,0.0,0.0,0.0,83.0,223.0,509.0,6.0,0.0,86.0,322.0,75.0
2021-09-19 11:00:00+00:00,0.0,7.0,122.0,491.0,666.0,25.0,29.0,0.0,41.0,300.0,0.0,0.0,0.0,184.0,0.0,0.0,87.0,0.0,0.0,0.0,593.0,88.0,0.0,0.0,0.0,400.0,0.0,5.0,1468.0,213.0,0.0,0.0,0.0,0.0,97.0,127.0,569.0,2.0,0.0,11.0,293.0,75.0
2021-09-19 12:00:00+00:00,0.0,49.0,122.0,474.0,634.0,23.0,27.0,0.0,0.0,451.0,0.0,0.0,0.0,140.0,0.0,0.0,93.0,0.0,0.0,0.0,600.0,100.0,0.0,0.0,0.0,402.0,0.0,0.0,1472.0,207.0,0.0,0.0,0.0,0.0,119.0,151.0,547.0,2.0,0.0,25.0,289.0,73.0
2021-09-19 13:00:00+00:00,0.0,2.0,142.0,470.0,607.0,0.0,0.0,0.0,0.0,387.0,0.0,0.0,0.0,123.0,0.0,0.0,106.0,24.0,0.0,0.0,602.0,163.0,0.0,0.0,0.0,460.0,0.0,0.0,1468.0,208.0,38.0,0.0,0.0,0.0,107.0,227.0,557.0,0.0,0.0,96.0,278.0,74.0
2021-09-19 14:00:00+00:00,0.0,57.0,94.0,445.0,556.0,0.0,0.0,0.0,0.0,355.0,0.0,0.0,0.0,114.0,0.0,0.0,133.0,26.0,0.0,0.0,572.0,155.0,0.0,0.0,0.0,432.0,0.0,0.0,1507.0,202.0,99.0,0.0,0.0,0.0,80.0,353.0,557.0,3.0,0.0,202.0,289.0,73.0
2021-09-19 15:00:00+00:00,0.0,6.0,118.0,433.0,528.0,0.0,0.0,0.0,0.0,320.0,0.0,0.0,0.0,112.0,0.0,0.0,129.0,81.0,0.0,0.0,601.0,183.0,0.0,0.0,0.0,362.0,0.0,0.0,1466.0,188.0,145.0,0.0,0.0,0.0,49.0,499.0,553.0,2.0,0.0,291.0,311.0,74.0
2021-09-19 16:00:00+00:00,0.0,16.0,93.0,393.0,480.0,0.0,0.0,0.0,0.0,277.0,0.0,0.0,0.0,41.0,0.0,0.0,113.0,68.0,0.0,0.0,561.0,175.0,0.0,0.0,0.0,237.0,0.0,0.0,1514.0,171.0,135.0,0.0,1.0,0.0,50.0,498.0,544.0,6.0,0.0,271.0,269.0,76.0
2021-09-19 17:00:00+00:00,0.0,91.0,67.0,366.0,469.0,0.0,0.0,0.0,0.0,313.0,0.0,0.0,0.0,60.0,0.0,0.0,77.0,9.0,0.0,0.0,391.0,81.0,0.0,0.0,0.0,55.0,0.0,0.0,1513.0,138.0,93.0,0.0,0.0,0.0,39.0,607.0,512.0,7.0,0.0,355.0,293.0,76.0
2021-09-19 18:00:00+00:00,0.0,221.0,85.0,356.0,465.0,47.0,0.0,0.0,1.0,351.0,0.0,0.0,0.0,44.0,0.0,0.0,74.0,0.0,0.0,0.0,524.0,46.0,0.0,0.0,0.0,175.0,0.0,0.0,1451.0,137.0,39.0,0.0,0.0,0.0,71.0,549.0,483.0,7.0,0.0,325.0,288.0,74.0
2021-09-19 19:00:00+00:00,0.0,97.0,109.0,366.0,464.0,27.0,7.0,0.0,0.0,360.0,0.0,0.0,0.0,93.0,0.0,0.0,96.0,0.0,0.0,0.0,600.0,68.0,0.0,0.0,0.0,248.0,0.0,0.0,1491.0,159.0,0.0,0.0,0.0,0.0,56.0,533.0,512.0,6.0,0.0,330.0,303.0,73.0
2021-09-19 20:00:00+00:00,0.0,87.0,172.0,422.0,499.0,52.0,2.0,0.0,0.0,283.0,0.0,0.0,0.0,108.0,0.0,0.0,149.0,0.0,0.0,0.0,579.0,179.0,0.0,0.0,0.0,261.0,0.0,0.0,1495.0,160.0,0.0,0.0,0.0,0.0,70.0,473.0,591.0,0.0,0.0,251.0,363.0,74.0
2021-09-19 21:00:00+00:00,0.0,77.0,214.0,415.0,491.0,78.0,44.0,0.0,0.0,262.0,0.0,0.0,0.0,83.0,0.0,0.0,197.0,0.0,0.0,0.0,576.0,213.0,0.0,0.0,0.0,302.0,0.0,0.0,1472.0,162.0,0.0,0.0,0.0,0.0,88.0,407.0,581.0,0.0,0.0,211.0,377.0,75.0
2021-09-19 22:00:00+00:00,0.0,347.0,198.0,408.0,583.0,138.0,32.0,0.0,0.0,305.0,0.0,0.0,0.0,5.0,0.0,0.0,199.0,0.0,0.0,0.0,602.0,173.0,0.0,0.0,0.0,283.0,0.0,0.0,1464.0,182.0,0.0,0.0,63.0,0.0,182.0,250.0,578.0,0.0,0.0,119.0,373.0,75.0
2021-09-19 23:00:00+00:00,0.0,370.0,179.0,394.0,551.0,170.0,132.0,0.0,0.0,262.0,0.0,0.0,0.0,0.0,0.0,0.0,198.0,0.0,0.0,0.0,602.0,226.0,0.0,0.0,0.0,247.0,0.0,0.0,1468.0,151.0,0.0,0.0,57.0,0.0,183.0,271.0,585.0,0.0,0.0,140.0,390.0,74.0
2021-09-20 00:00:00+00:00,0.0,383.0,176.0,394.0,549.0,168.0,151.0,0.0,0.0,254.0,0.0,0.0,0.0,0.0,0.0,0.0,198.0,0.0,0.0,0.0,603.0,234.0,0.0,0.0,0.0,238.0,0.0,0.0,1454.0,152.0,0.0,0.0,88.0,0.0,195.0,253.0,593.0,2.0,0.0,131.0,377.0,74.0
2021-09-20 01:00:00+00:00,0.0,391.0,153.0,377.0,518.0,143.0,104.0,0.0,0.0,249.0,0.0,0.0,0.0,0.0,0.0,0.0,199.0,0.0,0.0,0.0,603.0,233.0,0.0,0.0,0.0,223.0,0.0,0.0,1463.0,173.0,0.0,0.0,78.0,0.0,179.0,250.0,556.0,0.0,0.0,144.0,358.0,74.0
2021-09-20 02:00:00+00:00,0.0,279.0,109.0,355.0,475.0,146.0,129.0,0.0,0.0,225.0,0.0,0.0,0.0,0.0,0.0,0.0,199.0,0.0,0.0,0.0,603.0,241.0,0.0,0.0,0.0,197.0,0.0,0.0,1465.0,168.0,0.0,0.0,61.0,0.0,149.0,284.0,516.0,4.0,0.0,169.0,342.0,75.0
2021-09-20 03:00:00+00:00,0.0,217.0,110.0,348.0,472.0,93.0,113.0,0.0,0.0,247.0,0.0,0.0,0.0,0.0,0.0,0.0,198.0,0.0,0.0,0.0,602.0,188.0,0.0,0.0,0.0,196.0,0.0,0.0,1509.0,173.0,0.0,0.0,87.0,0.0,141.0,391.0,545.0,4.0,0.0,228.0,349.0,76.0
2021-09-20 04:00:00+00:00,0.0,349.0,66.0,314.0,476.0,261.0,232.0,0.0,0.0,279.0,0.0,0.0,0.0,0.0,0.0,0.0,201.0,0.0,0.0,0.0,556.0,93.0,0.0,0.0,0.0,202.0,0.0,0.0,1461.0,156.0,0.0,0.0,117.0,0.0,182.0,439.0,502.0,16.0,0.0,225.0,346.0,75.0
2021-09-20 05:00:00+00:00,0.0,258.0,39.0,284.0,466.0,316.0,290.0,0.0,27.0,355.0,0.0,0.0,0.0,0.0,0.0,0.0,211.0,0.0,0.0,0.0,430.0,5.0,0.0,0.0,0.0,15.0,0.0,0.0,1461.0,152.0,0.0,0.0,137.0,0.0,127.0,375.0,436.0,18.0,0.0,212.0,281.0,73.0
2021-09-20 06:00:00+00:00,0.0,369.0,35.0,286.0,451.0,379.0,319.0,0.0,28.0,267.0,0.0,0.0,0.0,0.0,0.0,0.0,200.0,0.0,0.0,0.0,1.0,3.0,0.0,0.0,0.0,0.0,0.0,0.0,1460.0,145.0,0.0,86.0,219.0,0.0,59.0,376.0,463.0,17.0,0.0,226.0,272.0,74.0
2021-09-20 07:00:00+00:00,0.0,376.0,61.0,318.0,502.0,391.0,345.0,0.0,64.0,293.0,0.0,0.0,0.0,0.0,0.0,0.0,197.0,0.0,0.0,0.0,0.0,0.0,0.0,0.0,0.0,0.0,0.0,0.0,1461.0,163.0,0.0,62.0,215.0,0.0,66.0,317.0,462.0,19.0,0.0,192.0,259.0,75.0
2021-09-20 08:00:00+00:00,0.0,372.0,64.0,339.0,530.0,407.0,376.0,0.0,67.0,308.0,0.0,0.0,0.0,0.0,0.0,0.0,196.0,0.0,0.0,0.0,0.0,0.0,0.0,0.0,0.0,0.0,0.0,0.0,1461.0,195.0,0.0,7.0,189.0,0.0,69.0,403.0,463.0,10.0,0.0,237.0,301.0,74.0
2021-09-20 09:00:00+00:00,0.0,385.0,51.0,330.0,522.0,434.0,399.0,0.0,90.0,333.0,0.0,0.0,0.0,0.0,0.0,0.0,196.0,0.0,0.0,0.0,0.0,0.0,0.0,0.0,0.0,91.0,0.0,0.0,1461.0,187.0,0.0,0.0,186.0,0.0,81.0,455.0,462.0,8.0,0.0,275.0,329.0,74.0
2021-09-20 10:00:00+00:00,0.0,264.0,34.0,310.0,501.0,387.0,351.0,0.0,112.0,352.0,0.0,0.0,0.0,0.0,0.0,0.0,199.0,0.0,0.0,0.0,0.0,0.0,0.0,0.0,0.0,65.0,0.0,0.0,1462.0,192.0,0.0,0.0,205.0,0.0,61.0,455.0,427.0,18.0,0.0,279.0,316.0,77.0
2021-09-20 11:00:00+00:00,0.0,247.0,20.0,308.0,493.0,376.0,323.0,0.0,114.0,339.0,0.0,0.0,0.0,0.0,0.0,0.0,199.0,0.0,0.0,0.0,0.0,0.0,0.0,0.0,0.0,64.0,0.0,0.0,1462.0,209.0,0.0,0.0,202.0,0.0,50.0,463.0,421.0,33.0,0.0,293.0,303.0,76.0
2021-09-20 12:00:00+00:00,0.0,214.0,21.0,322.0,514.0,234.0,251.0,0.0,123.0,343.0,0.0,0.0,0.0,0.0,0.0,0.0,199.0,0.0,0.0,0.0,0.0,0.0,0.0,0.0,0.0,112.0,0.0,0.0,1468.0,249.0,0.0,0.0,220.0,0.0,70.0,434.0,423.0,32.0,0.0,283.0,287.0,75.0
2021-09-20 13:00:00+00:00,0.0,192.0,35.0,317.0,514.0,254.0,268.0,0.0,114.0,347.0,0.0,0.0,0.0,0.0,0.0,0.0,199.0,0.0,0.0,0.0,0.0,0.0,0.0,0.0,0.0,26.0,0.0,0.0,1476.0,244.0,0.0,0.0,208.0,0.0,68.0,403.0,399.0,18.0,0.0,243.0,297.0,75.0
2021-09-20 14:00:00+00:00,0.0,126.0,32.0,319.0,480.0,355.0,338.0,0.0,33.0,273.0,0.0,0.0,0.0,0.0,0.0,0.0,198.0,0.0,0.0,0.0,0.0,1.0,0.0,0.0,0.0,74.0,0.0,0.0,1461.0,206.0,0.0,0.0,205.0,0.0,42.0,439.0,412.0,31.0,0.0,260.0,284.0,72.0
2021-09-20 15:00:00+00:00,0.0,237.0,15.0,316.0,490.0,345.0,317.0,0.0,8.0,252.0,0.0,0.0,0.0,0.0,0.0,0.0,201.0,0.0,0.0,0.0,0.0,14.0,0.0,0.0,0.0,52.0,0.0,0.0,1462.0,193.0,0.0,0.0,289.0,0.0,89.0,352.0,419.0,55.0,0.0,128.0,302.0,72.0
2021-09-20 16:00:00+00:00,0.0,417.0,9.0,278.0,473.0,334.0,281.0,0.0,75.0,287.0,0.0,0.0,0.0,0.0,0.0,0.0,221.0,0.0,0.0,0.0,0.0,1.0,0.0,0.0,0.0,0.0,0.0,0.0,1461.0,176.0,0.0,109.0,347.0,0.0,89.0,420.0,357.0,85.0,0.0,153.0,299.0,71.0
2021-09-20 17:00:00+00:00,0.0,329.0,10.0,289.0,450.0,358.0,325.0,0.0,41.0,269.0,0.0,0.0,0.0,0.0,0.0,0.0,226.0,0.0,0.0,0.0,0.0,1.0,0.0,0.0,0.0,0.0,0.0,0.0,1461.0,196.0,0.0,145.0,318.0,0.0,21.0,536.0,376.0,66.0,0.0,266.0,306.0,71.0
2021-09-20 18:00:00+00:00,0.0,418.0,14.0,288.0,479.0,280.0,253.0,0.0,74.0,328.0,0.0,0.0,0.0,0.0,0.0,0.0,210.0,0.0,0.0,0.0,0.0,0.0,0.0,0.0,0.0,0.0,0.0,0.0,1439.0,240.0,0.0,75.0,331.0,0.0,72.0,472.0,342.0,53.0,0.0,217.0,315.0,72.0
2021-09-20 19:00:00+00:00,0.0,512.0,25.0,320.0,557.0,299.0,255.0,0.0,95.0,363.0,0.0,0.0,0.0,0.0,0.0,0.0,199.0,0.0,0.0,0.0,0.0,1.0,0.0,0.0,0.0,97.0,0.0,0.0,1441.0,241.0,0.0,0.0,297.0,0.0,196.0,344.0,384.0,53.0,0.0,54.0,397.0,73.0
2021-09-20 20:00:00+00:00,0.0,418.0,56.0,360.0,537.0,204.0,252.0,0.0,2.0,273.0,0.0,0.0,0.0,0.0,0.0,0.0,198.0,0.0,0.0,0.0,0.0,55.0,0.0,0.0,0.0,169.0,0.0,0.0,1420.0,226.0,0.0,0.0,257.0,0.0,156.0,439.0,482.0,18.0,0.0,169.0,433.0,74.0
2021-09-20 21:00:00+00:00,0.0,392.0,90.0,395.0,592.0,188.0,232.0,0.0,0.0,273.0,0.0,0.0,0.0,0.0,0.0,0.0,199.0,0.0,0.0,0.0,0.0,78.0,0.0,0.0,0.0,281.0,0.0,0.0,1420.0,221.0,0.0,0.0,266.0,0.0,205.0,426.0,464.0,9.0,0.0,136.0,494.0,72.0
2021-09-20 22:00:00+00:00,0.0,642.0,126.0,439.0,700.0,248.0,215.0,0.0,0.0,272.0,0.0,0.0,0.0,0.0,0.0,0.0,199.0,0.0,0.0,0.0,0.0,146.0,0.0,0.0,0.0,338.0,0.0,1.0,1456.0,225.0,0.0,0.0,313.0,0.0,342.0,251.0,572.0,2.0,0.0,19.0,479.0,150.0
2021-09-20 23:00:00+00:00,0.0,691.0,146.0,414.0,655.0,166.0,164.0,0.0,0.0,226.0,0.0,0.0,0.0,0.0,0.0,0.0,199.0,0.0,0.0,0.0,0.0,211.0,0.0,0.0,0.0,386.0,0.0,108.0,1449.0,236.0,0.0,0.0,340.0,0.0,378.0,147.0,562.0,2.0,0.0,0.0,515.0,177.0
2021-09-21 00:00:00+00:00,0.0,710.0,298.0,412.0,640.0,193.0,171.0,0.0,0.0,198.0,0.0,0.0,0.0,0.0,0.0,0.0,199.0,0.0,0.0,0.0,0.0,264.0,0.0,0.0,0.0,405.0,0.0,175.0,1456.0,233.0,0.0,0.0,336.0,0.0,388.0,114.0,493.0,0.0,0.0,0.0,532.0,196.0
2021-09-21 01:00:00+00:00,0.0,669.0,310.0,420.0,628.0,188.0,159.0,0.0,0.0,169.0,0.0,0.0,0.0,0.0,0.0,0.0,199.0,0.0,0.0,0.0,0.0,292.0,0.0,0.0,0.0,416.0,0.0,160.0,1463.0,225.0,0.0,0.0,311.0,0.0,373.0,138.0,494.0,0.0,0.0,0.0,544.0,197.0
2021-09-21 02:00:00+00:00,0.0,614.0,199.0,406.0,597.0,102.0,135.0,0.0,0.0,156.0,0.0,0.0,0.0,0.0,0.0,0.0,199.0,0.0,0.0,0.0,0.0,298.0,0.0,0.0,0.0,373.0,0.0,102.0,1456.0,233.0,0.0,0.0,286.0,0.0,333.0,207.0,529.0,0.0,0.0,0.0,548.0,196.0
2021-09-21 03:00:00+00:00,0.0,532.0,122.0,422.0,609.0,0.0,44.0,0.0,0.0,162.0,0.0,0.0,0.0,0.0,0.0,0.0,199.0,32.0,0.0,0.0,0.0,287.0,0.0,0.0,0.0,323.0,0.0,99.0,1453.0,203.0,0.0,0.0,290.0,0.0,300.0,245.0,560.0,2.0,0.0,0.0,527.0,194.0
2021-09-21 04:00:00+00:00,0.0,706.0,102.0,386.0,616.0,148.0,201.0,0.0,0.0,186.0,0.0,0.0,0.0,0.0,0.0,0.0,199.0,0.0,0.0,0.0,0.0,194.0,0.0,0.0,0.0,359.0,0.0,146.0,1458.0,208.0,0.0,0.0,393.0,0.0,372.0,229.0,556.0,7.0,0.0,0.0,514.0,196.0
2021-09-21 05:00:00+00:00,0.0,532.0,135.0,375.0,580.0,157.0,139.0,0.0,0.0,214.0,0.0,0.0,0.0,0.0,0.0,0.0,199.0,0.0,0.0,0.0,0.0,166.0,0.0,0.0,0.0,142.0,0.0,66.0,1411.0,219.0,0.0,0.0,349.0,0.0,273.0,217.0,525.0,0.0,0.0,0.0,423.0,194.0
2021-09-21 06:00:00+00:00,0.0,436.0,143.0,378.0,575.0,194.0,125.0,0.0,0.0,217.0,0.0,0.0,0.0,0.0,0.0,0.0,199.0,0.0,0.0,0.0,0.0,102.0,0.0,0.0,0.0,0.0,0.0,6.0,1407.0,216.0,0.0,26.0,243.0,0.0,191.0,215.0,561.0,1.0,0.0,24.0,360.0,197.0
2021-09-21 07:00:00+00:00,0.0,454.0,210.0,376.0,573.0,174.0,100.0,0.0,0.0,218.0,0.0,0.0,0.0,0.0,0.0,0.0,199.0,0.0,0.0,0.0,0.0,66.0,0.0,0.0,0.0,9.0,0.0,0.0,1408.0,229.0,0.0,0.0,190.0,0.0,166.0,276.0,539.0,1.0,0.0,109.0,336.0,197.0
2021-09-21 08:00:00+00:00,0.0,402.0,204.0,406.0,592.0,235.0,164.0,0.0,0.0,192.0,0.0,0.0,0.0,0.0,0.0,0.0,198.0,0.0,0.0,0.0,0.0,79.0,0.0,0.0,0.0,56.0,0.0,0.0,1409.0,216.0,0.0,0.0,124.0,0.0,165.0,322.0,595.0,0.0,0.0,149.0,357.0,193.0
2021-09-21 09:00:00+00:00,0.0,330.0,243.0,422.0,597.0,250.0,166.0,0.0,0.0,174.0,0.0,0.0,0.0,0.0,0.0,0.0,200.0,0.0,0.0,0.0,0.0,104.0,0.0,0.0,0.0,99.0,0.0,0.0,1407.0,216.0,0.0,0.0,66.0,0.0,170.0,356.0,636.0,0.0,0.0,162.0,384.0,194.0
2021-09-21 10:00:00+00:00,0.0,308.0,306.0,422.0,578.0,201.0,130.0,0.0,0.0,153.0,0.0,0.0,0.0,0.0,0.0,0.0,199.0,0.0,0.0,0.0,0.0,124.0,0.0,0.0,0.0,115.0,0.0,0.0,1406.0,214.0,0.0,0.0,25.0,0.0,112.0,388.0,678.0,0.0,0.0,212.0,374.0,195.0
2021-09-21 11:00:00+00:00,0.0,294.0,279.0,419.0,579.0,227.0,147.0,0.0,0.0,167.0,0.0,0.0,0.0,0.0,0.0,0.0,198.0,0.0,0.0,0.0,0.0,117.0,0.0,0.0,0.0,119.0,0.0,0.0,1408.0,221.0,0.0,0.0,48.0,0.0,111.0,350.0,694.0,0.0,0.0,179.0,360.0,195.0
2021-09-21 12:00:00+00:00,0.0,199.0,241.0,394.0,525.0,112.0,35.0,0.0,0.0,185.0,0.0,0.0,0.0,0.0,0.0,0.0,202.0,0.0,0.0,0.0,0.0,119.0,0.0,0.0,0.0,175.0,0.0,0.0,1384.0,263.0,0.0,0.0,64.0,0.0,77.0,440.0,639.0,0.0,0.0,257.0,367.0,194.0
2021-09-21 13:00:00+00:00,0.0,201.0,239.0,387.0,529.0,118.0,54.0,0.0,0.0,177.0,0.0,0.0,0.0,0.0,0.0,0.0,198.0,0.0,0.0,0.0,0.0,134.0,0.0,0.0,0.0,204.0,0.0,0.0,1409.0,266.0,0.0,0.0,140.0,0.0,85.0,448.0,640.0,0.0,0.0,216.0,415.0,194.0
2021-09-21 14:00:00+00:00,0.0,157.0,206.0,413.0,506.0,189.0,141.0,0.0,0.0,109.0,0.0,0.0,0.0,0.0,0.0,0.0,199.0,0.0,0.0,0.0,0.0,281.0,0.0,0.0,0.0,212.0,0.0,0.0,1408.0,233.0,0.0,0.0,184.0,0.0,77.0,517.0,621.0,0.0,0.0,279.0,390.0,194.0
2021-09-21 15:00:00+00:00,0.0,165.0,181.0,374.0,447.0,214.0,135.0,0.0,0.0,38.0,0.0,0.0,0.0,0.0,0.0,0.0,199.0,0.0,0.0,0.0,0.0,296.0,0.0,0.0,0.0,128.0,0.0,0.0,1409.0,227.0,0.0,0.0,253.0,0.0,56.0,571.0,566.0,0.0,0.0,325.0,354.0,194.0
2021-09-21 16:00:00+00:00,6.0,219.0,140.0,338.0,379.0,188.0,146.0,0.0,0.0,6.0,0.0,0.0,0.0,0.0,0.0,0.0,199.0,0.0,0.0,0.0,0.0,303.0,0.0,0.0,0.0,0.0,0.0,0.0,1408.0,209.0,0.0,69.0,313.0,0.0,0.0,627.0,538.0,1.0,0.0,378.0,317.0,195.0
2021-09-21 17:00:00+00:00,4.0,173.0,137.0,357.0,424.0,247.0,189.0,0.0,0.0,22.0,0.0,0.0,35.0,0.0,0.0,0.0,200.0,0.0,0.0,0.0,0.0,283.0,0.0,0.0,0.0,0.0,0.0,0.0,1409.0,196.0,0.0,249.0,279.0,0.0,0.0,606.0,559.0,2.0,0.0,329.0,336.0,193.0
2021-09-21 18:00:00+00:00,2.0,245.0,178.0,359.0,435.0,165.0,123.0,0.0,0.0,18.0,0.0,0.0,11.0,0.0,0.0,0.0,199.0,0.0,0.0,0.0,0.0,292.0,0.0,0.0,0.0,0.0,0.0,0.0,1356.0,231.0,0.0,182.0,255.0,0.0,0.0,593.0,554.0,0.0,0.0,339.0,332.0,194.0
2021-09-21 19:00:00+00:00,0.0,301.0,183.0,391.0,520.0,181.0,136.0,0.0,0.0,137.0,0.0,0.0,0.0,0.0,0.0,0.0,195.0,0.0,0.0,0.0,0.0,231.0,0.0,0.0,0.0,90.0,0.0,0.0,1374.0,264.0,0.0,0.0,236.0,0.0,76.0,568.0,564.0,0.0,0.0,258.0,438.0,195.0
2021-09-21 20:00:00+00:00,0.0,353.0,165.0,420.0,555.0,156.0,108.0,0.0,0.0,132.0,0.0,0.0,0.0,0.0,0.0,0.0,195.0,0.0,0.0,0.0,0.0,263.0,0.0,0.0,0.0,212.0,0.0,0.0,1386.0,261.0,0.0,0.0,267.0,0.0,105.0,567.0,564.0,0.0,0.0,269.0,492.0,196.0
2021-09-21 21:00:00+00:00,0.0,323.0,170.0,406.0,538.0,179.0,146.0,0.0,0.0,97.0,0.0,0.0,0.0,0.0,0.0,0.0,192.0,0.0,0.0,0.0,0.0,279.0,0.0,0.0,0.0,278.0,0.0,0.0,1367.0,239.0,0.0,0.0,300.0,0.0,131.0,515.0,534.0,0.0,0.0,211.0,534.0,197.0
2021-09-21 22:00:00+00:00,0.0,513.0,182.0,422.0,586.0,129.0,195.0,0.0,0.0,91.0,0.0,0.0,0.0,0.0,0.0,0.0,149.0,0.0,0.0,0.0,0.0,328.0,0.0,0.0,0.0,354.0,0.0,0.0,1446.0,207.0,0.0,0.0,317.0,0.0,219.0,399.0,586.0,0.0,0.0,118.0,621.0,194.0
2021-09-21 23:00:00+00:00,0.0,634.0,146.0,399.0,592.0,95.0,182.0,0.0,0.0,149.0,0.0,0.0,0.0,0.0,0.0,0.0,96.0,0.0,0.0,0.0,0.0,291.0,0.0,0.0,0.0,388.0,0.0,4.0,1427.0,211.0,0.0,0.0,368.0,0.0,290.0,289.0,572.0,0.0,0.0,23.0,613.0,197.0
2021-09-22 00:00:00+00:00,0.0,605.0,139.0,388.0,568.0,98.0,157.0,0.0,0.0,138.0,0.0,0.0,0.0,0.0,0.0,0.0,77.0,0.0,0.0,0.0,0.0,338.0,0.0,0.0,0.0,303.0,0.0,0.0,1415.0,229.0,0.0,0.0,332.0,0.0,258.0,291.0,558.0,1.0,0.0,96.0,539.0,196.0
2021-09-22 01:00:00+00:00,0.0,605.0,114.0,366.0,541.0,118.0,153.0,0.0,0.0,160.0,0.0,0.0,0.0,0.0,0.0,0.0,76.0,0.0,0.0,0.0,0.0,306.0,0.0,0.0,0.0,332.0,0.0,0.0,1423.0,226.0,0.0,0.0,356.0,0.0,238.0,302.0,537.0,1.0,0.0,121.0,523.0,196.0
2021-09-22 02:00:00+00:00,0.0,570.0,124.0,375.0,548.0,107.0,107.0,0.0,0.0,171.0,0.0,0.0,0.0,0.0,0.0,0.0,73.0,0.0,0.0,0.0,0.0,304.0,0.0,0.0,0.0,291.0,0.0,0.0,1420.0,238.0,0.0,0.0,376.0,0.0,229.0,300.0,542.0,1.0,0.0,131.0,512.0,195.0
2021-09-22 03:00:00+00:00,0.0,452.0,70.0,340.0,505.0,16.0,84.0,0.0,0.0,150.0,0.0,0.0,0.0,0.0,0.0,0.0,85.0,0.0,0.0,0.0,0.0,274.0,0.0,0.0,0.0,173.0,0.0,0.0,1426.0,238.0,0.0,0.0,324.0,0.0,168.0,429.0,468.0,9.0,0.0,253.0,491.0,193.0
2021-09-22 04:00:00+00:00,0.0,450.0,24.0,305.0,464.0,209.0,222.0,0.0,0.0,102.0,0.0,0.0,0.0,0.0,0.0,0.0,115.0,0.0,0.0,0.0,0.0,224.0,0.0,0.0,0.0,170.0,0.0,0.0,1408.0,214.0,0.0,0.0,368.0,0.0,170.0,362.0,434.0,42.0,0.0,177.0,476.0,192.0
2021-09-22 05:00:00+00:00,0.0,298.0,9.0,257.0,432.0,197.0,196.0,0.0,0.0,142.0,0.0,0.0,0.0,0.0,0.0,0.0,143.0,0.0,0.0,0.0,0.0,141.0,0.0,0.0,0.0,0.0,0.0,0.0,1409.0,225.0,0.0,67.0,422.0,0.0,101.0,272.0,397.0,46.0,0.0,170.0,357.0,190.0
2021-09-22 06:00:00+00:00,0.0,245.0,43.0,292.0,486.0,178.0,221.0,0.0,0.0,172.0,0.0,0.0,0.0,0.0,0.0,0.0,154.0,0.0,0.0,0.0,0.0,47.0,0.0,0.0,0.0,0.0,0.0,0.0,1409.0,212.0,0.0,271.0,305.0,0.0,74.0,269.0,478.0,18.0,0.0,148.0,375.0,191.0
2021-09-22 07:00:00+00:00,0.0,188.0,83.0,283.0,452.0,235.0,238.0,0.0,2.0,177.0,0.0,0.0,0.0,0.0,0.0,0.0,156.0,0.0,0.0,0.0,0.0,29.0,0.0,0.0,0.0,0.0,0.0,0.0,1409.0,197.0,0.0,277.0,255.0,0.0,11.0,353.0,473.0,14.0,0.0,261.0,355.0,192.0
2021-09-22 08:00:00+00:00,0.0,167.0,55.0,300.0,484.0,197.0,234.0,0.0,35.0,236.0,0.0,0.0,0.0,0.0,0.0,0.0,134.0,0.0,0.0,0.0,0.0,0.0,0.0,0.0,0.0,0.0,0.0,0.0,1409.0,214.0,0.0,292.0,163.0,0.0,8.0,447.0,471.0,14.0,0.0,315.0,382.0,191.0
2021-09-22 09:00:00+00:00,0.0,198.0,90.0,312.0,487.0,214.0,228.0,0.0,36.0,237.0,0.0,0.0,0.0,0.0,0.0,0.0,127.0,0.0,0.0,0.0,0.0,0.0,0.0,0.0,0.0,0.0,0.0,0.0,1409.0,211.0,0.0,228.0,114.0,0.0,15.0,484.0,490.0,6.0,0.0,352.0,409.0,191.0
2021-09-22 10:00:00+00:00,0.0,177.0,125.0,301.0,472.0,151.0,203.0,0.0,51.0,308.0,0.0,0.0,0.0,0.0,0.0,0.0,140.0,0.0,0.0,0.0,0.0,0.0,0.0,0.0,0.0,0.0,0.0,0.0,1410.0,237.0,0.0,153.0,126.0,0.0,3.0,512.0,454.0,4.0,0.0,391.0,397.0,192.0
2021-09-22 11:00:00+00:00,0.0,208.0,103.0,318.0,490.0,151.0,182.0,0.0,35.0,291.0,0.0,0.0,0.0,0.0,0.0,0.0,120.0,0.0,0.0,0.0,0.0,1.0,0.0,0.0,0.0,0.0,0.0,0.0,1409.0,231.0,0.0,61.0,145.0,0.0,17.0,489.0,517.0,3.0,0.0,376.0,391.0,195.0
2021-09-22 12:00:00+00:00,0.0,174.0,94.0,329.0,494.0,65.0,58.0,0.0,58.0,311.0,0.0,0.0,0.0,0.0,0.0,0.0,129.0,0.0,0.0,0.0,0.0,0.0,0.0,0.0,0.0,16.0,0.0,0.0,1424.0,313.0,0.0,0.0,146.0,0.0,33.0,473.0,512.0,4.0,0.0,366.0,381.0,194.0
2021-09-22 13:00:00+00:00,0.0,191.0,55.0,314.0,480.0,60.0,55.0,0.0,65.0,308.0,0.0,0.0,0.0,0.0,0.0,0.0,142.0,0.0,0.0,0.0,0.0,0.0,0.0,0.0,0.0,92.0,0.0,0.0,1386.0,320.0,0.0,0.0,210.0,0.0,53.0,432.0,501.0,14.0,0.0,333.0,372.0,194.0
2021-09-22 14:00:00+00:00,0.0,245.0,44.0,302.0,446.0,176.0,192.0,0.0,13.0,218.0,0.0,0.0,0.0,0.0,0.0,0.0,147.0,0.0,0.0,0.0,0.0,11.0,0.0,0.0,0.0,82.0,0.0,0.0,1408.0,235.0,0.0,0.0,235.0,0.0,50.0,411.0,475.0,26.0,0.0,313.0,369.0,193.0
2021-09-22 15:00:00+00:00,0.0,224.0,74.0,305.0,449.0,192.0,200.0,0.0,6.0,209.0,0.0,0.0,0.0,0.0,0.0,0.0,171.0,0.0,0.0,0.0,0.0,25.0,0.0,0.0,0.0,48.0,0.0,0.0,1402.0,201.0,0.0,0.0,277.0,0.0,42.0,420.0,415.0,12.0,0.0,300.0,370.0,193.0
2021-09-22 16:00:00+00:00,0.0,353.0,26.0,303.0,443.0,225.0,212.0,0.0,1.0,136.0,0.0,0.0,0.0,0.0,0.0,0.0,170.0,0.0,0.0,0.0,0.0,55.0,0.0,0.0,0.0,0.0,0.0,0.0,1409.0,182.0,0.0,120.0,351.0,0.0,7.0,394.0,410.0,54.0,0.0,263.0,327.0,193.0
2021-09-22 17:00:00+00:00,0.0,353.0,18.0,319.0,458.0,207.0,206.0,0.0,0.0,120.0,0.0,0.0,3.0,0.0,0.0,0.0,169.0,0.0,0.0,0.0,0.0,70.0,0.0,0.0,0.0,0.0,0.0,0.0,1410.0,189.0,0.0,181.0,346.0,0.0,0.0,452.0,436.0,53.0,0.0,288.0,363.0,194.0
2021-09-22 18:00:00+00:00,0.0,472.0,26.0,312.0,510.0,120.0,73.0,0.0,25.0,203.0,0.0,0.0,0.0,0.0,0.0,0.0,162.0,0.0,0.0,0.0,0.0,4.0,0.0,0.0,0.0,0.0,0.0,0.0,1366.0,293.0,0.0,89.0,340.0,0.0,91.0,381.0,414.0,43.0,0.0,190.0,389.0,195.0
2021-09-22 19:00:00+00:00,0.0,572.0,41.0,334.0,577.0,124.0,117.0,0.0,52.0,268.0,0.0,0.0,0.0,0.0,0.0,0.0,145.0,0.0,0.0,0.0,0.0,1.0,0.0,0.0,0.0,159.0,0.0,0.0,1374.0,284.0,0.0,0.0,318.0,0.0,198.0,280.0,419.0,23.0,0.0,86.0,448.0,192.0
2021-09-22 20:00:00+00:00,0.0,545.0,32.0,379.0,621.0,148.0,116.0,0.0,23.0,279.0,0.0,0.0,0.0,0.0,0.0,0.0,122.0,0.0,0.0,0.0,0.0,7.0,0.0,0.0,0.0,275.0,0.0,0.0,1395.0,261.0,0.0,0.0,309.0,0.0,220.0,391.0,446.0,24.0,0.0,158.0,533.0,195.0
2021-09-22 21:00:00+00:00,0.0,560.0,10.0,354.0,607.0,168.0,78.0,0.0,36.0,290.0,0.0,0.0,0.0,0.0,0.0,0.0,97.0,0.0,0.0,0.0,0.0,2.0,0.0,0.0,0.0,270.0,0.0,0.0,1401.0,268.0,0.0,0.0,306.0,0.0,240.0,341.0,369.0,70.0,0.0,134.0,553.0,195.0
2021-09-22 22:00:00+00:00,0.0,481.0,53.0,379.0,594.0,67.0,30.0,0.0,6.0,205.0,0.0,0.0,0.0,0.0,0.0,0.0,112.0,0.0,0.0,0.0,0.0,149.0,0.0,0.0,0.0,412.0,0.0,0.0,1411.0,242.0,0.0,0.0,226.0,0.0,192.0,358.0,438.0,31.0,0.0,139.0,557.0,191.0
2021-09-22 23:00:00+00:00,0.0,335.0,120.0,388.0,515.0,17.0,46.0,0.0,0.0,127.0,0.0,0.0,0.0,0.0,0.0,0.0,124.0,0.0,0.0,0.0,0.0,349.0,0.0,0.0,0.0,393.0,0.0,0.0,1411.0,247.0,0.0,0.0,176.0,0.0,124.0,427.0,540.0,3.0,0.0,225.0,544.0,193.0
2021-09-23 00:00:00+00:00,0.0,473.0,126.0,388.0,537.0,31.0,72.0,0.0,0.0,141.0,0.0,0.0,0.0,0.0,0.0,0.0,114.0,0.0,0.0,0.0,0.0,332.0,0.0,0.0,0.0,386.0,0.0,0.0,1423.0,239.0,0.0,0.0,242.0,0.0,198.0,302.0,537.0,2.0,0.0,122.0,525.0,192.0
2021-09-23 01:00:00+00:00,0.0,589.0,122.0,381.0,572.0,0.0,50.0,0.0,0.0,183.0,0.0,0.0,0.0,0.0,0.0,0.0,107.0,2.0,0.0,0.0,0.0,262.0,0.0,0.0,0.0,292.0,0.0,0.0,1423.0,253.0,0.0,0.0,255.0,0.0,251.0,225.0,536.0,2.0,0.0,26.0,540.0,191.0
2021-09-23 02:00:00+00:00,0.0,507.0,116.0,358.0,541.0,0.0,12.0,0.0,0.0,187.0,0.0,0.0,0.0,0.0,0.0,0.0,106.0,28.0,0.0,0.0,0.0,242.0,0.0,0.0,0.0,275.0,0.0,0.0,1410.0,259.0,0.0,0.0,275.0,0.0,207.0,238.0,516.0,2.0,0.0,54.0,526.0,193.0
2021-09-23 03:00:00+00:00,0.0,357.0,39.0,319.0,504.0,0.0,0.0,0.0,0.0,206.0,0.0,0.0,0.0,0.0,0.0,0.0,118.0,98.0,0.0,0.0,0.0,163.0,0.0,0.0,0.0,218.0,0.0,0.0,1417.0,229.0,24.0,0.0,280.0,0.0,150.0,402.0,434.0,26.0,0.0,173.0,530.0,193.0
2021-09-23 04:00:00+00:00,0.0,746.0,17.0,286.0,574.0,0.0,0.0,0.0,64.0,331.0,0.0,0.0,0.0,0.0,0.0,0.0,150.0,39.0,0.0,0.0,0.0,5.0,0.0,0.0,0.0,331.0,0.0,0.0,930.0,206.0,76.0,0.0,390.0,0.0,354.0,414.0,392.0,70.0,0.0,57.0,623.0,193.0
2021-09-23 05:00:00+00:00,0.0,639.0,14.0,302.0,575.0,0.0,0.0,0.0,89.0,373.0,0.0,0.0,0.0,0.0,0.0,0.0,141.0,56.0,0.0,0.0,0.0,0.0,0.0,0.0,0.0,177.0,0.0,0.0,822.0,206.0,155.0,0.0,345.0,0.0,284.0,469.0,404.0,49.0,0.0,145.0,577.0,192.0
2021-09-23 06:00:00+00:00,0.0,568.0,60.0,346.0,627.0,0.0,0.0,0.0,143.0,407.0,0.0,0.0,0.0,0.0,0.0,0.0,137.0,56.0,0.0,0.0,0.0,0.0,0.0,0.0,0.0,120.0,0.0,0.0,822.0,177.0,108.0,0.0,305.0,0.0,281.0,356.0,486.0,25.0,0.0,97.0,513.0,193.0
2021-09-23 07:00:00+00:00,0.0,508.0,173.0,418.0,800.0,63.0,0.0,0.0,186.0,447.0,0.0,0.0,0.0,0.0,0.0,0.0,134.0,0.0,0.0,0.0,0.0,0.0,0.0,0.0,0.0,1.0,0.0,19.0,822.0,175.0,32.0,0.0,180.0,0.0,220.0,178.0,534.0,2.0,0.0,12.0,444.0,194.0
2021-09-23 08:00:00+00:00,0.0,345.0,187.0,472.0,900.0,14.0,0.0,0.0,166.0,429.0,0.0,0.0,0.0,10.0,0.0,0.0,169.0,0.0,0.0,0.0,0.0,0.0,0.0,0.0,0.0,0.0,0.0,0.0,822.0,177.0,52.0,0.0,16.0,0.0,138.0,239.0,589.0,0.0,0.0,58.0,464.0,194.0
2021-09-23 09:00:00+00:00,0.0,410.0,244.0,487.0,900.0,32.0,0.0,0.0,129.0,416.0,0.0,0.0,0.0,37.0,0.0,0.0,161.0,0.0,0.0,0.0,0.0,0.0,0.0,0.0,0.0,0.0,0.0,0.0,823.0,185.0,40.0,0.0,0.0,0.0,153.0,231.0,633.0,0.0,0.0,62.0,459.0,196.0
2021-09-23 10:00:00+00:00,0.0,492.0,203.0,457.0,837.0,0.0,0.0,0.0,125.0,420.0,0.0,0.0,0.0,1.0,0.0,0.0,163.0,27.0,0.0,0.0,0.0,0.0,0.0,0.0,0.0,0.0,0.0,2.0,814.0,192.0,23.0,0.0,43.0,0.0,226.0,148.0,619.0,0.0,0.0,5.0,435.0,196.0
2021-09-23 11:00:00+00:00,0.0,408.0,154.0,434.0,810.0,0.0,0.0,0.0,145.0,434.0,0.0,0.0,0.0,0.0,0.0,0.0,152.0,16.0,0.0,0.0,0.0,0.0,0.0,0.0,0.0,0.0,0.0,0.0,821.0,198.0,13.0,0.0,51.0,0.0,201.0,234.0,582.0,1.0,0.0,49.0,467.0,192.0
2021-09-23 12:00:00+00:00,0.0,349.0,102.0,410.0,764.0,0.0,0.0,0.0,155.0,438.0,0.0,0.0,0.0,0.0,0.0,0.0,167.0,67.0,0.0,0.0,0.0,0.0,0.0,0.0,0.0,0.0,0.0,0.0,1280.0,218.0,70.0,0.0,69.0,0.0,181.0,261.0,520.0,4.0,0.0,80.0,469.0,193.0
2021-09-23 13:00:00+00:00,0.0,319.0,134.0,382.0,651.0,0.0,0.0,0.0,70.0,367.0,0.0,0.0,0.0,0.0,0.0,0.0,175.0,116.0,0.0,0.0,0.0,0.0,0.0,0.0,0.0,119.0,0.0,0.0,1383.0,229.0,82.0,0.0,120.0,0.0,175.0,293.0,536.0,1.0,0.0,83.0,486.0,193.0
2021-09-23 14:00:00+00:00,0.0,325.0,79.0,355.0,535.0,0.0,0.0,0.0,4.0,259.0,0.0,0.0,0.0,0.0,0.0,0.0,190.0,87.0,0.0,0.0,0.0,28.0,0.0,0.0,0.0,280.0,0.0,0.0,916.0,222.0,67.0,0.0,194.0,0.0,149.0,364.0,520.0,4.0,0.0,152.0,490.0,193.0
2021-09-23 15:00:00+00:00,0.0,180.0,78.0,334.0,460.0,0.0,0.0,0.0,0.0,183.0,0.0,0.0,0.0,0.0,0.0,0.0,165.0,110.0,0.0,0.0,0.0,100.0,0.0,0.0,0.0,127.0,0.0,0.0,820.0,219.0,56.0,0.0,218.0,0.0,34.0,500.0,476.0,10.0,0.0,283.0,417.0,197.0
2021-09-23 16:00:00+00:00,0.0,176.0,19.0,293.0,398.0,48.0,0.0,0.0,1.0,174.0,0.0,0.0,68.0,0.0,0.0,0.0,119.0,0.0,0.0,0.0,0.0,66.0,0.0,0.0,0.0,0.0,0.0,0.0,821.0,192.0,19.0,128.0,221.0,0.0,0.0,606.0,428.0,55.0,0.0,367.0,393.0,195.0
2021-09-23 17:00:00+00:00,0.0,269.0,22.0,304.0,420.0,29.0,0.0,0.0,1.0,167.0,0.0,0.0,36.0,0.0,0.0,0.0,99.0,0.0,0.0,0.0,0.0,37.0,0.0,0.0,0.0,0.0,0.0,0.0,823.0,193.0,46.0,201.0,204.0,0.0,0.0,667.0,425.0,37.0,0.0,359.0,450.0,197.0
2021-09-23 18:00:00+00:00,0.0,334.0,19.0,293.0,448.0,0.0,0.0,0.0,14.0,208.0,0.0,0.0,0.0,0.0,0.0,0.0,89.0,45.0,0.0,0.0,0.0,5.0,0.0,0.0,0.0,0.0,0.0,0.0,1287.0,250.0,99.0,144.0,219.0,0.0,7.0,570.0,402.0,38.0,0.0,308.0,436.0,195.0
2021-09-23 19:00:00+00:00,0.0,272.0,53.0,343.0,516.0,0.0,11.0,0.0,6.0,236.0,0.0,0.0,0.0,0.0,0.0,0.0,73.0,61.0,0.0,0.0,0.0,27.0,0.0,0.0,0.0,0.0,0.0,0.0,1415.0,225.0,0.0,10.0,181.0,0.0,37.0,532.0,457.0,26.0,0.0,250.0,510.0,194.0
2021-09-23 20:00:00+00:00,0.0,187.0,58.0,396.0,501.0,56.0,99.0,0.0,0.0,123.0,0.0,0.0,14.0,0.0,0.0,0.0,46.0,0.0,0.0,0.0,0.0,202.0,0.0,0.0,0.0,81.0,0.0,0.0,1436.0,242.0,0.0,0.0,135.0,0.0,0.0,575.0,519.0,18.0,0.0,326.0,529.0,194.0
2021-09-23 21:00:00+00:00,2.0,62.0,99.0,381.0,400.0,88.0,140.0,0.0,0.0,26.0,0.0,0.0,82.0,0.0,0.0,0.0,23.0,0.0,0.0,0.0,0.0,337.0,0.0,0.0,0.0,121.0,0.0,0.0,1368.0,259.0,0.0,0.0,99.0,0.0,0.0,609.0,492.0,6.0,0.0,445.0,510.0,194.0
2021-09-23 22:00:00+00:00,0.0,0.0,94.0,355.0,423.0,23.0,152.0,0.0,0.0,87.0,0.0,28.0,148.0,0.0,0.0,0.0,57.0,0.0,0.0,0.0,0.0,359.0,0.0,0.0,0.0,221.0,0.0,0.0,1425.0,250.0,0.0,0.0,42.0,0.0,0.0,544.0,501.0,4.0,0.0,509.0,555.0,194.0
2021-09-23 23:00:00+00:00,0.0,112.0,108.0,364.0,421.0,0.0,143.0,0.0,0.0,75.0,0.0,0.0,67.0,0.0,0.0,0.0,102.0,28.0,0.0,0.0,0.0,422.0,0.0,0.0,0.0,176.0,0.0,0.0,1423.0,252.0,0.0,0.0,77.0,0.0,0.0,429.0,515.0,2.0,0.0,411.0,556.0,193.0
2021-09-24 00:00:00+00:00,0.0,301.0,97.0,360.0,413.0,0.0,131.0,0.0,0.0,75.0,0.0,0.0,0.0,0.0,0.0,0.0,103.0,11.0,0.0,0.0,0.0,421.0,0.0,0.0,0.0,193.0,0.0,0.0,1416.0,251.0,0.0,0.0,119.0,0.0,14.0,340.0,503.0,3.0,0.0,337.0,540.0,193.0
2021-09-24 01:00:00+00:00,0.0,368.0,107.0,361.0,423.0,0.0,142.0,0.0,0.0,76.0,0.0,0.0,0.0,0.0,0.0,0.0,97.0,27.0,0.0,0.0,0.0,420.0,0.0,0.0,0.0,217.0,0.0,0.0,1419.0,243.0,0.0,0.0,164.0,0.0,63.0,245.0,522.0,2.0,0.0,272.0,510.0,195.0
2021-09-24 02:00:00+00:00,0.0,266.0,78.0,341.0,370.0,0.0,96.0,0.0,0.0,50.0,0.0,0.0,0.0,0.0,0.0,0.0,105.0,24.0,0.0,0.0,0.0,443.0,0.0,0.0,0.0,183.0,0.0,0.0,1413.0,254.0,0.0,0.0,128.0,0.0,9.0,317.0,496.0,6.0,0.0,326.0,501.0,193.0
2021-09-24 03:00:00+00:00,6.0,184.0,91.0,345.0,372.0,0.0,9.0,0.0,0.0,14.0,0.0,0.0,23.0,0.0,0.0,0.0,122.0,82.0,0.0,0.0,0.0,461.0,0.0,0.0,0.0,196.0,0.0,0.0,1434.0,228.0,0.0,0.0,151.0,0.0,0.0,406.0,516.0,5.0,0.0,390.0,461.0,196.0
2021-09-24 04:00:00+00:00,0.0,548.0,59.0,326.0,454.0,6.0,0.0,0.0,0.0,146.0,0.0,0.0,0.0,0.0,0.0,0.0,152.0,0.0,0.0,0.0,0.0,256.0,0.0,0.0,0.0,202.0,0.0,0.0,1409.0,176.0,29.0,0.0,263.0,0.0,142.0,306.0,493.0,22.0,0.0,189.0,476.0,192.0
2021-09-24 05:00:00+00:00,0.0,454.0,36.0,316.0,475.0,13.0,0.0,0.0,0.0,201.0,0.0,0.0,0.0,0.0,0.0,0.0,112.0,0.0,0.0,0.0,0.0,144.0,0.0,0.0,0.0,35.0,0.0,0.0,1408.0,170.0,165.0,0.0,266.0,0.0,138.0,240.0,451.0,26.0,0.0,121.0,482.0,193.0
2021-09-24 06:00:00+00:00,0.0,520.0,57.0,318.0,504.0,0.0,0.0,0.0,1.0,213.0,0.0,0.0,0.0,0.0,0.0,0.0,43.0,91.0,0.0,0.0,0.0,47.0,0.0,0.0,0.0,28.0,0.0,0.0,1407.0,137.0,173.0,0.0,231.0,0.0,174.0,216.0,475.0,11.0,0.0,104.0,495.0,194.0
2021-09-24 07:00:00+00:00,0.0,542.0,78.0,382.0,594.0,0.0,0.0,0.0,47.0,280.0,0.0,0.0,0.0,0.0,0.0,0.0,122.0,44.0,0.0,0.0,0.0,0.0,0.0,0.0,0.0,180.0,0.0,0.0,1408.0,132.0,198.0,0.0,206.0,0.0,218.0,94.0,486.0,15.0,0.0,20.0,492.0,193.0
2021-09-24 08:00:00+00:00,0.0,602.0,115.0,439.0,663.0,0.0,0.0,0.0,93.0,287.0,0.0,0.0,0.0,0.0,0.0,0.0,143.0,7.0,0.0,0.0,0.0,0.0,0.0,0.0,0.0,442.0,0.0,0.0,1409.0,118.0,146.0,0.0,160.0,0.0,239.0,133.0,545.0,6.0,0.0,34.0,544.0,198.0
2021-09-24 09:00:00+00:00,0.0,555.0,133.0,454.0,692.0,21.0,0.0,0.0,120.0,361.0,0.0,0.0,0.0,0.0,0.0,0.0,151.0,0.0,0.0,0.0,0.0,0.0,0.0,0.0,0.0,471.0,0.0,0.0,1409.0,98.0,168.0,0.0,146.0,0.0,246.0,101.0,551.0,2.0,0.0,17.0,549.0,194.0
2021-09-24 10:00:00+00:00,0.0,523.0,140.0,446.0,677.0,77.0,0.0,0.0,117.0,361.0,0.0,0.0,0.0,0.0,0.0,0.0,149.0,0.0,0.0,0.0,0.0,0.0,0.0,0.0,0.0,486.0,0.0,0.0,1410.0,115.0,176.0,0.0,140.0,0.0,257.0,108.0,530.0,2.0,0.0,30.0,547.0,193.0
2021-09-24 11:00:00+00:00,0.0,498.0,87.0,432.0,627.0,44.0,0.0,0.0,91.0,341.0,0.0,0.0,0.0,0.0,0.0,0.0,153.0,0.0,0.0,0.0,0.0,0.0,0.0,0.0,0.0,544.0,0.0,0.0,1409.0,116.0,100.0,0.0,119.0,0.0,239.0,103.0,506.0,8.0,0.0,68.0,498.0,193.0
2021-09-24 12:00:00+00:00,0.0,492.0,94.0,414.0,600.0,0.0,0.0,0.0,94.0,339.0,0.0,0.0,0.0,0.0,0.0,0.0,158.0,250.0,0.0,0.0,0.0,0.0,0.0,0.0,0.0,495.0,0.0,0.0,1405.0,157.0,181.0,0.0,108.0,0.0,219.0,115.0,471.0,6.0,0.0,78.0,492.0,194.0
2021-09-24 13:00:00+00:00,0.0,465.0,85.0,389.0,621.0,0.0,0.0,0.0,60.0,334.0,0.0,0.0,0.0,0.0,0.0,0.0,153.0,210.0,0.0,0.0,0.0,0.0,0.0,0.0,0.0,491.0,0.0,0.0,1375.0,180.0,218.0,0.0,128.0,0.0,223.0,118.0,491.0,6.0,0.0,56.0,529.0,192.0
2021-09-24 14:00:00+00:00,0.0,503.0,86.0,383.0,592.0,60.0,0.0,0.0,5.0,266.0,0.0,0.0,0.0,0.0,0.0,0.0,170.0,0.0,0.0,0.0,0.0,15.0,0.0,0.0,0.0,365.0,0.0,0.0,1407.0,136.0,39.0,0.0,154.0,0.0,189.0,282.0,488.0,7.0,0.0,156.0,547.0,195.0
2021-09-24 15:00:00+00:00,1.0,325.0,85.0,365.0,469.0,68.0,0.0,0.0,0.0,56.0,0.0,0.0,0.0,0.0,0.0,0.0,162.0,0.0,0.0,0.0,0.0,194.0,0.0,0.0,0.0,217.0,0.0,0.0,1409.0,142.0,62.0,0.0,174.0,0.0,104.0,421.0,497.0,10.0,0.0,282.0,500.0,192.0
2021-09-24 16:00:00+00:00,0.0,340.0,86.0,378.0,464.0,99.0,0.0,0.0,0.0,90.0,0.0,0.0,0.0,0.0,0.0,0.0,115.0,0.0,0.0,0.0,0.0,237.0,0.0,0.0,0.0,48.0,0.0,0.0,1409.0,157.0,44.0,0.0,214.0,0.0,54.0,456.0,509.0,9.0,0.0,289.0,454.0,193.0
2021-09-24 17:00:00+00:00,0.0,370.0,80.0,388.0,520.0,29.0,4.0,0.0,0.0,141.0,0.0,0.0,0.0,0.0,0.0,0.0,89.0,0.0,0.0,0.0,0.0,139.0,0.0,0.0,0.0,0.0,0.0,0.0,1410.0,147.0,0.0,107.0,229.0,0.0,71.0,461.0,523.0,9.0,0.0,267.0,483.0,195.0
2021-09-24 18:00:00+00:00,0.0,378.0,85.0,387.0,554.0,0.0,0.0,0.0,0.0,185.0,0.0,0.0,0.0,0.0,0.0,0.0,139.0,27.0,0.0,0.0,0.0,89.0,0.0,0.0,0.0,0.0,0.0,0.0,1371.0,200.0,21.0,140.0,204.0,0.0,91.0,472.0,497.0,7.0,0.0,275.0,506.0,194.0
2021-09-24 19:00:00+00:00,0.0,440.0,130.0,427.0,637.0,0.0,0.0,0.0,1.0,246.0,0.0,0.0,0.0,0.0,0.0,0.0,187.0,1.0,0.0,0.0,0.0,58.0,0.0,0.0,0.0,246.0,0.0,0.0,1379.0,207.0,13.0,0.0,132.0,0.0,113.0,393.0,554.0,9.0,0.0,194.0,566.0,196.0
2021-09-24 20:00:00+00:00,0.0,57.0,160.0,474.0,625.0,50.0,0.0,0.0,0.0,207.0,0.0,0.0,0.0,0.0,0.0,0.0,174.0,0.0,0.0,0.0,0.0,190.0,0.0,0.0,0.0,258.0,0.0,0.0,1392.0,240.0,2.0,0.0,38.0,0.0,11.0,461.0,587.0,2.0,0.0,317.0,570.0,196.0
2021-09-24 21:00:00+00:00,0.0,33.0,180.0,478.0,629.0,36.0,71.0,0.0,0.0,157.0,0.0,0.0,3.0,1.0,0.0,0.0,166.0,0.0,0.0,0.0,0.0,252.0,0.0,0.0,0.0,163.0,0.0,0.0,1371.0,238.0,0.0,0.0,28.0,0.0,0.0,403.0,598.0,2.0,0.0,305.0,587.0,192.0
2021-09-24 22:00:00+00:00,0.0,0.0,100.0,432.0,523.0,29.0,86.0,0.0,0.0,110.0,0.0,105.0,133.0,65.0,0.0,0.0,126.0,0.0,0.0,0.0,0.0,342.0,0.0,0.0,0.0,171.0,0.0,0.0,1369.0,240.0,0.0,0.0,0.0,0.0,0.0,464.0,570.0,6.0,0.0,429.0,565.0,196.0
2021-09-24 23:00:00+00:00,0.0,0.0,118.0,411.0,483.0,0.0,46.0,0.0,0.0,74.0,0.0,187.0,115.0,56.0,0.0,0.0,113.0,139.0,0.0,0.0,0.0,415.0,0.0,0.0,0.0,276.0,0.0,0.0,1408.0,278.0,0.0,0.0,0.0,0.0,0.0,432.0,549.0,2.0,0.0,414.0,566.0,195.0
2021-09-25 00:00:00+00:00,0.0,0.0,128.0,397.0,472.0,0.0,70.0,0.0,0.0,64.0,0.0,105.0,86.0,17.0,0.0,0.0,122.0,133.0,0.0,0.0,0.0,455.0,0.0,0.0,0.0,240.0,0.0,0.0,1401.0,274.0,0.0,0.0,1.0,0.0,0.0,396.0,568.0,2.0,0.0,409.0,539.0,192.0
2021-09-25 01:00:00+00:00,0.0,0.0,156.0,382.0,437.0,0.0,68.0,0.0,0.0,42.0,0.0,108.0,112.0,15.0,0.0,0.0,113.0,152.0,0.0,0.0,0.0,484.0,0.0,0.0,0.0,188.0,0.0,0.0,1401.0,271.0,0.0,0.0,2.0,0.0,0.0,454.0,564.0,0.0,0.0,458.0,544.0,192.0
2021-09-25 02:00:00+00:00,0.0,0.0,135.0,362.0,405.0,0.0,71.0,0.0,0.0,35.0,0.0,168.0,141.0,9.0,0.0,0.0,110.0,142.0,0.0,0.0,0.0,471.0,0.0,0.0,0.0,165.0,0.0,0.0,1411.0,278.0,0.0,0.0,7.0,0.0,0.0,478.0,551.0,1.0,0.0,486.0,513.0,196.0
2021-09-25 03:00:00+00:00,2.0,0.0,93.0,346.0,367.0,0.0,88.0,0.0,0.0,42.0,0.0,242.0,165.0,24.0,0.0,0.0,74.0,146.0,0.0,0.0,0.0,455.0,0.0,0.0,0.0,263.0,0.0,0.0,1411.0,260.0,0.0,0.0,1.0,0.0,0.0,549.0,523.0,2.0,0.0,537.0,482.0,193.0
2021-09-25 04:00:00+00:00,0.0,0.0,42.0,302.0,375.0,0.0,64.0,0.0,0.0,110.0,0.0,46.0,129.0,0.0,0.0,0.0,21.0,247.0,0.0,0.0,0.0,324.0,0.0,0.0,0.0,254.0,0.0,0.0,1413.0,271.0,0.0,0.0,45.0,0.0,0.0,539.0,469.0,26.0,0.0,474.0,477.0,193.0
2021-09-25 05:00:00+00:00,0.0,191.0,52.0,323.0,420.0,0.0,23.0,0.0,0.0,199.0,0.0,0.0,46.0,0.0,0.0,0.0,33.0,235.0,0.0,0.0,0.0,246.0,0.0,0.0,0.0,207.0,0.0,0.0,1351.0,273.0,0.0,0.0,70.0,0.0,0.0,483.0,478.0,13.0,0.0,415.0,432.0,193.0
2021-09-25 06:00:00+00:00,0.0,139.0,57.0,348.0,483.0,0.0,13.0,0.0,0.0,279.0,0.0,0.0,67.0,6.0,0.0,0.0,38.0,101.0,0.0,0.0,0.0,124.0,0.0,0.0,0.0,152.0,0.0,0.0,1369.0,266.0,0.0,0.0,11.0,0.0,0.0,453.0,488.0,10.0,0.0,435.0,404.0,193.0
2021-09-25 07:00:00+00:00,0.0,15.0,66.0,382.0,537.0,0.0,51.0,0.0,0.0,321.0,0.0,0.0,76.0,59.0,0.0,0.0,43.0,74.0,0.0,0.0,0.0,75.0,0.0,0.0,0.0,142.0,0.0,0.0,1324.0,264.0,0.0,0.0,0.0,0.0,0.0,384.0,483.0,9.0,0.0,428.0,395.0,194.0
2021-09-25 08:00:00+00:00,0.0,0.0,36.0,390.0,582.0,0.0,31.0,0.0,10.0,403.0,0.0,26.0,82.0,100.0,0.0,0.0,89.0,97.0,0.0,0.0,0.0,5.0,0.0,0.0,0.0,248.0,0.0,0.0,1350.0,256.0,0.0,0.0,0.0,0.0,0.0,287.0,466.0,15.0,0.0,402.0,391.0,195.0
2021-09-25 09:00:00+00:00,0.0,0.0,68.0,411.0,606.0,0.0,66.0,0.0,2.0,393.0,0.0,63.0,100.0,146.0,0.0,0.0,118.0,82.0,0.0,0.0,0.0,25.0,0.0,0.0,0.0,301.0,0.0,0.0,1338.0,262.0,0.0,0.0,0.0,0.0,0.0,255.0,484.0,7.0,0.0,392.0,403.0,193.0
2021-09-25 10:00:00+00:00,0.0,0.0,91.0,430.0,634.0,0.0,110.0,0.0,2.0,398.0,0.0,10.0,98.0,169.0,0.0,0.0,116.0,86.0,0.0,0.0,0.0,30.0,0.0,0.0,0.0,325.0,0.0,0.0,1346.0,273.0,0.0,0.0,0.0,0.0,0.0,267.0,507.0,5.0,0.0,384.0,445.0,193.0
2021-09-25 11:00:00+00:00,0.0,2.0,63.0,418.0,635.0,0.0,89.0,0.0,15.0,429.0,0.0,0.0,79.0,156.0,0.0,0.0,113.0,86.0,0.0,0.0,0.0,5.0,0.0,0.0,0.0,319.0,0.0,0.0,1345.0,269.0,0.0,0.0,0.0,0.0,0.0,220.0,513.0,13.0,0.0,335.0,446.0,194.0
2021-09-25 12:00:00+00:00,0.0,0.0,64.0,385.0,583.0,0.0,91.0,0.0,13.0,424.0,0.0,27.0,82.0,129.0,0.0,0.0,118.0,106.0,0.0,0.0,0.0,9.0,0.0,0.0,0.0,285.0,0.0,0.0,1340.0,261.0,0.0,0.0,0.0,0.0,0.0,256.0,479.0,8.0,0.0,350.0,445.0,196.0
2021-09-25 13:00:00+00:00,0.0,0.0,98.0,373.0,506.0,0.0,57.0,0.0,0.0,275.0,0.0,134.0,145.0,116.0,0.0,0.0,128.0,122.0,0.0,0.0,0.0,130.0,0.0,0.0,0.0,225.0,0.0,0.0,1359.0,266.0,0.0,0.0,0.0,0.0,0.0,343.0,510.0,2.0,0.0,429.0,418.0,194.0
2021-09-25 14:00:00+00:00,0.0,0.0,98.0,380.0,469.0,0.0,67.0,0.0,0.0,218.0,0.0,201.0,184.0,88.0,0.0,0.0,136.0,125.0,0.0,0.0,0.0,187.0,0.0,0.0,0.0,176.0,0.0,0.0,1387.0,279.0,0.0,0.0,0.0,0.0,0.0,471.0,526.0,2.0,0.0,542.0,403.0,195.0
2021-09-25 15:00:00+00:00,0.0,0.0,113.0,366.0,385.0,0.0,49.0,0.0,0.0,107.0,0.0,105.0,182.0,26.0,0.0,0.0,124.0,110.0,0.0,0.0,0.0,288.0,0.0,0.0,0.0,23.0,0.0,0.0,1393.0,260.0,0.0,0.0,2.0,0.0,0.0,526.0,532.0,3.0,0.0,542.0,375.0,196.0
2021-09-25 16:00:00+00:00,0.0,0.0,58.0,317.0,332.0,0.0,0.0,0.0,0.0,91.0,0.0,47.0,171.0,0.0,0.0,0.0,105.0,25.0,0.0,0.0,0.0,253.0,0.0,0.0,0.0,0.0,0.0,0.0,1345.0,292.0,5.0,15.0,66.0,0.0,0.0,572.0,492.0,14.0,0.0,551.0,339.0,196.0
2021-09-25 17:00:00+00:00,0.0,53.0,51.0,331.0,374.0,0.0,87.0,0.0,0.0,123.0,0.0,0.0,140.0,0.0,0.0,0.0,68.0,55.0,0.0,0.0,0.0,215.0,0.0,0.0,0.0,0.0,0.0,0.0,1359.0,257.0,0.0,33.0,91.0,0.0,0.0,569.0,506.0,21.0,0.0,514.0,372.0,195.0
2021-09-25 18:00:00+00:00,0.0,142.0,92.0,333.0,392.0,0.0,142.0,0.0,0.0,122.0,0.0,0.0,106.0,0.0,0.0,0.0,60.0,68.0,0.0,0.0,0.0,218.0,0.0,0.0,0.0,0.0,0.0,0.0,1366.0,238.0,0.0,8.0,86.0,0.0,0.0,500.0,481.0,4.0,0.0,462.0,371.0,192.0
2021-09-25 19:00:00+00:00,0.0,145.0,133.0,390.0,460.0,0.0,170.0,0.0,0.0,119.0,0.0,0.0,85.0,0.0,0.0,0.0,98.0,18.0,0.0,0.0,0.0,250.0,0.0,0.0,0.0,174.0,0.0,0.0,1418.0,236.0,0.0,0.0,82.0,0.0,0.0,499.0,555.0,2.0,0.0,415.0,466.0,193.0
2021-09-25 20:00:00+00:00,0.0,26.0,202.0,421.0,482.0,78.0,149.0,0.0,0.0,75.0,0.0,0.0,118.0,0.0,0.0,0.0,131.0,0.0,0.0,0.0,0.0,309.0,0.0,0.0,0.0,372.0,0.0,0.0,1458.0,244.0,0.0,0.0,37.0,0.0,0.0,454.0,622.0,2.0,0.0,394.0,509.0,196.0
2021-09-25 21:00:00+00:00,0.0,166.0,182.0,445.0,550.0,82.0,149.0,0.0,0.0,131.0,0.0,0.0,13.0,0.0,0.0,0.0,148.0,0.0,0.0,0.0,0.0,293.0,0.0,0.0,0.0,390.0,0.0,0.0,1451.0,253.0,0.0,0.0,58.0,0.0,0.0,295.0,600.0,0.0,0.0,217.0,574.0,197.0
2021-09-25 22:00:00+00:00,0.0,0.0,150.0,402.0,452.0,50.0,140.0,0.0,0.0,41.0,0.0,161.0,207.0,76.0,0.0,0.0,113.0,0.0,0.0,0.0,0.0,405.0,0.0,0.0,0.0,297.0,0.0,0.0,1426.0,281.0,0.0,0.0,0.0,0.0,0.0,438.0,560.0,2.0,0.0,474.0,508.0,197.0
2021-09-25 23:00:00+00:00,0.0,0.0,113.0,378.0,427.0,12.0,121.0,0.0,0.0,88.0,0.0,243.0,184.0,96.0,0.0,0.0,122.0,0.0,0.0,0.0,0.0,394.0,0.0,0.0,0.0,366.0,0.0,0.0,1420.0,299.0,0.0,0.0,0.0,0.0,0.0,468.0,523.0,1.0,0.0,518.0,503.0,198.0
2021-09-26 00:00:00+00:00,0.0,0.0,110.0,366.0,419.0,46.0,145.0,0.0,0.0,92.0,0.0,86.0,117.0,55.0,0.0,0.0,111.0,0.0,0.0,0.0,0.0,412.0,0.0,0.0,0.0,405.0,0.0,0.0,1426.0,305.0,0.0,0.0,0.0,0.0,0.0,467.0,511.0,1.0,0.0,496.0,527.0,195.0
2021-09-26 01:00:00+00:00,0.0,0.0,104.0,360.0,388.0,24.0,136.0,0.0,0.0,62.0,0.0,81.0,103.0,9.0,0.0,0.0,103.0,0.0,0.0,0.0,0.0,457.0,0.0,0.0,0.0,387.0,0.0,0.0,1425.0,301.0,0.0,0.0,6.0,0.0,0.0,457.0,497.0,2.0,0.0,470.0,473.0,195.0
2021-09-26 02:00:00+00:00,1.0,0.0,126.0,350.0,369.0,13.0,87.0,0.0,0.0,56.0,0.0,124.0,115.0,10.0,0.0,0.0,100.0,0.0,0.0,0.0,0.0,456.0,0.0,0.0,0.0,378.0,0.0,0.0,1398.0,305.0,0.0,0.0,6.0,0.0,0.0,437.0,493.0,2.0,0.0,491.0,502.0,194.0
2021-09-26 03:00:00+00:00,0.0,0.0,67.0,340.0,372.0,0.0,91.0,0.0,0.0,109.0,0.0,130.0,100.0,12.0,0.0,0.0,101.0,40.0,0.0,0.0,0.0,384.0,0.0,0.0,0.0,416.0,0.0,0.0,1399.0,275.0,0.0,0.0,11.0,0.0,0.0,452.0,499.0,9.0,0.0,465.0,509.0,195.0
2021-09-26 04:00:00+00:00,0.0,0.0,61.0,324.0,385.0,0.0,104.0,0.0,0.0,154.0,0.0,127.0,114.0,7.0,0.0,0.0,106.0,82.0,0.0,0.0,0.0,311.0,0.0,0.0,0.0,383.0,0.0,0.0,1399.0,283.0,0.0,0.0,7.0,0.0,0.0,482.0,487.0,10.0,0.0,470.0,493.0,196.0
2021-09-26 05:00:00+00:00,0.0,95.0,50.0,319.0,423.0,0.0,64.0,0.0,0.0,251.0,0.0,0.0,58.0,1.0,0.0,0.0,99.0,52.0,0.0,0.0,0.0,199.0,0.0,0.0,0.0,341.0,0.0,0.0,1363.0,296.0,0.0,0.0,55.0,0.0,0.0,478.0,478.0,13.0,0.0,447.0,527.0,196.0
2021-09-26 06:00:00+00:00,0.0,60.0,67.0,328.0,448.0,27.0,42.0,0.0,0.0,284.0,0.0,0.0,55.0,21.0,0.0,0.0,87.0,0.0,0.0,0.0,0.0,127.0,0.0,0.0,0.0,320.0,0.0,0.0,1372.0,294.0,0.0,0.0,27.0,0.0,0.0,431.0,474.0,6.0,0.0,493.0,485.0,195.0
2021-09-26 07:00:00+00:00,0.0,46.0,56.0,354.0,493.0,95.0,92.0,0.0,0.0,322.0,0.0,0.0,75.0,120.0,0.0,0.0,73.0,0.0,0.0,0.0,0.0,68.0,0.0,0.0,0.0,316.0,0.0,0.0,1391.0,249.0,0.0,0.0,0.0,0.0,0.0,389.0,453.0,10.0,0.0,543.0,445.0,193.0
2021-09-26 08:00:00+00:00,0.0,0.0,46.0,382.0,525.0,66.0,61.0,0.0,0.0,397.0,0.0,113.0,81.0,213.0,0.0,0.0,72.0,0.0,0.0,0.0,0.0,79.0,0.0,0.0,0.0,425.0,0.0,0.0,1401.0,261.0,0.0,0.0,0.0,0.0,0.0,399.0,446.0,11.0,0.0,577.0,463.0,195.0
2021-09-26 09:00:00+00:00,0.0,0.0,64.0,398.0,531.0,59.0,78.0,0.0,0.0,386.0,0.0,143.0,88.0,251.0,0.0,0.0,73.0,0.0,0.0,0.0,0.0,118.0,0.0,0.0,0.0,439.0,0.0,0.0,1402.0,260.0,0.0,0.0,0.0,0.0,0.0,387.0,457.0,6.0,0.0,585.0,449.0,193.0
2021-09-26 10:00:00+00:00,0.0,0.0,64.0,403.0,540.0,0.0,135.0,0.0,0.0,394.0,0.0,173.0,85.0,253.0,0.0,0.0,69.0,10.0,0.0,0.0,0.0,124.0,0.0,0.0,0.0,447.0,0.0,0.0,1414.0,238.0,0.0,0.0,0.0,0.0,0.0,387.0,475.0,6.0,0.0,581.0,448.0,194.0
2021-09-26 11:00:00+00:00,0.0,0.0,42.0,391.0,550.0,78.0,126.0,0.0,0.0,431.0,0.0,158.0,64.0,203.0,0.0,0.0,68.0,0.0,0.0,0.0,0.0,74.0,0.0,0.0,0.0,341.0,0.0,0.0,1407.0,245.0,0.0,0.0,0.0,0.0,0.0,307.0,464.0,14.0,0.0,493.0,459.0,195.0
2021-09-26 12:00:00+00:00,0.0,0.0,31.0,362.0,509.0,51.0,135.0,0.0,0.0,404.0,0.0,162.0,69.0,113.0,0.0,0.0,67.0,0.0,0.0,0.0,0.0,76.0,0.0,0.0,0.0,363.0,0.0,0.0,1404.0,260.0,0.0,0.0,0.0,0.0,0.0,298.0,438.0,22.0,0.0,457.0,482.0,194.0
2021-09-26 13:00:00+00:00,0.0,0.0,52.0,365.0,498.0,0.0,86.0,0.0,0.0,388.0,0.0,177.0,76.0,76.0,0.0,0.0,77.0,49.0,0.0,0.0,0.0,102.0,0.0,0.0,0.0,296.0,0.0,0.0,1421.0,265.0,0.0,0.0,0.0,0.0,0.0,342.0,474.0,12.0,0.0,471.0,486.0,194.0
2021-09-26 14:00:00+00:00,0.0,0.0,70.0,338.0,402.0,0.0,46.0,0.0,0.0,253.0,0.0,239.0,131.0,23.0,0.0,0.0,58.0,98.0,0.0,0.0,0.0,192.0,0.0,0.0,0.0,265.0,0.0,0.0,1438.0,261.0,0.0,0.0,5.0,0.0,0.0,461.0,479.0,6.0,0.0,559.0,458.0,195.0
2021-09-26 15:00:00+00:00,0.0,0.0,110.0,342.0,363.0,0.0,75.0,0.0,0.0,176.0,0.0,100.0,138.0,0.0,0.0,0.0,25.0,75.0,0.0,0.0,0.0,274.0,0.0,0.0,0.0,274.0,0.0,0.0,1424.0,219.0,0.0,0.0,65.0,0.0,0.0,551.0,517.0,3.0,0.0,628.0,400.0,196.0
2021-09-26 16:00:00+00:00,0.0,77.0,83.0,338.0,340.0,54.0,34.0,0.0,0.0,100.0,0.0,0.0,104.0,0.0,0.0,0.0,47.0,0.0,0.0,0.0,0.0,313.0,0.0,0.0,0.0,68.0,0.0,0.0,1366.0,207.0,0.0,0.0,135.0,0.0,0.0,609.0,495.0,7.0,0.0,603.0,391.0,192.0
2021-09-26 17:00:00+00:00,0.0,309.0,76.0,338.0,409.0,146.0,41.0,0.0,0.0,184.0,0.0,0.0,50.0,0.0,0.0,0.0,63.0,0.0,0.0,0.0,0.0,192.0,0.0,0.0,0.0,0.0,0.0,0.0,1376.0,201.0,0.0,128.0,129.0,0.0,0.0,591.0,526.0,13.0,0.0,507.0,445.0,192.0
2021-09-26 18:00:00+00:00,0.0,289.0,116.0,337.0,411.0,93.0,46.0,0.0,0.0,171.0,0.0,0.0,92.0,0.0,0.0,0.0,52.0,0.0,0.0,0.0,0.0,202.0,0.0,0.0,0.0,0.0,0.0,0.0,1370.0,194.0,0.0,94.0,92.0,0.0,0.0,626.0,495.0,3.0,0.0,538.0,455.0,192.0
2021-09-26 19:00:00+00:00,0.0,72.0,101.0,353.0,412.0,67.0,147.0,0.0,0.0,190.0,0.0,0.0,124.0,0.0,0.0,0.0,47.0,0.0,0.0,0.0,0.0,221.0,0.0,0.0,0.0,34.0,0.0,0.0,1383.0,187.0,0.0,0.0,78.0,0.0,0.0,587.0,527.0,6.0,0.0,525.0,477.0,193.0
2021-09-26 20:00:00+00:00,0.0,0.0,141.0,393.0,468.0,114.0,191.0,0.0,0.0,198.0,0.0,36.0,98.0,1.0,0.0,0.0,86.0,0.0,0.0,0.0,0.0,254.0,0.0,0.0,0.0,65.0,0.0,0.0,1411.0,169.0,0.0,0.0,43.0,0.0,0.0,531.0,570.0,2.0,0.0,490.0,510.0,192.0
2021-09-26 21:00:00+00:00,0.0,17.0,142.0,396.0,473.0,116.0,160.0,0.0,0.0,165.0,0.0,0.0,78.0,1.0,0.0,0.0,135.0,0.0,0.0,0.0,0.0,271.0,0.0,0.0,0.0,103.0,0.0,0.0,1374.0,174.0,0.0,0.0,32.0,0.0,0.0,476.0,559.0,1.0,0.0,450.0,533.0,192.0
2021-09-26 22:00:00+00:00,0.0,96.0,85.0,355.0,390.0,209.0,96.0,0.0,0.0,60.0,0.0,0.0,47.0,0.0,0.0,0.0,113.0,0.0,0.0,0.0,0.0,389.0,0.0,0.0,0.0,222.0,0.0,0.0,1398.0,218.0,0.0,0.0,75.0,0.0,0.0,432.0,508.0,4.0,0.0,319.0,469.0,192.0
2021-09-26 23:00:00+00:00,0.0,251.0,56.0,326.0,360.0,267.0,174.0,0.0,0.0,93.0,0.0,0.0,0.0,0.0,0.0,0.0,98.0,0.0,0.0,0.0,0.0,394.0,0.0,0.0,0.0,251.0,0.0,0.0,1398.0,201.0,0.0,0.0,140.0,0.0,29.0,417.0,466.0,7.0,0.0,296.0,490.0,194.0
2021-09-27 00:00:00+00:00,0.0,266.0,68.0,310.0,313.0,259.0,180.0,0.0,0.0,72.0,0.0,0.0,0.0,0.0,0.0,0.0,86.0,0.0,0.0,0.0,0.0,429.0,0.0,0.0,0.0,241.0,0.0,0.0,1420.0,214.0,0.0,0.0,136.0,0.0,32.0,402.0,453.0,10.0,0.0,305.0,466.0,196.0
2021-09-27 01:00:00+00:00,0.0,307.0,65.0,306.0,304.0,243.0,173.0,0.0,0.0,72.0,0.0,0.0,0.0,0.0,0.0,0.0,80.0,0.0,0.0,0.0,0.0,431.0,0.0,0.0,0.0,264.0,0.0,0.0,1420.0,221.0,0.0,0.0,149.0,0.0,52.0,396.0,449.0,6.0,0.0,300.0,464.0,197.0
2021-09-27 02:00:00+00:00,0.0,269.0,74.0,306.0,311.0,241.0,184.0,0.0,0.0,78.0,0.0,0.0,0.0,0.0,0.0,0.0,84.0,0.0,0.0,0.0,0.0,415.0,0.0,0.0,0.0,258.0,0.0,0.0,1421.0,206.0,0.0,0.0,165.0,0.0,45.0,419.0,473.0,10.0,0.0,316.0,438.0,194.0
2021-09-27 03:00:00+00:00,0.0,126.0,76.0,309.0,305.0,230.0,66.0,0.0,0.0,62.0,0.0,0.0,3.0,0.0,0.0,0.0,98.0,0.0,0.0,0.0,0.0,411.0,0.0,0.0,0.0,232.0,0.0,0.0,1437.0,221.0,0.0,0.0,155.0,0.0,0.0,615.0,464.0,7.0,0.0,503.0,387.0,195.0
2021-09-27 04:00:00+00:00,0.0,297.0,43.0,274.0,315.0,239.0,249.0,0.0,0.0,89.0,0.0,0.0,0.0,0.0,0.0,0.0,129.0,0.0,0.0,0.0,0.0,297.0,0.0,0.0,0.0,176.0,0.0,0.0,1408.0,171.0,0.0,0.0,289.0,0.0,70.0,429.0,471.0,26.0,0.0,124.0,527.0,195.0
2021-09-27 05:00:00+00:00,0.0,415.0,13.0,211.0,169.0,340.0,265.0,0.0,0.0,103.0,0.0,0.0,0.0,0.0,0.0,0.0,94.0,0.0,0.0,0.0,0.0,173.0,0.0,0.0,0.0,141.0,0.0,0.0,1408.0,187.0,0.0,0.0,303.0,0.0,64.0,327.0,421.0,54.0,0.0,0.0,570.0,195.0
2021-09-27 06:00:00+00:00,0.0,425.0,42.0,296.0,0.0,326.0,325.0,0.0,0.0,107.0,0.0,0.0,0.0,0.0,0.0,0.0,65.0,0.0,0.0,0.0,0.0,149.0,0.0,0.0,0.0,105.0,0.0,0.0,1409.0,186.0,0.0,0.0,253.0,2.0,15.0,284.0,454.0,12.0,0.0,0.0,584.0,195.0
2021-09-27 07:00:00+00:00,0.0,442.0,26.0,360.0,0.0,408.0,387.0,0.0,0.0,229.0,0.0,0.0,0.0,0.0,0.0,0.0,49.0,0.0,0.0,0.0,0.0,65.0,0.0,0.0,0.0,127.0,0.0,0.0,1358.0,171.0,0.0,0.0,176.0,2.0,45.0,255.0,415.0,32.0,0.0,0.0,620.0,194.0
2021-09-27 08:00:00+00:00,0.0,217.0,56.0,406.0,0.0,381.0,375.0,0.0,0.0,271.0,0.0,0.0,77.0,0.0,0.0,0.0,59.0,0.0,0.0,0.0,0.0,62.0,0.0,0.0,0.0,339.0,0.0,0.0,1350.0,179.0,0.0,0.0,79.0,0.0,0.0,242.0,451.0,16.0,0.0,0.0,666.0,194.0
2021-09-27 09:00:00+00:00,0.0,164.0,45.0,406.0,0.0,289.0,335.0,0.0,0.0,268.0,0.0,0.0,105.0,3.0,0.0,0.0,110.0,0.0,0.0,0.0,0.0,81.0,0.0,0.0,0.0,414.0,0.0,0.0,1354.0,210.0,0.0,0.0,33.0,1.0,0.0,232.0,443.0,14.0,0.0,0.0,672.0,188.0
2021-09-27 10:00:00+00:00,0.0,301.0,57.0,413.0,0.0,266.0,270.0,0.0,0.0,269.0,0.0,0.0,0.0,165.0,0.0,0.0,107.0,0.0,0.0,0.0,0.0,77.0,0.0,0.0,0.0,419.0,0.0,0.0,1354.0,225.0,0.0,0.0,0.0,0.0,19.0,200.0,431.0,17.0,0.0,0.0,638.0,195.0
2021-09-27 11:00:00+00:00,0.0,313.0,51.0,391.0,0.0,239.0,249.0,0.0,0.0,278.0,0.0,0.0,0.0,145.0,0.0,0.0,111.0,0.0,0.0,0.0,0.0,64.0,0.0,0.0,0.0,452.0,0.0,0.0,1353.0,215.0,0.0,0.0,0.0,0.0,12.0,200.0,472.0,12.0,0.0,0.0,620.0,194.0
2021-09-27 12:00:00+00:00,0.0,324.0,39.0,384.0,0.0,77.0,153.0,0.0,0.0,277.0,0.0,0.0,0.0,118.0,0.0,0.0,119.0,0.0,0.0,0.0,0.0,64.0,0.0,0.0,0.0,446.0,0.0,0.0,1334.0,255.0,0.0,0.0,0.0,0.0,35.0,201.0,478.0,23.0,0.0,0.0,599.0,195.0
2021-09-27 13:00:00+00:00,0.0,384.0,109.0,381.0,0.0,128.0,115.0,0.0,0.0,238.0,0.0,0.0,0.0,69.0,0.0,0.0,145.0,0.0,0.0,0.0,0.0,114.0,0.0,0.0,0.0,473.0,0.0,0.0,1345.0,265.0,0.0,0.0,0.0,1.0,71.0,235.0,525.0,2.0,0.0,0.0,582.0,195.0
2021-09-27 14:00:00+00:00,0.0,437.0,134.0,310.0,242.0,153.0,231.0,0.0,0.0,176.0,0.0,0.0,0.0,30.0,0.0,0.0,136.0,0.0,0.0,0.0,0.0,159.0,0.0,0.0,0.0,280.0,0.0,0.0,1353.0,218.0,0.0,0.0,1.0,0.0,77.0,283.0,541.0,2.0,0.0,0.0,601.0,195.0
2021-09-27 15:00:00+00:00,0.0,471.0,114.0,292.0,346.0,157.0,226.0,0.0,0.0,78.0,0.0,0.0,0.0,0.0,0.0,0.0,100.0,0.0,0.0,0.0,0.0,194.0,0.0,0.0,0.0,30.0,0.0,0.0,1355.0,220.0,0.0,0.0,30.0,0.0,115.0,329.0,538.0,4.0,0.0,0.0,568.0,193.0
2021-09-27 16:00:00+00:00,0.0,593.0,70.0,254.0,318.0,219.0,246.0,0.0,0.0,64.0,0.0,0.0,0.0,0.0,0.0,0.0,81.0,0.0,0.0,0.0,0.0,134.0,0.0,0.0,0.0,0.0,0.0,0.0,1357.0,193.0,0.0,60.0,67.0,0.0,122.0,389.0,516.0,13.0,0.0,0.0,555.0,194.0
2021-09-27 17:00:00+00:00,0.0,647.0,146.0,269.0,321.0,268.0,296.0,0.0,0.0,53.0,0.0,0.0,0.0,1.0,0.0,0.0,91.0,0.0,0.0,0.0,0.0,170.0,0.0,0.0,0.0,0.0,0.0,0.0,1358.0,184.0,0.0,102.0,29.0,0.0,119.0,443.0,571.0,0.0,0.0,0.0,585.0,193.0
2021-09-27 18:00:00+00:00,0.0,687.0,138.0,265.0,342.0,206.0,187.0,0.0,0.0,72.0,0.0,0.0,0.0,0.0,0.0,0.0,85.0,0.0,0.0,0.0,0.0,138.0,0.0,0.0,0.0,0.0,0.0,0.0,1301.0,242.0,0.0,65.0,34.0,0.0,157.0,410.0,523.0,2.0,0.0,0.0,574.0,194.0
2021-09-27 19:00:00+00:00,0.0,624.0,179.0,314.0,403.0,248.0,231.0,0.0,0.0,117.0,0.0,0.0,0.0,7.0,0.0,0.0,107.0,0.0,0.0,0.0,0.0,173.0,0.0,0.0,0.0,81.0,0.0,0.0,1329.0,235.0,0.0,0.0,15.0,0.0,178.0,355.0,553.0,0.0,0.0,0.0,562.0,191.0
2021-09-27 20:00:00+00:00,0.0,401.0,142.0,330.0,400.0,214.0,304.0,0.0,0.0,75.0,0.0,0.0,0.0,49.0,0.0,0.0,118.0,0.0,0.0,0.0,0.0,207.0,0.0,0.0,0.0,205.0,0.0,0.0,1360.0,222.0,0.0,0.0,1.0,0.0,84.0,377.0,573.0,2.0,0.0,0.0,643.0,186.0
2021-09-27 21:00:00+00:00,0.0,385.0,156.0,352.0,449.0,141.0,259.0,0.0,0.0,136.0,0.0,0.0,0.0,8.0,0.0,0.0,155.0,0.0,0.0,0.0,0.0,200.0,0.0,0.0,0.0,269.0,0.0,0.0,1364.0,211.0,0.0,0.0,18.0,0.0,141.0,323.0,552.0,6.0,0.0,0.0,642.0,190.0
2021-09-27 22:00:00+00:00,0.0,172.0,163.0,350.0,445.0,214.0,255.0,0.0,0.0,108.0,0.0,0.0,0.0,46.0,0.0,0.0,130.0,0.0,0.0,0.0,0.0,266.0,0.0,0.0,0.0,358.0,0.0,0.0,1317.0,231.0,0.0,0.0,0.0,0.0,106.0,221.0,573.0,2.0,0.0,0.0,732.0,188.0
2021-09-27 23:00:00+00:00,0.0,284.0,162.0,347.0,442.0,165.0,261.0,0.0,0.0,136.0,0.0,0.0,0.0,4.0,0.0,0.0,113.0,0.0,0.0,0.0,0.0,274.0,0.0,0.0,0.0,381.0,0.0,0.0,1363.0,222.0,0.0,0.0,12.0,0.0,149.0,135.0,551.0,0.0,0.0,0.0,712.0,195.0
2021-09-28 00:00:00+00:00,0.0,334.0,138.0,338.0,418.0,201.0,235.0,0.0,0.0,105.0,0.0,0.0,0.0,4.0,0.0,0.0,105.0,0.0,0.0,0.0,0.0,308.0,0.0,0.0,0.0,330.0,0.0,0.0,1358.0,222.0,0.0,0.0,20.0,0.0,162.0,141.0,535.0,0.0,0.0,0.0,723.0,192.0
2021-09-28 01:00:00+00:00,0.0,356.0,155.0,328.0,397.0,199.0,254.0,0.0,0.0,99.0,0.0,0.0,0.0,1.0,0.0,0.0,100.0,0.0,0.0,0.0,0.0,302.0,0.0,0.0,0.0,279.0,0.0,0.0,1361.0,227.0,0.0,0.0,20.0,0.0,165.0,135.0,557.0,2.0,0.0,0.0,716.0,192.0
2021-09-28 02:00:00+00:00,0.0,298.0,132.0,316.0,381.0,135.0,205.0,0.0,0.0,102.0,0.0,0.0,0.0,1.0,0.0,0.0,101.0,0.0,0.0,0.0,0.0,283.0,0.0,0.0,0.0,265.0,0.0,0.0,1355.0,233.0,0.0,0.0,29.0,0.0,147.0,157.0,545.0,2.0,0.0,0.0,698.0,193.0
2021-09-28 03:00:00+00:00,1.0,356.0,137.0,286.0,322.0,192.0,177.0,0.0,0.0,35.0,0.0,0.0,0.0,0.0,0.0,0.0,111.0,0.0,0.0,0.0,0.0,286.0,0.0,0.0,0.0,244.0,0.0,0.0,1388.0,227.0,0.0,0.0,82.0,0.0,149.0,207.0,539.0,2.0,0.0,0.0,680.0,195.0
2021-09-28 04:00:00+00:00,0.0,549.0,50.0,271.0,348.0,148.0,355.0,0.0,0.0,90.0,0.0,0.0,0.0,0.0,0.0,0.0,115.0,0.0,0.0,0.0,0.0,202.0,0.0,0.0,0.0,253.0,0.0,0.0,1353.0,169.0,0.0,0.0,195.0,0.0,243.0,197.0,481.0,19.0,0.0,0.0,600.0,195.0
2021-09-28 05:00:00+00:00,0.0,569.0,22.0,204.0,236.0,267.0,309.0,0.0,0.0,58.0,0.0,0.0,0.0,0.0,0.0,0.0,68.0,0.0,0.0,0.0,0.0,131.0,0.0,0.0,0.0,118.0,0.0,0.0,1355.0,172.0,0.0,0.0,200.0,0.0,206.0,202.0,421.0,42.0,0.0,0.0,627.0,194.0
2021-09-28 06:00:00+00:00,0.0,499.0,21.0,294.0,0.0,310.0,335.0,0.0,4.0,135.0,0.0,0.0,0.0,0.0,0.0,0.0,37.0,0.0,0.0,0.0,0.0,26.0,0.0,0.0,0.0,92.0,0.0,0.0,1355.0,172.0,0.0,0.0,146.0,0.0,156.0,116.0,438.0,43.0,0.0,0.0,582.0,194.0
2021-09-28 07:00:00+00:00,0.0,414.0,88.0,316.0,0.0,268.0,318.0,0.0,5.0,159.0,0.0,0.0,0.0,0.0,0.0,0.0,87.0,0.0,0.0,0.0,0.0,26.0,0.0,0.0,0.0,102.0,0.0,0.0,1355.0,152.0,0.0,0.0,91.0,0.0,134.0,107.0,425.0,11.0,0.0,0.0,627.0,194.0
2021-09-28 08:00:00+00:00,0.0,334.0,41.0,345.0,0.0,256.0,315.0,0.0,2.0,225.0,0.0,0.0,0.0,1.0,0.0,0.0,130.0,0.0,0.0,0.0,0.0,26.0,0.0,0.0,0.0,159.0,0.0,0.0,1350.0,154.0,0.0,0.0,35.0,0.0,123.0,84.0,468.0,16.0,0.0,0.0,650.0,191.0
2021-09-28 09:00:00+00:00,0.0,320.0,74.0,357.0,0.0,281.0,328.0,0.0,0.0,200.0,0.0,0.0,0.0,30.0,0.0,0.0,122.0,0.0,0.0,0.0,0.0,78.0,0.0,0.0,0.0,170.0,0.0,0.0,1355.0,156.0,0.0,0.0,0.0,0.0,104.0,95.0,487.0,6.0,0.0,0.0,673.0,193.0
2021-09-28 10:00:00+00:00,0.0,254.0,50.0,313.0,0.0,329.0,342.0,0.0,1.0,280.0,0.0,0.0,0.0,69.0,0.0,0.0,111.0,0.0,0.0,0.0,0.0,28.0,0.0,0.0,0.0,162.0,0.0,0.0,1355.0,163.0,0.0,0.0,0.0,0.0,81.0,81.0,422.0,14.0,0.0,0.0,653.0,196.0
2021-09-28 11:00:00+00:00,0.0,269.0,41.0,305.0,0.0,348.0,336.0,0.0,3.0,286.0,0.0,0.0,0.0,79.0,0.0,0.0,109.0,0.0,0.0,0.0,0.0,20.0,0.0,0.0,0.0,190.0,0.0,0.0,1354.0,168.0,0.0,0.0,0.0,0.0,85.0,96.0,423.0,21.0,0.0,0.0,663.0,195.0
2021-09-28 12:00:00+00:00,0.0,229.0,13.0,298.0,0.0,194.0,285.0,0.0,19.0,309.0,0.0,0.0,0.0,63.0,0.0,0.0,116.0,0.0,0.0,0.0,0.0,1.0,0.0,0.0,0.0,196.0,0.0,0.0,1385.0,219.0,0.0,0.0,0.0,0.0,96.0,115.0,412.0,37.0,0.0,0.0,655.0,195.0
2021-09-28 13:00:00+00:00,0.0,202.0,37.0,330.0,0.0,210.0,252.0,0.0,1.0,284.0,0.0,0.0,0.0,30.0,0.0,0.0,130.0,0.0,0.0,0.0,0.0,48.0,0.0,0.0,0.0,215.0,0.0,0.0,1321.0,231.0,0.0,0.0,0.0,0.0,94.0,149.0,439.0,18.0,0.0,0.0,652.0,195.0
2021-09-28 14:00:00+00:00,0.0,275.0,53.0,305.0,143.0,281.0,302.0,0.0,0.0,235.0,0.0,0.0,0.0,2.0,0.0,0.0,121.0,0.0,0.0,0.0,0.0,105.0,0.0,0.0,0.0,204.0,0.0,0.0,1353.0,189.0,0.0,0.0,25.0,0.0,112.0,190.0,444.0,14.0,0.0,0.0,656.0,194.0
2021-09-28 15:00:00+00:00,0.0,371.0,46.0,266.0,318.0,215.0,312.0,0.0,0.0,164.0,0.0,0.0,0.0,0.0,0.0,0.0,78.0,0.0,0.0,0.0,0.0,124.0,0.0,0.0,0.0,212.0,0.0,0.0,1355.0,181.0,0.0,0.0,145.0,0.0,178.0,183.0,481.0,17.0,0.0,0.0,577.0,193.0
2021-09-28 16:00:00+00:00,0.0,555.0,39.0,242.0,299.0,338.0,312.0,0.0,0.0,85.0,0.0,0.0,0.0,0.0,0.0,0.0,77.0,0.0,0.0,0.0,0.0,111.0,0.0,0.0,0.0,35.0,0.0,0.0,1356.0,160.0,0.0,0.0,229.0,0.0,188.0,202.0,478.0,32.0,0.0,0.0,530.0,194.0
2021-09-28 17:00:00+00:00,0.0,604.0,47.0,262.0,348.0,360.0,364.0,0.0,0.0,137.0,0.0,0.0,0.0,0.0,0.0,0.0,88.0,0.0,0.0,0.0,0.0,101.0,0.0,0.0,0.0,0.0,0.0,0.0,1357.0,137.0,0.0,46.0,189.0,0.0,186.0,231.0,487.0,14.0,0.0,0.0,558.0,195.0
2021-09-28 18:00:00+00:00,0.0,662.0,74.0,264.0,354.0,268.0,274.0,0.0,0.0,117.0,0.0,0.0,0.0,0.0,0.0,0.0,81.0,0.0,0.0,0.0,0.0,107.0,0.0,0.0,0.0,33.0,0.0,0.0,1316.0,192.0,0.0,0.0,165.0,0.0,199.0,198.0,438.0,9.0,0.0,0.0,544.0,195.0
2021-09-28 19:00:00+00:00,0.0,543.0,94.0,293.0,406.0,255.0,296.0,0.0,0.0,157.0,0.0,0.0,0.0,0.0,0.0,0.0,106.0,0.0,0.0,0.0,0.0,102.0,0.0,0.0,0.0,140.0,0.0,0.0,1337.0,208.0,0.0,0.0,138.0,0.0,223.0,147.0,449.0,13.0,0.0,0.0,551.0,194.0
2021-09-28 20:00:00+00:00,0.0,517.0,56.0,302.0,434.0,351.0,319.0,0.0,0.0,218.0,0.0,0.0,0.0,0.0,0.0,0.0,151.0,0.0,0.0,0.0,0.0,70.0,0.0,0.0,0.0,208.0,0.0,0.0,1329.0,206.0,0.0,0.0,160.0,0.0,226.0,167.0,452.0,11.0,0.0,0.0,632.0,195.0
2021-09-28 21:00:00+00:00,0.0,570.0,48.0,292.0,430.0,328.0,348.0,0.0,0.0,225.0,0.0,0.0,0.0,0.0,0.0,0.0,141.0,0.0,0.0,0.0,0.0,57.0,0.0,0.0,0.0,275.0,0.0,0.0,1319.0,216.0,0.0,0.0,152.0,0.0,265.0,144.0,437.0,19.0,0.0,0.0,672.0,190.0
2021-09-28 22:00:00+00:00,0.0,304.0,73.0,299.0,423.0,428.0,234.0,0.0,0.0,244.0,0.0,0.0,0.0,3.0,0.0,0.0,130.0,0.0,0.0,0.0,0.0,85.0,0.0,0.0,0.0,358.0,0.0,0.0,1321.0,240.0,0.0,0.0,37.0,0.0,165.0,85.0,485.0,17.0,0.0,0.0,728.0,187.0
2021-09-28 23:00:00+00:00,0.0,236.0,44.0,256.0,365.0,416.0,241.0,0.0,0.0,249.0,0.0,0.0,0.0,0.0,0.0,0.0,116.0,0.0,0.0,0.0,0.0,97.0,0.0,0.0,0.0,301.0,0.0,0.0,1358.0,238.0,0.0,0.0,74.0,0.0,192.0,49.0,447.0,17.0,0.0,0.0,698.0,196.0
2021-09-29 00:00:00+00:00,0.0,382.0,26.0,232.0,345.0,436.0,251.0,0.0,1.0,285.0,0.0,0.0,0.0,0.0,0.0,0.0,106.0,0.0,0.0,0.0,0.0,57.0,0.0,0.0,0.0,253.0,0.0,0.0,1360.0,243.0,0.0,0.0,130.0,0.0,247.0,14.0,409.0,38.0,0.0,0.0,662.0,196.0
2021-09-29 01:00:00+00:00,0.0,471.0,18.0,224.0,343.0,405.0,258.0,0.0,2.0,306.0,0.0,0.0,0.0,0.0,0.0,0.0,102.0,0.0,0.0,0.0,0.0,26.0,0.0,0.0,0.0,233.0,0.0,0.0,1357.0,241.0,0.0,0.0,167.0,0.0,275.0,1.0,395.0,40.0,8.0,0.0,642.0,196.0
2021-09-29 02:00:00+00:00,0.0,472.0,20.0,230.0,355.0,369.0,247.0,0.0,5.0,316.0,0.0,0.0,0.0,0.0,0.0,0.0,103.0,0.0,0.0,0.0,0.0,23.0,0.0,0.0,0.0,236.0,0.0,0.0,1366.0,243.0,0.0,0.0,185.0,0.0,275.0,20.0,426.0,38.0,0.0,0.0,666.0,197.0
2021-09-29 03:00:00+00:00,0.0,298.0,23.0,204.0,305.0,309.0,158.0,0.0,9.0,316.0,0.0,0.0,0.0,0.0,0.0,0.0,113.0,0.0,0.0,0.0,0.0,11.0,0.0,0.0,0.0,178.0,0.0,0.0,1376.0,212.0,0.0,0.0,134.0,0.0,203.0,135.0,415.0,28.0,0.0,0.0,717.0,196.0
2021-09-29 04:00:00+00:00,0.0,774.0,25.0,199.0,363.0,380.0,254.0,0.0,120.0,377.0,0.0,0.0,0.0,0.0,0.0,0.0,96.0,0.0,0.0,0.0,0.0,0.0,0.0,0.0,0.0,177.0,0.0,0.0,1360.0,206.0,0.0,0.0,228.0,0.0,319.0,190.0,424.0,49.0,0.0,0.0,698.0,196.0
2021-09-29 05:00:00+00:00,0.0,746.0,5.0,160.0,307.0,368.0,241.0,0.0,178.0,369.0,0.0,0.0,0.0,0.0,0.0,0.0,53.0,0.0,0.0,0.0,0.0,0.0,0.0,0.0,0.0,98.0,0.0,0.0,1356.0,195.0,0.0,0.0,181.0,0.0,264.0,205.0,310.0,161.0,0.0,0.0,713.0,197.0
2021-09-29 06:00:00+00:00,0.0,671.0,0.0,224.0,92.0,363.0,136.0,0.0,218.0,421.0,0.0,0.0,0.0,0.0,0.0,0.0,41.0,0.0,0.0,0.0,0.0,0.0,0.0,0.0,0.0,80.0,0.0,0.0,1357.0,169.0,0.0,0.0,119.0,0.0,211.0,194.0,300.0,175.0,0.0,0.0,727.0,193.0
2021-09-29 07:00:00+00:00,0.0,678.0,2.0,290.0,0.0,446.0,238.0,0.0,247.0,478.0,0.0,0.0,0.0,0.0,0.0,0.0,92.0,0.0,0.0,0.0,0.0,0.0,0.0,0.0,0.0,103.0,0.0,0.0,1359.0,166.0,0.0,0.0,95.0,0.0,203.0,177.0,274.0,136.0,0.0,0.0,714.0,192.0
2021-09-29 08:00:00+00:00,0.0,728.0,0.0,336.0,0.0,426.0,255.0,0.0,252.0,497.0,0.0,0.0,0.0,0.0,0.0,0.0,139.0,0.0,0.0,0.0,0.0,0.0,0.0,0.0,0.0,160.0,0.0,0.0,1359.0,163.0,0.0,0.0,98.0,0.0,247.0,173.0,287.0,133.0,0.0,0.0,720.0,192.0
2021-09-29 09:00:00+00:00,0.0,535.0,1.0,366.0,0.0,414.0,269.0,0.0,231.0,531.0,0.0,0.0,0.0,0.0,0.0,0.0,165.0,0.0,0.0,0.0,0.0,0.0,0.0,0.0,0.0,196.0,0.0,0.0,1359.0,180.0,0.0,0.0,37.0,0.0,202.0,189.0,300.0,118.0,0.0,0.0,754.0,192.0
2021-09-29 10:00:00+00:00,0.0,441.0,1.0,310.0,0.0,385.0,224.0,0.0,222.0,530.0,0.0,0.0,0.0,0.0,0.0,0.0,152.0,0.0,0.0,0.0,0.0,0.0,0.0,0.0,0.0,213.0,0.0,0.0,1353.0,163.0,0.0,0.0,27.0,0.0,163.0,218.0,267.0,149.0,0.0,0.0,790.0,194.0
2021-09-29 11:00:00+00:00,0.0,384.0,0.0,314.0,0.0,327.0,137.0,0.0,226.0,551.0,0.0,0.0,0.0,0.0,0.0,0.0,160.0,0.0,0.0,0.0,0.0,0.0,0.0,0.0,0.0,264.0,0.0,0.0,1358.0,154.0,0.0,0.0,49.0,0.0,174.0,204.0,292.0,168.0,0.0,0.0,766.0,196.0
2021-09-29 12:00:00+00:00,0.0,362.0,0.0,270.0,172.0,132.0,81.0,0.0,245.0,571.0,0.0,0.0,0.0,0.0,0.0,0.0,162.0,0.0,0.0,0.0,0.0,0.0,0.0,0.0,0.0,186.0,0.0,0.0,1386.0,180.0,0.0,0.0,61.0,0.0,191.0,198.0,257.0,163.0,0.0,0.0,759.0,195.0
2021-09-29 13:00:00+00:00,0.0,473.0,0.0,229.0,375.0,140.0,0.0,0.0,185.0,545.0,0.0,0.0,0.0,0.0,0.0,0.0,172.0,0.0,0.0,0.0,0.0,0.0,0.0,0.0,0.0,178.0,0.0,0.0,1382.0,146.0,10.0,0.0,90.0,0.0,219.0,196.0,280.0,150.0,0.0,0.0,747.0,195.0
2021-09-29 14:00:00+00:00,0.0,504.0,1.0,225.0,346.0,295.0,55.0,0.0,147.0,492.0,0.0,0.0,0.0,0.0,0.0,0.0,178.0,0.0,0.0,0.0,0.0,0.0,0.0,0.0,0.0,142.0,0.0,0.0,1361.0,124.0,0.0,0.0,80.0,0.0,189.0,219.0,287.0,135.0,0.0,0.0,767.0,192.0
2021-09-29 15:00:00+00:00,0.0,569.0,2.0,221.0,339.0,315.0,181.0,0.0,108.0,367.0,0.0,0.0,0.0,0.0,0.0,0.0,149.0,0.0,0.0,0.0,0.0,0.0,0.0,0.0,0.0,93.0,0.0,0.0,1360.0,152.0,0.0,0.0,103.0,0.0,200.0,248.0,304.0,118.0,0.0,0.0,758.0,190.0
2021-09-29 16:00:00+00:00,0.0,536.0,2.0,192.0,307.0,371.0,174.0,0.0,136.0,371.0,0.0,0.0,0.0,0.0,0.0,0.0,99.0,0.0,0.0,0.0,0.0,0.0,0.0,0.0,0.0,0.0,0.0,0.0,1361.0,167.0,0.0,26.0,120.0,0.0,152.0,261.0,292.0,184.0,0.0,0.0,690.0,191.0
2021-09-29 17:00:00+00:00,0.0,581.0,1.0,193.0,313.0,384.0,223.0,0.0,121.0,371.0,0.0,0.0,0.0,0.0,0.0,0.0,87.0,0.0,0.0,0.0,0.0,0.0,0.0,0.0,0.0,0.0,0.0,0.0,1362.0,179.0,0.0,82.0,91.0,0.0,143.0,284.0,274.0,170.0,0.0,0.0,714.0,191.0
2021-09-29 18:00:00+00:00,0.0,681.0,1.0,210.0,354.0,323.0,193.0,0.0,137.0,397.0,0.0,0.0,0.0,0.0,0.0,0.0,77.0,0.0,0.0,0.0,0.0,0.0,0.0,0.0,0.0,16.0,0.0,0.0,1327.0,228.0,0.0,0.0,105.0,0.0,208.0,234.0,279.0,138.0,0.0,0.0,690.0,192.0
2021-09-29 19:00:00+00:00,0.0,692.0,6.0,242.0,379.0,292.0,96.0,0.0,78.0,378.0,0.0,0.0,0.0,0.0,0.0,0.0,145.0,0.0,0.0,0.0,0.0,0.0,0.0,0.0,0.0,168.0,0.0,0.0,1346.0,189.0,0.0,0.0,113.0,0.0,250.0,190.0,302.0,94.0,0.0,0.0,696.0,192.0
2021-09-29 20:00:00+00:00,0.0,561.0,6.0,256.0,389.0,237.0,100.0,0.0,32.0,333.0,0.0,0.0,0.0,0.0,0.0,0.0,174.0,0.0,0.0,0.0,0.0,1.0,0.0,0.0,0.0,152.0,0.0,0.0,1351.0,144.0,0.0,0.0,131.0,0.0,219.0,117.0,334.0,78.0,0.0,0.0,679.0,192.0
2021-09-29 21:00:00+00:00,0.0,479.0,3.0,254.0,423.0,228.0,48.0,0.0,99.0,439.0,0.0,0.0,0.0,0.0,0.0,0.0,147.0,0.0,0.0,0.0,0.0,0.0,0.0,0.0,0.0,285.0,0.0,0.0,1332.0,151.0,0.0,0.0,150.0,0.0,238.0,16.0,311.0,107.0,1.0,0.0,634.0,195.0
2021-09-29 22:00:00+00:00,0.0,338.0,24.0,287.0,400.0,354.0,208.0,0.0,2.0,317.0,0.0,0.0,0.0,0.0,0.0,0.0,129.0,0.0,0.0,0.0,0.0,44.0,0.0,0.0,0.0,356.0,0.0,0.0,1391.0,216.0,0.0,0.0,83.0,0.0,178.0,70.0,389.0,27.0,0.0,0.0,592.0,198.0
2021-09-29 23:00:00+00:00,0.0,297.0,15.0,271.0,372.0,336.0,250.0,0.0,0.0,314.0,0.0,0.0,0.0,0.0,0.0,0.0,112.0,0.0,0.0,0.0,0.0,91.0,0.0,0.0,0.0,319.0,0.0,0.0,1362.0,214.0,0.0,0.0,95.0,0.0,204.0,62.0,397.0,42.0,0.0,0.0,613.0,194.0
2021-09-30 00:00:00+00:00,0.0,305.0,16.0,265.0,333.0,339.0,226.0,0.0,0.0,252.0,0.0,0.0,0.0,0.0,0.0,0.0,104.0,0.0,0.0,0.0,0.0,142.0,0.0,0.0,0.0,245.0,0.0,0.0,1366.0,212.0,0.0,0.0,94.0,0.0,206.0,67.0,391.0,44.0,0.0,0.0,619.0,196.0
2021-09-30 01:00:00+00:00,0.0,254.0,28.0,228.0,277.0,346.0,204.0,0.0,0.0,232.0,0.0,0.0,0.0,0.0,0.0,0.0,100.0,0.0,0.0,0.0,0.0,140.0,0.0,0.0,0.0,181.0,0.0,0.0,1368.0,218.0,0.0,0.0,99.0,0.0,187.0,77.0,382.0,35.0,0.0,0.0,628.0,196.0
2021-09-30 02:00:00+00:00,0.0,177.0,9.0,229.0,268.0,230.0,99.0,0.0,0.0,212.0,0.0,0.0,0.0,0.0,0.0,0.0,99.0,0.0,0.0,0.0,0.0,151.0,0.0,0.0,0.0,142.0,0.0,0.0,1351.0,198.0,0.0,0.0,83.0,0.0,155.0,81.0,378.0,63.0,0.0,0.0,584.0,193.0
2021-09-30 03:00:00+00:00,0.0,151.0,6.0,214.0,280.0,95.0,0.0,0.0,0.0,279.0,0.0,0.0,0.0,0.0,0.0,0.0,110.0,0.0,0.0,0.0,0.0,74.0,0.0,0.0,0.0,148.0,0.0,0.0,1375.0,139.0,77.0,0.0,63.0,0.0,143.0,186.0,372.0,80.0,0.0,0.0,627.0,196.0
2021-09-30 04:00:00+00:00,0.0,675.0,2.0,212.0,371.0,269.0,70.0,0.0,106.0,417.0,0.0,0.0,0.0,0.0,0.0,0.0,126.0,0.0,0.0,0.0,0.0,0.0,0.0,0.0,0.0,272.0,0.0,0.0,1359.0,149.0,0.0,0.0,246.0,0.0,335.0,264.0,377.0,134.0,0.0,0.0,634.0,195.0
2021-09-30 05:00:00+00:00,0.0,494.0,1.0,142.0,242.0,334.0,139.0,0.0,132.0,347.0,0.0,0.0,0.0,0.0,0.0,0.0,76.0,0.0,0.0,0.0,0.0,0.0,0.0,0.0,0.0,71.0,0.0,0.0,1363.0,164.0,0.0,0.0,172.0,0.0,201.0,290.0,328.0,147.0,0.0,0.0,656.0,196.0
2021-09-30 06:00:00+00:00,0.0,496.0,0.0,209.0,23.0,344.0,191.0,0.0,176.0,332.0,0.0,0.0,0.0,0.0,0.0,0.0,40.0,0.0,0.0,0.0,0.0,0.0,0.0,0.0,0.0,59.0,0.0,0.0,1361.0,152.0,0.0,0.0,145.0,0.0,154.0,265.0,339.0,120.0,0.0,0.0,649.0,197.0
2021-09-30 07:00:00+00:00,0.0,514.0,6.0,291.0,0.0,347.0,153.0,0.0,258.0,434.0,0.0,0.0,0.0,0.0,0.0,0.0,79.0,0.0,0.0,0.0,0.0,0.0,0.0,0.0,0.0,198.0,0.0,0.0,1362.0,148.0,0.0,0.0,165.0,0.0,207.0,225.0,322.0,66.0,0.0,0.0,611.0,198.0
2021-09-30 08:00:00+00:00,0.0,551.0,14.0,384.0,0.0,254.0,83.0,0.0,210.0,436.0,0.0,0.0,0.0,0.0,0.0,0.0,127.0,0.0,0.0,0.0,0.0,0.0,0.0,0.0,0.0,266.0,0.0,0.0,1361.0,139.0,0.0,0.0,147.0,0.0,232.0,184.0,355.0,47.0,0.0,0.0,586.0,195.0
2021-09-30 09:00:00+00:00,0.0,485.0,9.0,424.0,0.0,214.0,0.0,0.0,224.0,505.0,0.0,0.0,0.0,0.0,0.0,0.0,113.0,0.0,0.0,0.0,0.0,0.0,0.0,0.0,0.0,355.0,0.0,0.0,1361.0,129.0,4.0,0.0,126.0,0.0,225.0,141.0,395.0,64.0,0.0,0.0,549.0,198.0
2021-09-30 10:00:00+00:00,0.0,398.0,2.0,346.0,0.0,223.0,16.0,0.0,266.0,492.0,0.0,0.0,0.0,0.0,0.0,0.0,106.0,0.0,0.0,0.0,0.0,0.0,0.0,0.0,0.0,264.0,0.0,0.0,1360.0,131.0,0.0,0.0,110.0,0.0,187.0,124.0,327.0,94.0,0.0,0.0,533.0,193.0
2021-09-30 11:00:00+00:00,0.0,277.0,6.0,335.0,0.0,173.0,,0.0,282.0,506.0,0.0,0.0,0.0,0.0,0.0,0.0,110.0,0.0,0.0,0.0,0.0,0.0,0.0,0.0,0.0,310.0,0.0,0.0,1361.0,131.0,,0.0,68.0,0.0,158.0,161.0,319.0,98.0,0.0,0.0,562.0,197.0
2021-09-30 12:00:00+00:00,0.0,276.0,0.0,320.0,0.0,125.0,0.0,0.0,294.0,524.0,0.0,0.0,0.0,0.0,0.0,0.0,126.0,0.0,0.0,0.0,0.0,0.0,0.0,0.0,0.0,267.0,0.0,0.0,1314.0,189.0,19.0,0.0,43.0,0.0,160.0,202.0,304.0,123.0,0.0,0.0,583.0,196.0
2021-09-30 13:00:00+00:00,0.0,313.0,2.0,338.0,0.0,189.0,76.0,0.0,291.0,561.0,0.0,0.0,0.0,0.0,0.0,0.0,138.0,0.0,0.0,0.0,0.0,0.0,0.0,0.0,0.0,379.0,0.0,0.0,1357.0,207.0,0.0,0.0,85.0,0.0,179.0,184.0,322.0,126.0,0.0,0.0,565.0,198.0
2021-09-30 14:00:00+00:00,0.0,318.0,0.0,227.0,252.0,263.0,168.0,0.0,253.0,501.0,0.0,0.0,0.0,0.0,0.0,0.0,160.0,0.0,0.0,0.0,0.0,0.0,0.0,0.0,0.0,209.0,0.0,0.0,1363.0,171.0,0.0,0.0,114.0,0.0,185.0,220.0,284.0,184.0,0.0,0.0,594.0,189.0
2021-09-30 15:00:00+00:00,0.0,520.0,0.0,198.0,380.0,273.0,180.0,0.0,243.0,437.0,0.0,0.0,0.0,0.0,0.0,0.0,124.0,0.0,0.0,0.0,23.0,0.0,0.0,0.0,0.0,166.0,0.0,0.0,1362.0,178.0,0.0,0.0,165.0,0.0,211.0,212.0,274.0,200.0,0.0,0.0,558.0,193.0
2021-09-30 16:00:00+00:00,0.0,665.0,2.0,171.0,333.0,290.0,173.0,0.0,247.0,407.0,0.0,0.0,0.0,0.0,0.0,28.0,105.0,0.0,0.0,0.0,0.0,0.0,0.0,0.0,0.0,3.0,0.0,0.0,1363.0,179.0,0.0,0.0,252.0,0.0,232.0,228.0,276.0,209.0,0.0,0.0,525.0,196.0
2021-09-30 17:00:00+00:00,0.0,321.0,0.0,169.0,313.0,329.0,176.0,0.0,215.0,442.0,0.0,0.0,0.0,0.0,0.0,0.0,89.0,0.0,0.0,0.0,565.0,0.0,0.0,0.0,0.0,0.0,0.0,0.0,1364.0,179.0,0.0,32.0,175.0,0.0,152.0,280.0,264.0,134.0,0.0,0.0,573.0,196.0
2021-09-30 18:00:00+00:00,0.0,358.0,2.0,191.0,342.0,279.0,117.0,0.0,189.0,447.0,0.0,0.0,0.0,0.0,0.0,0.0,81.0,0.0,0.0,0.0,602.0,0.0,0.0,0.0,0.0,48.0,0.0,0.0,1358.0,220.0,0.0,0.0,147.0,0.0,181.0,256.0,271.0,122.0,0.0,0.0,580.0,196.0
2021-09-30 19:00:00+00:00,0.0,174.0,8.0,229.0,392.0,247.0,175.0,0.0,167.0,508.0,0.0,0.0,0.0,10.0,0.0,0.0,138.0,0.0,0.0,0.0,602.0,0.0,0.0,0.0,0.0,227.0,0.0,0.0,1319.0,220.0,0.0,0.0,13.0,0.0,133.0,265.0,302.0,92.0,0.0,0.0,649.0,197.0
2021-09-30 20:00:00+00:00,0.0,60.0,5.0,246.0,407.0,245.0,196.0,0.0,152.0,502.0,0.0,0.0,0.0,23.0,0.0,0.0,158.0,0.0,0.0,0.0,602.0,0.0,0.0,0.0,0.0,235.0,0.0,0.0,1354.0,194.0,0.0,0.0,3.0,0.0,108.0,257.0,337.0,102.0,0.0,0.0,698.0,196.0
2021-09-30 21:00:00+00:00,0.0,159.0,12.0,280.0,469.0,259.0,164.0,0.0,139.0,530.0,0.0,0.0,0.0,2.0,0.0,0.0,144.0,0.0,0.0,0.0,602.0,0.0,0.0,0.0,0.0,375.0,0.0,0.0,1339.0,186.0,0.0,0.0,26.0,0.0,156.0,174.0,350.0,59.0,0.0,0.0,658.0,194.0
2021-09-30 22:00:00+00:00,0.0,0.0,99.0,308.0,403.0,254.0,189.0,0.0,2.0,376.0,0.0,73.0,0.0,56.0,0.0,0.0,117.0,0.0,0.0,0.0,602.0,43.0,0.0,0.0,0.0,331.0,0.0,0.0,1372.0,195.0,0.0,0.0,0.0,0.0,46.0,236.0,387.0,6.0,0.0,0.0,608.0,193.0
2021-09-30 23:00:00+00:00,0.0,0.0,60.0,266.0,346.0,264.0,174.0,0.0,0.0,352.0,0.0,46.0,0.0,14.0,0.0,0.0,102.0,0.0,0.0,0.0,602.0,87.0,0.0,0.0,0.0,285.0,0.0,0.0,1367.0,202.0,0.0,0.0,8.0,0.0,70.0,182.0,335.0,12.0,0.0,0.0,564.0,196.0
2021-10-01 00:00:00+00:00,0.0,5.0,43.0,260.0,323.0,263.0,154.0,0.0,0.0,326.0,0.0,0.0,0.0,19.0,0.0,0.0,95.0,0.0,0.0,0.0,602.0,114.0,0.0,0.0,0.0,204.0,0.0,0.0,1344.0,217.0,0.0,0.0,3.0,0.0,64.0,170.0,342.0,14.0,0.0,0.0,555.0,194.0
2021-10-01 01:00:00+00:00,0.0,34.0,34.0,242.0,296.0,217.0,137.0,0.0,0.0,322.0,0.0,0.0,0.0,2.0,0.0,0.0,90.0,0.0,0.0,0.0,602.0,121.0,0.0,0.0,0.0,220.0,0.0,0.0,1367.0,221.0,0.0,0.0,17.0,0.0,92.0,155.0,316.0,18.0,0.0,0.0,542.0,196.0
2021-10-01 02:00:00+00:00,0.0,0.0,38.0,243.0,275.0,175.0,105.0,0.0,0.0,300.0,0.0,23.0,0.0,5.0,0.0,0.0,91.0,0.0,0.0,0.0,602.0,146.0,0.0,0.0,0.0,252.0,0.0,0.0,1376.0,232.0,0.0,0.0,10.0,0.0,69.0,201.0,328.0,15.0,0.0,0.0,548.0,198.0
2021-10-01 03:00:00+00:00,0.0,0.0,52.0,246.0,276.0,151.0,40.0,0.0,0.0,295.0,0.0,169.0,0.0,14.0,0.0,0.0,102.0,0.0,0.0,0.0,602.0,127.0,0.0,0.0,0.0,239.0,0.0,0.0,1384.0,221.0,0.0,0.0,7.0,0.0,31.0,282.0,340.0,13.0,0.0,0.0,545.0,195.0
2021-10-01 04:00:00+00:00,0.0,389.0,14.0,185.0,232.0,169.0,93.0,0.0,28.0,341.0,0.0,0.0,0.0,0.0,0.0,0.0,76.0,0.0,0.0,0.0,602.0,3.0,0.0,0.0,0.0,154.0,0.0,0.0,1366.0,185.0,0.0,0.0,116.0,0.0,159.0,375.0,271.0,62.0,0.0,0.0,560.0,195.0
2021-10-01 05:00:00+00:00,0.0,270.0,11.0,169.0,230.0,225.0,24.0,0.0,49.0,361.0,0.0,0.0,0.0,0.0,0.0,0.0,47.0,0.0,0.0,0.0,601.0,1.0,0.0,0.0,0.0,110.0,0.0,0.0,1363.0,208.0,0.0,0.0,94.0,0.0,121.0,350.0,242.0,61.0,0.0,0.0,536.0,195.0
2021-10-01 06:00:00+00:00,0.0,279.0,10.0,239.0,78.0,77.0,75.0,0.0,114.0,407.0,0.0,0.0,0.0,0.0,0.0,0.0,40.0,0.0,0.0,0.0,549.0,0.0,0.0,0.0,0.0,49.0,0.0,0.0,1360.0,176.0,0.0,0.0,49.0,0.0,84.0,312.0,266.0,55.0,0.0,0.0,520.0,196.0
2021-10-01 07:00:00+00:00,0.0,339.0,26.0,326.0,0.0,148.0,23.0,0.0,156.0,468.0,0.0,0.0,0.0,1.0,0.0,0.0,81.0,0.0,0.0,0.0,548.0,0.0,0.0,0.0,0.0,167.0,0.0,0.0,1360.0,194.0,0.0,0.0,27.0,0.0,100.0,263.0,275.0,29.0,0.0,0.0,516.0,198.0
2021-10-01 08:00:00+00:00,0.0,410.0,50.0,386.0,0.0,111.0,61.0,0.0,159.0,495.0,0.0,0.0,0.0,0.0,0.0,0.0,126.0,0.0,0.0,0.0,585.0,0.0,0.0,0.0,0.0,265.0,0.0,0.0,1360.0,182.0,0.0,0.0,33.0,0.0,124.0,163.0,322.0,14.0,0.0,0.0,472.0,197.0
2021-10-01 09:00:00+00:00,0.0,300.0,48.0,426.0,0.0,122.0,74.0,0.0,173.0,536.0,0.0,0.0,0.0,20.0,0.0,0.0,146.0,0.0,0.0,0.0,571.0,0.0,0.0,0.0,0.0,365.0,0.0,0.0,1359.0,187.0,0.0,0.0,2.0,0.0,115.0,142.0,328.0,16.0,0.0,0.0,458.0,197.0
2021-10-01 10:00:00+00:00,0.0,286.0,44.0,406.0,0.0,148.0,89.0,0.0,207.0,557.0,0.0,0.0,0.0,40.0,0.0,0.0,166.0,0.0,0.0,0.0,568.0,0.0,0.0,0.0,0.0,346.0,0.0,0.0,1360.0,180.0,0.0,0.0,1.0,0.0,95.0,117.0,268.0,27.0,0.0,0.0,426.0,196.0
2021-10-01 11:00:00+00:00,0.0,413.0,14.0,410.0,0.0,160.0,97.0,0.0,283.0,625.0,0.0,0.0,0.0,10.0,0.0,0.0,160.0,0.0,0.0,0.0,585.0,0.0,0.0,0.0,0.0,366.0,0.0,0.0,1360.0,190.0,0.0,0.0,4.0,0.0,145.0,120.0,302.0,54.0,0.0,0.0,420.0,197.0
2021-10-01 12:00:00+00:00,0.0,273.0,29.0,409.0,0.0,147.0,122.0,0.0,244.0,584.0,0.0,0.0,0.0,56.0,0.0,0.0,172.0,0.0,0.0,0.0,589.0,0.0,0.0,0.0,0.0,410.0,0.0,0.0,1361.0,182.0,0.0,0.0,0.0,0.0,126.0,181.0,322.0,26.0,0.0,0.0,470.0,197.0
2021-10-01 13:00:00+00:00,0.0,339.0,21.0,425.0,39.0,166.0,142.0,0.0,244.0,596.0,0.0,0.0,0.0,13.0,0.0,0.0,173.0,0.0,0.0,0.0,584.0,0.0,0.0,0.0,0.0,473.0,0.0,0.0,1361.0,186.0,0.0,0.0,5.0,0.0,168.0,196.0,326.0,34.0,0.0,0.0,459.0,197.0
2021-10-01 14:00:00+00:00,0.0,405.0,12.0,298.0,449.0,220.0,136.0,0.0,192.0,545.0,0.0,0.0,0.0,0.0,0.0,0.0,181.0,0.0,0.0,0.0,579.0,0.0,0.0,0.0,0.0,291.0,0.0,0.0,1360.0,196.0,0.0,0.0,35.0,0.0,190.0,282.0,304.0,56.0,0.0,56.0,472.0,193.0
2021-10-01 15:00:00+00:00,0.0,399.0,16.0,286.0,436.0,228.0,180.0,0.0,184.0,498.0,0.0,0.0,0.0,0.0,0.0,0.0,140.0,0.0,0.0,0.0,602.0,0.0,0.0,0.0,0.0,205.0,0.0,0.0,1361.0,185.0,0.0,0.0,59.0,0.0,191.0,419.0,300.0,51.0,0.0,171.0,440.0,191.0
2021-10-01 16:00:00+00:00,0.0,321.0,40.0,282.0,375.0,289.0,158.0,0.0,76.0,373.0,0.0,0.0,0.0,0.0,0.0,0.0,104.0,0.0,0.0,0.0,603.0,0.0,0.0,0.0,0.0,61.0,0.0,0.0,1363.0,176.0,0.0,0.0,66.0,0.0,120.0,477.0,319.0,23.0,0.0,208.0,385.0,194.0
2021-10-01 17:00:00+00:00,0.0,443.0,41.0,298.0,425.0,288.0,163.0,0.0,103.0,408.0,0.0,0.0,0.0,0.0,0.0,0.0,70.0,0.0,0.0,0.0,602.0,0.0,0.0,0.0,0.0,1.0,0.0,0.0,1363.0,187.0,0.0,0.0,81.0,0.0,143.0,473.0,343.0,13.0,0.0,204.0,395.0,194.0
2021-10-01 18:00:00+00:00,0.0,461.0,34.0,288.0,426.0,210.0,132.0,0.0,141.0,479.0,0.0,0.0,0.0,0.0,0.0,0.0,69.0,0.0,0.0,0.0,602.0,0.0,0.0,0.0,0.0,95.0,0.0,0.0,1312.0,242.0,0.0,0.0,58.0,0.0,169.0,466.0,312.0,26.0,0.0,203.0,408.0,193.0
2021-10-01 19:00:00+00:00,0.0,412.0,34.0,318.0,461.0,195.0,78.0,0.0,107.0,519.0,0.0,0.0,0.0,1.0,0.0,0.0,122.0,0.0,0.0,0.0,602.0,0.0,0.0,0.0,0.0,294.0,0.0,0.0,1325.0,224.0,0.0,0.0,45.0,0.0,178.0,461.0,326.0,32.0,0.0,220.0,442.0,192.0
2021-10-01 20:00:00+00:00,0.0,374.0,28.0,317.0,464.0,212.0,110.0,0.0,127.0,522.0,0.0,0.0,0.0,0.0,0.0,0.0,157.0,0.0,0.0,0.0,602.0,0.0,0.0,0.0,0.0,263.0,0.0,0.0,1355.0,201.0,0.0,0.0,61.0,0.0,174.0,444.0,332.0,28.0,0.0,242.0,463.0,192.0
2021-10-01 21:00:00+00:00,0.0,276.0,50.0,326.0,466.0,198.0,195.0,0.0,97.0,506.0,0.0,0.0,0.0,20.0,0.0,0.0,136.0,0.0,0.0,0.0,602.0,0.0,0.0,0.0,0.0,278.0,0.0,0.0,1339.0,180.0,0.0,0.0,10.0,0.0,150.0,426.0,337.0,18.0,0.0,237.0,515.0,194.0
2021-10-01 22:00:00+00:00,0.0,24.0,111.0,317.0,360.0,151.0,155.0,0.0,1.0,277.0,0.0,0.0,0.0,210.0,0.0,0.0,82.0,0.0,0.0,0.0,602.0,113.0,0.0,0.0,0.0,300.0,0.0,0.0,1050.0,182.0,0.0,0.0,0.0,0.0,10.0,458.0,385.0,6.0,0.0,418.0,592.0,196.0
2021-10-01 23:00:00+00:00,0.0,48.0,87.0,287.0,282.0,144.0,86.0,0.0,0.0,226.0,0.0,0.0,0.0,212.0,0.0,0.0,66.0,0.0,0.0,0.0,603.0,208.0,0.0,0.0,0.0,320.0,0.0,0.0,1058.0,222.0,0.0,0.0,0.0,0.0,18.0,441.0,362.0,6.0,0.0,426.0,582.0,195.0
2021-10-02 00:00:00+00:00,0.0,245.0,57.0,274.0,283.0,128.0,75.0,0.0,0.0,248.0,0.0,0.0,0.0,111.0,0.0,0.0,89.0,0.0,0.0,0.0,602.0,206.0,0.0,0.0,0.0,305.0,0.0,0.0,1083.0,232.0,0.0,0.0,0.0,0.0,91.0,359.0,351.0,14.0,0.0,357.0,578.0,195.0
2021-10-02 01:00:00+00:00,0.0,269.0,58.0,249.0,252.0,127.0,77.0,0.0,0.0,244.0,0.0,0.0,0.0,71.0,0.0,0.0,85.0,0.0,0.0,0.0,602.0,206.0,0.0,0.0,0.0,295.0,0.0,0.0,1092.0,236.0,0.0,0.0,0.0,0.0,107.0,313.0,334.0,8.0,0.0,337.0,558.0,196.0
2021-10-02 02:00:00+00:00,0.0,256.0,74.0,250.0,242.0,0.0,90.0,0.0,0.0,240.0,0.0,0.0,0.0,103.0,0.0,0.0,84.0,17.0,0.0,0.0,602.0,212.0,0.0,0.0,0.0,274.0,0.0,0.0,1072.0,230.0,0.0,0.0,0.0,0.0,94.0,347.0,354.0,9.0,0.0,355.0,552.0,194.0
2021-10-02 03:00:00+00:00,0.0,140.0,105.0,271.0,264.0,55.0,68.0,0.0,0.0,227.0,0.0,0.0,0.0,132.0,0.0,0.0,86.0,0.0,0.0,0.0,602.0,216.0,0.0,0.0,0.0,262.0,0.0,0.0,1351.0,222.0,0.0,0.0,0.0,0.0,62.0,392.0,399.0,4.0,0.0,385.0,530.0,197.0
2021-10-02 04:00:00+00:00,0.0,84.0,138.0,306.0,325.0,116.0,5.0,0.0,0.0,260.0,0.0,0.0,0.0,92.0,0.0,0.0,27.0,0.0,0.0,0.0,602.0,184.0,0.0,0.0,0.0,320.0,0.0,0.0,1358.0,237.0,0.0,0.0,0.0,0.0,56.0,369.0,442.0,0.0,0.0,345.0,485.0,197.0
2021-10-02 05:00:00+00:00,0.0,77.0,95.0,268.0,299.0,0.0,45.0,0.0,0.0,371.0,0.0,0.0,0.0,43.0,0.0,0.0,0.0,25.0,0.0,0.0,602.0,71.0,0.0,0.0,0.0,150.0,0.0,0.0,1345.0,215.0,0.0,0.0,0.0,0.0,87.0,385.0,399.0,4.0,0.0,356.0,450.0,196.0
2021-10-02 06:00:00+00:00,0.0,203.0,106.0,318.0,384.0,0.0,74.0,0.0,1.0,437.0,0.0,0.0,0.0,55.0,0.0,0.0,0.0,39.0,0.0,0.0,602.0,24.0,0.0,0.0,0.0,184.0,0.0,0.0,1369.0,196.0,0.0,0.0,0.0,0.0,115.0,341.0,395.0,2.0,0.0,312.0,469.0,194.0
2021-10-02 07:00:00+00:00,0.0,169.0,164.0,374.0,457.0,0.0,109.0,0.0,0.0,430.0,0.0,0.0,0.0,86.0,0.0,0.0,49.0,18.0,0.0,0.0,602.0,46.0,0.0,0.0,0.0,276.0,0.0,0.0,1359.0,199.0,0.0,0.0,0.0,0.0,114.0,267.0,393.0,1.0,0.0,272.0,485.0,197.0
2021-10-02 08:00:00+00:00,0.0,0.0,159.0,404.0,501.0,80.0,57.0,0.0,1.0,448.0,0.0,73.0,0.0,223.0,0.0,0.0,96.0,0.0,0.0,0.0,602.0,31.0,0.0,0.0,0.0,426.0,0.0,0.0,1362.0,229.0,0.0,0.0,0.0,0.0,39.0,290.0,452.0,2.0,0.0,353.0,484.0,197.0
2021-10-02 09:00:00+00:00,0.0,0.0,166.0,419.0,488.0,75.0,88.0,0.0,0.0,397.0,0.0,85.0,0.0,284.0,0.0,0.0,82.0,0.0,0.0,0.0,602.0,92.0,0.0,0.0,0.0,456.0,0.0,0.0,1348.0,224.0,0.0,0.0,0.0,0.0,12.0,288.0,442.0,0.0,0.0,400.0,457.0,197.0
2021-10-02 10:00:00+00:00,0.0,0.0,118.0,390.0,434.0,149.0,106.0,0.0,0.0,352.0,0.0,176.0,49.0,365.0,0.0,0.0,65.0,0.0,0.0,0.0,602.0,112.0,0.0,0.0,0.0,373.0,0.0,0.0,1345.0,243.0,0.0,0.0,0.0,0.0,0.0,356.0,417.0,4.0,0.0,507.0,420.0,197.0
2021-10-02 11:00:00+00:00,0.0,0.0,110.0,367.0,383.0,154.0,114.0,0.0,0.0,315.0,0.0,304.0,97.0,383.0,0.0,0.0,80.0,0.0,0.0,0.0,603.0,131.0,0.0,0.0,0.0,269.0,0.0,0.0,1360.0,242.0,0.0,0.0,0.0,0.0,0.0,286.0,402.0,2.0,0.0,496.0,346.0,196.0
2021-10-02 12:00:00+00:00,0.0,0.0,102.0,338.0,342.0,99.0,52.0,0.0,0.0,322.0,0.0,264.0,79.0,324.0,0.0,0.0,86.0,0.0,0.0,0.0,603.0,132.0,0.0,0.0,0.0,347.0,0.0,0.0,1364.0,230.0,0.0,0.0,0.0,0.0,0.0,255.0,396.0,2.0,0.0,473.0,315.0,195.0
2021-10-02 13:00:00+00:00,0.0,0.0,103.0,336.0,333.0,135.0,33.0,0.0,0.0,307.0,0.0,360.0,100.0,311.0,0.0,0.0,98.0,0.0,0.0,0.0,603.0,167.0,0.0,0.0,0.0,324.0,0.0,0.0,1374.0,244.0,0.0,0.0,0.0,0.0,0.0,282.0,398.0,3.0,0.0,481.0,315.0,193.0
2021-10-02 14:00:00+00:00,0.0,0.0,62.0,328.0,317.0,93.0,8.0,0.0,0.0,344.0,0.0,294.0,49.0,220.0,0.0,0.0,136.0,0.0,0.0,0.0,603.0,125.0,0.0,0.0,0.0,134.0,0.0,0.0,1354.0,236.0,0.0,0.0,0.0,0.0,0.0,356.0,393.0,8.0,0.0,461.0,343.0,191.0
2021-10-02 15:00:00+00:00,0.0,0.0,110.0,306.0,255.0,84.0,0.0,0.0,0.0,222.0,0.0,102.0,12.0,125.0,0.0,0.0,125.0,0.0,0.0,0.0,603.0,192.0,0.0,0.0,0.0,111.0,0.0,0.0,1385.0,231.0,8.0,0.0,0.0,0.0,0.0,471.0,365.0,2.0,0.0,485.0,378.0,190.0
2021-10-02 16:00:00+00:00,0.0,0.0,63.0,294.0,222.0,40.0,0.0,0.0,0.0,171.0,0.0,135.0,58.0,142.0,0.0,0.0,64.0,0.0,0.0,0.0,602.0,189.0,0.0,0.0,0.0,0.0,0.0,0.0,1322.0,215.0,1.0,31.0,0.0,0.0,0.0,586.0,353.0,15.0,0.0,545.0,363.0,194.0
2021-10-02 17:00:00+00:00,0.0,79.0,75.0,318.0,276.0,0.0,71.0,0.0,0.0,176.0,0.0,0.0,1.0,126.0,0.0,0.0,0.0,12.0,0.0,0.0,595.0,185.0,0.0,0.0,0.0,41.0,0.0,0.0,1271.0,196.0,0.0,0.0,0.0,0.0,0.0,570.0,330.0,8.0,0.0,454.0,437.0,194.0
2021-10-02 18:00:00+00:00,0.0,3.0,48.0,320.0,303.0,43.0,80.0,0.0,0.0,201.0,0.0,0.0,14.0,127.0,0.0,0.0,24.0,0.0,0.0,0.0,603.0,156.0,0.0,0.0,0.0,0.0,0.0,0.0,1256.0,208.0,0.0,32.0,0.0,0.0,0.0,482.0,301.0,15.0,0.0,412.0,425.0,193.0
2021-10-02 19:00:00+00:00,0.0,0.0,69.0,346.0,316.0,90.0,141.0,0.0,0.0,181.0,0.0,106.0,14.0,145.0,0.0,0.0,78.0,0.0,0.0,0.0,602.0,214.0,0.0,0.0,0.0,65.0,0.0,0.0,1287.0,199.0,0.0,0.0,0.0,0.0,0.0,400.0,336.0,12.0,0.0,352.0,452.0,194.0
2021-10-02 20:00:00+00:00,0.0,0.0,101.0,366.0,307.0,116.0,163.0,0.0,0.0,121.0,0.0,164.0,23.0,198.0,0.0,0.0,122.0,0.0,0.0,0.0,602.0,280.0,0.0,0.0,0.0,111.0,0.0,0.0,1277.0,196.0,0.0,0.0,0.0,0.0,0.0,387.0,415.0,2.0,0.0,381.0,473.0,194.0
2021-10-02 21:00:00+00:00,0.0,0.0,148.0,354.0,277.0,0.0,174.0,0.0,0.0,111.0,0.0,355.0,105.0,296.0,0.0,0.0,108.0,49.0,0.0,0.0,602.0,298.0,0.0,0.0,0.0,297.0,0.0,0.0,1020.0,169.0,0.0,0.0,0.0,0.0,0.0,371.0,438.0,5.0,0.0,483.0,413.0,197.0
2021-10-02 22:00:00+00:00,0.0,0.0,126.0,338.0,313.0,0.0,0.0,0.0,0.0,252.0,0.0,362.0,83.0,283.0,0.0,0.0,67.0,117.0,0.0,0.0,603.0,214.0,0.0,0.0,0.0,319.0,0.0,0.0,493.0,177.0,69.0,0.0,0.0,0.0,0.0,277.0,387.0,4.0,0.0,457.0,453.0,197.0
2021-10-02 23:00:00+00:00,0.0,0.0,270.0,302.0,226.0,0.0,0.0,0.0,0.0,139.0,0.0,467.0,109.0,297.0,0.0,0.0,79.0,23.0,0.0,0.0,602.0,344.0,0.0,0.0,0.0,290.0,0.0,0.0,400.0,213.0,43.0,0.0,0.0,0.0,0.0,268.0,270.0,0.0,0.0,478.0,431.0,194.0
2021-10-03 00:00:00+00:00,0.0,0.0,273.0,294.0,196.0,0.0,1.0,0.0,0.0,112.0,0.0,460.0,104.0,295.0,0.0,0.0,72.0,1.0,0.0,0.0,603.0,358.0,0.0,0.0,0.0,245.0,0.0,0.0,390.0,217.0,0.0,0.0,0.0,0.0,0.0,265.0,263.0,0.0,0.0,489.0,414.0,194.0
2021-10-03 01:00:00+00:00,0.0,0.0,304.0,283.0,188.0,0.0,1.0,0.0,0.0,110.0,0.0,411.0,96.0,278.0,0.0,0.0,66.0,63.0,0.0,0.0,602.0,354.0,0.0,0.0,0.0,240.0,0.0,0.0,390.0,215.0,0.0,0.0,0.0,0.0,0.0,248.0,280.0,0.0,0.0,482.0,404.0,192.0
2021-10-03 02:00:00+00:00,0.0,0.0,293.0,278.0,180.0,0.0,0.0,0.0,0.0,116.0,0.0,419.0,99.0,282.0,0.0,0.0,58.0,235.0,0.0,0.0,602.0,352.0,0.0,0.0,0.0,241.0,0.0,0.0,392.0,174.0,83.0,0.0,0.0,0.0,0.0,248.0,288.0,0.0,0.0,473.0,413.0,195.0
2021-10-03 03:00:00+00:00,0.0,0.0,298.0,292.0,180.0,0.0,0.0,0.0,0.0,101.0,0.0,503.0,116.0,302.0,0.0,0.0,54.0,178.0,0.0,0.0,602.0,374.0,0.0,0.0,0.0,248.0,0.0,0.0,391.0,194.0,56.0,0.0,0.0,0.0,0.0,279.0,315.0,0.0,0.0,491.0,418.0,196.0
2021-10-03 04:00:00+00:00,0.0,0.0,225.0,285.0,186.0,0.0,0.0,0.0,0.0,162.0,0.0,450.0,75.0,249.0,0.0,0.0,66.0,210.0,0.0,0.0,602.0,312.0,0.0,0.0,0.0,329.0,0.0,0.0,401.0,198.0,35.0,0.0,0.0,0.0,0.0,305.0,334.0,0.0,0.0,481.0,418.0,196.0
2021-10-03 05:00:00+00:00,0.0,0.0,190.0,322.0,254.0,0.0,0.0,0.0,0.0,237.0,0.0,556.0,81.0,247.0,0.0,0.0,80.0,149.0,0.0,0.0,575.0,277.0,0.0,0.0,0.0,369.0,0.0,0.0,437.0,207.0,127.0,0.0,0.0,0.0,0.0,285.0,403.0,0.0,0.0,426.0,439.0,196.0
2021-10-03 06:00:00+00:00,0.0,0.0,162.0,333.0,288.0,0.0,0.0,0.0,0.0,274.0,0.0,497.0,97.0,301.0,0.0,0.0,70.0,133.0,0.0,0.0,601.0,217.0,0.0,0.0,0.0,274.0,0.0,0.0,589.0,208.0,217.0,0.0,0.0,0.0,0.0,295.0,390.0,0.0,0.0,462.0,429.0,196.0
2021-10-03 07:00:00+00:00,0.0,0.0,301.0,342.0,264.0,0.0,0.0,0.0,0.0,231.0,0.0,627.0,159.0,423.0,0.0,0.0,55.0,147.0,0.0,0.0,585.0,238.0,0.0,0.0,0.0,245.0,0.0,0.0,590.0,193.0,231.0,0.0,0.0,0.0,0.0,271.0,298.0,0.0,0.0,529.0,389.0,196.0
2021-10-03 08:00:00+00:00,0.0,0.0,238.0,359.0,323.0,0.0,0.0,0.0,0.0,265.0,0.0,564.0,132.0,457.0,0.0,0.0,45.0,198.0,0.0,0.0,580.0,192.0,0.0,0.0,0.0,319.0,0.0,0.0,593.0,181.0,208.0,0.0,0.0,0.0,0.0,225.0,333.0,0.0,0.0,498.0,371.0,194.0
2021-10-03 09:00:00+00:00,0.0,0.0,246.0,356.0,330.0,0.0,0.0,0.0,0.0,276.0,0.0,495.0,124.0,481.0,0.0,0.0,42.0,54.0,0.0,0.0,580.0,191.0,0.0,0.0,0.0,287.0,0.0,0.0,587.0,232.0,1.0,0.0,0.0,0.0,0.0,229.0,355.0,0.0,0.0,496.0,378.0,196.0
2021-10-03 10:00:00+00:00,0.0,0.0,282.0,338.0,309.0,0.0,81.0,0.0,0.0,271.0,0.0,466.0,130.0,489.0,0.0,0.0,25.0,31.0,0.0,0.0,566.0,204.0,0.0,0.0,0.0,298.0,0.0,0.0,577.0,255.0,0.0,0.0,0.0,0.0,0.0,259.0,345.0,0.0,0.0,526.0,374.0,195.0
2021-10-03 11:00:00+00:00,0.0,0.0,236.0,321.0,289.0,0.0,90.0,0.0,0.0,321.0,0.0,518.0,138.0,493.0,0.0,0.0,15.0,23.0,0.0,0.0,521.0,177.0,0.0,0.0,0.0,259.0,0.0,0.0,579.0,258.0,0.0,0.0,0.0,0.0,0.0,239.0,310.0,0.0,0.0,528.0,345.0,196.0
2021-10-03 12:00:00+00:00,0.0,0.0,248.0,316.0,271.0,0.0,60.0,0.0,0.0,312.0,0.0,576.0,144.0,458.0,0.0,0.0,19.0,18.0,0.0,0.0,518.0,183.0,0.0,0.0,0.0,262.0,0.0,0.0,573.0,257.0,0.0,0.0,0.0,0.0,0.0,245.0,334.0,0.0,0.0,533.0,350.0,196.0
2021-10-03 13:00:00+00:00,0.0,0.0,115.0,332.0,278.0,0.0,35.0,0.0,0.0,281.0,0.0,594.0,148.0,431.0,0.0,0.0,34.0,37.0,0.0,0.0,455.0,215.0,0.0,0.0,0.0,255.0,0.0,0.0,576.0,260.0,0.0,0.0,0.0,0.0,0.0,330.0,392.0,4.0,0.0,568.0,391.0,191.0
2021-10-03 14:00:00+00:00,0.0,0.0,125.0,318.0,248.0,0.0,17.0,0.0,0.0,270.0,0.0,503.0,120.0,342.0,0.0,0.0,58.0,50.0,0.0,0.0,479.0,205.0,0.0,0.0,0.0,196.0,0.0,0.0,590.0,255.0,0.0,0.0,0.0,0.0,0.0,366.0,374.0,1.0,0.0,549.0,423.0,193.0
2021-10-03 15:00:00+00:00,0.0,0.0,62.0,282.0,207.0,0.0,21.0,0.0,0.0,214.0,0.0,346.0,97.0,259.0,0.0,0.0,14.0,49.0,0.0,0.0,573.0,181.0,0.0,0.0,0.0,141.0,0.0,0.0,597.0,254.0,0.0,0.0,0.0,0.0,0.0,522.0,313.0,14.0,0.0,614.0,432.0,191.0
2021-10-03 16:00:00+00:00,0.0,0.0,21.0,282.0,196.0,53.0,0.0,0.0,0.0,127.0,0.0,340.0,74.0,183.0,0.0,0.0,0.0,0.0,0.0,0.0,363.0,204.0,0.0,2.0,0.0,28.0,0.0,0.0,700.0,258.0,17.0,0.0,0.0,0.0,0.0,558.0,334.0,40.0,0.0,621.0,420.0,191.0
2021-10-03 17:00:00+00:00,0.0,0.0,160.0,314.0,244.0,13.0,34.0,0.0,0.0,117.0,0.0,289.0,63.0,213.0,0.0,0.0,0.0,0.0,0.0,0.0,394.0,209.0,0.0,1.0,0.0,0.0,0.0,0.0,757.0,250.0,0.0,4.0,0.0,0.0,0.0,580.0,440.0,0.0,0.0,587.0,477.0,190.0
2021-10-03 18:00:00+00:00,0.0,0.0,174.0,295.0,244.0,3.0,51.0,0.0,0.0,147.0,0.0,273.0,66.0,203.0,0.0,0.0,0.0,0.0,0.0,0.0,446.0,177.0,0.0,2.0,0.0,0.0,0.0,0.0,721.0,240.0,0.0,118.0,0.0,0.0,0.0,503.0,408.0,2.0,0.0,531.0,477.0,191.0
2021-10-03 19:00:00+00:00,0.0,0.0,122.0,286.0,236.0,26.0,54.0,0.0,0.0,179.0,0.0,323.0,60.0,220.0,0.0,0.0,0.0,0.0,0.0,0.0,449.0,138.0,0.0,1.0,0.0,0.0,0.0,0.0,875.0,220.0,0.0,37.0,0.0,0.0,0.0,492.0,390.0,5.0,0.0,534.0,500.0,194.0
2021-10-03 20:00:00+00:00,0.0,0.0,177.0,290.0,206.0,50.0,0.0,0.0,0.0,155.0,0.0,386.0,83.0,278.0,0.0,0.0,32.0,0.0,0.0,0.0,470.0,188.0,0.0,0.0,0.0,113.0,0.0,0.0,697.0,213.0,14.0,0.0,0.0,0.0,0.0,503.0,433.0,1.0,0.0,599.0,497.0,196.0
2021-10-03 21:00:00+00:00,0.0,0.0,182.0,294.0,238.0,0.0,197.0,0.0,0.0,205.0,0.0,343.0,82.0,316.0,0.0,0.0,80.0,93.0,0.0,0.0,598.0,171.0,0.0,0.0,0.0,210.0,0.0,0.0,579.0,199.0,0.0,0.0,0.0,0.0,0.0,466.0,486.0,2.0,0.0,571.0,531.0,195.0
2021-10-03 22:00:00+00:00,0.0,0.0,250.0,274.0,150.0,0.0,23.0,0.0,0.0,76.0,0.0,555.0,122.0,360.0,0.0,0.0,75.0,73.0,0.0,0.0,602.0,318.0,0.0,0.0,0.0,246.0,0.0,0.0,446.0,191.0,0.0,0.0,0.0,0.0,0.0,508.0,497.0,0.0,0.0,629.0,520.0,195.0
2021-10-03 23:00:00+00:00,0.0,0.0,162.0,241.0,125.0,153.0,11.0,0.0,0.0,115.0,0.0,476.0,95.0,301.0,0.0,0.0,65.0,0.0,0.0,0.0,602.0,296.0,0.0,0.0,0.0,251.0,0.0,0.0,445.0,102.0,0.0,0.0,0.0,0.0,0.0,485.0,463.0,0.0,0.0,608.0,518.0,195.0
2021-10-04 00:00:00+00:00,0.0,0.0,166.0,221.0,111.0,126.0,6.0,0.0,0.0,103.0,0.0,397.0,84.0,281.0,0.0,0.0,60.0,0.0,0.0,0.0,589.0,305.0,0.0,0.0,0.0,257.0,0.0,0.0,445.0,99.0,0.0,0.0,0.0,0.0,0.0,480.0,431.0,2.0,0.0,616.0,503.0,195.0
2021-10-04 01:00:00+00:00,0.0,0.0,160.0,213.0,106.0,124.0,0.0,0.0,0.0,102.0,0.0,379.0,75.0,258.0,0.0,0.0,57.0,0.0,0.0,0.0,583.0,302.0,0.0,0.0,0.0,255.0,0.0,0.0,445.0,113.0,16.0,0.0,0.0,0.0,0.0,452.0,461.0,2.0,0.0,599.0,496.0,193.0
2021-10-04 02:00:00+00:00,0.0,0.0,166.0,212.0,94.0,238.0,172.0,0.0,0.0,97.0,0.0,432.0,87.0,265.0,0.0,0.0,63.0,0.0,0.0,0.0,582.0,311.0,0.0,0.0,0.0,266.0,0.0,0.0,585.0,178.0,0.0,0.0,0.0,0.0,0.0,502.0,453.0,0.0,0.0,620.0,502.0,195.0
2021-10-04 03:00:00+00:00,0.0,0.0,218.0,210.0,74.0,234.0,188.0,0.0,0.0,84.0,0.0,478.0,83.0,240.0,0.0,0.0,83.0,0.0,0.0,0.0,561.0,307.0,0.0,0.0,0.0,212.0,0.0,0.0,586.0,184.0,0.0,0.0,0.0,0.0,0.0,617.0,517.0,1.0,0.0,661.0,507.0,195.0
2021-10-04 04:00:00+00:00,0.0,0.0,118.0,202.0,140.0,186.0,164.0,0.0,0.0,115.0,0.0,202.0,7.0,101.0,0.0,0.0,114.0,0.0,0.0,0.0,450.0,159.0,0.0,0.0,0.0,145.0,0.0,0.0,582.0,165.0,0.0,0.0,0.0,0.0,0.0,597.0,500.0,6.0,0.0,574.0,516.0,192.0
2021-10-04 05:00:00+00:00,0.0,0.0,82.0,181.0,160.0,265.0,211.0,0.0,3.0,231.0,0.0,50.0,0.0,77.0,0.0,0.0,138.0,0.0,0.0,0.0,330.0,23.0,0.0,0.0,0.0,58.0,0.0,0.0,583.0,201.0,0.0,0.0,0.0,0.0,24.0,519.0,396.0,6.0,0.0,508.0,512.0,192.0
2021-10-04 06:00:00+00:00,0.0,5.0,78.0,291.0,23.0,283.0,238.0,0.0,130.0,397.0,0.0,0.0,0.0,79.0,0.0,0.0,145.0,0.0,0.0,0.0,511.0,0.0,0.0,0.0,0.0,83.0,0.0,0.0,583.0,230.0,0.0,0.0,0.0,0.0,64.0,416.0,396.0,8.0,0.0,442.0,517.0,193.0
2021-10-04 07:00:00+00:00,0.0,192.0,82.0,386.0,0.0,222.0,252.0,0.0,219.0,517.0,0.0,0.0,0.0,84.0,0.0,0.0,119.0,0.0,0.0,0.0,496.0,0.0,0.0,0.0,0.0,142.0,0.0,0.0,583.0,238.0,0.0,0.0,0.0,1.0,64.0,281.0,370.0,12.0,0.0,394.0,507.0,194.0
2021-10-04 08:00:00+00:00,0.0,282.0,115.0,447.0,0.0,247.0,292.0,0.0,199.0,541.0,0.0,0.0,0.0,127.0,0.0,0.0,112.0,0.0,0.0,0.0,501.0,0.0,0.0,0.0,0.0,235.0,0.0,0.0,583.0,240.0,0.0,0.0,0.0,1.0,66.0,237.0,406.0,6.0,0.0,381.0,497.0,195.0
2021-10-04 09:00:00+00:00,0.0,292.0,162.0,467.0,0.0,269.0,314.0,0.0,147.0,506.0,0.0,0.0,0.0,125.0,0.0,0.0,97.0,0.0,0.0,0.0,497.0,0.0,0.0,0.0,0.0,325.0,0.0,0.0,583.0,243.0,0.0,0.0,0.0,1.0,92.0,183.0,461.0,2.0,0.0,346.0,476.0,194.0
2021-10-04 10:00:00+00:00,0.0,270.0,174.0,451.0,0.0,281.0,308.0,0.0,143.0,505.0,0.0,0.0,0.0,129.0,0.0,0.0,86.0,0.0,0.0,0.0,513.0,0.0,0.0,0.0,0.0,332.0,0.0,0.0,583.0,243.0,0.0,0.0,0.0,1.0,91.0,170.0,437.0,0.0,0.0,329.0,476.0,192.0
2021-10-04 11:00:00+00:00,0.0,205.0,124.0,462.0,0.0,268.0,305.0,0.0,145.0,500.0,0.0,0.0,0.0,160.0,0.0,0.0,95.0,0.0,0.0,0.0,513.0,0.0,0.0,0.0,0.0,290.0,0.0,0.0,583.0,232.0,0.0,0.0,0.0,1.0,96.0,205.0,428.0,2.0,0.0,336.0,503.0,194.0
2021-10-04 12:00:00+00:00,0.0,145.0,97.0,450.0,0.0,262.0,303.0,0.0,151.0,506.0,0.0,0.0,0.0,122.0,0.0,0.0,88.0,0.0,0.0,0.0,513.0,0.0,0.0,0.0,0.0,300.0,0.0,0.0,583.0,240.0,0.0,0.0,0.0,1.0,113.0,248.0,404.0,3.0,0.0,358.0,525.0,195.0
2021-10-04 13:00:00+00:00,0.0,64.0,93.0,421.0,0.0,231.0,268.0,0.0,116.0,475.0,0.0,0.0,0.0,111.0,0.0,0.0,105.0,0.0,0.0,0.0,497.0,0.0,0.0,0.0,0.0,266.0,0.0,0.0,583.0,237.0,0.0,0.0,0.0,1.0,83.0,291.0,370.0,3.0,0.0,364.0,515.0,192.0
2021-10-04 14:00:00+00:00,0.0,57.0,94.0,282.0,299.0,211.0,234.0,0.0,56.0,365.0,0.0,0.0,0.0,66.0,0.0,0.0,93.0,0.0,0.0,0.0,515.0,0.0,0.0,0.0,0.0,76.0,0.0,0.0,584.0,239.0,0.0,0.0,0.0,0.0,51.0,371.0,332.0,11.0,0.0,378.0,517.0,193.0
2021-10-04 15:00:00+00:00,0.0,151.0,56.0,260.0,284.0,226.0,236.0,0.0,7.0,208.0,0.0,0.0,0.0,9.0,0.0,0.0,49.0,0.0,0.0,0.0,435.0,15.0,0.0,0.0,0.0,17.0,0.0,0.0,584.0,222.0,0.0,0.0,11.0,0.0,52.0,447.0,357.0,15.0,0.0,384.0,516.0,194.0
2021-10-04 16:00:00+00:00,0.0,154.0,50.0,279.0,269.0,249.0,214.0,0.0,0.0,122.0,0.0,0.0,0.0,1.0,0.0,0.0,41.0,0.0,0.0,0.0,327.0,62.0,0.0,0.0,0.0,0.0,0.0,0.0,585.0,198.0,0.0,25.0,41.0,0.0,33.0,490.0,436.0,35.0,0.0,375.0,514.0,193.0
2021-10-04 17:00:00+00:00,0.0,174.0,111.0,306.0,312.0,275.0,278.0,0.0,0.0,132.0,0.0,0.0,0.0,4.0,0.0,0.0,0.0,0.0,0.0,0.0,381.0,75.0,0.0,0.0,0.0,0.0,0.0,0.0,586.0,196.0,0.0,10.0,26.0,0.0,42.0,476.0,419.0,4.0,0.0,344.0,534.0,193.0
2021-10-04 18:00:00+00:00,0.0,205.0,142.0,306.0,300.0,337.0,317.0,0.0,0.0,132.0,0.0,0.0,0.0,12.0,0.0,0.0,39.0,0.0,0.0,0.0,399.0,74.0,0.0,0.0,0.0,141.0,0.0,0.0,1085.0,163.0,0.0,0.0,8.0,0.0,63.0,479.0,397.0,3.0,0.0,374.0,548.0,193.0
2021-10-04 19:00:00+00:00,1.0,13.0,253.0,331.0,302.0,370.0,398.0,0.0,0.0,119.0,0.0,0.0,0.0,94.0,0.0,0.0,18.0,0.0,0.0,0.0,466.0,149.0,0.0,0.0,0.0,246.0,0.0,0.0,1394.0,154.0,0.0,0.0,0.0,0.0,31.0,484.0,480.0,0.0,0.0,409.0,568.0,194.0
2021-10-04 20:00:00+00:00,0.0,0.0,297.0,346.0,300.0,359.0,404.0,0.0,0.0,97.0,0.0,17.0,0.0,134.0,0.0,0.0,130.0,0.0,0.0,0.0,501.0,184.0,0.0,0.0,0.0,255.0,0.0,0.0,1361.0,145.0,0.0,0.0,0.0,0.0,27.0,525.0,567.0,0.0,0.0,462.0,619.0,192.0
2021-10-04 21:00:00+00:00,0.0,0.0,318.0,363.0,338.0,397.0,332.0,0.0,0.0,203.0,0.0,76.0,0.0,172.0,0.0,0.0,93.0,0.0,0.0,0.0,599.0,165.0,0.0,0.0,0.0,299.0,0.0,0.0,1359.0,119.0,0.0,0.0,0.0,0.0,39.0,508.0,583.0,1.0,0.0,444.0,654.0,192.0
2021-10-04 22:00:00+00:00,0.0,0.0,349.0,379.0,374.0,425.0,461.0,0.0,0.0,198.0,0.0,113.0,0.0,163.0,0.0,0.0,45.0,0.0,0.0,0.0,602.0,216.0,0.0,0.0,0.0,288.0,0.0,0.0,1408.0,149.0,0.0,0.0,0.0,0.0,26.0,498.0,642.0,0.0,0.0,409.0,552.0,149.0
2021-10-04 23:00:00+00:00,0.0,0.0,293.0,332.0,289.0,416.0,517.0,0.0,0.0,181.0,0.0,322.0,33.0,220.0,0.0,0.0,28.0,0.0,0.0,0.0,602.0,240.0,0.0,0.0,0.0,223.0,0.0,0.0,1379.0,163.0,0.0,0.0,0.0,0.0,0.0,486.0,573.0,0.0,0.0,448.0,519.0,72.0
2021-10-05 00:00:00+00:00,0.0,0.0,269.0,306.0,253.0,445.0,516.0,0.0,0.0,165.0,0.0,265.0,22.0,204.0,0.0,0.0,18.0,0.0,0.0,0.0,602.0,272.0,0.0,0.0,0.0,196.0,0.0,0.0,1396.0,146.0,0.0,0.0,0.0,0.0,0.0,432.0,553.0,0.0,0.0,421.0,488.0,73.0
2021-10-05 01:00:00+00:00,0.0,0.0,270.0,301.0,256.0,402.0,520.0,0.0,0.0,165.0,0.0,248.0,14.0,170.0,0.0,0.0,2.0,0.0,0.0,0.0,602.0,276.0,0.0,0.0,0.0,205.0,0.0,0.0,1395.0,137.0,0.0,0.0,0.0,0.0,0.0,381.0,559.0,0.0,0.0,394.0,457.0,73.0
2021-10-05 02:00:00+00:00,0.0,0.0,270.0,298.0,251.0,416.0,374.0,0.0,0.0,165.0,0.0,303.0,37.0,198.0,0.0,0.0,12.0,0.0,0.0,0.0,602.0,276.0,0.0,0.0,0.0,147.0,0.0,0.0,1402.0,156.0,0.0,0.0,0.0,0.0,0.0,416.0,564.0,0.0,0.0,398.0,440.0,72.0
2021-10-05 03:00:00+00:00,0.0,0.0,269.0,314.0,276.0,385.0,320.0,0.0,0.0,150.0,0.0,267.0,25.0,140.0,0.0,0.0,39.0,0.0,0.0,0.0,602.0,260.0,0.0,0.0,0.0,108.0,0.0,0.0,1408.0,163.0,0.0,0.0,0.0,0.0,0.0,478.0,574.0,0.0,0.0,414.0,440.0,72.0
2021-10-05 04:00:00+00:00,0.0,52.0,173.0,293.0,333.0,355.0,332.0,0.0,10.0,324.0,0.0,0.0,0.0,7.0,0.0,0.0,71.0,0.0,0.0,0.0,602.0,28.0,0.0,0.0,0.0,199.0,0.0,0.0,1399.0,154.0,0.0,0.0,32.0,0.0,94.0,430.0,543.0,2.0,0.0,259.0,475.0,72.0
2021-10-05 05:00:00+00:00,0.0,99.0,95.0,231.0,312.0,397.0,310.0,0.0,78.0,438.0,0.0,0.0,0.0,1.0,0.0,0.0,24.0,0.0,0.0,0.0,602.0,2.0,0.0,0.0,0.0,19.0,0.0,0.0,1367.0,169.0,0.0,0.0,63.0,0.0,92.0,425.0,408.0,3.0,0.0,291.0,449.0,71.0
2021-10-05 06:00:00+00:00,0.0,216.0,96.0,330.0,115.0,399.0,273.0,0.0,161.0,462.0,0.0,0.0,0.0,0.0,0.0,0.0,8.0,0.0,0.0,0.0,602.0,0.0,0.0,0.0,0.0,84.0,0.0,0.0,1359.0,156.0,0.0,0.0,92.0,0.0,129.0,288.0,424.0,10.0,0.0,225.0,434.0,70.0
2021-10-05 07:00:00+00:00,0.0,208.0,198.0,462.0,20.0,409.0,289.0,0.0,246.0,543.0,0.0,0.0,0.0,1.0,0.0,0.0,0.0,0.0,0.0,0.0,602.0,0.0,0.0,1.0,0.0,235.0,0.0,0.0,1360.0,151.0,0.0,0.0,40.0,0.0,142.0,193.0,453.0,0.0,0.0,183.0,456.0,69.0
2021-10-05 08:00:00+00:00,0.0,300.0,235.0,528.0,29.0,331.0,238.0,0.0,259.0,576.0,0.0,0.0,0.0,3.0,0.0,0.0,0.0,0.0,0.0,0.0,602.0,0.0,0.0,0.0,0.0,255.0,0.0,0.0,1360.0,126.0,0.0,0.0,26.0,0.0,179.0,66.0,516.0,0.0,0.0,88.0,473.0,72.0
2021-10-05 09:00:00+00:00,0.0,240.0,286.0,566.0,33.0,299.0,270.0,0.0,209.0,527.0,0.0,0.0,0.0,38.0,0.0,0.0,41.0,0.0,0.0,0.0,602.0,0.0,0.0,0.0,0.0,309.0,0.0,0.0,1359.0,112.0,0.0,0.0,0.0,0.0,178.0,57.0,548.0,0.0,0.0,120.0,474.0,82.0
2021-10-05 10:00:00+00:00,0.0,211.0,270.0,562.0,32.0,233.0,188.0,0.0,179.0,489.0,0.0,0.0,0.0,59.0,0.0,0.0,81.0,0.0,0.0,0.0,602.0,0.0,0.0,0.0,0.0,313.0,0.0,0.0,1376.0,97.0,0.0,0.0,0.0,0.0,178.0,4.0,533.0,0.0,13.0,92.0,447.0,140.0
2021-10-05 11:00:00+00:00,0.0,219.0,242.0,571.0,33.0,240.0,170.0,0.0,175.0,473.0,0.0,0.0,0.0,44.0,0.0,0.0,76.0,0.0,0.0,0.0,603.0,0.0,0.0,0.0,0.0,367.0,0.0,0.0,1406.0,78.0,0.0,0.0,0.0,0.0,195.0,5.0,541.0,0.0,7.0,84.0,447.0,201.0
2021-10-05 12:00:00+00:00,0.0,211.0,182.0,555.0,39.0,194.0,114.0,0.0,168.0,466.0,0.0,0.0,0.0,41.0,0.0,0.0,103.0,0.0,0.0,0.0,603.0,0.0,0.0,0.0,0.0,455.0,0.0,0.0,1406.0,59.0,0.0,0.0,2.0,0.0,193.0,76.0,518.0,5.0,0.0,119.0,463.0,195.0
2021-10-05 13:00:00+00:00,0.0,178.0,175.0,546.0,26.0,317.0,206.0,0.0,154.0,482.0,0.0,0.0,0.0,16.0,0.0,0.0,121.0,0.0,0.0,0.0,603.0,0.0,0.0,0.0,0.0,368.0,0.0,0.0,1405.0,116.0,0.0,0.0,6.0,0.0,184.0,163.0,537.0,14.0,0.0,117.0,475.0,192.0
2021-10-05 14:00:00+00:00,0.0,154.0,203.0,454.0,205.0,310.0,255.0,0.0,132.0,508.0,0.0,0.0,0.0,4.0,0.0,0.0,61.0,0.0,0.0,0.0,603.0,0.0,0.0,0.0,0.0,240.0,0.0,0.0,1405.0,134.0,0.0,0.0,41.0,0.0,177.0,299.0,482.0,0.0,0.0,156.0,512.0,193.0
2021-10-05 15:00:00+00:00,0.0,88.0,139.0,317.0,394.0,298.0,229.0,0.0,86.0,394.0,0.0,0.0,0.0,0.0,0.0,0.0,87.0,0.0,0.0,0.0,603.0,0.0,0.0,0.0,0.0,147.0,0.0,0.0,1405.0,109.0,0.0,0.0,76.0,0.0,126.0,404.0,407.0,4.0,0.0,230.0,447.0,198.0
2021-10-05 16:00:00+00:00,0.0,63.0,66.0,306.0,392.0,364.0,272.0,0.0,108.0,378.0,0.0,0.0,0.0,0.0,0.0,0.0,100.0,0.0,0.0,0.0,602.0,0.0,0.0,0.0,0.0,40.0,0.0,0.0,1405.0,116.0,0.0,0.0,50.0,0.0,89.0,504.0,400.0,14.0,0.0,277.0,437.0,197.0
2021-10-05 17:00:00+00:00,0.0,163.0,82.0,301.0,385.0,406.0,338.0,0.0,91.0,328.0,0.0,0.0,0.0,1.0,0.0,0.0,41.0,0.0,0.0,0.0,591.0,0.0,0.0,0.0,0.0,0.0,0.0,0.0,1406.0,139.0,0.0,40.0,28.0,0.0,82.0,520.0,342.0,6.0,0.0,282.0,462.0,195.0
2021-10-05 18:00:00+00:00,0.0,33.0,105.0,322.0,372.0,386.0,375.0,0.0,67.0,312.0,0.0,0.0,0.0,42.0,0.0,0.0,66.0,0.0,0.0,0.0,584.0,0.0,0.0,0.0,0.0,44.0,0.0,0.0,1359.0,155.0,0.0,0.0,1.0,0.0,69.0,522.0,389.0,6.0,0.0,307.0,482.0,196.0
2021-10-05 19:00:00+00:00,0.0,21.0,160.0,375.0,454.0,389.0,283.0,0.0,54.0,331.0,0.0,0.0,0.0,47.0,0.0,0.0,42.0,0.0,0.0,0.0,602.0,1.0,0.0,0.0,0.0,185.0,0.0,0.0,1404.0,118.0,0.0,0.0,0.0,0.0,86.0,476.0,455.0,2.0,0.0,264.0,530.0,196.0
2021-10-05 20:00:00+00:00,0.0,0.0,218.0,356.0,411.0,442.0,401.0,0.0,12.0,283.0,0.0,148.0,0.0,116.0,0.0,0.0,45.0,0.0,0.0,0.0,602.0,9.0,0.0,0.0,0.0,200.0,0.0,0.0,1414.0,129.0,0.0,0.0,0.0,0.0,19.0,532.0,482.0,0.0,0.0,353.0,555.0,197.0
2021-10-05 21:00:00+00:00,0.0,0.0,298.0,368.0,407.0,405.0,515.0,0.0,2.0,211.0,0.0,126.0,0.0,142.0,0.0,0.0,64.0,0.0,0.0,0.0,602.0,58.0,0.0,0.0,0.0,289.0,0.0,0.0,1371.0,121.0,0.0,0.0,0.0,0.0,39.0,484.0,519.0,0.0,0.0,287.0,623.0,197.0
2021-10-05 22:00:00+00:00,0.0,0.0,374.0,364.0,372.0,521.0,411.0,0.0,0.0,135.0,0.0,379.0,12.0,176.0,0.0,0.0,10.0,0.0,0.0,0.0,602.0,161.0,0.0,0.0,0.0,351.0,0.0,0.0,1455.0,163.0,0.0,0.0,0.0,0.0,0.0,436.0,523.0,0.0,0.0,275.0,596.0,196.0
2021-10-05 23:00:00+00:00,0.0,0.0,290.0,322.0,299.0,526.0,427.0,0.0,0.0,136.0,0.0,295.0,0.0,148.0,0.0,0.0,34.0,0.0,0.0,0.0,602.0,207.0,0.0,0.0,0.0,276.0,0.0,0.0,1430.0,161.0,0.0,0.0,0.0,0.0,6.0,388.0,557.0,0.0,0.0,274.0,576.0,197.0
2021-10-06 00:00:00+00:00,0.0,0.0,283.0,303.0,271.0,538.0,422.0,0.0,0.0,130.0,0.0,149.0,0.0,129.0,0.0,0.0,0.0,0.0,0.0,0.0,602.0,225.0,0.0,0.0,0.0,285.0,0.0,0.0,1433.0,158.0,0.0,0.0,0.0,0.0,29.0,383.0,542.0,0.0,0.0,278.0,567.0,197.0
2021-10-06 01:00:00+00:00,0.0,0.0,255.0,295.0,281.0,510.0,399.0,0.0,0.0,143.0,0.0,185.0,0.0,111.0,0.0,0.0,22.0,0.0,0.0,0.0,602.0,207.0,0.0,0.0,0.0,212.0,0.0,0.0,1413.0,162.0,0.0,0.0,0.0,0.0,10.0,324.0,531.0,0.0,0.0,253.0,530.0,197.0
2021-10-06 02:00:00+00:00,0.0,0.0,280.0,301.0,281.0,479.0,398.0,0.0,0.0,130.0,0.0,225.0,5.0,138.0,0.0,0.0,26.0,0.0,0.0,0.0,602.0,220.0,0.0,0.0,0.0,210.0,0.0,0.0,1407.0,157.0,0.0,0.0,0.0,0.0,0.0,380.0,551.0,0.0,0.0,265.0,545.0,195.0
2021-10-06 03:00:00+00:00,0.0,0.0,308.0,294.0,287.0,430.0,311.0,0.0,0.0,141.0,0.0,95.0,0.0,106.0,0.0,0.0,40.0,0.0,0.0,0.0,602.0,191.0,0.0,0.0,0.0,167.0,0.0,0.0,1413.0,139.0,0.0,0.0,0.0,0.0,8.0,516.0,604.0,0.0,0.0,357.0,517.0,196.0
2021-10-06 04:00:00+00:00,0.0,169.0,234.0,328.0,417.0,390.0,271.0,0.0,9.0,348.0,0.0,0.0,0.0,10.0,0.0,0.0,12.0,0.0,0.0,0.0,602.0,14.0,0.0,0.0,0.0,167.0,0.0,0.0,1403.0,125.0,0.0,0.0,15.0,0.0,108.0,535.0,532.0,1.0,0.0,306.0,535.0,195.0
2021-10-06 05:00:00+00:00,0.0,210.0,158.0,307.0,440.0,385.0,237.0,0.0,98.0,448.0,0.0,0.0,0.0,0.0,0.0,0.0,0.0,0.0,0.0,0.0,602.0,0.0,0.0,4.0,0.0,27.0,0.0,0.0,1376.0,134.0,0.0,0.0,80.0,0.0,122.0,415.0,458.0,0.0,0.0,215.0,538.0,195.0
2021-10-06 06:00:00+00:00,0.0,529.0,144.0,462.0,210.0,353.0,318.0,0.0,220.0,547.0,0.0,0.0,0.0,0.0,0.0,0.0,0.0,0.0,0.0,0.0,602.0,0.0,0.0,2.0,0.0,270.0,0.0,0.0,1378.0,108.0,0.0,0.0,162.0,0.0,228.0,234.0,442.0,2.0,0.0,49.0,586.0,194.0
2021-10-06 07:00:00+00:00,0.0,455.0,163.0,570.0,0.0,395.0,300.0,0.0,296.0,615.0,0.0,0.0,0.0,0.0,0.0,0.0,10.0,0.0,0.0,0.0,602.0,0.0,0.0,0.0,0.0,351.0,0.0,0.0,1378.0,112.0,0.0,0.0,105.0,2.0,203.0,179.0,458.0,1.0,0.0,57.0,623.0,196.0
2021-10-06 08:00:00+00:00,0.0,438.0,138.0,562.0,0.0,453.0,380.0,0.0,288.0,601.0,0.0,0.0,0.0,0.0,0.0,0.0,0.0,0.0,0.0,0.0,602.0,0.0,0.0,6.0,0.0,417.0,0.0,0.0,1380.0,119.0,0.0,0.0,54.0,1.0,193.0,204.0,452.0,1.0,0.0,104.0,692.0,196.0
2021-10-06 09:00:00+00:00,0.0,426.0,178.0,589.0,0.0,481.0,446.0,0.0,274.0,586.0,0.0,0.0,0.0,0.0,0.0,0.0,0.0,0.0,0.0,0.0,602.0,0.0,0.0,3.0,0.0,452.0,0.0,0.0,1376.0,126.0,0.0,0.0,61.0,1.0,194.0,200.0,497.0,0.0,0.0,108.0,697.0,196.0
2021-10-06 10:00:00+00:00,0.0,490.0,211.0,596.0,0.0,448.0,475.0,0.0,281.0,587.0,0.0,0.0,0.0,0.0,0.0,0.0,0.0,0.0,0.0,0.0,602.0,0.0,0.0,0.0,0.0,454.0,0.0,0.0,1379.0,125.0,0.0,0.0,25.0,1.0,205.0,230.0,513.0,0.0,0.0,146.0,683.0,195.0
2021-10-06 11:00:00+00:00,0.0,505.0,201.0,615.0,0.0,504.0,484.0,0.0,287.0,575.0,0.0,0.0,0.0,0.0,0.0,0.0,11.0,0.0,0.0,0.0,602.0,0.0,0.0,0.0,0.0,464.0,0.0,0.0,1377.0,125.0,0.0,0.0,38.0,1.0,212.0,210.0,521.0,0.0,0.0,135.0,664.0,194.0
2021-10-06 12:00:00+00:00,0.0,455.0,213.0,564.0,0.0,511.0,441.0,0.0,278.0,579.0,0.0,0.0,0.0,0.0,0.0,0.0,13.0,0.0,0.0,0.0,600.0,0.0,0.0,0.0,0.0,483.0,0.0,0.0,1378.0,133.0,0.0,0.0,61.0,1.0,204.0,249.0,502.0,0.0,0.0,144.0,641.0,197.0
2021-10-06 13:00:00+00:00,0.0,496.0,162.0,434.0,230.0,519.0,414.0,0.0,226.0,534.0,0.0,0.0,0.0,0.0,0.0,0.0,28.0,0.0,0.0,0.0,513.0,0.0,0.0,0.0,0.0,439.0,0.0,0.0,1377.0,136.0,0.0,0.0,93.0,0.0,227.0,261.0,461.0,0.0,0.0,138.0,595.0,195.0
2021-10-06 14:00:00+00:00,0.0,545.0,112.0,321.0,489.0,486.0,413.0,0.0,152.0,463.0,0.0,0.0,0.0,0.0,0.0,0.0,12.0,0.0,0.0,0.0,520.0,0.0,0.0,0.0,0.0,363.0,0.0,0.0,1378.0,152.0,0.0,0.0,138.0,0.0,241.0,275.0,428.0,2.0,0.0,83.0,560.0,196.0
2021-10-06 15:00:00+00:00,0.0,551.0,119.0,328.0,469.0,453.0,354.0,0.0,114.0,399.0,0.0,0.0,0.0,0.0,0.0,0.0,19.0,0.0,0.0,0.0,540.0,0.0,0.0,0.0,0.0,324.0,0.0,0.0,1377.0,159.0,0.0,0.0,193.0,0.0,235.0,240.0,452.0,2.0,0.0,6.0,500.0,196.0
2021-10-06 16:00:00+00:00,0.0,550.0,102.0,314.0,452.0,474.0,328.0,0.0,112.0,294.0,0.0,0.0,0.0,0.0,0.0,0.0,44.0,0.0,0.0,0.0,601.0,0.0,0.0,0.0,0.0,235.0,0.0,14.0,1377.0,135.0,0.0,0.0,231.0,0.0,242.0,271.0,462.0,6.0,0.0,0.0,479.0,197.0
2021-10-06 17:00:00+00:00,0.0,580.0,143.0,328.0,473.0,473.0,345.0,0.0,110.0,295.0,0.0,0.0,0.0,0.0,0.0,0.0,55.0,0.0,0.0,0.0,601.0,0.0,0.0,0.0,0.0,179.0,0.0,16.0,1378.0,126.0,0.0,0.0,219.0,0.0,233.0,267.0,442.0,2.0,0.0,1.0,477.0,196.0
2021-10-06 18:00:00+00:00,0.0,552.0,137.0,330.0,480.0,471.0,384.0,0.0,148.0,336.0,0.0,0.0,0.0,0.0,0.0,0.0,36.0,0.0,0.0,0.0,554.0,0.0,0.0,0.0,0.0,186.0,0.0,3.0,1364.0,136.0,0.0,0.0,209.0,0.0,226.0,224.0,410.0,2.0,0.0,5.0,457.0,196.0
2021-10-06 19:00:00+00:00,0.0,367.0,205.0,380.0,515.0,471.0,427.0,0.0,105.0,367.0,0.0,0.0,0.0,0.0,0.0,0.0,9.0,0.0,0.0,0.0,548.0,0.0,0.0,0.0,0.0,273.0,0.0,0.0,1412.0,136.0,0.0,0.0,114.0,0.0,186.0,218.0,501.0,1.0,0.0,57.0,461.0,194.0
2021-10-06 20:00:00+00:00,0.0,254.0,246.0,404.0,535.0,484.0,448.0,0.0,57.0,357.0,0.0,0.0,0.0,0.0,0.0,0.0,0.0,0.0,0.0,0.0,601.0,0.0,0.0,1.0,0.0,295.0,0.0,0.0,1355.0,112.0,0.0,0.0,41.0,0.0,166.0,261.0,567.0,0.0,0.0,82.0,534.0,194.0
2021-10-06 21:00:00+00:00,0.0,214.0,304.0,401.0,516.0,546.0,408.0,0.0,11.0,281.0,0.0,0.0,0.0,7.0,0.0,0.0,0.0,0.0,0.0,0.0,599.0,9.0,0.0,4.0,0.0,259.0,0.0,0.0,1383.0,120.0,0.0,0.0,23.0,0.0,156.0,226.0,579.0,0.0,0.0,102.0,528.0,196.0
2021-10-06 22:00:00+00:00,0.0,311.0,256.0,374.0,539.0,579.0,509.0,0.0,35.0,350.0,0.0,0.0,0.0,0.0,0.0,0.0,0.0,0.0,0.0,0.0,505.0,1.0,0.0,0.0,0.0,349.0,0.0,0.0,1365.0,135.0,0.0,0.0,120.0,0.0,219.0,225.0,517.0,0.0,0.0,41.0,371.0,196.0
2021-10-06 23:00:00+00:00,0.0,269.0,242.0,358.0,537.0,556.0,534.0,0.0,29.0,392.0,0.0,0.0,0.0,0.0,0.0,0.0,30.0,0.0,0.0,0.0,502.0,0.0,0.0,0.0,0.0,311.0,0.0,0.0,1364.0,147.0,0.0,0.0,123.0,0.0,215.0,192.0,496.0,0.0,0.0,24.0,354.0,195.0
2021-10-07 00:00:00+00:00,0.0,251.0,235.0,344.0,519.0,565.0,513.0,0.0,19.0,383.0,0.0,0.0,0.0,0.0,0.0,0.0,25.0,0.0,0.0,0.0,502.0,3.0,0.0,0.0,0.0,293.0,0.0,0.0,1381.0,129.0,0.0,0.0,109.0,0.0,206.0,175.0,479.0,0.0,0.0,25.0,338.0,195.0
2021-10-07 01:00:00+00:00,0.0,316.0,217.0,346.0,524.0,547.0,485.0,0.0,28.0,394.0,0.0,0.0,0.0,0.0,0.0,0.0,24.0,0.0,0.0,0.0,502.0,1.0,0.0,0.0,0.0,272.0,0.0,0.0,1370.0,144.0,0.0,0.0,131.0,0.0,228.0,156.0,510.0,0.0,0.0,20.0,322.0,196.0
2021-10-07 02:00:00+00:00,0.0,309.0,212.0,346.0,522.0,489.0,461.0,0.0,39.0,387.0,0.0,0.0,0.0,0.0,0.0,0.0,31.0,0.0,0.0,0.0,502.0,0.0,0.0,0.0,0.0,267.0,0.0,0.0,1396.0,159.0,0.0,0.0,137.0,0.0,227.0,177.0,510.0,1.0,0.0,21.0,319.0,196.0
2021-10-07 03:00:00+00:00,0.0,234.0,175.0,306.0,445.0,427.0,407.0,0.0,50.0,334.0,0.0,0.0,0.0,0.0,0.0,0.0,0.0,0.0,0.0,0.0,490.0,0.0,0.0,0.0,0.0,226.0,0.0,2.0,1094.0,185.0,0.0,0.0,138.0,0.0,181.0,257.0,489.0,0.0,0.0,11.0,326.0,195.0
2021-10-07 04:00:00+00:00,0.0,531.0,97.0,284.0,438.0,421.0,400.0,0.0,95.0,280.0,0.0,0.0,0.0,0.0,0.0,0.0,0.0,0.0,0.0,0.0,93.0,0.0,0.0,1.0,0.0,170.0,0.0,108.0,985.0,187.0,0.0,0.0,253.0,0.0,249.0,172.0,423.0,6.0,0.0,0.0,320.0,193.0
2021-10-07 05:00:00+00:00,0.0,750.0,104.0,313.0,348.0,374.0,333.0,0.0,133.0,224.0,0.0,0.0,0.0,0.0,0.0,148.0,0.0,0.0,0.0,0.0,0.0,0.0,0.0,0.0,0.0,97.0,0.0,182.0,983.0,168.0,0.0,0.0,340.0,0.0,288.0,81.0,419.0,3.0,0.0,0.0,340.0,194.0
2021-10-07 06:00:00+00:00,0.0,759.0,183.0,477.0,0.0,407.0,338.0,0.0,219.0,289.0,0.0,0.0,0.0,0.0,0.0,113.0,0.0,0.0,0.0,0.0,0.0,0.0,0.0,2.0,0.0,133.0,0.0,189.0,984.0,149.0,0.0,0.0,234.0,0.0,268.0,55.0,488.0,0.0,0.0,0.0,394.0,193.0
2021-10-07 07:00:00+00:00,0.0,659.0,214.0,518.0,0.0,474.0,394.0,0.0,260.0,300.0,0.0,0.0,0.0,0.0,0.0,140.0,0.0,0.0,0.0,0.0,0.0,0.0,0.0,0.0,0.0,225.0,0.0,119.0,984.0,142.0,0.0,0.0,152.0,0.0,243.0,80.0,506.0,0.0,0.0,0.0,430.0,192.0
2021-10-07 08:00:00+00:00,0.0,537.0,207.0,509.0,0.0,492.0,409.0,0.0,260.0,271.0,0.0,0.0,0.0,0.0,0.0,99.0,0.0,0.0,0.0,0.0,0.0,0.0,0.0,1.0,0.0,334.0,0.0,18.0,984.0,133.0,0.0,0.0,51.0,0.0,217.0,142.0,519.0,0.0,0.0,7.0,444.0,194.0
2021-10-07 09:00:00+00:00,0.0,506.0,238.0,562.0,0.0,514.0,423.0,0.0,283.0,308.0,0.0,0.0,0.0,36.0,0.0,171.0,0.0,0.0,0.0,0.0,0.0,0.0,0.0,0.0,0.0,358.0,0.0,0.0,984.0,145.0,0.0,0.0,0.0,0.0,202.0,241.0,549.0,0.0,0.0,113.0,472.0,195.0
2021-10-07 10:00:00+00:00,0.0,578.0,262.0,542.0,0.0,536.0,433.0,0.0,284.0,294.0,0.0,0.0,0.0,64.0,0.0,246.0,0.0,0.0,0.0,0.0,0.0,0.0,0.0,0.0,0.0,444.0,0.0,0.0,984.0,143.0,0.0,0.0,0.0,0.0,197.0,271.0,517.0,0.0,0.0,154.0,460.0,198.0
2021-10-07 11:00:00+00:00,0.0,642.0,176.0,540.0,0.0,528.0,422.0,0.0,338.0,372.0,0.0,0.0,0.0,48.0,0.0,248.0,1.0,0.0,0.0,0.0,0.0,0.0,0.0,0.0,0.0,447.0,0.0,0.0,984.0,146.0,0.0,0.0,0.0,0.0,222.0,231.0,486.0,0.0,0.0,109.0,454.0,197.0
2021-10-07 12:00:00+00:00,0.0,629.0,159.0,520.0,0.0,506.0,393.0,0.0,321.0,374.0,0.0,0.0,0.0,17.0,0.0,238.0,0.0,0.0,0.0,,0.0,0.0,0.0,1.0,0.0,473.0,,0.0,984.0,149.0,0.0,0.0,3.0,0.0,222.0,212.0,494.0,0.0,0.0,74.0,431.0,195.0
2021-10-07 13:00:00+00:00,0.0,628.0,158.0,377.0,333.0,466.0,441.0,0.0,256.0,317.0,0.0,0.0,0.0,0.0,0.0,254.0,6.0,0.0,0.0,0.0,0.0,0.0,0.0,0.0,0.0,330.0,0.0,22.0,983.0,148.0,0.0,0.0,80.0,0.0,234.0,176.0,462.0,4.0,0.0,0.0,396.0,193.0
2021-10-07 14:00:00+00:00,0.0,587.0,194.0,325.0,523.0,396.0,382.0,0.0,152.0,152.0,0.0,0.0,0.0,0.0,0.0,255.0,0.0,0.0,0.0,0.0,0.0,0.0,0.0,3.0,0.0,265.0,0.0,45.0,1009.0,135.0,0.0,0.0,134.0,0.0,221.0,206.0,493.0,0.0,0.0,0.0,359.0,191.0
2021-10-07 15:00:00+00:00,0.0,829.0,168.0,322.0,516.0,359.0,355.0,0.0,161.0,141.0,0.0,0.0,0.0,0.0,0.0,188.0,0.0,0.0,0.0,0.0,0.0,0.0,0.0,0.0,0.0,185.0,0.0,174.0,1011.0,130.0,0.0,0.0,288.0,0.0,277.0,139.0,476.0,1.0,0.0,0.0,339.0,193.0
2021-10-07 16:00:00+00:00,0.0,892.0,117.0,314.0,494.0,404.0,329.0,0.0,150.0,91.0,0.0,0.0,0.0,0.0,0.0,215.0,2.0,0.0,0.0,0.0,0.0,0.0,0.0,0.0,0.0,0.0,0.0,209.0,1010.0,134.0,0.0,45.0,330.0,0.0,271.0,135.0,476.0,2.0,0.0,0.0,342.0,193.0
2021-10-07 17:00:00+00:00,0.0,885.0,155.0,314.0,503.0,426.0,336.0,0.0,145.0,61.0,0.0,0.0,0.0,0.0,0.0,217.0,0.0,0.0,0.0,0.0,0.0,0.0,0.0,0.0,0.0,0.0,0.0,216.0,1011.0,139.0,0.0,64.0,355.0,0.0,263.0,123.0,449.0,0.0,0.0,0.0,339.0,193.0
2021-10-07 18:00:00+00:00,2.0,855.0,157.0,309.0,486.0,470.0,340.0,0.0,118.0,34.0,0.0,0.0,0.0,0.0,0.0,189.0,0.0,0.0,0.0,0.0,0.0,0.0,0.0,2.0,0.0,52.0,0.0,198.0,1395.0,121.0,0.0,0.0,314.0,0.0,258.0,119.0,464.0,0.0,0.0,0.0,337.0,192.0
2021-10-07 19:00:00+00:00,0.0,654.0,155.0,322.0,531.0,478.0,377.0,0.0,162.0,173.0,0.0,0.0,0.0,0.0,0.0,255.0,0.0,0.0,0.0,0.0,0.0,0.0,0.0,2.0,0.0,287.0,0.0,142.0,1418.0,126.0,0.0,0.0,189.0,0.0,215.0,122.0,441.0,2.0,0.0,0.0,326.0,195.0
2021-10-07 20:00:00+00:00,0.0,496.0,121.0,330.0,541.0,517.0,460.0,0.0,187.0,169.0,0.0,0.0,0.0,0.0,0.0,259.0,0.0,0.0,0.0,0.0,0.0,0.0,0.0,2.0,0.0,264.0,0.0,49.0,1429.0,117.0,0.0,0.0,83.0,0.0,167.0,223.0,427.0,2.0,0.0,0.0,391.0,191.0
2021-10-07 21:00:00+00:00,0.0,470.0,153.0,339.0,549.0,557.0,466.0,0.0,167.0,176.0,0.0,0.0,0.0,0.0,0.0,98.0,0.0,0.0,0.0,0.0,0.0,0.0,0.0,1.0,0.0,270.0,0.0,119.0,1407.0,126.0,0.0,0.0,84.0,0.0,194.0,127.0,432.0,2.0,0.0,0.0,413.0,195.0
2021-10-07 22:00:00+00:00,0.0,71.0,229.0,362.0,559.0,609.0,437.0,0.0,104.0,231.0,0.0,0.0,0.0,23.0,0.0,0.0,22.0,0.0,0.0,0.0,549.0,0.0,0.0,0.0,0.0,214.0,0.0,0.0,1445.0,146.0,0.0,0.0,4.0,0.0,135.0,237.0,560.0,4.0,0.0,74.0,453.0,194.0
2021-10-07 23:00:00+00:00,0.0,0.0,298.0,357.0,559.0,577.0,452.0,0.0,60.0,218.0,0.0,2.0,0.0,22.0,0.0,0.0,31.0,0.0,0.0,0.0,602.0,0.0,0.0,0.0,0.0,256.0,0.0,0.0,1419.0,161.0,0.0,0.0,6.0,0.0,118.0,221.0,573.0,0.0,0.0,109.0,439.0,194.0
2021-10-08 00:00:00+00:00,0.0,157.0,303.0,354.0,561.0,571.0,445.0,0.0,28.0,203.0,0.0,0.0,0.0,5.0,0.0,0.0,26.0,0.0,0.0,0.0,602.0,1.0,0.0,0.0,0.0,257.0,0.0,0.0,1412.0,165.0,0.0,0.0,15.0,0.0,153.0,186.0,583.0,0.0,0.0,93.0,424.0,195.0
2021-10-08 01:00:00+00:00,0.0,173.0,298.0,354.0,547.0,565.0,444.0,0.0,13.0,193.0,0.0,0.0,0.0,0.0,0.0,0.0,23.0,0.0,0.0,0.0,602.0,3.0,0.0,0.0,0.0,277.0,0.0,0.0,1413.0,163.0,0.0,0.0,26.0,0.0,151.0,156.0,580.0,0.0,0.0,83.0,402.0,195.0
2021-10-08 02:00:00+00:00,0.0,168.0,303.0,347.0,551.0,520.0,389.0,0.0,46.0,212.0,0.0,0.0,0.0,1.0,0.0,0.0,28.0,0.0,0.0,0.0,602.0,0.0,0.0,0.0,0.0,269.0,0.0,0.0,1407.0,159.0,0.0,0.0,26.0,0.0,160.0,202.0,562.0,0.0,0.0,81.0,420.0,194.0
2021-10-08 03:00:00+00:00,0.0,230.0,208.0,313.0,511.0,452.0,310.0,0.0,110.0,268.0,0.0,0.0,0.0,0.0,0.0,0.0,36.0,0.0,0.0,0.0,602.0,0.0,0.0,0.0,0.0,252.0,0.0,0.0,1387.0,156.0,0.0,0.0,106.0,0.0,182.0,217.0,490.0,0.0,0.0,38.0,412.0,193.0
2021-10-08 04:00:00+00:00,0.0,288.0,134.0,288.0,496.0,429.0,293.0,0.0,207.0,338.0,0.0,0.0,0.0,0.0,0.0,0.0,0.0,0.0,0.0,0.0,593.0,0.0,0.0,4.0,0.0,214.0,0.0,40.0,1413.0,132.0,0.0,0.0,207.0,0.0,205.0,175.0,419.0,2.0,0.0,0.0,398.0,191.0
2021-10-08 05:00:00+00:00,0.0,406.0,58.0,244.0,429.0,358.0,278.0,0.0,283.0,365.0,0.0,0.0,0.0,0.0,0.0,0.0,0.0,0.0,0.0,0.0,592.0,0.0,0.0,5.0,0.0,55.0,0.0,28.0,1414.0,114.0,0.0,0.0,197.0,0.0,180.0,144.0,355.0,14.0,0.0,0.0,381.0,191.0
2021-10-08 06:00:00+00:00,0.0,459.0,45.0,250.0,418.0,341.0,292.0,0.0,288.0,347.0,0.0,0.0,0.0,0.0,0.0,0.0,0.0,0.0,0.0,0.0,593.0,0.0,0.0,3.0,0.0,12.0,0.0,1.0,1414.0,102.0,0.0,0.0,159.0,0.0,177.0,80.0,348.0,13.0,0.0,13.0,348.0,193.0
2021-10-08 07:00:00+00:00,0.0,402.0,65.0,290.0,466.0,403.0,311.0,0.0,310.0,390.0,0.0,0.0,0.0,0.0,0.0,0.0,0.0,0.0,0.0,0.0,589.0,0.0,0.0,7.0,0.0,24.0,0.0,0.0,1414.0,97.0,0.0,0.0,81.0,0.0,140.0,72.0,338.0,9.0,0.0,97.0,374.0,192.0
2021-10-08 08:00:00+00:00,0.0,284.0,50.0,284.0,454.0,441.0,346.0,0.0,337.0,449.0,0.0,0.0,0.0,69.0,0.0,0.0,3.0,0.0,0.0,0.0,602.0,0.0,0.0,0.0,0.0,147.0,0.0,0.0,1410.0,117.0,0.0,0.0,2.0,0.0,112.0,163.0,339.0,17.0,0.0,227.0,415.0,192.0
2021-10-08 09:00:00+00:00,0.0,246.0,111.0,306.0,482.0,463.0,385.0,0.0,348.0,450.0,0.0,0.0,0.0,170.0,0.0,0.0,0.0,0.0,0.0,0.0,602.0,0.0,0.0,4.0,0.0,209.0,0.0,0.0,1414.0,136.0,0.0,0.0,0.0,0.0,104.0,259.0,423.0,5.0,0.0,345.0,418.0,192.0
2021-10-08 10:00:00+00:00,0.0,128.0,150.0,270.0,449.0,432.0,355.0,0.0,410.0,422.0,0.0,0.0,0.0,199.0,0.0,0.0,0.0,0.0,0.0,0.0,602.0,0.0,0.0,6.0,0.0,313.0,0.0,0.0,1415.0,112.0,0.0,0.0,0.0,0.0,72.0,310.0,420.0,0.0,0.0,420.0,391.0,194.0
2021-10-08 11:00:00+00:00,0.0,105.0,146.0,277.0,468.0,448.0,325.0,0.0,405.0,414.0,0.0,0.0,0.0,224.0,0.0,0.0,0.0,0.0,0.0,0.0,602.0,0.0,0.0,16.0,0.0,321.0,0.0,0.0,1414.0,123.0,0.0,0.0,0.0,0.0,53.0,308.0,445.0,2.0,0.0,417.0,386.0,195.0
2021-10-08 12:00:00+00:00,0.0,142.0,128.0,274.0,474.0,408.0,296.0,0.0,422.0,416.0,0.0,0.0,0.0,180.0,0.0,0.0,0.0,0.0,0.0,0.0,600.0,0.0,0.0,8.0,0.0,325.0,0.0,0.0,1413.0,115.0,0.0,0.0,0.0,0.0,70.0,330.0,444.0,2.0,0.0,378.0,383.0,194.0
2021-10-08 13:00:00+00:00,0.0,122.0,146.0,312.0,529.0,420.0,353.0,0.0,385.0,367.0,0.0,0.0,0.0,126.0,0.0,0.0,0.0,0.0,0.0,0.0,602.0,0.0,0.0,5.0,0.0,246.0,0.0,0.0,1413.0,122.0,0.0,0.0,0.0,0.0,70.0,312.0,478.0,2.0,0.0,253.0,402.0,192.0
2021-10-08 14:00:00+00:00,0.0,10.0,188.0,316.0,505.0,362.0,367.0,0.0,322.0,319.0,0.0,0.0,0.0,93.0,0.0,0.0,0.0,0.0,0.0,0.0,602.0,0.0,0.0,1.0,0.0,206.0,0.0,0.0,1413.0,115.0,0.0,0.0,0.0,0.0,33.0,326.0,460.0,1.0,0.0,191.0,358.0,190.0
2021-10-08 15:00:00+00:00,0.0,352.0,146.0,301.0,480.0,343.0,381.0,0.0,314.0,259.0,0.0,0.0,0.0,0.0,0.0,0.0,0.0,0.0,0.0,0.0,595.0,0.0,0.0,0.0,0.0,226.0,0.0,0.0,1413.0,112.0,0.0,0.0,93.0,0.0,128.0,262.0,452.0,0.0,0.0,32.0,367.0,190.0
2021-10-08 16:00:00+00:00,0.0,350.0,117.0,289.0,475.0,407.0,339.0,0.0,307.0,227.0,0.0,0.0,0.0,0.0,0.0,0.0,11.0,0.0,0.0,0.0,602.0,0.0,0.0,0.0,0.0,3.0,0.0,0.0,1413.0,112.0,0.0,0.0,144.0,0.0,129.0,302.0,464.0,2.0,0.0,34.0,344.0,191.0
2021-10-08 17:00:00+00:00,0.0,333.0,192.0,298.0,462.0,417.0,346.0,0.0,233.0,174.0,0.0,0.0,0.0,0.0,0.0,0.0,16.0,0.0,0.0,0.0,602.0,0.0,0.0,0.0,0.0,0.0,0.0,0.0,1413.0,121.0,0.0,52.0,121.0,0.0,100.0,396.0,460.0,0.0,0.0,142.0,339.0,190.0
2021-10-08 18:00:00+00:00,0.0,400.0,239.0,314.0,499.0,366.0,336.0,0.0,247.0,215.0,0.0,0.0,0.0,0.0,0.0,0.0,0.0,0.0,0.0,0.0,592.0,0.0,0.0,1.0,0.0,76.0,0.0,0.0,1393.0,134.0,0.0,0.0,130.0,0.0,133.0,328.0,500.0,2.0,0.0,100.0,344.0,191.0
2021-10-08 19:00:00+00:00,0.0,192.0,246.0,338.0,569.0,429.0,314.0,0.0,286.0,322.0,0.0,0.0,0.0,6.0,0.0,0.0,0.0,0.0,0.0,0.0,602.0,0.0,0.0,0.0,0.0,310.0,0.0,0.0,1410.0,152.0,0.0,0.0,15.0,0.0,110.0,356.0,536.0,0.0,0.0,148.0,393.0,191.0
2021-10-08 20:00:00+00:00,0.0,85.0,245.0,363.0,577.0,461.0,406.0,0.0,226.0,292.0,0.0,0.0,0.0,57.0,0.0,0.0,1.0,0.0,0.0,0.0,595.0,0.0,0.0,0.0,0.0,313.0,0.0,0.0,1413.0,136.0,0.0,0.0,1.0,0.0,59.0,422.0,590.0,0.0,0.0,221.0,440.0,191.0
2021-10-08 21:00:00+00:00,0.0,76.0,322.0,388.0,593.0,532.0,448.0,0.0,187.0,253.0,0.0,0.0,0.0,67.0,0.0,0.0,55.0,0.0,0.0,0.0,602.0,0.0,0.0,0.0,0.0,391.0,0.0,0.0,1429.0,136.0,0.0,0.0,0.0,0.0,79.0,377.0,608.0,0.0,0.0,147.0,506.0,193.0
2021-10-08 22:00:00+00:00,0.0,21.0,416.0,428.0,616.0,431.0,426.0,0.0,41.0,169.0,0.0,0.0,0.0,33.0,0.0,0.0,35.0,0.0,0.0,0.0,602.0,1.0,0.0,0.0,0.0,440.0,0.0,0.0,1453.0,120.0,0.0,0.0,1.0,0.0,86.0,285.0,707.0,0.0,0.0,78.0,526.0,194.0
2021-10-08 23:00:00+00:00,0.0,18.0,450.0,441.0,626.0,380.0,436.0,0.0,4.0,165.0,0.0,0.0,0.0,47.0,0.0,0.0,55.0,0.0,0.0,0.0,602.0,52.0,0.0,0.0,0.0,418.0,0.0,0.0,1418.0,94.0,0.0,0.0,0.0,0.0,79.0,263.0,731.0,0.0,0.0,75.0,525.0,193.0
2021-10-09 00:00:00+00:00,0.0,137.0,425.0,435.0,595.0,404.0,420.0,0.0,0.0,152.0,0.0,0.0,0.0,32.0,0.0,0.0,48.0,0.0,0.0,0.0,602.0,112.0,0.0,0.0,0.0,447.0,0.0,0.0,1416.0,100.0,0.0,0.0,1.0,0.0,103.0,256.0,709.0,0.0,0.0,69.0,519.0,194.0
2021-10-09 01:00:00+00:00,0.0,208.0,414.0,426.0,586.0,403.0,439.0,0.0,0.0,138.0,0.0,0.0,0.0,2.0,0.0,0.0,43.0,0.0,0.0,0.0,602.0,129.0,0.0,0.0,0.0,447.0,0.0,0.0,1409.0,99.0,0.0,0.0,22.0,0.0,132.0,216.0,710.0,0.0,0.0,33.0,514.0,192.0
2021-10-09 02:00:00+00:00,0.0,239.0,428.0,429.0,593.0,349.0,382.0,0.0,0.0,151.0,0.0,0.0,0.0,0.0,0.0,0.0,46.0,0.0,0.0,0.0,602.0,128.0,0.0,0.0,0.0,403.0,0.0,0.0,1414.0,121.0,0.0,0.0,57.0,0.0,156.0,231.0,715.0,0.0,0.0,14.0,535.0,191.0
2021-10-09 03:00:00+00:00,0.0,53.0,411.0,414.0,571.0,287.0,356.0,0.0,0.0,153.0,0.0,0.0,0.0,4.0,0.0,0.0,52.0,0.0,0.0,0.0,602.0,113.0,0.0,0.0,0.0,389.0,0.0,0.0,1417.0,121.0,0.0,0.0,33.0,0.0,113.0,297.0,698.0,0.0,0.0,105.0,479.0,192.0
2021-10-09 04:00:00+00:00,0.0,37.0,358.0,402.0,527.0,262.0,363.0,0.0,0.0,142.0,0.0,0.0,0.0,5.0,0.0,0.0,71.0,0.0,0.0,0.0,594.0,97.0,0.0,0.0,0.0,324.0,0.0,0.0,1419.0,107.0,0.0,0.0,20.0,0.0,100.0,383.0,661.0,0.0,0.0,182.0,431.0,193.0
2021-10-09 05:00:00+00:00,0.0,93.0,297.0,318.0,439.0,276.0,292.0,0.0,31.0,206.0,0.0,0.0,0.0,2.0,0.0,0.0,51.0,0.0,0.0,0.0,311.0,5.0,0.0,0.0,0.0,198.0,0.0,0.0,1397.0,124.0,0.0,0.0,45.0,0.0,91.0,442.0,567.0,0.0,0.0,256.0,405.0,199.0
2021-10-09 06:00:00+00:00,0.0,75.0,280.0,331.0,421.0,240.0,288.0,0.0,57.0,215.0,0.0,0.0,0.0,59.0,0.0,0.0,59.0,0.0,0.0,0.0,295.0,0.0,0.0,0.0,0.0,107.0,0.0,0.0,1425.0,100.0,0.0,0.0,2.0,0.0,46.0,431.0,571.0,0.0,0.0,337.0,374.0,197.0
2021-10-09 07:00:00+00:00,0.0,0.0,317.0,388.0,427.0,279.0,306.0,0.0,26.0,173.0,0.0,205.0,46.0,224.0,0.0,0.0,52.0,0.0,0.0,0.0,277.0,2.0,0.0,0.0,0.0,59.0,0.0,0.0,1416.0,84.0,0.0,0.0,0.0,0.0,0.0,397.0,637.0,0.0,0.0,442.0,333.0,196.0
2021-10-09 08:00:00+00:00,0.0,0.0,300.0,392.0,438.0,266.0,318.0,0.0,100.0,303.0,0.0,388.0,116.0,351.0,0.0,0.0,53.0,0.0,0.0,0.0,548.0,0.0,0.0,0.0,0.0,156.0,0.0,0.0,1390.0,83.0,0.0,0.0,0.0,0.0,0.0,390.0,634.0,0.0,0.0,541.0,320.0,194.0
2021-10-09 09:00:00+00:00,0.0,0.0,332.0,398.0,413.0,219.0,239.0,0.0,62.0,272.0,0.0,437.0,135.0,409.0,0.0,0.0,47.0,0.0,0.0,0.0,557.0,0.0,0.0,0.0,0.0,213.0,0.0,0.0,1406.0,55.0,0.0,0.0,0.0,0.0,0.0,410.0,635.0,0.0,0.0,595.0,292.0,194.0
2021-10-09 10:00:00+00:00,0.0,0.0,333.0,388.0,408.0,250.0,295.0,0.0,83.0,262.0,0.0,474.0,155.0,381.0,0.0,0.0,47.0,0.0,0.0,0.0,556.0,0.0,0.0,0.0,0.0,227.0,0.0,0.0,1405.0,58.0,0.0,0.0,0.0,0.0,0.0,277.0,612.0,0.0,0.0,517.0,234.0,195.0
2021-10-09 11:00:00+00:00,0.0,0.0,331.0,387.0,400.0,282.0,345.0,0.0,57.0,239.0,0.0,468.0,155.0,374.0,0.0,0.0,44.0,0.0,0.0,0.0,556.0,0.0,0.0,0.0,0.0,282.0,0.0,0.0,1401.0,66.0,0.0,0.0,0.0,0.0,0.0,280.0,612.0,0.0,0.0,524.0,208.0,194.0
2021-10-09 12:00:00+00:00,0.0,0.0,312.0,374.0,389.0,222.0,289.0,0.0,66.0,237.0,0.0,477.0,148.0,341.0,0.0,0.0,47.0,0.0,0.0,0.0,552.0,0.0,0.0,0.0,0.0,360.0,0.0,0.0,1406.0,78.0,0.0,0.0,0.0,0.0,0.0,321.0,625.0,0.0,0.0,530.0,216.0,196.0
2021-10-09 13:00:00+00:00,0.0,0.0,298.0,361.0,358.0,238.0,322.0,0.0,37.0,195.0,0.0,509.0,168.0,348.0,0.0,0.0,52.0,0.0,0.0,0.0,552.0,1.0,0.0,0.0,0.0,318.0,0.0,0.0,1417.0,86.0,0.0,0.0,0.0,0.0,0.0,518.0,600.0,0.0,0.0,605.0,246.0,196.0
2021-10-09 14:00:00+00:00,0.0,0.0,241.0,345.0,317.0,193.0,287.0,0.0,26.0,152.0,0.0,567.0,198.0,320.0,0.0,0.0,52.0,0.0,0.0,0.0,552.0,4.0,0.0,0.0,0.0,200.0,0.0,0.0,1420.0,81.0,0.0,0.0,0.0,0.0,0.0,631.0,569.0,0.0,0.0,586.0,260.0,195.0
2021-10-09 15:00:00+00:00,0.0,0.0,195.0,302.0,290.0,228.0,300.0,0.0,79.0,150.0,0.0,450.0,154.0,177.0,0.0,0.0,49.0,0.0,0.0,0.0,552.0,1.0,0.0,0.0,0.0,145.0,0.0,0.0,1435.0,72.0,0.0,0.0,0.0,0.0,0.0,634.0,509.0,0.0,0.0,508.0,272.0,195.0
2021-10-09 16:00:00+00:00,0.0,0.0,157.0,267.0,284.0,287.0,336.0,0.0,107.0,164.0,0.0,270.0,99.0,61.0,0.0,0.0,19.0,0.0,0.0,0.0,500.0,0.0,0.0,0.0,0.0,0.0,0.0,0.0,1433.0,62.0,0.0,26.0,0.0,0.0,0.0,662.0,441.0,2.0,0.0,469.0,277.0,193.0
2021-10-09 17:00:00+00:00,0.0,0.0,199.0,285.0,302.0,295.0,338.0,0.0,49.0,114.0,0.0,231.0,105.0,73.0,0.0,0.0,1.0,0.0,0.0,0.0,480.0,0.0,0.0,0.0,0.0,0.0,0.0,0.0,1369.0,71.0,0.0,47.0,0.0,0.0,0.0,699.0,472.0,0.0,0.0,486.0,311.0,193.0
2021-10-09 18:00:00+00:00,0.0,0.0,169.0,296.0,355.0,301.0,333.0,0.0,76.0,158.0,0.0,113.0,71.0,76.0,0.0,0.0,0.0,0.0,0.0,0.0,500.0,0.0,0.0,1.0,0.0,0.0,0.0,0.0,1367.0,83.0,0.0,44.0,0.0,0.0,0.0,658.0,474.0,0.0,0.0,483.0,315.0,194.0
2021-10-09 19:00:00+00:00,0.0,0.0,174.0,311.0,406.0,343.0,343.0,0.0,116.0,223.0,0.0,281.0,102.0,152.0,0.0,0.0,8.0,0.0,0.0,0.0,505.0,0.0,0.0,0.0,0.0,154.0,0.0,0.0,1428.0,77.0,0.0,0.0,0.0,0.0,0.0,620.0,471.0,0.0,0.0,453.0,366.0,195.0
2021-10-09 20:00:00+00:00,0.0,0.0,202.0,370.0,444.0,335.0,393.0,0.0,66.0,231.0,0.0,295.0,96.0,176.0,0.0,0.0,49.0,0.0,0.0,0.0,599.0,0.0,0.0,0.0,0.0,233.0,0.0,0.0,1404.0,63.0,0.0,0.0,0.0,0.0,0.0,587.0,510.0,0.0,0.0,435.0,398.0,196.0
2021-10-09 21:00:00+00:00,0.0,0.0,238.0,398.0,473.0,403.0,420.0,0.0,34.0,184.0,0.0,184.0,21.0,124.0,0.0,0.0,67.0,0.0,0.0,0.0,602.0,3.0,0.0,0.0,0.0,217.0,0.0,0.0,1382.0,72.0,0.0,0.0,0.0,0.0,0.0,443.0,514.0,0.0,0.0,277.0,454.0,195.0
2021-10-09 22:00:00+00:00,0.0,0.0,357.0,442.0,500.0,456.0,394.0,0.0,0.0,119.0,0.0,499.0,95.0,281.0,0.0,0.0,11.0,0.0,0.0,0.0,602.0,125.0,0.0,0.0,0.0,332.0,0.0,0.0,1406.0,106.0,0.0,0.0,0.0,0.0,0.0,512.0,670.0,0.0,0.0,262.0,448.0,194.0
2021-10-09 23:00:00+00:00,0.0,0.0,442.0,419.0,476.0,440.0,400.0,0.0,0.0,127.0,0.0,346.0,62.0,271.0,0.0,0.0,30.0,0.0,0.0,0.0,602.0,201.0,0.0,0.0,0.0,350.0,0.0,0.0,1414.0,104.0,0.0,0.0,0.0,0.0,0.0,522.0,695.0,0.0,0.0,265.0,453.0,192.0
2021-10-10 00:00:00+00:00,0.0,0.0,448.0,411.0,461.0,342.0,434.0,0.0,0.0,119.0,0.0,218.0,36.0,243.0,0.0,0.0,27.0,0.0,0.0,0.0,602.0,229.0,0.0,0.0,0.0,303.0,0.0,0.0,1411.0,87.0,0.0,0.0,0.0,0.0,0.0,493.0,665.0,0.0,0.0,246.0,441.0,195.0
2021-10-10 01:00:00+00:00,0.0,0.0,402.0,408.0,474.0,386.0,391.0,0.0,0.0,130.0,0.0,92.0,0.0,134.0,0.0,0.0,23.0,0.0,0.0,0.0,602.0,230.0,0.0,0.0,0.0,264.0,0.0,0.0,1430.0,110.0,0.0,0.0,0.0,0.0,33.0,402.0,687.0,0.0,0.0,184.0,413.0,195.0
2021-10-10 02:00:00+00:00,0.0,0.0,417.0,404.0,468.0,371.0,357.0,0.0,0.0,134.0,0.0,86.0,0.0,125.0,0.0,0.0,24.0,0.0,0.0,0.0,602.0,230.0,0.0,0.0,0.0,277.0,0.0,0.0,1431.0,122.0,0.0,0.0,0.0,0.0,37.0,404.0,691.0,0.0,0.0,183.0,418.0,194.0
2021-10-10 03:00:00+00:00,0.0,0.0,406.0,398.0,457.0,308.0,407.0,0.0,0.0,152.0,0.0,145.0,0.0,117.0,0.0,0.0,32.0,0.0,0.0,0.0,603.0,209.0,0.0,0.0,0.0,298.0,0.0,0.0,1423.0,98.0,0.0,0.0,0.0,0.0,29.0,439.0,691.0,0.0,0.0,209.0,401.0,195.0
2021-10-10 04:00:00+00:00,0.0,0.0,367.0,377.0,430.0,347.0,350.0,0.0,0.0,153.0,0.0,101.0,0.0,77.0,0.0,0.0,41.0,0.0,0.0,0.0,602.0,177.0,0.0,0.0,0.0,260.0,0.0,0.0,1425.0,110.0,0.0,0.0,0.0,0.0,6.0,439.0,668.0,0.0,0.0,209.0,358.0,193.0
2021-10-10 05:00:00+00:00,0.0,0.0,278.0,306.0,345.0,320.0,290.0,0.0,0.0,202.0,0.0,343.0,75.0,125.0,0.0,0.0,40.0,0.0,0.0,0.0,588.0,79.0,0.0,0.0,0.0,217.0,0.0,0.0,1448.0,138.0,0.0,0.0,0.0,0.0,0.0,520.0,559.0,0.0,0.0,319.0,351.0,193.0
2021-10-10 06:00:00+00:00,0.0,0.0,220.0,283.0,326.0,231.0,330.0,0.0,26.0,260.0,0.0,392.0,102.0,162.0,0.0,0.0,51.0,0.0,0.0,0.0,581.0,2.0,0.0,0.0,0.0,203.0,0.0,0.0,1449.0,106.0,0.0,0.0,0.0,0.0,0.0,579.0,520.0,0.0,0.0,405.0,391.0,193.0
2021-10-10 07:00:00+00:00,0.0,0.0,213.0,291.0,334.0,308.0,318.0,0.0,90.0,288.0,0.0,296.0,114.0,248.0,0.0,0.0,23.0,0.0,0.0,0.0,389.0,0.0,0.0,0.0,0.0,230.0,0.0,0.0,1430.0,106.0,0.0,0.0,0.0,0.0,0.0,585.0,521.0,0.0,0.0,469.0,426.0,193.0
2021-10-10 08:00:00+00:00,0.0,0.0,234.0,321.0,394.0,294.0,325.0,0.0,171.0,349.0,0.0,296.0,113.0,301.0,0.0,0.0,34.0,0.0,0.0,0.0,376.0,0.0,0.0,0.0,0.0,166.0,0.0,0.0,1459.0,109.0,0.0,0.0,0.0,0.0,0.0,561.0,547.0,0.0,0.0,508.0,433.0,191.0
2021-10-10 09:00:00+00:00,0.0,0.0,252.0,345.0,432.0,239.0,340.0,0.0,181.0,362.0,0.0,340.0,93.0,301.0,0.0,0.0,16.0,0.0,0.0,0.0,105.0,0.0,0.0,0.0,0.0,144.0,0.0,0.0,1446.0,76.0,0.0,0.0,0.0,0.0,0.0,530.0,565.0,0.0,0.0,486.0,428.0,191.0
2021-10-10 10:00:00+00:00,0.0,0.0,233.0,346.0,416.0,250.0,353.0,0.0,145.0,347.0,0.0,351.0,96.0,316.0,0.0,0.0,14.0,0.0,0.0,0.0,98.0,0.0,0.0,0.0,0.0,241.0,0.0,0.0,1432.0,78.0,0.0,0.0,0.0,0.0,0.0,534.0,515.0,0.0,0.0,499.0,428.0,189.0
2021-10-10 11:00:00+00:00,0.0,0.0,205.0,327.0,386.0,301.0,352.0,0.0,187.0,355.0,0.0,442.0,126.0,322.0,0.0,0.0,5.0,0.0,0.0,0.0,133.0,0.0,0.0,0.0,0.0,289.0,0.0,0.0,1399.0,93.0,0.0,0.0,0.0,0.0,0.0,511.0,481.0,0.0,0.0,507.0,376.0,190.0
2021-10-10 12:00:00+00:00,0.0,0.0,154.0,300.0,323.0,271.0,378.0,0.0,148.0,309.0,0.0,583.0,157.0,282.0,0.0,0.0,11.0,0.0,0.0,0.0,194.0,0.0,0.0,0.0,0.0,308.0,0.0,0.0,1404.0,91.0,0.0,0.0,0.0,0.0,0.0,524.0,456.0,2.0,0.0,536.0,346.0,192.0
2021-10-10 13:00:00+00:00,0.0,0.0,125.0,267.0,280.0,304.0,338.0,0.0,137.0,300.0,0.0,645.0,177.0,265.0,0.0,0.0,20.0,0.0,0.0,0.0,192.0,0.0,0.0,0.0,0.0,271.0,0.0,0.0,1407.0,96.0,0.0,0.0,0.0,0.0,0.0,643.0,434.0,0.0,0.0,571.0,319.0,192.0
2021-10-10 14:00:00+00:00,0.0,0.0,95.0,249.0,264.0,261.0,339.0,0.0,173.0,328.0,0.0,627.0,187.0,265.0,0.0,0.0,33.0,0.0,0.0,0.0,131.0,0.0,0.0,0.0,0.0,167.0,0.0,0.0,1424.0,94.0,0.0,0.0,0.0,0.0,0.0,765.0,421.0,6.0,0.0,598.0,303.0,192.0
2021-10-10 15:00:00+00:00,0.0,0.0,32.0,214.0,223.0,218.0,315.0,0.0,210.0,322.0,0.0,487.0,173.0,164.0,0.0,0.0,83.0,0.0,0.0,0.0,160.0,0.0,0.0,0.0,0.0,33.0,0.0,0.0,1457.0,102.0,0.0,0.0,0.0,0.0,0.0,796.0,340.0,24.0,0.0,566.0,300.0,193.0
2021-10-10 16:00:00+00:00,0.0,0.0,12.0,152.0,175.0,257.0,290.0,0.0,253.0,308.0,0.0,215.0,102.0,13.0,0.0,77.0,105.0,0.0,0.0,0.0,0.0,0.0,0.0,0.0,0.0,0.0,0.0,0.0,1446.0,114.0,0.0,252.0,11.0,0.0,0.0,753.0,288.0,84.0,0.0,471.0,286.0,192.0
2021-10-10 17:00:00+00:00,0.0,0.0,14.0,155.0,173.0,271.0,315.0,0.0,209.0,266.0,0.0,49.0,93.0,5.0,0.0,0.0,124.0,0.0,0.0,0.0,79.0,0.0,0.0,0.0,0.0,0.0,0.0,0.0,1374.0,110.0,0.0,318.0,17.0,0.0,0.0,773.0,255.0,46.0,0.0,477.0,298.0,192.0
2021-10-10 18:00:00+00:00,0.0,0.0,16.0,198.0,251.0,223.0,359.0,0.0,224.0,299.0,0.0,61.0,71.0,50.0,0.0,0.0,114.0,0.0,0.0,0.0,255.0,0.0,0.0,0.0,0.0,0.0,0.0,0.0,1392.0,100.0,0.0,280.0,0.0,0.0,0.0,778.0,270.0,40.0,0.0,453.0,346.0,193.0
2021-10-10 19:00:00+00:00,0.0,0.0,37.0,236.0,304.0,326.0,355.0,0.0,201.0,308.0,0.0,248.0,91.0,127.0,0.0,0.0,98.0,0.0,0.0,0.0,452.0,0.0,0.0,0.0,0.0,0.0,0.0,0.0,1402.0,122.0,0.0,98.0,0.0,0.0,0.0,683.0,311.0,34.0,0.0,385.0,367.0,193.0
2021-10-10 20:00:00+00:00,0.0,0.0,86.0,283.0,331.0,383.0,441.0,0.0,125.0,232.0,0.0,510.0,168.0,247.0,0.0,0.0,76.0,0.0,0.0,0.0,463.0,0.0,0.0,0.0,0.0,110.0,0.0,0.0,1426.0,86.0,0.0,0.0,0.0,0.0,0.0,653.0,412.0,3.0,0.0,345.0,432.0,152.0
2021-10-10 21:00:00+00:00,0.0,0.0,170.0,313.0,340.0,375.0,524.0,0.0,56.0,157.0,0.0,508.0,165.0,275.0,0.0,0.0,55.0,0.0,0.0,0.0,598.0,3.0,0.0,0.0,0.0,200.0,0.0,0.0,1415.0,63.0,0.0,0.0,0.0,0.0,0.0,617.0,426.0,3.0,0.0,349.0,432.0,52.0
2021-10-10 22:00:00+00:00,1.0,0.0,214.0,352.0,449.0,428.0,370.0,0.0,13.0,86.0,0.0,277.0,94.0,249.0,0.0,0.0,42.0,0.0,0.0,0.0,602.0,15.0,0.0,0.0,0.0,313.0,0.0,0.0,1378.0,112.0,0.0,0.0,0.0,0.0,0.0,563.0,531.0,0.0,0.0,273.0,458.0,0.0
2021-10-10 23:00:00+00:00,0.0,0.0,216.0,359.0,460.0,435.0,374.0,0.0,2.0,160.0,0.0,275.0,68.0,237.0,0.0,0.0,36.0,0.0,0.0,0.0,602.0,43.0,0.0,0.0,0.0,344.0,0.0,0.0,1412.0,108.0,0.0,0.0,0.0,0.0,0.0,540.0,552.0,0.0,0.0,257.0,476.0,0.0
2021-10-11 00:00:00+00:00,0.0,0.0,234.0,356.0,428.0,446.0,420.0,0.0,0.0,102.0,0.0,233.0,51.0,200.0,0.0,0.0,31.0,0.0,0.0,0.0,602.0,106.0,0.0,0.0,0.0,264.0,0.0,0.0,1422.0,103.0,0.0,0.0,0.0,0.0,0.0,514.0,559.0,0.0,0.0,257.0,450.0,0.0
2021-10-11 01:00:00+00:00,0.0,0.0,222.0,342.0,388.0,413.0,396.0,0.0,0.0,60.0,0.0,263.0,44.0,167.0,0.0,0.0,29.0,0.0,0.0,0.0,602.0,144.0,0.0,0.0,0.0,271.0,0.0,0.0,1410.0,124.0,0.0,0.0,0.0,0.0,0.0,506.0,559.0,0.0,0.0,256.0,442.0,0.0
2021-10-11 02:00:00+00:00,0.0,0.0,182.0,300.0,326.0,361.0,380.0,0.0,0.0,50.0,0.0,341.0,86.0,225.0,0.0,0.0,33.0,0.0,0.0,0.0,600.0,151.0,0.0,0.0,0.0,266.0,0.0,0.0,1420.0,132.0,0.0,0.0,0.0,0.0,0.0,557.0,523.0,0.0,0.0,298.0,425.0,0.0
2021-10-11 03:00:00+00:00,0.0,0.0,94.0,220.0,244.0,310.0,336.0,0.0,1.0,65.0,0.0,306.0,102.0,153.0,0.0,0.0,50.0,0.0,0.0,0.0,509.0,79.0,0.0,0.0,0.0,200.0,0.0,0.0,1422.0,136.0,0.0,0.0,0.0,0.0,0.0,660.0,438.0,4.0,0.0,439.0,323.0,0.0
2021-10-11 04:00:00+00:00,2.0,0.0,26.0,203.0,288.0,366.0,378.0,0.0,32.0,84.0,0.0,91.0,17.0,18.0,0.0,0.0,42.0,0.0,0.0,0.0,389.0,8.0,0.0,0.0,0.0,140.0,0.0,0.0,1414.0,126.0,0.0,0.0,6.0,0.0,0.0,542.0,450.0,44.0,0.0,286.0,302.0,0.0
2021-10-11 05:00:00+00:00,0.0,0.0,6.0,57.0,179.0,390.0,397.0,0.0,246.0,240.0,0.0,6.0,26.0,0.0,0.0,0.0,0.0,0.0,0.0,0.0,173.0,0.0,0.0,0.0,0.0,0.0,0.0,0.0,1412.0,132.0,0.0,101.0,58.0,0.0,0.0,513.0,235.0,139.0,0.0,311.0,237.0,0.0
2021-10-11 06:00:00+00:00,0.0,129.0,0.0,42.0,181.0,408.0,386.0,0.0,414.0,295.0,0.0,0.0,28.0,2.0,0.0,0.0,0.0,0.0,0.0,0.0,237.0,0.0,0.0,0.0,0.0,0.0,0.0,0.0,1375.0,133.0,0.0,228.0,45.0,0.0,0.0,540.0,188.0,160.0,0.0,351.0,252.0,0.0
2021-10-11 07:00:00+00:00,0.0,103.0,2.0,20.0,152.0,415.0,380.0,0.0,452.0,320.0,0.0,0.0,72.0,51.0,0.0,0.0,20.0,0.0,0.0,0.0,142.0,0.0,0.0,0.0,0.0,0.0,0.0,0.0,1373.0,132.0,0.0,194.0,2.0,0.0,0.0,523.0,162.0,165.0,0.0,396.0,299.0,0.0
2021-10-11 08:00:00+00:00,0.0,70.0,1.0,33.0,196.0,421.0,395.0,0.0,526.0,408.0,0.0,0.0,86.0,125.0,0.0,0.0,54.0,0.0,0.0,0.0,110.0,0.0,0.0,0.0,0.0,0.0,0.0,0.0,1371.0,125.0,0.0,172.0,0.0,0.0,0.0,574.0,215.0,154.0,0.0,489.0,323.0,0.0
2021-10-11 09:00:00+00:00,0.0,165.0,1.0,45.0,212.0,461.0,385.0,0.0,533.0,412.0,0.0,0.0,67.0,146.0,0.0,0.0,49.0,0.0,0.0,0.0,54.0,0.0,0.0,0.0,0.0,0.0,0.0,0.0,1373.0,122.0,0.0,150.0,0.0,0.0,0.0,567.0,219.0,147.0,0.0,503.0,342.0,0.0
2021-10-11 10:00:00+00:00,0.0,123.0,2.0,38.0,204.0,441.0,429.0,0.0,529.0,416.0,0.0,0.0,82.0,179.0,0.0,0.0,33.0,0.0,0.0,0.0,86.0,0.0,0.0,0.0,0.0,0.0,0.0,0.0,1372.0,127.0,0.0,119.0,0.0,0.0,0.0,560.0,184.0,133.0,0.0,533.0,318.0,0.0
2021-10-11 11:00:00+00:00,0.0,65.0,1.0,40.0,213.0,458.0,399.0,0.0,560.0,412.0,0.0,0.0,84.0,161.0,0.0,0.0,37.0,0.0,0.0,0.0,147.0,0.0,0.0,0.0,0.0,0.0,0.0,0.0,1373.0,139.0,0.0,40.0,0.0,0.0,0.0,574.0,178.0,156.0,0.0,506.0,240.0,0.0
2021-10-11 12:00:00+00:00,0.0,0.0,0.0,44.0,192.0,442.0,406.0,0.0,603.0,396.0,0.0,69.0,120.0,180.0,0.0,0.0,45.0,0.0,0.0,0.0,210.0,0.0,0.0,0.0,0.0,0.0,0.0,0.0,1373.0,132.0,0.0,78.0,0.0,0.0,0.0,602.0,172.0,159.0,0.0,500.0,231.0,0.0
2021-10-11 13:00:00+00:00,0.0,0.0,37.0,63.0,218.0,412.0,351.0,2.0,569.0,392.0,0.0,28.0,103.0,134.0,0.0,0.0,68.0,0.0,0.0,0.0,182.0,0.0,0.0,0.0,0.0,0.0,0.0,0.0,1373.0,138.0,0.0,61.0,0.0,0.0,0.0,622.0,181.0,110.0,0.0,458.0,224.0,0.0
2021-10-11 14:00:00+00:00,0.0,0.0,4.0,63.0,206.0,347.0,333.0,0.0,508.0,364.0,0.0,19.0,96.0,92.0,0.0,0.0,72.0,0.0,0.0,0.0,122.0,0.0,0.0,0.0,0.0,0.0,0.0,0.0,1373.0,118.0,0.0,96.0,0.0,0.0,0.0,658.0,225.0,117.0,0.0,417.0,201.0,0.0
2021-10-11 15:00:00+00:00,0.0,146.0,2.0,67.0,202.0,345.0,293.0,0.0,497.0,337.0,0.0,0.0,58.0,6.0,0.0,0.0,32.0,0.0,0.0,0.0,262.0,0.0,0.0,0.0,0.0,0.0,0.0,0.0,1374.0,115.0,0.0,219.0,21.0,0.0,0.0,639.0,237.0,143.0,0.0,376.0,161.0,0.0
2021-10-11 16:00:00+00:00,0.0,7.0,1.0,96.0,212.0,384.0,317.0,0.0,465.0,284.0,0.0,0.0,111.0,10.0,0.0,0.0,20.0,0.0,0.0,0.0,162.0,0.0,0.0,0.0,0.0,0.0,0.0,0.0,1377.0,123.0,0.0,354.0,8.0,0.0,0.0,678.0,281.0,168.0,0.0,423.0,157.0,0.0
2021-10-11 17:00:00+00:00,0.0,7.0,7.0,132.0,226.0,385.0,326.0,0.0,380.0,235.0,0.0,0.0,122.0,40.0,0.0,0.0,15.0,0.0,0.0,0.0,195.0,0.0,0.0,0.0,0.0,0.0,0.0,0.0,1375.0,124.0,0.0,341.0,0.0,0.0,0.0,694.0,301.0,53.0,0.0,434.0,170.0,0.0
2021-10-11 18:00:00+00:00,0.0,0.0,12.0,152.0,243.0,353.0,295.0,0.0,345.0,256.0,0.0,119.0,121.0,119.0,0.0,0.0,2.0,0.0,0.0,0.0,270.0,0.0,0.0,0.0,0.0,0.0,0.0,0.0,1365.0,150.0,0.0,220.0,0.0,0.0,0.0,640.0,308.0,56.0,0.0,434.0,218.0,0.0
2021-10-11 19:00:00+00:00,0.0,0.0,23.0,190.0,322.0,382.0,299.0,0.0,360.0,316.0,0.0,65.0,81.0,157.0,0.0,0.0,72.0,0.0,0.0,0.0,410.0,0.0,0.0,0.0,0.0,53.0,0.0,0.0,1380.0,133.0,0.0,0.0,0.0,0.0,0.0,595.0,338.0,44.0,0.0,376.0,257.0,0.0
2021-10-11 20:00:00+00:00,0.0,0.0,28.0,238.0,333.0,422.0,368.0,0.0,287.0,274.0,0.0,308.0,142.0,261.0,0.0,0.0,77.0,0.0,0.0,0.0,492.0,0.0,0.0,0.0,0.0,169.0,0.0,0.0,1352.0,121.0,0.0,0.0,0.0,0.0,0.0,679.0,426.0,38.0,0.0,469.0,306.0,0.0
2021-10-11 21:00:00+00:00,0.0,0.0,107.0,275.0,309.0,466.0,395.0,0.0,120.0,136.0,0.0,279.0,131.0,310.0,0.0,0.0,57.0,0.0,0.0,0.0,435.0,0.0,0.0,0.0,0.0,126.0,0.0,0.0,1377.0,122.0,0.0,0.0,0.0,0.0,0.0,672.0,457.0,6.0,0.0,474.0,345.0,0.0
2021-10-11 22:00:00+00:00,26.0,0.0,170.0,314.0,302.0,457.0,381.0,0.0,2.0,7.0,0.0,404.0,193.0,384.0,0.0,0.0,44.0,0.0,0.0,0.0,460.0,89.0,0.0,0.0,0.0,297.0,0.0,0.0,1386.0,111.0,0.0,0.0,0.0,0.0,0.0,653.0,537.0,0.0,0.0,507.0,347.0,0.0
2021-10-11 23:00:00+00:00,11.0,0.0,238.0,326.0,304.0,463.0,393.0,0.0,0.0,8.0,0.0,587.0,204.0,418.0,0.0,0.0,37.0,0.0,0.0,0.0,598.0,163.0,0.0,0.0,0.0,308.0,0.0,0.0,1375.0,105.0,0.0,0.0,0.0,0.0,0.0,597.0,572.0,0.0,0.0,513.0,342.0,0.0
2021-10-12 00:00:00+00:00,17.0,0.0,220.0,306.0,270.0,445.0,391.0,0.0,0.0,5.0,0.0,376.0,138.0,323.0,0.0,0.0,31.0,0.0,0.0,0.0,602.0,200.0,0.0,0.0,0.0,232.0,0.0,0.0,1359.0,108.0,0.0,0.0,0.0,0.0,0.0,560.0,555.0,0.0,0.0,476.0,338.0,0.0
2021-10-12 01:00:00+00:00,47.0,0.0,220.0,290.0,241.0,411.0,345.0,0.0,0.0,0.0,0.0,380.0,142.0,300.0,0.0,0.0,30.0,0.0,0.0,0.0,602.0,226.0,0.0,0.0,0.0,274.0,0.0,0.0,1377.0,99.0,0.0,0.0,0.0,0.0,0.0,551.0,545.0,0.0,0.0,494.0,311.0,0.0
2021-10-12 02:00:00+00:00,28.0,0.0,180.0,290.0,258.0,378.0,311.0,0.0,0.0,2.0,0.0,345.0,129.0,274.0,0.0,0.0,36.0,0.0,0.0,0.0,597.0,184.0,0.0,0.0,0.0,293.0,0.0,0.0,1384.0,121.0,0.0,0.0,0.0,0.0,0.0,581.0,534.0,0.0,0.0,500.0,310.0,0.0
2021-10-12 03:00:00+00:00,0.0,0.0,48.0,188.0,177.0,306.0,308.0,0.0,23.0,102.0,0.0,335.0,115.0,204.0,0.0,0.0,49.0,0.0,0.0,0.0,428.0,9.0,0.0,0.0,0.0,176.0,0.0,0.0,1356.0,130.0,0.0,0.0,0.0,0.0,0.0,662.0,383.0,12.0,0.0,554.0,265.0,0.0
2021-10-12 04:00:00+00:00,0.0,14.0,2.0,111.0,189.0,324.0,297.0,0.0,297.0,258.0,0.0,0.0,32.0,36.0,0.0,0.0,42.0,0.0,0.0,0.0,286.0,0.0,0.0,0.0,0.0,99.0,0.0,0.0,1371.0,108.0,0.0,0.0,2.0,0.0,0.0,642.0,299.0,122.0,0.0,468.0,264.0,0.0
2021-10-12 05:00:00+00:00,0.0,119.0,3.0,36.0,95.0,328.0,319.0,0.0,370.0,174.0,0.0,0.0,62.0,3.0,0.0,0.0,0.0,0.0,0.0,0.0,130.0,0.0,0.0,1.0,0.0,0.0,0.0,0.0,1375.0,101.0,0.0,218.0,21.0,0.0,0.0,638.0,194.0,167.0,0.0,480.0,219.0,0.0
2021-10-12 06:00:00+00:00,0.0,148.0,0.0,16.0,47.0,307.0,306.0,0.0,454.0,224.0,0.0,0.0,76.0,13.0,0.0,0.0,0.0,0.0,0.0,0.0,138.0,0.0,1.0,4.0,0.0,0.0,0.0,0.0,1375.0,91.0,0.0,282.0,6.0,0.0,0.0,631.0,174.0,210.0,0.0,531.0,209.0,0.0
2021-10-12 07:00:00+00:00,0.0,59.0,0.0,34.0,40.0,354.0,319.0,0.0,498.0,238.0,0.0,0.0,99.0,51.0,0.0,0.0,0.0,0.0,0.0,0.0,52.0,0.0,0.0,5.0,0.0,0.0,0.0,0.0,1374.0,90.0,0.0,309.0,0.0,0.0,0.0,574.0,192.0,182.0,0.0,549.0,182.0,0.0
2021-10-12 08:00:00+00:00,0.0,0.0,0.0,37.0,83.0,348.0,357.0,0.0,531.0,296.0,0.0,34.0,144.0,166.0,0.0,45.0,45.0,0.0,0.0,0.0,0.0,0.0,0.0,0.0,0.0,0.0,0.0,0.0,1372.0,74.0,0.0,64.0,0.0,0.0,0.0,619.0,228.0,176.0,0.0,640.0,169.0,0.0
2021-10-12 09:00:00+00:00,0.0,0.0,1.0,49.0,109.0,357.0,348.0,0.0,526.0,308.0,0.0,55.0,149.0,211.0,0.0,0.0,31.0,0.0,0.0,0.0,1.0,0.0,0.0,0.0,0.0,0.0,0.0,0.0,1371.0,93.0,0.0,34.0,0.0,0.0,0.0,648.0,200.0,150.0,0.0,667.0,169.0,0.0
2021-10-12 10:00:00+00:00,0.0,0.0,1.0,49.0,130.0,326.0,336.0,0.0,524.0,359.0,0.0,228.0,195.0,271.0,0.0,0.0,27.0,0.0,0.0,0.0,76.0,0.0,0.0,0.0,0.0,0.0,0.0,0.0,1368.0,95.0,0.0,104.0,0.0,0.0,0.0,676.0,185.0,140.0,0.0,685.0,178.0,0.0
2021-10-12 11:00:00+00:00,0.0,0.0,0.0,39.0,160.0,366.0,329.0,0.0,552.0,408.0,0.0,170.0,171.0,272.0,0.0,0.0,22.0,0.0,0.0,0.0,81.0,0.0,0.0,0.0,0.0,0.0,0.0,0.0,1381.0,92.0,0.0,119.0,0.0,0.0,0.0,690.0,189.0,171.0,0.0,658.0,211.0,0.0
2021-10-12 12:00:00+00:00,0.0,0.0,0.0,48.0,189.0,295.0,332.0,0.0,606.0,458.0,0.0,122.0,134.0,227.0,0.0,0.0,24.0,0.0,0.0,0.0,176.0,0.0,0.0,0.0,0.0,0.0,0.0,0.0,1376.0,83.0,0.0,28.0,0.0,0.0,0.0,641.0,180.0,178.0,0.0,578.0,219.0,0.0
2021-10-12 13:00:00+00:00,0.0,0.0,1.0,90.0,226.0,284.0,364.0,0.0,559.0,415.0,0.0,135.0,127.0,202.0,0.0,0.0,41.0,0.0,0.0,0.0,103.0,0.0,0.0,0.0,0.0,0.0,0.0,0.0,1377.0,69.0,0.0,11.0,0.0,0.0,0.0,638.0,267.0,166.0,0.0,531.0,225.0,0.0
2021-10-12 14:00:00+00:00,0.0,0.0,2.0,112.0,228.0,232.0,374.0,0.0,461.0,316.0,0.0,157.0,126.0,160.0,0.0,0.0,66.0,0.0,0.0,0.0,2.0,0.0,0.0,0.0,0.0,0.0,0.0,0.0,1377.0,60.0,0.0,68.0,0.0,0.0,0.0,650.0,271.0,99.0,0.0,480.0,241.0,0.0
2021-10-12 15:00:00+00:00,0.0,0.0,7.0,142.0,225.0,290.0,338.0,0.0,375.0,214.0,0.0,101.0,109.0,82.0,0.0,0.0,98.0,0.0,0.0,0.0,52.0,0.0,0.0,0.0,0.0,0.0,0.0,0.0,1376.0,75.0,0.0,213.0,0.0,0.0,0.0,660.0,303.0,81.0,0.0,445.0,232.0,0.0
2021-10-12 16:00:00+00:00,0.0,0.0,7.0,138.0,225.0,407.0,283.0,0.0,421.0,249.0,0.0,8.0,92.0,18.0,0.0,0.0,52.0,0.0,0.0,0.0,77.0,0.0,0.0,0.0,0.0,0.0,0.0,0.0,1376.0,86.0,0.0,389.0,2.0,0.0,0.0,691.0,309.0,110.0,0.0,461.0,237.0,0.0
2021-10-12 17:00:00+00:00,0.0,0.0,29.0,215.0,306.0,399.0,317.0,0.0,345.0,184.0,0.0,37.0,89.0,19.0,0.0,0.0,15.0,0.0,0.0,0.0,223.0,0.0,0.0,0.0,0.0,0.0,0.0,0.0,1367.0,105.0,0.0,354.0,2.0,0.0,0.0,653.0,361.0,31.0,0.0,421.0,238.0,0.0
2021-10-12 18:00:00+00:00,0.0,70.0,38.0,223.0,343.0,373.0,296.0,0.0,346.0,241.0,0.0,0.0,43.0,39.0,0.0,0.0,0.0,0.0,0.0,0.0,260.0,0.0,0.0,1.0,0.0,0.0,0.0,0.0,1328.0,127.0,0.0,240.0,0.0,0.0,0.0,606.0,345.0,28.0,0.0,368.0,266.0,0.0
2021-10-12 19:00:00+00:00,0.0,0.0,111.0,296.0,466.0,366.0,346.0,0.0,335.0,331.0,0.0,164.0,40.0,131.0,0.0,0.0,0.0,0.0,0.0,0.0,562.0,0.0,0.0,1.0,0.0,101.0,0.0,0.0,1396.0,125.0,0.0,0.0,0.0,0.0,0.0,506.0,425.0,10.0,0.0,259.0,319.0,0.0
2021-10-12 20:00:00+00:00,0.0,0.0,177.0,369.0,487.0,431.0,399.0,0.0,188.0,191.0,0.0,172.0,67.0,177.0,0.0,0.0,45.0,0.0,0.0,0.0,439.0,0.0,0.0,0.0,0.0,291.0,0.0,0.0,1369.0,105.0,0.0,0.0,0.0,0.0,0.0,582.0,566.0,0.0,0.0,330.0,394.0,0.0
2021-10-12 21:00:00+00:00,0.0,0.0,278.0,427.0,594.0,379.0,385.0,0.0,159.0,216.0,0.0,78.0,0.0,132.0,0.0,0.0,61.0,0.0,0.0,0.0,597.0,0.0,0.0,0.0,0.0,443.0,0.0,0.0,1383.0,82.0,0.0,0.0,0.0,0.0,3.0,510.0,625.0,0.0,0.0,213.0,488.0,0.0
2021-10-12 22:00:00+00:00,0.0,0.0,471.0,473.0,642.0,539.0,366.0,0.0,61.0,236.0,0.0,183.0,72.0,229.0,0.0,0.0,45.0,0.0,0.0,0.0,602.0,1.0,0.0,0.0,0.0,584.0,0.0,0.0,1415.0,124.0,0.0,0.0,0.0,0.0,0.0,572.0,698.0,0.0,0.0,201.0,381.0,0.0
2021-10-12 23:00:00+00:00,0.0,0.0,567.0,478.0,648.0,500.0,402.0,0.0,10.0,220.0,0.0,240.0,62.0,227.0,0.0,0.0,34.0,0.0,0.0,0.0,602.0,17.0,0.0,0.0,0.0,587.0,0.0,0.0,1392.0,110.0,0.0,0.0,0.0,0.0,0.0,537.0,712.0,0.0,0.0,168.0,371.0,0.0
2021-10-13 00:00:00+00:00,0.0,0.0,594.0,468.0,636.0,488.0,369.0,0.0,15.0,246.0,0.0,40.0,0.0,148.0,0.0,0.0,30.0,0.0,0.0,0.0,602.0,35.0,0.0,0.0,0.0,563.0,0.0,0.0,1376.0,132.0,0.0,0.0,0.0,0.0,7.0,489.0,690.0,0.0,0.0,105.0,383.0,0.0
2021-10-13 01:00:00+00:00,0.0,23.0,586.0,461.0,631.0,425.0,394.0,0.0,6.0,246.0,0.0,0.0,0.0,98.0,0.0,0.0,29.0,0.0,0.0,0.0,602.0,45.0,0.0,0.0,0.0,540.0,0.0,0.0,1371.0,127.0,0.0,0.0,0.0,0.0,48.0,481.0,699.0,0.0,0.0,85.0,391.0,0.0
2021-10-13 02:00:00+00:00,0.0,0.0,590.0,458.0,611.0,406.0,330.0,0.0,1.0,217.0,0.0,36.0,0.0,135.0,0.0,0.0,35.0,0.0,0.0,0.0,602.0,50.0,0.0,0.0,0.0,516.0,0.0,0.0,1371.0,132.0,0.0,0.0,0.0,0.0,34.0,507.0,725.0,0.0,0.0,130.0,372.0,0.0
2021-10-13 03:00:00+00:00,0.0,0.0,499.0,418.0,518.0,183.0,95.0,0.0,1.0,153.0,0.0,200.0,19.0,193.0,0.0,0.0,59.0,0.0,0.0,0.0,593.0,56.0,0.0,0.0,0.0,493.0,0.0,0.0,1361.0,63.0,0.0,0.0,0.0,0.0,0.0,597.0,653.0,0.0,0.0,291.0,299.0,0.0
2021-10-13 04:00:00+00:00,0.0,98.0,298.0,362.0,513.0,429.0,308.0,0.0,165.0,312.0,0.0,0.0,0.0,44.0,0.0,0.0,46.0,0.0,0.0,0.0,598.0,1.0,0.0,0.0,0.0,395.0,0.0,0.0,1372.0,93.0,0.0,0.0,0.0,0.0,83.0,523.0,576.0,0.0,0.0,205.0,320.0,0.0
2021-10-13 05:00:00+00:00,0.0,90.0,173.0,300.0,450.0,423.0,305.0,0.0,260.0,359.0,0.0,0.0,0.0,4.0,0.0,0.0,0.0,0.0,0.0,0.0,599.0,0.0,0.0,0.0,0.0,124.0,0.0,0.0,1374.0,99.0,0.0,0.0,22.0,0.0,57.0,475.0,536.0,0.0,0.0,207.0,263.0,0.0
2021-10-13 06:00:00+00:00,0.0,104.0,149.0,282.0,448.0,309.0,212.0,0.0,308.0,362.0,0.0,0.0,0.0,25.0,0.0,0.0,0.0,0.0,0.0,0.0,578.0,0.0,0.0,4.0,0.0,0.0,0.0,0.0,1374.0,59.0,0.0,8.0,3.0,0.0,39.0,467.0,514.0,2.0,0.0,246.0,225.0,0.0
2021-10-13 07:00:00+00:00,0.0,113.0,154.0,267.0,488.0,289.0,215.0,0.0,351.0,459.0,0.0,0.0,0.0,28.0,0.0,0.0,6.0,0.0,0.0,0.0,529.0,0.0,0.0,0.0,0.0,0.0,0.0,0.0,1374.0,45.0,0.0,12.0,1.0,0.0,55.0,412.0,480.0,2.0,0.0,187.0,227.0,0.0
2021-10-13 08:00:00+00:00,0.0,65.0,136.0,260.0,564.0,244.0,256.0,0.0,380.0,495.0,0.0,0.0,0.0,119.0,0.0,0.0,34.0,0.0,0.0,0.0,469.0,0.0,0.0,0.0,0.0,0.0,0.0,0.0,1373.0,49.0,0.0,1.0,0.0,0.0,13.0,438.0,457.0,2.0,0.0,232.0,224.0,0.0
2021-10-13 09:00:00+00:00,0.0,0.0,164.0,294.0,645.0,294.0,250.0,0.0,368.0,499.0,0.0,39.0,18.0,232.0,0.0,0.0,36.0,0.0,0.0,0.0,457.0,0.0,0.0,0.0,0.0,0.0,0.0,0.0,1374.0,56.0,0.0,1.0,0.0,0.0,0.0,503.0,488.0,2.0,0.0,273.0,229.0,0.0
2021-10-13 10:00:00+00:00,0.0,0.0,123.0,266.0,614.0,290.0,304.0,0.0,370.0,500.0,0.0,104.0,12.0,235.0,0.0,0.0,51.0,0.0,0.0,0.0,395.0,0.0,0.0,0.0,0.0,0.0,0.0,0.0,1373.0,58.0,0.0,1.0,0.0,0.0,0.0,536.0,455.0,2.0,0.0,294.0,237.0,0.0
2021-10-13 11:00:00+00:00,0.0,0.0,77.0,253.0,586.0,325.0,369.0,0.0,381.0,489.0,0.0,91.0,0.0,177.0,0.0,0.0,41.0,0.0,0.0,0.0,398.0,0.0,0.0,0.0,0.0,0.0,0.0,0.0,1373.0,91.0,0.0,1.0,0.0,0.0,10.0,508.0,448.0,6.0,0.0,247.0,255.0,0.0
2021-10-13 12:00:00+00:00,0.0,0.0,66.0,238.0,497.0,324.0,359.0,0.0,386.0,424.0,0.0,109.0,14.0,161.0,0.0,0.0,69.0,0.0,0.0,0.0,294.0,0.0,0.0,0.0,0.0,0.0,0.0,0.0,1373.0,93.0,0.0,1.0,0.0,0.0,0.0,533.0,413.0,7.0,0.0,290.0,240.0,0.0
2021-10-13 13:00:00+00:00,0.0,0.0,32.0,191.0,392.0,323.0,346.0,0.0,405.0,398.0,0.0,150.0,12.0,115.0,0.0,0.0,81.0,0.0,0.0,0.0,255.0,0.0,0.0,0.0,0.0,0.0,0.0,0.0,1375.0,106.0,0.0,1.0,0.0,0.0,0.0,567.0,335.0,18.0,0.0,344.0,216.0,0.0
2021-10-13 14:00:00+00:00,0.0,0.0,25.0,172.0,267.0,316.0,256.0,0.0,349.0,302.0,0.0,143.0,40.0,91.0,0.0,0.0,83.0,0.0,0.0,0.0,168.0,0.0,0.0,0.0,0.0,37.0,0.0,0.0,1375.0,95.0,0.0,0.0,0.0,0.0,0.0,647.0,320.0,38.0,0.0,446.0,203.0,0.0
2021-10-13 15:00:00+00:00,0.0,104.0,10.0,143.0,235.0,192.0,149.0,0.0,370.0,227.0,0.0,0.0,30.0,10.0,0.0,88.0,97.0,0.0,0.0,0.0,0.0,0.0,0.0,0.0,0.0,0.0,0.0,0.0,1374.0,41.0,0.0,242.0,10.0,0.0,0.0,659.0,272.0,81.0,0.0,469.0,189.0,0.0
2021-10-13 16:00:00+00:00,0.0,171.0,2.0,110.0,218.0,169.0,54.0,0.0,419.0,217.0,0.0,0.0,44.0,0.0,0.0,214.0,52.0,0.0,0.0,0.0,0.0,0.0,0.0,0.0,0.0,0.0,0.0,0.0,1374.0,16.0,0.0,462.0,34.0,0.0,0.0,684.0,231.0,169.0,0.0,490.0,184.0,0.0
2021-10-13 17:00:00+00:00,0.0,113.0,2.0,134.0,210.0,241.0,105.0,0.0,337.0,184.0,0.0,0.0,57.0,12.0,0.0,101.0,0.0,0.0,0.0,0.0,0.0,0.0,0.0,6.0,0.0,0.0,0.0,0.0,1375.0,51.0,0.0,403.0,4.0,0.0,0.0,727.0,242.0,86.0,0.0,527.0,201.0,0.0
2021-10-13 18:00:00+00:00,0.0,53.0,3.0,143.0,256.0,297.0,212.0,0.0,363.0,256.0,0.0,0.0,42.0,68.0,0.0,0.0,0.0,0.0,0.0,0.0,59.0,0.0,0.0,1.0,0.0,0.0,0.0,0.0,1342.0,102.0,0.0,308.0,0.0,0.0,0.0,712.0,243.0,116.0,0.0,503.0,211.0,0.0
2021-10-13 19:00:00+00:00,0.0,0.0,18.0,194.0,344.0,410.0,263.0,0.0,385.0,353.0,0.0,91.0,55.0,183.0,0.0,0.0,68.0,0.0,0.0,0.0,160.0,0.0,0.0,0.0,0.0,56.0,0.0,0.0,1353.0,150.0,0.0,0.0,0.0,0.0,0.0,703.0,283.0,61.0,0.0,473.0,236.0,0.0
2021-10-13 20:00:00+00:00,0.0,0.0,18.0,199.0,317.0,442.0,354.0,0.0,369.0,341.0,0.0,161.0,94.0,195.0,0.0,0.0,93.0,0.0,0.0,0.0,198.0,0.0,0.0,0.0,0.0,140.0,0.0,0.0,1357.0,129.0,0.0,0.0,0.0,0.0,0.0,784.0,349.0,56.0,0.0,545.0,230.0,0.0
2021-10-13 21:00:00+00:00,0.0,0.0,41.0,224.0,327.0,430.0,356.0,0.0,315.0,318.0,0.0,98.0,60.0,200.0,0.0,0.0,59.0,0.0,0.0,0.0,285.0,0.0,0.0,0.0,0.0,207.0,0.0,0.0,1360.0,96.0,0.0,0.0,0.0,0.0,0.0,745.0,379.0,28.0,0.0,493.0,257.0,0.0
2021-10-13 22:00:00+00:00,0.0,0.0,118.0,268.0,288.0,539.0,445.0,0.0,76.0,200.0,0.0,348.0,117.0,288.0,0.0,0.0,38.0,0.0,0.0,0.0,484.0,0.0,0.0,0.0,0.0,303.0,0.0,0.0,1405.0,112.0,0.0,0.0,0.0,0.0,0.0,713.0,469.0,5.0,0.0,555.0,246.0,55.0
2021-10-13 23:00:00+00:00,0.0,0.0,136.0,274.0,305.0,535.0,440.0,0.0,21.0,227.0,0.0,275.0,62.0,253.0,0.0,0.0,32.0,0.0,0.0,0.0,588.0,4.0,0.0,0.0,0.0,203.0,0.0,0.0,1374.0,125.0,0.0,0.0,0.0,0.0,0.0,599.0,480.0,2.0,0.0,492.0,277.0,75.0
2021-10-14 00:00:00+00:00,0.0,0.0,162.0,270.0,294.0,502.0,420.0,0.0,2.0,202.0,0.0,174.0,42.0,233.0,0.0,0.0,28.0,0.0,0.0,0.0,539.0,31.0,0.0,0.0,0.0,109.0,0.0,0.0,1375.0,115.0,0.0,0.0,0.0,0.0,0.0,551.0,488.0,0.0,0.0,462.0,316.0,78.0
2021-10-14 01:00:00+00:00,0.0,0.0,132.0,254.0,280.0,477.0,379.0,0.0,2.0,206.0,0.0,147.0,41.0,227.0,0.0,0.0,28.0,0.0,0.0,0.0,562.0,29.0,0.0,0.0,0.0,102.0,0.0,0.0,1373.0,115.0,0.0,0.0,0.0,0.0,0.0,562.0,473.0,1.0,0.0,473.0,339.0,79.0
2021-10-14 02:00:00+00:00,0.0,0.0,70.0,209.0,219.0,435.0,411.0,0.0,15.0,201.0,0.0,199.0,77.0,258.0,0.0,0.0,32.0,0.0,0.0,0.0,580.0,8.0,0.0,0.0,0.0,81.0,0.0,0.0,1365.0,126.0,0.0,0.0,0.0,0.0,0.0,631.0,432.0,9.0,0.0,567.0,294.0,77.0
2021-10-14 03:00:00+00:00,0.0,0.0,16.0,142.0,167.0,369.0,442.0,0.0,132.0,215.0,0.0,219.0,71.0,194.0,0.0,0.0,54.0,0.0,0.0,0.0,364.0,0.0,0.0,0.0,0.0,0.0,0.0,0.0,1376.0,81.0,0.0,27.0,0.0,0.0,0.0,695.0,320.0,46.0,0.0,606.0,271.0,77.0
2021-10-14 04:00:00+00:00,0.0,0.0,1.0,67.0,140.0,360.0,410.0,0.0,327.0,240.0,0.0,43.0,68.0,75.0,0.0,0.0,45.0,0.0,0.0,0.0,60.0,0.0,0.0,0.0,0.0,0.0,0.0,0.0,1374.0,62.0,0.0,74.0,0.0,0.0,0.0,625.0,217.0,164.0,0.0,527.0,232.0,77.0
2021-10-14 05:00:00+00:00,0.0,97.0,0.0,2.0,39.0,352.0,347.0,0.0,417.0,195.0,0.0,0.0,56.0,1.0,0.0,179.0,0.0,0.0,0.0,0.0,0.0,0.0,12.0,3.0,0.0,0.0,0.0,0.0,1375.0,62.0,0.0,397.0,49.0,0.0,0.0,567.0,134.0,241.0,0.0,506.0,190.0,76.0
2021-10-14 06:00:00+00:00,0.0,0.0,0.0,0.0,4.0,328.0,402.0,0.0,493.0,212.0,0.0,11.0,101.0,3.0,0.0,125.0,0.0,0.0,0.0,0.0,0.0,0.0,23.0,2.0,0.0,0.0,0.0,0.0,1375.0,43.0,0.0,489.0,42.0,0.0,0.0,566.0,109.0,276.0,0.0,530.0,174.0,78.0
2021-10-14 07:00:00+00:00,0.0,8.0,0.0,6.0,0.0,343.0,412.0,0.0,530.0,157.0,0.0,0.0,107.0,9.0,0.0,253.0,0.0,0.0,0.0,0.0,0.0,0.0,3.0,4.0,0.0,0.0,0.0,0.0,1375.0,46.0,0.0,388.0,8.0,55.0,0.0,548.0,93.0,279.0,0.0,560.0,169.0,78.0
2021-10-14 08:00:00+00:00,0.0,0.0,0.0,26.0,0.0,342.0,427.0,0.0,532.0,120.0,0.0,88.0,134.0,72.0,0.0,484.0,68.0,0.0,0.0,0.0,0.0,0.0,0.0,0.0,0.0,0.0,0.0,0.0,1375.0,55.0,0.0,398.0,0.0,64.0,0.0,542.0,126.0,269.0,0.0,580.0,167.0,76.0
2021-10-14 09:00:00+00:00,0.0,0.0,0.0,35.0,0.0,301.0,414.0,0.0,531.0,135.0,0.0,247.0,181.0,140.0,0.0,414.0,76.0,0.0,0.0,0.0,0.0,0.0,0.0,0.0,0.0,0.0,0.0,0.0,1375.0,64.0,0.0,366.0,0.0,37.0,0.0,551.0,135.0,239.0,0.0,609.0,184.0,76.0
2021-10-14 10:00:00+00:00,0.0,0.0,0.0,23.0,0.0,327.0,412.0,0.0,545.0,126.0,0.0,317.0,205.0,151.0,0.0,450.0,83.0,0.0,0.0,0.0,0.0,0.0,0.0,0.0,0.0,0.0,0.0,0.0,1375.0,64.0,0.0,353.0,0.0,59.0,0.0,570.0,145.0,226.0,0.0,645.0,153.0,76.0
2021-10-14 11:00:00+00:00,0.0,0.0,0.0,23.0,0.0,359.0,437.0,0.0,559.0,162.0,0.0,361.0,235.0,221.0,0.0,325.0,88.0,0.0,0.0,0.0,0.0,0.0,0.0,0.0,0.0,0.0,0.0,0.0,1374.0,60.0,0.0,381.0,0.0,35.0,0.0,628.0,154.0,220.0,0.0,701.0,128.0,77.0
2021-10-14 12:00:00+00:00,0.0,0.0,0.0,34.0,0.0,370.0,423.0,0.0,577.0,183.0,0.0,295.0,212.0,202.0,0.0,293.0,80.0,0.0,0.0,0.0,0.0,0.0,0.0,0.0,0.0,0.0,0.0,0.0,1375.0,63.0,0.0,322.0,0.0,16.0,0.0,652.0,171.0,204.0,0.0,692.0,142.0,78.0
2021-10-14 13:00:00+00:00,0.0,0.0,0.0,54.0,45.0,350.0,415.0,0.0,524.0,243.0,0.0,142.0,146.0,147.0,0.0,199.0,77.0,0.0,0.0,0.0,0.0,0.0,0.0,0.0,0.0,0.0,0.0,0.0,1375.0,66.0,0.0,345.0,0.0,0.0,0.0,569.0,196.0,170.0,0.0,589.0,133.0,78.0
2021-10-14 14:00:00+00:00,0.0,0.0,1.0,80.0,107.0,329.0,399.0,0.0,439.0,244.0,0.0,27.0,103.0,89.0,0.0,186.0,128.0,0.0,0.0,0.0,0.0,0.0,0.0,0.0,0.0,0.0,0.0,0.0,1373.0,65.0,0.0,302.0,0.0,0.0,0.0,601.0,249.0,170.0,0.0,578.0,138.0,77.0
2021-10-14 15:00:00+00:00,0.0,88.0,2.0,101.0,138.0,348.0,400.0,0.0,409.0,225.0,0.0,0.0,99.0,28.0,0.0,217.0,143.0,0.0,0.0,0.0,0.0,0.0,0.0,0.0,0.0,0.0,0.0,0.0,1374.0,68.0,0.0,336.0,2.0,0.0,0.0,643.0,262.0,129.0,0.0,557.0,143.0,78.0
2021-10-14 16:00:00+00:00,0.0,190.0,0.0,76.0,138.0,359.0,422.0,0.0,465.0,221.0,0.0,0.0,87.0,5.0,0.0,387.0,155.0,0.0,0.0,0.0,0.0,0.0,0.0,0.0,0.0,0.0,0.0,0.0,1374.0,65.0,0.0,503.0,16.0,0.0,0.0,671.0,233.0,214.0,0.0,550.0,179.0,78.0
2021-10-14 17:00:00+00:00,0.0,257.0,2.0,126.0,209.0,347.0,442.0,0.0,400.0,230.0,0.0,0.0,56.0,1.0,0.0,132.0,108.0,0.0,0.0,0.0,0.0,0.0,0.0,0.0,0.0,0.0,0.0,0.0,1374.0,69.0,0.0,420.0,16.0,0.0,0.0,641.0,256.0,118.0,0.0,495.0,203.0,77.0
2021-10-14 18:00:00+00:00,0.0,212.0,16.0,165.0,262.0,396.0,383.0,0.0,358.0,266.0,0.0,0.0,35.0,10.0,0.0,47.0,137.0,0.0,0.0,0.0,0.0,0.0,0.0,0.0,0.0,0.0,0.0,0.0,1416.0,80.0,0.0,262.0,5.0,0.0,0.0,555.0,288.0,54.0,0.0,447.0,197.0,77.0
2021-10-14 19:00:00+00:00,0.0,98.0,66.0,257.0,338.0,437.0,276.0,0.0,298.0,289.0,0.0,0.0,10.0,70.0,0.0,0.0,110.0,0.0,0.0,0.0,178.0,0.0,0.0,0.0,0.0,64.0,0.0,0.0,1153.0,106.0,0.0,0.0,0.0,0.0,0.0,551.0,382.0,20.0,0.0,393.0,289.0,78.0
2021-10-14 20:00:00+00:00,0.0,0.0,66.0,273.0,339.0,461.0,376.0,0.0,330.0,295.0,0.0,33.0,63.0,129.0,0.0,0.0,79.0,0.0,0.0,0.0,219.0,0.0,0.0,0.0,0.0,128.0,0.0,0.0,1019.0,86.0,0.0,0.0,0.0,0.0,0.0,627.0,456.0,10.0,0.0,457.0,345.0,77.0
2021-10-14 21:00:00+00:00,0.0,0.0,167.0,333.0,406.0,544.0,429.0,0.0,217.0,236.0,0.0,257.0,130.0,211.0,0.0,0.0,65.0,0.0,0.0,0.0,274.0,0.0,0.0,0.0,0.0,256.0,0.0,0.0,1025.0,87.0,0.0,0.0,0.0,0.0,0.0,583.0,480.0,1.0,0.0,423.0,383.0,77.0
2021-10-14 22:00:00+00:00,0.0,0.0,286.0,422.0,541.0,551.0,336.0,0.0,150.0,301.0,0.0,247.0,69.0,236.0,0.0,0.0,47.0,0.0,0.0,0.0,592.0,0.0,0.0,0.0,0.0,493.0,0.0,0.0,638.0,105.0,0.0,0.0,0.0,0.0,0.0,513.0,661.0,0.0,0.0,282.0,465.0,78.0
2021-10-14 23:00:00+00:00,0.0,0.0,354.0,427.0,516.0,494.0,294.0,0.0,21.0,237.0,0.0,93.0,23.0,182.0,0.0,0.0,39.0,0.0,0.0,0.0,602.0,7.0,0.0,0.0,0.0,440.0,0.0,0.0,429.0,117.0,0.0,0.0,0.0,0.0,0.0,456.0,676.0,0.0,0.0,254.0,463.0,78.0
2021-10-15 00:00:00+00:00,0.0,38.0,329.0,416.0,509.0,437.0,266.0,0.0,4.0,243.0,0.0,0.0,0.0,127.0,0.0,0.0,32.0,0.0,0.0,0.0,602.0,28.0,0.0,0.0,0.0,445.0,0.0,0.0,439.0,143.0,0.0,0.0,0.0,0.0,26.0,385.0,667.0,0.0,0.0,192.0,454.0,78.0
2021-10-15 01:00:00+00:00,0.0,80.0,303.0,398.0,491.0,510.0,310.0,0.0,18.0,251.0,0.0,0.0,0.0,105.0,0.0,0.0,33.0,0.0,0.0,0.0,602.0,21.0,0.0,0.0,0.0,392.0,0.0,0.0,438.0,120.0,0.0,0.0,0.0,0.0,43.0,364.0,635.0,0.0,0.0,177.0,446.0,78.0
2021-10-15 02:00:00+00:00,0.0,0.0,272.0,378.0,447.0,453.0,296.0,0.0,15.0,223.0,0.0,15.0,0.0,140.0,0.0,0.0,37.0,0.0,0.0,0.0,602.0,24.0,0.0,0.0,0.0,363.0,0.0,0.0,438.0,113.0,0.0,0.0,0.0,0.0,6.0,464.0,625.0,0.0,0.0,271.0,440.0,78.0
2021-10-15 03:00:00+00:00,0.0,0.0,164.0,305.0,353.0,382.0,213.0,0.0,53.0,222.0,0.0,5.0,5.0,127.0,0.0,0.0,58.0,0.0,0.0,0.0,598.0,2.0,0.0,0.0,0.0,302.0,0.0,0.0,560.0,100.0,0.0,0.0,0.0,0.0,0.0,552.0,533.0,2.0,0.0,363.0,378.0,76.0
2021-10-15 04:00:00+00:00,0.0,103.0,60.0,245.0,345.0,334.0,192.0,0.0,284.0,332.0,0.0,0.0,0.0,63.0,0.0,0.0,93.0,0.0,0.0,0.0,461.0,0.0,0.0,0.0,0.0,207.0,0.0,0.0,905.0,84.0,0.0,0.0,1.0,0.0,42.0,546.0,436.0,18.0,0.0,302.0,370.0,76.0
2021-10-15 05:00:00+00:00,0.0,32.0,25.0,182.0,260.0,362.0,98.0,0.0,360.0,299.0,0.0,0.0,1.0,59.0,0.0,0.0,82.0,0.0,0.0,0.0,335.0,0.0,0.0,0.0,0.0,0.0,0.0,0.0,976.0,84.0,0.0,121.0,1.0,0.0,0.0,584.0,349.0,49.0,0.0,353.0,333.0,76.0
2021-10-15 06:00:00+00:00,0.0,3.0,10.0,160.0,216.0,280.0,100.0,0.0,426.0,347.0,0.0,0.0,28.0,98.0,0.0,0.0,68.0,0.0,0.0,0.0,475.0,0.0,0.0,0.0,0.0,0.0,0.0,0.0,976.0,70.0,0.0,164.0,0.0,0.0,0.0,612.0,324.0,66.0,0.0,475.0,301.0,76.0
2021-10-15 07:00:00+00:00,0.0,0.0,11.0,169.0,217.0,339.0,123.0,0.0,462.0,377.0,0.0,26.0,33.0,189.0,0.0,0.0,40.0,0.0,0.0,0.0,523.0,0.0,0.0,0.0,0.0,0.0,0.0,0.0,974.0,58.0,0.0,37.0,0.0,0.0,0.0,517.0,311.0,75.0,0.0,498.0,281.0,77.0
2021-10-15 08:00:00+00:00,0.0,0.0,10.0,181.0,220.0,333.0,74.0,0.0,468.0,398.0,0.0,136.0,71.0,288.0,0.0,0.0,39.0,0.0,0.0,0.0,566.0,0.0,0.0,0.0,0.0,0.0,0.0,0.0,974.0,73.0,0.0,1.0,0.0,0.0,0.0,498.0,326.0,78.0,0.0,577.0,263.0,76.0
2021-10-15 09:00:00+00:00,0.0,0.0,26.0,186.0,231.0,376.0,98.0,0.0,462.0,400.0,0.0,35.0,50.0,294.0,0.0,0.0,27.0,0.0,0.0,0.0,508.0,0.0,0.0,0.0,0.0,4.0,0.0,0.0,972.0,70.0,0.0,0.0,0.0,0.0,0.0,422.0,365.0,39.0,0.0,558.0,243.0,83.0
2021-10-15 10:00:00+00:00,0.0,69.0,21.0,157.0,228.0,361.0,115.0,0.0,514.0,389.0,0.0,0.0,36.0,283.0,0.0,0.0,26.0,0.0,0.0,0.0,213.0,0.0,0.0,0.0,0.0,51.0,0.0,0.0,973.0,69.0,0.0,0.0,0.0,0.0,0.0,356.0,279.0,70.0,0.0,501.0,233.0,82.0
2021-10-15 11:00:00+00:00,0.0,72.0,20.0,158.0,230.0,411.0,152.0,0.0,461.0,347.0,0.0,0.0,25.0,266.0,0.0,0.0,16.0,0.0,0.0,0.0,73.0,0.0,0.0,0.0,0.0,109.0,0.0,0.0,971.0,60.0,0.0,0.0,0.0,0.0,0.0,338.0,326.0,61.0,0.0,463.0,211.0,83.0
2021-10-15 12:00:00+00:00,0.0,0.0,14.0,173.0,234.0,386.0,145.0,0.0,463.0,349.0,0.0,121.0,78.0,250.0,0.0,0.0,16.0,0.0,0.0,0.0,299.0,0.0,0.0,0.0,0.0,100.0,0.0,0.0,969.0,57.0,0.0,0.0,0.0,0.0,0.0,423.0,347.0,42.0,0.0,495.0,172.0,80.0
2021-10-15 13:00:00+00:00,0.0,0.0,40.0,201.0,270.0,414.0,176.0,0.0,453.0,364.0,0.0,117.0,63.0,184.0,0.0,0.0,51.0,0.0,0.0,0.0,446.0,0.0,0.0,0.0,0.0,84.0,0.0,0.0,971.0,60.0,0.0,0.0,0.0,0.0,0.0,511.0,357.0,24.0,0.0,478.0,199.0,78.0
2021-10-15 14:00:00+00:00,0.0,0.0,41.0,224.0,302.0,428.0,144.0,0.0,418.0,376.0,0.0,64.0,31.0,141.0,0.0,0.0,78.0,0.0,0.0,0.0,528.0,0.0,0.0,0.0,0.0,59.0,0.0,0.0,972.0,83.0,0.0,0.0,0.0,0.0,0.0,554.0,403.0,19.0,0.0,430.0,256.0,73.0
2021-10-15 15:00:00+00:00,0.0,143.0,22.0,225.0,320.0,407.0,145.0,0.0,423.0,351.0,0.0,0.0,0.0,23.0,0.0,0.0,82.0,0.0,0.0,0.0,340.0,0.0,0.0,0.0,0.0,0.0,0.0,0.0,974.0,81.0,0.0,35.0,3.0,0.0,14.0,561.0,387.0,39.0,0.0,342.0,261.0,75.0
2021-10-15 16:00:00+00:00,0.0,229.0,12.0,190.0,342.0,420.0,175.0,0.0,510.0,375.0,0.0,0.0,0.0,0.0,0.0,0.0,41.0,0.0,0.0,0.0,262.0,0.0,0.0,0.0,0.0,0.0,0.0,0.0,973.0,86.0,0.0,261.0,86.0,0.0,19.0,533.0,345.0,96.0,0.0,285.0,251.0,74.0
2021-10-15 17:00:00+00:00,0.0,147.0,23.0,209.0,348.0,433.0,217.0,0.0,470.0,373.0,0.0,0.0,0.0,0.0,0.0,0.0,11.0,0.0,0.0,0.0,373.0,0.0,0.0,0.0,0.0,0.0,0.0,0.0,1007.0,87.0,0.0,241.0,70.0,0.0,9.0,533.0,355.0,36.0,0.0,284.0,258.0,73.0
2021-10-15 18:00:00+00:00,0.0,160.0,41.0,218.0,362.0,552.0,191.0,0.0,441.0,387.0,0.0,0.0,0.0,0.0,0.0,0.0,0.0,0.0,0.0,0.0,342.0,0.0,0.0,1.0,0.0,0.0,0.0,0.0,1312.0,129.0,0.0,87.0,40.0,0.0,33.0,500.0,368.0,26.0,0.0,271.0,268.0,73.0
2021-10-15 19:00:00+00:00,0.0,0.0,80.0,255.0,370.0,501.0,210.0,0.0,363.0,374.0,0.0,78.0,23.0,93.0,0.0,0.0,60.0,0.0,0.0,0.0,571.0,0.0,0.0,0.0,0.0,245.0,0.0,0.0,1146.0,114.0,0.0,0.0,1.0,0.0,0.0,554.0,410.0,17.0,0.0,362.0,288.0,75.0
2021-10-15 20:00:00+00:00,0.0,0.0,114.0,276.0,373.0,556.0,249.0,0.0,351.0,368.0,0.0,185.0,57.0,150.0,0.0,0.0,82.0,0.0,0.0,0.0,499.0,0.0,0.0,0.0,0.0,184.0,0.0,0.0,1133.0,105.0,0.0,0.0,0.0,0.0,0.0,616.0,474.0,5.0,0.0,431.0,351.0,73.0
2021-10-15 21:00:00+00:00,0.0,0.0,124.0,330.0,426.0,608.0,263.0,0.0,276.0,344.0,0.0,188.0,24.0,159.0,0.0,0.0,54.0,0.0,0.0,0.0,552.0,0.0,0.0,0.0,0.0,296.0,0.0,0.0,801.0,124.0,0.0,0.0,0.0,0.0,0.0,537.0,504.0,6.0,0.0,322.0,433.0,75.0
2021-10-15 22:00:00+00:00,0.0,0.0,205.0,368.0,442.0,546.0,224.0,0.0,145.0,246.0,0.0,292.0,58.0,198.0,0.0,0.0,44.0,0.0,0.0,0.0,601.0,0.0,0.0,0.0,0.0,287.0,0.0,0.0,505.0,125.0,0.0,0.0,0.0,0.0,0.0,568.0,577.0,0.0,0.0,376.0,436.0,76.0
2021-10-15 23:00:00+00:00,0.0,0.0,251.0,349.0,417.0,603.0,300.0,0.0,65.0,227.0,0.0,148.0,0.0,120.0,0.0,0.0,34.0,0.0,0.0,0.0,602.0,2.0,0.0,0.0,0.0,291.0,0.0,0.0,458.0,143.0,0.0,0.0,0.0,0.0,1.0,534.0,595.0,0.0,0.0,356.0,442.0,76.0
2021-10-16 00:00:00+00:00,0.0,0.0,272.0,354.0,437.0,582.0,299.0,0.0,12.0,221.0,0.0,5.0,0.0,84.0,0.0,0.0,28.0,0.0,0.0,0.0,601.0,12.0,0.0,0.0,0.0,359.0,0.0,0.0,457.0,143.0,0.0,0.0,0.0,0.0,29.0,506.0,630.0,0.0,0.0,336.0,438.0,77.0
2021-10-16 01:00:00+00:00,0.0,22.0,301.0,355.0,423.0,579.0,312.0,0.0,2.0,200.0,0.0,0.0,0.0,120.0,0.0,0.0,30.0,0.0,0.0,0.0,601.0,46.0,0.0,0.0,0.0,313.0,0.0,0.0,457.0,138.0,0.0,0.0,0.0,0.0,26.0,547.0,647.0,0.0,0.0,374.0,435.0,78.0
2021-10-16 02:00:00+00:00,0.0,0.0,277.0,348.0,386.0,543.0,310.0,0.0,0.0,178.0,0.0,11.0,0.0,112.0,0.0,0.0,31.0,0.0,0.0,0.0,601.0,75.0,0.0,0.0,0.0,321.0,0.0,0.0,457.0,149.0,0.0,0.0,0.0,0.0,22.0,570.0,635.0,0.0,0.0,392.0,411.0,78.0
2021-10-16 03:00:00+00:00,0.0,0.0,248.0,334.0,337.0,488.0,282.0,0.0,0.0,150.0,0.0,94.0,0.0,63.0,0.0,0.0,42.0,0.0,0.0,0.0,596.0,108.0,0.0,0.0,0.0,349.0,0.0,0.0,457.0,142.0,0.0,0.0,0.0,0.0,23.0,596.0,597.0,0.0,0.0,413.0,358.0,78.0
2021-10-16 04:00:00+00:00,0.0,68.0,111.0,265.0,272.0,448.0,208.0,0.0,16.0,172.0,0.0,0.0,0.0,17.0,0.0,0.0,60.0,0.0,0.0,0.0,415.0,11.0,0.0,0.0,0.0,272.0,0.0,0.0,458.0,151.0,0.0,0.0,11.0,0.0,56.0,638.0,500.0,2.0,0.0,440.0,312.0,77.0
2021-10-16 05:00:00+00:00,0.0,57.0,48.0,190.0,186.0,405.0,110.0,0.0,125.0,193.0,0.0,0.0,0.0,13.0,0.0,0.0,77.0,0.0,0.0,0.0,373.0,0.0,0.0,0.0,0.0,106.0,0.0,0.0,458.0,147.0,0.0,0.0,12.0,0.0,16.0,667.0,365.0,18.0,0.0,487.0,270.0,77.0
2021-10-16 06:00:00+00:00,0.0,0.0,16.0,159.0,194.0,412.0,148.0,0.0,282.0,242.0,0.0,14.0,10.0,15.0,0.0,0.0,72.0,0.0,0.0,0.0,241.0,0.0,0.0,0.0,0.0,0.0,0.0,0.0,605.0,148.0,0.0,101.0,11.0,0.0,0.0,654.0,340.0,41.0,0.0,559.0,259.0,77.0
2021-10-16 07:00:00+00:00,0.0,0.0,48.0,182.0,196.0,434.0,215.0,0.0,279.0,217.0,0.0,255.0,76.0,66.0,0.0,0.0,39.0,0.0,0.0,0.0,128.0,0.0,0.0,0.0,0.0,0.0,0.0,0.0,606.0,150.0,0.0,164.0,0.0,0.0,0.0,599.0,359.0,16.0,0.0,620.0,226.0,78.0
2021-10-16 08:00:00+00:00,0.0,0.0,25.0,154.0,165.0,475.0,216.0,0.0,344.0,247.0,0.0,225.0,68.0,101.0,0.0,0.0,29.0,0.0,0.0,0.0,73.0,0.0,0.0,0.0,0.0,0.0,0.0,0.0,580.0,155.0,0.0,161.0,0.0,0.0,0.0,605.0,353.0,33.0,0.0,675.0,238.0,77.0
2021-10-16 09:00:00+00:00,0.0,0.0,73.0,171.0,192.0,417.0,268.0,0.0,360.0,277.0,0.0,323.0,100.0,207.0,0.0,0.0,20.0,0.0,0.0,0.0,126.0,0.0,0.0,0.0,0.0,0.0,0.0,0.0,586.0,126.0,0.0,145.0,0.0,0.0,0.0,623.0,326.0,21.0,0.0,716.0,223.0,77.0
2021-10-16 10:00:00+00:00,0.0,0.0,34.0,174.0,198.0,411.0,212.0,0.0,347.0,247.0,0.0,328.0,122.0,232.0,0.0,0.0,29.0,0.0,0.0,0.0,2.0,0.0,0.0,0.0,0.0,0.0,0.0,0.0,618.0,120.0,0.0,45.0,0.0,0.0,0.0,585.0,348.0,26.0,0.0,703.0,197.0,78.0
2021-10-16 11:00:00+00:00,0.0,0.0,50.0,202.0,219.0,495.0,223.0,0.0,343.0,286.0,0.0,495.0,175.0,289.0,0.0,0.0,11.0,0.0,0.0,0.0,190.0,0.0,0.0,0.0,0.0,28.0,0.0,0.0,644.0,125.0,0.0,0.0,0.0,0.0,0.0,510.0,337.0,14.0,0.0,671.0,146.0,77.0
2021-10-16 12:00:00+00:00,0.0,0.0,64.0,237.0,257.0,467.0,265.0,0.0,353.0,307.0,0.0,427.0,156.0,328.0,0.0,0.0,15.0,0.0,0.0,0.0,212.0,0.0,0.0,0.0,0.0,0.0,0.0,0.0,632.0,116.0,0.0,51.0,0.0,0.0,0.0,569.0,399.0,13.0,0.0,669.0,163.0,77.0
2021-10-16 13:00:00+00:00,0.0,0.0,70.0,240.0,261.0,477.0,206.0,0.0,295.0,262.0,0.0,284.0,122.0,293.0,0.0,0.0,42.0,0.0,0.0,0.0,71.0,0.0,0.0,0.0,0.0,55.0,0.0,0.0,637.0,128.0,0.0,0.0,0.0,0.0,0.0,655.0,432.0,6.0,0.0,681.0,184.0,77.0
2021-10-16 14:00:00+00:00,0.0,0.0,81.0,236.0,279.0,382.0,204.0,0.0,302.0,306.0,0.0,172.0,71.0,197.0,0.0,0.0,64.0,0.0,0.0,0.0,209.0,0.0,0.0,0.0,0.0,0.0,0.0,0.0,645.0,111.0,0.0,120.0,0.0,0.0,0.0,685.0,434.0,6.0,0.0,592.0,218.0,78.0
2021-10-16 15:00:00+00:00,0.0,0.0,78.0,227.0,261.0,469.0,197.0,0.0,257.0,237.0,0.0,84.0,52.0,57.0,0.0,47.0,74.0,0.0,0.0,0.0,0.0,0.0,0.0,0.0,0.0,0.0,0.0,0.0,799.0,97.0,0.0,219.0,1.0,0.0,0.0,619.0,441.0,14.0,0.0,466.0,174.0,79.0
2021-10-16 16:00:00+00:00,0.0,83.0,38.0,220.0,302.0,500.0,236.0,0.0,303.0,226.0,0.0,0.0,24.0,1.0,0.0,104.0,19.0,0.0,0.0,0.0,0.0,0.0,0.0,0.0,0.0,0.0,0.0,0.0,1069.0,70.0,0.0,395.0,53.0,0.0,0.0,562.0,422.0,26.0,0.0,343.0,203.0,78.0
2021-10-16 17:00:00+00:00,0.0,202.0,107.0,233.0,318.0,446.0,241.0,0.0,268.0,219.0,0.0,0.0,0.0,0.0,0.0,0.0,0.0,0.0,0.0,0.0,90.0,0.0,0.0,6.0,0.0,0.0,0.0,0.0,920.0,84.0,0.0,248.0,81.0,0.0,11.0,576.0,400.0,2.0,0.0,340.0,229.0,77.0
2021-10-16 18:00:00+00:00,0.0,82.0,165.0,268.0,334.0,483.0,196.0,0.0,172.0,206.0,0.0,0.0,0.0,2.0,0.0,0.0,0.0,0.0,0.0,0.0,190.0,0.0,0.0,1.0,0.0,0.0,0.0,0.0,883.0,72.0,0.0,100.0,25.0,0.0,11.0,585.0,444.0,2.0,0.0,373.0,244.0,77.0
2021-10-16 19:00:00+00:00,0.0,0.0,230.0,330.0,402.0,539.0,119.0,0.0,129.0,286.0,0.0,43.0,0.0,49.0,0.0,0.0,53.0,0.0,0.0,0.0,397.0,0.0,0.0,0.0,0.0,71.0,0.0,0.0,864.0,62.0,0.0,0.0,0.0,0.0,33.0,596.0,551.0,0.0,0.0,316.0,359.0,76.0
2021-10-16 20:00:00+00:00,0.0,0.0,296.0,397.0,443.0,478.0,235.0,0.0,63.0,268.0,0.0,65.0,0.0,107.0,0.0,0.0,62.0,0.0,0.0,0.0,550.0,0.0,0.0,0.0,0.0,236.0,0.0,0.0,582.0,72.0,0.0,0.0,0.0,0.0,33.0,599.0,608.0,0.0,0.0,301.0,433.0,77.0
2021-10-16 21:00:00+00:00,0.0,0.0,323.0,467.0,560.0,518.0,343.0,0.0,27.0,245.0,0.0,62.0,0.0,129.0,0.0,0.0,46.0,0.0,0.0,0.0,529.0,3.0,0.0,0.0,0.0,332.0,0.0,0.0,517.0,60.0,0.0,0.0,0.0,0.0,44.0,517.0,693.0,0.0,0.0,219.0,498.0,76.0
2021-10-16 22:00:00+00:00,0.0,0.0,471.0,501.0,605.0,427.0,255.0,0.0,4.0,234.0,0.0,153.0,0.0,179.0,0.0,0.0,32.0,0.0,0.0,0.0,600.0,62.0,0.0,0.0,0.0,451.0,0.0,0.0,487.0,23.0,0.0,0.0,0.0,0.0,43.0,527.0,708.0,0.0,0.0,199.0,488.0,76.0
2021-10-16 23:00:00+00:00,0.0,14.0,527.0,487.0,587.0,380.0,199.0,0.0,0.0,203.0,0.0,0.0,0.0,131.0,0.0,0.0,19.0,0.0,0.0,0.0,602.0,124.0,0.0,0.0,0.0,467.0,0.0,0.0,485.0,37.0,0.0,0.0,0.0,0.0,83.0,458.0,690.0,0.0,0.0,161.0,477.0,75.0
2021-10-17 00:00:00+00:00,0.0,89.0,572.0,472.0,574.0,462.0,281.0,0.0,0.0,182.0,0.0,0.0,0.0,122.0,0.0,0.0,13.0,0.0,0.0,0.0,602.0,170.0,0.0,0.0,0.0,516.0,0.0,0.0,485.0,68.0,0.0,0.0,0.0,0.0,84.0,452.0,673.0,0.0,0.0,161.0,473.0,75.0
2021-10-17 01:00:00+00:00,0.0,143.0,526.0,469.0,569.0,363.0,228.0,0.0,0.0,190.0,0.0,0.0,0.0,106.0,0.0,0.0,15.0,0.0,0.0,0.0,602.0,182.0,0.0,0.0,0.0,531.0,0.0,0.0,486.0,45.0,0.0,0.0,0.0,0.0,98.0,445.0,667.0,0.0,0.0,149.0,478.0,77.0
2021-10-17 02:00:00+00:00,0.0,73.0,559.0,472.0,556.0,292.0,113.0,0.0,0.0,169.0,0.0,0.0,0.0,126.0,0.0,0.0,18.0,0.0,0.0,0.0,602.0,207.0,0.0,0.0,0.0,503.0,0.0,0.0,486.0,23.0,0.0,0.0,0.0,0.0,76.0,473.0,661.0,0.0,0.0,167.0,486.0,78.0
2021-10-17 03:00:00+00:00,0.0,0.0,518.0,442.0,501.0,341.0,179.0,0.0,0.0,160.0,0.0,55.0,0.0,145.0,0.0,0.0,26.0,0.0,0.0,0.0,602.0,206.0,0.0,0.0,0.0,480.0,0.0,0.0,484.0,44.0,0.0,0.0,0.0,0.0,40.0,549.0,641.0,0.0,0.0,225.0,459.0,80.0
2021-10-17 04:00:00+00:00,0.0,0.0,398.0,437.0,524.0,357.0,159.0,0.0,0.0,223.0,0.0,22.0,0.0,94.0,0.0,0.0,44.0,0.0,0.0,0.0,593.0,138.0,0.0,0.0,0.0,454.0,0.0,0.0,484.0,70.0,0.0,0.0,0.0,0.0,83.0,581.0,650.0,0.0,0.0,202.0,459.0,79.0
2021-10-17 05:00:00+00:00,0.0,269.0,208.0,342.0,438.0,389.0,188.0,0.0,11.0,240.0,0.0,0.0,0.0,16.0,0.0,0.0,60.0,0.0,0.0,0.0,311.0,14.0,0.0,0.0,0.0,359.0,0.0,0.0,511.0,112.0,0.0,0.0,14.0,0.0,112.0,527.0,548.0,0.0,0.0,182.0,395.0,77.0
2021-10-17 06:00:00+00:00,0.0,130.0,165.0,329.0,439.0,457.0,219.0,0.0,129.0,332.0,0.0,0.0,0.0,61.0,0.0,0.0,49.0,0.0,0.0,0.0,302.0,0.0,0.0,0.0,0.0,269.0,0.0,0.0,663.0,124.0,0.0,0.0,1.0,0.0,93.0,461.0,528.0,0.0,0.0,221.0,365.0,78.0
2021-10-17 07:00:00+00:00,0.0,59.0,181.0,346.0,428.0,511.0,205.0,0.0,130.0,306.0,0.0,0.0,0.0,159.0,0.0,0.0,33.0,0.0,0.0,0.0,303.0,0.0,0.0,0.0,0.0,205.0,0.0,0.0,680.0,127.0,0.0,0.0,0.0,0.0,37.0,408.0,524.0,2.0,0.0,298.0,323.0,78.0
2021-10-17 08:00:00+00:00,0.0,0.0,223.0,358.0,430.0,480.0,215.0,0.0,128.0,324.0,0.0,56.0,0.0,226.0,0.0,0.0,11.0,0.0,0.0,0.0,355.0,0.0,0.0,0.0,0.0,219.0,0.0,0.0,669.0,116.0,0.0,0.0,0.0,0.0,17.0,368.0,543.0,0.0,0.0,336.0,327.0,78.0
2021-10-17 09:00:00+00:00,0.0,0.0,240.0,368.0,422.0,554.0,198.0,0.0,80.0,276.0,0.0,173.0,1.0,273.0,0.0,0.0,0.0,0.0,0.0,0.0,345.0,0.0,0.0,0.0,0.0,236.0,0.0,0.0,668.0,126.0,0.0,0.0,0.0,0.0,0.0,357.0,550.0,0.0,0.0,377.0,289.0,77.0
2021-10-17 10:00:00+00:00,0.0,0.0,243.0,384.0,415.0,552.0,261.0,0.0,41.0,240.0,0.0,156.0,14.0,292.0,0.0,0.0,0.0,0.0,0.0,0.0,283.0,0.0,0.0,4.0,0.0,232.0,0.0,0.0,684.0,117.0,0.0,0.0,0.0,0.0,0.0,338.0,552.0,0.0,0.0,382.0,265.0,78.0
2021-10-17 11:00:00+00:00,0.0,0.0,238.0,380.0,423.0,527.0,276.0,0.0,68.0,249.0,0.0,219.0,34.0,256.0,0.0,0.0,0.0,0.0,0.0,0.0,316.0,0.0,0.0,2.0,0.0,225.0,0.0,0.0,686.0,109.0,0.0,0.0,0.0,0.0,0.0,355.0,545.0,0.0,0.0,385.0,246.0,79.0
2021-10-17 12:00:00+00:00,0.0,0.0,213.0,342.0,386.0,529.0,282.0,0.0,69.0,254.0,0.0,283.0,77.0,256.0,0.0,0.0,0.0,0.0,0.0,0.0,309.0,0.0,0.0,3.0,0.0,271.0,0.0,0.0,674.0,106.0,0.0,0.0,0.0,0.0,0.0,462.0,525.0,1.0,0.0,452.0,237.0,76.0
2021-10-17 13:00:00+00:00,0.0,0.0,172.0,302.0,324.0,448.0,253.0,0.0,72.0,243.0,0.0,203.0,88.0,230.0,0.0,0.0,1.0,0.0,0.0,0.0,260.0,0.0,0.0,0.0,0.0,214.0,0.0,0.0,677.0,112.0,0.0,0.0,0.0,0.0,0.0,514.0,499.0,0.0,0.0,474.0,189.0,77.0
2021-10-17 14:00:00+00:00,0.0,0.0,91.0,251.0,303.0,398.0,198.0,0.0,188.0,281.0,0.0,12.0,42.0,111.0,0.0,0.0,37.0,0.0,0.0,0.0,93.0,0.0,0.0,0.0,0.0,117.0,0.0,0.0,679.0,100.0,0.0,0.0,0.0,0.0,0.0,561.0,435.0,3.0,0.0,425.0,220.0,79.0
2021-10-17 15:00:00+00:00,0.0,236.0,30.0,189.0,258.0,462.0,185.0,0.0,285.0,283.0,0.0,0.0,0.0,1.0,0.0,233.0,42.0,0.0,0.0,0.0,0.0,0.0,0.0,0.0,0.0,72.0,0.0,0.0,1115.0,86.0,0.0,0.0,30.0,0.0,12.0,632.0,355.0,34.0,0.0,424.0,208.0,79.0
2021-10-17 16:00:00+00:00,0.0,87.0,10.0,193.0,272.0,406.0,189.0,0.0,366.0,239.0,0.0,0.0,45.0,0.0,0.0,420.0,0.0,0.0,0.0,0.0,0.0,0.0,0.0,1.0,0.0,0.0,0.0,0.0,1152.0,73.0,0.0,132.0,47.0,0.0,0.0,674.0,369.0,88.0,0.0,467.0,207.0,79.0
2021-10-17 17:00:00+00:00,0.0,156.0,15.0,182.0,254.0,436.0,207.0,0.0,347.0,228.0,0.0,0.0,29.0,0.0,0.0,359.0,0.0,0.0,0.0,0.0,0.0,0.0,0.0,2.0,0.0,0.0,0.0,0.0,1173.0,62.0,0.0,199.0,70.0,0.0,0.0,652.0,318.0,47.0,0.0,430.0,226.0,79.0
2021-10-17 18:00:00+00:00,0.0,90.0,26.0,200.0,270.0,424.0,261.0,0.0,302.0,254.0,0.0,0.0,21.0,9.0,0.0,185.0,0.0,0.0,0.0,0.0,0.0,0.0,0.0,1.0,0.0,0.0,0.0,0.0,981.0,65.0,0.0,118.0,13.0,0.0,0.0,631.0,341.0,30.0,0.0,430.0,228.0,77.0
2021-10-17 19:00:00+00:00,0.0,87.0,57.0,219.0,304.0,424.0,323.0,0.0,312.0,315.0,0.0,0.0,7.0,84.0,0.0,0.0,46.0,0.0,0.0,0.0,54.0,0.0,0.0,0.0,0.0,0.0,0.0,0.0,961.0,55.0,0.0,26.0,0.0,0.0,0.0,595.0,331.0,14.0,0.0,424.0,249.0,77.0
2021-10-17 20:00:00+00:00,0.0,79.0,81.0,265.0,354.0,478.0,340.0,0.0,270.0,338.0,0.0,0.0,14.0,123.0,0.0,0.0,67.0,0.0,0.0,0.0,233.0,0.0,0.0,0.0,0.0,80.0,0.0,0.0,946.0,51.0,0.0,0.0,0.0,0.0,0.0,548.0,394.0,7.0,0.0,393.0,280.0,77.0
2021-10-17 21:00:00+00:00,0.0,0.0,115.0,298.0,371.0,577.0,351.0,0.0,218.0,327.0,0.0,7.0,44.0,190.0,0.0,0.0,45.0,0.0,0.0,0.0,415.0,0.0,0.0,0.0,0.0,137.0,0.0,0.0,932.0,57.0,0.0,0.0,0.0,0.0,0.0,504.0,443.0,2.0,0.0,311.0,339.0,69.0
2021-10-17 22:00:00+00:00,0.0,0.0,282.0,377.0,435.0,517.0,378.0,0.0,28.0,219.0,0.0,160.0,80.0,260.0,0.0,0.0,19.0,0.0,0.0,0.0,593.0,7.0,0.0,0.0,0.0,326.0,0.0,0.0,862.0,68.0,0.0,0.0,0.0,0.0,0.0,542.0,564.0,0.0,0.0,316.0,343.0,0.0
2021-10-17 23:00:00+00:00,0.0,0.0,311.0,378.0,421.0,478.0,409.0,0.0,0.0,174.0,0.0,248.0,101.0,281.0,0.0,0.0,9.0,0.0,0.0,0.0,596.0,79.0,0.0,0.0,0.0,359.0,0.0,0.0,855.0,69.0,0.0,0.0,0.0,0.0,0.0,513.0,605.0,0.0,0.0,313.0,347.0,0.0
2021-10-18 00:00:00+00:00,0.0,0.0,299.0,378.0,407.0,599.0,362.0,0.0,0.0,157.0,0.0,205.0,90.0,263.0,0.0,0.0,9.0,0.0,0.0,0.0,601.0,153.0,0.0,0.0,0.0,294.0,0.0,0.0,922.0,92.0,0.0,0.0,0.0,0.0,0.0,499.0,605.0,0.0,0.0,301.0,343.0,0.0
2021-10-18 01:00:00+00:00,0.0,0.0,288.0,356.0,345.0,512.0,405.0,0.0,0.0,129.0,0.0,207.0,87.0,257.0,0.0,0.0,10.0,0.0,0.0,0.0,600.0,202.0,0.0,0.0,0.0,305.0,0.0,0.0,949.0,62.0,0.0,0.0,0.0,0.0,0.0,522.0,587.0,0.0,0.0,334.0,332.0,0.0
2021-10-18 02:00:00+00:00,0.0,0.0,300.0,347.0,334.0,401.0,418.0,0.0,0.0,123.0,0.0,141.0,71.0,224.0,0.0,0.0,11.0,0.0,0.0,0.0,602.0,208.0,0.0,0.0,0.0,366.0,0.0,0.0,916.0,69.0,0.0,0.0,0.0,0.0,0.0,594.0,583.0,0.0,0.0,419.0,283.0,0.0
2021-10-18 03:00:00+00:00,0.0,0.0,166.0,266.0,232.0,422.0,340.0,0.0,0.0,108.0,0.0,143.0,104.0,174.0,0.0,0.0,38.0,0.0,0.0,0.0,540.0,104.0,0.0,0.0,0.0,276.0,0.0,0.0,1215.0,63.0,0.0,0.0,0.0,0.0,0.0,695.0,434.0,2.0,0.0,576.0,177.0,0.0
2021-10-18 04:00:00+00:00,0.0,132.0,21.0,161.0,183.0,539.0,287.0,0.0,131.0,107.0,0.0,0.0,36.0,12.0,208.0,91.0,48.0,0.0,0.0,0.0,0.0,0.0,0.0,0.0,0.0,48.0,0.0,0.0,1454.0,57.0,0.0,0.0,16.0,0.0,0.0,225.0,311.0,58.0,0.0,373.0,66.0,0.0
2021-10-18 05:00:00+00:00,0.0,61.0,7.0,14.0,207.0,571.0,128.0,0.0,336.0,160.0,0.0,0.0,85.0,4.0,316.0,138.0,0.0,0.0,0.0,0.0,0.0,0.0,0.0,1.0,0.0,0.0,0.0,0.0,1443.0,78.0,0.0,246.0,25.0,0.0,0.0,0.0,230.0,130.0,0.0,317.0,0.0,0.0
2021-10-18 06:00:00+00:00,0.0,190.0,3.0,0.0,220.0,546.0,161.0,0.0,443.0,189.0,0.0,0.0,71.0,15.0,318.0,198.0,76.0,0.0,0.0,0.0,0.0,0.0,0.0,0.0,0.0,0.0,0.0,0.0,1440.0,69.0,0.0,351.0,16.0,0.0,0.0,0.0,235.0,86.0,0.0,335.0,0.0,0.0
2021-10-18 07:00:00+00:00,0.0,133.0,6.0,0.0,241.0,584.0,205.0,0.0,510.0,230.0,0.0,0.0,99.0,75.0,288.0,110.0,66.0,0.0,0.0,0.0,0.0,0.0,0.0,0.0,0.0,0.0,0.0,0.0,1451.0,67.0,0.0,325.0,0.0,0.0,0.0,0.0,229.0,73.0,0.0,364.0,0.0,0.0
2021-10-18 08:00:00+00:00,0.0,69.0,18.0,0.0,292.0,543.0,153.0,0.0,498.0,281.0,0.0,0.0,96.0,169.0,241.0,0.0,51.0,0.0,0.0,0.0,1.0,0.0,0.0,0.0,0.0,0.0,0.0,0.0,1451.0,72.0,0.0,266.0,0.0,0.0,0.0,0.0,276.0,54.0,0.0,382.0,0.0,0.0
2021-10-18 09:00:00+00:00,0.0,154.0,34.0,0.0,316.0,519.0,135.0,0.0,488.0,309.0,0.0,0.0,67.0,166.0,242.0,47.0,44.0,0.0,0.0,0.0,0.0,0.0,0.0,0.0,0.0,0.0,0.0,0.0,1451.0,92.0,0.0,214.0,0.0,0.0,0.0,0.0,301.0,22.0,0.0,426.0,0.0,0.0
2021-10-18 10:00:00+00:00,0.0,99.0,47.0,0.0,269.0,528.0,191.0,0.0,467.0,317.0,0.0,0.0,72.0,175.0,276.0,0.0,38.0,0.0,0.0,0.0,1.0,0.0,0.0,0.0,0.0,0.0,0.0,0.0,1451.0,106.0,0.0,133.0,0.0,0.0,0.0,0.0,262.0,10.0,0.0,464.0,0.0,0.0
2021-10-18 11:00:00+00:00,0.0,79.0,22.0,0.0,265.0,537.0,208.0,0.0,498.0,350.0,0.0,0.0,52.0,122.0,274.0,0.0,23.0,0.0,0.0,0.0,1.0,0.0,0.0,0.0,0.0,0.0,0.0,0.0,1451.0,117.0,0.0,31.0,0.0,0.0,0.0,0.0,261.0,33.0,0.0,456.0,0.0,0.0
2021-10-18 12:00:00+00:00,0.0,61.0,25.0,0.0,251.0,544.0,176.0,0.0,468.0,319.0,0.0,0.0,53.0,81.0,290.0,47.0,31.0,0.0,0.0,0.0,0.0,0.0,0.0,0.0,0.0,22.0,0.0,0.0,1451.0,109.0,0.0,0.0,0.0,0.0,0.0,0.0,257.0,38.0,0.0,422.0,0.0,0.0
2021-10-18 13:00:00+00:00,0.0,118.0,11.0,0.0,250.0,500.0,139.0,0.0,479.0,320.0,0.0,0.0,42.0,50.0,304.0,53.0,56.0,0.0,0.0,0.0,0.0,0.0,0.0,0.0,0.0,68.0,0.0,0.0,1451.0,96.0,0.0,0.0,0.0,0.0,0.0,0.0,236.0,46.0,0.0,375.0,0.0,0.0
2021-10-18 14:00:00+00:00,0.0,256.0,5.0,0.0,272.0,446.0,168.0,0.0,433.0,249.0,0.0,0.0,23.0,11.0,325.0,247.0,87.0,0.0,0.0,0.0,0.0,0.0,0.0,0.0,0.0,0.0,0.0,0.0,1451.0,103.0,0.0,82.0,5.0,0.0,0.0,0.0,250.0,79.0,0.0,333.0,0.0,0.0
2021-10-18 15:00:00+00:00,0.0,144.0,10.0,0.0,234.0,401.0,177.0,0.0,379.0,183.0,0.0,0.0,90.0,3.0,355.0,220.0,83.0,0.0,0.0,0.0,0.0,0.0,0.0,0.0,0.0,0.0,0.0,0.0,1451.0,84.0,0.0,223.0,23.0,0.0,0.0,0.0,236.0,68.0,0.0,359.0,0.0,0.0
2021-10-18 16:00:00+00:00,0.0,207.0,21.0,0.0,321.0,341.0,185.0,0.0,397.0,151.0,0.0,0.0,100.0,1.0,314.0,339.0,44.0,0.0,0.0,0.0,0.0,0.0,0.0,0.0,0.0,0.0,0.0,0.0,1452.0,49.0,0.0,329.0,29.0,0.0,0.0,0.0,340.0,49.0,0.0,319.0,0.0,0.0
2021-10-18 17:00:00+00:00,0.0,322.0,94.0,0.0,371.0,420.0,291.0,0.0,382.0,158.0,0.0,0.0,65.0,4.0,233.0,339.0,16.0,0.0,0.0,0.0,0.0,0.0,0.0,0.0,0.0,0.0,0.0,0.0,1451.0,101.0,0.0,331.0,10.0,0.0,0.0,0.0,363.0,3.0,0.0,241.0,0.0,0.0
2021-10-18 18:00:00+00:00,0.0,0.0,136.0,0.0,345.0,492.0,314.0,0.0,335.0,152.0,0.0,8.0,111.0,70.0,326.0,216.0,0.0,0.0,0.0,0.0,0.0,0.0,0.0,2.0,0.0,0.0,0.0,0.0,1409.0,148.0,0.0,230.0,0.0,0.0,0.0,0.0,354.0,1.0,0.0,328.0,0.0,0.0
2021-10-18 19:00:00+00:00,0.0,0.0,162.0,0.0,392.0,563.0,398.0,0.0,325.0,207.0,0.0,72.0,68.0,89.0,302.0,0.0,31.0,0.0,0.0,0.0,73.0,0.0,0.0,0.0,0.0,37.0,0.0,0.0,1487.0,135.0,0.0,0.0,0.0,0.0,0.0,0.0,372.0,1.0,0.0,311.0,0.0,0.0
2021-10-18 20:00:00+00:00,0.0,0.0,170.0,0.0,415.0,653.0,413.0,0.0,258.0,118.0,0.0,202.0,112.0,124.0,310.0,59.0,87.0,0.0,0.0,0.0,0.0,0.0,0.0,0.0,0.0,209.0,0.0,0.0,1466.0,136.0,0.0,0.0,0.0,0.0,0.0,0.0,437.0,1.0,0.0,383.0,0.0,0.0
2021-10-18 21:00:00+00:00,0.0,0.0,249.0,0.0,461.0,617.0,352.0,0.0,211.0,107.0,0.0,77.0,70.0,120.0,179.0,0.0,61.0,0.0,0.0,0.0,201.0,0.0,0.0,0.0,0.0,296.0,0.0,0.0,1440.0,125.0,0.0,0.0,0.0,0.0,0.0,0.0,445.0,0.0,0.0,288.0,0.0,0.0
2021-10-18 22:00:00+00:00,0.0,0.0,288.0,0.0,523.0,774.0,360.0,0.0,257.0,240.0,0.0,120.0,65.0,171.0,112.0,0.0,49.0,0.0,0.0,0.0,535.0,0.0,0.0,0.0,0.0,318.0,0.0,0.0,1423.0,165.0,0.0,0.0,0.0,0.0,0.0,0.0,478.0,0.0,0.0,268.0,0.0,0.0
2021-10-18 23:00:00+00:00,0.0,0.0,294.0,0.0,566.0,773.0,333.0,0.0,148.0,222.0,0.0,167.0,27.0,162.0,67.0,0.0,40.0,0.0,0.0,0.0,600.0,0.0,0.0,0.0,0.0,335.0,0.0,0.0,1464.0,165.0,0.0,0.0,0.0,0.0,0.0,0.0,558.0,0.0,0.0,244.0,0.0,0.0
2021-10-19 00:00:00+00:00,0.0,0.0,292.0,0.0,569.0,777.0,380.0,0.0,136.0,225.0,0.0,138.0,41.0,163.0,78.0,0.0,33.0,0.0,0.0,0.0,602.0,0.0,0.0,0.0,0.0,431.0,0.0,0.0,1443.0,172.0,0.0,0.0,0.0,0.0,0.0,0.0,571.0,0.0,0.0,256.0,0.0,0.0
2021-10-19 01:00:00+00:00,0.0,0.0,286.0,0.0,566.0,814.0,386.0,0.0,108.0,225.0,0.0,148.0,41.0,157.0,73.0,0.0,32.0,0.0,0.0,0.0,601.0,0.0,0.0,0.0,0.0,417.0,0.0,0.0,1438.0,180.0,0.0,0.0,0.0,0.0,0.0,0.0,551.0,0.0,0.0,251.0,0.0,0.0
2021-10-19 02:00:00+00:00,0.0,0.0,276.0,0.0,523.0,763.0,269.0,0.0,89.0,208.0,0.0,192.0,61.0,168.0,135.0,0.0,38.0,0.0,0.0,0.0,574.0,0.0,0.0,0.0,0.0,363.0,0.0,0.0,1452.0,181.0,0.0,0.0,0.0,0.0,0.0,0.0,521.0,0.0,0.0,274.0,0.0,0.0
2021-10-19 03:00:00+00:00,0.0,0.0,142.0,0.0,375.0,441.0,27.0,0.0,154.0,221.0,0.0,78.0,43.0,76.0,274.0,0.0,62.0,0.0,0.0,0.0,495.0,0.0,0.0,0.0,0.0,231.0,0.0,0.0,1453.0,84.0,0.0,0.0,0.0,0.0,0.0,0.0,395.0,3.0,0.0,348.0,0.0,0.0
2021-10-19 04:00:00+00:00,0.0,139.0,166.0,0.0,374.0,558.0,259.0,0.0,251.0,204.0,0.0,0.0,4.0,5.0,259.0,0.0,72.0,0.0,0.0,0.0,96.0,0.0,0.0,0.0,0.0,76.0,0.0,0.0,1451.0,133.0,0.0,0.0,24.0,0.0,0.0,0.0,247.0,260.0,0.0,261.0,0.0,0.0
2021-10-19 05:00:00+00:00,0.0,191.0,164.0,0.0,332.0,494.0,201.0,0.0,422.0,305.0,0.0,0.0,21.0,0.0,254.0,0.0,13.0,0.0,0.0,0.0,2.0,0.0,0.0,0.0,0.0,0.0,0.0,0.0,1451.0,85.0,0.0,172.0,37.0,0.0,0.0,0.0,171.0,314.0,0.0,254.0,0.0,0.0
2021-10-19 06:00:00+00:00,0.0,201.0,170.0,0.0,356.0,392.0,107.0,0.0,443.0,291.0,0.0,0.0,41.0,15.0,299.0,0.0,52.0,0.0,0.0,0.0,117.0,0.0,0.0,0.0,0.0,0.0,0.0,0.0,1452.0,34.0,0.0,208.0,10.0,0.0,0.0,0.0,189.0,277.0,0.0,302.0,0.0,0.0
2021-10-19 07:00:00+00:00,0.0,3.0,92.0,0.0,385.0,456.0,132.0,0.0,457.0,347.0,0.0,0.0,72.0,111.0,324.0,0.0,0.0,0.0,0.0,0.0,284.0,0.0,0.0,1.0,0.0,0.0,0.0,0.0,1451.0,59.0,0.0,143.0,1.0,0.0,0.0,0.0,220.0,151.0,0.0,339.0,0.0,0.0
2021-10-19 08:00:00+00:00,0.0,0.0,11.0,0.0,431.0,510.0,194.0,0.0,446.0,384.0,0.0,55.0,66.0,174.0,320.0,0.0,50.0,0.0,0.0,0.0,447.0,0.0,0.0,0.0,0.0,0.0,0.0,0.0,1451.0,75.0,0.0,41.0,0.0,0.0,0.0,0.0,252.0,70.0,0.0,379.0,0.0,0.0
2021-10-19 09:00:00+00:00,0.0,11.0,18.0,0.0,484.0,510.0,258.0,0.0,428.0,419.0,0.0,0.0,49.0,233.0,296.0,0.0,40.0,0.0,0.0,0.0,480.0,0.0,0.0,0.0,0.0,11.0,0.0,0.0,1451.0,84.0,0.0,0.0,0.0,0.0,0.0,0.0,290.0,44.0,0.0,392.0,0.0,0.0
2021-10-19 10:00:00+00:00,0.0,23.0,34.0,0.0,456.0,574.0,261.0,0.0,441.0,436.0,0.0,0.0,55.0,236.0,272.0,0.0,31.0,0.0,0.0,0.0,458.0,0.0,0.0,0.0,0.0,6.0,0.0,0.0,1451.0,101.0,0.0,0.0,0.0,0.0,0.0,0.0,271.0,33.0,0.0,382.0,0.0,0.0
2021-10-19 11:00:00+00:00,0.0,6.0,16.0,0.0,435.0,601.0,305.0,0.0,447.0,436.0,0.0,0.0,54.0,213.0,262.0,0.0,39.0,0.0,0.0,0.0,447.0,0.0,0.0,0.0,0.0,119.0,0.0,0.0,1451.0,124.0,0.0,0.0,0.0,0.0,0.0,0.0,249.0,42.0,0.0,379.0,0.0,0.0
2021-10-19 12:00:00+00:00,0.0,0.0,10.0,0.0,412.0,613.0,341.0,0.0,471.0,443.0,0.0,62.0,48.0,186.0,261.0,0.0,40.0,0.0,0.0,0.0,503.0,0.0,0.0,0.0,0.0,158.0,0.0,0.0,1451.0,146.0,0.0,0.0,0.0,0.0,0.0,0.0,247.0,62.0,0.0,368.0,0.0,0.0
2021-10-19 13:00:00+00:00,0.0,127.0,10.0,0.0,349.0,603.0,323.0,0.0,430.0,389.0,0.0,0.0,24.0,135.0,291.0,0.0,56.0,0.0,0.0,0.0,232.0,0.0,0.0,0.0,0.0,112.0,0.0,0.0,1452.0,148.0,0.0,0.0,0.0,0.0,0.0,0.0,209.0,64.0,0.0,385.0,0.0,0.0
2021-10-19 14:00:00+00:00,0.0,218.0,10.0,0.0,338.0,510.0,254.0,0.0,346.0,245.0,0.0,0.0,19.0,65.0,322.0,0.0,26.0,0.0,0.0,0.0,2.0,0.0,0.0,0.0,0.0,39.0,0.0,0.0,1452.0,124.0,0.0,0.0,0.0,0.0,0.0,0.0,225.0,76.0,0.0,365.0,0.0,0.0
2021-10-19 15:00:00+00:00,0.0,162.0,2.0,0.0,287.0,520.0,226.0,0.0,370.0,234.0,0.0,0.0,46.0,20.0,389.0,129.0,40.0,0.0,0.0,0.0,0.0,0.0,0.0,0.0,0.0,0.0,0.0,0.0,1452.0,117.0,0.0,83.0,10.0,0.0,0.0,0.0,189.0,127.0,0.0,394.0,0.0,0.0
2021-10-19 16:00:00+00:00,0.0,185.0,10.0,0.0,330.0,440.0,376.0,0.0,392.0,215.0,0.0,0.0,81.0,62.0,367.0,255.0,13.0,0.0,0.0,0.0,0.0,0.0,0.0,0.0,0.0,0.0,0.0,0.0,1452.0,91.0,0.0,280.0,0.0,0.0,0.0,0.0,235.0,97.0,0.0,374.0,0.0,0.0
2021-10-19 17:00:00+00:00,0.0,159.0,25.0,0.0,393.0,501.0,349.0,0.0,376.0,207.0,0.0,0.0,89.0,79.0,332.0,152.0,19.0,0.0,0.0,0.0,0.0,0.0,0.0,0.0,0.0,0.0,0.0,0.0,1453.0,114.0,0.0,308.0,0.0,0.0,0.0,0.0,263.0,38.0,0.0,336.0,0.0,0.0
2021-10-19 18:00:00+00:00,0.0,134.0,25.0,0.0,401.0,624.0,324.0,0.0,393.0,231.0,0.0,0.0,75.0,98.0,318.0,145.0,0.0,0.0,0.0,0.0,0.0,0.0,0.0,2.0,0.0,0.0,0.0,0.0,1412.0,103.0,0.0,201.0,0.0,0.0,0.0,0.0,244.0,36.0,0.0,326.0,0.0,0.0
2021-10-19 19:00:00+00:00,0.0,59.0,37.0,0.0,466.0,587.0,303.0,0.0,398.0,324.0,0.0,0.0,52.0,130.0,265.0,0.0,12.0,0.0,0.0,0.0,52.0,0.0,0.0,0.0,0.0,0.0,0.0,0.0,1407.0,138.0,0.0,16.0,0.0,0.0,0.0,0.0,277.0,26.0,0.0,308.0,0.0,0.0
2021-10-19 20:00:00+00:00,0.0,0.0,72.0,0.0,550.0,615.0,413.0,0.0,405.0,319.0,0.0,22.0,61.0,159.0,210.0,0.0,9.0,0.0,0.0,0.0,143.0,0.0,0.0,0.0,0.0,50.0,0.0,0.0,1422.0,143.0,0.0,0.0,0.0,0.0,0.0,0.0,338.0,14.0,0.0,310.0,0.0,0.0
2021-10-19 21:00:00+00:00,0.0,0.0,69.0,0.0,554.0,682.0,484.0,0.0,302.0,226.0,0.0,33.0,66.0,164.0,188.0,0.0,7.0,0.0,0.0,0.0,212.0,0.0,0.0,0.0,0.0,231.0,0.0,0.0,1300.0,141.0,0.0,0.0,0.0,0.0,0.0,0.0,408.0,18.0,0.0,327.0,0.0,0.0
2021-10-19 22:00:00+00:00,0.0,0.0,96.0,0.0,501.0,650.0,468.0,0.0,205.0,214.0,0.0,159.0,117.0,232.0,213.0,0.0,31.0,0.0,0.0,0.0,298.0,0.0,0.0,0.0,0.0,333.0,0.0,0.0,880.0,146.0,0.0,0.0,0.0,0.0,0.0,0.0,394.0,9.0,0.0,356.0,0.0,0.0
2021-10-19 23:00:00+00:00,0.0,0.0,123.0,0.0,476.0,591.0,496.0,0.0,110.0,190.0,0.0,214.0,99.0,174.0,169.0,0.0,35.0,0.0,0.0,0.0,517.0,0.0,0.0,0.0,0.0,350.0,0.0,0.0,523.0,156.0,0.0,0.0,0.0,0.0,0.0,0.0,390.0,2.0,0.0,326.0,0.0,0.0
2021-10-20 00:00:00+00:00,0.0,0.0,130.0,0.0,479.0,633.0,509.0,0.0,37.0,168.0,0.0,211.0,109.0,189.0,167.0,0.0,28.0,0.0,0.0,0.0,600.0,5.0,0.0,0.0,0.0,376.0,0.0,0.0,496.0,159.0,0.0,0.0,0.0,0.0,0.0,0.0,391.0,3.0,0.0,327.0,0.0,0.0
2021-10-20 01:00:00+00:00,0.0,0.0,105.0,0.0,481.0,606.0,497.0,0.0,42.0,172.0,0.0,165.0,80.0,130.0,136.0,0.0,27.0,0.0,0.0,0.0,600.0,2.0,0.0,0.0,0.0,345.0,0.0,0.0,495.0,165.0,0.0,0.0,0.0,0.0,0.0,0.0,409.0,4.0,0.0,294.0,0.0,0.0
2021-10-20 02:00:00+00:00,0.0,0.0,104.0,0.0,465.0,594.0,492.0,0.0,33.0,156.0,0.0,218.0,106.0,155.0,179.0,0.0,35.0,0.0,0.0,0.0,519.0,3.0,0.0,0.0,0.0,295.0,0.0,0.0,495.0,161.0,0.0,0.0,0.0,0.0,0.0,0.0,403.0,3.0,0.0,315.0,0.0,0.0
2021-10-20 03:00:00+00:00,0.0,0.0,79.0,0.0,390.0,329.0,488.0,0.0,58.0,123.0,0.0,58.0,78.0,111.0,281.0,0.0,57.0,0.0,0.0,0.0,189.0,1.0,0.0,0.0,0.0,262.0,0.0,0.0,495.0,99.0,0.0,0.0,0.0,0.0,0.0,0.0,360.0,9.0,0.0,354.0,0.0,0.0
2021-10-20 04:00:00+00:00,0.0,228.0,14.0,0.0,323.0,427.0,313.0,0.0,258.0,156.0,0.0,0.0,11.0,21.0,300.0,161.0,70.0,0.0,0.0,0.0,0.0,0.0,0.0,0.0,0.0,63.0,0.0,0.0,557.0,110.0,0.0,0.0,6.0,0.0,0.0,0.0,258.0,116.0,0.0,309.0,0.0,0.0
2021-10-20 05:00:00+00:00,0.0,171.0,2.0,0.0,293.0,364.0,225.0,0.0,364.0,239.0,0.0,0.0,55.0,52.0,335.0,345.0,123.0,0.0,0.0,0.0,0.0,0.0,0.0,0.0,0.0,0.0,0.0,0.0,554.0,116.0,0.0,172.0,0.0,0.0,0.0,0.0,227.0,116.0,0.0,341.0,0.0,0.0
2021-10-20 06:00:00+00:00,0.0,203.0,12.0,0.0,364.0,290.0,290.0,0.0,383.0,229.0,0.0,0.0,56.0,128.0,346.0,343.0,104.0,0.0,0.0,0.0,0.0,0.0,0.0,0.0,0.0,0.0,0.0,0.0,554.0,82.0,0.0,228.0,0.0,0.0,0.0,0.0,295.0,54.0,0.0,352.0,0.0,0.0
2021-10-20 07:00:00+00:00,0.0,249.0,10.0,0.0,408.0,281.0,197.0,0.0,438.0,278.0,0.0,0.0,41.0,160.0,291.0,321.0,74.0,0.0,0.0,0.0,0.0,0.0,0.0,0.0,0.0,0.0,0.0,0.0,554.0,53.0,0.0,166.0,0.0,0.0,0.0,0.0,280.0,52.0,0.0,306.0,0.0,0.0
2021-10-20 08:00:00+00:00,0.0,112.0,76.0,0.0,504.0,396.0,227.0,0.0,355.0,279.0,0.0,0.0,23.0,185.0,210.0,127.0,49.0,0.0,0.0,0.0,0.0,0.0,0.0,0.0,0.0,9.0,0.0,0.0,554.0,67.0,0.0,0.0,0.0,0.0,0.0,0.0,362.0,12.0,0.0,253.0,0.0,0.0
2021-10-20 09:00:00+00:00,0.0,46.0,99.0,0.0,549.0,431.0,238.0,0.0,265.0,255.0,0.0,0.0,34.0,228.0,205.0,47.0,35.0,0.0,0.0,0.0,0.0,0.0,0.0,0.0,0.0,52.0,0.0,0.0,553.0,72.0,0.0,0.0,0.0,0.0,0.0,0.0,409.0,4.0,0.0,301.0,0.0,0.0
2021-10-20 10:00:00+00:00,0.0,30.0,121.0,0.0,536.0,404.0,228.0,0.0,228.0,257.0,0.0,0.0,26.0,239.0,155.0,0.0,29.0,0.0,0.0,0.0,51.0,0.0,0.0,0.0,0.0,153.0,0.0,0.0,553.0,60.0,0.0,0.0,0.0,0.0,0.0,0.0,417.0,1.0,0.0,289.0,0.0,0.0
2021-10-20 11:00:00+00:00,0.0,75.0,106.0,0.0,548.0,407.0,243.0,0.0,237.0,275.0,0.0,0.0,0.0,223.0,125.0,0.0,25.0,0.0,0.0,0.0,106.0,0.0,0.0,0.0,0.0,258.0,0.0,0.0,553.0,59.0,0.0,0.0,0.0,0.0,2.0,0.0,436.0,2.0,0.0,256.0,0.0,0.0
2021-10-20 12:00:00+00:00,0.0,35.0,126.0,0.0,558.0,392.0,253.0,0.0,228.0,272.0,0.0,0.0,5.0,226.0,148.0,0.0,26.0,0.0,0.0,0.0,169.0,0.0,0.0,0.0,0.0,301.0,0.0,0.0,554.0,75.0,0.0,0.0,0.0,0.0,0.0,0.0,459.0,2.0,0.0,276.0,0.0,0.0
2021-10-20 13:00:00+00:00,0.0,97.0,109.0,0.0,494.0,347.0,236.0,0.0,242.0,258.0,0.0,0.0,0.0,179.0,184.0,0.0,51.0,0.0,0.0,0.0,61.0,0.0,0.0,0.0,0.0,264.0,0.0,0.0,554.0,59.0,0.0,0.0,0.0,0.0,4.0,0.0,403.0,3.0,0.0,292.0,0.0,0.0
2021-10-20 14:00:00+00:00,0.0,186.0,53.0,0.0,495.0,375.0,217.0,0.0,283.0,247.0,0.0,0.0,0.0,92.0,191.0,145.0,41.0,0.0,0.0,0.0,0.0,0.0,0.0,0.0,0.0,202.0,0.0,0.0,554.0,59.0,0.0,0.0,0.0,0.0,33.0,0.0,388.0,13.0,0.0,224.0,0.0,0.0
2021-10-20 15:00:00+00:00,0.0,140.0,75.0,0.0,512.0,358.0,210.0,0.0,315.0,252.0,0.0,0.0,0.0,63.0,252.0,226.0,0.0,0.0,0.0,0.0,0.0,0.0,0.0,1.0,0.0,62.0,0.0,0.0,553.0,71.0,0.0,0.0,0.0,0.0,0.0,0.0,387.0,9.0,0.0,253.0,0.0,0.0
2021-10-20 16:00:00+00:00,0.0,281.0,82.0,0.0,559.0,371.0,216.0,0.0,404.0,287.0,0.0,0.0,0.0,52.0,243.0,299.0,1.0,0.0,0.0,0.0,0.0,0.0,0.0,0.0,0.0,0.0,0.0,0.0,553.0,65.0,0.0,111.0,0.0,0.0,4.0,0.0,448.0,4.0,0.0,248.0,0.0,0.0
2021-10-20 17:00:00+00:00,0.0,200.0,162.0,0.0,582.0,368.0,239.0,0.0,350.0,245.0,0.0,0.0,0.0,53.0,216.0,187.0,0.0,0.0,0.0,0.0,0.0,0.0,0.0,0.0,0.0,9.0,0.0,0.0,551.0,65.0,0.0,0.0,0.0,0.0,6.0,0.0,454.0,0.0,0.0,220.0,0.0,0.0
2021-10-20 18:00:00+00:00,0.0,106.0,184.0,0.0,681.0,475.0,241.0,0.0,370.0,321.0,0.0,0.0,0.0,92.0,138.0,0.0,1.0,0.0,0.0,0.0,61.0,0.0,0.0,0.0,0.0,188.0,0.0,0.0,797.0,101.0,0.0,0.0,0.0,0.0,42.0,0.0,495.0,1.0,0.0,145.0,0.0,0.0
2021-10-20 19:00:00+00:00,0.0,0.0,256.0,0.0,791.0,521.0,259.0,0.0,327.0,381.0,0.0,96.0,0.0,158.0,66.0,0.0,0.0,0.0,0.0,0.0,424.0,0.0,0.0,3.0,0.0,394.0,0.0,0.0,761.0,98.0,0.0,0.0,0.0,0.0,58.0,0.0,559.0,0.0,0.0,115.0,0.0,0.0
2021-10-20 20:00:00+00:00,0.0,0.0,230.0,0.0,811.0,605.0,331.0,0.0,352.0,377.0,0.0,155.0,0.0,143.0,42.0,0.0,1.0,0.0,0.0,0.0,443.0,0.0,0.0,0.0,0.0,459.0,0.0,0.0,576.0,93.0,0.0,0.0,0.0,0.0,57.0,0.0,570.0,0.0,0.0,150.0,1.0,0.0
2021-10-20 21:00:00+00:00,0.0,0.0,314.0,0.0,813.0,628.0,363.0,0.0,284.0,305.0,0.0,84.0,0.0,189.0,3.0,0.0,47.0,0.0,0.0,0.0,540.0,0.0,0.0,0.0,0.0,439.0,0.0,0.0,538.0,115.0,0.0,0.0,0.0,0.0,44.0,0.0,558.0,0.0,0.0,130.0,20.0,0.0
2021-10-20 22:00:00+00:00,0.0,0.0,298.0,0.0,815.0,453.0,500.0,0.0,212.0,255.0,0.0,141.0,0.0,147.0,0.0,0.0,44.0,0.0,0.0,0.0,601.0,0.0,0.0,0.0,0.0,421.0,0.0,0.0,553.0,78.0,0.0,0.0,0.0,0.0,41.0,0.0,615.0,0.0,0.0,107.0,62.0,0.0
2021-10-20 23:00:00+00:00,0.0,0.0,320.0,0.0,781.0,454.0,486.0,0.0,70.0,184.0,0.0,280.0,0.0,162.0,0.0,0.0,33.0,0.0,0.0,0.0,602.0,0.0,0.0,0.0,0.0,504.0,0.0,0.0,551.0,92.0,0.0,0.0,0.0,0.0,14.0,0.0,613.0,0.0,0.0,127.0,61.0,0.0
2021-10-21 00:00:00+00:00,0.0,0.0,332.0,0.0,753.0,388.0,453.0,0.0,21.0,154.0,0.0,85.0,0.0,108.0,0.0,0.0,32.0,0.0,0.0,0.0,588.0,9.0,0.0,0.0,0.0,467.0,0.0,0.0,532.0,105.0,0.0,0.0,0.0,0.0,67.0,0.0,590.0,0.0,0.0,105.0,82.0,0.0
2021-10-21 01:00:00+00:00,0.0,0.0,343.0,0.0,738.0,378.0,414.0,0.0,7.0,152.0,0.0,122.0,0.0,94.0,0.0,0.0,31.0,0.0,0.0,0.0,602.0,23.0,0.0,0.0,0.0,456.0,0.0,0.0,538.0,115.0,0.0,0.0,0.0,0.0,72.0,0.0,601.0,0.0,0.0,104.0,84.0,0.0
2021-10-21 02:00:00+00:00,0.0,0.0,340.0,0.0,748.0,378.0,405.0,0.0,8.0,140.0,0.0,167.0,0.0,90.0,0.0,0.0,35.0,0.0,0.0,0.0,602.0,21.0,0.0,0.0,0.0,462.0,0.0,0.0,536.0,108.0,0.0,0.0,0.0,0.0,62.0,0.0,631.0,0.0,0.0,108.0,39.0,0.0
2021-10-21 03:00:00+00:00,0.0,0.0,306.0,0.0,676.0,389.0,342.0,0.0,36.0,142.0,0.0,122.0,0.0,64.0,40.0,0.0,56.0,0.0,0.0,0.0,532.0,11.0,0.0,0.0,0.0,271.0,0.0,0.0,737.0,96.0,0.0,0.0,2.0,0.0,54.0,0.0,584.0,0.0,0.0,128.0,0.0,0.0
2021-10-21 04:00:00+00:00,0.0,61.0,191.0,0.0,597.0,343.0,266.0,0.0,93.0,48.0,0.0,0.0,0.0,1.0,100.0,50.0,98.0,0.0,0.0,0.0,0.0,0.0,0.0,0.0,0.0,268.0,0.0,0.0,1231.0,46.0,0.0,0.0,41.0,0.0,87.0,0.0,521.0,1.0,0.0,109.0,0.0,0.0
2021-10-21 05:00:00+00:00,0.0,116.0,144.0,0.0,572.0,265.0,27.0,0.0,240.0,183.0,0.0,0.0,0.0,0.0,102.0,60.0,88.0,0.0,0.0,0.0,0.0,0.0,0.0,0.0,0.0,232.0,0.0,0.0,1353.0,17.0,0.0,0.0,63.0,0.0,116.0,0.0,452.0,2.0,0.0,101.0,0.0,0.0
2021-10-21 06:00:00+00:00,0.0,98.0,171.0,0.0,668.0,231.0,0.0,0.0,277.0,228.0,0.0,0.0,0.0,41.0,145.0,0.0,96.0,0.0,0.0,0.0,62.0,0.0,0.0,0.0,0.0,114.0,0.0,0.0,1356.0,9.0,24.0,0.0,1.0,0.0,89.0,0.0,479.0,0.0,0.0,150.0,0.0,0.0
2021-10-21 07:00:00+00:00,0.0,54.0,201.0,0.0,759.0,186.0,0.0,0.0,441.0,401.0,0.0,0.0,0.0,105.0,62.0,0.0,68.0,0.0,7.0,0.0,442.0,0.0,0.0,0.0,0.0,127.0,0.0,0.0,1358.0,0.0,35.0,0.0,0.0,0.0,102.0,0.0,489.0,1.0,0.0,105.0,0.0,0.0
2021-10-21 08:00:00+00:00,0.0,182.0,225.0,0.0,871.0,262.0,0.0,0.0,490.0,457.0,0.0,0.0,0.0,99.0,0.0,0.0,49.0,0.0,17.0,0.0,412.0,0.0,0.0,0.0,0.0,257.0,0.0,0.0,1358.0,0.0,14.0,0.0,0.0,0.0,156.0,0.0,558.0,1.0,0.0,24.0,80.0,0.0
2021-10-21 09:00:00+00:00,0.0,77.0,290.0,0.0,907.0,467.0,221.0,0.0,466.0,468.0,0.0,0.0,0.0,123.0,0.0,0.0,36.0,0.0,0.0,0.0,454.0,0.0,0.0,0.0,0.0,303.0,0.0,0.0,1290.0,17.0,0.0,0.0,0.0,0.0,149.0,0.0,538.0,0.0,0.0,20.0,121.0,0.0
2021-10-21 10:00:00+00:00,0.0,82.0,260.0,0.0,916.0,374.0,161.0,0.0,454.0,449.0,0.0,0.0,0.0,95.0,0.0,0.0,23.0,0.0,0.0,0.0,430.0,0.0,0.0,0.0,0.0,293.0,0.0,30.0,1260.0,17.0,0.0,0.0,0.0,0.0,174.0,0.0,570.0,0.0,0.0,0.0,165.0,0.0
2021-10-21 11:00:00+00:00,0.0,77.0,226.0,0.0,934.0,342.0,125.0,0.0,428.0,452.0,0.0,0.0,0.0,93.0,0.0,0.0,23.0,0.0,3.0,0.0,456.0,0.0,0.0,0.0,0.0,330.0,0.0,26.0,1366.0,0.0,0.0,0.0,0.0,0.0,158.0,0.0,562.0,0.0,0.0,0.0,151.0,0.0
2021-10-21 12:00:00+00:00,0.0,24.0,210.0,0.0,874.0,303.0,52.0,0.0,394.0,428.0,0.0,0.0,0.0,88.0,0.0,0.0,28.0,0.0,4.0,0.0,494.0,0.0,0.0,0.0,0.0,408.0,0.0,0.0,1371.0,0.0,0.0,0.0,0.0,0.0,132.0,0.0,531.0,0.0,0.0,25.0,80.0,0.0
2021-10-21 13:00:00+00:00,0.0,78.0,150.0,0.0,820.0,331.0,90.0,0.0,420.0,425.0,0.0,0.0,0.0,37.0,1.0,0.0,49.0,0.0,0.0,,422.0,0.0,0.0,0.0,0.0,305.0,,0.0,1371.0,11.0,0.0,0.0,2.0,0.0,129.0,0.0,470.0,1.0,0.0,38.0,37.0,0.0
2021-10-21 14:00:00+00:00,0.0,129.0,60.0,0.0,711.0,326.0,62.0,0.0,421.0,389.0,0.0,0.0,0.0,24.0,63.0,0.0,46.0,0.0,0.0,,282.0,0.0,0.0,0.0,0.0,260.0,,0.0,1370.0,3.0,0.0,0.0,2.0,0.0,112.0,0.0,391.0,10.0,0.0,79.0,1.0,0.0
2021-10-21 15:00:00+00:00,0.0,145.0,86.0,0.0,598.0,255.0,5.0,0.0,290.0,266.0,0.0,0.0,0.0,69.0,152.0,0.0,45.0,0.0,16.0,,57.0,0.0,0.0,0.0,0.0,111.0,,0.0,1369.0,0.0,0.0,0.0,0.0,0.0,78.0,0.0,383.0,7.0,0.0,153.0,0.0,0.0
2021-10-21 16:00:00+00:00,0.0,176.0,53.0,0.0,564.0,12.0,0.0,0.0,325.0,222.0,0.0,0.0,0.0,133.0,188.0,315.0,19.0,0.0,79.0,,0.0,0.0,0.0,0.0,0.0,0.0,,0.0,1370.0,0.0,9.0,19.0,0.0,0.0,91.0,0.0,403.0,20.0,0.0,194.0,0.0,0.0
2021-10-21 17:00:00+00:00,0.0,211.0,101.0,0.0,541.0,98.0,109.0,0.0,296.0,191.0,0.0,0.0,0.0,147.0,180.0,356.0,21.0,0.0,43.0,,0.0,0.0,0.0,0.0,0.0,17.0,,0.0,1371.0,0.0,0.0,0.0,0.0,0.0,93.0,0.0,402.0,2.0,0.0,184.0,0.0,0.0
2021-10-21 18:00:00+00:00,0.0,303.0,79.0,0.0,589.0,254.0,323.0,0.0,327.0,274.0,0.0,0.0,0.0,147.0,121.0,83.0,9.0,0.0,0.0,,0.0,0.0,0.0,0.0,0.0,173.0,,0.0,1385.0,20.0,0.0,0.0,0.0,0.0,133.0,0.0,407.0,8.0,0.0,127.0,0.0,0.0
2021-10-21 19:00:00+00:00,0.0,73.0,172.0,0.0,718.0,280.0,354.0,0.0,301.0,332.0,0.0,0.0,0.0,181.0,53.0,0.0,52.0,0.0,0.0,,212.0,0.0,0.0,0.0,0.0,367.0,,0.0,1128.0,25.0,0.0,0.0,0.0,0.0,103.0,0.0,491.0,0.0,0.0,99.0,0.0,0.0
2021-10-21 20:00:00+00:00,0.0,43.0,176.0,0.0,741.0,281.0,395.0,0.0,281.0,281.0,0.0,0.0,0.0,177.0,32.0,0.0,91.0,0.0,0.0,,127.0,0.0,0.0,0.0,0.0,335.0,,0.0,902.0,33.0,0.0,0.0,0.0,0.0,87.0,0.0,544.0,0.0,0.0,127.0,3.0,0.0
2021-10-21 21:00:00+00:00,0.0,0.0,204.0,0.0,737.0,403.0,485.0,0.0,232.0,216.0,0.0,75.0,0.0,187.0,3.0,0.0,63.0,0.0,0.0,,394.0,0.0,0.0,0.0,0.0,410.0,,0.0,819.0,49.0,0.0,0.0,0.0,0.0,65.0,0.0,518.0,1.0,0.0,120.0,19.0,0.0
2021-10-21 22:00:00+00:00,0.0,0.0,222.0,0.0,788.0,538.0,389.0,0.0,239.0,268.0,0.0,68.0,0.0,184.0,2.0,0.0,44.0,0.0,0.0,,549.0,0.0,0.0,0.0,0.0,490.0,,0.0,584.0,119.0,0.0,0.0,0.0,0.0,70.0,0.0,558.0,0.0,0.0,128.0,22.0,0.0
2021-10-21 23:00:00+00:00,0.0,14.0,286.0,0.0,783.0,482.0,391.0,0.0,160.0,284.0,0.0,0.0,0.0,167.0,0.0,0.0,37.0,0.0,0.0,,596.0,0.0,0.0,0.0,0.0,405.0,,0.0,415.0,125.0,0.0,0.0,0.0,0.0,114.0,0.0,574.0,0.0,0.0,119.0,49.0,0.0
2021-10-22 00:00:00+00:00,0.0,66.0,278.0,0.0,763.0,501.0,382.0,0.0,117.0,280.0,0.0,0.0,0.0,150.0,0.0,0.0,32.0,0.0,0.0,,602.0,0.0,0.0,0.0,0.0,463.0,,0.0,412.0,117.0,0.0,0.0,0.0,0.0,112.0,0.0,560.0,0.0,0.0,127.0,40.0,0.0
2021-10-22 01:00:00+00:00,0.0,73.0,270.0,0.0,727.0,479.0,387.0,0.0,96.0,270.0,0.0,0.0,0.0,137.0,0.0,0.0,31.0,0.0,0.0,,602.0,0.0,0.0,0.0,0.0,439.0,,0.0,411.0,124.0,0.0,0.0,0.0,0.0,107.0,0.0,538.0,0.0,0.0,125.0,39.0,0.0
2021-10-22 02:00:00+00:00,0.0,0.0,235.0,0.0,653.0,476.0,409.0,0.0,82.0,253.0,0.0,32.0,0.0,141.0,39.0,0.0,36.0,0.0,0.0,,600.0,0.0,0.0,0.0,0.0,394.0,,0.0,412.0,118.0,0.0,0.0,0.0,0.0,72.0,0.0,491.0,0.0,0.0,164.0,0.0,0.0
2021-10-22 03:00:00+00:00,0.0,56.0,105.0,0.0,509.0,422.0,390.0,0.0,167.0,273.0,0.0,0.0,0.0,111.0,137.0,0.0,58.0,0.0,0.0,,503.0,0.0,0.0,0.0,0.0,236.0,,0.0,794.0,80.0,0.0,0.0,0.0,0.0,83.0,0.0,367.0,3.0,0.0,208.0,0.0,0.0
2021-10-22 04:00:00+00:00,0.0,195.0,19.0,0.0,420.0,243.0,314.0,0.0,278.0,248.0,0.0,0.0,0.0,98.0,196.0,0.0,98.0,0.0,0.0,,170.0,0.0,0.0,0.0,0.0,140.0,,0.0,611.0,61.0,0.0,0.0,0.0,0.0,95.0,0.0,309.0,34.0,0.0,198.0,0.0,0.0
2021-10-22 05:00:00+00:00,0.0,215.0,16.0,0.0,376.0,198.0,241.0,0.0,305.0,256.0,0.0,0.0,0.0,118.0,259.0,184.0,49.0,0.0,0.0,,0.0,0.0,0.0,0.0,0.0,0.0,,0.0,602.0,57.0,0.0,48.0,0.0,0.0,61.0,0.0,306.0,49.0,0.0,262.0,0.0,0.0
2021-10-22 06:00:00+00:00,0.0,101.0,18.0,0.0,364.0,196.0,244.0,0.0,348.0,289.0,0.0,0.0,0.0,137.0,277.0,66.0,10.0,0.0,0.0,,0.0,0.0,0.0,0.0,0.0,0.0,,0.0,698.0,45.0,0.0,105.0,0.0,0.0,45.0,0.0,300.0,34.0,0.0,293.0,0.0,0.0
2021-10-22 07:00:00+00:00,0.0,141.0,58.0,0.0,444.0,141.0,187.0,0.0,395.0,353.0,0.0,0.0,0.0,155.0,187.0,0.0,0.0,0.0,0.0,,1.0,0.0,0.0,0.0,0.0,0.0,,0.0,700.0,46.0,0.0,72.0,0.0,0.0,69.0,0.0,294.0,17.0,0.0,302.0,0.0,0.0
2021-10-22 08:00:00+00:00,0.0,176.0,62.0,0.0,507.0,155.0,165.0,0.0,457.0,402.0,0.0,0.0,0.0,175.0,137.0,0.0,9.0,0.0,0.0,,116.0,0.0,0.0,0.0,0.0,0.0,,0.0,700.0,16.0,0.0,18.0,0.0,0.0,66.0,0.0,345.0,9.0,0.0,279.0,0.0,0.0
2021-10-22 09:00:00+00:00,0.0,150.0,79.0,0.0,566.0,178.0,186.0,0.0,474.0,377.0,0.0,0.0,0.0,192.0,59.0,0.0,49.0,0.0,0.0,,135.0,0.0,0.0,0.0,0.0,55.0,,0.0,700.0,25.0,0.0,0.0,0.0,0.0,71.0,0.0,398.0,5.0,0.0,271.0,0.0,0.0
2021-10-22 10:00:00+00:00,0.0,21.0,98.0,0.0,565.0,218.0,210.0,0.0,474.0,415.0,0.0,0.0,0.0,197.0,60.0,0.0,77.0,0.0,0.0,,199.0,0.0,0.0,0.0,0.0,102.0,,0.0,700.0,11.0,0.0,0.0,0.0,0.0,58.0,0.0,371.0,6.0,0.0,275.0,0.0,0.0
2021-10-22 11:00:00+00:00,0.0,29.0,73.0,0.0,594.0,236.0,224.0,0.0,482.0,419.0,0.0,0.0,0.0,176.0,45.0,0.0,88.0,0.0,0.0,,212.0,0.0,0.0,0.0,0.0,101.0,,0.0,702.0,7.0,0.0,0.0,0.0,0.0,74.0,0.0,387.0,7.0,0.0,246.0,0.0,0.0
2021-10-22 12:00:00+00:00,0.0,54.0,43.0,0.0,591.0,195.0,220.0,0.0,508.0,436.0,0.0,0.0,0.0,171.0,25.0,0.0,90.0,0.0,0.0,,187.0,0.0,0.0,0.0,0.0,56.0,,0.0,702.0,3.0,0.0,0.0,0.0,0.0,73.0,0.0,374.0,19.0,0.0,196.0,4.0,0.0
2021-10-22 13:00:00+00:00,0.0,84.0,26.0,98.0,480.0,244.0,217.0,0.0,429.0,405.0,0.0,0.0,0.0,155.0,81.0,0.0,57.0,0.0,0.0,,88.0,0.0,0.0,0.0,0.0,48.0,,0.0,702.0,6.0,0.0,0.0,0.0,0.0,69.0,0.0,306.0,40.0,0.0,197.0,0.0,0.0
2021-10-22 14:00:00+00:00,0.0,150.0,17.0,257.0,352.0,274.0,226.0,0.0,256.0,333.0,0.0,0.0,0.0,138.0,172.0,52.0,23.0,0.0,0.0,,0.0,0.0,0.0,0.0,0.0,0.0,,0.0,701.0,5.0,0.0,5.0,0.0,0.0,63.0,0.0,273.0,42.0,0.0,200.0,0.0,0.0
2021-10-22 15:00:00+00:00,0.0,152.0,19.0,269.0,309.0,259.0,204.0,0.0,183.0,256.0,0.0,0.0,0.0,164.0,286.0,141.0,18.0,0.0,7.0,,0.0,0.0,0.0,0.0,0.0,0.0,,0.0,700.0,0.0,0.0,77.0,0.0,0.0,6.0,0.0,311.0,32.0,0.0,288.0,0.0,0.0
2021-10-22 16:00:00+00:00,0.0,245.0,30.0,274.0,262.0,226.0,169.0,0.0,151.0,190.0,0.0,0.0,0.0,155.0,302.0,256.0,12.0,0.0,22.0,,0.0,0.0,0.0,0.0,0.0,0.0,,0.0,701.0,0.0,0.0,233.0,0.0,0.0,14.0,0.0,328.0,31.0,0.0,309.0,0.0,0.0
2021-10-22 17:00:00+00:00,0.0,280.0,57.0,263.0,269.0,249.0,219.0,0.0,205.0,232.0,0.0,0.0,0.0,142.0,283.0,181.0,4.0,0.0,9.0,,0.0,0.0,0.0,0.0,0.0,0.0,,0.0,701.0,0.0,0.0,163.0,0.0,0.0,32.0,0.0,316.0,14.0,0.0,287.0,0.0,0.0
2021-10-22 18:00:00+00:00,0.0,1.0,74.0,321.0,373.0,402.0,238.0,0.0,201.0,336.0,0.0,0.0,0.0,180.0,280.0,0.0,0.0,0.0,0.0,,168.0,0.0,0.0,0.0,0.0,75.0,,0.0,1062.0,25.0,0.0,0.0,0.0,0.0,4.0,0.0,361.0,6.0,0.0,279.0,0.0,0.0
2021-10-22 19:00:00+00:00,0.0,0.0,118.0,376.0,418.0,381.0,325.0,0.0,104.0,329.0,0.0,98.0,1.0,192.0,211.0,0.0,29.0,0.0,0.0,,225.0,0.0,0.0,0.0,0.0,254.0,,0.0,898.0,22.0,0.0,0.0,0.0,0.0,0.0,0.0,396.0,2.0,0.0,262.0,0.0,0.0
2021-10-22 20:00:00+00:00,0.0,41.0,126.0,406.0,438.0,365.0,389.0,0.0,79.0,273.0,0.0,0.0,1.0,173.0,144.0,0.0,70.0,0.0,0.0,,154.0,0.0,0.0,0.0,0.0,182.0,,0.0,669.0,4.0,0.0,0.0,0.0,0.0,0.0,0.0,456.0,2.0,0.0,248.0,0.0,0.0
2021-10-22 21:00:00+00:00,0.0,22.0,162.0,430.0,490.0,465.0,351.0,0.0,59.0,255.0,0.0,0.0,0.0,178.0,50.0,0.0,58.0,0.0,0.0,,380.0,0.0,0.0,0.0,0.0,288.0,,0.0,638.0,16.0,0.0,0.0,0.0,0.0,18.0,0.0,497.0,2.0,0.0,180.0,0.0,0.0
2021-10-22 22:00:00+00:00,0.0,0.0,224.0,456.0,496.0,395.0,415.0,0.0,11.0,246.0,0.0,93.0,45.0,218.0,58.0,0.0,22.0,0.0,0.0,,595.0,28.0,0.0,0.0,0.0,390.0,,0.0,505.0,20.0,0.0,0.0,0.0,0.0,0.0,0.0,547.0,1.0,0.0,204.0,0.0,0.0
2021-10-22 23:00:00+00:00,0.0,0.0,244.0,437.0,475.0,400.0,415.0,0.0,0.0,211.0,0.0,80.0,39.0,194.0,34.0,0.0,7.0,0.0,0.0,,602.0,77.0,0.0,0.0,0.0,430.0,,0.0,505.0,24.0,0.0,0.0,0.0,0.0,0.0,0.0,557.0,0.0,0.0,202.0,0.0,0.0
2021-10-23 00:00:00+00:00,0.0,39.0,236.0,429.0,478.0,376.0,423.0,0.0,0.0,214.0,0.0,0.0,28.0,176.0,22.0,0.0,34.0,0.0,0.0,,603.0,109.0,0.0,0.0,0.0,431.0,,0.0,505.0,30.0,0.0,0.0,0.0,0.0,0.0,0.0,564.0,0.0,0.0,196.0,1.0,0.0
2021-10-23 01:00:00+00:00,0.0,112.0,254.0,422.0,455.0,338.0,378.0,0.0,0.0,192.0,0.0,0.0,2.0,152.0,21.0,0.0,32.0,0.0,0.0,,602.0,157.0,0.0,0.0,0.0,426.0,,0.0,505.0,28.0,0.0,0.0,0.0,0.0,0.0,0.0,558.0,0.0,0.0,190.0,1.0,0.0
2021-10-23 02:00:00+00:00,0.0,18.0,226.0,404.0,412.0,332.0,369.0,0.0,0.0,167.0,0.0,0.0,12.0,149.0,51.0,0.0,36.0,0.0,0.0,,602.0,180.0,0.0,0.0,0.0,461.0,,0.0,505.0,31.0,0.0,0.0,0.0,0.0,0.0,0.0,552.0,0.0,0.0,207.0,0.0,0.0
2021-10-23 03:00:00+00:00,0.0,0.0,200.0,377.0,359.0,299.0,337.0,0.0,0.0,149.0,0.0,122.0,42.0,162.0,142.0,0.0,47.0,0.0,0.0,,599.0,162.0,0.0,0.0,0.0,377.0,,0.0,634.0,28.0,0.0,0.0,0.0,0.0,0.0,0.0,510.0,0.0,0.0,252.0,0.0,0.0
2021-10-23 04:00:00+00:00,0.0,0.0,130.0,333.0,294.0,248.0,277.0,0.0,0.0,133.0,0.0,84.0,26.0,159.0,282.0,0.0,69.0,0.0,0.0,,487.0,119.0,0.0,0.0,0.0,245.0,,0.0,588.0,36.0,0.0,0.0,0.0,0.0,0.0,0.0,456.0,1.0,0.0,333.0,0.0,0.0
2021-10-23 05:00:00+00:00,0.0,36.0,114.0,266.0,285.0,266.0,286.0,0.0,67.0,252.0,0.0,0.0,20.0,162.0,342.0,0.0,55.0,0.0,0.0,,204.0,1.0,0.0,0.0,0.0,68.0,,0.0,853.0,41.0,0.0,0.0,0.0,0.0,0.0,0.0,440.0,2.0,0.0,367.0,0.0,0.0
2021-10-23 06:00:00+00:00,0.0,0.0,210.0,255.0,273.0,358.0,280.0,0.0,133.0,252.0,0.0,35.0,51.0,193.0,344.0,0.0,68.0,0.0,0.0,,136.0,0.0,0.0,0.0,0.0,0.0,,0.0,1108.0,37.0,0.0,11.0,0.0,0.0,0.0,0.0,537.0,0.0,0.0,413.0,0.0,0.0
2021-10-23 07:00:00+00:00,0.0,0.0,229.0,278.0,295.0,394.0,269.0,0.0,140.0,260.0,0.0,98.0,81.0,240.0,325.0,0.0,63.0,0.0,0.0,,153.0,0.0,0.0,0.0,0.0,0.0,,0.0,1163.0,19.0,0.0,17.0,0.0,0.0,0.0,0.0,555.0,0.0,0.0,442.0,0.0,0.0
2021-10-23 08:00:00+00:00,0.0,0.0,256.0,305.0,331.0,334.0,224.0,0.0,147.0,285.0,0.0,227.0,120.0,287.0,309.0,0.0,76.0,0.0,0.0,,202.0,0.0,0.0,0.0,0.0,27.0,,0.0,1097.0,6.0,0.0,0.0,0.0,0.0,0.0,0.0,576.0,0.0,0.0,451.0,0.0,0.0
2021-10-23 09:00:00+00:00,0.0,0.0,253.0,326.0,367.0,346.0,220.0,0.0,161.0,336.0,0.0,374.0,157.0,323.0,296.0,0.0,69.0,0.0,0.0,,208.0,0.0,0.0,0.0,0.0,143.0,,0.0,1115.0,4.0,0.0,0.0,0.0,0.0,0.0,0.0,603.0,1.0,0.0,455.0,0.0,0.0
2021-10-23 10:00:00+00:00,0.0,0.0,266.0,334.0,359.0,325.0,174.0,0.0,119.0,317.0,0.0,366.0,162.0,333.0,282.0,0.0,51.0,0.0,0.0,,232.0,0.0,0.0,0.0,0.0,178.0,,0.0,1088.0,0.0,0.0,0.0,0.0,0.0,0.0,0.0,591.0,0.0,0.0,433.0,0.0,0.0
2021-10-23 11:00:00+00:00,0.0,0.0,229.0,347.0,385.0,338.0,233.0,0.0,111.0,302.0,0.0,464.0,171.0,320.0,278.0,0.0,54.0,0.0,15.0,,248.0,0.0,0.0,0.0,0.0,223.0,,0.0,1311.0,0.0,0.0,0.0,0.0,0.0,0.0,0.0,581.0,0.0,0.0,419.0,0.0,0.0
2021-10-23 12:00:00+00:00,0.0,0.0,214.0,337.0,357.0,361.0,216.0,0.0,133.0,271.0,0.0,435.0,181.0,303.0,324.0,0.0,59.0,0.0,22.0,,231.0,0.0,0.0,0.0,0.0,249.0,,0.0,1401.0,0.0,0.0,0.0,0.0,0.0,0.0,0.0,555.0,0.0,0.0,445.0,0.0,0.0
2021-10-23 13:00:00+00:00,0.0,0.0,204.0,275.0,272.0,261.0,139.0,0.0,142.0,263.0,0.0,396.0,159.0,262.0,374.0,0.0,57.0,0.0,43.0,,258.0,0.0,0.0,0.0,0.0,278.0,,0.0,1401.0,0.0,0.0,0.0,0.0,0.0,0.0,0.0,526.0,0.0,0.0,456.0,0.0,0.0
2021-10-23 14:00:00+00:00,0.0,0.0,205.0,237.0,223.0,232.0,89.0,0.0,115.0,231.0,0.0,359.0,133.0,217.0,390.0,0.0,72.0,0.0,60.0,,133.0,0.0,0.0,0.0,0.0,147.0,,0.0,1422.0,0.0,0.0,0.0,0.0,0.0,0.0,0.0,500.0,0.0,0.0,406.0,0.0,0.0
2021-10-23 15:00:00+00:00,0.0,0.0,38.0,236.0,236.0,311.0,139.0,0.0,166.0,267.0,0.0,259.0,106.0,185.0,422.0,0.0,33.0,0.0,49.0,,144.0,0.0,0.0,0.0,0.0,0.0,,0.0,1455.0,0.0,0.0,93.0,0.0,0.0,0.0,0.0,333.0,24.0,0.0,425.0,0.0,0.0
2021-10-23 16:00:00+00:00,0.0,0.0,6.0,189.0,196.0,419.0,264.0,0.0,167.0,188.0,0.0,176.0,101.0,166.0,439.0,126.0,0.0,0.0,29.0,,0.0,0.0,0.0,1.0,0.0,0.0,,0.0,1446.0,0.0,0.0,308.0,0.0,0.0,0.0,0.0,307.0,71.0,0.0,445.0,0.0,0.0
2021-10-23 17:00:00+00:00,0.0,0.0,21.0,175.0,170.0,408.0,321.0,0.0,161.0,198.0,0.0,222.0,108.0,174.0,431.0,0.0,0.0,0.0,9.0,,50.0,0.0,0.0,2.0,0.0,0.0,,0.0,1426.0,0.0,0.0,269.0,0.0,0.0,0.0,0.0,260.0,33.0,0.0,437.0,0.0,0.0
2021-10-23 18:00:00+00:00,0.0,0.0,26.0,206.0,218.0,388.0,379.0,0.0,130.0,220.0,0.0,105.0,68.0,181.0,409.0,0.0,0.0,0.0,14.0,,97.0,0.0,0.0,1.0,0.0,0.0,,0.0,1426.0,0.0,0.0,166.0,0.0,0.0,0.0,0.0,300.0,26.0,0.0,417.0,0.0,0.0
2021-10-23 19:00:00+00:00,0.0,0.0,61.0,256.0,263.0,326.0,318.0,0.0,84.0,238.0,0.0,260.0,100.0,205.0,362.0,0.0,31.0,0.0,28.0,,271.0,0.0,0.0,0.0,0.0,57.0,,0.0,1463.0,0.0,0.0,0.0,0.0,0.0,0.0,0.0,352.0,12.0,0.0,412.0,0.0,0.0
2021-10-23 20:00:00+00:00,0.0,0.0,74.0,302.0,315.0,173.0,202.0,0.0,113.0,290.0,0.0,193.0,59.0,194.0,249.0,0.0,75.0,0.0,87.0,,320.0,0.0,0.0,0.0,0.0,189.0,,0.0,1438.0,0.0,0.0,0.0,0.0,0.0,0.0,0.0,414.0,8.0,0.0,338.0,0.0,0.0
2021-10-23 21:00:00+00:00,0.0,0.0,174.0,381.0,413.0,290.0,219.0,0.0,21.0,223.0,0.0,200.0,34.0,201.0,94.0,0.0,61.0,0.0,92.0,,476.0,8.0,0.0,0.0,0.0,287.0,,0.0,1424.0,0.0,0.0,0.0,0.0,0.0,0.0,0.0,465.0,1.0,0.0,232.0,0.0,0.0
2021-10-23 22:00:00+00:00,0.0,0.0,292.0,434.0,461.0,645.0,328.0,0.0,0.0,200.0,0.0,333.0,29.0,201.0,5.0,0.0,55.0,0.0,0.0,,590.0,86.0,0.0,0.0,0.0,357.0,,0.0,1480.0,26.0,0.0,0.0,0.0,0.0,0.0,0.0,588.0,0.0,0.0,215.0,15.0,0.0
2021-10-23 23:00:00+00:00,0.0,0.0,341.0,443.0,515.0,720.0,384.0,0.0,0.0,238.0,0.0,8.0,0.0,135.0,0.0,0.0,45.0,0.0,0.0,,580.0,98.0,0.0,0.0,0.0,420.0,,0.0,1429.0,50.0,0.0,0.0,0.0,0.0,130.0,0.0,647.0,0.0,0.0,126.0,158.0,0.0
2021-10-24 00:00:00+00:00,0.0,124.0,346.0,456.0,538.0,691.0,422.0,0.0,0.0,216.0,0.0,0.0,0.0,111.0,0.0,0.0,38.0,0.0,0.0,,560.0,165.0,0.0,0.0,0.0,473.0,,0.0,1436.0,39.0,0.0,0.0,0.0,0.0,165.0,0.0,648.0,0.0,0.0,87.0,197.0,0.0
2021-10-24 01:00:00+00:00,0.0,93.0,294.0,423.0,468.0,666.0,396.0,0.0,0.0,181.0,0.0,0.0,0.0,106.0,0.0,0.0,34.0,0.0,0.0,,601.0,220.0,0.0,0.0,0.0,545.0,,0.0,1437.0,35.0,0.0,0.0,0.0,0.0,162.0,0.0,596.0,0.0,0.0,87.0,196.0,0.0
2021-10-24 02:00:00+00:00,0.0,122.0,289.0,421.0,456.0,641.0,367.0,0.0,0.0,163.0,0.0,0.0,0.0,95.0,0.0,0.0,35.0,0.0,0.0,,602.0,237.0,0.0,0.0,0.0,568.0,,0.0,1428.0,55.0,0.0,0.0,0.0,0.0,175.0,0.0,574.0,0.0,0.0,71.0,213.0,0.0
2021-10-24 03:00:00+00:00,0.0,15.0,244.0,420.0,457.0,569.0,345.0,0.0,0.0,154.0,0.0,0.0,0.0,117.0,0.0,0.0,41.0,0.0,0.0,,602.0,204.0,0.0,0.0,0.0,447.0,,0.0,1436.0,46.0,0.0,0.0,0.0,0.0,121.0,0.0,568.0,0.0,0.0,115.0,143.0,0.0
2021-10-24 04:00:00+00:00,0.0,0.0,239.0,427.0,463.0,596.0,275.0,0.0,0.0,154.0,0.0,142.0,0.0,126.0,0.0,0.0,53.0,0.0,0.0,,570.0,165.0,0.0,0.0,0.0,378.0,,0.0,1444.0,52.0,0.0,0.0,0.0,0.0,71.0,0.0,556.0,0.0,0.0,160.0,58.0,0.0
2021-10-24 05:00:00+00:00,0.0,0.0,274.0,432.0,488.0,548.0,219.0,0.0,0.0,202.0,0.0,74.0,0.0,139.0,0.0,0.0,64.0,0.0,0.0,,393.0,102.0,0.0,0.0,0.0,292.0,,0.0,1463.0,63.0,0.0,0.0,0.0,0.0,45.0,0.0,533.0,0.0,0.0,154.0,46.0,0.0
2021-10-24 06:00:00+00:00,0.0,0.0,261.0,458.0,523.0,492.0,194.0,0.0,5.0,249.0,0.0,66.0,0.0,166.0,0.0,0.0,72.0,0.0,0.0,,325.0,19.0,0.0,0.0,0.0,279.0,,0.0,1470.0,56.0,0.0,0.0,0.0,0.0,42.0,0.0,569.0,0.0,0.0,175.0,79.0,0.0
2021-10-24 07:00:00+00:00,0.0,0.0,311.0,502.0,601.0,527.0,224.0,0.0,88.0,340.0,0.0,154.0,0.0,214.0,0.0,0.0,55.0,0.0,0.0,,403.0,0.0,0.0,0.0,0.0,296.0,,0.0,1446.0,45.0,0.0,0.0,0.0,0.0,15.0,0.0,604.0,0.0,0.0,102.0,156.0,0.0
2021-10-24 08:00:00+00:00,0.0,0.0,338.0,504.0,604.0,425.0,205.0,0.0,116.0,371.0,0.0,86.0,0.0,235.0,0.0,0.0,49.0,0.0,0.0,,347.0,0.0,0.0,0.0,0.0,370.0,,0.0,1455.0,28.0,0.0,0.0,0.0,0.0,33.0,0.0,657.0,0.0,0.0,50.0,223.0,0.0
2021-10-24 09:00:00+00:00,0.0,0.0,347.0,487.0,576.0,441.0,221.0,0.0,97.0,378.0,0.0,62.0,0.0,253.0,0.0,0.0,67.0,0.0,0.0,,322.0,0.0,0.0,0.0,0.0,420.0,,0.0,1470.0,20.0,0.0,0.0,0.0,0.0,26.0,0.0,621.0,0.0,0.0,72.0,229.0,0.0
2021-10-24 10:00:00+00:00,0.0,0.0,298.0,472.0,533.0,444.0,239.0,0.0,81.0,361.0,0.0,103.0,0.0,244.0,0.0,0.0,44.0,0.0,0.0,,346.0,0.0,0.0,0.0,0.0,542.0,,0.0,1482.0,13.0,0.0,0.0,0.0,0.0,16.0,0.0,580.0,0.0,0.0,107.0,243.0,0.0
2021-10-24 11:00:00+00:00,0.0,0.0,294.0,474.0,521.0,438.0,228.0,0.0,64.0,323.0,0.0,132.0,0.0,217.0,0.0,0.0,28.0,0.0,0.0,,338.0,0.0,0.0,0.0,0.0,545.0,,0.0,1381.0,16.0,0.0,0.0,0.0,0.0,20.0,0.0,563.0,0.0,0.0,113.0,231.0,0.0
2021-10-24 12:00:00+00:00,0.0,0.0,282.0,467.0,532.0,378.0,202.0,0.0,49.0,335.0,0.0,30.0,0.0,177.0,0.0,0.0,36.0,0.0,0.0,,322.0,1.0,0.0,0.0,0.0,505.0,,0.0,1151.0,17.0,0.0,0.0,0.0,0.0,73.0,0.0,602.0,0.0,0.0,105.0,205.0,0.0
2021-10-24 13:00:00+00:00,0.0,0.0,234.0,430.0,462.0,297.0,215.0,0.0,38.0,301.0,0.0,200.0,11.0,185.0,0.0,0.0,61.0,0.0,0.0,,294.0,1.0,0.0,0.0,0.0,371.0,,0.0,1126.0,9.0,0.0,0.0,0.0,0.0,0.0,0.0,562.0,1.0,0.0,159.0,121.0,0.0
2021-10-24 14:00:00+00:00,0.0,0.0,100.0,335.0,375.0,292.0,249.0,0.0,141.0,294.0,0.0,97.0,35.0,157.0,35.0,0.0,82.0,0.0,13.0,,61.0,0.0,0.0,0.0,0.0,221.0,,0.0,1301.0,0.0,0.0,0.0,0.0,0.0,0.0,0.0,450.0,3.0,0.0,208.0,3.0,0.0
2021-10-24 15:00:00+00:00,0.0,0.0,86.0,305.0,359.0,430.0,318.0,0.0,259.0,362.0,0.0,109.0,0.0,116.0,53.0,0.0,66.0,0.0,24.0,,84.0,0.0,0.0,0.0,0.0,30.0,,0.0,1504.0,0.0,0.0,0.0,0.0,0.0,14.0,0.0,400.0,10.0,0.0,204.0,1.0,0.0
2021-10-24 16:00:00+00:00,0.0,46.0,24.0,274.0,348.0,428.0,335.0,0.0,376.0,362.0,0.0,0.0,0.0,126.0,85.0,187.0,11.0,0.0,13.0,,0.0,0.0,0.0,0.0,0.0,0.0,,0.0,1439.0,0.0,0.0,234.0,0.0,0.0,21.0,0.0,368.0,44.0,0.0,259.0,0.0,0.0
2021-10-24 17:00:00+00:00,0.0,138.0,62.0,281.0,361.0,557.0,316.0,0.0,368.0,361.0,0.0,0.0,0.0,137.0,73.0,129.0,0.0,0.0,0.0,,0.0,0.0,0.0,0.0,0.0,0.0,,0.0,1426.0,13.0,0.0,240.0,0.0,0.0,33.0,0.0,345.0,10.0,0.0,252.0,0.0,0.0
2021-10-24 18:00:00+00:00,0.0,104.0,59.0,294.0,394.0,606.0,294.0,0.0,391.0,421.0,0.0,0.0,0.0,150.0,22.0,48.0,0.0,0.0,0.0,,0.0,0.0,0.0,0.0,0.0,0.0,,0.0,1182.0,30.0,0.0,138.0,0.0,0.0,52.0,0.0,378.0,13.0,0.0,243.0,6.0,0.0
2021-10-24 19:00:00+00:00,0.0,0.0,118.0,314.0,417.0,487.0,406.0,0.0,401.0,499.0,0.0,84.0,0.0,183.0,4.0,0.0,10.0,0.0,0.0,,339.0,0.0,0.0,0.0,0.0,38.0,,0.0,1099.0,15.0,0.0,0.0,0.0,0.0,14.0,0.0,361.0,6.0,0.0,244.0,37.0,0.0
2021-10-24 20:00:00+00:00,0.0,0.0,143.0,368.0,502.0,483.0,516.0,0.0,379.0,533.0,0.0,73.0,0.0,184.0,0.0,0.0,56.0,0.0,12.0,,463.0,0.0,0.0,0.0,0.0,237.0,,0.0,1176.0,0.0,0.0,0.0,0.0,0.0,42.0,0.0,461.0,6.0,0.0,191.0,135.0,0.0
2021-10-24 21:00:00+00:00,0.0,0.0,138.0,353.0,485.0,558.0,544.0,0.0,312.0,460.0,0.0,115.0,0.0,209.0,0.0,0.0,53.0,0.0,10.0,,562.0,0.0,0.0,0.0,0.0,357.0,,0.0,1133.0,0.0,0.0,0.0,0.0,0.0,10.0,0.0,441.0,0.0,0.0,204.0,148.0,0.0
2021-10-24 22:00:00+00:00,0.0,177.0,168.0,354.0,558.0,415.0,435.0,0.0,343.0,503.0,0.0,0.0,0.0,180.0,0.0,0.0,50.0,0.0,0.0,,589.0,0.0,0.0,0.0,0.0,442.0,,0.0,614.0,17.0,0.0,0.0,0.0,0.0,112.0,0.0,446.0,1.0,0.0,147.0,255.0,0.0
2021-10-24 23:00:00+00:00,0.0,276.0,206.0,337.0,551.0,433.0,411.0,0.0,309.0,505.0,0.0,0.0,0.0,157.0,0.0,0.0,39.0,0.0,0.0,,582.0,0.0,0.0,0.0,0.0,434.0,,0.0,516.0,20.0,0.0,0.0,0.0,0.0,132.0,0.0,441.0,1.0,0.0,129.0,289.0,0.0
2021-10-25 00:00:00+00:00,0.0,362.0,198.0,324.0,568.0,494.0,430.0,0.0,319.0,546.0,0.0,0.0,0.0,122.0,0.0,0.0,35.0,0.0,0.0,,602.0,0.0,0.0,0.0,0.0,399.0,,0.0,498.0,23.0,0.0,0.0,0.0,0.0,180.0,0.0,429.0,0.0,0.0,95.0,327.0,0.0
2021-10-25 01:00:00+00:00,0.0,387.0,163.0,305.0,506.0,467.0,452.0,0.0,260.0,517.0,0.0,0.0,0.0,100.0,0.0,0.0,34.0,0.0,0.0,,602.0,0.0,0.0,0.0,0.0,448.0,,0.0,498.0,19.0,0.0,0.0,0.0,0.0,200.0,0.0,424.0,0.0,0.0,112.0,315.0,0.0
2021-10-25 02:00:00+00:00,0.0,218.0,145.0,282.0,421.0,493.0,519.0,0.0,185.0,452.0,0.0,0.0,0.0,122.0,0.0,0.0,40.0,0.0,0.0,,601.0,0.0,0.0,0.0,0.0,395.0,,0.0,498.0,31.0,0.0,0.0,0.0,0.0,122.0,0.0,420.0,1.0,0.0,179.0,217.0,0.0
2021-10-25 03:00:00+00:00,0.0,170.0,62.0,250.0,378.0,422.0,431.0,0.0,232.0,414.0,0.0,0.0,0.0,122.0,0.0,0.0,62.0,0.0,0.0,,597.0,0.0,0.0,0.0,0.0,305.0,,0.0,514.0,40.0,0.0,0.0,0.0,0.0,81.0,0.0,357.0,14.0,0.0,226.0,99.0,0.0
2021-10-25 04:00:00+00:00,0.0,344.0,7.0,140.0,349.0,515.0,394.0,0.0,523.0,498.0,0.0,0.0,0.0,104.0,1.0,0.0,103.0,0.0,0.0,,439.0,0.0,0.0,0.0,0.0,49.0,,0.0,1063.0,26.0,0.0,0.0,0.0,0.0,162.0,0.0,255.0,102.0,0.0,165.0,76.0,0.0
2021-10-25 05:00:00+00:00,0.0,194.0,5.0,0.0,286.0,575.0,307.0,1.0,675.0,519.0,0.0,0.0,0.0,135.0,36.0,0.0,122.0,0.0,0.0,,65.0,0.0,0.0,0.0,0.0,0.0,,0.0,1176.0,39.0,0.0,243.0,0.0,0.0,72.0,0.0,152.0,152.0,0.0,277.0,1.0,0.0
2021-10-25 06:00:00+00:00,0.0,198.0,0.0,0.0,314.0,541.0,339.0,0.0,739.0,564.0,0.0,0.0,0.0,173.0,62.0,0.0,114.0,0.0,0.0,,96.0,0.0,0.0,0.0,0.0,0.0,,0.0,1168.0,4.0,0.0,253.0,0.0,0.0,52.0,0.0,180.0,174.0,0.0,354.0,0.0,0.0
2021-10-25 07:00:00+00:00,0.0,129.0,2.0,0.0,340.0,600.0,348.0,0.0,731.0,576.0,0.0,0.0,0.0,223.0,7.0,0.0,103.0,0.0,3.0,,180.0,0.0,0.0,0.0,0.0,0.0,,0.0,1167.0,0.0,0.0,194.0,0.0,0.0,22.0,0.0,192.0,141.0,0.0,359.0,7.0,0.0
2021-10-25 08:00:00+00:00,0.0,58.0,2.0,0.0,369.0,603.0,381.0,0.0,726.0,624.0,0.0,0.0,0.0,250.0,0.0,0.0,66.0,0.0,0.0,,384.0,0.0,0.0,0.0,0.0,0.0,,0.0,1168.0,13.0,0.0,112.0,0.0,0.0,12.0,0.0,216.0,92.0,0.0,363.0,73.0,0.0
2021-10-25 09:00:00+00:00,0.0,168.0,6.0,0.0,414.0,580.0,370.0,0.0,669.0,602.0,0.0,0.0,0.0,269.0,0.0,0.0,62.0,0.0,0.0,,388.0,0.0,0.0,0.0,0.0,0.0,,0.0,1169.0,27.0,0.0,31.0,0.0,0.0,31.0,0.0,273.0,69.0,0.0,354.0,126.0,0.0
2021-10-25 10:00:00+00:00,0.0,90.0,10.0,0.0,379.0,563.0,364.0,0.0,636.0,600.0,0.0,0.0,0.0,274.0,0.0,0.0,62.0,0.0,0.0,,398.0,0.0,0.0,0.0,0.0,12.0,,0.0,1169.0,32.0,0.0,0.0,0.0,0.0,22.0,0.0,247.0,59.0,0.0,354.0,116.0,0.0
2021-10-25 11:00:00+00:00,0.0,146.0,14.0,0.0,360.0,566.0,371.0,0.0,638.0,607.0,0.0,0.0,0.0,249.0,0.0,0.0,83.0,0.0,0.0,,386.0,0.0,0.0,0.0,0.0,64.0,,0.0,1169.0,28.0,0.0,0.0,0.0,0.0,51.0,0.0,246.0,60.0,0.0,340.0,119.0,0.0
2021-10-25 12:00:00+00:00,0.0,88.0,4.0,0.0,335.0,574.0,373.0,0.0,667.0,598.0,0.0,0.0,0.0,228.0,0.0,0.0,81.0,0.0,0.0,,406.0,0.0,0.0,0.0,0.0,106.0,,0.0,1169.0,27.0,0.0,0.0,0.0,0.0,42.0,0.0,225.0,90.0,0.0,340.0,102.0,0.0
2021-10-25 13:00:00+00:00,0.0,121.0,0.0,115.0,270.0,593.0,395.0,0.0,650.0,623.0,0.0,0.0,0.0,207.0,0.0,0.0,77.0,0.0,0.0,,428.0,0.0,0.0,0.0,0.0,26.0,,0.0,1168.0,28.0,0.0,0.0,0.0,0.0,40.0,0.0,163.0,157.0,0.0,329.0,47.0,0.0
2021-10-25 14:00:00+00:00,0.0,208.0,1.0,140.0,259.0,577.0,385.0,0.0,565.0,557.0,0.0,0.0,0.0,161.0,47.0,0.0,116.0,0.0,0.0,,67.0,0.0,0.0,0.0,0.0,0.0,,0.0,1168.0,24.0,0.0,90.0,0.0,0.0,53.0,0.0,176.0,132.0,0.0,317.0,1.0,0.0
2021-10-25 15:00:00+00:00,0.0,234.0,2.0,98.0,263.0,523.0,338.0,0.0,627.0,508.0,0.0,0.0,0.0,140.0,152.0,183.0,56.0,0.0,0.0,,0.0,0.0,0.0,0.0,0.0,0.0,,0.0,1168.0,15.0,0.0,262.0,0.0,0.0,27.0,0.0,124.0,214.0,0.0,344.0,0.0,0.0
2021-10-25 16:00:00+00:00,0.0,379.0,0.0,72.0,233.0,555.0,388.0,0.0,684.0,446.0,0.0,0.0,0.0,123.0,157.0,340.0,39.0,0.0,3.0,,0.0,0.0,0.0,0.0,0.0,0.0,,0.0,1168.0,0.0,0.0,451.0,0.0,0.0,44.0,0.0,109.0,273.0,0.0,324.0,0.0,0.0
2021-10-25 17:00:00+00:00,0.0,337.0,0.0,106.0,254.0,569.0,434.0,0.0,631.0,438.0,0.0,0.0,0.0,131.0,132.0,238.0,15.0,0.0,0.0,,0.0,0.0,0.0,0.0,0.0,0.0,,0.0,1169.0,0.0,0.0,482.0,0.0,0.0,39.0,0.0,152.0,192.0,0.0,318.0,0.0,0.0
2021-10-25 18:00:00+00:00,0.0,192.0,0.0,141.0,305.0,573.0,441.0,0.0,615.0,469.0,0.0,0.0,0.0,149.0,75.0,112.0,16.0,0.0,0.0,,0.0,0.0,0.0,0.0,0.0,0.0,,0.0,1397.0,15.0,0.0,253.0,0.0,0.0,41.0,0.0,200.0,137.0,0.0,299.0,0.0,0.0
2021-10-25 19:00:00+00:00,0.0,135.0,4.0,210.0,380.0,626.0,405.0,0.0,612.0,554.0,0.0,0.0,0.0,170.0,1.0,0.0,22.0,0.0,0.0,,270.0,0.0,0.0,0.0,0.0,0.0,,0.0,1457.0,32.0,0.0,26.0,0.0,0.0,69.0,0.0,260.0,87.0,0.0,232.0,42.0,0.0
2021-10-25 20:00:00+00:00,0.0,43.0,0.0,199.0,351.0,604.0,484.0,0.0,647.0,540.0,0.0,0.0,0.0,178.0,0.0,0.0,31.0,0.0,0.0,,199.0,0.0,0.0,0.0,0.0,87.0,,0.0,1440.0,18.0,0.0,0.0,0.0,0.0,36.0,0.0,248.0,120.0,0.0,260.0,74.0,0.0
2021-10-25 21:00:00+00:00,0.0,200.0,4.0,214.0,375.0,607.0,500.0,0.0,600.0,527.0,0.0,0.0,0.0,173.0,0.0,0.0,51.0,0.0,0.0,,360.0,0.0,0.0,0.0,0.0,226.0,,,1155.0,17.0,0.0,0.0,0.0,0.0,88.0,0.0,217.0,101.0,0.0,,164.0,0.0
2021-10-25 22:00:00+00:00,0.0,0.0,68.0,272.0,328.0,643.0,508.0,0.0,268.0,389.0,0.0,37.0,0.0,197.0,0.0,0.0,47.0,0.0,0.0,,594.0,0.0,0.0,0.0,0.0,317.0,,,1215.0,22.0,0.0,0.0,0.0,0.0,23.0,0.0,380.0,23.0,0.0,,172.0,0.0
2021-10-25 23:00:00+00:00,0.0,1.0,87.0,263.0,331.0,608.0,504.0,0.0,214.0,410.0,0.0,0.0,0.0,182.0,0.0,0.0,38.0,0.0,0.0,,601.0,0.0,0.0,0.0,0.0,372.0,,,968.0,35.0,0.0,0.0,0.0,0.0,38.0,0.0,414.0,4.0,0.0,,205.0,0.0
2021-10-26 00:00:00+00:00,0.0,80.0,86.0,266.0,359.0,601.0,538.0,0.0,192.0,427.0,0.0,0.0,0.0,164.0,0.0,0.0,33.0,0.0,0.0,,601.0,0.0,0.0,0.0,0.0,345.0,,,945.0,28.0,0.0,0.0,0.0,0.0,65.0,0.0,430.0,5.0,0.0,,233.0,0.0
2021-10-26 01:00:00+00:00,0.0,101.0,97.0,257.0,346.0,598.0,503.0,0.0,174.0,421.0,0.0,0.0,0.0,155.0,0.0,0.0,32.0,0.0,0.0,,601.0,0.0,0.0,0.0,0.0,338.0,,,945.0,50.0,0.0,0.0,0.0,0.0,66.0,0.0,404.0,5.0,0.0,,211.0,0.0
2021-10-26 02:00:00+00:00,0.0,80.0,58.0,242.0,343.0,576.0,469.0,0.0,212.0,437.0,0.0,0.0,0.0,159.0,0.0,0.0,37.0,0.0,0.0,,597.0,0.0,0.0,0.0,0.0,265.0,,,919.0,66.0,0.0,0.0,0.0,0.0,47.0,0.0,380.0,6.0,0.0,,156.0,0.0
2021-10-26 03:00:00+00:00,0.0,169.0,28.0,178.0,269.0,479.0,389.0,0.0,291.0,410.0,0.0,0.0,0.0,119.0,0.0,0.0,64.0,0.0,0.0,,449.0,0.0,0.0,0.0,0.0,106.0,,,1148.0,53.0,0.0,0.0,0.0,0.0,81.0,0.0,270.0,32.0,0.0,,56.0,0.0
2021-10-26 04:00:00+00:00,0.0,178.0,2.0,123.0,282.0,513.0,441.0,0.0,526.0,488.0,0.0,0.0,0.0,120.0,2.0,0.0,98.0,0.0,0.0,,245.0,0.0,0.0,0.0,0.0,0.0,,,1408.0,29.0,0.0,45.0,0.0,0.0,118.0,0.0,210.0,135.0,0.0,,25.0,0.0
2021-10-26 05:00:00+00:00,0.0,223.0,3.0,5.0,234.0,529.0,415.0,4.0,672.0,500.0,0.0,0.0,0.0,124.0,26.0,262.0,113.0,0.0,0.0,0.0,0.0,0.0,0.0,0.0,0.0,0.0,0.0,,1445.0,31.0,0.0,279.0,0.0,0.0,68.0,0.0,120.0,182.0,0.0,,12.0,0.0
2021-10-26 06:00:00+00:00,0.0,192.0,2.0,4.0,283.0,528.0,462.0,0.0,655.0,486.0,0.0,0.0,0.0,185.0,31.0,137.0,111.0,0.0,0.0,0.0,0.0,0.0,0.0,0.0,0.0,0.0,0.0,0.0,1445.0,8.0,0.0,324.0,0.0,0.0,30.0,0.0,178.0,165.0,0.0,305.0,2.0,0.0
2021-10-26 07:00:00+00:00,0.0,85.0,0.0,19.0,318.0,568.0,482.0,0.0,717.0,599.0,0.0,0.0,0.0,227.0,5.0,0.0,90.0,0.0,0.0,0.0,89.0,0.0,0.0,0.0,0.0,0.0,0.0,0.0,1456.0,0.0,0.0,256.0,0.0,0.0,2.0,0.0,174.0,140.0,0.0,336.0,32.0,0.0
2021-10-26 08:00:00+00:00,0.0,157.0,0.0,24.0,354.0,583.0,517.0,0.0,711.0,634.0,0.0,0.0,0.0,254.0,0.0,0.0,74.0,0.0,0.0,0.0,84.0,0.0,0.0,0.0,0.0,28.0,0.0,0.0,1456.0,6.0,0.0,0.0,0.0,0.0,22.0,0.0,187.0,154.0,0.0,362.0,99.0,0.0
2021-10-26 09:00:00+00:00,0.0,248.0,2.0,30.0,399.0,608.0,527.0,0.0,674.0,625.0,0.0,0.0,0.0,256.0,0.0,0.0,59.0,0.0,0.0,0.0,56.0,0.0,0.0,0.0,0.0,132.0,0.0,0.0,1456.0,21.0,0.0,0.0,0.0,0.0,74.0,0.0,225.0,111.0,0.0,317.0,182.0,0.0
2021-10-26 10:00:00+00:00,0.0,87.0,3.0,30.0,403.0,582.0,504.0,0.0,649.0,628.0,0.0,0.0,0.0,257.0,0.0,0.0,46.0,0.0,0.0,0.0,118.0,0.0,0.0,0.0,0.0,156.0,0.0,0.0,1456.0,22.0,0.0,0.0,0.0,0.0,52.0,0.0,224.0,99.0,0.0,284.0,210.0,0.0
2021-10-26 11:00:00+00:00,0.0,103.0,2.0,31.0,398.0,569.0,499.0,0.0,630.0,605.0,0.0,0.0,0.0,233.0,0.0,0.0,40.0,0.0,0.0,0.0,73.0,0.0,0.0,0.0,0.0,163.0,0.0,0.0,1456.0,20.0,0.0,0.0,0.0,0.0,64.0,0.0,216.0,97.0,0.0,261.0,215.0,0.0
2021-10-26 12:00:00+00:00,0.0,143.0,2.0,31.0,372.0,543.0,517.0,0.0,652.0,596.0,0.0,0.0,0.0,224.0,0.0,0.0,51.0,0.0,0.0,0.0,121.0,0.0,0.0,0.0,0.0,146.0,0.0,0.0,1456.0,39.0,0.0,0.0,0.0,0.0,58.0,0.0,213.0,125.0,0.0,261.0,152.0,0.0
2021-10-26 13:00:00+00:00,0.0,244.0,16.0,47.0,286.0,529.0,563.0,2.0,607.0,568.0,0.0,0.0,0.0,179.0,0.0,50.0,70.0,0.0,0.0,0.0,0.0,0.0,0.0,0.0,0.0,106.0,0.0,0.0,1456.0,89.0,0.0,0.0,0.0,0.0,80.0,0.0,139.0,97.0,0.0,257.0,89.0,0.0
2021-10-26 14:00:00+00:00,0.0,317.0,1.0,147.0,287.0,536.0,534.0,0.0,509.0,518.0,0.0,0.0,0.0,150.0,3.0,209.0,118.0,0.0,0.0,0.0,0.0,0.0,0.0,0.0,0.0,5.0,0.0,0.0,1456.0,97.0,0.0,0.0,0.0,0.0,87.0,0.0,156.0,145.0,0.0,238.0,22.0,0.0
2021-10-26 15:00:00+00:00,0.0,352.0,1.0,104.0,256.0,527.0,535.0,0.0,549.0,437.0,0.0,0.0,0.0,124.0,91.0,393.0,109.0,0.0,0.0,0.0,0.0,0.0,0.0,0.0,0.0,0.0,0.0,,1456.0,83.0,0.0,175.0,0.0,0.0,65.0,0.0,127.0,178.0,0.0,,0.0,0.0
2021-10-26 16:00:00+00:00,0.0,391.0,0.0,121.0,234.0,535.0,545.0,0.0,526.0,365.0,0.0,0.0,0.0,123.0,134.0,577.0,72.0,0.0,0.0,0.0,0.0,0.0,0.0,0.0,0.0,0.0,0.0,0.0,1457.0,79.0,0.0,363.0,0.0,0.0,58.0,0.0,169.0,214.0,0.0,283.0,0.0,0.0
2021-10-26 17:00:00+00:00,0.0,432.0,0.0,117.0,229.0,557.0,546.0,0.0,524.0,359.0,0.0,0.0,0.0,122.0,103.0,578.0,25.0,0.0,0.0,0.0,0.0,0.0,0.0,0.0,0.0,0.0,0.0,,1458.0,78.0,0.0,336.0,0.0,0.0,74.0,0.0,147.0,179.0,0.0,,0.0,0.0
2021-10-26 18:00:00+00:00,0.0,333.0,0.0,149.0,274.0,573.0,515.0,0.0,499.0,403.0,0.0,0.0,0.0,148.0,72.0,424.0,50.0,0.0,0.0,0.0,0.0,0.0,0.0,0.0,0.0,0.0,0.0,,1451.0,98.0,0.0,126.0,0.0,0.0,69.0,0.0,170.0,174.0,0.0,,0.0,0.0
2021-10-26 19:00:00+00:00,0.0,182.0,3.0,218.0,365.0,570.0,530.0,0.0,457.0,427.0,0.0,0.0,0.0,164.0,3.0,203.0,37.0,0.0,0.0,0.0,0.0,0.0,0.0,0.0,0.0,148.0,0.0,,1485.0,88.0,0.0,0.0,0.0,0.0,71.0,0.0,225.0,121.0,0.0,,31.0,0.0
2021-10-26 20:00:00+00:00,0.0,0.0,5.0,220.0,334.0,522.0,570.0,0.0,434.0,402.0,0.0,67.0,3.0,170.0,14.0,251.0,71.0,0.0,0.0,0.0,0.0,0.0,0.0,0.0,0.0,195.0,0.0,,1185.0,64.0,0.0,0.0,0.0,0.0,0.0,0.0,251.0,112.0,0.0,,11.0,0.0
2021-10-26 21:00:00+00:00,0.0,0.0,10.0,228.0,361.0,512.0,521.0,0.0,401.0,376.0,0.0,4.0,0.0,180.0,1.0,0.0,63.0,0.0,0.0,0.0,1.0,0.0,0.0,0.0,0.0,263.0,0.0,0.0,986.0,62.0,0.0,0.0,0.0,0.0,8.0,0.0,242.0,63.0,0.0,244.0,117.0,0.0
2021-10-26 22:00:00+00:00,0.0,0.0,48.0,292.0,403.0,614.0,595.0,0.0,228.0,392.0,0.0,173.0,0.0,190.0,0.0,0.0,48.0,0.0,0.0,0.0,566.0,0.0,0.0,0.0,0.0,343.0,0.0,0.0,958.0,95.0,0.0,0.0,0.0,0.0,17.0,0.0,314.0,22.0,0.0,216.0,184.0,0.0
2021-10-26 23:00:00+00:00,0.0,0.0,106.0,309.0,430.0,581.0,594.0,0.0,147.0,397.0,0.0,197.0,26.0,195.0,0.0,0.0,40.0,0.0,0.0,0.0,602.0,0.0,0.0,0.0,0.0,404.0,0.0,0.0,939.0,107.0,0.0,0.0,0.0,0.0,0.0,0.0,376.0,8.0,0.0,216.0,203.0,0.0
2021-10-27 00:00:00+00:00,0.0,0.0,137.0,301.0,461.0,592.0,569.0,0.0,163.0,422.0,0.0,5.0,0.0,149.0,0.0,0.0,35.0,0.0,0.0,0.0,601.0,0.0,0.0,0.0,0.0,404.0,0.0,0.0,931.0,111.0,0.0,0.0,0.0,0.0,72.0,0.0,426.0,2.0,0.0,172.0,251.0,0.0
2021-10-27 01:00:00+00:00,0.0,3.0,106.0,290.0,444.0,529.0,567.0,0.0,164.0,419.0,0.0,0.0,0.0,135.0,0.0,0.0,34.0,0.0,0.0,0.0,601.0,0.0,0.0,0.0,0.0,352.0,0.0,0.0,947.0,107.0,0.0,0.0,0.0,0.0,85.0,0.0,412.0,5.0,0.0,171.0,250.0,0.0
2021-10-27 02:00:00+00:00,0.0,0.0,74.0,244.0,394.0,477.0,500.0,0.0,200.0,424.0,0.0,79.0,0.0,140.0,0.0,0.0,39.0,0.0,0.0,0.0,593.0,0.0,0.0,0.0,0.0,311.0,0.0,0.0,914.0,107.0,0.0,0.0,0.0,0.0,44.0,0.0,368.0,6.0,0.0,202.0,186.0,0.0
2021-10-27 03:00:00+00:00,0.0,33.0,10.0,128.0,286.0,365.0,343.0,0.0,301.0,388.0,0.0,0.0,0.0,112.0,1.0,0.0,63.0,0.0,0.0,0.0,338.0,0.0,0.0,0.0,0.0,189.0,0.0,0.0,1050.0,79.0,0.0,0.0,0.0,0.0,31.0,0.0,259.0,70.0,0.0,262.0,51.0,0.0
2021-10-27 04:00:00+00:00,0.0,330.0,1.0,51.0,210.0,464.0,360.0,0.0,424.0,358.0,0.0,0.0,0.0,89.0,3.0,0.0,102.0,0.0,0.0,0.0,2.0,0.0,0.0,0.0,0.0,0.0,0.0,0.0,1066.0,115.0,0.0,48.0,0.0,0.0,135.0,0.0,165.0,170.0,0.0,210.0,23.0,0.0
2021-10-27 05:00:00+00:00,0.0,476.0,0.0,0.0,109.0,481.0,380.0,2.0,511.0,363.0,0.0,0.0,0.0,92.0,16.0,228.0,115.0,0.0,0.0,0.0,0.0,0.0,2.0,0.0,0.0,0.0,0.0,0.0,1080.0,113.0,0.0,312.0,0.0,0.0,135.0,0.0,90.0,226.0,0.0,249.0,4.0,0.0
2021-10-27 06:00:00+00:00,0.0,413.0,0.0,6.0,165.0,504.0,412.0,0.0,517.0,359.0,0.0,0.0,0.0,126.0,13.0,128.0,120.0,0.0,0.0,0.0,0.0,0.0,0.0,0.0,0.0,0.0,0.0,0.0,1080.0,108.0,0.0,378.0,0.0,0.0,112.0,0.0,150.0,190.0,0.0,271.0,9.0,0.0
2021-10-27 07:00:00+00:00,0.0,143.0,0.0,14.0,246.0,522.0,415.0,0.0,572.0,420.0,0.0,0.0,0.0,172.0,0.0,0.0,112.0,0.0,0.0,0.0,193.0,0.0,0.0,0.0,0.0,0.0,0.0,0.0,1080.0,99.0,0.0,251.0,0.0,0.0,76.0,0.0,172.0,158.0,0.0,298.0,44.0,0.0
2021-10-27 08:00:00+00:00,0.0,164.0,0.0,14.0,269.0,447.0,372.0,0.0,638.0,490.0,0.0,0.0,0.0,210.0,0.0,0.0,112.0,0.0,0.0,0.0,285.0,0.0,0.0,0.0,0.0,0.0,0.0,0.0,1080.0,68.0,0.0,35.0,0.0,0.0,65.0,0.0,156.0,140.0,0.0,271.0,85.0,0.0
2021-10-27 09:00:00+00:00,0.0,141.0,3.0,21.0,338.0,482.0,362.0,0.0,652.0,544.0,0.0,0.0,0.0,223.0,0.0,0.0,104.0,0.0,0.0,0.0,375.0,0.0,0.0,0.0,0.0,140.0,0.0,0.0,1080.0,73.0,0.0,0.0,0.0,0.0,89.0,0.0,234.0,96.0,0.0,90.0,141.0,0.0
2021-10-27 10:00:00+00:00,0.0,132.0,14.0,21.0,320.0,557.0,452.0,0.0,605.0,574.0,0.0,0.0,0.0,221.0,0.0,0.0,105.0,0.0,0.0,0.0,245.0,0.0,0.0,0.0,0.0,139.0,0.0,0.0,1079.0,112.0,0.0,0.0,0.0,0.0,83.0,0.0,234.0,39.0,0.0,310.0,176.0,0.0
2021-10-27 11:00:00+00:00,0.0,166.0,6.0,24.0,361.0,591.0,497.0,0.0,613.0,593.0,0.0,0.0,0.0,211.0,0.0,0.0,109.0,0.0,0.0,0.0,270.0,0.0,0.0,0.0,0.0,163.0,0.0,0.0,1080.0,121.0,0.0,0.0,0.0,0.0,103.0,0.0,274.0,70.0,0.0,69.0,223.0,0.0
2021-10-27 12:00:00+00:00,0.0,110.0,4.0,25.0,334.0,553.0,471.0,0.0,639.0,611.0,0.0,0.0,0.0,192.0,0.0,0.0,114.0,0.0,0.0,0.0,301.0,0.0,0.0,0.0,0.0,142.0,0.0,0.0,1081.0,129.0,0.0,0.0,0.0,0.0,91.0,0.0,250.0,70.0,0.0,245.0,175.0,0.0
2021-10-27 13:00:00+00:00,0.0,150.0,1.0,118.0,274.0,522.0,428.0,0.0,582.0,587.0,0.0,0.0,0.0,164.0,0.0,0.0,128.0,0.0,0.0,0.0,154.0,0.0,0.0,0.0,0.0,81.0,0.0,0.0,1081.0,121.0,0.0,0.0,0.0,0.0,89.0,0.0,198.0,117.0,0.0,222.0,129.0,0.0
2021-10-27 14:00:00+00:00,0.0,166.0,0.0,120.0,254.0,529.0,403.0,0.0,475.0,432.0,0.0,0.0,0.0,131.0,1.0,0.0,132.0,0.0,0.0,0.0,135.0,0.0,0.0,0.0,0.0,0.0,0.0,0.0,1081.0,131.0,0.0,42.0,0.0,0.0,69.0,0.0,191.0,119.0,0.0,234.0,35.0,0.0
2021-10-27 15:00:00+00:00,0.0,397.0,0.0,73.0,184.0,472.0,370.0,0.0,468.0,340.0,0.0,0.0,0.0,88.0,108.0,220.0,114.0,0.0,0.0,0.0,0.0,0.0,0.0,0.0,0.0,0.0,0.0,0.0,1080.0,122.0,0.0,214.0,0.0,0.0,102.0,0.0,163.0,170.0,0.0,273.0,0.0,0.0
2021-10-27 16:00:00+00:00,0.0,378.0,0.0,38.0,168.0,496.0,418.0,0.0,589.0,368.0,0.0,0.0,0.0,92.0,155.0,368.0,80.0,0.0,0.0,0.0,0.0,0.0,0.0,0.0,0.0,0.0,0.0,0.0,1080.0,120.0,0.0,373.0,0.0,0.0,94.0,0.0,156.0,200.0,0.0,302.0,0.0,0.0
2021-10-27 17:00:00+00:00,0.0,322.0,6.0,49.0,196.0,489.0,407.0,2.0,615.0,419.0,0.0,0.0,0.0,91.0,95.0,222.0,23.0,0.0,0.0,0.0,0.0,0.0,0.0,0.0,0.0,0.0,0.0,0.0,1078.0,113.0,0.0,351.0,0.0,0.0,118.0,0.0,128.0,159.0,0.0,267.0,0.0,0.0
2021-10-27 18:00:00+00:00,0.0,389.0,1.0,106.0,265.0,499.0,432.0,0.0,581.0,419.0,0.0,0.0,0.0,98.0,4.0,353.0,78.0,0.0,0.0,0.0,0.0,0.0,0.0,0.0,0.0,0.0,0.0,0.0,1306.0,100.0,0.0,221.0,0.0,0.0,167.0,0.0,191.0,130.0,0.0,199.0,18.0,0.0
2021-10-27 19:00:00+00:00,0.0,268.0,4.0,168.0,331.0,479.0,440.0,0.0,529.0,442.0,0.0,0.0,0.0,119.0,0.0,59.0,101.0,0.0,0.0,0.0,0.0,0.0,0.0,0.0,0.0,65.0,0.0,0.0,1232.0,77.0,0.0,0.0,0.0,0.0,147.0,0.0,210.0,83.0,0.0,206.0,62.0,0.0
2021-10-27 20:00:00+00:00,0.0,138.0,3.0,191.0,361.0,470.0,499.0,0.0,562.0,514.0,0.0,0.0,0.0,136.0,0.0,86.0,85.0,0.0,0.0,0.0,0.0,0.0,0.0,0.0,0.0,92.0,0.0,0.0,989.0,49.0,0.0,0.0,0.0,0.0,71.0,0.0,222.0,94.0,0.0,251.0,73.0,0.0
2021-10-27 21:00:00+00:00,0.0,385.0,9.0,209.0,414.0,573.0,521.0,0.0,536.0,477.0,0.0,0.0,0.0,126.0,0.0,46.0,59.0,0.0,0.0,0.0,0.0,0.0,0.0,0.0,0.0,295.0,0.0,0.0,852.0,74.0,0.0,0.0,0.0,0.0,132.0,0.0,225.0,68.0,0.0,166.0,212.0,0.0
2021-10-27 22:00:00+00:00,0.0,0.0,108.0,314.0,488.0,614.0,322.0,0.0,324.0,454.0,0.0,189.0,14.0,209.0,0.0,0.0,41.0,0.0,0.0,0.0,537.0,0.0,0.0,0.0,0.0,474.0,0.0,0.0,556.0,75.0,0.0,0.0,0.0,0.0,0.0,0.0,361.0,11.0,0.0,210.0,294.0,0.0
2021-10-27 23:00:00+00:00,0.0,144.0,123.0,330.0,524.0,588.0,289.0,0.0,231.0,486.0,0.0,0.0,0.0,178.0,0.0,0.0,37.0,0.0,0.0,0.0,597.0,0.0,0.0,0.0,0.0,449.0,0.0,0.0,504.0,60.0,0.0,0.0,0.0,0.0,86.0,0.0,406.0,2.0,0.0,161.0,368.0,0.0
2021-10-28 00:00:00+00:00,0.0,306.0,176.0,321.0,509.0,566.0,282.0,0.0,184.0,473.0,0.0,0.0,0.0,135.0,0.0,0.0,32.0,0.0,0.0,0.0,597.0,0.0,0.0,0.0,0.0,413.0,0.0,0.0,504.0,60.0,0.0,0.0,0.0,0.0,165.0,0.0,387.0,0.0,0.0,136.0,393.0,0.0
2021-10-28 01:00:00+00:00,0.0,442.0,133.0,294.0,506.0,550.0,274.0,0.0,241.0,514.0,0.0,0.0,0.0,91.0,0.0,0.0,31.0,0.0,0.0,0.0,602.0,0.0,0.0,0.0,0.0,371.0,0.0,0.0,505.0,79.0,0.0,0.0,0.0,0.0,241.0,0.0,370.0,2.0,0.0,128.0,403.0,0.0
2021-10-28 02:00:00+00:00,0.0,373.0,70.0,252.0,457.0,551.0,329.0,0.0,273.0,519.0,0.0,0.0,0.0,94.0,0.0,0.0,38.0,0.0,0.0,0.0,595.0,0.0,0.0,0.0,0.0,351.0,0.0,0.0,504.0,100.0,0.0,0.0,0.0,0.0,210.0,0.0,345.0,9.0,0.0,154.0,344.0,0.0
2021-10-28 03:00:00+00:00,0.0,143.0,21.0,140.0,295.0,512.0,291.0,0.0,306.0,444.0,0.0,0.0,0.0,136.0,0.0,0.0,58.0,0.0,0.0,0.0,520.0,0.0,0.0,0.0,0.0,261.0,0.0,0.0,503.0,119.0,0.0,0.0,0.0,0.0,73.0,0.0,232.0,47.0,0.0,319.0,112.0,0.0
2021-10-28 04:00:00+00:00,0.0,350.0,1.0,85.0,246.0,523.0,326.0,0.0,425.0,450.0,0.0,0.0,0.0,125.0,0.0,0.0,62.0,0.0,0.0,0.0,204.0,0.0,0.0,0.0,0.0,0.0,0.0,0.0,642.0,109.0,0.0,1.0,0.0,0.0,128.0,0.0,185.0,134.0,0.0,267.0,86.0,0.0
2021-10-28 05:00:00+00:00,0.0,488.0,1.0,2.0,186.0,524.0,304.0,3.0,615.0,519.0,0.0,0.0,0.0,120.0,0.0,0.0,56.0,0.0,0.0,0.0,2.0,0.0,0.0,0.0,0.0,0.0,0.0,0.0,654.0,130.0,0.0,262.0,0.0,0.0,123.0,0.0,100.0,211.0,0.0,285.0,67.0,0.0
2021-10-28 06:00:00+00:00,0.0,439.0,0.0,9.0,250.0,511.0,316.0,0.0,657.0,523.0,0.0,0.0,0.0,146.0,0.0,0.0,51.0,0.0,0.0,0.0,62.0,0.0,0.0,0.0,0.0,0.0,0.0,0.0,655.0,124.0,0.0,295.0,0.0,0.0,103.0,0.0,155.0,190.0,0.0,312.0,117.0,0.0
2021-10-28 07:00:00+00:00,0.0,380.0,5.0,17.0,292.0,515.0,327.0,0.0,589.0,466.0,0.0,0.0,0.0,193.0,0.0,0.0,50.0,0.0,0.0,0.0,90.0,0.0,0.0,0.0,0.0,0.0,0.0,0.0,655.0,121.0,0.0,174.0,0.0,0.0,65.0,0.0,225.0,77.0,0.0,359.0,146.0,0.0
2021-10-28 08:00:00+00:00,0.0,354.0,10.0,17.0,344.0,539.0,346.0,0.0,643.0,567.0,0.0,0.0,0.0,215.0,0.0,0.0,100.0,0.0,0.0,0.0,133.0,0.0,0.0,0.0,0.0,40.0,0.0,0.0,655.0,121.0,0.0,0.0,0.0,0.0,71.0,0.0,263.0,62.0,0.0,383.0,188.0,0.0
2021-10-28 09:00:00+00:00,0.0,250.0,38.0,24.0,404.0,580.0,365.0,0.0,604.0,566.0,0.0,0.0,0.0,246.0,0.0,0.0,128.0,0.0,0.0,0.0,207.0,0.0,0.0,0.0,0.0,151.0,0.0,0.0,655.0,103.0,0.0,0.0,0.0,0.0,38.0,0.0,323.0,14.0,0.0,379.0,196.0,0.0
2021-10-28 10:00:00+00:00,0.0,300.0,69.0,24.0,417.0,568.0,374.0,0.0,597.0,581.0,0.0,0.0,0.0,251.0,0.0,0.0,118.0,0.0,0.0,0.0,237.0,0.0,0.0,0.0,0.0,182.0,0.0,0.0,655.0,110.0,0.0,0.0,0.0,0.0,34.0,0.0,282.0,6.0,0.0,351.0,216.0,0.0
2021-10-28 11:00:00+00:00,0.0,372.0,29.0,23.0,427.0,584.0,353.0,0.0,631.0,633.0,0.0,0.0,0.0,240.0,0.0,0.0,129.0,0.0,0.0,0.0,241.0,0.0,0.0,0.0,0.0,211.0,0.0,0.0,655.0,125.0,0.0,0.0,0.0,0.0,61.0,0.0,279.0,20.0,0.0,315.0,253.0,0.0
2021-10-28 12:00:00+00:00,0.0,231.0,33.0,26.0,403.0,583.0,368.0,0.0,615.0,613.0,0.0,0.0,5.0,250.0,0.0,0.0,139.0,0.0,0.0,0.0,332.0,0.0,0.0,0.0,0.0,190.0,0.0,0.0,656.0,119.0,0.0,0.0,0.0,0.0,0.0,9.0,307.0,30.0,0.0,360.0,181.0,0.0
2021-10-28 13:00:00+00:00,0.0,293.0,2.0,105.0,340.0,572.0,375.0,0.0,594.0,598.0,0.0,0.0,0.0,231.0,0.0,0.0,132.0,0.0,0.0,0.0,207.0,0.0,0.0,0.0,0.0,87.0,0.0,0.0,656.0,126.0,0.0,0.0,0.0,0.0,10.0,363.0,244.0,106.0,0.0,440.0,393.0,0.0
2021-10-28 14:00:00+00:00,0.0,438.0,2.0,93.0,271.0,533.0,269.0,0.0,557.0,522.0,0.0,0.0,0.0,160.0,0.0,0.0,138.0,0.0,0.0,0.0,90.0,0.0,0.0,0.0,0.0,0.0,0.0,0.0,656.0,99.0,0.0,11.0,0.0,0.0,64.0,378.0,195.0,135.0,0.0,392.0,352.0,0.0
2021-10-28 15:00:00+00:00,0.0,579.0,0.0,49.0,204.0,494.0,269.0,0.0,569.0,408.0,0.0,0.0,0.0,119.0,0.0,330.0,158.0,0.0,0.0,0.0,0.0,0.0,0.0,0.0,0.0,0.0,0.0,0.0,656.0,83.0,0.0,194.0,0.0,0.0,68.0,454.0,135.0,213.0,0.0,412.0,318.0,0.0
2021-10-28 16:00:00+00:00,0.0,565.0,0.0,27.0,169.0,474.0,305.0,0.0,631.0,397.0,0.0,0.0,0.0,135.0,0.0,335.0,146.0,0.0,0.0,0.0,0.0,0.0,0.0,0.0,0.0,0.0,0.0,0.0,657.0,78.0,0.0,394.0,0.0,0.0,61.0,536.0,97.0,236.0,0.0,474.0,332.0,0.0
2021-10-28 17:00:00+00:00,0.0,573.0,0.0,60.0,182.0,533.0,334.0,0.0,579.0,379.0,0.0,0.0,0.0,147.0,0.0,255.0,95.0,0.0,0.0,0.0,0.0,0.0,0.0,0.0,0.0,0.0,0.0,0.0,657.0,103.0,0.0,325.0,0.0,0.0,55.0,525.0,92.0,191.0,0.0,486.0,318.0,0.0
2021-10-28 18:00:00+00:00,0.0,505.0,0.0,116.0,242.0,529.0,371.0,0.0,548.0,408.0,0.0,0.0,0.0,154.0,0.0,122.0,107.0,0.0,0.0,0.0,0.0,0.0,0.0,0.0,0.0,0.0,0.0,0.0,665.0,107.0,0.0,197.0,0.0,0.0,73.0,454.0,149.0,139.0,0.0,431.0,352.0,0.0
2021-10-28 19:00:00+00:00,0.0,444.0,2.0,175.0,310.0,515.0,356.0,0.0,521.0,501.0,0.0,0.0,0.0,177.0,0.0,48.0,113.0,0.0,0.0,0.0,0.0,0.0,0.0,0.0,0.0,95.0,0.0,0.0,665.0,103.0,0.0,0.0,0.0,0.0,78.0,425.0,188.0,117.0,0.0,376.0,447.0,0.0
2021-10-28 20:00:00+00:00,0.0,212.0,2.0,192.0,337.0,470.0,350.0,0.0,552.0,546.0,0.0,0.0,0.0,191.0,0.0,0.0,92.0,0.0,0.0,0.0,107.0,0.0,0.0,0.0,0.0,133.0,0.0,0.0,510.0,96.0,0.0,0.0,0.0,0.0,3.0,436.0,211.0,105.0,0.0,424.0,455.0,0.0
2021-10-28 21:00:00+00:00,0.0,296.0,6.0,212.0,366.0,552.0,409.0,0.0,517.0,528.0,0.0,0.0,0.0,194.0,0.0,0.0,64.0,0.0,0.0,0.0,349.0,0.0,0.0,0.0,0.0,224.0,0.0,0.0,514.0,94.0,0.0,0.0,0.0,0.0,60.0,420.0,222.0,82.0,0.0,373.0,536.0,0.0
2021-10-28 22:00:00+00:00,0.0,64.0,49.0,279.0,437.0,392.0,544.0,0.0,395.0,519.0,0.0,0.0,0.0,228.0,0.0,0.0,45.0,0.0,0.0,0.0,585.0,0.0,0.0,0.0,0.0,361.0,0.0,0.0,194.0,86.0,0.0,0.0,0.0,0.0,3.0,393.0,363.0,23.0,0.0,369.0,548.0,0.0
2021-10-28 23:00:00+00:00,0.0,157.0,111.0,296.0,443.0,385.0,538.0,0.0,307.0,491.0,0.0,0.0,0.0,205.0,0.0,0.0,35.0,0.0,0.0,0.0,602.0,0.0,0.0,0.0,0.0,382.0,0.0,0.0,161.0,87.0,0.0,0.0,0.0,0.0,20.0,333.0,406.0,2.0,0.0,333.0,530.0,0.0
2021-10-29 00:00:00+00:00,0.0,173.0,96.0,259.0,408.0,469.0,456.0,0.0,270.0,479.0,0.0,0.0,0.0,187.0,0.0,0.0,34.0,0.0,0.0,0.0,602.0,0.0,0.0,0.0,0.0,348.0,0.0,0.0,160.0,103.0,0.0,0.0,0.0,0.0,20.0,320.0,372.0,2.0,0.0,357.0,495.0,0.0
2021-10-29 01:00:00+00:00,0.0,186.0,51.0,216.0,331.0,444.0,425.0,0.0,236.0,453.0,0.0,0.0,0.0,171.0,0.0,0.0,30.0,0.0,0.0,0.0,602.0,0.0,0.0,0.0,0.0,326.0,0.0,0.0,160.0,109.0,0.0,0.0,0.0,0.0,26.0,330.0,313.0,8.0,0.0,394.0,466.0,0.0
2021-10-29 02:00:00+00:00,0.0,221.0,86.0,224.0,352.0,453.0,397.0,0.0,226.0,458.0,0.0,0.0,0.0,161.0,0.0,0.0,36.0,0.0,0.0,0.0,599.0,0.0,0.0,0.0,0.0,305.0,0.0,0.0,159.0,111.0,0.0,0.0,0.0,0.0,40.0,347.0,357.0,5.0,0.0,373.0,474.0,0.0
2021-10-29 03:00:00+00:00,0.0,324.0,36.0,144.0,281.0,487.0,263.0,0.0,336.0,472.0,0.0,0.0,0.0,161.0,0.0,0.0,56.0,0.0,0.0,0.0,500.0,0.0,0.0,0.0,0.0,193.0,0.0,0.0,302.0,133.0,0.0,0.0,0.0,0.0,41.0,451.0,270.0,37.0,0.0,435.0,436.0,0.0
2021-10-29 04:00:00+00:00,0.0,438.0,9.0,92.0,240.0,310.0,317.0,0.0,452.0,453.0,0.0,0.0,0.0,162.0,0.0,0.0,98.0,0.0,0.0,0.0,211.0,0.0,0.0,0.0,0.0,0.0,0.0,0.0,511.0,87.0,0.0,20.0,0.0,0.0,67.0,494.0,240.0,86.0,0.0,416.0,430.0,0.0
2021-10-29 05:00:00+00:00,0.0,550.0,6.0,8.0,159.0,324.0,311.0,0.0,427.0,378.0,0.0,0.0,0.0,146.0,0.0,69.0,95.0,0.0,0.0,0.0,0.0,0.0,0.0,0.0,0.0,0.0,0.0,0.0,540.0,95.0,0.0,290.0,0.0,0.0,80.0,503.0,226.0,98.0,0.0,418.0,419.0,0.0
2021-10-29 06:00:00+00:00,0.0,572.0,4.0,14.0,210.0,344.0,365.0,0.0,484.0,412.0,0.0,0.0,0.0,166.0,0.0,0.0,107.0,0.0,0.0,0.0,1.0,0.0,0.0,0.0,0.0,0.0,0.0,0.0,542.0,82.0,0.0,273.0,0.0,0.0,84.0,479.0,198.0,80.0,0.0,461.0,424.0,0.0
2021-10-29 07:00:00+00:00,0.0,627.0,3.0,19.0,333.0,348.0,367.0,0.0,623.0,550.0,0.0,0.0,0.0,194.0,0.0,0.0,117.0,0.0,0.0,0.0,135.0,0.0,0.0,0.0,0.0,0.0,0.0,0.0,542.0,75.0,0.0,161.0,0.0,0.0,138.0,382.0,240.0,99.0,0.0,407.0,455.0,0.0
2021-10-29 08:00:00+00:00,0.0,653.0,2.0,17.0,359.0,342.0,416.0,0.0,635.0,522.0,0.0,0.0,0.0,206.0,0.0,53.0,132.0,0.0,0.0,0.0,0.0,0.0,0.0,0.0,0.0,29.0,0.0,0.0,542.0,71.0,0.0,0.0,0.0,0.0,97.0,232.0,218.0,100.0,0.0,364.0,436.0,0.0
2021-10-29 09:00:00+00:00,0.0,707.0,6.0,23.0,402.0,354.0,407.0,0.0,585.0,525.0,0.0,0.0,0.0,223.0,0.0,101.0,130.0,0.0,0.0,0.0,0.0,0.0,0.0,0.0,0.0,120.0,0.0,0.0,542.0,76.0,0.0,0.0,0.0,0.0,109.0,216.0,268.0,74.0,0.0,324.0,468.0,0.0
2021-10-29 10:00:00+00:00,0.0,698.0,8.0,23.0,396.0,377.0,416.0,0.0,547.0,498.0,0.0,0.0,0.0,212.0,0.0,231.0,146.0,0.0,0.0,0.0,0.0,0.0,0.0,0.0,0.0,124.0,0.0,0.0,542.0,73.0,0.0,0.0,0.0,0.0,131.0,116.0,226.0,62.0,0.0,255.0,431.0,0.0
2021-10-29 11:00:00+00:00,0.0,592.0,9.0,26.0,438.0,393.0,385.0,0.0,549.0,548.0,0.0,0.0,0.0,44.0,0.0,79.0,138.0,0.0,0.0,0.0,0.0,0.0,0.0,0.0,0.0,184.0,0.0,0.0,541.0,73.0,0.0,0.0,0.0,0.0,84.0,108.0,276.0,60.0,0.0,255.0,422.0,0.0
2021-10-29 12:00:00+00:00,0.0,522.0,9.0,28.0,438.0,356.0,408.0,0.0,595.0,585.0,0.0,0.0,0.0,0.0,0.0,0.0,132.0,0.0,0.0,0.0,65.0,0.0,0.0,0.0,0.0,187.0,0.0,0.0,542.0,73.0,0.0,0.0,0.0,0.0,73.0,159.0,293.0,60.0,0.0,263.0,440.0,0.0
2021-10-29 13:00:00+00:00,0.0,449.0,6.0,176.0,313.0,382.0,452.0,0.0,435.0,507.0,0.0,0.0,0.0,111.0,0.0,0.0,134.0,0.0,0.0,0.0,111.0,0.0,0.0,0.0,0.0,57.0,0.0,0.0,542.0,73.0,0.0,0.0,0.0,0.0,103.0,236.0,277.0,76.0,0.0,300.0,407.0,0.0
2021-10-29 14:00:00+00:00,0.0,421.0,6.0,155.0,297.0,359.0,432.0,0.0,431.0,528.0,0.0,0.0,0.0,158.0,0.0,0.0,136.0,0.0,0.0,0.0,162.0,0.0,0.0,0.0,0.0,3.0,0.0,0.0,542.0,73.0,0.0,0.0,0.0,0.0,112.0,390.0,274.0,85.0,0.0,339.0,432.0,0.0
2021-10-29 15:00:00+00:00,0.0,388.0,37.0,153.0,200.0,362.0,458.0,0.0,290.0,352.0,0.0,0.0,0.0,157.0,0.0,0.0,158.0,0.0,0.0,0.0,100.0,0.0,0.0,0.0,0.0,0.0,0.0,0.0,542.0,69.0,0.0,131.0,0.0,0.0,24.0,557.0,278.0,36.0,0.0,505.0,342.0,0.0
2021-10-29 16:00:00+00:00,0.0,485.0,6.0,148.0,224.0,343.0,451.0,0.0,415.0,403.0,0.0,0.0,0.0,183.0,0.0,0.0,171.0,0.0,0.0,0.0,53.0,0.0,0.0,0.0,0.0,0.0,0.0,0.0,543.0,80.0,0.0,363.0,0.0,0.0,36.0,606.0,256.0,92.0,0.0,516.0,373.0,0.0
2021-10-29 17:00:00+00:00,0.0,513.0,10.0,158.0,230.0,360.0,467.0,0.0,408.0,395.0,0.0,0.0,0.0,193.0,0.0,0.0,126.0,0.0,0.0,0.0,72.0,0.0,0.0,0.0,0.0,0.0,0.0,0.0,543.0,87.0,0.0,335.0,0.0,0.0,39.0,580.0,246.0,50.0,0.0,497.0,375.0,0.0
2021-10-29 18:00:00+00:00,0.0,300.0,34.0,198.0,275.0,340.0,448.0,0.0,377.0,374.0,0.0,0.0,22.0,219.0,0.0,0.0,125.0,0.0,0.0,0.0,55.0,0.0,0.0,0.0,0.0,0.0,0.0,0.0,338.0,92.0,0.0,25.0,0.0,0.0,0.0,527.0,291.0,26.0,0.0,508.0,363.0,0.0
2021-10-29 19:00:00+00:00,0.0,312.0,55.0,252.0,343.0,338.0,417.0,0.0,367.0,462.0,0.0,0.0,0.0,219.0,0.0,0.0,121.0,0.0,0.0,0.0,162.0,0.0,0.0,0.0,0.0,225.0,0.0,0.0,325.0,96.0,0.0,0.0,0.0,0.0,30.0,461.0,347.0,12.0,0.0,422.0,441.0,0.0
2021-10-29 20:00:00+00:00,0.0,151.0,79.0,270.0,326.0,309.0,458.0,0.0,311.0,441.0,0.0,0.0,7.0,214.0,0.0,0.0,92.0,0.0,0.0,0.0,146.0,0.0,0.0,0.0,0.0,152.0,0.0,0.0,311.0,77.0,0.0,0.0,0.0,0.0,0.0,491.0,364.0,6.0,0.0,486.0,455.0,0.0
2021-10-29 21:00:00+00:00,0.0,92.0,146.0,316.0,369.0,365.0,478.0,0.0,225.0,393.0,0.0,0.0,24.0,244.0,0.0,0.0,67.0,0.0,0.0,0.0,485.0,0.0,0.0,0.0,0.0,215.0,0.0,0.0,291.0,91.0,0.0,0.0,0.0,0.0,0.0,474.0,399.0,1.0,0.0,468.0,506.0,0.0
2021-10-29 22:00:00+00:00,0.0,0.0,100.0,336.0,425.0,385.0,406.0,0.0,207.0,418.0,0.0,24.0,23.0,239.0,0.0,0.0,50.0,0.0,0.0,0.0,573.0,0.0,0.0,0.0,0.0,335.0,0.0,0.0,157.0,93.0,0.0,0.0,0.0,0.0,0.0,487.0,401.0,2.0,0.0,385.0,448.0,0.0
2021-10-29 23:00:00+00:00,0.0,0.0,140.0,355.0,412.0,356.0,332.0,0.0,59.0,331.0,0.0,135.0,82.0,249.0,0.0,0.0,39.0,0.0,0.0,0.0,552.0,0.0,0.0,0.0,0.0,398.0,0.0,0.0,156.0,84.0,0.0,0.0,0.0,0.0,0.0,540.0,409.0,2.0,0.0,430.0,463.0,0.0
2021-10-30 00:00:00+00:00,0.0,0.0,166.0,366.0,414.0,355.0,329.0,0.0,5.0,315.0,0.0,30.0,73.0,239.0,0.0,0.0,32.0,0.0,0.0,0.0,551.0,31.0,0.0,0.0,0.0,414.0,0.0,0.0,156.0,73.0,0.0,0.0,0.0,0.0,0.0,538.0,440.0,0.0,0.0,426.0,467.0,0.0
2021-10-30 01:00:00+00:00,0.0,22.0,138.0,344.0,380.0,368.0,324.0,0.0,3.0,307.0,0.0,0.0,36.0,209.0,0.0,0.0,28.0,0.0,0.0,0.0,551.0,37.0,0.0,0.0,0.0,355.0,0.0,0.0,155.0,73.0,0.0,0.0,0.0,0.0,0.0,515.0,409.0,2.0,0.0,407.0,464.0,0.0
2021-10-30 02:00:00+00:00,0.0,0.0,122.0,356.0,388.0,351.0,344.0,0.0,2.0,295.0,0.0,3.0,33.0,194.0,0.0,0.0,31.0,0.0,0.0,0.0,551.0,38.0,0.0,0.0,0.0,355.0,0.0,0.0,154.0,86.0,0.0,0.0,0.0,0.0,0.0,466.0,416.0,2.0,0.0,379.0,424.0,0.0
2021-10-30 03:00:00+00:00,0.0,0.0,78.0,312.0,320.0,347.0,382.0,0.0,3.0,264.0,0.0,176.0,83.0,212.0,0.0,0.0,42.0,0.0,0.0,0.0,548.0,34.0,0.0,0.0,0.0,296.0,0.0,0.0,155.0,104.0,0.0,0.0,0.0,0.0,0.0,536.0,369.0,6.0,0.0,438.0,383.0,0.0
2021-10-30 04:00:00+00:00,0.0,92.0,26.0,249.0,268.0,371.0,350.0,0.0,75.0,283.0,0.0,0.0,0.0,161.0,0.0,0.0,64.0,0.0,0.0,0.0,447.0,1.0,0.0,0.0,0.0,175.0,0.0,0.0,155.0,123.0,0.0,0.0,0.0,0.0,52.0,519.0,320.0,34.0,0.0,413.0,331.0,0.0
2021-10-30 05:00:00+00:00,0.0,288.0,4.0,185.0,299.0,354.0,272.0,0.0,348.0,499.0,0.0,0.0,0.0,151.0,0.0,0.0,74.0,0.0,0.0,0.0,247.0,0.0,0.0,0.0,0.0,56.0,0.0,0.0,201.0,123.0,0.0,0.0,0.0,0.0,109.0,546.0,249.0,93.0,0.0,396.0,328.0,0.0
2021-10-30 06:00:00+00:00,0.0,203.0,6.0,223.0,343.0,367.0,300.0,0.0,384.0,531.0,0.0,0.0,0.0,207.0,0.0,0.0,97.0,0.0,0.0,0.0,243.0,0.0,0.0,0.0,0.0,0.0,0.0,0.0,216.0,117.0,0.0,26.0,0.0,0.0,62.0,592.0,247.0,82.0,0.0,462.0,361.0,0.0
2021-10-30 07:00:00+00:00,0.0,96.0,35.0,280.0,379.0,383.0,346.0,0.0,336.0,503.0,0.0,0.0,0.0,261.0,0.0,0.0,80.0,0.0,0.0,0.0,180.0,0.0,0.0,0.0,0.0,0.0,0.0,0.0,213.0,92.0,0.0,0.0,0.0,0.0,4.0,558.0,320.0,19.0,0.0,514.0,362.0,0.0
2021-10-30 08:00:00+00:00,0.0,61.0,30.0,282.0,412.0,362.0,415.0,0.0,380.0,508.0,0.0,0.0,32.0,278.0,0.0,0.0,60.0,0.0,0.0,0.0,215.0,0.0,0.0,0.0,0.0,172.0,0.0,0.0,421.0,70.0,0.0,0.0,0.0,0.0,0.0,506.0,331.0,24.0,0.0,562.0,348.0,0.0
2021-10-30 09:00:00+00:00,0.0,0.0,91.0,322.0,394.0,401.0,470.0,0.0,225.0,421.0,0.0,150.0,109.0,307.0,0.0,0.0,57.0,0.0,0.0,0.0,335.0,0.0,0.0,0.0,0.0,293.0,0.0,0.0,459.0,74.0,0.0,0.0,0.0,0.0,0.0,424.0,370.0,4.0,0.0,580.0,294.0,0.0
2021-10-30 10:00:00+00:00,0.0,0.0,54.0,327.0,424.0,354.0,460.0,0.0,253.0,459.0,0.0,104.0,88.0,305.0,0.0,0.0,44.0,0.0,0.0,0.0,381.0,0.0,0.0,0.0,0.0,298.0,0.0,0.0,405.0,77.0,0.0,0.0,0.0,0.0,0.0,345.0,385.0,14.0,0.0,516.0,281.0,0.0
2021-10-30 11:00:00+00:00,0.0,0.0,46.0,316.0,404.0,324.0,441.0,0.0,251.0,475.0,0.0,162.0,84.0,292.0,0.0,0.0,32.0,0.0,0.0,0.0,535.0,0.0,0.0,0.0,0.0,277.0,0.0,0.0,224.0,80.0,0.0,0.0,0.0,0.0,0.0,312.0,363.0,13.0,0.0,496.0,250.0,0.0
2021-10-30 12:00:00+00:00,0.0,0.0,53.0,335.0,402.0,307.0,411.0,0.0,260.0,442.0,0.0,267.0,95.0,278.0,0.0,0.0,25.0,0.0,0.0,0.0,479.0,0.0,0.0,0.0,0.0,265.0,0.0,0.0,216.0,92.0,0.0,0.0,0.0,0.0,0.0,337.0,389.0,12.0,0.0,481.0,234.0,0.0
2021-10-30 13:00:00+00:00,0.0,0.0,28.0,307.0,372.0,277.0,389.0,0.0,276.0,447.0,0.0,223.0,61.0,247.0,0.0,0.0,56.0,0.0,0.0,0.0,466.0,0.0,0.0,0.0,0.0,131.0,0.0,0.0,217.0,92.0,0.0,0.0,0.0,0.0,0.0,407.0,345.0,30.0,0.0,471.0,239.0,0.0
2021-10-30 14:00:00+00:00,0.0,0.0,5.0,233.0,353.0,297.0,391.0,0.0,364.0,497.0,0.0,117.0,35.0,202.0,0.0,0.0,113.0,0.0,0.0,0.0,293.0,0.0,0.0,0.0,0.0,21.0,0.0,0.0,487.0,69.0,0.0,0.0,0.0,0.0,0.0,486.0,275.0,82.0,0.0,447.0,225.0,0.0
2021-10-30 15:00:00+00:00,0.0,99.0,6.0,202.0,302.0,314.0,395.0,0.0,385.0,452.0,0.0,0.0,3.0,179.0,0.0,0.0,118.0,0.0,0.0,0.0,57.0,0.0,0.0,0.0,0.0,0.0,0.0,0.0,883.0,45.0,0.0,177.0,0.0,0.0,0.0,569.0,273.0,78.0,0.0,465.0,212.0,0.0
2021-10-30 16:00:00+00:00,0.0,183.0,5.0,219.0,294.0,309.0,419.0,0.0,376.0,401.0,0.0,0.0,9.0,202.0,0.0,125.0,55.0,0.0,0.0,0.0,0.0,0.0,0.0,0.0,0.0,0.0,0.0,0.0,933.0,40.0,0.0,352.0,0.0,0.0,0.0,632.0,287.0,71.0,0.0,481.0,257.0,0.0
2021-10-30 17:00:00+00:00,0.0,180.0,53.0,252.0,247.0,337.0,397.0,0.0,178.0,258.0,0.0,0.0,50.0,208.0,0.0,182.0,0.0,0.0,0.0,0.0,0.0,0.0,0.0,0.0,0.0,0.0,0.0,0.0,658.0,62.0,0.0,323.0,0.0,0.0,0.0,614.0,309.0,14.0,0.0,477.0,250.0,0.0
2021-10-30 18:00:00+00:00,0.0,116.0,19.0,222.0,334.0,381.0,384.0,0.0,397.0,468.0,0.0,0.0,25.0,220.0,0.0,0.0,0.0,0.0,0.0,0.0,118.0,0.0,0.0,0.0,0.0,0.0,0.0,0.0,420.0,64.0,0.0,48.0,0.0,0.0,0.0,597.0,274.0,39.0,0.0,465.0,292.0,0.0
2021-10-30 19:00:00+00:00,0.0,15.0,54.0,257.0,354.0,436.0,490.0,0.0,317.0,435.0,0.0,0.0,60.0,231.0,0.0,0.0,49.0,0.0,0.0,0.0,183.0,0.0,0.0,0.0,0.0,166.0,0.0,0.0,862.0,36.0,0.0,0.0,0.0,0.0,0.0,587.0,317.0,15.0,0.0,472.0,335.0,0.0
2021-10-30 20:00:00+00:00,0.0,0.0,126.0,320.0,334.0,346.0,440.0,0.0,168.0,377.0,0.0,158.0,87.0,248.0,0.0,0.0,62.0,0.0,0.0,0.0,272.0,0.0,0.0,0.0,0.0,302.0,0.0,0.0,744.0,10.0,0.0,0.0,0.0,0.0,0.0,601.0,415.0,1.0,0.0,498.0,371.0,0.0
2021-10-30 21:00:00+00:00,0.0,0.0,177.0,350.0,346.0,420.0,469.0,0.0,77.0,310.0,0.0,132.0,85.0,266.0,0.0,0.0,53.0,0.0,0.0,0.0,478.0,0.0,0.0,0.0,0.0,405.0,0.0,0.0,711.0,39.0,0.0,0.0,0.0,0.0,0.0,604.0,461.0,1.0,0.0,499.0,426.0,0.0
2021-10-30 22:00:00+00:00,0.0,0.0,235.0,391.0,336.0,522.0,459.0,0.0,13.0,224.0,0.0,357.0,161.0,293.0,0.0,0.0,42.0,0.0,0.0,0.0,574.0,97.0,0.0,0.0,0.0,465.0,0.0,0.0,730.0,40.0,0.0,0.0,0.0,0.0,0.0,576.0,538.0,0.0,0.0,523.0,399.0,0.0
2021-10-30 23:00:00+00:00,0.0,0.0,278.0,363.0,270.0,501.0,484.0,0.0,0.0,161.0,0.0,459.0,197.0,301.0,0.0,0.0,31.0,0.0,,0.0,599.0,243.0,0.0,0.0,0.0,458.0,0.0,0.0,744.0,,0.0,0.0,0.0,0.0,0.0,630.0,560.0,0.0,0.0,590.0,406.0,0.0
2021-10-31 00:00:00+00:00,0.0,0.0,274.0,354.0,0.0,501.0,438.0,0.0,0.0,196.0,0.0,360.0,154.0,269.0,0.0,0.0,24.0,0.0,,,523.0,226.0,0.0,0.0,0.0,0.0,,,742.0,,0.0,0.0,0.0,0.0,0.0,599.0,562.0,0.0,0.0,,423.0,0.0
2021-10-31 01:00:00+00:00,0.0,0.0,332.0,337.0,265.0,440.0,427.0,0.0,0.0,172.0,0.0,372.0,155.0,252.0,0.0,0.0,19.0,0.0,0.0,0.0,521.0,273.0,0.0,0.0,0.0,434.0,0.0,,738.0,13.0,0.0,0.0,0.0,0.0,0.0,579.0,513.0,0.0,0.0,,400.0,0.0
2021-10-31 02:00:00+00:00,0.0,0.0,310.0,358.0,240.0,440.0,359.0,0.0,0.0,179.0,0.0,347.0,136.0,240.0,0.0,0.0,20.0,0.0,0.0,0.0,541.0,275.0,0.0,0.0,0.0,448.0,0.0,,742.0,33.0,0.0,0.0,0.0,0.0,0.0,567.0,596.0,0.0,0.0,,418.0,0.0
2021-10-31 03:00:00+00:00,0.0,0.0,360.0,365.0,279.0,296.0,348.0,0.0,0.0,151.0,0.0,422.0,144.0,236.0,0.0,0.0,24.0,0.0,0.0,0.0,540.0,328.0,0.0,0.0,0.0,446.0,0.0,0.0,739.0,13.0,0.0,0.0,0.0,0.0,0.0,575.0,598.0,0.0,0.0,518.0,411.0,0.0
2021-10-31 04:00:00+00:00,0.0,0.0,302.0,396.0,230.0,157.0,162.0,0.0,0.0,180.0,0.0,502.0,147.0,239.0,0.0,0.0,32.0,0.0,25.0,0.0,593.0,297.0,0.0,0.0,0.0,442.0,0.0,0.0,822.0,0.0,0.0,0.0,0.0,0.0,0.0,542.0,617.0,0.0,0.0,480.0,393.0,0.0
2021-10-31 05:00:00+00:00,0.0,0.0,238.0,343.0,273.0,170.0,0.0,0.0,0.0,152.0,0.0,319.0,49.0,199.0,0.0,0.0,48.0,0.0,23.0,0.0,363.0,229.0,0.0,0.0,0.0,301.0,0.0,0.0,823.0,0.0,88.0,0.0,0.0,0.0,0.0,545.0,554.0,0.0,0.0,452.0,412.0,0.0
2021-10-31 06:00:00+00:00,0.0,0.0,229.0,373.0,263.0,178.0,210.0,0.0,0.0,241.0,0.0,440.0,102.0,253.0,0.0,0.0,41.0,0.0,0.0,0.0,272.0,127.0,0.0,0.0,0.0,300.0,0.0,0.0,563.0,13.0,0.0,0.0,0.0,0.0,0.0,570.0,534.0,0.0,0.0,499.0,434.0,0.0
2021-10-31 07:00:00+00:00,0.0,0.0,190.0,379.0,287.0,488.0,507.0,0.0,0.0,231.0,0.0,447.0,125.0,295.0,0.0,0.0,46.0,0.0,0.0,0.0,242.0,88.0,0.0,0.0,0.0,348.0,0.0,0.0,512.0,54.0,0.0,0.0,0.0,0.0,0.0,538.0,486.0,0.0,0.0,551.0,415.0,0.0
2021-10-31 08:00:00+00:00,0.0,0.0,201.0,397.0,243.0,585.0,499.0,0.0,0.0,215.0,0.0,504.0,173.0,332.0,0.0,0.0,13.0,0.0,0.0,0.0,290.0,87.0,0.0,0.0,0.0,370.0,0.0,0.0,529.0,56.0,0.0,0.0,0.0,0.0,0.0,501.0,472.0,0.0,0.0,575.0,392.0,0.0
2021-10-31 09:00:00+00:00,0.0,0.0,190.0,360.0,241.0,626.0,400.0,0.0,0.0,186.0,0.0,473.0,207.0,342.0,0.0,0.0,22.0,0.0,0.0,0.0,328.0,88.0,0.0,0.0,0.0,321.0,0.0,0.0,477.0,62.0,0.0,0.0,0.0,0.0,0.0,436.0,442.0,2.0,0.0,592.0,348.0,0.0
2021-10-31 10:00:00+00:00,0.0,0.0,178.0,354.0,245.0,640.0,295.0,0.0,0.0,181.0,0.0,476.0,225.0,346.0,0.0,0.0,33.0,0.0,0.0,0.0,282.0,96.0,0.0,0.0,0.0,270.0,0.0,0.0,475.0,51.0,0.0,0.0,0.0,0.0,0.0,349.0,446.0,0.0,0.0,580.0,295.0,0.0
2021-10-31 11:00:00+00:00,0.0,0.0,150.0,351.0,241.0,511.0,388.0,0.0,0.0,205.0,0.0,455.0,221.0,330.0,0.0,0.0,27.0,0.0,0.0,0.0,294.0,96.0,0.0,0.0,0.0,278.0,0.0,0.0,486.0,25.0,0.0,0.0,0.0,0.0,0.0,313.0,459.0,2.0,0.0,561.0,254.0,0.0
2021-10-31 12:00:00+00:00,0.0,0.0,146.0,353.0,223.0,582.0,411.0,0.0,0.0,189.0,0.0,471.0,222.0,307.0,0.0,0.0,20.0,0.0,0.0,0.0,313.0,117.0,0.0,0.0,0.0,223.0,0.0,0.0,513.0,57.0,0.0,0.0,0.0,0.0,0.0,319.0,462.0,2.0,0.0,547.0,222.0,0.0
2021-10-31 13:00:00+00:00,0.0,0.0,150.0,337.0,195.0,521.0,465.0,0.0,0.0,180.0,0.0,358.0,164.0,247.0,0.0,0.0,30.0,0.0,0.0,0.0,167.0,107.0,0.0,0.0,0.0,197.0,0.0,0.0,546.0,44.0,0.0,0.0,0.0,0.0,0.0,358.0,462.0,2.0,0.0,506.0,228.0,0.0
2021-10-31 14:00:00+00:00,0.0,0.0,73.0,267.0,199.0,437.0,505.0,0.0,42.0,233.0,0.0,183.0,87.0,194.0,0.0,85.0,44.0,0.0,0.0,0.0,0.0,1.0,0.0,0.0,0.0,176.0,0.0,0.0,475.0,19.0,0.0,0.0,0.0,0.0,0.0,464.0,381.0,6.0,0.0,478.0,264.0,0.0
2021-10-31 15:00:00+00:00,0.0,0.0,38.0,240.0,209.0,433.0,478.0,0.0,184.0,275.0,0.0,27.0,40.0,181.0,0.0,188.0,78.0,0.0,0.0,0.0,0.0,0.0,0.0,0.0,0.0,38.0,0.0,0.0,711.0,16.0,0.0,0.0,0.0,0.0,0.0,575.0,326.0,18.0,0.0,523.0,251.0,0.0
2021-10-31 16:00:00+00:00,0.0,0.0,42.0,255.0,198.0,476.0,535.0,0.0,213.0,202.0,0.0,82.0,98.0,223.0,0.0,381.0,111.0,0.0,5.0,0.0,0.0,0.0,0.0,0.0,0.0,0.0,0.0,0.0,936.0,0.0,0.0,36.0,0.0,0.0,0.0,612.0,310.0,26.0,0.0,561.0,223.0,0.0
2021-10-31 17:00:00+00:00,0.0,116.0,42.0,240.0,181.0,518.0,515.0,0.0,212.0,202.0,0.0,0.0,79.0,201.0,0.0,386.0,130.0,0.0,0.0,0.0,0.0,0.0,0.0,0.0,0.0,0.0,0.0,0.0,938.0,3.0,0.0,16.0,0.0,0.0,0.0,603.0,299.0,14.0,0.0,565.0,211.0,0.0
2021-10-31 18:00:00+00:00,0.0,84.0,44.0,246.0,216.0,587.0,514.0,0.0,166.0,181.0,0.0,0.0,109.0,211.0,0.0,329.0,120.0,0.0,0.0,0.0,0.0,0.0,0.0,0.0,0.0,132.0,0.0,0.0,960.0,25.0,0.0,0.0,0.0,0.0,0.0,623.0,338.0,16.0,0.0,593.0,220.0,0.0
2021-10-31 19:00:00+00:00,0.0,0.0,85.0,276.0,229.0,587.0,474.0,0.0,110.0,199.0,0.0,74.0,147.0,235.0,0.0,350.0,106.0,0.0,0.0,0.0,0.0,0.0,0.0,0.0,0.0,235.0,0.0,0.0,714.0,41.0,0.0,0.0,0.0,0.0,0.0,586.0,396.0,4.0,0.0,576.0,228.0,0.0
2021-10-31 20:00:00+00:00,0.0,0.0,138.0,330.0,318.0,549.0,472.0,0.0,19.0,184.0,0.0,321.0,234.0,278.0,0.0,224.0,89.0,0.0,0.0,0.0,0.0,11.0,0.0,0.0,0.0,353.0,0.0,0.0,538.0,27.0,0.0,0.0,0.0,0.0,0.0,599.0,434.0,2.0,0.0,618.0,242.0,0.0
2021-10-31 21:00:00+00:00,0.0,0.0,90.0,376.0,267.0,541.0,471.0,0.0,62.0,279.0,0.0,275.0,184.0,280.0,0.0,0.0,64.0,0.0,0.0,0.0,95.0,2.0,0.0,0.0,0.0,233.0,0.0,0.0,506.0,26.0,0.0,0.0,0.0,0.0,0.0,564.0,457.0,5.0,0.0,537.0,323.0,0.0
2021-10-31 22:00:00+00:00,0.0,0.0,134.0,331.0,0.0,484.0,469.0,0.0,21.0,219.0,0.0,305.0,198.0,295.0,0.0,0.0,41.0,0.0,0.0,0.0,221.0,10.0,0.0,0.0,0.0,0.0,0.0,0.0,411.0,30.0,0.0,0.0,0.0,0.0,0.0,563.0,424.0,2.0,0.0,558.0,325.0,0.0
2021-10-31 23:00:00+00:00,0.0,0.0,342.0,404.0,268.0,514.0,480.0,0.0,0.0,85.0,0.0,555.0,270.0,334.0,0.0,0.0,37.0,0.0,0.0,0.0,542.0,273.0,0.0,0.0,0.0,315.0,0.0,0.0,339.0,17.0,0.0,0.0,0.0,0.0,0.0,576.0,559.0,0.0,0.0,618.0,396.0,0.0
2021-11-01 00:00:00+00:00,0.0,0.0,118.0,401.0,307.0,513.0,463.0,0.0,0.0,93.0,0.0,489.0,216.0,285.0,0.0,0.0,26.0,0.0,0.0,0.0,549.0,316.0,0.0,0.0,0.0,292.0,0.0,0.0,218.0,32.0,0.0,0.0,0.0,0.0,0.0,459.0,644.0,4.0,0.0,541.0,414.0,0.0
2021-11-01 01:00:00+00:00,1.0,0.0,90.0,383.0,254.0,434.0,470.0,0.0,0.0,36.0,0.0,451.0,198.0,262.0,0.0,0.0,22.0,0.0,0.0,0.0,595.0,418.0,0.0,0.0,0.0,366.0,0.0,0.0,210.0,17.0,0.0,0.0,0.0,0.0,0.0,411.0,623.0,6.0,0.0,545.0,401.0,0.0
2021-11-01 02:00:00+00:00,3.0,0.0,272.0,378.0,229.0,409.0,476.0,0.0,0.0,21.0,0.0,448.0,176.0,234.0,0.0,0.0,22.0,0.0,0.0,0.0,596.0,440.0,0.0,0.0,0.0,374.0,0.0,0.0,200.0,13.0,0.0,0.0,0.0,0.0,0.0,379.0,569.0,1.0,0.0,535.0,380.0,0.0
2021-11-01 03:00:00+00:00,1.0,0.0,296.0,385.0,236.0,350.0,427.0,0.0,0.0,29.0,0.0,464.0,176.0,231.0,0.0,0.0,33.0,0.0,0.0,0.0,591.0,423.0,0.0,0.0,0.0,335.0,0.0,0.0,206.0,26.0,0.0,0.0,0.0,0.0,0.0,413.0,587.0,0.0,0.0,573.0,339.0,0.0
2021-11-01 04:00:00+00:00,16.0,0.0,222.0,347.0,206.0,317.0,360.0,0.0,0.0,6.0,0.0,542.0,220.0,241.0,0.0,0.0,42.0,0.0,2.0,0.0,427.0,356.0,0.0,0.0,0.0,285.0,0.0,0.0,204.0,0.0,0.0,0.0,0.0,0.0,0.0,497.0,533.0,0.0,0.0,661.0,258.0,0.0
2021-11-01 05:00:00+00:00,22.0,0.0,150.0,283.0,165.0,127.0,110.0,0.0,0.0,3.0,0.0,242.0,189.0,251.0,0.0,0.0,87.0,0.0,54.0,0.0,182.0,207.0,0.0,0.0,0.0,152.0,0.0,0.0,202.0,0.0,0.0,0.0,0.0,0.0,0.0,552.0,446.0,2.0,0.0,674.0,242.0,0.0
2021-11-01 06:00:00+00:00,0.0,0.0,61.0,218.0,174.0,153.0,117.0,0.0,31.0,79.0,0.0,148.0,150.0,245.0,0.0,0.0,114.0,0.0,62.0,0.0,108.0,7.0,0.0,0.0,0.0,0.0,0.0,0.0,202.0,0.0,0.0,42.0,0.0,0.0,0.0,514.0,350.0,14.0,0.0,676.0,205.0,0.0
2021-11-01 07:00:00+00:00,0.0,0.0,28.0,206.0,250.0,226.0,166.0,0.0,149.0,102.0,0.0,164.0,114.0,258.0,0.0,0.0,132.0,0.0,56.0,0.0,55.0,0.0,0.0,0.0,0.0,0.0,0.0,0.0,201.0,0.0,0.0,87.0,0.0,0.0,0.0,492.0,314.0,34.0,0.0,722.0,186.0,0.0
2021-11-01 08:00:00+00:00,0.0,0.0,98.0,231.0,245.0,488.0,277.0,0.0,94.0,56.0,0.0,241.0,124.0,272.0,0.0,0.0,79.0,0.0,12.0,0.0,101.0,0.0,0.0,0.0,0.0,0.0,0.0,0.0,696.0,0.0,0.0,25.0,0.0,0.0,0.0,454.0,336.0,3.0,0.0,745.0,213.0,0.0
2021-11-01 09:00:00+00:00,0.0,0.0,138.0,245.0,282.0,515.0,191.0,0.0,70.0,84.0,0.0,206.0,109.0,276.0,0.0,0.0,71.0,0.0,40.0,0.0,157.0,0.0,0.0,0.0,0.0,26.0,0.0,0.0,965.0,0.0,0.0,0.0,0.0,0.0,0.0,416.0,352.0,2.0,0.0,735.0,241.0,0.0
2021-11-01 10:00:00+00:00,0.0,0.0,183.0,276.0,309.0,515.0,241.0,0.0,7.0,65.0,0.0,304.0,115.0,279.0,0.0,0.0,69.0,0.0,26.0,0.0,133.0,7.0,0.0,0.0,0.0,111.0,0.0,0.0,975.0,0.0,0.0,0.0,0.0,0.0,0.0,426.0,374.0,1.0,0.0,735.0,275.0,0.0
2021-11-01 11:00:00+00:00,0.0,0.0,118.0,299.0,314.0,398.0,193.0,0.0,0.0,41.0,0.0,257.0,84.0,263.0,0.0,0.0,73.0,0.0,35.0,0.0,132.0,50.0,0.0,0.0,0.0,161.0,0.0,0.0,654.0,0.0,0.0,0.0,0.0,0.0,0.0,389.0,377.0,2.0,0.0,696.0,285.0,0.0
2021-11-01 12:00:00+00:00,9.0,0.0,126.0,287.0,307.0,320.0,295.0,0.0,0.0,9.0,0.0,291.0,85.0,239.0,0.0,0.0,71.0,0.0,6.0,0.0,64.0,69.0,0.0,0.0,0.0,123.0,0.0,0.0,248.0,0.0,0.0,0.0,0.0,0.0,0.0,383.0,418.0,3.0,0.0,658.0,272.0,0.0
2021-11-01 13:00:00+00:00,14.0,0.0,97.0,267.0,282.0,353.0,372.0,0.0,0.0,7.0,0.0,319.0,85.0,218.0,0.0,0.0,85.0,0.0,0.0,0.0,88.0,58.0,0.0,0.0,0.0,87.0,0.0,0.0,204.0,27.0,0.0,0.0,0.0,0.0,0.0,467.0,413.0,6.0,0.0,647.0,275.0,0.0
2021-11-01 14:00:00+00:00,0.0,0.0,58.0,201.0,296.0,425.0,425.0,0.0,63.0,86.0,0.0,209.0,24.0,169.0,0.0,0.0,120.0,0.0,0.0,0.0,2.0,1.0,0.0,0.0,0.0,0.0,0.0,0.0,205.0,33.0,0.0,46.0,0.0,0.0,0.0,526.0,305.0,24.0,0.0,519.0,202.0,0.0
2021-11-01 15:00:00+00:00,1.0,0.0,19.0,197.0,266.0,422.0,404.0,0.0,100.0,30.0,0.0,98.0,50.0,156.0,0.0,154.0,144.0,0.0,0.0,0.0,0.0,0.0,0.0,0.0,0.0,0.0,0.0,0.0,205.0,35.0,0.0,157.0,0.0,0.0,0.0,623.0,321.0,46.0,0.0,528.0,171.0,0.0
2021-11-01 16:00:00+00:00,2.0,0.0,20.0,186.0,252.0,445.0,469.0,0.0,124.0,34.0,0.0,33.0,27.0,148.0,0.0,211.0,179.0,0.0,0.0,0.0,0.0,0.0,0.0,0.0,0.0,0.0,0.0,0.0,204.0,37.0,0.0,321.0,0.0,0.0,0.0,606.0,296.0,53.0,0.0,517.0,155.0,0.0
2021-11-01 17:00:00+00:00,10.0,86.0,46.0,181.0,239.0,441.0,455.0,0.0,86.0,10.0,0.0,0.0,12.0,135.0,0.0,206.0,184.0,0.0,0.0,0.0,0.0,0.0,0.0,0.0,0.0,0.0,0.0,0.0,205.0,43.0,0.0,366.0,0.0,0.0,0.0,649.0,291.0,18.0,0.0,561.0,173.0,0.0
2021-11-01 18:00:00+00:00,39.0,167.0,85.0,238.0,293.0,610.0,453.0,0.0,6.0,1.0,0.0,0.0,0.0,123.0,0.0,244.0,173.0,0.0,0.0,0.0,0.0,17.0,0.0,0.0,0.0,0.0,0.0,0.0,672.0,60.0,0.0,300.0,0.0,0.0,31.0,544.0,386.0,8.0,0.0,473.0,184.0,0.0
2021-11-01 19:00:00+00:00,95.0,0.0,198.0,285.0,300.0,563.0,580.0,0.0,0.0,0.0,0.0,41.0,0.0,136.0,0.0,207.0,152.0,0.0,0.0,0.0,0.0,129.0,0.0,0.0,0.0,0.0,0.0,0.0,667.0,30.0,0.0,159.0,0.0,0.0,11.0,510.0,417.0,0.0,0.0,463.0,207.0,0.0
2021-11-01 20:00:00+00:00,80.0,0.0,233.0,359.0,366.0,536.0,567.0,0.0,0.0,0.0,0.0,146.0,0.0,162.0,0.0,167.0,123.0,0.0,0.0,0.0,0.0,206.0,0.0,0.0,0.0,35.0,0.0,0.0,445.0,39.0,0.0,0.0,0.0,0.0,7.0,485.0,522.0,0.0,0.0,418.0,278.0,0.0
2021-11-01 21:00:00+00:00,13.0,0.0,250.0,366.0,388.0,513.0,535.0,0.0,0.0,10.0,0.0,405.0,14.0,168.0,0.0,91.0,94.0,0.0,0.0,0.0,0.0,140.0,0.0,0.0,0.0,103.0,0.0,0.0,210.0,38.0,0.0,0.0,0.0,0.0,0.0,507.0,493.0,0.0,0.0,511.0,284.0,0.0
2021-11-01 22:00:00+00:00,59.0,0.0,270.0,384.0,371.0,443.0,562.0,0.0,0.0,4.0,0.0,266.0,0.0,174.0,0.0,89.0,67.0,0.0,0.0,0.0,0.0,239.0,0.0,0.0,0.0,117.0,0.0,0.0,213.0,34.0,0.0,0.0,0.0,0.0,12.0,388.0,515.0,0.0,0.0,432.0,365.0,0.0
2021-11-01 23:00:00+00:00,5.0,0.0,327.0,419.0,441.0,500.0,526.0,0.0,0.0,37.0,0.0,328.0,47.0,200.0,0.0,0.0,51.0,0.0,0.0,0.0,248.0,216.0,0.0,0.0,0.0,260.0,0.0,0.0,195.0,32.0,0.0,0.0,0.0,0.0,0.0,352.0,593.0,0.0,0.0,315.0,434.0,0.0
2021-11-02 00:00:00+00:00,0.0,0.0,344.0,435.0,470.0,465.0,470.0,0.0,0.0,68.0,0.0,187.0,32.0,186.0,0.0,0.0,41.0,0.0,0.0,0.0,336.0,264.0,0.0,0.0,0.0,301.0,0.0,0.0,201.0,25.0,0.0,0.0,0.0,0.0,0.0,307.0,634.0,1.0,0.0,280.0,433.0,0.0
2021-11-02 01:00:00+00:00,0.0,0.0,363.0,433.0,481.0,467.0,511.0,0.0,0.0,100.0,0.0,78.0,0.0,155.0,0.0,0.0,37.0,0.0,0.0,0.0,416.0,278.0,0.0,0.0,0.0,285.0,0.0,0.0,203.0,22.0,0.0,0.0,0.0,0.0,21.0,265.0,616.0,0.0,0.0,242.0,428.0,0.0
2021-11-02 02:00:00+00:00,0.0,0.0,270.0,389.0,404.0,488.0,553.0,0.0,0.0,80.0,0.0,157.0,0.0,152.0,0.0,0.0,37.0,0.0,0.0,0.0,512.0,293.0,0.0,0.0,0.0,249.0,0.0,0.0,423.0,2.0,0.0,0.0,0.0,0.0,5.0,289.0,536.0,0.0,0.0,273.0,421.0,0.0
2021-11-02 03:00:00+00:00,0.0,0.0,342.0,417.0,453.0,497.0,592.0,0.0,0.0,120.0,0.0,72.0,0.0,142.0,0.0,0.0,43.0,0.0,1.0,0.0,491.0,262.0,0.0,0.0,0.0,258.0,0.0,0.0,740.0,0.0,0.0,0.0,0.0,0.0,35.0,333.0,596.0,0.0,0.0,291.0,393.0,0.0
2021-11-02 04:00:00+00:00,0.0,0.0,241.0,335.0,376.0,463.0,471.0,0.0,0.0,99.0,0.0,195.0,26.0,155.0,0.0,0.0,62.0,0.0,0.0,0.0,343.0,159.0,0.0,0.0,0.0,188.0,0.0,0.0,596.0,22.0,0.0,0.0,0.0,0.0,0.0,457.0,519.0,0.0,0.0,447.0,286.0,0.0
2021-11-02 05:00:00+00:00,0.0,43.0,174.0,264.0,330.0,383.0,495.0,0.0,24.0,108.0,0.0,0.0,0.0,143.0,0.0,0.0,96.0,0.0,0.0,0.0,158.0,18.0,0.0,0.0,0.0,67.0,0.0,0.0,587.0,28.0,0.0,0.0,0.0,0.0,42.0,465.0,460.0,1.0,0.0,411.0,275.0,0.0
2021-11-02 06:00:00+00:00,0.0,211.0,96.0,178.0,298.0,458.0,479.0,0.0,246.0,200.0,0.0,0.0,0.0,128.0,0.0,64.0,113.0,0.0,0.0,0.0,0.0,0.0,0.0,0.0,0.0,0.0,0.0,0.0,588.0,32.0,0.0,180.0,0.0,0.0,77.0,330.0,381.0,6.0,0.0,335.0,228.0,0.0
2021-11-02 07:00:00+00:00,0.0,345.0,188.0,223.0,294.0,457.0,497.0,0.0,185.0,105.0,0.0,0.0,0.0,141.0,0.0,220.0,90.0,0.0,0.0,0.0,0.0,0.0,0.0,0.0,0.0,0.0,0.0,0.0,588.0,35.0,0.0,197.0,0.0,0.0,46.0,216.0,465.0,0.0,0.0,299.0,189.0,0.0
2021-11-02 08:00:00+00:00,0.0,566.0,165.0,211.0,362.0,574.0,561.0,0.0,349.0,219.0,0.0,0.0,0.0,119.0,0.0,444.0,67.0,0.0,0.0,0.0,0.0,0.0,0.0,0.0,0.0,0.0,0.0,0.0,1122.0,11.0,0.0,149.0,0.0,0.0,133.0,117.0,457.0,1.0,0.0,163.0,212.0,0.0
2021-11-02 09:00:00+00:00,0.0,765.0,208.0,214.0,408.0,583.0,601.0,0.0,377.0,253.0,0.0,0.0,0.0,109.0,0.0,509.0,47.0,0.0,0.0,0.0,0.0,0.0,0.0,0.0,0.0,0.0,0.0,0.0,1385.0,13.0,0.0,6.0,0.0,0.0,180.0,105.0,481.0,0.0,0.0,120.0,247.0,0.0
2021-11-02 10:00:00+00:00,0.0,807.0,282.0,251.0,451.0,567.0,605.0,0.0,316.0,256.0,0.0,0.0,0.0,104.0,0.0,510.0,30.0,0.0,0.0,0.0,0.0,0.0,0.0,0.0,0.0,94.0,0.0,0.0,1352.0,20.0,0.0,0.0,0.0,0.0,224.0,73.0,526.0,0.0,0.0,38.0,275.0,0.0
2021-11-02 11:00:00+00:00,0.0,744.0,222.0,266.0,477.0,575.0,622.0,0.0,307.0,252.0,0.0,0.0,0.0,91.0,0.0,487.0,34.0,0.0,0.0,0.0,0.0,0.0,0.0,0.0,0.0,182.0,0.0,26.0,1063.0,15.0,0.0,0.0,0.0,0.0,231.0,57.0,515.0,1.0,0.0,0.0,288.0,0.0
2021-11-02 12:00:00+00:00,0.0,800.0,206.0,261.0,463.0,515.0,567.0,0.0,288.0,232.0,0.0,0.0,0.0,76.0,0.0,485.0,42.0,0.0,0.0,0.0,0.0,0.0,0.0,0.0,0.0,205.0,0.0,83.0,634.0,35.0,0.0,0.0,0.0,0.0,258.0,33.0,486.0,0.0,0.0,0.0,282.0,0.0
2021-11-02 13:00:00+00:00,0.0,840.0,124.0,240.0,451.0,523.0,569.0,0.0,317.0,248.0,0.0,0.0,0.0,64.0,0.0,425.0,63.0,0.0,0.0,0.0,0.0,0.0,0.0,0.0,0.0,123.0,0.0,107.0,579.0,35.0,0.0,0.0,0.0,0.0,267.0,52.0,404.0,2.0,0.0,0.0,267.0,0.0
2021-11-02 14:00:00+00:00,0.0,901.0,111.0,216.0,398.0,557.0,594.0,0.0,254.0,165.0,0.0,0.0,0.0,49.0,0.0,430.0,57.0,0.0,0.0,0.0,0.0,0.0,0.0,0.0,0.0,43.0,0.0,98.0,579.0,35.0,0.0,0.0,0.0,0.0,245.0,153.0,362.0,3.0,0.0,0.0,205.0,0.0
2021-11-02 15:00:00+00:00,20.0,670.0,115.0,276.0,402.0,538.0,571.0,0.0,91.0,5.0,0.0,0.0,0.0,75.0,0.0,452.0,39.0,0.0,0.0,0.0,0.0,0.0,0.0,0.0,0.0,0.0,0.0,0.0,579.0,29.0,0.0,22.0,0.0,0.0,155.0,249.0,397.0,4.0,0.0,24.0,177.0,0.0
2021-11-02 16:00:00+00:00,13.0,754.0,145.0,270.0,403.0,519.0,564.0,0.0,120.0,6.0,0.0,0.0,0.0,59.0,0.0,452.0,0.0,0.0,0.0,0.0,0.0,0.0,0.0,0.0,0.0,0.0,0.0,0.0,579.0,27.0,0.0,209.0,0.0,0.0,192.0,278.0,373.0,1.0,0.0,66.0,153.0,0.0
2021-11-02 17:00:00+00:00,7.0,821.0,154.0,287.0,403.0,519.0,561.0,0.0,79.0,10.0,0.0,0.0,0.0,63.0,0.0,417.0,0.0,0.0,0.0,0.0,0.0,0.0,0.0,1.0,0.0,0.0,0.0,0.0,580.0,37.0,0.0,296.0,0.0,0.0,191.0,285.0,383.0,2.0,0.0,72.0,162.0,0.0
2021-11-02 18:00:00+00:00,84.0,566.0,184.0,316.0,376.0,552.0,525.0,0.0,1.0,0.0,0.0,0.0,0.0,98.0,0.0,280.0,0.0,0.0,0.0,0.0,0.0,64.0,0.0,0.0,0.0,0.0,0.0,0.0,1031.0,74.0,0.0,238.0,0.0,0.0,97.0,324.0,428.0,0.0,0.0,174.0,128.0,0.0
2021-11-02 19:00:00+00:00,15.0,442.0,165.0,331.0,402.0,595.0,544.0,0.0,4.0,11.0,0.0,0.0,0.0,130.0,0.0,88.0,44.0,0.0,0.0,0.0,0.0,52.0,0.0,0.0,0.0,0.0,0.0,0.0,1158.0,95.0,0.0,126.0,0.0,0.0,86.0,295.0,472.0,6.0,0.0,185.0,125.0,0.0
2021-11-02 20:00:00+00:00,0.0,208.0,239.0,386.0,488.0,655.0,565.0,0.0,4.0,97.0,0.0,0.0,0.0,169.0,0.0,0.0,96.0,0.0,0.0,0.0,162.0,34.0,0.0,0.0,0.0,110.0,0.0,0.0,1355.0,55.0,0.0,0.0,0.0,0.0,37.0,269.0,531.0,1.0,0.0,163.0,207.0,0.0
2021-11-02 21:00:00+00:00,0.0,0.0,398.0,383.0,454.0,539.0,496.0,0.0,1.0,115.0,0.0,89.0,36.0,178.0,0.0,0.0,91.0,0.0,0.0,0.0,323.0,49.0,0.0,0.0,0.0,204.0,0.0,0.0,1087.0,35.0,0.0,0.0,0.0,0.0,0.0,325.0,477.0,0.0,0.0,301.0,182.0,0.0
2021-11-02 22:00:00+00:00,0.0,0.0,477.0,427.0,493.0,572.0,545.0,0.0,0.0,108.0,0.0,130.0,29.0,203.0,0.0,0.0,66.0,0.0,0.0,0.0,395.0,132.0,0.0,0.0,0.0,376.0,0.0,0.0,911.0,28.0,0.0,0.0,0.0,0.0,0.0,248.0,493.0,0.0,0.0,256.0,272.0,0.0
2021-11-02 23:00:00+00:00,0.0,0.0,510.0,509.0,644.0,589.0,573.0,0.0,2.0,238.0,0.0,8.0,0.0,163.0,0.0,0.0,51.0,0.0,0.0,0.0,351.0,96.0,0.0,0.0,0.0,466.0,0.0,0.0,510.0,31.0,0.0,0.0,0.0,0.0,75.0,108.0,576.0,0.0,0.0,106.0,258.0,0.0
2021-11-03 00:00:00+00:00,0.0,0.0,737.0,506.0,556.0,566.0,587.0,0.0,0.0,57.0,0.0,135.0,0.0,158.0,0.0,0.0,40.0,0.0,0.0,0.0,306.0,319.0,0.0,0.0,0.0,462.0,0.0,0.0,457.0,32.0,0.0,0.0,0.0,0.0,21.0,108.0,500.0,0.0,0.0,137.0,229.0,0.0
2021-11-03 01:00:00+00:00,0.0,0.0,736.0,496.0,533.0,570.0,564.0,0.0,0.0,55.0,0.0,48.0,0.0,158.0,0.0,0.0,35.0,0.0,0.0,0.0,336.0,378.0,0.0,0.0,0.0,477.0,0.0,0.0,445.0,42.0,0.0,0.0,0.0,0.0,19.0,107.0,480.0,0.0,0.0,138.0,221.0,0.0
2021-11-03 02:00:00+00:00,0.0,0.0,742.0,493.0,528.0,544.0,534.0,0.0,0.0,66.0,0.0,58.0,0.0,151.0,0.0,0.0,37.0,0.0,0.0,0.0,374.0,384.0,0.0,0.0,0.0,458.0,0.0,0.0,443.0,47.0,0.0,0.0,0.0,0.0,24.0,88.0,493.0,0.0,0.0,131.0,213.0,0.0
2021-11-03 03:00:00+00:00,0.0,0.0,635.0,494.0,536.0,556.0,524.0,0.0,0.0,67.0,0.0,20.0,0.0,144.0,0.0,0.0,42.0,0.0,0.0,0.0,371.0,371.0,0.0,0.0,0.0,452.0,0.0,0.0,661.0,51.0,0.0,0.0,0.0,0.0,44.0,114.0,539.0,0.0,0.0,128.0,193.0,0.0
2021-11-03 04:00:00+00:00,0.0,0.0,434.0,476.0,531.0,553.0,530.0,0.0,0.0,70.0,0.0,40.0,0.0,146.0,0.0,0.0,63.0,0.0,0.0,0.0,258.0,302.0,0.0,0.0,0.0,387.0,0.0,0.0,1024.0,35.0,0.0,0.0,0.0,0.0,38.0,226.0,649.0,0.0,0.0,132.0,98.0,0.0
2021-11-03 05:00:00+00:00,0.0,15.0,370.0,408.0,445.0,470.0,481.0,0.0,0.0,49.0,0.0,0.0,0.0,161.0,0.0,0.0,29.0,0.0,0.0,0.0,196.0,222.0,0.0,0.0,0.0,319.0,0.0,0.0,1091.0,46.0,0.0,0.0,0.0,0.0,28.0,276.0,581.0,0.0,0.0,167.0,111.0,0.0
2021-11-03 06:00:00+00:00,0.0,9.0,269.0,335.0,395.0,422.0,447.0,0.0,7.0,189.0,0.0,0.0,0.0,175.0,0.0,0.0,0.0,0.0,0.0,0.0,186.0,23.0,0.0,0.0,0.0,78.0,0.0,0.0,1063.0,29.0,0.0,0.0,0.0,0.0,35.0,274.0,469.0,1.0,0.0,174.0,96.0,0.0
2021-11-03 07:00:00+00:00,0.0,198.0,268.0,353.0,439.0,432.0,435.0,0.0,43.0,183.0,0.0,0.0,0.0,170.0,0.0,0.0,0.0,0.0,0.0,0.0,134.0,3.0,0.0,0.0,0.0,0.0,0.0,0.0,1061.0,23.0,0.0,59.0,0.0,0.0,52.0,249.0,463.0,2.0,0.0,174.0,83.0,0.0
2021-11-03 08:00:00+00:00,0.0,245.0,279.0,429.0,661.0,501.0,487.0,0.0,145.0,296.0,0.0,0.0,0.0,169.0,0.0,0.0,0.0,0.0,0.0,0.0,69.0,0.0,0.0,0.0,0.0,0.0,0.0,0.0,1309.0,3.0,0.0,225.0,0.0,0.0,96.0,187.0,492.0,0.0,0.0,123.0,59.0,0.0
2021-11-03 09:00:00+00:00,0.0,382.0,267.0,443.0,732.0,480.0,492.0,0.0,196.0,334.0,0.0,0.0,0.0,162.0,0.0,183.0,0.0,0.0,0.0,0.0,0.0,0.0,0.0,0.0,0.0,0.0,0.0,0.0,1394.0,24.0,0.0,225.0,0.0,0.0,143.0,142.0,491.0,0.0,0.0,77.0,67.0,0.0
2021-11-03 10:00:00+00:00,0.0,473.0,158.0,337.0,614.0,490.0,503.0,0.0,338.0,402.0,0.0,0.0,0.0,158.0,0.0,235.0,0.0,0.0,0.0,0.0,0.0,0.0,0.0,0.0,0.0,0.0,0.0,9.0,1372.0,22.0,0.0,57.0,0.0,0.0,166.0,84.0,405.0,0.0,0.0,15.0,85.0,0.0
2021-11-03 11:00:00+00:00,0.0,353.0,147.0,279.0,505.0,521.0,516.0,0.0,307.0,375.0,0.0,0.0,0.0,152.0,0.0,184.0,0.0,0.0,0.0,0.0,0.0,0.0,0.0,0.0,0.0,32.0,0.0,2.0,1369.0,17.0,0.0,0.0,0.0,0.0,150.0,98.0,391.0,2.0,0.0,13.0,98.0,0.0
2021-11-03 12:00:00+00:00,0.0,300.0,103.0,250.0,462.0,476.0,493.0,0.0,332.0,352.0,0.0,0.0,0.0,139.0,0.0,181.0,0.0,0.0,0.0,0.0,0.0,0.0,0.0,0.0,0.0,13.0,0.0,0.0,1088.0,31.0,0.0,0.0,0.0,0.0,143.0,141.0,313.0,2.0,0.0,59.0,92.0,0.0
2021-11-03 13:00:00+00:00,0.0,319.0,101.0,227.0,407.0,468.0,497.0,0.0,321.0,322.0,0.0,0.0,0.0,109.0,0.0,251.0,0.0,0.0,0.0,0.0,0.0,0.0,0.0,0.0,0.0,0.0,0.0,0.0,1072.0,28.0,0.0,45.0,0.0,0.0,150.0,168.0,302.0,5.0,0.0,74.0,90.0,0.0
2021-11-03 14:00:00+00:00,0.0,74.0,143.0,237.0,322.0,490.0,501.0,0.0,121.0,180.0,0.0,0.0,0.0,99.0,0.0,260.0,0.0,0.0,0.0,0.0,0.0,0.0,0.0,0.0,0.0,0.0,0.0,0.0,1072.0,14.0,0.0,77.0,0.0,0.0,72.0,245.0,316.0,2.0,0.0,171.0,75.0,0.0
2021-11-03 15:00:00+00:00,0.0,17.0,96.0,227.0,288.0,535.0,505.0,0.0,107.0,142.0,0.0,0.0,0.0,127.0,0.0,192.0,0.0,0.0,0.0,0.0,0.0,0.0,0.0,0.0,0.0,0.0,0.0,0.0,1072.0,10.0,0.0,212.0,0.0,0.0,12.0,324.0,339.0,2.0,0.0,269.0,52.0,0.0
2021-11-03 16:00:00+00:00,0.0,48.0,81.0,227.0,279.0,489.0,488.0,0.0,101.0,137.0,0.0,0.0,0.0,128.0,0.0,80.0,0.0,0.0,0.0,0.0,0.0,0.0,0.0,0.0,0.0,0.0,0.0,0.0,1071.0,13.0,0.0,242.0,0.0,0.0,0.0,367.0,304.0,6.0,0.0,307.0,63.0,0.0
2021-11-03 17:00:00+00:00,0.0,151.0,118.0,251.0,306.0,468.0,504.0,0.0,78.0,131.0,0.0,0.0,0.0,116.0,0.0,101.0,0.0,0.0,0.0,0.0,0.0,0.0,0.0,0.0,0.0,0.0,0.0,0.0,1070.0,34.0,0.0,250.0,0.0,0.0,27.0,350.0,307.0,3.0,0.0,290.0,63.0,0.0
2021-11-03 18:00:00+00:00,0.0,51.0,166.0,287.0,319.0,451.0,515.0,0.0,22.0,120.0,0.0,0.0,0.0,135.0,0.0,0.0,51.0,0.0,0.0,0.0,49.0,4.0,0.0,0.0,0.0,0.0,0.0,0.0,1305.0,57.0,0.0,162.0,0.0,0.0,5.0,339.0,353.0,1.0,0.0,284.0,59.0,0.0
2021-11-03 19:00:00+00:00,0.0,0.0,219.0,347.0,378.0,510.0,556.0,0.0,0.0,126.0,0.0,43.0,0.0,158.0,0.0,0.0,100.0,0.0,0.0,0.0,2.0,41.0,0.0,0.0,0.0,0.0,0.0,0.0,1337.0,60.0,0.0,59.0,0.0,0.0,11.0,300.0,430.0,0.0,0.0,239.0,66.0,0.0
2021-11-03 20:00:00+00:00,0.0,5.0,254.0,378.0,434.0,551.0,632.0,0.0,4.0,207.0,0.0,0.0,0.0,150.0,0.0,76.0,126.0,0.0,0.0,0.0,0.0,32.0,0.0,0.0,0.0,136.0,0.0,0.0,1426.0,52.0,0.0,0.0,0.0,0.0,53.0,244.0,474.0,0.0,0.0,137.0,114.0,0.0
2021-11-03 21:00:00+00:00,0.0,0.0,261.0,424.0,472.0,484.0,616.0,0.0,3.0,209.0,0.0,9.0,0.0,134.0,0.0,0.0,97.0,0.0,0.0,0.0,55.0,45.0,0.0,0.0,0.0,233.0,0.0,0.0,1370.0,54.0,0.0,0.0,0.0,0.0,43.0,242.0,545.0,0.0,0.0,137.0,134.0,0.0
2021-11-03 22:00:00+00:00,0.0,111.0,290.0,466.0,517.0,545.0,605.0,0.0,0.0,161.0,0.0,0.0,0.0,123.0,0.0,0.0,71.0,0.0,0.0,0.0,244.0,111.0,0.0,0.0,0.0,321.0,0.0,11.0,1354.0,45.0,0.0,0.0,0.0,0.0,127.0,115.0,574.0,0.0,0.0,20.0,245.0,0.0
2021-11-03 23:00:00+00:00,0.0,3.0,357.0,522.0,585.0,630.0,649.0,0.0,0.0,154.0,0.0,0.0,0.0,130.0,0.0,0.0,54.0,0.0,0.0,0.0,454.0,176.0,0.0,0.0,0.0,424.0,0.0,40.0,1373.0,44.0,0.0,0.0,0.0,0.0,99.0,7.0,648.0,0.0,11.0,0.0,289.0,0.0
2021-11-04 00:00:00+00:00,0.0,90.0,335.0,511.0,551.0,656.0,649.0,0.0,0.0,119.0,0.0,0.0,0.0,107.0,0.0,0.0,43.0,0.0,0.0,0.0,482.0,263.0,0.0,0.0,0.0,446.0,0.0,74.0,1372.0,54.0,0.0,0.0,0.0,0.0,140.0,0.0,641.0,0.0,48.0,0.0,300.0,0.0
2021-11-04 01:00:00+00:00,0.0,204.0,304.0,503.0,554.0,651.0,649.0,0.0,0.0,123.0,0.0,0.0,0.0,86.0,0.0,0.0,39.0,0.0,0.0,0.0,486.0,291.0,0.0,0.0,0.0,412.0,0.0,104.0,1369.0,53.0,0.0,0.0,0.0,0.0,169.0,0.0,635.0,0.0,77.0,0.0,297.0,0.0
2021-11-04 02:00:00+00:00,0.0,188.0,293.0,500.0,542.0,673.0,649.0,0.0,0.0,113.0,0.0,0.0,0.0,72.0,0.0,0.0,39.0,0.0,0.0,0.0,495.0,318.0,0.0,0.0,0.0,405.0,0.0,136.0,1371.0,59.0,0.0,0.0,0.0,0.0,181.0,0.0,621.0,0.0,100.0,0.0,302.0,0.0
2021-11-04 03:00:00+00:00,0.0,188.0,318.0,490.0,536.0,712.0,643.0,0.0,0.0,130.0,0.0,0.0,0.0,55.0,0.0,0.0,46.0,0.0,0.0,0.0,496.0,300.0,0.0,0.0,0.0,406.0,0.0,182.0,1373.0,71.0,0.0,0.0,0.0,0.0,187.0,0.0,630.0,0.0,49.0,0.0,212.0,0.0
2021-11-04 04:00:00+00:00,0.0,157.0,393.0,479.0,512.0,757.0,537.0,0.0,0.0,85.0,0.0,0.0,0.0,78.0,0.0,0.0,66.0,0.0,0.0,0.0,387.0,291.0,0.0,0.0,0.0,319.0,0.0,65.0,1370.0,96.0,0.0,0.0,0.0,0.0,115.0,88.0,670.0,0.0,0.0,0.0,154.0,0.0
2021-11-04 05:00:00+00:00,7.0,3.0,398.0,426.0,403.0,588.0,428.0,0.0,0.0,20.0,0.0,0.0,0.0,108.0,0.0,0.0,16.0,0.0,0.0,0.0,464.0,273.0,0.0,0.0,0.0,227.0,0.0,11.0,1369.0,103.0,0.0,0.0,0.0,0.0,86.0,167.0,595.0,0.0,0.0,35.0,141.0,0.0
2021-11-04 06:00:00+00:00,0.0,92.0,228.0,368.0,376.0,650.0,316.0,0.0,2.0,175.0,0.0,0.0,0.0,103.0,0.0,0.0,0.0,0.0,0.0,0.0,306.0,73.0,0.0,0.0,0.0,65.0,0.0,,1126.0,145.0,0.0,0.0,0.0,0.0,107.0,180.0,556.0,0.0,0.0,,148.0,0.0
2021-11-04 07:00:00+00:00,0.0,198.0,187.0,355.0,465.0,696.0,413.0,0.0,127.0,320.0,0.0,0.0,0.0,89.0,0.0,0.0,0.0,0.0,0.0,0.0,459.0,0.0,0.0,0.0,0.0,15.0,0.0,29.0,943.0,157.0,0.0,0.0,0.0,0.0,173.0,146.0,505.0,1.0,0.0,1.0,176.0,0.0
2021-11-04 08:00:00+00:00,0.0,256.0,227.0,389.0,485.0,658.0,445.0,0.0,29.0,265.0,0.0,0.0,0.0,88.0,0.0,0.0,0.0,0.0,0.0,0.0,387.0,2.0,0.0,0.0,0.0,132.0,0.0,56.0,949.0,136.0,0.0,0.0,0.0,0.0,185.0,125.0,534.0,0.0,0.0,0.0,181.0,0.0
2021-11-04 09:00:00+00:00,0.0,145.0,170.0,385.0,523.0,607.0,473.0,0.0,100.0,340.0,0.0,0.0,0.0,97.0,0.0,0.0,0.0,0.0,0.0,0.0,293.0,0.0,0.0,0.0,0.0,196.0,0.0,29.0,1035.0,121.0,0.0,0.0,0.0,0.0,168.0,134.0,496.0,1.0,0.0,0.0,169.0,0.0
2021-11-04 10:00:00+00:00,0.0,192.0,184.0,397.0,548.0,618.0,446.0,0.0,86.0,324.0,0.0,0.0,0.0,102.0,0.0,0.0,0.0,0.0,0.0,0.0,269.0,0.0,0.0,0.0,0.0,86.0,0.0,49.0,1001.0,118.0,0.0,0.0,0.0,0.0,161.0,116.0,503.0,0.0,0.0,0.0,169.0,0.0
2021-11-04 11:00:00+00:00,0.0,148.0,202.0,389.0,539.0,598.0,478.0,0.0,55.0,301.0,0.0,0.0,0.0,104.0,0.0,0.0,0.0,0.0,0.0,0.0,274.0,0.0,0.0,0.0,0.0,49.0,0.0,9.0,1151.0,103.0,0.0,0.0,0.0,0.0,136.0,151.0,530.0,0.0,0.0,0.0,157.0,0.0
2021-11-04 12:00:00+00:00,0.0,89.0,188.0,378.0,512.0,652.0,445.0,0.0,37.0,304.0,0.0,0.0,0.0,114.0,0.0,0.0,0.0,0.0,0.0,0.0,283.0,1.0,0.0,0.0,0.0,126.0,0.0,1.0,1369.0,106.0,0.0,0.0,0.0,0.0,123.0,193.0,517.0,2.0,0.0,34.0,144.0,0.0
2021-11-04 13:00:00+00:00,0.0,173.0,138.0,348.0,443.0,648.0,452.0,0.0,46.0,288.0,0.0,0.0,0.0,108.0,0.0,0.0,0.0,0.0,0.0,0.0,200.0,1.0,0.0,0.0,0.0,157.0,0.0,0.0,1370.0,104.0,0.0,0.0,0.0,0.0,119.0,228.0,449.0,2.0,0.0,72.0,159.0,0.0
2021-11-04 14:00:00+00:00,0.0,304.0,144.0,330.0,395.0,569.0,474.0,0.0,20.0,254.0,0.0,0.0,0.0,110.0,0.0,0.0,0.0,0.0,0.0,0.0,215.0,9.0,0.0,0.0,0.0,59.0,0.0,0.0,1370.0,75.0,0.0,0.0,0.0,0.0,103.0,265.0,450.0,4.0,0.0,99.0,153.0,0.0
2021-11-04 15:00:00+00:00,0.0,270.0,114.0,353.0,376.0,572.0,480.0,0.0,0.0,141.0,0.0,0.0,0.0,120.0,0.0,0.0,0.0,0.0,0.0,0.0,166.0,89.0,0.0,0.0,0.0,28.0,0.0,0.0,1369.0,75.0,0.0,0.0,0.0,0.0,50.0,293.0,479.0,2.0,0.0,151.0,136.0,0.0
2021-11-04 16:00:00+00:00,0.0,319.0,104.0,372.0,412.0,555.0,498.0,0.0,0.0,161.0,0.0,0.0,0.0,132.0,0.0,0.0,0.0,0.0,0.0,0.0,242.0,66.0,0.0,0.0,0.0,0.0,0.0,0.0,1370.0,69.0,0.0,73.0,0.0,0.0,65.0,327.0,470.0,6.0,0.0,174.0,154.0,0.0
2021-11-04 17:00:00+00:00,0.0,320.0,127.0,357.0,404.0,554.0,469.0,0.0,1.0,191.0,0.0,0.0,0.0,119.0,0.0,0.0,0.0,0.0,0.0,0.0,296.0,31.0,0.0,0.0,0.0,0.0,0.0,0.0,1370.0,60.0,0.0,56.0,0.0,0.0,72.0,324.0,455.0,0.0,0.0,193.0,136.0,0.0
2021-11-04 18:00:00+00:00,0.0,310.0,149.0,369.0,423.0,518.0,319.0,0.0,2.0,223.0,0.0,0.0,0.0,122.0,0.0,0.0,51.0,0.0,0.0,0.0,399.0,32.0,0.0,0.0,0.0,0.0,0.0,0.0,1331.0,40.0,0.0,3.0,0.0,0.0,91.0,291.0,466.0,2.0,0.0,151.0,142.0,0.0
2021-11-04 19:00:00+00:00,0.0,221.0,200.0,410.0,497.0,503.0,303.0,0.0,1.0,276.0,0.0,0.0,0.0,136.0,0.0,0.0,98.0,0.0,0.0,0.0,395.0,37.0,0.0,0.0,0.0,171.0,0.0,0.0,1351.0,26.0,0.0,0.0,0.0,0.0,84.0,223.0,509.0,0.0,0.0,75.0,151.0,0.0
2021-11-04 20:00:00+00:00,0.0,52.0,296.0,479.0,548.0,437.0,454.0,0.0,0.0,223.0,0.0,0.0,0.0,151.0,0.0,0.0,119.0,0.0,1.0,0.0,299.0,152.0,0.0,0.0,0.0,319.0,0.0,1.0,1416.0,0.0,0.0,0.0,0.0,0.0,45.0,199.0,579.0,0.0,0.0,29.0,183.0,0.0
2021-11-04 21:00:00+00:00,0.0,26.0,283.0,489.0,588.0,433.0,508.0,0.0,0.0,240.0,0.0,0.0,0.0,138.0,0.0,0.0,95.0,0.0,2.0,0.0,257.0,90.0,0.0,0.0,0.0,328.0,0.0,0.0,1340.0,0.0,0.0,0.0,0.0,0.0,27.0,209.0,607.0,0.0,0.0,68.0,189.0,0.0
2021-11-04 22:00:00+00:00,0.0,45.0,370.0,511.0,584.0,575.0,579.0,0.0,0.0,154.0,0.0,0.0,0.0,147.0,0.0,0.0,71.0,0.0,0.0,0.0,401.0,192.0,0.0,0.0,0.0,465.0,0.0,0.0,1355.0,9.0,0.0,0.0,0.0,0.0,40.0,168.0,654.0,0.0,0.0,26.0,239.0,0.0
2021-11-04 23:00:00+00:00,0.0,208.0,334.0,522.0,603.0,709.0,476.0,0.0,0.0,171.0,0.0,0.0,0.0,122.0,0.0,0.0,51.0,0.0,0.0,0.0,595.0,228.0,0.0,0.0,0.0,471.0,0.0,66.0,1377.0,22.0,0.0,0.0,0.0,0.0,107.0,53.0,649.0,0.0,0.0,8.0,258.0,0.0
2021-11-05 00:00:00+00:00,0.0,362.0,330.0,507.0,566.0,670.0,389.0,0.0,0.0,121.0,0.0,0.0,0.0,65.0,0.0,0.0,42.0,0.0,0.0,0.0,578.0,301.0,0.0,0.0,0.0,370.0,0.0,184.0,1223.0,15.0,0.0,0.0,0.0,0.0,202.0,0.0,656.0,0.0,33.0,0.0,292.0,0.0
2021-11-05 01:00:00+00:00,0.0,439.0,332.0,481.0,560.0,635.0,358.0,0.0,0.0,135.0,0.0,0.0,0.0,49.0,0.0,0.0,36.0,0.0,0.0,0.0,602.0,312.0,0.0,0.0,0.0,408.0,0.0,138.0,1071.0,22.0,0.0,0.0,0.0,0.0,231.0,0.0,641.0,0.0,42.0,0.0,237.0,0.0
2021-11-05 02:00:00+00:00,0.0,432.0,317.0,458.0,516.0,627.0,357.0,0.0,0.0,116.0,0.0,0.0,0.0,59.0,0.0,0.0,35.0,0.0,0.0,0.0,602.0,326.0,0.0,0.0,0.0,392.0,0.0,103.0,1081.0,33.0,0.0,0.0,0.0,0.0,223.0,0.0,627.0,0.0,22.0,0.0,225.0,0.0
2021-11-05 03:00:00+00:00,0.0,373.0,290.0,449.0,492.0,642.0,413.0,0.0,0.0,105.0,0.0,0.0,0.0,68.0,0.0,0.0,42.0,0.0,0.0,0.0,602.0,333.0,0.0,0.0,0.0,400.0,0.0,89.0,1083.0,32.0,0.0,0.0,0.0,0.0,197.0,13.0,604.0,0.0,0.0,0.0,211.0,0.0
2021-11-05 04:00:00+00:00,0.0,257.0,298.0,462.0,492.0,567.0,473.0,0.0,0.0,84.0,0.0,0.0,0.0,82.0,0.0,0.0,56.0,0.0,0.0,0.0,597.0,332.0,0.0,0.0,0.0,377.0,0.0,64.0,1115.0,39.0,0.0,0.0,0.0,0.0,152.0,89.0,620.0,0.0,0.0,0.0,187.0,0.0
2021-11-05 05:00:00+00:00,1.0,194.0,277.0,413.0,404.0,498.0,430.0,0.0,0.0,34.0,0.0,0.0,0.0,101.0,0.0,0.0,14.0,0.0,0.0,0.0,507.0,289.0,0.0,0.0,0.0,370.0,0.0,6.0,1344.0,63.0,0.0,0.0,0.0,0.0,102.0,169.0,571.0,0.0,0.0,15.0,159.0,0.0
2021-11-05 06:00:00+00:00,0.0,157.0,206.0,338.0,373.0,399.0,392.0,0.0,0.0,203.0,0.0,0.0,0.0,122.0,0.0,0.0,0.0,0.0,0.0,0.0,492.0,113.0,0.0,0.0,0.0,273.0,0.0,0.0,1339.0,46.0,0.0,0.0,0.0,0.0,45.0,259.0,470.0,0.0,0.0,143.0,114.0,0.0
2021-11-05 07:00:00+00:00,0.0,270.0,162.0,340.0,420.0,426.0,382.0,0.0,11.0,270.0,0.0,0.0,0.0,123.0,0.0,0.0,0.0,0.0,0.0,0.0,358.0,14.0,0.0,0.0,0.0,160.0,0.0,0.0,1340.0,30.0,0.0,0.0,0.0,0.0,83.0,243.0,461.0,0.0,0.0,131.0,114.0,0.0
2021-11-05 08:00:00+00:00,0.0,347.0,154.0,360.0,489.0,466.0,361.0,0.0,61.0,308.0,0.0,0.0,0.0,113.0,0.0,0.0,0.0,0.0,0.0,0.0,271.0,0.0,0.0,0.0,0.0,203.0,0.0,0.0,1349.0,18.0,0.0,0.0,0.0,0.0,121.0,190.0,498.0,0.0,0.0,78.0,111.0,0.0
2021-11-05 09:00:00+00:00,0.0,229.0,170.0,399.0,525.0,477.0,388.0,0.0,49.0,290.0,0.0,0.0,0.0,131.0,0.0,0.0,0.0,0.0,0.0,0.0,278.0,0.0,0.0,0.0,0.0,253.0,0.0,0.0,1408.0,17.0,0.0,0.0,0.0,0.0,108.0,193.0,520.0,0.0,0.0,73.0,119.0,0.0
2021-11-05 10:00:00+00:00,0.0,278.0,192.0,427.0,550.0,522.0,421.0,0.0,17.0,280.0,0.0,0.0,0.0,125.0,0.0,0.0,0.0,0.0,0.0,0.0,286.0,3.0,0.0,0.0,0.0,231.0,0.0,1.0,1388.0,40.0,0.0,0.0,0.0,0.0,147.0,146.0,538.0,0.0,0.0,9.0,140.0,0.0
2021-11-05 11:00:00+00:00,0.0,349.0,234.0,406.0,520.0,585.0,498.0,0.0,15.0,255.0,0.0,0.0,0.0,128.0,0.0,0.0,0.0,0.0,0.0,0.0,192.0,42.0,0.0,0.0,0.0,225.0,0.0,0.0,1375.0,63.0,0.0,0.0,0.0,0.0,128.0,163.0,559.0,28.0,0.0,26.0,134.0,0.0
2021-11-05 12:00:00+00:00,0.0,207.0,301.0,389.0,457.0,579.0,513.0,0.0,0.0,203.0,0.0,0.0,0.0,136.0,0.0,0.0,0.0,0.0,0.0,0.0,191.0,72.0,0.0,0.0,0.0,215.0,0.0,0.0,1334.0,53.0,0.0,0.0,0.0,0.0,70.0,197.0,468.0,0.0,0.0,90.0,109.0,0.0
2021-11-05 13:00:00+00:00,0.0,164.0,180.0,384.0,415.0,562.0,519.0,0.0,0.0,152.0,0.0,0.0,0.0,122.0,0.0,0.0,0.0,0.0,0.0,0.0,246.0,108.0,0.0,0.0,0.0,189.0,0.0,0.0,1335.0,65.0,0.0,0.0,0.0,0.0,69.0,205.0,527.0,1.0,0.0,73.0,131.0,0.0
2021-11-05 14:00:00+00:00,0.0,156.0,166.0,351.0,355.0,591.0,482.0,0.0,0.0,92.0,0.0,0.0,0.0,119.0,0.0,0.0,0.0,0.0,0.0,0.0,113.0,151.0,0.0,0.0,0.0,173.0,0.0,0.0,1358.0,67.0,0.0,0.0,0.0,0.0,33.0,264.0,496.0,0.0,0.0,131.0,133.0,0.0
2021-11-05 15:00:00+00:00,0.0,123.0,141.0,365.0,377.0,509.0,492.0,0.0,0.0,83.0,0.0,0.0,0.0,127.0,0.0,0.0,0.0,0.0,0.0,0.0,174.0,134.0,0.0,0.0,0.0,10.0,0.0,0.0,1415.0,49.0,0.0,0.0,0.0,0.0,20.0,321.0,505.0,0.0,0.0,177.0,139.0,0.0
2021-11-05 16:00:00+00:00,0.0,171.0,152.0,365.0,393.0,539.0,486.0,0.0,0.0,71.0,0.0,0.0,0.0,136.0,0.0,0.0,0.0,0.0,0.0,0.0,76.0,109.0,0.0,0.0,0.0,0.0,0.0,0.0,1339.0,54.0,0.0,80.0,0.0,0.0,34.0,472.0,517.0,1.0,0.0,273.0,203.0,0.0
2021-11-05 17:00:00+00:00,0.0,32.0,179.0,396.0,408.0,502.0,442.0,0.0,0.0,94.0,0.0,0.0,0.0,142.0,0.0,0.0,0.0,0.0,0.0,0.0,214.0,135.0,0.0,0.0,0.0,0.0,0.0,0.0,1323.0,57.0,0.0,170.0,0.0,0.0,31.0,492.0,520.0,0.0,0.0,287.0,209.0,0.0
2021-11-05 18:00:00+00:00,0.0,0.0,142.0,402.0,427.0,494.0,495.0,0.0,0.0,148.0,0.0,35.0,0.0,143.0,0.0,0.0,0.0,0.0,0.0,0.0,388.0,103.0,0.0,0.0,0.0,0.0,0.0,0.0,1315.0,46.0,0.0,150.0,0.0,0.0,30.0,474.0,514.0,2.0,0.0,271.0,207.0,0.0
2021-11-05 19:00:00+00:00,0.0,0.0,174.0,394.0,416.0,396.0,478.0,0.0,0.0,153.0,0.0,90.0,0.0,159.0,0.0,0.0,71.0,0.0,0.0,0.0,353.0,118.0,0.0,0.0,0.0,43.0,0.0,0.0,1061.0,24.0,0.0,0.0,0.0,0.0,14.0,495.0,514.0,1.0,0.0,275.0,221.0,0.0
2021-11-05 20:00:00+00:00,0.0,0.0,223.0,397.0,382.0,472.0,457.0,0.0,0.0,122.0,0.0,148.0,25.0,171.0,0.0,0.0,118.0,0.0,0.0,0.0,304.0,177.0,0.0,0.0,0.0,247.0,0.0,0.0,1082.0,5.0,0.0,0.0,0.0,0.0,0.0,498.0,519.0,0.0,0.0,259.0,272.0,0.0
2021-11-05 21:00:00+00:00,0.0,0.0,190.0,415.0,388.0,481.0,510.0,0.0,0.0,109.0,0.0,214.0,49.0,163.0,0.0,0.0,93.0,0.0,0.0,0.0,291.0,179.0,0.0,0.0,0.0,101.0,0.0,0.0,794.0,14.0,0.0,0.0,0.0,0.0,0.0,490.0,531.0,1.0,0.0,266.0,298.0,0.0
2021-11-05 22:00:00+00:00,6.0,0.0,243.0,462.0,383.0,414.0,458.0,0.0,0.0,17.0,0.0,159.0,2.0,163.0,0.0,0.0,72.0,0.0,22.0,0.0,448.0,165.0,0.0,0.0,0.0,159.0,0.0,0.0,522.0,0.0,0.0,0.0,0.0,0.0,0.0,436.0,564.0,0.0,0.0,238.0,312.0,0.0
2021-11-05 23:00:00+00:00,0.0,176.0,282.0,501.0,509.0,443.0,438.0,0.0,0.0,65.0,0.0,0.0,0.0,123.0,0.0,0.0,59.0,0.0,13.0,0.0,517.0,180.0,0.0,0.0,0.0,312.0,0.0,0.0,371.0,0.0,0.0,0.0,0.0,0.0,94.0,324.0,671.0,0.0,0.0,151.0,301.0,0.0
2021-11-06 00:00:00+00:00,0.0,21.0,352.0,516.0,503.0,397.0,396.0,0.0,0.0,53.0,0.0,0.0,0.0,108.0,0.0,0.0,46.0,0.0,21.0,0.0,565.0,231.0,0.0,0.0,0.0,379.0,0.0,0.0,370.0,0.0,0.0,0.0,0.0,0.0,95.0,303.0,701.0,0.0,0.0,139.0,300.0,0.0
2021-11-06 01:00:00+00:00,0.0,69.0,342.0,496.0,489.0,404.0,393.0,0.0,0.0,42.0,0.0,0.0,0.0,96.0,0.0,0.0,41.0,0.0,20.0,0.0,563.0,265.0,0.0,0.0,0.0,430.0,0.0,0.0,370.0,0.0,0.0,0.0,0.0,0.0,113.0,287.0,674.0,0.0,0.0,124.0,299.0,0.0
2021-11-06 02:00:00+00:00,0.0,174.0,362.0,491.0,493.0,420.0,430.0,0.0,0.0,52.0,0.0,0.0,0.0,71.0,0.0,0.0,38.0,0.0,14.0,0.0,554.0,271.0,0.0,0.0,0.0,401.0,0.0,0.0,370.0,0.0,0.0,0.0,0.0,0.0,162.0,282.0,683.0,0.0,0.0,107.0,309.0,0.0
2021-11-06 03:00:00+00:00,0.0,215.0,389.0,508.0,533.0,450.0,453.0,0.0,0.0,78.0,0.0,0.0,0.0,61.0,0.0,0.0,41.0,0.0,1.0,0.0,557.0,261.0,0.0,0.0,0.0,393.0,0.0,0.0,369.0,0.0,0.0,0.0,0.0,0.0,187.0,280.0,724.0,0.0,0.0,87.0,306.0,0.0
2021-11-06 04:00:00+00:00,0.0,117.0,397.0,518.0,536.0,418.0,437.0,0.0,0.0,77.0,0.0,0.0,0.0,78.0,0.0,0.0,52.0,0.0,0.0,0.0,572.0,248.0,0.0,0.0,0.0,384.0,0.0,0.0,369.0,18.0,0.0,0.0,0.0,0.0,157.0,310.0,737.0,0.0,0.0,87.0,282.0,0.0
2021-11-06 05:00:00+00:00,1.0,221.0,414.0,514.0,526.0,206.0,309.0,0.0,0.0,32.0,0.0,0.0,0.0,69.0,0.0,0.0,70.0,0.0,0.0,0.0,547.0,242.0,0.0,0.0,0.0,327.0,0.0,0.0,369.0,12.0,0.0,0.0,0.0,0.0,169.0,341.0,753.0,0.0,0.0,35.0,303.0,0.0
2021-11-06 06:00:00+00:00,0.0,100.0,369.0,470.0,494.0,322.0,12.0,0.0,0.0,101.0,0.0,0.0,0.0,67.0,0.0,0.0,94.0,0.0,0.0,0.0,438.0,171.0,0.0,0.0,0.0,265.0,0.0,0.0,369.0,39.0,0.0,0.0,0.0,0.0,157.0,324.0,706.0,0.0,0.0,87.0,244.0,0.0
2021-11-06 07:00:00+00:00,0.0,53.0,389.0,497.0,544.0,374.0,69.0,0.0,0.0,149.0,0.0,0.0,0.0,106.0,0.0,0.0,85.0,0.0,0.0,0.0,391.0,139.0,0.0,0.0,0.0,201.0,0.0,0.0,562.0,50.0,0.0,0.0,0.0,0.0,126.0,243.0,696.0,0.0,0.0,121.0,209.0,0.0
2021-11-06 08:00:00+00:00,0.0,53.0,401.0,525.0,606.0,382.0,114.0,0.0,0.0,173.0,0.0,0.0,0.0,130.0,0.0,0.0,98.0,0.0,0.0,0.0,345.0,145.0,0.0,0.0,0.0,221.0,0.0,0.0,611.0,48.0,0.0,0.0,0.0,0.0,114.0,203.0,700.0,0.0,0.0,123.0,227.0,0.0
2021-11-06 09:00:00+00:00,0.0,127.0,390.0,526.0,624.0,461.0,297.0,0.0,0.0,187.0,0.0,0.0,0.0,147.0,0.0,0.0,99.0,0.0,0.0,0.0,322.0,173.0,0.0,0.0,0.0,264.0,0.0,0.0,598.0,73.0,0.0,0.0,0.0,0.0,116.0,170.0,711.0,0.0,0.0,108.0,234.0,0.0
2021-11-06 10:00:00+00:00,0.0,151.0,386.0,517.0,590.0,504.0,285.0,0.0,0.0,166.0,0.0,0.0,0.0,169.0,0.0,0.0,93.0,0.0,0.0,0.0,316.0,202.0,0.0,0.0,0.0,247.0,0.0,0.0,614.0,81.0,0.0,0.0,0.0,0.0,94.0,209.0,680.0,0.0,0.0,122.0,253.0,0.0
2021-11-06 11:00:00+00:00,0.0,113.0,324.0,509.0,573.0,497.0,322.0,0.0,0.0,151.0,0.0,0.0,0.0,172.0,0.0,0.0,109.0,0.0,0.0,0.0,329.0,223.0,0.0,0.0,0.0,245.0,0.0,0.0,607.0,70.0,0.0,0.0,0.0,0.0,77.0,247.0,684.0,0.0,0.0,138.0,274.0,0.0
2021-11-06 12:00:00+00:00,0.0,0.0,311.0,494.0,545.0,491.0,315.0,0.0,0.0,135.0,0.0,27.0,0.0,171.0,0.0,0.0,111.0,0.0,0.0,0.0,362.0,236.0,0.0,0.0,0.0,208.0,0.0,0.0,593.0,73.0,0.0,0.0,0.0,0.0,40.0,296.0,667.0,0.0,0.0,175.0,253.0,0.0
2021-11-06 13:00:00+00:00,0.0,0.0,290.0,464.0,478.0,422.0,382.0,0.0,0.0,119.0,0.0,121.0,0.0,162.0,0.0,0.0,103.0,0.0,0.0,0.0,380.0,238.0,0.0,0.0,0.0,146.0,0.0,0.0,600.0,68.0,0.0,0.0,0.0,0.0,4.0,406.0,645.0,0.0,0.0,216.0,233.0,0.0
2021-11-06 14:00:00+00:00,0.0,0.0,223.0,403.0,415.0,425.0,362.0,0.0,0.0,82.0,0.0,168.0,16.0,140.0,0.0,0.0,112.0,0.0,0.0,0.0,245.0,199.0,0.0,0.0,0.0,104.0,0.0,0.0,611.0,45.0,0.0,0.0,0.0,0.0,0.0,524.0,602.0,0.0,0.0,275.0,248.0,0.0
2021-11-06 15:00:00+00:00,1.0,0.0,192.0,396.0,400.0,400.0,416.0,0.0,0.0,46.0,0.0,310.0,105.0,163.0,0.0,0.0,138.0,0.0,0.0,0.0,212.0,215.0,0.0,0.0,0.0,0.0,0.0,0.0,791.0,36.0,0.0,64.0,0.0,0.0,0.0,642.0,566.0,0.0,0.0,439.0,201.0,0.0
2021-11-06 16:00:00+00:00,1.0,0.0,207.0,396.0,402.0,410.0,502.0,0.0,0.0,31.0,0.0,288.0,117.0,165.0,0.0,0.0,157.0,0.0,5.0,0.0,64.0,188.0,0.0,0.0,0.0,0.0,0.0,0.0,1067.0,0.0,0.0,211.0,0.0,0.0,0.0,662.0,567.0,1.0,0.0,482.0,186.0,0.0
2021-11-06 17:00:00+00:00,0.0,0.0,271.0,415.0,413.0,482.0,561.0,0.0,0.0,58.0,0.0,311.0,112.0,169.0,0.0,0.0,162.0,0.0,3.0,0.0,294.0,179.0,0.0,0.0,0.0,0.0,0.0,0.0,1288.0,0.0,0.0,250.0,0.0,0.0,0.0,654.0,574.0,0.0,0.0,474.0,185.0,0.0
2021-11-06 18:00:00+00:00,0.0,0.0,250.0,409.0,442.0,472.0,487.0,0.0,0.0,136.0,0.0,221.0,66.0,161.0,0.0,0.0,159.0,0.0,0.0,0.0,480.0,126.0,0.0,0.0,0.0,0.0,0.0,0.0,1090.0,9.0,0.0,162.0,0.0,0.0,0.0,587.0,579.0,0.0,0.0,405.0,187.0,0.0
2021-11-06 19:00:00+00:00,0.0,0.0,251.0,406.0,417.0,488.0,427.0,0.0,0.0,104.0,0.0,194.0,62.0,151.0,0.0,0.0,135.0,0.0,0.0,0.0,418.0,176.0,0.0,0.0,0.0,54.0,0.0,0.0,847.0,10.0,0.0,0.0,0.0,0.0,0.0,525.0,563.0,1.0,0.0,368.0,162.0,0.0
2021-11-06 20:00:00+00:00,0.0,0.0,194.0,401.0,409.0,489.0,435.0,0.0,0.0,129.0,0.0,102.0,13.0,145.0,0.0,0.0,111.0,0.0,0.0,0.0,432.0,181.0,0.0,0.0,0.0,188.0,0.0,0.0,555.0,23.0,0.0,0.0,0.0,0.0,0.0,459.0,600.0,0.0,0.0,267.0,196.0,0.0
2021-11-06 21:00:00+00:00,0.0,103.0,254.0,439.0,458.0,450.0,510.0,0.0,0.0,150.0,0.0,0.0,0.0,136.0,0.0,0.0,89.0,0.0,0.0,0.0,415.0,161.0,0.0,0.0,0.0,201.0,0.0,0.0,488.0,5.0,0.0,0.0,0.0,0.0,38.0,403.0,609.0,0.0,0.0,208.0,232.0,0.0
2021-11-06 22:00:00+00:00,0.0,236.0,292.0,483.0,533.0,446.0,510.0,0.0,0.0,86.0,0.0,0.0,0.0,126.0,0.0,0.0,68.0,0.0,3.0,0.0,475.0,226.0,0.0,0.0,0.0,378.0,0.0,0.0,371.0,0.0,0.0,0.0,0.0,0.0,100.0,368.0,620.0,0.0,0.0,153.0,267.0,0.0
2021-11-06 23:00:00+00:00,0.0,305.0,302.0,528.0,579.0,460.0,569.0,0.0,0.0,108.0,0.0,0.0,0.0,127.0,0.0,0.0,50.0,0.0,9.0,0.0,553.0,250.0,0.0,0.0,0.0,512.0,0.0,0.0,370.0,0.0,0.0,0.0,0.0,0.0,113.0,230.0,663.0,0.0,0.0,119.0,266.0,0.0
2021-11-07 00:00:00+00:00,0.0,330.0,323.0,512.0,556.0,482.0,526.0,0.0,0.0,91.0,0.0,0.0,0.0,119.0,0.0,0.0,41.0,0.0,7.0,0.0,601.0,302.0,0.0,0.0,0.0,498.0,0.0,0.0,370.0,0.0,0.0,0.0,0.0,0.0,93.0,218.0,638.0,0.0,0.0,126.0,264.0,0.0
2021-11-07 01:00:00+00:00,0.0,265.0,302.0,509.0,539.0,433.0,491.0,0.0,0.0,80.0,0.0,0.0,0.0,88.0,0.0,0.0,33.0,0.0,6.0,0.0,602.0,328.0,0.0,0.0,0.0,463.0,0.0,0.0,370.0,0.0,0.0,0.0,0.0,0.0,126.0,178.0,635.0,0.0,0.0,104.0,246.0,0.0
2021-11-07 02:00:00+00:00,0.0,238.0,230.0,467.0,458.0,247.0,234.0,0.0,0.0,66.0,0.0,0.0,0.0,103.0,0.0,0.0,31.0,0.0,65.0,0.0,602.0,330.0,0.0,0.0,0.0,409.0,0.0,0.0,370.0,0.0,0.0,0.0,0.0,0.0,87.0,241.0,582.0,1.0,0.0,154.0,258.0,0.0
2021-11-07 03:00:00+00:00,0.0,178.0,214.0,446.0,412.0,250.0,233.0,0.0,0.0,53.0,0.0,0.0,0.0,121.0,0.0,0.0,36.0,0.0,63.0,0.0,602.0,328.0,0.0,0.0,0.0,347.0,0.0,0.0,370.0,0.0,0.0,0.0,0.0,0.0,49.0,280.0,547.0,0.0,0.0,167.0,268.0,0.0
2021-11-07 04:00:00+00:00,0.0,235.0,240.0,465.0,456.0,343.0,381.0,0.0,0.0,69.0,0.0,0.0,0.0,117.0,0.0,0.0,43.0,0.0,11.0,0.0,602.0,327.0,0.0,0.0,0.0,332.0,0.0,0.0,370.0,0.0,0.0,0.0,0.0,0.0,78.0,274.0,592.0,0.0,0.0,141.0,277.0,0.0
2021-11-07 05:00:00+00:00,0.0,238.0,243.0,442.0,423.0,220.0,284.0,0.0,0.0,50.0,0.0,0.0,0.0,112.0,0.0,0.0,57.0,0.0,0.0,0.0,602.0,338.0,0.0,0.0,0.0,257.0,0.0,0.0,370.0,3.0,0.0,0.0,0.0,0.0,66.0,294.0,588.0,0.0,0.0,157.0,253.0,0.0
2021-11-07 06:00:00+00:00,0.0,96.0,260.0,429.0,400.0,420.0,393.0,0.0,0.0,132.0,0.0,0.0,0.0,135.0,0.0,0.0,66.0,0.0,0.0,0.0,587.0,277.0,0.0,0.0,0.0,283.0,0.0,0.0,369.0,66.0,0.0,0.0,0.0,0.0,18.0,422.0,575.0,0.0,0.0,216.0,287.0,0.0
2021-11-07 07:00:00+00:00,0.0,66.0,251.0,425.0,415.0,306.0,367.0,0.0,0.0,161.0,0.0,0.0,5.0,159.0,0.0,0.0,63.0,0.0,0.0,0.0,402.0,176.0,0.0,0.0,0.0,335.0,0.0,0.0,369.0,48.0,0.0,0.0,0.0,0.0,0.0,434.0,586.0,0.0,0.0,240.0,273.0,0.0
2021-11-07 08:00:00+00:00,0.0,0.0,319.0,473.0,470.0,301.0,337.0,0.0,0.0,163.0,0.0,135.0,100.0,225.0,0.0,0.0,73.0,0.0,0.0,0.0,398.0,212.0,0.0,0.0,0.0,344.0,0.0,0.0,507.0,34.0,0.0,0.0,0.0,0.0,0.0,505.0,640.0,0.0,0.0,307.0,312.0,0.0
2021-11-07 09:00:00+00:00,0.0,0.0,337.0,496.0,502.0,378.0,371.0,0.0,0.0,165.0,0.0,89.0,71.0,233.0,0.0,0.0,74.0,0.0,0.0,0.0,347.0,219.0,0.0,0.0,0.0,326.0,0.0,0.0,514.0,34.0,0.0,0.0,0.0,0.0,0.0,453.0,661.0,0.0,0.0,243.0,349.0,0.0
2021-11-07 10:00:00+00:00,0.0,133.0,353.0,501.0,525.0,436.0,385.0,0.0,0.0,146.0,0.0,0.0,26.0,218.0,0.0,0.0,59.0,0.0,0.0,0.0,255.0,228.0,0.0,0.0,0.0,431.0,0.0,0.0,514.0,46.0,0.0,0.0,0.0,0.0,0.0,406.0,682.0,0.0,0.0,189.0,352.0,0.0
2021-11-07 11:00:00+00:00,0.0,268.0,365.0,499.0,531.0,419.0,405.0,0.0,0.0,142.0,0.0,0.0,0.0,196.0,0.0,0.0,69.0,0.0,0.0,0.0,182.0,227.0,0.0,0.0,0.0,462.0,0.0,0.0,513.0,35.0,0.0,0.0,0.0,0.0,13.0,371.0,683.0,0.0,0.0,158.0,349.0,0.0
2021-11-07 12:00:00+00:00,0.0,167.0,363.0,512.0,535.0,478.0,391.0,0.0,0.0,171.0,0.0,0.0,8.0,195.0,0.0,0.0,80.0,0.0,0.0,0.0,417.0,235.0,0.0,0.0,0.0,475.0,0.0,0.0,559.0,43.0,0.0,0.0,0.0,0.0,0.0,400.0,686.0,0.0,0.0,204.0,327.0,0.0
2021-11-07 13:00:00+00:00,0.0,189.0,342.0,514.0,551.0,501.0,389.0,0.0,0.0,195.0,0.0,0.0,0.0,174.0,0.0,0.0,83.0,0.0,0.0,0.0,430.0,216.0,0.0,0.0,0.0,433.0,0.0,0.0,611.0,63.0,0.0,0.0,0.0,0.0,8.0,409.0,678.0,0.0,0.0,174.0,334.0,0.0
2021-11-07 14:00:00+00:00,0.0,110.0,314.0,500.0,504.0,471.0,352.0,0.0,0.0,154.0,0.0,0.0,11.0,166.0,0.0,0.0,93.0,0.0,0.0,0.0,415.0,240.0,0.0,0.0,0.0,367.0,0.0,0.0,609.0,41.0,0.0,0.0,0.0,0.0,0.0,483.0,659.0,0.0,0.0,221.0,319.0,0.0
2021-11-07 15:00:00+00:00,0.0,186.0,339.0,504.0,480.0,532.0,417.0,0.0,0.0,99.0,0.0,0.0,0.0,139.0,0.0,0.0,72.0,0.0,0.0,0.0,376.0,237.0,0.0,0.0,0.0,199.0,0.0,0.0,784.0,43.0,0.0,0.0,0.0,0.0,40.0,580.0,651.0,0.0,0.0,260.0,333.0,0.0
2021-11-07 16:00:00+00:00,0.0,170.0,334.0,505.0,474.0,500.0,402.0,0.0,0.0,75.0,0.0,0.0,0.0,147.0,0.0,0.0,91.0,0.0,0.0,0.0,326.0,210.0,0.0,0.0,0.0,3.0,0.0,0.0,812.0,28.0,0.0,0.0,0.0,0.0,20.0,596.0,664.0,0.0,0.0,271.0,339.0,0.0
2021-11-07 17:00:00+00:00,0.0,275.0,333.0,526.0,541.0,592.0,400.0,0.0,0.0,106.0,0.0,0.0,0.0,131.0,0.0,0.0,99.0,0.0,0.0,0.0,363.0,165.0,0.0,0.0,0.0,0.0,0.0,0.0,807.0,72.0,0.0,2.0,0.0,0.0,67.0,540.0,653.0,0.0,0.0,190.0,366.0,0.0
2021-11-07 18:00:00+00:00,0.0,364.0,309.0,537.0,595.0,565.0,375.0,0.0,0.0,164.0,0.0,0.0,0.0,131.0,0.0,0.0,94.0,0.0,0.0,0.0,445.0,128.0,0.0,0.0,0.0,14.0,0.0,0.0,632.0,41.0,0.0,0.0,0.0,0.0,103.0,494.0,691.0,0.0,0.0,129.0,397.0,0.0
2021-11-07 19:00:00+00:00,0.0,246.0,295.0,532.0,592.0,594.0,400.0,0.0,0.0,191.0,0.0,0.0,0.0,143.0,0.0,0.0,109.0,0.0,0.0,0.0,408.0,143.0,0.0,0.0,0.0,102.0,0.0,0.0,607.0,58.0,0.0,0.0,0.0,0.0,102.0,450.0,700.0,0.0,0.0,106.0,409.0,0.0
2021-11-07 20:00:00+00:00,0.0,397.0,306.0,537.0,606.0,554.0,442.0,0.0,0.0,244.0,0.0,0.0,0.0,135.0,0.0,0.0,96.0,0.0,0.0,0.0,383.0,125.0,0.0,0.0,0.0,266.0,0.0,0.0,657.0,40.0,0.0,0.0,0.0,0.0,162.0,414.0,727.0,0.0,0.0,88.0,430.0,0.0
2021-11-07 21:00:00+00:00,0.0,435.0,338.0,543.0,621.0,582.0,425.0,0.0,0.0,267.0,0.0,0.0,0.0,128.0,0.0,0.0,70.0,0.0,0.0,0.0,409.0,124.0,0.0,0.0,0.0,340.0,0.0,0.0,498.0,52.0,0.0,0.0,0.0,0.0,201.0,350.0,691.0,0.0,0.0,76.0,409.0,0.0
2021-11-07 22:00:00+00:00,0.0,286.0,327.0,531.0,560.0,579.0,446.0,0.0,0.0,173.0,0.0,0.0,0.0,170.0,0.0,0.0,49.0,0.0,0.0,0.0,511.0,212.0,0.0,0.0,0.0,462.0,0.0,0.0,498.0,57.0,0.0,0.0,0.0,0.0,96.0,323.0,640.0,0.0,0.0,110.0,373.0,0.0
2021-11-07 23:00:00+00:00,0.0,365.0,422.0,542.0,566.0,652.0,474.0,0.0,0.0,128.0,0.0,0.0,0.0,163.0,0.0,0.0,41.0,0.0,0.0,0.0,466.0,269.0,0.0,0.0,0.0,533.0,0.0,0.0,746.0,39.0,0.0,0.0,0.0,0.0,78.0,267.0,658.0,0.0,0.0,116.0,316.0,0.0
2021-11-08 00:00:00+00:00,0.0,322.0,419.0,511.0,518.0,588.0,495.0,0.0,0.0,134.0,0.0,0.0,0.0,161.0,0.0,0.0,33.0,0.0,0.0,0.0,583.0,288.0,0.0,0.0,0.0,530.0,0.0,0.0,802.0,14.0,0.0,0.0,0.0,0.0,51.0,315.0,629.0,0.0,0.0,147.0,348.0,0.0
2021-11-08 01:00:00+00:00,0.0,359.0,386.0,491.0,491.0,577.0,614.0,0.0,0.0,132.0,0.0,0.0,0.0,152.0,0.0,0.0,27.0,0.0,0.0,0.0,602.0,278.0,0.0,0.0,0.0,538.0,0.0,0.0,805.0,23.0,0.0,0.0,0.0,0.0,54.0,340.0,622.0,0.0,0.0,172.0,349.0,0.0
2021-11-08 02:00:00+00:00,0.0,255.0,370.0,465.0,412.0,577.0,608.0,0.0,0.0,96.0,0.0,0.0,0.0,162.0,0.0,0.0,27.0,0.0,0.0,0.0,602.0,275.0,0.0,0.0,0.0,449.0,0.0,0.0,728.0,43.0,0.0,0.0,0.0,0.0,6.0,391.0,589.0,0.0,0.0,231.0,338.0,0.0
2021-11-08 03:00:00+00:00,0.0,247.0,414.0,461.0,404.0,645.0,611.0,0.0,0.0,92.0,0.0,0.0,0.0,155.0,0.0,0.0,36.0,0.0,0.0,0.0,599.0,278.0,0.0,0.0,0.0,481.0,0.0,0.0,803.0,50.0,0.0,0.0,0.0,0.0,6.0,407.0,595.0,0.0,0.0,233.0,325.0,0.0
2021-11-08 04:00:00+00:00,1.0,136.0,372.0,413.0,326.0,809.0,639.0,0.0,0.0,44.0,0.0,0.0,39.0,160.0,0.0,0.0,60.0,0.0,0.0,0.0,474.0,263.0,0.0,0.0,0.0,398.0,0.0,0.0,1271.0,50.0,0.0,0.0,0.0,0.0,0.0,557.0,594.0,0.0,0.0,407.0,225.0,0.0
2021-11-08 05:00:00+00:00,136.0,71.0,98.0,445.0,281.0,770.0,624.0,0.0,0.0,0.0,0.0,0.0,46.0,169.0,0.0,0.0,103.0,0.0,0.0,0.0,153.0,442.0,0.0,0.0,0.0,208.0,0.0,0.0,1370.0,67.0,0.0,0.0,0.0,0.0,0.0,598.0,124.0,187.0,0.0,412.0,192.0,0.0
2021-11-08 06:00:00+00:00,85.0,80.0,1.0,385.0,235.0,687.0,586.0,0.0,0.0,0.0,0.0,0.0,66.0,160.0,0.0,204.0,129.0,0.0,0.0,0.0,0.0,351.0,0.0,0.0,0.0,0.0,0.0,0.0,1369.0,94.0,0.0,33.0,0.0,0.0,0.0,508.0,0.0,241.0,0.0,389.0,118.0,0.0
2021-11-08 07:00:00+00:00,9.0,144.0,2.0,349.0,234.0,742.0,605.0,0.0,0.0,5.0,0.0,0.0,30.0,160.0,0.0,209.0,110.0,0.0,0.0,0.0,0.0,176.0,0.0,0.0,0.0,0.0,0.0,0.0,1371.0,93.0,0.0,185.0,0.0,0.0,0.0,509.0,0.0,199.0,0.0,413.0,101.0,0.0
2021-11-08 08:00:00+00:00,0.0,204.0,2.0,396.0,323.0,818.0,635.0,0.0,0.0,29.0,0.0,0.0,6.0,164.0,0.0,214.0,107.0,0.0,0.0,0.0,0.0,143.0,0.0,0.0,0.0,0.0,0.0,0.0,1372.0,64.0,0.0,202.0,0.0,0.0,0.0,475.0,0.0,216.0,0.0,372.0,108.0,0.0
2021-11-08 09:00:00+00:00,0.0,161.0,6.0,429.0,378.0,777.0,637.0,0.0,0.0,68.0,0.0,0.0,0.0,181.0,0.0,207.0,109.0,0.0,0.0,0.0,0.0,87.0,0.0,0.0,0.0,0.0,0.0,0.0,1384.0,80.0,0.0,113.0,0.0,0.0,1.0,474.0,0.0,199.0,0.0,373.0,137.0,0.0
2021-11-08 10:00:00+00:00,0.0,241.0,2.0,457.0,408.0,831.0,645.0,0.0,0.0,51.0,0.0,0.0,0.0,187.0,0.0,200.0,114.0,0.0,0.0,0.0,0.0,122.0,0.0,0.0,0.0,72.0,0.0,0.0,1373.0,76.0,0.0,0.0,0.0,0.0,25.0,449.0,0.0,213.0,0.0,372.0,150.0,0.0
2021-11-08 11:00:00+00:00,0.0,210.0,2.0,449.0,389.0,822.0,649.0,0.0,0.0,43.0,0.0,0.0,0.0,188.0,0.0,206.0,108.0,0.0,0.0,0.0,0.0,113.0,0.0,0.0,0.0,46.0,0.0,0.0,1367.0,58.0,0.0,0.0,0.0,0.0,17.0,447.0,0.0,236.0,0.0,387.0,168.0,0.0
2021-11-08 12:00:00+00:00,0.0,138.0,0.0,425.0,367.0,845.0,649.0,0.0,0.0,59.0,0.0,0.0,0.0,178.0,0.0,181.0,111.0,0.0,0.0,0.0,0.0,80.0,0.0,0.0,0.0,5.0,0.0,0.0,1371.0,46.0,0.0,0.0,0.0,0.0,14.0,428.0,0.0,245.0,0.0,375.0,157.0,0.0
2021-11-08 13:00:00+00:00,0.0,15.0,2.0,396.0,339.0,819.0,645.0,0.0,3.0,97.0,0.0,0.0,14.0,172.0,0.0,150.0,112.0,0.0,0.0,0.0,0.0,20.0,0.0,0.0,0.0,0.0,0.0,0.0,1372.0,51.0,0.0,98.0,0.0,0.0,0.0,447.0,0.0,234.0,0.0,350.0,143.0,0.0
2021-11-08 14:00:00+00:00,0.0,0.0,4.0,372.0,278.0,796.0,638.0,0.0,0.0,55.0,0.0,75.0,45.0,158.0,0.0,110.0,113.0,0.0,0.0,0.0,0.0,69.0,0.0,0.0,0.0,0.0,0.0,0.0,1371.0,38.0,0.0,115.0,0.0,0.0,0.0,452.0,0.0,214.0,0.0,333.0,119.0,0.0
2021-11-08 15:00:00+00:00,50.0,0.0,3.0,360.0,244.0,736.0,496.0,0.0,0.0,0.0,0.0,44.0,38.0,130.0,0.0,140.0,74.0,0.0,30.0,0.0,0.0,79.0,0.0,0.0,0.0,0.0,0.0,0.0,1372.0,0.0,0.0,236.0,0.0,0.0,0.0,469.0,0.0,244.0,0.0,351.0,112.0,0.0
2021-11-08 16:00:00+00:00,94.0,0.0,2.0,446.0,324.0,710.0,477.0,0.0,0.0,0.0,0.0,7.0,19.0,133.0,0.0,148.0,31.0,0.0,31.0,0.0,0.0,191.0,0.0,0.0,0.0,0.0,0.0,0.0,1371.0,0.0,0.0,176.0,0.0,0.0,0.0,461.0,0.0,265.0,0.0,332.0,131.0,0.0
2021-11-08 17:00:00+00:00,115.0,66.0,0.0,493.0,372.0,714.0,465.0,0.0,0.0,0.0,0.0,0.0,0.0,122.0,0.0,129.0,35.0,0.0,44.0,0.0,0.0,241.0,0.0,0.0,0.0,0.0,0.0,0.0,1372.0,0.0,0.0,214.0,0.0,0.0,29.0,438.0,0.0,234.0,0.0,281.0,160.0,0.0
2021-11-08 18:00:00+00:00,117.0,132.0,0.0,537.0,443.0,862.0,589.0,0.0,0.0,0.0,0.0,0.0,0.0,124.0,0.0,107.0,100.0,0.0,0.0,0.0,0.0,291.0,0.0,0.0,0.0,0.0,0.0,0.0,1338.0,45.0,0.0,110.0,0.0,0.0,51.0,384.0,0.0,219.0,0.0,226.0,162.0,0.0
2021-11-08 19:00:00+00:00,15.0,161.0,2.0,600.0,543.0,894.0,621.0,0.0,0.0,3.0,0.0,0.0,0.0,154.0,0.0,61.0,120.0,0.0,0.0,0.0,0.0,277.0,0.0,0.0,0.0,44.0,0.0,0.0,1355.0,42.0,0.0,0.0,0.0,0.0,81.0,365.0,0.0,232.0,0.0,162.0,210.0,0.0
2021-11-08 20:00:00+00:00,2.0,0.0,2.0,612.0,541.0,823.0,645.0,0.0,0.0,28.0,0.0,48.0,0.0,167.0,0.0,0.0,120.0,0.0,0.0,0.0,155.0,299.0,0.0,0.0,0.0,352.0,0.0,0.0,1349.0,11.0,0.0,0.0,0.0,0.0,39.0,331.0,0.0,213.0,0.0,106.0,271.0,0.0
2021-11-08 21:00:00+00:00,0.0,0.0,2.0,655.0,602.0,896.0,640.0,0.0,0.0,45.0,0.0,121.0,0.0,177.0,0.0,0.0,94.0,0.0,0.0,0.0,293.0,299.0,0.0,0.0,0.0,321.0,0.0,0.0,1359.0,34.0,0.0,0.0,0.0,0.0,19.0,308.0,0.0,241.0,0.0,111.0,290.0,0.0
2021-11-08 22:00:00+00:00,25.0,0.0,2.0,716.0,662.0,848.0,643.0,0.0,0.0,2.0,0.0,27.0,0.0,173.0,0.0,0.0,72.0,0.0,0.0,0.0,389.0,369.0,0.0,0.0,0.0,370.0,0.0,0.0,1398.0,5.0,0.0,0.0,0.0,0.0,69.0,240.0,0.0,202.0,0.0,64.0,312.0,0.0
2021-11-08 23:00:00+00:00,6.0,37.0,0.0,724.0,717.0,919.0,639.0,0.0,0.0,5.0,0.0,0.0,0.0,196.0,0.0,0.0,55.0,0.0,0.0,0.0,473.0,436.0,0.0,0.0,0.0,600.0,0.0,0.0,1409.0,5.0,0.0,0.0,0.0,0.0,31.0,250.0,0.0,231.0,0.0,75.0,342.0,0.0
2021-11-09 00:00:00+00:00,24.0,40.0,1.0,706.0,688.0,945.0,647.0,0.0,0.0,1.0,0.0,0.0,0.0,170.0,0.0,0.0,44.0,0.0,0.0,0.0,499.0,517.0,0.0,0.0,0.0,615.0,0.0,0.0,1340.0,30.0,0.0,0.0,0.0,0.0,46.0,197.0,0.0,230.0,0.0,46.0,335.0,0.0
2021-11-09 01:00:00+00:00,12.0,223.0,2.0,685.0,669.0,937.0,638.0,0.0,0.0,4.0,0.0,0.0,0.0,126.0,0.0,0.0,38.0,0.0,0.0,0.0,551.0,527.0,0.0,0.0,0.0,613.0,0.0,3.0,1272.0,58.0,0.0,0.0,0.0,0.0,115.0,156.0,0.0,240.0,0.0,14.0,331.0,0.0
2021-11-09 02:00:00+00:00,16.0,278.0,2.0,680.0,656.0,913.0,644.0,0.0,0.0,3.0,0.0,0.0,0.0,102.0,0.0,0.0,40.0,0.0,0.0,0.0,570.0,540.0,0.0,0.0,0.0,593.0,0.0,3.0,1173.0,79.0,0.0,0.0,0.0,0.0,145.0,161.0,0.0,210.0,0.0,12.0,329.0,0.0
2021-11-09 03:00:00+00:00,18.0,205.0,3.0,660.0,622.0,824.0,612.0,0.0,0.0,2.0,0.0,0.0,0.0,106.0,0.0,0.0,47.0,0.0,0.0,0.0,567.0,552.0,0.0,0.0,0.0,535.0,0.0,0.0,849.0,110.0,0.0,0.0,0.0,0.0,116.0,214.0,0.0,215.0,0.0,61.0,299.0,0.0
2021-11-09 04:00:00+00:00,89.0,0.0,2.0,557.0,455.0,600.0,474.0,0.0,0.0,0.0,0.0,83.0,0.0,131.0,0.0,0.0,71.0,0.0,0.0,0.0,461.0,549.0,0.0,0.0,0.0,422.0,0.0,0.0,572.0,22.0,0.0,0.0,0.0,0.0,4.0,366.0,0.0,217.0,0.0,258.0,180.0,0.0
2021-11-09 05:00:00+00:00,117.0,37.0,7.0,443.0,330.0,596.0,452.0,0.0,0.0,0.0,0.0,0.0,0.0,103.0,0.0,0.0,112.0,0.0,0.0,0.0,184.0,447.0,0.0,0.0,0.0,179.0,0.0,0.0,503.0,12.0,0.0,0.0,0.0,0.0,83.0,424.0,0.0,224.0,0.0,264.0,166.0,0.0
2021-11-09 06:00:00+00:00,3.0,53.0,3.0,297.0,258.0,584.0,567.0,0.0,0.0,95.0,0.0,0.0,0.0,101.0,0.0,48.0,127.0,0.0,0.0,0.0,0.0,97.0,0.0,0.0,0.0,0.0,0.0,0.0,502.0,25.0,0.0,55.0,0.0,0.0,92.0,457.0,0.0,230.0,0.0,324.0,137.0,0.0
2021-11-09 07:00:00+00:00,0.0,0.0,6.0,337.0,291.0,656.0,590.0,0.0,0.0,63.0,0.0,51.0,0.0,151.0,0.0,137.0,118.0,0.0,0.0,0.0,0.0,70.0,0.0,0.0,0.0,0.0,0.0,0.0,502.0,66.0,0.0,348.0,0.0,0.0,4.0,434.0,0.0,172.0,0.0,357.0,105.0,0.0
2021-11-09 08:00:00+00:00,0.0,0.0,2.0,377.0,385.0,776.0,580.0,0.0,0.0,123.0,0.0,119.0,21.0,181.0,0.0,0.0,105.0,0.0,0.0,0.0,141.0,51.0,0.0,0.0,0.0,0.0,0.0,0.0,850.0,81.0,0.0,321.0,0.0,0.0,0.0,361.0,0.0,210.0,0.0,322.0,79.0,0.0
2021-11-09 09:00:00+00:00,0.0,0.0,1.0,468.0,496.0,781.0,605.0,0.0,0.0,66.0,0.0,175.0,35.0,205.0,0.0,0.0,139.0,0.0,0.0,0.0,180.0,155.0,0.0,0.0,0.0,0.0,0.0,0.0,978.0,87.0,0.0,336.0,0.0,0.0,0.0,335.0,0.0,238.0,0.0,335.0,79.0,0.0
2021-11-09 10:00:00+00:00,0.0,0.0,2.0,519.0,552.0,752.0,547.0,0.0,0.0,50.0,0.0,239.0,52.0,223.0,0.0,0.0,136.0,0.0,0.0,0.0,218.0,204.0,0.0,0.0,0.0,0.0,0.0,0.0,965.0,83.0,0.0,309.0,0.0,0.0,0.0,364.0,0.0,195.0,0.0,373.0,81.0,0.0
2021-11-09 11:00:00+00:00,0.0,0.0,1.0,507.0,492.0,710.0,526.0,0.0,0.0,52.0,0.0,244.0,84.0,235.0,0.0,0.0,132.0,0.0,0.0,0.0,201.0,244.0,0.0,0.0,0.0,0.0,0.0,0.0,845.0,94.0,0.0,230.0,0.0,0.0,0.0,301.0,0.0,207.0,0.0,328.0,54.0,0.0
2021-11-09 12:00:00+00:00,0.0,0.0,1.0,528.0,538.0,601.0,571.0,0.0,0.0,89.0,0.0,201.0,45.0,219.0,0.0,0.0,143.0,0.0,0.0,0.0,219.0,207.0,0.0,0.0,0.0,0.0,0.0,0.0,575.0,77.0,0.0,207.0,0.0,0.0,0.0,285.0,0.0,213.0,0.0,256.0,98.0,0.0
2021-11-09 13:00:00+00:00,0.0,29.0,1.0,471.0,502.0,620.0,581.0,0.0,0.0,151.0,0.0,0.0,0.0,164.0,0.0,0.0,135.0,0.0,0.0,0.0,55.0,52.0,0.0,0.0,0.0,0.0,0.0,0.0,502.0,71.0,0.0,190.0,0.0,0.0,32.0,328.0,0.0,211.0,0.0,236.0,128.0,0.0
2021-11-09 14:00:00+00:00,0.0,87.0,2.0,454.0,416.0,631.0,584.0,0.0,0.0,122.0,0.0,0.0,0.0,118.0,0.0,45.0,135.0,0.0,0.0,0.0,0.0,82.0,0.0,0.0,0.0,0.0,0.0,0.0,502.0,81.0,0.0,51.0,0.0,0.0,70.0,378.0,0.0,212.0,0.0,228.0,149.0,0.0
2021-11-09 15:00:00+00:00,0.0,117.0,0.0,438.0,397.0,624.0,622.0,0.0,0.0,77.0,0.0,0.0,0.0,124.0,0.0,0.0,131.0,0.0,0.0,0.0,1.0,71.0,0.0,0.0,0.0,0.0,0.0,0.0,502.0,81.0,0.0,194.0,0.0,0.0,48.0,394.0,0.0,268.0,0.0,221.0,172.0,0.0
2021-11-09 16:00:00+00:00,0.0,306.0,3.0,447.0,467.0,578.0,633.0,0.0,2.0,155.0,0.0,0.0,0.0,116.0,0.0,79.0,148.0,0.0,0.0,0.0,0.0,10.0,0.0,0.0,0.0,0.0,0.0,0.0,503.0,70.0,0.0,233.0,0.0,0.0,107.0,415.0,0.0,278.0,0.0,226.0,191.0,0.0
2021-11-09 17:00:00+00:00,0.0,256.0,8.0,486.0,486.0,550.0,616.0,0.0,0.0,133.0,0.0,0.0,0.0,122.0,0.0,0.0,153.0,0.0,0.0,0.0,123.0,70.0,0.0,0.0,0.0,0.0,0.0,0.0,503.0,83.0,0.0,147.0,0.0,0.0,96.0,464.0,0.0,208.0,0.0,262.0,202.0,0.0
2021-11-09 18:00:00+00:00,0.0,190.0,0.0,550.0,562.0,693.0,598.0,0.0,1.0,221.0,0.0,0.0,0.0,114.0,0.0,0.0,174.0,0.0,0.0,0.0,532.0,80.0,0.0,0.0,0.0,0.0,0.0,0.0,635.0,117.0,0.0,1.0,0.0,0.0,98.0,430.0,0.0,232.0,0.0,200.0,230.0,0.0
2021-11-09 19:00:00+00:00,0.0,216.0,4.0,610.0,662.0,734.0,589.0,0.0,14.0,317.0,0.0,0.0,0.0,130.0,0.0,0.0,154.0,0.0,0.0,0.0,555.0,84.0,0.0,0.0,0.0,273.0,0.0,0.0,386.0,112.0,0.0,0.0,0.0,0.0,132.0,401.0,0.0,230.0,0.0,142.0,268.0,0.0
2021-11-09 20:00:00+00:00,0.0,380.0,1.0,640.0,705.0,795.0,623.0,0.0,0.0,330.0,0.0,0.0,0.0,133.0,0.0,0.0,123.0,0.0,0.0,0.0,503.0,94.0,0.0,0.0,0.0,440.0,0.0,0.0,369.0,81.0,0.0,0.0,0.0,0.0,185.0,365.0,0.0,282.0,0.0,67.0,351.0,0.0
2021-11-09 21:00:00+00:00,0.0,333.0,0.0,679.0,742.0,779.0,644.0,0.0,0.0,364.0,0.0,0.0,0.0,138.0,0.0,0.0,96.0,0.0,0.0,0.0,493.0,92.0,0.0,0.0,0.0,356.0,0.0,2.0,368.0,57.0,0.0,0.0,0.0,0.0,164.0,336.0,0.0,238.0,0.0,42.0,391.0,0.0
2021-11-09 22:00:00+00:00,0.0,299.0,2.0,653.0,788.0,783.0,632.0,0.0,0.0,280.0,0.0,0.0,0.0,148.0,0.0,0.0,71.0,0.0,0.0,0.0,596.0,152.0,0.0,0.0,0.0,457.0,0.0,1.0,368.0,60.0,0.0,0.0,0.0,0.0,148.0,262.0,0.0,283.0,0.0,10.0,386.0,0.0
2021-11-09 23:00:00+00:00,0.0,336.0,2.0,577.0,757.0,782.0,633.0,0.0,0.0,285.0,0.0,0.0,0.0,155.0,0.0,0.0,52.0,0.0,0.0,0.0,555.0,131.0,0.0,0.0,0.0,641.0,0.0,0.0,368.0,81.0,0.0,0.0,0.0,0.0,107.0,274.0,0.0,220.0,0.0,58.0,357.0,0.0
2021-11-10 00:00:00+00:00,0.0,455.0,2.0,553.0,751.0,729.0,634.0,0.0,0.0,323.0,0.0,0.0,0.0,138.0,0.0,0.0,42.0,0.0,0.0,0.0,601.0,104.0,0.0,0.0,0.0,649.0,0.0,,369.0,71.0,0.0,0.0,0.0,0.0,129.0,221.0,0.0,224.0,0.0,,353.0,0.0
2021-11-10 01:00:00+00:00,0.0,537.0,2.0,531.0,713.0,723.0,635.0,0.0,0.0,318.0,0.0,0.0,0.0,103.0,0.0,0.0,38.0,0.0,0.0,0.0,602.0,130.0,0.0,0.0,0.0,601.0,0.0,7.0,368.0,80.0,0.0,0.0,0.0,0.0,180.0,163.0,0.0,191.0,0.0,0.0,332.0,0.0
2021-11-10 02:00:00+00:00,0.0,501.0,2.0,498.0,632.0,700.0,595.0,0.0,0.0,282.0,0.0,0.0,0.0,98.0,0.0,0.0,38.0,0.0,0.0,0.0,602.0,133.0,0.0,0.0,0.0,525.0,0.0,0.0,368.0,98.0,0.0,0.0,0.0,0.0,163.0,202.0,0.0,210.0,0.0,55.0,306.0,0.0
2021-11-10 03:00:00+00:00,0.0,566.0,0.0,527.0,684.0,663.0,572.0,0.0,0.0,307.0,0.0,0.0,0.0,80.0,0.0,0.0,46.0,0.0,0.0,0.0,601.0,122.0,0.0,0.0,0.0,518.0,0.0,0.0,368.0,121.0,0.0,0.0,0.0,0.0,200.0,210.0,0.0,232.0,0.0,27.0,306.0,0.0
2021-11-10 04:00:00+00:00,0.0,217.0,2.0,472.0,528.0,776.0,606.0,0.0,0.0,180.0,0.0,0.0,0.0,134.0,0.0,0.0,70.0,0.0,0.0,0.0,545.0,197.0,0.0,0.0,0.0,386.0,0.0,0.0,499.0,106.0,0.0,0.0,0.0,0.0,51.0,445.0,0.0,277.0,0.0,244.0,264.0,0.0
2021-11-10 05:00:00+00:00,0.0,272.0,2.0,366.0,367.0,611.0,572.0,0.0,0.0,153.0,0.0,0.0,0.0,92.0,0.0,0.0,107.0,0.0,0.0,0.0,368.0,102.0,0.0,0.0,0.0,167.0,0.0,0.0,500.0,81.0,0.0,0.0,0.0,0.0,120.0,508.0,0.0,220.0,0.0,283.0,222.0,0.0
2021-11-10 06:00:00+00:00,0.0,268.0,6.0,248.0,304.0,504.0,351.0,0.0,186.0,314.0,0.0,0.0,0.0,85.0,0.0,0.0,130.0,0.0,0.0,0.0,441.0,0.0,0.0,0.0,0.0,0.0,0.0,0.0,501.0,36.0,0.0,38.0,0.0,0.0,137.0,551.0,0.0,210.0,0.0,339.0,214.0,0.0
2021-11-10 07:00:00+00:00,0.0,147.0,2.0,309.0,495.0,491.0,359.0,0.0,294.0,357.0,0.0,0.0,0.0,123.0,0.0,0.0,74.0,0.0,0.0,0.0,483.0,0.0,0.0,0.0,0.0,0.0,0.0,0.0,501.0,13.0,0.0,411.0,0.0,0.0,98.0,493.0,0.0,200.0,0.0,348.0,218.0,0.0
2021-11-10 08:00:00+00:00,0.0,103.0,0.0,364.0,582.0,659.0,338.0,0.0,301.0,391.0,0.0,0.0,0.0,160.0,0.0,0.0,47.0,0.0,0.0,0.0,526.0,0.0,0.0,0.0,0.0,0.0,0.0,0.0,735.0,27.0,0.0,399.0,0.0,0.0,80.0,441.0,0.0,234.0,0.0,372.0,215.0,0.0
2021-11-10 09:00:00+00:00,0.0,77.0,1.0,424.0,615.0,687.0,351.0,0.0,188.0,349.0,0.0,0.0,0.0,193.0,0.0,0.0,97.0,0.0,0.0,0.0,539.0,0.0,0.0,0.0,0.0,0.0,0.0,0.0,954.0,11.0,0.0,300.0,0.0,0.0,53.0,446.0,0.0,234.0,0.0,425.0,219.0,0.0
2021-11-10 10:00:00+00:00,0.0,80.0,3.0,445.0,628.0,691.0,384.0,0.0,168.0,365.0,0.0,0.0,0.0,204.0,0.0,0.0,93.0,0.0,0.0,0.0,505.0,0.0,0.0,0.0,0.0,0.0,0.0,0.0,931.0,4.0,0.0,284.0,0.0,0.0,51.0,437.0,0.0,202.0,0.0,418.0,226.0,0.0
2021-11-10 11:00:00+00:00,0.0,108.0,0.0,422.0,614.0,663.0,366.0,0.0,185.0,363.0,0.0,0.0,0.0,204.0,0.0,0.0,102.0,0.0,0.0,0.0,473.0,0.0,0.0,0.0,0.0,0.0,0.0,0.0,718.0,21.0,0.0,332.0,0.0,0.0,50.0,415.0,0.0,239.0,0.0,396.0,221.0,0.0
2021-11-10 12:00:00+00:00,0.0,146.0,0.0,377.0,575.0,702.0,385.0,0.0,270.0,385.0,0.0,0.0,0.0,187.0,0.0,0.0,107.0,0.0,0.0,,487.0,0.0,0.0,0.0,0.0,0.0,,0.0,562.0,25.0,0.0,332.0,0.0,0.0,42.0,388.0,0.0,257.0,0.0,370.0,194.0,0.0
2021-11-10 13:00:00+00:00,0.0,111.0,3.0,320.0,455.0,752.0,413.0,0.0,318.0,376.0,0.0,0.0,0.0,148.0,0.0,0.0,120.0,0.0,0.0,0.0,325.0,0.0,0.0,0.0,0.0,0.0,0.0,0.0,500.0,10.0,0.0,306.0,0.0,0.0,37.0,458.0,0.0,251.0,0.0,368.0,165.0,0.0
2021-11-10 14:00:00+00:00,0.0,294.0,6.0,235.0,235.0,771.0,417.0,0.0,245.0,269.0,0.0,0.0,0.0,78.0,0.0,0.0,135.0,0.0,0.0,0.0,114.0,0.0,0.0,0.0,0.0,0.0,0.0,0.0,499.0,37.0,0.0,157.0,0.0,0.0,71.0,519.0,0.0,224.0,0.0,359.0,161.0,0.0
2021-11-10 15:00:00+00:00,0.0,242.0,9.0,230.0,294.0,803.0,425.0,0.0,335.0,306.0,0.0,0.0,0.0,71.0,0.0,0.0,82.0,0.0,0.0,0.0,124.0,0.0,0.0,0.0,0.0,0.0,0.0,0.0,499.0,43.0,0.0,364.0,0.0,0.0,50.0,520.0,0.0,236.0,0.0,353.0,165.0,0.0
2021-11-10 16:00:00+00:00,0.0,365.0,0.0,219.0,349.0,805.0,446.0,0.0,444.0,378.0,0.0,0.0,0.0,70.0,0.0,0.0,97.0,0.0,0.0,0.0,74.0,0.0,0.0,0.0,0.0,0.0,0.0,0.0,499.0,36.0,0.0,485.0,0.0,0.0,78.0,498.0,0.0,229.0,0.0,314.0,188.0,0.0
2021-11-10 17:00:00+00:00,0.0,265.0,2.0,259.0,381.0,805.0,471.0,0.0,401.0,383.0,0.0,0.0,0.0,92.0,0.0,0.0,105.0,0.0,0.0,0.0,390.0,0.0,0.0,0.0,0.0,0.0,0.0,0.0,490.0,52.0,0.0,389.0,0.0,0.0,67.0,531.0,0.0,199.0,0.0,325.0,206.0,0.0
2021-11-10 18:00:00+00:00,0.0,122.0,2.0,287.0,382.0,763.0,481.0,0.0,283.0,333.0,0.0,0.0,0.0,119.0,0.0,0.0,94.0,0.0,0.0,0.0,288.0,0.0,0.0,0.0,0.0,0.0,0.0,0.0,543.0,83.0,0.0,242.0,0.0,0.0,45.0,589.0,0.0,186.0,0.0,368.0,216.0,0.0
2021-11-10 19:00:00+00:00,0.0,122.0,0.0,340.0,431.0,701.0,521.0,0.0,209.0,339.0,0.0,0.0,0.0,133.0,0.0,0.0,145.0,0.0,0.0,0.0,255.0,0.0,0.0,0.0,0.0,0.0,0.0,0.0,548.0,45.0,0.0,84.0,0.0,0.0,62.0,579.0,0.0,237.0,0.0,365.0,234.0,0.0
2021-11-10 20:00:00+00:00,0.0,65.0,1.0,421.0,452.0,710.0,500.0,0.0,47.0,312.0,0.0,0.0,0.0,172.0,0.0,0.0,125.0,0.0,0.0,0.0,298.0,0.0,0.0,0.0,0.0,99.0,0.0,0.0,359.0,64.0,0.0,0.0,0.0,0.0,31.0,574.0,0.0,242.0,0.0,344.0,300.0,0.0
2021-11-10 21:00:00+00:00,0.0,21.0,2.0,458.0,477.0,703.0,468.0,0.0,13.0,314.0,0.0,0.0,4.0,186.0,0.0,0.0,93.0,0.0,0.0,0.0,352.0,9.0,0.0,0.0,0.0,155.0,0.0,0.0,358.0,94.0,0.0,0.0,0.0,0.0,0.0,590.0,0.0,220.0,0.0,379.0,312.0,0.0
2021-11-10 22:00:00+00:00,0.0,124.0,2.0,480.0,529.0,644.0,412.0,0.0,2.0,264.0,0.0,0.0,0.0,167.0,0.0,0.0,69.0,0.0,0.0,0.0,540.0,32.0,0.0,0.0,0.0,224.0,0.0,0.0,359.0,112.0,0.0,0.0,0.0,0.0,68.0,480.0,0.0,198.0,0.0,269.0,346.0,0.0
2021-11-10 23:00:00+00:00,0.0,0.0,5.0,524.0,575.0,727.0,432.0,0.0,0.0,157.0,0.0,82.0,102.0,220.0,0.0,0.0,50.0,0.0,0.0,0.0,600.0,212.0,0.0,0.0,0.0,520.0,0.0,0.0,360.0,137.0,0.0,0.0,0.0,0.0,0.0,446.0,0.0,172.0,0.0,270.0,343.0,0.0
2021-11-11 00:00:00+00:00,0.0,60.0,10.0,540.0,590.0,692.0,423.0,0.0,0.0,151.0,0.0,0.0,70.0,204.0,0.0,0.0,42.0,0.0,0.0,0.0,602.0,272.0,0.0,0.0,0.0,551.0,0.0,0.0,359.0,118.0,0.0,0.0,0.0,0.0,0.0,386.0,0.0,142.0,0.0,242.0,329.0,0.0
2021-11-11 01:00:00+00:00,0.0,254.0,6.0,523.0,590.0,685.0,430.0,0.0,0.0,174.0,0.0,0.0,0.0,151.0,0.0,0.0,38.0,0.0,0.0,0.0,602.0,251.0,0.0,0.0,0.0,494.0,0.0,0.0,359.0,140.0,0.0,0.0,0.0,0.0,19.0,319.0,0.0,122.0,0.0,197.0,309.0,0.0
2021-11-11 02:00:00+00:00,0.0,301.0,6.0,506.0,568.0,660.0,421.0,0.0,0.0,184.0,0.0,0.0,0.0,123.0,0.0,0.0,37.0,0.0,0.0,0.0,602.0,241.0,0.0,0.0,0.0,472.0,0.0,0.0,360.0,160.0,0.0,0.0,0.0,0.0,52.0,280.0,0.0,145.0,0.0,177.0,288.0,0.0
2021-11-11 03:00:00+00:00,0.0,102.0,3.0,487.0,490.0,621.0,370.0,0.0,0.0,145.0,0.0,0.0,11.0,129.0,0.0,0.0,43.0,0.0,0.0,0.0,579.0,304.0,0.0,0.0,0.0,427.0,0.0,0.0,358.0,176.0,0.0,0.0,0.0,0.0,0.0,341.0,0.0,163.0,0.0,234.0,264.0,0.0
2021-11-11 04:00:00+00:00,0.0,0.0,6.0,392.0,346.0,505.0,344.0,0.0,0.0,106.0,0.0,158.0,94.0,154.0,0.0,0.0,65.0,0.0,0.0,0.0,586.0,208.0,0.0,0.0,0.0,304.0,0.0,0.0,358.0,136.0,0.0,0.0,0.0,0.0,0.0,573.0,0.0,157.0,0.0,456.0,209.0,0.0
2021-11-11 05:00:00+00:00,0.0,226.0,10.0,260.0,232.0,465.0,274.0,0.0,6.0,139.0,0.0,0.0,0.0,78.0,0.0,0.0,16.0,0.0,0.0,0.0,102.0,31.0,0.0,0.0,0.0,88.0,0.0,0.0,358.0,119.0,0.0,0.0,0.0,0.0,57.0,581.0,0.0,166.0,0.0,373.0,222.0,0.0
2021-11-11 06:00:00+00:00,0.0,205.0,2.0,174.0,221.0,409.0,286.0,0.0,271.0,344.0,0.0,0.0,0.0,67.0,0.0,0.0,0.0,0.0,0.0,0.0,56.0,0.0,0.0,0.0,0.0,0.0,0.0,0.0,354.0,116.0,0.0,116.0,0.0,0.0,61.0,583.0,0.0,223.0,0.0,389.0,234.0,0.0
2021-11-11 07:00:00+00:00,0.0,110.0,2.0,231.0,257.0,449.0,287.0,0.0,271.0,336.0,0.0,0.0,0.0,118.0,0.0,0.0,0.0,0.0,0.0,0.0,160.0,0.0,0.0,0.0,0.0,0.0,0.0,0.0,354.0,114.0,0.0,132.0,0.0,0.0,17.0,622.0,0.0,190.0,0.0,473.0,273.0,0.0
2021-11-11 08:00:00+00:00,0.0,0.0,1.0,326.0,341.0,452.0,325.0,0.0,140.0,293.0,0.0,8.0,17.0,171.0,0.0,0.0,0.0,0.0,0.0,0.0,99.0,0.0,0.0,0.0,0.0,0.0,0.0,0.0,591.0,93.0,0.0,54.0,0.0,0.0,0.0,599.0,0.0,243.0,0.0,503.0,298.0,0.0
2021-11-11 09:00:00+00:00,0.0,0.0,1.0,412.0,398.0,491.0,318.0,0.0,3.0,221.0,0.0,81.0,44.0,210.0,0.0,0.0,0.0,0.0,0.0,0.0,108.0,31.0,0.0,0.0,0.0,75.0,0.0,0.0,662.0,99.0,0.0,0.0,0.0,0.0,0.0,589.0,0.0,235.0,0.0,514.0,303.0,0.0
2021-11-11 10:00:00+00:00,0.0,213.0,2.0,401.0,494.0,518.0,344.0,0.0,156.0,374.0,0.0,0.0,0.0,171.0,0.0,0.0,0.0,0.0,0.0,0.0,101.0,0.0,0.0,0.0,0.0,76.0,0.0,0.0,654.0,102.0,0.0,0.0,0.0,0.0,67.0,495.0,0.0,243.0,0.0,398.0,321.0,0.0
2021-11-11 11:00:00+00:00,0.0,235.0,2.0,394.0,460.0,518.0,345.0,0.0,91.0,313.0,0.0,0.0,0.0,159.0,0.0,0.0,0.0,0.0,0.0,0.0,2.0,0.0,0.0,0.0,0.0,60.0,0.0,0.0,562.0,98.0,0.0,0.0,0.0,0.0,77.0,501.0,0.0,200.0,0.0,402.0,308.0,0.0
2021-11-11 12:00:00+00:00,0.0,90.0,2.0,395.0,424.0,490.0,324.0,0.0,59.0,296.0,0.0,0.0,0.0,171.0,0.0,0.0,0.0,0.0,0.0,0.0,91.0,0.0,0.0,0.0,0.0,87.0,0.0,0.0,355.0,110.0,0.0,0.0,0.0,0.0,52.0,545.0,0.0,219.0,0.0,433.0,299.0,0.0
2021-11-11 13:00:00+00:00,0.0,115.0,16.0,335.0,328.0,465.0,322.0,0.0,98.0,257.0,0.0,0.0,0.0,149.0,0.0,0.0,0.0,0.0,0.0,,60.0,0.0,0.0,0.0,0.0,99.0,,0.0,353.0,105.0,0.0,0.0,0.0,0.0,36.0,652.0,0.0,193.0,0.0,479.0,254.0,0.0
2021-11-11 14:00:00+00:00,0.0,247.0,2.0,281.0,222.0,472.0,335.0,0.0,28.0,92.0,0.0,0.0,0.0,102.0,0.0,244.0,0.0,0.0,0.0,0.0,0.0,0.0,0.0,0.0,0.0,15.0,0.0,0.0,354.0,90.0,0.0,0.0,0.0,0.0,32.0,732.0,0.0,218.0,0.0,467.0,199.0,0.0
2021-11-11 15:00:00+00:00,0.0,291.0,0.0,258.0,263.0,541.0,374.0,0.0,168.0,159.0,0.0,0.0,0.0,75.0,0.0,267.0,0.0,0.0,0.0,0.0,0.0,0.0,0.0,0.0,0.0,0.0,0.0,0.0,354.0,94.0,0.0,170.0,0.0,0.0,51.0,740.0,0.0,247.0,0.0,447.0,193.0,0.0
2021-11-11 16:00:00+00:00,0.0,352.0,2.0,286.0,323.0,526.0,401.0,0.0,164.0,189.0,0.0,0.0,0.0,81.0,0.0,228.0,0.0,0.0,0.0,0.0,0.0,0.0,0.0,0.0,0.0,0.0,0.0,0.0,354.0,109.0,0.0,274.0,0.0,0.0,62.0,650.0,0.0,205.0,0.0,412.0,228.0,0.0
2021-11-11 17:00:00+00:00,0.0,372.0,1.0,303.0,372.0,543.0,412.0,0.0,225.0,246.0,0.0,0.0,0.0,75.0,0.0,0.0,0.0,0.0,0.0,0.0,1.0,0.0,0.0,1.0,0.0,0.0,0.0,0.0,354.0,112.0,0.0,211.0,0.0,0.0,85.0,619.0,0.0,198.0,0.0,383.0,239.0,0.0
2021-11-11 18:00:00+00:00,0.0,174.0,48.0,368.0,363.0,556.0,418.0,0.0,13.0,121.0,0.0,0.0,0.0,107.0,0.0,0.0,52.0,0.0,0.0,0.0,63.0,2.0,0.0,0.0,0.0,0.0,0.0,0.0,801.0,101.0,0.0,134.0,0.0,0.0,20.0,609.0,0.0,158.0,0.0,391.0,221.0,0.0
2021-11-11 19:00:00+00:00,0.0,171.0,1.0,410.0,461.0,544.0,445.0,0.0,63.0,232.0,0.0,0.0,0.0,125.0,0.0,0.0,101.0,0.0,0.0,0.0,54.0,0.0,0.0,0.0,0.0,27.0,0.0,0.0,668.0,101.0,0.0,0.0,0.0,0.0,57.0,601.0,0.0,218.0,0.0,351.0,258.0,0.0
2021-11-11 20:00:00+00:00,0.0,174.0,2.0,460.0,498.0,591.0,457.0,0.0,2.0,257.0,0.0,0.0,0.0,120.0,0.0,0.0,112.0,0.0,0.0,0.0,123.0,21.0,0.0,0.0,0.0,297.0,0.0,0.0,627.0,65.0,0.0,0.0,0.0,0.0,78.0,531.0,0.0,230.0,0.0,235.0,345.0,0.0
2021-11-11 21:00:00+00:00,0.0,133.0,2.0,513.0,558.0,571.0,417.0,0.0,0.0,280.0,0.0,0.0,0.0,141.0,0.0,0.0,89.0,0.0,0.0,0.0,202.0,46.0,0.0,0.0,0.0,263.0,0.0,0.0,405.0,81.0,0.0,0.0,0.0,0.0,39.0,521.0,0.0,257.0,0.0,234.0,384.0,0.0
2021-11-11 22:00:00+00:00,0.0,266.0,0.0,531.0,664.0,613.0,456.0,0.0,34.0,317.0,0.0,0.0,0.0,132.0,0.0,0.0,63.0,0.0,0.0,0.0,484.0,2.0,0.0,0.0,0.0,365.0,0.0,0.0,398.0,104.0,0.0,0.0,0.0,0.0,91.0,395.0,0.0,228.0,0.0,161.0,377.0,0.0
2021-11-11 23:00:00+00:00,0.0,140.0,0.0,616.0,709.0,627.0,430.0,0.0,0.0,168.0,0.0,0.0,40.0,198.0,0.0,0.0,46.0,0.0,0.0,0.0,499.0,266.0,0.0,0.0,0.0,614.0,0.0,0.0,353.0,110.0,0.0,0.0,0.0,0.0,0.0,503.0,0.0,210.0,0.0,196.0,311.0,0.0
2021-11-12 00:00:00+00:00,0.0,125.0,1.0,625.0,723.0,579.0,448.0,0.0,0.0,180.0,0.0,0.0,24.0,187.0,0.0,0.0,37.0,0.0,0.0,0.0,514.0,317.0,0.0,0.0,0.0,674.0,0.0,0.0,353.0,100.0,0.0,0.0,0.0,0.0,0.0,486.0,0.0,216.0,0.0,175.0,307.0,0.0
2021-11-12 01:00:00+00:00,0.0,216.0,1.0,612.0,708.0,588.0,423.0,0.0,0.0,198.0,0.0,0.0,0.0,165.0,0.0,0.0,30.0,0.0,0.0,0.0,580.0,307.0,0.0,0.0,0.0,710.0,0.0,0.0,354.0,103.0,0.0,0.0,0.0,0.0,16.0,477.0,0.0,247.0,0.0,170.0,306.0,0.0
2021-11-12 02:00:00+00:00,0.0,203.0,1.0,594.0,667.0,586.0,512.0,0.0,0.0,172.0,0.0,0.0,0.0,149.0,0.0,0.0,30.0,0.0,0.0,0.0,571.0,323.0,0.0,0.0,0.0,632.0,0.0,0.0,353.0,120.0,0.0,0.0,0.0,0.0,16.0,505.0,0.0,229.0,0.0,190.0,313.0,0.0
2021-11-12 03:00:00+00:00,0.0,105.0,1.0,527.0,587.0,586.0,525.0,0.0,0.0,213.0,0.0,0.0,8.0,140.0,0.0,0.0,35.0,0.0,0.0,0.0,579.0,233.0,0.0,0.0,0.0,516.0,0.0,0.0,529.0,112.0,0.0,0.0,0.0,0.0,0.0,568.0,0.0,216.0,0.0,236.0,291.0,0.0
2021-11-12 04:00:00+00:00,0.0,47.0,2.0,396.0,415.0,530.0,509.0,0.0,0.0,168.0,0.0,0.0,74.0,137.0,0.0,0.0,61.0,0.0,0.0,0.0,324.0,115.0,0.0,0.0,0.0,313.0,0.0,0.0,972.0,88.0,0.0,0.0,0.0,0.0,0.0,693.0,0.0,242.0,0.0,388.0,193.0,0.0
2021-11-12 05:00:00+00:00,0.0,202.0,3.0,278.0,268.0,618.0,530.0,0.0,14.0,116.0,0.0,0.0,0.0,91.0,0.0,224.0,99.0,0.0,0.0,0.0,0.0,7.0,0.0,0.0,0.0,193.0,0.0,0.0,1170.0,60.0,0.0,0.0,0.0,0.0,6.0,729.0,0.0,220.0,0.0,393.0,158.0,0.0
2021-11-12 06:00:00+00:00,0.0,127.0,2.0,220.0,232.0,647.0,518.0,0.0,181.0,251.0,0.0,0.0,0.0,95.0,0.0,139.0,114.0,0.0,0.0,0.0,0.0,0.0,0.0,0.0,0.0,0.0,0.0,0.0,1158.0,53.0,0.0,138.0,0.0,0.0,80.0,715.0,0.0,230.0,0.0,396.0,161.0,0.0
2021-11-12 07:00:00+00:00,0.0,138.0,0.0,258.0,243.0,677.0,512.0,0.0,137.0,204.0,0.0,0.0,0.0,118.0,0.0,207.0,92.0,0.0,0.0,0.0,0.0,0.0,0.0,0.0,0.0,0.0,0.0,0.0,1158.0,38.0,0.0,123.0,0.0,0.0,85.0,643.0,0.0,281.0,0.0,435.0,130.0,0.0
2021-11-12 08:00:00+00:00,0.0,119.0,2.0,303.0,361.0,709.0,518.0,0.0,220.0,308.0,0.0,0.0,0.0,143.0,0.0,177.0,65.0,0.0,0.0,0.0,0.0,0.0,0.0,0.0,0.0,0.0,0.0,0.0,1303.0,24.0,0.0,122.0,0.0,0.0,92.0,528.0,0.0,259.0,0.0,399.0,130.0,0.0
2021-11-12 09:00:00+00:00,0.0,139.0,0.0,338.0,407.0,718.0,518.0,0.0,162.0,298.0,0.0,0.0,0.0,157.0,0.0,166.0,45.0,0.0,0.0,0.0,0.0,0.0,0.0,0.0,0.0,0.0,0.0,0.0,1332.0,12.0,0.0,79.0,0.0,0.0,100.0,479.0,0.0,227.0,0.0,369.0,111.0,0.0
2021-11-12 10:00:00+00:00,0.0,187.0,2.0,374.0,433.0,710.0,489.0,0.0,91.0,281.0,0.0,0.0,0.0,173.0,0.0,276.0,29.0,0.0,0.0,0.0,0.0,0.0,0.0,0.0,0.0,0.0,0.0,0.0,1364.0,23.0,0.0,18.0,0.0,0.0,61.0,463.0,0.0,192.0,0.0,361.0,117.0,0.0
2021-11-12 11:00:00+00:00,0.0,156.0,0.0,382.0,426.0,749.0,530.0,0.0,60.0,266.0,0.0,0.0,0.0,166.0,0.0,310.0,31.0,0.0,0.0,0.0,0.0,0.0,0.0,0.0,0.0,30.0,0.0,0.0,1385.0,11.0,0.0,0.0,0.0,0.0,53.0,474.0,0.0,227.0,0.0,356.0,119.0,0.0
2021-11-12 12:00:00+00:00,0.0,0.0,2.0,380.0,404.0,742.0,536.0,0.0,37.0,246.0,0.0,2.0,0.0,178.0,0.0,276.0,45.0,0.0,0.0,0.0,0.0,0.0,0.0,0.0,0.0,25.0,0.0,0.0,1173.0,7.0,0.0,0.0,0.0,0.0,5.0,527.0,0.0,239.0,0.0,390.0,115.0,0.0
2021-11-12 13:00:00+00:00,0.0,0.0,2.0,352.0,297.0,739.0,545.0,0.0,0.0,144.0,0.0,77.0,62.0,172.0,0.0,325.0,68.0,0.0,0.0,,0.0,69.0,0.0,0.0,0.0,0.0,,0.0,1163.0,19.0,0.0,79.0,0.0,0.0,0.0,646.0,0.0,211.0,0.0,439.0,94.0,0.0
2021-11-12 14:00:00+00:00,0.0,0.0,30.0,307.0,214.0,719.0,518.0,0.0,0.0,48.0,0.0,9.0,71.0,146.0,0.0,331.0,107.0,0.0,0.0,0.0,0.0,108.0,0.0,0.0,0.0,0.0,0.0,0.0,1163.0,17.0,0.0,158.0,0.0,0.0,0.0,708.0,0.0,205.0,0.0,434.0,83.0,0.0
2021-11-12 15:00:00+00:00,2.0,140.0,1.0,313.0,243.0,718.0,530.0,0.0,0.0,22.0,0.0,0.0,58.0,132.0,0.0,352.0,95.0,0.0,0.0,0.0,0.0,79.0,0.0,0.0,0.0,0.0,0.0,0.0,1162.0,10.0,0.0,234.0,0.0,0.0,0.0,732.0,0.0,252.0,0.0,437.0,100.0,0.0
2021-11-12 16:00:00+00:00,24.0,154.0,39.0,328.0,255.0,646.0,535.0,0.0,1.0,5.0,0.0,0.0,61.0,135.0,0.0,374.0,108.0,0.0,0.0,0.0,0.0,111.0,0.0,0.0,0.0,0.0,0.0,0.0,1162.0,18.0,0.0,247.0,0.0,0.0,0.0,795.0,137.0,134.0,0.0,490.0,113.0,0.0
2021-11-12 17:00:00+00:00,23.0,162.0,120.0,303.0,244.0,662.0,552.0,0.0,0.0,1.0,0.0,0.0,75.0,129.0,0.0,272.0,123.0,0.0,0.0,0.0,0.0,63.0,0.0,0.0,0.0,0.0,0.0,0.0,1163.0,19.0,0.0,229.0,0.0,0.0,0.0,772.0,360.0,4.0,0.0,480.0,95.0,0.0
2021-11-12 18:00:00+00:00,46.0,166.0,139.0,294.0,222.0,680.0,553.0,0.0,0.0,0.0,0.0,0.0,80.0,121.0,0.0,247.0,107.0,0.0,0.0,0.0,0.0,95.0,0.0,0.0,0.0,0.0,0.0,0.0,1353.0,20.0,0.0,221.0,0.0,0.0,0.0,741.0,338.0,2.0,0.0,447.0,90.0,0.0
2021-11-12 19:00:00+00:00,0.0,0.0,144.0,338.0,279.0,702.0,553.0,0.0,0.0,43.0,0.0,114.0,110.0,162.0,0.0,186.0,136.0,0.0,0.0,0.0,0.0,113.0,0.0,0.0,0.0,0.0,0.0,0.0,1338.0,51.0,0.0,60.0,0.0,0.0,0.0,720.0,371.0,2.0,0.0,439.0,103.0,0.0
2021-11-12 20:00:00+00:00,0.0,0.0,157.0,350.0,313.0,674.0,605.0,0.0,0.0,81.0,0.0,18.0,115.0,170.0,0.0,368.0,114.0,0.0,0.0,0.0,0.0,90.0,0.0,0.0,0.0,185.0,0.0,0.0,1361.0,30.0,0.0,0.0,0.0,0.0,0.0,657.0,388.0,2.0,0.0,394.0,134.0,0.0
2021-11-12 21:00:00+00:00,0.0,0.0,146.0,343.0,289.0,737.0,605.0,0.0,0.0,69.0,0.0,77.0,165.0,185.0,0.0,388.0,91.0,0.0,0.0,0.0,0.0,72.0,0.0,0.0,0.0,245.0,0.0,0.0,1380.0,5.0,0.0,0.0,0.0,0.0,0.0,666.0,383.0,2.0,0.0,471.0,106.0,0.0
2021-11-12 22:00:00+00:00,17.0,0.0,208.0,355.0,277.0,731.0,603.0,0.0,0.0,5.0,0.0,108.0,184.0,216.0,0.0,159.0,64.0,0.0,0.0,0.0,0.0,156.0,0.0,0.0,0.0,315.0,0.0,0.0,1353.0,8.0,0.0,0.0,0.0,0.0,0.0,645.0,413.0,4.0,0.0,504.0,108.0,0.0
2021-11-12 23:00:00+00:00,9.0,0.0,297.0,430.0,367.0,753.0,650.0,0.0,0.0,11.0,0.0,92.0,223.0,276.0,0.0,0.0,44.0,0.0,4.0,0.0,67.0,251.0,0.0,0.0,0.0,476.0,0.0,0.0,1314.0,0.0,0.0,0.0,0.0,0.0,0.0,690.0,547.0,0.0,0.0,519.0,190.0,0.0
2021-11-13 00:00:00+00:00,5.0,0.0,311.0,446.0,406.0,710.0,650.0,0.0,0.0,12.0,0.0,113.0,224.0,267.0,0.0,0.0,31.0,0.0,13.0,0.0,195.0,279.0,0.0,0.0,0.0,478.0,0.0,0.0,1264.0,0.0,0.0,0.0,0.0,0.0,0.0,669.0,592.0,0.0,0.0,498.0,210.0,0.0
2021-11-13 01:00:00+00:00,0.0,0.0,323.0,458.0,431.0,716.0,650.0,0.0,0.0,63.0,0.0,87.0,218.0,257.0,0.0,0.0,25.0,0.0,15.0,0.0,351.0,266.0,0.0,0.0,0.0,517.0,0.0,0.0,1254.0,0.0,0.0,0.0,0.0,0.0,0.0,682.0,607.0,0.0,0.0,498.0,230.0,0.0
2021-11-13 02:00:00+00:00,0.0,0.0,315.0,443.0,401.0,692.0,650.0,0.0,0.0,46.0,0.0,51.0,194.0,231.0,0.0,0.0,26.0,0.0,0.0,0.0,333.0,275.0,0.0,0.0,0.0,474.0,0.0,0.0,1136.0,22.0,0.0,0.0,0.0,0.0,0.0,608.0,600.0,0.0,0.0,464.0,183.0,0.0
2021-11-13 03:00:00+00:00,1.0,0.0,298.0,437.0,366.0,684.0,648.0,0.0,0.0,33.0,0.0,97.0,215.0,239.0,0.0,0.0,31.0,0.0,0.0,0.0,368.0,288.0,0.0,0.0,0.0,431.0,0.0,0.0,1098.0,30.0,0.0,0.0,0.0,0.0,0.0,644.0,573.0,0.0,0.0,505.0,165.0,0.0
2021-11-13 04:00:00+00:00,6.0,0.0,263.0,405.0,313.0,626.0,633.0,0.0,0.0,15.0,0.0,46.0,204.0,236.0,0.0,0.0,40.0,0.0,0.0,,248.0,292.0,0.0,0.0,0.0,410.0,,0.0,1229.0,25.0,0.0,0.0,0.0,0.0,0.0,705.0,550.0,0.0,0.0,546.0,159.0,0.0
2021-11-13 05:00:00+00:00,44.0,0.0,236.0,365.0,227.0,590.0,604.0,0.0,0.0,0.0,0.0,7.0,155.0,212.0,0.0,0.0,59.0,0.0,0.0,0.0,59.0,306.0,0.0,0.0,0.0,221.0,0.0,0.0,1384.0,36.0,0.0,0.0,0.0,0.0,0.0,729.0,487.0,0.0,0.0,565.0,163.0,0.0
2021-11-13 06:00:00+00:00,2.0,0.0,170.0,342.0,224.0,614.0,625.0,0.0,0.0,25.0,0.0,119.0,145.0,211.0,0.0,137.0,75.0,0.0,0.0,0.0,0.0,235.0,0.0,0.0,0.0,25.0,0.0,0.0,1370.0,54.0,0.0,0.0,0.0,0.0,0.0,763.0,477.0,1.0,0.0,593.0,172.0,0.0
2021-11-13 07:00:00+00:00,0.0,0.0,170.0,369.0,285.0,689.0,645.0,0.0,0.0,73.0,0.0,123.0,159.0,223.0,0.0,262.0,72.0,0.0,0.0,0.0,0.0,129.0,0.0,0.0,0.0,0.0,0.0,0.0,1426.0,55.0,0.0,95.0,0.0,0.0,0.0,733.0,496.0,1.0,0.0,564.0,177.0,0.0
2021-11-13 08:00:00+00:00,0.0,0.0,190.0,376.0,324.0,718.0,647.0,0.0,0.0,123.0,0.0,124.0,132.0,222.0,0.0,196.0,54.0,0.0,0.0,0.0,0.0,98.0,0.0,0.0,0.0,0.0,0.0,0.0,1404.0,43.0,0.0,57.0,0.0,0.0,0.0,676.0,485.0,0.0,0.0,518.0,209.0,0.0
2021-11-13 09:00:00+00:00,0.0,0.0,186.0,370.0,348.0,746.0,647.0,0.0,0.0,142.0,0.0,54.0,94.0,202.0,0.0,283.0,57.0,0.0,0.0,0.0,0.0,77.0,0.0,0.0,0.0,9.0,0.0,0.0,1402.0,50.0,0.0,0.0,0.0,0.0,0.0,640.0,469.0,0.0,0.0,501.0,256.0,0.0
2021-11-13 10:00:00+00:00,0.0,22.0,182.0,367.0,354.0,726.0,647.0,0.0,0.0,145.0,0.0,0.0,64.0,190.0,0.0,299.0,56.0,0.0,0.0,0.0,0.0,72.0,0.0,0.0,0.0,49.0,0.0,0.0,1361.0,34.0,0.0,0.0,0.0,0.0,0.0,689.0,463.0,2.0,0.0,501.0,295.0,0.0
2021-11-13 11:00:00+00:00,0.0,47.0,224.0,367.0,334.0,750.0,647.0,0.0,0.0,109.0,0.0,0.0,69.0,198.0,0.0,298.0,49.0,0.0,0.0,0.0,0.0,119.0,0.0,0.0,0.0,56.0,0.0,0.0,1339.0,24.0,0.0,0.0,0.0,0.0,0.0,726.0,485.0,0.0,0.0,518.0,288.0,0.0
2021-11-13 12:00:00+00:00,0.0,0.0,200.0,360.0,322.0,722.0,647.0,0.0,0.0,97.0,0.0,50.0,93.0,201.0,0.0,333.0,61.0,0.0,0.0,0.0,0.0,128.0,0.0,0.0,0.0,76.0,0.0,0.0,1350.0,24.0,0.0,0.0,0.0,0.0,0.0,728.0,488.0,0.0,0.0,503.0,242.0,0.0
2021-11-13 13:00:00+00:00,0.0,0.0,220.0,345.0,263.0,716.0,647.0,0.0,0.0,48.0,0.0,144.0,133.0,196.0,0.0,376.0,69.0,0.0,0.0,,0.0,173.0,0.0,0.0,0.0,84.0,,0.0,1358.0,40.0,0.0,0.0,0.0,0.0,0.0,793.0,497.0,0.0,0.0,553.0,203.0,0.0
2021-11-13 14:00:00+00:00,15.0,0.0,192.0,317.0,222.0,680.0,644.0,0.0,0.0,7.0,0.0,97.0,134.0,172.0,0.0,426.0,83.0,0.0,0.0,0.0,0.0,189.0,0.0,0.0,0.0,33.0,0.0,0.0,1375.0,37.0,0.0,0.0,0.0,0.0,0.0,798.0,451.0,1.0,0.0,577.0,186.0,0.0
2021-11-13 15:00:00+00:00,33.0,0.0,179.0,325.0,252.0,684.0,643.0,0.0,0.0,5.0,0.0,93.0,136.0,160.0,0.0,448.0,110.0,0.0,0.0,0.0,0.0,149.0,0.0,0.0,0.0,0.0,0.0,0.0,1393.0,30.0,0.0,107.0,0.0,0.0,0.0,752.0,450.0,0.0,0.0,570.0,159.0,0.0
2021-11-13 16:00:00+00:00,19.0,0.0,194.0,333.0,269.0,656.0,650.0,0.0,0.0,2.0,0.0,95.0,126.0,168.0,0.0,429.0,110.0,0.0,0.0,0.0,0.0,133.0,0.0,0.0,0.0,0.0,0.0,0.0,1361.0,18.0,0.0,234.0,0.0,0.0,0.0,731.0,459.0,0.0,0.0,562.0,167.0,0.0
2021-11-13 17:00:00+00:00,15.0,0.0,170.0,350.0,287.0,737.0,644.0,0.0,0.0,4.0,0.0,118.0,131.0,167.0,0.0,272.0,114.0,0.0,0.0,0.0,0.0,128.0,0.0,0.0,0.0,0.0,0.0,0.0,1325.0,36.0,0.0,174.0,0.0,0.0,0.0,709.0,457.0,0.0,0.0,552.0,163.0,0.0
2021-11-13 18:00:00+00:00,5.0,0.0,185.0,370.0,305.0,740.0,647.0,0.0,0.0,15.0,0.0,147.0,125.0,169.0,0.0,108.0,108.0,0.0,0.0,0.0,0.0,138.0,0.0,0.0,0.0,0.0,0.0,0.0,1382.0,62.0,0.0,42.0,0.0,0.0,0.0,728.0,462.0,1.0,0.0,552.0,182.0,0.0
2021-11-13 19:00:00+00:00,0.0,0.0,180.0,398.0,352.0,776.0,648.0,0.0,0.0,101.0,0.0,259.0,124.0,183.0,0.0,0.0,122.0,0.0,0.0,0.0,50.0,116.0,0.0,0.0,0.0,163.0,0.0,0.0,1403.0,56.0,0.0,0.0,0.0,0.0,0.0,692.0,480.0,1.0,0.0,503.0,194.0,0.0
2021-11-13 20:00:00+00:00,0.0,0.0,231.0,369.0,300.0,738.0,649.0,0.0,0.0,110.0,0.0,234.0,125.0,188.0,0.0,0.0,101.0,0.0,0.0,0.0,86.0,122.0,0.0,0.0,0.0,283.0,0.0,0.0,1382.0,29.0,0.0,0.0,0.0,0.0,0.0,683.0,485.0,0.0,0.0,502.0,186.0,0.0
2021-11-13 21:00:00+00:00,0.0,0.0,207.0,406.0,370.0,759.0,648.0,0.0,0.0,151.0,0.0,115.0,93.0,191.0,0.0,0.0,75.0,0.0,0.0,0.0,109.0,74.0,0.0,0.0,0.0,305.0,0.0,0.0,1392.0,29.0,0.0,0.0,0.0,0.0,0.0,677.0,530.0,2.0,0.0,445.0,228.0,0.0
2021-11-13 22:00:00+00:00,0.0,49.0,278.0,446.0,400.0,733.0,646.0,0.0,0.0,59.0,0.0,0.0,65.0,198.0,0.0,0.0,52.0,0.0,0.0,0.0,124.0,160.0,0.0,0.0,0.0,362.0,0.0,0.0,1155.0,11.0,0.0,0.0,0.0,0.0,0.0,618.0,577.0,0.0,0.0,387.0,245.0,0.0
2021-11-13 23:00:00+00:00,4.0,0.0,242.0,372.0,331.0,850.0,630.0,0.0,0.0,15.0,0.0,339.0,259.0,267.0,0.0,0.0,38.0,0.0,0.0,,2.0,163.0,0.0,0.0,0.0,422.0,,0.0,1096.0,39.0,0.0,0.0,0.0,0.0,0.0,778.0,511.0,0.0,0.0,628.0,179.0,0.0
2021-11-14 00:00:00+00:00,61.0,0.0,250.0,387.0,292.0,846.0,636.0,0.0,0.0,1.0,0.0,374.0,246.0,248.0,0.0,0.0,27.0,0.0,0.0,0.0,117.0,307.0,0.0,0.0,0.0,423.0,0.0,0.0,1087.0,41.0,0.0,0.0,0.0,0.0,0.0,738.0,534.0,0.0,0.0,621.0,170.0,0.0
2021-11-14 01:00:00+00:00,29.0,0.0,290.0,385.0,279.0,825.0,632.0,0.0,0.0,1.0,0.0,457.0,236.0,225.0,0.0,0.0,21.0,0.0,0.0,,394.0,312.0,0.0,0.0,0.0,457.0,,0.0,1053.0,57.0,0.0,0.0,0.0,0.0,0.0,682.0,541.0,0.0,0.0,599.0,134.0,0.0
2021-11-14 02:00:00+00:00,25.0,0.0,262.0,386.0,280.0,807.0,612.0,0.0,0.0,1.0,0.0,394.0,176.0,189.0,0.0,0.0,18.0,0.0,0.0,,401.0,300.0,0.0,0.0,0.0,455.0,,0.0,1045.0,73.0,0.0,0.0,0.0,0.0,0.0,639.0,568.0,0.0,0.0,553.0,136.0,0.0
2021-11-14 03:00:00+00:00,14.0,0.0,262.0,381.0,260.0,752.0,591.0,0.0,0.0,4.0,0.0,417.0,187.0,192.0,0.0,0.0,22.0,0.0,0.0,,414.0,306.0,0.0,0.0,0.0,371.0,,0.0,796.0,92.0,0.0,0.0,0.0,0.0,0.0,644.0,552.0,0.0,0.0,563.0,130.0,0.0
2021-11-14 04:00:00+00:00,29.0,0.0,229.0,368.0,228.0,732.0,561.0,0.0,0.0,2.0,0.0,513.0,204.0,191.0,0.0,0.0,33.0,0.0,0.0,,405.0,312.0,0.0,0.0,0.0,406.0,,,777.0,93.0,0.0,0.0,0.0,0.0,0.0,657.0,520.0,0.0,0.0,,101.0,0.0
2021-11-14 05:00:00+00:00,42.0,0.0,197.0,349.0,208.0,656.0,552.0,0.0,0.0,1.0,0.0,414.0,169.0,172.0,0.0,0.0,46.0,0.0,0.0,,339.0,313.0,0.0,0.0,0.0,398.0,,0.0,1008.0,91.0,0.0,0.0,0.0,0.0,0.0,672.0,484.0,0.0,0.0,557.0,113.0,0.0
2021-11-14 06:00:00+00:00,0.0,0.0,162.0,325.0,208.0,577.0,467.0,0.0,0.0,57.0,0.0,386.0,154.0,168.0,0.0,0.0,58.0,0.0,0.0,,211.0,225.0,0.0,0.0,0.0,319.0,,0.0,1106.0,122.0,0.0,0.0,0.0,0.0,0.0,680.0,457.0,1.0,0.0,556.0,121.0,0.0
2021-11-14 07:00:00+00:00,0.0,0.0,186.0,344.0,237.0,668.0,533.0,0.0,0.0,51.0,0.0,330.0,117.0,178.0,0.0,0.0,47.0,0.0,0.0,,55.0,191.0,0.0,0.0,0.0,176.0,,0.0,1149.0,133.0,0.0,0.0,0.0,0.0,0.0,674.0,457.0,2.0,0.0,531.0,178.0,0.0
2021-11-14 08:00:00+00:00,0.0,0.0,192.0,373.0,290.0,720.0,579.0,0.0,0.0,54.0,0.0,275.0,92.0,196.0,0.0,84.0,34.0,0.0,0.0,0.0,0.0,178.0,0.0,0.0,0.0,155.0,0.0,,1352.0,120.0,0.0,0.0,0.0,0.0,0.0,643.0,493.0,0.0,0.0,,231.0,0.0
2021-11-14 09:00:00+00:00,0.0,0.0,223.0,387.0,304.0,694.0,580.0,0.0,0.0,75.0,0.0,204.0,108.0,227.0,0.0,0.0,30.0,0.0,0.0,0.0,1.0,171.0,0.0,0.0,0.0,178.0,0.0,0.0,1331.0,135.0,0.0,0.0,0.0,0.0,0.0,635.0,525.0,0.0,0.0,517.0,251.0,0.0
2021-11-14 10:00:00+00:00,0.0,0.0,224.0,415.0,345.0,681.0,574.0,0.0,0.0,86.0,0.0,222.0,92.0,226.0,0.0,0.0,20.0,0.0,0.0,,1.0,161.0,0.0,0.0,0.0,149.0,,0.0,1339.0,130.0,0.0,0.0,0.0,0.0,0.0,576.0,546.0,2.0,0.0,471.0,245.0,0.0
2021-11-14 11:00:00+00:00,0.0,0.0,252.0,431.0,359.0,662.0,568.0,0.0,0.0,94.0,0.0,209.0,112.0,240.0,0.0,0.0,47.0,0.0,0.0,,1.0,183.0,0.0,0.0,0.0,125.0,,0.0,1376.0,129.0,0.0,0.0,0.0,0.0,0.0,597.0,538.0,0.0,0.0,485.0,242.0,0.0
2021-11-14 12:00:00+00:00,0.0,0.0,255.0,438.0,360.0,657.0,561.0,0.0,0.0,110.0,0.0,196.0,121.0,233.0,0.0,0.0,57.0,0.0,0.0,,57.0,189.0,0.0,0.0,0.0,190.0,,0.0,1376.0,145.0,0.0,0.0,0.0,0.0,0.0,626.0,542.0,0.0,0.0,466.0,230.0,0.0
2021-11-14 13:00:00+00:00,0.0,0.0,234.0,416.0,321.0,626.0,554.0,0.0,0.0,85.0,0.0,192.0,145.0,222.0,0.0,0.0,66.0,0.0,0.0,,2.0,195.0,0.0,0.0,0.0,190.0,,0.0,1374.0,137.0,0.0,0.0,0.0,0.0,0.0,715.0,533.0,0.0,0.0,505.0,211.0,0.0
2021-11-14 14:00:00+00:00,0.0,0.0,227.0,402.0,292.0,596.0,519.0,0.0,0.0,68.0,0.0,308.0,178.0,212.0,0.0,0.0,75.0,0.0,0.0,,90.0,196.0,0.0,0.0,0.0,173.0,,0.0,1385.0,131.0,0.0,0.0,0.0,0.0,0.0,739.0,519.0,0.0,0.0,532.0,212.0,0.0
2021-11-14 15:00:00+00:00,36.0,0.0,183.0,370.0,262.0,571.0,499.0,0.0,0.0,1.0,0.0,314.0,212.0,194.0,0.0,289.0,98.0,0.0,0.0,,0.0,181.0,0.0,0.0,0.0,0.0,,0.0,1386.0,138.0,0.0,200.0,0.0,0.0,0.0,745.0,479.0,2.0,0.0,553.0,194.0,0.0
2021-11-14 16:00:00+00:00,52.0,0.0,159.0,346.0,234.0,588.0,500.0,0.0,0.0,0.0,0.0,291.0,197.0,182.0,0.0,272.0,121.0,0.0,0.0,,0.0,173.0,0.0,0.0,0.0,0.0,,0.0,1336.0,148.0,0.0,267.0,0.0,0.0,0.0,752.0,440.0,0.0,0.0,565.0,193.0,0.0
2021-11-14 17:00:00+00:00,40.0,0.0,156.0,361.0,249.0,616.0,529.0,0.0,0.0,0.0,0.0,315.0,181.0,185.0,0.0,231.0,123.0,0.0,0.0,0.0,0.0,166.0,0.0,0.0,0.0,0.0,0.0,0.0,1374.0,136.0,0.0,153.0,0.0,0.0,0.0,730.0,435.0,2.0,0.0,541.0,194.0,0.0
2021-11-14 18:00:00+00:00,35.0,0.0,170.0,375.0,253.0,635.0,537.0,0.0,0.0,0.0,0.0,363.0,192.0,183.0,0.0,142.0,81.0,0.0,0.0,0.0,0.0,154.0,0.0,0.0,0.0,0.0,0.0,0.0,1381.0,134.0,0.0,96.0,0.0,0.0,0.0,723.0,447.0,1.0,0.0,548.0,179.0,0.0
2021-11-14 19:00:00+00:00,0.0,0.0,171.0,402.0,316.0,625.0,546.0,0.0,0.0,72.0,0.0,338.0,166.0,194.0,0.0,48.0,96.0,0.0,0.0,0.0,0.0,112.0,0.0,0.0,0.0,60.0,0.0,0.0,1324.0,105.0,0.0,0.0,0.0,0.0,0.0,683.0,470.0,1.0,0.0,497.0,192.0,0.0
2021-11-14 20:00:00+00:00,0.0,0.0,193.0,398.0,304.0,640.0,595.0,0.0,0.0,112.0,0.0,259.0,164.0,215.0,0.0,0.0,81.0,0.0,0.0,0.0,75.0,102.0,0.0,0.0,0.0,184.0,0.0,0.0,1327.0,76.0,0.0,0.0,0.0,0.0,0.0,687.0,484.0,0.0,0.0,494.0,192.0,0.0
2021-11-14 21:00:00+00:00,0.0,0.0,206.0,415.0,366.0,647.0,570.0,0.0,0.0,120.0,0.0,248.0,184.0,234.0,0.0,0.0,63.0,0.0,0.0,,111.0,79.0,0.0,0.0,0.0,446.0,,0.0,1335.0,67.0,0.0,0.0,0.0,0.0,0.0,678.0,521.0,1.0,0.0,470.0,217.0,0.0
2021-11-14 22:00:00+00:00,0.0,0.0,280.0,454.0,438.0,651.0,573.0,0.0,0.0,47.0,0.0,172.0,159.0,239.0,0.0,0.0,45.0,0.0,0.0,,163.0,157.0,0.0,0.0,0.0,450.0,,0.0,1110.0,68.0,0.0,0.0,0.0,0.0,0.0,616.0,598.0,0.0,0.0,381.0,266.0,0.0
2021-11-14 23:00:00+00:00,0.0,0.0,253.0,443.0,538.0,690.0,631.0,0.0,0.0,155.0,0.0,153.0,109.0,226.0,0.0,0.0,29.0,0.0,0.0,,92.0,94.0,0.0,0.0,0.0,459.0,,0.0,1089.0,96.0,0.0,0.0,0.0,0.0,0.0,447.0,598.0,0.0,0.0,218.0,275.0,0.0
2021-11-15 00:00:00+00:00,0.0,55.0,264.0,456.0,575.0,686.0,600.0,0.0,0.0,177.0,0.0,0.0,0.0,160.0,0.0,0.0,21.0,0.0,0.0,0.0,137.0,112.0,0.0,0.0,0.0,402.0,0.0,0.0,840.0,108.0,0.0,0.0,0.0,0.0,2.0,364.0,618.0,0.0,0.0,144.0,301.0,0.0
2021-11-15 01:00:00+00:00,0.0,41.0,280.0,449.0,568.0,683.0,605.0,0.0,0.0,182.0,0.0,0.0,0.0,145.0,0.0,0.0,17.0,0.0,0.0,0.0,226.0,131.0,0.0,0.0,0.0,452.0,0.0,0.0,575.0,123.0,0.0,0.0,0.0,0.0,6.0,329.0,622.0,0.0,0.0,131.0,270.0,0.0
2021-11-15 02:00:00+00:00,0.0,132.0,252.0,458.0,580.0,713.0,568.0,0.0,0.0,212.0,0.0,0.0,0.0,113.0,0.0,0.0,17.0,0.0,0.0,0.0,270.0,122.0,0.0,0.0,0.0,452.0,0.0,0.0,505.0,143.0,0.0,0.0,0.0,0.0,68.0,328.0,640.0,0.0,0.0,112.0,289.0,0.0
2021-11-15 03:00:00+00:00,0.0,26.0,255.0,436.0,517.0,702.0,556.0,0.0,0.0,187.0,0.0,0.0,0.0,113.0,0.0,0.0,25.0,0.0,0.0,,299.0,153.0,0.0,0.0,0.0,494.0,,0.0,504.0,160.0,0.0,0.0,0.0,0.0,38.0,401.0,604.0,0.0,0.0,173.0,273.0,0.0
2021-11-15 04:00:00+00:00,0.0,0.0,178.0,358.0,360.0,595.0,505.0,0.0,0.0,99.0,0.0,298.0,112.0,160.0,0.0,0.0,50.0,0.0,0.0,,277.0,184.0,0.0,0.0,0.0,388.0,,0.0,491.0,118.0,0.0,0.0,0.0,0.0,0.0,591.0,514.0,2.0,0.0,419.0,169.0,0.0
2021-11-15 05:00:00+00:00,1.0,0.0,114.0,304.0,275.0,587.0,445.0,0.0,0.0,63.0,0.0,59.0,0.0,118.0,0.0,0.0,93.0,0.0,0.0,,136.0,179.0,0.0,0.0,0.0,44.0,,0.0,491.0,102.0,0.0,0.0,0.0,0.0,4.0,606.0,489.0,6.0,0.0,396.0,204.0,0.0
2021-11-15 06:00:00+00:00,0.0,0.0,82.0,228.0,183.0,572.0,502.0,0.0,1.0,89.0,0.0,62.0,22.0,107.0,0.0,198.0,107.0,0.0,0.0,,0.0,80.0,0.0,0.0,0.0,0.0,,0.0,491.0,110.0,0.0,281.0,0.0,0.0,0.0,526.0,413.0,30.0,0.0,378.0,145.0,0.0
2021-11-15 07:00:00+00:00,0.0,82.0,51.0,236.0,194.0,588.0,485.0,0.0,7.0,79.0,0.0,0.0,8.0,111.0,0.0,237.0,83.0,0.0,0.0,,0.0,23.0,0.0,0.0,0.0,0.0,,0.0,485.0,102.0,0.0,273.0,0.0,0.0,0.0,408.0,405.0,15.0,0.0,334.0,77.0,0.0
2021-11-15 08:00:00+00:00,0.0,271.0,19.0,250.0,257.0,621.0,497.0,0.0,132.0,155.0,0.0,0.0,0.0,119.0,0.0,265.0,26.0,0.0,0.0,,0.0,0.0,0.0,0.0,0.0,0.0,,0.0,720.0,95.0,0.0,258.0,0.0,0.0,48.0,316.0,367.0,39.0,0.0,240.0,102.0,0.0
2021-11-15 09:00:00+00:00,0.0,348.0,12.0,250.0,336.0,654.0,522.0,0.0,258.0,289.0,0.0,0.0,0.0,121.0,0.0,297.0,1.0,0.0,0.0,,0.0,0.0,0.0,0.0,0.0,0.0,,0.0,803.0,91.0,0.0,170.0,0.0,0.0,115.0,284.0,332.0,68.0,0.0,195.0,152.0,0.0
2021-11-15 10:00:00+00:00,0.0,445.0,34.0,261.0,347.0,665.0,530.0,0.0,208.0,274.0,0.0,0.0,0.0,101.0,0.0,417.0,0.0,0.0,0.0,0.0,0.0,0.0,0.0,0.0,0.0,0.0,0.0,0.0,783.0,95.0,0.0,133.0,0.0,0.0,150.0,234.0,372.0,18.0,0.0,152.0,162.0,0.0
2021-11-15 11:00:00+00:00,0.0,507.0,10.0,229.0,305.0,669.0,548.0,0.0,192.0,206.0,0.0,0.0,0.0,67.0,0.0,387.0,0.0,0.0,0.0,,0.0,0.0,0.0,0.0,0.0,0.0,,0.0,795.0,75.0,0.0,68.0,0.0,0.0,160.0,206.0,342.0,54.0,0.0,138.0,144.0,0.0
2021-11-15 12:00:00+00:00,0.0,495.0,6.0,209.0,287.0,641.0,539.0,0.0,204.0,190.0,0.0,0.0,0.0,39.0,0.0,359.0,0.0,0.0,0.0,,0.0,0.0,0.0,0.0,0.0,13.0,,0.0,557.0,84.0,0.0,0.0,0.0,0.0,172.0,216.0,296.0,66.0,0.0,100.0,128.0,0.0
2021-11-15 13:00:00+00:00,0.0,488.0,3.0,225.0,291.0,621.0,525.0,0.0,238.0,177.0,0.0,0.0,0.0,21.0,0.0,357.0,0.0,0.0,0.0,,0.0,0.0,0.0,0.0,0.0,24.0,,0.0,484.0,90.0,0.0,0.0,0.0,0.0,179.0,261.0,289.0,112.0,0.0,91.0,167.0,0.0
2021-11-15 14:00:00+00:00,0.0,541.0,2.0,232.0,315.0,598.0,510.0,0.0,255.0,157.0,0.0,0.0,0.0,5.0,0.0,289.0,48.0,0.0,0.0,,0.0,0.0,0.0,0.0,0.0,0.0,,0.0,485.0,86.0,0.0,54.0,1.0,0.0,194.0,303.0,289.0,114.0,0.0,113.0,188.0,0.0
2021-11-15 15:00:00+00:00,0.0,374.0,6.0,243.0,319.0,625.0,528.0,0.0,240.0,147.0,0.0,0.0,0.0,49.0,0.0,181.0,70.0,0.0,0.0,0.0,0.0,0.0,0.0,0.0,0.0,0.0,0.0,0.0,485.0,71.0,0.0,221.0,0.0,0.0,99.0,440.0,332.0,78.0,0.0,272.0,167.0,0.0
2021-11-15 16:00:00+00:00,0.0,415.0,17.0,282.0,429.0,672.0,551.0,0.0,360.0,289.0,0.0,0.0,0.0,44.0,0.0,0.0,85.0,0.0,0.0,0.0,49.0,0.0,0.0,0.0,0.0,0.0,0.0,0.0,484.0,79.0,0.0,249.0,0.0,0.0,139.0,422.0,350.0,47.0,0.0,254.0,173.0,0.0
2021-11-15 17:00:00+00:00,0.0,657.0,47.0,317.0,502.0,675.0,583.0,0.0,383.0,320.0,0.0,0.0,0.0,12.0,0.0,0.0,92.0,0.0,0.0,0.0,56.0,0.0,0.0,0.0,0.0,0.0,0.0,0.0,484.0,84.0,0.0,135.0,1.0,0.0,234.0,331.0,386.0,13.0,0.0,117.0,210.0,0.0
2021-11-15 18:00:00+00:00,0.0,711.0,79.0,354.0,544.0,708.0,607.0,0.0,348.0,325.0,0.0,0.0,0.0,20.0,0.0,0.0,84.0,0.0,0.0,0.0,182.0,0.0,0.0,0.0,0.0,44.0,0.0,0.0,723.0,87.0,0.0,0.0,0.0,0.0,263.0,304.0,445.0,7.0,0.0,78.0,227.0,0.0
2021-11-15 19:00:00+00:00,0.0,597.0,131.0,390.0,596.0,768.0,634.0,0.0,314.0,369.0,0.0,0.0,0.0,37.0,0.0,0.0,133.0,0.0,0.0,0.0,99.0,0.0,0.0,0.0,0.0,187.0,0.0,1.0,773.0,94.0,0.0,0.0,0.0,0.0,281.0,253.0,477.0,2.0,0.0,25.0,230.0,0.0
2021-11-15 20:00:00+00:00,0.0,349.0,186.0,428.0,612.0,713.0,645.0,0.0,208.0,399.0,0.0,0.0,0.0,61.0,0.0,0.0,115.0,0.0,0.0,0.0,124.0,0.0,0.0,0.0,0.0,292.0,0.0,1.0,745.0,81.0,0.0,0.0,0.0,0.0,253.0,256.0,527.0,0.0,0.0,20.0,232.0,0.0
2021-11-15 21:00:00+00:00,0.0,169.0,182.0,425.0,624.0,706.0,637.0,0.0,260.0,443.0,0.0,0.0,0.0,84.0,0.0,0.0,86.0,0.0,0.0,0.0,215.0,0.0,0.0,0.0,0.0,298.0,0.0,0.0,526.0,73.0,0.0,0.0,0.0,0.0,175.0,253.0,551.0,0.0,0.0,28.0,227.0,0.0
2021-11-15 22:00:00+00:00,0.0,265.0,288.0,470.0,616.0,752.0,647.0,0.0,60.0,298.0,0.0,0.0,0.0,113.0,0.0,0.0,61.0,0.0,0.0,0.0,247.0,0.0,0.0,0.0,0.0,300.0,0.0,4.0,479.0,46.0,0.0,0.0,0.0,0.0,169.0,219.0,622.0,0.0,0.0,18.0,247.0,0.0
2021-11-15 23:00:00+00:00,0.0,194.0,186.0,446.0,712.0,806.0,593.0,0.0,241.0,477.0,0.0,0.0,0.0,162.0,0.0,0.0,44.0,0.0,0.0,0.0,352.0,0.0,0.0,0.0,0.0,468.0,0.0,0.0,354.0,89.0,0.0,0.0,0.0,0.0,119.0,220.0,541.0,0.0,0.0,63.0,344.0,0.0
2021-11-16 00:00:00+00:00,0.0,174.0,176.0,438.0,678.0,801.0,623.0,0.0,169.0,433.0,0.0,0.0,0.0,130.0,0.0,0.0,34.0,0.0,0.0,0.0,450.0,0.0,0.0,0.0,0.0,431.0,0.0,0.0,354.0,86.0,0.0,0.0,0.0,0.0,152.0,177.0,540.0,2.0,0.0,39.0,352.0,0.0
2021-11-16 01:00:00+00:00,0.0,287.0,187.0,432.0,647.0,793.0,620.0,0.0,134.0,422.0,0.0,0.0,0.0,87.0,0.0,0.0,29.0,0.0,0.0,0.0,485.0,0.0,0.0,0.0,0.0,368.0,0.0,4.0,354.0,93.0,0.0,0.0,0.0,0.0,216.0,136.0,525.0,0.0,0.0,4.0,350.0,0.0
2021-11-16 02:00:00+00:00,0.0,365.0,192.0,434.0,644.0,778.0,622.0,0.0,133.0,415.0,0.0,0.0,0.0,68.0,0.0,0.0,29.0,0.0,0.0,0.0,465.0,0.0,0.0,0.0,0.0,317.0,0.0,10.0,499.0,100.0,0.0,0.0,0.0,0.0,251.0,146.0,543.0,0.0,0.0,3.0,368.0,0.0
2021-11-16 03:00:00+00:00,0.0,371.0,210.0,440.0,653.0,718.0,614.0,0.0,142.0,422.0,0.0,0.0,0.0,60.0,0.0,0.0,38.0,0.0,0.0,0.0,452.0,0.0,0.0,0.0,0.0,284.0,0.0,10.0,499.0,115.0,0.0,0.0,0.0,0.0,258.0,162.0,573.0,0.0,0.0,0.0,356.0,0.0
2021-11-16 04:00:00+00:00,0.0,294.0,100.0,338.0,541.0,710.0,529.0,0.0,242.0,411.0,0.0,0.0,0.0,55.0,0.0,0.0,60.0,0.0,0.0,0.0,356.0,0.0,0.0,0.0,0.0,229.0,0.0,0.0,939.0,72.0,0.0,0.0,0.0,0.0,194.0,233.0,447.0,7.0,0.0,97.0,241.0,0.0
2021-11-16 05:00:00+00:00,0.0,496.0,23.0,257.0,465.0,789.0,575.0,0.0,362.0,421.0,0.0,0.0,0.0,10.0,0.0,0.0,102.0,0.0,0.0,0.0,213.0,0.0,0.0,0.0,0.0,89.0,0.0,0.0,1057.0,42.0,0.0,0.0,3.0,0.0,284.0,240.0,384.0,37.0,0.0,52.0,225.0,0.0
2021-11-16 06:00:00+00:00,0.0,494.0,7.0,142.0,397.0,749.0,609.0,0.0,570.0,486.0,0.0,0.0,0.0,3.0,0.0,0.0,78.0,0.0,0.0,0.0,2.0,0.0,0.0,0.0,0.0,0.0,0.0,4.0,1057.0,71.0,0.0,188.0,12.0,0.0,272.0,157.0,225.0,150.0,0.0,12.0,181.0,0.0
2021-11-16 07:00:00+00:00,0.0,634.0,0.0,134.0,385.0,734.0,597.0,0.0,661.0,503.0,0.0,0.0,0.0,2.0,0.0,91.0,61.0,0.0,0.0,0.0,0.0,0.0,0.0,0.0,0.0,0.0,0.0,5.0,1057.0,83.0,0.0,254.0,6.0,0.0,300.0,92.0,203.0,169.0,0.0,2.0,198.0,0.0
2021-11-16 08:00:00+00:00,0.0,710.0,0.0,173.0,442.0,771.0,629.0,0.0,679.0,523.0,0.0,0.0,0.0,37.0,0.0,115.0,54.0,0.0,0.0,0.0,0.0,0.0,0.0,0.0,0.0,0.0,0.0,17.0,1309.0,67.0,0.0,276.0,0.0,0.0,290.0,41.0,210.0,175.0,0.0,0.0,234.0,0.0
2021-11-16 09:00:00+00:00,0.0,692.0,2.0,205.0,484.0,800.0,643.0,0.0,710.0,560.0,0.0,0.0,0.0,63.0,0.0,107.0,36.0,0.0,0.0,0.0,0.0,0.0,0.0,0.0,0.0,0.0,0.0,5.0,1346.0,87.0,0.0,243.0,0.0,0.0,288.0,23.0,260.0,162.0,0.0,5.0,269.0,0.0
2021-11-16 10:00:00+00:00,0.0,770.0,2.0,223.0,500.0,779.0,635.0,0.0,686.0,530.0,0.0,0.0,0.0,57.0,0.0,233.0,27.0,0.0,0.0,0.0,0.0,0.0,0.0,0.0,0.0,0.0,0.0,8.0,1378.0,88.0,0.0,250.0,0.0,0.0,305.0,0.0,278.0,95.0,13.0,2.0,254.0,0.0
2021-11-16 11:00:00+00:00,0.0,712.0,3.0,217.0,460.0,799.0,643.0,0.0,621.0,499.0,0.0,0.0,0.0,26.0,0.0,349.0,45.0,0.0,0.0,0.0,0.0,0.0,0.0,0.0,0.0,0.0,0.0,20.0,1368.0,75.0,0.0,225.0,0.0,0.0,309.0,0.0,287.0,75.0,42.0,0.0,231.0,0.0
2021-11-16 12:00:00+00:00,0.0,728.0,2.0,205.0,452.0,765.0,632.0,0.0,616.0,499.0,0.0,0.0,0.0,6.0,0.0,334.0,61.0,0.0,0.0,0.0,0.0,0.0,0.0,0.0,0.0,0.0,0.0,43.0,1092.0,93.0,0.0,144.0,3.0,0.0,327.0,6.0,285.0,99.0,18.0,0.0,228.0,0.0
2021-11-16 13:00:00+00:00,0.0,704.0,5.0,171.0,384.0,757.0,621.0,0.0,669.0,443.0,0.0,0.0,0.0,0.0,0.0,286.0,66.0,0.0,0.0,,0.0,0.0,0.0,0.0,0.0,0.0,,32.0,1056.0,89.0,0.0,133.0,34.0,0.0,334.0,76.0,266.0,123.0,0.0,0.0,190.0,0.0
2021-11-16 14:00:00+00:00,0.0,609.0,1.0,151.0,319.0,701.0,577.0,0.0,636.0,386.0,0.0,0.0,0.0,0.0,0.0,234.0,84.0,0.0,0.0,0.0,0.0,0.0,0.0,0.0,0.0,0.0,0.0,3.0,1056.0,94.0,0.0,64.0,42.0,0.0,309.0,178.0,264.0,130.0,0.0,11.0,172.0,0.0
2021-11-16 15:00:00+00:00,0.0,434.0,9.0,200.0,316.0,738.0,591.0,0.0,476.0,291.0,0.0,0.0,0.0,6.0,0.0,226.0,108.0,0.0,0.0,0.0,0.0,0.0,0.0,0.0,0.0,0.0,0.0,0.0,1056.0,66.0,0.0,198.0,14.0,0.0,215.0,263.0,305.0,81.0,0.0,113.0,146.0,0.0
2021-11-16 16:00:00+00:00,0.0,460.0,10.0,256.0,388.0,738.0,600.0,0.0,450.0,305.0,0.0,0.0,0.0,25.0,0.0,169.0,111.0,0.0,0.0,0.0,0.0,0.0,0.0,0.0,0.0,0.0,0.0,0.0,1056.0,63.0,0.0,315.0,0.0,0.0,200.0,310.0,346.0,56.0,0.0,162.0,149.0,0.0
2021-11-16 17:00:00+00:00,0.0,439.0,26.0,271.0,379.0,741.0,602.0,0.0,402.0,266.0,0.0,0.0,0.0,53.0,0.0,146.0,121.0,0.0,0.0,0.0,0.0,0.0,0.0,0.0,0.0,0.0,0.0,0.0,1056.0,75.0,0.0,343.0,0.0,0.0,150.0,342.0,345.0,35.0,0.0,220.0,123.0,0.0
2021-11-16 18:00:00+00:00,0.0,529.0,30.0,270.0,384.0,766.0,607.0,0.0,383.0,281.0,0.0,0.0,0.0,75.0,0.0,109.0,137.0,0.0,0.0,0.0,0.0,0.0,0.0,0.0,0.0,0.0,0.0,0.0,1331.0,73.0,0.0,285.0,0.0,0.0,153.0,352.0,327.0,27.0,0.0,228.0,126.0,0.0
2021-11-16 19:00:00+00:00,0.0,348.0,53.0,294.0,387.0,799.0,610.0,0.0,288.0,284.0,0.0,0.0,0.0,62.0,0.0,49.0,141.0,0.0,0.0,0.0,0.0,0.0,0.0,0.0,0.0,0.0,0.0,0.0,1132.0,65.0,0.0,64.0,25.0,0.0,98.0,343.0,381.0,19.0,0.0,237.0,124.0,0.0
2021-11-16 20:00:00+00:00,0.0,66.0,80.0,334.0,438.0,795.0,645.0,0.0,262.0,369.0,0.0,0.0,0.0,58.0,0.0,0.0,118.0,0.0,0.0,0.0,1.0,0.0,0.0,0.0,0.0,274.0,0.0,0.0,1089.0,53.0,0.0,0.0,0.0,0.0,15.0,386.0,406.0,10.0,0.0,304.0,154.0,0.0
2021-11-16 21:00:00+00:00,0.0,34.0,70.0,336.0,442.0,727.0,580.0,0.0,290.0,362.0,0.0,0.0,17.0,109.0,0.0,0.0,89.0,0.0,,0.0,1.0,0.0,0.0,0.0,0.0,269.0,0.0,,669.0,,0.0,0.0,0.0,0.0,0.0,456.0,399.0,12.0,0.0,,211.0,0.0
2021-11-16 22:00:00+00:00,0.0,148.0,142.0,362.0,466.0,740.0,523.0,0.0,230.0,329.0,0.0,0.0,0.0,148.0,0.0,0.0,64.0,0.0,0.0,0.0,199.0,0.0,0.0,0.0,0.0,375.0,0.0,0.0,491.0,65.0,0.0,0.0,0.0,0.0,20.0,437.0,426.0,1.0,0.0,341.0,280.0,0.0
2021-11-16 23:00:00+00:00,0.0,0.0,214.0,414.0,463.0,731.0,532.0,0.0,35.0,206.0,0.0,243.0,114.0,288.0,0.0,0.0,45.0,0.0,0.0,0.0,331.0,7.0,0.0,0.0,0.0,475.0,0.0,0.0,353.0,88.0,0.0,0.0,0.0,0.0,0.0,361.0,572.0,0.0,0.0,349.0,218.0,0.0
2021-11-17 00:00:00+00:00,0.0,0.0,236.0,426.0,474.0,746.0,607.0,0.0,2.0,192.0,0.0,163.0,79.0,250.0,0.0,0.0,37.0,0.0,0.0,0.0,381.0,47.0,0.0,0.0,0.0,500.0,0.0,0.0,353.0,87.0,0.0,0.0,0.0,0.0,0.0,310.0,610.0,0.0,0.0,291.0,254.0,0.0
2021-11-17 01:00:00+00:00,0.0,0.0,267.0,430.0,449.0,743.0,612.0,0.0,1.0,167.0,0.0,48.0,55.0,221.0,0.0,0.0,32.0,0.0,0.0,0.0,392.0,100.0,0.0,0.0,0.0,418.0,0.0,0.0,354.0,90.0,0.0,0.0,0.0,0.0,0.0,295.0,608.0,0.0,0.0,266.0,260.0,0.0
2021-11-17 02:00:00+00:00,0.0,5.0,246.0,410.0,421.0,747.0,600.0,0.0,0.0,158.0,0.0,0.0,28.0,174.0,0.0,0.0,32.0,0.0,0.0,0.0,363.0,110.0,0.0,0.0,0.0,389.0,0.0,0.0,353.0,94.0,0.0,0.0,0.0,0.0,0.0,312.0,576.0,1.0,0.0,279.0,265.0,0.0
2021-11-17 03:00:00+00:00,0.0,0.0,185.0,382.0,360.0,740.0,554.0,0.0,0.0,129.0,0.0,123.0,82.0,225.0,0.0,0.0,39.0,0.0,0.0,0.0,351.0,126.0,0.0,0.0,0.0,322.0,0.0,0.0,353.0,112.0,0.0,0.0,0.0,0.0,0.0,400.0,561.0,1.0,0.0,380.0,216.0,0.0
2021-11-17 04:00:00+00:00,0.0,0.0,64.0,287.0,293.0,666.0,499.0,0.0,75.0,216.0,0.0,140.0,112.0,243.0,0.0,0.0,62.0,0.0,0.0,0.0,275.0,0.0,0.0,0.0,0.0,220.0,0.0,0.0,536.0,89.0,0.0,0.0,0.0,0.0,0.0,554.0,455.0,12.0,0.0,518.0,152.0,0.0
2021-11-17 05:00:00+00:00,0.0,0.0,19.0,201.0,219.0,650.0,520.0,0.0,224.0,249.0,0.0,26.0,32.0,72.0,0.0,0.0,101.0,0.0,0.0,0.0,96.0,0.0,0.0,0.0,0.0,24.0,0.0,0.0,590.0,59.0,0.0,0.0,0.0,0.0,0.0,556.0,320.0,47.0,0.0,467.0,109.0,0.0
2021-11-17 06:00:00+00:00,0.0,15.0,4.0,122.0,132.0,651.0,495.0,0.0,338.0,263.0,0.0,0.0,61.0,48.0,0.0,250.0,107.0,0.0,0.0,0.0,0.0,0.0,0.0,0.0,0.0,0.0,0.0,0.0,590.0,67.0,0.0,229.0,0.0,0.0,0.0,568.0,251.0,127.0,0.0,516.0,87.0,0.0
2021-11-17 07:00:00+00:00,0.0,150.0,1.0,121.0,125.0,599.0,475.0,0.0,383.0,238.0,0.0,0.0,68.0,22.0,0.0,418.0,57.0,0.0,0.0,0.0,0.0,0.0,0.0,0.0,0.0,0.0,0.0,0.0,605.0,144.0,0.0,323.0,2.0,0.0,0.0,507.0,216.0,149.0,0.0,509.0,97.0,0.0
2021-11-17 08:00:00+00:00,0.0,144.0,1.0,147.0,142.0,665.0,551.0,0.0,392.0,246.0,0.0,0.0,85.0,63.0,0.0,338.0,28.0,0.0,0.0,0.0,0.0,0.0,0.0,0.0,0.0,0.0,0.0,0.0,899.0,138.0,0.0,254.0,0.0,0.0,0.0,455.0,260.0,118.0,0.0,521.0,115.0,0.0
2021-11-17 09:00:00+00:00,0.0,68.0,3.0,165.0,138.0,558.0,484.0,0.0,373.0,271.0,0.0,0.0,81.0,74.0,0.0,317.0,39.0,0.0,0.0,0.0,0.0,0.0,0.0,0.0,0.0,0.0,0.0,0.0,937.0,178.0,0.0,163.0,0.0,0.0,0.0,376.0,279.0,107.0,0.0,447.0,179.0,0.0
2021-11-17 10:00:00+00:00,0.0,169.0,6.0,177.0,135.0,566.0,481.0,0.0,300.0,216.0,0.0,0.0,49.0,61.0,0.0,452.0,29.0,0.0,0.0,0.0,0.0,0.0,0.0,0.0,0.0,0.0,0.0,0.0,960.0,187.0,0.0,110.0,0.0,0.0,0.0,339.0,293.0,86.0,0.0,405.0,196.0,0.0
2021-11-17 11:00:00+00:00,0.0,118.0,10.0,161.0,109.0,585.0,523.0,0.0,287.0,198.0,0.0,0.0,64.0,68.0,0.0,457.0,25.0,0.0,0.0,0.0,0.0,0.0,0.0,0.0,0.0,0.0,0.0,0.0,976.0,177.0,0.0,102.0,0.0,0.0,0.0,352.0,250.0,66.0,0.0,405.0,188.0,0.0
2021-11-17 12:00:00+00:00,0.0,118.0,3.0,155.0,120.0,564.0,509.0,0.0,307.0,225.0,0.0,0.0,52.0,53.0,0.0,420.0,2.0,0.0,0.0,0.0,0.0,0.0,0.0,0.0,0.0,0.0,0.0,0.0,641.0,184.0,0.0,74.0,0.0,0.0,0.0,386.0,263.0,106.0,0.0,394.0,177.0,0.0
2021-11-17 13:00:00+00:00,0.0,93.0,9.0,146.0,89.0,564.0,507.0,0.0,311.0,205.0,0.0,0.0,78.0,46.0,0.0,497.0,37.0,0.0,0.0,0.0,0.0,0.0,0.0,0.0,0.0,0.0,0.0,0.0,604.0,188.0,0.0,116.0,0.0,0.0,0.0,468.0,242.0,118.0,0.0,389.0,139.0,0.0
2021-11-17 14:00:00+00:00,0.0,51.0,6.0,174.0,126.0,554.0,514.0,0.0,329.0,210.0,0.0,0.0,87.0,19.0,0.0,391.0,72.0,0.0,0.0,0.0,0.0,0.0,0.0,0.0,0.0,0.0,0.0,0.0,603.0,193.0,0.0,112.0,3.0,0.0,0.0,505.0,284.0,104.0,0.0,376.0,132.0,0.0
2021-11-17 15:00:00+00:00,0.0,121.0,10.0,193.0,144.0,507.0,471.0,0.0,222.0,100.0,0.0,0.0,94.0,6.0,0.0,462.0,101.0,0.0,0.0,0.0,0.0,0.0,0.0,0.0,0.0,0.0,0.0,0.0,604.0,210.0,0.0,313.0,15.0,0.0,0.0,549.0,296.0,86.0,0.0,462.0,90.0,0.0
2021-11-17 16:00:00+00:00,0.0,131.0,18.0,221.0,185.0,488.0,480.0,0.0,178.0,87.0,0.0,0.0,94.0,22.0,0.0,454.0,127.0,0.0,0.0,0.0,0.0,0.0,0.0,0.0,0.0,0.0,0.0,0.0,604.0,214.0,0.0,387.0,1.0,0.0,0.0,565.0,323.0,55.0,0.0,480.0,84.0,0.0
2021-11-17 17:00:00+00:00,2.0,114.0,65.0,254.0,206.0,498.0,462.0,0.0,136.0,68.0,0.0,0.0,108.0,54.0,0.0,348.0,137.0,0.0,0.0,0.0,0.0,1.0,0.0,0.0,0.0,0.0,0.0,0.0,625.0,211.0,0.0,342.0,0.0,0.0,0.0,588.0,353.0,25.0,0.0,502.0,91.0,0.0
2021-11-17 18:00:00+00:00,0.0,115.0,22.0,257.0,230.0,503.0,447.0,0.0,155.0,109.0,0.0,0.0,89.0,64.0,0.0,303.0,124.0,0.0,0.0,0.0,0.0,0.0,0.0,0.0,0.0,0.0,0.0,0.0,1068.0,195.0,0.0,320.0,0.0,0.0,0.0,562.0,357.0,34.0,0.0,466.0,104.0,0.0
2021-11-17 19:00:00+00:00,0.0,0.0,62.0,291.0,259.0,451.0,384.0,0.0,111.0,190.0,0.0,83.0,110.0,113.0,0.0,243.0,143.0,0.0,0.0,0.0,0.0,0.0,0.0,0.0,0.0,0.0,0.0,0.0,936.0,169.0,0.0,167.0,0.0,0.0,0.0,532.0,394.0,18.0,0.0,471.0,119.0,0.0
2021-11-17 20:00:00+00:00,0.0,0.0,99.0,313.0,284.0,439.0,353.0,0.0,107.0,225.0,0.0,142.0,115.0,183.0,0.0,119.0,120.0,0.0,0.0,0.0,0.0,0.0,0.0,0.0,0.0,58.0,0.0,0.0,837.0,139.0,0.0,0.0,0.0,0.0,0.0,530.0,429.0,9.0,0.0,478.0,161.0,0.0
2021-11-17 21:00:00+00:00,0.0,0.0,102.0,306.0,261.0,472.0,433.0,0.0,61.0,119.0,0.0,93.0,136.0,206.0,0.0,138.0,86.0,0.0,0.0,0.0,0.0,0.0,0.0,0.0,0.0,204.0,0.0,0.0,409.0,188.0,0.0,0.0,0.0,0.0,0.0,571.0,466.0,6.0,0.0,575.0,157.0,0.0
2021-11-17 22:00:00+00:00,0.0,0.0,170.0,339.0,295.0,476.0,446.0,0.0,13.0,86.0,0.0,165.0,143.0,275.0,0.0,0.0,61.0,0.0,0.0,0.0,56.0,22.0,0.0,0.0,0.0,292.0,0.0,0.0,369.0,185.0,0.0,0.0,0.0,0.0,0.0,493.0,500.0,1.0,0.0,523.0,171.0,0.0
2021-11-17 23:00:00+00:00,0.0,0.0,203.0,370.0,346.0,468.0,428.0,0.0,0.0,85.0,0.0,335.0,196.0,391.0,0.0,0.0,42.0,0.0,0.0,0.0,261.0,81.0,0.0,0.0,0.0,434.0,0.0,0.0,421.0,206.0,0.0,0.0,0.0,0.0,0.0,484.0,534.0,0.0,0.0,537.0,230.0,0.0
2021-11-18 00:00:00+00:00,0.0,0.0,226.0,381.0,355.0,409.0,455.0,0.0,0.0,56.0,0.0,335.0,191.0,376.0,0.0,0.0,32.0,0.0,0.0,0.0,259.0,121.0,0.0,0.0,0.0,435.0,0.0,0.0,448.0,205.0,0.0,0.0,0.0,0.0,0.0,461.0,556.0,0.0,0.0,523.0,246.0,0.0
2021-11-18 01:00:00+00:00,0.0,0.0,224.0,380.0,362.0,441.0,446.0,0.0,0.0,77.0,0.0,287.0,174.0,362.0,0.0,0.0,28.0,0.0,0.0,0.0,298.0,143.0,0.0,0.0,0.0,425.0,0.0,0.0,415.0,225.0,0.0,0.0,0.0,0.0,0.0,444.0,567.0,0.0,0.0,516.0,238.0,0.0
2021-11-18 02:00:00+00:00,0.0,0.0,240.0,374.0,337.0,407.0,437.0,0.0,0.0,90.0,0.0,373.0,207.0,398.0,0.0,0.0,28.0,0.0,0.0,0.0,443.0,167.0,0.0,0.0,0.0,393.0,0.0,0.0,415.0,222.0,0.0,0.0,0.0,0.0,0.0,455.0,570.0,1.0,0.0,543.0,219.0,0.0
2021-11-18 03:00:00+00:00,1.0,0.0,198.0,346.0,277.0,354.0,381.0,0.0,0.0,42.0,0.0,357.0,223.0,393.0,0.0,0.0,35.0,0.0,0.0,0.0,349.0,186.0,0.0,0.0,0.0,347.0,0.0,0.0,415.0,228.0,0.0,0.0,0.0,0.0,0.0,482.0,534.0,0.0,0.0,575.0,163.0,0.0
2021-11-18 04:00:00+00:00,0.0,0.0,67.0,242.0,203.0,301.0,325.0,0.0,6.0,69.0,0.0,257.0,188.0,273.0,0.0,0.0,57.0,0.0,0.0,0.0,2.0,20.0,0.0,0.0,0.0,216.0,0.0,0.0,573.0,196.0,0.0,0.0,0.0,0.0,0.0,525.0,406.0,13.0,0.0,585.0,120.0,0.0
2021-11-18 05:00:00+00:00,0.0,0.0,53.0,186.0,95.0,182.0,301.0,0.0,12.0,41.0,0.0,88.0,118.0,79.0,0.0,192.0,94.0,0.0,0.0,0.0,0.0,12.0,0.0,0.0,0.0,0.0,0.0,0.0,603.0,162.0,0.0,99.0,0.0,0.0,0.0,519.0,359.0,17.0,0.0,517.0,98.0,0.0
2021-11-18 06:00:00+00:00,0.0,0.0,14.0,158.0,81.0,124.0,270.0,0.0,154.0,123.0,0.0,56.0,121.0,6.0,0.0,446.0,69.0,0.0,0.0,0.0,0.0,0.0,0.0,0.0,0.0,0.0,0.0,0.0,602.0,161.0,0.0,249.0,11.0,0.0,0.0,528.0,328.0,54.0,0.0,501.0,78.0,0.0
2021-11-18 07:00:00+00:00,0.0,0.0,33.0,177.0,83.0,191.0,317.0,0.0,175.0,99.0,0.0,27.0,154.0,13.0,0.0,446.0,44.0,0.0,0.0,0.0,0.0,0.0,0.0,0.0,0.0,0.0,0.0,0.0,602.0,172.0,0.0,306.0,6.0,0.0,0.0,557.0,298.0,21.0,0.0,541.0,75.0,0.0
2021-11-18 08:00:00+00:00,0.0,35.0,28.0,189.0,108.0,291.0,290.0,0.0,190.0,113.0,0.0,0.0,135.0,32.0,0.0,452.0,43.0,0.0,0.0,0.0,0.0,0.0,0.0,0.0,0.0,0.0,0.0,0.0,1076.0,154.0,0.0,227.0,1.0,0.0,0.0,537.0,363.0,22.0,0.0,545.0,67.0,0.0
2021-11-18 09:00:00+00:00,0.0,0.0,53.0,196.0,114.0,414.0,287.0,0.0,175.0,136.0,0.0,33.0,152.0,75.0,0.0,449.0,65.0,0.0,0.0,0.0,0.0,0.0,0.0,0.0,0.0,0.0,0.0,0.0,1359.0,143.0,0.0,175.0,0.0,0.0,0.0,523.0,361.0,14.0,0.0,563.0,74.0,0.0
2021-11-18 10:00:00+00:00,0.0,0.0,59.0,214.0,143.0,468.0,293.0,0.0,162.0,132.0,0.0,63.0,133.0,82.0,0.0,436.0,65.0,0.0,0.0,0.0,0.0,0.0,0.0,0.0,0.0,0.0,0.0,0.0,1315.0,159.0,0.0,161.0,0.0,0.0,0.0,497.0,374.0,10.0,0.0,541.0,89.0,0.0
2021-11-18 11:00:00+00:00,0.0,0.0,46.0,198.0,124.0,345.0,333.0,0.0,158.0,123.0,0.0,69.0,127.0,49.0,0.0,434.0,91.0,0.0,0.0,0.0,0.0,0.0,0.0,0.0,0.0,0.0,0.0,0.0,1048.0,159.0,0.0,116.0,0.0,0.0,0.0,475.0,357.0,45.0,0.0,514.0,89.0,0.0
2021-11-18 12:00:00+00:00,0.0,0.0,28.0,185.0,118.0,355.0,313.0,0.0,157.0,138.0,0.0,153.0,128.0,31.0,0.0,450.0,101.0,0.0,0.0,0.0,0.0,0.0,0.0,0.0,0.0,0.0,0.0,0.0,657.0,182.0,0.0,94.0,1.0,0.0,0.0,469.0,370.0,38.0,0.0,498.0,80.0,0.0
2021-11-18 13:00:00+00:00,0.0,0.0,20.0,176.0,70.0,337.0,310.0,0.0,173.0,113.0,0.0,245.0,156.0,33.0,0.0,489.0,104.0,0.0,0.0,0.0,0.0,0.0,0.0,0.0,0.0,0.0,0.0,0.0,602.0,180.0,0.0,104.0,0.0,0.0,0.0,520.0,354.0,36.0,0.0,522.0,87.0,0.0
2021-11-18 14:00:00+00:00,30.0,0.0,84.0,193.0,58.0,318.0,287.0,0.0,32.0,3.0,0.0,163.0,161.0,8.0,0.0,519.0,99.0,0.0,0.0,0.0,0.0,7.0,0.0,0.0,0.0,0.0,0.0,0.0,602.0,180.0,0.0,152.0,13.0,0.0,0.0,550.0,340.0,17.0,0.0,516.0,74.0,0.0
2021-11-18 15:00:00+00:00,6.0,0.0,16.0,240.0,170.0,308.0,270.0,0.0,76.0,19.0,0.0,33.0,129.0,1.0,0.0,446.0,104.0,0.0,0.0,0.0,0.0,0.0,0.0,0.0,0.0,0.0,0.0,0.0,603.0,182.0,0.0,254.0,42.0,0.0,0.0,531.0,429.0,62.0,0.0,466.0,82.0,0.0
2021-11-18 16:00:00+00:00,2.0,33.0,36.0,250.0,182.0,267.0,250.0,0.0,41.0,18.0,0.0,0.0,117.0,1.0,0.0,445.0,126.0,0.0,0.0,0.0,0.0,1.0,0.0,0.0,0.0,0.0,0.0,0.0,603.0,195.0,0.0,265.0,20.0,0.0,0.0,565.0,396.0,24.0,0.0,513.0,82.0,0.0
2021-11-18 17:00:00+00:00,0.0,0.0,67.0,274.0,223.0,248.0,294.0,0.0,60.0,37.0,0.0,22.0,102.0,4.0,0.0,307.0,130.0,0.0,0.0,0.0,0.0,0.0,0.0,0.0,0.0,0.0,0.0,0.0,604.0,195.0,0.0,243.0,14.0,0.0,0.0,544.0,416.0,11.0,0.0,499.0,98.0,0.0
2021-11-18 18:00:00+00:00,0.0,0.0,86.0,298.0,260.0,378.0,293.0,0.0,37.0,57.0,0.0,190.0,102.0,39.0,0.0,144.0,138.0,0.0,0.0,0.0,0.0,1.0,0.0,0.0,0.0,0.0,0.0,0.0,1022.0,191.0,0.0,166.0,0.0,0.0,0.0,510.0,425.0,6.0,0.0,454.0,132.0,0.0
2021-11-18 19:00:00+00:00,0.0,0.0,116.0,311.0,295.0,385.0,360.0,0.0,42.0,124.0,0.0,146.0,77.0,63.0,0.0,69.0,117.0,0.0,0.0,0.0,0.0,0.0,0.0,0.0,0.0,0.0,0.0,0.0,694.0,184.0,0.0,34.0,0.0,0.0,0.0,447.0,440.0,4.0,0.0,405.0,169.0,0.0
2021-11-18 20:00:00+00:00,0.0,0.0,137.0,342.0,356.0,340.0,353.0,0.0,67.0,145.0,0.0,161.0,39.0,80.0,0.0,0.0,116.0,0.0,0.0,0.0,49.0,0.0,0.0,0.0,0.0,134.0,0.0,0.0,597.0,131.0,0.0,0.0,0.0,0.0,0.0,370.0,470.0,2.0,0.0,300.0,258.0,0.0
2021-11-18 21:00:00+00:00,0.0,0.0,126.0,353.0,324.0,436.0,349.0,0.0,44.0,207.0,0.0,218.0,66.0,120.0,0.0,0.0,84.0,0.0,0.0,0.0,67.0,1.0,0.0,0.0,0.0,155.0,0.0,0.0,432.0,174.0,0.0,0.0,0.0,0.0,0.0,399.0,485.0,4.0,0.0,384.0,247.0,0.0
2021-11-18 22:00:00+00:00,0.0,0.0,191.0,401.0,452.0,391.0,336.0,0.0,36.0,115.0,0.0,199.0,87.0,162.0,0.0,0.0,59.0,0.0,0.0,0.0,98.0,4.0,0.0,0.0,0.0,295.0,0.0,0.0,450.0,173.0,0.0,0.0,0.0,0.0,0.0,361.0,514.0,2.0,0.0,356.0,277.0,0.0
2021-11-18 23:00:00+00:00,0.0,0.0,229.0,446.0,537.0,260.0,376.0,0.0,2.0,131.0,0.0,429.0,136.0,273.0,0.0,0.0,43.0,0.0,0.0,0.0,400.0,115.0,0.0,0.0,0.0,423.0,0.0,0.0,529.0,127.0,0.0,0.0,0.0,0.0,0.0,352.0,589.0,0.0,0.0,347.0,301.0,0.0
2021-11-19 00:00:00+00:00,0.0,0.0,362.0,446.0,519.0,156.0,397.0,0.0,0.0,128.0,0.0,423.0,127.0,262.0,0.0,0.0,33.0,0.0,0.0,0.0,525.0,181.0,0.0,0.0,0.0,462.0,0.0,0.0,502.0,115.0,0.0,0.0,0.0,0.0,0.0,356.0,562.0,0.0,0.0,341.0,332.0,0.0
2021-11-19 01:00:00+00:00,0.0,0.0,309.0,449.0,531.0,198.0,391.0,0.0,0.0,137.0,0.0,244.0,80.0,225.0,0.0,0.0,27.0,0.0,0.0,0.0,546.0,185.0,0.0,0.0,0.0,464.0,0.0,0.0,503.0,125.0,0.0,0.0,0.0,0.0,0.0,348.0,577.0,0.0,0.0,311.0,355.0,0.0
2021-11-19 02:00:00+00:00,0.0,0.0,242.0,436.0,531.0,132.0,380.0,0.0,0.0,142.0,0.0,176.0,77.0,244.0,0.0,0.0,27.0,0.0,0.0,0.0,544.0,182.0,0.0,0.0,0.0,439.0,0.0,0.0,503.0,129.0,0.0,0.0,0.0,0.0,0.0,336.0,587.0,0.0,0.0,322.0,335.0,0.0
2021-11-19 03:00:00+00:00,0.0,0.0,206.0,406.0,454.0,150.0,312.0,0.0,0.0,99.0,0.0,281.0,129.0,291.0,0.0,0.0,32.0,0.0,0.0,0.0,515.0,204.0,0.0,0.0,0.0,359.0,0.0,0.0,503.0,170.0,0.0,0.0,0.0,0.0,0.0,375.0,564.0,0.0,0.0,399.0,256.0,0.0
2021-11-19 04:00:00+00:00,0.0,0.0,90.0,290.0,313.0,119.0,198.0,0.0,1.0,123.0,0.0,328.0,134.0,218.0,0.0,0.0,57.0,0.0,0.0,0.0,362.0,57.0,0.0,0.0,0.0,223.0,0.0,0.0,502.0,156.0,0.0,0.0,0.0,0.0,0.0,473.0,431.0,5.0,0.0,502.0,176.0,0.0
2021-11-19 05:00:00+00:00,0.0,0.0,32.0,209.0,196.0,175.0,234.0,0.0,16.0,152.0,0.0,78.0,27.0,57.0,0.0,0.0,93.0,0.0,0.0,0.0,101.0,5.0,0.0,0.0,0.0,55.0,0.0,0.0,501.0,154.0,0.0,0.0,1.0,0.0,0.0,544.0,382.0,24.0,0.0,488.0,178.0,0.0
2021-11-19 06:00:00+00:00,0.0,0.0,16.0,180.0,116.0,120.0,240.0,0.0,13.0,97.0,0.0,83.0,77.0,14.0,0.0,301.0,68.0,0.0,0.0,0.0,0.0,16.0,0.0,0.0,0.0,0.0,0.0,0.0,501.0,162.0,0.0,127.0,7.0,0.0,0.0,586.0,374.0,46.0,0.0,539.0,113.0,0.0
2021-11-19 07:00:00+00:00,0.0,50.0,12.0,175.0,142.0,122.0,196.0,0.0,127.0,139.0,0.0,0.0,80.0,4.0,0.0,397.0,51.0,0.0,0.0,0.0,0.0,1.0,0.0,0.0,0.0,0.0,0.0,0.0,502.0,153.0,0.0,243.0,18.0,0.0,0.0,543.0,310.0,65.0,0.0,515.0,77.0,0.0
2021-11-19 08:00:00+00:00,0.0,46.0,34.0,218.0,173.0,192.0,210.0,0.0,125.0,129.0,0.0,0.0,92.0,19.0,0.0,387.0,18.0,0.0,0.0,0.0,0.0,0.0,0.0,0.0,0.0,0.0,0.0,0.0,737.0,149.0,0.0,205.0,3.0,0.0,0.0,518.0,349.0,24.0,0.0,514.0,56.0,0.0
2021-11-19 09:00:00+00:00,0.0,70.0,62.0,276.0,206.0,207.0,236.0,0.0,55.0,81.0,0.0,0.0,77.0,28.0,0.0,317.0,34.0,0.0,0.0,0.0,0.0,0.0,0.0,0.0,0.0,0.0,0.0,0.0,823.0,150.0,0.0,88.0,1.0,0.0,0.0,507.0,418.0,7.0,0.0,516.0,65.0,0.0
2021-11-19 10:00:00+00:00,0.0,287.0,22.0,211.0,277.0,193.0,220.0,0.0,306.0,297.0,0.0,0.0,0.0,0.0,0.0,352.0,56.0,0.0,0.0,0.0,0.0,0.0,0.0,0.0,0.0,0.0,0.0,0.0,811.0,146.0,0.0,11.0,63.0,0.0,40.0,373.0,349.0,34.0,0.0,332.0,136.0,0.0
2021-11-19 11:00:00+00:00,0.0,249.0,27.0,203.0,299.0,235.0,251.0,0.0,322.0,330.0,0.0,0.0,0.0,0.0,0.0,330.0,54.0,0.0,0.0,0.0,0.0,0.0,0.0,0.0,0.0,0.0,0.0,0.0,802.0,127.0,0.0,81.0,69.0,0.0,43.0,319.0,362.0,23.0,0.0,264.0,146.0,0.0
2021-11-19 12:00:00+00:00,0.0,0.0,162.0,282.0,253.0,167.0,186.0,0.0,17.0,129.0,0.0,106.0,55.0,28.0,0.0,203.0,40.0,0.0,0.0,0.0,0.0,8.0,0.0,0.0,0.0,23.0,0.0,0.0,573.0,102.0,0.0,0.0,1.0,0.0,0.0,476.0,511.0,1.0,0.0,397.0,170.0,0.0
2021-11-19 13:00:00+00:00,0.0,0.0,146.0,287.0,231.0,79.0,37.0,0.0,10.0,116.0,0.0,233.0,78.0,47.0,0.0,0.0,56.0,0.0,0.0,0.0,1.0,16.0,0.0,0.0,0.0,0.0,0.0,0.0,493.0,36.0,0.0,14.0,0.0,0.0,0.0,509.0,537.0,6.0,0.0,414.0,176.0,0.0
2021-11-19 14:00:00+00:00,0.0,0.0,98.0,291.0,296.0,0.0,0.0,0.0,9.0,149.0,0.0,92.0,42.0,22.0,0.0,0.0,92.0,30.0,7.0,0.0,1.0,12.0,0.0,0.0,0.0,0.0,0.0,0.0,492.0,0.0,73.0,53.0,2.0,0.0,0.0,539.0,518.0,2.0,0.0,403.0,191.0,0.0
2021-11-19 15:00:00+00:00,0.0,0.0,124.0,318.0,327.0,20.0,0.0,0.0,2.0,119.0,0.0,101.0,57.0,32.0,0.0,111.0,98.0,0.0,1.0,0.0,0.0,38.0,0.0,0.0,0.0,0.0,0.0,0.0,492.0,0.0,55.0,122.0,2.0,0.0,0.0,626.0,538.0,6.0,0.0,452.0,199.0,0.0
2021-11-19 16:00:00+00:00,0.0,0.0,169.0,336.0,357.0,0.0,0.0,0.0,0.0,134.0,0.0,15.0,62.0,39.0,0.0,0.0,109.0,99.0,31.0,0.0,92.0,41.0,0.0,0.0,0.0,0.0,0.0,0.0,493.0,0.0,93.0,144.0,0.0,0.0,0.0,615.0,506.0,0.0,0.0,454.0,210.0,0.0
2021-11-19 17:00:00+00:00,0.0,0.0,177.0,362.0,403.0,0.0,0.0,0.0,1.0,154.0,0.0,5.0,40.0,35.0,0.0,0.0,110.0,80.0,0.0,0.0,202.0,26.0,0.0,0.0,0.0,0.0,0.0,0.0,492.0,1.0,55.0,103.0,0.0,0.0,0.0,539.0,515.0,0.0,0.0,402.0,208.0,0.0
2021-11-19 18:00:00+00:00,0.0,17.0,164.0,370.0,435.0,79.0,172.0,0.0,14.0,221.0,0.0,0.0,14.0,47.0,0.0,0.0,130.0,0.0,0.0,0.0,170.0,7.0,0.0,0.0,0.0,0.0,0.0,0.0,715.0,66.0,0.0,23.0,0.0,0.0,0.0,517.0,513.0,1.0,0.0,383.0,231.0,0.0
2021-11-19 19:00:00+00:00,0.0,0.0,181.0,389.0,468.0,293.0,374.0,0.0,14.0,297.0,0.0,30.0,0.0,64.0,0.0,0.0,107.0,0.0,0.0,0.0,241.0,5.0,0.0,0.0,0.0,157.0,0.0,0.0,824.0,49.0,0.0,0.0,0.0,0.0,15.0,524.0,541.0,0.0,0.0,372.0,283.0,0.0
2021-11-19 20:00:00+00:00,0.0,0.0,230.0,407.0,512.0,237.0,404.0,0.0,31.0,321.0,0.0,32.0,0.0,113.0,0.0,0.0,110.0,0.0,0.0,0.0,175.0,2.0,0.0,0.0,0.0,381.0,0.0,0.0,785.0,12.0,0.0,0.0,0.0,0.0,13.0,448.0,556.0,1.0,0.0,269.0,358.0,0.0
2021-11-19 21:00:00+00:00,0.0,0.0,244.0,434.0,539.0,287.0,424.0,0.0,8.0,240.0,0.0,97.0,48.0,144.0,0.0,0.0,84.0,0.0,0.0,0.0,191.0,15.0,0.0,0.0,0.0,389.0,0.0,0.0,455.0,24.0,0.0,0.0,0.0,0.0,0.0,451.0,569.0,1.0,0.0,287.0,403.0,0.0
2021-11-19 22:00:00+00:00,0.0,0.0,290.0,473.0,604.0,425.0,517.0,0.0,6.0,216.0,0.0,14.0,29.0,183.0,0.0,0.0,59.0,0.0,0.0,0.0,302.0,30.0,0.0,0.0,0.0,422.0,0.0,0.0,470.0,62.0,0.0,0.0,0.0,0.0,0.0,444.0,613.0,0.0,0.0,249.0,470.0,0.0
2021-11-19 23:00:00+00:00,0.0,0.0,318.0,482.0,673.0,467.0,529.0,0.0,3.0,287.0,0.0,147.0,92.0,300.0,0.0,0.0,42.0,0.0,0.0,0.0,513.0,32.0,0.0,0.0,0.0,497.0,0.0,0.0,418.0,64.0,0.0,0.0,0.0,0.0,0.0,394.0,605.0,0.0,0.0,223.0,451.0,0.0
2021-11-20 00:00:00+00:00,0.0,0.0,391.0,478.0,648.0,463.0,549.0,0.0,0.0,256.0,0.0,148.0,108.0,319.0,0.0,0.0,32.0,0.0,0.0,0.0,599.0,115.0,0.0,0.0,0.0,471.0,0.0,0.0,360.0,70.0,0.0,0.0,0.0,0.0,0.0,377.0,605.0,0.0,0.0,226.0,448.0,0.0
2021-11-20 01:00:00+00:00,0.0,0.0,369.0,478.0,648.0,452.0,551.0,0.0,0.0,257.0,0.0,1.0,38.0,227.0,0.0,0.0,26.0,0.0,0.0,0.0,602.0,130.0,0.0,0.0,0.0,432.0,0.0,0.0,360.0,76.0,0.0,0.0,0.0,0.0,0.0,320.0,597.0,0.0,0.0,205.0,416.0,0.0
2021-11-20 02:00:00+00:00,0.0,124.0,314.0,471.0,648.0,447.0,559.0,0.0,0.0,265.0,0.0,0.0,0.0,151.0,0.0,0.0,23.0,0.0,0.0,0.0,602.0,141.0,0.0,0.0,0.0,433.0,0.0,0.0,359.0,74.0,0.0,0.0,0.0,0.0,24.0,286.0,613.0,0.0,0.0,182.0,402.0,0.0
2021-11-20 03:00:00+00:00,0.0,125.0,292.0,450.0,617.0,434.0,540.0,0.0,0.0,273.0,0.0,0.0,0.0,134.0,0.0,0.0,28.0,0.0,0.0,0.0,602.0,133.0,0.0,0.0,0.0,428.0,0.0,0.0,360.0,63.0,0.0,0.0,0.0,0.0,26.0,319.0,618.0,0.0,0.0,201.0,387.0,0.0
2021-11-20 04:00:00+00:00,0.0,12.0,233.0,410.0,532.0,417.0,487.0,0.0,0.0,239.0,0.0,0.0,20.0,185.0,0.0,0.0,40.0,0.0,0.0,0.0,599.0,126.0,0.0,0.0,0.0,454.0,0.0,0.0,360.0,63.0,0.0,0.0,0.0,0.0,0.0,405.0,581.0,1.0,0.0,259.0,348.0,0.0
2021-11-20 05:00:00+00:00,0.0,0.0,230.0,345.0,398.0,411.0,440.0,0.0,0.0,235.0,0.0,16.0,7.0,128.0,0.0,0.0,58.0,0.0,0.0,0.0,492.0,120.0,0.0,0.0,0.0,352.0,0.0,0.0,360.0,81.0,0.0,0.0,0.0,0.0,0.0,474.0,473.0,0.0,0.0,327.0,273.0,0.0
2021-11-20 06:00:00+00:00,0.0,0.0,149.0,322.0,383.0,340.0,438.0,0.0,2.0,306.0,0.0,108.0,27.0,123.0,0.0,0.0,31.0,0.0,0.0,0.0,340.0,46.0,0.0,0.0,0.0,219.0,0.0,0.0,501.0,73.0,0.0,0.0,0.0,0.0,0.0,516.0,470.0,2.0,0.0,367.0,211.0,0.0
2021-11-20 07:00:00+00:00,0.0,0.0,113.0,310.0,462.0,373.0,472.0,0.0,164.0,421.0,0.0,8.0,1.0,99.0,0.0,0.0,24.0,0.0,0.0,0.0,194.0,0.0,0.0,0.0,0.0,145.0,0.0,0.0,505.0,85.0,0.0,0.0,0.0,0.0,0.0,489.0,427.0,3.0,0.0,353.0,166.0,0.0
2021-11-20 08:00:00+00:00,0.0,0.0,68.0,327.0,520.0,431.0,543.0,0.0,248.0,485.0,0.0,30.0,3.0,114.0,0.0,0.0,27.0,0.0,0.0,0.0,225.0,0.0,0.0,0.0,0.0,73.0,0.0,0.0,514.0,87.0,0.0,0.0,0.0,0.0,0.0,489.0,458.0,11.0,0.0,360.0,165.0,0.0
2021-11-20 09:00:00+00:00,0.0,0.0,58.0,323.0,524.0,459.0,571.0,0.0,255.0,483.0,0.0,37.0,10.0,123.0,0.0,0.0,32.0,0.0,0.0,0.0,236.0,0.0,0.0,0.0,0.0,27.0,0.0,0.0,514.0,77.0,0.0,0.0,0.0,0.0,0.0,467.0,439.0,30.0,0.0,369.0,157.0,0.0
2021-11-20 10:00:00+00:00,0.0,0.0,88.0,338.0,485.0,470.0,581.0,0.0,147.0,416.0,0.0,165.0,44.0,160.0,0.0,0.0,19.0,0.0,0.0,0.0,195.0,0.0,0.0,0.0,0.0,81.0,0.0,,514.0,77.0,0.0,0.0,0.0,0.0,0.0,472.0,450.0,9.0,0.0,,138.0,0.0
2021-11-20 11:00:00+00:00,0.0,0.0,82.0,342.0,457.0,523.0,616.0,0.0,70.0,360.0,0.0,164.0,60.0,189.0,0.0,0.0,18.0,0.0,0.0,0.0,145.0,0.0,0.0,0.0,0.0,127.0,0.0,0.0,514.0,65.0,0.0,0.0,0.0,0.0,0.0,495.0,442.0,8.0,0.0,410.0,136.0,0.0
2021-11-20 12:00:00+00:00,0.0,0.0,52.0,325.0,447.0,539.0,607.0,0.0,103.0,386.0,0.0,162.0,62.0,187.0,0.0,0.0,29.0,0.0,0.0,0.0,142.0,0.0,0.0,0.0,0.0,89.0,0.0,0.0,514.0,61.0,0.0,0.0,0.0,0.0,0.0,510.0,424.0,14.0,0.0,403.0,151.0,0.0
2021-11-20 13:00:00+00:00,0.0,0.0,34.0,282.0,405.0,557.0,621.0,0.0,175.0,416.0,0.0,185.0,72.0,157.0,0.0,0.0,53.0,0.0,0.0,0.0,114.0,0.0,0.0,0.0,0.0,33.0,0.0,0.0,510.0,62.0,0.0,0.0,0.0,0.0,0.0,554.0,391.0,28.0,0.0,411.0,173.0,0.0
2021-11-20 14:00:00+00:00,0.0,0.0,9.0,218.0,369.0,501.0,556.0,0.0,261.0,415.0,0.0,86.0,54.0,34.0,0.0,124.0,86.0,0.0,0.0,0.0,0.0,0.0,0.0,0.0,0.0,0.0,0.0,0.0,736.0,56.0,0.0,83.0,4.0,0.0,0.0,565.0,311.0,70.0,0.0,402.0,176.0,0.0
2021-11-20 15:00:00+00:00,0.0,0.0,10.0,206.0,296.0,539.0,564.0,0.0,175.0,281.0,0.0,27.0,85.0,5.0,0.0,437.0,80.0,0.0,0.0,0.0,0.0,0.0,0.0,0.0,0.0,0.0,0.0,0.0,1262.0,30.0,0.0,209.0,19.0,0.0,0.0,641.0,309.0,84.0,0.0,488.0,169.0,0.0
2021-11-20 16:00:00+00:00,0.0,0.0,26.0,226.0,295.0,524.0,565.0,0.0,116.0,271.0,0.0,24.0,86.0,12.0,0.0,318.0,100.0,0.0,0.0,0.0,0.0,0.0,0.0,0.0,0.0,0.0,0.0,0.0,1345.0,35.0,0.0,231.0,4.0,0.0,0.0,686.0,356.0,29.0,0.0,526.0,181.0,0.0
2021-11-20 17:00:00+00:00,0.0,0.0,23.0,242.0,310.0,481.0,545.0,0.0,122.0,249.0,0.0,107.0,94.0,28.0,0.0,200.0,91.0,0.0,0.0,0.0,0.0,0.0,0.0,0.0,0.0,0.0,0.0,0.0,1342.0,55.0,0.0,193.0,1.0,0.0,0.0,690.0,340.0,34.0,0.0,521.0,189.0,0.0
2021-11-20 18:00:00+00:00,0.0,0.0,35.0,260.0,296.0,440.0,532.0,0.0,39.0,196.0,0.0,161.0,104.0,57.0,0.0,244.0,78.0,0.0,0.0,0.0,0.0,1.0,0.0,0.0,0.0,0.0,0.0,0.0,1057.0,68.0,0.0,145.0,0.0,0.0,0.0,658.0,342.0,24.0,0.0,512.0,204.0,0.0
2021-11-20 19:00:00+00:00,0.0,8.0,14.0,243.0,370.0,434.0,509.0,0.0,196.0,374.0,0.0,0.0,20.0,19.0,0.0,58.0,82.0,0.0,0.0,0.0,0.0,0.0,0.0,0.0,0.0,4.0,0.0,0.0,1084.0,61.0,0.0,0.0,4.0,0.0,0.0,551.0,311.0,42.0,0.0,418.0,233.0,0.0
2021-11-20 20:00:00+00:00,0.0,0.0,21.0,266.0,406.0,412.0,526.0,0.0,177.0,380.0,0.0,1.0,40.0,76.0,0.0,130.0,95.0,0.0,0.0,0.0,0.0,0.0,0.0,0.0,0.0,268.0,0.0,0.0,1031.0,25.0,0.0,0.0,0.0,0.0,0.0,536.0,362.0,53.0,0.0,402.0,291.0,0.0
2021-11-20 21:00:00+00:00,0.0,0.0,50.0,310.0,451.0,487.0,544.0,0.0,169.0,352.0,0.0,57.0,78.0,159.0,0.0,0.0,72.0,0.0,0.0,0.0,120.0,0.0,0.0,0.0,0.0,346.0,0.0,0.0,1020.0,38.0,0.0,0.0,0.0,0.0,0.0,564.0,409.0,22.0,0.0,421.0,352.0,0.0
2021-11-20 22:00:00+00:00,0.0,0.0,117.0,374.0,476.0,532.0,598.0,0.0,27.0,237.0,0.0,185.0,114.0,277.0,0.0,0.0,49.0,0.0,0.0,0.0,355.0,8.0,0.0,0.0,0.0,316.0,0.0,0.0,1020.0,51.0,0.0,0.0,0.0,0.0,0.0,580.0,479.0,7.0,0.0,443.0,380.0,0.0
2021-11-20 23:00:00+00:00,0.0,0.0,182.0,430.0,567.0,489.0,499.0,0.0,13.0,285.0,0.0,288.0,162.0,353.0,0.0,0.0,33.0,0.0,0.0,0.0,568.0,19.0,0.0,0.0,0.0,475.0,0.0,0.0,841.0,33.0,0.0,0.0,0.0,0.0,0.0,555.0,536.0,0.0,0.0,442.0,361.0,0.0
2021-11-21 00:00:00+00:00,0.0,0.0,204.0,420.0,510.0,480.0,529.0,0.0,0.0,249.0,0.0,311.0,182.0,369.0,0.0,0.0,23.0,0.0,0.0,0.0,601.0,91.0,0.0,0.0,0.0,487.0,0.0,0.0,802.0,28.0,0.0,0.0,0.0,0.0,0.0,499.0,538.0,0.0,0.0,364.0,397.0,0.0
2021-11-21 01:00:00+00:00,0.0,0.0,224.0,410.0,491.0,433.0,496.0,0.0,0.0,270.0,0.0,221.0,126.0,323.0,0.0,0.0,17.0,0.0,0.0,0.0,602.0,141.0,0.0,0.0,0.0,470.0,0.0,0.0,568.0,42.0,0.0,0.0,0.0,0.0,0.0,441.0,551.0,0.0,0.0,319.0,384.0,0.0
2021-11-21 02:00:00+00:00,0.0,0.0,190.0,400.0,468.0,438.0,488.0,0.0,0.0,258.0,0.0,131.0,83.0,260.0,0.0,0.0,14.0,0.0,0.0,0.0,602.0,172.0,0.0,0.0,0.0,485.0,0.0,0.0,502.0,46.0,0.0,0.0,0.0,0.0,0.0,412.0,507.0,0.0,0.0,297.0,377.0,0.0
2021-11-21 03:00:00+00:00,0.0,0.0,198.0,391.0,432.0,406.0,499.0,0.0,0.0,253.0,0.0,132.0,80.0,257.0,0.0,0.0,17.0,0.0,0.0,0.0,602.0,174.0,0.0,0.0,0.0,477.0,0.0,0.0,502.0,41.0,0.0,0.0,0.0,0.0,0.0,430.0,497.0,2.0,0.0,313.0,384.0,0.0
2021-11-21 04:00:00+00:00,0.0,0.0,158.0,390.0,405.0,385.0,464.0,0.0,0.0,228.0,0.0,211.0,105.0,276.0,0.0,0.0,25.0,0.0,0.0,0.0,601.0,180.0,0.0,0.0,0.0,484.0,0.0,0.0,502.0,40.0,0.0,0.0,0.0,0.0,0.0,488.0,488.0,2.0,0.0,358.0,357.0,0.0
2021-11-21 05:00:00+00:00,0.0,0.0,134.0,370.0,374.0,397.0,408.0,0.0,0.0,271.0,0.0,356.0,108.0,234.0,0.0,0.0,38.0,0.0,0.0,0.0,563.0,120.0,0.0,0.0,0.0,541.0,0.0,0.0,503.0,45.0,0.0,0.0,0.0,0.0,0.0,581.0,475.0,2.0,0.0,487.0,281.0,0.0
2021-11-21 06:00:00+00:00,0.0,0.0,160.0,375.0,423.0,280.0,323.0,0.0,0.0,292.0,0.0,33.0,34.0,136.0,0.0,0.0,47.0,0.0,0.0,0.0,106.0,73.0,0.0,0.0,0.0,368.0,0.0,0.0,508.0,50.0,0.0,0.0,0.0,0.0,0.0,524.0,468.0,0.0,0.0,377.0,290.0,0.0
2021-11-21 07:00:00+00:00,0.0,0.0,155.0,386.0,501.0,276.0,317.0,0.0,40.0,393.0,0.0,127.0,5.0,123.0,0.0,0.0,31.0,0.0,0.0,0.0,142.0,2.0,0.0,0.0,0.0,385.0,0.0,0.0,515.0,33.0,0.0,0.0,0.0,0.0,0.0,501.0,445.0,1.0,0.0,340.0,282.0,0.0
2021-11-21 08:00:00+00:00,0.0,0.0,174.0,440.0,560.0,415.0,398.0,0.0,18.0,368.0,0.0,193.0,6.0,139.0,0.0,0.0,11.0,0.0,0.0,0.0,123.0,6.0,0.0,0.0,0.0,385.0,0.0,0.0,718.0,40.0,0.0,0.0,0.0,0.0,0.0,480.0,496.0,1.0,0.0,306.0,298.0,0.0
2021-11-21 09:00:00+00:00,0.0,0.0,166.0,449.0,622.0,458.0,435.0,0.0,90.0,427.0,0.0,33.0,0.0,101.0,0.0,0.0,11.0,0.0,0.0,0.0,122.0,0.0,0.0,0.0,0.0,372.0,0.0,0.0,816.0,35.0,0.0,0.0,0.0,0.0,60.0,415.0,498.0,0.0,0.0,227.0,320.0,0.0
2021-11-21 10:00:00+00:00,0.0,127.0,163.0,455.0,643.0,449.0,438.0,0.0,101.0,388.0,0.0,0.0,0.0,64.0,0.0,71.0,30.0,0.0,0.0,0.0,0.0,0.0,0.0,0.0,0.0,407.0,0.0,0.0,830.0,33.0,0.0,0.0,0.0,0.0,91.0,383.0,501.0,0.0,0.0,185.0,336.0,0.0
2021-11-21 11:00:00+00:00,0.0,11.0,157.0,464.0,618.0,439.0,423.0,0.0,41.0,338.0,0.0,0.0,0.0,84.0,0.0,49.0,20.0,0.0,0.0,0.0,0.0,0.0,0.0,0.0,0.0,446.0,0.0,0.0,777.0,26.0,0.0,0.0,0.0,0.0,60.0,385.0,465.0,2.0,0.0,195.0,319.0,0.0
2021-11-21 12:00:00+00:00,0.0,0.0,150.0,424.0,582.0,459.0,452.0,0.0,80.0,360.0,0.0,79.0,0.0,64.0,0.0,75.0,24.0,0.0,0.0,0.0,0.0,0.0,0.0,0.0,0.0,423.0,0.0,0.0,791.0,37.0,0.0,0.0,0.0,0.0,30.0,370.0,465.0,1.0,0.0,195.0,298.0,0.0
2021-11-21 13:00:00+00:00,0.0,0.0,136.0,381.0,469.0,563.0,569.0,0.0,20.0,275.0,0.0,186.0,8.0,40.0,0.0,225.0,38.0,0.0,0.0,0.0,0.0,3.0,0.0,0.0,0.0,330.0,0.0,0.0,803.0,12.0,0.0,0.0,0.0,0.0,0.0,421.0,464.0,0.0,0.0,238.0,286.0,0.0
2021-11-21 14:00:00+00:00,0.0,0.0,142.0,352.0,391.0,594.0,604.0,0.0,12.0,247.0,0.0,267.0,53.0,43.0,0.0,290.0,29.0,0.0,11.0,0.0,0.0,11.0,0.0,0.0,0.0,136.0,0.0,0.0,1056.0,0.0,0.0,0.0,0.0,0.0,0.0,536.0,438.0,1.0,0.0,336.0,258.0,0.0
2021-11-21 15:00:00+00:00,0.0,0.0,117.0,346.0,355.0,625.0,630.0,0.0,7.0,201.0,0.0,336.0,119.0,58.0,0.0,426.0,57.0,0.0,17.0,0.0,0.0,18.0,0.0,0.0,0.0,0.0,0.0,0.0,1357.0,0.0,0.0,10.0,0.0,0.0,0.0,614.0,444.0,4.0,0.0,439.0,234.0,0.0
2021-11-21 16:00:00+00:00,0.0,0.0,98.0,351.0,381.0,657.0,634.0,0.0,16.0,259.0,0.0,279.0,83.0,49.0,0.0,296.0,80.0,0.0,15.0,0.0,0.0,4.0,0.0,0.0,0.0,0.0,0.0,0.0,1412.0,0.0,0.0,7.0,0.0,0.0,0.0,600.0,462.0,4.0,0.0,416.0,243.0,0.0
2021-11-21 17:00:00+00:00,0.0,0.0,126.0,378.0,434.0,655.0,649.0,0.0,47.0,299.0,0.0,235.0,51.0,42.0,0.0,185.0,71.0,0.0,7.0,0.0,0.0,1.0,0.0,0.0,0.0,67.0,0.0,0.0,1336.0,0.0,0.0,0.0,0.0,0.0,0.0,575.0,470.0,2.0,0.0,375.0,272.0,0.0
2021-11-21 18:00:00+00:00,0.0,0.0,135.0,398.0,483.0,637.0,640.0,0.0,61.0,323.0,0.0,177.0,31.0,47.0,0.0,129.0,67.0,0.0,0.0,0.0,0.0,0.0,0.0,0.0,0.0,99.0,0.0,0.0,1381.0,3.0,0.0,0.0,0.0,0.0,0.0,538.0,484.0,1.0,0.0,336.0,291.0,0.0
2021-11-21 19:00:00+00:00,0.0,0.0,154.0,417.0,523.0,720.0,648.0,0.0,66.0,343.0,0.0,73.0,0.0,32.0,0.0,124.0,115.0,0.0,8.0,0.0,0.0,0.0,0.0,0.0,0.0,168.0,0.0,0.0,1366.0,0.0,0.0,0.0,2.0,0.0,9.0,460.0,511.0,2.0,0.0,259.0,324.0,0.0
2021-11-21 20:00:00+00:00,0.0,0.0,179.0,439.0,579.0,679.0,650.0,0.0,125.0,427.0,0.0,148.0,0.0,91.0,0.0,0.0,93.0,0.0,5.0,0.0,137.0,0.0,0.0,0.0,0.0,306.0,0.0,0.0,1418.0,0.0,0.0,0.0,0.0,0.0,3.0,454.0,516.0,0.0,0.0,231.0,369.0,0.0
2021-11-21 21:00:00+00:00,0.0,0.0,186.0,462.0,595.0,732.0,650.0,0.0,102.0,388.0,0.0,81.0,0.0,70.0,0.0,0.0,66.0,0.0,0.0,0.0,258.0,0.0,0.0,0.0,0.0,464.0,0.0,0.0,1394.0,0.0,0.0,0.0,0.0,0.0,44.0,399.0,555.0,2.0,0.0,203.0,385.0,0.0
2021-11-21 22:00:00+00:00,0.0,0.0,203.0,474.0,608.0,706.0,650.0,0.0,21.0,263.0,0.0,49.0,0.0,138.0,0.0,0.0,45.0,0.0,2.0,0.0,320.0,12.0,0.0,0.0,0.0,455.0,0.0,0.0,1337.0,0.0,0.0,0.0,0.0,0.0,19.0,371.0,565.0,0.0,0.0,196.0,402.0,0.0
2021-11-21 23:00:00+00:00,0.0,0.0,291.0,522.0,638.0,653.0,624.0,0.0,0.0,148.0,0.0,135.0,81.0,285.0,0.0,0.0,27.0,0.0,0.0,0.0,359.0,191.0,0.0,0.0,0.0,533.0,0.0,0.0,1329.0,3.0,0.0,0.0,0.0,0.0,0.0,340.0,648.0,0.0,0.0,214.0,421.0,0.0
2021-11-22 00:00:00+00:00,0.0,0.0,317.0,537.0,631.0,644.0,641.0,0.0,0.0,90.0,0.0,120.0,85.0,284.0,0.0,0.0,19.0,0.0,1.0,0.0,360.0,277.0,0.0,0.0,0.0,524.0,0.0,0.0,1373.0,0.0,0.0,0.0,0.0,0.0,0.0,308.0,664.0,0.0,0.0,206.0,419.0,0.0
2021-11-22 01:00:00+00:00,0.0,42.0,305.0,529.0,615.0,614.0,618.0,0.0,0.0,91.0,0.0,0.0,14.0,207.0,0.0,0.0,15.0,0.0,2.0,0.0,379.0,299.0,0.0,0.0,0.0,452.0,0.0,0.0,1380.0,0.0,0.0,0.0,0.0,0.0,0.0,266.0,656.0,0.0,0.0,173.0,411.0,0.0
2021-11-22 02:00:00+00:00,0.0,54.0,289.0,498.0,586.0,568.0,574.0,0.0,0.0,122.0,0.0,0.0,8.0,208.0,0.0,0.0,17.0,0.0,0.0,0.0,504.0,284.0,0.0,0.0,0.0,404.0,0.0,0.0,1363.0,1.0,0.0,0.0,0.0,0.0,0.0,288.0,618.0,0.0,0.0,195.0,410.0,0.0
2021-11-22 03:00:00+00:00,0.0,0.0,250.0,462.0,496.0,572.0,584.0,0.0,0.0,81.0,0.0,117.0,74.0,242.0,0.0,0.0,25.0,0.0,0.0,0.0,488.0,301.0,0.0,0.0,0.0,326.0,0.0,0.0,1376.0,9.0,0.0,0.0,0.0,0.0,0.0,377.0,580.0,0.0,0.0,258.0,380.0,0.0
2021-11-22 04:00:00+00:00,0.0,0.0,100.0,339.0,387.0,542.0,570.0,0.0,0.0,118.0,0.0,12.0,94.0,180.0,0.0,0.0,49.0,0.0,13.0,0.0,331.0,103.0,0.0,0.0,0.0,273.0,0.0,0.0,1372.0,0.0,0.0,0.0,0.0,0.0,0.0,536.0,436.0,7.0,0.0,454.0,274.0,0.0
2021-11-22 05:00:00+00:00,0.0,53.0,16.0,230.0,290.0,695.0,640.0,0.0,93.0,193.0,0.0,0.0,22.0,43.0,0.0,71.0,93.0,0.0,0.0,0.0,0.0,0.0,0.0,0.0,0.0,125.0,0.0,0.0,1371.0,1.0,0.0,0.0,3.0,0.0,0.0,573.0,321.0,62.0,0.0,457.0,235.0,0.0
2021-11-22 06:00:00+00:00,0.0,335.0,0.0,140.0,269.0,647.0,612.0,0.0,289.0,323.0,0.0,0.0,0.0,0.0,0.0,345.0,79.0,0.0,27.0,0.0,0.0,0.0,0.0,0.0,0.0,0.0,0.0,0.0,1372.0,0.0,0.0,140.0,106.0,0.0,57.0,528.0,255.0,149.0,0.0,384.0,211.0,0.0
2021-11-22 07:00:00+00:00,0.0,254.0,2.0,151.0,239.0,657.0,633.0,0.0,321.0,316.0,0.0,0.0,0.0,0.0,0.0,278.0,76.0,0.0,39.0,0.0,0.0,0.0,0.0,0.0,0.0,0.0,0.0,0.0,1372.0,0.0,0.0,102.0,102.0,0.0,18.0,540.0,244.0,110.0,0.0,416.0,192.0,0.0
2021-11-22 08:00:00+00:00,0.0,246.0,3.0,195.0,293.0,494.0,459.0,0.0,311.0,305.0,0.0,0.0,0.0,0.0,0.0,320.0,69.0,0.0,84.0,0.0,0.0,0.0,0.0,0.0,0.0,0.0,0.0,0.0,1331.0,0.0,0.0,93.0,72.0,0.0,21.0,485.0,299.0,86.0,0.0,389.0,173.0,0.0
2021-11-22 09:00:00+00:00,0.0,204.0,5.0,215.0,310.0,566.0,516.0,0.0,326.0,322.0,0.0,0.0,0.0,0.0,0.0,358.0,62.0,0.0,66.0,0.0,0.0,0.0,0.0,0.0,0.0,0.0,0.0,0.0,1330.0,0.0,0.0,46.0,46.0,0.0,4.0,460.0,304.0,78.0,0.0,403.0,154.0,0.0
2021-11-22 10:00:00+00:00,0.0,289.0,6.0,232.0,321.0,704.0,635.0,0.0,308.0,307.0,0.0,0.0,0.0,0.0,0.0,421.0,62.0,0.0,13.0,0.0,0.0,0.0,0.0,0.0,0.0,0.0,0.0,0.0,1374.0,0.0,0.0,9.0,60.0,0.0,9.0,433.0,316.0,62.0,0.0,361.0,171.0,0.0
2021-11-22 11:00:00+00:00,0.0,248.0,2.0,202.0,289.0,724.0,650.0,0.0,328.0,309.0,0.0,0.0,0.0,0.0,0.0,528.0,60.0,0.0,13.0,,0.0,0.0,0.0,0.0,0.0,6.0,,0.0,1362.0,0.0,0.0,0.0,76.0,0.0,10.0,448.0,285.0,102.0,0.0,370.0,179.0,0.0
2021-11-22 12:00:00+00:00,0.0,196.0,1.0,174.0,242.0,726.0,650.0,0.0,320.0,294.0,0.0,0.0,5.0,0.0,0.0,545.0,62.0,0.0,19.0,,0.0,0.0,0.0,0.0,0.0,0.0,,0.0,1370.0,0.0,0.0,27.0,82.0,0.0,0.0,460.0,268.0,122.0,0.0,394.0,151.0,0.0
2021-11-22 13:00:00+00:00,0.0,118.0,1.0,152.0,204.0,726.0,650.0,0.0,377.0,282.0,0.0,0.0,32.0,0.0,0.0,407.0,81.0,0.0,10.0,,0.0,0.0,0.0,0.0,0.0,0.0,,0.0,1370.0,0.0,0.0,62.0,64.0,0.0,0.0,523.0,224.0,169.0,0.0,436.0,141.0,0.0
2021-11-22 14:00:00+00:00,0.0,225.0,0.0,158.0,207.0,697.0,649.0,0.0,408.0,279.0,0.0,0.0,31.0,0.0,0.0,368.0,101.0,0.0,13.0,,0.0,0.0,0.0,0.0,0.0,0.0,,0.0,1369.0,0.0,0.0,145.0,71.0,0.0,0.0,537.0,223.0,198.0,0.0,415.0,133.0,0.0
2021-11-22 15:00:00+00:00,0.0,98.0,0.0,212.0,248.0,709.0,646.0,0.0,363.0,271.0,0.0,0.0,63.0,9.0,0.0,334.0,89.0,0.0,6.0,0.0,0.0,0.0,0.0,0.0,0.0,0.0,0.0,0.0,1370.0,0.0,0.0,221.0,9.0,0.0,0.0,593.0,270.0,197.0,0.0,466.0,129.0,0.0
2021-11-22 16:00:00+00:00,0.0,119.0,0.0,197.0,260.0,696.0,646.0,0.0,327.0,266.0,0.0,0.0,58.0,3.0,0.0,326.0,109.0,0.0,0.0,0.0,0.0,0.0,0.0,0.0,0.0,0.0,0.0,0.0,1370.0,1.0,0.0,313.0,27.0,0.0,0.0,583.0,237.0,173.0,0.0,489.0,97.0,0.0
2021-11-22 17:00:00+00:00,0.0,151.0,3.0,202.0,250.0,737.0,646.0,0.0,228.0,230.0,0.0,0.0,44.0,1.0,0.0,232.0,119.0,0.0,0.0,0.0,0.0,0.0,0.0,0.0,0.0,0.0,0.0,0.0,1371.0,27.0,0.0,225.0,34.0,0.0,0.0,609.0,264.0,113.0,0.0,510.0,123.0,0.0
2021-11-22 18:00:00+00:00,0.0,97.0,4.0,231.0,252.0,818.0,646.0,0.0,141.0,173.0,0.0,0.0,46.0,5.0,0.0,183.0,126.0,0.0,0.0,0.0,0.0,0.0,0.0,0.0,0.0,0.0,0.0,0.0,1361.0,41.0,0.0,126.0,19.0,0.0,0.0,610.0,286.0,80.0,0.0,515.0,149.0,0.0
2021-11-22 19:00:00+00:00,0.0,0.0,12.0,242.0,294.0,879.0,646.0,0.0,207.0,295.0,0.0,27.0,43.0,46.0,0.0,0.0,153.0,0.0,0.0,0.0,0.0,0.0,0.0,0.0,0.0,0.0,0.0,0.0,1370.0,51.0,0.0,6.0,0.0,0.0,0.0,598.0,302.0,78.0,0.0,506.0,188.0,0.0
2021-11-22 20:00:00+00:00,0.0,0.0,32.0,294.0,312.0,820.0,646.0,0.0,125.0,304.0,0.0,147.0,59.0,124.0,0.0,0.0,120.0,0.0,0.0,0.0,136.0,0.0,0.0,0.0,0.0,188.0,0.0,0.0,1176.0,35.0,0.0,0.0,0.0,0.0,0.0,599.0,345.0,30.0,0.0,511.0,236.0,0.0
2021-11-22 21:00:00+00:00,0.0,0.0,26.0,321.0,376.0,673.0,481.0,0.0,187.0,323.0,0.0,253.0,101.0,188.0,0.0,0.0,86.0,0.0,23.0,0.0,247.0,0.0,0.0,0.0,0.0,190.0,0.0,0.0,868.0,0.0,0.0,0.0,0.0,0.0,0.0,654.0,329.0,42.0,0.0,560.0,283.0,0.0
2021-11-22 22:00:00+00:00,0.0,0.0,66.0,380.0,418.0,820.0,540.0,0.0,26.0,181.0,0.0,246.0,140.0,248.0,0.0,0.0,57.0,0.0,0.0,0.0,318.0,8.0,0.0,0.0,0.0,320.0,0.0,0.0,820.0,31.0,0.0,0.0,0.0,0.0,0.0,621.0,371.0,17.0,0.0,554.0,306.0,0.0
2021-11-22 23:00:00+00:00,0.0,0.0,112.0,425.0,579.0,805.0,639.0,0.0,61.0,311.0,0.0,299.0,126.0,285.0,0.0,0.0,40.0,0.0,0.0,0.0,593.0,3.0,0.0,0.0,0.0,407.0,0.0,0.0,1069.0,53.0,0.0,0.0,0.0,0.0,0.0,485.0,442.0,6.0,0.0,457.0,386.0,0.0
2021-11-23 00:00:00+00:00,0.0,0.0,182.0,459.0,548.0,879.0,646.0,0.0,0.0,203.0,0.0,223.0,109.0,237.0,0.0,0.0,33.0,0.0,0.0,0.0,601.0,133.0,0.0,0.0,0.0,341.0,0.0,0.0,1287.0,48.0,0.0,0.0,0.0,0.0,0.0,416.0,530.0,0.0,0.0,422.0,398.0,0.0
2021-11-23 01:00:00+00:00,0.0,0.0,214.0,458.0,524.0,883.0,646.0,0.0,0.0,161.0,0.0,179.0,95.0,196.0,0.0,0.0,27.0,0.0,0.0,0.0,601.0,216.0,0.0,0.0,0.0,344.0,0.0,0.0,1296.0,40.0,0.0,0.0,0.0,0.0,0.0,389.0,558.0,2.0,0.0,416.0,376.0,0.0
2021-11-23 02:00:00+00:00,0.0,0.0,202.0,455.0,494.0,849.0,646.0,0.0,0.0,143.0,0.0,163.0,81.0,170.0,0.0,0.0,26.0,0.0,0.0,0.0,601.0,245.0,0.0,0.0,0.0,275.0,0.0,0.0,1201.0,42.0,0.0,0.0,0.0,0.0,0.0,394.0,567.0,1.0,0.0,413.0,384.0,0.0
2021-11-23 03:00:00+00:00,0.0,0.0,178.0,410.0,424.0,704.0,639.0,0.0,0.0,137.0,0.0,175.0,94.0,178.0,0.0,0.0,35.0,0.0,0.0,0.0,601.0,249.0,0.0,0.0,0.0,287.0,0.0,0.0,1357.0,3.0,0.0,0.0,0.0,0.0,0.0,468.0,543.0,1.0,0.0,478.0,346.0,0.0
2021-11-23 04:00:00+00:00,0.0,0.0,82.0,291.0,306.0,518.0,396.0,0.0,3.0,198.0,0.0,263.0,118.0,184.0,0.0,0.0,58.0,0.0,63.0,0.0,575.0,76.0,0.0,0.0,0.0,86.0,0.0,0.0,1369.0,0.0,0.0,0.0,0.0,0.0,0.0,559.0,409.0,6.0,0.0,592.0,259.0,0.0
2021-11-23 05:00:00+00:00,0.0,0.0,15.0,190.0,242.0,516.0,411.0,0.0,138.0,270.0,0.0,133.0,60.0,48.0,0.0,0.0,99.0,0.0,69.0,0.0,178.0,0.0,0.0,0.0,0.0,49.0,0.0,0.0,1365.0,0.0,0.0,0.0,2.0,0.0,0.0,586.0,316.0,63.0,0.0,548.0,270.0,0.0
2021-11-23 06:00:00+00:00,0.0,0.0,2.0,113.0,176.0,330.0,350.0,0.0,274.0,262.0,0.0,63.0,36.0,0.0,0.0,164.0,105.0,0.0,106.0,0.0,0.0,0.0,0.0,0.0,0.0,0.0,0.0,0.0,1365.0,0.0,0.0,129.0,47.0,0.0,0.0,604.0,268.0,125.0,0.0,543.0,239.0,0.0
2021-11-23 07:00:00+00:00,0.0,0.0,6.0,137.0,171.0,388.0,431.0,0.0,253.0,208.0,0.0,36.0,78.0,13.0,0.0,238.0,81.0,0.0,89.0,0.0,0.0,0.0,0.0,0.0,0.0,0.0,0.0,0.0,1364.0,0.0,0.0,206.0,6.0,0.0,0.0,569.0,281.0,86.0,0.0,580.0,182.0,0.0
2021-11-23 08:00:00+00:00,0.0,0.0,14.0,167.0,151.0,414.0,479.0,0.0,212.0,182.0,0.0,90.0,105.0,73.0,0.0,208.0,55.0,0.0,93.0,0.0,0.0,0.0,0.0,0.0,0.0,0.0,0.0,0.0,1335.0,0.0,0.0,121.0,0.0,0.0,0.0,506.0,332.0,46.0,0.0,590.0,147.0,0.0
2021-11-23 09:00:00+00:00,0.0,0.0,30.0,191.0,172.0,395.0,484.0,0.0,188.0,210.0,0.0,84.0,120.0,135.0,0.0,161.0,42.0,0.0,84.0,0.0,0.0,0.0,0.0,0.0,0.0,0.0,0.0,0.0,1330.0,0.0,0.0,106.0,0.0,0.0,0.0,474.0,350.0,25.0,0.0,581.0,169.0,0.0
2021-11-23 10:00:00+00:00,0.0,0.0,45.0,215.0,216.0,413.0,541.0,0.0,195.0,235.0,0.0,110.0,115.0,149.0,0.0,180.0,29.0,0.0,54.0,0.0,0.0,0.0,0.0,0.0,0.0,0.0,0.0,0.0,1367.0,0.0,0.0,58.0,0.0,0.0,0.0,402.0,366.0,18.0,0.0,528.0,141.0,0.0
2021-11-23 11:00:00+00:00,0.0,0.0,52.0,238.0,217.0,482.0,607.0,0.0,116.0,186.0,0.0,126.0,110.0,139.0,0.0,294.0,23.0,0.0,10.0,0.0,0.0,0.0,0.0,0.0,0.0,0.0,0.0,0.0,1367.0,0.0,0.0,49.0,0.0,0.0,0.0,418.0,407.0,11.0,0.0,508.0,167.0,0.0
2021-11-23 12:00:00+00:00,0.0,0.0,50.0,250.0,238.0,528.0,640.0,0.0,119.0,191.0,0.0,160.0,92.0,86.0,0.0,255.0,34.0,0.0,13.0,0.0,0.0,0.0,0.0,0.0,0.0,52.0,0.0,0.0,1370.0,0.0,0.0,0.0,0.0,0.0,0.0,419.0,414.0,10.0,0.0,488.0,176.0,0.0
2021-11-23 13:00:00+00:00,0.0,0.0,32.0,249.0,250.0,541.0,647.0,0.0,138.0,188.0,0.0,189.0,82.0,48.0,0.0,281.0,70.0,0.0,0.0,0.0,0.0,0.0,0.0,0.0,0.0,12.0,0.0,0.0,1370.0,2.0,0.0,0.0,0.0,0.0,0.0,503.0,414.0,26.0,0.0,479.0,210.0,0.0
2021-11-23 14:00:00+00:00,0.0,75.0,15.0,270.0,336.0,513.0,638.0,0.0,208.0,249.0,0.0,0.0,11.0,1.0,0.0,231.0,97.0,0.0,9.0,0.0,0.0,0.0,0.0,0.0,0.0,67.0,0.0,0.0,1369.0,0.0,0.0,0.0,42.0,0.0,0.0,574.0,389.0,54.0,0.0,385.0,203.0,0.0
2021-11-23 15:00:00+00:00,0.0,200.0,19.0,318.0,421.0,532.0,644.0,0.0,197.0,227.0,0.0,0.0,0.0,0.0,0.0,309.0,111.0,0.0,14.0,0.0,0.0,0.0,0.0,0.0,0.0,0.0,0.0,0.0,1369.0,0.0,0.0,17.0,56.0,0.0,16.0,602.0,384.0,58.0,0.0,370.0,233.0,0.0
2021-11-23 16:00:00+00:00,0.0,179.0,38.0,358.0,440.0,522.0,645.0,0.0,93.0,150.0,0.0,0.0,0.0,0.0,0.0,167.0,100.0,0.0,9.0,0.0,0.0,0.0,0.0,0.0,0.0,0.0,0.0,0.0,1369.0,0.0,0.0,21.0,45.0,0.0,6.0,617.0,406.0,31.0,0.0,394.0,230.0,0.0
2021-11-23 17:00:00+00:00,0.0,232.0,47.0,363.0,458.0,516.0,638.0,0.0,88.0,168.0,0.0,0.0,0.0,1.0,0.0,118.0,103.0,0.0,7.0,0.0,0.0,1.0,0.0,0.0,0.0,0.0,0.0,0.0,1370.0,0.0,0.0,7.0,51.0,0.0,13.0,570.0,409.0,16.0,0.0,365.0,246.0,0.0
2021-11-23 18:00:00+00:00,0.0,133.0,55.0,389.0,442.0,540.0,647.0,0.0,6.0,90.0,0.0,0.0,21.0,48.0,0.0,148.0,108.0,0.0,0.0,0.0,0.0,32.0,0.0,0.0,0.0,0.0,0.0,0.0,1343.0,0.0,0.0,15.0,3.0,0.0,0.0,538.0,411.0,17.0,0.0,391.0,303.0,0.0
2021-11-23 19:00:00+00:00,0.0,66.0,52.0,390.0,474.0,582.0,644.0,0.0,51.0,224.0,0.0,0.0,23.0,106.0,0.0,0.0,151.0,0.0,0.0,0.0,50.0,2.0,0.0,0.0,0.0,131.0,0.0,0.0,1326.0,11.0,0.0,0.0,0.0,0.0,0.0,506.0,375.0,18.0,0.0,377.0,344.0,0.0
2021-11-23 20:00:00+00:00,0.0,0.0,78.0,416.0,475.0,572.0,616.0,0.0,10.0,245.0,0.0,132.0,46.0,183.0,0.0,0.0,121.0,0.0,0.0,0.0,109.0,14.0,0.0,0.0,0.0,286.0,0.0,0.0,1085.0,32.0,0.0,0.0,0.0,0.0,0.0,554.0,437.0,14.0,0.0,386.0,444.0,0.0
2021-11-23 21:00:00+00:00,0.0,0.0,60.0,393.0,496.0,517.0,617.0,0.0,99.0,268.0,0.0,29.0,50.0,157.0,0.0,0.0,88.0,0.0,0.0,0.0,151.0,0.0,0.0,0.0,0.0,269.0,0.0,0.0,788.0,6.0,0.0,0.0,0.0,0.0,0.0,589.0,414.0,11.0,0.0,425.0,485.0,0.0
2021-11-23 22:00:00+00:00,0.0,0.0,127.0,438.0,550.0,487.0,594.0,0.0,18.0,194.0,0.0,137.0,81.0,223.0,0.0,0.0,60.0,0.0,0.0,0.0,419.0,7.0,0.0,0.0,0.0,291.0,0.0,0.0,548.0,13.0,0.0,0.0,0.0,0.0,0.0,532.0,461.0,3.0,0.0,393.0,501.0,0.0
2021-11-23 23:00:00+00:00,0.0,0.0,118.0,451.0,630.0,683.0,603.0,0.0,13.0,269.0,0.0,154.0,103.0,277.0,0.0,0.0,41.0,0.0,0.0,0.0,537.0,11.0,0.0,0.0,0.0,347.0,0.0,0.0,741.0,49.0,0.0,0.0,0.0,0.0,0.0,506.0,490.0,4.0,0.0,413.0,507.0,0.0
2021-11-24 00:00:00+00:00,0.0,59.0,144.0,467.0,640.0,670.0,626.0,0.0,0.0,223.0,0.0,0.0,38.0,141.0,0.0,0.0,32.0,0.0,0.0,0.0,522.0,90.0,0.0,0.0,0.0,351.0,0.0,0.0,796.0,57.0,0.0,0.0,0.0,0.0,0.0,422.0,530.0,2.0,0.0,341.0,522.0,0.0
2021-11-24 01:00:00+00:00,0.0,163.0,173.0,453.0,636.0,667.0,646.0,0.0,0.0,224.0,0.0,0.0,8.0,83.0,0.0,0.0,27.0,0.0,0.0,0.0,561.0,117.0,0.0,0.0,0.0,336.0,0.0,0.0,808.0,54.0,0.0,0.0,0.0,0.0,0.0,345.0,539.0,1.0,0.0,289.0,495.0,0.0
2021-11-24 02:00:00+00:00,0.0,259.0,173.0,442.0,633.0,622.0,612.0,0.0,0.0,244.0,0.0,0.0,0.0,31.0,0.0,0.0,26.0,0.0,0.0,0.0,546.0,104.0,0.0,0.0,0.0,275.0,0.0,0.0,587.0,76.0,0.0,0.0,1.0,0.0,26.0,320.0,533.0,1.0,0.0,262.0,497.0,0.0
2021-11-24 03:00:00+00:00,0.0,209.0,138.0,404.0,587.0,573.0,596.0,0.0,1.0,253.0,0.0,0.0,0.0,47.0,0.0,0.0,33.0,0.0,0.0,0.0,522.0,66.0,0.0,0.0,0.0,271.0,0.0,0.0,734.0,67.0,0.0,0.0,1.0,0.0,5.0,399.0,493.0,1.0,0.0,343.0,467.0,0.0
2021-11-24 04:00:00+00:00,0.0,62.0,41.0,306.0,472.0,584.0,639.0,0.0,88.0,303.0,0.0,0.0,34.0,92.0,0.0,0.0,57.0,0.0,0.0,0.0,532.0,0.0,0.0,0.0,0.0,150.0,0.0,0.0,1050.0,51.0,0.0,0.0,0.0,0.0,0.0,584.0,377.0,23.0,0.0,542.0,381.0,0.0
2021-11-24 05:00:00+00:00,0.0,416.0,4.0,168.0,398.0,622.0,632.0,0.0,410.0,420.0,0.0,0.0,0.0,0.0,0.0,0.0,98.0,0.0,0.0,0.0,259.0,0.0,0.0,0.0,0.0,0.0,0.0,0.0,1342.0,41.0,0.0,22.0,105.0,0.0,79.0,539.0,228.0,142.0,0.0,428.0,380.0,0.0
2021-11-24 06:00:00+00:00,0.0,282.0,0.0,104.0,336.0,537.0,611.0,0.0,552.0,466.0,0.0,0.0,0.0,0.0,0.0,0.0,92.0,0.0,0.0,0.0,125.0,0.0,0.0,0.0,0.0,0.0,0.0,0.0,1185.0,53.0,0.0,236.0,127.0,0.0,72.0,537.0,176.0,223.0,0.0,408.0,332.0,0.0
2021-11-24 07:00:00+00:00,0.0,274.0,0.0,170.0,367.0,528.0,602.0,0.0,487.0,400.0,0.0,0.0,0.0,0.0,0.0,0.0,80.0,0.0,0.0,0.0,113.0,0.0,0.0,0.0,0.0,0.0,0.0,0.0,1357.0,56.0,0.0,241.0,56.0,0.0,42.0,455.0,234.0,156.0,0.0,387.0,296.0,0.0
2021-11-24 08:00:00+00:00,0.0,394.0,0.0,127.0,309.0,540.0,622.0,0.0,593.0,443.0,0.0,0.0,0.0,2.0,0.0,0.0,61.0,0.0,0.0,0.0,101.0,0.0,0.0,0.0,0.0,0.0,0.0,0.0,1386.0,64.0,0.0,118.0,44.0,0.0,27.0,403.0,195.0,188.0,0.0,405.0,240.0,0.0
2021-11-24 09:00:00+00:00,0.0,506.0,2.0,145.0,295.0,539.0,638.0,0.0,586.0,439.0,0.0,0.0,0.0,0.0,0.0,0.0,42.0,0.0,0.0,0.0,54.0,0.0,0.0,0.0,0.0,14.0,0.0,0.0,1378.0,72.0,0.0,0.0,35.0,0.0,30.0,347.0,243.0,142.0,0.0,368.0,229.0,0.0
2021-11-24 10:00:00+00:00,0.0,541.0,2.0,173.0,310.0,525.0,621.0,0.0,560.0,428.0,0.0,0.0,0.0,8.0,0.0,0.0,27.0,0.0,0.0,0.0,53.0,0.0,0.0,0.0,0.0,0.0,0.0,0.0,1359.0,71.0,0.0,13.0,16.0,0.0,33.0,303.0,246.0,130.0,0.0,324.0,224.0,0.0
2021-11-24 11:00:00+00:00,0.0,509.0,0.0,166.0,295.0,547.0,611.0,0.0,536.0,379.0,0.0,0.0,0.0,6.0,0.0,0.0,28.0,0.0,0.0,0.0,107.0,0.0,0.0,0.0,0.0,2.0,0.0,0.0,1360.0,54.0,0.0,0.0,11.0,0.0,40.0,304.0,227.0,162.0,0.0,303.0,233.0,0.0
2021-11-24 12:00:00+00:00,0.0,476.0,0.0,150.0,271.0,575.0,617.0,0.0,511.0,370.0,0.0,0.0,0.0,1.0,0.0,0.0,38.0,0.0,0.0,0.0,95.0,0.0,0.0,0.0,0.0,36.0,0.0,0.0,1370.0,36.0,0.0,0.0,25.0,0.0,36.0,353.0,222.0,181.0,0.0,316.0,251.0,0.0
2021-11-24 13:00:00+00:00,0.0,306.0,0.0,164.0,211.0,526.0,523.0,0.0,355.0,253.0,0.0,0.0,7.0,3.0,0.0,0.0,51.0,0.0,0.0,,52.0,0.0,0.0,0.0,0.0,66.0,,0.0,1191.0,8.0,0.0,0.0,15.0,0.0,0.0,484.0,273.0,142.0,0.0,407.0,258.0,0.0
2021-11-24 14:00:00+00:00,0.0,200.0,2.0,153.0,189.0,421.0,381.0,0.0,326.0,232.0,0.0,0.0,20.0,1.0,0.0,0.0,36.0,0.0,38.0,0.0,51.0,0.0,0.0,0.0,0.0,12.0,0.0,0.0,1179.0,0.0,0.0,0.0,29.0,0.0,0.0,624.0,266.0,122.0,0.0,405.0,229.0,0.0
2021-11-24 15:00:00+00:00,0.0,307.0,0.0,155.0,287.0,390.0,275.0,0.0,463.0,346.0,0.0,0.0,0.0,0.0,0.0,0.0,24.0,0.0,89.0,0.0,55.0,0.0,0.0,0.0,0.0,0.0,0.0,0.0,1179.0,0.0,0.0,47.0,93.0,0.0,24.0,609.0,236.0,173.0,0.0,362.0,246.0,0.0
2021-11-24 16:00:00+00:00,0.0,312.0,3.0,216.0,345.0,410.0,286.0,0.0,345.0,278.0,0.0,0.0,0.0,0.0,0.0,0.0,0.0,0.0,97.0,0.0,51.0,0.0,0.0,0.0,0.0,0.0,0.0,0.0,1179.0,0.0,0.0,84.0,61.0,0.0,23.0,558.0,267.0,85.0,0.0,305.0,258.0,0.0
2021-11-24 17:00:00+00:00,0.0,230.0,10.0,228.0,328.0,393.0,305.0,0.0,297.0,222.0,0.0,0.0,6.0,0.0,0.0,0.0,0.0,0.0,67.0,0.0,69.0,0.0,0.0,0.0,0.0,0.0,0.0,0.0,1179.0,0.0,0.0,119.0,39.0,0.0,0.0,553.0,287.0,76.0,0.0,371.0,228.0,0.0
2021-11-24 18:00:00+00:00,0.0,190.0,10.0,227.0,319.0,558.0,360.0,0.0,281.0,218.0,0.0,0.0,13.0,2.0,0.0,0.0,51.0,0.0,0.0,0.0,67.0,0.0,0.0,0.0,0.0,0.0,0.0,0.0,1134.0,9.0,0.0,98.0,24.0,0.0,0.0,497.0,287.0,69.0,0.0,430.0,275.0,0.0
2021-11-24 19:00:00+00:00,0.0,174.0,18.0,250.0,343.0,662.0,405.0,0.0,264.0,260.0,0.0,0.0,13.0,30.0,0.0,0.0,100.0,0.0,0.0,0.0,98.0,0.0,0.0,0.0,0.0,0.0,0.0,0.0,1345.0,10.0,0.0,18.0,3.0,0.0,0.0,461.0,328.0,54.0,0.0,415.0,304.0,0.0
2021-11-24 20:00:00+00:00,0.0,355.0,36.0,304.0,428.0,649.0,457.0,0.0,269.0,373.0,0.0,0.0,5.0,88.0,0.0,0.0,114.0,0.0,1.0,0.0,115.0,0.0,0.0,0.0,0.0,199.0,0.0,0.0,1371.0,0.0,0.0,0.0,0.0,0.0,0.0,488.0,375.0,25.0,0.0,405.0,398.0,0.0
2021-11-24 21:00:00+00:00,0.0,233.0,34.0,312.0,458.0,560.0,587.0,0.0,329.0,418.0,0.0,0.0,16.0,100.0,0.0,0.0,88.0,0.0,15.0,0.0,247.0,0.0,0.0,0.0,0.0,220.0,0.0,0.0,1368.0,0.0,0.0,0.0,0.0,0.0,0.0,507.0,338.0,39.0,0.0,443.0,434.0,0.0
2021-11-24 22:00:00+00:00,0.0,394.0,41.0,345.0,562.0,623.0,643.0,0.0,346.0,429.0,0.0,0.0,1.0,123.0,0.0,0.0,62.0,0.0,0.0,0.0,308.0,0.0,0.0,0.0,0.0,207.0,0.0,0.0,1347.0,0.0,0.0,0.0,0.0,0.0,0.0,370.0,359.0,47.0,0.0,312.0,463.0,0.0
2021-11-24 23:00:00+00:00,0.0,38.0,165.0,383.0,621.0,783.0,618.0,0.0,233.0,478.0,0.0,0.0,67.0,267.0,0.0,0.0,43.0,0.0,0.0,0.0,592.0,0.0,0.0,0.0,0.0,388.0,0.0,0.0,1342.0,48.0,0.0,0.0,0.0,0.0,0.0,374.0,370.0,8.0,0.0,341.0,474.0,0.0
2021-11-25 00:00:00+00:00,0.0,158.0,134.0,406.0,627.0,823.0,648.0,0.0,142.0,444.0,0.0,0.0,23.0,177.0,0.0,0.0,32.0,0.0,0.0,0.0,601.0,0.0,0.0,0.0,0.0,373.0,0.0,0.0,1372.0,69.0,0.0,0.0,0.0,0.0,0.0,254.0,448.0,4.0,0.0,227.0,490.0,0.0
2021-11-25 01:00:00+00:00,0.0,241.0,134.0,415.0,638.0,800.0,648.0,0.0,123.0,430.0,0.0,0.0,0.0,118.0,0.0,0.0,27.0,0.0,0.0,0.0,602.0,0.0,0.0,0.0,0.0,371.0,0.0,0.0,1372.0,70.0,0.0,0.0,0.0,0.0,8.0,229.0,472.0,2.0,0.0,206.0,487.0,0.0
2021-11-25 02:00:00+00:00,0.0,306.0,120.0,396.0,614.0,789.0,650.0,0.0,125.0,430.0,0.0,0.0,0.0,82.0,0.0,0.0,26.0,0.0,0.0,0.0,601.0,0.0,0.0,0.0,0.0,359.0,0.0,0.0,1363.0,77.0,0.0,0.0,0.0,0.0,27.0,232.0,442.0,2.0,0.0,213.0,482.0,0.0
2021-11-25 03:00:00+00:00,0.0,280.0,83.0,353.0,559.0,726.0,638.0,0.0,171.0,450.0,0.0,0.0,0.0,91.0,0.0,0.0,33.0,0.0,0.0,0.0,601.0,0.0,0.0,0.0,0.0,302.0,0.0,0.0,1387.0,64.0,0.0,0.0,0.0,0.0,13.0,291.0,401.0,14.0,0.0,261.0,455.0,0.0
2021-11-25 04:00:00+00:00,0.0,0.0,17.0,285.0,374.0,657.0,640.0,0.0,126.0,358.0,0.0,56.0,85.0,209.0,0.0,0.0,56.0,0.0,0.0,0.0,583.0,0.0,0.0,0.0,0.0,242.0,0.0,0.0,1367.0,46.0,0.0,0.0,0.0,0.0,0.0,552.0,335.0,71.0,0.0,566.0,345.0,0.0
2021-11-25 05:00:00+00:00,0.0,91.0,6.0,192.0,300.0,651.0,567.0,0.0,255.0,355.0,0.0,0.0,25.0,59.0,0.0,0.0,101.0,0.0,0.0,0.0,303.0,0.0,0.0,0.0,0.0,0.0,0.0,0.0,1367.0,19.0,0.0,32.0,1.0,0.0,0.0,503.0,214.0,161.0,0.0,474.0,319.0,0.0
2021-11-25 06:00:00+00:00,0.0,38.0,1.0,105.0,251.0,610.0,614.0,0.0,440.0,438.0,0.0,0.0,27.0,25.0,0.0,0.0,102.0,0.0,0.0,0.0,318.0,0.0,0.0,0.0,0.0,0.0,0.0,0.0,1367.0,36.0,0.0,231.0,5.0,0.0,0.0,468.0,152.0,206.0,0.0,432.0,278.0,0.0
2021-11-25 07:00:00+00:00,0.0,87.0,3.0,123.0,239.0,629.0,589.0,0.0,454.0,406.0,0.0,0.0,28.0,52.0,0.0,0.0,112.0,0.0,0.0,0.0,206.0,0.0,0.0,0.0,0.0,0.0,0.0,0.0,1368.0,33.0,0.0,237.0,0.0,0.0,0.0,460.0,154.0,150.0,0.0,435.0,276.0,0.0
2021-11-25 08:00:00+00:00,0.0,0.0,6.0,174.0,251.0,619.0,545.0,0.0,379.0,403.0,0.0,78.0,47.0,123.0,0.0,0.0,96.0,0.0,0.0,0.0,321.0,0.0,0.0,0.0,0.0,0.0,0.0,0.0,1339.0,56.0,0.0,112.0,0.0,0.0,0.0,508.0,183.0,66.0,0.0,502.0,262.0,0.0
2021-11-25 09:00:00+00:00,0.0,103.0,0.0,198.0,326.0,611.0,522.0,0.0,466.0,479.0,0.0,0.0,0.0,70.0,0.0,0.0,93.0,0.0,0.0,0.0,363.0,0.0,0.0,0.0,0.0,0.0,0.0,,1377.0,29.0,0.0,25.0,0.0,0.0,7.0,433.0,248.0,154.0,0.0,,290.0,0.0
2021-11-25 10:00:00+00:00,0.0,103.0,2.0,230.0,353.0,636.0,559.0,0.0,419.0,468.0,0.0,0.0,0.0,43.0,0.0,0.0,91.0,0.0,0.0,0.0,401.0,0.0,0.0,0.0,0.0,70.0,0.0,0.0,1368.0,29.0,0.0,0.0,1.0,0.0,19.0,442.0,267.0,110.0,0.0,399.0,310.0,0.0
2021-11-25 11:00:00+00:00,0.0,0.0,2.0,242.0,308.0,664.0,601.0,0.0,285.0,365.0,0.0,21.0,11.0,74.0,0.0,0.0,87.0,0.0,0.0,0.0,275.0,0.0,0.0,0.0,0.0,36.0,0.0,0.0,1370.0,33.0,0.0,0.0,0.0,0.0,0.0,455.0,299.0,82.0,0.0,415.0,298.0,0.0
2021-11-25 12:00:00+00:00,0.0,40.0,9.0,254.0,293.0,667.0,619.0,0.0,195.0,281.0,0.0,0.0,18.0,63.0,0.0,0.0,92.0,0.0,0.0,0.0,133.0,0.0,0.0,0.0,0.0,76.0,0.0,0.0,1369.0,18.0,0.0,0.0,1.0,0.0,0.0,487.0,323.0,63.0,0.0,431.0,297.0,0.0
2021-11-25 13:00:00+00:00,0.0,6.0,6.0,220.0,242.0,598.0,617.0,0.0,192.0,267.0,0.0,0.0,31.0,47.0,0.0,0.0,91.0,0.0,6.0,0.0,53.0,0.0,0.0,0.0,0.0,69.0,0.0,,1368.0,0.0,0.0,0.0,1.0,0.0,0.0,550.0,310.0,83.0,0.0,,304.0,0.0
2021-11-25 14:00:00+00:00,0.0,45.0,16.0,201.0,250.0,477.0,602.0,0.0,225.0,254.0,0.0,0.0,11.0,3.0,0.0,0.0,89.0,0.0,27.0,0.0,0.0,0.0,0.0,0.0,0.0,10.0,0.0,0.0,1368.0,0.0,0.0,0.0,21.0,0.0,0.0,618.0,338.0,42.0,0.0,433.0,226.0,0.0
2021-11-25 15:00:00+00:00,0.0,76.0,34.0,230.0,321.0,405.0,513.0,0.0,241.0,254.0,0.0,0.0,1.0,0.0,0.0,0.0,110.0,0.0,50.0,0.0,0.0,0.0,0.0,0.0,0.0,0.0,0.0,0.0,1369.0,0.0,0.0,138.0,50.0,0.0,0.0,632.0,395.0,26.0,0.0,429.0,215.0,0.0
2021-11-25 16:00:00+00:00,0.0,27.0,117.0,270.0,353.0,394.0,421.0,0.0,147.0,198.0,0.0,0.0,9.0,1.0,0.0,57.0,122.0,0.0,69.0,0.0,0.0,0.0,0.0,0.0,0.0,0.0,0.0,,1370.0,0.0,0.0,227.0,45.0,0.0,0.0,603.0,462.0,2.0,0.0,,201.0,0.0
2021-11-25 17:00:00+00:00,0.0,0.0,218.0,327.0,366.0,363.0,432.0,0.0,20.0,107.0,0.0,76.0,30.0,5.0,0.0,88.0,128.0,0.0,62.0,0.0,0.0,7.0,0.0,0.0,0.0,0.0,0.0,0.0,1370.0,0.0,0.0,237.0,15.0,0.0,0.0,542.0,509.0,0.0,0.0,427.0,205.0,0.0
2021-11-25 18:00:00+00:00,0.0,0.0,195.0,350.0,408.0,460.0,527.0,0.0,28.0,159.0,0.0,91.0,18.0,30.0,0.0,0.0,128.0,0.0,15.0,0.0,79.0,1.0,0.0,0.0,0.0,0.0,0.0,,1385.0,0.0,0.0,155.0,0.0,0.0,0.0,514.0,536.0,0.0,0.0,,316.0,0.0
2021-11-25 19:00:00+00:00,0.0,0.0,230.0,403.0,491.0,610.0,585.0,0.0,24.0,261.0,0.0,144.0,3.0,61.0,0.0,0.0,143.0,0.0,0.0,0.0,439.0,1.0,0.0,0.0,0.0,119.0,0.0,,1413.0,16.0,0.0,0.0,0.0,0.0,0.0,484.0,620.0,0.0,0.0,,381.0,0.0
2021-11-25 20:00:00+00:00,0.0,0.0,278.0,438.0,537.0,404.0,336.0,0.0,38.0,286.0,0.0,78.0,0.0,46.0,0.0,0.0,115.0,0.0,54.0,0.0,493.0,1.0,0.0,0.0,0.0,308.0,0.0,0.0,1405.0,0.0,0.0,0.0,1.0,0.0,18.0,415.0,649.0,1.0,0.0,281.0,480.0,0.0
2021-11-25 21:00:00+00:00,0.0,0.0,270.0,429.0,542.0,441.0,180.0,0.0,113.0,333.0,0.0,45.0,0.0,47.0,0.0,0.0,92.0,0.0,79.0,0.0,484.0,0.0,0.0,0.0,0.0,336.0,0.0,0.0,1376.0,0.0,0.0,0.0,1.0,0.0,24.0,426.0,637.0,0.0,0.0,304.0,520.0,0.0
2021-11-25 22:00:00+00:00,0.0,102.0,363.0,491.0,684.0,580.0,398.0,0.0,100.0,341.0,0.0,0.0,0.0,54.0,0.0,0.0,63.0,0.0,6.0,0.0,534.0,0.0,0.0,0.0,0.0,366.0,0.0,0.0,1384.0,0.0,0.0,0.0,1.0,0.0,57.0,313.0,706.0,0.0,0.0,173.0,585.0,0.0
2021-11-25 23:00:00+00:00,0.0,78.0,393.0,531.0,780.0,400.0,249.0,0.0,14.0,352.0,0.0,0.0,0.0,111.0,0.0,0.0,44.0,0.0,61.0,0.0,598.0,17.0,0.0,0.0,0.0,446.0,0.0,,1375.0,0.0,0.0,0.0,0.0,0.0,32.0,361.0,782.0,0.0,0.0,,525.0,0.0
2021-11-26 00:00:00+00:00,0.0,92.0,400.0,522.0,726.0,369.0,170.0,0.0,0.0,290.0,0.0,0.0,0.0,91.0,0.0,0.0,32.0,0.0,65.0,0.0,600.0,70.0,0.0,0.0,0.0,452.0,0.0,0.0,1369.0,0.0,0.0,0.0,0.0,0.0,26.0,323.0,742.0,0.0,0.0,146.0,499.0,0.0
2021-11-26 01:00:00+00:00,0.0,133.0,391.0,521.0,698.0,341.0,201.0,0.0,0.0,261.0,0.0,0.0,0.0,50.0,0.0,0.0,27.0,0.0,61.0,0.0,600.0,138.0,0.0,0.0,0.0,433.0,0.0,0.0,1369.0,0.0,0.0,0.0,0.0,0.0,44.0,277.0,744.0,0.0,0.0,112.0,483.0,0.0
2021-11-26 02:00:00+00:00,0.0,141.0,401.0,518.0,691.0,279.0,168.0,0.0,0.0,259.0,0.0,0.0,0.0,36.0,0.0,0.0,26.0,0.0,66.0,0.0,600.0,154.0,0.0,0.0,0.0,421.0,0.0,0.0,1357.0,0.0,0.0,0.0,4.0,0.0,48.0,271.0,742.0,0.0,0.0,108.0,484.0,0.0
2021-11-26 03:00:00+00:00,0.0,163.0,413.0,517.0,693.0,296.0,185.0,0.0,0.0,267.0,0.0,0.0,0.0,14.0,0.0,0.0,33.0,0.0,56.0,0.0,594.0,147.0,0.0,0.0,0.0,399.0,0.0,0.0,1370.0,0.0,0.0,0.0,8.0,0.0,63.0,313.0,771.0,0.0,0.0,110.0,491.0,0.0
2021-11-26 04:00:00+00:00,0.0,0.0,285.0,429.0,532.0,292.0,88.0,0.0,2.0,236.0,0.0,21.0,6.0,104.0,0.0,0.0,56.0,0.0,98.0,0.0,577.0,110.0,0.0,0.0,0.0,348.0,0.0,0.0,1366.0,0.0,0.0,0.0,0.0,0.0,0.0,505.0,675.0,0.0,0.0,330.0,391.0,0.0
2021-11-26 05:00:00+00:00,0.0,512.0,25.0,288.0,534.0,337.0,226.0,0.0,315.0,438.0,0.0,0.0,0.0,0.0,0.0,0.0,97.0,0.0,103.0,0.0,159.0,0.0,0.0,0.0,0.0,259.0,0.0,0.0,1368.0,0.0,0.0,0.0,130.0,0.0,147.0,422.0,454.0,67.0,0.0,210.0,401.0,0.0
2021-11-26 06:00:00+00:00,0.0,500.0,18.0,231.0,439.0,398.0,170.0,0.0,349.0,407.0,0.0,0.0,0.0,0.0,0.0,0.0,99.0,0.0,120.0,0.0,1.0,0.0,0.0,0.0,0.0,104.0,0.0,0.0,1370.0,0.0,0.0,0.0,135.0,0.0,116.0,447.0,370.0,59.0,0.0,275.0,373.0,0.0
2021-11-26 07:00:00+00:00,0.0,435.0,25.0,250.0,399.0,332.0,110.0,0.0,313.0,323.0,0.0,0.0,0.0,0.0,0.0,130.0,59.0,0.0,122.0,0.0,0.0,0.0,0.0,0.0,0.0,100.0,0.0,0.0,1370.0,0.0,0.0,0.0,126.0,0.0,100.0,347.0,369.0,36.0,0.0,280.0,346.0,0.0
2021-11-26 08:00:00+00:00,0.0,483.0,20.0,289.0,452.0,321.0,205.0,0.0,365.0,392.0,0.0,0.0,0.0,0.0,0.0,137.0,20.0,0.0,124.0,0.0,0.0,0.0,0.0,0.0,0.0,201.0,0.0,0.0,1387.0,0.0,0.0,0.0,110.0,0.0,119.0,308.0,394.0,34.0,0.0,261.0,375.0,0.0
2021-11-26 09:00:00+00:00,0.0,588.0,60.0,318.0,518.0,330.0,236.0,0.0,406.0,432.0,0.0,0.0,0.0,0.0,0.0,236.0,0.0,0.0,127.0,0.0,0.0,0.0,0.0,3.0,0.0,244.0,0.0,0.0,1379.0,0.0,0.0,0.0,112.0,0.0,141.0,278.0,431.0,14.0,0.0,195.0,419.0,0.0
2021-11-26 10:00:00+00:00,0.0,732.0,75.0,353.0,593.0,323.0,212.0,0.0,398.0,450.0,0.0,0.0,0.0,0.0,0.0,260.0,0.0,0.0,123.0,0.0,0.0,0.0,0.0,1.0,0.0,272.0,0.0,0.0,1370.0,0.0,0.0,0.0,184.0,0.0,193.0,199.0,448.0,6.0,0.0,74.0,456.0,0.0
2021-11-26 11:00:00+00:00,0.0,780.0,50.0,335.0,596.0,415.0,199.0,0.0,457.0,488.0,0.0,0.0,0.0,0.0,0.0,253.0,0.0,0.0,114.0,0.0,0.0,0.0,0.0,2.0,0.0,405.0,0.0,4.0,1372.0,0.0,0.0,0.0,217.0,0.0,211.0,162.0,415.0,33.0,0.0,21.0,477.0,0.0
2021-11-26 12:00:00+00:00,0.0,877.0,22.0,302.0,589.0,568.0,409.0,0.0,541.0,523.0,0.0,0.0,0.0,0.0,0.0,253.0,4.0,0.0,52.0,0.0,0.0,0.0,0.0,0.0,0.0,361.0,0.0,1.0,1371.0,0.0,0.0,0.0,212.0,0.0,215.0,185.0,373.0,32.0,0.0,14.0,486.0,0.0
2021-11-26 13:00:00+00:00,0.0,891.0,42.0,295.0,575.0,538.0,397.0,0.0,503.0,496.0,0.0,0.0,0.0,0.0,0.0,269.0,7.0,0.0,55.0,0.0,0.0,0.0,0.0,0.0,0.0,355.0,0.0,13.0,1372.0,0.0,0.0,0.0,224.0,0.0,214.0,188.0,380.0,19.0,0.0,1.0,460.0,0.0
2021-11-26 14:00:00+00:00,0.0,969.0,79.0,316.0,617.0,428.0,347.0,0.0,448.0,465.0,0.0,0.0,0.0,0.0,0.0,265.0,55.0,0.0,73.0,0.0,0.0,0.0,0.0,0.0,0.0,347.0,0.0,83.0,1372.0,0.0,0.0,0.0,279.0,0.0,231.0,208.0,417.0,5.0,0.0,0.0,356.0,0.0
2021-11-26 15:00:00+00:00,0.0,798.0,111.0,362.0,616.0,404.0,415.0,0.0,321.0,354.0,0.0,0.0,0.0,0.0,0.0,186.0,105.0,0.0,70.0,0.0,0.0,0.0,0.0,0.0,0.0,237.0,0.0,3.0,1372.0,0.0,0.0,0.0,210.0,0.0,178.0,303.0,473.0,2.0,0.0,12.0,337.0,0.0
2021-11-26 16:00:00+00:00,0.0,701.0,176.0,410.0,672.0,413.0,422.0,0.0,264.0,368.0,0.0,0.0,0.0,0.0,0.0,0.0,114.0,0.0,65.0,0.0,92.0,0.0,0.0,0.0,0.0,229.0,0.0,0.0,1372.0,0.0,0.0,0.0,162.0,0.0,164.0,315.0,517.0,0.0,0.0,56.0,342.0,0.0
2021-11-26 17:00:00+00:00,0.0,531.0,290.0,436.0,694.0,371.0,412.0,0.0,253.0,378.0,0.0,0.0,0.0,0.0,0.0,0.0,137.0,0.0,79.0,0.0,219.0,0.0,0.0,0.0,0.0,264.0,0.0,0.0,1372.0,0.0,0.0,0.0,124.0,0.0,151.0,256.0,595.0,0.0,0.0,56.0,383.0,0.0
2021-11-26 18:00:00+00:00,0.0,422.0,297.0,479.0,701.0,572.0,462.0,0.0,142.0,326.0,0.0,0.0,0.0,0.0,0.0,0.0,143.0,0.0,0.0,0.0,275.0,0.0,0.0,0.0,0.0,295.0,0.0,0.0,1335.0,23.0,0.0,0.0,68.0,0.0,137.0,171.0,657.0,0.0,0.0,72.0,476.0,0.0
2021-11-26 19:00:00+00:00,0.0,178.0,272.0,466.0,675.0,655.0,456.0,0.0,139.0,383.0,0.0,0.0,0.0,14.0,0.0,0.0,134.0,0.0,0.0,0.0,562.0,0.0,0.0,0.0,0.0,417.0,0.0,0.0,1376.0,40.0,0.0,0.0,8.0,0.0,100.0,134.0,641.0,0.0,0.0,73.0,490.0,0.0
2021-11-26 20:00:00+00:00,0.0,62.0,297.0,462.0,664.0,346.0,446.0,0.0,127.0,375.0,0.0,0.0,0.0,35.0,0.0,0.0,121.0,0.0,0.0,0.0,598.0,0.0,0.0,0.0,0.0,466.0,0.0,0.0,1401.0,0.0,0.0,0.0,2.0,0.0,84.0,122.0,656.0,0.0,0.0,67.0,543.0,0.0
2021-11-26 21:00:00+00:00,0.0,19.0,276.0,484.0,692.0,495.0,546.0,0.0,151.0,357.0,0.0,0.0,0.0,23.0,0.0,0.0,92.0,0.0,0.0,0.0,588.0,0.0,0.0,0.0,0.0,473.0,0.0,0.0,1404.0,42.0,0.0,0.0,3.0,0.0,86.0,162.0,620.0,0.0,0.0,108.0,590.0,0.0
2021-11-26 22:00:00+00:00,0.0,51.0,238.0,496.0,705.0,460.0,490.0,0.0,117.0,306.0,0.0,0.0,0.0,32.0,0.0,0.0,67.0,0.0,0.0,0.0,599.0,0.0,0.0,0.0,0.0,362.0,0.0,0.0,1378.0,26.0,0.0,0.0,2.0,0.0,80.0,123.0,615.0,0.0,0.0,86.0,612.0,0.0
2021-11-26 23:00:00+00:00,0.0,96.0,188.0,475.0,706.0,331.0,244.0,0.0,36.0,236.0,0.0,0.0,0.0,105.0,0.0,0.0,48.0,0.0,25.0,0.0,600.0,5.0,0.0,0.0,0.0,436.0,0.0,0.0,1407.0,0.0,0.0,0.0,0.0,0.0,49.0,192.0,573.0,2.0,0.0,100.0,604.0,0.0
2021-11-27 00:00:00+00:00,0.0,43.0,247.0,469.0,667.0,288.0,225.0,0.0,1.0,148.0,0.0,0.0,0.0,81.0,0.0,0.0,36.0,0.0,33.0,0.0,600.0,52.0,0.0,0.0,0.0,504.0,0.0,0.0,1373.0,0.0,0.0,0.0,0.0,0.0,39.0,166.0,531.0,0.0,0.0,104.0,593.0,0.0
2021-11-27 01:00:00+00:00,0.0,139.0,236.0,454.0,657.0,260.0,255.0,0.0,1.0,160.0,0.0,0.0,0.0,42.0,0.0,0.0,28.0,0.0,13.0,0.0,601.0,63.0,0.0,0.0,0.0,476.0,0.0,0.0,1371.0,0.0,0.0,0.0,1.0,0.0,57.0,116.0,519.0,0.0,0.0,59.0,590.0,0.0
2021-11-27 02:00:00+00:00,0.0,269.0,206.0,451.0,677.0,259.0,218.0,0.0,0.0,183.0,0.0,0.0,0.0,3.0,0.0,0.0,26.0,0.0,16.0,0.0,602.0,58.0,0.0,0.0,0.0,450.0,0.0,0.0,1371.0,0.0,0.0,0.0,22.0,0.0,98.0,116.0,555.0,0.0,0.0,45.0,604.0,0.0
2021-11-27 03:00:00+00:00,0.0,310.0,202.0,459.0,699.0,278.0,266.0,0.0,1.0,189.0,0.0,0.0,0.0,3.0,0.0,0.0,29.0,0.0,11.0,0.0,602.0,46.0,0.0,0.0,0.0,422.0,0.0,0.0,1370.0,0.0,0.0,0.0,23.0,0.0,98.0,161.0,574.0,1.0,0.0,66.0,607.0,0.0
2021-11-27 04:00:00+00:00,0.0,391.0,227.0,441.0,660.0,254.0,249.0,0.0,0.0,185.0,0.0,0.0,0.0,0.0,0.0,0.0,40.0,0.0,0.0,0.0,598.0,54.0,0.0,0.0,0.0,466.0,0.0,0.0,1366.0,7.0,0.0,0.0,78.0,0.0,140.0,200.0,569.0,0.0,0.0,93.0,577.0,0.0
2021-11-27 05:00:00+00:00,0.0,375.0,156.0,376.0,551.0,275.0,143.0,0.0,5.0,143.0,0.0,0.0,0.0,0.0,0.0,0.0,61.0,0.0,0.0,0.0,484.0,34.0,0.0,0.0,0.0,381.0,0.0,0.0,1370.0,2.0,0.0,0.0,81.0,0.0,113.0,313.0,521.0,1.0,0.0,198.0,523.0,0.0
2021-11-27 06:00:00+00:00,0.0,301.0,72.0,299.0,503.0,304.0,277.0,0.0,151.0,239.0,0.0,0.0,0.0,0.0,0.0,0.0,93.0,0.0,0.0,0.0,433.0,0.0,0.0,0.0,0.0,112.0,0.0,0.0,1396.0,50.0,0.0,0.0,97.0,0.0,121.0,317.0,423.0,7.0,0.0,185.0,480.0,0.0
2021-11-27 07:00:00+00:00,0.0,347.0,108.0,314.0,520.0,280.0,249.0,0.0,181.0,212.0,0.0,0.0,0.0,0.0,0.0,0.0,98.0,0.0,0.0,0.0,208.0,0.0,0.0,0.0,0.0,44.0,0.0,0.0,1365.0,39.0,0.0,0.0,105.0,0.0,119.0,302.0,427.0,2.0,0.0,201.0,421.0,0.0
2021-11-27 08:00:00+00:00,0.0,444.0,51.0,318.0,567.0,257.0,215.0,0.0,298.0,267.0,0.0,0.0,0.0,0.0,0.0,0.0,96.0,0.0,0.0,0.0,66.0,0.0,0.0,0.0,0.0,113.0,0.0,0.0,1372.0,1.0,0.0,0.0,190.0,0.0,168.0,202.0,421.0,14.0,0.0,126.0,395.0,0.0
2021-11-27 09:00:00+00:00,0.0,400.0,41.0,294.0,538.0,296.0,231.0,0.0,329.0,277.0,0.0,0.0,0.0,0.0,0.0,86.0,103.0,0.0,0.0,0.0,0.0,0.0,0.0,0.0,0.0,159.0,0.0,0.0,1373.0,0.0,0.0,0.0,209.0,0.0,181.0,184.0,402.0,25.0,0.0,117.0,407.0,0.0
2021-11-27 10:00:00+00:00,0.0,409.0,61.0,297.0,551.0,341.0,266.0,0.0,310.0,268.0,0.0,0.0,0.0,0.0,0.0,164.0,82.0,0.0,0.0,0.0,0.0,0.0,0.0,0.0,0.0,94.0,0.0,0.0,1401.0,7.0,0.0,0.0,202.0,0.0,178.0,193.0,417.0,10.0,0.0,120.0,418.0,0.0
2021-11-27 11:00:00+00:00,0.0,362.0,70.0,311.0,570.0,272.0,223.0,0.0,285.0,273.0,0.0,0.0,0.0,0.0,0.0,91.0,45.0,0.0,13.0,0.0,0.0,0.0,0.0,0.0,0.0,63.0,0.0,0.0,1404.0,0.0,0.0,0.0,172.0,0.0,168.0,196.0,453.0,11.0,0.0,123.0,407.0,0.0
2021-11-27 12:00:00+00:00,0.0,364.0,50.0,315.0,565.0,321.0,283.0,0.0,265.0,250.0,0.0,0.0,0.0,0.0,0.0,139.0,32.0,0.0,2.0,0.0,0.0,0.0,0.0,0.0,0.0,103.0,0.0,0.0,1369.0,0.0,0.0,0.0,203.0,0.0,178.0,181.0,486.0,14.0,0.0,104.0,399.0,0.0
2021-11-27 13:00:00+00:00,0.0,295.0,52.0,309.0,495.0,332.0,311.0,0.0,176.0,176.0,0.0,0.0,0.0,0.0,0.0,187.0,44.0,0.0,10.0,0.0,0.0,0.0,0.0,0.0,0.0,121.0,0.0,0.0,1369.0,0.0,0.0,0.0,184.0,0.0,137.0,248.0,485.0,12.0,0.0,167.0,373.0,0.0
2021-11-27 14:00:00+00:00,0.0,150.0,102.0,302.0,453.0,358.0,325.0,0.0,136.0,148.0,0.0,0.0,0.0,0.0,0.0,129.0,62.0,0.0,0.0,0.0,0.0,0.0,0.0,0.0,0.0,98.0,0.0,0.0,1369.0,8.0,0.0,0.0,178.0,0.0,103.0,337.0,461.0,5.0,0.0,246.0,340.0,0.0
2021-11-27 15:00:00+00:00,0.0,217.0,21.0,258.0,473.0,300.0,240.0,0.0,296.0,267.0,0.0,0.0,0.0,0.0,0.0,0.0,94.0,0.0,25.0,0.0,0.0,0.0,0.0,0.0,0.0,0.0,0.0,0.0,1348.0,0.0,0.0,30.0,192.0,0.0,108.0,411.0,410.0,54.0,0.0,306.0,335.0,0.0
2021-11-27 16:00:00+00:00,0.0,45.0,65.0,290.0,453.0,243.0,160.0,0.0,178.0,174.0,0.0,0.0,0.0,0.0,0.0,0.0,100.0,0.0,57.0,0.0,128.0,0.0,0.0,0.0,0.0,0.0,0.0,0.0,1378.0,0.0,0.0,107.0,123.0,0.0,56.0,452.0,450.0,12.0,0.0,379.0,319.0,0.0
2021-11-27 17:00:00+00:00,0.0,70.0,102.0,319.0,470.0,261.0,173.0,0.0,144.0,158.0,0.0,0.0,0.0,0.0,0.0,0.0,107.0,0.0,64.0,0.0,261.0,0.0,0.0,0.0,0.0,0.0,0.0,0.0,1397.0,0.0,0.0,62.0,81.0,0.0,46.0,458.0,450.0,4.0,0.0,385.0,334.0,0.0
2021-11-27 18:00:00+00:00,0.0,95.0,119.0,352.0,478.0,340.0,286.0,0.0,101.0,158.0,0.0,0.0,0.0,0.0,0.0,0.0,114.0,0.0,21.0,0.0,333.0,0.0,0.0,0.0,0.0,29.0,0.0,0.0,1380.0,0.0,0.0,0.0,44.0,0.0,42.0,475.0,477.0,2.0,0.0,395.0,359.0,0.0
2021-11-27 19:00:00+00:00,0.0,107.0,133.0,367.0,483.0,400.0,435.0,0.0,94.0,183.0,0.0,0.0,0.0,10.0,0.0,0.0,109.0,0.0,0.0,0.0,472.0,0.0,0.0,0.0,0.0,119.0,0.0,0.0,1345.0,15.0,0.0,0.0,9.0,0.0,45.0,433.0,454.0,2.0,0.0,356.0,402.0,0.0
2021-11-27 20:00:00+00:00,0.0,78.0,113.0,365.0,461.0,332.0,328.0,0.0,73.0,158.0,0.0,0.0,0.0,31.0,0.0,0.0,104.0,0.0,55.0,0.0,522.0,0.0,0.0,0.0,0.0,241.0,0.0,0.0,1402.0,0.0,0.0,0.0,1.0,0.0,41.0,427.0,468.0,4.0,0.0,351.0,452.0,0.0
2021-11-27 21:00:00+00:00,0.0,172.0,115.0,408.0,575.0,421.0,364.0,0.0,158.0,236.0,0.0,0.0,0.0,22.0,0.0,0.0,82.0,0.0,42.0,0.0,597.0,0.0,0.0,0.0,0.0,250.0,0.0,0.0,1392.0,0.0,0.0,0.0,6.0,0.0,75.0,329.0,490.0,5.0,0.0,249.0,511.0,0.0
2021-11-27 22:00:00+00:00,0.0,287.0,203.0,459.0,674.0,393.0,315.0,0.0,132.0,226.0,0.0,0.0,0.0,0.0,0.0,0.0,58.0,0.0,68.0,0.0,600.0,0.0,0.0,0.0,0.0,329.0,0.0,0.0,1395.0,0.0,0.0,0.0,34.0,0.0,96.0,205.0,538.0,0.0,0.0,111.0,571.0,0.0
2021-11-27 23:00:00+00:00,0.0,248.0,235.0,442.0,694.0,312.0,183.0,0.0,103.0,220.0,0.0,0.0,0.0,23.0,0.0,0.0,40.0,0.0,98.0,0.0,599.0,1.0,0.0,0.0,0.0,306.0,0.0,0.0,1372.0,0.0,0.0,0.0,18.0,0.0,50.0,168.0,534.0,0.0,0.0,141.0,537.0,0.0
2021-11-28 00:00:00+00:00,0.0,254.0,243.0,445.0,698.0,300.0,188.0,0.0,43.0,194.0,0.0,0.0,0.0,1.0,0.0,0.0,27.0,0.0,78.0,0.0,576.0,1.0,0.0,0.0,0.0,318.0,0.0,0.0,1371.0,0.0,0.0,0.0,48.0,0.0,82.0,149.0,566.0,0.0,0.0,124.0,555.0,0.0
2021-11-28 01:00:00+00:00,0.0,341.0,244.0,426.0,720.0,306.0,229.0,0.0,68.0,227.0,0.0,0.0,0.0,0.0,0.0,0.0,19.0,0.0,56.0,0.0,583.0,1.0,0.0,0.0,0.0,362.0,0.0,0.0,1371.0,0.0,0.0,0.0,154.0,0.0,131.0,83.0,576.0,0.0,0.0,79.0,536.0,0.0
2021-11-28 02:00:00+00:00,0.0,407.0,283.0,417.0,686.0,299.0,207.0,0.0,9.0,177.0,0.0,0.0,0.0,0.0,0.0,0.0,16.0,0.0,58.0,0.0,482.0,16.0,0.0,0.0,0.0,381.0,0.0,0.0,1371.0,0.0,0.0,0.0,252.0,0.0,179.0,45.0,583.0,0.0,0.0,49.0,526.0,0.0
2021-11-28 03:00:00+00:00,0.0,336.0,268.0,410.0,677.0,319.0,240.0,0.0,13.0,177.0,0.0,0.0,0.0,0.0,0.0,0.0,18.0,0.0,60.0,0.0,480.0,9.0,0.0,0.0,0.0,380.0,0.0,0.0,1371.0,0.0,0.0,0.0,255.0,0.0,176.0,51.0,594.0,0.0,0.0,47.0,535.0,0.0
2021-11-28 04:00:00+00:00,0.0,370.0,231.0,398.0,637.0,263.0,185.0,0.0,10.0,164.0,0.0,0.0,0.0,0.0,0.0,0.0,27.0,0.0,85.0,0.0,481.0,10.0,0.0,0.0,0.0,336.0,0.0,46.0,1372.0,0.0,0.0,0.0,248.0,0.0,179.0,14.0,599.0,2.0,1.0,0.0,553.0,0.0
2021-11-28 05:00:00+00:00,0.0,426.0,206.0,371.0,571.0,231.0,108.0,0.0,21.0,163.0,0.0,0.0,0.0,0.0,0.0,0.0,45.0,0.0,79.0,0.0,507.0,6.0,0.0,0.0,0.0,261.0,0.0,36.0,1367.0,0.0,0.0,0.0,240.0,0.0,179.0,27.0,569.0,0.0,0.0,8.0,515.0,0.0
2021-11-28 06:00:00+00:00,0.0,277.0,168.0,328.0,492.0,220.0,127.0,0.0,56.0,190.0,0.0,0.0,0.0,0.0,0.0,0.0,61.0,0.0,46.0,0.0,545.0,0.0,0.0,0.0,0.0,195.0,0.0,0.0,1352.0,0.0,0.0,0.0,153.0,0.0,137.0,156.0,526.0,1.0,0.0,84.0,478.0,0.0
2021-11-28 07:00:00+00:00,0.0,294.0,129.0,338.0,533.0,260.0,135.0,0.0,144.0,225.0,0.0,0.0,0.0,0.0,0.0,0.0,79.0,0.0,73.0,0.0,424.0,0.0,0.0,0.0,0.0,168.0,0.0,0.0,1354.0,0.0,0.0,0.0,149.0,0.0,146.0,200.0,503.0,2.0,0.0,117.0,478.0,0.0
2021-11-28 08:00:00+00:00,0.0,270.0,122.0,372.0,551.0,319.0,240.0,0.0,135.0,186.0,0.0,0.0,0.0,0.0,0.0,0.0,82.0,0.0,61.0,0.0,312.0,0.0,0.0,0.0,0.0,153.0,0.0,0.0,1361.0,0.0,0.0,0.0,112.0,0.0,142.0,181.0,491.0,2.0,0.0,117.0,468.0,0.0
2021-11-28 09:00:00+00:00,0.0,484.0,125.0,380.0,592.0,381.0,324.0,0.0,172.0,198.0,0.0,0.0,0.0,0.0,0.0,0.0,96.0,0.0,40.0,0.0,121.0,0.0,0.0,0.0,0.0,99.0,0.0,6.0,1347.0,0.0,0.0,0.0,157.0,0.0,203.0,95.0,496.0,3.0,0.0,8.0,519.0,0.0
2021-11-28 10:00:00+00:00,0.0,526.0,84.0,374.0,614.0,367.0,333.0,0.0,222.0,243.0,0.0,0.0,0.0,0.0,0.0,0.0,98.0,0.0,37.0,0.0,162.0,0.0,0.0,0.0,0.0,169.0,0.0,46.0,1353.0,0.0,0.0,0.0,205.0,0.0,239.0,40.0,491.0,7.0,0.0,0.0,516.0,0.0
2021-11-28 11:00:00+00:00,0.0,448.0,68.0,372.0,584.0,438.0,416.0,0.0,194.0,237.0,0.0,0.0,0.0,0.0,0.0,0.0,80.0,0.0,13.0,0.0,163.0,0.0,0.0,0.0,0.0,183.0,0.0,0.0,1378.0,0.0,0.0,0.0,172.0,0.0,201.0,83.0,470.0,11.0,0.0,14.0,504.0,0.0
2021-11-28 12:00:00+00:00,0.0,495.0,34.0,338.0,585.0,445.0,419.0,0.0,295.0,299.0,0.0,0.0,0.0,0.0,0.0,0.0,81.0,0.0,26.0,0.0,160.0,0.0,0.0,0.0,0.0,174.0,0.0,4.0,1371.0,0.0,0.0,0.0,213.0,0.0,205.0,78.0,419.0,23.0,0.0,2.0,499.0,0.0
2021-11-28 13:00:00+00:00,0.0,288.0,63.0,343.0,500.0,354.0,308.0,0.0,150.0,174.0,0.0,0.0,0.0,0.0,0.0,0.0,74.0,0.0,70.0,0.0,114.0,0.0,0.0,0.0,0.0,191.0,0.0,0.0,1368.0,0.0,0.0,0.0,180.0,0.0,145.0,177.0,469.0,10.0,0.0,123.0,454.0,0.0
2021-11-28 14:00:00+00:00,0.0,294.0,62.0,326.0,513.0,366.0,293.0,0.0,237.0,228.0,0.0,0.0,0.0,0.0,0.0,0.0,72.0,0.0,62.0,0.0,158.0,0.0,0.0,0.0,0.0,103.0,0.0,0.0,1371.0,0.0,0.0,0.0,206.0,0.0,146.0,188.0,453.0,10.0,0.0,137.0,399.0,0.0
2021-11-28 15:00:00+00:00,0.0,331.0,50.0,332.0,537.0,333.0,227.0,0.0,260.0,240.0,0.0,0.0,0.0,0.0,0.0,0.0,86.0,0.0,99.0,0.0,92.0,0.0,0.0,0.0,0.0,36.0,0.0,0.0,1364.0,0.0,0.0,0.0,206.0,0.0,153.0,185.0,435.0,15.0,0.0,112.0,396.0,0.0
2021-11-28 16:00:00+00:00,0.0,340.0,59.0,330.0,552.0,355.0,268.0,0.0,262.0,215.0,0.0,0.0,0.0,0.0,0.0,0.0,91.0,0.0,100.0,0.0,58.0,0.0,0.0,0.0,0.0,0.0,0.0,0.0,1392.0,0.0,0.0,33.0,222.0,0.0,156.0,174.0,419.0,14.0,0.0,102.0,396.0,0.0
2021-11-28 17:00:00+00:00,0.0,331.0,126.0,387.0,612.0,370.0,286.0,0.0,220.0,216.0,0.0,0.0,0.0,0.0,0.0,0.0,92.0,0.0,85.0,0.0,264.0,0.0,0.0,0.0,0.0,65.0,0.0,0.0,1340.0,0.0,0.0,0.0,212.0,0.0,161.0,189.0,469.0,1.0,0.0,99.0,434.0,0.0
2021-11-28 18:00:00+00:00,0.0,422.0,142.0,431.0,667.0,350.0,299.0,0.0,192.0,245.0,0.0,0.0,0.0,0.0,0.0,0.0,97.0,0.0,76.0,0.0,385.0,0.0,0.0,0.0,0.0,184.0,0.0,0.0,1332.0,0.0,0.0,0.0,202.0,0.0,184.0,157.0,489.0,3.0,0.0,56.0,463.0,0.0
2021-11-28 19:00:00+00:00,0.0,445.0,158.0,434.0,698.0,301.0,258.0,0.0,214.0,288.0,0.0,0.0,0.0,0.0,0.0,0.0,79.0,0.0,63.0,0.0,557.0,0.0,0.0,0.0,0.0,292.0,0.0,39.0,1379.0,0.0,0.0,0.0,218.0,0.0,216.0,92.0,518.0,0.0,0.0,2.0,461.0,0.0
2021-11-28 20:00:00+00:00,0.0,427.0,208.0,466.0,689.0,308.0,296.0,0.0,121.0,251.0,0.0,0.0,0.0,0.0,0.0,0.0,65.0,0.0,63.0,0.0,593.0,0.0,0.0,0.0,0.0,405.0,0.0,34.0,1339.0,0.0,0.0,0.0,154.0,0.0,199.0,86.0,611.0,0.0,0.0,0.0,472.0,0.0
2021-11-28 21:00:00+00:00,0.0,412.0,226.0,464.0,694.0,269.0,207.0,0.0,136.0,252.0,0.0,0.0,0.0,0.0,0.0,0.0,41.0,0.0,84.0,0.0,578.0,0.0,0.0,0.0,0.0,367.0,0.0,44.0,1344.0,0.0,0.0,0.0,138.0,0.0,182.0,50.0,560.0,0.0,0.0,0.0,495.0,0.0
2021-11-28 22:00:00+00:00,0.0,513.0,354.0,457.0,749.0,325.0,261.0,0.0,169.0,267.0,0.0,0.0,0.0,0.0,0.0,0.0,54.0,0.0,65.0,0.0,601.0,0.0,0.0,0.0,0.0,338.0,0.0,110.0,1338.0,0.0,0.0,0.0,152.0,0.0,189.0,0.0,458.0,0.0,31.0,0.0,516.0,0.0
2021-11-28 23:00:00+00:00,0.0,732.0,194.0,416.0,802.0,339.0,269.0,0.0,267.0,344.0,0.0,0.0,0.0,0.0,0.0,0.0,35.0,0.0,63.0,0.0,592.0,0.0,0.0,0.0,0.0,250.0,0.0,196.0,1372.0,0.0,0.0,0.0,224.0,0.0,224.0,0.0,503.0,0.0,82.0,0.0,466.0,0.0
2021-11-29 00:00:00+00:00,0.0,789.0,277.0,435.0,825.0,349.0,294.0,0.0,184.0,311.0,0.0,0.0,0.0,0.0,0.0,0.0,24.0,0.0,55.0,0.0,592.0,0.0,0.0,0.0,0.0,366.0,0.0,219.0,1373.0,0.0,0.0,0.0,200.0,0.0,214.0,0.0,503.0,0.0,190.0,0.0,513.0,0.0
2021-11-29 01:00:00+00:00,0.0,914.0,278.0,414.0,840.0,339.0,275.0,0.0,209.0,340.0,0.0,0.0,0.0,0.0,0.0,0.0,18.0,0.0,49.0,0.0,592.0,0.0,0.0,0.0,0.0,360.0,0.0,281.0,1372.0,0.0,0.0,0.0,267.0,0.0,244.0,0.0,482.0,0.0,285.0,0.0,494.0,0.0
2021-11-29 02:00:00+00:00,0.0,944.0,334.0,399.0,805.0,331.0,262.0,0.0,201.0,332.0,0.0,0.0,0.0,0.0,0.0,0.0,16.0,0.0,42.0,0.0,591.0,0.0,0.0,0.0,0.0,326.0,0.0,266.0,1352.0,0.0,0.0,0.0,279.0,0.0,253.0,0.0,422.0,0.0,273.0,0.0,501.0,0.0
2021-11-29 03:00:00+00:00,0.0,917.0,128.0,394.0,786.0,333.0,264.0,0.0,183.0,316.0,0.0,0.0,0.0,0.0,0.0,0.0,24.0,0.0,31.0,0.0,590.0,0.0,0.0,0.0,0.0,317.0,0.0,186.0,1381.0,0.0,0.0,0.0,244.0,0.0,232.0,0.0,497.0,2.0,153.0,0.0,506.0,0.0
2021-11-29 04:00:00+00:00,0.0,856.0,170.0,402.0,781.0,333.0,239.0,0.0,198.0,302.0,0.0,0.0,0.0,0.0,0.0,0.0,56.0,0.0,54.0,0.0,578.0,0.0,0.0,0.0,0.0,298.0,0.0,140.0,1372.0,0.0,0.0,0.0,267.0,0.0,239.0,0.0,510.0,2.0,56.0,0.0,493.0,0.0
2021-11-29 05:00:00+00:00,0.0,927.0,177.0,364.0,678.0,336.0,254.0,0.0,212.0,261.0,0.0,0.0,0.0,0.0,0.0,0.0,95.0,0.0,82.0,0.0,531.0,0.0,0.0,0.0,0.0,335.0,0.0,215.0,1371.0,0.0,0.0,0.0,349.0,0.0,307.0,0.0,514.0,6.0,74.0,0.0,467.0,0.0
2021-11-29 06:00:00+00:00,0.0,1178.0,25.0,271.0,668.0,423.0,305.0,0.0,465.0,321.0,0.0,0.0,0.0,0.0,0.0,0.0,101.0,0.0,93.0,0.0,494.0,0.0,0.0,0.0,0.0,113.0,0.0,292.0,1372.0,0.0,0.0,0.0,437.0,0.0,337.0,0.0,473.0,62.0,135.0,0.0,416.0,0.0
2021-11-29 07:00:00+00:00,0.0,1007.0,16.0,265.0,644.0,417.0,267.0,0.0,558.0,353.0,0.0,0.0,0.0,0.0,0.0,0.0,75.0,0.0,107.0,0.0,478.0,0.0,0.0,0.0,0.0,44.0,0.0,218.0,1368.0,0.0,0.0,0.0,331.0,0.0,273.0,0.0,394.0,66.0,54.0,0.0,406.0,0.0
2021-11-29 08:00:00+00:00,0.0,897.0,30.0,288.0,661.0,408.0,274.0,0.0,559.0,369.0,0.0,0.0,0.0,0.0,0.0,0.0,51.0,0.0,88.0,0.0,544.0,0.0,0.0,0.0,0.0,52.0,0.0,235.0,1336.0,0.0,0.0,0.0,275.0,0.0,250.0,0.0,377.0,26.0,69.0,0.0,426.0,0.0
2021-11-29 09:00:00+00:00,0.0,828.0,26.0,279.0,619.0,449.0,293.0,0.0,565.0,346.0,0.0,0.0,0.0,0.0,0.0,0.0,55.0,0.0,94.0,0.0,455.0,0.0,0.0,0.0,0.0,115.0,0.0,204.0,1383.0,0.0,0.0,0.0,244.0,0.0,218.0,0.0,381.0,27.0,38.0,0.0,425.0,0.0
2021-11-29 10:00:00+00:00,0.0,787.0,35.0,294.0,653.0,431.0,284.0,0.0,559.0,350.0,0.0,0.0,0.0,0.0,0.0,0.0,60.0,0.0,98.0,0.0,409.0,0.0,0.0,0.0,0.0,179.0,0.0,260.0,1369.0,0.0,0.0,0.0,267.0,0.0,230.0,0.0,375.0,23.0,97.0,0.0,439.0,0.0
2021-11-29 11:00:00+00:00,0.0,792.0,46.0,277.0,648.0,442.0,318.0,0.0,545.0,350.0,0.0,0.0,0.0,0.0,0.0,0.0,52.0,0.0,108.0,0.0,302.0,0.0,0.0,0.0,0.0,225.0,0.0,298.0,1368.0,0.0,0.0,0.0,320.0,0.0,248.0,0.0,377.0,20.0,130.0,0.0,443.0,0.0
2021-11-29 12:00:00+00:00,0.0,804.0,35.0,262.0,653.0,466.0,338.0,0.0,561.0,382.0,0.0,0.0,0.0,0.0,0.0,0.0,80.0,0.0,125.0,0.0,260.0,0.0,0.0,0.0,0.0,215.0,0.0,339.0,1368.0,0.0,0.0,0.0,353.0,0.0,268.0,0.0,401.0,18.0,175.0,0.0,431.0,0.0
2021-11-29 13:00:00+00:00,0.0,826.0,34.0,234.0,649.0,457.0,322.0,0.0,668.0,428.0,0.0,0.0,0.0,0.0,0.0,0.0,87.0,0.0,124.0,0.0,333.0,0.0,0.0,0.0,0.0,210.0,0.0,334.0,1369.0,0.0,0.0,0.0,401.0,0.0,287.0,0.0,359.0,26.0,181.0,0.0,413.0,0.0
2021-11-29 14:00:00+00:00,0.0,804.0,17.0,209.0,637.0,452.0,218.0,0.0,716.0,473.0,0.0,0.0,0.0,0.0,0.0,0.0,110.0,0.0,114.0,0.0,395.0,0.0,0.0,0.0,0.0,146.0,0.0,303.0,1368.0,0.0,0.0,0.0,427.0,0.0,291.0,0.0,323.0,47.0,141.0,0.0,400.0,0.0
2021-11-29 15:00:00+00:00,0.0,668.0,14.0,246.0,634.0,510.0,275.0,0.0,634.0,391.0,0.0,0.0,0.0,0.0,0.0,0.0,131.0,0.0,110.0,0.0,354.0,0.0,0.0,0.0,0.0,44.0,0.0,202.0,1367.0,0.0,0.0,0.0,368.0,0.0,254.0,8.0,388.0,47.0,8.0,0.0,404.0,0.0
2021-11-29 16:00:00+00:00,0.0,788.0,41.0,289.0,653.0,538.0,316.0,0.0,529.0,312.0,0.0,0.0,0.0,0.0,0.0,0.0,155.0,0.0,110.0,0.0,116.0,0.0,0.0,0.0,0.0,54.0,0.0,237.0,1364.0,0.0,0.0,0.0,397.0,0.0,272.0,0.0,391.0,13.0,53.0,0.0,408.0,0.0
2021-11-29 17:00:00+00:00,0.0,810.0,39.0,288.0,670.0,545.0,350.0,0.0,517.0,303.0,0.0,0.0,0.0,0.0,0.0,0.0,150.0,0.0,98.0,0.0,198.0,0.0,0.0,0.0,0.0,11.0,0.0,222.0,1363.0,0.0,0.0,0.0,371.0,0.0,264.0,0.0,390.0,17.0,53.0,0.0,421.0,0.0
2021-11-29 18:00:00+00:00,0.0,591.0,54.0,282.0,641.0,564.0,230.0,0.0,499.0,334.0,0.0,0.0,0.0,0.0,0.0,0.0,144.0,0.0,95.0,0.0,510.0,0.0,0.0,0.0,0.0,0.0,0.0,95.0,1339.0,0.0,0.0,3.0,288.0,0.0,205.0,17.0,400.0,11.0,0.0,0.0,403.0,0.0
2021-11-29 19:00:00+00:00,0.0,643.0,51.0,269.0,664.0,616.0,345.0,0.0,578.0,456.0,0.0,0.0,0.0,0.0,0.0,0.0,124.0,0.0,77.0,0.0,515.0,0.0,0.0,0.0,0.0,93.0,0.0,135.0,1339.0,0.0,0.0,0.0,277.0,0.0,227.0,0.0,398.0,22.0,47.0,0.0,426.0,0.0
2021-11-29 20:00:00+00:00,0.0,616.0,126.0,320.0,670.0,478.0,352.0,0.0,458.0,415.0,0.0,0.0,0.0,0.0,0.0,0.0,117.0,0.0,95.0,0.0,526.0,0.0,0.0,0.0,0.0,265.0,0.0,122.0,1352.0,0.0,0.0,0.0,213.0,0.0,221.0,17.0,461.0,8.0,12.0,0.0,512.0,0.0
2021-11-29 21:00:00+00:00,0.0,369.0,198.0,404.0,735.0,412.0,215.0,0.0,361.0,354.0,0.0,0.0,0.0,0.0,0.0,0.0,92.0,0.0,127.0,0.0,588.0,0.0,0.0,0.0,0.0,269.0,0.0,11.0,1369.0,0.0,0.0,0.0,189.0,0.0,188.0,88.0,540.0,1.0,0.0,1.0,520.0,0.0
2021-11-29 22:00:00+00:00,0.0,369.0,195.0,400.0,746.0,391.0,167.0,0.0,357.0,338.0,0.0,0.0,0.0,0.0,0.0,0.0,68.0,0.0,146.0,0.0,599.0,0.0,0.0,0.0,0.0,364.0,0.0,41.0,1366.0,0.0,0.0,0.0,182.0,0.0,179.0,29.0,514.0,1.0,5.0,0.0,544.0,0.0
2021-11-29 23:00:00+00:00,0.0,217.0,126.0,369.0,621.0,498.0,367.0,0.0,158.0,213.0,0.0,0.0,0.0,0.0,0.0,0.0,50.0,0.0,111.0,0.0,600.0,0.0,0.0,0.0,0.0,385.0,0.0,13.0,1356.0,0.0,0.0,0.0,134.0,0.0,135.0,86.0,465.0,1.0,0.0,43.0,423.0,0.0
2021-11-30 00:00:00+00:00,0.0,210.0,133.0,360.0,592.0,547.0,450.0,0.0,64.0,144.0,0.0,0.0,0.0,0.0,0.0,0.0,48.0,0.0,80.0,0.0,600.0,0.0,0.0,0.0,0.0,358.0,0.0,0.0,1357.0,0.0,0.0,0.0,168.0,0.0,140.0,84.0,455.0,2.0,0.0,66.0,410.0,0.0
2021-11-30 01:00:00+00:00,0.0,193.0,74.0,305.0,534.0,536.0,470.0,0.0,85.0,149.0,0.0,0.0,0.0,0.0,0.0,0.0,40.0,0.0,60.0,0.0,600.0,0.0,0.0,0.0,0.0,273.0,0.0,0.0,1359.0,0.0,0.0,0.0,208.0,0.0,137.0,51.0,389.0,7.0,0.0,88.0,356.0,0.0
2021-11-30 02:00:00+00:00,0.0,262.0,49.0,261.0,466.0,606.0,544.0,0.0,90.0,145.0,0.0,0.0,0.0,0.0,0.0,0.0,39.0,0.0,45.0,0.0,600.0,0.0,0.0,0.0,0.0,217.0,0.0,0.0,1357.0,0.0,0.0,0.0,239.0,0.0,154.0,27.0,327.0,14.0,0.0,93.0,331.0,0.0
2021-11-30 03:00:00+00:00,0.0,326.0,90.0,282.0,483.0,549.0,550.0,0.0,48.0,150.0,0.0,0.0,0.0,0.0,0.0,0.0,46.0,0.0,63.0,0.0,600.0,0.0,0.0,0.0,0.0,263.0,0.0,0.0,1356.0,0.0,0.0,0.0,235.0,0.0,165.0,100.0,370.0,8.0,0.0,92.0,360.0,0.0
2021-11-30 04:00:00+00:00,0.0,365.0,132.0,322.0,517.0,515.0,480.0,0.0,30.0,120.0,0.0,0.0,0.0,0.0,0.0,0.0,70.0,0.0,84.0,0.0,600.0,6.0,0.0,0.0,0.0,247.0,0.0,0.0,1354.0,0.0,0.0,0.0,205.0,0.0,158.0,205.0,459.0,2.0,0.0,97.0,382.0,0.0
2021-11-30 05:00:00+00:00,0.0,467.0,142.0,318.0,432.0,651.0,603.0,0.0,14.0,80.0,0.0,0.0,0.0,0.0,0.0,0.0,72.0,0.0,25.0,0.0,599.0,17.0,0.0,0.0,0.0,373.0,0.0,0.0,1358.0,0.0,0.0,0.0,127.0,0.0,148.0,265.0,486.0,4.0,0.0,16.0,436.0,0.0
2021-11-30 06:00:00+00:00,0.0,749.0,58.0,254.0,442.0,705.0,710.0,0.0,243.0,162.0,0.0,0.0,0.0,0.0,0.0,0.0,102.0,0.0,0.0,0.0,543.0,0.0,0.0,0.0,0.0,265.0,0.0,107.0,1360.0,0.0,0.0,0.0,197.0,0.0,218.0,177.0,426.0,12.0,0.0,0.0,397.0,0.0
2021-11-30 07:00:00+00:00,0.0,755.0,74.0,267.0,518.0,700.0,704.0,0.0,426.0,307.0,0.0,0.0,0.0,0.0,0.0,0.0,99.0,0.0,0.0,0.0,599.0,0.0,0.0,0.0,0.0,290.0,0.0,179.0,1359.0,8.0,0.0,0.0,212.0,0.0,245.0,78.0,408.0,7.0,0.0,0.0,375.0,0.0
2021-11-30 08:00:00+00:00,0.0,798.0,90.0,286.0,552.0,689.0,670.0,0.0,517.0,375.0,0.0,0.0,0.0,0.0,0.0,0.0,75.0,0.0,0.0,0.0,600.0,0.0,0.0,0.0,0.0,314.0,0.0,,1351.0,8.0,0.0,0.0,232.0,0.0,253.0,0.0,436.0,3.0,33.0,,375.0,0.0
2021-11-30 09:00:00+00:00,0.0,725.0,175.0,333.0,553.0,613.0,629.0,0.0,409.0,357.0,0.0,0.0,0.0,0.0,0.0,0.0,62.0,0.0,22.0,0.0,600.0,0.0,0.0,0.0,0.0,449.0,0.0,228.0,1346.0,0.0,0.0,0.0,148.0,0.0,216.0,0.0,538.0,1.0,65.0,0.0,352.0,0.0
2021-11-30 10:00:00+00:00,0.0,783.0,213.0,361.0,578.0,653.0,635.0,0.0,398.0,389.0,0.0,0.0,0.0,0.0,0.0,0.0,59.0,0.0,15.0,0.0,600.0,0.0,0.0,0.0,0.0,431.0,0.0,200.0,1362.0,0.0,0.0,0.0,124.0,0.0,228.0,0.0,569.0,0.0,45.0,0.0,355.0,0.0
2021-11-30 11:00:00+00:00,0.0,700.0,210.0,356.0,576.0,634.0,626.0,0.0,392.0,390.0,0.0,0.0,0.0,0.0,0.0,0.0,67.0,0.0,17.0,0.0,600.0,0.0,0.0,0.0,0.0,456.0,0.0,197.0,1353.0,0.0,0.0,0.0,153.0,0.0,264.0,2.0,579.0,0.0,26.0,0.0,367.0,0.0
2021-11-30 12:00:00+00:00,0.0,667.0,202.0,342.0,569.0,658.0,675.0,0.0,402.0,382.0,0.0,0.0,0.0,0.0,0.0,0.0,74.0,0.0,9.0,0.0,600.0,0.0,0.0,0.0,0.0,477.0,0.0,154.0,1362.0,0.0,0.0,0.0,188.0,0.0,269.0,59.0,566.0,0.0,0.0,0.0,393.0,0.0
2021-11-30 13:00:00+00:00,0.0,536.0,179.0,314.0,453.0,708.0,698.0,0.0,293.0,283.0,0.0,0.0,0.0,0.0,0.0,0.0,89.0,0.0,7.0,0.0,576.0,0.0,0.0,0.0,0.0,458.0,0.0,3.0,1361.0,0.0,0.0,0.0,121.0,0.0,172.0,266.0,533.0,1.0,0.0,17.0,415.0,0.0
2021-11-30 14:00:00+00:00,0.0,486.0,157.0,315.0,417.0,707.0,697.0,0.0,198.0,176.0,0.0,0.0,0.0,0.0,0.0,0.0,96.0,0.0,4.0,0.0,468.0,0.0,0.0,0.0,0.0,320.0,0.0,0.0,1360.0,0.0,0.0,0.0,90.0,0.0,103.0,324.0,535.0,1.0,0.0,54.0,393.0,0.0
2021-11-30 15:00:00+00:00,0.0,392.0,138.0,330.0,468.0,661.0,638.0,0.0,244.0,181.0,0.0,0.0,0.0,0.0,0.0,0.0,129.0,0.0,30.0,0.0,488.0,0.0,0.0,0.0,0.0,87.0,0.0,0.0,1363.0,0.0,0.0,0.0,75.0,0.0,58.0,368.0,517.0,1.0,0.0,107.0,343.0,0.0
2021-11-30 16:00:00+00:00,0.0,344.0,188.0,370.0,485.0,541.0,470.0,0.0,156.0,154.0,0.0,0.0,0.0,3.0,0.0,0.0,147.0,0.0,79.0,0.0,561.0,0.0,0.0,0.0,0.0,68.0,0.0,0.0,1363.0,0.0,0.0,0.0,24.0,0.0,40.0,381.0,552.0,0.0,0.0,140.0,344.0,0.0
2021-11-30 17:00:00+00:00,0.0,414.0,204.0,385.0,508.0,537.0,489.0,0.0,122.0,147.0,0.0,0.0,0.0,0.0,0.0,0.0,155.0,0.0,67.0,0.0,594.0,0.0,0.0,0.0,0.0,138.0,0.0,0.0,1363.0,0.0,0.0,0.0,57.0,0.0,69.0,302.0,578.0,0.0,0.0,75.0,352.0,0.0
2021-11-30 18:00:00+00:00,0.0,517.0,268.0,401.0,506.0,633.0,602.0,0.0,52.0,110.0,0.0,0.0,0.0,0.0,0.0,0.0,171.0,0.0,49.0,0.0,446.0,0.0,0.0,0.0,0.0,218.0,0.0,0.0,1359.0,0.0,0.0,0.0,70.0,0.0,88.0,279.0,626.0,0.0,0.0,63.0,381.0,0.0
2021-11-30 19:00:00+00:00,0.0,411.0,306.0,437.0,540.0,709.0,660.0,0.0,35.0,126.0,0.0,0.0,0.0,0.0,0.0,0.0,152.0,0.0,20.0,0.0,567.0,1.0,0.0,0.0,0.0,339.0,0.0,11.0,1340.0,0.0,0.0,0.0,40.0,0.0,108.0,214.0,652.0,0.0,0.0,17.0,417.0,0.0
2021-11-30 20:00:00+00:00,0.0,352.0,359.0,457.0,571.0,600.0,646.0,0.0,32.0,178.0,0.0,0.0,0.0,37.0,0.0,0.0,133.0,0.0,6.0,0.0,585.0,2.0,0.0,0.0,0.0,416.0,0.0,4.0,1386.0,0.0,0.0,0.0,3.0,0.0,89.0,231.0,700.0,0.0,0.0,11.0,480.0,0.0
2021-11-30 21:00:00+00:00,0.0,371.0,397.0,483.0,613.0,578.0,587.0,0.0,54.0,187.0,0.0,0.0,0.0,5.0,0.0,0.0,101.0,0.0,27.0,0.0,517.0,1.0,0.0,0.0,0.0,430.0,0.0,0.0,1367.0,0.0,0.0,0.0,16.0,0.0,95.0,225.0,777.0,0.0,0.0,42.0,492.0,0.0
2021-11-30 22:00:00+00:00,0.0,371.0,418.0,469.0,613.0,535.0,483.0,0.0,42.0,166.0,0.0,0.0,0.0,7.0,0.0,0.0,76.0,0.0,58.0,0.0,573.0,3.0,0.0,0.0,0.0,492.0,0.0,0.0,1332.0,0.0,0.0,0.0,12.0,0.0,90.0,176.0,719.0,0.0,0.0,60.0,470.0,0.0
2021-11-30 23:00:00+00:00,2.0,73.0,445.0,453.0,524.0,541.0,489.0,0.0,0.0,50.0,0.0,0.0,0.0,82.0,0.0,0.0,52.0,0.0,40.0,0.0,599.0,149.0,0.0,0.0,0.0,530.0,0.0,0.0,1385.0,0.0,0.0,0.0,0.0,0.0,36.0,161.0,647.0,0.0,0.0,128.0,456.0,0.0
2021-12-01 00:00:00+00:00,36.0,0.0,510.0,451.0,503.0,473.0,407.0,0.0,0.0,1.0,0.0,30.0,0.0,62.0,0.0,0.0,38.0,0.0,61.0,0.0,600.0,266.0,0.0,0.0,0.0,504.0,0.0,0.0,1360.0,0.0,0.0,0.0,0.0,0.0,23.0,58.0,619.0,0.0,0.0,107.0,382.0,0.0
2021-12-01 01:00:00+00:00,32.0,17.0,497.0,442.0,497.0,582.0,566.0,0.0,0.0,3.0,0.0,0.0,0.0,33.0,0.0,0.0,30.0,0.0,18.0,0.0,600.0,308.0,0.0,0.0,0.0,482.0,0.0,0.0,1359.0,0.0,0.0,0.0,3.0,0.0,43.0,1.0,603.0,0.0,1.0,77.0,350.0,0.0
2021-12-01 02:00:00+00:00,39.0,72.0,467.0,440.0,503.0,524.0,459.0,0.0,0.0,1.0,0.0,0.0,0.0,1.0,0.0,0.0,30.0,0.0,36.0,0.0,600.0,305.0,0.0,0.0,0.0,504.0,0.0,0.0,1353.0,0.0,0.0,0.0,33.0,0.0,76.0,0.0,602.0,0.0,39.0,54.0,333.0,0.0
2021-12-01 03:00:00+00:00,38.0,65.0,424.0,446.0,504.0,636.0,665.0,0.0,0.0,2.0,0.0,0.0,0.0,1.0,0.0,0.0,38.0,0.0,0.0,0.0,600.0,285.0,0.0,0.0,0.0,488.0,0.0,0.0,1365.0,21.0,0.0,0.0,53.0,0.0,89.0,0.0,625.0,0.0,21.0,55.0,339.0,0.0
2021-12-01 04:00:00+00:00,40.0,116.0,441.0,426.0,474.0,576.0,523.0,0.0,0.0,2.0,0.0,0.0,0.0,0.0,0.0,0.0,62.0,0.0,29.0,0.0,570.0,264.0,0.0,0.0,0.0,534.0,0.0,0.0,1364.0,0.0,0.0,0.0,92.0,0.0,118.0,68.0,633.0,0.0,1.0,37.0,396.0,0.0
2021-12-01 05:00:00+00:00,16.0,213.0,447.0,416.0,438.0,733.0,688.0,0.0,0.0,5.0,0.0,0.0,0.0,1.0,0.0,0.0,107.0,0.0,0.0,0.0,580.0,225.0,0.0,0.0,0.0,481.0,0.0,3.0,1363.0,21.0,0.0,0.0,57.0,0.0,122.0,164.0,644.0,0.0,0.0,7.0,475.0,0.0
2021-12-01 06:00:00+00:00,3.0,395.0,443.0,380.0,429.0,609.0,512.0,0.0,0.0,39.0,0.0,0.0,0.0,0.0,0.0,0.0,105.0,0.0,16.0,0.0,581.0,88.0,0.0,0.0,0.0,435.0,0.0,40.0,1365.0,0.0,0.0,0.0,79.0,0.0,157.0,130.0,599.0,0.0,0.0,0.0,450.0,0.0
2021-12-01 07:00:00+00:00,0.0,453.0,349.0,350.0,447.0,659.0,419.0,0.0,104.0,153.0,0.0,0.0,0.0,0.0,0.0,0.0,112.0,0.0,26.0,0.0,600.0,0.0,0.0,0.0,0.0,379.0,0.0,13.0,1365.0,0.0,0.0,0.0,50.0,0.0,154.0,138.0,519.0,0.0,0.0,0.0,423.0,0.0
2021-12-01 08:00:00+00:00,0.0,553.0,327.0,351.0,485.0,657.0,419.0,0.0,221.0,212.0,0.0,0.0,0.0,0.0,0.0,0.0,117.0,0.0,21.0,0.0,600.0,0.0,0.0,0.0,0.0,439.0,0.0,40.0,1367.0,0.0,0.0,0.0,74.0,0.0,183.0,82.0,513.0,0.0,0.0,0.0,406.0,0.0
2021-12-01 09:00:00+00:00,0.0,591.0,417.0,381.0,506.0,648.0,426.0,0.0,139.0,193.0,0.0,0.0,0.0,0.0,0.0,0.0,90.0,0.0,12.0,0.0,600.0,0.0,0.0,0.0,0.0,489.0,0.0,5.0,1397.0,0.0,0.0,0.0,63.0,0.0,181.0,122.0,529.0,0.0,0.0,8.0,417.0,0.0
2021-12-01 10:00:00+00:00,0.0,608.0,362.0,389.0,528.0,614.0,373.0,0.0,135.0,191.0,0.0,0.0,0.0,0.0,0.0,0.0,77.0,0.0,30.0,0.0,600.0,0.0,0.0,0.0,0.0,463.0,0.0,61.0,1369.0,0.0,0.0,0.0,82.0,0.0,191.0,44.0,542.0,0.0,0.0,0.0,413.0,0.0
2021-12-01 11:00:00+00:00,0.0,574.0,300.0,338.0,468.0,582.0,313.0,0.0,167.0,197.0,0.0,0.0,0.0,0.0,0.0,0.0,54.0,0.0,61.0,0.0,600.0,0.0,0.0,0.0,0.0,508.0,0.0,92.0,1368.0,0.0,0.0,0.0,154.0,0.0,204.0,27.0,463.0,0.0,0.0,0.0,419.0,0.0
2021-12-01 12:00:00+00:00,0.0,582.0,241.0,287.0,461.0,542.0,227.0,0.0,282.0,261.0,0.0,0.0,0.0,0.0,0.0,0.0,88.0,0.0,108.0,0.0,600.0,0.0,0.0,0.0,0.0,361.0,0.0,98.0,1367.0,0.0,0.0,0.0,174.0,0.0,209.0,30.0,397.0,0.0,2.0,0.0,415.0,0.0
2021-12-01 13:00:00+00:00,0.0,527.0,133.0,221.0,372.0,450.0,126.0,0.0,352.0,260.0,0.0,0.0,0.0,0.0,0.0,0.0,110.0,0.0,147.0,0.0,599.0,0.0,0.0,0.0,0.0,215.0,0.0,37.0,1368.0,0.0,0.0,0.0,171.0,0.0,152.0,93.0,328.0,2.0,0.0,0.0,404.0,0.0
2021-12-01 14:00:00+00:00,2.0,209.0,167.0,170.0,0.0,377.0,95.0,0.0,178.0,42.0,0.0,0.0,0.0,0.0,0.0,0.0,129.0,0.0,149.0,0.0,545.0,0.0,0.0,0.0,0.0,0.0,0.0,0.0,1368.0,0.0,0.0,0.0,90.0,0.0,48.0,251.0,263.0,0.0,0.0,180.0,307.0,0.0
2021-12-01 15:00:00+00:00,117.0,0.0,167.0,232.0,181.0,323.0,142.0,0.0,5.0,0.0,0.0,60.0,0.0,2.0,0.0,0.0,133.0,0.0,160.0,0.0,331.0,28.0,0.0,0.0,0.0,0.0,0.0,0.0,1367.0,0.0,0.0,62.0,24.0,0.0,10.0,361.0,380.0,2.0,0.0,307.0,269.0,0.0
2021-12-01 16:00:00+00:00,122.0,0.0,248.0,285.0,226.0,260.0,135.0,0.0,0.0,0.0,0.0,159.0,16.0,24.0,0.0,0.0,151.0,0.0,171.0,0.0,409.0,90.0,0.0,0.0,0.0,0.0,0.0,0.0,1367.0,0.0,0.0,157.0,1.0,0.0,0.0,352.0,441.0,0.0,0.0,345.0,261.0,0.0
2021-12-01 17:00:00+00:00,147.0,0.0,310.0,339.0,269.0,308.0,95.0,0.0,0.0,0.0,0.0,254.0,23.0,49.0,0.0,0.0,160.0,0.0,174.0,0.0,547.0,170.0,0.0,0.0,0.0,0.0,0.0,0.0,1366.0,0.0,0.0,73.0,0.0,0.0,0.0,327.0,486.0,0.0,0.0,327.0,272.0,0.0
2021-12-01 18:00:00+00:00,161.0,0.0,345.0,358.0,270.0,325.0,144.0,0.0,0.0,0.0,0.0,311.0,37.0,95.0,0.0,0.0,163.0,0.0,137.0,0.0,599.0,218.0,0.0,0.0,0.0,0.0,0.0,0.0,1343.0,0.0,0.0,50.0,0.0,0.0,0.0,326.0,509.0,0.0,0.0,327.0,305.0,0.0
2021-12-01 19:00:00+00:00,31.0,0.0,351.0,374.0,311.0,455.0,98.0,0.0,0.0,0.0,0.0,357.0,39.0,159.0,0.0,0.0,157.0,0.0,100.0,0.0,600.0,176.0,0.0,0.0,0.0,33.0,0.0,0.0,1361.0,0.0,0.0,0.0,0.0,0.0,0.0,290.0,533.0,0.0,0.0,290.0,362.0,0.0
2021-12-01 20:00:00+00:00,8.0,0.0,358.0,389.0,362.0,320.0,0.0,0.0,0.0,17.0,0.0,207.0,0.0,78.0,0.0,0.0,149.0,0.0,129.0,0.0,600.0,149.0,0.0,0.0,0.0,170.0,0.0,0.0,1392.0,0.0,4.0,0.0,0.0,0.0,13.0,224.0,537.0,0.0,0.0,209.0,439.0,0.0
2021-12-01 21:00:00+00:00,0.0,0.0,390.0,426.0,469.0,250.0,0.0,0.0,0.0,55.0,0.0,113.0,0.0,21.0,0.0,0.0,129.0,0.0,168.0,0.0,587.0,113.0,0.0,0.0,0.0,224.0,0.0,0.0,1381.0,0.0,9.0,0.0,10.0,0.0,49.0,173.0,549.0,0.0,0.0,170.0,476.0,0.0
2021-12-01 22:00:00+00:00,17.0,0.0,413.0,449.0,485.0,222.0,25.0,0.0,0.0,8.0,0.0,42.0,0.0,1.0,0.0,0.0,90.0,0.0,178.0,0.0,591.0,165.0,0.0,0.0,0.0,241.0,0.0,0.0,1347.0,0.0,0.0,0.0,45.0,0.0,90.0,87.0,572.0,0.0,0.0,105.0,478.0,0.0
2021-12-01 23:00:00+00:00,2.0,56.0,348.0,413.0,519.0,442.0,40.0,0.0,1.0,57.0,0.0,0.0,0.0,6.0,0.0,0.0,62.0,0.0,97.0,0.0,600.0,73.0,0.0,0.0,0.0,389.0,0.0,0.0,1344.0,0.0,0.0,0.0,25.0,0.0,75.0,120.0,525.0,0.0,0.0,138.0,507.0,0.0
2021-12-02 00:00:00+00:00,3.0,187.0,350.0,406.0,507.0,430.0,283.0,0.0,0.0,23.0,0.0,0.0,0.0,0.0,0.0,0.0,46.0,0.0,59.0,0.0,600.0,174.0,0.0,0.0,0.0,362.0,0.0,0.0,1367.0,0.0,0.0,0.0,122.0,0.0,117.0,11.0,510.0,0.0,0.0,26.0,527.0,0.0
2021-12-02 01:00:00+00:00,11.0,128.0,354.0,408.0,506.0,479.0,172.0,0.0,0.0,14.0,0.0,0.0,0.0,0.0,0.0,0.0,39.0,0.0,46.0,0.0,600.0,247.0,0.0,0.0,0.0,302.0,0.0,3.0,1369.0,0.0,0.0,0.0,122.0,0.0,109.0,0.0,509.0,0.0,19.0,13.0,520.0,0.0
2021-12-02 02:00:00+00:00,28.0,111.0,360.0,399.0,478.0,439.0,249.0,0.0,0.0,1.0,0.0,0.0,0.0,0.0,0.0,0.0,35.0,0.0,39.0,0.0,600.0,267.0,0.0,0.0,0.0,307.0,0.0,0.0,1358.0,0.0,0.0,0.0,121.0,0.0,97.0,34.0,499.0,0.0,0.0,55.0,525.0,0.0
2021-12-02 03:00:00+00:00,24.0,99.0,367.0,399.0,476.0,466.0,121.0,0.0,0.0,3.0,0.0,0.0,0.0,0.0,0.0,0.0,39.0,0.0,48.0,0.0,600.0,264.0,0.0,0.0,0.0,322.0,0.0,0.0,1359.0,0.0,0.0,0.0,115.0,0.0,102.0,120.0,525.0,0.0,0.0,122.0,502.0,0.0
2021-12-02 04:00:00+00:00,27.0,129.0,350.0,385.0,427.0,344.0,30.0,0.0,0.0,5.0,0.0,0.0,0.0,0.0,0.0,0.0,64.0,0.0,108.0,0.0,600.0,257.0,0.0,0.0,0.0,276.0,0.0,0.0,1366.0,0.0,0.0,0.0,106.0,0.0,123.0,216.0,509.0,0.0,0.0,169.0,469.0,0.0
2021-12-02 05:00:00+00:00,0.0,285.0,111.0,207.0,390.0,224.0,0.0,0.0,251.0,283.0,0.0,0.0,0.0,0.0,0.0,0.0,36.0,0.0,153.0,0.0,597.0,0.0,0.0,0.0,0.0,145.0,0.0,0.0,1368.0,0.0,116.0,0.0,274.0,0.0,216.0,164.0,276.0,6.0,0.0,82.0,429.0,0.0
2021-12-02 06:00:00+00:00,0.0,276.0,5.0,98.0,301.0,225.0,0.0,0.0,459.0,308.0,0.0,0.0,0.0,0.0,0.0,0.0,0.0,0.0,146.0,0.0,504.0,0.0,0.0,0.0,0.0,0.0,0.0,0.0,1369.0,0.0,90.0,50.0,362.0,0.0,216.0,160.0,126.0,87.0,0.0,60.0,366.0,0.0
2021-12-02 07:00:00+00:00,0.0,109.0,15.0,137.0,264.0,276.0,0.0,0.0,363.0,253.0,0.0,0.0,0.0,0.0,0.0,0.0,0.0,0.0,136.0,0.0,591.0,0.0,0.0,0.0,0.0,0.0,0.0,0.0,1368.0,0.0,59.0,63.0,270.0,0.0,71.0,303.0,170.0,49.0,0.0,223.0,349.0,0.0
2021-12-02 08:00:00+00:00,0.0,175.0,3.0,124.0,259.0,318.0,10.0,0.0,476.0,273.0,0.0,0.0,0.0,0.0,0.0,0.0,0.0,0.0,139.0,0.0,536.0,0.0,0.0,0.0,0.0,0.0,0.0,0.0,1369.0,0.0,0.0,45.0,237.0,0.0,68.0,270.0,133.0,77.0,0.0,223.0,324.0,0.0
2021-12-02 09:00:00+00:00,0.0,436.0,2.0,94.0,336.0,296.0,0.0,0.0,673.0,393.0,0.0,0.0,0.0,0.0,0.0,0.0,0.0,0.0,159.0,0.0,524.0,0.0,0.0,0.0,0.0,0.0,0.0,0.0,1373.0,0.0,33.0,10.0,402.0,0.0,131.0,131.0,84.0,119.0,0.0,83.0,348.0,0.0
2021-12-02 10:00:00+00:00,0.0,532.0,3.0,110.0,374.0,325.0,59.0,0.0,679.0,408.0,0.0,0.0,0.0,0.0,0.0,0.0,0.0,0.0,131.0,0.0,448.0,0.0,0.0,0.0,0.0,0.0,0.0,0.0,1368.0,0.0,0.0,19.0,436.0,0.0,146.0,151.0,90.0,82.0,0.0,58.0,395.0,0.0
2021-12-02 11:00:00+00:00,0.0,512.0,1.0,101.0,368.0,299.0,79.0,2.0,669.0,382.0,0.0,0.0,0.0,0.0,0.0,0.0,0.0,0.0,150.0,0.0,387.0,0.0,0.0,0.0,0.0,0.0,0.0,0.0,1368.0,0.0,0.0,52.0,470.0,0.0,156.0,101.0,69.0,126.0,0.0,28.0,374.0,0.0
2021-12-02 12:00:00+00:00,0.0,495.0,1.0,82.0,347.0,290.0,119.0,2.0,662.0,362.0,0.0,0.0,0.0,0.0,0.0,0.0,0.0,0.0,155.0,0.0,386.0,0.0,0.0,0.0,0.0,0.0,0.0,7.0,1369.0,0.0,0.0,61.0,500.0,0.0,164.0,83.0,54.0,150.0,0.0,12.0,367.0,0.0
2021-12-02 13:00:00+00:00,0.0,326.0,1.0,71.0,248.0,272.0,98.0,0.0,545.0,266.0,0.0,0.0,0.0,0.0,0.0,0.0,0.0,0.0,180.0,0.0,411.0,0.0,0.0,0.0,0.0,0.0,0.0,0.0,1369.0,0.0,0.0,31.0,443.0,0.0,134.0,148.0,72.0,114.0,0.0,92.0,331.0,0.0
2021-12-02 14:00:00+00:00,0.0,182.0,12.0,78.0,191.0,282.0,122.0,0.0,395.0,141.0,0.0,0.0,0.0,0.0,0.0,0.0,0.0,0.0,169.0,0.0,434.0,0.0,0.0,0.0,0.0,0.0,0.0,0.0,1370.0,0.0,0.0,45.0,409.0,0.0,135.0,149.0,145.0,62.0,0.0,114.0,279.0,0.0
2021-12-02 15:00:00+00:00,0.0,321.0,13.0,133.0,345.0,301.0,119.0,0.0,483.0,252.0,0.0,0.0,0.0,0.0,0.0,0.0,0.0,0.0,173.0,0.0,396.0,0.0,0.0,0.0,0.0,0.0,0.0,2.0,1369.0,0.0,0.0,140.0,406.0,0.0,225.0,102.0,193.0,51.0,0.0,41.0,290.0,0.0
2021-12-02 16:00:00+00:00,0.0,508.0,19.0,186.0,471.0,296.0,143.0,0.0,532.0,290.0,0.0,0.0,0.0,0.0,0.0,0.0,0.0,0.0,158.0,0.0,377.0,0.0,0.0,0.0,0.0,0.0,0.0,37.0,1369.0,0.0,0.0,153.0,432.0,0.0,318.0,45.0,201.0,42.0,0.0,0.0,311.0,0.0
2021-12-02 17:00:00+00:00,0.0,424.0,46.0,201.0,449.0,263.0,90.0,0.0,451.0,260.0,0.0,0.0,0.0,0.0,0.0,0.0,0.0,0.0,175.0,0.0,482.0,0.0,0.0,0.0,0.0,0.0,0.0,2.0,1369.0,0.0,0.0,131.0,385.0,0.0,290.0,92.0,252.0,11.0,0.0,14.0,319.0,0.0
2021-12-02 18:00:00+00:00,0.0,357.0,62.0,197.0,418.0,289.0,204.0,0.0,389.0,202.0,0.0,0.0,0.0,0.0,0.0,0.0,47.0,0.0,144.0,0.0,516.0,0.0,0.0,0.0,0.0,0.0,0.0,0.0,1377.0,0.0,0.0,126.0,347.0,0.0,256.0,64.0,225.0,6.0,0.0,30.0,300.0,0.0
2021-12-02 19:00:00+00:00,0.0,254.0,86.0,233.0,466.0,354.0,230.0,0.0,367.0,228.0,0.0,0.0,0.0,0.0,0.0,0.0,96.0,0.0,128.0,0.0,551.0,0.0,0.0,0.0,0.0,15.0,0.0,4.0,1394.0,0.0,0.0,0.0,311.0,0.0,273.0,23.0,275.0,6.0,0.0,8.0,336.0,0.0
2021-12-02 20:00:00+00:00,0.0,183.0,118.0,279.0,493.0,331.0,239.0,0.0,315.0,282.0,0.0,0.0,0.0,0.0,0.0,0.0,137.0,0.0,101.0,0.0,599.0,0.0,0.0,0.0,0.0,180.0,0.0,2.0,1379.0,0.0,0.0,0.0,251.0,0.0,268.0,30.0,312.0,2.0,0.0,10.0,396.0,0.0
2021-12-02 21:00:00+00:00,0.0,0.0,230.0,322.0,465.0,393.0,325.0,0.0,162.0,166.0,0.0,54.0,0.0,0.0,0.0,0.0,121.0,0.0,98.0,0.0,600.0,0.0,0.0,0.0,0.0,165.0,0.0,0.0,1357.0,0.0,0.0,0.0,218.0,0.0,201.0,68.0,382.0,0.0,0.0,62.0,424.0,0.0
2021-12-02 22:00:00+00:00,0.0,106.0,307.0,372.0,542.0,333.0,269.0,0.0,148.0,199.0,0.0,0.0,0.0,0.0,0.0,0.0,81.0,0.0,97.0,0.0,600.0,0.0,0.0,0.0,0.0,153.0,0.0,71.0,1333.0,0.0,0.0,0.0,205.0,0.0,255.0,0.0,451.0,0.0,68.0,0.0,482.0,0.0
2021-12-02 23:00:00+00:00,0.0,214.0,402.0,411.0,582.0,425.0,363.0,0.0,70.0,182.0,0.0,0.0,0.0,1.0,0.0,0.0,55.0,0.0,64.0,0.0,600.0,9.0,0.0,0.0,0.0,309.0,0.0,69.0,1356.0,0.0,0.0,0.0,71.0,0.0,241.0,0.0,500.0,0.0,43.0,0.0,542.0,0.0
2021-12-03 00:00:00+00:00,0.0,109.0,428.0,426.0,563.0,466.0,291.0,0.0,0.0,87.0,0.0,0.0,0.0,1.0,0.0,0.0,42.0,0.0,51.0,0.0,600.0,92.0,0.0,0.0,0.0,436.0,0.0,0.0,1366.0,0.0,0.0,0.0,41.0,0.0,197.0,12.0,561.0,0.0,0.0,34.0,495.0,0.0
2021-12-03 01:00:00+00:00,0.0,278.0,383.0,397.0,562.0,428.0,363.0,0.0,0.0,110.0,0.0,0.0,0.0,0.0,0.0,0.0,35.0,0.0,57.0,0.0,600.0,79.0,0.0,0.0,0.0,405.0,0.0,0.0,1367.0,0.0,0.0,0.0,169.0,0.0,277.0,0.0,525.0,0.0,39.0,27.0,439.0,0.0
2021-12-03 02:00:00+00:00,0.0,312.0,326.0,361.0,515.0,474.0,343.0,0.0,0.0,101.0,0.0,0.0,0.0,0.0,0.0,0.0,33.0,0.0,30.0,0.0,600.0,88.0,0.0,0.0,0.0,326.0,0.0,0.0,1356.0,0.0,0.0,0.0,188.0,0.0,286.0,0.0,473.0,0.0,57.0,32.0,405.0,0.0
2021-12-03 03:00:00+00:00,0.0,294.0,336.0,362.0,513.0,432.0,377.0,0.0,0.0,91.0,0.0,0.0,0.0,0.0,0.0,0.0,40.0,0.0,43.0,0.0,600.0,87.0,0.0,0.0,0.0,317.0,0.0,0.0,1371.0,0.0,0.0,0.0,170.0,0.0,268.0,0.0,474.0,0.0,22.0,56.0,391.0,0.0
2021-12-03 04:00:00+00:00,6.0,136.0,268.0,328.0,423.0,302.0,226.0,0.0,0.0,25.0,0.0,0.0,0.0,0.0,0.0,0.0,66.0,0.0,110.0,0.0,600.0,112.0,0.0,0.0,0.0,246.0,0.0,0.0,1368.0,0.0,0.0,0.0,127.0,0.0,194.0,107.0,437.0,0.0,0.0,120.0,387.0,0.0
2021-12-03 05:00:00+00:00,0.0,341.0,158.0,230.0,391.0,400.0,338.0,0.0,124.0,142.0,0.0,0.0,0.0,0.0,0.0,0.0,94.0,0.0,67.0,0.0,600.0,3.0,0.0,0.0,0.0,194.0,0.0,0.0,1368.0,0.0,0.0,0.0,235.0,0.0,264.0,72.0,299.0,2.0,0.0,22.0,373.0,0.0
2021-12-03 06:00:00+00:00,0.0,494.0,18.0,136.0,393.0,380.0,345.0,0.0,414.0,290.0,0.0,0.0,0.0,0.0,0.0,0.0,85.0,0.0,76.0,0.0,600.0,0.0,0.0,0.0,0.0,4.0,0.0,11.0,1182.0,0.0,0.0,0.0,313.0,0.0,296.0,85.0,190.0,65.0,0.0,4.0,345.0,0.0
2021-12-03 07:00:00+00:00,0.0,494.0,6.0,112.0,418.0,304.0,208.0,0.0,577.0,354.0,0.0,0.0,0.0,0.0,0.0,0.0,87.0,0.0,99.0,0.0,600.0,0.0,0.0,0.0,0.0,0.0,0.0,34.0,1355.0,0.0,0.0,71.0,322.0,0.0,302.0,55.0,102.0,71.0,0.0,0.0,335.0,0.0
2021-12-03 08:00:00+00:00,0.0,475.0,22.0,163.0,464.0,350.0,251.0,0.0,618.0,378.0,0.0,0.0,0.0,0.0,0.0,0.0,86.0,0.0,90.0,0.0,600.0,0.0,0.0,0.0,0.0,0.0,0.0,66.0,1367.0,0.0,0.0,43.0,266.0,0.0,303.0,25.0,138.0,34.0,0.0,0.0,345.0,0.0
2021-12-03 09:00:00+00:00,0.0,496.0,38.0,139.0,411.0,298.0,172.0,0.0,634.0,363.0,0.0,0.0,0.0,0.0,0.0,0.0,88.0,0.0,100.0,0.0,600.0,0.0,0.0,0.0,0.0,3.0,0.0,57.0,1386.0,0.0,0.0,0.0,230.0,0.0,300.0,12.0,145.0,29.0,10.0,0.0,356.0,0.0
2021-12-03 10:00:00+00:00,0.0,447.0,60.0,157.0,400.0,304.0,220.0,0.0,577.0,343.0,0.0,0.0,0.0,0.0,0.0,0.0,105.0,0.0,83.0,0.0,600.0,0.0,0.0,0.0,0.0,7.0,0.0,14.0,1366.0,0.0,0.0,0.0,184.0,0.0,275.0,4.0,189.0,17.0,12.0,5.0,349.0,0.0
2021-12-03 11:00:00+00:00,0.0,382.0,72.0,171.0,382.0,386.0,301.0,0.0,495.0,314.0,0.0,0.0,0.0,0.0,0.0,0.0,108.0,0.0,64.0,0.0,600.0,0.0,0.0,0.0,0.0,0.0,0.0,0.0,1367.0,0.0,0.0,29.0,137.0,0.0,237.0,50.0,240.0,13.0,0.0,69.0,330.0,0.0
2021-12-03 12:00:00+00:00,0.0,231.0,66.0,174.0,336.0,501.0,470.0,0.0,416.0,264.0,0.0,0.0,0.0,0.0,0.0,0.0,131.0,0.0,12.0,0.0,598.0,0.0,0.0,0.0,0.0,0.0,0.0,0.0,1365.0,0.0,0.0,33.0,78.0,0.0,181.0,103.0,228.0,9.0,0.0,103.0,324.0,0.0
2021-12-03 13:00:00+00:00,0.0,255.0,44.0,170.0,329.0,553.0,544.0,0.0,416.0,239.0,0.0,0.0,0.0,0.0,0.0,0.0,119.0,0.0,7.0,0.0,552.0,0.0,0.0,0.0,0.0,30.0,0.0,0.0,1361.0,0.0,0.0,0.0,126.0,0.0,187.0,139.0,207.0,10.0,0.0,87.0,343.0,0.0
2021-12-03 14:00:00+00:00,0.0,362.0,41.0,174.0,357.0,497.0,453.0,0.0,396.0,193.0,0.0,0.0,0.0,0.0,0.0,0.0,139.0,0.0,5.0,0.0,568.0,0.0,0.0,0.0,0.0,0.0,0.0,0.0,1363.0,0.0,0.0,20.0,190.0,0.0,196.0,195.0,207.0,17.0,0.0,98.0,349.0,0.0
2021-12-03 15:00:00+00:00,0.0,188.0,69.0,215.0,354.0,552.0,540.0,0.0,273.0,92.0,0.0,0.0,0.0,0.0,0.0,0.0,163.0,0.0,0.0,0.0,524.0,0.0,0.0,0.0,0.0,0.0,0.0,0.0,1363.0,16.0,0.0,107.0,142.0,0.0,118.0,319.0,259.0,8.0,0.0,225.0,346.0,0.0
2021-12-03 16:00:00+00:00,0.0,258.0,78.0,252.0,398.0,545.0,549.0,0.0,229.0,71.0,0.0,0.0,0.0,0.0,0.0,0.0,183.0,0.0,0.0,0.0,490.0,0.0,0.0,0.0,0.0,0.0,0.0,0.0,1363.0,14.0,0.0,109.0,138.0,0.0,132.0,292.0,256.0,5.0,0.0,216.0,367.0,0.0
2021-12-03 17:00:00+00:00,0.0,344.0,66.0,255.0,433.0,555.0,563.0,0.0,264.0,102.0,0.0,0.0,0.0,0.0,0.0,0.0,199.0,0.0,0.0,0.0,543.0,0.0,0.0,0.0,0.0,0.0,0.0,0.0,1364.0,8.0,0.0,19.0,196.0,0.0,178.0,182.0,240.0,11.0,0.0,150.0,385.0,0.0
2021-12-03 18:00:00+00:00,0.0,428.0,109.0,287.0,439.0,564.0,578.0,0.0,162.0,62.0,0.0,0.0,0.0,0.0,0.0,0.0,196.0,0.0,0.0,0.0,589.0,0.0,0.0,0.0,0.0,69.0,0.0,0.0,1322.0,42.0,0.0,0.0,194.0,0.0,199.0,164.0,292.0,4.0,0.0,151.0,431.0,0.0
2021-12-03 19:00:00+00:00,0.0,445.0,124.0,324.0,528.0,534.0,599.0,0.0,226.0,179.0,0.0,0.0,0.0,0.0,0.0,0.0,203.0,0.0,0.0,0.0,599.0,0.0,0.0,0.0,0.0,201.0,0.0,0.0,1319.0,44.0,0.0,0.0,219.0,0.0,256.0,59.0,327.0,3.0,0.0,55.0,474.0,0.0
2021-12-03 20:00:00+00:00,0.0,452.0,190.0,356.0,536.0,503.0,409.0,0.0,163.0,171.0,0.0,0.0,0.0,0.0,0.0,0.0,166.0,0.0,1.0,0.0,599.0,0.0,0.0,0.0,0.0,305.0,0.0,0.0,1343.0,0.0,0.0,0.0,181.0,0.0,273.0,70.0,409.0,4.0,0.0,56.0,539.0,0.0
2021-12-03 21:00:00+00:00,0.0,301.0,272.0,374.0,486.0,583.0,466.0,0.0,58.0,89.0,0.0,0.0,0.0,0.0,0.0,0.0,128.0,0.0,0.0,0.0,599.0,0.0,0.0,0.0,0.0,268.0,0.0,0.0,1354.0,1.0,0.0,0.0,100.0,0.0,204.0,155.0,445.0,0.0,0.0,197.0,543.0,0.0
2021-12-03 22:00:00+00:00,0.0,469.0,343.0,416.0,584.0,502.0,398.0,0.0,70.0,135.0,0.0,0.0,0.0,0.0,0.0,0.0,92.0,0.0,3.0,0.0,599.0,0.0,0.0,0.0,0.0,295.0,0.0,0.0,1369.0,0.0,0.0,0.0,144.0,0.0,268.0,7.0,515.0,0.0,10.0,41.0,586.0,0.0
2021-12-03 23:00:00+00:00,2.0,422.0,352.0,422.0,574.0,446.0,312.0,0.0,17.0,56.0,0.0,0.0,0.0,0.0,0.0,0.0,67.0,0.0,13.0,0.0,599.0,13.0,0.0,0.0,0.0,382.0,0.0,0.0,1360.0,0.0,0.0,0.0,117.0,0.0,217.0,64.0,538.0,0.0,0.0,71.0,521.0,0.0
2021-12-04 00:00:00+00:00,77.0,443.0,420.0,444.0,546.0,403.0,239.0,0.0,0.0,0.0,0.0,0.0,0.0,0.0,0.0,0.0,50.0,0.0,13.0,0.0,599.0,176.0,0.0,0.0,0.0,415.0,0.0,0.0,1364.0,0.0,0.0,0.0,146.0,0.0,223.0,12.0,588.0,0.0,7.0,49.0,496.0,0.0
2021-12-04 01:00:00+00:00,48.0,632.0,420.0,428.0,567.0,401.0,197.0,0.0,0.0,1.0,0.0,0.0,0.0,0.0,0.0,0.0,42.0,0.0,23.0,0.0,599.0,179.0,0.0,0.0,0.0,381.0,0.0,43.0,1365.0,0.0,0.0,0.0,242.0,0.0,296.0,0.0,574.0,0.0,111.0,5.0,474.0,0.0
2021-12-04 02:00:00+00:00,34.0,693.0,410.0,419.0,564.0,406.0,206.0,0.0,0.0,2.0,0.0,0.0,0.0,0.0,0.0,0.0,38.0,0.0,24.0,0.0,600.0,190.0,0.0,0.0,0.0,350.0,0.0,84.0,1364.0,0.0,0.0,0.0,297.0,0.0,333.0,0.0,598.0,0.0,171.0,0.0,461.0,0.0
2021-12-04 03:00:00+00:00,84.0,638.0,419.0,414.0,519.0,443.0,204.0,0.0,0.0,0.0,0.0,0.0,0.0,0.0,0.0,0.0,40.0,0.0,10.0,0.0,600.0,263.0,0.0,0.0,0.0,373.0,0.0,24.0,1365.0,0.0,0.0,0.0,258.0,0.0,292.0,0.0,607.0,0.0,119.0,0.0,432.0,0.0
2021-12-04 04:00:00+00:00,107.0,522.0,431.0,393.0,461.0,419.0,310.0,0.0,0.0,0.0,0.0,0.0,0.0,0.0,0.0,0.0,53.0,0.0,0.0,0.0,599.0,308.0,0.0,0.0,0.0,406.0,0.0,0.0,1357.0,8.0,0.0,0.0,182.0,0.0,228.0,14.0,591.0,0.0,12.0,99.0,383.0,0.0
2021-12-04 05:00:00+00:00,134.0,324.0,433.0,345.0,348.0,381.0,360.0,0.0,0.0,0.0,0.0,0.0,0.0,0.0,0.0,0.0,75.0,0.0,0.0,0.0,599.0,302.0,0.0,0.0,0.0,300.0,0.0,0.0,1365.0,13.0,0.0,0.0,63.0,0.0,126.0,212.0,495.0,0.0,0.0,283.0,339.0,0.0
2021-12-04 06:00:00+00:00,4.0,380.0,235.0,243.0,335.0,473.0,391.0,0.0,15.0,40.0,0.0,0.0,0.0,0.0,0.0,0.0,76.0,0.0,0.0,0.0,599.0,16.0,0.0,0.0,0.0,250.0,0.0,0.0,1337.0,31.0,0.0,0.0,105.0,0.0,146.0,217.0,391.0,0.0,0.0,285.0,266.0,0.0
2021-12-04 07:00:00+00:00,0.0,392.0,189.0,261.0,390.0,571.0,496.0,0.0,154.0,157.0,0.0,0.0,0.0,0.0,0.0,0.0,78.0,0.0,0.0,0.0,599.0,0.0,0.0,0.0,0.0,89.0,0.0,0.0,1411.0,39.0,0.0,0.0,76.0,0.0,160.0,159.0,334.0,1.0,0.0,240.0,253.0,0.0
2021-12-04 08:00:00+00:00,0.0,340.0,171.0,284.0,432.0,521.0,502.0,0.0,229.0,195.0,0.0,0.0,0.0,0.0,0.0,0.0,41.0,0.0,0.0,0.0,586.0,0.0,0.0,0.0,0.0,5.0,0.0,0.0,1392.0,48.0,0.0,0.0,36.0,0.0,149.0,164.0,312.0,0.0,0.0,177.0,202.0,0.0
2021-12-04 09:00:00+00:00,0.0,450.0,89.0,242.0,478.0,502.0,534.0,0.0,466.0,319.0,0.0,0.0,0.0,0.0,0.0,0.0,23.0,0.0,0.0,0.0,450.0,0.0,0.0,0.0,0.0,0.0,0.0,0.0,1378.0,39.0,0.0,110.0,69.0,0.0,173.0,81.0,234.0,3.0,0.0,137.0,193.0,0.0
2021-12-04 10:00:00+00:00,0.0,415.0,68.0,227.0,469.0,502.0,536.0,0.0,480.0,330.0,0.0,0.0,0.0,0.0,0.0,0.0,31.0,0.0,0.0,0.0,414.0,0.0,0.0,0.0,0.0,0.0,0.0,0.0,1335.0,40.0,0.0,171.0,72.0,0.0,162.0,121.0,209.0,18.0,0.0,123.0,150.0,0.0
2021-12-04 11:00:00+00:00,0.0,426.0,54.0,218.0,444.0,526.0,552.0,0.0,453.0,296.0,0.0,0.0,0.0,0.0,0.0,0.0,34.0,0.0,0.0,0.0,334.0,0.0,0.0,0.0,0.0,0.0,0.0,0.0,1324.0,26.0,0.0,142.0,84.0,0.0,156.0,117.0,194.0,12.0,0.0,116.0,132.0,0.0
2021-12-04 12:00:00+00:00,0.0,255.0,72.0,215.0,375.0,530.0,565.0,0.0,365.0,257.0,0.0,0.0,0.0,2.0,0.0,0.0,45.0,0.0,0.0,0.0,470.0,0.0,0.0,0.0,0.0,0.0,0.0,0.0,1363.0,29.0,0.0,25.0,26.0,0.0,91.0,179.0,205.0,12.0,0.0,192.0,113.0,0.0
2021-12-04 13:00:00+00:00,49.0,0.0,193.0,254.0,228.0,530.0,509.0,0.0,18.0,4.0,0.0,92.0,43.0,58.0,0.0,0.0,80.0,0.0,4.0,0.0,506.0,18.0,0.0,0.0,0.0,0.0,0.0,0.0,1367.0,0.0,0.0,129.0,1.0,0.0,0.0,324.0,300.0,1.0,0.0,350.0,76.0,0.0
2021-12-04 14:00:00+00:00,78.0,0.0,210.0,265.0,228.0,557.0,524.0,0.0,1.0,0.0,0.0,138.0,66.0,52.0,0.0,0.0,111.0,0.0,0.0,0.0,427.0,38.0,0.0,0.0,0.0,0.0,0.0,,1366.0,19.0,0.0,175.0,0.0,0.0,0.0,402.0,367.0,0.0,0.0,,98.0,0.0
2021-12-04 15:00:00+00:00,136.0,0.0,173.0,258.0,211.0,526.0,514.0,0.0,0.0,0.0,0.0,74.0,80.0,37.0,0.0,0.0,147.0,0.0,3.0,0.0,1.0,61.0,0.0,0.0,0.0,0.0,0.0,0.0,1349.0,0.0,0.0,426.0,0.0,0.0,0.0,418.0,344.0,2.0,0.0,530.0,146.0,0.0
2021-12-04 16:00:00+00:00,129.0,0.0,158.0,269.0,219.0,340.0,314.0,0.0,0.0,0.0,0.0,55.0,74.0,50.0,0.0,0.0,168.0,0.0,72.0,0.0,68.0,85.0,0.0,0.0,0.0,0.0,0.0,0.0,1333.0,0.0,0.0,409.0,0.0,0.0,0.0,424.0,350.0,0.0,0.0,555.0,186.0,0.0
2021-12-04 17:00:00+00:00,150.0,0.0,174.0,274.0,208.0,402.0,358.0,0.0,0.0,0.0,0.0,69.0,77.0,59.0,0.0,0.0,176.0,0.0,25.0,0.0,137.0,122.0,0.0,0.0,0.0,0.0,0.0,0.0,1334.0,0.0,0.0,328.0,0.0,0.0,0.0,415.0,347.0,1.0,0.0,557.0,176.0,0.0
2021-12-04 18:00:00+00:00,175.0,0.0,178.0,268.0,192.0,581.0,596.0,0.0,0.0,0.0,0.0,51.0,75.0,56.0,0.0,0.0,169.0,0.0,0.0,0.0,137.0,140.0,0.0,0.0,0.0,0.0,0.0,0.0,1388.0,13.0,0.0,341.0,0.0,0.0,0.0,383.0,353.0,1.0,0.0,531.0,196.0,0.0
2021-12-04 19:00:00+00:00,140.0,0.0,189.0,261.0,186.0,652.0,555.0,0.0,0.0,0.0,0.0,157.0,80.0,95.0,0.0,0.0,155.0,0.0,0.0,0.0,307.0,113.0,0.0,0.0,0.0,0.0,0.0,0.0,1382.0,55.0,0.0,174.0,0.0,0.0,0.0,401.0,351.0,0.0,0.0,546.0,239.0,0.0
2021-12-04 20:00:00+00:00,102.0,0.0,199.0,277.0,173.0,629.0,524.0,0.0,0.0,0.0,0.0,200.0,76.0,152.0,0.0,0.0,139.0,0.0,0.0,0.0,521.0,148.0,0.0,0.0,0.0,140.0,0.0,0.0,1339.0,20.0,0.0,0.0,0.0,0.0,0.0,433.0,399.0,1.0,0.0,580.0,289.0,0.0
2021-12-04 21:00:00+00:00,91.0,0.0,337.0,328.0,234.0,569.0,464.0,0.0,0.0,0.0,0.0,149.0,35.0,142.0,0.0,0.0,100.0,0.0,0.0,0.0,598.0,157.0,0.0,0.0,0.0,260.0,0.0,0.0,1346.0,7.0,0.0,0.0,0.0,0.0,0.0,411.0,454.0,0.0,0.0,516.0,379.0,0.0
2021-12-04 22:00:00+00:00,113.0,0.0,350.0,345.0,275.0,472.0,397.0,0.0,0.0,0.0,0.0,50.0,0.0,78.0,0.0,0.0,72.0,0.0,10.0,0.0,599.0,171.0,0.0,0.0,0.0,318.0,0.0,0.0,1355.0,0.0,0.0,0.0,0.0,0.0,12.0,285.0,456.0,0.0,0.0,429.0,378.0,0.0
2021-12-04 23:00:00+00:00,115.0,32.0,383.0,382.0,355.0,458.0,298.0,0.0,0.0,0.0,0.0,0.0,0.0,29.0,0.0,0.0,55.0,0.0,0.0,0.0,583.0,217.0,0.0,0.0,0.0,311.0,0.0,0.0,1362.0,17.0,0.0,0.0,4.0,0.0,52.0,164.0,564.0,0.0,0.0,271.0,441.0,0.0
2021-12-05 00:00:00+00:00,173.0,0.0,351.0,362.0,310.0,452.0,370.0,0.0,0.0,0.0,0.0,11.0,0.0,4.0,0.0,0.0,43.0,0.0,0.0,0.0,599.0,302.0,0.0,0.0,0.0,326.0,0.0,0.0,1368.0,27.0,0.0,0.0,30.0,0.0,61.0,107.0,535.0,0.0,0.0,233.0,440.0,0.0
2021-12-05 01:00:00+00:00,249.0,0.0,262.0,282.0,181.0,428.0,381.0,0.0,0.0,0.0,0.0,40.0,0.0,1.0,0.0,0.0,31.0,0.0,0.0,0.0,597.0,386.0,0.0,0.0,0.0,322.0,0.0,,1369.0,33.0,0.0,0.0,51.0,0.0,52.0,86.0,415.0,0.0,0.0,,401.0,0.0
2021-12-05 02:00:00+00:00,256.0,11.0,206.0,258.0,147.0,477.0,406.0,0.0,0.0,0.0,0.0,0.0,0.0,0.0,0.0,0.0,26.0,0.0,0.0,0.0,598.0,399.0,0.0,0.0,0.0,288.0,0.0,0.0,1368.0,39.0,0.0,0.0,92.0,0.0,74.0,74.0,405.0,0.0,0.0,262.0,380.0,0.0
2021-12-05 03:00:00+00:00,232.0,111.0,209.0,275.0,200.0,409.0,274.0,0.0,0.0,0.0,0.0,0.0,0.0,0.0,0.0,0.0,28.0,0.0,0.0,0.0,598.0,367.0,0.0,0.0,0.0,304.0,0.0,0.0,1358.0,14.0,0.0,0.0,156.0,0.0,128.0,54.0,449.0,0.0,0.0,227.0,396.0,82.0
2021-12-05 04:00:00+00:00,220.0,155.0,238.0,292.0,222.0,415.0,190.0,0.0,0.0,0.0,0.0,0.0,0.0,0.0,0.0,0.0,39.0,0.0,0.0,0.0,600.0,364.0,0.0,0.0,0.0,376.0,0.0,0.0,1368.0,5.0,0.0,0.0,173.0,0.0,148.0,89.0,465.0,0.0,0.0,221.0,391.0,119.0
2021-12-05 05:00:00+00:00,181.0,122.0,305.0,298.0,251.0,319.0,174.0,0.0,0.0,0.0,0.0,0.0,0.0,0.0,0.0,0.0,55.0,0.0,8.0,0.0,600.0,307.0,0.0,0.0,0.0,319.0,0.0,0.0,1368.0,0.0,0.0,0.0,163.0,0.0,134.0,151.0,495.0,0.0,0.0,231.0,401.0,134.0
2021-12-05 06:00:00+00:00,103.0,130.0,262.0,281.0,262.0,196.0,0.0,0.0,0.0,0.0,0.0,0.0,0.0,0.0,0.0,0.0,74.0,0.0,38.0,0.0,596.0,221.0,0.0,0.0,0.0,278.0,0.0,0.0,1346.0,0.0,6.0,0.0,136.0,0.0,111.0,218.0,465.0,0.0,0.0,270.0,371.0,136.0
2021-12-05 07:00:00+00:00,32.0,164.0,209.0,283.0,296.0,301.0,0.0,0.0,0.0,3.0,0.0,0.0,0.0,0.0,0.0,0.0,58.0,0.0,32.0,0.0,454.0,131.0,0.0,0.0,0.0,255.0,0.0,0.0,1389.0,0.0,4.0,0.0,98.0,0.0,107.0,266.0,434.0,0.0,0.0,285.0,383.0,134.0
2021-12-05 08:00:00+00:00,0.0,194.0,171.0,299.0,390.0,404.0,176.0,0.0,85.0,107.0,0.0,0.0,0.0,0.0,0.0,0.0,23.0,0.0,0.0,0.0,459.0,1.0,0.0,0.0,0.0,183.0,0.0,0.0,1389.0,9.0,0.0,0.0,132.0,0.0,144.0,175.0,413.0,1.0,0.0,183.0,397.0,136.0
2021-12-05 09:00:00+00:00,0.0,424.0,192.0,293.0,425.0,474.0,236.0,0.0,192.0,189.0,0.0,0.0,0.0,0.0,0.0,0.0,3.0,0.0,0.0,0.0,324.0,0.0,0.0,0.0,0.0,224.0,0.0,0.0,1349.0,25.0,0.0,0.0,174.0,0.0,205.0,92.0,373.0,0.0,0.0,64.0,444.0,135.0
2021-12-05 10:00:00+00:00,0.0,556.0,136.0,309.0,509.0,570.0,359.0,0.0,269.0,262.0,0.0,0.0,0.0,0.0,0.0,0.0,10.0,0.0,0.0,0.0,329.0,0.0,0.0,0.0,0.0,188.0,0.0,4.0,1386.0,51.0,0.0,0.0,171.0,0.0,243.0,106.0,356.0,1.0,0.0,2.0,537.0,87.0
2021-12-05 11:00:00+00:00,0.0,568.0,94.0,297.0,486.0,562.0,336.0,0.0,276.0,250.0,0.0,0.0,0.0,0.0,0.0,0.0,18.0,0.0,0.0,0.0,332.0,0.0,0.0,0.0,0.0,99.0,0.0,16.0,1369.0,54.0,0.0,0.0,165.0,0.0,243.0,79.0,319.0,6.0,0.0,1.0,520.0,0.0
2021-12-05 12:00:00+00:00,0.0,678.0,38.0,262.0,498.0,541.0,287.0,0.0,398.0,317.0,0.0,0.0,0.0,0.0,0.0,0.0,18.0,0.0,0.0,0.0,327.0,0.0,0.0,0.0,0.0,113.0,0.0,66.0,1373.0,36.0,0.0,0.0,252.0,0.0,297.0,34.0,251.0,34.0,2.0,0.0,521.0,0.0
2021-12-05 13:00:00+00:00,0.0,513.0,44.0,240.0,422.0,600.0,311.0,0.0,335.0,271.0,0.0,0.0,0.0,0.0,0.0,0.0,41.0,0.0,0.0,0.0,306.0,0.0,0.0,0.0,0.0,64.0,0.0,1.0,1362.0,2.0,0.0,0.0,224.0,0.0,250.0,120.0,213.0,21.0,0.0,19.0,499.0,0.0
2021-12-05 14:00:00+00:00,0.0,360.0,82.0,263.0,379.0,555.0,250.0,0.0,218.0,206.0,0.0,0.0,0.0,0.0,0.0,0.0,79.0,0.0,7.0,0.0,386.0,0.0,0.0,0.0,0.0,124.0,0.0,0.0,1368.0,0.0,0.0,0.0,185.0,0.0,194.0,228.0,277.0,7.0,0.0,156.0,435.0,0.0
2021-12-05 15:00:00+00:00,0.0,299.0,35.0,272.0,373.0,579.0,273.0,0.0,204.0,144.0,0.0,0.0,0.0,0.0,0.0,0.0,113.0,0.0,9.0,0.0,264.0,0.0,0.0,0.0,0.0,25.0,0.0,0.0,1341.0,0.0,0.0,0.0,183.0,0.0,162.0,271.0,287.0,29.0,0.0,219.0,391.0,0.0
2021-12-05 16:00:00+00:00,0.0,420.0,53.0,270.0,437.0,408.0,336.0,0.0,289.0,206.0,0.0,0.0,0.0,0.0,0.0,0.0,123.0,0.0,59.0,0.0,349.0,0.0,0.0,0.0,0.0,0.0,0.0,0.0,1332.0,0.0,0.0,22.0,225.0,0.0,195.0,191.0,266.0,15.0,0.0,145.0,391.0,0.0
2021-12-05 17:00:00+00:00,0.0,427.0,120.0,276.0,450.0,506.0,227.0,0.0,280.0,231.0,0.0,0.0,0.0,0.0,0.0,0.0,138.0,0.0,63.0,0.0,483.0,0.0,0.0,0.0,0.0,32.0,0.0,0.0,1331.0,0.0,0.0,0.0,196.0,0.0,181.0,167.0,279.0,2.0,0.0,111.0,415.0,0.0
2021-12-05 18:00:00+00:00,0.0,419.0,147.0,320.0,459.0,580.0,239.0,0.0,130.0,143.0,0.0,0.0,0.0,0.0,0.0,0.0,131.0,0.0,41.0,0.0,511.0,0.0,0.0,0.0,0.0,140.0,0.0,0.0,1335.0,0.0,0.0,0.0,163.0,0.0,171.0,192.0,355.0,1.0,0.0,118.0,445.0,0.0
2021-12-05 19:00:00+00:00,0.0,483.0,150.0,333.0,495.0,626.0,271.0,0.0,151.0,176.0,0.0,0.0,0.0,0.0,0.0,0.0,113.0,0.0,30.0,0.0,577.0,0.0,0.0,0.0,0.0,119.0,0.0,0.0,1342.0,0.0,0.0,0.0,116.0,0.0,169.0,163.0,368.0,1.0,0.0,82.0,478.0,0.0
2021-12-05 20:00:00+00:00,0.0,463.0,163.0,343.0,481.0,554.0,192.0,0.0,117.0,164.0,0.0,0.0,0.0,0.0,0.0,0.0,96.0,0.0,40.0,0.0,599.0,0.0,0.0,0.0,0.0,292.0,0.0,0.0,1369.0,0.0,0.0,0.0,60.0,0.0,147.0,143.0,403.0,2.0,0.0,109.0,485.0,0.0
2021-12-05 21:00:00+00:00,0.0,487.0,330.0,421.0,545.0,534.0,124.0,0.0,15.0,108.0,0.0,0.0,0.0,2.0,0.0,0.0,68.0,0.0,58.0,0.0,600.0,13.0,0.0,0.0,0.0,400.0,0.0,0.0,1349.0,0.0,0.0,0.0,44.0,0.0,158.0,135.0,454.0,0.0,0.0,117.0,516.0,0.0
2021-12-05 22:00:00+00:00,0.0,653.0,345.0,462.0,623.0,385.0,3.0,0.0,2.0,84.0,0.0,0.0,0.0,0.0,0.0,0.0,45.0,0.0,106.0,0.0,599.0,42.0,0.0,0.0,0.0,513.0,0.0,0.0,1358.0,0.0,0.0,0.0,115.0,0.0,230.0,53.0,526.0,0.0,0.0,32.0,549.0,0.0
2021-12-05 23:00:00+00:00,0.0,986.0,278.0,397.0,597.0,366.0,44.0,0.0,42.0,127.0,0.0,0.0,0.0,0.0,0.0,0.0,44.0,0.0,84.0,0.0,599.0,1.0,0.0,0.0,0.0,253.0,0.0,51.0,1336.0,0.0,0.0,0.0,284.0,0.0,366.0,0.0,406.0,0.0,122.0,0.0,479.0,0.0
2021-12-06 00:00:00+00:00,0.0,991.0,284.0,359.0,535.0,332.0,179.0,0.0,1.0,64.0,0.0,0.0,0.0,0.0,0.0,0.0,33.0,0.0,81.0,0.0,600.0,54.0,0.0,0.0,0.0,231.0,0.0,89.0,1369.0,0.0,0.0,0.0,320.0,0.0,381.0,0.0,404.0,0.0,178.0,0.0,479.0,0.0
2021-12-06 01:00:00+00:00,0.0,1031.0,252.0,294.0,493.0,353.0,96.0,0.0,18.0,101.0,0.0,0.0,0.0,0.0,0.0,0.0,27.0,0.0,74.0,0.0,600.0,22.0,0.0,0.0,0.0,192.0,0.0,143.0,1368.0,0.0,0.0,0.0,371.0,0.0,394.0,0.0,328.0,0.0,212.0,0.0,497.0,0.0
2021-12-06 02:00:00+00:00,0.0,1064.0,195.0,271.0,479.0,375.0,74.0,0.0,16.0,92.0,0.0,0.0,0.0,0.0,0.0,0.0,25.0,0.0,80.0,0.0,600.0,9.0,0.0,0.0,0.0,202.0,0.0,139.0,1353.0,0.0,0.0,0.0,397.0,0.0,412.0,0.0,322.0,0.0,215.0,0.0,492.0,0.0
2021-12-06 03:00:00+00:00,0.0,1018.0,221.0,282.0,458.0,329.0,105.0,0.0,0.0,49.0,0.0,0.0,0.0,0.0,0.0,0.0,35.0,0.0,69.0,0.0,600.0,49.0,0.0,0.0,0.0,270.0,0.0,137.0,1368.0,0.0,0.0,0.0,400.0,0.0,410.0,0.0,345.0,0.0,196.0,0.0,477.0,0.0
2021-12-06 04:00:00+00:00,14.0,831.0,247.0,302.0,456.0,358.0,249.0,0.0,0.0,6.0,0.0,0.0,0.0,0.0,0.0,0.0,63.0,0.0,57.0,0.0,599.0,78.0,0.0,0.0,0.0,113.0,0.0,15.0,1367.0,0.0,0.0,0.0,352.0,0.0,337.0,2.0,412.0,0.0,26.0,6.0,436.0,0.0
2021-12-06 05:00:00+00:00,9.0,600.0,136.0,236.0,350.0,472.0,361.0,0.0,83.0,19.0,0.0,0.0,0.0,0.0,0.0,0.0,105.0,0.0,57.0,0.0,597.0,1.0,0.0,0.0,0.0,19.0,0.0,0.0,1366.0,0.0,0.0,0.0,308.0,0.0,252.0,38.0,305.0,3.0,2.0,46.0,367.0,0.0
2021-12-06 06:00:00+00:00,0.0,831.0,5.0,98.0,370.0,361.0,238.0,0.0,569.0,229.0,0.0,0.0,0.0,0.0,0.0,0.0,108.0,0.0,96.0,0.0,506.0,0.0,0.0,0.0,0.0,0.0,0.0,157.0,1369.0,0.0,0.0,229.0,478.0,0.0,339.0,0.0,122.0,132.0,149.0,0.0,299.0,0.0
2021-12-06 07:00:00+00:00,0.0,676.0,0.0,84.0,349.0,436.0,281.0,0.0,679.0,301.0,0.0,0.0,0.0,0.0,0.0,0.0,101.0,0.0,76.0,0.0,527.0,0.0,0.0,0.0,0.0,0.0,0.0,150.0,1369.0,0.0,0.0,199.0,395.0,0.0,301.0,0.0,91.0,157.0,148.0,0.0,282.0,92.0
2021-12-06 08:00:00+00:00,0.0,580.0,2.0,74.0,318.0,493.0,349.0,0.0,712.0,275.0,0.0,0.0,0.0,0.0,0.0,0.0,85.0,0.0,84.0,0.0,466.0,0.0,0.0,0.0,0.0,0.0,0.0,110.0,1369.0,0.0,0.0,345.0,344.0,0.0,240.0,0.0,93.0,122.0,153.0,0.0,235.0,128.0
2021-12-06 09:00:00+00:00,0.0,698.0,2.0,74.0,314.0,465.0,330.0,0.0,728.0,267.0,0.0,0.0,0.0,0.0,0.0,0.0,98.0,0.0,77.0,0.0,358.0,0.0,0.0,0.0,0.0,0.0,0.0,111.0,1338.0,0.0,0.0,302.0,344.0,0.0,258.0,0.0,97.0,98.0,172.0,0.0,247.0,135.0
2021-12-06 10:00:00+00:00,0.0,716.0,2.0,98.0,331.0,488.0,336.0,0.0,671.0,238.0,0.0,0.0,0.0,0.0,0.0,0.0,122.0,0.0,76.0,0.0,325.0,0.0,0.0,0.0,0.0,0.0,0.0,160.0,1369.0,0.0,0.0,186.0,360.0,0.0,266.0,0.0,112.0,109.0,243.0,0.0,229.0,133.0
2021-12-06 11:00:00+00:00,0.0,613.0,4.0,91.0,308.0,508.0,376.0,0.0,648.0,236.0,0.0,0.0,0.0,0.0,0.0,0.0,100.0,0.0,98.0,0.0,362.0,0.0,0.0,0.0,0.0,0.0,0.0,131.0,1370.0,0.0,0.0,208.0,348.0,0.0,235.0,0.0,111.0,118.0,240.0,0.0,219.0,133.0
2021-12-06 12:00:00+00:00,0.0,541.0,0.0,102.0,322.0,552.0,231.0,0.0,647.0,238.0,0.0,0.0,0.0,0.0,0.0,0.0,128.0,0.0,99.0,0.0,409.0,0.0,0.0,0.0,0.0,0.0,0.0,78.0,1368.0,0.0,0.0,232.0,333.0,0.0,217.0,0.0,105.0,117.0,186.0,0.0,214.0,129.0
2021-12-06 13:00:00+00:00,0.0,573.0,4.0,99.0,339.0,557.0,118.0,1.0,700.0,270.0,0.0,0.0,0.0,0.0,0.0,0.0,118.0,0.0,119.0,0.0,417.0,0.0,0.0,0.0,0.0,0.0,0.0,37.0,1368.0,0.0,0.0,222.0,349.0,0.0,235.0,0.0,108.0,141.0,120.0,0.0,226.0,130.0
2021-12-06 14:00:00+00:00,0.0,617.0,7.0,106.0,363.0,585.0,212.0,0.0,675.0,240.0,0.0,0.0,0.0,0.0,0.0,0.0,143.0,0.0,96.0,0.0,357.0,0.0,0.0,0.0,0.0,0.0,0.0,128.0,1367.0,0.0,0.0,295.0,441.0,0.0,265.0,0.0,131.0,70.0,193.0,0.0,213.0,30.0
2021-12-06 15:00:00+00:00,0.0,584.0,22.0,172.0,456.0,572.0,116.0,0.0,636.0,274.0,0.0,0.0,0.0,0.0,0.0,0.0,172.0,0.0,123.0,0.0,364.0,0.0,0.0,0.0,0.0,0.0,0.0,122.0,1365.0,0.0,0.0,307.0,438.0,0.0,260.0,0.0,237.0,45.0,187.0,0.0,236.0,0.0
2021-12-06 16:00:00+00:00,0.0,641.0,54.0,218.0,502.0,561.0,134.0,0.0,562.0,245.0,0.0,0.0,0.0,0.0,0.0,0.0,199.0,0.0,134.0,0.0,371.0,0.0,0.0,0.0,0.0,0.0,0.0,91.0,1361.0,0.0,0.0,249.0,396.0,0.0,266.0,0.0,250.0,14.0,160.0,0.0,274.0,0.0
2021-12-06 17:00:00+00:00,0.0,707.0,78.0,234.0,521.0,618.0,198.0,0.0,532.0,240.0,0.0,0.0,0.0,0.0,0.0,0.0,209.0,0.0,93.0,0.0,439.0,0.0,0.0,0.0,0.0,0.0,0.0,109.0,1364.0,0.0,0.0,241.0,398.0,0.0,288.0,0.0,272.0,6.0,203.0,0.0,281.0,0.0
2021-12-06 18:00:00+00:00,0.0,703.0,162.0,286.0,553.0,612.0,223.0,0.0,431.0,219.0,0.0,0.0,0.0,0.0,0.0,0.0,208.0,0.0,56.0,0.0,594.0,0.0,0.0,0.0,0.0,0.0,0.0,80.0,1348.0,0.0,0.0,104.0,352.0,0.0,294.0,0.0,338.0,2.0,174.0,0.0,318.0,0.0
2021-12-06 19:00:00+00:00,0.0,752.0,174.0,270.0,544.0,585.0,146.0,0.0,462.0,253.0,0.0,0.0,0.0,0.0,0.0,0.0,190.0,0.0,91.0,0.0,599.0,0.0,0.0,0.0,0.0,0.0,0.0,136.0,1346.0,0.0,0.0,1.0,338.0,0.0,331.0,0.0,311.0,0.0,227.0,0.0,360.0,0.0
2021-12-06 20:00:00+00:00,0.0,846.0,202.0,309.0,581.0,429.0,145.0,0.0,423.0,286.0,0.0,0.0,0.0,0.0,0.0,0.0,166.0,0.0,124.0,0.0,466.0,0.0,0.0,0.0,0.0,189.0,0.0,152.0,1369.0,0.0,0.0,0.0,314.0,0.0,369.0,0.0,368.0,1.0,216.0,0.0,443.0,0.0
2021-12-06 21:00:00+00:00,0.0,941.0,231.0,332.0,577.0,438.0,256.0,0.0,310.0,134.0,0.0,0.0,0.0,0.0,0.0,0.0,133.0,0.0,91.0,0.0,0.0,0.0,0.0,0.0,0.0,102.0,0.0,145.0,1368.0,0.0,0.0,0.0,355.0,0.0,379.0,0.0,455.0,2.0,232.0,0.0,483.0,0.0
2021-12-06 22:00:00+00:00,0.0,914.0,358.0,378.0,625.0,519.0,288.0,0.0,224.0,108.0,0.0,0.0,0.0,0.0,0.0,0.0,101.0,0.0,80.0,0.0,240.0,0.0,0.0,0.0,0.0,219.0,0.0,191.0,1384.0,0.0,0.0,0.0,359.0,0.0,397.0,0.0,481.0,0.0,283.0,0.0,542.0,0.0
2021-12-06 23:00:00+00:00,0.0,592.0,274.0,371.0,595.0,470.0,301.0,0.0,191.0,119.0,0.0,0.0,0.0,0.0,0.0,0.0,73.0,0.0,90.0,0.0,598.0,0.0,0.0,0.0,0.0,439.0,0.0,53.0,1398.0,0.0,0.0,0.0,144.0,0.0,217.0,0.0,431.0,0.0,203.0,0.0,492.0,0.0
2021-12-07 00:00:00+00:00,2.0,723.0,328.0,379.0,581.0,515.0,399.0,0.0,41.0,29.0,0.0,0.0,0.0,0.0,0.0,0.0,55.0,0.0,65.0,0.0,599.0,2.0,0.0,0.0,0.0,483.0,0.0,123.0,1368.0,0.0,0.0,0.0,240.0,0.0,271.0,0.0,486.0,0.0,282.0,0.0,486.0,0.0
2021-12-07 01:00:00+00:00,2.0,922.0,248.0,355.0,556.0,500.0,374.0,0.0,17.0,27.0,0.0,0.0,0.0,0.0,0.0,0.0,47.0,0.0,62.0,0.0,599.0,10.0,0.0,0.0,0.0,461.0,0.0,182.0,1369.0,0.0,0.0,0.0,332.0,0.0,345.0,0.0,482.0,0.0,338.0,0.0,492.0,0.0
2021-12-07 02:00:00+00:00,2.0,996.0,288.0,352.0,535.0,529.0,443.0,0.0,1.0,21.0,0.0,0.0,0.0,0.0,0.0,0.0,44.0,0.0,60.0,0.0,599.0,36.0,0.0,0.0,0.0,393.0,0.0,229.0,1362.0,0.0,0.0,0.0,378.0,0.0,378.0,0.0,474.0,0.0,406.0,0.0,472.0,0.0
2021-12-07 03:00:00+00:00,15.0,989.0,345.0,368.0,550.0,489.0,380.0,0.0,0.0,8.0,0.0,0.0,0.0,0.0,0.0,0.0,52.0,0.0,66.0,0.0,600.0,83.0,0.0,0.0,0.0,383.0,0.0,182.0,1370.0,0.0,0.0,0.0,389.0,0.0,380.0,0.0,531.0,0.0,342.0,0.0,485.0,0.0
2021-12-07 04:00:00+00:00,85.0,685.0,336.0,352.0,460.0,344.0,116.0,0.0,0.0,0.0,0.0,0.0,0.0,0.0,0.0,0.0,74.0,0.0,125.0,0.0,597.0,136.0,0.0,0.0,0.0,317.0,0.0,0.0,1367.0,0.0,0.0,0.0,239.0,0.0,250.0,4.0,566.0,0.0,56.0,74.0,449.0,0.0
2021-12-07 05:00:00+00:00,113.0,500.0,244.0,280.0,326.0,355.0,162.0,0.0,6.0,1.0,0.0,0.0,0.0,0.0,0.0,0.0,83.0,0.0,122.0,0.0,488.0,60.0,0.0,0.0,0.0,167.0,0.0,0.0,1364.0,0.0,0.0,0.0,237.0,0.0,218.0,8.0,468.0,0.0,9.0,104.0,390.0,0.0
2021-12-07 06:00:00+00:00,0.0,925.0,42.0,116.0,298.0,381.0,237.0,0.0,417.0,128.0,0.0,0.0,0.0,0.0,0.0,0.0,91.0,0.0,134.0,0.0,163.0,0.0,0.0,0.0,0.0,0.0,0.0,0.0,1364.0,0.0,0.0,126.0,364.0,0.0,309.0,3.0,255.0,23.0,15.0,37.0,379.0,79.0
2021-12-07 07:00:00+00:00,0.0,765.0,44.0,114.0,284.0,479.0,258.0,0.0,483.0,122.0,0.0,0.0,0.0,0.0,0.0,47.0,90.0,0.0,103.0,0.0,0.0,0.0,0.0,0.0,0.0,0.0,0.0,2.0,1364.0,0.0,0.0,365.0,362.0,0.0,247.0,0.0,235.0,16.0,112.0,9.0,286.0,117.0
2021-12-07 08:00:00+00:00,0.0,699.0,57.0,113.0,281.0,486.0,349.0,0.0,538.0,120.0,0.0,0.0,0.0,0.0,0.0,103.0,74.0,0.0,107.0,0.0,0.0,0.0,0.0,0.0,0.0,0.0,0.0,0.0,1364.0,0.0,0.0,460.0,319.0,0.0,204.0,0.0,198.0,19.0,123.0,56.0,262.0,133.0
2021-12-07 09:00:00+00:00,0.0,716.0,6.0,94.0,260.0,491.0,380.0,0.0,598.0,99.0,0.0,0.0,0.0,0.0,0.0,86.0,58.0,0.0,99.0,0.0,0.0,0.0,0.0,0.0,0.0,0.0,0.0,0.0,1395.0,0.0,0.0,431.0,297.0,0.0,203.0,0.0,137.0,78.0,155.0,52.0,259.0,134.0
2021-12-07 10:00:00+00:00,0.0,752.0,14.0,68.0,210.0,468.0,303.0,0.0,590.0,72.0,0.0,0.0,0.0,0.0,0.0,175.0,40.0,0.0,102.0,0.0,0.0,0.0,0.0,0.0,0.0,0.0,0.0,0.0,1366.0,0.0,0.0,390.0,284.0,0.0,203.0,0.0,123.0,45.0,174.0,69.0,228.0,134.0
2021-12-07 11:00:00+00:00,1.0,723.0,24.0,61.0,171.0,504.0,309.0,0.0,538.0,23.0,0.0,0.0,0.0,0.0,0.0,274.0,60.0,0.0,117.0,0.0,0.0,0.0,0.0,0.0,0.0,0.0,0.0,0.0,1366.0,0.0,0.0,384.0,253.0,0.0,184.0,0.0,129.0,40.0,133.0,97.0,218.0,134.0
2021-12-07 12:00:00+00:00,1.0,688.0,16.0,74.0,196.0,493.0,388.0,0.0,534.0,23.0,0.0,0.0,0.0,0.0,0.0,281.0,77.0,0.0,131.0,0.0,0.0,0.0,0.0,0.0,0.0,0.0,0.0,0.0,1365.0,0.0,0.0,440.0,218.0,0.0,165.0,0.0,158.0,49.0,69.0,98.0,255.0,134.0
2021-12-07 13:00:00+00:00,4.0,702.0,10.0,86.0,212.0,492.0,284.0,0.0,553.0,18.0,0.0,0.0,0.0,0.0,0.0,299.0,111.0,0.0,161.0,0.0,0.0,0.0,0.0,0.0,0.0,0.0,0.0,0.0,1365.0,0.0,0.0,423.0,292.0,0.0,195.0,0.0,199.0,70.0,21.0,72.0,317.0,131.0
2021-12-07 14:00:00+00:00,37.0,582.0,10.0,80.0,185.0,401.0,183.0,0.0,497.0,0.0,0.0,0.0,0.0,0.0,0.0,288.0,130.0,0.0,179.0,0.0,0.0,0.0,0.0,0.0,0.0,0.0,0.0,0.0,1365.0,0.0,0.0,402.0,333.0,0.0,171.0,11.0,177.0,58.0,16.0,64.0,319.0,133.0
2021-12-07 15:00:00+00:00,63.0,427.0,38.0,133.0,194.0,407.0,191.0,0.0,355.0,0.0,0.0,0.0,0.0,0.0,0.0,207.0,160.0,0.0,169.0,0.0,0.0,0.0,0.0,0.0,0.0,0.0,0.0,0.0,1366.0,0.0,0.0,457.0,268.0,0.0,109.0,111.0,250.0,18.0,0.0,158.0,259.0,136.0
2021-12-07 16:00:00+00:00,87.0,302.0,115.0,173.0,218.0,419.0,253.0,0.0,288.0,0.0,0.0,0.0,0.0,0.0,0.0,0.0,178.0,0.0,152.0,0.0,0.0,0.0,0.0,0.0,0.0,0.0,0.0,0.0,1367.0,0.0,0.0,414.0,181.0,0.0,62.0,182.0,283.0,2.0,0.0,251.0,254.0,135.0
2021-12-07 17:00:00+00:00,47.0,421.0,122.0,201.0,273.0,486.0,283.0,0.0,293.0,0.0,0.0,0.0,0.0,0.0,0.0,0.0,192.0,0.0,146.0,0.0,61.0,0.0,0.0,0.0,0.0,0.0,0.0,0.0,1347.0,0.0,0.0,334.0,188.0,0.0,108.0,197.0,304.0,2.0,0.0,250.0,318.0,83.0
2021-12-07 18:00:00+00:00,5.0,349.0,166.0,253.0,355.0,483.0,297.0,0.0,288.0,25.0,0.0,0.0,0.0,0.0,0.0,0.0,189.0,0.0,127.0,0.0,389.0,0.0,0.0,0.0,0.0,0.0,0.0,0.0,1314.0,0.0,0.0,274.0,155.0,0.0,117.0,193.0,333.0,1.0,0.0,217.0,374.0,0.0
2021-12-07 19:00:00+00:00,0.0,259.0,244.0,318.0,431.0,579.0,355.0,0.0,257.0,91.0,0.0,0.0,0.0,0.0,0.0,0.0,175.0,0.0,128.0,0.0,558.0,0.0,0.0,0.0,0.0,0.0,0.0,0.0,1342.0,0.0,0.0,124.0,76.0,0.0,118.0,195.0,429.0,0.0,0.0,191.0,442.0,0.0
2021-12-07 20:00:00+00:00,6.0,306.0,351.0,389.0,460.0,456.0,261.0,0.0,72.0,27.0,0.0,0.0,0.0,3.0,0.0,0.0,171.0,0.0,139.0,0.0,565.0,0.0,0.0,0.0,0.0,57.0,0.0,0.0,1329.0,0.0,0.0,0.0,32.0,0.0,131.0,190.0,538.0,0.0,0.0,169.0,513.0,0.0
2021-12-07 21:00:00+00:00,0.0,350.0,430.0,430.0,509.0,332.0,213.0,0.0,52.0,83.0,0.0,0.0,0.0,0.0,0.0,0.0,130.0,0.0,153.0,0.0,574.0,1.0,0.0,0.0,0.0,209.0,0.0,0.0,1312.0,0.0,0.0,0.0,64.0,0.0,165.0,172.0,601.0,0.0,0.0,134.0,596.0,0.0
2021-12-07 22:00:00+00:00,0.0,440.0,461.0,467.0,604.0,307.0,85.0,0.0,44.0,96.0,0.0,0.0,0.0,0.0,0.0,0.0,90.0,0.0,174.0,0.0,580.0,0.0,0.0,0.0,0.0,381.0,0.0,2.0,1311.0,0.0,0.0,0.0,118.0,0.0,217.0,21.0,620.0,0.0,7.0,20.0,618.0,0.0
2021-12-07 23:00:00+00:00,2.0,684.0,441.0,463.0,631.0,592.0,282.0,0.0,49.0,57.0,0.0,0.0,0.0,0.0,0.0,0.0,62.0,0.0,81.0,0.0,599.0,6.0,0.0,0.0,0.0,488.0,0.0,27.0,1342.0,0.0,0.0,0.0,186.0,0.0,269.0,14.0,644.0,0.0,9.0,7.0,672.0,0.0
2021-12-08 00:00:00+00:00,33.0,802.0,426.0,430.0,563.0,666.0,350.0,0.0,0.0,3.0,0.0,0.0,0.0,0.0,0.0,0.0,45.0,0.0,60.0,0.0,600.0,101.0,0.0,0.0,0.0,505.0,0.0,33.0,1346.0,0.0,0.0,0.0,237.0,0.0,304.0,2.0,604.0,0.0,13.0,0.0,670.0,0.0
2021-12-08 01:00:00+00:00,64.0,981.0,414.0,405.0,509.0,649.0,320.0,0.0,0.0,1.0,0.0,0.0,0.0,0.0,0.0,0.0,35.0,0.0,49.0,0.0,600.0,190.0,0.0,0.0,0.0,546.0,0.0,61.0,1347.0,0.0,0.0,0.0,277.0,0.0,347.0,0.0,566.0,0.0,35.0,0.0,672.0,0.0
2021-12-08 02:00:00+00:00,69.0,1091.0,398.0,406.0,501.0,655.0,255.0,0.0,0.0,0.0,0.0,0.0,0.0,0.0,0.0,0.0,31.0,0.0,42.0,0.0,600.0,222.0,0.0,0.0,0.0,543.0,0.0,56.0,1343.0,0.0,0.0,0.0,284.0,0.0,371.0,0.0,557.0,0.0,31.0,0.0,669.0,0.0
2021-12-08 03:00:00+00:00,64.0,1097.0,437.0,415.0,515.0,599.0,246.0,0.0,0.0,0.0,0.0,0.0,0.0,0.0,0.0,0.0,34.0,0.0,46.0,0.0,601.0,217.0,0.0,0.0,0.0,514.0,0.0,13.0,1351.0,0.0,0.0,0.0,276.0,0.0,362.0,9.0,596.0,0.0,0.0,0.0,656.0,0.0
2021-12-08 04:00:00+00:00,47.0,945.0,468.0,410.0,522.0,411.0,58.0,0.0,0.0,0.0,0.0,0.0,0.0,0.0,0.0,0.0,44.0,0.0,123.0,0.0,600.0,181.0,0.0,0.0,0.0,493.0,0.0,0.0,1347.0,0.0,0.0,0.0,270.0,0.0,326.0,99.0,615.0,0.0,0.0,67.0,588.0,0.0
2021-12-08 05:00:00+00:00,30.0,789.0,378.0,357.0,445.0,568.0,80.0,0.0,2.0,3.0,0.0,0.0,0.0,0.0,0.0,0.0,60.0,0.0,96.0,0.0,587.0,92.0,0.0,0.0,0.0,255.0,0.0,0.0,1348.0,0.0,0.0,0.0,225.0,0.0,280.0,235.0,614.0,0.0,0.0,163.0,546.0,0.0
2021-12-08 06:00:00+00:00,0.0,1012.0,252.0,211.0,378.0,466.0,0.0,0.0,218.0,145.0,0.0,0.0,0.0,0.0,0.0,0.0,62.0,0.0,129.0,0.0,172.0,0.0,0.0,0.0,0.0,0.0,0.0,0.0,1348.0,0.0,26.0,2.0,299.0,0.0,316.0,191.0,448.0,0.0,0.0,114.0,483.0,89.0
2021-12-08 07:00:00+00:00,22.0,736.0,272.0,252.0,315.0,495.0,0.0,0.0,42.0,10.0,0.0,0.0,0.0,0.0,0.0,54.0,29.0,0.0,128.0,0.0,0.0,5.0,0.0,0.0,0.0,0.0,0.0,0.0,1348.0,0.0,12.0,69.0,192.0,0.0,204.0,173.0,517.0,0.0,0.0,212.0,387.0,122.0
2021-12-08 08:00:00+00:00,0.0,796.0,218.0,250.0,360.0,503.0,30.0,0.0,170.0,87.0,0.0,0.0,0.0,0.0,0.0,0.0,0.0,0.0,145.0,0.0,88.0,0.0,0.0,1.0,0.0,0.0,0.0,0.0,1348.0,0.0,0.0,35.0,167.0,0.0,226.0,59.0,486.0,0.0,0.0,157.0,373.0,134.0
2021-12-08 09:00:00+00:00,0.0,1042.0,196.0,217.0,413.0,472.0,22.0,0.0,351.0,170.0,0.0,0.0,0.0,0.0,0.0,0.0,0.0,0.0,141.0,0.0,67.0,0.0,0.0,2.0,0.0,0.0,0.0,0.0,1356.0,0.0,0.0,44.0,198.0,0.0,301.0,0.0,398.0,0.0,61.0,37.0,406.0,134.0
2021-12-08 10:00:00+00:00,0.0,1174.0,178.0,191.0,421.0,449.0,72.0,0.0,407.0,180.0,0.0,0.0,0.0,0.0,0.0,0.0,0.0,0.0,136.0,0.0,52.0,0.0,0.0,1.0,0.0,0.0,0.0,25.0,1348.0,0.0,0.0,0.0,242.0,0.0,350.0,0.0,346.0,1.0,107.0,0.0,423.0,135.0
2021-12-08 11:00:00+00:00,0.0,1051.0,170.0,175.0,393.0,477.0,60.0,0.0,409.0,179.0,0.0,0.0,0.0,0.0,0.0,0.0,16.0,0.0,162.0,0.0,64.0,0.0,0.0,0.0,0.0,0.0,0.0,25.0,1347.0,0.0,0.0,1.0,282.0,0.0,330.0,0.0,329.0,0.0,108.0,0.0,409.0,131.0
2021-12-08 12:00:00+00:00,0.0,978.0,138.0,172.0,369.0,490.0,40.0,0.0,362.0,126.0,0.0,0.0,0.0,0.0,0.0,109.0,22.0,0.0,164.0,0.0,0.0,0.0,0.0,0.0,0.0,0.0,0.0,44.0,1348.0,0.0,0.0,100.0,303.0,0.0,315.0,0.0,339.0,1.0,104.0,0.0,409.0,135.0
2021-12-08 13:00:00+00:00,51.0,762.0,151.0,177.0,263.0,512.0,0.0,0.0,222.0,2.0,0.0,0.0,0.0,0.0,0.0,363.0,40.0,0.0,162.0,,0.0,0.0,0.0,0.0,0.0,0.0,,0.0,1348.0,0.0,9.0,167.0,269.0,0.0,228.0,48.0,353.0,3.0,0.0,66.0,390.0,135.0
2021-12-08 14:00:00+00:00,72.0,634.0,145.0,151.0,199.0,485.0,0.0,0.0,203.0,0.0,0.0,0.0,0.0,0.0,0.0,374.0,62.0,0.0,152.0,0.0,0.0,0.0,0.0,0.0,0.0,0.0,0.0,0.0,1348.0,0.0,65.0,224.0,294.0,0.0,187.0,147.0,324.0,0.0,0.0,137.0,389.0,134.0
2021-12-08 15:00:00+00:00,84.0,489.0,86.0,169.0,192.0,495.0,0.0,0.0,163.0,0.0,0.0,0.0,0.0,0.0,0.0,283.0,82.0,0.0,154.0,0.0,0.0,0.0,0.0,0.0,0.0,0.0,0.0,0.0,1349.0,0.0,100.0,289.0,245.0,0.0,140.0,201.0,345.0,9.0,0.0,186.0,395.0,135.0
2021-12-08 16:00:00+00:00,58.0,515.0,83.0,163.0,189.0,424.0,0.0,0.0,172.0,0.0,0.0,0.0,0.0,0.0,0.0,337.0,115.0,0.0,161.0,0.0,0.0,0.0,0.0,0.0,0.0,0.0,0.0,0.0,1349.0,0.0,87.0,328.0,196.0,0.0,136.0,205.0,310.0,6.0,0.0,166.0,419.0,135.0
2021-12-08 17:00:00+00:00,11.0,640.0,44.0,141.0,196.0,357.0,0.0,0.0,269.0,3.0,0.0,0.0,0.0,0.0,0.0,299.0,125.0,0.0,176.0,0.0,0.0,0.0,0.0,0.0,0.0,0.0,0.0,0.0,1349.0,0.0,54.0,284.0,209.0,0.0,175.0,231.0,254.0,12.0,0.0,164.0,457.0,83.0
2021-12-08 18:00:00+00:00,48.0,523.0,98.0,167.0,199.0,396.0,0.0,0.0,191.0,0.0,0.0,0.0,0.0,0.0,0.0,192.0,127.0,0.0,155.0,0.0,0.0,0.0,0.0,0.0,0.0,0.0,0.0,0.0,1318.0,0.0,48.0,327.0,165.0,0.0,139.0,251.0,278.0,2.0,0.0,220.0,461.0,0.0
2021-12-08 19:00:00+00:00,169.0,295.0,169.0,253.0,207.0,487.0,140.0,0.0,12.0,0.0,0.0,0.0,0.0,0.0,0.0,51.0,126.0,0.0,119.0,0.0,0.0,40.0,0.0,0.0,0.0,0.0,0.0,0.0,1346.0,0.0,0.0,176.0,97.0,0.0,97.0,310.0,387.0,4.0,0.0,327.0,449.0,0.0
2021-12-08 20:00:00+00:00,93.0,74.0,207.0,282.0,228.0,398.0,86.0,0.0,4.0,0.0,0.0,0.0,0.0,12.0,0.0,0.0,137.0,0.0,116.0,0.0,487.0,27.0,0.0,0.0,0.0,0.0,0.0,,1321.0,0.0,0.0,37.0,20.0,0.0,59.0,373.0,431.0,0.0,0.0,,503.0,0.0
2021-12-08 21:00:00+00:00,0.0,327.0,182.0,251.0,307.0,304.0,0.0,0.0,237.0,121.0,0.0,0.0,0.0,0.0,0.0,0.0,98.0,0.0,131.0,0.0,413.0,0.0,0.0,0.0,0.0,94.0,0.0,,1323.0,0.0,38.0,0.0,128.0,0.0,162.0,258.0,316.0,2.0,0.0,,547.0,0.0
2021-12-08 22:00:00+00:00,39.0,194.0,262.0,327.0,328.0,362.0,52.0,0.0,19.0,5.0,0.0,0.0,0.0,1.0,0.0,0.0,74.0,0.0,115.0,0.0,560.0,10.0,0.0,0.0,0.0,250.0,0.0,,1319.0,0.0,0.0,0.0,29.0,0.0,105.0,341.0,443.0,0.0,0.0,,591.0,0.0
2021-12-08 23:00:00+00:00,8.0,130.0,250.0,330.0,420.0,583.0,196.0,0.0,136.0,10.0,0.0,0.0,0.0,1.0,0.0,0.0,51.0,0.0,27.0,0.0,599.0,0.0,0.0,0.0,0.0,461.0,0.0,,1366.0,0.0,0.0,0.0,33.0,0.0,115.0,203.0,465.0,0.0,0.0,,578.0,0.0
2021-12-09 00:00:00+00:00,2.0,266.0,237.0,306.0,435.0,496.0,361.0,0.0,106.0,28.0,0.0,0.0,0.0,0.0,0.0,0.0,38.0,0.0,33.0,0.0,600.0,0.0,0.0,0.0,0.0,440.0,0.0,,1347.0,0.0,0.0,0.0,125.0,0.0,187.0,119.0,426.0,0.0,0.0,,584.0,0.0
2021-12-09 01:00:00+00:00,15.0,293.0,226.0,302.0,417.0,469.0,328.0,0.0,22.0,6.0,0.0,0.0,0.0,0.0,0.0,0.0,30.0,0.0,29.0,0.0,600.0,5.0,0.0,0.0,0.0,415.0,0.0,,1348.0,0.0,0.0,0.0,203.0,0.0,224.0,51.0,445.0,0.0,0.0,,569.0,0.0
2021-12-09 02:00:00+00:00,17.0,347.0,236.0,278.0,380.0,493.0,307.0,0.0,18.0,5.0,0.0,0.0,0.0,0.0,0.0,0.0,29.0,0.0,30.0,0.0,600.0,7.0,0.0,0.0,0.0,349.0,0.0,,1340.0,0.0,0.0,0.0,239.0,0.0,245.0,57.0,415.0,0.0,0.0,,545.0,0.0
2021-12-09 03:00:00+00:00,0.0,450.0,124.0,218.0,360.0,482.0,253.0,0.0,159.0,36.0,0.0,0.0,0.0,0.0,0.0,0.0,37.0,0.0,48.0,0.0,600.0,0.0,0.0,0.0,0.0,298.0,0.0,,1354.0,0.0,0.0,0.0,281.0,0.0,263.0,83.0,327.0,2.0,0.0,,550.0,0.0
2021-12-09 04:00:00+00:00,29.0,151.0,62.0,154.0,200.0,400.0,166.0,0.0,149.0,5.0,0.0,0.0,0.0,0.0,0.0,0.0,64.0,0.0,67.0,0.0,590.0,0.0,0.0,0.0,0.0,175.0,0.0,,1347.0,0.0,0.0,0.0,139.0,0.0,113.0,322.0,259.0,10.0,0.0,,476.0,0.0
2021-12-09 05:00:00+00:00,0.0,488.0,2.0,48.0,190.0,317.0,64.0,0.0,493.0,160.0,0.0,0.0,0.0,0.0,0.0,0.0,98.0,0.0,98.0,0.0,294.0,0.0,0.0,0.0,0.0,0.0,0.0,,1347.0,0.0,0.0,149.0,290.0,0.0,225.0,210.0,128.0,122.0,0.0,,461.0,0.0
2021-12-09 06:00:00+00:00,0.0,529.0,2.0,2.0,140.0,361.0,83.0,2.0,592.0,200.0,0.0,0.0,0.0,0.0,0.0,0.0,83.0,0.0,93.0,0.0,180.0,0.0,9.0,0.0,0.0,0.0,0.0,,1348.0,0.0,0.0,399.0,324.0,0.0,206.0,201.0,75.0,202.0,0.0,,428.0,92.0
2021-12-09 07:00:00+00:00,0.0,606.0,0.0,15.0,154.0,406.0,192.0,3.0,647.0,215.0,0.0,0.0,0.0,0.0,0.0,0.0,86.0,0.0,54.0,0.0,1.0,0.0,2.0,0.0,0.0,0.0,0.0,,1346.0,0.0,0.0,433.0,267.0,0.0,193.0,226.0,48.0,177.0,0.0,,448.0,120.0
2021-12-09 08:00:00+00:00,0.0,715.0,0.0,26.0,223.0,518.0,327.0,1.0,718.0,282.0,0.0,0.0,0.0,0.0,0.0,48.0,103.0,0.0,51.0,0.0,0.0,0.0,0.0,0.0,0.0,0.0,0.0,0.0,1347.0,0.0,0.0,374.0,257.0,0.0,239.0,175.0,59.0,221.0,0.0,268.0,512.0,133.0
2021-12-09 09:00:00+00:00,0.0,837.0,0.0,56.0,251.0,510.0,337.0,1.0,700.0,265.0,0.0,0.0,0.0,0.0,0.0,65.0,115.0,0.0,26.0,0.0,0.0,0.0,0.0,0.0,0.0,0.0,0.0,0.0,1361.0,0.0,0.0,362.0,224.0,0.0,274.0,113.0,70.0,175.0,0.0,268.0,563.0,133.0
2021-12-09 10:00:00+00:00,0.0,873.0,2.0,78.0,259.0,528.0,374.0,1.0,645.0,229.0,0.0,0.0,0.0,0.0,0.0,48.0,131.0,0.0,0.0,0.0,0.0,0.0,0.0,0.0,0.0,0.0,0.0,0.0,1346.0,2.0,0.0,321.0,208.0,0.0,272.0,131.0,84.0,107.0,0.0,268.0,591.0,133.0
2021-12-09 11:00:00+00:00,0.0,849.0,2.0,87.0,271.0,558.0,398.0,0.0,618.0,239.0,0.0,0.0,0.0,0.0,0.0,0.0,125.0,0.0,17.0,0.0,0.0,0.0,0.0,0.0,0.0,0.0,0.0,0.0,1346.0,0.0,0.0,265.0,252.0,0.0,277.0,160.0,140.0,92.0,0.0,199.0,583.0,129.0
2021-12-09 12:00:00+00:00,0.0,912.0,2.0,47.0,236.0,652.0,500.0,0.0,683.0,269.0,0.0,0.0,0.0,0.0,0.0,0.0,111.0,0.0,0.0,0.0,1.0,0.0,0.0,0.0,0.0,0.0,0.0,0.0,1346.0,15.0,0.0,199.0,262.0,0.0,290.0,210.0,82.0,109.0,0.0,185.0,575.0,133.0
2021-12-09 13:00:00+00:00,0.0,909.0,3.0,46.0,233.0,689.0,539.0,1.0,710.0,264.0,0.0,0.0,0.0,0.0,0.0,0.0,124.0,0.0,0.0,0.0,52.0,0.0,0.0,0.0,0.0,0.0,0.0,0.0,1346.0,6.0,0.0,191.0,283.0,0.0,291.0,230.0,91.0,125.0,0.0,183.0,544.0,136.0
2021-12-09 14:00:00+00:00,0.0,834.0,2.0,67.0,262.0,685.0,487.0,0.0,703.0,271.0,0.0,0.0,0.0,0.0,0.0,0.0,127.0,0.0,3.0,0.0,90.0,0.0,0.0,0.0,0.0,0.0,0.0,0.0,1346.0,0.0,0.0,222.0,294.0,0.0,276.0,240.0,107.0,120.0,0.0,191.0,485.0,135.0
2021-12-09 15:00:00+00:00,0.0,790.0,5.0,126.0,344.0,702.0,558.0,0.0,672.0,261.0,0.0,0.0,0.0,0.0,0.0,0.0,147.0,0.0,0.0,0.0,164.0,0.0,0.0,0.0,0.0,0.0,0.0,0.0,1346.0,0.0,0.0,273.0,296.0,0.0,269.0,211.0,165.0,95.0,0.0,185.0,464.0,134.0
2021-12-09 16:00:00+00:00,0.0,947.0,36.0,168.0,432.0,699.0,564.0,0.0,613.0,236.0,0.0,0.0,0.0,0.0,0.0,0.0,166.0,0.0,5.0,0.0,193.0,0.0,0.0,0.0,0.0,0.0,0.0,0.0,1348.0,0.0,0.0,219.0,278.0,0.0,306.0,201.0,209.0,25.0,0.0,120.0,534.0,131.0
2021-12-09 17:00:00+00:00,0.0,975.0,49.0,194.0,479.0,707.0,571.0,0.0,607.0,275.0,0.0,0.0,0.0,0.0,0.0,0.0,183.0,0.0,2.0,0.0,299.0,0.0,0.0,0.0,0.0,0.0,0.0,0.0,1347.0,0.0,0.0,115.0,280.0,0.0,323.0,172.0,219.0,14.0,0.0,87.0,558.0,76.0
2021-12-09 18:00:00+00:00,0.0,944.0,85.0,239.0,545.0,698.0,587.0,0.0,582.0,298.0,0.0,0.0,0.0,0.0,0.0,0.0,187.0,0.0,0.0,0.0,510.0,0.0,0.0,0.0,0.0,0.0,0.0,0.0,1377.0,19.0,0.0,20.0,266.0,0.0,341.0,122.0,249.0,6.0,0.0,48.0,566.0,0.0
2021-12-09 19:00:00+00:00,0.0,1009.0,122.0,270.0,599.0,785.0,601.0,0.0,590.0,374.0,0.0,0.0,0.0,0.0,0.0,0.0,193.0,0.0,0.0,0.0,597.0,0.0,0.0,0.0,0.0,180.0,0.0,6.0,1352.0,13.0,0.0,0.0,262.0,0.0,406.0,89.0,268.0,4.0,0.0,5.0,617.0,0.0
2021-12-09 20:00:00+00:00,0.0,980.0,144.0,278.0,618.0,738.0,617.0,0.0,618.0,440.0,0.0,0.0,0.0,0.0,0.0,0.0,186.0,0.0,0.0,0.0,599.0,0.0,0.0,0.0,0.0,323.0,0.0,39.0,1348.0,26.0,0.0,0.0,240.0,0.0,428.0,58.0,321.0,2.0,0.0,0.0,664.0,0.0
2021-12-09 21:00:00+00:00,0.0,793.0,324.0,332.0,629.0,654.0,605.0,0.0,535.0,382.0,0.0,0.0,0.0,0.0,0.0,0.0,139.0,0.0,0.0,0.0,600.0,0.0,0.0,0.0,0.0,333.0,0.0,20.0,1373.0,31.0,0.0,0.0,218.0,0.0,373.0,82.0,349.0,0.0,0.0,17.0,700.0,0.0
2021-12-09 22:00:00+00:00,0.0,741.0,312.0,364.0,671.0,706.0,658.0,0.0,444.0,310.0,0.0,0.0,0.0,0.0,0.0,0.0,100.0,0.0,0.0,0.0,599.0,0.0,0.0,0.0,0.0,381.0,0.0,41.0,1321.0,41.0,0.0,0.0,185.0,0.0,354.0,33.0,436.0,0.0,0.0,0.0,720.0,0.0
2021-12-09 23:00:00+00:00,0.0,685.0,299.0,362.0,676.0,782.0,559.0,0.0,346.0,211.0,0.0,0.0,0.0,0.0,0.0,0.0,65.0,0.0,0.0,0.0,600.0,0.0,0.0,0.0,0.0,638.0,0.0,34.0,1352.0,56.0,0.0,0.0,153.0,0.0,328.0,24.0,490.0,0.0,1.0,1.0,704.0,0.0
2021-12-10 00:00:00+00:00,0.0,682.0,300.0,345.0,634.0,727.0,559.0,0.0,234.0,168.0,0.0,0.0,0.0,0.0,0.0,0.0,49.0,0.0,0.0,0.0,600.0,0.0,0.0,0.0,0.0,648.0,0.0,66.0,1355.0,54.0,0.0,0.0,190.0,0.0,345.0,0.0,468.0,0.0,16.0,0.0,699.0,0.0
2021-12-10 01:00:00+00:00,0.0,733.0,289.0,335.0,612.0,711.0,581.0,0.0,172.0,169.0,0.0,0.0,0.0,0.0,0.0,0.0,40.0,0.0,0.0,0.0,600.0,0.0,0.0,0.0,0.0,518.0,0.0,129.0,1352.0,47.0,0.0,0.0,252.0,0.0,390.0,0.0,454.0,0.0,65.0,0.0,698.0,0.0
2021-12-10 02:00:00+00:00,0.0,852.0,331.0,337.0,621.0,745.0,566.0,0.0,151.0,152.0,0.0,0.0,0.0,0.0,0.0,0.0,38.0,0.0,0.0,0.0,599.0,0.0,0.0,0.0,0.0,466.0,0.0,160.0,1348.0,51.0,0.0,0.0,325.0,0.0,442.0,0.0,480.0,0.0,101.0,0.0,694.0,0.0
2021-12-10 03:00:00+00:00,0.0,851.0,296.0,326.0,604.0,674.0,562.0,0.0,166.0,155.0,0.0,0.0,0.0,0.0,0.0,0.0,46.0,0.0,0.0,0.0,599.0,0.0,0.0,0.0,0.0,465.0,0.0,144.0,1345.0,40.0,0.0,0.0,337.0,0.0,439.0,0.0,452.0,0.0,98.0,0.0,684.0,0.0
2021-12-10 04:00:00+00:00,0.0,921.0,273.0,288.0,621.0,591.0,424.0,0.0,309.0,248.0,0.0,0.0,0.0,0.0,0.0,0.0,74.0,0.0,7.0,0.0,596.0,0.0,0.0,0.0,0.0,422.0,0.0,68.0,1348.0,0.0,0.0,0.0,330.0,0.0,426.0,0.0,410.0,1.0,35.0,0.0,659.0,0.0
2021-12-10 05:00:00+00:00,0.0,1032.0,239.0,258.0,574.0,727.0,536.0,0.0,393.0,316.0,0.0,0.0,0.0,0.0,0.0,0.0,101.0,0.0,0.0,0.0,490.0,0.0,0.0,0.0,0.0,294.0,0.0,136.0,1347.0,2.0,0.0,0.0,348.0,0.0,450.0,0.0,391.0,0.0,30.0,0.0,646.0,0.0
2021-12-10 06:00:00+00:00,0.0,1080.0,108.0,157.0,522.0,709.0,565.0,0.0,681.0,487.0,0.0,0.0,0.0,0.0,0.0,0.0,107.0,0.0,15.0,0.0,513.0,0.0,0.0,0.0,0.0,36.0,0.0,166.0,1347.0,0.0,0.0,0.0,331.0,0.0,441.0,16.0,280.0,6.0,12.0,0.0,631.0,92.0
2021-12-10 07:00:00+00:00,0.0,1079.0,78.0,151.0,503.0,693.0,486.0,0.0,695.0,446.0,0.0,0.0,0.0,0.0,0.0,0.0,100.0,0.0,20.0,0.0,278.0,0.0,0.0,0.0,0.0,0.0,0.0,55.0,1349.0,0.0,0.0,39.0,286.0,0.0,400.0,114.0,270.0,7.0,0.0,0.0,613.0,122.0
2021-12-10 08:00:00+00:00,0.0,1139.0,71.0,162.0,543.0,717.0,469.0,0.0,776.0,528.0,0.0,0.0,0.0,0.0,0.0,0.0,92.0,0.0,17.0,0.0,206.0,0.0,0.0,0.0,0.0,0.0,0.0,126.0,1349.0,0.0,0.0,26.0,313.0,0.0,422.0,25.0,270.0,9.0,0.0,0.0,597.0,133.0
2021-12-10 09:00:00+00:00,0.0,1266.0,42.0,174.0,568.0,760.0,482.0,0.0,786.0,504.0,0.0,0.0,0.0,0.0,0.0,0.0,89.0,0.0,0.0,0.0,119.0,0.0,0.0,0.0,0.0,0.0,0.0,136.0,1383.0,2.0,0.0,17.0,314.0,0.0,443.0,9.0,288.0,36.0,1.0,0.0,622.0,138.0
2021-12-10 10:00:00+00:00,0.0,1220.0,153.0,230.0,599.0,740.0,475.0,0.0,676.0,448.0,0.0,0.0,0.0,0.0,0.0,0.0,88.0,0.0,0.0,0.0,171.0,0.0,0.0,0.0,0.0,30.0,0.0,145.0,1355.0,9.0,0.0,0.0,291.0,0.0,434.0,1.0,321.0,0.0,8.0,0.0,615.0,137.0
2021-12-10 11:00:00+00:00,0.0,1231.0,122.0,190.0,555.0,768.0,574.0,0.0,716.0,450.0,0.0,0.0,0.0,0.0,0.0,0.0,81.0,0.0,0.0,0.0,216.0,0.0,0.0,0.0,0.0,67.0,0.0,156.0,1350.0,2.0,0.0,0.0,322.0,0.0,437.0,0.0,279.0,2.0,48.0,0.0,586.0,137.0
2021-12-10 12:00:00+00:00,0.0,1282.0,67.0,181.0,563.0,787.0,576.0,0.0,743.0,443.0,0.0,0.0,0.0,0.0,0.0,0.0,110.0,0.0,0.0,0.0,207.0,0.0,0.0,0.0,0.0,87.0,0.0,221.0,1349.0,21.0,0.0,0.0,358.0,0.0,469.0,0.0,284.0,10.0,89.0,0.0,597.0,136.0
2021-12-10 13:00:00+00:00,0.0,1259.0,148.0,223.0,557.0,804.0,589.0,0.0,742.0,360.0,0.0,0.0,0.0,0.0,0.0,0.0,125.0,0.0,0.0,,227.0,0.0,0.0,0.0,0.0,80.0,,230.0,1350.0,18.0,0.0,0.0,344.0,0.0,468.0,0.0,365.0,3.0,64.0,0.0,612.0,136.0
2021-12-10 14:00:00+00:00,0.0,1124.0,178.0,240.0,530.0,798.0,604.0,0.0,612.0,292.0,0.0,0.0,0.0,0.0,0.0,0.0,136.0,0.0,4.0,0.0,241.0,0.0,0.0,0.0,0.0,69.0,0.0,197.0,1350.0,0.0,0.0,0.0,345.0,0.0,433.0,0.0,369.0,1.0,23.0,0.0,584.0,136.0
2021-12-10 15:00:00+00:00,0.0,935.0,238.0,302.0,557.0,806.0,585.0,0.0,445.0,210.0,0.0,0.0,0.0,0.0,0.0,0.0,118.0,0.0,0.0,0.0,290.0,0.0,0.0,0.0,0.0,8.0,0.0,93.0,1350.0,4.0,0.0,0.0,319.0,0.0,376.0,37.0,448.0,0.0,0.0,0.0,547.0,135.0
2021-12-10 16:00:00+00:00,0.0,943.0,302.0,322.0,550.0,785.0,597.0,0.0,365.0,184.0,0.0,0.0,0.0,0.0,0.0,0.0,143.0,0.0,0.0,0.0,319.0,0.0,0.0,0.0,0.0,97.0,0.0,45.0,1350.0,31.0,0.0,0.0,302.0,0.0,380.0,73.0,451.0,0.0,0.0,0.0,550.0,136.0
2021-12-10 17:00:00+00:00,0.0,1050.0,320.0,326.0,607.0,750.0,633.0,0.0,447.0,234.0,0.0,0.0,0.0,0.0,0.0,0.0,150.0,0.0,0.0,0.0,329.0,0.0,0.0,0.0,0.0,115.0,0.0,100.0,1349.0,40.0,0.0,0.0,341.0,0.0,427.0,11.0,482.0,0.0,1.0,0.0,575.0,92.0
2021-12-10 18:00:00+00:00,0.0,1012.0,327.0,350.0,635.0,799.0,620.0,0.0,404.0,233.0,0.0,0.0,0.0,0.0,0.0,0.0,146.0,0.0,0.0,0.0,403.0,0.0,0.0,0.0,0.0,148.0,0.0,120.0,1352.0,70.0,0.0,0.0,334.0,0.0,435.0,0.0,504.0,0.0,30.0,0.0,591.0,0.0
2021-12-10 19:00:00+00:00,0.0,1029.0,322.0,361.0,679.0,814.0,594.0,0.0,458.0,304.0,0.0,0.0,0.0,0.0,0.0,0.0,175.0,0.0,0.0,0.0,352.0,0.0,0.0,0.0,0.0,225.0,0.0,,1330.0,54.0,0.0,0.0,351.0,0.0,472.0,0.0,502.0,0.0,78.0,,630.0,0.0
2021-12-10 20:00:00+00:00,0.0,1065.0,309.0,330.0,630.0,820.0,620.0,0.0,472.0,284.0,0.0,0.0,0.0,0.0,0.0,0.0,165.0,0.0,0.0,0.0,384.0,0.0,0.0,0.0,0.0,350.0,0.0,186.0,1404.0,58.0,0.0,0.0,353.0,0.0,488.0,0.0,488.0,0.0,112.0,0.0,664.0,0.0
2021-12-10 21:00:00+00:00,0.0,933.0,348.0,369.0,661.0,777.0,601.0,0.0,440.0,266.0,0.0,0.0,0.0,0.0,0.0,0.0,133.0,0.0,0.0,0.0,526.0,0.0,0.0,0.0,0.0,310.0,0.0,127.0,1386.0,67.0,0.0,0.0,298.0,0.0,435.0,0.0,532.0,0.0,97.0,0.0,665.0,0.0
2021-12-10 22:00:00+00:00,0.0,849.0,368.0,382.0,670.0,805.0,646.0,0.0,367.0,200.0,0.0,0.0,0.0,0.0,0.0,0.0,93.0,0.0,0.0,0.0,582.0,0.0,0.0,0.0,0.0,379.0,0.0,95.0,1367.0,64.0,0.0,0.0,260.0,0.0,414.0,0.0,524.0,0.0,72.0,0.0,667.0,0.0
2021-12-10 23:00:00+00:00,0.0,701.0,326.0,372.0,636.0,745.0,680.0,0.0,295.0,161.0,0.0,0.0,0.0,0.0,0.0,0.0,59.0,0.0,0.0,0.0,590.0,0.0,0.0,0.0,0.0,573.0,0.0,103.0,1365.0,60.0,0.0,0.0,199.0,0.0,343.0,0.0,532.0,1.0,52.0,0.0,568.0,0.0
2021-12-11 00:00:00+00:00,0.0,768.0,360.0,367.0,610.0,744.0,682.0,0.0,176.0,127.0,0.0,0.0,0.0,0.0,0.0,0.0,47.0,0.0,0.0,0.0,576.0,0.0,0.0,0.0,0.0,441.0,0.0,156.0,1345.0,54.0,0.0,0.0,270.0,0.0,390.0,0.0,554.0,0.0,99.0,0.0,586.0,0.0
2021-12-11 01:00:00+00:00,0.0,939.0,346.0,335.0,569.0,725.0,719.0,0.0,119.0,116.0,0.0,0.0,0.0,0.0,0.0,0.0,37.0,0.0,0.0,0.0,561.0,0.0,0.0,0.0,0.0,440.0,0.0,201.0,1351.0,44.0,0.0,0.0,378.0,0.0,469.0,0.0,518.0,0.0,131.0,0.0,606.0,0.0
2021-12-11 02:00:00+00:00,0.0,1060.0,270.0,290.0,571.0,744.0,714.0,0.0,231.0,177.0,0.0,0.0,0.0,0.0,0.0,0.0,32.0,0.0,0.0,0.0,598.0,0.0,0.0,0.0,0.0,366.0,0.0,241.0,1362.0,51.0,0.0,0.0,475.0,0.0,537.0,0.0,450.0,0.0,178.0,0.0,595.0,0.0
2021-12-11 03:00:00+00:00,0.0,1123.0,219.0,271.0,572.0,762.0,681.0,0.0,330.0,227.0,0.0,0.0,0.0,0.0,0.0,0.0,36.0,0.0,0.0,0.0,600.0,0.0,0.0,0.0,0.0,319.0,0.0,239.0,1338.0,59.0,0.0,0.0,504.0,0.0,563.0,0.0,433.0,0.0,148.0,0.0,594.0,0.0
2021-12-11 04:00:00+00:00,0.0,1074.0,215.0,285.0,594.0,679.0,696.0,0.0,326.0,261.0,0.0,0.0,0.0,0.0,0.0,0.0,49.0,0.0,0.0,0.0,600.0,0.0,0.0,0.0,0.0,312.0,0.0,159.0,1336.0,49.0,0.0,0.0,456.0,0.0,525.0,0.0,473.0,2.0,27.0,0.0,587.0,0.0
2021-12-11 05:00:00+00:00,0.0,953.0,198.0,241.0,538.0,658.0,700.0,0.0,443.0,297.0,0.0,0.0,0.0,0.0,0.0,0.0,75.0,0.0,0.0,0.0,589.0,0.0,0.0,0.0,0.0,184.0,0.0,89.0,1352.0,52.0,0.0,0.0,409.0,0.0,473.0,52.0,314.0,2.0,0.0,0.0,536.0,0.0
2021-12-11 06:00:00+00:00,0.0,754.0,68.0,193.0,456.0,604.0,656.0,0.0,510.0,305.0,0.0,0.0,0.0,0.0,0.0,0.0,92.0,0.0,0.0,0.0,466.0,0.0,0.0,0.0,0.0,14.0,0.0,34.0,1328.0,50.0,0.0,0.0,378.0,0.0,415.0,120.0,284.0,13.0,0.0,0.0,482.0,0.0
2021-12-11 07:00:00+00:00,0.0,685.0,44.0,168.0,416.0,604.0,648.0,0.0,615.0,316.0,0.0,0.0,0.0,0.0,0.0,0.0,53.0,0.0,0.0,0.0,188.0,0.0,0.0,0.0,0.0,0.0,0.0,0.0,1375.0,40.0,0.0,61.0,366.0,0.0,379.0,128.0,227.0,20.0,0.0,5.0,421.0,0.0
2021-12-11 08:00:00+00:00,0.0,653.0,30.0,210.0,440.0,656.0,586.0,0.0,637.0,313.0,0.0,0.0,0.0,0.0,0.0,0.0,51.0,0.0,0.0,0.0,55.0,0.0,0.0,0.0,0.0,0.0,0.0,20.0,1324.0,37.0,0.0,149.0,332.0,0.0,342.0,40.0,245.0,22.0,0.0,0.0,400.0,0.0
2021-12-11 09:00:00+00:00,0.0,674.0,41.0,204.0,429.0,604.0,596.0,0.0,628.0,301.0,0.0,0.0,0.0,0.0,0.0,0.0,40.0,0.0,0.0,0.0,1.0,0.0,0.0,0.0,0.0,0.0,0.0,11.0,1310.0,19.0,0.0,163.0,319.0,0.0,327.0,23.0,246.0,12.0,0.0,0.0,404.0,0.0
2021-12-11 10:00:00+00:00,0.0,683.0,62.0,197.0,416.0,632.0,552.0,0.0,613.0,274.0,0.0,0.0,0.0,0.0,0.0,60.0,9.0,0.0,0.0,0.0,0.0,0.0,0.0,0.0,0.0,0.0,0.0,18.0,1312.0,27.0,0.0,143.0,336.0,0.0,326.0,11.0,243.0,10.0,0.0,0.0,408.0,0.0
2021-12-11 11:00:00+00:00,0.0,780.0,77.0,219.0,468.0,683.0,538.0,0.0,567.0,268.0,0.0,0.0,0.0,0.0,0.0,70.0,21.0,0.0,0.0,0.0,0.0,0.0,0.0,0.0,0.0,0.0,0.0,95.0,1304.0,34.0,0.0,44.0,388.0,0.0,380.0,0.0,277.0,7.0,33.0,0.0,436.0,0.0
2021-12-11 12:00:00+00:00,0.0,784.0,72.0,244.0,523.0,763.0,476.0,0.0,605.0,317.0,0.0,0.0,0.0,0.0,0.0,0.0,4.0,0.0,0.0,0.0,246.0,0.0,0.0,0.0,0.0,49.0,0.0,181.0,1346.0,39.0,0.0,0.0,413.0,0.0,421.0,0.0,266.0,10.0,85.0,0.0,429.0,0.0
2021-12-11 13:00:00+00:00,0.0,752.0,134.0,287.0,569.0,739.0,470.0,0.0,580.0,349.0,0.0,0.0,0.0,0.0,0.0,0.0,25.0,0.0,0.0,0.0,401.0,0.0,0.0,0.0,0.0,133.0,0.0,207.0,1362.0,31.0,0.0,0.0,401.0,0.0,430.0,0.0,329.0,5.0,62.0,0.0,436.0,0.0
2021-12-11 14:00:00+00:00,0.0,667.0,258.0,343.0,559.0,760.0,496.0,0.0,371.0,197.0,0.0,0.0,0.0,0.0,0.0,0.0,52.0,0.0,0.0,0.0,273.0,0.0,0.0,0.0,0.0,105.0,0.0,153.0,1360.0,46.0,0.0,0.0,362.0,0.0,375.0,5.0,381.0,0.0,13.0,0.0,378.0,0.0
2021-12-11 15:00:00+00:00,0.0,683.0,238.0,362.0,593.0,755.0,460.0,0.0,348.0,211.0,0.0,0.0,0.0,0.0,0.0,0.0,100.0,0.0,0.0,0.0,288.0,0.0,0.0,0.0,0.0,12.0,0.0,137.0,1372.0,29.0,0.0,0.0,339.0,0.0,372.0,15.0,427.0,0.0,0.0,0.0,386.0,0.0
2021-12-11 16:00:00+00:00,0.0,841.0,263.0,386.0,667.0,663.0,566.0,0.0,382.0,218.0,0.0,0.0,0.0,0.0,0.0,0.0,120.0,0.0,0.0,0.0,323.0,0.0,0.0,0.0,0.0,53.0,0.0,168.0,1400.0,17.0,0.0,0.0,350.0,0.0,419.0,4.0,445.0,0.0,15.0,0.0,412.0,0.0
2021-12-11 17:00:00+00:00,0.0,898.0,263.0,409.0,693.0,673.0,540.0,0.0,400.0,230.0,0.0,0.0,0.0,0.0,0.0,0.0,129.0,0.0,0.0,0.0,479.0,0.0,0.0,0.0,0.0,200.0,0.0,176.0,1405.0,38.0,0.0,0.0,375.0,0.0,450.0,0.0,468.0,0.0,9.0,0.0,442.0,0.0
2021-12-11 18:00:00+00:00,0.0,861.0,338.0,446.0,708.0,755.0,537.0,0.0,300.0,187.0,0.0,0.0,0.0,0.0,0.0,0.0,117.0,0.0,0.0,0.0,515.0,0.0,0.0,0.0,0.0,259.0,0.0,203.0,1367.0,68.0,0.0,0.0,344.0,0.0,443.0,0.0,512.0,0.0,50.0,0.0,460.0,0.0
2021-12-11 19:00:00+00:00,0.0,890.0,309.0,442.0,702.0,788.0,587.0,0.0,284.0,230.0,0.0,0.0,0.0,0.0,0.0,0.0,131.0,0.0,0.0,0.0,541.0,0.0,0.0,0.0,0.0,354.0,0.0,210.0,1312.0,66.0,0.0,0.0,353.0,0.0,458.0,0.0,514.0,1.0,80.0,0.0,476.0,0.0
2021-12-11 20:00:00+00:00,0.0,797.0,308.0,438.0,657.0,788.0,569.0,0.0,242.0,251.0,0.0,0.0,0.0,0.0,0.0,0.0,108.0,0.0,0.0,0.0,598.0,0.0,0.0,0.0,0.0,514.0,0.0,87.0,1356.0,67.0,0.0,0.0,232.0,0.0,412.0,36.0,513.0,0.0,1.0,0.0,517.0,0.0
2021-12-11 21:00:00+00:00,0.0,674.0,290.0,447.0,636.0,762.0,639.0,0.0,235.0,203.0,0.0,0.0,0.0,0.0,0.0,0.0,82.0,0.0,0.0,0.0,599.0,0.0,0.0,0.0,0.0,594.0,0.0,61.0,1367.0,44.0,0.0,0.0,184.0,0.0,357.0,41.0,477.0,0.0,0.0,0.0,553.0,0.0
2021-12-11 22:00:00+00:00,0.0,602.0,378.0,442.0,619.0,675.0,612.0,0.0,193.0,142.0,0.0,0.0,0.0,0.0,0.0,0.0,84.0,0.0,0.0,0.0,600.0,0.0,0.0,0.0,0.0,609.0,0.0,34.0,1313.0,19.0,0.0,0.0,120.0,0.0,317.0,40.0,443.0,0.0,0.0,0.0,569.0,0.0
2021-12-11 23:00:00+00:00,2.0,564.0,394.0,474.0,653.0,754.0,529.0,0.0,41.0,27.0,0.0,0.0,0.0,0.0,0.0,0.0,68.0,0.0,0.0,0.0,599.0,6.0,0.0,0.0,0.0,621.0,0.0,1.0,1318.0,99.0,0.0,0.0,48.0,0.0,265.0,93.0,559.0,0.0,0.0,19.0,592.0,0.0
2021-12-12 00:00:00+00:00,0.0,617.0,378.0,434.0,588.0,670.0,474.0,0.0,15.0,54.0,0.0,0.0,0.0,0.0,0.0,0.0,50.0,0.0,0.0,0.0,599.0,16.0,0.0,0.0,0.0,577.0,0.0,50.0,1343.0,93.0,0.0,0.0,131.0,0.0,308.0,13.0,554.0,0.0,2.0,0.0,587.0,0.0
2021-12-12 01:00:00+00:00,1.0,826.0,430.0,427.0,593.0,684.0,459.0,0.0,1.0,49.0,0.0,0.0,0.0,0.0,0.0,0.0,40.0,0.0,0.0,0.0,600.0,47.0,0.0,0.0,0.0,531.0,0.0,159.0,1343.0,99.0,0.0,0.0,244.0,0.0,388.0,0.0,529.0,0.0,106.0,0.0,577.0,0.0
2021-12-12 02:00:00+00:00,0.0,885.0,474.0,406.0,564.0,643.0,473.0,0.0,0.0,43.0,0.0,0.0,0.0,0.0,0.0,0.0,35.0,0.0,0.0,0.0,599.0,87.0,0.0,0.0,0.0,531.0,0.0,209.0,1346.0,91.0,0.0,0.0,297.0,0.0,435.0,0.0,471.0,0.0,160.0,0.0,575.0,0.0
2021-12-12 03:00:00+00:00,11.0,790.0,486.0,381.0,500.0,681.0,423.0,0.0,0.0,8.0,0.0,0.0,0.0,0.0,0.0,0.0,37.0,0.0,0.0,0.0,599.0,128.0,0.0,0.0,0.0,490.0,0.0,165.0,1356.0,93.0,0.0,0.0,285.0,0.0,405.0,0.0,439.0,0.0,129.0,0.0,573.0,0.0
2021-12-12 04:00:00+00:00,4.0,780.0,410.0,387.0,532.0,584.0,318.0,0.0,2.0,23.0,0.0,0.0,0.0,0.0,0.0,0.0,46.0,0.0,0.0,0.0,599.0,98.0,0.0,0.0,0.0,355.0,0.0,207.0,1329.0,70.0,0.0,0.0,228.0,0.0,366.0,0.0,523.0,0.0,150.0,0.0,545.0,0.0
2021-12-12 05:00:00+00:00,0.0,744.0,364.0,402.0,569.0,648.0,400.0,0.0,1.0,46.0,0.0,0.0,0.0,0.0,0.0,0.0,63.0,0.0,0.0,0.0,599.0,62.0,0.0,0.0,0.0,427.0,0.0,119.0,1347.0,115.0,0.0,0.0,166.0,0.0,291.0,0.0,537.0,0.0,47.0,0.0,517.0,0.0
2021-12-12 06:00:00+00:00,0.0,530.0,380.0,418.0,570.0,603.0,365.0,0.0,4.0,65.0,0.0,0.0,0.0,0.0,0.0,0.0,46.0,0.0,0.0,0.0,600.0,49.0,0.0,0.0,0.0,307.0,0.0,58.0,1139.0,126.0,0.0,0.0,77.0,0.0,229.0,69.0,530.0,0.0,0.0,0.0,497.0,0.0
2021-12-12 07:00:00+00:00,0.0,668.0,437.0,450.0,664.0,573.0,332.0,0.0,80.0,151.0,0.0,0.0,0.0,0.0,0.0,0.0,7.0,0.0,0.0,0.0,599.0,6.0,0.0,0.0,0.0,214.0,0.0,75.0,1297.0,108.0,0.0,0.0,69.0,0.0,253.0,76.0,593.0,0.0,0.0,0.0,498.0,0.0
2021-12-12 08:00:00+00:00,0.0,642.0,414.0,458.0,653.0,612.0,420.0,0.0,138.0,176.0,0.0,0.0,0.0,11.0,0.0,0.0,4.0,0.0,0.0,0.0,599.0,0.0,0.0,0.0,0.0,292.0,0.0,35.0,1347.0,102.0,0.0,0.0,17.0,0.0,218.0,78.0,596.0,0.0,0.0,0.0,466.0,0.0
2021-12-12 09:00:00+00:00,0.0,605.0,438.0,465.0,619.0,657.0,436.0,0.0,124.0,166.0,0.0,0.0,0.0,45.0,0.0,0.0,0.0,0.0,0.0,0.0,600.0,0.0,0.0,0.0,0.0,269.0,0.0,18.0,1346.0,117.0,0.0,0.0,0.0,0.0,197.0,122.0,624.0,0.0,0.0,0.0,509.0,0.0
2021-12-12 10:00:00+00:00,0.0,556.0,406.0,457.0,589.0,694.0,487.0,0.0,125.0,163.0,0.0,0.0,0.0,85.0,0.0,0.0,2.0,0.0,0.0,0.0,600.0,0.0,0.0,0.0,0.0,296.0,0.0,18.0,1351.0,117.0,0.0,0.0,0.0,0.0,170.0,129.0,616.0,0.0,0.0,0.0,517.0,0.0
2021-12-12 11:00:00+00:00,0.0,451.0,440.0,459.0,597.0,695.0,511.0,0.0,141.0,145.0,0.0,0.0,0.0,115.0,0.0,0.0,3.0,0.0,0.0,0.0,600.0,0.0,0.0,0.0,0.0,316.0,0.0,20.0,1319.0,107.0,0.0,0.0,0.0,0.0,117.0,103.0,617.0,0.0,0.0,0.0,492.0,0.0
2021-12-12 12:00:00+00:00,0.0,499.0,418.0,453.0,600.0,653.0,541.0,0.0,174.0,152.0,0.0,0.0,0.0,92.0,0.0,0.0,11.0,0.0,0.0,0.0,599.0,0.0,0.0,0.0,0.0,229.0,0.0,28.0,1346.0,96.0,0.0,0.0,0.0,0.0,115.0,71.0,612.0,0.0,0.0,0.0,460.0,0.0
2021-12-12 13:00:00+00:00,0.0,437.0,367.0,434.0,566.0,640.0,510.0,0.0,158.0,123.0,0.0,0.0,0.0,75.0,0.0,0.0,12.0,0.0,0.0,0.0,597.0,0.0,0.0,0.0,0.0,194.0,0.0,3.0,1345.0,100.0,0.0,0.0,0.0,0.0,93.0,125.0,543.0,0.0,0.0,35.0,437.0,0.0
2021-12-12 14:00:00+00:00,1.0,259.0,336.0,407.0,462.0,659.0,502.0,0.0,61.0,29.0,0.0,0.0,10.0,120.0,0.0,0.0,21.0,0.0,0.0,0.0,527.0,0.0,0.0,0.0,0.0,28.0,0.0,0.0,1343.0,81.0,0.0,0.0,0.0,0.0,0.0,278.0,507.0,0.0,0.0,196.0,379.0,0.0
2021-12-12 15:00:00+00:00,0.0,239.0,213.0,349.0,456.0,668.0,556.0,0.0,239.0,103.0,0.0,0.0,56.0,115.0,0.0,0.0,42.0,0.0,0.0,0.0,378.0,0.0,0.0,0.0,0.0,0.0,0.0,0.0,1309.0,73.0,0.0,76.0,0.0,0.0,0.0,314.0,438.0,0.0,0.0,251.0,362.0,0.0
2021-12-12 16:00:00+00:00,30.0,181.0,246.0,364.0,420.0,646.0,432.0,0.0,92.0,2.0,0.0,0.0,96.0,163.0,0.0,0.0,88.0,0.0,0.0,0.0,185.0,0.0,0.0,0.0,0.0,0.0,0.0,0.0,1311.0,48.0,0.0,104.0,0.0,0.0,0.0,368.0,445.0,0.0,0.0,318.0,351.0,0.0
2021-12-12 17:00:00+00:00,2.0,277.0,246.0,352.0,453.0,615.0,384.0,0.0,168.0,30.0,0.0,0.0,65.0,130.0,0.0,0.0,103.0,0.0,0.0,0.0,218.0,0.0,0.0,0.0,0.0,0.0,0.0,0.0,1320.0,45.0,0.0,70.0,0.0,0.0,0.0,304.0,437.0,0.0,0.0,260.0,370.0,0.0
2021-12-12 18:00:00+00:00,0.0,154.0,257.0,374.0,448.0,689.0,501.0,0.0,101.0,25.0,0.0,0.0,100.0,181.0,0.0,0.0,102.0,0.0,0.0,0.0,400.0,0.0,0.0,0.0,0.0,10.0,0.0,0.0,1328.0,92.0,0.0,0.0,0.0,0.0,0.0,319.0,467.0,0.0,0.0,302.0,376.0,0.0
2021-12-12 19:00:00+00:00,0.0,243.0,291.0,387.0,500.0,720.0,570.0,0.0,160.0,107.0,0.0,0.0,49.0,178.0,0.0,0.0,88.0,0.0,0.0,0.0,594.0,0.0,0.0,0.0,0.0,80.0,0.0,0.0,1328.0,113.0,0.0,0.0,0.0,0.0,0.0,254.0,486.0,0.0,0.0,237.0,408.0,0.0
2021-12-12 20:00:00+00:00,0.0,275.0,333.0,419.0,499.0,737.0,608.0,0.0,72.0,75.0,0.0,0.0,48.0,234.0,0.0,0.0,88.0,0.0,0.0,0.0,600.0,0.0,0.0,0.0,0.0,121.0,0.0,0.0,1337.0,113.0,0.0,0.0,0.0,0.0,0.0,314.0,551.0,0.0,0.0,227.0,515.0,0.0
2021-12-12 21:00:00+00:00,0.0,270.0,364.0,449.0,574.0,770.0,607.0,0.0,105.0,104.0,0.0,0.0,9.0,235.0,0.0,0.0,63.0,0.0,0.0,0.0,600.0,0.0,0.0,0.0,0.0,191.0,0.0,0.0,1330.0,98.0,0.0,0.0,0.0,0.0,0.0,289.0,572.0,0.0,0.0,187.0,568.0,0.0
2021-12-12 22:00:00+00:00,0.0,207.0,398.0,452.0,580.0,801.0,640.0,0.0,66.0,64.0,0.0,0.0,13.0,280.0,0.0,0.0,43.0,0.0,0.0,0.0,600.0,0.0,0.0,0.0,0.0,111.0,0.0,0.0,1318.0,81.0,0.0,0.0,0.0,0.0,0.0,310.0,560.0,0.0,0.0,200.0,608.0,0.0
2021-12-12 23:00:00+00:00,5.0,283.0,393.0,427.0,621.0,663.0,450.0,0.0,21.0,18.0,0.0,0.0,0.0,244.0,0.0,0.0,54.0,0.0,0.0,0.0,600.0,11.0,0.0,0.0,0.0,624.0,0.0,0.0,1367.0,51.0,0.0,0.0,0.0,0.0,25.0,216.0,542.0,0.0,0.0,151.0,592.0,77.0
2021-12-13 00:00:00+00:00,24.0,260.0,379.0,396.0,579.0,661.0,504.0,0.0,0.0,3.0,0.0,0.0,0.0,222.0,0.0,0.0,42.0,0.0,0.0,0.0,600.0,72.0,0.0,0.0,0.0,708.0,0.0,0.0,1339.0,68.0,0.0,0.0,0.0,0.0,1.0,236.0,510.0,0.0,0.0,165.0,615.0,118.0
2021-12-13 01:00:00+00:00,6.0,464.0,293.0,352.0,554.0,783.0,480.0,0.0,11.0,23.0,0.0,0.0,0.0,158.0,0.0,0.0,33.0,0.0,0.0,0.0,600.0,28.0,0.0,0.0,0.0,783.0,0.0,0.0,1348.0,92.0,0.0,0.0,0.0,0.0,63.0,200.0,439.0,0.0,0.0,137.0,590.0,143.0
2021-12-13 02:00:00+00:00,0.0,493.0,241.0,326.0,535.0,839.0,486.0,0.0,35.0,47.0,0.0,0.0,0.0,128.0,0.0,0.0,29.0,0.0,0.0,0.0,600.0,2.0,0.0,0.0,0.0,797.0,0.0,0.0,1331.0,102.0,0.0,0.0,0.0,0.0,79.0,178.0,385.0,0.0,0.0,132.0,590.0,139.0
2021-12-13 03:00:00+00:00,7.0,530.0,265.0,333.0,518.0,776.0,473.0,0.0,7.0,16.0,0.0,0.0,0.0,75.0,0.0,0.0,33.0,0.0,0.0,0.0,601.0,36.0,0.0,0.0,0.0,741.0,0.0,0.0,1357.0,103.0,0.0,0.0,0.0,0.0,111.0,215.0,422.0,0.0,0.0,143.0,579.0,140.0
2021-12-13 04:00:00+00:00,16.0,333.0,211.0,289.0,439.0,651.0,609.0,0.0,14.0,7.0,0.0,0.0,0.0,101.0,0.0,0.0,27.0,0.0,0.0,0.0,597.0,16.0,0.0,0.0,0.0,620.0,0.0,0.0,1346.0,97.0,0.0,0.0,0.0,0.0,39.0,355.0,401.0,0.0,0.0,283.0,511.0,137.0
2021-12-13 05:00:00+00:00,0.0,396.0,41.0,179.0,408.0,717.0,552.0,0.0,409.0,210.0,0.0,0.0,0.0,35.0,0.0,0.0,2.0,0.0,0.0,0.0,453.0,0.0,0.0,0.0,0.0,303.0,0.0,0.0,1347.0,115.0,0.0,0.0,1.0,0.0,56.0,366.0,231.0,35.0,0.0,284.0,460.0,144.0
2021-12-13 06:00:00+00:00,0.0,691.0,10.0,92.0,326.0,528.0,574.0,0.0,540.0,168.0,0.0,0.0,0.0,26.0,0.0,138.0,9.0,0.0,0.0,0.0,0.0,0.0,0.0,0.0,0.0,0.0,0.0,0.0,1346.0,73.0,0.0,63.0,11.0,0.0,38.0,300.0,141.0,106.0,0.0,201.0,410.0,144.0
2021-12-13 07:00:00+00:00,0.0,591.0,2.0,92.0,305.0,572.0,524.0,0.0,566.0,125.0,0.0,0.0,48.0,69.0,0.0,268.0,1.0,0.0,0.0,0.0,0.0,0.0,0.0,0.0,0.0,0.0,0.0,0.0,1360.0,47.0,0.0,167.0,0.0,0.0,0.0,272.0,116.0,90.0,0.0,265.0,298.0,145.0
2021-12-13 08:00:00+00:00,0.0,565.0,2.0,83.0,339.0,568.0,515.0,0.0,693.0,173.0,0.0,0.0,54.0,72.0,0.0,263.0,2.0,0.0,0.0,0.0,0.0,0.0,0.0,0.0,0.0,0.0,0.0,0.0,1362.0,40.0,0.0,179.0,0.0,0.0,0.0,189.0,116.0,110.0,0.0,231.0,251.0,145.0
2021-12-13 09:00:00+00:00,0.0,697.0,28.0,50.0,307.0,512.0,488.0,8.0,690.0,93.0,0.0,0.0,49.0,67.0,0.0,373.0,0.0,0.0,0.0,0.0,0.0,0.0,0.0,2.0,0.0,0.0,0.0,0.0,1357.0,41.0,0.0,180.0,0.0,0.0,0.0,210.0,59.0,55.0,0.0,236.0,275.0,144.0
2021-12-13 10:00:00+00:00,0.0,776.0,2.0,62.0,351.0,542.0,433.0,0.0,751.0,103.0,0.0,0.0,3.0,29.0,0.0,425.0,0.0,0.0,0.0,0.0,0.0,0.0,0.0,3.0,0.0,0.0,0.0,0.0,1362.0,39.0,0.0,128.0,2.0,0.0,0.0,135.0,101.0,106.0,0.0,159.0,286.0,140.0
2021-12-13 11:00:00+00:00,0.0,718.0,3.0,72.0,356.0,550.0,392.0,0.0,699.0,109.0,0.0,0.0,0.0,15.0,0.0,412.0,0.0,0.0,0.0,0.0,0.0,0.0,0.0,0.0,0.0,0.0,0.0,0.0,1363.0,34.0,0.0,144.0,3.0,0.0,0.0,104.0,95.0,79.0,0.0,127.0,287.0,142.0
2021-12-13 12:00:00+00:00,0.0,675.0,2.0,89.0,365.0,602.0,438.0,0.0,696.0,135.0,0.0,0.0,0.0,0.0,0.0,428.0,1.0,0.0,0.0,0.0,0.0,0.0,0.0,0.0,0.0,0.0,0.0,0.0,1364.0,45.0,0.0,102.0,28.0,0.0,22.0,74.0,109.0,85.0,0.0,83.0,292.0,143.0
2021-12-13 13:00:00+00:00,0.0,670.0,4.0,135.0,400.0,635.0,388.0,0.0,659.0,128.0,0.0,0.0,0.0,0.0,0.0,392.0,0.0,0.0,0.0,0.0,0.0,0.0,0.0,0.0,0.0,19.0,0.0,0.0,1363.0,20.0,0.0,0.0,33.0,0.0,31.0,108.0,147.0,76.0,0.0,80.0,346.0,144.0
2021-12-13 14:00:00+00:00,0.0,595.0,16.0,153.0,417.0,621.0,392.0,0.0,605.0,131.0,0.0,0.0,0.0,0.0,0.0,329.0,24.0,0.0,0.0,0.0,0.0,0.0,0.0,0.0,0.0,82.0,0.0,0.0,1364.0,32.0,0.0,0.0,57.0,0.0,5.0,133.0,167.0,40.0,0.0,113.0,355.0,144.0
2021-12-13 15:00:00+00:00,0.0,483.0,25.0,178.0,482.0,622.0,376.0,0.0,625.0,184.0,0.0,0.0,20.0,10.0,0.0,116.0,41.0,0.0,0.0,0.0,0.0,0.0,0.0,0.0,0.0,0.0,0.0,0.0,1363.0,28.0,0.0,2.0,19.0,0.0,0.0,143.0,196.0,40.0,0.0,136.0,385.0,146.0
2021-12-13 16:00:00+00:00,0.0,512.0,42.0,217.0,532.0,606.0,406.0,0.0,615.0,160.0,0.0,0.0,27.0,35.0,0.0,185.0,54.0,0.0,0.0,0.0,0.0,0.0,0.0,0.0,0.0,23.0,0.0,0.0,1363.0,59.0,0.0,0.0,0.0,0.0,0.0,228.0,224.0,21.0,0.0,202.0,425.0,145.0
2021-12-13 17:00:00+00:00,0.0,361.0,40.0,236.0,559.0,605.0,531.0,0.0,642.0,273.0,0.0,0.0,41.0,118.0,0.0,0.0,66.0,0.0,0.0,0.0,403.0,0.0,0.0,0.0,0.0,163.0,0.0,0.0,1362.0,115.0,0.0,0.0,0.0,0.0,0.0,278.0,227.0,16.0,0.0,240.0,478.0,143.0
2021-12-13 18:00:00+00:00,0.0,283.0,80.0,294.0,597.0,609.0,491.0,0.0,538.0,245.0,0.0,0.0,47.0,145.0,0.0,0.0,66.0,0.0,0.0,0.0,572.0,0.0,0.0,0.0,0.0,252.0,0.0,0.0,1390.0,130.0,0.0,0.0,0.0,0.0,0.0,238.0,294.0,6.0,0.0,229.0,497.0,130.0
2021-12-13 19:00:00+00:00,0.0,292.0,198.0,358.0,639.0,646.0,481.0,0.0,374.0,199.0,0.0,0.0,0.0,171.0,0.0,0.0,51.0,0.0,0.0,0.0,590.0,0.0,0.0,0.0,0.0,350.0,0.0,0.0,1369.0,106.0,0.0,0.0,0.0,0.0,5.0,240.0,370.0,2.0,0.0,203.0,565.0,26.0
2021-12-13 20:00:00+00:00,0.0,236.0,282.0,410.0,676.0,690.0,552.0,0.0,275.0,209.0,0.0,0.0,0.0,239.0,0.0,0.0,89.0,0.0,0.0,0.0,590.0,0.0,0.0,0.0,0.0,527.0,0.0,0.0,1376.0,119.0,0.0,0.0,0.0,0.0,0.0,279.0,457.0,0.0,0.0,209.0,650.0,127.0
2021-12-13 21:00:00+00:00,0.0,202.0,350.0,450.0,693.0,691.0,559.0,0.0,194.0,136.0,0.0,0.0,0.0,229.0,0.0,0.0,63.0,0.0,0.0,0.0,590.0,0.0,0.0,0.0,0.0,602.0,0.0,0.0,1370.0,130.0,0.0,0.0,0.0,0.0,4.0,217.0,514.0,0.0,0.0,138.0,705.0,133.0
2021-12-13 22:00:00+00:00,0.0,171.0,362.0,450.0,688.0,729.0,614.0,0.0,129.0,127.0,0.0,0.0,0.0,249.0,0.0,0.0,46.0,0.0,0.0,0.0,590.0,0.0,0.0,0.0,0.0,578.0,0.0,0.0,1343.0,121.0,0.0,0.0,0.0,0.0,3.0,227.0,532.0,0.0,0.0,158.0,707.0,106.0
2021-12-13 23:00:00+00:00,0.0,330.0,281.0,398.0,708.0,760.0,673.0,0.0,258.0,202.0,0.0,0.0,0.0,240.0,0.0,0.0,50.0,0.0,0.0,0.0,587.0,0.0,0.0,0.0,0.0,618.0,0.0,0.0,1348.0,96.0,0.0,0.0,0.0,0.0,32.0,224.0,460.0,0.0,0.0,102.0,737.0,117.0
2021-12-14 00:00:00+00:00,0.0,455.0,290.0,388.0,669.0,781.0,669.0,0.0,149.0,171.0,0.0,0.0,0.0,176.0,0.0,0.0,36.0,0.0,0.0,0.0,600.0,0.0,0.0,0.0,0.0,677.0,0.0,0.0,1380.0,115.0,0.0,0.0,0.0,0.0,75.0,183.0,451.0,0.0,0.0,78.0,747.0,137.0
2021-12-14 01:00:00+00:00,0.0,510.0,242.0,348.0,640.0,781.0,646.0,0.0,249.0,201.0,0.0,0.0,0.0,127.0,0.0,0.0,28.0,0.0,0.0,0.0,600.0,0.0,0.0,0.0,0.0,669.0,0.0,0.0,1372.0,128.0,0.0,0.0,0.0,0.0,92.0,150.0,409.0,0.0,0.0,79.0,718.0,142.0
2021-12-14 02:00:00+00:00,0.0,553.0,227.0,313.0,615.0,781.0,649.0,0.0,287.0,221.0,0.0,0.0,0.0,108.0,0.0,0.0,30.0,0.0,0.0,0.0,600.0,0.0,0.0,0.0,0.0,716.0,0.0,0.0,1365.0,134.0,0.0,0.0,0.0,0.0,100.0,163.0,365.0,0.0,0.0,107.0,698.0,144.0
2021-12-14 03:00:00+00:00,0.0,600.0,226.0,322.0,635.0,737.0,634.0,0.0,267.0,219.0,0.0,0.0,0.0,81.0,0.0,0.0,37.0,0.0,0.0,0.0,600.0,0.0,0.0,0.0,0.0,735.0,0.0,0.0,1366.0,138.0,0.0,0.0,0.0,0.0,124.0,161.0,381.0,0.0,0.0,98.0,705.0,134.0
2021-12-14 04:00:00+00:00,0.0,575.0,232.0,322.0,654.0,744.0,669.0,0.0,339.0,256.0,0.0,0.0,0.0,62.0,0.0,0.0,48.0,0.0,0.0,0.0,580.0,0.0,0.0,0.0,0.0,646.0,0.0,0.0,1363.0,147.0,0.0,0.0,1.0,0.0,146.0,238.0,417.0,0.0,0.0,140.0,667.0,134.0
2021-12-14 05:00:00+00:00,0.0,558.0,107.0,273.0,578.0,704.0,559.0,0.0,465.0,289.0,0.0,0.0,0.0,75.0,0.0,0.0,64.0,0.0,0.0,0.0,304.0,0.0,0.0,0.0,0.0,495.0,0.0,,1362.0,119.0,0.0,0.0,0.0,0.0,108.0,298.0,310.0,7.0,0.0,,596.0,143.0
2021-12-14 06:00:00+00:00,0.0,808.0,7.0,162.0,554.0,646.0,477.0,0.0,852.0,451.0,0.0,0.0,0.0,27.0,0.0,0.0,47.0,0.0,0.0,0.0,79.0,0.0,0.0,0.0,0.0,230.0,0.0,0.0,1364.0,101.0,0.0,0.0,3.0,0.0,127.0,285.0,165.0,118.0,0.0,123.0,605.0,145.0
2021-12-14 07:00:00+00:00,0.0,736.0,3.0,133.0,502.0,570.0,372.0,0.0,878.0,402.0,0.0,0.0,0.0,31.0,0.0,69.0,49.0,0.0,0.0,0.0,0.0,0.0,0.0,0.0,0.0,72.0,0.0,0.0,1365.0,55.0,0.0,0.0,0.0,0.0,82.0,261.0,112.0,98.0,0.0,165.0,530.0,144.0
2021-12-14 08:00:00+00:00,0.0,686.0,3.0,130.0,514.0,593.0,305.0,0.0,902.0,389.0,0.0,0.0,0.0,61.0,0.0,135.0,26.0,0.0,0.0,0.0,0.0,0.0,0.0,0.0,0.0,226.0,0.0,0.0,1365.0,38.0,0.0,0.0,0.0,0.0,49.0,259.0,102.0,90.0,0.0,188.0,514.0,143.0
2021-12-14 09:00:00+00:00,0.0,750.0,2.0,150.0,560.0,528.0,275.0,0.0,915.0,379.0,0.0,0.0,0.0,46.0,0.0,212.0,25.0,0.0,0.0,0.0,0.0,0.0,0.0,0.0,0.0,267.0,0.0,0.0,1367.0,41.0,0.0,0.0,0.0,0.0,71.0,188.0,120.0,90.0,0.0,143.0,517.0,141.0
2021-12-14 10:00:00+00:00,0.0,760.0,5.0,150.0,568.0,489.0,299.0,0.0,956.0,341.0,0.0,0.0,0.0,42.0,0.0,213.0,16.0,0.0,0.0,0.0,0.0,0.0,0.0,0.0,0.0,280.0,0.0,0.0,1374.0,38.0,0.0,0.0,0.0,0.0,78.0,143.0,119.0,73.0,0.0,117.0,501.0,145.0
2021-12-14 11:00:00+00:00,0.0,653.0,4.0,146.0,552.0,531.0,377.0,0.0,958.0,306.0,0.0,0.0,0.0,12.0,0.0,327.0,19.0,0.0,0.0,0.0,0.0,0.0,0.0,0.0,0.0,271.0,0.0,0.0,1365.0,34.0,0.0,0.0,3.0,0.0,83.0,77.0,113.0,78.0,0.0,72.0,479.0,141.0
2021-12-14 12:00:00+00:00,0.0,657.0,3.0,153.0,565.0,543.0,366.0,0.0,963.0,317.0,0.0,0.0,0.0,2.0,0.0,292.0,32.0,0.0,0.0,0.0,0.0,0.0,0.0,0.0,0.0,349.0,0.0,0.0,1363.0,31.0,0.0,0.0,16.0,0.0,95.0,49.0,126.0,74.0,0.0,31.0,480.0,140.0
2021-12-14 13:00:00+00:00,0.0,732.0,5.0,157.0,587.0,499.0,471.0,0.0,979.0,330.0,0.0,0.0,0.0,0.0,0.0,253.0,63.0,0.0,0.0,0.0,0.0,0.0,0.0,0.0,0.0,371.0,0.0,0.0,1362.0,23.0,0.0,0.0,36.0,0.0,118.0,139.0,130.0,88.0,0.0,33.0,553.0,144.0
2021-12-14 14:00:00+00:00,0.0,647.0,2.0,164.0,593.0,471.0,447.0,0.0,950.0,349.0,0.0,0.0,0.0,0.0,0.0,70.0,95.0,0.0,0.0,0.0,0.0,0.0,0.0,0.0,0.0,309.0,0.0,0.0,1360.0,12.0,0.0,0.0,45.0,0.0,84.0,204.0,130.0,84.0,0.0,47.0,555.0,138.0
2021-12-14 15:00:00+00:00,0.0,652.0,8.0,191.0,632.0,484.0,422.0,0.0,914.0,374.0,0.0,0.0,0.0,2.0,0.0,96.0,100.0,0.0,0.0,0.0,0.0,0.0,0.0,0.0,0.0,247.0,0.0,0.0,1359.0,19.0,0.0,0.0,25.0,0.0,81.0,232.0,167.0,81.0,0.0,38.0,591.0,139.0
2021-12-14 16:00:00+00:00,0.0,686.0,41.0,217.0,646.0,491.0,424.0,0.0,845.0,374.0,0.0,0.0,0.0,38.0,0.0,65.0,120.0,0.0,0.0,0.0,0.0,0.0,0.0,0.0,0.0,258.0,0.0,0.0,1361.0,28.0,0.0,0.0,1.0,0.0,74.0,243.0,159.0,22.0,0.0,36.0,600.0,140.0
2021-12-14 17:00:00+00:00,0.0,735.0,37.0,247.0,687.0,545.0,433.0,0.0,830.0,377.0,0.0,0.0,0.0,43.0,0.0,0.0,96.0,0.0,0.0,0.0,1.0,0.0,0.0,0.0,0.0,313.0,0.0,0.0,1362.0,67.0,0.0,0.0,0.0,0.0,89.0,229.0,210.0,18.0,0.0,34.0,607.0,141.0
2021-12-14 18:00:00+00:00,0.0,716.0,50.0,258.0,692.0,625.0,565.0,0.0,792.0,377.0,0.0,0.0,0.0,24.0,0.0,0.0,94.0,0.0,0.0,0.0,95.0,0.0,0.0,0.0,0.0,407.0,0.0,0.0,1352.0,119.0,0.0,0.0,1.0,0.0,97.0,191.0,230.0,14.0,0.0,39.0,599.0,141.0
2021-12-14 19:00:00+00:00,0.0,553.0,107.0,299.0,733.0,657.0,591.0,0.0,760.0,413.0,0.0,0.0,0.0,113.0,0.0,0.0,69.0,0.0,0.0,0.0,266.0,0.0,0.0,0.0,0.0,458.0,0.0,0.0,1324.0,110.0,0.0,0.0,0.0,0.0,66.0,168.0,275.0,11.0,0.0,68.0,604.0,138.0
2021-12-14 20:00:00+00:00,0.0,402.0,194.0,362.0,754.0,727.0,606.0,0.0,627.0,409.0,0.0,0.0,0.0,220.0,0.0,0.0,103.0,0.0,0.0,0.0,590.0,0.0,0.0,0.0,0.0,601.0,0.0,0.0,1385.0,100.0,0.0,0.0,0.0,0.0,39.0,249.0,351.0,0.0,0.0,159.0,641.0,142.0
2021-12-14 21:00:00+00:00,0.0,259.0,190.0,374.0,742.0,740.0,607.0,0.0,590.0,431.0,0.0,0.0,0.0,262.0,0.0,0.0,86.0,0.0,0.0,0.0,600.0,0.0,0.0,0.0,0.0,662.0,0.0,0.0,1350.0,99.0,0.0,0.0,0.0,0.0,7.0,294.0,365.0,2.0,0.0,219.0,680.0,138.0
2021-12-14 22:00:00+00:00,0.0,316.0,109.0,345.0,716.0,761.0,641.0,0.0,616.0,425.0,0.0,0.0,0.0,253.0,0.0,0.0,48.0,0.0,0.0,0.0,601.0,0.0,0.0,0.0,0.0,708.0,0.0,0.0,1336.0,106.0,0.0,0.0,0.0,0.0,12.0,256.0,272.0,2.0,0.0,187.0,709.0,139.0
2021-12-14 23:00:00+00:00,0.0,292.0,248.0,443.0,816.0,724.0,659.0,0.0,467.0,413.0,0.0,0.0,0.0,203.0,0.0,0.0,20.0,0.0,0.0,0.0,601.0,0.0,0.0,0.0,0.0,602.0,0.0,0.0,1394.0,95.0,0.0,0.0,0.0,0.0,92.0,220.0,451.0,1.0,0.0,57.0,652.0,144.0
2021-12-15 00:00:00+00:00,0.0,259.0,265.0,428.0,794.0,658.0,699.0,0.0,408.0,367.0,0.0,0.0,0.0,147.0,0.0,0.0,14.0,0.0,0.0,0.0,601.0,0.0,0.0,0.0,0.0,715.0,0.0,0.0,1386.0,94.0,0.0,0.0,0.0,0.0,114.0,194.0,466.0,0.0,0.0,52.0,638.0,143.0
2021-12-15 01:00:00+00:00,0.0,274.0,234.0,396.0,766.0,740.0,678.0,0.0,415.0,352.0,0.0,0.0,0.0,159.0,0.0,0.0,9.0,0.0,0.0,0.0,601.0,0.0,0.0,0.0,0.0,831.0,0.0,0.0,1378.0,114.0,0.0,0.0,0.0,0.0,95.0,220.0,419.0,0.0,0.0,86.0,629.0,144.0
2021-12-15 02:00:00+00:00,0.0,330.0,208.0,372.0,734.0,725.0,654.0,0.0,460.0,354.0,0.0,0.0,0.0,105.0,0.0,0.0,0.0,0.0,0.0,0.0,601.0,0.0,0.0,0.0,0.0,839.0,0.0,0.0,1297.0,122.0,0.0,0.0,0.0,0.0,123.0,219.0,392.0,0.0,0.0,80.0,636.0,143.0
2021-12-15 03:00:00+00:00,0.0,282.0,250.0,377.0,739.0,691.0,565.0,0.0,444.0,342.0,0.0,0.0,0.0,81.0,0.0,0.0,10.0,0.0,0.0,0.0,599.0,0.0,0.0,0.0,0.0,849.0,0.0,0.0,1126.0,132.0,0.0,0.0,0.0,0.0,125.0,237.0,427.0,0.0,0.0,81.0,613.0,143.0
2021-12-15 04:00:00+00:00,0.0,476.0,269.0,361.0,734.0,537.0,594.0,0.0,492.0,376.0,0.0,0.0,0.0,31.0,0.0,0.0,23.0,0.0,0.0,0.0,525.0,0.0,0.0,0.0,0.0,721.0,0.0,0.0,1340.0,95.0,0.0,0.0,1.0,0.0,176.0,274.0,449.0,0.0,0.0,94.0,552.0,145.0
2021-12-15 05:00:00+00:00,0.0,516.0,142.0,258.0,679.0,597.0,640.0,0.0,779.0,510.0,0.0,0.0,0.0,9.0,0.0,0.0,69.0,0.0,0.0,0.0,451.0,0.0,0.0,0.0,0.0,496.0,0.0,0.0,1364.0,96.0,0.0,0.0,30.0,0.0,185.0,349.0,330.0,2.0,0.0,117.0,535.0,142.0
2021-12-15 06:00:00+00:00,0.0,552.0,78.0,192.0,614.0,550.0,608.0,0.0,910.0,514.0,0.0,0.0,0.0,15.0,0.0,0.0,91.0,0.0,0.0,0.0,254.0,0.0,0.0,0.0,0.0,256.0,0.0,0.0,1364.0,84.0,0.0,0.0,15.0,0.0,141.0,327.0,264.0,10.0,0.0,57.0,500.0,140.0
2021-12-15 07:00:00+00:00,0.0,524.0,38.0,190.0,587.0,522.0,607.0,0.0,924.0,491.0,0.0,0.0,0.0,60.0,0.0,0.0,81.0,0.0,0.0,0.0,348.0,0.0,0.0,0.0,0.0,168.0,0.0,0.0,1365.0,58.0,0.0,0.0,0.0,0.0,83.0,362.0,234.0,14.0,0.0,152.0,441.0,142.0
2021-12-15 08:00:00+00:00,0.0,716.0,24.0,189.0,604.0,532.0,631.0,0.0,960.0,442.0,0.0,0.0,0.0,17.0,0.0,0.0,88.0,0.0,0.0,0.0,1.0,0.0,0.0,0.0,0.0,133.0,0.0,0.0,1365.0,43.0,0.0,0.0,3.0,0.0,135.0,306.0,218.0,25.0,0.0,106.0,434.0,142.0
2021-12-15 09:00:00+00:00,0.0,876.0,38.0,210.0,649.0,538.0,628.0,0.0,978.0,428.0,0.0,0.0,0.0,1.0,0.0,0.0,65.0,0.0,0.0,0.0,1.0,0.0,0.0,0.0,0.0,206.0,0.0,0.0,1374.0,50.0,0.0,0.0,37.0,0.0,196.0,252.0,221.0,22.0,0.0,37.0,475.0,139.0
2021-12-15 10:00:00+00:00,0.0,966.0,49.0,207.0,671.0,545.0,582.0,0.0,974.0,432.0,0.0,0.0,0.0,0.0,0.0,94.0,85.0,0.0,0.0,0.0,0.0,0.0,0.0,0.0,0.0,214.0,0.0,33.0,1367.0,31.0,0.0,0.0,86.0,0.0,234.0,193.0,220.0,18.0,0.0,0.0,482.0,77.0
2021-12-15 11:00:00+00:00,0.0,979.0,70.0,202.0,662.0,564.0,569.0,0.0,963.0,453.0,0.0,0.0,0.0,0.0,0.0,97.0,83.0,0.0,0.0,0.0,0.0,0.0,0.0,0.0,0.0,256.0,0.0,36.0,1365.0,26.0,0.0,0.0,91.0,0.0,242.0,218.0,238.0,9.0,0.0,0.0,507.0,0.0
2021-12-15 12:00:00+00:00,0.0,981.0,65.0,206.0,665.0,554.0,586.0,0.0,939.0,437.0,0.0,0.0,0.0,0.0,0.0,94.0,95.0,0.0,0.0,0.0,0.0,0.0,0.0,0.0,0.0,289.0,0.0,68.0,1364.0,25.0,0.0,0.0,137.0,0.0,267.0,191.0,270.0,10.0,0.0,0.0,505.0,0.0
2021-12-15 13:00:00+00:00,0.0,876.0,62.0,223.0,656.0,609.0,564.0,0.0,948.0,463.0,0.0,0.0,0.0,0.0,0.0,0.0,109.0,0.0,0.0,0.0,1.0,0.0,0.0,0.0,0.0,368.0,0.0,30.0,1364.0,42.0,0.0,0.0,135.0,0.0,244.0,232.0,289.0,9.0,0.0,0.0,507.0,1.0
2021-12-15 14:00:00+00:00,0.0,743.0,102.0,255.0,668.0,608.0,584.0,0.0,862.0,447.0,0.0,0.0,0.0,0.0,0.0,0.0,106.0,0.0,0.0,0.0,182.0,0.0,0.0,0.0,0.0,439.0,0.0,5.0,1363.0,40.0,0.0,0.0,147.0,0.0,221.0,286.0,310.0,2.0,0.0,15.0,479.0,53.0
2021-12-15 15:00:00+00:00,0.0,624.0,190.0,314.0,715.0,609.0,599.0,0.0,704.0,392.0,0.0,0.0,0.0,0.0,0.0,0.0,69.0,0.0,0.0,0.0,351.0,0.0,0.0,0.0,0.0,339.0,0.0,0.0,1363.0,46.0,0.0,0.0,93.0,0.0,174.0,336.0,377.0,1.0,0.0,64.0,506.0,134.0
2021-12-15 16:00:00+00:00,0.0,735.0,174.0,326.0,766.0,602.0,632.0,0.0,751.0,449.0,0.0,0.0,0.0,0.0,0.0,0.0,87.0,0.0,0.0,0.0,306.0,0.0,0.0,0.0,0.0,342.0,0.0,0.0,1363.0,67.0,0.0,0.0,94.0,0.0,213.0,348.0,372.0,0.0,0.0,62.0,575.0,142.0
2021-12-15 17:00:00+00:00,0.0,630.0,226.0,370.0,801.0,574.0,674.0,0.0,677.0,427.0,0.0,0.0,0.0,0.0,0.0,0.0,106.0,0.0,0.0,0.0,477.0,0.0,0.0,0.0,0.0,410.0,0.0,0.0,1361.0,69.0,0.0,0.0,67.0,0.0,197.0,290.0,417.0,0.0,0.0,54.0,598.0,138.0
2021-12-15 18:00:00+00:00,0.0,521.0,227.0,354.0,761.0,624.0,576.0,0.0,678.0,429.0,0.0,0.0,0.0,1.0,0.0,0.0,104.0,0.0,0.0,0.0,532.0,0.0,0.0,0.0,0.0,475.0,0.0,0.0,1357.0,103.0,0.0,0.0,26.0,0.0,177.0,293.0,399.0,0.0,0.0,101.0,612.0,139.0
2021-12-15 19:00:00+00:00,0.0,470.0,272.0,388.0,786.0,588.0,537.0,0.0,620.0,433.0,0.0,0.0,0.0,35.0,0.0,0.0,137.0,0.0,0.0,0.0,598.0,0.0,0.0,0.0,0.0,578.0,0.0,0.0,1365.0,73.0,0.0,0.0,2.0,0.0,188.0,278.0,468.0,0.0,0.0,105.0,646.0,142.0
2021-12-15 20:00:00+00:00,0.0,491.0,365.0,434.0,787.0,629.0,530.0,0.0,473.0,391.0,0.0,0.0,0.0,110.0,0.0,0.0,131.0,0.0,0.0,0.0,600.0,0.0,0.0,0.0,0.0,687.0,0.0,0.0,1401.0,94.0,0.0,0.0,0.0,0.0,163.0,277.0,517.0,0.0,0.0,130.0,672.0,142.0
2021-12-15 21:00:00+00:00,0.0,451.0,346.0,462.0,822.0,585.0,639.0,0.0,469.0,386.0,0.0,0.0,0.0,129.0,0.0,0.0,92.0,0.0,0.0,0.0,600.0,0.0,0.0,0.0,0.0,714.0,0.0,0.0,1380.0,75.0,0.0,0.0,0.0,0.0,161.0,304.0,526.0,0.0,0.0,154.0,722.0,139.0
2021-12-15 22:00:00+00:00,0.0,445.0,338.0,450.0,817.0,738.0,625.0,0.0,478.0,397.0,0.0,0.0,0.0,183.0,0.0,0.0,50.0,0.0,0.0,0.0,600.0,0.0,0.0,0.0,0.0,639.0,0.0,0.0,1325.0,100.0,0.0,0.0,0.0,0.0,146.0,281.0,528.0,0.0,0.0,169.0,731.0,139.0
2021-12-15 23:00:00+00:00,0.0,254.0,330.0,432.0,785.0,688.0,633.0,0.0,434.0,368.0,0.0,0.0,0.0,192.0,0.0,0.0,18.0,0.0,0.0,0.0,601.0,0.0,0.0,0.0,0.0,696.0,0.0,0.0,1259.0,79.0,0.0,0.0,0.0,0.0,128.0,214.0,493.0,0.0,0.0,57.0,664.0,140.0
2021-12-16 00:00:00+00:00,0.0,177.0,305.0,421.0,766.0,671.0,632.0,0.0,395.0,367.0,0.0,0.0,0.0,178.0,0.0,0.0,17.0,0.0,0.0,0.0,600.0,0.0,0.0,0.0,0.0,776.0,0.0,0.0,1303.0,67.0,0.0,0.0,0.0,0.0,129.0,222.0,494.0,0.0,0.0,79.0,668.0,145.0
2021-12-16 01:00:00+00:00,0.0,310.0,294.0,413.0,736.0,688.0,627.0,0.0,379.0,355.0,0.0,0.0,0.0,108.0,0.0,0.0,12.0,0.0,0.0,0.0,600.0,0.0,0.0,0.0,0.0,763.0,0.0,0.0,1294.0,73.0,0.0,0.0,0.0,0.0,181.0,161.0,484.0,0.0,0.0,31.0,655.0,144.0
2021-12-16 02:00:00+00:00,0.0,342.0,293.0,402.0,721.0,660.0,601.0,0.0,389.0,346.0,0.0,0.0,0.0,69.0,0.0,0.0,9.0,0.0,0.0,0.0,600.0,0.0,0.0,0.0,0.0,818.0,0.0,0.0,1162.0,88.0,0.0,0.0,0.0,0.0,197.0,134.0,472.0,0.0,0.0,30.0,629.0,146.0
2021-12-16 03:00:00+00:00,0.0,346.0,300.0,409.0,730.0,556.0,659.0,0.0,411.0,354.0,0.0,0.0,0.0,39.0,0.0,0.0,15.0,0.0,0.0,0.0,591.0,0.0,0.0,0.0,0.0,818.0,0.0,0.0,1129.0,108.0,0.0,0.0,0.0,0.0,200.0,166.0,499.0,0.0,0.0,39.0,599.0,144.0
2021-12-16 04:00:00+00:00,0.0,421.0,350.0,422.0,756.0,600.0,556.0,0.0,410.0,368.0,0.0,0.0,0.0,33.0,0.0,0.0,41.0,0.0,0.0,0.0,601.0,0.0,0.0,0.0,0.0,698.0,0.0,0.0,1346.0,85.0,0.0,0.0,3.0,0.0,208.0,250.0,553.0,0.0,0.0,85.0,559.0,143.0
2021-12-16 05:00:00+00:00,0.0,423.0,256.0,326.0,672.0,564.0,390.0,0.0,580.0,414.0,0.0,0.0,0.0,2.0,0.0,0.0,72.0,0.0,0.0,0.0,591.0,0.0,0.0,0.0,0.0,412.0,0.0,0.0,1364.0,46.0,0.0,0.0,34.0,0.0,191.0,315.0,452.0,1.0,0.0,116.0,527.0,142.0
2021-12-16 06:00:00+00:00,0.0,564.0,146.0,194.0,588.0,533.0,286.0,0.0,770.0,456.0,0.0,0.0,0.0,0.0,0.0,0.0,64.0,0.0,0.0,0.0,288.0,0.0,0.0,0.0,0.0,176.0,0.0,2.0,1364.0,34.0,0.0,0.0,119.0,0.0,194.0,215.0,281.0,2.0,0.0,11.0,455.0,143.0
2021-12-16 07:00:00+00:00,0.0,595.0,98.0,199.0,564.0,643.0,434.0,0.0,761.0,410.0,0.0,0.0,0.0,0.0,0.0,0.0,49.0,0.0,0.0,0.0,236.0,0.0,0.0,0.0,0.0,151.0,0.0,2.0,1364.0,82.0,0.0,0.0,84.0,0.0,171.0,233.0,244.0,2.0,0.0,28.0,460.0,143.0
2021-12-16 08:00:00+00:00,0.0,767.0,71.0,180.0,568.0,632.0,484.0,0.0,814.0,403.0,0.0,0.0,0.0,0.0,0.0,0.0,101.0,0.0,0.0,0.0,55.0,0.0,0.0,0.0,0.0,124.0,0.0,10.0,1364.0,71.0,0.0,0.0,120.0,0.0,202.0,199.0,227.0,8.0,0.0,10.0,461.0,141.0
2021-12-16 09:00:00+00:00,0.0,842.0,39.0,163.0,607.0,636.0,482.0,0.0,899.0,342.0,0.0,0.0,0.0,0.0,0.0,45.0,160.0,0.0,0.0,0.0,0.0,0.0,0.0,0.0,0.0,119.0,0.0,46.0,1344.0,93.0,0.0,0.0,151.0,0.0,245.0,167.0,213.0,26.0,0.0,0.0,488.0,143.0
2021-12-16 10:00:00+00:00,0.0,811.0,60.0,172.0,603.0,601.0,393.0,0.0,869.0,332.0,0.0,0.0,0.0,0.0,0.0,53.0,152.0,0.0,0.0,0.0,0.0,0.0,0.0,0.0,0.0,213.0,0.0,28.0,1364.0,84.0,0.0,0.0,168.0,0.0,258.0,184.0,212.0,12.0,0.0,0.0,485.0,141.0
2021-12-16 11:00:00+00:00,0.0,794.0,31.0,162.0,608.0,636.0,413.0,0.0,897.0,353.0,0.0,0.0,0.0,0.0,0.0,0.0,152.0,0.0,0.0,0.0,1.0,0.0,0.0,0.0,0.0,281.0,0.0,29.0,1365.0,65.0,0.0,0.0,227.0,0.0,279.0,171.0,177.0,31.0,0.0,4.0,472.0,142.0
2021-12-16 12:00:00+00:00,0.0,731.0,42.0,173.0,622.0,637.0,426.0,0.0,867.0,394.0,0.0,0.0,0.0,0.0,0.0,0.0,144.0,0.0,0.0,0.0,1.0,0.0,0.0,0.0,0.0,162.0,0.0,0.0,1364.0,61.0,0.0,0.0,209.0,0.0,237.0,259.0,188.0,27.0,0.0,77.0,449.0,144.0
2021-12-16 13:00:00+00:00,0.0,748.0,47.0,171.0,599.0,605.0,395.0,0.0,858.0,378.0,0.0,0.0,0.0,0.0,0.0,46.0,134.0,0.0,0.0,,0.0,0.0,0.0,0.0,0.0,160.0,,0.0,1363.0,52.0,0.0,0.0,198.0,0.0,229.0,294.0,214.0,11.0,0.0,89.0,455.0,141.0
2021-12-16 14:00:00+00:00,0.0,585.0,30.0,178.0,548.0,572.0,430.0,0.0,774.0,338.0,0.0,0.0,0.0,0.0,0.0,0.0,80.0,0.0,0.0,0.0,51.0,0.0,0.0,0.0,0.0,205.0,0.0,0.0,1363.0,58.0,0.0,0.0,128.0,0.0,162.0,389.0,229.0,26.0,0.0,193.0,427.0,141.0
2021-12-16 15:00:00+00:00,0.0,474.0,125.0,274.0,580.0,637.0,441.0,0.0,489.0,177.0,0.0,0.0,0.0,0.0,0.0,0.0,85.0,0.0,0.0,0.0,113.0,0.0,0.0,0.0,0.0,212.0,0.0,0.0,1364.0,73.0,0.0,0.0,102.0,0.0,145.0,393.0,327.0,2.0,0.0,196.0,430.0,143.0
2021-12-16 16:00:00+00:00,0.0,590.0,185.0,336.0,645.0,670.0,508.0,0.0,407.0,183.0,0.0,0.0,0.0,0.0,0.0,0.0,112.0,0.0,0.0,0.0,76.0,0.0,0.0,0.0,0.0,181.0,0.0,0.0,1363.0,91.0,0.0,0.0,86.0,0.0,157.0,381.0,343.0,0.0,0.0,194.0,427.0,137.0
2021-12-16 17:00:00+00:00,0.0,598.0,182.0,334.0,645.0,673.0,514.0,0.0,418.0,195.0,0.0,0.0,0.0,0.0,0.0,0.0,129.0,0.0,0.0,0.0,115.0,0.0,0.0,0.0,0.0,245.0,0.0,0.0,1363.0,108.0,0.0,0.0,97.0,0.0,161.0,348.0,354.0,0.0,0.0,185.0,426.0,140.0
2021-12-16 18:00:00+00:00,0.0,605.0,99.0,286.0,683.0,640.0,539.0,0.0,644.0,338.0,0.0,0.0,0.0,0.0,0.0,0.0,130.0,0.0,0.0,0.0,251.0,0.0,0.0,0.0,0.0,173.0,0.0,0.0,1388.0,116.0,0.0,0.0,114.0,0.0,178.0,321.0,304.0,4.0,0.0,186.0,427.0,142.0
2021-12-16 19:00:00+00:00,0.0,336.0,157.0,319.0,621.0,632.0,572.0,0.0,478.0,288.0,0.0,0.0,0.0,28.0,0.0,0.0,168.0,0.0,0.0,0.0,486.0,0.0,0.0,0.0,0.0,275.0,0.0,0.0,1389.0,92.0,0.0,0.0,8.0,0.0,100.0,425.0,353.0,2.0,0.0,336.0,424.0,142.0
2021-12-16 20:00:00+00:00,0.0,451.0,270.0,364.0,655.0,518.0,483.0,0.0,409.0,306.0,0.0,0.0,0.0,94.0,0.0,0.0,140.0,0.0,0.0,0.0,597.0,0.0,0.0,0.0,0.0,431.0,0.0,0.0,1355.0,9.0,0.0,0.0,0.0,0.0,116.0,393.0,408.0,0.0,0.0,285.0,492.0,142.0
2021-12-16 21:00:00+00:00,0.0,425.0,254.0,388.0,692.0,539.0,501.0,0.0,452.0,311.0,0.0,0.0,0.0,94.0,0.0,0.0,110.0,0.0,0.0,0.0,572.0,0.0,0.0,0.0,0.0,412.0,0.0,0.0,1340.0,30.0,0.0,0.0,0.0,0.0,133.0,391.0,455.0,0.0,0.0,256.0,564.0,142.0
2021-12-16 22:00:00+00:00,0.0,593.0,353.0,440.0,811.0,651.0,657.0,0.0,447.0,384.0,0.0,0.0,0.0,77.0,0.0,0.0,66.0,0.0,0.0,0.0,596.0,0.0,0.0,0.0,0.0,434.0,0.0,0.0,1317.0,64.0,0.0,0.0,0.0,0.0,176.0,292.0,502.0,0.0,0.0,193.0,579.0,140.0
2021-12-16 23:00:00+00:00,0.0,662.0,405.0,488.0,863.0,807.0,660.0,0.0,299.0,322.0,0.0,0.0,0.0,51.0,0.0,0.0,38.0,0.0,0.0,0.0,468.0,0.0,0.0,0.0,0.0,530.0,0.0,0.0,1340.0,31.0,0.0,0.0,0.0,0.0,201.0,185.0,571.0,0.0,0.0,128.0,603.0,142.0
2021-12-17 00:00:00+00:00,0.0,629.0,402.0,449.0,812.0,781.0,592.0,0.0,259.0,287.0,0.0,0.0,0.0,29.0,0.0,0.0,39.0,0.0,0.0,0.0,463.0,0.0,0.0,0.0,0.0,698.0,0.0,0.0,1357.0,17.0,0.0,0.0,2.0,0.0,194.0,148.0,561.0,0.0,0.0,137.0,612.0,141.0
2021-12-17 01:00:00+00:00,0.0,790.0,340.0,426.0,795.0,777.0,575.0,0.0,325.0,347.0,0.0,0.0,0.0,0.0,0.0,0.0,29.0,0.0,0.0,0.0,548.0,0.0,0.0,0.0,0.0,680.0,0.0,0.0,1380.0,4.0,0.0,0.0,59.0,0.0,278.0,76.0,491.0,0.0,0.0,69.0,648.0,141.0
2021-12-17 02:00:00+00:00,0.0,883.0,342.0,428.0,797.0,613.0,410.0,0.0,343.0,333.0,0.0,0.0,0.0,0.0,0.0,0.0,40.0,0.0,56.0,0.0,499.0,0.0,0.0,0.0,0.0,670.0,0.0,0.0,1379.0,0.0,0.0,0.0,147.0,0.0,323.0,21.0,506.0,0.0,0.0,26.0,637.0,141.0
2021-12-17 03:00:00+00:00,0.0,905.0,324.0,416.0,772.0,617.0,290.0,0.0,319.0,327.0,0.0,0.0,0.0,0.0,0.0,0.0,48.0,0.0,54.0,0.0,489.0,0.0,0.0,0.0,0.0,720.0,0.0,0.0,1378.0,0.0,0.0,0.0,152.0,0.0,335.0,57.0,495.0,0.0,0.0,40.0,657.0,143.0
2021-12-17 04:00:00+00:00,0.0,874.0,352.0,422.0,783.0,645.0,375.0,0.0,327.0,330.0,0.0,0.0,0.0,0.0,0.0,0.0,60.0,0.0,46.0,0.0,440.0,0.0,0.0,0.0,0.0,731.0,0.0,0.0,1364.0,0.0,0.0,0.0,131.0,0.0,317.0,164.0,526.0,0.0,0.0,94.0,648.0,142.0
2021-12-17 05:00:00+00:00,0.0,922.0,282.0,334.0,675.0,726.0,681.0,0.0,394.0,323.0,0.0,0.0,0.0,0.0,0.0,0.0,96.0,0.0,0.0,0.0,104.0,0.0,0.0,0.0,0.0,456.0,0.0,0.0,1364.0,0.0,0.0,0.0,169.0,0.0,306.0,184.0,489.0,1.0,0.0,97.0,596.0,141.0
2021-12-17 06:00:00+00:00,0.0,1198.0,97.0,191.0,607.0,737.0,724.0,0.0,719.0,395.0,0.0,0.0,0.0,0.0,0.0,153.0,94.0,0.0,0.0,0.0,0.0,0.0,0.0,0.0,0.0,226.0,0.0,15.0,1364.0,17.0,0.0,0.0,290.0,0.0,359.0,115.0,303.0,7.0,0.0,0.0,560.0,139.0
2021-12-17 07:00:00+00:00,0.0,1150.0,56.0,158.0,577.0,742.0,668.0,0.0,814.0,419.0,0.0,0.0,0.0,0.0,0.0,106.0,82.0,0.0,0.0,0.0,0.0,0.0,0.0,0.0,0.0,38.0,0.0,0.0,1369.0,32.0,0.0,0.0,238.0,0.0,317.0,109.0,217.0,13.0,0.0,37.0,510.0,139.0
2021-12-17 08:00:00+00:00,0.0,1205.0,57.0,170.0,625.0,790.0,593.0,0.0,890.0,476.0,0.0,0.0,0.0,0.0,0.0,88.0,76.0,0.0,0.0,0.0,0.0,0.0,0.0,0.0,0.0,49.0,0.0,8.0,1371.0,29.0,0.0,0.0,255.0,0.0,349.0,18.0,232.0,11.0,4.0,1.0,469.0,142.0
2021-12-17 09:00:00+00:00,0.0,1255.0,65.0,175.0,645.0,762.0,586.0,0.0,914.0,482.0,0.0,0.0,0.0,0.0,0.0,55.0,83.0,0.0,0.0,0.0,0.0,0.0,0.0,0.0,0.0,103.0,0.0,,1382.0,28.0,0.0,0.0,238.0,0.0,369.0,0.0,244.0,10.0,77.0,,445.0,142.0
2021-12-17 10:00:00+00:00,0.0,1239.0,65.0,178.0,657.0,705.0,599.0,0.0,914.0,473.0,0.0,0.0,0.0,0.0,0.0,50.0,76.0,0.0,0.0,0.0,0.0,0.0,0.0,0.0,0.0,54.0,0.0,110.0,1369.0,35.0,0.0,0.0,224.0,0.0,365.0,0.0,240.0,16.0,128.0,0.0,447.0,143.0
2021-12-17 11:00:00+00:00,0.0,1214.0,79.0,170.0,642.0,751.0,556.0,0.0,893.0,462.0,0.0,0.0,0.0,0.0,0.0,121.0,79.0,0.0,0.0,0.0,0.0,0.0,0.0,0.0,0.0,49.0,0.0,123.0,1370.0,4.0,0.0,0.0,241.0,0.0,359.0,0.0,236.0,4.0,126.0,0.0,457.0,138.0
2021-12-17 12:00:00+00:00,0.0,1193.0,87.0,182.0,650.0,776.0,536.0,0.0,849.0,445.0,0.0,0.0,0.0,0.0,0.0,89.0,95.0,0.0,0.0,0.0,0.0,0.0,0.0,0.0,0.0,85.0,0.0,126.0,1370.0,12.0,0.0,0.0,258.0,0.0,374.0,0.0,244.0,6.0,99.0,0.0,482.0,138.0
2021-12-17 13:00:00+00:00,0.0,1050.0,128.0,224.0,591.0,736.0,500.0,0.0,628.0,281.0,0.0,0.0,0.0,0.0,0.0,221.0,110.0,0.0,13.0,,0.0,0.0,0.0,0.0,0.0,126.0,,6.0,1370.0,0.0,0.0,0.0,216.0,0.0,304.0,41.0,323.0,5.0,0.0,23.0,464.0,140.0
2021-12-17 14:00:00+00:00,0.0,801.0,187.0,262.0,531.0,696.0,463.0,0.0,371.0,124.0,0.0,0.0,0.0,0.0,0.0,143.0,138.0,0.0,36.0,0.0,0.0,0.0,0.0,0.0,0.0,173.0,0.0,0.0,1369.0,0.0,0.0,0.0,170.0,0.0,204.0,226.0,368.0,0.0,0.0,222.0,410.0,140.0
2021-12-17 15:00:00+00:00,0.0,695.0,181.0,293.0,565.0,720.0,409.0,0.0,341.0,126.0,0.0,0.0,0.0,0.0,0.0,104.0,135.0,0.0,51.0,0.0,0.0,0.0,0.0,0.0,0.0,27.0,0.0,0.0,1370.0,0.0,0.0,0.0,132.0,0.0,183.0,273.0,409.0,0.0,0.0,248.0,438.0,133.0
2021-12-17 16:00:00+00:00,0.0,684.0,257.0,297.0,549.0,698.0,387.0,0.0,296.0,115.0,0.0,0.0,0.0,0.0,0.0,92.0,165.0,0.0,50.0,0.0,0.0,0.0,0.0,0.0,0.0,3.0,0.0,0.0,1371.0,0.0,0.0,0.0,82.0,0.0,161.0,216.0,397.0,0.0,0.0,202.0,446.0,141.0
2021-12-17 17:00:00+00:00,0.0,745.0,263.0,302.0,551.0,685.0,449.0,0.0,296.0,103.0,0.0,0.0,0.0,0.0,0.0,112.0,186.0,0.0,42.0,0.0,0.0,0.0,0.0,0.0,0.0,141.0,0.0,0.0,1371.0,0.0,0.0,0.0,106.0,0.0,190.0,212.0,400.0,0.0,0.0,197.0,464.0,139.0
2021-12-17 18:00:00+00:00,0.0,735.0,277.0,296.0,558.0,794.0,552.0,0.0,312.0,124.0,0.0,0.0,0.0,0.0,0.0,0.0,188.0,0.0,0.0,0.0,1.0,0.0,0.0,0.0,0.0,235.0,0.0,0.0,1350.0,32.0,0.0,0.0,128.0,0.0,213.0,158.0,398.0,0.0,0.0,172.0,472.0,135.0
2021-12-17 19:00:00+00:00,0.0,761.0,295.0,330.0,629.0,864.0,555.0,0.0,361.0,209.0,0.0,0.0,0.0,0.0,0.0,0.0,181.0,0.0,0.0,0.0,146.0,0.0,0.0,0.0,0.0,390.0,0.0,0.0,1342.0,29.0,0.0,0.0,80.0,0.0,234.0,149.0,411.0,1.0,0.0,170.0,510.0,144.0
2021-12-17 20:00:00+00:00,0.0,938.0,230.0,334.0,718.0,757.0,732.0,0.0,530.0,418.0,0.0,0.0,0.0,0.0,0.0,0.0,159.0,0.0,2.0,0.0,207.0,0.0,0.0,0.0,0.0,505.0,0.0,0.0,1345.0,0.0,0.0,0.0,99.0,0.0,306.0,31.0,412.0,0.0,0.0,30.0,584.0,143.0
2021-12-17 21:00:00+00:00,0.0,894.0,281.0,336.0,744.0,793.0,695.0,0.0,624.0,485.0,0.0,0.0,0.0,0.0,0.0,0.0,117.0,0.0,0.0,0.0,255.0,0.0,0.0,0.0,0.0,441.0,0.0,7.0,1397.0,25.0,0.0,0.0,90.0,0.0,318.0,24.0,382.0,0.0,2.0,16.0,650.0,134.0
2021-12-17 22:00:00+00:00,0.0,777.0,348.0,422.0,806.0,793.0,572.0,0.0,462.0,402.0,0.0,0.0,0.0,0.0,0.0,0.0,104.0,0.0,0.0,0.0,358.0,0.0,0.0,0.0,0.0,534.0,0.0,5.0,1409.0,40.0,0.0,0.0,63.0,0.0,322.0,66.0,534.0,0.0,0.0,4.0,711.0,135.0
2021-12-17 23:00:00+00:00,0.0,522.0,353.0,424.0,762.0,678.0,478.0,0.0,305.0,322.0,0.0,0.0,0.0,20.0,0.0,0.0,81.0,0.0,3.0,0.0,475.0,0.0,0.0,0.0,0.0,673.0,0.0,4.0,1395.0,0.0,0.0,0.0,9.0,0.0,234.0,90.0,540.0,0.0,0.0,7.0,631.0,136.0
2021-12-18 00:00:00+00:00,0.0,592.0,343.0,402.0,741.0,665.0,454.0,0.0,293.0,298.0,0.0,0.0,0.0,0.0,0.0,0.0,61.0,0.0,4.0,0.0,489.0,0.0,0.0,0.0,0.0,700.0,0.0,22.0,1380.0,0.0,0.0,0.0,61.0,0.0,263.0,61.0,518.0,0.0,0.0,0.0,636.0,137.0
2021-12-18 01:00:00+00:00,0.0,739.0,320.0,366.0,703.0,672.0,473.0,0.0,275.0,305.0,0.0,0.0,0.0,0.0,0.0,0.0,49.0,0.0,0.0,0.0,433.0,0.0,0.0,0.0,0.0,688.0,0.0,91.0,1382.0,9.0,0.0,0.0,168.0,0.0,330.0,0.0,484.0,0.0,30.0,0.0,616.0,137.0
2021-12-18 02:00:00+00:00,0.0,834.0,291.0,350.0,690.0,680.0,422.0,0.0,235.0,338.0,0.0,0.0,0.0,0.0,0.0,0.0,44.0,0.0,0.0,0.0,431.0,0.0,0.0,0.0,0.0,655.0,0.0,155.0,1386.0,10.0,0.0,0.0,248.0,0.0,393.0,0.0,481.0,0.0,95.0,0.0,613.0,135.0
2021-12-18 03:00:00+00:00,0.0,893.0,270.0,346.0,696.0,663.0,420.0,0.0,270.0,376.0,0.0,0.0,0.0,0.0,0.0,0.0,47.0,0.0,0.0,0.0,449.0,0.0,0.0,0.0,0.0,656.0,0.0,168.0,1383.0,12.0,0.0,0.0,274.0,0.0,437.0,0.0,485.0,2.0,90.0,0.0,612.0,137.0
2021-12-18 04:00:00+00:00,0.0,827.0,318.0,346.0,686.0,632.0,370.0,0.0,253.0,400.0,0.0,0.0,0.0,0.0,0.0,0.0,58.0,0.0,0.0,0.0,485.0,0.0,0.0,0.0,0.0,641.0,0.0,124.0,1375.0,20.0,0.0,0.0,252.0,0.0,418.0,0.0,498.0,0.0,27.0,0.0,568.0,139.0
2021-12-18 05:00:00+00:00,0.0,832.0,304.0,320.0,670.0,704.0,346.0,0.0,323.0,384.0,0.0,0.0,0.0,0.0,0.0,0.0,84.0,0.0,0.0,0.0,354.0,0.0,0.0,0.0,0.0,516.0,0.0,87.0,1360.0,24.0,0.0,0.0,260.0,0.0,424.0,18.0,492.0,0.0,0.0,0.0,513.0,141.0
2021-12-18 06:00:00+00:00,0.0,834.0,228.0,245.0,556.0,709.0,395.0,0.0,394.0,306.0,0.0,0.0,0.0,0.0,0.0,0.0,73.0,0.0,0.0,0.0,183.0,0.0,0.0,0.0,0.0,300.0,0.0,16.0,1398.0,26.0,0.0,0.0,236.0,0.0,369.0,102.0,394.0,0.0,0.0,1.0,459.0,140.0
2021-12-18 07:00:00+00:00,0.0,805.0,189.0,263.0,584.0,701.0,431.0,0.0,499.0,348.0,0.0,0.0,0.0,0.0,0.0,0.0,84.0,0.0,0.0,0.0,56.0,0.0,0.0,0.0,0.0,240.0,0.0,13.0,1422.0,24.0,0.0,0.0,217.0,0.0,366.0,117.0,379.0,0.0,0.0,3.0,422.0,138.0
2021-12-18 08:00:00+00:00,0.0,942.0,210.0,292.0,674.0,666.0,446.0,0.0,539.0,394.0,0.0,0.0,0.0,0.0,0.0,61.0,92.0,0.0,0.0,0.0,0.0,0.0,0.0,0.0,0.0,210.0,0.0,,1388.0,9.0,0.0,0.0,260.0,0.0,438.0,6.0,397.0,0.0,40.0,,443.0,139.0
2021-12-18 09:00:00+00:00,0.0,1030.0,228.0,337.0,723.0,676.0,453.0,0.0,513.0,387.0,0.0,0.0,0.0,0.0,0.0,86.0,66.0,0.0,0.0,0.0,0.0,0.0,0.0,0.0,0.0,236.0,0.0,224.0,1412.0,3.0,0.0,0.0,234.0,0.0,432.0,0.0,470.0,0.0,147.0,0.0,412.0,140.0
2021-12-18 10:00:00+00:00,0.0,1031.0,244.0,342.0,723.0,631.0,444.0,0.0,487.0,360.0,0.0,0.0,0.0,0.0,0.0,130.0,45.0,0.0,0.0,0.0,0.0,0.0,0.0,0.0,0.0,232.0,0.0,246.0,1149.0,2.0,0.0,0.0,236.0,0.0,416.0,0.0,471.0,0.0,173.0,0.0,399.0,139.0
2021-12-18 11:00:00+00:00,0.0,1071.0,237.0,360.0,743.0,641.0,449.0,0.0,475.0,363.0,0.0,0.0,0.0,0.0,0.0,153.0,43.0,0.0,0.0,0.0,0.0,0.0,0.0,0.0,0.0,318.0,0.0,242.0,1106.0,3.0,0.0,0.0,246.0,0.0,423.0,0.0,493.0,0.0,120.0,0.0,447.0,143.0
2021-12-18 12:00:00+00:00,0.0,1109.0,262.0,360.0,738.0,633.0,483.0,0.0,463.0,366.0,0.0,0.0,0.0,0.0,0.0,158.0,59.0,0.0,4.0,0.0,0.0,0.0,0.0,0.0,0.0,321.0,0.0,214.0,1173.0,0.0,0.0,0.0,235.0,0.0,404.0,0.0,483.0,0.0,60.0,0.0,463.0,140.0
2021-12-18 13:00:00+00:00,0.0,1038.0,206.0,339.0,675.0,650.0,520.0,0.0,478.0,318.0,0.0,0.0,0.0,0.0,0.0,166.0,83.0,0.0,3.0,,0.0,0.0,0.0,0.0,0.0,348.0,,103.0,1179.0,0.0,0.0,0.0,231.0,0.0,373.0,86.0,458.0,0.0,0.0,0.0,468.0,141.0
2021-12-18 14:00:00+00:00,0.0,839.0,215.0,324.0,600.0,590.0,474.0,0.0,409.0,238.0,0.0,0.0,0.0,0.0,0.0,113.0,119.0,0.0,9.0,0.0,0.0,0.0,0.0,0.0,0.0,268.0,0.0,0.0,1185.0,0.0,0.0,0.0,182.0,0.0,288.0,254.0,413.0,0.0,0.0,60.0,434.0,141.0
2021-12-18 15:00:00+00:00,0.0,560.0,134.0,307.0,542.0,583.0,487.0,0.0,369.0,181.0,0.0,0.0,0.0,0.0,0.0,68.0,129.0,0.0,15.0,0.0,0.0,0.0,0.0,0.0,0.0,63.0,0.0,0.0,1178.0,0.0,0.0,0.0,142.0,0.0,206.0,366.0,432.0,5.0,0.0,187.0,421.0,141.0
2021-12-18 16:00:00+00:00,0.0,411.0,198.0,331.0,554.0,689.0,461.0,0.0,289.0,211.0,0.0,0.0,0.0,0.0,0.0,0.0,180.0,0.0,0.0,0.0,141.0,0.0,0.0,0.0,0.0,61.0,0.0,0.0,1340.0,3.0,0.0,0.0,66.0,0.0,164.0,408.0,438.0,0.0,0.0,223.0,428.0,141.0
2021-12-18 17:00:00+00:00,0.0,340.0,222.0,329.0,525.0,645.0,513.0,0.0,259.0,203.0,0.0,0.0,0.0,1.0,0.0,0.0,187.0,0.0,3.0,0.0,300.0,0.0,0.0,0.0,0.0,53.0,0.0,0.0,1331.0,0.0,0.0,0.0,22.0,0.0,131.0,403.0,399.0,0.0,0.0,248.0,420.0,141.0
2021-12-18 18:00:00+00:00,0.0,354.0,202.0,336.0,537.0,688.0,456.0,0.0,237.0,230.0,0.0,0.0,0.0,17.0,0.0,0.0,168.0,0.0,0.0,0.0,452.0,0.0,0.0,0.0,0.0,102.0,0.0,0.0,1328.0,2.0,0.0,0.0,5.0,0.0,129.0,374.0,405.0,0.0,0.0,235.0,440.0,142.0
2021-12-18 19:00:00+00:00,0.0,555.0,198.0,346.0,580.0,642.0,435.0,0.0,276.0,286.0,0.0,0.0,0.0,78.0,0.0,0.0,141.0,0.0,8.0,0.0,540.0,0.0,0.0,0.0,0.0,220.0,0.0,0.0,1337.0,0.0,0.0,0.0,0.0,0.0,136.0,415.0,409.0,0.0,0.0,266.0,495.0,140.0
2021-12-18 20:00:00+00:00,0.0,434.0,206.0,374.0,609.0,665.0,399.0,0.0,244.0,315.0,0.0,0.0,0.0,117.0,0.0,0.0,114.0,0.0,0.0,0.0,599.0,0.0,0.0,0.0,0.0,293.0,0.0,0.0,1363.0,13.0,0.0,0.0,0.0,0.0,125.0,398.0,390.0,2.0,0.0,262.0,540.0,139.0
2021-12-18 21:00:00+00:00,0.0,345.0,246.0,422.0,658.0,670.0,458.0,0.0,208.0,305.0,0.0,0.0,0.0,92.0,0.0,0.0,75.0,0.0,0.0,0.0,601.0,0.0,0.0,0.0,0.0,342.0,0.0,0.0,1402.0,56.0,0.0,0.0,0.0,0.0,125.0,372.0,473.0,0.0,0.0,222.0,597.0,138.0
2021-12-18 22:00:00+00:00,0.0,490.0,304.0,447.0,708.0,602.0,480.0,0.0,233.0,316.0,0.0,0.0,0.0,30.0,0.0,0.0,68.0,0.0,0.0,0.0,601.0,0.0,0.0,0.0,0.0,475.0,0.0,0.0,1353.0,58.0,0.0,0.0,2.0,0.0,177.0,236.0,507.0,0.0,0.0,151.0,589.0,143.0
2021-12-18 23:00:00+00:00,0.0,0.0,343.0,442.0,672.0,610.0,481.0,0.0,207.0,318.0,0.0,48.0,22.0,305.0,0.0,0.0,75.0,0.0,0.0,0.0,601.0,0.0,0.0,0.0,0.0,524.0,0.0,0.0,1323.0,78.0,0.0,0.0,0.0,0.0,0.0,444.0,526.0,0.0,0.0,307.0,601.0,141.0
2021-12-19 00:00:00+00:00,0.0,27.0,293.0,391.0,602.0,591.0,496.0,0.0,228.0,315.0,0.0,0.0,11.0,270.0,0.0,0.0,55.0,0.0,0.0,0.0,601.0,0.0,0.0,0.0,0.0,505.0,0.0,0.0,1319.0,77.0,0.0,0.0,0.0,0.0,0.0,417.0,511.0,0.0,0.0,311.0,586.0,140.0
2021-12-19 01:00:00+00:00,0.0,210.0,330.0,390.0,603.0,592.0,489.0,0.0,205.0,332.0,0.0,0.0,0.0,208.0,0.0,0.0,43.0,0.0,0.0,0.0,601.0,0.0,0.0,0.0,0.0,485.0,0.0,0.0,1308.0,87.0,0.0,0.0,0.0,0.0,39.0,363.0,507.0,0.0,0.0,272.0,585.0,142.0
2021-12-19 02:00:00+00:00,0.0,292.0,214.0,307.0,493.0,547.0,440.0,0.0,231.0,331.0,0.0,0.0,0.0,146.0,0.0,0.0,39.0,0.0,0.0,0.0,601.0,0.0,0.0,0.0,0.0,431.0,0.0,0.0,1043.0,107.0,0.0,0.0,0.0,0.0,70.0,321.0,381.0,0.0,0.0,263.0,547.0,143.0
2021-12-19 03:00:00+00:00,0.0,244.0,138.0,262.0,402.0,502.0,406.0,0.0,227.0,317.0,0.0,0.0,0.0,133.0,0.0,0.0,40.0,0.0,0.0,0.0,601.0,0.0,0.0,0.0,0.0,430.0,0.0,0.0,992.0,118.0,0.0,0.0,0.0,0.0,56.0,336.0,321.0,1.0,0.0,293.0,531.0,143.0
2021-12-19 04:00:00+00:00,0.0,215.0,88.0,267.0,409.0,453.0,405.0,0.0,224.0,319.0,0.0,0.0,0.0,138.0,0.0,0.0,48.0,0.0,0.0,0.0,601.0,0.0,0.0,0.0,0.0,393.0,0.0,0.0,1103.0,101.0,0.0,0.0,0.0,0.0,44.0,362.0,259.0,5.0,0.0,307.0,503.0,142.0
2021-12-19 05:00:00+00:00,0.0,324.0,160.0,313.0,555.0,485.0,408.0,0.0,367.0,399.0,0.0,0.0,0.0,53.0,0.0,0.0,65.0,0.0,0.0,0.0,601.0,0.0,0.0,0.0,0.0,344.0,0.0,0.0,1086.0,80.0,0.0,0.0,0.0,0.0,118.0,384.0,360.0,1.0,0.0,273.0,503.0,138.0
2021-12-19 06:00:00+00:00,0.0,308.0,91.0,270.0,567.0,543.0,409.0,0.0,520.0,515.0,0.0,0.0,0.0,54.0,0.0,0.0,83.0,0.0,0.0,0.0,601.0,0.0,0.0,0.0,0.0,293.0,0.0,0.0,1089.0,63.0,0.0,0.0,0.0,0.0,118.0,390.0,294.0,6.0,0.0,241.0,483.0,140.0
2021-12-19 07:00:00+00:00,0.0,321.0,86.0,308.0,634.0,534.0,368.0,0.0,553.0,561.0,0.0,0.0,0.0,88.0,0.0,0.0,71.0,0.0,0.0,0.0,601.0,0.0,0.0,0.0,0.0,218.0,0.0,0.0,1129.0,58.0,0.0,0.0,0.0,0.0,120.0,438.0,284.0,3.0,0.0,262.0,485.0,139.0
2021-12-19 08:00:00+00:00,0.0,272.0,124.0,352.0,666.0,502.0,347.0,0.0,518.0,503.0,0.0,0.0,0.0,126.0,0.0,0.0,59.0,0.0,0.0,0.0,600.0,0.0,0.0,0.0,0.0,193.0,0.0,0.0,1140.0,49.0,0.0,0.0,0.0,0.0,92.0,419.0,292.0,2.0,0.0,256.0,478.0,140.0
2021-12-19 09:00:00+00:00,0.0,484.0,88.0,355.0,693.0,551.0,389.0,0.0,578.0,530.0,0.0,0.0,0.0,109.0,0.0,0.0,53.0,0.0,0.0,0.0,600.0,0.0,0.0,0.0,0.0,159.0,0.0,0.0,1358.0,34.0,0.0,0.0,0.0,0.0,121.0,365.0,312.0,4.0,0.0,181.0,502.0,139.0
2021-12-19 10:00:00+00:00,0.0,665.0,137.0,374.0,760.0,544.0,338.0,0.0,608.0,547.0,0.0,0.0,0.0,42.0,0.0,0.0,26.0,0.0,0.0,0.0,601.0,0.0,0.0,0.0,0.0,241.0,0.0,0.0,1352.0,46.0,0.0,0.0,0.0,0.0,190.0,325.0,344.0,1.0,0.0,71.0,569.0,138.0
2021-12-19 11:00:00+00:00,0.0,771.0,188.0,400.0,794.0,586.0,307.0,0.0,602.0,569.0,0.0,0.0,0.0,55.0,0.0,0.0,24.0,0.0,0.0,0.0,601.0,0.0,0.0,0.0,0.0,311.0,0.0,2.0,1357.0,19.0,0.0,0.0,7.0,0.0,218.0,277.0,434.0,0.0,0.0,30.0,569.0,141.0
2021-12-19 12:00:00+00:00,0.0,607.0,250.0,400.0,745.0,582.0,287.0,0.0,529.0,540.0,0.0,0.0,0.0,84.0,0.0,0.0,37.0,0.0,0.0,0.0,601.0,0.0,0.0,0.0,0.0,279.0,0.0,0.0,1391.0,13.0,0.0,0.0,0.0,0.0,166.0,276.0,465.0,0.0,0.0,64.0,526.0,143.0
2021-12-19 13:00:00+00:00,0.0,433.0,254.0,394.0,653.0,573.0,310.0,0.0,400.0,471.0,0.0,0.0,0.0,103.0,0.0,0.0,59.0,0.0,0.0,0.0,601.0,0.0,0.0,0.0,0.0,353.0,0.0,,1379.0,19.0,0.0,0.0,0.0,0.0,119.0,360.0,492.0,0.0,0.0,,504.0,143.0
2021-12-19 14:00:00+00:00,0.0,178.0,360.0,428.0,563.0,559.0,349.0,0.0,107.0,282.0,0.0,0.0,0.0,129.0,0.0,0.0,86.0,0.0,0.0,0.0,601.0,0.0,0.0,0.0,0.0,389.0,0.0,,1391.0,43.0,0.0,0.0,0.0,0.0,41.0,468.0,523.0,0.0,0.0,,446.0,142.0
2021-12-19 15:00:00+00:00,0.0,0.0,380.0,442.0,525.0,559.0,360.0,0.0,19.0,211.0,0.0,99.0,41.0,222.0,0.0,0.0,95.0,0.0,0.0,0.0,600.0,7.0,0.0,0.0,0.0,170.0,0.0,,1399.0,56.0,0.0,0.0,0.0,0.0,0.0,587.0,536.0,0.0,0.0,,483.0,142.0
2021-12-19 16:00:00+00:00,0.0,0.0,382.0,454.0,523.0,562.0,327.0,0.0,1.0,130.0,0.0,82.0,41.0,223.0,0.0,0.0,216.0,0.0,0.0,0.0,600.0,45.0,0.0,0.0,0.0,190.0,0.0,0.0,1365.0,46.0,0.0,0.0,0.0,0.0,0.0,607.0,569.0,0.0,0.0,409.0,468.0,144.0
2021-12-19 17:00:00+00:00,0.0,0.0,350.0,442.0,503.0,534.0,367.0,0.0,2.0,140.0,0.0,67.0,24.0,209.0,0.0,0.0,142.0,0.0,0.0,0.0,601.0,29.0,0.0,0.0,0.0,296.0,0.0,0.0,1341.0,30.0,0.0,0.0,0.0,0.0,0.0,584.0,531.0,0.0,0.0,394.0,476.0,144.0
2021-12-19 18:00:00+00:00,0.0,0.0,372.0,456.0,499.0,532.0,417.0,0.0,0.0,107.0,0.0,91.0,42.0,262.0,0.0,0.0,148.0,0.0,0.0,0.0,600.0,85.0,0.0,0.0,0.0,273.0,0.0,0.0,1379.0,32.0,0.0,0.0,0.0,0.0,0.0,592.0,529.0,0.0,0.0,391.0,503.0,144.0
2021-12-19 19:00:00+00:00,0.0,20.0,333.0,447.0,531.0,560.0,509.0,0.0,19.0,178.0,0.0,0.0,4.0,258.0,0.0,0.0,128.0,0.0,0.0,0.0,601.0,8.0,0.0,0.0,0.0,390.0,0.0,,1443.0,25.0,0.0,0.0,0.0,0.0,0.0,571.0,522.0,0.0,0.0,,519.0,146.0
2021-12-19 20:00:00+00:00,0.0,293.0,329.0,472.0,666.0,414.0,346.0,0.0,184.0,356.0,0.0,0.0,0.0,190.0,0.0,0.0,127.0,0.0,24.0,0.0,601.0,0.0,0.0,0.0,0.0,449.0,0.0,,1433.0,0.0,0.0,0.0,0.0,0.0,68.0,361.0,534.0,0.0,0.0,,544.0,144.0
2021-12-19 21:00:00+00:00,0.0,305.0,372.0,518.0,755.0,458.0,323.0,0.0,208.0,368.0,0.0,0.0,0.0,134.0,0.0,0.0,116.0,0.0,0.0,0.0,601.0,0.0,0.0,0.0,0.0,420.0,0.0,0.0,1404.0,10.0,0.0,0.0,0.0,0.0,106.0,274.0,611.0,0.0,0.0,157.0,543.0,142.0
2021-12-19 22:00:00+00:00,0.0,231.0,463.0,566.0,750.0,539.0,392.0,0.0,54.0,244.0,0.0,0.0,0.0,190.0,0.0,0.0,83.0,0.0,0.0,0.0,601.0,2.0,0.0,0.0,0.0,517.0,0.0,0.0,1409.0,59.0,0.0,0.0,0.0,0.0,71.0,270.0,634.0,0.0,0.0,167.0,561.0,140.0
2021-12-19 23:00:00+00:00,0.0,365.0,408.0,517.0,776.0,464.0,186.0,0.0,164.0,285.0,0.0,0.0,0.0,182.0,0.0,0.0,57.0,0.0,0.0,0.0,595.0,0.0,0.0,0.0,0.0,481.0,0.0,,1371.0,14.0,0.0,0.0,0.0,0.0,99.0,266.0,586.0,0.0,0.0,,582.0,143.0
2021-12-20 00:00:00+00:00,0.0,318.0,370.0,466.0,668.0,413.0,234.0,0.0,88.0,213.0,0.0,0.0,0.0,139.0,0.0,0.0,42.0,0.0,0.0,0.0,601.0,0.0,0.0,0.0,0.0,477.0,0.0,,1369.0,11.0,0.0,0.0,0.0,0.0,84.0,233.0,543.0,0.0,0.0,,552.0,140.0
2021-12-20 01:00:00+00:00,0.0,386.0,301.0,425.0,586.0,393.0,218.0,0.0,29.0,179.0,0.0,0.0,0.0,107.0,0.0,0.0,31.0,0.0,0.0,0.0,601.0,4.0,0.0,0.0,0.0,422.0,0.0,0.0,1370.0,14.0,0.0,0.0,0.0,0.0,96.0,225.0,475.0,0.0,0.0,177.0,541.0,141.0
2021-12-20 02:00:00+00:00,0.0,413.0,317.0,409.0,558.0,344.0,346.0,0.0,21.0,170.0,0.0,0.0,0.0,73.0,0.0,0.0,29.0,0.0,0.0,0.0,601.0,6.0,0.0,0.0,0.0,403.0,0.0,,1350.0,12.0,0.0,0.0,0.0,0.0,113.0,229.0,477.0,0.0,0.0,,533.0,143.0
2021-12-20 03:00:00+00:00,0.0,361.0,333.0,396.0,530.0,204.0,312.0,0.0,19.0,157.0,0.0,0.0,0.0,20.0,0.0,0.0,36.0,0.0,11.0,0.0,601.0,8.0,0.0,0.0,0.0,344.0,0.0,,1383.0,0.0,0.0,0.0,5.0,0.0,136.0,256.0,494.0,0.0,0.0,,507.0,144.0
2021-12-20 04:00:00+00:00,0.0,206.0,323.0,368.0,481.0,172.0,189.0,0.0,65.0,168.0,0.0,0.0,0.0,54.0,0.0,0.0,62.0,0.0,13.0,0.0,591.0,0.0,0.0,0.0,0.0,210.0,0.0,0.0,1371.0,0.0,0.0,0.0,11.0,0.0,112.0,336.0,506.0,0.0,0.0,285.0,447.0,142.0
2021-12-20 05:00:00+00:00,0.0,311.0,306.0,290.0,390.0,386.0,114.0,0.0,194.0,118.0,0.0,0.0,0.0,66.0,0.0,0.0,118.0,0.0,0.0,0.0,258.0,0.0,0.0,0.0,0.0,12.0,0.0,0.0,1371.0,1.0,0.0,0.0,0.0,0.0,87.0,505.0,384.0,1.0,0.0,404.0,429.0,140.0
2021-12-20 06:00:00+00:00,0.0,629.0,62.0,118.0,365.0,501.0,251.0,0.0,678.0,324.0,0.0,0.0,0.0,0.0,0.0,78.0,158.0,0.0,0.0,0.0,0.0,0.0,0.0,0.0,0.0,0.0,0.0,,1372.0,28.0,0.0,94.0,120.0,0.0,212.0,302.0,163.0,48.0,0.0,,374.0,143.0
2021-12-20 07:00:00+00:00,0.0,701.0,34.0,110.0,347.0,487.0,189.0,3.0,722.0,308.0,0.0,0.0,0.0,0.0,0.0,167.0,138.0,0.0,0.0,0.0,0.0,0.0,0.0,0.0,0.0,0.0,0.0,,1373.0,0.0,0.0,151.0,84.0,0.0,190.0,251.0,78.0,38.0,0.0,,273.0,142.0
2021-12-20 08:00:00+00:00,0.0,890.0,12.0,160.0,464.0,446.0,143.0,0.0,785.0,365.0,0.0,0.0,0.0,0.0,0.0,219.0,123.0,0.0,0.0,0.0,0.0,0.0,0.0,0.0,0.0,0.0,0.0,,1373.0,0.0,0.0,72.0,130.0,0.0,275.0,62.0,135.0,74.0,0.0,,218.0,140.0
2021-12-20 09:00:00+00:00,0.0,897.0,14.0,162.0,492.0,430.0,135.0,0.0,804.0,368.0,0.0,0.0,0.0,0.0,0.0,169.0,120.0,0.0,0.0,0.0,0.0,0.0,0.0,0.0,0.0,0.0,0.0,0.0,1356.0,0.0,0.0,32.0,149.0,0.0,287.0,43.0,147.0,54.0,0.0,122.0,172.0,142.0
2021-12-20 10:00:00+00:00,0.0,978.0,31.0,183.0,537.0,415.0,121.0,0.0,777.0,370.0,0.0,0.0,0.0,0.0,0.0,181.0,95.0,0.0,0.0,0.0,0.0,0.0,0.0,0.0,0.0,0.0,0.0,0.0,1372.0,0.0,0.0,26.0,177.0,0.0,321.0,0.0,195.0,27.0,25.0,69.0,164.0,142.0
2021-12-20 11:00:00+00:00,0.0,1037.0,19.0,154.0,503.0,415.0,138.0,0.0,781.0,365.0,0.0,0.0,0.0,0.0,0.0,164.0,79.0,0.0,0.0,0.0,0.0,0.0,0.0,0.0,0.0,68.0,0.0,0.0,1372.0,0.0,0.0,0.0,213.0,0.0,337.0,2.0,180.0,40.0,12.0,39.0,208.0,143.0
2021-12-20 12:00:00+00:00,0.0,999.0,10.0,130.0,438.0,415.0,138.0,0.0,746.0,309.0,0.0,0.0,0.0,0.0,0.0,286.0,98.0,0.0,0.0,0.0,0.0,0.0,0.0,0.0,0.0,66.0,0.0,0.0,1372.0,0.0,0.0,0.0,193.0,0.0,304.0,15.0,167.0,54.0,0.0,29.0,240.0,145.0
2021-12-20 13:00:00+00:00,0.0,873.0,9.0,117.0,385.0,413.0,156.0,0.0,715.0,278.0,0.0,0.0,0.0,0.0,0.0,204.0,107.0,0.0,0.0,0.0,0.0,0.0,0.0,0.0,0.0,97.0,0.0,0.0,1373.0,0.0,0.0,0.0,197.0,0.0,271.0,60.0,172.0,68.0,0.0,34.0,268.0,146.0
2021-12-20 14:00:00+00:00,0.0,650.0,12.0,96.0,327.0,370.0,280.0,0.0,661.0,236.0,0.0,0.0,0.0,0.0,0.0,82.0,124.0,0.0,0.0,0.0,0.0,0.0,0.0,0.0,0.0,9.0,0.0,,1372.0,0.0,0.0,0.0,232.0,0.0,233.0,106.0,161.0,65.0,0.0,,248.0,144.0
2021-12-20 15:00:00+00:00,0.0,457.0,25.0,161.0,388.0,388.0,369.0,0.0,558.0,206.0,0.0,0.0,0.0,0.0,0.0,0.0,102.0,0.0,0.0,0.0,67.0,0.0,0.0,0.0,0.0,0.0,0.0,0.0,1372.0,0.0,0.0,104.0,169.0,0.0,171.0,221.0,191.0,30.0,0.0,149.0,281.0,143.0
2021-12-20 16:00:00+00:00,0.0,520.0,46.0,238.0,484.0,408.0,398.0,0.0,509.0,155.0,0.0,0.0,0.0,0.0,0.0,0.0,125.0,0.0,0.0,0.0,95.0,0.0,0.0,0.0,0.0,0.0,0.0,0.0,1373.0,0.0,0.0,199.0,162.0,0.0,161.0,164.0,233.0,15.0,0.0,107.0,268.0,145.0
2021-12-20 17:00:00+00:00,0.0,548.0,76.0,286.0,552.0,344.0,340.0,0.0,522.0,191.0,0.0,0.0,0.0,0.0,0.0,0.0,142.0,0.0,0.0,0.0,284.0,0.0,0.0,0.0,0.0,0.0,0.0,0.0,1372.0,0.0,0.0,125.0,152.0,0.0,179.0,104.0,275.0,4.0,0.0,38.0,288.0,143.0
2021-12-20 18:00:00+00:00,0.0,733.0,102.0,305.0,609.0,523.0,256.0,0.0,554.0,261.0,0.0,0.0,0.0,0.0,0.0,0.0,144.0,0.0,0.0,0.0,307.0,0.0,0.0,0.0,0.0,0.0,0.0,3.0,1372.0,0.0,0.0,5.0,180.0,0.0,242.0,74.0,320.0,5.0,0.0,9.0,323.0,144.0
2021-12-20 19:00:00+00:00,0.0,872.0,102.0,289.0,611.0,588.0,317.0,0.0,604.0,320.0,0.0,0.0,0.0,0.0,0.0,0.0,143.0,0.0,0.0,0.0,330.0,0.0,0.0,0.0,0.0,169.0,0.0,12.0,1348.0,0.0,0.0,0.0,166.0,0.0,265.0,19.0,334.0,5.0,1.0,5.0,333.0,144.0
2021-12-20 20:00:00+00:00,0.0,886.0,138.0,322.0,658.0,639.0,287.0,0.0,601.0,399.0,0.0,0.0,0.0,0.0,0.0,0.0,140.0,0.0,0.0,0.0,577.0,0.0,0.0,0.0,0.0,297.0,0.0,11.0,1356.0,0.0,0.0,0.0,94.0,0.0,290.0,45.0,352.0,2.0,0.0,2.0,403.0,144.0
2021-12-20 21:00:00+00:00,0.0,880.0,188.0,359.0,673.0,562.0,248.0,0.0,584.0,341.0,0.0,0.0,0.0,0.0,0.0,0.0,142.0,0.0,0.0,0.0,585.0,0.0,0.0,0.0,0.0,382.0,0.0,39.0,1348.0,0.0,0.0,0.0,100.0,0.0,293.0,31.0,419.0,1.0,0.0,0.0,471.0,99.0
2021-12-20 22:00:00+00:00,0.0,862.0,279.0,400.0,667.0,622.0,320.0,0.0,418.0,280.0,0.0,0.0,0.0,0.0,0.0,0.0,101.0,0.0,0.0,0.0,586.0,0.0,0.0,0.0,0.0,513.0,0.0,0.0,1368.0,0.0,0.0,0.0,64.0,0.0,288.0,103.0,473.0,0.0,0.0,6.0,546.0,0.0
2021-12-20 23:00:00+00:00,0.0,917.0,314.0,400.0,715.0,629.0,553.0,0.0,445.0,381.0,0.0,0.0,0.0,0.0,0.0,0.0,72.0,0.0,0.0,0.0,600.0,0.0,0.0,0.0,0.0,570.0,0.0,,1385.0,0.0,0.0,0.0,73.0,0.0,337.0,37.0,474.0,0.0,7.0,,590.0,0.0
2021-12-21 00:00:00+00:00,0.0,835.0,321.0,408.0,709.0,587.0,577.0,0.0,379.0,353.0,0.0,0.0,0.0,0.0,0.0,0.0,50.0,0.0,0.0,0.0,601.0,0.0,0.0,0.0,0.0,661.0,0.0,66.0,1372.0,0.0,0.0,0.0,63.0,0.0,321.0,0.0,509.0,0.0,8.0,0.0,622.0,0.0
2021-12-21 01:00:00+00:00,0.0,867.0,323.0,390.0,697.0,590.0,579.0,0.0,351.0,357.0,0.0,0.0,0.0,0.0,0.0,0.0,42.0,0.0,0.0,0.0,601.0,0.0,0.0,0.0,0.0,658.0,0.0,104.0,1371.0,0.0,0.0,0.0,114.0,0.0,347.0,0.0,507.0,0.0,60.0,0.0,594.0,0.0
2021-12-21 02:00:00+00:00,0.0,887.0,314.0,375.0,659.0,653.0,543.0,0.0,357.0,341.0,0.0,0.0,0.0,0.0,0.0,0.0,39.0,0.0,0.0,0.0,601.0,0.0,0.0,0.0,0.0,629.0,0.0,97.0,1354.0,0.0,0.0,0.0,149.0,0.0,360.0,0.0,494.0,0.0,56.0,0.0,583.0,0.0
2021-12-21 03:00:00+00:00,0.0,954.0,261.0,319.0,636.0,548.0,558.0,0.0,466.0,401.0,0.0,0.0,0.0,0.0,0.0,0.0,48.0,0.0,0.0,0.0,601.0,0.0,0.0,0.0,0.0,608.0,0.0,48.0,1377.0,0.0,0.0,0.0,173.0,0.0,378.0,14.0,424.0,0.0,0.0,0.0,612.0,0.0
2021-12-21 04:00:00+00:00,0.0,930.0,154.0,232.0,547.0,395.0,369.0,0.0,583.0,420.0,0.0,0.0,0.0,0.0,0.0,0.0,72.0,0.0,0.0,0.0,593.0,0.0,0.0,0.0,0.0,498.0,0.0,5.0,1371.0,0.0,0.0,0.0,171.0,0.0,353.0,31.0,314.0,1.0,0.0,10.0,587.0,0.0
2021-12-21 05:00:00+00:00,0.0,1012.0,122.0,206.0,532.0,501.0,498.0,0.0,653.0,429.0,0.0,0.0,0.0,0.0,0.0,0.0,116.0,0.0,0.0,0.0,326.0,0.0,0.0,0.0,0.0,272.0,0.0,35.0,1370.0,0.0,0.0,0.0,182.0,0.0,340.0,102.0,281.0,4.0,0.0,3.0,467.0,0.0
2021-12-21 06:00:00+00:00,0.0,965.0,67.0,166.0,525.0,400.0,409.0,0.0,744.0,388.0,0.0,0.0,0.0,0.0,0.0,0.0,102.0,0.0,0.0,0.0,1.0,0.0,0.0,0.0,0.0,1.0,0.0,96.0,1370.0,0.0,0.0,0.0,248.0,0.0,341.0,53.0,226.0,13.0,0.0,0.0,386.0,0.0
2021-12-21 07:00:00+00:00,0.0,1188.0,37.0,187.0,582.0,404.0,381.0,0.0,824.0,413.0,0.0,0.0,0.0,0.0,0.0,60.0,156.0,0.0,0.0,0.0,0.0,0.0,0.0,0.0,0.0,34.0,0.0,169.0,1371.0,0.0,0.0,0.0,315.0,0.0,389.0,0.0,273.0,30.0,77.0,0.0,333.0,0.0
2021-12-21 08:00:00+00:00,0.0,1198.0,52.0,194.0,576.0,410.0,416.0,0.0,828.0,335.0,0.0,0.0,0.0,0.0,0.0,92.0,131.0,0.0,0.0,0.0,0.0,0.0,0.0,0.0,0.0,66.0,0.0,212.0,1371.0,0.0,0.0,0.0,237.0,0.0,370.0,0.0,235.0,13.0,186.0,0.0,263.0,0.0
2021-12-21 09:00:00+00:00,0.0,1262.0,59.0,199.0,584.0,260.0,268.0,0.0,813.0,321.0,0.0,0.0,0.0,0.0,0.0,166.0,88.0,0.0,0.0,0.0,0.0,0.0,0.0,0.0,0.0,94.0,0.0,227.0,1359.0,0.0,0.0,0.0,215.0,0.0,387.0,0.0,228.0,10.0,255.0,0.0,247.0,0.0
2021-12-21 10:00:00+00:00,0.0,1322.0,52.0,194.0,577.0,298.0,274.0,0.0,801.0,324.0,0.0,0.0,0.0,0.0,0.0,209.0,77.0,0.0,0.0,0.0,0.0,0.0,0.0,0.0,0.0,107.0,0.0,195.0,1370.0,0.0,0.0,0.0,172.0,0.0,387.0,0.0,225.0,14.0,228.0,0.0,252.0,0.0
2021-12-21 11:00:00+00:00,0.0,1353.0,30.0,154.0,523.0,327.0,331.0,0.0,803.0,305.0,0.0,0.0,0.0,0.0,0.0,326.0,74.0,0.0,0.0,0.0,0.0,0.0,0.0,0.0,0.0,92.0,0.0,155.0,1371.0,0.0,0.0,0.0,191.0,0.0,373.0,0.0,197.0,24.0,179.0,0.0,257.0,0.0
2021-12-21 12:00:00+00:00,0.0,1309.0,23.0,138.0,518.0,363.0,359.0,0.0,873.0,224.0,0.0,0.0,0.0,0.0,0.0,311.0,90.0,0.0,0.0,0.0,0.0,0.0,0.0,0.0,0.0,51.0,0.0,167.0,1372.0,0.0,0.0,0.0,194.0,0.0,343.0,0.0,157.0,35.0,135.0,0.0,302.0,0.0
2021-12-21 13:00:00+00:00,0.0,1215.0,18.0,107.0,458.0,354.0,314.0,0.0,858.0,226.0,0.0,0.0,0.0,0.0,0.0,325.0,100.0,0.0,0.0,0.0,0.0,0.0,0.0,0.0,0.0,0.0,0.0,56.0,1370.0,0.0,0.0,22.0,203.0,0.0,290.0,10.0,142.0,40.0,5.0,0.0,300.0,0.0
2021-12-21 14:00:00+00:00,0.0,833.0,63.0,119.0,382.0,320.0,340.0,0.0,621.0,165.0,0.0,0.0,0.0,0.0,0.0,303.0,23.0,0.0,0.0,0.0,0.0,0.0,0.0,0.0,0.0,0.0,0.0,0.0,1371.0,0.0,0.0,104.0,244.0,0.0,201.0,124.0,159.0,26.0,0.0,72.0,232.0,0.0
2021-12-21 15:00:00+00:00,0.0,720.0,23.0,149.0,414.0,354.0,329.0,0.0,633.0,206.0,0.0,0.0,0.0,0.0,0.0,196.0,11.0,0.0,0.0,0.0,0.0,0.0,0.0,0.0,0.0,0.0,0.0,19.0,1371.0,0.0,0.0,118.0,214.0,0.0,202.0,125.0,178.0,54.0,0.0,33.0,292.0,0.0
2021-12-21 16:00:00+00:00,0.0,815.0,64.0,218.0,494.0,365.0,329.0,0.0,595.0,252.0,0.0,0.0,0.0,0.0,0.0,149.0,0.0,0.0,0.0,0.0,0.0,0.0,0.0,1.0,0.0,0.0,0.0,113.0,1372.0,0.0,0.0,68.0,222.0,0.0,244.0,22.0,224.0,9.0,0.0,0.0,321.0,0.0
2021-12-21 17:00:00+00:00,0.0,834.0,111.0,286.0,567.0,313.0,323.0,0.0,540.0,240.0,0.0,0.0,0.0,0.0,0.0,136.0,0.0,0.0,0.0,0.0,0.0,0.0,0.0,0.0,0.0,0.0,0.0,155.0,1372.0,0.0,0.0,35.0,196.0,0.0,254.0,10.0,317.0,2.0,2.0,0.0,366.0,0.0
2021-12-21 18:00:00+00:00,0.0,753.0,112.0,270.0,555.0,321.0,309.0,0.0,539.0,242.0,0.0,0.0,0.0,0.0,0.0,89.0,9.0,0.0,0.0,0.0,0.0,0.0,0.0,0.0,0.0,0.0,0.0,17.0,1364.0,0.0,0.0,36.0,137.0,0.0,210.0,140.0,319.0,2.0,0.0,19.0,369.0,0.0
2021-12-21 19:00:00+00:00,0.0,523.0,114.0,274.0,571.0,422.0,396.0,0.0,583.0,295.0,0.0,0.0,0.0,0.0,0.0,0.0,44.0,0.0,0.0,0.0,264.0,0.0,0.0,0.0,0.0,24.0,0.0,0.0,1395.0,0.0,0.0,0.0,81.0,0.0,179.0,208.0,324.0,4.0,0.0,115.0,366.0,0.0
2021-12-21 20:00:00+00:00,0.0,605.0,76.0,261.0,577.0,461.0,469.0,0.0,693.0,439.0,0.0,0.0,0.0,6.0,0.0,0.0,92.0,0.0,0.0,0.0,509.0,0.0,0.0,0.0,0.0,181.0,0.0,0.0,1382.0,0.0,0.0,0.0,19.0,0.0,179.0,240.0,298.0,10.0,0.0,154.0,419.0,0.0
2021-12-21 21:00:00+00:00,0.0,652.0,150.0,351.0,644.0,392.0,423.0,0.0,584.0,375.0,0.0,0.0,0.0,72.0,0.0,0.0,121.0,0.0,0.0,0.0,593.0,0.0,0.0,0.0,0.0,183.0,0.0,0.0,1347.0,0.0,0.0,0.0,0.0,0.0,175.0,277.0,398.0,3.0,0.0,163.0,526.0,0.0
2021-12-21 22:00:00+00:00,0.0,663.0,194.0,339.0,626.0,439.0,402.0,0.0,581.0,391.0,0.0,0.0,0.0,114.0,0.0,0.0,100.0,0.0,0.0,0.0,600.0,0.0,0.0,0.0,0.0,220.0,0.0,0.0,1350.0,0.0,0.0,0.0,0.0,0.0,191.0,206.0,427.0,0.0,0.0,140.0,652.0,0.0
2021-12-21 23:00:00+00:00,0.0,673.0,159.0,330.0,648.0,594.0,213.0,0.0,572.0,425.0,0.0,0.0,0.0,142.0,0.0,0.0,74.0,0.0,0.0,0.0,600.0,0.0,0.0,0.0,0.0,384.0,0.0,0.0,1391.0,0.0,0.0,0.0,0.0,0.0,188.0,197.0,429.0,2.0,0.0,101.0,619.0,79.0
2021-12-22 00:00:00+00:00,0.0,764.0,209.0,346.0,650.0,607.0,257.0,0.0,464.0,379.0,0.0,0.0,0.0,89.0,0.0,0.0,53.0,0.0,0.0,0.0,600.0,0.0,0.0,0.0,0.0,522.0,0.0,0.0,1373.0,0.0,0.0,0.0,0.0,0.0,216.0,169.0,432.0,0.0,0.0,98.0,606.0,117.0
2021-12-22 01:00:00+00:00,0.0,729.0,194.0,318.0,607.0,617.0,240.0,0.0,459.0,379.0,0.0,0.0,0.0,70.0,0.0,0.0,44.0,0.0,0.0,0.0,601.0,0.0,0.0,0.0,0.0,579.0,0.0,0.0,1373.0,0.0,0.0,0.0,0.0,0.0,206.0,179.0,398.0,0.0,0.0,116.0,599.0,140.0
2021-12-22 02:00:00+00:00,0.0,748.0,181.0,286.0,557.0,585.0,231.0,0.0,477.0,367.0,0.0,0.0,0.0,53.0,0.0,0.0,39.0,0.0,0.0,0.0,600.0,0.0,0.0,0.0,0.0,473.0,0.0,0.0,1358.0,0.0,0.0,0.0,0.0,0.0,214.0,201.0,364.0,1.0,0.0,148.0,588.0,145.0
2021-12-22 03:00:00+00:00,0.0,707.0,176.0,278.0,522.0,571.0,156.0,0.0,444.0,342.0,0.0,0.0,0.0,60.0,0.0,0.0,46.0,0.0,0.0,0.0,601.0,0.0,0.0,0.0,0.0,467.0,0.0,0.0,1372.0,0.0,0.0,0.0,0.0,0.0,205.0,249.0,357.0,0.0,0.0,169.0,576.0,89.0
2021-12-22 04:00:00+00:00,0.0,358.0,128.0,230.0,420.0,269.0,245.0,0.0,412.0,272.0,0.0,0.0,0.0,179.0,0.0,0.0,71.0,0.0,0.0,0.0,589.0,0.0,0.0,0.0,0.0,287.0,0.0,0.0,1376.0,0.0,0.0,0.0,0.0,0.0,64.0,449.0,326.0,1.0,0.0,405.0,460.0,0.0
2021-12-22 05:00:00+00:00,0.0,580.0,63.0,132.0,324.0,369.0,315.0,0.0,525.0,191.0,0.0,0.0,0.0,76.0,0.0,0.0,116.0,0.0,0.0,0.0,225.0,0.0,0.0,0.0,0.0,8.0,0.0,0.0,1372.0,0.0,0.0,0.0,0.0,0.0,86.0,473.0,195.0,16.0,0.0,433.0,381.0,0.0
2021-12-22 06:00:00+00:00,0.0,451.0,6.0,73.0,301.0,313.0,330.0,0.0,720.0,301.0,0.0,0.0,0.0,53.0,0.0,0.0,92.0,0.0,0.0,0.0,131.0,0.0,0.0,0.0,0.0,0.0,0.0,0.0,1371.0,0.0,0.0,236.0,0.0,0.0,69.0,449.0,139.0,118.0,0.0,389.0,321.0,0.0
2021-12-22 07:00:00+00:00,0.0,504.0,2.0,86.0,330.0,281.0,275.0,1.0,765.0,319.0,0.0,0.0,0.0,37.0,0.0,0.0,90.0,0.0,0.0,0.0,76.0,0.0,0.0,0.0,0.0,0.0,0.0,0.0,1372.0,0.0,0.0,290.0,0.0,0.0,87.0,359.0,141.0,118.0,0.0,348.0,264.0,0.0
2021-12-22 08:00:00+00:00,0.0,587.0,1.0,88.0,362.0,321.0,316.0,0.0,861.0,343.0,0.0,0.0,0.0,58.0,0.0,0.0,119.0,0.0,0.0,0.0,2.0,0.0,0.0,0.0,0.0,0.0,0.0,0.0,1372.0,0.0,0.0,296.0,0.0,0.0,104.0,306.0,147.0,106.0,0.0,347.0,232.0,0.0
2021-12-22 09:00:00+00:00,0.0,694.0,4.0,92.0,377.0,329.0,339.0,0.0,868.0,344.0,0.0,0.0,0.0,67.0,0.0,0.0,106.0,0.0,0.0,0.0,1.0,0.0,0.0,0.0,0.0,0.0,0.0,0.0,1361.0,0.0,0.0,251.0,0.0,0.0,133.0,237.0,148.0,88.0,0.0,323.0,223.0,0.0
2021-12-22 10:00:00+00:00,0.0,836.0,8.0,93.0,393.0,326.0,330.0,0.0,852.0,323.0,0.0,0.0,0.0,36.0,0.0,0.0,72.0,0.0,0.0,0.0,1.0,0.0,0.0,0.0,0.0,0.0,0.0,0.0,1371.0,0.0,0.0,209.0,0.0,0.0,189.0,221.0,154.0,54.0,0.0,291.0,246.0,0.0
2021-12-22 11:00:00+00:00,0.0,858.0,6.0,74.0,356.0,310.0,326.0,0.0,823.0,297.0,0.0,0.0,0.0,8.0,0.0,0.0,100.0,0.0,0.0,0.0,1.0,0.0,0.0,0.0,0.0,0.0,0.0,0.0,1371.0,0.0,0.0,119.0,5.0,0.0,187.0,225.0,135.0,60.0,0.0,316.0,221.0,0.0
2021-12-22 12:00:00+00:00,0.0,833.0,2.0,62.0,336.0,321.0,333.0,0.0,815.0,288.0,0.0,0.0,0.0,0.0,0.0,0.0,115.0,0.0,0.0,0.0,1.0,0.0,0.0,0.0,0.0,0.0,0.0,0.0,1371.0,0.0,0.0,28.0,41.0,0.0,198.0,235.0,124.0,98.0,0.0,286.0,247.0,0.0
2021-12-22 13:00:00+00:00,0.0,598.0,5.0,97.0,305.0,332.0,359.0,0.0,649.0,199.0,0.0,0.0,0.0,3.0,0.0,0.0,125.0,0.0,0.0,0.0,54.0,0.0,0.0,0.0,0.0,0.0,0.0,0.0,1377.0,0.0,0.0,82.0,12.0,0.0,128.0,309.0,173.0,65.0,0.0,306.0,250.0,0.0
2021-12-22 14:00:00+00:00,0.0,544.0,2.0,70.0,294.0,370.0,377.0,0.0,690.0,226.0,0.0,0.0,0.0,0.0,0.0,0.0,118.0,0.0,0.0,0.0,2.0,0.0,0.0,0.0,0.0,0.0,0.0,0.0,1372.0,0.0,0.0,159.0,36.0,0.0,98.0,357.0,139.0,111.0,0.0,306.0,266.0,0.0
2021-12-22 15:00:00+00:00,0.0,378.0,3.0,94.0,279.0,468.0,451.0,0.0,549.0,173.0,0.0,0.0,0.0,26.0,0.0,0.0,57.0,0.0,0.0,0.0,1.0,0.0,0.0,0.0,0.0,0.0,0.0,0.0,1372.0,0.0,0.0,297.0,1.0,0.0,29.0,407.0,156.0,95.0,0.0,355.0,268.0,0.0
2021-12-22 16:00:00+00:00,0.0,285.0,13.0,140.0,309.0,492.0,479.0,0.0,443.0,162.0,0.0,0.0,0.0,74.0,0.0,0.0,4.0,0.0,12.0,0.0,52.0,0.0,0.0,0.0,0.0,0.0,0.0,0.0,1372.0,0.0,0.0,318.0,0.0,0.0,1.0,430.0,204.0,33.0,0.0,374.0,273.0,0.0
2021-12-22 17:00:00+00:00,0.0,368.0,28.0,174.0,361.0,500.0,515.0,0.0,475.0,184.0,0.0,0.0,0.0,59.0,0.0,0.0,0.0,0.0,0.0,0.0,77.0,0.0,0.0,0.0,0.0,0.0,0.0,0.0,1372.0,16.0,0.0,228.0,0.0,0.0,34.0,436.0,235.0,14.0,0.0,376.0,293.0,85.0
2021-12-22 18:00:00+00:00,0.0,356.0,42.0,178.0,368.0,514.0,547.0,0.0,468.0,195.0,0.0,0.0,0.0,103.0,0.0,0.0,20.0,0.0,0.0,0.0,115.0,0.0,0.0,0.0,0.0,0.0,0.0,0.0,1352.0,44.0,0.0,219.0,0.0,0.0,26.0,478.0,235.0,11.0,0.0,421.0,320.0,113.0
2021-12-22 19:00:00+00:00,0.0,344.0,66.0,214.0,403.0,587.0,632.0,0.0,410.0,217.0,0.0,0.0,0.0,158.0,0.0,0.0,63.0,0.0,0.0,0.0,317.0,0.0,0.0,0.0,0.0,0.0,0.0,0.0,1376.0,71.0,0.0,130.0,0.0,0.0,50.0,474.0,285.0,12.0,0.0,409.0,382.0,138.0
2021-12-22 20:00:00+00:00,0.0,321.0,124.0,258.0,423.0,625.0,708.0,0.0,357.0,174.0,0.0,0.0,0.0,203.0,0.0,0.0,121.0,0.0,0.0,0.0,492.0,0.0,0.0,0.0,0.0,35.0,0.0,0.0,1356.0,61.0,0.0,0.0,0.0,0.0,37.0,461.0,330.0,1.0,0.0,420.0,418.0,140.0
2021-12-22 21:00:00+00:00,0.0,486.0,108.0,275.0,500.0,688.0,714.0,0.0,506.0,266.0,0.0,0.0,0.0,167.0,0.0,0.0,139.0,0.0,0.0,0.0,552.0,0.0,0.0,0.0,0.0,141.0,0.0,,1374.0,68.0,0.0,0.0,0.0,0.0,99.0,402.0,350.0,6.0,0.0,,487.0,139.0
2021-12-22 22:00:00+00:00,0.0,557.0,158.0,286.0,502.0,671.0,665.0,0.0,448.0,262.0,0.0,0.0,0.0,153.0,0.0,0.0,94.0,0.0,0.0,0.0,584.0,0.0,0.0,0.0,0.0,244.0,0.0,0.0,1369.0,65.0,0.0,0.0,0.0,0.0,136.0,360.0,384.0,0.0,0.0,284.0,550.0,141.0
2021-12-22 23:00:00+00:00,0.0,564.0,144.0,291.0,549.0,676.0,651.0,0.0,478.0,336.0,0.0,0.0,0.0,107.0,0.0,0.0,64.0,0.0,0.0,0.0,600.0,0.0,0.0,0.0,0.0,300.0,0.0,0.0,1366.0,58.0,0.0,0.0,0.0,0.0,165.0,283.0,404.0,1.0,0.0,223.0,609.0,140.0
2021-12-23 00:00:00+00:00,0.0,441.0,182.0,284.0,524.0,632.0,649.0,0.0,393.0,286.0,0.0,0.0,0.0,101.0,0.0,0.0,47.0,0.0,0.0,0.0,601.0,0.0,0.0,0.0,0.0,434.0,0.0,0.0,1371.0,58.0,0.0,0.0,0.0,0.0,136.0,247.0,392.0,0.0,0.0,242.0,618.0,141.0
2021-12-23 01:00:00+00:00,0.0,388.0,170.0,283.0,548.0,624.0,655.0,0.0,472.0,351.0,0.0,0.0,0.0,130.0,0.0,0.0,36.0,0.0,0.0,0.0,601.0,0.0,0.0,0.0,0.0,473.0,0.0,0.0,1372.0,67.0,0.0,0.0,0.0,0.0,126.0,252.0,380.0,3.0,0.0,247.0,635.0,139.0
2021-12-23 02:00:00+00:00,0.0,355.0,202.0,278.0,484.0,638.0,640.0,0.0,379.0,283.0,0.0,0.0,0.0,122.0,0.0,0.0,34.0,0.0,0.0,0.0,601.0,0.0,0.0,0.0,0.0,430.0,0.0,0.0,1364.0,81.0,0.0,0.0,0.0,0.0,116.0,284.0,376.0,0.0,0.0,300.0,613.0,131.0
2021-12-23 03:00:00+00:00,0.0,356.0,150.0,222.0,439.0,578.0,593.0,0.0,472.0,318.0,0.0,0.0,0.0,93.0,0.0,0.0,40.0,0.0,0.0,0.0,601.0,0.0,0.0,0.0,0.0,377.0,0.0,0.0,1369.0,99.0,0.0,0.0,0.0,0.0,118.0,306.0,302.0,2.0,0.0,324.0,571.0,86.0
2021-12-23 04:00:00+00:00,0.0,189.0,135.0,206.0,380.0,509.0,548.0,0.0,399.0,244.0,0.0,0.0,0.0,165.0,0.0,0.0,62.0,0.0,0.0,0.0,595.0,0.0,0.0,0.0,0.0,216.0,0.0,0.0,1365.0,84.0,0.0,0.0,0.0,0.0,22.0,449.0,320.0,1.0,0.0,476.0,475.0,0.0
2021-12-23 05:00:00+00:00,0.0,278.0,90.0,172.0,300.0,542.0,574.0,0.0,384.0,147.0,0.0,0.0,0.0,174.0,0.0,0.0,97.0,0.0,0.0,0.0,414.0,0.0,0.0,0.0,0.0,0.0,0.0,0.0,1368.0,96.0,0.0,70.0,0.0,0.0,35.0,539.0,301.0,5.0,0.0,521.0,442.0,0.0
2021-12-23 06:00:00+00:00,0.0,275.0,26.0,122.0,278.0,554.0,643.0,0.0,522.0,158.0,0.0,0.0,0.0,138.0,0.0,0.0,96.0,0.0,0.0,0.0,321.0,0.0,0.0,0.0,0.0,0.0,0.0,0.0,1369.0,71.0,0.0,241.0,0.0,0.0,37.0,560.0,226.0,50.0,0.0,495.0,416.0,0.0
2021-12-23 07:00:00+00:00,0.0,438.0,6.0,94.0,283.0,552.0,624.0,0.0,635.0,192.0,0.0,0.0,0.0,64.0,0.0,0.0,73.0,0.0,0.0,0.0,146.0,0.0,0.0,0.0,0.0,0.0,0.0,0.0,1370.0,77.0,0.0,276.0,0.0,0.0,72.0,445.0,174.0,50.0,0.0,444.0,347.0,0.0
2021-12-23 08:00:00+00:00,0.0,525.0,2.0,85.0,303.0,555.0,651.0,0.0,720.0,231.0,0.0,0.0,0.0,29.0,0.0,0.0,143.0,0.0,0.0,0.0,135.0,0.0,0.0,0.0,0.0,0.0,0.0,0.0,1368.0,54.0,0.0,224.0,1.0,0.0,112.0,340.0,175.0,65.0,0.0,398.0,329.0,0.0
2021-12-23 09:00:00+00:00,0.0,496.0,5.0,106.0,363.0,581.0,659.0,0.0,748.0,304.0,0.0,0.0,0.0,0.0,0.0,0.0,122.0,0.0,0.0,0.0,241.0,0.0,0.0,0.0,0.0,0.0,0.0,0.0,1375.0,63.0,0.0,196.0,0.0,0.0,125.0,310.0,175.0,51.0,0.0,355.0,357.0,0.0
2021-12-23 10:00:00+00:00,0.0,593.0,16.0,141.0,391.0,564.0,638.0,0.0,683.0,273.0,0.0,0.0,0.0,0.0,0.0,0.0,101.0,0.0,0.0,0.0,198.0,0.0,0.0,0.0,0.0,0.0,0.0,0.0,1365.0,70.0,0.0,135.0,0.0,0.0,144.0,302.0,230.0,32.0,0.0,326.0,383.0,0.0
2021-12-23 11:00:00+00:00,0.0,647.0,4.0,104.0,350.0,614.0,658.0,0.0,702.0,263.0,0.0,0.0,0.0,0.0,0.0,0.0,107.0,0.0,0.0,0.0,99.0,0.0,0.0,0.0,0.0,0.0,0.0,0.0,1365.0,59.0,0.0,99.0,0.0,0.0,147.0,330.0,163.0,50.0,0.0,348.0,374.0,0.0
2021-12-23 12:00:00+00:00,0.0,388.0,16.0,131.0,316.0,626.0,651.0,0.0,544.0,186.0,0.0,0.0,0.0,46.0,0.0,0.0,111.0,0.0,0.0,0.0,224.0,0.0,0.0,0.0,0.0,0.0,0.0,0.0,1363.0,66.0,0.0,60.0,0.0,0.0,85.0,375.0,214.0,33.0,0.0,409.0,355.0,0.0
2021-12-23 13:00:00+00:00,0.0,316.0,17.0,102.0,233.0,619.0,645.0,0.0,471.0,124.0,0.0,0.0,0.0,74.0,0.0,0.0,120.0,0.0,0.0,0.0,157.0,0.0,0.0,0.0,0.0,0.0,0.0,0.0,1365.0,64.0,0.0,92.0,0.0,0.0,50.0,461.0,188.0,26.0,0.0,479.0,354.0,0.0
2021-12-23 14:00:00+00:00,9.0,320.0,18.0,94.0,168.0,609.0,584.0,0.0,349.0,5.0,0.0,0.0,0.0,37.0,0.0,124.0,107.0,0.0,0.0,0.0,0.0,0.0,0.0,0.0,0.0,0.0,0.0,0.0,1370.0,82.0,0.0,108.0,0.0,0.0,26.0,534.0,205.0,25.0,0.0,538.0,332.0,0.0
2021-12-23 15:00:00+00:00,10.0,281.0,27.0,122.0,194.0,676.0,549.0,0.0,293.0,15.0,0.0,0.0,4.0,61.0,0.0,157.0,81.0,0.0,0.0,0.0,0.0,0.0,0.0,0.0,0.0,0.0,0.0,0.0,1369.0,87.0,0.0,256.0,0.0,0.0,0.0,581.0,235.0,23.0,0.0,578.0,343.0,0.0
2021-12-23 16:00:00+00:00,4.0,98.0,130.0,205.0,280.0,671.0,567.0,0.0,201.0,13.0,0.0,0.0,35.0,119.0,0.0,0.0,46.0,0.0,0.0,0.0,55.0,0.0,0.0,0.0,0.0,0.0,0.0,0.0,1369.0,78.0,0.0,230.0,0.0,0.0,0.0,573.0,309.0,1.0,0.0,578.0,345.0,0.0
2021-12-23 17:00:00+00:00,28.0,19.0,184.0,271.0,311.0,634.0,601.0,0.0,95.0,1.0,0.0,0.0,51.0,155.0,0.0,0.0,36.0,0.0,0.0,0.0,262.0,0.0,0.0,0.0,0.0,0.0,0.0,0.0,1368.0,83.0,0.0,120.0,0.0,0.0,0.0,574.0,412.0,0.0,0.0,594.0,356.0,81.0
2021-12-23 18:00:00+00:00,49.0,0.0,261.0,346.0,373.0,681.0,516.0,0.0,9.0,1.0,0.0,63.0,31.0,180.0,0.0,0.0,36.0,0.0,0.0,0.0,400.0,26.0,0.0,0.0,0.0,24.0,0.0,0.0,1346.0,98.0,0.0,0.0,0.0,0.0,0.0,558.0,529.0,0.0,0.0,583.0,377.0,116.0
2021-12-23 19:00:00+00:00,0.0,128.0,305.0,349.0,454.0,716.0,441.0,0.0,120.0,102.0,0.0,0.0,0.0,160.0,0.0,0.0,96.0,0.0,0.0,0.0,570.0,0.0,0.0,0.0,0.0,153.0,0.0,0.0,1341.0,105.0,0.0,0.0,0.0,0.0,57.0,435.0,506.0,0.0,0.0,463.0,411.0,141.0
2021-12-23 20:00:00+00:00,0.0,286.0,331.0,420.0,547.0,668.0,305.0,0.0,73.0,114.0,0.0,0.0,0.0,170.0,0.0,0.0,114.0,0.0,0.0,0.0,576.0,0.0,0.0,0.0,0.0,336.0,0.0,0.0,1347.0,61.0,0.0,0.0,0.0,0.0,113.0,371.0,541.0,0.0,0.0,358.0,509.0,142.0
2021-12-23 21:00:00+00:00,0.0,308.0,394.0,443.0,599.0,505.0,514.0,0.0,130.0,110.0,0.0,0.0,0.0,92.0,0.0,0.0,135.0,0.0,0.0,0.0,587.0,0.0,0.0,0.0,0.0,389.0,0.0,0.0,1358.0,23.0,0.0,0.0,0.0,0.0,149.0,200.0,567.0,0.0,0.0,211.0,529.0,142.0
2021-12-23 22:00:00+00:00,0.0,376.0,457.0,502.0,715.0,558.0,558.0,0.0,142.0,148.0,0.0,0.0,0.0,46.0,0.0,0.0,94.0,0.0,0.0,0.0,600.0,0.0,0.0,0.0,0.0,429.0,0.0,0.0,1346.0,41.0,0.0,0.0,2.0,0.0,205.0,108.0,661.0,0.0,0.0,127.0,579.0,142.0
2021-12-23 23:00:00+00:00,0.0,325.0,469.0,498.0,692.0,805.0,587.0,0.0,74.0,165.0,0.0,0.0,0.0,135.0,0.0,0.0,46.0,0.0,0.0,0.0,600.0,1.0,0.0,0.0,0.0,404.0,0.0,0.0,1391.0,102.0,0.0,0.0,0.0,0.0,160.0,305.0,682.0,0.0,0.0,156.0,588.0,141.0
2021-12-24 00:00:00+00:00,0.0,119.0,503.0,503.0,639.0,795.0,604.0,0.0,5.0,97.0,0.0,0.0,0.0,195.0,0.0,0.0,29.0,0.0,0.0,0.0,600.0,34.0,0.0,0.0,0.0,547.0,0.0,0.0,1367.0,106.0,0.0,0.0,0.0,0.0,75.0,369.0,706.0,0.0,0.0,202.0,625.0,140.0
2021-12-24 01:00:00+00:00,0.0,34.0,493.0,478.0,593.0,787.0,598.0,0.0,5.0,100.0,0.0,0.0,0.0,201.0,0.0,0.0,32.0,0.0,0.0,0.0,600.0,27.0,0.0,0.0,0.0,599.0,0.0,0.0,1368.0,105.0,0.0,0.0,0.0,0.0,38.0,347.0,685.0,0.0,0.0,208.0,596.0,143.0
2021-12-24 02:00:00+00:00,0.0,0.0,438.0,447.0,496.0,700.0,559.0,0.0,0.0,50.0,0.0,72.0,25.0,274.0,0.0,0.0,33.0,0.0,0.0,0.0,600.0,95.0,0.0,0.0,0.0,465.0,0.0,0.0,1362.0,123.0,0.0,0.0,0.0,0.0,0.0,387.0,612.0,0.0,0.0,258.0,586.0,140.0
2021-12-24 03:00:00+00:00,0.0,0.0,436.0,442.0,495.0,674.0,533.0,0.0,0.0,67.0,0.0,38.0,16.0,273.0,0.0,0.0,37.0,0.0,0.0,0.0,600.0,82.0,0.0,0.0,0.0,435.0,0.0,0.0,1365.0,125.0,0.0,0.0,0.0,0.0,0.0,417.0,616.0,0.0,0.0,264.0,569.0,104.0
2021-12-24 04:00:00+00:00,0.0,0.0,525.0,478.0,564.0,611.0,542.0,0.0,1.0,24.0,0.0,37.0,25.0,279.0,0.0,0.0,52.0,0.0,0.0,0.0,600.0,52.0,0.0,0.0,0.0,402.0,0.0,0.0,1368.0,110.0,0.0,0.0,0.0,0.0,0.0,482.0,663.0,0.0,0.0,298.0,509.0,0.0
2021-12-24 05:00:00+00:00,6.0,35.0,516.0,451.0,502.0,595.0,531.0,0.0,2.0,27.0,0.0,0.0,0.0,223.0,0.0,0.0,80.0,0.0,0.0,0.0,600.0,83.0,0.0,0.0,0.0,390.0,0.0,0.0,1368.0,99.0,0.0,0.0,0.0,0.0,33.0,569.0,621.0,0.0,0.0,325.0,353.0,0.0
2021-12-24 06:00:00+00:00,0.0,279.0,390.0,443.0,582.0,532.0,468.0,0.0,137.0,109.0,0.0,0.0,0.0,128.0,0.0,0.0,93.0,0.0,0.0,0.0,600.0,0.0,0.0,0.0,0.0,304.0,0.0,0.0,1370.0,79.0,0.0,0.0,0.0,0.0,140.0,514.0,576.0,0.0,0.0,186.0,357.0,0.0
2021-12-24 07:00:00+00:00,0.0,458.0,338.0,423.0,624.0,570.0,470.0,0.0,302.0,230.0,0.0,0.0,0.0,59.0,0.0,0.0,42.0,0.0,0.0,0.0,598.0,0.0,0.0,0.0,0.0,264.0,0.0,0.0,1371.0,92.0,0.0,0.0,0.0,0.0,192.0,447.0,539.0,0.0,0.0,103.0,373.0,0.0
2021-12-24 08:00:00+00:00,0.0,491.0,329.0,433.0,674.0,521.0,501.0,0.0,360.0,290.0,0.0,0.0,0.0,14.0,0.0,0.0,14.0,0.0,0.0,0.0,598.0,0.0,0.0,0.0,0.0,343.0,0.0,0.0,1371.0,69.0,0.0,0.0,3.0,0.0,218.0,405.0,545.0,0.0,0.0,56.0,397.0,0.0
2021-12-24 09:00:00+00:00,0.0,504.0,330.0,424.0,699.0,528.0,505.0,0.0,365.0,345.0,0.0,0.0,0.0,2.0,0.0,0.0,54.0,0.0,0.0,0.0,594.0,0.0,0.0,0.0,0.0,366.0,0.0,10.0,1401.0,63.0,0.0,0.0,18.0,0.0,237.0,348.0,550.0,0.0,0.0,1.0,420.0,0.0
2021-12-24 10:00:00+00:00,0.0,575.0,402.0,446.0,713.0,558.0,509.0,0.0,317.0,326.0,0.0,0.0,0.0,0.0,0.0,0.0,44.0,0.0,0.0,0.0,469.0,0.0,0.0,0.0,0.0,395.0,0.0,36.0,1372.0,68.0,0.0,0.0,34.0,0.0,262.0,335.0,578.0,0.0,0.0,0.0,434.0,0.0
2021-12-24 11:00:00+00:00,0.0,547.0,406.0,460.0,717.0,494.0,571.0,0.0,259.0,308.0,0.0,0.0,0.0,1.0,0.0,0.0,41.0,0.0,0.0,0.0,409.0,0.0,0.0,0.0,0.0,432.0,0.0,39.0,1371.0,34.0,0.0,0.0,16.0,0.0,262.0,342.0,615.0,0.0,0.0,0.0,443.0,0.0
2021-12-24 12:00:00+00:00,0.0,532.0,426.0,451.0,682.0,524.0,589.0,0.0,252.0,261.0,0.0,0.0,0.0,0.0,0.0,0.0,53.0,0.0,0.0,0.0,413.0,0.0,0.0,0.0,0.0,544.0,0.0,29.0,1371.0,38.0,0.0,0.0,36.0,0.0,266.0,335.0,586.0,0.0,0.0,0.0,416.0,0.0
2021-12-24 13:00:00+00:00,0.0,409.0,422.0,458.0,652.0,518.0,594.0,0.0,194.0,217.0,0.0,0.0,0.0,0.0,0.0,0.0,70.0,0.0,0.0,0.0,536.0,0.0,0.0,0.0,0.0,624.0,0.0,0.0,1367.0,32.0,0.0,0.0,35.0,0.0,257.0,375.0,593.0,0.0,0.0,14.0,395.0,0.0
2021-12-24 14:00:00+00:00,0.0,284.0,422.0,461.0,632.0,589.0,494.0,0.0,123.0,164.0,0.0,0.0,0.0,3.0,0.0,0.0,107.0,0.0,0.0,0.0,597.0,0.0,0.0,0.0,0.0,502.0,0.0,0.0,1369.0,30.0,0.0,0.0,19.0,0.0,211.0,401.0,578.0,0.0,0.0,55.0,356.0,0.0
2021-12-24 15:00:00+00:00,0.0,186.0,395.0,448.0,584.0,598.0,561.0,0.0,58.0,107.0,0.0,0.0,0.0,70.0,0.0,0.0,125.0,0.0,0.0,0.0,601.0,1.0,0.0,0.0,0.0,252.0,0.0,0.0,1367.0,22.0,0.0,0.0,0.0,0.0,135.0,491.0,580.0,0.0,0.0,166.0,338.0,0.0
2021-12-24 16:00:00+00:00,0.0,141.0,442.0,486.0,636.0,610.0,543.0,0.0,61.0,108.0,0.0,0.0,0.0,68.0,0.0,0.0,115.0,0.0,0.0,0.0,600.0,0.0,0.0,0.0,0.0,218.0,0.0,0.0,1369.0,37.0,0.0,0.0,0.0,0.0,133.0,457.0,606.0,0.0,0.0,133.0,355.0,0.0
2021-12-24 17:00:00+00:00,0.0,259.0,504.0,503.0,678.0,605.0,528.0,0.0,67.0,148.0,0.0,0.0,0.0,24.0,0.0,0.0,143.0,0.0,0.0,0.0,601.0,0.0,0.0,0.0,0.0,319.0,0.0,0.0,1370.0,50.0,0.0,0.0,1.0,0.0,182.0,383.0,613.0,0.0,0.0,55.0,381.0,0.0
2021-12-24 18:00:00+00:00,0.0,358.0,479.0,491.0,681.0,598.0,534.0,0.0,134.0,161.0,0.0,0.0,0.0,9.0,0.0,0.0,137.0,0.0,0.0,0.0,601.0,0.0,0.0,0.0,0.0,455.0,0.0,0.0,1402.0,48.0,0.0,0.0,3.0,0.0,208.0,347.0,587.0,0.0,0.0,37.0,398.0,0.0
2021-12-24 19:00:00+00:00,0.0,331.0,439.0,485.0,708.0,662.0,469.0,0.0,195.0,254.0,0.0,0.0,0.0,2.0,0.0,0.0,162.0,0.0,0.0,0.0,601.0,0.0,0.0,0.0,0.0,415.0,0.0,30.0,1405.0,19.0,0.0,0.0,18.0,0.0,248.0,258.0,581.0,0.0,0.0,0.0,417.0,0.0
2021-12-24 20:00:00+00:00,0.0,110.0,473.0,502.0,669.0,582.0,567.0,0.0,100.0,200.0,0.0,0.0,0.0,55.0,0.0,0.0,144.0,0.0,24.0,0.0,601.0,0.0,0.0,0.0,0.0,448.0,0.0,0.0,1404.0,0.0,0.0,0.0,0.0,0.0,199.0,300.0,592.0,0.0,0.0,26.0,444.0,0.0
2021-12-24 21:00:00+00:00,0.0,2.0,511.0,528.0,687.0,518.0,400.0,0.0,102.0,244.0,0.0,0.0,0.0,72.0,0.0,0.0,116.0,0.0,46.0,0.0,601.0,0.0,0.0,0.0,0.0,360.0,0.0,17.0,1405.0,0.0,0.0,0.0,0.0,0.0,172.0,265.0,638.0,0.0,0.0,8.0,521.0,0.0
2021-12-24 22:00:00+00:00,0.0,0.0,599.0,534.0,700.0,671.0,497.0,0.0,104.0,246.0,0.0,31.0,0.0,93.0,0.0,0.0,84.0,0.0,0.0,0.0,601.0,0.0,0.0,0.0,0.0,330.0,0.0,18.0,1401.0,13.0,0.0,0.0,0.0,0.0,160.0,198.0,576.0,0.0,0.0,5.0,614.0,0.0
2021-12-24 23:00:00+00:00,0.0,0.0,488.0,526.0,741.0,606.0,155.0,0.0,159.0,302.0,0.0,89.0,0.0,218.0,0.0,0.0,54.0,0.0,0.0,0.0,584.0,0.0,0.0,0.0,0.0,574.0,0.0,0.0,1395.0,3.0,0.0,0.0,0.0,0.0,80.0,271.0,620.0,0.0,0.0,93.0,612.0,0.0
2021-12-25 00:00:00+00:00,0.0,9.0,517.0,518.0,732.0,564.0,163.0,0.0,96.0,263.0,0.0,0.0,0.0,185.0,0.0,0.0,35.0,0.0,7.0,0.0,593.0,0.0,0.0,0.0,0.0,622.0,0.0,0.0,1370.0,0.0,0.0,0.0,0.0,0.0,97.0,227.0,613.0,0.0,0.0,84.0,594.0,0.0
2021-12-25 01:00:00+00:00,0.0,57.0,635.0,497.0,698.0,585.0,197.0,0.0,65.0,220.0,0.0,0.0,0.0,153.0,0.0,0.0,27.0,0.0,1.0,0.0,601.0,0.0,0.0,0.0,0.0,737.0,0.0,0.0,1371.0,0.0,0.0,0.0,0.0,0.0,105.0,196.0,532.0,0.0,0.0,78.0,568.0,0.0
2021-12-25 02:00:00+00:00,0.0,161.0,611.0,498.0,697.0,528.0,184.0,0.0,66.0,212.0,0.0,0.0,0.0,80.0,0.0,0.0,22.0,0.0,4.0,0.0,600.0,0.0,0.0,0.0,0.0,657.0,0.0,0.0,1372.0,0.0,0.0,0.0,0.0,0.0,158.0,156.0,530.0,0.0,0.0,37.0,566.0,0.0
2021-12-25 03:00:00+00:00,0.0,174.0,621.0,494.0,681.0,495.0,165.0,0.0,48.0,212.0,0.0,0.0,0.0,37.0,0.0,0.0,22.0,0.0,1.0,0.0,600.0,3.0,0.0,0.0,0.0,618.0,0.0,0.0,1371.0,0.0,0.0,0.0,0.0,0.0,175.0,136.0,497.0,0.0,0.0,23.0,539.0,0.0
2021-12-25 04:00:00+00:00,0.0,113.0,484.0,497.0,683.0,456.0,291.0,0.0,50.0,205.0,0.0,0.0,0.0,45.0,0.0,0.0,31.0,0.0,14.0,0.0,600.0,0.0,0.0,0.0,0.0,600.0,0.0,0.0,1372.0,0.0,0.0,0.0,0.0,0.0,164.0,154.0,573.0,0.0,0.0,30.0,501.0,0.0
2021-12-25 05:00:00+00:00,0.0,115.0,578.0,490.0,646.0,463.0,388.0,0.0,21.0,176.0,0.0,0.0,0.0,67.0,0.0,0.0,43.0,0.0,18.0,0.0,600.0,5.0,0.0,0.0,0.0,548.0,0.0,0.0,1372.0,0.0,0.0,0.0,0.0,0.0,159.0,216.0,533.0,0.0,0.0,49.0,512.0,0.0
2021-12-25 06:00:00+00:00,0.0,206.0,534.0,474.0,685.0,549.0,441.0,0.0,183.0,282.0,0.0,0.0,0.0,30.0,0.0,0.0,67.0,0.0,7.0,0.0,601.0,0.0,0.0,0.0,0.0,510.0,0.0,1.0,1352.0,0.0,0.0,0.0,2.0,0.0,202.0,247.0,542.0,0.0,0.0,14.0,501.0,0.0
2021-12-25 07:00:00+00:00,0.0,229.0,474.0,475.0,741.0,602.0,421.0,0.0,385.0,397.0,0.0,0.0,0.0,36.0,0.0,0.0,68.0,0.0,2.0,0.0,601.0,0.0,0.0,0.0,0.0,453.0,0.0,11.0,1348.0,0.0,0.0,0.0,6.0,0.0,228.0,249.0,516.0,0.0,0.0,7.0,490.0,0.0
2021-12-25 08:00:00+00:00,0.0,122.0,392.0,481.0,751.0,622.0,385.0,0.0,405.0,402.0,0.0,0.0,0.0,62.0,0.0,0.0,77.0,0.0,18.0,0.0,595.0,0.0,0.0,0.0,0.0,319.0,0.0,0.0,1400.0,0.0,0.0,0.0,0.0,0.0,212.0,218.0,551.0,0.0,0.0,11.0,449.0,0.0
2021-12-25 09:00:00+00:00,0.0,237.0,370.0,477.0,774.0,583.0,460.0,0.0,410.0,421.0,0.0,0.0,0.0,44.0,0.0,0.0,66.0,0.0,23.0,0.0,430.0,0.0,0.0,0.0,0.0,280.0,0.0,9.0,1311.0,0.0,0.0,0.0,1.0,0.0,238.0,198.0,523.0,0.0,0.0,2.0,456.0,0.0
2021-12-25 10:00:00+00:00,0.0,308.0,350.0,474.0,788.0,580.0,488.0,0.0,424.0,430.0,0.0,0.0,0.0,34.0,0.0,0.0,52.0,0.0,31.0,0.0,417.0,0.0,0.0,0.0,0.0,297.0,0.0,11.0,1282.0,0.0,0.0,0.0,0.0,0.0,253.0,181.0,515.0,0.0,0.0,0.0,460.0,0.0
2021-12-25 11:00:00+00:00,0.0,340.0,334.0,474.0,787.0,610.0,573.0,0.0,415.0,430.0,0.0,0.0,0.0,48.0,0.0,0.0,27.0,0.0,15.0,0.0,412.0,0.0,0.0,0.0,0.0,310.0,0.0,4.0,1271.0,0.0,0.0,0.0,0.0,0.0,238.0,182.0,487.0,0.0,0.0,0.0,452.0,0.0
2021-12-25 12:00:00+00:00,0.0,441.0,274.0,433.0,768.0,602.0,544.0,0.0,507.0,475.0,0.0,0.0,0.0,7.0,0.0,0.0,27.0,0.0,29.0,0.0,392.0,0.0,0.0,0.0,0.0,336.0,0.0,117.0,1299.0,0.0,0.0,0.0,9.0,0.0,266.0,119.0,411.0,0.0,0.0,0.0,493.0,0.0
2021-12-25 13:00:00+00:00,0.0,373.0,334.0,439.0,728.0,645.0,516.0,0.0,379.0,392.0,0.0,0.0,0.0,14.0,0.0,0.0,39.0,0.0,25.0,,373.0,0.0,0.0,0.0,0.0,341.0,,145.0,1362.0,0.0,0.0,0.0,4.0,0.0,231.0,120.0,459.0,0.0,0.0,0.0,494.0,0.0
2021-12-25 14:00:00+00:00,0.0,342.0,372.0,430.0,707.0,618.0,454.0,0.0,348.0,314.0,0.0,0.0,0.0,1.0,0.0,0.0,57.0,0.0,54.0,0.0,320.0,0.0,0.0,0.0,0.0,337.0,0.0,97.0,1369.0,0.0,0.0,0.0,30.0,0.0,224.0,144.0,476.0,0.0,0.0,0.0,450.0,0.0
2021-12-25 15:00:00+00:00,0.0,139.0,402.0,440.0,689.0,676.0,455.0,0.0,254.0,248.0,0.0,0.0,0.0,1.0,0.0,0.0,87.0,0.0,36.0,0.0,475.0,0.0,0.0,0.0,0.0,266.0,0.0,25.0,1379.0,0.0,0.0,0.0,26.0,0.0,181.0,189.0,508.0,0.0,0.0,0.0,422.0,0.0
2021-12-25 16:00:00+00:00,0.0,122.0,438.0,466.0,703.0,592.0,420.0,0.0,196.0,251.0,0.0,0.0,0.0,1.0,0.0,0.0,89.0,0.0,55.0,0.0,550.0,0.0,0.0,0.0,0.0,261.0,0.0,37.0,1364.0,0.0,0.0,0.0,20.0,0.0,174.0,172.0,552.0,0.0,0.0,0.0,413.0,0.0
2021-12-25 17:00:00+00:00,0.0,69.0,461.0,438.0,645.0,574.0,395.0,0.0,142.0,178.0,0.0,0.0,0.0,1.0,0.0,0.0,66.0,0.0,58.0,0.0,599.0,0.0,0.0,0.0,0.0,321.0,0.0,23.0,1385.0,0.0,0.0,0.0,40.0,0.0,161.0,141.0,509.0,0.0,0.0,0.0,391.0,0.0
2021-12-25 18:00:00+00:00,0.0,58.0,425.0,455.0,675.0,601.0,422.0,0.0,150.0,187.0,0.0,0.0,0.0,0.0,0.0,0.0,62.0,0.0,39.0,0.0,601.0,0.0,0.0,0.0,0.0,361.0,0.0,27.0,1403.0,0.0,0.0,0.0,36.0,0.0,157.0,128.0,518.0,0.0,0.0,0.0,410.0,0.0
2021-12-25 19:00:00+00:00,0.0,108.0,410.0,458.0,723.0,591.0,501.0,0.0,209.0,257.0,0.0,0.0,0.0,0.0,0.0,0.0,56.0,0.0,18.0,0.0,596.0,0.0,0.0,0.0,0.0,438.0,0.0,,1406.0,0.0,0.0,0.0,37.0,0.0,196.0,128.0,547.0,0.0,0.0,,460.0,0.0
2021-12-25 20:00:00+00:00,0.0,207.0,394.0,454.0,715.0,669.0,562.0,0.0,214.0,257.0,0.0,0.0,0.0,5.0,0.0,0.0,73.0,0.0,6.0,0.0,598.0,0.0,0.0,0.0,0.0,528.0,0.0,4.0,1406.0,0.0,0.0,0.0,11.0,0.0,196.0,196.0,545.0,0.0,0.0,35.0,490.0,0.0
2021-12-25 21:00:00+00:00,0.0,151.0,418.0,495.0,759.0,475.0,493.0,0.0,191.0,285.0,0.0,0.0,0.0,19.0,0.0,0.0,91.0,0.0,52.0,0.0,551.0,0.0,0.0,0.0,0.0,497.0,0.0,0.0,1404.0,0.0,0.0,0.0,4.0,0.0,183.0,166.0,588.0,0.0,0.0,35.0,477.0,0.0
2021-12-25 22:00:00+00:00,0.0,0.0,482.0,514.0,730.0,540.0,414.0,0.0,84.0,212.0,0.0,2.0,0.0,80.0,0.0,0.0,67.0,0.0,43.0,0.0,593.0,0.0,0.0,0.0,0.0,479.0,0.0,,1412.0,0.0,0.0,0.0,0.0,0.0,132.0,166.0,604.0,0.0,0.0,,499.0,0.0
2021-12-25 23:00:00+00:00,0.0,0.0,478.0,478.0,682.0,480.0,514.0,0.0,75.0,197.0,0.0,110.0,0.0,166.0,0.0,0.0,45.0,0.0,50.0,0.0,600.0,2.0,0.0,0.0,0.0,617.0,0.0,0.0,1350.0,0.0,0.0,0.0,0.0,0.0,48.0,240.0,569.0,0.0,0.0,124.0,557.0,0.0
2021-12-26 00:00:00+00:00,0.0,0.0,432.0,442.0,626.0,460.0,487.0,0.0,32.0,186.0,0.0,152.0,0.0,141.0,0.0,0.0,29.0,0.0,50.0,0.0,600.0,8.0,0.0,0.0,0.0,579.0,0.0,0.0,1372.0,0.0,0.0,0.0,0.0,0.0,34.0,205.0,549.0,0.0,0.0,123.0,530.0,0.0
2021-12-26 01:00:00+00:00,0.0,0.0,423.0,438.0,566.0,457.0,442.0,0.0,4.0,117.0,0.0,215.0,0.0,131.0,0.0,0.0,21.0,0.0,32.0,0.0,600.0,54.0,0.0,0.0,0.0,556.0,0.0,0.0,1372.0,0.0,0.0,0.0,0.0,0.0,14.0,199.0,537.0,0.0,0.0,143.0,502.0,0.0
2021-12-26 02:00:00+00:00,0.0,0.0,386.0,403.0,517.0,430.0,429.0,0.0,0.0,108.0,0.0,202.0,4.0,146.0,0.0,0.0,16.0,0.0,34.0,0.0,600.0,53.0,0.0,0.0,0.0,525.0,0.0,0.0,1365.0,0.0,0.0,0.0,0.0,0.0,0.0,212.0,487.0,0.0,0.0,166.0,493.0,0.0
2021-12-26 03:00:00+00:00,0.0,0.0,350.0,403.0,526.0,405.0,404.0,0.0,2.0,122.0,0.0,165.0,2.0,149.0,0.0,0.0,18.0,0.0,17.0,0.0,600.0,39.0,0.0,0.0,0.0,478.0,0.0,0.0,1372.0,0.0,0.0,0.0,0.0,0.0,0.0,238.0,453.0,0.0,0.0,176.0,508.0,0.0
2021-12-26 04:00:00+00:00,0.0,0.0,335.0,408.0,521.0,370.0,314.0,0.0,0.0,113.0,0.0,155.0,11.0,166.0,0.0,0.0,27.0,0.0,0.0,0.0,600.0,94.0,0.0,0.0,0.0,497.0,0.0,0.0,1372.0,3.0,0.0,0.0,0.0,0.0,0.0,289.0,443.0,0.0,0.0,207.0,502.0,0.0
2021-12-26 05:00:00+00:00,0.0,0.0,306.0,393.0,490.0,411.0,181.0,0.0,0.0,136.0,0.0,153.0,0.0,170.0,0.0,0.0,42.0,0.0,0.0,0.0,599.0,106.0,0.0,0.0,0.0,502.0,0.0,0.0,1371.0,7.0,0.0,0.0,0.0,0.0,2.0,332.0,437.0,0.0,0.0,219.0,506.0,0.0
2021-12-26 06:00:00+00:00,0.0,0.0,333.0,407.0,527.0,594.0,359.0,0.0,3.0,210.0,0.0,47.0,0.0,141.0,0.0,0.0,60.0,0.0,0.0,0.0,551.0,20.0,0.0,0.0,0.0,612.0,0.0,0.0,1400.0,76.0,0.0,0.0,0.0,0.0,66.0,359.0,444.0,0.0,0.0,179.0,521.0,0.0
2021-12-26 07:00:00+00:00,0.0,0.0,331.0,426.0,549.0,649.0,441.0,0.0,56.0,212.0,0.0,135.0,0.0,171.0,0.0,0.0,68.0,0.0,0.0,0.0,564.0,1.0,0.0,0.0,0.0,557.0,0.0,0.0,1398.0,89.0,0.0,0.0,0.0,0.0,42.0,401.0,455.0,0.0,0.0,200.0,508.0,0.0
2021-12-26 08:00:00+00:00,0.0,3.0,352.0,402.0,557.0,687.0,494.0,0.0,123.0,226.0,0.0,0.0,0.0,138.0,0.0,0.0,38.0,0.0,0.0,0.0,346.0,0.0,0.0,0.0,0.0,416.0,0.0,0.0,1404.0,71.0,0.0,0.0,0.0,0.0,60.0,404.0,447.0,0.0,0.0,195.0,532.0,0.0
2021-12-26 09:00:00+00:00,0.0,117.0,346.0,386.0,545.0,726.0,577.0,0.0,144.0,245.0,0.0,0.0,0.0,190.0,0.0,0.0,40.0,0.0,0.0,0.0,356.0,0.0,0.0,0.0,0.0,351.0,0.0,0.0,1361.0,71.0,0.0,0.0,0.0,0.0,39.0,433.0,449.0,0.0,0.0,204.0,571.0,0.0
2021-12-26 10:00:00+00:00,0.0,155.0,310.0,372.0,565.0,735.0,524.0,0.0,246.0,306.0,0.0,0.0,0.0,226.0,0.0,0.0,20.0,0.0,0.0,0.0,403.0,0.0,0.0,0.0,0.0,305.0,0.0,0.0,1368.0,46.0,0.0,0.0,0.0,0.0,46.0,349.0,446.0,0.0,0.0,159.0,560.0,0.0
2021-12-26 11:00:00+00:00,0.0,68.0,336.0,368.0,552.0,691.0,400.0,0.0,224.0,290.0,0.0,0.0,0.0,274.0,0.0,0.0,20.0,0.0,0.0,,452.0,0.0,0.0,0.0,0.0,239.0,,0.0,1347.0,14.0,0.0,0.0,0.0,0.0,1.0,330.0,419.0,0.0,0.0,169.0,528.0,0.0
2021-12-26 12:00:00+00:00,0.0,217.0,195.0,323.0,591.0,675.0,396.0,0.0,408.0,403.0,0.0,0.0,0.0,188.0,0.0,0.0,24.0,0.0,0.0,,451.0,0.0,0.0,0.0,0.0,228.0,,0.0,1371.0,2.0,0.0,0.0,0.0,0.0,61.0,228.0,346.0,0.0,0.0,100.0,461.0,0.0
2021-12-26 13:00:00+00:00,0.0,214.0,158.0,286.0,569.0,545.0,294.0,0.0,448.0,413.0,0.0,0.0,0.0,127.0,0.0,0.0,44.0,0.0,31.0,,429.0,0.0,0.0,0.0,0.0,252.0,,0.0,1372.0,0.0,0.0,0.0,0.0,0.0,77.0,181.0,288.0,0.0,0.0,73.0,418.0,0.0
2021-12-26 14:00:00+00:00,0.0,121.0,217.0,310.0,537.0,437.0,188.0,0.0,345.0,338.0,0.0,0.0,0.0,120.0,0.0,0.0,43.0,0.0,43.0,,379.0,0.0,0.0,0.0,0.0,300.0,,0.0,1371.0,0.0,0.0,0.0,0.0,0.0,39.0,250.0,341.0,0.0,0.0,132.0,382.0,0.0
2021-12-26 15:00:00+00:00,0.0,0.0,265.0,338.0,496.0,451.0,231.0,0.0,183.0,216.0,0.0,157.0,65.0,222.0,0.0,0.0,45.0,0.0,43.0,0.0,519.0,0.0,0.0,0.0,0.0,250.0,0.0,0.0,1397.0,0.0,0.0,0.0,0.0,0.0,0.0,392.0,365.0,0.0,0.0,252.0,395.0,0.0
2021-12-26 16:00:00+00:00,0.0,0.0,315.0,373.0,519.0,471.0,210.0,0.0,100.0,153.0,0.0,104.0,45.0,220.0,0.0,0.0,52.0,0.0,46.0,0.0,549.0,0.0,0.0,0.0,0.0,286.0,0.0,0.0,1406.0,0.0,0.0,0.0,0.0,0.0,0.0,436.0,412.0,0.0,0.0,273.0,418.0,0.0
2021-12-26 17:00:00+00:00,0.0,0.0,352.0,394.0,542.0,451.0,237.0,0.0,29.0,134.0,0.0,83.0,24.0,183.0,0.0,0.0,64.0,0.0,52.0,0.0,576.0,1.0,0.0,0.0,0.0,346.0,0.0,0.0,1370.0,0.0,0.0,0.0,0.0,0.0,0.0,366.0,430.0,0.0,0.0,219.0,416.0,0.0
2021-12-26 18:00:00+00:00,0.0,0.0,336.0,409.0,554.0,422.0,96.0,0.0,31.0,143.0,0.0,91.0,20.0,190.0,0.0,0.0,61.0,0.0,42.0,0.0,577.0,1.0,0.0,0.0,0.0,341.0,0.0,0.0,1356.0,0.0,0.0,0.0,0.0,0.0,0.0,353.0,448.0,0.0,0.0,212.0,432.0,0.0
2021-12-26 19:00:00+00:00,0.0,0.0,314.0,406.0,562.0,358.0,134.0,0.0,66.0,155.0,0.0,93.0,15.0,205.0,0.0,0.0,51.0,0.0,2.0,0.0,578.0,0.0,0.0,0.0,0.0,360.0,0.0,0.0,1386.0,0.0,0.0,0.0,0.0,0.0,0.0,343.0,423.0,0.0,0.0,194.0,460.0,0.0
2021-12-26 20:00:00+00:00,0.0,87.0,345.0,426.0,632.0,389.0,159.0,0.0,110.0,204.0,0.0,0.0,0.0,120.0,0.0,0.0,94.0,0.0,0.0,0.0,600.0,0.0,0.0,0.0,0.0,528.0,0.0,0.0,1400.0,15.0,0.0,0.0,0.0,0.0,69.0,244.0,422.0,0.0,0.0,121.0,465.0,0.0
2021-12-26 21:00:00+00:00,0.0,77.0,366.0,427.0,658.0,291.0,110.0,0.0,170.0,237.0,0.0,0.0,0.0,85.0,0.0,0.0,84.0,0.0,36.0,0.0,600.0,0.0,0.0,0.0,0.0,545.0,0.0,0.0,1402.0,0.0,0.0,0.0,0.0,0.0,101.0,180.0,473.0,0.0,0.0,70.0,484.0,0.0
2021-12-26 22:00:00+00:00,0.0,0.0,395.0,418.0,615.0,368.0,309.0,0.0,80.0,167.0,0.0,4.0,0.0,134.0,0.0,0.0,61.0,0.0,0.0,0.0,600.0,0.0,0.0,0.0,0.0,555.0,0.0,0.0,1366.0,2.0,0.0,0.0,0.0,0.0,74.0,181.0,446.0,0.0,0.0,70.0,517.0,0.0
2021-12-26 23:00:00+00:00,4.0,0.0,351.0,362.0,499.0,450.0,212.0,0.0,6.0,28.0,0.0,8.0,2.0,183.0,0.0,0.0,38.0,0.0,0.0,0.0,600.0,31.0,0.0,0.0,0.0,544.0,0.0,0.0,1397.0,12.0,0.0,0.0,0.0,0.0,0.0,154.0,414.0,0.0,0.0,128.0,529.0,0.0
2021-12-27 00:00:00+00:00,16.0,45.0,366.0,383.0,494.0,400.0,230.0,0.0,0.0,4.0,0.0,0.0,0.0,99.0,0.0,0.0,25.0,0.0,0.0,0.0,600.0,152.0,0.0,0.0,0.0,573.0,0.0,0.0,1373.0,7.0,0.0,0.0,0.0,0.0,42.0,64.0,457.0,0.0,0.0,84.0,492.0,0.0
2021-12-27 01:00:00+00:00,0.0,332.0,335.0,366.0,547.0,392.0,219.0,0.0,0.0,49.0,0.0,0.0,0.0,0.0,0.0,0.0,15.0,0.0,0.0,0.0,600.0,61.0,0.0,0.0,0.0,557.0,0.0,6.0,1371.0,10.0,0.0,0.0,54.0,0.0,166.0,0.0,437.0,0.0,46.0,2.0,472.0,0.0
2021-12-27 02:00:00+00:00,0.0,440.0,322.0,337.0,532.0,360.0,197.0,0.0,2.0,79.0,0.0,0.0,0.0,0.0,0.0,0.0,15.0,0.0,0.0,0.0,600.0,34.0,0.0,0.0,0.0,534.0,0.0,41.0,1371.0,26.0,0.0,0.0,151.0,0.0,227.0,0.0,391.0,0.0,127.0,0.0,424.0,0.0
2021-12-27 03:00:00+00:00,0.0,471.0,262.0,290.0,508.0,300.0,78.0,0.0,87.0,139.0,0.0,0.0,0.0,0.0,0.0,0.0,20.0,0.0,0.0,0.0,600.0,0.0,0.0,0.0,0.0,487.0,0.0,41.0,1372.0,14.0,0.0,0.0,186.0,0.0,265.0,0.0,346.0,0.0,145.0,0.0,387.0,0.0
2021-12-27 04:00:00+00:00,2.0,233.0,271.0,286.0,392.0,275.0,0.0,0.0,0.0,20.0,0.0,0.0,0.0,4.0,0.0,0.0,38.0,0.0,63.0,0.0,600.0,99.0,0.0,0.0,0.0,434.0,0.0,0.0,1372.0,0.0,142.0,0.0,24.0,0.0,152.0,105.0,333.0,0.0,0.0,104.0,433.0,0.0
2021-12-27 05:00:00+00:00,0.0,296.0,295.0,308.0,439.0,263.0,0.0,0.0,28.0,54.0,0.0,0.0,0.0,10.0,0.0,0.0,68.0,0.0,96.0,0.0,600.0,4.0,0.0,0.0,0.0,382.0,0.0,0.0,1372.0,0.0,286.0,0.0,12.0,0.0,170.0,104.0,389.0,0.0,0.0,74.0,413.0,0.0
2021-12-27 06:00:00+00:00,0.0,401.0,332.0,372.0,573.0,325.0,0.0,0.0,186.0,182.0,0.0,0.0,0.0,19.0,0.0,0.0,94.0,0.0,87.0,0.0,580.0,0.0,0.0,0.0,0.0,276.0,0.0,33.0,1371.0,0.0,239.0,0.0,5.0,0.0,191.0,79.0,498.0,0.0,0.0,0.0,509.0,0.0
2021-12-27 07:00:00+00:00,0.0,397.0,318.0,382.0,591.0,353.0,0.0,0.0,261.0,192.0,0.0,0.0,0.0,50.0,0.0,0.0,98.0,0.0,53.0,0.0,542.0,0.0,0.0,0.0,0.0,154.0,0.0,1.0,1371.0,0.0,101.0,0.0,1.0,0.0,164.0,135.0,481.0,0.0,0.0,22.0,520.0,0.0
2021-12-27 08:00:00+00:00,0.0,492.0,278.0,358.0,607.0,417.0,0.0,0.0,379.0,246.0,0.0,0.0,0.0,50.0,0.0,0.0,42.0,0.0,44.0,0.0,545.0,0.0,0.0,0.0,0.0,108.0,0.0,0.0,1372.0,0.0,37.0,0.0,0.0,0.0,164.0,180.0,475.0,0.0,0.0,39.0,552.0,0.0
2021-12-27 09:00:00+00:00,0.0,556.0,251.0,330.0,625.0,422.0,0.0,0.0,526.0,338.0,0.0,0.0,0.0,66.0,0.0,0.0,50.0,0.0,52.0,0.0,519.0,0.0,0.0,0.0,0.0,75.0,0.0,0.0,1362.0,0.0,84.0,0.0,0.0,0.0,161.0,177.0,459.0,0.0,0.0,25.0,567.0,0.0
2021-12-27 10:00:00+00:00,0.0,652.0,216.0,301.0,611.0,433.0,0.0,0.0,571.0,358.0,0.0,0.0,0.0,44.0,0.0,0.0,46.0,0.0,54.0,0.0,447.0,0.0,0.0,0.0,0.0,78.0,0.0,0.0,1373.0,0.0,84.0,0.0,0.0,0.0,180.0,180.0,416.0,0.0,0.0,18.0,579.0,0.0
2021-12-27 11:00:00+00:00,0.0,751.0,213.0,298.0,627.0,554.0,67.0,0.0,609.0,361.0,0.0,0.0,0.0,62.0,0.0,0.0,48.0,0.0,32.0,0.0,407.0,0.0,0.0,0.0,0.0,104.0,0.0,3.0,1371.0,0.0,0.0,0.0,0.0,0.0,161.0,193.0,402.0,0.0,0.0,6.0,605.0,0.0
2021-12-27 12:00:00+00:00,0.0,737.0,254.0,322.0,615.0,526.0,21.0,0.0,497.0,292.0,0.0,0.0,0.0,38.0,0.0,0.0,79.0,0.0,55.0,0.0,406.0,0.0,0.0,0.0,0.0,210.0,0.0,55.0,1372.0,0.0,0.0,0.0,0.0,0.0,165.0,117.0,434.0,0.0,0.0,0.0,581.0,0.0
2021-12-27 13:00:00+00:00,0.0,650.0,290.0,318.0,545.0,551.0,56.0,0.0,336.0,181.0,0.0,0.0,0.0,70.0,0.0,0.0,92.0,0.0,43.0,0.0,406.0,0.0,0.0,0.0,0.0,249.0,0.0,,1372.0,0.0,0.0,0.0,0.0,0.0,129.0,185.0,452.0,0.0,0.0,,585.0,0.0
2021-12-27 14:00:00+00:00,0.0,590.0,306.0,329.0,553.0,535.0,25.0,0.0,265.0,144.0,0.0,0.0,0.0,50.0,0.0,0.0,109.0,0.0,37.0,0.0,410.0,0.0,0.0,0.0,0.0,264.0,0.0,0.0,1372.0,0.0,0.0,0.0,0.0,0.0,107.0,272.0,462.0,0.0,0.0,83.0,547.0,0.0
2021-12-27 15:00:00+00:00,0.0,372.0,267.0,326.0,512.0,564.0,148.0,0.0,231.0,97.0,0.0,0.0,0.0,112.0,0.0,0.0,139.0,0.0,11.0,0.0,533.0,0.0,0.0,0.0,0.0,134.0,0.0,0.0,1372.0,0.0,0.0,0.0,0.0,0.0,34.0,365.0,465.0,0.0,0.0,199.0,522.0,0.0
2021-12-27 16:00:00+00:00,0.0,474.0,287.0,314.0,529.0,571.0,178.0,0.0,290.0,133.0,0.0,0.0,0.0,110.0,0.0,0.0,102.0,0.0,4.0,0.0,577.0,0.0,0.0,0.0,0.0,183.0,0.0,0.0,1372.0,0.0,0.0,0.0,0.0,0.0,73.0,401.0,453.0,0.0,0.0,228.0,532.0,0.0
2021-12-27 17:00:00+00:00,0.0,503.0,297.0,323.0,525.0,660.0,271.0,0.0,267.0,114.0,0.0,0.0,0.0,122.0,0.0,0.0,137.0,0.0,0.0,0.0,600.0,0.0,0.0,0.0,0.0,238.0,0.0,0.0,1372.0,46.0,0.0,0.0,0.0,0.0,72.0,419.0,462.0,0.0,0.0,258.0,539.0,0.0
2021-12-27 18:00:00+00:00,0.0,471.0,311.0,330.0,506.0,709.0,345.0,0.0,214.0,95.0,0.0,0.0,0.0,156.0,0.0,0.0,176.0,0.0,0.0,0.0,600.0,0.0,0.0,0.0,0.0,284.0,0.0,0.0,1368.0,77.0,0.0,0.0,0.0,0.0,52.0,436.0,437.0,0.0,0.0,295.0,547.0,0.0
2021-12-27 19:00:00+00:00,0.0,420.0,233.0,318.0,472.0,656.0,283.0,0.0,199.0,96.0,0.0,0.0,0.0,175.0,0.0,0.0,166.0,0.0,0.0,0.0,600.0,0.0,0.0,0.0,0.0,433.0,0.0,0.0,1385.0,70.0,0.0,0.0,0.0,0.0,64.0,418.0,425.0,0.0,0.0,287.0,583.0,0.0
2021-12-27 20:00:00+00:00,0.0,352.0,225.0,298.0,438.0,319.0,181.0,0.0,201.0,114.0,0.0,0.0,0.0,181.0,0.0,0.0,130.0,0.0,0.0,0.0,600.0,0.0,0.0,0.0,0.0,510.0,0.0,0.0,1345.0,7.0,0.0,0.0,0.0,0.0,58.0,336.0,393.0,0.0,0.0,217.0,614.0,0.0
2021-12-27 21:00:00+00:00,0.0,64.0,286.0,326.0,413.0,215.0,195.0,0.0,93.0,57.0,0.0,0.0,48.0,258.0,0.0,0.0,93.0,0.0,37.0,0.0,600.0,0.0,0.0,0.0,0.0,410.0,0.0,0.0,1357.0,0.0,0.0,0.0,0.0,0.0,0.0,340.0,436.0,2.0,0.0,241.0,636.0,0.0
2021-12-27 22:00:00+00:00,73.0,0.0,246.0,308.0,326.0,348.0,83.0,0.0,7.0,2.0,0.0,109.0,141.0,333.0,0.0,0.0,70.0,0.0,6.0,0.0,577.0,52.0,0.0,0.0,0.0,355.0,0.0,0.0,1343.0,0.0,0.0,0.0,0.0,0.0,0.0,388.0,359.0,0.0,0.0,393.0,590.0,0.0
2021-12-27 23:00:00+00:00,43.0,0.0,222.0,351.0,444.0,291.0,229.0,0.0,4.0,1.0,0.0,187.0,165.0,348.0,0.0,0.0,47.0,0.0,0.0,0.0,599.0,30.0,0.0,0.0,0.0,577.0,0.0,0.0,1337.0,5.0,0.0,0.0,0.0,0.0,0.0,280.0,360.0,0.0,0.0,331.0,589.0,87.0
2021-12-28 00:00:00+00:00,53.0,0.0,242.0,373.0,477.0,269.0,203.0,0.0,0.0,0.0,0.0,149.0,129.0,271.0,0.0,0.0,30.0,0.0,1.0,0.0,600.0,93.0,0.0,0.0,0.0,602.0,0.0,0.0,1369.0,0.0,0.0,0.0,0.0,0.0,0.0,175.0,412.0,0.0,0.0,239.0,580.0,116.0
2021-12-28 01:00:00+00:00,14.0,96.0,264.0,350.0,490.0,233.0,181.0,0.0,1.0,3.0,0.0,0.0,47.0,183.0,0.0,0.0,22.0,0.0,0.0,0.0,600.0,50.0,0.0,0.0,0.0,563.0,0.0,0.0,1359.0,2.0,0.0,0.0,0.0,0.0,0.0,95.0,379.0,0.0,0.0,137.0,601.0,141.0
2021-12-28 02:00:00+00:00,20.0,222.0,236.0,321.0,459.0,186.0,144.0,0.0,0.0,3.0,0.0,0.0,1.0,108.0,0.0,0.0,19.0,0.0,0.0,0.0,600.0,69.0,0.0,0.0,0.0,532.0,0.0,0.0,1369.0,15.0,0.0,0.0,0.0,0.0,0.0,53.0,355.0,0.0,0.0,114.0,582.0,141.0
2021-12-28 03:00:00+00:00,7.0,220.0,228.0,305.0,446.0,225.0,189.0,0.0,18.0,24.0,0.0,0.0,0.0,84.0,0.0,0.0,26.0,0.0,0.0,0.0,600.0,54.0,0.0,0.0,0.0,536.0,0.0,0.0,1372.0,27.0,0.0,0.0,0.0,0.0,12.0,75.0,354.0,0.0,0.0,119.0,576.0,82.0
2021-12-28 04:00:00+00:00,35.0,47.0,290.0,358.0,452.0,262.0,215.0,0.0,0.0,1.0,0.0,0.0,45.0,149.0,0.0,0.0,41.0,0.0,0.0,0.0,600.0,154.0,0.0,0.0,0.0,573.0,0.0,0.0,1369.0,13.0,0.0,0.0,0.0,0.0,0.0,181.0,471.0,0.0,0.0,198.0,524.0,0.0
2021-12-28 05:00:00+00:00,109.0,0.0,280.0,329.0,321.0,318.0,305.0,0.0,0.0,0.0,0.0,241.0,165.0,319.0,0.0,0.0,67.0,0.0,0.0,0.0,600.0,194.0,0.0,0.0,0.0,416.0,0.0,0.0,1368.0,14.0,0.0,0.0,0.0,0.0,0.0,394.0,433.0,0.0,0.0,424.0,433.0,0.0
2021-12-28 06:00:00+00:00,74.0,0.0,291.0,326.0,327.0,381.0,361.0,0.0,1.0,0.0,0.0,280.0,192.0,404.0,0.0,0.0,96.0,0.0,0.0,0.0,600.0,124.0,0.0,0.0,0.0,208.0,0.0,0.0,1367.0,12.0,0.0,0.0,0.0,0.0,0.0,545.0,429.0,0.0,0.0,508.0,421.0,0.0
2021-12-28 07:00:00+00:00,14.0,0.0,244.0,290.0,328.0,410.0,406.0,0.0,79.0,5.0,0.0,126.0,152.0,356.0,0.0,0.0,93.0,0.0,0.0,0.0,600.0,0.0,0.0,0.0,0.0,81.0,0.0,0.0,1367.0,24.0,0.0,0.0,0.0,0.0,0.0,544.0,393.0,0.0,0.0,513.0,407.0,0.0
2021-12-28 08:00:00+00:00,1.0,0.0,265.0,299.0,369.0,445.0,483.0,0.0,141.0,37.0,0.0,106.0,126.0,332.0,0.0,0.0,79.0,0.0,0.0,0.0,600.0,0.0,0.0,0.0,0.0,54.0,0.0,0.0,1366.0,26.0,0.0,0.0,0.0,0.0,0.0,551.0,394.0,0.0,0.0,500.0,431.0,0.0
2021-12-28 09:00:00+00:00,0.0,0.0,170.0,254.0,357.0,493.0,540.0,0.0,288.0,107.0,0.0,34.0,113.0,330.0,0.0,0.0,82.0,0.0,0.0,0.0,600.0,0.0,0.0,0.0,0.0,42.0,0.0,0.0,1391.0,50.0,0.0,0.0,0.0,0.0,0.0,570.0,354.0,0.0,0.0,505.0,452.0,0.0
2021-12-28 10:00:00+00:00,0.0,22.0,200.0,254.0,368.0,514.0,556.0,0.0,280.0,110.0,0.0,0.0,90.0,298.0,0.0,0.0,43.0,0.0,0.0,0.0,600.0,0.0,0.0,0.0,0.0,38.0,0.0,0.0,1367.0,62.0,0.0,0.0,0.0,0.0,0.0,544.0,333.0,1.0,0.0,462.0,485.0,0.0
2021-12-28 11:00:00+00:00,0.0,84.0,141.0,222.0,380.0,429.0,467.0,0.0,409.0,183.0,0.0,0.0,63.0,251.0,0.0,0.0,44.0,0.0,0.0,0.0,600.0,0.0,0.0,0.0,0.0,18.0,0.0,0.0,1367.0,16.0,0.0,0.0,0.0,0.0,0.0,491.0,300.0,1.0,0.0,408.0,482.0,0.0
2021-12-28 12:00:00+00:00,0.0,59.0,150.0,222.0,358.0,538.0,578.0,0.0,365.0,149.0,0.0,0.0,83.0,277.0,0.0,0.0,54.0,0.0,0.0,0.0,600.0,0.0,0.0,0.0,0.0,22.0,0.0,0.0,1367.0,57.0,0.0,0.0,0.0,0.0,0.0,522.0,281.0,0.0,0.0,433.0,482.0,0.0
2021-12-28 13:00:00+00:00,0.0,0.0,131.0,216.0,316.0,499.0,548.0,0.0,266.0,88.0,0.0,34.0,123.0,290.0,0.0,0.0,70.0,0.0,0.0,0.0,577.0,0.0,0.0,0.0,0.0,0.0,0.0,0.0,1368.0,63.0,0.0,6.0,0.0,0.0,0.0,536.0,278.0,1.0,0.0,452.0,474.0,0.0
2021-12-28 14:00:00+00:00,1.0,0.0,154.0,230.0,308.0,536.0,537.0,0.0,174.0,48.0,0.0,104.0,152.0,277.0,0.0,0.0,94.0,0.0,0.0,0.0,593.0,0.0,0.0,0.0,0.0,24.0,0.0,0.0,1370.0,59.0,0.0,0.0,0.0,0.0,0.0,567.0,297.0,0.0,0.0,496.0,434.0,0.0
2021-12-28 15:00:00+00:00,0.0,0.0,72.0,204.0,344.0,489.0,502.0,0.0,318.0,88.0,0.0,4.0,121.0,229.0,0.0,0.0,73.0,0.0,0.0,0.0,557.0,0.0,0.0,0.0,0.0,0.0,0.0,0.0,1370.0,24.0,0.0,118.0,0.0,0.0,0.0,531.0,255.0,9.0,0.0,470.0,426.0,0.0
2021-12-28 16:00:00+00:00,0.0,0.0,119.0,216.0,342.0,422.0,408.0,0.0,260.0,74.0,0.0,25.0,146.0,279.0,0.0,0.0,111.0,0.0,9.0,0.0,571.0,0.0,0.0,0.0,0.0,0.0,0.0,0.0,1369.0,0.0,0.0,160.0,0.0,0.0,0.0,479.0,262.0,0.0,0.0,447.0,396.0,0.0
2021-12-28 17:00:00+00:00,0.0,0.0,153.0,250.0,360.0,419.0,435.0,0.0,209.0,52.0,0.0,29.0,151.0,292.0,0.0,0.0,127.0,0.0,1.0,0.0,600.0,0.0,0.0,0.0,0.0,0.0,0.0,0.0,1370.0,0.0,0.0,108.0,0.0,0.0,0.0,446.0,297.0,0.0,0.0,439.0,388.0,83.0
2021-12-28 18:00:00+00:00,1.0,0.0,213.0,298.0,398.0,528.0,343.0,0.0,121.0,24.0,0.0,15.0,134.0,284.0,0.0,0.0,159.0,0.0,0.0,0.0,600.0,0.0,0.0,0.0,0.0,0.0,0.0,0.0,1386.0,36.0,0.0,1.0,0.0,0.0,0.0,488.0,373.0,1.0,0.0,454.0,440.0,114.0
2021-12-28 19:00:00+00:00,0.0,0.0,159.0,259.0,389.0,356.0,253.0,0.0,239.0,115.0,0.0,35.0,108.0,279.0,0.0,0.0,159.0,0.0,0.0,0.0,600.0,0.0,0.0,0.0,0.0,69.0,0.0,0.0,1353.0,17.0,0.0,0.0,0.0,0.0,0.0,451.0,315.0,1.0,0.0,439.0,466.0,141.0
2021-12-28 20:00:00+00:00,0.0,0.0,145.0,306.0,386.0,290.0,229.0,0.0,88.0,71.0,0.0,146.0,128.0,325.0,0.0,0.0,134.0,0.0,22.0,0.0,600.0,0.0,0.0,0.0,0.0,281.0,0.0,0.0,1346.0,0.0,0.0,0.0,0.0,0.0,0.0,479.0,406.0,1.0,0.0,451.0,527.0,141.0
2021-12-28 21:00:00+00:00,16.0,0.0,313.0,321.0,354.0,252.0,165.0,0.0,2.0,6.0,0.0,201.0,145.0,339.0,0.0,0.0,99.0,0.0,51.0,0.0,592.0,37.0,0.0,0.0,0.0,353.0,0.0,0.0,1370.0,0.0,0.0,0.0,0.0,0.0,0.0,500.0,446.0,0.0,0.0,488.0,570.0,142.0
2021-12-28 22:00:00+00:00,75.0,0.0,380.0,352.0,332.0,376.0,291.0,0.0,0.0,0.0,0.0,282.0,165.0,356.0,0.0,0.0,67.0,0.0,40.0,0.0,599.0,151.0,0.0,0.0,0.0,465.0,0.0,0.0,1353.0,0.0,0.0,0.0,0.0,0.0,0.0,474.0,494.0,0.0,0.0,519.0,559.0,142.0
2021-12-28 23:00:00+00:00,124.0,0.0,355.0,374.0,345.0,369.0,313.0,0.0,0.0,0.0,0.0,275.0,152.0,345.0,0.0,0.0,43.0,0.0,26.0,0.0,579.0,212.0,0.0,0.0,0.0,394.0,0.0,0.0,1396.0,0.0,0.0,0.0,0.0,0.0,0.0,518.0,478.0,0.0,0.0,472.0,520.0,142.0
2021-12-29 00:00:00+00:00,172.0,0.0,298.0,348.0,298.0,403.0,436.0,0.0,0.0,0.0,0.0,160.0,107.0,257.0,0.0,0.0,28.0,0.0,0.0,0.0,600.0,278.0,0.0,0.0,0.0,340.0,0.0,0.0,1370.0,11.0,0.0,0.0,0.0,0.0,0.0,457.0,465.0,0.0,0.0,453.0,496.0,141.0
2021-12-29 01:00:00+00:00,165.0,26.0,308.0,334.0,306.0,391.0,472.0,0.0,0.0,0.0,0.0,0.0,18.0,139.0,0.0,0.0,19.0,0.0,0.0,0.0,600.0,301.0,0.0,0.0,0.0,341.0,0.0,0.0,1370.0,15.0,0.0,0.0,0.0,0.0,0.0,312.0,446.0,0.0,0.0,283.0,519.0,142.0
2021-12-29 02:00:00+00:00,172.0,37.0,294.0,322.0,283.0,329.0,387.0,0.0,0.0,0.0,0.0,0.0,8.0,123.0,0.0,0.0,16.0,0.0,0.0,0.0,600.0,329.0,0.0,0.0,0.0,267.0,0.0,0.0,1357.0,18.0,0.0,0.0,0.0,0.0,0.0,279.0,438.0,0.0,0.0,248.0,518.0,142.0
2021-12-29 03:00:00+00:00,192.0,0.0,273.0,293.0,227.0,301.0,340.0,0.0,0.0,0.0,0.0,26.0,28.0,131.0,0.0,0.0,21.0,0.0,0.0,0.0,600.0,350.0,0.0,0.0,0.0,262.0,0.0,0.0,1378.0,19.0,0.0,0.0,0.0,0.0,0.0,327.0,420.0,0.0,0.0,279.0,488.0,85.0
2021-12-29 04:00:00+00:00,154.0,33.0,285.0,308.0,265.0,339.0,406.0,0.0,0.0,0.0,0.0,0.0,13.0,134.0,0.0,0.0,36.0,0.0,0.0,0.0,600.0,298.0,0.0,0.0,0.0,383.0,0.0,0.0,1370.0,31.0,0.0,0.0,0.0,0.0,0.0,418.0,445.0,0.0,0.0,335.0,442.0,0.0
2021-12-29 05:00:00+00:00,108.0,45.0,330.0,313.0,277.0,440.0,527.0,0.0,0.0,0.0,0.0,0.0,0.0,101.0,0.0,0.0,62.0,0.0,0.0,0.0,601.0,184.0,0.0,0.0,0.0,451.0,0.0,0.0,1378.0,62.0,0.0,0.0,0.0,0.0,12.0,411.0,478.0,0.0,0.0,347.0,370.0,0.0
2021-12-29 06:00:00+00:00,122.0,0.0,266.0,282.0,202.0,526.0,578.0,0.0,0.0,0.0,0.0,160.0,80.0,197.0,0.0,0.0,80.0,0.0,0.0,0.0,594.0,173.0,0.0,0.0,0.0,285.0,0.0,0.0,1473.0,90.0,0.0,0.0,0.0,0.0,0.0,531.0,440.0,1.0,0.0,433.0,301.0,0.0
2021-12-29 07:00:00+00:00,123.0,0.0,232.0,243.0,180.0,536.0,580.0,0.0,11.0,0.0,0.0,126.0,103.0,217.0,0.0,0.0,88.0,0.0,0.0,0.0,485.0,13.0,0.0,0.0,0.0,123.0,0.0,0.0,1477.0,109.0,0.0,0.0,0.0,0.0,0.0,531.0,378.0,0.0,0.0,453.0,285.0,0.0
2021-12-29 08:00:00+00:00,37.0,0.0,202.0,246.0,222.0,547.0,583.0,0.0,140.0,0.0,0.0,108.0,101.0,238.0,0.0,0.0,94.0,0.0,0.0,0.0,558.0,0.0,0.0,0.0,0.0,42.0,0.0,0.0,1477.0,102.0,0.0,0.0,0.0,0.0,0.0,559.0,396.0,0.0,0.0,466.0,305.0,0.0
2021-12-29 09:00:00+00:00,56.0,6.0,213.0,222.0,193.0,627.0,523.0,0.0,130.0,0.0,0.0,0.0,86.0,202.0,0.0,0.0,69.0,0.0,0.0,0.0,324.0,0.0,0.0,0.0,0.0,81.0,0.0,0.0,1478.0,102.0,0.0,0.0,0.0,0.0,0.0,533.0,378.0,0.0,0.0,450.0,317.0,0.0
2021-12-29 10:00:00+00:00,75.0,0.0,258.0,238.0,195.0,619.0,393.0,0.0,63.0,0.0,0.0,20.0,97.0,219.0,0.0,0.0,90.0,0.0,0.0,0.0,323.0,0.0,0.0,0.0,0.0,71.0,0.0,0.0,1478.0,85.0,0.0,0.0,0.0,0.0,0.0,525.0,406.0,0.0,0.0,432.0,328.0,0.0
2021-12-29 11:00:00+00:00,98.0,0.0,237.0,209.0,152.0,638.0,489.0,0.0,72.0,0.0,0.0,17.0,104.0,221.0,0.0,0.0,84.0,0.0,0.0,0.0,276.0,0.0,0.0,0.0,0.0,94.0,0.0,0.0,1477.0,89.0,0.0,0.0,0.0,0.0,0.0,541.0,364.0,0.0,0.0,449.0,326.0,0.0
2021-12-29 12:00:00+00:00,99.0,38.0,225.0,223.0,188.0,640.0,489.0,0.0,84.0,0.0,0.0,0.0,76.0,199.0,0.0,0.0,89.0,0.0,0.0,0.0,275.0,0.0,0.0,0.0,0.0,142.0,0.0,0.0,1477.0,74.0,0.0,0.0,0.0,0.0,0.0,497.0,332.0,0.0,0.0,394.0,335.0,0.0
2021-12-29 13:00:00+00:00,148.0,16.0,243.0,257.0,213.0,646.0,472.0,0.0,8.0,0.0,0.0,0.0,76.0,201.0,0.0,0.0,100.0,0.0,0.0,0.0,297.0,18.0,0.0,0.0,0.0,139.0,0.0,0.0,1478.0,74.0,0.0,0.0,0.0,0.0,0.0,487.0,353.0,0.0,0.0,368.0,350.0,0.0
2021-12-29 14:00:00+00:00,111.0,17.0,290.0,324.0,326.0,660.0,525.0,0.0,3.0,0.0,0.0,0.0,44.0,168.0,0.0,0.0,103.0,0.0,0.0,0.0,503.0,21.0,0.0,0.0,0.0,159.0,0.0,0.0,1478.0,101.0,0.0,0.0,0.0,0.0,0.0,476.0,408.0,0.0,0.0,325.0,353.0,0.0
2021-12-29 15:00:00+00:00,116.0,0.0,276.0,333.0,345.0,583.0,438.0,0.0,6.0,0.0,0.0,5.0,65.0,146.0,0.0,0.0,65.0,0.0,0.0,0.0,564.0,25.0,0.0,0.0,0.0,23.0,0.0,0.0,1478.0,65.0,0.0,0.0,0.0,0.0,0.0,451.0,470.0,0.0,0.0,322.0,331.0,0.0
2021-12-29 16:00:00+00:00,112.0,23.0,297.0,354.0,384.0,505.0,425.0,0.0,0.0,0.0,0.0,0.0,50.0,158.0,0.0,0.0,94.0,0.0,0.0,0.0,599.0,46.0,0.0,0.0,0.0,0.0,0.0,0.0,1478.0,47.0,0.0,35.0,0.0,0.0,0.0,417.0,488.0,0.0,0.0,302.0,360.0,0.0
2021-12-29 17:00:00+00:00,137.0,54.0,340.0,370.0,391.0,490.0,333.0,0.0,0.0,0.0,0.0,0.0,30.0,136.0,0.0,0.0,125.0,0.0,0.0,0.0,600.0,113.0,0.0,0.0,0.0,38.0,0.0,0.0,1477.0,33.0,0.0,0.0,0.0,0.0,0.0,293.0,496.0,0.0,0.0,272.0,395.0,92.0
2021-12-29 18:00:00+00:00,134.0,0.0,369.0,394.0,420.0,527.0,410.0,0.0,0.0,0.0,0.0,21.0,44.0,156.0,0.0,0.0,172.0,0.0,0.0,0.0,599.0,137.0,0.0,0.0,0.0,27.0,0.0,0.0,1447.0,75.0,0.0,0.0,0.0,0.0,0.0,351.0,544.0,0.0,0.0,347.0,402.0,119.0
2021-12-29 19:00:00+00:00,127.0,0.0,398.0,406.0,416.0,357.0,316.0,0.0,0.0,0.0,0.0,91.0,46.0,171.0,0.0,0.0,164.0,0.0,0.0,0.0,545.0,197.0,0.0,0.0,0.0,85.0,0.0,0.0,1451.0,31.0,0.0,0.0,0.0,0.0,0.0,233.0,542.0,0.0,0.0,300.0,393.0,140.0
2021-12-29 20:00:00+00:00,78.0,0.0,365.0,396.0,405.0,311.0,328.0,0.0,0.0,0.0,0.0,47.0,31.0,180.0,0.0,0.0,132.0,0.0,0.0,0.0,580.0,193.0,0.0,0.0,0.0,207.0,0.0,0.0,1459.0,23.0,0.0,0.0,0.0,0.0,0.0,212.0,503.0,0.0,0.0,260.0,474.0,140.0
2021-12-29 21:00:00+00:00,114.0,0.0,373.0,381.0,364.0,444.0,464.0,0.0,0.0,0.0,0.0,260.0,108.0,252.0,0.0,0.0,96.0,0.0,0.0,0.0,599.0,210.0,0.0,0.0,0.0,91.0,0.0,0.0,1457.0,38.0,0.0,0.0,0.0,0.0,0.0,274.0,486.0,0.0,0.0,369.0,462.0,140.0
2021-12-29 22:00:00+00:00,96.0,0.0,367.0,385.0,391.0,350.0,267.0,0.0,0.0,0.0,0.0,243.0,112.0,271.0,0.0,0.0,67.0,0.0,13.0,0.0,576.0,187.0,0.0,0.0,0.0,68.0,0.0,0.0,1434.0,0.0,0.0,0.0,0.0,0.0,0.0,190.0,489.0,0.0,0.0,304.0,488.0,140.0
2021-12-29 23:00:00+00:00,9.0,0.0,322.0,382.0,477.0,373.0,282.0,0.0,8.0,21.0,0.0,269.0,179.0,333.0,0.0,0.0,42.0,0.0,0.0,0.0,599.0,44.0,0.0,0.0,0.0,576.0,0.0,0.0,1462.0,9.0,0.0,0.0,0.0,0.0,0.0,199.0,448.0,0.0,0.0,243.0,464.0,140.0
2021-12-30 00:00:00+00:00,60.0,0.0,450.0,375.0,437.0,451.0,340.0,0.0,0.0,1.0,0.0,304.0,141.0,281.0,0.0,0.0,29.0,0.0,0.0,0.0,600.0,159.0,0.0,0.0,0.0,647.0,0.0,0.0,1456.0,42.0,0.0,0.0,0.0,0.0,0.0,99.0,388.0,0.0,0.0,195.0,428.0,140.0
2021-12-30 01:00:00+00:00,73.0,0.0,490.0,374.0,434.0,429.0,253.0,0.0,0.0,0.0,0.0,79.0,44.0,167.0,0.0,0.0,19.0,0.0,0.0,0.0,600.0,246.0,0.0,0.0,0.0,652.0,0.0,0.0,1450.0,40.0,0.0,0.0,0.0,0.0,0.0,4.0,382.0,0.0,2.0,122.0,404.0,141.0
2021-12-30 02:00:00+00:00,65.0,33.0,449.0,365.0,432.0,373.0,235.0,0.0,0.0,0.0,0.0,0.0,0.0,80.0,0.0,0.0,17.0,0.0,0.0,0.0,600.0,262.0,0.0,0.0,0.0,637.0,0.0,0.0,1458.0,66.0,0.0,0.0,0.0,0.0,23.0,0.0,393.0,0.0,61.0,85.0,371.0,134.0
2021-12-30 03:00:00+00:00,108.0,0.0,434.0,311.0,324.0,339.0,277.0,0.0,0.0,0.0,0.0,181.0,80.0,176.0,0.0,0.0,21.0,0.0,0.0,0.0,600.0,322.0,0.0,0.0,0.0,481.0,0.0,0.0,1469.0,80.0,0.0,0.0,0.0,0.0,0.0,96.0,318.0,0.0,0.0,202.0,364.0,83.0
2021-12-30 04:00:00+00:00,125.0,0.0,334.0,340.0,345.0,488.0,290.0,0.0,0.0,0.0,0.0,11.0,67.0,186.0,0.0,0.0,35.0,0.0,0.0,0.0,600.0,300.0,0.0,0.0,0.0,532.0,0.0,0.0,1476.0,84.0,0.0,0.0,0.0,0.0,0.0,228.0,355.0,0.0,0.0,244.0,377.0,0.0
2021-12-30 05:00:00+00:00,22.0,0.0,245.0,319.0,330.0,557.0,281.0,0.0,0.0,19.0,0.0,87.0,95.0,249.0,0.0,0.0,64.0,0.0,0.0,0.0,600.0,143.0,0.0,0.0,0.0,537.0,0.0,0.0,1478.0,76.0,0.0,0.0,0.0,0.0,0.0,323.0,341.0,0.0,0.0,343.0,314.0,0.0
2021-12-30 06:00:00+00:00,6.0,0.0,280.0,356.0,381.0,533.0,285.0,0.0,1.0,27.0,0.0,232.0,114.0,303.0,0.0,0.0,79.0,0.0,0.0,0.0,600.0,54.0,0.0,0.0,0.0,287.0,0.0,0.0,1478.0,65.0,0.0,0.0,0.0,0.0,0.0,445.0,414.0,0.0,0.0,370.0,328.0,0.0
2021-12-30 07:00:00+00:00,0.0,0.0,306.0,372.0,401.0,532.0,256.0,0.0,46.0,90.0,0.0,351.0,134.0,338.0,0.0,0.0,58.0,0.0,0.0,0.0,600.0,4.0,0.0,0.0,0.0,284.0,0.0,0.0,1475.0,65.0,0.0,0.0,0.0,0.0,0.0,487.0,466.0,0.0,0.0,416.0,309.0,0.0
2021-12-30 08:00:00+00:00,0.0,0.0,301.0,402.0,467.0,536.0,283.0,0.0,125.0,152.0,0.0,183.0,86.0,332.0,0.0,0.0,42.0,0.0,0.0,0.0,600.0,0.0,0.0,0.0,0.0,328.0,0.0,0.0,1477.0,61.0,0.0,0.0,0.0,0.0,0.0,487.0,487.0,0.0,0.0,356.0,365.0,0.0
2021-12-30 09:00:00+00:00,0.0,0.0,286.0,379.0,467.0,569.0,284.0,0.0,160.0,172.0,0.0,93.0,62.0,338.0,0.0,0.0,34.0,0.0,0.0,0.0,601.0,0.0,0.0,0.0,0.0,352.0,0.0,0.0,1486.0,72.0,0.0,0.0,0.0,0.0,0.0,520.0,460.0,0.0,0.0,352.0,434.0,0.0
2021-12-30 10:00:00+00:00,0.0,85.0,228.0,325.0,481.0,518.0,320.0,0.0,336.0,259.0,0.0,0.0,0.0,229.0,0.0,0.0,22.0,0.0,0.0,0.0,601.0,0.0,0.0,0.0,0.0,352.0,0.0,0.0,1483.0,58.0,0.0,0.0,0.0,0.0,4.0,437.0,380.0,0.0,0.0,256.0,443.0,0.0
2021-12-30 11:00:00+00:00,0.0,0.0,223.0,326.0,445.0,609.0,364.0,0.0,246.0,190.0,0.0,54.0,40.0,239.0,0.0,0.0,34.0,0.0,0.0,0.0,600.0,0.0,0.0,0.0,0.0,308.0,0.0,0.0,1478.0,44.0,0.0,0.0,0.0,0.0,0.0,453.0,406.0,0.0,0.0,293.0,427.0,0.0
2021-12-30 12:00:00+00:00,0.0,0.0,204.0,330.0,438.0,592.0,389.0,0.0,219.0,173.0,0.0,117.0,56.0,233.0,0.0,0.0,45.0,0.0,0.0,0.0,600.0,0.0,0.0,0.0,0.0,284.0,0.0,0.0,1477.0,45.0,0.0,0.0,0.0,0.0,0.0,450.0,400.0,0.0,0.0,294.0,408.0,0.0
2021-12-30 13:00:00+00:00,0.0,0.0,183.0,283.0,386.0,600.0,411.0,0.0,268.0,199.0,0.0,163.0,87.0,251.0,0.0,0.0,65.0,0.0,0.0,0.0,600.0,0.0,0.0,0.0,0.0,259.0,0.0,0.0,1477.0,34.0,0.0,0.0,0.0,0.0,0.0,534.0,335.0,1.0,0.0,383.0,412.0,0.0
2021-12-30 14:00:00+00:00,0.0,0.0,230.0,326.0,402.0,616.0,354.0,0.0,133.0,125.0,0.0,226.0,114.0,266.0,0.0,0.0,94.0,0.0,0.0,0.0,601.0,0.0,0.0,0.0,0.0,251.0,0.0,0.0,1478.0,47.0,0.0,0.0,0.0,0.0,0.0,605.0,356.0,0.0,0.0,441.0,395.0,0.0
2021-12-30 15:00:00+00:00,0.0,0.0,138.0,315.0,460.0,551.0,374.0,0.0,289.0,214.0,0.0,169.0,101.0,253.0,0.0,0.0,131.0,0.0,0.0,0.0,601.0,0.0,0.0,0.0,0.0,50.0,0.0,0.0,1478.0,22.0,0.0,0.0,0.0,0.0,0.0,617.0,344.0,0.0,0.0,438.0,405.0,0.0
2021-12-30 16:00:00+00:00,0.0,0.0,143.0,335.0,499.0,516.0,452.0,0.0,293.0,245.0,0.0,93.0,77.0,273.0,0.0,0.0,156.0,0.0,0.0,0.0,600.0,0.0,0.0,0.0,0.0,32.0,0.0,0.0,1479.0,36.0,0.0,0.0,0.0,0.0,0.0,588.0,362.0,2.0,0.0,414.0,414.0,0.0
2021-12-30 17:00:00+00:00,0.0,0.0,220.0,359.0,495.0,582.0,419.0,0.0,184.0,190.0,0.0,109.0,94.0,288.0,0.0,0.0,169.0,0.0,0.0,0.0,600.0,0.0,0.0,0.0,0.0,75.0,0.0,0.0,1478.0,43.0,0.0,0.0,0.0,0.0,0.0,567.0,377.0,0.0,0.0,430.0,399.0,85.0
2021-12-30 18:00:00+00:00,0.0,0.0,245.0,382.0,506.0,651.0,398.0,0.0,137.0,167.0,0.0,174.0,110.0,304.0,0.0,0.0,165.0,0.0,0.0,0.0,600.0,0.0,0.0,0.0,0.0,100.0,0.0,0.0,1441.0,79.0,0.0,0.0,0.0,0.0,0.0,543.0,411.0,0.0,0.0,430.0,397.0,120.0
2021-12-30 19:00:00+00:00,0.0,0.0,276.0,385.0,472.0,480.0,431.0,0.0,64.0,131.0,0.0,191.0,109.0,325.0,0.0,0.0,161.0,0.0,0.0,0.0,600.0,0.0,0.0,0.0,0.0,139.0,0.0,0.0,1427.0,74.0,0.0,0.0,0.0,0.0,0.0,517.0,423.0,0.0,0.0,409.0,440.0,140.0
2021-12-30 20:00:00+00:00,0.0,0.0,276.0,378.0,464.0,515.0,376.0,0.0,89.0,199.0,0.0,254.0,140.0,392.0,0.0,0.0,132.0,0.0,0.0,0.0,600.0,0.0,0.0,0.0,0.0,403.0,0.0,0.0,1438.0,82.0,0.0,0.0,0.0,0.0,0.0,532.0,366.0,0.0,0.0,435.0,484.0,143.0
2021-12-30 21:00:00+00:00,0.0,0.0,202.0,402.0,493.0,642.0,365.0,0.0,106.0,186.0,0.0,313.0,171.0,438.0,0.0,0.0,90.0,0.0,0.0,0.0,600.0,0.0,0.0,0.0,0.0,440.0,0.0,0.0,1443.0,92.0,0.0,0.0,0.0,0.0,0.0,567.0,403.0,0.0,0.0,469.0,539.0,142.0
2021-12-30 22:00:00+00:00,0.0,0.0,177.0,400.0,524.0,537.0,474.0,0.0,152.0,213.0,0.0,208.0,158.0,423.0,0.0,0.0,62.0,0.0,0.0,0.0,600.0,0.0,0.0,0.0,0.0,523.0,0.0,0.0,1397.0,50.0,0.0,0.0,0.0,0.0,0.0,438.0,417.0,2.0,0.0,398.0,522.0,143.0
2021-12-30 23:00:00+00:00,0.0,0.0,213.0,386.0,526.0,643.0,450.0,0.0,85.0,148.0,0.0,181.0,174.0,416.0,0.0,0.0,46.0,0.0,0.0,0.0,601.0,0.0,0.0,0.0,0.0,527.0,0.0,0.0,1495.0,69.0,0.0,0.0,0.0,0.0,0.0,475.0,399.0,0.0,0.0,228.0,265.0,144.0
2021-12-31 00:00:00+00:00,0.0,0.0,282.0,384.0,540.0,545.0,437.0,0.0,50.0,121.0,0.0,64.0,91.0,293.0,0.0,0.0,29.0,0.0,0.0,0.0,601.0,1.0,0.0,0.0,0.0,634.0,0.0,0.0,1453.0,54.0,0.0,0.0,0.0,0.0,0.0,363.0,395.0,0.0,0.0,146.0,224.0,144.0
2021-12-31 01:00:00+00:00,0.0,15.0,407.0,334.0,477.0,526.0,437.0,0.0,22.0,99.0,0.0,0.0,49.0,222.0,0.0,0.0,22.0,0.0,0.0,0.0,601.0,9.0,0.0,0.0,0.0,665.0,0.0,,1429.0,47.0,0.0,0.0,0.0,0.0,0.0,300.0,248.0,0.0,0.0,,182.0,142.0
2021-12-31 02:00:00+00:00,0.0,134.0,560.0,222.0,384.0,456.0,330.0,28.0,130.0,166.0,0.0,0.0,0.0,131.0,0.0,0.0,20.0,0.0,0.0,0.0,601.0,0.0,0.0,0.0,0.0,550.0,0.0,0.0,1427.0,42.0,0.0,0.0,0.0,0.0,1.0,204.0,27.0,0.0,0.0,76.0,129.0,142.0
2021-12-31 03:00:00+00:00,0.0,182.0,522.0,183.0,380.0,460.0,231.0,55.0,227.0,236.0,0.0,0.0,0.0,100.0,0.0,0.0,24.0,0.0,0.0,0.0,601.0,0.0,0.0,0.0,0.0,440.0,0.0,0.0,1432.0,52.0,0.0,0.0,0.0,0.0,21.0,210.0,8.0,0.0,0.0,79.0,130.0,93.0
2021-12-31 04:00:00+00:00,0.0,184.0,394.0,227.0,385.0,451.0,192.0,3.0,125.0,179.0,0.0,0.0,0.0,136.0,0.0,0.0,38.0,0.0,0.0,0.0,601.0,0.0,0.0,0.0,0.0,527.0,0.0,0.0,1440.0,69.0,0.0,0.0,0.0,0.0,10.0,301.0,75.0,0.0,0.0,125.0,172.0,0.0
2021-12-31 05:00:00+00:00,0.0,160.0,138.0,310.0,447.0,328.0,189.0,0.0,73.0,140.0,0.0,0.0,0.0,166.0,0.0,0.0,63.0,0.0,0.0,0.0,601.0,0.0,0.0,0.0,0.0,356.0,0.0,0.0,1444.0,22.0,0.0,0.0,0.0,0.0,26.0,293.0,262.0,1.0,0.0,117.0,195.0,0.0
2021-12-31 06:00:00+00:00,0.0,0.0,128.0,323.0,400.0,373.0,227.0,0.0,31.0,140.0,0.0,123.0,90.0,324.0,0.0,0.0,87.0,0.0,0.0,0.0,600.0,3.0,0.0,0.0,0.0,221.0,0.0,0.0,1443.0,23.0,0.0,0.0,0.0,0.0,0.0,428.0,263.0,2.0,0.0,223.0,203.0,0.0
2021-12-31 07:00:00+00:00,0.0,0.0,106.0,316.0,425.0,401.0,284.0,0.0,166.0,157.0,0.0,131.0,95.0,329.0,0.0,0.0,81.0,0.0,0.0,0.0,600.0,0.0,0.0,0.0,0.0,174.0,0.0,0.0,1460.0,25.0,0.0,0.0,0.0,0.0,0.0,501.0,247.0,2.0,0.0,304.0,193.0,0.0
2021-12-31 08:00:00+00:00,0.0,0.0,99.0,319.0,470.0,429.0,246.0,0.0,266.0,196.0,0.0,99.0,80.0,301.0,0.0,0.0,60.0,0.0,0.0,0.0,600.0,0.0,0.0,0.0,0.0,195.0,0.0,0.0,1464.0,21.0,0.0,0.0,0.0,0.0,0.0,489.0,247.0,2.0,0.0,308.0,180.0,0.0
2021-12-31 09:00:00+00:00,0.0,0.0,124.0,335.0,571.0,465.0,267.0,0.0,316.0,221.0,0.0,97.0,76.0,307.0,0.0,0.0,32.0,0.0,0.0,0.0,601.0,0.0,0.0,0.0,0.0,0.0,0.0,0.0,1497.0,15.0,0.0,12.0,0.0,0.0,0.0,466.0,255.0,1.0,0.0,286.0,175.0,0.0
2021-12-31 10:00:00+00:00,0.0,0.0,178.0,353.0,611.0,456.0,268.0,0.0,305.0,233.0,0.0,6.0,35.0,254.0,0.0,0.0,13.0,0.0,0.0,0.0,601.0,0.0,0.0,0.0,0.0,70.0,0.0,0.0,1459.0,23.0,0.0,0.0,0.0,0.0,0.0,395.0,297.0,1.0,0.0,211.0,184.0,0.0
2021-12-31 11:00:00+00:00,0.0,0.0,170.0,333.0,489.0,464.0,202.0,0.0,200.0,178.0,0.0,75.0,55.0,246.0,0.0,0.0,17.0,0.0,0.0,0.0,601.0,0.0,0.0,0.0,0.0,259.0,0.0,,1463.0,26.0,0.0,0.0,0.0,0.0,0.0,428.0,319.0,1.0,0.0,,153.0,0.0
2021-12-31 12:00:00+00:00,0.0,0.0,170.0,314.0,446.0,428.0,228.0,0.0,166.0,161.0,0.0,145.0,76.0,248.0,0.0,0.0,27.0,0.0,0.0,0.0,601.0,0.0,0.0,0.0,0.0,288.0,0.0,0.0,1466.0,8.0,0.0,0.0,0.0,0.0,0.0,467.0,312.0,0.0,0.0,319.0,141.0,0.0
2021-12-31 13:00:00+00:00,0.0,0.0,222.0,319.0,364.0,412.0,251.0,0.0,3.0,39.0,0.0,327.0,140.0,290.0,0.0,0.0,46.0,0.0,4.0,0.0,601.0,52.0,0.0,0.0,0.0,330.0,0.0,0.0,1466.0,0.0,0.0,0.0,0.0,0.0,0.0,598.0,372.0,0.0,0.0,443.0,152.0,0.0
2021-12-31 14:00:00+00:00,10.0,0.0,388.0,355.0,409.0,386.0,163.0,0.0,0.0,21.0,0.0,211.0,112.0,242.0,0.0,0.0,83.0,0.0,0.0,0.0,600.0,127.0,0.0,0.0,0.0,329.0,0.0,0.0,1466.0,6.0,0.0,0.0,0.0,0.0,0.0,656.0,500.0,0.0,0.0,446.0,208.0,0.0
2021-12-31 15:00:00+00:00,3.0,0.0,335.0,376.0,450.0,367.0,123.0,0.0,0.0,37.0,0.0,261.0,148.0,266.0,0.0,0.0,111.0,0.0,0.0,0.0,569.0,83.0,0.0,0.0,0.0,176.0,0.0,0.0,1473.0,3.0,0.0,0.0,0.0,0.0,0.0,688.0,496.0,0.0,0.0,491.0,196.0,0.0
2021-12-31 16:00:00+00:00,0.0,0.0,366.0,414.0,492.0,326.0,144.0,0.0,0.0,49.0,0.0,247.0,140.0,333.0,0.0,0.0,134.0,0.0,25.0,0.0,587.0,77.0,0.0,0.0,0.0,181.0,0.0,0.0,1474.0,0.0,0.0,0.0,0.0,0.0,0.0,685.0,552.0,0.0,0.0,460.0,228.0,0.0
2021-12-31 17:00:00+00:00,0.0,0.0,433.0,456.0,535.0,447.0,207.0,0.0,0.0,41.0,0.0,214.0,125.0,347.0,0.0,0.0,151.0,0.0,2.0,0.0,600.0,128.0,0.0,0.0,0.0,245.0,0.0,0.0,1476.0,0.0,0.0,0.0,0.0,0.0,0.0,672.0,608.0,0.0,0.0,428.0,248.0,86.0
2021-12-31 18:00:00+00:00,32.0,0.0,358.0,398.0,443.0,457.0,237.0,0.0,0.0,1.0,0.0,263.0,139.0,339.0,0.0,0.0,138.0,0.0,17.0,0.0,600.0,169.0,0.0,0.0,0.0,265.0,0.0,0.0,1478.0,0.0,0.0,0.0,0.0,0.0,0.0,631.0,537.0,0.0,0.0,434.0,200.0,120.0
2021-12-31 19:00:00+00:00,42.0,0.0,328.0,390.0,413.0,421.0,285.0,0.0,0.0,0.0,0.0,226.0,105.0,285.0,0.0,0.0,140.0,0.0,4.0,0.0,577.0,183.0,0.0,0.0,0.0,452.0,0.0,0.0,1442.0,0.0,0.0,0.0,0.0,0.0,0.0,583.0,475.0,0.0,0.0,377.0,207.0,143.0
2021-12-31 20:00:00+00:00,0.0,0.0,330.0,380.0,427.0,526.0,162.0,0.0,0.0,50.0,0.0,218.0,76.0,225.0,0.0,0.0,123.0,0.0,15.0,0.0,576.0,133.0,0.0,0.0,0.0,564.0,0.0,0.0,1459.0,0.0,0.0,0.0,0.0,0.0,0.0,461.0,478.0,0.0,0.0,248.0,229.0,144.0
2021-12-31 21:00:00+00:00,0.0,0.0,355.0,379.0,444.0,567.0,279.0,0.0,0.0,64.0,0.0,151.0,96.0,235.0,0.0,0.0,96.0,0.0,0.0,0.0,576.0,113.0,0.0,0.0,0.0,492.0,0.0,0.0,1485.0,2.0,0.0,0.0,0.0,0.0,0.0,461.0,497.0,0.0,0.0,249.0,259.0,145.0
2021-12-31 22:00:00+00:00,16.0,0.0,389.0,402.0,447.0,497.0,346.0,0.0,0.0,5.0,0.0,43.0,85.0,254.0,0.0,0.0,66.0,0.0,7.0,0.0,576.0,196.0,0.0,0.0,0.0,490.0,0.0,0.0,1472.0,0.0,0.0,0.0,0.0,0.0,0.0,419.0,519.0,0.0,0.0,231.0,274.0,82.0
2021-12-31 23:00:00+00:00,161.0,245.0,86.0,290.0,217.0,469.0,82.0,0.0,0.0,0.0,0.0,0.0,0.0,0.0,0.0,0.0,32.0,0.0,0.0,0.0,596.0,212.0,0.0,0.0,0.0,50.0,0.0,0.0,1467.0,49.0,0.0,0.0,139.0,0.0,124.0,240.0,225.0,6.0,0.0,38.0,262.0,0.0
